CMA-ES with LHS + Normalized Space on CUDA
  Loss: Mel
  Available losses: MSS, SC+LogMag, CQT_L1, CQT+LogDec, Mel, LSD, L1_STFT, L1_STFT_1024, MultiResCQT, VQT, Gammatone, Envelope, ESR, FreqDecay, Subband, ModalDensity, Dispersion, CentroidTraj, OnsetDisp, NullPattern, GroupDelay, ComplexSTFT, InstFreq, Scattering1D, SoftDTW_Mel, L1, L2
  Trials: 20
  Duration: 0.25s
  Search: normalized [-1, 1] space; expanded to physical bounds for synthesis
  sigma0: 0.6
  tolfun: 1e-05
  tolfunhist: 1e-05
  pruner_min_resource: 15
  pruner_reduction_factor: 3

============================================================
[1/50] random_IR_0001.npz
  GT loss: 0.173305
    --> Trial 0 | pop=46 seed=51814 x0_norm_min=-0.944 x0_norm_max=0.730
        [Trial 0] gen   20  evals=  920  best=0.5566
        [Trial 0] gen   40  evals= 1840  best=0.5483
        [Trial 0] gen   60  evals= 2760  best=0.5483
        [Trial 0] gen   80  evals= 3680  best=0.5478
        [Trial 0] gen  100  evals= 4600  best=0.5436
        [Trial 0] gen  120  evals= 5520  best=0.5370
        [Trial 0] gen  140  evals= 6440  best=0.5328
        [Trial 0] gen  160  evals= 7360  best=0.5297
        [Trial 0] gen  180  evals= 8280  best=0.5286
        [Trial 0] gen  200  evals= 9200  best=0.5280
        [Trial 0] gen  220  evals=10120  best=0.5276
        [Trial 0] gen  240  evals=11040  best=0.5265
        [Trial 0] gen  260  evals=11960  best=0.5263
        [Trial 0] gen  280  evals=12880  best=0.5260
        [Trial 0] gen  300  evals=13800  best=0.5260
        [Trial 0] gen  320  evals=14720  best=0.5260
        [Trial 0] gen  340  evals=15640  best=0.5260
        [Trial 0] gen  360  evals=16560  best=0.5260
        [Trial 0] gen  380  evals=17480  best=0.5260
        [Trial 0] gen  400  evals=18400  best=0.5258
        [Trial 0] gen  420  evals=19320  best=0.5258
        [Trial 0] gen  440  evals=20240  best=0.5258
        [Trial 0] gen  460  evals=21160  best=0.5258
        [Trial 0] gen  480  evals=22080  best=0.5258
        [Trial 0] gen  500  evals=23000  best=0.5258
        [Trial 0] gen  520  evals=23920  best=0.5258
        [Trial 0] gen  540  evals=24840  best=0.5258
        [Trial 0] gen  560  evals=25760  best=0.5258
        [Done] Trial 0 best=0.5258
    --> Trial 1 | pop=34 seed=1937 x0_norm_min=-0.937 x0_norm_max=0.907
        [Trial 1] gen   20  evals=  680  best=0.5382
        [Trial 1] gen   40  evals= 1360  best=0.5382
        [Trial 1] gen   60  evals= 2040  best=0.5382
        [Trial 1] gen   80  evals= 2720  best=0.5382
        [Trial 1] gen  100  evals= 3400  best=0.5382
        [Trial 1] gen  120  evals= 4080  best=0.5382
        [Pruned] Trial 1 at gen 135 (loss=0.5382)
    --> Trial 2 | pop=35 seed=63024 x0_norm_min=-0.344 x0_norm_max=0.824
        [Pruned] Trial 2 at gen 15 (loss=0.5720)
    --> Trial 3 | pop=58 seed=51978 x0_norm_min=-0.797 x0_norm_max=0.622
        [Pruned] Trial 3 at gen 15 (loss=0.5766)
    --> Trial 4 | pop=42 seed=85647 x0_norm_min=-0.947 x0_norm_max=0.785
        [Pruned] Trial 4 at gen 15 (loss=0.5532)
    --> Trial 5 | pop=58 seed=72774 x0_norm_min=-0.748 x0_norm_max=0.981
        [Trial 5] gen   20  evals= 1160  best=0.5528
        [Trial 5] gen   40  evals= 2320  best=0.5521
        [Pruned] Trial 5 at gen 45 (loss=0.5521)
    --> Trial 6 | pop=44 seed=26196 x0_norm_min=-0.929 x0_norm_max=0.732
        [Pruned] Trial 6 at gen 15 (loss=0.5589)
    --> Trial 7 | pop=37 seed=68238 x0_norm_min=-0.779 x0_norm_max=0.922
        [Pruned] Trial 7 at gen 15 (loss=0.5690)
    --> Trial 8 | pop=58 seed=64089 x0_norm_min=-0.814 x0_norm_max=0.843
        [Pruned] Trial 8 at gen 15 (loss=0.5683)
    --> Trial 9 | pop=35 seed=28426 x0_norm_min=-0.955 x0_norm_max=0.770
        [Pruned] Trial 9 at gen 15 (loss=0.5567)
    --> Trial 10 | pop=49 seed=98363 x0_norm_min=-0.841 x0_norm_max=0.672
        [Pruned] Trial 10 at gen 15 (loss=0.5650)
    --> Trial 11 | pop=30 seed=4066 x0_norm_min=-0.781 x0_norm_max=0.859
        [Trial 11] gen   20  evals=  600  best=0.5451
        [Trial 11] gen   40  evals= 1200  best=0.5451
        [Pruned] Trial 11 at gen 45 (loss=0.5451)
    --> Trial 12 | pop=50 seed=37036 x0_norm_min=-0.402 x0_norm_max=0.428
        [Pruned] Trial 12 at gen 15 (loss=0.5704)
    --> Trial 13 | pop=50 seed=375 x0_norm_min=-0.863 x0_norm_max=0.955
        [Pruned] Trial 13 at gen 15 (loss=0.5548)
    --> Trial 14 | pop=30 seed=14017 x0_norm_min=-0.897 x0_norm_max=-0.091
        [Trial 14] gen   20  evals=  600  best=0.5375
        [Trial 14] gen   40  evals= 1200  best=0.5375
        [Trial 14] gen   60  evals= 1800  best=0.5375
        [Trial 14] gen   80  evals= 2400  best=0.5375
        [Trial 14] gen  100  evals= 3000  best=0.5375
        [Trial 14] gen  120  evals= 3600  best=0.5375
        [Pruned] Trial 14 at gen 135 (loss=0.5375)
    --> Trial 15 | pop=42 seed=17487 x0_norm_min=-0.690 x0_norm_max=0.990
        [Pruned] Trial 15 at gen 15 (loss=0.5700)
    --> Trial 16 | pop=54 seed=45137 x0_norm_min=-0.776 x0_norm_max=0.982
        [Trial 16] gen   20  evals= 1080  best=0.5508
        [Trial 16] gen   40  evals= 2160  best=0.5472
        [Pruned] Trial 16 at gen 45 (loss=0.5472)
    --> Trial 17 | pop=30 seed=16439 x0_norm_min=-0.863 x0_norm_max=0.835
        [Pruned] Trial 17 at gen 15 (loss=0.5583)
    --> Trial 18 | pop=46 seed=49822 x0_norm_min=-0.933 x0_norm_max=0.907
        [Pruned] Trial 18 at gen 15 (loss=0.5813)
    --> Trial 19 | pop=39 seed=36763 x0_norm_min=-0.948 x0_norm_max=0.822
        [Pruned] Trial 19 at gen 15 (loss=0.5751)

  Winner: Trial 0, loss=0.525788 (995s)
    Restarts run: 20
    mu: 6.686497
    D_mu: 2.400777
    T0_mu: 144.922929
    Ly: 2.705845
    op_x: 0.721862
    op_y: 0.643215
    NMSE: 0.057667
  [Saved] random_IR_0001

============================================================
[2/50] random_IR_0002.npz
  GT loss: 0.303319
    --> Trial 0 | pop=33 seed=86995 x0_norm_min=-0.944 x0_norm_max=0.730
        [Trial 0] gen   20  evals=  660  best=0.6789
        [Trial 0] gen   40  evals= 1320  best=0.6692
        [Trial 0] gen   60  evals= 1980  best=0.6678
        [Trial 0] gen   80  evals= 2640  best=0.6584
        [Trial 0] gen  100  evals= 3300  best=0.6581
        [Trial 0] gen  120  evals= 3960  best=0.6575
        [Trial 0] gen  140  evals= 4620  best=0.6575
        [Trial 0] gen  160  evals= 5280  best=0.6433
        [Trial 0] gen  180  evals= 5940  best=0.6433
        [Trial 0] gen  200  evals= 6600  best=0.6433
        [Trial 0] gen  220  evals= 7260  best=0.6409
        [Trial 0] gen  240  evals= 7920  best=0.6382
        [Trial 0] gen  260  evals= 8580  best=0.6382
        [Trial 0] gen  280  evals= 9240  best=0.6381
        [Trial 0] gen  300  evals= 9900  best=0.6376
        [Trial 0] gen  320  evals=10560  best=0.6374
        [Trial 0] gen  340  evals=11220  best=0.6370
        [Trial 0] gen  360  evals=11880  best=0.6361
        [Trial 0] gen  380  evals=12540  best=0.6361
        [Trial 0] gen  400  evals=13200  best=0.6361
        [Trial 0] gen  420  evals=13860  best=0.6361
        [Trial 0] gen  440  evals=14520  best=0.6361
        [Trial 0] gen  460  evals=15180  best=0.6361
        [Trial 0] gen  480  evals=15840  best=0.6360
        [Trial 0] gen  500  evals=16500  best=0.6360
        [Trial 0] gen  520  evals=17160  best=0.6356
        [Trial 0] gen  540  evals=17820  best=0.6356
        [Trial 0] gen  560  evals=18480  best=0.6356
        [Trial 0] gen  580  evals=19140  best=0.6356
        [Trial 0] gen  600  evals=19800  best=0.6356
        [Trial 0] gen  620  evals=20460  best=0.6355
        [Trial 0] gen  640  evals=21120  best=0.6355
        [Trial 0] gen  660  evals=21780  best=0.6355
        [Trial 0] gen  680  evals=22440  best=0.6355
        [Done] Trial 0 best=0.6355
    --> Trial 1 | pop=34 seed=41661 x0_norm_min=-0.937 x0_norm_max=0.907
        [Pruned] Trial 1 at gen 15 (loss=0.6810)
    --> Trial 2 | pop=33 seed=50761 x0_norm_min=-0.344 x0_norm_max=0.824
        [Pruned] Trial 2 at gen 15 (loss=0.6816)
    --> Trial 3 | pop=34 seed=36003 x0_norm_min=-0.797 x0_norm_max=0.622
        [Pruned] Trial 3 at gen 15 (loss=0.6813)
    --> Trial 4 | pop=48 seed=78901 x0_norm_min=-0.947 x0_norm_max=0.785
        [Pruned] Trial 4 at gen 15 (loss=0.7090)
    --> Trial 5 | pop=51 seed=47388 x0_norm_min=-0.748 x0_norm_max=0.981
        [Pruned] Trial 5 at gen 15 (loss=0.6978)
    --> Trial 6 | pop=33 seed=1640 x0_norm_min=-0.929 x0_norm_max=0.732
        [Trial 6] gen   20  evals=  660  best=0.6675
        [Trial 6] gen   40  evals= 1320  best=0.6675
        [Trial 6] gen   60  evals= 1980  best=0.6675
        [Trial 6] gen   80  evals= 2640  best=0.6648
        [Trial 6] gen  100  evals= 3300  best=0.6648
        [Trial 6] gen  120  evals= 3960  best=0.6648
        [Trial 6] gen  140  evals= 4620  best=0.6572
        [Trial 6] gen  160  evals= 5280  best=0.6562
        [Trial 6] gen  180  evals= 5940  best=0.6512
        [Trial 6] gen  200  evals= 6600  best=0.6481
        [Trial 6] gen  220  evals= 7260  best=0.6407
        [Trial 6] gen  240  evals= 7920  best=0.6381
        [Trial 6] gen  260  evals= 8580  best=0.6362
        [Trial 6] gen  280  evals= 9240  best=0.6350
        [Trial 6] gen  300  evals= 9900  best=0.6340
        [Trial 6] gen  320  evals=10560  best=0.6328
        [Trial 6] gen  340  evals=11220  best=0.6328
        [Trial 6] gen  360  evals=11880  best=0.6328
        [Trial 6] gen  380  evals=12540  best=0.6323
        [Trial 6] gen  400  evals=13200  best=0.6323
        [Trial 6] gen  420  evals=13860  best=0.6323
        [Trial 6] gen  440  evals=14520  best=0.6323
        [Trial 6] gen  460  evals=15180  best=0.6323
        [Trial 6] gen  480  evals=15840  best=0.6323
        [Trial 6] gen  500  evals=16500  best=0.6323
        [Trial 6] gen  520  evals=17160  best=0.6323
        [Trial 6] gen  540  evals=17820  best=0.6323
        [Trial 6] gen  560  evals=18480  best=0.6323
        [Trial 6] gen  580  evals=19140  best=0.6323
        [Trial 6] gen  600  evals=19800  best=0.6323
        [Trial 6] gen  620  evals=20460  best=0.6323
        [Trial 6] gen  640  evals=21120  best=0.6323
        [Trial 6] gen  660  evals=21780  best=0.6323
        [Trial 6] gen  680  evals=22440  best=0.6323
        [Trial 6] gen  700  evals=23100  best=0.6323
        [Trial 6] gen  720  evals=23760  best=0.6323
        [Done] Trial 6 best=0.6323
    --> Trial 7 | pop=46 seed=27766 x0_norm_min=-0.779 x0_norm_max=0.922
        [Pruned] Trial 7 at gen 15 (loss=0.6980)
    --> Trial 8 | pop=48 seed=64473 x0_norm_min=-0.814 x0_norm_max=0.843
        [Pruned] Trial 8 at gen 15 (loss=0.6875)
    --> Trial 9 | pop=33 seed=10771 x0_norm_min=-0.955 x0_norm_max=0.770
        [Trial 9] gen   20  evals=  660  best=0.6704
        [Trial 9] gen   40  evals= 1320  best=0.6704
        [Pruned] Trial 9 at gen 45 (loss=0.6704)
    --> Trial 10 | pop=59 seed=11136 x0_norm_min=-0.841 x0_norm_max=0.672
        [Pruned] Trial 10 at gen 15 (loss=0.6810)
    --> Trial 11 | pop=39 seed=97303 x0_norm_min=-0.781 x0_norm_max=0.859
        [Trial 11] gen   20  evals=  780  best=0.6803
        [Trial 11] gen   40  evals= 1560  best=0.6803
        [Pruned] Trial 11 at gen 45 (loss=0.6803)
    --> Trial 12 | pop=40 seed=97735 x0_norm_min=-0.402 x0_norm_max=0.428
        [Pruned] Trial 12 at gen 15 (loss=0.6996)
    --> Trial 13 | pop=30 seed=72111 x0_norm_min=-0.863 x0_norm_max=0.955
        [Pruned] Trial 13 at gen 15 (loss=0.6940)
    --> Trial 14 | pop=39 seed=4293 x0_norm_min=-0.897 x0_norm_max=-0.091
        [Pruned] Trial 14 at gen 15 (loss=0.7303)
    --> Trial 15 | pop=30 seed=19890 x0_norm_min=-0.690 x0_norm_max=0.990
        [Pruned] Trial 15 at gen 15 (loss=0.7031)
    --> Trial 16 | pop=37 seed=59242 x0_norm_min=-0.776 x0_norm_max=0.982
        [Trial 16] gen   20  evals=  740  best=0.6798
        [Trial 16] gen   40  evals= 1480  best=0.6748
        [Pruned] Trial 16 at gen 45 (loss=0.6732)
    --> Trial 17 | pop=42 seed=83667 x0_norm_min=-0.863 x0_norm_max=0.835
        [Pruned] Trial 17 at gen 15 (loss=0.6934)
    --> Trial 18 | pop=43 seed=31103 x0_norm_min=-0.933 x0_norm_max=0.907
        [Pruned] Trial 18 at gen 15 (loss=0.7009)
    --> Trial 19 | pop=37 seed=85275 x0_norm_min=-0.948 x0_norm_max=0.822
        [Pruned] Trial 19 at gen 15 (loss=0.7042)

  Winner: Trial 6, loss=0.632255 (1051s)
    Restarts run: 20
    mu: 37.686868
    D_mu: 2.035652
    T0_mu: 18.402249
    Ly: 2.597057
    op_x: 0.921476
    op_y: 0.687576
    NMSE: 0.123212
  [Saved] random_IR_0002

============================================================
[3/50] random_IR_0003.npz
  GT loss: 0.392822
    --> Trial 0 | pop=39 seed=68059 x0_norm_min=-0.944 x0_norm_max=0.730
        [Trial 0] gen   20  evals=  780  best=0.7485
        [Trial 0] gen   40  evals= 1560  best=0.7247
        [Trial 0] gen   60  evals= 2340  best=0.7247
        [Trial 0] gen   80  evals= 3120  best=0.7247
        [Trial 0] gen  100  evals= 3900  best=0.7247
        [Trial 0] gen  120  evals= 4680  best=0.7247
        [Trial 0] gen  140  evals= 5460  best=0.7247
        [Trial 0] gen  160  evals= 6240  best=0.7144
        [Trial 0] gen  180  evals= 7020  best=0.7144
        [Trial 0] gen  200  evals= 7800  best=0.7135
        [Trial 0] gen  220  evals= 8580  best=0.7107
        [Trial 0] gen  240  evals= 9360  best=0.7061
        [Trial 0] gen  260  evals=10140  best=0.7060
        [Trial 0] gen  280  evals=10920  best=0.7054
        [Trial 0] gen  300  evals=11700  best=0.7041
        [Trial 0] gen  320  evals=12480  best=0.7041
        [Trial 0] gen  340  evals=13260  best=0.7041
        [Trial 0] gen  360  evals=14040  best=0.7041
        [Trial 0] gen  380  evals=14820  best=0.7041
        [Trial 0] gen  400  evals=15600  best=0.7041
        [Trial 0] gen  420  evals=16380  best=0.7041
        [Trial 0] gen  440  evals=17160  best=0.7041
        [Trial 0] gen  460  evals=17940  best=0.7041
        [Trial 0] gen  480  evals=18720  best=0.7041
        [Trial 0] gen  500  evals=19500  best=0.7041
        [Trial 0] gen  520  evals=20280  best=0.7041
        [Trial 0] gen  540  evals=21060  best=0.7041
        [Done] Trial 0 best=0.7041
    --> Trial 1 | pop=31 seed=43405 x0_norm_min=-0.937 x0_norm_max=0.907
        [Pruned] Trial 1 at gen 15 (loss=0.7584)
    --> Trial 2 | pop=59 seed=84585 x0_norm_min=-0.344 x0_norm_max=0.824
        [Trial 2] gen   20  evals= 1180  best=0.7081
        [Trial 2] gen   40  evals= 2360  best=0.7081
        [Trial 2] gen   60  evals= 3540  best=0.6987
        [Trial 2] gen   80  evals= 4720  best=0.6987
        [Trial 2] gen  100  evals= 5900  best=0.6987
        [Trial 2] gen  120  evals= 7080  best=0.6987
        [Trial 2] gen  140  evals= 8260  best=0.6987
        [Trial 2] gen  160  evals= 9440  best=0.6987
        [Trial 2] gen  180  evals=10620  best=0.6987
        [Trial 2] gen  200  evals=11800  best=0.6987
        [Trial 2] gen  220  evals=12980  best=0.6987
        [Trial 2] gen  240  evals=14160  best=0.6987
        [Trial 2] gen  260  evals=15340  best=0.6987
        [Trial 2] gen  280  evals=16520  best=0.6987
        [Trial 2] gen  300  evals=17700  best=0.6954
        [Trial 2] gen  320  evals=18880  best=0.6954
        [Trial 2] gen  340  evals=20060  best=0.6954
        [Trial 2] gen  360  evals=21240  best=0.6954
        [Trial 2] gen  380  evals=22420  best=0.6954
        [Trial 2] gen  400  evals=23600  best=0.6954
        [Trial 2] gen  420  evals=24780  best=0.6954
        [Trial 2] gen  440  evals=25960  best=0.6954
        [Trial 2] gen  460  evals=27140  best=0.6954
        [Trial 2] gen  480  evals=28320  best=0.6954
        [Trial 2] gen  500  evals=29500  best=0.6954
        [Done] Trial 2 best=0.6954
    --> Trial 3 | pop=30 seed=94303 x0_norm_min=-0.797 x0_norm_max=0.622
        [Pruned] Trial 3 at gen 15 (loss=0.7442)
    --> Trial 4 | pop=49 seed=71439 x0_norm_min=-0.947 x0_norm_max=0.785
        [Pruned] Trial 4 at gen 15 (loss=0.7446)
    --> Trial 5 | pop=44 seed=97059 x0_norm_min=-0.748 x0_norm_max=0.981
        [Trial 5] gen   20  evals=  880  best=0.7432
        [Trial 5] gen   40  evals= 1760  best=0.7269
        [Pruned] Trial 5 at gen 45 (loss=0.7200)
    --> Trial 6 | pop=53 seed=88119 x0_norm_min=-0.929 x0_norm_max=0.732
        [Trial 6] gen   20  evals= 1060  best=0.7330
        [Trial 6] gen   40  evals= 2120  best=0.7276
        [Pruned] Trial 6 at gen 45 (loss=0.7276)
    --> Trial 7 | pop=56 seed=4858 x0_norm_min=-0.779 x0_norm_max=0.922
        [Pruned] Trial 7 at gen 15 (loss=0.7402)
    --> Trial 8 | pop=51 seed=12628 x0_norm_min=-0.814 x0_norm_max=0.843
        [Trial 8] gen   20  evals= 1020  best=0.7325
        [Trial 8] gen   40  evals= 2040  best=0.7299
        [Pruned] Trial 8 at gen 45 (loss=0.7167)
    --> Trial 9 | pop=51 seed=46108 x0_norm_min=-0.955 x0_norm_max=0.770
        [Trial 9] gen   20  evals= 1020  best=0.7223
        [Trial 9] gen   40  evals= 2040  best=0.7223
        [Pruned] Trial 9 at gen 45 (loss=0.7223)
    --> Trial 10 | pop=59 seed=26309 x0_norm_min=-0.841 x0_norm_max=0.672
        [Pruned] Trial 10 at gen 15 (loss=0.7351)
    --> Trial 11 | pop=39 seed=72110 x0_norm_min=-0.781 x0_norm_max=0.859
        [Trial 11] gen   20  evals=  780  best=0.7303
        [Trial 11] gen   40  evals= 1560  best=0.7256
        [Pruned] Trial 11 at gen 45 (loss=0.7256)
    --> Trial 12 | pop=39 seed=67917 x0_norm_min=-0.402 x0_norm_max=0.428
        [Pruned] Trial 12 at gen 15 (loss=0.7454)
    --> Trial 13 | pop=44 seed=57041 x0_norm_min=-0.863 x0_norm_max=0.955
        [Pruned] Trial 13 at gen 15 (loss=0.7566)
    --> Trial 14 | pop=60 seed=79861 x0_norm_min=-0.897 x0_norm_max=-0.091
        [Trial 14] gen   20  evals= 1200  best=0.7301
        [Trial 14] gen   40  evals= 2400  best=0.7146
        [Trial 14] gen   60  evals= 3600  best=0.7146
        [Trial 14] gen   80  evals= 4800  best=0.7146
        [Trial 14] gen  100  evals= 6000  best=0.7146
        [Trial 14] gen  120  evals= 7200  best=0.7146
        [Pruned] Trial 14 at gen 135 (loss=0.7146)
    --> Trial 15 | pop=36 seed=57289 x0_norm_min=-0.690 x0_norm_max=0.990
        [Pruned] Trial 15 at gen 15 (loss=0.7431)
    --> Trial 16 | pop=47 seed=82015 x0_norm_min=-0.776 x0_norm_max=0.982
        [Pruned] Trial 16 at gen 15 (loss=0.7533)
    --> Trial 17 | pop=35 seed=58721 x0_norm_min=-0.863 x0_norm_max=0.835
        [Pruned] Trial 17 at gen 15 (loss=0.7488)
    --> Trial 18 | pop=44 seed=33570 x0_norm_min=-0.933 x0_norm_max=0.907
        [Trial 18] gen   20  evals=  880  best=0.7212
        [Trial 18] gen   40  evals= 1760  best=0.7171
        [Pruned] Trial 18 at gen 45 (loss=0.7171)
    --> Trial 19 | pop=55 seed=84245 x0_norm_min=-0.948 x0_norm_max=0.822
        [Pruned] Trial 19 at gen 15 (loss=0.7434)

  Winner: Trial 2, loss=0.695391 (924s)
    Restarts run: 20
    mu: 91.539289
    D_mu: 8.200923
    T0_mu: 10.308962
    Ly: 2.811812
    op_x: 0.602292
    op_y: 0.996770
    NMSE: 0.192547
  [Saved] random_IR_0003

============================================================
[4/50] random_IR_0004.npz
  GT loss: 0.255405
    --> Trial 0 | pop=49 seed=62570 x0_norm_min=-0.944 x0_norm_max=0.730
        [Trial 0] gen   20  evals=  980  best=0.6283
        [Trial 0] gen   40  evals= 1960  best=0.6122
        [Trial 0] gen   60  evals= 2940  best=0.6086
        [Trial 0] gen   80  evals= 3920  best=0.5971
        [Trial 0] gen  100  evals= 4900  best=0.5971
        [Trial 0] gen  120  evals= 5880  best=0.5971
        [Trial 0] gen  140  evals= 6860  best=0.5971
        [Trial 0] gen  160  evals= 7840  best=0.5971
        [Trial 0] gen  180  evals= 8820  best=0.5934
        [Trial 0] gen  200  evals= 9800  best=0.5922
        [Trial 0] gen  220  evals=10780  best=0.5879
        [Trial 0] gen  240  evals=11760  best=0.5879
        [Trial 0] gen  260  evals=12740  best=0.5874
        [Trial 0] gen  280  evals=13720  best=0.5863
        [Trial 0] gen  300  evals=14700  best=0.5863
        [Trial 0] gen  320  evals=15680  best=0.5859
        [Trial 0] gen  340  evals=16660  best=0.5855
        [Trial 0] gen  360  evals=17640  best=0.5854
        [Trial 0] gen  380  evals=18620  best=0.5854
        [Trial 0] gen  400  evals=19600  best=0.5854
        [Trial 0] gen  420  evals=20580  best=0.5853
        [Trial 0] gen  440  evals=21560  best=0.5852
        [Trial 0] gen  460  evals=22540  best=0.5852
        [Trial 0] gen  480  evals=23520  best=0.5852
        [Trial 0] gen  500  evals=24500  best=0.5852
        [Trial 0] gen  520  evals=25480  best=0.5852
        [TRIAL TIMEOUT] Trial 0 total >600s, stopping
        [Done] Trial 0 best=0.5852
    --> Trial 1 | pop=40 seed=46251 x0_norm_min=-0.937 x0_norm_max=0.907
        [Pruned] Trial 1 at gen 15 (loss=0.6430)
    --> Trial 2 | pop=42 seed=15429 x0_norm_min=-0.344 x0_norm_max=0.824
        [Trial 2] gen   20  evals=  840  best=0.6021
        [Trial 2] gen   40  evals= 1680  best=0.6021
        [Trial 2] gen   60  evals= 2520  best=0.6021
        [Trial 2] gen   80  evals= 3360  best=0.6021
        [Trial 2] gen  100  evals= 4200  best=0.6021
        [Trial 2] gen  120  evals= 5040  best=0.6021
        [Pruned] Trial 2 at gen 135 (loss=0.6021)
    --> Trial 3 | pop=32 seed=82744 x0_norm_min=-0.797 x0_norm_max=0.622
        [Pruned] Trial 3 at gen 15 (loss=0.6172)
    --> Trial 4 | pop=32 seed=43811 x0_norm_min=-0.947 x0_norm_max=0.785
        [Pruned] Trial 4 at gen 15 (loss=0.6534)
    --> Trial 5 | pop=46 seed=74351 x0_norm_min=-0.748 x0_norm_max=0.981
        [Pruned] Trial 5 at gen 15 (loss=0.6361)
    --> Trial 6 | pop=44 seed=36649 x0_norm_min=-0.929 x0_norm_max=0.732
        [Pruned] Trial 6 at gen 15 (loss=0.6338)
    --> Trial 7 | pop=52 seed=30840 x0_norm_min=-0.779 x0_norm_max=0.922
        [Pruned] Trial 7 at gen 15 (loss=0.6401)
    --> Trial 8 | pop=38 seed=15851 x0_norm_min=-0.814 x0_norm_max=0.843
        [Pruned] Trial 8 at gen 15 (loss=0.6361)
    --> Trial 9 | pop=36 seed=42863 x0_norm_min=-0.955 x0_norm_max=0.770
        [Trial 9] gen   20  evals=  720  best=0.6335
        [Trial 9] gen   40  evals= 1440  best=0.6180
        [Pruned] Trial 9 at gen 45 (loss=0.6180)
    --> Trial 10 | pop=58 seed=99162 x0_norm_min=-0.841 x0_norm_max=0.672
        [Trial 10] gen   20  evals= 1160  best=0.6287
        [Trial 10] gen   40  evals= 2320  best=0.6189
        [Pruned] Trial 10 at gen 45 (loss=0.6189)
    --> Trial 11 | pop=50 seed=441 x0_norm_min=-0.781 x0_norm_max=0.859
        [Pruned] Trial 11 at gen 15 (loss=0.6441)
    --> Trial 12 | pop=55 seed=63327 x0_norm_min=-0.402 x0_norm_max=0.428
        [Trial 12] gen   20  evals= 1100  best=0.6317
        [Trial 12] gen   40  evals= 2200  best=0.6166
        [Pruned] Trial 12 at gen 45 (loss=0.6166)
    --> Trial 13 | pop=45 seed=16227 x0_norm_min=-0.863 x0_norm_max=0.955
        [Trial 13] gen   20  evals=  900  best=0.6240
        [Trial 13] gen   40  evals= 1800  best=0.6123
        [Pruned] Trial 13 at gen 45 (loss=0.6123)
    --> Trial 14 | pop=50 seed=62122 x0_norm_min=-0.897 x0_norm_max=-0.091
        [Pruned] Trial 14 at gen 15 (loss=0.6420)
    --> Trial 15 | pop=41 seed=95668 x0_norm_min=-0.690 x0_norm_max=0.990
        [Trial 15] gen   20  evals=  820  best=0.6068
        [Trial 15] gen   40  evals= 1640  best=0.6068
        [Trial 15] gen   60  evals= 2460  best=0.6068
        [Trial 15] gen   80  evals= 3280  best=0.6068
        [Trial 15] gen  100  evals= 4100  best=0.6068
        [Trial 15] gen  120  evals= 4920  best=0.6068
        [Pruned] Trial 15 at gen 135 (loss=0.6068)
    --> Trial 16 | pop=47 seed=58950 x0_norm_min=-0.776 x0_norm_max=0.982
        [Pruned] Trial 16 at gen 15 (loss=0.6322)
    --> Trial 17 | pop=60 seed=15703 x0_norm_min=-0.863 x0_norm_max=0.835
        [Trial 17] gen   20  evals= 1200  best=0.6086
        [Trial 17] gen   40  evals= 2400  best=0.6067
        [Trial 17] gen   60  evals= 3600  best=0.6067
        [Trial 17] gen   80  evals= 4800  best=0.5996
        [Trial 17] gen  100  evals= 6000  best=0.5996
        [Trial 17] gen  120  evals= 7200  best=0.5996
        [Pruned] Trial 17 at gen 135 (loss=0.5996)
    --> Trial 18 | pop=59 seed=25545 x0_norm_min=-0.933 x0_norm_max=0.907
        [Pruned] Trial 18 at gen 15 (loss=0.6330)
    --> Trial 19 | pop=55 seed=881 x0_norm_min=-0.948 x0_norm_max=0.822
        [Trial 19] gen   20  evals= 1100  best=0.6098
        [Trial 19] gen   40  evals= 2200  best=0.6098
        [Pruned] Trial 19 at gen 45 (loss=0.6098)

  Winner: Trial 0, loss=0.585222 (976s)
    Restarts run: 20
    mu: 4.342096
    D_mu: 4.641224
    T0_mu: 218.381798
    Ly: 3.857454
    op_x: 0.883384
    op_y: 0.725830
    NMSE: 0.138040
  [Saved] random_IR_0004

============================================================
[5/50] random_IR_0005.npz
  GT loss: 0.151439
    --> Trial 0 | pop=60 seed=16771 x0_norm_min=-0.944 x0_norm_max=0.730
        [Trial 0] gen   20  evals= 1200  best=0.5262
        [Trial 0] gen   40  evals= 2400  best=0.5244
        [Trial 0] gen   60  evals= 3600  best=0.5244
        [Trial 0] gen   80  evals= 4800  best=0.5026
        [Trial 0] gen  100  evals= 6000  best=0.5026
        [Trial 0] gen  120  evals= 7200  best=0.5026
        [Trial 0] gen  140  evals= 8400  best=0.5026
        [Trial 0] gen  160  evals= 9600  best=0.5026
        [Trial 0] gen  180  evals=10800  best=0.5026
        [Trial 0] gen  200  evals=12000  best=0.5026
        [Trial 0] gen  220  evals=13200  best=0.5026
        [Trial 0] gen  240  evals=14400  best=0.5026
        [Trial 0] gen  260  evals=15600  best=0.5026
        [Trial 0] gen  280  evals=16800  best=0.5026
        [Trial 0] gen  300  evals=18000  best=0.5026
        [Trial 0] gen  320  evals=19200  best=0.5026
        [Trial 0] gen  340  evals=20400  best=0.5026
        [Trial 0] gen  360  evals=21600  best=0.5026
        [Trial 0] gen  380  evals=22800  best=0.5026
        [Trial 0] gen  400  evals=24000  best=0.5026
        [Trial 0] gen  420  evals=25200  best=0.5026
        [TRIAL TIMEOUT] Trial 0 total >600s, stopping
        [Done] Trial 0 best=0.5026
    --> Trial 1 | pop=60 seed=76824 x0_norm_min=-0.937 x0_norm_max=0.907
        [Pruned] Trial 1 at gen 15 (loss=0.5303)
    --> Trial 2 | pop=31 seed=36879 x0_norm_min=-0.344 x0_norm_max=0.824
        [Pruned] Trial 2 at gen 15 (loss=0.5449)
    --> Trial 3 | pop=35 seed=48120 x0_norm_min=-0.797 x0_norm_max=0.622
        [Trial 3] gen   20  evals=  700  best=0.5220
        [Trial 3] gen   40  evals= 1400  best=0.5220
        [Trial 3] gen   60  evals= 2100  best=0.5220
        [Trial 3] gen   80  evals= 2800  best=0.5220
        [Trial 3] gen  100  evals= 3500  best=0.5220
        [Trial 3] gen  120  evals= 4200  best=0.5220
        [Pruned] Trial 3 at gen 135 (loss=0.5220)
    --> Trial 4 | pop=49 seed=21627 x0_norm_min=-0.947 x0_norm_max=0.785
        [Pruned] Trial 4 at gen 15 (loss=0.5356)
    --> Trial 5 | pop=44 seed=53295 x0_norm_min=-0.748 x0_norm_max=0.981
        [Trial 5] gen   20  evals=  880  best=0.5209
        [Trial 5] gen   40  evals= 1760  best=0.5209
        [Trial 5] gen   60  evals= 2640  best=0.5209
        [Trial 5] gen   80  evals= 3520  best=0.5209
        [Trial 5] gen  100  evals= 4400  best=0.5139
        [Trial 5] gen  120  evals= 5280  best=0.5084
        [Pruned] Trial 5 at gen 135 (loss=0.5084)
    --> Trial 6 | pop=58 seed=93817 x0_norm_min=-0.929 x0_norm_max=0.732
        [Trial 6] gen   20  evals= 1160  best=0.5141
        [Trial 6] gen   40  evals= 2320  best=0.5141
        [Trial 6] gen   60  evals= 3480  best=0.5033
        [Trial 6] gen   80  evals= 4640  best=0.5033
        [Trial 6] gen  100  evals= 5800  best=0.5033
        [Trial 6] gen  120  evals= 6960  best=0.5033
        [Trial 6] gen  140  evals= 8120  best=0.4968
        [Trial 6] gen  160  evals= 9280  best=0.4945
        [Trial 6] gen  180  evals=10440  best=0.4904
        [Trial 6] gen  200  evals=11600  best=0.4879
        [Trial 6] gen  220  evals=12760  best=0.4872
        [Trial 6] gen  240  evals=13920  best=0.4856
        [Trial 6] gen  260  evals=15080  best=0.4856
        [Trial 6] gen  280  evals=16240  best=0.4856
        [Trial 6] gen  300  evals=17400  best=0.4856
        [Trial 6] gen  320  evals=18560  best=0.4856
        [Trial 6] gen  340  evals=19720  best=0.4856
        [Trial 6] gen  360  evals=20880  best=0.4855
        [Trial 6] gen  380  evals=22040  best=0.4854
        [TRIAL TIMEOUT] Trial 6 total >600s, stopping
        [Done] Trial 6 best=0.4851
    --> Trial 7 | pop=42 seed=26230 x0_norm_min=-0.779 x0_norm_max=0.922
        [Pruned] Trial 7 at gen 15 (loss=0.5437)
    --> Trial 8 | pop=43 seed=53025 x0_norm_min=-0.814 x0_norm_max=0.843
        [Pruned] Trial 8 at gen 15 (loss=0.5355)
    --> Trial 9 | pop=49 seed=14707 x0_norm_min=-0.955 x0_norm_max=0.770
        [Pruned] Trial 9 at gen 15 (loss=0.5321)
    --> Trial 10 | pop=55 seed=94447 x0_norm_min=-0.841 x0_norm_max=0.672
        [Pruned] Trial 10 at gen 15 (loss=0.5342)
    --> Trial 11 | pop=60 seed=73598 x0_norm_min=-0.781 x0_norm_max=0.859
        [Trial 11] gen   20  evals= 1200  best=0.5122
        [Trial 11] gen   40  evals= 2400  best=0.5122
        [Pruned] Trial 11 at gen 45 (loss=0.5122)
    --> Trial 12 | pop=55 seed=95862 x0_norm_min=-0.402 x0_norm_max=0.428
        [Pruned] Trial 12 at gen 15 (loss=0.5257)
    --> Trial 13 | pop=55 seed=2331 x0_norm_min=-0.863 x0_norm_max=0.955
        [Pruned] Trial 13 at gen 15 (loss=0.5330)
    --> Trial 14 | pop=57 seed=79931 x0_norm_min=-0.897 x0_norm_max=-0.091
        [Pruned] Trial 14 at gen 15 (loss=0.5363)
    --> Trial 15 | pop=51 seed=64242 x0_norm_min=-0.690 x0_norm_max=0.990
        [Pruned] Trial 15 at gen 15 (loss=0.5268)
    --> Trial 16 | pop=52 seed=1472 x0_norm_min=-0.776 x0_norm_max=0.982
        [Trial 16] gen   20  evals= 1040  best=0.5244
        [Trial 16] gen   40  evals= 2080  best=0.5244
        [Pruned] Trial 16 at gen 45 (loss=0.5226)
    --> Trial 17 | pop=58 seed=36130 x0_norm_min=-0.863 x0_norm_max=0.835
        [Pruned] Trial 17 at gen 15 (loss=0.5263)
    --> Trial 18 | pop=60 seed=86622 x0_norm_min=-0.933 x0_norm_max=0.907
        [Trial 18] gen   20  evals= 1200  best=0.5255
        [Trial 18] gen   40  evals= 2400  best=0.5255
        [Pruned] Trial 18 at gen 45 (loss=0.5182)
    --> Trial 19 | pop=53 seed=61164 x0_norm_min=-0.948 x0_norm_max=0.822
        [Pruned] Trial 19 at gen 15 (loss=0.5396)

  Winner: Trial 6, loss=0.485149 (2017s)
    Restarts run: 20
    mu: 36.446847
    D_mu: 4.067354
    T0_mu: 8.468846
    Ly: 3.968447
    op_x: 0.545707
    op_y: 0.575342
    NMSE: 0.080695
  [Saved] random_IR_0005

============================================================
[6/50] random_IR_0006.npz
  GT loss: 0.157557
    --> Trial 0 | pop=42 seed=3623 x0_norm_min=-0.944 x0_norm_max=0.730
        [Trial 0] gen   20  evals=  840  best=0.5168
        [Trial 0] gen   40  evals= 1680  best=0.5067
        [Trial 0] gen   60  evals= 2520  best=0.4962
        [Trial 0] gen   80  evals= 3360  best=0.4932
        [Trial 0] gen  100  evals= 4200  best=0.4905
        [Trial 0] gen  120  evals= 5040  best=0.4905
        [Trial 0] gen  140  evals= 5880  best=0.4905
        [Trial 0] gen  160  evals= 6720  best=0.4905
        [Trial 0] gen  180  evals= 7560  best=0.4905
        [Trial 0] gen  200  evals= 8400  best=0.4905
        [Trial 0] gen  220  evals= 9240  best=0.4849
        [Trial 0] gen  240  evals=10080  best=0.4847
        [Trial 0] gen  260  evals=10920  best=0.4824
        [Trial 0] gen  280  evals=11760  best=0.4810
        [Trial 0] gen  300  evals=12600  best=0.4806
        [Trial 0] gen  320  evals=13440  best=0.4803
        [Trial 0] gen  340  evals=14280  best=0.4799
        [Trial 0] gen  360  evals=15120  best=0.4795
        [Trial 0] gen  380  evals=15960  best=0.4795
        [Trial 0] gen  400  evals=16800  best=0.4795
        [Trial 0] gen  420  evals=17640  best=0.4791
        [Trial 0] gen  440  evals=18480  best=0.4788
        [Trial 0] gen  460  evals=19320  best=0.4788
        [Trial 0] gen  480  evals=20160  best=0.4786
        [Trial 0] gen  500  evals=21000  best=0.4786
        [Trial 0] gen  520  evals=21840  best=0.4786
        [Trial 0] gen  540  evals=22680  best=0.4786
        [Trial 0] gen  560  evals=23520  best=0.4786
        [Done] Trial 0 best=0.4786
    --> Trial 1 | pop=41 seed=2856 x0_norm_min=-0.937 x0_norm_max=0.907
        [Trial 1] gen   20  evals=  820  best=0.4977
        [Trial 1] gen   40  evals= 1640  best=0.4977
        [Trial 1] gen   60  evals= 2460  best=0.4977
        [Trial 1] gen   80  evals= 3280  best=0.4810
        [Trial 1] gen  100  evals= 4100  best=0.4810
        [Trial 1] gen  120  evals= 4920  best=0.4810
        [Trial 1] gen  140  evals= 5740  best=0.4810
        [Trial 1] gen  160  evals= 6560  best=0.4810
        [Trial 1] gen  180  evals= 7380  best=0.4801
        [Trial 1] gen  200  evals= 8200  best=0.4766
        [Trial 1] gen  220  evals= 9020  best=0.4751
        [Trial 1] gen  240  evals= 9840  best=0.4738
        [Trial 1] gen  260  evals=10660  best=0.4723
        [Trial 1] gen  280  evals=11480  best=0.4722
        [Trial 1] gen  300  evals=12300  best=0.4720
        [Trial 1] gen  320  evals=13120  best=0.4718
        [Trial 1] gen  340  evals=13940  best=0.4715
        [Trial 1] gen  360  evals=14760  best=0.4715
        [Trial 1] gen  380  evals=15580  best=0.4712
        [Trial 1] gen  400  evals=16400  best=0.4711
NOTE (module=cma, iteration=409):  
condition in coordinate system exceeded 1.0e+08, rescaled to 1.0e+00, 
condition changed from 2.2e+09 to 2.4e+08
        [Trial 1] gen  420  evals=17220  best=0.4711
        [Trial 1] gen  440  evals=18040  best=0.4710
        [Trial 1] gen  460  evals=18860  best=0.4710
        [Trial 1] gen  480  evals=19680  best=0.4710
        [Trial 1] gen  500  evals=20500  best=0.4710
        [Trial 1] gen  520  evals=21320  best=0.4710
        [Trial 1] gen  540  evals=22140  best=0.4710
        [Trial 1] gen  560  evals=22960  best=0.4710
        [Trial 1] gen  580  evals=23780  best=0.4710
        [Trial 1] gen  600  evals=24600  best=0.4710
        [Trial 1] gen  620  evals=25420  best=0.4710
        [Trial 1] gen  640  evals=26240  best=0.4710
        [Trial 1] gen  660  evals=27060  best=0.4710
        [Done] Trial 1 best=0.4710
    --> Trial 2 | pop=37 seed=41762 x0_norm_min=-0.344 x0_norm_max=0.824
        [Pruned] Trial 2 at gen 15 (loss=0.5073)
    --> Trial 3 | pop=39 seed=75082 x0_norm_min=-0.797 x0_norm_max=0.622
        [Pruned] Trial 3 at gen 15 (loss=0.5063)
    --> Trial 4 | pop=47 seed=28690 x0_norm_min=-0.947 x0_norm_max=0.785
        [Pruned] Trial 4 at gen 15 (loss=0.5108)
    --> Trial 5 | pop=51 seed=54091 x0_norm_min=-0.748 x0_norm_max=0.981
        [Trial 5] gen   20  evals= 1020  best=0.4973
        [Trial 5] gen   40  evals= 2040  best=0.4973
        [Trial 5] gen   60  evals= 3060  best=0.4973
        [Trial 5] gen   80  evals= 4080  best=0.4740
        [Trial 5] gen  100  evals= 5100  best=0.4740
        [Trial 5] gen  120  evals= 6120  best=0.4740
        [Trial 5] gen  140  evals= 7140  best=0.4417
        [Trial 5] gen  160  evals= 8160  best=0.4130
        [Trial 5] gen  180  evals= 9180  best=0.4130
        [Trial 5] gen  200  evals=10200  best=0.4130
        [Trial 5] gen  220  evals=11220  best=0.4130
        [Trial 5] gen  240  evals=12240  best=0.4130
        [Trial 5] gen  260  evals=13260  best=0.4130
        [Trial 5] gen  280  evals=14280  best=0.4130
        [Trial 5] gen  300  evals=15300  best=0.4130
        [Trial 5] gen  320  evals=16320  best=0.4130
        [Trial 5] gen  340  evals=17340  best=0.4130
        [Trial 5] gen  360  evals=18360  best=0.4130
        [Trial 5] gen  380  evals=19380  best=0.4130
        [Trial 5] gen  400  evals=20400  best=0.4130
        [Trial 5] gen  420  evals=21420  best=0.4130
        [Trial 5] gen  440  evals=22440  best=0.4130
        [Trial 5] gen  460  evals=23460  best=0.4130
        [Trial 5] gen  480  evals=24480  best=0.4130
        [Trial 5] gen  500  evals=25500  best=0.4130
        [Trial 5] gen  520  evals=26520  best=0.4130
        [Trial 5] gen  540  evals=27540  best=0.4130
        [Trial 5] gen  560  evals=28560  best=0.4130
        [Trial 5] gen  580  evals=29580  best=0.4130
        [Done] Trial 5 best=0.4130
    --> Trial 6 | pop=54 seed=47112 x0_norm_min=-0.929 x0_norm_max=0.732
        [Pruned] Trial 6 at gen 15 (loss=0.5141)
    --> Trial 7 | pop=35 seed=75296 x0_norm_min=-0.779 x0_norm_max=0.922
        [Pruned] Trial 7 at gen 15 (loss=0.5116)
    --> Trial 8 | pop=41 seed=24853 x0_norm_min=-0.814 x0_norm_max=0.843
        [Pruned] Trial 8 at gen 15 (loss=0.5081)
    --> Trial 9 | pop=59 seed=22214 x0_norm_min=-0.955 x0_norm_max=0.770
        [Pruned] Trial 9 at gen 15 (loss=0.5120)
    --> Trial 10 | pop=30 seed=97376 x0_norm_min=-0.841 x0_norm_max=0.672
        [Pruned] Trial 10 at gen 15 (loss=0.5339)
    --> Trial 11 | pop=50 seed=2050 x0_norm_min=-0.781 x0_norm_max=0.859
        [Pruned] Trial 11 at gen 15 (loss=0.5283)
    --> Trial 12 | pop=47 seed=62855 x0_norm_min=-0.402 x0_norm_max=0.428
        [Trial 12] gen   20  evals=  940  best=0.4648
        [Trial 12] gen   40  evals= 1880  best=0.4616
        [Trial 12] gen   60  evals= 2820  best=0.4616
        [Trial 12] gen   80  evals= 3760  best=0.4616
        [Trial 12] gen  100  evals= 4700  best=0.4203
        [Trial 12] gen  120  evals= 5640  best=0.4154
        [Trial 12] gen  140  evals= 6580  best=0.4086
        [Trial 12] gen  160  evals= 7520  best=0.4002
        [Trial 12] gen  180  evals= 8460  best=0.3973
        [Trial 12] gen  200  evals= 9400  best=0.3960
        [Trial 12] gen  220  evals=10340  best=0.3952
        [Trial 12] gen  240  evals=11280  best=0.3934
        [Trial 12] gen  260  evals=12220  best=0.3934
        [Trial 12] gen  280  evals=13160  best=0.3933
        [Trial 12] gen  300  evals=14100  best=0.3928
        [Trial 12] gen  320  evals=15040  best=0.3925
        [Trial 12] gen  340  evals=15980  best=0.3922
        [Trial 12] gen  360  evals=16920  best=0.3922
        [Trial 12] gen  380  evals=17860  best=0.3921
        [Trial 12] gen  400  evals=18800  best=0.3919
        [Trial 12] gen  420  evals=19740  best=0.3916
        [Trial 12] gen  440  evals=20680  best=0.3916
        [Trial 12] gen  460  evals=21620  best=0.3916
        [Trial 12] gen  480  evals=22560  best=0.3915
        [Trial 12] gen  500  evals=23500  best=0.3914
        [Trial 12] gen  520  evals=24440  best=0.3914
        [Done] Trial 12 best=0.3914
    --> Trial 13 | pop=48 seed=59350 x0_norm_min=-0.863 x0_norm_max=0.955
        [Pruned] Trial 13 at gen 15 (loss=0.5078)
    --> Trial 14 | pop=54 seed=67208 x0_norm_min=-0.897 x0_norm_max=-0.091
        [Pruned] Trial 14 at gen 15 (loss=0.5130)
    --> Trial 15 | pop=52 seed=91424 x0_norm_min=-0.690 x0_norm_max=0.990
        [Pruned] Trial 15 at gen 15 (loss=0.5078)
    --> Trial 16 | pop=46 seed=52167 x0_norm_min=-0.776 x0_norm_max=0.982
        [Pruned] Trial 16 at gen 15 (loss=0.5077)
    --> Trial 17 | pop=59 seed=86290 x0_norm_min=-0.863 x0_norm_max=0.835
        [Trial 17] gen   20  evals= 1180  best=0.5042
        [Trial 17] gen   40  evals= 2360  best=0.5027
        [Pruned] Trial 17 at gen 45 (loss=0.5027)
    --> Trial 18 | pop=44 seed=61556 x0_norm_min=-0.933 x0_norm_max=0.907
        [Trial 18] gen   20  evals=  880  best=0.5044
        [Trial 18] gen   40  evals= 1760  best=0.5044
        [Pruned] Trial 18 at gen 45 (loss=0.5044)
    --> Trial 19 | pop=55 seed=34379 x0_norm_min=-0.948 x0_norm_max=0.822
        [Trial 19] gen   20  evals= 1100  best=0.4867
        [Trial 19] gen   40  evals= 2200  best=0.4867
        [Trial 19] gen   60  evals= 3300  best=0.4867
        [Trial 19] gen   80  evals= 4400  best=0.4867
        [Trial 19] gen  100  evals= 5500  best=0.4867
        [Trial 19] gen  120  evals= 6600  best=0.4867
        [Pruned] Trial 19 at gen 135 (loss=0.4867)

  Winner: Trial 12, loss=0.391393 (1676s)
    Restarts run: 20
    mu: 41.139311
    D_mu: 8.919565
    T0_mu: 12.597813
    Ly: 2.885733
    op_x: 0.604349
    op_y: 0.724571
    NMSE: 0.017176
  [Saved] random_IR_0006

============================================================
[7/50] random_IR_0007.npz
  GT loss: 0.143633
    --> Trial 0 | pop=52 seed=1769 x0_norm_min=-0.944 x0_norm_max=0.730
        [Trial 0] gen   20  evals= 1040  best=0.4990
        [Trial 0] gen   40  evals= 2080  best=0.4946
        [Trial 0] gen   60  evals= 3120  best=0.4828
        [Trial 0] gen   80  evals= 4160  best=0.4790
        [Trial 0] gen  100  evals= 5200  best=0.4696
        [Trial 0] gen  120  evals= 6240  best=0.3959
        [Trial 0] gen  140  evals= 7280  best=0.3181
        [Trial 0] gen  160  evals= 8320  best=0.2324
        [Trial 0] gen  180  evals= 9360  best=0.1978
        [Trial 0] gen  200  evals=10400  best=0.1651
        [Trial 0] gen  220  evals=11440  best=0.1438
        [Trial 0] gen  240  evals=12480  best=0.1418
        [Trial 0] gen  260  evals=13520  best=0.1414
        [Trial 0] gen  280  evals=14560  best=0.1401
        [TRIAL TIMEOUT] Trial 0 total >600s, stopping
        [Done] Trial 0 best=0.1401
    --> Trial 1 | pop=56 seed=22235 x0_norm_min=-0.937 x0_norm_max=0.907
        [Pruned] Trial 1 at gen 15 (loss=0.5060)
    --> Trial 2 | pop=44 seed=45961 x0_norm_min=-0.344 x0_norm_max=0.824
        [Pruned] Trial 2 at gen 15 (loss=0.5124)
    --> Trial 3 | pop=45 seed=61525 x0_norm_min=-0.797 x0_norm_max=0.622
        [Pruned] Trial 3 at gen 15 (loss=0.5103)
    --> Trial 4 | pop=41 seed=71629 x0_norm_min=-0.947 x0_norm_max=0.785
        [Pruned] Trial 4 at gen 15 (loss=0.5024)
    --> Trial 5 | pop=58 seed=44962 x0_norm_min=-0.748 x0_norm_max=0.981
        [Trial 5] gen   20  evals= 1160  best=0.4914
        [Trial 5] gen   40  evals= 2320  best=0.4914
        [Trial 5] gen   60  evals= 3480  best=0.4854
        [Trial 5] gen   80  evals= 4640  best=0.4825
        [Trial 5] gen  100  evals= 5800  best=0.4708
        [Trial 5] gen  120  evals= 6960  best=0.4668
        [Pruned] Trial 5 at gen 135 (loss=0.4668)
    --> Trial 6 | pop=39 seed=88688 x0_norm_min=-0.929 x0_norm_max=0.732
        [Pruned] Trial 6 at gen 15 (loss=0.5147)
    --> Trial 7 | pop=59 seed=2713 x0_norm_min=-0.779 x0_norm_max=0.922
        [Trial 7] gen   20  evals= 1180  best=0.4852
        [Trial 7] gen   40  evals= 2360  best=0.4824
        [Trial 7] gen   60  evals= 3540  best=0.4807
        [Trial 7] gen   80  evals= 4720  best=0.4672
        [Trial 7] gen  100  evals= 5900  best=0.4672
        [Trial 7] gen  120  evals= 7080  best=0.4672
        [Pruned] Trial 7 at gen 135 (loss=0.4663)
    --> Trial 8 | pop=44 seed=31882 x0_norm_min=-0.814 x0_norm_max=0.843
        [Trial 8] gen   20  evals=  880  best=0.4800
        [Trial 8] gen   40  evals= 1760  best=0.4800
        [Trial 8] gen   60  evals= 2640  best=0.4800
        [Trial 8] gen   80  evals= 3520  best=0.4800
        [Trial 8] gen  100  evals= 4400  best=0.4795
        [Trial 8] gen  120  evals= 5280  best=0.4700
        [Pruned] Trial 8 at gen 135 (loss=0.4700)
    --> Trial 9 | pop=42 seed=19743 x0_norm_min=-0.955 x0_norm_max=0.770
        [Pruned] Trial 9 at gen 15 (loss=0.5199)
    --> Trial 10 | pop=33 seed=99619 x0_norm_min=-0.841 x0_norm_max=0.672
        [Pruned] Trial 10 at gen 15 (loss=0.5029)
    --> Trial 11 | pop=52 seed=918 x0_norm_min=-0.781 x0_norm_max=0.859
        [Pruned] Trial 11 at gen 15 (loss=0.5096)
    --> Trial 12 | pop=51 seed=1626 x0_norm_min=-0.402 x0_norm_max=0.428
        [Pruned] Trial 12 at gen 15 (loss=0.5041)
    --> Trial 13 | pop=60 seed=13584 x0_norm_min=-0.863 x0_norm_max=0.955
        [Pruned] Trial 13 at gen 15 (loss=0.5196)
    --> Trial 14 | pop=52 seed=9454 x0_norm_min=-0.897 x0_norm_max=-0.091
        [Trial 14] gen   20  evals= 1040  best=0.4987
        [Trial 14] gen   40  evals= 2080  best=0.4969
        [Pruned] Trial 14 at gen 45 (loss=0.4881)
    --> Trial 15 | pop=55 seed=30243 x0_norm_min=-0.690 x0_norm_max=0.990
        [Pruned] Trial 15 at gen 15 (loss=0.5122)
    --> Trial 16 | pop=48 seed=429 x0_norm_min=-0.776 x0_norm_max=0.982
        [Pruned] Trial 16 at gen 15 (loss=0.5035)
    --> Trial 17 | pop=60 seed=12340 x0_norm_min=-0.863 x0_norm_max=0.835
        [Pruned] Trial 17 at gen 15 (loss=0.5200)
    --> Trial 18 | pop=49 seed=31991 x0_norm_min=-0.933 x0_norm_max=0.907
        [Pruned] Trial 18 at gen 15 (loss=0.5162)
    --> Trial 19 | pop=55 seed=23772 x0_norm_min=-0.948 x0_norm_max=0.822
        [Pruned] Trial 19 at gen 15 (loss=0.5220)

  Winner: Trial 0, loss=0.140080 (1558s)
    Restarts run: 20
    mu: 13.444793
    D_mu: 0.902827
    T0_mu: 35.664352
    Ly: 3.123130
    op_x: 0.573156
    op_y: 0.664561
    NMSE: 0.000421
  [Saved] random_IR_0007

============================================================
[8/50] random_IR_0008.npz
  GT loss: 0.111380
    --> Trial 0 | pop=59 seed=25589 x0_norm_min=-0.944 x0_norm_max=0.730
        [Trial 0] gen   20  evals= 1180  best=0.4691
        [Trial 0] gen   40  evals= 2360  best=0.4690
        [Trial 0] gen   60  evals= 3540  best=0.4690
        [Trial 0] gen   80  evals= 4720  best=0.4646
        [Trial 0] gen  100  evals= 5900  best=0.4571
        [Trial 0] gen  120  evals= 7080  best=0.4571
        [Trial 0] gen  140  evals= 8260  best=0.4571
        [Trial 0] gen  160  evals= 9440  best=0.4540
        [Trial 0] gen  180  evals=10620  best=0.4540
        [Trial 0] gen  200  evals=11800  best=0.4540
        [Trial 0] gen  220  evals=12980  best=0.4540
        [Trial 0] gen  240  evals=14160  best=0.4540
        [Trial 0] gen  260  evals=15340  best=0.4540
        [TRIAL TIMEOUT] Trial 0 total >600s, stopping
        [Done] Trial 0 best=0.4540
    --> Trial 1 | pop=52 seed=79237 x0_norm_min=-0.937 x0_norm_max=0.907
        [Trial 1] gen   20  evals= 1040  best=0.4666
        [Trial 1] gen   40  evals= 2080  best=0.4547
        [Trial 1] gen   60  evals= 3120  best=0.4547
        [Trial 1] gen   80  evals= 4160  best=0.4547
        [Trial 1] gen  100  evals= 5200  best=0.4547
        [Trial 1] gen  120  evals= 6240  best=0.4547
        [Trial 1] gen  140  evals= 7280  best=0.4547
        [Trial 1] gen  160  evals= 8320  best=0.4547
        [Trial 1] gen  180  evals= 9360  best=0.4546
        [Trial 1] gen  200  evals=10400  best=0.4532
        [Trial 1] gen  220  evals=11440  best=0.4518
        [Trial 1] gen  240  evals=12480  best=0.4513
        [Trial 1] gen  260  evals=13520  best=0.4508
        [Trial 1] gen  280  evals=14560  best=0.4503
        [Trial 1] gen  300  evals=15600  best=0.4503
        [Trial 1] gen  320  evals=16640  best=0.4498
        [Trial 1] gen  340  evals=17680  best=0.4497
        [Trial 1] gen  360  evals=18720  best=0.4497
        [Trial 1] gen  380  evals=19760  best=0.4497
        [Trial 1] gen  400  evals=20800  best=0.4497
        [Trial 1] gen  420  evals=21840  best=0.4497
        [Trial 1] gen  440  evals=22880  best=0.4497
        [Trial 1] gen  460  evals=23920  best=0.4497
        [Done] Trial 1 best=0.4497
    --> Trial 2 | pop=33 seed=18193 x0_norm_min=-0.344 x0_norm_max=0.824
        [Pruned] Trial 2 at gen 15 (loss=0.4797)
    --> Trial 3 | pop=53 seed=16052 x0_norm_min=-0.797 x0_norm_max=0.622
        [Trial 3] gen   20  evals= 1060  best=0.4659
        [Trial 3] gen   40  evals= 2120  best=0.4633
        [Pruned] Trial 3 at gen 45 (loss=0.4633)
    --> Trial 4 | pop=37 seed=39088 x0_norm_min=-0.947 x0_norm_max=0.785
        [Pruned] Trial 4 at gen 15 (loss=0.4700)
    --> Trial 5 | pop=35 seed=67588 x0_norm_min=-0.748 x0_norm_max=0.981
        [Pruned] Trial 5 at gen 15 (loss=0.4745)
    --> Trial 6 | pop=59 seed=23022 x0_norm_min=-0.929 x0_norm_max=0.732
        [Pruned] Trial 6 at gen 15 (loss=0.4703)
    --> Trial 7 | pop=31 seed=22954 x0_norm_min=-0.779 x0_norm_max=0.922
        [Pruned] Trial 7 at gen 15 (loss=0.4676)
    --> Trial 8 | pop=34 seed=93422 x0_norm_min=-0.814 x0_norm_max=0.843
        [Pruned] Trial 8 at gen 15 (loss=0.4792)
    --> Trial 9 | pop=51 seed=24440 x0_norm_min=-0.955 x0_norm_max=0.770
        [Pruned] Trial 9 at gen 15 (loss=0.4771)
    --> Trial 10 | pop=42 seed=97567 x0_norm_min=-0.841 x0_norm_max=0.672
        [Pruned] Trial 10 at gen 15 (loss=0.4765)
    --> Trial 11 | pop=59 seed=56604 x0_norm_min=-0.781 x0_norm_max=0.859
        [Trial 11] gen   20  evals= 1180  best=0.4608
        [Trial 11] gen   40  evals= 2360  best=0.4549
        [Pruned] Trial 11 at gen 45 (loss=0.4549)
    --> Trial 12 | pop=51 seed=642 x0_norm_min=-0.402 x0_norm_max=0.428
        [Trial 12] gen   20  evals= 1020  best=0.4542
        [Trial 12] gen   40  evals= 2040  best=0.4542
        [Trial 12] gen   60  evals= 3060  best=0.4534
        [Trial 12] gen   80  evals= 4080  best=0.3960
        [Trial 12] gen  100  evals= 5100  best=0.2380
        [Trial 12] gen  120  evals= 6120  best=0.1167
        [Trial 12] gen  140  evals= 7140  best=0.1055
        [Trial 12] gen  160  evals= 8160  best=0.1045
        [Trial 12] gen  180  evals= 9180  best=0.1036
        [Trial 12] gen  200  evals=10200  best=0.1034
        [Trial 12] gen  220  evals=11220  best=0.1033
        [Trial 12] gen  240  evals=12240  best=0.1030
        [Trial 12] gen  260  evals=13260  best=0.1030
        [Trial 12] gen  280  evals=14280  best=0.1029
NOTE (module=cma, iteration=289):  
condition in coordinate system exceeded 1.0e+08, rescaled to 1.0e+00, 
condition changed from 8.7e+08 to 4.9e+08
        [Trial 12] gen  300  evals=15300  best=0.1028
        [Trial 12] gen  320  evals=16320  best=0.1028
        [Trial 12] gen  340  evals=17340  best=0.1028
        [Trial 12] gen  360  evals=18360  best=0.1025
        [Trial 12] gen  380  evals=19380  best=0.1023
        [Trial 12] gen  400  evals=20400  best=0.1023
        [Trial 12] gen  420  evals=21420  best=0.1023
        [Trial 12] gen  440  evals=22440  best=0.1023
        [Trial 12] gen  460  evals=23460  best=0.1023
        [Trial 12] gen  480  evals=24480  best=0.1022
        [Trial 12] gen  500  evals=25500  best=0.1022
        [Trial 12] gen  520  evals=26520  best=0.1022
        [Trial 12] gen  540  evals=27540  best=0.1022
        [Trial 12] gen  560  evals=28560  best=0.1022
        [Trial 12] gen  580  evals=29580  best=0.1022
        [Done] Trial 12 best=0.1022
    --> Trial 13 | pop=48 seed=3031 x0_norm_min=-0.863 x0_norm_max=0.955
        [Pruned] Trial 13 at gen 15 (loss=0.4763)
    --> Trial 14 | pop=46 seed=78419 x0_norm_min=-0.897 x0_norm_max=-0.091
        [Trial 14] gen   20  evals=  920  best=0.4554
        [Trial 14] gen   40  evals= 1840  best=0.4554
        [Pruned] Trial 14 at gen 45 (loss=0.4554)
    --> Trial 15 | pop=54 seed=44071 x0_norm_min=-0.690 x0_norm_max=0.990
        [Pruned] Trial 15 at gen 15 (loss=0.4710)
    --> Trial 16 | pop=43 seed=1911 x0_norm_min=-0.776 x0_norm_max=0.982
        [Pruned] Trial 16 at gen 15 (loss=0.4716)
    --> Trial 17 | pop=50 seed=81670 x0_norm_min=-0.863 x0_norm_max=0.835
        [Pruned] Trial 17 at gen 15 (loss=0.4743)
    --> Trial 18 | pop=55 seed=53650 x0_norm_min=-0.933 x0_norm_max=0.907
        [Pruned] Trial 18 at gen 15 (loss=0.4745)
    --> Trial 19 | pop=45 seed=37630 x0_norm_min=-0.948 x0_norm_max=0.822
        [Pruned] Trial 19 at gen 15 (loss=0.4800)

  Winner: Trial 12, loss=0.102167 (1724s)
    Restarts run: 20
    mu: 46.378892
    D_mu: 3.761605
    T0_mu: 6.491503
    Ly: 2.154762
    op_x: 0.612347
    op_y: 0.589039
    NMSE: 0.007882
  [Saved] random_IR_0008

============================================================
[9/50] random_IR_0009.npz
  GT loss: 0.131624
    --> Trial 0 | pop=32 seed=10876 x0_norm_min=-0.944 x0_norm_max=0.730
        [Trial 0] gen   20  evals=  640  best=0.5210
        [Trial 0] gen   40  evals= 1280  best=0.5203
        [Trial 0] gen   60  evals= 1920  best=0.4645
        [Trial 0] gen   80  evals= 2560  best=0.4645
        [Trial 0] gen  100  evals= 3200  best=0.4645
        [Trial 0] gen  120  evals= 3840  best=0.4645
        [Trial 0] gen  140  evals= 4480  best=0.4645
        [Trial 0] gen  160  evals= 5120  best=0.4645
        [Trial 0] gen  180  evals= 5760  best=0.4645
        [Trial 0] gen  200  evals= 6400  best=0.4645
        [Trial 0] gen  220  evals= 7040  best=0.4645
        [Trial 0] gen  240  evals= 7680  best=0.4645
        [Trial 0] gen  260  evals= 8320  best=0.4645
        [Trial 0] gen  280  evals= 8960  best=0.4645
        [Trial 0] gen  300  evals= 9600  best=0.4645
        [Trial 0] gen  320  evals=10240  best=0.4645
        [Trial 0] gen  340  evals=10880  best=0.4645
        [Trial 0] gen  360  evals=11520  best=0.4645
        [Trial 0] gen  380  evals=12160  best=0.4645
        [Trial 0] gen  400  evals=12800  best=0.4645
        [Trial 0] gen  420  evals=13440  best=0.4645
        [Trial 0] gen  440  evals=14080  best=0.4645
        [Trial 0] gen  460  evals=14720  best=0.4645
        [Trial 0] gen  480  evals=15360  best=0.4645
        [Trial 0] gen  500  evals=16000  best=0.4645
        [Trial 0] gen  520  evals=16640  best=0.4645
        [Trial 0] gen  540  evals=17280  best=0.4645
        [Trial 0] gen  560  evals=17920  best=0.4645
        [Trial 0] gen  580  evals=18560  best=0.4645
        [Trial 0] gen  600  evals=19200  best=0.4645
        [Trial 0] gen  620  evals=19840  best=0.4645
        [Trial 0] gen  640  evals=20480  best=0.4645
        [Trial 0] gen  660  evals=21120  best=0.4645
        [Trial 0] gen  680  evals=21760  best=0.4645
        [Done] Trial 0 best=0.4645
    --> Trial 1 | pop=44 seed=75927 x0_norm_min=-0.937 x0_norm_max=0.907
        [Trial 1] gen   20  evals=  880  best=0.5222
        [Trial 1] gen   40  evals= 1760  best=0.5169
        [Pruned] Trial 1 at gen 45 (loss=0.5131)
    --> Trial 2 | pop=52 seed=18186 x0_norm_min=-0.344 x0_norm_max=0.824
        [Trial 2] gen   20  evals= 1040  best=0.5043
        [Trial 2] gen   40  evals= 2080  best=0.5025
        [Pruned] Trial 2 at gen 45 (loss=0.5025)
    --> Trial 3 | pop=58 seed=71848 x0_norm_min=-0.797 x0_norm_max=0.622
        [Trial 3] gen   20  evals= 1160  best=0.4954
        [Trial 3] gen   40  evals= 2320  best=0.4768
        [Pruned] Trial 3 at gen 45 (loss=0.4768)
    --> Trial 4 | pop=59 seed=13749 x0_norm_min=-0.947 x0_norm_max=0.785
        [Pruned] Trial 4 at gen 15 (loss=0.5584)
    --> Trial 5 | pop=58 seed=34834 x0_norm_min=-0.748 x0_norm_max=0.981
        [Pruned] Trial 5 at gen 15 (loss=0.5134)
    --> Trial 6 | pop=49 seed=35191 x0_norm_min=-0.929 x0_norm_max=0.732
        [Pruned] Trial 6 at gen 15 (loss=0.5326)
    --> Trial 7 | pop=51 seed=2027 x0_norm_min=-0.779 x0_norm_max=0.922
        [Pruned] Trial 7 at gen 15 (loss=0.5261)
    --> Trial 8 | pop=51 seed=64679 x0_norm_min=-0.814 x0_norm_max=0.843
        [Trial 8] gen   20  evals= 1020  best=0.5041
        [Trial 8] gen   40  evals= 2040  best=0.4927
        [Pruned] Trial 8 at gen 45 (loss=0.4907)
    --> Trial 9 | pop=38 seed=14093 x0_norm_min=-0.955 x0_norm_max=0.770
        [Pruned] Trial 9 at gen 15 (loss=0.5385)
    --> Trial 10 | pop=37 seed=92742 x0_norm_min=-0.841 x0_norm_max=0.672
        [Pruned] Trial 10 at gen 15 (loss=0.5212)
    --> Trial 11 | pop=30 seed=55098 x0_norm_min=-0.781 x0_norm_max=0.859
        [Pruned] Trial 11 at gen 15 (loss=0.5535)
    --> Trial 12 | pop=30 seed=97884 x0_norm_min=-0.402 x0_norm_max=0.428
        [Pruned] Trial 12 at gen 15 (loss=0.5327)
    --> Trial 13 | pop=40 seed=47883 x0_norm_min=-0.863 x0_norm_max=0.955
        [Pruned] Trial 13 at gen 15 (loss=0.5276)
    --> Trial 14 | pop=44 seed=81168 x0_norm_min=-0.897 x0_norm_max=-0.091
        [Trial 14] gen   20  evals=  880  best=0.5058
        [Trial 14] gen   40  evals= 1760  best=0.5058
        [Pruned] Trial 14 at gen 45 (loss=0.4962)
    --> Trial 15 | pop=34 seed=30865 x0_norm_min=-0.690 x0_norm_max=0.990
        [Pruned] Trial 15 at gen 15 (loss=0.5335)
    --> Trial 16 | pop=55 seed=49085 x0_norm_min=-0.776 x0_norm_max=0.982
        [Pruned] Trial 16 at gen 15 (loss=0.5266)
    --> Trial 17 | pop=44 seed=66992 x0_norm_min=-0.863 x0_norm_max=0.835
        [Pruned] Trial 17 at gen 15 (loss=0.5380)
    --> Trial 18 | pop=48 seed=3374 x0_norm_min=-0.933 x0_norm_max=0.907
        [Pruned] Trial 18 at gen 15 (loss=0.5367)
    --> Trial 19 | pop=34 seed=84156 x0_norm_min=-0.948 x0_norm_max=0.822
        [Trial 19] gen   20  evals=  680  best=0.5204
        [Trial 19] gen   40  evals= 1360  best=0.5083
        [Pruned] Trial 19 at gen 45 (loss=0.5083)

  Winner: Trial 0, loss=0.464516 (883s)
    Restarts run: 20
    mu: 70.855141
    D_mu: 5.827194
    T0_mu: 3.007467
    Ly: 3.959004
    op_x: 0.555128
    op_y: 0.769335
    NMSE: 0.071919
  [Saved] random_IR_0009

============================================================
[10/50] random_IR_0010.npz
  GT loss: 0.193898
    --> Trial 0 | pop=60 seed=99747 x0_norm_min=-0.944 x0_norm_max=0.730
        [Trial 0] gen   20  evals= 1200  best=0.5728
        [Trial 0] gen   40  evals= 2400  best=0.5620
        [Trial 0] gen   60  evals= 3600  best=0.5465
        [Trial 0] gen   80  evals= 4800  best=0.5465
        [Trial 0] gen  100  evals= 6000  best=0.5465
        [Trial 0] gen  120  evals= 7200  best=0.5465
        [Trial 0] gen  140  evals= 8400  best=0.5465
        [Trial 0] gen  160  evals= 9600  best=0.5446
        [Trial 0] gen  180  evals=10800  best=0.5425/home/bhpark3/dafxenv/lib/python3.12/site-packages/cma/utilities/utils.py:369: UserWarning: 
        geno-pheno transformation introduced based on the
        current covariance matrix with condition 1.4e+12 -> 1.0e+00,
        injected solutions become "invalid" in this iteration (time=Jul  7 07:39:02 2026 class=CMAEvolutionStrategy method=alleviate_conditioning iteration=493)
  warnings.warn(msg + ' (time={}'.format(time.asctime()[4:]) +

        [Trial 0] gen  200  evals=12000  best=0.5398
        [Trial 0] gen  220  evals=13200  best=0.5378
        [Trial 0] gen  240  evals=14400  best=0.5351
        [Trial 0] gen  260  evals=15600  best=0.5351
        [Trial 0] gen  280  evals=16800  best=0.5349
        [Trial 0] gen  300  evals=18000  best=0.5344
        [Trial 0] gen  320  evals=19200  best=0.5329
        [Trial 0] gen  340  evals=20400  best=0.5325
        [Trial 0] gen  360  evals=21600  best=0.5323
        [Trial 0] gen  380  evals=22800  best=0.5323
        [Trial 0] gen  400  evals=24000  best=0.5321
        [Trial 0] gen  420  evals=25200  best=0.5321
        [Trial 0] gen  440  evals=26400  best=0.5321
        [Trial 0] gen  460  evals=27600  best=0.5321
        [Trial 0] gen  480  evals=28800  best=0.5321
        [Trial 0] gen  500  evals=30000  best=0.5321
        [Done] Trial 0 best=0.5321
    --> Trial 1 | pop=38 seed=70063 x0_norm_min=-0.937 x0_norm_max=0.907
        [Trial 1] gen   20  evals=  760  best=0.5526
        [Trial 1] gen   40  evals= 1520  best=0.5526
        [Trial 1] gen   60  evals= 2280  best=0.5526
        [Trial 1] gen   80  evals= 3040  best=0.5526
        [Trial 1] gen  100  evals= 3800  best=0.5526
        [Trial 1] gen  120  evals= 4560  best=0.5526
        [Pruned] Trial 1 at gen 135 (loss=0.5526)
    --> Trial 2 | pop=38 seed=42406 x0_norm_min=-0.344 x0_norm_max=0.824
        [Pruned] Trial 2 at gen 15 (loss=0.5635)
    --> Trial 3 | pop=50 seed=22345 x0_norm_min=-0.797 x0_norm_max=0.622
        [Pruned] Trial 3 at gen 15 (loss=0.5666)
    --> Trial 4 | pop=32 seed=62791 x0_norm_min=-0.947 x0_norm_max=0.785
        [Pruned] Trial 4 at gen 15 (loss=0.5763)
    --> Trial 5 | pop=52 seed=81052 x0_norm_min=-0.748 x0_norm_max=0.981
        [Pruned] Trial 5 at gen 15 (loss=0.5716)
    --> Trial 6 | pop=44 seed=54154 x0_norm_min=-0.929 x0_norm_max=0.732
        [Pruned] Trial 6 at gen 15 (loss=0.5837)
    --> Trial 7 | pop=42 seed=8040 x0_norm_min=-0.779 x0_norm_max=0.922
        [Pruned] Trial 7 at gen 15 (loss=0.5642)
    --> Trial 8 | pop=39 seed=68631 x0_norm_min=-0.814 x0_norm_max=0.843
        [Pruned] Trial 8 at gen 15 (loss=0.5676)
    --> Trial 9 | pop=54 seed=81819 x0_norm_min=-0.955 x0_norm_max=0.770
        [Pruned] Trial 9 at gen 15 (loss=0.5677)
    --> Trial 10 | pop=60 seed=99081 x0_norm_min=-0.841 x0_norm_max=0.672
        [Trial 10] gen   20  evals= 1200  best=0.5511
        [Trial 10] gen   40  evals= 2400  best=0.5511
        [Trial 10] gen   60  evals= 3600  best=0.5511
        [Trial 10] gen   80  evals= 4800  best=0.5456
        [Trial 10] gen  100  evals= 6000  best=0.5456
        [Trial 10] gen  120  evals= 7200  best=0.5364
        [Trial 10] gen  140  evals= 8400  best=0.5349
        [Trial 10] gen  160  evals= 9600  best=0.5349
        [Trial 10] gen  180  evals=10800  best=0.5349
        [Trial 10] gen  200  evals=12000  best=0.5265
        [Trial 10] gen  220  evals=13200  best=0.5265
        [Trial 10] gen  240  evals=14400  best=0.5265
        [Trial 10] gen  260  evals=15600  best=0.5246
        [TRIAL TIMEOUT] Trial 10 total >600s, stopping
        [Done] Trial 10 best=0.5239
    --> Trial 11 | pop=60 seed=90020 x0_norm_min=-0.781 x0_norm_max=0.859
        [Pruned] Trial 11 at gen 15 (loss=0.5676)
    --> Trial 12 | pop=60 seed=99449 x0_norm_min=-0.402 x0_norm_max=0.428
        [Pruned] Trial 12 at gen 15 (loss=0.5750)
    --> Trial 13 | pop=57 seed=98540 x0_norm_min=-0.863 x0_norm_max=0.955
        [Pruned] Trial 13 at gen 15 (loss=0.5707)
    --> Trial 14 | pop=56 seed=83800 x0_norm_min=-0.897 x0_norm_max=-0.091
        [Pruned] Trial 14 at gen 15 (loss=0.5750)
    --> Trial 15 | pop=49 seed=98126 x0_norm_min=-0.690 x0_norm_max=0.990
        [Trial 15] gen   20  evals=  980  best=0.5573
        [Trial 15] gen   40  evals= 1960  best=0.5573
        [Pruned] Trial 15 at gen 45 (loss=0.5573)
    --> Trial 16 | pop=60 seed=78178 x0_norm_min=-0.776 x0_norm_max=0.982
        [Trial 16] gen   20  evals= 1200  best=0.5635
        [Trial 16] gen   40  evals= 2400  best=0.5599
        [Pruned] Trial 16 at gen 45 (loss=0.5599)
    --> Trial 17 | pop=56 seed=87497 x0_norm_min=-0.863 x0_norm_max=0.835
        [Trial 17] gen   20  evals= 1120  best=0.5587
        [Trial 17] gen   40  evals= 2240  best=0.5587
        [Pruned] Trial 17 at gen 45 (loss=0.5587)
    --> Trial 18 | pop=53 seed=48656 x0_norm_min=-0.933 x0_norm_max=0.907
        [Pruned] Trial 18 at gen 15 (loss=0.5709)
    --> Trial 19 | pop=48 seed=93490 x0_norm_min=-0.948 x0_norm_max=0.822
        [Pruned] Trial 19 at gen 15 (loss=0.5679)

  Winner: Trial 10, loss=0.523947 (1428s)
    Restarts run: 20
    mu: 7.195805
    D_mu: 0.856383
    T0_mu: 97.748048
    Ly: 2.928080
    op_x: 0.607509
    op_y: 0.645110
    NMSE: 0.130572
  [Saved] random_IR_0010

============================================================
[11/50] random_IR_0011.npz
  GT loss: 0.157226
    --> Trial 0 | pop=47 seed=55106 x0_norm_min=-0.944 x0_norm_max=0.730
        [Trial 0] gen   20  evals=  940  best=0.5148
        [Trial 0] gen   40  evals= 1880  best=0.4821
        [Trial 0] gen   60  evals= 2820  best=0.4821
        [Trial 0] gen   80  evals= 3760  best=0.4630
        [Trial 0] gen  100  evals= 4700  best=0.4314
        [Trial 0] gen  120  evals= 5640  best=0.4229
        [Trial 0] gen  140  evals= 6580  best=0.3263
        [Trial 0] gen  160  evals= 7520  best=0.1983
        [Trial 0] gen  180  evals= 8460  best=0.1554
        [Trial 0] gen  200  evals= 9400  best=0.1504
        [Trial 0] gen  220  evals=10340  best=0.1467
        [Trial 0] gen  240  evals=11280  best=0.1456
        [Trial 0] gen  260  evals=12220  best=0.1453
        [Trial 0] gen  280  evals=13160  best=0.1452
        [Trial 0] gen  300  evals=14100  best=0.1452
        [Trial 0] gen  320  evals=15040  best=0.1452
        [Trial 0] gen  340  evals=15980  best=0.1452
        [Trial 0] gen  360  evals=16920  best=0.1452
        [Trial 0] gen  380  evals=17860  best=0.1452
        [Trial 0] gen  400  evals=18800  best=0.1452
        [Trial 0] gen  420  evals=19740  best=0.1452
        [Trial 0] gen  440  evals=20680  best=0.1452
        [Trial 0] gen  460  evals=21620  best=0.1452
        [Trial 0] gen  480  evals=22560  best=0.1452
        [Trial 0] gen  500  evals=23500  best=0.1451
        [Trial 0] gen  520  evals=24440  best=0.1451
        [Trial 0] gen  540  evals=25380  best=0.1451
        [Trial 0] gen  560  evals=26320  best=0.1451
        [Trial 0] gen  580  evals=27260  best=0.1451
        [Done] Trial 0 best=0.1451
    --> Trial 1 | pop=53 seed=54964 x0_norm_min=-0.937 x0_norm_max=0.907
        [Trial 1] gen   20  evals= 1060  best=0.5078
        [Trial 1] gen   40  evals= 2120  best=0.5025
        [Pruned] Trial 1 at gen 45 (loss=0.5025)
    --> Trial 2 | pop=42 seed=68455 x0_norm_min=-0.344 x0_norm_max=0.824
        [Pruned] Trial 2 at gen 15 (loss=0.5223)
    --> Trial 3 | pop=44 seed=83095 x0_norm_min=-0.797 x0_norm_max=0.622
        [Trial 3] gen   20  evals=  880  best=0.5037
        [Trial 3] gen   40  evals= 1760  best=0.5031
        [Pruned] Trial 3 at gen 45 (loss=0.5031)
    --> Trial 4 | pop=56 seed=34362 x0_norm_min=-0.947 x0_norm_max=0.785
        [Trial 4] gen   20  evals= 1120  best=0.5015
        [Trial 4] gen   40  evals= 2240  best=0.5015
        [Trial 4] gen   60  evals= 3360  best=0.4600
        [Trial 4] gen   80  evals= 4480  best=0.4295
        [Trial 4] gen  100  evals= 5600  best=0.3478
        [Trial 4] gen  120  evals= 6720  best=0.1937
        [Trial 4] gen  140  evals= 7840  best=0.1701
        [Trial 4] gen  160  evals= 8960  best=0.1497
        [Trial 4] gen  180  evals=10080  best=0.1495
        [Trial 4] gen  200  evals=11200  best=0.1466
        [Trial 4] gen  220  evals=12320  best=0.1442
        [Trial 4] gen  240  evals=13440  best=0.1439
        [Trial 4] gen  260  evals=14560  best=0.1439
        [Trial 4] gen  280  evals=15680  best=0.1438
NOTE (module=cma, iteration=299):  
condition in coordinate system exceeded 1.0e+08, rescaled to 1.0e+00, 
condition changed from 7.3e+09 to 2.4e+09
        [Trial 4] gen  300  evals=16800  best=0.1435
        [Trial 4] gen  320  evals=17920  best=0.1434
        [Trial 4] gen  340  evals=19040  best=0.1433
        [Trial 4] gen  360  evals=20160  best=0.1432
        [Trial 4] gen  380  evals=21280  best=0.1430
        [Trial 4] gen  400  evals=22400  best=0.1430
        [Trial 4] gen  420  evals=23520  best=0.1430
        [Trial 4] gen  440  evals=24640  best=0.1429
        [Trial 4] gen  460  evals=25760  best=0.1429
        [Trial 4] gen  480  evals=26880  best=0.1429
        [Trial 4] gen  500  evals=28000  best=0.1429
        [Trial 4] gen  520  evals=29120  best=0.1429
        [Done] Trial 4 best=0.1429
    --> Trial 5 | pop=41 seed=3094 x0_norm_min=-0.748 x0_norm_max=0.981
        [Pruned] Trial 5 at gen 15 (loss=0.5116)
    --> Trial 6 | pop=60 seed=98362 x0_norm_min=-0.929 x0_norm_max=0.732
        [Pruned] Trial 6 at gen 15 (loss=0.5172)
    --> Trial 7 | pop=30 seed=42742 x0_norm_min=-0.779 x0_norm_max=0.922
        [Pruned] Trial 7 at gen 15 (loss=0.5119)
    --> Trial 8 | pop=36 seed=26297 x0_norm_min=-0.814 x0_norm_max=0.843
        [Trial 8] gen   20  evals=  720  best=0.5053
        [Trial 8] gen   40  evals= 1440  best=0.5033
        [Pruned] Trial 8 at gen 45 (loss=0.5033)
    --> Trial 9 | pop=53 seed=76013 x0_norm_min=-0.955 x0_norm_max=0.770
        [Pruned] Trial 9 at gen 15 (loss=0.5156)
    --> Trial 10 | pop=56 seed=4701 x0_norm_min=-0.841 x0_norm_max=0.672
        [Pruned] Trial 10 at gen 15 (loss=0.5278)
    --> Trial 11 | pop=48 seed=36029 x0_norm_min=-0.781 x0_norm_max=0.859
        [Pruned] Trial 11 at gen 15 (loss=0.5163)
    --> Trial 12 | pop=50 seed=53051 x0_norm_min=-0.402 x0_norm_max=0.428
        [Pruned] Trial 12 at gen 15 (loss=0.5144)
    --> Trial 13 | pop=59 seed=18810 x0_norm_min=-0.863 x0_norm_max=0.955
        [Pruned] Trial 13 at gen 15 (loss=0.5186)
    --> Trial 14 | pop=46 seed=56853 x0_norm_min=-0.897 x0_norm_max=-0.091
        [Pruned] Trial 14 at gen 15 (loss=0.5133)
    --> Trial 15 | pop=52 seed=37998 x0_norm_min=-0.690 x0_norm_max=0.990
        [Trial 15] gen   20  evals= 1040  best=0.5056
        [Trial 15] gen   40  evals= 2080  best=0.5007
        [Pruned] Trial 15 at gen 45 (loss=0.4882)
    --> Trial 16 | pop=38 seed=17404 x0_norm_min=-0.776 x0_norm_max=0.982
        [Pruned] Trial 16 at gen 15 (loss=0.5226)
    --> Trial 17 | pop=56 seed=46908 x0_norm_min=-0.863 x0_norm_max=0.835
        [Pruned] Trial 17 at gen 15 (loss=0.5209)
    --> Trial 18 | pop=48 seed=68625 x0_norm_min=-0.933 x0_norm_max=0.907
        [Pruned] Trial 18 at gen 15 (loss=0.5256)
    --> Trial 19 | pop=56 seed=30918 x0_norm_min=-0.948 x0_norm_max=0.822
        [Pruned] Trial 19 at gen 15 (loss=0.5240)

  Winner: Trial 4, loss=0.142939 (1296s)
    Restarts run: 20
    mu: 39.377236
    D_mu: 9.585029
    T0_mu: 24.426622
    Ly: 3.931708
    op_x: 0.529201
    op_y: 0.648575
    NMSE: 0.000001
  [Saved] random_IR_0011

============================================================
[12/50] random_IR_0012.npz
  GT loss: 0.152903
    --> Trial 0 | pop=33 seed=86926 x0_norm_min=-0.944 x0_norm_max=0.730
        [Trial 0] gen   20  evals=  660  best=0.5386
        [Trial 0] gen   40  evals= 1320  best=0.5213
        [Trial 0] gen   60  evals= 1980  best=0.5213
        [Trial 0] gen   80  evals= 2640  best=0.5206
        [Trial 0] gen  100  evals= 3300  best=0.5194
        [Trial 0] gen  120  evals= 3960  best=0.5194
        [Trial 0] gen  140  evals= 4620  best=0.5185
        [Trial 0] gen  160  evals= 5280  best=0.5088
        [Trial 0] gen  180  evals= 5940  best=0.5088
        [Trial 0] gen  200  evals= 6600  best=0.5088
        [Trial 0] gen  220  evals= 7260  best=0.5088
        [Trial 0] gen  240  evals= 7920  best=0.5088
        [Trial 0] gen  260  evals= 8580  best=0.5088
        [Trial 0] gen  280  evals= 9240  best=0.5088
        [Trial 0] gen  300  evals= 9900  best=0.5088
        [Trial 0] gen  320  evals=10560  best=0.5088
        [Trial 0] gen  340  evals=11220  best=0.5088
        [Trial 0] gen  360  evals=11880  best=0.5088
        [Trial 0] gen  380  evals=12540  best=0.5088
        [Trial 0] gen  400  evals=13200  best=0.5088
        [Trial 0] gen  420  evals=13860  best=0.5088
        [Trial 0] gen  440  evals=14520  best=0.5088
        [Trial 0] gen  460  evals=15180  best=0.5088
        [Trial 0] gen  480  evals=15840  best=0.5088
        [Trial 0] gen  500  evals=16500  best=0.5088
        [Trial 0] gen  520  evals=17160  best=0.5088
        [Trial 0] gen  540  evals=17820  best=0.5088
        [Trial 0] gen  560  evals=18480  best=0.5088
        [Trial 0] gen  580  evals=19140  best=0.5088
        [Trial 0] gen  600  evals=19800  best=0.5088
        [Trial 0] gen  620  evals=20460  best=0.5088
        [Trial 0] gen  640  evals=21120  best=0.5088
        [Trial 0] gen  660  evals=21780  best=0.5088
        [Done] Trial 0 best=0.5088
    --> Trial 1 | pop=45 seed=55729 x0_norm_min=-0.937 x0_norm_max=0.907
        [Trial 1] gen   20  evals=  900  best=0.5367
        [Trial 1] gen   40  evals= 1800  best=0.5367
        [Pruned] Trial 1 at gen 45 (loss=0.5367)
    --> Trial 2 | pop=31 seed=50367 x0_norm_min=-0.344 x0_norm_max=0.824
        [Pruned] Trial 2 at gen 15 (loss=0.5408)
    --> Trial 3 | pop=45 seed=26351 x0_norm_min=-0.797 x0_norm_max=0.622
        [Trial 3] gen   20  evals=  900  best=0.5292
        [Trial 3] gen   40  evals= 1800  best=0.5292
        [Pruned] Trial 3 at gen 45 (loss=0.5292)
    --> Trial 4 | pop=60 seed=73684 x0_norm_min=-0.947 x0_norm_max=0.785
        [Pruned] Trial 4 at gen 15 (loss=0.5338)
    --> Trial 5 | pop=45 seed=21593 x0_norm_min=-0.748 x0_norm_max=0.981
        [Pruned] Trial 5 at gen 15 (loss=0.5476)
    --> Trial 6 | pop=58 seed=52736 x0_norm_min=-0.929 x0_norm_max=0.732
        [Trial 6] gen   20  evals= 1160  best=0.5191
        [Trial 6] gen   40  evals= 2320  best=0.5191
        [Trial 6] gen   60  evals= 3480  best=0.5132
        [Trial 6] gen   80  evals= 4640  best=0.5132
        [Trial 6] gen  100  evals= 5800  best=0.5102
        [Trial 6] gen  120  evals= 6960  best=0.5004
        [Trial 6] gen  140  evals= 8120  best=0.4983
        [Trial 6] gen  160  evals= 9280  best=0.4902
        [Trial 6] gen  180  evals=10440  best=0.4902
        [Trial 6] gen  200  evals=11600  best=0.4887
        [Trial 6] gen  220  evals=12760  best=0.4868
        [Trial 6] gen  240  evals=13920  best=0.4861
        [Trial 6] gen  260  evals=15080  best=0.4861
        [Trial 6] gen  280  evals=16240  best=0.4859
        [Trial 6] gen  300  evals=17400  best=0.4856
        [Trial 6] gen  320  evals=18560  best=0.4854
        [Trial 6] gen  340  evals=19720  best=0.4854
        [Trial 6] gen  360  evals=20880  best=0.4854
        [Trial 6] gen  380  evals=22040  best=0.4852
        [Trial 6] gen  400  evals=23200  best=0.4852
        [Trial 6] gen  420  evals=24360  best=0.4849
        [Trial 6] gen  440  evals=25520  best=0.4849
        [Trial 6] gen  460  evals=26680  best=0.4849
        [Trial 6] gen  480  evals=27840  best=0.4848
        [TRIAL TIMEOUT] Trial 6 total >600s, stopping
        [Done] Trial 6 best=0.4848
    --> Trial 7 | pop=39 seed=42840 x0_norm_min=-0.779 x0_norm_max=0.922
        [Trial 7] gen   20  evals=  780  best=0.5263
        [Trial 7] gen   40  evals= 1560  best=0.5263
        [Pruned] Trial 7 at gen 45 (loss=0.5263)
    --> Trial 8 | pop=48 seed=62023 x0_norm_min=-0.814 x0_norm_max=0.843
        [Pruned] Trial 8 at gen 15 (loss=0.5398)
    --> Trial 9 | pop=57 seed=89559 x0_norm_min=-0.955 x0_norm_max=0.770
        [Pruned] Trial 9 at gen 15 (loss=0.5320)
    --> Trial 10 | pop=54 seed=4145 x0_norm_min=-0.841 x0_norm_max=0.672
        [Trial 10] gen   20  evals= 1080  best=0.5219
        [Trial 10] gen   40  evals= 2160  best=0.5219
        [Pruned] Trial 10 at gen 45 (loss=0.5219)
    --> Trial 11 | pop=30 seed=97515 x0_norm_min=-0.781 x0_norm_max=0.859
        [Trial 11] gen   20  evals=  600  best=0.5204
        [Trial 11] gen   40  evals= 1200  best=0.5204
        [Trial 11] gen   60  evals= 1800  best=0.5204
        [Trial 11] gen   80  evals= 2400  best=0.5204
        [Trial 11] gen  100  evals= 3000  best=0.5204
        [Trial 11] gen  120  evals= 3600  best=0.5204
        [Pruned] Trial 11 at gen 135 (loss=0.5204)
    --> Trial 12 | pop=36 seed=77345 x0_norm_min=-0.402 x0_norm_max=0.428
        [Pruned] Trial 12 at gen 15 (loss=0.5409)
    --> Trial 13 | pop=52 seed=75836 x0_norm_min=-0.863 x0_norm_max=0.955
        [Pruned] Trial 13 at gen 15 (loss=0.5309)
    --> Trial 14 | pop=39 seed=31013 x0_norm_min=-0.897 x0_norm_max=-0.091
        [Pruned] Trial 14 at gen 15 (loss=0.5472)
    --> Trial 15 | pop=35 seed=64920 x0_norm_min=-0.690 x0_norm_max=0.990
        [Pruned] Trial 15 at gen 15 (loss=0.5489)
    --> Trial 16 | pop=51 seed=99985 x0_norm_min=-0.776 x0_norm_max=0.982
        [Pruned] Trial 16 at gen 15 (loss=0.5417)
    --> Trial 17 | pop=42 seed=87327 x0_norm_min=-0.863 x0_norm_max=0.835
        [Pruned] Trial 17 at gen 15 (loss=0.5502)
    --> Trial 18 | pop=58 seed=41788 x0_norm_min=-0.933 x0_norm_max=0.907
        [Pruned] Trial 18 at gen 15 (loss=0.5470)
    --> Trial 19 | pop=33 seed=9193 x0_norm_min=-0.948 x0_norm_max=0.822
        [Pruned] Trial 19 at gen 15 (loss=0.5573)

  Winner: Trial 6, loss=0.484761 (1437s)
    Restarts run: 20
    mu: 86.417809
    D_mu: 4.807086
    T0_mu: 4.023462
    Ly: 3.539294
    op_x: 0.510831
    op_y: 0.711460
    NMSE: 0.172228
  [Saved] random_IR_0012

============================================================
[13/50] random_IR_0013.npz
  GT loss: 0.336933
    --> Trial 0 | pop=46 seed=50496 x0_norm_min=-0.944 x0_norm_max=0.730
        [Trial 0] gen   20  evals=  920  best=0.7014
        [Trial 0] gen   40  evals= 1840  best=0.6936
        [Trial 0] gen   60  evals= 2760  best=0.6859
        [Trial 0] gen   80  evals= 3680  best=0.6617
        [Trial 0] gen  100  evals= 4600  best=0.6588
        [Trial 0] gen  120  evals= 5520  best=0.6366
        [Trial 0] gen  140  evals= 6440  best=0.6366
        [Trial 0] gen  160  evals= 7360  best=0.6366
        [Trial 0] gen  180  evals= 8280  best=0.6354
        [Trial 0] gen  200  evals= 9200  best=0.6354
        [Trial 0] gen  220  evals=10120  best=0.6292
        [Trial 0] gen  240  evals=11040  best=0.6292
        [Trial 0] gen  260  evals=11960  best=0.6289
        [Trial 0] gen  280  evals=12880  best=0.6282
        [Trial 0] gen  300  evals=13800  best=0.6279
        [Trial 0] gen  320  evals=14720  best=0.6278
        [Trial 0] gen  340  evals=15640  best=0.6278
        [Trial 0] gen  360  evals=16560  best=0.6278
        [Trial 0] gen  380  evals=17480  best=0.6278
        [Trial 0] gen  400  evals=18400  best=0.6278
        [Trial 0] gen  420  evals=19320  best=0.6278
        [Trial 0] gen  440  evals=20240  best=0.6278
        [Trial 0] gen  460  evals=21160  best=0.6278
        [Done] Trial 0 best=0.6278
    --> Trial 1 | pop=38 seed=66676 x0_norm_min=-0.937 x0_norm_max=0.907
        [Pruned] Trial 1 at gen 15 (loss=0.7364)
    --> Trial 2 | pop=51 seed=21624 x0_norm_min=-0.344 x0_norm_max=0.824
        [Trial 2] gen   20  evals= 1020  best=0.6820
        [Trial 2] gen   40  evals= 2040  best=0.6820
        [Trial 2] gen   60  evals= 3060  best=0.6750
        [Trial 2] gen   80  evals= 4080  best=0.6750
        [Trial 2] gen  100  evals= 5100  best=0.6658
        [Trial 2] gen  120  evals= 6120  best=0.6540
        [Pruned] Trial 2 at gen 135 (loss=0.6540)
    --> Trial 3 | pop=44 seed=76864 x0_norm_min=-0.797 x0_norm_max=0.622
        [Pruned] Trial 3 at gen 15 (loss=0.7108)
    --> Trial 4 | pop=51 seed=63105 x0_norm_min=-0.947 x0_norm_max=0.785
        [Pruned] Trial 4 at gen 15 (loss=0.7384)
    --> Trial 5 | pop=39 seed=1425 x0_norm_min=-0.748 x0_norm_max=0.981
        [Pruned] Trial 5 at gen 15 (loss=0.7182)
    --> Trial 6 | pop=38 seed=3168 x0_norm_min=-0.929 x0_norm_max=0.732
        [Trial 6] gen   20  evals=  760  best=0.6995
        [Trial 6] gen   40  evals= 1520  best=0.6917
        [Pruned] Trial 6 at gen 45 (loss=0.6877)
    --> Trial 7 | pop=40 seed=98053 x0_norm_min=-0.779 x0_norm_max=0.922
        [Pruned] Trial 7 at gen 15 (loss=0.7007)
    --> Trial 8 | pop=50 seed=4707 x0_norm_min=-0.814 x0_norm_max=0.843
        [Pruned] Trial 8 at gen 15 (loss=0.7170)
    --> Trial 9 | pop=51 seed=7812 x0_norm_min=-0.955 x0_norm_max=0.770
        [Pruned] Trial 9 at gen 15 (loss=0.7148)
    --> Trial 10 | pop=30 seed=40847 x0_norm_min=-0.841 x0_norm_max=0.672
        [Pruned] Trial 10 at gen 15 (loss=0.7163)
    --> Trial 11 | pop=55 seed=37712 x0_norm_min=-0.781 x0_norm_max=0.859
        [Pruned] Trial 11 at gen 15 (loss=0.7128)
    --> Trial 12 | pop=60 seed=29267 x0_norm_min=-0.402 x0_norm_max=0.428
        [Pruned] Trial 12 at gen 15 (loss=0.7338)
    --> Trial 13 | pop=46 seed=27593 x0_norm_min=-0.863 x0_norm_max=0.955
        [Pruned] Trial 13 at gen 15 (loss=0.7096)
    --> Trial 14 | pop=46 seed=47060 x0_norm_min=-0.897 x0_norm_max=-0.091
        [Trial 14] gen   20  evals=  920  best=0.6840
        [Trial 14] gen   40  evals= 1840  best=0.6840
        [Pruned] Trial 14 at gen 45 (loss=0.6840)
    --> Trial 15 | pop=58 seed=21617 x0_norm_min=-0.690 x0_norm_max=0.990
        [Pruned] Trial 15 at gen 15 (loss=0.7032)
    --> Trial 16 | pop=55 seed=53271 x0_norm_min=-0.776 x0_norm_max=0.982
        [Pruned] Trial 16 at gen 15 (loss=0.7184)
    --> Trial 17 | pop=43 seed=16402 x0_norm_min=-0.863 x0_norm_max=0.835
        [Trial 17] gen   20  evals=  860  best=0.6847
        [Trial 17] gen   40  evals= 1720  best=0.6847
        [Pruned] Trial 17 at gen 45 (loss=0.6847)
    --> Trial 18 | pop=48 seed=86049 x0_norm_min=-0.933 x0_norm_max=0.907
        [Pruned] Trial 18 at gen 15 (loss=0.7113)
    --> Trial 19 | pop=34 seed=58200 x0_norm_min=-0.948 x0_norm_max=0.822
        [Trial 19] gen   20  evals=  680  best=0.6951
        [Trial 19] gen   40  evals= 1360  best=0.6951
        [Pruned] Trial 19 at gen 45 (loss=0.6951)

  Winner: Trial 0, loss=0.627823 (390s)
    Restarts run: 20
    mu: 76.986734
    D_mu: 14.206253
    T0_mu: 8.297292
    Ly: 2.050398
    op_x: 0.977184
    op_y: 0.529455
    NMSE: 0.097598
  [Saved] random_IR_0013

============================================================
[14/50] random_IR_0014.npz
  GT loss: 0.158587
    --> Trial 0 | pop=36 seed=55365 x0_norm_min=-0.944 x0_norm_max=0.730
        [Trial 0] gen   20  evals=  720  best=0.5244
        [Trial 0] gen   40  evals= 1440  best=0.5244
        [Trial 0] gen   60  evals= 2160  best=0.5244
        [Trial 0] gen   80  evals= 2880  best=0.5034
        [Trial 0] gen  100  evals= 3600  best=0.5001
        [Trial 0] gen  120  evals= 4320  best=0.4998
        [Trial 0] gen  140  evals= 5040  best=0.4985
        [Trial 0] gen  160  evals= 5760  best=0.4884
        [Trial 0] gen  180  evals= 6480  best=0.4878
        [Trial 0] gen  200  evals= 7200  best=0.4786
        [Trial 0] gen  220  evals= 7920  best=0.4782
        [Trial 0] gen  240  evals= 8640  best=0.4719
        [Trial 0] gen  260  evals= 9360  best=0.4701
        [Trial 0] gen  280  evals=10080  best=0.4693
        [Trial 0] gen  300  evals=10800  best=0.4691
        [Trial 0] gen  320  evals=11520  best=0.4687
        [Trial 0] gen  340  evals=12240  best=0.4687
        [Trial 0] gen  360  evals=12960  best=0.4687
        [Trial 0] gen  380  evals=13680  best=0.4686
        [Trial 0] gen  400  evals=14400  best=0.4686
        [Trial 0] gen  420  evals=15120  best=0.4685
        [Trial 0] gen  440  evals=15840  best=0.4677
        [Trial 0] gen  460  evals=16560  best=0.4671
        [Trial 0] gen  480  evals=17280  best=0.4671
        [Trial 0] gen  500  evals=18000  best=0.4669
        [Trial 0] gen  520  evals=18720  best=0.4669
        [Trial 0] gen  540  evals=19440  best=0.4669
        [Trial 0] gen  560  evals=20160  best=0.4669
        [Trial 0] gen  580  evals=20880  best=0.4668
        [Trial 0] gen  600  evals=21600  best=0.4668
        [Trial 0] gen  620  evals=22320  best=0.4667
        [TRIAL TIMEOUT] Trial 0 total >600s, stopping
        [Done] Trial 0 best=0.4667
    --> Trial 1 | pop=51 seed=33474 x0_norm_min=-0.937 x0_norm_max=0.907
        [Trial 1] gen   20  evals= 1020  best=0.5155
        [Trial 1] gen   40  evals= 2040  best=0.5155
        [Trial 1] gen   60  evals= 3060  best=0.5155
        [Trial 1] gen   80  evals= 4080  best=0.5155
        [Trial 1] gen  100  evals= 5100  best=0.5072
        [Trial 1] gen  120  evals= 6120  best=0.5072
        [Pruned] Trial 1 at gen 135 (loss=0.5072)
    --> Trial 2 | pop=36 seed=96106 x0_norm_min=-0.344 x0_norm_max=0.824
        [Pruned] Trial 2 at gen 15 (loss=0.5455)
    --> Trial 3 | pop=49 seed=25567 x0_norm_min=-0.797 x0_norm_max=0.622
        [Pruned] Trial 3 at gen 15 (loss=0.5245)
    --> Trial 4 | pop=52 seed=47772 x0_norm_min=-0.947 x0_norm_max=0.785
        [Trial 4] gen   20  evals= 1040  best=0.5161
        [Trial 4] gen   40  evals= 2080  best=0.5161
        [Pruned] Trial 4 at gen 45 (loss=0.5161)
    --> Trial 5 | pop=51 seed=29482 x0_norm_min=-0.748 x0_norm_max=0.981
        [Pruned] Trial 5 at gen 15 (loss=0.5330)
    --> Trial 6 | pop=51 seed=91285 x0_norm_min=-0.929 x0_norm_max=0.732
        [Pruned] Trial 6 at gen 15 (loss=0.5296)
    --> Trial 7 | pop=37 seed=36645 x0_norm_min=-0.779 x0_norm_max=0.922
        [Pruned] Trial 7 at gen 15 (loss=0.5413)
    --> Trial 8 | pop=47 seed=12171 x0_norm_min=-0.814 x0_norm_max=0.843
        [Trial 8] gen   20  evals=  940  best=0.5201
        [Trial 8] gen   40  evals= 1880  best=0.5201
        [Pruned] Trial 8 at gen 45 (loss=0.5201)
    --> Trial 9 | pop=37 seed=97854 x0_norm_min=-0.955 x0_norm_max=0.770
        [Pruned] Trial 9 at gen 15 (loss=0.5351)
    --> Trial 10 | pop=59 seed=66097 x0_norm_min=-0.841 x0_norm_max=0.672
        [Pruned] Trial 10 at gen 15 (loss=0.5312)
    --> Trial 11 | pop=30 seed=59970 x0_norm_min=-0.781 x0_norm_max=0.859
        [Pruned] Trial 11 at gen 15 (loss=0.5274)
    --> Trial 12 | pop=43 seed=2127 x0_norm_min=-0.402 x0_norm_max=0.428
        [Pruned] Trial 12 at gen 15 (loss=0.5328)
    --> Trial 13 | pop=58 seed=73662 x0_norm_min=-0.863 x0_norm_max=0.955
        [Trial 13] gen   20  evals= 1160  best=0.5104
        [Trial 13] gen   40  evals= 2320  best=0.5104
        [Trial 13] gen   60  evals= 3480  best=0.5104
        [Trial 13] gen   80  evals= 4640  best=0.5104
        [Trial 13] gen  100  evals= 5800  best=0.5104
        [Trial 13] gen  120  evals= 6960  best=0.5104
        [Pruned] Trial 13 at gen 135 (loss=0.5104)
    --> Trial 14 | pop=43 seed=50081 x0_norm_min=-0.897 x0_norm_max=-0.091
        [Trial 14] gen   20  evals=  860  best=0.5221
        [Trial 14] gen   40  evals= 1720  best=0.5221
        [Pruned] Trial 14 at gen 45 (loss=0.5221)
    --> Trial 15 | pop=32 seed=43033 x0_norm_min=-0.690 x0_norm_max=0.990
        [Pruned] Trial 15 at gen 15 (loss=0.5455)
    --> Trial 16 | pop=43 seed=78496 x0_norm_min=-0.776 x0_norm_max=0.982
        [Pruned] Trial 16 at gen 15 (loss=0.5308)
    --> Trial 17 | pop=40 seed=18509 x0_norm_min=-0.863 x0_norm_max=0.835
        [Pruned] Trial 17 at gen 15 (loss=0.5309)
    --> Trial 18 | pop=55 seed=54722 x0_norm_min=-0.933 x0_norm_max=0.907
        [Trial 18] gen   20  evals= 1100  best=0.5191
        [Trial 18] gen   40  evals= 2200  best=0.5117
        [Trial 18] gen   60  evals= 3300  best=0.5103
        [Trial 18] gen   80  evals= 4400  best=0.5103
        [Trial 18] gen  100  evals= 5500  best=0.5103
        [Trial 18] gen  120  evals= 6600  best=0.5039
        [Pruned] Trial 18 at gen 135 (loss=0.5039)
    --> Trial 19 | pop=55 seed=57024 x0_norm_min=-0.948 x0_norm_max=0.822
        [Pruned] Trial 19 at gen 15 (loss=0.5325)

  Winner: Trial 0, loss=0.466652 (1264s)
    Restarts run: 20
    mu: 9.476496
    D_mu: 2.627903
    T0_mu: 71.960285
    Ly: 3.275454
    op_x: 0.552459
    op_y: 0.579851
    NMSE: 0.045535
  [Saved] random_IR_0014

============================================================
[15/50] random_IR_0015.npz
  GT loss: 0.399464
    --> Trial 0 | pop=60 seed=17785 x0_norm_min=-0.944 x0_norm_max=0.730
        [Trial 0] gen   20  evals= 1200  best=0.7177
        [Trial 0] gen   40  evals= 2400  best=0.7177
        [Trial 0] gen   60  evals= 3600  best=0.7177
        [Trial 0] gen   80  evals= 4800  best=0.7111
        [Trial 0] gen  100  evals= 6000  best=0.6964
        [Trial 0] gen  120  evals= 7200  best=0.6904
        [Trial 0] gen  140  evals= 8400  best=0.6904
        [Trial 0] gen  160  evals= 9600  best=0.6904
        [Trial 0] gen  180  evals=10800  best=0.6904
        [Trial 0] gen  200  evals=12000  best=0.6882
        [Trial 0] gen  220  evals=13200  best=0.6882
        [Trial 0] gen  240  evals=14400  best=0.6882
        [Trial 0] gen  260  evals=15600  best=0.6882
        [Trial 0] gen  280  evals=16800  best=0.6882
        [Trial 0] gen  300  evals=18000  best=0.6882
        [Trial 0] gen  320  evals=19200  best=0.6882
        [Trial 0] gen  340  evals=20400  best=0.6882
        [Trial 0] gen  360  evals=21600  best=0.6873
        [Trial 0] gen  380  evals=22800  best=0.6873
        [Trial 0] gen  400  evals=24000  best=0.6870
        [Trial 0] gen  420  evals=25200  best=0.6870
        [Trial 0] gen  440  evals=26400  best=0.6870
        [Trial 0] gen  460  evals=27600  best=0.6870
        [Trial 0] gen  480  evals=28800  best=0.6870
        [Trial 0] gen  500  evals=30000  best=0.6870
        [Done] Trial 0 best=0.6870
    --> Trial 1 | pop=46 seed=11375 x0_norm_min=-0.937 x0_norm_max=0.907
        [Pruned] Trial 1 at gen 15 (loss=0.7627)
    --> Trial 2 | pop=50 seed=53420 x0_norm_min=-0.344 x0_norm_max=0.824
        [Pruned] Trial 2 at gen 15 (loss=0.7517)
    --> Trial 3 | pop=34 seed=12585 x0_norm_min=-0.797 x0_norm_max=0.622
        [Pruned] Trial 3 at gen 15 (loss=0.7702)
    --> Trial 4 | pop=56 seed=24034 x0_norm_min=-0.947 x0_norm_max=0.785
        [Pruned] Trial 4 at gen 15 (loss=0.7916)
    --> Trial 5 | pop=58 seed=32930 x0_norm_min=-0.748 x0_norm_max=0.981
        [Trial 5] gen   20  evals= 1160  best=0.7186
        [Trial 5] gen   40  evals= 2320  best=0.6992
        [Trial 5] gen   60  evals= 3480  best=0.6992
        [Trial 5] gen   80  evals= 4640  best=0.6800
        [Trial 5] gen  100  evals= 5800  best=0.6708
        [Trial 5] gen  120  evals= 6960  best=0.6708
        [Trial 5] gen  140  evals= 8120  best=0.6708
        [Trial 5] gen  160  evals= 9280  best=0.6708
        [Trial 5] gen  180  evals=10440  best=0.6705
        [Trial 5] gen  200  evals=11600  best=0.6666
        [Trial 5] gen  220  evals=12760  best=0.6662
        [Trial 5] gen  240  evals=13920  best=0.6641
        [Trial 5] gen  260  evals=15080  best=0.6641
        [Trial 5] gen  280  evals=16240  best=0.6641
        [Trial 5] gen  300  evals=17400  best=0.6641
        [Trial 5] gen  320  evals=18560  best=0.6641
        [Trial 5] gen  340  evals=19720  best=0.6641
        [Trial 5] gen  360  evals=20880  best=0.6641
        [Trial 5] gen  380  evals=22040  best=0.6641
        [Trial 5] gen  400  evals=23200  best=0.6641
        [Trial 5] gen  420  evals=24360  best=0.6641
        [Trial 5] gen  440  evals=25520  best=0.6641
        [Trial 5] gen  460  evals=26680  best=0.6641
        [TRIAL TIMEOUT] Trial 5 total >600s, stopping
        [Done] Trial 5 best=0.6641
    --> Trial 6 | pop=57 seed=94592 x0_norm_min=-0.929 x0_norm_max=0.732
        [Pruned] Trial 6 at gen 15 (loss=0.7566)
    --> Trial 7 | pop=33 seed=62463 x0_norm_min=-0.779 x0_norm_max=0.922
        [Pruned] Trial 7 at gen 15 (loss=0.7788)
    --> Trial 8 | pop=39 seed=83474 x0_norm_min=-0.814 x0_norm_max=0.843
        [Pruned] Trial 8 at gen 15 (loss=0.7647)
    --> Trial 9 | pop=51 seed=63437 x0_norm_min=-0.955 x0_norm_max=0.770
        [Trial 9] gen   20  evals= 1020  best=0.7449
        [Trial 9] gen   40  evals= 2040  best=0.7418
        [Pruned] Trial 9 at gen 45 (loss=0.7275)
    --> Trial 10 | pop=41 seed=36192 x0_norm_min=-0.841 x0_norm_max=0.672
        [Trial 10] gen   20  evals=  820  best=0.7167
        [Trial 10] gen   40  evals= 1640  best=0.7167
        [Pruned] Trial 10 at gen 45 (loss=0.7167)
    --> Trial 11 | pop=60 seed=33946 x0_norm_min=-0.781 x0_norm_max=0.859
        [Trial 11] gen   20  evals= 1200  best=0.7423
        [Trial 11] gen   40  evals= 2400  best=0.7217
        [Pruned] Trial 11 at gen 45 (loss=0.7217)
    --> Trial 12 | pop=60 seed=350 x0_norm_min=-0.402 x0_norm_max=0.428
        [Pruned] Trial 12 at gen 15 (loss=0.7531)
    --> Trial 13 | pop=54 seed=43229 x0_norm_min=-0.863 x0_norm_max=0.955
        [Pruned] Trial 13 at gen 15 (loss=0.7569)
    --> Trial 14 | pop=52 seed=24126 x0_norm_min=-0.897 x0_norm_max=-0.091
        [Trial 14] gen   20  evals= 1040  best=0.7387
        [Trial 14] gen   40  evals= 2080  best=0.7186
        [Pruned] Trial 14 at gen 45 (loss=0.7186)
    --> Trial 15 | pop=60 seed=21010 x0_norm_min=-0.690 x0_norm_max=0.990
        [Trial 15] gen   20  evals= 1200  best=0.7298
        [Trial 15] gen   40  evals= 2400  best=0.7290
        [Pruned] Trial 15 at gen 45 (loss=0.7290)
    --> Trial 16 | pop=48 seed=48565 x0_norm_min=-0.776 x0_norm_max=0.982
        [Pruned] Trial 16 at gen 15 (loss=0.7425)
    --> Trial 17 | pop=56 seed=3392 x0_norm_min=-0.863 x0_norm_max=0.835
        [Pruned] Trial 17 at gen 15 (loss=0.7475)
    --> Trial 18 | pop=57 seed=37780 x0_norm_min=-0.933 x0_norm_max=0.907
        [Trial 18] gen   20  evals= 1140  best=0.7194
        [Trial 18] gen   40  evals= 2280  best=0.7194
        [Pruned] Trial 18 at gen 45 (loss=0.7194)
    --> Trial 19 | pop=45 seed=28709 x0_norm_min=-0.948 x0_norm_max=0.822
        [Trial 19] gen   20  evals=  900  best=0.7341
        [Trial 19] gen   40  evals= 1800  best=0.7341
        [Pruned] Trial 19 at gen 45 (loss=0.7341)

  Winner: Trial 5, loss=0.664095 (1240s)
    Restarts run: 20
    mu: 7.819589
    D_mu: 2.194821
    T0_mu: 6.693042
    Ly: 2.520758
    op_x: 0.984447
    op_y: 0.718642
    NMSE: 0.030995
  [Saved] random_IR_0015

============================================================
[16/50] random_IR_0016.npz
  GT loss: 0.225549
    --> Trial 0 | pop=52 seed=68091 x0_norm_min=-0.944 x0_norm_max=0.730
        [Trial 0] gen   20  evals= 1040  best=0.6117
        [Trial 0] gen   40  evals= 2080  best=0.6117
        [Trial 0] gen   60  evals= 3120  best=0.6039
        [Trial 0] gen   80  evals= 4160  best=0.6039
        [Trial 0] gen  100  evals= 5200  best=0.6039
        [Trial 0] gen  120  evals= 6240  best=0.6039
        [Trial 0] gen  140  evals= 7280  best=0.6039
        [Trial 0] gen  160  evals= 8320  best=0.6039
        [Trial 0] gen  180  evals= 9360  best=0.6039
        [Trial 0] gen  200  evals=10400  best=0.6039
        [Trial 0] gen  220  evals=11440  best=0.6039
        [Trial 0] gen  240  evals=12480  best=0.6039
        [Trial 0] gen  260  evals=13520  best=0.6039
        [Trial 0] gen  280  evals=14560  best=0.6039
        [Trial 0] gen  300  evals=15600  best=0.6039
NOTE (module=cma, iteration=312):  
condition in coordinate system exceeded 1.1e+08, rescaled to 1.0e+00, 
condition changed from 3.5e+08 to 1.2e+06
        [Trial 0] gen  320  evals=16640  best=0.6039
        [Trial 0] gen  340  evals=17680  best=0.6039
        [Trial 0] gen  360  evals=18720  best=0.6039
        [Trial 0] gen  380  evals=19760  best=0.6039
        [Trial 0] gen  400  evals=20800  best=0.6039
        [Trial 0] gen  420  evals=21840  best=0.6039
        [Trial 0] gen  440  evals=22880  best=0.6039
        [Trial 0] gen  460  evals=23920  best=0.6039
        [Trial 0] gen  480  evals=24960  best=0.6039
        [Trial 0] gen  500  evals=26000  best=0.6039
        [Trial 0] gen  520  evals=27040  best=0.6039
        [Trial 0] gen  540  evals=28080  best=0.6039
        [Trial 0] gen  560  evals=29120  best=0.6039
        [Done] Trial 0 best=0.6039
    --> Trial 1 | pop=53 seed=56019 x0_norm_min=-0.937 x0_norm_max=0.907
        [Pruned] Trial 1 at gen 15 (loss=0.6353)
    --> Trial 2 | pop=57 seed=86549 x0_norm_min=-0.344 x0_norm_max=0.824
        [Trial 2] gen   20  evals= 1140  best=0.6018
        [Trial 2] gen   40  evals= 2280  best=0.6018
        [Trial 2] gen   60  evals= 3420  best=0.6018
        [Trial 2] gen   80  evals= 4560  best=0.6018
        [Trial 2] gen  100  evals= 5700  best=0.6018
        [Trial 2] gen  120  evals= 6840  best=0.6018
        [Trial 2] gen  140  evals= 7980  best=0.6018
        [Trial 2] gen  160  evals= 9120  best=0.6018
        [Trial 2] gen  180  evals=10260  best=0.6018
        [Trial 2] gen  200  evals=11400  best=0.5868
        [Trial 2] gen  220  evals=12540  best=0.5868
        [Trial 2] gen  240  evals=13680  best=0.5868
        [Trial 2] gen  260  evals=14820  best=0.5868
        [Trial 2] gen  280  evals=15960  best=0.5837
        [Trial 2] gen  300  evals=17100  best=0.5759
        [Trial 2] gen  320  evals=18240  best=0.5733
        [Trial 2] gen  340  evals=19380  best=0.5677
        [Trial 2] gen  360  evals=20520  best=0.5654
        [Trial 2] gen  380  evals=21660  best=0.5642
        [Trial 2] gen  400  evals=22800  best=0.5639
        [Trial 2] gen  420  evals=23940  best=0.5639
        [Trial 2] gen  440  evals=25080  best=0.5639
        [Trial 2] gen  460  evals=26220  best=0.5639
        [Trial 2] gen  480  evals=27360  best=0.5639
        [Trial 2] gen  500  evals=28500  best=0.5639
NOTE (module=cma, iteration=501):  
condition in coordinate system exceeded 1.0e+08, rescaled to 1.0e+00, 
condition changed from 3.1e+09 to 3.6e+08
        [Trial 2] gen  520  evals=29640  best=0.5639
        [Done] Trial 2 best=0.5639
    --> Trial 3 | pop=43 seed=18290 x0_norm_min=-0.797 x0_norm_max=0.622
        [Pruned] Trial 3 at gen 15 (loss=0.6155)
    --> Trial 4 | pop=37 seed=7492 x0_norm_min=-0.947 x0_norm_max=0.785
        [Pruned] Trial 4 at gen 15 (loss=0.6275)
    --> Trial 5 | pop=58 seed=36251 x0_norm_min=-0.748 x0_norm_max=0.981
        [Pruned] Trial 5 at gen 15 (loss=0.6236)
    --> Trial 6 | pop=46 seed=62325 x0_norm_min=-0.929 x0_norm_max=0.732
        [Pruned] Trial 6 at gen 15 (loss=0.6377)
    --> Trial 7 | pop=48 seed=91429 x0_norm_min=-0.779 x0_norm_max=0.922
        [Pruned] Trial 7 at gen 15 (loss=0.6174)
    --> Trial 8 | pop=58 seed=45623 x0_norm_min=-0.814 x0_norm_max=0.843
        [Pruned] Trial 8 at gen 15 (loss=0.6195)
    --> Trial 9 | pop=54 seed=36321 x0_norm_min=-0.955 x0_norm_max=0.770
        [Pruned] Trial 9 at gen 15 (loss=0.6230)
    --> Trial 10 | pop=30 seed=98619 x0_norm_min=-0.841 x0_norm_max=0.672
        [Pruned] Trial 10 at gen 15 (loss=0.6210)
    --> Trial 11 | pop=52 seed=80194 x0_norm_min=-0.781 x0_norm_max=0.859
        [Pruned] Trial 11 at gen 15 (loss=0.6228)
    --> Trial 12 | pop=60 seed=76074 x0_norm_min=-0.402 x0_norm_max=0.428
        [Pruned] Trial 12 at gen 15 (loss=0.6328)
    --> Trial 13 | pop=49 seed=77200 x0_norm_min=-0.863 x0_norm_max=0.955
        [Pruned] Trial 13 at gen 15 (loss=0.6190)
    --> Trial 14 | pop=55 seed=65761 x0_norm_min=-0.897 x0_norm_max=-0.091
        [Pruned] Trial 14 at gen 15 (loss=0.6214)
    --> Trial 15 | pop=41 seed=87213 x0_norm_min=-0.690 x0_norm_max=0.990
        [Pruned] Trial 15 at gen 15 (loss=0.6473)
    --> Trial 16 | pop=50 seed=68945 x0_norm_min=-0.776 x0_norm_max=0.982
        [Trial 16] gen   20  evals= 1000  best=0.6101
        [Trial 16] gen   40  evals= 2000  best=0.6101
        [Pruned] Trial 16 at gen 45 (loss=0.6101)
    --> Trial 17 | pop=56 seed=48139 x0_norm_min=-0.863 x0_norm_max=0.835
        [Pruned] Trial 17 at gen 15 (loss=0.6274)
    --> Trial 18 | pop=44 seed=99920 x0_norm_min=-0.933 x0_norm_max=0.907
        [Pruned] Trial 18 at gen 15 (loss=0.6295)
    --> Trial 19 | pop=60 seed=89466 x0_norm_min=-0.948 x0_norm_max=0.822
        [Trial 19] gen   20  evals= 1200  best=0.6172
        [Trial 19] gen   40  evals= 2400  best=0.6106
        [Pruned] Trial 19 at gen 45 (loss=0.6045)

  Winner: Trial 2, loss=0.563907 (644s)
    Restarts run: 20
    mu: 12.027549
    D_mu: 33.668246
    T0_mu: 57.714895
    Ly: 3.618416
    op_x: 0.664222
    op_y: 0.563006
    NMSE: 0.110645
  [Saved] random_IR_0016

============================================================
[17/50] random_IR_0017.npz
  GT loss: 0.218545
    --> Trial 0 | pop=41 seed=47948 x0_norm_min=-0.944 x0_norm_max=0.730
        [Trial 0] gen   20  evals=  820  best=0.5953
        [Trial 0] gen   40  evals= 1640  best=0.5738
        [Trial 0] gen   60  evals= 2460  best=0.5738
        [Trial 0] gen   80  evals= 3280  best=0.5738
        [Trial 0] gen  100  evals= 4100  best=0.5738
        [Trial 0] gen  120  evals= 4920  best=0.5738
        [Trial 0] gen  140  evals= 5740  best=0.5719
        [Trial 0] gen  160  evals= 6560  best=0.5719
        [Trial 0] gen  180  evals= 7380  best=0.5702
        [Trial 0] gen  200  evals= 8200  best=0.5702
        [Trial 0] gen  220  evals= 9020  best=0.5702
        [Trial 0] gen  240  evals= 9840  best=0.5702
        [Trial 0] gen  260  evals=10660  best=0.5702
        [Trial 0] gen  280  evals=11480  best=0.5696
        [Trial 0] gen  300  evals=12300  best=0.5679
        [Trial 0] gen  320  evals=13120  best=0.5662
        [Trial 0] gen  340  evals=13940  best=0.5658
        [Trial 0] gen  360  evals=14760  best=0.5654
        [Trial 0] gen  380  evals=15580  best=0.5653
        [TRIAL TIMEOUT] Trial 0 total >600s, stopping
        [Done] Trial 0 best=0.5653
    --> Trial 1 | pop=34 seed=97647 x0_norm_min=-0.937 x0_norm_max=0.907
        [Trial 1] gen   20  evals=  680  best=0.5877
        [Trial 1] gen   40  evals= 1360  best=0.5877
        [Pruned] Trial 1 at gen 45 (loss=0.5877)
    --> Trial 2 | pop=50 seed=90206 x0_norm_min=-0.344 x0_norm_max=0.824
        [Pruned] Trial 2 at gen 15 (loss=0.5943)
    --> Trial 3 | pop=51 seed=41393 x0_norm_min=-0.797 x0_norm_max=0.622
        [Pruned] Trial 3 at gen 15 (loss=0.5928)
    --> Trial 4 | pop=38 seed=74526 x0_norm_min=-0.947 x0_norm_max=0.785
        [Pruned] Trial 4 at gen 15 (loss=0.6102)
    --> Trial 5 | pop=50 seed=66680 x0_norm_min=-0.748 x0_norm_max=0.981
        [Trial 5] gen   20  evals= 1000  best=0.5741
        [Trial 5] gen   40  evals= 2000  best=0.5741
        [Pruned] Trial 5 at gen 45 (loss=0.5741)
    --> Trial 6 | pop=60 seed=12386 x0_norm_min=-0.929 x0_norm_max=0.732
        [Pruned] Trial 6 at gen 15 (loss=0.5956)
    --> Trial 7 | pop=47 seed=55778 x0_norm_min=-0.779 x0_norm_max=0.922
        [Pruned] Trial 7 at gen 15 (loss=0.5878)
    --> Trial 8 | pop=49 seed=10505 x0_norm_min=-0.814 x0_norm_max=0.843
        [Trial 8] gen   20  evals=  980  best=0.5871
        [Trial 8] gen   40  evals= 1960  best=0.5871
        [Trial 8] gen   60  evals= 2940  best=0.5688
        [Trial 8] gen   80  evals= 3920  best=0.5658
        [Trial 8] gen  100  evals= 4900  best=0.5567
        [Trial 8] gen  120  evals= 5880  best=0.5567
        [Trial 8] gen  140  evals= 6860  best=0.5567
        [Trial 8] gen  160  evals= 7840  best=0.5567
        [Trial 8] gen  180  evals= 8820  best=0.5563
        [Trial 8] gen  200  evals= 9800  best=0.5522
        [Trial 8] gen  220  evals=10780  best=0.5519
        [Trial 8] gen  240  evals=11760  best=0.5476
        [Trial 8] gen  260  evals=12740  best=0.5443
        [Trial 8] gen  280  evals=13720  best=0.5435
        [Trial 8] gen  300  evals=14700  best=0.5434
        [Trial 8] gen  320  evals=15680  best=0.5422
        [Trial 8] gen  340  evals=16660  best=0.5422
        [Trial 8] gen  360  evals=17640  best=0.5422
        [Trial 8] gen  380  evals=18620  best=0.5421
        [Trial 8] gen  400  evals=19600  best=0.5419
        [Trial 8] gen  420  evals=20580  best=0.5419
        [Trial 8] gen  440  evals=21560  best=0.5418
        [Trial 8] gen  460  evals=22540  best=0.5417
        [Trial 8] gen  480  evals=23520  best=0.5416
NOTE (module=cma, iteration=482):  
condition in coordinate system exceeded 1.0e+08, rescaled to 1.0e+00, 
condition changed from 3.6e+09 to 6.7e+06
        [Trial 8] gen  500  evals=24500  best=0.5414
        [Trial 8] gen  520  evals=25480  best=0.5414
        [Trial 8] gen  540  evals=26460  best=0.5414
        [Trial 8] gen  560  evals=27440  best=0.5414
        [Trial 8] gen  580  evals=28420  best=0.5414
        [Done] Trial 8 best=0.5414
    --> Trial 9 | pop=54 seed=71202 x0_norm_min=-0.955 x0_norm_max=0.770
        [Pruned] Trial 9 at gen 15 (loss=0.5933)
    --> Trial 10 | pop=32 seed=2676 x0_norm_min=-0.841 x0_norm_max=0.672
        [Pruned] Trial 10 at gen 15 (loss=0.6059)
    --> Trial 11 | pop=42 seed=27412 x0_norm_min=-0.781 x0_norm_max=0.859
        [Pruned] Trial 11 at gen 15 (loss=0.5888)
    --> Trial 12 | pop=43 seed=28631 x0_norm_min=-0.402 x0_norm_max=0.428
        [Pruned] Trial 12 at gen 15 (loss=0.6120)
    --> Trial 13 | pop=40 seed=43809 x0_norm_min=-0.863 x0_norm_max=0.955
        [Trial 13] gen   20  evals=  800  best=0.5853
        [Trial 13] gen   40  evals= 1600  best=0.5728
        [Pruned] Trial 13 at gen 45 (loss=0.5728)
    --> Trial 14 | pop=45 seed=18104 x0_norm_min=-0.897 x0_norm_max=-0.091
        [Pruned] Trial 14 at gen 15 (loss=0.6009)
    --> Trial 15 | pop=37 seed=764 x0_norm_min=-0.690 x0_norm_max=0.990
        [Pruned] Trial 15 at gen 15 (loss=0.5906)
    --> Trial 16 | pop=56 seed=43908 x0_norm_min=-0.776 x0_norm_max=0.982
        [Pruned] Trial 16 at gen 15 (loss=0.5993)
    --> Trial 17 | pop=47 seed=27451 x0_norm_min=-0.863 x0_norm_max=0.835
        [Trial 17] gen   20  evals=  940  best=0.5777
        [Trial 17] gen   40  evals= 1880  best=0.5753
        [Pruned] Trial 17 at gen 45 (loss=0.5753)
    --> Trial 18 | pop=35 seed=62023 x0_norm_min=-0.933 x0_norm_max=0.907
        [Pruned] Trial 18 at gen 15 (loss=0.6072)
    --> Trial 19 | pop=30 seed=86577 x0_norm_min=-0.948 x0_norm_max=0.822
        [Trial 19] gen   20  evals=  600  best=0.5784
        [Trial 19] gen   40  evals= 1200  best=0.5784
        [Pruned] Trial 19 at gen 45 (loss=0.5784)

  Winner: Trial 8, loss=0.541442 (1299s)
    Restarts run: 20
    mu: 2.907223
    D_mu: 7.033338
    T0_mu: 343.826254
    Ly: 3.087372
    op_x: 0.574976
    op_y: 0.896123
    NMSE: 0.132788
  [Saved] random_IR_0017

============================================================
[18/50] random_IR_0018.npz
  GT loss: 0.169351
    --> Trial 0 | pop=38 seed=20125 x0_norm_min=-0.944 x0_norm_max=0.730
        [Trial 0] gen   20  evals=  760  best=0.5331
        [Trial 0] gen   40  evals= 1520  best=0.5331
        [Trial 0] gen   60  evals= 2280  best=0.5331
        [Trial 0] gen   80  evals= 3040  best=0.5318
        [Trial 0] gen  100  evals= 3800  best=0.5318
        [Trial 0] gen  120  evals= 4560  best=0.5232
        [Trial 0] gen  140  evals= 5320  best=0.5198
        [Trial 0] gen  160  evals= 6080  best=0.5168
        [Trial 0] gen  180  evals= 6840  best=0.5144
        [Trial 0] gen  200  evals= 7600  best=0.5068
        [Trial 0] gen  220  evals= 8360  best=0.5068
        [Trial 0] gen  240  evals= 9120  best=0.5068
        [Trial 0] gen  260  evals= 9880  best=0.5063
        [Trial 0] gen  280  evals=10640  best=0.5061
        [Trial 0] gen  300  evals=11400  best=0.5058
        [Trial 0] gen  320  evals=12160  best=0.5054
        [Trial 0] gen  340  evals=12920  best=0.5054
        [Trial 0] gen  360  evals=13680  best=0.5049
        [Trial 0] gen  380  evals=14440  best=0.5049
        [Trial 0] gen  400  evals=15200  best=0.5047
        [Trial 0] gen  420  evals=15960  best=0.5044
        [Trial 0] gen  440  evals=16720  best=0.5043
        [TRIAL TIMEOUT] Trial 0 total >600s, stopping
        [Done] Trial 0 best=0.5043
    --> Trial 1 | pop=43 seed=64250 x0_norm_min=-0.937 x0_norm_max=0.907
        [Pruned] Trial 1 at gen 15 (loss=0.5474)
    --> Trial 2 | pop=53 seed=65300 x0_norm_min=-0.344 x0_norm_max=0.824
        [Pruned] Trial 2 at gen 15 (loss=0.5639)
    --> Trial 3 | pop=52 seed=88458 x0_norm_min=-0.797 x0_norm_max=0.622
        [Pruned] Trial 3 at gen 15 (loss=0.5390)
    --> Trial 4 | pop=39 seed=34072 x0_norm_min=-0.947 x0_norm_max=0.785
        [Pruned] Trial 4 at gen 15 (loss=0.5615)
    --> Trial 5 | pop=31 seed=80875 x0_norm_min=-0.748 x0_norm_max=0.981
        [Pruned] Trial 5 at gen 15 (loss=0.5523)
    --> Trial 6 | pop=52 seed=18439 x0_norm_min=-0.929 x0_norm_max=0.732
        [Pruned] Trial 6 at gen 15 (loss=0.5407)
    --> Trial 7 | pop=46 seed=8589 x0_norm_min=-0.779 x0_norm_max=0.922
        [Pruned] Trial 7 at gen 15 (loss=0.5487)
    --> Trial 8 | pop=32 seed=96019 x0_norm_min=-0.814 x0_norm_max=0.843
        [Pruned] Trial 8 at gen 15 (loss=0.5478)
    --> Trial 9 | pop=35 seed=13989 x0_norm_min=-0.955 x0_norm_max=0.770
        [Pruned] Trial 9 at gen 15 (loss=0.5550)
    --> Trial 10 | pop=58 seed=40377 x0_norm_min=-0.841 x0_norm_max=0.672
        [Pruned] Trial 10 at gen 15 (loss=0.5421)
    --> Trial 11 | pop=60 seed=49912 x0_norm_min=-0.781 x0_norm_max=0.859
        [Trial 11] gen   20  evals= 1200  best=0.5205
        [Trial 11] gen   40  evals= 2400  best=0.5205
        [Trial 11] gen   60  evals= 3600  best=0.5205
        [Trial 11] gen   80  evals= 4800  best=0.5205
        [Trial 11] gen  100  evals= 6000  best=0.5205
        [Trial 11] gen  120  evals= 7200  best=0.5189
        [Trial 11] gen  140  evals= 8400  best=0.5173
        [Trial 11] gen  160  evals= 9600  best=0.5153
        [Trial 11] gen  180  evals=10800  best=0.5107
        [Trial 11] gen  200  evals=12000  best=0.5089
        [Trial 11] gen  220  evals=13200  best=0.5056
        [Trial 11] gen  240  evals=14400  best=0.5056
        [Trial 11] gen  260  evals=15600  best=0.5055
        [Trial 11] gen  280  evals=16800  best=0.5046
        [Trial 11] gen  300  evals=18000  best=0.5034
        [Trial 11] gen  320  evals=19200  best=0.5034
        [Trial 11] gen  340  evals=20400  best=0.5034
        [Trial 11] gen  360  evals=21600  best=0.5033
        [Trial 11] gen  380  evals=22800  best=0.5031
        [Trial 11] gen  400  evals=24000  best=0.5029
        [Trial 11] gen  420  evals=25200  best=0.5027
        [Trial 11] gen  440  evals=26400  best=0.5026
        [Trial 11] gen  460  evals=27600  best=0.5026
        [Trial 11] gen  480  evals=28800  best=0.5023
        [Trial 11] gen  500  evals=30000  best=0.5023
        [Done] Trial 11 best=0.5023
    --> Trial 12 | pop=60 seed=41549 x0_norm_min=-0.402 x0_norm_max=0.428
        [Pruned] Trial 12 at gen 15 (loss=0.5422)
    --> Trial 13 | pop=46 seed=54931 x0_norm_min=-0.863 x0_norm_max=0.955
        [Trial 13] gen   20  evals=  920  best=0.5125
        [Trial 13] gen   40  evals= 1840  best=0.5125
        [Trial 13] gen   60  evals= 2760  best=0.5125
        [Trial 13] gen   80  evals= 3680  best=0.5125
        [Trial 13] gen  100  evals= 4600  best=0.5125
        [Trial 13] gen  120  evals= 5520  best=0.5125
        [Trial 13] gen  140  evals= 6440  best=0.5125
        [Trial 13] gen  160  evals= 7360  best=0.5125
        [Trial 13] gen  180  evals= 8280  best=0.5093
        [Trial 13] gen  200  evals= 9200  best=0.5044
        [Trial 13] gen  220  evals=10120  best=0.5000
        [Trial 13] gen  240  evals=11040  best=0.4971
        [Trial 13] gen  260  evals=11960  best=0.4961
        [Trial 13] gen  280  evals=12880  best=0.4952
        [Trial 13] gen  300  evals=13800  best=0.4952
        [Trial 13] gen  320  evals=14720  best=0.4947
NOTE (module=cma, iteration=321):  
condition in coordinate system exceeded 1.1e+08, rescaled to 1.0e+00, 
condition changed from 4.0e+08 to 1.3e+08
        [Trial 13] gen  340  evals=15640  best=0.4946
        [Trial 13] gen  360  evals=16560  best=0.4946
        [Trial 13] gen  380  evals=17480  best=0.4946
        [Trial 13] gen  400  evals=18400  best=0.4946
        [Trial 13] gen  420  evals=19320  best=0.4945
        [Trial 13] gen  440  evals=20240  best=0.4944
        [Trial 13] gen  460  evals=21160  best=0.4944
        [Trial 13] gen  480  evals=22080  best=0.4944
        [Trial 13] gen  500  evals=23000  best=0.4944
        [Trial 13] gen  520  evals=23920  best=0.4944
        [Trial 13] gen  540  evals=24840  best=0.4943
        [Trial 13] gen  560  evals=25760  best=0.4943
        [Trial 13] gen  580  evals=26680  best=0.4943
        [Trial 13] gen  600  evals=27600  best=0.4943
        [Done] Trial 13 best=0.4943
    --> Trial 14 | pop=46 seed=57349 x0_norm_min=-0.897 x0_norm_max=-0.091
        [Pruned] Trial 14 at gen 15 (loss=0.5577)
    --> Trial 15 | pop=56 seed=49533 x0_norm_min=-0.690 x0_norm_max=0.990
        [Pruned] Trial 15 at gen 15 (loss=0.5486)
    --> Trial 16 | pop=48 seed=75288 x0_norm_min=-0.776 x0_norm_max=0.982
        [Pruned] Trial 16 at gen 15 (loss=0.5473)
    --> Trial 17 | pop=42 seed=28348 x0_norm_min=-0.863 x0_norm_max=0.835
        [Trial 17] gen   20  evals=  840  best=0.5330
        [Trial 17] gen   40  evals= 1680  best=0.5330
        [Trial 17] gen   60  evals= 2520  best=0.5109
        [Trial 17] gen   80  evals= 3360  best=0.5109
        [Trial 17] gen  100  evals= 4200  best=0.5109
        [Trial 17] gen  120  evals= 5040  best=0.5109
        [Trial 17] gen  140  evals= 5880  best=0.5077
        [Trial 17] gen  160  evals= 6720  best=0.5030
        [Trial 17] gen  180  evals= 7560  best=0.5030
        [Trial 17] gen  200  evals= 8400  best=0.4966
        [Trial 17] gen  220  evals= 9240  best=0.4853
        [Trial 17] gen  240  evals=10080  best=0.4841
        [Trial 17] gen  260  evals=10920  best=0.4825
        [Trial 17] gen  280  evals=11760  best=0.4800
        [Trial 17] gen  300  evals=12600  best=0.4794
        [Trial 17] gen  320  evals=13440  best=0.4794
        [Trial 17] gen  340  evals=14280  best=0.4789
        [Trial 17] gen  360  evals=15120  best=0.4789
        [Trial 17] gen  380  evals=15960  best=0.4788
        [Trial 17] gen  400  evals=16800  best=0.4785
        [Trial 17] gen  420  evals=17640  best=0.4785
        [Trial 17] gen  440  evals=18480  best=0.4785
        [Trial 17] gen  460  evals=19320  best=0.4785
        [Trial 17] gen  480  evals=20160  best=0.4785
        [Trial 17] gen  500  evals=21000  best=0.4785
        [Trial 17] gen  520  evals=21840  best=0.4785
        [Trial 17] gen  540  evals=22680  best=0.4785
        [Done] Trial 17 best=0.4785
    --> Trial 18 | pop=40 seed=242 x0_norm_min=-0.933 x0_norm_max=0.907
        [Pruned] Trial 18 at gen 15 (loss=0.5618)
    --> Trial 19 | pop=43 seed=30401 x0_norm_min=-0.948 x0_norm_max=0.822
        [Trial 19] gen   20  evals=  860  best=0.5362
        [Trial 19] gen   40  evals= 1720  best=0.5336
        [Pruned] Trial 19 at gen 45 (loss=0.5228)

  Winner: Trial 17, loss=0.478523 (1774s)
    Restarts run: 20
    mu: 25.668759
    D_mu: 10.710146
    T0_mu: 19.076573
    Ly: 3.530072
    op_x: 0.578847
    op_y: 0.725383
    NMSE: 0.066764
  [Saved] random_IR_0018

============================================================
[19/50] random_IR_0019.npz
  GT loss: 0.118240
    --> Trial 0 | pop=40 seed=94542 x0_norm_min=-0.944 x0_norm_max=0.730
        [Trial 0] gen   20  evals=  800  best=0.5282
        [Trial 0] gen   40  evals= 1600  best=0.5185
        [Trial 0] gen   60  evals= 2400  best=0.5185
        [Trial 0] gen   80  evals= 3200  best=0.5171
        [Trial 0] gen  100  evals= 4000  best=0.5171
        [Trial 0] gen  120  evals= 4800  best=0.5153
        [Trial 0] gen  140  evals= 5600  best=0.5153
        [Trial 0] gen  160  evals= 6400  best=0.5151
        [Trial 0] gen  180  evals= 7200  best=0.5150
        [Trial 0] gen  200  evals= 8000  best=0.5121
        [Trial 0] gen  220  evals= 8800  best=0.5111
        [Trial 0] gen  240  evals= 9600  best=0.5111
        [Trial 0] gen  260  evals=10400  best=0.5111
        [Trial 0] gen  280  evals=11200  best=0.5106
        [Trial 0] gen  300  evals=12000  best=0.5106
        [Trial 0] gen  320  evals=12800  best=0.5106
        [Trial 0] gen  340  evals=13600  best=0.5106
        [Trial 0] gen  360  evals=14400  best=0.5105
        [Trial 0] gen  380  evals=15200  best=0.5104
        [Trial 0] gen  400  evals=16000  best=0.5099
        [TRIAL TIMEOUT] Trial 0 total >600s, stopping
        [Done] Trial 0 best=0.5099
    --> Trial 1 | pop=51 seed=10105 x0_norm_min=-0.937 x0_norm_max=0.907
        [Trial 1] gen   20  evals= 1020  best=0.5185
        [Trial 1] gen   40  evals= 2040  best=0.5135
        [Trial 1] gen   60  evals= 3060  best=0.5135
        [Trial 1] gen   80  evals= 4080  best=0.5133
        [Trial 1] gen  100  evals= 5100  best=0.5062
        [Trial 1] gen  120  evals= 6120  best=0.4911
        [Trial 1] gen  140  evals= 7140  best=0.4911
        [Trial 1] gen  160  evals= 8160  best=0.4908
        [Trial 1] gen  180  evals= 9180  best=0.4908
        [Trial 1] gen  200  evals=10200  best=0.4887
        [Trial 1] gen  220  evals=11220  best=0.4887
        [Trial 1] gen  240  evals=12240  best=0.4858
        [Trial 1] gen  260  evals=13260  best=0.4839
        [Trial 1] gen  280  evals=14280  best=0.4836
        [Trial 1] gen  300  evals=15300  best=0.4830
        [Trial 1] gen  320  evals=16320  best=0.4830
        [Trial 1] gen  340  evals=17340  best=0.4819
        [Trial 1] gen  360  evals=18360  best=0.4819
        [Trial 1] gen  380  evals=19380  best=0.4817
        [Trial 1] gen  400  evals=20400  best=0.4815
        [Trial 1] gen  420  evals=21420  best=0.4814
        [Trial 1] gen  440  evals=22440  best=0.4814
        [TRIAL TIMEOUT] Trial 1 total >600s, stopping
        [Done] Trial 1 best=0.4814
    --> Trial 2 | pop=42 seed=82446 x0_norm_min=-0.344 x0_norm_max=0.824
        [Trial 2] gen   20  evals=  840  best=0.5127
        [Trial 2] gen   40  evals= 1680  best=0.5127
        [Trial 2] gen   60  evals= 2520  best=0.5103
        [Trial 2] gen   80  evals= 3360  best=0.5103
        [Trial 2] gen  100  evals= 4200  best=0.5061
        [Trial 2] gen  120  evals= 5040  best=0.5004
        [Pruned] Trial 2 at gen 135 (loss=0.5004)
    --> Trial 3 | pop=51 seed=65014 x0_norm_min=-0.797 x0_norm_max=0.622
        [Pruned] Trial 3 at gen 15 (loss=0.5280)
    --> Trial 4 | pop=33 seed=13903 x0_norm_min=-0.947 x0_norm_max=0.785
        [Trial 4] gen   20  evals=  660  best=0.5090
        [Trial 4] gen   40  evals= 1320  best=0.5090
        [Trial 4] gen   60  evals= 1980  best=0.5090
        [Trial 4] gen   80  evals= 2640  best=0.5090
        [Trial 4] gen  100  evals= 3300  best=0.5090
        [Trial 4] gen  120  evals= 3960  best=0.5090
        [Pruned] Trial 4 at gen 135 (loss=0.5090)
    --> Trial 5 | pop=30 seed=33067 x0_norm_min=-0.748 x0_norm_max=0.981
        [Pruned] Trial 5 at gen 15 (loss=0.5174)
    --> Trial 6 | pop=50 seed=47350 x0_norm_min=-0.929 x0_norm_max=0.732
        [Pruned] Trial 6 at gen 15 (loss=0.5239)
    --> Trial 7 | pop=40 seed=18409 x0_norm_min=-0.779 x0_norm_max=0.922
        [Pruned] Trial 7 at gen 15 (loss=0.5224)
    --> Trial 8 | pop=58 seed=23488 x0_norm_min=-0.814 x0_norm_max=0.843
        [Trial 8] gen   20  evals= 1160  best=0.5148
        [Trial 8] gen   40  evals= 2320  best=0.5148
        [Pruned] Trial 8 at gen 45 (loss=0.5148)
    --> Trial 9 | pop=42 seed=85140 x0_norm_min=-0.955 x0_norm_max=0.770
        [Pruned] Trial 9 at gen 15 (loss=0.5367)
    --> Trial 10 | pop=60 seed=4852 x0_norm_min=-0.841 x0_norm_max=0.672
        [Pruned] Trial 10 at gen 15 (loss=0.5288)
    --> Trial 11 | pop=49 seed=96567 x0_norm_min=-0.781 x0_norm_max=0.859
        [Pruned] Trial 11 at gen 15 (loss=0.5337)
    --> Trial 12 | pop=37 seed=52207 x0_norm_min=-0.402 x0_norm_max=0.428
        [Pruned] Trial 12 at gen 15 (loss=0.5357)
    --> Trial 13 | pop=46 seed=59337 x0_norm_min=-0.863 x0_norm_max=0.955
        [Pruned] Trial 13 at gen 15 (loss=0.5237)
    --> Trial 14 | pop=55 seed=37637 x0_norm_min=-0.897 x0_norm_max=-0.091
        [Pruned] Trial 14 at gen 15 (loss=0.5232)
    --> Trial 15 | pop=45 seed=71943 x0_norm_min=-0.690 x0_norm_max=0.990
        [Pruned] Trial 15 at gen 15 (loss=0.5247)
    --> Trial 16 | pop=54 seed=776 x0_norm_min=-0.776 x0_norm_max=0.982
        [Pruned] Trial 16 at gen 15 (loss=0.5250)
    --> Trial 17 | pop=37 seed=99123 x0_norm_min=-0.863 x0_norm_max=0.835
        [Pruned] Trial 17 at gen 15 (loss=0.5319)
    --> Trial 18 | pop=46 seed=39105 x0_norm_min=-0.933 x0_norm_max=0.907
        [Trial 18] gen   20  evals=  920  best=0.5178
        [Trial 18] gen   40  evals= 1840  best=0.5178
        [Pruned] Trial 18 at gen 45 (loss=0.5178)
    --> Trial 19 | pop=36 seed=75161 x0_norm_min=-0.948 x0_norm_max=0.822
        [Trial 19] gen   20  evals=  720  best=0.5148
        [Trial 19] gen   40  evals= 1440  best=0.5148
        [Pruned] Trial 19 at gen 45 (loss=0.5148)

  Winner: Trial 1, loss=0.481405 (1720s)
    Restarts run: 20
    mu: 33.786090
    D_mu: 2.189030
    T0_mu: 12.659676
    Ly: 3.070039
    op_x: 0.610716
    op_y: 0.577462
    NMSE: 0.085912
  [Saved] random_IR_0019

============================================================
[20/50] random_IR_0020.npz
  GT loss: 0.171086
    --> Trial 0 | pop=32 seed=89276 x0_norm_min=-0.944 x0_norm_max=0.730
        [Trial 0] gen   20  evals=  640  best=0.5681
        [Trial 0] gen   40  evals= 1280  best=0.5670
        [Trial 0] gen   60  evals= 1920  best=0.5614
        [Trial 0] gen   80  evals= 2560  best=0.5613
        [Trial 0] gen  100  evals= 3200  best=0.5523
        [Trial 0] gen  120  evals= 3840  best=0.5523
        [Trial 0] gen  140  evals= 4480  best=0.5523
        [Trial 0] gen  160  evals= 5120  best=0.5473
        [Trial 0] gen  180  evals= 5760  best=0.5473
        [Trial 0] gen  200  evals= 6400  best=0.5473
        [Trial 0] gen  220  evals= 7040  best=0.5377
        [Trial 0] gen  240  evals= 7680  best=0.5345
        [Trial 0] gen  260  evals= 8320  best=0.5283
        [Trial 0] gen  280  evals= 8960  best=0.5255
        [Trial 0] gen  300  evals= 9600  best=0.5246
        [Trial 0] gen  320  evals=10240  best=0.5237
        [Trial 0] gen  340  evals=10880  best=0.5232
        [Trial 0] gen  360  evals=11520  best=0.5232
        [Trial 0] gen  380  evals=12160  best=0.5229
        [Trial 0] gen  400  evals=12800  best=0.5229
        [Trial 0] gen  420  evals=13440  best=0.5229
        [Trial 0] gen  440  evals=14080  best=0.5229
        [Trial 0] gen  460  evals=14720  best=0.5227
        [Trial 0] gen  480  evals=15360  best=0.5225
        [Trial 0] gen  500  evals=16000  best=0.5225
        [Trial 0] gen  520  evals=16640  best=0.5225
        [Done] Trial 0 best=0.5225
    --> Trial 1 | pop=54 seed=34119 x0_norm_min=-0.937 x0_norm_max=0.907
        [Pruned] Trial 1 at gen 15 (loss=0.5685)
    --> Trial 2 | pop=47 seed=55513 x0_norm_min=-0.344 x0_norm_max=0.824
        [Trial 2] gen   20  evals=  940  best=0.5623
        [Trial 2] gen   40  evals= 1880  best=0.5623
        [Trial 2] gen   60  evals= 2820  best=0.5502
        [Trial 2] gen   80  evals= 3760  best=0.5502
        [Trial 2] gen  100  evals= 4700  best=0.5418
        [Trial 2] gen  120  evals= 5640  best=0.5418
        [Trial 2] gen  140  evals= 6580  best=0.5418
        [Trial 2] gen  160  evals= 7520  best=0.5418
        [Trial 2] gen  180  evals= 8460  best=0.5400
        [Trial 2] gen  200  evals= 9400  best=0.5400
        [Trial 2] gen  220  evals=10340  best=0.5318
        [Trial 2] gen  240  evals=11280  best=0.5318
        [Trial 2] gen  260  evals=12220  best=0.5273
        [Trial 2] gen  280  evals=13160  best=0.5237
        [Trial 2] gen  300  evals=14100  best=0.5215
        [Trial 2] gen  320  evals=15040  best=0.5210
        [Trial 2] gen  340  evals=15980  best=0.5207
        [Trial 2] gen  360  evals=16920  best=0.5198
        [Trial 2] gen  380  evals=17860  best=0.5198
        [Trial 2] gen  400  evals=18800  best=0.5194
        [Trial 2] gen  420  evals=19740  best=0.5193
        [Trial 2] gen  440  evals=20680  best=0.5190
        [Trial 2] gen  460  evals=21620  best=0.5190
        [Trial 2] gen  480  evals=22560  best=0.5189
        [Trial 2] gen  500  evals=23500  best=0.5188
        [Trial 2] gen  520  evals=24440  best=0.5187
        [Trial 2] gen  540  evals=25380  best=0.5186
        [Trial 2] gen  560  evals=26320  best=0.5186
        [Trial 2] gen  580  evals=27260  best=0.5186
        [Trial 2] gen  600  evals=28200  best=0.5186
        [Trial 2] gen  620  evals=29140  best=0.5186
        [Done] Trial 2 best=0.5186
    --> Trial 3 | pop=45 seed=2398 x0_norm_min=-0.797 x0_norm_max=0.622
        [Pruned] Trial 3 at gen 15 (loss=0.5686)
    --> Trial 4 | pop=51 seed=89336 x0_norm_min=-0.947 x0_norm_max=0.785
        [Pruned] Trial 4 at gen 15 (loss=0.5651)
    --> Trial 5 | pop=50 seed=40654 x0_norm_min=-0.748 x0_norm_max=0.981
        [Trial 5] gen   20  evals= 1000  best=0.5542
        [Trial 5] gen   40  evals= 2000  best=0.5542
        [Pruned] Trial 5 at gen 45 (loss=0.5542)
    --> Trial 6 | pop=45 seed=93864 x0_norm_min=-0.929 x0_norm_max=0.732
        [Trial 6] gen   20  evals=  900  best=0.5476
        [Trial 6] gen   40  evals= 1800  best=0.5476
        [Trial 6] gen   60  evals= 2700  best=0.5422
        [Trial 6] gen   80  evals= 3600  best=0.5422
        [Trial 6] gen  100  evals= 4500  best=0.5422
        [Trial 6] gen  120  evals= 5400  best=0.5422
        [Pruned] Trial 6 at gen 135 (loss=0.5422)
    --> Trial 7 | pop=33 seed=9299 x0_norm_min=-0.779 x0_norm_max=0.922
        [Pruned] Trial 7 at gen 15 (loss=0.5785)
    --> Trial 8 | pop=31 seed=13052 x0_norm_min=-0.814 x0_norm_max=0.843
        [Trial 8] gen   20  evals=  620  best=0.5534
        [Trial 8] gen   40  evals= 1240  best=0.5534
        [Pruned] Trial 8 at gen 45 (loss=0.5534)
    --> Trial 9 | pop=38 seed=26771 x0_norm_min=-0.955 x0_norm_max=0.770
        [Pruned] Trial 9 at gen 15 (loss=0.5657)
    --> Trial 10 | pop=60 seed=60464 x0_norm_min=-0.841 x0_norm_max=0.672
        [Pruned] Trial 10 at gen 15 (loss=0.5640)
    --> Trial 11 | pop=39 seed=70669 x0_norm_min=-0.781 x0_norm_max=0.859
        [Trial 11] gen   20  evals=  780  best=0.5608
        [Trial 11] gen   40  evals= 1560  best=0.5608
        [Trial 11] gen   60  evals= 2340  best=0.5498
        [Trial 11] gen   80  evals= 3120  best=0.5498
        [Trial 11] gen  100  evals= 3900  best=0.5498
        [Trial 11] gen  120  evals= 4680  best=0.5318
        [Trial 11] gen  140  evals= 5460  best=0.5318
        [Trial 11] gen  160  evals= 6240  best=0.5318
        [Trial 11] gen  180  evals= 7020  best=0.5318
        [Trial 11] gen  200  evals= 7800  best=0.5318
        [Trial 11] gen  220  evals= 8580  best=0.5306
        [Trial 11] gen  240  evals= 9360  best=0.5279
        [Trial 11] gen  260  evals=10140  best=0.5256
        [Trial 11] gen  280  evals=10920  best=0.5216
        [Trial 11] gen  300  evals=11700  best=0.5201
        [Trial 11] gen  320  evals=12480  best=0.5168
        [Trial 11] gen  340  evals=13260  best=0.5168
        [Trial 11] gen  360  evals=14040  best=0.5168
        [Trial 11] gen  380  evals=14820  best=0.5168
        [Trial 11] gen  400  evals=15600  best=0.5165
        [Trial 11] gen  420  evals=16380  best=0.5165
        [Trial 11] gen  440  evals=17160  best=0.5165
        [Trial 11] gen  460  evals=17940  best=0.5165
        [Trial 11] gen  480  evals=18720  best=0.5165
        [Trial 11] gen  500  evals=19500  best=0.5165
        [Trial 11] gen  520  evals=20280  best=0.5165
        [Trial 11] gen  540  evals=21060  best=0.5165
        [Trial 11] gen  560  evals=21840  best=0.5165
        [Trial 11] gen  580  evals=22620  best=0.5165
        [Done] Trial 11 best=0.5165
    --> Trial 12 | pop=39 seed=67395 x0_norm_min=-0.402 x0_norm_max=0.428
        [Pruned] Trial 12 at gen 15 (loss=0.5687)
    --> Trial 13 | pop=42 seed=62100 x0_norm_min=-0.863 x0_norm_max=0.955
        [Trial 13] gen   20  evals=  840  best=0.5555
        [Trial 13] gen   40  evals= 1680  best=0.5555
        [Pruned] Trial 13 at gen 45 (loss=0.5555)
    --> Trial 14 | pop=36 seed=73746 x0_norm_min=-0.897 x0_norm_max=-0.091
        [Pruned] Trial 14 at gen 15 (loss=0.5700)
    --> Trial 15 | pop=46 seed=49801 x0_norm_min=-0.690 x0_norm_max=0.990
        [Pruned] Trial 15 at gen 15 (loss=0.5752)
    --> Trial 16 | pop=55 seed=75826 x0_norm_min=-0.776 x0_norm_max=0.982
        [Trial 16] gen   20  evals= 1100  best=0.5510
        [Trial 16] gen   40  evals= 2200  best=0.5510
        [Pruned] Trial 16 at gen 45 (loss=0.5510)
    --> Trial 17 | pop=41 seed=52293 x0_norm_min=-0.863 x0_norm_max=0.835
        [Pruned] Trial 17 at gen 15 (loss=0.5728)
    --> Trial 18 | pop=49 seed=82766 x0_norm_min=-0.933 x0_norm_max=0.907
        [Trial 18] gen   20  evals=  980  best=0.5613
        [Trial 18] gen   40  evals= 1960  best=0.5561
        [Pruned] Trial 18 at gen 45 (loss=0.5561)
    --> Trial 19 | pop=36 seed=49386 x0_norm_min=-0.948 x0_norm_max=0.822
        [Pruned] Trial 19 at gen 15 (loss=0.5755)

  Winner: Trial 11, loss=0.516537 (1136s)
    Restarts run: 20
    mu: 32.002259
    D_mu: 3.091504
    T0_mu: 21.466621
    Ly: 1.121550
    op_x: 0.524914
    op_y: 0.829953
    NMSE: 0.089092
  [Saved] random_IR_0020

============================================================
[21/50] random_IR_0021.npz
  GT loss: 0.174721
    --> Trial 0 | pop=41 seed=55888 x0_norm_min=-0.944 x0_norm_max=0.730
        [Trial 0] gen   20  evals=  820  best=0.5554
        [Trial 0] gen   40  evals= 1640  best=0.5296
        [Trial 0] gen   60  evals= 2460  best=0.5278
        [Trial 0] gen   80  evals= 3280  best=0.5278
        [Trial 0] gen  100  evals= 4100  best=0.5250
        [Trial 0] gen  120  evals= 4920  best=0.5250
        [Trial 0] gen  140  evals= 5740  best=0.5227
        [Trial 0] gen  160  evals= 6560  best=0.5146
        [Trial 0] gen  180  evals= 7380  best=0.5128
        [Trial 0] gen  200  evals= 8200  best=0.5087
        [Trial 0] gen  220  evals= 9020  best=0.5087
        [Trial 0] gen  240  evals= 9840  best=0.5087
        [Trial 0] gen  260  evals=10660  best=0.5073
        [Trial 0] gen  280  evals=11480  best=0.5073
        [Trial 0] gen  300  evals=12300  best=0.5073
        [Trial 0] gen  320  evals=13120  best=0.5071
        [Trial 0] gen  340  evals=13940  best=0.5071
        [Trial 0] gen  360  evals=14760  best=0.5071
        [Trial 0] gen  380  evals=15580  best=0.5070
        [TRIAL TIMEOUT] Trial 0 total >600s, stopping
        [Done] Trial 0 best=0.5070
    --> Trial 1 | pop=51 seed=56595 x0_norm_min=-0.937 x0_norm_max=0.907
        [Trial 1] gen   20  evals= 1020  best=0.5354
        [Trial 1] gen   40  evals= 2040  best=0.5311
        [Pruned] Trial 1 at gen 45 (loss=0.5311)
    --> Trial 2 | pop=35 seed=5907 x0_norm_min=-0.344 x0_norm_max=0.824
        [Pruned] Trial 2 at gen 15 (loss=0.5614)
    --> Trial 3 | pop=60 seed=32787 x0_norm_min=-0.797 x0_norm_max=0.622
        [Pruned] Trial 3 at gen 15 (loss=0.5426)
    --> Trial 4 | pop=55 seed=49983 x0_norm_min=-0.947 x0_norm_max=0.785
        [Pruned] Trial 4 at gen 15 (loss=0.5456)
    --> Trial 5 | pop=32 seed=75896 x0_norm_min=-0.748 x0_norm_max=0.981
        [Pruned] Trial 5 at gen 15 (loss=0.5444)
    --> Trial 6 | pop=55 seed=29230 x0_norm_min=-0.929 x0_norm_max=0.732
        [Trial 6] gen   20  evals= 1100  best=0.5382
        [Trial 6] gen   40  evals= 2200  best=0.5271
        [Trial 6] gen   60  evals= 3300  best=0.5271
        [Trial 6] gen   80  evals= 4400  best=0.5271
        [Trial 6] gen  100  evals= 5500  best=0.5271
        [Trial 6] gen  120  evals= 6600  best=0.5248
        [Pruned] Trial 6 at gen 135 (loss=0.5239)
    --> Trial 7 | pop=47 seed=44524 x0_norm_min=-0.779 x0_norm_max=0.922
        [Pruned] Trial 7 at gen 15 (loss=0.5537)
    --> Trial 8 | pop=37 seed=4190 x0_norm_min=-0.814 x0_norm_max=0.843
        [Pruned] Trial 8 at gen 15 (loss=0.5469)
    --> Trial 9 | pop=45 seed=41802 x0_norm_min=-0.955 x0_norm_max=0.770
        [Pruned] Trial 9 at gen 15 (loss=0.5462)
    --> Trial 10 | pop=42 seed=85784 x0_norm_min=-0.841 x0_norm_max=0.672
        [Pruned] Trial 10 at gen 15 (loss=0.5572)
    --> Trial 11 | pop=40 seed=23727 x0_norm_min=-0.781 x0_norm_max=0.859
        [Trial 11] gen   20  evals=  800  best=0.5371
        [Trial 11] gen   40  evals= 1600  best=0.5288
        [Pruned] Trial 11 at gen 45 (loss=0.5288)
    --> Trial 12 | pop=60 seed=64615 x0_norm_min=-0.402 x0_norm_max=0.428
        [Pruned] Trial 12 at gen 15 (loss=0.5575)
    --> Trial 13 | pop=52 seed=21513 x0_norm_min=-0.863 x0_norm_max=0.955
        [Pruned] Trial 13 at gen 15 (loss=0.5537)
    --> Trial 14 | pop=48 seed=72709 x0_norm_min=-0.897 x0_norm_max=-0.091
        [Pruned] Trial 14 at gen 15 (loss=0.5490)
    --> Trial 15 | pop=30 seed=99931 x0_norm_min=-0.690 x0_norm_max=0.990
        [Pruned] Trial 15 at gen 15 (loss=0.5571)
    --> Trial 16 | pop=54 seed=20376 x0_norm_min=-0.776 x0_norm_max=0.982
        [Pruned] Trial 16 at gen 15 (loss=0.5517)
    --> Trial 17 | pop=42 seed=34018 x0_norm_min=-0.863 x0_norm_max=0.835
        [Pruned] Trial 17 at gen 15 (loss=0.5481)
    --> Trial 18 | pop=56 seed=58345 x0_norm_min=-0.933 x0_norm_max=0.907
        [Pruned] Trial 18 at gen 15 (loss=0.5465)
    --> Trial 19 | pop=37 seed=12842 x0_norm_min=-0.948 x0_norm_max=0.822
        [Pruned] Trial 19 at gen 15 (loss=0.5460)

  Winner: Trial 0, loss=0.507043 (1029s)
    Restarts run: 20
    mu: 19.448335
    D_mu: 0.724489
    T0_mu: 51.335624
    Ly: 2.657600
    op_x: 0.523190
    op_y: 0.630962
    NMSE: 0.115461
  [Saved] random_IR_0021

============================================================
[22/50] random_IR_0022.npz
  GT loss: 0.176290
    --> Trial 0 | pop=57 seed=27340 x0_norm_min=-0.944 x0_norm_max=0.730
        [Trial 0] gen   20  evals= 1140  best=0.5387
        [Trial 0] gen   40  evals= 2280  best=0.5387
        [Trial 0] gen   60  evals= 3420  best=0.5387
        [Trial 0] gen   80  evals= 4560  best=0.5387
        [Trial 0] gen  100  evals= 5700  best=0.5287
        [Trial 0] gen  120  evals= 6840  best=0.5285
        [Trial 0] gen  140  evals= 7980  best=0.5275
        [Trial 0] gen  160  evals= 9120  best=0.5236
        [Trial 0] gen  180  evals=10260  best=0.5231
        [Trial 0] gen  200  evals=11400  best=0.5183
        [Trial 0] gen  220  evals=12540  best=0.5164
        [Trial 0] gen  240  evals=13680  best=0.5153
        [Trial 0] gen  260  evals=14820  best=0.5152
        [TRIAL TIMEOUT] Trial 0 total >600s, stopping
        [Done] Trial 0 best=0.5148
    --> Trial 1 | pop=54 seed=52454 x0_norm_min=-0.937 x0_norm_max=0.907
        [Pruned] Trial 1 at gen 15 (loss=0.5541)
    --> Trial 2 | pop=43 seed=74803 x0_norm_min=-0.344 x0_norm_max=0.824
        [Pruned] Trial 2 at gen 15 (loss=0.5564)
    --> Trial 3 | pop=39 seed=84473 x0_norm_min=-0.797 x0_norm_max=0.622
        [Pruned] Trial 3 at gen 15 (loss=0.5558)
    --> Trial 4 | pop=30 seed=82043 x0_norm_min=-0.947 x0_norm_max=0.785
        [Pruned] Trial 4 at gen 15 (loss=0.5506)
    --> Trial 5 | pop=41 seed=85826 x0_norm_min=-0.748 x0_norm_max=0.981
        [Trial 5] gen   20  evals=  820  best=0.5379
        [Trial 5] gen   40  evals= 1640  best=0.5379
        [Trial 5] gen   60  evals= 2460  best=0.5379
        [Trial 5] gen   80  evals= 3280  best=0.5279
        [Trial 5] gen  100  evals= 4100  best=0.5279
        [Trial 5] gen  120  evals= 4920  best=0.5235
        [Trial 5] gen  140  evals= 5740  best=0.5202
        [Trial 5] gen  160  evals= 6560  best=0.5202
        [Trial 5] gen  180  evals= 7380  best=0.5143
        [Trial 5] gen  200  evals= 8200  best=0.5143
        [Trial 5] gen  220  evals= 9020  best=0.5095
        [Trial 5] gen  240  evals= 9840  best=0.5039
        [Trial 5] gen  260  evals=10660  best=0.5009
        [Trial 5] gen  280  evals=11480  best=0.5007
        [Trial 5] gen  300  evals=12300  best=0.4999
        [Trial 5] gen  320  evals=13120  best=0.4991
        [Trial 5] gen  340  evals=13940  best=0.4991
        [Trial 5] gen  360  evals=14760  best=0.4989
        [Trial 5] gen  380  evals=15580  best=0.4989
        [Trial 5] gen  400  evals=16400  best=0.4984
        [Trial 5] gen  420  evals=17220  best=0.4980
        [Trial 5] gen  440  evals=18040  best=0.4977
        [Trial 5] gen  460  evals=18860  best=0.4977
        [Trial 5] gen  480  evals=19680  best=0.4977
        [Trial 5] gen  500  evals=20500  best=0.4974
        [Trial 5] gen  520  evals=21320  best=0.4974
        [Trial 5] gen  540  evals=22140  best=0.4974
        [Trial 5] gen  560  evals=22960  best=0.4974
        [Done] Trial 5 best=0.4974
    --> Trial 6 | pop=46 seed=14007 x0_norm_min=-0.929 x0_norm_max=0.732
        [Pruned] Trial 6 at gen 15 (loss=0.5485)
    --> Trial 7 | pop=30 seed=81486 x0_norm_min=-0.779 x0_norm_max=0.922
        [Pruned] Trial 7 at gen 15 (loss=0.5473)
    --> Trial 8 | pop=50 seed=67965 x0_norm_min=-0.814 x0_norm_max=0.843
        [Pruned] Trial 8 at gen 15 (loss=0.5525)
    --> Trial 9 | pop=39 seed=41979 x0_norm_min=-0.955 x0_norm_max=0.770
        [Pruned] Trial 9 at gen 15 (loss=0.5555)
    --> Trial 10 | pop=38 seed=97923 x0_norm_min=-0.841 x0_norm_max=0.672
        [Pruned] Trial 10 at gen 15 (loss=0.5603)
    --> Trial 11 | pop=59 seed=7411 x0_norm_min=-0.781 x0_norm_max=0.859
        [Pruned] Trial 11 at gen 15 (loss=0.5534)
    --> Trial 12 | pop=59 seed=28525 x0_norm_min=-0.402 x0_norm_max=0.428
        [Trial 12] gen   20  evals= 1180  best=0.5419
        [Trial 12] gen   40  evals= 2360  best=0.5192
        [Trial 12] gen   60  evals= 3540  best=0.5023
        [Trial 12] gen   80  evals= 4720  best=0.5023
        [Trial 12] gen  100  evals= 5900  best=0.5023
        [Trial 12] gen  120  evals= 7080  best=0.5023
        [Trial 12] gen  140  evals= 8260  best=0.5023
        [Trial 12] gen  160  evals= 9440  best=0.5023
        [Trial 12] gen  180  evals=10620  best=0.5020
        [Trial 12] gen  200  evals=11800  best=0.4968
        [Trial 12] gen  220  evals=12980  best=0.4957
        [Trial 12] gen  240  evals=14160  best=0.4954
        [Trial 12] gen  260  evals=15340  best=0.4949
        [Trial 12] gen  280  evals=16520  best=0.4942
NOTE (module=cma, iteration=299):  
condition in coordinate system exceeded 1.1e+08, rescaled to 1.0e+00, 
condition changed from 8.7e+08 to 6.8e+08
        [Trial 12] gen  300  evals=17700  best=0.4941
        [Trial 12] gen  320  evals=18880  best=0.4939
        [Trial 12] gen  340  evals=20060  best=0.4937
        [Trial 12] gen  360  evals=21240  best=0.4937
        [Trial 12] gen  380  evals=22420  best=0.4936
        [Trial 12] gen  400  evals=23600  best=0.4935
        [Trial 12] gen  420  evals=24780  best=0.4935
        [Trial 12] gen  440  evals=25960  best=0.4935
        [Trial 12] gen  460  evals=27140  best=0.4935
        [Trial 12] gen  480  evals=28320  best=0.4933
        [Trial 12] gen  500  evals=29500  best=0.4933
        [Done] Trial 12 best=0.4933
    --> Trial 13 | pop=51 seed=53782 x0_norm_min=-0.863 x0_norm_max=0.955
        [Trial 13] gen   20  evals= 1020  best=0.5450
        [Trial 13] gen   40  evals= 2040  best=0.5408
        [Pruned] Trial 13 at gen 45 (loss=0.5408)
    --> Trial 14 | pop=34 seed=27989 x0_norm_min=-0.897 x0_norm_max=-0.091
        [Pruned] Trial 14 at gen 15 (loss=0.5640)
    --> Trial 15 | pop=46 seed=1690 x0_norm_min=-0.690 x0_norm_max=0.990
        [Pruned] Trial 15 at gen 15 (loss=0.5657)
    --> Trial 16 | pop=60 seed=98721 x0_norm_min=-0.776 x0_norm_max=0.982
        [Pruned] Trial 16 at gen 15 (loss=0.5576)
    --> Trial 17 | pop=54 seed=60253 x0_norm_min=-0.863 x0_norm_max=0.835
        [Trial 17] gen   20  evals= 1080  best=0.5459
        [Trial 17] gen   40  evals= 2160  best=0.5407
        [Pruned] Trial 17 at gen 45 (loss=0.5399)
    --> Trial 18 | pop=43 seed=40390 x0_norm_min=-0.933 x0_norm_max=0.907
        [Pruned] Trial 18 at gen 15 (loss=0.5697)
    --> Trial 19 | pop=35 seed=21463 x0_norm_min=-0.948 x0_norm_max=0.822
        [Pruned] Trial 19 at gen 15 (loss=0.5615)

  Winner: Trial 12, loss=0.493315 (1525s)
    Restarts run: 20
    mu: 69.901469
    D_mu: 18.061041
    T0_mu: 8.929979
    Ly: 2.888442
    op_x: 0.516168
    op_y: 0.843861
    NMSE: 0.063942
  [Saved] random_IR_0022

============================================================
[23/50] random_IR_0023.npz
  GT loss: 0.170549
    --> Trial 0 | pop=32 seed=98127 x0_norm_min=-0.944 x0_norm_max=0.730
        [Trial 0] gen   20  evals=  640  best=0.5590
        [Trial 0] gen   40  evals= 1280  best=0.5476
        [Trial 0] gen   60  evals= 1920  best=0.5476
        [Trial 0] gen   80  evals= 2560  best=0.5436
        [Trial 0] gen  100  evals= 3200  best=0.5436
        [Trial 0] gen  120  evals= 3840  best=0.5436
        [Trial 0] gen  140  evals= 4480  best=0.5417
        [Trial 0] gen  160  evals= 5120  best=0.5417
        [Trial 0] gen  180  evals= 5760  best=0.5417
        [Trial 0] gen  200  evals= 6400  best=0.5397
        [Trial 0] gen  220  evals= 7040  best=0.5383
        [Trial 0] gen  240  evals= 7680  best=0.5383
        [Trial 0] gen  260  evals= 8320  best=0.5383
        [Trial 0] gen  280  evals= 8960  best=0.5383
        [Trial 0] gen  300  evals= 9600  best=0.5380
        [Trial 0] gen  320  evals=10240  best=0.5355
        [Trial 0] gen  340  evals=10880  best=0.5348
        [Trial 0] gen  360  evals=11520  best=0.5325
        [Trial 0] gen  380  evals=12160  best=0.5309
        [Trial 0] gen  400  evals=12800  best=0.5303
        [Trial 0] gen  420  evals=13440  best=0.5303
        [Trial 0] gen  440  evals=14080  best=0.5303
        [Trial 0] gen  460  evals=14720  best=0.5299
        [Trial 0] gen  480  evals=15360  best=0.5299
        [Trial 0] gen  500  evals=16000  best=0.5299
        [Trial 0] gen  520  evals=16640  best=0.5299
        [Trial 0] gen  540  evals=17280  best=0.5299
        [Trial 0] gen  560  evals=17920  best=0.5298
        [Trial 0] gen  580  evals=18560  best=0.5298
        [Trial 0] gen  600  evals=19200  best=0.5298
        [Trial 0] gen  620  evals=19840  best=0.5298
        [Done] Trial 0 best=0.5298
    --> Trial 1 | pop=37 seed=38680 x0_norm_min=-0.937 x0_norm_max=0.907
        [Pruned] Trial 1 at gen 15 (loss=0.5646)
    --> Trial 2 | pop=53 seed=75724 x0_norm_min=-0.344 x0_norm_max=0.824
        [Pruned] Trial 2 at gen 15 (loss=0.5605)
    --> Trial 3 | pop=31 seed=85828 x0_norm_min=-0.797 x0_norm_max=0.622
        [Trial 3] gen   20  evals=  620  best=0.5492
        [Trial 3] gen   40  evals= 1240  best=0.5492
        [Pruned] Trial 3 at gen 45 (loss=0.5492)
    --> Trial 4 | pop=41 seed=6711 x0_norm_min=-0.947 x0_norm_max=0.785
        [Pruned] Trial 4 at gen 15 (loss=0.5570)
    --> Trial 5 | pop=49 seed=47520 x0_norm_min=-0.748 x0_norm_max=0.981
        [Trial 5] gen   20  evals=  980  best=0.5565
        [Trial 5] gen   40  evals= 1960  best=0.5487
        [Pruned] Trial 5 at gen 45 (loss=0.5487)
    --> Trial 6 | pop=51 seed=56883 x0_norm_min=-0.929 x0_norm_max=0.732
        [Trial 6] gen   20  evals= 1020  best=0.5559
        [Trial 6] gen   40  evals= 2040  best=0.5485
        [Pruned] Trial 6 at gen 45 (loss=0.5485)
    --> Trial 7 | pop=30 seed=448 x0_norm_min=-0.779 x0_norm_max=0.922
        [Pruned] Trial 7 at gen 15 (loss=0.5621)
    --> Trial 8 | pop=39 seed=27071 x0_norm_min=-0.814 x0_norm_max=0.843
        [Pruned] Trial 8 at gen 15 (loss=0.5567)
    --> Trial 9 | pop=35 seed=32924 x0_norm_min=-0.955 x0_norm_max=0.770
        [Pruned] Trial 9 at gen 15 (loss=0.5577)
    --> Trial 10 | pop=58 seed=94519 x0_norm_min=-0.841 x0_norm_max=0.672
        [Pruned] Trial 10 at gen 15 (loss=0.5676)
    --> Trial 11 | pop=46 seed=65803 x0_norm_min=-0.781 x0_norm_max=0.859
        [Trial 11] gen   20  evals=  920  best=0.5512
        [Trial 11] gen   40  evals= 1840  best=0.5501
        [Pruned] Trial 11 at gen 45 (loss=0.5501)
    --> Trial 12 | pop=60 seed=60415 x0_norm_min=-0.402 x0_norm_max=0.428
        [Pruned] Trial 12 at gen 15 (loss=0.5614)
    --> Trial 13 | pop=45 seed=96488 x0_norm_min=-0.863 x0_norm_max=0.955
        [Pruned] Trial 13 at gen 15 (loss=0.5603)
    --> Trial 14 | pop=53 seed=54744 x0_norm_min=-0.897 x0_norm_max=-0.091
        [Pruned] Trial 14 at gen 15 (loss=0.5601)
    --> Trial 15 | pop=42 seed=76212 x0_norm_min=-0.690 x0_norm_max=0.990
        [Pruned] Trial 15 at gen 15 (loss=0.5677)
    --> Trial 16 | pop=34 seed=14573 x0_norm_min=-0.776 x0_norm_max=0.982
        [Trial 16] gen   20  evals=  680  best=0.5499
        [Trial 16] gen   40  evals= 1360  best=0.5499
        [Pruned] Trial 16 at gen 45 (loss=0.5499)
    --> Trial 17 | pop=54 seed=73765 x0_norm_min=-0.863 x0_norm_max=0.835
        [Pruned] Trial 17 at gen 15 (loss=0.5623)
    --> Trial 18 | pop=48 seed=46152 x0_norm_min=-0.933 x0_norm_max=0.907
        [Trial 18] gen   20  evals=  960  best=0.5475
        [Trial 18] gen   40  evals= 1920  best=0.5475
        [Trial 18] gen   60  evals= 2880  best=0.5440
        [Trial 18] gen   80  evals= 3840  best=0.5440
        [Trial 18] gen  100  evals= 4800  best=0.5440
        [Trial 18] gen  120  evals= 5760  best=0.5356
        [Trial 18] gen  140  evals= 6720  best=0.5356
        [Trial 18] gen  160  evals= 7680  best=0.5356
        [Trial 18] gen  180  evals= 8640  best=0.5356
        [Trial 18] gen  200  evals= 9600  best=0.5356
        [Trial 18] gen  220  evals=10560  best=0.5314
        [Trial 18] gen  240  evals=11520  best=0.5314
        [Trial 18] gen  260  evals=12480  best=0.5306
        [Trial 18] gen  280  evals=13440  best=0.5269
        [Trial 18] gen  300  evals=14400  best=0.5269
        [Trial 18] gen  320  evals=15360  best=0.5263
        [Trial 18] gen  340  evals=16320  best=0.5243
        [Trial 18] gen  360  evals=17280  best=0.5240
        [Trial 18] gen  380  evals=18240  best=0.5236
        [Trial 18] gen  400  evals=19200  best=0.5235
        [Trial 18] gen  420  evals=20160  best=0.5223
        [Trial 18] gen  440  evals=21120  best=0.5223
NOTE (module=cma, iteration=454):  
condition in coordinate system exceeded 1.1e+08, rescaled to 1.0e+00, 
condition changed from 1.0e+09 to 5.0e+07
        [Trial 18] gen  460  evals=22080  best=0.5223
        [Trial 18] gen  480  evals=23040  best=0.5223
        [Trial 18] gen  500  evals=24000  best=0.5221
        [Trial 18] gen  520  evals=24960  best=0.5221
        [Trial 18] gen  540  evals=25920  best=0.5221
        [Trial 18] gen  560  evals=26880  best=0.5221
        [Trial 18] gen  580  evals=27840  best=0.5221
        [Trial 18] gen  600  evals=28800  best=0.5221
        [Trial 18] gen  620  evals=29760  best=0.5221
        [Done] Trial 18 best=0.5221
    --> Trial 19 | pop=47 seed=17694 x0_norm_min=-0.948 x0_norm_max=0.822
        [Pruned] Trial 19 at gen 15 (loss=0.5613)

  Winner: Trial 18, loss=0.522122 (1059s)
    Restarts run: 20
    mu: 12.964405
    D_mu: 1.272487
    T0_mu: 66.547275
    Ly: 1.474750
    op_x: 0.513418
    op_y: 0.710089
    NMSE: 0.049256
  [Saved] random_IR_0023

============================================================
[24/50] random_IR_0024.npz
  GT loss: 0.129259
    --> Trial 0 | pop=39 seed=39654 x0_norm_min=-0.944 x0_norm_max=0.730
        [Trial 0] gen   20  evals=  780  best=0.5174
        [Trial 0] gen   40  evals= 1560  best=0.5157
        [Trial 0] gen   60  evals= 2340  best=0.4810
        [Trial 0] gen   80  evals= 3120  best=0.4810
        [Trial 0] gen  100  evals= 3900  best=0.4810
        [Trial 0] gen  120  evals= 4680  best=0.4810
        [Trial 0] gen  140  evals= 5460  best=0.4810
        [Trial 0] gen  160  evals= 6240  best=0.4810
        [Trial 0] gen  180  evals= 7020  best=0.4810
        [Trial 0] gen  200  evals= 7800  best=0.4810
        [Trial 0] gen  220  evals= 8580  best=0.4796
        [Trial 0] gen  240  evals= 9360  best=0.4752
        [Trial 0] gen  260  evals=10140  best=0.4752
        [Trial 0] gen  280  evals=10920  best=0.4693
        [Trial 0] gen  300  evals=11700  best=0.4668
        [Trial 0] gen  320  evals=12480  best=0.4641
        [Trial 0] gen  340  evals=13260  best=0.4639
        [Trial 0] gen  360  evals=14040  best=0.4611
        [Trial 0] gen  380  evals=14820  best=0.4603
        [Trial 0] gen  400  evals=15600  best=0.4599
        [Trial 0] gen  420  evals=16380  best=0.4599
        [Trial 0] gen  440  evals=17160  best=0.4592
        [Trial 0] gen  460  evals=17940  best=0.4590
        [Trial 0] gen  480  evals=18720  best=0.4589
        [Trial 0] gen  500  evals=19500  best=0.4586
        [Trial 0] gen  520  evals=20280  best=0.4584
        [Trial 0] gen  540  evals=21060  best=0.4582
        [Trial 0] gen  560  evals=21840  best=0.4582
        [Trial 0] gen  580  evals=22620  best=0.4582
        [Trial 0] gen  600  evals=23400  best=0.4582
        [Trial 0] gen  620  evals=24180  best=0.4582
        [Trial 0] gen  640  evals=24960  best=0.4582
        [Trial 0] gen  660  evals=25740  best=0.4582
        [Trial 0] gen  680  evals=26520  best=0.4582
        [Trial 0] gen  700  evals=27300  best=0.4582
        [Trial 0] gen  720  evals=28080  best=0.4582
        [Done] Trial 0 best=0.4582
    --> Trial 1 | pop=38 seed=31546 x0_norm_min=-0.937 x0_norm_max=0.907
        [Pruned] Trial 1 at gen 15 (loss=0.5190)
    --> Trial 2 | pop=48 seed=68367 x0_norm_min=-0.344 x0_norm_max=0.824
        [Trial 2] gen   20  evals=  960  best=0.4940
        [Trial 2] gen   40  evals= 1920  best=0.4576
        [Trial 2] gen   60  evals= 2880  best=0.3809
        [Trial 2] gen   80  evals= 3840  best=0.3809
        [Trial 2] gen  100  evals= 4800  best=0.2008
        [Trial 2] gen  120  evals= 5760  best=0.1711
        [Trial 2] gen  140  evals= 6720  best=0.1309
        [Trial 2] gen  160  evals= 7680  best=0.1197
        [Trial 2] gen  180  evals= 8640  best=0.1197
        [Trial 2] gen  200  evals= 9600  best=0.1197
        [Trial 2] gen  220  evals=10560  best=0.1197
        [Trial 2] gen  240  evals=11520  best=0.1197
NOTE (module=cma, iteration=242):  
condition in coordinate system exceeded 1.0e+08, rescaled to 1.0e+00, 
condition changed from 1.8e+08 to 3.6e+06
        [Trial 2] gen  260  evals=12480  best=0.1197
        [Trial 2] gen  280  evals=13440  best=0.1197
        [Trial 2] gen  300  evals=14400  best=0.1197
        [Trial 2] gen  320  evals=15360  best=0.1197
        [Trial 2] gen  340  evals=16320  best=0.1197
        [Trial 2] gen  360  evals=17280  best=0.1197
        [Trial 2] gen  380  evals=18240  best=0.1197
        [Trial 2] gen  400  evals=19200  best=0.1197
        [Trial 2] gen  420  evals=20160  best=0.1197
        [Trial 2] gen  440  evals=21120  best=0.1197
        [Trial 2] gen  460  evals=22080  best=0.1197
        [Trial 2] gen  480  evals=23040  best=0.1197
        [Trial 2] gen  500  evals=24000  best=0.1197
        [Trial 2] gen  520  evals=24960  best=0.1197
        [Trial 2] gen  540  evals=25920  best=0.1197
        [Trial 2] gen  560  evals=26880  best=0.1197
        [Trial 2] gen  580  evals=27840  best=0.1197
        [Done] Trial 2 best=0.1197
    --> Trial 3 | pop=55 seed=11234 x0_norm_min=-0.797 x0_norm_max=0.622
        [Pruned] Trial 3 at gen 15 (loss=0.5156)
    --> Trial 4 | pop=44 seed=95593 x0_norm_min=-0.947 x0_norm_max=0.785
        [Pruned] Trial 4 at gen 15 (loss=0.5035)
    --> Trial 5 | pop=51 seed=52015 x0_norm_min=-0.748 x0_norm_max=0.981
        [Trial 5] gen   20  evals= 1020  best=0.4971
        [Trial 5] gen   40  evals= 2040  best=0.4971
        [Pruned] Trial 5 at gen 45 (loss=0.4971)
    --> Trial 6 | pop=37 seed=93591 x0_norm_min=-0.929 x0_norm_max=0.732
        [Trial 6] gen   20  evals=  740  best=0.4809
        [Trial 6] gen   40  evals= 1480  best=0.4790
        [Pruned] Trial 6 at gen 45 (loss=0.4790)
    --> Trial 7 | pop=35 seed=55152 x0_norm_min=-0.779 x0_norm_max=0.922
        [Pruned] Trial 7 at gen 15 (loss=0.5066)
    --> Trial 8 | pop=51 seed=52337 x0_norm_min=-0.814 x0_norm_max=0.843
        [Pruned] Trial 8 at gen 15 (loss=0.5118)
    --> Trial 9 | pop=43 seed=17170 x0_norm_min=-0.955 x0_norm_max=0.770
        [Pruned] Trial 9 at gen 15 (loss=0.5153)
    --> Trial 10 | pop=30 seed=76235 x0_norm_min=-0.841 x0_norm_max=0.672
        [Pruned] Trial 10 at gen 15 (loss=0.5229)
    --> Trial 11 | pop=60 seed=67130 x0_norm_min=-0.781 x0_norm_max=0.859
        [Trial 11] gen   20  evals= 1200  best=0.4893
        [Trial 11] gen   40  evals= 2400  best=0.4886
        [Pruned] Trial 11 at gen 45 (loss=0.4886)
    --> Trial 12 | pop=44 seed=31668 x0_norm_min=-0.402 x0_norm_max=0.428
        [Trial 12] gen   20  evals=  880  best=0.4963
        [Trial 12] gen   40  evals= 1760  best=0.4593
        [Trial 12] gen   60  evals= 2640  best=0.4593
        [Trial 12] gen   80  evals= 3520  best=0.4593
        [Trial 12] gen  100  evals= 4400  best=0.4593
        [Trial 12] gen  120  evals= 5280  best=0.4593
        [Pruned] Trial 12 at gen 135 (loss=0.4564)
    --> Trial 13 | pop=48 seed=34902 x0_norm_min=-0.863 x0_norm_max=0.955
        [Trial 13] gen   20  evals=  960  best=0.4906
        [Trial 13] gen   40  evals= 1920  best=0.4817
        [Pruned] Trial 13 at gen 45 (loss=0.4759)
    --> Trial 14 | pop=40 seed=73975 x0_norm_min=-0.897 x0_norm_max=-0.091
        [Pruned] Trial 14 at gen 15 (loss=0.5088)
    --> Trial 15 | pop=30 seed=41102 x0_norm_min=-0.690 x0_norm_max=0.990
        [Pruned] Trial 15 at gen 15 (loss=0.5195)
    --> Trial 16 | pop=48 seed=82427 x0_norm_min=-0.776 x0_norm_max=0.982
        [Trial 16] gen   20  evals=  960  best=0.4824
        [Trial 16] gen   40  evals= 1920  best=0.4782
        [Pruned] Trial 16 at gen 45 (loss=0.4782)
    --> Trial 17 | pop=33 seed=62727 x0_norm_min=-0.863 x0_norm_max=0.835
        [Pruned] Trial 17 at gen 15 (loss=0.5194)
    --> Trial 18 | pop=40 seed=1616 x0_norm_min=-0.933 x0_norm_max=0.907
        [Pruned] Trial 18 at gen 15 (loss=0.5133)
    --> Trial 19 | pop=56 seed=45508 x0_norm_min=-0.948 x0_norm_max=0.822
        [Trial 19] gen   20  evals= 1120  best=0.4905
        [Trial 19] gen   40  evals= 2240  best=0.4220
        [Trial 19] gen   60  evals= 3360  best=0.4220
        [Trial 19] gen   80  evals= 4480  best=0.2378
        [Trial 19] gen  100  evals= 5600  best=0.1784
        [Trial 19] gen  120  evals= 6720  best=0.1348
        [Trial 19] gen  140  evals= 7840  best=0.1265
        [Trial 19] gen  160  evals= 8960  best=0.1251
        [Trial 19] gen  180  evals=10080  best=0.1246
        [Trial 19] gen  200  evals=11200  best=0.1236
        [Trial 19] gen  220  evals=12320  best=0.1230
NOTE (module=cma, iteration=220):  
condition in coordinate system exceeded 1.1e+08, rescaled to 1.0e+00, 
condition changed from 2.6e+08 to 3.4e+06
        [Trial 19] gen  240  evals=13440  best=0.1224
        [Trial 19] gen  260  evals=14560  best=0.1224
        [Trial 19] gen  280  evals=15680  best=0.1223
        [Trial 19] gen  300  evals=16800  best=0.1220
        [Trial 19] gen  320  evals=17920  best=0.1219
        [Trial 19] gen  340  evals=19040  best=0.1219
        [Trial 19] gen  360  evals=20160  best=0.1219
        [Trial 19] gen  380  evals=21280  best=0.1219
        [Trial 19] gen  400  evals=22400  best=0.1219
        [Done] Trial 19 best=0.1219

  Winner: Trial 2, loss=0.119686 (994s)
    Restarts run: 20
    mu: 67.038799
    D_mu: 12.812426
    T0_mu: 9.625568
    Ly: 2.415218
    op_x: 0.515977
    op_y: 0.686223
    NMSE: 0.002917
  [Saved] random_IR_0024

============================================================
[25/50] random_IR_0025.npz
  GT loss: 0.167769
    --> Trial 0 | pop=37 seed=4316 x0_norm_min=-0.944 x0_norm_max=0.730
        [Trial 0] gen   20  evals=  740  best=0.5458
        [Trial 0] gen   40  evals= 1480  best=0.5458
        [Trial 0] gen   60  evals= 2220  best=0.5395
        [Trial 0] gen   80  evals= 2960  best=0.5395
        [Trial 0] gen  100  evals= 3700  best=0.5395
        [Trial 0] gen  120  evals= 4440  best=0.5354
        [Trial 0] gen  140  evals= 5180  best=0.5263
        [Trial 0] gen  160  evals= 5920  best=0.5263
        [Trial 0] gen  180  evals= 6660  best=0.5263
        [Trial 0] gen  200  evals= 7400  best=0.5263
        [Trial 0] gen  220  evals= 8140  best=0.5263
        [Trial 0] gen  240  evals= 8880  best=0.5263
        [Trial 0] gen  260  evals= 9620  best=0.5263
        [Trial 0] gen  280  evals=10360  best=0.5263
        [Trial 0] gen  300  evals=11100  best=0.5263
        [Trial 0] gen  320  evals=11840  best=0.5263
        [Trial 0] gen  340  evals=12580  best=0.5263
        [Trial 0] gen  360  evals=13320  best=0.5263
        [Trial 0] gen  380  evals=14060  best=0.5263
        [Trial 0] gen  400  evals=14800  best=0.5263
        [Trial 0] gen  420  evals=15540  best=0.5263
        [Trial 0] gen  440  evals=16280  best=0.5263
        [Trial 0] gen  460  evals=17020  best=0.5263
        [Trial 0] gen  480  evals=17760  best=0.5263
        [Trial 0] gen  500  evals=18500  best=0.5263
        [Trial 0] gen  520  evals=19240  best=0.5263
        [Trial 0] gen  540  evals=19980  best=0.5263
        [Trial 0] gen  560  evals=20720  best=0.5263
        [Trial 0] gen  580  evals=21460  best=0.5263
        [Trial 0] gen  600  evals=22200  best=0.5263
        [Done] Trial 0 best=0.5263
    --> Trial 1 | pop=49 seed=32549 x0_norm_min=-0.937 x0_norm_max=0.907
        [Pruned] Trial 1 at gen 15 (loss=0.5659)
    --> Trial 2 | pop=57 seed=90789 x0_norm_min=-0.344 x0_norm_max=0.824
        [Trial 2] gen   20  evals= 1140  best=0.5222
        [Trial 2] gen   40  evals= 2280  best=0.5222
        [Trial 2] gen   60  evals= 3420  best=0.5222
        [Trial 2] gen   80  evals= 4560  best=0.5222
        [Trial 2] gen  100  evals= 5700  best=0.5222
        [Trial 2] gen  120  evals= 6840  best=0.5222
        [Trial 2] gen  140  evals= 7980  best=0.5222
        [Trial 2] gen  160  evals= 9120  best=0.5222
        [Trial 2] gen  180  evals=10260  best=0.5222
        [Trial 2] gen  200  evals=11400  best=0.5222
        [Trial 2] gen  220  evals=12540  best=0.5222
        [Trial 2] gen  240  evals=13680  best=0.5222
        [Trial 2] gen  260  evals=14820  best=0.5222
        [Trial 2] gen  280  evals=15960  best=0.5222
        [Trial 2] gen  300  evals=17100  best=0.5222
        [Trial 2] gen  320  evals=18240  best=0.5222
        [Trial 2] gen  340  evals=19380  best=0.5222
        [Trial 2] gen  360  evals=20520  best=0.5222
        [Trial 2] gen  380  evals=21660  best=0.5222
        [Trial 2] gen  400  evals=22800  best=0.5222
        [Trial 2] gen  420  evals=23940  best=0.5222
        [Trial 2] gen  440  evals=25080  best=0.5222
        [Trial 2] gen  460  evals=26220  best=0.5222
        [Trial 2] gen  480  evals=27360  best=0.5222
        [Trial 2] gen  500  evals=28500  best=0.5222
        [Trial 2] gen  520  evals=29640  best=0.5222
        [Done] Trial 2 best=0.5222
    --> Trial 3 | pop=47 seed=79574 x0_norm_min=-0.797 x0_norm_max=0.622
        [Pruned] Trial 3 at gen 15 (loss=0.5519)
    --> Trial 4 | pop=35 seed=14248 x0_norm_min=-0.947 x0_norm_max=0.785
        [Pruned] Trial 4 at gen 15 (loss=0.5477)
    --> Trial 5 | pop=40 seed=26156 x0_norm_min=-0.748 x0_norm_max=0.981
        [Pruned] Trial 5 at gen 15 (loss=0.5590)
    --> Trial 6 | pop=54 seed=73019 x0_norm_min=-0.929 x0_norm_max=0.732
        [Pruned] Trial 6 at gen 15 (loss=0.5523)
    --> Trial 7 | pop=52 seed=62204 x0_norm_min=-0.779 x0_norm_max=0.922
        [Pruned] Trial 7 at gen 15 (loss=0.5557)
    --> Trial 8 | pop=57 seed=30141 x0_norm_min=-0.814 x0_norm_max=0.843
        [Pruned] Trial 8 at gen 15 (loss=0.5590)
    --> Trial 9 | pop=51 seed=44528 x0_norm_min=-0.955 x0_norm_max=0.770
        [Trial 9] gen   20  evals= 1020  best=0.5396
        [Trial 9] gen   40  evals= 2040  best=0.5396
        [Pruned] Trial 9 at gen 45 (loss=0.5396)
    --> Trial 10 | pop=43 seed=93753 x0_norm_min=-0.841 x0_norm_max=0.672
        [Pruned] Trial 10 at gen 15 (loss=0.5478)
    --> Trial 11 | pop=31 seed=2626 x0_norm_min=-0.781 x0_norm_max=0.859
        [Pruned] Trial 11 at gen 15 (loss=0.5501)
    --> Trial 12 | pop=59 seed=48544 x0_norm_min=-0.402 x0_norm_max=0.428
        [Pruned] Trial 12 at gen 15 (loss=0.5487)
    --> Trial 13 | pop=38 seed=96928 x0_norm_min=-0.863 x0_norm_max=0.955
        [Trial 13] gen   20  evals=  760  best=0.5439
        [Trial 13] gen   40  evals= 1520  best=0.5439
        [Pruned] Trial 13 at gen 45 (loss=0.5439)
    --> Trial 14 | pop=45 seed=1852 x0_norm_min=-0.897 x0_norm_max=-0.091
        [Pruned] Trial 14 at gen 15 (loss=0.5512)
    --> Trial 15 | pop=31 seed=61845 x0_norm_min=-0.690 x0_norm_max=0.990
        [Pruned] Trial 15 at gen 15 (loss=0.5523)
    --> Trial 16 | pop=36 seed=83461 x0_norm_min=-0.776 x0_norm_max=0.982
        [Pruned] Trial 16 at gen 15 (loss=0.5680)
    --> Trial 17 | pop=42 seed=50320 x0_norm_min=-0.863 x0_norm_max=0.835
        [Pruned] Trial 17 at gen 15 (loss=0.5581)
    --> Trial 18 | pop=60 seed=18584 x0_norm_min=-0.933 x0_norm_max=0.907
        [Trial 18] gen   20  evals= 1200  best=0.5397
        [Trial 18] gen   40  evals= 2400  best=0.5397
        [Pruned] Trial 18 at gen 45 (loss=0.5397)
    --> Trial 19 | pop=56 seed=63412 x0_norm_min=-0.948 x0_norm_max=0.822
        [Pruned] Trial 19 at gen 15 (loss=0.5506)

  Winner: Trial 2, loss=0.522212 (1428s)
    Restarts run: 20
    mu: 20.932040
    D_mu: 12.482026
    T0_mu: 27.871118
    Ly: 3.600340
    op_x: 0.512274
    op_y: 0.886130
    NMSE: 0.010452
  [Saved] random_IR_0025

============================================================
[26/50] random_IR_0026.npz
  GT loss: 0.138416
    --> Trial 0 | pop=32 seed=63695 x0_norm_min=-0.944 x0_norm_max=0.730
        [Trial 0] gen   20  evals=  640  best=0.5116
        [Trial 0] gen   40  evals= 1280  best=0.5116
        [Trial 0] gen   60  evals= 1920  best=0.4894
        [Trial 0] gen   80  evals= 2560  best=0.4894
        [Trial 0] gen  100  evals= 3200  best=0.4894
        [Trial 0] gen  120  evals= 3840  best=0.4894
        [Trial 0] gen  140  evals= 4480  best=0.4894
        [Trial 0] gen  160  evals= 5120  best=0.4894
        [Trial 0] gen  180  evals= 5760  best=0.4894
        [Trial 0] gen  200  evals= 6400  best=0.4894
        [Trial 0] gen  220  evals= 7040  best=0.4859
        [Trial 0] gen  240  evals= 7680  best=0.4859
        [Trial 0] gen  260  evals= 8320  best=0.4859
        [Trial 0] gen  280  evals= 8960  best=0.4859
        [Trial 0] gen  300  evals= 9600  best=0.4857
        [Trial 0] gen  320  evals=10240  best=0.4845
        [Trial 0] gen  340  evals=10880  best=0.4833
        [Trial 0] gen  360  evals=11520  best=0.4826
        [Trial 0] gen  380  evals=12160  best=0.4822
        [Trial 0] gen  400  evals=12800  best=0.4817
        [Trial 0] gen  420  evals=13440  best=0.4809
        [Trial 0] gen  440  evals=14080  best=0.4808
        [Trial 0] gen  460  evals=14720  best=0.4804
        [Trial 0] gen  480  evals=15360  best=0.4804
        [Trial 0] gen  500  evals=16000  best=0.4804
        [Trial 0] gen  520  evals=16640  best=0.4804
        [Trial 0] gen  540  evals=17280  best=0.4804
        [Trial 0] gen  560  evals=17920  best=0.4804
        [Done] Trial 0 best=0.4804
    --> Trial 1 | pop=54 seed=23776 x0_norm_min=-0.937 x0_norm_max=0.907
        [Trial 1] gen   20  evals= 1080  best=0.4902
        [Trial 1] gen   40  evals= 2160  best=0.4902
        [Pruned] Trial 1 at gen 45 (loss=0.4902)
    --> Trial 2 | pop=45 seed=8058 x0_norm_min=-0.344 x0_norm_max=0.824
        [Pruned] Trial 2 at gen 15 (loss=0.5346)
    --> Trial 3 | pop=59 seed=33172 x0_norm_min=-0.797 x0_norm_max=0.622
        [Pruned] Trial 3 at gen 15 (loss=0.5125)
    --> Trial 4 | pop=32 seed=33217 x0_norm_min=-0.947 x0_norm_max=0.785
        [Pruned] Trial 4 at gen 15 (loss=0.5164)
    --> Trial 5 | pop=45 seed=17011 x0_norm_min=-0.748 x0_norm_max=0.981
        [Pruned] Trial 5 at gen 15 (loss=0.5148)
    --> Trial 6 | pop=44 seed=48984 x0_norm_min=-0.929 x0_norm_max=0.732
        [Pruned] Trial 6 at gen 15 (loss=0.5180)
    --> Trial 7 | pop=39 seed=63571 x0_norm_min=-0.779 x0_norm_max=0.922
        [Trial 7] gen   20  evals=  780  best=0.5044
        [Trial 7] gen   40  evals= 1560  best=0.5044
        [Pruned] Trial 7 at gen 45 (loss=0.5044)
    --> Trial 8 | pop=34 seed=11243 x0_norm_min=-0.814 x0_norm_max=0.843
        [Trial 8] gen   20  evals=  680  best=0.5087
        [Trial 8] gen   40  evals= 1360  best=0.5005
        [Pruned] Trial 8 at gen 45 (loss=0.5005)
    --> Trial 9 | pop=40 seed=98514 x0_norm_min=-0.955 x0_norm_max=0.770
        [Trial 9] gen   20  evals=  800  best=0.4879
        [Trial 9] gen   40  evals= 1600  best=0.4879
        [Trial 9] gen   60  evals= 2400  best=0.4879
        [Trial 9] gen   80  evals= 3200  best=0.4879
        [Trial 9] gen  100  evals= 4000  best=0.4879
        [Trial 9] gen  120  evals= 4800  best=0.4879
        [Trial 9] gen  140  evals= 5600  best=0.4874
        [Trial 9] gen  160  evals= 6400  best=0.4874
        [Trial 9] gen  180  evals= 7200  best=0.4770
        [Trial 9] gen  200  evals= 8000  best=0.4770
        [Trial 9] gen  220  evals= 8800  best=0.4710
        [Trial 9] gen  240  evals= 9600  best=0.4710
        [Trial 9] gen  260  evals=10400  best=0.4696
        [Trial 9] gen  280  evals=11200  best=0.4675
        [Trial 9] gen  300  evals=12000  best=0.4665
        [Trial 9] gen  320  evals=12800  best=0.4657
        [Trial 9] gen  340  evals=13600  best=0.4656
        [Trial 9] gen  360  evals=14400  best=0.4652
        [Trial 9] gen  380  evals=15200  best=0.4645
        [Trial 9] gen  400  evals=16000  best=0.4645
        [Trial 9] gen  420  evals=16800  best=0.4645
        [Trial 9] gen  440  evals=17600  best=0.4645
        [Trial 9] gen  460  evals=18400  best=0.4644
        [TRIAL TIMEOUT] Trial 9 total >600s, stopping
        [Done] Trial 9 best=0.4644
    --> Trial 10 | pop=51 seed=84653 x0_norm_min=-0.841 x0_norm_max=0.672
        [Pruned] Trial 10 at gen 15 (loss=0.5182)
    --> Trial 11 | pop=37 seed=93204 x0_norm_min=-0.781 x0_norm_max=0.859
        [Pruned] Trial 11 at gen 15 (loss=0.5239)
    --> Trial 12 | pop=30 seed=74051 x0_norm_min=-0.402 x0_norm_max=0.428
        [Pruned] Trial 12 at gen 15 (loss=0.5170)
    --> Trial 13 | pop=38 seed=56057 x0_norm_min=-0.863 x0_norm_max=0.955
        [Pruned] Trial 13 at gen 15 (loss=0.5271)
    --> Trial 14 | pop=40 seed=97515 x0_norm_min=-0.897 x0_norm_max=-0.091
        [Trial 14] gen   20  evals=  800  best=0.4999
        [Trial 14] gen   40  evals= 1600  best=0.4999
        [Pruned] Trial 14 at gen 45 (loss=0.4999)
    --> Trial 15 | pop=34 seed=79329 x0_norm_min=-0.690 x0_norm_max=0.990
        [Trial 15] gen   20  evals=  680  best=0.5072
        [Trial 15] gen   40  evals= 1360  best=0.5052
        [Pruned] Trial 15 at gen 45 (loss=0.5052)
    --> Trial 16 | pop=43 seed=67743 x0_norm_min=-0.776 x0_norm_max=0.982
        [Pruned] Trial 16 at gen 15 (loss=0.5205)
    --> Trial 17 | pop=49 seed=46239 x0_norm_min=-0.863 x0_norm_max=0.835
        [Pruned] Trial 17 at gen 15 (loss=0.5140)
    --> Trial 18 | pop=35 seed=88505 x0_norm_min=-0.933 x0_norm_max=0.907
        [Pruned] Trial 18 at gen 15 (loss=0.5203)
    --> Trial 19 | pop=30 seed=72532 x0_norm_min=-0.948 x0_norm_max=0.822
        [Pruned] Trial 19 at gen 15 (loss=0.5156)

  Winner: Trial 9, loss=0.464413 (1441s)
    Restarts run: 20
    mu: 33.185554
    D_mu: 2.409998
    T0_mu: 15.628247
    Ly: 3.772849
    op_x: 0.590372
    op_y: 0.602154
    NMSE: 0.112799
  [Saved] random_IR_0026

============================================================
[27/50] random_IR_0027.npz
  GT loss: 0.164764
    --> Trial 0 | pop=60 seed=1890 x0_norm_min=-0.944 x0_norm_max=0.730
        [Trial 0] gen   20  evals= 1200  best=0.5372
        [Trial 0] gen   40  evals= 2400  best=0.5367
        [Trial 0] gen   60  evals= 3600  best=0.5193
        [Trial 0] gen   80  evals= 4800  best=0.5193
        [Trial 0] gen  100  evals= 6000  best=0.5193
        [Trial 0] gen  120  evals= 7200  best=0.5193
        [Trial 0] gen  140  evals= 8400  best=0.5193
        [Trial 0] gen  160  evals= 9600  best=0.5193
        [Trial 0] gen  180  evals=10800  best=0.5193
        [Trial 0] gen  200  evals=12000  best=0.5179
        [Trial 0] gen  220  evals=13200  best=0.5099
        [Trial 0] gen  240  evals=14400  best=0.5086
        [Trial 0] gen  260  evals=15600  best=0.5050
        [Trial 0] gen  280  evals=16800  best=0.5050
        [Trial 0] gen  300  evals=18000  best=0.5050
        [Trial 0] gen  320  evals=19200  best=0.5050
        [Trial 0] gen  340  evals=20400  best=0.5050
        [TRIAL TIMEOUT] Trial 0 total >600s, stopping
        [Done] Trial 0 best=0.5050
    --> Trial 1 | pop=44 seed=92726 x0_norm_min=-0.937 x0_norm_max=0.907
        [Trial 1] gen   20  evals=  880  best=0.5328
        [Trial 1] gen   40  evals= 1760  best=0.5328
        [Trial 1] gen   60  evals= 2640  best=0.5221
        [Trial 1] gen   80  evals= 3520  best=0.5108
        [Trial 1] gen  100  evals= 4400  best=0.5038
        [Trial 1] gen  120  evals= 5280  best=0.5038
        [Trial 1] gen  140  evals= 6160  best=0.5018
        [Trial 1] gen  160  evals= 7040  best=0.5018
        [Trial 1] gen  180  evals= 7920  best=0.5016
        [Trial 1] gen  200  evals= 8800  best=0.4985
        [Trial 1] gen  220  evals= 9680  best=0.4969
        [Trial 1] gen  240  evals=10560  best=0.4969
        [Trial 1] gen  260  evals=11440  best=0.4965
        [Trial 1] gen  280  evals=12320  best=0.4960
        [Trial 1] gen  300  evals=13200  best=0.4960
        [Trial 1] gen  320  evals=14080  best=0.4955
        [Trial 1] gen  340  evals=14960  best=0.4954
        [Trial 1] gen  360  evals=15840  best=0.4954
        [Trial 1] gen  380  evals=16720  best=0.4953
        [Trial 1] gen  400  evals=17600  best=0.4951
        [Trial 1] gen  420  evals=18480  best=0.4951
        [Trial 1] gen  440  evals=19360  best=0.4950
        [Trial 1] gen  460  evals=20240  best=0.4950
        [Trial 1] gen  480  evals=21120  best=0.4947
        [Trial 1] gen  500  evals=22000  best=0.4947
        [Trial 1] gen  520  evals=22880  best=0.4947
        [Trial 1] gen  540  evals=23760  best=0.4947
        [Trial 1] gen  560  evals=24640  best=0.4947
        [Trial 1] gen  580  evals=25520  best=0.4947
        [Trial 1] gen  600  evals=26400  best=0.4947
        [Done] Trial 1 best=0.4947
    --> Trial 2 | pop=44 seed=92520 x0_norm_min=-0.344 x0_norm_max=0.824
        [Pruned] Trial 2 at gen 15 (loss=0.5441)
    --> Trial 3 | pop=34 seed=69918 x0_norm_min=-0.797 x0_norm_max=0.622
        [Pruned] Trial 3 at gen 15 (loss=0.5404)
    --> Trial 4 | pop=50 seed=83544 x0_norm_min=-0.947 x0_norm_max=0.785
        [Pruned] Trial 4 at gen 15 (loss=0.5403)
    --> Trial 5 | pop=46 seed=49179 x0_norm_min=-0.748 x0_norm_max=0.981
        [Trial 5] gen   20  evals=  920  best=0.5325
        [Trial 5] gen   40  evals= 1840  best=0.5325
        [Trial 5] gen   60  evals= 2760  best=0.5325
        [Trial 5] gen   80  evals= 3680  best=0.5296
        [Trial 5] gen  100  evals= 4600  best=0.5286
        [Trial 5] gen  120  evals= 5520  best=0.5254
        [Pruned] Trial 5 at gen 135 (loss=0.5227)
    --> Trial 6 | pop=31 seed=87029 x0_norm_min=-0.929 x0_norm_max=0.732
        [Pruned] Trial 6 at gen 15 (loss=0.5394)
    --> Trial 7 | pop=42 seed=14800 x0_norm_min=-0.779 x0_norm_max=0.922
        [Pruned] Trial 7 at gen 15 (loss=0.5552)
    --> Trial 8 | pop=43 seed=77490 x0_norm_min=-0.814 x0_norm_max=0.843
        [Pruned] Trial 8 at gen 15 (loss=0.5437)
    --> Trial 9 | pop=54 seed=96821 x0_norm_min=-0.955 x0_norm_max=0.770
        [Trial 9] gen   20  evals= 1080  best=0.5301
        [Trial 9] gen   40  evals= 2160  best=0.5227
        [Trial 9] gen   60  evals= 3240  best=0.5227
        [Trial 9] gen   80  evals= 4320  best=0.5227
        [Trial 9] gen  100  evals= 5400  best=0.5227
        [Trial 9] gen  120  evals= 6480  best=0.5113
        [Pruned] Trial 9 at gen 135 (loss=0.5028)
    --> Trial 10 | pop=37 seed=39564 x0_norm_min=-0.841 x0_norm_max=0.672
        [Pruned] Trial 10 at gen 15 (loss=0.5640)
    --> Trial 11 | pop=58 seed=8155 x0_norm_min=-0.781 x0_norm_max=0.859
        [Pruned] Trial 11 at gen 15 (loss=0.5486)
    --> Trial 12 | pop=60 seed=29432 x0_norm_min=-0.402 x0_norm_max=0.428
        [Pruned] Trial 12 at gen 15 (loss=0.5396)
    --> Trial 13 | pop=52 seed=58230 x0_norm_min=-0.863 x0_norm_max=0.955
        [Pruned] Trial 13 at gen 15 (loss=0.5476)
    --> Trial 14 | pop=56 seed=22412 x0_norm_min=-0.897 x0_norm_max=-0.091
        [Pruned] Trial 14 at gen 15 (loss=0.5538)
    --> Trial 15 | pop=49 seed=1104 x0_norm_min=-0.690 x0_norm_max=0.990
        [Pruned] Trial 15 at gen 15 (loss=0.5571)
    --> Trial 16 | pop=39 seed=62514 x0_norm_min=-0.776 x0_norm_max=0.982
        [Pruned] Trial 16 at gen 15 (loss=0.5584)
    --> Trial 17 | pop=48 seed=38653 x0_norm_min=-0.863 x0_norm_max=0.835
        [Pruned] Trial 17 at gen 15 (loss=0.5556)
    --> Trial 18 | pop=39 seed=50671 x0_norm_min=-0.933 x0_norm_max=0.907
        [Pruned] Trial 18 at gen 15 (loss=0.5501)
    --> Trial 19 | pop=54 seed=30396 x0_norm_min=-0.948 x0_norm_max=0.822
        [Pruned] Trial 19 at gen 15 (loss=0.5545)

  Winner: Trial 1, loss=0.494738 (1879s)
    Restarts run: 20
    mu: 34.135301
    D_mu: 4.212124
    T0_mu: 26.444768
    Ly: 2.738152
    op_x: 0.608616
    op_y: 0.863057
    NMSE: 0.026008
  [Saved] random_IR_0027

============================================================
[28/50] random_IR_0028.npz
  GT loss: 0.206394
    --> Trial 0 | pop=46 seed=84085 x0_norm_min=-0.944 x0_norm_max=0.730
        [Trial 0] gen   20  evals=  920  best=0.5945
        [Trial 0] gen   40  evals= 1840  best=0.5945
        [Trial 0] gen   60  evals= 2760  best=0.5945
        [Trial 0] gen   80  evals= 3680  best=0.5945
        [Trial 0] gen  100  evals= 4600  best=0.5894
        [Trial 0] gen  120  evals= 5520  best=0.5818
        [Trial 0] gen  140  evals= 6440  best=0.5770
        [Trial 0] gen  160  evals= 7360  best=0.5770
        [Trial 0] gen  180  evals= 8280  best=0.5663
        [Trial 0] gen  200  evals= 9200  best=0.5563
        [Trial 0] gen  220  evals=10120  best=0.5515
        [Trial 0] gen  240  evals=11040  best=0.5500
        [Trial 0] gen  260  evals=11960  best=0.5477
        [Trial 0] gen  280  evals=12880  best=0.5475
        [Trial 0] gen  300  evals=13800  best=0.5471
        [Trial 0] gen  320  evals=14720  best=0.5464
        [Trial 0] gen  340  evals=15640  best=0.5462
NOTE (module=cma, iteration=347):  
condition in coordinate system exceeded 1.1e+08, rescaled to 1.0e+00, 
condition changed from 1.6e+09 to 3.3e+06
        [Trial 0] gen  360  evals=16560  best=0.5461
        [Trial 0] gen  380  evals=17480  best=0.5461
        [Trial 0] gen  400  evals=18400  best=0.5460
        [Trial 0] gen  420  evals=19320  best=0.5460
        [Trial 0] gen  440  evals=20240  best=0.5460
        [Trial 0] gen  460  evals=21160  best=0.5460
        [Trial 0] gen  480  evals=22080  best=0.5460
        [Trial 0] gen  500  evals=23000  best=0.5460
        [Trial 0] gen  520  evals=23920  best=0.5460
        [Trial 0] gen  540  evals=24840  best=0.5459
        [Trial 0] gen  560  evals=25760  best=0.5459
        [Trial 0] gen  580  evals=26680  best=0.5459
        [Trial 0] gen  600  evals=27600  best=0.5459
        [Trial 0] gen  620  evals=28520  best=0.5459
        [Done] Trial 0 best=0.5459
    --> Trial 1 | pop=58 seed=90617 x0_norm_min=-0.937 x0_norm_max=0.907
        [Pruned] Trial 1 at gen 15 (loss=0.6022)
    --> Trial 2 | pop=47 seed=86967 x0_norm_min=-0.344 x0_norm_max=0.824
        [Pruned] Trial 2 at gen 15 (loss=0.6031)
    --> Trial 3 | pop=51 seed=9680 x0_norm_min=-0.797 x0_norm_max=0.622
        [Pruned] Trial 3 at gen 15 (loss=0.6126)
    --> Trial 4 | pop=41 seed=9973 x0_norm_min=-0.947 x0_norm_max=0.785
        [Pruned] Trial 4 at gen 15 (loss=0.6217)
    --> Trial 5 | pop=44 seed=24017 x0_norm_min=-0.748 x0_norm_max=0.981
        [Pruned] Trial 5 at gen 15 (loss=0.6240)
    --> Trial 6 | pop=45 seed=69111 x0_norm_min=-0.929 x0_norm_max=0.732
        [Pruned] Trial 6 at gen 15 (loss=0.6289)
    --> Trial 7 | pop=56 seed=85969 x0_norm_min=-0.779 x0_norm_max=0.922
        [Pruned] Trial 7 at gen 15 (loss=0.6122)
    --> Trial 8 | pop=49 seed=1149 x0_norm_min=-0.814 x0_norm_max=0.843
        [Pruned] Trial 8 at gen 15 (loss=0.6266)
    --> Trial 9 | pop=32 seed=73377 x0_norm_min=-0.955 x0_norm_max=0.770
        [Pruned] Trial 9 at gen 15 (loss=0.6156)
    --> Trial 10 | pop=35 seed=45637 x0_norm_min=-0.841 x0_norm_max=0.672
        [Trial 10] gen   20  evals=  700  best=0.5893
        [Trial 10] gen   40  evals= 1400  best=0.5893
        [Trial 10] gen   60  evals= 2100  best=0.5860
        [Trial 10] gen   80  evals= 2800  best=0.5860
        [Trial 10] gen  100  evals= 3500  best=0.5860
        [Trial 10] gen  120  evals= 4200  best=0.5860
        [Pruned] Trial 10 at gen 135 (loss=0.5860)
    --> Trial 11 | pop=35 seed=49749 x0_norm_min=-0.781 x0_norm_max=0.859
        [Pruned] Trial 11 at gen 15 (loss=0.6275)
    --> Trial 12 | pop=38 seed=44632 x0_norm_min=-0.402 x0_norm_max=0.428
        [Pruned] Trial 12 at gen 15 (loss=0.6097)
    --> Trial 13 | pop=33 seed=46695 x0_norm_min=-0.863 x0_norm_max=0.955
        [Trial 13] gen   20  evals=  660  best=0.5780
        [Trial 13] gen   40  evals= 1320  best=0.5780
        [Trial 13] gen   60  evals= 1980  best=0.5780
        [Trial 13] gen   80  evals= 2640  best=0.5780
        [Trial 13] gen  100  evals= 3300  best=0.5703
        [Trial 13] gen  120  evals= 3960  best=0.5703
        [Trial 13] gen  140  evals= 4620  best=0.5572
        [Trial 13] gen  160  evals= 5280  best=0.5572
        [Trial 13] gen  180  evals= 5940  best=0.5572
        [Trial 13] gen  200  evals= 6600  best=0.5535
        [Trial 13] gen  220  evals= 7260  best=0.5493
        [Trial 13] gen  240  evals= 7920  best=0.5487
        [Trial 13] gen  260  evals= 8580  best=0.5484
        [Trial 13] gen  280  evals= 9240  best=0.5484
        [Trial 13] gen  300  evals= 9900  best=0.5476
        [Trial 13] gen  320  evals=10560  best=0.5468
        [Trial 13] gen  340  evals=11220  best=0.5467
        [Trial 13] gen  360  evals=11880  best=0.5465
        [Trial 13] gen  380  evals=12540  best=0.5464
        [Trial 13] gen  400  evals=13200  best=0.5464
        [Pruned] Trial 13 at gen 405 (loss=0.5464)
    --> Trial 14 | pop=30 seed=60531 x0_norm_min=-0.897 x0_norm_max=-0.091
        [Pruned] Trial 14 at gen 15 (loss=0.6324)
    --> Trial 15 | pop=54 seed=99396 x0_norm_min=-0.690 x0_norm_max=0.990
        [Trial 15] gen   20  evals= 1080  best=0.5862
        [Trial 15] gen   40  evals= 2160  best=0.5607
        [Trial 15] gen   60  evals= 3240  best=0.5607
        [Trial 15] gen   80  evals= 4320  best=0.5607
        [Trial 15] gen  100  evals= 5400  best=0.5607
        [Trial 15] gen  120  evals= 6480  best=0.5607
        [Pruned] Trial 15 at gen 135 (loss=0.5607)
    --> Trial 16 | pop=42 seed=31712 x0_norm_min=-0.776 x0_norm_max=0.982
        [Pruned] Trial 16 at gen 15 (loss=0.6171)
    --> Trial 17 | pop=39 seed=62139 x0_norm_min=-0.863 x0_norm_max=0.835
        [Pruned] Trial 17 at gen 15 (loss=0.6112)
    --> Trial 18 | pop=52 seed=78668 x0_norm_min=-0.933 x0_norm_max=0.907
        [Pruned] Trial 18 at gen 15 (loss=0.6200)
    --> Trial 19 | pop=36 seed=27855 x0_norm_min=-0.948 x0_norm_max=0.822
        [Pruned] Trial 19 at gen 15 (loss=0.6108)

  Winner: Trial 0, loss=0.545924 (487s)
    Restarts run: 20
    mu: 15.754899
    D_mu: 95.827914
    T0_mu: 63.456289
    Ly: 2.959303
    op_x: 0.776136
    op_y: 0.721797
    NMSE: 0.050428
  [Saved] random_IR_0028

============================================================
[29/50] random_IR_0029.npz
  GT loss: 0.220541
    --> Trial 0 | pop=37 seed=42023 x0_norm_min=-0.944 x0_norm_max=0.730
        [Trial 0] gen   20  evals=  740  best=0.6107
        [Trial 0] gen   40  evals= 1480  best=0.6107
        [Trial 0] gen   60  evals= 2220  best=0.6107
        [Trial 0] gen   80  evals= 2960  best=0.6107
        [Trial 0] gen  100  evals= 3700  best=0.6107
        [Trial 0] gen  120  evals= 4440  best=0.5989
        [Trial 0] gen  140  evals= 5180  best=0.5939
        [Trial 0] gen  160  evals= 5920  best=0.5914
        [Trial 0] gen  180  evals= 6660  best=0.5887
        [Trial 0] gen  200  evals= 7400  best=0.5855
        [Trial 0] gen  220  evals= 8140  best=0.5792
        [Trial 0] gen  240  evals= 8880  best=0.5730
        [Trial 0] gen  260  evals= 9620  best=0.5722
        [Trial 0] gen  280  evals=10360  best=0.5716
        [Trial 0] gen  300  evals=11100  best=0.5702
        [Trial 0] gen  320  evals=11840  best=0.5702
        [Trial 0] gen  340  evals=12580  best=0.5696
        [Trial 0] gen  360  evals=13320  best=0.5696
        [Trial 0] gen  380  evals=14060  best=0.5696
        [Trial 0] gen  400  evals=14800  best=0.5694
        [Trial 0] gen  420  evals=15540  best=0.5693
        [Trial 0] gen  440  evals=16280  best=0.5693
        [Trial 0] gen  460  evals=17020  best=0.5693
        [Trial 0] gen  480  evals=17760  best=0.5692
        [Trial 0] gen  500  evals=18500  best=0.5692
        [Trial 0] gen  520  evals=19240  best=0.5692
        [Trial 0] gen  540  evals=19980  best=0.5692
        [Trial 0] gen  560  evals=20720  best=0.5692
        [Trial 0] gen  580  evals=21460  best=0.5692
        [Trial 0] gen  600  evals=22200  best=0.5692
        [Trial 0] gen  620  evals=22940  best=0.5692
        [Trial 0] gen  640  evals=23680  best=0.5692
        [Trial 0] gen  660  evals=24420  best=0.5692
        [Done] Trial 0 best=0.5692
    --> Trial 1 | pop=56 seed=68159 x0_norm_min=-0.937 x0_norm_max=0.907
        [Trial 1] gen   20  evals= 1120  best=0.6104
        [Trial 1] gen   40  evals= 2240  best=0.6104
        [Trial 1] gen   60  evals= 3360  best=0.5963
        [Trial 1] gen   80  evals= 4480  best=0.5963
        [Trial 1] gen  100  evals= 5600  best=0.5963
        [Trial 1] gen  120  evals= 6720  best=0.5963
        [Trial 1] gen  140  evals= 7840  best=0.5963
        [Trial 1] gen  160  evals= 8960  best=0.5947
        [Trial 1] gen  180  evals=10080  best=0.5947
        [Trial 1] gen  200  evals=11200  best=0.5947
        [Trial 1] gen  220  evals=12320  best=0.5907
        [Trial 1] gen  240  evals=13440  best=0.5871
        [Trial 1] gen  260  evals=14560  best=0.5804
        [Trial 1] gen  280  evals=15680  best=0.5782
        [Trial 1] gen  300  evals=16800  best=0.5740
        [Trial 1] gen  320  evals=17920  best=0.5724
        [Trial 1] gen  340  evals=19040  best=0.5723
        [Trial 1] gen  360  evals=20160  best=0.5723
NOTE (module=cma, iteration=375):  
condition in coordinate system exceeded 1.0e+08, rescaled to 1.0e+00, 
condition changed from 3.9e+09 to 5.6e+08
        [Trial 1] gen  380  evals=21280  best=0.5716
        [Trial 1] gen  400  evals=22400  best=0.5716
        [Pruned] Trial 1 at gen 405 (loss=0.5716)
    --> Trial 2 | pop=45 seed=63655 x0_norm_min=-0.344 x0_norm_max=0.824
        [Pruned] Trial 2 at gen 15 (loss=0.6144)
    --> Trial 3 | pop=40 seed=9015 x0_norm_min=-0.797 x0_norm_max=0.622
        [Pruned] Trial 3 at gen 15 (loss=0.6496)
    --> Trial 4 | pop=53 seed=77314 x0_norm_min=-0.947 x0_norm_max=0.785
        [Pruned] Trial 4 at gen 15 (loss=0.6283)
    --> Trial 5 | pop=52 seed=68912 x0_norm_min=-0.748 x0_norm_max=0.981
        [Pruned] Trial 5 at gen 15 (loss=0.6408)
    --> Trial 6 | pop=51 seed=13216 x0_norm_min=-0.929 x0_norm_max=0.732
        [Pruned] Trial 6 at gen 15 (loss=0.6453)
    --> Trial 7 | pop=41 seed=92733 x0_norm_min=-0.779 x0_norm_max=0.922
        [Pruned] Trial 7 at gen 15 (loss=0.6454)
    --> Trial 8 | pop=37 seed=78006 x0_norm_min=-0.814 x0_norm_max=0.843
        [Pruned] Trial 8 at gen 15 (loss=0.6305)
    --> Trial 9 | pop=59 seed=89539 x0_norm_min=-0.955 x0_norm_max=0.770
        [Pruned] Trial 9 at gen 15 (loss=0.6318)
    --> Trial 10 | pop=30 seed=40333 x0_norm_min=-0.841 x0_norm_max=0.672
        [Pruned] Trial 10 at gen 15 (loss=0.6427)
    --> Trial 11 | pop=30 seed=46178 x0_norm_min=-0.781 x0_norm_max=0.859
        [Pruned] Trial 11 at gen 15 (loss=0.6447)
    --> Trial 12 | pop=59 seed=44774 x0_norm_min=-0.402 x0_norm_max=0.428
        [Trial 12] gen   20  evals= 1180  best=0.6235
        [Trial 12] gen   40  evals= 2360  best=0.6156
        [Pruned] Trial 12 at gen 45 (loss=0.6156)
    --> Trial 13 | pop=47 seed=57420 x0_norm_min=-0.863 x0_norm_max=0.955
        [Pruned] Trial 13 at gen 15 (loss=0.6488)
    --> Trial 14 | pop=34 seed=23603 x0_norm_min=-0.897 x0_norm_max=-0.091
        [Pruned] Trial 14 at gen 15 (loss=0.6356)
    --> Trial 15 | pop=46 seed=28032 x0_norm_min=-0.690 x0_norm_max=0.990
        [Trial 15] gen   20  evals=  920  best=0.6046
        [Trial 15] gen   40  evals= 1840  best=0.6046
        [Trial 15] gen   60  evals= 2760  best=0.6046
        [Trial 15] gen   80  evals= 3680  best=0.6046
        [Trial 15] gen  100  evals= 4600  best=0.6046
        [Trial 15] gen  120  evals= 5520  best=0.6046
        [Pruned] Trial 15 at gen 135 (loss=0.6046)
    --> Trial 16 | pop=56 seed=54420 x0_norm_min=-0.776 x0_norm_max=0.982
        [Trial 16] gen   20  evals= 1120  best=0.6112
        [Trial 16] gen   40  evals= 2240  best=0.5990
        [Trial 16] gen   60  evals= 3360  best=0.5990
        [Trial 16] gen   80  evals= 4480  best=0.5990
        [Trial 16] gen  100  evals= 5600  best=0.5990
        [Trial 16] gen  120  evals= 6720  best=0.5990
        [Pruned] Trial 16 at gen 135 (loss=0.5990)
    --> Trial 17 | pop=42 seed=32211 x0_norm_min=-0.863 x0_norm_max=0.835
        [Pruned] Trial 17 at gen 15 (loss=0.6438)
    --> Trial 18 | pop=36 seed=736 x0_norm_min=-0.933 x0_norm_max=0.907
        [Pruned] Trial 18 at gen 15 (loss=0.6392)
    --> Trial 19 | pop=49 seed=71380 x0_norm_min=-0.948 x0_norm_max=0.822
        [Trial 19] gen   20  evals=  980  best=0.6186
        [Trial 19] gen   40  evals= 1960  best=0.6186
        [Pruned] Trial 19 at gen 45 (loss=0.6186)

  Winner: Trial 0, loss=0.569225 (1708s)
    Restarts run: 20
    mu: 45.036773
    D_mu: 2.896322
    T0_mu: 0.709996
    Ly: 3.138741
    op_x: 0.750603
    op_y: 0.679523
    NMSE: 0.053573
  [Saved] random_IR_0029

============================================================
[30/50] random_IR_0030.npz
  GT loss: 0.188445
    --> Trial 0 | pop=48 seed=45528 x0_norm_min=-0.944 x0_norm_max=0.730
        [Trial 0] gen   20  evals=  960  best=0.5616
        [Trial 0] gen   40  evals= 1920  best=0.5442
        [Trial 0] gen   60  evals= 2880  best=0.5442
        [Trial 0] gen   80  evals= 3840  best=0.5350
        [Trial 0] gen  100  evals= 4800  best=0.5350
        [Trial 0] gen  120  evals= 5760  best=0.5286
        [Trial 0] gen  140  evals= 6720  best=0.5242
        [Trial 0] gen  160  evals= 7680  best=0.5242
        [Trial 0] gen  180  evals= 8640  best=0.5242
        [Trial 0] gen  200  evals= 9600  best=0.5242
        [Trial 0] gen  220  evals=10560  best=0.5213
        [Trial 0] gen  240  evals=11520  best=0.5213
        [Trial 0] gen  260  evals=12480  best=0.5205
        [Trial 0] gen  280  evals=13440  best=0.5165
        [Trial 0] gen  300  evals=14400  best=0.5155
        [Trial 0] gen  320  evals=15360  best=0.5148
        [Trial 0] gen  340  evals=16320  best=0.5143
        [Trial 0] gen  360  evals=17280  best=0.5140
        [Trial 0] gen  380  evals=18240  best=0.5134
        [Trial 0] gen  400  evals=19200  best=0.5134
        [Trial 0] gen  420  evals=20160  best=0.5134
        [Trial 0] gen  440  evals=21120  best=0.5134
        [Trial 0] gen  460  evals=22080  best=0.5134
        [Trial 0] gen  480  evals=23040  best=0.5134
        [Trial 0] gen  500  evals=24000  best=0.5134
        [Trial 0] gen  520  evals=24960  best=0.5134
        [Trial 0] gen  540  evals=25920  best=0.5134
        [Trial 0] gen  560  evals=26880  best=0.5134
        [Done] Trial 0 best=0.5134
    --> Trial 1 | pop=53 seed=31649 x0_norm_min=-0.937 x0_norm_max=0.907
        [Trial 1] gen   20  evals= 1060  best=0.5548
        [Trial 1] gen   40  evals= 2120  best=0.5542
        [Pruned] Trial 1 at gen 45 (loss=0.5542)
    --> Trial 2 | pop=40 seed=22548 x0_norm_min=-0.344 x0_norm_max=0.824
        [Pruned] Trial 2 at gen 15 (loss=0.5641)
    --> Trial 3 | pop=45 seed=25707 x0_norm_min=-0.797 x0_norm_max=0.622
        [Pruned] Trial 3 at gen 15 (loss=0.5668)
    --> Trial 4 | pop=36 seed=10221 x0_norm_min=-0.947 x0_norm_max=0.785
        [Pruned] Trial 4 at gen 15 (loss=0.5594)
    --> Trial 5 | pop=32 seed=21290 x0_norm_min=-0.748 x0_norm_max=0.981
        [Pruned] Trial 5 at gen 15 (loss=0.5669)
    --> Trial 6 | pop=55 seed=63129 x0_norm_min=-0.929 x0_norm_max=0.732
        [Trial 6] gen   20  evals= 1100  best=0.5511
        [Trial 6] gen   40  evals= 2200  best=0.5510
        [Pruned] Trial 6 at gen 45 (loss=0.5510)
    --> Trial 7 | pop=54 seed=51784 x0_norm_min=-0.779 x0_norm_max=0.922
        [Trial 7] gen   20  evals= 1080  best=0.5513
        [Trial 7] gen   40  evals= 2160  best=0.5457
        [Pruned] Trial 7 at gen 45 (loss=0.5457)
    --> Trial 8 | pop=37 seed=22163 x0_norm_min=-0.814 x0_norm_max=0.843
        [Trial 8] gen   20  evals=  740  best=0.5535
        [Trial 8] gen   40  evals= 1480  best=0.5535
        [Pruned] Trial 8 at gen 45 (loss=0.5535)
    --> Trial 9 | pop=56 seed=38081 x0_norm_min=-0.955 x0_norm_max=0.770
        [Trial 9] gen   20  evals= 1120  best=0.5481
        [Trial 9] gen   40  evals= 2240  best=0.5412
        [Trial 9] gen   60  evals= 3360  best=0.5170
        [Trial 9] gen   80  evals= 4480  best=0.5170
        [Trial 9] gen  100  evals= 5600  best=0.5170
        [Trial 9] gen  120  evals= 6720  best=0.5170
        [Trial 9] gen  140  evals= 7840  best=0.5091
        [Trial 9] gen  160  evals= 8960  best=0.5055
        [Trial 9] gen  180  evals=10080  best=0.5034
        [Trial 9] gen  200  evals=11200  best=0.5009
        [TRIAL TIMEOUT] Trial 9 total >600s, stopping
        [Done] Trial 9 best=0.4996
    --> Trial 10 | pop=59 seed=88777 x0_norm_min=-0.841 x0_norm_max=0.672
        [Trial 10] gen   20  evals= 1180  best=0.5439
        [Trial 10] gen   40  evals= 2360  best=0.5439
        [Trial 10] gen   60  evals= 3540  best=0.5355
        [Trial 10] gen   80  evals= 4720  best=0.5327
        [Trial 10] gen  100  evals= 5900  best=0.5251
        [Trial 10] gen  120  evals= 7080  best=0.5228
        [Pruned] Trial 10 at gen 135 (loss=0.5186)
    --> Trial 11 | pop=47 seed=49359 x0_norm_min=-0.781 x0_norm_max=0.859
        [Pruned] Trial 11 at gen 15 (loss=0.5607)
    --> Trial 12 | pop=47 seed=69772 x0_norm_min=-0.402 x0_norm_max=0.428
        [Pruned] Trial 12 at gen 15 (loss=0.5648)
    --> Trial 13 | pop=60 seed=40565 x0_norm_min=-0.863 x0_norm_max=0.955
        [Pruned] Trial 13 at gen 15 (loss=0.5754)
    --> Trial 14 | pop=50 seed=2837 x0_norm_min=-0.897 x0_norm_max=-0.091
        [Pruned] Trial 14 at gen 15 (loss=0.5633)
    --> Trial 15 | pop=43 seed=72272 x0_norm_min=-0.690 x0_norm_max=0.990
        [Pruned] Trial 15 at gen 15 (loss=0.5632)
    --> Trial 16 | pop=50 seed=41439 x0_norm_min=-0.776 x0_norm_max=0.982
        [Pruned] Trial 16 at gen 15 (loss=0.5691)
    --> Trial 17 | pop=57 seed=97602 x0_norm_min=-0.863 x0_norm_max=0.835
        [Pruned] Trial 17 at gen 15 (loss=0.5714)
    --> Trial 18 | pop=51 seed=55986 x0_norm_min=-0.933 x0_norm_max=0.907
        [Trial 18] gen   20  evals= 1020  best=0.5455
        [Trial 18] gen   40  evals= 2040  best=0.5455
        [Pruned] Trial 18 at gen 45 (loss=0.5449)
    --> Trial 19 | pop=42 seed=42935 x0_norm_min=-0.948 x0_norm_max=0.822
        [Pruned] Trial 19 at gen 15 (loss=0.5586)

  Winner: Trial 9, loss=0.499566 (1368s)
    Restarts run: 20
    mu: 13.331052
    D_mu: 0.951805
    T0_mu: 58.828300
    Ly: 4.000000
    op_x: 0.766059
    op_y: 0.678597
    NMSE: 0.166233
  [Saved] random_IR_0030

============================================================
[31/50] random_IR_0031.npz
  GT loss: 0.188936
    --> Trial 0 | pop=48 seed=26730 x0_norm_min=-0.944 x0_norm_max=0.730
        [Trial 0] gen   20  evals=  960  best=0.5634
        [Trial 0] gen   40  evals= 1920  best=0.5634
        [Trial 0] gen   60  evals= 2880  best=0.5634
        [Trial 0] gen   80  evals= 3840  best=0.5633
        [Trial 0] gen  100  evals= 4800  best=0.5633
        [Trial 0] gen  120  evals= 5760  best=0.5633
        [Trial 0] gen  140  evals= 6720  best=0.5584
        [Trial 0] gen  160  evals= 7680  best=0.5584
        [Trial 0] gen  180  evals= 8640  best=0.5584
        [Trial 0] gen  200  evals= 9600  best=0.5580
        [Trial 0] gen  220  evals=10560  best=0.5469
        [Trial 0] gen  240  evals=11520  best=0.5466
        [Trial 0] gen  260  evals=12480  best=0.5439
        [Trial 0] gen  280  evals=13440  best=0.5439
        [Trial 0] gen  300  evals=14400  best=0.5416
        [Trial 0] gen  320  evals=15360  best=0.5402
        [Trial 0] gen  340  evals=16320  best=0.5399
        [Trial 0] gen  360  evals=17280  best=0.5390
        [Trial 0] gen  380  evals=18240  best=0.5390
        [Trial 0] gen  400  evals=19200  best=0.5390
        [Trial 0] gen  420  evals=20160  best=0.5390
        [Trial 0] gen  440  evals=21120  best=0.5378
        [Trial 0] gen  460  evals=22080  best=0.5378
        [Trial 0] gen  480  evals=23040  best=0.5378
        [Trial 0] gen  500  evals=24000  best=0.5378
        [Trial 0] gen  520  evals=24960  best=0.5378
        [Trial 0] gen  540  evals=25920  best=0.5378
        [TRIAL TIMEOUT] Trial 0 total >600s, stopping
        [Done] Trial 0 best=0.5378
    --> Trial 1 | pop=45 seed=14637 x0_norm_min=-0.937 x0_norm_max=0.907
        [Pruned] Trial 1 at gen 15 (loss=0.5794)
    --> Trial 2 | pop=34 seed=45409 x0_norm_min=-0.344 x0_norm_max=0.824
        [Pruned] Trial 2 at gen 15 (loss=0.5985)
    --> Trial 3 | pop=43 seed=94617 x0_norm_min=-0.797 x0_norm_max=0.622
        [Pruned] Trial 3 at gen 15 (loss=0.5896)
    --> Trial 4 | pop=37 seed=85100 x0_norm_min=-0.947 x0_norm_max=0.785
        [Pruned] Trial 4 at gen 15 (loss=0.5786)
    --> Trial 5 | pop=53 seed=52600 x0_norm_min=-0.748 x0_norm_max=0.981
        [Pruned] Trial 5 at gen 15 (loss=0.5809)
    --> Trial 6 | pop=60 seed=10961 x0_norm_min=-0.929 x0_norm_max=0.732
        [Trial 6] gen   20  evals= 1200  best=0.5721
        [Trial 6] gen   40  evals= 2400  best=0.5721
        [Pruned] Trial 6 at gen 45 (loss=0.5721)
    --> Trial 7 | pop=39 seed=91885 x0_norm_min=-0.779 x0_norm_max=0.922
        [Pruned] Trial 7 at gen 15 (loss=0.5901)
    --> Trial 8 | pop=38 seed=47531 x0_norm_min=-0.814 x0_norm_max=0.843
        [Trial 8] gen   20  evals=  760  best=0.5691
        [Trial 8] gen   40  evals= 1520  best=0.5691
        [Pruned] Trial 8 at gen 45 (loss=0.5691)
    --> Trial 9 | pop=59 seed=1283 x0_norm_min=-0.955 x0_norm_max=0.770
        [Trial 9] gen   20  evals= 1180  best=0.5469
        [Trial 9] gen   40  evals= 2360  best=0.5469
        [Trial 9] gen   60  evals= 3540  best=0.5469
        [Trial 9] gen   80  evals= 4720  best=0.5469
        [Trial 9] gen  100  evals= 5900  best=0.5469
        [Trial 9] gen  120  evals= 7080  best=0.5469
        [Trial 9] gen  140  evals= 8260  best=0.5469
        [Trial 9] gen  160  evals= 9440  best=0.5443
        [Trial 9] gen  180  evals=10620  best=0.5358
        [Trial 9] gen  200  evals=11800  best=0.5353
        [Trial 9] gen  220  evals=12980  best=0.5353
        [Trial 9] gen  240  evals=14160  best=0.5353
        [Trial 9] gen  260  evals=15340  best=0.5353
        [Trial 9] gen  280  evals=16520  best=0.5353
        [Trial 9] gen  300  evals=17700  best=0.5353
        [Trial 9] gen  320  evals=18880  best=0.5346
        [Trial 9] gen  340  evals=20060  best=0.5341
        [Trial 9] gen  360  evals=21240  best=0.5338
        [Trial 9] gen  380  evals=22420  best=0.5338
        [Trial 9] gen  400  evals=23600  best=0.5338
        [Trial 9] gen  420  evals=24780  best=0.5338
        [Trial 9] gen  440  evals=25960  best=0.5338
        [Trial 9] gen  460  evals=27140  best=0.5338
        [Trial 9] gen  480  evals=28320  best=0.5338
        [Trial 9] gen  500  evals=29500  best=0.5338
        [Done] Trial 9 best=0.5338
    --> Trial 10 | pop=59 seed=68663 x0_norm_min=-0.841 x0_norm_max=0.672
        [Pruned] Trial 10 at gen 15 (loss=0.5867)
    --> Trial 11 | pop=51 seed=1013 x0_norm_min=-0.781 x0_norm_max=0.859
        [Trial 11] gen   20  evals= 1020  best=0.5658
        [Trial 11] gen   40  evals= 2040  best=0.5658
        [Pruned] Trial 11 at gen 45 (loss=0.5658)
    --> Trial 12 | pop=53 seed=27171 x0_norm_min=-0.402 x0_norm_max=0.428
        [Pruned] Trial 12 at gen 15 (loss=0.5790)
    --> Trial 13 | pop=47 seed=25729 x0_norm_min=-0.863 x0_norm_max=0.955
        [Pruned] Trial 13 at gen 15 (loss=0.5747)
    --> Trial 14 | pop=56 seed=26737 x0_norm_min=-0.897 x0_norm_max=-0.091
        [Pruned] Trial 14 at gen 15 (loss=0.5922)
    --> Trial 15 | pop=49 seed=5525 x0_norm_min=-0.690 x0_norm_max=0.990
        [Pruned] Trial 15 at gen 15 (loss=0.5854)
    --> Trial 16 | pop=42 seed=35481 x0_norm_min=-0.776 x0_norm_max=0.982
        [Pruned] Trial 16 at gen 15 (loss=0.5782)
    --> Trial 17 | pop=30 seed=16886 x0_norm_min=-0.863 x0_norm_max=0.835
        [Pruned] Trial 17 at gen 15 (loss=0.5978)
    --> Trial 18 | pop=55 seed=225 x0_norm_min=-0.933 x0_norm_max=0.907
        [Pruned] Trial 18 at gen 15 (loss=0.5789)
    --> Trial 19 | pop=57 seed=61658 x0_norm_min=-0.948 x0_norm_max=0.822
        [Trial 19] gen   20  evals= 1140  best=0.5722
        [Trial 19] gen   40  evals= 2280  best=0.5482
        [Trial 19] gen   60  evals= 3420  best=0.5482
        [Trial 19] gen   80  evals= 4560  best=0.5482
        [Trial 19] gen  100  evals= 5700  best=0.5482
        [Trial 19] gen  120  evals= 6840  best=0.5482
        [Pruned] Trial 19 at gen 135 (loss=0.5482)

  Winner: Trial 9, loss=0.533825 (1489s)
    Restarts run: 20
    mu: 13.769747
    D_mu: 1.090915
    T0_mu: 52.581628
    Ly: 1.363539
    op_x: 0.537206
    op_y: 0.677768
    NMSE: 0.217291
  [Saved] random_IR_0031

============================================================
[32/50] random_IR_0032.npz
  GT loss: 0.199040
    --> Trial 0 | pop=45 seed=79376 x0_norm_min=-0.944 x0_norm_max=0.730
        [Trial 0] gen   20  evals=  900  best=0.5754
        [Trial 0] gen   40  evals= 1800  best=0.5575
        [Trial 0] gen   60  evals= 2700  best=0.5575
        [Trial 0] gen   80  evals= 3600  best=0.5575
        [Trial 0] gen  100  evals= 4500  best=0.5575
        [Trial 0] gen  120  evals= 5400  best=0.5545
        [Trial 0] gen  140  evals= 6300  best=0.5545
        [Trial 0] gen  160  evals= 7200  best=0.5545
        [Trial 0] gen  180  evals= 8100  best=0.5539
        [Trial 0] gen  200  evals= 9000  best=0.5470
        [Trial 0] gen  220  evals= 9900  best=0.5400
        [Trial 0] gen  240  evals=10800  best=0.5388
        [Trial 0] gen  260  evals=11700  best=0.5384
        [Trial 0] gen  280  evals=12600  best=0.5359
        [Trial 0] gen  300  evals=13500  best=0.5354
        [Trial 0] gen  320  evals=14400  best=0.5348
        [Trial 0] gen  340  evals=15300  best=0.5348
        [Trial 0] gen  360  evals=16200  best=0.5348
        [Trial 0] gen  380  evals=17100  best=0.5346
        [Trial 0] gen  400  evals=18000  best=0.5341
        [Trial 0] gen  420  evals=18900  best=0.5341
        [Trial 0] gen  440  evals=19800  best=0.5339
        [TRIAL TIMEOUT] Trial 0 total >600s, stopping
        [Done] Trial 0 best=0.5339
    --> Trial 1 | pop=36 seed=3971 x0_norm_min=-0.937 x0_norm_max=0.907
        [Pruned] Trial 1 at gen 15 (loss=0.5860)
    --> Trial 2 | pop=56 seed=9603 x0_norm_min=-0.344 x0_norm_max=0.824
        [Trial 2] gen   20  evals= 1120  best=0.5606
        [Trial 2] gen   40  evals= 2240  best=0.5574
        [Trial 2] gen   60  evals= 3360  best=0.5574
        [Trial 2] gen   80  evals= 4480  best=0.5574
        [Trial 2] gen  100  evals= 5600  best=0.5538
        [Trial 2] gen  120  evals= 6720  best=0.5538
        [Trial 2] gen  140  evals= 7840  best=0.5424
        [Trial 2] gen  160  evals= 8960  best=0.5424
        [Trial 2] gen  180  evals=10080  best=0.5424
        [Trial 2] gen  200  evals=11200  best=0.5424
        [Trial 2] gen  220  evals=12320  best=0.5424
        [Trial 2] gen  240  evals=13440  best=0.5424
        [Trial 2] gen  260  evals=14560  best=0.5424
        [Trial 2] gen  280  evals=15680  best=0.5424
        [Trial 2] gen  300  evals=16800  best=0.5424
        [Trial 2] gen  320  evals=17920  best=0.5423
        [Trial 2] gen  340  evals=19040  best=0.5413
        [Trial 2] gen  360  evals=20160  best=0.5413
        [Trial 2] gen  380  evals=21280  best=0.5413
        [Trial 2] gen  400  evals=22400  best=0.5412
        [Pruned] Trial 2 at gen 405 (loss=0.5412)
    --> Trial 3 | pop=36 seed=31683 x0_norm_min=-0.797 x0_norm_max=0.622
        [Pruned] Trial 3 at gen 15 (loss=0.5839)
    --> Trial 4 | pop=60 seed=51617 x0_norm_min=-0.947 x0_norm_max=0.785
        [Pruned] Trial 4 at gen 15 (loss=0.5842)
    --> Trial 5 | pop=36 seed=37622 x0_norm_min=-0.748 x0_norm_max=0.981
        [Trial 5] gen   20  evals=  720  best=0.5749
        [Trial 5] gen   40  evals= 1440  best=0.5630
        [Pruned] Trial 5 at gen 45 (loss=0.5630)
    --> Trial 6 | pop=38 seed=4818 x0_norm_min=-0.929 x0_norm_max=0.732
        [Pruned] Trial 6 at gen 15 (loss=0.5770)
    --> Trial 7 | pop=54 seed=82778 x0_norm_min=-0.779 x0_norm_max=0.922
        [Trial 7] gen   20  evals= 1080  best=0.5663
        [Trial 7] gen   40  evals= 2160  best=0.5663
        [Pruned] Trial 7 at gen 45 (loss=0.5663)
    --> Trial 8 | pop=59 seed=97569 x0_norm_min=-0.814 x0_norm_max=0.843
        [Trial 8] gen   20  evals= 1180  best=0.5696
        [Trial 8] gen   40  evals= 2360  best=0.5571
        [Trial 8] gen   60  evals= 3540  best=0.5571
        [Trial 8] gen   80  evals= 4720  best=0.5571
        [Trial 8] gen  100  evals= 5900  best=0.5571
        [Trial 8] gen  120  evals= 7080  best=0.5571
        [Pruned] Trial 8 at gen 135 (loss=0.5571)
    --> Trial 9 | pop=34 seed=82663 x0_norm_min=-0.955 x0_norm_max=0.770
        [Pruned] Trial 9 at gen 15 (loss=0.5771)
    --> Trial 10 | pop=48 seed=58157 x0_norm_min=-0.841 x0_norm_max=0.672
        [Pruned] Trial 10 at gen 15 (loss=0.5816)
    --> Trial 11 | pop=45 seed=28723 x0_norm_min=-0.781 x0_norm_max=0.859
        [Trial 11] gen   20  evals=  900  best=0.5664
        [Trial 11] gen   40  evals= 1800  best=0.5664
        [Pruned] Trial 11 at gen 45 (loss=0.5664)
    --> Trial 12 | pop=44 seed=67084 x0_norm_min=-0.402 x0_norm_max=0.428
        [Pruned] Trial 12 at gen 15 (loss=0.5789)
    --> Trial 13 | pop=53 seed=19578 x0_norm_min=-0.863 x0_norm_max=0.955
        [Pruned] Trial 13 at gen 15 (loss=0.5785)
    --> Trial 14 | pop=52 seed=46170 x0_norm_min=-0.897 x0_norm_max=-0.091
        [Pruned] Trial 14 at gen 15 (loss=0.5791)
    --> Trial 15 | pop=30 seed=66208 x0_norm_min=-0.690 x0_norm_max=0.990
        [Trial 15] gen   20  evals=  600  best=0.5535
        [Trial 15] gen   40  evals= 1200  best=0.5535
        [Trial 15] gen   60  evals= 1800  best=0.5535
        [Trial 15] gen   80  evals= 2400  best=0.5535
        [Trial 15] gen  100  evals= 3000  best=0.5510
        [Trial 15] gen  120  evals= 3600  best=0.5443
        [Pruned] Trial 15 at gen 135 (loss=0.5443)
    --> Trial 16 | pop=42 seed=97732 x0_norm_min=-0.776 x0_norm_max=0.982
        [Pruned] Trial 16 at gen 15 (loss=0.5739)
    --> Trial 17 | pop=49 seed=78960 x0_norm_min=-0.863 x0_norm_max=0.835
        [Trial 17] gen   20  evals=  980  best=0.5724
        [Trial 17] gen   40  evals= 1960  best=0.5724
        [Pruned] Trial 17 at gen 45 (loss=0.5724)
    --> Trial 18 | pop=56 seed=16390 x0_norm_min=-0.933 x0_norm_max=0.907
        [Pruned] Trial 18 at gen 15 (loss=0.5869)
    --> Trial 19 | pop=48 seed=15710 x0_norm_min=-0.948 x0_norm_max=0.822
        [Pruned] Trial 19 at gen 15 (loss=0.5739)

  Winner: Trial 0, loss=0.533944 (1313s)
    Restarts run: 20
    mu: 8.044283
    D_mu: 2.205416
    T0_mu: 120.632497
    Ly: 3.490802
    op_x: 0.510310
    op_y: 0.628004
    NMSE: 0.132127
  [Saved] random_IR_0032

============================================================
[33/50] random_IR_0033.npz
  GT loss: 0.242859
    --> Trial 0 | pop=31 seed=79095 x0_norm_min=-0.944 x0_norm_max=0.730
        [Trial 0] gen   20  evals=  620  best=0.6675
        [Trial 0] gen   40  evals= 1240  best=0.6675
        [Trial 0] gen   60  evals= 1860  best=0.6675
        [Trial 0] gen   80  evals= 2480  best=0.6675
        [Trial 0] gen  100  evals= 3100  best=0.6675
        [Trial 0] gen  120  evals= 3720  best=0.6675
        [Trial 0] gen  140  evals= 4340  best=0.6634
        [Trial 0] gen  160  evals= 4960  best=0.6631
        [Trial 0] gen  180  evals= 5580  best=0.6631
        [Trial 0] gen  200  evals= 6200  best=0.6612
        [Trial 0] gen  220  evals= 6820  best=0.6445
        [Trial 0] gen  240  evals= 7440  best=0.6361
        [Trial 0] gen  260  evals= 8060  best=0.6361
        [Trial 0] gen  280  evals= 8680  best=0.6327
        [Trial 0] gen  300  evals= 9300  best=0.6196
        [Trial 0] gen  320  evals= 9920  best=0.6143
        [Trial 0] gen  340  evals=10540  best=0.6098
        [Trial 0] gen  360  evals=11160  best=0.6076
        [Trial 0] gen  380  evals=11780  best=0.6076
        [Trial 0] gen  400  evals=12400  best=0.6069
        [Trial 0] gen  420  evals=13020  best=0.6069
NOTE (module=cma, iteration=423):  
condition in coordinate system exceeded 1.1e+08, rescaled to 1.0e+00, 
condition changed from 9.3e+09 to 7.5e+08
        [Trial 0] gen  440  evals=13640  best=0.6064
        [Trial 0] gen  460  evals=14260  best=0.6064
        [Trial 0] gen  480  evals=14880  best=0.6064
        [Trial 0] gen  500  evals=15500  best=0.6063
        [Trial 0] gen  520  evals=16120  best=0.6061
        [Trial 0] gen  540  evals=16740  best=0.6061
        [Trial 0] gen  560  evals=17360  best=0.6061
        [Trial 0] gen  580  evals=17980  best=0.6061
        [Trial 0] gen  600  evals=18600  best=0.6061
        [Trial 0] gen  620  evals=19220  best=0.6061
        [Trial 0] gen  640  evals=19840  best=0.6060
        [Trial 0] gen  660  evals=20460  best=0.6060
        [Trial 0] gen  680  evals=21080  best=0.6060
        [Trial 0] gen  700  evals=21700  best=0.6060
        [Trial 0] gen  720  evals=22320  best=0.6060
        [Trial 0] gen  740  evals=22940  best=0.6060
        [Trial 0] gen  760  evals=23560  best=0.6060
        [Trial 0] gen  780  evals=24180  best=0.6060
        [Trial 0] gen  800  evals=24800  best=0.6060
        [Trial 0] gen  820  evals=25420  best=0.6060
        [Trial 0] gen  840  evals=26040  best=0.6060
        [Trial 0] gen  860  evals=26660  best=0.6060
        [Trial 0] gen  880  evals=27280  best=0.6060
        [Trial 0] gen  900  evals=27900  best=0.6060
        [Done] Trial 0 best=0.6060
    --> Trial 1 | pop=35 seed=40785 x0_norm_min=-0.937 x0_norm_max=0.907
        [Trial 1] gen   20  evals=  700  best=0.6901
        [Trial 1] gen   40  evals= 1400  best=0.6747
        [Pruned] Trial 1 at gen 45 (loss=0.6747)
    --> Trial 2 | pop=47 seed=10690 x0_norm_min=-0.344 x0_norm_max=0.824
        [Trial 2] gen   20  evals=  940  best=0.6541
        [Trial 2] gen   40  evals= 1880  best=0.6426
        [Trial 2] gen   60  evals= 2820  best=0.6426
        [Trial 2] gen   80  evals= 3760  best=0.6426
        [Trial 2] gen  100  evals= 4700  best=0.6426
        [Trial 2] gen  120  evals= 5640  best=0.6426
        [Trial 2] gen  140  evals= 6580  best=0.6354
        [Trial 2] gen  160  evals= 7520  best=0.6354
        [Trial 2] gen  180  evals= 8460  best=0.6354
        [Trial 2] gen  200  evals= 9400  best=0.6354
        [Trial 2] gen  220  evals=10340  best=0.6354
        [Trial 2] gen  240  evals=11280  best=0.6354
        [Trial 2] gen  260  evals=12220  best=0.6354
        [Trial 2] gen  280  evals=13160  best=0.6352
        [Trial 2] gen  300  evals=14100  best=0.6352
        [Trial 2] gen  320  evals=15040  best=0.6352
        [Trial 2] gen  340  evals=15980  best=0.6352
        [Trial 2] gen  360  evals=16920  best=0.6309
        [Trial 2] gen  380  evals=17860  best=0.6295
        [Trial 2] gen  400  evals=18800  best=0.6287
        [Pruned] Trial 2 at gen 405 (loss=0.6284)
    --> Trial 3 | pop=37 seed=27493 x0_norm_min=-0.797 x0_norm_max=0.622
        [Pruned] Trial 3 at gen 15 (loss=0.6996)
    --> Trial 4 | pop=37 seed=98202 x0_norm_min=-0.947 x0_norm_max=0.785
        [Trial 4] gen   20  evals=  740  best=0.6915
        [Trial 4] gen   40  evals= 1480  best=0.6915
        [Pruned] Trial 4 at gen 45 (loss=0.6911)
    --> Trial 5 | pop=59 seed=39864 x0_norm_min=-0.748 x0_norm_max=0.981
        [Trial 5] gen   20  evals= 1180  best=0.6742
        [Trial 5] gen   40  evals= 2360  best=0.6580
        [Trial 5] gen   60  evals= 3540  best=0.6355
        [Trial 5] gen   80  evals= 4720  best=0.6355
        [Trial 5] gen  100  evals= 5900  best=0.6238
        [Trial 5] gen  120  evals= 7080  best=0.6148
        [Trial 5] gen  140  evals= 8260  best=0.6088
        [Trial 5] gen  160  evals= 9440  best=0.6059
        [Trial 5] gen  180  evals=10620  best=0.6002
        [Trial 5] gen  200  evals=11800  best=0.5977
        [Trial 5] gen  220  evals=12980  best=0.5957
        [Trial 5] gen  240  evals=14160  best=0.5951
        [Trial 5] gen  260  evals=15340  best=0.5944
        [Trial 5] gen  280  evals=16520  best=0.5943
NOTE (module=cma, iteration=282):  
condition in coordinate system exceeded 1.1e+08, rescaled to 1.0e+00, 
condition changed from 2.6e+09 to 6.2e+08
        [Trial 5] gen  300  evals=17700  best=0.5942
        [Trial 5] gen  320  evals=18880  best=0.5941
        [Trial 5] gen  340  evals=20060  best=0.5941
        [Trial 5] gen  360  evals=21240  best=0.5941
        [Trial 5] gen  380  evals=22420  best=0.5941
        [Trial 5] gen  400  evals=23600  best=0.5941
        [Trial 5] gen  420  evals=24780  best=0.5941
        [Trial 5] gen  440  evals=25960  best=0.5941
        [Trial 5] gen  460  evals=27140  best=0.5940
        [Trial 5] gen  480  evals=28320  best=0.5940
        [Trial 5] gen  500  evals=29500  best=0.5940
        [Done] Trial 5 best=0.5940
    --> Trial 6 | pop=31 seed=80810 x0_norm_min=-0.929 x0_norm_max=0.732
        [Pruned] Trial 6 at gen 15 (loss=0.7117)
    --> Trial 7 | pop=54 seed=8584 x0_norm_min=-0.779 x0_norm_max=0.922
        [Trial 7] gen   20  evals= 1080  best=0.6784
        [Trial 7] gen   40  evals= 2160  best=0.6707
        [Pruned] Trial 7 at gen 45 (loss=0.6707)
    --> Trial 8 | pop=50 seed=60311 x0_norm_min=-0.814 x0_norm_max=0.843
        [Pruned] Trial 8 at gen 15 (loss=0.7051)
    --> Trial 9 | pop=53 seed=71137 x0_norm_min=-0.955 x0_norm_max=0.770
        [Trial 9] gen   20  evals= 1060  best=0.6918
        [Trial 9] gen   40  evals= 2120  best=0.6808
        [Pruned] Trial 9 at gen 45 (loss=0.6734)
    --> Trial 10 | pop=60 seed=46018 x0_norm_min=-0.841 x0_norm_max=0.672
        [Trial 10] gen   20  evals= 1200  best=0.6693
        [Trial 10] gen   40  evals= 2400  best=0.6693
        [Pruned] Trial 10 at gen 45 (loss=0.6693)
    --> Trial 11 | pop=44 seed=96489 x0_norm_min=-0.781 x0_norm_max=0.859
        [Trial 11] gen   20  evals=  880  best=0.6829
        [Trial 11] gen   40  evals= 1760  best=0.6829
        [Pruned] Trial 11 at gen 45 (loss=0.6829)
    --> Trial 12 | pop=43 seed=58223 x0_norm_min=-0.402 x0_norm_max=0.428
        [Trial 12] gen   20  evals=  860  best=0.6695
        [Trial 12] gen   40  evals= 1720  best=0.6664
        [Trial 12] gen   60  evals= 2580  best=0.6425
        [Trial 12] gen   80  evals= 3440  best=0.6368
        [Trial 12] gen  100  evals= 4300  best=0.6368
        [Trial 12] gen  120  evals= 5160  best=0.6221
        [Pruned] Trial 12 at gen 135 (loss=0.6123)
    --> Trial 13 | pop=60 seed=27656 x0_norm_min=-0.863 x0_norm_max=0.955
        [Trial 13] gen   20  evals= 1200  best=0.6833
        [Trial 13] gen   40  evals= 2400  best=0.6829
        [Pruned] Trial 13 at gen 45 (loss=0.6808)
    --> Trial 14 | pop=30 seed=78596 x0_norm_min=-0.897 x0_norm_max=-0.091
        [Pruned] Trial 14 at gen 15 (loss=0.6955)
    --> Trial 15 | pop=41 seed=36712 x0_norm_min=-0.690 x0_norm_max=0.990
        [Pruned] Trial 15 at gen 15 (loss=0.7109)
    --> Trial 16 | pop=56 seed=56617 x0_norm_min=-0.776 x0_norm_max=0.982
        [Trial 16] gen   20  evals= 1120  best=0.6734
        [Trial 16] gen   40  evals= 2240  best=0.6397
        [Trial 16] gen   60  evals= 3360  best=0.6397
        [Trial 16] gen   80  evals= 4480  best=0.6397
        [Trial 16] gen  100  evals= 5600  best=0.6397
        [Trial 16] gen  120  evals= 6720  best=0.6397
        [Pruned] Trial 16 at gen 135 (loss=0.6397)
    --> Trial 17 | pop=48 seed=19957 x0_norm_min=-0.863 x0_norm_max=0.835
        [Pruned] Trial 17 at gen 15 (loss=0.7032)
    --> Trial 18 | pop=33 seed=84480 x0_norm_min=-0.933 x0_norm_max=0.907
        [Pruned] Trial 18 at gen 15 (loss=0.7232)
    --> Trial 19 | pop=39 seed=69346 x0_norm_min=-0.948 x0_norm_max=0.822
        [Pruned] Trial 19 at gen 15 (loss=0.7036)

  Winner: Trial 5, loss=0.593966 (652s)
    Restarts run: 20
    mu: 18.805566
    D_mu: 67.264139
    T0_mu: 50.391524
    Ly: 3.339590
    op_x: 0.864680
    op_y: 0.573231
    NMSE: 0.063130
  [Saved] random_IR_0033

============================================================
[34/50] random_IR_0034.npz
  GT loss: 0.151549
    --> Trial 0 | pop=49 seed=37482 x0_norm_min=-0.944 x0_norm_max=0.730
        [Trial 0] gen   20  evals=  980  best=0.5239
        [Trial 0] gen   40  evals= 1960  best=0.5239
        [Trial 0] gen   60  evals= 2940  best=0.5239
        [Trial 0] gen   80  evals= 3920  best=0.5239
        [Trial 0] gen  100  evals= 4900  best=0.5220
        [Trial 0] gen  120  evals= 5880  best=0.5119
        [Trial 0] gen  140  evals= 6860  best=0.5064
        [Trial 0] gen  160  evals= 7840  best=0.5045
        [Trial 0] gen  180  evals= 8820  best=0.5045
        [Trial 0] gen  200  evals= 9800  best=0.5038
        [Trial 0] gen  220  evals=10780  best=0.5031
        [Trial 0] gen  240  evals=11760  best=0.5018
        [Trial 0] gen  260  evals=12740  best=0.5018
        [Trial 0] gen  280  evals=13720  best=0.5018
        [Trial 0] gen  300  evals=14700  best=0.5018
        [Trial 0] gen  320  evals=15680  best=0.5016
        [Trial 0] gen  340  evals=16660  best=0.5009
        [Trial 0] gen  360  evals=17640  best=0.5009
        [Trial 0] gen  380  evals=18620  best=0.5009
        [TRIAL TIMEOUT] Trial 0 total >600s, stopping
        [Done] Trial 0 best=0.5009
    --> Trial 1 | pop=36 seed=19983 x0_norm_min=-0.937 x0_norm_max=0.907
        [Pruned] Trial 1 at gen 15 (loss=0.5298)
    --> Trial 2 | pop=49 seed=23207 x0_norm_min=-0.344 x0_norm_max=0.824
        [Pruned] Trial 2 at gen 15 (loss=0.5281)
    --> Trial 3 | pop=49 seed=69061 x0_norm_min=-0.797 x0_norm_max=0.622
        [Pruned] Trial 3 at gen 15 (loss=0.5448)
    --> Trial 4 | pop=30 seed=74983 x0_norm_min=-0.947 x0_norm_max=0.785
        [Pruned] Trial 4 at gen 15 (loss=0.5480)
    --> Trial 5 | pop=30 seed=51331 x0_norm_min=-0.748 x0_norm_max=0.981
        [Pruned] Trial 5 at gen 15 (loss=0.5332)
    --> Trial 6 | pop=47 seed=17385 x0_norm_min=-0.929 x0_norm_max=0.732
        [Trial 6] gen   20  evals=  940  best=0.5274
        [Trial 6] gen   40  evals= 1880  best=0.5274
        [Pruned] Trial 6 at gen 45 (loss=0.5274)
    --> Trial 7 | pop=42 seed=37690 x0_norm_min=-0.779 x0_norm_max=0.922
        [Pruned] Trial 7 at gen 15 (loss=0.5329)
    --> Trial 8 | pop=55 seed=68905 x0_norm_min=-0.814 x0_norm_max=0.843
        [Trial 8] gen   20  evals= 1100  best=0.5263
        [Trial 8] gen   40  evals= 2200  best=0.5244
        [Pruned] Trial 8 at gen 45 (loss=0.5244)
    --> Trial 9 | pop=58 seed=77352 x0_norm_min=-0.955 x0_norm_max=0.770
        [Trial 9] gen   20  evals= 1160  best=0.5091
        [Trial 9] gen   40  evals= 2320  best=0.5091
        [Trial 9] gen   60  evals= 3480  best=0.5091
        [Trial 9] gen   80  evals= 4640  best=0.5091
        [Trial 9] gen  100  evals= 5800  best=0.5091
        [Trial 9] gen  120  evals= 6960  best=0.5091
        [Pruned] Trial 9 at gen 135 (loss=0.5091)
    --> Trial 10 | pop=38 seed=93782 x0_norm_min=-0.841 x0_norm_max=0.672
        [Pruned] Trial 10 at gen 15 (loss=0.5390)
    --> Trial 11 | pop=60 seed=1249 x0_norm_min=-0.781 x0_norm_max=0.859
        [Pruned] Trial 11 at gen 15 (loss=0.5365)
    --> Trial 12 | pop=57 seed=99298 x0_norm_min=-0.402 x0_norm_max=0.428
        [Trial 12] gen   20  evals= 1140  best=0.5262
        [Trial 12] gen   40  evals= 2280  best=0.5216
        [Pruned] Trial 12 at gen 45 (loss=0.5216)
    --> Trial 13 | pop=53 seed=51765 x0_norm_min=-0.863 x0_norm_max=0.955
        [Pruned] Trial 13 at gen 15 (loss=0.5351)
    --> Trial 14 | pop=44 seed=81314 x0_norm_min=-0.897 x0_norm_max=-0.091
        [Trial 14] gen   20  evals=  880  best=0.5226
        [Trial 14] gen   40  evals= 1760  best=0.5226
        [Pruned] Trial 14 at gen 45 (loss=0.5226)
    --> Trial 15 | pop=52 seed=49772 x0_norm_min=-0.690 x0_norm_max=0.990
        [Pruned] Trial 15 at gen 15 (loss=0.5390)
    --> Trial 16 | pop=60 seed=32551 x0_norm_min=-0.776 x0_norm_max=0.982
        [Pruned] Trial 16 at gen 15 (loss=0.5428)
    --> Trial 17 | pop=56 seed=1420 x0_norm_min=-0.863 x0_norm_max=0.835
        [Pruned] Trial 17 at gen 15 (loss=0.5294)
    --> Trial 18 | pop=44 seed=86060 x0_norm_min=-0.933 x0_norm_max=0.907
        [Pruned] Trial 18 at gen 15 (loss=0.5278)
    --> Trial 19 | pop=51 seed=63032 x0_norm_min=-0.948 x0_norm_max=0.822
        [Trial 19] gen   20  evals= 1020  best=0.5262
        [Trial 19] gen   40  evals= 2040  best=0.5212
        [Trial 19] gen   60  evals= 3060  best=0.5201
        [Trial 19] gen   80  evals= 4080  best=0.5201
        [Trial 19] gen  100  evals= 5100  best=0.5079
        [Trial 19] gen  120  evals= 6120  best=0.5070
        [Trial 19] gen  140  evals= 7140  best=0.5056
        [Trial 19] gen  160  evals= 8160  best=0.4968
        [Trial 19] gen  180  evals= 9180  best=0.4956
        [Trial 19] gen  200  evals=10200  best=0.4956
        [Trial 19] gen  220  evals=11220  best=0.4883
        [Trial 19] gen  240  evals=12240  best=0.4883
        [Trial 19] gen  260  evals=13260  best=0.4879
        [Trial 19] gen  280  evals=14280  best=0.4874
        [Trial 19] gen  300  evals=15300  best=0.4874
        [Trial 19] gen  320  evals=16320  best=0.4866
        [Trial 19] gen  340  evals=17340  best=0.4866
        [Trial 19] gen  360  evals=18360  best=0.4866
        [Trial 19] gen  380  evals=19380  best=0.4866
        [TRIAL TIMEOUT] Trial 19 total >600s, stopping
        [Done] Trial 19 best=0.4863

  Winner: Trial 19, loss=0.486283 (1658s)
    Restarts run: 20
    mu: 24.603763
    D_mu: 2.033854
    T0_mu: 25.704965
    Ly: 3.344765
    op_x: 0.531389
    op_y: 0.560585
    NMSE: 0.094238
  [Saved] random_IR_0034

============================================================
[35/50] random_IR_0035.npz
  GT loss: 0.274991
    --> Trial 0 | pop=32 seed=41264 x0_norm_min=-0.944 x0_norm_max=0.730
        [Trial 0] gen   20  evals=  640  best=0.7107
        [Trial 0] gen   40  evals= 1280  best=0.6991
        [Trial 0] gen   60  evals= 1920  best=0.6921
        [Trial 0] gen   80  evals= 2560  best=0.6921
        [Trial 0] gen  100  evals= 3200  best=0.6921
        [Trial 0] gen  120  evals= 3840  best=0.6511
        [Trial 0] gen  140  evals= 4480  best=0.6511
        [Trial 0] gen  160  evals= 5120  best=0.6511
        [Trial 0] gen  180  evals= 5760  best=0.6511
        [Trial 0] gen  200  evals= 6400  best=0.6493
        [Trial 0] gen  220  evals= 7040  best=0.6447
        [Trial 0] gen  240  evals= 7680  best=0.6436
        [Trial 0] gen  260  evals= 8320  best=0.6416
        [Trial 0] gen  280  evals= 8960  best=0.6416
        [Trial 0] gen  300  evals= 9600  best=0.6416
        [Trial 0] gen  320  evals=10240  best=0.6416
        [Trial 0] gen  340  evals=10880  best=0.6404
        [Trial 0] gen  360  evals=11520  best=0.6404
        [Trial 0] gen  380  evals=12160  best=0.6404
NOTE (module=cma, iteration=386):  
condition in coordinate system exceeded 1.1e+08, rescaled to 1.0e+00, 
condition changed from 1.2e+08 to 4.8e+07
        [Trial 0] gen  400  evals=12800  best=0.6404
        [Trial 0] gen  420  evals=13440  best=0.6402
        [Trial 0] gen  440  evals=14080  best=0.6402
        [Trial 0] gen  460  evals=14720  best=0.6401
        [Trial 0] gen  480  evals=15360  best=0.6401
        [Trial 0] gen  500  evals=16000  best=0.6400
        [Trial 0] gen  520  evals=16640  best=0.6400
        [Trial 0] gen  540  evals=17280  best=0.6400
        [Trial 0] gen  560  evals=17920  best=0.6400
        [Trial 0] gen  580  evals=18560  best=0.6398
        [Trial 0] gen  600  evals=19200  best=0.6398
        [Trial 0] gen  620  evals=19840  best=0.6398
        [Trial 0] gen  640  evals=20480  best=0.6398
        [Done] Trial 0 best=0.6398
    --> Trial 1 | pop=35 seed=33309 x0_norm_min=-0.937 x0_norm_max=0.907
        [Pruned] Trial 1 at gen 15 (loss=0.7171)
    --> Trial 2 | pop=45 seed=19437 x0_norm_min=-0.344 x0_norm_max=0.824
        [Pruned] Trial 2 at gen 15 (loss=0.7166)
    --> Trial 3 | pop=55 seed=56491 x0_norm_min=-0.797 x0_norm_max=0.622
        [Trial 3] gen   20  evals= 1100  best=0.6995
        [Trial 3] gen   40  evals= 2200  best=0.6964
        [Trial 3] gen   60  evals= 3300  best=0.6964
        [Trial 3] gen   80  evals= 4400  best=0.6801
        [Trial 3] gen  100  evals= 5500  best=0.6801
        [Trial 3] gen  120  evals= 6600  best=0.6801
        [Pruned] Trial 3 at gen 135 (loss=0.6801)
    --> Trial 4 | pop=46 seed=12258 x0_norm_min=-0.947 x0_norm_max=0.785
        [Pruned] Trial 4 at gen 15 (loss=0.7108)
    --> Trial 5 | pop=42 seed=89150 x0_norm_min=-0.748 x0_norm_max=0.981
        [Pruned] Trial 5 at gen 15 (loss=0.7117)
    --> Trial 6 | pop=43 seed=18230 x0_norm_min=-0.929 x0_norm_max=0.732
        [Pruned] Trial 6 at gen 15 (loss=0.7230)
    --> Trial 7 | pop=55 seed=73707 x0_norm_min=-0.779 x0_norm_max=0.922
        [Pruned] Trial 7 at gen 15 (loss=0.7125)
    --> Trial 8 | pop=30 seed=87131 x0_norm_min=-0.814 x0_norm_max=0.843
        [Trial 8] gen   20  evals=  600  best=0.7001
        [Trial 8] gen   40  evals= 1200  best=0.7001
        [Pruned] Trial 8 at gen 45 (loss=0.7001)
    --> Trial 9 | pop=40 seed=27306 x0_norm_min=-0.955 x0_norm_max=0.770
        [Pruned] Trial 9 at gen 15 (loss=0.7226)
    --> Trial 10 | pop=60 seed=50062 x0_norm_min=-0.841 x0_norm_max=0.672
        [Pruned] Trial 10 at gen 15 (loss=0.7142)
    --> Trial 11 | pop=51 seed=53411 x0_norm_min=-0.781 x0_norm_max=0.859
        [Trial 11] gen   20  evals= 1020  best=0.7055
        [Trial 11] gen   40  evals= 2040  best=0.6627
        [Trial 11] gen   60  evals= 3060  best=0.6627
        [Trial 11] gen   80  evals= 4080  best=0.6627
        [Trial 11] gen  100  evals= 5100  best=0.6627
        [Trial 11] gen  120  evals= 6120  best=0.6627
        [Pruned] Trial 11 at gen 135 (loss=0.6627)
    --> Trial 12 | pop=50 seed=53898 x0_norm_min=-0.402 x0_norm_max=0.428
        [Pruned] Trial 12 at gen 15 (loss=0.7107)
    --> Trial 13 | pop=30 seed=38940 x0_norm_min=-0.863 x0_norm_max=0.955
        [Pruned] Trial 13 at gen 15 (loss=0.7429)
    --> Trial 14 | pop=37 seed=69758 x0_norm_min=-0.897 x0_norm_max=-0.091
        [Trial 14] gen   20  evals=  740  best=0.6890
        [Trial 14] gen   40  evals= 1480  best=0.6890
        [Pruned] Trial 14 at gen 45 (loss=0.6886)
    --> Trial 15 | pop=48 seed=46688 x0_norm_min=-0.690 x0_norm_max=0.990
        [Trial 15] gen   20  evals=  960  best=0.6968
        [Trial 15] gen   40  evals= 1920  best=0.6968
        [Pruned] Trial 15 at gen 45 (loss=0.6968)
    --> Trial 16 | pop=51 seed=65692 x0_norm_min=-0.776 x0_norm_max=0.982
        [Trial 16] gen   20  evals= 1020  best=0.6869
        [Trial 16] gen   40  evals= 2040  best=0.6869
        [Trial 16] gen   60  evals= 3060  best=0.6700
        [Trial 16] gen   80  evals= 4080  best=0.6700
        [Trial 16] gen  100  evals= 5100  best=0.6700
        [Trial 16] gen  120  evals= 6120  best=0.6663
        [Pruned] Trial 16 at gen 135 (loss=0.6625)
    --> Trial 17 | pop=37 seed=68204 x0_norm_min=-0.863 x0_norm_max=0.835
        [Trial 17] gen   20  evals=  740  best=0.6888
        [Trial 17] gen   40  evals= 1480  best=0.6888
        [Pruned] Trial 17 at gen 45 (loss=0.6888)
    --> Trial 18 | pop=58 seed=99512 x0_norm_min=-0.933 x0_norm_max=0.907
        [Pruned] Trial 18 at gen 15 (loss=0.7225)
    --> Trial 19 | pop=35 seed=644 x0_norm_min=-0.948 x0_norm_max=0.822
        [Pruned] Trial 19 at gen 15 (loss=0.7231)

  Winner: Trial 0, loss=0.639792 (593s)
    Restarts run: 20
    mu: 32.100595
    D_mu: 18.011694
    T0_mu: 9.638479
    Ly: 3.165862
    op_x: 0.780108
    op_y: 0.632660
    NMSE: 0.104132
  [Saved] random_IR_0035

============================================================
[36/50] random_IR_0036.npz
  GT loss: 0.349116
    --> Trial 0 | pop=55 seed=8770 x0_norm_min=-0.944 x0_norm_max=0.730
        [Trial 0] gen   20  evals= 1100  best=0.7872
        [Trial 0] gen   40  evals= 2200  best=0.7763
        [Trial 0] gen   60  evals= 3300  best=0.7418
        [Trial 0] gen   80  evals= 4400  best=0.7351
        [Trial 0] gen  100  evals= 5500  best=0.7351
        [Trial 0] gen  120  evals= 6600  best=0.7351
        [Trial 0] gen  140  evals= 7700  best=0.7290
        [Trial 0] gen  160  evals= 8800  best=0.7164
        [Trial 0] gen  180  evals= 9900  best=0.7079
        [Trial 0] gen  200  evals=11000  best=0.7011
        [Trial 0] gen  220  evals=12100  best=0.6890
        [Trial 0] gen  240  evals=13200  best=0.6890
        [Trial 0] gen  260  evals=14300  best=0.6867
        [Trial 0] gen  280  evals=15400  best=0.6829
        [Trial 0] gen  300  evals=16500  best=0.6799
        [Trial 0] gen  320  evals=17600  best=0.6783
        [Trial 0] gen  340  evals=18700  best=0.6781
        [Trial 0] gen  360  evals=19800  best=0.6765
        [Trial 0] gen  380  evals=20900  best=0.6765
        [Trial 0] gen  400  evals=22000  best=0.6760
NOTE (module=cma, iteration=405):  
condition in coordinate system exceeded 1.0e+08, rescaled to 1.0e+00, 
condition changed from 1.1e+09 to 7.0e+08
        [Trial 0] gen  420  evals=23100  best=0.6760
        [Trial 0] gen  440  evals=24200  best=0.6759
        [TRIAL TIMEOUT] Trial 0 total >600s, stopping
        [Done] Trial 0 best=0.6759
    --> Trial 1 | pop=43 seed=71745 x0_norm_min=-0.937 x0_norm_max=0.907
        [Pruned] Trial 1 at gen 15 (loss=0.7905)
    --> Trial 2 | pop=48 seed=57993 x0_norm_min=-0.344 x0_norm_max=0.824
        [Trial 2] gen   20  evals=  960  best=0.7756
        [Trial 2] gen   40  evals= 1920  best=0.7457
        [Trial 2] gen   60  evals= 2880  best=0.7457
        [Trial 2] gen   80  evals= 3840  best=0.7368
        [Trial 2] gen  100  evals= 4800  best=0.7204
        [Trial 2] gen  120  evals= 5760  best=0.7167
        [Trial 2] gen  140  evals= 6720  best=0.7045
        [Trial 2] gen  160  evals= 7680  best=0.6966
        [Trial 2] gen  180  evals= 8640  best=0.6884
        [Trial 2] gen  200  evals= 9600  best=0.6862
        [Trial 2] gen  220  evals=10560  best=0.6857
        [Trial 2] gen  240  evals=11520  best=0.6857
        [Trial 2] gen  260  evals=12480  best=0.6857
        [Trial 2] gen  280  evals=13440  best=0.6857
        [Trial 2] gen  300  evals=14400  best=0.6857
        [Trial 2] gen  320  evals=15360  best=0.6857
        [Trial 2] gen  340  evals=16320  best=0.6857
        [Trial 2] gen  360  evals=17280  best=0.6857
        [Trial 2] gen  380  evals=18240  best=0.6857
        [Trial 2] gen  400  evals=19200  best=0.6857
        [Pruned] Trial 2 at gen 405 (loss=0.6857)
    --> Trial 3 | pop=34 seed=92821 x0_norm_min=-0.797 x0_norm_max=0.622
        [Trial 3] gen   20  evals=  680  best=0.7458
        [Trial 3] gen   40  evals= 1360  best=0.7458
        [Pruned] Trial 3 at gen 45 (loss=0.7458)
    --> Trial 4 | pop=42 seed=92081 x0_norm_min=-0.947 x0_norm_max=0.785
        [Pruned] Trial 4 at gen 15 (loss=0.7728)
    --> Trial 5 | pop=54 seed=29867 x0_norm_min=-0.748 x0_norm_max=0.981
        [Pruned] Trial 5 at gen 15 (loss=0.7851)
    --> Trial 6 | pop=39 seed=61223 x0_norm_min=-0.929 x0_norm_max=0.732
        [Pruned] Trial 6 at gen 15 (loss=0.8248)
    --> Trial 7 | pop=54 seed=51417 x0_norm_min=-0.779 x0_norm_max=0.922
        [Pruned] Trial 7 at gen 15 (loss=0.8055)
    --> Trial 8 | pop=36 seed=42890 x0_norm_min=-0.814 x0_norm_max=0.843
        [Trial 8] gen   20  evals=  720  best=0.7487
        [Trial 8] gen   40  evals= 1440  best=0.7487
        [Pruned] Trial 8 at gen 45 (loss=0.7487)
    --> Trial 9 | pop=47 seed=66206 x0_norm_min=-0.955 x0_norm_max=0.770
        [Trial 9] gen   20  evals=  940  best=0.7356
        [Trial 9] gen   40  evals= 1880  best=0.7356
        [Trial 9] gen   60  evals= 2820  best=0.7356
        [Trial 9] gen   80  evals= 3760  best=0.7244
        [Trial 9] gen  100  evals= 4700  best=0.7244
        [Trial 9] gen  120  evals= 5640  best=0.7244
        [Pruned] Trial 9 at gen 135 (loss=0.7244)
    --> Trial 10 | pop=60 seed=3612 x0_norm_min=-0.841 x0_norm_max=0.672
        [Pruned] Trial 10 at gen 15 (loss=0.7780)
    --> Trial 11 | pop=50 seed=1637 x0_norm_min=-0.781 x0_norm_max=0.859
        [Trial 11] gen   20  evals= 1000  best=0.7651
        [Trial 11] gen   40  evals= 2000  best=0.7168
        [Trial 11] gen   60  evals= 3000  best=0.7168
        [Trial 11] gen   80  evals= 4000  best=0.7168
        [Trial 11] gen  100  evals= 5000  best=0.7168
        [Trial 11] gen  120  evals= 6000  best=0.7168
        [Pruned] Trial 11 at gen 135 (loss=0.7168)
    --> Trial 12 | pop=59 seed=23882 x0_norm_min=-0.402 x0_norm_max=0.428
        [Trial 12] gen   20  evals= 1180  best=0.7420
        [Trial 12] gen   40  evals= 2360  best=0.7420
        [Pruned] Trial 12 at gen 45 (loss=0.7420)
    --> Trial 13 | pop=30 seed=22704 x0_norm_min=-0.863 x0_norm_max=0.955
        [Pruned] Trial 13 at gen 15 (loss=0.7551)
    --> Trial 14 | pop=50 seed=38554 x0_norm_min=-0.897 x0_norm_max=-0.091
        [Pruned] Trial 14 at gen 15 (loss=0.8090)
    --> Trial 15 | pop=55 seed=79014 x0_norm_min=-0.690 x0_norm_max=0.990
        [Pruned] Trial 15 at gen 15 (loss=0.7940)
    --> Trial 16 | pop=47 seed=14654 x0_norm_min=-0.776 x0_norm_max=0.982
        [Pruned] Trial 16 at gen 15 (loss=0.8086)
    --> Trial 17 | pop=50 seed=53192 x0_norm_min=-0.863 x0_norm_max=0.835
        [Pruned] Trial 17 at gen 15 (loss=0.7983)
    --> Trial 18 | pop=56 seed=79226 x0_norm_min=-0.933 x0_norm_max=0.907
        [Trial 18] gen   20  evals= 1120  best=0.7617
        [Trial 18] gen   40  evals= 2240  best=0.7508
        [Pruned] Trial 18 at gen 45 (loss=0.7508)
    --> Trial 19 | pop=46 seed=15210 x0_norm_min=-0.948 x0_norm_max=0.822
        [Trial 19] gen   20  evals=  920  best=0.7526
        [Trial 19] gen   40  evals= 1840  best=0.7526
        [Pruned] Trial 19 at gen 45 (loss=0.7526)

  Winner: Trial 0, loss=0.675898 (1240s)
    Restarts run: 20
    mu: 18.467902
    D_mu: 2.840844
    T0_mu: 6.638300
    Ly: 3.400782
    op_x: 0.930285
    op_y: 0.680751
    NMSE: 0.129007
  [Saved] random_IR_0036

============================================================
[37/50] random_IR_0037.npz
  GT loss: 0.353016
    --> Trial 0 | pop=32 seed=68373 x0_norm_min=-0.944 x0_norm_max=0.730
        [Trial 0] gen   20  evals=  640  best=0.6986
        [Trial 0] gen   40  evals= 1280  best=0.6882
        [Trial 0] gen   60  evals= 1920  best=0.6872
        [Trial 0] gen   80  evals= 2560  best=0.6872
        [Trial 0] gen  100  evals= 3200  best=0.6872
        [Trial 0] gen  120  evals= 3840  best=0.6872
        [Trial 0] gen  140  evals= 4480  best=0.6872
        [Trial 0] gen  160  evals= 5120  best=0.6771
        [Trial 0] gen  180  evals= 5760  best=0.6771
        [Trial 0] gen  200  evals= 6400  best=0.6740
        [Trial 0] gen  220  evals= 7040  best=0.6740
        [Trial 0] gen  240  evals= 7680  best=0.6740
        [Trial 0] gen  260  evals= 8320  best=0.6740
        [Trial 0] gen  280  evals= 8960  best=0.6740
        [Trial 0] gen  300  evals= 9600  best=0.6740
        [Trial 0] gen  320  evals=10240  best=0.6740
        [Trial 0] gen  340  evals=10880  best=0.6740
        [Trial 0] gen  360  evals=11520  best=0.6740
        [Trial 0] gen  380  evals=12160  best=0.6740
        [Trial 0] gen  400  evals=12800  best=0.6732
        [Trial 0] gen  420  evals=13440  best=0.6732
        [Trial 0] gen  440  evals=14080  best=0.6732
        [Trial 0] gen  460  evals=14720  best=0.6732
        [Trial 0] gen  480  evals=15360  best=0.6732
        [Trial 0] gen  500  evals=16000  best=0.6732
        [Trial 0] gen  520  evals=16640  best=0.6732
        [Trial 0] gen  540  evals=17280  best=0.6732
        [Trial 0] gen  560  evals=17920  best=0.6732
        [Trial 0] gen  580  evals=18560  best=0.6732
        [Trial 0] gen  600  evals=19200  best=0.6732
        [Trial 0] gen  620  evals=19840  best=0.6732
        [Trial 0] gen  640  evals=20480  best=0.6732
        [Trial 0] gen  660  evals=21120  best=0.6732
        [Trial 0] gen  680  evals=21760  best=0.6732
        [Trial 0] gen  700  evals=22400  best=0.6732
        [Trial 0] gen  720  evals=23040  best=0.6732
        [Done] Trial 0 best=0.6732
    --> Trial 1 | pop=45 seed=77504 x0_norm_min=-0.937 x0_norm_max=0.907
        [Pruned] Trial 1 at gen 15 (loss=0.7209)
    --> Trial 2 | pop=53 seed=44861 x0_norm_min=-0.344 x0_norm_max=0.824
        [Pruned] Trial 2 at gen 15 (loss=0.7108)
    --> Trial 3 | pop=36 seed=943 x0_norm_min=-0.797 x0_norm_max=0.622
        [Pruned] Trial 3 at gen 15 (loss=0.7220)
    --> Trial 4 | pop=57 seed=10941 x0_norm_min=-0.947 x0_norm_max=0.785
        [Pruned] Trial 4 at gen 15 (loss=0.7181)
    --> Trial 5 | pop=33 seed=78771 x0_norm_min=-0.748 x0_norm_max=0.981
        [Pruned] Trial 5 at gen 15 (loss=0.7133)
    --> Trial 6 | pop=42 seed=91525 x0_norm_min=-0.929 x0_norm_max=0.732
        [Trial 6] gen   20  evals=  840  best=0.7026
        [Trial 6] gen   40  evals= 1680  best=0.6868
        [Trial 6] gen   60  evals= 2520  best=0.6868
        [Trial 6] gen   80  evals= 3360  best=0.6785
        [Trial 6] gen  100  evals= 4200  best=0.6682
        [Trial 6] gen  120  evals= 5040  best=0.6682
        [Trial 6] gen  140  evals= 5880  best=0.6682
        [Trial 6] gen  160  evals= 6720  best=0.6682
        [Trial 6] gen  180  evals= 7560  best=0.6682
        [Trial 6] gen  200  evals= 8400  best=0.6682
        [Trial 6] gen  220  evals= 9240  best=0.6682
        [Trial 6] gen  240  evals=10080  best=0.6682
        [Trial 6] gen  260  evals=10920  best=0.6608
        [Trial 6] gen  280  evals=11760  best=0.6608
        [Trial 6] gen  300  evals=12600  best=0.6608
        [Trial 6] gen  320  evals=13440  best=0.6608
        [Trial 6] gen  340  evals=14280  best=0.6608
        [Trial 6] gen  360  evals=15120  best=0.6608
        [Trial 6] gen  380  evals=15960  best=0.6608
        [Trial 6] gen  400  evals=16800  best=0.6608
        [Trial 6] gen  420  evals=17640  best=0.6570
        [Trial 6] gen  440  evals=18480  best=0.6545
        [Trial 6] gen  460  evals=19320  best=0.6528
        [Trial 6] gen  480  evals=20160  best=0.6528
        [Trial 6] gen  500  evals=21000  best=0.6528
        [Trial 6] gen  520  evals=21840  best=0.6528
        [Trial 6] gen  540  evals=22680  best=0.6523
        [Trial 6] gen  560  evals=23520  best=0.6517
        [Trial 6] gen  580  evals=24360  best=0.6517
        [Trial 6] gen  600  evals=25200  best=0.6517
        [Trial 6] gen  620  evals=26040  best=0.6516
        [Trial 6] gen  640  evals=26880  best=0.6515
        [Trial 6] gen  660  evals=27720  best=0.6515
        [Trial 6] gen  680  evals=28560  best=0.6515
        [Trial 6] gen  700  evals=29400  best=0.6515
        [Done] Trial 6 best=0.6515
    --> Trial 7 | pop=33 seed=88336 x0_norm_min=-0.779 x0_norm_max=0.922
        [Pruned] Trial 7 at gen 15 (loss=0.7286)
    --> Trial 8 | pop=46 seed=19500 x0_norm_min=-0.814 x0_norm_max=0.843
        [Trial 8] gen   20  evals=  920  best=0.6981
        [Trial 8] gen   40  evals= 1840  best=0.6951
        [Pruned] Trial 8 at gen 45 (loss=0.6951)
    --> Trial 9 | pop=50 seed=36603 x0_norm_min=-0.955 x0_norm_max=0.770
        [Pruned] Trial 9 at gen 15 (loss=0.7071)
    --> Trial 10 | pop=40 seed=54991 x0_norm_min=-0.841 x0_norm_max=0.672
        [Pruned] Trial 10 at gen 15 (loss=0.7089)
    --> Trial 11 | pop=30 seed=94563 x0_norm_min=-0.781 x0_norm_max=0.859
        [Pruned] Trial 11 at gen 15 (loss=0.7312)
    --> Trial 12 | pop=40 seed=69161 x0_norm_min=-0.402 x0_norm_max=0.428
        [Trial 12] gen   20  evals=  800  best=0.6986
        [Trial 12] gen   40  evals= 1600  best=0.6864
        [Trial 12] gen   60  evals= 2400  best=0.6864
        [Trial 12] gen   80  evals= 3200  best=0.6864
        [Trial 12] gen  100  evals= 4000  best=0.6860
        [Trial 12] gen  120  evals= 4800  best=0.6760
        [Pruned] Trial 12 at gen 135 (loss=0.6760)
    --> Trial 13 | pop=39 seed=98548 x0_norm_min=-0.863 x0_norm_max=0.955
        [Pruned] Trial 13 at gen 15 (loss=0.7087)
    --> Trial 14 | pop=45 seed=61903 x0_norm_min=-0.897 x0_norm_max=-0.091
        [Pruned] Trial 14 at gen 15 (loss=0.7364)
    --> Trial 15 | pop=30 seed=82081 x0_norm_min=-0.690 x0_norm_max=0.990
        [Pruned] Trial 15 at gen 15 (loss=0.7207)
    --> Trial 16 | pop=59 seed=68597 x0_norm_min=-0.776 x0_norm_max=0.982
        [Pruned] Trial 16 at gen 15 (loss=0.7087)
    --> Trial 17 | pop=37 seed=50596 x0_norm_min=-0.863 x0_norm_max=0.835
        [Pruned] Trial 17 at gen 15 (loss=0.7169)
    --> Trial 18 | pop=43 seed=88585 x0_norm_min=-0.933 x0_norm_max=0.907
        [Trial 18] gen   20  evals=  860  best=0.6915
        [Trial 18] gen   40  evals= 1720  best=0.6906
        [Pruned] Trial 18 at gen 45 (loss=0.6906)
    --> Trial 19 | pop=50 seed=33441 x0_norm_min=-0.948 x0_norm_max=0.822
        [Trial 19] gen   20  evals= 1000  best=0.6970
        [Trial 19] gen   40  evals= 2000  best=0.6970
        [Pruned] Trial 19 at gen 45 (loss=0.6970)

  Winner: Trial 6, loss=0.651513 (673s)
    Restarts run: 20
    mu: 35.048714
    D_mu: 2.927957
    T0_mu: 18.842299
    Ly: 1.109393
    op_x: 0.516123
    op_y: 0.980404
    NMSE: 0.169024
  [Saved] random_IR_0037

============================================================
[38/50] random_IR_0038.npz
  GT loss: 0.229422
    --> Trial 0 | pop=55 seed=87433 x0_norm_min=-0.944 x0_norm_max=0.730
        [Trial 0] gen   20  evals= 1100  best=0.6228
        [Trial 0] gen   40  evals= 2200  best=0.6228
        [Trial 0] gen   60  evals= 3300  best=0.6060
        [Trial 0] gen   80  evals= 4400  best=0.6060
        [Trial 0] gen  100  evals= 5500  best=0.6060
        [Trial 0] gen  120  evals= 6600  best=0.6060
        [Trial 0] gen  140  evals= 7700  best=0.6019
        [Trial 0] gen  160  evals= 8800  best=0.6019
        [Trial 0] gen  180  evals= 9900  best=0.5993
        [Trial 0] gen  200  evals=11000  best=0.5959
        [Trial 0] gen  220  evals=12100  best=0.5959
        [Trial 0] gen  240  evals=13200  best=0.5959
        [Trial 0] gen  260  evals=14300  best=0.5932
        [Trial 0] gen  280  evals=15400  best=0.5870
        [Trial 0] gen  300  evals=16500  best=0.5864
        [Trial 0] gen  320  evals=17600  best=0.5862
        [Trial 0] gen  340  evals=18700  best=0.5852
        [Trial 0] gen  360  evals=19800  best=0.5852
        [Trial 0] gen  380  evals=20900  best=0.5848
NOTE (module=cma, iteration=383):  
condition in coordinate system exceeded 1.1e+08, rescaled to 1.0e+00, 
condition changed from 7.0e+09 to 6.1e+08
        [Trial 0] gen  400  evals=22000  best=0.5846
        [Trial 0] gen  420  evals=23100  best=0.5843
        [Trial 0] gen  440  evals=24200  best=0.5843
        [TRIAL TIMEOUT] Trial 0 total >600s, stopping
        [Done] Trial 0 best=0.5843
    --> Trial 1 | pop=49 seed=35082 x0_norm_min=-0.937 x0_norm_max=0.907
        [Trial 1] gen   20  evals=  980  best=0.6209
        [Trial 1] gen   40  evals= 1960  best=0.6209
        [Pruned] Trial 1 at gen 45 (loss=0.6209)
    --> Trial 2 | pop=55 seed=45928 x0_norm_min=-0.344 x0_norm_max=0.824
        [Pruned] Trial 2 at gen 15 (loss=0.6272)
    --> Trial 3 | pop=37 seed=96196 x0_norm_min=-0.797 x0_norm_max=0.622
        [Pruned] Trial 3 at gen 15 (loss=0.6256)
    --> Trial 4 | pop=32 seed=668 x0_norm_min=-0.947 x0_norm_max=0.785
        [Pruned] Trial 4 at gen 15 (loss=0.6371)
    --> Trial 5 | pop=30 seed=48561 x0_norm_min=-0.748 x0_norm_max=0.981
        [Pruned] Trial 5 at gen 15 (loss=0.6372)
    --> Trial 6 | pop=37 seed=64082 x0_norm_min=-0.929 x0_norm_max=0.732
        [Trial 6] gen   20  evals=  740  best=0.6193
        [Trial 6] gen   40  evals= 1480  best=0.6059
        [Trial 6] gen   60  evals= 2220  best=0.6059
        [Trial 6] gen   80  evals= 2960  best=0.6059
        [Trial 6] gen  100  evals= 3700  best=0.6059
        [Trial 6] gen  120  evals= 4440  best=0.6059
        [Pruned] Trial 6 at gen 135 (loss=0.6059)
    --> Trial 7 | pop=37 seed=82783 x0_norm_min=-0.779 x0_norm_max=0.922
        [Pruned] Trial 7 at gen 15 (loss=0.6454)
    --> Trial 8 | pop=37 seed=82807 x0_norm_min=-0.814 x0_norm_max=0.843
        [Pruned] Trial 8 at gen 15 (loss=0.6259)
    --> Trial 9 | pop=50 seed=86659 x0_norm_min=-0.955 x0_norm_max=0.770
        [Pruned] Trial 9 at gen 15 (loss=0.6265)
    --> Trial 10 | pop=60 seed=5134 x0_norm_min=-0.841 x0_norm_max=0.672
        [Pruned] Trial 10 at gen 15 (loss=0.6427)
    --> Trial 11 | pop=45 seed=66049 x0_norm_min=-0.781 x0_norm_max=0.859
        [Pruned] Trial 11 at gen 15 (loss=0.6440)
    --> Trial 12 | pop=44 seed=64867 x0_norm_min=-0.402 x0_norm_max=0.428
        [Pruned] Trial 12 at gen 15 (loss=0.6269)
    --> Trial 13 | pop=59 seed=63844 x0_norm_min=-0.863 x0_norm_max=0.955
        [Pruned] Trial 13 at gen 15 (loss=0.6342)
    --> Trial 14 | pop=54 seed=99820 x0_norm_min=-0.897 x0_norm_max=-0.091
        [Pruned] Trial 14 at gen 15 (loss=0.6441)
    --> Trial 15 | pop=42 seed=73289 x0_norm_min=-0.690 x0_norm_max=0.990
        [Trial 15] gen   20  evals=  840  best=0.6206
        [Trial 15] gen   40  evals= 1680  best=0.6206
        [Pruned] Trial 15 at gen 45 (loss=0.6206)
    --> Trial 16 | pop=49 seed=21386 x0_norm_min=-0.776 x0_norm_max=0.982
        [Pruned] Trial 16 at gen 15 (loss=0.6291)
    --> Trial 17 | pop=41 seed=51550 x0_norm_min=-0.863 x0_norm_max=0.835
        [Pruned] Trial 17 at gen 15 (loss=0.6270)
    --> Trial 18 | pop=54 seed=79252 x0_norm_min=-0.933 x0_norm_max=0.907
        [Pruned] Trial 18 at gen 15 (loss=0.6342)
    --> Trial 19 | pop=34 seed=57539 x0_norm_min=-0.948 x0_norm_max=0.822
        [Pruned] Trial 19 at gen 15 (loss=0.6428)

  Winner: Trial 0, loss=0.584285 (813s)
    Restarts run: 20
    mu: 3.683679
    D_mu: 3.534513
    T0_mu: 209.366436
    Ly: 3.713843
    op_x: 0.511327
    op_y: 0.642969
    NMSE: 0.217996
  [Saved] random_IR_0038

============================================================
[39/50] random_IR_0039.npz
  GT loss: 0.291875
    --> Trial 0 | pop=54 seed=16564 x0_norm_min=-0.944 x0_norm_max=0.730
        [Trial 0] gen   20  evals= 1080  best=0.6507
        [Trial 0] gen   40  evals= 2160  best=0.6507
        [Trial 0] gen   60  evals= 3240  best=0.6233
        [Trial 0] gen   80  evals= 4320  best=0.6208
        [Trial 0] gen  100  evals= 5400  best=0.6087
        [Trial 0] gen  120  evals= 6480  best=0.6008
        [Trial 0] gen  140  evals= 7560  best=0.6008
        [Trial 0] gen  160  evals= 8640  best=0.6008
        [Trial 0] gen  180  evals= 9720  best=0.6008
        [Trial 0] gen  200  evals=10800  best=0.5970
        [Trial 0] gen  220  evals=11880  best=0.5959
        [Trial 0] gen  240  evals=12960  best=0.5940
        [Trial 0] gen  260  evals=14040  best=0.5935
        [Trial 0] gen  280  evals=15120  best=0.5934
        [Trial 0] gen  300  evals=16200  best=0.5926
        [Trial 0] gen  320  evals=17280  best=0.5924
        [Trial 0] gen  340  evals=18360  best=0.5921
        [Trial 0] gen  360  evals=19440  best=0.5921
        [Trial 0] gen  380  evals=20520  best=0.5920
        [Trial 0] gen  400  evals=21600  best=0.5920
        [Trial 0] gen  420  evals=22680  best=0.5920
        [Trial 0] gen  440  evals=23760  best=0.5920
        [Trial 0] gen  460  evals=24840  best=0.5920
        [Trial 0] gen  480  evals=25920  best=0.5920
        [Trial 0] gen  500  evals=27000  best=0.5920
        [Trial 0] gen  520  evals=28080  best=0.5920
        [Trial 0] gen  540  evals=29160  best=0.5920
        [Done] Trial 0 best=0.5920
    --> Trial 1 | pop=42 seed=28472 x0_norm_min=-0.937 x0_norm_max=0.907
        [Pruned] Trial 1 at gen 15 (loss=0.6724)
    --> Trial 2 | pop=38 seed=79972 x0_norm_min=-0.344 x0_norm_max=0.824
        [Pruned] Trial 2 at gen 15 (loss=0.6766)
    --> Trial 3 | pop=50 seed=44327 x0_norm_min=-0.797 x0_norm_max=0.622
        [Pruned] Trial 3 at gen 15 (loss=0.6812)
    --> Trial 4 | pop=47 seed=45415 x0_norm_min=-0.947 x0_norm_max=0.785
        [Pruned] Trial 4 at gen 15 (loss=0.6854)
    --> Trial 5 | pop=58 seed=32732 x0_norm_min=-0.748 x0_norm_max=0.981
        [Trial 5] gen   20  evals= 1160  best=0.6628
        [Trial 5] gen   40  evals= 2320  best=0.6466
        [Pruned] Trial 5 at gen 45 (loss=0.6466)
    --> Trial 6 | pop=39 seed=7082 x0_norm_min=-0.929 x0_norm_max=0.732
        [Trial 6] gen   20  evals=  780  best=0.6440
        [Trial 6] gen   40  evals= 1560  best=0.6440
        [Pruned] Trial 6 at gen 45 (loss=0.6440)
    --> Trial 7 | pop=39 seed=95097 x0_norm_min=-0.779 x0_norm_max=0.922
        [Pruned] Trial 7 at gen 15 (loss=0.6780)
    --> Trial 8 | pop=54 seed=2266 x0_norm_min=-0.814 x0_norm_max=0.843
        [Pruned] Trial 8 at gen 15 (loss=0.6728)
    --> Trial 9 | pop=42 seed=88275 x0_norm_min=-0.955 x0_norm_max=0.770
        [Trial 9] gen   20  evals=  840  best=0.6349
        [Trial 9] gen   40  evals= 1680  best=0.6349
        [Pruned] Trial 9 at gen 45 (loss=0.6349)
    --> Trial 10 | pop=60 seed=70092 x0_norm_min=-0.841 x0_norm_max=0.672
        [Pruned] Trial 10 at gen 15 (loss=0.6686)
    --> Trial 11 | pop=31 seed=65861 x0_norm_min=-0.781 x0_norm_max=0.859
        [Pruned] Trial 11 at gen 15 (loss=0.6663)
    --> Trial 12 | pop=30 seed=99531 x0_norm_min=-0.402 x0_norm_max=0.428
        [Trial 12] gen   20  evals=  600  best=0.6595
        [Trial 12] gen   40  evals= 1200  best=0.5763
        [Trial 12] gen   60  evals= 1800  best=0.5763
        [Trial 12] gen   80  evals= 2400  best=0.5763
        [Trial 12] gen  100  evals= 3000  best=0.5763
        [Trial 12] gen  120  evals= 3600  best=0.5763
        [Trial 12] gen  140  evals= 4200  best=0.5763
        [Trial 12] gen  160  evals= 4800  best=0.5763
        [Trial 12] gen  180  evals= 5400  best=0.5763
        [Trial 12] gen  200  evals= 6000  best=0.5763
        [Trial 12] gen  220  evals= 6600  best=0.5763
        [Trial 12] gen  240  evals= 7200  best=0.5763
        [Trial 12] gen  260  evals= 7800  best=0.5763
        [Trial 12] gen  280  evals= 8400  best=0.5763
        [Trial 12] gen  300  evals= 9000  best=0.5763
        [Trial 12] gen  320  evals= 9600  best=0.5763
        [Trial 12] gen  340  evals=10200  best=0.5763
        [Trial 12] gen  360  evals=10800  best=0.5763
        [Trial 12] gen  380  evals=11400  best=0.5763
        [Trial 12] gen  400  evals=12000  best=0.5763
        [Trial 12] gen  420  evals=12600  best=0.5763
        [Trial 12] gen  440  evals=13200  best=0.5763
        [Trial 12] gen  460  evals=13800  best=0.5763
        [Trial 12] gen  480  evals=14400  best=0.5763
        [Trial 12] gen  500  evals=15000  best=0.5763
        [Trial 12] gen  520  evals=15600  best=0.5763
        [Trial 12] gen  540  evals=16200  best=0.5763
        [Trial 12] gen  560  evals=16800  best=0.5763
        [Trial 12] gen  580  evals=17400  best=0.5763
        [Trial 12] gen  600  evals=18000  best=0.5763
        [Done] Trial 12 best=0.5763
    --> Trial 13 | pop=30 seed=57633 x0_norm_min=-0.863 x0_norm_max=0.955
        [Pruned] Trial 13 at gen 15 (loss=0.6635)
    --> Trial 14 | pop=49 seed=16861 x0_norm_min=-0.897 x0_norm_max=-0.091
        [Trial 14] gen   20  evals=  980  best=0.6565
        [Trial 14] gen   40  evals= 1960  best=0.6565
        [Pruned] Trial 14 at gen 45 (loss=0.6565)
    --> Trial 15 | pop=34 seed=50495 x0_norm_min=-0.690 x0_norm_max=0.990
        [Pruned] Trial 15 at gen 15 (loss=0.6689)
    --> Trial 16 | pop=54 seed=28614 x0_norm_min=-0.776 x0_norm_max=0.982
        [Pruned] Trial 16 at gen 15 (loss=0.6800)
    --> Trial 17 | pop=34 seed=77292 x0_norm_min=-0.863 x0_norm_max=0.835
        [Pruned] Trial 17 at gen 15 (loss=0.6659)
    --> Trial 18 | pop=46 seed=98710 x0_norm_min=-0.933 x0_norm_max=0.907
        [Trial 18] gen   20  evals=  920  best=0.6625
        [Trial 18] gen   40  evals= 1840  best=0.6277
        [Trial 18] gen   60  evals= 2760  best=0.6277
        [Trial 18] gen   80  evals= 3680  best=0.6240
        [Trial 18] gen  100  evals= 4600  best=0.6039
        [Trial 18] gen  120  evals= 5520  best=0.6005
        [Pruned] Trial 18 at gen 135 (loss=0.5950)
    --> Trial 19 | pop=54 seed=14521 x0_norm_min=-0.948 x0_norm_max=0.822
        [Pruned] Trial 19 at gen 15 (loss=0.6907)

  Winner: Trial 12, loss=0.576344 (678s)
    Restarts run: 20
    mu: 43.950550
    D_mu: 18.451894
    T0_mu: 10.469833
    Ly: 1.918459
    op_x: 0.921633
    op_y: 0.684966
    NMSE: 0.000789
  [Saved] random_IR_0039

============================================================
[40/50] random_IR_0040.npz
  GT loss: 0.196193
    --> Trial 0 | pop=50 seed=99752 x0_norm_min=-0.944 x0_norm_max=0.730
        [Trial 0] gen   20  evals= 1000  best=0.5602
        [Trial 0] gen   40  evals= 2000  best=0.5380
        [Trial 0] gen   60  evals= 3000  best=0.5380
        [Trial 0] gen   80  evals= 4000  best=0.5367
        [Trial 0] gen  100  evals= 5000  best=0.5312
        [Trial 0] gen  120  evals= 6000  best=0.5231
        [Trial 0] gen  140  evals= 7000  best=0.5231
        [Trial 0] gen  160  evals= 8000  best=0.5178
        [Trial 0] gen  180  evals= 9000  best=0.5126
        [Trial 0] gen  200  evals=10000  best=0.5081
        [Trial 0] gen  220  evals=11000  best=0.5061
        [Trial 0] gen  240  evals=12000  best=0.5061
        [Trial 0] gen  260  evals=13000  best=0.5060
        [Trial 0] gen  280  evals=14000  best=0.5055
        [Trial 0] gen  300  evals=15000  best=0.5055
        [Trial 0] gen  320  evals=16000  best=0.5055
        [Trial 0] gen  340  evals=17000  best=0.5055
        [Trial 0] gen  360  evals=18000  best=0.5052
        [Trial 0] gen  380  evals=19000  best=0.5052
        [TRIAL TIMEOUT] Trial 0 total >600s, stopping
        [Done] Trial 0 best=0.5052
    --> Trial 1 | pop=56 seed=63248 x0_norm_min=-0.937 x0_norm_max=0.907
        [Pruned] Trial 1 at gen 15 (loss=0.5950)
    --> Trial 2 | pop=54 seed=17858 x0_norm_min=-0.344 x0_norm_max=0.824
        [Pruned] Trial 2 at gen 15 (loss=0.5627)
    --> Trial 3 | pop=30 seed=18601 x0_norm_min=-0.797 x0_norm_max=0.622
        [Trial 3] gen   20  evals=  600  best=0.5409
        [Trial 3] gen   40  evals= 1200  best=0.5317
        [Trial 3] gen   60  evals= 1800  best=0.5317
        [Trial 3] gen   80  evals= 2400  best=0.5230
        [Trial 3] gen  100  evals= 3000  best=0.5197
        [Trial 3] gen  120  evals= 3600  best=0.5150
        [Trial 3] gen  140  evals= 4200  best=0.5146
        [Trial 3] gen  160  evals= 4800  best=0.5121
        [Trial 3] gen  180  evals= 5400  best=0.5046
        [Trial 3] gen  200  evals= 6000  best=0.5032
        [Trial 3] gen  220  evals= 6600  best=0.5023
        [Trial 3] gen  240  evals= 7200  best=0.5017
        [Trial 3] gen  260  evals= 7800  best=0.5017
        [Trial 3] gen  280  evals= 8400  best=0.5017
        [Trial 3] gen  300  evals= 9000  best=0.5017
        [Trial 3] gen  320  evals= 9600  best=0.5008
        [Trial 3] gen  340  evals=10200  best=0.5008
        [Trial 3] gen  360  evals=10800  best=0.5008
        [Trial 3] gen  380  evals=11400  best=0.5008
        [Trial 3] gen  400  evals=12000  best=0.5008
        [Trial 3] gen  420  evals=12600  best=0.5008
        [Trial 3] gen  440  evals=13200  best=0.5008
        [Trial 3] gen  460  evals=13800  best=0.5008
        [Trial 3] gen  480  evals=14400  best=0.5008
        [Done] Trial 3 best=0.5008
    --> Trial 4 | pop=44 seed=2736 x0_norm_min=-0.947 x0_norm_max=0.785
        [Pruned] Trial 4 at gen 15 (loss=0.5735)
    --> Trial 5 | pop=57 seed=24451 x0_norm_min=-0.748 x0_norm_max=0.981
        [Pruned] Trial 5 at gen 15 (loss=0.5621)
    --> Trial 6 | pop=49 seed=68705 x0_norm_min=-0.929 x0_norm_max=0.732
        [Trial 6] gen   20  evals=  980  best=0.5517
        [Trial 6] gen   40  evals= 1960  best=0.5517
        [Pruned] Trial 6 at gen 45 (loss=0.5517)
    --> Trial 7 | pop=33 seed=10457 x0_norm_min=-0.779 x0_norm_max=0.922
        [Pruned] Trial 7 at gen 15 (loss=0.5675)
    --> Trial 8 | pop=43 seed=30296 x0_norm_min=-0.814 x0_norm_max=0.843
        [Pruned] Trial 8 at gen 15 (loss=0.5651)
    --> Trial 9 | pop=54 seed=50196 x0_norm_min=-0.955 x0_norm_max=0.770
        [Pruned] Trial 9 at gen 15 (loss=0.5644)
    --> Trial 10 | pop=30 seed=82805 x0_norm_min=-0.841 x0_norm_max=0.672
        [Pruned] Trial 10 at gen 15 (loss=0.6018)
    --> Trial 11 | pop=37 seed=99995 x0_norm_min=-0.781 x0_norm_max=0.859
        [Pruned] Trial 11 at gen 15 (loss=0.5660)
    --> Trial 12 | pop=39 seed=39485 x0_norm_min=-0.402 x0_norm_max=0.428
        [Pruned] Trial 12 at gen 15 (loss=0.5713)
    --> Trial 13 | pop=60 seed=98188 x0_norm_min=-0.863 x0_norm_max=0.955
        [Pruned] Trial 13 at gen 15 (loss=0.5829)
    --> Trial 14 | pop=49 seed=50831 x0_norm_min=-0.897 x0_norm_max=-0.091
        [Pruned] Trial 14 at gen 15 (loss=0.5777)
    --> Trial 15 | pop=48 seed=82578 x0_norm_min=-0.690 x0_norm_max=0.990
        [Pruned] Trial 15 at gen 15 (loss=0.5805)
    --> Trial 16 | pop=36 seed=39445 x0_norm_min=-0.776 x0_norm_max=0.982
        [Pruned] Trial 16 at gen 15 (loss=0.5835)
    --> Trial 17 | pop=42 seed=78050 x0_norm_min=-0.863 x0_norm_max=0.835
        [Pruned] Trial 17 at gen 15 (loss=0.6213)
    --> Trial 18 | pop=31 seed=57627 x0_norm_min=-0.933 x0_norm_max=0.907
        [Pruned] Trial 18 at gen 15 (loss=0.5932)
    --> Trial 19 | pop=46 seed=90053 x0_norm_min=-0.948 x0_norm_max=0.822
        [Pruned] Trial 19 at gen 15 (loss=0.5726)

  Winner: Trial 3, loss=0.500848 (1397s)
    Restarts run: 20
    mu: 6.166165
    D_mu: 2.121739
    T0_mu: 161.816536
    Ly: 3.960195
    op_x: 0.616177
    op_y: 0.860499
    NMSE: 0.067896
  [Saved] random_IR_0040

============================================================
[41/50] random_IR_0041.npz
  GT loss: 0.331528
    --> Trial 0 | pop=50 seed=97963 x0_norm_min=-0.944 x0_norm_max=0.730
        [Trial 0] gen   20  evals= 1000  best=0.7671
        [Trial 0] gen   40  evals= 2000  best=0.7671
        [Trial 0] gen   60  evals= 3000  best=0.7587
        [Trial 0] gen   80  evals= 4000  best=0.7587
        [Trial 0] gen  100  evals= 5000  best=0.7521
        [Trial 0] gen  120  evals= 6000  best=0.7488
        [Trial 0] gen  140  evals= 7000  best=0.7391
        [Trial 0] gen  160  evals= 8000  best=0.7391
        [Trial 0] gen  180  evals= 9000  best=0.7391
        [Trial 0] gen  200  evals=10000  best=0.7391
        [Trial 0] gen  220  evals=11000  best=0.7391
        [Trial 0] gen  240  evals=12000  best=0.7391
        [Trial 0] gen  260  evals=13000  best=0.7391
        [Trial 0] gen  280  evals=14000  best=0.7391
        [Trial 0] gen  300  evals=15000  best=0.7391
        [Trial 0] gen  320  evals=16000  best=0.7348
        [Trial 0] gen  340  evals=17000  best=0.7263
        [Trial 0] gen  360  evals=18000  best=0.7243
        [Trial 0] gen  380  evals=19000  best=0.7230
        [Trial 0] gen  400  evals=20000  best=0.7230
        [Trial 0] gen  420  evals=21000  best=0.7230
        [Trial 0] gen  440  evals=22000  best=0.7229
        [Trial 0] gen  460  evals=23000  best=0.7229
        [Trial 0] gen  480  evals=24000  best=0.7229
        [Trial 0] gen  500  evals=25000  best=0.7229
        [Trial 0] gen  520  evals=26000  best=0.7229
        [Trial 0] gen  540  evals=27000  best=0.7227
NOTE (module=cma, iteration=558):  
condition in coordinate system exceeded 1.2e+08, rescaled to 1.0e+00, 
condition changed from 9.1e+10 to 1.7e+10
        [Trial 0] gen  560  evals=28000  best=0.7227
        [Trial 0] gen  580  evals=29000  best=0.7227
        [Trial 0] gen  600  evals=30000  best=0.7227
        [Done] Trial 0 best=0.7227
    --> Trial 1 | pop=31 seed=88306 x0_norm_min=-0.937 x0_norm_max=0.907
        [Pruned] Trial 1 at gen 15 (loss=0.7771)
    --> Trial 2 | pop=58 seed=78304 x0_norm_min=-0.344 x0_norm_max=0.824
        [Trial 2] gen   20  evals= 1160  best=0.7568
        [Trial 2] gen   40  evals= 2320  best=0.7225
        [Trial 2] gen   60  evals= 3480  best=0.7225
        [Trial 2] gen   80  evals= 4640  best=0.7225
        [Trial 2] gen  100  evals= 5800  best=0.7225
        [Trial 2] gen  120  evals= 6960  best=0.7225
        [Trial 2] gen  140  evals= 8120  best=0.7225
        [Trial 2] gen  160  evals= 9280  best=0.7225
        [Trial 2] gen  180  evals=10440  best=0.7225
        [Trial 2] gen  200  evals=11600  best=0.7174
        [Trial 2] gen  220  evals=12760  best=0.7116
        [Trial 2] gen  240  evals=13920  best=0.7099
        [Trial 2] gen  260  evals=15080  best=0.7097
        [Trial 2] gen  280  evals=16240  best=0.7093
        [Trial 2] gen  300  evals=17400  best=0.7089
        [Trial 2] gen  320  evals=18560  best=0.7079
        [Trial 2] gen  340  evals=19720  best=0.7079
        [Trial 2] gen  360  evals=20880  best=0.7077
        [Trial 2] gen  380  evals=22040  best=0.7077
        [Trial 2] gen  400  evals=23200  best=0.7077
        [Trial 2] gen  420  evals=24360  best=0.7077
        [Trial 2] gen  440  evals=25520  best=0.7077
        [Trial 2] gen  460  evals=26680  best=0.7077
        [Trial 2] gen  480  evals=27840  best=0.7077
        [Trial 2] gen  500  evals=29000  best=0.7076
        [Done] Trial 2 best=0.7076
    --> Trial 3 | pop=50 seed=77461 x0_norm_min=-0.797 x0_norm_max=0.622
        [Pruned] Trial 3 at gen 15 (loss=0.7672)
    --> Trial 4 | pop=38 seed=70227 x0_norm_min=-0.947 x0_norm_max=0.785
        [Pruned] Trial 4 at gen 15 (loss=0.7638)
    --> Trial 5 | pop=36 seed=14998 x0_norm_min=-0.748 x0_norm_max=0.981
        [Pruned] Trial 5 at gen 15 (loss=0.7639)
    --> Trial 6 | pop=55 seed=68766 x0_norm_min=-0.929 x0_norm_max=0.732
        [Trial 6] gen   20  evals= 1100  best=0.7503
        [Trial 6] gen   40  evals= 2200  best=0.6898
        [Trial 6] gen   60  evals= 3300  best=0.6897
        [Trial 6] gen   80  evals= 4400  best=0.6897
        [Trial 6] gen  100  evals= 5500  best=0.6876
        [Trial 6] gen  120  evals= 6600  best=0.6876
        [Trial 6] gen  140  evals= 7700  best=0.6828
        [Trial 6] gen  160  evals= 8800  best=0.6760
        [Trial 6] gen  180  evals= 9900  best=0.6719
        [Trial 6] gen  200  evals=11000  best=0.6698
        [Trial 6] gen  220  evals=12100  best=0.6698
        [Trial 6] gen  240  evals=13200  best=0.6698
        [Trial 6] gen  260  evals=14300  best=0.6698
NOTE (module=cma, iteration=278):  
condition in coordinate system exceeded 1.0e+08, rescaled to 1.0e+00, 
condition changed from 2.9e+08 to 5.0e+07
        [Trial 6] gen  280  evals=15400  best=0.6698
        [Trial 6] gen  300  evals=16500  best=0.6698
        [Trial 6] gen  320  evals=17600  best=0.6698
        [Trial 6] gen  340  evals=18700  best=0.6698
        [Trial 6] gen  360  evals=19800  best=0.6698
        [Trial 6] gen  380  evals=20900  best=0.6698
        [Trial 6] gen  400  evals=22000  best=0.6698
        [Trial 6] gen  420  evals=23100  best=0.6698
        [Trial 6] gen  440  evals=24200  best=0.6698
        [Trial 6] gen  460  evals=25300  best=0.6698
        [Trial 6] gen  480  evals=26400  best=0.6698
        [Trial 6] gen  500  evals=27500  best=0.6698
        [Trial 6] gen  520  evals=28600  best=0.6698
        [Done] Trial 6 best=0.6698
    --> Trial 7 | pop=30 seed=72958 x0_norm_min=-0.779 x0_norm_max=0.922
        [Pruned] Trial 7 at gen 15 (loss=0.7724)
    --> Trial 8 | pop=50 seed=85546 x0_norm_min=-0.814 x0_norm_max=0.843
        [Pruned] Trial 8 at gen 15 (loss=0.7644)
    --> Trial 9 | pop=46 seed=39204 x0_norm_min=-0.955 x0_norm_max=0.770
        [Pruned] Trial 9 at gen 15 (loss=0.7685)
    --> Trial 10 | pop=57 seed=48725 x0_norm_min=-0.841 x0_norm_max=0.672
        [Pruned] Trial 10 at gen 15 (loss=0.7752)
    --> Trial 11 | pop=60 seed=57279 x0_norm_min=-0.781 x0_norm_max=0.859
        [Trial 11] gen   20  evals= 1200  best=0.7237
        [Trial 11] gen   40  evals= 2400  best=0.7220
        [Pruned] Trial 11 at gen 45 (loss=0.7141)
    --> Trial 12 | pop=55 seed=58095 x0_norm_min=-0.402 x0_norm_max=0.428
        [Pruned] Trial 12 at gen 15 (loss=0.7979)
    --> Trial 13 | pop=55 seed=33130 x0_norm_min=-0.863 x0_norm_max=0.955
        [Pruned] Trial 13 at gen 15 (loss=0.7720)
    --> Trial 14 | pop=60 seed=62928 x0_norm_min=-0.897 x0_norm_max=-0.091
        [Trial 14] gen   20  evals= 1200  best=0.7537
        [Trial 14] gen   40  evals= 2400  best=0.7268
        [Pruned] Trial 14 at gen 45 (loss=0.7197)
    --> Trial 15 | pop=46 seed=978 x0_norm_min=-0.690 x0_norm_max=0.990
        [Pruned] Trial 15 at gen 15 (loss=0.7685)
    --> Trial 16 | pop=53 seed=99540 x0_norm_min=-0.776 x0_norm_max=0.982
        [Trial 16] gen   20  evals= 1060  best=0.7452
        [Trial 16] gen   40  evals= 2120  best=0.7452
        [Pruned] Trial 16 at gen 45 (loss=0.7452)
    --> Trial 17 | pop=45 seed=84117 x0_norm_min=-0.863 x0_norm_max=0.835
        [Pruned] Trial 17 at gen 15 (loss=0.7829)
    --> Trial 18 | pop=57 seed=47847 x0_norm_min=-0.933 x0_norm_max=0.907
        [Trial 18] gen   20  evals= 1140  best=0.7636
        [Trial 18] gen   40  evals= 2280  best=0.7547
        [Pruned] Trial 18 at gen 45 (loss=0.7547)
    --> Trial 19 | pop=52 seed=66735 x0_norm_min=-0.948 x0_norm_max=0.822
        [Pruned] Trial 19 at gen 15 (loss=0.7726)

  Winner: Trial 6, loss=0.669813 (702s)
    Restarts run: 20
    mu: 50.688714
    D_mu: 9.609616
    T0_mu: 5.051001
    Ly: 1.156851
    op_x: 0.586744
    op_y: 0.991353
    NMSE: 0.056908
  [Saved] random_IR_0041

============================================================
[42/50] random_IR_0042.npz
  GT loss: 0.229851
    --> Trial 0 | pop=46 seed=81941 x0_norm_min=-0.944 x0_norm_max=0.730
        [Trial 0] gen   20  evals=  920  best=0.6107
        [Trial 0] gen   40  evals= 1840  best=0.5783
        [Trial 0] gen   60  evals= 2760  best=0.5783
        [Trial 0] gen   80  evals= 3680  best=0.5783
        [Trial 0] gen  100  evals= 4600  best=0.5783
        [Trial 0] gen  120  evals= 5520  best=0.5783
        [Trial 0] gen  140  evals= 6440  best=0.5783
        [Trial 0] gen  160  evals= 7360  best=0.5783
        [Trial 0] gen  180  evals= 8280  best=0.5783
        [Trial 0] gen  200  evals= 9200  best=0.5783
        [Trial 0] gen  220  evals=10120  best=0.5763
        [Trial 0] gen  240  evals=11040  best=0.5680
        [Trial 0] gen  260  evals=11960  best=0.5672
        [Trial 0] gen  280  evals=12880  best=0.5662
        [Trial 0] gen  300  evals=13800  best=0.5657
        [Trial 0] gen  320  evals=14720  best=0.5657
        [Trial 0] gen  340  evals=15640  best=0.5657
        [Trial 0] gen  360  evals=16560  best=0.5657
        [Trial 0] gen  380  evals=17480  best=0.5657
        [Trial 0] gen  400  evals=18400  best=0.5657
        [Trial 0] gen  420  evals=19320  best=0.5657
        [Trial 0] gen  440  evals=20240  best=0.5657
        [Trial 0] gen  460  evals=21160  best=0.5655
        [Trial 0] gen  480  evals=22080  best=0.5655
        [Trial 0] gen  500  evals=23000  best=0.5655
        [Trial 0] gen  520  evals=23920  best=0.5655
        [Trial 0] gen  540  evals=24840  best=0.5655
        [Trial 0] gen  560  evals=25760  best=0.5655
        [Trial 0] gen  580  evals=26680  best=0.5655
        [Trial 0] gen  600  evals=27600  best=0.5655
        [Trial 0] gen  620  evals=28520  best=0.5655
        [Trial 0] gen  640  evals=29440  best=0.5655
        [Done] Trial 0 best=0.5655
    --> Trial 1 | pop=45 seed=20808 x0_norm_min=-0.937 x0_norm_max=0.907
        [Trial 1] gen   20  evals=  900  best=0.5901
        [Trial 1] gen   40  evals= 1800  best=0.5768
        [Trial 1] gen   60  evals= 2700  best=0.5768
        [Trial 1] gen   80  evals= 3600  best=0.5768
        [Trial 1] gen  100  evals= 4500  best=0.5768
        [Trial 1] gen  120  evals= 5400  best=0.5654
        [Trial 1] gen  140  evals= 6300  best=0.5625
        [Trial 1] gen  160  evals= 7200  best=0.5625
        [Trial 1] gen  180  evals= 8100  best=0.5625
        [Trial 1] gen  200  evals= 9000  best=0.5625
        [Trial 1] gen  220  evals= 9900  best=0.5622
        [Trial 1] gen  240  evals=10800  best=0.5603
        [Trial 1] gen  260  evals=11700  best=0.5603
        [Trial 1] gen  280  evals=12600  best=0.5598
        [Trial 1] gen  300  evals=13500  best=0.5584
        [Trial 1] gen  320  evals=14400  best=0.5584
        [Trial 1] gen  340  evals=15300  best=0.5584
        [Trial 1] gen  360  evals=16200  best=0.5574
        [Trial 1] gen  380  evals=17100  best=0.5574
        [Trial 1] gen  400  evals=18000  best=0.5573
        [Trial 1] gen  420  evals=18900  best=0.5573
        [Trial 1] gen  440  evals=19800  best=0.5573
        [Trial 1] gen  460  evals=20700  best=0.5573
        [Trial 1] gen  480  evals=21600  best=0.5572
        [Trial 1] gen  500  evals=22500  best=0.5572
        [Trial 1] gen  520  evals=23400  best=0.5572
        [Done] Trial 1 best=0.5572
    --> Trial 2 | pop=42 seed=18827 x0_norm_min=-0.344 x0_norm_max=0.824
        [Trial 2] gen   20  evals=  840  best=0.5942
        [Trial 2] gen   40  evals= 1680  best=0.5942
        [Pruned] Trial 2 at gen 45 (loss=0.5942)
    --> Trial 3 | pop=41 seed=95226 x0_norm_min=-0.797 x0_norm_max=0.622
        [Pruned] Trial 3 at gen 15 (loss=0.6018)
    --> Trial 4 | pop=30 seed=98312 x0_norm_min=-0.947 x0_norm_max=0.785
        [Pruned] Trial 4 at gen 15 (loss=0.6079)
    --> Trial 5 | pop=55 seed=13306 x0_norm_min=-0.748 x0_norm_max=0.981
        [Pruned] Trial 5 at gen 15 (loss=0.6067)
    --> Trial 6 | pop=56 seed=97024 x0_norm_min=-0.929 x0_norm_max=0.732
        [Pruned] Trial 6 at gen 15 (loss=0.6145)
    --> Trial 7 | pop=51 seed=8583 x0_norm_min=-0.779 x0_norm_max=0.922
        [Pruned] Trial 7 at gen 15 (loss=0.6177)
    --> Trial 8 | pop=33 seed=45772 x0_norm_min=-0.814 x0_norm_max=0.843
        [Pruned] Trial 8 at gen 15 (loss=0.6122)
    --> Trial 9 | pop=57 seed=62307 x0_norm_min=-0.955 x0_norm_max=0.770
        [Trial 9] gen   20  evals= 1140  best=0.5954
        [Trial 9] gen   40  evals= 2280  best=0.5907
        [Pruned] Trial 9 at gen 45 (loss=0.5778)
    --> Trial 10 | pop=37 seed=39618 x0_norm_min=-0.841 x0_norm_max=0.672
        [Pruned] Trial 10 at gen 15 (loss=0.6085)
    --> Trial 11 | pop=48 seed=70831 x0_norm_min=-0.781 x0_norm_max=0.859
        [Pruned] Trial 11 at gen 15 (loss=0.6109)
    --> Trial 12 | pop=46 seed=35606 x0_norm_min=-0.402 x0_norm_max=0.428
        [Pruned] Trial 12 at gen 15 (loss=0.6039)
    --> Trial 13 | pop=44 seed=68272 x0_norm_min=-0.863 x0_norm_max=0.955
        [Pruned] Trial 13 at gen 15 (loss=0.6080)
    --> Trial 14 | pop=50 seed=79119 x0_norm_min=-0.897 x0_norm_max=-0.091
        [Trial 14] gen   20  evals= 1000  best=0.5855
        [Trial 14] gen   40  evals= 2000  best=0.5855
        [Pruned] Trial 14 at gen 45 (loss=0.5855)
    --> Trial 15 | pop=37 seed=418 x0_norm_min=-0.690 x0_norm_max=0.990
        [Trial 15] gen   20  evals=  740  best=0.5978
        [Trial 15] gen   40  evals= 1480  best=0.5978
        [Pruned] Trial 15 at gen 45 (loss=0.5978)
    --> Trial 16 | pop=52 seed=55290 x0_norm_min=-0.776 x0_norm_max=0.982
        [Pruned] Trial 16 at gen 15 (loss=0.6074)
    --> Trial 17 | pop=39 seed=22229 x0_norm_min=-0.863 x0_norm_max=0.835
        [Pruned] Trial 17 at gen 15 (loss=0.6137)
    --> Trial 18 | pop=46 seed=83301 x0_norm_min=-0.933 x0_norm_max=0.907
        [Trial 18] gen   20  evals=  920  best=0.5989
        [Trial 18] gen   40  evals= 1840  best=0.5892
        [Pruned] Trial 18 at gen 45 (loss=0.5834)
    --> Trial 19 | pop=44 seed=26579 x0_norm_min=-0.948 x0_norm_max=0.822
        [Trial 19] gen   20  evals=  880  best=0.5926
        [Trial 19] gen   40  evals= 1760  best=0.5926
        [Pruned] Trial 19 at gen 45 (loss=0.5926)

  Winner: Trial 1, loss=0.557214 (962s)
    Restarts run: 20
    mu: 3.749541
    D_mu: 5.377788
    T0_mu: 256.711426
    Ly: 1.846922
    op_x: 0.828641
    op_y: 0.706897
    NMSE: 0.083473
  [Saved] random_IR_0042

============================================================
[43/50] random_IR_0043.npz
  GT loss: 0.369488
    --> Trial 0 | pop=57 seed=5314 x0_norm_min=-0.944 x0_norm_max=0.730
        [Trial 0] gen   20  evals= 1140  best=0.7489
        [Trial 0] gen   40  evals= 2280  best=0.7052
        [Trial 0] gen   60  evals= 3420  best=0.6910
        [Trial 0] gen   80  evals= 4560  best=0.6910
        [Trial 0] gen  100  evals= 5700  best=0.6910
        [Trial 0] gen  120  evals= 6840  best=0.6910
        [Trial 0] gen  140  evals= 7980  best=0.6910
        [Trial 0] gen  160  evals= 9120  best=0.6910
        [Trial 0] gen  180  evals=10260  best=0.6910
        [Trial 0] gen  200  evals=11400  best=0.6855
        [Trial 0] gen  220  evals=12540  best=0.6855
        [Trial 0] gen  240  evals=13680  best=0.6855
        [Trial 0] gen  260  evals=14820  best=0.6844
        [Trial 0] gen  280  evals=15960  best=0.6839
        [Trial 0] gen  300  evals=17100  best=0.6835
        [Trial 0] gen  320  evals=18240  best=0.6835
        [Trial 0] gen  340  evals=19380  best=0.6831
        [Trial 0] gen  360  evals=20520  best=0.6820
        [Trial 0] gen  380  evals=21660  best=0.6820
        [Trial 0] gen  400  evals=22800  best=0.6820
        [Trial 0] gen  420  evals=23940  best=0.6820
        [Trial 0] gen  440  evals=25080  best=0.6820
        [Trial 0] gen  460  evals=26220  best=0.6820
        [Trial 0] gen  480  evals=27360  best=0.6820
        [Trial 0] gen  500  evals=28500  best=0.6820
        [Trial 0] gen  520  evals=29640  best=0.6820
        [Done] Trial 0 best=0.6820
    --> Trial 1 | pop=42 seed=78346 x0_norm_min=-0.937 x0_norm_max=0.907
        [Trial 1] gen   20  evals=  840  best=0.7227
        [Trial 1] gen   40  evals= 1680  best=0.7055
        [Pruned] Trial 1 at gen 45 (loss=0.7055)
    --> Trial 2 | pop=31 seed=17113 x0_norm_min=-0.344 x0_norm_max=0.824
        [Pruned] Trial 2 at gen 15 (loss=0.7486)
    --> Trial 3 | pop=58 seed=93443 x0_norm_min=-0.797 x0_norm_max=0.622
        [Pruned] Trial 3 at gen 15 (loss=0.7260)
    --> Trial 4 | pop=41 seed=30545 x0_norm_min=-0.947 x0_norm_max=0.785
        [Pruned] Trial 4 at gen 15 (loss=0.7618)
    --> Trial 5 | pop=32 seed=68716 x0_norm_min=-0.748 x0_norm_max=0.981
        [Trial 5] gen   20  evals=  640  best=0.7217
        [Trial 5] gen   40  evals= 1280  best=0.7097
        [Pruned] Trial 5 at gen 45 (loss=0.7097)
    --> Trial 6 | pop=45 seed=80514 x0_norm_min=-0.929 x0_norm_max=0.732
        [Pruned] Trial 6 at gen 15 (loss=0.7251)
    --> Trial 7 | pop=51 seed=48394 x0_norm_min=-0.779 x0_norm_max=0.922
        [Pruned] Trial 7 at gen 15 (loss=0.7354)
    --> Trial 8 | pop=52 seed=12085 x0_norm_min=-0.814 x0_norm_max=0.843
        [Pruned] Trial 8 at gen 15 (loss=0.7354)
    --> Trial 9 | pop=34 seed=32505 x0_norm_min=-0.955 x0_norm_max=0.770
        [Pruned] Trial 9 at gen 15 (loss=0.7294)
    --> Trial 10 | pop=58 seed=3182 x0_norm_min=-0.841 x0_norm_max=0.672
        [Trial 10] gen   20  evals= 1160  best=0.6796
        [Trial 10] gen   40  evals= 2320  best=0.6796
        [Trial 10] gen   60  evals= 3480  best=0.6796
        [Trial 10] gen   80  evals= 4640  best=0.6796
        [Trial 10] gen  100  evals= 5800  best=0.6796
        [Trial 10] gen  120  evals= 6960  best=0.6796
        [Trial 10] gen  140  evals= 8120  best=0.6796
        [Trial 10] gen  160  evals= 9280  best=0.6796
        [Trial 10] gen  180  evals=10440  best=0.6675
        [Trial 10] gen  200  evals=11600  best=0.6675
        [Trial 10] gen  220  evals=12760  best=0.6551
        [Trial 10] gen  240  evals=13920  best=0.6393
        [Trial 10] gen  260  evals=15080  best=0.6310
        [Trial 10] gen  280  evals=16240  best=0.6296
        [Trial 10] gen  300  evals=17400  best=0.6294
        [Trial 10] gen  320  evals=18560  best=0.6287
        [Trial 10] gen  340  evals=19720  best=0.6279
        [Trial 10] gen  360  evals=20880  best=0.6275
        [Trial 10] gen  380  evals=22040  best=0.6274
        [Trial 10] gen  400  evals=23200  best=0.6274
        [Trial 10] gen  420  evals=24360  best=0.6273
        [Trial 10] gen  440  evals=25520  best=0.6273
        [Trial 10] gen  460  evals=26680  best=0.6272
        [Trial 10] gen  480  evals=27840  best=0.6272
        [Trial 10] gen  500  evals=29000  best=0.6272
        [Done] Trial 10 best=0.6272
    --> Trial 11 | pop=60 seed=2618 x0_norm_min=-0.781 x0_norm_max=0.859
        [Pruned] Trial 11 at gen 15 (loss=0.7335)
    --> Trial 12 | pop=54 seed=4537 x0_norm_min=-0.402 x0_norm_max=0.428
        [Pruned] Trial 12 at gen 15 (loss=0.7260)
    --> Trial 13 | pop=56 seed=24107 x0_norm_min=-0.863 x0_norm_max=0.955
        [Trial 13] gen   20  evals= 1120  best=0.7237
        [Trial 13] gen   40  evals= 2240  best=0.6996
        [Pruned] Trial 13 at gen 45 (loss=0.6845)
    --> Trial 14 | pop=50 seed=40995 x0_norm_min=-0.897 x0_norm_max=-0.091
        [Pruned] Trial 14 at gen 15 (loss=0.7505)
    --> Trial 15 | pop=60 seed=162 x0_norm_min=-0.690 x0_norm_max=0.990
        [Pruned] Trial 15 at gen 15 (loss=0.7387)
    --> Trial 16 | pop=48 seed=14918 x0_norm_min=-0.776 x0_norm_max=0.982
        [Trial 16] gen   20  evals=  960  best=0.7118
        [Trial 16] gen   40  evals= 1920  best=0.7034
        [Pruned] Trial 16 at gen 45 (loss=0.7018)
    --> Trial 17 | pop=55 seed=52933 x0_norm_min=-0.863 x0_norm_max=0.835
        [Trial 17] gen   20  evals= 1100  best=0.7060
        [Trial 17] gen   40  evals= 2200  best=0.7060
        [Pruned] Trial 17 at gen 45 (loss=0.7060)
    --> Trial 18 | pop=57 seed=22252 x0_norm_min=-0.933 x0_norm_max=0.907
        [Trial 18] gen   20  evals= 1140  best=0.6981
        [Trial 18] gen   40  evals= 2280  best=0.6981
        [Pruned] Trial 18 at gen 45 (loss=0.6981)
    --> Trial 19 | pop=47 seed=9842 x0_norm_min=-0.948 x0_norm_max=0.822
        [Trial 19] gen   20  evals=  940  best=0.7168
        [Trial 19] gen   40  evals= 1880  best=0.7044
        [Pruned] Trial 19 at gen 45 (loss=0.7044)

  Winner: Trial 10, loss=0.627168 (1284s)
    Restarts run: 20
    mu: 26.875318
    D_mu: 10.649281
    T0_mu: 29.451428
    Ly: 3.994304
    op_x: 0.983135
    op_y: 0.886205
    NMSE: 0.044713
  [Saved] random_IR_0043

============================================================
[44/50] random_IR_0044.npz
  GT loss: 0.133155
    --> Trial 0 | pop=30 seed=38887 x0_norm_min=-0.944 x0_norm_max=0.730
        [Trial 0] gen   20  evals=  600  best=0.4526
        [Trial 0] gen   40  evals= 1200  best=0.4526
        [Trial 0] gen   60  evals= 1800  best=0.4526
        [Trial 0] gen   80  evals= 2400  best=0.4504
        [Trial 0] gen  100  evals= 3000  best=0.4504
        [Trial 0] gen  120  evals= 3600  best=0.4504
        [Trial 0] gen  140  evals= 4200  best=0.4504
        [Trial 0] gen  160  evals= 4800  best=0.4504
        [Trial 0] gen  180  evals= 5400  best=0.4504
        [Trial 0] gen  200  evals= 6000  best=0.4504
        [Trial 0] gen  220  evals= 6600  best=0.4504
        [Trial 0] gen  240  evals= 7200  best=0.4504
        [Trial 0] gen  260  evals= 7800  best=0.4504
        [Trial 0] gen  280  evals= 8400  best=0.4504
        [Trial 0] gen  300  evals= 9000  best=0.4504
        [Trial 0] gen  320  evals= 9600  best=0.4504
        [Trial 0] gen  340  evals=10200  best=0.4504
        [Trial 0] gen  360  evals=10800  best=0.4504
        [Trial 0] gen  380  evals=11400  best=0.4504
        [Trial 0] gen  400  evals=12000  best=0.4504
        [Trial 0] gen  420  evals=12600  best=0.4504
        [Trial 0] gen  440  evals=13200  best=0.4504
        [Trial 0] gen  460  evals=13800  best=0.4504
        [Trial 0] gen  480  evals=14400  best=0.4504
        [Trial 0] gen  500  evals=15000  best=0.4504
        [Trial 0] gen  520  evals=15600  best=0.4504
        [Trial 0] gen  540  evals=16200  best=0.4504
        [Trial 0] gen  560  evals=16800  best=0.4504
        [Trial 0] gen  580  evals=17400  best=0.4504
        [Trial 0] gen  600  evals=18000  best=0.4504
        [Trial 0] gen  620  evals=18600  best=0.4504
        [Trial 0] gen  640  evals=19200  best=0.4504
        [Trial 0] gen  660  evals=19800  best=0.4504
        [Done] Trial 0 best=0.4504
    --> Trial 1 | pop=37 seed=14288 x0_norm_min=-0.937 x0_norm_max=0.907
        [Pruned] Trial 1 at gen 15 (loss=0.4837)
    --> Trial 2 | pop=49 seed=56891 x0_norm_min=-0.344 x0_norm_max=0.824
        [Pruned] Trial 2 at gen 15 (loss=0.5062)
    --> Trial 3 | pop=47 seed=19435 x0_norm_min=-0.797 x0_norm_max=0.622
        [Pruned] Trial 3 at gen 15 (loss=0.4892)
    --> Trial 4 | pop=34 seed=97341 x0_norm_min=-0.947 x0_norm_max=0.785
        [Pruned] Trial 4 at gen 15 (loss=0.4946)
    --> Trial 5 | pop=57 seed=65563 x0_norm_min=-0.748 x0_norm_max=0.981
        [Trial 5] gen   20  evals= 1140  best=0.4730
        [Trial 5] gen   40  evals= 2280  best=0.4700
        [Pruned] Trial 5 at gen 45 (loss=0.4700)
    --> Trial 6 | pop=44 seed=96461 x0_norm_min=-0.929 x0_norm_max=0.732
        [Trial 6] gen   20  evals=  880  best=0.4748
        [Trial 6] gen   40  evals= 1760  best=0.4727
        [Pruned] Trial 6 at gen 45 (loss=0.4727)
    --> Trial 7 | pop=31 seed=28506 x0_norm_min=-0.779 x0_norm_max=0.922
        [Pruned] Trial 7 at gen 15 (loss=0.5057)
    --> Trial 8 | pop=50 seed=9320 x0_norm_min=-0.814 x0_norm_max=0.843
        [Pruned] Trial 8 at gen 15 (loss=0.4867)
    --> Trial 9 | pop=57 seed=44706 x0_norm_min=-0.955 x0_norm_max=0.770
        [Pruned] Trial 9 at gen 15 (loss=0.4806)
    --> Trial 10 | pop=40 seed=76330 x0_norm_min=-0.841 x0_norm_max=0.672
        [Trial 10] gen   20  evals=  800  best=0.4775
        [Trial 10] gen   40  evals= 1600  best=0.4672
        [Pruned] Trial 10 at gen 45 (loss=0.4672)
    --> Trial 11 | pop=39 seed=78783 x0_norm_min=-0.781 x0_norm_max=0.859
        [Pruned] Trial 11 at gen 15 (loss=0.4924)
    --> Trial 12 | pop=41 seed=44866 x0_norm_min=-0.402 x0_norm_max=0.428
        [Pruned] Trial 12 at gen 15 (loss=0.4866)
    --> Trial 13 | pop=30 seed=72042 x0_norm_min=-0.863 x0_norm_max=0.955
        [Pruned] Trial 13 at gen 15 (loss=0.4896)
    --> Trial 14 | pop=35 seed=36608 x0_norm_min=-0.897 x0_norm_max=-0.091
        [Pruned] Trial 14 at gen 15 (loss=0.4956)
    --> Trial 15 | pop=43 seed=902 x0_norm_min=-0.690 x0_norm_max=0.990
        [Trial 15] gen   20  evals=  860  best=0.4770
        [Trial 15] gen   40  evals= 1720  best=0.4656
        [Pruned] Trial 15 at gen 45 (loss=0.4656)
    --> Trial 16 | pop=52 seed=838 x0_norm_min=-0.776 x0_norm_max=0.982
        [Pruned] Trial 16 at gen 15 (loss=0.4867)
    --> Trial 17 | pop=43 seed=28807 x0_norm_min=-0.863 x0_norm_max=0.835
        [Pruned] Trial 17 at gen 15 (loss=0.4914)
    --> Trial 18 | pop=54 seed=1302 x0_norm_min=-0.933 x0_norm_max=0.907
        [Pruned] Trial 18 at gen 15 (loss=0.4897)
    --> Trial 19 | pop=45 seed=53258 x0_norm_min=-0.948 x0_norm_max=0.822
        [Trial 19] gen   20  evals=  900  best=0.4538
        [Trial 19] gen   40  evals= 1800  best=0.4538
        [Trial 19] gen   60  evals= 2700  best=0.4538
        [Trial 19] gen   80  evals= 3600  best=0.4538
        [Trial 19] gen  100  evals= 4500  best=0.4538
        [Trial 19] gen  120  evals= 5400  best=0.4538
        [Pruned] Trial 19 at gen 135 (loss=0.4538)

  Winner: Trial 0, loss=0.450401 (1075s)
    Restarts run: 20
    mu: 42.229413
    D_mu: 4.131262
    T0_mu: 5.163170
    Ly: 3.196857
    op_x: 0.512252
    op_y: 0.544173
    NMSE: 0.008628
  [Saved] random_IR_0044

============================================================
[45/50] random_IR_0045.npz
  GT loss: 0.186942
    --> Trial 0 | pop=54 seed=83201 x0_norm_min=-0.944 x0_norm_max=0.730
        [Trial 0] gen   20  evals= 1080  best=0.5370
        [Trial 0] gen   40  evals= 2160  best=0.5263
        [Trial 0] gen   60  evals= 3240  best=0.5263
        [Trial 0] gen   80  evals= 4320  best=0.5262
        [Trial 0] gen  100  evals= 5400  best=0.5133
        [Trial 0] gen  120  evals= 6480  best=0.5058
        [Trial 0] gen  140  evals= 7560  best=0.5058
        [Trial 0] gen  160  evals= 8640  best=0.4962
        [Trial 0] gen  180  evals= 9720  best=0.4962
        [Trial 0] gen  200  evals=10800  best=0.4962
        [Trial 0] gen  220  evals=11880  best=0.4962
        [Trial 0] gen  240  evals=12960  best=0.4962
        [Trial 0] gen  260  evals=14040  best=0.4917
        [Trial 0] gen  280  evals=15120  best=0.4908
        [Trial 0] gen  300  evals=16200  best=0.4905
        [Trial 0] gen  320  evals=17280  best=0.4896
        [Trial 0] gen  340  evals=18360  best=0.4893
        [Trial 0] gen  360  evals=19440  best=0.4893
        [TRIAL TIMEOUT] Trial 0 total >600s, stopping
        [Done] Trial 0 best=0.4891
    --> Trial 1 | pop=41 seed=96531 x0_norm_min=-0.937 x0_norm_max=0.907
        [Pruned] Trial 1 at gen 15 (loss=0.5416)
    --> Trial 2 | pop=31 seed=82152 x0_norm_min=-0.344 x0_norm_max=0.824
        [Pruned] Trial 2 at gen 15 (loss=0.5623)
    --> Trial 3 | pop=52 seed=59553 x0_norm_min=-0.797 x0_norm_max=0.622
        [Pruned] Trial 3 at gen 15 (loss=0.5471)
    --> Trial 4 | pop=42 seed=21024 x0_norm_min=-0.947 x0_norm_max=0.785
        [Pruned] Trial 4 at gen 15 (loss=0.5518)
    --> Trial 5 | pop=46 seed=60505 x0_norm_min=-0.748 x0_norm_max=0.981
        [Pruned] Trial 5 at gen 15 (loss=0.5611)
    --> Trial 6 | pop=43 seed=28907 x0_norm_min=-0.929 x0_norm_max=0.732
        [Pruned] Trial 6 at gen 15 (loss=0.5465)
    --> Trial 7 | pop=44 seed=82316 x0_norm_min=-0.779 x0_norm_max=0.922
        [Trial 7] gen   20  evals=  880  best=0.5341
        [Trial 7] gen   40  evals= 1760  best=0.5257
        [Trial 7] gen   60  evals= 2640  best=0.5257
        [Trial 7] gen   80  evals= 3520  best=0.5257
        [Trial 7] gen  100  evals= 4400  best=0.5257
        [Trial 7] gen  120  evals= 5280  best=0.5239
        [Pruned] Trial 7 at gen 135 (loss=0.5173)
    --> Trial 8 | pop=36 seed=13695 x0_norm_min=-0.814 x0_norm_max=0.843
        [Pruned] Trial 8 at gen 15 (loss=0.5559)
    --> Trial 9 | pop=35 seed=51622 x0_norm_min=-0.955 x0_norm_max=0.770
        [Pruned] Trial 9 at gen 15 (loss=0.5671)
    --> Trial 10 | pop=60 seed=1655 x0_norm_min=-0.841 x0_norm_max=0.672
        [Pruned] Trial 10 at gen 15 (loss=0.5506)
    --> Trial 11 | pop=53 seed=81688 x0_norm_min=-0.781 x0_norm_max=0.859
        [Pruned] Trial 11 at gen 15 (loss=0.5478)
    --> Trial 12 | pop=52 seed=76345 x0_norm_min=-0.402 x0_norm_max=0.428
        [Pruned] Trial 12 at gen 15 (loss=0.5529)
    --> Trial 13 | pop=48 seed=96336 x0_norm_min=-0.863 x0_norm_max=0.955
        [Trial 13] gen   20  evals=  960  best=0.5357
        [Trial 13] gen   40  evals= 1920  best=0.5315
        [Pruned] Trial 13 at gen 45 (loss=0.5315)
    --> Trial 14 | pop=60 seed=69730 x0_norm_min=-0.897 x0_norm_max=-0.091
        [Pruned] Trial 14 at gen 15 (loss=0.5545)
    --> Trial 15 | pop=56 seed=42164 x0_norm_min=-0.690 x0_norm_max=0.990
        [Pruned] Trial 15 at gen 15 (loss=0.5521)
    --> Trial 16 | pop=47 seed=89508 x0_norm_min=-0.776 x0_norm_max=0.982
        [Pruned] Trial 16 at gen 15 (loss=0.5703)
    --> Trial 17 | pop=38 seed=69553 x0_norm_min=-0.863 x0_norm_max=0.835
        [Pruned] Trial 17 at gen 15 (loss=0.5673)
    --> Trial 18 | pop=55 seed=44238 x0_norm_min=-0.933 x0_norm_max=0.907
        [Pruned] Trial 18 at gen 15 (loss=0.5490)
    --> Trial 19 | pop=49 seed=87701 x0_norm_min=-0.948 x0_norm_max=0.822
        [Pruned] Trial 19 at gen 15 (loss=0.5560)

  Winner: Trial 0, loss=0.489124 (978s)
    Restarts run: 20
    mu: 6.446716
    D_mu: 2.870352
    T0_mu: 146.277701
    Ly: 3.643976
    op_x: 0.528015
    op_y: 0.826051
    NMSE: 0.004462
  [Saved] random_IR_0045

============================================================
[46/50] random_IR_0046.npz
  GT loss: 0.130598
    --> Trial 0 | pop=51 seed=18337 x0_norm_min=-0.944 x0_norm_max=0.730
        [Trial 0] gen   20  evals= 1020  best=0.5289
        [Trial 0] gen   40  evals= 2040  best=0.5134
        [Trial 0] gen   60  evals= 3060  best=0.5134
        [Trial 0] gen   80  evals= 4080  best=0.4855
        [Trial 0] gen  100  evals= 5100  best=0.4855
        [Trial 0] gen  120  evals= 6120  best=0.4855
        [Trial 0] gen  140  evals= 7140  best=0.4855
        [Trial 0] gen  160  evals= 8160  best=0.4855
        [Trial 0] gen  180  evals= 9180  best=0.4855
        [Trial 0] gen  200  evals=10200  best=0.4855
        [Trial 0] gen  220  evals=11220  best=0.4855
        [Trial 0] gen  240  evals=12240  best=0.4855
        [Trial 0] gen  260  evals=13260  best=0.4855
        [Trial 0] gen  280  evals=14280  best=0.4855
        [Trial 0] gen  300  evals=15300  best=0.4855
        [Trial 0] gen  320  evals=16320  best=0.4855
        [Trial 0] gen  340  evals=17340  best=0.4855
        [Trial 0] gen  360  evals=18360  best=0.4855
        [Trial 0] gen  380  evals=19380  best=0.4855
        [TRIAL TIMEOUT] Trial 0 total >600s, stopping
        [Done] Trial 0 best=0.4855
    --> Trial 1 | pop=40 seed=81708 x0_norm_min=-0.937 x0_norm_max=0.907
        [Trial 1] gen   20  evals=  800  best=0.5144
        [Trial 1] gen   40  evals= 1600  best=0.5144
        [Pruned] Trial 1 at gen 45 (loss=0.5144)
    --> Trial 2 | pop=30 seed=6595 x0_norm_min=-0.344 x0_norm_max=0.824
        [Pruned] Trial 2 at gen 15 (loss=0.5167)
    --> Trial 3 | pop=38 seed=94968 x0_norm_min=-0.797 x0_norm_max=0.622
        [Trial 3] gen   20  evals=  760  best=0.5128
        [Trial 3] gen   40  evals= 1520  best=0.5128
        [Trial 3] gen   60  evals= 2280  best=0.5128
        [Trial 3] gen   80  evals= 3040  best=0.5041
        [Trial 3] gen  100  evals= 3800  best=0.5041
        [Trial 3] gen  120  evals= 4560  best=0.5041
        [Pruned] Trial 3 at gen 135 (loss=0.5041)
    --> Trial 4 | pop=50 seed=26687 x0_norm_min=-0.947 x0_norm_max=0.785
        [Pruned] Trial 4 at gen 15 (loss=0.5332)
    --> Trial 5 | pop=59 seed=36097 x0_norm_min=-0.748 x0_norm_max=0.981
        [Pruned] Trial 5 at gen 15 (loss=0.5252)
    --> Trial 6 | pop=53 seed=76239 x0_norm_min=-0.929 x0_norm_max=0.732
        [Pruned] Trial 6 at gen 15 (loss=0.5338)
    --> Trial 7 | pop=36 seed=81548 x0_norm_min=-0.779 x0_norm_max=0.922
        [Pruned] Trial 7 at gen 15 (loss=0.5413)
    --> Trial 8 | pop=37 seed=19882 x0_norm_min=-0.814 x0_norm_max=0.843
        [Trial 8] gen   20  evals=  740  best=0.5140
        [Trial 8] gen   40  evals= 1480  best=0.5049
        [Trial 8] gen   60  evals= 2220  best=0.5049
        [Trial 8] gen   80  evals= 2960  best=0.5010
        [Trial 8] gen  100  evals= 3700  best=0.5010
        [Trial 8] gen  120  evals= 4440  best=0.5010
        [Pruned] Trial 8 at gen 135 (loss=0.5010)
    --> Trial 9 | pop=39 seed=95076 x0_norm_min=-0.955 x0_norm_max=0.770
        [Pruned] Trial 9 at gen 15 (loss=0.5322)
    --> Trial 10 | pop=47 seed=51262 x0_norm_min=-0.841 x0_norm_max=0.672
        [Pruned] Trial 10 at gen 15 (loss=0.5289)
    --> Trial 11 | pop=44 seed=2066 x0_norm_min=-0.781 x0_norm_max=0.859
        [Pruned] Trial 11 at gen 15 (loss=0.5244)
    --> Trial 12 | pop=58 seed=21951 x0_norm_min=-0.402 x0_norm_max=0.428
        [Trial 12] gen   20  evals= 1160  best=0.4922
        [Trial 12] gen   40  evals= 2320  best=0.4922
        [Trial 12] gen   60  evals= 3480  best=0.4922
        [Trial 12] gen   80  evals= 4640  best=0.4922
        [Trial 12] gen  100  evals= 5800  best=0.4922
        [Trial 12] gen  120  evals= 6960  best=0.4922
        [Pruned] Trial 12 at gen 135 (loss=0.4922)
    --> Trial 13 | pop=59 seed=46811 x0_norm_min=-0.863 x0_norm_max=0.955
        [Pruned] Trial 13 at gen 15 (loss=0.5381)
    --> Trial 14 | pop=53 seed=17309 x0_norm_min=-0.897 x0_norm_max=-0.091
        [Pruned] Trial 14 at gen 15 (loss=0.5234)
    --> Trial 15 | pop=55 seed=35866 x0_norm_min=-0.690 x0_norm_max=0.990
        [Trial 15] gen   20  evals= 1100  best=0.5153
        [Trial 15] gen   40  evals= 2200  best=0.5067
        [Pruned] Trial 15 at gen 45 (loss=0.5067)
    --> Trial 16 | pop=56 seed=60029 x0_norm_min=-0.776 x0_norm_max=0.982
        [Pruned] Trial 16 at gen 15 (loss=0.5318)
    --> Trial 17 | pop=49 seed=16351 x0_norm_min=-0.863 x0_norm_max=0.835
        [Pruned] Trial 17 at gen 15 (loss=0.5262)
    --> Trial 18 | pop=60 seed=31897 x0_norm_min=-0.933 x0_norm_max=0.907
        [Trial 18] gen   20  evals= 1200  best=0.5137
        [Trial 18] gen   40  evals= 2400  best=0.5137
        [Pruned] Trial 18 at gen 45 (loss=0.5137)
    --> Trial 19 | pop=56 seed=10032 x0_norm_min=-0.948 x0_norm_max=0.822
        [Pruned] Trial 19 at gen 15 (loss=0.5239)

  Winner: Trial 0, loss=0.485454 (1709s)
    Restarts run: 20
    mu: 18.176611
    D_mu: 1.844897
    T0_mu: 7.498972
    Ly: 2.610531
    op_x: 0.628051
    op_y: 0.693769
    NMSE: 0.038372
  [Saved] random_IR_0046

============================================================
[47/50] random_IR_0047.npz
  GT loss: 0.161767
    --> Trial 0 | pop=44 seed=75276 x0_norm_min=-0.944 x0_norm_max=0.730
        [Trial 0] gen   20  evals=  880  best=0.5378
        [Trial 0] gen   40  evals= 1760  best=0.5205
        [Trial 0] gen   60  evals= 2640  best=0.5205
        [Trial 0] gen   80  evals= 3520  best=0.5015
        [Trial 0] gen  100  evals= 4400  best=0.4908
        [Trial 0] gen  120  evals= 5280  best=0.4873
        [Trial 0] gen  140  evals= 6160  best=0.4815
        [Trial 0] gen  160  evals= 7040  best=0.4655
        [Trial 0] gen  180  evals= 7920  best=0.4641
        [Trial 0] gen  200  evals= 8800  best=0.4577
        [Trial 0] gen  220  evals= 9680  best=0.4540
        [Trial 0] gen  240  evals=10560  best=0.4531
        [Trial 0] gen  260  evals=11440  best=0.4507
        [Trial 0] gen  280  evals=12320  best=0.4507
        [Trial 0] gen  300  evals=13200  best=0.4504
        [Trial 0] gen  320  evals=14080  best=0.4504
        [Trial 0] gen  340  evals=14960  best=0.4503
        [Trial 0] gen  360  evals=15840  best=0.4503
        [Trial 0] gen  380  evals=16720  best=0.4499
        [Trial 0] gen  400  evals=17600  best=0.4499
        [Trial 0] gen  420  evals=18480  best=0.4499
        [Trial 0] gen  440  evals=19360  best=0.4494
        [Trial 0] gen  460  evals=20240  best=0.4493
        [Trial 0] gen  480  evals=21120  best=0.4493
        [Trial 0] gen  500  evals=22000  best=0.4493
        [Trial 0] gen  520  evals=22880  best=0.4493
        [Trial 0] gen  540  evals=23760  best=0.4493
        [Trial 0] gen  560  evals=24640  best=0.4491
        [Trial 0] gen  580  evals=25520  best=0.4491
        [Trial 0] gen  600  evals=26400  best=0.4491
        [Trial 0] gen  620  evals=27280  best=0.4491
        [Trial 0] gen  640  evals=28160  best=0.4491
        [Trial 0] gen  660  evals=29040  best=0.4491
        [Trial 0] gen  680  evals=29920  best=0.4491
        [Done] Trial 0 best=0.4491
    --> Trial 1 | pop=58 seed=64482 x0_norm_min=-0.937 x0_norm_max=0.907
        [Pruned] Trial 1 at gen 15 (loss=0.5456)
    --> Trial 2 | pop=42 seed=77539 x0_norm_min=-0.344 x0_norm_max=0.824
        [Pruned] Trial 2 at gen 15 (loss=0.5617)
    --> Trial 3 | pop=43 seed=9472 x0_norm_min=-0.797 x0_norm_max=0.622
        [Trial 3] gen   20  evals=  860  best=0.5358
        [Trial 3] gen   40  evals= 1720  best=0.5227
        [Pruned] Trial 3 at gen 45 (loss=0.5227)
    --> Trial 4 | pop=34 seed=86704 x0_norm_min=-0.947 x0_norm_max=0.785
        [Pruned] Trial 4 at gen 15 (loss=0.5375)
    --> Trial 5 | pop=50 seed=55504 x0_norm_min=-0.748 x0_norm_max=0.981
        [Pruned] Trial 5 at gen 15 (loss=0.5516)
    --> Trial 6 | pop=49 seed=2138 x0_norm_min=-0.929 x0_norm_max=0.732
        [Pruned] Trial 6 at gen 15 (loss=0.5394)
    --> Trial 7 | pop=44 seed=6787 x0_norm_min=-0.779 x0_norm_max=0.922
        [Trial 7] gen   20  evals=  880  best=0.5336
        [Trial 7] gen   40  evals= 1760  best=0.5336
        [Pruned] Trial 7 at gen 45 (loss=0.5336)
    --> Trial 8 | pop=57 seed=2038 x0_norm_min=-0.814 x0_norm_max=0.843
        [Trial 8] gen   20  evals= 1140  best=0.5356
        [Trial 8] gen   40  evals= 2280  best=0.5150
        [Trial 8] gen   60  evals= 3420  best=0.5132
        [Trial 8] gen   80  evals= 4560  best=0.5132
        [Trial 8] gen  100  evals= 5700  best=0.5068
        [Trial 8] gen  120  evals= 6840  best=0.5052
        [Pruned] Trial 8 at gen 135 (loss=0.4987)
    --> Trial 9 | pop=39 seed=61637 x0_norm_min=-0.955 x0_norm_max=0.770
        [Trial 9] gen   20  evals=  780  best=0.5267
        [Trial 9] gen   40  evals= 1560  best=0.5251
        [Pruned] Trial 9 at gen 45 (loss=0.5251)
    --> Trial 10 | pop=30 seed=32442 x0_norm_min=-0.841 x0_norm_max=0.672
        [Trial 10] gen   20  evals=  600  best=0.5321
        [Trial 10] gen   40  evals= 1200  best=0.5321
        [Pruned] Trial 10 at gen 45 (loss=0.5321)
    --> Trial 11 | pop=59 seed=34374 x0_norm_min=-0.781 x0_norm_max=0.859
        [Pruned] Trial 11 at gen 15 (loss=0.5376)
    --> Trial 12 | pop=52 seed=28475 x0_norm_min=-0.402 x0_norm_max=0.428
        [Pruned] Trial 12 at gen 15 (loss=0.5467)
    --> Trial 13 | pop=54 seed=99491 x0_norm_min=-0.863 x0_norm_max=0.955
        [Trial 13] gen   20  evals= 1080  best=0.5328
        [Trial 13] gen   40  evals= 2160  best=0.5328
        [Pruned] Trial 13 at gen 45 (loss=0.5328)
    --> Trial 14 | pop=47 seed=45991 x0_norm_min=-0.897 x0_norm_max=-0.091
        [Pruned] Trial 14 at gen 15 (loss=0.5460)
    --> Trial 15 | pop=55 seed=18666 x0_norm_min=-0.690 x0_norm_max=0.990
        [Pruned] Trial 15 at gen 15 (loss=0.5564)
    --> Trial 16 | pop=37 seed=74835 x0_norm_min=-0.776 x0_norm_max=0.982
        [Pruned] Trial 16 at gen 15 (loss=0.5514)
    --> Trial 17 | pop=57 seed=49065 x0_norm_min=-0.863 x0_norm_max=0.835
        [Pruned] Trial 17 at gen 15 (loss=0.5497)
    --> Trial 18 | pop=46 seed=93337 x0_norm_min=-0.933 x0_norm_max=0.907
        [Pruned] Trial 18 at gen 15 (loss=0.5411)
    --> Trial 19 | pop=60 seed=23074 x0_norm_min=-0.948 x0_norm_max=0.822
        [Pruned] Trial 19 at gen 15 (loss=0.5561)

  Winner: Trial 0, loss=0.449080 (642s)
    Restarts run: 20
    mu: 83.804696
    D_mu: 6.734554
    T0_mu: 11.391698
    Ly: 1.265464
    op_x: 0.784089
    op_y: 0.676622
    NMSE: 0.058517
  [Saved] random_IR_0047

============================================================
[48/50] random_IR_0048.npz
  GT loss: 0.254649
    --> Trial 0 | pop=32 seed=38385 x0_norm_min=-0.944 x0_norm_max=0.730
        [Trial 0] gen   20  evals=  640  best=0.6336
        [Trial 0] gen   40  evals= 1280  best=0.6336
        [Trial 0] gen   60  evals= 1920  best=0.6209
        [Trial 0] gen   80  evals= 2560  best=0.6209
        [Trial 0] gen  100  evals= 3200  best=0.6072
        [Trial 0] gen  120  evals= 3840  best=0.6072
        [Trial 0] gen  140  evals= 4480  best=0.6072
        [Trial 0] gen  160  evals= 5120  best=0.6030
        [Trial 0] gen  180  evals= 5760  best=0.6030
        [Trial 0] gen  200  evals= 6400  best=0.6030
        [Trial 0] gen  220  evals= 7040  best=0.6028
        [Trial 0] gen  240  evals= 7680  best=0.5982
        [Trial 0] gen  260  evals= 8320  best=0.5975
        [Trial 0] gen  280  evals= 8960  best=0.5969
        [Trial 0] gen  300  evals= 9600  best=0.5969
        [Trial 0] gen  320  evals=10240  best=0.5969
        [Trial 0] gen  340  evals=10880  best=0.5969
        [Trial 0] gen  360  evals=11520  best=0.5968
        [Trial 0] gen  380  evals=12160  best=0.5949
        [Trial 0] gen  400  evals=12800  best=0.5943
        [Trial 0] gen  420  evals=13440  best=0.5942
        [Trial 0] gen  440  evals=14080  best=0.5942
        [Trial 0] gen  460  evals=14720  best=0.5940
        [Trial 0] gen  480  evals=15360  best=0.5939
        [Trial 0] gen  500  evals=16000  best=0.5939
        [Trial 0] gen  520  evals=16640  best=0.5939
        [Trial 0] gen  540  evals=17280  best=0.5939
        [Trial 0] gen  560  evals=17920  best=0.5939
        [Trial 0] gen  580  evals=18560  best=0.5939
        [Trial 0] gen  600  evals=19200  best=0.5938
        [Trial 0] gen  620  evals=19840  best=0.5938
        [Trial 0] gen  640  evals=20480  best=0.5938
        [Trial 0] gen  660  evals=21120  best=0.5938
        [Trial 0] gen  680  evals=21760  best=0.5938
        [Trial 0] gen  700  evals=22400  best=0.5938
        [Trial 0] gen  720  evals=23040  best=0.5938
        [Trial 0] gen  740  evals=23680  best=0.5938
        [Trial 0] gen  760  evals=24320  best=0.5938
        [Done] Trial 0 best=0.5938
    --> Trial 1 | pop=42 seed=56438 x0_norm_min=-0.937 x0_norm_max=0.907
        [Pruned] Trial 1 at gen 15 (loss=0.6622)
    --> Trial 2 | pop=49 seed=4703 x0_norm_min=-0.344 x0_norm_max=0.824
        [Trial 2] gen   20  evals=  980  best=0.6476
        [Trial 2] gen   40  evals= 1960  best=0.6253
        [Trial 2] gen   60  evals= 2940  best=0.6234
        [Trial 2] gen   80  evals= 3920  best=0.5991
        [Trial 2] gen  100  evals= 4900  best=0.5942
        [Trial 2] gen  120  evals= 5880  best=0.5942
        [Trial 2] gen  140  evals= 6860  best=0.5942
        [Trial 2] gen  160  evals= 7840  best=0.5889
        [Trial 2] gen  180  evals= 8820  best=0.5889
        [Trial 2] gen  200  evals= 9800  best=0.5876
        [Trial 2] gen  220  evals=10780  best=0.5859
        [Trial 2] gen  240  evals=11760  best=0.5849
        [Trial 2] gen  260  evals=12740  best=0.5848
        [Trial 2] gen  280  evals=13720  best=0.5840
        [Trial 2] gen  300  evals=14700  best=0.5838
        [Trial 2] gen  320  evals=15680  best=0.5836
        [Trial 2] gen  340  evals=16660  best=0.5833
        [Trial 2] gen  360  evals=17640  best=0.5831
        [Trial 2] gen  380  evals=18620  best=0.5831
        [Trial 2] gen  400  evals=19600  best=0.5831
        [Trial 2] gen  420  evals=20580  best=0.5831
        [Trial 2] gen  440  evals=21560  best=0.5830
        [Trial 2] gen  460  evals=22540  best=0.5830
        [Trial 2] gen  480  evals=23520  best=0.5830
        [Trial 2] gen  500  evals=24500  best=0.5830
        [Trial 2] gen  520  evals=25480  best=0.5830
        [Trial 2] gen  540  evals=26460  best=0.5830
        [Trial 2] gen  560  evals=27440  best=0.5830
NOTE (module=cma, iteration=567):  
condition in coordinate system exceeded 1.1e+08, rescaled to 1.0e+00, 
condition changed from 8.9e+10 to 4.7e+10
        [Done] Trial 2 best=0.5830
    --> Trial 3 | pop=46 seed=96648 x0_norm_min=-0.797 x0_norm_max=0.622
        [Pruned] Trial 3 at gen 15 (loss=0.6568)
    --> Trial 4 | pop=42 seed=13944 x0_norm_min=-0.947 x0_norm_max=0.785
        [Pruned] Trial 4 at gen 15 (loss=0.6551)
    --> Trial 5 | pop=37 seed=13839 x0_norm_min=-0.748 x0_norm_max=0.981
        [Trial 5] gen   20  evals=  740  best=0.6111
        [Trial 5] gen   40  evals= 1480  best=0.6111
        [Trial 5] gen   60  evals= 2220  best=0.6111
        [Trial 5] gen   80  evals= 2960  best=0.6101
        [Trial 5] gen  100  evals= 3700  best=0.6101
        [Trial 5] gen  120  evals= 4440  best=0.6101
        [Pruned] Trial 5 at gen 135 (loss=0.6101)
    --> Trial 6 | pop=47 seed=55081 x0_norm_min=-0.929 x0_norm_max=0.732
        [Trial 6] gen   20  evals=  940  best=0.6470
        [Trial 6] gen   40  evals= 1880  best=0.6364
        [Pruned] Trial 6 at gen 45 (loss=0.6364)
    --> Trial 7 | pop=50 seed=2113 x0_norm_min=-0.779 x0_norm_max=0.922
        [Pruned] Trial 7 at gen 15 (loss=0.6590)
    --> Trial 8 | pop=50 seed=17796 x0_norm_min=-0.814 x0_norm_max=0.843
        [Pruned] Trial 8 at gen 15 (loss=0.6523)
    --> Trial 9 | pop=51 seed=53620 x0_norm_min=-0.955 x0_norm_max=0.770
        [Trial 9] gen   20  evals= 1020  best=0.6381
        [Trial 9] gen   40  evals= 2040  best=0.6354
        [Pruned] Trial 9 at gen 45 (loss=0.6321)
    --> Trial 10 | pop=60 seed=89639 x0_norm_min=-0.841 x0_norm_max=0.672
        [Pruned] Trial 10 at gen 15 (loss=0.6497)
    --> Trial 11 | pop=32 seed=36364 x0_norm_min=-0.781 x0_norm_max=0.859
        [Trial 11] gen   20  evals=  640  best=0.6419
        [Trial 11] gen   40  evals= 1280  best=0.6419
        [Pruned] Trial 11 at gen 45 (loss=0.6419)
    --> Trial 12 | pop=30 seed=35134 x0_norm_min=-0.402 x0_norm_max=0.428
        [Pruned] Trial 12 at gen 15 (loss=0.6520)
    --> Trial 13 | pop=60 seed=34752 x0_norm_min=-0.863 x0_norm_max=0.955
        [Trial 13] gen   20  evals= 1200  best=0.6357
        [Trial 13] gen   40  evals= 2400  best=0.6353
        [Trial 13] gen   60  evals= 3600  best=0.6128
        [Trial 13] gen   80  evals= 4800  best=0.6128
        [Trial 13] gen  100  evals= 6000  best=0.6128
        [Trial 13] gen  120  evals= 7200  best=0.5985
        [Pruned] Trial 13 at gen 135 (loss=0.5985)
    --> Trial 14 | pop=36 seed=70573 x0_norm_min=-0.897 x0_norm_max=-0.091
        [Pruned] Trial 14 at gen 15 (loss=0.6580)
    --> Trial 15 | pop=55 seed=4341 x0_norm_min=-0.690 x0_norm_max=0.990
        [Trial 15] gen   20  evals= 1100  best=0.6318
        [Trial 15] gen   40  evals= 2200  best=0.6218
        [Trial 15] gen   60  evals= 3300  best=0.6172
        [Trial 15] gen   80  evals= 4400  best=0.6101
        [Trial 15] gen  100  evals= 5500  best=0.5983
        [Trial 15] gen  120  evals= 6600  best=0.5976
        [Trial 15] gen  140  evals= 7700  best=0.5908
        [Trial 15] gen  160  evals= 8800  best=0.5824
        [Trial 15] gen  180  evals= 9900  best=0.5789
        [Trial 15] gen  200  evals=11000  best=0.5762
        [Trial 15] gen  220  evals=12100  best=0.5762
        [Trial 15] gen  240  evals=13200  best=0.5760
        [Trial 15] gen  260  evals=14300  best=0.5760
        [Trial 15] gen  280  evals=15400  best=0.5760
        [Trial 15] gen  300  evals=16500  best=0.5760
        [Trial 15] gen  320  evals=17600  best=0.5760
        [Trial 15] gen  340  evals=18700  best=0.5760
        [Trial 15] gen  360  evals=19800  best=0.5758
        [Trial 15] gen  380  evals=20900  best=0.5757
        [Trial 15] gen  400  evals=22000  best=0.5756
        [Trial 15] gen  420  evals=23100  best=0.5755
        [Trial 15] gen  440  evals=24200  best=0.5755
        [Trial 15] gen  460  evals=25300  best=0.5755
        [Trial 15] gen  480  evals=26400  best=0.5755
        [Trial 15] gen  500  evals=27500  best=0.5755
        [Trial 15] gen  520  evals=28600  best=0.5755
        [Trial 15] gen  540  evals=29700  best=0.5755
        [Done] Trial 15 best=0.5755
    --> Trial 16 | pop=55 seed=858 x0_norm_min=-0.776 x0_norm_max=0.982
        [Pruned] Trial 16 at gen 15 (loss=0.6421)
    --> Trial 17 | pop=57 seed=22020 x0_norm_min=-0.863 x0_norm_max=0.835
        [Pruned] Trial 17 at gen 15 (loss=0.6436)
    --> Trial 18 | pop=53 seed=6867 x0_norm_min=-0.933 x0_norm_max=0.907
        [Trial 18] gen   20  evals= 1060  best=0.6358
        [Trial 18] gen   40  evals= 2120  best=0.6358
        [Pruned] Trial 18 at gen 45 (loss=0.6325)
    --> Trial 19 | pop=46 seed=25664 x0_norm_min=-0.948 x0_norm_max=0.822
        [Pruned] Trial 19 at gen 15 (loss=0.6476)

  Winner: Trial 15, loss=0.575466 (1436s)
    Restarts run: 20
    mu: 40.018519
    D_mu: 13.295305
    T0_mu: 3.166691
    Ly: 3.982033
    op_x: 0.841973
    op_y: 0.716727
    NMSE: 0.119476
  [Saved] random_IR_0048

============================================================
[49/50] random_IR_0049.npz
  GT loss: 0.132761
    --> Trial 0 | pop=38 seed=5154 x0_norm_min=-0.944 x0_norm_max=0.730
        [Trial 0] gen   20  evals=  760  best=0.5223
        [Trial 0] gen   40  evals= 1520  best=0.5035
        [Trial 0] gen   60  evals= 2280  best=0.4993
        [Trial 0] gen   80  evals= 3040  best=0.4942
        [Trial 0] gen  100  evals= 3800  best=0.4942
        [Trial 0] gen  120  evals= 4560  best=0.4921
        [Trial 0] gen  140  evals= 5320  best=0.4921
        [Trial 0] gen  160  evals= 6080  best=0.4921
        [Trial 0] gen  180  evals= 6840  best=0.4921
        [Trial 0] gen  200  evals= 7600  best=0.4873
        [Trial 0] gen  220  evals= 8360  best=0.4873
        [Trial 0] gen  240  evals= 9120  best=0.4873
        [Trial 0] gen  260  evals= 9880  best=0.4873
        [Trial 0] gen  280  evals=10640  best=0.4873
        [Trial 0] gen  300  evals=11400  best=0.4870
        [Trial 0] gen  320  evals=12160  best=0.4866
        [Trial 0] gen  340  evals=12920  best=0.4866
        [Trial 0] gen  360  evals=13680  best=0.4866
        [Trial 0] gen  380  evals=14440  best=0.4866
        [Trial 0] gen  400  evals=15200  best=0.4864
        [Trial 0] gen  420  evals=15960  best=0.4864
        [Trial 0] gen  440  evals=16720  best=0.4862
        [Trial 0] gen  460  evals=17480  best=0.4862
        [Trial 0] gen  480  evals=18240  best=0.4859
        [Trial 0] gen  500  evals=19000  best=0.4859
        [Done] Trial 0 best=0.4859
    --> Trial 1 | pop=46 seed=32657 x0_norm_min=-0.937 x0_norm_max=0.907
        [Trial 1] gen   20  evals=  920  best=0.5214
        [Trial 1] gen   40  evals= 1840  best=0.5168
        [Pruned] Trial 1 at gen 45 (loss=0.5132)
    --> Trial 2 | pop=55 seed=24024 x0_norm_min=-0.344 x0_norm_max=0.824
        [Trial 2] gen   20  evals= 1100  best=0.5138
        [Trial 2] gen   40  evals= 2200  best=0.5138
        [Pruned] Trial 2 at gen 45 (loss=0.5138)
    --> Trial 3 | pop=54 seed=69614 x0_norm_min=-0.797 x0_norm_max=0.622
        [Pruned] Trial 3 at gen 15 (loss=0.5292)
    --> Trial 4 | pop=38 seed=79109 x0_norm_min=-0.947 x0_norm_max=0.785
        [Pruned] Trial 4 at gen 15 (loss=0.5250)
    --> Trial 5 | pop=53 seed=68669 x0_norm_min=-0.748 x0_norm_max=0.981
        [Pruned] Trial 5 at gen 15 (loss=0.5237)
    --> Trial 6 | pop=59 seed=88656 x0_norm_min=-0.929 x0_norm_max=0.732
        [Trial 6] gen   20  evals= 1180  best=0.5092
        [Trial 6] gen   40  evals= 2360  best=0.5046
        [Pruned] Trial 6 at gen 45 (loss=0.5046)
    --> Trial 7 | pop=32 seed=60094 x0_norm_min=-0.779 x0_norm_max=0.922
        [Pruned] Trial 7 at gen 15 (loss=0.5197)
    --> Trial 8 | pop=35 seed=67261 x0_norm_min=-0.814 x0_norm_max=0.843
        [Trial 8] gen   20  evals=  700  best=0.5167
        [Trial 8] gen   40  evals= 1400  best=0.5088
        [Pruned] Trial 8 at gen 45 (loss=0.5088)
    --> Trial 9 | pop=51 seed=82539 x0_norm_min=-0.955 x0_norm_max=0.770
        [Trial 9] gen   20  evals= 1020  best=0.5117
        [Trial 9] gen   40  evals= 2040  best=0.4962
        [Trial 9] gen   60  evals= 3060  best=0.4962
        [Trial 9] gen   80  evals= 4080  best=0.4962
        [Trial 9] gen  100  evals= 5100  best=0.4962
        [Trial 9] gen  120  evals= 6120  best=0.4962
        [Pruned] Trial 9 at gen 135 (loss=0.4962)
    --> Trial 10 | pop=42 seed=9295 x0_norm_min=-0.841 x0_norm_max=0.672
        [Pruned] Trial 10 at gen 15 (loss=0.5346)
    --> Trial 11 | pop=47 seed=41218 x0_norm_min=-0.781 x0_norm_max=0.859
        [Trial 11] gen   20  evals=  940  best=0.4997
        [Trial 11] gen   40  evals= 1880  best=0.4997
        [Trial 11] gen   60  evals= 2820  best=0.4997
        [Trial 11] gen   80  evals= 3760  best=0.4997
        [Trial 11] gen  100  evals= 4700  best=0.4997
        [Trial 11] gen  120  evals= 5640  best=0.4997
        [Pruned] Trial 11 at gen 135 (loss=0.4997)
    --> Trial 12 | pop=30 seed=6163 x0_norm_min=-0.402 x0_norm_max=0.428
        [Trial 12] gen   20  evals=  600  best=0.5076
        [Trial 12] gen   40  evals= 1200  best=0.5076
        [Pruned] Trial 12 at gen 45 (loss=0.5076)
    --> Trial 13 | pop=48 seed=97591 x0_norm_min=-0.863 x0_norm_max=0.955
        [Pruned] Trial 13 at gen 15 (loss=0.5192)
    --> Trial 14 | pop=40 seed=49914 x0_norm_min=-0.897 x0_norm_max=-0.091
        [Trial 14] gen   20  evals=  800  best=0.5025
        [Trial 14] gen   40  evals= 1600  best=0.5012
        [Trial 14] gen   60  evals= 2400  best=0.5012
        [Trial 14] gen   80  evals= 3200  best=0.5012
        [Trial 14] gen  100  evals= 4000  best=0.5006
        [Trial 14] gen  120  evals= 4800  best=0.5006
        [Pruned] Trial 14 at gen 135 (loss=0.5006)
    --> Trial 15 | pop=60 seed=22664 x0_norm_min=-0.690 x0_norm_max=0.990
        [Trial 15] gen   20  evals= 1200  best=0.5081
        [Trial 15] gen   40  evals= 2400  best=0.5066
        [Pruned] Trial 15 at gen 45 (loss=0.5066)
    --> Trial 16 | pop=43 seed=51080 x0_norm_min=-0.776 x0_norm_max=0.982
        [Trial 16] gen   20  evals=  860  best=0.5080
        [Trial 16] gen   40  evals= 1720  best=0.4964
        [Trial 16] gen   60  evals= 2580  best=0.4964
        [Trial 16] gen   80  evals= 3440  best=0.4964
        [Trial 16] gen  100  evals= 4300  best=0.4964
        [Trial 16] gen  120  evals= 5160  best=0.4962
        [Pruned] Trial 16 at gen 135 (loss=0.4962)
    --> Trial 17 | pop=43 seed=1960 x0_norm_min=-0.863 x0_norm_max=0.835
        [Pruned] Trial 17 at gen 15 (loss=0.5111)
    --> Trial 18 | pop=37 seed=53266 x0_norm_min=-0.933 x0_norm_max=0.907
        [Pruned] Trial 18 at gen 15 (loss=0.5151)
    --> Trial 19 | pop=34 seed=15305 x0_norm_min=-0.948 x0_norm_max=0.822
        [Pruned] Trial 19 at gen 15 (loss=0.5184)

  Winner: Trial 0, loss=0.485945 (1204s)
    Restarts run: 20
    mu: 31.283922
    D_mu: 5.655235
    T0_mu: 4.256956
    Ly: 3.111837
    op_x: 0.510018
    op_y: 0.716707
    NMSE: 0.041299
  [Saved] random_IR_0049

============================================================
[50/50] random_IR_0050.npz
  GT loss: 0.378553
    --> Trial 0 | pop=49 seed=57777 x0_norm_min=-0.944 x0_norm_max=0.730
        [Trial 0] gen   20  evals=  980  best=0.7442
        [Trial 0] gen   40  evals= 1960  best=0.7369
        [Trial 0] gen   60  evals= 2940  best=0.7369
        [Trial 0] gen   80  evals= 3920  best=0.7369
        [Trial 0] gen  100  evals= 4900  best=0.7351
        [Trial 0] gen  120  evals= 5880  best=0.7324
        [Trial 0] gen  140  evals= 6860  best=0.7249
        [Trial 0] gen  160  evals= 7840  best=0.7249
        [Trial 0] gen  180  evals= 8820  best=0.7234
        [Trial 0] gen  200  evals= 9800  best=0.7128
        [Trial 0] gen  220  evals=10780  best=0.7124
        [Trial 0] gen  240  evals=11760  best=0.7124
        [Trial 0] gen  260  evals=12740  best=0.7124
        [Trial 0] gen  280  evals=13720  best=0.7110
        [Trial 0] gen  300  evals=14700  best=0.7092
        [Trial 0] gen  320  evals=15680  best=0.7079
        [Trial 0] gen  340  evals=16660  best=0.7079
        [Trial 0] gen  360  evals=17640  best=0.7079
        [Trial 0] gen  380  evals=18620  best=0.7079
NOTE (module=cma, iteration=386):  
condition in coordinate system exceeded 1.1e+08, rescaled to 1.0e+00, 
condition changed from 7.8e+08 to 5.4e+08
        [Trial 0] gen  400  evals=19600  best=0.7079
        [Trial 0] gen  420  evals=20580  best=0.7079
        [Trial 0] gen  440  evals=21560  best=0.7079
        [Trial 0] gen  460  evals=22540  best=0.7079
        [Trial 0] gen  480  evals=23520  best=0.7079
        [Trial 0] gen  500  evals=24500  best=0.7079
        [Trial 0] gen  520  evals=25480  best=0.7079
        [Trial 0] gen  540  evals=26460  best=0.7079
        [Trial 0] gen  560  evals=27440  best=0.7079
        [Trial 0] gen  580  evals=28420  best=0.7079
        [Trial 0] gen  600  evals=29400  best=0.7079
        [Done] Trial 0 best=0.7079
    --> Trial 1 | pop=38 seed=40199 x0_norm_min=-0.937 x0_norm_max=0.907
        [Trial 1] gen   20  evals=  760  best=0.7956
        [Trial 1] gen   40  evals= 1520  best=0.7626
        [Pruned] Trial 1 at gen 45 (loss=0.7626)
    --> Trial 2 | pop=58 seed=61803 x0_norm_min=-0.344 x0_norm_max=0.824
        [Trial 2] gen   20  evals= 1160  best=0.7817
        [Trial 2] gen   40  evals= 2320  best=0.7576
        [Pruned] Trial 2 at gen 45 (loss=0.7576)
    --> Trial 3 | pop=42 seed=54243 x0_norm_min=-0.797 x0_norm_max=0.622
        [Trial 3] gen   20  evals=  840  best=0.7651
        [Trial 3] gen   40  evals= 1680  best=0.7651
        [Pruned] Trial 3 at gen 45 (loss=0.7651)
    --> Trial 4 | pop=38 seed=2798 x0_norm_min=-0.947 x0_norm_max=0.785
        [Pruned] Trial 4 at gen 15 (loss=0.7820)
    --> Trial 5 | pop=36 seed=64193 x0_norm_min=-0.748 x0_norm_max=0.981
        [Pruned] Trial 5 at gen 15 (loss=0.8129)
    --> Trial 6 | pop=52 seed=11735 x0_norm_min=-0.929 x0_norm_max=0.732
        [Trial 6] gen   20  evals= 1040  best=0.7593
        [Trial 6] gen   40  evals= 2080  best=0.7326
        [Trial 6] gen   60  evals= 3120  best=0.7326
        [Trial 6] gen   80  evals= 4160  best=0.7280
        [Trial 6] gen  100  evals= 5200  best=0.7280
        [Trial 6] gen  120  evals= 6240  best=0.7280
        [Pruned] Trial 6 at gen 135 (loss=0.7280)
    --> Trial 7 | pop=52 seed=86578 x0_norm_min=-0.779 x0_norm_max=0.922
        [Trial 7] gen   20  evals= 1040  best=0.7567
        [Trial 7] gen   40  evals= 2080  best=0.7397
        [Pruned] Trial 7 at gen 45 (loss=0.7397)
    --> Trial 8 | pop=53 seed=39640 x0_norm_min=-0.814 x0_norm_max=0.843
        [Pruned] Trial 8 at gen 15 (loss=0.7849)
    --> Trial 9 | pop=57 seed=66519 x0_norm_min=-0.955 x0_norm_max=0.770
        [Pruned] Trial 9 at gen 15 (loss=0.7830)
    --> Trial 10 | pop=30 seed=25132 x0_norm_min=-0.841 x0_norm_max=0.672
        [Pruned] Trial 10 at gen 15 (loss=0.8009)
    --> Trial 11 | pop=47 seed=5926 x0_norm_min=-0.781 x0_norm_max=0.859
        [Trial 11] gen   20  evals=  940  best=0.7528
        [Trial 11] gen   40  evals= 1880  best=0.7459
        [Pruned] Trial 11 at gen 45 (loss=0.7459)
    --> Trial 12 | pop=48 seed=84174 x0_norm_min=-0.402 x0_norm_max=0.428
        [Pruned] Trial 12 at gen 15 (loss=0.8009)
    --> Trial 13 | pop=46 seed=20846 x0_norm_min=-0.863 x0_norm_max=0.955
        [Pruned] Trial 13 at gen 15 (loss=0.7718)
    --> Trial 14 | pop=52 seed=94229 x0_norm_min=-0.897 x0_norm_max=-0.091
        [Trial 14] gen   20  evals= 1040  best=0.7698
        [Trial 14] gen   40  evals= 2080  best=0.7463
        [Pruned] Trial 14 at gen 45 (loss=0.7463)
    --> Trial 15 | pop=60 seed=18260 x0_norm_min=-0.690 x0_norm_max=0.990
        [Pruned] Trial 15 at gen 15 (loss=0.7720)
    --> Trial 16 | pop=43 seed=37898 x0_norm_min=-0.776 x0_norm_max=0.982
        [Pruned] Trial 16 at gen 15 (loss=0.8072)
    --> Trial 17 | pop=55 seed=75380 x0_norm_min=-0.863 x0_norm_max=0.835
        [Trial 17] gen   20  evals= 1100  best=0.7568
        [Trial 17] gen   40  evals= 2200  best=0.7568
        [Pruned] Trial 17 at gen 45 (loss=0.7568)
    --> Trial 18 | pop=49 seed=48979 x0_norm_min=-0.933 x0_norm_max=0.907
        [Pruned] Trial 18 at gen 15 (loss=0.7758)
    --> Trial 19 | pop=43 seed=29010 x0_norm_min=-0.948 x0_norm_max=0.822
        [Pruned] Trial 19 at gen 15 (loss=0.8224)

  Winner: Trial 0, loss=0.707944 (616s)
    Restarts run: 20
    mu: 51.471203
    D_mu: 9.291775
    T0_mu: 4.700704
    Ly: 2.680535
    op_x: 0.979320
    op_y: 0.621020
    NMSE: 0.155477
  [Saved] random_IR_0050
