f0,sigma,gain
6.354055277783181,1.151664404949345,2.7802782758911016e-11
11.592018739109454,1.1525301850491776,-3.174365033509535e-12
19.784571871295185,1.1548977434354233,-4.8691327666239065e-11
20.321235890653455,1.1550959807595433,1.8513724088732447e-11
25.02199886334163,1.157059144537811,5.5593011957899676e-12
32.54184386412365,1.1610460353964092,-1.0534933357815549e-11
33.75097917314293,1.161784308585768,-3.242329169419904e-11
42.1674258835936,1.167669377239666,-1.0676332912927962e-12
45.97149315384203,1.170757478895262,1.8449945142679304e-11
47.40478232191481,1.171990146679645,1.2189634226057982e-13
48.25393219951653,1.1727382896021288,4.363042043745008e-12
56.13370008832087,1.1803142579569212,-7.109311404143653e-13
61.683541909231636,1.186336596108646,-7.641043045393258e-12
67.4575396103156,1.193204381345443,-1.685032186077971e-11
68.35417248476764,1.1943259543874618,4.04543720174101e-13
73.503178170474,1.2010534108532411,5.569757241513296e-11
78.74051940516146,1.2083972959658482,-6.359233961840362e-12
80.88713114214526,1.2115532981946615,2.9510148998377956e-11
84.0661963622179,1.2163831766136204,-1.675417190465456e-13
87.4694193283346,1.221759933364171,3.708870054899888e-11
90.15268328137034,1.226149645921479,-8.175519142584643e-12
99.68987591556846,1.2428255663641772,-2.1104714146903513e-11
103.26977108546576,1.249517562604138,6.470556670681156e-13
103.58226574408644,1.2501129204484351,1.4317872341861853e-11
113.7919300128691,1.270553590563784,-3.782500614965115e-11
115.40188766167668,1.2739521356082197,8.740512297311027e-12
116.33937147963434,1.275953115951751,-1.6880959164502363e-11
119.02926665372478,1.2817843386840555,4.318644998034237e-12
125.96489714141286,1.2974344476541413,3.139414332984068e-13
127.75816043065258,1.3016250810951528,-2.518745316526137e-11
129.7689490794437,1.3063944954914817,2.956379632969556e-11
134.60545373544323,1.31817127906504,-3.375634812437092e-11
139.9786106522456,1.331760061113043,1.4332502405111481e-11
146.01760850782108,1.34766752138416,-1.4024729394719961e-11
152.15157531920966,1.3645128643851447,6.482316715482948e-13
155.69061668275558,1.3745472193800794,-5.935800860759402e-12
157.30057382752665,1.3791883320297647,-1.6378054786303974e-11
159.4471833355826,1.3854507532717015,2.4561647850499187e-11
163.03370916153676,1.3961033044553965,-4.662857594843557e-13
168.27104406705058,1.4120846629183692,5.3237861692848786e-14
174.89417804956736,1.433018193865003,2.2924388031620368e-11
176.9999353536915,1.4398430892339686,-3.1049690536469447e-13
179.18739676269874,1.4470192894929939,-8.51681960718334e-12
181.82980637009405,1.4558055427450496,5.385517288367698e-13
183.48724793623006,1.4613823271239086,-3.381767764872344e-11
189.22038275231444,1.4810628267181616,1.7668306895265593e-13
192.61696992643803,1.493008121063383,1.4915587972313287e-11
197.58929446185306,1.510878319862941,1.1122552070596252e-11
204.93238598373577,1.5381018160133015,-7.31732075949062e-14
213.16547620400897,1.5698059942953722,-2.8095760339279832e-11
214.99959090848034,1.5770389100081437,3.270469981052131e-13
215.84873765768563,1.580408544878927,-1.2105564070417671e-11
221.22852556078493,1.602065582408649,-1.6019029609436595e-11
223.77596577794841,1.612506629995408,2.2966018840617998e-11
224.13594480496116,1.6139916950881297,2.8259882384918256e-13
226.46585970067048,1.6236612985493595,1.8289616546982292e-12
229.2783097777657,1.6354667234672,2.1200586256548514e-11
235.1947498421037,1.6607769876611884,-1.066697262551642e-11
246.3352588206591,1.7101857608184439,-1.706174095655959e-11
246.8310590320398,1.7124377992377728,1.3711243509551637e-13
247.41519586790446,1.7150968930601027,6.0698604961719746e-12
251.66092940739262,1.7346130907751007,4.648550046843964e-13
253.45419195808526,1.7429558542103045,1.9080181842456637e-11
256.0016320671342,1.7549091094690212,5.787162382350568e-12
263.12719764699835,1.788978955388456,-2.513828830103175e-12
269.4312035076738,1.8199003824102151,-1.0135108692084546e-11
273.0177285428247,1.8378191610837455,2.8311174015028036e-13
282.3307550536336,1.8854548126149893,9.70853625905811e-12
282.99659597507633,1.8889217512937968,-2.4251046217690805e-11
286.6239730226886,1.9079524197819184,1.1586834965508795e-11
288.3763834638543,1.9172330961005781,3.958158481826587e-11
291.8138222222252,1.9356019069729835,-2.2222754469518567e-13
293.6137172253985,1.945306917254063,-4.5191994768454166e-12
299.6460805542191,1.9782685025167241,-5.672431535566678e-12
302.34260678575873,1.9932194480538488,2.6357121912745308e-11
302.6959532678929,1.9951885105739486,2.3520925519724696e-13
305.0258679804047,2.0082298000348295,4.7104241100254605e-12
313.0756515378167,2.0540566171458754,9.934177112684856e-12
314.5630520889949,2.0626549318159033,-1.4998069637175132e-11
323.1494878353095,2.1130877876484946,1.1593394866274774e-11
323.2853090225413,2.1138964513109237,1.6469169097031773e-11
330.27505306930317,2.15597130918258,6.211438180260428e-12
331.2125363442564,2.1616829502694914,9.726145676140797e-12
335.4582696180291,2.1877528778552393,2.1782172787413563e-13
335.8657331772085,2.19027227498267,1.4283558644665123e-13
346.78208349438654,2.2589079406018704,2.0111682385581706e-11
349.478609659315,2.276200218122619,-2.398888086214191e-11
360.21165416201836,2.3463566442540156,-3.522174939828869e-11
360.8907600868622,2.350866993266875,8.08047673625198e-12
363.4382000200524,2.367861770724384,-7.87320471577536e-12
364.47728493151465,2.3748281590046876,3.0490370475385347e-12
366.79393454298094,2.3904313891359834,-1.1363541196301912e-11
369.7146184892795,2.4102438325059836,-3.4812159238685184e-13
372.1737217967479,2.427046993931148,-1.1639007965961549e-11
372.5270682672486,2.429470578910584,2.03021934757543e-13
378.4435077310302,2.4703927838854547,2.0303331933213297e-12
382.59427179273024,2.499487220001702,-7.722893244884969e-13
390.6639526279634,2.5569592564590673,-1.1553259453726577e-12
394.06053917157664,2.5815083563012693,4.907029282561903e-12
397.4096411454521,2.605922337630683,-2.2726635363479412e-13
398.3603894286382,2.612890669229681,-2.4032359128088047e-11
406.3759531449825,2.672301190869177,4.784770491934719e-13
407.0826460786686,2.677595897275745,7.717102837834398e-12
410.8392115891996,2.7058953776408585,3.9801326053150356e-13
412.67995855064635,2.719857244284753,-9.705601567428942e-14
413.92993621415866,2.729373772336099,4.028953505013093e-11
425.5795092444799,2.8194502250845233,-1.84790085462234e-12
428.0386125131908,2.8387839739661196,-1.9966054763107962e-11
430.7218735789352,2.8600071639733464,6.974688282025987e-12
433.22182889499106,2.8798998473185966,8.727029516460882e-15
448.274620889707,3.0021116944002326,-8.965702641452168e-13
449.53123105911413,3.012502726390949,-6.015669438160695e-11
451.52875368906314,3.0290803048357704,2.812777626826878e-11
454.2186472575386,3.051520047544842,-2.736103414132211e-11
454.7685644994491,3.0561239995750924,6.868345650687735e-12
456.3244040487341,3.069179790358624,9.513160252541531e-14
461.2083910197729,3.1104533354147517,-1.2124770286280948e-11
463.49745355526926,3.1299489504259763,-4.0057916941157255e-11
464.5574929426367,3.139009851155064,-4.552797992154563e-13
464.9583239707256,3.142441428539013,-4.9260369457616574e-11
470.87476330204765,3.193437238210172,-3.334293879701087e-12
474.4612880473043,3.2246646314378205,-1.851247176636164e-12
475.71789821078573,3.235661822259567,2.2794254075684583e-11
487.34094103738204,3.3387593710385284,-1.0801059245051826e-12
491.4298984462611,3.3756205557182177,-9.44021155615584e-12
497.8697249277348,3.4342988781762505,-1.7233727661113995e-11
503.4604047865952,3.485859433712031,-3.372893371737901e-13
504.1395106888491,3.4921617661451876,-1.5380124540344454e-12
504.84620360928085,3.498729135437898,3.091848913482381e-13
509.13942125611163,3.5388241507761276,-2.110063075156412e-13
510.63345423983185,3.5528567887706726,3.6458515889725534e-11
514.5192083425846,3.5895460982651914,3.2681784982068427e-12
518.6766048037418,3.6291082368254863,5.6347931352167234e-11
522.5689914181729,3.666437105507473,3.6953668885360753e-13
533.3285655692517,3.7710758567120544,1.768904147859566e-11
537.3092887914991,3.8103295257966208,-9.339866218760361e-13
538.0226142246734,3.817394424177678,8.23868331132194e-12
543.5382224720005,3.8723383953257997,4.563314351450487e-11
544.9516083059358,3.8865080997204955,8.102630093202595e-15
548.7755558408849,3.9250290155278287,-5.210129006422177e-12
554.0879607900063,3.978991088251199,3.811429711821654e-15
557.5044447825268,4.013969544741853,3.038677056611983e-11
558.965315179449,4.028991772187521,-3.8266387385856455e-11
559.5152324133472,4.03465679216388,3.652447436480037e-11
561.655208707614,4.056754960718239,-1.1587321848234343e-11
569.7248892878058,4.140844226283837,-1.7291049793463264e-11
570.2416439428042,4.146269881337133,2.6429284417954605e-11
573.9706223379399,4.185568034992796,-1.3275346206621341e-12
576.2872718578818,4.210111237906361,-4.2270493071523417e-13
581.6670589045771,4.267487492672483,-8.075309394650193e-12
583.6712140151012,4.28899841443162,-4.6285758089443863e-11
585.4368893451004,4.308011000796142,7.161062030320305e-12
589.1934547530643,4.348652325074049,3.034442830158723e-11
604.640444941211,4.518501506247503,-2.765631844097467e-11
606.053830767038,4.534262039249875,-1.0148820765318539e-12
608.2070720836884,4.558343365208734,-4.717225439412719e-13
612.2827644072747,4.604158739475538,1.3093864393011726e-13
614.1235113158758,4.624951115660776,6.346348033222902e-13
616.5759820068539,4.652750266352706,2.87062445031637e-13
622.3632325720927,4.718788882716851,1.8427195832898645e-11
627.3355560622927,4.77602107793305,-1.3418355523739683e-11
628.8030589661194,4.792999300240499,2.8630959209951645e-11
634.8354218211103,4.863207199730563,-6.350333658510909e-12
637.3894941535699,4.893134860283069,5.2945193080996523e-11
646.4982595480884,5.000846404672149,1.8196129270831637e-12
648.2649918250025,5.021915058523225,1.1121371897679973e-11
651.7355928715127,5.063470119227098,-2.0775285738252878e-13
653.5222226946901,5.084948748474295,-2.7706299348335288e-11
657.7679557172844,5.136226287054005,-6.220490684979503e-13
659.0245658571109,5.151466589692959,2.6191711952621322e-11
660.4644817400032,5.16896580569599,1.2116659748881605e-12
665.8177386904126,5.234358573143634,3.5387104880083414e-15
666.4018754531588,5.241526045769696,-1.620563243426268e-11
670.6476084724119,5.293810892838442,2.438519893611298e-13
672.6849261480523,5.31901770739479,-6.894765486264628e-13
677.6782041242552,5.381120623818832,-3.595548536551111e-11
679.4306144112223,5.403024760787952,-3.2353409174831104e-13
683.2004448256033,5.4503372478191405,-2.3018287023514194e-11
688.3969260885385,5.515983764965858,2.8554547328526574e-13
699.177454597744,5.653759267929434,-1.252106573579733e-11
701.9832717298933,5.68996880716738,-1.2721458032235216e-11
702.9207549457204,5.702099506494569,1.6305387512479218e-11
704.9039555375964,5.727814765752319,2.2054677971092698e-12
707.600481553216,5.762895616377929,-1.1027875450635741e-12
716.3503248967642,5.877650438320446,-2.8555697850723524e-11
716.3702224435556,5.877913003241877,-1.3978247539988269e-11
724.0125418572449,5.979299188159711,1.2156926118406905e-13
726.9199606306307,6.0181527179412715,-4.432342002915895e-13
730.2955925332309,6.0634585969261305,-5.350524486960844e-13
733.5497252439208,6.107332485547447,4.004216367969473e-11
738.7329414627353,6.177618061024349,-6.261241292928657e-13
742.27198155917,6.225892547797676,8.63923000890253e-12
742.8218987863228,6.233414436679729,1.2272735689665014e-11
753.0315555386644,6.374076139343174,-1.9868118266059427e-11
755.5315107749102,6.408811465661945,-2.492207358691853e-14
756.4822590196069,6.422051739231982,-1.1047781964969945e-12
758.4113425265961,6.448967635089367,3.0349338027821e-12
763.6486758199966,6.522388191332274,-3.465110660312646e-13
770.0686046184795,6.6130764790974546,3.2664095775061344e-11
772.3775646399149,6.645878613947762,2.020937293486801e-12
774.4976433587861,6.676083899493694,-1.51637726525138e-11
784.5980089828965,6.821123146251795,-1.1499770588534171e-12
785.1147636312313,6.828594172530959,-1.5226895336962908e-11
786.1604810036603,6.843727773243376,-9.178443084943604e-13
787.9272132684891,6.869341651687819,2.6556371993608617e-11
789.9578984175358,6.89885331252367,-4.351276995631822e-11
791.1603914695088,6.916364783077977,-3.003825002631526e-13
791.5137379224196,6.921515502813429,1.0649827356701486e-13
793.1844441027436,6.945900478050092,9.498028348628877e-12
800.3100088444232,7.050479728886735,4.762605820463697e-13
809.6506214292963,7.188984998015481,3.084472574915206e-12
810.3098297702917,7.198820641672141,5.82285687835536e-13
810.3573143346626,7.199529438827389,-2.2182387615159668e-11
819.330258477326,7.334213126234609,-5.573758217606109e-13
819.5135642191831,7.336979999821313,-1.839334942207079e-12
836.8288881292735,7.601133538616089,-9.309638187764678e-12
840.5854534880378,7.659170809367485,4.916990879348777e-13
841.6454928450474,7.675594973937827,-3.037707184085997e-11
842.2086751013672,7.684329294350665,-8.924108955684948e-13
849.5660870932123,7.798971173918861,2.978395261822144e-12
849.7085407861518,7.801200702095217,3.658642581929777e-12
852.2626130939228,7.841237659264925,3.7623697054285405e-11
855.9915914333761,7.899907922806348,-7.922303030855201e-13
859.5990705815888,7.95691032829826,-2.7344829040037875e-13
862.995656970209,8.010799493816275,-5.216072610840693e-12
867.2612875022201,8.078777671371936,-2.3138606962380585e-14
868.3953414849561,8.096906645096302,-1.8426509312361196e-12
879.2774715648915,8.272072609033295,-2.8906143570532822e-11
881.9342024700624,8.31516839477251,2.062923079708491e-11
883.9648876132786,8.348196537620986,3.300709844261869e-11
884.514804837825,8.357153754299192,3.30033424974955e-12
885.3782734209238,8.371229429972741,-1.1436962462678244e-13
893.2436936244922,8.500078491953003,-1.9248348121749242e-11
894.7045639960627,8.524135538443783,-6.085486548805646e-11
896.1444798655496,8.547885984885662,3.7872800950536365e-13
898.0735633639811,8.579764782006123,-1.530863234596386e-12
905.4641379226539,8.70253106531069,1.0952910402325846e-11
916.7139364306219,8.89133508687943,5.966505724978658e-12
916.8563901233143,8.893740817320067,-9.040018184990537e-12
917.7938733321756,8.909582177390634,-9.394029310873766e-12
921.1761377293547,8.96686941501461,-4.536121225445577e-12
928.1260861749861,9.085245822287405,-2.0914042764569537e-11
928.3635089960782,9.089305491616678,2.8981656620169026e-12
931.1759586218744,9.137474292260297,2.543017319308337e-13
931.2433407327413,9.138630132354418,-9.296400516344635e-13
934.5924425511554,9.196184388971018,-3.729831024716478e-13
939.7889237685932,9.285894831725994,-3.712153715155002e-13
940.3796930410779,9.2961251790335,1.751864104967419e-11
941.555656025838,9.316508457223135,3.662681007129688e-11
952.3152299410674,9.504189808311557,4.565104399732547e-13
957.0026459815875,9.586620210823975,-4.0518806027319625e-12
963.0748038539199,9.69400369266249,8.499707082438352e-12
963.9382724354901,9.709328918443479,8.030930078881778e-13
967.9046735859677,9.779902820741858,-1.3213485926930256e-12
984.9417225637636,10.086337657781552,2.321135003701528e-11
986.9249231382454,10.12235567990718,1.3161325097315677e-12
988.7115529404696,10.15486570389878,4.6161949151880396e-11
989.2614701637652,10.164883988523096,1.7550180687334486e-11
989.3707612785316,10.166875696281753,8.73625416927502e-12
992.9572859138469,10.232358161961486,-6.963541210539086e-13
995.2739353924843,10.274781310439584,-4.189621254569817e-11
1006.2444020551652,10.477018189890474,-4.99484771880703e-14
1008.0575619189352,10.51065666909551,6.316733670927025e-13
1009.096646769918,10.529961490756234,-4.580934004260912e-12
1010.1776406248458,10.550066034443013,-7.2621047832399026e-12
1013.4174513234256,10.610449624856189,-5.717889636069681e-11
1014.3339800285152,10.627566972380166,5.230240782396484e-13
1018.9396919664507,10.713818796563217,1.4580561984713577e-11
1023.0628687918115,10.791365603964023,-3.0504015675354597e-12
1023.6072104546004,10.801626731752105,1.271813456540843e-11
1035.2833130583144,11.02304162882378,1.7357724781843154e-12
1035.5626448828732,11.0283693794991,2.8451866860710392e-11
1037.5524779711686,11.066363443335442,-1.4872380217274007e-14
1045.9898268309553,11.228277296928043,2.7886231663939026e-13
1046.3222187797571,11.23468279096328,-3.4628889368529927e-13
1050.9953128260377,11.32495298760179,-7.188653411088387e-13
1051.7020057275238,11.338639196668817,-6.191419154443494e-13
1052.10946925791,11.346534544057139,8.8542538557329e-12
1056.518610421102,11.432165278513923,-2.158603510043261e-11
1061.0426182588149,11.520399082944516,1.7879703271693378e-12
1064.4392046335063,11.586892053959504,-1.7159214469693072e-12
1070.1988680925951,11.700131318266797,2.7762773819380772e-12
1077.3254897449162,11.84109183446199,-1.4547832226972019e-11
1078.0112281441689,11.854704691289447,1.3738575840219739e-11
1084.8044008917288,11.990026513706121,3.507322317344804e-13
1088.7708020342902,12.069431355605534,1.2585015239513588e-11
1091.6715882648587,12.127686733243388,1.8406637107803384e-12
1092.893978855306,12.152281956113917,1.346994633808387e-12
1095.7207504595049,12.209263697555771,-1.891455039037726e-11
1098.8380050082399,12.27227162004162,2.1951434936761116e-12
1107.4244400683313,12.446751656049893,4.3373310930207295e-11
1109.1503202720853,12.481986204573257,3.3125063443073395e-11
1117.6141991854122,12.655574090641583,9.879470934111672e-12
1119.0806451113033,12.685783933764675,2.781268273167474e-12
1128.9236902920413,12.889583053135475,-6.016279791772821e-12
1131.5329366212197,12.94390645259653,7.263112758678421e-13
1131.5870537008066,12.945034474708105,4.239787657091853e-12
1132.6195060343932,12.966565352430303,-1.6627685320132805e-12
1142.9992034044863,13.18411574294122,1.2048972124449435e-11
1146.0965604047822,13.249418408149493,-3.527530861007757e-11
1147.8688682164013,13.286864086306974,6.174331206363671e-11
1148.7588668576398,13.305689981166964,2.3106536572736666e-12
1149.2822540175353,13.316767858190014,-1.3807905266407982e-14
1149.4655597582027,13.320648853120135,-2.480520096869405e-14
1153.1062014647164,13.39785765162397,-7.049485769884199e-12
1161.8350902112052,13.583969756029607,4.1114266927820674e-11
1162.8685994997834,13.60609854611673,-3.789053638541378e-11
1166.8559551404246,13.691657453550919,1.2178614001632214e-13
1172.0182168061133,13.802862002370388,-1.0421432524499514e-11
1172.5681340279723,13.814737155900396,5.896912835868653e-12
1174.055534454847,13.846884642839855,-2.3395268085732634e-11
1181.9286440913834,14.01772652559508,1.4031748074403316e-12
1184.755415692552,14.07934439612217,-1.0433202747355767e-11
1189.7675341942752,14.188960252697067,9.68907634327651e-12
1198.1849854910397,14.37409246018309,1.8271665103272866e-11
1203.1573088989226,14.484066231421517,2.573152536872248e-11
1203.5846699751082,14.493539507136973,3.069980533433009e-12
1207.6879492439834,14.584667765609776,3.2658932700540295e-13
1208.9710894278346,14.613228223569982,-3.7419433129371514e-11
1210.1470524079466,14.639429738881432,-2.977115929255914e-11
1210.3844752280334,14.644722824060702,1.7294605907410448e-12
1217.6734481070384,14.807727873300866,3.280508801968714e-11
1218.5899768096995,14.828293691649685,1.9944019583392383e-12
1219.704133239285,14.853314880480143,-2.0907224526754865e-11
1220.5676018177517,14.87272196994541,4.0063033748935896e-13
1225.050757598021,14.973704953070577,4.183803901326479e-12
1231.6662001536467,15.123393890753727,-1.8155141718013462e-11
1240.1035489934848,15.315477230462928,2.675810578229842e-11
1251.9032646669987,15.586307029900292,-2.0900240976061768e-11
1252.3990648089007,15.597742896594971,3.1719690846991293e-13
1257.8528663696798,15.723836286869819,-3.7486595522626104e-11
1258.742865009918,15.744465301257861,-9.534238810895262e-13
1261.1953356571778,15.801385890651133,-2.3029674550092765e-14
1270.3316879235829,16.014411140780933,2.3625179038382485e-13
1274.9782518956947,16.12334133406722,-4.155414100335987e-13
1277.2816363351253,16.177487411965057,-8.32940246306936e-12
1286.247947890887,16.389190815000266,-2.2932560268395794e-12
1287.531088073816,16.41960814186616,-3.1143486181420914e-11
1290.7112061219618,16.49512478040445,1.4587272672492668e-11
1292.191974031647,16.530351386335376,1.4193366639623362e-11
1292.1986065471647,16.530509260877587,-1.0337512981050574e-11
1292.7418912528765,16.543443881934486,-6.443328003299775e-12
1295.5941359578253,16.611439843530743,-5.0899973900035925e-11
1300.831469198612,16.73668523987584,5.811455747082046e-12
1302.387308689579,16.773988873673037,9.34505111311938e-13
1309.5603579327671,16.946550395994986,-3.3893765010707305e-11
1310.5938672199022,16.97149157151768,1.089686316875512e-11
1311.6804366311628,16.99773443819204,-2.4884248582452484e-11
1313.0938224300744,17.031903130797552,3.1984490112646064e-13
1320.7008652639167,17.21643588301703,-1.8912255009101134e-11
1321.780802159576,17.242719555204143,1.92865683903324e-11
1322.2975568030954,17.255304009547977,2.88449261637212e-12
1324.4507980788628,17.30779454803537,-2.923928803105435e-11
1337.4928018780788,17.627550658145665,-7.987463604914743e-12
1341.4337299037638,17.724788427334747,1.7496373455040932e-13
1343.0635840202701,17.76508678874772,1.0669424210555122e-12
1344.429485254883,17.798896567635534,-1.668577435890664e-11
1349.5233078464682,17.925285625475055,-3.313235041593582e-12
1356.696357087104,18.10407534278829,3.084772949247937e-11
1357.3621979378802,18.120719634923105,-2.6880869062959e-11
1368.299501978248,18.39529269044546,-7.962908626295244e-13
1371.3018898443088,18.47105092656769,4.524385310242614e-11
1373.2994123964245,18.52154572423369,-6.871881519861279e-12
1377.7417161226817,18.634104927866677,-2.6924348474337796e-11
1379.3914677853118,18.675998944427153,1.496666489811797e-11
1382.061463703494,18.743907410802464,2.1933993443150263e-13
1384.7181945906013,18.811608837206013,1.1331302096027249e-11
1386.7289821735621,18.86293614438659,1.2034711488080693e-11
1386.7488797201015,18.863444420748667,4.887562045525142e-12
1386.8913334119484,18.867083567039305,-6.93061476034689e-13
1397.515086093689,19.139533219511456,1.2850369882182365e-11
1399.6285322752399,19.193981182779,6.0106252541979564e-12
1400.1508624786318,19.207450470570137,3.74394774696305e-14
1405.5781339712375,19.34770049568376,3.09030034300861e-11
1409.111598466144,19.4393029143022,2.6387644469004346e-13
1414.640471601833,19.58309628596676,-9.922219052513627e-13
1433.9599504307294,20.089973327593118,1.3968237482517684e-13
1435.256355643339,20.124232726506023,2.5673857131570192e-11
1440.4472612704574,20.261720138471695,-1.3765976151770784e-11
1441.1595297294484,20.280624156035522,-1.259534840148501e-11
1443.1636847961863,20.333865734967574,-2.7472488517265542e-11
1452.272450033285,20.576777852069256,-3.925974995408858e-12
1453.3534438833522,20.60570719704416,1.571004779765911e-11
1453.8426115090206,20.618805279115453,-2.0739567063233764e-12
1454.2699725843818,20.630252020190888,-4.633617595527552e-12
1454.9766654831612,20.64918796366326,1.7794961412498489e-12
1457.509783268458,20.71713882677749,4.482442795464841e-13
1465.3088782614107,20.927091670650135,-3.431944748947776e-11
1466.2386719933986,20.95219661350187,-2.614263664827333e-12
1466.776381138313,20.966722324345152,-1.4851224820852592e-11
1468.4261328000377,21.011322064168215,1.55907253450153e-11
1472.8087438841021,21.130046009403735,7.120503785895685e-12
1478.4591162075967,21.283635455558347,1.487593208420404e-12
1480.735970581778,21.345691563182697,9.348453300165831e-12
1486.2383136531137,21.49605322860517,-1.2470116172853785e-11
1488.2955288434146,21.55241366107515,4.4655973690148896e-11
1489.7089146407025,21.591180620915253,1.9488354057856462e-13
1492.1547527685386,21.6583530686774,4.798574536159556e-12
1494.171115910365,21.71381329358929,-6.160807953335845e-13
1505.087465439761,22.015368633271017,2.2159774089697546e-11
1507.757461355958,22.089459223742494,6.6008355308857336e-12
1508.6209299326483,22.11344799693502,-2.734229950153567e-13
1511.8806381622908,22.20413258289631,3.475919808606027e-14
1513.3746711008594,22.24576176556343,2.37931222918563e-12
1526.5535530164386,22.614754297284374,-1.6548682562554132e-12
1529.97772639475,22.71115057651932,1.15239322714287e-13
1536.0697817781079,22.8831862067759,1.1543901777138772e-12
1538.8965533719822,22.963244580533996,4.0917033581151836e-11
1538.923083434012,22.963996648536543,-5.046099638093688e-13
1539.9565927196752,22.993304418884442,1.4263984535325855e-11
1542.8772764859539,23.076234165506722,-1.1439723479889444e-12
1545.2403535609762,23.143446255741495,-1.0593429377429352e-11
1547.3604322562915,23.203834377740126,-1.1916722081630308e-11
1559.3026015974954,23.545540732135898,-1.1856424464879666e-11
1562.2564479410396,23.63046564984821,2.383567930911022e-12
1568.268913137381,23.803824286110522,-1.3684271991007721e-12
1572.9828592111787,23.940208164571786,-4.353600765000581e-12
1575.8096308045622,24.02218864127716,-7.880738198056118e-13
1575.8427933820933,24.02315127766536,-1.6948166052603806e-11
1580.245302010314,24.151126240741075,-9.686633808577095e-12
1588.1725287037677,24.382460208362126,3.958861592686472e-12
1588.8847971622197,24.403302450833092,1.0383169952744624e-11
1589.2392005667243,24.413676406862166,1.3801504364156611e-12
1591.934669588515,24.492652824728264,1.980236768929153e-12
1593.042193499844,24.52514172965233,6.245178699832506e-11
1601.6219960117128,24.777593363093576,3.2503359534028864e-13
1611.621816835235,25.073538752497985,3.0261506570564295e-14
1617.903810471891,25.26039684336067,1.0500335579901232e-11
1623.1411437028098,25.416737143767087,-1.1988649079702013e-12
1625.1044467193565,25.475474158690353,1.2025174248151083e-12
1627.9312183121021,25.56016866153368,2.256932691758367e-11
1629.487057800128,25.60684685058902,-1.1940786340750942e-13
1631.8700324207557,25.67842713998843,6.992051473331637e-12
1632.903541705991,25.709504429188737,-3.103716080483148e-11
1635.4034969115844,25.784758631442124,-9.132837193593187e-13
1636.0207962421193,25.803358435125645,-3.681273441983044e-11
1637.5766357300936,25.85026846842907,1.0460392745998328e-12
1642.957479607604,26.012849782675758,-1.57868609322405e-12
1644.0904766253586,26.04715107534065,-3.978680356774662e-12
1647.41968087411,26.148078994600723,1.5761135975870766e-11
1650.3204670925027,26.236185471396272,-4.751565153137057e-13
1650.652859039694,26.24629121298149,-4.68482075011934e-13
1655.3203775033164,26.388413130388155,-9.78161674450958e-12
1659.8024763161175,26.52526689046612,1.6477528131975872e-12
1661.7657793323763,26.585329776335133,1.7091860672211683e-12
1679.0060314924144,27.115806223333582,-6.363634834991738e-12
1680.181994469097,27.152189653608215,-2.2823024342749765e-12
1682.3020731632014,27.217847690982413,2.096929034059823e-11
1683.2461888806251,27.24711324368314,1.0720796520030298e-12
1686.6483507994121,27.35270912252538,4.159805064590316e-13
1687.681860084428,27.384829278308853,-4.102055181538094e-12
1695.7316429195587,27.63567975028604,-3.6723409912937626e-11
1701.7011421535337,27.822474409238154,-3.0874913865624415e-12
1701.9186674264015,27.829293499589685,-8.170703475314197e-13
1705.6619677182919,27.94677689500633,-2.685778457520547e-12
1711.7550800525225,28.1385611044094,5.86773230867609e-11
1718.1142591787045,28.339449252119554,-8.0520541428401e-13
1720.4574387055195,28.41365872186605,1.8018032612955262e-11
1721.938206611765,28.46060740949244,-1.7119652098513493e-11
1722.48812383172,28.47805316973951,-3.0956417577185573e-12
1727.8878082986803,28.64965048080135,-6.374995443659667e-12
1731.421272788242,28.762231656070917,-7.534618958744147e-13
1732.487944650605,28.796262523604202,1.3215578494137953e-14
1735.8635765067888,28.904096063942585,-1.2375429096500403e-12
1740.7674608329532,29.061123124264892,-5.1482612500737314e-11
1745.563111000297,29.215112847707452,8.008507677026109e-13
1749.4499219385812,29.3402303009741,4.200599910334525e-11
1754.8297088585452,29.513866195577595,1.0135393400965693e-11
1757.5660299270023,29.60238716797106,-5.2962511766650795e-12
1762.233548388842,29.753701358671965,-7.924767300366081e-13
1776.3488565374594,30.213741107147857,-1.4098342492928631e-11
1777.2388551752135,30.242870542168113,2.4976599261185146e-12
1789.7386311965251,30.65352664313732,-2.8526061252954457e-11
1790.6827469136042,30.68466065231953,4.539977097051879e-13
1790.735807037612,30.686410898021606,-3.2161910184857592e-12
1792.2860709645897,30.73757092697428,2.3608354572121915e-12
1792.488217295681,30.744245190639667,1.7271400123624203e-11
1792.699110052982,30.751209037268268,-2.839346347094906e-12
1797.7255505233284,30.917428564079298,-1.971943415894988e-12
1798.3781263417236,30.939042748903205,3.8619544054358754e-13
1801.0481222547976,31.02755829559905,2.1736715215783706e-11
1805.7156407160005,31.18261102733156,-4.134516396818778e-12
1806.454439235888,31.207190348689323,1.1500812975747509e-11
1814.4644269748517,31.474322600474107,-1.3667280829821165e-11
1816.4752145539385,31.541567740680392,1.4864881979211108e-11
1818.6748834330874,31.61521478778571,-6.544290766447739e-12
1824.8982413810172,31.824061648245948,-6.826082797789407e-13
1827.3971396296024,31.908121795553615,-4.571289215547227e-12
1828.098256967151,31.931727264254494,-9.065420593586142e-14
1830.9306041180569,32.02717991586876,7.807102620112411e-13
1834.386883114556,32.14385982201083,2.7102858733023954e-12
1838.9803869494467,32.29927166669331,-3.51641387060962e-13
1843.3266645834449,32.44667698217836,3.2084245756193557e-14
1844.4341884937903,32.484294621734996,3.619833024998468e-11
1847.7766577713048,32.59796036545492,-2.0639936630799898e-12
1852.30729810046,32.75236020510535,-4.905629202176395e-13
1853.590438279834,32.796157089333406,-1.0467131541101103e-11
1857.830595665659,32.941100301506175,-1.1217382248728915e-12
1859.4339197163304,32.99599374223422,4.729246654035961e-12
1859.480347324828,32.99758400232567,-4.837074972391573e-11
1867.5500277020715,33.274593682494206,2.1852825527820572e-12
1876.2855489283863,33.575811925048555,-5.078406575395359e-12
1883.0996761433487,33.81175256202304,7.547540317186082e-12
1897.1751891940237,34.30182840152264,-1.2079983571983188e-11
1897.445774590753,34.311285293670316,-3.9707989093127e-12
1899.722628961314,34.39091420755839,-3.2116015073100033e-12
1902.4722150596167,34.48720336177782,-1.0485780493423576e-11
1905.7616242126192,34.60257981503395,2.7355579156446818e-11
1910.4822027964528,34.768502981282964,-1.1275468020772841e-11
1911.1944712541317,34.79357407809676,-2.1418962650060772e-12
1915.9845458589505,34.962422394452325,-1.5402404475552036e-11
1916.0110759209451,34.96335874603537,-3.3662770468108e-11
1917.4244617159923,35.01326150612921,-5.449504393507659e-13
1919.1911939597942,35.07569170377992,-4.7907624492144254e-11
1924.0741237814948,35.24853658774404,1.1621945962960274e-11
1930.867296493771,35.48973037633535,3.4445785080232882e-12
1932.1504366728802,35.53538412946909,-8.711411258929148e-12
1933.9314909029686,35.59880378463763,-8.640509958198664e-14
1936.8113226169187,35.70147225845354,-1.1384601608154308e-12
1941.5738102040855,35.871594254683984,-1.0504307232578322e-12
1948.9643846995075,36.13642204831113,-3.9589393149529664e-14
1955.0564400740593,36.355476280303165,2.978672949570733e-14
1958.330470284931,36.47348419894118,7.593881093229809e-12
1964.3230379268805,36.689989519302365,2.984715245241403e-11
1965.3202137674994,36.726080655396636,-5.29006158197094e-12
1968.6427854974847,36.84646785618155,1.9657369760665368e-11
1972.909472944064,37.00136157223733,5.479876585418517e-11
1976.025670521583,37.11470090893734,5.4036800340398864e-12
1981.263003746681,37.305591102745204,-6.169590716451375e-13
1989.9918924550402,37.62486425463567,3.598240239155248e-12
1991.079518818483,37.664744275239876,6.611642743475136e-12
1992.159455711072,37.70436390569654,-2.9839909967927995e-11
2001.981546342777,38.06569306416114,-7.518936738707033e-12
2002.212336646455,38.07420460792464,-2.0474994559871866e-12
2007.1591869280958,38.25688029437295,-1.3600160785840658e-12
2008.9580247936578,38.32341895893365,-8.580957166077343e-14
2009.9915340777245,38.36167522839474,1.1683149637573157e-11
2012.918850355002,38.470139245701795,1.1960399367423379e-12
2013.1981821778622,38.48049740272758,-3.721342442230551e-11
2013.4422375125282,38.48954861674163,-4.4958071433141735e-13
2016.1586610326056,38.59036594796226,-3.7307552724444185e-12
2017.9243363206472,38.6559701032545,8.479608203253838e-13
2018.9854326220352,38.69542305698387,1.704654706441929e-12
2022.728732910621,38.834769518269,-8.273103506999802e-13
2029.3375429261703,39.08141631949072,-9.088692589736981e-13
2036.1583026541525,39.3368169427387,1.4488615791165746e-12
2037.1278914772713,39.37319237859399,-3.2748222128356415e-12
2040.4239331447427,39.49697733350597,2.2990546213424794e-12
2042.1344343980122,39.5612951776897,3.5943805749071193e-12
2057.677450317401,40.14820976257109,1.0842587428929465e-11
2058.540918892533,40.180945386515646,3.176795068153653e-14
2059.8230021159225,40.22957676923823,-1.5888641178897818e-12
2062.4399379032893,40.328935134238826,-4.587285962930615e-13
2063.0771347795535,40.353146969306756,1.0619893650492794e-11
2063.7363431130148,40.37820305404764,2.7749611559325978e-11
2069.6395171860772,40.60293570186587,-4.642466409407614e-11
2074.307035644196,40.78108161742094,3.3603093723581647e-12
2080.752437465722,41.027743999859375,8.963775243048323e-13
2085.778877932509,41.22063451523572,-3.5230070433569192e-12
2086.009668236147,41.22950230780874,-3.2806445643090786e-12
2089.8765816245636,41.378228954091014,-1.6572647651321635e-12
2098.461959684108,41.709418700374805,3.1150400313397526e-12
2112.951568771432,42.27144965655887,4.658339921305059e-13
2112.99242081976,42.273039715611304,-1.293022495137946e-12
2115.6878898374507,42.37802172425341,-2.725498496512948e-12
2120.6347401179537,42.57103779665162,-1.575867918509174e-11
2120.687800241919,42.57311053861954,-7.966423025702361e-14
2125.3553186995796,42.755645527715686,-7.498081057329862e-13
2125.477874844562,42.76044379940343,-4.535703878812079e-11
2130.165290848668,42.944171391752434,1.1254336612770255e-12
2132.914876945591,43.052132293379046,1.2490429650749147e-11
2138.8047859868816,43.2838648279883,-5.450224847649767e-12
2143.187397061458,43.45670889711336,2.4069243939526157e-11
2148.837769372826,43.68007383653268,-2.301482516269708e-12
2148.8576669193126,43.68086144584655,-1.6550726163102769e-12
2150.203670603354,43.734157563014485,8.655944852536712e-12
2150.4079308449827,43.74224833092857,2.5883567267017074e-13
2151.6910710235015,43.793091215757045,-1.611967562600495e-11
2156.6169668018415,43.988555604641824,-4.2152233667155435e-11
2168.5161701627744,44.462571655081234,-6.027293702798197e-11
2173.753503385863,44.67203241659239,6.881591689518676e-12
2178.999583035107,44.88234952018336,-9.242349935094003e-13
2179.4070465629907,44.89870608758401,1.387314845708599e-14
2181.7900211801166,44.99442567275739,9.977815480059331e-12
2182.4823920909066,45.022256514654984,-4.013491961801728e-11
2183.5424314366064,45.064883426025894,-1.4113922090418296e-13
2185.518999481192,45.14442159718881,-2.352401976981172e-12
2187.496624481124,45.224074324850854,1.7181815894346894e-12
2187.7825888193856,45.23559806164307,3.893620792923721e-11
2194.7028362777496,45.514928192584975,2.283787070299686e-11
2210.335245760244,46.149164748229175,4.821524969600383e-11
2210.4148359461797,46.15240539102468,-9.458168623450754e-12
2215.95245549349,46.37816499938289,-5.1555546350315e-14
2217.3647843323233,46.43583372003588,3.8269404602725295e-11
2219.4848630235974,46.52247051406119,3.440428492742536e-11
2220.4146567534212,46.560492555846714,2.1402526595966754e-12
2224.864649937685,46.74268655960411,7.769116141342425e-13
2225.6718875225392,46.775776000207266,1.1245475572023968e-12
2229.618391095934,46.93771974794289,3.6527363214980756e-11
2235.461872527794,47.17803239016581,-5.106435342105179e-12
2237.2341803306126,47.25104270408348,-4.198286724337755e-11
2237.6018487654906,47.266196071466304,4.765821795098873e-13
2237.6615414049397,47.2686565244089,1.746748726771771e-11
2246.2214463556484,47.622164236660986,7.141033858376442e-12
2246.3837975935717,47.628882074932,-2.397329472349878e-12
2250.623954975917,47.80450503506688,-3.2742477928995395e-11
2252.3135017267023,47.87457659863472,1.7722156214065242e-11
2263.883484005141,48.3558382426866,2.9991414781134635e-12
2267.1376166676046,48.49164050932737,-9.597112417733503e-12
2269.3163310428063,48.58267217415539,-1.102213754521799e-12
2278.500167838135,48.967354975721626,3.659216189896998e-11
2280.0228447461473,49.03128540095278,1.3716661786337262e-12
2280.567186405256,49.05415024724964,1.680731828966195e-11
2295.272206850012,49.67389389708702,-1.3103032171274053e-13
2295.483099607086,49.68281095299238,-4.2035907036401113e-13
2299.4163381490725,49.84926792003402,1.3287920921359056e-11
2299.8657106805463,49.8683037687806,-4.0361342240314966e-13
2302.949802634079,49.999049213447506,3.685188745069842e-13
2304.749697454045,50.075434015076354,-1.1775252063801977e-12
2308.1783894298524,50.221107609151616,3.040001508874453e-11
2314.4691294817762,50.48894314568161,6.1552032790536945e-12
2316.4523300414517,50.573531335612934,3.907762159490526e-12
2322.4448976794665,50.82956871634216,1.3717654483403717e-12
2326.2688451073436,50.993295751341684,-2.315662609928492e-11
2327.865536641031,51.06173978895795,-8.598322697029858e-14
2329.468860690209,51.13051539219915,3.873323798007486e-12
2334.285465353214,51.337411512412196,-1.9224765184160338e-11
2341.3481665014474,51.64156092619889,1.8460512227966406e-11
2345.7307775746226,51.83075645998632,-7.399125492435672e-12
2348.9374256728943,51.96941029505222,-5.91682751463149e-11
2356.3744277712913,52.291711549945646,1.641126189996604e-11
2358.060512872385,52.36492397925084,-1.386523051239373e-11
2367.0798845179534,52.75744839848622,-4.415671689456272e-14
2369.959716229638,52.883094727695436,5.3437012647758416e-11
2374.043097933476,53.06151352048705,2.9515862342716577e-12
2374.574174561526,53.084740890431284,1.3055312182052201e-11
2375.1970494511256,53.11198980424491,-6.101105375437404e-12
2376.040620479328,53.148904907829866,1.1315995874948117e-12
2378.0094990524967,53.23511505146416,2.6238375902399067e-11
2380.8505926265366,53.35964223188767,-9.070096306566157e-14
2383.925938153525,53.49460442737139,3.5582929796213464e-11
2384.9594474369337,53.5399993151528,3.460752488243589e-11
2386.046016844284,53.58774598287072,-5.723973507944985e-12
2394.5793917312067,53.96348060999786,1.3620048570585898e-11
2396.1463823367158,54.032622840390786,-2.0247642752053905e-11
2408.0089614664794,54.55751712564896,-2.3852625438958233e-11
2411.858382000536,54.72840298394547,8.385430002850666e-12
2418.1623870825674,55.008843806874474,-1.254301201727295e-11
2418.795065353685,55.037029639354465,-1.8486399034388297e-11
2420.968204168291,55.1338991861966,-3.9430491158884e-12
2421.1989944718075,55.1441919740078,5.464843046890291e-12
2423.815930257666,55.26097073558893,1.609311857192022e-13
2425.208361549604,55.323158338154705,3.4257687260134495e-11
2430.391577691427,55.554960721394885,-5.229943323476692e-13
2431.0619371447824,55.5849764960042,-3.238440386193256e-11
2432.42889533009,55.64620857589144,1.5443618826840968e-13
2434.357978810162,55.73267928690567,2.287789405420245e-12
2442.9444138205045,56.118395815806366,4.488000957223537e-11
2448.731664260632,56.37913460679237,8.188799944776998e-13
2453.7570477692148,56.60604871186208,-1.571206672590293e-11
2456.094651732311,56.71175844817437,1.0248456769337269e-12
2461.11445968071,56.93910138169025,1.1242185241198004e-12
2461.7272404053174,56.966885501726836,2.7283341928809278e-11
2461.8068305912248,56.97049471168331,1.2293861442718344e-11
2465.90453428093,57.156472677170214,1.7893778192273894e-12
2473.994112195777,57.524533489888746,1.9088479748472852e-11
2475.5499516808554,57.595459521957736,-1.172491594576097e-12
2478.8096599025394,57.74420437073669,-4.099370269899491e-14
2479.943713873562,57.79599866414063,-3.24417195976395e-11
2482.0107324401333,57.890464077765635,5.528411940096401e-12
2489.0535360405693,58.212920206377966,1.0123826793115857e-11
2501.309256710363,58.77622915896569,2.638748888205273e-12
2502.0159496071824,58.808795212932445,-1.8527757240228072e-11
2508.942829578034,59.12848898247045,-4.358619575389597e-11
2509.6219354575264,59.15987908278776,-2.6951845730249924e-11
2514.812841069679,59.40009734727108,-1.5250857254747666e-11
2525.51272225413,59.896819151537784,-1.933357314196716e-11
2538.9422919873227,60.52324619225275,3.385862667467498e-11
2539.6744579907268,60.55749383465758,-7.89375112622547e-12
2539.9118808097032,60.56860159455823,5.1343477679393876e-12
2541.637761003372,60.64937762322445,2.669128896566862e-12
2542.79171252079,60.70341639507776,-1.636655401522613e-11
2544.3419764456107,60.7760528219021,2.5756273365549123e-13
2545.9044484460583,60.84930604381195,1.7894356744086263e-12
2549.1585811073464,61.0020135886385,-1.3659343686927787e-11
2551.257705295864,61.10062324309581,-2.283887266717254e-13
2555.2241064140503,61.28717274820765,-2.1788143681722802e-11
2559.570384042573,61.491921533142154,4.925109035352639e-13
2559.911522415331,61.508006947990445,-1.3572632396461418e-12
2560.630423387735,61.541911708354334,-9.414508548738722e-12
2561.3249082088782,61.57467399643847,7.423857059465177e-13
2566.5203324255253,61.82004972606469,1.5238629210621672e-11
2578.550838350947,62.390149617138405,1.2976189535774437e-13
2579.4530450630186,62.4330107256113,-2.3262110306646143e-11
2580.356308730443,62.47593706720046,6.570800247480042e-12
2585.593641950641,62.72513020612331,-7.502127134822149e-13
2586.3631983528785,62.761788396953705,-5.2057865370082255e-11
2592.660570918171,63.06217666858614,-3.8728389761339755e-11
2594.3225306509103,63.14157493320537,4.375394980946645e-12
2604.505657192887,63.629173348684255,-1.2335971052742694e-12
2606.5429748311567,63.726955491762624,-2.4897145860691683e-12
2609.4525074700696,63.866732622097494,-7.845732611895222e-12
2613.689493984431,64.070560974931,-6.095297078896172e-11
2614.322172255411,64.10102555156726,1.580187815259829e-11
2619.6059330838675,64.35573589631542,1.1120198308456225e-11
2621.7260117740598,64.45808153161632,-2.7408417544579963e-12
2622.254974491254,64.48362982243736,1.0310977340124377e-12
2625.259476257703,64.628841581681,-1.0521269483193592e-12
2630.672425746494,64.89087663013379,1.472203406210308e-12
2632.9492801143697,65.00125795498336,2.6299880146660978e-11
2635.6988662094404,65.13468448731658,1.8490489083265485e-12
2641.4585296310443,65.4146295631984,-3.982077135493814e-12
2657.817529547895,66.21308185972832,2.984336147774378e-12
2659.9376082380095,66.3169197836868,1.7513215492136703e-12
2662.5381081261503,66.4444010028299,1.257144679638596e-11
2662.8715570280283,66.46075628321123,-5.411592079280726e-14
2663.2503765829897,66.4793394264436,-1.0899270046028956e-11
2664.153640250339,66.52366004934086,-1.9319959427714317e-12
2665.2081040352527,66.5754186526869,-2.4529279986312663e-12
2671.3001594032166,66.87484961639608,4.572274752489718e-13
2672.5909890517146,66.93838303365287,3.1672591114255686e-12
2673.3671779693777,66.97660109680069,-3.0670635672296646e-12
2676.600356128427,67.1359160216145,1.9384802781861395e-11
2680.3701864754753,67.3219176491853,3.948629072949511e-11
2682.1910357964784,67.41185124371422,3.24193580699148e-13
2685.0432804898423,67.5528492645003,-3.4525870861627748e-12
2690.340306348926,67.8151003134862,-3.989107702334504e-12
2695.7497941879537,68.08345268831792,-6.724848328353829e-14
2707.2691210304847,68.65669635973664,-7.138261688057369e-12
2710.313417889638,68.80860001216308,2.0756519152297294e-11
2710.3863755600346,68.81224253257564,3.864171040566613e-11
2714.258864505386,69.00572303578211,-1.2983106015843549e-11
2717.323058910993,69.15901462604491,-1.7488137453758896e-12
2720.018527926571,69.29400308558237,-3.314051668936142e-12
2723.1986459615605,69.45343475072521,1.1752756781829812e-12
2727.085456893202,69.6485486627297,3.508177579603217e-12
2732.4023802985575,69.91590346342264,-5.7266194054733203e-11
2740.3858379633803,70.31831956465936,1.113683713866817e-11
2744.167876385842,70.50936774732864,-2.9453313422696837e-12
2752.7012512695396,70.9413957551204,1.4931310932504507e-12
2753.1883049830217,70.96609479290363,-2.012457628318803e-12
2761.0139300146598,71.36354012861781,-4.366378460751711e-13
2762.047439297659,71.41611399666002,-1.3025579309352963e-11
2767.3741660844057,71.68739276632363,-2.3823464317754657e-12
2774.784638117517,72.065661563492,-9.025147863977034e-14
2778.6836571246145,72.26509378601133,-2.8421502026097146e-11
2783.3302210766215,72.50312815452325,1.5743636526740641e-12
2789.849637518013,72.8377755600507,-2.860337030223042e-12
2795.0272780977953,73.10410623249821,-3.886929123782961e-13
2796.3037857598215,73.16984390351496,-3.9372053001256915e-12
2796.310418275311,73.17018554359451,-4.5079234928651165e-12
2796.996156670107,73.20551221922251,1.375891301435786e-11
2797.8540496842734,73.2497198535107,-2.4108573354344256e-11
2799.7059476718377,73.34519525581325,-2.3875359445170355e-11
2804.320406001667,73.5833704771512,-1.574390257569825e-11
2804.9432808909896,73.61555020444449,2.725937317382749e-12
2807.5336866138814,73.74945558949574,-2.7516181013418144e-11
2811.2836194140364,73.94351918635854,4.222095583788543e-11
2813.672169589528,74.06726461437391,-1.5898214871143425e-11
2815.1330399465287,74.14300082580267,5.4037895386023796e-11
2816.6159217607055,74.21991838718387,-2.9366646556109934e-14
2819.2164216484944,74.35490496414799,9.695637718921258e-13
2819.236319194964,74.35593828490248,5.784720819590211e-13
2823.815501036567,74.5939386418325,4.653056635293612e-11
2825.892613767379,74.7020227289174,9.04649141635054e-12
2830.002525531269,74.91611920895059,1.3673481186703761e-12
2833.666235629987,75.10723414409898,9.25736138036919e-13
2837.7551928920307,75.32082377788512,-2.9456582080474604e-11
2841.604613424444,75.52218248871735,-3.746535215014546e-12
2860.8081685605976,76.5307755317425,1.4469012466210386e-11
2865.001898331666,76.75193883122331,-4.829314718957611e-11
2865.0483259400944,76.75438908135702,1.441548095731042e-12
2865.0814885175428,76.75613928433384,-3.532579953564421e-11
2872.743705355319,77.16106693268931,-4.053533467514154e-13
2873.64696902251,77.20887325885677,-1.340177469550086e-12
2874.810723921132,77.27048855519091,-1.0088123602629358e-12
2881.8535275189975,77.64390389792398,-1.1740384782703264e-11
2883.503279175693,77.73150719328801,7.0199582534587294e-12
2883.6345817467604,77.7384816316969,-2.11944866824246e-12
2888.83000596193,78.01470344477417,-3.1430928556821303e-12
2895.243302154955,78.356360793627,2.625620065022969e-12
2895.650765682508,78.37809331128855,8.595102256229831e-13
2897.7963174788088,78.49257913889176,-4.0617201095730495e-12
2905.2906075184533,78.89313699401907,3.279501600131474e-11
2907.2804405924203,78.9996642155083,-6.277240880095786e-13
2908.5028311750675,79.06514198691328,-4.5036659967517446e-12
2909.6899452695607,79.12875650597532,1.4494493353032705e-11
2918.7257528072573,79.61381394687778,-1.0045818723469028e-12
2920.7829679914526,79.72445892634906,4.751376461695945e-12
2931.7621809945845,80.31628168697512,2.2342823202297386e-11
2933.799498632293,80.42634536738481,5.238386634551073e-12
2933.845926240718,80.42885445516295,5.07688739768191e-11
2936.6583758405686,80.58092175662121,3.285035486940012e-11
2939.2620465941836,80.72183040540179,-5.759573798939272e-12
2939.3681668420154,80.72757619975242,1.2041632578813866e-11
2941.9585725646466,80.86789594202186,2.492499307382692e-12
2952.691616322528,81.45061150531858,1.0086640737331375e-11
2954.532363189606,81.55076202057045,4.0425561072167526e-13
2968.6885233608054,82.32304964653281,4.1812419238132124e-11
2970.888192236264,82.44338368326696,-6.47552682824232e-12
2971.4105224378177,82.47197112533372,-5.368865745566263e-14
2971.5407680535245,82.47910032804937,-3.8354918430920565e-11
2972.537943892855,82.53369270189356,7.31225826087491e-12
2975.0742325361593,82.67262940817402,2.2115926349366375e-13
2979.847871237136,82.93444849914012,-1.4102795051179919e-12
2984.8477816367085,83.20912796266352,-2.592930983995422e-12
2998.439702602436,83.95815309643548,-1.2197785025572505e-11
3006.409895234679,84.39895821845931,-1.1537258466054127e-11
3009.1992764218667,84.55350613699935,1.0392990405526833e-11
3011.726818638915,84.69367043127546,-6.451871205087273e-12
3012.727165344278,84.74917694075793,1.3887070449781361e-11
3016.109429709294,84.93698608895242,-2.5004948441449246e-11
3018.059467690177,85.04536286115018,1.9198528174493583e-13
3019.1935216606676,85.10842210789376,-1.0468708472584642e-12
3021.7266394378375,85.24936207271654,1.111768842593317e-13
3025.4699397219274,85.45785169085319,1.3619696881327953e-13
3025.5296323613284,85.46117846704331,6.644426914525809e-12
3028.008633059223,85.59939551754731,-5.324651342768877e-12
3033.2459662775177,85.89177602322198,6.079346608939031e-13
3034.722215575975,85.97428072125328,8.908243290654131e-13
3041.9748549746373,86.38019969489044,-3.545594302398876e-12
3046.6986044175515,86.64510168246206,7.834728064472665e-12
3047.275051698344,86.677456268483,6.069518592468963e-11
3049.3521644288303,86.79409032699694,-4.968219985167836e-12
3054.195299150524,87.06635077586863,2.0175316098653707e-12
3062.695511454848,87.54524123106992,-3.171456501869079e-11
3063.4144124269596,87.58580418144626,-5.169414147414224e-12
3065.3909804697396,87.69737825281761,-3.672891850134689e-12
3066.525034440197,87.76142625704503,3.131744779336721e-11
3069.907298805099,87.95258720679884,-8.355440303133701e-13
3079.875013981563,88.51717442625858,-3.431101852772081e-11
3081.524765638039,88.61079550519186,-4.317947196513874e-12
3083.140297761717,88.70252326003687,-4.9841449809162124e-14
3084.161598968852,88.76053618107878,-2.0055512494974397e-11
3084.3571127840855,88.77164413365864,2.686562354613056e-12
3089.110853938263,89.04194062564994,3.2268413767296617e-12
3090.2868169123412,89.10886980081405,4.530128645287075e-11
3092.996607913518,89.26319279113976,4.869476742338857e-12
3095.940360084128,89.43099318826631,9.657636899504861e-14
3097.5911686959407,89.5251627953996,3.5122839288715814e-11
3103.113409296653,89.8405412678458,-3.787461744918664e-12
3111.8059645498993,90.33811636771699,1.5655693698909587e-12
3119.9737849075154,90.80692322226172,7.701008639232155e-13
3128.219081540253,91.28142341279272,-2.9580356154377833e-12
3137.9926306398715,91.84549346562147,3.232508989214625e-12
3138.1019217537464,91.85181103485614,-2.91227117585448e-11
3140.059649205325,91.96501467676335,9.9697546117447e-12
3140.1326068756994,91.96923474600759,-1.7263845855369222e-11
3144.2425186387245,92.20712151019971,6.2424073136224654e-12
3145.9286037386387,92.30480420475178,-3.962228530100014e-12
3146.6352966350905,92.34576176137902,1.4856407172811176e-12
3151.309447603231,92.61689156615638,-4.0173925888384274e-11
3154.135162233674,92.78099576575273,3.3175995444319045e-12
3154.4256451764436,92.79787398442083,-2.0258064629322623e-12
3155.97590910052,92.88797679054592,-2.6428018098401465e-12
3159.4321880909697,93.08901837161119,-4.264538425340315e-12
3164.2421602349054,93.36916650823473,-1.8354923085561026e-12
3165.655546027792,93.45156762417108,-1.2644752528026216e-12
3167.6708522080326,93.56912464931135,2.6854733341537214e-12
3172.3383706606296,93.84167805508055,1.5729063706010497e-11
3187.357999404016,94.72145233156158,-2.9731922478455696e-13
3190.760161315146,94.92131110550675,1.9507366224223294e-13
3191.5981567826216,94.97057157337116,2.728126599849448e-11
3195.0003186937442,95.17069607856567,-5.00300552655034e-11
3197.1203973830397,95.29551275917528,2.8727605319034017e-12
3200.8406292542195,95.51473634606086,1.630743367155041e-12
3208.8362949921043,95.98676292074367,-1.499799074627059e-12
3213.1703645428493,96.24311822505969,5.719718989675304e-12
3221.283010865393,96.72390208659829,-8.196816483158366e-12
3232.5527068092624,97.39379561958661,-6.22580075356426e-12
3237.501961778261,97.68872868047072,2.317784781510247e-12
3238.2030791145407,97.73054573556115,-3.3300943345966436e-13
3240.8399124451225,97.88789663199019,3.3628707182196214e-13
3241.0298507002026,97.8992359888899,5.213660973801655e-11
3244.87927123163,98.12919048086981,-2.414190121566049e-11
3245.9822765352355,98.1951314956465,1.0903117900612434e-11
3246.9518653570985,98.25311497577256,-1.6171901658861167e-12
3257.881479883589,98.90792708124508,4.09640446014355e-11
3258.941519228202,98.97155293023737,4.418499884972488e-12
3265.264364897015,99.35149371821244,-5.316677513934219e-12
3267.5014241709414,99.48609532980811,-1.4148238184343909e-11
3268.364892744982,99.53807402540707,2.390606521536294e-13
3269.8788232254665,99.6292420863694,1.5797745292849267e-12
3270.5016981146027,99.66676352826558,6.07023945012828e-13
3276.9216268216237,100.05391089220689,3.850666172231247e-12
3277.5686270786323,100.09296970649577,-2.108770901626089e-12
3277.654849779978,100.09817547446795,-1.107979525687069e-12
3279.230586810552,100.19333604056484,-3.5402797660420017e-12
3284.7008242421643,100.52404494707385,5.339758494230901e-11
3291.4510309848156,100.9328954984261,2.014505066379979e-12
3291.730362807292,100.94983232017309,-4.01602740272716e-11
3293.850441496482,101.07842662750072,7.910586649833663e-12
3297.3839059784577,101.29293446427653,-6.31355902357424e-13
3299.0347145900896,101.393229771894,1.1552121064955037e-11
3299.7005554382026,101.43369731335952,-1.2471075827375625e-11
3300.0804319483527,101.45678857400142,1.1453770838270164e-13
3302.489936624927,101.6033151806557,1.810932713746315e-13
3307.1630306373304,101.88779984249175,-8.342893132906222e-13
3311.967427220759,102.18069721127836,1.5129555575154996e-12
3321.2992932591856,102.75082424730607,1.0859539416650324e-12
3326.3665857680185,103.06108071073056,3.2219895723118547e-12
3335.0368387796884,103.59303361835696,-3.954500235020795e-11
3339.989264614489,103.89750510579144,8.46882349154462e-12
3342.969641011582,104.08095420602207,-1.3341006622034625e-12
3346.916144581054,104.32412246380422,2.2593813164504507e-11
3348.4985141270627,104.42170252245391,-3.5807878195189963e-12
3349.0616963767848,104.45644343843763,1.5632118999398245e-12
3351.678632160758,104.61795050680298,-3.858397491858131e-12
3361.942405838593,105.25260823112683,-4.889873822196937e-13
3363.5921574948215,105.35480121074981,-2.268095405148966e-11
3366.182563216825,105.51536366475965,-2.8541790610804645e-11
3368.4352922156945,105.6550962155648,-3.850035265761299e-12
3373.7819165468813,105.98711151004,-1.39439560527736e-11
3375.2483624635206,106.07826705823447,3.2276330274535613e-12
3382.4378475720296,106.52574485405734,1.2455187065656529e-11
3384.435370116289,106.65024085729684,-7.677280228767726e-12
3389.2310202733497,106.94943079078702,1.0439204549664812e-13
3397.320598182671,107.45508159079291,-2.2418678020799945e-12
3397.864939841269,107.48914974243083,1.3445052851234616e-11
3398.4347546064664,107.52481800049972,2.008237619283851e-11
3403.834439061482,107.86311478993083,8.905504450319279e-13
3404.926584028107,107.931604300069,2.681414642088274e-12
3408.6510437203146,108.16533414276071,-2.128992255075266e-11
3411.9935129916844,108.37530959298367,1.9101383619601308e-13
3419.0628466493167,108.82008629315045,4.350344988883059e-14
3420.2475560493863,108.89471395398154,2.947944402730933e-13
3423.5669569082183,109.10394860667563,7.03264350536355e-13
3428.185933841106,109.395438274364,5.449287569467529e-12
3432.4260912192112,109.66336776376386,-4.401411655573974e-11
3437.996873338098,110.01588091781005,-1.5766601607225221e-12
3438.096361070411,110.0221815912155,1.6282733895160662e-12
3439.442364752879,110.10744348458061,1.8036382696254848e-11
3442.2834583245976,110.28752062406065,-2.198407760251293e-12
3442.4789721397947,110.29991835164499,1.382254787066944e-12
3447.425822414219,110.61383739822675,3.586058754145275e-12
3451.58321874038,110.87800759644018,-1.5378509496935214e-11
3459.3250257614427,111.3707876818305,-3.631473156405727e-11
3468.4348479220985,111.95205834540798,1.3010080396920788e-11
3468.6457406789737,111.96553288962583,1.166806474919954e-13
3473.181956559864,112.25556309129561,-5.383866573228207e-12
3474.7576935902957,112.35639905627467,2.314265780047452e-12
3476.444835645288,112.46441485300733,-9.447059740864189e-12
3491.8719279138936,113.45453441609442,1.044316876983364e-11
3496.2712656635827,113.7376897720364,-1.3990711665219941e-11
3502.126955164903,114.11513363738945,-4.937846437601893e-12
3511.473143188863,114.71887536541519,5.5722483707563124e-11
3514.5736710364813,114.91951759978767,-8.860027652764619e-12
3514.9105815876123,114.94133051717347,-1.1062929217376342e-12
3516.710476405863,115.05789822718185,-6.362030342962188e-12
3517.309992099037,115.09673828463318,1.0318238110851085e-11
3525.439365100837,115.62405915900358,3.710454465600598e-11
3527.3373999126643,115.74735260506695,4.336926104833219e-11
3528.2539286105034,115.80691267043528,3.1821427046747195e-12
3530.7926219471497,115.97196891855927,4.038524742682559e-14
3532.859640512213,116.10644633857777,-1.819062317405725e-12
3535.4601403989436,116.27574312272371,1.4878994963731332e-11
3536.0928186695514,116.3169503503822,3.021243753806362e-11
3537.65980927375,116.41904240419635,-2.1113359450212567e-11
3539.8095888907137,116.55917772790738,-1.36626972767415e-12
3541.1136835694942,116.6442278010283,1.2872866517134168e-13
3545.479858741658,116.92920778644334,-1.5297042667050036e-13
3548.359690450822,117.11736642004107,-2.0029323794634504e-11
3549.9099543746097,117.21871876790847,-2.6293695613772415e-12
3553.2391586148055,117.43652336945047,2.392716188502993e-12
3553.37180892455,117.44520590340252,8.743895455150962e-12
3556.376310689238,117.64195029378253,1.7548545813205245e-11
3558.555025062211,117.78472349316547,1.0842961759265153e-12
3567.848152962062,118.39469280163148,1.3010071279174678e-11
3572.575364053174,118.70558129459089,-3.376848281510096e-11
3575.6217748214676,118.90614884168308,5.246230064669275e-14
3578.418845478693,119.09045104153557,1.4646246193750183e-12
3579.4048701974425,119.15545569998925,-3.76652200326497e-13
3584.1785088969445,119.470415804439,-1.7144459019331194e-12
3589.1044046692687,119.79586174446356,-3.394385979921385e-12
3590.6745661394916,119.8996937089433,-6.824330658307801e-13
3591.8948428109934,119.98041978082684,-5.058004624018316e-12
3595.270474659544,120.20387391305646,-1.638340838440857e-11
3599.308485706687,120.47145078112241,4.422050072207116e-12
3605.691024013937,120.89499920083044,-3.84414002755901e-12
3606.9574375104685,120.97912824909635,-2.736789565010272e-12
3621.344387980292,121.93694120484501,-3.289470216087016e-11
3621.457140743573,121.94446279142082,-3.382745972981255e-11
3634.27710060918,122.80119227471528,-3.1202823546959307e-13
3634.9694715191454,122.84754805470908,-1.5415926284404296e-11
3640.885910614885,123.24402700649456,-1.5989055673476116e-11
3642.916595736369,123.38025815834024,-2.55515178772626e-12
3647.246146681498,123.67096533797795,1.858481837223485e-12
3651.135362305164,123.93240065963191,-2.810268955757334e-11
3651.972300817115,123.98869658154557,4.069923629597868e-12
3656.318578442633,124.28125255407465,4.3436618745461e-14
3656.4886191512182,124.29270538131,1.2152201305753967e-12
3662.6788145092096,124.7099989750361,-2.882364931841051e-13
3666.456334324927,124.96499602805378,-1.0925453737468583e-11
3667.026149090063,125.00348352235122,-4.2883687409149135e-11
3669.721618104185,125.18562699499435,-4.46495775089437e-12
3670.7760818884753,125.2569176911081,2.5039828944996948e-11
3675.728507722589,125.59201768096361,1.3462680711171466e-11
3683.8180856309787,126.14036105642118,-2.490287006645745e-11
3684.3051393442092,126.1734139449639,-1.7065135979967807e-11
3691.3179512277525,126.64980827566248,-6.281323704903882e-13
3691.8943985083697,126.68900778529085,1.6969527772311692e-11
3696.4879023341746,127.00159349641199,2.290867138721937e-14
3698.675363133226,127.15058576244216,8.220800651929e-12
3710.437688348143,127.95325216413069,-5.375566904851852e-12
3712.1049328565236,128.06723190772945,-1.4396882895523734e-11
3713.054624131733,128.13217962907657,1.3533397768944383e-12
3720.966471860596,128.67390277201758,-2.4254594825664726e-11
3721.476593986339,128.70887033468,1.7940417892370962e-11
3724.3044225267727,128.90279766225774,-1.3114963892293466e-12
3724.5739509676573,128.92128912054704,-3.119982906226372e-12
3734.4875490618806,129.6023582195356,-3.1566321181253236e-13
3736.9036862535118,129.76862242034022,-1.318995947179328e-11
3737.9703581133995,129.84205865433876,1.7060250496085918e-12
3742.557229423643,130.15808585529592,-8.415159844964102e-13
3754.682704468061,130.995375754279,7.869491167342311e-13
3754.7357645919546,130.99904562061107,9.077216006507037e-12
3758.756282786486,131.27727279355204,-2.4626200143573673e-12
3761.1193598542036,131.44094096272,1.1594422733898051e-11
3761.956298366123,131.49893250540646,4.581724250673674e-13
3765.8232117490957,131.76703880235192,1.6467100700969894e-11
3766.6349679377918,131.82335560855827,-5.320452326370546e-11
3768.048353730311,131.92144033955745,4.032276006458646e-14
3769.735495785119,132.03857111291506,-1.0211109923264804e-11
3771.8723011543007,132.18699526937354,6.07454262479015e-12
3780.6011898484603,132.79418419960948,-3.542782983477833e-11
3792.821634020242,133.64660664258219,2.0159242985599778e-11
3796.150838260147,133.87930809640235,2.9012764973163376e-12
3800.595255879025,134.19027785166125,3.967614765024854e-12
3801.4510349820416,134.25019730840748,3.884347280094988e-12
3803.52814771182,134.39568752049442,6.228959343410273e-12
3804.7638033249073,134.48227603632455,-1.1363836428207969e-11
3806.1119209178955,134.5767774024661,-1.118234523270179e-11
3808.533633669604,134.746620538934,-8.348743285149205e-12
3808.8615070111346,134.7696237397814,-5.131618970283723e-13
3812.1840787355354,135.00284310248298,5.98174370642247e-12
3814.751416044574,135.1831900040928,3.53469747729248e-11
3821.8305530826774,135.68110478325602,-1.9442879569400215e-12
3827.611171002248,136.08837221811888,1.6600895309334022e-11
3827.7371887964946,136.09725752663363,3.2242359091623147e-11
3829.1505745889854,136.1969330862404,-5.05014788441561e-12
3836.217503551436,136.69586285796453,-2.1871311389476433e-12
3836.4130173666044,136.70967933805377,1.3665824934692669e-11
3840.4963990664655,136.99840279855158,-1.920487537290037e-12
3844.46280018164,137.27914899274117,-4.539002970324684e-11
3850.4322994008526,137.70222294097627,1.5642943197002284e-11
3851.282502943721,137.7625324819349,-1.965850107556425e-12
3851.899802272578,137.80632920941105,4.02878546369016e-11
3855.353676567942,138.05150740796202,-1.3783929983661822e-13
3861.0326928444506,138.455118189252,3.9004290340898534e-12
3871.2192810285374,139.18057310406698,-5.698007797858441e-13
3872.6955303264444,139.28586524366054,-4.07109578468675e-13
3874.462262567036,139.41192858561845,-6.83071774650578e-12
3875.4318513886546,139.48113702380715,5.308460578098211e-12
3876.6189654826044,139.5658958145833,3.229850234697204e-11
3878.6859840474162,139.71354088008084,-3.61904987015892e-12
3889.071256912672,140.4565416029536,1.622204718575805e-11
3893.7443509240184,140.79152010739145,1.2133247282725147e-12
3896.8448787712227,141.01399531589,-1.4976874129912762e-13
3897.9314481775145,141.09200289681652,-1.4975499898514562e-13
3902.527356697089,141.42219539588584,-4.552277122995107e-13
3906.2971870416714,141.69332887740276,2.6832399499358727e-11
3913.54847869885,142.21559184872038,-4.7349798045346655e-12
3921.6181590601545,142.79793671358888,-1.2591292885435288e-11
3928.1805414568316,143.2723924845578,7.812920896452055e-12
3929.320170987005,143.35486776544107,1.4928265900355194e-11
3939.3674763456693,144.08302905561663,-5.34681443173571e-11
3939.4139039540746,144.08639813343711,-1.5123345280611754e-12
3939.466964077966,144.09024855670893,1.629370478526314e-11
3942.003252720176,144.2743603447029,9.478128911085904e-13
3947.300278575778,144.65925903929215,-1.6216882957149988e-12
3949.176301930169,144.79570078653708,-3.201655332238884e-12
3949.779279272684,144.83956863605823,4.000696776862861e-12
3954.4467977238123,145.179366838371,-5.109746022467176e-12
3956.646466598306,145.33964320698138,5.6337106230042547e-11
3957.08363105366,145.37150731442108,2.0828033761693883e-11
3961.8296827352647,145.7176648035486,-3.1150955897319286e-12
3968.469250623624,146.2026238379095,-5.305520480977531e-12
3971.4297294735657,146.41912120530168,2.7259043903724667e-12
3976.128296591394,146.7630549771024,2.3158072929373342e-11
3978.105921588768,146.90793816655398,8.947097468156508e-12
3980.696327310194,147.09782339641825,1.1698498662045008e-11
3982.985389752051,147.26572205023066,2.9542556325803997e-12
3984.6086113459605,147.3848409538594,-6.789159824406659e-13
3992.3989598846983,147.95720529985527,-1.6052746486196617e-13
4006.127758975631,148.96859430821158,5.13564960563948e-12
4014.257131976101,149.5691149512568,-4.225887610227832e-13
4016.2811845818574,149.7188219605103,-1.1070205051691036e-11
4017.7110062713004,149.8246227640292,-6.539833737875341e-14
4024.578193596791,150.3332905805691,-5.020024751960549e-13
4026.8815780249447,150.50410193401373,2.0960945145727925e-11
4030.749839146334,150.79117923884093,-9.472603627721565e-12
4031.830832992453,150.87145288221973,1.3890413660925045e-12
4033.4065700225856,150.9885042725763,2.8967112271206843e-12
4035.987172362429,151.1802994460398,1.0815189710862586e-12
4040.3111477468897,151.5019403287945,-3.670831222273882e-11
4044.716061055902,151.8299559535817,-6.3076079204424e-12
4045.906346015852,151.91865287761874,4.02363928160642e-11
4046.809609682562,151.9859791420995,1.6801806394945388e-12
4053.2703904360105,152.46798242003032,-5.95178636161209e-12
4056.7972224015225,152.7314243645291,9.010495600601921e-13
4056.9365052267312,152.7418330047828,3.5891678911636445e-12
4059.9256280492527,152.96529702618605,1.0849993754651155e-11
4062.693763950022,153.17238705642308,-8.048567363207411e-13
4067.92235073988,153.56393365700958,-5.92018121513969e-11
4070.6321417399945,153.7670564931185,7.142191369365261e-12
4072.6485048748814,153.91828854028535,-1.4864144160351943e-12
4075.359352830345,154.12172663459742,5.2925998206379445e-11
4075.9058083995205,154.16275229279745,-2.2465188448026353e-12
4076.9923778057578,154.24434384056454,-2.2407027024002833e-12
4080.7754731811287,154.52858980837118,-1.2772757451410846e-11
4086.9028050328816,154.98953119587992,3.3001955205374857e-12
4087.0927432879025,155.00383075081965,4.407049632670252e-11
4091.8520600003094,155.36235419805806,5.740433522836615e-12
4094.0294266341857,155.52651622139072,4.1986520743630126e-11
4105.474738843101,156.39086876596753,6.465263475126521e-12
4105.8546153531415,156.41959849906658,-2.4690456833425773e-13
4107.061626993473,156.51090139070942,-3.8465950995632996e-11
4108.475012785851,156.61784930966562,-5.688999440135647e-13
4112.857623854251,156.9497061939847,4.669821674963658e-12
4114.547170602966,157.07773531339618,2.7850645307439685e-12
4117.373942187721,157.29205772972162,3.6174438659691375e-12
4134.318135799168,158.57983156998515,-2.851170861126933e-11
4136.491274611609,158.7453746997187,-8.371581065077056e-13
4137.061089376664,158.7887958574161,-7.28937976559e-12
4139.95312916091,159.00926796021486,-1.2715666407532657e-11
4140.733836682792,159.06881091892117,5.750398264523996e-12
4141.8511639723665,159.15404670832282,-1.7775137604874443e-11
4143.053657007906,159.24580509589128,5.550346381229226e-12
4149.810496263987,159.76189316415892,-1.8593624647830083e-13
4155.890343551877,160.22699133905334,4.529537583740804e-12
4157.689181414409,160.3647299679868,4.346389884400852e-13
4166.649917366247,161.05174956179638,5.891754518820554e-12
4170.412058239721,161.3406337445809,4.777202257454915e-12
4179.952412338123,162.07437950668142,-8.933401809732455e-14
4180.712165358189,162.13288395863594,8.445864607478422e-12
4183.559891444705,162.3522664902904,-3.514475130247769e-13
4184.889459229817,162.45474461176443,1.7902416913092742e-12
4187.035011024936,162.62018440733394,3.99434071251977e-12
4196.222018675211,163.32953761973087,4.477703352225066e-12
4203.581835273681,163.89893021764973,2.9008974187392913e-12
4206.408606858374,164.1178887630604,1.995145722493121e-12
4208.038460967677,164.2442023286476,3.264603289658171e-11
4209.6515883965785,164.36926776026087,-7.841668179237586e-12
4211.808291311953,164.53655136925062,-5.37888203258366e-11
4219.154552096052,165.10700348678424,4.2750027152760595e-13
4225.675025488593,165.61416430838966,-4.447316899348557e-11
4228.500740117917,165.8341909413329,1.0527704970700917e-11
4232.034204598761,166.10953406413824,-1.7193406843273835e-13
4235.293912817346,166.36374884423714,1.0244107589134746e-12
4235.858152022255,166.40777202486592,1.3481754919678527e-11
4236.8078432973225,166.48188226395584,-1.8618047824070958e-12
4240.243167784594,166.75010046272823,4.122998615806561e-12
4241.754693570493,166.86818401218704,-1.2072635324344855e-11
4243.771056705295,167.02577202691185,3.398588395719394e-12
4256.302938319982,168.00687517659878,4.946877622566301e-12
4257.357402104093,168.0895595934936,7.972129639920787e-12
4263.36986728162,168.56141063585426,8.969170542230835e-12
4266.159248467434,168.78054404906328,-6.104207354356456e-12
4269.086564739723,169.01066775542483,1.386823264436358e-12
4269.365896562107,169.03263498352226,5.2478982629680194e-11
4269.418956685995,169.03680790305998,4.034714043501146e-13
4271.485975250594,169.19940917743418,6.602448833756115e-13
4279.615348250523,169.83966683775986,-3.0357153152819644e-11
4280.39605577238,169.90121830174357,-1.9708996539143098e-12
4291.86549334865,170.8067699292405,-1.489756683380705e-13
4298.9348270043065,171.36612526405887,1.5926491108606243e-12
4303.6585764449665,171.7404012216965,-6.090660614243419e-12
4303.817756816624,171.75302068925924,3.634857033806764e-11
4304.208493663542,171.7839994207463,-8.433312281957206e-12
4305.348123193605,171.87436856306948,-5.207849317660791e-11
4308.902542176196,172.15637680735205,2.9827034944397355e-11
4309.055090032368,172.16848519017668,-4.1500358775265234e-12
4311.64549575358,172.37416233367077,-1.1987680520524164e-11
4317.783978725261,172.8620488539163,2.4203711454637375e-11
4324.040499236951,173.36003125394916,1.931684722460427e-12
4330.004422895282,173.83539592379412,-1.3772425935145265e-11
4330.521177536426,173.87661557530026,-5.053136696188122e-11
4338.818186550724,174.53911155302137,5.3749705753056e-13
4345.716422542404,175.09088434045253,5.703688539225545e-12
4352.900332088567,175.66643920974903,-7.507582583315843e-14
4354.629673930102,175.80513124110843,3.611636704360459e-12
4354.683791009339,175.80947228274283,5.961950655891918e-12
4364.24961821393,176.57764976485552,2.6419626866777374e-12
4364.919977666592,176.63154574186024,-2.2027217190995774e-11
4366.286935850487,176.74147294787406,5.568802262189218e-13
4369.054014795703,176.9640995667331,2.5457162623278445e-11
4369.160135043475,176.97264032872113,6.755123022854264e-13
4371.176498178219,177.13496053592476,-6.848271544190998e-12
4373.400292420352,177.31406609979564,3.665584490023956e-11
4374.066133268231,177.36771099471719,-1.3804758124521511e-11
4382.483584516548,178.0465852003474,-4.458232554353243e-11
4385.003437261454,178.25006718925903,2.2973337949147687e-12
4385.179053530137,178.26425283322993,8.118584498280298e-13
4386.333005046505,178.35747897413302,-1.5869301048951947e-12
4387.17657607377,178.42564542614622,1.2631609129919111e-12
4387.615088267804,178.46108546331237,-1.0686834410763733e-11
4394.952602625425,179.05462021186636,1.313800091720507e-12
4395.114953863137,179.06776408918307,1.2140263832836957e-11
4398.215481709951,179.31887449484378,6.3963006663280466e-12
4404.866200717871,179.8581106593653,-9.774971408916834e-13
4409.402416597494,180.22637161533143,-9.08804241084175e-12
4411.095134212152,180.36388762989256,-2.578932279986659e-12
4412.731620836868,180.49688563069762,1.4186615595741735e-12
4413.801754345991,180.58388253743036,-2.2065330916513217e-11
4421.804052596093,181.23510106157673,7.738036145551588e-14
4429.298342631239,181.84604806868506,2.0762895909266616e-11
4433.243789244015,182.16810315611372,-4.185950461413788e-11
4436.201863399549,182.40975004827803,5.099232983729364e-11
4443.479975901098,183.00498969416225,-1.8330937613160467e-11
4443.6643385959715,183.02008044888115,1.9919252955969645e-12
4446.0703816222385,183.2170811948746,1.0857888317662004e-12
4450.731267557324,183.59900617344843,8.963370328756552e-13
4463.200285666027,184.62271684524686,-3.116852579554094e-11
4470.057378825891,185.18690711317785,-4.531931426415213e-11
4475.652577094298,185.6479124718984,-1.7971988518474738e-11
4475.9231624904805,185.67022144213752,-9.576162331162666e-12
4476.490572561416,185.71700711337323,-3.462706726144762e-11
4476.649752933068,185.73013336078228,-1.1131194693853844e-11
4478.242982815421,185.86153915380396,6.371561454315637e-12
4479.76248885545,185.98690794376574,6.451920474352668e-12
4494.4619337216445,187.20190028295846,-1.3611619516742286e-12
4495.182948604096,187.26159864909658,-3.749845421254582e-12
4501.175516234863,187.75813994793975,2.550089956534009e-13
4506.791669005044,188.22409217131948,4.616365006559626e-11
4513.311085441834,188.7657136618911,-1.5820520955852563e-11
4515.295342954447,188.93071764771622,-1.4533373379001839e-11
4521.7914001953395,189.47141466525278,1.1378106187393797e-11
4525.732328203262,189.79981524273498,-4.26825034924859e-13
4525.948796520204,189.81786200372514,-1.702195843320853e-11
4530.078605827773,190.1623256597395,2.8267390942084534e-12
4533.53382786129,190.45076398616627,7.183059758843173e-14
4534.777172944991,190.55461094135592,2.8983015972615115e-11
4536.190558737238,190.67269466056595,1.5900637860342032e-12
4542.5507948023405,191.204526775305,2.2478093228766325e-13
4545.377566386827,191.4411357926766,-1.7960334018926671e-12
4550.8104134174455,191.8962942155003,-2.1709401027763313e-12
4553.463973427328,192.11880441941582,7.56258232869539e-12
4554.34387789805,192.19261609495675,4.907468908624917e-13
4556.740117542722,192.39369938369794,-2.9462935477892344e-11
4558.8071361072,192.5672406667103,3.1453335077734e-12
4564.064366869127,193.00897817617505,3.4372505435265565e-11
4571.597395041626,193.64282640860299,-8.535546162114735e-12
4581.189752307746,194.45146485976045,6.896341554920264e-14
4583.927130324846,194.68253746624373,-1.4661819883608083e-11
4583.986822964214,194.6875778893131,-1.4945357332193303e-11
4585.636574619845,194.82690824704997,-2.0231234613562664e-12
4585.8387209504635,194.84398403460526,-6.276469718058585e-12
4591.076054165909,195.28665657657635,7.166047578081442e-13
4594.636048708427,195.58784469954819,-8.996111693172906e-12
4596.729597334831,195.76507532738142,-1.9509984900671165e-13
4597.108416889479,195.79715315260992,-7.412072955941976e-12
4597.462820292888,195.82716585113715,1.50629321528573e-13
4599.804942858307,196.02556697540544,-4.1793559048748824e-12
4600.838452140537,196.11314764472033,-3.7848227897078565e-11
4609.845615699932,196.8772571727013,-5.692033363637048e-12
4612.025387027641,197.06239947440844,2.378138861160456e-12
4612.525414988354,197.10488247631824,-3.597552329649275e-12
4613.088597237866,197.15273666069356,4.252530661064726e-13
4627.737386673887,198.3995120142278,-9.848764716724048e-13
4629.607834467853,198.55899256641885,3.3964020921340855e-13
4630.741888437709,198.65571713284208,-1.8404546791034658e-11
4632.2083343538125,198.780826855312,1.3116549373498819e-12
4639.397819459707,199.3947704086211,-9.680865191915747e-12
4644.244415828211,199.80918107805306,2.627738098945477e-11
4646.940941797016,200.03993623283216,3.80351043406813e-12
4651.074978925901,200.39396645557667,3.6223608620410185e-11
4652.814124148877,200.54299726267152,2.442961858174237e-12
4659.229825031803,201.09325328549525,2.1613187554188376e-12
4667.024401390784,201.76279161711346,1.3703601545927143e-12
4669.636052396995,201.9873774655168,1.8453251341279855e-12
4673.674063443011,202.3348687740757,1.4029643525387814e-11
4678.46971359831,202.7479489454856,8.774214676653481e-13
4681.32301524467,202.99392316911164,-3.0290497327758174e-12
4687.673447928062,203.54191246052122,4.181750603996112e-11
4688.405613930757,203.60514003180032,3.9964051297319753e-11
4689.873116802197,203.73189873162264,-2.0874234702844622e-11
4694.871970243448,204.16398310965164,-2.9691309465517284e-13
4695.709965710531,204.23646171965945,-7.558731133696878e-12
4695.822718473782,204.24621474490314,3.810069713983809e-12
4699.112127620063,204.53084911995686,-2.3439323855990226e-11
4701.416569003232,204.73037242273736,-1.352409588298653e-12
4702.055879789129,204.78574260690414,3.011267142413649e-14
4703.955262339089,204.95029098753096,-4.007448770774431e-12
4717.1882612886,206.09854395915522,5.675376492301038e-12
4725.192673448954,206.79466801254392,2.0808692687004345e-11
4725.394819779567,206.81226346137873,-3.57009128448614e-12
4725.500940027331,206.82150080093902,3.165232659186552e-12
4727.175874006138,206.96732452420727,2.789979469077802e-12
4727.315156831327,206.97945314454557,-5.548859095022653e-12
4731.717665445622,207.36300370959506,-1.35892606426444e-12
4733.404807500044,207.51008369186312,7.342418661549892e-12
4733.954724718575,207.55803515556096,-4.049522992913721e-12
4738.622243168898,207.96525587433197,-3.6441534034819405e-11
4748.991080135113,208.87132785863815,3.674408322653906e-11
4758.183663344491,209.67627011378747,2.6116114159769937e-11
4758.670717057595,209.71896206089886,1.9220338890902287e-12
4760.250681908895,209.8574815388968,1.0343926343928585e-12
4761.004859368739,209.9236183803061,-7.990022119295778e-13
4767.524275805233,210.49576886388792,-4.674933534635779e-12
4770.4571676373735,210.75341770849667,1.3875161813263748e-11
4778.937482390492,211.4992883166526,2.2851952260431087e-12
4782.399336939342,211.80415019024608,-1.6662797998413064e-11
4792.3405220483755,212.6808296349575,4.168073000352517e-11
4795.332049564517,212.94499864938322,2.731732481057418e-12
4798.892044106911,213.25958137456357,5.1597371948260345e-12
4806.601745503128,213.94165763357165,-2.756148048929013e-13
4812.229815565254,214.44026362740556,-5.5037025781208764e-11
4813.939259860187,214.59182346059464,-4.5111750351936045e-13
4816.079236094908,214.78163025372683,7.087749384463586e-13
4822.098333787277,215.31595094889454,-3.787556924804835e-12
4827.398530507934,215.78700673032648,-2.555566017124572e-12
4829.048282163497,215.93373425996256,2.4965447254149366e-12
4830.352376841851,216.0497548268396,1.0818837380183934e-12
4832.629231207679,216.25239338457388,-2.830372324387307e-11
4834.718552012589,216.43842559721696,1.5038035803568401e-13
4835.484937548043,216.50668438831934,-1.3058264091351905e-12
4836.364842018721,216.58506718354602,2.927247975535936e-13
4840.188789441772,216.92587402190028,1.82243134984515e-11
4841.138480716731,217.0105563968473,-2.2626372535280188e-12
4844.1010734768315,217.27483256685386,-2.3462104763435592e-12
4856.0002768196955,218.33792208996027,3.6133765009284855e-11
4863.773898676617,219.03383559679423,-6.416186385717525e-13
4867.703966347412,219.38608844033737,3.4517940433141806e-11
4870.294372068357,219.61842265279012,-1.2430133361507149e-11
4873.960486858469,219.94744877074015,-1.0133228737126218e-12
4876.8127315493875,220.20360299146768,4.199538123797826e-12
4878.417112551894,220.34775499973978,-1.3745124968352845e-11
4879.129381008109,220.41176679696048,1.279831468831059e-12
4881.870986846481,220.65824301723924,-3.488787854111502e-13
4882.050064764579,220.6743473218275,-4.794744848075081e-13
4889.116993725386,221.31034106656884,-3.706686764173585e-11
4890.778953456553,221.4600440346377,2.7963704839016428e-12
4899.803609867893,222.27383879724806,-2.1760861626036212e-11
4902.999397625297,222.5623773732143,-1.5911895497759952e-12
4903.4994255859865,222.60754049466672,-1.968312111511262e-13
4906.236803602939,222.85486536223777,4.1742358216729735e-11
4908.4993359824175,223.05939163864386,-1.2716567112788777e-11
4908.932272616278,223.0985385858964,-1.1167186011970567e-12
4918.711397270793,223.98370527819978,6.589699964492803e-13
4921.928905701973,224.27532623552133,2.2270055293972077e-11
4926.265379944654,224.6686670918865,-4.537250586947278e-12
4927.414812856131,224.77298473610932,-5.226460491018023e-12
4932.297742667889,225.2164099821474,-8.292885298183643e-12
4936.537900044345,225.60182050879368,-2.0617751620969122e-11
4937.9149523930155,225.72705938756266,-2.5448809869725832e-12
4940.06578896459,225.9227415628343,-1.19841930814343e-11
4941.210994054655,226.02696658930628,-4.0007829472374e-12
4944.311521901172,226.30926663331113,4.882833123305166e-13
4945.034941477646,226.37515876068787,1.992847686329862e-11
4948.277923015403,226.67066176432908,4.881402982874925e-13
4952.520485085923,227.05753982559293,7.1145289816715014e-12
4960.014775120382,227.74175219588355,5.213275711953243e-11
4960.610062991936,227.79614503659826,-1.2346804291308657e-12
4968.580255619208,228.52502889554455,3.210653957854779e-12
4975.647184579926,229.17228693650458,-2.5471714310848233e-11
4976.892934357614,229.2864801870037,5.126694624115443e-14
4977.926443639781,229.38123983657943,1.4240343929737355e-11
4985.726595558501,230.09704913749957,1.925169139339194e-13
4986.796729067521,230.19534125792805,-2.5492545731844287e-12
4987.9140563569135,230.29799065393706,-1.502034358850378e-11
4988.553367142783,230.35673478718755,3.882801540967202e-12
4995.983736716427,231.04003889345498,-2.8929088031255873e-12
5000.383074464484,231.44508565953976,2.1290563708454827e-11
5002.546119111657,231.6443677904423,8.646011735373607e-12
5007.213637561789,232.07468169303587,2.960794682966443e-11
5009.196838118886,232.25764096756708,1.6641563357873562e-12
5015.9358937381185,232.8798908913892,1.7296773073935613e-11
5016.47495061973,232.92970078149983,-2.1177971354079573e-12
5018.685479830644,233.13401390259224,-3.8582393011517245e-12
5023.541879580402,233.58319364092574,3.357237112886753e-12
5029.622783822652,234.14624322315234,-3.4478255512543206e-12
5031.0120442469215,234.2749746935446,-6.344431969925135e-12
5034.57203878919,234.6050127289653,2.470078584890984e-12
5037.561161611146,234.88230700250216,1.590769263863107e-11
5044.381921326876,235.51566997718257,1.5803966513856828e-13
5049.644727648526,236.00495003458803,-1.2859912343779295e-12
5051.1949915717605,236.14917445431777,-4.5036222460899907e-13
5053.83182490103,236.39458647416268,-3.8880817987660646e-12
5060.488119468345,237.01466244291777,8.219712502467666e-12
5065.1776493756,237.45201188604918,2.132035555064969e-13
5069.144050489761,237.822237956668,-4.6482954937025315e-12
5071.959961737116,238.08525257037877,-1.9797370004613153e-11
5080.927330202937,238.92380507456696,-1.5758365307385262e-12
5082.560355178039,239.07667120495518,-2.9448570001394097e-12
5083.314532637847,239.14728572131764,2.2804086000550354e-12
5086.30606015386,239.4274891417933,-1.827734876053763e-12
5088.622709612511,239.64459292006828,4.758881863103202e-14
5095.297553987524,240.27067578061184,1.060326387444856e-11
5099.513585996019,240.66655140765985,-4.556861528597806e-12
5101.422771927406,240.84592724588066,1.245300222144063e-11
5108.727123706725,241.53282085991378,-1.8569085764291026e-11
5120.115147968196,242.60569936802747,6.432530160144697e-12
5121.109919112786,242.6995313240527,2.775081625594531e-12
5123.372451492196,242.91301295036493,7.323635877886033e-12
5126.458948135685,243.2043919250426,8.736920027929334e-13
5131.10973990534,243.64377872841104,-4.0713679195883397e-13
5133.57893722013,243.8772197945525,1.312210504309819e-11
5144.592369748356,244.91981140848944,-1.1582568900247103e-12
5147.028404485715,245.15072150985557,3.8879802084904745e-12
5149.724930454317,245.40645087246008,-5.9599707777652476e-12
5150.2713860233835,245.45829118435023,-7.125907152369291e-12
5151.357955429404,245.5613865331609,-5.147760972512541e-13
5161.458320909542,246.52076518392388,-4.620920540474325e-11
5162.445402583289,246.6146234905948,2.1238585125816136e-11
5164.6705445638545,246.82627065803254,-5.217651466065223e-12
5164.840585272385,246.84244804424839,-4.59720703320087e-12
5168.368474192518,247.1782056029495,-4.498431630845522e-11
5168.395004254457,247.18073140041415,4.646008050375788e-11
5170.103391593951,247.34340590358948,-8.562949715036252e-13
5170.568143066493,247.38766934715662,-4.757207815565961e-12
5176.739788614708,247.97584091823174,-4.8246908038423057e-11
5181.97712182968,248.47552078431528,5.508497724005722e-12
5185.520389691478,248.81386098683282,-1.174026931350798e-13
5187.419772241303,248.99532478483096,4.192376554640184e-11
5187.929894366887,249.04407231118606,-1.1663533023884658e-11
5190.520300087715,249.29168675601366,-1.809355918766303e-11
5190.7060105212895,249.3094433899983,-3.2126388554957747e-11
5198.963224441491,250.09959592481525,-7.364765735700035e-13
5202.222932659533,250.41187096773183,-1.2068236848104568e-12
5202.7341117404685,250.46085889275287,-1.4422187216479911e-11
5202.926454689528,250.47929297859702,1.8280516037688266e-11
5209.14981262287,251.07610532727583,3.54763112283764e-12
5214.318706772268,251.57233825393172,1.4318634696690012e-12
5217.239390528603,251.85295229401368,3.03571423154722e-12
5218.6384543343775,251.98742749075353,-7.570617767166864e-12
5225.58840271021,252.6559769704876,-2.7297222563954197e-11
5233.088268304527,253.3784238133144,-1.3594733222689443e-11
5233.938471847163,253.460387582933,4.127212490613144e-13
5237.84200945582,253.83687856443683,2.9236953074851334e-11
5241.976046584345,254.2359069541506,-2.64253676771067e-11
5246.322324208376,254.6557608406045,4.335714219565635e-11
5251.975867376743,255.20241832296907,-1.7777014045105432e-13
5260.537120053828,256.03135153494196,1.418462840400024e-11
5262.375462225547,256.2095229349979,3.41174901738269e-11
5266.621195161947,256.6212556164688,-1.3935605800216278e-12
5267.866944939587,256.74212601022157,-3.430069326861436e-14
5281.637653030896,258.08015036355835,1.577714656987798e-13
5282.404038566302,258.1547184650215,-3.676034916789531e-12
5285.587327464551,258.46456324540964,-2.2791676416205035e-11
5286.723786128376,258.57522543489034,2.9287019819033234e-11
5288.790804692625,258.77656149506697,1.832754325764387e-12
5297.403769754826,259.6163467358261,4.719242959307678e-12
5297.43347068282,259.6192450134797,-1.9577449792433654e-13
5299.016897183429,259.77378255447104,3.991413845134867e-11
5301.676032753145,260.0334098885334,2.8318295383952806e-12
5302.866317712824,260.1496667399557,-1.1037906346108096e-11
5306.949699411516,260.5486948681599,-5.494909826854838e-13
5307.63995641053,260.6161771421182,-9.47717748052794e-12
5310.1706694919585,260.8636648111242,-6.1064547628347444e-12
5310.223729615836,260.8688550169954,3.0970598684824615e-12
5316.1202711630185,261.4459627768789,-3.8291277183594325e-11
5316.40200767943,261.4735529942299,2.4330146043151074e-11
5318.863224739953,261.71464006601127,1.655378250749255e-11
5321.399513381511,261.96319747256746,8.751365349032571e-13
5321.986054826847,262.0206956634456,4.244781472323866e-12
5325.942361775967,262.40869482018115,-8.465075439782242e-13
5336.089154864281,263.40511943258997,1.504376731497976e-12
5337.735444870301,263.56696547481954,9.92405924306394e-12
5349.571784706956,264.73206064023503,1.477394789162127e-11
5351.675136714671,264.93937148700036,2.7489793572947055e-11
5352.735176058725,265.04388210419006,-4.565201639009147e-11
5353.980925836351,265.16672860359375,3.418190836283954e-12
5354.105595891835,265.17902420297537,-1.4879958884116629e-12
5365.335496736682,266.28774895632574,1.3601523788544472e-12
5371.795220533274,266.92656802211275,-4.1867996291529965e-12
5371.854913172635,266.9324747684296,-5.6806502418055496e-12
5377.318518085941,267.4733910288952,1.5086348317494726e-11
5379.596720190327,267.6991035622449,-3.1839370669841024e-14
5386.233117210917,268.3571484975064,2.0997604862594698e-11
5393.02388521498,269.0313401956266,3.1000173263495204e-11
5393.1830655866115,269.0471539119179,-2.4680038738429443e-11
5394.713431963324,269.1992114191002,1.3457484828213856e-11
5397.693808358957,269.4954660309493,2.3359246302161176e-12
5402.096316972845,269.93338243132894,-4.589350607840418e-12
5410.879322743456,270.8080923933336,5.467394076482543e-11
5416.232579587575,271.34192658472546,-2.6005934887950077e-12
5418.299598151794,271.54819380735165,1.8642215741728606e-12
5426.386005191269,272.35589038797093,-1.0037203646206792e-11
5429.049368582354,272.6221794648396,-6.712881960496323e-13
5440.6989410299675,273.78846571250483,3.987497798693706e-12
5442.265640850152,273.94550513496097,3.821114996591588e-13
5442.581596899337,273.97718072350773,-4.0022185242252214e-11
5445.6821247456555,274.2881159646747,-2.084895555414783e-11
5447.765869990265,274.49718305074,-3.842978838332171e-11
5453.288110587533,275.05162935713315,-1.4992805034767226e-12
5453.419413158499,275.06481928975563,1.1619391883119706e-12
5470.030448647971,276.73603383088215,9.837288184249184e-12
5472.581059275806,276.99309757330934,1.4692659025515968e-12
5472.798584548073,277.01502644218795,-2.952674333812081e-12
5477.248577725668,277.4638245475924,2.2680988286734866e-12
5479.368656413747,277.677770537325,7.867670169521843e-13
5482.217730238387,277.96541286438264,-1.361125128113517e-11
5484.808135959128,278.2270698526899,5.092804783095915e-12
5485.460711775925,278.2930060545263,-8.17908467700136e-12
5485.619892147554,278.309090815079,5.0317231224646026e-11
5490.857225362336,278.83856996422134,-5.7448690010862874e-12
5492.798226132331,279.03492782348104,-1.3778316668784253e-12
5497.203139440249,279.4808004309993,-2.4200327198218285e-12
5499.586114053631,279.7221580416689,3.3504903717798844e-11
5500.460442964102,279.81073995207385,1.3125577715344245e-11
5505.292717345712,280.3005718174369,-9.579757723743647e-13
5507.609366804247,280.5355555412764,4.713021345068544e-12
5509.479814597987,280.7253520135914,-2.6477395775026254e-13
5510.567440959313,280.83574433398826,5.6416772496429415e-11
5511.806558221432,280.96153929073796,-1.906488689229797e-11
5513.262909972445,281.1094240085422,-1.3569094205744072e-12
5515.180842329925,281.3042393700683,-3.020956214686746e-14
5517.166447580978,281.50600004281995,-3.4874687329245545e-11
5526.046536389667,282.4092094191047,1.8295997544460688e-12
5527.518557865725,282.5590716520709,7.895437883277338e-12
5527.846431207152,282.592456920461,-1.6532119984546854e-12
5538.473354709435,283.67560154897535,-2.2920608484798203e-11
5546.51650500647,284.49677928157814,1.5758957296910498e-12
5546.596095192283,284.504911117739,1.65926786208274e-11
5546.72211298649,284.5177867636363,-3.049129966185893e-11
5547.165909957209,284.56313326563645,3.690916071047735e-12
5548.118772098138,284.6605075327009,2.953619288911056e-13
5548.642159254669,284.7140002883548,-8.31172890920031e-13
5552.565594409641,285.11515545452215,-4.505134484753158e-12
5567.608291556677,286.65583731864245,-3.24273229093033e-11
5567.794001990243,286.6748839376905,3.9404840985633295e-13
5569.41722358371,286.8413899607294,-1.4793145089952642e-11
5573.3780491375055,287.2478852775797,2.4593987639869855e-12
5574.743950365801,287.38813328133574,-1.0864809590496352e-11
5586.805214161877,288.62805130429825,-1.0701144268071795e-12
5589.6609205019695,288.9220150227477,1.6362729916092856e-12
5591.20455190962,289.08097753161763,2.0635672509412284e-11
5595.603889657359,289.5342602759715,-3.0543321779601826e-11
5596.156977741883,289.5912725553213,-1.1927950287614632e-11
5598.114705192255,289.7931202312538,-2.159729908206106e-11
5600.2040259969635,290.00861346248513,2.677948499914438e-13
5621.913111875717,292.2524541267263,-4.876397207594451e-11
5625.282111207412,292.6014504393108,-2.5373719779468806e-11
5632.480342738539,293.34781940362086,1.7383442372448723e-11
5636.04696979604,293.71798882631253,-1.3190293975690787e-14
5638.4299444093895,293.96544112777957,7.89496839604374e-12
5642.139025158118,294.35080675357676,-6.306894816257761e-13
5643.7091866277,294.5140195481399,-2.4975128875667217e-12
5644.954936405287,294.64354319079735,-2.286871962436268e-12
5647.165465616038,294.87344767303335,2.4160320242192107e-12
5648.3050951458745,294.99200917764216,4.808902208967e-11
5653.48831128134,295.53154758197263,-2.596084510054831e-12
5658.162462246598,296.0185200449892,-4.7241819436652026e-12
5658.2927078622115,296.03209533762237,-4.6496360724246903e-11
5658.451888233837,296.0486868780214,-1.540756923105448e-11
5660.555240241482,296.2679653387,-1.3859962572709125e-12
5666.041147395152,296.84026509141484,-5.219279428504075e-11
5668.345588778031,297.0808339306036,1.592928102163932e-12
5670.761725968794,297.3331681419263,-8.962085475173816e-12
5675.204029675462,297.7973897964235,4.261065487077202e-12
5676.641540835349,297.9476878579729,-2.6241548080472466e-11
5679.523777237353,298.2491529184866,3.6576746917610623e-13
5681.590795801516,298.46544518753984,-3.342829692192509e-13
5686.8909925216085,299.0204159955763,-3.979936446014398e-12
5690.071110553662,299.35364686855837,4.595565795579163e-11
5694.241771908833,299.7909548775018,-4.530861104669829e-13
5695.113220736603,299.8823697167041,-2.1898041248677728e-11
5701.970313895293,300.60216577021924,2.9524640077975114e-12
5706.696468029052,301.09877919653565,-7.124285395657919e-12
5712.453726750811,301.70429462252827,1.0075960495522134e-12
5720.0233791490045,302.50135635228105,4.4910779454767245e-13
5727.933879136208,303.3354361715622,-3.4217808682255993e-12
5728.763128176992,303.42293859583646,4.926602756743117e-11
5732.612548706214,303.82929563385693,4.929079322777025e-12
5735.266108715675,304.1095727772858,1.046757295668572e-11
5735.440377245601,304.12798409255515,6.930097740198681e-13
5740.625998075101,304.67609631885654,-4.580762065576633e-11
5743.789389426741,305.0107052243738,-5.256157649674353e-11
5748.039640967701,305.46056739007156,-1.470662006372452e-11
5761.389620500112,306.87574212954286,1.1193632824038013e-12
5764.238694324671,307.17818544680046,2.3499892110942034e-12
5770.2710570473155,307.81904412263,9.284671962632907e-12
5772.25531455959,308.0299917226374,-1.917102199824254e-11
5778.910552171015,308.7380435790201,-1.0259027868403085e-11
5781.421367705868,309.00538163816617,1.319761656659485e-11
5783.008255855825,309.1744047972929,1.5781682618500062e-12
5784.078098581373,309.28838242038256,3.5691901129287354e-11
5784.421641647835,309.32498687234533,3.684468852544545e-12
5798.5833773686045,310.8358092545481,-3.1530934465892082e-12
5803.453042148899,311.3561753239877,1.2302851329246863e-11
5805.21977438891,311.5450740310479,1.100495545900775e-11
5806.553569995107,311.68772131681595,-1.4662863077437128e-12
5807.770385016662,311.81788630340964,1.6863407970595617e-12
5808.690375363517,311.9163175035238,-1.4046524095840854e-12
5813.014350746762,312.37915520688875,1.2982174124039466e-11
5814.971021241739,312.58871012265644,-3.5852953124746658e-12
5816.680465536466,312.77184540160516,-8.019420775034418e-13
5817.419264054542,312.85101063162784,8.192125737386007e-12
5819.507237120482,313.07479969750136,4.600915664462153e-12
5822.770116204365,313.4246760587984,-3.7364049585557206e-11
5826.046551102587,313.7762033384866,3.6369597665695285e-11
5829.639708221962,314.1619389516158,-4.6614578725415455e-12
5830.702918432024,314.276123182363,7.556773857103806e-13
5833.319854214611,314.5572595986388,4.3993870785996504e-13
5834.616259421974,314.69657864382316,3.280062631887953e-12
5837.490515569724,315.0055728959094,8.621146466430501e-14
5845.351707865771,315.8514604041302,1.9304690615486997e-12
5847.353458230409,316.06703649643754,1.1555965988242584e-12
5856.764914449542,317.0815812557013,1.875794260208829e-12
5860.836088072384,317.5209549075643,-1.7762331518020363e-11
5864.555262985949,317.9226066271394,-7.455236992108419e-12
5866.7060995572965,318.15500217456616,4.6107257266622894e-11
5873.271943601311,318.86496159724857,-1.0274068214807196e-12
5873.3051061787355,318.8685494555992,-2.8252638294751375e-11
5876.674105510351,319.233146969592,-4.10936688268374e-13
5877.405980729564,319.31237910629386,-3.691790440062772e-12
5877.512100977312,319.32386840556956,1.716073161454112e-11
5880.634931064031,319.66206008744217,-1.0946842412488e-12
5887.250373582484,320.37908295593894,-3.616968493808998e-12
5890.83555044763,320.76800358864404,6.465261390754756e-12
5891.514656326338,320.8416997890226,1.511180588572972e-11
5899.6970894482765,321.73032081053407,2.720209206203551e-11
5903.413859667753,322.13437338868886,-2.6168287676274603e-12
5903.466919791626,322.1401434325906,-4.59055427380751e-11
5911.240541647604,322.98604935100553,2.0909514112260087e-12
5913.218166644371,323.2014271288882,1.4175315725946974e-13
5913.437039655352,323.22526842315006,-7.467908131405961e-12
5918.846527489138,323.8147909399628,-3.336946049544376e-13
5922.544457117506,324.2180991318713,-1.7005986937812435e-12
5925.730150709625,324.5657431758888,-1.4895461496766104e-12
5930.156018519165,325.0490335434753,-9.290527073780677e-12
5930.793215394263,325.11864308356826,5.0853562076029135e-11
5943.115261204532,326.4662157587208,-6.2039048350786624e-12
5944.553829319738,326.6237238315179,-7.394580241886785e-12
5944.881993444522,326.6596596903744,2.6270480395155448e-11
5952.782690050025,327.5254302022755,1.5472740875694081e-12
5958.436233217986,328.1456599603937,-1.8078401802686219e-12
5958.66250491643,328.1704956632116,-3.7333978361930994e-11
5960.915233914101,328.4178078399133,1.0989693910816337e-12
5966.1780402352315,328.9959407381332,-2.850669030760334e-12
5968.219585692756,329.22034713772376,-1.1003620614923935e-11
5976.285038229998,330.1076513899255,-3.767152516571804e-12
5979.764385630742,330.490794636911,2.7332304958658017e-11
5980.602381097696,330.5831074205292,9.586266518153744e-12
5982.35479135136,330.7761930772594,2.7729179413526255e-12
5984.842538473658,331.05039744282055,5.021267488056258e-12
5988.403880754285,331.443133988975,-3.8143817353367686e-13
5991.294572799024,331.7620845670831,2.529199552849484e-13
5996.551803560008,332.3425466945461,4.0604638392128455e-12
6012.946370731723,334.1559754413648,-5.354047640803353e-12
6014.431366455309,334.32047768811134,-3.799885140146398e-11
6016.551445143283,334.555402434495,1.289748200951757e-12
6019.950436186225,334.9322155305648,-5.159084875874199e-12
6023.1934177236,335.29193175812566,-8.426254146789595e-12
6025.903208722923,335.5926542858008,5.326256268089903e-12
6027.417139202523,335.76072355506824,1.830032105532877e-11
6030.630419811901,336.11758639374443,-3.860579691046628e-11
6034.0842941060455,336.5013813508802,6.189193454479832e-14
6034.763399984745,336.576869534679,-2.8753817671377864e-12
6037.643231692581,336.89708082776696,-2.483802129852755e-12
6047.123126977109,337.9522387852534,2.8091666613006144e-13
6049.506101590371,338.21773569169716,4.776979607218756e-11
6050.0127620664825,338.27419828326697,-2.817451321037161e-11
6052.292021126072,338.52825896299845,-1.6029487755488715e-12
6053.099258709677,338.61826173496564,2.5592967382658484e-12
6055.212704882162,338.85395679111787,-1.5721347148724677e-12
6056.762968805231,339.0268971318906,4.5927549182895435e-12
6062.279633842052,339.6426700821964,1.574290444948282e-11
6081.661976096585,341.8105818785551,-2.0250220459197965e-11
6089.748383135558,342.7170910100715,3.0766103875935586e-12
6092.2790962167965,343.0010385855774,2.1259650937368227e-12
6095.0915458144245,343.3167355800049,3.54632313520787e-11
6096.743702163829,343.50225778998157,-2.5082934256046823e-12
6098.03875963244,343.64771618066635,-1.7433301599248669e-12
6098.510434403796,343.7007014686877,3.6220517234198755e-11
6105.81478618237,344.52175435649434,3.826040715620578e-12
6113.810451915255,345.4216418094204,-3.216744277605281e-13
6114.099877902479,345.4542378949465,-1.1476258521840199e-11
6117.474162010792,345.8343744854152,7.775424854658427e-13
6119.511479646881,346.06399404264346,5.1416360849356864e-14
6119.817341531133,346.09847335869483,5.671909444430036e-11
6130.239238619587,347.2743467287324,-4.718769621507533e-11
6135.476571834062,347.8660156859973,5.387553017804935e-12
6143.879701094145,348.8163848229923,8.892173120157947e-12
6144.205460524849,348.8532534436494,-3.1420911572600265e-11
6147.738925004771,349.253287528219,-1.2548858084723303e-12
6148.809824685639,349.3745726992772,-4.056054228247032e-11
6154.858914088485,350.06006141981254,-2.5966286852515374e-11
6155.186787429891,350.09723560447486,1.576288460649351e-11
6155.292907677638,350.10926791167253,1.7737412055629186e-13
6156.42590469194,350.2377442450047,1.7878999418270583e-11
6156.925932652563,350.29445249679435,-6.762423485649653e-13
6158.509359153042,350.4740595368887,2.3650600721521147e-11
6159.426944805795,350.5781618185893,-5.252204036509385e-12
6165.0553056504505,351.2170521220086,3.4963976004874333e-12
6165.892244162041,351.312105090157,8.67280530288675e-13
6167.581790910263,351.50402998737354,-8.171157007426597e-12
6171.109679830047,351.904951801839,-2.9299912161328585e-12
6172.137904335326,352.0218460307056,-7.40428899047473e-12
6177.785871943055,352.664285410922,6.566852629788843e-12
6180.561988097189,352.9802756945868,1.25748324684016e-11
6182.1852096905695,353.16510399926165,2.9462339399609035e-11
6189.042302848976,353.9464232475796,-4.52759929925109e-11
6189.0985338389055,353.95283396787875,2.7542419654464926e-11
6191.341459454995,354.2085904387206,2.8594389615193126e-11
6194.507255500593,354.56973774790436,-1.0047115854132783e-13
6197.738028962306,354.9384878827956,2.3219490700669246e-11
6198.170965596108,354.9879164925213,1.0970047513165537e-12
6203.2239361157235,355.56507218251164,3.56421778420207e-11
6213.8243295554375,356.77738873232545,-4.3015900000778735e-11
6214.036570050931,356.80168280434503,1.3872756298783441e-11
6224.636963490638,358.0161106989456,7.468158195013583e-12
6231.424560628125,358.7948148369762,8.573545020194259e-14
6235.527839872914,359.26597336338955,-4.0451074351465347e-13
6236.810980049267,359.4133734313138,2.3490238234700562e-11
6238.3402894705105,359.5890916793037,3.3948529467993565e-13
6240.223236123118,359.8055021602004,2.8642798362904488e-11
6243.756700603014,360.2117859285858,-1.0350973326006288e-12
6248.626365383136,360.7720851759501,1.2433252454991411e-11
6253.762096954597,361.36347110250676,-2.7395057901198986e-11
6254.205893925288,361.41459768628954,1.1874892882364418e-12
6261.78534970468,362.28833111942566,-4.718659284335519e-12
6266.105097266358,362.786770095432,3.274579095223434e-11
6269.901457671537,363.2251012362346,2.3794678813199666e-11
6272.676226086926,363.54564639491997,1.9351740321213566e-12
6285.792244449489,365.0627469792364,3.6851401181877605e-11
6288.328533090822,365.3564794675063,3.746983064798419e-12
6289.409526936591,365.4817074683503,-1.5784830040873566e-12
6291.532010318596,365.7276497075958,3.2574008045792754e-12
6296.535091580362,366.3077088634327,1.1661136595234396e-11
6302.839096654221,367.0392541362348,2.7643176940569383e-12
6302.971746963904,367.05465534239215,-4.8121453800596814e-11
6303.071234696164,367.0662064597217,1.4448606273819247e-11
6306.237030741737,367.4338694156884,-9.325759379479661e-14
6316.7843640575,368.66012689443403,-1.7148326090302612e-12
6320.191044571199,369.0566333173387,-1.0776943131228384e-12
6320.581781418017,369.10212517524786,7.979225465321697e-12
6325.2217128502425,369.64254798570283,6.060841592276378e-14
6328.830539694519,370.06314999987273,5.379881064662735e-12
6331.510338982418,370.3756308061916,-1.1119441571889984e-12
6333.160090637718,370.56806761463116,1.168443158597518e-12
6336.74103968133,370.9859432471877,7.833938962617308e-12
6338.724240238165,371.2174726895247,4.93006359078889e-12
6339.732567196978,371.3352179552629,2.0534910352704776e-11
6343.070517861755,371.7251337635733,3.819146017336359e-12
6343.266031676851,371.7479786686939,1.072329684932051e-12
6352.290688086836,372.8032353399484,-8.163593382358338e-13
6354.416342334891,373.0520072392333,1.7903722122035469e-12
6355.139761911261,373.13669025572017,1.8058995954299773e-11
6356.557375524615,373.3026631212457,-3.1616324226922326e-12
6358.382743448554,373.5164299989298,-9.670435232640715e-12
6363.682940168354,374.13747819194293,-2.8808712804808768e-11
6367.339251576361,374.56620647300485,1.1679114491627483e-11
6371.7693472071605,375.085996354713,-5.311402789266406e-13
6379.885455173953,376.0392095447848,-9.815871013375022e-12
6384.536246943053,376.5859783375115,-1.9358811182912287e-11
6390.4858486135345,377.28602216461314,4.012738681181435e-11
6396.8460846772805,378.0351032891513,2.1468821085867517e-12
6406.088557142856,379.1249699656701,1.464059147173792e-12
6407.390537910294,379.27862518387707,-3.777028376810148e-11
6414.588769440961,380.12869885123075,-6.051416409642585e-12
6418.973785202081,380.6470142010072,-4.621854132706412e-12
6420.217130285515,380.79404388308,-3.337460044024524e-12
6423.529898627063,381.18592874754114,9.620196706026555e-12
6427.1007535057415,381.60857042566863,-5.048759898009286e-11
6428.697445037156,381.7976287256796,-2.859412598012294e-12
6431.933027886971,382.1808860511113,-2.8057768474678305e-12
6435.033555733028,382.54832694524345,9.179995752307094e-13
6439.78383523437,383.1116219783077,-2.218755800852619e-12
6440.649708501956,383.214343274987,3.134697762562085e-11
6444.379743752247,383.6570070992872,-1.1493906534040132e-11
6446.087840308167,383.85980187750346,2.6462155471062447e-14
6446.266918226235,383.88106612234526,-1.1865703796022638e-13
6447.665982031855,384.04721545727375,1.4414613985907323e-11
6465.978481560353,386.22528695488415,1.6897906243586332e-11
6470.665897556276,386.7837967801114,-3.410442466275101e-11
6471.215814774703,386.84934643721294,-1.9292804314186492e-12
6479.944703465282,387.89056840330477,1.1251801221724079e-11
6482.109862022849,388.14905571581323,-1.2933508576587423e-13
6485.24490018504,388.52348508331556,-6.153116851634719e-12
6489.442091601883,389.02505484436347,-1.3112732753420757e-11
6491.461625602173,389.26650738409165,1.1853319473675018e-12
6492.025864806921,389.33398042795216,-7.02918152967803e-12
6492.165147632084,389.3506370964757,-6.4024432349630255e-12
6500.01835967353,390.2903715505457,7.203044650832554e-12
6500.648633249744,390.3658408665996,-6.646362930279529e-12
6504.282642417189,390.8011219161828,9.089561641816376e-13
6507.877147275101,391.2319104573682,2.651459088550728e-12
6511.325446008994,391.6454003973919,1.2881163759273056e-11
6514.078202967182,391.9756442482536,1.1639426481550901e-11
6515.047791788433,392.0919975103058,-3.4777145417153854e-13
6517.548803941601,392.3922056302011,-2.412381605790689e-13
6520.047702184065,392.69227508401804,-4.786870582103815e-12
6521.2934519615665,392.84190855640213,3.8533745707343623e-13
6524.837776778287,393.26779217779716,4.376601759127329e-11
6527.0807023943225,393.5374201239507,-1.0239558469824699e-11
6531.214739522373,394.0346263325062,-5.4970907874684663e-11
6536.460819162888,394.6660326206713,2.5519708158135934e-13
6541.214560313627,395.2386199889011,-1.4926707196389903e-12
6543.683757628097,395.53619867924215,1.1889806153344685e-11
6549.563572494249,396.2452647485182,2.722660139124139e-11
6549.775812989736,396.2708714315185,-4.967773366032566e-12
6549.907115560691,396.28671342002065,6.559248982232018e-12
6552.759360251133,396.6309223606685,3.1565759718211695e-12
6558.133571596542,397.27988947840845,4.593329675807446e-11
6559.826289210775,397.4844051022025,8.570629606056813e-12
6561.462775835083,397.6821770283345,2.604968687613267e-13
6564.59992790796,398.06144461321645,-1.2496177278125148e-11
6567.796481836822,398.4480800883436,-1.3312295399713783e-11
6571.430491004251,398.88785607686634,-2.245553363615544e-12
6571.595246935998,398.9078000691726,-6.697565576653868e-12
6574.826020397631,399.29899185922073,4.1607428999539623e-11
6574.985200769244,399.31827086850177,-3.414614609117763e-11
6575.4125618429025,399.3700326876457,-4.768495319112247e-11
6575.962479061325,399.43664341269323,-1.0256823173689997e-11
6589.279296015474,401.051392134413,-4.0014642757000435e-11
6600.882440853577,402.46101038606724,4.932459407007859e-12
6602.2120086382865,402.62269246834103,1.8604608559954584e-13
6605.640700609077,403.0397887974228,-8.520703675365833e-12
6608.085190988933,403.33729039755843,9.039579368792354e-12
6618.844764799974,404.64807038747756,-3.3191726940497705e-11
6620.882082435993,404.89650577061883,1.7426672297812585e-12
6629.46188491979,405.9435863928185,-4.02250900819474e-13
6633.023227200254,406.3786114824013,3.576657870308725e-13
6638.810477632969,407.0860340129812,-5.1739181212553485e-12
6643.193088699953,407.6221665981011,-1.2317327791062014e-11
6643.344288817357,407.64066949044803,1.4613773583637636e-12
6646.663689674343,408.0469824021832,1.3152644998462286e-12
6647.531386069249,408.1532266730277,-1.7294426457919332e-13
6654.383194450681,408.99267707923576,-3.334423448589178e-12
6657.326946619155,409.3535969363994,1.1142005160771997e-13
6662.7433577515085,410.0180951521183,3.5530478669350733e-13
6664.019865412341,410.1747788407888,-1.883106233402227e-11
6675.471810132983,411.58177918396933,-7.353331977645945e-12
6679.382746428618,412.062835127202,4.313440163428073e-12
6684.332001394406,412.6720110143759,-5.940318699296895e-13
6692.041702789188,413.6218535871144,1.7730292501236154e-11
6694.125448033587,413.87876094655417,-4.4791900229087256e-11
6694.632108509676,413.94123979038477,-7.870834827139983e-12
6694.862898812889,413.9697012674827,4.028654918664224e-12
6699.541568382555,414.5468948096141,1.09710954481187e-11
6706.845920160831,415.44881711692096,3.990862440086809e-12
6707.538291070469,415.53436026596455,3.877646036600358e-12
6715.379295036194,416.5037407615492,4.144208259346609e-12
6715.521748727412,416.52136273474747,3.82717964151361e-12
6715.624698109098,416.5340981323144,3.5149387326322546e-12
6720.328550001972,417.11619840530625,-1.5670869606122929e-12
6721.804799299297,417.2989678462118,-1.323168044376904e-12
6722.670672566869,417.4061873702232,-5.411460054654856e-12
6725.223687888525,417.7224030420945,-9.233920726878517e-12
6728.808864753457,418.1666646043081,-7.2575256214898994e-12
6731.504333766329,418.50083285780437,3.2081214577505134e-12
6732.585327612068,418.63488565993663,3.411383018389419e-12
6732.658285282391,418.64393383204344,4.871843176098405e-11
6737.670403753575,419.2657688868142,-1.2418983296573592e-11
6746.193975247382,420.3243195876524,1.3629379026599754e-12
6750.3280123753775,420.83821166153854,3.830092214540425e-12
6751.191480948869,420.9455870785669,-1.591225858778638e-13
6756.546085531132,421.61175804304713,-1.503069466253079e-11
6758.719224342871,421.88227078331613,1.0760659005807437e-11
6759.26914156129,421.95073837726954,-3.4448491637373282e-12
6768.607349326116,423.114244952211,-1.4361355561120469e-12
6770.2228814486,423.3156973403954,1.053486330768068e-12
6776.218910727325,424.0638059624758,4.116053338752631e-12
6782.527143622399,424.851582288817,8.300568725880359e-12
6782.6695973136175,424.86938046427963,-9.454895117559588e-12
6798.718507507311,426.87692591634027,2.6001570015649393e-13
6806.405140489533,427.8401211354146,1.2212205816792317e-11
6807.275241578509,427.94922017875035,-3.2057110437915013e-12
6810.6707709718385,428.37510756981044,-2.0297816812069012e-12
6815.908104186079,429.0324213245381,2.317455824539966e-13
6818.154966840112,429.31456966777995,-5.811883775074328e-11
6820.232079569013,429.5754844941589,-1.7915758167761187e-11
6822.248442703205,429.8288443311385,8.175506717842892e-12
6822.815852773999,429.90015398134585,-5.636396760055021e-12
6822.975033145611,429.92016014909314,-2.516212387593123e-11
6824.636992876476,430.1290670779615,-1.3515670963183376e-12
6826.59231563259,430.3749146346597,-2.5871389764755485e-12
6826.804556128074,430.40160439322545,-2.7624715422945773e-11
6833.717880276122,431.27142543465953,-2.2062863293743583e-12
6836.857437043024,431.6667290733965,7.690605456412035e-13
6844.441120643545,432.6223446184162,3.8193949457675425e-11
6846.620891970757,432.8972123467224,2.157196065415249e-12
6852.563861125586,433.64706145442625,-1.2397822942269638e-11
6852.569436685719,433.64776525148574,-3.184921577031077e-13
6852.686417270352,433.66253171902474,-3.625709617690355e-11
6857.032694893805,434.2113413206562,-1.3798171264281342e-13
6858.770492377673,434.4308724384693,-7.281763727019181e-13
6871.772991804546,436.0752072501974,1.2299680836539363e-12
6872.057608403608,436.11123554423773,-6.947279497987139e-14
6878.169561311582,436.8852793733643,-2.461612353525509e-12
6880.147186308219,437.1358816006135,6.067850149595085e-13
6881.430326484518,437.29851809480556,6.561905248375042e-12
6882.685879643533,437.4576873249363,-7.433654378041854e-13
6887.353398092886,438.0496535142877,-4.491878714275681e-11
6889.553066966542,438.32876949286197,-1.5310932572843275e-11
6892.818350744259,438.7432656993208,-8.3477209945833e-12
6893.186019178555,438.78994995484874,-1.2445151682932409e-13
6894.468102399502,438.9527604048275,5.967232609971971e-13
6897.13569361169,439.2916121528579,-8.577245273345975e-12
6898.381443389163,439.44989887414647,2.568587929025456e-11
6908.981836828412,440.79795637179217,-3.4365455902242012e-12
6911.151804774076,441.07416754422644,1.7074907852798488e-11
6920.6547684705665,442.28480374799665,1.2320332359255419e-12
6925.2856626930625,442.87536235023083,-1.1073115967963046e-13
6929.552350130693,443.4198248360599,-1.0313380323511662e-13
6930.252410511159,443.5091900073731,-2.3863162412375757e-12
6933.601512296081,443.9368395387721,8.938249838805542e-12
6943.054877518117,445.145062128557,5.988290792738613e-12
6943.824433919476,445.2434906125864,1.4363412836469881e-11
6947.03108201318,445.6537475899708,-1.5653049689587468e-11
6950.33299001773,446.0763900096532,1.023488958171268e-12
6952.073192195665,446.29921575140156,1.28434464403184e-11
6954.584007730313,446.62081367527634,2.1007269185493456e-11
6957.39991897721,446.9816279488927,2.2787478201918836e-12
6957.584281672034,447.00525619279233,-1.5641677387823068e-12
6962.67041476883,447.6573507606728,-4.081049351015963e-12
6963.656439487077,447.78382441470126,1.9526764159989506e-12
6965.880233728584,448.0691278180972,4.7895267630585817e-11
6968.762470130321,448.43904211468464,-1.28071028829235e-13
6969.413698208323,448.5226437449626,-3.431952970896033e-13
6973.449886126105,449.0409650212703,-5.044128141472338e-12
6974.062666849927,449.11968365292574,-3.0607074605226978e-12
6981.853015385742,450.12104518830233,-4.603582374750248e-12
6983.502767040976,450.33324561707155,6.214771666385869e-13
6989.572520161934,451.114403295725,-3.8264305777403676e-12
6992.8322283795005,451.53419734385943,1.1853723682721959e-11
6997.40025909657,452.12281004242897,5.895263877056942e-12
7000.74936088148,452.5546021082389,1.790260004497759e-11
7013.644683105165,454.21909598967073,3.6198265071348936e-12
7018.919406718174,454.90082601609225,-8.175662139611206e-12
7020.164099540286,455.061770694852,8.832578509402491e-13
7029.864690962512,456.31708103791595,1.6038703722217562e-11
7037.8314219389185,457.3493165836975,-1.0892894979114471e-11
7041.038070032608,457.7651264260872,-1.2156490676218284e-11
7041.465431106252,457.8205571447965,-1.7196643418297498e-13
7044.92728565438,458.26969978625516,-2.7241555488599745e-12
7048.5347647597755,458.7379707129015,-3.994017252786737e-12
7052.00988433887,459.1892873271143,3.541232956438213e-11
7055.074078741338,459.58742130777534,-1.4211351380894041e-12
7060.316987515641,460.26903906492186,-4.222003429831731e-13
7064.967779284557,460.874100937586,2.0522137813790258e-12
7070.660060589658,461.6152014897843,2.7446136216781306e-11
7071.720099933575,461.75327811761593,-1.4102788707862184e-11
7073.501154159753,461.9853179628788,4.5402540285013376e-13
7074.3792355029245,462.0997379275179,-3.674470926371827e-12
7076.145967742784,462.32999817837765,-4.727653168684832e-11
7084.403181661732,463.4069327323144,3.3280543260719193e-12
7088.79694384887,463.98049443643083,3.980846184606753e-11
7090.279825661651,464.17415008659145,-1.4983714412899929e-13
7090.917022536698,464.2573766961169,2.960472648300803e-13
7094.458467270622,464.7200740171325,-3.853050604728381e-12
7095.316360283968,464.8321943335791,-3.1361322501468174e-11
7103.961430967024,465.9627982465347,4.137788649367568e-13
7104.995997204354,466.0981912412459,4.343566943775251e-12
7108.555991746001,466.56423600678215,6.797792662966705e-12
7119.378429062157,467.9824527682088,-4.224010232933646e-13
7119.941611311533,468.0563135481549,-7.419687335226508e-13
7122.558547093896,468.3995986677954,3.692847819905383e-12
7134.061438027422,469.91002398152176,1.2293848722986132e-11
7137.5949025071295,470.37448662470223,-1.4429669226328523e-12
7140.79145643589,470.79486159066556,-4.3423082088927993e-13
7144.714891590414,471.3110851223152,1.4613807085690692e-11
7148.474627768546,471.8060361196325,-5.146718423928486e-12
7151.097429894409,472.15146945626987,-1.4668620097793985e-12
7155.315285029528,472.70724328116705,8.153292327025121e-12
7158.555095700617,473.1343657239929,-8.955666228689255e-12
7161.566520762571,473.53155219467567,3.780474908926763e-11
7162.331558559142,473.63248208332527,1.6373701074865534e-12
7162.404516229463,473.64210780426384,-2.175008396718842e-11
7162.543799054622,473.660484452872,9.891439744108285e-12
7164.316106854606,473.89434978267536,3.8189189283162286e-11
7166.6446736051075,474.20170435582014,6.737414072565064e-12
7168.744854746477,474.4789992881406,-1.4278380387910956e-11
7169.553440068751,474.5857815571371,-4.360158113981575e-12
7170.3970110957725,474.6971968961165,-3.0307886807429642e-12
7178.282328758986,475.7392906767835,2.542891467703986e-11
7190.502772925313,477.35656138493124,-1.446938131816932e-11
7191.127470941371,477.4393087027571,-3.130548320473899e-13
7193.113076192185,477.702369135247,1.4294153594218008e-12
7201.72498429778,478.8441476080343,1.6573472475592942e-14
7203.79305981708,479.11853929801663,1.638734355584679e-11
7206.214772567721,479.43995162222217,5.992211935636171e-12
7215.622476353224,480.68957719688734,1.2714608809052857e-11
7217.875205350714,480.98904919220536,-8.530246280646113e-13
7219.604547191734,481.21900687166317,3.201299785835472e-11
7222.463133614183,481.599245629508,1.6330291334267372e-11
7223.175402070255,481.694012411823,-4.4840800174049793e-11
7225.418327686205,481.9924930266252,-2.3140941922144534e-11
7234.120686314483,483.1514494429993,-9.197118343825292e-12
7236.724357065865,483.4984703475442,-7.490364722189228e-12
7239.42088303402,483.8579987614228,-3.9335856616247987e-13
7248.113438280754,485.01789093343547,-1.1226870206050229e-11
7252.562083719058,485.61203492283715,6.791722152726656e-12
7252.704537410273,485.6310665141498,-7.240340816499361e-13
7255.257552731859,485.9722087671095,-4.4105353603291994e-12
7255.844094177109,486.05060131305993,-2.0509117102995323e-12
7256.947099479971,486.19803754642663,2.1097016123043107e-12
7257.458278560826,486.2663733020898,-2.288113843324369e-11
7262.751842764875,486.9743138146808,-1.1088796774915563e-11
7265.036677384428,487.2800381150304,2.047301720984804e-12
7265.501428856893,487.34223636310384,4.86756865521017e-13
7269.906342164259,487.93194877057414,3.139684929843103e-12
7271.550518259337,488.15215618055777,4.255190672237589e-12
7272.103606343798,488.22624343826897,-2.4323266140641517e-11
7274.300104351357,488.5205243752744,-2.3179628863503686e-11
7285.790496425813,490.06142490810504,-3.986447399025897e-12
7288.189906935916,490.3835009483128,-9.872944334071662e-12
7291.723371415599,490.85799563182934,9.792123750519762e-13
7292.150732489239,490.9153998158987,2.5939569938625387e-13
7299.193536080744,491.86189097433305,4.892956853097831e-12
7300.08911027628,491.98231378748153,2.600078356956732e-12
7303.978325898002,492.50544608209003,-1.925596607117389e-11
7308.639211831774,493.13274158203484,1.7654241408129448e-11
7309.189129050176,493.2067797827052,1.8060878722292346e-12
7311.993598393394,493.5844466463595,-1.36676456047422e-13
7313.454759532375,493.7812728799061,1.5382817660832315e-14
7313.571740117006,493.7970324917146,-4.1575688712103555e-11
7323.322986968889,495.1116057094387,5.194650578390965e-13
7337.148102920678,496.9783824811567,-1.1692441333050502e-11
7338.72806777162,497.1919460374317,1.5341788869251642e-12
7355.522118214977,499.4648367982749,2.707405016042369e-13
7366.150389454648,500.90594125649795,7.773267038542626e-12
7370.1884004996855,501.45400715442486,-4.6946399534711595e-12
7370.90066895575,501.55071216164674,3.6952019943824196e-11
7372.907228708349,501.82319392469253,-3.4740329113329824e-13
7373.570664861953,501.9133018766061,6.8937820612732485e-12
7373.809435419365,501.94573369707484,-1.6617480463882686e-11
7374.556980363553,502.0472783144581,-1.9264176030663008e-12
7376.77731295559,502.34894337972867,-1.9314847043157113e-11
7377.337324338902,502.4250435605219,5.413518916609214e-12
7380.5206132366575,502.85773176896004,1.998087358329222e-11
7381.623909322889,503.007740732507,-2.6075546567483478e-11
7385.026071231606,503.4704547312025,4.92931337277057e-11
7387.749127261675,503.84095996450714,-1.2679510220396607e-11
7390.70720141636,504.24359708317746,-4.848657546772696e-12
7393.950182953466,504.6851994790433,-3.4991282251209476e-11
7395.970007737033,504.9603404130678,-2.9053578889436738e-12
7401.165431947514,505.66840739445985,1.409102134216877e-11
7408.829762688978,506.71386117000617,2.6008920574093845e-12
7413.962323394051,507.4145735517716,7.943166687276707e-12
7416.33279914813,507.73836173217643,-7.671855369153308e-13
7430.9229528964215,509.7335401485653,-3.4949461500759305e-12
7437.33624908368,510.6117880105537,1.1597708365123884e-11
7437.521959517222,510.637230805541,1.6573007544421507e-11
7439.150756670619,510.8604073199277,4.627877419696174e-13
7447.668461820622,512.0282926328501,4.0019591179638036e-11
7447.748052006427,512.0392117581662,4.9174470527383745e-11
7449.038881653528,512.2163193662226,1.5222708913178032e-13
7455.13093701488,513.0525908956458,-8.513936037790137e-13
7457.606766844717,513.3926495645006,-7.784677016020024e-12
7458.901824313223,513.5705724869414,2.0277363185461612e-11
7458.954884437093,513.5778628703822,-1.5640683909689992e-11
7462.774313254525,514.1027830328841,-1.6232726573759287e-11
7467.435199188266,514.7437122309653,4.514266913941012e-13
7469.800680948954,515.0691481782491,-4.401805494674918e-12
7470.784300973102,515.2045020376517,1.4647704270591188e-11
7479.399670728017,516.3908064296002,9.24142132813139e-12
7482.500198573903,516.8180721592389,-2.989584852198725e-12
7487.957170970909,517.5704959273526,-2.7174495707397963e-11
7488.954346809398,517.7080488083864,-1.3887868155301849e-12
7497.183207538922,518.8438572880871,1.16224482682854e-11
7501.993179679353,519.5083430097178,-1.490365232692491e-12
7503.389838790817,519.7013678422867,1.0921152937940788e-12
7504.742765771343,519.8883829518414,2.759678763676334e-11
7507.236088453547,520.2331232968531,-1.1880436204840554e-12
7513.437144145307,521.0910115282198,8.931882754530437e-13
7518.543174788421,521.7979397102109,-1.7771139301197672e-11
7518.745321118983,521.8259366829354,1.2929478867208272e-12
7526.914489209148,522.9579844444391,-4.504406073145778e-11
7527.5789823181,523.050121071428,2.8490198730650968e-12
7530.015017055024,523.3879639275124,-8.092434450762666e-12
7530.394893564925,523.4406571685541,2.631083522826743e-13
7531.999274567084,523.6632325873758,4.176347363220916e-11
7532.151822423208,523.6843979859698,5.142792365597485e-12
7537.198926598943,524.3849050037675,-3.349413502107689e-13
7540.880711113302,524.8962100507312,-2.999328280177509e-11
7553.101155279431,526.5951048820397,1.7066534222921622e-11
7555.343790111979,526.9071763111002,-1.1462098043814236e-11
7555.370320173913,526.9108686277003,-3.1180245772365397e-13
7564.203981373013,528.1410127112188,4.627409675966044e-13
7564.963734392813,528.2468803318134,-2.3513640275583e-11
7567.030752956728,528.5349624034742,3.4200249392221783e-13
7568.813154921589,528.7834404205378,-7.067755314326058e-12
7573.744335468043,529.4711828444612,5.839004444208761e-13
7578.648219780576,530.1555625291709,2.880048166442788e-12
7578.812975712314,530.1785633430987,1.1046385009663293e-12
7588.016710039767,531.4642483041937,2.7294435060352294e-11
7588.301326638819,531.5040317433643,-4.298145030530834e-12
7589.383668223236,531.6553340537517,1.0401718460749632e-12
7595.393728704672,532.4958828919754,-1.1504691314735073e-11
7596.692538605974,532.6776179393926,-1.2039879341443541e-11
7598.491085684485,532.9293296626927,-1.7617893187293822e-11
7609.217496917578,534.4317584797031,6.026154189153104e-12
7609.4894300524065,534.4698752033104,3.858420138307311e-11
7610.711820633957,534.6412338683028,1.3241899464952867e-11
7621.312214072857,536.1283855993685,-7.418963815155283e-12
7622.45184360255,536.2883898765369,4.334779081444326e-11
7622.6470666342575,536.3158016402316,-1.0553221846345844e-11
7627.9629330787475,537.0624858311076,-4.839303790826354e-12
7636.898486704153,538.3187761454869,2.73398633834652e-11
7641.529380926496,538.9704333623009,-1.697202100139576e-12
7642.162059196752,539.0594942172406,-1.4714343432265366e-11
7644.378454750726,539.3715499475577,-6.320936270670844e-12
7645.029682828708,539.4632563107727,-2.3137939899456957e-13
7646.311766049612,539.6438229365405,-5.076504346693138e-12
7649.1915977571825,540.0495243894102,-4.357792929344578e-11
7653.8814184468965,540.7105382538559,-2.169214923666014e-13
7662.541577288035,541.9322222636537,2.8421181011368525e-11
7663.538753126518,542.0729820258974,-2.2833580166464118e-12
7663.6448733742545,542.0879628703827,4.5009486994561035e-12
7666.57670825034,542.5019278656933,2.2711887165425455e-11
7667.100095406802,542.5758449872299,-2.893974813426966e-13
7668.311334868088,542.7469257285554,-3.62091559576925e-12
7669.2984165416565,542.886365432561,2.492259974510865e-12
7676.365345500904,543.8851965958179,1.2069676488322993e-11
7681.897680262265,544.6677720689318,-9.976379475952143e-12
7685.657416440312,545.1999266808162,9.735726841418888e-13
7692.498073701134,546.1688240110395,1.336067751507775e-11
7693.210342157191,546.2697578726045,-7.61673045035647e-12
7695.897064743751,546.6505710229435,3.336802728033736e-11
7699.693425148641,547.1888897221781,1.3321830040606835e-12
7699.746485272508,547.1964154561966,1.3790846595252168e-11
7701.339715154396,547.4224139136536,8.91935388314326e-12
7701.849837279889,547.4947842349105,1.0857940948349434e-11
7702.85922119398,547.6379982629288,1.2049414804598544e-11
7716.654054650815,549.5971262416548,-8.195638684478437e-12
7718.1205005665315,549.8055954997242,-6.809056659917896e-13
7723.069755532073,550.5094717010883,-2.7835539417062175e-12
7728.202316237078,551.2398939853445,3.624143396197034e-11
7732.441416657267,551.8435325216417,1.5228645358748644e-12
7735.326533141587,552.2545560473565,2.2205018602959678e-13
7736.407817770646,552.4086390415979,1.959965800591217e-11
7736.90467486517,552.4794483694443,-5.045093136937294e-12
7738.642472348969,552.7271454322757,2.1888189569737216e-12
7746.402063001174,553.8338378894206,-1.7279131093233986e-11
7746.84585997183,553.8971668680776,-3.96151308956e-12
7765.895810278399,556.6189786363676,-1.0101550379606573e-13
7776.560705744737,558.1456724438235,-9.368592555872444e-12
7787.161099183566,559.6652089001166,-3.985920222213893e-11
7789.887326079649,560.0563404493126,1.2125355764524056e-11
7792.796092543214,560.4738119008662,-8.706280158999316e-12
7795.458108195164,560.8560058121227,5.32590705566152e-13
7804.2864846174225,562.1244577321462,3.4133675745604477e-13
7806.185867166898,562.3975467075722,-3.5437446287222895e-11
7806.523543889815,562.4461040691733,-9.269523872194017e-12
7809.719331646504,562.9057571374638,-8.647932661984532e-13
7812.035981104697,563.2390805619083,1.3968257777806906e-12
7814.492970343397,563.592704336299,5.28669812499833e-13
7819.826329640225,564.3606942202389,-3.6430530342903336e-13
7820.205149194766,564.4152631821271,9.181600728695938e-12
7823.696413887395,564.9183043531114,-4.317350676963168e-11
7824.0906123836085,564.9751168098369,-3.4696991811785694e-12
7830.321950570025,565.8735665286725,-3.0217478057284415e-12
7832.922450455286,566.2487245559095,-4.161199036582568e-12
7837.271898944603,566.8764709904634,-1.774928592436439e-12
7838.80226532107,567.0974283161091,5.6597792341576636e-11
7841.40593607239,567.4734505882748,2.2447548922381767e-11
7842.9729266757,567.6998156499626,1.5040191866686241e-12
7847.076205920144,568.2927833770029,-7.140697181106562e-13
7854.8355057889485,569.4149329465827,-3.9310918323740104e-11
7856.8927209713,569.7126333060938,9.173898731103691e-12
7859.588189984033,570.1028136012617,-5.356007667209785e-12
7860.881424325188,570.2900621343327,2.2350065990824504e-11
7867.34114812072,571.225832473089,-3.254866913899108e-11
7867.794748472913,571.2915709384106,-1.2522774041426946e-11
7873.843837875208,572.1686033034559,2.451507918775507e-11
7874.171711216585,572.2161595556607,5.069652352251758e-11
7877.218121983202,572.6581196134239,-8.618900505608044e-13
7885.427085166152,573.8498913679655,-1.3203205308524259e-12
7888.648055246041,574.3178487211653,-9.051540540694274e-12
7891.238460966385,574.6943334337395,8.571487338487471e-12
7898.465918035906,575.7454120478591,-1.4712255748176876e-11
7900.03607950527,575.9738855849993,1.3766148000461322e-12
7900.957892979346,576.1080394345604,-5.936329615331306e-13
7903.703251249889,576.5076711037937,1.6797334390794726e-12
7907.371189166485,577.0418159466016,8.880116356965664e-13
7908.553784655126,577.2140846932892,4.495950161925154e-11
7912.4321399398605,577.779225692562,-9.796361244510455e-12
7916.169864660719,578.3241366640297,-3.988615953606252e-12
7917.703401903236,578.5477806232268,3.274070253901197e-11
7917.9687025225785,578.5864752306147,3.6774849836841216e-13
7924.652584105816,579.56176005748,5.574235353107551e-12
7930.152522461687,580.3649058892975,2.4203919941051013e-12
7932.431781521045,580.6979051834285,4.3105922271576515e-12
7932.458311582981,580.7017817836092,-2.0780787782919942e-11
7936.342717816454,581.2695151737845,-1.4684466423307951e-12
7940.284993561945,581.8459907861154,1.0595776925957069e-11
7940.36458374775,581.8576321391901,-2.3084496803228076e-12
7946.565639439404,582.7649956281449,9.348455741607135e-13
7948.8424938046865,583.0983319324657,-3.052860540939942e-11
7954.618883900158,583.9444361369981,-3.0104241770381217e-12
7956.501539769228,584.2203333956307,-8.51250824345584e-12
7959.568138865658,584.6698735756607,8.914802409284548e-12
7963.918644310304,585.3079218938836,1.7219805460855394e-12
7967.339356026669,585.8098508215492,6.601167480952018e-13
7968.238391871609,585.9418041960649,4.158478669914491e-11
7972.087812400327,586.5069600659372,-4.550690817810605e-11
7982.26324945953,588.0021897021873,4.325002558116657e-12
7984.101591630915,588.2725283137437,-3.953731216425866e-12
7989.07074414286,589.0035818522384,7.591439928726059e-13
7996.137673102025,590.0440402231305,1.0676642658866542e-11
7998.084249431852,590.3307947190382,-3.7627912193763155e-13
8004.617987853021,591.293804610318,-7.559651743658703e-12
8004.777168224625,591.3172760710553,-3.478857390105541e-11
8007.5267543165655,591.7227816438859,4.0807463326370935e-12
8008.449915529363,591.8589595513913,8.92957228866725e-12
8020.663436396419,593.6620854814855,1.3051153251927498e-12
8028.237316615007,594.7816249369318,-8.454790332672742e-12
8029.64541763008,594.9898810573312,-4.6203657484866764e-11
8029.698477753947,594.9977292876157,3.413176695694391e-13
8035.432668062428,595.8461906258036,-4.769495267548402e-13
8038.128137075144,596.2452358532206,7.41797796435042e-12
8039.566705190185,596.4582605185313,7.961013028709871e-12
8040.245811068812,596.5588364702143,-5.015475329324776e-11
8050.49526275366,598.0778175310538,-3.575777407669933e-12
8051.2759702752455,598.1935986375267,-7.093438040521215e-12
8051.3322012651715,598.2019382838783,-3.9161592881752356e-12
8052.393297564395,598.3593209285358,-1.3020411416275883e-11
8053.369518901057,598.5041331696286,1.8485047913969488e-13
8056.279051536577,598.9358360828872,-1.2924431829674114e-11
8064.235212959123,600.1171305183192,-4.22357869541222e-12
8071.297914096863,601.1667450349494,4.504234667081215e-12
8075.114938220131,601.7343898006985,1.978425361737736e-11
8075.542299293757,601.797961064018,-9.759855448673952e-13
8077.085930701182,602.0276089668787,-3.021397700207027e-12
8078.937828686902,602.303175975938,1.9451933503386823e-11
8081.596964256139,602.698972419839,6.059072521544516e-13
8086.086752525923,603.3675462076807,-2.8647930113072523e-11
8090.515500417631,604.0273942703017,5.291168385495284e-12
8090.80069858342,604.0698989015352,-4.2743037185352914e-11
8103.009991629037,605.8909211662032,-9.342390979924138e-13
8107.959246594511,606.6298872211786,6.401416776277017e-12
8109.646388648492,606.881895069514,9.931633443053162e-12
8112.196999275917,607.2629784851756,-2.4991964490325558e-12
8112.8981166117,607.3677525123346,1.1600836442406271e-13
8116.95074042631,607.9735485767682,-2.0176832884069876e-12
8119.292862991064,608.3237927000068,3.06357288526304e-13
8123.4269001188095,608.9422486956896,3.192809420957852e-11
8129.33353582984,609.82643340624,-4.838317108784869e-11
8132.576517366856,610.3121598085467,2.1760526079127262e-12
8139.202054049415,611.3051198419593,3.150335283360809e-12
8141.925110079406,611.7134549541629,1.2687161423772536e-11
8144.233779283369,612.0597577974679,-6.05142402492654e-12
8146.400285579491,612.3848253517658,9.873962547418948e-12
8146.612526074962,612.4166750505851,1.3969117166380968e-12
8148.112134568074,612.6417362338351,-3.0598437898447793e-12
8155.394474888726,613.7352586109075,1.0268059931562918e-11
8158.056490540643,614.1352329473663,-1.339363205936024e-12
8158.495002734531,614.2011329952846,5.064148118079055e-12
8161.296301211601,614.6221985020392,-5.82828891656042e-13
8167.408254119242,615.5413929882101,2.41559356898322e-12
8168.138306211033,615.651233664837,-9.945147395984919e-12
8177.614739845088,617.0779102669507,4.997461394547455e-13
8184.522488432607,618.1189138719895,4.109049185386383e-12
8191.676987831736,619.1980296719369,5.992177141304503e-12
8191.756578017537,619.210039592172,2.9987507201669226e-12
8199.527795178492,620.3832548709189,2.4588631276229474e-12
8220.616410859358,623.5725941327763,-1.5148778292464602e-12
8222.840205100752,623.9093873977607,-1.6302780075575964e-11
8223.479806669848,624.006271816271,-2.6359070274566616e-11
8230.310369765633,625.0414095548157,4.1417752444963366e-11
8233.764244059385,625.5651541239837,5.0645678166593905e-14
8238.892576942892,626.3432185127701,-1.0630459097982818e-11
8241.010250936546,626.6646507491056,-7.054619674523895e-12
8243.82270053387,627.0916675658344,4.365971881662189e-11
8249.36032007188,627.9328753301021,3.9359366463401075e-13
8250.642403292755,628.1277143392765,-6.164129771521352e-12
8251.909107571959,628.3202459369612,1.4279650270026384e-12
8253.442644814464,628.5533741268657,-2.0718038630603633e-11
8253.68141537187,628.589675902525,-2.589605794070865e-11
8254.545940900658,628.7211238907378,3.457229358746384e-11
8254.892654833131,628.7738443614504,-1.1516911276847659e-12
8259.079752084725,629.4106989507594,-3.0520825262479854e-13
8267.07118999534,630.627087504225,-4.062834503216193e-11
8272.719157602489,631.4874825035154,-6.713275281383232e-13
8277.118495349552,632.1580719632325,-4.3353614568170546e-11
8277.124070909684,632.158922070049,-5.176803468921912e-13
8278.158637146966,632.3166725113015,-1.8427817870057896e-12
8278.970393335261,632.4404627274884,5.571665281582205e-11
8284.207726549177,633.2394310451618,-6.361298263555886e-12
8284.581736715563,633.296506563845,-4.849921704883399e-11
8286.781405589094,633.632237393639,-4.10883861258683e-12
8289.520131344116,634.0503679095347,1.201064362073278e-13
8291.95904616366,634.4228415833309,1.739567323324633e-12
8292.936615239038,634.5721677368284,3.7099630136456864e-11
8295.056693926765,634.89607561549,2.4508039821737564e-11
8296.8287109433,635.1668697839536,1.8044891820233972e-11
8305.157059404837,636.4403570458043,-2.111004923800101e-11
8305.65708736541,636.5168569496009,3.4125456104410064e-12
8307.24051386572,636.7591377374521,4.335961240512986e-12
8316.257480804044,638.1397081850464,1.6781818990399647e-11
8320.869059046574,638.8463569127313,8.74225102361011e-12
8322.610318179763,639.1132781993812,-8.503161346705607e-12
8324.34388784212,639.3790762326026,2.7206682417669334e-11
8326.927661046942,639.775333712695,1.5580993240411424e-12
8329.687050520391,640.1986601809197,-2.9388819272239445e-11
8340.07261416424,641.7931989755787,-3.3760841000972515e-11
8342.716080008413,642.1993785052408,-1.4280376959038749e-11
8343.6392412212,642.3412563936988,-1.486240373892561e-11
8352.06966671429,643.6376295770358,-6.443456310902216e-13
8354.20647208241,643.9664208651795,-2.0136459557278615e-12
8359.106894745382,644.7207689217081,-4.297341884921532e-12
8361.27340104149,645.0544117442035,6.562419025214208e-13
8362.767724757832,645.2845885696411,-1.6378960553040837e-11
8365.384660540069,645.6877850399802,1.6541115475009464e-11
8370.125136659459,646.4184808037555,-4.812616228710973e-12
8378.588724729962,647.7240853715347,3.677879840549411e-11
8379.518518458228,647.8675970546125,-1.2568827065316428e-12
8380.124957449903,647.9612082029357,5.72783788984626e-14
8383.261818739158,648.4455286006953,-3.2820021174296386e-12
8383.405329385718,648.4676904778855,3.361133867536454e-11
8388.954390827343,649.3249047275405,-3.3816512609756145e-11
8391.021409391196,649.6443609760111,1.619457548594816e-11
8393.448406918487,650.0195521740435,-8.61005870340803e-12
8401.249906574129,651.2263262738214,1.1147221060395899e-13
8402.937048628095,651.4874490987818,1.0728783066063626e-11
8410.26687351243,652.6225115564381,-2.0489331836184557e-13
8413.617032252503,653.1416310392543,-2.53043428884612e-11
8418.526492125024,653.9027434792678,-1.0353891098495997e-11
8418.632612372761,653.9192001792244,-2.8091934754197845e-11
8423.694038534657,654.7043466297573,-2.2822741779162246e-11
8435.207789804505,656.4921584525886,-3.309466665029844e-13
8435.242300120646,656.4975207548082,-1.1397660763838878e-11
8440.515966778012,657.3172145561191,-8.740520530653634e-13
8444.55397782289,657.9451948945388,-1.4869293726095295e-11
8445.266246278929,658.0559960829034,-3.868821928802771e-11
8448.68513486791,658.5879718735853,3.3785450425081225e-11
8451.406843159153,659.0116210091469,-8.670130159576092e-13
8451.570251352161,659.0370607516126,3.40258986667874e-12
8451.80238939408,659.0732013519671,-1.7057478456269622e-11
8457.035204003192,659.8881397503925,7.700037153080914e-13
8462.352127402883,660.7166935557877,-1.3959475541388567e-11
8469.992041992824,661.9081585055129,2.238606698073738e-11
8470.318858378845,661.9591503685664,-1.2848870061191888e-12
8472.935794161074,662.3675314207348,-2.812980562449679e-13
8481.548759221614,663.7125025328504,1.4660535144993493e-12
8482.139528488244,663.8048051165271,-6.247959290529524e-12
8482.351768983712,663.8379674263272,-5.000924223366983e-13
8485.472194375938,664.3256257406954,-3.952630279553091e-11
8486.617399465727,664.5046427367398,-1.5236180271812815e-12
8488.463721891292,664.7933083703697,-2.4241941323216195e-11
8493.684328424783,665.6098705580873,5.810159150389054e-12
8501.021842779932,666.7583898756368,-1.496404637952611e-13
8501.512067358959,666.8351586155202,2.5615747089231328e-12
8518.463184262515,669.4924117210306,-2.2975557923282978e-11
8520.26173134097,669.7746621312431,6.527618246604171e-12
8522.03403914086,670.0528530360846,4.421698296259883e-11
8526.945903707445,670.8241479428096,3.353418568093156e-12
8528.616609864384,671.0865950563589,1.158744740814263e-11
8530.736688552097,671.419707014822,1.1728495126858601e-11
8531.13059626493,671.4816078806987,-9.661911530645509e-12
8531.260075708542,671.5019556303753,-9.400541348427522e-12
8544.496245520433,673.5836547516144,4.327203489064797e-12
8545.14987829247,673.6865375026924,3.3600230827623435e-12
8554.819711830787,675.209502830017,1.322574615364257e-11
8558.920586381062,675.8558965096363,-1.5463509728339945e-11
8563.42604437582,676.5664191317842,-3.604151048728497e-11
8569.13264766692,677.4669022821895,1.2324380686673967e-12
8569.771958452637,677.5678207789849,6.072699624288246e-13
8572.261053313343,677.9608089291883,-1.1356012793557653e-11
8572.350156097313,677.9748789452946,2.7080120120605172e-11
8593.461840190452,681.3126989284515,2.4443363590640662e-12
8594.73277229105,681.5138990743857,5.937263875982897e-13
8594.951645302002,681.5485516720358,-1.0596279465032925e-11
8595.031235487804,681.5611528354254,-8.608448165259337e-12
8596.601396957134,681.8097734399153,-1.7148349676828016e-13
8598.27844484618,682.0753686813258,2.3868152743194264e-11
8600.415250214286,682.4138510940055,2.1093369977973174e-11
8601.232291179333,682.5432973687637,-1.1463496949874015e-12
8602.810432902868,682.793361956436,1.4544644455667604e-11
8606.364851884187,683.3567457601354,-4.695674668274568e-12
8611.958702412061,684.2438556113241,-9.89744332953242e-13
8614.268719354715,684.6103615547373,-4.950095040553272e-12
8616.279797712003,684.9295181146365,3.053930145140599e-11
8619.39705223816,685.4243712054378,4.0256338853396096e-11
8626.06843496226,686.4840310014008,-3.0970762191831363e-11
8630.769406772088,687.2312098084186,9.737752007293466e-12
8649.396514609269,690.1958296916955,3.2602738512627465e-11
8653.013797095988,690.7722837652015,-3.0150867973637318e-12
8655.66283850027,691.1945907755054,-4.75469821439643e-12
8662.809357645092,692.3345250667857,1.4324217038557905e-11
8666.35714411092,692.9007784726276,2.102965396663698e-11
8666.516324482522,692.9261902920692,3.3022349542149946e-11
8666.608122743937,692.9408453314994,8.003842495412542e-12
8668.427915107557,693.2313962596762,-2.5966215027508962e-11
8668.778856861434,693.2874351918331,2.4148282304147415e-11
8669.759306019487,693.4440068808784,-3.6435029783685755e-11
8670.02460663882,693.486376799013,-4.548257459274808e-13
8670.756481857934,693.603267880872,3.1486446829813394e-12
8673.665248321415,694.0679375864239,2.9646199024200848e-12
8674.379339904779,694.1820361360898,1.8381189450427046e-12
8682.394137011175,695.4632959598807,-1.7289889758107167e-11
8685.049520147568,695.8880512255461,8.010243738256307e-13
8694.614581176837,697.4191556233625,9.838095344191343e-12
8698.294727168959,698.0086951929369,4.989812403954334e-12
8705.31446234761,699.1339107575255,1.684066574281184e-11
8710.076949924107,699.8978217782442,-1.986380566346452e-12
8710.193930508733,699.9165909181419,2.3529001866552655e-12
8710.326580818399,699.9378745175122,-4.074215000198059e-12
8711.817152101925,700.1770573598266,-1.1184509448392598e-11
8714.327967636405,700.5800450807941,-2.3271807213296056e-11
8715.598899736999,700.78407487615,2.591963452826086e-13
8717.228753845679,701.0457679619343,-1.9731560001057275e-13
8719.734284603395,701.4481571152347,5.5239181802870605e-12
8724.143716515311,702.1565943211475,5.628129462202986e-11
8726.760652297522,702.5772111880674,-5.797436445247019e-12
8729.530135935851,703.0224842802977,1.573376179132829e-11
8731.489977296602,703.3376697670562,5.845476525287035e-13
8733.770293311256,703.7044836627397,-1.077410348043099e-12
8736.35964207618,704.1211250087041,-2.5306001604293325e-12
8738.277574433323,704.4298111518021,-1.4933535289223097e-13
8741.676565475831,704.9770362262227,-1.571687242182569e-12
8749.587065461808,706.2514216625829,-7.0336525857882825e-12
8750.730922812867,706.4357930346438,1.3334216917984747e-11
8752.225246529191,706.6766902470148,7.633154407854961e-12
8759.433281440673,707.8392622002607,-3.625489550762953e-11
8766.86365101254,709.0386959380662,3.0644883039805654e-12
8773.793701840463,710.1582832418492,8.902718413344469e-12
8775.705292465496,710.4672667463554,-1.0027710281538046e-12
8778.411912598414,710.9048714502845,1.575958143606794e-11
8781.75438186762,711.4454660803997,-4.2212168311083764e-13
8783.821400431454,711.7798785377472,-2.952286582499488e-12
8790.705023650991,712.894112526031,-4.532749050772019e-11
8797.840682458893,714.0500642253112,1.3440927075253811e-11
8805.075247432305,715.2229959048316,7.425112432368574e-12
8808.090134143511,715.7120806200548,1.309168101223615e-11
8818.504817148465,717.4028725276097,-1.3003041512857794e-11
8820.236563683464,717.6842100121122,1.1033398772960214e-11
8826.437619374954,718.692079224718,-2.808920885164504e-12
8827.044058366624,718.7906829148335,6.005381810855867e-14
8829.141834813796,719.1318222334937,-3.289787016124691e-13
8840.262735326032,720.941651264467,2.8658911747557373e-11
8840.887433342057,721.0433829685677,-2.8508851008511875e-13
8840.941550421274,721.0521962414018,-2.1992542158653368e-11
8841.259911164474,721.1040441836003,7.949251762093743e-12
8842.839876015336,721.3613834522037,-2.3290291450558055e-12
8842.85660269573,721.3641080826551,5.2861067826621e-11
8844.1471415594,721.5743411541305,-3.686459568098123e-12
8853.440269453811,723.0891284709052,2.7492951674255753e-11
8854.202427167655,723.2134313763075,8.224788381121992e-12
8855.577074821902,723.437654412649,-2.012929219928307e-11
8863.410389316134,724.716034931947,-3.7054086079090874e-13
8863.699815303324,724.7632902997658,-1.3787265828862603e-11
8864.252903387756,724.8535987869204,-1.2692681669148282e-11
8869.059704661915,725.6386928941803,-1.4152467593863648e-11
8872.223096013062,726.1556013321964,1.4871126138811437e-11
8875.012477197828,726.611548225858,1.726684006649333e-11
8877.540019412689,727.0248191995997,-8.929850508049207e-12
8877.921243661294,727.0871622655213,1.1297340693647982e-11
8881.259194325714,727.6331445021156,-8.808755746450538e-12
8893.85845804584,729.6958314971429,1.1085621503070761e-11
8897.338862401464,730.2661409367149,3.140305278666888e-12
8898.456189690583,730.449276834331,-1.0987310804098636e-11
8899.059167032827,730.5481175882941,7.018135662101588e-13
8902.288117366823,731.0775248790121,3.830155118492203e-12
8903.271737390927,731.2388339072711,1.7273433645056427e-12
8907.450378999629,731.9243100311254,-1.26984331172891e-11
8912.511805161459,732.7550313647831,-1.0097695993653154e-11
8917.042445479385,733.4990361882808,-1.6936625554368721e-12
8918.074131633966,733.6685086877454,-5.400000120226904e-12
8921.737841729044,734.2704956062498,4.0626641338662224e-11
8932.893727946002,736.1050502371455,4.297067559125293e-12
8935.5504588211,736.5422802673581,4.9795410246509276e-12
8941.448057322435,737.5133389756811,5.0379740090040755e-12
8947.502722284667,738.5109257101172,-1.7465697235878972e-12
8948.537288521931,738.6814518351075,-5.699186607819368e-12
8950.007962259,738.9238948918712,3.132072146628714e-12
8950.2467328164,738.9632603820558,3.2255135265114202e-12
8956.400303944132,739.9781461868857,1.0958845057114185e-12
8961.718575082474,740.8558309695253,5.292109030124766e-12
8961.753560787225,740.8616064544129,-1.244562868306871e-13
8975.5357107793,743.1385353263488,3.259736836807584e-11
8982.919361959366,744.3598169545095,4.9664734943023127e-11
8984.486352562624,744.6191318396186,1.5642578193332372e-12
8985.135757513248,744.7266124735697,-1.1670911412760091e-11
8987.83122652589,745.1728127140925,9.973036404381455e-12
8992.06897920719,745.8745887990422,7.508852770207701e-12
8993.367789108433,746.0897392494969,-1.1483105291489407e-11
9002.096387014752,747.5364550377572,3.3405362460922565e-11
9008.854574006813,748.6575503274418,-1.8760044097815566e-11
9019.074033980014,750.3544237853007,-2.4527470636486198e-12
9019.948362890325,750.4996896309658,-4.274723262244696e-12
9022.654983023225,750.9494717534737,2.6975228317751818e-11
9029.650302050588,752.1125685913152,-2.7335056064713187e-12
9031.417034290327,752.4064619864823,-6.712404989345522e-12
9045.866848257354,754.812326210105,4.325490887702296e-11
9047.112598034728,755.0199210661896,-3.030758030671772e-11
9054.721463957841,756.288502032142,-2.5259474206413107e-11
9055.134503045141,756.3573961000282,-8.470426689840993e-13
9059.482128406964,757.0827616754,2.119537200849454e-13
9063.14583850203,757.6942919415962,9.702254550955926e-12
9063.722285782336,757.7905324812864,3.736213751518769e-11
9066.679302981505,758.284316414169,6.706048787661263e-13
9066.838483353104,758.3109020625701,-1.1051360300431843e-12
9068.151033673917,758.530136589375,4.423495734608523e-11
9068.313384911575,758.5572562288619,1.8271167156613358e-12
9071.45294167822,759.0817927218557,6.961632027597369e-13
9072.075816566909,759.185880145727,1.2617570217712666e-13
9074.64949560677,759.6160384693916,-1.5598456021979184e-12
9076.865891160649,759.9865791018497,5.4994791561267614e-12
9078.983565154253,760.3406998363056,7.912593173464587e-12
9079.827136181226,760.4817861013191,4.961415186887736e-13
9080.804705256582,760.6452997798655,-7.358652655595769e-13
9082.760028012533,760.9724108340657,1.3456054854417977e-12
9087.096211470724,761.6980735661184,1.0559851287004973e-11
9090.533649867371,762.2735769210916,9.698383748993496e-13
9093.02514942212,762.690845208302,4.187127865719227e-13
9095.762236654988,763.1493755356285,-1.925615235143446e-11
9096.10337502732,763.2065343868968,-2.5331841445494156e-11
9096.36867564665,763.2509878561746,1.2705009794213973e-12
9103.315162371542,764.415394657974,3.848597662032093e-12
9108.737149063523,765.324874371679,-1.733995652194282e-13
9113.601238282923,766.1412336246331,-2.6227461507985884e-11
9119.560643334287,767.1420181295937,1.0568199850100423e-12
9119.691945905228,767.164075612309,-3.581834306514492e-12
9121.869312538183,767.5298971317821,-5.058969818069166e-11
9122.181040765901,767.5822780458393,5.9513251302458416e-12
9124.860840053492,768.0326490440483,4.0194886776298746e-13
9124.98551010895,768.05360449664,1.5753606000153778e-12
9127.940704180784,768.5504189079649,6.696305263455139e-13
9130.644628836233,769.0051319297762,-4.0922842647646727e-11
9136.314898683777,769.9591259972235,7.003549694597333e-13
9150.635814773901,772.3711841524545,3.2486661274319895e-13
9162.158021686339,774.3146009677343,3.435094570019833e-11
9163.19710652838,774.4899805733448,8.132158913152658e-13
9166.65338551612,775.0734839770855,1.2344241542459716e-11
9169.39211127108,775.5360033241062,4.389199214018628e-12
9171.211903634676,775.8434084837005,1.9670969745345706e-13
9176.822480842868,776.7915491377702,6.707239568887091e-13
9177.93980813198,776.9804373474547,1.475273453700486e-11
9180.689394223826,777.445362725267,-1.1295419825565564e-12
9181.532965250792,777.5880294126747,-3.369553997374073e-12
9181.759236949203,777.6262992363835,-5.215863361662124e-11
9189.179512356077,778.8818291192894,-1.7395023586444632e-11
9197.265919393967,780.2512251207258,-3.6059614238468906e-11
9198.89471654727,780.5272002051358,-9.876244464803416e-13
9199.063409517037,780.5557854745626,-1.0097308996365932e-12
9200.741038972803,780.840090757815,-4.17783651546037e-11
9202.861117660479,781.199451388305,-3.379454098769181e-11
9205.961645506195,781.7251506081883,-1.6479624712523056e-11
9206.500702387673,781.8165665938587,5.571760111787434e-13
9208.045390750398,782.0785522855053,3.3771870206739406e-11
9211.39977731181,782.6476218170328,4.233806604354643e-13
9218.599356580404,783.869725667886,-6.684028386122809e-12
9220.765862876462,784.2376695631729,2.264292344770837e-12
9232.31412446221,786.2004022584867,-2.463313711984891e-11
9239.51129903672,787.4248705197477,3.8112609503870084e-12
9239.64817716779,787.4481670884886,-1.4927019174234808e-12
9239.670479408318,787.4519629479953,3.3831468515743796e-13
9248.25104806325,788.9130626079151,-1.603951976866931e-11
9257.477084630758,790.4855856914448,-1.454269932135605e-11
9265.409886857167,791.8389383600119,3.6200089358458494e-12
9269.59457941457,792.5533227095576,1.4541846147052502e-11
9276.33181190479,793.7041383247803,4.808041128527736e-13
9282.792592655413,794.8085173919599,-1.4502832322332474e-11
9287.32294218993,795.5833751695724,-3.1548090111589264e-12
9289.380157372198,795.9353600760846,9.723863775204957e-13
9293.999134302072,796.7259406964155,5.664412208520579e-12
9296.907900765507,797.224004652204,5.917378709021763e-12
9297.205782395513,797.2750192989312,1.706224553130981e-11
9301.148058140856,797.9503199744315,3.2850346344606876e-11
9304.67594706018,798.5548800881608,-4.6553444090959025e-12
9307.859235957743,799.1005842504052,1.7045969389120107e-13
9309.98171933949,799.4645405950353,7.696677188092557e-12
9310.976490483847,799.635149181414,-1.6834577619695297e-12
9311.062713185129,799.6499376955712,2.9991541645450567e-13
9312.845115149898,799.9556776143419,-3.803456818385921e-12
9316.484699877084,800.580166546141,-2.2981735158608284e-13
9317.476009372012,800.75030015777,-1.7561559313034713e-11
9318.998686277579,801.0116650224203,-2.7554542445456215e-12
9321.288805673741,801.4048404894287,-2.985124124023885e-13
9329.828046891798,802.871738112371,1.401405069531474e-12
9336.742427994584,804.0604963169861,-3.592247921193727e-11
9336.90718392632,804.0888327998925,-5.994294516687835e-13
9340.297137759213,804.6719842145784,6.996960349089996e-12
9340.570894021357,804.7190859376633,3.84052128336199e-12
9342.258036075287,805.0094012668953,1.2162916802417904e-11
9343.671421867066,805.2526502907953,-6.544780986224251e-15
9350.190838301676,806.3751427738791,3.859943696041687e-12
9356.43649847414,807.4512350770224,1.0479769146423877e-11
9360.12914332519,808.0877951313305,2.2522400387900124e-13
9364.919217918896,808.913910886042,-3.749749329241934e-12
9364.993232544562,808.9266790653909,-1.5189971497431082e-11
9366.32462345647,809.1563730394174,5.507438313885955e-12
9366.60635997282,809.2049829199129,-7.700283277587388e-12
9368.335701813721,809.5033898354446,-3.776225864603453e-11
9375.007084537701,810.6550877589963,3.4139440786088577e-13
9382.523676810737,811.953678615266,-7.335777304375508e-12
9392.759863464245,813.7237891259826,1.3736350824108492e-11
9395.35026918448,814.1720455969996,3.722340327017746e-12
9398.88508140265,814.7839262035161,-3.472947011315212e-12
9407.265142249096,816.2354452969287,-7.98392300153541e-13
9412.843323051815,817.2023649527914,-2.766374102806313e-12
9415.295793685627,817.6276566403191,-2.318094638021838e-13
9415.834850567106,817.7211512711078,-2.6879260138463804e-13
9425.098277533405,819.3286467865399,-1.3093541751426085e-11
9426.320668114893,819.5408880000673,-4.4055879226156647e-11
9431.842617927694,820.499996029907,1.6027125398464368e-11
9436.570119799359,821.3215625959112,1.4122794064604799e-11
9436.921061553227,821.3825672494152,4.9771626174201414e-11
9445.218070564439,822.8255077891482,4.848105077198668e-13
9452.954302020391,824.1720654053362,8.433217599114811e-12
9457.370366447714,824.9412136727658,-2.0823128197177532e-11
9457.77090667602,825.010993744304,3.712101962860146e-11
9457.892696648794,825.0322119568419,9.020276897114523e-15
9464.252932711792,826.1406700933003,-1.2689704925887294e-13
9464.537549310826,826.1902903228479,-2.8570722255801114e-15
9467.92010445625,826.7801212759987,4.148689678486706e-13
9474.20209807217,827.876099196112,-2.6079981032978438e-11
9479.439431285928,828.7903777830131,2.977603568806348e-12
9487.98260954199,830.2828403797528,2.84396748203028e-12
9488.16831997552,830.3152982567252,-1.7365560473746447e-11
9495.772958077154,831.6449582839915,3.605360371220682e-12
9497.897264586221,832.016580572244,5.456228665128549e-11
9500.388764140947,832.4525448605647,9.881111987526555e-12
9503.76304824879,833.0431616896115,-2.656022053012754e-13
9506.14602286171,833.4603913123492,3.7587465692720556e-11
9507.602374612441,833.7154321375998,2.096755965941694e-12
9508.319161673237,833.8409724525178,1.2917996529858823e-11
9508.729796066458,833.9128965011531,-3.531047493318783e-12
9511.63856252988,834.4224660389559,-2.7731779302847246e-12
9512.011806524277,834.487863722303,-1.1161721262237714e-12
9516.10076378221,835.2044755351741,-4.0920076881968075e-12
9518.919555111555,835.6986632576951,1.5560431881094325e-11
9522.301819473603,836.2918316920061,1.2624876631070973e-12
9522.73235141327,836.3673518364636,-9.813119248661807e-14
9523.00293680936,836.4148173055548,4.2457089750522867e-13
9535.304318899302,838.574121918522,1.5802371274127033e-11
9539.438356026894,839.3004097043749,-4.3762212962682216e-11
9542.68133756379,839.8703728462501,-4.302849946659787e-11
9543.28777655545,839.9769777085886,1.3318853496934523e-12
9543.78463364995,840.0643244075259,-1.2088482295535772e-11
9548.318444833867,840.8615713822737,2.992798747185612e-13
9549.89658655737,841.1391681857456,-1.6618939950206327e-11
9552.540052401466,841.6042594166798,1.8575038774793268e-11
9557.131151530657,842.4123230553337,8.082832973172075e-13
9557.999429492216,842.5651893459029,7.666381388530927e-12
9561.661791848517,843.2101261842932,2.538739276851286e-12
9564.488563432067,843.708085615784,-2.7127635882285326e-11
9569.622471875527,844.6128429018706,8.371369687120302e-15
9574.412546469217,845.4574436010108,-1.1035075807204891e-11
9577.918133147994,846.0758272839327,4.7506388094031477e-11
9578.88772196913,846.2469022165398,1.1639250674455994e-12
9583.049636897378,846.9814301138183,-2.951615130769765e-11
9584.18609556095,847.1820568499393,1.5828043099056335e-11
9586.779672147233,847.6400075725332,-4.022619713280461e-11
9589.880199992924,848.1876338528427,2.424101216854132e-13
9590.198560736118,848.2438738870429,1.9467489511255266e-11
9591.904252597762,848.5452247724102,-4.137468310553947e-11
9595.649957572661,849.207180383232,3.1130695650189745e-12
9600.300749341197,850.0294461338412,1.0415585637914293e-12
9602.169374007235,850.3599334949896,1.746171546688781e-12
9605.496173551333,850.9484747327855,-3.058615206090846e-11
9613.864317105501,852.4297771605783,1.3148421631109786e-11
9627.538708327551,854.8531510103022,1.386339290911065e-11
9630.724692702543,855.4182655014304,-1.0483011422190932e-12
9631.636412011665,855.5800162700011,-5.43304772889153e-11
9637.68550141367,856.6535905918254,6.999910231977566e-12
9645.914362142681,858.1151063535342,-1.3706325480918575e-11
9647.034094125858,858.3140767050945,7.983615462188386e-12
9658.130287703292,860.2870590933228,1.7099216255772987e-12
9663.693380347688,861.277070245691,2.2980083886243163e-12
9663.746440471554,861.2865156003397,-3.87343697390448e-11
9665.981095049756,861.684358685459,1.86677451439306e-14
9671.92512115938,862.7430414386994,3.6890658215359846e-11
9672.250114418055,862.8009443300153,6.757803148287666e-12
9674.78082749893,863.2518990284607,-2.3704954521278323e-12
9675.486463439462,863.3776592637696,8.026370111199867e-12
9677.997278973888,863.8252175879072,-7.695053043324417e-12
9683.473382745016,864.8017478172634,-2.6356830399975895e-11
9683.695426622018,864.8413556080886,1.1346037794262569e-11
9684.396543957775,864.9664256295323,-1.2419378005171664e-12
9688.63429663901,865.7225771977364,-1.1349150998164761e-12
9692.175741372641,866.3547387425189,-3.7511060745219335e-12
9694.864287086386,866.8348087921524,-1.649165746091074e-12
9695.318469005302,866.9159212241937,2.518204704700007e-13
9700.434012246262,867.8297694506226,-3.4200990681369723e-11
9701.035932633138,867.9373290976529,8.855864537641002e-12
9715.761907556178,870.5708534917671,3.0863011949072737e-12
9721.166876784322,871.5384550280206,4.546782383158255e-13
9723.848314593974,872.0186876914881,-5.4232034875123865e-12
9726.952013305712,872.5747106338515,-7.613842643911338e-12
9729.316147327521,872.9983607368359,1.9121628863291346e-12
9737.032481236978,874.3818353355243,-7.869859129715309e-13
9743.577370778117,875.5561393618309,4.1699533577901264e-13
9744.124883302404,875.6544114928231,3.812470951783605e-11
9745.423693203627,875.8875548526062,1.4197332890356706e-11
9751.035036583728,876.8951782895823,-3.681879831536094e-13
9757.79322357568,878.1095092550438,1.7595622255911583e-11
9759.557551121317,878.4266673219734,1.259785990488315e-12
9762.174486903465,878.8971970775065,-2.3578633166964433e-12
9763.403800783799,879.1182734706987,-6.464183916887296e-13
9767.492758041713,879.8538204745454,5.314770725725976e-12
9771.378221230354,880.5530470786214,-1.2974548901362286e-11
9776.830965805597,881.5347900759831,1.0185410421399069e-12
9778.956620053383,881.917653268428,-1.901743585058661e-12
9779.361678886467,881.9906200678454,1.5616629845547598e-11
9787.696659863186,883.4927442330808,1.5438515043782744e-11
9794.527222958706,884.7246974017789,-3.1346354152880105e-12
9797.872096921912,885.3282888273446,-1.438525551296003e-11
9806.777368052048,886.9362735121305,-2.7494816012323596e-12
9807.816452894074,887.1239915511212,-1.2189005921491984e-12
9811.076161111348,887.7130099995014,4.33481677752476e-12
9814.628756965234,888.3551751738414,-1.884007884748981e-11
9817.89826856405,888.9463756380305,2.386560220869637e-12
9822.559154497476,889.7895079875648,-1.3821424175627855e-11
9823.979172804726,890.046462153564,9.185446552784197e-12
9824.609446380864,890.1605228817665,-1.1452890831589228e-12
9834.980688038024,892.0384593388104,6.009968539863247e-13
9838.039016096724,892.5926137263755,2.0056472487875056e-12
9841.941496749125,893.2999747119857,3.838361325696229e-11
9844.058404570716,893.683801344867,-4.623741464502158e-12
9845.0420245948,893.8621742622796,2.791948549102789e-13
9846.509527465785,894.1283292298505,-3.857694782655915e-11
9846.827888208978,894.1860742466245,9.702560288184585e-12
9848.15927912087,894.4275852767394,2.8179749605076964e-11
9848.318459492466,894.4564623891708,4.561441093308545e-11
9848.424579740198,894.4757140567644,-1.5707547097073563e-12
9860.421632289816,896.6534812037181,4.3972907042876296e-14
9863.21870294536,897.1616010891971,-1.8656584336021943e-12
9865.070600930996,897.4980988412457,5.093516824898849e-12
9865.256311364525,897.5318467032816,2.128543373338366e-13
9888.47692302443,901.7565724355442,1.451428874145592e-12
9890.518759265004,902.128536362042,3.779967405929606e-11
9891.757294960125,902.3541994182849,-2.2937364987243448e-12
9895.57701456067,903.050335997072,-3.5743743808546766e-11
9895.75609247872,903.0829792000224,-4.315660418955502e-12
9901.80037249254,904.1851067181,1.2454663142701197e-12
9904.48498116824,904.6748400921996,2.516914911564918e-11
9910.04913076796,905.6902896237197,-1.180113781291684e-13
9914.839205361617,906.5649283575557,4.34883234775852e-13
9915.13843473034,906.6195798618991,-2.190129193274497e-11
9916.70542533357,906.9058032818908,-1.4321372057655803e-11
9919.375421239574,907.3936036740987,-2.633842543498604e-11
9922.610422522244,907.9848048275094,-2.9707454078741603e-12
9927.643495494698,908.9049894548001,2.6175401835306862e-11
9927.805846732352,908.934679509905,6.302670338850019e-12
9932.046004107642,909.7102721163636,1.5574514162449663e-12
9932.417424974707,909.778226709738,5.930810673986139e-12
9939.354108317933,911.0478185865799,7.743497433120696e-12
9946.588673291168,912.3728747510246,1.642036004216701e-11
9948.002059082928,912.6318578424128,1.1128389248074932e-14
9948.665786019856,912.7534891774094,-6.9433981898886995e-12
9951.620980091642,913.2951420137093,-2.2903319444712825e-11
9954.52147551746,913.8269256540186,4.684909283434854e-12
9954.917021752379,913.8994580371374,4.17797069983345e-11
9955.254698475279,913.9613810116995,-1.6969078502328134e-12
9955.814709858547,914.0640802260468,-3.283968127566077e-11
9965.754838009274,915.8879390363325,1.5850997593283123e-12
9972.821766968089,917.185717481868,1.1495669044284663e-11
9974.103850188909,917.4212592140922,-3.396002877802344e-11
9974.288212883717,917.455132445009,-7.85285083612478e-13
9974.316090684375,917.4602545291002,-1.1111300064769738e-11
9976.986086590377,917.9508883948522,1.9753811236315866e-13
9981.287759732344,918.741632686039,1.919552297873054e-14
9984.916484122596,919.4089389064902,-6.554969797028839e-12
9988.6091289736,920.0882488179435,8.284197006110633e-13
9993.319613381449,920.9551680877175,1.9614021551168893e-12
9999.43262324417,922.0808180482684,-8.225087479831864e-13
