f0,sigma,gain
2.7236849204662885,1.151360873034477,1.0498900732912432e-11
3.3855526103266667,1.1513981151096109,-9.384870490304612e-13
4.446034433961368,1.1514746093415826,8.17472651447298e-12
5.889256567322563,1.151611991890515,-3.330937712432853e-12
7.190126660240929,1.1517687019495513,-1.92725529470872e-11
7.713565413831926,1.15184055338058,4.3572082881521014e-12
7.795517816343871,1.1518522597842709,1.7227557230729216e-12
8.800935740465539,1.1520059469488855,-1.500612808377295e-11
9.921838380513451,1.152199238899999,-6.079610834324777e-12
10.203242292362233,1.152251399603518,6.114513768852253e-12
12.000329614818954,1.1526189083723404,-7.99841134473264e-12
12.517298231066722,1.1527356480010422,3.8150580435692276e-13
14.191199804762148,1.1531474183435737,1.1160179836660346e-11
14.326042835223001,1.153182835338983,-4.616678828583321e-13
14.922761008722885,1.1533435861063457,4.126806594562691e-14
15.502465225920819,1.1535060347000292,-7.85743218510947e-12
15.916774012342346,1.1536259281586985,-3.5946702904484724e-13
16.77560526785271,1.1538845290694886,-7.003200504114132e-13
17.307493061212785,1.1540514976561644,1.4647123343847866e-13
18.87912192842902,1.1545753074773284,-2.4358805761975477e-12
19.09435576729798,1.1546505852229156,-1.9159939994365548e-13
19.75368202879633,1.1548864945664044,1.4423679042995654e-11
21.276922298597384,1.155462135947173,2.673385568812651e-13
22.64849223097602,1.1560170292773577,-7.649406409388854e-12
23.125712213634355,1.1562182233146896,4.471481087119714e-12
23.854902489512728,1.1565337493812073,-1.6775943842489813e-14
24.241264892815757,1.1567049009992343,2.8092496709526187e-11
24.835977513509338,1.156973721872297,-2.5111623463328144e-12
25.827052011856956,1.1574361807674833,2.1873573275473548e-11
26.81141429370244,1.1579134175085841,-3.308422579412945e-12
26.828137751940343,1.1579216795413376,3.4551463629737053e-13
26.892001829358954,1.157953278258762,1.4041811488622849e-11
27.21434455496339,1.1581139138449161,-8.912776361044911e-12
28.997695487463726,1.1590372117287677,1.165882576370251e-11
30.19656567513157,1.1596908349079327,1.0711290382966194e-13
31.052828959780904,1.1601738768070886,6.073183114740374e-12
31.176953137426906,1.160245019507259,-1.6267554217334128e-11
31.368467308156614,1.1603553440435237,-5.173407928945886e-12
33.751989501779,1.1617849367326603,1.020816362182514e-12
33.96018518793446,1.1619147784254105,3.363671136245535e-13
35.608427733218065,1.1629708908321856,9.496686917283415e-12
36.320057124585816,1.1634423352187415,-2.2759135380499456e-12
36.72270702149347,1.163713217421291,-2.102456905529818e-11
36.96429341731701,1.163877177845352,-2.557512189238607e-11
37.55837925682263,1.164284945997172,2.2861365282247557e-12
38.11902956817348,1.1646757275022377,1.4548116184606293e-13
38.54848943198051,1.164978983690287,-1.9913477389582135e-11
39.934579744174165,1.1659809270848203,8.114100380584225e-12
40.08903843472995,1.16609477005352,-6.517821172905294e-12
40.55898808849947,1.1664438466706182,4.177833727661944e-12
41.66647264201862,1.167282571834852,-1.0116404067196501e-12
41.71659718506571,1.1673210668049436,-1.0614075551778663e-11
42.6731482132789,1.1680645540109305,2.2749009897639694e-13
43.85094258326643,1.1690031575737652,-2.0467941607775655e-11
43.894486109158585,1.1690383479388782,1.480981455681879e-11
45.90466136448203,1.1707009251230005,1.85704127193292e-12
46.468193480326654,1.1711803700388943,-9.293407362964284e-13
47.40792283607654,1.1719928891565188,-1.685176290443916e-13
47.62259550184067,1.172180784288054,1.000786698169014e-13
48.00839865220311,1.172520597390493,-8.852529733155803e-12
49.437672543648475,1.1738033871213114,1.9140551525428947e-11
51.645567224978414,1.1758589614539963,3.093433070959963e-13
52.50418639434184,1.176682595910968,-7.38412353680784e-13
52.56140045645218,1.1767379613762199,-1.3842773880801007e-11
52.80288479926213,1.1769723076664984,5.933757283586209e-12
52.96742459386107,1.1771325991342227,4.448482861626956e-14
53.0980311223347,1.1772601885146021,6.600599814321448e-14
53.54456124875753,1.1776987769124547,3.6006642742309294e-12
54.08776066222966,1.1782372669607415,-5.749477019145006e-13
55.47335881599531,1.1796354674095082,2.3427266035627e-13
56.563800529196854,1.180760694618873,1.8633802915076455e-11
57.254805269268324,1.181485080485075,-3.0645266528386645e-13
57.50995157812716,1.181754775867511,-6.089787531453456e-12
57.78180012727097,1.1820434453923183,-6.60964308933875e-12
58.70768436448084,1.1830368338141002,7.410219673031993e-15
59.43207742426284,1.1838250512756625,4.2759325172251084e-13
60.07650237966356,1.1845343792954213,1.7460986303719666e-12
60.72039830060629,1.1852507653869016,8.059251578413837e-12
62.00515217041559,1.186702979333541,-2.6832194234130948e-14
62.854061603547386,1.1876792216649807,-2.706901971889012e-12
64.313434767054,1.1893885211307282,-3.2052665100737425e-12
64.84341818959153,1.190018978056399,-1.5833187673018246e-13
64.97400737816938,1.1901751186750307,5.526315228972333e-13
65.27266387818985,1.190533391843101,1.2602317971977367e-11
67.00383281093521,1.1926424949622294,7.2460867400393855e-12
68.33862299595175,1.1943063777804994,1.7132114757596464e-13
68.59374340462327,1.1946281340332925,-4.5091188150732246e-13
70.22058889608499,1.196708100324036,5.544079351362119e-12
70.86443188996583,1.1975447363482983,1.1978403920090462e-11
71.24053044386648,1.198036987326037,-1.3301447277013087e-11
71.37466375397186,1.1982131760538812,-7.678112801694172e-14
71.45816908703951,1.1983230305768042,-1.0707384557811496e-12
72.09898172303087,1.1991703195943653,5.380005060347356e-13
72.4477262841121,1.1996346117310628,9.326707074372356e-12
73.83309668923842,1.2015011159711968,-3.800332531460497e-12
74.32661886923286,1.2021745770337398,2.2906414859148102e-12
74.72901128268525,1.2027270027011592,9.634494762813044e-12
75.56416952793451,1.2038830716303213,2.464335385338846e-12
75.61427154287193,1.2039528339213783,4.971224621597627e-12
76.25506930052025,1.2048491615250954,2.3268901846442764e-13
77.79124073876038,1.2070287106698283,-6.936347130646007e-12
78.30145337767001,1.2077622264633576,-3.1863188353315945e-13
78.56313447650945,1.2081402970991049,-4.2048691457709345e-12
80.36399347092733,1.2107763457688174,4.352674160890755e-13
80.80687450191931,1.2114337754452054,3.638577210512846e-13
81.25987976745778,1.2121099718613424,4.672131544817737e-12
81.30340529177899,1.21217514102662,4.1050547192476195e-13
82.04491198034346,1.213290733094861,8.868677918697555e-12
83.33251883830054,1.215251993234665,-8.964696940113176e-12
85.62381456909674,1.2188175824056882,-1.0072628332096323e-13
85.7543889163516,1.2190236876912608,1.600702361156382e-13
86.28128484351217,1.2198585580348411,-1.627999399481286e-11
86.69680635646492,1.2205205615477397,-2.7791431798728576e-12
87.4382980499414,1.2217097982416452,-8.771143216228183e-12
88.18636288582451,1.2229198401706531,1.9388749164376377e-11
90.15875246475181,1.226159725194552,8.69310998678866e-13
90.4568463480102,1.2266556136524591,-8.7273545337156e-12
91.09760661049044,1.2277270790638761,7.115098979074797e-14
92.04658282540152,1.2293278314281444,-1.3510887946011175e-12
92.64026651804492,1.2303377044545791,1.207725780169505e-13
93.34177064462988,1.2315393514657826,-3.8998199311855197e-13
93.62973713442237,1.2320352502720524,-1.0519940157568481e-12
93.96885121471749,1.2326211874681585,-4.2534595215664396e-12
94.39501221461497,1.233360532182204,-1.595770842590403e-12
94.61263020385051,1.2337393669572905,-3.774642352131024e-12
95.01499151213537,1.2344421050406869,4.286536502236585e-13
95.50847375273959,1.2353080607499518,6.129193854956052e-12
96.79602549607911,1.2375885593846547,-5.607229180391255e-13
96.8365237381075,1.2376607848277144,1.1852229906878801e-14
98.66817226489945,1.24095896984582,8.174651085704575e-12
98.97283417407158,1.241513558392177,7.82376381031532e-13
99.1641505242594,1.2418626933347496,-5.902438908258896e-12
100.89506914333477,1.2450521073629708,-1.765131309380711e-11
101.45534133225627,1.246096295692599,-3.8226173735987705e-14
101.54541213470058,1.2462647016155244,-4.909542899417273e-14
102.90434151275453,1.2488236360542013,-1.5005987125863306e-11
102.97113814637537,1.2489502947114888,-2.5324291371981827e-13
103.22622437454159,1.2494347411841475,2.3730401647017994e-11
104.11140115877484,1.251125119121402,-2.5966324175866315e-12
104.51375372423234,1.2518982430710157,1.0111614475445866e-12
107.57319693024513,1.2578745380257221,-2.2748922945567327e-12
107.87785328292065,1.2584790912390202,3.1346986695086975e-13
108.2169566935252,1.2591540110469424,-5.57995333402699e-12
109.4543771688247,1.2616348251178615,-1.1541993286820064e-12
109.50144900991133,1.2617297529079612,-1.228070743400464e-13
109.96454332111918,1.2626658315991448,-3.5946355281840356e-13
111.33962558685481,1.2654686435221987,2.3260623357227124e-12
111.63770534644684,1.2660808090639555,9.843906544091095e-13
111.8092931174361,1.26643394062789,4.1759585319498595e-12
115.1930747371461,1.2735086465887924,-1.9226486153336093e-13
115.79330480428946,1.2747856139542884,4.2575588103307233e-13
115.93451890823103,1.2750870061049828,-2.1603906076061304e-11
116.05141038352578,1.2753367645398925,4.988311570865186e-13
116.42745650911117,1.276141958073942,-5.096336313842571e-13
116.64506512361271,1.2766090935373133,-4.459005560457012e-14
116.87384707979919,1.2771011551753642,5.731302199806504e-12
117.63448858502714,1.2787440659730964,3.884033276693447e-13
118.86939074316925,1.2814340301624774,1.0003372909181428e-13
119.01967916756611,1.2817633180073649,-1.5826183358345431e-13
119.84868707382908,1.2835871842771127,2.187335326003883e-11
120.34464701251498,1.2846843777825347,6.657579028750187e-13
120.80063474126753,1.2856971402642907,2.0702269888624304e-13
121.1098837951647,1.2863861713443754,-1.0520796955500695e-11
121.32749104539083,1.2868720732629069,4.108063363049282e-12
122.97735274479236,1.2905844778320947,-2.8885865228757825e-13
123.74916155900353,1.2923383633302918,-1.611059602422065e-13
124.04776080009113,1.2930198545860498,-2.1176223989651435e-12
125.29172786308325,1.2958766268852604,2.928837560353945e-13
125.54983029676012,1.296472930263048,1.8126364024824486e-14
126.57013949209158,1.298842201199901,-6.140352261396949e-12
127.85762413717953,1.3018592493329668,1.992155318990392e-12
128.16989558579695,1.302595616823702,-2.5202226400562004e-13
128.51806431158136,1.3034187515734692,-3.733276257313524e-13
128.75341743335017,1.3039764344259468,-6.087051098110338e-12
130.63454381494196,1.3084705420630791,1.301863969393515e-13
130.80612742215473,1.308883708108813,1.1271678933875865e-11
131.4665655881967,1.3104790762619198,-6.237539367760345e-13
131.882051611968,1.3114868502437274,-1.1573518502371015e-13
132.55668721063708,1.3131299730031516,-1.9913267155728416e-11
134.78347277938576,1.3186129734557832,8.267189012099625e-12
135.64178903166842,1.3207507892182404,-3.6344364240693434e-13
136.37309189394313,1.322582958580655,2.1686261366199738e-14
136.6620879262746,1.3233097104685367,2.7256367154058098e-12
137.86606804040844,1.3263539714879742,2.700093894843839e-13
138.05382426538702,1.3268311194098064,1.53355508576427e-11
139.5796703636782,1.3307328589177845,-6.114057494015127e-14
139.79727350377306,1.3312927859054748,-1.5719192481095844e-13
140.89803554861436,1.3341385852904066,-5.003377671189947e-12
141.46130272393816,1.3356034323333446,5.54158603564644e-12
142.10503633029683,1.3372846987522164,2.6134329987636035e-12
142.50736966916259,1.3383393661667002,-4.633635613669429e-13
142.879331170576,1.3393170701915136,-1.890457302286471e-11
143.47296917151948,1.3408827323329775,1.6898622804289462e-12
144.34850213185976,1.3432037121779472,-2.458022686195805e-13
144.46236524536306,1.343506593342166,-1.4719607698314334e-11
145.84751852591654,1.3472102893792017,5.9977654717527704e-12
147.1497037469701,1.3507243718145248,-9.353388459934294e-12
147.62842784935862,1.352024111068257,-7.845691802989749e-12
147.74991426918268,1.3523546191338467,-1.6430066506541924e-11
147.95791679436198,1.3529211285244975,-1.1985427531095317e-13
148.08847785542983,1.3532771278108933,-5.749412814254585e-13
149.03737521286553,1.3558739090139769,-2.2470250541543393e-13
149.29547224304432,1.3565830943722226,-1.0813463541931258e-13
149.8050917987427,1.3579870034975525,1.0947088978141177e-11
149.82231461986635,1.3580345328071757,1.0118427788663529e-11
150.76161161894373,1.360634958017735,-1.3961320336729513e-11
151.3856178417753,1.3623714917224097,1.7169762146793936e-11
152.37750875559013,1.3651465662193591,-6.869481406876229e-13
154.63818142348825,1.371539113288915,-4.8065683143778254e-14
155.34567695524075,1.3735590532499962,1.4148270965047745e-11
155.96310705046304,1.3753293857792959,-9.324865146032814e-13
156.99299013432207,1.378297953918303,1.599981744586903e-13
157.8416933406815,1.3807589679672718,7.29313019882751e-12
157.93530784464704,1.381031237669619,9.918117025576135e-13
158.0329964043088,1.381315528535168,4.797864133367951e-13
158.44544927423271,1.3825177767665258,4.1129602260042013e-13
158.70959454270297,1.3832893730698321,4.386101063318275e-12
160.3766275380096,1.3881886041926883,-8.006711391814794e-15
160.45761784862708,1.3884279299614775,1.495775482578525e-11
162.26888243570707,1.393811770702125,-8.807309217326305e-13
162.46925962608958,1.394411088623285,1.3773689297139369e-11
163.28456410563962,1.3968572495835174,-2.947786565382422e-13
166.29320929702553,1.4059900626811197,-4.030950016430301e-13
166.44401647813007,1.4064522298525541,9.326596201655892e-12
166.51080873612332,1.4066570568122552,1.7107688663080166e-13
166.62467032527624,1.4070064173188213,5.957216962765923e-12
168.32916666529297,1.4122648547433352,-2.502735347102174e-11
169.31197380602921,1.4153211783918174,-1.0707619915457256e-11
169.3286718479799,1.4153732595113615,-2.1097619778784768e-14
170.5493250371514,1.4191943825337763,-6.639586488593414e-12
171.00174564460835,1.420617608011551,-1.1412943617135808e-12
171.17582481407692,1.4211662310289577,9.315347281330058e-12
172.5305857247616,1.4254549340095632,2.4000349728458228e-11
173.04072344715505,1.4270786153403776,8.296164336840591e-14
173.12421351617215,1.4273448064681276,-2.1453690266374226e-12
173.54783620911417,1.428697419990904,1.9655687421270463e-11
174.11359283005842,1.4305090180058164,1.8687315776566694e-11
175.34844119599302,1.4344835803330382,-2.5954620280694482e-12
175.4987231707448,1.434969204782753,-7.61447843576787e-12
175.98913741234088,1.4365568340044983,4.318642994658007e-13
176.12272135491477,1.436990056090259,4.098056669261527e-12
177.27960386755433,1.4407556574231088,9.960517798055186e-12
179.11465122231704,1.4467792231123546,-1.1187005001335741e-13
179.21233880345838,1.4471016227593394,1.283789618339057e-12
179.45623409635328,1.4479073210151057,-1.3897904022031894e-11
179.96637036709208,1.4495960784338662,3.442801323286363e-13
180.60758999279247,1.4517255745203559,4.708455166956309e-13
180.98664260833993,1.452987973609874,-8.287047550163589e-14
181.03673648870762,1.453155004567885,2.2784629393916766e-11
181.46535832560397,1.45458607330334,1.821579929635072e-12
182.0286129049749,1.4564717951110138,8.721166916891105e-13
184.64858281503479,1.465320014552177,6.5389352060637485e-12
184.99673924112074,1.4665053337271523,-1.7961971337815915e-11
185.22248500720096,1.467275091814147,1.521230807713573e-13
186.08077648416972,1.4702103022576427,-1.9169990505399943e-13
187.20373423839607,1.4740711179328634,3.0343610829999574e-13
187.28774843965007,1.4743608992135813,1.0883420386478948e-13
187.62328063245508,1.4755195113989357,-1.0519806353479023e-12
188.36061198130693,1.47807284534389,-5.568384892870594e-12
190.49121376795713,1.485507269776636,-2.8650936189433042e-11
191.9198552035134,1.4905391393611058,-1.1687479867922455e-12
192.1202299595053,1.4912478929056445,-1.748641874024106e-11
192.28220843446476,1.4918213740189104,3.6440581581437336e-15
193.05700844508573,1.4945712208787878,-9.641390403112495e-12
193.33784775185728,1.4955706797075428,-6.4834235419582e-12
194.34444224421532,1.4991649124151252,-7.005625102257555e-12
195.0048568337183,1.501533185264432,4.213732943936417e-13
196.27559199429982,1.5061126938208833,-7.562998026840568e-12
196.52763386233005,1.5070245438483516,2.927515590047782e-13
196.56812842718023,1.5071711562738064,6.578438283551506e-13
197.29283381985883,1.5098000928613047,1.769843808475634e-11
199.86769767642488,1.5192189028201395,-3.1440567041666585e-12
200.82669691360726,1.522758119962122,-1.1826319165054095e-11
202.16579509277557,1.5277284480206257,-2.2174082374297662e-13
203.11769491896962,1.5312816986353772,4.1303146029086235e-14
203.19868389783036,1.5315847846747905,2.6083496476509878e-11
204.35253126324884,1.5359159646964742,4.2396022396262077e-13
204.43602044609852,1.536230308291087,3.109721189513565e-12
205.0053205970775,1.5383771927391825,2.007895448544244e-12
205.52307610965423,1.540334881352058,1.1924577691609081e-12
205.59894188095046,1.5406221526879043,-1.7948391244651023e-13
205.7735435762767,1.5412836976659259,-5.20269633480364e-12
205.8277110530918,1.541489045901708,-7.37550115400408e-13
206.58831048525334,1.5443781767091889,1.563401196738499e-12
206.79328297464681,1.5451585859274648,-1.3047429272271767e-11
207.45119505198926,1.5476687393502924,-3.374439770076749e-14
207.97342611281678,1.5496669009631594,-6.370355495511547e-13
209.75428835939147,1.556518616073988,8.333077346729646e-13
209.7588869255575,1.556536384285876,-2.1889622397099936e-12
211.1161308901465,1.5617976077329092,-2.3125904205991453e-12
211.62626224103894,1.563783855839424,3.8839802154308733e-13
211.93089672469614,1.5649722671298956,-1.1627137072777664e-12
214.11460275716186,1.5735411821503784,-4.1245669659587026e-12
214.23608589386745,1.5740204641807582,-2.5797964942277087e-11
214.50325062563383,1.5750754536831524,7.296222471996378e-14
214.87322502585198,1.5765385927343396,2.0187038909197374e-13
214.92331840703798,1.5767368910133164,-1.0671422749902883e-11
215.5235124653611,1.5791163974641598,7.901896863356887e-13
216.81856203031018,1.5842733077065472,-5.2435863709315076e-14
216.8544578263876,1.5844166854277362,-3.8522788708481305e-13
217.47134941104738,1.5868844297500784,-1.5027178689394285e-12
218.38484970038755,1.590551570647233,-6.462968056201501e-12
218.72997805734997,1.5919410492484514,7.530894804329132e-13
220.5305584973104,1.599225727853629,-1.0808575020305018e-13
220.83519237735217,1.6004641038110419,-4.658570565824479e-13
221.83165627544838,1.6045267990737904,-1.5969081027770567e-11
222.62064800816074,1.607756581705409,1.186389411468085e-11
222.98852343017526,1.6092664204791185,8.231042035177839e-12
224.59477878439793,1.6158880388104606,-1.4629324850570625e-12
225.6150384500349,1.620118632904911,-3.507566214439668e-13
225.80633711457568,1.6209140038791148,5.473954269066298e-13
226.7020889224033,1.6246472794105333,3.190720326149338e-12
226.94348080203355,1.6256558702292037,2.3486179942558016e-11
228.75010787096198,1.6332384521568017,-6.327284642232577e-13
229.5183268279014,1.6364809570798187,3.991542528836558e-12
229.6803038281982,1.6371660186666768,2.841956338855692e-13
229.83058351403804,1.637802040119099,2.7230820007781506e-13
229.9444429122847,1.638284198746658,-1.5652943232468078e-12
230.40447902739544,1.6402347381936846,5.828453829392239e-15
231.6423327375955,1.6455025588459102,3.633824396015931e-12
233.3011788693597,1.6526062157225812,-9.894023870215035e-13
235.87812025224972,1.6637419552015014,-6.670512136156212e-12
236.10228942386848,1.6647164410572157,1.2036679864187852e-12
236.443867231261,1.6662030938866477,1.6564384572453244e-11
237.08507754069598,1.6689996446498347,-1.2216478292183555e-11
238.24799101875936,1.674090855844364,-4.352630565237652e-13
238.4529621707466,1.6749907976819896,-1.4719391106227997e-11
239.4094532229427,1.6792005783128814,-2.9047960540959246e-12
239.52633722526295,1.6797161725409884,-2.9174303657048963e-13
239.56380661122336,1.6798815093274984,-1.729329266934412e-11
240.30362911861457,1.683151334244096,-2.7410886598229827e-11
240.89724609860843,1.6857822588560325,2.450233716494789e-12
241.88660760622273,1.6901815573160084,-2.134285026754845e-11
242.4746994324438,1.6928051128754422,6.780989788605529e-13
242.93775935814034,1.6948753676584614,-1.5978989128213525e-13
243.271713456115,1.6963708657841465,8.696522747895296e-12
243.59054357690297,1.6978005533227647,-1.9347373693135508e-13
243.76514393862468,1.6985842840204648,5.236350073147493e-12
245.05256339509782,1.7043804748846187,-1.1375942026173861e-11
245.29552825830808,1.7054777704937352,-2.2336090481405316e-12
246.98526584934353,1.7131391652183756,-6.17426844844462e-14
247.22915710809195,1.714249329705647,1.587284355131643e-11
247.3572136624298,1.714832666856842,4.0962007612530845e-12
248.75954062976652,1.7212404655508766,-9.454809177503742e-14
249.32883583004477,1.7238521434224472,-3.222856603549391e-14
249.5313064212955,1.7247824293197986,4.1001749890509365e-12
249.61781965377986,1.725180159488501,1.2950155292286518e-13
249.8014942253242,1.7260250297995006,-9.960473734547045e-13
251.482156334145,1.7337846350661805,2.02735684270094e-11
252.2711440880667,1.7374453326029209,1.574361891492635e-11
252.76957433047156,1.7397638291825,2.0514425466686223e-11
252.82124111524,1.740004424013252,9.723207800665751e-12
254.94064063223516,1.7499161344472234,-8.386800593403182e-14
255.46286710102652,1.7523711158721234,6.886174874502079e-13
256.1333969694309,1.755530636335013,6.359669761675057e-12
256.59093098645894,1.7576912792275463,9.821831907184424e-14
256.6571970954503,1.758004531712321,-1.0319851952016259e-11
258.26396821829803,1.7656248031497424,1.3779400637508586e-12
259.3444388934612,1.7707757846004046,6.0190886172944995e-12
259.5949038850479,1.771972909072753,1.9872213264580606e-12
259.8929616593914,1.7733990142014577,1.9971291282220566e-11
260.1050308942482,1.7744146897948907,-4.444017518871223e-13
260.8297272901818,1.7778917732716906,-1.0999994240266003e-11
261.99263675549935,1.7834916148645559,3.3393654558703103e-13
263.5802089220762,1.7911765830699977,-1.1049075939513225e-11
264.0482678978989,1.7934511801903013,8.63772171065179e-12
265.52855501925734,1.8006714031809203,-8.851898270600057e-12
266.35291226264786,1.8047097721535814,1.1056386173775584e-11
266.4743943465091,1.805305948013439,-5.9765800244199355e-12
267.80230388075927,1.811840418526576,4.545537069807637e-13
268.1033861375413,1.8133265225531887,1.8687019049442647e-11
268.59931517163386,1.8157780061740598,1.350687125479347e-11
268.9181442063761,1.8173564390565553,1.385793287763387e-12
269.93839703879814,1.8224200070767171,1.0664414656773413e-14
270.639820792001,1.8259123323836277,-2.6467690379493655e-13
270.987971098429,1.82764910675746,2.2795782945888373e-14
273.2956383888931,1.8392175289657757,1.3604909059105976e-12
273.5461029646625,1.8404790184892978,5.942012789511161e-12
273.78906693112515,1.841703834639663,1.6451710961408652e-12
276.23938891665625,1.8541170415689816,4.3807833797809756e-13
276.4443590303006,1.8551604225498273,-4.907808714632757e-12
277.00760271173215,1.8580315464845456,-5.2003355751826756e-12
278.0248298580025,1.863231649925843,-3.0199953956446508e-12
278.42557297295997,1.8652854975066144,2.0318850137341818e-11
278.88863076597164,1.8676623979366305,2.64121503420997e-12
279.0191870158175,1.8683332639548227,-1.816283141295709e-12
279.18168747865946,1.8691687145925246,5.441010377753352e-12
280.0085436729935,1.873427298808585,1.582080038181699e-11
280.5232680046452,1.8760846603377566,1.6105576020355838e-11
281.0596903320516,1.878859235195098,-2.5557420110408855e-13
281.39364282490044,1.880589238228024,-6.446465474440623e-12
282.00855282476357,1.88378008368875,1.240728237581376e-12
282.2666404624491,1.8851214081375602,-5.087439802161082e-13
283.1744843076286,1.8898493728373116,8.432636532710347e-12
283.95637040080203,1.8939335299867444,1.696107041673673e-12
284.6268980761456,1.8974449797807211,4.39969617026384e-13
285.0844306061198,1.899845760600451,-7.234297249147678e-14
285.3510679162948,1.9012466477246697,-1.176605115091888e-11
286.15727474816003,1.90549034825068,-7.373683405588732e-12
286.3075532958967,1.9062827063079295,1.3101576359044437e-11
286.931537327561,1.9095771717343126,1.6841794443295524e-11
287.9233934091257,1.914828662442368,7.383392790895134e-13
288.62941436857926,1.918577808549304,7.076379565268931e-12
290.7609044130985,1.9299522537502825,-9.400689577609507e-12
290.891460512127,1.9306516710067263,-1.520671184707867e-11
292.06908822486673,1.936974666358802,1.6625290838180682e-13
292.86517107346,1.9412635178251278,-1.2989915270190697e-11
293.23054278508283,1.9432358458474308,-1.4662331864380462e-11
293.9410392159482,1.9470782461605922,-3.9373672824179676e-15
294.25526892417685,1.948780581898113,-4.714227092804277e-12
294.4744360879011,1.9499689941393394,-1.5345456196802066e-13
294.712801046508,1.9512625089984348,1.570941864466852e-13
294.9678636031859,1.952647794459949,4.402065903059196e-12
296.00323764039445,1.9582833819284948,-1.4036642288118225e-11
297.2906493168187,1.9653183640380765,-4.558747866083586e-12
297.8144471367451,1.9681893630043392,-8.63907133806257e-13
298.0148183223752,1.9692889580609463,-1.4804101523031515e-11
299.4146371439867,1.9769915012080013,4.145875449023911e-12
299.9247620464772,1.979807451815809,-3.1116903134705763e-13
300.5775420055856,1.983417867198162,1.5633743791088153e-12
302.1701083674851,1.9922590169036924,-6.402875951501989e-12
303.8654829554174,2.0017222487311717,3.975995646168932e-12
304.2161323531275,2.003686109300913,-1.8918209557624973e-11
306.011167612933,2.013774927516006,-4.580844176718888e-13
306.09465555146505,2.0142456077154463,6.230710980365947e-12
306.72113870931105,2.0177816302988685,-1.0012225187061355e-11
307.33604733155033,2.0212593540460344,8.317036324452491e-13
307.675122128842,2.0231800304193834,-4.007590050145397e-12
308.10123419083976,2.0255967291696964,-7.298625616358644e-12
308.7616369973979,2.0293488189462825,-4.23334404054813e-13
309.0930884845401,2.0312349941212595,1.9280210698982754e-11
309.481731408634,2.033449203481881,-4.3506513251598635e-13
309.8081824924492,2.0353112383178096,1.8934617308174654e-11
311.53735311648734,2.0452069426596537,-5.980442378471515e-12
311.66790899187544,2.0459563245830386,-4.404629636617494e-12
313.06772630581384,2.0540109123833856,-2.5483513585739578e-12
315.1608165457024,2.0661219484315465,-1.7483610277155993e-13
316.5818068850929,2.0743900725020366,-2.138150568600737e-11
317.0104188582783,2.0768912805568176,-1.9578505531376787e-12
318.4770259241547,2.085475413357301,5.665635128110516e-14
318.7816561462461,2.0872634006510657,1.0960904836566888e-12
319.2543112319221,2.0900409716992066,-2.3154464389126046e-11
319.3711942318039,2.0907284726276325,1.1758564718192244e-12
319.4972742294014,2.091470352051158,6.008132577058754e-12
319.96480621545544,2.0942239580851694,-1.0510871679404174e-13
320.5933870460974,2.097932433490432,-4.676277887950848e-13
320.7674614341476,2.098960717310473,1.4921702039905346e-13
320.95415946787176,2.1000641912878133,9.15553286181938e-13
322.33925390958615,2.108270808395687,-3.730584020485067e-13
322.51542658513773,2.1093171562461763,-1.7237855957064916e-11
322.74866795514333,2.1107033334848686,-3.2613576259225097e-13
323.20619907735005,2.113425398512387,-1.1570810170518074e-13
323.73302064158906,2.1165644808254416,-1.102896306309784e-11
324.1200894313841,2.1188741000329614,4.87998551548573e-13
325.0442258793613,2.124399534313183,1.0638765930788034e-11
326.29666589626,2.131913011287859,-6.809039715018345e-13
327.11654291713063,2.1368471607865285,6.8672476805755064e-12
327.3670063561323,2.138356958468531,-2.2696071012558124e-12
327.4646915410826,2.1389461195855692,1.0967734386155659e-12
328.47731597437144,2.14506383861087,-1.1743188445015499e-12
328.8689831418171,2.1474351417126494,4.272785481570445e-14
328.8826559365847,2.147517973095906,6.96843746973568e-12
330.79259537575865,2.159122447313556,-2.6419505973293156e-13
331.3386144308259,2.162452319302025,-3.0706996573538106e-13
331.83704098303804,2.1654967453236535,-8.800156803861091e-13
332.837566078346,2.17162183926143,1.7360326773861978e-11
334.2464557056612,2.1802781570181784,2.8743742584806264e-13
335.2008392153362,2.1861627306012377,-2.7281331859372615e-13
335.41238246764624,2.1874693435826895,3.3792570087384396e-12
335.52478954642066,2.1881639698392035,4.225247629972173e-12
335.87543817790174,2.1903323194806346,-2.1342454590241262e-11
337.7514571260752,2.201971765729653,-9.685408311167294e-12
338.0464881046592,2.203808135634541,-4.97695466173243e-13
338.5687106895237,2.2070625517304987,5.212671354842251e-13
338.7433094574468,2.2081517467273946,-2.447719112893695e-11
338.96037761780167,2.2095066604898213,-8.567164300965335e-13
339.7605316923517,2.214508624122302,-7.756170178388071e-12
340.67599484466825,2.220245879311961,1.6076251841771773e-11
341.5610876167397,2.2258074798911758,1.8769939259657583e-12
342.33784722719514,2.230700243602031,1.4023474662011646e-11
343.11565595654906,2.23561075239787,-3.705357349215709e-13
344.59593341949875,2.2449869154317765,1.7265095930181585e-13
344.77960641789406,2.2461531257125738,5.93930458347823e-12
345.30340253342746,2.2494823211276316,-2.147142746451934e-12
346.82009966872084,2.259150799791775,-1.857964103252698e-13
347.6666739880816,2.2645658781979017,-5.794094649388996e-13
348.2952537658027,2.268595103638969,-7.74580688808839e-13
349.05584012545387,2.273480228843204,-1.7887966029824492e-12
349.6590499102654,2.2773621262747907,4.433113616261467e-12
350.4176606051726,2.2822536061529144,-1.89438438041126e-13
351.94803010563686,2.2921536078893006,2.8287524275932102e-12
352.61343146258946,2.2964715642264797,-2.548967724368256e-13
353.2825048293175,2.300821572714588,-2.7963937859012335e-13
353.38321463142523,2.301477055735706,-1.4635630795426834e-11
354.07951082794517,2.306014102605454,-1.4963309753690594e-11
356.1837684670601,2.319779664854272,-5.192662420018312e-12
356.40136100047135,2.32120775763512,8.073516434323874e-12
356.70349035789405,2.3231921246440836,1.1305698483066281e-11
357.3759902298686,2.3276150991858775,1.7163673228781158e-11
357.955928127114,2.33143599128422,-1.133011813662728e-13
358.16497093394986,2.3328147785266227,1.1637229360061547e-11
358.2489831779408,2.333369126292199,-1.0612359168568504e-13
359.9387041497581,2.34454621324629,9.175706989190892e-14
362.4877449834089,2.3615070045515782,-2.2039796046835274e-11
362.7397816620475,2.3631905068265504,-2.1171262926779875e-13
363.14052237773694,2.3658697008266305,-2.892116191003177e-12
363.2433304345432,2.3665575116602,-1.243884505830488e-13
363.69416372851333,2.369575994635785,-1.8873536339056298e-14
363.7341328834683,2.3698437824665533,2.5852357463856285e-13
363.77515118994756,2.3701186300644306,1.6031244108040948e-11
364.7234836898158,2.376481675973175,-2.2518789235954046e-12
365.48866791830045,2.381627924384251,1.6823878521582114e-12
366.10857474259404,2.385805017506616,9.175679277756923e-13
367.8894059671684,2.397844097691049,-1.2002726722272914e-12
368.76699697067335,2.4037984264594865,2.7154651161093254e-12
368.9142499387066,2.404798906618422,-4.22563319417408e-13
369.4106998982407,2.408174877594275,-1.0292574191732996e-11
369.828138016185,2.411017064009888,4.0326471089454536e-13
370.06597726963616,2.412637861614696,1.674739390700915e-12
371.2173026605085,2.420498502701108,-2.0477839036764396e-12
371.42227142823975,2.4219004815400043,-6.543064247108582e-12
371.6373636231905,2.4233725364202052,4.536253609804355e-12
372.29776399186034,2.427897530892991,2.859797151544807e-13
372.6382885382834,2.430233908829827,-1.0509267263778308e-13
373.0027319656705,2.4327367632793875,-4.984703894254025e-12
373.12671329035703,2.433588776103544,7.569027944404466e-12
373.8665273144208,2.4386787424587086,-7.116090736555231e-12
373.9970827279841,2.4395780183829165,1.5820483401447037e-11
374.9535626150906,2.446175903076885,2.7259038107827534e-12
375.6063396452787,2.450688493352761,2.1644708164137045e-12
376.35785074450706,2.455893343599291,1.9555817992211143e-13
377.58003980904783,2.464380254518714,-9.106396902562361e-13
378.9701304485547,2.474066523663867,6.710067141666006e-13
380.0622885762915,2.481701743176864,-1.1940686937021956e-13
382.72966079382917,2.5004415627075627,2.1071641230092946e-12
382.8916355829753,2.501583749433058,-1.584858820952397e-14
382.9012344318966,2.5016514521589324,-4.402617133819147e-12
383.2833016749758,2.504347632060804,8.115407763225243e-13
384.35363903885167,2.5119151286215398,2.4419795727300036e-11
384.94172406292176,2.516081988675981,-2.9716955315356745e-13
385.0753041745668,2.5170293547134195,4.0218332705027655e-12
385.83391364943947,2.5224157370993536,-6.890752924535382e-12
385.981691087547,2.5234662402718513,-1.6198280937137239e-12
386.74227614234644,2.5288793627078974,7.816552816169598e-14
386.8849305167141,2.5298958278923145,9.113628736146115e-13
387.26909600097594,2.5326350131123254,6.854736135582923e-12
387.81511354300375,2.536532917346384,-1.4774035335595243e-11
389.9456644265078,2.551794993948379,7.265898594505635e-12
390.2174230801129,2.5537477341197397,2.9734733519258758e-12
390.60449057802725,2.5565313825152876,2.565449791799288e-13
391.4359394448635,2.5625201910906403,1.4251047369092123e-12
392.2011228236304,2.568042951153405,1.109182282518989e-11
392.81602860024435,2.572488889117306,-5.116595796878236e-13
394.9617028664926,2.5880572601315905,-1.8438686371798725e-12
395.2364862258787,2.590057131850228,-1.2526234341192195e-12
396.3826874001099,2.5984141786391035,6.26939301050244e-13
397.2769749032428,2.6049513090638614,7.122852903968594e-14
398.32141723454043,2.6126047025476513,9.932643264166456e-13
399.12406933792465,2.6184999770565662,-1.0837953500907068e-11
401.07239782627767,2.632859317441672,8.30674067918268e-12
401.3649277797162,2.635021324681259,-1.9895137126661286e-13
401.5825199039062,2.6366305096747102,3.362133945881227e-13
401.7251742005506,2.6376859713383194,2.786734246843503e-13
401.8967477171416,2.6389558952714887,-1.1883446562861608e-11
402.65285654145197,2.6445587945089777,-6.614786982906692e-12
403.2965586133818,2.649337039041418,4.820623396510951e-12
403.592113299897,2.651533518512535,4.748083958145891e-13
406.4340814370307,2.672736354206854,9.736002210099156e-14
406.51506876138507,2.673342749906124,2.7955357360819047e-11
407.1603444738264,2.6781785929006787,-4.334250072781202e-12
407.42750448150264,2.6801829959502053,2.2805146127997944e-13
407.4633996625401,2.6804524044529505,4.6420985132882287e-14
407.82784260791107,2.683189046561467,-8.715925311554351e-13
408.4477484079064,2.6878496074882166,-7.731690568241594e-13
409.7335785627411,2.697539274441673,-7.416962762154854e-12
410.32718798573325,2.702022829437039,6.629953907268414e-13
411.3165369985993,2.7095098452027324,-5.775045158490263e-12
411.98810894623887,2.714602318882387,5.274928748268619e-12
412.70162556354205,2.720021957898875,2.3531443100792114e-12
413.5685670873414,2.726619582043188,-2.9622878042841257e-12
413.5973636025607,2.7268389677117106,-9.91861976126217e-13
414.4824536284038,2.7335894581496376,-3.0781532634355134e-12
414.7254155372872,2.735445027908394,-5.105913547883872e-12
414.8873901421758,2.7366826785073295,-2.0878697517876184e-14
414.9424829905461,2.737103754005902,9.155334707747903e-13
416.65902112740065,2.7502512910432437,4.294944325404436e-12
416.81849554300015,2.751475514195275,1.8890762144850914e-13
418.18386161906244,2.761976074892292,-1.909835995730846e-13
418.1893865525537,2.7620186350146287,2.1635723867471766e-13
419.23132798203244,2.7700550561319632,-2.6951486177329927e-13
419.7197519057193,2.7738291200014773,3.2273478361399506e-12
419.86752917103945,2.7749718645452384,3.945848950348631e-12
420.1270658389416,2.776979805307361,-4.80991007617843e-13
420.289040416803,2.7782335725064486,-1.2360083089391514e-12
421.5982643619669,2.788385384831722,-5.9820034607937745e-12
422.19937410214635,2.7930570074321137,5.550881945994525e-12
422.4752063638624,2.7952029108193543,-1.810160462637179e-11
423.84662171328887,2.8058929729218534,-2.5477999811472897e-13
424.4751995834615,2.810804260961387,-5.437344695137101e-13
424.7707540714687,2.813116042146583,1.2704669165232209e-12
425.56315938712794,2.8193220534240653,1.720826533315428e-12
425.8339912638527,2.821445824254755,1.0980996582270812e-11
427.05250619341007,2.831017715896713,-1.99604929059632e-12
428.408797593657,2.8417040576110795,-1.2741686728555489e-11
428.7741667589366,2.8445886277562478,1.3759308320724691e-11
429.32268372718966,2.8489237570522357,5.403915625673208e-12
430.2594395259299,2.8563400938651933,2.5171595763076657e-11
432.4502033169835,2.873747573135483,2.8545836022704095e-13
432.8935349471302,2.8772809751574533,2.630459598006725e-13
433.1464974369836,2.879298736395814,6.418850567998157e-13
433.35803984119883,2.880987014379692,9.285290701894255e-13
433.4779470047292,2.881944335725091,2.3372302239457654e-12
433.54631067701064,2.88249025988192,6.94948835585596e-13
434.37368449246037,2.889104152600626,-6.309927610517947e-13
435.3985260673483,2.8973140540311717,1.139254149375452e-13
436.5386762913042,2.9064704162505395,3.098095898597911e-12
437.4779320813653,2.914031416394275,-1.156617637712526e-12
438.02894909572774,2.918474661315149,3.654743532805257e-12
440.0001449497122,2.93441561734365,-1.1952071743261274e-12
440.8983824580362,2.9417033553308096,-3.6402346010746674e-13
442.09060056853343,2.9513992230040103,-2.443012189756179e-12
442.7252276255244,2.956571087611315,-3.113246803878229e-12
442.77689379783504,2.9569924653362767,-1.6006322440562897e-11
442.84211000702214,2.9575244243329375,-6.876962990970282e-13
442.97568987115807,2.9586142601589733,1.6078131494778063e-12
443.2186515822979,2.960597350458978,3.7607675599466834e-12
443.6447610277047,2.9640779461620843,-7.1591476156137e-12
444.23586969002235,2.968911845313842,2.194008337690819e-12
444.6366092666763,2.9721926273247528,-2.072239478225905e-11
447.1993152802451,2.993242982622265,-4.2716489590985907e-13
448.3181691983784,3.002471313057179,7.146700634029762e-13
448.47764347338244,3.0037885378252738,2.007497891379722e-13
450.20325426100607,3.018071689155824,-2.394646411676753e-13
451.2954099078647,3.0271399771284706,5.2556704972847394e-14
452.9334592824111,3.040782071102429,3.052606272865964e-13
453.0089215712183,3.0414117312840374,-3.3394113891568545e-14
453.75333215364424,3.047628742510697,-1.8480739444131786e-12
454.056386942485,3.0501626552744288,1.1904861298057814e-13
455.48406576740354,3.062122573706273,1.4571959993248476e-11
455.5867508109863,3.0629842318705434,1.6873376588285235e-11
456.31091454487586,3.0690664018799367,-1.6037853576716734e-13
457.7172973431465,3.080906050854521,-3.494446456397631e-13
458.05887010457116,3.083787083954377,1.6176184242253665e-11
458.7116454169933,3.089298967569074,-2.251826316612785e-12
458.7977556703314,3.090026648626605,-8.907678071723442e-12
459.15037827802206,3.093007936929409,-1.8812257674786394e-12
459.27645755883964,3.094074444562095,-1.0818188092930702e-11
459.74398689325494,3.098031842453275,1.681610165062027e-13
460.19034296760384,3.101813776539437,-2.5436723949717007e-12
460.7333345672112,3.106419442433137,-1.4647725428743828e-12
461.1787641772089,3.1102016405839974,-3.1980704168176737e-12
461.248054256034,3.1107903197371796,1.1511147479238797e-12
462.11842127298655,3.1181923730291135,5.968474672813925e-13
463.03347846444905,3.125989542317012,1.6351574629622486e-11
463.42054513555166,3.1292923655375415,-1.0475413898002622e-12
463.89924697339745,3.1333809248653774,-7.807374599950695e-13
464.90081624943997,3.1419489140586414,1.3439946319867386e-13
466.0758116214498,3.152024043030152,1.0893621875875478e-12
466.72003713810193,3.1575588210449643,-1.233521822870791e-12
467.61577389197106,3.165267129220818,6.266512690367408e-13
468.380955595393,3.1718636447346955,-1.865887603413208e-11
468.6481151609215,3.1741693270757074,-6.83592758311761e-14
468.84400905586506,3.1758607967244754,-9.48709732418896e-12
470.09301555720214,3.1866621169986673,3.9169624893939673e-13
471.0150485410832,3.1946542303010728,4.2072472261297975e-13
471.36371984853577,3.197680567968086,5.417121673965645e-13
471.61615752704716,3.1998730310183596,1.4079158540976378e-12
473.29482242733707,3.2144823706442893,9.08888057465151e-12
473.6454693197054,3.2175405874478216,-5.118952306023231e-12
473.88593068076085,3.2196391145954695,2.911483870873603e-12
474.3033674518794,3.2232846509355775,5.373404577619084e-14
474.93194453149397,3.2287801622546133,2.084504377569424e-13
474.97993864728994,3.229200063338481,4.3646736027859773e-13
475.3038873537657,3.2320354041410515,-7.607934785148158e-12
475.6925276434287,3.235439504700407,3.1462876277415376e-13
476.9156395502297,3.2461708995521614,-1.5787660727140065e-12
477.9910970704745,3.2556295657229186,-1.2600976783539875e-12
478.7394584421811,3.2622239869804885,1.3706393756775057e-12
479.9763656855834,3.2731460004680297,-2.3834677032162632e-11
480.84673235167634,3.2808483170425244,2.3077470015570395e-12
480.9666393805116,3.281910528868869,-1.618207227779223e-12
481.71972187187635,3.2885878620936215,1.2901686297467063e-13
482.2268181085853,3.2930900023065988,2.313125863173978e-12
482.497002345974,3.295490706718757,5.831442428121922e-12
482.894716826213,3.299027019352848,5.928107916748997e-13
485.58192612939024,3.322996925057889,-1.1992062831237573e-12
486.611242265171,3.3322136584682593,1.6914420757937855e-12
487.4457137087664,3.3397000323280754,9.269823662766582e-13
488.68354719188983,3.350828752893017,-6.265205614563011e-12
488.92650865506977,3.353016407394609,1.3734204943763958e-11
489.28635237742714,3.3562584818103756,5.541011756811098e-14
489.36983970606155,3.357011016272895,-6.824905450137403e-12
489.41690735432167,3.357435329196517,8.40609704050283e-14
490.5327354893268,3.3675064254497435,1.3533119845675488e-12
491.7270505756159,3.378311330692945,-5.093415875543435e-12
492.3924489950542,3.3843425522427375,4.0780270141359354e-13
492.54232429782553,3.3857021587172236,-6.110151662602158e-14
492.6835272339729,3.386983471640149,2.1698793890845077e-11
493.70824475986836,3.396293034420976,-1.2507674047730235e-11
496.54573067786714,3.4221725408630843,-1.5714442021223482e-11
496.7025819194637,3.4236074403383143,-7.50811912895857e-13
496.79619262926406,3.424464021569223,-6.141168610403704e-13
497.2562210780779,3.428675840129877,-9.281114050305127e-15
497.58016964333325,3.431644110138979,-9.570745698951498e-12
497.73492258706585,3.4330627598974486,1.8126754992059055e-13
498.9343605568245,3.444073196652307,-7.696102160697998e-14
499.16969875578974,3.446236632030708,-3.371699768587955e-12
501.8158890937915,3.4706329667889904,1.7568748057493852e-11
503.4731343844955,3.485977490556869,3.0195259246898306e-14
504.953928893881,3.499731045535272,9.658633580761083e-12
505.3045755727798,3.502993751410494,-5.7748996821970345e-12
505.7686778469842,3.5073156243870316,7.603825649967595e-13
506.9654927776647,3.5184790669516453,7.032468890850358e-12
507.18965840507394,3.5205729339955827,2.576507854646734e-12
507.7716920324768,3.5260138655393587,-1.3636186876722455e-12
508.2144983581925,3.530157460548655,6.264920327741781e-13
508.5459473832453,3.5332613844758147,-4.889427372729629e-12
508.8754208058706,3.536348813069983,4.2085316439399276e-13
509.3262522193047,3.5405767028409905,-1.079789885511413e-12
509.6070842856423,3.543212233949716,-6.451720499520169e-13
510.5484368998312,3.5520571638925387,7.698036568241238e-13
510.9901940574302,3.5562135326312023,-4.2951533778805275e-12
511.39093307741456,3.5599870828650717,2.5488049198473088e-11
511.87685580433816,3.5645667318826457,3.06955327267128e-12
511.9845410802143,3.565582216090497,-2.2783529125279023e-12
512.9738877384412,3.574921862239621,1.9845674024452233e-11
514.2086959078536,3.5866040133938872,1.6070722509101229e-12
514.3589730325956,3.588027657472565,-8.086470474622683e-12
516.1367721882667,3.6049011342687494,-3.128680003886408e-13
516.1397969356915,3.6049298924135034,1.0577929068052001e-11
516.5447325098964,3.6087813869208345,2.2559004248802066e-14
517.5649738347807,3.6184986778452153,6.157881439592592e-13
518.0724716231842,3.623339482737365,-1.3216295299324597e-13
518.3163594135632,3.6256675121506547,-1.4759373019587058e-11
518.7587637820156,3.6298932767784193,-2.560886828114834e-11
520.6184763732084,3.647696339180179,-4.322652877663688e-12
520.8886604252481,3.650288116236293,9.261749730307929e-13
521.3770832504707,3.6549767908602755,6.466331402593855e-12
521.4003547747058,3.6552002983781646,1.1490136418061274e-12
521.7920194851264,3.6589634743447292,1.335493807223051e-13
521.800691846973,3.6590468317346128,-1.1303848953660818e-12
523.0621979903959,3.6711869901707788,-1.2983606073548993e-12
523.5085535256108,3.6754895329605097,-4.0488080249573405e-12
523.8566999234357,3.678847958686734,-1.907533875822191e-11
525.7605779307032,3.6972533802117504,2.9166362010125153e-12
525.8303924985901,3.697929569960904,-1.8474729451847136e-11
526.5692771119819,3.705091548345765,-1.0162815350976455e-11
527.2204778549797,3.711411947982349,-5.913536749284724e-12
527.4078218724834,3.713231711399818,8.862476134548871e-14
528.8602212397928,3.727361506747918,-2.7077969961574127e-14
528.9502825790554,3.728238955894795,1.5380703645957174e-13
529.3510214840196,3.7321450843250146,2.949538019254854e-12
530.3833615910686,3.7422212547766662,-4.1043871401400616e-13
530.9799941614555,3.748053647067555,-1.8570290451926744e-11
531.4659167373411,3.7528086368293474,2.3313990765420213e-11
533.2041483232174,3.769853690015516,4.337769272058907e-12
534.5508379263554,3.78309755654939,-2.8421554470287483e-13
534.6535228175879,3.7841087702586425,-7.238192725595222e-13
534.6671955240313,3.7842434301162724,1.1648586720276471e-11
535.1352487797585,3.788855273350817,-8.031775375510652e-12
537.4277663347004,3.811502298753079,8.080481817661459e-13
537.9455100487088,3.8166303192761126,-7.981039307550474e-12
538.100262891012,3.818164035671321,-1.5890934620282322e-12
538.1959718312529,3.8191128036276534,6.207357095480068e-12
538.7435611237921,3.8245443306815914,1.6476913268672732e-12
539.6862416427314,3.833907698704656,-1.2559341881396065e-11
541.0253079065945,3.8472363909839293,2.2827592962890702e-14
541.0663260221401,3.8476451952540356,-1.0380355138181426e-11
542.1812267554963,3.8587686475779552,1.4650567806107334e-11
543.2954802041112,3.869908518928108,-1.9254860996030235e-12
543.3709423668557,3.870663787086891,-8.549314197426681e-13
544.6329726798037,3.8833104494656308,-5.5251676630413916e-12
545.7625952083791,3.894655151734444,-1.4376510880032544e-12
546.2129017932481,3.8991840949037,-1.5576327185721128e-13
546.9968781919192,3.907077823256397,6.731261592430004e-13
547.7478615618058,3.91464996730228,1.1462971763462791e-12
547.9107621680056,3.9162938606643265,4.069689810678055e-13
549.1116502160481,3.9284275732336726,3.1838518366684374e-12
549.2407540406695,3.929733613278668,3.509491437465187e-13
549.9754418176443,3.9371717064343605,-2.4559265668237317e-12
551.4507103497075,3.9521375824506806,-1.5000372481257234e-12
552.9526769913671,3.9674154836522124,-5.67863534993504e-14
553.095330818397,3.968868709403563,2.655823257752818e-12
553.782549078144,3.9758747085315425,6.6075523868187746e-12
553.850912592087,3.976572131305773,5.409777816794249e-13
554.7212782036257,3.985458848986812,-1.4647328028828078e-12
555.4105947416414,3.992506898559497,-3.702805497914472e-12
555.7136489808033,3.995608304875507,-4.0910427775768353e-13
556.6979946546758,4.005693605376487,-1.5685744861544366e-11
558.7217786516735,4.0264847393302,3.919325458494928e-12
559.1240911095216,4.03062684417471,-2.135521283504531e-11
561.3770408351301,4.053877728751422,1.0771076038659806e-11
561.5637374962483,4.055808670107426,-2.501518675246671e-13
561.8475940923466,4.058745734517782,8.741193709871752e-12
562.9574941714827,4.070244119217543,-7.194594470781788e-12
563.6253920312786,4.077174368897714,4.076141819626998e-13
563.951840442611,4.08056465647017,1.3694688459903099e-11
564.6653548616396,4.08798160212312,-3.389368477825327e-13
565.3516465666187,4.095124417211785,-1.0919300601438717e-11
565.56109015502,4.097306000737412,-3.2847452574477603e-13
566.4552517188857,4.106628757942484,-2.5739912589374236e-11
566.941174060046,4.111701285157323,1.6215733987355654e-13
566.9816675883445,4.112124192088816,-4.3309366929308844e-14
567.0488592505748,4.112825996042523,2.300866714391103e-12
568.0382051270759,4.123169150316006,-2.0041780839736997e-11
568.3772770744653,4.126718139553951,4.238930386944555e-12
569.4232893340237,4.13767985692305,8.166377400770757e-12
570.0170195379519,4.1439108375607585,-1.7234394242272553e-13
570.6697936140314,4.1507689562942796,5.193116925876193e-13
571.2041118515157,4.156388406487833,-1.0682455048981806e-11
571.7502498803069,4.162137600807585,-4.2321876750266145e-13
571.8312369321404,4.162990619181132,1.9441512318866904e-11
572.7253984276404,4.172416651658198,-1.1031056689604893e-11
572.9252431890084,4.17452538007751,-1.0269303407353523e-12
573.0209520854681,4.1755355448419476,1.0853750186035748e-12
573.3806726543168,4.179333744098574,1.4905217261860058e-11
575.3026978490573,4.1996683186408195,1.7590994902602404e-11
575.6124487700291,4.202951777597639,6.741034046530767e-13
575.943897477379,4.2064671974641925,7.564199169152824e-12
575.9529717121147,4.206563469307541,-9.35326884174219e-13
578.4225858597579,4.232820880603024,1.7802863262076457e-12
578.9210089898229,4.238133836131058,1.9263828614298835e-11
579.1877662036284,4.240979222227611,7.694602272968937e-12
579.7788734733628,4.2472889833195815,2.1520638711657733e-12
579.8937799769565,4.24851629737006,-4.9661997086536665e-12
579.9003540395994,4.248586522156305,1.0487107095651437e-11
582.2847844479246,4.274109753049491,5.971969938406624e-12
582.6208315935971,4.277715262431357,1.1002215856204066e-12
582.6238563382755,4.2777477248992515,5.560877410886573e-12
584.1294944155729,4.293927606015961,9.11631146855736e-12
585.3364314142315,4.3069277407482165,7.025546658779617e-13
586.0442980428511,4.314564783007257,1.875378668276015e-11
586.5302202722652,4.3198126509663135,1.2316231989451704e-12
587.3621903127099,4.328807868331564,5.613190475145768e-13
587.6181768545235,4.33157814678016,5.854219181606634e-14
587.8844094690115,4.334460588440692,-3.0977913979481654e-13
589.1485373764702,4.348164839893164,-7.38514765233144e-12
590.0568959642138,4.358030416608711,1.8424937585460706e-13
590.1995497273906,4.359581143412824,8.11113795287285e-12
590.3407524650337,4.361116465914156,2.1530016899102027e-11
590.9435567591106,4.3676749950578415,-5.986930591209063e-14
591.0270439645176,4.368583866125189,-1.3674376656226375e-11
591.1890180323852,4.370347538956773,2.1837797351012967e-13
591.6798178831739,4.375694619081999,-1.0009696674962878e-12
592.6074967517653,4.385813451919231,-9.547326963242776e-12
592.7121571660509,4.386956050328459,-4.88375659343846e-13
594.7505394511162,4.409249706138708,1.2683440356745557e-11
594.8194275047468,4.410004467371888,1.1627303345223289e-11
598.4533861534694,4.449943303734489,2.1103763635136857e-12
598.5764404137277,4.451299983369652,1.603895251540775e-11
599.6881929284821,4.4635697567604735,6.810953669765527e-12
599.6972671608313,4.463669997521475,5.579761041919772e-12
601.0723501891847,4.478877723988957,-1.3288270902768713e-11
601.4615143281175,4.48318800722232,7.481181352817206e-12
603.1992198317778,4.50246843260207,1.6759233191530806e-12
604.8970790601549,4.521360475078435,7.925108611462428e-13
605.0397328010204,4.5229501983617375,2.48019291562486e-12
605.3327861826505,4.526217140719982,6.152664719122192e-13
605.4947602261851,4.528023496931146,9.080316519245236e-14
605.6972277802304,4.530282121799839,-1.3732991173057337e-11
605.7169499626609,4.530502172778224,-9.105588056775993e-12
605.9674115398351,4.533297330339417,-7.089371701008577e-12
606.515000384313,4.539412460699681,-7.92433969565994e-14
606.9617573293623,4.544405654873262,1.984509490145262e-11
608.1384465968704,4.5575745568831705,-2.756522058117346e-13
609.4288704781623,4.572045640523456,-2.7321434878183136e-12
610.5325977846524,4.584447407909368,-4.5472139369122984e-13
610.7779363143038,4.587207143924162,4.1314647238965845e-13
610.8468243565991,4.587982243232938,8.176940957986192e-12
612.153945640732,4.602705988558631,-8.42384457342983e-13
612.75674979893,4.609506731293344,-3.289688600722766e-13
613.7794900543234,4.62106044002756,1.209746898461766e-11
614.0820195207074,4.624481752549489,-8.596708827491862e-14
615.8658659205012,4.644689590307529,-5.522604898740799e-12
616.9118776418857,4.656566323937457,-8.827560679631638e-12
617.7697417827347,4.666321815943969,2.268899259370962e-12
619.3814907219327,4.684687024526667,-1.6580052792033094e-12
620.1329980450546,4.693266495408652,4.4528609046995965e-13
622.6400798106624,4.721963463499299,2.0017709990299732e-11
623.182020958967,4.728181937719054,4.228941772678856e-12
623.4249819821149,4.730971537177657,-1.8314358340243334e-12
623.4415567239929,4.731161882594388,-4.2808123043192665e-12
623.5008459548584,4.731842805415829,-1.144006779103403e-12
624.3433409381228,4.741525658974048,-3.3988899345679346e-12
624.9369481026553,4.748355879121759,3.038235882473806e-13
625.0154349386052,4.749259457792185,4.565605664651604e-12
625.1657118570054,4.750989835478396,1.3913474139238614e-11
625.3605561673552,4.75323400793207,1.9185639760680482e-12
625.9262933696685,4.759754003474692,-2.646466040750879e-12
626.4932024084925,4.766293418200336,4.4715657599195815e-12
626.8955145702034,4.770937764791911,1.027048333546645e-12
627.2699567741162,4.775263055604757,5.474353203527972e-12
627.3113767284232,4.775741668192973,1.0783492702621315e-12
627.6606945326487,4.77977933485985,3.361914379452772e-12
628.2264317230829,4.786323300615038,-2.036217886089947e-11
629.0921981640251,4.796349163900773,-1.4105908342619803e-12
629.3104366552202,4.7988786171062126,3.492803341890397e-13
630.3669735002978,4.811136618551764,-1.7764796435746586e-11
630.5173731051382,4.812883235332597,2.925704932805154e-14
631.268757657566,4.82161543568631,1.9681956675058733e-12
633.8259314706693,4.851411503975802,-4.531743276713292e-13
633.8410551862966,4.851588083101857,-1.2350750574724915e-13
634.7202150893495,4.861860082861142,8.053344355241982e-14
634.8612950715969,4.86350977029102,-1.490646515456068e-11
635.3472170661366,4.869194597332748,-1.8223860711494067e-11
635.7646529113629,4.874081674465259,6.728710440715885e-13
636.8090907238338,4.886323360163733,2.543738764277987e-12
637.0348297108375,4.888971850975215,1.4848487027033524e-14
637.3587777012782,4.892774222548923,1.7232817237236746e-11
637.6881279103206,4.8966419849304454,-5.615818725473474e-12
638.2726607750415,4.903511434542728,-2.5670205616232593e-12
640.172864240398,4.925886175352307,7.885831264389869e-13
640.7923656770688,4.933195131218212,-1.2395966975848634e-12
641.902666724038,4.9463122920089795,-2.2857275106224973e-13
643.9323757030725,4.970350091611996,2.4763886193352274e-12
644.0888247759001,4.9722060647453805,5.255103366342031e-12
644.6035431358324,4.978315408978002,-4.9004485440596236e-12
644.9526154998251,4.982461429114602,6.61680632377819e-12
645.405019893809,4.9878380893153444,-2.1742729009779345e-11
645.7841831920515,4.992347209990804,9.934686071051896e-12
647.4197277930588,5.011827933442265,-2.8804700001684013e-12
647.6651889345903,5.014755836377132,-5.6659431578132554e-12
647.6717629928755,5.01483426814153,-5.043620784691224e-13
648.0876250760872,5.0197973263512665,1.071054504244555e-12
648.6661084039574,5.026706467005178,-1.949235798305872e-12
649.1048400948426,5.031950588368373,1.7275118828613826e-12
650.0198949173196,5.042899567950727,-1.8236818356320907e-11
650.8781606861764,5.053183062827326,-5.261625615260092e-13
650.8978828605102,5.053419527762012,-3.791911852732745e-13
651.7920436562089,5.0641478635781905,4.73198739911747e-13
651.925623108322,5.065751843355907,1.577871254142104e-12
652.6386123211174,5.074318751442637,1.6748148666010847e-12
653.5176493910894,5.084893693755414,-2.131226047506576e-12
655.4396730802472,5.1080655007823985,-2.2706409024584153e-11
657.0794141345008,5.1278879164149025,-4.3685636190443136e-13
657.3106779958723,5.13068759212547,4.4613035818350835e-12
657.3435482847284,5.131085599154936,-1.10876962918851e-12
657.5853373975951,5.13401389322267,7.367926496650321e-13
658.7984457387971,5.148722034487072,1.561737023053135e-11
660.7002226020578,5.171834389288881,-1.703511573930994e-12
661.3034283836575,5.179179085376898,-3.1347658144001344e-12
661.5705872675652,5.182434181265043,-2.1366006232181544e-13
662.0260163433907,5.187986214763665,-2.0041152670028687e-11
662.9278002630281,5.198990932491981,3.275028554436049e-13
663.9020215019001,5.210896456016641,-1.0952119255573291e-12
665.9743219017856,5.2362792632414195,-4.252008314150161e-12
666.322467754565,5.240551328591707,1.1647331254173294e-12
666.9627403778647,5.248413883179799,2.6582644807172152e-11
667.0087587788215,5.248979280511527,-2.187783385383341e-11
668.2151702808718,5.263815568541446,3.1680017300342685e-13
668.5391181895938,5.267804002880537,1.6654640190820543e-13
668.6660008733224,5.2693667045152335,5.4554881516677933e-14
668.8437458049182,5.271556330111121,6.39079572070933e-13
669.2329097111465,5.2763524411352485,8.535283497537456e-12
670.9301206931364,5.297301723317155,5.5771638177929395e-12
671.6741271828506,5.306501990096139,1.8621286677344298e-13
672.7748291582986,5.320131798291246,-3.057244421713658e-13
672.8416188735243,5.320959562337183,1.2880753551975524e-13
674.4320711816057,5.340695245282774,1.158007277285657e-12
674.7999391831055,5.345266699021142,-1.1656554943945832e-12
677.2002611898131,5.375156425639876,3.120352409310469e-12
677.6009994677224,5.380156910303887,-2.599383683972091e-11
677.7240536430581,5.381692996196495,1.4370402468068556e-11
678.9137676216882,5.396558586685453,9.18869180627447e-13
679.5336707491742,5.404314667876086,-1.6549723806727042e-12
679.6698730361306,5.4060197471604585,-2.420048559887221e-11
679.8343471463673,5.408079209173401,-7.323517511725294e-15
679.8935136562734,5.408820184297868,-2.4098171122471875e-13
680.2299623842041,5.413034944856989,-1.4050925129321637e-11
680.4187571235339,5.415400927673009,-1.1621799348326012e-12
681.3296151460414,5.426825060202464,-5.652695887628799e-13
685.034032790286,5.473443949613058,3.0411212335553285e-13
685.0552059836386,5.473711133890747,2.3460295003941772e-11
685.6488128586311,5.481205213259187,-2.09709376865938e-12
686.6381576448276,5.493709769646671,1.8266808498313357e-11
686.9935247679568,5.498205737793251,1.4076323906714548e-12
687.6892917938449,5.50701505050316,-6.510916395750561e-13
688.023240334091,5.51124643921332,-7.443133075947804e-12
688.2550287151427,5.514184586716015,-2.3457925225983046e-12
689.2752681679656,5.527128898144333,-2.0117601267886733e-13
689.7176717330411,5.532747863323468,4.4563491216384635e-13
689.8040609151271,5.533845512583307,9.736376803428661e-12
689.9255413621541,5.535389259288321,1.5053722530108226e-11
690.4114631492523,5.541566964527316,-9.627213214904596e-13
691.1963648966457,5.551554900765355,-2.0894847477615964e-12
691.6897871871112,5.557839547529678,1.025831305198214e-11
691.9806193735811,5.561545934844851,-1.3585153907518446e-11
692.8461061967846,5.572584981697563,-2.3595115301334716e-13
694.5529156921591,5.594395305550224,8.524906301546263e-13
695.2008113876427,5.602688438390516,-6.987205418865882e-13
695.2589287461317,5.603432724588467,-4.9988755771180574e-12
695.5610561346166,5.607302953913445,-1.1638643430289929e-12
695.5761798430663,5.607496731682652,-7.415532899625951e-13
695.9254974612143,5.611973657564231,-1.8830889596204712e-11
695.9978120763923,5.612900737254909,2.3255418443828737e-11
696.9198425164266,5.624729692321226,-1.1576600761173673e-11
697.5209498507711,5.632449878715747,-1.7557745059861196e-11
698.5002938809903,5.645042118572134,-7.057002697374942e-12
699.4825399528121,5.657689418542327,-1.8303111779691e-12
700.0168575744256,5.664576700980357,-6.682170607284661e-12
700.8847218266964,5.675774562821786,-5.443066916255716e-12
701.342249065294,5.68168352147185,4.002065693342847e-13
701.3452738068686,5.681722598802493,-2.3405338219574354e-11
702.2486311925883,5.693400821515118,-1.8140842166310386e-13
702.4248023648701,5.695680039656489,-4.057000366165746e-13
702.9850143198668,5.702931592819461,-4.5108706168621727e-13
703.2930684823983,5.706921602687286,-2.871066537157538e-12
704.6442315947663,5.724442920812761,-1.7092868498819714e-11
707.3740258448518,5.759944355721924,-1.824386089115751e-11
708.7994791275629,5.778537170097136,-7.392778227152103e-12
710.4948367463076,5.800699196389644,-2.8087040715164293e-12
710.5039109705008,5.800817958766348,2.2930709311844294e-11
711.4056945859218,5.812627961778876,-2.8142238194051637e-13
711.9841776508307,5.820211819922719,-7.791912433787211e-13
712.3749151597731,5.825337839680788,2.356794741893651e-13
712.8683373823139,5.83181498109183,2.7448575575740128e-11
713.3504643956304,5.838148182547428,-1.1560133870215646e-11
713.5555546387577,5.840843538022185,1.1334474020146774e-11
713.8110163393316,5.8442019734318755,2.8947903120033784e-12
714.4138200198734,5.852131516392914,3.5544111663832017e-13
715.1910984450892,5.862366056374503,3.2897510247251365e-12
715.2361903795716,5.862960130085103,3.212682966273479e-13
715.3216530960333,5.864086180398459,-2.313005516218254e-12
715.3909429609287,5.864999237198541,-1.078466422567325e-12
717.9557383866144,5.898858668206103,-1.17134388243865e-14
718.2971873676964,5.903375484500206,-5.085589318614883e-12
719.4673015563719,5.918870487992685,1.1776324008672213e-13
719.4719000150517,5.91893143191656,-5.897429276980397e-13
719.6722690981654,5.921587325644429,8.941957433383012e-12
719.8589654986974,5.924062653433765,5.317480393648376e-14
719.9140581068641,5.924793225470424,-2.6463770783498866e-12
721.3867015020392,5.944342375943597,-1.1762383920167823e-12
723.6396480109,5.97432725675608,-2.2605339488207407e-12
725.5754661466938,6.0001661012963865,-2.4988811342713217e-11
726.1264811046531,6.007533539942427,-4.244225378901052e-12
726.5314158344635,6.012951353499959,-1.4127074803107827e-14
726.672495723548,6.014839637650024,-1.568934910109818e-11
728.1502620906728,6.03464083919607,8.959174433538656e-12
728.8030352938113,6.043400426161938,-7.479839054839985e-13
728.818158999129,6.043603464738995,7.364484246462202e-13
729.3778462910235,6.051120334579714,-3.765559345419121e-13
729.8353734495066,6.057269431156977,-2.9477168678887643e-13
732.6652291229833,6.095387950273457,2.6250597882060132e-11
734.1191993900308,6.115030483495431,-1.7238403867996828e-11
734.7341019619543,6.12334927832627,-1.2784502742937281e-12
734.7801203424522,6.123972124505045,2.4986403755054683e-11
735.5117821727272,6.133880207699823,8.045740611387725e-12
736.3104790751554,6.144707330124515,1.9001251132704363e-13
736.3772687629973,6.145613262472867,-8.701392101571198e-14
736.4147374927031,6.146121522631766,8.596301593186175e-13
737.8650357219313,6.165814569019185,-6.699357200489704e-13
738.1179972175017,6.169253405025691,-1.855383791382296e-12
739.1783279462225,6.1836806911577415,8.185463198759319e-12
739.847798530067,6.192800443083433,-1.5262902378041582e-12
739.929711920952,6.193916861538533,8.821361726629491e-12
741.106400017236,6.209967883466762,-7.214810021666061e-13
741.2399793893233,6.211791631240015,-1.347032437157063e-11
742.041455619779,6.222741020309167,3.90167742996461e-12
742.1538618053307,6.224277606576756,-2.9847634311998825e-12
743.4140369937375,6.241520061959157,-1.5025817603521038e-11
744.3394937896361,6.254201333981328,2.031631277406572e-13
744.675540503378,6.25880999128495,-1.2678987912096629e-12
746.0176290625932,6.277236587353196,4.461858853935519e-13
747.8135727178377,6.301946426235665,1.9877998051598347e-12
748.5908509938051,6.312659181742163,-1.3099863044934464e-11
748.9668665952846,6.317845571064559,1.6191432044713475e-11
749.121864534008,6.319984218227027,-7.825955533376993e-13
749.1844576379995,6.320847997504387,1.1709844537090739e-12
749.3222335833775,6.322749547578278,-1.1352204165427391e-11
750.1738020408068,6.334510447881517,-1.0199900704706235e-11
750.473551855604,6.338653431825822,-3.599379056652595e-13
751.5588841959853,6.353668169033666,4.156129163061664e-12
753.312481428983,6.377973688654478,-2.4385731692837312e-12
753.3397040948668,6.3783514515850115,-5.4366403569492004e-12
753.5826648961443,6.381723569643048,-5.422225762277225e-12
754.7648778147783,6.398147337616965,-1.6076386533181868e-12
755.5162617264226,6.408599240623772,7.585736790374097e-12
756.2668418776585,6.419050346385614,-1.338531543299043e-13
756.288015061908,6.419345313086856,5.11844391910762e-12
756.4094954607139,6.42103783375666,2.3636517769253934e-11
757.4890236734132,6.436090257682535,-2.1432092737095277e-14
757.9048854572267,6.441894562738124,-8.82360769141523e-13
758.08855707735,6.444459135702221,-4.760173597720283e-13
758.5769788357896,6.451281902086627,-1.9982576145814157e-12
758.7364525307291,6.453510542692152,4.720094808228121e-13
759.4611383342691,6.46364390875517,1.1703684530171632e-11
759.9114440982876,6.469945459984306,-7.123904810706874e-13
760.3568722185473,6.476182428554202,2.1902159712600716e-11
760.6240309353049,6.4799249887130905,7.495286608819463e-13
761.0565901321722,6.485987390836673,9.80396791821696e-12
763.2034248444891,6.516126703649563,3.2976079513416298e-12
763.5162000520847,6.520524825822562,-1.2463473189998727e-12
763.6279589589215,6.52209677268263,-1.3078686821035295e-13
764.0049009820848,6.527400353960969,1.9817038615508233e-11
764.4203608733577,6.533248914507503,3.039322445902316e-12
764.65279641594,6.536522370319375,-2.2595221922380494e-14
767.6313546168013,6.57855834097327,1.4611670761145947e-11
767.7519085575519,6.580263142766993,2.2878835595237563e-12
768.1798692814478,6.586317269659125,9.54438637432115e-12
768.3919353941363,6.5893185033663215,3.02793124627319e-12
768.8752340973755,6.596161410752952,-2.923381939115461e-12
770.8899403977455,6.624733494695175,1.7101158525258992e-11
772.1175243182262,6.642179455735857,1.942468762270879e-12
772.3351153351994,6.645274673700003,4.128009526516002e-12
772.9014992442123,6.653335537381992,-1.8521509479052058e-11
773.063997668068,6.655649331059337,-1.9939424455453285e-11
774.8114225360022,6.680561422872019,5.480540090733045e-14
775.0643839829808,6.6841724181113396,-9.975825718319253e-13
775.1453709079103,6.685328746144744,2.0836064321588896e-11
775.3958321864878,6.688905586730074,-1.918224900724056e-12
775.5430842131739,6.6910090341209365,-1.0764910460087637e-12
776.8860990117367,6.710211998502661,6.454993713353102e-12
779.2747224885334,6.7444475914175595,-1.553187036044747e-13
780.6258850329102,6.763860034924527,1.8266150912690223e-11
780.6396804044396,6.764058409432412,-1.3200941300877541e-12
781.4913714216889,6.77631233426955,7.91282137548134e-15
781.6340249869437,6.778366105800432,1.647749674612998e-12
781.7367096632305,6.779844680587754,1.584430694010375e-11
781.7959988316998,6.780698484244249,-9.497303580486465e-13
781.8328202867095,6.781228770403658,2.8397112991338633e-12
782.0757810535699,6.784728409002943,3.993731644659999e-12
783.0075325359808,6.798159560061025,3.6653397765873204e-13
784.6947417026274,6.8225212939341,-3.334898893082833e-12
785.5626055491698,6.835072865627806,-1.7887963315898337e-11
787.1752791344587,6.858433170203609,1.2622456286242738e-12
788.2498068492865,6.874024783618596,4.3179378073174736e-12
788.5949277096294,6.879037069374869,-5.756941100381604e-13
789.529983089061,6.892628162504035,-5.083204179986618e-12
790.5532467019848,6.907519824653189,3.4663106965791267e-12
791.5704608299667,6.922342565024779,-7.570451044244475e-13
792.4855148543917,6.935692923879097,-7.9263126237003e-12
792.61042185063,6.937516475229193,1.1442553545513769e-12
792.8533826054293,6.941064348837434,-4.186454567452805e-12
792.8862528675495,6.941544425648395,1.1916835000674766e-12
792.9134755281854,6.941942033167178,2.102627169894309e-13
794.2576620564474,6.96159187123869,-1.4111963693929251e-13
794.9939221243283,6.972368913342663,-8.908484304064506e-12
795.921599667065,6.985962054986917,-1.0232144724709963e-11
796.9159441799517,7.000549661669858,1.7178196251156127e-11
797.4018656799236,7.007685034868285,3.036045615035617e-12
798.8298184501137,7.028678563915484,1.2806453383488501e-11
799.0474094401214,7.031880849023079,-4.4926101292476846e-12
799.5450280167911,7.039207576177576,-1.898718610777769e-13
800.0358271529251,7.046438364820835,3.2922026799153206e-13
802.2275079977386,7.078781855298606,2.6827058462107285e-14
803.36370227701,7.095583943503531,1.430689971841371e-12
804.18607225849,7.107760019722775,-4.134247213777207e-14
804.6420255288864,7.114516268887877,4.873843517691446e-13
805.5770808417,7.128383761964072,-2.1786325649811588e-12
806.9496617922625,7.148769224653005,9.338762595859783e-12
807.993573933387,7.164296558489832,-5.068309990206484e-13
808.3175215845479,7.169119094393524,-2.998758036655428e-13
808.5253910801664,7.172214619064038,-1.3720427762492903e-11
808.6468714491293,7.17402403356332,5.475775671007824e-12
809.4283460771799,7.1856703683104985,1.1553667780881532e-11
810.2207478239147,7.1974910367701135,-3.354062238701213e-13
812.1518439721776,7.226346641375862,9.651858261572304e-12
812.5024897037259,7.231593570646973,-9.041027936359191e-12
812.9327940164399,7.23803557570821,8.765715912856016e-14
813.2667423311199,7.2430374038881755,-1.544500435416287e-11
813.3791484782496,7.244721468548901,-3.645696668612053e-12
813.8466761177995,7.251728447274063,-1.0718348952969108e-12
814.2975063407875,7.258488990043272,3.1211276673373085e-12
814.9502792669723,7.268284452696452,-5.995929001692641e-13
815.2125602750207,7.272222432759788,2.2709529481356972e-11
815.5438857253783,7.27719888202552,5.3597045304346465e-14
816.5332298194785,7.292070688347389,-4.668589095667419e-13
817.0935641366927,7.300501623506065,1.2965181915937464e-11
817.6148560208951,7.308350309298534,6.692298854528212e-12
817.9183115444318,7.312921507822173,1.9022987681603176e-13
818.6167009441141,7.323448362318892,6.090333676412209e-12
818.8333654649858,7.326715982322122,2.45361635606568e-12
819.6991308935108,7.3397816310740485,-2.488400465358628e-13
819.8236359965406,7.341661728192637,-2.8580538981571556e-12
821.8756878581489,7.372690003191238,3.472061527171616e-13
822.1354686912755,7.376623579192906,-1.0518297232786895e-11
822.6955576084641,7.38510862025943,-1.4755970872697427e-11
824.4479824280015,7.4116942237260055,-2.178775099850304e-14
824.674368428553,7.415132795745567,1.6031150984891657e-13
824.8124235107481,7.417230174774126,-4.865316154271964e-13
825.3271413270999,7.425053034781621,-3.502404105537729e-13
826.7632416979108,7.446905190040676,-3.8602325398394554e-13
827.4160145910193,7.456850546694676,4.487365635751467e-13
827.5405196901831,7.45874834218597,-1.1065502281697597e-11
827.7834804090777,7.462452544986844,1.458488810277078e-11
828.128199332648,7.467710029164552,-1.0533469587560354e-12
828.1884149400486,7.468628632694019,1.5263812456539846e-14
828.226810104296,7.46921439500303,4.225694139911393e-12
829.1037480077716,7.482600482513307,-2.0899735549958138e-11
830.7797843335318,7.508223880577617,1.3911255056977942e-13
831.2875262077629,7.515996497606082,-1.4219517481737139e-12
831.468173027676,7.518763021629534,-1.8470622465915027e-11
833.8314261877348,7.555010542187874,6.89623879951346e-14
834.0429676671542,7.5582601769998625,7.584708182122438e-12
834.5392916403409,7.565887788319252,4.3685519303305087e-13
834.5576854648048,7.566170555686458,-9.75492484028486e-12
835.6531407545472,7.583022174675939,-1.0846417726850104e-12
837.1399805754764,7.605929906904729,-4.033171100465286e-12
837.6663954464365,7.614050138858428,-3.036857884448832e-13
837.9674734721285,7.618696723681019,3.8070496705803227e-13
838.0266399328581,7.619610045346624,3.470923987983934e-13
838.6612643603619,7.6294104655288155,-1.9530964441199443e-11
838.6945364948227,7.629924487328035,1.889427062275199e-13
838.9042250687557,7.633164439080609,-1.0253789681808026e-13
839.6247140377044,7.644303070908373,2.0921895077102857e-12
839.9865322379778,7.649900322944578,1.072058336669517e-12
842.0270095517634,7.681511228599756,2.902246801621324e-13
843.1399321834537,7.6987848574924325,1.8822581273412584e-13
843.2455188790389,7.700424849476493,2.954508266508946e-13
843.8108534719454,7.709209223832746,1.0256856586211542e-11
844.1614991595263,7.714660642175545,-1.01995080781946e-11
846.6286086917581,7.753080328042174,8.442930867453987e-13
847.2648068152464,7.763005868036252,8.880745683013061e-12
847.6863160359185,7.769586080833241,1.899887455745076e-12
848.1922387738508,7.777488401101184,1.2997610423763024e-13
850.1994438922472,7.808886640043109,4.508878431266029e-15
851.2650536026881,7.825585881374062,-2.3925555201359502e-11
851.9801403255585,7.836803781437018,-1.7347830849562195e-11
852.1305397379282,7.839164366298894,3.888999795940927e-13
852.4660617180537,7.84443203283271,1.603861551874627e-13
852.8819233305935,7.850963902727958,-1.1763361746520181e-12
853.0655948751555,7.8538498156618495,2.838374110298258e-12
853.5346961590413,7.8612233230027275,5.777409314623457e-14
854.2119122877075,7.871875206414616,-8.937977336547276e-13
855.0145599516713,7.8845109334827175,-5.784593655205298e-13
855.2149289078279,7.887667104346038,-9.610603725220618e-12
856.0211258803487,7.900373628459288,4.926311326782305e-12
857.6156505676665,7.925540295400738,2.636242692785012e-12
859.272891013439,7.9517464504457855,9.623908048409031e-15
859.6373320483586,7.957516189152862,-8.507115852730048e-14
860.0827599792892,7.9645714145291056,-2.743643648398476e-13
860.2339631443999,7.96696718370756,6.8668180760346144e-12
860.6247003806674,7.9731602493458436,4.781281006992677e-12
861.1181222594622,7.980984853283941,2.3449226697597118e-11
862.3654278717408,8.000784420575956,-7.150902358049176e-12
862.7957321022452,8.00762166282859,2.5640612309913925e-13
862.9393120710497,8.009903810027158,-1.8516865171289906e-13
864.8250367408956,8.039911908144884,-5.585583378841692e-12
865.4068233150433,8.04918327315907,-2.0563065125910162e-13
865.426143588105,8.049491268465832,6.2923543004704755e-12
866.5348695488309,8.067177610045073,7.230580040069055e-13
867.2160368362745,8.078054786258134,-9.747166895862594e-12
869.0607434591162,8.107554781391949,1.0253291275579178e-11
870.4412264554975,8.129672058877171,3.184990550324148e-14
871.9364930411532,8.153667935335346,-9.971787874304266e-14
872.0609981199804,8.155667836823017,7.661247892504634e-12
872.7898801570879,8.167381459865464,2.4977740560881733e-13
874.9881344397407,8.202768144852817,4.389246140237006e-13
875.0093076134655,8.203109415593318,-2.1542981534937427e-11
876.1202545200431,8.221027322001367,2.4561371087621065e-13
876.4684000005991,8.226647064777477,-5.921520610220172e-14
876.7826260851214,8.231721199753332,1.4477567408579961e-11
877.0528094122473,8.236085584869324,6.591788725843774e-12
877.1996595003042,8.238458280266281,-5.556531444169413e-13
877.6003973817234,8.244935128454888,-1.696170984938002e-13
877.6433909944907,8.245630180083625,1.0717885861114903e-12
878.8619001684923,8.265343235631414,-4.138155138680106e-13
878.9566824259034,8.266877770564003,-1.473830838361521e-11
880.5835526664854,8.293242771869417,-1.9484763188039322e-12
881.1504609015999,8.302441521215679,-4.1593521764395835e-12
882.1523055910757,8.318712098772242,-3.400735338195311e-12
882.8476700872807,8.330016118233974,-1.4728903339725543e-11
882.9838722391594,8.332231297711882,-2.5936164243923147e-11
884.1334934579536,8.350942248040353,-6.9461050738137016e-12
884.619414796762,8.358858303316339,8.901259265841248e-13
884.6645066969271,8.359593107715437,7.343781113410741e-13
884.7270997654506,8.360613168109323,6.209057876412105e-13
885.7164436087384,8.376745792331024,-5.4084210991163864e-12
886.0035697263471,8.381431157769601,-1.4945544351382706e-11
886.1830446733358,8.384360627168148,-1.30815523505325e-13
887.1015249840237,8.399361756865579,2.2037562466752285e-12
887.4750402016424,8.405466659226036,2.6644501891894988e-12
888.3208040796327,8.41929970608582,7.211606760387105e-15
888.8823438860319,8.428491352337158,-2.8827373908560313e-12
891.0589003080406,8.46417352383398,4.022279009154453e-12
891.1415836059261,8.465530743136952,-3.674174130912081e-12
892.6393502568313,8.490137895256883,1.1670041944973613e-11
893.5918726359596,8.505808600596234,1.961769571025665e-12
893.6311942419259,8.50645587090832,-2.524045334386491e-13
893.8999265316311,8.51088021753045,-5.064772099416268e-13
894.2673922633426,8.516932242040125,-3.932116629960713e-12
895.0279726594176,8.529466621674738,-5.325664913566391e-13
895.3772899564066,8.535226948392323,6.744573172085603e-12
896.0451863859757,8.546246979506286,2.1414312537266841e-13
896.1600926662669,8.548143716865061,-5.561623337216191e-13
896.5992256782133,8.555394647576497,5.198477495876403e-12
897.9808803883459,8.578231594943555,2.1983479131501064e-12
898.7106888148135,8.590308567611697,1.3606208598107736e-11
898.7460592307026,8.590894131512416,-3.5441820642112092e-12
898.8750400602353,8.593029628694476,-1.0358131819224061e-11
899.9629946061399,8.611054762318876,1.6115767065482887e-12
900.3365098086289,8.617248156542862,-1.4440925135784292e-11
901.2019958017355,8.631608977668794,2.051492990177528e-13
902.0125457191176,8.645070768767283,-4.96449416664411e-14
902.3289927598248,8.650329675468326,4.691454616839459e-13
902.4368004160727,8.652121709015573,1.6156368447917988e-13
903.2945405161788,8.66638712794835,2.244103307587855e-12
903.5221320897447,8.67017456957424,-5.986182032354327e-13
903.7225010137221,8.673509778079877,5.060834366536143e-12
904.208422322594,8.681601174100084,6.760698543471212e-12
905.7387799762872,8.707112587845709,-4.347963352500005e-13
906.6755313572704,8.72274973434239,-1.169847507613541e-13
907.8777448878305,8.742841912267966,2.1888434460954807e-12
908.6066268417187,8.755036427586433,1.8710887075037784e-11
909.8681295052457,8.776165047398823,-2.2907210884057377e-12
910.5209022114407,8.787109697391646,-4.668397224802971e-13
911.8777116874544,8.809883624406108,1.1525883616977549e-12
912.3201148042925,8.817316652803179,-9.83111627200823e-12
912.428726214271,8.819142036755663,3.4227069857363144e-12
913.5937164088405,8.838735177625399,8.119425539127018e-12
914.2416114680332,8.849642481561283,3.928402137507292e-13
914.8006510630861,8.859060119485664,1.3359598157322759e-11
914.8427182203236,8.859769019999128,1.5959669860899531e-12
915.2981467387094,8.867445823433636,-6.934617769572123e-12
917.13825462554,8.89850199213731,6.143828071156341e-14
917.3754449778692,8.902509677879527,1.5057329891463265e-12
917.7277869899833,8.908464936277978,8.378115399087821e-13
917.8538657670362,8.91059646591608,-5.906690326850851e-12
918.75709960169,8.925875399765273,-1.079560404359551e-12
919.4249959842612,8.937183074380602,1.299146434075409e-13
921.1052283758286,8.965666222378028,1.9225486907358964e-11
922.0895717760516,8.982376880352808,1.0842736846992747e-11
922.7179011625603,8.993053016440179,6.692949065380815e-13
924.1931661717323,9.01814827678749,-4.349863644435152e-13
925.027232879781,9.03235405867018,8.95010559132344e-12
925.1040231833056,9.033662591443525,-1.2870792163290715e-12
926.3313272108737,9.054591008975914,-1.7321028292696242e-13
926.4749071509669,9.057041197216558,1.0339480070439967e-13
927.2466599780734,9.070217647019286,-4.99076175489195e-12
927.8540615722167,9.080595776905975,1.3195048215468116e-14
928.0281342849216,9.083571255174801,-7.77462620138969e-12
928.4560947514814,9.090888887702274,1.1148996408113699e-13
928.7248270133573,9.09548562517526,-3.273024112787974e-13
928.8894236313602,9.098301751430142,-2.678092494988537e-11
929.1490816771068,9.102745322944994,2.597336157761489e-13
929.8837676761293,9.115324855617454,-1.4521144258131568e-11
932.1169901080896,9.153623862709486,-6.656870335329706e-12
932.5963373277058,9.161856480770581,-6.372547323881648e-12
932.9444827484225,9.167838407971894,-2.8489803458925006e-12
934.0359864965815,9.186607388604486,2.2576780671323056e-13
934.5900257270654,9.196142781394533,-2.38216634487469e-12
938.4203952747224,9.262220729680763,3.5066123255156066e-13
938.5449003283982,9.26437310945637,1.2029204448365194e-11
939.0323953046441,9.272803421489103,-1.5804734232759276e-11
939.6912174337268,9.284203471382236,-2.051004449665579e-13
939.9290550365989,9.288320902282623,1.367912808477658e-12
940.5581543510331,9.299216856650208,2.584085616488835e-13
940.7356536746004,9.302292450674729,-1.944899313320427e-12
941.0803724706146,9.308267174111327,1.565357601751089e-12
941.1196940711361,9.308948841709713,-1.1552000076168832e-12
941.2953404935095,9.311994143734221,1.344895924510057e-11
943.8601335512607,9.35652644956894,3.2229778248193505e-13
944.573646351421,9.368936661813047,5.6377039562941776e-12
944.9618833200378,9.375693252805577,-5.3756956361111174e-12
948.0450997650044,9.429449867304628,-4.793920559964522e-12
948.2855602225648,9.433649713788405,-2.9013202856222347e-12
948.5117007446541,9.437600422266332,-1.5565423915836785e-13
949.1975890116454,9.449588753596721,9.868005114707408e-12
949.3315701554841,9.451931561244118,3.970937369762014e-12
951.0106305713397,9.481319817358605,-1.4877794613928154e-12
951.7395124372172,9.494093454900183,1.4388398657534806e-11
951.8563942936622,9.49614271716596,-4.871660575265805e-15
952.4358032425206,9.50630507461207,-8.387190003725252e-13
953.1574637913433,9.51897105624641,6.564218504526522e-12
953.6249912151874,9.527181826828745,1.7147545299537037e-12
953.7748660085769,9.529814797510388,7.187778694703182e-13
955.3662427895629,9.557797311300135,-1.5154557381281434e-12
955.739757933712,9.564371901243954,3.675929927819305e-12
956.1404957229391,9.571428520179197,1.4784749857432066e-11
956.257098393167,9.573482340112935,2.3638427089311333e-13
956.7341019068383,9.581886808161126,-1.3215948353581442e-12
956.7630209617479,9.582396476422375,-1.3677539454659423e-12
957.6780744691154,9.59853129841086,9.870200888073253e-12
957.7234455446612,9.599331712237758,1.1511796671268638e-11
958.9128788882344,9.62032862789548,-4.191832704786229e-12
958.9987433998361,9.621845391765204,5.341465275065428e-13
959.1085266334071,9.623784868569214,-4.6906837139651886e-12
960.8893451689008,9.655276567779666,6.135891220753423e-12
961.4967467084682,9.666031116322232,-2.0606441953099243e-12
962.0503840203658,9.675839644932568,1.1125710643737509e-12
963.0659011458188,9.693845754957337,-8.56139894056185e-12
963.0831231253796,9.69415128128115,-5.867374164063136e-12
963.8720978567385,9.708153936540802,8.063541429400149e-12
965.3498628698693,9.734412034075278,-2.7685515406251756e-12
965.4182262157375,9.735627741593246,-2.383463462496689e-13
965.6381945577208,9.739540029654492,5.372416316892189e-13
966.1404113126765,9.748475640150685,-1.4383930046998247e-11
966.9418868696248,9.762745388223676,-1.1639670880352083e-12
967.0107747871963,9.763972444767978,1.9851661209028228e-11
967.0830893214804,9.76526063149724,-2.1622965876549124e-11
967.2704328068112,9.768598353211862,4.154235633622944e-13
968.6062253970894,9.792415645887457,-1.1064929162789468e-11
969.8815232174144,9.815184981474692,-2.739919356026975e-14
970.5799122786121,9.827666807486272,1.581122202177472e-11
971.1957407527888,9.838680539296625,-5.751204083898649e-13
971.9699936553745,9.852537512136596,-3.430231314529926e-12
972.4656363539914,9.861413934592816,-4.06407945925714e-12
973.186125028921,9.874325174480461,-9.156909000239889e-13
973.6097323778297,9.881920730642339,-1.1032802696505964e-13
975.729499323044,9.919979191346332,-1.0771954253383444e-11
976.377918846727,9.931637498002411,-2.1369326815633654e-11
976.7013417502445,9.937455398911434,7.460309819178823e-12
977.1293021625611,9.945156737084565,-4.533733162327562e-12
977.7771971120939,9.95682231517009,-2.6537537733064573e-13
978.6825290916123,9.973136089630312,1.846231921634795e-13
978.8475275666971,9.976110932625009,1.3094917443848256e-11
979.7040956519802,9.991562501859566,-5.4081841335420664e-12
979.8847423896386,9.994822900925127,-4.6589389841118086e-12
980.0914061358001,9.998553604676797,4.728087099475859e-13
981.160040175064,10.017857189156144,6.114784004035484e-13
982.8074020534649,10.047656002906383,-8.333537004925785e-12
983.4601746331247,10.059477710174779,5.044557773864056e-13
983.760850648082,10.064925591306766,1.787088407150607e-13
984.4357228438319,10.0771595127455,-7.285208475161575e-12
984.8052867727032,10.083862434147763,1.865123359837485e-14
984.9479402407703,10.086450467298341,1.466449563331229e-11
985.6251561095231,10.098741697576353,-6.73888555200203e-12
985.8158035094904,10.102203404863015,8.883790998907201e-12
986.2763549689996,10.110568695786297,-3.0588148618229268e-12
986.5218157361207,10.115028752936775,3.5080348793684437e-12
988.6081878030842,10.152983239947028,1.5050178863789196e-12
989.3824406734942,10.167088553144017,-3.2049419209618607e-12
990.004965861785,10.178437705107022,-8.790150102415731e-13
990.1518159036829,10.181115944122102,8.257429829428202e-13
990.5571521132141,10.188510494122019,6.217096397319481e-13
990.782243467813,10.19261814353554,2.786745659029422e-12
992.8342942510488,10.23010866703496,4.732452738591497e-15
993.6441629079208,10.244926139575288,-1.0874391777621739e-11
993.9902099873183,10.251261150479746,1.4299218166173491e-12
994.3784469085426,10.258371147569544,3.780779528899121e-13
994.7248958657585,10.264718202921285,-1.4245892028863266e-12
997.9080171862539,10.323137479000135,-3.791688434237583e-12
1000.3651249517668,10.368359996529216,-4.95291673487336e-12
1000.4630884070903,10.370165297341975,-2.373055137527806e-13
1000.7157704797473,10.374822616676129,3.2537607604663325e-12
1001.4474316089506,10.388314890240093,1.3424249218751129e-11
1003.349730260611,10.423440576582351,2.9299606074662006e-12
1004.0937357247288,10.437196670383548,-1.745626319783133e-13
1004.6008300729075,10.446578301548367,9.091921527928054e-12
1004.6033302390105,10.446624568257661,1.0057029691815747e-11
1004.8309217525542,10.450836734903419,-7.509638139815799e-12
1004.9042854242749,10.452194721800595,5.505849626977601e-13
1005.8193388267174,10.469141006594993,-2.7364283477977e-12
1005.8653571625322,10.469993648161957,-2.323233978723079e-11
1006.351278342583,10.478999322632031,9.899884199015266e-12
1006.5970182833579,10.483555326134798,5.070421438199106e-12
1006.8036820168544,10.487387720264469,7.600978511792801e-13
1007.2195434474316,10.495101883024141,5.243473169832566e-13
1007.6035837817393,10.502228598924017,4.062291390024632e-12
1007.9559257133942,10.50876947071063,1.1488066131683352e-12
1008.0895049599309,10.511249832224161,-5.28455368795409e-12
1008.3324655488321,10.515762079925596,-2.3438642641539057e-13
1011.6603385199883,10.577676561777919,2.1779345118883665e-13
1012.7331690579063,10.597679866136515,-6.133074166811338e-12
1013.126685479905,10.605022433492515,2.4588332155194473e-12
1014.4992655582281,10.630655538241987,1.584024137406055e-11
1014.7664240474629,10.635648791239495,-7.022026309513712e-13
1015.2811415754918,10.645272685700961,-6.971851370958153e-13
1017.3700136743349,10.684379314606538,-6.809666588749814e-14
1017.474796560887,10.686343114947425,9.440623607278244e-12
1017.6948875699637,10.690468634087892,-1.803201017002271e-12
1019.2753369979064,10.720119744661954,-2.0525672284465446e-12
1020.0520899816231,10.734709418071938,1.0203816284950006e-11
1021.5436501646183,10.762756405014342,-1.3252679792280929e-11
1021.8821967247723,10.769128070510645,2.8583053692623207e-13
1022.1472569221748,10.77411814865399,2.1836407085946443e-11
1024.829857774314,10.824694177417971,-1.5369740264114355e-13
1025.449358176161,10.836392680172262,-1.1272541738635793e-11
1025.8500959006644,10.843963884594658,1.4947778518560469e-12
1027.373231773024,10.872767732993928,3.2256330369567346e-12
1028.1819285315876,10.888078273325013,6.187902590656481e-12
1028.5742393056214,10.895509982801654,-4.5873692694257975e-14
1028.6603491905519,10.897141578330235,-3.6617089790572067e-13
1030.052930551656,10.92354694022811,1.293684035972997e-12
1030.231478981547,10.92693506107035,3.690735791713884e-13
1030.8060101868982,10.937841304665584,-2.8063071414875306e-13
1030.9198672840892,10.940003359523695,6.6154632462571326e-12
1030.971287827739,10.940979872636895,3.824543956619784e-12
1031.5023008648766,10.951067040768056,3.5978039845070616e-14
1031.5648939096309,10.952256405704837,-3.418723681919702e-13
1032.554237377848,10.971065051591491,2.97789077496032e-12
1032.896054055181,10.977567601222974,6.721689624749695e-13
1033.8978983504503,10.996638584779022,6.3203542976800765e-12
1033.9116937110405,10.996901320596704,6.917665156103776e-13
1033.9393182299962,10.997427446456989,-1.2133938388782573e-12
1034.115489186051,11.000783060748928,-8.828673021324296e-12
1034.2507648344224,11.003360110172682,1.2065040374169175e-11
1034.2532650003684,11.003407742399661,-1.2767791876341592e-11
1035.0901108383118,11.019357485843393,1.2488646863661007e-11
1035.720136462741,11.031373880925484,1.5872424241051859e-12
1035.9383745629607,11.035538012284176,8.89761382111145e-13
1037.8966920718299,11.072943300085209,-2.2146765962363477e-12
1038.837115150453,11.090931172202852,-2.4118839254954843e-12
1039.0647066475722,11.095286859932683,-3.174100715121124e-13
1039.9555620817844,11.112345391241838,1.61015452514875e-14
1040.2369177956912,11.117735964363325,-4.636661564253883e-12
1040.468985052114,11.122183303488432,1.3897452750685912e-13
1040.8062032705218,11.12864752479695,-1.960880190001732e-14
1041.3405202197357,11.138894270555591,3.089007188860343e-12
1042.835908832175,11.167599711938685,1.9363897241944e-12
1043.2027271614538,11.174647438669293,1.2241377030095211e-12
1043.4370153975776,11.179150145151468,-2.8622933684451565e-12
1043.4886813269854,11.18014323127362,-2.075118637388088e-13
1046.2305711830545,11.232916455518879,-1.9373268693467516e-11
1046.800783101372,11.243908733554695,-8.873375660208031e-13
1049.3513783002265,11.293151225566191,-4.960530824093784e-12
1049.781682319751,11.30147060728657,3.483430992422258e-13
1049.8388731521322,11.302576576183302,-9.797750909775704e-13
1050.343221899236,11.312332391672246,7.0837610280225506e-12
1050.5602881558525,11.316532631642525,-2.7865055352938344e-12
1050.578681969364,11.31688859249387,9.51754457260079e-12
1050.7167369640058,11.319560459992905,6.067204476939624e-12
1051.711080726249,11.338815007984628,1.1511259749951141e-11
1051.724876086352,11.339082270477585,-2.8255492568075924e-12
1052.4120925221541,11.352400399703358,-7.017606472869527e-12
1054.7155305526198,11.397104056823427,-1.2051812768905094e-12
1055.44441224931,11.411270084930962,9.16666825682698e-13
1057.1416206925053,11.444293749761997,1.2755108117793534e-13
1057.3513091423138,11.448377474175393,-2.9981548507991054e-12
1057.5060615392902,11.451391827440412,-1.3403486172911388e-12
1057.6321402748115,11.453847985287675,1.0635160563833187e-11
1057.9140205509004,11.459340394339517,-2.5540248303278916e-13
1059.2665102825652,11.485713880969913,-1.8845483131457432e-12
1060.5698004511146,11.511159857723806,-8.398586158423058e-12
1060.6151715163958,11.512046264766463,-3.203412966512797e-12
1060.9295201487248,11.518188683793547,2.3461646266503928e-11
1061.2376966119812,11.524212264700525,3.8688975263773053e-13
1061.4154412742341,11.527687236460888,5.229818434812143e-13
1061.587013767545,11.531042092114776,5.503622883818762e-12
1062.0174742683062,11.53946152076911,5.482377291643347e-14
1062.54598710731,11.549803434962401,8.919723739039939e-13
1063.5707009173786,11.569869645543646,8.355885239457816e-12
1064.2132273359177,11.582461630418557,-8.290589044351277e-13
1064.983004324715,11.597557435979645,-7.495828573964365e-12
1066.7270010264986,11.63179867434122,-1.068154915820925e-12
1067.006783010333,11.637297065833149,9.51377475408842e-12
1067.9313123890931,11.655476555311175,-3.6191884816475534e-12
1068.1364023814383,11.659511477508218,-5.650721337610261e-12
1068.6465214015468,11.669550873878054,1.3183712780695577e-13
1069.5556817022946,11.687455485969958,-3.6851468629279426e-13
1069.9149995155558,11.694535934455905,8.070562222302595e-12
1071.1902970607628,11.719685195545175,-3.437206721347409e-13
1074.0874637369643,11.776929553912723,6.378327709749453e-12
1075.1669908826937,11.798299187868682,-1.1764363590225616e-13
1075.2712491854888,11.800364155769659,-8.84898109206744e-14
1075.2938733707542,11.800812282888796,-6.138650432980138e-14
1076.103741891585,11.816859912108086,2.6768725541277647e-13
1078.0769037537493,11.85600889761278,2.5753114328173708e-14
1078.5298319353262,11.865005447261684,-8.022256036564411e-12
1079.469484982616,11.883681904998884,3.281236079913895e-13
1079.6105647074144,11.8864873969581,-8.64653476577933e-12
1079.7822598885243,11.88990219827431,-1.3957445530106796e-13
1080.0352211058523,11.89493426828178,2.8834101982528696e-12
1080.9142567056438,11.91242978433828,-1.5095308267826897e-12
1081.0103672448251,11.914343543319209,-5.271450562218767e-12
1081.4278023298489,11.922657510903774,1.3116230759722106e-12
1084.7401492566923,11.988742621872907,9.679074504101819e-12
1085.4177668661841,12.002286770192713,-1.9308657120603808e-13
1085.5416246143777,12.004763339919966,1.0608610035041337e-12
1085.6347104152258,12.0066248020969,-9.39472038144465e-14
1086.4380048742173,12.02269513270826,4.126260136814801e-12
1086.5531902878872,12.025000452256588,-7.888749674140868e-13
1087.2820719420952,12.039593947757302,-1.350174272451719e-11
1087.9574685676805,12.053125314207659,6.360539782588368e-13
1088.1787313840098,12.057560074900053,-1.2054904226260208e-11
1088.7000228857498,12.06801186226743,-7.054973069217888e-12
1089.3149247591066,12.080346953108432,6.373602842946672e-13
1089.7018670757413,12.088112686642264,3.838088914341285e-12
1090.673709275813,12.107629222867343,-7.574451512683288e-12
1091.236945222225,12.118948091180721,7.30333903892436e-12
1093.0435348795722,12.155293001729016,-7.026264193221715e-13
1094.882872071956,12.192358491457258,2.6395350833849706e-12
1096.4316228702178,12.22361654528664,-4.177595060493678e-13
1097.433467046876,12.243860053378894,-3.5291546491482496e-12
1097.7332165429043,12.24992045833012,-1.8144299992498864e-13
1098.3176256448685,12.2617409364069,-7.246151741899746e-12
1099.21335861961,12.279870579288804,-2.2545874907417735e-12
1099.2284823069938,12.280176809724775,4.078908522898838e-13
1099.4146539042806,12.283946831418245,4.275580834024291e-12
1100.188906604442,12.299632492341638,-1.3170862605485675e-11
1100.4748607401832,12.305428457354962,-4.040933671104525e-13
1101.2947298879824,12.322054622624275,1.956446743131936e-11
1101.8286448996985,12.332888567714315,-1.7799101083330869e-12
1102.0245379739004,12.336864851946068,1.4581785769201274e-11
1102.204012830043,12.340508495773431,8.344103207128323e-13
1103.5476736296062,12.367805937469468,-1.336547900401155e-11
1104.5158438039794,12.387495630337147,4.835504831631694e-13
1106.7678610833432,12.433361735668795,2.1086268559669718e-13
1107.6165265749062,12.450670466893062,1.1040759540732062e-11
1108.6258712295844,12.471273560055954,-2.935441821166551e-11
1109.2194772266896,12.483399215382965,2.623963638938424e-12
1109.7464163063862,12.494168496546216,1.8159662727371333e-11
1109.920890829026,12.497735434741093,3.230576200659027e-12
1110.2088205539094,12.503623065034743,-2.2856122899891336e-11
1111.071683277613,12.521276157353537,6.75602599075903e-13
1111.5939012093168,12.531966745171403,9.313127833493859e-12
1112.2438942729325,12.54528010006677,7.317465007699748e-12
1112.6718545699118,12.554049961479299,-2.4039472278726626e-12
1113.3172491795187,12.567281917476599,-2.3531539197395696e-13
1113.3747191902285,12.568460546417114,-1.218251673193925e-11
1114.2250810815558,12.585907380841334,-1.9842571746559941e-13
1114.2523037181682,12.586466126416726,-3.3877995316836814e-12
1114.3900795124093,12.589294188823446,-1.228795081249995e-11
1115.5512744932194,12.613143413860103,1.6998243226701455e-11
1115.7107480207474,12.616420703721216,-2.270462109067154e-13
1115.9204364490017,12.62073065703643,-6.919446784484848e-13
1117.6101442153333,12.655490610254795,4.71202232398811e-14
1118.0335060557602,12.6642080704092,3.166611379149081e-13
1118.1235671141405,12.666062947052641,-1.0666670825840629e-12
1118.8174802096296,12.680359630535907,3.0980136250418733e-12
1119.7558048643693,12.699706028819593,-1.1295565144943138e-12
1120.1561406414967,12.707965096588271,1.270181949077529e-12
1120.323639236331,12.711421527471202,-1.0051336850490884e-11
1121.0915970481399,12.727275400011042,2.1968873560213513e-11
1121.863996820528,12.743231931464893,-2.269329767157756e-13
1121.9494594255557,12.74499812607392,-2.6704151483883176e-12
1122.0709396941402,12.747508903550067,-9.607663545329295e-12
1122.350197079584,12.753281679439304,-1.5077674490547968e-11
1123.5512044052339,12.77812513610999,3.4329013782665427e-13
1124.4553642896888,12.796845681215675,6.810554390091943e-12
1124.583541297813,12.799500792805489,-2.98385210373001e-14
1125.1225793138506,12.81066996187812,-3.420552205051765e-12
1126.3247922691326,12.835599766985391,1.4776309243652212e-12
1126.5418584969268,12.84010381929075,2.9777431353330368e-12
1127.215647565381,12.85409024770565,3.042670520358179e-14
1128.214868832609,12.874847353610964,2.138717655929491e-11
1128.3410702462563,12.877470279403045,9.591814628425118e-12
1129.6451640167263,12.904591285122528,-4.0826723589223035e-13
1131.3423722428508,12.939934738061542,-3.430880279289816e-13
1131.4668772469606,12.942529577154799,2.0208778999046684e-12
1131.7098377804734,12.947593999062324,-4.445568206219075e-12
1132.370110670105,12.961362634605369,9.250087952203014e-12
1134.0244479949656,12.995895710824337,-1.1669150171175116e-13
1135.4459481390854,13.025608752362812,-8.286615473066803e-13
1135.854554361677,13.034156570098185,-2.902030798389779e-13
1136.9210897947976,13.056482396071413,1.4464409137225847e-11
1137.098957127732,13.060207738185024,-1.851456903938487e-12
1138.8022148089358,13.095911126685596,-1.9932722349615796e-13
1140.1433753645406,13.124061905120685,8.917821666616879e-12
1140.1458755300212,13.12411441419652,-1.0808882568886379e-11
1140.3734669869002,13.12889482694622,-3.981872075145333e-12
1140.7469819939856,13.136742338311596,-1.990204845033676e-11
1141.6124675351543,13.154935975906627,-1.7396927498172315e-14
1141.867806198759,13.160306164345656,6.363246399586211e-12
1141.8938231993238,13.160853411709626,-9.289795157633493e-12
1143.24288612335,13.189246986478233,1.2173864787739476e-11
1144.7457749687248,13.220917595066489,2.087699183543344e-12
1145.7986039253285,13.243128804731573,8.001898822727129e-12
1145.8061044217072,13.243287113653587,-5.781908751007466e-12
1146.0944360086874,13.249373558198094,-1.3576161016675445e-11
1146.3010996897883,13.253737002079497,3.8581322570419616e-13
1146.8638110140491,13.265621931936268,-1.0280102405714637e-12
1147.2102598735523,13.272942120228707,2.828447209053339e-12
1147.3697333932419,13.27631241170588,-2.412769657693371e-13
1147.7341741846728,13.284016211955228,-1.8378754295672535e-12
1148.2847865587676,13.29566007577225,-1.1893153126821412e-12
1149.0771876224394,13.312426874779254,-5.923619523457914e-13
1149.8060692032577,13.327859846941447,1.6855374872395678e-12
1150.0343079221393,13.332694470849232,-1.4688843230180616e-11
1152.9484508102719,13.394507098985244,4.711574897461294e-13
1154.068995809915,13.418316905203094,2.4115021699859898e-11
1154.2092717611283,13.421299175926219,4.7075875965595345e-12
1154.4413389723109,13.42623372730693,-2.236691522008255e-12
1154.817878708793,13.434242374835529,-1.088341847276582e-12
1155.0533387374933,13.439251716338285,1.5419990103329797e-11
1155.1702205473819,13.441738721097574,-1.1482777189857851e-14
1157.0938145247096,13.482704999576303,-3.5186538723402267e-13
1158.5601611060317,13.51397918271407,1.6791061938903157e-12
1159.0823789995825,13.52512659034397,-1.0067048445905275e-11
1159.182686100978,13.527268348608336,2.5834047117799405e-12
1159.9402413275877,13.543449661224836,-2.815367566653062e-12
1163.7928314594744,13.625904230448237,-1.6153112465031665e-13
1164.5326401363354,13.641769183453345,9.928391500382104e-13
1164.8105691756064,13.64773188523541,-1.8338857349496534e-11
1165.3369836387049,13.659029504008547,4.8664976977871175e-14
1165.6120444317635,13.664934738497648,-4.881878776344861e-12
1166.4624062556063,13.683199829728213,-7.11001767113291e-12
1166.977123647108,13.694262018709251,2.141091241189496e-11
1167.0832348346862,13.696543142940275,7.462992255706218e-12
1168.4385925704537,13.725698176750097,6.592966422012272e-13
1169.6580274210226,13.751958298591111,-4.681262615302034e-12
1169.7933030383565,13.754873101667252,-1.1321503802566129e-11
1170.143948460569,13.76243007804795,8.803700544027315e-13
1170.3034219749736,13.765867739662317,-1.424433570814169e-13
1171.2805435683624,13.786941111310409,-5.755804656177714e-14
1171.4216232726676,13.789985199989818,-9.100493462531143e-12
1172.5374470967508,13.814074342103089,-2.0259109837880186e-11
1173.4141050964633,13.83301630227864,1.0041521395240186e-12
1174.367553360359,13.853633541866408,-7.771841812976756e-13
1175.01967844736,13.867744652338988,-3.407045547913503e-12
1175.387791226722,13.875713577226106,-5.309812508906018e-13
1176.0725073580943,13.89054298782941,6.887427853324712e-13
1176.823890398916,13.906826192187316,4.0426548602350575e-13
1179.5292374199366,13.965539836320028,-2.1383276185814886e-11
1179.6842351733574,13.968907807163125,-1.949215761180226e-11
1179.8585869841804,13.972696854281153,-6.404312043158318e-12
1179.958894082647,13.974877001202652,-1.2686504700600995e-12
1180.3082111716187,13.982470757685949,-1.2643041960303515e-12
1180.611666429894,13.989069354546634,-1.5506115988949454e-13
1181.0910134161052,13.999496151193457,-6.255032703023116e-13
1182.1613434753722,14.022793339075097,1.4033739079625975e-11
1183.6917002580165,14.056140290538538,-7.894285282961239e-13
1184.6788224946772,14.077672880106936,5.116754461545435e-12
1184.8939131104403,14.082367140614812,-2.6302398346714525e-12
1185.4850188746448,14.095272159752104,1.491100905042586e-12
1185.9024538920573,14.104389477261163,1.7476517015620988e-13
1186.7739888515973,14.123435268112255,4.489433598556857e-12
1187.3677174731158,14.136418125977807,-3.0285900586804354e-14
1187.5754640834323,14.14096238261676,-2.4795490151376442e-11
1189.1042471396186,14.174427488197441,2.4460582696821535e-11
1189.6978530657848,14.187433142956584,-2.1865082741594738e-12
1190.6871962750172,14.209123658328576,1.9045652703472067e-11
1192.0722767657535,14.23952067047354,-7.760484611408027e-12
1193.1746732820068,14.26373914929568,-1.1430199575037777e-11
1193.8530945358175,14.27865447001564,1.0151501155901148e-11
1194.8775289493503,14.301193074187019,-3.050006298325067e-12
1195.2151489614153,14.30862529497155,-5.627790688406287e-13
1195.222649457274,14.308790431481958,-1.466491179271989e-12
1195.6880783836702,14.319039689158839,-2.430453755816681e-12
1196.0296495824305,14.326564002043105,-1.4164369886414525e-11
1197.1295459276514,14.350807709134548,5.398217406233746e-12
1197.1809664572497,14.351941655981214,-3.900297930417937e-12
1197.2510261830414,14.353486720501454,1.842888522893141e-12
1197.826238293624,14.366175598723173,9.249647704969071e-14
1198.08851906336,14.37196339841178,-8.370011315590676e-13
1198.3317587585782,14.377332147611057,-3.1451071106491645e-12
1198.6019419022234,14.3832968661082,8.888368989333193e-13
1198.9391600343827,14.390743374096298,2.824240812979263e-14
1199.3901125386324,14.400704657387235,1.9603975402777951e-13
1199.5139702654394,14.403441259567602,1.3758063801899568e-12
1199.9745215521773,14.413619491697805,2.490033696783705e-11
1200.5255357645417,14.425802097772522,-3.974536225989879e-12
1201.130838751601,14.439191443831115,1.6075054362615041e-12
1201.5699714912548,14.448909316227251,-1.83063148932733e-11
1202.267031933689,14.464342343861434,-9.471565502487346e-13
1204.1964298738908,14.507106190420433,-2.2854920049349334e-11
1204.282539734086,14.509016357793014,1.1112859238417354e-11
1204.8702188679276,14.522056438802224,8.904170756702044e-14
1204.9337383450288,14.52346626088062,-5.6751266205413426e-12
1206.7421467987156,14.56363527282969,1.0042291855768741e-11
1207.4075426425788,14.5784304428054,-4.114520881473446e-13
1208.6932424585166,14.607041263012723,-1.782159171464282e-11
1208.8552161299476,14.610647840724544,-3.018578606607197e-14
1209.133145152642,14.616837457863523,-2.4352957361354464e-11
1209.665084486603,14.628687978400848,1.060961765152867e-11
1209.958137193938,14.635218820171955,-1.6777364311232481e-12
1210.977850440421,14.657956023598159,-1.8434328914146332e-11
1212.380432051347,14.689261581511886,8.475329447284251e-12
1212.848483826182,14.699716540032039,-7.707949075223928e-12
1213.1005185429576,14.70534795737858,6.360181883062875e-12
1213.569864847845,14.715838063286746,9.129229640917996e-12
1215.436547040546,14.757599432163989,-2.711265583513343e-14
1216.5528953714665,14.782605021394184,-2.7950948990685162e-12
1217.3994624420043,14.801582963811068,-1.2052956961332348e-11
1218.0373564595775,14.815891693409904,-4.4158692515603334e-13
1219.5604918600495,14.850087767544846,2.2329205220836546e-13
1219.8944398592882,14.857590981402044,-1.7831296627548094e-11
1220.006845900315,14.860117006073844,2.5751529636641607e-12
1220.2826766321614,14.866316549222237,-1.0402624654678694e-11
1220.9252028973815,14.880763338180609,-3.51188331136499e-12
1222.3461782995093,14.912740060686394,-5.302388884833103e-12
1222.4003443796469,14.913959715474391,-1.602360162869465e-11
1222.6985201062084,14.920674690320379,-2.4215643942406017e-12
1223.475797405573,14.938186824105347,1.5720375525263605e-12
1223.5208892748333,14.939203089881437,7.798210886070535e-13
1224.8599513883605,14.969399504156382,1.5384527612653852e-12
1225.4890503740344,14.983597355022916,-4.84397253416474e-14
1226.216235471259,15.000017950917579,-7.429373255966404e-12
1226.779471306604,15.012743096122735,-6.853231432864905e-12
1226.8248423604332,15.013768415283169,2.3165113106250672e-12
1227.6886313917955,15.033296011458617,-2.35689825717977e-12
1227.9206647824822,15.03854391006139,2.6870436652870257e-11
1228.8725392636916,15.060082832188991,-3.287443626440991e-14
1230.5622467631254,15.098358477636804,-7.002345394010048e-14
1231.8880380806283,15.128427431707982,-4.082540382383937e-13
1232.0959073726845,15.133144844613016,1.7167148852760406e-11
1232.9759919199967,15.153126417273795,-1.8712710798346067e-12
1233.3909267470328,15.162552109502903,4.343512658290133e-13
1233.4268217115668,15.1633676513924,-3.92607664262393e-13
1233.442592661278,15.163725978519263,3.415841256168664e-13
1234.1198082459978,15.179117117792684,-6.614578967363222e-13
1234.7483826528996,15.193410344379512,-1.0297094062451584e-12
1237.564561796875,15.257537119566965,1.2929965589241933e-11
1237.807522295392,15.263076380696232,2.984718186461955e-13
1239.5607492511638,15.303080470216461,8.388701543333819e-12
1240.6277753094782,15.327454952467681,-2.4462414624633158e-11
1240.6706461974104,15.328434706721877,8.756533897469246e-12
1241.664989673773,15.351168536862698,9.963958459506843e-12
1242.0432257758957,15.359820989549686,-5.478955853045213e-13
1242.187207510784,15.363115379163657,-7.620278312333073e-12
1243.0647918824257,15.383203300195495,1.1939931425896062e-11
1243.843765571482,15.401045906206564,7.857742020461485e-13
1244.2940707855312,15.411365369038093,-7.73585851199274e-13
1244.6619381454893,15.419798408961093,5.92809386749156e-13
1245.531899325713,15.43975143217556,7.242775472441703e-14
1246.0904140025968,15.452568612123564,4.0679862877792565e-12
1246.2523876666614,15.45628677030897,-2.354115112214203e-12
1247.4629935723967,15.48409192734915,1.9868640767103275e-11
1247.7864163282584,15.491524860295254,-7.864463005653778e-12
1249.1027315300655,15.521796422836411,-1.3124616891932588e-14
1249.7948253995485,15.537725445669375,-1.7963183486027512e-12
1251.1764791739818,15.569551559854112,1.0119839921519846e-12
1251.8443751471557,15.584949015903241,6.82482470311646e-14
1252.6742447826841,15.604092007959572,2.614988184681007e-11
1253.0158159575778,15.61197487577052,1.688156662885276e-11
1255.0386676379562,15.658702821328452,-2.5145994548439787e-11
1255.698661234652,15.67396500520681,1.245851271917061e-12
1255.8661597988496,15.677839643443694,9.431853545599522e-12
1256.1586879182153,15.684607750662387,-7.062804311019364e-13
1256.9008739797996,15.70178648865232,5.5984016696137006e-12
1258.7507021857414,15.74464702163924,3.8017134926114597e-13
1258.9860394895452,15.750104308352872,7.986290387454799e-13
1259.2531978765046,15.756300737372044,-5.733406213284676e-13
1259.5095856443309,15.762248590680427,1.323601193894418e-12
1260.3369551075557,15.781450714278172,5.336601396896538e-12
1261.2278102450562,15.802140352478593,-6.019925539617769e-13
1261.8425892764244,15.81642679488969,-1.1095387277721072e-11
1263.049523158681,15.844494182033875,-7.682183487495367e-13
1263.5570191771817,15.85630407429807,-1.3413636163703164e-12
1265.0222826189754,15.890428705993699,-8.862947939366272e-14
1265.8597754308857,15.909950902288898,9.559142804136503e-13
1267.009395800168,15.936769921303036,1.0715322674514247e-12
1267.021092869067,15.937042922508008,-3.215696055396885e-12
1268.0538314437504,15.96115623523146,2.066164361772822e-11
1269.2686338933422,15.989545686856886,9.691030177384413e-12
1269.4233862427131,15.993164139964774,6.531464755164039e-13
1270.6418944902052,16.0216709768942,5.086394655043367e-13
1271.452689237743,16.04065456542333,3.945365512914557e-12
1271.6931495618285,16.046286925014126,-7.270589498832936e-13
1271.8008344507043,16.0488095991759,-3.025253256257718e-12
1272.4064165711104,16.063000213941024,4.144014988203439e-12
1272.53249526745,16.065955467517924,8.459699943966238e-12
1273.0000224375588,16.076916745305354,-3.7042955947135116e-13
1273.1625206684282,16.080727495162893,-8.135754375878298e-13
1273.5043372224857,16.088745030968383,-1.7789526595084992e-11
1273.9893655474527,16.100125388352655,3.2266388292699602e-12
1274.5134024674937,16.11242588579774,1.1457059423015501e-11
1274.8355306831638,16.119989575940494,2.9935689235136346e-11
1275.3744458995175,16.13264777924305,-1.3147504138701272e-12
1275.6858923917478,16.139965567766147,-9.584435010383972e-12
1276.1664449571842,16.151260200679314,2.0252535977545453e-12
1277.1552634919756,16.174514208600716,1.7198268133261563e-12
1277.8887434065564,16.19177506304876,1.6268831666178669e-12
1278.585033827486,16.20816991287181,-7.875140906020186e-13
1279.3318183225563,16.225763621513863,-2.399670837397089e-12
1280.56384272776,16.254811689685187,-4.2614086671130906e-13
1281.9041103885054,16.286443617534765,1.5058317537398693e-13
1283.410269093593,16.32203025973211,1.6714207909081127e-11
1283.4299912290605,16.32249652005498,9.956576767943262e-12
1284.6197031125173,16.35063631336091,-3.140884034253061e-13
1284.6747956387185,16.351940027134756,1.904459021559948e-11
1284.8721396865988,16.356610450679753,-3.101381979805224e-12
1285.3485845694224,16.367889143482227,-1.581651916102032e-12
1285.5768232495489,16.373293629573897,-1.440745011238995e-11
1286.5097792896386,16.39539516511224,2.3168280601473213e-13
1287.2111927276862,16.41202206276608,2.192394914807528e-12
1287.2240616332138,16.41232720285379,-2.0991689207808908e-14
1288.2359062131557,16.436329029429178,-9.614569331192612e-13
1288.3398853004642,16.438796571710707,7.890675649200926e-13
1288.5598535261693,16.444017324789453,5.949286009204271e-12
1288.731548657947,16.448092977650514,-4.551107148886929e-13
1289.0246013385183,16.45505063777371,3.2722220787835584e-14
1289.7759842771154,16.47289720817989,-5.390803911634383e-14
1289.8351506831204,16.474302948534476,7.195267193817393e-14
1290.4471503457098,16.488847290803754,2.5930541771401588e-11
1291.9954099640554,16.525672916727462,-3.0192613870132177e-12
1293.5788834790847,16.56338178557484,-5.299822582725313e-12
1294.5507254123738,16.586548120746176,7.82686692516663e-12
1294.9484382407006,16.596033638792022,1.8370135083674715e-14
1295.6919188014704,16.61377359014453,-1.2922706470888474e-12
1296.1506509347578,16.62472432998308,-1.3058491084145007e-12
1296.5344119158715,16.63388835490072,1.0480856031881554e-11
1297.7692156485205,16.66339327321239,2.5952338595465046e-12
1298.579764985765,16.682776148502775,2.695449638598284e-11
1300.7016291203197,16.733574141068544,-2.0419621945773957e-12
1301.1254816350245,16.743731221203554,-1.9241151353130242e-12
1301.6556018111974,16.75643952696373,5.992339715077095e-13
1302.5271366524883,16.77734364694898,-2.0064635565047916e-11
1302.6257473278636,16.77970974549317,3.957102449758744e-12
1302.8787084689177,16.78578020144068,1.3352168346928277e-11
1303.1542599903903,16.79239411323914,-2.3606741562503628e-11
1303.9811048433533,16.812248811350372,-7.085783875411397e-13
1304.206196088931,16.817656019157333,-4.889439939247796e-12
1304.9829487459117,16.83632256626089,3.982949329994247e-12
1304.9967441011013,16.83665419006364,1.4806249527401172e-12
1305.3611848219366,16.845416177746152,3.5320388870811644e-12
1305.3736856467776,16.845716769539806,-4.091707759416504e-12
1305.5787755722972,16.850648723024083,3.4052051107663814e-13
1305.6483445154186,16.852321876320424,-8.983086735383917e-13
1309.4241437192366,16.943264672330457,5.464942621727224e-13
1310.9907971143746,16.981075716539323,-3.9929582674538516e-13
1311.0454877608759,16.98239648726559,-3.3337425686106422e-12
1312.42069009325,17.01562552384813,8.460854554856574e-14
1312.5742705987864,17.01933865463742,-1.4305060255623846e-11
1312.9266123703123,17.02785889765957,-3.320409284288751e-12
1315.2267456462873,17.083536353810036,1.829075681651973e-11
1315.8507215461032,17.098657236054564,-1.2400818855926736e-12
1316.4957479084273,17.114295775693638,2.5774705276282414e-12
1316.6310235023561,17.117576478559872,-5.546439705901205e-13
1316.7289869111746,17.119952496989907,-6.651393207584475e-14
1317.8223090604924,17.146482083760404,-1.3232072793082895e-13
1318.685171556048,17.167435087024973,-6.815751061577125e-13
1319.6942367540119,17.19195574709215,4.771093401263382e-13
1320.86922678867,17.220532078450976,1.000677971095242e-12
1321.027528438065,17.224383995814065,7.906256223631785e-13
1321.6637259742472,17.239869098526672,-8.849089487997843e-12
1321.8017809171413,17.243230352190288,3.823412556749657e-12
1322.3039973900056,17.25546088730593,-5.148403514926549e-12
1322.6655698592244,17.26426917953426,6.349831552033721e-12
1322.8629138994968,17.2690777074009,1.4211780776565181e-12
1323.6374117641506,17.287956223582366,-1.0771823846601848e-11
1323.9069476045038,17.294528797018224,1.8068349523475104e-11
1324.4814785700491,17.308543077402,4.17214117743775e-12
1325.3781377342707,17.33042703870353,6.19539647195919e-12
1326.7572912338042,17.364115717795816,-3.840815727827178e-14
1326.864976116597,17.36674761863494,3.055094246824927e-12
1327.7328389344002,17.387966647067515,2.219546676435255e-11
1329.3925780727352,17.428585491965055,6.891807497262351e-13
1329.408873592503,17.428984544252568,-3.516156602170865e-14
1331.7316310092272,17.485915351357644,1.4481903444372184e-12
1332.500481272325,17.50478177168613,1.1193625858916964e-12
1332.6720537030874,17.508993385227456,-5.801719176361352e-12
1333.1526062407615,17.520792464964465,-2.1790186590313024e-11
1333.3780655603355,17.526329668092195,7.262389586712808e-12
1335.011106632286,17.56646454703463,4.6870216502684186e-12
1336.3179794240277,17.598618649339187,2.8600017598863182e-12
1336.4729771497944,17.60243427709391,-1.039874403906961e-13
1337.0398849202975,17.616393793313463,1.1056292097637653e-11
1337.164144506403,17.619454347842286,-1.0158924936559784e-11
1337.613768613493,17.630531114238952,-1.3331344106649806e-11
1339.016350030827,17.665108497299727,-2.2807247992903307e-12
1339.825046435555,17.68506149690188,5.8923590424402316e-12
1343.6391179462805,17.779328632644138,9.041036199089869e-13
1344.0353797339485,17.789137854225338,1.117731734489751e-12
1344.6732736647189,17.804934609681187,-3.1934685994622723e-13
1344.926234795461,17.811200994922118,-4.100487297645184e-14
1345.50064305611,17.82543468646282,1.5743263048404165e-12
1346.5203561529875,17.850717891148566,-1.808112140811098e-11
1346.9458161616324,17.861272592520187,-9.332804961981246e-12
1347.1857518958382,17.867226326336894,6.582386179117411e-13
1347.1887766323744,17.8673013885209,-2.488857933307382e-13
1347.3632511038404,17.871631450821642,2.1883477665170738e-12
1347.7004691809802,17.8800020310928,1.5302009568965237e-12
1349.789340297458,17.931899614735304,4.557150114624017e-13
1350.4877289553986,17.949268869534013,3.7208535243279773e-13
1350.5420177216474,17.95061943306783,1.3532391203524974e-13
1350.759608462568,17.956033070558362,1.4180376926764988e-14
1350.8170784565677,17.957463064283424,6.244364373957843e-12
1351.3559936321974,17.970875549464854,3.5004041679108165e-12
1351.5894780141966,17.976688154315458,3.797060047955158e-12
1351.5985522237688,17.97691407746872,-1.0584232801986204e-11
1353.1198345081295,18.01481131390505,1.8063534940743352e-12
1354.556580659185,18.05064178221537,1.9432153887726346e-11
1355.3138903293857,18.06954334507822,-2.4944807476210453e-11
1356.626656078439,18.102333470775346,6.685275405981239e-13
1358.2183999476163,18.142134464375424,-1.2470663992343266e-12
1358.5323803770052,18.149990945284973,-1.65868802704436e-11
1359.018301313325,18.162153335798955,8.335388241034627e-13
1359.1259861928925,18.164849230427546,1.48268542412718e-12
1359.4686064743019,18.173428161850257,3.431093994582761e-13
1360.115329218671,18.189627463105253,-1.2914979564901387e-11
1360.399954934616,18.196759293167638,1.3641678215509866e-12
1360.415078617116,18.197138287093864,-2.6494368948904507e-12
1361.500409453292,18.224347279478213,5.262434000348853e-12
1361.7587389902667,18.230826738040957,7.984685140001123e-12
1363.2812268952948,18.269038970170612,-6.883796667308443e-12
1363.390608182912,18.271785925415575,1.53895531930373e-12
1364.8657494452498,18.308853525351317,-1.6827089202477973e-11
1365.4577815428117,18.323741480270655,9.604946667689768e-12
1366.0263857067944,18.33804636634284,-5.220628789129193e-12
1366.988138017748,18.362255589748518,-1.9305654458672975e-13
1367.2636895225135,18.36919491075655,-1.7690709387343243e-11
1367.9769564649698,18.387163886313374,3.2264482751849282e-12
1368.0300733935765,18.388502409330616,-6.02725678929118e-13
1368.8967305440165,18.410349126557772,-2.1951804288510785e-12
1368.9092313681097,18.41066434889798,2.284708221237858e-12
1370.2620886340758,18.44479517926682,9.58334636137963e-12
1370.5655438291997,18.452455588677186,-2.2379076129400617e-13
1370.9981024449344,18.46337801136682,1.2413620281029632e-11
1373.1095638969512,18.51674343781454,-1.355756986550918e-11
1373.6171825539354,18.52958532091677,-3.3574075263715804e-13
1373.6383557091892,18.530121068622137,2.2918194645674217e-11
1373.89801357143,18.53669190430902,1.0581947819606316e-12
1374.3618686938528,18.548433194859623,3.848335973359961e-12
1374.6326990519415,18.555290396267328,-8.422566726694059e-12
1376.1702768243242,18.594246207940326,2.2954592412163216e-11
1376.7278649782386,18.608383927453367,8.936366343283964e-12
1376.881043596451,18.612268793831262,-8.978716758621468e-13
1377.321593478114,18.62344428600442,2.295650947997118e-13
1377.585727097473,18.630146315819704,-5.373967893953437e-13
1377.9743656852663,18.640009825743622,1.3170776108614668e-13
1378.1213721369347,18.64374152275345,1.2084920537686853e-11
1378.6072930649063,18.65607925401165,6.3308827113246144e-12
1379.0581227898092,18.667529894925675,-2.2460621534575454e-11
1379.0932139926747,18.66842133474014,2.8706018165710196e-12
1379.3101574629748,18.673932964519718,-4.599243822041381e-12
1379.8137022374897,18.68672928093344,1.0303047965579986e-12
1382.220716492985,18.747961983600234,4.604195376471918e-13
1382.2766127704333,18.749385212456787,5.226801633752923e-12
1382.7946001629923,18.762576925338337,-5.107668960608949e-13
1382.9979936653613,18.767758149285918,-2.0889264068586944e-11
1384.7529167742057,18.812494522734365,4.0341000090881617e-13
1386.1808678608973,18.848937609845027,2.2620624942682692e-12
1386.8275905902642,18.86545513584211,8.17317216707421e-12
1387.2049001878777,18.875095314352098,-1.3968960424091109e-11
1388.6951651020313,18.913196894223606,1.0085298366278771e-13
1390.0752449728757,18.94851785977524,2.475997339272616e-13
1391.2411607235285,18.97838497289848,-1.3389707570451128e-12
1391.2683833513038,18.979082630591645,-1.2393391288329039e-11
1391.5238446364626,18.985630221763206,2.7779372197365316e-12
1391.7374841833603,18.991106825440788,2.8356451793044106e-13
1391.774305592027,18.992050819246018,3.595575942066677e-12
1393.0344789437836,19.024373051889917,-1.6828205635482915e-12
1394.1503025005543,19.053017269726432,-1.978260622407613e-11
1395.8764292503868,19.09737371425981,-2.4234962086343998e-12
1396.6325332590263,19.116820677633246,9.89035485807782e-13
1397.1167577710198,19.129280443469117,1.5982236783094322e-12
1397.1847191956288,19.131029530478738,7.17743739542169e-13
1398.5920216843524,19.16726764751042,-4.073302087150839e-13
1399.0704421097073,19.179595309239502,3.806884443398787e-12
1399.426087774802,19.188762113802845,-8.918064735725515e-12
1399.9120086940889,19.20129054322492,1.2717106807102512e-11
1401.0060118246518,19.229512988690672,9.630611022925187e-13
1401.1493124742128,19.233211407112968,8.285492192952751e-12
1402.2529143844893,19.26170672705603,2.513403581351717e-13
1402.7038667939514,19.27335690518738,4.620669810768936e-13
1402.8549471222573,19.27726084377606,2.66228976403421e-13
1403.3061449184404,19.288922366113763,-6.9881793016766214e-12
1404.385303548743,19.31682918587865,-1.505596725200641e-11
1405.9677277569504,19.357789141444815,1.075758299045326e-12
1406.9926865170214,19.38434410392749,3.498402170774657e-12
1407.235646975193,19.390641639206393,6.822430555996154e-13
1408.6439985956827,19.4271675342126,1.920374897010688e-12
1408.9888736404926,19.43611750989557,-5.688412782128106e-12
1409.0468344055078,19.437621885495858,-1.7448611934513357e-11
1409.3861845490974,19.4464309833733,-1.111514752783781e-11
1409.486491623335,19.44903523355448,-1.397594465420356e-12
1410.365649567295,19.471868546101813,-1.6739892591334975e-13
1411.8319957468914,19.5099838702214,-1.254168480980011e-11
1413.2718892560624,19.54745014176068,-1.79798408880097e-12
1413.3051613560792,19.548316338852768,-4.271640676837302e-13
1413.8471012393836,19.562427930237124,-5.899746659912054e-13
1414.0232721092902,19.567016414819957,-2.077629918548611e-13
1414.0775608726,19.568430516109622,-9.141431336445e-14
1415.4429189112388,19.60401290265651,3.6716875806286504e-13
1415.518537320235,19.605984586020405,-2.7585168436436393e-12
1416.4547633725945,19.63040458023332,-3.6915885589318025e-12
1417.386111788295,19.654713369033605,8.257662180537275e-13
1417.6424995178438,19.6614080573536,8.465209995961924e-12
1418.9724871662193,19.696155566729757,5.279241012577059e-12
1420.2489560087345,19.72953547700014,1.0186168128773e-11
1421.1193189208493,19.752312847371698,1.5484289486367455e-11
1421.1268194149811,19.75250919571477,1.8286973723885192e-11
1422.3278263379818,19.78396258835123,-9.345405280344273e-13
1422.443938155772,19.787004870807372,-1.1447448387183703e-11
1425.0178036000186,19.8545073023262,-1.6795993722426295e-11
1426.1383482728431,19.88393293834507,-1.4336813141948337e-11
1427.337536089323,19.91544937392261,1.8936066028715476e-13
1428.1737004472125,19.93744068920786,1.3691269350040084e-11
1428.5097466646678,19.94628241026922,7.280799737980049e-13
1429.7650761411892,19.97932981737734,-3.618765884993534e-12
1431.0252494546542,20.0125339383041,-1.7741578709691468e-12
1431.2954325351366,20.019656760733707,-5.203289894017247e-12
1431.457406170827,20.02392750793119,1.7293366367125089e-13
1432.1862875311865,20.04315185084159,-7.748506705570003e-14
1432.5102348023267,20.051699144530314,-8.308934136348618e-12
1432.956064178177,20.063465437723785,-9.273314648772134e-12
1433.797630739994,20.08568597379908,-5.956089050419809e-12
1434.6158031670766,20.107301323557255,1.180001308278658e-12
1435.268575343975,20.124555797203772,1.0457141953390993e-13
1435.2878955985832,20.125066601592934,2.586368752499645e-13
1436.7459374993339,20.1636353225279,1.525245091586844e-11
1437.173897640587,20.174963333265744,-1.2796928798466644e-11
1437.4819512703923,20.183119533315228,-1.4010716682251491e-11
1438.616045899162,20.21316152027404,-4.226025990812909e-12
1438.6967535318652,20.21530035568886,2.2151583185327314e-11
1439.7093679336015,20.242145877463564,5.707624261110394e-14
1439.7486895055436,20.243188716568163,-2.592507655476877e-12
1440.9036781017853,20.273832630068906,3.4643454053389367e-12
1441.0451596450478,20.277588077915084,-1.181177454509242e-11
1443.8054419641853,20.350930037721504,3.653660758939192e-13
1443.9415212996464,20.354549357829086,-2.6215630115998657e-11
1445.3441025921845,20.39187387502867,1.4021632403270232e-11
1445.464656367879,20.395083659405167,-2.7844194166970333e-12
1445.594563537126,20.39854278066996,-1.3733291795008425e-12
1446.3301416273787,20.41813535244252,3.4503410687017815e-13
1446.472795006786,20.421936166241142,-1.1364694263393237e-12
1447.4821392794142,20.448839541346118,4.899073448147094e-12
1448.0757450522642,20.46467045743999,-4.3792349825035833e-13
1448.4869739958367,20.475641358306376,-2.677394115243288e-13
1449.0650880064352,20.491069741703207,3.814546721078726e-12
1449.4634480460236,20.501704534365636,-2.178735225321668e-12
1450.2902927941773,20.523787671513,-3.270667229987883e-14
1450.4501681410595,20.528059030295868,-1.5543036074513692e-12
1450.6142400609158,20.532442997644424,-1.3475051731181851e-11
1451.3932135995624,20.553263773496322,1.3327656068026157e-12
1452.2309854549292,20.575668613842165,2.0331864084780767e-12
1453.2463453980574,20.602840087764527,-1.3047899248761766e-11
1453.6887481525628,20.614684917907603,-2.2232399303199317e-11
1454.1029129350002,20.625776975954576,-1.2914173185550453e-11
1454.4075399464987,20.633937437430305,-2.8369003884714364e-12
1454.4902231712795,20.63615268130408,9.006005772671773e-12
1454.976144069861,20.649173988923433,6.718013690627046e-13
1456.40921810058,20.687601654296078,8.873104863538225e-13
1456.979831613892,20.702913100612577,1.7801999411733322e-13
1457.4682526762338,20.716023815933944,-7.907780904437007e-12
1457.6277261441203,20.72030552324855,-5.672469265906704e-13
1459.788509680757,20.778366633712224,3.832443871681197e-12
1459.9478604549101,20.782651857405277,-3.666464600670409e-12
1460.140851408276,20.787842351209814,3.318818376299686e-14
1460.7202599441246,20.803429672075872,-4.0076934212583884e-13
1460.9206286978251,20.80882145638823,3.2849556859556777e-12
1462.064444780828,20.83961491545103,8.960618368605015e-13
1462.360276766499,20.847583134328964,-3.805164343081452e-12
1463.006999457505,20.865008190146106,3.5938176029095044e-12
1463.3116264670393,20.873218616288792,-1.1366374623159463e-12
1463.9788412485063,20.891207621916013,2.117671359960672e-12
1466.3457638159898,20.95508917442742,6.878644246185864e-13
1466.395856004216,20.956442242001245,2.0239995544578628e-11
1466.841685368916,20.968486819900125,4.343178275187706e-12
1467.0711296474624,20.974686940207523,-3.5693794898970462e-12
1467.8652268580393,20.996152787654697,-4.3530890876931665e-13
1470.1982300552986,21.059285171089005,9.646480544764896e-12
1470.553596516431,21.068910387279622,-4.398097994251794e-12
1470.581466407628,21.069665350721387,-1.2626911674869043e-12
1470.5989675599578,21.070139444212774,8.669868934759085e-13
1471.1704737194764,21.08562423092438,1.8531937938794183e-12
1471.226369993069,21.087139046569966,-1.5437781002206618e-12
1472.306823098037,21.11643114868569,-9.05411932410401e-12
1473.1562582098145,21.13947523389481,-1.3075817635550093e-11
1474.2870826859485,21.17017367664081,-7.591027128937455e-12
1474.6286537928422,21.179450924722175,1.648438158554087e-11
1474.8259978083345,21.184811869875407,4.70623800620275e-13
1475.0068898147551,21.189726518454957,-7.791650378776775e-13
1475.777347500466,21.210665807248596,-2.4140120386217774e-12
1475.9552147705422,21.21550138895385,1.9057705018580266e-13
1477.6409706988977,21.26136006307564,-3.024723524406289e-14
1478.9784587819881,21.29778183141895,-2.480302379008738e-13
1480.3826137540154,21.336054494205865,-9.509329731774414e-15
1480.7240621659942,21.345366748580012,-1.0619820355207226e-12
1480.7500791574691,21.346076392848577,-9.86428422777518e-12
1481.2024825617134,21.35841822520398,1.4478179561994199e-11
1481.9267654446398,21.37818494003604,5.843696160471211e-13
1482.002383849916,21.380249231478462,9.700269668302067e-12
1482.0628447763754,21.38189981777211,1.9432470695273954e-11
1482.4883047390051,21.39351680001659,-4.94848286606953e-12
1484.6623590192173,21.452930371861285,-1.0210961612470802e-11
1484.7044261414076,21.454080860486712,6.559882664417068e-14
1486.0616363500187,21.49121652944331,1.8078595961101205e-12
1486.0665139857388,21.491350051364815,-4.720480183290157e-13
1486.6627426003313,21.507674700376658,-3.244257907938503e-12
1487.5242766484487,21.531274939286646,1.840533542109691e-12
1487.6874559119906,21.53574649376989,-2.5507032012159796e-12
1488.0201981940493,21.544866054775845,-4.89877205284142e-13
1489.8645349206577,21.595451290460353,9.26198688434927e-12
1490.979431946489,21.626060328443646,-1.1236657291285853e-11
1491.5016496668902,21.640405474757777,4.5281602717791054e-12
1491.8047029555455,21.648732550867663,-7.863281945149228e-14
1492.0936817064057,21.656674472893613,-4.305821388603766e-12
1492.338338557584,21.66339951105144,7.712590109126066e-14
1493.065523477724,21.683394613540287,-2.9144657902472407e-12
1495.3275404785215,21.745654634769306,-8.144603238530372e-12
1497.9386290710363,21.817639736817295,1.6801170156805046e-12
1500.2313842000267,21.880952258269442,-1.6755899124376814e-12
1500.2814763870833,21.88233659316423,-9.479444045826424e-12
1500.5770291802507,21.890505355607026,-9.893039546751857e-12
1500.944651069888,21.900668276094017,1.4341309272239657e-12
1502.5807166607367,21.94592756176442,1.4775916664772702e-11
1502.8061759499767,21.952168418334644,1.660016471107232e-11
1503.0273159728815,21.95829062448692,-3.6794319925802543e-13
1503.5332381715634,21.972300341758547,-5.857161389704857e-13
1504.4517176254462,21.99774641574393,1.2114070179483058e-12
1504.4682923276234,21.998205753406438,8.147492350093206e-13
1504.8127316724483,22.007752407370436,1.8160341560986154e-11
1505.4961530566584,22.026700927792664,1.3995692943566952e-11
1505.8045747519832,22.03525503579361,9.399641681334044e-12
1505.833371092256,22.036053794743403,-2.2038921157394766e-12
1505.8559952667429,22.03668135957385,-4.5893532942846e-13
1506.467994819288,22.053660999066153,-2.529849683092902e-11
1508.310478623659,22.104821497230834,1.3176548273017575e-11
1508.649549558123,22.114243338848652,-1.2021588042677267e-11
1509.0001948655329,22.12398902769693,1.5547450246407154e-12
1509.1119536120848,22.127095679470987,-1.3272958032375272e-12
1511.393692720527,22.190573399291917,3.3810913418497273e-12
1511.75563321563,22.200651355235586,5.518047343611958e-12
1511.8722357998586,22.20389857884043,4.35023291526241e-13
1512.0225123598718,22.20808394632292,1.8086345921674703e-13
1512.3781579956058,22.21799072565301,1.1891946014646096e-12
1513.1282124673917,22.238891701162878,5.775598072056195e-13
1513.3953707960743,22.246338823020654,5.371108587193642e-13
1513.4634887061202,22.248237841388185,-7.579328508293265e-13
1514.597583274575,22.27986714139341,-8.81513325586438e-13
1515.7622932840086,22.31237495005767,-4.8377659802326436e-14
1518.714830244792,22.394894127594593,1.0688298614604354e-12
1520.8525876391138,22.454741608913217,-2.2907128330488924e-13
1521.4599887347817,22.471761433656603,1.069208282246751e-12
1521.5235081935466,22.473541688049046,9.842459059983273e-12
1521.75554152387,22.480045497813478,-2.6471009335038835e-11
1522.5479422969465,22.502263679573343,4.887328788644266e-13
1523.0079688756898,22.515167704142556,1.1245383426781775e-12
1524.7419978357693,22.563843309526245,1.6915037275546072e-11
1525.4449848514944,22.583592506752662,-3.4856951683869653e-12
1526.431704895304,22.611328045899384,4.13816990453852e-12
1526.8108673539114,22.621990626324955,-6.571264565815164e-12
1527.079599395045,22.629549352053466,-1.8343222985691844e-14
1527.117994514883,22.63062941443062,1.6722160223559895e-11
1528.646252518744,22.67364166867779,2.3754682171569896e-12
1532.9275713628974,22.79436688395115,-6.991890425294142e-12
1533.7337674830687,22.817137889121856,-5.386332137223769e-12
1534.1170038192356,22.82796659580354,7.847656476434642e-13
1534.4626487919213,22.83773544320461,2.4098744815113403e-11
1534.5443166668065,22.840043916255233,4.0562291676652743e-13
1535.2040309230001,22.85869629920937,-9.616706372056655e-13
1535.2798947125555,22.86084174250717,1.388762835176351e-12
1535.4544918526326,22.865779787673958,-1.1933138056234908e-11
1535.8142113623649,22.875955328172047,9.961537302275992e-12
1536.1072639842744,22.88424679564551,-1.896934611691317e-13
1536.4162440429163,22.892990618404003,1.309112508929917e-13
1536.9447566070626,22.90795106548021,-8.887549456739808e-13
1537.9466003242756,22.936324077023478,6.589354253313984e-12
1538.3248363304283,22.947040829554552,5.022899126386742e-12
1538.8486277496145,22.961886029049314,-6.854208965789491e-12
1539.0904163485202,22.968740461698133,1.9117644700723414e-12
1539.2556938929736,22.97342651235987,-1.0232778096630575e-12
1539.4397333212899,22.978645103615293,1.765308436134289e-12
1539.8492996290054,22.990260936578103,9.146982437302625e-14
1540.83864252191,23.018332734381907,-7.967508178962769e-13
1542.2237225709664,23.057663541931408,3.2465000307887684e-13
1542.4820520733906,23.06500299054145,-7.392035955441372e-13
1543.052665553918,23.081219155175162,3.814295230449198e-12
1543.0906587952416,23.082299091420882,6.492713383000608e-13
1544.0045397751692,23.10828364985078,-4.246750284483755e-13
1544.5893166881258,23.124918799096463,1.8752622258625293e-11
1545.4297113491755,23.14883653788351,2.2427002123419175e-13
1545.4623023833212,23.149764344902557,-3.9475330068713117e-13
1545.5197723689625,23.151400457750917,3.341067280525239e-12
1546.1810941332317,23.170232003228243,5.925480554243197e-13
1546.4992372939173,23.17929419615612,4.2287211694455617e-14
1546.7733715388938,23.187104306451904,-1.2478189480079202e-11
1548.4862273208284,23.235935074710913,1.5230488847606787e-11
1548.7533856435925,23.243556201616066,-3.718332563526963e-14
1549.5657539215454,23.266738408978465,-1.1016063285920207e-13
1549.9935575389013,23.278951345047474,6.957792063431113e-13
1551.0216974230964,23.308316465701566,-4.673556626407959e-13
1551.7214143044193,23.328312499030563,7.658203357526637e-13
1551.956751551149,23.335039833636213,-1.0614598867456104e-12
1552.4260977166598,23.34845957758687,-5.6518553050117026e-12
1554.0733357489191,23.3955902156882,3.342281141188804e-14
1554.4952463841905,23.40766992841699,1.0532631436818753e-11
1554.7654294420577,23.41540725497402,6.325407750064486e-12
1555.085180113617,23.4245658039521,2.3741125732342014e-13
1555.2955157150645,23.430591427777856,-8.851549467188167e-14
1556.382542804802,23.461745204628336,-2.573161109543065e-12
1557.9308020970807,23.5061552975605,2.792690858581613e-12
1558.8446830688363,23.5323896793251,7.455418095301079e-13
1558.8630768721237,23.53291786013912,4.547721701013462e-12
1560.9519476628248,23.59294063960048,-1.8837103173625364e-12
1561.2565746529194,23.601700677079503,2.674198363271642e-12
1562.9999231674808,23.651866342558044,3.2245126590703903e-13
1563.7136807831555,23.672421203279026,1.214010242495318e-11
1564.3172871683216,23.68981124201016,2.490019643168503e-11
1565.6357003113126,23.727818366922754,-7.27695383630131e-12
1565.8101747547362,23.732850503400925,-2.9066688123362262e-12
1566.1984114124098,23.744049913902014,1.7398900329373868e-12
1566.7768934586022,23.760742458159907,-2.7658341466582413e-12
1567.5509004067162,23.783086665523417,5.042182564058124e-13
1567.928209956436,23.793982923805146,-9.983208955381832e-13
1568.3482676888325,23.806116784494275,-1.1286686425366961e-11
1568.49854424362,23.810458488581585,8.701628333813668e-12
1569.0896498047944,23.82754040794698,2.3425605259409716e-12
1570.2267690705773,23.860419270838797,-9.18350045355828e-12
1570.5774143646768,23.870562694276117,-1.8958394471044926e-11
1570.9521348535743,23.881405065410195,-2.8650424184920356e-12
1571.9644699820428,23.9107094661567,1.2395852532240222e-13
1571.9799955403637,23.911159036622735,-3.7731973572479975e-12
1572.2884172230283,23.920090861410046,1.4960017964482493e-11
1572.4976147834839,23.92615017455782,2.218177126616003e-13
1572.716377325853,23.932487395387277,-6.785211912792568e-12
1573.0898921799087,23.943309594780576,-8.208040986461845e-12
1573.1666824174504,23.945534829498474,1.569112693580871e-12
1573.8134050622887,23.96427992869024,1.0209393802858512e-11
1574.4624713801268,23.98310070506028,1.685786088516457e-11
1575.359532254683,24.0091252777778,7.116062410411887e-14
1576.4461574535255,24.04066914146479,-3.723244223124113e-12
1576.4586582757743,24.04103215692376,-2.5784256622721645e-12
1577.8400662945073,24.08116505046185,9.859732721069418e-14
1579.2978288735385,24.123554329370005,3.268004224303051e-14
1581.0434321474,24.174365032997468,1.271753953372399e-12
1581.5219752064525,24.188304180627036,4.038228355757328e-13
1582.6999897471158,24.22263571961658,-4.86466354455021e-13
1583.5105389072783,24.24627285425068,3.5223995940271806e-12
1583.5782549363066,24.248248128500162,1.6424142931466825e-14
1584.3881230332754,24.27187849921585,1.2790699681303074e-13
1584.6205582329617,24.278662736145684,6.763441622873374e-14
1585.5344391905942,24.305346421116234,1.085195008659235e-12
1586.586375063474,24.336080108203383,1.427392977027493e-12
1587.0705995126852,24.35023421206181,-5.740221132323477e-12
1588.7982997497243,24.400770884100687,2.3710687331700786e-12
1589.5267791567496,24.42209599381582,1.2730505375918966e-12
1589.5902986129297,24.42395589115578,1.1060001748422307e-12
1589.71218070521,24.427524898401487,-3.509282219702097e-13
1591.4052805158135,24.477131325335563,-2.457246585374053e-11
1591.5304665286415,24.480801268674593,-4.364166883698097e-12
1592.0088868914136,24.494829262267217,8.975161194174727e-13
1593.7021431910607,24.54451191305203,1.3153648117419018e-12
1594.7223806778663,24.57447269181989,1.0014966070684534e-11
1596.2418435973655,24.619129504358575,-1.7017768771890044e-13
1596.2627375646807,24.61974387169827,-2.124963991102919e-13
1597.8422595269042,24.666211503250427,-8.220431182266089e-14
1598.8178070342653,24.6949338922262,1.3986633348184516e-11
1599.8021495644125,24.723932995758528,-1.3195342862912482e-11
1600.0931038890808,24.73250803782121,-2.46532060025676e-13
1600.7235310075712,24.751093414260815,3.528324254481443e-12
1600.9722617216955,24.758428161664877,7.279739374684842e-13
1601.8426245305864,24.784103007438087,-1.4334931148827983e-12
1601.9383331412973,24.786927168805626,-1.8992193399958376e-11
1602.4132379915168,24.800943115738868,2.2386050119487373e-13
1602.9752680181275,24.817535770376665,-1.0971415039705354e-12
1603.0995275804646,24.821205035978892,2.6753232225339427e-11
1603.1672436087551,24.823204745028235,-7.062125732013942e-13
1603.225728937876,24.8249319320509,1.3628354501130081e-11
1604.1123872622184,24.851124418100884,2.2370335701114906e-11
1604.825654087469,24.872205312697098,1.6674511232910145e-12
1605.6452436478696,24.896440190563588,-6.853386474278144e-13
1606.123943191592,24.910600835087955,-1.2384794068256863e-12
1607.5963386537562,24.954182942223344,-1.393412146050086e-11
1607.7583122710266,24.958979711653484,-1.8086413658958323e-12
1608.6987347779884,24.9868394126238,1.4052979099668503e-11
1609.8809458735088,25.021885131773693,1.2580543673957458e-12
1610.308905967356,25.034578019283202,6.967467161739605e-12
1610.4883807352078,25.039902073531326,-2.2324770277401533e-13
1613.3696183983295,25.12545417216222,-7.092940594550871e-12
1613.5290918506987,25.130193856401487,-4.700118461984506e-13
1613.6917465302324,25.135028571951644,-4.995966504582056e-12
1614.7721995406077,25.16715611429695,-9.507987737783834e-12
1616.940449561463,25.231694452321477,3.013615027147556e-14
1617.3912792135948,25.245124350318537,-2.1546020550198524e-13
1618.205254972412,25.269381597452778,-8.643439755006985e-13
1619.6432953886035,25.312266388956647,6.458762689254927e-13
1620.2048346361971,25.329022778522358,-5.414060919455255e-12
1620.699829692564,25.34379829931616,7.348683785310837e-12
1621.2487454244504,25.360188621081704,1.1163287350989494e-12
1621.572692656616,25.36986411154311,2.344716623798941e-13
1621.6016116883775,25.370727944399597,1.6030309663663456e-12
1623.0842531828189,25.415036183165178,-1.7213048703476021e-12
1624.1537790805983,25.447023742910716,1.2374899957007372e-13
1624.204797713665,25.44855014327917,-1.6794285554077133e-12
1625.222412325852,25.479005649834846,2.081487717195363e-13
1625.3659921389979,25.483304289538314,-3.866547440570327e-14
1625.9981156571075,25.50223396793965,-2.7840188034098855e-12
1626.31786631593,25.511812078841512,-8.472286626406151e-14
1626.8237546801556,25.52696978000344,-1.833773006364301e-12
1626.910143694841,25.529558685709052,-1.2009026271361853e-11
1629.2166051055729,25.598729545643977,-2.5987553403606e-12
1629.303362200509,25.601333306344923,-2.669065042735775e-12
1629.3259863733601,25.602012327577864,2.724547855792355e-12
1632.116515727432,25.68583702642133,-1.233835079512615e-13
1633.8530447434748,25.73807301968024,1.6354708925328055e-11
1634.412050024778,25.75490010383446,-1.5888768180973327e-12
1634.44665044786,25.755941829195887,-1.461931748989887e-12
1634.8262147612115,25.767370934210565,-7.966954181883351e-13
1635.4359932880996,25.785737602495388,1.273420255440061e-11
1635.7738585632042,25.79591713055826,1.5722862509622431e-12
1636.2697800652343,25.81086253616291,-9.937768605492228e-12
1636.6254256754312,25.821583287736406,4.58313413055816e-12
1636.8210732635896,25.827481975738856,-5.188772423414624e-12
1637.4359748120396,25.84602557518835,-4.4984201786667404e-12
1637.9980048282453,25.862980819055046,-1.0477172870077306e-11
1638.0675737546374,25.865079969512525,1.0716118801313368e-12
1638.6018903734896,25.881205239550468,6.787438473965392e-12
1639.5308611865196,25.90925339373462,1.669434003257337e-12
1640.3552056737717,25.93415590675926,1.7812087416367152e-11
1640.7784446167234,25.946946339018464,-9.470495917454274e-12
1641.347048675383,25.964134951393522,-1.0102062265592468e-11
1641.4594546784124,25.967533632916197,-6.220522044197936e-12
1643.3507359919824,26.02475287369507,5.942885047221339e-13
1643.4647157095847,26.02820334624405,2.2309089053101405e-11
1643.7303003036088,26.036244234536994,2.2170804529275685e-13
1644.0567476963702,26.046129596239684,-1.117794053117529e-11
1644.4349836800789,26.05758565618762,-2.1081160942347944e-13
1644.5426685388745,26.060847710934517,8.243565100403072e-13
1644.7233151400972,26.066320446557267,1.4441990461655654e-11
1644.7956296175134,26.06851140088299,-2.0748630736579595e-11
1645.695156824659,26.095772958287967,1.1418813835582277e-11
1646.3187644977338,26.11468109759665,-1.2239845712282129e-11
1648.1560913340045,26.170431537137237,-4.568826911686975e-14
1649.6438558303728,26.215620687651093,8.132305895282954e-13
1649.682530132221,26.21679591920354,-3.7944627977386845e-12
1649.7865091920537,26.219955763069407,-1.0113678222099466e-11
1649.8968169083626,26.22330814766016,1.1851178000996484e-13
1649.9016945436138,26.223456390055233,5.563653709677714e-13
1650.7474575648275,26.249167672285854,5.854286430588212e-15
1651.2893973667565,26.2656496242672,-6.669785541102814e-13
1652.754660381663,26.310239585771882,2.7353273614222196e-13
1653.0301229383874,26.318626705261895,-5.585619276658877e-13
1653.4420328934746,26.331170901460172,-1.191573757737207e-11
1654.0829514255927,26.350695478872293,1.9421396755675686e-11
1654.4138745737928,26.36077949541951,-9.078872379319764e-12
1655.0617690270778,26.38052822354863,4.819988273302675e-14
1655.2821390722072,26.38724717271165,-6.392316277337257e-13
1657.5972727793162,26.45788826177502,-5.1536265117182155e-12
1659.1765155063492,26.506131940666904,1.1817429698960586e-12
1659.2926273070377,26.50968080848592,-6.2804798848775316e-12
1661.1602014904122,26.566795897335297,5.299296099609657e-13
1662.148249787367,26.597038872020587,-8.058743696697164e-12
1662.6379653198494,26.61203514316441,-1.664435799577674e-11
1662.725682660742,26.614721726290437,5.984234540385422e-13
1662.7631513280196,26.615869349756526,-3.0154055025368097e-12
1662.786143580841,26.616573589606162,-1.7989966422225841e-12
1663.3376821587794,26.63346982643474,7.367894905355719e-12
1663.9888805297655,26.653426328095698,-2.9351142481651486e-12
1664.240915156299,26.661152230114045,-1.0955433052216303e-11
1667.0949639150558,26.748722258533455,-3.5452340759479326e-12
1668.247574881432,26.784130052526056,1.3153657275949655e-13
1668.269674482286,26.784809183415586,4.522878334695575e-13
1669.276239271471,26.81575091847379,-2.855935651432351e-12
1669.7095677613559,26.82907715436026,2.169017538029515e-11
1670.0051205260993,26.838168330515682,-2.2612962410493843e-11
1672.4374151596273,26.913046602114218,-1.5758458882326401e-12
1672.8169794658081,26.924741331991786,-2.6563205282713786e-13
1672.8924413715513,26.92706669986524,1.8737155570873409e-13
1673.416478139242,26.943217850597712,-7.818809745417604e-13
1673.6485452478018,26.950371924476205,3.6180131559552222e-12
1674.3910991590635,26.973269751058,7.366399546031861e-12
1674.924243931756,26.989716379248556,-9.490357939931547e-12
1674.9822046871782,26.991504687564188,1.731452375579852e-12
1675.3450715988631,27.002701909380615,1.5152721641130375e-11
1675.8960856019005,27.019709547120616,-6.8447693353435625e-12
1676.0203451596103,27.023545724373808,1.6954077976204497e-12
1676.6682396060835,27.043552318105366,3.1889982698566083e-13
1677.6694021844705,27.074482826893036,1.1250305965576302e-12
1678.1756035181522,27.090128738027534,-2.6250115464720085e-13
1678.5877588551014,27.102871317013243,9.703502512100331e-13
1679.2689253953383,27.123937756634568,1.695980632258884e-12
1681.9051042555552,27.205547413599536,-2.0651826369456438e-12
1682.2921690529618,27.217540771933926,-5.84595010508065e-13
1682.3133422040114,27.21819691014135,-1.106438543654432e-11
1683.1788273417435,27.245024637181587,-4.3630067366150944e-13
1683.3040133486788,27.248906211199248,9.115459315756074e-13
1683.5778683889168,27.257398491084174,-2.2292684087881597e-11
1684.3095289875373,27.280094156002153,5.608757882994976e-12
1684.3568418204616,27.281562110634972,1.6716358475387913e-12
1685.4128515187874,27.314337194137725,1.3881556173392895e-11
1688.964607688557,27.424722809974682,-4.947054966780525e-14
1689.6732760328048,27.446775438452732,-1.0421106227854604e-12
1690.4456754188714,27.470821811701512,6.705485469183273e-12
1690.839191564533,27.483077000230807,2.7198872632066813e-12
1690.8759791685545,27.4842228144541,4.374891340861112e-13
1690.898480647272,27.48492367462346,-2.360629264894554e-12
1690.951597564857,27.486578159857544,-6.6740785122434404e-12
1692.2117706810488,27.52584526272899,1.1523546424431847e-11
1693.412777407283,27.5632959605775,-2.000159212690392e-12
1693.85150809892,27.57698341795641,-5.346853385447264e-14
1694.1867843044115,27.587445707210087,-4.6757846208284343e-14
1694.4055468330116,27.59427330514323,2.411285032081157e-12
1694.5949884527702,27.600186507152642,8.81900171843502e-14
1696.403430013378,27.65666820542369,6.065226239250674e-14
1697.7645912457454,27.69922006937031,1.1287132191581482e-11
1698.8479124557582,27.733110643814907,3.0102627840644876e-12
1702.4788363067428,27.8468579644159,-1.8917866848317808e-12
1702.9847584499273,27.86272645468864,2.097691429640018e-13
1703.5450920402634,27.880307088855094,-1.7956394581949394e-12
1703.5625931902755,27.88085628581882,1.4343119213226491e-12
1703.7219439420985,27.88585707100299,2.80823675386066e-12
1704.6321190459996,27.91442937981812,-2.1981281462671166e-12
1705.0857280276477,27.92867481654152,3.568083746101195e-12
1705.4652923280457,27.940597817785658,1.0435093785585713e-12
1706.980524793156,27.988221252141734,-2.0911242196318874e-11
1707.3746882008286,28.0006166561069,-4.468173679916811e-12
1707.6744375327437,28.010044901102418,-1.3354504817456765e-12
1707.7529241730915,28.012513874853102,1.3589941186159166e-12
1707.83088624189,28.01496645936533,-1.6077896290383442e-11
1709.14707830787,28.056389037583312,-1.9612796273746004e-11
1709.2306879701753,28.059021439537094,-7.096787734549856e-12
1709.3002568941893,28.061211875100547,-4.716502631264291e-13
1710.0049402486145,28.08340444310709,1.6534518729143487e-11
1710.6085465883634,28.102421069589997,-8.17987362327231e-13
1711.5550185193188,28.13225319403531,-2.740488114858736e-12
1712.8026019065906,28.17160134932937,1.3814479214394944e-11
1714.2750861871255,28.218079655954636,-1.870433879671553e-12
1715.0264689050016,28.24181210506695,2.437331628915776e-11
1715.3362188929857,28.251598596451043,4.262850369628404e-13
1716.5496037345251,28.289952279572425,-1.7545985723519049e-12
1717.1395374146139,28.30860919515138,8.076068379421793e-15
1717.9494054573518,28.334232074324074,5.069370405581348e-12
1718.166348882073,28.341097855498344,7.675563479623722e-13
1718.5107881870101,28.352000381168928,3.4334953498138844e-12
1718.5972998913323,28.35473907660283,-3.255983003466418e-14
1719.5540516606447,28.385036098792437,3.735797973257154e-12
1719.930591222773,28.396964429409966,6.78185257326141e-14
1720.915212878811,28.42816842978279,1.3540927373611038e-12
1723.9430549294043,28.524236762734134,-1.858948464719275e-11
1724.1935158343194,28.53219102825462,-4.28918915212007e-12
1725.3126092896148,28.567745886899935,-1.736050231134017e-12
1725.5702915025204,28.575936008390375,8.224787525509673e-14
1726.0610899614712,28.591538834891555,1.4378239248318918e-12
1727.0859258321782,28.624133390669478,-7.912330993090153e-14
1728.097770107339,28.656333733874803,-3.5150950610168e-12
1728.9439349757818,28.683276072416728,5.119139353266978e-12
1729.2095195591505,28.6917351459967,9.395858375289906e-13
1729.4235609404466,28.6985534744148,1.2733269830704807e-11
1729.6970140968756,28.707265603894935,3.37226843324589e-13
1730.4091979377206,28.7299620169004,8.004615208106396e-13
1731.2741922828384,28.757540875779814,-1.995883193223456e-11
1731.8677979599013,28.776474947765937,1.7841008056386611e-12
1732.8571407546674,28.808046158516223,-1.5540465645891725e-11
1733.006490847403,28.812813679876577,3.301462953416043e-12
1734.2422206666292,28.85227614419079,6.332232795972665e-12
1735.4535961076633,28.890988165415457,-5.004748930349083e-12
1736.0230376950808,28.90919519541383,-8.283199547728076e-12
1737.105834315158,28.943832450644194,-1.8389397771114816e-13
1737.1568529454903,28.945465003035302,2.2394389934487422e-13
1737.7763529154238,28.965292296323646,2.5825251730802738e-11
1738.1995918391156,28.978842257273545,1.1557526576941473e-11
1738.327646087545,28.98294255420245,-3.5434713275062082e-12
1739.299487729827,29.014070767944997,-6.697508593193466e-12
1739.420967935084,29.017963017951345,-1.6881087856463842e-12
1739.65485413822,29.025457544069944,-2.0991033742221873e-11
1740.0054994027096,29.036695323741053,-5.129365955483734e-12
1740.7718830976337,29.06126492932221,-7.252528831232646e-13
1741.2831736411163,29.077662483484943,6.078701178299533e-12
1741.408080460146,29.08166909102281,2.5585603484175455e-12
1741.6664099362472,29.08995637852766,1.3310214842944429e-12
1741.6752387567062,29.090239631475097,-1.1620808027866085e-13
1743.1004101870342,29.13598189072935,1.1699597313300522e-13
1743.7399114693442,29.15651946557614,1.4937159728206966e-11
1744.7192536021143,29.18798562672865,9.128822418839074e-12
1745.423412374113,29.210621093456236,1.2339217845930754e-12
1745.440634339158,29.211174814869644,1.28350885953123e-12
1745.848872276024,29.224302099553867,6.178016852165993e-12
1745.8513724402649,29.224382504205145,3.694267470320249e-12
1746.0918326858555,29.23211618313206,7.244063569421362e-13
1747.1036769527684,29.264670774515718,4.6306538878536214e-12
1747.2910202819728,29.270700337988547,-4.972472081654845e-13
1747.6274683160755,29.281530394586863,8.927269397894563e-12
1748.1607019669302,29.298699131159214,4.556230894270617e-12
1748.2423698328676,29.301329086539525,1.854971394256491e-12
1748.776005361676,29.318516808950562,-9.304087637146713e-13
1750.8631795462466,29.385792419085337,1.4541623159621366e-11
1751.2765067063444,29.399124658025524,3.400379245467221e-12
1751.3030820633062,29.399981977717456,-2.776865909808446e-11
1754.4115089993725,29.500349429933415,-2.9553097437418774e-13
1754.5366950023572,29.50439526720415,6.298276820082308e-13
1755.0184192479426,29.519966616693498,6.289336390661297e-12
1755.5122086387435,29.535932398920664,-6.24196647071375e-12
1756.8050065476393,29.57775394204755,3.0690828624473163e-13
1757.1694471607068,29.589549026328626,3.4468371200755357e-13
1757.3230276219388,29.594520375473177,-9.564356389066383e-12
1759.0183820732948,29.64942731359764,-7.499646581036121e-13
1759.105139163009,29.6522385135615,-1.0484565274158882e-12
1759.5693960558485,29.667284239212677,9.834655362210505e-12
1762.5717118428684,29.764679718943515,-1.4952355291305502e-13
1763.6916090361333,29.80105183565528,1.3154736253003364e-13
1763.8739858333547,29.806977272353087,2.8030234310411378e-12
1764.5161099677948,29.827844812979478,4.3264992173853305e-12
1765.8911892044612,29.872557237164948,-1.1567061786595648e-11
1766.4124803994675,29.889516778469584,-5.132283033016321e-12
1766.6191439781974,29.89624169890661,-1.4476960041674254e-13
1766.8800074135577,29.90473142894817,-3.776673216906311e-12
1767.035005097577,29.90977638038352,-2.5897482659486547e-12
1767.0425055902344,29.910020521845357,2.9808617857047706e-12
1767.4143240009803,29.922124531230594,4.245486354866779e-12
1767.7938882912147,29.93448332326543,-3.5411961000628975e-13
1768.3861656314723,29.953773453849916,9.217480459966535e-12
1769.8585609814531,30.001756518794494,1.9231154766900853e-12
1770.0905942823877,30.009321764238432,-2.4613482894336776e-11
1772.1285689205256,30.07581077681531,-1.7560954596253238e-12
1772.1678904852183,30.077094396924025,2.4300506498070526e-12
1772.4033503997673,30.084781387906126,2.5103812600333837e-12
1772.4550162943262,30.086468245890572,9.09844448715475e-12
1772.653811299576,30.092959232604514,3.687266672115147e-12
1774.0579660526255,30.13882794526271,-4.655126120870145e-13
1774.1440758768313,30.141642027106332,4.567389615513705e-13
1775.0733258174002,30.172018743339404,-1.5664975121624398e-12
1775.5967490943458,30.189136191922383,3.203485309338298e-13
1775.8976702540592,30.198979465221207,-1.9143011141627103e-11
1777.0244206689233,30.235850819629245,9.448538579190267e-12
1777.552933169568,30.253153720258133,2.352046838368883e-11
1777.901357449,30.264563550692387,-1.4568852551941722e-11
1779.9013388438705,30.330100088647214,1.971220414306955e-12
1781.2376210789826,30.373929213144084,1.1199750139101322e-11
1781.4468186184363,30.380793724204587,2.176653986736605e-13
1781.7306743038546,30.390109322091885,-6.844758081582059e-12
1782.0463172634136,30.400469860055864,-2.1339117134685666e-12
1782.6115284698799,30.419026711644644,7.702458796065353e-14
1784.308735803107,30.474784299933866,2.3202355810966886e-13
1785.1621219597762,30.502840258676876,-8.283054014816525e-12
1786.8647314977738,30.55885540272409,2.429910920453659e-13
1787.4588617327377,30.57841460786966,1.74246642184347e-11
1788.2603366072262,30.604810053495733,-3.3192670761423976e-12
1788.6736637610538,30.618427025494295,2.503682094826323e-12
1788.7841279617612,30.622066777155844,7.473105309643167e-13
1789.4220217198108,30.643089520598437,-1.3009678971618028e-12
1790.6214546816866,30.68263892616976,5.344902212859842e-14
1791.380337868179,30.7076755872154,-4.538717216189258e-13
1791.9375240084578,30.726064722993517,-1.4434776357520386e-13
1792.5449250216222,30.746117644335456,2.2883574616075496e-12
1792.9093656294515,30.75815265924334,-4.595928138321293e-12
1795.185736001582,30.83338118479075,-1.3774466396521253e-11
1795.4261962423668,30.8413333872319,1.8878028935551125e-12
1795.4954859792338,30.843625049031335,-5.865554289989791e-13
1796.3244288595424,30.87104804121588,1.3196952630907029e-12
1797.2085869408797,30.90031160673528,-2.8672628163532132e-11
1797.3088939932666,30.903632445182833,-2.2290414579921033e-13
1797.8685802964483,30.92216523041233,-1.5456933830521925e-12
1798.8801453575645,30.955675629425837,3.906569219834361e-12
1799.9688687279208,30.991763134022698,-1.1009341873554744e-13
1800.0626355350034,30.99487220838231,-1.6677953829420694e-11
1800.6930287976986,31.01577868733603,-2.3914803114196495e-13
1801.1559573551517,31.031135997408374,-7.315438951220326e-13
1802.5068724839275,31.07597416909779,-4.354377549953469e-12
1802.8350162618442,31.086870651161018,3.739679769525431e-12
1803.2248265903859,31.099817436631767,2.40688206981609e-13
1805.697859872272,31.182019594727475,-2.688741130087999e-12
1807.2451925305145,31.233509309750833,-3.1492982136965342e-12
1807.4260845057163,31.23953162920691,2.3972872364517027e-11
1807.5470401361101,31.243558862997503,-1.310520425428373e-13
1809.4097703625828,31.305612746337086,-4.669862985317138e-12
1809.4222711834698,31.306029407133448,-4.265610699876428e-12
1809.8521730335542,31.320360077628855,6.699136588226152e-12
1809.939890368881,31.323284531219393,-1.6031913728499612e-13
1810.2237460511594,31.33274911400178,-1.685875207711302e-11
1810.5246672068085,31.342784330586227,-1.8608232916495794e-12
1810.8875340975485,31.354887552158978,-1.4218383342399019e-11
1811.7368801644516,31.3832264965972,-1.2907620783344927e-13
1812.2082018643312,31.39895816280531,2.8276575371122855e-13
1813.143255875627,31.430180290317146,1.266830583337717e-12
1814.2237087891356,31.46627744898388,1.4069327759774434e-11
1816.113907019037,31.529479336378554,1.5724100540957858e-12
1816.8427882280735,31.55386826120951,-1.10778203031947e-12
1817.4475663778396,31.574112031167065,-2.025559085312085e-12
1817.8583044671814,31.587864529987865,-7.86302600776779e-12
1818.3363567000754,31.60387478155165,-1.6524912635554296e-12
1819.0477367593276,31.627707113020275,3.87936808707345e-12
1820.7549447254469,31.684939248282056,-8.979552685102302e-13
1822.0703329743742,31.72907270852942,9.352057111130616e-13
1822.5592785150268,31.74548576897687,-6.098767682414267e-12
1823.8068618458249,31.787384948489947,-1.5016975253751035e-11
1824.7800317827227,31.820088058706574,-6.895746387517914e-13
1825.988137057426,31.860710378033925,3.555344270087204e-12
1826.3804475467336,31.87390752942556,-1.8944327313741743e-13
1826.466557369203,31.876804605213607,4.838976272461425e-12
1826.8447044273837,31.889528588260433,-1.5539267943710553e-11
1827.2271369533664,31.902399448772382,-8.886219581118243e-14
1827.746731727972,31.919890855203935,1.7874805864986993e-11
1827.9785196368332,31.927695263932968,-3.2500531705470728e-12
1828.02139050788,31.92913885492688,1.5465390191818055e-12
1830.357819887512,32.00786465067307,-7.556813911977303e-13
1830.7022591768705,32.01947900898961,-8.882751436442039e-12
1831.5191369012234,32.047032544249795,-5.853825107058027e-12
1831.7814175534097,32.05588195771106,2.313869425420064e-11
1831.921693433243,32.060615420361465,-5.146749438805126e-12
1832.1127425545978,32.06706275587944,5.23267787686195e-13
1832.6170571587022,32.08408509288904,-2.375219714853993e-11
1833.1020853099358,32.10046086603561,-4.5579401766800725e-12
1833.4169583049172,32.1110940919275,1.9902531787458936e-12
1834.4871651668093,32.14724851087842,1.85721182702043e-12
1835.7487892297106,32.189896605105176,4.324335476266416e-12
1836.2679821246202,32.20745598103204,-2.4294203188924034e-12
1836.272580574848,32.207611525214084,1.857300245019679e-12
1837.7617621750637,32.258004100480576,-2.1278234450156358e-13
1838.0901851333028,32.26912313810033,-1.760833536989293e-13
1838.4445361826035,32.2811222215847,3.3897634822627874e-12
1839.1376451291471,32.304599057858056,5.86843294140568e-12
1840.0159102161822,32.334360173894716,-3.8744656537204905e-13
1840.2262457897027,32.34148976800041,-4.375616093092514e-13
1840.5034047325103,32.35088567037733,2.0904772277338696e-14
1841.0168273398294,32.368294832088665,-2.127129414288206e-13
1841.2432130411978,32.37597267333785,-1.3275939820238174e-12
1841.6623442712355,32.39018994572486,1.7625833019359758e-11
1842.8445552451974,32.43030894029424,1.789021337742243e-12
1843.3612479746303,32.447851283723246,-1.1894990314405302e-12
1843.9848555952055,32.46903006656025,4.3809915981601056e-12
1844.1748217749393,32.475483066847865,-5.172212485659872e-12
1844.6970394039324,32.49322581051398,-2.2878381151033175e-11
1845.0486111036114,32.505173557526994,-1.0894540857274284e-11
1845.5474008055517,32.52212824022703,-1.7769912122976313e-11
1847.0974789920624,32.57484719952507,2.571500460670194e-12
1847.348620947481,32.58339283347982,1.3581466147793772e-12
1847.6450663422568,32.59348150748296,1.2947710983557378e-11
1847.9681208907227,32.6044775914698,2.2150502165020288e-13
1849.1340363472575,32.64417884238712,-1.0066240753876799e-11
1849.1933254261771,32.646198397614825,-1.959606441111292e-12
1851.108123395251,32.71145669579179,4.264981498715008e-12
1851.469784646371,32.72379006878538,-1.0768344478528185e-13
1853.0059447855783,32.77620305756917,1.511628512859688e-11
1853.4918655851,32.79279147353565,2.687848484946212e-12
1854.053248284647,32.81196143098568,3.367611736706969e-12
1854.5363008395302,32.82846123682127,3.8789578298344526e-13
1854.7441700455777,32.83556282543102,1.1672015898595579e-11
1855.1143809316716,32.84821258340557,-6.819480577534107e-13
1855.26336293696,32.85330387090466,1.8446289237330293e-12
1855.6475256647664,32.866434073649714,-5.85465174076724e-13
1856.444892842496,32.89369576615149,2.856356140122921e-12
1858.0206199293139,32.94760374026044,1.5385145058841342e-12
1859.0438820325546,32.98263555759775,-9.65956252523367e-14
1859.8143395709067,33.00902523069091,2.8844515783884367e-12
1860.3521716490006,33.02745350891186,-1.1787349672257343e-11
1860.611706747472,33.03634812550801,2.7246068815870047e-12
1861.4041073933072,33.06351243781526,8.630656025652431e-13
1862.3912291588135,33.097368170090675,5.659724849382004e-12
1864.228555828807,33.16043153566582,1.615478858279817e-13
1864.4738936983108,33.16885708057233,4.715868034664997e-12
1864.6551875478224,33.17508389850013,5.566607904905343e-12
1864.7610532952506,33.17872030148712,1.2689387123338628e-12
1864.835466052048,33.18127644318647,-5.181045317284311e-12
1865.9741588809243,33.22040423635756,-2.7906612928646113e-12
1866.7682559332636,33.247705156560414,-3.7339146753003224e-14
1868.8908892978316,33.32073794947615,-1.021844047963241e-11
1869.0348709741584,33.325694888506,3.4835033591010476e-12
1869.1943444089795,33.33118561682945,1.7116361506535569e-13
1870.1035041080154,33.3624972640939,5.640391938477818e-13
1870.7609972819157,33.38515095164131,2.9519561010285394e-12
1870.8870759312254,33.38949585543282,-8.31488424432976e-12
1871.6748781240733,33.4166516093015,-4.117269164312519e-13
1872.9731670783206,33.46142892420843,-4.858220060364568e-13
1872.9906682271614,33.462032741879305,-9.725808348554666e-13
1874.3106549017525,33.50759065724153,-1.2670387943849722e-11
1875.322499119416,33.542535099626605,1.7779318262109748e-11
1875.8416920070974,33.560472953775914,9.39564399089576e-14
1875.8830780585718,33.56190303480086,-3.403237605895949e-13
1875.9503922008037,33.56422911963381,-2.447781515801989e-13
1876.0441590053044,33.56746943287039,-3.4788403870331623e-12
1877.6234015908412,33.62206788540115,-3.2217395923817965e-13
1877.6869210390157,33.62426487614688,2.3891904553027727e-11
1878.6587626296728,33.65788789570059,1.6238114137650024e-11
1879.5711924482764,33.68947126798895,2.1512964809604782e-13
1880.9658710609324,33.73777711421192,-1.3261128472651447e-12
1881.391330941044,33.75252040118242,3.2756625927728605e-12
1881.9756169902703,33.77277286026188,-2.0075289071274225e-12
1883.7031605137656,33.83268956889821,-4.27526961278136e-12
1884.3759338539219,33.85603836345053,-5.575692809551173e-13
1885.833696236498,33.906659036769575,1.4894639259289423e-11
1886.205269244039,33.91956813804872,-9.11991238790486e-13
1886.4925177345406,33.9295493999766,-1.0283212883996907e-12
1888.0979675897968,33.985363286644095,-2.7564330973958396e-13
1888.5052790551908,33.999531127744554,-9.735220302182788e-13
1888.554165598809,34.00123179297503,1.4884153923682687e-12
1888.6902449037852,34.005965952081574,2.2432288286237133e-11
1890.0928258825586,34.05478120973595,9.374625435850943e-12
1890.5049811847025,34.069132701605035,-3.1363211484639813e-12
1891.054666812746,34.08827795052448,-6.122179694370792e-12
1891.2822581444032,34.09620646109411,-9.980710295494952e-12
1892.6890356940355,34.145234998977415,-2.03396600598367e-12
1892.7244060718026,34.14646818529701,-7.226472630514982e-13
1893.3711286258865,34.1690201952924,1.2605173360025152e-11
1893.7684394341563,34.182878731797146,-1.2068368770281656e-11
1894.2377855277687,34.19925366630218,5.520598972628826e-12
1895.2387026326796,34.234188043723094,2.648489151540507e-13
1895.4306781994085,34.24089055488075,-4.0399709620497395e-12
1896.7264669791907,34.28614864481419,-1.779946030978238e-11
1897.4837764222468,34.31261355621417,2.0353173362832975e-11
1897.9950669357104,34.330487072065964,-7.567318096181258e-12
1898.2810208951944,34.34048545080522,-2.355644289965238e-13
1898.5408013772103,34.34956997979851,-1.3559793374068292e-11
1901.233278149258,34.4437991618348,7.482343252360009e-13
1901.625711321747,34.457544379238676,1.1894668399211735e-13
1902.751814420369,34.497002594791326,-1.2771132442041089e-12
1903.1734458056665,34.511782405327025,-4.155422957841784e-12
1903.2395543130826,34.51410006113462,4.4462098283881764e-12
1904.5372297864487,34.559610734161126,2.562300048971537e-12
1904.9167940577308,34.57292826593548,-2.6460135116062606e-13
1907.2044257276837,34.653249150454776,6.987173928712441e-12
1907.3547022602409,34.658528874171054,9.239186754682813e-12
1907.4752560083214,34.6627646364837,-8.161761734603178e-12
1909.1580206503495,34.721918006348346,1.5751987407359136e-13
1909.6865331258668,34.74050730068971,2.4216838025396094e-13
1910.4686877154243,34.76802735506119,-4.944570918433582e-12
1914.0717075883736,34.894944878754224,-3.9149756806547675e-13
1914.1473259781483,34.89761112270698,-6.190070470139418e-12
1914.5347588208247,34.911273347263155,-1.955113138557035e-13
1914.8687066701518,34.92305172442239,-2.9367807983534675e-12
1915.0835517927385,34.93063042133665,3.919978226069636e-12
1915.4162940078083,34.94236963568661,-6.226788770355119e-13
1916.1768735687378,34.96921069925513,-3.5766541935395944e-13
1916.7800779832037,34.99050552707335,-1.2036502326045882e-11
1918.5812980818378,35.0541335977393,-4.84665616515568e-13
1918.8977447821583,35.065318244390504,1.018937817842096e-11
1919.0055523225053,35.069129067984086,-1.3379194864163695e-12
1919.3773707128992,35.08227389408369,1.1021117780957351e-11
1919.7556066547343,35.09564821163119,6.667150019066737e-13
1920.7045786749306,35.12921519820292,7.772260837449554e-12
1921.2280019246473,35.14773679514071,1.832615730510665e-11
1921.5561456889716,35.15935090223373,-8.590557764648974e-13
1921.9109875020085,35.17191217485146,-7.674034830182943e-14
1922.1313575237766,35.179714361897794,1.5783814176681113e-13
1922.361817097534,35.187874725846726,6.226988250794047e-13
1922.3666947322542,35.188047449029376,-5.878275063585053e-13
1922.389686982722,35.18886163944992,-1.232193421873722e-13
1924.4180627315484,35.260727821269434,1.1896772683085501e-11
1925.1753721678485,35.28757903449593,1.906372945940641e-11
1925.4987947882366,35.29904954753474,-5.720905236974646e-12
1927.0896455167933,35.35549873933868,-4.557570960327596e-12
1927.7634341927208,35.37942127541226,3.950209586224421e-14
1928.4518219748888,35.40387078217204,-4.507720200492372e-12
1929.3747770064901,35.436665124434654,1.2795190883484077e-11
1930.261435210918,35.46818454967508,2.5291687484586563e-12
1932.4264148292907,35.54520731478896,6.350718608388808e-12
1933.6937202414367,35.590333883744755,-2.2665788956788105e-12
1934.5878789368812,35.62219113979991,2.991918188086632e-11
1934.6132486578933,35.623095231905495,6.1923560121455816e-12
1935.1814845696367,35.64334836824615,-2.674446780654292e-12
1935.3192602805134,35.64825988348561,7.843379685060997e-12
1935.9937300174013,35.67230885083637,1.2683003158644202e-12
1936.170827290653,35.6786248397633,2.3295850040050875e-11
1937.1251677144148,35.71267033741759,-1.083059103044759e-11
1937.5559070995666,35.728042190511474,-9.492297827054119e-12
1937.8384344418132,35.738126636979,6.571424483417325e-14
1938.3774721403129,35.75737096623701,1.9828190664776204e-12
1939.3367239958702,35.79163071111485,1.2416881645106103e-11
1939.418603445302,35.79455582634358,2.298930668594493e-13
1939.7416579839426,35.806098043717164,-4.6265420605369314e-14
1940.7944863526927,35.84372724426158,-2.0165374162779504e-11
1941.5132779789146,35.86942934666167,-1.7325239149754957e-11
1941.831421084904,35.880808347737364,6.791967679535439e-13
1941.9556806299286,35.88525323606399,-4.464638881228733e-12
1942.2196576803437,35.8946969033619,6.522506346870975e-12
1944.085569047909,35.961485696704166,1.087185637483728e-12
1944.4227870165846,35.97356298475317,2.865803681520806e-13
1945.2935515807067,36.00475865767348,-3.1952988628341665e-12
1945.7178058178422,36.01996288543972,-2.150846741153186e-12
1946.4553593235285,36.046402880257126,-1.1973150413254478e-11
1946.555175597019,36.04998188777803,1.228445264654109e-11
1947.0535972019268,36.067856015258684,-2.2391446908941388e-11
1949.5132030925697,36.15612808920526,-2.9026752740480112e-12
1950.2448636174788,36.18240794449242,9.357178190093569e-12
1950.417362439904,36.18860521080559,-6.9415479883944614e-12
1951.216705185529,36.21732989433712,2.164726080209997e-11
1951.474387377214,36.22659230992016,4.882564435856095e-12
1952.225770029515,36.25360782773382,-1.2525440009073068e-11
1952.656073736867,36.26908382574127,-3.127001179750178e-13
1952.9900215822358,36.281096707807734,2.1768875516829295e-12
1953.178291347224,36.287870115446324,6.502204043993808e-13
1953.3982594888014,36.29578476709053,-6.972022292605891e-12
1953.5148620500333,36.299980593613455,-2.868113742273813e-13
1953.604923053963,36.30322152017348,-7.163094104675737e-13
1954.1768647606455,36.32380684628927,-2.1798507340067956e-11
1954.6143897752834,36.33955831467876,-2.3502978235804605e-12
1954.9891102036968,36.35305153975516,3.4233259092965054e-12
1956.6209450901754,36.41184207950648,1.7721600837613079e-12
1956.8869315297225,36.42142949145498,-1.181527783522293e-11
1957.6415843032225,36.44863784822223,-4.568119123025157e-13
1957.7251939578796,36.4516529679424,-6.96535605518542e-13
1957.7476954343504,36.45246443504376,5.828808232045038e-13
1958.1017334873095,36.4652332798278,5.72266132369105e-12
1958.3321041628296,36.473543139118256,-9.42797757799277e-12
1959.8123679877076,36.526962077322146,-6.906906569865379e-12
1960.9890540163015,36.569454463906894,4.047574811339451e-12
1961.940403495077,36.60382816240124,2.8725437164601805e-13
1962.4188237852857,36.621120512717745,-9.33018537475496e-12
1962.8830806450064,36.63790496116499,-1.474255289384832e-11
1963.3981658419304,36.65653167122737,1.745233616271699e-11
1965.080405883309,36.71739953145061,-1.5195660570980175e-12
1965.6799044904756,36.73910356343231,1.8874370022382773e-13
1966.2447137832683,36.75955777278103,-8.712249453316874e-12
1966.2722155877734,36.76055388317444,6.580407944741476e-12
1967.464147985254,36.80373884646792,-2.728858282274402e-12
1967.8297942056095,36.81699183876609,-6.4855975540571124e-12
1970.343566136039,36.90817116581633,1.5610807621668445e-11
1971.0107807605434,36.93239186739263,5.072496057701227e-12
1972.8257961793831,36.998320627667546,-1.9574689433050945e-12
1973.1722448429543,37.01091195272217,-2.8828266795492113e-12
1973.4652974098333,37.02156437692271,4.2454382173493386e-12
1974.2467709213893,37.049978575501804,1.005611962743342e-11
1974.6300071849803,37.06391706972527,1.6694011077056755e-12
1975.5674386164362,37.09802332159311,5.214553247722948e-12
1976.105270674658,37.11759839201392,-1.5888264946453565e-11
1976.1494698712363,37.11920731399183,1.1645849428259913e-13
1976.8541531574303,37.14486378166054,6.4859698129948474e-12
1977.607232211997,37.17229237829722,2.64461362375664e-13
1978.85033972268,37.21759161490568,2.8924113879825268e-12
1978.910432555246,37.219782138297845,-4.802149703884374e-13
1981.5954976642022,37.31772688989075,1.9531723919464856e-12
1981.6934610375476,37.3213028704488,-5.154382849164125e-13
1982.320863324237,37.344209278475674,-3.7229691162171434e-12
1982.695304564969,37.35788355374548,4.405454625073845e-12
1983.073540499554,37.37169903009128,-4.2979377237509905e-12
1983.2911311685937,37.37964795855826,-3.722710660699612e-13
1984.5354105136566,37.4251201882672,1.2675975327896544e-13
1985.0443573405842,37.44372788522187,1.026055458296528e-11
1985.8311992578886,37.47250514550516,-3.585374081517406e-12
1986.4502083999369,37.49515225347994,-2.6748071207980057e-13
1987.2626992221592,37.52488880692119,1.6895167056828134e-12
1987.513963859755,37.53408736558947,-1.1440412872755101e-11
1987.9154712284524,37.54878858127086,-3.9318502501336423e-14
1988.4758047610244,37.56931019011837,-8.876288056483604e-12
1989.5957018675356,37.61034253987556,-3.6191967583338377e-12
1990.5754457944881,37.646258708951116,4.787524956269278e-13
1991.247939927765,37.67092172428493,1.7226486032304493e-13
1991.5740191969676,37.682883337687,4.975705747142344e-12
1991.636176517534,37.68516368600673,-4.587248334699446e-13
1992.1892887420508,37.70545869464253,-5.721361068776854e-13
1992.8907019026042,37.73120332339347,-8.588599596156579e-14
1993.9351371109399,37.76955500824584,1.2597336907863473e-13
1994.9469812909554,37.80672911313969,8.679351043755471e-13
1995.85860732058,37.84023745741158,2.0363971351235625e-11
1995.8946249621567,37.84156166062552,1.1060409128162361e-11
1996.6600821392974,37.8697096549752,1.0268601257683586e-11
1996.9465606616757,37.880247044490034,4.576052932960574e-13
1997.7287152306392,37.90902432487244,5.969441921804714e-12
1998.4994181222996,37.93739129435004,2.0648429225866412e-11
1999.3760756524528,37.96967139738863,-8.490419980062507e-12
1999.5141305453385,37.97475611646366,4.228974295402234e-12
2000.3295234066254,38.00479512545501,-1.4798485486514603e-12
2001.20948485646,38.037226576592495,-1.5689785489191268e-11
2001.4941104793775,38.047719659527225,1.7131355845020713e-12
2001.9583673338611,38.06483827679612,-3.1269252765851184e-12
2002.7740055814604,38.094923051352175,5.226121291647348e-12
2003.097060114091,38.10684228918577,1.828251206062411e-12
2004.433342249544,38.156165423668114,-1.0022278641609455e-11
2005.8205541143952,38.20740320833185,6.527367244072764e-12
2008.4775039315057,38.30563875067087,3.2296187814537078e-12
2008.8612647628536,38.31983830723833,-2.4009573046847408e-11
2009.4029591053513,38.33988618799603,4.619944336933896e-14
2009.990883334381,38.36165113435801,7.441248276527563e-12
2010.384399434755,38.376222651789064,-4.220286628254265e-12
2012.2726219524932,38.446181372292564,4.840266585403852e-13
2013.5374271709854,38.49307918721737,2.527185406056242e-11
2014.1402296899792,38.5154409195296,1.22778296670006e-13
2014.7522291088096,38.538150670134854,-1.2087086843296896e-11
2015.3261126001994,38.55945230324959,1.622200815089311e-11
2015.4811102713104,38.56520660829629,-4.757757448392196e-12
2016.1915976337982,38.59158919088035,2.1123251146247003e-13
2016.728693525236,38.61153938605101,-2.5226363637366986e-12
2016.79850782858,38.61413299848051,-1.3449709360908381e-11
2018.5850949702397,38.68053554105788,-5.732818975833378e-13
2020.306745442332,38.74458019585803,-1.231985642593473e-12
2021.367074278539,38.78405113989408,5.4103405866563465e-12
2021.4729400208662,38.787993149540156,5.3749270920424635e-12
2021.6500372897221,38.794587993055494,2.477140009290114e-12
2023.3723350252997,38.85875397408907,1.6507845680498293e-11
2023.9643669282966,38.88082335373419,-2.630222673578804e-13
2024.268993861467,38.89218155389416,-2.3165579710188666e-12
2024.9011172840758,38.91575611333286,-2.387962791498814e-13
2025.6027758251344,38.94193255140075,-9.931582909215011e-12
2025.8729588313547,38.95201455740571,-6.5355419286864695e-12
2026.2706715019208,38.96685783938963,1.6450370921849793e-12
2026.5971188482586,38.97904356120142,6.579537137596007e-12
2026.8247101706688,38.98754031787501,-5.291855129688186e-12
2028.2289874992143,39.039987864053515,-1.8034782339627868e-12
2028.368336920847,39.0451943266222,9.253030117882044e-13
2029.6941276172975,39.09474726072831,-1.6858407684468656e-12
2030.1583844681884,39.11210704235927,2.329386870213893e-11
2030.5408169696727,39.12641017922231,-2.094376088547448e-13
2031.0120159432229,39.14403692425946,-1.3736559297415982e-13
2031.1693910842391,39.149924969338585,-8.393117121692467e-13
2032.0343853403813,39.182296073044434,-7.55688657371098e-12
2032.6622783920245,39.20580265577614,-2.3790649739850884e-13
2032.8153342676435,39.21153374619283,-4.917467310212261e-13
2033.7292150649032,39.24576247466803,9.325190460251673e-13
2033.9386579739682,39.253609170658336,-6.647705654160956e-13
2034.0832531102517,39.25902684191272,1.2723516508427633e-11
2034.3389935011046,39.268609831693695,7.394331299369085e-13
2037.7040531853886,39.39481606695621,-3.098324287972716e-13
2039.0624687039003,39.44582240610577,-6.482314804217992e-12
2039.4710746808285,39.46117155975492,5.808171929798498e-12
2040.4804186842273,39.499100428258515,-2.05108367728116e-11
2041.074024298968,39.5214155506944,1.8334438472854817e-12
2042.0633669899953,39.558621845527604,-1.5970267706616763e-11
2042.5455819632914,39.57676308081673,1.4476492860282497e-11
2043.0177073848724,39.59452889061405,-8.005064156545864e-12
2043.4484467570003,39.6107409489183,6.507361950778474e-12
2043.4882590919387,39.612239567940975,-2.333876414494222e-12
2045.2292635995493,39.6778031514906,-8.512284198439538e-12
2045.8366645633373,39.70069008642744,3.4896632848128692e-12
2046.6090638528033,39.72980399235555,2.3998187608328565e-12
2046.80011296144,39.73700686696808,3.602935750139526e-12
2047.1149859355821,39.74887957801359,-1.6200466431880976e-11
2047.4058175170896,39.75984739833279,1.187716444964081e-11
2047.6659998657851,39.76966069735381,-1.1419093009941154e-11
2047.974421490858,39.781295052632125,-1.1661216210124795e-11
2048.086827477115,39.78553569416587,4.393273596127719e-12
2048.362289994315,39.79592880973606,1.6331246291117562e-11
2049.3667225630606,39.833837580393904,2.228288287034925e-12
2049.6504555304828,39.84454944854711,-1.703860936208635e-14
2049.978108508946,39.85692128899708,-7.453104123359586e-13
2050.4803247931404,39.87588829948122,1.5023649156049296e-11
2050.821895814738,39.88879093626568,-1.3007867741911142e-11
2052.345030469477,39.9463525770419,-9.315836302646448e-12
2052.946136574328,39.969081077499816,1.535025460439534e-11
2053.7139374124413,39.99812217452536,-5.999812628213232e-14
2053.746528439934,39.99935512923739,2.688917640721937e-12
2055.171699722142,40.05329007433781,3.098735588332106e-13
2055.2526865171085,40.056356105437594,-1.3179109964995587e-11
2056.3099017123277,40.096391672321346,4.758714948173615e-12
2056.5241884569346,40.104508983178505,-1.333301682987205e-13
2057.0985965134205,40.12627207865857,-4.554776955703386e-13
2057.5489015200296,40.14333742437216,1.7036213943594937e-12
2058.0578483368354,40.162629633155326,-1.74966904890652e-11
2060.0573049800696,40.23846750855102,-2.0257416024477756e-12
2060.0694039219256,40.23892663640612,1.494376551900046e-11
2061.53438753656,40.29453942700887,-2.054093644001884e-12
2061.689139818903,40.300416344888845,1.2276363408114629e-13
2063.6658495975967,40.375523258634786,-1.2631481435306564e-11
2063.6933514013645,40.37656872273856,-8.03043821865145e-12
2063.9253846802812,40.38538987934415,2.424599158358221e-11
2063.994272533222,40.388008964173885,4.844459187667675e-12
2064.2246432019906,40.39676818716261,6.463261825753171e-12
2065.7700890383326,40.45555487158083,3.7706313589989185e-12
2066.556964736198,40.48550346977619,1.064436397501457e-12
2067.542233542266,40.523019018796326,3.807479243162089e-13
2067.8000722168163,40.532839555076286,-8.542781413400932e-13
2068.149143728819,40.54613691073275,7.766530599854235e-12
2068.775619551285,40.570007196463294,1.0106617178939783e-11
2068.9534867762877,40.57678569745394,-9.739779745434645e-13
2070.5452300921415,40.6374728089704,-2.5133253675180565e-13
2070.6613418758648,40.641901535577574,-5.073569937783723e-13
2070.746804426979,40.645161400209844,-1.8612852520483465e-12
2070.783592026181,40.64656465967232,-3.8050611191522833e-13
2072.667617941925,40.71846397947019,1.016261081113973e-11
2072.8295915311337,40.724648364398384,9.032372800480963e-14
2073.7102340266547,40.75828101995278,1.2451530672885915e-12
2073.7223329684684,40.75874319064476,4.446138859779126e-12
2074.0943967294306,40.772957069536055,7.776069529850774e-13
2074.3097326160264,40.78118466917983,5.151129963443664e-13
2077.1384112430737,40.88934273358228,-8.55641118165311e-12
2077.9840514420625,40.92170546193903,1.135788419056714e-11
2078.510990177742,40.94187811743758,-2.2287251904486458e-11
2078.636176167583,40.94667133130161,-2.6651667355311095e-11
2078.861635403243,40.955304609576274,-9.057796710686157e-12
2079.0647834520996,40.96308435050762,1.9762935628203506e-12
2080.1164399437503,41.00337065499269,-5.376217986133072e-12
2081.0184671749134,41.0379412715229,8.503283133552103e-12
2081.1115529111407,41.04150967916644,-5.532177765681581e-13
2081.9978091999305,41.07549198386368,-1.1743252107515121e-11
2082.678205686778,41.101590689211875,-1.4383727534573937e-12
2082.7128949999505,41.10292153325802,-5.496153325151354e-12
2084.296769738111,41.16370997627691,-7.945533802065646e-13
2084.8029710006413,41.18314751131653,3.292065806816902e-13
2085.2151262797015,41.19897727700952,-1.0916748682888112e-12
2087.5820482190534,41.289944909271426,-2.2260310598754616e-13
2087.758900098009,41.29674598018306,-3.3553796028972497e-12
2087.768219691203,41.29710439334048,-6.6410689519365274e-12
2089.138298458279,41.34981232467315,6.1724121407169304e-12
2089.5189456504077,41.3644622381592,1.3670976752223999e-12
2089.544315370332,41.36543873377583,-1.3871668353243128e-11
2090.1592168191596,41.38911028259544,4.633998367801412e-12
2090.936895612465,41.41905816280022,-7.034018891520868e-12
2094.5475384879583,41.55824749337835,9.279183852561976e-14
2094.603434746844,41.56040416703707,-1.292656558801865e-11
2094.8705930128317,41.570712864598704,-3.8186180787392016e-13
2095.4199994241917,41.59191665707479,5.003587147298338e-12
2096.935265489636,41.650425654374246,-5.1608458250353945e-12
2097.466557285854,41.67095044915143,-3.4110435096545556e-12
2097.5033448848126,41.67237181531503,1.114264728918784e-12
2098.55237851429,41.712913924399324,2.356855855977407e-12
2098.83163572176,41.72370982245779,1.1263300019644336e-11
2100.7974521745464,41.79974762906686,-3.050988666672448e-11
2101.7871629309197,41.83805659564558,9.363058203238205e-12
2101.8544770687786,41.840662795122256,-1.4530808667442963e-11
2102.097437450835,41.85007017933605,3.066487615226337e-12
2102.203303190969,41.85416962271561,-9.17101075259372e-13
2103.850663567869,41.91798702714198,-1.3755309509676935e-11
2104.3919560190097,41.93896716902698,-1.4155312331498662e-11
2104.9393868366237,41.96019071935651,2.8034139207889775e-13
2105.1413292500442,41.96802129419389,8.501931971643115e-13
2105.8835149714478,41.99680694671392,1.3841739685659939e-11
2106.3331389099226,42.01425053414636,-5.629048883875883e-12
2108.2032467661566,42.08684309917915,-4.045474279254538e-14
2108.7375632963544,42.10759566478219,-1.962287862477012e-12
2110.316805776854,42.168963332710895,-6.96196925875323e-13
2110.9509047780907,42.1936166658823,1.444630934860283e-13
2111.3111487785636,42.20762600412259,-9.36451063127323e-13
2111.5099437628187,42.215357860617054,6.511205846363735e-12
2111.6477194670783,42.220716883542714,1.490831814437733e-11
2111.713091810054,42.22325977554773,-4.4747661486060174e-12
2112.4716957372284,42.25277415624998,-2.3612577043106603e-13
2112.9140983677617,42.26999124620366,7.768390001278385e-14
2112.9683871142224,42.27210426280772,1.0983798196599843e-13
2113.3926413321574,42.28861887736121,-1.348412430414021e-13
2113.9294580256415,42.309519875796404,-1.6632220245204893e-12
2114.149828035782,42.31810153560531,3.0785072966981725e-12
2114.301800967553,42.324020194190105,1.502416807274373e-12
2114.4582496557377,42.33011360766999,-1.8559151861721413e-11
2116.042526259725,42.39184391907586,4.838527079730308e-13
2117.0434433023984,42.43086783548822,-3.9446850055683155e-12
2118.833579705366,42.50070798288452,-1.973801693617992e-13
2118.9412645463644,42.504911067467035,1.968217067043841e-12
2119.429964657036,42.523988376298604,-1.732484081786123e-11
2120.902448742095,42.58149610208621,1.320986581171712e-12
2121.3736477049365,42.59990716812576,-3.516522921938023e-12
2121.81330478373,42.617089492636346,3.2015055442569626e-12
2123.275944703373,42.67427683677701,8.205020303938357e-12
2124.5416763356675,42.72379712639804,-2.7471286417261197e-11
2127.5425745579355,42.841321733328535,-1.698175402641648e-12
2128.3265482019656,42.872051934735325,-1.4903850589229115e-11
2129.1055215179736,42.90259734680221,9.694477910666164e-13
2129.305611031204,42.910445140832785,-2.343419591952338e-12
2130.9586527880483,42.97530799326803,-1.2518578122749208e-11
2131.760127579016,43.00677476787201,-9.023689214127253e-13
2132.2793204291916,43.02716516090275,-2.216368944395793e-12
2133.575109123998,43.07807666149821,2.250667495734008e-11
2133.7132867055852,43.08350747966459,-2.0152219653741374e-13
2134.1240247565765,43.09965286720511,-2.203675329580064e-12
2134.17871538081,43.101802893521366,1.023311373139497e-12
2134.3191139417027,43.10732256717491,2.5703543123955495e-13
2135.9830490041313,43.17276669130885,-7.469683407337689e-12
2136.050921510669,43.17543726315055,-1.596884303155217e-11
2136.0647168601527,43.17598007758381,4.784820481495455e-12
2137.007393967064,43.21308050066454,3.397644747691884e-12
2137.610196467314,43.236813246794156,-7.288751912961989e-13
2139.975790049533,43.3300129569332,1.0770923842757173e-11
2140.438841253584,43.34826832264891,-1.1606130417364062e-11
2142.7322768603763,43.43874312775551,5.41825407648455e-13
2143.056224033335,43.451530479440734,-6.347368271375858e-12
2143.674831272415,43.47595448640651,-6.818741252524816e-12
2143.78421252064,43.48027383782785,-2.519414969221406e-13
2144.1214304715068,43.4935916101201,1.247213358979759e-12
2144.553988934235,43.51067773876192,-4.74792485628133e-12
2144.9550055130944,43.52652103674169,4.443874400804795e-12
2145.2209581417833,43.53702988382694,-4.145684826600513e-13
2147.2919254517547,43.618906621662475,1.1651651067139882e-11
2147.9109345682796,43.643394795825074,-3.3491182258663642e-12
2148.293768936686,43.65854336328559,1.5364253785495357e-12
2148.311270084182,43.659235939605615,9.589106060963558e-13
2148.7083016800384,43.6749492641731,-6.895003186979205e-13
2149.1967564004835,43.694284826572556,-3.8592491409316614e-12
2149.7436626408953,43.715939417549876,-1.5096231093425604e-11
2149.7661641162395,43.716830474824526,1.1368593935890638e-11
2149.790361999429,43.71778872017113,3.449745361548278e-13
2149.868848628614,43.72089689466701,-1.8414607364286436e-11
2150.2946765573306,43.73776222271858,-6.408628593883561e-12
2150.484118148979,43.74526631419703,2.643182112666483e-13
2150.7797046641613,43.75697630027554,-3.004910924867942e-12
2151.023557695202,43.76663801883911,4.4643014078476764e-12
2151.5139542100965,43.786071370990356,-2.1566393402590137e-13
2152.1647843944143,43.811869203045845,1.2244028808580036e-12
2153.9456011898183,43.882497719106254,-1.6016420373162906e-12
2154.2548265630166,43.8947677795431,-1.1195688525667214e-11
2154.3514278067473,43.898601277229666,2.7910983827499414e-13
2156.1221550499,43.968900793545,2.234766079582706e-12
2156.440298137949,43.98153749047239,3.1120528711925185e-13
2157.903864495483,44.03969460951827,-2.4014893941350412e-12
2158.4623789026737,44.06189846274785,-9.464040834095574e-12
2158.6944459740807,44.07112602591432,-1.4023500649094032e-13
2159.573603632921,44.106092516044235,1.7843028642672762e-13
2159.6110722939957,44.10758306288271,1.4984815540125484e-13
2159.775144165743,44.11411033698693,1.4134970272771215e-11
2160.440539656592,44.14058686068499,-1.4495484839573498e-12
2161.1452229096762,44.168635562573186,-9.740841406449299e-12
2161.6624739616836,44.18922967023058,2.8882499537368614e-12
2162.8696526697845,44.23731209654085,8.378615906015067e-12
2163.1260403175115,44.24752757848704,1.0353560964372826e-11
2163.9382857166343,44.279898591585116,-2.3552543907869078e-12
2163.95038465819,44.28038087145987,1.199463956684419e-11
2164.2347310849373,44.29171607393879,-1.6983687269483777e-11
2165.02623901193,44.32327663497409,8.953829420844724e-13
2168.16793764443,44.44866243457712,2.271420374586481e-12
2168.6917289401244,44.46958472982759,-1.24279706770568e-11
2168.785741123946,44.47334048308931,2.811765486608516e-12
2168.8041349231216,44.47407532785855,5.7570788887652896e-12
2168.993576513988,44.48164401070905,1.6795954545374448e-12
2169.8686602924963,44.516614456973734,3.4984086170887088e-12
2170.3189652870005,44.5346152213981,3.350409461731369e-13
2172.9409802967625,44.63950343198469,1.216104005399076e-12
2173.66236093922,44.66838296549447,2.9135053268958445e-12
2174.0416797963285,44.68357234686124,-5.324246531507996e-12
2174.4864260933764,44.70138506936444,-9.758606442019074e-14
2176.7789690309564,44.79326247667031,-6.363970902786902e-12
2176.941835267967,44.7997932907049,1.5461599692977673e-11
2177.4919565293158,44.821856353532745,1.9016241989947136e-12
2177.869265995916,44.83699188104412,2.980126813880418e-13
2177.9937709202063,44.841986891759,1.0362747994092777e-11
2178.5601538969445,44.864713203817544,8.603008469183326e-12
2179.4189421603623,44.899183651459545,-1.7025909677552805e-11
2180.3613738712734,44.937027053976905,-1.5767946860800012e-12
2180.920903620888,44.95950274530995,6.232959641503693e-13
2181.9327477539896,45.00016204958089,-9.678872809136573e-13
2182.151510248578,45.00895514273454,1.2723925616967233e-12
2182.4386698204567,45.02049877407006,8.3656907141964e-13
2182.5250250210906,45.0239704950459,-2.2097041620072644e-11
2183.4972684093436,45.06306688226362,3.7347830429849224e-13
2183.553164667086,45.065315142711356,3.817864560262726e-12
2184.410747295462,45.09981606435194,7.706266951448314e-13
2184.5287119751056,45.10456289458047,1.827070399447863e-11
2185.953604028638,45.16191997169448,2.7302517675237775e-12
2186.3618419109357,45.17835992083282,-1.1533720941555643e-11
2186.50119132726,45.18397229618402,-1.3326199543815939e-12
2186.9654481606403,45.20267307970808,1.6928284361978787e-11
2187.1527914648896,45.21022060147808,-2.330295855377857e-12
2187.7811201689456,45.23553887439723,3.7185200951660043e-13
2188.6464486751174,45.27041887115814,-1.4146134766389782e-12
2189.467924767014,45.303544010299774,6.103036291965898e-12
2190.7951326353964,45.35708850453228,1.2366201372800818e-11
2190.8276347661563,45.358400168226474,1.7149317466660176e-11
2190.8405036659674,45.35891951397577,4.201071001833038e-13
2191.047167218651,45.36726018152978,-3.9459121162662347e-13
2191.4630282856447,45.38404616838394,2.971836522355256e-12
2191.9563268381266,45.40396200441599,-1.1531053657099654e-11
2192.472740332837,45.42481585756158,4.464056035932538e-13
2193.519307573462,45.46709348977892,6.19422635263905e-14
2194.3291754967454,45.499823150290304,1.6191973273763092e-13
2195.3010170045004,45.53911469096171,-1.7681933019900898e-12
2195.411481192163,45.54358185791486,-9.371955832690717e-13
2195.7059509660057,45.55549130103279,-3.38863984394447e-14
2197.1801990292615,45.615139343258456,-1.5136269702436749e-12
2199.653232032605,45.71528810994384,-1.3234939883697539e-12
2201.3125348235253,45.78254694084297,3.698205903257662e-12
2203.936246223649,45.88900098922565,2.507691907135714e-13
2204.6876288280805,45.91951082462285,-1.6225554521139796e-14
2204.8077806887572,45.92439054656431,1.524483193761138e-11
2205.2720375203335,45.9432478866293,4.687293114210471e-12
2205.5892541554927,45.95613498177235,2.061969220030923e-12
2206.158695662005,45.9792734972597,2.3946752579246525e-12
2206.1828935448975,45.98025687908478,-6.418086601820842e-13
2206.6899874451137,46.000867234625765,2.0915635571546808e-11
2207.3203806346796,46.026495578440006,-6.090876892954399e-13
2207.8909939773453,46.04969991214466,-5.813129048894122e-13
2210.639857562174,46.16156814038473,-7.733080673289233e-12
2210.8274462523436,46.1692073556611,-7.24139957368721e-12
2210.9133106787417,46.17270424774329,-2.173085223919379e-13
2211.829289723449,46.21001662182042,-8.578826678795894e-13
2213.1082921087886,46.2621425958585,-2.6634075933316965e-12
2214.260780180284,46.30913826590764,-2.1207783931063895e-12
2214.3947611877174,46.31460327415188,9.028962444430425e-13
2214.404080780644,46.31498342728835,-4.802467712601362e-12
2214.657041812147,46.32530250723842,-8.526801439608813e-13
2215.049474952549,46.34131342804789,1.4568268888144396e-13
2217.1520179122576,46.427143614091165,-2.1479613413797364e-12
2217.540254480749,46.44300114654337,1.2620395340107049e-11
2218.2963582262278,46.473892192291885,-1.8771739702637016e-12
2218.3642307315467,46.47666567693855,1.6187270923451278e-13
2218.794779797143,46.494261246262965,-5.098409296304138e-12
2219.505267125271,46.523304727800664,4.97841874859544e-13
2220.11217729073,46.54812151981659,2.0161227099139004e-11
2220.249952991675,46.5537561666329,8.820181838821732e-12
2220.4294277226604,46.56109671338591,-8.419540238440486e-13
2221.4387378856973,46.60238872025433,1.93364992136847e-12
2222.301600019622,46.63770425319659,1.3640214393282544e-11
2222.5592821938826,46.6482534216907,-4.539179408168816e-12
2223.268843071965,46.677308229797326,1.0345415790336645e-12
2224.6898177268163,46.73552160147198,-1.5329957725652424e-12
2225.747680145739,46.77888342873843,1.8187878795281178e-11
2226.161007248086,46.79583132556282,-9.527201505776071e-12
2226.881495230687,46.825381446439195,2.2177771035726068e-13
2227.8382468528716,46.86463647285296,-9.993872177472322e-13
2228.146300384829,46.87727933925189,-3.2597713138498205e-12
2230.396708590776,46.96969167412656,1.748876172355108e-11
2230.4342110490347,46.9712324915427,1.8832544945616778e-11
2230.9624442963936,46.992938114259175,-4.694947208258489e-12
2232.005060343813,47.0357953158433,-2.6465583184948145e-13
2232.005952995561,47.035832017274245,8.167689681432332e-13
2232.2075273230303,47.04412013390911,1.1649094360143694e-11
2232.62456022282,47.06126962072168,2.013913357911104e-12
2233.093906275184,47.08057419326918,-3.4174428646481893e-12
2233.8272631564682,47.11074586262498,-5.4197545601510074e-14
2234.6058683743745,47.14278997552116,3.656320320413986e-12
2235.3480540746095,47.17334561019017,1.1327821676527583e-11
2236.2589100935497,47.2108592355054,-3.1952163268126916e-13
2237.456210820524,47.26019334026376,4.189349845760336e-13
2241.0177216527118,47.407099498060404,-2.757124902294656e-12
2241.7645058017156,47.43793268476108,-1.6033062147668059e-12
2241.875583455463,47.44251973103604,-5.520914675107002e-12
2242.899928395136,47.48483163959173,-2.32920516235121e-12
2243.3479786057346,47.50334501614417,-6.98152362417957e-12
2244.353092192409,47.54488963167254,4.742938094823735e-13
2244.7175327540913,47.55995774317898,-4.484650000167552e-13
2244.767256847022,47.56201381865948,-3.0046300388694556e-12
2245.7324016091407,47.60193127011464,-1.1702033371473823e-12
2246.0605453466796,47.6155068856224,1.2338153261815288e-11
2246.5664674064265,47.63644124428159,5.8017934569520314e-12
2247.0523881551176,47.65655241520007,3.452252136582405e-12
2247.3395139253903,47.66843795177089,-2.549196533961918e-11
2250.011096494779,47.77910059198289,3.3342930426602665e-12
2250.9796678692624,47.81925335461594,1.7117271292203402e-11
2251.3168858124627,47.83323700162758,-2.236111936791767e-11
2251.3846018261547,47.83604528041807,-3.1298184856928976e-14
2252.1747476134624,47.868819986025706,-2.051181184151203e-11
2252.1819689204776,47.86911957392388,8.791689800049463e-13
2253.671340643391,47.93092915969113,8.361402944696549e-13
2254.1584332277494,47.95115258454129,-2.7081754621839925e-12
2254.1709340471098,47.951671659163566,-2.851722029011245e-12
2255.7613827673986,48.017735736703145,1.2623854852559122e-11
2256.0082605283847,48.02799472579037,-3.0155017928859625e-13
2256.916091808262,48.06572924981947,3.779175491956721e-12
2257.753863401677,48.10056517244545,-1.7003500825272446e-12
2258.48536738039,48.13099288547242,7.303209233634406e-13
2258.5663541716513,48.13436222623206,-1.412267660624281e-11
2259.5606971415195,48.17574030546306,8.25199455864003e-12
2260.0466178889696,48.195967787563006,2.3207350874722523e-11
2260.736892311176,48.22470940280755,7.52571243963104e-12
2261.330497896225,48.24943294474189,-6.727161143238756e-13
2262.319840537822,48.29065327207254,5.859713388185813e-12
2262.6956989768914,48.30631789917066,2.0129615050516336e-12
2262.971161480756,48.31779998404151,-2.1065317115147525e-12
2263.2741808850815,48.3304323358178,-1.2244407072997705e-12
2263.436154467453,48.33718542635822,-3.9277343992046847e-13
2263.7049202357384,48.348392020959615,-2.387641321121753e-12
2265.4857369896563,48.422679482027306,3.1232745793407136e-12
2265.6712273919265,48.43042064534478,1.0866981719767793e-13
2266.1128600495904,48.44885407182283,1.5166419691748956e-11
2267.007018672011,48.48618660442384,1.203764627947815e-11
2267.662290799168,48.51355460036385,-4.3578947209891664e-12
2268.3070039015747,48.540489309030555,-2.827151530464479e-13
2268.412869637907,48.5449128806849,6.661839941673914e-13
2269.0185741633686,48.57022605295858,-7.097722563072802e-12
2269.663968328241,48.597205343289836,-1.953929493489264e-12
2270.2345816637776,48.621064975521456,2.734645593682755e-13
2271.2825323133884,48.66489961775734,-3.9312945551932714e-12
2271.525492686568,48.67506527612076,7.008909346164356e-12
2272.4346522912374,48.713114896193645,9.608298757994101e-12
2272.5427052089967,48.717638076524885,5.189706101611225e-13
2272.6667193571707,48.72282967161575,2.256857846043715e-12
2273.202609582901,48.745266861516484,-5.63221631665274e-12
2273.2787187396348,48.748453905095644,9.326961052956504e-12
2273.360475488978,48.751877558459405,-9.916283041933543e-14
2275.3266937458357,48.834252187929145,-7.974213681599559e-13
2275.5775226906953,48.84476577767373,6.700397174594206e-13
2276.5300777320417,48.88470303890284,1.5469027693114206e-11
2276.56637455587,48.8862251668293,-1.7460364256908984e-12
2277.623399410168,48.93056274865788,4.583853472451056e-12
2278.188610539084,48.95427933504405,-3.926449405717864e-14
2279.602207380407,49.01362044087975,1.243169304836503e-14
2280.0964323736243,49.03437609975371,-2.5173529222239435e-12
2280.325876581932,49.044013454404315,-5.4830663724331555e-12
2280.687537792607,49.059206294305206,1.1993393655048512e-12
2281.590770618484,49.09716026057144,-1.9246487209607744e-12
2282.5104216505533,49.13581956246765,-8.667617488690143e-13
2282.6715025805893,49.14259251290364,4.362718560826157e-12
2282.758014270649,49.14623025678304,-1.0017860049484598e-12
2282.834368814099,49.1494410157175,1.1427795977767329e-11
2283.2789035122023,49.16813612578313,-4.7822858629761994e-14
2283.4301064802103,49.17449586540785,8.058952502221101e-12
2284.4811156602523,49.21871394165001,-2.371455840913889e-12
2286.4110032914537,49.29996119236582,1.0221619484424836e-11
2286.8890554645563,49.320097538761544,-7.447807365147525e-12
2287.2103797705513,49.333634614527625,4.9648859984020345e-12
2287.593214127946,49.34976553091782,-1.5307230210477453e-12
2289.0320917899153,49.410417500438875,-3.708249325487167e-12
2289.4855104045123,49.42953802989158,-7.564616105848002e-13
2293.2450462191696,49.58822242837666,3.4377309047134882e-12
2293.932228306206,49.61725550325526,-1.086908899407048e-11
2293.9788049699305,49.61922365710752,-1.6313454474807046e-12
2296.6876658865376,49.73375863281879,1.046837089942217e-11
2296.720168016611,49.73513369554804,-1.175643325039187e-11
2296.95784887632,49.74518981540015,6.075853748116411e-12
2297.1323232769155,49.75257237412442,3.5283339566679345e-12
2297.3627828296535,49.76232469962089,3.661078966026588e-14
2297.86120439287,49.78341968303404,2.186943436998842e-13
2297.9591677590283,49.787566381209345,-1.4445253616875023e-13
2298.7336652913214,49.8203563650038,5.361803816182939e-12
2298.905639528008,49.82763875557475,-3.6405658365694943e-13
2299.2849583755556,49.84370325034573,2.593208233009357e-13
2299.3212551992287,49.84524059245651,-7.251271324671628e-13
2299.6645226099295,49.85978079046114,1.2141627659947223e-13
2300.248931291255,49.884540297826035,7.736098513267116e-12
2300.386706990049,49.89037832539833,8.488363457694243e-12
2301.917062868295,49.95524825049442,-1.6112202992902548e-12
2302.1926142657953,49.96693312247547,6.886666390379093e-13
2302.2542808082226,49.969548309466234,-1.7962210007668156e-12
2303.99920260357,50.043576900047235,5.863563097063203e-13
2304.1278152006807,50.04903552969391,-1.7633828609552035e-13
2305.0594424766714,50.08858514175052,-1.207899991712194e-13
2306.403626890131,50.14567688055338,7.023322534935339e-13
2308.0609878515893,50.21611603029334,9.437015088554707e-12
2309.1996805527956,50.26454069366587,-2.605030874278091e-12
2309.8668951247923,50.29292612020695,-3.1400174463842606e-12
2310.8487372658165,50.334711715176404,-1.056508619076072e-11
2311.16457046899,50.34815683436554,-3.2132948452519485e-12
2311.1933668010493,50.34938279471829,2.5808677786456835e-12
2312.260392303913,50.394820563585675,-2.8062160297467368e-11
2312.41986572095,50.401613314534025,5.647052958387953e-13
2312.484277813959,50.404357072682146,-1.4507803528546617e-11
2313.5362134378292,50.44917712869737,5.494325488822168e-12
2314.62481396535,50.49558083628123,-8.333202616432462e-12
2315.0844385395776,50.515179778774396,1.939396864671715e-11
2315.1107347077723,50.51630119657844,1.2259409228155485e-12
2315.4063212131023,50.52890755849612,3.935384999814933e-12
2315.7102670639315,50.54187211347315,1.1452999669966726e-11
2317.463493102579,50.61668771640047,-4.614670097010567e-12
2317.7230281710854,50.62776769555256,1.2515529362108438e-12
2317.723518944791,50.62778864866501,1.9883091205597642e-14
2319.0593102118964,50.68483541549023,-7.347800165361641e-12
2320.6990473292353,50.75490753762267,-9.970885228876559e-13
2322.1439406552977,50.816694303302,4.645731959383673e-13
2322.4355759754794,50.82916992517503,1.5972438950760904e-11
2323.4074174589136,50.87075482329995,-1.3893568081271406e-11
2324.1888909076824,50.904206531916344,-1.3874322407492108e-12
2324.3980884165603,50.913163337553065,-4.2063685050640206e-13
2324.64842658544,50.92388264291014,5.193751229949581e-12
2325.9926109941316,50.98145942026857,5.334303004380373e-12
2326.0047099352964,50.98197781729392,-1.3821180585201411e-11
2326.650104093353,51.00963459269911,-1.1827386789504344e-12
2327.0805642543323,51.0280851670087,3.0457171234703886e-14
2327.8904321565333,51.062807335977084,6.41718741729261e-12
2328.9891560300202,51.109933191751914,-7.005269604729353e-13
2329.6286572083286,51.137372560244906,-1.4215884639816293e-11
2331.795210336646,51.23038983661817,1.863245919320631e-11
2331.9695620427133,51.23787908991189,1.6418434287982768e-12
2332.0272436022933,51.240356916555655,-2.8269015728343363e-11
2334.7507374029374,51.357419798354655,1.1742974986665057e-11
2335.0737919116605,51.37131459031729,1.3526453729457216e-12
2335.511316887725,51.390135899111996,6.052611387682106e-13
2335.516194521967,51.39034574348889,-1.7135515548047608e-12
2336.07822441843,51.41452818961243,-3.225346383635104e-13
2336.8549767223717,51.44795906917825,-3.974410566952069e-12
2337.632778169111,51.481446239658396,6.057860903995908e-13
2339.11304186476,51.54520774103262,-4.526156250714779e-13
2339.1505443222495,51.54682366192111,3.5434369049472282e-12
2339.296713163306,51.553122090679175,-8.004425195909406e-12
2339.686434541448,51.56991714414274,6.356679860449783e-12
2341.240586413116,51.63692118673503,-7.765587022505728e-12
2341.6301175022036,51.65372198712612,-5.378773598686019e-13
2343.3257508689826,51.7268886316341,-8.340370891008547e-13
2344.734347365878,51.7877098974505,2.573550776700012e-11
2344.957987487778,51.79736973342948,-1.2137034440931559e-12
2345.977332080107,51.84141062964358,-3.4320736484921283e-13
2345.9819305297415,51.84160934953763,5.0021440429221e-13
2347.046857740196,51.88764018128269,5.489254564973859e-14
2347.371731349428,51.901686804243234,-4.548482296276981e-13
2347.799044080131,51.92016556765163,6.230792789413544e-13
2348.8469947149015,51.96549751086286,-4.60631614709378e-12
2349.527391163958,51.994940733208026,3.5514398455983934e-13
2351.128733163336,52.06427026319451,8.546955242863769e-13
2351.5920635324956,52.08433879690683,3.48007440778004e-12
2351.6162614147183,52.08538700438685,-4.3825127635226173e-13
2352.021965322391,52.10296295331905,-6.135641079325497e-12
2352.1033539902874,52.10648924719851,5.357948116932784e-12
2353.079827716024,52.14880604322668,-1.7041425191562026e-11
2353.78620735025,52.179428898885654,5.248401426350604e-13
2353.8387996862803,52.181709240972324,1.7613706166859892e-12
2355.736777330593,52.2640374264027,1.6277385410823089e-12
2355.7898942380566,52.26634242208331,7.820539245406884e-12
2356.3073906572017,52.28880177695156,5.8591399908315786e-12
2356.872199900054,52.313320139554776,-1.17344333003316e-11
2357.256730660435,52.33001597758853,3.637915422243264e-14
2358.0219085918684,52.36324713576032,-9.634310893222935e-13
2359.2834097951645,52.41805682442484,-7.963974258258162e-13
2359.617357609531,52.43257109216854,2.5127357245354577e-12
2360.2652519276203,52.46073617602007,7.430319372646669e-13
2361.2417256519884,52.50319978258328,2.6440357760713157e-12
2362.0690946961226,52.53919306660065,1.6037167759516353e-12
2362.2284454183355,52.54612679711149,-2.7547021227897928e-12
2364.477715529592,52.64404781002346,2.3752382829225777e-12
2365.0814106544053,52.67034528241576,-2.307852568580567e-14
2365.2114742710505,52.676011843019594,-1.6305039028226238e-12
2365.9391497441284,52.70772067112577,1.7152681571102924e-11
2366.3577901456824,52.725967559112995,4.448135062790279e-12
2369.924022036366,52.88153646404445,1.2744549855238734e-11
2371.481600513243,52.9495558532429,-3.404834416518589e-12
2372.5127310596627,52.9946098677069,-1.1003316800836335e-12
2372.899550393737,53.01151652708305,-8.252183120225572e-12
2372.939362725907,53.01325675564323,1.3508643917422092e-11
2373.951206821901,53.05749506303389,-1.8877477488867863e-11
2374.5112949200247,53.081990491296835,4.107811466040211e-12
2374.786846314007,53.09404384014455,-2.7079813470133462e-11
2374.9647135277464,53.10182496664841,1.4043149619016832e-12
2375.0524308504546,53.10566253589308,9.98852184787799e-15
2375.1008266147055,53.10777987614753,3.2320045472522374e-12
2375.694432187491,53.13375394359072,-2.889057343463571e-13
2376.683774808668,53.17705848010271,2.5165217294759584e-12
2377.4180243223163,53.20920898699885,5.933236765778997e-12
2377.734906664717,53.22308734891254,-1.3354694268036035e-12
2377.800088715291,53.22594232898244,-2.299919450825772e-13
2378.0688544780414,53.2377151218437,-1.0254001298687808e-12
2378.619957265664,53.26185933341662,-1.205312878842294e-11
2379.8496711953358,53.31575415943783,1.3413262111422407e-12
2380.25549779449,53.33354648582321,1.6568411391932732e-11
2381.2590376417556,53.37755689598273,-1.3431125728767702e-14
2381.4016909727966,53.38381448797034,-1.4899259876289447e-12
2381.602986110142,53.392645083067464,6.541659485417077e-12
2382.0262249601997,53.41121453797335,-1.8715478445474665e-12
2382.069586599019,53.4131172008944,5.241916633282622e-13
2384.0850932336884,53.501593723432414,5.781659891160181e-13
2384.206852602433,53.506941101688476,-4.400950766005448e-12
2384.598515772205,53.52414385700249,1.1744247544377714e-13
2385.2191874702235,53.551410985427765,-2.7295598887310127e-13
2385.5431346278815,53.56564533523882,-1.169414150801169e-11
2386.312509127248,53.599459663533985,1.4735382791806016e-13
2386.942936093489,53.62717531800177,7.757614542626713e-12
2387.1339851885505,53.635575913575245,-2.184353653310866e-12
2387.566543630848,53.6545983705416,-2.4188192217910077e-12
2387.671817197985,53.659228467373325,-1.2784580375932614e-12
2388.2228310890523,53.683466254433824,-1.3793577005180295e-12
2389.32263789182,53.73186085511389,-5.524660049963804e-12
2389.3364332406213,53.73246803085696,-2.5070212207679706e-12
2389.8148534853367,53.753526946624035,-1.18585173505608e-11
2390.2791103009417,53.773966452944215,-2.5375273481560596e-11
2390.930308535552,53.802642987071046,-7.498550397084466e-13
2391.3878348179364,53.822795545599725,8.208652270783594e-13
2392.7387159466393,53.88232000694155,2.338281804362154e-11
2393.890032143626,53.9330774854385,-1.9006603323852917e-12
2394.2618504934717,53.94947486377046,-1.9404976641663953e-12
2394.298147316545,53.95107570856365,1.953516399243984e-12
2394.689810485666,53.96835126953523,-2.354764284144774e-12
2395.589058310941,54.00802617248448,-2.1775631852522344e-11
2396.223034582922,54.036006220984056,-4.1775370712033835e-12
2396.70608707444,54.05733033584491,-3.164593514523839e-13
2397.1194141638903,54.07557986950764,-9.20135591829477e-12
2398.2635090532253,54.126111233118934,-1.1682913974430588e-12
2398.8450494804683,54.15180543534261,-1.0184480777471856e-12
2399.798463355098,54.19394360191096,1.3594895365790083e-12
2400.9732074744843,54.24588695853946,5.440992590691683e-13
2401.355115374804,54.26277915683208,1.689061288537639e-11
2403.202721647661,54.34453871462415,-3.6911449207932023e-14
2403.3960255191705,54.353096356365754,-1.5925485565216017e-12
2404.7851790605996,54.41461500075566,-6.703687598071319e-12
2405.436499987095,54.443470979094734,-2.212024671892344e-12
2406.1414623919845,54.474712283905305,-5.303329755611849e-12
2406.643678639369,54.49697421900892,5.376509154491428e-12
2408.0851453310274,54.56089647930295,5.089963783984159e-13
2408.305917206477,54.57069005239294,2.7677622553618934e-12
2408.3427386009125,54.572323558941164,-7.00599122555729e-13
2408.414617386529,54.575512387570456,4.046064091501464e-13
2409.4723570767956,54.62244892937292,-3.58958056372168e-12
2409.9098820473787,54.641869853748105,-8.101608064848001e-13
2411.5237248496505,54.71353584304665,1.0789654015090861e-11
2412.7760291425993,54.769180034203956,4.733863388692587e-12
2413.6851887247717,54.80959522386951,-3.1141368854776126e-13
2415.0973345118086,54.87240002734592,3.1565118929394017e-12
2415.6679478328074,54.89778832156182,3.4386524569712546e-13
2416.229977721715,54.92280057631035,6.358856296427473e-13
2416.8401579876454,54.94996227551263,-1.895301570536932e-12
2417.488052299616,54.97881029343741,3.9118470407757165e-14
2418.297920189487,55.01488118951921,-2.4620061963276956e-11
2418.363136037376,55.017786379107186,3.4334543317258896e-13
2418.376808692689,55.01839546884566,-1.2281237078361007e-11
2418.9954158992737,55.0459567982547,6.722690326260477e-12
2419.3786521259726,55.06303498182326,9.680995710254574e-13
2419.4233758897617,55.06502818641543,-5.187455714509283e-14
2419.856704288091,55.084342247022626,-1.949177410947742e-11
2419.88090217004,55.08542088287129,-6.045951745789197e-13
2421.557426856058,55.1601792895531,5.987606754170646e-13
2421.5690012255855,55.160695585635885,5.656629125573706e-13
2421.6100191915,55.162525287464995,-2.011543564789869e-12
2423.1528758570357,55.2313705068913,-1.4030101088737805e-12
2423.356023891947,55.24043862817942,3.1634936604485513e-12
2423.8007701683587,55.26029386489248,-5.019211549873087e-13
2423.8040740881966,55.260441378604746,6.949613616136998e-13
2425.5573000948334,55.338747936307605,1.1083809483916964e-12
2426.9340755057938,55.40028029360163,1.3859425544267676e-12
2426.94645363135,55.400833668743424,-7.674121421654e-12
2427.289721034579,55.41618086854237,3.579002460159716e-13
2427.9944042524194,55.44769347009276,-3.820832492373844e-12
2428.0034784581385,55.44809931751284,-1.3641547201926911e-11
2428.062767528874,55.450751081853866,-1.8217181899479253e-12
2429.0613408385384,55.495423024035475,-2.726329901834276e-11
2429.8735861972996,55.531772989392735,-4.169343063478294e-12
2431.005023770502,55.58242784159339,2.241356797968609e-11
2432.0869613388822,55.63088861773884,5.374924702379567e-13
2433.224448382168,55.681860747671095,7.594527017387953e-12
2434.721041364627,55.74896114486722,-2.6005125143853733e-12
2437.6393451081635,55.879923228413745,-3.498436438744458e-13
2437.735053695055,55.88422091317576,-6.461795445187507e-13
2438.6206964543903,55.92399769452593,-5.93923855219084e-14
2438.896247845522,55.93637645258319,-2.029282024118911e-11
2439.0123596207454,55.941593029365926,2.2305099321663244e-12
2440.8483577153434,56.024112290855676,2.9786331281393855e-12
2440.966322389456,56.02941635712233,-9.272779286671835e-13
2441.8627019640526,56.0697288030415,-6.514950394504787e-12
2442.735932799548,56.10901442443095,-6.753504241443911e-14
2443.4030584609186,56.13903708271395,-6.104300578381224e-13
2444.124718252077,56.1715231715002,-5.675966468159536e-12
2444.739619658326,56.19921101632998,-2.3097759167344465e-12
2445.0840588969136,56.214723505802915,-5.467774059524552e-12
2445.371218455002,56.22765796419291,2.716842522646251e-13
2446.333494939209,56.27101262430974,7.05106315664783e-13
2446.535928113027,56.28013527382667,6.471209997917878e-13
2447.70276985436,56.3327337040882,-1.5658179930678217e-12
2449.0460615839565,56.39331713290227,1.7541105098315133e-12
2449.956917568721,56.43441630748431,-1.461126431057549e-12
2450.5038237784756,56.45910087080969,1.5828088886886095e-11
2450.6268776756638,56.46465565686913,1.9021185081977484e-11
2450.69067630007,56.46753570559876,-6.909802974205514e-12
2451.2527061859073,56.492910549576195,6.0723292131834335e-12
2451.8369921589274,56.51929639286527,1.0206618241582656e-12
2452.143560860073,56.533143282579324,-1.3097784893973756e-13
2453.3022548441822,56.58549403344422,3.550570993326655e-13
2453.609906485891,56.59939814362806,-1.3923262329609421e-11
2454.0019715293647,56.61711978776109,5.753591452354112e-13
2454.0503672930054,56.619307510155195,2.729939643068446e-12
2455.2651691208675,56.67423655701807,2.256422931791471e-11
2458.9723578822973,56.84203059438426,1.168238563030361e-11
2459.3219201411293,56.85786547259771,-7.106919674990939e-13
2459.7313298395766,56.876414251747704,1.4910438038043887e-12
2459.7585524566007,56.87764771332366,2.3325656534124972e-12
2460.373855739402,56.90553085482077,-3.024925038341308e-12
2462.026863595747,56.98047324898133,7.969923613789659e-12
2462.1320482659708,56.985243708223685,-8.444540683467963e-13
2462.1629766808214,56.98664644895123,2.675875146310686e-13
2463.1563931665173,57.03171166311543,8.546019853804965e-13
2463.360277360717,57.040962887097635,2.486846319453368e-11
2464.8906331974163,57.110427067371255,-1.049729789802961e-11
2465.5885307802027,57.14211956758851,-2.2078792534568783e-12
2466.58784024466,57.18751522176619,-1.0895797151558065e-11
2466.738239451968,57.19434900264711,2.493380859985521e-14
2467.345149591071,57.22192978352984,-1.555262835089862e-11
2468.1617142100195,57.259048931476606,1.4506100064145593e-12
2469.426519310896,57.31656830640779,-2.2734108926042717e-11
2469.649757550279,57.326723541974154,-1.5963795068676604e-13
2470.2087626992866,57.35215703434632,-5.405842481330692e-14
2470.621599010303,57.37094386461822,5.5917523865995695e-12
2470.6713231012973,57.37320685721083,2.516264179815495e-12
2471.3451116974,57.40387613305267,1.0924929258587124e-12
2471.5445539329803,57.412955879687416,1.4587441655862936e-11
2473.0348182516727,57.480824393024434,-1.7075964095266971e-13
2474.196135089342,57.533740585565276,-5.53652029028964e-12
2474.7339670914453,57.55825568392397,-7.2556431220719056e-12
2476.0178470518476,57.61679818269345,-4.6317768949389416e-12
2476.0408392995373,57.61784686246844,3.9612584664971604e-12
2477.3741303682964,57.678675118079454,2.334109726050851e-12
2477.4109179645934,57.68035392948224,-9.690690557771181e-13
2479.575406553034,57.779174805911104,-7.00235329251454e-13
2480.2767858454586,57.811215163467466,-2.4147704695490475e-11
2481.10995895756,57.84928789251888,5.236268835802117e-13
2481.6158809969675,57.872412776509734,-1.5526792116690958e-12
2484.9730380128403,58.02598248120726,-6.040707402025638e-12
2485.8913944840297,58.06802792004388,-1.8012505026284618e-12
2486.06913900125,58.07616745449792,1.1840042543275412e-12
2486.671171504491,58.10374092293329,4.531548365278112e-13
2487.1220010447973,58.124393572073394,-4.479966440968487e-12
2488.236897708996,58.17548343179349,-1.35341700862461e-12
2488.8752270345904,58.20474502049312,1.7641377193768218e-12
2489.2087391663567,58.220036500950386,1.1088717285594608e-11
2489.2750379541685,58.22307653441449,2.604198769800913e-12
2489.5121942349065,58.233951649911205,-6.421409530863947e-14
2489.8796595165772,58.25080430364118,4.739700682630557e-12
2490.20271401726,58.26562224945057,1.1164069608547248e-11
2490.264871331479,58.268473517440924,-2.0948372448217013e-13
2491.6829776767768,58.33354394454523,2.3680561055410536e-12
2492.288559486176,58.36134261689531,3.4914220840334174e-12
2492.8821650481045,58.38859808702036,-3.1209480588417426e-13
2493.5643467850264,58.41992855870954,-9.449100825475821e-13
2493.871507651204,58.43403829466881,2.7185106740995556e-12
2494.2093728454074,58.44956047130809,2.504181716036404e-13
2495.2565872953055,58.49768487600083,-1.1077039298435723e-12
2495.5705337923628,58.51211612260765,-8.695861414546016e-12
2496.1716398453186,58.53975236078613,1.7395448983336384e-11
2496.2682410830794,58.544194285719925,2.656247556652908e-13
2496.7599658947806,58.56680747522337,-4.24046876838316e-12
2496.9510149866,58.57559454471158,-9.281335136055962e-14
2497.0374039801713,58.57956812164058,1.448987709761361e-12
2498.038968216931,58.625646440041976,-1.0394847386131456e-12
2498.57078454449,58.65012088086207,-1.890028234186214e-12
2499.2139577054973,58.67972697667631,-2.0217673475164494e-12
2500.676441032112,58.74707534648299,8.628382452888108e-14
2501.2232583420787,58.77226678180906,-1.263377008514469e-11
2501.4815877688534,58.784169727198154,-1.843357705717959e-11
2501.725753766786,58.79542119977554,-1.3981312738688163e-12
2501.786248470911,58.79820904066022,1.2686896189089407e-13
2502.927965871581,58.85083664282411,-1.6007066967178264e-12
2503.09083209918,58.85834593829885,1.7479372547537197e-12
2504.5885969023125,58.927426493605566,-1.0637005538018156e-11
2504.754276275978,58.9350705676087,-2.612964669955415e-12
2505.506272308287,58.96977233067837,7.379566828014206e-13
2505.5679388486774,58.972618469628955,-1.5983783256356363e-11
2506.1515437544044,58.99955746331229,-1.616310425074825e-11
2507.106197045229,59.043637443136404,1.1773254176288078e-13
2508.118041120198,59.090376466002105,-8.100416873153822e-13
2508.4144864703153,59.104073418678084,1.0807308917137428e-11
2508.613683317973,59.11327801360317,3.9586015477506687e-13
2508.6195762972093,59.113550330684376,3.3981470608154608e-12
2508.662079081225,59.11551442138715,8.389549365485791e-13
2508.7247609667156,59.11841106668638,-2.1655521818261087e-12
2510.0714454996833,59.180661318596044,-4.3713191815161815e-13
2511.374645701012,59.2409333213932,-1.4145814835072255e-11
2511.8775430030064,59.26420029878481,-2.543767504287791e-12
2512.7504946448657,59.30459922143264,-2.0201600878484767e-12
2514.8577924380315,59.40217971844325,-9.978398823692501e-13
2515.3648863112744,59.4256734095467,2.4607542694237817e-12
2516.032781923778,59.4566242833653,-1.1001927519799957e-12
2516.4165427163466,59.47441181529913,-8.203922191620606e-12
2516.9766308021844,59.500377086932055,4.3134978449820596e-12
2517.5782276269942,59.528273109961304,3.6791461193604456e-13
2518.8586471684903,59.587668312642556,1.4714531080241006e-11
2519.1491106432536,59.60114633090156,-2.8789566282513717e-12
2519.374569860198,59.61160910812667,1.6908937099307004e-11
2520.1016318488273,59.645355901986974,-5.716674565210321e-12
2520.583757881828,59.66773929161613,-1.720372424505073e-12
2521.8870469768995,59.728267780795974,-5.719999892323106e-12
2522.4853736792516,59.75606627091411,4.113035954852168e-12
2523.214254768717,59.78993927824482,1.1995781232936205e-12
2523.259625796674,59.79204811192388,-1.2924313113507447e-11
2524.475755939741,59.84858765739591,-1.438696175354419e-12
2525.530470876412,59.89764484987382,-7.568316295869572e-13
2526.117870473971,59.92497502629895,1.0675863292526128e-13
2528.4406268248053,60.03310909973976,-3.6015243360412854e-12
2529.493455064246,60.08215541330381,6.111181905211055e-12
2529.651232068043,60.089507260714015,1.3128988791078993e-11
2529.798081967353,60.096350355925125,-3.832813986513778e-13
2530.0318792290104,60.10724595270265,1.476758275477941e-13
2530.8124262028505,60.143628885226846,1.924167493337826e-12
2530.8729209067274,60.14644913893901,-3.364087395437359e-13
2531.42103274408,60.172005100212075,1.178973390627937e-12
2531.497141897608,60.17555416134648,-1.0874005095029852e-12
2532.072353658232,60.202380426435695,5.952218360582852e-13
2532.942314360176,60.2429645360623,2.1309164138625516e-11
2533.72915619093,60.27968311501588,-1.1218084005733533e-11
2534.1571161741444,60.29965898497903,-3.1221994165373848e-12
2534.3895513104517,60.31050976374438,4.248353785439881e-13
2534.953869764117,60.336858005867505,1.868971043784187e-11
2536.513144609498,60.409691636265336,4.824283840706517e-13
2536.611107971917,60.41426899407635,-5.603815799898207e-14
2536.897552665829,60.427654194173634,1.656586696929195e-11
2538.0283767541428,60.48051094208576,2.3216048444228955e-11
2538.5672916919607,60.505709081624595,3.822573899966861e-12
2540.7886580632326,60.60963036973362,-2.687236363882265e-13
2541.310384836905,60.63405128455176,-3.2957143393870126e-12
2541.545844708173,60.64507429979465,6.926563234390979e-12
2542.4266987157002,60.686320392256235,-1.066714732641846e-12
2542.7450320710714,60.701229905014536,1.1973424252298664e-12
2543.6275824861814,60.742574941154146,-5.470049412260607e-13
2543.6479856742217,60.7435309435383,-1.7903072985040855e-13
2544.4453527302667,60.78089801289037,-2.122137356914189e-13
2544.9437742738755,60.80426152580992,-4.7863188247972195e-12
2546.261171695371,60.866036570601935,5.071050953675399e-12
2546.603110765145,60.882075911167334,1.2432257039395443e-11
2548.0480040401267,60.94987531862838,2.75773796080463e-11
2548.5992971025444,60.97575403839839,-9.195441500078396e-12
2549.2746932032287,61.00746601594638,5.806327987621754e-13
2549.6826518755206,61.02662503320541,-1.7447028162367059e-13
2549.683544527222,61.02666695828711,4.482477449345812e-12
2550.6719606729944,61.07309880525351,1.6351666245933416e-11
2552.022875567347,61.136588503998034,-1.2154932619457691e-11
2552.7442561625994,61.170505397769965,-6.8914786011055516e-12
2552.9846274653255,61.1818089786743,-2.5506532500552237e-14
2553.8003883183087,61.22017847655253,1.4150663641395434e-13
2554.9057199928366,61.27218756174857,-5.2165123963826856e-12
2554.938590201846,61.27373454571896,-1.2024879492115429e-12
2555.687963371746,61.309007997998066,1.0035481492320178e-13
2556.200091367378,61.33312012552866,2.4095347511972713e-12
2558.1412740997193,61.424559197951915,-5.492431597670074e-13
2558.6780907503294,61.449858104087475,-9.644913099128442e-13
2558.6953127119764,61.45066982251504,-7.438651612411129e-13
2560.2948355591325,61.52608355248595,-3.2266355761056276e-13
2561.4970476541685,61.58279604050351,2.8492234823277505e-12
2562.1667623635835,61.61440033816464,-1.5854690458620033e-11
2563.067617678629,61.656925351256056,-3.5008742220684483e-13
2563.1192835635425,61.65936470053191,-1.9408078984060985e-13
2563.37906400898,61.671630700490574,-1.488619021446621e-11
2563.4558542247814,61.675256726389144,-2.1105189316935507e-12
2563.521226562461,61.678343686882236,7.616991691115153e-13
2564.8083428311124,61.73913890022086,3.566545468685804e-14
2565.0546071126405,61.750774341759694,-2.967468152106787e-12
2566.547460471145,61.821332266857226,-2.103061583526956e-11
2567.070883650725,61.846080956498916,1.9481108948035175e-13
2567.590076461055,61.87063460997651,-4.561367150253818e-12
2567.688687087918,61.87529866240262,2.1980760906066327e-12
2569.8185414368527,61.97607951566516,-4.984518444431038e-12
2570.4241232396876,62.00474980782493,-7.589438826419156e-13
2571.2380987873744,62.04329680759203,2.9490474360938705e-12
2571.863893489144,62.07294052734017,-1.9219365600774604e-12
2571.950003297232,62.07702008944331,-6.034340832594398e-12
2573.922761704719,62.17051944699008,7.772984743449541e-13
2574.409608877086,62.19360471435097,-2.3076907253929837e-12
2575.3190476225104,62.236740079535615,1.5584803364883918e-11
2575.707284168032,62.25515907173815,-8.368642887187482e-12
2577.128660618592,62.322616706782675,4.305402119845378e-12
2577.264862597138,62.329082721206674,2.829663875161177e-11
2577.5203237772066,62.34121133496149,3.6701519184416137e-13
2578.6453099780965,62.39463697520502,4.236147239761735e-12
2578.909968057063,62.407208985478476,-4.2979136703864814e-13
2579.350708040973,62.428148249706965,2.8906425187360277e-13
2580.626495324514,62.48878022707464,-5.362635095090749e-12
2584.5726931970853,62.6765136558746,-3.1654073825617414e-14
2584.7153465238534,62.68330550948192,-1.3258109092914395e-11
2585.066918166572,62.70004575297137,8.86323626986604e-12
2585.187471897685,62.7057864978668,9.929892108970328e-12
2585.704811807893,62.73042516182609,1.0147479187987904e-13
2586.0904592934726,62.7487950921415,4.39169417679854e-13
2586.1693139970243,62.75255159403698,-2.0441515124900403e-11
2586.1956101641244,62.753804323491444,2.6235664306613455e-12
2587.8590543220716,62.83307542974009,2.7182199465689316e-12
2590.172981834977,62.94342995912449,3.731330958685853e-12
2590.3817774573645,62.95339257389721,-1.9891498853617403e-12
2590.9854725619393,62.98220220583297,-1.3699513673503323e-12
2591.038064896106,62.98471234330786,-5.44208618756621e-13
2591.9279042076687,63.02719049637662,6.94516841676749e-13
2592.991659542549,63.07798999834304,1.0611815310677606e-11
2593.1560105867734,63.08584042076935,3.027748626704699e-12
2593.2321197396736,63.089476033227356,-4.712166439687926e-13
2593.4992779818763,63.102238599649276,2.9201825719959744e-13
2594.49229257139,63.149687982816715,-8.754145035662657e-12
2595.300988604459,63.18834346119666,1.2367057934353956e-12
2595.588114358732,63.20207090201061,-6.17467686810959e-12
2596.0952420242047,63.22632031221593,-7.653243427172447e-12
2596.763137629447,63.25826441866846,-7.564359994214961e-13
2597.264672800446,63.28225724136942,6.971869923016975e-12
2597.925067914382,63.313856794794134,-2.869767338617517e-13
2598.090345407944,63.321766491461325,-3.3431192897157575e-12
2599.0211688858312,63.366322373391974,-1.759387136485689e-12
2599.1000573869983,63.37009927601922,1.1368777058625826e-12
2600.0197421712883,63.4141389916555,4.743599163789203e-13
2600.516433505777,63.43792986499869,-1.4289889485529224e-13
2602.67669168843,63.541456306093366,2.8645125227870452e-12
2602.8316893423676,63.54888759173234,-6.319909819252891e-13
2603.211008172179,63.56707571160266,-6.326658871424555e-12
2603.6389681514465,63.58759932864842,1.1183911749940154e-12
2604.887968490268,63.647516755000396,3.2730006622208983e-12
2606.0629579618403,63.70390994193317,1.9057259976096265e-12
2606.095147108032,63.705455206045045,2.7641339138654478e-11
2608.2952176199515,63.811116474673646,5.6212859946795605e-12
2609.5790975568584,63.87281768825758,2.0270098665414326e-12
2610.1386272665495,63.89971728993284,-6.9416355946899235e-12
2610.276402958808,63.90634179311798,6.807941756383983e-12
2610.3815876268795,63.911399496595564,7.441156584459628e-12
2612.300091080592,64.00368464647204,-2.4159691868902223e-11
2612.893696632881,64.03225239645201,2.1596111665093693e-12
2613.88303921993,64.079879737192,-1.8811353493244087e-11
2615.268118841593,64.14658830485222,7.665008985203045e-12
2615.7585153179602,64.17021537943933,-2.0417194151658553e-12
2616.6614689124744,64.2137308522776,-2.40609004813197e-12
2617.048935497661,64.23240839005675,-1.0026598736408112e-11
2617.267173405075,64.24292960312252,9.697293802469917e-12
2617.2918958577798,64.24412152376081,-6.874341146849315e-13
2618.4431782199235,64.2996397004342,-7.86365602195791e-13
2618.506697658262,64.30270350279488,-1.93446445591244e-11
2619.2254891878724,64.33737893789389,1.399007568081247e-11
2619.3081723822675,64.34136829272231,6.980276540495393e-12
2619.7214994585584,64.36131266601826,8.587729621897716e-12
2620.4468650298054,64.39632151717824,3.211588143831888e-13
2621.7977799119026,64.46154754791581,-8.778983159025983e-13
2622.5859500609245,64.49961818319412,-4.018874493061414e-13
2623.1703587135557,64.52785400477775,2.921733270273833e-11
2623.8261215781367,64.55954480984884,1.622966960238075e-13
2623.957200534994,64.56588036318733,-1.5764193969701815e-11
2624.0812146764233,64.57187473802162,4.629971518015544e-13
2624.167569870776,64.57604898902122,1.456680356018509e-11
2624.693214025618,64.60146062196247,-1.529957969822989e-11
2624.7511747672747,64.60426297569008,1.0875466922085865e-11
2624.7658076693747,64.60497047413898,1.8080994025474357e-11
2624.882655602126,64.61062019428199,5.033535279044659e-12
2625.849809696487,64.65739276555624,9.062879089849963e-13
2626.39792152701,64.68390766950536,1.9458002861676647e-12
2627.1144244812826,64.71857683775934,-1.1829084333888182e-12
2628.1295724598517,64.76771262504361,5.605263862706178e-12
2628.341604405486,64.77797791605921,7.78525869677723e-14
2629.106782306653,64.81503004073191,1.0154649516230483e-12
2630.7022312612976,64.8923209771081,1.5832335257534841e-12
2631.0167023240997,64.90756094366682,-3.7762334450415564e-13
2631.1104691138785,64.91210544324336,-7.71018859658693e-12
2631.3405605746843,64.92325773824405,1.852459034717323e-12
2631.889074282845,64.94984756357422,1.7602162460311047e-11
2632.302401358489,64.9698877248834,-2.2482545342508455e-12
2632.7883220777976,64.99345161324179,6.727963666812963e-12
2633.508810013841,65.0283984404238,-2.494837369659122e-13
2634.318677879219,65.06769200164155,2.4017515006642918e-11
2635.3249970382685,65.11653391524996,-2.0591428629677566e-12
2636.0443131378097,65.15145750713923,7.61302575471497e-12
2636.3368410960697,65.16566278911709,-3.1100147691285516e-12
2638.3093203028143,65.26148836655202,-2.761834264266879e-13
2638.834841763318,65.28703096608201,-1.4607926840326283e-11
2640.4545774929347,65.36578908119213,-1.3802592982654413e-13
2640.5952890241506,65.37263332761118,1.1904492702694018e-11
2640.7221376115613,65.37880358934054,2.686882940010576e-12
2640.900004818523,65.38745603525311,2.2978137237863945e-11
2641.7907705739526,65.43079658168253,2.03145726402634e-12
2642.180826217331,65.44977948868838,-2.6326984456639307e-12
2642.4454842941727,65.46266124606221,2.903241661467927e-13
2642.6032612956506,65.47034137259836,-1.750614121823737e-12
2642.7501111928036,65.47749001142765,5.695410035188721e-13
2643.6124824954095,65.51947817923477,-1.1606891150523836e-12
2643.670197850091,65.52228878271156,3.516513253946758e-12
2645.5420019412177,65.61347455132662,5.237060446377023e-12
2645.7849623004818,65.62531520557192,5.063172582127991e-13
2646.020422168578,65.63679136149595,1.1221443360085951e-11
2646.7167122222695,65.67073404672031,9.15006624188137e-13
2647.219609515335,65.69525479341915,1.5952784962148735e-13
2648.7229880845716,65.76858574222835,-5.544417374375428e-12
2650.8844518883143,65.87408935908617,2.327852540745363e-12
2651.11648514311,65.88542029314691,4.682605666764481e-12
2651.3403706418962,65.89635428607033,-1.540242662173293e-11
2652.068359067467,65.93191375396297,6.739241154726212e-14
2652.3422140428506,65.94529305568064,1.6014412366986046e-12
2653.60710800814,66.0071079168613,-2.0918770768523314e-11
2654.4010822375412,66.0459241753045,-1.3806552861656952e-11
2656.5500452212186,66.15104213426189,3.0376153386313923e-12
2656.6226388646933,66.15459458615447,3.8776796087402273e-13
2658.498114952887,66.24640677622388,-3.56021659062214e-12
2659.405666992098,66.29085840637568,-5.700060022398378e-13
2660.6251010334913,66.35060981368217,2.1777919801684633e-12
2660.79824709718,66.35909606938509,3.576036907102985e-12
2661.22278046026,66.37990568663199,3.4021868547554647e-13
2662.756562869561,66.45511572226032,-8.285263194122683e-12
2663.3593315192816,66.48468474346312,2.969451092577834e-13
2663.5434046872083,66.49371584933942,4.361997968624887e-12
2663.6549180094644,66.49918728504063,-2.2625074838049979e-13
2665.4291268155525,66.58627020443926,6.400576679558627e-13
2665.44570151212,66.58708400831107,-7.514324534612708e-12
2667.3079068215047,66.67854897042211,-2.632186611121897e-12
2667.315809190654,66.67893724305858,5.713511397624796e-14
2668.36903928934,66.73069662857871,1.5015014311444287e-12
2669.138011880208,66.76849951852498,-6.039625782862765e-13
2669.271591000058,66.7750674127614,-1.100231802069524e-11
2669.2862239020787,66.77578691159636,-4.017809676538825e-12
2669.3230114974417,66.77759577267598,-2.2644209959281472e-12
2669.6648278684575,66.79440421509645,-1.1749313098723359e-12
2669.6995509758576,66.79611180596393,-1.6553556967782053e-12
2670.0518925731376,66.81344029279575,5.876282485124244e-14
2670.1723574073076,66.81936538975654,-2.7553579871849255e-14
2670.6588026958234,66.84329405809427,2.3312628280511376e-11
2670.8833354589324,66.85434049101497,2.909338322974217e-12
2672.4399874201517,66.93094929058834,-1.780276911061504e-11
2673.1284089002475,66.9648433809873,1.0212467619726147e-11
2674.934316076589,67.05379781404605,1.996476783404423e-13
2675.7448650005276,67.09374294283106,2.5658048281241766e-11
2675.860976772039,67.09946610497668,1.2236145110899233e-12
2676.2116219613645,67.11675095281947,-1.667327215934676e-11
2676.497943956773,67.13086670650844,-3.177087153939957e-13
2676.7243296185943,67.14202865138942,-2.8144885291909617e-14
2678.0476199972577,67.20729236986736,-7.774838462762005e-12
2679.228815419787,67.26557531534719,-4.286265396042563e-12
2681.9465050007884,67.39977006952759,-7.793353096199895e-13
2682.181842174452,67.4113970079944,1.3917138188695587e-13
2682.2048344215186,67.41253300496392,1.7063909108828371e-12
2682.242336877164,67.4143859407067,-3.205622811976257e-12
2682.7705700877145,67.44048784262425,6.646324390659607e-13
2683.1573894049607,67.45960523578647,-1.9397964915842044e-11
2683.532757046495,67.47815929905056,-5.2707324029686885e-12
2684.035375152775,67.50300729544337,2.932312264423395e-12
2686.5734673208226,67.628554368305,-2.3031940968346654e-11
2686.6076320589823,67.63024514111464,1.7125978151565634e-12
2686.8747902981354,67.6434672303826,-1.1550323940671962e-12
2687.361637463705,67.66756545756238,-1.0963132437833524e-13
2687.4927164195633,67.6740544213964,9.79718520259128e-12
2687.703085753741,67.68446925657481,-8.133457474855872e-12
2688.0966018058775,67.70395339517916,-4.667036271525201e-12
2688.802613326344,67.73891725448155,-1.1464980850300077e-11
2691.249629156504,67.8601720578744,-2.0406525957674562e-11
2691.4925895144543,67.8722172763213,1.848976961176982e-12
2692.694890485572,67.93183962111844,1.869974515868917e-12
2693.2365847611927,67.95871104933684,3.1122798030702432e-12
2694.708053361007,68.03173239022783,3.964698163935954e-13
2694.9966301326667,68.0460576339744,-3.549592801104826e-12
2697.6305873722413,68.1768808434946,-8.563830306762828e-13
2698.921498312958,68.24104438615836,1.3967584351568586e-11
2699.3147351800026,68.26059596318711,-1.5591095157801202e-12
2699.3622382903923,68.26295799134004,-2.000237326869935e-12
2700.6321325761164,68.32611718198372,7.720573983552873e-12
2701.8088184418343,68.3846670938277,-3.277130024468129e-12
2703.314976349724,68.45964819799435,1.2082715987901998e-11
2704.309319253473,68.50917250068325,4.785146903060469e-12
2704.811569278294,68.53419451881821,-1.43997186654532e-12
2705.5329498598844,68.57014171721427,4.095320747942948e-13
2705.91226868501,68.58904744250493,-3.251837730586286e-13
2706.4044842571834,68.61358403413425,1.5553862078924004e-11
2707.4924374583497,68.66783355129093,-3.199334112759887e-12
2707.5199392590757,68.66920517904602,1.3002811382106976e-12
2707.5695068573737,68.67167735393745,-2.148786782827666e-12
2707.8705844471224,68.68669451596053,-1.8809253117694827e-11
2708.671221608848,68.72663685774637,-1.105035432011073e-12
2711.1633292757538,68.85103918658487,1.9147562080887856e-12
2711.5324909546675,68.8694769202117,9.243268719600458e-12
2712.220387860239,68.90384054192361,-6.707797200222369e-14
2713.3850974773327,68.96204303033318,-1.0302081092253362e-12
2713.642936123456,68.9749310371485,4.518645907788798e-12
2713.8208033288956,68.98382240324398,-1.4452581389757415e-13
2714.187744028583,69.00216716549421,4.154659616418606e-12
2714.8456389695457,69.03506404764052,-4.5014285695171064e-14
2715.0823044697563,69.04690004064888,-2.5375976794828214e-13
2715.7681919850324,69.08120812153007,-1.69675413358465e-11
2716.1689293424247,69.1012570074195,5.763025758808787e-12
2716.4280963159,69.11422470365252,-6.38236557214649e-12
2716.7746676256224,69.13156770271283,5.234304106883411e-12
2717.1832735543276,69.15201785829733,6.422958500214587e-12
2717.4760468966424,69.16667264614192,7.460794604360496e-12
2719.5530972842544,69.27068486791259,2.0472039063684735e-12
2719.7301945313147,69.27955702389984,1.2297226369210973e-11
2720.8266973647933,69.33450210191717,1.2081455666240993e-12
2721.2004574926987,69.35323605180803,-2.238822689393257e-12
2721.4509183409195,69.36579132144156,8.241543919252722e-12
2722.17229892116,69.40195962878794,1.5767406359551818e-11
2722.8276936978377,69.43482787559168,-4.0644881589972203e-13
2723.333615721576,69.46020542991096,-9.92197067881341e-13
2723.9430260042523,69.49078031894481,8.705084052906067e-13
2724.350828176623,69.51124409329175,5.063592852127303e-14
2725.983500384334,69.5932033145278,1.8245619605178628e-12
2726.0744878247897,69.5977722770381,-1.318703072458368e-11
2727.0789202764577,69.64822029768084,-2.4355437870957996e-12
2728.531593195092,69.72121424973663,9.408917900423512e-12
2729.062884935732,69.74792032122333,-2.0029080093036053e-11
2731.395206207092,69.86521900299823,1.1685033050621323e-12
2732.6735274287644,69.92955171096423,4.0797588201965414e-13
2732.7109960864505,69.93143781019292,2.4732139228121248e-11
2733.200343413195,69.95607297562705,7.301994445159557e-13
2734.4451471614793,70.01875989323312,-2.311815333876384e-11
2734.4796248817856,70.02049655871264,-7.426023573247468e-13
2735.1354215355723,70.0535336374176,2.246570054786584e-11
2735.6213422490673,70.07801798286324,-9.028456588236033e-13
2735.644334495995,70.07917661320913,2.712960149989641e-13
2735.72902707928,70.08344454442557,-2.0081868821922166e-12
2735.770045043492,70.08551161884145,1.4128055977921307e-11
2736.7183696520387,70.13331048021219,1.749236713980289e-11
2738.1034492537215,70.2031530809377,-7.1275648410241125e-12
2739.8842658841477,70.29300263722621,9.323567165645077e-12
2740.761849748345,70.33730185627569,8.356319183225981e-13
2741.706468558671,70.38500076028014,3.5232270881555936e-12
2742.0608195430877,70.40289809416598,-1.3009136909224734e-11
2742.13862510233,70.4068281574992,-6.808620416231532e-13
2742.890007645237,70.44478723765079,-9.780186887672726e-13
2743.482284861012,70.47471580862292,-4.5872798107700036e-12
2743.8376511904585,70.4926760528851,-5.274390928715406e-12
2744.6331102302584,70.53288705130916,8.163428230990187e-13
2744.859495890338,70.5443331318736,-1.0382513666959977e-11
2745.418099141729,70.57258020424885,-2.2515563104764814e-11
2745.499766989809,70.57671041050104,-8.971417609997049e-13
2745.681060807741,70.58587946218103,-3.6803628027178755e-12
2745.861339280571,70.5949977624922,-6.271224017352769e-12
2746.2653467585847,70.61543422064506,3.291066887327754e-12
2746.6656822366263,70.63568789883784,-1.0770631406495914e-12
2746.9775304380964,70.65146689513439,1.7379125291114324e-11
2747.5511684692524,70.6804966963988,-2.7485030435818656e-12
2747.601137945332,70.68302576267223,-1.6813208536845793e-11
2747.7590038405765,70.69101600878057,-1.8883581633029226e-12
2748.528289406865,70.72995930333352,2.0011219557585198e-12
2750.9649026879283,70.85337913673551,-5.212238543391525e-12
2752.609238155582,70.93673015808848,-6.272551317684755e-13
2754.062401843842,71.01043217921801,-3.7225589490280475e-13
2754.3788484944384,71.02648697941754,-8.235997540885276e-14
2754.494960264925,71.03237832842586,-6.009624442104549e-12
2754.724404457619,71.04402073644336,-1.636794523370096e-11
2755.210325170079,71.0686804226332,-6.8572037983108246e-12
2756.2231845590445,71.12009537179418,-2.1379328504518046e-11
2756.3483705348394,71.12645139682346,2.1520301515638706e-11
2756.8267907561476,71.15074472396145,6.955904431427408e-13
2757.1140391983913,71.16533271418493,3.334937050073241e-13
2757.1540080196655,71.1673626620956,2.533771102556605e-12
2757.9764104897286,71.20913760576077,-4.984622939397942e-13
2758.031591882221,71.21194105839722,1.8466760905872668e-12
2758.8796432539298,71.25503277920424,-7.0792189499553625e-12
2759.499633858344,71.28654451555798,-1.546091019606754e-11
2760.293608078211,71.32690950950297,-1.1687433197474773e-11
2760.4135145419905,71.33300646441462,-3.706260296188918e-13
2760.949002852162,71.36023798779318,-6.500644610254112e-13
2762.267292890987,71.42730032754982,-3.3898776800389068e-12
2762.972690938544,71.46319756925362,5.46949674253666e-13
2763.4306190763414,71.48650613689077,-1.1069776113639116e-11
2764.2923982001844,71.53038121702349,2.0537416229262253e-12
2766.6927146558432,71.6526587511447,-1.595128798490802e-11
2766.850491655092,71.66069998471944,-6.746438903953816e-12
2766.8925587620083,71.6628440465968,1.8922530614860126e-12
2767.2311388050894,71.68010186513256,-1.103880787054967e-12
2768.3773319242864,71.73854033583945,-4.869848163104173e-12
2769.3267945680145,71.78696686133507,-8.120278317913804e-14
2769.5145735314436,71.79654633272177,6.728359628001305e-13
2769.875587452108,71.8149651433992,-3.901776859932657e-12
2770.384534208371,71.84093551636288,-2.920098100754613e-13
2773.373333182997,71.99354328385762,2.995147307948326e-12
2773.719781797155,72.0112435568509,-2.1646275478713032e-12
2773.9553643552636,72.02328087767302,-2.9067587583254346e-14
2775.195045077302,72.08664041893283,4.4118873855306594e-13
2775.5867082267946,72.10666403658615,1.4610806764748923e-13
2776.31135892475,72.1437189564802,-4.412459106973013e-13
2776.5438278520164,72.15560827437231,1.2455294682995436e-11
2776.551328343067,72.15599189371133,-1.5981250683602444e-11
2776.5911406730943,72.15802814837151,-6.860140170540659e-13
2777.7523347732595,72.21743181240808,3.386110365391356e-12
2777.812829475332,72.22052724441066,2.3525600392960444e-12
2778.3811541949067,72.24961094240133,3.04070505246828e-14
2778.5096440900943,72.25618716518096,2.463552589399283e-11
2779.1400372259523,72.28845563145528,1.237762211860336e-12
2779.2100969070007,72.29204228754952,4.9411342221096516e-12
2779.303707204036,72.29683474197812,1.054501994706662e-11
2779.4579686942952,72.30473263518975,-3.605782361515698e-13
2779.499354738572,72.30685159606544,6.8093931830256655e-12
2783.187468488438,72.49580929747609,-3.143099667394381e-12
2784.0453302237092,72.53979710932609,6.848117287631657e-12
2784.2654210257992,72.55108469441498,-2.939569877041042e-12
2785.5177252583244,72.61532739883775,5.695276936280521e-12
2785.591892615013,72.61913306058476,7.704310179788755e-12
2787.934739098393,72.73940092318261,1.3116402418484643e-11
2789.149540875237,72.80180145715421,1.9627802576909847e-11
2789.509260265482,72.82028432374314,2.3345404595750575e-11
2790.1838863886032,72.85495394919393,1.906615836093235e-13
2791.641648520458,72.92989824833171,-1.5954507837223769e-12
2791.873715569352,72.9418325462516,-3.649748447106898e-12
2791.9171998992524,72.9440688851081,-4.498292319275618e-12
2792.1215535585743,72.95457897722868,3.736084285502102e-12
2793.0487050157426,73.00227287120657,1.3218087318056605e-12
2793.438236081084,73.02231558692468,-1.114709882356082e-13
2793.5927429579538,73.03026627240207,-1.8407496192905498e-12
2795.575501969134,73.1323350221966,-5.71800062464409e-12
2796.3053094841034,73.16992239029878,-1.590642175646802e-11
2799.0469515242075,73.3112131837783,1.5504151013310328e-11
2800.482212181638,73.38523469907437,-1.189383579843665e-12
2800.8770565563636,73.40560488833755,2.2643136421733557e-12
2800.8829495353925,73.40590893138314,-8.202187786301094e-13
2800.8891554967486,73.40622912316688,2.433310848956239e-12
2801.2387177406877,73.4242656626285,-6.763257047173471e-13
2802.2538656993534,73.47665752386101,2.218182736413563e-11
2803.7467190165453,73.55373827821366,6.497667831152508e-12
2804.5025773105044,73.59278129553813,-3.7927224848449707e-13
2804.8140236320783,73.60887176958008,1.1823725242021981e-11
2804.9264296042743,73.61467951852175,7.556511359791482e-12
2805.2072604946284,73.6291903990864,-1.1523240893087748e-12
2805.41645798986,73.64000083741804,-9.437714528245865e-13
2805.6469175264247,73.65191094099096,-2.493397370562338e-13
2806.3680865111037,73.68918713335454,4.9011495553473415e-12
2806.817710399805,73.71243239693653,1.072035230912108e-12
2807.017799891973,73.72277809132754,2.5613256174704575e-12
2807.448103533822,73.74502958404459,-1.2987368232230005e-13
2808.6803175582895,73.8087676465072,1.9973545589664173e-12
2809.1621305923345,73.83369773268161,-1.3871218240584764e-11
2809.8300261813265,73.86826321976442,-9.400039202692174e-14
2810.4006394736107,73.89780058168964,-2.4340854820783768e-12
2811.6088672060528,73.96036336414322,6.023462579941886e-12
2811.9945146816353,73.98033809132278,-3.6777595559316297e-13
2814.084958518418,74.08866093354226,1.897561636159068e-11
2814.6043967007254,74.11558972300912,-7.838054384652234e-12
2814.628594581462,74.11684431420692,-6.118362155547511e-14
2814.719582021064,74.12156185033561,-2.743435532678767e-12
2816.2216322350623,74.19946250814566,-3.322778807314846e-13
2816.351695844005,74.20620993732298,2.807938350292372e-12
2816.5371862319403,74.21583333147115,9.11343443430186e-13
2817.6879777946474,74.2755515093558,7.83319519347003e-12
2819.132871023799,74.3505660869549,-2.5636163034156785e-11
2819.7931434276848,74.38485827707049,5.225511864179397e-12
2821.6232484559946,74.479949372498,1.6420251014768058e-12
2821.7702548414068,74.48759040792393,-1.0858352733205904e-12
2822.1975675452713,74.50980334639038,1.859979519620117e-12
2822.621821716283,74.53186062107653,-1.046295767818789e-11
2823.2455181142823,74.5642930582376,-4.3122319641838195e-12
2824.4845177674756,74.62874274247143,4.3911656978250385e-13
2824.7076671014925,74.64035342164247,1.404625626143239e-12
2825.0041124404047,74.655779182669,-1.4174854329998103e-11
2825.622719615239,74.68797409599419,-8.429964583858193e-12
2825.80280779766,74.6973479655111,2.1067450453976148e-12
2826.1049345264637,74.7130754727104,2.0218879521167492e-11
2827.4558493775717,74.78341925595305,-1.4480958759656766e-11
2827.5810353524453,74.7899395442354,1.4868860043483693e-11
2828.77651687762,74.85222051933634,2.7594731061140897e-12
2830.7059135907552,74.952791788412,1.7490329690195963e-11
2830.7920233962896,74.95728192592654,-2.74092129969878e-12
2831.655253535004,75.0023020249792,6.927568576520681e-13
2833.2098071835157,75.08341138294179,-3.08773501275124e-13
2834.857167372295,75.16941153509934,1.4628878015168331e-12
2837.2732885486266,75.29563514677783,1.873782027759822e-13
2837.4873298793595,75.30682233303023,1.563060404107695e-11
2837.523626700383,75.30871952367464,-3.5578837106529157e-12
2837.779210566304,75.32207926827064,-3.768485606402335e-12
2838.8120374582704,75.37607890529083,-1.8406787536591954e-11
2839.5253040715575,75.41338233523031,-3.62180361581448e-12
2839.6099966539286,75.41781233058411,-4.867267303504879e-12
2840.8382256921936,75.48207187564185,-8.359943177083113e-12
2841.1307536438794,75.49738070240643,9.403638912763645e-13
2843.4446810907166,75.61853071162969,1.7749006486360923e-12
2844.0868050825115,75.65216779958307,1.3143583822991802e-12
2845.0076278800943,75.70041752938405,1.6634034995065043e-12
2845.759133108446,75.73980684840531,6.842121005261158e-13
2846.9813126758077,75.80388826177847,-2.3762182961921236e-13
2847.3971737031143,75.82569899330645,3.0825355486893228e-12
2847.475660324093,75.82981575135214,-2.103388357128985e-12
2847.580844989394,75.83533304560609,-3.823668945808164e-12
2848.9098167338225,75.90505969834784,1.2262331637400613e-11
2849.334070903718,75.92732573055545,-1.682013884941873e-11
2849.730176008443,75.94811741485651,-4.464825390946964e-12
2849.9852691003885,75.96150886325562,-3.8772875037355675e-13
2850.752020697202,76.00176771619623,7.117387497980484e-12
2851.3106239425188,76.03110440667719,-1.664102013316509e-11
2852.217004126628,76.078717854575,1.1279672972671226e-12
2853.1632304381246,76.12844062214393,1.6479759333079047e-12
2854.330072121492,76.18977910439939,1.7613648922097845e-12
2854.3429410200647,76.19045573592064,-5.314364608099869e-13
2854.491153039,76.1982487691007,5.1385440902314404e-12
2856.001507494094,76.27768673932606,1.5616453952742097e-11
2856.272337728372,76.29193565593198,6.256502182973181e-12
2856.4527050948327,76.30142589091514,-2.070569141571584e-12
2856.7945552567626,76.31941437184209,-9.499623954510235e-12
2856.920756576363,76.32605574945309,-2.2415324214019148e-11
2857.07171414576,76.3340003165694,2.0400442079242247e-13
2857.949577183985,76.38020864905701,9.026879357918644e-13
2858.6053738294413,76.41473727160835,-1.31373639167843e-11
2859.0912945367677,76.44032679507816,5.359557303489243e-12
2860.794550973635,76.5300579133905,7.426567391165428e-12
2861.325563522452,76.55804369458963,-1.180183711434601e-13
2861.3881565096826,76.56134285459952,-6.638535361139509e-13
2862.0703382168826,76.59730406386849,1.273512072192024e-12
2862.3774990696847,76.61349884738787,5.782514207576886e-12
2862.621352074932,76.6263570183577,-1.2912843508037863e-12
2863.512206704667,76.67334037001312,-4.9599409251228113e-14
2863.6657871310476,76.68144162365465,2.618948911189816e-12
2863.762578653531,76.68654752791582,-2.3561843650369713e-12
2865.5433952610642,76.78051918680747,3.082124346625796e-12
2866.3586315136304,76.82355776568055,1.7209325191770926e-12
2867.330874805535,76.87490118718527,1.223823702136898e-13
2867.7199488920814,76.89545276915103,-4.300475590885684e-12
2868.5398173915464,76.9387688036216,-1.3847042170690397e-11
2868.5526862901024,76.93944880361711,4.645549205283127e-13
2868.6966679397656,76.94705708473485,5.831468221153779e-12
2869.5258560312177,76.99088049010832,-7.072265697510125e-13
2869.574251792432,76.99343864481651,-2.944836191917632e-12
2870.2922395463384,77.0313958744988,2.698612471402043e-13
2870.9836181516025,77.06795535623604,8.772916984225192e-14
2872.697645199426,77.15862954575204,8.620689797972836e-12
2873.2602672235457,77.1884047568671,-5.557999150551645e-12
2873.3771151531423,77.1945893409063,1.1722756398408375e-13
2873.3955089504257,77.19556291966528,3.0180892028683466e-12
2873.964950402908,77.22570638613135,-1.519938845617388e-11
2874.196983652167,77.23799081291,2.588811587943783e-11
2874.943767735673,77.27753418254396,-2.702798778172149e-13
2875.164137720358,77.28920507631639,-5.384613849319424e-13
2876.277058741354,77.34815954224018,2.0017740324818264e-13
2876.4420570452658,77.35690189505874,-1.5307721332974356e-11
2876.624031923371,77.36654432473625,-1.7230270009646451e-12
2876.884459624484,77.38034484997638,-3.873833125560138e-12
2879.18369906375,77.50223982656053,-2.0011226919205086e-11
2880.3835336454413,77.5658881410507,-5.410804933050588e-12
2880.9605306864473,77.59650587731824,2.1125941636991803e-11
2881.0546993516964,77.60150341982423,-1.3120229998716838e-12
2882.9842187485137,77.70393921267835,-3.7846917320001035e-12
2884.53877238934,77.78651842321892,-2.3401999405221714e-12
2885.267653448526,77.82525253377479,-3.006877151538666e-12
2885.7626483598365,77.85156307421633,1.6703223689687946e-12
2886.102611824243,77.8696358187867,-2.7475960139717496e-12
2888.5396269496105,77.99925193012027,7.914568212113954e-12
2889.089748154613,78.02852604311346,-3.659370249425032e-12
2889.528043057661,78.05185342883985,-1.6827984920887445e-12
2889.5431667330126,78.05265841992725,9.147176933032204e-14
2889.558971470941,78.05349966657957,1.894689676193301e-13
2890.06646720033,78.08051484038275,1.0264724483922995e-12
2890.6284970566257,78.11043852852922,1.5179956308267643e-12
2890.6752853057556,78.11292989872096,-2.5836909687448995e-13
2891.600338468311,78.16219520210771,4.265667454402552e-12
2892.5186948958153,78.21111945155673,2.0261862059800733e-12
2892.7744352515565,78.22474645337068,1.5783236885475467e-13
2893.876149982107,78.28346456705577,-9.723356117776702e-13
2894.036460940763,78.29201052707081,-1.6098404048411197e-12
2894.1917039766167,78.30028677417944,-6.994404435132904e-12
2895.042065211565,78.34562872700182,1.6615100560349568e-11
2895.2524345412166,78.35684784603886,9.178028825503819e-12
2896.8921715358447,78.44432391754864,-5.334729863424434e-13
2897.8097242069043,78.49329478339187,-3.324634553575638e-12
2897.8243571085754,78.49407588420864,-1.627884305486254e-11
2899.378910747257,78.57708005589166,-7.155672608507473e-13
2899.9033154548533,78.60509027501092,3.871225221416927e-12
2900.0137796315175,78.61099118412517,1.5083230624987506e-11
2900.271461781575,78.624757234897,-4.354087752535465e-12
2901.3449723484223,78.68212012396287,-2.2907975430676658e-11
2901.6335153162013,78.69754199741105,-7.932792457862127e-14
2902.174160437342,78.72644220622956,5.08385015769767e-13
2902.1978337464607,78.72770778705718,1.0904094457407479e-11
2902.3929229094783,78.73813769394815,-3.576840379738676e-12
2902.6283827711854,78.7507268432079,-1.6706435579246777e-12
2903.4138411437434,78.79272972066758,7.116963394861441e-12
2903.945780139846,78.82118194537387,-1.1572533047209086e-11
2904.1390164040117,78.83151901070448,-7.1062687958097776e-12
2904.238832661193,78.83685889468964,-1.3082195367149476e-12
2905.117097573522,78.88385146484063,-1.191973664511255e-13
2905.403542255547,78.89918108846173,-2.2326664985248545e-11
2908.1088874458724,79.04403724985401,-2.127550992605595e-11
2909.6054803431894,79.1242293809011,4.578276664791864e-13
2909.9394281344644,79.1421289789793,-2.455598989210544e-12
2910.7199750748678,79.18397429894185,3.206930702883632e-13
2910.7579683032973,79.18601141201161,-2.4531667957171846e-12
2910.7804697761535,79.18721790387005,-1.9884570475095968e-12
2911.1985179822873,79.20963465539141,-1.7022695722327647e-13
2911.2510214189506,79.21245024364643,2.546834767094797e-12
2913.0192145069245,79.30730232952628,-1.7729145606648581e-13
2913.0602324704096,79.3095033606144,-9.146419262405345e-12
2913.43423797791,79.32957399113972,1.767354400667854e-12
2913.9401599919424,79.35672788891915,-1.750026974181159e-13
2914.8493195189567,79.40553624092063,-2.298757684497424e-12
2917.134450619919,79.52828104242072,-1.286026910326767e-12
2917.780682282898,79.56301053650184,1.235047118811292e-12
2917.8784553522296,79.56826568322126,3.589828260324594e-13
2919.9882194144743,79.68170503669057,1.2868164542588003e-12
2921.081820184252,79.74053883686815,1.0358188701207915e-11
2924.7060801646876,79.93567514206366,5.1252457425710624e-12
2925.089193674719,79.95631676376239,-2.0626315808836e-11
2925.651223529216,79.98660304113778,1.4495853992680656e-11
2926.1687199115195,80.01449467482699,1.193071631229099e-13
2927.459630822329,80.08409272887246,4.220654415014175e-12
2928.51434571134,80.1409793180425,7.172508548535519e-12
2928.6918448326933,80.15055483876151,-1.3820931468465114e-11
2929.182241292739,80.17701320592879,-3.972870750095191e-13
2929.8941457748356,80.21543048189896,-9.60886267039625e-13
2930.7156217815805,80.25977228691424,1.205869705873507e-12
2931.103054556124,80.28068952872391,1.618346385999909e-12
2931.845240186429,80.32076736675225,-1.410319434625438e-11
2931.870609903139,80.32213750444623,-2.994649902231039e-12
2931.984589588211,80.32829333093534,-1.3518156519866446e-11
2932.0272150636083,80.33059551345272,1.6201845697911594e-12
2932.084896618808,80.33371092127452,3.4182690536741646e-12
2933.788923002418,80.42577383404979,-9.429844140077977e-12
2934.3390442051523,80.45550648550757,-1.586096852655124e-12
2934.444195071858,80.46119025695606,6.354502781460689e-13
2934.628268234646,80.47114054438516,2.7483287207362575e-12
2934.9084518567033,80.48628739175774,-1.907422020036009e-11
2935.2182017667574,80.5030342884256,-3.7070668137831407e-13
2935.987174336565,80.54461709524504,9.614766141083777e-13
2936.1207534527584,80.55184160322172,-4.315400648454476e-12
2937.2728733298673,80.61416662760467,7.915424544278958e-12
2937.554909850674,80.62942738782475,2.5510491347873957e-12
2939.7440869789184,80.74793175825404,6.2728117213051635e-12
2940.749691245558,80.80239664214953,1.2383443686854422e-12
2941.0168494778322,80.81686942425611,1.0818811824789704e-12
2941.166724105487,80.82498916889597,-1.4514116273483497e-13
2942.5602306196356,80.90050485864593,1.3579656156913632e-12
2944.331727622285,80.99655591978991,3.8547674630762905e-13
2944.704561292496,81.01677842875647,-1.3604210350673743e-11
2944.719194194105,81.01757216997989,-9.719465596796051e-12
2944.9512274418657,81.03015901520236,-4.612193321272242e-12
2946.9679057749026,81.13959725262957,4.436660942462865e-13
2947.8566959098453,81.18785263851645,6.148573064303279e-13
2947.9797497999184,81.1945347921252,-2.9608558892132878e-12
2947.985363594286,81.19483964274728,-8.706481495570834e-13
2948.7317457947775,81.23537623600535,-2.4126164837906554e-11
2949.1324831429038,81.25714482454788,7.227448556012635e-12
2949.319335653672,81.26729591398525,7.348483639780398e-12
2949.3198264273396,81.26732257696989,-2.722560847792963e-13
2950.254880239564,81.31813068114656,-6.313330132307063e-13
2950.416363033646,81.3269068173309,-1.3826155951715021e-11
2951.8875524108935,81.40688394974697,-1.5279323508164225e-12
2952.2210645251675,81.4250199549673,1.598217333563141e-12
2954.898941701871,81.57071410954555,3.6223565197741336e-13
2955.226594634859,81.58854965705535,1.1530434400439619e-11
2956.3650418555894,81.65053557075301,5.7818121575160425e-12
2959.2805660731574,81.8093882271983,3.828445600889109e-14
2959.468345033168,81.81962475159733,1.339134098976587e-12
2959.9333379774916,81.84497602942297,3.5309135930547855e-13
2960.1404371840363,81.85626829890931,-1.0426303785148734e-12
2960.467654441136,81.87411172286086,2.254604726444623e-11
2961.0696869121116,81.90694619721997,1.081762864429862e-12
2961.142280553331,81.91090586006356,-6.506948752056633e-12
2963.673553222481,82.04903632236241,7.773682659826255e-12
2964.1231771045536,82.0735844489363,1.1302772934695188e-11
2965.169029374103,82.13069927741665,5.358557213945884e-14
2965.269124815322,82.13616662594077,-1.608981226513565e-12
2965.9738079888252,82.17466259829935,-5.669014213674885e-13
2967.1729952963137,82.2401937495015,-4.18840145293952e-13
2967.6745304477504,82.26760864678072,4.416395404782009e-12
2968.657980019268,82.32137938444444,8.090897833868219e-13
2969.1638682330886,82.3490460872368,-2.3295813272859494e-12
2970.0831511036354,82.39933314614575,2.37404403431995e-12
2970.173212092516,82.40426054342632,-1.5550592874598402e-11
2971.644401467246,82.4847730924354,1.1879212248614218e-11
2972.8656883688896,82.55163972428933,2.3013358911477646e-13
2973.4552200210387,82.58392698130413,2.301658294355977e-12
2974.209872669037,82.62526686839583,-4.4576909591821425e-12
2974.3544677844093,82.63318898928797,1.7270661242965987e-11
2974.399838810119,82.63567487014376,7.612824688608832e-12
2974.5689447881905,82.64494052952088,4.053578843495501e-12
2974.6700217766593,82.6504789941662,5.827979213031075e-12
2975.022363363132,82.66978685223356,-1.6980692786668575e-13
2977.3264804160167,82.79610582746497,-4.778188351593901e-12
2977.96110390906,82.83091506927049,-6.246240672958826e-12
2979.578216725518,82.91964760989804,-4.4832715057538287e-13
2979.7560839263306,82.92941029540228,-2.3647180840265747e-12
2981.0369052808915,82.99972858189983,1.6295594262431105e-12
2981.6948002046943,83.0358593741111,7.166000684854818e-14
2981.870970997826,83.04553581399773,2.120793881564329e-12
2982.3345805159333,83.0710029804191,1.0493639000022387e-11
2983.123275207099,83.11433694055198,-2.0272311315069164e-12
2983.5735801509954,83.13908358785842,-7.376083735014752e-13
2984.2645017733166,83.17706066139843,-4.342837472218768e-12
2984.993382826034,83.21713373763741,3.7663268424245904e-14
2985.5372642673306,83.24704211500766,-1.0944937728777684e-12
2986.76197778057,83.31440981956416,-3.181127101390528e-12
2986.8530541143987,83.31942075089745,1.7883215297682723e-11
2988.8313711317423,83.42830353602456,-8.536710557024773e-12
2988.853035050714,83.42949627575308,-4.98128922443118e-13
2989.277479504141,83.45286644916766,-2.6998611520907798e-11
2989.871085033333,83.48555630175078,2.413379184932535e-12
2990.86042758192,83.540053813496,-2.1021803643410926e-11
2991.3751446130827,83.56841391164824,1.2875967735260858e-11
2991.9951352038224,83.60258089676067,-2.0307071981889607e-12
2992.245507149803,83.6163806205635,8.565692985713475e-12
2992.7966098970887,83.64675975997943,-2.359267552486571e-11
2993.2571608819812,83.67215159040444,-1.4657224004945084e-11
2994.026323736845,83.71456701357745,-1.1204780392224653e-11
2994.355795769801,83.73273905594266,1.9277158991154174e-12
2995.1756642599926,83.77796761232283,3.7259349190458284e-12
2995.230845651245,83.78101217290704,-4.8200488221174145e-12
2995.41862461068,83.79137304987638,-5.634468073866578e-13
2996.202877342869,83.83465193762608,1.5633982776241134e-11
2996.2534602848473,83.83744373981433,-4.397799792806764e-14
2996.4631485500545,83.84901747516625,-7.24028728671688e-13
2996.771481235396,83.86603735641536,-8.124911067527411e-12
2996.8077780558956,83.86804104635009,5.863346971458455e-12
2996.8838872055994,83.87224257130826,9.818493859646484e-12
2997.4018743583765,83.90084033751481,6.123100765376113e-14
2997.434901057,83.90266388974241,-1.840620679118848e-11
2998.7751679676594,83.97668299226157,-9.810555642446002e-13
3000.6988494633915,84.08298024108575,1.3290732490505249e-12
3001.7431956109635,84.14071643150037,2.0205587804674346e-11
3002.4934951947266,84.1822087964983,-6.697995030199637e-14
3004.196595118616,84.27643051804363,-7.298458276689086e-12
3004.4837546584818,84.2923224987741,-3.836753712700415e-13
3004.842826776721,84.31219640198681,-6.6151332042078425e-12
3005.1069602724892,84.32681716382277,6.263902913589789e-12
3005.8195458125047,84.36626780838597,3.5192737851450984e-12
3006.746697251351,84.41761139828364,2.046715806498563e-13
3006.8281748084996,84.4221242015609,1.4448274546454947e-12
3007.758350982307,84.47365260281597,3.183724640799142e-14
3008.7575714905206,84.52902356743316,-1.242048445889355e-11
3008.8664619519095,84.53505875217321,1.967046942834019e-11
3009.4589845395703,84.56790276853107,7.108983309515894e-13
3009.8383033535265,84.58893211892102,7.933109947492567e-12
3010.9141575825943,84.648591656559,2.0515969654771625e-12
3012.462907122708,84.73451218143433,1.1263780331382796e-11
3012.7859616048354,84.75243995840671,-1.0921351684337761e-12
3012.8553402217944,84.75629034727632,1.8390723929606053e-13
3013.021700648859,84.76552341396014,8.507573584784257e-12
3013.7903940289793,84.80819280768677,3.5250532190595536e-13
3014.5671462690902,84.85132059695175,-2.890244064114639e-12
3014.600942925908,84.85319734863336,-4.281222110943987e-12
3015.7255947931367,84.91566204282816,3.393219278997846e-13
3015.756578304001,84.91738323894025,-9.932569234032058e-13
3017.5726763629386,85.01830202105613,1.3303288120004756e-11
3017.6416531018776,85.02213618815328,-1.937272920474977e-12
3017.7777661785135,85.02970247821844,3.0563686920206364e-12
3017.918042028675,85.03750052674164,1.1748513211650323e-11
3018.355566968552,85.06182522215373,2.976975815452514e-12
3020.574991432107,85.18527095562271,1.3409182907118564e-12
3020.659684013105,85.18998340561598,1.5137206951142492e-11
3021.145604713453,85.21702347524244,-8.92753272759658e-13
3021.645041576988,85.2448202125545,2.577998623849796e-12
3022.519389093711,85.29349409979767,5.852418199733347e-12
3024.0820566735506,85.38052102223152,4.1961325870232714e-12
3025.463709624606,85.45750448031205,-1.7624513171208112e-13
3026.348793956057,85.50683841981156,-6.064117647874168e-12
3027.00409981809,85.54337397622812,-7.572705724317762e-12
3027.1271537073417,85.55023553609433,-2.652628720610579e-12
3027.7981629138376,85.5876563259169,1.0348577929056209e-12
3027.861838840709,85.59120783098541,2.6013744264533188e-12
3029.291731060717,85.67097929597887,3.654394425378928e-12
3029.8155222953505,85.70021022016746,5.9245548004687406e-12
3030.3487558153083,85.7299732760127,1.7636454462307113e-12
3030.453415907495,85.73581561700895,4.1329673332123526e-13
3030.7919959423075,85.75471723117231,1.3759293661134464e-11
3033.0938244099975,85.88327539239913,-1.7757158441779966e-12
3033.352153821924,85.8977092983071,3.572797731738295e-12
3033.6000256034285,85.91156004988405,4.333301735020482e-13
3035.1533735899384,85.99838487742456,-5.594090986564085e-12
3035.734076420778,86.03085484123787,1.171995336206803e-12
3035.8955592137027,86.03988524574008,8.504973758802932e-12
3036.7247472930294,86.08626248126347,9.633013703325527e-13
3036.9350828223646,86.09802875054481,1.1203022944424056e-13
3037.230669301735,86.11456537575738,1.3495003409119367e-12
3037.737763146653,86.14293855781273,9.667896633920715e-12
3037.7775754757236,86.14516635877281,1.4828083782444285e-11
3038.0037157427682,86.15782117121877,5.436890764296469e-13
3038.6783418506047,86.19557885441205,-5.860732676332972e-14
3039.681445945248,86.25173639585843,-6.969442336265821e-12
3039.7339493813342,86.25467624622219,-9.25876150673651e-12
3040.532644723267,86.29940424354915,5.123621711955105e-14
3042.125682344556,86.38865155343899,-1.9723320529698797e-11
3045.3366703270754,86.56868394411366,-2.9503790654681394e-12
3045.8791683403647,86.59911926050556,3.092848309694252e-12
3045.8796591140267,86.59914679642795,5.091949519174647e-14
3046.2636101738617,86.62069056419271,-4.489887943737728e-12
3047.4004498740032,86.68449537416801,-1.9700958169903535e-12
3047.7376677832212,86.70342621320076,-1.8220289553401364e-11
3047.9033471472503,86.71272793789481,1.3026236678348467e-12
3048.3212726550905,86.73619374624654,1.480121628755051e-11
3049.1937672711406,86.78519320873389,2.7490583702215435e-12
3049.2305548651475,86.7872595150527,1.969174064343893e-12
3049.5723712235654,86.80646004090575,5.4159032592447864e-12
3050.0194060431513,86.8315741514765,-3.1948866219232836e-13
3050.651529368785,86.86709269072561,1.2957257673826115e-11
3050.7483208896915,86.8725319840694,-6.818447383237668e-12
3051.527171413117,86.91630652562414,1.2851648477127034e-11
3053.1890079804134,87.00974580245239,-1.8632301687106822e-11
3054.1187484750008,87.06204406154329,2.1566984309801726e-13
3055.130190613001,87.11895615290996,4.314678905206761e-12
3056.3321234621335,87.18661132807433,1.3172975461053246e-11
3056.6318727145594,87.2034879540902,1.2973507807783212e-13
3057.9721396187924,87.27896854831101,9.872918011976046e-13
3060.5101428003645,87.42199341412206,-5.890011396212447e-12
3060.937387899698,87.44608175571793,-4.1361100218276144e-14
3061.5442979995128,87.4803055013646,-1.3792843084082303e-11
3062.0845074375743,87.5107736948483,-9.636860311387618e-13
3063.214036934348,87.57449732635374,8.433005233585162e-13
3063.255300284144,87.57682568794074,-1.2930682577923196e-11
3063.6832602436975,87.60097597755123,3.155787775259173e-12
3063.942917982386,87.61563041709181,2.1694371186598755e-12
3064.2343629877955,87.63208033055125,-8.259887314573259e-13
3065.4365750206457,87.6999528407134,-5.094398872037897e-13
3066.032959894368,87.73363243680944,7.147338300679562e-13
3066.2187294627734,87.74412472531094,-1.662607421459026e-13
3066.5151747953655,87.76086931146347,-7.894282051450429e-12
3067.55452061017,87.8195890965982,9.037817226793456e-12
3067.9912755900777,87.84427032366973,2.0487849988925956e-11
3068.22701463306,87.85759350678667,-2.2804140906067238e-11
3069.0752775698097,87.90554296304765,-1.6505255672705977e-12
3069.331352204214,87.92002060712598,8.847756169237353e-12
3069.6994985256547,87.94083654395304,2.952177702495302e-12
3071.0084689354694,88.01486930614236,-2.611274197059696e-12
3071.351736314108,88.03428904988002,9.363735540938541e-14
3071.567072170105,88.04647240228317,-2.545192253021638e-12
3072.0564194814992,88.07416205309048,-4.519651919839622e-13
3074.297262467565,88.20101619572398,2.0674887447508414e-13
3075.7653044013855,88.28417221192954,-1.5380093722608456e-12
3076.075489983558,88.30174749688251,-4.570510430408523e-12
3076.3396234778206,88.31671484249512,-2.2352474729455055e-12
3077.278594666954,88.36993283587549,2.2782352242321363e-11
3079.067279812916,88.47135493427126,-2.054685271951681e-11
3079.2222774595093,88.4801463919406,7.186757649094302e-12
3080.1497080775,88.53275944971602,1.6133483012107687e-14
3080.246990371846,88.5382791839045,1.461964076127999e-11
3082.693726926998,88.67716275685864,-5.5992941522876585e-12
3083.9776068036845,88.75008346445614,6.050596443263072e-12
3084.8479693339405,88.79953483776048,-2.1019145381672027e-11
3085.412867424851,88.83163811065337,9.316387858900666e-14
3085.833606077403,88.85555259295997,-2.8997975406346284e-12
3087.11350097162,88.92832094543783,-5.455988474633809e-12
3087.184520897877,88.93235966302208,2.8981909727975896e-12
3087.2296127385976,88.93492396637161,9.883017856589656e-14
3087.763493520971,88.96528778896752,1.5674404592762913e-12
3089.2358885156796,89.04905567782089,1.0349136532868858e-11
3089.3326800362966,89.05456376573733,2.569743396526731e-12
3089.3978620815888,89.05827315934768,-7.476050924444458e-13
3089.4162558785342,89.05931993159079,-2.94410413122075e-12
3090.642944973777,89.12914362537956,2.4863285663605742e-12
3091.0509036235203,89.15237095688558,1.9743629027092598e-12
3092.841687053217,89.25436638021104,-1.497373925523433e-11
3093.752052200688,89.30623956355979,5.84927237934087e-12
3094.1926018729705,89.33134784471967,9.91486559876631e-12
3094.6059289300747,89.35490787589978,-4.810586292714845e-12
3094.7238935957776,89.36163255009082,5.851995314248849e-12
3094.753180698817,89.36330212555526,2.0749406084633868e-13
3095.765024711631,89.42099421277601,1.9081439623058652e-12
3096.0889718432863,89.43946862058355,-8.930872346595395e-12
3096.533506497648,89.46482317062006,-7.344223713595197e-14
3097.0908152015477,89.4966150619473,1.070456377385783e-12
3097.6798222764,89.53022141786111,-5.398161751654721e-12
3098.841629810383,89.5965281807375,8.830617060507725e-12
3099.269589768766,89.6209590084833,-6.543831027334075e-13
3100.796429992488,89.70814878945605,5.808167610623314e-12
3101.805058980918,89.7657698178241,7.401838514776493e-13
3102.9856070915307,89.83323605746388,-1.5795228210428844e-12
3103.0518720773107,89.83702374533414,-1.4736327896275143e-11
3105.901131274554,89.99996310733131,2.1153269778625602e-13
3106.2091847726488,90.01758858859483,1.9543456468509436e-12
3106.3744622579406,90.02704576795246,8.941724311488404e-13
3106.7009095529465,90.04572656389448,-5.3668368628810726e-12
3106.773503193314,90.04988096829744,2.2011989296644114e-11
3107.1868302500266,90.07353678749088,6.298071323112576e-12
3107.552476406794,90.09446632389972,1.9608842655046266e-12
3109.41517241205,90.20112502012365,-3.439570431402515e-14
3111.171702206791,90.30176315062126,2.5179938645942255e-12
3112.6063493579322,90.38400159318107,-6.086535043642191e-13
3112.7474289630322,90.39209076298866,1.5787886744390653e-11
3113.1078845035254,90.41276009345967,-3.3658560682581154e-12
3115.784433318117,90.56631428347768,-1.2871603150955962e-11
3117.03427114822,90.63806295107184,4.256397694571003e-12
3117.4133996700803,90.6598330359202,-1.9898755260349385e-12
3118.0109901754136,90.69415288632003,-3.4646176051766813e-12
3118.066171566132,90.69732230637717,-5.084903354829827e-13
3118.159781860368,90.70269907233435,-6.526916584578055e-12
3118.5546262241533,90.72537982592604,1.492601224508738e-12
3120.584207224959,90.84200887064483,1.4557603772105588e-11
3121.177812748001,90.87613451177512,-1.3012897628103002e-12
3121.1920988693364,90.87695588305836,8.460013903235108e-13
3121.4729297519734,90.89310283590301,-1.1462937986046196e-13
3122.0435430288503,90.92591590208018,5.244398564445859e-13
3122.1671552863463,90.93302500443227,1.1334918509030409e-11
3122.4542810258154,90.94953906686978,-4.0005473551969795e-12
3122.6914372908795,90.96318027572738,6.029007563977362e-13
3122.7962200757347,90.96920770289294,6.651277746051341e-12
3122.8387228570577,90.97165265089264,-7.007985908445483e-12
3123.5522348399086,91.01270198477647,-4.618605816968541e-12
3123.810564250032,91.02756634630042,-8.053705856798333e-12
3125.3330514085665,91.11519574343191,6.041596275875222e-12
3126.758222475179,91.19726263546619,-1.416235185074619e-12
3126.885071056727,91.20456888331734,-1.5112958733791723e-11
3127.2366426807152,91.22482031932806,-7.229751206380725e-12
3127.5096049921644,91.24054522548676,-8.429812770614543e-12
3127.5375637677485,91.24215596167932,2.182275154223747e-12
3128.005615238588,91.26912306633146,2.083674434155593e-11
3128.215984564195,91.28124495296498,1.518169583439097e-11
3128.491535934899,91.29712398809168,1.171798367568713e-11
3129.536652030278,91.35736298496695,1.0717572676417382e-12
3129.960906190109,91.38182212951688,1.116055170594314e-12
3130.0818955905124,91.38879803049328,5.289831564832587e-13
3131.3220670473743,91.46031829886338,-1.539521447549207e-11
3131.478672205318,91.46935168003502,1.1633624576305218e-12
3133.04992320339,91.56001041246789,-1.0894809901824988e-11
3133.3257537585705,91.57593009787924,2.4048530287837335e-11
3133.953646711221,91.61217445033428,2.195025064189021e-12
3134.286388862409,91.63138452792457,3.796372257563782e-13
3134.965490721084,91.670597189207,3.301584913837454e-12
3135.5095286471337,91.70201712537506,-3.8338932709263716e-13
3135.621287351302,91.70847222423419,1.0155376825103173e-12
3136.241277935044,91.74428659347014,1.3034757053468956e-12
3136.4136878305385,91.75424727989083,-3.377482484361358e-12
3137.102566256877,91.7940515158165,-1.0104225846131313e-11
3137.4434899613652,91.8137537370015,1.0842691090857578e-12
3137.7578383155883,91.83192204714274,5.6542898774492495e-12
3138.222095092837,91.8587579047405,2.8590186738369396e-11
3140.1731894716704,91.97158219570662,-1.060627106945542e-11
3141.792925124535,92.06529855554898,6.672804132092908e-14
3142.602792950897,92.11217485826313,1.147231337537439e-11
3144.0224391171027,92.19437515120691,3.38318245776344e-13
3144.0980574922773,92.19875464461212,-3.951491258796771e-12
3144.2085216667388,92.2051524472458,-1.2335638062822094e-12
3144.270924363588,92.20876675129861,-3.858255996162102e-12
3144.3284281264646,92.21209737732366,-4.587262716214009e-12
3146.318810261774,92.32741813229113,5.003885926028563e-12
3146.454085783342,92.33525850946462,1.8189961020749127e-12
3147.1386787422816,92.37494171496282,1.8354977652722002e-11
3148.506625228347,92.45426214135497,7.082458593726632e-12
3148.770792518929,92.46958386228681,-2.6314785462835005e-12
3148.8794037945695,92.47588369661453,-7.173098387606073e-12
3149.3328223633107,92.50218590852107,1.8688935892157518e-13
3149.887106330034,92.5343443333211,-1.6646850817753146e-13
3150.729598976164,92.58323487613474,-1.9771233700996232e-12
3153.2929718563228,92.73206992854581,1.3505156987165361e-12
3153.627321519,92.75149192684874,-1.2794266398743165e-11
3153.8261164756,92.76304067991572,-3.1556078304629723e-12
3155.4870265807126,92.85955769675365,2.752963859628267e-11
3155.566126666743,92.86415554331325,1.696564740172377e-13
3157.720369062066,92.98941939067613,5.5346900230792367e-14
3158.2886937629232,93.02248031233934,-1.4016036647626906e-13
3158.64921689771,93.04345596229764,-8.718948754470541e-13
3159.168566169144,93.07367650802789,-1.4026535398812433e-12
3160.2430920585166,93.13621814017215,1.3282097836262087e-12
3160.676420422418,93.16144557293795,1.5779327545032587e-11
3161.554685316534,93.212586850242,2.811475366401479e-12
3161.7892187239104,93.22624611098443,-4.045146235537308e-12
3162.377142855416,93.26049135397565,-5.488012937635925e-12
3164.658881095713,93.39345772260475,-1.303976544944205e-12
3164.9067528747587,93.40790801621571,-2.3365029821416284e-13
3164.9610078158985,93.41107109212008,-2.0807037671161743e-12
3165.4494286745135,93.43954858496988,-1.0323464791294097e-11
3165.62890338471,93.45001400413801,-2.994977097066197e-14
3165.8911839784437,93.46530901631932,-1.6547696164395985e-12
3165.949055821474,93.46868400982922,-1.4964841133228026e-12
3166.9208972114207,93.52536946538036,-1.3488709749356206e-11
3167.052378039556,93.5330398004762,5.737689925532098e-12
3167.161268499627,93.53939249862825,2.1305958170830036e-13
3167.576291962146,93.5636070795271,-1.6553834272377654e-12
3167.5918175151432,93.56451298086667,4.546088447993969e-12
3167.9148719934483,93.58336391168584,-9.01355068109173e-12
3168.482672122492,93.6165009419097,1.2628260512465623e-13
3169.28745072444,93.66347829936153,8.497214863452737e-13
3170.919687191925,93.75879350812554,-2.3100985539494796e-12
3171.0406765919715,93.76586069420786,4.9922940788093936e-12
3172.029092677365,93.82360577227786,-2.5562469115094132e-12
3172.53800561818,93.85334441676665,1.7531937818763485e-12
3173.7132404132026,93.92203822332488,1.5529818888063177e-12
3174.7492823001853,93.98261714721676,1.3447561859924618e-13
3175.223874013097,94.01037384008553,7.489607463116963e-12
3175.483040975981,94.02553307873035,-4.230321369576223e-12
3177.186297368543,94.12519103075358,4.248345084929547e-12
3177.5703373202837,94.1476686861971,2.4209321033092458e-12
3177.6071249139377,94.14982198720205,6.056476093161395e-13
3178.1565312457683,94.18198354523989,9.398220143450637e-12
3179.193744968648,94.24271589365699,-1.3404516958306402e-11
3179.231247422604,94.24491215955901,2.478759374583147e-11
3180.87098437974,94.34096582927127,3.408972852325962e-12
3181.890942344074,94.40073863295862,-7.637057177058637e-12
3183.0697264447263,94.46984302871115,-2.104137889834666e-11
3183.1711164138856,94.47578805439869,-1.5617455470977368e-11
3183.555647139124,94.49833682866866,6.189964918974072e-13
3184.495735059169,94.55347479084028,1.004646903097199e-11
3185.1147991913613,94.58979298121201,5.311579923883668e-12
3185.1846134831485,94.59388916903387,2.272454616670257e-12
3185.3723924398614,94.60490709901546,-1.1213986026813387e-12
3186.331733010504,94.66120654122702,-3.7137295495795446e-12
3189.086802227527,94.82298358499784,1.1420858095002209e-11
3190.8266008252663,94.92521619309993,-1.905086967725079e-11
3191.696963348752,94.97638064069942,-3.065709188512539e-12
3191.816869808076,94.98343046125825,3.1758713613049513e-12
3191.8745513620975,94.9868219042253,6.9839598338426185e-12
3193.213646416747,95.06557252515582,2.987611601891051e-12
3193.687434373072,95.09344335415697,2.71342614558569e-13
3194.331656631976,95.13134670554835,-7.1842969441283015e-12
3194.437522356843,95.13757613473362,2.907814304792641e-12
3194.5119350977848,95.1419549077614,-1.3062774097844067e-12
3195.645750050454,95.20868618467362,7.465881651911355e-13
3195.650627684229,95.20897331153688,1.5850370799742742e-12
3198.364890526003,95.36881912541641,-1.3843421092598142e-13
3198.5673574817893,95.38074805799644,1.3187948434668052e-11
3199.533741566426,95.43769580503591,1.2295899362163967e-11
3200.748543301005,95.50930688319083,2.758876061245521e-11
3200.9717815237354,95.52246946044914,-1.4290375674937717e-11
3202.5910263960027,95.61797089252374,-3.84992907062199e-12
3203.440215773823,95.66807453336207,1.101038780467839e-12
3204.4173366729933,95.72574279113927,1.0675908248541897e-13
3204.5584162771697,95.73407055766708,1.6615483760523235e-11
3205.6268588954094,95.79715139727428,3.1591014208625584e-13
3207.363387369349,95.89972088069881,1.2592540394561581e-11
3207.5579519562466,95.91121645867527,-2.285306245277808e-13
3207.615421921123,95.91461212501537,-8.565444708774788e-12
3207.6463503336186,95.91643958422223,1.205235744719198e-12
3208.9621063607724,95.99419964429742,5.250635964795579e-13
3209.636732460091,96.03408183924265,2.0001307944283933e-12
3210.0198459615826,96.05673427635723,-2.6949145068796333e-12
3210.6544694433865,96.09426374872552,-1.720420185921763e-11
3210.8974297901254,96.10863356037223,-3.1539361807721615e-14
3211.44131122211,96.14080519447495,1.3645904045417937e-11
3211.5181014331442,96.14534792231804,2.571849211761801e-12
3211.553717190496,96.14745490342767,-5.335767946299544e-12
3212.0421380475336,96.1763515928733,-4.4015693235609766e-12
3212.2515809225038,96.18874431350154,-3.105863276754855e-13
3212.2742050882407,96.19008303220251,2.8046143378612083e-13
3213.4449979220003,96.25937413589479,-1.3441975335611328e-12
3213.817061626227,96.28139929190812,-1.0953361396706524e-13
3214.0753910347034,96.2966931878634,-3.307195767276882e-13
3214.764705133016,96.33750872016917,-6.743076006030755e-12
3215.5101608687683,96.38165835117825,-1.9222883028419046e-11
3216.1546961090294,96.41983921533017,1.1333426755736965e-11
3216.1689822302696,96.42068558073204,4.3340381188807767e-13
3217.8156062069434,96.5182631805435,-9.341954240190726e-12
3219.8166024534776,96.63690781843663,2.2426867339002537e-11
3220.079564108786,96.65250503025062,-8.785243263147687e-12
3221.3397368665305,96.72726813650722,-3.9776596307279336e-13
3223.3059211112386,96.84397568204095,-1.6844219720506214e-12
3225.0587788920125,96.94808076933687,-3.1538992907243053e-12
3226.4555554975245,97.03107813327215,1.9199899961452327e-12
3227.4815629286613,97.09206704949851,-2.1203257553718786e-12
3228.2172633962487,97.13581119862347,1.7500019822950038e-11
3228.3594259407437,97.1442652168911,2.7200031766141585e-12
3228.743186706566,97.16708828047472,1.8786746755592166e-11
3228.7773514430905,97.16912026104991,-1.5682318435167867e-12
3229.6088280852055,97.21857976355615,-2.0468067913961527e-11
3230.094748778061,97.24749013445432,-2.9105092451194254e-12
3230.456409949531,97.26901037565257,7.531389190770186e-12
3231.468533137154,97.3292484338744,5.742137181312587e-12
3232.526886203433,97.39225811654403,-1.5152832984350677e-12
3232.6053728219727,97.39693168612014,-5.477496877413486e-12
3232.617873639913,97.39767607115945,4.211585855552043e-12
3233.0477753886803,97.42327714218648,1.167028479490858e-12
3233.220642258924,97.43357249365964,4.964556031571817e-13
3233.662397560799,97.45988440862506,1.8897582510842044e-12
3234.3585986819003,97.50135897168336,7.945752459348958e-12
3234.384057293688,97.50287577850355,8.660493958504917e-12
3234.812017247961,97.52837512948875,-3.4693560380505e-13
3236.390244154081,97.62244057079143,-1.066424562852e-12
3236.8182041082973,97.64795573717356,-1.7180107680643445e-12
3240.957637997793,97.89492479588101,-2.778284734892519e-12
3243.6701155279998,98.05692922196639,-1.145288080139976e-12
3243.7481664707516,98.06159286964356,5.052551992813206e-13
3244.0541554780066,98.07987720227483,-8.512743072830786e-12
3244.114616379983,98.0834902395338,-1.9598712193220963e-11
3244.788125739426,98.1237425283511,-2.8089640491644338e-12
3245.5171970668725,98.16732489666943,-1.5473534606455354e-11
3247.2384115723457,98.27025436595589,-5.641098180686536e-13
3247.530694127645,98.2877384260984,-4.78079745151892e-12
3248.574202702447,98.3501729395,1.7729405919007802e-11
3249.023826574871,98.37708072036403,5.156311051216491e-12
3249.5935471950406,98.41118105066712,1.3168990696875669e-12
3250.4227352615103,98.46082235312764,1.8210222110582573e-13
3250.893934156759,98.48903743169706,7.701272703718751e-13
3252.6910462208084,98.59668486001885,-1.6996936592734067e-13
3252.6972521819353,98.5970567016017,-4.141467379632144e-13
3254.024459880261,98.6765950932411,-3.4672620549695192e-12
3254.1454492796256,98.68384749548045,3.778665976233136e-12
3254.7147342238745,98.71797545483606,2.3479510613126575e-12
3254.977014816018,98.7337008750544,-2.284533423220176e-11
3255.3083397413875,98.75356776168655,-2.0988100966903417e-13
3256.083327964667,98.80004545891649,1.235166123480501e-13
3256.297682270524,98.81290269721072,1.8281739219924445e-12
3256.3574621098946,98.81648851738231,-5.152869574680723e-12
3257.2229469957997,98.86841093990542,-1.832890073399274e-13
3257.682761811209,98.89600189756875,-7.449205787039045e-13
3257.994208121262,98.91469228977354,-3.546960838109616e-12
3258.6639227868836,98.95488899226888,-7.01687317065343e-12
3258.844290147587,98.96571616879277,-7.964685183538475e-13
3259.463578363335,99.00289565338484,9.744301902871992e-13
3259.937890888959,99.03137617897558,-1.0659360475425734e-12
3259.961597995166,99.03279980240237,-4.229237159016132e-12
3260.9213404389902,99.09044150302722,4.627720483585377e-12
3260.9702269723693,99.09337806043786,-1.3532768019716848e-12
3261.280412550475,99.11201157451154,3.3570288562304527e-13
3261.6401319267643,99.13362290974715,-1.3596180024917488e-12
3262.009293588234,99.15580399987027,2.5409559017087403e-13
3262.10287008379,99.16142694539072,-8.195966327635732e-12
3263.1347153934007,99.22344049681475,-1.1300710611891254e-12
3263.370175248546,99.23759430221813,1.8261537369712668e-12
3263.881465656394,99.26833216597342,-1.4864291743755806e-11
3264.033963137384,99.27750097378001,-1.0994531611053577e-11
3264.2124225013304,99.28823126620796,8.531801814456517e-14
3264.2510291957956,99.29055266244306,-9.747297261871982e-14
3264.6324800860352,99.31349054013354,-1.2966822721467986e-11
3264.857939286826,99.32704939250553,2.067375307504569e-11
3265.9666299049354,99.39373837180499,-7.515886894231423e-12
3266.3157013619725,99.41474009672824,4.480530870350803e-12
3267.180450086838,99.46677697678362,-1.757189095577032e-12
3269.9740032900086,99.63497518812466,-1.70675237938103e-11
3270.544214683059,99.66932494995447,-5.447432609667548e-13
3270.840660011364,99.68718530109913,2.2555157348116138e-12
3271.7837050654125,99.74401300492761,-1.4007531061228418e-12
3272.2044437124687,99.76937191538856,-9.679237696953436e-12
3274.303716289741,99.89594874866495,-1.7106509060686351e-12
3274.801735921096,99.92598903901101,-1.819089425173266e-11
3274.880713313075,99.93075333475672,-2.2647070432807743e-11
3274.9768237698777,99.93655133428112,-7.619149252030218e-12
3275.1799717871936,99.94880708627959,-5.824874151645341e-13
3275.5152478964947,99.96903567953132,6.651297793569722e-13
3277.4308153955403,100.08464949481011,1.4347636837422083e-12
3277.731892970635,100.10282713762919,-3.8297273133618793e-13
3278.1452200224576,100.12778459366089,6.082284500505556e-12
3278.458954906599,100.14673059032351,-7.398644861721515e-13
3278.673732390311,100.15970173794459,6.842268884266931e-12
3279.286446563912,100.19671031455779,-4.22935373465202e-12
3282.535918493153,100.39309740643587,7.700628391763868e-12
3283.009930533323,100.42176134680265,-1.1569251050004926e-12
3283.281374225594,100.43817765813576,9.244274724752053e-13
3284.0490522456425,100.48461246611863,6.945994483736226e-12
3286.2894044247478,100.62018749819686,-2.622210809088484e-13
3286.6652628204024,100.64294164589053,-2.0706769253512306e-13
3286.793752710251,100.65072091143522,-1.4843797317284752e-11
3287.4241458199267,100.68889170878522,-3.3104720708647285e-13
3287.956643169574,100.72114054443901,-5.089573168403004e-13
3288.09373779087,100.72944404516645,7.136949003650937e-12
3289.846963644491,100.835663361155,-1.8166812212177324e-12
3289.9287203845442,100.84061798095904,-2.1524657143967174e-12
3290.0376108437204,100.84721714889719,-1.0220698476973162e-11
3290.665503789688,100.88527406407674,2.133228477947823e-12
3290.750196369044,100.89040788082721,8.381313757770792e-12
3291.8874379274807,100.9593569409124,-2.938374714503978e-12
3293.299092814988,101.04497636403313,-2.262291789053979e-13
3294.2046354140193,101.09991848736888,1.9754782177600218e-13
3294.7568548874924,101.1334307975319,-3.831011267562234e-13
3295.640331689971,101.18705766387332,-7.313846907547325e-12
3296.170451569178,101.21924273719837,-1.0288748322438189e-13
3296.507669472469,101.2397188812498,-9.197759414849244e-13
3296.815722966534,101.25842596957973,3.446949656842411e-13
3297.506242695086,101.30036534116701,-1.4861106849601627e-11
3297.6440183788554,101.30873432925826,-1.0293394040637547e-11
3297.68821756728,101.31141922021926,-8.450083531652147e-13
3298.3929007235447,101.35423023859596,1.7438464943984217e-11
3298.467994526535,101.35879288807058,-1.1488023031271742e-13
3299.037279469172,101.3933856408497,-3.7684643156366274e-14
3299.876032511595,101.44436357262404,1.3425756109084128e-11
3300.8825081027167,101.50555249056657,-2.3588351357602135e-11
3301.6693498768163,101.55340171577201,1.9175394276617516e-11
3302.5601155805603,101.60758450051938,-1.211359855086451e-12
3305.1712031317097,101.76649386461739,8.051894548185866e-13
3305.6692227620947,101.79681732892676,-1.544421062040584e-11
3306.5305999697707,101.84927572715408,-2.7334870883959176e-12
3306.641064143028,101.85600405155998,-1.8912177404324202e-11
3306.8189313396047,101.86683833694083,7.38398486532457e-13
3306.935533878478,101.8739411724063,3.216065996927853e-13
3307.2836788852273,101.895149891268,-3.412939801054048e-13
3308.019937718174,101.94000955145988,2.3972992620702114e-13
3308.260799777785,101.95468725124014,-2.020030346350212e-13
3308.4143801988866,101.96404672323693,1.7505234928171857e-12
3309.029281552601,102.0015242895915,2.594615417868109e-12
3310.5379733445657,102.0935069161269,-1.3365287636739618e-11
3311.7008638021603,102.16443517952902,3.904634335475629e-13
3311.9221264310986,102.17793348813744,-1.0619754021601705e-11
3312.559338967953,102.21681220123011,-3.204508674718095e-12
3312.7288130221027,102.22715370442496,-8.105775050513008e-14
3313.2105371411826,102.25655195772578,1.8333938204566142e-11
3313.698957995004,102.28636325792584,-8.817962267992028e-12
3314.9803376876944,102.36459455390383,-2.1469705528072987e-12
3316.4857255595603,102.45654072407439,-6.297563845142666e-12
3316.8188357869135,102.47689209101645,-1.9569499797152698e-11
3316.9549488606567,102.48520850651764,-1.6533223312341608e-12
3318.626261480058,102.58735238424137,1.6203582353407803e-12
3319.89297447341,102.66480304431836,2.877085712719557e-12
3320.6572258787487,102.71154598059147,-5.707963300676062e-12
3321.37981205701,102.75575049489318,-4.524519102042642e-12
3321.6965716752734,102.7751314304297,-1.0860996981351e-11
3321.8741596871164,102.78599796055504,-1.9689057487152252e-12
3322.161319220469,102.80357035170624,-2.52906154991429e-13
3323.0036891635496,102.85512695675764,1.6530066419868598e-12
3324.4288602112442,102.94238322001344,-7.387174626823289e-13
3324.8212933016393,102.96641655126939,-2.43742540634975e-13
3325.9473961649146,103.03539693187535,5.122244629441268e-13
3328.085152736027,103.16641127719673,-3.406948155819718e-14
3328.9881062738664,103.22177488968875,5.509712929360208e-12
3329.0525183598697,103.22572482046796,-1.4772577022044553e-11
3329.5259382317804,103.25475860736952,1.7815561261871804e-11
3330.550283046308,103.31759352538853,1.0836435713081e-11
3330.832810332604,103.33492759309395,-8.098857496143644e-13
3331.6789749684312,103.38685164088567,2.661026326707203e-11
3331.8051762834302,103.39459698877658,1.2555795621842849e-11
3332.76862452045,103.45373632529989,-2.990292161759902e-12
3333.489793475142,103.49801502388196,1.5997413520177154e-11
3333.6642678562184,103.50872893001582,1.9831589531247454e-12
3333.737843042778,103.5132471117991,3.614381043095139e-13
3333.8113631314136,103.51776200967643,1.301350011675074e-12
3334.1097840507227,103.53608917929554,1.2933807693948534e-11
3335.678970539739,103.63248591316544,-8.908453710788375e-13
3335.865141982683,103.64392562558038,-8.958933790701238e-12
3337.0198508852063,103.71489350592748,-3.0823005446268882e-12
3338.1196575823133,103.78250995920004,-7.271157790421445e-12
3338.4978934469214,103.8057691652669,3.754835099853201e-12
3338.7121801561807,103.81894766449567,-3.844842635603376e-12
3341.3361365996334,103.98038794572155,-3.487111185627494e-13
3341.7768765534365,104.00751714071174,1.9438781182071578e-13
3344.067007909314,104.1485409055379,2.9547226400202538e-12
3344.4586710410176,104.17266876369,-1.2498940940649034e-12
3345.020053613354,104.20725687779708,-2.910282455894552e-12
3345.0568412066086,104.2095236514993,5.14365076774107e-13
3346.1726642296535,104.2782901520721,-7.376889139150816e-13
3346.888274487483,104.32240421074525,1.800365179859462e-13
3347.3769745248737,104.35253572577768,1.4291551884664163e-12
3347.613640012734,104.36712926344426,2.0723457129814507e-12
3348.3709492952203,104.4138342665808,-1.8820988217304697e-11
3349.1223318011535,104.46018419267672,5.037102131028296e-12
3350.1521339175156,104.52372565875895,-1.2945179932608436e-11
3350.2852222560164,104.53193898047608,1.827923696203023e-12
3351.123975295812,104.58370871340689,-3.3048629436724387e-13
3352.830937466528,104.68910629875148,-3.68742533483136e-12
3354.005926860996,104.76168803777313,-1.85582898824966e-12
3354.612646659745,104.79917644142932,6.147630022391183e-13
3354.9384804822676,104.81931207549573,-6.979812348140704e-12
3355.2679525068143,104.83967452899881,-6.7660271825565675e-12
3355.4531975001582,104.85112415635139,-3.916159850556719e-12
3355.9471094535197,104.88165496872433,-6.932755416660129e-13
3356.497721412974,104.91569594833663,1.9935732750016993e-13
3357.740147628041,104.99252810246517,-1.3344106536464813e-13
3358.1834766406487,105.01995063637395,-7.916616125831659e-15
3359.189304963386,105.082180520286,-5.086797221352241e-13
3360.5011097935285,105.16336895541886,2.7366960898175634e-12
3361.602333712121,105.2315488785236,-3.3030394603949283e-13
3362.6141777068397,105.29421472743283,-4.710804824673648e-13
3362.775258618138,105.30419258259225,-3.096109125587086e-12
3363.411544703653,105.34361080455787,-8.343735167778985e-12
3363.6150945978466,105.35622239063805,5.355673549021352e-13
3363.7596897092117,105.36518170784484,-1.6419500157040933e-11
3363.9900603400893,105.37945659291833,-2.3651046635577116e-11
3365.2048620619535,105.45474778743382,-1.0706497761459942e-11
3365.9988362434437,105.50397154844856,3.992902076226416e-12
3368.0667785184537,105.63223160744289,4.817195450588538e-13
3368.2746476771704,105.64512864098525,-1.85139142102227e-11
3368.489124674952,105.65843648558256,1.2815377647320285e-12
3369.62556247204,105.72896418999206,1.1811485004514464e-11
3369.926483554277,105.74764343534278,-9.306768324396516e-12
3370.4070358354925,105.77747648903205,1.7934848744818733e-12
3370.750459698344,105.79879911175625,-1.4171878996678602e-11
3371.3958537861913,105.83887644684975,1.2090253130958173e-12
3372.1530403741963,105.8859055940389,4.1635052863371775e-12
3372.3581301847285,105.89864561792352,-1.523210930291235e-12
3372.70877535367,105.92042922534353,2.8656736259458147e-12
3373.549415088854,105.9726626562068,-4.954723400616277e-13
3373.824966455123,105.98978696523706,7.89631481336103e-13
3375.2526714597943,106.07853496754497,4.353203044483019e-13
3376.791420306457,106.17422764144946,-8.537863992882817e-12
3376.823922432809,106.17624937433669,8.343185345997778e-12
3377.8123385051535,106.23774120830053,2.1242800485229427e-11
3378.1846813901057,106.26091025627086,-1.3729846051733357e-12
3379.267723100046,106.32831707917065,-5.974114327392172e-13
3380.322437954559,106.39398164964402,-1.2207233921478513e-12
3380.7738809243365,106.42209390552873,-4.385447671401647e-13
3381.470170934737,106.46546063642123,1.0070131252113521e-11
3381.649645642444,106.47664023001815,1.9099612829096056e-13
3382.021463955917,106.49980291699349,5.29065194483802e-12
3383.896292665025,106.61663550301196,-1.095927018412345e-13
3384.5662527122945,106.65840070773636,5.056930982424467e-12
3384.590048713991,106.6598842988161,9.410935564162015e-13
3386.2522871217634,106.76354441564996,1.316775003111417e-13
3386.5937353921304,106.7848440329024,3.040020761284407e-12
3388.275975108221,106.88981386672019,6.094448329813377e-13
3389.7633372571613,106.98266698401575,-1.2203911331976717e-12
3391.268323244332,107.07666180138384,2.2803633709469185e-12
3391.669060579823,107.10169712987417,2.679093344668467e-12
3392.262666092354,107.13878697961792,-2.3948148083122396e-13
3393.2520086131917,107.20061781996418,2.0860094677810785e-12
3393.4803360560186,107.21489013799703,2.063859653430471e-11
3393.881073391458,107.2399417952409,4.1904987611722835e-12
3394.6370881422713,107.28721128707319,-8.499799926603751e-13
3395.633127397699,107.34950427923833,-5.641914310054946e-12
3396.233395847074,107.38705431366108,-1.373613840124006e-12
3396.3047838521134,107.3915204606651,-1.2661517339219303e-14
3396.4179046794975,107.3985976715691,1.1118582373613128e-12
3397.442338385645,107.4627003458407,-9.927783979122483e-12
3397.8255745760566,107.48668584596842,1.9579249543102498e-12
3398.531954135691,107.53090292206123,-5.531079228175412e-12
3398.5944582247494,107.53481591854008,-1.5513705369331329e-12
3398.637819859199,107.53753056598411,5.114278528845896e-12
3398.763005828654,107.54536800576375,-2.0913620082627625e-12
3400.5672164891503,107.65835515694816,3.5610789240844283e-13
3400.6533262909757,107.66374920893374,-1.1260836951541374e-13
3400.8027990357405,107.67311273859221,-5.419030666422585e-13
3401.166748777878,107.69591362753839,9.735075580020758e-14
3402.7676549312255,107.79623689580681,1.0153194093058215e-11
3403.090430220133,107.81646982900064,5.112310986045113e-13
3403.398762896803,107.83579922984812,1.0187289319283669e-11
3403.4275592255967,107.83760456348215,5.729660117861815e-12
3404.0291560020623,107.87532407580811,1.5591795995220747e-13
3404.134776338712,107.88194705258043,-2.0050120855321165e-12
3405.3712419760927,107.9594955414517,8.123646745391827e-13
3405.8354987453395,107.98862000853923,-2.136144618666447e-12
3406.1084610518674,108.00574575167145,9.808344534262458e-12
3407.0346860158297,108.06386763466854,-1.962409656582136e-12
3407.4985409070496,108.0929811021465,-6.215703331682325e-13
3407.769371130227,108.10998136907634,1.5375086215335883e-11
3408.1874193213675,108.13622529826148,9.39234647260266e-12
3408.5923532276283,108.16164901766331,-3.4744666169203643e-13
3409.645773550748,108.2278020166988,1.07275801701571e-13
3409.827156254844,108.23919460391382,2.432141036261801e-13
3410.519249692925,108.28267033008292,-4.039419476865377e-12
3410.8715912686916,108.30480701104916,-5.385563203805066e-13
3410.912486537294,108.30737649976098,-7.979615983106623e-13
3411.2580424826665,108.32908933918104,-1.9519096446543692e-12
3412.157290218589,108.38560344235178,-2.2172263825283028e-11
3412.3546341511415,108.39800770790913,-2.5025251120414304e-12
3414.2161582832273,108.51505111323924,-6.419782104264542e-12
3414.6594872943842,108.54293485400429,2.0538778926196052e-13
3415.3573848153605,108.58683733991552,-3.5582462459191177e-12
3415.413281065312,108.59035398109249,-8.442098138736796e-13
3415.5652201757675,108.59991332702268,-2.7635579955844275e-12
3416.366694845632,108.65034565443456,2.950800720664117e-11
3416.4093203195616,108.65302816897746,2.770560219048916e-12
3416.958726643143,108.68760650946116,3.241417625727386e-12
3419.418611226652,108.84249403321488,3.89538112232168e-12
3419.5914780949242,108.85338284995547,-7.46430630643889e-12
3419.7104581031663,108.86087767417864,-1.4799373938284498e-11
3419.964256654711,108.87686589975345,-1.32008941034166e-12
3420.9242782738324,108.93735389728683,-2.394088042227115e-12
3421.3443358545705,108.96382576760132,5.510891706804788e-12
3422.5716383902195,109.04118853207531,8.381940488978621e-12
3423.71783145119,109.11346363397703,2.1933645459060046e-11
3424.910969250563,109.18872462150037,-5.807367920755542e-13
3424.9828480291376,109.19325944311535,-3.348430344007601e-12
3425.969567691169,109.25552106267456,9.103162574568696e-13
3426.162558561258,109.26770080702882,-2.4445496245978193e-12
3426.171141992465,109.268242527335,3.0718791255142555e-12
3429.344259358974,109.46859833090005,-9.219949866482948e-13
3430.2534188525465,109.52603832713396,-2.5813474555130654e-13
3431.5309024500766,109.60677448460793,1.8751076760496547e-11
3431.564174534546,109.60887766103444,-4.900108069093862e-13
3432.0568257538744,109.64002124121514,-2.815859255978244e-11
3432.4175604715197,109.66282838551638,1.3472955965993025e-11
3432.5985199972215,109.67427029975309,-1.8528493747962122e-14
3433.701440318856,109.74402003939964,4.93151625212837e-13
3434.056282057721,109.76646533579516,3.816538080699852e-13
3434.1426710439537,109.77193016916999,-1.7859442620773275e-12
3435.4184582336125,109.85265049560748,1.3166957130290707e-11
3435.837991242618,109.87920131781702,-2.31657685108213e-14
3435.991605460313,109.8889238519188,-4.299937181495385e-14
3436.442803041839,109.91748351282652,-7.428366242550314e-12
3436.9759476515956,109.9512350460394,8.327346653241007e-12
3437.581250224429,109.98956099612495,-3.510503983269079e-12
3438.005749762752,110.0164430646643,-8.498237667544952e-12
3439.3871572885796,110.10394574052829,-4.3282284851829717e-13
3439.9794344721554,110.14147319749156,4.123248939973732e-12
3442.1255290734944,110.27750668558367,9.187463566138553e-13
3442.441171951258,110.2975213487785,3.55138047102889e-12
3444.6684987202198,110.43880653078713,-2.1556231240112856e-12
3444.968649842954,110.45785289137004,2.2893661736120414e-11
3446.6898643277923,110.56710615571882,-5.370623605672879e-13
3447.2142139169687,110.60039983935403,7.064553321537787e-13
3447.2641833903353,110.60357292553408,6.86896133613046e-13
3447.9484633539946,110.64702966796064,3.8898653274249834e-13
3448.096675366495,110.65644334251462,2.3574167520418474e-13
3448.6551896916994,110.6919209723213,4.455308260863909e-13
3450.5713706381803,110.8136832053796,4.27490478027969e-12
3451.963950653472,110.90221606171386,2.0832225994046117e-12
3452.5069394258376,110.93674608987364,1.296597711742666e-13
3453.0032964420957,110.96831543831567,5.856123668729138e-12
3453.709151428155,111.01321711330122,3.038220394048943e-13
3454.303281510014,111.05101872638438,-6.579375990527335e-13
3454.6404994101836,111.07247715711534,1.3245489225517857e-12
3454.807071421398,111.08307752738219,-7.847281186311893e-12
3455.435400037022,111.12306793266377,1.5253312576194795e-12
3455.580587314515,111.13230951078853,1.8488780129334234e-12
3456.26946572699,111.17616384917142,-2.1123404428455417e-12
3457.0158479011866,111.22368877189773,-1.1523442282665858e-11
3457.134214442119,111.23122655154239,2.666053249159446e-13
3457.2114954256554,111.23614807331376,7.528580252759195e-12
3457.521769895812,111.25590853806358,-4.8388926992861505e-12
3458.430929387974,111.31382043246612,1.2688742620241398e-12
3459.148917111359,111.35956577450735,5.2881564107620914e-12
3459.304160140962,111.36945806336327,-1.4658356179525676e-12
3459.8402956872537,111.40362473549266,8.552672307880767e-15
3460.5365856945614,111.44800558277574,-4.319378955046283e-13
3461.646393038104,111.51876208393577,-1.3501530452187682e-12
3461.8665727245907,111.53280248258422,-1.8797721675211076e-13
3462.901721941508,111.59882375410619,5.84463441438389e-13
3463.2515295549556,111.62113876145936,-9.484526184424888e-12
3464.161894680777,111.6792235482237,3.238504932778677e-12
3464.371058367979,111.69257115045905,7.190244928446138e-12
3465.0683637201587,111.7370749182753,-1.671546295775229e-11
3465.7411369102497,111.78002147193371,2.5215402584185244e-12
3466.3031667435143,111.81590510266363,-6.309911382592901e-12
3466.683813873236,111.84021138979863,-2.737129982350091e-12
3468.7117873174157,111.96975296760047,1.0839226725804103e-12
3469.426382225219,112.015417450224,3.920520459920332e-12
3469.6522095035234,112.02985035966776,-1.3898892223128605e-11
3469.8704811932434,112.04380127460372,3.4640115497827694e-12
3469.8825801330254,112.04457460843955,1.62127457053871e-11
3469.995667162204,112.0518029776365,-1.444941400952519e-12
3470.618593572225,112.09162380985921,2.262842716101664e-12
3471.2062723056692,112.12919797223024,1.7500666775927136e-11
3471.7498745445278,112.1639596987821,1.1438253306288798e-11
3473.4531309060935,112.27291306286409,-3.648956595014805e-13
3474.017449313596,112.30902299008964,1.2841277474662364e-11
3477.271798839574,112.51737861800854,-3.6520748427285155e-14
3478.3672524656145,112.58755754348591,-6.349271123418476e-13
3478.731202206193,112.6108784400965,2.2180210983345082e-13
3479.442582089768,112.6564687486344,-6.456105202813984e-12
3479.466779969319,112.65801968568348,-2.6663713729336096e-12
3481.112320979429,112.76351417241547,-1.2945368899274773e-12
3481.9873708323535,112.81963332303893,7.331383655534077e-12
3482.5261630326977,112.85419443977054,8.597230818785292e-12
3483.252856879746,112.90081707915095,8.12408281384139e-13
3483.7508765050266,112.9327742394024,2.45966248258534e-11
3484.456976876742,112.97809145489086,-1.0413078363963078e-11
3486.2452050001198,113.09290024202254,3.763427044669342e-12
3486.666400617813,113.11995064153928,-3.2411479912071005e-13
3486.8742697751536,113.13330180378736,1.6871914578763807e-11
3487.2395478429203,113.15676506133113,2.0857127373189783e-12
3487.481670631921,113.17231892189618,7.116970300802959e-13
3487.9133363772544,113.20005161673951,-2.1277503542930827e-13
3489.545851997485,113.30496486421735,-1.645391459343066e-12
3495.4001165530512,113.68159153860682,8.6604194443455e-12
3495.436413372347,113.68392861762418,2.1369849055771738e-13
3495.459405617936,113.68540905451903,-3.756046523354715e-12
3495.5440981962925,113.6908623691404,-2.664638860161215e-12
3496.1436304818985,113.72946974454013,-5.804176823452618e-13
3496.8450097106224,113.77464404155113,-2.458665859840125e-11
3496.905783594012,113.77855878063144,-4.993551260706663e-13
3497.5420696747706,113.81954912241173,-1.3983714175917654e-12
3498.4805500650245,113.88002080982184,1.0015863621797351e-11
3499.9878797155843,113.97718068094419,-3.0064270162785576e-13
3500.3339602306723,113.99949434219573,8.446698062143453e-12
3500.747287277172,114.02614663786069,-5.676199957364831e-12
3501.2332079622315,114.0574839658793,3.3966612410821764e-12
3501.3804597271924,114.0669811827667,5.283518428151098e-13
3501.7065389338704,114.08801355732336,-2.613756022360229e-11
3502.637362342118,114.14806320137272,2.5698120728857837e-11
3503.006523998406,114.17188312272299,-2.8785527090175733e-12
3503.459764765949,114.20113162843334,-2.244907573363483e-12
3503.471461827728,114.20188651260392,7.022072042433381e-12
3503.5149461553397,114.20469284890551,-2.3021896117725755e-12
3503.718094169969,114.21780381889941,-1.3421516762704911e-12
3503.7355953148044,114.21893336087662,-1.582523752070729e-12
3504.305493717814,114.25571827610153,1.0623259498870322e-12
3504.7472490126265,114.28423612553082,-1.7565987191050908e-12
3505.443450122601,114.32918721516461,1.462269383179487e-12
3505.9084430497887,114.3592150343168,-9.573065167749723e-13
3506.080417265623,114.37032161140624,-6.264765530254873e-13
3507.2422247697655,114.44536867015569,5.2840499572960645e-12
3510.597316992393,114.6622307289415,-8.04288150859109e-13
3510.95444730426,114.68532666108769,1.3456273413067121e-12
3511.333575816832,114.7098478072131,2.13306931794898e-12
3511.4839750100678,114.71957600904757,-2.6275443123349546e-13
3512.1150829719127,114.76040221772398,1.9166870069431685e-12
3512.836463508425,114.80707712175098,-2.1981678805743476e-12
3514.301726053289,114.90191233440784,1.2657643163136052e-13
3515.139006764486,114.95612085310971,-1.5666118419809813e-12
3516.316306023008,115.03236522158335,4.1146374416913736e-13
3516.839729160868,115.06627140049551,-4.753469387361336e-12
3517.74308456712,115.12480061217384,-1.9012488585504944e-13
3517.791480326124,115.1279366412919,2.4605347180141565e-12
3517.8410479213244,115.13114864973014,-1.2164079783049196e-13
3518.342583054288,115.16365095809428,4.876847624650374e-12
3520.1086777828164,115.27814075418188,-5.434249494445168e-12
3520.2776610613314,115.28909836580371,9.231311331235952e-12
3521.07006152186,115.34048807864251,6.580182953532535e-13
3521.139440136518,115.34498805513046,-1.2523198181855457e-12
3523.375160038413,115.49004687717013,-5.273990624482343e-13
3524.1160511092207,115.5381379630808,2.0510078546504284e-11
3524.1850278458883,115.54261574327587,-7.702066235565178e-12
3525.230300406996,115.61048269274467,6.953923136614604e-13
3525.3988480097432,115.62142795399338,3.6778720471178015e-13
3526.2263396553617,115.67517177229153,1.177157545905902e-13
3526.897505331371,115.71877181632297,6.9383337068630635e-12
3527.0462081168994,115.72843292069209,1.357871877765489e-11
3527.442313202579,115.75416954776522,-3.2464088604677124e-12
3531.447186363933,116.01454547501058,-1.031097615396392e-11
3532.0407918719643,116.05316374482067,9.216878379769866e-13
3532.839576084376,116.10514059588054,1.9089011670749375e-11
3533.0301343853084,116.11754195194416,-8.02838465265236e-12
3533.984474608986,116.17965958487491,6.917144281221926e-12
3534.164841966831,116.19140151087402,2.518452050260909e-12
3534.4152139039084,116.20770173254131,3.2713014402322087e-12
3535.717331049558,116.29249342290272,-2.3862966989770076e-12
3536.196030427677,116.32367337723616,-4.279186694327537e-12
3536.8921301432933,116.3690211756749,7.0117521273837264e-12
3537.1250009355294,116.38419366385745,-1.950516407295254e-12
3537.6053967211983,116.41549657751992,-1.1145639556365182e-13
3537.949345152306,116.4379111008822,1.9302601409605748e-11
3538.310079867922,116.46142189862594,9.95742001439622e-12
3538.3725839565104,116.46549583111702,5.970728185402775e-12
3539.076095267012,116.51135471630026,-8.29002911910119e-12
3539.521086885047,116.5403665186119,-5.500610329280989e-13
3539.782474821267,116.55740974273724,1.2213616334042397e-12
3539.835067151345,116.56083906176485,-1.2159860335139322e-12
3540.238985709709,116.58717854728637,1.5819323646982346e-12
3540.9448744902757,116.63321669373612,-3.746718146265266e-13
3542.6860902747467,116.74681822966319,1.0415274164181852e-12
3543.912902028819,116.8268922191098,7.716646677061283e-12
3544.892243887397,116.89083375091349,-1.0071819816467178e-11
3545.1591229242786,116.90826142875937,-1.397607474261947e-12
3545.4069608999284,116.92444686622315,-7.79390472348479e-12
3546.3663014500926,116.98710873227613,-8.31874440542664e-12
3546.4549114147862,116.99289738180717,-4.230494387688182e-13
3546.4714861102134,116.99398017792477,1.4290958674669606e-12
3546.531980808881,116.99793223465365,-9.959477146033827e-13
3546.6000986915865,117.00238238688112,1.224043140778974e-13
3547.276666571965,117.04658731571841,2.392223836760616e-12
3548.065361233923,117.09812891815899,2.1177782194682586e-13
3548.7900118908688,117.14549531237007,3.442194456139026e-14
3549.376954461453,117.18386758316117,7.250421975435768e-12
3550.4097813014378,117.25140563031044,-9.42031361642749e-12
3550.6497169084173,117.2670981807977,8.614683815075521e-13
3550.8982021488014,117.28335102227094,2.724216395629164e-12
3551.036168119512,117.29237554650639,7.512269336288368e-12
3552.4230329401007,117.38311156163846,2.024407492162745e-13
3553.620769180442,117.46150229918553,-7.157973302999501e-12
3554.154192971476,117.49642290190201,1.2357665409748292e-11
3554.3662249014756,117.51030503364854,1.9780977792183272e-12
3554.632613164582,117.52774715121448,-9.186988282060722e-12
3555.1914066712375,117.56433912888214,3.249089924286537e-12
3555.474860403401,117.5829029833685,8.888197674131013e-13
3555.8374142196926,117.6066493905778,8.139750514339462e-12
3557.356876603297,117.70619687830835,2.2237705144160478e-12
3557.477866000566,117.71412531952087,-1.6563121235104956e-12
3557.5146535933923,117.71653606576498,-5.266376591403947e-13
3557.8786033324827,117.7403875824413,-2.7317112613382157e-12
3558.754334244491,117.79778877644716,-1.3775369183558182e-12
3559.7423822268997,117.86256893471828,5.080594885478405e-12
3559.8113589634418,117.86709198166608,1.7738346422732948e-12
3560.0731149796293,117.88425704061362,-1.4941829691934933e-11
3561.053785164762,117.94857723924854,-3.144638173553938e-13
3563.523391199107,118.11063224588642,2.030792490832261e-13
3564.6890947862303,118.1871644903513,2.2350664283513986e-12
3566.0641736484645,118.27747508373722,1.276172348354706e-11
3567.1326162442065,118.347670875871,-3.5792303348710374e-13
3567.959985194674,118.40204277625779,-1.2640936828536124e-11
3569.2214862544406,118.48496864674566,2.8164631767583e-13
3569.5528449716367,118.50675566180864,-2.1141436877802703e-14
3569.8742581325932,118.5278906835807,-1.0536531082627698e-13
3570.031544348944,118.53823397658182,9.934761008470547e-13
3570.7777362298375,118.5873104823189,-3.283872466248773e-12
3570.93199771125,118.59745742886584,-2.1920291035504184e-13
3570.960882935456,118.59935747766413,-1.4149357460677827e-11
3571.1064720900577,118.60893445910557,1.3430682777200183e-12
3572.576333079704,118.7056450655283,1.8762886683001532e-12
3572.7542002736614,118.71735067031787,1.2080812367436905e-11
3572.92330624514,118.72848023135965,2.2706123686253024e-13
3572.9391998779993,118.72952628393338,-1.770348101395444e-11
3572.964569593627,118.73119602236284,1.0147051373582143e-11
3575.618650659441,118.90594306763148,1.370648040830873e-12
3575.769730914734,118.91589422867459,1.6549044510205899e-13
3576.2753737216867,118.94920232088256,-1.2343913559624398e-11
3577.015918010471,118.99799252414638,2.177930183663672e-11
3578.598899825981,119.1023199665379,3.0503369688207047e-12
3578.7349791000197,119.11129051384053,3.087756587259511e-12
3579.687500220525,119.17409166729911,-1.8934046094927383e-12
3580.147124738655,119.20440138272505,-4.165039805997682e-12
3581.5853211553535,119.29926768538586,1.503279111236153e-11
3581.6228236084257,119.30174193167254,-2.4596137906001518e-12
3581.657914793628,119.30405711661291,9.342238128701805e-12
3581.851151048969,119.31680652720563,8.64330259228147e-12
3581.903654483269,119.32027073635814,-3.5359514016700947e-12
3583.115676842802,119.40025483929215,-2.1412123299371283e-11
3584.08751820886,119.4644084017631,-4.698897565489837e-13
3587.1338207689187,119.66561482582763,9.444985533557579e-13
3587.430266091968,119.68520398532279,-2.958033669690551e-12
3587.631840391567,119.69852497537869,-1.922399520396901e-11
3588.4333150542043,119.75149764382542,-1.7147004034932005e-12
3589.7230202743376,119.83676426435474,-1.9827279913319832e-11
3590.349495986862,119.87819367442592,-7.695947089022694e-12
3590.4909774658763,119.88755097435103,1.6870179994838228e-11
3591.0069001111806,119.92167618235281,5.199223953396222e-12
3591.956240005033,119.98448216998686,3.7038873918852865e-13
3592.5582724512565,120.02431975510105,-6.109282797549305e-12
3592.8212341009566,120.04172250210796,-1.0568134447636942e-11
3594.088539242218,120.12561035318654,3.0420237140886516e-13
3595.3587126271727,120.20971774973316,-7.115715473056799e-12
3595.4686184295456,120.21699680742765,-1.7461506739769193e-12
3596.852771494485,120.308688266663,-1.1940365016318062e-11
3596.865395005578,120.3095246574979,5.785034819577543e-12
3597.681959544741,120.36363367789632,1.999384642417418e-13
3597.700353341118,120.3648526701021,-1.4061580418326408e-12
3600.3147109717265,120.53817456474053,6.909207945070926e-13
3600.43369097885,120.54606547868819,-1.057505863083059e-12
3600.9589332155037,120.58090336612695,5.072606155137443e-12
3602.2730266031554,120.66808586447814,-8.397190116659409e-13
3602.679847201788,120.6950825072022,-2.249404096364719e-12
3602.890026232548,120.7090311964458,-1.1670936953484366e-11
3603.5569064392203,120.75329458932866,6.323163076962117e-13
3604.8226929635803,120.83733221945842,7.734039153519695e-13
3605.101057472316,120.85581725177119,-2.298409490185428e-13
3605.2539230306384,120.86596902652981,-5.724457955712265e-13
3606.9499918723727,120.97863354196822,-1.6487077947566785e-12
3607.5990579518593,121.02176297844196,1.791713671254681e-11
3608.684878996772,121.09393145666404,7.228199931112765e-12
3609.0640413052415,121.1191373798946,-6.762797152842838e-13
3609.149135761093,121.12479464654767,3.2017209853921766e-12
3609.557373582604,121.15193705007616,1.1385092515383068e-11
3609.5952441158593,121.15445509412851,4.706014666808038e-12
3609.8003339238116,121.16809214930034,9.176988395553826e-14
3610.3967187776484,121.20775202381753,-8.708920046662134e-12
3611.9059902141666,121.30814855786328,-8.187804212856242e-13
3612.340401507159,121.33705331577933,3.0384652742949034e-12
3612.4344136766117,121.3433091332717,-2.525179053449756e-13
3613.2997420541737,121.40089800970661,1.2414207733386261e-12
3615.0576001233208,121.51792852066261,-1.3262097098479069e-11
3615.958544257308,121.57793150803187,-1.3674523912417946e-13
3616.769093123622,121.63192693676625,-4.3114302010635683e-13
3617.0846471028963,121.65295111670255,-1.3940644510562805e-12
3617.6992692617305,121.69390635509181,2.342133963204919e-13
3618.461824247191,121.74472874356215,9.003865093131858e-13
3618.5093273543316,121.74789506162799,-8.53641268138974e-13
3619.999401237955,121.84723698985687,9.769992442616942e-12
3620.2071814982382,121.86109276809907,9.269738200807666e-13
3620.359243300496,121.8712334779243,2.9737524014722195e-14
3620.375729100197,121.87233290986661,6.069791179828451e-13
3621.2032207419415,121.92752445665087,-8.808240904838102e-13
3622.2088249640096,121.9946126287448,3.4829632993313765e-13
3623.084589671024,122.05305382501966,2.0690132415232538e-13
3623.169282248841,122.05870624700981,-7.854087886554362e-12
3623.6086262731787,122.0880303918238,9.285868741131757e-12
3623.6552029309414,122.09113937286,-3.737390050239385e-12
3623.731312077635,122.09621972664203,4.46080250026471e-13
3626.844615776076,122.30412699502907,6.931313030502006e-12
3627.017672931401,122.31568903714671,-8.027198582238612e-12
3628.7847829955044,122.43378219353978,3.5912251186005773e-13
3629.933197023303,122.5105597156999,-1.943873556927082e-12
3630.2425450413834,122.53124541234409,-1.8095017880443252e-12
3631.405591970063,122.60903260895678,-8.440837819700374e-12
3631.9543848205108,122.6457457627415,-2.5527224929861216e-11
3633.860108119159,122.77327795612484,-5.697735705883872e-13
3634.979201246847,122.8481995446445,2.6578813930775577e-12
3635.01139039045,122.85035490033881,-1.7066646729544913e-11
3635.0423188021978,122.85242585655786,8.53269942710854e-13
3635.73119720843,122.8985574937809,1.4435872247299003e-11
3635.9217555084033,122.91132002135062,2.23382898868097e-12
3637.590288751086,123.02309760216366,-3.6206645922894155e-13
3637.85256933768,123.04067284200727,8.416779877727408e-13
3638.245002421494,123.06697187666877,-2.9847366929274477e-13
3639.057370387945,123.12142200280381,-1.2205285556157345e-12
3641.2614257047253,123.2692131999663,2.9795677101953265e-12
3642.784648977458,123.37140403096177,5.182132154786111e-12
3642.9496472729284,123.38247609188105,1.6473204048672712e-12
3643.0175197684953,123.38703075969148,1.337064901281574e-12
3644.7871299948074,123.50581259250748,-1.0473548054084178e-12
3645.2215750848704,123.53498273968098,-5.62777128119042e-12
3645.38666227599,123.54606817673454,-4.825914420585808e-12
3645.754808584648,123.57079063516078,-5.322904607714024e-12
3645.9367834534223,123.58301187835768,3.051502015099161e-12
3646.665664475791,123.63196888563698,3.6316647253279418e-12
3647.584913509107,123.69372636192998,3.1248292773852873e-12
3647.90877173447,123.7154876850552,1.5353848168032838e-12
3649.8815299735497,123.8480868917656,-1.2626034897067034e-11
3650.375441919278,123.88129646983346,1.2865224139295024e-12
3651.415401164591,123.95123578714951,1.983304187573313e-12
3652.111970349787,123.99809258429725,8.416403342192273e-12
3652.473106941386,124.0223890289244,8.173300078510713e-13
3652.555020170992,124.02790029808564,-9.360394956724843e-12
3654.709262504702,124.1728859584363,-4.2792965629119917e-13
3654.877530921823,124.18421442472626,-2.694291782562399e-12
3654.917131660317,124.1868805720428,6.0293460586777916e-12
3655.2005853911237,124.20596513540589,1.0612736224360114e-13
3655.4227744653667,124.22092586554778,-1.105867381838958e-11
3655.674897906471,124.23790327769754,2.0137369069403197e-12
3656.699242703302,124.30689234125265,2.7252212843757876e-12
3657.954135918764,124.39143505851736,1.1785426756227607e-11
3658.480549990185,124.42690844656883,4.75608009889439e-14
3662.3531723435012,124.6880291883639,4.1965141906863977e-13
3662.686405258142,124.7105111160882,1.0454356749724826e-11
3663.153932143027,124.74205678341606,2.0154835058238384e-14
3664.05966501297,124.80318119071642,-6.435607718555003e-14
3664.5651851243983,124.83730335809577,1.3002518572810107e-11
3665.008425234248,124.8672255528054,-2.676322444996235e-12
3665.253081982401,124.88374335828713,2.287630790858068e-13
3666.2730399187794,124.9526168859546,1.666965045091669e-11
3666.417791519026,124.96239291375319,-3.6272549116824737e-12
3666.543502058154,124.97088328658573,6.891323286819273e-12
3666.572789160204,124.97286135201475,9.543951922905173e-13
3666.9221059964684,124.99645560284942,-1.919066048620452e-11
3668.7894341874976,125.1226205119702,3.8667673257842784e-13
3670.3856867719905,125.23052128200568,-1.2382202199568567e-11
3670.5350368212885,125.24061919406897,-4.4396935337809944e-12
3670.9692916219387,125.26998252822555,-1.405648728714926e-11
3671.066083139229,125.27652782662132,-2.5763495289195305e-12
3672.434554155559,125.36908592440327,-6.578704157459564e-12
3673.1182544422145,125.4153416957303,-5.915625348621094e-13
3673.206619019549,125.42132063324354,-1.337041905961396e-12
3673.852503870963,125.46502696051826,-1.0700291117958234e-11
3673.9816072251974,125.47376416598254,-4.597012141948726e-13
3674.0491116404314,125.47833272061511,-6.393860841404655e-12
3674.6427171443916,125.51851028766461,5.715408006838804e-13
3675.495455806151,125.57623837080192,9.184017970895922e-12
3675.6320596509554,125.58548732352045,-4.978419952075828e-12
3676.198967112029,125.62387425253101,5.430542010610873e-12
3676.8352531872224,125.66696605755963,-7.715021726044135e-13
3676.989514667863,125.6774143772536,-1.1490634738756263e-11
3677.0171391600697,125.67928546434277,2.0285414464163193e-12
3677.1933099455755,125.69121835398867,1.8050100428438348e-12
3677.8598771676293,125.73637331289586,-2.6357276813370636e-11
3678.410979891533,125.77371259373895,-1.6164978538837366e-12
3678.7979556716614,125.79993500075581,-2.6535330981295306e-12
3678.831718529362,125.8022229838093,1.2135589071988182e-11
3679.2037822239927,125.82743774464747,6.177988455059341e-13
3679.927540224787,125.87649413744509,6.444534969717434e-12
3680.974509185635,125.94747487784777,3.702461223961386e-12
3681.292652223165,125.9690478347739,3.5301151963226875e-13
3682.756218348529,126.06831478769728,9.676553786775471e-12
3683.546799701873,126.12195269517085,-2.3233475210124625e-13
3683.8649089416253,126.14353843328391,2.797240229211136e-11
3685.9522052261977,126.28522102444155,-4.99425902462604e-12
3686.3782233755023,126.31414836932969,-4.710909194141696e-13
3686.5148272202405,126.32342470674149,4.785107408188837e-12
3687.770613085625,126.40871727949222,-1.115725494892875e-11
3689.8785917405785,126.55195582103994,1.4834222932339074e-12
3690.139019427819,126.56965773527888,-5.94790056136227e-12
3691.6083896356054,126.66955787379084,-2.6713494047894443e-13
3692.279276121735,126.71518360155368,-3.195290079758905e-12
3692.4291845400157,126.7253797243315,1.014156637762049e-12
3693.066151677288,126.76870809268684,-3.099339129887831e-12
3693.2925373222465,126.78410930679736,2.328941150660833e-13
3693.4687081076245,126.7960950131255,1.0853438670543198e-12
3693.6380932627108,126.80761960101071,4.6583706505542494e-12
3695.615538842433,126.94219968472001,-1.465359054549971e-11
3695.63017174335,126.94319583245516,-9.483996851271103e-12
3695.9226996783696,126.96311075919877,3.3353995117874706e-12
3696.572011142012,127.0073206836686,-2.546529451279721e-11
3696.5911197985897,127.00862185990896,-7.245951525537764e-14
3697.370896741394,127.06172537687007,-6.8808811408479335e-12
3697.6567279417695,127.08119354615015,1.0513383714907196e-11
3697.793331786438,127.09049826406216,2.0147655416259807e-12
3698.0137568571936,127.10551315712425,8.701782783226162e-14
3700.831909753163,127.29755868577857,5.030082280162458e-13
3701.4062288085015,127.33671411226705,-8.254289655285784e-13
3702.267605998251,127.39545172950497,5.163988451951565e-12
3702.344307311546,127.40068268206694,3.1504836646353403e-12
3702.6157509977684,127.4191957393432,-1.7429414277423374e-11
3704.493236331056,127.54728153426122,-8.686761692653959e-12
3704.9082597810634,127.57560402510137,-5.503554406909629e-13
3705.3708201357576,127.60717432094826,2.2327251789072906e-12
3706.922839732419,127.71313030699632,-4.9569452478408585e-14
3707.291019837796,127.73827238136155,1.3859672648217427e-12
3707.6191297313035,127.76068026799997,9.452207958593494e-12
3708.060796126136,127.79084649625811,1.5324596062660128e-12
3709.210504679385,127.86938951820885,-8.280755009699811e-13
3709.330969504405,127.87762055348861,8.136580532023232e-14
3709.7615185068503,127.9070409859635,-3.707759991901787e-12
3710.1467302833803,127.93336631273884,1.1741759856341243e-12
3710.405897238536,127.95107928962604,-1.9908609581694248e-12
3711.0642829064905,127.99608275898025,2.5976736621380886e-12
3711.7459738020866,128.0426876538853,-2.2086885057385543e-13
3712.1029138216227,128.0670938471703,-7.352239306657895e-13
3712.633469364933,128.10337554274653,6.160554776002202e-13
3712.6810275697926,128.10662803286752,-1.3174243462578607e-13
3714.797610953684,128.25142266900113,-6.191923185465477e-13
3715.041654234237,128.2681228797918,-2.1947496054954563e-12
3715.489704381233,128.298786411623,1.4220165038685985e-11
3715.8420459516406,128.32290246382482,1.5561192748472753e-12
3716.3153769184123,128.35530324628698,3.370987474310549e-12
3716.7045060813603,128.38194327903685,1.852243125037274e-14
3718.3716558926844,128.4961090014867,1.0262074775845196e-13
3718.9385633526804,128.5349422523916,1.0365204178449251e-11
3720.153365052623,128.61817629654576,7.1245828052062985e-12
3720.5582989525897,128.6459270188614,-7.500425832740078e-14
3720.940206809464,128.6721024999204,-3.400091120311649e-14
3721.4009480628524,128.70368469803458,9.466164337478687e-12
3722.016060992409,128.74585462865207,-3.2126411424940046e-14
3722.5118934307498,128.7798521911517,-3.946990861255679e-12
3723.974533104079,128.8801668571509,4.923879029133669e-13
3724.0881447032525,128.88796052109856,1.077685012841791e-12
3724.5055794207574,128.91659824731062,-2.1926452858045355e-12
3725.112578392614,128.95824658272304,1.5903481785633714e-12
3725.2394269698543,128.96695096733947,-2.398188164691165e-11
3725.265443950099,128.96873629638336,1.8602685359652826e-11
3725.3483174265425,128.9744232971607,-2.10301381116931e-11
3725.8919196587203,129.0117298805428,8.270077142376027e-12
3726.9880543341715,129.08697246834328,9.912982194093081e-14
3727.2844996553126,129.1073253331686,-6.5870522019961665e-12
3727.999708021233,129.15643561992403,-8.144721066449805e-16
3729.5991418275894,129.26629596779142,-2.816237693892762e-13
3730.4576169747797,129.3252815049412,1.1926347220213e-11
3731.0352399488434,129.36497742441117,-1.0632861900195724e-12
3731.6505093692986,129.40726727636505,-2.4754583514135284e-12
3732.3926949624242,129.4582898480399,-1.0586268792825642e-11
3732.8423188232405,129.4892047956495,4.770009760666304e-12
3733.2427769673286,129.51674237400385,-7.454845957011067e-13
3733.8666636165467,129.55964994094154,-1.1707641072608308e-12
3737.883009714078,129.83604426684406,4.9559878544343057e-14
3737.960637476615,129.84138933144507,-4.4124552942951765e-12
3738.0191227848645,129.84541641444028,-1.6049610343944296e-12
3739.3958980436573,129.94023428967813,3.363228637389878e-12
3740.205765842908,129.9960258209199,7.512817537804453e-12
3740.511230270676,130.01707230464675,7.214803723594382e-13
3740.9019669451172,130.04399654738629,-2.537388488205862e-12
3741.9464908375603,130.11598469665708,9.025555023242749e-13
3745.2817720037297,130.34598542153327,-1.394854912803112e-12
3746.7281161649134,130.44578889782701,6.345270916373352e-12
3748.828404034976,130.59078568774476,-2.596233050576264e-12
3748.8421655844195,130.591736006651,1.2174691629422688e-12
3749.188123402022,130.61562764979348,-2.138943523860359e-12
3749.53308717477,130.63945284000312,-1.0270301045505488e-11
3749.686143020991,130.65002446265186,3.2020253391242834e-12
3750.590111884421,130.7124707195957,-4.5117917585986294e-14
3751.636120594923,130.784747889252,-1.3451735764783281e-12
3751.647326882922,130.78552233109968,3.6487951092047366e-12
3751.68411447542,130.78806465674225,1.3096961981252509e-12
3751.7338385612293,130.7915010402443,2.5155926739268075e-13
3752.543706360054,130.84747663275417,1.45172403223348e-11
3752.998643529827,130.8789258022606,-5.400396642011084e-12
3753.0722187148176,130.88401230992076,-6.8145949448363694e-12
3753.515547718606,130.9146632918237,-1.271148301350168e-13
3754.271405964809,130.96693034025418,-2.3811887303121825e-12
3754.9907220053187,131.01668029496113,-1.8390763349118158e-11
3755.2227552415015,131.03273041035666,-4.923098172230392e-12
3757.3300528277177,131.17854100716082,6.92569673410114e-13
3757.679860436228,131.20275322035008,1.7600353341553463e-11
3757.739149500379,131.20685718370552,1.5562459592832477e-12
3757.9462486968405,131.22119300855877,1.3769574038807675e-11
3757.9591175946625,131.22208384574165,1.062935952765631e-11
3758.2057837316916,131.23915966354488,-7.081418340809925e-12
3758.449145949251,131.25600786114848,3.218523866208482e-12
3758.566518443623,131.264134060449,1.5228601544543086e-12
3759.828019492384,131.3514891891906,4.967314212700992e-14
3759.9853057073688,131.3623828387726,-3.567579098455007e-12
3760.4058540548012,131.39151227242712,-5.369667161245427e-12
3760.6878905612853,131.411049458305,-7.826213504878889e-13
3761.111252054532,131.44037923567603,-5.293422359550965e-13
3762.3085526076516,131.5233440908038,9.272473230176037e-13
3763.261107517945,131.58936858460893,1.376374954736241e-11
3765.5070396377687,131.745107171296,1.2480452031812074e-12
3766.1210145277264,131.78769790821252,-1.3026262496169056e-15
3766.837026648407,131.83737562217678,4.785630247153558e-13
3769.172841961092,131.99950273160263,1.3761731353623386e-13
3769.619597577456,132.0305231382926,-4.9776566001495925e-12
3770.6306039978813,132.10073578600574,-3.6313428203606482e-12
3770.9470506266052,132.12271632615543,-1.7873715097204606e-12
3771.0631623890663,132.1307819694903,1.170299863943195e-12
3771.118343777768,132.1346152030836,1.0429461488381527e-11
3773.6382322433233,132.3097216883239,2.192845813876677e-12
3773.8010984545576,132.32104324914985,-9.8732386036878e-12
3774.4197055911022,132.36404985827954,-1.1092991109554345e-11
3774.544612373688,132.3727344433627,-4.131213003092495e-13
3775.354044496015,132.4290200352625,-1.9144957539868897e-11
3775.5406516105513,132.44199787154753,-4.173633350019058e-12
3775.6384246746848,132.4487978834922,4.966289966022703e-13
3776.5537563162666,132.51246676029922,-1.0740022761743071e-11
3778.327072329616,132.63585945084108,-5.568711031725343e-12
3778.4920706241014,132.64734347674778,-1.5455721089800497e-12
3778.523680098192,132.64954358108733,1.3851940496868019e-12
3780.929085612635,132.81702025994474,-2.5584856329687125e-12
3782.4135456914296,132.92042917409177,-4.586062798144342e-13
3784.475717638555,133.0641494138467,2.1130387449479988e-14
3785.26460258086,133.11915038120512,-1.5828852546608318e-12
3785.8949956744027,133.1631095556338,6.719127301582912e-13
3786.0159850704126,133.17154734127814,2.3073049571261904e-13
3787.5480371513445,133.27841579117845,2.283221202215544e-12
3787.6868957721817,133.28810402549075,-5.909118253948311e-12
3787.8234996163237,133.29763528950141,-3.4897707089010038e-12
3788.6487364752415,133.35522187565735,-6.633164963030116e-12
3789.3788231269796,133.4061791592362,-6.407781688847411e-12
3789.5532975040655,133.41835826365335,-1.7835659833356747e-12
3789.7003927758974,133.42862661776155,3.899116531485508e-12
3790.3059745230753,133.47090496750627,-6.390038263952706e-13
3790.820010467299,133.50679739917518,3.677810325282155e-12
3792.154908907899,133.60002908243874,1.2109221553739523e-13
3792.2968473615324,133.60994424736762,2.790576403565169e-11
3792.832771310292,133.64738476560106,-6.883394822402801e-13
3793.0366554826537,133.66162983455007,-2.1244057866070246e-11
3796.134869281114,133.87819142505302,1.5839601980795664e-11
3796.2726449613892,133.88782589340377,-4.6993576585186094e-12
3797.5190561314175,133.97500164343987,3.7387843369121884e-12
3798.1602198369033,134.01985668142166,2.445576464644087e-13
3798.7918185640337,134.06404996904067,2.4089122401189004e-12
3799.549005136145,134.1170403880468,9.365677536818101e-12
3802.1312962933407,134.2978370837468,-1.615078996660821e-12
3802.4645292059654,134.32117702216976,-1.882034434200594e-11
3802.648636156778,134.3340729188832,-3.7983126542185615e-12
3802.932056088025,134.35392648135485,-3.223896319540493e-14
3803.924423324026,134.42345345398454,-1.7743326431494433e-11
3804.454543189555,134.46060200643169,2.7514877219338225e-14
3804.5029389479223,134.46399363384654,-2.5542205098185013e-12
3805.0039495028973,134.49910753400536,-2.5404614282355325e-11
3805.1592263277144,134.5099912271999,3.9051856660127285e-12
3805.249689190085,134.51633217236957,1.5866242579721896e-12
3805.6542212106233,134.54468946876906,-2.3832968091755264e-15
3805.717740643476,134.5491423923073,1.9981973377349527e-11
3807.6103496430314,134.68185467727207,-1.6595807117191703e-12
3808.136328035327,134.71874870526986,6.881421131416921e-12
3808.3058020852527,134.73063731401442,4.1307376272466443e-14
3809.1665996017846,134.7910304490769,1.4211260503965314e-11
3810.006435563082,134.84996608631766,-1.0873772863656516e-12
3810.1609424296603,134.86081004803893,-1.5255745216400807e-12
3810.3294900302144,134.87263995084413,8.758481248188657e-13
3810.6059340422175,134.89204394561386,-1.1769911327006984e-12
3810.9657761017484,134.91730387568734,-1.2929792480479378e-13
3815.155615015953,135.21159469908375,1.1986647985282466e-12
3815.5677702202747,135.24056160966646,2.3239025283143015e-12
3815.934220118655,135.26631890795483,-2.3078665533418773e-11
3816.9714338061935,135.33923675102983,-6.9467923866953846e-12
3817.0504111959876,135.3447898044908,-2.581142961000314e-11
3818.0973801507057,135.4184150798311,5.694982526572426e-12
3818.4654926588682,135.44430639947694,8.818522675021619e-12
3819.272179229402,135.5010537049658,-3.222432825351529e-13
3819.474836467442,135.51531174817654,2.934989426231876e-11
3820.0684419677104,135.55707948963845,-2.6235574839505938e-12
3820.5348521111805,135.58990196403852,-7.334714790601068e-13
3821.057784468125,135.62670681618164,2.2852559472478714e-11
3822.4428639686403,135.72421536396635,-9.311661248455884e-12
3822.558540055139,135.73236047177264,2.4117782924013923e-12
3823.757972688506,135.8168307280858,-4.129252039758706e-13
3824.2236804691897,135.84963542361675,1.2180573728045564e-11
3825.0740416554045,135.90954561042074,2.6340817389176957e-13
3825.9279183501267,135.96971687703498,-1.1576227460276247e-12
3826.0458830110433,135.9780307058533,-4.883810487613152e-12
3826.2187498759718,135.9902143559047,-8.613746532455649e-12
3826.400233969688,136.003005940221,-1.699549027026602e-11
3827.855495839544,136.10559942892385,-6.573099905884007e-12
3828.562712938289,136.15547111827772,-3.048025856247289e-13
3828.972524470032,136.18437451333136,1.066491223794501e-12
3828.9801476539737,136.1849121944143,-2.9212190392873805e-13
3829.011131163384,136.18709754518193,5.753995801623826e-13
3829.656525236868,136.23262295636897,8.798966041454935e-16
3830.152357672979,136.2676036605392,-2.8714679370917077e-12
3830.163619058866,136.26839819768233,2.12500292516614e-12
3830.263435310394,136.2754407473396,-5.8206900622771834e-12
3831.1579618859028,136.33856238789954,1.5746678164498364e-11
3831.501419538817,136.3628021525375,-1.1097602566792894e-12
3831.9405519700995,136.3937973969642,-2.1965177785562462e-11
3832.114434180013,136.40607149091122,2.389233408468106e-11
3832.2073083101286,136.41262756974177,-3.903097033176484e-12
3832.7129511113335,136.44832419415204,4.4505246086337415e-13
3832.78983021554,136.45375200419045,2.7493798068199523e-12
3834.719226805399,136.59000670180941,1.2651151819679926e-11
3835.304316469751,136.63133949959987,-6.809382729497185e-12
3837.2231202385055,136.76693481729222,5.090319613244542e-14
3838.3384524610133,136.84578270972096,2.1144691889767533e-13
3838.889555181169,136.88475111861925,1.1897910144647596e-11
3839.063817968827,136.89707438418273,-2.13834061656836e-11
3840.0892669983164,136.96960194699005,5.996569291935992e-12
3840.258652152357,136.98158401878314,6.519309708003141e-12
3840.397320484001,136.99139361843527,9.53012143848891e-12
3841.4934213564966,137.0689458554119,-4.287406650918421e-12
3843.219056467153,137.19108426812136,-9.248413718577676e-12
3843.707968081774,137.22569882630384,-9.096263439261218e-13
3846.2632820071667,137.40668469133354,1.765023339998016e-12
3846.9962706986885,137.45862246616656,1.0282049305343185e-12
3846.999574618145,137.45885659617397,-6.859089695741223e-13
3847.106421886672,137.46642836366118,-3.0974112676642042e-12
3847.360220433099,137.48441472573325,-2.2715819729480616e-12
3847.770031964536,137.5134600232882,-1.4461716605401704e-11
3847.8389198045297,137.51834273674845,-5.8978395062726475e-12
3847.9478991563315,137.52606728213487,-1.4787542086818958e-12
3849.7780040649654,137.6558192964738,-3.011973134037195e-12
3850.9948151481826,137.7421237383326,1.4348263374056894e-11
3851.425364148089,137.7726677073973,1.4892557461453695e-12
3851.932893645366,137.80867720516287,5.0454594833163014e-14
3852.7167444607635,137.86430117601984,-6.36202625343443e-12
3852.935997693913,137.87986194731803,5.445249398966814e-12
3853.0690860291634,137.88930788256022,1.6717158041941216e-12
3854.5757345928982,137.99626491271061,9.904352042635024e-13
3855.1723648272286,138.03863127016487,4.3676221166746504e-13
3855.2068425449593,138.04107971276764,-1.7336679110583006e-12
3856.4826297095224,138.13169541115448,-3.334470432675619e-14
3856.6550395983463,138.14394351711442,1.1338955645233623e-11
3856.9058685077084,138.1617635369443,-1.4818583862362743e-11
3857.1793215820503,138.18119220020267,1.6832260040234147e-13
3857.198641827577,138.18256494319203,-3.0182444736440543e-12
3858.051816158495,138.24319158176698,-3.4993577552664874e-12
3858.059193955609,138.2437159071168,-2.8278877500305082e-12
3858.988532530344,138.30977016692563,1.7917302440686033e-11
3859.8135240000797,138.36842111570408,2.8197943455847992e-12
3860.068058706842,138.38651923001842,-1.3419648693985494e-12
3860.3636451724883,138.4075377344269,6.864915051842251e-13
3863.041086530276,138.59799802451366,7.925332776214285e-13
3863.273957319129,138.6145695735815,-4.90515458997064e-13
3863.549508678936,138.6341796474071,-5.156652684221633e-12
3863.797380448829,138.65182105184394,-4.710612353650538e-13
3863.8387664901984,138.65476666854036,-9.438851301907648e-12
3863.8662682887793,138.6567241033798,-4.147585535253464e-12
3864.002872132503,138.66644706024303,5.8699246079241996e-12
3864.588139587513,138.7081081264617,1.9987595214652048e-12
3866.0242377008053,138.8103605686384,9.086029209129354e-13
3866.5534649134097,138.8480519574478,-3.213337288405575e-13
3869.931303940162,139.0887420999298,1.0064921906717272e-11
3871.222214778442,139.1807823113026,1.2047976612359408e-11
3872.1030686987983,139.24360363385455,9.112084730105788e-13
3872.569702927949,139.27688915379,-3.040979748345693e-12
3873.69932126967,139.3574826490727,1.855841856806823e-11
3875.0324895005474,139.4526288092029,-4.092333488479407e-13
3875.3444265745684,139.47489600345475,8.14119030078244e-14
3876.2794803359734,139.54165425522334,-1.60390680414197e-11
3876.4609644293323,139.55461319556719,4.880811452496488e-12
3876.4685876132594,139.55515754517708,-7.259848546303539e-13
3877.3113256137976,139.61534163917753,9.437919743856571e-12
3877.488913620827,139.6280257470977,4.784922525515099e-13
3877.8260426187744,139.65210656478163,1.710026607961805e-11
3878.4606660787954,139.6974428212905,-2.226989682554035e-11
3880.080401668105,139.81318718933755,4.103940822075006e-13
3880.289353762257,139.8281221754298,-2.7766913814135396e-12
3880.9928650621223,139.8784120130391,-1.726454416839586e-12
3881.1332298011034,139.88844694416207,8.11459358043661e-12
3883.3863619160484,140.04957713741294,2.025452176115479e-11
3884.0703626814266,140.09851118162538,4.954438250192668e-13
3884.384588329767,140.1209940626686,-1.3082825845663852e-12
3884.917732928497,140.15914478059,-9.641062517213825e-12
3885.222359800782,140.18094559614073,1.3878687751765335e-12
3885.368930500672,140.1914356304509,-1.48956414945291e-11
3886.1325346201897,140.24609301875202,4.2330908949773e-14
3886.142446378544,140.2468025549279,-2.440539481381094e-12
3886.347011612685,140.26144682228187,-2.5870002722348195e-13
3888.250881992076,140.39777668377528,1.2641478485823205e-12
3889.0198545187477,140.4528591937133,3.384958542958783e-12
3889.330040087121,140.47508127558265,3.934667134204831e-12
3889.754260432048,140.50547582087572,4.8093808560275055e-12
3889.933735135446,140.5183358248934,-5.107656910568265e-14
3889.9453095036156,140.51916519011104,1.1434927208966986e-12
3890.707496400004,140.57378537858793,6.402808580808087e-12
3892.428431665092,140.6971511927966,-3.5681627921702327e-13
3893.6991296051433,140.7882766080653,-1.3206118128824616e-12
3897.1081762243402,141.03289611315648,-2.6654229670906337e-12
3897.3650546030854,141.0513373481262,-1.2479746360138428e-12
3897.3916299522743,141.05324525522028,2.2198328281908664e-12
3897.5287245694626,141.0630878082947,2.1506306931435502e-11
3898.4243678808784,141.12739802667707,2.4789452604174163e-11
3899.051858930115,141.17246280868875,-4.397217726126291e-13
3899.0881557487555,141.17506977410636,-4.452045988382095e-12
3899.885645418677,141.23235441668493,-2.728469480567089e-11
3901.018043107281,141.3137160335049,-1.2246266488630567e-12
3902.0273869125967,141.3862562650351,-1.0857808296558164e-11
3902.3117332920915,141.40669525899563,2.1711927655334903e-11
3902.5872295535632,141.42649952154122,-2.2122341705553604e-12
3904.0235730515824,141.52977483481484,1.5172120283896493e-11
3905.7264275019734,141.65226193146503,5.981063698262724e-12
3906.127164827828,141.6810949141439,1.5702149181980294e-13
3906.44857798411,141.70422267406556,2.7444502815344086e-13
3906.5369763583353,141.71058384372927,2.429839634550827e-12
3906.6151499919065,141.71620935836793,-7.654878990013662e-13
3906.816043226212,141.73066651155622,-1.3418055047893422e-11
3907.1966903483576,141.7580615771938,-2.955937443974451e-13
3908.099923045622,141.82307765945302,1.4718104120942328e-12
3909.633794220137,141.93352250182264,2.0323489938338812e-12
3910.2364739229774,141.9769297039478,-4.4104421158605046e-13
3910.317494500091,141.98276561319622,4.421445094391405e-12
3910.44434307638,141.99190275443038,-2.110032234672664e-11
3910.8964670974715,142.0244725079481,-1.8775408047987465e-11
3912.5767311802306,142.14554704667938,-1.4626873446196475e-12
3913.0751526739173,142.18147173155157,5.557164280748492e-12
3914.322735674407,142.27141373128202,1.589936633922562e-12
3914.877633086031,142.3114271618066,1.4895168800024745e-13
3915.0188353785215,142.321610107963,-1.9765910175995423e-11
3915.0379440349293,142.32298817626352,-2.118126217665915e-12
3915.045321832027,142.32352024625752,2.28489249895454e-11
3915.871975909807,142.38314301363476,-2.241046995647678e-12
3916.2401560120556,142.40970220759843,1.3597692892711936e-12
3916.8764420809644,142.45560749237814,2.365745825466554e-12
3918.606239959929,142.58044261590686,3.5412716489242708e-15
3920.1465073836584,142.69164619783118,3.721242341077181e-14
3921.6906583960517,142.80317403254364,-2.7590425125127257e-12
3923.9494043015916,142.9663933052389,-6.358449439338994e-12
3925.329695058663,143.06618077979348,-7.570594118183735e-14
3926.3624329861836,143.14086503753776,1.94979574444345e-12
3926.5076202605946,143.1513660855302,-2.0350481908842504e-12
3926.7359476977776,143.16788124795724,-6.270971026789026e-12
3927.766710033125,143.2424493195293,1.4084587370766636e-12
3929.3470351702695,143.35681222188558,-2.814541315052661e-12
3929.8338822954934,143.3920530070737,3.6405436994976125e-12
3930.2888194620646,143.42498791276412,-3.6642023592075076e-12
3930.508351879128,143.4408821953303,-1.7070291072721595e-12
3930.549737920395,143.4438786697324,-5.706727472265268e-13
3930.8557269172265,143.4660341763954,-5.0497324090287114e-12
3931.131557460889,143.48600750156785,1.3807722862465131e-11
3931.9330321118337,143.5440514989925,-4.660344345973245e-13
3933.2492237666543,143.63939774611467,1.6019068286688653e-11
3933.2669365002353,143.64068109196185,8.954357448660993e-13
3934.7274778756696,143.74652200740266,2.5228043536839314e-13
3934.762200980115,143.74903876157236,-9.188466288771261e-13
3935.2980911281547,143.78788325949495,8.051602248120485e-13
3936.7342781332673,143.89201270219945,-3.7251984150426084e-12
3938.0069516633316,143.98431850056326,2.022412947835159e-11
3938.7695404363167,144.03964263264862,2.145914662966847e-11
3938.8799370107354,144.04765254806793,-5.499186690828644e-14
3939.814990769901,144.1155051560703,8.955207123173285e-12
3940.546371946922,144.1685893946133,2.3835255672941174e-11
3940.6117442781515,144.17333465111835,-8.672158992635574e-12
3940.969978823985,144.1993396313028,6.838200099338117e-12
3941.593586283478,144.24461421473833,-1.6431959010803594e-11
3942.2194147218925,144.29005724553667,-2.8226827211750193e-12
3942.5700598815406,144.3155216562471,-1.6687737410163877e-11
3942.9447802268282,144.34273694878968,-1.7162103566271515e-11
3943.2971217940217,144.3683292687183,2.2920019978925977e-12
3944.0278219084125,144.42141094006115,4.296561007714344e-12
3944.1246134246253,144.42844309235548,2.9150049844317416e-12
3944.7332199030457,144.47266387051192,-1.0014981802389265e-12
3947.2838126761812,144.65806177398557,9.993412299493384e-13
3948.029479973719,144.71228559833943,1.6380501080379745e-13
3948.9044409129224,144.77592452545602,9.257084338507659e-12
3949.495825431306,144.81894594831218,-1.0183766717065257e-12
3949.939065535996,144.85119453993804,5.87130650004933e-12
3952.8467210181534,145.06283506841896,1.539300210266477e-11
3953.036073681717,145.07662294763344,7.617951725841779e-12
3953.9037457193385,145.13981169048262,-4.834120271783319e-14
3954.326984515968,145.1706393449632,1.8082551754883954e-11
3955.526171756472,145.25800306128485,2.284023912204259e-13
3956.1135712927353,145.30080621637703,2.201106638044111e-13
3956.380763307219,145.32027830629707,-1.420227127308705e-13
3957.734914389233,145.4189846795503,-3.1495954539374177e-12
3957.912781580289,145.43195223110564,-9.967375187044225e-12
3958.6352788410827,145.4846324702239,1.0438417942339528e-11
3958.85545852271,145.50068858571674,1.0370539192747219e-11
3959.050302286867,145.51489788034945,5.154442892494078e-13
3959.5733573344537,145.55304596877968,-4.307649222301618e-12
3961.8801522148783,145.72134806943055,1.354958904875493e-11
3962.4646835072804,145.76401061957824,-5.7468689989049574e-12
3963.5231041309094,145.84127643147897,-2.6141587464568883e-11
3965.7060413721074,146.0006983013573,2.0839781510395244e-12
3966.8434731826987,146.08380075402863,7.177827635302967e-14
3967.7243608976532,146.1481760903017,-2.2200460778089633e-11
3968.124383362316,146.1774144795159,-5.823405687945499e-14
3968.3179663945684,146.19156488334912,1.9844767534755696e-12
3968.340835946275,146.19323663223304,1.1730580539279792e-12
3968.45574207393,146.20163633887236,-1.2662330433965989e-12
3969.0986021827584,146.2486342839277,1.8619274509100218e-13
3969.307308889399,146.2638939625348,-1.7285830605818068e-11
3969.8348947903282,146.3024722053325,6.377750771791626e-13
3970.0829443505672,146.32061190740467,-1.0441052028664835e-12
3970.6198836406793,146.35988180851663,9.074007044538122e-12
3970.6923883821028,146.36518496401905,7.0434029670900965e-12
3971.4671311916222,146.42185739469681,3.5332943807193504e-12
3971.903763457079,146.45380191320783,-1.3385831299351963e-12
3972.4732048726205,146.49546817842594,-9.213466575618952e-12
3972.5550843034152,146.50145982161806,-1.7758350445313563e-12
3973.0200772211906,146.53548867836585,1.9939815835216955e-12
3973.607019781188,146.57844767366524,-4.888085428139256e-13
3973.867447465467,146.5975107053879,2.8473009568313478e-12
3974.405871573986,146.63692674362366,1.340921630216898e-12
3974.6497583608766,146.6547825508437,1.28554995792819e-11
3974.809231755736,146.66645874996917,-2.4202763959552813e-12
3975.145768585598,146.69110057955572,-1.3547397226476458e-11
3975.218362222675,146.69641628926323,1.1995691145416443e-11
3975.6316892606583,146.7266842428124,3.1790798432111826e-12
3975.8487553116056,146.74258125768327,-3.1675932259826607e-13
3976.9958747934643,146.8266059311851,-2.8985942515792163e-13
3977.2220488467783,146.84317568082452,-8.067007822019483e-13
3977.588151962856,146.86999877827273,-1.632781939740657e-11
3977.637876048228,146.87364207888695,-2.106414306482769e-13
3978.952058311006,146.9699491681975,1.170301715126725e-12
3979.5918385867913,147.0168456370349,-1.2721472422501369e-11
3980.1900763302183,147.0607038223849,1.6614597897103694e-11
3980.830838153252,147.1076868579696,3.6431699432125025e-12
3982.301536671305,147.2155525341015,-7.736192693584738e-12
3983.55384081107,147.30743188400504,5.150658625061194e-12
3984.531050568109,147.37914810997825,8.162639966887489e-13
3985.68437601052,147.46381188182892,-2.992544309356087e-11
3986.150786151065,147.49805726060598,2.6198068363871454e-13
3986.534737191548,147.52625122603436,1.2720916578766185e-11
3987.1383433420488,147.57058020845568,8.742362203212857e-12
3987.3133422891933,147.58343342862946,1.6174535069477447e-11
3989.7574220729466,147.7630037266752,-3.284823850715368e-12
3990.0234084531917,147.78255279401733,1.9074202432534193e-12
3990.2714580132515,147.80078474227605,3.501311239815049e-12
3990.440843166339,147.81323541094636,-3.657195384062264e-12
3990.7855615490344,147.83857559437308,1.8287498029587254e-12
3990.922656165753,147.8486540022227,1.7580916319344634e-11
3991.468580764431,147.8887906736666,6.995553111532792e-12
3992.0250518886405,147.92970838146167,3.583173309927847e-14
3992.731063349103,147.9816301033463,4.376056372821074e-12
3993.014026302406,148.00244243331184,-5.8439284267694084e-12
3994.0852482270984,148.08124569896768,3.854757428123542e-13
3995.355946162415,148.17475060730135,-2.6455946098251173e-12
3996.0195562366093,148.22359449098892,1.093892219410373e-11
3996.4729747858732,148.25697225211118,5.365747596417612e-13
3996.966764031278,148.29332615243726,-8.032953637530374e-12
3997.35861744007,148.32217849832008,-2.316004459658672e-13
3998.3693446670823,148.39661186358575,-4.14975074579331e-12
4000.966268705541,148.58794440693308,4.812270269433101e-12
4001.2959861071404,148.61224575293232,2.0707065907567295e-11
4003.485163104054,148.77364667776456,5.652557393543951e-12
4004.0262651668354,148.81355398611987,-1.9242458848725993e-13
4004.505489106856,148.8489021685259,-4.249679455484363e-12
4005.421222618401,148.91645963122085,-1.0809289329622382e-11
4006.174301509205,148.97202896237548,4.0985189325541576e-13
4006.3087181710225,148.98194860229955,2.139028526539503e-12
4006.3315877226983,148.98363635564823,1.236676787830295e-12
4006.468191565704,148.99371780304116,-2.5718767317148336e-12
4008.2624015230444,149.12616350552858,-8.7469474042899e-12
4008.317582911245,149.1302378470696,-2.721942854680612e-11
4008.618047008852,149.15242372720382,-5.088661845338417e-12
4008.9051727353008,149.1736262731694,2.4334094477615732e-12
4009.4285958621886,149.2122818997866,-2.6944546175150273e-11
4010.743704572843,149.3094270295799,-2.042795508172279e-12
4011.2906107184162,149.34983555466917,-6.983035387185678e-12
4011.881191479542,149.39347719514154,-1.457519149152073e-12
4011.9868118133218,149.40128280771114,-4.669328309846812e-13
4012.0469046328367,149.4057239123532,3.563129626146368e-13
4012.821647441223,149.46298652523947,-4.2895966622407953e-13
4013.4520743270605,149.50959065177702,-1.911833184250498e-12
4013.909566753685,149.5434152321905,1.1708845876424866e-11
4013.9195674076573,149.54415467093233,-1.0472186586363592e-11
4014.829932511685,149.61147390871471,9.40428700933137e-13
4015.1233868923823,149.6331773848266,-2.784426510052714e-13
4015.691309690835,149.67518466740913,4.774662058555393e-13
4018.180828090749,149.85939582682258,-7.613151988804465e-12
4018.7835966868934,149.9040146738533,-1.0751622284123292e-12
4018.967669838465,149.91764168749341,-3.809332608748344e-12
4019.768061546386,149.97690228314613,1.7890418541176205e-12
4020.853391799425,150.05727843416977,-1.0096837545066718e-12
4020.9113525356556,150.06157143465308,-1.4608024313595643e-11
4021.1205500155525,150.07706666084056,5.878221070427628e-13
4021.8943112764214,150.134386047382,3.3324648836712577e-12
4022.720965351025,150.19563586080724,-2.8782612289592913e-12
4022.891276953271,150.20825643204756,-1.72179715363881e-12
4024.326537504545,150.3146345211818,-2.634107433344338e-13
4024.3844093451025,150.31892463985488,-3.1929569293283133e-13
4024.7104885445137,150.3430984899005,-3.69186614026283e-12
4025.2966824454265,150.3865608436956,2.5496849951820217e-12
4025.683992502739,150.41528076454716,4.793204950150463e-13
4025.9205690876097,150.4328248153172,9.392587218852639e-12
4026.6166687889336,150.4844521695642,-1.0659387892392805e-11
4027.329935352202,150.53736199047566,7.27836566562901e-13
4027.829651373412,150.57443630264515,-2.213218553185745e-13
4027.864251784335,150.57700350375805,-1.4310097979931603e-11
4028.836093132648,150.64911894480022,4.0191719564644465e-13
4031.6358859938705,150.85697470024377,-1.5320598170392755e-11
4032.970158457765,150.95608147894484,2.073458835678005e-15
4033.152814386259,150.96965130534,-4.1111553431964425e-12
4033.5770685267216,151.0011722543313,8.72391955116032e-12
4033.7590433926784,151.01469351668916,4.865117050354794e-13
4034.345952153684,151.05830670270842,2.5328128900427387e-12
4034.7557636823035,151.08876355672385,-1.806116164268938e-11
4035.3302943192402,151.13146740746325,-8.180370100988613e-12
4038.213227342282,151.34584254876887,2.6242578278409118e-12
4038.9570204385445,151.40117591097328,-4.843106843668836e-12
4039.014701990177,151.40546746854454,2.0051222710141495e-11
4039.710099328476,151.45721045822353,-1.6527991231038416e-12
4039.8569492121087,151.46813837492817,9.646249028920627e-13
4041.1236621634444,151.56241802365926,9.116403214230429e-12
4041.7021777822224,151.60548595279138,1.909045632250775e-11
4042.1475712689153,151.63864772827472,-3.07752980471374e-13
4043.520864800912,151.74091931244465,7.699819909277045e-12
4045.9052874361705,151.918573983433,-6.043075096847617e-13
4046.302318962613,151.94816553176838,1.7916439224399861e-12
4046.4388890076875,151.9583450397069,2.017571758465884e-11
4046.6738918782485,151.9758622296739,-1.875081984286336e-11
4047.6386008156933,152.04778260563592,-6.766026358497755e-12
4048.0129530793647,152.07569569789365,1.01547311136498e-11
4049.123585451,152.15852375426525,-6.553826932950632e-12
4049.3280617882756,152.17377554123865,-1.631583088615465e-12
4049.6620095581075,152.19868619320337,3.4575774324684214e-13
4049.6862963327353,152.20049793205922,-1.7696140231515685e-13
4050.561257268813,152.26577530008748,1.854476446489625e-11
4053.3592861249294,152.47461980051693,1.2030599737026236e-11
4053.5032677647755,152.4853704723597,2.4309819916390843e-12
4054.571900628076,152.56517397845155,5.303027905206891e-12
4054.7865003126817,152.5812024183946,-1.8379374112630547e-12
4056.6307686347677,152.7189857017629,1.602438686003227e-13
4056.9246586907584,152.74094769629133,9.859010041642445e-13
4057.10082947365,152.7541134562281,4.245904547310519e-14
4058.7392380331407,152.876583921667,-1.0551597675011454e-11
4059.4071335725903,152.92652306642825,-3.0490120558343602e-12
4060.418787246798,153.00218096280057,2.881857562181285e-13
4060.5022741892262,153.00842548947423,4.9921656010138876e-12
4061.665879467129,153.09547239543716,-6.241690071194692e-12
4062.4382786018664,153.1532677512032,-7.444715255119798e-12
4063.1271569964188,153.2048228752524,3.021216248058908e-12
4063.294845741533,153.21737389364839,-1.7282980869330982e-11
4064.0954828350636,153.27730640895132,4.000947790124315e-12
4064.1214998149726,153.27925413489993,1.97458702619136e-11
4064.428660646532,153.30225025693878,7.09337909503413e-12
4064.9862485075914,153.34399946868095,-8.144188094905061e-13
4065.1078175716443,153.35310267369468,1.2109469933227178e-13
4065.405379627209,153.37538554691153,1.5516593743389623e-11
4065.640962166923,153.3930282536697,-5.946630033304019e-13
4066.2857427677714,153.44132091043002,7.832007113831619e-12
4066.3547195028846,153.4464875704758,7.051471477088904e-12
4066.9567519375864,153.49158616151365,-1.458077159348994e-11
4069.3136727725864,153.66820867073048,-7.38090538168397e-12
4070.302088814605,153.74230886891272,-1.753581413014915e-11
4071.5931899324814,153.83912805989075,4.632280575219701e-12
4071.8074766346613,153.85520031082717,-1.3827103143194264e-12
4072.1989281644783,153.88456272641236,4.809543533292367e-12
4072.607534058662,153.91521488586758,-1.0596619875930012e-11
4073.20005661292,153.95966928187062,-1.0733624297649797e-12
4074.2247694732264,154.03656430444687,2.9781988125580962e-12
4074.5349550395517,154.05984461543696,-2.889821677685317e-13
4074.535847691159,154.05991161404228,-1.805717397705042e-11
4075.3574125416458,154.12158097542567,4.747574209615021e-12
4075.5376909997976,154.13511493326354,-1.5803665431303324e-12
4075.7145428451126,154.14839222836403,1.6819615023845365e-11
4076.5124005902608,154.20829920557009,6.70614145047237e-12
4076.739065416438,154.22532042415173,-5.099497168643413e-15
4080.2514437725995,154.48920069995293,2.615150512971096e-12
4080.4797712085524,154.50636250063388,-1.2347512464872135e-11
4081.4987475811804,154.58296364212757,-1.2116847456918699e-11
4081.6807775447674,154.59664968543348,-5.630650798036823e-13
4081.9521661291215,154.61705534914867,-9.960505974755447e-13
4083.0091908255745,154.69654579776832,1.5964083125340824e-11
4083.0349624186497,154.69848413201592,1.5513936221108768e-12
4084.095202138828,154.7782375358573,3.4626654357254036e-12
4085.8995354388007,154.91401078815383,9.006336553261051e-12
4086.267681741106,154.94172058662647,-5.748230707009552e-13
4087.0619350818097,155.0015113012069,-3.846021024444794e-12
4087.3839955008307,155.0257590463786,1.1674981180652725e-12
4088.308155949609,155.09534916683924,-2.3934181261527883e-12
4089.9419998561384,155.21841758921087,-5.62807733336225e-12
4090.1589432128267,155.23476243014792,4.597125760915981e-12
4090.5112847782198,155.26131022455198,-2.2905333162675107e-14
4091.194303991295,155.3127800206992,1.2981433275607156e-11
4092.3716032217944,155.40151709885023,-2.2440438258988195e-13
4092.5409883742923,155.41428633931062,3.6407203723385e-12
4094.825594755079,155.5865649264636,-2.275307611477207e-13
4095.4940148651076,155.63698761947725,2.1081793704306543e-13
4096.717890752335,155.72933280029008,1.5735975434289308e-13
4097.303593878195,155.77353565523666,-5.426479033007491e-12
4098.053681829539,155.83015381646698,-1.1153816110748001e-11
4098.540093276191,155.86687467940126,4.609075506556801e-13
4098.9065431708,155.89454211319253,4.005889925545437e-12
4101.248463022396,156.07141846410548,-2.239398688308294e-12
4101.2855973944625,156.07422389649642,-5.762223135810183e-12
4101.981049829241,156.12676872034913,2.02155302418924e-12
4102.089940284384,156.13499673209105,1.7769129563628034e-12
4103.797795049919,156.26407472002973,8.18981587064761e-14
4104.999080569778,156.35489888872675,1.977316359445698e-11
4105.683081329802,156.40662519954185,2.0787913559576742e-13
4105.911844441276,156.42392691608364,5.540517027184526e-13
4106.162305268181,156.44287077070615,-8.513384517946776e-12
4107.482972670649,156.5427798787057,4.172281638458428e-13
4108.233864377685,156.59959951512616,4.873163180772032e-12
4109.768941175385,156.7157904036215,2.2728382036487065e-11
4109.803105910499,156.7183768468156,2.9818902172913e-13
4110.14754510724,156.74445383666892,-1.0170505976895132e-12
4110.5571112480075,156.77546433687823,2.2454883015535722e-13
4110.942758694416,156.80466664602656,7.273971600052342e-13
4111.7726277903175,156.86751595835247,1.977349918910158e-11
4113.455849000691,156.99503200664887,-2.9129579864151278e-12
4115.7178650128935,157.16647809665412,-9.394043954668791e-12
4115.890363795793,157.17955624947382,2.1922276201575923e-12
4116.432058023393,157.22062885547248,-1.2476864461367427e-12
4116.894796162227,157.25571909496355,-7.476534658738649e-12
4117.207046215891,157.2793997895088,-2.436282919662348e-14
4117.348125813978,157.29009969735944,-1.6405393003851996e-12
4117.8414580814815,157.32751840673782,-6.858720650783786e-12
4118.332467976823,157.36476541830217,-2.117771783767533e-11
4118.730180564846,157.39493834142385,-1.87193882572841e-12
4118.797684978932,157.4000599307164,-8.033559054741963e-12
4119.185608502085,157.42949348454724,-1.993936218709187e-11
4119.391290472797,157.44510065252243,7.181116984004521e-13
4120.2349549154715,157.5091261465024,1.110965038242975e-11
4120.380632962545,157.52018294630574,-6.255128147960664e-12
4121.515340517026,157.60631935387295,4.4454728890523714e-13
4121.765712448138,157.6253284482266,2.548757147444811e-12
4122.283822263777,157.66466878675288,3.983199247465471e-12
4122.469312637698,157.67875436606005,-1.7500779571475887e-12
4122.655395178482,157.69288554956472,-1.0142725622629727e-12
4123.269090875812,157.73949436997088,1.0449686592693524e-12
4123.331772754254,157.7442553094203,-1.3076945951840437e-14
4123.546528929526,157.76056744890911,-3.3340256489880936e-12
4124.242628628593,157.8134466245816,9.310500629557484e-13
4125.2853672029605,157.89267490327293,1.7461944378898046e-11
4125.72308240664,157.92593889344158,4.651947135127589e-12
4125.8138795504465,157.93283942770464,1.8562035727205315e-12
4126.9551060479125,158.0195849797324,6.844754309616004e-12
4127.0903477653055,158.02986640239956,1.48245336593323e-12
4127.683987056755,158.0750003710903,-7.166866467070925e-13
4127.739883305007,158.07925045706946,2.0865788937136834e-12
4128.295372879398,158.12149038137622,-2.91916215342622e-13
4129.740265999359,158.23138796816312,5.4210124527512935e-12
4129.801530654803,158.23604856601446,-7.340795948494503e-12
4130.639792892258,158.29982479449328,-2.0651212615959242e-12
4131.097720992809,158.3346701072903,8.133060136732885e-12
4131.1529023807825,158.3388693083042,-2.8713603194086135e-12
4131.2634003477015,158.34727816672938,6.0122287422812855e-12
4131.968083477546,158.4009096086868,-2.054809906912661e-11
4132.509185538005,158.44209756630738,-7.877797050342507e-12
4132.519186191938,158.44285885333213,9.5431027904558e-12
4133.933899558571,158.55057066789456,2.263557687548212e-11
4133.981580456089,158.55420158329517,-2.0254991716639125e-12
4134.627164811439,158.60336715798135,1.8638387426423068e-12
4135.866566249402,158.69777740034058,1.6787389896969504e-11
4138.0732994787895,158.865943276726,8.432760089748952e-13
4138.386666270485,158.88983091807663,5.852983113280819e-12
4138.636010358885,158.90883946421266,-7.122010369909167e-13
4139.259617814171,158.9563846911765,5.880354606134105e-12
4139.469585251442,158.97239469017086,-5.980052490098666e-12
4139.797449752824,158.99739595425635,-1.3495810034335867e-12
4142.193569442027,159.18017185930526,-1.295860378893091e-13
4142.541904724698,159.20675166442365,2.531438666879535e-12
4142.748568242528,159.2225222288377,-8.2069375772708e-13
4144.015281189587,159.31920272094337,6.894037238507204e-12
4144.395928308616,159.34826097500545,2.2092697278237076e-12
4145.6081409301905,159.4408179655672,1.7518223181643383e-13
4146.136653277335,159.4811803434994,-5.070489773054226e-13
4147.092880173925,159.55422026889494,3.958400747188254e-12
4147.364323855631,159.57495714762615,-1.0104218036375015e-11
4148.93351028856,159.69486139276256,7.668445263009482e-13
4150.854568812667,159.84171454703488,8.237536550836178e-12
4151.7649339125755,159.9113301221624,1.79701051752337e-12
4151.893914571069,159.92119450157142,1.1805509658075155e-11
4152.039592617995,159.93233625782705,1.7413862120932403e-12
4152.07770853727,159.93525150614715,-3.176988721242003e-13
4155.32835217507,160.1839713751128,-3.8964457943635e-14
4155.8689972592365,160.2253571921356,-8.35600955392522e-13
4155.90646591372,160.2282255780438,4.306119169016214e-12
4156.453773934641,160.2701272979285,1.569742380674834e-11
4157.38204205673,160.34120781202068,7.740366436376923e-13
4157.640616840712,160.36101055211913,-2.7101436950101307e-11
4157.678119292936,160.36388274927222,2.038079929667938e-11
4158.73091361805,160.44452359183424,-1.0270245107336007e-14
4158.811934194473,160.4507303675961,-1.3589468119583463e-12
4160.238277025914,160.56001858678945,9.503352285340691e-12
4160.3506829893495,160.56863286910132,-1.1919370060567414e-11
4160.666236962003,160.59281673562523,7.693766474871683e-13
4160.868179337312,160.60829444023597,3.1813800362605623e-12
4162.075603220371,160.7008521080781,-3.113305992345283e-13
4162.159090162525,160.70725297135667,1.0000783524733517e-11
4162.241963637633,160.71360692769056,-1.7685578005041008e-12
4163.095840322162,160.77908150439234,-8.318984164897778e-12
4163.12022848993,160.78095176674032,1.2893665810333973e-13
4164.537497116603,160.88965706712963,-1.7750599807998488e-11
4166.8497279838375,161.06708589951387,3.734794474904454e-13
4167.331540980433,161.1040701764844,1.5270825664020737e-11
4167.455555109644,161.11359027316485,-1.985170704157468e-12
4168.316999879963,161.17972795598877,7.903439693538795e-12
4168.52249156146,161.1955066613313,5.824194133225843e-12
4169.014305211953,161.2332737947305,-5.6525456308652805e-12
4169.201648484295,161.24766134720792,1.5256640608879862e-12
4169.254151917389,161.25169361171478,-2.754920808688879e-12
4169.460815435046,161.26756586650689,-1.3193190733257313e-12
4170.1438346464,161.32002898016324,-2.520667636698518e-12
4170.970488716994,161.38353626746263,2.536019854816993e-11
4172.134305579825,161.47296725452395,-1.4035929059184508e-12
4172.412234406746,161.4943277840972,1.6566130949087638e-12
4172.748280460762,161.52015687820725,-3.316560000265923e-15
4173.683055027987,161.59201624612118,6.320551551484246e-13
4173.933515854354,161.61127277395332,9.72208472798704e-12
4174.124074150421,161.62592450632485,-9.747623552132349e-12
4174.391042076314,161.64645238183553,3.65803289880303e-13
4174.827585443154,161.6800221936753,-4.1514892759846875e-12
4175.7838123388865,161.75356749113686,-1.3359505598768228e-12
4176.666083472942,161.82143964469887,4.833004077142233e-12
4176.811270746123,161.83261011680182,1.1006209319991849e-12
4177.073517529594,161.85278794089584,-2.632715847281768e-12
4177.745609637522,161.90450591782178,-7.363193408995018e-12
4179.41865239914,162.03328391301972,2.1096677335645776e-11
4180.428364275084,162.1110287351673,1.2377768036849886e-11
4182.197081813761,162.24726000599588,-2.9210788154648603e-13
4182.459362394932,162.26746645157513,-1.6843593729994998e-12
4182.709209754188,162.28671620366336,-5.5439585242470606e-12
4183.005286990163,162.30952927385755,1.366140408511046e-11
4184.274343607962,162.4073297482421,-2.225875270714976e-11
4184.954338084147,162.4597460649177,-6.42585402530601e-12
4185.135822175576,162.47373692385065,7.586715323419545e-12
4185.962476245786,162.53747250207115,3.1870529685371456e-13
4188.507209817501,162.7337521698398,-3.747210412691542e-13
4188.9017073808955,162.76419112352772,1.1798190903156398e-11
4190.030344163048,162.85129120241504,-1.752540649310048e-12
4191.064499304333,162.93112046742436,5.129018035910498e-12
4192.911580764141,163.07375075560208,-2.5785670009386193e-11
4194.6327951960475,163.20671825143475,8.366311861055471e-13
4194.86155830688,163.22439479955216,-7.128926772281414e-14
4196.054696068075,163.31660429749687,-5.328232332964826e-12
4196.262476323802,163.33266490043687,-7.680999371823047e-12
4196.568799600387,163.35634394480329,-1.2006718269504178e-12
4196.878951367762,163.3803206957205,-1.634049808516061e-13
4196.981445572821,163.38824455461915,2.0263693540897922e-11
4197.398880283134,163.42051856099582,9.083532316995928e-13
4197.747215565208,163.44745259497697,-6.785222593859341e-12
4197.82079074902,163.4531418725065,-3.950534805191838e-12
4198.373010200523,163.49584599819707,1.4694465591935264e-12
4198.45911999947,163.50250553044208,1.4869523353784736e-12
4199.786606826019,163.6051875679354,-8.041948484741802e-13
4199.848273359298,163.60995830655128,4.66685323573599e-12
4200.1238247159135,163.63127677872723,1.3430978856736837e-11
4201.576620201048,163.74369775557543,-6.227689236037098e-14
4201.94056993099,163.77186719303643,-9.292369478338788e-13
4202.350381457398,163.8035892198793,-4.5255000015388e-12
4202.405562845249,163.80786084769758,8.60278379135239e-13
4203.455400029543,163.88914012498577,-6.209093573886845e-13
4203.914254578405,163.92467140590898,5.713339287677536e-12
4205.154425971898,164.02072315750235,-3.5885246583778537e-12
4205.8598239604,164.075369143398,-6.650806828318866e-13
4207.622860108221,164.2119886466998,7.536641429823093e-13
4207.641253904168,164.21341430286074,-1.7791675320476565e-12
4208.887665056128,164.31003496872245,4.8564915231457815e-12
4209.915402646887,164.38972578444694,4.721186257584891e-12
4210.374591478141,164.4253375942427,3.155167918183506e-13
4212.054821746226,164.55567883891047,-7.206232055527242e-12
4212.512347967653,164.59117973100038,5.85043461521888e-13
4213.13898015637,164.63980834179893,1.1463072217857083e-11
4214.368169348341,164.73521826419113,-6.2540598368453754e-12
4214.837113446626,164.77162513773249,1.574324548850479e-12
4217.283693375721,164.96163314736935,-3.4311688256586343e-13
4218.55161195378,165.0601465087015,-1.497767333246794e-11
4218.863862006458,165.08441191879524,2.6319399065658205e-14
4219.960677724916,165.16966131326078,1.3264895726597038e-12
4220.029565564028,165.17501632203215,-1.0064475946885556e-11
4220.675573095812,165.22523808924637,-2.064298888448499e-12
4221.7828802417525,165.31133998521074,-1.5027177212982965e-12
4222.195035440241,165.34339408250077,-2.61351540803801e-12
4223.272251728745,165.42718602833347,1.7403916819466216e-12
4223.712801377059,165.46146061803725,-3.686893329350621e-12
4223.964065958982,165.48101050489734,-1.2722269981543005e-11
4223.97693485659,165.48201181338516,-7.663586875552901e-13
4224.072520738,165.48944929451426,-9.076859556927282e-13
4224.911273746651,165.55471939001828,3.789350311006017e-12
4224.988588525528,165.56073652508778,4.493123375981994e-14
4225.530282751298,165.6028977540978,5.120987164641858e-12
4226.034597218322,165.64215449454068,-2.5608642950261967e-11
4227.162117260969,165.7299396183879,-1.8674425508767442e-12
4227.4656060913085,165.75357229331826,-2.613452753033727e-14
4227.914024310223,165.78849372503888,-1.1896623303270366e-13
4229.66385727679,165.92480076287782,-2.3848478578563594e-12
4229.930300630857,165.94556089440525,-1.142064127908228e-11
4230.300143339045,165.97437963072045,2.1873246965886644e-13
4230.867050788564,166.01855885853803,-9.490176259027e-12
4231.332881256097,166.0548655648395,-6.863509855141959e-12
4231.970774830194,166.1045893098357,9.077155390399556e-14
4232.555183424016,166.1501504847413,8.172733397952662e-13
4232.5720711013055,166.15146716126605,-4.384625693451968e-12
4232.604260244189,166.1539768571689,-2.113312526494885e-11
4233.396660682572,166.21576408330804,-9.58049859958418e-13
4236.647739988026,166.46938725573818,1.7104790307894012e-12
4237.785226886479,166.55817085187687,1.8170263590026726e-11
4237.96671097762,166.5723383276453,-1.6711662058386462e-11
4238.408466259646,166.6068262952618,-3.4772390850468433e-12
4239.22410432962,166.67051285040773,1.397442938912086e-12
4240.456809029123,166.7667880088336,1.1287466989852676e-12
4241.167787013131,166.82232864872367,-2.2340114636383166e-12
4241.854076344674,166.8759494764952,-5.523354072566359e-12
4242.267627465714,166.9082650428941,4.697483504361828e-12
4242.328333751827,166.91300899734375,-3.0051789544883535e-11
4243.5759167386595,167.01051767140672,-3.151867975238087e-13
4245.689966120882,167.1758131383583,-9.973998630464228e-13
4247.6799800738845,167.3314856177955,-8.993330622231629e-13
4248.185902052449,167.37107391979615,-1.1250790503133283e-12
4248.489847858491,167.3948598905335,3.587763465517799e-12
4248.672994559371,167.4091932740442,-1.0286006286289794e-11
4249.300396705608,167.4582995553028,3.520118909297488e-12
4249.7888175398275,167.49653289620028,1.0771860874378446e-11
4250.466311851203,167.54957409046241,1.3353751440943085e-11
4250.651311450761,167.5640592236763,1.4288904256953817e-11
4250.835786478941,167.5785039116686,3.0217562625080066e-12
4251.025316931992,167.59334510034452,-1.2529797279492994e-12
4251.9719788473485,167.66748340089134,-1.106160116275998e-12
4252.045554031042,167.67324616950285,1.070392936933124e-12
4252.35892082165,167.69779170758684,-2.08512652782144e-12
4252.999928025866,167.74800644918494,-4.169982305346889e-13
4253.2486035484335,167.76748904347818,-1.495629175211673e-11
4253.386379226523,167.77828363057836,-1.4235831975307068e-12
4254.561178287636,167.87034216891172,5.028292533310767e-12
4255.327561745752,167.9304105163813,-6.106003507562791e-12
4255.43802591451,167.93906947646772,-2.488179206262483e-11
4256.368481214996,168.012014041147,-3.3389001870323052e-12
4256.756840412225,168.04246481271866,2.6883779380806924e-12
4257.659392036489,168.11324351721973,-1.1596434584014693e-11
4262.41400625207,168.48635129348952,-2.438548398604994e-13
4262.845951168781,168.52026784417748,7.15526272592111e-12
4263.274803755149,168.55394498344407,1.1078804454039637e-11
4263.53313315149,168.57423283179435,1.8577329286276465e-11
4265.761475191992,168.74928627173958,-2.8532777026484036e-13
4267.231247247238,168.8647982551854,-2.054202137093393e-12
4267.518004891102,168.88733968445513,-8.030231818994019e-12
4268.051606458914,168.9292890392507,8.465233558386892e-12
4268.484477824896,168.9633232919483,-8.403259034595267e-12
4269.259220626981,169.02424559929545,-1.6576940111993666e-12
4270.092080655972,169.08975031711898,1.4517435157793478e-13
4272.403452662037,169.2716074289213,-4.551882793452055e-12
4272.651502219858,169.29112963969243,-1.0218274450153255e-12
4272.694808754836,169.2945381042651,2.0851423601472077e-11
4273.288414245918,169.3412616320026,-1.8638875426333466e-12
4273.728718506769,169.37592279596328,-3.67025664265226e-13
4274.277756731033,169.41914860233868,1.623543345282817e-11
4275.165988436533,169.48909088634434,-2.488351593862025e-11
4275.232096927499,169.49429706729427,1.3661565673558922e-12
4275.339870643827,169.50278464386804,1.266187244008433e-12
4275.662836210146,169.52822065143332,-6.615399779438609e-12
4276.047857690007,169.55854654728418,-3.9517985823922357e-13
4277.4436526832105,169.6685080699107,8.653594180278991e-12
4277.853954982338,169.70083874344593,8.310581888716286e-13
4278.651042764314,169.76365589516507,-8.040689607371948e-12
4278.995672248177,169.79081919097803,3.870809726037906e-12
4279.402425241061,169.82288180457786,2.5299225146736236e-11
4279.557702063354,169.8351224218187,3.654809380941955e-12
4279.620206150166,169.8400498028591,-1.2074309336901288e-11
4279.702889336089,169.846568072212,-9.363923833284825e-13
4280.052696938216,169.87414629575568,-4.537135191985028e-14
4280.26717392791,169.89105640364994,-8.177566853958038e-14
4280.602137040348,169.91746774939867,-1.1190663920078235e-11
4281.971690967,170.02547655077234,2.072754576695485e-13
4282.192496610937,170.0428934498307,7.576797412558806e-13
4282.886743407969,170.09766070178975,1.4759968485947824e-11
4283.92250605829,170.17938571947028,-3.381256897944162e-12
4284.11608908858,170.19466223753813,-1.269784776405864e-11
4285.007222835267,170.26499456070567,8.190926221449984e-12
4285.160524065439,170.27709526484193,-1.5604967484737256e-11
4285.265797618263,170.28540519522966,1.4928263585129692e-12
4286.322822308113,170.36885438632046,1.7104095977673597e-11
4286.86124641125,170.41136939984762,-2.5841593321975467e-12
4287.294853937449,170.4456117747415,4.939983622550085e-12
4287.760494115326,170.48238765345005,-5.728791038044942e-12
4288.446783445941,170.5365975022692,-2.354918338850006e-12
4288.52428851357,170.54272015637312,-4.837663025360403e-12
4289.144680942303,170.59173317501893,2.328732336200931e-12
4289.94624447959,170.65506979802873,3.5356589811908215e-13
4290.196616409427,170.6748556992168,-5.867439358745966e-12
4291.011852600209,170.73928858516015,-1.5096278881891138e-12
4291.855830020806,170.80600595625233,1.2226673883651029e-12
4292.283789955217,170.83984168736862,-1.5191632465011278e-11
4293.548683795654,170.93986751835294,9.535419036965741e-13
4294.179076878183,170.9897290238572,-1.796688339615029e-13
4294.359232641717,171.00397995027942,-3.5199634591806747e-12
4294.3668558255395,171.0045829829266,1.1142893237375262e-12
4296.173934664192,171.14756232180324,9.952461563708635e-13
4296.439028390254,171.16854207523696,-6.570440204320472e-12
4296.590967495321,171.18056725484928,5.254363474166564e-13
4296.68146415392,171.18772979063002,6.339152242217206e-14
4296.768834684443,171.19464504599628,1.0255678604465322e-12
4299.829545977475,171.4369848116783,-2.151410978338414e-11
4299.849547285245,171.43856903469216,2.0057367443240684e-11
4299.920935287668,171.44422345086946,2.531935655543551e-13
4300.143437339028,171.46184773157742,-8.929584441541494e-12
4300.990003818542,171.52891219185062,-1.0274168655801452e-11
4301.320736562034,171.5551162165397,-1.0145035384914082e-11
4302.253971209323,171.62906745785082,-1.9615876344950765e-11
4302.575540852598,171.6545529481984,4.378877489060735e-12
4302.8739617598485,171.67820552639012,1.497572505147554e-11
4303.4096065147005,171.72066437258053,1.3732179437187038e-12
4305.679123004353,171.90062032087528,5.512535991156713e-13
4305.936716239932,171.9210515635462,-4.5198278525437235e-12
4306.415136419474,171.95900114007844,-1.5053099063939304e-12
4307.813575568531,172.06995327206945,1.0592471148456215e-13
4308.751442462366,172.14438379242577,7.374999725481695e-12
4308.958105979172,172.16078709696959,-6.695413667261822e-13
4308.996712671901,172.16385147607187,4.898515627892955e-13
4309.625286653212,172.21374795663309,2.6561010082435275e-13
4311.279165654259,172.3450683711243,-2.0090380611803313e-12
4312.536647899272,172.44494802165343,1.9585781189161347e-11
4313.3838954410185,172.51225985986625,3.361712102408215e-12
4313.948213830044,172.55710097445882,-2.6734136360615366e-11
4314.212190817735,172.57807877535515,2.004048636830261e-12
4314.634993933783,172.6116808921643,-1.1626655595154819e-12
4314.849157940965,172.62870275159733,1.6419933649303743e-13
4315.646837888969,172.69211017567537,1.6061595224603667e-12
4316.566522575781,172.7652302798603,-5.9780867063727785e-12
4316.589392127235,172.7670487363374,-4.235744899612214e-12
4316.7259959689145,172.77791089643927,-6.044293165892907e-12
4317.017352061347,172.80107944984957,-3.3465929576964124e-13
4319.162977114884,172.9717471018993,-1.4695386292208093e-12
4319.547418924972,173.0023353925626,-1.8644748284106184e-11
4321.217157760233,173.13522052724642,-9.121285301246521e-13
4323.151275461011,173.28921028945078,7.1504838714037296e-12
4323.466918327815,173.31434754970684,4.296155455951496e-12
4323.5037059195865,173.31727737026543,-2.660527582949575e-12
4324.032129368281,173.3593645797438,4.857229253156312e-13
4324.21830080361,173.37419375453425,1.3902670018399767e-11
4324.444128074402,173.39218250561177,-1.2677925319810885e-11
4328.067550241992,173.6809423579879,5.654706833485067e-13
4328.598998425465,173.7233151709424,-2.6170914384835178e-11
4329.680935853051,173.80959503412063,3.4675003693554703e-12
4330.267129748437,173.85635048602657,-8.975077309833177e-12
4330.499196777773,173.87486214939716,-2.827182386677229e-13
4331.597116733381,173.9624551425968,-2.8247042285599635e-12
4332.523866234484,174.03640929244713,-1.9011491081248745e-11
4333.385344798379,174.1051690426448,-5.738513424882809e-12
4333.523120476154,174.11616701050093,-1.3699342556268863e-12
4333.627590272901,174.12450656360005,-9.806090621031186e-14
4333.932932001001,174.14888235485293,1.7200373174417845e-12
4334.078610047147,174.16051261070956,4.943510256091744e-12
4334.211998865023,174.17116209473943,-2.808066142024433e-12
4334.46653356781,174.1914845220855,-2.554700850137474e-11
4336.606333237258,174.36237648251594,1.4389506804926627e-11
4337.02224932968,174.3956028011316,-2.7461178352173305e-12
4337.177001580345,174.40796631863162,-1.4529244664941262e-12
4337.672432130116,174.44755038523357,-1.4638181674413878e-12
4337.940605688638,174.46897888702355,-5.990633575011058e-15
4338.044775000634,174.47730292949382,9.214309629871013e-13
4339.480873091635,174.59208014667806,-1.0132380113675698e-13
4341.073910614396,174.71944487328682,-7.351742624649377e-13
4341.2579499663925,174.73416199078224,5.040936847429237e-12
4341.718691209857,174.77100892871337,3.5761675732393997e-12
4342.277294411234,174.81568744212257,1.43722030599152e-11
4343.111080887856,174.88238651082625,-1.4459491037975842e-12
4343.361541712985,174.90242472168256,2.6299138146035912e-12
4343.927467613411,174.94770608775758,4.548768469411799e-12
4344.277275214909,174.975698154791,1.8032649754282863e-12
4344.634215226584,175.00426329018248,2.3336419951964664e-11
4346.422253002045,175.1473914018339,-9.172671866144255e-12
4347.335799322724,175.22054131289673,-2.779441056667475e-12
4347.887426604986,175.26471891640446,-1.629481174751997e-11
4348.220849800408,175.29142415287492,2.0599641996737062e-11
4348.317451026487,175.2991617253977,1.207524974557895e-13
4350.306013952986,175.458479983905,7.841979780276739e-12
4350.599904006358,175.48203183465296,3.4230379976705693e-12
4351.564612934879,175.5593531560767,-7.778449040536727e-12
4351.644338981278,175.56574395743053,1.7611227045879545e-11
4351.887388211613,175.58522738884062,1.1419331153709825e-12
4352.195720876659,175.60994566875104,1.340238563201326e-11
4352.765619261312,175.65563764608837,-1.2047425338774251e-12
4353.588021658593,175.7215848446297,6.000913693940234e-13
4353.83545774881,175.74142880683863,1.8476026314565092e-12
4354.313387154086,175.77976114189624,-2.2292146397453062e-11
4354.547362179876,175.79852864646585,8.428720163529249e-13
4355.28365477856,175.857594412952,4.1319127218501447e-13
4357.9043071936285,176.0679055085517,-3.4008162098226816e-12
4358.200752508331,176.09170363277443,-7.347659586751638e-12
4358.263379288414,176.09673141097593,-6.9855041119759896e-12
4359.726018929673,176.21417501127246,2.193741092996081e-12
4359.756947340618,176.21665885358362,1.7262338322488826e-12
4360.4536942996165,176.2726188576781,3.7161110101872925e-12
4360.468327200194,176.27379421117865,-7.809935922010105e-12
4360.988725586576,176.3155965583536,1.7084036828806553e-12
4361.02684150562,176.31865851426693,-1.0356436285850457e-12
4362.631487193177,176.44758836532586,-6.240749503719536e-12
4363.90424960177,176.5498858349539,-1.8956740060444042e-12
4364.99757110741,176.63778468220042,-1.5904323433848239e-12
4365.389234222854,176.66927824831916,-7.336236499949492e-13
4367.243727268152,176.8184360918474,1.0057855623223884e-13
4367.527180991812,176.84124000433016,-1.5451127658132098e-13
4367.600756175267,176.84715938546216,1.0345806941460297e-12
4367.680046545924,176.85353868505263,-4.643019684882259e-13
4368.210200199254,176.89619512507102,-1.0033409032418256e-12
4368.265292691179,176.9006281927299,1.623256253439261e-11
4370.907854409663,177.11332999182738,6.689080318970025e-12
4372.2494495588635,177.2213652344241,3.495094110397832e-12
4372.327936173577,177.22768658829528,8.471664734593718e-12
4373.486630009306,177.32102161186597,-1.3285900435238697e-11
4374.751646540314,177.42294937285,6.548969222642033e-14
4375.03738883831,177.4459769260899,-4.603663663510975e-12
4375.089579288793,177.4501830404872,1.0946855406866619e-11
4377.169375032698,177.61783804584647,-4.517225830603684e-12
4380.327859381106,177.8725999099613,-1.671170121814733e-11
4381.232386594348,177.94559249912086,1.0717677333876147e-12
4384.0322683213335,178.1716299493959,1.9020080043554258e-12
4385.239759792104,178.26915659659085,-9.772621753752175e-12
4386.1778382730245,178.34494183852945,-1.9543979257386035e-13
4386.216233376601,178.34804403754902,1.2640487911877663e-11
4386.438756727614,178.36602373259026,1.9312364158945662e-13
4386.469194364906,178.36848313837444,1.1380387992412941e-11
4386.74474572006,178.39074886903404,1.3415286788392836e-11
4388.364481282963,178.5216587200738,-1.0973679834748924e-13
4388.776391092699,178.5549576964818,2.871274647011926e-12
4388.926299507369,178.56707713662786,-1.2620949360856574e-12
4389.276107108441,178.59535916233654,2.835565071700476e-12
4389.417309398815,178.6067760388437,1.9683483671325504e-11
4389.4817890775275,178.61198964957933,-1.2582679551017052e-12
4390.10359872751,178.66227102449395,-4.717551951809443e-12
4391.158313539737,178.7475746826783,-1.0232878178336181e-12
4391.603059756965,178.7835511922621,-3.819578439664059e-13
4392.35444223137,178.84434046772319,-3.3731101021219356e-12
4392.359319864891,178.84473511804555,-4.055469988994204e-13
4392.4198145616765,178.84962979271637,1.47567415684793e-12
4392.778049102451,178.87861621970038,6.669926892535533e-13
4392.89036616947,178.88770480405333,-6.790103789700098e-13
4393.164500301605,178.90988843867055,5.478642222488683e-12
4393.359589449949,178.92567639429063,1.6622038949451481e-12
4393.595049293953,178.94473235797165,-1.214439153542498e-12
4395.789192793856,179.12235534059312,-5.488678540840465e-12
4396.16475068752,179.15276685021885,-1.2192409406439063e-11
4396.261508404624,179.1606024099884,-1.3870354970261318e-11
4397.405323952235,179.25324307905046,1.7867518437497434e-12
4397.865473028143,179.29051857665155,-5.750182074267157e-12
4398.652314766812,179.35426764682208,4.134549772376959e-14
4399.358326218496,179.41147764163804,-3.0893768244731555e-12
4400.024893423856,179.46549979044278,1.0075342969127139e-11
4400.295076371758,179.48739918351356,2.1710536195431392e-11
4400.684797692487,179.51899000166256,-4.54068189281788e-12
4400.760906837083,179.52515973700747,4.653188748190722e-12
4401.158217543865,179.55736918800508,2.041809426632616e-11
4402.820455885041,179.69215617255747,1.2841644929772744e-12
4403.604027501952,179.75571179722408,6.011745406053959e-12
4404.3219263038245,179.81395061675966,-5.412053803367139e-12
4404.618003537934,179.8379723502013,2.5254986136105733e-12
4404.793459458734,179.85220843621534,-3.132715900743767e-12
4406.2560440002535,179.97090121574908,5.411982772497471e-12
4407.084394472806,180.03814162538987,2.4134851362744564e-13
4408.169724713164,180.12626120572688,-1.3029427650238968e-11
4409.158140745269,180.20653105566228,1.8042745413695052e-12
4409.696564846595,180.25026436674446,2.4027608550381037e-12
4410.119926330668,180.28465550689984,-4.9793475335040476e-12
4413.569242196617,180.56497858088244,-1.5203558500311154e-12
4414.395439285591,180.63215547605685,1.0371132957001457e-13
4416.452610862757,180.79947576556566,-1.7180036588507357e-11
4416.743074302807,180.82310692379826,-1.8571598405754517e-11
4416.967695939138,180.8413824732309,-1.468579389281025e-11
4417.221494480912,180.86203301729915,-9.330339123666976e-14
4417.829174501081,180.91148226422663,2.089385838146811e-11
4418.429163741956,180.96031235674172,1.4474645219550379e-11
4418.601573627677,180.97434515267193,-2.6634408432825812e-12
4418.679535670917,180.98069082382997,2.132890684721427e-11
4419.481010309712,181.04593283657812,3.6036888988997296e-12
4419.557800516795,181.0521843700328,-3.04078357439238e-12
4420.906672068021,181.16201446480568,3.857517930208426e-14
4422.177492680301,181.26552002705407,6.201909011276764e-14
4422.577303550323,181.29808990079246,-3.946529661274597e-13
4423.4155106827875,181.36638249560616,1.88215305440965e-11
4425.971962599021,181.57474833497324,3.533371480928269e-13
4426.395324082915,181.60926640054058,-2.0119287401695202e-12
4427.625841594877,181.7096133176637,9.526202927725999e-13
4427.679203881442,181.71396556569033,1.537837292642721e-13
4427.913090011111,181.73304202458036,-6.48395739913184e-12
4429.415732265068,181.85562609691038,-7.485151037702775e-12
4429.67479782068,181.87676461288083,1.3369484948981949e-11
4430.00933775361,181.90406330775266,6.690900102752406e-13
4430.784325939088,181.96731081090513,-6.533888414485182e-12
4430.998680234495,181.98480641659648,-5.828122879606694e-12
4431.399908327397,182.01755694355361,2.164698549461814e-12
4432.383759707689,182.09787705960198,2.374766243750602e-12
4433.526894191697,182.1912231979751,-6.310483643373736e-13
4434.1645761731515,182.24330552739337,-3.1064276742013527e-12
4434.457751365603,182.26725296551194,7.581446159923125e-13
4434.49151422243,182.27001091963507,1.793934464586389e-11
4435.189411716028,182.3270241062646,-4.594808831355879e-12
4435.658355811432,182.3653384929782,-1.1113171521422433e-11
4435.671224708964,182.3663899844072,1.1748744971397767e-11
4436.050788884337,182.39740477267225,-3.76609201503496e-13
4436.34112963083,182.42113076505893,4.334379743880873e-12
4436.8631568282135,182.4637935587023,-5.378247751317298e-12
4438.416382020354,182.59076093536905,-1.60922890855325e-11
4438.904345876149,182.6306583951068,-2.125964922255479e-11
4438.913420080656,182.63140037215084,-2.71988324815381e-13
4439.698408919803,182.69559286349767,-1.753750392444343e-11
4439.79257757767,182.70329427149235,-5.1147565350356395e-12
4440.83710144579,182.7887296619953,-3.3724196211310905e-13
4441.881447522551,182.87417060268538,5.601797051187905e-12
4442.039313403285,182.8870878100987,5.512574776091836e-13
4442.608754810694,182.9336855608058,2.6624461423931457e-12
4444.481417561415,183.0869688597799,-1.9876215550362255e-11
4445.018356843791,183.1309309346249,-9.036067656608435e-12
4445.205700114676,183.14627097437332,3.85996656050988e-13
4445.245211956425,183.14950636514303,1.7366008951473932e-12
4445.912426425772,183.20414495046023,-7.639237767400712e-13
4446.1932572919795,183.22714480742943,5.7931485083420496e-12
4446.3022366417035,183.23607053332964,-3.994573647333238e-12
4447.164015687731,183.306660450376,3.743945406403798e-13
4448.0790681246135,183.3816290645277,-1.8375350356962617e-11
4448.132341515486,183.38599413355303,-4.778662800296463e-12
4448.774833534732,183.43864220617775,-7.835197347887741e-13
4449.004713382177,183.45748122246815,5.453417467574297e-12
4449.974266143963,183.5369483122535,-1.3044880603447162e-13
4450.030162391702,183.5415302433914,7.58680193820654e-12
4450.578587146303,183.58648880835293,-1.645333485573699e-13
4450.854138500997,183.609079948222,1.0052481959828235e-11
4451.21675990111,183.638811676785,-3.2312319944198486e-12
4452.406158058681,183.7363487456229,-5.02596738757291e-13
4452.515048512725,183.74527965268078,-1.7656629377628892e-12
4453.066151222083,183.790482989422,2.3280129197980626e-11
4453.159951799695,183.7981773920692,2.3586236512645673e-12
4454.951873158721,183.9451987014608,-1.588807859414022e-12
4455.750847633307,184.01077101997913,4.626779314890176e-12
4456.039178989825,184.03443743633446,-4.047988364057728e-12
4456.937165957985,184.10815457471668,3.875552261809056e-12
4457.710927208852,184.17168574581865,3.688168405105532e-12
4457.874808761448,184.18514297443744,5.387289982813489e-12
4458.348820778986,184.22406953074955,2.2421676070112953e-12
4459.187573782231,184.29295928868254,2.9165093748751407e-12
4459.191313377332,184.29326646390479,-2.6264726530151732e-12
4460.973022493172,184.43964767549514,1.73798448976866e-11
4462.151717633905,184.53651875454045,2.7744182163945362e-11
4462.1878241630175,184.53948657420108,-2.308440626632113e-14
4462.197735921192,184.54030128730676,2.0221264427198075e-11
4462.648565405013,184.57735986409153,-1.91418728022204e-11
4462.657639609513,184.57810581005316,1.6225041112913808e-12
4463.331550813013,184.63350899262534,-4.838589327350089e-13
4463.560402817808,184.6523251388607,-6.261363483383275e-12
4463.629971718981,184.6580452651879,-2.830915832419581e-12
4465.946399137811,184.84855853584548,-1.525296372239765e-13
4466.247074820404,184.87329468591645,6.986313835309916e-14
4467.639845071625,184.98789758738803,-2.1632098490842226e-12
4468.0000890015335,185.01754576557337,7.21193700366775e-13
4470.775739045811,185.246062724059,6.481950533711701e-13
4473.30124124792,185.45410852754765,5.272150269519995e-12
4473.738275384753,185.49012244764384,1.2013415269735766e-13
4473.8469755498445,185.49908046147522,-1.2783715037430865e-11
4474.089935883737,185.51910368378392,9.420331106118976e-13
4474.529034508316,185.55529411627163,-5.963085154250155e-13
4474.99909534148,185.5940403847548,1.051319432947342e-12
4475.114280651944,185.60353552347613,2.367435249033832e-12
4476.130376271733,185.68730652095886,-4.251094753179393e-12
4476.8003700885765,185.74255390256405,4.943474735439437e-12
4478.220451848587,185.85968052755837,-5.8070504229052756e-12
4478.434738548246,185.87735786089522,1.5549608442522765e-12
4479.36148804577,185.9538187278676,-9.311981689160243e-13
4479.872198759006,185.99596134599332,-2.5668403274413676e-12
4480.552772898917,186.05212815236484,-1.537212709729341e-12
4481.636529423113,186.14158663302442,-1.7012199119892586e-11
4482.182454013818,186.18665807107942,-1.301006544902116e-12
4482.961795260406,186.2510098598883,1.753689314816484e-12
4483.303645394367,186.27924064954593,7.261679730500622e-12
4483.502440339618,186.29565859450418,-7.226002544000724e-12
4483.789566062037,186.3193728280739,-6.814887587860059e-12
4484.13283341896,186.3477258939998,8.469772994842058e-14
4484.320612365367,186.36323690608145,2.2174829922568666e-12
4484.458667227154,186.37464099833167,-2.0765164833839417e-12
4484.7389059262305,186.39779133861362,7.062150658853402e-13
4484.906594669299,186.4116446905896,4.650902981468437e-13
4486.197505482842,186.51830867804398,-3.5036309255517895e-12
4486.401859124112,186.5351966048146,-1.2447431724941482e-12
4486.746298317166,186.56366303981937,2.5393125196040787e-11
4487.9757328867545,186.66528840212425,-1.2830900878103008e-11
4488.837478134134,186.73653707272496,3.870061767629586e-12
4489.414174644432,186.78422569519185,6.663773737733883e-14
4489.7106199581185,186.80874195848585,-1.374202773213611e-12
4490.089782255006,186.84010134146644,4.468353922784904e-13
4493.327256479882,187.10797102276436,-5.165459357734852e-12
4493.839964085205,187.15041032767195,-3.561491957747908e-13
4495.996114353972,187.3289383844113,-3.993164771441483e-12
4499.145748574867,187.5898802827207,-4.391590201288333e-12
4499.6951548760535,187.6354163887662,6.0847055264244685e-12
4499.874629576083,187.65029288528882,-1.9251779641855366e-13
4500.082464928,187.66752091215005,9.124533125588945e-12
4500.648390826119,187.71443605296366,-1.6328890012753396e-12
4500.80496217706,187.7274168277203,3.985636569964764e-12
4501.01514120128,187.7448427342826,1.0614702075353635e-11
4501.232922109101,187.76289977011746,7.214044364203361e-12
4501.6732263672775,187.79940972433806,1.238646070455139e-12
4502.36932605894,187.85713747825278,-2.624357568619434e-12
4502.562909088108,187.87319296255825,1.6861373568392138e-11
4504.049835498222,187.99653940985277,1.544040130841778e-11
4504.368380404954,188.0229692712483,1.117343213575816e-13
4504.481501227583,188.03235542329043,-1.7629148599979257e-13
4505.167354878552,188.08926888472638,1.1734303996969841e-12
4505.889171064995,188.1491759452893,-6.562700003744854e-12
4506.450274427448,188.19575129153148,-6.275664321868626e-12
4507.875724593549,188.31409930678868,-2.5839480178852784e-12
4508.057208683372,188.32916971132272,2.864586536479219e-11
4508.365262162614,188.35475180299736,-6.321967057319524e-12
4508.741209435603,188.38597445702138,-2.6072791487331184e-13
4508.870067399409,188.39667678989406,1.1446350210859293e-11
4509.845648329224,188.47771385050905,6.236589705765985e-14
4510.547306716777,188.53600825340538,1.795443660421339e-12
4512.431332243185,188.69257963792344,-1.0210291488119505e-11
4512.539105958834,188.70153811783305,-3.9113791957225246e-13
4514.086438169516,188.83018067757263,-1.1068206308981062e-12
4514.510290426102,188.8654267261104,-1.2917014533748344e-12
4514.885848318632,188.89665955200152,-4.4341610030060704e-12
4515.048714525991,188.9102049342823,-1.949849201499963e-12
4515.850278058502,188.97687710811715,2.0984014474901714e-11
4516.477870489149,189.0290870349143,-6.196721895965958e-13
4516.546479143152,189.0347950848024,5.268977002230299e-12
4516.601660530532,189.03938608623142,-1.2997961419320491e-11
4518.745991043333,189.21783432787723,2.371123090191661e-12
4519.283522491572,189.26258023459334,-3.6306429753307653e-13
4520.700791104335,189.3805839077819,5.346509998448916e-12
4520.87526547736,189.39511343444514,2.163556789004373e-12
4521.373285083896,189.43658959638597,2.468277628104192e-12
4522.3451264183195,189.51753982472565,1.1776332887357066e-11
4522.723083081007,189.54902669768117,-1.8124739457893105e-12
4523.130394440388,189.5829620022289,2.2901846856835947e-12
4523.339101143604,189.60035166664176,-8.27999142180691e-12
4524.986215805497,189.73761916522756,-5.827056438099113e-12
4525.80549207108,189.80591474935292,5.679874470368354e-14
4525.935555668727,189.8167581015455,-2.022204960565246e-13
4528.547133867831,190.0345503193285,-1.0564859630618718e-15
4528.7044200789305,190.0476711931987,4.857118220279722e-12
4528.934511514992,190.06686632678608,1.1948796210797106e-11
4530.648102747407,190.20985153137912,6.0185306845002515e-12
4530.869889937158,190.22836181593692,-1.0470258905789618e-12
4531.603559675649,190.28960010288657,8.970932055485776e-13
4532.610614887286,190.37367360143878,7.043222026232281e-14
4532.884469833893,190.3965394749494,4.1875901615716164e-13
4533.092338983385,190.41389670113668,-1.4336206990695632e-11
4533.890298111422,190.48053426491427,1.6215624895955935e-12
4534.359644083635,190.51973482363874,2.0386123669001583e-12
4535.3556832963795,190.60293912386297,7.942194827929482e-13
4535.567313341135,190.62062002859224,9.880512136799415e-12
4535.688793507897,190.63076961833394,-3.456139989141964e-12
4535.766421268429,190.63725551011882,3.397144700792537e-12
4536.94122032074,190.73542492081475,-2.3106868399862277e-13
4537.289555599614,190.76453765274763,4.574023280407556e-12
4538.923979154782,190.90116731590084,-5.249980616405352e-13
4538.979875402397,190.9058408338277,-2.2405678648126536e-12
4539.943323594445,190.98640434551206,-5.143078467749313e-12
4543.190117406681,191.2580270594154,-4.085250492874932e-12
4543.207830139939,191.2595094171227,3.375039010656311e-12
4543.378911697818,191.2738273279448,3.265827938946372e-12
4543.7121446026795,191.30171732310342,-6.907325937107325e-12
4543.901586158593,191.3175735842943,2.044276363326305e-13
4544.511030179848,191.36858854269258,1.0491256651596566e-11
4548.395895351777,191.69394121373531,3.1463591813026456e-12
4549.75588429072,191.80790430837027,1.1329754273260718e-11
4549.986254911224,191.82721206686486,-1.1499607411027508e-11
4550.714611340168,191.88826330522988,-6.816309123801607e-13
4551.20105657841,191.92904285661766,2.4421224361058738e-11
4551.411425891268,191.9466798325677,-1.4977669618229676e-11
4552.732093277361,192.05742077840142,-4.2954692839592115e-13
4552.885673691018,192.07030092863616,4.376741369145774e-12
4553.9715835967145,192.1613840707669,-1.5553747854221776e-11
4555.545647645663,192.2934508058922,2.285579760925817e-11
4555.691325690981,192.30567575691524,9.138631451397473e-13
4556.0792492094415,192.3382312716464,-1.071860898371854e-11
4556.089249863258,192.3390705882528,-1.1933414165140421e-11
4556.396008812585,192.36481658798505,2.356985607917955e-11
4556.40323011839,192.3654226864992,2.367192537372372e-13
4556.999614953077,192.41548176369838,3.590735054509824e-13
4557.407662472566,192.4497360444792,-1.589698155494965e-11
4557.970373346178,192.49697884908832,1.2047567764526576e-12
4558.219048866748,192.5178584434156,1.4046944122807613e-11
4558.493673771373,192.54091815489045,1.03329888813181e-11
4561.955613135249,192.83172951647353,-9.919915259850394e-14
4562.0829311825155,192.8424287523059,2.234537857875248e-12
4562.096692731602,192.8435852288535,-9.509837469368852e-13
4562.976966964178,192.91756790694586,-1.9427524496819428e-12
4563.081034882346,192.9263152421934,1.81124276880407e-11
4563.926797600174,192.9974124655907,9.083993826111572e-14
4564.633523909206,193.05683199783556,1.7546077842775895e-13
4564.938641548867,193.08248826220287,-2.8818091848299112e-12
4565.217217637613,193.10591423895255,-1.2543147419057423e-11
4566.078696196386,193.17836660453733,-1.580367181904713e-11
4566.865537931748,193.24455378387842,-1.1913271252504732e-11
4567.9038896335405,193.33191481447707,-7.54727027545767e-14
4568.477282223352,193.3801653309347,-7.556691740113604e-12
4569.723101196451,193.48502085079085,5.872806706808274e-12
4571.411233816775,193.62714973062432,1.4426899226607075e-12
4571.96135497727,193.67347739951245,-1.3203819738704911e-12
4573.454923021411,193.79928421560015,7.89232270717794e-12
4573.463997225887,193.80004868317758,6.6666866922366045e-12
4574.221484264452,193.8638694635359,7.166579728360292e-12
4574.464444597751,193.8843419113808,5.382518857250557e-13
4574.48883276525,193.88639697967446,6.810648243408737e-12
4578.700145208908,194.24142740486585,-9.880466851441693e-13
4578.730147170346,194.2439578617973,-1.3535381400325851e-12
4579.883472592947,194.34124541541453,-3.4799688448121913e-12
4580.382909421749,194.38338248676538,-2.1399055553660985e-12
4580.71012665441,194.4109920248675,5.682887080583755e-13
4581.484133289758,194.4763080668348,2.86998600255394e-13
4582.281500250021,194.5436069550524,-1.4735395906493831e-12
4582.960970147582,194.60096440831956,-5.9486663498085e-13
4583.700778250479,194.66342498215198,2.9606323326464077e-12
4583.821767643473,194.67364084290364,9.51965943185819e-13
4584.346764475872,194.71797260062866,-3.419639152972456e-13
4584.528147172133,194.73329008977444,-1.286477913087072e-11
4584.98465804404,194.77184441141654,1.6212130097931581e-12
4585.690546799052,194.8314673333988,2.939918102411904e-12
4585.759646226568,194.8373043125385,-2.3668025390789642e-14
4586.442420043457,194.8949844321349,-1.0274788114262902e-12
4586.936767649613,194.93675183403164,-1.0925138672445959e-12
4588.042099192765,195.0301575204666,3.868688219359118e-12
4588.644867779135,195.08110376879472,-1.7969588007401388e-12
4588.795178071024,195.0938090989296,3.5921494402842458e-12
4588.9604555458845,195.10778004573388,3.4737544198787646e-13
4589.0865341614335,195.11843784136448,1.1925767404383445e-11
4589.554061032104,195.15796181685383,-3.1051534923442904e-14
4590.543403509118,195.24161252616057,2.7047504285398764e-13
4590.787256493921,195.2622335101168,-4.484888760481331e-12
4591.2776529158655,195.3037063076334,1.0175410475844207e-12
4591.814469502912,195.34910993468472,1.7588739449162926e-12
4591.9284829768985,195.35875380981406,-1.1020957442497399e-13
4593.682076821992,195.50711240806746,9.634159208444823e-13
4593.70929943541,195.5094159584387,1.4416493927619837e-13
4594.729993501235,195.59579592273752,2.8601021166753233e-12
4594.916689506656,195.61159783041487,-9.000331040739069e-13
4595.303140703872,195.6443090123805,2.5582146130533496e-12
4595.62526871385,195.67157765706054,7.631611013882281e-12
4595.642947649343,195.67307426219523,1.4401724756025711e-12
4595.885852884601,195.69363791712257,-2.0115243858051369e-13
4596.68229339526,195.76106989218798,1.1886231240442338e-11
4596.908679033606,195.78023934561378,1.820087054542919e-12
4597.690922319463,195.84648392484758,-1.049310876889075e-12
4597.730243872173,195.84981418349128,-1.2237761686458727e-14
4598.153482660878,195.88566133192788,-2.9264217760518112e-12
4598.458143324413,195.91146728541798,1.2622591617758175e-14
4600.212350636278,196.06008879190566,4.429655896795181e-12
4601.426170754776,196.1629603173412,-2.599713887157152e-13
4603.4600032977605,196.33538891439102,1.6619938595416588e-13
4604.617034517045,196.43351618099257,1.2055786032318952e-11
4604.789935175606,196.4481819213726,-8.059314556138873e-14
4605.113882286444,196.47566117203854,8.386612568075789e-12
4607.299509939532,196.6611105046986,5.906275979679935e-14
4608.3500494753025,196.7502795327511,-1.3110864905760535e-12
4608.524401154559,196.76508034284586,8.03529708748262e-12
4608.549436586815,196.76720566045668,-2.53085184330116e-13
4608.9627636172745,196.80229564759387,2.4002993163078126e-12
4610.401239168537,196.92444161323525,-2.0985053999587312e-11
4611.414745725916,197.0105248711267,3.7537740003257486e-13
4611.781686389003,197.04169603222232,4.4984906612412926e-12
4612.342789750046,197.08936587341904,-5.311999312644562e-12
4612.471770406941,197.10032454493142,1.6052575671956034e-11
4612.7046749883,197.12011375200183,-1.0946026776710096e-13
4613.271057860789,197.1682417836009,7.317129799095673e-12
4613.967157550607,197.22740051508174,-1.415228499360181e-12
4614.195920658906,197.24684412634207,1.3438932086651792e-12
4614.777215616418,197.29625535094357,-4.04593740570677e-12
4615.719054987289,197.3763267786277,1.4700590464082047e-11
4615.903161933504,197.39198072631325,3.2690895171949845e-12
4616.186581857671,197.4160801177089,7.093623925723354e-14
4617.255650379949,197.5069970678806,-1.7116243981407433e-13
4617.632959777013,197.53908967231052,-1.1653706966483598e-12
4618.053017339553,197.5748213695951,-1.3690803876276174e-11
4618.682082089571,197.6283380933705,-8.314811780290383e-12
4619.13960830612,197.66726601701018,1.4894407621690492e-12
4619.369488152621,197.68682645023222,6.8713786717944835e-12
4621.536967396062,197.8713047134163,5.61457171321162e-12
4622.20236276164,197.92795513442957,-7.529799082984975e-14
4623.880951701996,198.07090305423975,-3.785294770039514e-14
4624.379897756665,198.1134030947022,-3.630849868936253e-12
4626.368494467224,198.28283658823747,7.603059202755e-14
4626.616544022798,198.30397615065118,-1.0112656460541263e-11
4627.207928529611,198.3543803685252,-1.1255616160902997e-12
4627.302833347495,198.36246978890753,1.4572824702623911e-12
4627.46230673938,198.37606322699614,-6.135916644701474e-14
4627.54481213324,198.38309613244934,-3.346950983032558e-14
4627.6286671545795,198.3902442110176,1.5963823777408453e-11
4628.069216798255,198.42780024338418,-7.343981711148385e-12
4629.746333417503,198.5708040066294,-1.017846488764152e-11
4630.558824050987,198.64010178974354,-1.2422725222495552e-11
4630.7533886268275,198.65669811649843,4.679357653846904e-13
4631.061442105178,198.68297645429308,2.2155449441524988e-12
4631.835203352815,198.7489894548149,-8.498400846245427e-13
4632.23643144377,198.78322434318102,-2.1061336368366566e-12
4632.98842738078,198.8473965741409,1.4323792967687581e-11
4633.1561161232585,198.861707860062,-3.5178298682998805e-13
4633.2557758812145,198.870213502245,-4.707728237025269e-13
4633.282998494607,198.8725368972045,-5.575242358647201e-15
4633.337253432501,198.87716748706643,-4.204244199225564e-12
4634.81433567538,199.00325540857614,3.2934620335925486e-12
4635.266649975788,199.04187427545534,9.49345671768112e-12
4636.567561438529,199.15296788505785,9.94277712625195e-12
4636.927403489021,199.1837027304907,-2.459743492870856e-13
4637.77054334855,199.25572637205104,6.602626120419312e-14
4638.355789489908,199.30572762575574,5.389554836532095e-12
4638.685595781246,199.33390782828064,2.2135327857578613e-12
4638.705597088844,199.33561689862518,-3.345940686137576e-12
4639.050036280658,199.36504967095232,-6.0456711509716035e-12
4639.416921845592,199.39640291842383,1.1912308656773912e-13
4640.29947215341,199.47183391652536,-8.683654193109329e-14
4642.235654326478,199.63736840781345,6.140227799399833e-13
4643.012038430779,199.70376500287554,2.6283456683009346e-11
4643.40688276951,199.7375364652441,2.4713600179351826e-12
4644.259621404749,199.8104819194402,6.784456440020194e-13
4644.696655539809,199.8478721340643,4.605914654584667e-12
4645.946582186031,199.9548283403001,5.776657884920317e-14
4646.1095372885575,199.96877452677705,-1.4482015373679742e-13
4646.35990921614,199.99020306049567,1.7672493940512612e-12
4650.676998475909,200.3598705543674,8.497506047761024e-13
4651.064553913298,200.3930732835388,1.1533395149593768e-11
4652.144080064417,200.48557325697323,-6.890602356763762e-12
4652.680003999128,200.53150225807926,-1.3307791175344026e-12
4652.871979515757,200.54795596149012,2.3972075859515947e-13
4653.287895604915,200.58360533565104,-3.0738382170584897e-13
4653.636230882848,200.61346461443438,6.101326906190221e-12
4654.288410570438,200.66937542737554,2.325256129807189e-12
4654.74794617644,200.70877573147104,-6.58074647956897e-12
4655.271369293876,200.7536584507921,-2.862651534907126e-13
4655.570348567598,200.77929772377894,-3.214876253457378e-12
4655.992838697742,200.81553160384658,8.812139750494451e-12
4656.306730056486,200.84245389262963,-2.1667004605598417e-11
4656.853602394457,200.88936316711622,-3.037425197275472e-13
4657.093571790221,200.90994885142683,-1.6739821945451444e-11
4657.829585198863,200.97309410083423,2.468514297934029e-12
4657.953844713287,200.98375575806193,-2.5896267249857455e-12
4660.193113834588,201.1759372351148,7.577974619436633e-14
4661.355289372871,201.27571539011834,-2.2721042341719023e-11
4663.414157345324,201.4525398257429,-6.925511571646296e-14
4663.838601767293,201.48900264597998,-2.8870533551842574e-12
4667.830259096558,201.83207699718517,-2.1792424170827624e-12
4667.909985142338,201.83893226875892,2.933921487033119e-13
4668.699940506355,201.9068631810761,-8.022284743532007e-12
4669.260028521678,201.95503399313245,-1.3570449946737076e-12
4669.737154167327,201.99607411909471,2.604510516742765e-14
4670.35967867335,202.04962708289554,2.1194943892460737e-12
4670.7261285623235,202.08115444508496,4.7162139721576285e-12
4671.109732815387,202.11416032581494,-1.0617046078075635e-11
4671.3063405786115,202.13107780097374,3.011731655188345e-12
4671.379915761521,202.1374088954621,-2.0178063772579986e-11
4671.606770872933,202.15693025135346,1.5917301022430196e-12
4673.180644628749,202.29239147667212,9.423236347546666e-13
4673.590946923789,202.3277131489017,2.556922725957706e-13
4674.137764163628,202.37479179646053,-7.845445624079779e-12
4674.246743512764,202.38417511493742,1.3926103288660146e-11
4674.412422865269,202.39844082506744,-2.9961300606351267e-12
4674.678866216303,202.42138381251934,9.767400456335952e-12
4675.581853506714,202.49914825064846,-2.24130336517081e-12
4676.02259343881,202.53710982447154,2.8757957018209974e-14
4676.081446825582,202.54217922340843,-4.5864518154242785e-12
4676.151261113223,202.54819283391066,1.6516223672345257e-12
4676.719340392425,202.59712895639132,3.6959046020531794e-13
4679.853080967785,202.86718599708507,-6.785375141377839e-13
4680.418380898937,202.9159212312034,3.7528865075444995e-13
4680.627823761837,202.93397906429627,-6.27548675104105e-13
4681.192142145725,202.98263772641192,-1.5593179347369665e-11
4682.217591149616,203.07107264404624,4.642376628991184e-12
4682.841198595954,203.12486214071293,-3.244951221119796e-12
4683.938314786108,203.2195117011559,-2.951870018014132e-12
4684.116774140371,203.23490970533538,-1.854587719863565e-12
4684.15279177363,203.23801748507066,3.4154863865792e-12
4684.230842712042,203.24475218849926,-2.3161477761333885e-13
4684.5309387237985,203.27064731876555,2.704238569775718e-13
4685.278302413262,203.33514415670226,5.676232592082982e-12
4685.655434018424,203.36769419294853,-4.28925361755845e-12
4687.416460754672,203.51972219141754,2.556828711409518e-14
4687.702727621877,203.54444077396067,-1.2707732576362647e-11
4689.002712633771,203.65671092282236,-6.694901069730435e-12
4689.162063332029,203.67047501302105,-1.3081782488683089e-12
4689.51113477013,203.7006280734643,5.250870843216616e-12
4689.686412898404,203.71576958006287,-4.900915045973841e-13
4690.549765653593,203.79035908636817,3.802338499017522e-12
4691.186677672977,203.8453940080855,-1.1871740855075955e-11
4692.151107408926,203.9287436278433,4.146284260264005e-12
4692.975853471705,204.00003485379435,-4.628159278895915e-13
4693.435020997093,204.03973082261825,-7.52539343352747e-14
4695.559963660627,204.22348702346306,2.36196158261405e-12
4695.584351828058,204.22559649350686,3.7962753619968074e-12
4697.056801822228,204.35297729145137,7.559760168540807e-13
4698.476883574948,204.47586557578072,2.130210085090486e-12
4699.601535360381,204.5732148732175,2.2264873350957952e-13
4699.795664260216,204.59002093190358,-4.335754084716897e-12
4700.099834149431,204.61635481632104,-1.1723315728902926e-12
4700.444273340778,204.6461771230324,4.79968799750209e-12
4702.312494122348,204.80796988189996,-2.8389602397556277e-13
4702.585545311965,204.8316222072682,3.757083462788536e-12
4702.73484025847,204.84455506147046,1.8958935210504767e-13
4702.801194135547,204.85030317762553,-1.2475980389130379e-12
4703.795168856722,204.93641911403927,-1.7287493656934367e-11
4704.4116438926485,204.9898383940401,-6.752463516355579e-13
4706.8551652586675,205.20164519783543,-1.0386017448854707e-13
4706.953653180314,205.21018453235558,7.648100661619012e-13
4707.5086519726165,205.2583087008841,-1.0256699947979928e-11
4709.588447699894,205.43869909613318,-2.371901701694056e-12
4711.289170027796,205.58626990424187,-7.040366656787331e-12
4712.054838616874,205.65272396997048,-6.143647102591013e-13
4712.430396507703,205.68532341522751,-2.0311680417252205e-13
4713.622574006007,205.78882487534295,4.17000104325909e-12
4714.242564550247,205.84266103934536,-9.689306397489891e-13
4714.5819145189325,205.8721311010205,1.887699426418249e-12
4714.939971265626,205.90322800940854,-5.042415095869019e-12
4715.341199355846,205.9380771162887,-3.160967658887442e-12
4716.412019381218,206.03109888508234,-2.469415550632021e-13
4716.738466654698,206.05946144905505,6.319770549687419e-12
4717.152017770798,206.09539463357913,-5.718572168699121e-12
4717.95228677005,206.16493842742645,1.5352706731721012e-13
4719.86967326615,206.33160830819,1.6842638495531869e-12
4720.498001854312,206.38624085030335,8.463218437998214e-13
4721.938977565468,206.5115597102791,1.8497193315839153e-12
4722.341411289518,206.54656542263535,3.9288902834111525e-12
4722.521689744557,206.5622479182586,9.01596348106971e-14
4723.121188207492,206.6144028373075,-9.482983787775804e-13
4723.764048302833,206.67033746965376,-4.2375807471629356e-13
4724.150990272569,206.7040085845978,1.466495049723229e-11
4724.6290423669825,206.74561177572707,1.373436786586705e-12
4725.350702058649,206.80842325275745,-7.47794818715577e-12
4725.778661988489,206.84567635937591,1.611920792949789e-13
4726.444023554798,206.90360153184042,2.0375506218213337e-11
4727.14793671551,206.9648918136573,-1.791765609124343e-13
4728.132993722868,207.0506768385671,2.6321482930732664e-12
4728.2924671144,207.06456647615494,1.8229357319390993e-12
4728.314131031735,207.06645337227866,-2.153691679920847e-12
4728.385954709113,207.07270917339352,-1.7676791895992413e-11
4728.959647781598,207.1226809218943,-5.006986981368506e-12
4729.445568446518,207.16501196447734,-5.753311222046655e-12
4730.175845366673,207.22863831461314,-2.8330950219542173e-12
4730.2724127941165,207.23705261586568,-3.0732955769648954e-12
4730.479110106535,207.2550635461881,6.987868366139261e-13
4731.071387263589,207.3066770063025,-1.4627970584688412e-11
4733.008719968788,207.47554925939687,-3.093886807840554e-13
4734.220898774125,207.5812468960678,-1.648821435899266e-11
4734.694809395396,207.62257755913635,1.4395828867965682e-12
4735.081260591414,207.65628377867876,-9.845060567981495e-12
4736.405968051872,207.7718454569062,2.1485502638574986e-11
4737.44568187477,207.86256818009943,-8.72525160853157e-12
4738.214375198235,207.92965516300902,-5.453386729281802e-12
4739.115420693079,208.0083069135753,1.3998862018625315e-12
4740.014266509196,208.086781556149,-3.4060677658149576e-12
4741.833600758531,208.24566591955428,1.893083216118924e-11
4742.601557921482,208.3127507223335,-4.3199144862484964e-12
4743.6495083950185,208.40431183315837,1.938571164867301e-12
4743.891487180148,208.4254567819398,1.5869905514132832e-14
4743.892468727401,208.42554255515276,1.2300387663173727e-12
4744.567864744974,208.48456672966262,6.736609602236586e-15
4744.976470631865,208.52027967413613,-1.6610621745680487e-13
4745.807456452232,208.5929189288006,-4.280970120745471e-12
4747.5791987002485,208.7478353269089,-2.5005081927041927e-12
4747.766351680925,208.7642028590453,1.5644709352545393e-13
4748.576900517985,208.83509715128375,2.1246272373933145e-13
4748.9045534251345,208.8637586014162,-1.801623832400176e-11
4751.328978630448,209.07589673893565,-1.2799670926326834e-11
4751.709524350289,209.10920446701869,3.3709109438600124e-12
4751.922584114539,209.12785394750645,1.144149426631688e-12
4752.183536364613,209.15069667731697,-2.2079623249311885e-12
4752.247948447289,209.15633524977966,1.457230902045827e-11
4752.866555565804,209.21049142020777,-9.118635665979578e-12
4752.911926588008,209.21446371923113,-9.966136785117353e-12
4753.394141455349,209.25668467584484,1.1550491928473724e-11
4753.956171263984,209.3058993400834,8.721594414038775e-12
4754.2970060508305,209.33574769026984,4.060868533305594e-12
4754.5872791996935,209.3611698303031,-1.3296245879096632e-12
4755.16999137838,209.41220848364844,-3.541685226472386e-13
4755.82374477865,209.46947694782705,1.5109594414588302e-12
4756.077822502972,209.4917361512468,-5.312013932178668e-12
4756.701328555096,209.54636521627393,6.8620210794296165e-12
4757.379135840264,209.60576005842975,-2.508733519345037e-12
4757.487188739873,209.61522929129913,-9.379609481616568e-14
4758.254375944388,209.68246804725024,7.411818739445544e-12
4758.935385755675,209.74216302265216,-8.60689221896923e-12
4760.8266663750255,209.90799097783238,-4.651017180377973e-13
4760.925767763592,209.9166820289706,3.137973135593999e-12
4760.937029149176,209.9176696479517,-1.2596323718861171e-11
4761.328882549831,209.9520364882863,-1.5005322260863038e-11
4761.474560594483,209.96481365624956,-7.593438505464294e-12
4761.8348045219645,209.99641170330074,-3.010523258737345e-12
4762.15896322076,210.02484665290967,-5.3609837856196765e-12
4763.331173208007,210.12768815918363,2.6944508396956437e-12
4763.794693794819,210.1683611970095,9.579103789020837e-12
4765.809887148071,210.3452365349274,-3.149333607467732e-12
4766.146614259538,210.3747986713403,-2.9259641550711317e-13
4766.844232563223,210.43605101674854,-2.7409879864649916e-15
4767.1584582036985,210.4636436132621,2.9695957455413836e-12
4767.168179672913,210.46449729818556,-1.8991299161747528e-11
4767.996530138481,210.53724478594572,-3.017367032181629e-13
4768.204276593475,210.55549150096752,-2.918052122175924e-11
4769.111862331005,210.63521558186375,-2.8258547596375803e-12
4770.91795960158,210.7939117895345,9.325364952332812e-12
4771.21751854385,210.82023892128436,-1.778387719424802e-13
4772.304824367064,210.91581211274598,-1.1340854905841656e-12
4773.5025605598585,211.0211172406792,5.596485368056683e-12
4774.592455442129,211.1169639099509,-5.928683420647149e-12
4774.84282736902,211.1389850095697,-6.424059102050841e-12
4775.015694229198,211.15418993734625,-5.997369266911283e-12
4775.073197988372,211.15924794323521,4.033253308545281e-12
4776.366173281153,211.27299357558522,1.0290000469852672e-13
4776.396175242462,211.27563327393102,4.843528114658409e-13
4777.879831521773,211.40619225805244,1.8360322027463285e-11
4777.99585438511,211.4164037629641,7.69867416957982e-12
4778.257889575525,211.43946714390768,-2.0154478844806694e-12
4778.914210734409,211.49723968792932,-3.188870839229596e-13
4778.960563303842,211.50132016394326,-1.627707229291967e-12
4779.624173363972,211.5597429462366,6.306774847932024e-12
4780.935576250061,211.67521985115442,2.7320746477014716e-13
4783.696538276215,211.91844270719082,3.207038084536487e-12
4784.023755507417,211.94727773111038,5.055973675793558e-12
4784.229437474604,211.965403838821,-1.2729243594679866e-13
4784.331931678158,211.97443662295757,2.6902631065042654e-12
4784.509676171778,211.99010165189057,-3.0390453073080754e-13
4784.5708857282725,211.9954963248755,2.7744832093957127e-12
4786.810522923737,212.19293306614705,-2.1461884053401567e-13
4786.86154153757,212.1974317231493,4.206778722701498e-13
4786.935116720298,212.2039194301581,-1.95025695472515e-11
4787.121969216086,212.22039614387072,4.370129713525185e-12
4787.15289762672,212.22312348319417,1.2218692700323268e-12
4787.631317800724,212.26531393341878,9.695173949142412e-13
4787.859645232458,212.2854509358472,1.2366089295919038e-12
4788.8326032993255,212.3712703083272,-1.1343675766924321e-11
4789.83082968758,212.45933658594706,-2.498573474197924e-12
4789.913335081152,212.46661625995227,1.2332408658050276e-12
4790.586933297334,212.52605434318681,-1.671462779384439e-11
4791.262206620844,212.58564862663914,8.38406420977919e-14
4791.379925891664,212.59603845834437,3.9439363510178614e-14
4793.066015316224,212.74487970422823,4.916518951711133e-13
4793.561445860634,212.78862429007998,-4.385066736530566e-12
4793.602463820694,212.79224621872714,-1.7691275714667822e-12
4794.606896169621,212.88094831420173,8.167153751195521e-12
4795.060225813478,212.9209882462042,-1.5728000737906304e-12
4795.076711612571,212.92244441087965,-1.934672044262777e-12
4795.145320266147,212.92850455899134,1.5565511155404676e-12
4795.40364965914,212.95132336786048,-3.599250551123754e-12
4795.651521422484,212.97321958673177,2.054291823363429e-13
4797.607704896644,213.1460624474526,-9.499822232169489e-12
4798.981700763944,213.26750699471708,3.793107291154126e-12
4799.905861195655,213.3492111143213,4.603133494326955e-12
4800.028915075815,213.36009137435425,-3.505011966563057e-12
4801.785444752131,213.5154317949426,-4.389288665205437e-12
4802.416451293991,213.57124935172288,3.874592565286353e-12
4803.520890180374,213.6689634253035,2.165217136079127e-13
4804.2413780347115,213.73271994361133,-2.1375102204144761e-13
4804.242359581966,213.73280680799687,7.526343672975041e-12
4804.573684488323,213.76212921671873,-2.495789748067295e-13
4805.995585338763,213.8879910656475,-6.740617090824898e-12
4806.117835462984,213.8988139713825,-4.825747105694988e-13
4807.380051333039,214.0105750929724,-7.840179514005854e-12
4807.533352561284,214.024150932369,-1.5835693376448752e-11
4808.315105069947,214.0933870287775,-2.1285049337530605e-12
4808.511979519596,214.11082503564643,1.121983377374438e-13
4811.517509388094,214.37712624065406,-2.3471541632880157e-13
4811.663678206222,214.39008158850618,-1.4046499596155352e-12
4812.291270632748,214.44571131893832,1.1540330125383452e-12
4812.635709823287,214.47624545829567,-1.2415475699707777e-11
4812.840799623501,214.49442747198958,9.147369150283987e-13
4814.986424651767,214.68469198531886,4.373735606783004e-13
4815.240502375781,214.7072280868934,-8.832902828913874e-12
4816.732061022202,214.83954984144177,-1.3823987296932173e-11
4816.739684205926,214.8402262278853,-4.864648373250737e-12
4817.498567163266,214.90756541381157,1.2017914174302346e-13
4817.760010186616,214.93076691636978,2.4610375708110116e-12
4818.238430360324,214.97322710170366,2.735554310443832e-12
4821.07109336822,215.22471466737449,-2.1159756816763952e-12
4821.833246447116,215.29240485952133,-2.0494110884852392e-12
4822.222375597207,215.3269692698375,-5.169908862052288e-14
4822.474130949072,215.3493329337919,-5.0215415392055286e-12
4822.56163666947,215.35710642241114,-2.7922271150027057e-12
4822.7718156921865,215.37577805507757,9.124732013026721e-12
4824.472538016094,215.52689472379177,7.827962399620668e-12
4824.8739563942945,215.5625702866357,4.027716212942081e-13
4825.076423337611,215.58056541241285,-1.116706940038936e-11
4825.135712399904,215.58583512733946,3.2067901211398853e-12
4828.3095444762175,215.86802535060858,7.77629756919973e-12
4829.441662951189,215.96872862015687,1.1794158151654384e-11
4829.464532502365,215.97076313690752,1.8860630118305454e-12
4829.533631929519,215.9769104058032,-1.202877242588488e-13
4829.901566635713,216.0096443372702,-3.382622669147751e-13
4830.278507950843,216.04318214291544,-1.08105018203946e-11
4830.775935387131,216.0874440319684,-1.4458185830650607e-13
4830.926402169383,216.10083370485071,-2.455276172271584e-13
4831.151493277038,216.1208647934908,-7.386878644656513e-14
4831.382845443381,216.1414540327722,1.100624913080495e-11
4831.750991738631,216.17421932978522,-2.587740435689976e-12
4831.78777932996,216.177493590269,7.113413832778426e-13
4832.038117458818,216.19977546759807,-1.6501686270869216e-12
4834.1244872217185,216.38552214614947,6.5460162683767385e-12
4834.165873261965,216.38920750040236,1.1409496240844047e-11
4835.338083247497,216.49360384495898,-4.251839756186244e-12
4835.352716147911,216.4949072025775,2.1870599675369358e-11
4836.716064095636,216.61635838992856,6.29622566817043e-13
4838.3911162197255,216.76562401045555,-1.059632226070918e-12
4839.281691585517,216.84500514339604,1.378349090488448e-12
4839.416933300476,216.85706114553417,7.31936409701035e-12
4841.91166356234,217.07951208085166,6.675603719595215e-13
4841.9992243806255,217.08732181546148,1.9693349937424533e-11
4842.29848283773,217.11401437648422,-1.4727375537952627e-11
4842.905883667469,217.1681969775859,-2.5756707067660887e-12
4842.966378363628,217.1735937203394,1.7411016095061546e-13
4845.027255718062,217.3574852273453,-1.0219662061150908e-12
4845.043640123911,217.3589475167445,-1.8567152640620437e-11
4845.200156375738,217.37291666165893,1.990548915334141e-13
4845.306322578748,217.3823922992366,-6.660584224501124e-12
4845.651040953615,217.41316083268532,-8.82907907566913e-13
4846.8994614759295,217.52460944154427,-9.964187234045871e-12
4847.013563844956,217.53479698467368,-4.1869261479653303e-13
4847.9075996211095,217.61462858952527,4.261547829516879e-12
4848.682587799269,217.6838419281869,2.431268588605157e-11
4849.48147337114,217.75520109727563,-9.853019092654704e-12
4849.784983497074,217.78231473289802,1.0411481755359183e-12
4850.824329237347,217.87517602759434,-1.428169705491704e-11
4851.395154064737,217.9261853587521,-6.904279700692314e-13
4851.8329581560765,217.96531192511438,9.826559383002438e-13
4852.124035060289,217.9913274318997,-6.6633039674691106e-12
4853.791273711255,218.14036987033793,-4.210077342687028e-13
4854.868489983241,218.2366946150668,-6.255440007605979e-12
4854.906605901849,218.2401033343822,1.751650292113454e-13
4855.758172697156,218.31626621491955,7.757811378366342e-12
4855.803543719264,218.32032450715866,2.772846476536685e-12
4856.965473865984,218.42426834803086,-1.855017469260648e-12
4857.251706934442,218.4498779775076,-1.5293439206715822e-13
4857.6208685745,218.48290955808125,-3.389457095808368e-12
4858.430736347236,218.555383120615,4.538731637688755e-12
4859.644556459065,218.66402825178943,5.4405295246556135e-14
4860.966205383615,218.78235565676178,3.7377629266571857e-13
4861.579131111373,218.83724190030713,1.1215670975117494e-12
4861.717097076345,218.84959742406102,-7.118427092380186e-12
4864.987987351169,219.14262426545494,5.397620500538054e-12
4865.103362949529,219.15296393273985,-6.985705664972623e-12
4866.309369588588,219.26105785381787,8.514303416589305e-13
4867.65493720686,219.3816921949335,-1.923788396321848e-13
4868.752400172869,219.48010787295846,4.704189228360826e-12
4869.653344272099,219.56091718145274,3.2596005937305104e-13
4871.049139245669,219.6861411861967,1.484221171252543e-11
4872.01356897805,219.77268614360975,-8.594737470754476e-12
4872.436807764291,219.81067169969575,7.318087177814484e-12
4873.718187386521,219.92569526021757,-8.367330178613747e-12
4873.747474487508,219.92832458223847,1.641211954074917e-12
4873.75679407874,219.92916127493532,-2.890964726154784e-12
4874.4846935267215,219.99451545182026,2.340070139537224e-13
4874.544841442805,219.99991624630226,3.5558170263021105e-13
4874.798919166519,220.0227310981931,7.484140120583537e-12
4875.083265538471,220.04826532661835,-1.3549063010383149e-11
4875.532889384277,220.08864446765958,-4.366024769312575e-12
4876.6362115308375,220.18774574197363,-2.9109575210087174e-11
4877.350002649743,220.251870975185,6.14059601802683e-12
4877.498705428861,220.26523124728803,6.489697865293484e-13
4877.683180454281,220.28180606001405,-6.1045078018166895e-12
4878.362337365273,220.3428327229211,-2.664241252136412e-13
4879.053258933003,220.4049252353679,3.8178831718151855e-12
4879.206314774214,220.41868141869554,9.524353719384358e-13
4879.46488955359,220.44192229656815,-2.475236694633362e-12
4880.17126907781,220.5054184489124,8.399715709575322e-12
4882.470419417877,220.7121517314508,1.2471091679358849e-11
4883.035719346672,220.76299686216208,-1.7509693071764792e-14
4884.406969661393,220.88635655858403,-1.5419001761462475e-11
4884.890212370021,220.92983803788758,-3.3220632880482414e-12
4885.106876537795,220.94933456272622,6.345346618896779e-12
4886.009639737659,221.03057901578782,3.1206227339538756e-12
4886.299578603279,221.05667533860392,-3.0523148876365865e-12
4889.137855401288,221.31221989111805,-2.519145545728925e-12
4889.408685610984,221.3366118732461,-1.1406653190933929e-11
4889.589052961077,221.35285718127713,-2.198280218749843e-12
4889.720567578403,221.36470280415324,1.3147736165867094e-13
4889.766920147733,221.36887789170953,-5.237686416843434e-12
4890.730089147955,221.45564179886156,6.024677088471827e-14
4891.466470633262,221.5219878265678,-3.6935197668482086e-13
4893.012542099424,221.66131728566245,-3.633315700738947e-12
4893.065904385435,221.66612699463874,-1.388051711734846e-12
4894.365398618241,221.78327064773322,5.1168939448676055e-12
4894.945297649562,221.83555601654746,1.99064248961088e-12
4895.377242559813,221.8745054406564,1.1399869235286479e-11
4896.479447967729,221.97390930460182,-1.2352491291817731e-11
4897.461691825986,222.06251313387946,4.515420796168083e-13
4899.88713236908,222.28137741185878,2.6001879010941423e-12
4900.370430175484,222.32500166387703,6.72573116585058e-12
4901.349771992272,222.4134138806601,2.2474620105781135e-11
4901.485885058477,222.4257031827294,1.8765764337563866e-12
4902.623371938923,222.52841731904925,-4.607236070869007e-12
4902.700686716548,222.5353996453807,4.3074673348947495e-14
4902.804856027193,222.54480738870208,1.1515142432005408e-11
4903.939876541916,222.64732636527614,-3.2995472252588853e-12
4904.073265358047,222.65937606257697,-1.3312374694365953e-11
4904.1199647074045,222.66359473227047,-6.771379985419376e-13
4904.300120468376,222.67986980329263,8.97593373504568e-13
4905.3521786138,222.77492350565424,1.986696761379675e-13
4906.149545568613,222.8469793808996,3.4635021431031183e-12
4906.260009735673,222.85696264979708,-5.847489754568203e-13
4907.188142649747,222.94085212673323,-3.519716687188741e-13
4908.579148884509,223.06660821225077,1.0366464082788132e-11
4908.748534033541,223.0819241748702,-1.8142638979085096e-13
4908.99658358766,223.10435399979647,2.9510699383831783e-12
4909.578403112964,223.15696934607388,1.1349466436505717e-11
4910.134874223867,223.20729820802248,6.370545612781142e-12
4910.995637916083,223.2851594097059,2.844462234673048e-13
4911.261624289945,223.3092222214723,-1.2833893243904769e-11
4914.05687373683,223.562176999776,-2.04601348019971e-11
4915.371681932026,223.68120971842762,1.970825889501493e-11
4916.437780810769,223.7777495685156,1.6448985569131436e-12
4916.521301549129,223.78531361583407,1.5551835420420253e-11
4917.114907031269,223.83907713902877,-1.39016252471987e-12
4917.538513897366,223.87744766307077,1.3049827055137514e-11
4917.754463204745,223.89700973254,-3.1597935908972455e-14
4918.104249501485,223.9286974351265,1.2109038038760909e-11
4919.220563237948,224.02984116387375,-1.4494306656218725e-12
4919.489328959758,224.05419614028753,-4.9340288921223886e-12
4920.040431663466,224.10414005327982,2.4250924532870863e-11
4921.137547848331,224.20358332128674,9.118252947483453e-13
4921.270145406054,224.215603545136,6.4541924421252375e-12
4921.379526632604,224.22551940765314,1.3971109938188663e-13
4922.49753677651,224.32688430977228,1.3626211306822832e-11
4923.016729522384,224.37396498704967,2.6758916315367374e-12
4923.057624788933,224.37767360276513,4.576490334866032e-13
4923.446698840337,224.41295859476025,-9.005491686741847e-12
4923.764841866231,224.4418129487225,-2.4486605549555357e-13
4923.8891013799785,224.45308331702356,6.81719119020712e-12
4926.018989262557,224.64630888871238,5.651067651683404e-13
4926.129352036347,224.65632338775902,1.5681214148562043e-11
4926.38509236958,224.67953054725274,-1.1367653738671054e-11
4927.4094371277115,224.77249680120798,-3.731059248986484e-12
4927.942670607074,224.82089901596075,-2.058319869881914e-12
4928.388778943997,224.86139680549607,-1.6732532514134334e-11
4928.987016672653,224.9157106810087,-1.1638777146748721e-11
4929.069175285959,224.92317035881146,2.78573458173437e-12
4929.212755044657,224.936207132703,1.0099539788339945e-13
4929.275838799815,224.94193513991092,2.5102778124373786e-13
4929.587775864917,224.97026011394902,-5.907122697255078e-13
4930.028515794738,225.01028389296098,9.88040562963039e-13
4930.149314897964,225.02125433526894,4.329580716778396e-12
4931.190445939806,225.11581641115959,1.2994405675491293e-13
4931.445784395051,225.1390109061821,3.2309485538115506e-12
4931.984699263763,225.18796892490573,4.118434434824855e-12
4932.287261639706,225.21545771590635,-1.9309172952905018e-12
4932.350781070565,225.22122888012981,-3.608109468009008e-12
4932.759196667041,225.25833793809616,-6.163823153780182e-12
4934.498995152947,225.41645222761645,-1.4816952928003653e-13
4934.67939630063,225.43285041992792,5.379147048224466e-13
4936.110282456213,225.5629370490198,-1.133047449280254e-11
4937.082123782037,225.65131188957633,8.579918903066045e-12
4937.275360029358,225.6688859906933,-7.544272339924628e-12
4937.802611634503,225.71684101594403,9.353195684140161e-14
4938.126558743103,225.74630746171107,3.303784723585851e-13
4940.20962458238,225.9358307046701,-5.890418098270183e-12
4940.265520829519,225.94091740508742,-4.900468868136369e-12
4941.282733177301,226.03349636538312,1.1749814926429606e-11
4942.499844709002,226.14429368152352,1.1177519211913124e-12
4943.8738192722485,226.26940349988936,-4.3860640891013554e-13
4943.942427925626,226.27565170046148,6.693733179706093e-12
4944.8164961903885,226.35526082020502,-7.662832391388668e-12
4945.763703961934,226.44154729006414,6.152665588953561e-12
4946.402033201001,226.49970560329032,-7.08597024792814e-13
4946.735545287582,226.5300949459517,-2.0518095536878758e-12
4947.380448567613,226.5888638055465,-1.340377939171889e-12
4947.942478374097,226.64008680433164,9.582079122445044e-12
4949.763208538722,226.80606682070922,-3.3710403593203698e-12
4951.0147977869365,226.92019866274754,-2.7707002380377143e-12
4951.079979827542,226.92614337326788,3.686357185420971e-13
4953.748448295053,227.1695793222647,-1.4531941042448142e-12
4953.79504625114,227.17383147186297,-4.914973011055082e-14
4954.594211005966,227.24676295776894,7.834739339070906e-14
4954.621433619178,227.24924749078488,8.978324903311408e-14
4955.105657874415,227.2934435874007,-1.49840632835079e-12
4957.114522565956,227.47684273212852,2.4253486538825502e-11
4958.016549604155,227.55921740357445,-4.924320254963958e-12
4958.188033038503,227.5748792633344,-2.0334791770562115e-11
4958.258338099372,227.58130049496205,8.880226155555226e-13
4958.6030564734965,227.61278626766978,1.3118228994618948e-12
4958.787565296377,227.62963977279975,-2.3382392834292014e-12
4959.137372893028,227.66159380980423,1.3442564395815627e-11
4959.7836045001995,227.72063135701444,2.1637017373853563e-12
4960.59884067845,227.7951195672809,-1.7945435917629056e-11
4960.8438441973485,227.817507955544,-2.4959946876425e-13
4960.849212604435,227.81799853223362,8.143036179940975e-12
4961.277172532277,227.85710814719556,2.0348598538688725e-11
4962.165404223694,227.93829099940217,2.232876329007508e-11
4962.977894851662,228.01256397543816,-1.204653029915557e-12
4963.235945059261,228.03615590809028,-3.853484898528661e-12
4963.678347598575,228.07660488705383,2.9907007354370574e-12
4964.254274144832,228.12926740232467,5.6844275473746306e-12
4964.488249167423,228.15066373916972,1.0662538252083772e-12
4964.597630393884,228.160666680827,-1.354726952226333e-12
4964.981581424719,228.19578084720948,1.0455912831733378e-11
4965.881510177316,228.27809429678473,-4.1732867059261074e-13
4966.158880629849,228.30346744475287,2.5723208717377646e-12
4966.609900397659,228.34472861896532,7.87592461972449e-12
4966.9777675074,228.3783854148679,5.3330478315340274e-12
4967.764609236193,228.45038328905292,-5.0103309546467916e-12
4969.120981261539,228.57452130319436,-1.080751766000418e-12
4969.160983876468,228.5781829409362,6.608762459218257e-12
4970.554054597348,228.70571600037837,2.3125227485109467e-13
4970.880501869183,228.73560681708744,4.56871180789532e-12
4971.835992586314,228.82310664689777,-5.3555699426236755e-14
4972.066452100449,228.84421367930543,1.169461737975452e-12
4972.681721499203,228.9005689818432,2.1460759051865058e-12
4972.954002729173,228.92551067500915,5.3274723916531546e-12
4973.507427804438,228.97621010956505,2.586162445161588e-12
4974.153189937995,229.03537570168834,-2.003667410617542e-12
4974.938457952582,229.1073333596447,4.744279819087827e-13
4976.385449328353,229.23995747043915,-2.72263200303866e-12
4976.816188604062,229.27944436279583,-8.387214712277103e-12
4977.633032293905,229.3543357498226,2.798146284301076e-13
4979.86708948486,229.55922552556657,-4.428147295623703e-12
4980.4328250883245,229.6111248382925,1.07320919485445e-11
4980.514983701552,229.61866237507923,4.267655292266734e-12
4981.091701505991,229.67157611150066,-3.7995365359406295e-13
4982.131047243683,229.76695133296053,7.699879691942387e-12
4984.823523299183,230.01411806102797,6.372475709083197e-13
4985.030465997378,230.03312072922785,-2.7913990848445865e-12
4985.357404042753,230.06314366765037,1.696656126322404e-12
4986.002798095952,230.12241641317146,7.29659756152843e-15
4986.651094190535,230.1819634057344,-2.2647417850010276e-11
4986.718810192272,230.1881836711249,-4.157339400125693e-13
4986.937572645104,230.2082793584977,-3.660092739398189e-13
4987.666453638791,230.2752412896044,6.2513107501181535e-12
4987.753959358913,230.2832810541709,3.392590587917799e-12
4989.446288535594,230.438794953469,1.5697862051361186e-14
4991.713918293597,230.6472578913835,2.6368206127515966e-12
4991.91635143853,230.66587215205277,-7.860610379176263e-14
4992.439283778798,230.7139606512252,1.921797913724729e-12
4993.1232845240465,230.77686849392683,3.990013802217524e-13
4993.276776040637,230.79098635868863,7.729731383414529e-13
4993.520015556394,230.81335996661394,2.721783158919712e-12
4993.900561274443,230.84836543219762,-1.7907161784715372e-11
4994.206025691435,230.87646628341793,-1.744874324051888e-13
4994.6847250480905,230.92050714302204,-6.740967605942655e-13
4994.848885783357,230.9356110805654,-9.066132478981683e-13
4995.470830616049,230.99283886478526,1.3134886843799106e-11
4998.305367813231,231.25374690350228,-4.135674023960809e-13
5000.211336422102,231.42926706106945,3.79009709861943e-12
5000.334022221571,231.44056745703185,-6.03396209212908e-13
5000.742382719618,231.47818289735542,-4.478459409264383e-12
5002.1562247053325,231.60844030212877,-9.21436946881054e-12
5002.8829185176855,231.6754050031848,7.586498784767199e-13
5003.583438859574,231.73996703218455,1.2874648953045883e-12
5004.319016587414,231.8077697831323,-4.413803819926633e-12
5005.224157255303,231.89121587762497,7.666122023861568e-12
5006.202394829534,231.98141783996155,3.536859297641345e-12
5006.311094993397,231.99144202311263,2.1118654823147957e-11
5006.831493372355,232.03943547813807,2.8071193703483776e-12
5007.452321466694,232.09669753414855,-1.9776698799172952e-13
5007.5361764873915,232.10443244308954,-1.3878064373897793e-11
5007.568678611998,232.10743052111732,-7.334406876358063e-12
5008.76561104345,232.2178521438192,1.6235476316989204e-11
5009.459857829034,232.28191117398268,-1.4072371842534403e-11
5010.271053926758,232.35677251304688,1.2750870173396545e-12
5011.825607427059,232.50026856095414,2.6437117206888175e-13
5011.924095348118,232.50936117723708,-2.6919535002575646e-12
5012.09178408932,232.52484297288174,1.210659078403481e-11
5015.660079912433,232.8544072347597,1.320280612253152e-12
5016.519358784541,232.93380441977658,-3.370942244151235e-13
5017.025280754187,232.98055786360877,1.7748678823948491e-12
5018.110610980208,233.0808716991223,-1.6482321168900507e-11
5018.300052534264,233.09838344115428,3.891165145019719e-12
5018.67360103304,233.13291573752704,2.026949563595325e-12
5018.9700463434265,233.16032214042272,-6.128760673336842e-12
5019.949388158074,233.25087391103693,-1.5120423849439736e-11
5020.140158039414,233.26851490599483,5.229573214695291e-13
5020.594414130652,233.31052386562902,1.5913834179942982e-12
5020.7154035225685,233.32171343417767,6.149806360628562e-12
5020.995866305109,233.34765275785378,-3.3690351440503463e-12
5021.96770762943,233.43754721819343,6.32869261043289e-12
5022.013078651398,233.44174442255036,-2.0046238381026513e-12
5022.742450418252,233.50922270185742,3.995965305688756e-12
5022.794361683439,233.51402567815236,-3.1328452172854184e-12
5023.108900304668,233.54312873787515,2.801962128554022e-11
5023.806205622615,233.60765423957275,1.3870909884887426e-11
5024.1343493016475,233.6380222807777,1.0019314753800884e-11
5025.854091379296,233.79720816705083,-3.9512546707166605e-14
5026.08544354479,233.81862716338375,-1.3674790754122286e-11
5026.402660120759,233.847997242803,2.0511764389122587e-11
5027.770060640951,233.97462174835252,-5.327782264820738e-12
5028.915974458376,234.0807625902497,9.694540431659234e-12
5029.276709157633,234.1141808284635,-8.59615845309238e-12
5030.02022305113,234.18306705510983,-1.5836665627688225e-12
5030.295685506765,234.20859111254185,8.487694139576264e-12
5030.508208200941,234.22828419397084,-9.636170273113087e-14
5031.449556790313,234.31552278569217,-1.4381552984031617e-13
5032.021866434219,234.3685690203249,1.3273025490799097e-11
5032.518189627967,234.4145771081306,1.177237525256818e-13
5033.103435764716,234.46883399064419,-2.4719632373320688e-12
5033.5437400180035,234.50965778880453,4.5125850970695134e-12
5033.83518500145,234.53668172953059,1.410876598780159e-12
5036.853215674324,234.8166175588508,-8.622240982089193e-12
5036.967318042948,234.82720435497086,3.1727405262338073e-12
5037.421540336307,234.86935098314245,1.9651769412967447e-13
5039.109761836215,235.02603192197708,-1.8673204881464e-11
5039.153961022029,235.0301346777756,2.7992946226435545e-13
5039.9912416941,235.10786141685125,-9.093290326055398e-12
5040.280063820678,235.13467645149953,5.585617089380443e-13
5040.41663386242,235.14735652206141,4.108390892278561e-12
5041.441592085461,235.24253142225297,-2.324841099385594e-12
5042.096897896068,235.3033915219255,5.436977762775373e-13
5042.252140917951,235.31781053836468,1.0396572316826996e-11
5042.875748359887,235.37573585002946,-2.2547866320915276e-11
5044.121567320963,235.49147826021274,5.49544611860451e-12
5044.6515982730725,235.5407292847539,-2.944697625928321e-13
5045.991674786428,235.66527366298888,-1.4193178519862931e-12
5047.7034806974225,235.82441404124287,5.268691527632385e-12
5049.599292159757,236.00072374015096,1.9195013882310484e-11
5049.733463431276,236.0132041226911,1.304218501657022e-12
5050.040032088623,236.04172186011624,-6.836136712059948e-12
5050.082534866919,236.04567570515104,4.0363307525675796e-12
5051.054376190743,236.1360908743675,-8.70954820718241e-12
5052.089089680498,236.23237447242064,-4.8444202819035196e-12
5053.437961213511,236.35792115406682,-3.1488477117535827e-13
5054.174253800963,236.42646598031592,8.327434914239469e-13
5054.6406639290335,236.46989138733247,-5.391207045695217e-13
5055.437662801459,236.5441057406093,-7.138671591554978e-12
5055.451860026112,236.54542785337816,5.3095040739902366e-14
5055.594513335151,236.55871261091582,-6.501869697349547e-13
5057.836997462621,236.7675958510421,8.56367446314547e-12
5058.944482378683,236.87079018903054,7.789527760884073e-13
5059.69549676208,236.94078181435776,9.021192558763404e-12
5060.5695650250245,237.0222546662745,-1.3850912966916014e-11
5060.651723638136,237.02991348340177,4.106725121431745e-12
5062.554912896924,237.20736338376167,5.402287011068043e-12
5063.542960834991,237.29951348505662,9.423270839133853e-13
5063.589749079879,237.3038776276832,-7.653763771452821e-13
5063.844842147704,237.32767197430033,-4.1654740930125184e-14
5066.230157375193,237.55022531687163,2.8640394059963485e-13
5067.129405063653,237.63415362397728,1.8869282998066354e-11
5067.72070066964,237.6893483601258,-7.320183307591015e-12
5068.34420671807,237.74755676976844,-2.1912562021751186e-12
5070.011356466729,237.90323138810487,-2.3134463431928096e-12
5071.452332168213,238.037827643519,7.104731569648324e-13
5072.092603200165,238.09764528573234,-7.074485230836968e-12
5072.128709728817,238.10101878120827,-2.9201540692679334e-14
5072.579907287104,238.14317697522878,4.022394704862376e-12
5072.966971947657,238.1793458221525,7.680505543156819e-13
5072.9953663969545,238.18199922002134,8.745192134405874e-12
5073.198916279813,238.20102093679424,1.5623088023439275e-12
5075.054145457173,238.3744271020935,-3.4143152936386797e-13
5075.750435429496,238.43952489849846,-1.0967214012189018e-11
5076.187960334473,238.4804347057102,5.137631450246443e-13
5076.986934798663,238.5551501608651,-2.3832871657063976e-12
5077.736988934757,238.6253015719216,-1.2249377523051101e-11
5077.858469100179,238.63666440030278,3.1634745525127665e-12
5078.072946086062,238.65672648858185,1.0795013177008952e-12
5079.639408234806,238.80327840286034,9.635374804799378e-14
5080.536781724223,238.8872534303184,1.4604584062787509e-12
5081.316122961148,238.96019519073386,6.6436322378900376e-12
5082.072996524955,239.03104481801446,1.6057695759923735e-12
5082.277963630736,239.05023325061273,-2.0120706328023802e-12
5082.505554900772,239.0715405993084,3.421810837819521e-12
5082.708702905638,239.09056034817974,5.74900896549511e-12
5082.73083629627,239.09263263464572,-1.5855597870968774e-11
5082.748515231592,239.09428786960225,1.305439718512664e-12
5082.9662961368085,239.11467862901586,-7.230108840120837e-12
5083.433823002865,239.15845597719633,-3.163659298010824e-13
5083.52489932918,239.16698446916484,2.8378425479294403e-12
5083.748048641464,239.1878810732958,-5.147789867949309e-12
5083.847150029428,239.1971616222176,-6.721360896262664e-12
5084.537424329799,239.26180876686664,9.173351100367389e-12
5085.131029810145,239.31740948185825,-8.199963573316301e-13
5085.635344267345,239.3646517539753,2.7036849294371532e-11
5085.813211453368,239.3813147972123,1.1200519635662891e-12
5086.120372277374,239.41009176428415,7.142593917320023e-12
5087.505451731467,239.53987725030467,-2.910368372304907e-12
5088.1554442323995,239.60079539271743,3.1045783114310834e-12
5088.266521866128,239.61120651161403,-7.865055201225634e-12
5089.286268172395,239.7067962305439,3.807046050075907e-12
5089.522709560155,239.72896268045966,-5.863004227964926e-12
5090.4936582317305,239.82000020251706,4.585389980120022e-13
5090.858098727914,239.8541751417874,-5.896123533148715e-13
5091.462821600121,239.91088765009005,-5.3119451620672975e-12
5091.984848790328,239.9598501563664,-7.915362250189577e-13
5093.558967920131,240.10752193243005,5.291272748813434e-12
5094.035112014604,240.1521991084954,3.333316724730536e-13
5094.07371870667,240.1558218041247,3.191943453661307e-13
5094.164706137303,240.16435980472653,1.3863109026478894e-11
5094.173869237349,240.1652196523144,-9.863591467828474e-13
5094.405077408985,240.18691629188015,-1.227097584474876e-13
5094.847479947272,240.2284342146949,-1.1859262424806887e-13
5095.226206563732,240.26397924038216,-4.559994346858817e-13
5097.0031394157895,240.43078685977622,-6.86520226421724e-12
5098.248924577962,240.54776825627266,-1.2212721324112119e-11
5098.565684177653,240.57751709304745,8.99831418222405e-12
5099.071326962023,240.62500893820945,2.7012684823700526e-12
5100.171133595692,240.7283231177252,-3.446271095082994e-12
5100.36690380362,240.74671581241302,-2.1282644327160597e-12
5101.701298926321,240.8721016104691,1.363628384245335e-12
5102.187219587804,240.91776905931053,-1.6672816176042382e-12
5102.229811261728,240.92177208694153,5.337475626842438e-12
5102.835828663365,240.97873295216402,-4.761398316082566e-13
5103.418540838233,241.03350968941237,2.03544151389901e-14
5103.451131858448,241.03657353028257,5.049086195771133e-12
5104.126405178027,241.10005952935015,-6.68334475996963e-12
5106.475055506135,241.32093392191183,-1.4276053967153168e-11
5107.060322942316,241.37599010995362,4.867529163177257e-12
5108.281643538936,241.49090022799606,-2.890568563667336e-12
5108.491331786925,241.51063188303266,-2.033428653985954e-13
5108.90163407852,241.54924365382607,2.848100769387741e-12
5109.845482830044,241.63807694193196,8.063683154441675e-13
5110.414924229531,241.69167964361782,-1.6888434213936055e-11
5111.927867600464,241.83412516302238,2.5542732333546535e-12
5112.832618886263,241.91932878022325,-4.519962464966194e-12
5116.054901800442,242.2229050020027,3.783385766292698e-12
5116.1284769827225,242.22983886636055,-1.169556607482402e-11
5116.26156531361,242.24238161574806,1.2417603549768747e-12
5116.735877809427,242.28708527889998,-1.8889196594253573e-12
5116.98995553203,242.3110336536717,-3.3081427296935052e-12
5117.37050124926,242.34690463249098,-2.1919668617051872e-11
5117.492171703491,242.35837408874522,-5.3677852830860946e-12
5117.7607133377205,242.38368955233986,1.541000840798602e-13
5117.77933121992,242.38544471236833,-1.988425405129426e-12
5117.998093672255,242.40606854126162,-7.304319879102254e-12
5118.176172447252,242.4228575676013,3.641522317286436e-13
5118.9407705874955,242.49494948589415,1.7656328837765516e-12
5122.730451713168,242.8524273700838,-8.662157420613551e-12
5123.121780539809,242.88935620523185,-8.838423085467782e-13
5123.798995653484,242.95327016138307,-2.6379696837178677e-13
5124.051119084176,242.97706713082027,4.067707324045764e-12
5125.811164258419,243.14322370337806,-2.0420765237337516e-11
5125.99313911959,243.1604062441893,-1.9944313959926035e-13
5126.542545413773,243.21228631977064,-1.6442061928509308e-11
5126.697822233176,243.22695001566552,1.0489063333654176e-11
5128.859966845825,243.43118009407857,-1.4722740932824967e-13
5129.146411501945,243.4582433079297,-1.9635478120011987e-11
5129.225299993355,243.46569693676793,1.6279162897203618e-11
5130.023995272274,243.54116659451225,5.669352162773364e-13
5131.8022226528365,243.70923559944478,-9.56925101551045e-12
5131.859993098619,243.71469674496956,5.2709533034216255e-12
5131.977957755515,243.72584834990815,9.373352897039765e-12
5133.751273704831,243.89351689865634,-4.473400816333378e-12
5133.775192398613,243.89577882766233,2.0147497503164361e-13
5133.984144486076,243.91553933429006,6.714836680400275e-13
5134.204514450191,243.93638049585743,1.973304516700172e-12
5134.412104412623,243.95601382602365,-1.1076256300598389e-11
5134.5040733904425,243.96471227155803,3.061819397104092e-13
5134.9938901378555,244.01104186863708,3.1457217515118857e-12
5135.746376841156,244.08222486364173,4.1768319620057777e-13
5136.0956936631,244.11527273670563,-9.675661044852967e-12
5136.115415785953,244.11713865780672,-2.499689178368685e-12
5136.899668453333,244.19134304968892,-3.5457677392560423e-12
5137.286644217803,244.22796208371602,-4.1797257358371014e-13
5137.812622591725,244.27773918408863,-1.3182009796729627e-12
5138.685117139415,244.36032082968515,-1.4024163855820272e-11
5138.842894122213,244.37525592490567,7.482199569932126e-12
5139.837236915398,244.46939049891134,8.655591773044041e-13
5140.688803706328,244.5500229263014,-1.4535555046980482e-12
5141.2724974280745,244.6052989337921,6.839064148170892e-12
5141.523550415782,244.6290756731002,1.5254586093358232e-12
5141.544444374769,244.63105455157927,-2.2874562670840505e-13
5142.551499574107,244.72644284429214,2.6542964950576187e-13
5143.098405704714,244.7782536337438,7.987637714094075e-12
5143.155194603239,244.78363380813,-2.3177388106031467e-13
5144.35009634192,244.89685245097326,2.796934514171985e-13
5144.401571931298,244.90173042735242,2.1367896915212503e-13
5144.575187448295,244.9181830980069,1.2954014989456182e-13
5145.002276023362,244.9586585003897,-1.3799772749858127e-11
5145.059411701925,244.9640735326452,5.380195505830274e-12
5145.211473497597,244.97848547784793,6.57614272285855e-14
5148.448947679479,245.28542430612484,6.330365724997503e-12
5148.864863764682,245.32487052178743,1.566006471385355e-13
5149.744736109081,245.40832966898162,2.025915342104832e-11
5150.431516200452,245.47348321140473,3.1963278158827817e-12
5151.603726179276,245.58470864959483,-4.2284550364908353e-13
5151.814810349885,245.60474011346875,-5.784001595173501e-13
5153.03849591805,245.72088158703917,1.4103145085705773e-11
5154.609256028981,245.8700047520891,2.1226356502333282e-13
5154.641445171206,245.8730611661205,1.82899786564954e-11
5154.845921503114,245.89247698877935,9.91777732451639e-13
5155.4918063280475,245.9538113225628,1.6247116756811567e-11
5155.770081928815,245.9802392208317,2.0011315822744606e-12
5157.293918603893,246.12498363561286,2.819366196383495e-13
5157.5317897118975,246.1475821177244,2.767361247527036e-12
5158.712337734519,246.259753210041,-3.3069612970068593e-12
5159.676767461948,246.3514086337859,5.311381365162358e-12
5160.728614013558,246.45139132538407,-7.285574603335415e-12
5161.078421608982,246.4846466086079,8.623728672622703e-15
5163.328584014066,246.69861748290523,-4.84377175240728e-12
5163.486953163649,246.71368052480574,7.747655361426955e-12
5165.486532054481,246.90390718625906,-5.8278580474902995e-12
5165.745597606165,246.92855835234812,-1.2839009636107766e-11
5165.747116222341,246.9287028586462,-1.641344083025085e-13
5168.534865166448,247.19404708826173,-7.45282641837613e-12
5169.798341759998,247.31435478331716,6.094444707242914e-12
5169.820843230816,247.31649763015542,7.286872399329246e-12
5170.579815078967,247.38878105373354,-1.9763325318533987e-12
5171.358420154286,247.46294534486896,-2.119265356568473e-11
5171.517893544503,247.47813700508166,6.011071390215948e-12
5171.599561383838,247.48591698009608,7.59414887864451e-13
5172.76100075038,247.59657321064202,8.911281593221389e-12
5172.875348505553,247.60746904599495,6.3560161757301166e-12
5173.041027856495,247.62325653380844,2.28997695600329e-12
5173.708208518174,247.6868369041737,-2.902108019073222e-12
5174.652179962093,247.7768086363063,1.751845198905045e-11
5175.29905883163,247.83847338256572,-1.0012613187515518e-13
5176.267630031804,247.93081836772487,-7.983921164914155e-12
5176.918828165657,247.99291425871073,2.3197643482156017e-12
5177.234382131053,248.02300714950238,6.372731251572077e-13
5178.272979207245,248.12206619921292,-7.530134980796669e-13
5178.727235297263,248.16539836775576,1.0175307042067573e-11
5178.737235950958,248.16635238784718,-8.106566685602303e-12
5179.010198242478,248.1923925480834,-2.840548477971678e-12
5179.699076618986,248.25811653146644,-2.916836861315922e-12
5180.107906589226,248.29712600321542,7.141103284691592e-12
5181.276499665842,248.40864703409056,-3.7067928502515657e-13
5181.29622178868,248.41052936914792,-1.0408762833587588e-13
5181.352118035584,248.41586430361582,1.8249373921686245e-12
5181.642949551275,248.44362321548962,7.517434325410428e-12
5182.393037483804,248.51522383350445,-1.4562701976281816e-11
5183.601265094935,248.63057856219748,5.295513884043823e-12
5186.582161389058,248.9152926687171,1.2649084433115526e-11
5187.205400749262,248.97484076792196,2.4356093146292545e-12
5187.314781975303,248.98529245712788,2.4724510055878734e-13
5187.440860589391,248.99733990297324,-1.1711906259351139e-11
5188.222613092693,249.0720468240321,1.455867481283914e-12
5189.011988779659,249.1474936651411,-1.9872326841203074e-12
5189.824356711051,249.2251500403756,8.873301658788056e-13
5190.95918693118,249.3336517816118,-3.025035333953312e-12
5191.425017388895,249.37819695533705,1.0815645034666118e-12
5193.826014654368,249.60785641792023,1.4548422886342082e-12
5195.700530275136,249.78723083424256,-1.7404584456168885e-13
5195.771516398232,249.7940248447087,-6.1521012991770594e-12
5196.436911756499,249.8577136783308,9.401459138929556e-13
5196.458084900022,249.85974041610027,-2.8826617475299833e-12
5198.162513009845,250.02291894381608,-8.065709274228484e-12
5198.311807954971,250.03721469131398,5.006481522818667e-12
5198.833835144259,250.08720466763506,-1.0165464835820699e-12
5199.631202094983,250.16357121341866,6.012862041859717e-12
5200.007216958297,250.19958749989343,1.1293145039789717e-11
5200.4351768843835,250.2405824721402,1.9796675302740712e-12
5200.712614931289,250.26716051307022,3.0652161856128904e-12
5202.0455377309145,250.39487176981854,1.0475974866524736e-11
5202.127696343833,250.4027446991519,-3.1514610222719504e-12
5202.423773573085,250.4311176202843,-6.298447146563863e-13
5203.844033103763,250.56724277634382,5.728394590426455e-12
5205.613833542595,250.7369217740567,-6.223581854910891e-13
5206.008275999157,250.77474666912514,-1.1021696932824803e-12
5206.032562773128,250.77707573286375,-1.467307536098104e-12
5206.144879838262,250.78784690551953,5.842859422899483e-13
5207.020119935219,250.87179012767683,1.0849930990417184e-11
5207.066717891103,250.8762596770657,2.7051955931781876e-13
5207.125884259586,250.8819348120963,1.465513371242611e-12
5207.63180622761,250.9304645993887,3.129922072267535e-13
5208.007364114993,250.9664924616394,-5.363689863587026e-12
5208.122325337134,250.97752139291956,3.944461892655036e-12
5209.278184706861,251.08842356174267,-6.052446338479211e-14
5211.429702698322,251.29492252903557,-1.546169617499299e-12
5211.472328169911,251.29901450931993,3.7021392322880506e-13
5212.3300671228335,251.38136325400427,2.4431982276559107e-11
5212.745090556023,251.42121317762505,-1.228445452590797e-12
5214.548844139785,251.59444373511428,-1.0658523840839304e-11
5214.55791834415,251.59531536346825,-3.073991661259332e-12
5215.027264310102,251.6404007507896,1.2316198551129563e-12
5215.437075827358,251.67977057559781,1.0618568310657147e-11
5215.4922572139785,251.68507198437288,4.8556203153461084e-12
5216.950019195698,251.82514300402195,-1.6460765852964468e-11
5217.0000224641435,251.8299483296857,-1.2889435867291087e-11
5217.281411695087,251.85699075873373,5.885937526954482e-12
5217.820381659064,251.90879161434685,2.1619917180539604e-12
5218.0479729285935,251.93066720914655,1.8139446362505892e-12
5218.098657259551,251.93553901048662,2.3808335855090156e-12
5219.5732393226535,252.07729723584364,4.2403357190711454e-12
5220.809704891147,252.19619512260323,-6.781823358592722e-13
5224.209398009398,252.52325301574993,3.462571018681889e-13
5224.865685365259,252.58641380773247,-1.9309562080751414e-12
5226.213363758097,252.71613862813203,1.534794174529721e-12
5226.942735522462,252.7863604451248,3.075952210624984e-12
5227.119832749895,252.8034123357051,-2.0787301107487348e-11
5228.585687388461,252.94457502668854,-8.169968353106422e-12
5228.9131500038575,252.97611528393324,-1.970549831373242e-11
5229.657120870763,253.0477797596771,1.498529997578677e-11
5231.172386610857,253.19377228066128,5.458436492662732e-12
5231.610101803607,253.23595305011116,5.284509677997724e-13
5231.6373244166925,253.238576495245,3.283029521221147e-13
5231.683676985748,253.24304352698937,-1.130379489875005e-11
5231.703678293123,253.24497108016257,1.3997303368060868e-11
5232.913022641524,253.3615309315334,8.893963086269236e-12
5233.201844767177,253.3893723678795,4.35630979578123e-13
5233.884863962407,253.4552191279752,-2.044925433636304e-11
5235.119755816526,253.57429122365593,-1.5238683573002185e-11
5236.557427594759,253.71295137601516,-1.2791872358928648e-11
5237.772229245793,253.83014589255455,-5.007387695679036e-12
5239.468454501541,253.99382985354285,4.1907264804264047e-13
5239.687216953444,254.0149440595398,2.5952945571300603e-12
5239.808786014206,254.02667787186692,-1.0508932752561385e-12
5240.2058175296415,254.06500114101456,-2.312160418105904e-12
5240.694272151193,254.1121529635696,1.7634105548585372e-12
5241.1676030988065,254.15784905063398,5.579355197052879e-12
5242.05256466441,254.24329565259472,-8.057554977586919e-12
5242.4233889117395,254.2791045156233,-2.0005054712471265e-11
5242.6139472033055,254.29750687517446,1.832327339724326e-12
5244.812008051572,254.50982364503366,2.5037664868658827e-13
5245.18802291462,254.54615287406486,4.326453624758802e-13
5245.802344561035,254.60551206690405,1.1656678931287093e-11
5247.211710785475,254.74171918183092,6.123578092871494e-13
5248.5389183970265,254.8700195927683,-7.506232228836461e-13
5248.87685113945,254.90269254300992,-2.3174930306215492e-11
5248.940370569964,254.90883413954728,6.254515837170343e-12
5250.746958598597,255.08354148881077,-9.352418260263124e-12
5252.851933730727,255.28718040560588,-1.8009964831760275e-15
5253.215883452324,255.32239780408986,1.4167406211501304e-12
5254.091614322255,255.40714742831096,-5.175277831071571e-13
5254.392201104482,255.43624023485393,5.503474575013839e-15
5254.476056124833,255.44435658353711,7.249692890238081e-13
5254.805528129895,255.47624751671356,-6.490155003369693e-12
5255.377346998064,255.53160093358937,-3.1218672857401804e-11
5255.9709524767595,255.58906971755087,2.7906047265970387e-12
5256.050420637297,255.5967637688166,-1.064937104252619e-12
5256.412238275669,255.6317961679947,1.2011843909196475e-12
5256.960294941239,255.68486544826,-2.4307614003912565e-11
5258.345374391484,255.81900976187706,9.904539559405001e-12
5258.765487046877,255.85970446609429,1.2510438272157841e-13
5258.908140355442,255.8735234852518,-5.784376116422471e-12
5259.993593270514,255.97868505672818,1.6094406802363837e-12
5260.078776618141,255.9869387649293,2.414057768066204e-12
5260.126190827472,255.99153294902618,-1.2956103349143625e-11
5260.532017362587,256.03085707075155,-8.776665779413711e-12
5261.488244235497,256.123526344258,-6.1108844591444175e-12
5261.520433377668,256.1266461317432,1.3039149252341657e-11
5262.029346282306,256.1759727569584,1.7236209051908334e-12
5262.302744249167,256.20247395479544,1.807755906024463e-11
5262.421199679435,256.21395658471766,-7.23802441694548e-14
5263.542725325246,256.32268592833753,-7.018022608802995e-12
5264.314477173926,256.39751896073597,-4.431380447367131e-12
5264.87503465653,256.45188037873737,-1.1343908315764349e-12
5264.985397429684,256.4625837576346,1.6642037898056456e-11
5265.212252538612,256.4845856870577,7.299112111017399e-14
5265.363455480152,256.4992508885697,4.187181930532626e-12
5265.741691321948,256.53593789783383,4.0599031619117586e-12
5265.787062343731,256.54033883996334,-7.499687487535133e-13
5266.794485621289,256.6380676232322,9.060004122464064e-14
5267.843062049515,256.7398084748679,2.3363578978895138e-11
5268.613697159932,256.814594260609,2.3214838711199688e-11
5269.952022162942,256.9444971406661,-9.819299460923766e-12
5270.245933510934,256.97302970479797,-4.1889473708068027e-13
5270.301829757759,256.97845622605485,-5.389339286664525e-13
5271.206826428069,257.0663231516679,7.242883794587245e-12
5271.37397809962,257.0825537056112,-1.0615066522630196e-13
5271.638111573196,257.108202315218,-9.488163602666049e-12
5271.895704803577,257.1332170740839,1.1883109544847996e-12
5272.973411841359,257.2378859578302,1.2066444658650177e-12
5274.282191859118,257.36502584057354,-4.897157589533755e-13
5274.491177743854,257.385330447953,-8.420710868483357e-12
5274.620771866176,257.3979219310259,-1.4686101642611199e-12
5274.966327792129,257.4314979720815,2.274467200833296e-11
5276.586063325869,257.58890936049346,4.1634887527291765e-13
5276.814915326992,257.611153869998,3.62546120774668e-12
5277.542814769912,257.6819124122521,3.389677644606179e-13
5278.367772412939,257.7621177059491,5.116758149167769e-13
5278.982149156959,257.8218577260559,-2.37727207751514e-12
5279.121566141626,257.835415153517,9.83714244360921e-12
5279.6153553722,257.88343593938976,-3.330921324265793e-12
5280.544693914243,257.97382588586976,1.4827952835868936e-11
5281.257279394308,258.0431446273516,6.459129188133342e-12
5282.160143981261,258.130986733629,5.4725234782237395e-12
5282.182277371822,258.1331403388585,4.0193528030594905e-12
5282.7123634197915,258.1847210379528,1.91845909898431e-12
5283.67254147649,258.2781655678473,1.5382267947767755e-11
5284.003274213202,258.31035641059435,-1.5434359331689762e-11
5284.721228100286,258.3802431547657,7.915525488337954e-13
5286.167517105892,258.52105599774427,9.719719652114674e-12
5286.798523642373,258.5825038029521,-5.929077159151665e-12
5286.956892791648,258.5979270396702,1.0414552257344057e-12
5288.6192537966335,258.75984874140863,6.7669768976917785e-12
5290.054882386142,258.8997266137909,-3.860468815433339e-12
5290.3592638611635,258.9293883497638,1.4142530728338696e-12
5291.133025099327,259.00479845895273,3.975880794518412e-12
5291.76212363919,259.0661179936281,-5.25951231627979e-13
5291.8002395575095,259.0698334651837,1.131529681779199e-12
5291.908013271536,259.08033919891153,1.2882215455192059e-12
5292.158474091793,259.1047548347028,5.872230337562614e-12
5293.431147580652,259.22883653352056,1.6244775168666044e-11
5293.961703101972,259.28057285500176,3.0078765778918335e-12
5293.964381056717,259.28083400487196,-5.880161123315609e-12
5294.106543591582,259.29469765789736,2.505617066573884e-12
5297.017782084857,259.57868274275353,2.7090718411245086e-11
5297.9942556514015,259.67397061421565,-1.5322899934140984e-11
5298.247216635058,259.6986583390437,-7.259076739585948e-13
5298.534465046324,259.7266937742558,2.100862288650372e-12
5299.396836244712,259.8108703051357,-2.39753791399991e-12
5299.699889392409,259.8404547438915,5.010415212370727e-13
5299.81834482261,259.85201897548706,-5.6443995648910744e-12
5301.089165412669,259.9760993135864,1.0615262382908627e-14
5301.288015452675,259.9955173187827,1.2044957613464035e-11
5301.88653236213,260.053967789836,1.0655075367033459e-12
5302.534392777623,260.11724452792873,-3.0767678502712e-13
5302.965132051,260.1593192523333,-2.108801357562614e-12
5305.543438128598,260.41124031751343,5.7181357057484986e-12
5305.8338126678445,260.4396198978063,-1.0705455791509367e-11
5306.436581246096,260.4985360793734,-4.923561752604278e-12
5306.514386796813,260.5061414856516,-2.9236939239252463e-12
5306.9437088472205,260.5481092451457,-4.772959197673707e-12
5307.265769257423,260.5795940261037,-1.0140551961293506e-12
5308.7235312370785,260.72212943673907,-2.9223136163571025e-13
5309.495283085229,260.79760476820627,-1.6976793146667496e-13
5312.363472928168,261.07820246093894,-5.1914070552288355e-12
5312.400260519193,261.08180240963037,3.778810873645478e-12
5313.075533836525,261.1478875254849,3.1734923525970735e-12
5313.140715876737,261.1542669614091,-4.580904793417706e-13
5316.7621285811065,261.5088214566763,7.349694975175403e-12
5316.796047928492,261.5121434731307,-7.63725482031131e-13
5316.943612668105,261.5265960171027,-2.7590256760417344e-11
5317.0071320985535,261.53281725658763,7.027474042163279e-13
5317.012500505608,261.5333430541595,-2.452405407732167e-12
5317.4495346352705,261.5761492426203,2.615191040562622e-12
5318.421866728517,261.6713988903511,-2.5813139521725607e-12
5319.288870173269,261.75634523194645,-2.1543350206112935e-11
5319.947746587252,261.820909184395,-6.706412741147264e-13
5319.977748548274,261.82384929663016,-2.672413482060998e-13
5320.049504629411,261.8308812686279,-1.6804650876101184e-11
5320.724130681897,261.89699809407335,-2.1207583325049163e-11
5321.489799262601,261.9720477129364,8.580235904886971e-13
5322.431740014375,262.06439006472124,-7.668286925510899e-12
5324.78177375955,262.2948448560398,-9.386737571527002e-12
5325.03125303244,262.3193158794679,2.7044951410440106e-13
5325.507139240785,262.3659979769252,3.777641860253983e-12
5326.193428556647,262.4333269308957,5.7604499065059065e-12
5326.352901946479,262.44897343569335,7.365638372431431e-14
5326.522498683389,262.46561369231125,6.634285029906914e-12
5326.6100044030245,262.47419966394943,-6.810199889771365e-12
5326.728459833177,262.4858226142095,-1.950599438136452e-12
5326.93814808044,262.50639804190683,-5.943323918577072e-12
5327.849985477894,262.59588049850674,2.753836507226374e-12
5328.115637567418,262.62195294152974,6.047589951791196e-12
5329.017474311183,262.71047346964116,1.7230822363691997e-11
5330.011449021187,262.80805523155135,-1.5719041824644035e-11
5330.64255695048,262.8700226159411,1.1014397758085354e-11
5330.780332625457,262.88355154431605,1.6598412196395074e-12
5331.417299735418,262.94610328738185,1.6006973943161863e-12
5333.012346615899,263.1027736200554,1.4248479554740597e-11
5333.761719686417,263.1763954924729,1.0076241969409963e-12
5334.326875617309,263.2319258645329,-2.6366608323151883e-11
5335.013164933079,263.2993663168643,-8.853428231146162e-12
5335.549634732668,263.35209030876547,1.1074263506117998e-11
5335.97759465786,263.39415380425135,1.0494394611850016e-12
5336.07697522998,263.4039222441744,4.1275239827670774e-13
5336.215030089501,263.4174924076,-1.5036896211782442e-12
5337.229898758322,263.51726014859634,1.2822927527993286e-12
5339.955245002797,263.78527208653844,-1.3457093285083431e-12
5340.419992518973,263.83098924915794,2.633303257595183e-12
5340.7771228123465,263.86612282067057,5.256282783384902e-12
5341.397113349655,263.92712149525914,3.7399733994265036e-13
5342.4394838159915,264.029692595746,-2.584418430768121e-12
5342.659138919133,264.05130960022433,-4.260352124914402e-12
5343.636784321147,264.14753378459005,-1.3172075661107505e-11
5343.664743094621,264.1502858696835,-4.238336888019381e-12
5344.161781146129,264.19921355991966,4.2040361159737e-12
5345.9602765150585,264.37629280743613,-2.5115437057047024e-11
5347.449246088761,264.5229413335563,2.878050435894152e-14
5348.155257527184,264.5924906318785,-6.897994000119581e-12
5348.610194678525,264.63731142704086,-6.83389880227992e-13
5348.821824720032,264.6581626980252,-7.715756542756328e-12
5349.028488232442,264.67852542804394,-3.106010322024063e-13
5349.092007662863,264.68478420911333,-1.9341861059216157e-11
5349.1270988463675,264.6882418921877,-7.889751815494066e-13
5349.369077628917,264.7120857049715,-4.117767128679346e-14
5349.6833032661925,264.74305010072356,-9.109819288147916e-12
5350.947828998933,264.86767727410154,-2.4302378099827293e-11
5351.570598884118,264.92906609159985,-2.681812311762403e-12
5351.748466069393,264.94660045424547,1.832135924379075e-11
5352.23438672896,264.99450607243375,-3.4382360219322022e-12
5353.414934748021,265.1109112640802,-1.7688524221351075e-12
5353.497093360748,265.11901327850103,-2.279006971655797e-13
5353.703756873147,265.13939380671746,6.838302612109347e-13
5354.805382603308,265.2480460663365,-4.73960757005256e-12
5355.221522773806,265.28909537834164,1.436632676875501e-12
5356.024816498784,265.3683436978996,8.17917341993965e-12
5358.667378165192,265.62912743834124,2.2864191372821723e-11
5359.851911165991,265.7460659705765,6.76288347196545e-12
5362.075341724754,265.96563551793474,1.1255155201379223e-13
5363.686595218895,266.1248078962941,-8.031263419731779e-12
5364.885592131178,266.2432853392445,-9.98497294705092e-13
5365.199538583827,266.27431195647114,-1.4058455833554977e-11
5365.258704952169,266.2801594380429,-2.1101869600500213e-12
5367.223226451028,266.4743520181369,-4.2367644588666455e-12
5368.455529243582,266.59620120077113,-2.2222653358092034e-13
5369.0592242706,266.6559043241524,-1.375459272414376e-11
5369.151730317013,266.665053410612,-1.7037878324128467e-11
5370.061659717332,266.75505617516075,6.179197973336717e-12
5370.156162655977,266.76440450619606,4.970137542356534e-13
5371.26976463159,266.87457558717415,3.825913447532096e-12
5371.646705943245,266.9118723910172,2.2300385382282005e-12
5372.212441543107,266.96785453081327,-1.3182451058372008e-11
5373.030791346304,267.0488444402074,1.1466996623154044e-13
5374.10263920179,267.15494103963624,1.4265221040809307e-13
5374.198280178819,267.1644090669234,6.60118789829883e-13
5375.210124112294,267.26458739416955,2.1821423499569351e-13
5377.507755817134,267.4921360879117,5.270865920978511e-12
5377.937412149567,267.53469840741707,-2.2187563288602944e-12
5378.847286451851,267.62484297411356,1.825350430633229e-11
5380.297636835383,267.7685660064448,-4.103450681980255e-12
5381.108185663501,267.84890453471814,-1.734158744486712e-12
5381.586605832614,267.89632940863953,-6.699100592550995e-12
5382.050862574886,267.94235432007,1.2148548786174673e-11
5383.288444878563,268.0650636242416,2.359133806737144e-11
5384.1688968890685,268.15237976441495,2.2437036593040177e-11
5384.248187258127,268.160243845589,-4.526146662199321e-12
5384.260286197248,268.1614438380722,-3.507230603747223e-13
5384.6098484046615,268.1961151514087,-2.452522710847855e-13
5384.958183678017,268.2306670103956,-7.39926835772857e-12
5385.215865803628,268.2562282961859,1.1361147367367916e-12
5385.297533642693,268.2643297535298,3.4717851857791107e-12
5385.5072218897785,268.2851314101291,-1.3715174921474874e-12
5385.7827732395135,268.31246810097116,-3.9085360102091587e-13
5386.307055203918,268.3644845336115,-3.069198482707438e-14
5386.593322067571,268.3928885270487,-2.5608611372808598e-11
5387.17954974826,268.4510599673602,4.309826898892682e-12
5388.455336865772,268.5776783495336,2.037078015009096e-11
5388.938579570339,268.6256466954499,-8.10235601158334e-12
5389.083420059748,268.6400249023702,1.283508977048767e-12
5389.880507823618,268.7191581229117,3.9386363148661907e-13
5390.852260246552,268.8156475200827,-1.9821719775631388e-11
5390.8764581247915,268.818050451454,1.0295397980835723e-12
5391.405685318068,268.8706072041061,-1.8647420258647934e-12
5392.552982554059,268.9845612743348,-1.0707901692964422e-11
5392.9940016650835,269.0283714772372,-5.4519903793225e-12
5394.005845598286,269.1289001351661,-1.2096383582409003e-11
5394.116208371224,269.139866031481,-7.229981062422192e-13
5394.662534830431,269.1941535763202,-1.4153916759011657e-12
5395.536010921911,269.28096085428274,8.531760202869965e-13
5397.126370456367,269.43904910302274,1.752812424101064e-11
5397.456087847539,269.4718301924932,1.3654499306840994e-12
5397.67324278709,269.49342121660175,-1.1760629172524182e-12
5398.543605248089,269.5799673023282,-2.0009391574622762e-13
5398.7734850913475,269.60282815517127,2.892281604790375e-12
5399.231937750756,269.64842278746505,-1.204375047259539e-13
5399.425609672318,269.66768526345453,2.7803683157408574e-11
5399.856894816628,269.71058306950516,-4.345476474937259e-12
5400.929144549657,269.81724931031454,5.246045387013099e-12
5401.175709283332,269.8417802976275,-1.7318914832810778e-14
5401.863081538911,269.91017360631713,1.6204894076638236e-11
5401.899378356265,269.91378536938646,-2.757454634848526e-12
5404.547777901413,270.1773833742046,1.0330492034379287e-11
5406.6717389910655,270.3888768243166,-4.799413317326692e-12
5407.180529201201,270.4395519528035,1.0195025400244245e-11
5407.9845039880865,270.5196369676035,-2.2334275602978706e-12
5409.927729648881,270.713253469996,1.3766641025438937e-12
5410.308376757618,270.7511880214249,-1.4261688141009528e-12
5410.994666072632,270.81958902546506,-1.4162595913650934e-11
5411.059010559089,270.8260025491477,1.0538327585714357e-12
5411.85141097818,270.9049911535272,-5.411143084395969e-12
5413.731485288721,271.0924482928462,1.207727258371941e-12
5414.118059173592,271.131000602743,-1.7335754062169686e-11
5415.385364253124,271.25740593616723,1.5859879802451762e-11
5416.760722231018,271.3946223103884,-2.0277623556546408e-13
5416.815010965889,271.40003929029666,1.4690145722559626e-12
5416.956492437986,271.41415669684477,3.689180709502502e-12
5417.280651133132,271.44650352437037,-7.889251945863157e-13
5417.329046889593,271.4513329583526,-9.055176106274185e-13
5421.586880826061,271.87639296712183,3.18276952373298e-11
5422.011782218204,271.91882924351717,-1.9109902894626054e-12
5422.2172738942645,271.9393535549896,-2.065297166492512e-12
5423.65253440075,272.08272768699425,-1.995650852601847e-12
5423.7661121973115,272.0940750649565,-9.593711424027603e-13
5424.756973275513,272.1930805069253,-3.3872276716554006e-15
5426.672942525097,272.3845727491622,3.524658213620226e-12
5427.017381712063,272.41900501967586,-7.636494990500737e-12
5428.324499117109,272.5496924394005,-1.4605418877110158e-11
5428.378754054232,272.55511760390897,6.031623755842921e-13
5429.041069577474,272.6213495086759,1.942513176833906e-11
5429.506798640297,272.6679275015633,5.516451763150046e-12
5429.63467505465,272.68071723878046,-1.7363922688486117e-12
5430.624017516596,272.779677879728,1.5124875837547898e-11
5430.961882662626,272.8134775383393,-1.4510041038978044e-12
5430.979383806524,272.81522839086034,9.111934670538438e-13
5431.578357690729,272.87515444264255,-4.354413891532563e-12
5432.009096963297,272.91825306767873,-6.16288032172011e-12
5432.095697533656,272.9269185028693,-1.627379857560546e-12
5432.394118434154,272.9567801840044,-3.2763471710751684e-12
5432.970747338765,273.01448557702065,1.6053853461398896e-11
5433.2611218774755,273.04354675277136,2.463207236209274e-13
5433.379577307445,273.05540241891487,2.469775983174037e-12
5433.789913394733,273.096473093257,8.061647246000949e-12
5434.486013074288,273.16615303352773,-8.180008789145264e-12
5435.903962725516,273.3081181407734,1.077443510301466e-11
5435.96646681087,273.31437690155065,-1.1248357417006497e-11
5436.017049748438,273.3194420072462,1.7183142684745463e-13
5437.104969026356,273.4283918516333,2.037078084359502e-12
5437.165463721915,273.4344507421481,-2.8864992018138914e-13
5437.47481172537,273.46543477162743,3.7603323876967116e-13
5437.733788380328,273.4913750058472,-4.4587731442442154e-13
5438.538757211674,273.57201209211223,7.058492300141952e-13
5438.649119984547,273.5830685219331,1.5312765205635488e-11
5439.297014196496,273.64798077508766,-2.7698274552669314e-14
5439.474513301331,273.66576568637066,-8.844961927751377e-13
5439.911335841153,273.7095365483673,-1.2489291700608256e-11
5441.043264015655,273.8229753286445,-2.942802873170723e-12
5441.506784597102,273.86943491895795,-1.4537459421427157e-11
5441.728660678792,273.8916754008184,2.680544532498164e-12
5442.540102157787,273.9730206401499,7.662661860253708e-12
5443.519443965899,274.07121367444677,-2.0569769065706716e-11
5443.559446580522,274.0752248847141,1.9717843023327524e-11
5444.870358678217,274.20669120493136,-3.5117619817929785e-14
5444.870548967106,274.2067102905683,-4.506719782136709e-12
5445.331099911673,274.2529046850625,2.865690537231018e-11
5445.659243588528,274.2858206880496,1.3650245128835048e-12
5446.656945394334,274.38591206829034,-1.8779463813678938e-13
5448.125634474027,274.533287168527,5.899366858039889e-13
5448.630050321629,274.58391176988755,-1.4152351222395685e-11
5449.067575224083,274.6278268025603,-5.5443483704161194e-12
5450.095033603994,274.730968209353,-5.226355296700064e-13
5450.198399157794,274.7413456367826,2.370780507822659e-12
5450.67774577576,274.78947241094784,-1.8450449832907925e-13
5450.783911977703,274.8001321529253,2.7107080915569606e-12
5451.3598385194755,274.8579623507267,-1.1809202194861656e-11
5451.960106933047,274.91824327842943,-5.134298433824565e-12
5452.7852886606115,275.00112157432443,-6.120934734622332e-12
5454.968136932538,275.22041950886245,2.6056560514664765e-13
5455.374978811483,275.26130222488206,-1.071796242537397e-11
5455.490164119828,275.2728775169308,-3.5551053116428863e-13
5456.67265393146,275.3917233406095,-1.7986023201545948e-12
5457.3362639839825,275.458430575751,-9.571257876542261e-12
5457.651716554826,275.49014326069323,4.492983043599412e-13
5457.796814928471,275.50473072514893,-3.5442206448825563e-12
5457.825979335771,275.5076628155381,-1.7344240861709148e-11
5459.610679355183,275.6871203055923,1.9674488881175106e-11
5459.614418950212,275.68749639584075,-1.520580693481332e-12
5461.267917335774,275.8538136028458,-1.3723313887469651e-12
5461.336035214959,275.86066632280824,-8.732978060105384e-13
5461.408628849608,275.86796940188054,-2.5875903471426153e-12
5461.98050281397,275.92550457312774,4.614794662472988e-13
5462.28297629167,275.9559383005041,-4.2105922163918305e-12
5463.4576864284,276.0741491352495,-3.911194826156569e-13
5464.559891826127,276.1850869478455,1.6896734510837407e-11
5464.6472072566985,276.19387626904046,-1.8693748597263445e-11
5465.193131837403,276.2488331589197,2.086752380979878e-11
5466.598301486407,276.3903133956847,-1.4763723138491819e-12
5466.670180260799,276.3975515253071,4.712885532667619e-13
5467.412957988787,276.4723541651699,-1.4141653058910278e-12
5467.542920190964,276.48544326490156,-1.8157344892340841e-12
5467.625425583595,276.4937529293845,-1.8715797305127115e-12
5470.558450680046,276.7892387727974,-6.3874764681105255e-12
5470.658266927675,276.7992974886481,1.9208678982081976e-11
5471.092052234968,276.84301317671043,-1.1899245621383098e-11
5471.1420555032255,276.8480525911191,1.5486060553550762e-11
5471.261961953821,276.8601371547632,7.255105547498234e-13
5472.1360302112125,276.94823660996263,5.799010819954017e-12
5472.881697482953,277.0234053431448,3.621620734630688e-13
5473.363611859668,277.07199129765655,-3.1176105158512123e-13
5474.97146003872,277.2341233195221,1.5466847108045137e-12
5476.3288598957015,277.3710377322763,1.9901805260263367e-11
5476.5534815275105,277.3936975118228,-2.8677269140723573e-11
5476.994255251204,277.43816536692816,-1.2136019405063881e-13
5477.407582275277,277.479867488421,6.055725830751961e-12
5477.767301627033,277.51616349098913,-2.124218912683741e-12
5478.83021927019,277.62342675404415,-5.067561436249537e-14
5479.4975351198,277.6907788950493,6.661209757561427e-12
5481.715876452322,277.91473488600656,3.9853769658760015e-12
5482.815213606144,278.0257537168122,-5.776664087169101e-13
5483.659068313378,278.11098722845156,2.1333606743353742e-12
5483.915455909096,278.1368862456418,-1.0799826887393636e-11
5485.023253800184,278.24880447326314,4.14508468793331e-13
5485.6432443362255,278.3114505319753,-2.4002842148292753e-13
5486.02719536389,278.35024986575513,3.2302253753205044e-12
5487.316900519645,278.480598088411,2.3129815416210315e-11
5487.399773992471,278.4889750116462,-9.96469973637475e-12
5487.943376200918,278.5439259357174,-8.327062849234567e-12
5489.260583154177,278.6771005440545,2.6106737211088955e-11
5489.973849694608,278.74922782991075,-8.129782699072647e-13
5490.0585422683325,278.75779277597013,3.939140822262711e-12
5490.658074521153,278.8184271523684,7.801802865886271e-13
5491.0971731374475,278.8628400909127,-5.812720015223102e-12
5491.894540084737,278.9434994125426,-1.4508619964502995e-12
5492.952592591838,279.05054700843107,1.3404813147041228e-11
5492.976600181153,279.0529761958815,-6.598083608913957e-14
5493.307958881461,279.0865055279305,-7.347640505446644e-12
5493.497489329781,279.10568453433274,-3.050738349636744e-12
5494.035913420035,279.16017247210794,3.136662037439693e-12
5494.209795623112,279.17777030446774,-2.1449879369696266e-11
5497.278007334077,279.4883817720616,-6.299422074794512e-12
5497.407300971251,279.50147466559196,-2.9387227410002194e-12
5497.56838187253,279.5177869206754,6.638149204000196e-12
5499.284194053644,279.69157253748534,-1.9772970000443193e-11
5499.820117980444,279.74586457590453,2.0283487303908802e-12
5500.186221084113,279.78295587343575,6.104348284183096e-12
5500.273726803532,279.791821776198,4.23747502879545e-12
5501.307044363383,279.89652609154786,1.531498243033597e-11
5501.4073513845915,279.9066910791517,-2.7158653505256026e-12
5502.184628128813,279.98546561122583,-8.549330792971778e-12
5502.41657245945,280.008974589265,-2.0073465262324114e-12
5502.832522340196,280.0511361385299,1.8708770490210833e-14
5503.02928659174,280.0710816847127,-5.2220987515299285e-12
5503.706501701549,280.1397348967254,-1.9509157177189152e-13
5504.791485139344,280.2497435520358,7.537346452792323e-13
5505.84801903009,280.356888489673,-2.737183313670881e-12
5507.394213174359,280.5137277898108,5.914784201686434e-13
5507.40257251843,280.5145758454969,-1.346773028312783e-13
5507.990597998857,280.57423427664065,1.6405947494756642e-11
5509.094935479115,280.6862926240044,-8.880243642311357e-12
5509.934280632846,280.77147693241045,-1.912626535268345e-12
5511.617044817781,280.9422980927588,-1.788781115824231e-11
5511.737598533078,280.9545377726319,1.5171868741650344e-12
5511.877963266781,280.96878917970474,1.2607197011170722e-11
5512.037157471641,280.9849528057715,-6.885508938647415e-13
5512.745736667328,281.05690335657306,-2.9359149756940665e-12
5513.50822402003,281.1343381805743,1.8591193512053396e-11
5514.59516174955,281.2447412564089,-1.271873778901052e-11
5514.7599146503335,281.26147753391945,-2.9059732724966957e-12
5514.875624529951,281.2732321184573,1.1068140882427921e-11
5515.662466251975,281.35317131131256,-1.5665860217019746e-11
5515.8400542522895,281.3712149434996,-2.1752537509783355e-12
5516.103206177695,281.39795327180826,1.6080873052868889e-12
5516.263293034127,281.4142199935416,-1.1840432114333158e-12
5518.520029468298,281.64358139328067,1.3111981031810618e-11
5519.913290466076,281.7852310735055,-6.303157317449123e-14
5521.265186724228,281.9227094757498,8.116461248670738e-14
5521.431056363207,281.93957957763246,-1.0433370955109577e-12
5523.018412460303,282.1010504222683,-6.384247435428443e-12
5523.115203973086,282.11089786014924,4.5131862042127587e-13
5523.146187481264,282.1140501169189,-1.2226448523682747e-11
5524.387966353424,282.2404030417047,3.9225745439919205e-13
5524.61155133992,282.26315617821365,1.5121514815569556e-11
5525.500887264137,282.35366860577415,-1.4899026665510955e-13
5526.061444744642,282.4107269953656,-4.88904204704573e-12
5526.68349976805,282.4740519124592,-1.7943907823339281e-12
5527.497073329299,282.55688408675843,7.56598349390774e-13
5528.878480774627,282.69755692645776,-4.2542289830092965e-13
5529.658625762187,282.7770169486584,-7.089773064882574e-13
5530.64158447076,282.87715009668676,-5.214592934387187e-12
5530.81448512651,282.89476517666293,-1.7754417396711764e-13
5531.616852400197,282.9765173816068,-1.614813146760116e-12
5532.560388163456,283.0726682410123,-3.568956429002915e-15
5533.515633485401,283.17002906683393,-4.208023434753824e-12
5534.516761902746,283.2720844436976,-9.780535169557316e-13
5534.842841091496,283.3053290548979,1.936864913529138e-11
5535.399312196866,283.3620672373474,4.669177650372494e-12
5535.595919957176,283.38211486555997,-3.3804173509064913e-12
5536.47116004994,283.4713696677461,-5.255996548204896e-12
5536.83902715641,283.50888804983333,-2.709421836753121e-12
5536.953374910972,283.520550765787,1.6117915656125947e-11
5538.487246028871,283.67701877718804,-3.720429828370618e-12
5538.855303424222,283.7145702360811,1.9203533652758865e-11
5540.228563114338,283.85470058460083,-7.775505679617622e-12
5540.37852662367,283.87000528492695,5.606866343806446e-12
5540.543524911209,283.8868448556702,-1.9216256391168894e-12
5540.901581652905,283.92338951643364,-2.102856715032695e-11
5542.228141994102,284.05880399633486,4.923053671130776e-13
5542.373629747972,284.0736572710736,-4.696310225585323e-13
5542.4436894213895,284.0808100092607,2.1716609817195994e-13
5542.8154526140015,284.11876666311,1.0601357127795412e-11
5544.324690177896,284.2728844709747,1.3790001551754526e-12
5544.620276632053,284.3030735897378,2.0269684249272627e-12
5545.115271494638,284.35363248332254,-1.0298219942551195e-14
5547.949317894163,284.6431895564079,-3.1665496863817947e-12
5548.199689817853,284.66877739404686,6.342234143634065e-12
5549.705847548942,284.82273004065433,-5.297716926504113e-12
5550.285746574218,284.88201584394426,2.578964755289955e-13
5552.5110087255825,285.10957234694735,-1.1357739397144347e-11
5553.2687749356155,285.18708274605945,-5.2263827172324365e-12
5554.093766373161,285.2714815065515,2.194622823875048e-12
5555.150791036839,285.37963618943445,-1.9770000572619074e-13
5555.8060630445925,285.446693905424,1.693387072363709e-12
5556.137455542363,285.48061019836484,-1.1814897151744053e-11
5557.17697906214,285.5870131320317,1.997084154520377e-12
5558.3182055257985,285.7038490375282,-1.3421809307313358e-13
5558.3240985041975,285.70445240815064,4.1170341497841364e-12
5559.198166760569,285.7939536448136,1.4696676625902226e-11
5559.308529533259,285.80525537005593,9.000239324018858e-13
5559.421806844884,285.8168557926601,-1.0998935340950105e-12
5560.469723506424,285.92418130651976,4.433107079337143e-12
5560.578613958252,285.93533480746197,5.9153753762207125e-12
5561.600458542774,286.0400116009916,4.437491914367076e-12
5561.981004257496,286.07899925968337,2.449429486782962e-11
5562.119059116584,286.0931439115795,1.8743508553195534e-11
5562.45501626545,286.1275664552169,-2.3553584566339102e-12
5562.60230182,286.1426581527151,5.041463774537175e-12
5563.721729175579,286.25737396888434,-3.4081373825248707e-12
5563.7359264001225,286.2588290093835,-3.61394923413336e-13
5566.3240215328615,286.52413888716137,-2.2046479355722167e-12
5567.479009545226,286.642578421337,-5.787416361303397e-12
5567.642992487722,286.6593962271995,9.479376912583947e-12
5568.3269932269295,286.72955149759247,-5.091083905522857e-13
5568.543936576906,286.7518043254633,-3.9125925537840515e-13
5568.572331025991,286.7547169324062,-1.8772744806541e-11
5569.218562627055,286.82100920865133,6.517271689314505e-12
5570.261301170315,286.92799251596807,1.4453426895753791e-12
5570.681693008403,286.97112971156713,-5.707847701810955e-15
5570.712130645018,286.9742531009789,-3.812567897290159e-12
5571.769066412801,287.0827222380253,-1.78528953392667e-11
5572.106284293417,287.1173339053082,-5.692883045036012e-12
5572.971367240975,287.2061346340977,1.9604113503822774e-13
5573.089331897103,287.2182447692464,-1.730004885053291e-11
5574.180275907783,287.33025215152554,-2.699876818876541e-12
5576.09976066189,287.5273791556766,3.2535421360345174e-12
5576.344417398415,287.5525097590858,2.7018207801819934e-13
5576.585681319954,287.577292939756,-1.5599848685670067e-12
5576.628272993579,287.58166816503194,-5.313967352792079e-12
5579.0107875545955,287.82646494331675,-8.353609260752933e-12
5581.785354602408,288.1116758174469,-1.2759853681810323e-11
5581.953043342155,288.1289178806167,2.463655407475831e-13
5582.035201954623,288.1373657686011,-5.250184215303621e-13
5583.786016421553,288.3174213036253,-1.5946323235612815e-12
5583.972098956738,288.3365615398386,8.873921680035405e-13
5584.243944508445,288.36452440815424,2.405806036531784e-12
5585.271001008539,288.4701828809714,6.371140875695663e-13
5586.217662899132,288.5675879645724,-1.635636114436606e-13
5587.125494011299,288.6610131308357,1.2480140151293518e-13
5587.551131562924,288.7048208437798,-9.633158526548542e-12
5587.796414264003,288.7300674867445,-1.2554691564323692e-11
5587.8469634037265,288.7352705844778,4.629371750849452e-12
5587.903752301882,288.7411160059202,-9.435435743595993e-13
5589.036395334392,288.857714156811,9.258785076464432e-14
5589.873151428167,288.9438678711665,2.0112158031138846e-12
5591.782233650291,289.140478239468,7.529148272920537e-14
5591.786832099155,289.1409519002912,1.768315827928924e-11
5593.209413993991,289.2875029048886,-1.585395369247484e-11
5594.165886249234,289.3860573607204,2.9704411409469776e-11
5595.153096625803,289.4877967312804,1.9292878211288107e-11
5595.250602998745,289.49784646225305,-1.9803843761486672e-11
5596.659690031671,289.6430969899453,-1.5665464981973097e-12
5598.846332992359,289.86857141300777,4.235874631753231e-13
5598.995505243222,289.88395643254114,5.374539777400999e-13
5599.529106797238,289.9389932832004,-5.798397815300058e-12
5600.102309087825,289.9981204851228,-1.8155331547607503e-11
5602.327782826822,290.22774084661796,1.9569016986215127e-13
5602.380163564998,290.23314649552896,-4.899727867904312e-13
5602.398768949506,290.2350665680056,4.342328873506664e-12
5602.448772217678,290.24022692826594,-8.348920011846432e-12
5602.96469483648,290.29347306886024,1.4389347241274226e-11
5604.219499095753,290.42299645031676,-8.404912039881335e-12
5604.51671436169,290.453679847443,1.2864560683765768e-13
5605.040137470705,290.5077200560347,6.979201351301818e-12
5605.103656900901,290.5142783889255,1.5173997976851553e-11
5605.392479025032,290.54409999100847,1.16999952143709e-13
5605.5285920897395,290.5581545359199,7.300042224454055e-12
5605.654759598733,290.5711824433449,1.660682227003512e-12
5605.8904986219995,290.5955253612369,-2.2011950183014232e-11
5606.0754982166645,290.6146295336476,1.3117971492704135e-11
5606.122197565512,290.61945208934054,-6.525431321283615e-13
5606.3205230333115,290.63993324247883,-1.0814308082411566e-12
5606.924844022963,290.70234618871507,-1.532656687338441e-13
5607.111540025121,290.72162910248164,5.683988180160788e-12
5607.4697407600925,290.7586276960586,-3.872134439691914e-12
5608.496619468553,290.8647072115032,-2.3160345713818785e-12
5608.729634241773,290.888781009726,-2.5774708453245635e-11
5609.299075637092,290.94761675540053,-1.5383044845631754e-11
5610.214898012837,291.04225375743687,-1.0442818771328797e-14
5610.277435895789,291.0487167070296,3.029598223265091e-12
5612.453989306798,291.27369653414894,-4.227175555736294e-12
5613.04626645524,291.3349324702094,6.798001707820348e-12
5613.160368822878,291.3467303337335,-3.9604318826045894e-12
5614.512857246234,291.4865920975111,-1.209166065133853e-14
5614.721619043345,291.5081833013338,-2.4234990057045075e-12
5615.026279701549,291.53969429241346,2.652607785061791e-13
5615.717658237156,291.61120977898884,1.3019876602823395e-12
5616.266451060394,291.6679826142585,7.550502935562052e-12
5616.780486982722,291.7211648662463,-8.619447749834806e-13
5617.994307080005,291.84676623583954,-5.4632303839286475e-12
5618.994822029225,291.95031602591416,-1.7830882662374356e-11
5619.375959910516,291.98976731076783,-6.965473134941789e-12
5620.028139587473,292.05728012744163,3.6040187855314203e-12
5620.113322934672,292.06609877849684,-6.644712893011561e-13
5621.03832090783,292.16186828899987,-8.068010157416646e-12
5621.358071442119,292.19497727290764,-1.6936413458802999e-12
5621.436735846335,292.20312296936106,2.3464335634690327e-11
5623.475792767163,292.41430701770616,6.7983209032522885e-12
5624.447634082697,292.5149870599878,2.494158309423598e-12
5624.80300037171,292.55180635766465,-2.4491669721331807e-11
5625.117572787843,292.5844009665621,-5.318502522326812e-12
5625.654567156662,292.64004617077967,-1.0464728454220354e-11
5626.460238348687,292.723542555154,-2.4785933583952755e-12
5627.0797381099555,292.7877530447581,-1.0277638667544238e-12
5628.65000743654,292.95054145588693,4.751940092109839e-13
5629.272811117117,293.0151195342113,-2.3002677322994696e-12
5630.081037570433,293.0989346228845,-1.5597279509913894e-13
5630.436192270351,293.1357688520477,-3.0022972348137712e-12
5631.460537017363,293.24201993500395,2.205280873189098e-12
5631.6923799543865,293.266070735198,5.365852823416044e-12
5631.930251060767,293.2907479115264,8.256365429774337e-12
5633.049779808576,293.4069038334971,-7.143698384596132e-12
5633.4510078927215,293.4485385925321,-1.2788840386541363e-12
5633.823786429884,293.48722384772793,-3.5969094948836916e-12
5634.0752287962,293.5133188345154,1.267251748818414e-11
5634.21720104151,293.5280533968342,3.855346299587038e-15
5635.612995998349,293.6729354785454,-1.0343298952721083e-11
5636.967637804692,293.81358022194627,6.774445764053513e-13
5637.727045323473,293.89243996593206,-4.531999281455573e-12
5638.252879700012,293.947050817516,4.8125442227668264e-12
5638.770498726074,294.00081343344834,-1.582353520784508e-12
5639.362775874319,294.0623364865079,4.471464605971443e-12
5640.144058899155,294.1435024933143,1.2782300870637334e-11
5640.1521515562235,294.14434328289525,3.4204508071577983e-12
5640.948033683541,294.2270376424879,-3.693486783077691e-12
5641.047414255246,294.23736437887817,-1.05055753791561e-12
5642.059258185086,294.3425164678129,-5.385880438584207e-14
5642.2854322303165,294.3660233369329,-2.372346605172159e-12
5642.833019419498,294.422939430045,1.3488196139845593e-11
5643.203788566828,294.46148023052393,-9.899934407721863e-14
5644.112948005615,294.5559964721733,-7.033451489590796e-13
5644.321988987201,294.5777305316019,-1.195199088370224e-11
5646.436038312095,294.7975741665526,1.3171437654903243e-12
5646.96918288991,294.85302978949636,8.445833854525867e-12
5648.18398453397,294.97940828343957,5.262628335003602e-14
5648.592590414857,295.021922563827,3.319951377804107e-12
5648.7256787447195,295.0357706902299,-2.0510909043221783e-12
5649.094840380194,295.07418445852704,1.0548012043728305e-12
5649.851134268429,295.1528897991676,-1.1716066750191957e-13
5650.893437134917,295.26137654215904,7.339164779685632e-13
5651.598120243164,295.3347339087707,-1.6404934598712351e-12
5651.81527518198,295.35734153697297,1.1012628352840832e-12
5652.536198702273,295.4324018768923,-1.1858845009319835e-12
5652.592094948806,295.43822202211186,1.2106678409363621e-11
5654.232813328599,295.6090859517001,1.568636054561441e-12
5654.338679045527,295.62011247935214,6.435688205842853e-13
5654.528277088937,295.63986072978975,6.76683245792901e-12
5655.3223401152145,295.7225763486342,-1.0988924151858187e-11
5655.863175472079,295.77892050505153,-1.410611490470295e-12
5655.98505751443,295.7916189041596,2.503299962250122e-12
5656.160390737823,295.8098866465102,-3.952055946906058e-12
5656.867607807172,295.88357642927275,-7.191188521396803e-14
5657.276704461638,295.9262072134908,-2.048848284188954e-12
5657.579177938562,295.95772908578954,6.719843071556332e-12
5658.468513861257,296.05041981187145,-2.8794747108598813e-12
5661.043304417931,296.3188586095107,-1.460998739830498e-13
5661.324080180096,296.348138708286,-4.333878024174217e-12
5662.51471774353,296.4723179313422,1.2139265181556603e-12
5662.612490803381,296.4825164706883,5.327373807371134e-12
5662.6776728432815,296.489315594749,1.1973603116084407e-12
5664.115133023883,296.6392766401761,-2.1230912405590738e-13
5664.900121845755,296.7211855817673,7.0616715130922155e-12
5665.049471887824,296.73677066073077,-9.608102371085773e-13
5665.087465112544,296.74073542157106,-2.1613934615502576e-12
5665.201042908746,296.7525879249087,7.617845099079989e-13
5665.528014748527,296.78671066402165,-6.897575246210096e-14
5666.075022268269,296.84380070159074,7.18805275918279e-12
5666.706028801459,296.9096643879181,-1.7038923357237464e-12
5667.632689383827,297.00640137496254,-2.244177710759669e-12
5668.657034130366,297.1133543233181,7.541892954255448e-12
5669.440114955636,297.1951296793723,5.037558669056875e-12
5671.232103871264,297.3823055221125,-4.130369609011683e-12
5671.394970075337,297.3993200658631,6.214124523167414e-12
5672.290456860643,297.4928798122542,1.362418914692676e-13
5673.869208223803,297.6578624752564,1.777127270666094e-11
5675.4113159896715,297.819060135947,4.197077522844438e-12
5676.500842776001,297.93297558169553,1.239420454963417e-12
5676.761249150648,297.96020560137083,1.5924517045601368e-12
5676.9299194374325,297.97784368267526,-1.843313216867234e-12
5678.891103211044,298.1829658092844,3.943935832337309e-12
5679.8683129329365,298.28519957547417,-1.0181154764543396e-11
5679.982292607076,298.2971250511524,-1.5017527439823306e-12
5680.0122945679495,298.3002641388207,-1.856775169694982e-12
5681.021638333895,298.40588085054685,1.5515457057787642e-11
5682.891745781882,298.6016166007667,6.528340614557224e-12
5683.51173631634,298.66652244565654,-2.3812324748065825e-12
5684.47812032846,298.7677058049224,6.165384813594387e-12
5684.816319755836,298.80312038216925,2.5836817196235958e-12
5685.2807667851275,298.85175841958073,1.1130089730703454e-11
5685.916160177959,298.9183048179076,7.00813382208217e-12
5687.171945983169,299.0498483967487,1.7105924811340998e-11
5687.983142072753,299.13483664053575,-1.3925165708368004e-12
5688.1184175836615,299.1490105065622,-3.820861873322857e-12
5689.580287231028,299.302203449015,7.084604307313852e-13
5690.693208139397,299.4188555810933,1.8546879842176598e-13
5691.885330520823,299.5438346190475,-3.1891101953232905e-12
5692.01387549968,299.55731250692054,-4.789155957558962e-13
5692.27097795496,299.5842705062449,3.550565507041517e-12
5692.307765545794,299.5881279001754,-3.2847319612264207e-12
5692.44643387168,299.6026683087806,4.327872103389801e-12
5692.454615424405,299.60352621669415,6.63933068581672e-13
5692.574208892365,299.6160667866222,2.7967707969629495e-11
5692.590728488965,299.61779905207646,6.043217634770335e-13
5693.183005636816,299.67990929178075,6.5415155133108515e-12
5695.208165816038,299.892330285064,-1.2907088144058247e-11
5695.576223210656,299.9309442909939,-6.8930274929864304e-12
5697.701478821708,300.15396004066133,-2.3689505917003085e-11
5699.2432523046555,300.31579960257386,8.086503460665376e-13
5699.2641462634765,300.317993136723,-1.8066469446492088e-12
5699.409333532327,300.3332357183353,-2.6871906607125135e-12
5699.72516667996,300.3663950116675,3.0420390277644183e-12
5700.058399578206,300.40138309533387,-2.0360306764519523e-11
5700.503145784897,300.44808280451946,-4.575768280316218e-13
5700.506449704218,300.44842973976677,-3.0027177014173314e-12
5701.099073632047,300.5106627593455,5.682685721082898e-12
5701.663480902161,300.56993868711646,6.385786441571511e-12
5701.772862127415,300.5814269458098,-2.2845512614942943e-14
5701.9257276778035,300.5974827119689,-2.9825446700179273e-12
5702.096809232282,300.61545225092664,-1.646000967507968e-11
5702.597819765675,300.6680789581712,2.9631083163780854e-11
5703.649319529196,300.7785447059013,-1.1031299048332943e-13
5703.797531532806,300.79411681767635,1.1032712349169053e-11
5704.055581737546,300.82123020690136,-1.4918922293958793e-11
5704.855148361333,300.90524862862816,-1.5981004888071404e-12
5706.146148042997,301.0409316700204,4.4080581289335225e-14
5708.199804064166,301.2568325508193,3.054346736548457e-12
5709.5439882398,301.3981887150496,-4.511037174953829e-12
5709.733954363295,301.41816848503765,9.64495867401547e-12
5709.903060325713,301.4359548377389,7.951770269038914e-13
5710.003155757588,301.4464829977068,-1.5813798605395727e-12
5711.06848466532,301.5585470305953,2.6460676374088465e-11
5712.7494848429715,301.73541724964156,-7.544037437539781e-13
5714.565303555576,301.9265311863111,1.3084291869516667e-11
5715.892511158633,302.0662574886268,-7.169489369980634e-12
5716.122534994516,302.09047733080627,-4.321254489373337e-13
5718.880628736293,302.38096051194066,5.523952459900807e-14
5719.302974865464,302.42545449260155,3.9839990015985655e-12
5719.605994213703,302.45737947332134,1.239187955662972e-11
5720.686725979698,302.5712550878657,4.9451811379115e-12
5720.896904999476,302.5934039378509,-8.29513493909895e-12
5721.310232022256,302.63696307670307,-6.4875715014448346e-12
5721.334620189281,302.6395333615718,5.229653486704274e-13
5722.0040218247,302.71008631511665,1.7894016837333331e-12
5723.024939957836,302.81770396248015,-3.742339209408304e-12
5723.16691220299,302.8326711483269,1.55153606967271e-14
5723.423299797917,302.8597013212337,8.586846514891702e-13
5724.250144132341,302.9468812815957,-6.25638972705423e-13
5725.545932551448,303.0835306177077,1.1908942040438342e-11
5726.792779342723,303.2150479394379,-5.3913327961114666e-12
5727.214287918198,303.25951511462506,8.66853914223913e-12
5727.329249139513,303.2716435516142,1.7340042129421228e-11
5727.4330503686415,303.28259481584263,1.3685023290325614e-12
5728.49007503002,303.3941246074194,-1.5440039655689741e-12
5728.998530955549,303.4477806239348,-4.268245049321111e-12
5729.801177411782,303.53249148591306,7.351399207720294e-12
5730.261728354658,303.58110313535,3.743021764643183e-12
5730.695513660507,303.6268932160414,-2.0729804947301434e-11
5731.409025585555,303.7022185873339,6.6252823971774945e-12
5731.651004366878,303.72776638876223,2.6417866053656916e-13
5732.475069353264,303.81477817721935,1.247006798403438e-12
5732.605433432956,303.8285442712465,2.852701128763591e-13
5733.968201692492,303.9724676527006,-9.309812180343798e-13
5735.9323213038515,304.1799605635829,1.3625781240303987e-12
5736.579289064,304.248322888679,-1.3463843576908786e-12
5736.656570042906,304.2564893557687,8.606678193935804e-13
5737.197215110347,304.3136236985888,1.186710154873504e-11
5739.089824027708,304.51367342607574,1.894583599491122e-12
5740.332182565772,304.64502722895566,-9.18868645695268e-12
5742.346796218689,304.8580915234071,1.3348303973019565e-13
5742.488734666068,304.8731056651158,-1.7358280329030525e-11
5743.182524468336,304.9464995664785,-2.0182319124721111e-13
5744.200574357594,305.0542120019704,-4.732558175084985e-12
5745.432788248384,305.1846091073395,1.1108316064710569e-11
5748.586183296652,305.51843957509703,6.026386883770327e-12
5749.576854081805,305.6233535878576,-6.501358523860448e-12
5749.850709022742,305.6523585620152,2.84279310667054e-11
5749.915053508915,305.6591737213132,-1.0840915648100019e-13
5749.969164452229,305.66490503597606,1.4531352748182687e-13
5750.291994818702,305.6990996544138,-4.889406896993192e-12
5750.707453924527,305.74310845623995,-9.550413867955233e-12
5751.213375888773,305.7967041119188,8.649850382712182e-12
5752.317814758868,305.91372099810746,-1.5162725181402209e-13
5753.0960730478655,305.99619207798196,-1.704136785576614e-12
5753.289656072875,306.0167075673486,-5.278531963110516e-12
5753.4625229304,306.0350281877792,8.848136582931659e-12
5754.07649779254,306.1001023711108,-3.6071568562869005e-14
5754.342450365292,306.1282924011951,-6.372805122212627e-14
5754.4997365731115,306.14496479487633,9.326064480551917e-12
5755.152351924687,306.2141471212216,2.477887029492055e-13
5755.195836249796,306.21875707823085,1.5802321382267524e-11
5756.822983367627,306.3912828553088,2.0065362602750694e-13
5756.979152837233,306.4078440086063,-2.201257297816173e-11
5757.14881716866,306.4258367476844,4.746437700081869e-12
5757.4073919445955,306.4532593737212,-3.2887699074599714e-12
5757.5893668041535,306.4725590885949,2.7289214438584183e-12
5758.464416605601,306.56537279907513,-2.1179150199008594e-13
5758.586087058732,306.57827910861306,1.8177525112205042e-11
5759.1196886116995,306.63488462348477,1.5064546199478916e-11
5759.685614497586,306.69492489907793,-5.1649738882738515e-12
5760.459621117702,306.7770504525779,3.3348171769946925e-13
5760.460602664938,306.7771546061222,1.2511950485427464e-12
5760.634954340874,306.79565562239287,-2.0565752432937222e-12
5761.196984140587,306.85529822128876,-5.547312585736362e-12
5761.460136065183,306.8832259019202,7.811692008528028e-12
5761.9248835787785,306.93255155314745,2.2737177690390522e-14
5765.145034380335,307.2744292880268,2.070811654525505e-12
5767.184827458026,307.49108934337664,7.451027096174408e-14
5768.362841509516,307.61624900173683,5.854040235355959e-12
5769.835426669342,307.77274170656136,-1.8289918003869332e-12
5770.163570344841,307.80761921796363,-1.9595745719630975e-11
5770.524305040243,307.8459630302747,-1.6969810200893562e-12
5770.726738182878,307.86748144062506,4.562322919527064e-13
5771.271055249632,307.92534546280524,3.844882089756792e-12
5771.640618762518,307.9646352918493,-1.1995266596267024e-12
5771.738125135253,307.9750020179977,-7.44227251685083e-12
5773.038110124521,308.1132311361254,-1.861498905829636e-12
5773.119777963177,308.121916024364,8.95004870740951e-12
5776.881377587418,308.52207289319,4.455079260687472e-13
5777.289425098565,308.56549643031383,1.2422752618786357e-11
5777.363592447006,308.57338948916845,-6.291384215319028e-12
5777.883220861982,308.62869237544913,5.229639108179873e-12
5778.238587150332,308.6665160760556,-8.259205911984275e-12
5780.825531740278,308.9419297378287,1.6802407326733984e-12
5781.099699663408,308.97112567892543,1.3620097221467334e-12
5781.396144970536,309.0026954802898,-1.2780673102270398e-12
5782.904836658427,309.163387964254,8.844220303885765e-13
5783.412366134307,309.2174549363424,-5.759709611299906e-14
5783.808560093175,309.2596646649282,-5.086286848162578e-13
5784.564663691294,309.3402264863039,2.4946034467165282e-12
5784.820404021272,309.3674776578307,-2.423916425564278e-12
5784.839914554877,309.3695567102326,-1.216299150229228e-11
5785.4335200293535,309.4328149641423,1.0872370287795001e-12
5785.679995866146,309.4590828538374,-2.340045144989552e-12
5786.422862486804,309.53825981143183,-9.470396144588473e-12
5787.807941927217,309.6859128882615,3.858868439712805e-12
5788.783387644866,309.78991915044486,4.135989435197338e-12
5789.081440463793,309.82170233345056,-7.400600853771657e-12
5789.4528568752385,309.86131101224083,-1.8414563821221806e-12
5789.58875835057,309.8758044852551,-5.047774136833855e-12
5790.215881294233,309.9426896194234,2.370393605612525e-11
5791.082537953563,310.0351338923023,-1.0201411915398941e-11
5791.095406850791,310.03650669222367,-1.936427185971809e-11
5791.765311756843,310.1079735475014,7.0431200413721754e-12
5792.3339155972435,310.16863987952,3.712660062748333e-12
5792.594499762858,310.19644450546485,3.3150250775593656e-13
5793.019088170689,310.2417512494557,-7.592248127466518e-12
5793.358751115874,310.2779982052417,-8.583773521242902e-13
5793.840564097418,310.32941827418057,-1.292226527017829e-11
5794.010930791458,310.3476011803189,-2.8235920025305834e-12
5794.337602146004,310.3824676745522,-4.4196488191964083e-13
5794.702042638578,310.42136768818443,5.020008510218981e-12
5795.482344114717,310.5046645143018,-6.700823199013992e-12
5796.507759302591,310.6141441711248,-2.779910391826193e-13
5796.585721343954,310.62246867232045,1.569807552390044e-13
5796.645725265619,310.62887574752443,2.7672931845730553e-13
5796.6661284507945,310.6310543659358,2.8028226353402695e-13
5797.305629518016,310.69934312042386,9.102572375647591e-12
5797.9619168688005,310.76943222113096,5.442940157699687e-12
5800.078589046602,310.99553916633823,-1.8186678900873614e-13
5800.669393872842,311.05866479359713,2.8218632497279154e-12
5801.077809464092,311.1023064666187,-6.589635888909081e-12
5803.523251281777,311.36368097533585,1.6474845773516955e-11
5804.4288952104325,311.46050625701594,8.861429027956814e-12
5804.555096516865,311.474000040678,-5.432578783400499e-12
5804.790556355011,311.49917682520845,-1.904721949241187e-12
5805.572308851738,311.58277383632407,3.647547504956181e-12
5805.671410238697,311.59337208617364,-6.137059741799192e-13
5807.948059076324,311.8368947130289,8.287410071342588e-13
5808.490332955321,311.8949133282264,-2.0309947946262135e-11
5808.5841335307405,311.90494972808915,3.832592506190044e-12
5808.774713121039,311.9253417117003,-3.830289336723469e-12
5809.961890271917,312.05238452888887,1.1066332168402868e-11
5810.25994309077,312.08428398897837,8.346991112958764e-13
5810.3760548479195,312.0967114318416,2.503788452066239e-12
5810.992072897182,312.16264800549953,-1.163998847448694e-11
5811.916601394769,312.26161965484806,-2.994416505980332e-12
5812.61270107099,312.3361481733612,2.3052279069088397e-11
5813.135108833706,312.39208607868903,5.9929909388412185e-12
5813.465841568102,312.4275025777172,5.815135977309866e-12
5813.807780589977,312.4641212199988,1.1761002267016926e-11
5813.827502712646,312.4662333504445,2.7298016171662503e-12
5813.996887859408,312.4843738594585,3.852902252592472e-12
5814.798451374381,312.5702254505371,7.815406563510778e-13
5815.409524194726,312.6356824552652,2.950040898605947e-12
5817.007595799913,312.80689748353535,1.9889852286661352e-12
5817.066762167909,312.8132373837959,-4.3707070977933146e-13
5818.08182111927,312.92201483515225,2.636437422766918e-12
5820.608215914839,313.19283500130257,7.1408339773533424e-12
5820.8095110189715,313.2144181481418,-4.491534702563124e-12
5820.810492566212,313.21452339285906,7.655598246623119e-12
5821.141817467424,313.25005015048333,-2.432514992944956e-12
5822.563718295804,313.40253833752325,1.3115086490077037e-12
5822.668991845675,313.4138296160226,-1.0074366325763496e-11
5823.424270387365,313.4948441782794,1.1718776528034093e-12
5823.426948342093,313.4951314464035,-5.911172898591249e-12
5823.525558955413,313.505709643253,-7.381651109179908e-13
5823.659852918866,313.5201159666783,9.852160260380981e-15
5823.6608344661045,313.5202212629318,3.5844476744962846e-12
5824.750361250525,313.63711205038135,2.5136665494705105e-11
5825.377953667375,313.70445375045296,-2.707107696250748e-12
5826.015847222557,313.77290821463964,-5.142876636202239e-13
5826.632846818943,313.8391276103782,-1.025751077638582e-11
5829.008195165004,314.0941270066405,1.277144252981637e-11
5829.1624566379205,314.1106909433351,1.9520701781746996e-13
5829.271156800503,314.1223629648049,-1.1734645060181256e-11
5829.408932474589,314.1371573734394,7.574649489934954e-13
5829.52689713035,314.14982474462636,8.776964406329935e-13
5829.964422030711,314.19680961770433,1.4270163429139777e-12
5831.267342858211,314.3367484138336,-8.733064975160544e-12
5832.164001477954,314.4330712241521,1.474841091990717e-11
5833.065838215814,314.5299652282289,-2.2762332074731432e-11
5833.2038930744475,314.5447992662896,1.1805695152301737e-11
5834.0666999424975,314.6375160897219,2.5253013617391632e-12
5834.077682143342,314.63869632028354,-1.0501597261691708e-12
5834.262246061801,314.65853129059803,-3.0815891248293046e-13
5834.658977089363,314.7011698531431,-5.019707914202289e-12
5835.296379870861,314.7696806200483,-4.170866437090333e-12
5836.068343302777,314.8526645596771,5.966357053071831e-14
5837.530826414622,315.0099075581637,9.08365463331245e-15
5837.733483643732,315.0316999300477,1.507613624423874e-11
5838.199893766662,315.08185735777295,-2.9085911593146166e-13
5838.385976301275,315.1018696654109,-2.890351907453043e-12
5839.187450920365,315.1880718080074,1.0340746746647524e-11
5839.81327933414,315.2553906509221,-1.8188059080733815e-11
5840.163086926331,315.2930217476068,-2.554388533235141e-12
5841.826040086102,315.4719473526114,-2.022579383945876e-12
5843.76271299551,315.6803880684077,2.1193879267671068e-13
5844.946040355062,315.8077815255391,-1.0872322467144496e-12
5845.924265420028,315.9131137629118,-7.050133288015743e-14
5846.101764523958,315.9322282046551,9.94450882445793e-13
5847.532929845113,316.0863680811692,-1.105744744916978e-11
5847.719625846733,316.1064784623144,-1.5521817085612187e-12
5848.75143728356,316.21763393968143,-8.39330624388353e-12
5851.420295096813,316.50523690076466,-3.206445772589715e-12
5853.731667036323,316.75442228920804,-2.2216246346925223e-11
5853.979716587006,316.781169970049,6.441090214028364e-12
5854.149190629357,316.7994453478578,-5.103267548007752e-13
5855.1209430465615,316.90424531221595,3.198688207917867e-13
5855.3514025577715,316.92910208424746,-4.67746777996254e-13
5856.0725714631435,317.0068918343791,-2.6532549562030325e-12
5856.134538479245,317.0135764279607,2.9985581798784087e-13
5856.554596033408,317.05889133529234,4.718059519558509e-12
5856.652280197372,317.069429759046,-2.3662094972196464e-12
5858.375326174122,317.2553453718459,-7.947545054509508e-12
5858.817728707739,317.30308915962456,5.908187984083494e-12
5860.887980719927,317.52655729323624,4.3435428810327715e-12
5861.088349374651,317.5481897728172,1.167777778237361e-11
5861.768288731515,317.62160384492967,4.182653233992852e-12
5862.0022299533475,317.6468647986273,7.564710549712793e-12
5862.219173302556,317.67029122437356,-1.9143809979062443e-11
5862.792811267042,317.73223916328294,-6.785958929953845e-15
5862.871665959923,317.74075526201045,-1.8631382900248065e-11
5863.299905066764,317.7870059554868,2.25420661564624e-12
5863.7894426247585,317.8398811442895,-1.0272417249367979e-11
5864.141382300043,317.8778970467545,8.417203397354888e-13
5865.934699538855,318.0716434425913,-2.209191190195565e-12
5866.692465746014,318.15352878774314,-4.83118138175343e-13
5866.965829912962,318.18307152299684,-2.5940976343674043e-12
5867.855512613504,318.27922994063675,-9.372199622946437e-12
5867.947481590405,318.28917093541764,1.0404639381392376e-13
5868.213747145105,318.3179526548254,-1.0582225780593612e-11
5869.679601771222,318.47642618818435,3.766490048940668e-12
5869.934470749557,318.5039841109246,2.0355124191066102e-12
5871.327731741367,318.6546527774907,1.913727673827885e-12
5871.902050768304,318.71677063146143,-1.0068863052285495e-12
5873.16965632529,318.8538952672419,2.66907747681254e-13
5873.5336060439195,318.89327140049073,-1.5360530041457553e-12
5874.998868503105,319.0518244957089,-8.830724523103909e-13
5875.231739282002,319.0770266151727,-1.35723763898984e-12
5875.507290630032,319.10684907081014,2.551401486265674e-12
5875.695069572057,319.1271728689579,5.4384016700598295e-12
5876.212688596669,319.183199471041,1.1431876235132048e-12
5876.297838145868,319.1924164518225,-8.226410895178409e-12
5877.343288437752,319.3055917101646,-6.56626653632006e-12
5877.5343375013435,319.3262759090817,3.642913691677073e-12
5877.719303297669,319.34630213498406,-1.3726845208591394e-11
5877.733098644203,319.3477957808515,-5.321402701196997e-13
5877.830782808145,319.3583723133867,-6.331071431680971e-12
5877.900787383358,319.36595200900047,-5.72344980991616e-12
5880.186810908146,319.6135191872747,1.249280145766874e-13
5880.410395893678,319.6377377124081,-9.468159396152293e-12
5881.2997318140515,319.7340788978246,-2.2339745583305353e-14
5881.314855487857,319.73571736161847,-7.804561214038393e-13
5881.556119408514,319.7618559057431,5.490175573866883e-12
5882.124913537226,319.8234833312104,-5.136631608068879e-13
5884.7322062113635,320.10605326147055,-1.646402898545895e-11
5885.8790464643525,320.2303837455024,-6.0080840944714805e-12
5886.072282709032,320.25133512998633,-9.91920396064928e-12
5886.249870708546,320.2705904807032,-5.0626020720147595e-12
5886.977770145699,320.3495205719694,-6.350479486058929e-14
5887.712019537102,320.42914911133414,-1.8328849056582152e-12
5888.129945007932,320.4744771042286,2.298444746186881e-11
5889.31447800077,320.60296845810655,2.634801101968861e-12
5890.537884372221,320.73570370605825,5.76356365329333e-12
5890.738253026878,320.75744562126243,-1.4824503187519546e-11
5891.052825442024,320.79158122858644,4.9170257275665044e-12
5891.261676134115,320.81424552335073,1.576730380011436e-11
5891.432042827971,320.83273416326904,-4.093155860898194e-12
5892.653240718109,320.9652774092474,-4.890853667419294e-13
5894.0195244835295,321.11360017472987,-9.733382001504702e-12
5894.808900163076,321.19930989324143,-3.1799318221308526e-12
5895.532467838308,321.2778843191143,1.5709473370836706e-12
5897.101654219469,321.4483202019859,5.782349040573159e-12
5898.054209084927,321.55180328615654,-2.949934804424124e-11
5898.164571857169,321.5637938912496,9.550848517841215e-13
5898.614297089466,321.6126575939975,-6.637897642385515e-12
5899.3257658256225,321.6899679523426,-7.39392494665525e-13
5901.735401597103,321.9518755778398,1.9645840492532252e-13
5903.02270797614,322.09183904549275,-2.0794334245068595e-12
5903.816771000117,322.1781894372289,-1.0780993853934445e-12
5903.925449862429,322.1900086248493,-2.3289326454081017e-12
5904.1126028398085,322.21036264333827,1.2967721094861959e-12
5904.362974762428,322.2375931135079,-1.909898216971908e-12
5904.831918846157,322.28859861608476,1.677007469808793e-11
5906.068786281458,322.4231480434662,1.664009662261814e-13
5906.2886992674,322.4470736599675,2.762623976822752e-12
5906.835605392385,322.5065786300431,-1.3747953407686785e-11
5908.034602296451,322.637052245447,3.0534515652262905e-12
5908.309853159652,322.6670084999865,7.1114860129838285e-12
5909.395763041439,322.78520446004046,-1.2488994306124283e-11
5911.045936198386,322.96485929249286,-1.2318271340273984e-11
5911.418736034516,323.0054530653923,1.918484341002863e-12
5913.778503728656,323.26246502005444,-7.321666986863911e-12
5917.0353532197705,323.6173503036124,1.426244288559007e-13
5917.2066463628935,323.6360208103129,-3.8207967539586786e-12
5918.054016574044,323.72838990773283,1.5538755966223133e-12
5918.4011462112085,323.7662332104428,-3.156635673223134e-12
5918.463828087516,323.7730668860901,8.543794084026927e-12
5918.505214127099,323.77757889616373,-1.5800580325637395e-11
5919.230334216045,323.8566384302947,2.3967800074476053e-13
5920.314826874769,323.97489827788536,7.46796608544932e-12
5920.333935530385,323.97698219917754,-8.943307297990322e-14
5920.809085574701,324.0288025180227,-4.945063166638845e-13
5921.920310072626,324.1500099620507,4.174452246699239e-12
5922.4021230534745,324.2025710562891,1.0439576884430352e-11
5923.211957015848,324.2909256726791,-1.2401379204553393e-12
5923.514430491842,324.3239292742342,-1.768801967695312e-11
5923.756274081669,324.3503186169151,-7.631489787383391e-12
5924.210530167199,324.39988877031334,1.2430565936317773e-11
5924.2934036395845,324.4089326491051,-8.377254288772361e-13
5924.423488534439,324.4231289067625,-2.6992080057090126e-12
5924.916909680696,324.4769791430913,6.544394375962708e-12
5925.458113116087,324.5360493264829,9.00482898012245e-12
5926.358566427824,324.6343421487396,-1.5317180220448644e-11
5926.884489698258,324.6917584559974,7.03370385622807e-12
5927.8297556622765,324.7949682213179,2.4969538288991828e-12
5927.8924375385795,324.80181278364097,-5.728513542412212e-14
5928.561504889951,324.8748762607651,-7.444846696674875e-12
5928.888176244007,324.91055241419923,1.083214492445223e-11
5929.1526102000735,324.9394329896338,-1.2013244897615842e-11
5929.553347509216,324.98320260783925,3.0338579775848386e-12
5929.888623594106,325.0198246460068,-8.481690612209264e-13
5931.936598220725,325.2435688388705,5.334496459968932e-13
5934.1543260740455,325.4859459488676,2.230719772113302e-12
5934.322594482376,325.5043398249489,-3.0795366095119887e-13
5936.212111065273,325.7109238190692,-2.8776843978007257e-13
5937.947657857513,325.9007319861652,2.9355931661123985e-12
5939.247642844362,326.0429412586305,1.715773567042724e-13
5939.75143272435,326.09806072035997,1.4165381077476748e-12
5939.770943257922,326.10019545455344,-5.556253109398577e-13
5941.254811100483,326.26257257688087,7.663800194552081e-12
5942.0265629424275,326.3470400953128,5.386255636884631e-12
5942.073697966791,326.3521993352173,-5.412620147249554e-13
5942.155856578911,326.36119223608995,-3.69110428771271e-12
5942.6974831923335,326.4204806050071,1.5949691862957715e-11
5943.4991480993895,326.5082436055953,1.1380074047310601e-12
5943.702596586611,326.53051819864703,-3.0050139621916773e-13
5943.959699041152,326.55866819623907,-3.0457235367574285e-11
5945.601991129507,326.7385105282181,3.044379599153769e-13
5946.017852112377,326.78405806263993,3.034647262339993e-12
5946.095412275654,326.79255325919377,1.7510285246931862e-11
5946.211435136967,326.8052614977327,-4.1165727880843075e-12
5946.25470787291,326.81000131892375,-4.8714516193269614e-12
5947.255870083075,326.91967191187865,2.2277129063122533e-12
5947.5856763676675,326.95580401725624,2.6514038422137194e-12
5948.8414070712,327.0933946095708,3.912385723267636e-12
5949.36991940057,327.15131246619137,1.4470419949552195e-12
5951.04944725282,327.3354003292667,1.239981464854861e-11
5951.878635257367,327.42630422601206,-1.722837374311109e-13
5952.291962279067,327.47162200538907,-3.390312031622168e-12
5953.22867860991,327.57433660183193,-9.644031488770153e-13
5954.370742621883,327.69959023810554,1.965268756590948e-12
5954.963019767968,327.7645565363798,-1.2213807123053837e-11
5956.079858059305,327.8870790120734,-4.127864944297851e-13
5958.211408520386,328.1209840152541,9.450947210628336e-12
5958.25677954177,328.12596369936716,1.0774102056489345e-11
5958.509461338754,328.1536974149308,1.6928378483235034e-11
5958.802513830321,328.1858635889222,-1.5940683678854875e-11
5958.884181668808,328.19482793687274,-6.011048073142316e-13
5959.422605756052,328.2539316438817,-1.7683771646137546e-11
5961.511475647965,328.4832809110149,6.83680016191479e-13
5962.723688228566,328.61641369056446,9.596432944346717e-14
5962.970164064873,328.643486522371,-5.867336949067028e-13
5963.138711657707,328.6620003836025,2.0595540690805275e-12
5963.659042434294,328.7191586501353,-2.598975989492858e-11
5963.879602684863,328.7433886693675,-1.4748680047349047e-11
5964.858229626516,328.85090819548674,9.299719346180133e-13
5966.9750369913845,329.0835373776442,2.6687001358418726e-13
5967.506049484051,329.14190660695266,-9.538058177152112e-13
5967.568642464663,329.14878720921615,-2.3855228993753228e-14
5967.766967931631,329.17058883099116,-4.26516730207426e-12
5968.557984920117,329.25755135260925,2.077913515694096e-13
5969.187049656833,329.32671745763776,-2.9148262050259028e-12
5969.604294064789,329.3725977912225,-1.1239396577422154e-13
5969.692692435293,329.3823185170667,1.5582291405319597e-12
5969.943064357735,329.40985144398394,-8.46679897948336e-14
5970.363177009302,329.4560530323034,4.063125634087979e-13
5970.498452519776,329.47093055177226,1.7555308204122133e-13
5970.764629178517,329.5002054851705,-4.4315148784519385e-12
5971.189564365551,329.5469438781295,1.886488426203968e-12
5971.723880777501,329.6057177739643,1.107539264109121e-13
5972.016218408779,329.6378766415961,4.2407020961048687e-13
5972.571217190416,329.6989341198755,-3.204242165153769e-12
5973.900434179392,329.84518928763833,-1.5453406758148412e-13
5974.106260136538,329.8678394479912,7.253291388591431e-12
5974.332924954525,329.8927837280219,1.3230641121308312e-14
5974.333415728143,329.89283773828885,-4.602263723182254e-13
5974.793666185022,329.943490845136,1.1164441735499592e-11
5976.47272456338,330.12831358455867,9.697210492549738e-15
5976.815031664855,330.1659994908314,-5.988467847692578e-12
5977.308943584458,330.2203799590694,-1.4528049036267252e-14
5979.440751929433,330.4551469187414,-1.9972071092040142e-13
5980.344475362221,330.55469539205967,-4.245852895294259e-12
5980.603050137516,330.5831811264874,-1.861586425420265e-11
5981.056379773451,330.63312488530073,-2.0744495440704168e-13
5981.789368432323,330.713886954603,6.411440273499487e-12
5982.632106396308,330.8067536394364,1.8549485719879263e-12
5982.804516277516,330.82575419866697,-6.191484855830419e-14
5983.861540935872,330.94225635679106,-3.7034705496480735e-12
5984.655794248048,331.0298101704491,7.242434616265547e-12
5984.922673269435,331.05923195240524,1.2562141338156974e-13
5985.689111801938,331.14373441340365,-2.3432366581302125e-11
5985.983001847077,331.1761396628781,-1.1402267444954652e-11
5986.028372868446,331.181142557518,-3.629901096420364e-13
5986.564017607584,331.24020898727974,-1.9442964835555155e-13
5987.259381122047,331.3168957541352,-1.3807888634708216e-12
5988.404123088329,331.44316072095927,-1.1252819395671124e-12
5990.238513381994,331.6455441883921,-5.189609607998869e-12
5990.685112485862,331.694825678052,7.906145079498688e-13
5990.719255919594,331.6985935019882,-8.40913328259114e-14
5991.099277061047,331.74053135333395,1.5441181514059498e-13
5991.44813690317,331.7790326907744,-2.4300350897830504e-11
5991.5065884108035,331.78548381367636,4.623665506449272e-12
5992.1865828646305,331.86053744877773,-9.53789035913775e-13
5992.6881179677475,331.9158992884455,7.465377675480462e-12
5993.5772760957225,332.01406019762845,1.3405505287671005e-12
5994.178382059028,332.0804290944304,6.798906086842755e-12
5995.2702312134925,332.2009986146649,-1.3149282642520684e-13
5996.4303973381975,332.32913623028355,4.259197812338273e-12
5996.534198567015,332.3406020399043,6.528398553245912e-12
5996.630765992628,332.3512689869998,-1.2547345617568908e-11
5997.812976612013,332.4818712336964,-2.4607868838909143e-12
5999.283463482667,332.6443561238918,-5.150924391733841e-12
5999.851297363602,332.7071109185578,6.098581480074782e-12
6000.12083303949,332.73690103317904,7.483465967665218e-12
6000.216943489223,332.74752385164635,-5.784632105817741e-14
6000.777120388816,332.8094420194045,2.1468248840554058e-12
6001.956953538159,332.9398717083207,-2.7189858961454332e-12
6004.234583918142,333.19173460534637,6.358173159048894e-12
6004.872477472083,333.2622907123407,-5.894632673118227e-14
6005.559392746726,333.3382773937331,-2.571226717053926e-14
6005.562070701449,333.3385736465365,-3.007181615416565e-12
6005.827722788732,333.3679624682027,-9.176489991309534e-12
6006.014418790032,333.3886172357811,3.2983209546901194e-13
6006.729559524895,333.46774145139375,-2.09433415338422e-11
6006.8168749549,333.4774028034627,1.5238569809757654e-11
6007.614119203904,333.5656234593934,3.507287689700087e-13
6007.723534226525,333.5777319111093,1.2680906782363632e-11
6008.282048516329,333.63954352607544,2.1833026105530076e-12
6009.637807055117,333.78961126252244,4.1144417406521835e-13
6011.116585674127,333.95333459147133,-1.2733039476560894e-13
6011.297578985938,333.9733760761901,-4.283051897555114e-15
6012.885705032054,334.1492559867331,-3.48070321305296e-12
6013.311723159363,334.19644404295303,5.910921713339627e-12
6013.37802193721,334.20378795234967,-4.2074678891322326e-12
6013.866620547535,334.25791247166296,-8.420036441156932e-13
6014.26735785632,334.3023074362878,-4.317427086021628e-13
6014.755778675314,334.3564202613579,3.5867960487391624e-12
6015.785961298282,334.47057004277906,3.699859050243045e-12
6017.378998775458,334.64712566159716,5.347567608297582e-12
6017.431502206788,334.65294538874576,9.151325229573087e-14
6017.489462940788,334.6593700879473,-1.1785128085046987e-11
6018.362448252028,334.7561442572224,-2.7416466368595973e-13
6018.723149148709,334.7961335985503,2.6243289773795736e-11
6018.838334456278,334.8089041980365,2.5047126199331453e-13
6018.928831112175,334.81893773719804,-3.3910598754227937e-12
6020.862948756573,335.03341316515434,6.7323274804937435e-12
6021.376828185377,335.09040913959996,-3.0795524343717895e-12
6023.961162409198,335.37711947559274,4.437752402175251e-14
6024.020451470467,335.383698546245,-4.155304787312805e-12
6024.726830983222,335.46208764478826,-3.184791518432636e-13
6025.982616783662,335.6014687370224,-1.0792193424410032e-11
6025.999593356078,335.6033531850849,2.7016866843222816e-12
6026.080300947448,335.61231203102756,-5.4068836457271216e-12
6026.150305522552,335.6200828991165,4.328704786135485e-12
6026.39144674943,335.6468515072959,-4.68760119280596e-12
6026.533909767725,335.66266654706385,-8.52446856205048e-12
6027.030947815051,335.71784643619236,2.5861262016296393e-12
6027.221527404898,335.73900530040424,-2.9724598296954107e-12
6027.3953883067015,335.75830857645485,1.3822970108541124e-11
6027.462880220842,335.7658021596629,-3.2652786399713427e-12
6027.667233857021,335.78849192226477,-1.5591582754835264e-11
6028.746759985452,335.90836647249614,7.449420636650109e-12
6029.333702521811,335.9735517384869,-1.0226271568534426e-12
6029.549249947877,335.9974918186854,1.96811595093935e-13
6030.103043095312,336.05900356316874,-8.520163471660459e-12
6030.8865595930965,336.14604113538843,1.8415789074587822e-13
6031.505623675818,336.2148183735392,7.558357283445905e-12
6031.952658455195,336.2644877627337,4.871640044397388e-13
6033.087488663026,336.3905936433118,2.786627112803682e-12
6034.67874083677,336.5674585130727,3.2066440760031084e-12
6037.391307056308,336.8690629844747,1.5736879921327843e-12
6037.575870974365,336.8895891789869,-7.260467312161046e-13
6037.868923465692,336.9221821713307,3.108550064355279e-13
6038.207693758398,336.9598618212532,5.821514788066739e-14
6040.519522669164,337.21705091250595,-1.2817369739835837e-11
6041.079610672861,337.27937506371694,-6.968808921851234e-12
6042.422221129447,337.42879843046535,-8.30196147694539e-13
6042.527371985664,337.4405024041514,-2.6539272765021792e-11
6042.993782107569,337.4924193372892,-9.427241039309423e-14
6043.594888070569,337.5593354122081,1.7242641593543268e-12
6045.01746995805,337.71772601307356,2.696903317627432e-12
6045.924564905013,337.8187416407719,2.2538728770945836e-13
6048.0176864638515,338.05189303746255,-3.118060162574587e-12
6049.086319286899,338.17095844531866,1.1472804438764999e-12
6049.346289984766,338.19992715755967,2.339742031085147e-12
6049.358790801745,338.20132016349635,-3.3837734232665043e-12
6050.657692846622,338.346076653008,1.2553207280799958e-13
6050.984140113629,338.3824625438474,-3.721687646562202e-12
6052.017681753443,338.49767428952583,-5.062607264214924e-12
6052.197960204927,338.5177724426757,2.2695557943016972e-14
6053.895166990477,338.7070131008755,-3.5436663287249174e-12
6053.9896699283345,338.71755185497915,1.6271462125676018e-13
6054.037173032855,338.72284935599396,2.2092096513679632e-14
6055.524010510482,338.88868106839715,-1.904687538158163e-12
6056.532639411954,339.0011998398983,1.6835029009085094e-12
6057.832133623578,339.14619405516964,-5.9794897080396715e-12
6057.908923828596,339.15476308174976,-4.97428782677002e-12
6058.260093544986,339.1939515293572,4.9566481885146485e-12
6058.554004890082,339.22675203020015,-4.5230987143495813e-13
6059.211844652915,339.30017270252915,1.1825305594069077e-11
6059.762947347901,339.3616867207508,-9.800364868938452e-12
6060.860063515411,339.4841633537233,-1.1071019334518162e-12
6061.219727766777,339.52431932102024,-6.187040107320865e-12
6061.348484334173,339.53869537538935,1.5292013231317055e-12
6062.545518141826,339.67236238343196,2.07740789306375e-13
6062.6333794433185,339.68217447217046,7.542157094004516e-12
6064.103921410916,339.8464213311477,7.999185244696066e-12
6064.695026720204,339.9124539219567,-1.1779920225127987e-11
6065.188079785524,339.96753798401,5.204173667403068e-12
6065.461042073942,339.99803535279796,-1.2026059132761221e-12
6065.648821015589,340.0190162039579,1.0821292049875466e-11
6066.167421586399,340.0769636759202,1.9522627720175997e-11
6066.71334616323,340.1379696345486,-6.461744345651938e-12
6066.869079956611,340.155373574937,-1.3844788829148823e-11
6067.766855312301,340.2557126540357,4.421483867062907e-12
6068.060030496944,340.28848233853597,5.5831196639387635e-12
6070.265067241258,340.53500126954015,1.1692783953288397e-11
6070.364147327757,340.5460803381707,-8.192344831032202e-12
6071.449600231826,340.66746679406293,-5.781010510111631e-14
6071.7179302736495,340.6974775520819,1.8354464063618346e-11
6071.828293045693,340.7098212080985,8.787576651516008e-13
6071.9213787605995,340.72023266545716,-1.3762144096431237e-13
6073.9285808116965,340.9447731647454,-3.3164159196671497e-13
6076.611056173758,341.24497060744943,3.464902783511149e-12
6076.79722760356,341.2658100838088,4.0624786232172645e-12
6078.915173004371,341.5029315416696,3.837775311483903e-13
6079.188224188415,341.53350788713715,1.5325307330696192e-12
6080.412971382266,341.6706723049521,-8.751915651618113e-13
6080.749419302753,341.70835731332824,1.456418431623818e-13
6080.774877912581,341.7112089774861,1.2323126856692518e-11
6081.344776280744,341.775047432112,1.7855852728355068e-12
6081.598854000162,341.80351045071126,-8.830568885814572e-12
6081.794624205579,341.82544238988174,-4.31843056156752e-12
6082.526986899107,341.9074945062339,-1.7247517279937494e-13
6082.822573351437,341.94061408447135,1.364510822019633e-12
6083.556331967714,342.0228365001147,-8.268090420007021e-13
6083.811882007979,342.05147486939234,2.0179890393741926e-11
6084.613356624981,342.1413004081826,-1.9873118929287905e-13
6084.673360546459,342.14802584407965,-7.874873308793924e-13
6084.8926137696635,342.1726010268283,7.407516584138716e-12
6085.600021124524,342.25189741543966,-4.602852147559066e-12
6085.696588550048,342.2627227961696,-2.467478601882924e-12
6086.429209127919,342.3448564654416,-3.263918328260889e-13
6086.4955630036375,342.35229584835906,1.275966128967851e-11
6087.536694028929,342.4690347268284,1.0769960402195444e-12
6088.696838852365,342.5991417845116,5.681044478513751e-15
6089.485723756687,342.6876272227204,1.0177694151059569e-12
6090.444975354504,342.7952373211331,-1.5603271131580903e-13
6091.173856337339,342.8770154756024,3.0433974468000627e-13
6093.851509163468,343.17752371566473,6.174198280742639e-12
6094.344930308859,343.2329139091672,1.4954131498659335e-11
6094.472806722204,343.2472697194303,3.0768081460759135e-13
6094.575300923826,343.25877625986664,-2.3627544973729605e-11
6095.835194398597,343.4002343651645,-2.3358586405451475e-11
6096.052975300923,343.424689296252,9.579285833565014e-12
6096.207537258135,343.4420458110242,-7.964976879760646e-13
6096.518983544624,343.4770209677928,-1.8370975102062973e-11
6097.284753511312,343.5630238904236,-1.489455660790061e-12
6098.244094004715,343.67078178419763,-2.2405601644114292e-13
6100.001951975719,343.8682771237673,-6.646986249771988e-12
6100.093028300822,343.8785110996801,2.349658323995889e-12
6100.536268386965,343.9283188518465,6.925951111967181e-14
6101.231631900619,344.00646549706977,-6.95511374469717e-12
6102.474146924948,344.1461245387066,-1.9792925394779048e-12
6102.74828104939,344.17694112149394,2.2578119491294614e-12
6103.823208728169,344.29779166971974,2.5128186294732385e-13
6103.976789138133,344.3150599428067,-7.996067837511558e-13
6105.049026364616,344.4356322505285,4.628688628041973e-13
6106.529289800619,344.6021216132123,6.367518052690466e-14
6107.061787110943,344.66202294439535,4.468595872405576e-12
6107.672123768963,344.7306869517398,1.3374353419376988e-11
6110.089818394513,345.00274951403037,-3.192439356829271e-13
6110.276569493536,345.02376904753595,-2.807706905722922e-13
6110.611845577801,345.0615072347318,-5.230719177638165e-14
6110.741998067891,345.07615756717945,-2.1384653325782e-11
6111.023298400021,345.1078225943016,-2.3766710540907607e-13
6111.788966973372,345.19401869965895,-1.8072282271479301e-12
6112.04988542057,345.2233943899803,-5.303912833300158e-13
6112.125503789422,345.23190817260473,-1.081195191751432e-11
6112.198097423518,345.24008150302063,6.598803052842083e-12
6113.938822330733,345.4360991080518,-1.0000208085583172e-12
6114.247154986751,345.47082530622174,6.347516408959242e-12
6117.094628634187,345.7916069403702,1.6577464581160806e-11
6117.258979655875,345.81012643439084,-4.891027292265371e-12
6117.623420147195,345.8511942972243,1.8950397468223117e-11
6119.98666954694,346.1175621734362,4.2765151584770315e-13
6120.155339832905,346.13657736556047,1.483876768773289e-11
6121.056195020793,346.23814493666,-3.1725398619767027e-14
6121.9060653935585,346.33397789179605,1.2190914258547531e-14
6123.95502156337,346.5650766846594,1.040116496914415e-11
6126.818634229281,346.8881889697079,1.2509784703415303e-12
6127.215086071071,346.93293403961053,-2.9426464177511515e-11
6127.937481908435,347.0144738387126,4.5787046031390055e-12
6128.495996197565,347.0775222403528,2.5977999281125204e-12
6130.404587634537,347.2930187171071,8.603520578805639e-12
6130.439869106602,347.29700293205076,9.882960181626747e-12
6130.558849106967,347.3104391021404,-1.1789712764038581e-11
6131.972813764828,347.4701352264036,-4.576317386899376e-12
6132.085219724324,347.48283217069377,3.47861396102236e-12
6133.184569367453,347.60702274209075,-2.720627453770951e-13
6133.355393036757,347.6263222308326,-2.4129833983988926e-12
6133.6820643901265,347.66323073319705,-3.274354025769197e-12
6134.241594024203,347.7264529671558,1.1018962206259282e-11
6135.363800720499,347.8532704507633,-4.906144397967558e-13
6136.320920234702,347.9614502173318,-6.385529920724459e-12
6136.624375257272,347.99575216724685,5.351106438940366e-13
6137.056320160153,348.04458128239224,-4.125550559366988e-12
6137.3227635054345,348.07470302476366,-2.391263161079705e-11
6138.761640901478,348.23739245414816,5.795385498150968e-12
6138.780749557052,348.23955326750064,-2.613764431476884e-12
6138.819356248599,348.24391894599734,-1.6028345032015189e-12
6139.9338508656,348.3699588099425,1.0990398614156416e-12
6140.367124095737,348.41896450439356,-5.542394431268735e-12
6140.582459932496,348.4433215125072,1.329306424677737e-12
6141.104487115629,348.5023724533619,-1.5940612020039432e-12
6141.169770548412,348.50975757161086,5.934540105873047e-13
6142.501263611886,348.6603984243732,-2.6238446468457923e-14
6143.11067382038,348.7293560339606,3.1986643415203507e-12
6143.283819861734,348.74894956468904,-1.0786324526324658e-12
6143.380421084944,348.75988138025946,-1.5296057606167674e-13
6143.411137905918,348.76335746565667,1.0903959517559765e-11
6144.858810321583,348.9272037974115,-2.105539193802327e-15
6145.2550042789335,348.9720514206845,-2.0059797514437248e-12
6146.5921236337235,349.1234295052397,4.693980465829274e-13
6147.2911929443235,349.2025857173753,-4.62830797397e-12
6148.060165436709,349.28966752359474,-8.401552057100968e-12
6148.804136295153,349.3739284025323,-8.645615005025419e-12
6148.817931641646,349.3754909363848,-1.1383438139830706e-12
6149.026638339602,349.3991305877193,-1.623653696480841e-12
6149.469531645499,349.44929858987683,3.306884998749836e-12
6150.500886103204,349.56613755374656,-3.1430933662042287e-12
6150.899301039374,349.61127799899367,2.3586377504900608e-11
6151.220692881348,349.6476938520131,4.4100208148207135e-13
6151.509515003729,349.6804209604409,8.62352734786026e-13
6151.583090185031,349.688758181444,-9.703711143639195e-13
6151.866455004748,349.7208687875653,3.4634055768692835e-12
6151.933959416367,349.7285185353034,-3.9327880255720195e-12
6152.1550317403135,349.75357152271783,-5.862740946584419e-12
6152.527564888535,349.79579082171057,3.5154775679501667e-13
6153.263722274473,349.87922728727335,9.307417553290798e-12
6153.326349052712,349.88632590002936,-5.153274901013129e-12
6153.516907342141,349.9079257231626,-3.062162092903535e-12
6154.901986777173,350.06494487581944,1.2477279690910299e-12
6155.9136404124065,350.1796530464354,3.664834793230711e-12
6156.078917883348,350.1983951219356,-3.029422509634321e-13
6156.682803193617,350.26687857030555,-1.6321487375789913e-12
6156.928788255823,350.2947763644477,-2.4495714398862365e-13
6158.859356591449,350.5137657517089,2.2773236947610935e-12
6159.723322795122,350.61178992245596,1.9158816890387808e-12
6161.143315621915,350.77292982153773,2.7216244218387197e-12
6161.431646970647,350.8056540195819,-1.4290494765786996e-13
6162.116138478921,350.88334659144215,-1.7076305061528105e-11
6162.516875787113,350.92883591230066,3.803591727774442e-12
6162.812339545808,350.96237709920365,-4.074772969443067e-12
6163.005296605387,350.9842825447212,3.063182064915787e-12
6164.399674331181,351.14259962794074,2.9432248807673767e-12
6165.028984453464,351.21406297440495,-1.865851466556293e-11
6165.111857925647,351.22347448320096,1.5119550945492237e-11
6165.432991883208,351.25994518988966,1.5260810181169438e-12
6165.970823802481,351.3210302172882,-8.473102170930968e-12
6167.715444794933,351.51921471076105,1.874838769207793e-12
6167.763438673019,351.52466748526615,9.124205224823271e-13
6167.86741769298,351.53648109893606,3.5970143964529396e-12
6169.394503170038,351.7100044043527,3.0295628181801773e-14
6170.123384152311,351.792842573321,1.7528439202929493e-11
6170.152548559372,351.79615734562924,1.4617138286772292e-12
6170.961735254941,351.88813424980907,-3.200454729542622e-13
6171.52293999612,351.9519311545021,2.865250484221736e-12
6172.825949714646,352.1000776978492,8.800556413106765e-12
6172.917918691256,352.1105353525179,-2.648060147580317e-13
6173.662604409771,352.1952181893594,-4.3100496039741484e-12
6173.862046614532,352.21789973510647,6.112332712565572e-12
6175.585393070359,352.4139176663805,3.5824583969634647e-13
6175.6781783004435,352.42447285305735,1.2392279510229746e-12
6177.223623774962,352.60030503129303,1.5662012202869466e-12
6177.353987854037,352.6151391422459,1.161197749320654e-12
6177.583867695198,352.6412979010617,-2.416464334125717e-12
6180.22915358594,352.94238345280417,1.937768413180907e-12
6180.500597257894,352.97328637247176,1.8401497284849758e-11
6180.730967872667,352.99951433192024,1.0101109254614223e-11
6181.501725667947,353.087273100338,-2.446281421884194e-13
6182.255955064098,353.173160532744,-1.641931555422736e-13
6182.315244125273,353.17991248423124,-3.4484150164985227e-12
6182.598262164869,353.2121440112355,9.1115864394994e-12
6182.681782901801,353.22165605750615,1.4317896260778958e-11
6183.117700288737,353.27130409332244,3.010696798444223e-12
6185.175865852562,353.50576248007934,8.524627082245569e-13
6185.325740465147,353.5228386734271,-5.495344433531535e-13
6189.449682278685,353.99286862706924,-2.3020288421499976e-12
6190.518315100254,354.1147181156834,3.7891329057686366e-13
6190.776889875004,354.1442049339797,2.0071724174031148e-11
6191.220307752085,354.1947733767316,1.7816504762647158e-11
6191.497377715379,354.2263729413363,-2.2606189028036233e-14
6193.486955926985,354.45332397118415,1.920627154253745e-12
6193.767786785454,354.4853641976058,-6.261393661683825e-13
6194.362686786911,354.55324163233144,-2.6603709378402706e-12
6195.211876096569,354.65014449164397,2.400373309610004e-12
6195.410637238782,354.6728274810542,-2.9190054913583855e-12
6195.479000504205,354.6806293916234,2.5624833146923143e-13
6195.513143937867,354.6845260197034,9.231507643342825e-14
6196.256501328953,354.76936719488094,6.311791013932591e-14
6197.2313673731505,354.8806464396867,1.595173357668582e-11
6197.349822802077,354.8941691114445,-6.031561612244239e-13
6197.920245740954,354.9592912502262,-3.550179006437905e-13
6199.591558238591,355.15013057497924,-1.939326027106175e-13
6199.856427869629,355.1803795175748,3.968131077836705e-12
6200.237443055094,355.2238949133524,1.265694803733664e-11
6200.434050813939,355.2463503516061,-3.707337853221398e-12
6200.467813669824,355.25020662774995,1.6194679282623483e-11
6200.858271139753,355.2948048495429,1.3350508832233496e-11
6201.075214488206,355.3195854266838,3.192836226933037e-12
6201.723108694473,355.3935969696338,-2.2452525943231403e-14
6201.932796939561,355.41755215163954,6.3791888457739384e-12
6202.390424538598,355.4698352074008,-1.3485996984975738e-12
6202.411496288632,355.4722427064245,-1.35757855365043e-11
6203.212970904709,355.5638192151885,1.8108134491660332e-13
6203.331773113665,355.5773945653945,6.9231589498284836e-12
6203.88290960562,355.64037550630076,5.194498326843301e-12
6204.574288136772,355.71939047212436,1.2684445383661955e-13
6205.209156954698,355.7919549174471,8.358574557004965e-13
6205.807483568799,355.8603494458006,6.198144092308307e-12
6205.884552958257,355.8691597030546,6.1359192467584095e-15
6206.1684974471045,355.901620019322,-1.1709978936194651e-11
6208.787207989135,356.2010590105078,3.1141005789384926e-12
6208.920084729121,356.2162562974356,-6.539761599915916e-13
6209.166069791206,356.24439078977633,-5.674153583231765e-14
6210.130499506021,356.35470799754785,-2.2835004941476905e-11
6211.798106206209,356.5454991978538,4.4003333486806477e-13
6211.806042372082,356.546407298577,1.2909353579478336e-11
6212.081593719166,356.5779381525647,-6.6434817301907426e-12
6213.111395762356,356.69578896265574,3.3924148454097733e-12
6213.227998292639,356.7091342173241,-2.8050369774648307e-13
6213.485748011248,356.73863477148547,-2.5624602712769228e-11
6214.183243607322,356.8184722527551,7.974871875485997e-12
6214.538609894053,356.8591520119316,-2.842574963768254e-12
6214.566479771576,356.86234245206856,-8.361755348614165e-13
6214.981012426055,356.9097983008589,-1.779107489437571e-12
6215.845481900451,357.00877326364235,-2.713869429162733e-12
6216.686823939728,357.105113535227,6.512425851044331e-13
6217.580982392519,357.2075159937117,-3.840678164996176e-12
6217.786664355585,357.23107356522695,-2.3379663142762975e-12
6218.255608437828,357.28478650585464,1.5501265050183319e-12
6221.034930406086,357.60321370126945,-4.4755601790189994e-13
6221.733542740317,357.6832761647779,1.383189022827116e-12
6223.111299475603,357.84119637344196,1.706821688682092e-11
6223.166616052511,357.84753755914176,-8.578954729941523e-13
6223.214732623975,357.85305342197285,1.5290069690862129e-13
6223.634845274484,357.9012150190878,-2.236099264978046e-12
6224.199933603964,357.9660017152486,3.0500483613948315e-12
6224.735087568225,358.0273618955411,1.2058941853274469e-11
6225.8463120627575,358.1547905560371,-1.2715774387262963e-12
6227.227964884131,358.3132620625975,6.974673930472708e-12
6227.311574516692,358.32285296939466,-2.0517250989655374e-13
6229.594294114074,358.5847547372867,-1.5730686418572908e-11
6230.7765047307485,358.7204302594029,-3.4978781439828453e-12
6230.883487185223,358.7327092915188,-3.32144855003225e-12
6230.957062366471,358.741154088451,7.194286612450028e-12
6231.707361878383,358.8272775040069,-2.2951703713119536e-13
6232.061399837785,358.8679194872023,1.723388036344024e-11
6232.922878375036,358.9668230364788,5.955772557888737e-13
6235.033412178148,359.2091843309775,-6.1350167526587265e-12
6235.595441975075,359.2737383632713,-1.3233852392407621e-11
6235.818400995218,359.29934876659075,-1.553821896497863e-11
6237.377832104237,359.47849992825917,-1.470246853418828e-11
6237.659132436028,359.51082114976623,4.1790173214896526e-14
6238.996095298504,359.6644572228225,-3.255627976531006e-13
6239.312541911349,359.70082626426165,-6.7329149478935675e-12
6239.871145095551,359.765030734125,-9.041655889094607e-12
6240.531049344923,359.8408859041552,1.0308207205406351e-11
6240.7775251805515,359.869220051503,2.866745661413265e-13
6241.182547954983,359.9157827255394,7.323862775028394e-13
6242.6761159619255,360.0875140523746,2.447592523665195e-12
6244.827143152723,360.3349126279936,-7.402831542675254e-13
6245.037233275676,360.3590805348113,1.6523056738591742e-13
6245.350198177881,360.3950842423772,1.3998601416704612e-12
6246.79117385789,360.56087839964533,1.0728318692632848e-11
6247.504440392265,360.64295876956567,-3.0613947415081033e-12
6248.069338432731,360.7079720307171,-1.6126322786800662e-13
6248.2054514964875,360.7236379561947,6.897354229718321e-12
6248.797728640847,360.79181003449645,1.2025270868178577e-11
6250.359469624184,360.9715999868638,3.125019704417624e-12
6251.181871996344,361.06629423404786,3.865450043502207e-12
6251.349302850494,361.08557432680396,-4.486059343182774e-13
6252.000132895546,361.16052398253896,-2.02913997052279e-13
6252.49926922722,361.2180098610945,1.7974555728347324e-13
6252.6345447373205,361.2335904261355,1.4695401465752183e-11
6252.773894124888,361.2496405587514,-3.4383188715589525e-12
6253.125554614234,361.2901460765796,2.48843452671027e-12
6254.340356250398,361.4300888176083,-5.092445136050287e-12
6256.217964177172,361.64643900808596,-3.896673206124073e-12
6256.408522466417,361.66840000272543,8.519243168738153e-13
6257.21468442658,361.76131398099204,8.294535153757179e-12
6257.50184393893,361.7944133644309,6.002884803528922e-13
6258.0475444281265,361.8573176075967,4.0184017274117066e-12
6258.74544190187,361.93777396675887,4.839050460420695e-12
6259.724292927308,362.050634870569,1.4581516965372555e-12
6260.298387865364,362.1168358650085,3.4547685544129332e-12
6261.746584850796,362.28385974890836,-5.327956720835337e-12
6262.612315056601,362.38372485205645,1.2727813772140625e-12
6263.279529507121,362.46069986686877,1.6699508073514678e-12
6263.521508287098,362.4886184351071,3.7104496996278885e-14
6264.535103715591,362.6055748454596,1.4416867354505488e-12
6264.8375771905585,362.6404802200557,-1.8935722395184564e-13
6265.55904657767,362.7237444377616,5.114244288937831e-12
6265.7083415208635,362.7409756477429,-2.1462638474868815e-12
6266.748478499577,362.86103677967805,-1.0109819389967954e-13
6267.217579072755,362.91519073195525,6.109728483802074e-13
6267.735142997405,362.9749440983595,1.0098955579051614e-13
6268.501704221192,363.06345356333986,-7.798418342523996e-12
6268.897809282416,363.1091932870418,2.5926225460703987e-12
6269.498915244107,363.1786107476379,-2.149153814453196e-11
6269.704005040231,363.20229663523395,7.276865942216982e-12
6270.906216963594,363.34115606599676,-2.600653356880513e-13
6270.960327906616,363.3474066839925,1.1562200894444327e-13
6271.863336476575,363.4517255527083,-6.261434893791358e-12
6271.877969376707,363.4534161227843,-2.3961429093922964e-11
6272.176111089815,363.48786192791147,3.573583618236569e-12
6274.522417711473,363.75899962884716,3.0178763233101633e-12
6275.40389755551,363.8608890845233,2.2993880687114806e-12
6275.464603839564,363.8679065956371,2.2255198180493174e-11
6275.468889306098,363.86840198858084,-5.070824805735826e-13
6276.411811594607,363.9774104938118,-6.5598596792374864e-12
6277.814392171776,364.1395890576068,-1.3190607165072355e-11
6279.313273487291,364.3129428055256,1.1074489794366952e-11
6279.439474793109,364.3275405594674,-7.711623839075035e-12
6280.929738880228,364.4999421711854,1.0863688233038357e-12
6281.809264432358,364.60170952415507,1.873095296003188e-11
6283.36261227348,364.7814777083832,8.828576525432219e-13
6283.366753746432,364.7819570584273,1.525995165013606e-13
6283.424714480283,364.78866569034415,1.1688577270692022e-12
6283.471312435564,364.79405918884333,-1.5713644965674534e-13
6284.658400685033,364.9314726695291,1.5884041969075227e-11
6284.951453175662,364.9653994692229,-1.8011695762485603e-12
6285.4951905702555,365.02835234743577,-1.02064732459416e-12
6286.370240366929,365.1296753782138,-1.8062728723434899e-12
6287.86429914687,365.3027067778527,1.7347083833901565e-11
6287.942104696693,365.3117187968628,8.774113918021399e-13
6288.17145996626,365.3382850834441,8.75200413831602e-12
6288.463831394378,365.37215195465035,9.838112421554215e-13
6290.662082504136,365.6268370004178,-5.209010482218325e-12
6290.7583494447435,365.6379923330683,-1.0314317553944812e-11
6290.882507563036,365.6523799241516,-8.207398061361034e-13
6290.953438587272,365.6605996234351,1.070664219013269e-11
6290.962512791518,365.6616511760557,-3.95505590322842e-12
6292.848725448475,365.88026545755724,-6.667716240538837e-13
6293.354613612146,365.9389096408024,9.561507557173015e-12
6294.110941292947,366.02659437111345,7.1212736776102756e-12
6295.982220564993,366.24358612531364,3.502394036912484e-12
6296.942855586121,366.35500549950024,-6.570955693584457e-13
6297.067449380101,366.3694577717781,1.002856319872502e-11
6297.924016485721,366.46882311796395,-1.7609693551791708e-12
6299.297991024693,366.6282381049953,-7.125056500520597e-13
6299.394101474147,366.6393905926275,1.0731204654883616e-13
6299.832607919665,366.6902762690597,-1.967950136144525e-11
6300.099956413672,366.72130197291773,-5.874617947890205e-13
6300.127179026409,366.7244612219343,-6.16842264482918e-14
6301.289354537465,366.8593471881178,1.7159781377091438e-11
6301.339357805261,366.8651512924267,-1.682024389139848e-11
6301.513240006783,366.88533494058686,7.948617540782414e-12
6302.630268583223,367.01500905865487,-1.0198674571314247e-12
6306.061715123598,367.413504128604,-8.704409116191342e-12
6306.751989413462,367.4936921244075,-4.6799555207604405e-12
6306.864987539619,367.50681976145415,-1.7965191031010286e-13
6308.257377173954,367.6686009154724,3.0115049004992013e-12
6308.72660044036,367.7231278107552,-1.1423125026157564e-12
6309.184126645725,367.7762993342736,3.046560079698305e-12
6309.620669996737,367.8270359248703,8.894472404474205e-12
6309.842914156481,367.85286726464125,1.5002028452232503e-13
6311.807312940702,368.08122802347316,-9.920318420498346e-12
6312.483512699506,368.15985248468166,5.622937606948719e-12
6312.696035390238,368.1845650909001,4.235122965490448e-13
6314.88481041732,368.4391290769461,3.030038776241831e-13
6315.107959726189,368.4650872622338,-3.834417300009086e-13
6315.817186180397,368.54759520675424,7.184118419484066e-14
6316.023012136862,368.57154172874857,1.565138027309733e-11
6317.074858673705,368.6939294706953,-6.784311666628784e-12
6317.657291655285,368.7617073037042,2.2301068332355458e-13
6317.856141692935,368.7848489499986,1.2249227591864575e-11
6318.143491494017,368.8182912536186,4.00926036439135e-12
6318.402066268465,368.84838596634046,-1.105489407403756e-12
6318.44743728969,368.85366668521607,1.116126400974274e-11
6319.236812965921,368.9455479406012,2.6010540151274977e-13
6319.6784455393345,368.99695781941267,9.234110421091559e-12
6321.592616968966,369.219825582282,-2.513060096309155e-13
6324.545152571153,369.563722855221,3.908020478316433e-12
6325.896067270192,369.7211245050723,-4.245099009273222e-14
6326.304673148159,369.76873978739485,3.667614380149233e-12
6327.26864588607,369.8810847535409,-1.558599617349601e-11
6329.546868425776,370.1466653085527,-3.1587915473262718e-12
6329.8177324280805,370.17824725403256,3.1028310068463777e-14
6331.120742144708,370.3301932403752,-4.064599990665842e-12
6331.544158714104,370.3795752367408,-4.618648504733491e-12
6332.636007865028,370.50693006106576,6.896116264761229e-14
6333.034422800527,370.55340720943354,1.1998761492081151e-11
6333.057203455578,370.5560647782143,-4.610487523144836e-13
6333.10778639264,370.5619657680099,-4.626650523761726e-15
6333.265072599526,370.58031502939826,-7.390672486442508e-12
6333.986943864147,370.6645355351926,6.649347353293221e-13
6336.180596524189,370.92052724483955,3.4995542914704064e-12
6336.369703792624,370.94259956186175,-3.8820894278363687e-13
6336.400687300528,370.9462159732871,7.0768232751509205e-12
6336.545874568418,370.9631625435439,-2.2124652972997046e-13
6337.128586734445,371.0311818678006,1.1213168225835405e-13
6337.642466161702,371.091171615409,-8.625898320218415e-13
6337.953912447487,371.127531896985,1.4586403734322577e-11
6338.707338086645,371.21549913583385,-1.2240383446838002e-11
6339.716681845662,371.3333628314774,2.1581506692418048e-11
6339.947319147087,371.36029758298844,4.076448878222583e-12
6340.310287316802,371.40268844989293,-1.929147938660903e-12
6340.454637031037,371.41954765367643,-4.534455575083109e-12
6341.090923071108,371.49386672281173,-1.441170504787716e-12
6341.299629768694,371.51824557135876,1.6803871214560135e-11
6341.599378993435,371.5532604223758,5.6816794166165295e-12
6341.710913601319,371.56628962812545,-1.1482364295079792e-11
6341.850207890853,371.5825619751968,7.2622259709028936e-12
6341.887710341687,371.5869430693852,3.609811278733289e-12
6342.546307563365,371.66388563578516,2.0971573230977508e-12
6342.684709201327,371.68005583203495,-6.8470110952461116e-12
6342.8151621758625,371.69529766687884,3.1242127749456727e-12
6342.913125523905,371.70674369225753,5.534580855903214e-13
6342.921027892028,371.70766701166957,7.177309923806518e-13
6343.787104877236,371.80886715479545,-1.09059616337308e-11
6344.46552561469,371.888149522546,8.956550811662657e-12
6345.859768147189,372.05111167853084,1.7015271289691918e-11
6345.923287576885,372.05853682303643,-1.2271822956587496e-11
6346.212109698747,372.09229980763917,-1.0713211245280064e-12
6346.64207900876,372.14256558797985,-1.2496999467558158e-11
6347.050862677977,372.19035780816995,-5.734970002036268e-12
6349.214369383518,372.44335162788883,7.842023944923343e-13
6349.850566527878,372.5177629702836,-4.113491930118837e-14
6350.697902937707,372.61688131133013,8.444753640185033e-12
6352.131555917509,372.78461495810177,-1.012631409014479e-11
6352.182396738935,372.7905638962892,-1.615117950444711e-11
6352.645101062224,372.8447076061896,-3.4116009132695735e-12
6353.611819350106,372.95784163342074,-3.6894688146394324e-13
6353.8658970688775,372.9875789391804,8.328750350977062e-13
6354.110363514484,373.01619246218587,-1.373768161760191e-13
6354.353425234723,373.04464266083045,-4.464511350970018e-13
6354.385825965549,373.04843522515506,-2.6579894604306546e-13
6355.54616107498,373.18426730166146,-5.00697851878759e-12
6359.30566239162,373.62453540695003,-1.5723280046264837e-11
6360.648327942093,373.7818355315252,-1.2077211679249145e-11
6360.692527127177,373.78701425630663,-2.0277020131419514e-12
6361.125821656614,373.8377843629943,-4.597723538680419e-13
6361.626565499616,373.89646196714887,5.745340824917347e-12
6361.735265661622,373.90920015793824,1.937975156174373e-11
6362.263777988885,373.9711377659609,-3.878457029423525e-12
6362.980158152928,374.0551002634674,-6.240105263591684e-12
6363.460900688817,374.1114504295635,-6.8003554564664e-12
6363.540246154922,374.1207513060903,3.9561595041101357e-13
6363.993664684858,374.17390325672324,8.359162281369161e-12
6364.723383219483,374.25945240495236,1.3418202249686354e-12
6364.936341585813,374.28442060189604,-5.737282439745169e-12
6365.596613914657,374.3618392106254,-6.733223560875455e-12
6365.937203307201,374.4017773222032,-8.650631536259115e-13
6366.7638573473,374.49872111690235,7.559439778131233e-13
6367.2148771070615,374.5516186439854,2.4196279208536137e-12
6367.460862168792,374.5804704035945,1.2057049953554635e-14
6368.011875966524,374.64510324137393,-1.063364434859464e-11
6368.189743149748,374.6659679071836,2.0524930804857887e-12
6368.526961027501,374.7055267664875,-4.633553948117e-12
6369.2844480463555,374.79439482438875,-9.07657003976219e-12
6370.313268540853,374.9151125380013,2.687659015947001e-12
6370.895088055137,374.9833895616922,-9.924936856686939e-12
6371.360817113099,375.0380477633163,1.457634629145303e-11
6371.683782668502,375.0759535129694,6.067466272601008e-12
6372.958588224697,375.22559336871825,-4.6779489648207975e-12
6374.39421679625,375.3941468701889,5.345113617906967e-12
6374.5257314110295,375.40958956509496,8.25560781952762e-14
6376.700766188374,375.66503247069704,-7.609839834313637e-12
6378.301037463285,375.85302899239696,-2.079312415115252e-12
6378.899017296416,375.9232905193362,8.440310207290621e-13
6379.758799425052,376.0243248767439,1.0158660706082131e-12
6380.309902118386,376.0890929870615,-2.3901544289655876e-11
6380.47206595858,376.108152288932,-1.36039719157642e-12
6380.555641793282,376.11797524166815,-1.103135490865851e-12
6380.9606645672075,376.16558077154957,-1.1713229337963174e-12
6381.7676640801255,376.260442815383,-1.4296484664128957e-11
6382.473062043264,376.3433715173067,-5.6058478738797846e-12
6382.554729881419,376.35297322552253,-1.6765585646893708e-12
6383.194230944893,376.4281637736568,-8.654444128508402e-12
6383.99619633328,376.52246701955346,2.1548747252482045e-13
6384.039223682235,376.52752694767486,-3.4636366251146344e-13
6384.700879436158,376.6053406037227,1.4163420521777243e-11
6385.023654702634,376.64330333556563,-1.8397541256348196e-13
6385.128124496011,376.65559080568886,1.697404060267185e-13
6385.466894787609,376.69543748464827,-1.5189722856748892e-13
6386.431324500894,376.80888675606207,-4.511463201760346e-12
6386.873727032215,376.8609338598002,5.200215447969844e-13
6387.446036666482,376.92826942657894,1.0654787632377684e-11
6389.680093817659,377.19117702676965,7.559108972239966e-12
6390.173146881488,377.24921272428054,7.40052554123699e-12
6390.670764596393,377.3077902527255,2.996815291479071e-12
6390.7759154522655,377.32016876651005,-6.424808321521725e-12
6392.231668024105,377.49156303414094,-2.1970447169879513e-13
6394.12499178915,377.7145335202156,8.361683438242573e-13
6394.7132839509395,377.7838281912695,2.2277155923825954e-11
6395.877100770586,377.92093243590756,-8.591785052928774e-13
6396.7028070609795,378.01822046640666,3.5887334113982275e-12
6398.067885185844,378.17908699649104,-2.3734217403543813e-11
6398.398808207209,378.21808952217293,-7.502883438558448e-12
6399.393730654659,378.33536304606304,5.491094548986998e-13
6399.716104043138,378.37336576153723,-1.9538035240190672e-12
6400.20452486036,378.4309464857181,-9.460706575526073e-13
6401.15825155729,378.54339554455436,2.0748452927710423e-12
6402.2908945801,378.676961481471,-5.3589821308166515e-14
6402.875180459868,378.74587212194643,-2.990647493058359e-13
6403.258014745519,378.79102698398617,-1.4473194612199397e-11
6403.628204220648,378.83469297271034,1.4892513213670326e-11
6403.834520950573,378.85903031926387,1.2193705044672262e-12
6403.868664384169,378.8630579915595,-3.034774826590066e-14
6405.157633366686,379.0151247414909,2.118544872453143e-12
6405.4642020189185,379.0512968342435,-6.273096099150039e-12
6407.4057525509725,379.28042094715795,6.727526591007905e-12
6407.902790596527,379.3390880145685,-1.3874223083619006e-12
6408.173654598645,379.37106091684603,-2.2532097847398616e-12
6408.407595819229,379.3986765259443,-1.5060512912975022e-11
6410.019462761505,379.58897688377664,-1.3369669473483891e-12
6410.586370190929,379.65591852820717,3.5638366287762907e-12
6410.949338360421,379.6987816963121,4.70774761433975e-12
6411.95422766357,379.81746244557996,-6.4323257471242394e-12
6412.318613055987,379.86050216066957,1.5954820514855947e-13
6412.642560158509,379.8987675237827,-1.255822120919265e-11
6413.115979995353,379.95469242053827,-1.009787314145312e-11
6413.523414036888,380.00282574707495,5.733418618254073e-12
6413.849950198455,380.04140419037435,1.999967059144692e-12
6413.9900482438115,380.0579566024801,-1.4609415489040413e-11
6414.80729379686,380.15452036753464,6.327577673482097e-12
6415.800062860814,380.27184011794554,-2.53010523659998e-12
6416.318663429944,380.3331325759608,-8.161222946242556e-13
6417.743834371533,380.5015964519398,1.4314536431766894e-13
6418.085650697965,380.54200678422916,-3.671244717942087e-12
6418.666209480228,380.6106467447969,1.8226616779249725e-11
6420.00044809054,380.7684184455506,5.793196110607309e-12
6420.724239848728,380.85401944750265,-5.939780240939122e-12
6421.1159029517485,380.9003444658338,-2.009472786438518e-12
6422.61805438693,381.0780417122972,-6.158371022382994e-13
6422.666170958306,381.08373435690606,-2.2616607333208977e-13
6422.6679224637055,381.0839415773333,-2.075734096890233e-12
6423.725784671321,381.20910747257903,-4.475000006309324e-12
6423.768376344567,381.2141473365067,3.4519825273720093e-12
6424.739325000463,381.3290485549448,2.944338648856987e-12
6425.145151530142,381.3770788591847,-8.794183839362485e-14
6425.890027535856,381.46524417698026,-1.3670264476282412e-12
6425.91431430948,381.46811899004575,-1.2337628769736633e-12
6426.298265333255,381.51356852148905,-9.14322852535507e-12
6426.537921740822,381.54193880640855,8.05219387671976e-12
6426.778817579994,381.5704568802141,1.786541168736844e-12
6427.516772764812,381.65782519340576,-1.1491498292556755e-11
6428.241947948141,381.7436902234773,-3.785735478809893e-12
6428.341764194738,381.7555098157923,-2.042725819192228e-12
6428.972157255982,381.83016111181433,-1.1198903187554318e-12
6430.299610236261,381.9873823461912,2.618044813864325e-11
6431.764872687541,382.16096318516645,-4.0195586419427493e-13
6433.161158406504,382.3264095653646,1.0682769272872106e-11
6433.200970731807,382.3311274682245,1.5867781275084258e-11
6433.897171796995,382.41363450256176,-7.496382906034366e-13
6435.0284526944815,382.5477220430376,5.351120395288111e-12
6435.119473921386,382.5585115575586,2.65280413633479e-12
6435.287162659637,382.5783895190763,1.6799536460632274e-11
6436.087799720399,382.67330483803397,2.390724671757922e-11
6436.74029237413,382.7506664082389,-1.0946027272453544e-11
6437.458191153873,382.8357917945065,-2.6488010867065787e-12
6439.132025111505,383.03430478383154,-1.664477700201991e-11
6441.3250981002775,383.29447647633083,-7.115681782893703e-14
6441.60413115742,383.3275854682944,8.165541832110537e-12
6441.859414509859,383.3578776677306,-3.199236835364134e-14
6444.1912447190725,383.63463073236056,-4.674968383967474e-12
6445.937828801633,383.84198951954386,-1.599731546915626e-12
6445.989740065911,383.8481534132792,-3.667645230159162e-12
6446.074923412383,383.85826810970514,5.609699632513432e-12
6447.455594683837,384.02222807618625,-4.548316322750653e-12
6447.6743571327,384.0482101719688,-3.8429148948399785e-12
6447.735554190278,384.0554786147027,-4.87143955556672e-12
6448.350857375434,384.1285626936006,3.8928268367280946e-13
6448.617034032981,384.1601806113855,-1.4200334918865157e-12
6448.7313817864415,384.17376386310434,3.946695752795767e-14
6448.983137132943,384.203670470009,4.2473679662131285e-12
6449.588875340244,384.2756323135336,1.2720992325517816e-11
6449.598038440141,384.276720943882,3.5664423230234318e-12
6449.621030684238,384.27945256499027,-2.3993007619468146e-13
6450.271649139092,384.35675410662026,-1.9263442323652057e-13
6450.507231669149,384.38474615584124,1.8352587071225633e-13
6452.694064899337,384.6446357058763,-1.48821998325765e-12
6453.491063758217,384.73937524550803,1.1777699160359234e-11
6453.9970746145855,384.79953100984415,1.5245667758562448e-12
6454.593459433078,384.8704366993561,-6.759187933637784e-13
6455.767175512457,385.01000188840845,1.4839540198319074e-13
6459.011380176231,385.39589843158694,-2.9782190197995273e-11
6461.448395038662,385.68590766553945,-2.4297789431723904e-13
6462.495698223288,385.81057227327267,2.2726021489327672e-12
6463.186619776982,385.89282643842415,-1.2617964171842397e-11
6463.225069977268,385.89740419051776,-1.829836600208871e-12
6463.266456016635,385.90233150421363,-1.4064376965379216e-13
6464.363918960118,386.0330040858353,2.485510874348928e-13
6465.069773898636,386.11706045776384,-2.421616197478641e-12
6466.075411859312,386.236832188842,-8.941339535727778e-14
6466.750037903145,386.31719075872775,-4.76322752513084e-13
6466.793522227945,386.3223707131818,8.080379940675691e-12
6467.245870314588,386.37625754081216,-3.8759155708697125e-12
6468.325675623186,386.5049066432722,-2.248761011500678e-12
6468.576838802803,386.5348335588128,6.36024291178579e-12
6469.260627946514,386.61631516331397,-5.322686222195202e-12
6469.475384113358,386.64190769064777,-3.999780566263554e-13
6470.731169908637,386.7915768967339,9.226846978161032e-12
6473.277912775272,387.09519634547775,5.600829783932239e-12
6473.422262489343,387.11240911281726,-1.1864523731086306e-11
6474.077834975537,387.1905867105771,6.830800515494161e-13
6474.29780305821,387.21681987246626,1.1404673607598327e-13
6475.866989430708,387.4039852449105,-4.58220879801901e-12
6476.323991064055,387.4585028377435,8.513609622797971e-13
6477.253329593534,387.56937929600207,1.2337045254863617e-11
6477.888354901078,387.64515131867597,7.648685335941685e-13
6477.904159637303,387.64703725452637,1.6986856522539751e-13
6478.303970495056,387.69474711870004,-1.4738357162320825e-12
6478.647237841984,387.7357119335977,-1.0859722069673747e-13
6480.499632542159,387.95681034476144,3.3164013343553027e-12
6481.433112544549,388.0682527463027,1.563258105218482e-14
6481.62115817247,388.0907042927228,2.2813879983882684e-12
6481.795420951501,388.1115108292361,1.781716745655854e-12
6481.911097032196,388.1253225705663,1.4492386624748369e-12
6482.593278664018,388.2067801724406,-5.623450725341556e-12
6483.11052960541,388.26854952738387,1.0055204472032403e-12
6483.16642585147,388.27522487084207,-1.2221982773605396e-12
6483.238304625081,388.2838089934502,-3.895214923261006e-12
6483.284390506485,388.2893128499535,-5.5339663786707986e-12
6483.639756792374,388.3317541690643,-1.3559674575317304e-11
6483.764942752993,388.3467056555022,-1.9219466145110907e-11
6484.353023325274,388.41694645802374,-1.5813867112150928e-12
6484.86714813869,388.47835914622175,-1.3000291511211917e-11
6485.2804751583235,388.52773497469514,-1.3426658740486456e-12
6487.284161693511,388.76713891992415,-8.303266588583014e-12
6487.841660635867,388.83376301232505,1.4588953750783717e-12
6488.265077204696,388.8843673724599,-1.602239830429515e-11
6489.0915872503565,388.98315670639084,1.465765573601299e-13
6489.175442269532,388.9931802537854,7.370142108546668e-12
6489.516175655301,389.0339108982866,2.4646677816854585e-12
6490.07673313013,389.1009235648385,-8.851105694498474e-13
6490.324782679298,389.1305788598346,-1.8594254786830507e-11
6492.119762517085,389.345209504937,-9.573656583347012e-13
6492.323836967843,389.3696150021871,3.0921856910448586e-12
6493.562379503559,389.5177501787851,-2.549404560683146e-12
6494.109285625498,389.5831715685505,-1.2868454236398835e-11
6494.647709710048,389.647583711795,9.858430617307226e-13
6495.3983435027,389.73739159968636,-1.0984877682740993e-12
6495.747326036598,389.77914836264694,-1.8846704274976897e-11
6496.3942937918755,389.8565658482498,-6.254307836546194e-13
6496.575676483267,389.87827185613685,5.903920516049383e-14
6496.968612815384,389.9252964981435,-3.71550230766006e-13
6499.497105879783,390.22796185357146,-4.1312030196349204e-12
6500.776108005466,390.38110565592564,-1.058674710896114e-12
6501.813567027354,390.5053499604552,-2.0259875240483717e-13
6501.861336818666,390.5110712658121,3.2503011394415717e-12
6502.799660656517,390.6234612125009,-2.5731165699357043e-13
6503.145216577695,390.6648550726591,2.2221356854534428e-11
6505.926213646333,390.99806851211713,-2.2000868287367267e-11
6505.943892581355,391.00018722203134,1.5282335328689088e-12
6506.458977641735,391.0619194760423,-3.5924402703522754e-12
6509.37533911576,391.411533660292,-9.324240102407669e-12
6510.7779196901165,391.57973118337276,-2.1811860179099286e-11
6510.91597454785,391.5962886868449,1.3041297790905345e-11
6512.243182140419,391.75548422288995,7.138705931857991e-12
6512.371058553283,391.7708244219247,7.615710573239113e-12
6512.718086795281,391.81245584001863,-1.0193799726765515e-12
6512.80858345077,391.82331268162034,7.011785114708685e-12
6513.939407371639,391.9589898210084,-7.237888335468799e-12
6516.007594883199,392.20719351494665,-7.635469315238994e-12
6517.594929663617,392.3977433972357,-1.0162324700313117e-12
6517.600454561746,392.3984067086945,-1.7026809831545721e-13
6518.198434394178,392.4702026458758,7.13871923549601e-13
6518.677133741926,392.5276820207349,-1.3498681946219477e-12
6519.058216521808,392.5734431955846,-1.0118465818554338e-12
6519.166079130022,392.58639603691785,3.2704083829556033e-12
6520.274625667,392.7195299121085,-4.0982276379216875e-12
6520.372398726008,392.73127331667985,7.362825097522979e-12
6520.910700117037,392.7959312032101,-9.466028628570328e-12
6521.537823056247,392.87126459097516,-2.873651942249884e-11
6522.5897584869135,392.9976450128956,9.948696175175067e-14
6523.157558567375,393.06586947058463,-6.839408622467475e-13
6523.970696444482,393.16358302315047,-1.3122371536225796e-12
6524.801771140978,393.263464601849,7.079389726129886e-13
6526.80196346734,393.50390714693754,9.49951051397259e-14
6527.898779145489,393.6357863307144,2.572842600452766e-11
6528.0716797994455,393.65657762256313,2.1500900315502096e-13
6528.404701105884,393.6966249637385,-2.177772720348397e-12
6529.377033186126,393.81356405098103,9.501992563524932e-13
6529.670432456178,393.84885360821596,-1.9808849352529254e-11
6530.323204293954,393.9273735655524,-1.8462837439564068e-11
6530.91680976414,393.9987833931493,1.650373331791492e-12
6531.90615221444,394.1178141965839,-1.437559980919071e-11
6532.831416866036,394.22915192118097,-9.801762343991673e-13
6533.152830007109,394.26783147353984,3.697878799334322e-13
6533.291231644849,394.2844876120168,5.857571703753783e-12
6534.266677355457,394.4018889960233,-5.1513365038034376e-12
6534.696980947261,394.4536844687972,9.442021088369509e-14
6534.809488299581,394.4672274966758,6.061757581413561e-13
6535.072048055351,394.4988339300718,-7.662267583530782e-12
6535.088153276296,394.5007726866216,-2.5504006853554984e-12
6535.258519969117,394.52128182804074,-1.035658397648052e-12
6536.279438094075,394.64419354420147,-5.740451498197107e-12
6536.894250505172,394.7182221102653,-3.041558350220201e-12
6537.248601445931,394.76089209583733,1.06910951918586e-11
6537.893314424414,394.8385326281483,-5.592249102301546e-13
6538.303616709125,394.8879478862254,-2.1703336708536067e-12
6538.600062014076,394.9236525692033,-5.2785992843074445e-12
6538.712467973165,394.93719147350436,-2.4549146825253354e-12
6539.025432874578,394.9748882264993,4.858995222431497e-12
6539.820891816566,395.07070970886554,-6.708794982304716e-13
6540.5837472413195,395.16261470008845,-1.3535471491875386e-11
6541.371549201994,395.2575363761533,-7.447860510103601e-13
6541.853463573282,395.31560751837753,-1.2770155357369576e-12
6541.8774711623355,395.318500567667,2.009632542610986e-12
6542.0063291224005,395.3340288568486,-2.083934912600815e-11
6542.13614732952,395.3496731718354,2.4498994402716625e-12
6542.788919167232,395.4283430231727,1.3817214430093672e-11
6543.761686923056,395.54559226298596,-1.2605384985415457e-13
6544.7168859397,395.6607408765015,5.971805721956892e-13
6545.248524394116,395.7248368230918,1.4412459856186874e-12
6545.925828392222,395.80650219162396,8.53562047989179e-12
6546.152683497903,395.8338569472395,4.283431887683314e-12
6546.152983982632,395.83389318106765,-2.115413984464644e-12
6546.404248555315,395.8641923990907,-5.182354200832512e-12
6547.246495741316,395.9657648661923,-1.6283544385829644e-12
6547.382608804723,395.9821809171058,-3.729572009637064e-12
6547.496643575801,395.99593445642125,6.911083484659924e-12
6547.774919172094,396.02949780713925,5.991536668261844e-13
6549.128511823302,396.19277754452,2.949671342287367e-14
6549.912184808545,396.28732504400995,1.3451141984608756e-11
6551.195683989297,396.44219932325797,9.69097729931586e-12
6551.882252480484,396.52505702303176,2.513820841924703e-12
6552.419783913213,396.58993442343234,-1.7767584273894361e-13
6553.051683092404,396.66620835283265,-1.5315930345022477e-12
6553.394649954393,396.7076095398888,5.705121817098065e-12
6553.628066603337,396.73578763054024,-3.599841103945388e-12
6554.0674230991235,396.78882953089277,5.817648497006729e-12
6554.872413221113,396.88602226547914,-9.18341810186508e-12
6554.997599181662,396.9011380151703,-1.3277688514701646e-11
6556.537519752939,397.0871014431392,-2.2696617309452646e-12
6556.925443260535,397.1339546338778,-3.2819671711141955e-12
6557.106737056174,397.15585215060133,-1.901289034027627e-13
6557.954788324779,397.2582918087401,-2.4663151839989447e-12
6558.618398369598,397.3384612797604,9.096992509189594e-12
6560.892813714406,397.6132906304477,2.989155030190895e-11
6561.3424375506875,397.66763228110284,3.4901052606700553e-13
6561.96733951086,397.74316427467284,-1.7556280306986839e-12
6563.565110619927,397.9363198169494,4.001944068868892e-12
6565.329352335618,398.1496547245534,1.8987980765056393e-13
6566.293782047466,398.26629933362244,9.350518217190465e-12
6567.447509316265,398.4058613690669,6.437984925361994e-14
6568.0470077646105,398.4783901154303,5.900962743063707e-12
6568.254788012487,398.50352940830226,7.465160749499586e-12
6568.401938374558,398.52133358380286,8.36027469526315e-15
6568.907559850063,398.58251332326023,1.778832670070353e-12
6569.363478542608,398.63768310877435,4.5074627541114486e-12
6569.982085646449,398.71254560732785,-4.992860913226777e-12
6570.425816504363,398.7662493011552,2.238394188926336e-12
6570.843864665929,398.8168479972913,-2.347138546928169e-12
6570.917439846962,398.82575354417133,1.8286459077251293e-11
6571.731605566297,398.92430689688376,1.476687008150189e-11
6573.244548911504,399.10747850071044,1.7353345396090725e-12
6573.675288178868,399.1596356876395,2.8846063695937948e-12
6574.230185564225,399.2268319212949,1.7274417714023736e-13
6574.390496505536,399.2462461008097,1.3044191210806967e-14
6574.3978743022835,399.24713958753,5.1397994492846334e-12
6574.645746059959,399.277158633958,2.9631079612774645e-13
6574.687132099289,399.28217089020654,-5.878112701029123e-12
6574.886328916546,399.30629602456474,-2.8194121264451508e-12
6575.876652913729,399.4262470412583,9.151871293423553e-13
6576.233872097975,399.4695189352255,2.451971765932192e-12
6578.285239527314,399.71805768649796,-5.08709060347983e-13
6580.014390059764,399.9276176211389,-8.151678895798067e-12
6580.435039777908,399.9786055067693,-2.0896690794677328e-11
6580.779669249558,400.020381238771,-6.331075633272597e-12
6581.907713821879,400.1571372757768,-4.588457293395751e-12
6582.006167943342,400.16907425983015,-8.616552993604513e-12
6582.892144840672,400.2765017888165,-1.8250158070623225e-12
6583.277970062755,400.3232888489359,4.56982477299473e-12
6584.337317087393,400.4517645690499,-1.8080675067829982e-11
6585.112059861777,400.5457370800769,-3.8121613028467515e-12
6585.647213824382,400.6106550959351,-2.1531916098656174e-11
6587.292754724429,400.81030406588854,-4.6481115914712665e-14
6587.309329418804,400.81231528189204,-3.070123968476149e-12
6588.128973740851,400.91177934276,-6.225815991205491e-13
6588.441748353253,400.9497378890656,3.999030912194159e-13
6588.827586072885,400.996565907959,4.472111007622493e-13
6590.992341008295,401.25934686810314,4.631074189086195e-13
6591.082346890111,401.27027460774417,1.6607703506498047e-12
6592.667883868877,401.4628013321739,-6.328283419941385e-13
6594.080029420141,401.6343126746141,-3.694594723162488e-12
6594.234726567641,401.6531035619783,-1.2740382557504374e-11
6594.650642645956,401.7036266029902,-1.9604150026219798e-12
6595.091873340399,401.7572281981506,1.834662526403334e-13
6595.111383873853,401.7595984599212,4.215288076602633e-12
6595.232952932778,401.774367588379,1.731293045636356e-12
6595.956376609722,401.86226019660387,1.236443062455467e-11
6598.2324883613355,402.1388600575734,-6.377417840116137e-14
6598.494434649953,402.17069867200144,4.008052970089184e-14
6600.625985098531,402.42982783181253,-2.3574364768848174e-13
6600.662193019763,402.4342302934825,4.602554880652765e-12
6601.0401496714285,402.48018686370517,5.816975110671665e-13
6601.555860696,402.54289753215005,-4.027424368858383e-12
6601.922611060271,402.5874975051263,-1.002633221887645e-11
6602.005484532139,402.5975759694787,1.270933017420107e-12
6602.135569426182,402.6133961961821,2.947029713348666e-12
6602.3359380795155,402.63776456634736,4.283174565904742e-12
6602.785786002282,402.69247671973625,-3.4358092553327434e-12
6604.491597510297,402.8999776361799,2.1287829117175916e-13
6606.523242816662,403.14718405865204,1.3370403527655527e-14
6606.8646910623565,403.1887382419788,1.4599114649385826e-11
6607.219075800659,403.2318690650748,1.7832034586166744e-13
6607.265428369005,403.2375106315386,2.204019059675298e-12
6607.625092618627,403.2812866764216,3.3328282163498074e-12
6608.337085921473,403.3679530003459,-1.5912078868530387e-11
6608.56004494091,403.39509427473087,-4.501844340606862e-12
6609.272731803819,403.4818572999927,-1.559265310967456e-11
6609.651894089322,403.52802060974585,2.5212435314624025e-13
6610.400776375889,403.61920540425683,3.379386398541315e-12
6610.7179929459035,403.6578331844615,-5.472040379241238e-13
6611.836404944638,403.794038124738,-1.0474554864220022e-12
6612.875750661974,403.9206346947123,-6.761486013116745e-12
6613.160097027786,403.955272714619,1.72870519881784e-11
6614.813350006693,404.1566953659996,-4.3331264097700464e-13
6615.414455966632,404.2299430734138,-3.5007674061353633e-12
6615.502943232277,404.2407262424515,-3.8025588570287e-12
6615.751673843699,404.2710376388696,3.8228328345635993e-13
6616.633153685205,404.3784677902213,-8.37525916759644e-13
6617.385339891025,404.47015162755497,-1.528363659305225e-12
6618.135694498396,404.5616225957845,6.041979764771385e-12
6618.295514666036,404.58110659793465,1.5477287255850265e-11
6618.92590772631,404.6579636879479,5.278383606188341e-13
6620.482157604378,404.84773194930904,-3.973204874692947e-12
6620.63641907615,404.86654493933906,1.18550765394643e-13
6621.292706421815,404.9465874992093,2.1030244455878625e-11
6622.944542177691,405.14808492142544,4.703002552423536e-12
6623.372502096956,405.2002973533953,1.038002168349801e-12
6624.8779449514,405.383992839297,-2.1688159180111413e-13
6625.058591482184,405.406038296176,2.416721626733139e-12
6625.240913120262,405.42828878667376,1.4535194311625037e-11
6625.893684957548,405.50795793135006,-1.437178391180674e-11
6625.981546258603,405.5186817793173,-1.846458542422881e-11
6626.783020871785,405.6165117522746,-2.2635480351598192e-13
6626.8183361414385,405.62082269358575,4.714452007742637e-13
6627.039408464477,405.64780955381923,6.7055524628853075e-12
6627.688017528636,405.7269921058404,-2.760927369869266e-12
6628.804331241797,405.86329044546,7.344341141767575e-12
6629.328735892701,405.9273265033186,-5.659902214580742e-12
6630.044938263853,406.0147915323358,-1.3474805669275314e-12
6631.08098006175,406.1413331423361,-2.5399378299587265e-13
6632.210653445623,406.2793333994451,-9.834819828666446e-13
6632.406770430128,406.30329333334413,4.226406691060899e-15
6632.675100470627,406.3360768026624,1.8529694141112887e-11
6633.348609775361,406.4183692634509,-7.135058216344588e-13
6633.564436384816,406.4447417179029,1.038961021514193e-11
6634.797767003309,406.59546228235473,3.999371526474577e-12
6635.968860224201,406.7386029896931,1.1901315221120749e-11
6640.145394348562,407.2492992709826,-2.861758808233528e-12
6640.36927981725,407.2766845072786,8.434005428257124e-12
6640.476786842713,407.28983488625653,8.166540285954004e-12
6640.623937204702,407.3078348274079,2.4887494900479475e-13
6641.371123083618,407.3992393426979,-2.4903601726941193e-11
6644.097586028228,407.7328594060101,-1.0075653121951655e-11
6645.18260325113,407.8656642053909,-4.6558946772552095e-12
6646.056447411324,407.97263744230855,2.44614642815608e-14
6646.407316641168,408.0155937009576,3.580559824227192e-12
6646.557191253163,408.0339432585126,6.457453824903957e-12
6646.6491602294,408.0452034759918,-1.5196520185394771e-12
6647.386379252489,408.1354704842243,-6.76960168513535e-14
6648.855313700712,408.3153604737916,-2.6761625676394176e-11
6650.138110517792,408.4724880187715,-1.2312670700608753e-12
6650.507238351901,408.5177074596299,-1.5143629643715898e-11
6650.643351415196,408.53438241570296,-2.464800047326734e-12
6651.049177944139,408.584101488205,-5.2182663926580605e-12
6651.3395524791695,408.6196780391708,-1.1285225439524492e-11
6651.46010619307,408.63444867956304,-5.4001800677748804e-12
6651.6558763975145,408.65843566391743,-7.99738247795021e-12
6652.275866926144,408.73440542193276,-2.754548177321672e-12
6652.468244315635,408.7579795822929,6.764521343311344e-12
6653.417584150872,408.8743228285134,-3.918073481631508e-12
6653.793142032228,408.9203526822218,1.0794479484583596e-11
6654.708494925072,409.0325528227293,-3.0679089077145503e-12
6655.55738374668,409.1366198683664,2.603076507499998e-13
6656.1083975431175,409.2041768998711,1.2339959873981165e-11
6657.976550681584,409.4332633895066,-1.1416940179749946e-12
6658.315130683547,409.4747894070038,1.5015073402647013e-11
6659.080799253266,409.56870459053897,3.496128315175287e-13
6659.178762601055,409.58072133353494,1.5501831810837022e-13
6659.771911094769,409.65348408654376,-2.079525079579989e-12
6660.598565132888,409.7549022578745,4.728950710651214e-13
6663.214339825772,410.0759018934838,1.3786120781900267e-11
6663.740453381578,410.1404801173985,5.50691237452574e-13
6663.884435015222,410.15815414535865,-4.791422197887449e-12
6664.689425136522,410.2569752976921,5.018882153114018e-12
6666.392034117662,410.4660280945074,-2.303637760967578e-13
6666.705701381443,410.50454717737574,-1.8196567932302003e-11
6667.403687748467,410.5902680599367,4.389163753728045e-13
6668.007382767206,410.664416100693,-5.120468349594522e-13
6668.49487713406,410.72429684978056,1.348664035039737e-13
6668.583275504008,410.7351556197415,3.138967000823344e-12
6668.761142686797,410.7570050880299,-7.935531470910793e-12
6669.8090931344595,410.88574870538883,-2.730563336002421e-12
6670.058750195089,410.9164227510764,-9.030745287523247e-15
6670.400198440615,410.958376554243,-8.15063701518822e-12
6670.665660237442,410.9909953736111,-2.1173283874794046e-12
6672.135745221344,411.17165667884706,8.677766970200097e-12
6672.186294360524,411.1778694586095,-6.408853916882011e-12
6672.609533137413,411.2298897839805,3.771694045516017e-12
6672.873700404713,411.26236028483663,4.247417024828048e-12
6673.313044402528,411.31636573306946,1.1234351033327581e-11
6674.3428464417175,411.44296594400964,-9.115147769623106e-12
6674.371464977119,411.4464844842537,1.644193867391696e-11
6675.525057053982,411.5883268101084,2.990416985231849e-12
6676.148296403869,411.6649687069545,-1.9457893723954597e-11
6678.745241625507,411.9844010590036,3.9801977694070115e-13
6678.803358850316,411.99155107989725,-2.5218763135326304e-12
6679.103734038811,412.0285065009595,8.151797462956433e-15
6680.205939422809,412.16412602791314,1.4785194886526595e-11
6682.0961370555,412.39675520285977,5.700386580221062e-13
6683.613902934856,412.58359633943763,-8.151351010346042e-13
6683.869452973791,412.61505942298504,-2.4378442860159407e-12
6684.200811670091,412.65585778925043,-1.8576587883423155e-12
6684.779327263612,412.72709206739233,2.4629409538727305e-11
6685.254231917833,412.7855730422047,-8.433718708027329e-13
6686.7724885707685,412.97256292467017,2.9855172344410982e-12
6687.0743360800925,413.00974380098626,-5.96777154542794e-13
6687.182198688165,413.0230304739787,-2.5664204045012973e-13
6687.949419671609,413.1175440546161,1.0105326452395828e-13
6688.1807718326245,413.146046342854,1.948015284826156e-11
6688.558829877264,413.19262472897856,5.809407995405921e-12
6688.858579101157,413.22955700100255,2.8617859404351516e-12
6689.170482361925,413.2679885359244,3.8677461038644324e-12
6690.098750446949,413.3823768060709,1.7580126917687827e-12
6690.440198692425,413.4244566550036,-7.921350348115803e-12
6693.068964975246,413.74849593343146,2.686447819638359e-11
6694.6142326516765,413.93903534822596,2.007182979490056e-13
6695.201543264816,414.0114652891151,1.787902423913815e-11
6695.433386199432,414.0400590127545,-8.516146525345903e-12
6696.532735837267,414.1756578169727,1.882134946782525e-11
6696.884853301191,414.2190943001082,3.4221969492407545e-13
6697.09994375012,414.2456285373412,-6.456283448328002e-12
6699.0889084862365,414.4910338863449,-3.4016820329385437e-12
6699.585946530631,414.5523715401712,6.827808847291779e-12
6701.946471668574,414.84373747253557,-1.7091243276449009e-12
6702.086569713609,414.8610333756882,3.695094009647249e-12
6702.177523344836,414.8722623140606,9.515642881312619e-13
6702.849704321953,414.95525304662243,-8.598019977260577e-13
6702.873411426246,414.95818019296456,-4.7411522861219784e-14
6703.045821306354,414.9794681717343,2.0768391785263684e-13
6704.4526535473715,415.1531945432337,1.1228981315738795e-12
6705.377651510744,415.26744021052366,5.57650162748237e-12
6706.182172158356,415.3668186483757,3.137356904553604e-12
6707.261330200164,415.50014040149097,1.8858297187517218e-13
6707.548680000333,415.5356438963441,-1.4660483277075863e-12
6708.206976735329,415.6169854607833,1.4566117851003945e-13
6708.58199754761,415.66332798005527,-4.665979808970716e-12
6709.014555915406,415.716783816192,-8.417486880874472e-13
6709.855597466489,415.82073012762675,-6.834813262557861e-13
6710.216856730079,415.8653830135752,1.546630816365622e-11
6710.434637631255,415.8923026425239,5.890074652753737e-12
6712.580262608993,416.1575674086824,-1.1341015145152138e-12
6713.2416729743645,416.2393550266408,7.51529033587349e-14
6715.103387262162,416.469611158384,-1.2692755244103574e-12
6716.269581548809,416.6138781575813,1.0772231212175012e-11
6716.277204732353,416.6148212851033,1.7884271600836011e-12
6718.278446198464,416.86244856076735,7.281855723672668e-13
6718.34098408074,416.8701879888203,-4.798681787977139e-13
6718.614839019184,416.9040799848106,-2.038821921880663e-12
6720.276954611919,417.10981128032586,1.6946084424455752e-11
6720.5527175469,417.14394924701355,-1.970447455265309e-13
6722.479702769495,417.38253873778757,3.5032270103333806e-12
6722.59221012165,417.3964709382045,-3.3263408099567005e-12
6722.647391507363,417.40330433796777,-3.8871162759702465e-12
6722.670261058008,417.4061364105434,7.0225954189897e-12
6722.888532732775,417.43316677596044,-5.416275991992505e-12
6723.124974116155,417.4624482351267,-4.572928687610323e-12
6723.753526774873,417.54029468803253,-1.1220598020413547e-11
6724.347132244171,417.61381960198395,1.0029972322568061e-12
6724.673232729239,417.6542136870802,-4.218269174698378e-12
6724.757925301909,417.66470488117255,9.321413299825077e-12
6725.336474692993,417.7363755493426,-8.736620612038776e-12
6726.534756727988,417.8848382750307,-4.344306373126062e-13
6726.539668159088,417.88544683766173,-9.333255524400252e-13
6726.693929630736,417.9045612008387,6.2136014178031976e-12
6726.721554121333,417.90798416626893,3.559877614552833e-12
6727.058370120163,417.9497203477039,-3.54955219317334e-12
6727.383645549138,417.99002847576566,-3.162076414581241e-14
6728.219864564672,418.0936616738789,-6.395616349146598e-13
6728.50237052918,418.1286757433874,-4.656661890314583e-12
6728.720608406198,418.15572536889147,1.8575372113858513e-12
6728.908197057884,418.17897685881536,-2.0915524308855919e-13
6729.81602815989,418.2915110857431,-2.3718726746660287e-12
6730.115587094801,418.3286475721288,2.2380280583614322e-13
6730.678923916513,418.39848922578557,6.497398615734465e-12
6731.918904973035,418.5522408111729,5.976214614048644e-13
6732.742669466936,418.6543992367537,-2.0958391274234098e-12
6732.931920728348,418.6778708304133,-4.595979570373158e-12
6733.2512142833175,418.71747221301626,-4.077197461037213e-13
6733.389971503492,418.73468259697364,-1.4521078023830137e-11
6735.41063460712,418.98535037719154,-6.541674544358407e-12
6735.448750524854,418.9900794648454,4.572452298717958e-14
6735.832075583108,419.0376405527486,4.162999518502709e-12
6736.219241629569,419.0856809590955,8.397260347350141e-12
6736.759506114164,419.15272276802847,-3.7300099674726673e-13
6737.155957953902,419.2019221826818,7.500267694686141e-12
6737.677985134402,419.2667098312855,1.5621228313782575e-12
6738.819211584785,419.40836242601347,5.713479821730706e-12
6739.060564399235,419.43832296525403,-1.6695367864961734e-12
6739.583005955245,419.503180372504,2.603207987205187e-12
6739.879451259737,419.5399841866809,7.141116456694812e-12
6740.202505709852,419.5800933812074,9.749805767448237e-13
6741.816001459886,419.7804475691573,5.8109790782037345e-12
6742.280748969236,419.8381660126718,-2.68833197750653e-13
6743.342507260312,419.9700440161857,8.174779133472234e-12
6744.581159989453,420.1239198231052,1.6824245369596513e-11
6745.304672561238,420.2138136845147,-6.203578060158044e-13
6745.604121300279,420.2510219456847,1.1358780755649908e-11
6747.4977455447415,420.4863541075496,3.5356087703986602e-12
6748.219126033341,420.57602180756885,5.548981391647354e-12
6749.173555090321,420.6946722100503,-2.3575003516294164e-12
6749.442409701945,420.72809805637246,-2.2047290639155164e-12
6749.717872152137,420.76234681542167,7.765404666371762e-12
6750.288273788215,420.8332703561397,-2.798075751768241e-12
6751.36297737444,420.96691490954026,1.2019010897933128e-13
6752.048720808494,421.0522015184677,5.528590235340049e-12
6752.117206767003,421.060719662593,1.095425637597523e-13
6752.846087745721,421.1513817481025,2.932064876479375e-11
6753.321292884428,421.21049555599967,-1.1243688284292625e-12
6754.19764970486,421.31952209762716,4.697232565177956e-12
6754.5593108462845,421.3645200671171,-1.1944209384070115e-11
6754.612673131105,421.37115961989196,-6.407003273593277e-13
6756.995433051531,421.6676857752768,2.432133481070582e-12
6757.287246109435,421.70400808024095,-2.6694286787416166e-11
6758.208538275207,421.8186926631821,-1.2282974102574418e-11
6758.861310111842,421.8999606772005,-6.386279860727308e-12
6759.0084604737,421.9182815125892,-3.634171024064575e-14
6759.0984663554,421.92948781783656,9.795010550263868e-13
6759.310933947445,421.95594197752075,1.3396467884413607e-11
6759.75064602519,422.0106927966464,-4.374400295842606e-12
6760.60100716698,422.1165857531384,-2.596566788491805e-12
6762.337882273811,422.3329150587776,1.0810637410656387e-12
6762.604693697898,422.3661515776813,8.182215938591107e-12
6764.351624556146,422.5837979756458,-2.422515817591657e-12
6765.280963083548,422.6996051926308,-1.5616913701072868e-11
6765.546458677929,422.7326921897584,2.9158060882859864e-12
6767.781497369656,423.011282067088,-1.6823090774248226e-12
6767.831064961568,423.0174615397521,-2.6620805559805997e-12
6768.076068475288,423.04800620423447,1.800791691408345e-13
6769.106852060984,423.17652642756224,1.0187413943991227e-11
6769.155649694732,423.1826111023871,-4.366067278723198e-12
6769.54222357426,423.2308153249016,-1.5904661053781038e-11
6769.587594595319,423.2364730909539,-6.569633506870718e-12
6769.717679489197,423.2526948866537,-1.949604075445665e-12
6770.262711411176,423.32066463385087,2.5391286493981056e-14
6770.910571816653,423.4014650158909,-6.208733505379627e-13
6772.13867802049,423.55465418587255,-9.219732213246356e-13
6772.251676146222,423.5687505263785,6.849462524629991e-13
6772.287380796227,423.57320467485766,1.9056750272078197e-11
6772.514235901514,423.60150535584614,3.925319431866211e-12
6773.126725939446,423.67791959081563,2.7455367421920465e-12
6773.547274263752,423.73039118590236,-2.2381552185583197e-11
6773.884492140419,423.77246803803763,-5.503969886306435e-13
6774.209991655914,423.81308470137657,-3.847629886178286e-12
6774.959944384448,423.90667315240523,-8.506224519692023e-12
6776.610307817583,424.11266256224326,-2.4540246162149912e-12
6777.246504959776,424.19208263621886,-9.248256423426624e-14
6778.068069774754,424.2946542319873,8.214274591720566e-12
6778.493004958787,424.34771186928356,4.775804138250572e-13
6779.195644871961,424.4354511666746,1.561446311976485e-11
6780.093420222193,424.5475704405458,-3.725600538327359e-13
6780.162028874095,424.5561392885011,1.4426925396933688e-11
6780.460170585973,424.5933765759652,8.664004556260564e-12
6780.739651815635,424.62828469439614,-1.8658274182107484e-12
6780.902606913657,424.6486389824262,-1.2056145055208897e-12
6781.1182557315515,424.67557585488623,-4.875234948922341e-13
6781.150444873202,424.6795967007086,-1.3959371871008459e-11
6782.09710675283,424.79785571578805,5.724158325896917e-12
6786.255145684195,425.3174822756546,3.740320342535653e-13
6786.562898669193,425.35595456063203,-1.0577473517793464e-11
6787.092426339645,425.4221550433301,-1.4046454361324076e-12
6787.47307344305,425.4697459684079,2.849949692805319e-12
6787.665048954398,425.49374898195055,-7.742795417119922e-12
6790.563439805048,425.85622204904905,3.194284594026829e-14
6790.896181926268,425.8978447163599,2.1989007436448548e-13
6791.959234746492,426.0308355173861,-9.629449124069365e-12
6794.073284048323,426.2953707003812,-1.3351642969047116e-11
6794.305964536421,426.324491500647,4.960727629396875e-13
6794.420257191655,426.33879600292227,-2.6227355969314658e-12
6794.610815480068,426.3626462023635,-3.71530091593919e-12
6794.986183072144,426.4096290171603,-2.4476113146171262e-12
6795.407814336838,426.46240551096884,-1.8288522828503086e-11
6795.704136947804,426.49949881007495,-1.6283553732311719e-12
6796.138446820722,426.55386810714174,-2.2759217908103218e-11
6796.226164128084,426.56484946356267,-2.344943837279111e-13
6796.510019719894,426.6003864029857,4.1504625681117475e-12
6798.756755472113,426.88171599106533,-1.2932396467173311e-11
6798.858915390656,426.89451036324556,-5.591305414559364e-13
6799.079721026427,426.922164423897,1.2082598292399368e-11
6801.007298414762,427.1636155250317,-2.890980597053108e-12
6801.546111878435,427.23112031013216,-1.5024725182744523e-13
6802.703054168811,427.3760849076102,-9.476212806309642e-12
6802.771540127295,427.38466695511073,-2.600974663093522e-15
6805.419872039298,427.71659848160436,-7.64035619717836e-14
6805.942614079786,427.78213218462207,-4.320365996006793e-12
6807.443559876609,427.9703266527514,1.8115932368366236e-12
6808.116667302517,428.05473697872804,-9.392885744987765e-12
6808.84554828094,428.14615094005075,2.0719014650618914e-11
6809.162620856906,428.1859202404645,6.9629153280858034e-12
6809.68489342394,428.25143109310204,-3.3243852801402468e-12
6809.754897998573,428.26021244427335,2.494032898368619e-12
6810.392300774474,428.3401721950364,4.2316014609726253e-13
6810.79914264791,428.39121287159287,1.6880779488799088e-11
6810.815662244338,428.3932854153497,-9.288406332083227e-13
6811.650709423245,428.4980567406824,2.384304059740216e-11
6812.01296273136,428.54351177121606,-3.138855155057915e-13
6812.096817750327,428.55403412442723,2.9627417534340865e-12
6812.829404525971,428.6459665913176,-2.0144021544414643e-12
6814.032999869254,428.79702748494543,7.759570144337706e-12
6814.601057832834,428.8683325964013,-2.58699902211437e-12
6814.898484684394,428.90566928204834,-8.117945624075319e-14
6815.211449585154,428.94495825467567,2.3383988854986066e-12
6815.847435138107,429.0248041369825,-1.243448073847771e-11
6816.646710071507,429.12516102664165,1.5029220232465227e-12
6816.6524252585095,429.12587866738795,6.560457824908125e-12
6816.832792604486,429.1485272217456,-2.3739172463018775e-12
6817.365691789594,429.21544636131273,-6.228015996814557e-14
6819.324007298654,429.4614079568912,-8.734235213564029e-12
6820.4771974963405,429.606280025989,-1.411341870733174e-12
6822.495796111015,429.85992991133173,2.721358266944833e-11
6823.168869739109,429.94452262348545,-2.061864630168031e-12
6823.426619456436,429.9769191311675,6.5310991674443516e-12
6823.9789277817135,430.04634276896405,7.148162159746975e-12
6824.376450064093,430.0963137044155,5.981791345919214e-13
6825.003272517134,430.1751149605836,7.021272006103497e-12
6826.20226941151,430.32586753729174,-9.09118942727988e-13
6826.516215859475,430.3653451051827,-9.549625472107908e-12
6826.828064022012,430.40456061911243,1.8091102511570918e-11
6826.944175778093,430.41916235630197,-4.869494891804962e-13
6827.221613820158,430.45405282975304,-7.039918041371473e-12
6828.228089331692,430.5806386032122,2.43055606059364e-12
6828.692312269395,430.6390308321996,-1.4167467084323134e-13
6829.867111285854,430.78682052648,4.728505190775073e-12
6831.0833088391155,430.9398449388868,-6.986254365047951e-12
6831.230459200899,430.95836153992616,-1.0818411602280717e-12
6832.0928303855335,431.0668856569231,3.841644424653489e-13
6832.427268914133,431.1089763781867,-3.676851611162301e-13
6832.705544509833,431.14400029060033,2.9600570404544033e-12
6833.634883036782,431.26097766158665,-4.2580672607115405e-12
6834.180126547577,431.3296157654654,2.5559003217049796e-14
6834.190038305432,431.3308635600471,-1.9647862606679534e-11
6834.254382790966,431.3389639533146,1.8319118466833648e-13
6835.524276911455,431.49884783185024,-8.74835748952327e-12
6837.527908343376,431.7511720797534,-6.12331742543633e-12
6837.938701400777,431.802913807766,1.1800300238765346e-12
6839.083231769625,431.94709032955194,3.46453458476274e-12
6839.131839114461,431.953213932263,1.0855536446648153e-12
6840.227973727527,432.09131764207507,2.0693313380427148e-13
6840.228955274757,432.0914413186601,3.644427720636974e-12
6840.51630507465,432.1276486349098,-3.835876269959932e-12
6841.648233233352,432.2702912698798,-8.645795994223806e-13
6841.724587762164,432.27991411822677,3.076286926060002e-12
6842.731152169256,432.40677998138835,-9.703059891768908e-12
6843.995868171583,432.56620934006907,-4.562238042047333e-12
6845.315016901576,432.73253184998805,3.695017435240934e-13
6846.714919517672,432.9090711276104,-1.0556488821909159e-11
6847.223464333636,432.9732117664205,6.560167539271446e-12
6848.369154040959,433.1177302915448,-1.5691838845429913e-12
6850.3179383695115,433.3636075738021,-3.722958670014747e-12
6850.41703975554,433.37611302236303,3.0807678993296388e-12
6851.0992213854515,433.4622013618172,7.574410075915379e-12
6852.604854526263,433.6522360214163,2.880474252035604e-12
6854.158951018309,433.848431316868,-9.313650777412053e-15
6854.174755754489,433.85042679787654,1.2640896813735675e-12
6855.0088213859135,433.955741134881,-9.318691553493506e-14
6855.610384320658,434.0317061832087,-5.322372427789626e-12
6855.632517710858,434.0345013031278,9.623298565405367e-12
6856.849383828841,434.18818738770625,-3.79105715276419e-12
6857.314757302391,434.24696969758236,-2.911905737209935e-12
6857.914255749444,434.32269949694137,2.0307148530126147e-12
6858.443047259207,434.3895029548615,-1.5323518805203952e-11
6859.664355334824,434.5438133230665,6.899945279072074e-14
6860.02580488691,434.5894871786627,-9.983265006525954e-12
6860.6701835813665,434.6709187835898,-1.5050279374300096e-13
6860.929160232661,434.7036484082712,9.11761884405038e-13
6861.702921458229,434.80144417644215,-8.207943542398e-12
6862.742267173653,434.93282455448303,-7.423576256419616e-12
6863.9096545953535,435.0804140032397,1.0943787048558865e-12
6864.062655335072,435.0997593093007,-1.2012412801715936e-13
6864.519098597977,435.157474236954,-8.146727867964237e-12
6865.272177453991,435.25270561509336,4.3539004319307994e-12
6866.527963245496,435.4115305620085,1.4767366708888062e-11
6867.155555656517,435.49091591835986,-2.1140553363190015e-12
6867.302126348985,435.5094569687947,-2.07665147187117e-11
6867.801787249558,435.57266656207213,9.992301452669358e-12
6868.169899738114,435.6192375679782,-4.767788021579645e-12
6869.547656466225,435.7935638242917,-4.198498956995199e-12
6869.893703160062,435.83735427943935,-3.579229757612687e-13
6870.102689041331,435.8638014518012,2.179302083239901e-12
6871.374491158035,436.02476541052175,-3.905184045082364e-12
6871.689063570483,436.0645834495434,6.718381704190866e-12
6873.372373604716,436.277684935309,-2.1275638807764876e-14
6873.720708872857,436.3217895468534,-1.4063649484547112e-12
6873.9792836461775,436.3545305422596,3.1726388423228194e-12
6874.475974909913,436.4174255400211,-4.298489019488226e-13
6874.555210179864,436.4274593603242,-1.638259087674393e-11
6874.602979971041,436.4335086604464,-8.84959287098467e-13
6875.226866584791,436.51251804361897,-1.7594475856946298e-13
6876.689349683155,436.69775590294677,-1.2782941013588712e-13
6877.5685071509215,436.80912879864115,-4.332118312315243e-12
6877.949522334299,436.85740075642883,9.19423962307985e-12
6878.684554175061,436.95053170318766,-5.12544093913894e-13
6879.165351806941,437.01145572529884,-4.9697724099251935e-12
6881.721067476683,437.33537338501367,-1.4979954866610393e-13
6882.254757919889,437.40302980400713,3.8221316680341995e-12
6883.880576693862,437.6091686540702,1.4229454323296383e-11
6884.515601999458,437.6896972387542,-8.598002479507538e-13
6884.969210816451,437.7472246536932,-1.816949253270256e-12
6886.5025911408775,437.9417185262101,-3.9586677743818086e-13
6887.842578731154,438.11171793777004,1.841692619932579e-11
6887.911957341165,438.1205206533595,-4.040246173230158e-13
6888.004742570713,438.13229332509707,-3.0604052053898264e-12
6888.5939611795775,438.207057602898,1.439053809033935e-11
6889.307752281658,438.297637097303,1.6976321998954995e-11
6889.963058078806,438.3808031186894,1.143832638064153e-11
6890.823474971246,438.4900121647927,3.74706732334426e-12
6891.276715708007,438.5475455621056,7.705581469588802e-12
6891.566988849306,438.5843941936666,-7.309148713398675e-13
6891.907722234045,438.6276504650444,9.474843935403007e-13
6892.278558972543,438.6747308024318,1.2684774001811069e-12
6892.442719704298,438.695572973138,2.350496182164828e-12
6893.412183538316,438.8186681383461,-1.1550232387771207e-12
6893.728452358186,438.85882929976987,1.84304709240812e-11
6894.301218966089,438.9315663324848,-1.1533171931012252e-11
6895.008347131656,439.02137460391543,2.881475492017186e-12
6895.122694884729,439.03589811793586,-1.7716777064591486e-11
6895.331401581415,439.0624069522887,8.044713506071838e-12
6895.984173417416,439.14532380031596,-4.770521685418243e-12
6896.700676271902,439.2363449712277,-3.480234573312961e-13
6896.754931208238,439.24323764969375,1.2170516568803111e-12
6897.652304679776,439.3572500134228,7.994674480484631e-13
6897.785659695079,439.3741941922463,1.1034879617720231e-13
6899.748852836396,439.623676755353,-4.984869115180645e-12
6901.637298960711,439.8637274608036,8.852279864903157e-14
6902.789596506171,440.01023456960604,-2.511657395875924e-12
6903.54589038561,440.10640569276154,-1.3338082766391371e-12
6903.848194870338,440.14484999567867,-3.266822732734511e-13
6904.649267603946,440.24673119629455,-1.0945441412972065e-11
6906.163327683647,440.4393230977814,-7.648142267907154e-12
6906.809559276514,440.5215380909985,-4.6136198533494e-12
6907.306373233543,440.58474907695637,-1.5072138433508918e-11
6907.89557054215,440.65972014053017,4.211694926524141e-12
6908.8290505415425,440.7785117589212,-1.3632378837673335e-13
6910.972175352872,441.05129955732986,-1.3381982034503175e-11
6911.280228822328,441.0905171204003,4.286982447254801e-12
6912.342566781414,441.2257742773736,4.659588967274257e-13
6912.6011415546645,441.2586992334442,1.8320734090826073e-12
6913.198732004951,441.33479659425615,2.8455760041565133e-12
6913.707276820683,441.39956003621916,1.029864904166012e-11
6914.292544245401,441.47410003782187,2.3263973096205422e-12
6914.738060405325,441.5308454662552,1.5310457704087616e-11
6915.728642284412,441.6570290607136,1.702185156350375e-12
6916.140361790902,441.70948057016153,-1.789966105062771e-12
6916.503329958996,441.7557239331322,-1.019293129298546e-11
6917.14127860596,441.8370066132338,5.2322922484299565e-14
6917.543221545562,441.88822304805564,-1.6341864936923397e-11
6920.0076493010765,442.202310800541,2.9471842787974035e-11
6920.601254769549,442.2779816780198,-2.634456314505728e-12
6920.615540889571,442.2798029057133,-5.754315035533234e-12
6921.590597216997,442.4041142312576,2.2947464591074707e-11
6922.134009129021,442.47340219296416,4.848690942008029e-12
6922.174100638728,442.4785142930354,-9.106957507690813e-12
6922.903171905459,442.57148391107745,9.532704508300417e-12
6922.975676643414,442.5807300964148,-9.350315168841688e-12
6923.531064800966,442.65155932577983,6.173031077913941e-13
6923.937327004806,442.7033739654851,1.165163503020584e-11
6924.756493048787,442.80785956411546,1.2231108669257516e-11
6926.027893287062,442.9700526501699,-3.825555408626959e-14
6926.17299165863,442.9885648060899,-1.2737036675328722e-12
6926.40980112188,443.0187786156821,1.6717195128151552e-11
6926.509807656985,443.03153845997093,-1.8242146390451477e-11
6926.870542348665,443.07756616787447,5.4049608569437455e-12
6926.933046433103,443.08554157944786,-1.7065953300654473e-11
6927.530446594446,443.1617724234575,-9.244663974212653e-12
6929.505336796346,443.4138237419643,1.0709093117176099e-12
6929.93838593708,443.4691025488134,-3.3330316059096e-12
6930.809027569424,443.58025057630584,-8.340628944302004e-13
6932.473364138492,443.7927623056809,-2.2056086801896734e-11
6932.631230013926,443.8129221462127,-9.354490714612784e-13
6933.469301926865,443.9199535719576,4.0044692785824366e-13
6934.779913520764,444.087359688924,7.981113907939358e-12
6935.01537335656,444.11743863173217,1.2651701727750145e-12
6935.798454172743,444.21748105608515,5.0339525340752205e-12
6935.8371284595205,444.2224221790784,-6.83753547248736e-12
6936.332770580334,444.2857490873912,-1.030550811415564e-13
6936.70359482116,444.3331312982412,2.1758500493243742e-11
6937.07612796702,444.38073441566934,-1.6141999094054275e-12
6937.318864206315,444.4117531700236,2.0188471858705273e-13
6938.070995312469,444.5078733166819,1.535395655441025e-11
6939.034443474458,444.6310143860332,6.903061157522384e-12
6939.1456988972795,444.64523536156076,4.4592791797313785e-12
6939.596629759401,444.70287692510084,-2.147170927306103e-11
6939.638138492025,444.708183089181,1.728728523602885e-14
6941.324227873408,444.92374689875766,2.4028617065737604e-13
6942.9752936673085,445.13488374684124,1.5171079149337805e-11
6943.352603053279,445.1831407896583,-2.436650478635754e-11
6943.403532770135,445.1896547896054,-1.5971702194508939e-12
6943.659082808596,445.22234080827167,-4.978799533634816e-12
6943.751868038108,445.23420876115694,-9.28655521118546e-12
6943.927814726445,445.25671414725497,-1.9825139636413813e-13
6944.131889176519,445.2828180768674,-5.259199753246306e-13
6944.3879637863365,445.3155746275535,-1.943580118505494e-11
6944.397875544184,445.31684254402745,2.066670453034247e-12
6945.594372274197,445.46991223288535,-6.333434010329541e-13
6946.084189012138,445.53258285810364,4.844610238742279e-12
6946.213783132246,445.5491647877112,6.2894894164409685e-12
6946.456743458154,445.580253073651,1.649478539882848e-13
6946.609888191368,445.5998494541853,1.883292051369133e-12
6947.416083944904,445.70301728343486,-7.944198484448144e-12
6948.302843295604,445.816508559119,-1.4521272754034213e-11
6948.81506011071,445.88207087011523,1.0507653680329235e-11
6952.291632268071,446.3271900461309,-3.881123702913087e-12
6952.702425325149,446.379800201273,-4.39600790385767e-12
6952.780230874571,446.38976508697266,2.3779411752239767e-12
6953.188345976948,446.44203594028414,1.6856012322906416e-12
6953.249555531858,446.4498758453238,-6.388185383208213e-12
6954.123890463739,446.5618708433837,7.971096114307377e-12
6955.526471033491,446.7415591069194,-1.4569323046547257e-11
6955.8006389537695,446.7766877100307,-4.336639970903955e-12
6956.05970450056,446.809882547699,2.2182202271233882e-11
6957.804325481964,447.033458210118,-7.956524132637415e-13
6958.592004746826,447.13441880057167,-2.839495701297753e-12
6960.034397641686,447.3193267712282,-3.758517573463649e-12
6960.270716331266,447.34962536722844,-2.927412716961851e-12
6960.637166209861,447.39661021475524,-1.0731961084627293e-11
6961.078921474492,447.45325372859844,1.523425158582346e-12
6961.136793312373,447.46067453861895,-1.7731213702185091e-12
6961.3211669401335,447.4843168752218,-7.453209366807096e-14
6962.170110857806,447.5931855228847,6.597948597953544e-12
6962.205426127377,447.59771464398733,1.3628041179365339e-12
6963.597815754659,447.776304469956,3.900027715021987e-13
6963.733983915571,447.7937715042988,1.3416738634483675e-13
6964.051234282521,447.8344682679502,-1.0097629154941468e-12
6964.232227592894,447.85768685567456,-1.255850845072205e-13
6964.326696732301,447.86980599630004,-1.0012205049636355e-12
6964.330190940472,447.87025426012775,-4.729913387317401e-13
6965.639059831324,448.03818182230134,3.7747742576110596e-14
6965.944558039368,448.07738171092825,2.3855255039445465e-12
6966.544056485978,448.1543111275326,5.540928944898672e-12
6966.580844076388,448.15903203570275,4.4317231239297234e-12
6967.216829628681,448.24065125379843,2.0993289406947043e-12
6967.906109870227,448.3291184603226,-8.588819901454879e-13
6968.310641868733,448.38104309532594,4.121475278408127e-15
6968.4467549317205,448.3985148783343,-3.618421928086999e-12
6970.464114112745,448.6575077137203,1.0106081144122916e-11
6971.590606267998,448.8021617761139,6.404222454391948e-13
6974.381481287147,449.1606417176166,1.1563930905109475e-11
6974.779528140472,449.21178139244745,9.608544837703441e-12
6974.947216878046,449.2333263317902,-3.029865434999686e-12
6976.861667482581,449.47933497399964,-1.6258709839223893e-12
6976.993774263599,449.49631330554206,4.900729476050807e-12
6977.198115400613,449.52257581225723,-4.8958819469614625e-12
6977.267003236966,449.53142964715084,-3.3051744112233496e-12
6978.899954419818,449.7413309034754,-1.1197454223048801e-11
6978.9099550733235,449.74261654928875,-4.177109026556499e-12
6979.871795723241,449.8662757185456,-2.1745000310353433e-12
6979.99322078825,449.8818879594354,-6.428216770812279e-12
6981.118731396201,450.0266135339544,1.8269207579857884e-11
6982.393536946503,450.1905646195256,2.0387000064743078e-11
6982.971337678564,450.264884680077,-3.030508692545464e-13
6983.919171392986,450.38681383425023,2.033699570239704e-11
6984.668544451159,450.48322476030296,3.869212640808704e-12
6986.014336123209,450.6563941599338,1.564514371330229e-11
6987.730461262332,450.8772645207948,3.8327354143459186e-14
6988.147269991037,450.93091722026423,2.824381188965152e-12
6988.244586073837,450.9434444593962,-4.571838629931533e-12
6988.473941342165,450.97296943990375,-1.1600240499016378e-11
6989.3632772541005,451.08746311300047,1.5575717477653148e-12
6989.945308354724,451.1624020560549,-1.0388273396047808e-11
6990.608482721768,451.24779614046224,-2.552953959756686e-12
6991.240305500851,451.32916075296544,6.428819080309012e-12
6991.522363291585,451.3654858485958,1.0409805013990865e-12
6992.527421579066,451.49493520348733,-9.283895602604723e-15
6993.56453381718,451.6285325457032,-3.255090178842246e-12
6994.437620514612,451.7410160251255,-1.7569250576194537e-12
6996.159515938554,451.9628963039806,-1.693112777559862e-11
6996.374784178355,451.99063921442183,5.041862924983185e-13
6997.6244991991025,452.15171435429585,-1.716934704340827e-13
6998.608841319292,452.2786059688583,1.1194886765076361e-11
6998.957176587136,452.32351416927247,2.488990747677789e-11
6999.823642948414,452.43523074117894,-6.219053268517742e-12
7000.610484659413,452.53669300701665,-9.255099212890336e-13
7000.716786050742,452.55040131445645,1.6374562157378111e-12
7001.490792662387,452.65022115279345,2.6383505820837473e-12
7003.545464004729,452.915255573852,-1.0072385117379668e-11
7003.69030449185,452.93394164918993,-4.2754668294670307e-13
7004.980724489243,453.10043760975077,1.2570026754923745e-11
7005.14841322678,453.12207583879336,3.4174980380384767e-13
7005.207579594166,453.1297106755636,2.2130770220349133e-12
7006.8066327300785,453.33607714992877,1.0092245415387023e-12
7007.069784651787,453.3700428452208,2.4396604971756694e-12
7007.669985460915,453.4475170798725,-2.2169838944271968e-14
7009.27775721835,453.65508179593684,-7.556752409782503e-12
7009.656974600692,453.7040460260041,-2.4703219878416416e-12
7009.952438357402,453.74219789426274,6.207375137016596e-12
7010.6778927221385,453.8358792822966,-1.7121840632750463e-11
7010.697894029148,453.8384622839556,-1.9981940721049337e-11
7011.12381075973,453.8934676197926,1.1716603325323944e-12
7012.159171492324,454.02719399345733,2.219344426018298e-11
7013.110922592863,454.1501388320737,-2.2962766084869325e-12
7013.150489531192,454.1552503519608,3.4025383336146146e-14
7013.65123337173,454.2199422590227,2.0876806243352245e-12
7013.775391489329,454.23598316174724,-3.6355087275816914e-13
7014.329709203656,454.3076030185935,4.896762246521718e-12
7015.510257203369,454.4601529606149,4.52280810965235e-12
7015.578129694739,454.4689241973229,2.2941022387988303e-11
7015.592415814753,454.4707704191351,-2.947472916277584e-12
7015.6659909955515,454.4802787358845,1.0595418623666682e-11
7016.527469527546,454.5916173222746,3.431254418768259e-13
7017.553286582472,454.7242130607858,1.3489960434020013e-12
7017.659397684902,454.73792994601297,-4.450195361296164e-12
7017.797173357574,454.75574039077725,-3.585396492575549e-12
7017.828782829897,454.75982663869144,-1.0908203499597316e-13
7018.212107887402,454.80938164254957,-1.9124928121212178e-13
7019.539294174894,454.9809768337791,-3.4475049902562537e-13
7020.625204046486,455.12140093643484,6.112956701331586e-13
7020.781809190051,455.14165407482636,-5.855420013469491e-12
7021.21835253869,455.1981129250086,-7.600977428108786e-14
7021.440596697227,455.2268574663449,4.870819433093231e-13
7022.724476451391,455.3929292904447,2.3205156188696815e-12
7023.648636859069,455.5124896573728,5.67559270839764e-12
7024.182238406108,455.58152985567085,3.4166230444506914e-12
7024.4822117159265,455.6203442965559,-6.38400488858536e-12
7024.5136308993615,455.6244098142712,-4.245720479207146e-12
7024.762941179337,455.65667022025457,6.96860683257234e-12
7024.796560041423,455.6610205421943,1.680795589015327e-11
7026.259533911935,455.8503513191223,-3.0741486939684573e-12
7026.700273831405,455.90739740772864,9.80944284989948e-14
7027.617826400498,456.02617004903146,3.649630041959468e-12
7028.299026482369,456.1143580607141,2.1048558367589318e-11
7030.260388023538,456.3683232286713,-1.228066625681893e-12
7030.434739697533,456.3909024308964,-1.8247841797838635e-11
7031.345104758764,456.5088072498849,2.8124835421596693e-12
7031.5779755353715,456.53896967612366,-1.2634207238827913e-12
7031.925003776062,456.5839201224243,-4.4799751428860356e-12
7033.782030715284,456.82449786836094,1.6083257329665318e-11
7034.930567364582,456.9733225272101,-5.758032883631914e-12
7035.086021972193,456.9934678341307,-6.463885430176095e-13
7035.126113481871,456.99866335071687,-4.325549434603965e-13
7035.292473892114,457.02022255265035,1.6768754560487526e-11
7035.955982541433,457.1062139289777,3.993948097496374e-12
7039.96774245542,457.6263147260665,1.373175044678474e-12
7040.145241557536,457.64933327699447,-6.4154326240220146e-12
7040.942608493188,457.75274508016025,-7.415637938804202e-12
7042.596106853898,457.96722727276625,-1.4913052219983854e-11
7042.6484199959,457.97401385125414,-5.496886778538694e-12
7043.477586692744,458.08158829264335,-1.7230656435184427e-11
7044.781277464845,458.250752155796,-1.0813761387147502e-12
7045.791289783425,458.3818305135629,-3.5455488042597195e-14
7046.028670113148,458.412640215347,-6.09304057921025e-12
7048.628640062828,458.7501594515749,3.286765696207723e-12
7050.270877038177,458.9634132235062,-2.9993033284450236e-13
7050.280475813726,458.9646598249087,-1.6449546177153283e-11
7050.30502047161,458.967847468882,1.0460212779993022e-13
7051.000383979987,459.0581597671711,-1.1192794236399808e-11
7051.246859814078,459.09017364988705,2.6539441063565052e-12
7051.845376713125,459.16791757143443,6.591544857491015e-13
7052.947582094264,459.3111050108044,1.7776146727746867e-11
7053.5688796482345,459.3918276037723,7.648281164021623e-12
7054.209886827096,459.4751184383918,-5.138908648849811e-12
7056.172589192763,459.73019403543634,-4.511480325818807e-12
7056.46903449661,459.76872665796367,-9.361040761835079e-12
7057.412570246513,459.8913803173481,-7.882767598073077e-15
7058.081637591583,459.9783647634096,1.6275139130514593e-12
7059.069194735003,460.1067706606074,1.282154129354137e-11
7059.221692203343,460.1266005567471,1.0120285148447462e-11
7061.1543588107015,460.37795055463374,-7.812043287145206e-12
7061.952216519861,460.48173478333524,1.639158347795803e-11
7061.981012846507,460.48548078897653,4.703358102917742e-13
7063.024466235728,460.6212300140215,1.6994210444109553e-12
7063.339428028163,460.66220925808847,1.4958843973099325e-11
7063.644456762576,460.70189786749995,1.7814756096163458e-13
7063.674458723081,460.70580164506856,6.628391738438542e-13
7064.05590958168,460.7554364905809,-2.6245308805419487e-11
7064.143402802256,460.76682159179944,3.638411222932546e-12
7064.145991861293,460.76715849661275,5.751222670175286e-13
7065.161731864306,460.8993425668037,1.4014602270282216e-11
7065.390795450406,460.9291545507948,-4.609317183631748e-13
7066.679988513249,461.09695744378524,2.207397639902619e-12
7067.392172102677,461.1896692295808,-1.1466591869089525e-11
7067.552258956797,461.21051056081035,7.237387609272794e-13
7068.766079038152,461.3685503037966,4.766474630820325e-13
7069.049097075792,461.4054032399897,-5.8471925100873594e-12
7069.4724585449185,461.4605336227737,3.350951289982219e-12
7070.824946950449,461.636677590414,-1.9891998536281447e-13
7070.97120466043,461.6557277677138,-7.524036005706501e-12
7072.595673804933,461.867342595391,-3.020242525397573e-12
7074.512658369374,462.1171250764891,1.493286485760066e-11
7074.938676493003,462.1726442963664,1.3462229981896504e-12
7075.206905139449,462.20760190743005,1.3811500145819614e-11
7075.787463918905,462.2832693115655,1.679326263830567e-11
7075.86680938459,462.2936113227613,1.9519878470787895e-12
7076.7343924836305,462.4067010176281,1.0216379931650193e-11
7077.534047993405,462.5109486119853,-2.575474965434858e-13
7078.361539582772,462.6188374756646,-1.4528824724550346e-12
7078.73548995121,462.6675974933099,-1.4331340612726442e-11
7079.787425377672,462.8047749382153,-1.7539749716990064e-14
7082.26640593756,463.12812655882135,3.3084320266529095e-13
7082.857210757299,463.20520626997273,2.2221133938703954e-12
7082.958499324257,463.2184215902944,-4.210874149643052e-12
7084.0187051989815,463.35676009640207,-2.0365418369878234e-13
7084.175991404983,463.37728498614916,-7.95230598691741e-12
7085.117830747241,463.5001988055028,4.886712339896743e-12
7085.324494256164,463.5271714100916,-6.486616963330808e-14
7085.372488133905,463.5334354242738,1.0128796286208175e-12
7085.568381031163,463.55900320631486,4.094100937406715e-12
7085.937923239672,463.6072374801157,-6.8818952094655045e-12
7086.119674010503,463.6309613126754,-1.6634061160164672e-11
7086.217180382128,463.6436890188904,-3.00433152587775e-11
7088.29844837135,463.9154029537446,-3.890506803485759e-12
7088.489497432997,463.94034881096434,-1.3406021659031424e-12
7088.5881080452555,463.9532249616958,-4.0905475205809733e-13
7089.414495393932,464.0611381171164,-2.8991494368380135e-12
7090.49669946781,464.20247592638395,2.740321635225537e-12
7091.225580444852,464.29768125845476,-9.518287275475342e-13
7091.602119872299,464.34686810327446,-2.080819416993992e-11
7091.7362911409,464.3643953488361,-4.5408599914547643e-13
7092.080730322418,464.40939211973006,-1.4175075168006861e-12
7092.1497070543855,464.41840334968407,-2.0131225809157108e-11
7093.787971545064,464.6324545885023,2.0088189930222785e-12
7095.797728841101,464.8951116065158,4.460868421661028e-12
7097.823548757641,465.1599431608654,1.1364167565536036e-12
7097.891421248973,465.1688173103782,-2.325091725595696e-13
7098.606684670915,465.26234127845004,7.294770248591006e-13
7099.095105485626,465.3262099515679,-3.737760438238551e-12
7100.125288099566,465.4609368761824,-2.5568363234434514e-12
7102.006656909408,465.70703208750086,-6.368794728468784e-13
7102.796032581007,465.8103069494223,4.7070450929863536e-12
7102.997327682947,465.83664443922925,-6.85471483758763e-12
7103.602105640322,465.9157781933482,2.0736536186327173e-12
7104.8568084894005,466.0799745589335,1.8326574701639914e-11
7105.264957389116,466.13339311067887,4.701746850668193e-15
7105.716154937737,466.1924494432694,4.262463180613354e-12
7106.516546607788,466.29722031318505,4.339410229207488e-13
7106.629053959649,466.3119484153348,1.7293158148298547e-12
7107.10985159081,466.37489125509444,8.71958544460206e-12
7108.573718112122,466.56655717876964,1.206040211346556e-12
7108.88668301227,466.60753919682594,8.116149914952668e-12
7109.326796966929,466.66517413738916,2.3947351195605942e-14
7109.665567256722,466.70954009058016,2.0282092053160178e-13
7109.961399093451,466.748284477519,-2.7049845174833024e-11
7110.206669293595,466.78040815040487,6.036326582169496e-12
7110.913048800175,466.87293069396065,1.5202617699315193e-11
7112.006560554486,467.01617847095565,-2.0338977700553305e-11
7112.152238595153,467.0352636555052,5.511693906274555e-13
7115.109774506668,467.42281302653913,-8.386502411343703e-12
7115.34535703559,467.45369020087395,2.0122354377233315e-13
7116.924108378656,467.66063931461764,-1.6484947621404155e-11
7118.046315066338,467.8077706245816,-7.458447249487307e-13
7119.085571884347,467.94404715581976,-1.471660010666963e-11
7119.679177352051,468.021894873999,1.3155009832346068e-12
7120.387710241934,468.11482311660313,5.291059313567251e-13
7120.454901670754,468.12363614649485,4.654163092839147e-13
7120.668519798219,468.151655495071,-1.1458686782009634e-11
7121.291691550718,468.2333989910052,1.5185798964379215e-12
7121.511871221433,468.26228239550767,-2.5897033972244077e-12
7121.8032273027475,468.3005041703168,2.228854280437503e-12
7122.053599222845,468.3333506551961,4.669026509107118e-12
7122.4271139154835,468.38235448146673,3.3454341106725696e-12
7123.689685334746,468.5480184781852,-3.034500770227836e-12
7123.698514152131,468.549177024691,9.35539736999435e-13
7123.7018180714085,468.54961057623325,2.9578378425733013e-12
7123.834415625917,468.5670106449984,-6.107533395892739e-12
7123.994345988835,468.5879978831015,1.0899830162719213e-12
7124.075823537661,468.5986901472797,-1.7406728567501041e-12
7124.239349501969,468.62014995923244,-5.068766743676002e-13
7124.858849254963,468.70145251482404,8.857512934436751e-12
7125.950529410742,468.8447407807426,-9.310711179264791e-13
7126.010969007424,468.8526744095662,8.521783565991481e-12
7127.250950060625,469.0154558904499,-1.7458621435259575e-11
7127.8160383862105,469.08964860779975,-1.168602724446813e-11
7128.583259367349,469.1903895484516,-5.347521618292341e-13
7128.677516917591,469.20276690556705,-1.3134583403803456e-11
7128.693622138467,469.20488176652765,2.1024938888176677e-12
7131.55128670567,469.58021231567074,1.1013572352743703e-11
7132.739356494807,469.7362997032184,1.8051965329937208e-12
7134.915051022371,470.0222076197046,3.4142806588015445e-12
7134.994485383685,470.03264773531527,2.3408116119657622e-12
7135.288565714979,470.0712999378387,-1.8131149736578913e-11
7136.15289999234,470.18491221301304,-9.074793520751541e-13
7136.337006932905,470.2091138969901,-5.658758354700614e-12
7137.402615011974,470.34920512903176,6.606543233642759e-13
7137.612794029172,470.37683899346393,-1.3721156565455911e-11
7137.624313298817,470.3783535446484,-6.662708477023086e-13
7137.799646519918,470.40140662194733,5.993368639646589e-12
7137.839649133906,470.40666630552136,-6.557035977393711e-12
7138.674552317422,470.516449023497,1.0721760648834194e-11
7138.742412311174,470.52537260384526,-8.582604428806979e-12
7139.5737999863395,470.63470686081297,-1.4048233511626079e-11
7139.939446108607,470.6827963380121,1.7455970671895693e-14
7140.207776148166,470.71808845088697,-3.4472930970008387e-12
7142.245382020772,470.9861278724589,6.385701653871919e-12
7142.829790590799,471.06301874445677,4.637180326747739e-12
7142.963335894775,471.08059023721216,-1.7869276380995064e-12
7144.207547316433,471.24431565336914,-6.512949462348447e-12
7145.33985605065,471.39334061230426,1.116463967523226e-11
7145.963362085521,471.4754113193841,3.94610025064396e-12
7147.380765842471,471.6620076544563,7.251099392601658e-12
7147.758075227945,471.71168537569054,6.028231258528959e-12
7148.54575449185,471.8154021167166,1.0193906286336363e-11
7149.19114853006,471.90039213654524,1.850569340637114e-12
7149.264723710797,471.9100815203057,2.128209596757199e-11
7149.988147384953,472.00535713149344,-7.478027497378871e-12
7150.199062562554,472.03313668339473,-7.243659774426916e-12
7150.640919219875,472.0913360998234,3.2152283382661826e-12
7151.312419132447,472.1797900021084,-2.805351766107422e-12
7152.009880925806,472.27167254944067,1.259601853996972e-13
7152.327478072404,472.3135152798321,3.1898958777600525e-12
7153.192493412173,472.42748858351734,5.212492865466453e-12
7153.20181300317,472.42871659583744,-2.3588456557516785e-12
7154.657755855812,472.62058111858795,-1.780408210318947e-13
7154.965407446829,472.66112852148154,8.96115361849983e-12
7155.508463775388,472.73270569986414,-1.3165887234520235e-11
7157.258563357363,472.9634133752765,-1.7351591380620534e-13
7157.669927280564,473.0176498013849,1.4178817716195974e-12
7157.990223682026,473.05988155538574,3.0585568477528327e-13
7158.947410784132,473.18609994973707,1.51114901054511e-11
7159.333236004671,473.23698112846233,-2.4904556453562054e-12
7159.373327514317,473.2422684032146,2.376045981120811e-11
7159.678791924241,473.2825540710147,2.6472178780143973e-12
7159.920914696173,473.3144872529306,9.680033956604163e-13
7159.948539186686,473.31813067106606,1.2638608209398832e-12
7160.261504086733,473.35940886631465,-7.597904332256817e-14
7160.647151515946,473.41027593312907,1.2758003608560588e-12
7161.025755430905,473.46021662229066,2.2457976361556605e-12
7162.198680246003,473.61495094264586,-6.265658627651476e-12
7163.254499260474,473.754258131552,5.006202121928005e-13
7163.4081134669095,473.7745280543792,2.3618471301412214e-13
7164.634789947052,473.9364078292183,-1.755866909304594e-13
7165.684102516178,474.0749035675712,-3.016852013807077e-12
7165.8028033310375,474.0905718225895,1.151992986876329e-12
7166.599188718836,474.19569971156005,-9.039676681152246e-12
7167.141864469582,474.2673430228263,1.055813428462316e-11
7167.22825344947,474.2787484784644,-2.9947162901120533e-12
7168.151208222451,474.4006096344125,-2.102858254958941e-11
7169.231939974958,474.54332261707077,-1.0252580220065633e-11
7169.489533200554,474.57734153896934,7.64885928803842e-12
7169.542036631404,474.5842755285441,-5.0463940072118595e-12
7170.609061933175,474.72520574701093,2.544993040759131e-13
7172.647035885614,474.99443488565817,-6.362050517238537e-12
7173.000058497534,475.04107916061884,-1.7440052459938946e-11
7173.947020859428,475.1662110189164,1.7436641918809845e-12
7175.513182489392,475.3732002846579,-2.1031080738798686e-13
7176.071696773997,475.4470263680717,-2.4471402987839344e-12
7176.247342977347,475.47024499463635,1.688389640723832e-11
7177.2091836260615,475.59740054012093,6.2665251320220796e-12
7177.486342482941,475.6340441648378,1.3680330808657143e-13
7178.3428081897455,475.74728783587335,6.144730024645602e-14
7179.444657987368,475.8929965738208,9.507823806655725e-12
7179.573414553634,475.9100248156154,3.1139908198322313e-12
7179.848965898701,475.9464679049585,-9.611653134906914e-12
7180.802112920981,476.07253731071097,-4.395437680520014e-12
7181.587190628128,476.17638934782804,6.0023261207388644e-12
7181.71978818259,476.19393080376386,-4.1683856058841726e-13
7182.997093894649,476.36292337161944,-1.0155111258938241e-11
7183.526376176905,476.432958305492,2.667414767810828e-12
7183.540784990311,476.4348649600645,2.0295242239977177e-11
7183.655970296814,476.45010705989125,-1.232450243981673e-12
7183.923217395852,476.4854719472485,-3.573681021792144e-13
7184.338744092084,476.54046133046427,-1.3098916600852453e-12
7184.739972170756,476.59356150176126,7.816502467980088e-13
7186.978716653496,476.88990057363804,-3.382526102725729e-12
7188.34040195563,477.0701898618787,-8.286560974348183e-13
7189.068792158622,477.16664389883084,-3.6138675429535683e-12
7190.230722275233,477.320527881776,8.381110310356598e-13
7190.318227993305,477.33211799230776,-3.2101758900044787e-12
7190.380195008722,477.3403255933528,-1.5233410403950894e-13
7190.691742685787,477.3815915061618,4.614608778946039e-12
7191.02497557975,477.4257317039481,-1.0212002553686634e-11
7191.5582090460175,477.4963683342069,6.8503316306935295e-12
7192.676900224845,477.6445766822422,1.385463222706975e-11
7194.215158179572,477.84840843304556,2.5750365989501607e-12
7194.488556141274,477.88464045929453,-1.9312457771103618e-11
7194.708211240536,477.91375121778617,-1.9324877975137006e-12
7195.37986764407,478.0027709517073,-2.774975843822478e-13
7195.754934750432,478.0524850651718,-2.9234922694820635e-13
7197.494631800535,478.2831110100615,-1.7610960248793222e-11
7198.035099069916,478.35477033772185,-1.2428554702800117e-11
7198.2765069815505,478.3867798028646,9.636784858896586e-14
7198.637901434924,478.4347008815769,1.3449230094420894e-12
7200.128220609809,478.6323433397756,7.974919392793347e-13
7201.433954568139,478.8055401872484,-1.14555495625585e-11
7201.67441473028,478.83743903854065,7.563511698556943e-15
7205.531879371229,479.34930636516015,1.9847980104236966e-11
7205.573388103783,479.35481586840535,2.827202289401989e-13
7206.14770712443,479.43104916991064,-1.2182220250777713e-12
7206.177273409215,479.43497387006255,1.1200433486805305e-12
7206.844454057314,479.52354132443185,5.280626938500336e-12
7208.065495443193,479.6856543823269,-4.747424736948237e-13
7208.403694866122,479.73056070063393,4.3181593654389225e-13
7209.403875518891,479.8633776051826,5.9078969173324765e-12
7210.230529553939,479.97316531339976,-4.143322630487725e-12
7210.295009230286,479.98172937173564,3.66145774964293e-12
7210.749320409008,480.0420722213071,1.3542370514822245e-11
7212.076439099415,480.2183655193481,3.7259308706889444e-12
7213.734569704905,480.43867574422484,4.501273726537805e-12
7214.241887585628,480.5060914793487,9.59274005708856e-12
7214.432467173693,480.5314181729121,8.018260890120405e-13
7214.488363419466,480.53884651970054,-2.9380633944014576e-13
7214.606328073874,480.5545236534392,4.613619803895403e-12
7214.656052156787,480.56113190538696,-1.145538037367225e-11
7214.898174928638,480.5933102895167,-1.5378780596547778e-11
7217.57157606272,480.94868004536363,-1.720099910933216e-12
7218.226881858488,481.0358085979031,1.0214452825334062e-11
7218.291226343863,481.0443641782015,-2.1870317396583933e-13
7218.295824792661,481.0449756149951,-1.494912143583864e-11
7218.905547978437,481.1260514451656,-1.8005916482191893e-11
7220.7677530335695,481.3737141140328,1.1151466368107486e-11
7221.35125645419,481.4513298903705,-4.615138164690656e-12
7223.387445102874,481.7222263829848,7.641455832624817e-13
7223.56013416693,481.74520461512805,3.1877894943551493e-12
7223.840863629992,481.78256001607144,-2.0621720227608183e-12
7224.261513346274,481.8385366901389,-1.557592785793118e-11
7224.485153427276,481.86829823682734,-5.52084147477764e-12
7225.208721094686,481.9645953967245,5.019844543749046e-12
7225.586956929287,482.01493735584853,8.47177823537179e-12
7225.692543460224,482.0289910501378,-1.1397021447122695e-13
7226.777907458893,482.173466209486,-4.930200425834773e-12
7227.750463621049,482.3029437066602,-7.534889258570866e-12
7229.796115854226,482.57534055883247,2.3176371872711034e-12
7230.76376058528,482.7042179464631,1.6719152522621773e-12
7231.003696176024,482.7361768394497,1.5222069561448888e-12
7231.233576015358,482.7667973231912,-5.359550109326222e-12
7232.646457720879,482.955017550176,2.0293443660660744e-13
7232.859953154794,482.98346202457464,-8.03100874712091e-12
7233.135504499772,483.0201755880289,2.455591152425477e-13
7233.143461965762,483.0212358356506,1.1965858532557836e-11
7233.157257312144,483.0230739214435,1.9232404800037844e-12
7233.193465233218,483.02789826535786,7.328329839423303e-12
7233.57401094229,483.0786036417013,-1.3154349363367708e-12
7233.864385476181,483.11729605761724,-5.782639210028914e-12
7234.913072080285,483.2570465147818,-5.076833492226819e-13
7235.2639413087345,483.30380870086316,-1.5413630066961716e-12
7236.399363672715,483.4551479496462,1.685023538873641e-11
7237.60304790835,483.6156116834059,-9.698548298252951e-12
7238.211599257945,483.6967481187703,-6.571678193470124e-13
7238.439736394494,483.72716675792105,-1.0190296740932206e-12
7239.054515004862,483.809142966861,-4.240596904407817e-13
7240.399223734321,483.9884742607328,-1.7191246732103287e-11
7242.451898181411,484.26228458674655,-5.638703687903492e-13
7242.529758828609,484.2726721011494,-1.2348195153052733e-11
7242.55550912032,484.2761075136324,8.60394372523352e-12
7243.879691971413,484.45278660918706,-4.3086706696473684e-12
7244.005859478595,484.46962219407726,-7.54063520756272e-12
7244.337184375916,484.51383504016565,9.733629214462793e-13
7245.043073108308,484.608037390776,-1.809160159015299e-14
7245.881335308479,484.7199171837117,2.270722582967639e-12
7246.537131877749,484.8074529798798,-2.749808233152237e-12
7248.077399221742,485.0130791838158,-7.940808462190731e-13
7248.629517256615,485.08679776573086,1.751922363259887e-11
7249.430991866424,485.19382033105194,-1.5368379352991056e-13
7250.564806718503,485.3452411874208,1.829175820838677e-12
7251.281009086648,485.4409021432796,2.1069760642139802e-14
7252.163559367252,485.5587946757153,2.5733221220801855e-12
7252.399209491463,485.59027563769416,8.916181742929953e-12
7252.426711288559,485.5939497233298,1.1849458955970287e-11
7252.646802063441,485.6233531166704,-3.819084070146284e-12
7253.475152505745,485.73402597149953,-3.862201450252299e-12
7254.462709647981,485.8659863647524,-1.2112412020427838e-11
7254.996400089921,485.93730718476974,1.1072639758882746e-12
7255.236860251986,485.96944328768404,1.1241239973103138e-11
7256.261204984557,486.106352939768,-2.663519886303261e-11
7257.4576128165645,486.2662843005264,6.299969034949276e-13
7258.59205363317,486.417956494613,8.516861171204257e-12
7258.915374769166,486.4611881467677,1.8742671712065275e-13
7259.959999993243,486.60087938461385,2.9363645819656246e-12
7260.256077216511,486.64047560732934,1.5381405460675556e-11
7262.852531654429,486.9877845543334,5.469289553599934e-12
7262.875523898392,486.9908606153667,5.274500307365126e-13
7263.133831984086,487.02541952252164,1.3105291400362004e-11
7264.746346181354,487.24118476034675,2.584561170029272e-13
7264.81992136204,487.25103075662776,2.056718241053375e-11
7264.992331241506,487.27410342536774,-4.875090750130482e-14
7265.294635725543,487.31456049850584,4.1836207531809965e-12
7265.83966764576,487.3875057682462,6.702201937751521e-13
7266.049355889182,487.41557120688213,-1.4303069321745533e-12
7266.393985359225,487.4616994305259,-1.4365684147844532e-11
7266.937587558953,487.53446435240846,1.188508904295869e-11
7267.198975477286,487.56945487482375,7.736947614847613e-13
7268.849795881004,487.7904699408779,7.932693722596314e-12
7269.69367187482,487.9034691000081,2.059334753670742e-12
7270.767761990378,488.0473140398133,3.245451504149133e-13
7271.695315211582,488.17155147808216,9.749830258548939e-13
7272.8729273703575,488.3293049022707,-1.4381005828081108e-12
7273.635951779981,488.4315336140053,-1.6016670122333547e-11
7274.016598882188,488.48253607448373,-6.722202754808779e-13
7277.713875274342,488.97806868462703,-7.413171909082791e-12
7277.948252169179,489.0094898611226,-1.9286413138259407e-12
7278.524144903645,489.08669983769136,-7.999549540806186e-13
7279.368244984041,489.1998794303295,-4.182212707489475e-12
7280.004531019818,489.2852033381669,4.095853334978868e-13
7280.089625470134,489.2966147952349,7.79191129993211e-13
7280.341067832878,489.330334856149,-1.0304674487630262e-11
7280.571438445761,489.36123008026965,-1.1472650718100342e-11
7281.570692648796,489.49525233784857,-1.102274965884925e-11
7282.208641294296,489.58082508801346,2.5060706879494055e-12
7282.308647829177,489.5942403807882,1.1419726789153153e-11
7283.244002025159,489.7197216047552,-2.0620785537768285e-11
7283.785696228304,489.79239925435377,5.951133759121428e-12
7284.977505611324,489.9523201320665,2.4341617248939387e-12
7285.295102757672,489.9949407703178,1.5001754349657712e-11
7285.668617449945,490.0450677625486,7.614631155220372e-12
7285.74147777038,490.0548461746904,-7.102480325654122e-12
7289.122464043025,490.5087079386896,-5.264426778821775e-12
7290.587827878698,490.70548299420255,1.0256010642464867e-11
7290.73180951174,490.72481957157845,2.18722428502499e-12
7294.624488026931,491.2477468060856,-2.98865077385324e-12
7294.875651205106,491.28149667282935,-1.3200663976751733e-12
7295.847771691181,491.41213559860057,4.388485934915177e-12
7296.9693436104635,491.5628802622492,1.161004394697831e-13
7297.123068012616,491.58354336734885,7.651136568459227e-14
7297.134887766976,491.5851321560744,7.564748369704792e-12
7297.244894955336,491.59991923491293,1.839908805920756e-13
7297.3843670352435,491.61866728153524,3.042479934506908e-13
7297.450720910347,491.6275867949524,-4.695093844702738e-12
7299.456907597658,491.89730352385845,-1.018605648902268e-11
7300.039429470781,491.9756331025872,1.2982874014119687e-12
7300.540173310435,492.0429712852824,5.298990693597365e-12
7300.729703755695,492.06845984474114,-1.457651136602029e-12
7301.026149059103,492.1083279261877,-1.100245449156581e-12
7301.370588240189,492.1546526001928,-1.388622825899391e-11
7302.590022113581,492.3186755385078,2.3674713868039707e-13
7302.883175995273,492.35811100306364,-4.542050620426113e-12
7304.412905616354,492.56391802508256,2.808048644010899e-13
7304.751485616865,492.60947578455824,-5.407535103442697e-12
7306.491284059071,492.84360832336455,1.1457664629077139e-12
7307.418435402131,492.96840204364736,9.051688201022854e-13
7307.450624543674,492.9727349569899,-1.7784921330330496e-11
7307.589918832246,492.99148529124255,-8.285149039161956e-12
7308.170431315586,493.0696316337848,1.9630257349276992e-11
7308.430089028646,493.1045877589209,-3.3263303173244385e-13
7309.039321440487,493.18660985696755,1.3506975771111972e-11
7309.074412623352,493.1913344567363,-8.332701941984336e-12
7310.020727719725,493.3187527961634,5.4672110073107505e-12
7310.300966409031,493.35648921658344,5.937563895841477e-13
7310.532174575517,493.3876243671679,-1.3563001746537185e-11
7311.276513507696,493.48786585693045,-1.2623472611042614e-11
7311.504015876953,493.5185060548072,-3.785941526822685e-13
7312.637830728622,493.67122334604176,-1.1179125615664506e-12
7312.640419787656,493.671572102108,5.641574111835867e-14
7313.803255052551,493.8282229020957,6.080364200878757e-12
7314.492133414668,493.92103657196884,3.424113653955967e-13
7314.922872679878,493.97907519537074,-5.827917678372233e-12
7315.391381082645,494.04220678417636,9.016174690530429e-12
7315.465370638826,494.0521772594434,-7.577070564645924e-12
7315.716935694923,494.0860777058091,1.823934672581179e-11
7316.69529593922,494.2179308239315,-1.2953431233574796e-12
7316.935633407796,494.2503236814066,1.1099821794936497e-12
7318.081356909446,494.4047597482835,8.079985394090887e-12
7318.313390132006,494.4360392600556,2.024011485599174e-11
7319.372737151402,494.5788583822498,-8.002282499191026e-12
7320.493471516886,494.7299761316094,1.3313104350086065e-12
7320.987294535645,494.79656965772836,-5.070128721130813e-12
7321.359937876454,494.84682471200455,1.1175432475426667e-12
7321.505036247665,494.8663935156265,-1.6704957216781484e-12
7321.580900002633,494.87662509378123,4.5321330575883656e-13
7322.1078386122335,494.94769507329875,-7.982020977846856e-12
7322.5702424476085,495.01006524464265,-3.947719499272308e-12
7322.6300222818945,495.0181287838438,2.7990958874443484e-12
7323.182542194481,495.09265980751627,5.523469957753847e-13
7323.191125625048,495.0938176958769,7.02375009443986e-12
7323.955321870564,495.1969117464728,1.6085617130672281e-12
7324.898366845323,495.32414825011506,-2.5722039965465923e-13
7324.930767575926,495.3285200778674,-4.016214277732963e-13
7325.294717290321,495.3776291096715,-9.453125137723752e-13
7325.736138271492,495.4371948898958,-2.1041523082556517e-12
7325.972579653943,495.4691019981728,-1.5632286149632271e-12
7326.210450756877,495.5012030824192,-2.7452327563705872e-12
7327.912691650379,495.73095362000004,2.935903270126846e-12
7328.801346497964,495.8509160926761,6.426066231397165e-12
7329.172183235447,495.90098087874526,8.191054334070145e-12
7329.893195641124,495.9983283554849,-1.322526088183983e-13
7330.4849820072095,496.0782355363375,-1.8423141914863605e-13
7331.020491549787,496.15054938251143,-1.8425680339455112e-11
7331.931626567517,496.27359887721894,2.9674117152745055e-12
7333.453009341968,496.4790968929248,3.79436625298469e-12
7333.626891542206,496.50258643037466,-6.331106849869985e-12
7334.30326908739,496.5939627568847,-2.1920302670341113e-13
7334.366488031915,496.6025038538432,9.053526289600526e-12
7336.816773654634,496.9336025982422,1.1762784335485405e-12
7336.9738695715105,496.9548342066665,-1.0154361340943433e-11
7338.151168747551,497.11396137347,-2.8466461764435824e-12
7338.308108173282,497.135175689439,2.0821309161907507e-11
7338.499504014675,497.161048271836,-1.6772006146793826e-11
7340.576274945184,497.44182621523413,3.693829852484632e-12
7340.5946687403475,497.4443133981236,6.396990790523065e-12
7341.859774119085,497.61539410821996,2.250924318308405e-12
7343.883461949482,497.8891195282337,6.077908915288431e-14
7344.071240889307,497.9145224626685,1.9539237532890466e-12
7344.731513213594,498.00384996130896,1.5975873441676674e-12
7346.291735568375,498.21496259425714,-1.4549670566011189e-11
7346.551393281379,498.2501010563223,-5.319664264475258e-13
7347.623676793155,498.3952221416996,-5.09017343941483e-12
7347.865084704576,498.427896811971,7.542299339760024e-13
7349.001433517122,498.5817165588206,-2.1107224076760886e-12
7349.282488459835,498.61976470833935,2.4981258779167204e-12
7349.675903065715,498.67302612577316,-4.506427061778823e-14
7349.73590698662,498.6811498517734,-2.458358470341038e-13
7351.958355957456,498.98208635127503,1.0598909136459079e-11
7352.0549233820575,498.995164377848,-1.0066756189864663e-11
7353.696703378533,499.21753523320075,2.354681736376283e-12
7354.229200683875,499.2896699826617,1.0989724018696597e-12
7354.26111064086,499.29399283098434,4.390176962957471e-12
7354.266479047812,499.2947200920023,1.1305145746527338e-12
7354.3662952937675,499.3082423499894,-9.076364353227988e-12
7355.5679826363885,499.47105115893504,-3.750135631287666e-12
7356.409324668669,499.5850549549983,-1.3874143899482532e-13
7356.653211443271,499.6181046161475,-3.803955558078764e-12
7356.901273488534,499.651721201858,-3.3508767518009997e-12
7357.517960095015,499.7352975367331,1.2321835983230102e-13
7359.5716498856855,500.0136739650768,4.884837291799699e-13
7360.4771924096885,500.1364443960866,2.137420994838753e-12
7361.1293720769645,500.2248740941008,8.306627215319795e-12
7361.276602531301,500.244838303741,3.1286586341088743e-12
7362.153716808909,500.36378184538455,1.8255233042789166e-11
7362.937233298724,500.47004478036706,9.643071306473874e-14
7363.1476915001895,500.4985897007106,1.163016923355326e-11
7364.192126434753,500.6402608371398,-9.50157147767136e-12
7364.906095326045,500.7371178626405,8.628989433685515e-12
7365.269063493132,500.7863617273549,-7.506593291954764e-13
7365.3098360652275,500.7918934908492,8.136950193288106e-14
7365.892848711745,500.8709962915663,-1.5709039296321855e-11
7366.119703816174,500.9017775460865,1.799075443918806e-13
7366.306175728893,500.92708004240865,8.861953525777924e-13
7366.430380141534,500.943933776147,-1.0598460704665952e-11
7366.841173197568,500.9996777553959,7.010246636065541e-12
7366.88255923668,501.00529394894255,2.8092129939760693e-12
7367.9419062557845,501.1490608446778,-1.0415485159665455e-11
7368.152275561583,501.177613101567,1.2015061409306666e-11
7368.949329513371,501.2858002009815,1.0834168068506743e-14
7369.290777757341,501.3321498223885,3.042901988091662e-12
7369.351272451852,501.3403618507287,2.7792068130510877e-12
7370.678480036703,501.52054446969913,1.1349959886264942e-12
7371.443759222465,501.62445404970777,-1.7385644873760875e-12
7372.1962459092565,501.7266371837885,-9.087987683156797e-13
7372.203623705965,501.72763909552674,2.262633490848618e-11
7373.314256024407,501.87847544636054,-1.679314398624973e-12
7374.29249357498,502.0113499202919,6.173547687063046e-13
7374.812020589972,502.08192468982134,7.047510904877204e-12
7375.325265246271,502.15165091897757,-8.430699739809394e-12
7375.6987799383505,502.20239735425315,-2.4972164640957465e-11
7377.216444417638,502.4086166486252,2.3482886787481774e-12
7377.549956495782,502.4539397462923,3.0826325973113714e-12
7377.693938128755,502.47350696806825,-9.962683898914731e-12
7377.973419357355,502.51148978584484,-8.430790124884644e-13
7378.217852003463,502.54471051536575,1.629663699929015e-12
7381.291499666004,502.9625425008904,1.11038729507087e-12
7381.95806684641,503.05317867562655,1.4037373110547658e-11
7382.39861647605,503.11308670706376,-2.969900231659695e-12
7383.162588634682,503.21698374593785,-1.0295323923222826e-11
7383.894248958377,503.3164965883619,-3.811839328567034e-12
7384.609457281186,503.4137813313764,7.384187967375885e-14
7384.898816469858,503.4531434979177,-3.498596372162325e-12
7386.0845976829205,503.61446403373674,-9.732330588549067e-13
7386.633335399986,503.6891262535092,-1.1145070414343296e-13
7386.854407721924,503.71920731025364,-3.0409392211869906e-11
7387.2368401270105,503.7712465737886,-8.418909652957635e-13
7387.376815478021,503.79029431046195,7.908989373885665e-13
7387.644989026044,503.82678816598656,-1.1216163882431245e-14
7387.928933512455,503.8654296217148,1.4816812037631243e-11
7389.18525636879,504.0364179909527,-1.7766265924008332e-13
7389.488364608517,504.07767605830946,3.760040249718449e-12
7389.76966493797,504.11596722088245,-2.3042272568167536e-12
7390.778293829288,504.2532757829012,2.4868282303045835e-13
7390.779275376513,504.25340941385844,-1.0544757423107957e-11
7391.0938477879445,504.29623721543163,1.7335885697756408e-12
7392.040475866167,504.4251279162629,9.799475185503019e-12
7392.219950559926,504.44956663904696,-1.1059556613426267e-12
7392.2776321087695,504.45742115025985,-9.186074293712813e-12
7392.799659287081,504.5285085114967,2.297585783721653e-13
7393.9599943880785,504.68653581298076,-6.145824311179995e-12
7394.4927583802855,504.75910182940925,-4.493142632193918e-12
7394.892023364015,504.8134878160638,-3.5324156885075084e-12
7395.325072503515,504.87247904025185,1.878561328589394e-11
7396.126636008308,504.9816794871053,-1.108718826053562e-11
7396.196014618102,504.99113179031315,2.748950714792868e-12
7396.377007928001,505.0157911573081,-2.1045285540640783e-13
7398.385783673217,505.28951658455037,-8.902530737777389e-12
7399.936821627513,505.5009193168177,-4.28182814939452e-12
7401.383466187254,505.6981334225785,1.3685872090186803e-12
7403.002029852703,505.9188301290914,-3.557602715744945e-13
7404.609801606316,506.138103097394,-9.910742709086064e-12
7406.1670330235875,506.3505286101475,-8.832019884629789e-13
7407.199859792614,506.4914435193057,4.090351115797487e-12
7407.5281048569805,506.53623212737637,3.59760355657397e-12
7408.049429672569,506.6073702932789,-4.1969592725111826e-13
7409.471787458785,506.8014857384785,-7.923928576923486e-12
7410.0869003510215,506.88544445300033,3.592979778244307e-13
7411.329394063093,507.0550576285498,5.5648285544596395e-12
7411.717317568484,507.1080190036586,3.840940047492641e-12
7412.335869570952,507.19247273876863,-1.0942300255210367e-11
7413.649527195924,507.3718558032629,-7.762129360733422e-13
7413.85711715375,507.40020561296313,-7.619912830736697e-12
7414.481003765417,507.4854123287969,-2.6828030463936502e-11
7414.7019533939165,507.5155900317322,-1.849957267726751e-12
7415.187104086188,507.5818559525979,-8.988043663579588e-12
7415.961846856324,507.68768576072443,5.348257981632504e-12
7416.557774695041,507.76909698494313,-3.946549101192614e-12
7418.057536152441,507.97401217687525,-1.1874806095701256e-11
7418.094425135977,507.9790529092653,-3.618381364770256e-12
7418.356984890202,508.0149313760486,6.445592610272117e-12
7419.52807810511,508.17497528399514,6.417514423459712e-12
7419.845675251215,508.2183830909137,-5.5682831905911824e-12
7421.283892871382,508.41497572505915,7.630740133230132e-12
7422.730761517581,508.61278933109935,1.1809215999406385e-13
7422.770273357891,508.6181918686922,5.133446013645853e-13
7423.046662256214,508.6559839121882,8.457641070547497e-12
7423.1910119693575,508.6757221334996,7.178026197361445e-12
7423.252978984692,508.68419555290313,-8.820995416788593e-13
7425.43024722263,508.9819618631905,-1.8797176920208747e-12
7425.461856694878,508.9862854627882,1.0982401200269385e-12
7427.25244966164,509.23123599181855,-7.659396042514664e-13
7427.429948763351,509.25552082979635,-6.262010519347465e-12
7427.586799293342,509.276981081741,5.027167549403168e-12
7428.886729167321,509.45485461747654,3.3502864016733704e-12
7430.212519528814,509.6362987885195,1.7421107038607792e-14
7430.458157808705,509.66991975065764,-2.207639215463914e-11
7431.005744989702,509.74487301359903,2.0704328683377695e-12
7431.679846457774,509.837151028579,3.698056640568345e-13
7432.150398047732,509.9015699815784,3.7866926899225736e-13
7434.465721142444,510.21859928842224,1.7260336598955788e-12
7434.761675672018,510.2591304522545,-2.7667978417330074e-12
7435.215094198587,510.32122954158723,4.562935966153405e-13
7435.477285872577,510.3571403983077,-8.413849570489303e-12
7435.882219747892,510.41260430574135,-3.4266665338528727e-13
7436.679586681672,510.5218287099113,-2.2805328279768548e-12
7436.913003329252,510.5538046549394,-1.361546814141109e-11
7437.68401900189,510.65943388032696,-1.6628454254935598e-12
7437.95114340713,510.69603250509346,6.232807289276128e-13
7438.068862674579,510.7121615995271,3.711774780858013e-14
7438.132437201714,510.7208722555693,1.254868394640849e-13
7438.313083731542,510.7456239240477,-1.8858946454997336e-12
7440.336492376304,511.0229066382351,-6.711842468999461e-13
7441.085463554472,511.1255628459429,-1.9155633795094025e-12
7441.120745026196,511.13039888378745,4.063098755495512e-12
7441.171327962867,511.1373323362609,3.225118798998044e-13
7441.713267552336,511.2116194820009,7.26546341322778e-13
7442.058823471341,511.2589898793465,-6.3149803531305575e-12
7442.906193672489,511.3751606006081,9.005570094980584e-12
7444.457231626405,511.5878353332474,2.9641797455261075e-12
7445.069230888137,511.6717634473018,1.0361334413023241e-11
7447.299671121516,511.9776990753466,9.964561347233894e-12
7447.429756014842,511.99554484009263,2.128093298199656e-12
7448.332988663922,512.1194638840095,-8.709612632793043e-12
7449.476034210043,512.2763056120087,1.2282330967415406e-11
7449.889361226999,512.3330257455592,1.0008004247038215e-11
7449.951251844227,512.3415191560957,7.183563147006705e-13
7451.5046334703065,512.5547168709056,-5.91679759787809e-12
7452.4185353377825,512.6801683678437,-9.022140320486256e-14
7452.529067097402,512.6953421280842,-1.4181759946240949e-12
7452.744614521166,512.7249330483143,2.3027094467542303e-13
7453.399886518316,512.8148957762235,-4.388343635244446e-12
7454.125061696584,512.9144647784774,-1.8371185271485103e-11
7454.4978402280885,512.9656523001587,-3.786293558642984e-12
7454.548524557979,512.9726121401364,-1.3157271100865394e-12
7454.846175494986,513.0134857453752,-2.2369270170248486e-11
7456.907721357305,513.2966232553085,-1.8970935164329795e-11
7458.172247065954,513.4703348989285,8.300001074822316e-12
7458.550482900055,513.5222999990983,1.2040745150592756e-11
7459.400945431334,513.6391530493846,-1.2980892725110953e-12
7459.7528851022225,513.6875132501964,-1.120850368790568e-11
7459.824306899489,513.6973276324823,-8.73007638011528e-12
7461.064287950292,513.8677338419986,-6.354318537893597e-13
7461.184562479014,513.8842642518725,-4.4006624310315775e-13
7462.228997413012,514.027821539436,4.415387213009856e-13
7462.263965902444,514.0326282961065,2.160494418542312e-13
7462.577332679898,514.0757045921832,-1.3697088627591775e-13
7463.9178448368175,514.2599956580791,-1.4187453933864566e-11
7464.443768101031,514.3323076306783,-2.5053338786821945e-13
7465.035554466675,514.4136815617543,4.514949557082458e-12
7465.0728328305895,514.4188077610216,3.6373710063224533e-12
7466.562906616406,514.6237308251804,1.728399147810554e-11
7467.075347516539,514.6942139406524,3.8537209366645625e-12
7467.622253634928,514.7694428724919,6.051669508834982e-12
7467.927718044311,514.8114630145018,-3.9610314055564405e-12
7469.605223989764,515.0422538844281,5.071024144160692e-13
7470.870028882872,515.2162997173144,3.4340124571124976e-12
7471.067863573962,515.2435257935407,2.677721343968301e-11
7471.231042757911,515.2659831098867,2.509664208615142e-12
7471.643790105545,515.3227890994657,2.091663291553428e-12
7472.177213859847,515.3962083063468,9.429182947152019e-12
7472.281683652444,515.4105878997938,-4.590183143816769e-13
7475.622366822925,515.8705174045531,1.0984432497884919e-11
7475.918321352433,515.9112729413989,-2.31588734410886e-13
7477.598450154585,516.1426720060261,5.308988399569957e-12
7478.429837828131,516.2571957504617,2.8191478340028212e-11
7478.54829325597,516.2735140351052,-7.998880611704843e-12
7479.052607701387,516.3429907106557,2.9055373370901188e-11
7482.203815524597,516.7772216783559,-2.711142999313383e-12
7482.40720891151,516.805255218241,1.6399003822884313e-11
7482.643527600351,516.8378277819356,-8.708507222226705e-13
7483.774964980977,516.9937916823966,-2.437673791369395e-11
7484.162131025618,517.0471663140659,1.3291812157649728e-12
7484.746539594495,517.1277379893542,-3.8022079282026396e-12
7485.522263911564,517.2346958442462,2.229099512195946e-11
7485.755168485288,517.266811186566,1.2737783894871611e-13
7486.266268560549,517.33729056498,-7.976102699582394e-14
7487.196825215178,517.4656242768309,5.168296949542072e-12
7487.396969780733,517.493228436629,-3.671305698573889e-12
7487.46697435507,517.5028837191145,-3.7828078553979804e-12
7487.5093757391205,517.5087319142891,-5.476714620746448e-12
7487.82234063858,517.5518985063624,-3.4003495941436335e-12
7488.728162346496,517.6768467626316,1.4604015199380023e-11
7489.362785771806,517.7643951684086,-1.9226654609645972e-11
7492.500287144147,518.1973328907162,2.316839117171845e-12
7492.746919468742,518.2313728935919,2.0841869353308555e-11
7494.404157420034,518.4601326552864,2.536153515044115e-12
7494.472275298013,518.4695365091086,1.4056341412335675e-13
7496.006615863818,518.6813789415776,2.1579639934417475e-12
7496.671787121066,518.773230891426,-8.924409532397436e-12
7496.794295126149,518.7901486253193,-1.3917585888049073e-11
7496.868394878095,518.8003815592605,7.008751647922982e-13
7498.871066054849,519.0769822202765,3.9998052387654185e-14
7499.0366102111775,519.0998498004685,1.4458545300814447e-12
7499.070753644518,519.1045662949242,-2.4351446269590595e-14
7499.305866699487,519.1370448484745,-7.037782631130023e-13
7499.680933805202,519.1888587839707,7.128021722019086e-12
7500.679160164487,519.3267721627358,3.303055595602734e-12
7501.961098120757,519.5039096101846,2.267975402329596e-12
7503.852277290817,519.7652869278149,1.6143973453022147e-12
7504.658841121878,519.8767810658306,1.2221907213531663e-12
7505.659702835473,520.0151503407398,3.077799828250448e-12
7505.997902257834,520.0619106302878,-1.0858591736250054e-12
7506.2519799746,520.0970414305401,-2.239096103130306e-12
7507.007246008755,520.2014775238163,3.506533489367166e-12
7508.8956921261515,520.4626526000314,-4.6045939631036594e-12
7510.139345176107,520.6346876546761,-2.6704546201938935e-13
7510.354435623932,520.6644440975367,3.735488666660883e-12
7510.941043871369,520.7456020784243,4.6533172227884e-12
7512.6810876984,520.9863765946938,1.41138882392351e-12
7513.09237152772,521.0432951870712,3.022512961392077e-12
7513.143792018017,521.0504116157898,-4.877475643619679e-13
7513.264781406949,521.0671563460768,-7.567103521993133e-12
7513.789063361476,521.1397192128762,9.738672248668223e-14
7514.221008260069,521.1995060400815,4.20764395001824e-12
7514.3743094839065,521.2207257621895,-5.546605664814634e-12
7514.852116176956,521.286865814866,1.948764139767325e-12
7516.94918889713,521.5772013522994,-7.82991245939216e-12
7517.6605687287965,521.6757088729264,1.1415923603329237e-11
7517.707145383498,521.6821588478582,1.7218625170488951e-12
7518.361960404549,521.7728424215005,2.0964419930537547e-11
7519.030558274393,521.8654428944509,-2.7328632781433563e-11
7519.367776149502,521.9121505266469,-5.575281918001416e-12
7519.571393623003,521.9403543461793,-6.647602922652473e-13
7520.443228388569,522.0611240834749,1.0591170895539231e-11
7520.453140146383,522.0624971768788,-1.711094967199279e-11
7520.575825942777,522.0794932078594,8.36491302738588e-13
7520.913043817883,522.1262104389224,3.410141540929966e-12
7521.069615163247,522.147902111831,-4.2725313473280816e-12
7522.277229280813,522.3152222946264,2.5891313941630936e-12
7523.406758664671,522.4717478124286,-5.755054626539333e-13
7525.71281726519,522.7913848612459,1.970004909349673e-12
7526.30642273151,522.8736788923454,-1.7609659263376579e-13
7526.860203375252,522.9504576924631,6.864632500389117e-14
7527.014955619744,522.9719142945266,1.3463663139236537e-12
7527.295765175374,523.0108500349514,1.5338911829110103e-12
7527.580390724068,523.0503163654248,8.68629982678274e-12
7528.0300145575275,523.112664486781,5.646708028295246e-12
7528.680844596771,523.2029199252235,-6.250085237952209e-13
7528.811297570253,523.2210117472933,7.256038963765857e-12
7529.724653565815,523.3476889644211,-1.301558144639034e-13
7530.257150870647,523.4215503654367,-1.7877901293311646e-12
7530.3169307048665,523.4298426063871,-3.4995858836903354e-12
7530.4616609956975,523.4499188537865,8.175707012465262e-13
7531.095903843095,523.5379023355409,-1.2601055634900205e-13
7532.638214372142,523.7518857657286,-1.140748242972148e-12
7533.008023266683,523.8032003480026,-3.922747748719175e-12
7533.070705142221,523.8118983178001,5.147421576930174e-14
7533.134224571404,523.8207125834834,1.2652721245734141e-11
7533.83721126134,523.9182674069351,-2.8644953380838395e-14
7534.024990200968,523.9443273943821,3.887450317324032e-12
7534.093476159146,523.953832046862,-2.3252452465070576e-13
7534.334114112163,523.987229068667,-1.973603391337171e-11
7535.2105047260875,524.1088682606015,7.158329213489524e-14
7535.968761697107,524.2141224345912,-1.4408133605849245e-13
7536.268210434679,524.2556920379066,3.1190431180557042e-12
7537.577426101133,524.4374573209889,8.374716160051323e-12
7537.616891646111,524.4429370199874,-5.163938522160302e-13
7538.155404622623,524.517711159202,-3.0184758750315935e-15
7538.17853205752,524.520922592422,-1.4743042216767236e-12
7538.839071068092,524.6126479880228,-1.2875597217889372e-12
7540.325362658002,524.8190704613868,-5.131883822104117e-12
7541.474356279782,524.9786754520475,1.4058465926349155e-12
7541.542296366422,524.9881136696705,-4.570438502722708e-13
7542.7422748027875,525.1548283480065,-3.83688892932305e-12
7543.350703457944,525.2393683239427,2.0577243455401885e-11
7543.410170309871,525.2476314929427,2.9429767540137855e-12
7544.639795124,525.4185076279837,4.514662724590622e-12
7545.301797652772,525.5105150552911,-1.4352398438370052e-12
7547.896153801171,525.8711655589103,-1.4209189333027474e-12
7548.038705713525,525.8909857912428,1.8366859160827337e-13
7549.457035916545,526.0882089666924,-6.207433171475241e-13
7549.525399181315,526.0977160249396,-1.7536208740660255e-12
7549.720945298018,526.1249104665992,3.6014835237474972e-12
7550.265262357134,526.2006119127631,5.821502278678962e-12
7551.65626855441,526.3940923028266,-2.1103629299934486e-12
7551.691359737229,526.3989737310268,-2.5583211464296637e-12
7552.073703246316,526.4521618489997,-4.9125120625984325e-12
7552.590607404038,526.5240730899526,-2.7843478679381535e-12
7553.146811812974,526.6014572438197,-9.161423390045222e-12
7553.245913198579,526.6152457169678,1.661439589180298e-12
7554.008011157716,526.7212862757469,-9.706476120267222e-13
7555.661598409172,526.9514080763335,1.015351988071383e-11
7555.875584616317,526.9811911904246,6.421317001777895e-13
7555.979195555046,526.9956123127272,1.6731808047564634e-12
7557.356952277454,527.187394629504,-1.0042969886529143e-11
7557.524205338761,527.2106784634022,-7.248772448890938e-13
7558.637126230394,527.3656248645029,-1.5782173231968182e-13
7558.95472337626,527.4098465087914,-4.270058990027246e-13
7559.550025249944,527.492740255585,1.09329561520972e-13
7559.722947202919,527.5168202687456,-1.2340694403947792e-12
7560.633312261355,527.6436010093103,-1.376280059987151e-12
7560.7458071153615,527.6592685105777,-1.6720333135274431e-13
7562.684501886397,527.9293130677332,2.7836280328730092e-11
7562.841373716454,527.9511670771537,4.75340301754627e-13
7563.117551025504,527.9896427825261,3.125682449701891e-11
7563.178324904502,527.9981096980736,1.0778561549376852e-12
7564.297172572144,528.1539978466265,-1.8980034282782868e-13
7565.226511094974,528.2834993694612,-1.4440678162932747e-11
7566.260420803569,528.4275913798023,-3.251746607719178e-12
7566.401902273024,528.4473106384293,-5.2503009871424844e-12
7567.763799161328,528.6371465588447,-1.8841576725369277e-12
7568.988791728774,528.8079284609114,-1.1687119871006966e-11
7569.511935644781,528.8808708065593,-1.735111619076011e-14
7570.035358745334,528.9538571245163,-3.161610277216179e-14
7570.405167639804,529.0054264610485,-2.8880385430660255e-12
7570.57803449485,529.0295333678367,2.7347999076840785e-12
7572.427459544956,529.2874768127715,-2.1902808234485944e-12
7572.455418317876,529.2913767687593,1.4628017987350355e-11
7573.679763620534,529.4621742367091,1.4215138661982056e-12
7574.416056190008,529.5649011269513,6.115359308998139e-13
7574.77670198464,529.6152217539724,1.2469238445308354e-11
7575.215978384486,529.6765168845316,-3.209662255656591e-13
7576.169281895797,529.80954983219,6.75518509651738e-13
7576.276708827577,529.8245422472409,-4.827307566101563e-15
7576.459085562477,529.8499950825325,1.6172250324734015e-12
7577.226987604163,529.9571716363183,-2.904462231712598e-12
7577.462134456776,529.9899933975689,6.398250273478211e-12
7578.841845470865,530.1825937681042,9.429397461598397e-13
7579.255261383204,530.2403112736758,-1.8238618326268882e-11
7581.33592839711,530.5308435582369,3.101041823252975e-12
7581.385796473502,530.5378078260024,1.2699457640812604e-12
7582.314991002669,530.6675817780167,-2.3818856537204785e-14
7582.361343570726,530.6740559260536,-7.949384446981071e-12
7582.410141204232,530.6808716236225,-6.694821326853504e-12
7582.698942023499,530.7212101138406,3.2757781731099286e-13
7582.972170995898,530.7593750079998,1.1279777812759558e-12
7584.015624382001,530.9051382670929,1.3517966304952466e-12
7584.56651548182,530.9821020531496,5.257271102487114e-12
7584.818080537548,531.0172495140571,4.47929228426206e-12
7584.9700534340745,531.0384830018262,-6.906561910163382e-14
7585.439378089619,531.104059217759,4.666204366222725e-13
7585.470797272954,531.1084493965709,5.955114806396695e-12
7585.712238981805,531.1421864713919,4.449877203879137e-12
7586.80253570956,531.2945489249802,4.8467674525347e-13
7587.484539545135,531.3898660189675,2.898117308662432e-11
7588.628355048571,531.5497453076443,-6.105313587710074e-13
7589.624339128393,531.6889807681242,1.3593766035526334e-12
7589.667476672842,531.6950116748262,-1.8012819599509262e-11
7590.798300585817,531.8531203722778,3.742808573817169e-12
7591.671387280217,531.9752090731474,-7.93828874782716e-13
7593.852437711526,532.2802591685851,1.953759244192363e-12
7593.969945389815,532.2966967317673,1.7638223935373326e-12
7594.631410849498,532.3892305823842,7.830327356258598e-14
7596.945473210443,532.713013248162,4.297178495153653e-13
7598.780756133913,532.9698754282774,-7.322455081683748e-13
7599.84608502566,533.1190049886422,4.6447951172240016e-12
7600.43738061727,533.2017862440252,-1.3674057104575134e-12
7601.4632314664805,533.3454204213159,3.920564277530462e-12
7602.007112849758,533.4215796618869,-7.061131218690891e-13
7604.121877001442,533.7177600446788,-2.030986312644639e-11
7604.226782469658,533.7324545803305,1.0298287992579085e-11
7604.662344269603,533.7934676615389,1.6636984957528012e-12
7605.3261321013,533.886457148549,-1.5747451581106077e-13
7605.877145894462,533.9636543791474,1.985420166488803e-11
7606.055013076212,533.9885748293474,-1.552594145497877e-12
7606.511523932578,534.0525378964984,-3.414343729913074e-12
7607.674748576007,534.2155380462985,2.2550139861151437e-12
7608.198048983056,534.2888751275682,-5.581329410266062e-12
7608.462482935802,534.3259357107412,-1.8904039242931636e-11
7608.589991267552,534.3438065431465,2.8739248048265838e-11
7609.235998771111,534.4343518315354,-5.236294161836503e-13
7610.343305868696,534.5895713785343,1.418786822145678e-12
7610.513482271453,534.6134282845094,4.38121060323877e-12
7610.922312232499,534.6707440392543,5.311052241328266e-12
7611.787306269873,534.7920216847353,3.916961025704447e-12
7612.11340675316,534.8377466164294,1.229018224016823e-12
7612.1980993253665,534.8496223012953,1.7874076960402027e-11
7612.77495230583,534.9305127703045,1.6307216779235267e-13
7613.400522826744,535.0182416908449,8.464211263186949e-13
7613.558925770464,535.0404569876177,1.3395876363053512e-11
7613.65318332045,535.0536764022437,-7.234832428446629e-12
7614.3872762111305,535.1566369205663,4.826497407933835e-12
7614.415670659738,535.1606195957385,-1.7545092997624393e-11
7615.171439964645,535.2666311150575,-2.567009138897773e-13
7615.521983712503,535.3158053466234,-4.5283010432576086e-13
7615.809913180336,535.3561977482788,-8.831530060762528e-15
7616.474449669977,535.4494285785242,3.5543700060566436e-13
7617.194099949537,535.5504007463715,-2.295917698284402e-12
7617.6108535788035,535.6088786734013,-1.6292817525342683e-13
7618.695570310372,535.7610986733688,2.189400877413176e-12
7619.317379936126,535.8483679666675,2.2866112881962318e-11
7620.638762136389,536.0338440214465,5.091885093604488e-12
7620.983201316878,536.0821965748146,-8.420564890965632e-12
7621.039990214089,536.0901688399423,1.7435395226709225e-12
7621.283297319072,536.1243259909708,1.533424098708326e-12
7621.7473975611665,536.1894826487736,-1.9183232707586893e-12
7623.787190609357,536.4759033772399,3.744164899911903e-12
7624.321963990667,536.551007098157,2.0797447539317955e-12
7624.923069946789,536.6354328728165,1.8730281095690968e-11
7624.945203336885,536.638541650823,1.3615993124279568e-11
7625.405284799459,536.7031651157732,2.7553853129444792e-11
7627.302124057365,536.9696380773977,-2.19727032222086e-11
7627.600265767715,537.0115278354235,-5.625788210247663e-12
7627.978501601481,537.0646734018086,3.2563758529314856e-12
7630.187379309281,537.3750933945153,-4.267187714488735e-13
7631.188507709207,537.5158144716563,-9.70515039301057e-14
7631.9858746421705,537.6279075426178,-1.7805611265084599e-12
7632.07105798798,537.6398832272679,7.392881633654892e-13
7632.136341420079,537.6490613300423,8.999901950186929e-13
7633.543643126487,537.8469309174944,-8.618483981898189e-13
7634.250390711199,537.9463148793628,-5.408541931417904e-13
7634.319367442954,537.9560149891676,1.8415851553016783e-11
7637.379008165898,538.3863765268388,-2.8986424715589655e-12
7637.733972571179,538.4363161104233,-3.9416396623842375e-12
7638.112386196247,538.4895572971062,-2.5083734255397267e-11
7638.49955224058,538.5440326419376,6.29652817539363e-12
7639.487198276402,538.6830097063789,1.075032331649085e-12
7639.8122158191945,538.7287486283142,3.2604149177955838e-15
7641.536065528573,538.9713743018274,2.8477942393278514e-14
7642.294110910116,539.0780838029636,-3.216497233569209e-12
7643.135588132077,539.1965503408138,1.213132776115982e-12
7646.306662068572,539.6431040396835,2.965591833030044e-12
7646.3866672963195,539.654372848878,-6.41999575637714e-12
7647.395296186268,539.7964492598637,-1.220174482629629e-12
7647.508873980674,539.8124491083878,2.80894693272297e-13
7648.123686387416,539.8990626396106,-4.692542821970065e-12
7648.634786462243,539.971070686923,-3.24727602569997e-12
7649.182754220385,540.0482783064672,-1.1517236182440126e-12
7649.388212094797,540.0772283576722,2.7217074483449898e-11
7649.4026885036465,540.0792681860486,3.691612674296001e-12
7651.791083505076,540.4158627894228,1.912810732096309e-12
7652.093556977188,540.4584976311434,-1.7538698123514182e-11
7652.789656643609,540.55662205633,-1.8402824666615725e-11
7653.082709131523,540.597934337866,-1.2388087686984295e-11
7653.406355746681,540.6435613820236,-2.0383841530801064e-12
7653.643287902328,540.676964820656,-7.241891558261792e-13
7653.924097457778,540.7165555718317,1.1169473365467413e-11
7654.2474185930805,540.7621417406662,9.56538092002965e-12
7654.979078915728,540.8653081778684,-2.4004113641989367e-12
7655.838459159155,540.9864961243078,-2.0053563755612196e-12
7655.985643317958,541.0072530811117,5.613736988726055e-12
7656.0784285470845,541.0203385190578,2.292889502254342e-11
7657.16942763713,541.1742132761443,-2.081565127264071e-12
7657.1920518008355,541.1774044253353,-2.0559342770939877e-12
7659.274047141172,541.471111229149,5.11221589197782e-13
7660.211745007474,541.6034182211898,8.940840951381302e-14
7662.624561973173,541.943935551662,5.299847871486948e-13
7663.671530867186,542.0917261033569,-2.6487773152042182e-12
7663.954493805957,542.131672732062,-1.4213786199239579e-12
7665.60753518495,542.3650664445007,5.730052104782113e-12
7666.63831876507,542.5106287569977,-1.235519371364068e-13
7667.211465948157,542.5915743197547,-2.0394314727718973e-12
7667.353438191153,542.6116259912867,-2.968775900442667e-14
7667.657383984079,542.6545554985044,1.1338628748625537e-11
7668.118125208876,542.719634142473,-1.0918724561949651e-11
7668.232595654832,542.7358034375434,-3.3771319068505325e-13
7669.761077038705,542.9517291632577,-1.7542677353879206e-12
7669.829440303432,542.9613877201223,-1.3646051483826983e-12
7669.986536220031,542.9835830051346,1.487607406444846e-11
7671.095226742453,543.1402371894546,1.9906732772859014e-12
7671.276609432478,543.1658680992723,-3.1181449656029305e-12
7671.4442981693755,543.189564476701,2.7200258102979274e-12
7671.5264567804525,543.2011746372674,-6.1904575715162425e-12
7671.997989917045,543.2678112675744,1.1746992949503965e-11
7673.013729916578,543.4113686264322,-1.402796393702909e-11
7674.526673251296,543.6252323518521,2.3783379767672134e-12
7674.700288764233,543.6497766555284,-5.4847616091273135e-12
7675.924376181889,543.822843616206,1.923948621046144e-12
7677.395007028235,544.0308044908625,8.258185580533809e-13
7677.535718539451,544.050704495095,5.014680048450967e-12
7678.1417359264815,544.1364141498551,-4.7342046844945616e-14
7678.322560247403,544.1619896277285,1.1243862894046885e-12
7680.416252648454,544.4581617052678,-3.4909884439615256e-12
7680.457761380901,544.4640343141648,-1.582273207278813e-13
7680.643843912924,544.4903614520907,8.998290267324561e-14
7681.320221456861,544.5860613788229,-3.8926496278160544e-14
7681.728827331135,544.6438786650164,-6.038491909175581e-12
7681.989098510693,544.6807083568829,-1.51031559753484e-14
7683.148194178334,544.8447414248658,7.867272715424546e-13
7684.029674013991,544.9695033823504,3.5881791229904276e-13
7684.9515120461565,545.0999928263872,-2.0348727042491736e-12
7684.971022579475,545.1027547807588,-5.127357444371652e-12
7685.062991555124,545.1157742073727,1.313431951996756e-12
7686.224798975178,545.2802568517991,2.772408522413906e-14
7686.648261836062,545.3402147013928,-1.3098874064267587e-12
7687.088587378369,545.4025636309556,-2.6109965885291052e-11
7689.579890955332,545.7553928818728,-1.878969148421553e-13
7691.43438392654,546.0181084728036,8.120141617546088e-12
7691.604750618113,546.0422465412609,-3.0498124699105472e-12
7691.922347763767,546.0872460934092,-2.0081197560994493e-12
7691.940026698656,546.0897510324548,7.419017467030386e-13
7692.207273796948,546.1276181378139,2.431350764408595e-12
7693.111255102865,546.2557159232127,4.331642024216807e-12
7693.117148081159,546.2565510313138,-8.80977795840701e-12
7693.176492239635,546.2649608701323,-1.3248979976672513e-12
7693.284299749125,546.2802387618576,6.641066157506804e-16
7693.378066525461,546.2935270516127,1.1700434629554778e-11
7694.239545054139,546.4156202646952,-5.204027760384108e-13
7695.872217045746,546.6470485279469,6.949335470328754e-12
7696.205729123332,546.6943292934931,1.0552638759298897e-12
7696.288222016863,546.7060243199563,1.5684106714126927e-13
7696.7740537709215,546.7749032834929,-2.8744378926066023e-12
7697.4994192371705,546.8777503130603,2.254471161949265e-11
7698.239316210178,546.9826676994167,-4.918160132452479e-12
7701.1503430528965,547.3955491752589,7.461919378753052e-12
7702.63483684089,547.6061604021014,-1.0692864760717614e-11
7703.1676008322365,547.6817557148544,-4.0409615225565387e-14
7703.287608673827,547.6987846711345,-1.2073211284968721e-12
7703.59658859117,547.7426297394386,-1.5541057296784604e-14
7703.762132747326,547.7661216169952,-5.337510160748674e-12
7703.862820344481,547.7804101405575,7.813323628637189e-13
7704.517533971684,547.8733247596601,2.1217271325727784e-12
7705.1498137240715,547.9630631382116,1.2093574248277549e-11
7706.557974283788,548.1629474100066,-3.531755452043072e-13
7709.3115246320485,548.5539113719842,-9.658315563160205e-12
7713.0033437129905,549.0783149614908,-7.643337922123429e-12
7715.143143294901,549.3823772305565,8.605814808261677e-14
7715.666566395071,549.4567676968684,-1.808022906607492e-12
7715.874702224103,549.4863499897045,3.678700131520563e-14
7716.549975527294,549.5823319081736,1.6612364885016564e-12
7717.178794869229,549.6717185117193,4.891240606990648e-13
7717.439882302208,549.7088342029139,-1.0467945153872432e-11
7718.339129968264,549.8366791452645,1.1129146002863981e-11
7719.052396495554,549.9380939695674,3.426233407916921e-12
7720.064050119857,550.0819506268365,3.966614139596845e-12
7720.157537711632,550.0952454688654,8.438168058816071e-12
7720.262811259997,550.1102165809207,1.1731623326290407e-11
7721.0107119941995,550.2165825633244,5.278583317598363e-12
7721.473115828598,550.2823505068021,-2.2901392932637316e-13
7721.74307467928,550.3207487187743,-2.5374440288958317e-12
7721.947428312989,550.3498163160264,5.1827330383128065e-12
7723.951114832407,550.6348647334556,-7.521029059306103e-12
7724.753080213781,550.7489746424483,5.142783941245712e-13
7725.209891554604,550.8139786302481,1.9352222603912422e-11
7725.582670085584,550.8670276464675,-6.964646968450303e-13
7727.992551211442,551.2100325042738,-1.1946377574591948e-11
7728.132281175398,551.229923926852,2.2360950271379542e-13
7728.76192557338,551.3195621539355,1.312015578619477e-14
7729.39485259045,551.4096750654891,1.0355649115749646e-12
7729.635312751904,551.4439124877396,-1.1186955516645594e-11
7729.809787118615,551.4687553260062,-6.208124457931103e-13
7730.122752017687,551.513318786316,-1.268916919482059e-13
7730.279111773818,551.5355837218917,-1.021003645032708e-11
7731.4056039242005,551.6960045164419,1.0620720869231564e-15
7733.262140082523,551.9604399724703,6.172740869303745e-12
7733.348795749127,551.9727843105784,4.620857260844952e-13
7733.639381871304,552.0141801127685,3.5233322387117713e-12
7733.855745548219,552.0450034757896,-5.517745530468447e-13
7733.957224403699,552.0594605414201,-1.7602009953603588e-11
7734.016691255568,552.0679325045869,5.188800470537237e-13
7734.845087991042,552.1859570720949,4.806237512164783e-12
7734.846560311879,552.1861668500248,1.5776465220378532e-11
7735.678874433634,552.3047622946077,7.796559008572526e-12
7735.73405581901,552.3126254753276,-2.191644317741659e-11
7736.230167410987,552.3833223975465,-1.958378198693186e-12
7736.78127009945,552.4618609796115,-1.944561526037843e-11
7737.241821035207,552.5274991685502,1.786461682627666e-11
7737.250984135026,552.5288051425207,1.631070702244375e-11
7737.857213110944,552.6152115730472,5.9071855142189094e-12
7738.010983808043,552.6371297427685,2.5617448867736538e-12
7738.080172128829,552.6469918506609,-6.192810391184832e-13
7739.403284533518,552.8356053487199,2.562445345522534e-12
7739.479148288319,552.8464209237771,2.8851358372086648e-12
7740.187537182205,552.9474180528495,-3.574376408857735e-12
7740.993732932087,553.0623710450074,-1.2118858268962982e-12
7741.05150337649,553.0706088161127,-1.2061718147672695e-11
7741.858067206578,553.1856271307773,-6.277232653333183e-13
7742.759827533455,553.314234927341,2.2429626799179461e-13
7742.870190304206,553.329975740147,-1.7541817412045818e-11
7743.102870790996,553.3631632099439,-4.415308379147002e-13
7744.004897804854,553.4918297268435,-1.8535117257557292e-11
7744.683508824963,553.5886377230557,8.774703137060285e-13
7745.476311106436,553.7017465425995,-4.391373581710053e-12
7745.727854861782,553.73763662026,-4.619525588402089e-12
7746.857963913636,553.898894128241,5.560952191828078e-13
7749.014114102826,554.2066247479464,2.0147864899432013e-12
7749.091619167169,554.2176880400867,-1.4320824119009797e-12
7749.258770835088,554.2415481186798,7.984218044506681e-13
7749.305905858832,554.2482765045513,3.902165477658367e-13
7749.760305931894,554.3131428762185,-1.7227744683060274e-14
7752.289915714487,554.6743184335875,4.539200489812075e-12
7752.540287633715,554.7100727363205,6.335827777044823e-14
7752.851120449594,554.7544627497655,-4.497120059907588e-12
7752.918980443119,554.7641540675463,-1.6779002701270794e-11
7753.100464526295,554.7900728469914,-1.0348772208899288e-11
7753.178638155572,554.8012374568547,-1.3535931503499672e-12
7753.327620114991,554.8225150901874,-3.6324630434273394e-12
7754.250921665064,554.9543903214154,6.813582862787492e-13
7754.470855948212,554.9858058677678,2.556668436312969e-13
7754.578718555587,555.0012133536532,-5.281446268353067e-13
7755.804146797582,555.1762730147759,-2.8714359835163456e-13
7757.006358709039,555.348042966705,-1.945010257325304e-12
7757.8809177235535,555.4730151695966,5.764191069954323e-13
7758.682168244554,555.5875241470286,1.2612707061037621e-11
7760.147151498822,555.7969196243058,8.222476171395713e-12
7761.557333945477,555.9985195627772,-3.041384038499195e-12
7761.762423739565,556.0278422881199,-1.389914830832446e-11
7761.8727865103,556.0436217323917,1.2060244775531496e-13
7762.829906013783,556.1804781406764,5.3962506062950045e-12
7763.326944055002,556.2515551716772,-2.2519670629322803e-12
7764.059429433335,556.3563097467983,-1.7909060498166668e-13
7764.382851961691,556.4025663609009,-1.5093573752295888e-11
7765.022577106071,556.4940669582533,-5.231135522372052e-13
7765.629698733467,556.5809112105028,1.6610964793180034e-12
7766.116389341187,556.6505336004481,-2.8710863991036745e-13
7766.154996032297,556.6560565774013,1.1197748918305425e-12
7766.504046158883,556.7059920643192,-1.3379607104972642e-12
7767.1994309646725,556.8054812526532,-1.275135731760248e-12
7767.90384737426,556.9062716806222,-4.1879369481167525e-13
7769.118648998137,557.0801113304017,-1.7015321269069352e-11
7769.274103605114,557.102359043316,-3.1482371364671736e-12
7770.938808246442,557.3406293013051,1.943049496282705e-15
7771.442352732951,557.4127120070907,-3.6155349375853485e-13
7771.84649534923,557.4705686521313,-5.947114185516465e-13
7772.592687178216,557.5774006197247,-5.681399108983278e-12
7773.195366847956,557.6636934997927,-1.2756526288133596e-13
7773.654801045439,557.7294807011308,2.3529091102660562e-11
7776.678424134207,558.1625356768387,4.2957078367665485e-12
7776.852306334039,558.187444877865,-3.353030190116037e-13
7777.584681516488,558.2923661614784,-9.906435201853285e-14
7777.996836696644,558.3514165410733,3.194779862374023e-12
7778.375440610342,558.4056627143269,-7.949305708211185e-12
7778.89355040133,558.4799014967306,5.787760678464742e-14
7779.7187321130195,558.5981501307775,9.659028023247107e-13
7779.941500841973,558.6300750653783,1.1848697737866909e-12
7780.18347961951,558.6647540233478,-2.36257050239698e-13
7781.325653812313,558.8284581906712,2.1999830306784245e-11
7781.724918795245,558.8856892297947,-1.5640504149458777e-11
7781.762230956841,558.8910377421222,-1.8071270968302154e-11
7781.952510059603,558.9183137016377,1.1285077350876298e-12
7783.718604660624,559.1715100820891,2.1166355743228024e-12
7784.349611183434,559.261988345121,-1.3919114588082016e-12
7784.517299920243,559.2860339983325,-2.329914163707677e-13
7784.699418770585,559.3121494381336,1.1295625352050572e-11
7786.8308252101,559.617833817909,5.331000317804122e-13
7787.189025938905,559.6692148553716,1.4522774977950827e-12
7788.131702831172,559.8044456312849,-6.711322411313753e-12
7790.248264781605,560.1081345581563,1.026415204132812e-12
7790.285052371845,560.1134136514837,2.320363748824872e-12
7790.333168942804,560.1203185139996,1.2244379605323984e-13
7790.543627143802,560.1505203557185,2.432404629708506e-12
7790.79917718104,560.187194206295,-1.4275364561223396e-11
7792.961321741294,560.4975305738527,8.02995547984293e-12
7793.557025492234,560.5830481001435,3.5752988892871428e-12
7794.03275519938,560.6513471905578,-2.00275960603463e-11
7794.941110867001,560.7817686750914,-7.173318402468228e-16
7795.871667520183,560.9153935325461,6.076436381789502e-13
7796.396909721015,560.9908236179351,3.0843607095326266e-13
7796.48366678082,561.0032832970616,-1.6983427170526333e-11
7797.173661879392,561.1023823883364,4.2593970121918725e-12
7800.185786998395,561.5350952147135,7.860119273909186e-13
7800.321062507103,561.5545324084896,-5.73695077190695e-13
7800.371031976667,561.5617124058535,-4.661856862095459e-12
7801.401760458192,561.7098256538872,-2.2037409565657067e-12
7802.180733595368,561.8217752375273,1.3273847316756684e-13
7802.823259387726,561.9141237979916,-3.0896549922171492e-12
7802.954160534282,561.9329388116957,1.408506294574249e-12
7803.098510247146,561.953687214596,-6.23741081003254e-12
7803.199798813706,561.9682463642137,6.009868947853237e-12
7804.407290236165,562.1418249149017,-6.992533323573845e-12
7804.494795953949,562.1544050257506,1.3464537772805082e-12
7804.963025170971,562.2217216002713,1.4077101247829905e-11
7805.418943860056,562.2872721902972,1.8336426533587627e-11
7806.128504589828,562.3892982713272,1.9682664906432448e-12
7806.989581240087,562.5131229293107,7.847162406782124e-12
7807.083504507516,562.5266301215335,-4.396509554125043e-12
7807.464295602235,562.5813937070553,4.763869642447354e-12
7807.667913075443,562.6106781110403,-1.43499613223793e-11
7808.041427766694,562.6643992343442,-1.028747807613115e-11
7808.217374454175,562.6897058327154,-2.872590811211633e-14
7808.32348555614,562.7049681805332,-3.4690191589489793e-13
7809.097246777496,562.8162673569567,1.2155800361047116e-11
7809.563656893644,562.8833619367841,-5.782134775435769e-13
7809.923900809904,562.9351869136349,-2.7538039673823828e-12
7811.237046358419,563.1241173174523,1.3266151710439119e-12
7812.211667005233,563.2643625779837,5.212935947982372e-12
7813.035541689717,563.3829295517812,3.25510633367482e-12
7813.316004464919,563.4232948808705,5.70038625189462e-12
7813.961766581024,563.5162410672291,-3.1043464970748092e-12
7815.3248691015115,563.7124611058827,-1.3143356498825662e-11
7815.460647881388,563.7320084782251,4.614923606966212e-12
7816.45448737938,563.8750967774142,9.367376330105859e-12
7820.3242750332065,564.4324238070851,5.109604714403086e-13
7821.767213792626,564.6403065320849,2.7182915858204063e-14
7821.987985629344,564.6721162898641,-7.440329285225795e-13
7823.05193109475,564.8254267275427,-1.693228456034708e-11
7824.839042347313,565.0829894938478,3.918683923877916e-12
7825.423573608595,565.1672463115372,1.606391093119448e-11
7826.070541358514,565.2605103280272,1.196284040902098e-13
7826.155322826294,565.2727326217756,-8.040455171717183e-12
7826.4049798851975,565.3087245335527,-7.478534814735522e-14
7826.472919971743,565.3185193425915,7.453477562839568e-13
7826.494985766337,565.3217005497123,-4.196171042272914e-13
7826.678377845978,565.3481403792357,6.823360164606847e-12
7827.367256206262,565.4474622333007,-3.281665337512356e-12
7827.911137588938,565.5258847306043,8.799826627998147e-12
7827.918358894488,565.526926010502,9.379126254264984e-12
7828.340493427827,565.5877975877369,3.3716984182823065e-12
7828.521787222051,565.6139410649098,1.4084213803452855e-13
7828.581076282571,565.6224909770816,-6.5900328393873474e-12
7828.832620037821,565.6587661295673,4.804734818092434e-12
7829.3580062321535,565.7345358897282,3.0048262946792873e-13
7830.639944186317,565.9194348149625,-9.236442032871213e-14
7831.214263205058,566.0022809123906,-4.493784659948244e-13
7832.393537970108,566.1724115327809,-1.4082817263799393e-14
7832.677482455872,566.2133792237895,9.89533886118059e-12
7834.03629950975,566.4094507720337,5.034071584701756e-12
7834.753673711812,566.5129785502826,-1.6537119795855954e-11
7835.445365217723,566.6128089098457,-2.969091164445817e-13
7836.565909291328,566.7745533490398,7.372025805008356e-13
7837.185409041941,566.8639846951654,-2.0255657251007143e-11
7837.73670201903,566.9435756164073,-1.3370527812740917e-12
7838.700941434489,567.0827976392483,-1.7499763272761093e-12
7839.460416535785,567.1924667571545,1.604114711618472e-12
7840.704627952791,567.3721553434187,2.113464621161774e-12
7841.426008436772,567.4763499252956,-2.686687873459008e-11
7842.104530560904,567.5743628902181,1.1262407162473013e-12
7842.5873250823415,567.644108038857,1.4912982651201365e-12
7842.82627912509,567.6786292510675,5.828947010745325e-12
7842.936641895786,567.6945734946955,3.2123404846591733e-12
7843.125838058041,567.7219074162234,7.680617198650768e-15
7843.265813408729,567.7421306358492,2.367869988029462e-12
7843.512289241747,567.7777416036265,-4.0288289222028127e-13
7845.179494045858,568.0186496823724,-6.86887171516752e-12
7845.748935431234,568.100944663267,-1.7048879408647063e-11
7847.036520976786,568.2870469930464,3.3684335124178034e-12
7849.096861201193,568.5849036439827,-1.0578339927166685e-12
7849.996142664426,568.7149343389716,7.694881778166472e-14
7851.417117022279,568.9204290579125,-3.450685953613274e-14
7855.156350308984,569.4613573429945,-1.1448714903083204e-11
7855.8258195290955,569.558231877843,3.84790732921471e-12
7856.396331357329,569.6407934480073,1.8560960807684534e-11
7856.516605885814,569.6581997312867,-7.061231362524498e-12
7856.73207691104,569.6893836393896,-3.608729763399209e-12
7858.131878125822,569.8919898116623,7.919942195873149e-13
7858.223813303654,569.9052977031098,9.29636644778859e-13
7859.879443740132,570.1449817998732,-4.682185108833984e-12
7860.251016637019,570.1987810044037,-6.583791918454283e-12
7860.483049858932,570.2323778630173,-1.851451389852673e-11
7860.593057046971,570.2483065146354,-1.2725035998360877e-11
7861.398047162543,570.3648730192847,-1.281904494272326e-12
7861.8616566304845,570.432011353934,-1.5049300961027042e-11
7862.910097844331,570.5838576192926,5.390473591527084e-12
7863.100656131567,570.6114584459134,6.975741487856803e-13
7863.886816776323,570.725334528866,1.1213042452170203e-11
7865.360785338353,570.9388708958794,2.679792399919808e-12
7865.489765990779,570.9575584496189,-1.8203570433403562e-11
7866.3401271271005,571.0807719584408,-2.146941649690159e-11
7866.444051047962,571.0958309811638,-8.524562564347248e-12
7866.780867044542,571.1446384337198,5.480721089900006e-12
7866.82336982174,571.1507975898064,1.6018243625684545e-12
7867.106142471348,571.191775544833,1.1248385396549428e-13
7867.398480098724,571.2341411556429,2.372547814522366e-12
7869.270283923018,571.505440543515,-5.523406119724727e-12
7870.727064323751,571.7166310660749,-1.9553678981162954e-13
7871.812394521004,571.8739975919515,-1.96880700870884e-12
7871.990261702526,571.8997893615606,-2.5389601283870875e-11
7872.58654512252,571.9862581563153,4.262436193076681e-12
7873.099163812941,572.0605997206154,3.9052912008378163e-13
7874.176904624428,572.2169128472694,9.456051335145984e-12
7874.554962666419,572.2717506127183,5.302032347913019e-13
7875.206706656295,572.3662930297896,-1.2789314117966644e-11
7876.232468608473,572.5151065899086,-5.699454568870656e-13
7876.602010815404,572.5687230871152,-1.889508728407843e-12
7876.878454811017,572.6088337057502,-3.02841240164011e-12
7877.310399708831,572.6715095331298,-5.496689305812954e-12
7877.400481988047,572.6845810348296,-3.327138400519085e-13
7878.6501970027375,572.865937915253,-1.3345207450181128e-12
7878.962535937011,572.9112685945297,-3.0326596222839084e-13
7879.060499284091,572.9254866769066,1.3024828060192062e-13
7879.494174387107,572.9884309979262,1.743095360634226e-12
7879.54731258495,572.9961438020188,1.9913183435614928e-11
7880.477767844539,573.1312042169067,2.3708736615234456e-11
7881.492145718062,573.2784646053268,-2.404706568367014e-13
7881.598311917909,573.293878178204,-4.0704760507409216e-12
7882.813794603636,573.4703609175854,4.286695271343784e-13
7883.828853539645,573.6177638635379,-3.5345675432001696e-12
7883.890820554836,573.6267630893193,-2.8865808452056343e-15
7886.355248297035,573.9847195776732,6.563308336660051e-12
7886.420430335831,573.994188744048,7.319237039225841e-13
7886.807372293069,574.0504024321535,-7.928897641766687e-12
7886.894742819851,574.0630957241065,-1.888851456139689e-14
7887.9426043643025,574.215341226777,-3.968765075315123e-12
7888.117446811094,574.2407463383316,1.230600412858923e-13
7888.193166572261,574.2517488126574,2.8194532807355466e-13
7889.365376522597,574.4220904760853,-1.1376517405088868e-11
7891.044088098389,574.6660793559153,-4.185830492067044e-12
7891.3737841826105,574.7140044536437,5.089424893707247e-13
7891.44664450282,574.7245958048874,-4.912754653904367e-12
7891.616029647007,574.7492188793972,1.249060066874779e-12
7892.491269723468,574.876458656601,4.674555909035243e-12
7893.241357638135,574.985515416577,9.146683105380755e-12
7893.257462858945,574.9878571000191,2.484965863132812e-14
7894.024214363514,575.0993475516226,4.59969805534743e-12
7896.717929777301,575.4911164299411,-7.336673637901604e-13
7897.773939076553,575.644736897025,2.3940523796840912e-12
7898.626978167437,575.7688457497891,-2.226182040036125e-12
7899.471670411968,575.8917534261501,-6.292077861755935e-12
7899.925266728811,575.957759774908,-1.4798884308076694e-11
7900.102063467422,575.9834878780116,-1.2680433522765816e-12
7901.349980681294,576.1651056957068,7.825975551232304e-12
7902.920795851952,576.3937578138562,5.5430446999784635e-12
7903.070704260571,576.4155812643596,-3.275163490103086e-13
7903.299031685217,576.4488216378409,-1.0291564080639359e-11
7904.227735439323,576.5840341267253,-6.038464505897516e-12
7905.93311125836,576.8323657738133,-1.7907233860787216e-12
7906.086234690582,576.8546657640135,1.6499567949577475e-13
7906.472148805257,576.9108699270741,-1.9961398579934343e-12
7906.83511697135,576.9637347676585,-1.8799434434716465e-11
7908.588342674313,577.2191191491611,-3.035777353450678e-13
7909.875826826272,577.4066971431278,-1.0659223742953372e-12
7910.905539962309,577.5567415675871,-1.1113863399585625e-11
7911.145911227897,577.5917700258337,-4.869502593215564e-14
7911.861174646727,577.6960091411438,1.1184371439733474e-12
7912.5308892534695,577.7936187304857,2.992660931324536e-13
7913.268789333538,577.9011757853099,-7.306496879631237e-12
7917.264833388038,578.4838174019881,-1.3863508874401436e-11
7917.650468318149,578.5400603128253,4.421417348344585e-12
7917.697882526401,578.5469756252295,-1.8921391564517733e-12
7918.370956150313,578.6451471718267,-2.4443632823305454e-12
7919.188324389086,578.764376114169,3.9401843692504926e-14
7919.341604312443,578.7867363213991,-3.6062100512804625e-12
7920.492417032965,578.9546286915976,1.152230646848041e-12
7921.886168777908,579.1579961642974,-8.116164625978621e-12
7922.2780221661515,579.2151793861046,1.5387660238853693e-12
7923.215889019987,579.3520539183975,-5.665099131652863e-12
7924.127726397654,579.4851451810997,5.35564970816173e-12
7924.78763063979,579.5814739802272,7.315530200448413e-12
7925.056696838653,579.6207529261357,3.801807489586698e-12
7926.030145648848,579.7628705193364,-1.5406771154931478e-12
7926.198638141444,579.7874711684561,8.898060368938104e-14
7926.285395201197,579.8001382868455,-6.669163834592561e-12
7927.387545479227,579.9610717618717,-1.0696398774486071e-11
7927.6506511043135,579.9994931548142,2.251364435656364e-13
7927.7983385341,580.021060553038,-1.3086578076982941e-11
7928.668700977091,580.1481712943877,-2.856717628404198e-12
7928.945669543992,580.1886236686148,-1.9441560771031914e-13
7929.313604239033,580.2423641975223,2.0390160922823177e-12
7929.357033465521,580.2487076333948,5.097981176736181e-12
7929.5751699478005,580.2805699924871,1.8786157101958785e-11
7929.654337621799,580.2921339276863,-6.240790829040074e-13
7930.098593047442,580.3570279715427,-1.2072950573425634e-11
7932.272557360623,580.6746394562873,2.0627887404232414e-11
7932.740084214694,580.7429554930707,5.918807232018491e-15
7933.48744787923,580.852170253514,-4.843335734682963e-14
7933.645817024965,580.8753145893979,9.796126481302746e-13
7933.973279632747,580.9231719962517,2.147550421249855e-11
7934.871634646327,581.0544732858834,-1.5124672128410938e-12
7935.681603788175,581.172869064995,7.00637489726959e-13
7935.714004518679,581.1776054347464,3.76936604388662e-12
7936.662417897446,581.3162539764995,4.110002198603039e-12
7937.499207773791,581.438598038396,-9.335642540050166e-13
7938.828970616135,581.6330444535748,1.1829805744932991e-11
7941.305006522975,581.995193028528,8.827615075038001e-13
7941.616943579207,582.0408254012514,8.799886218343526e-13
7942.253576392862,582.1339621423542,-1.402817070230593e-12
7942.551997287312,582.1776224519826,8.703430647393508e-12
7943.635262996538,582.3361228486167,7.89525990175948e-12
7944.204670583917,582.4194456351793,-1.120983051046324e-12
7944.228868461653,582.4229867013289,-7.057486080302878e-13
7944.554968944424,582.4707086070489,-3.5441229043492047e-12
7945.218210903504,582.5677742132887,6.147429453666462e-12
7945.462063879643,582.60346418716,4.94033090080735e-14
7945.560027226692,582.617802271358,-1.024850362176912e-12
7946.603290322089,582.7705070206569,-2.5048679605010414e-12
7947.1660562731895,582.8528886542774,5.248680645993845e-13
7948.3841067174,583.0312154140571,3.276604942800086e-12
7948.543055532399,583.0544880812437,-3.797207571869815e-12
7949.407389806054,583.1810486895254,7.080307993685582e-13
7949.591496745832,583.2080084244749,4.864804981373211e-12
7949.997323271677,583.2674379144828,-1.9412707580279399e-13
7950.037414781158,583.2733091048387,-3.307645865053588e-12
7950.560660089428,583.3499383385782,-4.571812450624736e-12
7951.536071993957,583.4928007980915,-1.0769281833642409e-11
7951.652953707465,583.5099209049408,-8.311537402389686e-14
7951.996902113797,583.5603017893471,4.964994543493081e-12
7953.132950438161,583.7267233937717,2.8688647236651107e-13
7953.886977039078,583.8371951281956,4.3735156776113e-12
7954.882068465596,583.9830010764017,1.433735872983086e-13
7955.425949847955,584.0627011018851,1.1242389933946245e-11
7956.100977763584,584.1616268336545,-5.908609475682998e-12
7956.206251311836,584.177055489672,3.6292723978839226e-13
7957.309628523744,584.3387762714439,-2.9203808055286566e-14
7957.346762893988,584.3442194052377,-9.192459225063132e-12
7957.805951704273,584.4115291256699,-2.2481682838867256e-13
7958.173416925833,584.4653964357899,2.4257922961544834e-11
7958.452898153625,584.5063676979192,-3.17885123885802e-13
7958.749343456041,584.5498274242454,-4.343142063550494e-12
7959.464742065684,584.6547135667068,-1.8317061018196154e-12
7959.543406468498,584.666247300812,-2.9491298328146825e-12
7959.725169736048,584.6928977731895,1.4554839256282425e-11
7960.4959275223255,584.805914492317,-1.9304975857981204e-12
7960.956076579652,584.8733916667803,-1.9751626718132146e-11
7961.800244252593,584.9971922372252,2.1349006753063078e-12
7962.048873468813,585.0336572100979,1.5715050423096964e-12
7962.288842856395,585.068853177154,-1.272097394752545e-11
7962.606440001646,585.115436327445,-2.2396000358370223e-13
7963.024856239946,585.1768098241591,1.3646445394208256e-13
7963.224243344441,585.206057155873,-5.752042944305975e-12
7963.664145708049,585.2705873411662,-4.788242605386602e-12
7963.801240317523,585.2906987608411,-2.732219712947953e-11
7964.261321779355,585.3581940352514,-2.8336127168323145e-12
7966.1421447090615,585.6341567229462,-8.880814237760814e-13
7966.834538577236,585.7357642341346,5.74554821527442e-12
7967.066973676982,585.769875632199,-3.1091787144143143e-13
7967.379481599838,585.8157398185618,-2.4877651237161777e-12
7971.244713402574,586.3831564420511,-6.722157470279315e-13
7971.930456831849,586.4838524266453,-3.890080314226883e-12
7973.559846202248,586.7231500782452,4.845784977095385e-12
7974.2509580384485,586.8246638783745,-8.390632373369881e-12
7975.292089050559,586.977606773919,-1.8041654758252461e-12
7975.4531699486915,587.0012714574852,-1.3122051960243226e-12
7976.877169040453,587.2104945064601,-1.711317049342238e-12
7978.067772785428,587.3854542905713,-1.273155598043822e-11
7978.479056613821,587.4458987119617,3.1496082070748618e-12
7978.938592204095,587.5134381502374,-4.625344393444186e-12
7979.082662732295,587.5346134646568,1.6868706682441433e-11
7979.462015303623,587.5903720820055,-2.3102182114675893e-11
7980.802840439437,587.787472668677,7.809438784223085e-12
7981.3321227195065,587.8652860007834,3.3617263372826332e-12
7981.403946394541,587.8758456778306,-1.6690376574296159e-12
7982.144490631325,587.9847276856505,-5.76521011557448e-12
7982.219618225625,587.9957742388073,-7.606645727591186e-13
7982.903953234562,588.096401747903,-1.2282646385318845e-14
7983.290404418024,588.1532309728827,1.55016483071701e-12
7984.38375967617,588.3140282312881,-1.818195204517506e-13
7984.752887507407,588.3683199897418,8.908417053118783e-12
7985.233630038424,588.4390319334452,1.3683495036405193e-13
7985.421675664631,588.4666925370498,5.043352607367495e-12
7986.290654682223,588.5945236145184,3.654379020916585e-14
7986.419021867565,588.613408236533,-8.026515444716699e-14
7987.957804387334,588.8398084589511,-1.267080177995489e-13
7989.5018326206255,589.0670243210334,3.535946048200364e-12
7989.545930412034,589.07351430186,3.705738039190827e-12
7989.913987800382,589.1276836135115,-1.0320445921658967e-11
7991.393011786217,589.3453860008301,-1.959131733310979e-11
7992.1055972501035,589.4502881743132,5.134739437279061e-12
7993.008461816568,589.5832154269145,3.402584493746018e-12
7993.5606812425685,589.6645251778209,-1.2048275291931605e-12
7994.091727525553,589.7427226566202,2.7072761089385823e-12
7994.112799275342,589.7458256151832,2.1388400692076412e-11
7994.550324168928,589.8102559814268,5.426186187859392e-13
7996.822251828513,590.1448790833454,-6.167874968981405e-12
7996.995732150222,590.1704342106135,-4.211411683660675e-12
7997.346377290677,590.2220889156042,-2.1451027359290205e-11
7997.646841372543,590.2663530833721,1.157317539842337e-11
7998.254732957454,590.3559123512446,-1.6898090655526232e-15
7999.072012300276,590.476330963353,-9.010393567021286e-13
7999.539450258549,590.5452091885101,-6.362097359369237e-12
8000.341906412512,590.6634626206153,-6.762852120636206e-12
8000.342096701397,590.6634906638204,-4.244893777826793e-12
8000.597189762519,590.7010847733795,-2.360911142903077e-13
8000.621387640248,590.7046509760075,1.312832402179893e-12
8001.2314326084825,590.7945609352835,7.730667123475301e-12
8001.480598893576,590.8312856598606,-8.836921548671605e-14
8002.740526150086,591.0170043853326,8.652334859161116e-13
8003.337625823192,591.1050296716809,1.1546775998489838e-11
8003.946232268327,591.1947580613435,9.66419552645076e-13
8006.600177956224,591.5861157449141,-5.688186988084685e-13
8007.119349386942,591.6626892776167,5.13661539938855e-12
8007.5467847313885,591.7257362157701,5.4479619805505734e-12
8007.892395747357,591.7767164831876,1.0978178759888567e-11
8007.962700806245,591.7870872862497,1.6613167172270142e-12
8008.01859705179,591.7953326889483,-7.080767137954051e-12
8008.128959822404,591.8116127615036,-3.998205256008971e-12
8008.290933372076,591.8355065615978,1.8518130969846124e-13
8008.307419170653,591.8379385189477,1.52473125382001e-12
8009.569635001423,592.024153346311,-4.943528096498134e-12
8010.300335075808,592.1319670134566,-5.458036853389735e-12
8010.445175562148,592.1533391714552,2.6836971845177046e-14
8010.854026822601,592.2136699253185,-7.265853024418744e-12
8013.237522886487,592.565443762911,-2.4493435132668532e-11
8013.4807072976155,592.6013405858968,-2.0752523319171826e-12
8013.739282069311,592.6395103985224,1.3765855776208534e-11
8014.277706148934,592.718994441306,2.302381892524409e-12
8014.867918798936,592.8061298290284,1.722174346996991e-12
8018.17423444074,593.2943727173528,-1.1267913258375345e-11
8018.786368891725,593.3847885663532,4.156664253728309e-12
8020.186170105489,593.5915733555979,-1.7930585677895866e-12
8021.427847560378,593.7750296166904,1.3032007330784473e-13
8021.770814419383,593.8257075385409,2.048899864269617e-12
8022.584789842856,593.9459919233674,6.667572720186842e-12
8023.3747451799245,594.0627384343296,8.349289996268262e-13
8024.003809907777,594.1557153451047,-1.0565719681567605e-11
8024.238097906071,594.1903454003266,1.831145667929754e-13
8025.400933166822,594.3622387765064,-5.194565373820942e-14
8026.22508703506,594.484082458407,4.801961628444396e-13
8026.9890591912645,594.597039994239,-2.60389842667165e-12
8027.691923186139,594.7009718440039,2.5381387360364604e-11
8027.7919297206445,594.7157604574156,1.732651608317376e-11
8029.414165380585,594.9556766747465,-7.559834313055806e-13
8030.343503901362,595.0931405575111,-3.5400167652499283e-12
8030.60248055099,595.1314501391818,2.0999506225067552e-13
8030.697397863107,595.1454912608364,6.535402901112217e-13
8030.88133581411,595.1727016814633,1.0257757825254233e-11
8030.949208305111,595.1827423934179,-2.6056058010417983e-12
8032.820030580814,595.4595357543851,-1.936147842929289e-12
8033.1159851095235,595.5033289566469,-1.548095225671988e-13
8033.193845756411,595.5148504779063,2.629264677231261e-13
8033.831595307998,595.609226425079,8.257090308379086e-12
8034.022242490748,595.6374403784647,2.3353843303936766e-12
8034.365285747832,595.6882091745093,-3.643544459594031e-12
8035.144258884184,595.8035016018482,1.6638582578652555e-13
8035.371113987863,595.8370795410854,4.789472329425096e-13
8035.467681412142,595.8513732479882,1.589902520387473e-11
8036.423172102447,595.9928122275383,1.405121187923552e-13
8037.041745403202,596.0843871073756,-5.732121946056965e-12
8039.205742859649,596.404805257948,6.145456673711882e-12
8040.17088742336,596.5477398204556,1.1535933649558104e-13
8040.602663332155,596.6116898903123,-3.3445866501416726e-13
8040.704488967522,596.6267717242894,2.0574786497799777e-11
8042.023637688794,596.8221737947911,4.1556416355445755e-15
8042.618169602956,596.9102507405574,-9.417399715627656e-12
8042.8488193995,596.9444221136043,1.260174035824997e-12
8043.268386173586,597.0065845456382,2.059306801972822e-12
8043.860663311185,597.0943410255627,8.858594070034213e-12
8044.258185590876,597.1532447044925,-3.345453944935733e-12
8044.594633506981,597.2031008387892,3.1018826520441334e-12
8045.653980522546,597.3600925350619,1.5795122001635253e-11
8046.411746718112,597.4724036413093,2.9485853598719493e-12
8046.412237491722,597.4724763839636,2.9614960741098356e-13
8048.109824832438,597.7241199856794,-1.7101450589452805e-12
8049.653853065324,597.9530466945436,3.5288244104065004e-12
8050.038383754581,598.0100663069093,3.2573905301528527e-13
8050.883376483271,598.1353744780191,-3.827483344268498e-12
8052.065062514859,598.3106346301109,-1.6573994662039987e-12
8052.423297040975,598.3637707761704,2.831240000778833e-12
8053.4574521339955,598.5171780083448,-4.324898234112072e-12
8054.023378010514,598.6011361573625,-7.732677527446969e-12
8054.513059554565,598.6737878103202,5.5994694189862106e-12
8055.262030730501,598.7849175409173,-3.7446384111641e-12
8056.808592924445,599.0144237431007,-1.996426660386014e-11
8057.058072191767,599.0514500081521,-3.944039698361938e-12
8057.195166801183,599.0717972826018,-2.2331731417997682e-11
8057.370622714854,599.0978385608756,2.689969855269125e-12
8057.40964378143,599.1036301694716,4.308360373502576e-12
8057.428583448062,599.1064412543606,-7.957632317300798e-12
8057.683587613458,599.1442904180104,-5.678440441197995e-12
8059.975415186094,599.4845102167708,1.5399198744297576e-12
8060.270532161126,599.5283271052552,-1.8426094278214085e-12
8060.5513417160455,599.5700212183878,-1.4950408666674144e-12
8060.9395782024985,599.6276682873877,7.514195853697797e-12
8062.4189151701685,599.8473522231146,1.684096044569678e-12
8062.698172311203,599.8888268840586,2.2388382016664254e-11
8063.564638667578,600.0175217191257,9.864262902873487e-12
8064.566481925726,600.1663411041559,2.451766520511095e-11
8064.766939473015,600.1961204060053,-4.803795868012502e-12
8065.681200615377,600.3319493659197,2.4815340196412935e-12
8065.963973264736,600.3739631444448,7.754009132351295e-14
8066.729641828274,600.4877319981695,3.3201822823940574e-12
8067.105199706581,600.5435391892302,-4.615704898921456e-12
8069.8445190282755,600.9506754527538,6.077854482356782e-13
8070.527538207265,601.0522119366879,-1.1636374713589287e-12
8070.980956732441,601.1196211189903,-5.912135799120772e-12
8071.005154610164,601.1232186945747,-2.3928915290324134e-12
8071.125429138533,601.141100451988,-3.2337134362001e-12
8073.7025971192315,601.5243236848582,-2.630527586817018e-12
8075.90016714193,601.8511975862506,4.5653519850297245e-12
8076.412785831887,601.9274589973505,9.199581424170168e-13
8076.731119137398,601.9748193383905,-3.1849716192840427e-12
8076.7367329311355,601.9756545526558,1.433515521734049e-13
8077.196492607839,602.0440590793237,2.048793477482234e-12
8077.891945008135,602.14753812867,-6.286091639939008e-13
8080.972433387934,602.6060030276966,-2.6314287426169013e-13
8081.327532983452,602.6588632542927,7.3413611772032e-13
8081.395896248049,602.6690400959009,6.00488635431651e-13
8082.104285140836,602.7744988983876,1.6612690580650002e-12
8084.120371080548,603.0746869006373,5.987318663336202e-13
8085.945441757327,603.3464979798596,5.417997133541046e-13
8086.671678573664,603.4546748087969,5.558189724361291e-12
8087.078486646494,603.515275276077,1.0101642539464696e-11
8087.393059056855,603.5621378793332,-4.175870231748877e-12
8087.683522485159,603.605410528586,-7.030465438514085e-12
8087.8847837883295,603.6353949386349,6.9575409769649676e-12
8088.031934149097,603.6573182379626,-6.303353883593632e-15
8088.4432980703405,603.7186076953305,5.680342537133666e-12
8088.616342716286,603.7443906944212,1.065573833383187e-14
8088.858321493489,603.7804455438431,-9.460583045362928e-14
8088.9934743086205,603.8005837892422,-7.403133259925856e-12
8090.208364826394,603.9816218610442,-1.68000913454312e-13
8091.0451547021785,604.1063327168055,-2.4311304951095938e-12
8091.3616013113215,604.1534976517434,1.1771145751258529e-12
8092.580108730636,604.335127894532,1.2171641936275992e-11
8092.972051014248,604.3935564727371,1.9268536450810365e-12
8093.254108803335,604.435605831912,1.8453191666074948e-14
8093.302504558775,604.4428208499969,-1.9858652983539587e-12
8095.017212464911,604.6984836867355,-2.2325233134710305e-11
8095.108601771114,604.7121113465577,-2.1803961072435804e-13
8095.514060216495,604.7725737744063,-2.2834844187486888e-12
8097.441637591028,605.0600577405218,1.608078635991714e-11
8097.915235214367,605.13070181125,3.835463823626652e-13
8098.566289338486,605.2278228803141,3.6061797905895136e-13
8098.834517983504,605.2678381883817,-2.7325543930163777e-12
8098.923106641618,605.2810544522047,1.5946511104554528e-12
8098.995966961759,605.2919243630002,5.541194166290627e-12
8100.005310709838,605.442516749927,-1.4658704010380634e-11
8100.58681723569,605.5292850644015,-1.9829899349577228e-12
8101.892606285996,605.7241484218756,-1.4051354814264698e-12
8102.376953220757,605.7964356704429,3.0452894875796932e-12
8102.499461225489,605.8147202875327,-9.301661914281588e-13
8102.802971342115,605.8600211001032,-5.250680163617397e-13
8104.485735493573,606.1112151222669,-3.3331319517508763e-12
8106.1294572782745,606.356631469433,-2.0802199521650812e-12
8106.9227503320635,606.4750921198254,-1.604850113371064e-13
8107.744315140987,606.5977867466695,-1.0572499893375593e-11
8108.170231869112,606.6613991530455,-2.114499882245183e-11
8108.420079216587,606.6987164319254,-3.3255874782029067e-12
8108.97747676036,606.781973649696,-4.309559938104395e-13
8109.844793167769,606.9115341322693,-8.047780643487094e-12
8109.94774434391,606.9269139889155,-2.000201017708621e-13
8110.622336583395,607.0276960264738,-3.491617435826225e-13
8112.510837793316,607.3098769696371,2.496070993617582e-11
8114.021471250517,607.5356439883011,-3.383733294776073e-12
8114.280638188933,607.57438120048,-1.6867848114153622e-12
8116.025157766373,607.8351635717853,-2.0823289692448807e-12
8116.1376651176515,607.8519838420933,-9.511877283159552e-13
8116.342754911412,607.8826461341582,6.922091679854236e-12
8117.667394732595,608.0807072857295,-6.171278560803245e-13
8117.764710814818,608.0952593347334,1.696940975468021e-12
8118.028844282213,608.1347571098729,-1.3468166616299086e-11
8118.797537580296,608.2497126540204,2.0905387755513003e-12
8119.552190145252,608.3625790410763,8.45023715329444e-13
8119.715716108725,608.387037486128,-4.052658051206578e-12
8120.181690548537,608.4567356049114,-2.2623922280672274e-12
8121.519033972953,608.6567909366769,-6.228252315406515e-14
8121.907325557223,608.714882264271,8.37630151810228e-13
8122.699725959403,608.8334399130299,1.0560706049014155e-11
8123.641666689839,608.9743865869204,2.809221749140763e-11
8124.067126442063,609.0380553319345,1.4011257693172346e-12
8125.2819280640015,609.2198650155423,5.122295296398712e-12
8125.892319811938,609.3112277481445,9.61006030755783e-13
8126.153238255727,609.3502838136676,-1.008057136414884e-14
8126.765461602088,609.4419305343994,-2.5612836386644787e-12
8127.711531307855,609.5835659353252,1.7470147617355933e-11
8130.3840948760635,609.9837625380411,1.3387289223920941e-11
8130.420983859474,609.9892873106901,-7.279313378599497e-13
8130.456688509212,609.9946347324595,-1.8565318846482669e-13
8131.258755282337,610.1147650327507,1.7562245624730685e-12
8131.777355846121,610.1924452248556,1.8660918329390675e-12
8131.837135680171,610.2013998509526,2.23159759175928e-11
8131.913468908272,610.2128341623372,4.224148317409348e-12
8132.860096983109,610.354642929705,1.1999476938680276e-12
8133.412215015554,610.4373600964051,1.8088368151188515e-11
8133.589011753984,610.4638486002268,-7.2458384989869955e-12
8133.747960568856,610.4876635372397,2.787988683533775e-13
8135.517570675429,610.7528316009409,-6.04586066093975e-13
8136.773847231925,610.9411139676816,7.579630652981351e-12
8137.464959067641,611.0447056044624,1.6997295784508813e-11
8138.032848038403,611.1298337935916,2.7022749197910926e-15
8139.665520026719,611.3746091086574,-4.901285573659682e-13
8141.689207849255,611.6780748966894,2.674920381871362e-13
8142.015744007437,611.727048288501,-3.784463930651169e-12
8143.011571593564,611.8764131099985,-1.3115138102640093e-14
8143.412799670299,611.9365987305824,5.18595736707693e-13
8144.5079402308165,612.1008887539839,1.6351525124279972e-13
8144.637948725614,612.120393743587,5.117096643935571e-13
8145.26173394187,612.2139836833146,1.739298040403632e-12
8146.0305286330895,612.3293400557895,-3.429799029134687e-13
8146.0547265108025,612.3329710840724,8.96136222486983e-13
8146.320332299003,612.372827442368,-7.943073138724523e-13
8146.7522771963095,612.437647142994,6.697923593801078e-12
8148.096271059457,612.6393552223027,-2.2180057517001848e-14
8148.277264368703,612.6665214396763,1.948229383967629e-14
8150.71936842913,613.0331284081407,1.600497558408857e-11
8151.753992995153,613.1884786612939,-3.5123195983811178e-12
8152.172041152908,613.2512547409057,-1.1438234652698386e-11
8153.155490615587,613.3989468371042,8.844531127246368e-12
8153.388416488759,613.4339296990676,-7.623974990972856e-12
8154.70701933787,613.6319879475725,8.348674618742917e-13
8154.849693943229,613.6534200372222,-1.1534538073402854e-11
8154.966575656632,613.6709778865647,-1.9579117425283618e-13
8156.7837902601395,613.9439903443221,4.939125211831597e-14
8156.832186015564,613.9512619980204,-2.7913132846583933e-11
8156.873470661294,613.9574652134575,-6.112460624667305e-12
8157.425791480131,614.040457077298,2.4951241448660037e-12
8158.200779634323,614.1569164646282,-4.133278061259495e-12
8158.415133921076,614.1891299668679,-2.1733798880771545e-11
8158.91617824335,614.2644310038306,-4.856736120403103e-12
8159.800213338389,614.3973023028894,8.855781131248807e-12
8160.775659039779,614.5439294072372,1.2659542671708935e-12
8161.109171116668,614.5940663160425,1.1220319592981372e-11
8161.581029732066,614.6650043759872,-1.1584200078755397e-11
8163.074809310182,614.8896025555936,9.899094675047113e-12
8163.152860245913,614.9013390836838,-3.212506673075514e-12
8163.757583102096,614.9922751312492,1.616330952611612e-11
8164.81259835534,615.1509406572732,4.980103100322985e-12
8165.47610700078,615.2507373453733,5.493032283341799e-13
8165.686442508025,615.282375079693,-1.8442177018370886e-14
8166.329873448474,615.3791621682285,-1.0142659699167938e-12
8166.423750420448,615.3932841017837,-9.62178712764936e-12
8166.77439556065,615.4460331630082,-5.801131337858984e-12
8167.574943717514,615.5664715641578,-2.5202955767947748e-11
8168.168671875459,615.6558025722153,2.687727287588699e-13
8168.389667798466,615.6890547818515,1.860375458034179e-12
8168.674293346309,615.7318823651973,1.089034201303824e-11
8169.29790077118,615.8257217409403,2.0889447617679822e-11
8169.457150070752,615.849686450658,-6.7605272623478696e-12
8170.155762396462,615.9548229923702,-7.017214526104021e-13
8170.192549986641,615.9603595309369,-2.016183620647097e-12
8171.225867525504,616.1158841803565,-1.7335394738597085e-12
8172.17336695157,616.2585096295841,2.7305952987804274e-12
8172.661665070204,616.3320187578654,6.475858213430523e-12
8173.328879512835,616.4324693177956,4.18944812890244e-12
8173.826675013737,616.5074188354771,1.4330854334271839e-12
8174.383860968293,616.5913157641496,-6.480476314979554e-12
8176.034715162389,616.8399227182454,-4.175730391745986e-12
8176.421166345531,616.8981267819486,2.033590543646195e-11
8176.489026338927,616.9083475738207,2.0968292743277756e-11
8176.829615727747,616.9596470218551,-1.5949457047445516e-12
8178.051972937421,617.143775609772,-1.6354273549140553e-11
8178.160584202574,617.1601374933599,-4.991444546507625e-12
8178.850769588868,617.2641164354858,1.0598330764218067e-11
8180.576404597138,617.5241280305979,8.795299004787705e-12
8181.94036596925,617.729682940969,1.5718393909352885e-11
8182.370914943757,617.7945756599337,1.1706024405958328e-12
8182.467706454597,617.8091646314341,-6.597816189947101e-12
8182.545266616712,617.8208550683345,4.6649607474425926e-12
8182.704562211579,617.8448656170774,2.690294104893884e-12
8183.964053791429,618.034724638281,3.3954646267310422e-12
8185.127379825009,618.2101133756861,1.375306909955554e-11
8185.1568447164245,618.2145559709039,9.566635594146375e-14
8185.291261371085,618.2348229644894,4.33468401388303e-12
8185.450734757274,618.2588683785514,7.812269559752995e-13
8185.819773692538,618.314513904701,-3.0183853815872708e-12
8185.8262926353955,618.3154968858775,-1.6783436728447391e-12
8186.168108958232,618.3670399301209,2.710470425642033e-11
8186.99100209414,618.4911341639373,-7.321348773240967e-13
8187.401795148556,618.5530873971618,-2.279219710312663e-11
8187.8514189806365,618.6209004079943,-2.9485485658516797e-13
8188.9532687727005,618.7870989630466,-5.229494561856373e-12
8189.688745086625,618.8980476741851,6.808425851998793e-15
8190.027515374564,618.9491554954919,-2.408331256063569e-13
8190.074092029119,618.9561823435495,6.050222453449989e-12
8190.2731536535675,618.9862144868773,-3.6606013715682305e-14
8190.759074302211,619.0595277076281,1.4888119145867843e-11
8191.144543938106,619.1176884873398,3.118535237490874e-14
8191.472340827992,619.167149588844,-3.581439563471627e-12
8192.970998039244,619.3933064034968,8.5491220788333e-12
8194.105929624247,619.5646022588767,2.4830020865011254e-13
8194.915831169712,619.6868556570275,-2.2221933722446795e-14
8195.372642509576,619.7558159588542,-1.2458430705336215e-11
8195.416541209444,619.7624431149887,2.6892665446652993e-12
8196.742632050851,619.9626528165284,2.203296910321209e-11
8197.425405842674,620.0657488376977,-7.384023485606089e-12
8198.735480358939,620.2635887222613,4.814955967870847e-13
8198.791689586726,620.2720778224297,-5.1762105173373115e-12
8198.89745390848,620.2880512279675,-8.048819312523051e-13
8199.874955294767,620.435691351721,4.522558948326913e-12
8200.254083779111,620.4929590014355,2.5722159818456274e-12
8201.154727365963,620.629012525269,4.479654650517714e-13
8201.263427526766,620.6454340601057,1.138645986108289e-11
8202.41554727297,620.819500305428,-5.7652987218382444e-12
8203.655528319447,621.0068682599247,1.0132421931894319e-11
8203.793303991273,621.0276886698542,2.4695145756840726e-12
8204.88422668052,621.1925592759951,-1.969410023983426e-12
8206.28997596939,621.405041795817,4.2983136687706466e-13
8206.32041360541,621.4096429232269,-7.346738601492092e-12
8206.798833763936,621.4819658970564,6.93313208527322e-13
8207.288650498644,621.5560160641182,-9.571340154790019e-12
8208.146512123789,621.6857176603658,-7.39728752333194e-13
8208.721622399922,621.7726771770946,-2.7573729365347784e-12
8208.807977581617,621.7857350335552,1.5306509776369782e-13
8209.021071136558,621.8179577184126,1.769522220488688e-12
8209.052981093411,621.8227830160523,-1.076090957141211e-11
8210.35985308358,622.0204191511832,7.653867008716926e-13
8210.490217160985,622.0401356252238,-2.144660819127833e-12
8212.155357474763,622.2920016778191,-1.5236646969447248e-11
8213.446268237705,622.4872976054439,2.540546130670745e-12
8213.818310607458,622.5435878757295,-4.641402529767654e-12
8214.29515705191,622.6157388039366,1.9207009757022184e-12
8214.31935492962,622.6194002605883,1.2360719842601443e-12
8216.19090086674,622.902622415098,-1.4711534704822984e-12
8216.5148479658,622.9516520719674,-2.5800060453356293e-13
8218.024935550817,623.1802305644577,-5.381034915075641e-12
8219.333804433123,623.3783850265432,-3.9530528106170784e-12
8220.743707692372,623.5918707587597,-1.9260774552761716e-11
8221.222250544277,623.6643394233034,1.0528736549485868e-11
8221.600854457236,623.7216767133408,-4.2097010939399914e-13
8222.141499515203,623.8035587395568,5.9347251449766134e-12
8222.579705470866,623.8699300619797,-3.430494995078991e-12
8223.898486110927,624.0696958701126,-2.3036968353860605e-12
8224.64467793843,624.1827414554909,-6.97221796523815e-12
8225.462849932032,624.3067035856297,-3.327374543993709e-12
8225.699705688972,624.3425921609813,-3.348726658943796e-12
8227.735492449647,624.6510988258343,-5.618062876647911e-12
8228.064841753361,624.7010161663297,-6.08858694874047e-12
8228.644550478217,624.7888837162494,-7.242067791965563e-13
8229.159491539887,624.8669395004171,5.316458589657284e-12
8230.858885482608,625.1245716527242,1.3892604278478674e-11
8231.89795200592,625.2821228095919,9.667151523067882e-13
8232.173503349548,625.3239073332287,-7.145857655285784e-15
8233.916102432055,625.5881869300013,4.946726720756463e-13
8234.19495769494,625.6304828340963,1.0986591561095475e-11
8235.733317034974,625.8638421701864,2.844494034637596e-12
8235.781712790384,625.8711842060245,-2.3572565934846793e-11
8237.4059453411,626.1176187219883,-3.240581225183476e-12
8237.841507139794,626.1837120177896,6.014777230438346e-14
8238.093842152934,626.2220035967628,1.6586572191948442e-13
8239.304726388025,626.405770354052,-1.2396925084083909e-11
8239.847782713652,626.4881946848593,9.093764209100532e-12
8241.489896985639,626.7374655455585,3.2739408352391197e-12
8241.641645795082,626.7605033292905,5.948562136515485e-12
8242.260654771,626.8544827272095,-1.109666340636657e-12
8243.266728396964,627.0072422486995,1.6882488660213956e-11
8243.894320803405,627.1025436398929,-2.310527548245282e-12
8244.395365125507,627.1786336136092,2.9870003211101948e-12
8245.328185356033,627.3203065877282,1.2346289430388841e-12
8245.337259560172,627.3216848199728,3.696121211229256e-14
8245.404886664304,627.3319563862285,-3.25507280387783e-13
8245.823180208705,627.3954909189206,7.86365710806999e-13
8246.164751144652,627.4473744586666,3.275125870490598e-13
8246.247624615753,627.4599629995517,-6.1673346272319215e-12
8247.566439053431,627.6603089033194,2.768201308285343e-13
8247.720209750185,627.6836708554218,3.6144657772117843e-13
8248.538191454829,627.8079518502725,3.434853308270097e-13
8248.70114655156,627.8327120933253,1.4249245618194875e-13
8248.731863372124,627.837379421239,2.1388206109624158e-12
8249.21456899705,627.9107273625505,-1.6760023283694855e-12
8249.33555838557,627.9291125787995,7.259969217029833e-12
8250.167491927667,628.0555382239544,1.0621934158391119e-11
8250.27749911552,628.0722565349388,2.0308312023699455e-11
8250.922893150191,628.1703445995295,-1.1425011416135063e-12
8251.20563200159,628.2133181399199,9.555063986231514e-13
8251.226838942324,628.2165414468874,3.4850940781217893e-12
8251.481183345199,628.2552006663124,-1.0996773523193885e-11
8252.234977055923,628.369780961146,8.195099414952231e-13
8252.40266579239,628.395271884448,-2.1726642408046748e-11
8253.292001698537,628.5304714555722,1.725869785538837e-13
8254.339952137005,628.6898027928553,1.1080302079480122e-12
8255.849235965896,628.9193112263432,1.0233652215205786e-12
8256.83024036272,629.0685096329053,1.7028264547454775e-12
8256.967334972025,629.0893614071833,-1.7468403178023993e-11
8258.584447610292,629.3353466418888,-8.670373080991866e-12
8260.026975686407,629.5548157970309,4.513426347544899e-12
8260.073417149984,629.5618821326409,-8.777032468829442e-12
8260.300919518206,629.5964984995726,2.6486101728116924e-13
8261.306747757293,629.7495550106665,6.0460406235568e-12
8261.731949624911,629.8142634258604,-5.701162544849226e-13
8261.776093711576,629.8209815878586,-1.1178451292942009e-11
8261.783594201657,629.8221230695094,1.5323651420796607e-12
8262.317195745327,629.9033332718647,8.629481762291783e-12
8262.841299906726,629.9831031487224,2.588567596867722e-12
8263.424312550762,630.0718449790908,-3.587525107139418e-12
8265.673023877313,630.4141856713803,1.9827057474950448e-13
8266.70437832133,630.5712287987001,6.956347919115925e-12
8267.849120270555,630.745560251576,4.4227755428408896e-13
8268.100664025327,630.7838707995637,-4.684288818359455e-12
8268.431206465277,630.8342147557553,1.992875405781867e-11
8268.731670546804,630.8799793110232,2.1286813234163293e-12
8269.825482779514,631.0465950694955,-2.903078268754653e-13
8270.606566698078,631.1655877439899,-1.5231748985340214e-11
8271.291548970947,631.2699492538961,7.893074058199343e-12
8271.318035422946,631.2739848109014,-4.410136479962876e-12
8272.316261778684,631.4260870591527,-8.142987020252531e-12
8272.343484391096,631.430235293851,-8.545210057426809e-14
8274.294578579436,631.7275823770537,8.857785739303004e-12
8274.715228293564,631.7916986533078,-2.670129307567755e-13
8275.76043318178,631.9510249978459,-6.234861178023101e-12
8276.05432322252,631.9958279020117,3.1739196825503787e-12
8277.598250060732,632.2312223593973,1.4331541889913599e-11
8277.685007120353,632.2444510579551,-1.2165122895609418e-12
8277.963371609578,632.2868969539704,1.367179108611014e-12
8278.149454141107,632.3152722017829,2.0735393730692584e-12
8278.173461729923,632.3189331038614,-1.2716837794349564e-12
8278.49130426156,632.3674017118126,-5.951302295632315e-12
8278.63845462221,632.3898416710282,2.7397059917024266e-14
8278.784847522267,632.4121665157193,6.320167230881192e-12
8278.827874870742,632.4187282400992,1.3339005073628994e-11
8280.302122614701,632.6435734643235,1.6318318713639588e-11
8282.925799652237,633.0438231803843,-1.4597420971840252e-11
8285.039848937202,633.366419919622,-6.692146039571751e-12
8285.272529423442,633.4019312005801,3.597367114442446e-13
8286.121418237406,633.5314955541706,-2.333054452901304e-13
8286.174556435159,633.5396063819837,2.2962244811187418e-11
8286.822450633099,633.6385028593813,2.278789553997558e-13
8288.876855274984,633.9521443631583,2.300204288739018e-12
8290.345019751718,634.176333484808,1.9568183756346463e-12
8290.393415507117,634.183724206036,-7.2432782492376315e-12
8290.871958358888,634.2568068386609,9.771693830314626e-12
8291.881670186385,634.4110229585419,2.3646313195168214e-12
8292.049972389837,634.4367300522642,-9.620697637091555e-13
8292.477407733779,634.5020204343455,2.124785278105947e-12
8292.74301352182,634.5425931860004,-7.292062451922078e-13
8294.744690646474,634.8484022264229,3.1309853258347327e-13
8296.65158565006,635.1397994417238,1.1001005108398264e-11
8296.909178874226,635.1791680176175,2.002854874055575e-12
8297.605379931876,635.2855761721617,8.714647264230113e-12
8300.88044537528,635.7862606579608,2.4855394355231634e-11
8301.637932385505,635.9020916669394,5.7652793731277295e-12
8302.556288704574,636.0425361563023,6.085046932042714e-16
8303.225165756572,636.1448374896898,4.879727845628649e-15
8304.057725263065,636.2721847328537,-9.85384910731392e-12
8305.177152596232,636.4434310394961,-3.696381623567097e-12
8305.754775533063,636.53180292248,-1.991533513355899e-12
8307.440285233297,636.7897081236152,-5.743936370361451e-12
8309.296229220108,637.0737525542908,2.0395770204228053e-12
8309.548039661826,637.112295973013,-6.9442685095355e-12
8310.04878349907,637.1889459055677,-2.914402770805239e-12
8310.85497924695,637.3123617213128,8.082178197950587e-13
8310.950620221813,637.3270036360299,2.3978912374290083e-11
8311.107314260018,637.3509926802342,8.254665563297652e-13
8311.224788140184,637.368977618389,-7.0367482089788235e-12
8311.763212219144,637.4514121633957,-1.2749217633996011e-12
8311.944594908657,637.4791836682833,-8.1361938281149e-12
8313.060908611418,637.6501158097257,-7.53234262264629e-12
8313.247080038582,637.6786249768063,-8.472916853494004e-12
8313.2613661585,637.6808126932374,-4.711720858080131e-13
8313.691178972365,637.7466341812573,7.449271938300538e-13
8313.93595839743,637.7841211969155,-3.739678351731712e-13
8313.952477993727,637.7866511485103,6.386376498995718e-12
8315.888448508182,638.0831769671455,-4.3814671149071685e-12
8315.969837160863,638.0956444940781,1.0643428582584985e-11
8317.652690206525,638.3534598106153,1.3262941098030756e-14
8318.203703997933,638.4378871905342,3.9939648814616636e-12
8318.244476569846,638.4441346636945,2.384582309574004e-12
8318.334156970941,638.4578762616827,-6.333343706156055e-12
8318.709714848865,638.5154240607156,-1.2922695123681143e-11
8319.577945207278,638.6484754077663,-2.0482226374634435e-11
8319.9502880616,638.7055390794925,-4.866879428511141e-13
8320.261734343727,638.7532719647501,5.375485610700231e-12
8322.569857423568,639.1070752508754,1.1625779622764533e-11
8322.7195880406,639.1300302693082,-1.402628797772752e-11
8323.04171603866,639.1794167201015,2.8451938006426276e-11
8323.495312354693,639.2489622306748,-2.0122092163363838e-11
8324.277712102783,639.3689288796961,-3.1193202690431903e-12
8324.998199933716,639.4794124450032,2.7470734165706845e-12
8325.835759766856,639.6078604939107,7.1156942513283135e-12
8326.216897640757,639.6663160185409,-2.4374863019406685e-12
8326.29041772315,639.6775921803243,7.291613519247983e-13
8326.301488819474,639.6792902212316,-1.3964944283102072e-11
8326.346859840154,639.6862490722793,-2.357913994161326e-12
8326.355654859743,639.6875980265113,4.1689828208749294e-13
8326.51078768144,639.7113920765694,-1.2165781501619895e-12
8326.869077305077,639.7663477202877,1.2860763588030093e-11
8329.629358177786,640.1898079847268,2.784850288413694e-13
8330.501730009062,640.3236694973394,1.4836216572876244e-11
8330.876450333326,640.38117294069,-3.585102405989626e-12
8330.915057024344,640.3870975532591,-6.603205776124299e-12
8331.060244290522,640.4093783488382,2.8323907903887164e-13
8331.616448697505,640.4947384406191,4.390008180066166e-12
8331.959491954169,640.547387761267,9.161241291851343e-12
8332.691152274625,640.6596881854142,-2.650275065559982e-12
8333.236184192061,640.7433499652485,-2.8705668285754075e-13
8334.715956833776,640.9705209803037,2.201919664426095e-13
8335.98427723019,641.1652624749387,-6.823359882119771e-13
8336.364577550441,641.2236606344638,1.5681509348432803e-12
8338.70279148611,641.5827706533582,-3.910406433199375e-15
8339.512659233367,641.7071760910343,-1.694523594813117e-11
8340.269443880803,641.8234382453484,-2.958699920751904e-12
8344.121083117701,642.4153154703677,3.565858521488816e-13
8345.329365795704,642.6010472696246,5.6699929688245166e-12
8345.832263016211,642.6783583029433,-7.821112619784236e-13
8346.539670361013,642.7871168250974,1.7627777238848055e-13
8346.576948724778,642.7928483469068,-2.667591444812911e-12
8346.78593460444,642.8249802506917,2.5616716085006904e-11
8346.874633458308,642.8386180805139,1.4207676550551135e-11
8346.984996228768,642.85558703292,-4.241333811477386e-12
8348.021038016888,643.0148957473995,-2.3319066588207495e-12
8349.409611641297,643.2284431237686,-2.3228181642567746e-11
8349.710063225166,643.2746539522697,-1.2819173364167465e-11
8350.357957422944,643.3743087038168,-1.5390896998494063e-13
8351.798933084663,643.5959776642138,-7.934003665662263e-13
8352.057262469192,643.6357211753112,2.7717525897168763e-13
8352.21976058999,643.6607218487125,1.542608877041397e-11
8353.5798508702,643.8699936366027,-1.0746228107433922e-12
8353.681329725407,643.88560915841,-8.467381275528323e-12
8353.784940663763,643.9015529599548,-4.168436043544432e-13
8356.140934927338,644.2641501482509,2.6569127623401896e-12
8356.97012291892,644.3917899094599,3.4259621340111373e-13
8357.030270833124,644.4010491775703,1.1587173372704134e-12
8357.28434854891,644.4401630512791,8.186067622380494e-13
8357.494527564852,644.4725198591342,1.0708358524969151e-11
8357.97527009513,644.5465326553374,1.1062226663537558e-11
8358.77519228681,644.6696942447642,-1.1681932680026304e-12
8359.251649350603,644.7430584924193,-3.1681691089929575e-12
8360.404873336714,644.9206477526558,1.1521969434868641e-11
8360.45157268464,644.9278396754208,1.275770065884349e-12
8360.985889088339,645.0101298144999,-2.3249720948613626e-13
8361.50931218704,645.0907473735156,-1.918966172171557e-14
8362.104614058586,645.1824418258666,6.617616390926766e-12
8362.127115528816,645.1859078593353,-4.492276108316989e-12
8363.04133037477,645.326737622839,2.636620420866089e-12
8363.9368722411,645.4647058439591,-3.367498397294612e-14
8363.984007264718,645.4719679297426,6.2876950222014524e-12
8365.569544227941,645.7162752063895,4.102359000195819e-13
8366.50040136358,645.8597277930731,-1.42812866049271e-12
8366.547959565327,645.8670573238218,-4.23185240316575e-12
8367.750662247232,646.0524281877945,4.4536249418735686e-13
8372.113101072207,646.7250283211039,1.7170317790583376e-11
8372.852909147383,646.8391265801342,1.8901244256395848e-11
8373.446514611442,646.9306837631509,-1.6895612773132028e-12
8373.694217377937,646.9688911386813,-7.910498233651086e-13
8373.917802359783,647.003379392025,-1.6001628915982597e-12
8374.435857051532,647.0832934922853,1.4716935746603124e-11
8374.98643516713,647.1682300111427,3.5484802630568287e-12
8375.23060112512,647.2058987631962,1.443210570692092e-12
8375.49797091602,647.2471485509077,1.0923566061161299e-12
8375.820936467655,647.2969774036974,-5.996648184748023e-12
8375.938990017066,647.3151918162733,5.828907208610606e-12
8376.04935278751,647.3322198552746,-1.006063563899133e-12
8377.069099065853,647.4895686672331,-6.345925843572581e-12
8377.18406028507,647.5073086059201,5.832263826183254e-12
8377.55433865164,647.5644487946648,3.324457288560921e-12
8377.6017528598,647.5717657880118,7.84418225587579e-12
8378.951115128642,647.7800176644514,5.703617570811533e-14
8379.778306227965,647.9076975903168,-1.0944900814766909e-11
8380.187089892319,647.9707994749097,-6.070675974437347e-12
8380.528884914713,648.0235630215873,-8.975041509091149e-13
8381.38321853339,648.1554575366686,-2.65657272218707e-12
8382.350596572134,648.3048204101642,6.86804756538337e-13
8383.245123093433,648.4429503716675,1.922783073839202e-12
8383.466072720948,648.4770709856541,1.1706016505763248e-12
8384.516523322243,648.6393013444037,1.5227058757479328e-13
8385.246030259224,648.7519774996313,-1.3533157746290731e-11
8385.318623892299,648.7631905015705,-1.4145173523039583e-11
8385.370289769196,648.771171006827,-9.653630035276709e-12
8385.517440129788,648.7939006732604,1.0548001856137117e-13
8386.1053642046,648.8847186894335,-7.224136669538221e-12
8386.259625674882,648.9085488764724,3.3350135255579284e-12
8387.430084117399,649.0893746299747,-1.0452401418689196e-12
8388.682388188443,649.282872773016,-4.385090118846642e-12
8389.713573643261,649.4422267468008,2.479133543199766e-12
8390.830602205924,649.6148685640238,1.4937690963665798e-12
8391.869947913132,649.7755247869229,-9.739598119486405e-12
8392.441889460553,649.8639407874451,-1.37703366561729e-11
8393.002366836323,649.9505903963158,1.6037980469677144e-14
8393.78455499514,650.0715260885889,1.942427953678245e-12
8394.072696051051,650.1160790001857,1.5945732595158776e-11
8394.340044541752,650.1574182940931,6.107525585504202e-12
8396.53962395136,650.49758262707,1.1393804710343866e-11
8396.597127708616,650.5064767622669,-5.955681848336303e-12
8397.974884425865,650.7195933029298,-9.457764398590886e-12
8398.142573162237,650.7455344081454,-4.199446125715235e-12
8398.314547365087,650.7721390042835,-1.1967265959576368e-12
8398.69386613802,650.8308219568502,9.770939832841276e-14
8399.023215441517,650.8817764741343,5.933537349122815e-12
8399.326391275315,650.9286833897012,-6.688530479231704e-12
8399.658105551202,650.9800076704389,-4.765950037471562e-12
8401.148102932606,651.210571569353,-9.312801112849425e-12
8401.177567823996,651.2151314127,-6.098086593143585e-13
8401.452818682717,651.2577286699564,-9.88622585595031e-12
8402.049102101393,651.3500130529136,4.2824732246077515e-12
8402.652708218819,651.4434374111488,-2.1079550025854407e-11
8402.921964706034,651.4851142934546,1.4051742754031136e-11
8403.62297580123,651.5936266044889,2.9711207407069703e-12
8403.893806002501,651.6355519186944,8.748597806655935e-12
8404.31726886207,651.7011079266344,-1.986065799628224e-12
8404.714824938921,651.7626563287749,7.5255045143536e-14
8405.704624354767,651.9159066604678,-1.318962769877212e-11
8406.094815132506,651.9763247350402,-4.09686687676995e-12
8406.833963445268,652.0907839184478,-7.403610610168494e-12
8407.283866461508,652.1604575858998,8.14777346513093e-13
8407.346404343223,652.1701427318344,5.2198180078876735e-12
8407.347385890444,652.170294743123,-1.071407532344417e-11
8407.885898864866,652.2536964133639,-4.529104495705092e-14
8408.5097854737,652.3503269211272,-8.190283242909907e-12
8410.906708799826,652.7216404275786,-1.2653191908313739e-11
8410.953306754516,652.7288600843181,2.0956469220232473e-13
8411.437264308295,652.8038444401294,-1.8210176242715456e-12
8411.77969409784,652.8569030985522,-3.8022627884839635e-14
8413.071878089106,653.0571433020353,-1.598882237018778e-11
8413.746593021178,653.161711111711,-6.874978802748365e-13
8414.096891381007,653.2160039127266,2.1629873728910913e-12
8415.261600838703,653.3965386772206,1.5516754954413417e-12
8416.069370300313,653.5217609466555,-5.866218636619158e-13
8416.419156586348,653.5759893459733,-4.2334308718095435e-12
8416.75988996843,653.628816413935,-3.806296368282664e-12
8417.102856826885,653.68199191823,2.6866997235632035e-12
8417.1324231115,653.686576142182,1.0528805879095311e-13
8417.17545045995,653.6932475198853,-3.0333645661488194e-13
8417.476371517174,653.7399061944516,-2.7651215977576242e-11
8418.264351260972,653.8620926206135,-1.306237975483179e-12
8418.519634610546,653.9016800507197,-9.461124594668938e-13
8419.038112480337,653.9820854110175,-3.096963927230451e-12
8419.567551250602,654.0641956937594,3.33493790777754e-12
8420.836607807023,654.2610337951064,-1.2751572241886715e-11
8421.844479232976,654.4173816900155,6.017894484277721e-12
8422.395581919824,654.5028804135078,-1.3305450873136073e-12
8423.309373587443,654.6446594640364,6.4811576498204825e-12
8425.934522944364,655.0520492294856,1.0715797850320331e-11
8426.395353063308,655.1235772963144,1.1839514285312077e-11
8427.472379012075,655.290763881831,1.8799754564648435e-14
8427.516277711908,655.2975787240043,-4.369939717102898e-12
8427.64176415589,655.3170594582392,-4.1486408307203026e-12
8428.317037457016,655.4218950425529,1.5619333274953208e-13
8429.839033690745,655.6582144167753,3.1428873388153903e-12
8430.112262662124,655.7006430207954,3.2334404399774773e-12
8430.454303071261,655.7537590084647,-7.778478806263903e-12
8431.286169017289,655.8829497605833,-3.007962512911942e-13
8432.194000111114,656.0239526264778,-1.1818548297585831e-11
8432.681963946787,656.0997486580321,-1.6399860450780608e-11
8433.543709159703,656.2336153299741,1.1608383681362794e-11
8433.799673571762,656.2733804185198,3.330191930792701e-13
8434.6256465395,656.4017068320784,2.3078965312331483e-12
8434.920217642559,656.4474755990361,1.9894285270710824e-12
8436.764430769832,656.7340551767591,1.3042266052501306e-11
8436.77127149759,656.7351183011492,-3.944091658387578e-14
8438.108614920331,656.9429727461493,-7.185485381477342e-12
8438.70561319916,657.0357708770592,6.268539448303565e-12
8439.307666902625,657.1293614781455,-6.193249647573764e-13
8440.458838898277,657.3083323405839,-1.1051452926264782e-12
8440.748642563854,657.353391497551,2.3427653614124725e-13
8441.543822312935,657.4770353166231,2.7375136355134842e-11
8442.094924999745,657.5627340216676,1.8332962279690955e-11
8442.257334224822,657.587990382783,-1.2925614051456906e-11
8442.35641430986,657.6033986279783,-1.8795485326036557e-11
8444.08556482467,657.8723331971083,4.1228310000674575e-12
8445.237058605211,658.0514554357625,-6.768898833882107e-12
8445.390829301843,658.0753773019165,1.8845318083770427e-13
8446.600351410973,658.2635559470677,2.1213596724606877e-11
8447.160439406241,658.3507041196385,-7.36755404339699e-13
8447.377594340835,658.384494392871,-1.3661731395996124e-12
8448.83949775819,658.6119956717181,-1.5260145258553385e-13
8449.074610812158,658.648587618955,3.351423720712664e-13
8449.355420366643,658.6922929001064,-1.0139720486244512e-11
8451.180491040768,658.9763828322074,9.139212822974752e-12
8451.221877079674,658.9828256815747,-3.885912682375769e-12
8451.802435855232,659.0732085854085,1.5961936445023407e-11
8452.103356912417,659.1200592032607,-2.68761710460717e-12
8452.71124849621,659.2147073735913,2.085679563489202e-12
8453.039481061453,659.2658157174503,7.534656544051117e-13
8453.33704310146,659.3121501388836,-1.3791907003286906e-11
8454.636972969403,659.5145858717401,7.790807403387288e-13
8456.904602660718,659.8677942628275,-5.551668807698661e-13
8457.5922878829,659.9749275563597,-1.0560045485921307e-11
8457.739438243454,659.997852988444,3.1398364533033167e-12
8458.09333220459,660.0529898719598,4.622882649190906e-13
8458.11227187119,660.055940747991,1.1398435742643224e-11
8458.321469339833,660.0885349923537,8.836797999003775e-13
8459.561149900344,660.2817013445134,4.54601159337243e-12
8459.674148025082,660.2993100587872,3.9341926621617746e-12
8459.91504386148,660.3368501037083,1.564550375391934e-12
8459.93700826279,660.3402729832159,5.653825581584787e-13
8463.6778152541,660.9233609964239,-3.850802835138667e-12
8464.924806015779,661.1177895416299,-2.241579992293281e-14
8465.84377580129,661.261091981983,5.410409533412991e-12
8466.985002241316,661.43907436685,2.664992096550644e-13
8467.429312763903,661.5083742432015,-5.4362745440924425e-12
8467.566821748607,661.5298224929167,-1.0057101994043755e-12
8468.42338884338,661.6634351685204,1.4711965007468385e-11
8469.250042873507,661.7923946334619,1.1969673131445908e-11
8469.332916344538,661.8053237331643,4.8011501468383465e-12
8469.434395199702,661.8211556332808,-1.1409669732933728e-11
8470.838359184007,662.0402100659065,-1.0897825875965163e-12
8471.269098446914,662.1074237302056,-5.421300850322808e-12
8471.921624890903,662.2092521480486,-3.6163314367488217e-12
8473.139104465858,662.3992639137421,-6.838467029659524e-13
8473.223898430972,662.4124987060146,-1.5956449968631303e-11
8474.605170656148,662.6281087728761,8.453719792913003e-12
8475.430631549974,662.7569760948126,4.637702935246544e-12
8477.327470800894,663.0531498508224,-4.094008864875876e-12
8477.752672668159,663.1195502499711,3.6340824650331356e-12
8478.47378646325,663.2321684785866,-5.991169941897763e-12
8478.832076086677,663.2881270687599,4.679329026805486e-12
8479.113833390607,663.3321343064179,-2.4330319848030214e-12
8479.12596612719,663.3340293326268,2.711038507776559e-12
8479.66439020581,663.4181291446444,-1.297393634558833e-11
8479.892806525575,663.4538085262728,9.637994952947913e-14
8479.960712814198,663.464415897594,-4.798043279512512e-12
8480.998628800582,663.6265551978029,-1.0819717589694929e-11
8481.377791082252,663.6857914406186,-4.386737207154067e-12
8482.003720878402,663.7835857840813,7.288314580876936e-12
8482.757256704088,663.9013266783686,4.430336420806452e-13
8483.131016781093,663.9597310281522,1.7560956614995513e-11
8483.363976451705,663.9961349821491,-1.0113212227615446e-13
8485.252477658853,664.291282666428,-6.7943468928856945e-12
8485.613491532258,664.3477118251105,8.052496072838551e-12
8486.627289733986,664.5061888760547,1.031400000893737e-11
8487.126079279067,664.5841666636992,-2.566287726696e-11
8487.762175022393,664.68361673375,-1.4469423492557946e-11
8488.586151097783,664.8124519407451,-5.389613554110018e-13
8488.607815014364,664.815839434984,6.131321103153951e-13
8488.903401462327,664.8620598908714,-1.1419089061446259e-12
8489.17886391002,664.9051350326735,-1.653705426775385e-12
8489.251245954003,664.9164539282725,-1.1220836330412485e-11
8490.261693941156,665.0744749521433,-4.069095067747772e-12
8490.649494751255,665.1351269879355,-1.8146803469884516e-12
8492.672992282123,665.4516468844614,1.928901626995743e-13
8493.263797097832,665.5440760878952,-1.0638525755570915e-11
8493.359907546059,665.5591128160705,1.5436467146259872e-13
8493.67074036097,665.6077445788335,-7.309825045866584e-13
8493.831686067802,665.6329262534737,8.602990984500027e-16
8493.951693908988,665.6517030723825,-3.3141724357735426e-13
8495.070541572075,665.8267743994968,-7.602612241996405e-13
8496.322845642615,666.022755624123,-1.1049748277517397e-11
8497.056815837092,666.1376328302093,8.293314602597725e-12
8499.249977696227,666.4809542709274,2.9419385033366433e-12
8501.387509996892,666.8156526221717,-6.209157780197042e-12
8502.323278563113,666.9622033035923,2.6735353709986342e-12
8502.556293331627,666.9986982464677,-1.173695811432628e-11
8502.611609907792,667.007362115844,-1.954167249806094e-13
8503.125734715457,667.0878887797168,1.6091819838260948e-11
8504.077485809037,667.2369730986604,1.0643809948704803e-12
8505.279786612378,667.4253279110294,-1.0206653768340444e-11
8505.630431752117,667.4802656847214,-1.0234733197913282e-11
8505.674330451933,667.4871437289272,-7.51179467606506e-12
8506.414138526741,667.6030621293963,4.9046920754869006e-12
8507.356066758202,667.7506647460332,5.423074535166257e-13
8507.434028798167,667.7628823338746,-2.0728844187431743e-13
8508.810224298357,667.9785671260794,-3.4162725863513626e-12
8509.318769110025,668.05827784371,-2.6624070839792722e-12
8511.478189413818,668.3968044064046,4.16823635230692e-12
8511.684852921318,668.4292069970862,5.360335721750735e-13
8511.918739041208,668.465878746386,1.1021404480722686e-12
8511.926116837878,668.467035551007,6.553705231649898e-12
8512.610117562896,668.5742880776924,-2.2635348263814392e-13
8512.726474704787,668.5925339416226,-6.265661796996664e-12
8515.047758362061,668.9565845634379,-5.314119715097272e-12
8515.263394680464,668.9904081900444,1.068472588018277e-11
8515.345062517632,669.0032184191983,-3.4959811283505577e-12
8516.901168386321,669.247329080708,-1.683049251658628e-11
8516.908009114077,669.2484023031974,1.68172677994702e-12
8518.404301351055,669.4831720884633,2.5322675972052914e-12
8519.338640196742,669.6297917277767,-1.2620346102141663e-11
8520.235878470005,669.7706045546058,-1.2103912306179522e-12
8520.420387287308,669.7995632585696,1.3353051276331577e-12
8520.421905903444,669.7998016083454,-3.727485343878371e-12
8520.538351940993,669.8180781684284,-8.838431590763488e-12
8520.64871471138,669.8354001717577,-3.901687455265775e-12
8520.81019748711,669.8607461266552,8.79200939302841e-12
8521.018904182092,669.8935049479294,1.5749783146940334e-12
8522.476666126155,670.1223391631587,-9.943748147265217e-13
8522.493151924697,670.1249272682375,-7.210545467461743e-12
8522.544538617023,670.1329944958353,-1.9149519291817384e-12
8522.58604734932,670.139511012088,-1.2232981171959878e-13
8522.652401224052,670.1499280693055,2.608625562688742e-12
8522.969998368586,670.1997895455755,-9.264534528204087e-13
8524.62130953633,670.4590687128954,-4.831813503553595e-12
8527.783935221312,670.9557858213557,8.632950988672691e-13
8529.804463115119,671.273223270792,2.5464799476848784e-12
8530.357173313543,671.360070566497,9.48085859179693e-13
8530.794296328242,671.4287596452251,3.084755446001769e-13
8532.000125137347,671.6182606399149,3.70794050653302e-12
8532.218887583673,671.6526429353517,-3.9202399786199607e-13
8532.522152312982,671.7003076816274,-4.892062245819742e-14
8532.780481697338,671.7409111827722,-2.5646704365254293e-14
8533.562669855752,671.8638608593333,-7.473602924220448e-12
8534.108404135448,671.9496497750831,-1.4962842276969006e-11
8538.276054302454,672.6049813890386,-5.828431713066776e-14
8538.886534945075,672.7010017404457,-1.4284427737755642e-12
8539.062439031666,672.7286703490998,-1.926580464976926e-11
8539.08011796649,672.7314511660965,-1.1295773589060511e-12
8539.43622040877,672.787465705834,8.577478159306127e-12
8539.707710372224,672.8301723609245,4.300979335818918e-12
8539.762891757417,672.8388528197878,-2.1251903074726167e-12
8541.989571084823,673.1891735046669,5.614755895032695e-12
8543.533599314702,673.4321471660568,-2.137856289241913e-12
8545.944808759545,673.8116713227016,3.4256120723654212e-12
8547.111650299823,673.9953705328721,-5.145205124695972e-12
8547.909017229662,674.1209167206613,2.1591328920830813e-11
8548.237160899129,674.1725866577608,-1.58479704115596e-11
8548.487532817528,674.2120118859252,1.1597484195399925e-11
8548.581790367134,674.2268546060335,-9.462141793922846e-12
8549.148998274493,674.3161761931622,-5.003714360433846e-12
8550.40532112428,674.5140378903083,-6.012170808581445e-13
8550.736679817339,674.5662293161666,-1.4909954257917023e-13
8551.11170062602,674.6253002855368,-5.077338925542349e-12
8551.265192138047,674.6494780708686,-6.848694426259096e-14
8551.813358985586,674.7358281493821,2.4924009563562876e-12
8552.918779382353,674.9099765263463,-1.4119699553538132e-11
8553.671579047428,675.0285857744857,-3.625442103671123e-13
8554.723514466457,675.1943435956094,2.4925864928890343e-14
8555.407180908904,675.3020826774513,-2.7885837741235588e-11
8555.533382213063,675.3219716984214,1.652169164266087e-11
8555.686662136026,675.3461286389262,-1.4359503261610128e-13
8557.259385299045,675.5940150639929,1.445842743176053e-11
8557.318005794452,675.6032554761755,-1.260639093479985e-12
8558.35873492619,675.7673172742017,-1.7379390770039104e-11
8559.310384626358,675.9173539462201,-3.898246570393065e-12
8559.938188621109,676.0163423800066,-7.309472627650626e-13
8560.343892452562,676.0803152309202,1.0305617119174148e-11
8560.808149183938,676.1535246352801,-1.6043277883391078e-11
8562.76915512792,676.4628026784075,-1.94691902199294e-11
8562.806657578283,676.4687180292452,-1.7345939330118352e-11
8563.014793406575,676.5015482601731,9.964097374294044e-15
8563.493213564454,676.5770147190484,-4.239338510228355e-12
8563.500714054526,676.5781978871822,4.3121800359189924e-12
8563.952973240283,676.6495416281826,-1.3744241169866996e-12
8566.433125618687,677.0408518528936,2.9743526948635183e-12
8567.728914013198,677.2453421169499,7.781923131795162e-12
8569.058634251824,677.4552193700808,-6.012382305325382e-14
8569.08612355119,677.4595585050358,-1.0888427305699162e-11
8570.203342402,677.6359212089499,-7.087928862298592e-12
8570.327500518662,677.6555220661262,5.643452519695817e-13
8570.640867294585,677.7049945804448,1.2064567261266182e-12
8571.989738788854,677.917967175998,-4.6835253288035e-13
8572.850536251857,678.0538955437514,-1.4756211923970382e-11
8573.067479597286,678.088155180655,1.9038108322226346e-11
8573.719972243292,678.1912018752934,2.4600343266639537e-11
8573.92506203669,678.223592864577,1.9517594003181966e-12
8574.148211342681,678.2588369748247,1.4006486968721112e-12
8574.788414760964,678.3599555319829,1.8640879076061248e-13
8575.272372314446,678.4364004494889,2.1452713593717792e-12
8575.32403819131,678.4445617376398,1.588153250037374e-11
8576.099026344258,678.566986960479,1.5369979074737906e-11
8576.387848462467,678.6126151487076,-2.084110985502821e-12
8576.534943725035,678.6358538845154,2.9683775992920757e-12
8576.77540388564,678.6738436627232,7.261573743663648e-12
8578.582829421837,678.9594289864657,1.436875772286228e-13
8578.996156436737,679.0247458735149,-4.55787208361469e-12
8579.956122880365,679.1764587695551,-5.607107355053834e-13
8582.3230442447,679.5505990537542,-9.600141720715775e-13
8583.587938027293,679.7505836722909,2.1687198196243674e-13
8584.184221445568,679.8448686175894,2.1781884601094617e-12
8584.331908874967,679.8682221172955,-1.5583877982119786e-12
8584.435274426429,679.8845673315387,-2.4965034071690815e-12
8584.671715807535,679.9219565919443,-1.134257650572158e-11
8585.020787233116,679.9771582975939,3.474167332578722e-13
8585.300268460209,680.0213567168526,-5.918249563254741e-12
8586.312112369742,680.1813863016472,7.4550575537296e-12
8586.657723384924,680.2360512148426,-8.695193570373243e-12
8587.147751707986,680.3135622259028,-4.661914088658244e-12
8588.133824025785,680.469549192516,-1.1626572626817425e-11
8588.679088831941,680.5558124259081,-5.029540152203976e-12
8588.749093405944,680.56688784678,3.5920098938102383e-12
8589.402880581423,680.6703278482262,5.8855457598530734e-12
8589.673744580254,680.7131853431729,-1.1088035025784311e-12
8590.33721942687,680.8181694552368,1.8334399044650186e-12
8591.697432399284,681.0334264055297,1.1985644212920679e-11
8592.291037862862,681.1273765694583,-1.0713833953078329e-12
8593.280380302156,681.2839746001125,9.332291982817344e-12
8593.654686250542,681.3432263041797,-1.2245402175965985e-11
8593.725807562729,681.3544849234318,3.172938982416924e-12
8594.329803060118,681.450102147507,-2.0834238883432888e-13
8594.478662325617,681.4736687688625,3.6937320857828684e-13
8594.568668206473,681.4879182277946,3.1428714193832986e-12
8594.665459717164,681.5032421336527,-3.802589455869254e-12
8594.979406162332,681.5529469134666,-3.2748723259682406e-12
8596.446276107878,681.7852094607031,4.974145382800275e-12
8596.682717488973,681.8226510339582,2.1360285332752717e-12
8597.37881715262,681.9328875757491,1.0325696550701186e-11
8597.440483682905,681.9426537126849,8.91573224186336e-13
8598.622829474289,682.1299155263516,-6.9403687019583375e-12
8598.883100652847,682.1711411492709,-4.999138392372522e-13
8599.156955588636,682.2145197170541,-5.314290416590569e-13
8599.430006768524,682.2577723454725,-6.910980638369132e-12
8599.598241376303,682.2844222053446,9.857619433303055e-12
8600.443513287724,682.4183286930052,2.226116998672378e-12
8601.19511981639,682.5374079301507,4.355157891770671e-13
8601.391012712238,682.5684455284071,6.536774556160189e-12
8601.559826989283,682.595193312043,-9.108339661704546e-13
8602.768769428454,682.7867595772786,-3.0647519151415404e-12
8603.37064534024,682.8821415015725,4.718311803644358e-12
8604.16314713417,683.0077429261165,-8.96971763791231e-12
8604.915143043212,683.1269353820362,-5.776744735859718e-13
8606.608364820704,683.3953516538675,-5.411956695115742e-12
8607.11857224191,683.4762421242359,7.30013712244461e-13
8607.526911427614,683.5409854227296,-2.780666354099833e-12
8609.042790595451,683.7813590902791,7.716168852836497e-13
8609.066988473123,683.78519650228,1.249681467694318e-13
8611.286412696712,684.1372089829343,-8.732020922619852e-12
8612.52331390864,684.3334274661299,2.364586675797764e-11
8612.909718795834,684.3947314134307,2.9810995675331507e-13
8612.917219285906,684.395921409153,1.0935499139740739e-12
8613.440274303915,684.4789096404522,-6.755779801143346e-13
8615.043938373758,684.7333793817085,-4.017778602240724e-12
8615.44165094145,684.7964958241396,-3.776604744902206e-12
8616.554292643488,684.973086023602,1.3805761041133035e-11
8618.231798580531,685.239370373935,1.3605674952277326e-12
8619.004578252112,685.3620575037172,9.255141983501214e-13
8619.992626161804,685.518936818217,-5.9054118630325325e-12
8620.264069829876,685.5620389870088,-1.3196638199701769e-11
8621.155905898155,685.7036619718119,7.894955415132577e-12
8621.26519822562,685.7210185297432,1.149468858275826e-12
8621.295915046141,685.7258966636098,-2.1540147143366806e-12
8623.884623591088,686.1370715514315,-4.7265641477771056e-12
8624.939338357759,686.3046314915039,-2.5978945563284407e-12
8627.119462330193,686.6510473777971,7.816660129012704e-13
8629.09260101029,686.9646493314297,1.0826504188198538e-11
8629.2955587205,686.9969106019614,1.6161986532774886e-14
8629.312133414696,686.9995452764203,-5.361798276858128e-12
8629.353519453576,687.006123926046,-9.81705878614546e-12
8630.117123527774,687.1275107053,2.7228630853331647e-14
8630.19928213852,687.1405717380876,9.807493993348e-13
8630.281787529295,687.1536880248005,-1.1547383903399026e-12
8631.174338457779,687.2955892400745,-5.224668121650982e-12
8631.264420736723,687.3099116861416,-4.835573382118712e-12
8631.368712737472,687.3264935643161,4.906856343508515e-13
8631.716557228969,687.3818004527766,3.344772216585485e-12
8632.090093219145,687.4411947428732,3.739241818450765e-12
8632.217601550343,687.4614698617631,7.69673751060918e-12
8632.37802268574,687.486978876016,-1.9126613011119544e-13
8633.425884227065,687.6536139372289,-4.8443151640154326e-12
8633.79841736984,687.7128604955358,2.2484133520603837e-12
8633.948291980281,687.736696827049,-1.2977911949301237e-12
8634.599790581364,687.8403171619813,-7.085434327005061e-13
8634.604579319013,687.8410788358462,7.588824062191335e-12
8634.975348458845,687.900052896645,-2.1517131293586721e-13
8635.021701026699,687.9074258543353,-2.1203633568869005e-14
8635.885489426477,688.0448294816564,2.3231021133574768e-11
8636.019973676388,688.0662232533715,-1.9235072919775132e-13
8636.85733072212,688.1994376147193,1.2432756866104736e-11
8637.266160681396,688.2644826889516,7.058629245488221e-12
8638.525195283208,688.4648151361476,-1.2938271466367156e-13
8638.740742705859,688.4991150897372,1.1173574019463158e-13
8640.084893057634,688.7130283723079,-3.507846301437827e-13
8640.401652648396,688.7634435636077,-4.005516552719162e-12
8641.172846108298,688.8861937967845,-5.42450841953422e-12
8641.486580964349,688.9361338526079,8.744070453124604e-14
8642.153896799016,689.0423626669458,4.1098083457699366e-12
8642.612493441227,689.1153706019601,-6.602561416164739e-13
8643.53700062178,689.2625626110444,2.9590114825778985e-12
8644.033188610001,689.3415678485582,2.2861134626685746e-12
8644.168375222585,689.3630936427321,1.0932879065944364e-12
8646.004372998157,689.6554733070177,-6.322603699028852e-13
8646.469310791888,689.7295237488053,2.905523669966128e-12
8646.982610543215,689.8112814034904,1.4603023619298893e-12
8647.456867927876,689.8868247592366,-2.158530718098383e-11
8647.756617148745,689.9345732523253,-2.036889680048313e-12
8648.00816090316,689.9746441423692,-3.4625469799566753e-12
8648.639167423747,690.0751685349484,6.114489306276337e-13
8648.683556897153,690.0822404097161,1.9929552100044285e-12
8650.24007344567,690.3302385955014,1.1606058038826828e-12
8650.339889691051,690.3461437382724,1.7226437731737644e-11
8650.543528463739,690.3785929708785,9.967605812215246e-14
8650.800630913962,690.4195625724817,1.6324705415630974e-11
8650.805809031996,690.4203877246681,-1.00220087443366e-11
8651.181278013797,690.480221406609,1.3418756233659463e-12
8651.257141768312,690.4923111567255,-3.492920950261032e-12
8651.305537523649,690.5000236248779,2.5402656629547056e-11
8652.442922974746,690.6812926261526,5.453810309358414e-13
8652.559034729775,690.6997990933706,-1.1902053485639919e-11
8655.608953970774,691.1859992803392,8.270304602898461e-12
8655.763951601319,691.2107126662434,2.410264368321004e-13
8656.943717136059,691.398833277227,1.390947431412104e-11
8657.299574191384,691.4555818281718,2.7801234752488713e-14
8658.377137208172,691.6274351084904,1.272694499868082e-11
8660.175632533304,691.9143126765217,-4.955827210688327e-12
8660.198502083722,691.9179609767975,-5.1376250542924665e-12
8662.864715692373,692.3433588468541,-6.933022175154016e-12
8662.930088019848,692.3537907319358,2.6143497794401738e-12
8663.13374809271,692.3862905915499,-5.5031850068960485e-12
8665.157524806882,692.7092842636848,-1.4813477358027133e-11
8665.375305705882,692.744046473911,-1.0815769502457499e-11
8665.72511329178,692.7998846266036,-2.1441912495433057e-12
8666.70066038453,692.9556185654711,1.0995107604680644e-11
8667.182875235098,693.0326046328257,-1.6916451388036849e-12
8668.175745680013,693.1911308489664,9.497237024507149e-12
8668.40333694355,693.227471664733,1.4960880988980392e-12
8670.270910393303,693.5257139775189,1.1097226597738985e-11
8670.646959044348,693.5857748720908,1.0121699285474389e-11
8670.720534224567,693.5975262923067,-5.159119084460665e-12
8671.290254792604,693.6885253784042,-1.6343125807891762e-12
8671.478300418306,693.7185624329861,1.424954944137645e-12
8671.824871680426,693.7739229380824,-1.7241499146199045e-11
8673.613010769404,694.0595913661697,7.1504901835016414e-12
8674.9786347487,694.2777995520466,-9.214789509800423e-12
8675.116143733305,694.2997735260684,-3.150998020911347e-12
8675.398916382002,694.344961768648,2.333733908240371e-13
8676.164584943745,694.467326175507,-4.633018329729481e-12
8676.445225509291,694.5121791168528,-2.0134109903148033e-13
8676.779854323717,694.5656625422877,8.703607270031616e-13
8678.318827128229,694.8116617525318,-2.274384606050396e-12
8678.368695204392,694.8196337130457,1.7424562302744015e-12
8678.759567044242,694.8821204628535,9.92103729237706e-13
8678.943504994786,694.9115266880049,-9.389196291690542e-12
8679.706038625973,695.0334398563325,6.140526112839017e-12
8679.889976576516,695.0628492883777,1.5399857974122226e-12
8681.634597543425,695.3418238648612,-4.453554158997315e-12
8682.11072912681,695.4179696866515,-3.8284886961086857e-13
8683.279512460795,695.6049062428201,-8.38355769730551e-13
8683.905442256495,695.7050285237476,2.510664532797997e-12
8684.530957676681,695.805091731966,1.532996619445672e-11
8684.954564529398,695.8728598791746,4.506258858687596e-12
8686.204000355532,696.0727624683788,1.2812944627070853e-11
8687.267912019499,696.2430049207367,9.329059789837487e-12
8689.244621305426,696.5593645809482,1.0804525234856363e-11
8690.15343394563,696.7048383761717,-4.086360713008774e-13
8690.394329781831,696.7434011648935,1.07216808962229e-12
8690.492783902206,696.7591620831037,-5.863900251993225e-13
8691.112774424315,696.8584166778936,2.107778126284181e-12
8691.670709035765,696.9477427637905,2.1180348673899123e-11
8691.763604460335,696.962616003754,1.818831440256e-14
8693.449693827453,697.2325989255621,5.797473676639717e-13
8695.420878215275,697.5482987248616,4.446042467708291e-14
8696.171993970082,697.6686143167175,-2.5960653369005538e-12
8696.537416003095,697.7271522857413,2.3299728131283846e-11
8697.025870611913,697.805403025782,-3.320761050519513e-12
8697.972799169454,697.9571141037269,-4.6311175725732277e-14
8698.677215576383,698.0699820880706,1.2875967207000655e-13
8701.715882234324,698.5569695727809,-1.1664308366922365e-11
8702.240544763969,698.641071067829,-2.0758723784099473e-12
8702.619863536487,698.701877645495,-2.3819743522737372e-12
8702.840043205591,698.7371746945025,-1.2615728570421437e-11
8703.19497381156,698.7940755745599,6.94793222089356e-14
8703.271328339675,698.8063166927508,7.629640546802116e-12
8704.04386262422,698.9301750271046,-9.349025588883328e-13
8704.958077469044,699.0767628256643,5.687441656253927e-12
8705.026686120285,699.0877643522556,-1.3260399594924642e-11
8705.27196881617,699.1270966041553,7.59790769231705e-12
8705.471812895956,699.1591433762368,6.5402386827303426e-12
8705.572889873085,699.1753522468586,6.992012225044819e-12
8706.43935622733,699.3143079407447,-2.4108489067253724e-11
8706.98105042703,699.4011867681237,-2.3792570502889017e-12
8707.479070013565,699.4810656760103,1.6564645990759374e-11
8709.744601417433,699.8444989577124,-2.869262589032581e-11
8709.85240892647,699.8617956394837,-5.483675247929145e-15
8711.625424341679,700.1462896871053,-1.3471496416356037e-12
8712.446900253059,700.2781214859352,-1.0400500836257285e-11
8712.856331181676,700.3438322732536,1.593388032719501e-13
8713.179753708791,700.3957414994862,1.1543345484479295e-11
8713.34216293371,700.4218088619368,-2.3773188522964105e-12
8713.775580150927,700.4913765234296,-7.211819171175234e-13
8714.33820210676,700.5816879583775,-1.6621224171244879e-12
8714.807425366858,700.6570116004946,9.557422915843647e-13
8715.167368797087,700.7147954792001,-7.006779814438285e-12
8715.923739067975,700.8362279141263,-5.331853879481103e-13
8716.949479716564,701.0009235980674,-1.830592596245493e-12
8718.577016183646,701.2622850141322,1.144342578462321e-11
8719.187598219105,701.3603492194653,3.934687874096358e-12
8719.726635764278,701.4469285329117,1.1544559944780137e-12
8720.221630616086,701.5264384964721,1.495705330505712e-11
8721.316995260857,701.7024006194764,-1.439631700074642e-11
8721.572735586022,701.7434865690103,-1.3431520631779057e-11
8721.622459668599,701.75147512898,9.560931345382602e-13
8721.695053301582,701.763137941586,5.086415690801497e-12
8721.898011011726,701.7957454174119,4.6619346053694656e-14
8723.234973855338,702.0105627413661,8.587489118990401e-13
8724.110023640047,702.1511797293316,5.99591970007823e-12
8724.537983554665,702.2199563058023,-3.1305106368894504e-12
8724.540572613681,702.2203723985324,-9.5365203695598e-13
8724.96140011844,702.288006049711,4.46788470546558e-12
8725.258661673435,702.3357826599764,3.1101220467616792e-12
8725.604082399563,702.3913015756596,2.848986648213692e-12
8728.738402529505,702.8951762439784,2.6420479282658388e-12
8728.77742359598,702.9014504280993,3.2386798537022387e-12
8728.911269383712,702.9229716602813,-2.2932268061986125e-12
8729.346831181618,702.9930084726602,1.87721400316577e-12
8729.493055092727,703.016521549229,-2.518306373660563e-13
8729.716640074286,703.052475191197,1.001499070236008e-12
8730.519320312618,703.1815579858998,-2.9026641835351247e-12
8732.921231465138,703.5678915394723,-9.68520308126206e-12
8733.146969830022,703.6042057165206,4.209550490880654e-12
8733.61882844441,703.6801159042005,1.3177583861378437e-11
8733.727528605,703.6976036083571,-1.879480616649758e-11
8734.95408238295,703.8949469163528,8.133857544447493e-14
8735.745691524959,704.0223256073987,-1.0672399989280035e-11
8738.5138747616,704.4678477534974,4.882425242865347e-12
8739.284632545554,704.5919216232537,1.3241568009935082e-12
8739.318395400944,704.5973568988195,3.3199945674280045e-12
8739.340528790939,704.6009200292823,-1.7013650651536088e-12
8740.206470573734,704.7403302287834,1.0083585003367768e-13
8740.95134657013,704.8602607864098,-5.292993994046694e-12
8741.27671089147,704.9126500614705,-7.95156866258564e-12
8741.508744112572,704.9500126087004,3.514418221025554e-12
8742.012110805792,705.031069333529,-5.7495809178123715e-12
8742.47901169381,705.1062581721794,5.241668721783176e-12
8742.908824507005,705.1754779670316,-9.565705070125302e-13
8743.365771036904,705.2490712806034,1.3512293403058135e-11
8744.115144088828,705.3697695394104,9.063753793879249e-12
8745.689999333965,705.623458338272,-7.853376698022423e-12
8746.628458351623,705.7746536647651,5.474243507234017e-13
8746.690861042296,705.784707950415,-2.663055280432144e-12
8748.947597426288,706.148360223383,-2.7306427501629667e-13
8750.089771614654,706.3324468248667,-6.135641767805805e-12
8750.389254148433,706.3807190274332,3.995056560477086e-12
8750.503322715937,706.3991056460014,-2.500107849826813e-12
8750.58480026415,706.4122390917234,5.050964047318984e-12
8753.375675259738,706.8621767966724,1.66528168680148e-11
8753.906721541172,706.9478069633195,-2.7342358337468557e-12
8755.186493609746,707.1541890324133,-1.9849514547883126e-11
8755.275192463483,707.1684941451392,8.493958157196925e-12
8755.728433196158,707.2415938546119,-2.9122869489873913e-12
8756.69832019958,707.3980321775864,-8.481515708592156e-12
8757.436655952908,707.5171339629449,8.677119492560406e-12
8757.498622967885,707.5271303898118,4.4773696797017814e-13
8757.906962153382,707.593004829836,-1.2216633387591284e-11
8758.684505567115,707.7184488397813,3.1959005460389254e-13
8758.814514061612,707.7394246869984,-2.1457539167142704e-13
8758.865989649557,707.747729953963,3.1001916362974705e-12
8758.956384910747,707.7623147870202,-3.0028152240593e-14
8759.692643678838,707.8811121421776,1.3112122375773255e-12
8760.412183759161,707.9972215394653,5.5788140358303225e-14
8761.356087581791,708.1495501067369,1.1806785259762734e-12
8762.796872952495,708.3820977836853,5.585566857802791e-12
8763.329281358903,708.4680399937306,1.9422089728335815e-12
8765.39493488486,708.8015304937629,-8.101805782975626e-13
8768.546857551097,709.3105457437091,-3.195335138790254e-12
8768.792842609604,709.3502784477795,1.9074187870560547e-13
8769.58120293019,709.4776257548374,-9.454536362361452e-14
8771.708366495212,709.8212929540338,2.1590981573403205e-12
8772.820673914188,710.0010319157501,3.3058982281040294e-13
8772.871256850573,710.0092062090534,1.801594254624501e-14
8773.338728605198,710.0847527141159,8.536048789912865e-13
8774.377905322284,710.2527049154339,1.133032158023618e-12
8774.952224338882,710.3455351441568,-1.0559488253981113e-11
8775.416971843524,710.4206591959635,2.068179556060759e-12
8776.708039094938,710.6293744777697,6.117219396702518e-12
8777.14989574899,710.7008125388642,4.85891081551297e-12
8777.456464397299,710.7503797534403,6.083489603511808e-12
8778.109536712118,710.8559768043268,1.9746514591114222e-12
8778.194419572803,710.8697023234382,8.327465124764819e-13
8778.327774586902,710.8912660352725,1.6125898135664135e-13
8778.440895404912,710.9095581031328,9.974212633259958e-14
8779.431756459711,711.0697941912324,-7.689588095964782e-14
8779.848565184902,711.1372033944443,-4.447144790244714e-12
8781.55438917138,711.4131144515178,1.5542407396144236e-11
8781.651180682009,711.4287717464587,-1.0999204313698533e-11
8782.179413817752,711.5142234175912,2.1826437361395373e-12
8782.602830381444,711.5827227428164,4.5966759445714385e-12
8782.854094951199,711.6233732890314,-5.738527100367884e-12
8784.096398367059,711.824374991917,-2.544836135031543e-12
8784.224765552006,711.845146114057,-3.307010302901065e-13
8785.782487733653,712.0972256699399,1.137888871974192e-12
8785.842212469637,712.1068915596968,6.117760581236895e-13
8787.505444783379,712.3760965429706,-1.7567498115019059e-12
8787.50691710421,712.3763348702612,4.207822151272114e-14
8788.010461588676,712.4578468876268,2.985328107342046e-12
8788.417282157992,712.5237049875034,-2.352549813199986e-12
8790.222909892193,712.8160456142706,2.3903012933849284e-11
8791.344760988657,712.9977094556596,-1.0753697606718059e-11
8791.733543345568,713.0606712560947,-2.4566747572809805e-12
8791.873273308925,713.0833006639141,1.8111964812964172e-12
8793.646589208372,713.3705221992703,-1.5691567732244476e-12
8794.11689540879,713.4467067658532,1.3603328509741883e-12
8794.545836870528,713.516194240521,1.1924715508863084e-11
8794.660184622559,713.534718870719,1.602760294457561e-11
8795.5216631474,713.6742883521777,4.94107604345982e-13
8796.158439952536,713.777462344202,2.6987482572843276e-14
8796.68247651744,713.862375160781,-2.6157417129925284e-12
8796.751588439833,713.8735741614627,-4.9581828528627956e-12
8797.343865575745,713.969551254414,7.926197470602028e-12
8797.643424507574,714.0180965232837,-4.907560740510119e-13
8798.133241241218,714.0974777377497,1.6056799387859186e-14
8798.676162374777,714.1854703796693,-2.9167157197991238e-12
8799.136992493115,714.2601625773053,1.4230704013832051e-11
8799.509034862069,714.320466746308,-2.6355320169572888e-11
8800.692438597958,714.5123010434864,1.1058825417525599e-11
8800.7541051282,714.5222981323818,7.929478911882343e-12
8802.800417109373,714.8540763707073,-3.1848804042644423e-12
8805.313507285051,715.261641098877,-1.5744806679009928e-11
8805.352528351517,715.2679703247688,-4.18841660687152e-12
8806.285348580139,715.4192823285388,3.3621136232899416e-12
8806.52732735669,715.458536125587,-6.775155472638133e-14
8806.978347110482,715.5317034286383,-7.372489277263059e-12
8808.106078687591,715.7146676408782,-2.401577953070536e-11
8808.838318676071,715.8334794766266,2.398628921755217e-13
8809.746530346467,715.9808578573568,-2.1484557416158684e-12
8811.124287061706,716.204459805884,-1.4580720210183775e-11
8811.24894844944,716.2246933533432,-1.7928070798627277e-12
8812.213902721458,716.3813228890577,3.8462090966664895e-12
8812.331867375022,716.4004718630616,1.6522416798514565e-11
8813.365755778099,716.5683119358977,-2.428425383550185e-11
8813.95936124123,716.6646859579113,2.170742300922169e-12
8814.254478215425,716.7126016956936,-2.3812564743762815e-13
8814.735085553957,716.7906374259023,-1.3544649243860719e-13
8814.948703679776,716.8253237520406,-1.8908263096714854e-11
8815.432390850934,716.9038657507384,-1.4444551456233835e-12
8816.083411175567,717.0095864137402,2.8468859040291665e-14
8816.333783093736,717.0502469544457,7.704468826284754e-12
8816.449603166591,717.0690565902254,-7.060273742164498e-12
8816.592112477838,717.0922010024599,2.417528885698222e-12
8817.688111889447,717.2702107313918,-7.801372351490923e-13
8817.860978743603,717.2982893924815,2.9501647721964686e-13
8818.114599483104,717.339485855751,-1.0078169669619007e-11
8818.456013927198,717.3949448146151,4.755727938990322e-12
8820.138744276428,717.6683169153824,1.2412783953124216e-11
8820.235535787044,717.6840430048958,4.145008461865934e-12
8820.291152847873,717.6930794010444,1.4061953133425048e-11
8821.58113715865,717.9026859184203,-1.2335956622972705e-11
8821.590300258431,717.9041749185997,2.1260595183892225e-11
8822.096222212791,717.9863894411369,3.88148038620156e-12
8822.22001224914,718.0065065795212,-1.7841587244265623e-13
8822.26391094891,718.0136406319637,-4.417898616229501e-13
8822.742453799765,718.0914117481163,-3.2580247312890802e-12
8822.863443188035,718.1110751898785,-8.824028550432931e-13
8823.50910390835,718.216013844036,-1.6912222122658156e-13
8823.730099830824,718.2519338758985,-3.595697949378581e-13
8824.464349209016,718.3712830856203,-1.0155186920991562e-11
8824.785483161715,718.423485207425,-2.796194582708871e-13
8825.831470503577,718.5935294762693,1.8173628773497933e-11
8826.618210814655,718.7214417047895,-1.5348258794785567e-11
8827.067936038911,718.7945654334312,3.3929978231015407e-12
8828.544036678562,719.0346003517857,-1.6011027099979372e-11
8829.195234794492,719.1405071686974,5.633932344695346e-12
8830.2522594349,719.3124317214163,2.608537646519501e-12
8831.669037216509,719.5429022313243,-2.75488301211116e-12
8831.99513769817,719.5959549836422,1.0321348031275696e-12
8832.954736060763,719.7520818301069,1.7692017567336296e-11
8833.282253765336,719.8053729091184,-7.338572935319139e-13
8833.39240494654,719.8232962782859,1.0290715129818452e-11
8833.888461438424,719.9040154191717,-2.5476946430705556e-12
8837.109974302382,720.4283356779072,7.651806194367289e-12
8838.06338800458,720.5835460540419,1.8462696178700095e-11
8838.785783830715,720.7011591722652,-8.928827177888097e-12
8838.813742603492,720.705711327625,-8.196451012130104e-12
8838.821243093555,720.7069325351795,-1.3626898373022732e-11
8839.157200235048,720.7616331436624,-2.138059940456244e-12
8841.412329106552,721.1288674924435,1.2068680483751771e-12
8841.660949519324,721.1693595839695,1.1964992654807165e-11
8841.863281264812,721.2023136137633,-1.0891255814978744e-13
8842.821115624434,721.358327554168,6.040597223193605e-12
8843.935364837414,721.5398399178727,-2.7139679332080478e-12
8844.050550143067,721.5586050290945,1.0603196220864104e-12
8844.786931604356,721.678576454347,-1.7618751922037752e-11
8845.414524009431,721.7808318275135,-2.7209602426132822e-11
8846.0745171449,721.8883741685738,-4.0536392672503427e-13
8846.099506280887,721.8924461718897,-9.368123846327121e-12
8846.607661711578,721.9752530746312,5.263608325428791e-12
8847.20805280447,722.0730964486269,-1.938354317693793e-12
8847.73727998488,722.1593480259893,-2.2647994427491237e-12
8847.906094261787,722.1868618661608,-1.208305273116632e-13
8847.93712406457,722.1919192504752,6.865134700570903e-12
8848.034706833512,722.2078238682159,6.244888631106749e-13
8850.146881915414,722.5521216634162,-5.473701432403562e-12
8851.263195616035,722.73412099717,9.415036759112498e-13
8851.950110879123,722.8461243306926,2.3396205914754203e-12
8852.095932912222,722.8699021137019,-7.153990317688203e-12
8852.547075359349,722.9434680124649,9.040089203730216e-12
8853.082999273916,723.0308637402476,4.62240128434536e-13
8853.120277637614,723.036943101722,9.14669993495315e-12
8853.653511099941,723.1239057014092,-2.580803151934828e-11
8854.132121546229,723.2019645443147,-6.699945936147084e-13
8855.701853770683,723.4580092166664,8.526129725057261e-13
8855.982663324767,723.5038178597745,1.3570244606556542e-12
8857.272736531057,723.7142869966366,-4.1068311643143224e-13
8857.688297021938,723.7820901874188,3.897224613630394e-13
8858.381283054601,723.8951654327581,-4.428423538434478e-12
8858.642011208798,723.937711004704,1.0468590499588761e-12
8859.11883635196,724.0155224824424,1.820727038075572e-11
8860.357835848257,724.2177301879175,-3.4384381977345003e-12
8861.332701877876,724.3768505526701,1.995084255740801e-12
8861.630407911045,724.4254464548819,-2.704637381931821e-13
8862.381523665434,724.5480617322803,1.8763199305066542e-12
8863.701230751747,724.7635214076697,6.743058427216255e-12
8863.76971670955,724.7747035237485,9.769456450705813e-14
8863.822220140002,724.7832761345379,-8.32689182541583e-12
8864.11202380515,724.8305953663815,7.391708231670985e-12
8864.502794251537,724.8944029348859,-2.638710556780227e-13
8865.664969746309,725.0841872158487,-2.2907443137746515e-11
8866.101546888976,725.1554870760389,1.2478404757250883e-11
8866.564251205995,725.2310577439513,-6.353411327657109e-13
8866.711938635253,725.2551794593487,3.716934236925347e-12
8867.253666632403,725.3436630673077,-4.7417029203939356e-12
8867.326260265354,725.3555206214735,-1.7200519844847916e-11
8867.98522555825,725.4631614524288,-3.5054081410702997e-14
8868.689384080415,725.5781933591345,4.1271361558564685e-12
8868.960874043563,725.6225466191048,-8.520778783994288e-13
8870.35188023329,725.8498163162428,-4.0379285400101215e-12
8870.683069937282,725.9039330352756,6.206737114507856e-12
8872.390311146164,726.1829299584291,-5.2079538622281105e-12
8873.525018641742,726.3683932694282,4.0484828251490175e-12
8874.129149329528,726.4671456410643,-7.46311484831513e-12
8875.952658784478,726.765260798884,4.68732301057344e-12
8876.33718947255,726.8281333474857,5.531616929033179e-12
8876.503761470456,726.8553694861788,7.847896479056271e-12
8877.22166024096,726.9727587525244,8.070191109962326e-12
8877.27727730178,726.9818535311908,-1.6756461665119718e-11
8878.021425940036,727.1035459026336,2.77809829404704e-12
8879.758846900459,727.387710136279,-4.742610411738895e-13
8879.985109836589,727.4247207084139,4.387122032274597e-12
8881.000849831202,727.5908802571507,-9.170611219412244e-13
8881.258900030702,727.6330963557938,1.123449290680554e-12
8881.36760019124,727.6508796842274,-8.167407381405985e-12
8881.68231659426,727.7023684634722,1.5496960427366894e-11
8882.28434899662,727.8008682968593,-1.079911629247649e-13
8883.203597965357,727.9512815040712,1.6493138898392726e-12
8884.598411345447,728.1795392325023,-5.296929710092815e-12
8884.710347829752,728.1978589122028,-6.076439107414059e-12
8885.489265865712,728.325344105393,-4.0299584805295835e-12
8885.741076306913,728.3665602068138,3.047778772081504e-12
8886.957083559302,728.5656115948232,-4.031799895357035e-12
8887.310977519915,728.6235465342088,1.1066155676866473e-12
8888.005033995392,728.737175177404,3.0945570345865414e-12
8888.105721592075,728.7536601565591,4.413702412923347e-12
8888.579319214039,728.8312019731146,-8.164432903962925e-15
8888.630963790667,728.839657954362,-9.754081812744793e-13
8892.315282364258,729.4430335277623,-2.0507543319371322e-11
8892.457533791101,729.4663348536102,4.534139335683925e-12
8892.902961051224,729.5392999473482,-2.1707972683887596e-11
8894.263216622612,729.7621449790083,4.649073498004692e-12
8895.912273011716,730.0323487580284,-1.1101003332979673e-13
8898.060254136155,730.3843782560742,-5.0463941583644615e-12
8898.3392871897,730.4301148142209,-5.239050211918793e-12
8898.494665397891,730.4555836174064,5.45156884178928e-12
8899.38190301658,730.6010236014015,4.172558924887672e-12
8900.147973455703,730.7266129812978,2.0377496066234487e-13
8900.427890358189,730.7725051790198,-2.0100967582677747e-12
8901.163612057027,730.8931331647569,-4.948012744869136e-13
8902.356749758956,731.0887796880804,7.607401282471246e-12
8903.02992477357,731.199176130442,6.606730405195327e-13
8904.4004388827,731.4239575686382,6.487198053531717e-12
8904.650810800797,731.4650254293332,-3.4909038913105903e-12
8905.05574467362,731.5314481332806,-8.185719478463395e-13
8905.83888058052,731.6599171946784,3.4812405150441964e-13
8906.14366392558,731.7099182501673,6.4293148199523195e-12
8906.226537396487,731.7235143054263,4.0340979261333497e-13
8906.25893812687,731.7288299386051,5.691850996564328e-12
8906.85693044952,731.8269394654423,-6.868699289279979e-13
8907.115505220352,731.8693645390465,-2.344289007306183e-12
8907.207474195553,731.884454438611,4.881236440744654e-15
8907.356646443182,731.9089303523618,-1.0032920229484063e-12
8907.691431748497,731.9638628146298,-1.4341479557977663e-11
8907.942159249233,732.0050042011353,-1.1549629230748186e-11
8908.0891443158,732.0291232324029,6.851160076044219e-12
8908.936235327208,732.1681316027879,-1.8901549823411e-11
8909.461621519344,732.2543545744355,1.6290256084777065e-13
8909.825571231271,732.3140866199558,2.0550325174586464e-14
8911.017693588206,732.5097568535016,-4.711506895611576e-12
8911.08574387031,732.5209271466287,-1.6705488076460294e-11
8911.316114481564,732.558742571703,1.0058704417463449e-11
8911.851759211484,732.6466726407214,-2.1969118175313517e-14
8912.992985649764,732.8340310800172,-3.046410844360085e-12
8914.955062034302,733.1562069059299,-3.083763795529473e-11
8917.090775231078,733.5069747577643,-2.970123971422048e-13
8917.240785032343,733.5316154073191,3.305058044125532e-12
8917.840317271284,733.6300988700434,5.259867442232739e-12
8918.219010078956,733.6923090768587,-3.837549313256568e-13
8919.353717574371,733.8787303031693,-7.2242687108986296e-12
8920.319297810625,734.0373842709507,5.296617448929411e-12
8921.04817878167,734.15715768547,3.1078457696420183e-12
8921.324901960725,734.2026328034513,-1.2224175922790745e-12
8921.675001228437,734.2601681529451,7.111941583869276e-13
8922.873998110816,734.4572285302622,-9.010918606245292e-14
8923.524180881588,734.5640999836178,3.293464611621421e-13
8923.527751487823,734.5646869106693,1.166301688693972e-12
8924.116491814997,734.6614657402323,4.817833680528258e-12
8924.334048627186,734.6972299708535,1.607576902503372e-11
8925.165914571799,734.8339887073005,1.8266785665762358e-13
8926.002179873665,734.9714835463761,4.436015314292915e-12
8927.140136190383,735.1586017062276,-1.3251114446472829e-11
8927.85419397261,735.2760289191839,1.4287182945845233e-12
8927.879563686362,735.2802011559784,1.1725617107915212e-11
8928.467622951031,735.3769151676349,7.042296272231627e-12
8928.938910698464,735.4544291794487,-5.2838367910669155e-12
8929.098997551238,735.4807600420737,-5.815085909231303e-14
8929.797876562014,735.5957162176733,2.7038428808010196e-13
8930.81299059189,735.7627048157689,-4.382527832291906e-13
8931.019197123227,735.796628585121,-1.4583650027872042e-12
8933.927410806122,736.2751525759548,-2.0759384723691323e-12
8933.95959994744,736.2804499210883,1.3554060579496494e-11
8936.835692084473,736.7538434912456,1.4196356184353352e-11
8936.896152980844,736.7637967547004,5.881379519002371e-12
8937.421539172936,736.8502903216217,7.847608132569101e-13
8938.266231414134,736.989361439447,1.5099258663108255e-11
8939.570222659766,737.2040778882933,2.04592277809351e-12
8940.539576288642,737.3637128828929,3.225291623883653e-12
8940.81731481264,737.4094545800775,9.132641717695536e-13
8940.892442406672,737.4218278418817,-3.712334668460185e-12
8941.974345986839,737.6000252485561,-1.144932295291584e-11
8942.443691939992,737.6773366543451,-6.746265289976364e-12
8944.218759343952,737.9697652511238,4.8751772886652716e-12
8945.328778188019,738.1526617483711,7.806163410632916e-15
8945.513777778666,738.1831461195719,1.6051720506455307e-12
8946.143278180063,738.2868803899132,1.908344122036842e-11
8946.805995565297,738.3960963164418,1.0118759146549459e-11
8946.926984953518,738.4160362594666,-6.301376704763645e-12
8948.226132363548,738.6301623217881,1.461507969367891e-11
8949.308192434837,738.8085316824349,1.2420635709618744e-13
8949.517043123096,738.8429616107462,8.727966762578227e-12
8949.639551127451,738.8631579525867,-8.922673425039157e-12
8950.028333484164,738.9272534026054,-5.911746736953492e-12
8951.287334286935,739.1348339428658,-5.937137002059718e-15
8951.99201738027,739.2510328705524,-6.922015466545345e-12
8952.006650280186,739.2534458638694,-7.139822884461228e-12
8953.751762019147,739.5412464277941,-2.8103008106189827e-12
8955.114775637992,739.766071103272,-1.5520945344475134e-12
8956.329577256265,739.966477532478,1.7531073198039306e-11
8957.358397736674,740.1362238206423,3.095936704130531e-12
8957.41401479748,740.145400699724,2.1623185959948208e-11
8957.762426460311,740.202890321848,-9.456045764444581e-14
8959.338377142365,740.462957795956,2.9890079356729087e-12
8959.546022196773,740.4972273331576,1.7687059348696987e-11
8959.574818523173,740.5019799134832,-1.2174018484275609e-12
8959.650927664417,740.5145411311835,-1.6200071657172587e-11
8960.32953868131,740.6265452820413,-1.8267255171448094e-14
8962.270006246925,740.9468645544025,-7.073112754322656e-14
8962.536182900996,740.9908086074367,-9.627787340781866e-12
8962.561954492694,740.9950634007125,7.031956773113723e-12
8963.006265014532,741.06841932764,1.166150602136754e-11
8963.683480108684,741.1802349310101,-1.26621667433523e-13
8965.146064585962,741.4217524163155,4.651898990806861e-12
8966.110494286151,741.5810308516415,5.982060454223133e-12
8967.10364391464,741.7450703750626,9.665999866732415e-12
8967.961505537463,741.8867788676702,1.747857952760036e-13
8968.062984392454,741.9035428589634,-5.2033754634804435e-12
8968.296781616324,741.942166155315,-1.1091269647849487e-12
8968.716056706871,742.0114329131976,3.4811913610029544e-13
8968.895844381734,742.0411359066335,2.4957135144977495e-12
8968.973159156823,742.0539093805355,-5.46298883239641e-14
8969.187636136354,742.0893445307022,-2.744284679640092e-13
8969.83981579921,742.1971006212176,-1.6076679068887808e-11
8970.120456364488,742.2434717431325,2.9905351559710024e-12
8971.207216277684,742.4230541833119,1.344027806191164e-11
8971.23405831226,742.4274899903427,3.1887175753544096e-14
8972.916297887063,742.705516639294,-1.4396417320265922e-12
8974.127829383757,742.9057808391749,-3.2560338638780417e-12
8974.37405982891,742.946485640126,-2.1882395033775e-12
8974.460448808115,742.9607670234337,-4.435059380421365e-13
8974.572956159041,742.979366368203,-1.846672795122883e-12
8976.062907242196,743.2257021653405,8.259119801133281e-12
8976.111514586544,743.2337391776468,-2.4388210772762194e-12
8978.433534400612,743.6177257222018,-5.731929734679579e-12
8979.575285410005,743.8065706240006,2.4751882778356793e-11
8979.746109076585,743.8348268165862,-3.421650920244002e-12
8980.006380254814,743.8778796863407,7.652195874118805e-12
8980.632310049907,743.9814232436604,-7.759813041473217e-12
8981.640938934523,744.1482894451639,-1.8008137818249174e-13
8981.641920481743,744.1484518401388,8.78690399672491e-12
8981.769796892999,744.1696088819162,1.493943939873601e-11
8982.889224223516,744.3548300268272,4.033037606454142e-12
8983.713479482078,744.4912265722504,1.0441872792410718e-11
8984.24208069768,744.5787053088847,-1.4046709423038812e-11
8984.861982323531,744.6812999978611,1.4281005992888446e-14
8986.036726230112,744.8757413700941,-9.707827304454043e-13
8988.950287019243,745.3580981075544,1.284782252135861e-13
8988.951983426701,745.3583790031103,3.002338196076393e-13
8989.661844637978,745.4759243196719,-1.063047426894466e-11
8989.77113696531,745.4940227681352,2.44271761733756e-12
8991.24952617849,745.7388607580067,1.9155631128708318e-13
8991.301581435668,745.7474824316556,-3.364755546166945e-13
8992.18325155568,745.8935169947608,5.412675323109862e-13
8992.628678815665,745.9673003453056,2.718397134632689e-13
8993.170618401662,746.0570755281012,-3.2900040380718716e-12
8994.45738768814,746.2702573963429,5.732814335406276e-13
8995.548310374325,746.4510168225701,-5.405258886565047e-13
8995.722192573341,746.4798300984326,5.6700927612243386e-12
8995.860247429331,746.50270697508,-6.373639327099575e-12
8997.878566838728,746.8371999406576,-2.2467671625889798e-12
8999.42259506626,747.0931400197634,5.674513470230753e-12
9000.281929009823,747.2356033271843,-1.4118677751129187e-11
9000.771466558606,747.3167666108268,-3.80514921020884e-13
9000.951867700465,747.3466774808034,-3.8154047220427174e-12
9001.042330557068,747.3616766289628,-4.1944519931556126e-13
9001.18488246859,747.38531268245,2.0473783143876507e-11
9001.320995530314,747.4078814812339,-1.7309552614464207e-12
9002.037197893083,747.5266400491016,1.3064617661573594e-12
9002.450613803067,747.5951957597782,-2.131966123840671e-11
9003.319503921735,747.7392918640228,2.2285224467672955e-11
9004.058931417534,747.8619289344641,-2.6028593318101853e-12
9004.202913049528,747.8858100477435,7.592295432046906e-12
9004.231798271587,747.890601060821,-4.433701994889701e-12
9006.038910822937,748.1903661981444,1.7394156781424737e-13
9008.864284832014,748.6591618323139,-5.272174307312263e-15
9009.203055118965,748.7153816195541,-7.442904370642801e-14
9010.189283926531,748.879060823966,-6.8188665851347676e-12
9012.13765385986,749.2024741888359,-1.705655230193064e-11
9012.187657126931,749.2107752397576,1.0551244876794451e-11
9013.891983796191,749.4937383401827,-1.8638234841401458e-11
9014.115623875468,749.5308724528054,7.350341427311637e-13
9015.529757499318,749.7657023097094,1.7845343974757594e-11
9015.785218639698,749.808127903202,-2.7561346329824025e-12
9018.162999507851,750.203074455251,-3.2278071235586734e-12
9018.549450689836,750.2672733722159,1.4806714324210008e-11
9018.99657435724,750.3415548937706,8.55600317511835e-12
9019.216665130458,750.3781203530598,-6.197275061759602e-12
9019.324438841646,750.3960259963521,8.138253197054019e-13
9019.536961529322,750.4313353771262,7.583802130585025e-13
9020.894171065283,750.6568472929924,1.5395595795873901e-12
9023.041437328648,751.0137031666424,-4.570208932451401e-12
9023.168285897365,751.0347868872011,-1.231697096610177e-11
9023.18153537211,751.036989122469,-1.847607478231715e-12
9023.38699324541,751.0711393108301,-3.0756885856596335e-11
9024.69706775785,751.2889116833736,-4.061339931893016e-12
9024.859041306918,751.315838580066,-1.5288785271702854e-12
9025.300673873997,751.3892591617531,-1.4305370323287763e-11
9026.287427252866,751.5533180323581,1.3513322413638598e-11
9026.51937157809,751.5918839940806,3.228811946156644e-12
9026.871311246727,751.6504037736258,9.71998315023384e-12
9026.965234513716,751.6660215203921,3.0918521217567848e-12
9028.591053271539,751.9363916339331,-1.362322891950759e-12
9028.646670332331,751.945641491162,1.4937188950522322e-11
9029.42288541814,752.0747423348874,-5.380971968380287e-13
9029.445386888325,752.0784849666999,3.232168475375718e-12
9029.769333986456,752.1323675781273,2.0122259078173485e-13
9031.279421567151,752.3835682408718,-1.1265359837138793e-12
9031.493708257754,752.4192178937078,1.1218420223344373e-11
9032.153980577383,752.529068946921,8.985576207179901e-13
9032.58829044571,752.6013304760357,-6.058529683445532e-12
9032.959863340959,752.6631564334124,4.5948186649803266e-12
9033.746705044747,752.7940872996377,-9.79142570954938e-13
9034.996420054014,753.0020639645317,-1.2410725713034588e-12
9035.690387633515,753.1175659688755,1.9978357735558178e-13
9037.413243288647,753.4043515495708,2.3757486435525344e-14
9037.857879290235,753.4783742840466,8.871006498262845e-12
9037.899163935836,753.4852475118179,4.031906316080884e-12
9038.284633570576,753.5494235053548,2.9913792764015583e-13
9038.451484752944,753.5772030413183,-7.929693090878545e-13
9039.440827190789,753.7419320608776,6.9071630135449985e-12
9040.389452154737,753.8998984091652,9.177235808630044e-13
9040.803616722647,753.9688708675016,-5.212225202564156e-14
9040.825906603764,753.9725829788847,-2.8144317080855854e-12
9041.903858999596,754.1521138979842,-8.398072383353546e-12
9042.392457601452,754.2334961145588,9.004644611100965e-12
9042.606722991872,754.2691860859643,3.681540698088174e-12
9042.793194903292,754.3002472136737,3.970931869646967e-13
9044.72595038929,754.6222292172483,1.0733427386579667e-11
9044.783276355096,754.6317803272037,-5.1368099452942395e-12
9044.865959537081,754.6455563231892,9.738923796283336e-12
9045.176902547259,754.6973642334083,-2.5654105323852735e-13
9046.286709801916,754.8822897933774,-6.279820037128354e-14
9047.355566693437,755.0604133021559,3.2234033389324076e-13
9047.38855959064,755.06591185724,-1.0152478749850078e-11
9047.777587334043,755.1307482477168,8.728323606882723e-12
9048.140555498592,755.1912439939705,1.8864712156155133e-11
9048.60063695859,755.2679290586531,4.783475177608875e-12
9048.728636063224,755.2892642774021,-1.4393750398328287e-12
9048.802211243354,755.3015281135545,-1.924911104037544e-11
9049.248531154817,755.3759248258461,1.8455374986582062e-13
9049.413127560632,755.4033621964159,-1.003305271654748e-11
9049.603685847018,755.4351279016961,-7.906617214525362e-14
9049.761953598874,755.4615113445363,2.5590951972721053e-12
9050.32359400688,755.555141264837,-6.6387953110381235e-12
9052.631615687698,755.9399678270141,4.4600598915531593e-13
9052.991279932992,755.9999450587376,2.9485214449801915e-12
9053.68735829542,756.1160291237273,-2.058065139395155e-12
9055.556784641445,756.4278350482149,5.1617981417352716e-12
9056.447639161235,756.5764453730129,-5.184310629478089e-13
9056.708066830548,756.6198920859783,-1.0673046412389692e-11
9057.446859559039,756.7431504417715,-6.462859249460757e-12
9057.808520696504,756.8034927591558,-1.7958045542082506e-13
9058.18882101581,756.866947579428,-8.480506399840121e-13
9058.196757181564,756.8682717927882,-9.090232888517843e-12
9058.472308524395,756.9142504795705,-1.2134149103949079e-13
9059.618713080186,757.1055553471653,4.479156934270708e-12
9059.95535128394,757.1617360367201,-1.7708102411152588e-11
9060.820924985639,757.3061990041552,-2.378910029054483e-13
9061.121355268604,757.3563435993458,-2.328039443447479e-12
9061.43524661537,757.4087367467208,1.8423707255419605e-11
9061.602097797726,757.4365874363775,-2.7951886765552926e-12
9063.007567897821,757.6712079348871,-6.658408007577594e-15
9063.531985040054,757.7587602153515,4.251560149756618e-12
9063.81743564307,757.8064187791955,7.881910032309315e-12
9064.496224451064,757.9197547476043,1.066644204051815e-12
9065.340290727358,758.0606985931732,-2.536078260901829e-13
9066.153073011466,758.1964309794186,-4.370784735247565e-12
9066.581802883773,758.2680325809293,-1.4360907473363938e-12
9068.262333553064,758.5487284039161,3.3268913241900223e-12
9068.731924892836,758.6271726465961,-1.9579790165922753e-12
9068.956089543428,758.664620310941,-9.844219519050505e-13
9069.15538775145,758.6979147069325,-1.6333595968905277e-12
9069.60544725783,758.7731035208633,-1.3909199652860625e-11
9071.099785200246,759.0227805972306,-1.9227833157346747e-12
9071.578205357322,759.1027247200848,1.5655102810468986e-11
9071.777266981155,759.1359892072252,-1.0273100745050725e-11
9073.938730468408,759.4972307538058,-5.226600723040565e-13
9074.15978148863,759.5341794681765,3.791311396203037e-12
9074.43117005838,759.5795433431192,-5.572285459270953e-13
9074.841963111516,759.6482119137156,6.637044740211157e-12
9075.791425629002,759.8069368967799,-4.6901512059327054e-14
9076.442234364042,759.9157444706144,-8.546572819764794e-13
9076.444912318717,759.9161922092899,6.692230798668191e-12
9076.508431747508,759.9268123325041,-1.221800312463122e-11
9077.371572881295,760.0711324767635,8.405994474488068e-12
9077.442770591468,760.083037589665,1.118075865189096e-11
9078.19656430003,760.2090866856199,3.413463832307147e-12
9080.634036105926,760.6167514334894,1.551113273147011e-11
9081.605877400169,760.7793214451233,-1.0624301653872381e-11
9082.18042050284,760.875439434835,-1.4236451907878e-13
9084.049846848704,761.1882265494029,-3.801538463562438e-12
9084.981596633628,761.344148319954,5.769433816435606e-13
9085.242515076528,761.3878140516632,3.319258721193086e-12
9085.674726659381,761.460149125952,2.8538508634989992e-12
9086.170783150877,761.5431735465073,-1.0906688998681806e-11
9086.325780781206,761.5691162560921,5.9947304396378266e-12
9087.534431536364,761.7714292099522,7.436151335989422e-12
9087.82452688342,761.8199915314609,5.386513717075241e-12
9088.314343616617,761.9019909796205,3.0417884156503893e-12
9088.618780181478,761.9529584527107,1.918294811489869e-11
9088.945807112177,762.0077098106235,6.308832747634774e-13
9092.83124299235,762.6583662832195,-1.7147198324270494e-12
9092.958392045766,762.6796634079502,3.6342255924989544e-13
9094.471961336743,762.9332050688439,3.0679434719817867e-12
9094.639650072719,762.9612976121454,3.7684423837452566e-12
9094.844003705353,762.995533249164,1.4750421877999489e-12
9096.180285484885,763.2194212820224,-3.0559469897451564e-12
9096.475647845626,763.2689123626465,-1.1051435825138203e-11
9096.810678537548,763.3250522360297,3.2367904030838853e-13
9097.57258620314,763.4527300275539,-2.721762630078688e-12
9097.813994112814,763.4931865419521,-2.1214548318202817e-14
9098.381827983727,763.5883516130282,-2.5979917032839116e-12
9098.68618815048,763.6393627392256,1.4246438148160521e-11
9098.88998341402,763.673520021772,-1.6350676267294128e-11
9100.36203147519,763.9202666396508,-4.237057852747916e-14
9101.30986518063,764.079164888078,2.149663524292373e-12
9101.480041582394,764.1076956239494,3.17550461280532e-12
9101.62421350323,764.1318670248304,4.029838182079317e-12
9101.769400769026,764.1562090421224,6.1210770766485366e-12
9102.048120840107,764.2029401844693,1.1310401763060041e-13
9102.513549406765,764.2809786896577,1.1731517476247313e-11
9102.61385642561,764.2977977111636,1.4170312369655985e-12
9103.646594291826,764.4709732439242,1.0260811105399144e-11
9104.600041790973,764.6308703454757,5.203946398994999e-14
9105.426429132373,764.7694724782606,-1.98517474200121e-12
9105.99749932704,764.8652600310975,-1.1175685540492751e-12
9106.155500391887,764.8917631499442,7.016933149502173e-13
9106.552531896454,764.9583632949941,-1.2024969689837361e-12
9107.999176446112,765.20105559758,-6.878685486554658e-13
9108.137298897536,765.2242293428636,-9.730801781743731e-14
9108.258343383617,765.2445380904132,-5.249834713690552e-13
9108.343124850991,765.2587628182639,1.4610941232245357e-11
9108.923683625278,765.3561731656656,1.4698473495862477e-11
9109.09053480761,765.3841698116165,1.934948643359969e-12
9109.870612181576,765.5150690052294,-1.642143733960246e-12
9109.906071444386,765.5210194363465,-8.5797879939825e-12
9111.052822780028,765.7134686598049,1.8443420719798075e-12
9113.912729601716,766.1935272880413,-7.500556241500983e-14
9114.125856953726,766.229308480372,-9.18641688079828e-12
9115.571295869508,766.4720001542069,-1.2933503602250102e-11
9115.889629173838,766.5254540334607,9.38318489934343e-12
9116.599659373547,766.6446875816652,5.159291400585677e-13
9116.80740582108,766.679575665231,7.491323574663269e-12
9117.764368828508,766.8402943606945,9.767992363017582e-12
9118.254050370693,766.9225412415087,-8.877357644040867e-12
9118.431638366847,766.9523700015128,2.1374915104716066e-12
9118.508707755096,766.9653152254987,-1.86928435376512e-12
9119.784494840456,767.1796230732513,-1.3771507983211564e-11
9120.913131565581,767.369237467087,-5.815743692956136e-12
9121.86698094263,767.5295053514009,-1.6694050625147043e-12
9124.920013809411,768.0425953650155,7.342797497887515e-13
9125.545584326637,768.1477493900337,-4.194411976640622e-12
9126.18990791648,768.2560632113991,1.0769440324917955e-11
9126.315394360168,768.2771589616262,6.4729276352829615e-12
9126.36295256179,768.2851541316606,-7.014970100833369e-15
9126.535954606743,768.3142384416747,-9.093764698480231e-12
9126.84137271879,768.3655852791235,1.037257321124201e-11
9128.249702259554,768.6023756147277,-1.279504473558647e-13
9128.479535801745,768.6410222835153,4.302669372186627e-13
9128.61951115176,768.6645597120191,-2.0689504447971567e-13
9129.224322901564,768.766265434169,2.22815992636498e-12
9129.757467467774,768.8559251220695,-1.3880808864304617e-11
9129.86202615534,768.873509520944,2.5089866723106277e-12
9130.176742558118,768.9264388944943,3.606792029901811e-13
9130.552300435002,768.9896030461515,-5.67740053570306e-12
9132.267431512963,769.2780997321439,1.216643388677785e-12
9133.111497789085,769.4200973030756,2.8957351312001645e-13
9133.26150759025,769.4453348789301,-2.2378506776432974e-12
9133.401872320652,769.468950148177,-2.3924475632463506e-11
9133.428358772571,769.4734063274819,6.904649810858736e-12
9134.088161618562,769.5844181859476,-3.0314554542583568e-12
9135.538511965302,769.8284678848037,1.6176539543057428e-12
9137.344152195108,770.1323561765299,-7.538465210402714e-12
9140.374146522656,770.6424375620722,-9.988415158534258e-13
9141.147907740158,770.7727227335577,-2.601915171845126e-11
9141.534481615403,770.8378178031534,1.5418374403849452e-11
9142.332440710534,770.9721946236082,-1.921403946044247e-12
9142.46301637658,770.9941847657337,-1.8417363135367345e-13
9142.636877275343,771.0234650263308,3.398308937830668e-14
9143.060116047236,771.0947458393381,-2.657292747395804e-11
9144.009455871132,771.2546432741927,6.633444699661028e-12
9144.345413012305,771.3112325579579,-2.3238502002883893e-12
9145.141384017861,771.4453157830834,5.931122626119701e-12
9145.288457979983,771.4700920222284,2.691371329044953e-13
9145.784814956112,771.5537117981936,-9.761168688868848e-12
9145.876750133504,771.5692003408378,4.248364573522632e-12
9146.936097144906,771.747682337984,-1.4994594053523174e-11
9146.952202365643,771.7503959539425,-2.601064325658636e-12
9147.26927493818,771.803821416232,7.521797822954302e-12
9147.312145795382,771.8110451265975,4.465429340940984e-12
9149.381805600775,772.1598216698944,9.61382136339633e-12
9149.434397926845,772.1686854924716,1.7481710010208645e-11
9149.75736347764,772.2231186827848,1.6537849959219002e-11
9151.632259623266,772.539154978835,4.840563315229003e-12
9152.830664337971,772.7411944297817,-1.307559472290322e-11
9153.44593371701,772.8449331776065,-1.3721873961321748e-13
9153.617506041477,772.8738627225068,-1.7647550701783023e-11
9154.089364655241,772.9534276218569,1.3123531063260272e-11
9154.288426279028,772.986994665085,-1.5321165502048358e-12
9157.604877751708,773.5463432918469,1.0638748819299332e-13
9157.995068528471,773.6121657092868,7.752304983645093e-12
9158.198026238337,773.6464043446725,-1.8117059094534794e-13
9158.257315298562,773.6564064558586,5.612830869240287e-12
9160.316183192144,774.0037792584507,1.765378892860369e-14
9160.387169313239,774.0157574504002,1.2897544939670883e-11
9160.677006775863,774.0646655620584,-4.227300690477157e-13
9161.327815510742,774.1744907730679,-5.185850500156012e-12
9161.493304568057,774.2024186102464,-3.161674700179878e-12
9162.207899418687,774.3230190145388,-6.534589989102992e-12
9162.66409729001,774.400015319539,-4.862673261699078e-12
9163.325562745656,774.5116631493485,-9.778729134448824e-12
9164.063898498045,774.6362953282135,-1.161220102032817e-12
9166.298222304576,775.0135137012342,4.3440373321553576e-13
9168.484073957738,775.3826375640749,-5.6577413189910915e-12
9170.56030780376,775.733331816346,2.572215898475542e-11
9171.23280175533,775.8469390155263,-2.1462157704575175e-13
9171.419108372922,775.8784140406757,2.301855926233935e-12
9172.248440355817,776.0185308583252,-1.0581066754850933e-12
9176.52297157377,776.7409199236215,1.4518496133240249e-12
9177.343766421453,776.8796714839693,1.046807811510842e-12
9177.448236213342,776.8973325078191,5.0657488070309115e-14
9177.51145515739,776.9080200133537,2.8617172227458424e-12
9178.055146248464,776.9999369816657,-1.892361967186463e-11
9178.334627475024,777.0471884807562,2.235359614606035e-13
9179.026720855447,777.1642059313629,-6.272501171405749e-12
9179.802445167303,777.29537398175,-6.4854993102442205e-12
9180.108924919561,777.3472000244253,1.0375637872790268e-11
9180.263186389435,777.3732864529418,6.355433769604292e-12
9181.906138209775,777.6511454704917,-7.898815152919758e-12
9181.908101304214,777.6514775023559,1.4623608599682378e-12
9182.254549872372,777.7100758785364,-3.993124969259658e-13
9182.384558366695,777.7320661103146,9.701338297177725e-13
9182.534031098927,777.7573489971404,-2.6729730064152325e-12
9182.571309462588,777.7636545902722,-1.5277809118689122e-12
9182.991857782194,777.834791637142,-9.773065477129538e-12
9183.008343580701,777.837580327225,-4.849442905081552e-12
9183.124366439872,777.8572065607391,-6.544807001822719e-12
9183.267409124925,777.8814037642844,-2.341605385863509e-11
9183.335281615648,777.8928852555091,-7.662451288304552e-12
9184.033179078664,778.0109483706086,1.6621704718412352e-12
9184.729278740999,778.1287162896334,1.3693884101175304e-12
9184.736779231054,778.1299852903068,-2.2188684095796066e-12
9184.955017105565,778.1669091994062,4.102250927332293e-13
9185.206103883684,778.2093919364575,-7.884429142187073e-13
9186.948702960506,778.5042637466205,1.737867298057497e-12
9187.340556346946,778.5705784503039,4.799019471630707e-13
9188.101626458696,778.6993850588909,-1.627815213404575e-11
9188.825050126576,778.8218301209832,2.3012266557419295e-12
9189.002917307238,778.8519369962347,1.098176353547811e-11
9190.051739093746,779.0294787679336,8.522273873340878e-12
9190.438545858178,779.0949615062327,-4.548513318425127e-12
9191.126442667768,779.2114227594863,-5.644263860588461e-13
9192.063628454796,779.370102781202,-1.1806474537715695e-11
9192.205600696967,779.3941422846441,-4.901300870267972e-14
9192.64371775551,779.4683289615724,-1.1174325906594193e-12
9192.788905021269,779.4929144058137,4.0515675867170115e-13
9194.12508540719,779.7191962017413,2.752494270738411e-12
9194.161974390461,779.7254438078428,1.0965820318108403e-12
9196.241279266338,780.077640363388,3.741432695436996e-12
9196.49960865014,780.1214022403447,4.025178776174638e-13
9197.050711335578,780.2147650197352,1.9132564746220843e-11
9198.798310739043,780.5108643359068,-6.760350003476863e-13
9199.359849753577,780.6060189743673,4.177357176274472e-12
9200.273831707738,780.7609086526733,2.0999194298871677e-13
9200.501076190867,780.7994214568406,2.1933017760062084e-12
9201.724952012353,781.0068571064829,9.310721632803773e-13
9203.172133630524,781.2521766291252,1.9199580356318783e-12
9204.067408807363,781.4039588444024,-9.041689824452328e-12
9204.27433900138,781.4390432572894,-1.9196093449401424e-12
9204.521005122053,781.4808658115516,3.8189173693828884e-12
9205.617977276957,781.6668724100524,6.411123949443545e-12
9206.246640124222,781.7734807665121,1.091639569422837e-12
9208.649401324377,782.1810069917535,-1.840610787188984e-13
9208.654490546742,782.1818702746987,-7.082637580661073e-14
9209.352532003288,782.3002833145547,1.5469488054192826e-12
9209.795716983997,782.3754681506653,7.2571933870389995e-12
9211.07548905076,782.5925974709512,7.942540651991079e-12
9211.48393843152,782.6619023624821,-4.662760710223241e-13
9211.500690917006,782.6647449570393,2.714098169936605e-13
9212.015141203343,782.7520404064645,-2.086136836958295e-12
9212.08593703554,782.7640539099525,2.200450532072303e-12
9212.177906010655,782.7796604694049,-1.2418310528464285e-14
9213.851574651308,783.0636987798007,-1.0966278084782399e-12
9215.741649568019,783.384525438483,-6.997410540702848e-14
9217.05943615883,783.608249193806,2.74826268254842e-12
9217.15301264574,783.6241371123662,1.096575976402013e-11
9217.205604971798,783.6330665907684,-1.9960851406393546e-11
9217.307274115597,783.6503288054073,-2.851881562524034e-12
9218.07449508991,783.7805999661258,-4.27164675586373e-12
9218.136462104798,783.7911221993706,1.46479750015538e-15
9218.841145197568,783.9107850267193,-2.713097241873217e-12
9220.361411222146,784.1689738302609,-4.79795867250633e-13
9220.666071873515,784.2207198752055,1.0800772686978943e-13
9221.11838615624,784.2975477683232,-2.134728628366988e-12
9224.694427743823,784.9050893926166,-5.060401553045646e-12
9226.861069348133,785.273299530853,5.459061473260477e-12
9227.747828689893,785.424024879857,-2.946054877877702e-11
9227.811627303205,785.4348694947461,-8.140618654156312e-12
9228.61429504273,785.5713149555302,2.143111058490252e-11
9230.730856981874,785.9311661532621,-5.7884737476425195e-12
9231.857607010297,786.1227663042506,1.381524995725557e-11
9232.302598594273,786.1984421070898,-4.911421222079766e-12
9233.92424208048,786.4742516116434,2.4367715450728038e-12
9234.374280286462,786.5508028024218,1.1315412660157535e-11
9234.570173181917,786.5841252152615,-1.0025516146275701e-11
9234.663123704246,786.5999368357493,4.558293423248385e-13
9234.971456355057,786.6523878027948,1.5959357702540436e-11
9236.511355606179,786.9143687740896,7.896897676541071e-12
9236.87950188855,786.9770074715668,-3.490846117915808e-13
9237.195322531856,787.030745149006,-5.5569336086286856e-12
9238.33151484457,787.2240863259326,-1.2367688164023577e-12
9238.520220232256,787.2561998490386,1.293064382497397e-11
9238.747075334973,787.2948064861934,-1.613515783349167e-11
9238.898824143904,787.3206319191556,-8.367401382041001e-13
9240.16215670736,787.5356491524108,-1.0929969943816337e-11
9240.277342012874,787.5552549743442,1.0067933043488777e-12
9241.652543465027,787.789348455852,-1.4407343727345215e-12
9243.431227768935,788.0921764191845,1.7877482455004157e-12
9244.52454922444,788.2783475962237,-7.204764728703217e-12
9244.545443182815,788.2819056415126,-1.9330172626087345e-12
9244.99969925977,788.3592631819931,-1.2898886853123457e-11
9245.18333672526,788.390536803839,2.973684291912743e-13
9245.21265762299,788.3955302360145,-5.988237379343142e-13
9245.440985046533,788.434415586686,-9.44993314750491e-12
9245.958324876552,788.5225248100303,-2.0043298553137076e-14
9247.548963555077,788.7934606770084,-3.997828426661774e-12
9249.560764020132,789.1362004123976,4.785046806957943e-12
9249.64872671332,789.151187849323,6.31797801665129e-12
9250.138386955141,789.2346207328543,-6.485109400118432e-12
9250.259376343252,789.2552367148523,2.7601066793201775e-12
9250.434832256193,789.2851339972509,-4.0317544928348075e-12
9251.860282362146,789.5280484217302,-2.123363803081212e-12
9253.138793696991,789.7459544928951,-5.456425641964264e-12
9254.003127966618,789.8932863855374,3.5903001132829886e-13
9255.025987872368,790.0676578736944,-1.2979258790820417e-13
9255.32690892877,790.1189608966909,1.479425250356842e-11
9255.841625902023,790.2067171361703,1.2195884991444547e-12
9255.946810554124,790.2246511059312,3.053889579949231e-14
9257.129156343039,790.4262549330249,1.8967760204538302e-13
9258.344939507442,790.633587078605,-9.1181249929792e-12
9258.49154399608,790.6585899414733,5.816600131567316e-12
9258.72317533886,790.6980946323106,8.960999576156032e-12
9259.03327199259,790.7509831174117,8.840868690035982e-12
9259.5066918227,790.8317305771092,-1.843909866195757e-13
9260.098478184167,790.9326726817503,-3.1312337116159074e-12
9260.88668201242,791.0671280986584,-6.59413721225687e-12
9262.333817335038,791.3140168599963,4.565815749346727e-13
9262.391287294391,791.3238223283423,1.7025916755581522e-11
9262.7305483547,791.3817079588368,1.5607423117173742e-12
9262.732858229167,791.3821020830698,3.3265063324114966e-13
9264.13991454005,791.6222004894934,-2.8089080609922675e-12
9265.10629853121,791.7871242235465,7.2070840390067975e-12
9265.173802941703,791.7986452139038,1.4583878352125847e-12
9265.269253627379,791.8149359435292,-1.1763142766381152e-12
9265.357842285135,791.8300556694314,-5.626160553745605e-13
9265.767408404017,791.8999595836067,-1.3036364352969828e-13
9266.293966431698,791.9898359793982,-1.6552535495356529e-12
9266.395982355514,792.0072493204807,3.0677392300857027e-12
9266.397945449951,792.0075844076271,2.0383791095047963e-13
9266.756750841203,792.0688312905512,1.1355330426959684e-12
9267.240438011695,792.151398829691,2.0422796693288656e-13
9268.141830253257,792.3052819708976,-4.626906552477042e-13
9268.257650325953,792.3250555321547,-6.880202350632467e-13
9268.548727220077,792.3747511764899,-1.1102465026891153e-12
9269.056882650118,792.4615124441839,2.0569187967780895e-11
9269.64456133642,792.5618572578006,1.832694720073102e-12
9269.922646640174,792.6093419152703,6.052426800752214e-13
9270.685290465795,792.7395750244226,1.4633255528832718e-12
9271.366757228056,792.8559549712203,-8.889260335781115e-12
9271.535863186857,792.8848359766874,1.4039246663564505e-12
9271.741109470946,792.9198899674893,-2.970299733224038e-11
9272.099200001952,792.9810500687571,-8.444877378152037e-13
9273.074611901891,793.1476576032882,-6.954026615286215e-12
9273.880909040408,793.2853923228196,6.345490634263245e-13
9273.905106918031,793.2895260806717,5.437333182354483e-12
9274.671490338582,793.420454030911,5.2992498416315286e-14
9274.81024755713,793.4441602910522,1.5090142145088476e-11
9277.639517650052,793.9276100557472,-1.0914124416663604e-12
9278.300056656186,794.0405004782144,-5.548472182886509e-12
9280.048907988397,794.3394293816463,-1.885555358608592e-12
9280.279769373008,794.3788944299562,1.1682093425018934e-11
9280.683798096254,794.447964268279,3.1434390251827617e-12
9281.003281936359,794.5025830517473,-3.3834409350534234e-13
9281.411697519296,794.572408295682,7.74505417450543e-14
9283.074794639557,794.8567733549745,-8.127354987218419e-13
9284.079628830414,795.028609861023,-3.205344009353796e-14
9284.593398054147,795.1164766253899,-1.7758058536841935e-12
9284.737747766228,795.1411647364862,3.306739071714263e-12
9284.762783197484,795.145446581855,-1.0624879804760187e-12
9285.246169883229,795.2281231569082,-3.223170703089721e-12
9287.598927815812,795.6305911638029,-1.0599902960843783e-11
9288.250125930836,795.7420045792879,2.9095523126522747e-12
9288.918021433421,795.856282863479,-4.595262074629637e-13
9289.133535057888,795.8931594381841,-4.0380908030528946e-13
9289.159920116572,795.8976742490645,-1.7301636099570747e-11
9289.397423137414,795.9383145397042,1.9674579699668422e-11
9292.051592899948,796.3925530546059,-1.4412731448264524e-12
9292.259428243038,796.428127779297,5.6107189850016164e-12
9293.096218115343,796.5713673370267,1.4336528185268879e-12
9293.22037623172,796.5926215058445,2.498076018123212e-13
9293.468996644153,796.6351827684917,-7.185523045256046e-13
9294.0975705956,796.7427932554015,5.080890548131596e-12
9294.166357038037,796.7545697858427,-2.7843524980877303e-12
9295.054533602535,796.9066372058571,2.4485836212385445e-12
9296.272013174263,797.1151092102244,8.560153173786367e-13
9296.294514644429,797.1189624489688,-7.974266141570716e-13
9298.415708829665,797.4822458232297,-3.1610335840750843e-13
9299.474307182627,797.6635762021307,-9.375388624070888e-13
9299.522702937862,797.6718665446925,-2.1191788799004125e-11
9300.380564559846,797.8188280544576,-5.3721101039255785e-12
9300.387785865356,797.8200652042402,-1.0732277886091953e-12
9301.392218178213,797.9921533121142,1.9315704983803965e-11
9301.695449109038,798.0441091331035,-2.7823318404884183e-12
9302.104279067464,798.1141610539668,-1.7875944908458574e-12
9302.434330732665,798.1707167709222,5.199288404870993e-13
9302.539515384751,798.1887410174429,7.830482589170598e-14
9303.75815798994,798.3975802084933,-1.405045996945882e-13
9303.8261193763,798.4092275793626,3.6582713157538766e-13
9304.79366270589,798.5750564967748,-4.757244915999479e-12
9306.478279748984,798.8638270634236,-5.934788534768106e-12
9306.553407342933,798.8767063639445,-3.908248669933931e-12
9307.065590355018,798.9645138755875,1.488229101803605e-11
9307.839106185347,799.0971328616705,2.209715834527983e-11
9308.541970177077,799.2176481752201,1.3886618330452623e-12
9308.976491634121,799.2921571693307,5.275496727469115e-12
9309.20177302274,799.3307883675408,-8.057314680497398e-12
9309.496344124964,799.3813027595479,-2.3404538037975386e-14
9310.754630066162,799.5970973505335,4.538360422990247e-15
9311.137955119888,799.6628429519459,3.9043658503929785e-12
9311.278053163232,799.6868723988197,4.67160377109237e-13
9311.460484994846,799.7181634277666,4.665634824037611e-12
9312.733771916146,799.9365769140549,-2.3404268911012496e-14
9313.477285786243,800.0641295019494,1.6560495037244786e-12
9314.01848921132,800.1569813795033,-2.565141745589701e-11
9314.239438838164,800.1948902805783,1.6728866329511913e-12
9314.70691059202,800.2750985870189,-9.646087564005642e-12
9315.630267234714,800.4335389661217,5.000656882410018e-13
9317.121880926086,800.6895207422691,-4.027468819925184e-12
9318.80982318855,800.979244678764,2.196284901356863e-11
9319.12439559758,801.0332447189292,1.2767485178985164e-14
9319.408340081818,801.0819886821622,8.77416733869528e-12
9320.340178761768,801.2419652821715,9.233127013692982e-12
9320.497955739893,801.2690537692063,9.319946257900385e-12
9322.15992731917,801.5544229724072,2.4249468691278834e-13
9322.684700043652,801.6445397601663,-6.502838588676675e-13
9323.382106732783,801.7643100290404,5.972720964965395e-12
9323.612832926401,801.803936138458,-5.863992148116397e-14
9324.575879200405,801.9693452735446,-1.694872638734571e-11
9325.173224257556,802.0719515548426,-9.4706173352384e-13
9327.768206352852,802.5177693218553,9.31995894284383e-12
9327.823823413595,802.5273256873019,-1.4216413066083212e-12
9327.952144303026,802.5493745584246,-1.409341996641965e-12
9328.599547725122,802.66061995447,-5.357473518358583e-12
9328.983989517013,802.7266834680196,-7.970837049768116e-12
9329.085324378315,802.7440975770619,1.0062950778621478e-12
9329.796581511615,802.8663304251222,-1.8238404554051175e-12
9331.635379931355,803.1823796776976,-4.0599020142802937e-13
9332.141001400216,803.2692958732435,-1.3187376125588415e-11
9332.392566454273,803.312541593294,-1.947033294411541e-11
9333.071177470421,803.4292051922661,-1.476566039835769e-12
9334.506806020776,803.6760396240701,-1.4687173562742748e-11
9335.799023805925,803.8982492284082,-4.00859526700768e-13
9336.406458412122,804.0027142332062,3.181021767592098e-13
9337.549123372055,804.199245164137,-5.181331438429073e-13
9337.568633905257,804.2026010576169,-9.349350111953172e-12
9337.631315780362,804.213382650288,2.249101985743933e-13
9337.930295042432,804.2648095586355,-4.3128253651823695e-12
9338.617980262674,804.3831033592638,3.35569155741164e-12
9339.245873151547,804.4911194486372,-2.5966924205416683e-12
9339.597444739655,804.5516032989545,2.8495840444686917e-12
9339.816753056948,804.5893339270556,2.0621597536287687e-12
9340.040917707365,804.6279009725887,-2.1050949184192155e-12
9340.366417219078,804.6839041107313,-9.110882703267309e-12
9341.518680954452,804.8821701224264,2.4703558847039754e-11
9342.138036708131,804.9887506181041,1.3266590262754614e-11
9342.210630340978,805.0012431990938,-7.291837124503746e-12
9342.553060129494,805.0601729801119,2.2498461171061214e-13
9342.86959563294,805.1146484562131,-1.4183544909364522e-11
9342.92376167303,805.1239705680455,9.026121850915707e-12
9342.966387143404,805.1313065567823,-9.424360340378603e-13
9343.15694542963,805.1641026966076,2.669201671367318e-12
9344.12332942057,805.330433048425,1.2315596065090835e-12
9346.03496685989,805.659507515956,5.6340522321227086e-14
9346.197464980158,805.6874834885768,-2.2988912330514546e-12
9347.615135411133,805.93157284702,2.1648253462362733e-14
9348.20427761552,806.033020106617,1.842407053983926e-11
9349.070934256944,806.1822655464199,9.027941486800008e-13
9350.147334237941,806.3676497870914,7.407248580107503e-13
9351.283526550298,806.5633549858402,1.837207971246032e-12
9351.956020501524,806.6792009473969,1.985745693425214e-14
9352.106030302593,806.7050432525089,-1.4189657205240662e-12
9352.235937403635,806.7274227847677,1.2071412669861456e-13
9352.419875353797,806.7591109244245,6.623431141617706e-12
9352.690705554238,806.8057696692072,-6.6891046938898124e-12
9354.22578226947,807.0702588866468,-2.2488755314224815e-11
9354.249590766702,807.0743613627563,5.070491078768924e-12
9354.496155494042,807.1168478965351,-8.254482453729344e-13
9355.270898258292,807.250354144021,-3.8055522940340314e-14
9357.74742492639,807.6771916089125,8.302744704839242e-12
9358.180474062547,807.7518406477261,-1.6327202581183834e-12
9360.079745875999,808.079278048052,-6.9620363177273606e-12
9360.4661970576,808.1459109655891,-2.658993383665591e-11
9360.744282361287,808.1938608587468,1.1351097438901363e-12
9361.35553296048,808.2992630243937,-1.2019906005904158e-11
9362.024321114492,808.4145946730445,2.053325876406337e-12
9362.398305277076,808.4790913480667,-1.3940950514118027e-13
9362.403483395097,808.4799843756103,2.8932376824822773e-12
9362.666635314157,808.5253686790412,-6.831211022672803e-12
9367.439486600071,809.3487363690704,1.6855185552772522e-12
9368.364450754423,809.5083510799833,-2.3320678192130615e-12
9368.367039813436,809.5087978782325,1.5413810374904116e-13
9368.806853279217,809.5846990165822,-7.896525447518002e-13
9368.980468791066,809.6146618245144,-9.046993146508194e-12
9369.648364293502,809.7299333413396,-3.158744551754506e-13
9369.75668387611,809.7486289003921,-6.492626356795207e-13
9370.11008706261,809.8096264852787,-8.885736604668427e-12
9370.276938244815,809.8384258908477,3.5656311425937656e-12
9371.613220023297,810.0690937658161,-3.638007563422925e-12
9373.03721910812,810.31493953345,-6.218833423474883e-12
9373.538229630607,810.4014451829736,7.188097416479695e-12
9374.441238186311,810.5573724311156,-8.203349986881599e-13
9374.848304141717,810.6276675675151,1.6970646459824593e-13
9375.335798502485,810.7118556877355,2.4140709767074423e-13
9375.56206143828,810.7509317835684,-9.410135679297466e-12
9375.767743397997,810.786454318827,-1.830572408175193e-12
9376.839591225464,810.971581620863,4.915533581317982e-12
9378.94818320025,811.335834957987,7.9577693849297e-13
9379.413176090851,811.4161721949067,9.857410019334607e-13
9379.431569885866,811.4193501891882,-1.968237792394389e-12
9380.76185729283,811.6492075795836,1.1931916024538407e-13
9381.368767327604,811.7540850378459,2.834941812939486e-11
9381.944693854944,811.8536146465643,-6.016150813088943e-12
9382.137650911276,811.8869621768221,3.3919140164383203e-13
9383.034588697383,812.041983184418,-3.978488370060642e-12
9383.691277912543,812.1554905578156,7.715004890822731e-13
9384.151426967579,812.2350311041093,1.9430283276701498e-11
9384.284024520844,812.257952404961,3.9363041351835117e-13
9384.990772100946,812.3801288552318,2.3038941341048543e-12
9386.074037804698,812.5674123836094,-6.789620064584859e-13
9386.581030201085,812.6550726581567,-2.5077355898305664e-11
9386.633622527117,812.6641662761216,-5.397668022255652e-12
9386.700022696972,812.6756474493324,2.386999183175693e-12
9387.25955232147,812.772398266937,1.0384217145057792e-12
9388.111385774017,812.9197037448142,1.0531479510961414e-11
9388.643739081504,813.0117690885946,-8.525405343655929e-13
9389.651653104691,813.1860923466235,4.9147867410558e-12
9390.152396940168,813.2727052003564,1.146260363531592e-11
9390.795257011318,813.3839064414328,7.766777512574193e-13
9390.891824435143,813.4006112278126,1.2741098530755957e-11
9391.487650876052,813.503684499806,7.86774117268778e-13
9391.531549575746,813.5112788870576,-7.902086870689292e-13
9392.250641481445,813.6356854019442,3.916459002317951e-12
9393.613409711746,813.8714772876301,1.0434869299096854e-12
9398.405280756842,814.7008585852891,-6.568606902843905e-13
9398.735031937229,814.7579477675309,3.784188535677296e-13
9400.018776487495,814.9802190489675,-5.1020849967632145e-12
9401.44607949146,815.2273820997183,1.037310296241751e-11
9401.87209761094,815.3011620309272,-1.6835929667158567e-11
9401.968889121388,815.3179253309199,-4.14988119889608e-12
9403.518844123117,815.5863851984675,2.291257995420721e-12
9403.591704442937,815.5990060550203,2.809613424710746e-12
9403.917259052514,815.6553997831737,-2.6691024642501174e-11
9404.090159704108,815.6853510431908,8.967985875198981e-14
9404.091141251329,815.6855210763721,1.0413393614163172e-12
9404.196325903386,815.7037422903683,-2.689893174743916e-13
9406.412970773628,816.0877807006273,-1.942247594722509e-12
9406.872730448255,816.1674463696428,5.147753208116664e-13
9407.823153211883,816.3321448956772,6.578855096756303e-13
9409.222061767397,816.5745916836298,-1.2985424345181014e-12
9409.289887962774,816.5863476521844,-1.187786895907056e-12
9410.154881994342,816.736280088186,2.855299533549329e-14
9410.648671211267,816.8218764771407,3.5652729565604764e-12
9410.68617366153,816.8283775606523,3.2602251784608645e-12
9410.859040515383,816.8583445203204,-5.111603817970007e-12
9411.354069163897,816.9441621864986,-3.0068206083719106e-12
9411.720062062768,817.0076132479695,-1.726612209612189e-11
9414.437717455397,817.4788419772666,1.0773396689613008e-13
9414.792648060598,817.5403953278853,-1.334427061831838e-13
9415.364466912746,817.6395671044188,2.4511918309183957e-11
9417.708171940558,818.0461038565267,8.540261287602325e-14
9418.450949650029,818.1749664574628,-2.377433341959817e-12
9418.66341723954,818.211828784291,8.023725865584678e-12
9419.976216000467,818.4396128690408,-1.4713972838296088e-12
9419.990624813743,818.4421131224462,2.245996598012163e-11
9420.104828571977,818.4619301801885,6.660653401006634e-14
9420.733402523207,818.5710069529763,-1.3666914529652102e-12
9422.992639065977,818.9631135649556,-2.565440099133381e-11
9423.402069993714,819.0341832855419,-7.519246093389169e-12
9423.851973008494,819.1122817810797,1.7639858951137914e-11
9424.530761815791,819.2301195319072,-2.9342672358169344e-13
9424.702334140131,819.2599058346952,1.8586368243043495e-11
9425.84390735673,819.4581057161513,8.293167356223754e-13
9426.171704245273,819.5150222307996,-2.402238325973979e-12
9426.825749303429,819.6285922652326,1.4708137730097326e-11
9427.096211423606,819.6755582933044,-5.377741780643371e-12
9427.117875340127,819.6793203131971,-6.75418625106878e-12
9427.493923990307,819.7446239411476,-1.1670776962120073e-13
9427.5214132896,819.7493977633479,-1.7298947795630513e-12
9427.591472961338,819.7615644665822,-5.196548379223948e-12
9427.922865451237,819.8191159769541,-1.8957403723206933e-12
9428.347800630247,819.8929156044863,-7.977437630281966e-13
9431.21394720766,820.3907738145948,-9.808040971153646e-12
9431.383332350932,820.4202012549681,-1.4864246072118471e-12
9431.531163773525,820.4458845790756,-5.415218403572453e-12
9432.160875763095,820.5552913851931,-2.254437090221888e-13
9432.177395359331,820.5581616150902,-9.80382926095996e-12
9432.637476818827,820.638101397161,-5.708733554127528e-12
9433.292190441902,820.7518655058919,4.384980239557717e-13
9433.44996741998,820.779282272053,-1.2423198156203737e-12
9433.683464158807,820.819857635645,4.2265034686152536e-12
9433.97326782347,820.8702190037247,-3.6293580050857648e-12
9434.410390836938,820.9461840925559,-6.156671734010174e-12
9436.050127632529,821.2311758642795,-1.3688016418512095e-12
9436.564844605526,821.320645619534,8.710867890015501e-14
9438.343697897184,821.629889182044,4.0058167552278986e-13
9440.298574273387,821.9698005862225,4.730648418412936e-12
9440.47073876455,821.9997397005977,7.117141853506947e-12
9441.103978759978,822.1098637642091,-7.402787883432708e-12
9441.36958454703,822.1560563313379,-1.9557046891918018e-12
9442.963459548462,822.4332808194392,-2.300052475469508e-12
9443.057573104228,822.4496515601943,-1.1503504197816468e-14
9443.223117259335,822.4784478126015,-2.762573322356605e-12
9443.780214315879,822.5753580373581,-2.852895982895192e-12
9444.417617084364,822.6862449133479,-1.2004817941922615e-11
9444.428823371612,822.6881945014528,-1.0936466212235434e-12
9444.465610961635,822.6945945542592,2.7166267709694603e-12
9444.518905650333,822.7038664431878,2.7959375508973174e-12
9446.392507264904,823.0298576182897,1.7030156979097086e-11
9451.193752998151,823.8655298101456,1.9081599273314128e-12
9453.255400237947,824.224496428794,-6.371403284396096e-12
9453.414695832145,824.2522356644764,-6.356872753718063e-12
9453.538853948472,824.2738564939921,1.4146670191242134e-12
9453.79783059684,824.3189554661246,-4.287515693564368e-13
9454.849465528214,824.502103029174,5.0930257046144364e-12
9455.127550831829,824.5505364025563,-1.3382883995973028e-12
9455.829475876415,824.6727951454807,1.3657632459736932e-13
9456.042603228221,824.7099186861369,-2.292492563295962e-11
9456.182879062833,824.7343530579692,7.400453373276097e-12
9456.349730245001,824.7634170093216,-5.046494889877071e-12
9457.560635775439,824.974361054146,3.584110442100388e-12
9457.846957729516,825.0242433040022,3.6002756061237764e-14
9458.339608908016,825.1100752175364,1.9444061741049718e-13
9459.260431589257,825.2705170920506,2.7159181295906893e-13
9459.723795667787,825.3512584144341,-2.4965824636857017e-12
9460.118293210862,825.4200028404442,-1.6616348805742474e-11
9460.290703088825,825.4500475731496,4.296367125944207e-12
9460.934992880324,825.5623285536045,3.0452858081095235e-12
9464.823999362656,826.2402317043081,1.216443078377249e-12
9465.357600904234,826.3332669557808,-1.2105800052826973e-11
9465.647438366614,826.3838033055574,1.0754291112647125e-12
9466.022996243144,826.4492882540783,2.753357722774582e-13
9466.872866601076,826.5974873001555,-7.253433994844484e-14
9467.593265533698,826.7231197432075,1.6551299875998842e-13
9469.445613912205,827.0462000007168,-2.7115223355933865e-12
9469.763211055806,827.1016005538027,-7.305606250188669e-13
9470.598939287443,827.2473909888741,4.3458283371217096e-12
9471.123466624907,827.3388998763648,-7.523734082345645e-13
9471.449300418975,827.3957472977463,3.4249489534184738e-12
9471.862348248194,827.4678135484654,-1.1890067048044212e-12
9472.944196728786,827.6565832522475,6.081696174474046e-12
9474.184177770076,827.8729717255093,-2.215358987202649e-12
9474.394547074155,827.9096859780335,2.853579005353076e-12
9474.751499566604,827.9719842129225,-1.0082220923152131e-12
9475.05593613113,828.0251187979983,-1.2015245149742686e-11
9475.199917762931,828.0502491081874,1.5188341115351823e-12
9475.730964043225,828.14294032829,-7.195186203387377e-13
9477.217890389535,828.4025028156459,-4.75119444851024e-12
9478.676489882915,828.6571600502344,-1.958412608089659e-12
9478.79747927095,828.6782853766642,-3.842843288335806e-13
9478.979598120195,828.7100847081263,-3.2857331340549626e-12
9479.73120464684,828.841327368302,-4.181130400417204e-12
9480.4547172098,828.9676741977656,-8.97014574624777e-13
9480.878937528514,829.0417601771318,-7.865352876661183e-12
9481.430230502407,829.1380431210669,1.9879713675640502e-12
9483.553108596469,829.5088546267384,5.591225820849976e-12
9485.55475191568,829.8585656141219,1.6645304208383424e-13
9485.665283674445,829.8778789823898,-1.2408758498428885e-12
9485.880831096538,829.9155425312356,-1.7006549006093582e-13
9487.01464593853,830.113673075222,-3.972081816421008e-12
9487.102028962388,830.1289439640699,-1.9221029669716116e-11
9487.261278261269,830.1567744263876,-1.942829838786033e-11
9487.877017113167,830.2643855552916,7.898576565921366e-13
9488.290433022577,830.3366411316383,1.8541767205204123e-11
9488.312934492733,830.3405739605561,-1.5543974958243492e-11
9489.768196269077,830.5949458414689,2.1092894636576885e-11
9491.308653888213,830.8642519982047,-6.43005496646156e-12
9492.88149974011,831.1392654370483,6.869311061236346e-12
9493.549005861942,831.2559932254254,-7.513576678370553e-12
9493.711905860093,831.2844810363124,5.043234375753228e-13
9494.161673683828,831.363138582591,8.57299877148661e-12
9494.65121123192,831.4487554834565,1.5476855394691163e-12
9495.313526738159,831.5645971405158,8.468553169392365e-12
9495.362679953963,831.5731945585791,2.498578066255557e-13
9495.713549179252,831.6345665951266,-6.686326068943978e-14
9495.907132200098,831.6684279998226,-7.569943720962895e-13
9496.896474636664,831.8414938561076,6.593801903845429e-12
9497.117200176774,831.8801078758747,-1.260959996892822e-11
9498.281554047851,832.0838163455305,-2.6867471068932502e-12
9498.435714124364,832.1107891532414,-2.1266675149432854e-14
9500.062370433654,832.3954257587158,3.514516065625691e-12
9501.948092286935,832.72545533891,-2.3667717009770455e-11
9502.238923794068,832.7763610407511,-4.903760422866085e-12
9502.289506730345,832.7852149856261,-3.6967792075272756e-13
9504.176700904442,833.1155796924493,-3.0205050867272997e-13
9504.199828339168,833.1196286961158,3.642202801713226e-13
9504.330281311682,833.14246775449,-1.469491348079079e-11
9504.81121412909,833.2266697911896,3.077160751413073e-13
9504.921576899143,833.2459927792194,-8.28728913841447e-12
9505.175921300981,833.2905258053435,1.3273798681095896e-11
9505.569471094535,833.3594345779505,-2.9859891347796905e-13
9506.443450434324,833.5124745744838,-6.721041262002055e-12
9506.70417858803,833.5581326528984,-1.273515940327537e-12
9506.986739646956,833.6076154703306,-1.8061624517940153e-11
9507.36483148454,833.6738301833932,-3.0997697526833007e-13
9507.779241438708,833.746408264047,-6.337596209362478e-12
9509.241098555913,834.0024572602049,-1.5921962019075153e-12
9509.416342879662,834.0331545119623,-2.644664529936949e-12
9509.983652178575,834.1325330021483,8.812446790033219e-13
9510.399792337937,834.2054341853551,8.371757805130992e-15
9510.75368629791,834.2674333274886,-6.870264930344337e-12
9511.143005722914,834.3356413678038,-1.964690404126365e-12
9512.29761312997,834.5379428600996,9.612405681577895e-12
9512.742249130959,834.6158551338727,-1.0628083660925747e-12
9513.096409777918,834.6779162800225,1.2806342378992466e-11
9514.060001922959,834.8467825145684,1.8379057362850357e-11
9514.902506981694,834.9944426654043,-6.1696338886988356e-12
9515.543425258375,835.1067808241385,1.4348438806157252e-11
9516.525813076367,835.2789853880921,-5.949607002291156e-12
9517.148337558032,835.388118049257,3.5855296847367026e-14
9517.955616243236,835.5296499759368,1.2062094455971075e-12
9518.827374604192,835.6824999469081,1.4635565574676296e-12
9519.057745215045,835.7228943742577,-2.6683664963204012e-12
9519.36498242761,835.7767685280794,-9.224050232082255e-14
9519.402484877863,835.7833447150634,6.132275830415154e-13
9519.703752714076,835.8361740332214,2.0508004984450398e-13
9519.75032936843,835.8443417084628,1.3815659757267427e-11
9520.539971719212,835.9828193564131,-1.9079501669711855e-13
9520.645592046927,836.0013426058957,8.800001382360213e-13
9521.110584937354,836.0828935498982,6.656670888293176e-14
9521.413494083099,836.136020218018,8.352748571981212e-13
9521.91576533715,836.2241163580059,-1.3049830588706e-12
9522.241899615894,836.2813213457105,1.76443157604657e-12
9523.608720422946,836.5210873662353,-4.172471613793843e-12
9523.677697154226,836.5331880915411,1.2628915535615551e-12
9523.782166946017,836.5515156020123,7.924124395618179e-13
9525.494442276113,836.8519348590213,-7.411577559701498e-13
9525.57132137539,836.8654245885688,-8.012677018087665e-12
9526.767103232105,837.0752586211477,-1.673126321486566e-11
9527.030064862163,837.1214062723005,4.169770423544664e-13
9527.592686816635,837.2201461784333,1.4281521963323462e-12
9528.351569746608,837.3533390363988,3.66346145055114e-14
9528.555432605386,837.3891211676745,-1.8355402306628973e-12
9529.664859280767,837.5838618227658,4.749718480462058e-12
9530.919663510653,837.8041483157325,2.3685916848854146e-11
9530.939664817452,837.8076598694128,-1.4643803811252412e-11
9531.325490034304,837.8753991835744,2.7500681188140485e-12
9531.365581543565,837.882438205137,2.079916599905144e-11
9531.84419198891,837.966471981292,1.0156219183432307e-12
9532.331229373607,838.0519896797709,-8.071689075676037e-12
9533.143094009967,838.1945527103741,4.0836620913003285e-13
9533.55143319453,838.266261459345,-6.1162439054083294e-12
9533.89788176235,838.3271039593757,-8.158778007973184e-13
9535.706187447277,838.6447103291047,2.916806534056233e-11
9535.857893655728,838.6713583736602,2.2828925608252885e-13
9536.380568094508,838.7631723105131,-1.3751556331294776e-12
9536.620537480801,838.8053274523423,2.392536585646072e-11
9537.67635648519,838.9908145445822,-1.7971573088033234e-11
9539.154153529242,839.2504695474644,-2.566452091013435e-12
9539.636067893822,839.3351525766038,-1.3590467878955648e-13
9540.753853913038,839.5315888103992,1.3057937530273758e-13
9542.2980048316,839.8029909422199,-4.830401568306929e-13
9543.275561311531,839.9748303451155,4.849482390620757e-13
9543.354538696209,839.9887141238916,-1.872112423568411e-11
9543.971394286196,840.0971578107475,1.0087739956834121e-12
9544.039757550463,840.1091765565991,4.569717899237591e-12
9545.769990999785,840.4133925090873,2.9037627895155735e-12
9545.81730381455,840.4217119952506,1.2348741264224307e-12
9546.172145523966,840.4841086818737,-5.126482003541593e-13
9546.1910851905,840.487439168518,3.495338173941824e-12
9547.357224364549,840.692514163326,2.0538996520770054e-12
9548.226905740212,840.8454709663007,4.832391842622515e-12
9548.39514034751,840.8750611438829,6.850451058339331e-12
9549.43652923842,841.0582388776088,-1.8881990827703835e-11
9550.69803020239,841.2801605382582,9.818849140567691e-13
9550.928756395868,841.3207527706844,5.098977849028499e-14
9552.166774342471,841.5385770911694,2.0182293122785256e-11
9552.299651080217,841.5619579010186,1.4081082207408068e-12
9552.315946589822,841.5648252590898,5.192986772655478e-13
9552.794366746259,841.6490102556363,-1.007325047191562e-11
9552.84954813128,841.6587204954565,-1.1973094743657523e-11
9554.763228757016,841.995504589189,5.3853139870684986e-12
9556.009047678379,842.2147895462485,-6.781154608429875e-12
9556.6202556769,842.3223828258297,2.828334833182795e-12
9556.825345469684,842.3584871077035,-4.145088859898787e-12
9557.539403250625,842.4841968410325,-2.408391850804357e-11
9557.697180228652,842.5119747142322,-4.7859098817023025e-12
9558.166995654408,842.5946921167387,-3.7224402433883625e-12
9559.225048135102,842.7809915510551,5.843309172403763e-12
9559.632380777291,842.8527192384809,-1.1993481465099144e-12
9560.151171627525,842.9440781590174,-2.483807210670095e-12
9560.65270672111,843.0324030589383,7.83522800423477e-12
9561.055152927385,843.103280853672,-4.623485112249423e-12
9564.232119820128,843.6629048600691,-1.3325273398506843e-13
9565.933903723037,843.9627512542131,5.516578070866511e-13
9566.458676447175,844.0552245246964,-3.3033362234375214e-12
9566.546182164417,844.0706449123172,1.8471401678750744e-12
9566.866723949595,844.1271324670528,3.308011507186565e-12
9571.063940387981,844.8669626102225,8.124668940049528e-12
9572.551213513952,845.129197435105,5.145531102493411e-12
9572.69640077956,845.1547989222647,-6.729951593384013e-12
9572.780277097705,845.1695893666271,2.5845017664594425e-12
9572.86188983669,845.183980784082,-1.1959007854368581e-12
9572.930375794349,845.196057547413,-1.7036528212500993e-14
9573.77435317379,845.3448909897469,2.8747806194271852e-12
9574.26305316814,845.4310780923903,7.151354806646334e-12
9575.840988242058,845.7093926655222,-4.4369988913646164e-12
9576.4869193429,845.8233345622261,1.8003290996769187e-11
9577.860043808581,846.0655785099177,-2.474296550022623e-13
9579.745765661482,846.3983104918289,-5.3301882472915834e-12
9580.395948431034,846.5130491728281,-3.331635071356352e-12
9581.396129074421,846.6895676811409,-5.724766910497911e-12
9581.565514217624,846.719463718391,8.335604717733445e-13
9581.83120890024,846.7663592035731,-8.836903623138208e-13
9581.98634172132,846.793740965978,-4.652532961352907e-12
9582.328158042608,846.8540749168366,1.7829615493695266e-12
9582.37566114625,846.862459853323,7.009558225202058e-13
9583.981466097195,847.1459304701414,9.784319072003201e-12
9584.138697203673,847.1736888218402,-3.829434960250706e-13
9585.654229587035,847.4412717009554,-1.1057729570081657e-11
9586.185745340606,847.5351263124807,1.355867270477697e-13
9586.234141095805,847.5436722533394,2.1983447125189072e-11
9586.895606550692,847.6604811331993,1.2217179954239502e-11
9587.632389888351,847.790599965687,-2.488833804497032e-12
9588.557844815778,847.9540531107898,-4.5574891977667074e-12
9588.95460963283,848.0241342427181,-5.634103645737053e-12
9589.028184812849,848.0371302497621,-1.5247399611319938e-11
9589.29086725832,848.0835301738555,8.08835968704049e-12
9590.493168057668,848.295919422514,1.6136116771462356e-12
9590.88400609872,848.3649676116282,6.591284343951807e-12
9590.971867398604,848.3804901923788,-7.341301480133783e-12
9591.040966823277,848.3926981858592,2.343736361980901e-13
9591.075880214506,848.3988664682391,2.512289876527353e-13
9591.356520779294,848.4484491259733,-1.5386425924880686e-12
9592.830087454595,848.7088178781136,5.095879231625604e-12
9593.343509897875,848.7995453686622,-1.4106097423443829e-12
9593.472591942758,848.8223563741934,3.3046827079940337e-12
9594.367854621087,848.9805730510828,-1.8466507763212705e-11
9594.421216905244,848.9900040492444,6.927017307272266e-13
9594.697660899223,849.0388622952919,-1.253924102464205e-13
9594.808873720449,849.0585182591468,3.2532273136508036e-12
9595.150935428534,849.1189763188634,3.014461557479781e-12
9595.660707172534,849.2090804664176,1.7850022202617595e-11
9595.857314928033,849.2438329345256,-3.949528956233388e-12
9595.93898276493,849.2582687844396,-1.117860781694107e-12
9595.977589455795,849.2650930607871,-3.654326428937668e-12
9597.592861686111,849.5506397821223,5.861689939227158e-13
9598.507914082165,849.712423444975,-9.95869604709671e-12
9599.036972272726,849.805969357106,-8.873028560341567e-13
9599.396636517473,849.8695666664155,-1.5872222434065654e-12
9599.788088025527,849.9387874382835,-1.8341984818283145e-12
9600.924267839579,850.139715266779,-1.4261075004507898e-11
9600.95001813105,850.144269355125,8.405192611626116e-12
9601.242444652338,850.195987537851,-2.471540266841786e-12
9601.247322285637,850.1968502032304,-2.8382442263925124e-12
9602.756013941198,850.4637006541941,-1.846069995039674e-12
9605.149510645791,850.8871373819533,1.145609600270703e-11
9605.425552761813,850.935979151872,-1.719635789387907e-12
9605.566264272064,850.9608766146271,-1.1514060952339798e-12
9605.833511368532,851.0081642595137,3.2623344194252573e-13
9607.552271843357,851.3123192460289,5.350264183058191e-13
9607.659119105068,851.3312289287985,1.328783110771977e-12
9608.31469158166,851.4472558558365,-3.711568251504466e-13
9608.972531332362,851.563692015748,3.4651988915713163e-12
9609.087906926645,851.5841140587296,4.620859723420381e-12
9609.936961030806,851.7344083187037,1.5123417541601609e-12
9612.884094381267,852.2561945203064,-1.389959926798152e-14
9613.468502945525,852.359682320272,-4.277431392834105e-14
9613.631369145887,852.3885239918164,1.2982477006616393e-11
9614.015946128453,852.4566299512009,3.92408152128957e-13
9614.644520079362,852.567951974239,-4.187047807457713e-12
9615.497559165247,852.719038976301,1.4435008636024863e-11
9617.24980331079,853.029431766197,-4.164890095551229e-13
9618.1962748899,853.197113408798,8.413463210239463e-13
9618.783462802045,853.3011508528718,-4.95046583478341e-12
9618.84845455157,853.3126664249744,-3.2860641496044802e-12
9620.069652417002,853.5290590037839,-1.8197145955588547e-12
9620.54819526676,853.6138628452288,-4.103826048313986e-12
9621.820466842055,853.839345965188,8.388649731813486e-12
9622.078517041013,853.8850835204042,4.344209145774202e-12
9623.637211963485,854.1613771472969,8.407492014643147e-12
9624.056487053265,854.2357053171446,-2.1900205967167123e-13
9624.701737091526,854.350100157495,5.716106607276449e-13
9626.552735841859,854.6783018681464,2.6332617985195386e-13
9627.740403741203,854.8889212228869,-6.524720044770481e-12
9627.844382759355,854.9073619527001,-2.609496931745163e-12
9628.391512959979,855.0043990429499,-1.0141884950184737e-11
9628.431515573568,855.0114939822842,2.5744864042547734e-11
9628.72747010071,855.0639859536925,5.0662271829737035e-12
9628.874755651697,855.090109855079,2.1973709319634545e-12
9629.162270741932,855.1411072910043,3.7481056361158016e-13
9630.834767544598,855.4377933858838,3.76668281471214e-13
9630.942596353525,855.4569230280737,-1.1954112972890626e-12
9632.24833029937,855.6885870564811,-1.4903869486368964e-11
9632.645852576972,855.7591219118151,-5.968574288214186e-12
9632.659614125483,855.761563761268,-1.2362195236426789e-11
9633.393228734778,855.891741402642,2.598122509945945e-12
9635.143328299539,856.2023311876584,1.3025705946845959e-12
9636.212185189317,856.3920487362278,6.306938175398369e-12
9636.605811380836,856.4619210119665,1.0328202440855968e-12
9636.954146644908,856.523756111212,-6.151924099117103e-14
9639.013361315847,856.8893454220868,1.7369770208754654e-11
9639.361785475574,856.9512117541848,-7.540259942360658e-12
9641.290365687764,857.2936916683104,-3.215167366970735e-13
9641.395550339757,857.312372473083,1.3812825967886109e-13
9641.598698338239,857.3484521549541,-1.9989193631063333e-11
9643.61219520863,857.7060962273247,5.066163804881101e-12
9645.470427761938,858.0362279950265,-8.502127445283586e-12
9645.816250365091,858.0976735187913,-8.35740787709913e-12
9645.9407339612,858.1197922182891,-3.4098013578377034e-12
9646.60791460292,858.2383441734634,-3.783043962582994e-12
9647.516972627383,858.3998887454952,-6.079669002647415e-12
9648.049325934508,858.4944979008948,-2.2467503898770755e-13
9648.057807971774,858.4960053600649,1.6164158130694293e-11
9649.162246817681,858.6923016551787,2.3644467759396486e-13
9650.244552273645,858.8846858934862,3.867644533841123e-13
9651.543454294313,859.1155995475982,-4.5140305940667395e-12
9651.831785637987,859.1668621664184,1.0686290935718643e-12
9654.195927646846,859.5872422821516,-7.180169048434845e-14
9654.200894175805,859.5881255142989,-1.933393783704134e-11
9654.300900709772,859.6059104636461,2.6168542954560575e-11
9654.80194502963,859.6950178937935,-1.3986211703587447e-12
9655.893134400794,859.8890947342649,4.657532197954168e-13
9657.665858129,860.2044347234087,2.3294075390475747e-11
9658.175587272568,860.295118328451,-1.5438464425840494e-12
9659.46658692521,860.5248156456026,7.747570854002335e-13
9660.423706422367,860.6951281358897,-3.3856282317935897e-12
9660.736481030437,860.7507877729049,9.038457886348086e-13
9661.523056045877,860.8907702707445,-8.631218932888794e-12
9661.954150889871,860.9674947214486,1.7055528894728777e-11
9662.309517170535,861.0307438944632,1.569261258549804e-11
9662.864427045704,861.1295130965402,-9.313135450203703e-12
9664.517680002029,861.4238115777592,-8.089344010183082e-13
9665.456003826226,861.5908666575211,4.43390731794346e-13
9665.659621298128,861.6271199654183,6.585286889741332e-14
9665.660513949686,861.6272789002772,-1.1830331311901516e-12
9667.00576853801,861.8668155198272,3.5838672228736593e-12
9667.111634252491,861.8856674301136,9.699048770492601e-13
9667.37391481996,861.9323736173009,-1.0177486051527349e-11
9668.630237665539,862.1561136349268,9.228360817915984e-13
9668.69547480186,862.1677325875607,6.856904192677933e-13
9668.956338146418,862.214194007063,-1.8728094803100242e-12
9669.011028757815,862.2239349114728,1.1806222968267688e-11
9669.127140512495,862.2446156730172,2.31197987322836e-12
9670.113893889611,862.420377163865,1.006590641804293e-11
9670.870187760303,862.555101120292,-3.448314068738916e-12
9671.24146897279,862.6212439147984,-6.578697295439736e-12
9671.485457138482,862.6647111625655,6.7270752231939744e-12
9671.664931830705,862.696685835119,-2.5164115014204175e-13
9672.373320719811,862.8228960665592,3.810917262347681e-12
9672.948430993256,862.9253674885655,-2.5063815459532102e-14
9673.018401769292,862.9378350871083,-6.553351012635511e-12
9673.197296792245,862.9697115381863,-6.679730093158158e-14
9673.758298737152,863.0696776226696,9.9588541997291e-12
9673.86767995994,863.0891691619431,-2.294669959180735e-13
9674.582274809583,863.2165141157697,-2.613892582525504e-13
9674.93061007362,863.2785928937471,5.142773584206815e-12
9675.027401583999,863.2958430476383,4.692305784866586e-12
9675.083018644691,863.305755181552,1.2878706587085836e-11
9678.300969697322,863.8793589916149,-1.5758611289074382e-13
9680.162683961036,864.2112989946255,1.718118234199479e-11
9680.37471587471,864.2491079188987,-2.5398740832634326e-12
9680.534726329053,864.2776410736628,8.373940999333591e-12
9680.57083285656,864.2840796752987,4.664834850731195e-16
9681.733499122252,864.4914219189693,-3.7548296979600905e-12
9681.779796592044,864.4996788203041,-1.504650033539174e-12
9681.94386842622,864.5289404553524,-3.2181671297276035e-12
9683.496268492256,864.8058300940656,3.668215728559126e-13
9683.665653635415,864.836044703106,-8.296075894379023e-13
9685.267274512704,865.1217650024989,-7.771018960942969e-12
9685.732288703115,865.2047298114451,-3.445019372671438e-13
9685.92587172387,865.2392688098435,1.3589008160291682e-11
9686.385775391742,865.3213273903958,-1.7044460928032595e-12
9688.115293980207,865.6299526309917,4.358554073579564e-12
9688.184270711457,865.6422623780725,9.588734477517049e-12
9688.927885974046,865.7749752440657,2.5434601340125922e-12
9690.3865743623,866.0353366546154,3.210125583826814e-12
9690.70687076057,866.0925116331953,-8.153341812257765e-14
9690.72008643755,866.0948707576027,-1.3494159216452648e-12
9691.6265554029,866.2566917932235,2.328576892100784e-11
9691.803352140443,866.2882549588896,2.5423292555732543e-12
9692.697777264917,866.447943700589,-2.531372529470894e-13
9693.0208317109,866.505624770427,5.926436328813128e-13
9693.239594156465,866.5446856926152,-2.53642783186478e-12
9694.783220503079,866.8203314958436,1.3126921094097465e-12
9697.73298920723,867.3471946248379,9.610806689640346e-13
9700.891372014996,867.9114963530874,-8.729038111163588e-12
9701.399527444457,868.0023045938124,8.47074064658347e-12
9702.067422946318,868.1216658920712,-1.657441960057806e-13
9703.122751176654,868.3102830249996,1.301386601598088e-11
9703.240089865349,868.3312560491846,7.300682580984203e-12
9703.289602358716,868.3401059490817,1.4036980890629013e-13
9704.509806179112,868.5582203573516,-7.867833148566163e-13
9704.58338135911,868.571372976916,-1.4733469960979354e-11
9704.662671726042,868.5855473798205,-3.0213773701112478e-12
9706.055061337658,868.8344778438419,-1.1009549437510108e-12
9707.015027778083,869.0061207872151,1.4361203153491315e-13
9707.220485650998,869.0428590622712,4.678431814300531e-12
9707.481404093456,869.0895154577718,2.2208181327768365e-13
9707.517700909844,869.0960060091103,7.123631801369327e-12
9707.7548571504,869.1384145889205,6.3207005430122325e-15
9708.331710126555,869.241572494796,3.815593574335415e-13
9710.531221931826,869.6349647209814,-1.5232943144465603e-12
9710.59444087578,869.6462730208192,-5.2086682498119174e-12
9711.74914967548,869.8528347156075,1.1410386885341276e-12
9712.729963778931,870.0283083065517,-2.3519310518493564e-11
9714.998130530526,870.4341649661105,4.411120498456069e-12
9716.243023002087,870.6569613112919,2.8494913084980087e-12
9716.422273607668,870.6890438466922,-2.5201152603592015e-13
9717.108017032975,870.8117846705583,7.673236460390145e-13
9717.711712043634,870.919846865151,1.7269423539048506e-13
9718.465471953146,871.0547802964143,4.274843688771075e-12
9719.36101381574,871.2151082587643,2.931360351378535e-14
9719.52388001606,871.2442676190883,9.592300157825653e-12
9720.864929230787,871.4843859648922,-1.235173790052112e-12
9721.546184403178,871.6063791624745,1.2524495557760093e-11
9721.825441542705,871.6563885507516,2.1041135624991675e-11
9722.678603321765,871.8091817208709,-2.1725790434677432e-13
9723.851629518325,872.0192814605257,2.9284363973016144e-12
9723.950608209756,872.0370106106477,2.4285946140374046e-11
9724.961056193162,872.2180132656628,-2.1080513163602924e-11
9725.16151373937,872.2539236813485,7.959997110888643e-12
9725.489657407687,872.3127096737331,-9.521272890280042e-12
9726.440215361503,872.4830105863913,8.64522816196482e-12
9726.967420653296,872.5774712795522,-6.512440933380756e-12
9728.111773216911,872.7825254138185,1.3616426932796869e-11
9728.277050684912,872.812143130048,-1.1086468380623511e-11
9728.401576881355,872.8344585522868,1.0702895068094067e-12
9728.870656146502,872.918521356132,9.910067892251621e-13
9729.200496222267,872.9776337964746,1.871672040393806e-12
9729.859998582484,873.0958328237122,-8.632166982072968e-12
9730.080724122461,873.1353940532734,-1.7917775782801203e-11
9730.271282408496,873.1695490469797,-6.208029672909372e-12
9731.245077992855,873.3440991689489,3.5173101766781695e-12
9731.375530965292,873.3674838244362,7.901100245272814e-13
9731.650993411959,873.4168635253476,4.012280921879548e-12
9733.02589437761,873.6633506824658,-4.600969309637071e-12
9733.573782038678,873.761583657648,-4.550715695201018e-12
9734.387947746476,873.9075689050006,9.097671951124376e-12
9734.77697548915,873.9773284400392,4.087786703162829e-12
9734.984666838418,874.0145723032141,2.6262816366949077e-13
9735.139943653023,874.042417546987,-1.1267946569987647e-11
9735.202447736743,874.053626309351,6.419673721075758e-12
9735.698457932062,874.1425776155605,-1.1944398617087646e-11
9735.771051564834,874.1555964750307,-9.354057427153223e-12
9736.886527709034,874.3556569031405,-2.9763882744647376e-13
9737.504555134827,874.4665098685025,-1.7999295644242749e-12
9737.77473807025,874.5149736491571,-4.028411130074702e-13
9740.058172488776,874.9246160086119,-1.7471714224424536e-13
9740.742765378121,875.0474489559004,8.296750737628443e-12
9741.283029855735,875.1443919006321,1.8123098030818652e-11
9742.947176116693,875.443033584522,1.1044443631485445e-12
9744.106529660352,875.6511171380617,2.5720384646743185e-12
9745.306508087207,875.8665182188664,-5.132025372347168e-13
9746.061160648227,876.0019950544415,-2.4503735387025863e-12
9746.44399492791,876.0707262907929,2.3773232566393475e-12
9746.80427263954,876.1354103535263,-7.780503052146056e-12
9747.866030916928,876.3260517585846,8.076860270757693e-12
9748.765278576651,876.4875302098023,-1.7752321444734768e-12
9749.173783054752,876.5608905286855,-1.2176485273329714e-11
9749.489337010646,876.6175606503524,-9.835112386745723e-12
9749.986565337354,876.7068612717385,2.707258902186722e-13
9750.315009490374,876.7658512916558,-3.759800532353964e-12
9750.676023362412,876.8306932693895,-1.7237207732584899e-12
9751.088770706614,876.9048300771218,6.626715628978196e-12
9751.520715601711,876.9824184689593,3.1603022977271148e-12
9751.52218792254,876.982682941454,1.7607281120656173e-12
9751.553217725243,876.9882568237587,4.850146944640991e-12
9752.021269147843,877.0723350348782,3.493240444461497e-12
9753.399025859411,877.3198511774333,-8.662365328392454e-12
9753.444396879893,877.3280027467428,-9.253842528805237e-12
9754.66150836996,877.5466888303664,-8.425259661910758e-12
9755.082246977812,877.6222919316649,7.493863977028938e-12
9755.154840610585,877.6353367116055,-9.01020766540254e-12
9755.219755961987,877.6470018178936,1.2391112621011237e-11
9755.955477659076,877.7792143653998,-4.610372725003998e-13
9756.572244353081,877.8900578388149,5.462308179927394e-12
9756.774576098047,877.9264218238694,-8.322538634179174e-13
9757.889294781598,878.1267776775727,2.5099257181250757e-13
9758.727066200105,878.2773710104793,-1.427762780813082e-12
9758.897208803828,878.3079565191698,1.5465758329840628e-11
9759.36906741683,878.3927824834599,1.8121728113607687e-12
9759.647152720232,878.4427757647364,-1.3269182576258659e-12
9761.128765756494,878.7091594033403,2.169032562984035e-11
9761.518956532633,878.7793196967309,2.4029598085507263e-12
9762.708007856745,878.9931405845537,-2.9405220508980896e-12
9762.954585081392,879.0374845391025,-5.031221744641527e-12
9764.661826286023,879.3445421026212,7.82973587908766e-13
9765.246501537047,879.4497117930489,5.397343689828937e-12
9765.515702925231,879.4981370760478,-5.728276800603136e-12
9765.956709526845,879.5774704190399,3.7046667428218644e-13
9765.981533369008,879.5819361239685,3.1263746156725284e-12
9765.99761728954,879.5848295597692,1.3255934748916337e-12
9766.447507806364,879.6657650742493,5.342719175595772e-13
9766.778900295978,879.7253851228503,3.8030700611229045e-12
9766.861405686479,879.7402287894269,1.0680891173271028e-12
9766.993377275036,879.7639722534014,3.6170092783864146e-12
9768.202028027978,879.9814397057348,1.3279891173786012e-11
9768.81508892477,880.0917554636683,6.820194192730785e-12
9769.116009980764,880.1459065072868,3.140400270018518e-12
9769.921770049328,880.2909120468677,-1.1886860527958785e-12
9770.180344819544,880.3374480046094,-4.955558528438197e-12
9770.617869710584,880.4161925981136,-3.1049783227432298e-12
9772.002648636093,880.6654447546176,4.8962367041493515e-12
9772.599591814609,880.772901952168,1.7791662821769642e-13
9773.553305999032,880.9445959897054,3.141796258901976e-13
9773.92865228621,881.0121729457334,6.897090745272656e-12
9774.46225382737,881.1082464806216,-5.021055317080781e-12
9775.840010538865,881.3563321577726,-2.2541994480565845e-11
9776.383925715701,881.454281837384,-1.6514867500761608e-12
9776.93796423934,881.554060158717,7.320461744273202e-14
9776.988648568802,881.5631883212889,2.043297056737148e-12
9778.733514917009,881.8774646746829,-3.8013950725382054e-12
9779.631869925102,882.0392936292358,8.536820261800019e-14
9779.860007059442,882.0803924376423,-6.388968638355811e-12
9779.957780117014,882.0980065061631,1.7020160014962782e-13
9780.837753827675,882.2565439644708,5.70144386422115e-12
9781.406078471162,882.3589418139952,-8.901148115543007e-13
9781.623233404885,882.3980692587189,-2.0153894553553803e-13
9781.647486380394,882.4024392661257,-1.0185657243710688e-12
9782.72347567963,882.5963266368259,9.366856475666838e-12
9784.488542426092,882.9144281710913,4.885845751871206e-14
9785.263174993652,883.0540511011635,-1.8433917088929494e-12
9786.314852524503,883.2436274343893,2.4966598668783586e-12
9787.179355781629,883.3994788228044,8.707661259393239e-12
9787.618141404419,883.4785877230431,-9.468974847599751e-12
9788.54711183969,883.6460840142838,2.052093921623245e-11
9789.794237787397,883.8709697406985,-2.9146550712703217e-14
9790.851262424962,884.0615982250619,1.5961901784525855e-13
9790.911266345322,884.0724202139955,-5.267218984449325e-14
9791.688018498444,884.212517100252,-1.19968694800208e-12
9791.848964204655,884.2415470448738,-4.356890804834568e-13
9792.188572044528,884.3028040302677,-7.649625407522402e-12
9793.5838298994,884.5544968693551,1.2318430474578329e-11
9795.183263595201,884.843065437035,1.6446301461021646e-11
9795.331441797685,884.8698020167132,1.1414978680799723e-11
9796.07362733961,885.0037245802657,3.2032689042658295e-12
9797.519066252768,885.2645737736864,-1.5957881617048788e-11
9798.011281755156,885.3534095679847,-1.115121271838117e-12
9798.266476208011,885.3994692034515,-1.0500787621236017e-12
9799.509706069613,885.6238749151155,-2.4181366886739463e-12
9800.01232410334,885.7146066525452,-1.1063435833875482e-12
9800.514595357043,885.8052804385526,-3.4773412604976778e-12
9802.254863256398,886.1194826386611,-1.4884066115751085e-11
9802.410317862299,886.1475523989418,5.057386503250819e-13
9802.851738839385,886.2272602865039,2.8951313047449773e-12
9802.997996547787,886.2536709988022,-1.597070648601264e-11
9803.02562103802,886.258659378167,-2.098669811728115e-12
9804.078013429062,886.4487089186065,5.924490420296663e-13
9804.902514072583,886.5976181747671,-2.709334413898542e-13
9805.181995298679,886.6480968309867,4.160368055819624e-12
9806.783882862479,886.9374503968367,-6.449557386862494e-12
9807.226577068892,887.0174238632926,-9.36200768449166e-12
9808.712788553728,887.285936916862,-4.214319037908923e-14
9809.14713221889,887.3644172433288,7.683855971391332e-13
9809.943394905154,887.5083007175717,3.711920198042999e-12
9809.97950143265,887.5148253897934,-1.3271410614420466e-12
9810.622932369768,887.6311013558658,1.1414269238367269e-11
9811.511654804613,887.7917170850893,-3.879466548385884e-12
9811.705237825307,887.8267046040203,4.840164124324521e-12
9813.040212575213,888.0680020714419,1.3699137685211377e-12
9815.250786673587,888.4676368214681,5.096841639683185e-12
9815.339185042338,888.4836196368472,-9.176371182541855e-13
9816.187502985646,888.6370065854542,-2.780207862369556e-13
9816.56444428702,888.7051667429226,2.6447532939690042e-12
9816.802315387742,888.7481809718074,1.0776484310249594e-11
9816.944989992353,888.7739813192727,1.3903038469516691e-11
9819.422007431136,889.2219688071525,-2.349261372925216e-12
9820.788515254892,889.4691605395626,5.432590778624521e-13
9821.267916958228,889.555889113864,4.955203064409834e-12
9821.721525769748,889.6379553934703,-1.0054587126783651e-11
9821.88161262213,889.66691899054,3.0582382397983576e-12
9822.432715306668,889.7666304518932,-9.609892558712017e-12
9822.854849837182,889.8430113831616,1.2746820702029612e-11
9823.000037102702,889.8692822944319,3.6376309528086428e-12
9823.09543269032,889.8865438614084,-1.4212410990940883e-12
9823.847529989927,890.0226396522924,-8.628792241858023e-12
9825.406424003128,890.3047625493505,2.3338458254681865e-12
9826.396794281402,890.4840193682406,3.392323001689254e-13
9826.733051906695,890.5448860386408,-1.58453053984999e-12
9827.509435979546,890.6854288405174,-1.2852659083106333e-11
9827.73258528472,890.725825887064,3.4036519964985847e-12
9828.077324947275,890.7882364177801,5.513624758369105e-15
9828.624231061003,890.8872509869693,2.2370849449516054e-11
9830.542734220813,891.2346297865049,1.0536969201912963e-11
9830.85477266834,891.2911362558236,7.518789393106064e-12
9831.329575922913,891.3771209460259,2.1426646673528043e-11
9831.3931967448,891.3886427003696,-2.9740768576603908e-12
9832.000496159264,891.4986286013992,-1.4667612901541213e-12
9832.251058365608,891.5440090375864,1.7907379146970488e-12
9832.751611911643,891.6346699806057,2.401186641462918e-12
9832.791445536506,891.641884899492,-1.6657295331803588e-12
9833.452991084034,891.7617125002168,-1.968100528793528e-12
9834.42908404505,891.9385296788972,6.385967738608248e-12
9834.537974494184,891.958256041964,4.000951651184016e-12
9836.090374559648,892.2395093022214,1.2320483455860514e-12
9836.43378589495,892.3017322230478,8.18707237866935e-12
9836.801932176748,892.3684392974627,6.897279819341596e-12
9836.999187196883,892.4041823814543,4.9156058320795124e-12
9838.130011100928,892.6091042244865,5.935459795095631e-12
9838.918126032344,892.7519361147295,8.437731241855369e-13
9839.61450487803,892.8781519835406,-5.86258284001775e-12
9840.077209193807,892.9620202219702,1.3958095589451277e-12
9841.960443379705,893.3034096496509,-6.883103036344341e-13
9842.051430807456,893.3199053472284,-6.049256233091633e-12
9842.712985157586,893.4398473872341,7.103784476691706e-13
9843.611217472146,893.6027128464146,1.0838420740754657e-12
9843.766350293128,893.6308426850111,3.3225803808344683e-12
9844.031956079909,893.6790053338777,-2.2126848376846363e-12
9844.155669717808,893.7014389351905,2.278555665130183e-12
9844.99954570346,893.8544706310229,2.0428061768955667e-13
9845.930491730604,894.0233071587982,7.907326387683369e-14
9846.948685590565,894.2079852470429,-1.3040001286246176e-12
9847.372148448296,894.284797766925,-2.9285090826729587e-12
9848.129334970221,894.4221531226773,-3.0710126081641e-12
9848.944871605398,894.5701051348777,-1.5577399064682126e-13
9849.129871195591,894.6036688655431,1.2519710439408773e-11
9851.746986677343,895.0785491320651,6.480743810999989e-12
9852.916036694416,895.2907161072745,-1.889580030065731e-12
9854.0081863121,895.4889494319217,-3.1236002476007545e-14
9854.060689742404,895.4984797507609,3.536796031323172e-13
9854.48151724582,895.5748693615759,6.139960995676175e-13
9855.066293889944,895.6810248271088,-1.0304324862768974e-11
9855.89918767496,895.8322322803957,-1.4721606033966789e-13
9855.912403351937,895.8346316195118,1.6390064375483124e-12
9857.137205620635,896.0570114920648,-1.89424121439908e-11
9857.857883737099,896.1878735326308,1.101323215773449e-11
9860.974491124527,896.7539029086581,2.1871570565960146e-12
9861.032071279631,896.764362136156,-5.046018987228515e-12
9861.838279521275,896.9108133694849,-2.8766149609166206e-12
9861.85512090239,896.9138728072758,7.329187079958868e-12
9862.456717627443,897.0231634559063,3.4739515353681416e-13
9862.494220077664,897.0299766577452,-5.541948765496264e-13
9863.528108477725,897.2178169966363,1.0367977248230808e-12
9863.891487322053,897.2838415696668,1.9006339526339184e-12
9864.884357763578,897.4642548072308,-2.42332136907544e-12
9864.915776946662,897.4699642438317,4.0872727581692945e-12
9865.52975179505,897.5815382822493,-6.87246336183893e-15
9867.609056667292,897.9594497075961,6.90796404094331e-12
9867.613519925073,897.96026098556,-4.0012273237521067e-13
9867.998866865557,898.0303061569238,4.943972763442005e-12
9868.150615674245,898.057890547671,-5.019794938232852e-12
9868.907489213841,898.195478821541,6.848496302784259e-13
9870.321622834452,898.4525754110251,-1.771750940929252e-11
9871.153645268065,898.6038584779773,-3.0397562191794647e-12
9872.325309339225,898.8169187483215,9.871070063362984e-12
9872.873197000112,898.916557597758,-3.8481928220359085e-12
9873.209835203137,898.9777813635276,-3.706184830676457e-12
9873.654369810509,899.058631246655,-8.636616565061152e-14
9873.840841721516,899.0925469727179,-3.394902802184979e-13
9874.00853045715,899.1230469401887,-2.567427038330208e-12
9874.102788006392,899.1401911467361,-3.1372991724874006e-13
9876.072855649441,899.4985579563681,3.3960631423931107e-12
9876.33880821623,899.5469417586143,-6.072922404861521e-14
9876.390452792719,899.5563374233504,9.775583374270039e-14
9876.598588620225,899.5942039391934,-1.7302273594134726e-12
9877.990153175191,899.8473942203184,8.375374025543263e-12
9878.189049504837,899.8835856221892,-1.3045929480956373e-12
9878.999496917606,900.0310630874413,2.0881572875980068e-11
9880.08022865892,900.2277431331563,-6.361015699310532e-12
9880.884203424159,900.3740707279306,-2.910111249587593e-12
9880.934786360387,900.3832774839119,-1.2544275797153723e-12
9881.070899421791,900.4080520753972,-5.535152050371462e-12
9881.68197222886,900.5192805747304,7.5646881152389e-12
9882.746442258316,900.7130536257197,4.873532910355939e-12
9883.208076131168,900.797094611872,-5.06318748099683e-13
9883.688336688243,900.8845307740013,-2.2587068904022903e-11
9885.039251364875,901.1305008735524,1.1551840009110786e-11
9885.491510548904,901.2128542488102,-2.5379242614591456e-13
9887.082940483144,901.5026729609475,-9.694160694573418e-12
9887.643028476026,901.6046828831481,-6.355411615868019e-13
9889.532545020355,901.9488668597203,-1.3703409310104193e-11
9889.714710164717,901.9820525397762,-2.1863831439761016e-12
9892.129490206371,902.4220194705352,-4.9952438591604476e-14
9892.288295026783,902.4509570789487,1.1057051754182749e-12
9892.435479184453,902.4777775708017,-1.169104231590773e-11
9892.445390942183,902.4795837456813,1.6575444023091854e-11
9894.439622664986,902.8430204038374,1.5162090058292226e-11
9894.48657989707,902.8515789578976,1.129923686155801e-11
9894.865082414852,902.9205673493376,-1.196140174451744e-11
9895.799344858693,903.09086354497,3.823791166370491e-13
9896.011398072442,903.129518579734,-5.962159588837256e-13
9896.69572427455,903.2542695831096,-9.506182012401093e-12
9898.852454117372,903.6474926268312,2.097529152020481e-14
9899.508741453741,903.7671663899108,-4.845018535878855e-12
9899.575141623509,903.7792748792964,-4.704194715874339e-12
9899.667110598462,903.7960461355813,2.3658703211090483e-12
9900.600590586577,903.9662822719224,-9.376691877773827e-14
9904.204992818539,904.6237576801805,-9.347927461057144e-12
9904.472341308041,904.6725339846004,-3.1334584338535728e-12
9904.948608080744,904.7594295762123,-1.7220537702198053e-12
9905.00027395741,904.7688563446227,-8.98682605778946e-12
9905.147424317336,904.7957051348833,-7.943655771254802e-14
9906.160820636906,904.9806184386242,8.744508433763081e-14
9906.235377364084,904.9942234691243,-3.0015231273540794e-12
9906.326364791817,905.0108268947249,-1.7269891927900558e-11
9907.850649593182,905.2890017289268,1.3765865775872173e-12
9908.342920193367,905.3788479499448,2.3217892356988776e-11
9910.484192080183,905.7697117448445,8.102591274447757e-13
9910.633487020805,905.7969669157966,-3.074276014587305e-13
9913.362137108223,906.295179530939,-2.0149454877131584e-12
9913.805377186047,906.3761218006503,-4.8171639812574124e-12
9914.564349010967,906.5147298151047,4.4990356611729916e-13
9914.69702296215,906.5389606222171,-4.705765930333716e-12
9914.907392266,906.5773819261968,-5.3197674928183644e-12
9914.976504188178,906.5900045262966,7.609669990523226e-12
9915.30260466887,906.6495646986598,-2.484181663129984e-13
9916.610893875086,906.8885350696859,1.0158974910095835e-12
9917.731717125534,907.0932882340212,-1.0710158425894182e-11
9918.23079835064,907.1844683607407,1.017311479386372e-11
9918.636713769567,907.2586308539051,1.1239708669168324e-11
9918.917354334128,907.3099068668887,6.6652145360650454e-12
9919.72365147132,907.4572339927473,-1.7135955860913786e-12
9919.943585752868,907.4974226033954,-3.869150576084085e-12
9920.903361903918,907.6728130125348,-1.0504325919949278e-11
9921.967273564189,907.8672530740322,8.251340463857596e-12
9922.122271194177,907.8955821178206,1.459194723111201e-12
9923.7755792474,908.1977861209273,-4.0284678694262886e-14
9923.818885780203,908.2057026893995,3.084161563621759e-12
9924.089525691372,908.2551772868735,-1.9246746174066415e-11
9925.74646314368,908.558104798436,9.637048830625941e-12
9925.751641261695,908.5590515606378,-2.036527509245727e-12
9925.891650409161,908.5846508879966,-3.094092934410725e-12
9926.178128854051,908.6370318443771,1.5939466269138443e-12
9928.475134531178,909.0570809416024,-1.1924293856455991e-11
9928.65710938664,909.0903624952081,-5.277535638241294e-12
9930.605525610508,909.4467484142048,2.307524943897256e-14
9930.696513038243,909.4633926854008,-1.2581583136840258e-12
9931.160198901134,909.5482168086799,-9.968178971330541e-12
9931.66269424131,909.6401449943919,-9.138419017815035e-14
9932.207146486859,909.7397541673446,-9.624014641371438e-13
9933.03897863147,909.8919508999865,1.0737526590872317e-11
9935.39589933324,910.3232557166668,1.829799970611299e-11
9935.805465451422,910.3982147239369,4.620185127211525e-13
9937.600178574783,910.7267205042443,-4.114148357940824e-12
9939.069324591428,910.9956783753806,3.30250434853627e-12
9939.44210311963,911.0639295969978,-1.8901492720316034e-12
9939.617436338858,911.0960318653848,-1.0747974683446548e-14
9939.780302539091,911.1258520183693,1.4661857075086692e-12
9939.97133029846,911.1608290633878,-1.6442786891386284e-11
9940.44261804461,911.2471243848591,-2.365602319824624e-12
9941.576242596451,911.454713895293,-2.981893085530236e-12
9942.188432141618,911.5668279870869,-1.9456984267820592e-12
9942.326296708376,911.5920769379486,6.928265912802559e-12
9942.397418020288,911.6051024558545,-6.616111980822549e-12
9942.455400053328,911.6157216485094,4.3830993763861227e-13
9943.116509924997,911.736805829325,-2.155502533771086e-12
9943.557964699681,911.8176640282221,6.818700314754405e-12
9943.991749995615,911.8971209589256,7.423448945910318e-12
9944.827021250409,912.0501282781862,9.541215615111972e-12
9945.521915277535,912.1774306985427,-7.033457645734099e-13
9945.66710254301,912.2040296765257,-4.8068811609798463e-14
9945.672013974045,912.2049294801781,-1.3769534373191096e-12
9947.572178436263,912.5530843587479,-5.727862835527232e-14
9947.828566025306,912.6000656955364,-6.951403603677413e-12
9948.451335893122,912.7141892142164,9.629988922140778e-12
9948.925246496012,912.801038834693,-1.2286415340333993e-12
9949.078826903087,912.8291851150896,-9.81007170042318e-12
9951.004652761076,913.1821630776308,-7.172081705510263e-12
9952.338701061255,913.4267162320037,-2.6670072321548094e-11
9952.603896167408,913.4753347946148,-4.973636496829282e-12
9953.378046763662,913.6172682377719,-9.794526394968291e-12
9953.55252112907,913.6492580439774,-3.7876294740401535e-13
9953.756138600833,913.6865919363274,1.4211770988091155e-12
9954.615573935449,913.8441804742193,-5.930849611150339e-12
9955.022382005898,913.9187787179246,-8.579775308569007e-12
9955.664996689342,914.036624102567,3.373633527017225e-14
9956.056270405737,914.1083812489703,-1.8430949320489396e-11
9956.314599789033,914.1557587838107,-5.561375137771475e-12
9956.563229003663,914.2013584714135,-1.6099908147211938e-12
9956.597372436714,914.2076206155959,1.1013429137177428e-13
9956.815153334923,914.2475636592861,-3.833629531862825e-12
9958.192910045831,914.5002773100501,-2.8066804828545046e-12
9961.224389185323,915.0564464582174,-5.473456879793022e-13
9961.599947061399,915.1253598237323,7.26361961108873e-12
9961.893837100648,915.1792892804876,4.041475864143497e-12
9962.23565342162,915.2420153147783,-8.209637769937356e-12
9963.452587119767,915.4653498722191,5.546433952749661e-13
9964.064374786954,915.5776368997819,-1.1578058709304713e-11
9964.657980248216,915.6865933698164,1.0349494286399507e-12
9965.045802356837,915.7577817460653,2.427888183361719e-11
9965.432968398089,915.8288524585654,2.9748578256047996e-12
9965.571725616393,915.8543243066741,6.123965783616246e-12
9965.647322683648,915.8682019106469,-9.01492856824673e-12
9965.844687899564,915.9044333930913,-2.156496288983177e-12
9967.032402093251,916.1224841584341,3.673271814074456e-12
9968.193930319792,916.3357526115458,-1.5677698590170882e-12
9968.813218477017,916.4494704038015,-4.804980814703786e-12
9969.76112857841,916.6235456160688,4.751238844659217e-12
9970.197896008656,916.7037596185515,-1.0144995931937105e-12
9970.468078943934,916.7533815031389,2.356292925606985e-12
9970.989771834942,916.8491995918379,6.704326931584178e-12
9972.34123238283,917.0974424424265,1.7924499541152814e-12
9973.562062167024,917.3217193220952,-4.20703287457996e-13
9974.753156678029,917.5405600373338,4.293976486576184e-13
9975.38978948753,917.6575397926196,-1.22692671502022e-12
9975.732219275504,917.7204635345871,1.2897926733639659e-14
9976.219032573048,917.8099224209979,3.146461743844315e-12
9976.530089473254,917.8670858485901,8.664630241323657e-12
9977.302488564097,918.0090385814416,4.450415510477682e-14
9977.785875248996,918.0978817458193,-7.44730271432805e-12
9979.711878898184,918.4519107754741,-4.526057651950497e-12
9979.893853753625,918.4853640798029,2.6860822488811e-12
9980.146400354492,918.531791934905,-5.671223642255661e-13
9980.190299054126,918.5398623374714,-1.2785604189926447e-11
9980.576703939827,918.6109011207275,7.009417874421043e-13
9981.756761152286,918.8278663050861,-3.2123009404130087e-12
9982.491099423822,918.9628946038773,-1.2783898727381876e-12
9982.5057323237,918.9655853661307,3.83346133877268e-12
9982.543602854113,918.9725491848258,-1.2852876135200227e-12
9983.271400882644,919.1063853849456,4.008740596704e-13
9983.307799092234,919.1130789789449,-3.0659143180277054e-13
9983.653355008124,919.1766275786774,8.434983871708615e-12
9984.516741526675,919.3354161387894,-6.349332516313267e-12
9984.789166740917,919.3855217023369,6.387643389419938e-13
9985.284161590987,919.476566685545,3.3869400606470134e-12
9986.330148929546,919.6689712089257,-1.586219655337e-12
9986.373007289094,919.6768552353516,3.759398812327629e-12
9987.659611278432,919.9135487336214,4.32426508052553e-12
9987.808593236747,919.9409585626233,3.648127336947303e-12
9989.786876229553,920.3049635316131,-7.704770581411937e-12
9990.896302903699,920.5091300942591,-1.2753962379095662e-11
9991.860732601257,920.6866314453212,2.197571150385718e-11
9992.359568439477,920.7784479035117,5.704499068719099e-12
9997.306280616303,921.6891951276798,2.5095023678975214e-12
9998.20904378381,921.8554529596568,-3.777330670344931e-12
9998.209500759676,921.8555371226481,-9.009803315171474e-13
9998.210025331027,921.8556337349629,8.921966947013818e-12
9998.460587537273,921.9017813156031,-1.6500869346042587e-13
9998.93140580993,921.9884979371426,-1.1369697095240039e-11
9998.961141083117,921.9939747997123,-1.7353333866775456e-12
9999.294373973577,922.0553532124449,2.1282790532287834e-11
