CMA-ES with LHS + Normalized Space on CUDA
  Loss: MSS
  Available losses: MSS, SC+LogMag, CQT_L1, CQT+LogDec, Mel, LSD, L1_STFT, L1_STFT_1024, MultiResCQT, VQT, Gammatone, Envelope, ESR, FreqDecay, Subband, ModalDensity, Dispersion, CentroidTraj, OnsetDisp, NullPattern, GroupDelay, ComplexSTFT, InstFreq, Scattering1D, SoftDTW_Mel, L1, L2, L1_STFT_512, L1_STFT_2048, L1_STFT_8192, L1_STFT_multi, L1_STFT_log, L1_STFT_sc, L1_STFT_log_multi, L1_STFT_sc_multi, L1_STFT_log_sc, SmoothMSS, SmoothMSS_resmatch
  Trials: 20
  Duration: 0.25s
  Search: normalized [-1, 1] space; expanded to physical bounds for synthesis
  sigma0: 0.6
  tolfun: 1e-05
  tolfunhist: 1e-05
  pruner_min_resource: 15
  pruner_reduction_factor: 3

============================================================
[1/50] random_IR_0001.npz
  GT loss: 0.776716
  terrain_mean=2.209231  early_threshold=0.790325  (alpha=0.0095)
    --> Trial 0 | pop=50 seed=70511 x0_norm_min=-0.944 x0_norm_max=0.730
        [Trial 0] gen   20  evals= 1000  best=1.5040
        [Trial 0] gen   40  evals= 2000  best=1.4346
        [Trial 0] gen   60  evals= 3000  best=1.3973
        [Trial 0] gen   80  evals= 4000  best=1.3667
        [Trial 0] gen  100  evals= 5000  best=1.3478
        [Trial 0] gen  120  evals= 6000  best=1.3396
        [Trial 0] gen  140  evals= 7000  best=1.3308
        [Trial 0] gen  160  evals= 8000  best=1.3228
        [Trial 0] gen  180  evals= 9000  best=1.3060
        [Trial 0] gen  200  evals=10000  best=1.2987
        [Trial 0] gen  220  evals=11000  best=1.2987
        [Trial 0] gen  240  evals=12000  best=1.2987
        [Trial 0] gen  260  evals=13000  best=1.2986
        [Trial 0] gen  280  evals=14000  best=1.2986
        [Trial 0] gen  300  evals=15000  best=1.2986
        [Trial 0] gen  320  evals=16000  best=1.2964
        [Trial 0] gen  340  evals=17000  best=1.2964
        [Trial 0] gen  360  evals=18000  best=1.2961
        [Trial 0] gen  380  evals=19000  best=1.2961
        [Trial 0] gen  400  evals=20000  best=1.2961
        [Trial 0] gen  420  evals=21000  best=1.2961
        [Trial 0] gen  440  evals=22000  best=1.2961
        [Trial 0] gen  460  evals=23000  best=1.2961
        [Trial 0] gen  480  evals=24000  best=1.2954
        [Trial 0] gen  500  evals=25000  best=1.2954
        [Trial 0] gen  520  evals=26000  best=1.2954
        [Trial 0] gen  540  evals=27000  best=1.2951
        [Trial 0] gen  560  evals=28000  best=1.2951
        [Trial 0] gen  580  evals=29000  best=1.2951
        [Trial 0] gen  600  evals=30000  best=1.2951
        [Done] Trial 0 best=1.2951
    --> Trial 1 | pop=59 seed=59120 x0_norm_min=-0.937 x0_norm_max=0.907
        [Trial 1] gen   20  evals= 1180  best=1.5013
        [Trial 1] gen   40  evals= 2360  best=1.4352
        [Pruned] Trial 1 at gen 45 (loss=1.4352)
    --> Trial 2 | pop=46 seed=76103 x0_norm_min=-0.344 x0_norm_max=0.824
        [Trial 2] gen   20  evals=  920  best=1.4580
        [Trial 2] gen   40  evals= 1840  best=1.3989
        [Trial 2] gen   60  evals= 2760  best=1.3917
        [Trial 2] gen   80  evals= 3680  best=1.3763
        [Trial 2] gen  100  evals= 4600  best=1.3524
        [Trial 2] gen  120  evals= 5520  best=1.3516
        [Pruned] Trial 2 at gen 135 (loss=1.3475)
    --> Trial 3 | pop=58 seed=46120 x0_norm_min=-0.797 x0_norm_max=0.622
        [Pruned] Trial 3 at gen 15 (loss=1.5516)
    --> Trial 4 | pop=38 seed=27728 x0_norm_min=-0.947 x0_norm_max=0.785
        [Pruned] Trial 4 at gen 15 (loss=1.5243)
    --> Trial 5 | pop=52 seed=54357 x0_norm_min=-0.748 x0_norm_max=0.981
        [Pruned] Trial 5 at gen 15 (loss=1.5244)
    --> Trial 6 | pop=31 seed=54953 x0_norm_min=-0.929 x0_norm_max=0.732
        [Pruned] Trial 6 at gen 15 (loss=1.5508)
    --> Trial 7 | pop=46 seed=10027 x0_norm_min=-0.779 x0_norm_max=0.922
        [Trial 7] gen   20  evals=  920  best=1.4969
        [Trial 7] gen   40  evals= 1840  best=1.4576
        [Pruned] Trial 7 at gen 45 (loss=1.4124)
    --> Trial 8 | pop=31 seed=95174 x0_norm_min=-0.814 x0_norm_max=0.843
        [Pruned] Trial 8 at gen 15 (loss=1.5669)
    --> Trial 9 | pop=52 seed=79926 x0_norm_min=-0.955 x0_norm_max=0.770
        [Pruned] Trial 9 at gen 15 (loss=1.5472)
    --> Trial 10 | pop=41 seed=2869 x0_norm_min=-0.841 x0_norm_max=0.672
        [Trial 10] gen   20  evals=  820  best=1.3960
        [Trial 10] gen   40  evals= 1640  best=1.3960
        [Pruned] Trial 10 at gen 45 (loss=1.3960)
    --> Trial 11 | pop=48 seed=74788 x0_norm_min=-0.781 x0_norm_max=0.859
        [Pruned] Trial 11 at gen 15 (loss=1.5219)
    --> Trial 12 | pop=43 seed=75465 x0_norm_min=-0.402 x0_norm_max=0.428
        [Pruned] Trial 12 at gen 15 (loss=1.5567)
    --> Trial 13 | pop=52 seed=96282 x0_norm_min=-0.863 x0_norm_max=0.955
        [Trial 13] gen   20  evals= 1040  best=1.4755
        [Trial 13] gen   40  evals= 2080  best=1.4698
        [Pruned] Trial 13 at gen 45 (loss=1.4698)
    --> Trial 14 | pop=48 seed=68353 x0_norm_min=-0.897 x0_norm_max=-0.091
        [Trial 14] gen   20  evals=  960  best=1.4757
        [Trial 14] gen   40  evals= 1920  best=1.4159
        [Pruned] Trial 14 at gen 45 (loss=1.4159)
    --> Trial 15 | pop=38 seed=34999 x0_norm_min=-0.690 x0_norm_max=0.990
        [Pruned] Trial 15 at gen 15 (loss=1.5036)
    --> Trial 16 | pop=56 seed=85044 x0_norm_min=-0.776 x0_norm_max=0.982
        [Trial 16] gen   20  evals= 1120  best=1.4666
        [Trial 16] gen   40  evals= 2240  best=1.4573
        [Pruned] Trial 16 at gen 45 (loss=1.4573)
    --> Trial 17 | pop=44 seed=65011 x0_norm_min=-0.863 x0_norm_max=0.835
        [Trial 17] gen   20  evals=  880  best=1.3806
        [Trial 17] gen   40  evals= 1760  best=1.3623
        [Trial 17] gen   60  evals= 2640  best=1.1843
        [Trial 17] gen   80  evals= 3520  best=1.1118
        [Trial 17] gen  100  evals= 4400  best=1.0955
        [Trial 17] gen  120  evals= 5280  best=1.0873
        [Trial 17] gen  140  evals= 6160  best=1.0834
        [Trial 17] gen  160  evals= 7040  best=1.0806
        [Trial 17] gen  180  evals= 7920  best=1.0806
        [Trial 17] gen  200  evals= 8800  best=1.0796
        [Trial 17] gen  220  evals= 9680  best=1.0796
        [Trial 17] gen  240  evals=10560  best=1.0779
        [Trial 17] gen  260  evals=11440  best=1.0777
        [Trial 17] gen  280  evals=12320  best=1.0775
        [Trial 17] gen  300  evals=13200  best=1.0775
        [Trial 17] gen  320  evals=14080  best=1.0768
        [Trial 17] gen  340  evals=14960  best=1.0768
        [Trial 17] gen  360  evals=15840  best=1.0768
        [Trial 17] gen  380  evals=16720  best=1.0768
        [Trial 17] gen  400  evals=17600  best=1.0764
        [Trial 17] gen  420  evals=18480  best=1.0764
        [Trial 17] gen  440  evals=19360  best=1.0764
        [Trial 17] gen  460  evals=20240  best=1.0764
        [Trial 17] gen  480  evals=21120  best=1.0763
        [Trial 17] gen  500  evals=22000  best=1.0758
        [Trial 17] gen  520  evals=22880  best=1.0758
        [Trial 17] gen  540  evals=23760  best=1.0758
        [Trial 17] gen  560  evals=24640  best=1.0758
        [Trial 17] gen  580  evals=25520  best=1.0758
        [Trial 17] gen  600  evals=26400  best=1.0758
        [Trial 17] gen  620  evals=27280  best=1.0758
        [Done] Trial 17 best=1.0758
    --> Trial 18 | pop=36 seed=64146 x0_norm_min=-0.933 x0_norm_max=0.907
        [Trial 18] gen   20  evals=  720  best=1.4716
        [Trial 18] gen   40  evals= 1440  best=1.4716
        [Pruned] Trial 18 at gen 45 (loss=1.4716)
    --> Trial 19 | pop=43 seed=40864 x0_norm_min=-0.948 x0_norm_max=0.822
        [Trial 19] gen   20  evals=  860  best=1.4644
        [Trial 19] gen   40  evals= 1720  best=1.4312
        [Pruned] Trial 19 at gen 45 (loss=1.4312)

  Winner: Trial 17, loss=1.075752 (967s)
    Restarts run: 20
    mu: 89.467390
    D_mu: 14.000654
    T0_mu: 11.072829
    Ly: 2.741500
    op_x: 0.709844
    op_y: 0.727955
    NMSE: 0.034963
  [Saved] random_IR_0001

============================================================
[2/50] random_IR_0002.npz
  GT loss: 1.099803
  terrain_mean=2.720912  early_threshold=1.115203  (alpha=0.0095)
    --> Trial 0 | pop=53 seed=36136 x0_norm_min=-0.944 x0_norm_max=0.730
        [Trial 0] gen   20  evals= 1060  best=1.8938
        [Trial 0] gen   40  evals= 2120  best=1.8938
        [Trial 0] gen   60  evals= 3180  best=1.8288
        [Trial 0] gen   80  evals= 4240  best=1.8288
        [Trial 0] gen  100  evals= 5300  best=1.8288
        [Trial 0] gen  120  evals= 6360  best=1.8220
        [Trial 0] gen  140  evals= 7420  best=1.8104
        [Trial 0] gen  160  evals= 8480  best=1.8070
        [Trial 0] gen  180  evals= 9540  best=1.7965
        [Trial 0] gen  200  evals=10600  best=1.7834
        [Trial 0] gen  220  evals=11660  best=1.7665
        [Trial 0] gen  240  evals=12720  best=1.7642
        [Trial 0] gen  260  evals=13780  best=1.7623
        [Trial 0] gen  280  evals=14840  best=1.7601
        [Trial 0] gen  300  evals=15900  best=1.7601
        [Trial 0] gen  320  evals=16960  best=1.7601
        [Trial 0] gen  340  evals=18020  best=1.7601
        [Trial 0] gen  360  evals=19080  best=1.7598
        [Trial 0] gen  380  evals=20140  best=1.7598
        [Trial 0] gen  400  evals=21200  best=1.7598
        [Trial 0] gen  420  evals=22260  best=1.7598
        [Trial 0] gen  440  evals=23320  best=1.7598
        [Trial 0] gen  460  evals=24380  best=1.7598
        [Trial 0] gen  480  evals=25440  best=1.7592
        [Trial 0] gen  500  evals=26500  best=1.7592
        [Trial 0] gen  520  evals=27560  best=1.7592
        [Trial 0] gen  540  evals=28620  best=1.7592
        [Trial 0] gen  560  evals=29680  best=1.7591
        [Done] Trial 0 best=1.7591
    --> Trial 1 | pop=49 seed=9177 x0_norm_min=-0.937 x0_norm_max=0.907
        [Pruned] Trial 1 at gen 15 (loss=1.9462)
    --> Trial 2 | pop=50 seed=42902 x0_norm_min=-0.344 x0_norm_max=0.824
        [Trial 2] gen   20  evals= 1000  best=1.8287
        [Trial 2] gen   40  evals= 2000  best=1.8287
        [Trial 2] gen   60  evals= 3000  best=1.8287
        [Trial 2] gen   80  evals= 4000  best=1.8287
        [Trial 2] gen  100  evals= 5000  best=1.8287
        [Trial 2] gen  120  evals= 6000  best=1.8287
        [Pruned] Trial 2 at gen 135 (loss=1.8239)
    --> Trial 3 | pop=59 seed=8498 x0_norm_min=-0.797 x0_norm_max=0.622
        [Pruned] Trial 3 at gen 15 (loss=1.8804)
    --> Trial 4 | pop=41 seed=89186 x0_norm_min=-0.947 x0_norm_max=0.785
        [Pruned] Trial 4 at gen 15 (loss=2.0469)
    --> Trial 5 | pop=32 seed=47596 x0_norm_min=-0.748 x0_norm_max=0.981
        [Pruned] Trial 5 at gen 15 (loss=1.9975)
    --> Trial 6 | pop=35 seed=43279 x0_norm_min=-0.929 x0_norm_max=0.732
        [Pruned] Trial 6 at gen 15 (loss=1.9893)
    --> Trial 7 | pop=59 seed=83927 x0_norm_min=-0.779 x0_norm_max=0.922
        [Pruned] Trial 7 at gen 15 (loss=1.9821)
    --> Trial 8 | pop=42 seed=82216 x0_norm_min=-0.814 x0_norm_max=0.843
        [Pruned] Trial 8 at gen 15 (loss=1.9655)
    --> Trial 9 | pop=32 seed=54652 x0_norm_min=-0.955 x0_norm_max=0.770
        [Pruned] Trial 9 at gen 15 (loss=1.9863)
    --> Trial 10 | pop=51 seed=24941 x0_norm_min=-0.841 x0_norm_max=0.672
        [Pruned] Trial 10 at gen 15 (loss=1.9238)
    --> Trial 11 | pop=52 seed=31663 x0_norm_min=-0.781 x0_norm_max=0.859
        [Pruned] Trial 11 at gen 15 (loss=1.9694)
    --> Trial 12 | pop=46 seed=62387 x0_norm_min=-0.402 x0_norm_max=0.428
        [Pruned] Trial 12 at gen 15 (loss=1.9823)
    --> Trial 13 | pop=54 seed=67419 x0_norm_min=-0.863 x0_norm_max=0.955
        [Pruned] Trial 13 at gen 15 (loss=1.9832)
    --> Trial 14 | pop=56 seed=29814 x0_norm_min=-0.897 x0_norm_max=-0.091
        [Pruned] Trial 14 at gen 15 (loss=2.0030)
    --> Trial 15 | pop=47 seed=38919 x0_norm_min=-0.690 x0_norm_max=0.990
        [Pruned] Trial 15 at gen 15 (loss=1.9482)
    --> Trial 16 | pop=44 seed=20581 x0_norm_min=-0.776 x0_norm_max=0.982
        [Pruned] Trial 16 at gen 15 (loss=1.9469)
    --> Trial 17 | pop=38 seed=69661 x0_norm_min=-0.863 x0_norm_max=0.835
        [Pruned] Trial 17 at gen 15 (loss=1.9903)
    --> Trial 18 | pop=55 seed=54044 x0_norm_min=-0.933 x0_norm_max=0.907
        [Pruned] Trial 18 at gen 15 (loss=2.1300)
    --> Trial 19 | pop=50 seed=37720 x0_norm_min=-0.948 x0_norm_max=0.822
        [Trial 19] gen   20  evals= 1000  best=1.9446
        [Trial 19] gen   40  evals= 2000  best=1.9204
        [Pruned] Trial 19 at gen 45 (loss=1.9204)

  Winner: Trial 0, loss=1.759111 (580s)
    Restarts run: 20
    mu: 98.538065
    D_mu: 20.867347
    T0_mu: 5.985243
    Ly: 3.777856
    op_x: 0.751731
    op_y: 0.783083
    NMSE: 0.026991
  [Saved] random_IR_0002

============================================================
[3/50] random_IR_0003.npz
  GT loss: 1.402340
  terrain_mean=3.305530  early_threshold=1.420420  (alpha=0.0095)
    --> Trial 0 | pop=51 seed=21226 x0_norm_min=-0.944 x0_norm_max=0.730
        [Trial 0] gen   20  evals= 1020  best=2.2540
        [Trial 0] gen   40  evals= 2040  best=2.1275
        [Trial 0] gen   60  evals= 3060  best=2.1275
        [Trial 0] gen   80  evals= 4080  best=2.1060
        [Trial 0] gen  100  evals= 5100  best=2.0622
        [Trial 0] gen  120  evals= 6120  best=2.0445
        [Trial 0] gen  140  evals= 7140  best=1.9989
        [Trial 0] gen  160  evals= 8160  best=1.9989
        [Trial 0] gen  180  evals= 9180  best=1.9989
        [Trial 0] gen  200  evals=10200  best=1.9989
        [Trial 0] gen  220  evals=11220  best=1.9989
        [Trial 0] gen  240  evals=12240  best=1.9989
        [Trial 0] gen  260  evals=13260  best=1.9989
        [Trial 0] gen  280  evals=14280  best=1.9989
        [Trial 0] gen  300  evals=15300  best=1.9989
        [Trial 0] gen  320  evals=16320  best=1.9989
        [Trial 0] gen  340  evals=17340  best=1.9954
        [Trial 0] gen  360  evals=18360  best=1.9938
        [Trial 0] gen  380  evals=19380  best=1.9933
        [Trial 0] gen  400  evals=20400  best=1.9933
        [Trial 0] gen  420  evals=21420  best=1.9933
        [Trial 0] gen  440  evals=22440  best=1.9933
        [Trial 0] gen  460  evals=23460  best=1.9933
        [Trial 0] gen  480  evals=24480  best=1.9933
NOTE (module=cma, iteration=495):  
condition in coordinate system exceeded 1.2e+08, rescaled to 1.0e+00, 
condition changed from 2.6e+09 to 1.2e+09
        [Trial 0] gen  500  evals=25500  best=1.9933
        [Trial 0] gen  520  evals=26520  best=1.9933
        [Trial 0] gen  540  evals=27540  best=1.9933
        [Trial 0] gen  560  evals=28560  best=1.9933
        [Trial 0] gen  580  evals=29580  best=1.9933
        [Done] Trial 0 best=1.9933
    --> Trial 1 | pop=56 seed=45245 x0_norm_min=-0.937 x0_norm_max=0.907
        [Trial 1] gen   20  evals= 1120  best=2.2072
        [Trial 1] gen   40  evals= 2240  best=2.1349
        [Trial 1] gen   60  evals= 3360  best=2.0575
        [Trial 1] gen   80  evals= 4480  best=2.0431
        [Trial 1] gen  100  evals= 5600  best=2.0431
        [Trial 1] gen  120  evals= 6720  best=2.0272
        [Pruned] Trial 1 at gen 135 (loss=2.0204)
    --> Trial 2 | pop=35 seed=79035 x0_norm_min=-0.344 x0_norm_max=0.824
        [Pruned] Trial 2 at gen 15 (loss=2.2518)
    --> Trial 3 | pop=56 seed=75957 x0_norm_min=-0.797 x0_norm_max=0.622
        [Pruned] Trial 3 at gen 15 (loss=2.2459)
    --> Trial 4 | pop=54 seed=94972 x0_norm_min=-0.947 x0_norm_max=0.785
        [Pruned] Trial 4 at gen 15 (loss=2.3160)
    --> Trial 5 | pop=52 seed=94098 x0_norm_min=-0.748 x0_norm_max=0.981
        [Pruned] Trial 5 at gen 15 (loss=2.3285)
    --> Trial 6 | pop=44 seed=50957 x0_norm_min=-0.929 x0_norm_max=0.732
        [Trial 6] gen   20  evals=  880  best=2.1819
        [Trial 6] gen   40  evals= 1760  best=2.1736
        [Pruned] Trial 6 at gen 45 (loss=2.1445)
    --> Trial 7 | pop=58 seed=35778 x0_norm_min=-0.779 x0_norm_max=0.922
        [Trial 7] gen   20  evals= 1160  best=2.1192
        [Trial 7] gen   40  evals= 2320  best=2.0552
        [Trial 7] gen   60  evals= 3480  best=2.0552
        [Trial 7] gen   80  evals= 4640  best=2.0461
        [Trial 7] gen  100  evals= 5800  best=2.0292
        [Trial 7] gen  120  evals= 6960  best=1.9997
        [Pruned] Trial 7 at gen 135 (loss=1.9997)
    --> Trial 8 | pop=30 seed=29574 x0_norm_min=-0.814 x0_norm_max=0.843
        [Pruned] Trial 8 at gen 15 (loss=2.3227)
    --> Trial 9 | pop=40 seed=84737 x0_norm_min=-0.955 x0_norm_max=0.770
        [Pruned] Trial 9 at gen 15 (loss=2.2571)
    --> Trial 10 | pop=47 seed=5840 x0_norm_min=-0.841 x0_norm_max=0.672
        [Pruned] Trial 10 at gen 15 (loss=2.2338)
    --> Trial 11 | pop=49 seed=16151 x0_norm_min=-0.781 x0_norm_max=0.859
        [Trial 11] gen   20  evals=  980  best=2.1777
        [Trial 11] gen   40  evals= 1960  best=2.1543
        [Pruned] Trial 11 at gen 45 (loss=2.1278)
    --> Trial 12 | pop=57 seed=34569 x0_norm_min=-0.402 x0_norm_max=0.428
        [Pruned] Trial 12 at gen 15 (loss=2.2773)
    --> Trial 13 | pop=60 seed=59912 x0_norm_min=-0.863 x0_norm_max=0.955
        [Pruned] Trial 13 at gen 15 (loss=2.2084)
    --> Trial 14 | pop=50 seed=21911 x0_norm_min=-0.897 x0_norm_max=-0.091
        [Trial 14] gen   20  evals= 1000  best=2.1097
        [Trial 14] gen   40  evals= 2000  best=2.0716
        [Trial 14] gen   60  evals= 3000  best=2.0346
        [Trial 14] gen   80  evals= 4000  best=2.0223
        [Trial 14] gen  100  evals= 5000  best=2.0223
        [Trial 14] gen  120  evals= 6000  best=2.0223
        [Pruned] Trial 14 at gen 135 (loss=2.0201)
    --> Trial 15 | pop=44 seed=6977 x0_norm_min=-0.690 x0_norm_max=0.990
        [Pruned] Trial 15 at gen 15 (loss=2.2934)
    --> Trial 16 | pop=59 seed=37825 x0_norm_min=-0.776 x0_norm_max=0.982
        [Pruned] Trial 16 at gen 15 (loss=2.2142)
    --> Trial 17 | pop=53 seed=55978 x0_norm_min=-0.863 x0_norm_max=0.835
        [Trial 17] gen   20  evals= 1060  best=2.1943
        [Trial 17] gen   40  evals= 2120  best=2.1436
        [Pruned] Trial 17 at gen 45 (loss=2.1229)
    --> Trial 18 | pop=46 seed=21419 x0_norm_min=-0.933 x0_norm_max=0.907
        [Pruned] Trial 18 at gen 15 (loss=2.3250)
    --> Trial 19 | pop=40 seed=41379 x0_norm_min=-0.948 x0_norm_max=0.822
        [Trial 19] gen   20  evals=  800  best=2.1965
        [Trial 19] gen   40  evals= 1600  best=2.0861
        [Pruned] Trial 19 at gen 45 (loss=2.0861)

  Winner: Trial 0, loss=1.993285 (362s)
    Restarts run: 20
    mu: 6.178411
    D_mu: 15.746735
    T0_mu: 54.080093
    Ly: 1.482985
    op_x: 0.667534
    op_y: 0.991827
    NMSE: 0.059514
  [Saved] random_IR_0003

============================================================
[4/50] random_IR_0004.npz
  GT loss: 0.954691
  terrain_mean=2.551922  early_threshold=0.969865  (alpha=0.0095)
    --> Trial 0 | pop=56 seed=23313 x0_norm_min=-0.944 x0_norm_max=0.730
        [Trial 0] gen   20  evals= 1120  best=1.7865
        [Trial 0] gen   40  evals= 2240  best=1.7792
        [Trial 0] gen   60  evals= 3360  best=1.7792
        [Trial 0] gen   80  evals= 4480  best=1.7744
        [Trial 0] gen  100  evals= 5600  best=1.7539
        [Trial 0] gen  120  evals= 6720  best=1.7539
        [Trial 0] gen  140  evals= 7840  best=1.7539
        [Trial 0] gen  160  evals= 8960  best=1.7513
        [Trial 0] gen  180  evals=10080  best=1.7436
        [Trial 0] gen  200  evals=11200  best=1.7436
        [Trial 0] gen  220  evals=12320  best=1.7436
        [Trial 0] gen  240  evals=13440  best=1.7434
        [Trial 0] gen  260  evals=14560  best=1.6841
        [Trial 0] gen  280  evals=15680  best=1.6841
        [Trial 0] gen  300  evals=16800  best=1.6841
        [Trial 0] gen  320  evals=17920  best=1.6841
        [Trial 0] gen  340  evals=19040  best=1.6841
NOTE (module=cma, iteration=349):  
condition in coordinate system exceeded 1.1e+08, rescaled to 1.0e+00, 
condition changed from 1.3e+09 to 1.8e+08
        [Trial 0] gen  360  evals=20160  best=1.6841
        [Trial 0] gen  380  evals=21280  best=1.6841
        [Trial 0] gen  400  evals=22400  best=1.6841
        [Trial 0] gen  420  evals=23520  best=1.6841
        [Trial 0] gen  440  evals=24640  best=1.6841
        [Trial 0] gen  460  evals=25760  best=1.6841
        [Trial 0] gen  480  evals=26880  best=1.6841
        [Trial 0] gen  500  evals=28000  best=1.6841
        [Trial 0] gen  520  evals=29120  best=1.6841
        [Done] Trial 0 best=1.6841
    --> Trial 1 | pop=49 seed=26923 x0_norm_min=-0.937 x0_norm_max=0.907
        [Pruned] Trial 1 at gen 15 (loss=1.8107)
    --> Trial 2 | pop=32 seed=13338 x0_norm_min=-0.344 x0_norm_max=0.824
        [Pruned] Trial 2 at gen 15 (loss=1.9159)
    --> Trial 3 | pop=58 seed=61038 x0_norm_min=-0.797 x0_norm_max=0.622
        [Pruned] Trial 3 at gen 15 (loss=1.8037)
    --> Trial 4 | pop=50 seed=79353 x0_norm_min=-0.947 x0_norm_max=0.785
        [Pruned] Trial 4 at gen 15 (loss=1.8457)
    --> Trial 5 | pop=37 seed=52 x0_norm_min=-0.748 x0_norm_max=0.981
        [Pruned] Trial 5 at gen 15 (loss=1.8508)
    --> Trial 6 | pop=35 seed=98748 x0_norm_min=-0.929 x0_norm_max=0.732
        [Trial 6] gen   20  evals=  700  best=1.7631
        [Trial 6] gen   40  evals= 1400  best=1.7597
        [Trial 6] gen   60  evals= 2100  best=1.6793
        [Trial 6] gen   80  evals= 2800  best=1.6645
        [Trial 6] gen  100  evals= 3500  best=1.6645
        [Trial 6] gen  120  evals= 4200  best=1.6358
        [Trial 6] gen  140  evals= 4900  best=1.6358
        [Trial 6] gen  160  evals= 5600  best=1.6356
        [Trial 6] gen  180  evals= 6300  best=1.6294
        [Trial 6] gen  200  evals= 7000  best=1.6277
        [Trial 6] gen  220  evals= 7700  best=1.6263
        [Trial 6] gen  240  evals= 8400  best=1.6263
        [Trial 6] gen  260  evals= 9100  best=1.6260
        [Trial 6] gen  280  evals= 9800  best=1.6254
        [Trial 6] gen  300  evals=10500  best=1.6254
        [Trial 6] gen  320  evals=11200  best=1.6240
        [Trial 6] gen  340  evals=11900  best=1.6240
        [Trial 6] gen  360  evals=12600  best=1.6240
        [Trial 6] gen  380  evals=13300  best=1.6240
        [Trial 6] gen  400  evals=14000  best=1.6240
        [Trial 6] gen  420  evals=14700  best=1.6240
        [Trial 6] gen  440  evals=15400  best=1.6240
        [Trial 6] gen  460  evals=16100  best=1.6240
        [Trial 6] gen  480  evals=16800  best=1.6240
        [Trial 6] gen  500  evals=17500  best=1.6240
        [Trial 6] gen  520  evals=18200  best=1.6240
        [Done] Trial 6 best=1.6240
    --> Trial 7 | pop=30 seed=18585 x0_norm_min=-0.779 x0_norm_max=0.922
        [Trial 7] gen   20  evals=  600  best=1.7639
        [Trial 7] gen   40  evals= 1200  best=1.7390
        [Pruned] Trial 7 at gen 45 (loss=1.7294)
    --> Trial 8 | pop=51 seed=98439 x0_norm_min=-0.814 x0_norm_max=0.843
        [Pruned] Trial 8 at gen 15 (loss=1.8383)
    --> Trial 9 | pop=30 seed=11923 x0_norm_min=-0.955 x0_norm_max=0.770
        [Pruned] Trial 9 at gen 15 (loss=1.8222)
    --> Trial 10 | pop=42 seed=49260 x0_norm_min=-0.841 x0_norm_max=0.672
        [Pruned] Trial 10 at gen 15 (loss=1.8456)
    --> Trial 11 | pop=59 seed=42029 x0_norm_min=-0.781 x0_norm_max=0.859
        [Pruned] Trial 11 at gen 15 (loss=1.8043)
    --> Trial 12 | pop=43 seed=98919 x0_norm_min=-0.402 x0_norm_max=0.428
        [Trial 12] gen   20  evals=  860  best=1.6060
        [Trial 12] gen   40  evals= 1720  best=1.6060
        [Trial 12] gen   60  evals= 2580  best=1.6060
        [Trial 12] gen   80  evals= 3440  best=1.6060
        [Trial 12] gen  100  evals= 4300  best=1.6060
        [Trial 12] gen  120  evals= 5160  best=1.6060
        [Trial 12] gen  140  evals= 6020  best=1.6060
        [Trial 12] gen  160  evals= 6880  best=1.6060
        [Trial 12] gen  180  evals= 7740  best=1.6060
        [Trial 12] gen  200  evals= 8600  best=1.6060
        [Trial 12] gen  220  evals= 9460  best=1.6060
        [Trial 12] gen  240  evals=10320  best=1.6060
        [Trial 12] gen  260  evals=11180  best=1.6060
        [Trial 12] gen  280  evals=12040  best=1.6060
        [Trial 12] gen  300  evals=12900  best=1.6060
        [Trial 12] gen  320  evals=13760  best=1.6060
        [Trial 12] gen  340  evals=14620  best=1.6060
        [Trial 12] gen  360  evals=15480  best=1.6060
        [Trial 12] gen  380  evals=16340  best=1.6060
        [Trial 12] gen  400  evals=17200  best=1.6060
        [Trial 12] gen  420  evals=18060  best=1.6060
        [Trial 12] gen  440  evals=18920  best=1.6060
        [Trial 12] gen  460  evals=19780  best=1.6060
        [Trial 12] gen  480  evals=20640  best=1.6060
        [Trial 12] gen  500  evals=21500  best=1.6060
        [Trial 12] gen  520  evals=22360  best=1.6060
        [Trial 12] gen  540  evals=23220  best=1.6060
        [Trial 12] gen  560  evals=24080  best=1.6060
        [Trial 12] gen  580  evals=24940  best=1.6060
        [Done] Trial 12 best=1.6060
    --> Trial 13 | pop=41 seed=98503 x0_norm_min=-0.863 x0_norm_max=0.955
        [Pruned] Trial 13 at gen 15 (loss=1.8593)
    --> Trial 14 | pop=37 seed=82010 x0_norm_min=-0.897 x0_norm_max=-0.091
        [Pruned] Trial 14 at gen 15 (loss=1.8115)
    --> Trial 15 | pop=45 seed=82529 x0_norm_min=-0.690 x0_norm_max=0.990
        [Pruned] Trial 15 at gen 15 (loss=1.8418)
    --> Trial 16 | pop=35 seed=71049 x0_norm_min=-0.776 x0_norm_max=0.982
        [Pruned] Trial 16 at gen 15 (loss=1.8334)
    --> Trial 17 | pop=41 seed=91861 x0_norm_min=-0.863 x0_norm_max=0.835
        [Trial 17] gen   20  evals=  820  best=1.7597
        [Trial 17] gen   40  evals= 1640  best=1.7597
        [Pruned] Trial 17 at gen 45 (loss=1.7597)
    --> Trial 18 | pop=45 seed=65309 x0_norm_min=-0.933 x0_norm_max=0.907
        [Pruned] Trial 18 at gen 15 (loss=1.8597)
    --> Trial 19 | pop=35 seed=91822 x0_norm_min=-0.948 x0_norm_max=0.822
        [Trial 19] gen   20  evals=  700  best=1.7447
        [Trial 19] gen   40  evals= 1400  best=1.7447
        [Pruned] Trial 19 at gen 45 (loss=1.7447)

  Winner: Trial 12, loss=1.606012 (531s)
    Restarts run: 20
    mu: 54.611217
    D_mu: 32.339832
    T0_mu: 8.721807
    Ly: 3.622272
    op_x: 0.622827
    op_y: 0.959290
    NMSE: 0.031404
  [Saved] random_IR_0004

============================================================
[5/50] random_IR_0005.npz
  GT loss: 0.747641
  terrain_mean=2.432380  early_threshold=0.763646  (alpha=0.0095)
    --> Trial 0 | pop=41 seed=17076 x0_norm_min=-0.944 x0_norm_max=0.730
        [Trial 0] gen   20  evals=  820  best=1.3615
        [Trial 0] gen   40  evals= 1640  best=1.3615
        [Trial 0] gen   60  evals= 2460  best=1.2722
        [Trial 0] gen   80  evals= 3280  best=1.0459
        [Trial 0] gen  100  evals= 4100  best=0.9836
        [Trial 0] gen  120  evals= 4920  best=0.9836
        [Trial 0] gen  140  evals= 5740  best=0.9836
        [Trial 0] gen  160  evals= 6560  best=0.9776
        [Trial 0] gen  180  evals= 7380  best=0.9643
        [Trial 0] gen  200  evals= 8200  best=0.9580
        [Trial 0] gen  220  evals= 9020  best=0.9554
        [Trial 0] gen  240  evals= 9840  best=0.9546
        [Trial 0] gen  260  evals=10660  best=0.9535
        [Trial 0] gen  280  evals=11480  best=0.9529
        [Trial 0] gen  300  evals=12300  best=0.9527
        [Trial 0] gen  320  evals=13120  best=0.9523
        [Trial 0] gen  340  evals=13940  best=0.9499
        [Trial 0] gen  360  evals=14760  best=0.9499
        [Trial 0] gen  380  evals=15580  best=0.9499
        [Trial 0] gen  400  evals=16400  best=0.9494
        [Trial 0] gen  420  evals=17220  best=0.9487
        [Trial 0] gen  440  evals=18040  best=0.9484
        [Trial 0] gen  460  evals=18860  best=0.9484
        [Trial 0] gen  480  evals=19680  best=0.9481
        [Trial 0] gen  500  evals=20500  best=0.9481
        [Trial 0] gen  520  evals=21320  best=0.9481
        [Trial 0] gen  540  evals=22140  best=0.9477
        [Trial 0] gen  560  evals=22960  best=0.9477
        [Trial 0] gen  580  evals=23780  best=0.9472
        [Trial 0] gen  600  evals=24600  best=0.9472
        [Trial 0] gen  620  evals=25420  best=0.9472
        [Trial 0] gen  640  evals=26240  best=0.9472
        [Trial 0] gen  660  evals=27060  best=0.9472
        [Done] Trial 0 best=0.9472
    --> Trial 1 | pop=46 seed=52427 x0_norm_min=-0.937 x0_norm_max=0.907
        [Pruned] Trial 1 at gen 15 (loss=1.4993)
    --> Trial 2 | pop=55 seed=33953 x0_norm_min=-0.344 x0_norm_max=0.824
        [Pruned] Trial 2 at gen 15 (loss=1.5516)
    --> Trial 3 | pop=39 seed=82853 x0_norm_min=-0.797 x0_norm_max=0.622
        [Trial 3] gen   20  evals=  780  best=1.4014
        [Trial 3] gen   40  evals= 1560  best=1.0523
        [Trial 3] gen   60  evals= 2340  best=1.0138
        [Trial 3] gen   80  evals= 3120  best=1.0112
        [Trial 3] gen  100  evals= 3900  best=1.0047
        [Trial 3] gen  120  evals= 4680  best=0.9767
        [Trial 3] gen  140  evals= 5460  best=0.9737
        [Trial 3] gen  160  evals= 6240  best=0.9647
        [Trial 3] gen  180  evals= 7020  best=0.9586
        [Trial 3] gen  200  evals= 7800  best=0.9545
        [Trial 3] gen  220  evals= 8580  best=0.9528
        [Trial 3] gen  240  evals= 9360  best=0.9524
        [Trial 3] gen  260  evals=10140  best=0.9512
NOTE (module=cma, iteration=279):  
condition in coordinate system exceeded 1.1e+08, rescaled to 1.0e+00, 
condition changed from 1.0e+09 to 6.1e+08
        [Trial 3] gen  280  evals=10920  best=0.9502
        [Trial 3] gen  300  evals=11700  best=0.9496
        [Trial 3] gen  320  evals=12480  best=0.9489
        [Trial 3] gen  340  evals=13260  best=0.9489
        [Trial 3] gen  360  evals=14040  best=0.9486
        [Trial 3] gen  380  evals=14820  best=0.9483
        [Trial 3] gen  400  evals=15600  best=0.9483
        [Trial 3] gen  420  evals=16380  best=0.9474
        [Trial 3] gen  440  evals=17160  best=0.9469
        [Trial 3] gen  460  evals=17940  best=0.9468
        [Trial 3] gen  480  evals=18720  best=0.9468
        [Trial 3] gen  500  evals=19500  best=0.9468
        [Trial 3] gen  520  evals=20280  best=0.9468
        [Trial 3] gen  540  evals=21060  best=0.9468
        [Trial 3] gen  560  evals=21840  best=0.9468
        [Trial 3] gen  580  evals=22620  best=0.9468
        [Trial 3] gen  600  evals=23400  best=0.9468
        [Done] Trial 3 best=0.9468
    --> Trial 4 | pop=32 seed=36225 x0_norm_min=-0.947 x0_norm_max=0.785
        [Trial 4] gen   20  evals=  640  best=1.4313
        [Trial 4] gen   40  evals= 1280  best=1.1247
        [Pruned] Trial 4 at gen 45 (loss=1.0920)
    --> Trial 5 | pop=46 seed=86116 x0_norm_min=-0.748 x0_norm_max=0.981
        [Trial 5] gen   20  evals=  920  best=1.4197
        [Trial 5] gen   40  evals= 1840  best=1.2068
        [Pruned] Trial 5 at gen 45 (loss=1.1383)
    --> Trial 6 | pop=34 seed=48975 x0_norm_min=-0.929 x0_norm_max=0.732
        [Pruned] Trial 6 at gen 15 (loss=1.4552)
    --> Trial 7 | pop=43 seed=31484 x0_norm_min=-0.779 x0_norm_max=0.922
        [Pruned] Trial 7 at gen 15 (loss=1.5742)
    --> Trial 8 | pop=58 seed=65314 x0_norm_min=-0.814 x0_norm_max=0.843
        [Trial 8] gen   20  evals= 1160  best=1.4122
        [Trial 8] gen   40  evals= 2320  best=1.0443
        [Pruned] Trial 8 at gen 45 (loss=1.0443)
    --> Trial 9 | pop=36 seed=2456 x0_norm_min=-0.955 x0_norm_max=0.770
        [Trial 9] gen   20  evals=  720  best=1.3740
        [Trial 9] gen   40  evals= 1440  best=1.2048
        [Pruned] Trial 9 at gen 45 (loss=1.1837)
    --> Trial 10 | pop=52 seed=98337 x0_norm_min=-0.841 x0_norm_max=0.672
        [Pruned] Trial 10 at gen 15 (loss=1.4805)
    --> Trial 11 | pop=40 seed=5125 x0_norm_min=-0.781 x0_norm_max=0.859
        [Pruned] Trial 11 at gen 15 (loss=1.4997)
    --> Trial 12 | pop=38 seed=80758 x0_norm_min=-0.402 x0_norm_max=0.428
        [Trial 12] gen   20  evals=  760  best=1.2092
        [Trial 12] gen   40  evals= 1520  best=1.1630
        [Pruned] Trial 12 at gen 45 (loss=1.0827)
    --> Trial 13 | pop=30 seed=17354 x0_norm_min=-0.863 x0_norm_max=0.955
        [Pruned] Trial 13 at gen 15 (loss=1.4596)
    --> Trial 14 | pop=43 seed=68703 x0_norm_min=-0.897 x0_norm_max=-0.091
        [Pruned] Trial 14 at gen 15 (loss=1.4703)
    --> Trial 15 | pop=49 seed=18411 x0_norm_min=-0.690 x0_norm_max=0.990
        [Pruned] Trial 15 at gen 15 (loss=1.5089)
    --> Trial 16 | pop=40 seed=52061 x0_norm_min=-0.776 x0_norm_max=0.982
        [Pruned] Trial 16 at gen 15 (loss=1.4706)
    --> Trial 17 | pop=42 seed=99080 x0_norm_min=-0.863 x0_norm_max=0.835
        [Pruned] Trial 17 at gen 15 (loss=1.4502)
    --> Trial 18 | pop=37 seed=69429 x0_norm_min=-0.933 x0_norm_max=0.907
        [Trial 18] gen   20  evals=  740  best=1.3678
        [Trial 18] gen   40  evals= 1480  best=1.0013
        [Trial 18] gen   60  evals= 2220  best=0.9827
        [Trial 18] gen   80  evals= 2960  best=0.9682
        [Trial 18] gen  100  evals= 3700  best=0.9533
        [Trial 18] gen  120  evals= 4440  best=0.9389
        [Trial 18] gen  140  evals= 5180  best=0.9342
        [Trial 18] gen  160  evals= 5920  best=0.9329
        [Trial 18] gen  180  evals= 6660  best=0.9314
        [Trial 18] gen  200  evals= 7400  best=0.9273
        [Trial 18] gen  220  evals= 8140  best=0.9273
        [Trial 18] gen  240  evals= 8880  best=0.9261
NOTE (module=cma, iteration=250):  
condition in coordinate system exceeded 1.0e+08, rescaled to 1.0e+00, 
condition changed from 4.4e+08 to 5.1e+08
        [Trial 18] gen  260  evals= 9620  best=0.9239
        [Trial 18] gen  280  evals=10360  best=0.9236
        [Trial 18] gen  300  evals=11100  best=0.9236
        [Trial 18] gen  320  evals=11840  best=0.9230
        [Trial 18] gen  340  evals=12580  best=0.9230
        [Trial 18] gen  360  evals=13320  best=0.9230
        [Trial 18] gen  380  evals=14060  best=0.9224
        [Trial 18] gen  400  evals=14800  best=0.9223
        [Trial 18] gen  420  evals=15540  best=0.9223
        [Trial 18] gen  440  evals=16280  best=0.9212
        [Trial 18] gen  460  evals=17020  best=0.9212
        [Trial 18] gen  480  evals=17760  best=0.9212
        [Trial 18] gen  500  evals=18500  best=0.9212
        [Trial 18] gen  520  evals=19240  best=0.9206
        [Trial 18] gen  540  evals=19980  best=0.9206
        [Trial 18] gen  560  evals=20720  best=0.9206
        [Trial 18] gen  580  evals=21460  best=0.9206
        [Trial 18] gen  600  evals=22200  best=0.9206
        [Trial 18] gen  620  evals=22940  best=0.9206
        [Trial 18] gen  640  evals=23680  best=0.9206
        [Trial 18] gen  660  evals=24420  best=0.9206
        [Done] Trial 18 best=0.9206
    --> Trial 19 | pop=36 seed=74841 x0_norm_min=-0.948 x0_norm_max=0.822
        [Pruned] Trial 19 at gen 15 (loss=1.4612)

  Winner: Trial 18, loss=0.920634 (1488s)
    Restarts run: 20
    mu: 49.435154
    D_mu: 5.099198
    T0_mu: 5.113434
    Ly: 2.622488
    op_x: 0.731751
    op_y: 0.516071
    NMSE: 0.002530
  [Saved] random_IR_0005

============================================================
[6/50] random_IR_0006.npz
  GT loss: 0.734370
  terrain_mean=2.176729  early_threshold=0.748072  (alpha=0.0095)
    --> Trial 0 | pop=31 seed=10784 x0_norm_min=-0.944 x0_norm_max=0.730
        [Trial 0] gen   20  evals=  620  best=1.4189
        [Trial 0] gen   40  evals= 1240  best=1.2801
        [Trial 0] gen   60  evals= 1860  best=1.0771
        [Trial 0] gen   80  evals= 2480  best=0.9429
        [Trial 0] gen  100  evals= 3100  best=0.8779
        [Trial 0] gen  120  evals= 3720  best=0.7419
        [Trial 0] gen  140  evals= 4340  best=0.7233
        [Trial 0] gen  160  evals= 4960  best=0.7168
        [Trial 0] gen  180  evals= 5580  best=0.7119
        [Trial 0] gen  200  evals= 6200  best=0.7075
        [Trial 0] gen  220  evals= 6820  best=0.7020
        [Trial 0] gen  240  evals= 7440  best=0.6986
        [Trial 0] gen  260  evals= 8060  best=0.6978
        [Trial 0] gen  280  evals= 8680  best=0.6978
        [Trial 0] gen  300  evals= 9300  best=0.6968
NOTE (module=cma, iteration=301):  
condition in coordinate system exceeded 1.0e+08, rescaled to 1.0e+00, 
condition changed from 5.5e+08 to 3.9e+08
        [Trial 0] gen  320  evals= 9920  best=0.6968
        [Trial 0] gen  340  evals=10540  best=0.6967
        [Trial 0] gen  360  evals=11160  best=0.6958
        [Trial 0] gen  380  evals=11780  best=0.6958
        [Trial 0] gen  400  evals=12400  best=0.6958
        [Trial 0] gen  420  evals=13020  best=0.6958
        [Trial 0] gen  440  evals=13640  best=0.6958
        [Trial 0] gen  460  evals=14260  best=0.6958
        [Trial 0] gen  480  evals=14880  best=0.6958
        [Done] Trial 0 best=0.6958
    --> Early stop triggered: trial 0 reached loss=0.695793 < 0.748072

  Winner: Trial 0, loss=0.695793 (198s)
    Restarts run: 1
    mu: 89.884223
    D_mu: 8.976211
    T0_mu: 8.886484
    Ly: 2.891140
    op_x: 0.686210
    op_y: 0.724146
    NMSE: 0.006398
  [Saved] random_IR_0006

============================================================
[7/50] random_IR_0007.npz
  GT loss: 0.726313
  terrain_mean=2.343760  early_threshold=0.741679  (alpha=0.0095)
    --> Trial 0 | pop=52 seed=24310 x0_norm_min=-0.944 x0_norm_max=0.730
        [Trial 0] gen   20  evals= 1040  best=1.3579
        [Trial 0] gen   40  evals= 2080  best=1.2044
        [Trial 0] gen   60  evals= 3120  best=1.2044
        [Trial 0] gen   80  evals= 4160  best=1.1629
        [Trial 0] gen  100  evals= 5200  best=1.1629
        [Trial 0] gen  120  evals= 6240  best=1.1593
        [Trial 0] gen  140  evals= 7280  best=1.1336
        [Trial 0] gen  160  evals= 8320  best=1.1239
        [TRIAL TIMEOUT] Trial 0 total >600s, stopping
        [Done] Trial 0 best=1.1208
    --> Trial 1 | pop=55 seed=84349 x0_norm_min=-0.937 x0_norm_max=0.907
        [Trial 1] gen   20  evals= 1100  best=1.2566
        [Trial 1] gen   40  evals= 2200  best=1.1817
        [Trial 1] gen   60  evals= 3300  best=1.1801
        [Trial 1] gen   80  evals= 4400  best=1.1556
        [Trial 1] gen  100  evals= 5500  best=1.1527
        [Trial 1] gen  120  evals= 6600  best=1.1508
        [Pruned] Trial 1 at gen 135 (loss=1.1508)
    --> Trial 2 | pop=53 seed=17323 x0_norm_min=-0.344 x0_norm_max=0.824
        [Pruned] Trial 2 at gen 15 (loss=1.3577)
    --> Trial 3 | pop=40 seed=60493 x0_norm_min=-0.797 x0_norm_max=0.622
        [Pruned] Trial 3 at gen 15 (loss=1.3921)
    --> Trial 4 | pop=37 seed=72285 x0_norm_min=-0.947 x0_norm_max=0.785
        [Pruned] Trial 4 at gen 15 (loss=1.3237)
    --> Trial 5 | pop=31 seed=35462 x0_norm_min=-0.748 x0_norm_max=0.981
        [Trial 5] gen   20  evals=  620  best=1.3125
        [Trial 5] gen   40  evals= 1240  best=1.2478
        [Pruned] Trial 5 at gen 45 (loss=1.1942)
    --> Trial 6 | pop=49 seed=74601 x0_norm_min=-0.929 x0_norm_max=0.732
        [Pruned] Trial 6 at gen 15 (loss=1.4143)
    --> Trial 7 | pop=44 seed=67577 x0_norm_min=-0.779 x0_norm_max=0.922
        [Trial 7] gen   20  evals=  880  best=1.2970
        [Trial 7] gen   40  evals= 1760  best=1.1952
        [Pruned] Trial 7 at gen 45 (loss=1.1952)
    --> Trial 8 | pop=60 seed=66393 x0_norm_min=-0.814 x0_norm_max=0.843
        [Trial 8] gen   20  evals= 1200  best=1.2876
        [Trial 8] gen   40  evals= 2400  best=1.2349
        [Pruned] Trial 8 at gen 45 (loss=1.2349)
    --> Trial 9 | pop=58 seed=76318 x0_norm_min=-0.955 x0_norm_max=0.770
        [Pruned] Trial 9 at gen 15 (loss=1.3697)
    --> Trial 10 | pop=30 seed=99996 x0_norm_min=-0.841 x0_norm_max=0.672
        [Trial 10] gen   20  evals=  600  best=1.2745
        [Trial 10] gen   40  evals= 1200  best=1.2745
        [Pruned] Trial 10 at gen 45 (loss=1.2471)
    --> Trial 11 | pop=53 seed=2141 x0_norm_min=-0.781 x0_norm_max=0.859
        [Trial 11] gen   20  evals= 1060  best=1.2727
        [Trial 11] gen   40  evals= 2120  best=1.2151
        [Pruned] Trial 11 at gen 45 (loss=1.2151)
    --> Trial 12 | pop=50 seed=40262 x0_norm_min=-0.402 x0_norm_max=0.428
        [Trial 12] gen   20  evals= 1000  best=1.2911
        [Trial 12] gen   40  evals= 2000  best=1.2242
        [Trial 12] gen   60  evals= 3000  best=1.1512
        [Trial 12] gen   80  evals= 4000  best=1.1512
        [Trial 12] gen  100  evals= 5000  best=1.1321
        [Trial 12] gen  120  evals= 6000  best=1.1321
        [Trial 12] gen  140  evals= 7000  best=1.1321
        [Trial 12] gen  160  evals= 8000  best=1.1244
        [Trial 12] gen  180  evals= 9000  best=1.1244
        [Trial 12] gen  200  evals=10000  best=1.1238
        [TRIAL TIMEOUT] Trial 12 total >600s, stopping
        [Done] Trial 12 best=1.1211
    --> Trial 13 | pop=48 seed=41659 x0_norm_min=-0.863 x0_norm_max=0.955
        [Pruned] Trial 13 at gen 15 (loss=1.2947)
    --> Trial 14 | pop=48 seed=34371 x0_norm_min=-0.897 x0_norm_max=-0.091
        [Pruned] Trial 14 at gen 15 (loss=1.3165)
    --> Trial 15 | pop=43 seed=51120 x0_norm_min=-0.690 x0_norm_max=0.990
        [Pruned] Trial 15 at gen 15 (loss=1.3693)
    --> Trial 16 | pop=49 seed=19863 x0_norm_min=-0.776 x0_norm_max=0.982
        [Pruned] Trial 16 at gen 15 (loss=1.4241)
    --> Trial 17 | pop=54 seed=19732 x0_norm_min=-0.863 x0_norm_max=0.835
        [Pruned] Trial 17 at gen 15 (loss=1.3439)
    --> Trial 18 | pop=44 seed=7369 x0_norm_min=-0.933 x0_norm_max=0.907
        [Pruned] Trial 18 at gen 15 (loss=1.3068)
    --> Trial 19 | pop=57 seed=48679 x0_norm_min=-0.948 x0_norm_max=0.822
        [Pruned] Trial 19 at gen 15 (loss=1.3686)

  Winner: Trial 0, loss=1.120785 (2399s)
    Restarts run: 20
    mu: 20.697586
    D_mu: 0.519641
    T0_mu: 26.072911
    Ly: 3.998806
    op_x: 0.764957
    op_y: 0.556699
    NMSE: 0.048960
  [Saved] random_IR_0007

============================================================
[8/50] random_IR_0008.npz
  GT loss: 0.600656
  terrain_mean=2.194546  early_threshold=0.615798  (alpha=0.0095)
    --> Trial 0 | pop=33 seed=25114 x0_norm_min=-0.944 x0_norm_max=0.730
        [Trial 0] gen   20  evals=  660  best=1.1257
        [Trial 0] gen   40  evals= 1320  best=1.0730
        [Trial 0] gen   60  evals= 1980  best=0.9654
        [Trial 0] gen   80  evals= 2640  best=0.8580
        [Trial 0] gen  100  evals= 3300  best=0.7079
        [Trial 0] gen  120  evals= 3960  best=0.6045
        [Trial 0] gen  140  evals= 4620  best=0.5845
        [Trial 0] gen  160  evals= 5280  best=0.5811
        [Trial 0] gen  180  evals= 5940  best=0.5796
        [Trial 0] gen  200  evals= 6600  best=0.5766
        [Trial 0] gen  220  evals= 7260  best=0.5750
        [Trial 0] gen  240  evals= 7920  best=0.5724
        [Trial 0] gen  260  evals= 8580  best=0.5720
        [Trial 0] gen  280  evals= 9240  best=0.5703
        [Trial 0] gen  300  evals= 9900  best=0.5695
        [Trial 0] gen  320  evals=10560  best=0.5694
        [Trial 0] gen  340  evals=11220  best=0.5694
        [Trial 0] gen  360  evals=11880  best=0.5694
        [Trial 0] gen  380  evals=12540  best=0.5694
        [Done] Trial 0 best=0.5694
    --> Early stop triggered: trial 0 reached loss=0.569436 < 0.615798

  Winner: Trial 0, loss=0.569436 (187s)
    Restarts run: 1
    mu: 53.446099
    D_mu: 3.761938
    T0_mu: 6.379107
    Ly: 2.154799
    op_x: 0.612354
    op_y: 0.589040
    NMSE: 0.003716
  [Saved] random_IR_0008

============================================================
[9/50] random_IR_0009.npz
  GT loss: 0.672652
  terrain_mean=2.340034  early_threshold=0.688492  (alpha=0.0095)
    --> Trial 0 | pop=30 seed=53172 x0_norm_min=-0.944 x0_norm_max=0.730
        [Trial 0] gen   20  evals=  600  best=1.5145
        [Trial 0] gen   40  evals= 1200  best=1.3436
        [Trial 0] gen   60  evals= 1800  best=1.3278
        [Trial 0] gen   80  evals= 2400  best=1.2717
        [Trial 0] gen  100  evals= 3000  best=1.2717
        [Trial 0] gen  120  evals= 3600  best=1.2529
        [Trial 0] gen  140  evals= 4200  best=1.2529
        [Trial 0] gen  160  evals= 4800  best=1.2466
        [Trial 0] gen  180  evals= 5400  best=1.2432
        [Trial 0] gen  200  evals= 6000  best=1.2432
        [Trial 0] gen  220  evals= 6600  best=1.2432
        [Trial 0] gen  240  evals= 7200  best=1.2432
        [Trial 0] gen  260  evals= 7800  best=1.2432
        [Trial 0] gen  280  evals= 8400  best=1.2432
        [Trial 0] gen  300  evals= 9000  best=1.2432
        [Trial 0] gen  320  evals= 9600  best=1.2432
        [Trial 0] gen  340  evals=10200  best=1.2423
        [Trial 0] gen  360  evals=10800  best=1.2423
        [Trial 0] gen  380  evals=11400  best=1.2423
        [Trial 0] gen  400  evals=12000  best=1.2415
        [Trial 0] gen  420  evals=12600  best=1.2415
        [Trial 0] gen  440  evals=13200  best=1.2415
        [Trial 0] gen  460  evals=13800  best=1.2415
        [Done] Trial 0 best=1.2415
    --> Trial 1 | pop=49 seed=91473 x0_norm_min=-0.937 x0_norm_max=0.907
        [Trial 1] gen   20  evals=  980  best=1.5221
        [Trial 1] gen   40  evals= 1960  best=1.4087
        [Pruned] Trial 1 at gen 45 (loss=1.3450)
    --> Trial 2 | pop=33 seed=10317 x0_norm_min=-0.344 x0_norm_max=0.824
        [Trial 2] gen   20  evals=  660  best=1.4685
        [Trial 2] gen   40  evals= 1320  best=1.2938
        [Trial 2] gen   60  evals= 1980  best=1.2938
        [Trial 2] gen   80  evals= 2640  best=1.2295
        [Trial 2] gen  100  evals= 3300  best=1.2121
        [Trial 2] gen  120  evals= 3960  best=1.1957
        [Trial 2] gen  140  evals= 4620  best=1.1957
        [Trial 2] gen  160  evals= 5280  best=1.1672
        [Trial 2] gen  180  evals= 5940  best=1.1490
        [Trial 2] gen  200  evals= 6600  best=1.1490
        [Trial 2] gen  220  evals= 7260  best=1.1369
        [Trial 2] gen  240  evals= 7920  best=1.1316
        [Trial 2] gen  260  evals= 8580  best=1.1215
        [Trial 2] gen  280  evals= 9240  best=1.1194
        [Trial 2] gen  300  evals= 9900  best=1.1168
        [Trial 2] gen  320  evals=10560  best=1.1123
        [Trial 2] gen  340  evals=11220  best=1.1123
        [Trial 2] gen  360  evals=11880  best=1.1123
        [Trial 2] gen  380  evals=12540  best=1.1123
        [Trial 2] gen  400  evals=13200  best=1.1123
        [Trial 2] gen  420  evals=13860  best=1.1121
        [Trial 2] gen  440  evals=14520  best=1.1119
        [Trial 2] gen  460  evals=15180  best=1.1119
        [Trial 2] gen  480  evals=15840  best=1.1110
        [Trial 2] gen  500  evals=16500  best=1.1110
        [Trial 2] gen  520  evals=17160  best=1.1105
        [Trial 2] gen  540  evals=17820  best=1.1105
        [Trial 2] gen  560  evals=18480  best=1.1105
        [Trial 2] gen  580  evals=19140  best=1.1105
        [Trial 2] gen  600  evals=19800  best=1.1105
        [Trial 2] gen  620  evals=20460  best=1.1105
        [Trial 2] gen  640  evals=21120  best=1.1105
        [Trial 2] gen  660  evals=21780  best=1.1105
        [Done] Trial 2 best=1.1105
    --> Trial 3 | pop=38 seed=75991 x0_norm_min=-0.797 x0_norm_max=0.622
        [Trial 3] gen   20  evals=  760  best=1.4012
        [Trial 3] gen   40  evals= 1520  best=1.2709
        [Trial 3] gen   60  evals= 2280  best=1.2427
        [Trial 3] gen   80  evals= 3040  best=1.1859
        [Trial 3] gen  100  evals= 3800  best=1.1405
        [Trial 3] gen  120  evals= 4560  best=1.1405
        [Trial 3] gen  140  evals= 5320  best=1.1366
        [Trial 3] gen  160  evals= 6080  best=1.1269
        [Trial 3] gen  180  evals= 6840  best=1.1258
        [Trial 3] gen  200  evals= 7600  best=1.1241
        [Trial 3] gen  220  evals= 8360  best=1.1228
        [Trial 3] gen  240  evals= 9120  best=1.1207
        [Trial 3] gen  260  evals= 9880  best=1.1205
        [Trial 3] gen  280  evals=10640  best=1.1182
        [Trial 3] gen  300  evals=11400  best=1.1182
        [Trial 3] gen  320  evals=12160  best=1.1182
        [Trial 3] gen  340  evals=12920  best=1.1182
        [Trial 3] gen  360  evals=13680  best=1.1180
        [Trial 3] gen  380  evals=14440  best=1.1164
        [Trial 3] gen  400  evals=15200  best=1.1161
        [Pruned] Trial 3 at gen 405 (loss=1.1161)
    --> Trial 4 | pop=54 seed=99924 x0_norm_min=-0.947 x0_norm_max=0.785
        [Pruned] Trial 4 at gen 15 (loss=1.4752)
    --> Trial 5 | pop=53 seed=11696 x0_norm_min=-0.748 x0_norm_max=0.981
        [Pruned] Trial 5 at gen 15 (loss=1.5020)
    --> Trial 6 | pop=31 seed=13333 x0_norm_min=-0.929 x0_norm_max=0.732
        [Pruned] Trial 6 at gen 15 (loss=1.4894)
    --> Trial 7 | pop=30 seed=3331 x0_norm_min=-0.779 x0_norm_max=0.922
        [Pruned] Trial 7 at gen 15 (loss=1.5661)
    --> Trial 8 | pop=35 seed=24568 x0_norm_min=-0.814 x0_norm_max=0.843
        [Pruned] Trial 8 at gen 15 (loss=1.5499)
    --> Trial 9 | pop=45 seed=46696 x0_norm_min=-0.955 x0_norm_max=0.770
        [Trial 9] gen   20  evals=  900  best=1.2850
        [Trial 9] gen   40  evals= 1800  best=1.2730
        [Trial 9] gen   60  evals= 2700  best=1.0123
        [Trial 9] gen   80  evals= 3600  best=0.8739
        [Trial 9] gen  100  evals= 4500  best=0.7229
        [Trial 9] gen  120  evals= 5400  best=0.6794
        [Trial 9] gen  140  evals= 6300  best=0.6663
        [Trial 9] gen  160  evals= 7200  best=0.6627
        [Trial 9] gen  180  evals= 8100  best=0.6621
        [Trial 9] gen  200  evals= 9000  best=0.6598
        [Trial 9] gen  220  evals= 9900  best=0.6598
        [Trial 9] gen  240  evals=10800  best=0.6598
        [Trial 9] gen  260  evals=11700  best=0.6592
        [Trial 9] gen  280  evals=12600  best=0.6592
        [Trial 9] gen  300  evals=13500  best=0.6592
        [Trial 9] gen  320  evals=14400  best=0.6583
        [Trial 9] gen  340  evals=15300  best=0.6578
        [Trial 9] gen  360  evals=16200  best=0.6578
        [Trial 9] gen  380  evals=17100  best=0.6577
        [Trial 9] gen  400  evals=18000  best=0.6577
        [Trial 9] gen  420  evals=18900  best=0.6577
        [Trial 9] gen  440  evals=19800  best=0.6577
        [Trial 9] gen  460  evals=20700  best=0.6577
        [Trial 9] gen  480  evals=21600  best=0.6577
        [Trial 9] gen  500  evals=22500  best=0.6577
        [Trial 9] gen  520  evals=23400  best=0.6577
        [Trial 9] gen  540  evals=24300  best=0.6577
        [Trial 9] gen  560  evals=25200  best=0.6577
        [Trial 9] gen  580  evals=26100  best=0.6577
        [Done] Trial 9 best=0.6577
    --> Early stop triggered: trial 9 reached loss=0.657661 < 0.688492

  Winner: Trial 9, loss=0.657661 (1634s)
    Restarts run: 10
    mu: 21.201065
    D_mu: 4.683046
    T0_mu: 32.959668
    Ly: 2.994013
    op_x: 0.564094
    op_y: 0.831598
    NMSE: 0.000772
  [Saved] random_IR_0009

============================================================
[10/50] random_IR_0010.npz
  GT loss: 0.816698
  terrain_mean=2.199618  early_threshold=0.829836  (alpha=0.0095)
    --> Trial 0 | pop=30 seed=85549 x0_norm_min=-0.944 x0_norm_max=0.730
        [Trial 0] gen   20  evals=  600  best=1.6326
        [Trial 0] gen   40  evals= 1200  best=1.5600
        [Trial 0] gen   60  evals= 1800  best=1.5203
        [Trial 0] gen   80  evals= 2400  best=1.5037
        [Trial 0] gen  100  evals= 3000  best=1.4745
        [Trial 0] gen  120  evals= 3600  best=1.4614
        [Trial 0] gen  140  evals= 4200  best=1.4467
        [Trial 0] gen  160  evals= 4800  best=1.4227
        [Trial 0] gen  180  evals= 5400  best=1.4118
        [Trial 0] gen  200  evals= 6000  best=1.4045
        [Trial 0] gen  220  evals= 6600  best=1.4005
        [Trial 0] gen  240  evals= 7200  best=1.3999
        [Trial 0] gen  260  evals= 7800  best=1.3977
        [Trial 0] gen  280  evals= 8400  best=1.3970
        [Trial 0] gen  300  evals= 9000  best=1.3970
        [Trial 0] gen  320  evals= 9600  best=1.3946
        [Trial 0] gen  340  evals=10200  best=1.3946
        [Trial 0] gen  360  evals=10800  best=1.3946
        [Trial 0] gen  380  evals=11400  best=1.3946
        [Trial 0] gen  400  evals=12000  best=1.3946
        [Trial 0] gen  420  evals=12600  best=1.3946
        [Trial 0] gen  440  evals=13200  best=1.3946
        [Trial 0] gen  460  evals=13800  best=1.3946
        [Trial 0] gen  480  evals=14400  best=1.3946
        [Done] Trial 0 best=1.3946
    --> Trial 1 | pop=34 seed=99845 x0_norm_min=-0.937 x0_norm_max=0.907
        [Trial 1] gen   20  evals=  680  best=1.5910
        [Trial 1] gen   40  evals= 1360  best=1.5235
        [Trial 1] gen   60  evals= 2040  best=1.5235
        [Trial 1] gen   80  evals= 2720  best=1.5235
        [Trial 1] gen  100  evals= 3400  best=1.4656
        [Trial 1] gen  120  evals= 4080  best=1.4512
        [Trial 1] gen  140  evals= 4760  best=1.4408
        [Trial 1] gen  160  evals= 5440  best=1.4378
        [Trial 1] gen  180  evals= 6120  best=1.4323
        [Trial 1] gen  200  evals= 6800  best=1.4323
        [Trial 1] gen  220  evals= 7480  best=1.4323
        [Trial 1] gen  240  evals= 8160  best=1.4323
        [Trial 1] gen  260  evals= 8840  best=1.4323
        [Trial 1] gen  280  evals= 9520  best=1.4323
        [Trial 1] gen  300  evals=10200  best=1.4323
        [Trial 1] gen  320  evals=10880  best=1.4323
        [Trial 1] gen  340  evals=11560  best=1.4323
        [Trial 1] gen  360  evals=12240  best=1.4323
        [Trial 1] gen  380  evals=12920  best=1.4323
        [TRIAL TIMEOUT] Trial 1 total >600s, stopping
        [Done] Trial 1 best=1.4323
    --> Trial 2 | pop=56 seed=36592 x0_norm_min=-0.344 x0_norm_max=0.824
        [Trial 2] gen   20  evals= 1120  best=1.5568
        [Trial 2] gen   40  evals= 2240  best=1.5326
        [Pruned] Trial 2 at gen 45 (loss=1.5326)
    --> Trial 3 | pop=39 seed=26881 x0_norm_min=-0.797 x0_norm_max=0.622
        [Pruned] Trial 3 at gen 15 (loss=1.5866)
    --> Trial 4 | pop=42 seed=85122 x0_norm_min=-0.947 x0_norm_max=0.785
        [Pruned] Trial 4 at gen 15 (loss=1.6323)
    --> Trial 5 | pop=47 seed=97022 x0_norm_min=-0.748 x0_norm_max=0.981
        [Trial 5] gen   20  evals=  940  best=1.5693
        [Trial 5] gen   40  evals= 1880  best=1.4527
        [Trial 5] gen   60  evals= 2820  best=1.4527
        [Trial 5] gen   80  evals= 3760  best=1.4527
        [Trial 5] gen  100  evals= 4700  best=1.4527
        [Trial 5] gen  120  evals= 5640  best=1.4527
        [Pruned] Trial 5 at gen 135 (loss=1.4527)
    --> Trial 6 | pop=58 seed=37995 x0_norm_min=-0.929 x0_norm_max=0.732
        [Pruned] Trial 6 at gen 15 (loss=1.5746)
    --> Trial 7 | pop=44 seed=69345 x0_norm_min=-0.779 x0_norm_max=0.922
        [Pruned] Trial 7 at gen 15 (loss=1.6168)
    --> Trial 8 | pop=58 seed=70540 x0_norm_min=-0.814 x0_norm_max=0.843
        [Trial 8] gen   20  evals= 1160  best=1.5583
        [Trial 8] gen   40  evals= 2320  best=1.4332
        [Trial 8] gen   60  evals= 3480  best=1.4332
        [Trial 8] gen   80  evals= 4640  best=1.4093
        [Trial 8] gen  100  evals= 5800  best=1.4093
        [Trial 8] gen  120  evals= 6960  best=1.4062
        [Trial 8] gen  140  evals= 8120  best=1.3971
        [Trial 8] gen  160  evals= 9280  best=1.3968
        [Trial 8] gen  180  evals=10440  best=1.3915
        [Trial 8] gen  200  evals=11600  best=1.3854
        [Trial 8] gen  220  evals=12760  best=1.3854
        [Trial 8] gen  240  evals=13920  best=1.3854
        [Trial 8] gen  260  evals=15080  best=1.3845
        [Trial 8] gen  280  evals=16240  best=1.3845
        [TRIAL TIMEOUT] Trial 8 total >600s, stopping
        [Done] Trial 8 best=1.3845
    --> Trial 9 | pop=32 seed=72600 x0_norm_min=-0.955 x0_norm_max=0.770
        [Pruned] Trial 9 at gen 15 (loss=1.5778)
    --> Trial 10 | pop=52 seed=278 x0_norm_min=-0.841 x0_norm_max=0.672
        [Trial 10] gen   20  evals= 1040  best=1.5405
        [Trial 10] gen   40  evals= 2080  best=1.5301
        [Pruned] Trial 10 at gen 45 (loss=1.5301)
    --> Trial 11 | pop=51 seed=60550 x0_norm_min=-0.781 x0_norm_max=0.859
        [Pruned] Trial 11 at gen 15 (loss=1.6462)
    --> Trial 12 | pop=37 seed=50698 x0_norm_min=-0.402 x0_norm_max=0.428
        [Trial 12] gen   20  evals=  740  best=1.5053
        [Trial 12] gen   40  evals= 1480  best=1.4942
        [Pruned] Trial 12 at gen 45 (loss=1.4722)
    --> Trial 13 | pop=60 seed=83087 x0_norm_min=-0.863 x0_norm_max=0.955
        [Pruned] Trial 13 at gen 15 (loss=1.6468)
    --> Trial 14 | pop=48 seed=80317 x0_norm_min=-0.897 x0_norm_max=-0.091
        [Pruned] Trial 14 at gen 15 (loss=1.6363)
    --> Trial 15 | pop=30 seed=58088 x0_norm_min=-0.690 x0_norm_max=0.990
        [Pruned] Trial 15 at gen 15 (loss=1.5827)
    --> Trial 16 | pop=54 seed=89090 x0_norm_min=-0.776 x0_norm_max=0.982
        [Trial 16] gen   20  evals= 1080  best=1.5466
        [Trial 16] gen   40  evals= 2160  best=1.5079
        [Pruned] Trial 16 at gen 45 (loss=1.5079)
    --> Trial 17 | pop=37 seed=71010 x0_norm_min=-0.863 x0_norm_max=0.835
        [Pruned] Trial 17 at gen 15 (loss=1.6026)
    --> Trial 18 | pop=42 seed=50050 x0_norm_min=-0.933 x0_norm_max=0.907
        [Pruned] Trial 18 at gen 15 (loss=1.5903)
    --> Trial 19 | pop=48 seed=105 x0_norm_min=-0.948 x0_norm_max=0.822
        [Trial 19] gen   20  evals=  960  best=1.5246
        [Trial 19] gen   40  evals= 1920  best=1.3597
        [Trial 19] gen   60  evals= 2880  best=1.2473
        [Trial 19] gen   80  evals= 3840  best=1.1236
        [Trial 19] gen  100  evals= 4800  best=1.0138
        [Trial 19] gen  120  evals= 5760  best=0.9750
        [Trial 19] gen  140  evals= 6720  best=0.9586
        [Trial 19] gen  160  evals= 7680  best=0.9550
        [Trial 19] gen  180  evals= 8640  best=0.9539/home/bhpark3/dafxenv/lib/python3.12/site-packages/cma/utilities/utils.py:369: UserWarning: 
        geno-pheno transformation introduced based on the
        current covariance matrix with condition 1.1e+12 -> 1.0e+00,
        injected solutions become "invalid" in this iteration (time=Jul 12 15:17:55 2026 class=CMAEvolutionStrategy method=alleviate_conditioning iteration=470)
  warnings.warn(msg + ' (time={}'.format(time.asctime()[4:]) +

        [Trial 19] gen  200  evals= 9600  best=0.9529
        [Trial 19] gen  220  evals=10560  best=0.9518
        [Trial 19] gen  240  evals=11520  best=0.9508
        [Trial 19] gen  260  evals=12480  best=0.9508
        [Trial 19] gen  280  evals=13440  best=0.9506
        [Trial 19] gen  300  evals=14400  best=0.9488
        [Trial 19] gen  320  evals=15360  best=0.9476
        [Trial 19] gen  340  evals=16320  best=0.9476
        [Trial 19] gen  360  evals=17280  best=0.9476
        [Trial 19] gen  380  evals=18240  best=0.9471
        [Trial 19] gen  400  evals=19200  best=0.9471
        [Trial 19] gen  420  evals=20160  best=0.9471
        [Trial 19] gen  440  evals=21120  best=0.9469
        [Trial 19] gen  460  evals=22080  best=0.9462
        [Trial 19] gen  480  evals=23040  best=0.9462
        [Trial 19] gen  500  evals=24000  best=0.9461
        [Trial 19] gen  520  evals=24960  best=0.9461
        [Trial 19] gen  540  evals=25920  best=0.9460
        [Trial 19] gen  560  evals=26880  best=0.9460
        [Done] Trial 19 best=0.9460

  Winner: Trial 19, loss=0.945983 (2516s)
    Restarts run: 20
    mu: 25.581352
    D_mu: 1.301080
    T0_mu: 11.520442
    Ly: 1.501755
    op_x: 0.907903
    op_y: 0.555262
    NMSE: 0.000735
  [Saved] random_IR_0010

============================================================
[11/50] random_IR_0011.npz
  GT loss: 0.721229
  terrain_mean=2.111076  early_threshold=0.734433  (alpha=0.0095)
    --> Trial 0 | pop=43 seed=41926 x0_norm_min=-0.944 x0_norm_max=0.730
        [Trial 0] gen   20  evals=  860  best=1.2234
        [Trial 0] gen   40  evals= 1720  best=1.1771
        [Trial 0] gen   60  evals= 2580  best=1.1723
        [Trial 0] gen   80  evals= 3440  best=1.1672
        [Trial 0] gen  100  evals= 4300  best=1.1672
        [Trial 0] gen  120  evals= 5160  best=1.1662
        [Trial 0] gen  140  evals= 6020  best=1.1569
        [Trial 0] gen  160  evals= 6880  best=1.1543
        [Trial 0] gen  180  evals= 7740  best=1.1513
        [Trial 0] gen  200  evals= 8600  best=1.1472
        [Trial 0] gen  220  evals= 9460  best=1.1447
        [Trial 0] gen  240  evals=10320  best=1.1447
        [Trial 0] gen  260  evals=11180  best=1.1447
        [Trial 0] gen  280  evals=12040  best=1.1447
        [Trial 0] gen  300  evals=12900  best=1.1447
        [Trial 0] gen  320  evals=13760  best=1.1447
        [Trial 0] gen  340  evals=14620  best=1.1447
        [Trial 0] gen  360  evals=15480  best=1.1447
        [Trial 0] gen  380  evals=16340  best=1.1447
        [Trial 0] gen  400  evals=17200  best=1.1447
        [Trial 0] gen  420  evals=18060  best=1.1447
        [Trial 0] gen  440  evals=18920  best=1.1447
        [Trial 0] gen  460  evals=19780  best=1.1447
        [Trial 0] gen  480  evals=20640  best=1.1447
        [Done] Trial 0 best=1.1447
    --> Trial 1 | pop=56 seed=4108 x0_norm_min=-0.937 x0_norm_max=0.907
        [Trial 1] gen   20  evals= 1120  best=1.2647
        [Trial 1] gen   40  evals= 2240  best=1.2110
        [Pruned] Trial 1 at gen 45 (loss=1.2055)
    --> Trial 2 | pop=43 seed=67523 x0_norm_min=-0.344 x0_norm_max=0.824
        [Pruned] Trial 2 at gen 15 (loss=1.3016)
    --> Trial 3 | pop=48 seed=83420 x0_norm_min=-0.797 x0_norm_max=0.622
        [Pruned] Trial 3 at gen 15 (loss=1.3555)
    --> Trial 4 | pop=48 seed=16722 x0_norm_min=-0.947 x0_norm_max=0.785
        [Pruned] Trial 4 at gen 15 (loss=1.2957)
    --> Trial 5 | pop=47 seed=46142 x0_norm_min=-0.748 x0_norm_max=0.981
        [Trial 5] gen   20  evals=  940  best=1.2760
        [Trial 5] gen   40  evals= 1880  best=1.1695
        [Trial 5] gen   60  evals= 2820  best=1.1581
        [Trial 5] gen   80  evals= 3760  best=1.1581
        [Trial 5] gen  100  evals= 4700  best=1.1450
        [Trial 5] gen  120  evals= 5640  best=1.1440
        [Trial 5] gen  140  evals= 6580  best=1.1342
        [Trial 5] gen  160  evals= 7520  best=1.1301
        [Trial 5] gen  180  evals= 8460  best=1.1207
        [Trial 5] gen  200  evals= 9400  best=1.1190
        [Trial 5] gen  220  evals=10340  best=1.1182
        [Trial 5] gen  240  evals=11280  best=1.1182
        [Trial 5] gen  260  evals=12220  best=1.1182
        [Trial 5] gen  280  evals=13160  best=1.1174
        [Trial 5] gen  300  evals=14100  best=1.1170
        [Trial 5] gen  320  evals=15040  best=1.1164
        [Trial 5] gen  340  evals=15980  best=1.1146
        [Trial 5] gen  360  evals=16920  best=1.1146
        [Trial 5] gen  380  evals=17860  best=1.1146
        [Trial 5] gen  400  evals=18800  best=1.1146
        [Trial 5] gen  420  evals=19740  best=1.1141
        [Trial 5] gen  440  evals=20680  best=1.1141
        [Trial 5] gen  460  evals=21620  best=1.1141
        [Trial 5] gen  480  evals=22560  best=1.1141
        [Trial 5] gen  500  evals=23500  best=1.1141
        [Done] Trial 5 best=1.1141
    --> Trial 6 | pop=46 seed=83933 x0_norm_min=-0.929 x0_norm_max=0.732
        [Pruned] Trial 6 at gen 15 (loss=1.3346)
    --> Trial 7 | pop=49 seed=79254 x0_norm_min=-0.779 x0_norm_max=0.922
        [Pruned] Trial 7 at gen 15 (loss=1.3873)
    --> Trial 8 | pop=33 seed=39991 x0_norm_min=-0.814 x0_norm_max=0.843
        [Pruned] Trial 8 at gen 15 (loss=1.2893)
    --> Trial 9 | pop=58 seed=49845 x0_norm_min=-0.955 x0_norm_max=0.770
        [Pruned] Trial 9 at gen 15 (loss=1.3429)
    --> Trial 10 | pop=32 seed=24762 x0_norm_min=-0.841 x0_norm_max=0.672
        [Pruned] Trial 10 at gen 15 (loss=1.3795)
    --> Trial 11 | pop=40 seed=50340 x0_norm_min=-0.781 x0_norm_max=0.859
        [Trial 11] gen   20  evals=  800  best=1.2278
        [Trial 11] gen   40  evals= 1600  best=1.2278
        [Pruned] Trial 11 at gen 45 (loss=1.2175)
    --> Trial 12 | pop=37 seed=36032 x0_norm_min=-0.402 x0_norm_max=0.428
        [Trial 12] gen   20  evals=  740  best=1.2081
        [Trial 12] gen   40  evals= 1480  best=1.1022
        [Trial 12] gen   60  evals= 2220  best=1.0303
        [Trial 12] gen   80  evals= 2960  best=1.0204
        [Trial 12] gen  100  evals= 3700  best=1.0070
        [Trial 12] gen  120  evals= 4440  best=0.9841
        [Trial 12] gen  140  evals= 5180  best=0.9522
        [Trial 12] gen  160  evals= 5920  best=0.9370
        [Trial 12] gen  180  evals= 6660  best=0.9352
        [Trial 12] gen  200  evals= 7400  best=0.9343
        [Trial 12] gen  220  evals= 8140  best=0.9330
        [Trial 12] gen  240  evals= 8880  best=0.9330
        [Trial 12] gen  260  evals= 9620  best=0.9328
        [Trial 12] gen  280  evals=10360  best=0.9328
        [Trial 12] gen  300  evals=11100  best=0.9328
        [Trial 12] gen  320  evals=11840  best=0.9328
        [Trial 12] gen  340  evals=12580  best=0.9316
        [Trial 12] gen  360  evals=13320  best=0.9315
        [Trial 12] gen  380  evals=14060  best=0.9305
        [Trial 12] gen  400  evals=14800  best=0.9305
        [Trial 12] gen  420  evals=15540  best=0.9305
        [Trial 12] gen  440  evals=16280  best=0.9299
        [Trial 12] gen  460  evals=17020  best=0.9299
        [Trial 12] gen  480  evals=17760  best=0.9299
        [Trial 12] gen  500  evals=18500  best=0.9299
        [Done] Trial 12 best=0.9299
    --> Trial 13 | pop=37 seed=62367 x0_norm_min=-0.863 x0_norm_max=0.955
        [Pruned] Trial 13 at gen 15 (loss=1.3608)
    --> Trial 14 | pop=52 seed=27813 x0_norm_min=-0.897 x0_norm_max=-0.091
        [Trial 14] gen   20  evals= 1040  best=1.2221
        [Trial 14] gen   40  evals= 2080  best=1.1722
        [Pruned] Trial 14 at gen 45 (loss=1.1722)
    --> Trial 15 | pop=37 seed=33998 x0_norm_min=-0.690 x0_norm_max=0.990
        [Pruned] Trial 15 at gen 15 (loss=1.3904)
    --> Trial 16 | pop=30 seed=61187 x0_norm_min=-0.776 x0_norm_max=0.982
        [Pruned] Trial 16 at gen 15 (loss=1.3069)
    --> Trial 17 | pop=54 seed=95053 x0_norm_min=-0.863 x0_norm_max=0.835
        [Pruned] Trial 17 at gen 15 (loss=1.2829)
    --> Trial 18 | pop=60 seed=10999 x0_norm_min=-0.933 x0_norm_max=0.907
        [Pruned] Trial 18 at gen 15 (loss=1.2893)
    --> Trial 19 | pop=37 seed=51921 x0_norm_min=-0.948 x0_norm_max=0.822
        [Pruned] Trial 19 at gen 15 (loss=1.3451)

  Winner: Trial 12, loss=0.929923 (908s)
    Restarts run: 20
    mu: 62.342502
    D_mu: 10.414762
    T0_mu: 11.800521
    Ly: 4.000000
    op_x: 0.546950
    op_y: 0.648645
    NMSE: 0.008438
  [Saved] random_IR_0011

============================================================
[12/50] random_IR_0012.npz
  GT loss: 0.709286
  terrain_mean=2.198075  early_threshold=0.723430  (alpha=0.0095)
    --> Trial 0 | pop=34 seed=30624 x0_norm_min=-0.944 x0_norm_max=0.730
        [Trial 0] gen   20  evals=  680  best=1.5488
        [Trial 0] gen   40  evals= 1360  best=1.4668
        [Trial 0] gen   60  evals= 2040  best=1.3882
        [Trial 0] gen   80  evals= 2720  best=1.3734
        [Trial 0] gen  100  evals= 3400  best=1.3636
        [Trial 0] gen  120  evals= 4080  best=1.3271
        [Trial 0] gen  140  evals= 4760  best=1.3226
        [Trial 0] gen  160  evals= 5440  best=1.3180
        [Trial 0] gen  180  evals= 6120  best=1.3068
        [Trial 0] gen  200  evals= 6800  best=1.3063
        [Trial 0] gen  220  evals= 7480  best=1.3023
        [Trial 0] gen  240  evals= 8160  best=1.3023
        [Trial 0] gen  260  evals= 8840  best=1.3023
        [Trial 0] gen  280  evals= 9520  best=1.3015
        [Trial 0] gen  300  evals=10200  best=1.3015
        [Trial 0] gen  320  evals=10880  best=1.3001
        [Trial 0] gen  340  evals=11560  best=1.3001
        [Trial 0] gen  360  evals=12240  best=1.3001
        [Trial 0] gen  380  evals=12920  best=1.3001
        [Trial 0] gen  400  evals=13600  best=1.2998
        [Trial 0] gen  420  evals=14280  best=1.2998
        [Trial 0] gen  440  evals=14960  best=1.2998
        [Trial 0] gen  460  evals=15640  best=1.2998
        [Trial 0] gen  480  evals=16320  best=1.2998
        [Done] Trial 0 best=1.2998
    --> Trial 1 | pop=48 seed=18819 x0_norm_min=-0.937 x0_norm_max=0.907
        [Trial 1] gen   20  evals=  960  best=1.3943
        [Trial 1] gen   40  evals= 1920  best=1.3054
        [Trial 1] gen   60  evals= 2880  best=1.2536
        [Trial 1] gen   80  evals= 3840  best=1.2045
        [Trial 1] gen  100  evals= 4800  best=1.2045
        [Trial 1] gen  120  evals= 5760  best=1.2045
        [Trial 1] gen  140  evals= 6720  best=1.2045
        [Trial 1] gen  160  evals= 7680  best=1.2028
        [Trial 1] gen  180  evals= 8640  best=1.1992
        [Trial 1] gen  200  evals= 9600  best=1.1981
        [Trial 1] gen  220  evals=10560  best=1.1958
        [Trial 1] gen  240  evals=11520  best=1.1942
        [Trial 1] gen  260  evals=12480  best=1.1913
        [Trial 1] gen  280  evals=13440  best=1.1898
        [Trial 1] gen  300  evals=14400  best=1.1879
        [Trial 1] gen  320  evals=15360  best=1.1878
        [Trial 1] gen  340  evals=16320  best=1.1878
        [Trial 1] gen  360  evals=17280  best=1.1878
        [Trial 1] gen  380  evals=18240  best=1.1878
        [Trial 1] gen  400  evals=19200  best=1.1877
        [Trial 1] gen  420  evals=20160  best=1.1877
NOTE (module=cma, iteration=422):  
condition in coordinate system exceeded 1.1e+08, rescaled to 1.0e+00, 
condition changed from 3.5e+09 to 8.2e+08
        [Trial 1] gen  440  evals=21120  best=1.1877
        [Trial 1] gen  460  evals=22080  best=1.1876
        [Trial 1] gen  480  evals=23040  best=1.1870
        [Trial 1] gen  500  evals=24000  best=1.1870
        [Trial 1] gen  520  evals=24960  best=1.1870
        [Trial 1] gen  540  evals=25920  best=1.1870
        [Done] Trial 1 best=1.1870
    --> Trial 2 | pop=58 seed=15943 x0_norm_min=-0.344 x0_norm_max=0.824
        [Trial 2] gen   20  evals= 1160  best=1.3610
        [Trial 2] gen   40  evals= 2320  best=1.2450
        [Trial 2] gen   60  evals= 3480  best=1.2409
        [Trial 2] gen   80  evals= 4640  best=1.1978
        [Trial 2] gen  100  evals= 5800  best=1.1978
        [Trial 2] gen  120  evals= 6960  best=1.1978
        [Trial 2] gen  140  evals= 8120  best=1.1978
        [Trial 2] gen  160  evals= 9280  best=1.1948
        [Trial 2] gen  180  evals=10440  best=1.1886
        [Trial 2] gen  200  evals=11600  best=1.1885
        [Trial 2] gen  220  evals=12760  best=1.1876
        [Trial 2] gen  240  evals=13920  best=1.1863
        [Trial 2] gen  260  evals=15080  best=1.1863
        [Trial 2] gen  280  evals=16240  best=1.1863
        [Trial 2] gen  300  evals=17400  best=1.1863
        [Trial 2] gen  320  evals=18560  best=1.1863
        [Trial 2] gen  340  evals=19720  best=1.1863
        [Trial 2] gen  360  evals=20880  best=1.1863
        [Trial 2] gen  380  evals=22040  best=1.1863
        [Trial 2] gen  400  evals=23200  best=1.1863
        [Trial 2] gen  420  evals=24360  best=1.1863
        [Trial 2] gen  440  evals=25520  best=1.1863
        [Trial 2] gen  460  evals=26680  best=1.1863
        [Done] Trial 2 best=1.1863
    --> Trial 3 | pop=49 seed=90601 x0_norm_min=-0.797 x0_norm_max=0.622
        [Pruned] Trial 3 at gen 15 (loss=1.4578)
    --> Trial 4 | pop=44 seed=27680 x0_norm_min=-0.947 x0_norm_max=0.785
        [Pruned] Trial 4 at gen 15 (loss=1.4259)
    --> Trial 5 | pop=46 seed=92443 x0_norm_min=-0.748 x0_norm_max=0.981
        [Pruned] Trial 5 at gen 15 (loss=1.4473)
    --> Trial 6 | pop=54 seed=7699 x0_norm_min=-0.929 x0_norm_max=0.732
        [Pruned] Trial 6 at gen 15 (loss=1.4223)
    --> Trial 7 | pop=59 seed=27760 x0_norm_min=-0.779 x0_norm_max=0.922
        [Trial 7] gen   20  evals= 1180  best=1.3238
        [Trial 7] gen   40  evals= 2360  best=1.2566
        [Pruned] Trial 7 at gen 45 (loss=1.2566)
    --> Trial 8 | pop=41 seed=31429 x0_norm_min=-0.814 x0_norm_max=0.843
        [Pruned] Trial 8 at gen 15 (loss=1.4649)
    --> Trial 9 | pop=43 seed=27551 x0_norm_min=-0.955 x0_norm_max=0.770
        [Pruned] Trial 9 at gen 15 (loss=1.4949)
    --> Trial 10 | pop=30 seed=53786 x0_norm_min=-0.841 x0_norm_max=0.672
        [Pruned] Trial 10 at gen 15 (loss=1.4909)
    --> Trial 11 | pop=58 seed=2795 x0_norm_min=-0.781 x0_norm_max=0.859
        [Trial 11] gen   20  evals= 1160  best=1.3544
        [Trial 11] gen   40  evals= 2320  best=1.2486
        [Pruned] Trial 11 at gen 45 (loss=1.2486)
    --> Trial 12 | pop=52 seed=52115 x0_norm_min=-0.402 x0_norm_max=0.428
        [Pruned] Trial 12 at gen 15 (loss=1.4431)
    --> Trial 13 | pop=38 seed=8629 x0_norm_min=-0.863 x0_norm_max=0.955
        [Pruned] Trial 13 at gen 15 (loss=1.4178)
    --> Trial 14 | pop=54 seed=47091 x0_norm_min=-0.897 x0_norm_max=-0.091
        [Trial 14] gen   20  evals= 1080  best=1.3478
        [Trial 14] gen   40  evals= 2160  best=1.1882
        [Trial 14] gen   60  evals= 3240  best=1.0561
        [Trial 14] gen   80  evals= 4320  best=1.0141
        [Trial 14] gen  100  evals= 5400  best=1.0141
        [Trial 14] gen  120  evals= 6480  best=1.0141
        [Trial 14] gen  140  evals= 7560  best=1.0141
        [Trial 14] gen  160  evals= 8640  best=1.0076
        [Trial 14] gen  180  evals= 9720  best=1.0055
        [Trial 14] gen  200  evals=10800  best=1.0055
        [Trial 14] gen  220  evals=11880  best=1.0055
        [Trial 14] gen  240  evals=12960  best=1.0031
        [Trial 14] gen  260  evals=14040  best=1.0009
        [Trial 14] gen  280  evals=15120  best=1.0009
        [Trial 14] gen  300  evals=16200  best=1.0005
        [Trial 14] gen  320  evals=17280  best=1.0002
        [Trial 14] gen  340  evals=18360  best=1.0001
        [Trial 14] gen  360  evals=19440  best=0.9992
        [Trial 14] gen  380  evals=20520  best=0.9992
        [Trial 14] gen  400  evals=21600  best=0.9992
        [Trial 14] gen  420  evals=22680  best=0.9992
        [Trial 14] gen  440  evals=23760  best=0.9988
        [Trial 14] gen  460  evals=24840  best=0.9985
        [Trial 14] gen  480  evals=25920  best=0.9985
        [Trial 14] gen  500  evals=27000  best=0.9984
        [Trial 14] gen  520  evals=28080  best=0.9984
        [Trial 14] gen  540  evals=29160  best=0.9984
        [Done] Trial 14 best=0.9984
    --> Trial 15 | pop=56 seed=52314 x0_norm_min=-0.690 x0_norm_max=0.990
        [Pruned] Trial 15 at gen 15 (loss=1.4654)
    --> Trial 16 | pop=60 seed=72776 x0_norm_min=-0.776 x0_norm_max=0.982
        [Pruned] Trial 16 at gen 15 (loss=1.4193)
    --> Trial 17 | pop=53 seed=43151 x0_norm_min=-0.863 x0_norm_max=0.835
        [Trial 17] gen   20  evals= 1060  best=1.3347/home/bhpark3/dafxenv/lib/python3.12/site-packages/cma/utilities/utils.py:369: UserWarning: 
        geno-pheno transformation introduced based on the
        current covariance matrix with condition 1.0e+12 -> 1.0e+00,
        injected solutions become "invalid" in this iteration (time=Jul 12 15:57:36 2026 class=CMAEvolutionStrategy method=alleviate_conditioning iteration=475)
  warnings.warn(msg + ' (time={}'.format(time.asctime()[4:]) +

        [Trial 17] gen   40  evals= 2120  best=1.2878
        [Pruned] Trial 17 at gen 45 (loss=1.2735)
    --> Trial 18 | pop=51 seed=69305 x0_norm_min=-0.933 x0_norm_max=0.907
        [Pruned] Trial 18 at gen 15 (loss=1.4737)
    --> Trial 19 | pop=55 seed=67696 x0_norm_min=-0.948 x0_norm_max=0.822
        [Pruned] Trial 19 at gen 15 (loss=1.4891)

  Winner: Trial 14, loss=0.998408 (1312s)
    Restarts run: 20
    mu: 65.860916
    D_mu: 6.898049
    T0_mu: 4.139597
    Ly: 1.465220
    op_x: 0.581305
    op_y: 0.840998
    NMSE: 0.036108
  [Saved] random_IR_0012

============================================================
[13/50] random_IR_0013.npz
  GT loss: 1.193603
  terrain_mean=2.353848  early_threshold=1.204625  (alpha=0.0095)
    --> Trial 0 | pop=36 seed=58404 x0_norm_min=-0.944 x0_norm_max=0.730
        [Trial 0] gen   20  evals=  720  best=1.8035
        [Trial 0] gen   40  evals= 1440  best=1.7602
        [Trial 0] gen   60  evals= 2160  best=1.6723
        [Trial 0] gen   80  evals= 2880  best=1.6123
        [Trial 0] gen  100  evals= 3600  best=1.5923
        [Trial 0] gen  120  evals= 4320  best=1.5821
        [Trial 0] gen  140  evals= 5040  best=1.5745
        [Trial 0] gen  160  evals= 5760  best=1.5553
        [Trial 0] gen  180  evals= 6480  best=1.5475
        [Trial 0] gen  200  evals= 7200  best=1.5343
        [Trial 0] gen  220  evals= 7920  best=1.5304
        [Trial 0] gen  240  evals= 8640  best=1.5160
        [Trial 0] gen  260  evals= 9360  best=1.5129
        [Trial 0] gen  280  evals=10080  best=1.5125
        [Trial 0] gen  300  evals=10800  best=1.5123
        [Trial 0] gen  320  evals=11520  best=1.5123
        [Trial 0] gen  340  evals=12240  best=1.5123
        [Trial 0] gen  360  evals=12960  best=1.5112
        [Trial 0] gen  380  evals=13680  best=1.5112
        [Trial 0] gen  400  evals=14400  best=1.5111
        [Trial 0] gen  420  evals=15120  best=1.5111
        [Trial 0] gen  440  evals=15840  best=1.5111
        [Trial 0] gen  460  evals=16560  best=1.5111
        [Trial 0] gen  480  evals=17280  best=1.5111
        [Trial 0] gen  500  evals=18000  best=1.5111
        [Trial 0] gen  520  evals=18720  best=1.5111
        [Trial 0] gen  540  evals=19440  best=1.5111
        [Trial 0] gen  560  evals=20160  best=1.5109
        [Trial 0] gen  580  evals=20880  best=1.5109
        [Trial 0] gen  600  evals=21600  best=1.5109
        [Trial 0] gen  620  evals=22320  best=1.5109
        [Trial 0] gen  640  evals=23040  best=1.5109
        [Trial 0] gen  660  evals=23760  best=1.5109
        [Trial 0] gen  680  evals=24480  best=1.5109
        [Trial 0] gen  700  evals=25200  best=1.5109
        [Trial 0] gen  720  evals=25920  best=1.5107
        [Trial 0] gen  740  evals=26640  best=1.5107
        [Trial 0] gen  760  evals=27360  best=1.5107
        [Done] Trial 0 best=1.5107
    --> Trial 1 | pop=33 seed=18921 x0_norm_min=-0.937 x0_norm_max=0.907
        [Trial 1] gen   20  evals=  660  best=1.8243
        [Trial 1] gen   40  evals= 1320  best=1.6380
        [Trial 1] gen   60  evals= 1980  best=1.6095
        [Trial 1] gen   80  evals= 2640  best=1.5991
        [Trial 1] gen  100  evals= 3300  best=1.5878
        [Trial 1] gen  120  evals= 3960  best=1.5647
        [Trial 1] gen  140  evals= 4620  best=1.5567
        [Trial 1] gen  160  evals= 5280  best=1.5567
        [Trial 1] gen  180  evals= 5940  best=1.5190
        [Trial 1] gen  200  evals= 6600  best=1.4952
        [Trial 1] gen  220  evals= 7260  best=1.4859
        [Trial 1] gen  240  evals= 7920  best=1.4831
        [Trial 1] gen  260  evals= 8580  best=1.4799
NOTE (module=cma, iteration=277):  
condition in coordinate system exceeded 1.0e+08, rescaled to 1.0e+00, 
condition changed from 1.0e+09 to 1.1e+09
        [Trial 1] gen  280  evals= 9240  best=1.4799
        [Trial 1] gen  300  evals= 9900  best=1.4791
        [Trial 1] gen  320  evals=10560  best=1.4784
        [Trial 1] gen  340  evals=11220  best=1.4784
        [Trial 1] gen  360  evals=11880  best=1.4776
        [Trial 1] gen  380  evals=12540  best=1.4776
        [Trial 1] gen  400  evals=13200  best=1.4776
        [Trial 1] gen  420  evals=13860  best=1.4776
        [Trial 1] gen  440  evals=14520  best=1.4775
        [Trial 1] gen  460  evals=15180  best=1.4775
        [Trial 1] gen  480  evals=15840  best=1.4775
        [Trial 1] gen  500  evals=16500  best=1.4775
        [Trial 1] gen  520  evals=17160  best=1.4775
        [Trial 1] gen  540  evals=17820  best=1.4775
        [Done] Trial 1 best=1.4775
    --> Trial 2 | pop=38 seed=64218 x0_norm_min=-0.344 x0_norm_max=0.824
        [Trial 2] gen   20  evals=  760  best=1.7267
        [Trial 2] gen   40  evals= 1520  best=1.6869
        [Pruned] Trial 2 at gen 45 (loss=1.6869)
    --> Trial 3 | pop=41 seed=6070 x0_norm_min=-0.797 x0_norm_max=0.622
        [Pruned] Trial 3 at gen 15 (loss=1.8368)
    --> Trial 4 | pop=38 seed=94991 x0_norm_min=-0.947 x0_norm_max=0.785
        [Pruned] Trial 4 at gen 15 (loss=1.8083)
    --> Trial 5 | pop=40 seed=20535 x0_norm_min=-0.748 x0_norm_max=0.981
        [Pruned] Trial 5 at gen 15 (loss=1.8149)
    --> Trial 6 | pop=41 seed=65612 x0_norm_min=-0.929 x0_norm_max=0.732
        [Trial 6] gen   20  evals=  820  best=1.7254
        [Trial 6] gen   40  evals= 1640  best=1.6371
        [Pruned] Trial 6 at gen 45 (loss=1.6371)
    --> Trial 7 | pop=43 seed=82855 x0_norm_min=-0.779 x0_norm_max=0.922
        [Pruned] Trial 7 at gen 15 (loss=1.8058)
    --> Trial 8 | pop=45 seed=66237 x0_norm_min=-0.814 x0_norm_max=0.843
        [Trial 8] gen   20  evals=  900  best=1.7757
        [Trial 8] gen   40  evals= 1800  best=1.6753
        [Pruned] Trial 8 at gen 45 (loss=1.6468)
    --> Trial 9 | pop=53 seed=62133 x0_norm_min=-0.955 x0_norm_max=0.770
        [Trial 9] gen   20  evals= 1060  best=1.7358
        [Trial 9] gen   40  evals= 2120  best=1.6934
        [Pruned] Trial 9 at gen 45 (loss=1.6575)
    --> Trial 10 | pop=60 seed=29403 x0_norm_min=-0.841 x0_norm_max=0.672
        [Trial 10] gen   20  evals= 1200  best=1.6887
        [Trial 10] gen   40  evals= 2400  best=1.6887
        [Pruned] Trial 10 at gen 45 (loss=1.6887)
    --> Trial 11 | pop=30 seed=39468 x0_norm_min=-0.781 x0_norm_max=0.859
        [Trial 11] gen   20  evals=  600  best=1.7309
        [Trial 11] gen   40  evals= 1200  best=1.6257
        [Trial 11] gen   60  evals= 1800  best=1.6252
        [Trial 11] gen   80  evals= 2400  best=1.6112
        [Trial 11] gen  100  evals= 3000  best=1.5974
        [Trial 11] gen  120  evals= 3600  best=1.5950
        [Pruned] Trial 11 at gen 135 (loss=1.5905)
    --> Trial 12 | pop=30 seed=45359 x0_norm_min=-0.402 x0_norm_max=0.428
        [Pruned] Trial 12 at gen 15 (loss=1.8345)
    --> Trial 13 | pop=34 seed=4100 x0_norm_min=-0.863 x0_norm_max=0.955
        [Trial 13] gen   20  evals=  680  best=1.6221
        [Trial 13] gen   40  evals= 1360  best=1.6221
        [Trial 13] gen   60  evals= 2040  best=1.6221
        [Trial 13] gen   80  evals= 2720  best=1.5775
        [Trial 13] gen  100  evals= 3400  best=1.5587
        [Trial 13] gen  120  evals= 4080  best=1.5436
        [Trial 13] gen  140  evals= 4760  best=1.5276
        [Trial 13] gen  160  evals= 5440  best=1.5207
        [Trial 13] gen  180  evals= 6120  best=1.5143
        [Trial 13] gen  200  evals= 6800  best=1.5122
        [Trial 13] gen  220  evals= 7480  best=1.5062
        [Trial 13] gen  240  evals= 8160  best=1.5032
        [Trial 13] gen  260  evals= 8840  best=1.4998
        [Trial 13] gen  280  evals= 9520  best=1.4994
        [Trial 13] gen  300  evals=10200  best=1.4992
        [Trial 13] gen  320  evals=10880  best=1.4992
        [Trial 13] gen  340  evals=11560  best=1.4981
        [Trial 13] gen  360  evals=12240  best=1.4981
        [Trial 13] gen  380  evals=12920  best=1.4981
        [Trial 13] gen  400  evals=13600  best=1.4981
        [Pruned] Trial 13 at gen 405 (loss=1.4981)
    --> Trial 14 | pop=34 seed=48394 x0_norm_min=-0.897 x0_norm_max=-0.091
        [Pruned] Trial 14 at gen 15 (loss=1.7507)
    --> Trial 15 | pop=47 seed=20469 x0_norm_min=-0.690 x0_norm_max=0.990
        [Pruned] Trial 15 at gen 15 (loss=1.8145)
    --> Trial 16 | pop=34 seed=81128 x0_norm_min=-0.776 x0_norm_max=0.982
        [Pruned] Trial 16 at gen 15 (loss=1.7341)
    --> Trial 17 | pop=49 seed=28347 x0_norm_min=-0.863 x0_norm_max=0.835
        [Pruned] Trial 17 at gen 15 (loss=1.7981)
    --> Trial 18 | pop=36 seed=15383 x0_norm_min=-0.933 x0_norm_max=0.907
        [Pruned] Trial 18 at gen 15 (loss=1.8617)
    --> Trial 19 | pop=32 seed=52738 x0_norm_min=-0.948 x0_norm_max=0.822
        [Pruned] Trial 19 at gen 15 (loss=1.8084)

  Winner: Trial 1, loss=1.477518 (601s)
    Restarts run: 20
    mu: 60.681587
    D_mu: 14.147224
    T0_mu: 10.160321
    Ly: 1.953695
    op_x: 0.846994
    op_y: 0.750871
    NMSE: 0.071499
  [Saved] random_IR_0013

============================================================
[14/50] random_IR_0014.npz
  GT loss: 0.755323
  terrain_mean=2.322007  early_threshold=0.770206  (alpha=0.0095)
    --> Trial 0 | pop=56 seed=29148 x0_norm_min=-0.944 x0_norm_max=0.730
        [Trial 0] gen   20  evals= 1120  best=1.4147
        [Trial 0] gen   40  evals= 2240  best=1.3764
        [Trial 0] gen   60  evals= 3360  best=1.3310
        [Trial 0] gen   80  evals= 4480  best=1.3310
        [Trial 0] gen  100  evals= 5600  best=1.3310
        [Trial 0] gen  120  evals= 6720  best=1.3310
        [Trial 0] gen  140  evals= 7840  best=1.3214
        [Trial 0] gen  160  evals= 8960  best=1.3115
        [Trial 0] gen  180  evals=10080  best=1.3069
        [Trial 0] gen  200  evals=11200  best=1.3065
        [Trial 0] gen  220  evals=12320  best=1.3034
        [Trial 0] gen  240  evals=13440  best=1.3034
        [Trial 0] gen  260  evals=14560  best=1.3034
        [Trial 0] gen  280  evals=15680  best=1.3028
        [Trial 0] gen  300  evals=16800  best=1.3028
        [Trial 0] gen  320  evals=17920  best=1.3028
        [Trial 0] gen  340  evals=19040  best=1.3028
        [Trial 0] gen  360  evals=20160  best=1.3027
        [Trial 0] gen  380  evals=21280  best=1.3027
        [Trial 0] gen  400  evals=22400  best=1.3022
        [Trial 0] gen  420  evals=23520  best=1.3022
        [Trial 0] gen  440  evals=24640  best=1.3022
        [Trial 0] gen  460  evals=25760  best=1.3022
        [TRIAL TIMEOUT] Trial 0 total >600s, stopping
        [Done] Trial 0 best=1.3022
    --> Trial 1 | pop=42 seed=29876 x0_norm_min=-0.937 x0_norm_max=0.907
        [Pruned] Trial 1 at gen 15 (loss=1.5603)
    --> Trial 2 | pop=38 seed=28604 x0_norm_min=-0.344 x0_norm_max=0.824
        [Pruned] Trial 2 at gen 15 (loss=1.5716)
    --> Trial 3 | pop=35 seed=69520 x0_norm_min=-0.797 x0_norm_max=0.622
        [Trial 3] gen   20  evals=  700  best=1.4069
        [Trial 3] gen   40  evals= 1400  best=1.4069
        [Pruned] Trial 3 at gen 45 (loss=1.4024)
    --> Trial 4 | pop=31 seed=75091 x0_norm_min=-0.947 x0_norm_max=0.785
        [Pruned] Trial 4 at gen 15 (loss=1.4826)
    --> Trial 5 | pop=55 seed=37663 x0_norm_min=-0.748 x0_norm_max=0.981
        [Pruned] Trial 5 at gen 15 (loss=1.4857)
    --> Trial 6 | pop=58 seed=79053 x0_norm_min=-0.929 x0_norm_max=0.732
        [Pruned] Trial 6 at gen 15 (loss=1.4780)
    --> Trial 7 | pop=54 seed=93836 x0_norm_min=-0.779 x0_norm_max=0.922
        [Pruned] Trial 7 at gen 15 (loss=1.5394)
    --> Trial 8 | pop=59 seed=14265 x0_norm_min=-0.814 x0_norm_max=0.843
        [Trial 8] gen   20  evals= 1180  best=1.3911
        [Trial 8] gen   40  evals= 2360  best=1.3494
        [Trial 8] gen   60  evals= 3540  best=1.3298
        [Trial 8] gen   80  evals= 4720  best=1.2882
        [Trial 8] gen  100  evals= 5900  best=1.2021
        [Trial 8] gen  120  evals= 7080  best=1.1866
        [Trial 8] gen  140  evals= 8260  best=1.1831
        [Trial 8] gen  160  evals= 9440  best=1.1778
        [Trial 8] gen  180  evals=10620  best=1.1757
        [Trial 8] gen  200  evals=11800  best=1.1745
        [Trial 8] gen  220  evals=12980  best=1.1735
        [Trial 8] gen  240  evals=14160  best=1.1733
        [Trial 8] gen  260  evals=15340  best=1.1714
        [Trial 8] gen  280  evals=16520  best=1.1702
        [Trial 8] gen  300  evals=17700  best=1.1702
        [Trial 8] gen  320  evals=18880  best=1.1702
        [Trial 8] gen  340  evals=20060  best=1.1702
        [Trial 8] gen  360  evals=21240  best=1.1702
        [Trial 8] gen  380  evals=22420  best=1.1702
        [Trial 8] gen  400  evals=23600  best=1.1702
        [Trial 8] gen  420  evals=24780  best=1.1702
        [TRIAL TIMEOUT] Trial 8 total >600s, stopping
        [Done] Trial 8 best=1.1702
    --> Trial 9 | pop=34 seed=12532 x0_norm_min=-0.955 x0_norm_max=0.770
        [Pruned] Trial 9 at gen 15 (loss=1.4506)
    --> Trial 10 | pop=48 seed=57729 x0_norm_min=-0.841 x0_norm_max=0.672
        [Trial 10] gen   20  evals=  960  best=1.4059
        [Trial 10] gen   40  evals= 1920  best=1.2857
        [Trial 10] gen   60  evals= 2880  best=1.1325
        [Trial 10] gen   80  evals= 3840  best=1.0947
        [Trial 10] gen  100  evals= 4800  best=0.8733
        [Trial 10] gen  120  evals= 5760  best=0.7614
        [Trial 10] gen  140  evals= 6720  best=0.7489
        [Trial 10] gen  160  evals= 7680  best=0.7450
        [Trial 10] gen  180  evals= 8640  best=0.7433
        [Trial 10] gen  200  evals= 9600  best=0.7427
        [Trial 10] gen  220  evals=10560  best=0.7427
        [Trial 10] gen  240  evals=11520  best=0.7418
        [Trial 10] gen  260  evals=12480  best=0.7418
        [Trial 10] gen  280  evals=13440  best=0.7411
        [Trial 10] gen  300  evals=14400  best=0.7392
        [Trial 10] gen  320  evals=15360  best=0.7368
        [Trial 10] gen  340  evals=16320  best=0.7349
        [Trial 10] gen  360  evals=17280  best=0.7349
        [Trial 10] gen  380  evals=18240  best=0.7349
        [Trial 10] gen  400  evals=19200  best=0.7349
        [Trial 10] gen  420  evals=20160  best=0.7349
        [Trial 10] gen  440  evals=21120  best=0.7349
        [Trial 10] gen  460  evals=22080  best=0.7349
        [Trial 10] gen  480  evals=23040  best=0.7349
        [Trial 10] gen  500  evals=24000  best=0.7349
        [TRIAL TIMEOUT] Trial 10 total >600s, stopping
        [Done] Trial 10 best=0.7349
    --> Early stop triggered: trial 10 reached loss=0.734926 < 0.770206

  Winner: Trial 10, loss=0.734926 (1913s)
    Restarts run: 11
    mu: 14.901010
    D_mu: 2.503677
    T0_mu: 59.615325
    Ly: 3.035565
    op_x: 0.797390
    op_y: 0.519864
    NMSE: 0.000129
  [Saved] random_IR_0014

============================================================
[15/50] random_IR_0015.npz
  GT loss: 1.399796
  terrain_mean=2.838940  early_threshold=1.413468  (alpha=0.0095)
    --> Trial 0 | pop=48 seed=20878 x0_norm_min=-0.944 x0_norm_max=0.730
        [Trial 0] gen   20  evals=  960  best=2.1128
        [Trial 0] gen   40  evals= 1920  best=1.9861
        [Trial 0] gen   60  evals= 2880  best=1.9861
        [Trial 0] gen   80  evals= 3840  best=1.9861
        [Trial 0] gen  100  evals= 4800  best=1.9861
        [Trial 0] gen  120  evals= 5760  best=1.9861
        [Trial 0] gen  140  evals= 6720  best=1.9861
        [Trial 0] gen  160  evals= 7680  best=1.9379
        [Trial 0] gen  180  evals= 8640  best=1.9324
        [Trial 0] gen  200  evals= 9600  best=1.9192
        [Trial 0] gen  220  evals=10560  best=1.9145
        [Trial 0] gen  240  evals=11520  best=1.9112
        [Trial 0] gen  260  evals=12480  best=1.9112
        [Trial 0] gen  280  evals=13440  best=1.9112
        [Trial 0] gen  300  evals=14400  best=1.9058
        [Trial 0] gen  320  evals=15360  best=1.9058
        [Trial 0] gen  340  evals=16320  best=1.9058
        [Trial 0] gen  360  evals=17280  best=1.9058
        [Trial 0] gen  380  evals=18240  best=1.9058
        [Trial 0] gen  400  evals=19200  best=1.9058
        [Trial 0] gen  420  evals=20160  best=1.9058
        [Trial 0] gen  440  evals=21120  best=1.9058
        [Trial 0] gen  460  evals=22080  best=1.9058
        [Trial 0] gen  480  evals=23040  best=1.9058
        [Trial 0] gen  500  evals=24000  best=1.9058
        [Trial 0] gen  520  evals=24960  best=1.9058
NOTE (module=cma, iteration=536):  
condition in coordinate system exceeded 1.2e+08, rescaled to 1.0e+00, 
condition changed from 8.7e+10 to 1.2e+11/home/bhpark3/dafxenv/lib/python3.12/site-packages/cma/utilities/utils.py:369: UserWarning: 
        geno-pheno transformation introduced based on the
        current covariance matrix with condition 1.0e+12 -> 1.0e+00,
        injected solutions become "invalid" in this iteration (time=Jul 12 16:48:26 2026 class=CMAEvolutionStrategy method=alleviate_conditioning iteration=364)
  warnings.warn(msg + ' (time={}'.format(time.asctime()[4:]) +

        [Trial 0] gen  540  evals=25920  best=1.9058
        [Trial 0] gen  560  evals=26880  best=1.9058
        [Trial 0] gen  580  evals=27840  best=1.9058
        [Trial 0] gen  600  evals=28800  best=1.9058
        [Trial 0] gen  620  evals=29760  best=1.9058
        [Done] Trial 0 best=1.9058
    --> Trial 1 | pop=33 seed=2353 x0_norm_min=-0.937 x0_norm_max=0.907
        [Pruned] Trial 1 at gen 15 (loss=2.2308)
    --> Trial 2 | pop=42 seed=27056 x0_norm_min=-0.344 x0_norm_max=0.824
        [Pruned] Trial 2 at gen 15 (loss=2.1806)
    --> Trial 3 | pop=36 seed=90010 x0_norm_min=-0.797 x0_norm_max=0.622
        [Pruned] Trial 3 at gen 15 (loss=2.2099)
    --> Trial 4 | pop=34 seed=43281 x0_norm_min=-0.947 x0_norm_max=0.785
        [Pruned] Trial 4 at gen 15 (loss=2.1907)
    --> Trial 5 | pop=32 seed=41412 x0_norm_min=-0.748 x0_norm_max=0.981
        [Pruned] Trial 5 at gen 15 (loss=2.1901)
    --> Trial 6 | pop=43 seed=14114 x0_norm_min=-0.929 x0_norm_max=0.732
        [Trial 6] gen   20  evals=  860  best=2.1722
        [Trial 6] gen   40  evals= 1720  best=2.1340
        [Pruned] Trial 6 at gen 45 (loss=2.1340)
    --> Trial 7 | pop=60 seed=26555 x0_norm_min=-0.779 x0_norm_max=0.922
        [Trial 7] gen   20  evals= 1200  best=2.1191
        [Trial 7] gen   40  evals= 2400  best=2.0404
        [Pruned] Trial 7 at gen 45 (loss=2.0404)
    --> Trial 8 | pop=41 seed=24724 x0_norm_min=-0.814 x0_norm_max=0.843
        [Trial 8] gen   20  evals=  820  best=2.0312
        [Trial 8] gen   40  evals= 1640  best=2.0312
        [Pruned] Trial 8 at gen 45 (loss=2.0312)
    --> Trial 9 | pop=38 seed=21206 x0_norm_min=-0.955 x0_norm_max=0.770
        [Pruned] Trial 9 at gen 15 (loss=2.1698)
    --> Trial 10 | pop=51 seed=84883 x0_norm_min=-0.841 x0_norm_max=0.672
        [Trial 10] gen   20  evals= 1020  best=2.1125
        [Trial 10] gen   40  evals= 2040  best=2.0811
        [Pruned] Trial 10 at gen 45 (loss=2.0149)
    --> Trial 11 | pop=51 seed=84365 x0_norm_min=-0.781 x0_norm_max=0.859
        [Trial 11] gen   20  evals= 1020  best=2.0524
        [Trial 11] gen   40  evals= 2040  best=2.0524
        [Pruned] Trial 11 at gen 45 (loss=2.0524)
    --> Trial 12 | pop=50 seed=69358 x0_norm_min=-0.402 x0_norm_max=0.428
        [Trial 12] gen   20  evals= 1000  best=2.0967
        [Trial 12] gen   40  evals= 2000  best=2.0967
        [Pruned] Trial 12 at gen 45 (loss=2.0967)
    --> Trial 13 | pop=51 seed=63412 x0_norm_min=-0.863 x0_norm_max=0.955
        [Pruned] Trial 13 at gen 15 (loss=2.1206)
    --> Trial 14 | pop=56 seed=53861 x0_norm_min=-0.897 x0_norm_max=-0.091
        [Trial 14] gen   20  evals= 1120  best=2.0766
        [Trial 14] gen   40  evals= 2240  best=2.0672
        [Trial 14] gen   60  evals= 3360  best=1.9779
        [Trial 14] gen   80  evals= 4480  best=1.9779
        [Trial 14] gen  100  evals= 5600  best=1.9635
        [Trial 14] gen  120  evals= 6720  best=1.9627
        [Trial 14] gen  140  evals= 7840  best=1.9422
        [Trial 14] gen  160  evals= 8960  best=1.9422
        [Trial 14] gen  180  evals=10080  best=1.9291
        [Trial 14] gen  200  evals=11200  best=1.9207
        [Trial 14] gen  220  evals=12320  best=1.9189
        [Trial 14] gen  240  evals=13440  best=1.9189
        [Trial 14] gen  260  evals=14560  best=1.9167
        [Trial 14] gen  280  evals=15680  best=1.9167
NOTE (module=cma, iteration=295):  
condition in coordinate system exceeded 1.0e+08, rescaled to 1.0e+00, 
condition changed from 2.2e+09 to 7.5e+08
        [Trial 14] gen  300  evals=16800  best=1.9167
        [Trial 14] gen  320  evals=17920  best=1.9167
        [Trial 14] gen  340  evals=19040  best=1.9167
        [Trial 14] gen  360  evals=20160  best=1.9167
        [Trial 14] gen  380  evals=21280  best=1.9167
        [Trial 14] gen  400  evals=22400  best=1.9167
        [Pruned] Trial 14 at gen 405 (loss=1.9167)
    --> Trial 15 | pop=58 seed=50312 x0_norm_min=-0.690 x0_norm_max=0.990
        [Pruned] Trial 15 at gen 15 (loss=2.1740)
    --> Trial 16 | pop=46 seed=59052 x0_norm_min=-0.776 x0_norm_max=0.982
        [Pruned] Trial 16 at gen 15 (loss=2.1211)
    --> Trial 17 | pop=56 seed=37009 x0_norm_min=-0.863 x0_norm_max=0.835
        [Pruned] Trial 17 at gen 15 (loss=2.1159)
    --> Trial 18 | pop=54 seed=98624 x0_norm_min=-0.933 x0_norm_max=0.907
        [Pruned] Trial 18 at gen 15 (loss=2.1515)
    --> Trial 19 | pop=46 seed=2460 x0_norm_min=-0.948 x0_norm_max=0.822
        [Pruned] Trial 19 at gen 15 (loss=2.1462)

  Winner: Trial 0, loss=1.905830 (674s)
    Restarts run: 20
    mu: 27.478971
    D_mu: 2.934918
    T0_mu: 12.343698
    Ly: 1.458832
    op_x: 0.688213
    op_y: 0.988990
    NMSE: 0.242927
  [Saved] random_IR_0015

============================================================
[16/50] random_IR_0016.npz
  GT loss: 0.897503
  terrain_mean=2.443401  early_threshold=0.912189  (alpha=0.0095)
    --> Trial 0 | pop=45 seed=88533 x0_norm_min=-0.944 x0_norm_max=0.730
        [Trial 0] gen   20  evals=  900  best=1.7732
        [Trial 0] gen   40  evals= 1800  best=1.7732
        [Trial 0] gen   60  evals= 2700  best=1.7623
        [Trial 0] gen   80  evals= 3600  best=1.7623
        [Trial 0] gen  100  evals= 4500  best=1.7623
        [Trial 0] gen  120  evals= 5400  best=1.7379
        [Trial 0] gen  140  evals= 6300  best=1.6882
        [Trial 0] gen  160  evals= 7200  best=1.6619
        [Trial 0] gen  180  evals= 8100  best=1.6503
        [Trial 0] gen  200  evals= 9000  best=1.6411
        [Trial 0] gen  220  evals= 9900  best=1.6351
        [Trial 0] gen  240  evals=10800  best=1.6192
        [Trial 0] gen  260  evals=11700  best=1.6108
        [Trial 0] gen  280  evals=12600  best=1.6094
        [Trial 0] gen  300  evals=13500  best=1.6067
        [Trial 0] gen  320  evals=14400  best=1.6053
        [Trial 0] gen  340  evals=15300  best=1.6048
        [Trial 0] gen  360  evals=16200  best=1.6047
        [Trial 0] gen  380  evals=17100  best=1.6041
        [Trial 0] gen  400  evals=18000  best=1.6035
        [Trial 0] gen  420  evals=18900  best=1.6032
        [Trial 0] gen  440  evals=19800  best=1.6032
        [Trial 0] gen  460  evals=20700  best=1.6032
        [Trial 0] gen  480  evals=21600  best=1.6032
        [Trial 0] gen  500  evals=22500  best=1.6032
        [Done] Trial 0 best=1.6032
    --> Trial 1 | pop=37 seed=382 x0_norm_min=-0.937 x0_norm_max=0.907
        [Pruned] Trial 1 at gen 15 (loss=1.8070)
    --> Trial 2 | pop=31 seed=30608 x0_norm_min=-0.344 x0_norm_max=0.824
        [Pruned] Trial 2 at gen 15 (loss=1.8152)
    --> Trial 3 | pop=38 seed=86267 x0_norm_min=-0.797 x0_norm_max=0.622
        [Pruned] Trial 3 at gen 15 (loss=1.8088)
    --> Trial 4 | pop=44 seed=42007 x0_norm_min=-0.947 x0_norm_max=0.785
        [Trial 4] gen   20  evals=  880  best=1.7708
        [Trial 4] gen   40  evals= 1760  best=1.7668
        [Trial 4] gen   60  evals= 2640  best=1.6759
        [Trial 4] gen   80  evals= 3520  best=1.6434
        [Trial 4] gen  100  evals= 4400  best=1.6434
        [Trial 4] gen  120  evals= 5280  best=1.6296
        [Trial 4] gen  140  evals= 6160  best=1.6278
        [Trial 4] gen  160  evals= 7040  best=1.5924
        [Trial 4] gen  180  evals= 7920  best=1.5835
        [Trial 4] gen  200  evals= 8800  best=1.5756
        [Trial 4] gen  220  evals= 9680  best=1.5756
        [Trial 4] gen  240  evals=10560  best=1.5756
        [Trial 4] gen  260  evals=11440  best=1.5747
        [Trial 4] gen  280  evals=12320  best=1.5747
        [Trial 4] gen  300  evals=13200  best=1.5741
        [Trial 4] gen  320  evals=14080  best=1.5741
        [Trial 4] gen  340  evals=14960  best=1.5741
        [Trial 4] gen  360  evals=15840  best=1.5741
        [Trial 4] gen  380  evals=16720  best=1.5741
        [Trial 4] gen  400  evals=17600  best=1.5739
        [Trial 4] gen  420  evals=18480  best=1.5738
        [Trial 4] gen  440  evals=19360  best=1.5738
        [Trial 4] gen  460  evals=20240  best=1.5738
        [Trial 4] gen  480  evals=21120  best=1.5738
        [Trial 4] gen  500  evals=22000  best=1.5738
        [Trial 4] gen  520  evals=22880  best=1.5738
        [Trial 4] gen  540  evals=23760  best=1.5738
        [Done] Trial 4 best=1.5738
    --> Trial 5 | pop=37 seed=74201 x0_norm_min=-0.748 x0_norm_max=0.981
        [Pruned] Trial 5 at gen 15 (loss=1.7828)
    --> Trial 6 | pop=31 seed=6235 x0_norm_min=-0.929 x0_norm_max=0.732
        [Pruned] Trial 6 at gen 15 (loss=1.8881)
    --> Trial 7 | pop=45 seed=44145 x0_norm_min=-0.779 x0_norm_max=0.922
        [Trial 7] gen   20  evals=  900  best=1.7048
        [Trial 7] gen   40  evals= 1800  best=1.6998
        [Pruned] Trial 7 at gen 45 (loss=1.6998)
    --> Trial 8 | pop=37 seed=14094 x0_norm_min=-0.814 x0_norm_max=0.843
        [Pruned] Trial 8 at gen 15 (loss=1.8212)
    --> Trial 9 | pop=49 seed=31470 x0_norm_min=-0.955 x0_norm_max=0.770
        [Pruned] Trial 9 at gen 15 (loss=1.8310)
    --> Trial 10 | pop=60 seed=58968 x0_norm_min=-0.841 x0_norm_max=0.672
        [Trial 10] gen   20  evals= 1200  best=1.6786
        [Trial 10] gen   40  evals= 2400  best=1.6786
        [Trial 10] gen   60  evals= 3600  best=1.6762
        [Trial 10] gen   80  evals= 4800  best=1.6716
        [Trial 10] gen  100  evals= 6000  best=1.6716
        [Trial 10] gen  120  evals= 7200  best=1.6333
        [Pruned] Trial 10 at gen 135 (loss=1.6333)
    --> Trial 11 | pop=48 seed=93795 x0_norm_min=-0.781 x0_norm_max=0.859
        [Pruned] Trial 11 at gen 15 (loss=1.8605)
    --> Trial 12 | pop=44 seed=67662 x0_norm_min=-0.402 x0_norm_max=0.428
        [Trial 12] gen   20  evals=  880  best=1.7144
        [Trial 12] gen   40  evals= 1760  best=1.7144
        [Pruned] Trial 12 at gen 45 (loss=1.7144)
    --> Trial 13 | pop=54 seed=50538 x0_norm_min=-0.863 x0_norm_max=0.955
        [Pruned] Trial 13 at gen 15 (loss=1.8237)
    --> Trial 14 | pop=42 seed=95275 x0_norm_min=-0.897 x0_norm_max=-0.091
        [Pruned] Trial 14 at gen 15 (loss=1.8109)
    --> Trial 15 | pop=54 seed=78452 x0_norm_min=-0.690 x0_norm_max=0.990
        [Trial 15] gen   20  evals= 1080  best=1.7470
        [Trial 15] gen   40  evals= 2160  best=1.7056
        [Pruned] Trial 15 at gen 45 (loss=1.7056)
    --> Trial 16 | pop=51 seed=25366 x0_norm_min=-0.776 x0_norm_max=0.982
        [Pruned] Trial 16 at gen 15 (loss=1.8471)
    --> Trial 17 | pop=41 seed=42003 x0_norm_min=-0.863 x0_norm_max=0.835
        [Pruned] Trial 17 at gen 15 (loss=1.9147)
    --> Trial 18 | pop=47 seed=64679 x0_norm_min=-0.933 x0_norm_max=0.907
        [Pruned] Trial 18 at gen 15 (loss=1.9332)
    --> Trial 19 | pop=53 seed=55222 x0_norm_min=-0.948 x0_norm_max=0.822
        [Pruned] Trial 19 at gen 15 (loss=1.7977)

  Winner: Trial 4, loss=1.573755 (348s)
    Restarts run: 20
    mu: 11.768065
    D_mu: 124.264322
    T0_mu: 30.751678
    Ly: 3.060245
    op_x: 0.751776
    op_y: 0.510006
    NMSE: 0.158014
  [Saved] random_IR_0016

============================================================
[17/50] random_IR_0017.npz
  GT loss: 0.885132
  terrain_mean=2.192848  early_threshold=0.897555  (alpha=0.0095)
    --> Trial 0 | pop=59 seed=89449 x0_norm_min=-0.944 x0_norm_max=0.730
        [Trial 0] gen   20  evals= 1180  best=1.6187
        [Trial 0] gen   40  evals= 2360  best=1.6063
        [Trial 0] gen   60  evals= 3540  best=1.5808
        [Trial 0] gen   80  evals= 4720  best=1.5808
        [Trial 0] gen  100  evals= 5900  best=1.5673
        [Trial 0] gen  120  evals= 7080  best=1.5500
        [Trial 0] gen  140  evals= 8260  best=1.5423
        [Trial 0] gen  160  evals= 9440  best=1.5370
        [Trial 0] gen  180  evals=10620  best=1.5343
        [Trial 0] gen  200  evals=11800  best=1.5338
NOTE (module=cma, iteration=205):  
condition in coordinate system exceeded 1.1e+08, rescaled to 1.0e+00, 
condition changed from 2.1e+09 to 1.3e+07
        [Trial 0] gen  220  evals=12980  best=1.5329
        [Trial 0] gen  240  evals=14160  best=1.5325
        [Trial 0] gen  260  evals=15340  best=1.5323
        [Trial 0] gen  280  evals=16520  best=1.5322
        [Trial 0] gen  300  evals=17700  best=1.5318
        [Trial 0] gen  320  evals=18880  best=1.5318
        [Trial 0] gen  340  evals=20060  best=1.5317
        [Trial 0] gen  360  evals=21240  best=1.5316
        [Trial 0] gen  380  evals=22420  best=1.5316
        [Trial 0] gen  400  evals=23600  best=1.5316
        [Trial 0] gen  420  evals=24780  best=1.5316
        [Trial 0] gen  440  evals=25960  best=1.5314
        [Trial 0] gen  460  evals=27140  best=1.5314
        [Trial 0] gen  480  evals=28320  best=1.5311
        [Trial 0] gen  500  evals=29500  best=1.5306
        [Done] Trial 0 best=1.5306
    --> Trial 1 | pop=40 seed=6062 x0_norm_min=-0.937 x0_norm_max=0.907
        [Pruned] Trial 1 at gen 15 (loss=1.7064)
    --> Trial 2 | pop=33 seed=59723 x0_norm_min=-0.344 x0_norm_max=0.824
        [Trial 2] gen   20  evals=  660  best=1.6360
        [Trial 2] gen   40  evals= 1320  best=1.6360
        [Pruned] Trial 2 at gen 45 (loss=1.6360)
    --> Trial 3 | pop=52 seed=90501 x0_norm_min=-0.797 x0_norm_max=0.622
        [Pruned] Trial 3 at gen 15 (loss=1.6903)
    --> Trial 4 | pop=38 seed=24947 x0_norm_min=-0.947 x0_norm_max=0.785
        [Pruned] Trial 4 at gen 15 (loss=1.6373)
    --> Trial 5 | pop=58 seed=45087 x0_norm_min=-0.748 x0_norm_max=0.981
        [Pruned] Trial 5 at gen 15 (loss=1.6737)
    --> Trial 6 | pop=49 seed=68790 x0_norm_min=-0.929 x0_norm_max=0.732
        [Pruned] Trial 6 at gen 15 (loss=1.6512)
    --> Trial 7 | pop=49 seed=58577 x0_norm_min=-0.779 x0_norm_max=0.922
        [Trial 7] gen   20  evals=  980  best=1.6327
        [Trial 7] gen   40  evals= 1960  best=1.5965
        [Trial 7] gen   60  evals= 2940  best=1.5965
        [Trial 7] gen   80  evals= 3920  best=1.5670
        [Trial 7] gen  100  evals= 4900  best=1.5602
        [Trial 7] gen  120  evals= 5880  best=1.5558
        [Pruned] Trial 7 at gen 135 (loss=1.5491)
    --> Trial 8 | pop=59 seed=11042 x0_norm_min=-0.814 x0_norm_max=0.843
        [Pruned] Trial 8 at gen 15 (loss=1.6894)
    --> Trial 9 | pop=53 seed=5730 x0_norm_min=-0.955 x0_norm_max=0.770
        [Trial 9] gen   20  evals= 1060  best=1.6234
        [Trial 9] gen   40  evals= 2120  best=1.5342
        [Trial 9] gen   60  evals= 3180  best=1.5342
        [Trial 9] gen   80  evals= 4240  best=1.5230
        [Trial 9] gen  100  evals= 5300  best=1.5120
        [Trial 9] gen  120  evals= 6360  best=1.5070
        [Trial 9] gen  140  evals= 7420  best=1.5005
        [Trial 9] gen  160  evals= 8480  best=1.4908
        [Trial 9] gen  180  evals= 9540  best=1.4866
        [Trial 9] gen  200  evals=10600  best=1.4836
        [Trial 9] gen  220  evals=11660  best=1.4836
        [Trial 9] gen  240  evals=12720  best=1.4836
        [Trial 9] gen  260  evals=13780  best=1.4811
        [Trial 9] gen  280  evals=14840  best=1.4804
        [Trial 9] gen  300  evals=15900  best=1.4789
        [Trial 9] gen  320  evals=16960  best=1.4783
        [Trial 9] gen  340  evals=18020  best=1.4776
        [Trial 9] gen  360  evals=19080  best=1.4770
        [Trial 9] gen  380  evals=20140  best=1.4762
        [Trial 9] gen  400  evals=21200  best=1.4762
        [Trial 9] gen  420  evals=22260  best=1.4762
        [Trial 9] gen  440  evals=23320  best=1.4762
        [Trial 9] gen  460  evals=24380  best=1.4761
        [Trial 9] gen  480  evals=25440  best=1.4761
        [Trial 9] gen  500  evals=26500  best=1.4761
        [Trial 9] gen  520  evals=27560  best=1.4761
        [Trial 9] gen  540  evals=28620  best=1.4761
        [Trial 9] gen  560  evals=29680  best=1.4761
        [Done] Trial 9 best=1.4761
    --> Trial 10 | pop=43 seed=32164 x0_norm_min=-0.841 x0_norm_max=0.672
        [Trial 10] gen   20  evals=  860  best=1.6196
        [Trial 10] gen   40  evals= 1720  best=1.6196
        [Pruned] Trial 10 at gen 45 (loss=1.6196)
    --> Trial 11 | pop=54 seed=97500 x0_norm_min=-0.781 x0_norm_max=0.859
        [Pruned] Trial 11 at gen 15 (loss=1.6652)
    --> Trial 12 | pop=60 seed=78100 x0_norm_min=-0.402 x0_norm_max=0.428
        [Pruned] Trial 12 at gen 15 (loss=1.6970)
    --> Trial 13 | pop=54 seed=36166 x0_norm_min=-0.863 x0_norm_max=0.955
        [Pruned] Trial 13 at gen 15 (loss=1.6733)
    --> Trial 14 | pop=46 seed=16302 x0_norm_min=-0.897 x0_norm_max=-0.091
        [Pruned] Trial 14 at gen 15 (loss=1.6570)
    --> Trial 15 | pop=56 seed=48584 x0_norm_min=-0.690 x0_norm_max=0.990
        [Trial 15] gen   20  evals= 1120  best=1.6074
        [Trial 15] gen   40  evals= 2240  best=1.4062
        [Trial 15] gen   60  evals= 3360  best=1.4062
        [Trial 15] gen   80  evals= 4480  best=1.4062
        [Trial 15] gen  100  evals= 5600  best=1.4062
        [Trial 15] gen  120  evals= 6720  best=1.4062
        [Trial 15] gen  140  evals= 7840  best=1.4062
        [Trial 15] gen  160  evals= 8960  best=1.4062
        [Trial 15] gen  180  evals=10080  best=1.4062
        [Trial 15] gen  200  evals=11200  best=1.4062
        [Trial 15] gen  220  evals=12320  best=1.4062
        [Trial 15] gen  240  evals=13440  best=1.4062
        [Trial 15] gen  260  evals=14560  best=1.4062
        [Trial 15] gen  280  evals=15680  best=1.4062
        [Trial 15] gen  300  evals=16800  best=1.4062
        [Trial 15] gen  320  evals=17920  best=1.4062
        [Trial 15] gen  340  evals=19040  best=1.4062
        [Trial 15] gen  360  evals=20160  best=1.4062
        [Trial 15] gen  380  evals=21280  best=1.4062
        [Trial 15] gen  400  evals=22400  best=1.4062
        [Trial 15] gen  420  evals=23520  best=1.4062
        [Trial 15] gen  440  evals=24640  best=1.4062
        [Trial 15] gen  460  evals=25760  best=1.4062
        [Done] Trial 15 best=1.4062
    --> Trial 16 | pop=55 seed=46758 x0_norm_min=-0.776 x0_norm_max=0.982
        [Pruned] Trial 16 at gen 15 (loss=1.6927)
    --> Trial 17 | pop=49 seed=1129 x0_norm_min=-0.863 x0_norm_max=0.835
        [Trial 17] gen   20  evals=  980  best=1.6283
        [Trial 17] gen   40  evals= 1960  best=1.6175
        [Pruned] Trial 17 at gen 45 (loss=1.6175)
    --> Trial 18 | pop=56 seed=19158 x0_norm_min=-0.933 x0_norm_max=0.907
        [Pruned] Trial 18 at gen 15 (loss=1.6988)
    --> Trial 19 | pop=51 seed=43699 x0_norm_min=-0.948 x0_norm_max=0.822
        [Trial 19] gen   20  evals= 1020  best=1.5987
        [Trial 19] gen   40  evals= 2040  best=1.5987
        [Pruned] Trial 19 at gen 45 (loss=1.5987)

  Winner: Trial 15, loss=1.406152 (1203s)
    Restarts run: 20
    mu: 47.917699
    D_mu: 9.198569
    T0_mu: 10.453120
    Ly: 3.127383
    op_x: 0.726955
    op_y: 0.921353
    NMSE: 0.014916
  [Saved] random_IR_0017

============================================================
[18/50] random_IR_0018.npz
  GT loss: 0.768658
  terrain_mean=2.144912  early_threshold=0.781732  (alpha=0.0095)
    --> Trial 0 | pop=45 seed=85429 x0_norm_min=-0.944 x0_norm_max=0.730
        [Trial 0] gen   20  evals=  900  best=1.4438
        [Trial 0] gen   40  evals= 1800  best=1.3056
        [Trial 0] gen   60  evals= 2700  best=1.0707
        [Trial 0] gen   80  evals= 3600  best=0.8385
        [Trial 0] gen  100  evals= 4500  best=0.7594
        [Trial 0] gen  120  evals= 5400  best=0.7418
        [Trial 0] gen  140  evals= 6300  best=0.7367
        [Trial 0] gen  160  evals= 7200  best=0.7305
        [Trial 0] gen  180  evals= 8100  best=0.7265
        [Trial 0] gen  200  evals= 9000  best=0.7265
        [Trial 0] gen  220  evals= 9900  best=0.7257
        [Trial 0] gen  240  evals=10800  best=0.7257
        [Trial 0] gen  260  evals=11700  best=0.7251
        [Trial 0] gen  280  evals=12600  best=0.7250
        [Trial 0] gen  300  evals=13500  best=0.7240
        [Trial 0] gen  320  evals=14400  best=0.7240
        [Trial 0] gen  340  evals=15300  best=0.7231
        [Trial 0] gen  360  evals=16200  best=0.7229
        [Trial 0] gen  380  evals=17100  best=0.7224
        [Trial 0] gen  400  evals=18000  best=0.7224
        [Trial 0] gen  420  evals=18900  best=0.7224
        [Trial 0] gen  440  evals=19800  best=0.7222
NOTE (module=cma, iteration=442):  
condition in coordinate system exceeded 1.3e+08, rescaled to 1.0e+00, 
condition changed from 8.6e+10 to 9.6e+09
        [Trial 0] gen  460  evals=20700  best=0.7222
        [Trial 0] gen  480  evals=21600  best=0.7222
        [Trial 0] gen  500  evals=22500  best=0.7222
        [Trial 0] gen  520  evals=23400  best=0.7222
        [Trial 0] gen  540  evals=24300  best=0.7222
        [Trial 0] gen  560  evals=25200  best=0.7222
        [Done] Trial 0 best=0.7222
    --> Early stop triggered: trial 0 reached loss=0.722244 < 0.781732

  Winner: Trial 0, loss=0.722244 (325s)
    Restarts run: 1
    mu: 44.923088
    D_mu: 10.972104
    T0_mu: 5.931367
    Ly: 3.108288
    op_x: 0.717736
    op_y: 0.807146
    NMSE: 0.018627
  [Saved] random_IR_0018

============================================================
[19/50] random_IR_0019.npz
  GT loss: 0.611984
  terrain_mean=2.209270  early_threshold=0.627158  (alpha=0.0095)
    --> Trial 0 | pop=43 seed=55513 x0_norm_min=-0.944 x0_norm_max=0.730
        [Trial 0] gen   20  evals=  860  best=1.3093
        [Trial 0] gen   40  evals= 1720  best=1.1094
        [Trial 0] gen   60  evals= 2580  best=0.9604
        [Trial 0] gen   80  evals= 3440  best=0.7201
        [Trial 0] gen  100  evals= 4300  best=0.6133
        [Trial 0] gen  120  evals= 5160  best=0.5919
        [Trial 0] gen  140  evals= 6020  best=0.5866
        [Trial 0] gen  160  evals= 6880  best=0.5824
        [Trial 0] gen  180  evals= 7740  best=0.5776
        [Trial 0] gen  200  evals= 8600  best=0.5757
        [Trial 0] gen  220  evals= 9460  best=0.5750
        [Trial 0] gen  240  evals=10320  best=0.5747
        [Trial 0] gen  260  evals=11180  best=0.5742
        [Trial 0] gen  280  evals=12040  best=0.5734
        [Trial 0] gen  300  evals=12900  best=0.5734
        [Trial 0] gen  320  evals=13760  best=0.5731
        [Trial 0] gen  340  evals=14620  best=0.5731
        [Trial 0] gen  360  evals=15480  best=0.5731
        [Done] Trial 0 best=0.5731
    --> Early stop triggered: trial 0 reached loss=0.573092 < 0.627158

  Winner: Trial 0, loss=0.573092 (89s)
    Restarts run: 1
    mu: 26.440199
    D_mu: 8.867790
    T0_mu: 37.760074
    Ly: 1.155685
    op_x: 0.720100
    op_y: 0.576363
    NMSE: 0.001268
  [Saved] random_IR_0019

============================================================
[20/50] random_IR_0020.npz
  GT loss: 0.763810
  terrain_mean=2.242553  early_threshold=0.777858  (alpha=0.0095)
    --> Trial 0 | pop=38 seed=89039 x0_norm_min=-0.944 x0_norm_max=0.730
        [Trial 0] gen   20  evals=  760  best=1.6124
        [Trial 0] gen   40  evals= 1520  best=1.3117
        [Trial 0] gen   60  evals= 2280  best=1.1774
        [Trial 0] gen   80  evals= 3040  best=1.1133
        [Trial 0] gen  100  evals= 3800  best=1.0826
        [Trial 0] gen  120  evals= 4560  best=1.0498
        [Trial 0] gen  140  evals= 5320  best=1.0397
        [Trial 0] gen  160  evals= 6080  best=1.0301
        [Trial 0] gen  180  evals= 6840  best=1.0247
        [Trial 0] gen  200  evals= 7600  best=1.0218
        [Trial 0] gen  220  evals= 8360  best=1.0194
        [Trial 0] gen  240  evals= 9120  best=1.0183
        [Trial 0] gen  260  evals= 9880  best=1.0164
NOTE (module=cma, iteration=264):  
condition in coordinate system exceeded 1.0e+08, rescaled to 1.0e+00, 
condition changed from 4.4e+08 to 1.9e+08
        [Trial 0] gen  280  evals=10640  best=1.0148
        [Trial 0] gen  300  evals=11400  best=1.0148
        [Trial 0] gen  320  evals=12160  best=1.0146
        [Trial 0] gen  340  evals=12920  best=1.0140
        [Trial 0] gen  360  evals=13680  best=1.0140
        [Trial 0] gen  380  evals=14440  best=1.0139
        [Trial 0] gen  400  evals=15200  best=1.0134
        [Trial 0] gen  420  evals=15960  best=1.0134
        [Trial 0] gen  440  evals=16720  best=1.0134
        [Trial 0] gen  460  evals=17480  best=1.0134
        [Trial 0] gen  480  evals=18240  best=1.0134
        [Trial 0] gen  500  evals=19000  best=1.0134
        [Trial 0] gen  520  evals=19760  best=1.0134
        [Trial 0] gen  540  evals=20520  best=1.0134
        [Trial 0] gen  560  evals=21280  best=1.0134
        [Trial 0] gen  580  evals=22040  best=1.0134
        [Done] Trial 0 best=1.0134
    --> Trial 1 | pop=56 seed=86858 x0_norm_min=-0.937 x0_norm_max=0.907
        [Trial 1] gen   20  evals= 1120  best=1.4895
        [Trial 1] gen   40  evals= 2240  best=1.3756
        [Pruned] Trial 1 at gen 45 (loss=1.3756)
    --> Trial 2 | pop=36 seed=7688 x0_norm_min=-0.344 x0_norm_max=0.824
        [Trial 2] gen   20  evals=  720  best=1.4842
        [Trial 2] gen   40  evals= 1440  best=1.3034
        [Trial 2] gen   60  evals= 2160  best=1.1406
        [Trial 2] gen   80  evals= 2880  best=1.0725
        [Trial 2] gen  100  evals= 3600  best=1.0683
        [Trial 2] gen  120  evals= 4320  best=1.0683
        [Pruned] Trial 2 at gen 135 (loss=1.0683)
    --> Trial 3 | pop=39 seed=63207 x0_norm_min=-0.797 x0_norm_max=0.622
        [Pruned] Trial 3 at gen 15 (loss=1.6066)
    --> Trial 4 | pop=42 seed=32617 x0_norm_min=-0.947 x0_norm_max=0.785
        [Trial 4] gen   20  evals=  840  best=1.4101
        [Trial 4] gen   40  evals= 1680  best=1.2991
        [Pruned] Trial 4 at gen 45 (loss=1.2622)
    --> Trial 5 | pop=58 seed=17947 x0_norm_min=-0.748 x0_norm_max=0.981
        [Pruned] Trial 5 at gen 15 (loss=1.5643)
    --> Trial 6 | pop=46 seed=4218 x0_norm_min=-0.929 x0_norm_max=0.732
        [Pruned] Trial 6 at gen 15 (loss=1.4942)
    --> Trial 7 | pop=41 seed=64863 x0_norm_min=-0.779 x0_norm_max=0.922
        [Pruned] Trial 7 at gen 15 (loss=1.5791)
    --> Trial 8 | pop=38 seed=82202 x0_norm_min=-0.814 x0_norm_max=0.843
        [Pruned] Trial 8 at gen 15 (loss=1.5347)
    --> Trial 9 | pop=30 seed=34025 x0_norm_min=-0.955 x0_norm_max=0.770
        [Trial 9] gen   20  evals=  600  best=1.4216
        [Trial 9] gen   40  evals= 1200  best=1.3828
        [Pruned] Trial 9 at gen 45 (loss=1.3473)
    --> Trial 10 | pop=52 seed=99789 x0_norm_min=-0.841 x0_norm_max=0.672
        [Trial 10] gen   20  evals= 1040  best=1.4407
        [Trial 10] gen   40  evals= 2080  best=1.3761
        [Pruned] Trial 10 at gen 45 (loss=1.3761)
    --> Trial 11 | pop=31 seed=49863 x0_norm_min=-0.781 x0_norm_max=0.859
        [Trial 11] gen   20  evals=  620  best=1.3585
        [Trial 11] gen   40  evals= 1240  best=1.1242
        [Trial 11] gen   60  evals= 1860  best=1.1150
        [Trial 11] gen   80  evals= 2480  best=1.0932
        [Trial 11] gen  100  evals= 3100  best=1.0822
        [Trial 11] gen  120  evals= 3720  best=1.0700
        [Pruned] Trial 11 at gen 135 (loss=1.0522)
    --> Trial 12 | pop=31 seed=57296 x0_norm_min=-0.402 x0_norm_max=0.428
        [Trial 12] gen   20  evals=  620  best=1.3911
        [Trial 12] gen   40  evals= 1240  best=1.2136
        [Pruned] Trial 12 at gen 45 (loss=1.1939)
    --> Trial 13 | pop=34 seed=45104 x0_norm_min=-0.863 x0_norm_max=0.955
        [Pruned] Trial 13 at gen 15 (loss=1.4404)
    --> Trial 14 | pop=46 seed=84854 x0_norm_min=-0.897 x0_norm_max=-0.091
        [Pruned] Trial 14 at gen 15 (loss=1.4827)
    --> Trial 15 | pop=34 seed=72120 x0_norm_min=-0.690 x0_norm_max=0.990
        [Pruned] Trial 15 at gen 15 (loss=1.4975)
    --> Trial 16 | pop=45 seed=48831 x0_norm_min=-0.776 x0_norm_max=0.982
        [Pruned] Trial 16 at gen 15 (loss=1.4465)
    --> Trial 17 | pop=32 seed=99960 x0_norm_min=-0.863 x0_norm_max=0.835
        [Pruned] Trial 17 at gen 15 (loss=1.4745)
    --> Trial 18 | pop=50 seed=24571 x0_norm_min=-0.933 x0_norm_max=0.907
        [Trial 18] gen   20  evals= 1000  best=1.4295
        [Trial 18] gen   40  evals= 2000  best=1.3656
        [Pruned] Trial 18 at gen 45 (loss=1.3596)
    --> Trial 19 | pop=37 seed=75873 x0_norm_min=-0.948 x0_norm_max=0.822
        [Pruned] Trial 19 at gen 15 (loss=1.4602)

  Winner: Trial 0, loss=1.013393 (430s)
    Restarts run: 20
    mu: 42.713819
    D_mu: 12.090891
    T0_mu: 12.856645
    Ly: 1.960976
    op_x: 0.765649
    op_y: 0.749734
    NMSE: 0.003398
  [Saved] random_IR_0020

============================================================
[21/50] random_IR_0021.npz
  GT loss: 0.819183
  terrain_mean=2.325110  early_threshold=0.833490  (alpha=0.0095)
    --> Trial 0 | pop=45 seed=29949 x0_norm_min=-0.944 x0_norm_max=0.730
        [Trial 0] gen   20  evals=  900  best=1.2920
        [Trial 0] gen   40  evals= 1800  best=1.1769
        [Trial 0] gen   60  evals= 2700  best=1.1415
        [Trial 0] gen   80  evals= 3600  best=1.1032
        [Trial 0] gen  100  evals= 4500  best=1.0988
        [Trial 0] gen  120  evals= 5400  best=1.0866
        [Trial 0] gen  140  evals= 6300  best=1.0801
        [Trial 0] gen  160  evals= 7200  best=1.0800
        [Trial 0] gen  180  evals= 8100  best=1.0759
        [Trial 0] gen  200  evals= 9000  best=1.0745
        [Trial 0] gen  220  evals= 9900  best=1.0745
        [Trial 0] gen  240  evals=10800  best=1.0734
        [Trial 0] gen  260  evals=11700  best=1.0723
        [Trial 0] gen  280  evals=12600  best=1.0723
        [Trial 0] gen  300  evals=13500  best=1.0716
        [Trial 0] gen  320  evals=14400  best=1.0697
        [Trial 0] gen  340  evals=15300  best=1.0697
        [Trial 0] gen  360  evals=16200  best=1.0693
NOTE (module=cma, iteration=364):  
condition in coordinate system exceeded 1.1e+08, rescaled to 1.0e+00, 
condition changed from 4.8e+09 to 9.4e+08
        [Trial 0] gen  380  evals=17100  best=1.0693
        [Trial 0] gen  400  evals=18000  best=1.0684
        [Trial 0] gen  420  evals=18900  best=1.0684
        [Trial 0] gen  440  evals=19800  best=1.0680
        [Trial 0] gen  460  evals=20700  best=1.0680
        [Trial 0] gen  480  evals=21600  best=1.0680
        [Trial 0] gen  500  evals=22500  best=1.0680
        [Trial 0] gen  520  evals=23400  best=1.0680
        [Trial 0] gen  540  evals=24300  best=1.0680
        [Trial 0] gen  560  evals=25200  best=1.0680
        [Done] Trial 0 best=1.0680
    --> Trial 1 | pop=59 seed=248 x0_norm_min=-0.937 x0_norm_max=0.907
        [Pruned] Trial 1 at gen 15 (loss=1.3830)
    --> Trial 2 | pop=40 seed=87826 x0_norm_min=-0.344 x0_norm_max=0.824
        [Pruned] Trial 2 at gen 15 (loss=1.3984)
    --> Trial 3 | pop=52 seed=43695 x0_norm_min=-0.797 x0_norm_max=0.622
        [Pruned] Trial 3 at gen 15 (loss=1.3143)
    --> Trial 4 | pop=39 seed=57234 x0_norm_min=-0.947 x0_norm_max=0.785
        [Pruned] Trial 4 at gen 15 (loss=1.3861)
    --> Trial 5 | pop=42 seed=68429 x0_norm_min=-0.748 x0_norm_max=0.981
        [Trial 5] gen   20  evals=  840  best=1.2563
        [Trial 5] gen   40  evals= 1680  best=1.1610
        [Trial 5] gen   60  evals= 2520  best=1.1233
        [Trial 5] gen   80  evals= 3360  best=1.1084
        [Trial 5] gen  100  evals= 4200  best=1.1084
        [Trial 5] gen  120  evals= 5040  best=1.1084
        [Pruned] Trial 5 at gen 135 (loss=1.1061)
    --> Trial 6 | pop=58 seed=542 x0_norm_min=-0.929 x0_norm_max=0.732
        [Pruned] Trial 6 at gen 15 (loss=1.3135)
    --> Trial 7 | pop=57 seed=66170 x0_norm_min=-0.779 x0_norm_max=0.922
        [Pruned] Trial 7 at gen 15 (loss=1.5414)
    --> Trial 8 | pop=31 seed=34079 x0_norm_min=-0.814 x0_norm_max=0.843
        [Pruned] Trial 8 at gen 15 (loss=1.4048)
    --> Trial 9 | pop=49 seed=34005 x0_norm_min=-0.955 x0_norm_max=0.770
        [Trial 9] gen   20  evals=  980  best=1.2524
        [Trial 9] gen   40  evals= 1960  best=1.1570
        [Pruned] Trial 9 at gen 45 (loss=1.1429)
    --> Trial 10 | pop=31 seed=92864 x0_norm_min=-0.841 x0_norm_max=0.672
        [Trial 10] gen   20  evals=  620  best=1.2978
        [Trial 10] gen   40  evals= 1240  best=1.2399
        [Pruned] Trial 10 at gen 45 (loss=1.1945)
    --> Trial 11 | pop=43 seed=19509 x0_norm_min=-0.781 x0_norm_max=0.859
        [Pruned] Trial 11 at gen 15 (loss=1.4290)
    --> Trial 12 | pop=46 seed=72353 x0_norm_min=-0.402 x0_norm_max=0.428
        [Trial 12] gen   20  evals=  920  best=1.2680
        [Trial 12] gen   40  evals= 1840  best=1.1275
        [Trial 12] gen   60  evals= 2760  best=1.1193
        [Trial 12] gen   80  evals= 3680  best=1.1077
        [Trial 12] gen  100  evals= 4600  best=1.1077
        [Trial 12] gen  120  evals= 5520  best=1.0969
        [Pruned] Trial 12 at gen 135 (loss=1.0883)
    --> Trial 13 | pop=48 seed=80137 x0_norm_min=-0.863 x0_norm_max=0.955
        [Trial 13] gen   20  evals=  960  best=1.2781
        [Trial 13] gen   40  evals= 1920  best=1.2255
        [Pruned] Trial 13 at gen 45 (loss=1.1665)
    --> Trial 14 | pop=46 seed=99759 x0_norm_min=-0.897 x0_norm_max=-0.091
        [Pruned] Trial 14 at gen 15 (loss=1.4762)/home/bhpark3/dafxenv/lib/python3.12/site-packages/cma/utilities/utils.py:369: UserWarning: 
        geno-pheno transformation introduced based on the
        current covariance matrix with condition 1.0e+12 -> 1.0e+00,
        injected solutions become "invalid" in this iteration (time=Jul 12 17:49:35 2026 class=CMAEvolutionStrategy method=alleviate_conditioning iteration=744)
  warnings.warn(msg + ' (time={}'.format(time.asctime()[4:]) +

    --> Trial 15 | pop=53 seed=19489 x0_norm_min=-0.690 x0_norm_max=0.990
        [Pruned] Trial 15 at gen 15 (loss=1.3178)
    --> Trial 16 | pop=38 seed=47767 x0_norm_min=-0.776 x0_norm_max=0.982
        [Pruned] Trial 16 at gen 15 (loss=1.3216)
    --> Trial 17 | pop=35 seed=70562 x0_norm_min=-0.863 x0_norm_max=0.835
        [Pruned] Trial 17 at gen 15 (loss=1.4880)
    --> Trial 18 | pop=45 seed=22454 x0_norm_min=-0.933 x0_norm_max=0.907
        [Trial 18] gen   20  evals=  900  best=1.2493
        [Trial 18] gen   40  evals= 1800  best=1.1675
        [Pruned] Trial 18 at gen 45 (loss=1.1675)
    --> Trial 19 | pop=51 seed=54027 x0_norm_min=-0.948 x0_norm_max=0.822
        [Pruned] Trial 19 at gen 15 (loss=1.4413)

  Winner: Trial 0, loss=1.067996 (1104s)
    Restarts run: 20
    mu: 50.621647
    D_mu: 5.223282
    T0_mu: 14.767628
    Ly: 3.687438
    op_x: 0.730742
    op_y: 0.567500
    NMSE: 0.010943
  [Saved] random_IR_0021

============================================================
[22/50] random_IR_0022.npz
  GT loss: 0.760836
  terrain_mean=2.233579  early_threshold=0.774827  (alpha=0.0095)
    --> Trial 0 | pop=32 seed=52517 x0_norm_min=-0.944 x0_norm_max=0.730
        [Trial 0] gen   20  evals=  640  best=1.6173
        [Trial 0] gen   40  evals= 1280  best=1.5325
        [Trial 0] gen   60  evals= 1920  best=1.3930
        [Trial 0] gen   80  evals= 2560  best=1.3055
        [Trial 0] gen  100  evals= 3200  best=1.2453
        [Trial 0] gen  120  evals= 3840  best=1.2063
        [Trial 0] gen  140  evals= 4480  best=1.1917
        [Trial 0] gen  160  evals= 5120  best=1.1714
        [Trial 0] gen  180  evals= 5760  best=1.1496
        [Trial 0] gen  200  evals= 6400  best=1.1337
        [Trial 0] gen  220  evals= 7040  best=1.1276
        [Trial 0] gen  240  evals= 7680  best=1.1260
        [Trial 0] gen  260  evals= 8320  best=1.1240
        [Trial 0] gen  280  evals= 8960  best=1.1240
        [Trial 0] gen  300  evals= 9600  best=1.1240
        [Trial 0] gen  320  evals=10240  best=1.1240
        [Trial 0] gen  340  evals=10880  best=1.1237
        [Trial 0] gen  360  evals=11520  best=1.1237
        [Trial 0] gen  380  evals=12160  best=1.1237
        [Trial 0] gen  400  evals=12800  best=1.1237
        [Trial 0] gen  420  evals=13440  best=1.1237
        [Trial 0] gen  440  evals=14080  best=1.1237
        [Done] Trial 0 best=1.1237
    --> Trial 1 | pop=34 seed=31645 x0_norm_min=-0.937 x0_norm_max=0.907
        [Pruned] Trial 1 at gen 15 (loss=1.7134)
    --> Trial 2 | pop=37 seed=27241 x0_norm_min=-0.344 x0_norm_max=0.824
        [Trial 2] gen   20  evals=  740  best=1.5390
        [Trial 2] gen   40  evals= 1480  best=1.2958
        [Trial 2] gen   60  evals= 2220  best=1.1645
        [Trial 2] gen   80  evals= 2960  best=1.1123
        [Trial 2] gen  100  evals= 3700  best=1.1123
        [Trial 2] gen  120  evals= 4440  best=1.0990
        [Trial 2] gen  140  evals= 5180  best=1.0936
        [Trial 2] gen  160  evals= 5920  best=1.0931
        [Trial 2] gen  180  evals= 6660  best=1.0930
        [Trial 2] gen  200  evals= 7400  best=1.0912
        [Trial 2] gen  220  evals= 8140  best=1.0897
        [Trial 2] gen  240  evals= 8880  best=1.0880
        [Trial 2] gen  260  evals= 9620  best=1.0880
        [Trial 2] gen  280  evals=10360  best=1.0880
        [Trial 2] gen  300  evals=11100  best=1.0865
        [Trial 2] gen  320  evals=11840  best=1.0865
        [Trial 2] gen  340  evals=12580  best=1.0865
        [Trial 2] gen  360  evals=13320  best=1.0865
        [Trial 2] gen  380  evals=14060  best=1.0865
        [Trial 2] gen  400  evals=14800  best=1.0865
        [Trial 2] gen  420  evals=15540  best=1.0863
        [Trial 2] gen  440  evals=16280  best=1.0859
        [Trial 2] gen  460  evals=17020  best=1.0859
        [Trial 2] gen  480  evals=17760  best=1.0859
        [Trial 2] gen  500  evals=18500  best=1.0850
        [Trial 2] gen  520  evals=19240  best=1.0850
        [Trial 2] gen  540  evals=19980  best=1.0850
        [Trial 2] gen  560  evals=20720  best=1.0850
        [Trial 2] gen  580  evals=21460  best=1.0850
        [Trial 2] gen  600  evals=22200  best=1.0850
        [Trial 2] gen  620  evals=22940  best=1.0847
        [Trial 2] gen  640  evals=23680  best=1.0847
        [Trial 2] gen  660  evals=24420  best=1.0847
        [Trial 2] gen  680  evals=25160  best=1.0847
        [Trial 2] gen  700  evals=25900  best=1.0847
        [Trial 2] gen  720  evals=26640  best=1.0847
        [Trial 2] gen  740  evals=27380  best=1.0847
        [Done] Trial 2 best=1.0847
    --> Trial 3 | pop=52 seed=45209 x0_norm_min=-0.797 x0_norm_max=0.622
        [Pruned] Trial 3 at gen 15 (loss=1.6464)
    --> Trial 4 | pop=38 seed=2104 x0_norm_min=-0.947 x0_norm_max=0.785
        [Pruned] Trial 4 at gen 15 (loss=1.6975)
    --> Trial 5 | pop=38 seed=7091 x0_norm_min=-0.748 x0_norm_max=0.981
        [Pruned] Trial 5 at gen 15 (loss=1.6966)
    --> Trial 6 | pop=48 seed=10953 x0_norm_min=-0.929 x0_norm_max=0.732
        [Trial 6] gen   20  evals=  960  best=1.2610
        [Trial 6] gen   40  evals= 1920  best=1.2132
        [Trial 6] gen   60  evals= 2880  best=1.1226
        [Trial 6] gen   80  evals= 3840  best=1.1062
        [Trial 6] gen  100  evals= 4800  best=1.0906
        [Trial 6] gen  120  evals= 5760  best=1.0648
        [Trial 6] gen  140  evals= 6720  best=1.0403
        [Trial 6] gen  160  evals= 7680  best=1.0253
NOTE (module=cma, iteration=160):  
condition in coordinate system exceeded 1.2e+08, rescaled to 1.0e+00, 
condition changed from 1.3e+09 to 9.8e+08
        [Trial 6] gen  180  evals= 8640  best=1.0227
        [Trial 6] gen  200  evals= 9600  best=1.0227
        [Trial 6] gen  220  evals=10560  best=1.0227
        [Trial 6] gen  240  evals=11520  best=1.0227
        [Trial 6] gen  260  evals=12480  best=1.0227
        [Trial 6] gen  280  evals=13440  best=1.0227
        [Trial 6] gen  300  evals=14400  best=1.0226
        [Trial 6] gen  320  evals=15360  best=1.0226
        [Trial 6] gen  340  evals=16320  best=1.0216
        [Trial 6] gen  360  evals=17280  best=1.0216
        [Trial 6] gen  380  evals=18240  best=1.0216
        [Trial 6] gen  400  evals=19200  best=1.0214
        [Trial 6] gen  420  evals=20160  best=1.0214
        [Trial 6] gen  440  evals=21120  best=1.0214
        [Trial 6] gen  460  evals=22080  best=1.0214
        [Trial 6] gen  480  evals=23040  best=1.0214
        [Done] Trial 6 best=1.0214
    --> Trial 7 | pop=38 seed=14478 x0_norm_min=-0.779 x0_norm_max=0.922
        [Pruned] Trial 7 at gen 15 (loss=1.6218)
    --> Trial 8 | pop=41 seed=94772 x0_norm_min=-0.814 x0_norm_max=0.843
        [Trial 8] gen   20  evals=  820  best=1.5207
        [Trial 8] gen   40  evals= 1640  best=1.4436
        [Pruned] Trial 8 at gen 45 (loss=1.4414)
    --> Trial 9 | pop=59 seed=43360 x0_norm_min=-0.955 x0_norm_max=0.770
        [Pruned] Trial 9 at gen 15 (loss=1.5872)
    --> Trial 10 | pop=47 seed=80503 x0_norm_min=-0.841 x0_norm_max=0.672
        [Pruned] Trial 10 at gen 15 (loss=1.6829)
    --> Trial 11 | pop=46 seed=25794 x0_norm_min=-0.781 x0_norm_max=0.859
        [Pruned] Trial 11 at gen 15 (loss=1.6234)
    --> Trial 12 | pop=54 seed=26255 x0_norm_min=-0.402 x0_norm_max=0.428
        [Trial 12] gen   20  evals= 1080  best=1.3884
        [Trial 12] gen   40  evals= 2160  best=1.1300
        [Trial 12] gen   60  evals= 3240  best=1.0949
        [Trial 12] gen   80  evals= 4320  best=1.0746
        [Trial 12] gen  100  evals= 5400  best=1.0678
        [Trial 12] gen  120  evals= 6480  best=1.0629
        [Trial 12] gen  140  evals= 7560  best=1.0432
        [Trial 12] gen  160  evals= 8640  best=1.0389
        [Trial 12] gen  180  evals= 9720  best=1.0364
        [Trial 12] gen  200  evals=10800  best=1.0356
        [Trial 12] gen  220  evals=11880  best=1.0335
        [Trial 12] gen  240  evals=12960  best=1.0335
        [Trial 12] gen  260  evals=14040  best=1.0326
        [Trial 12] gen  280  evals=15120  best=1.0313
NOTE (module=cma, iteration=299):  
condition in coordinate system exceeded 1.3e+08, rescaled to 1.0e+00, 
condition changed from 9.5e+08 to 4.0e+08
        [Trial 12] gen  300  evals=16200  best=1.0313/home/bhpark3/dafxenv/lib/python3.12/site-packages/cma/utilities/utils.py:369: UserWarning: 
        geno-pheno transformation introduced based on the
        current covariance matrix with condition 1.1e+12 -> 1.0e+00,
        injected solutions become "invalid" in this iteration (time=Jul 12 18:04:38 2026 class=CMAEvolutionStrategy method=alleviate_conditioning iteration=344)
  warnings.warn(msg + ' (time={}'.format(time.asctime()[4:]) +

        [Trial 12] gen  320  evals=17280  best=1.0313
        [Trial 12] gen  340  evals=18360  best=1.0313
        [Trial 12] gen  360  evals=19440  best=1.0313
        [Trial 12] gen  380  evals=20520  best=1.0309
        [Trial 12] gen  400  evals=21600  best=1.0303
        [Pruned] Trial 12 at gen 405 (loss=1.0303)
    --> Trial 13 | pop=45 seed=58298 x0_norm_min=-0.863 x0_norm_max=0.955
        [Pruned] Trial 13 at gen 15 (loss=1.6671)
    --> Trial 14 | pop=30 seed=20876 x0_norm_min=-0.897 x0_norm_max=-0.091
        [Pruned] Trial 14 at gen 15 (loss=1.6496)
    --> Trial 15 | pop=51 seed=36781 x0_norm_min=-0.690 x0_norm_max=0.990
        [Trial 15] gen   20  evals= 1020  best=1.5117
        [Trial 15] gen   40  evals= 2040  best=1.1817
        [Trial 15] gen   60  evals= 3060  best=1.0939
        [Trial 15] gen   80  evals= 4080  best=1.0541
        [Trial 15] gen  100  evals= 5100  best=1.0343
        [Trial 15] gen  120  evals= 6120  best=1.0252
        [Trial 15] gen  140  evals= 7140  best=1.0163
        [Trial 15] gen  160  evals= 8160  best=1.0163
        [Trial 15] gen  180  evals= 9180  best=1.0149
        [Trial 15] gen  200  evals=10200  best=1.0109
        [Trial 15] gen  220  evals=11220  best=1.0102
        [Trial 15] gen  240  evals=12240  best=1.0084
        [Trial 15] gen  260  evals=13260  best=1.0072
NOTE (module=cma, iteration=268):  
condition in coordinate system exceeded 1.1e+08, rescaled to 1.0e+00, 
condition changed from 8.8e+08 to 4.9e+08
        [Trial 15] gen  280  evals=14280  best=1.0072
        [Trial 15] gen  300  evals=15300  best=1.0072
        [Trial 15] gen  320  evals=16320  best=1.0072
        [Trial 15] gen  340  evals=17340  best=1.0068
        [Trial 15] gen  360  evals=18360  best=1.0068
        [Trial 15] gen  380  evals=19380  best=1.0067
        [Trial 15] gen  400  evals=20400  best=1.0065
        [Trial 15] gen  420  evals=21420  best=1.0064
        [Trial 15] gen  440  evals=22440  best=1.0061
        [Trial 15] gen  460  evals=23460  best=1.0056
        [Trial 15] gen  480  evals=24480  best=1.0056
        [Trial 15] gen  500  evals=25500  best=1.0053
        [Trial 15] gen  520  evals=26520  best=1.0053
        [Trial 15] gen  540  evals=27540  best=1.0053
        [Trial 15] gen  560  evals=28560  best=1.0053
        [Done] Trial 15 best=1.0053
    --> Trial 16 | pop=51 seed=65818 x0_norm_min=-0.776 x0_norm_max=0.982
        [Pruned] Trial 16 at gen 15 (loss=1.6548)
    --> Trial 17 | pop=57 seed=35459 x0_norm_min=-0.863 x0_norm_max=0.835
        [Pruned] Trial 17 at gen 15 (loss=1.6221)
    --> Trial 18 | pop=50 seed=14092 x0_norm_min=-0.933 x0_norm_max=0.907
        [Pruned] Trial 18 at gen 15 (loss=1.6697)
    --> Trial 19 | pop=55 seed=69380 x0_norm_min=-0.948 x0_norm_max=0.822
        [Pruned] Trial 19 at gen 15 (loss=1.6569)

  Winner: Trial 15, loss=1.005295 (1009s)
    Restarts run: 20
    mu: 33.314057
    D_mu: 52.494487
    T0_mu: 25.262355
    Ly: 3.799356
    op_x: 0.584119
    op_y: 0.810158
    NMSE: 0.003297
  [Saved] random_IR_0022

============================================================
[23/50] random_IR_0023.npz
  GT loss: 0.724099
  terrain_mean=2.159164  early_threshold=0.737733  (alpha=0.0095)
    --> Trial 0 | pop=44 seed=47229 x0_norm_min=-0.944 x0_norm_max=0.730
        [Trial 0] gen   20  evals=  880  best=1.4619
        [Trial 0] gen   40  evals= 1760  best=1.4429
        [Trial 0] gen   60  evals= 2640  best=1.2972
        [Trial 0] gen   80  evals= 3520  best=1.2495
        [Trial 0] gen  100  evals= 4400  best=1.2441
        [Trial 0] gen  120  evals= 5280  best=1.2407
        [Trial 0] gen  140  evals= 6160  best=1.2206
        [Trial 0] gen  160  evals= 7040  best=1.2127
        [Trial 0] gen  180  evals= 7920  best=1.1980
        [Trial 0] gen  200  evals= 8800  best=1.1929
        [Trial 0] gen  220  evals= 9680  best=1.1879
        [Trial 0] gen  240  evals=10560  best=1.1850
        [Trial 0] gen  260  evals=11440  best=1.1803
        [Trial 0] gen  280  evals=12320  best=1.1803
        [Trial 0] gen  300  evals=13200  best=1.1803
        [Trial 0] gen  320  evals=14080  best=1.1803
        [Trial 0] gen  340  evals=14960  best=1.1801
NOTE (module=cma, iteration=349):  
condition in coordinate system exceeded 1.1e+08, rescaled to 1.0e+00, 
condition changed from 2.3e+09 to 1.3e+09
        [Trial 0] gen  360  evals=15840  best=1.1801
        [Trial 0] gen  380  evals=16720  best=1.1801
        [Trial 0] gen  400  evals=17600  best=1.1801
        [Trial 0] gen  420  evals=18480  best=1.1792
        [Trial 0] gen  440  evals=19360  best=1.1792
        [Trial 0] gen  460  evals=20240  best=1.1792
        [Trial 0] gen  480  evals=21120  best=1.1792
        [Trial 0] gen  500  evals=22000  best=1.1792
        [Trial 0] gen  520  evals=22880  best=1.1792
        [Done] Trial 0 best=1.1792
    --> Trial 1 | pop=47 seed=64110 x0_norm_min=-0.937 x0_norm_max=0.907
        [Trial 1] gen   20  evals=  940  best=1.3755
        [Trial 1] gen   40  evals= 1880  best=1.2978
        [Trial 1] gen   60  evals= 2820  best=1.2794
        [Trial 1] gen   80  evals= 3760  best=1.2649
        [Trial 1] gen  100  evals= 4700  best=1.2447
        [Trial 1] gen  120  evals= 5640  best=1.2169
        [Trial 1] gen  140  evals= 6580  best=1.1935
        [Trial 1] gen  160  evals= 7520  best=1.1601
        [Trial 1] gen  180  evals= 8460  best=1.1542
        [Trial 1] gen  200  evals= 9400  best=1.1523
        [Trial 1] gen  220  evals=10340  best=1.1519
        [Trial 1] gen  240  evals=11280  best=1.1519
        [Trial 1] gen  260  evals=12220  best=1.1517
        [Trial 1] gen  280  evals=13160  best=1.1516
        [Trial 1] gen  300  evals=14100  best=1.1515
        [Trial 1] gen  320  evals=15040  best=1.1515
        [Trial 1] gen  340  evals=15980  best=1.1514
        [Trial 1] gen  360  evals=16920  best=1.1514
        [Trial 1] gen  380  evals=17860  best=1.1514
        [Trial 1] gen  400  evals=18800  best=1.1514
        [Trial 1] gen  420  evals=19740  best=1.1514
        [Trial 1] gen  440  evals=20680  best=1.1514
        [Trial 1] gen  460  evals=21620  best=1.1514
        [Trial 1] gen  480  evals=22560  best=1.1514
        [Trial 1] gen  500  evals=23500  best=1.1512
        [Trial 1] gen  520  evals=24440  best=1.1512
        [Trial 1] gen  540  evals=25380  best=1.1512
        [Trial 1] gen  560  evals=26320  best=1.1512
        [Trial 1] gen  580  evals=27260  best=1.1512
        [Trial 1] gen  600  evals=28200  best=1.1509
        [Trial 1] gen  620  evals=29140  best=1.1509
        [Done] Trial 1 best=1.1509
    --> Trial 2 | pop=54 seed=98136 x0_norm_min=-0.344 x0_norm_max=0.824
        [Trial 2] gen   20  evals= 1080  best=1.4184
        [Trial 2] gen   40  evals= 2160  best=1.3680
        [Trial 2] gen   60  evals= 3240  best=1.2897
        [Trial 2] gen   80  evals= 4320  best=1.2658
        [Trial 2] gen  100  evals= 5400  best=1.2601
        [Trial 2] gen  120  evals= 6480  best=1.2347
        [Pruned] Trial 2 at gen 135 (loss=1.2026)
    --> Trial 3 | pop=36 seed=7363 x0_norm_min=-0.797 x0_norm_max=0.622
        [Trial 3] gen   20  evals=  720  best=1.4130
        [Trial 3] gen   40  evals= 1440  best=1.3524
        [Pruned] Trial 3 at gen 45 (loss=1.3524)
    --> Trial 4 | pop=45 seed=84358 x0_norm_min=-0.947 x0_norm_max=0.785
        [Pruned] Trial 4 at gen 15 (loss=1.4468)
    --> Trial 5 | pop=59 seed=35831 x0_norm_min=-0.748 x0_norm_max=0.981
        [Pruned] Trial 5 at gen 15 (loss=1.4662)
    --> Trial 6 | pop=41 seed=91867 x0_norm_min=-0.929 x0_norm_max=0.732
        [Trial 6] gen   20  evals=  820  best=1.3888
        [Trial 6] gen   40  evals= 1640  best=1.3527
        [Pruned] Trial 6 at gen 45 (loss=1.3467)
    --> Trial 7 | pop=43 seed=79980 x0_norm_min=-0.779 x0_norm_max=0.922
        [Pruned] Trial 7 at gen 15 (loss=1.4205)
    --> Trial 8 | pop=39 seed=10479 x0_norm_min=-0.814 x0_norm_max=0.843
        [Trial 8] gen   20  evals=  780  best=1.3955
        [Trial 8] gen   40  evals= 1560  best=1.3209
        [Pruned] Trial 8 at gen 45 (loss=1.3209)
    --> Trial 9 | pop=33 seed=55328 x0_norm_min=-0.955 x0_norm_max=0.770
        [Pruned] Trial 9 at gen 15 (loss=1.4586)
    --> Trial 10 | pop=51 seed=68332 x0_norm_min=-0.841 x0_norm_max=0.672
        [Pruned] Trial 10 at gen 15 (loss=1.4305)
    --> Trial 11 | pop=48 seed=46771 x0_norm_min=-0.781 x0_norm_max=0.859
        [Pruned] Trial 11 at gen 15 (loss=1.4756)
    --> Trial 12 | pop=48 seed=29936 x0_norm_min=-0.402 x0_norm_max=0.428
        [Trial 12] gen   20  evals=  960  best=1.4054
        [Trial 12] gen   40  evals= 1920  best=1.3662
        [Pruned] Trial 12 at gen 45 (loss=1.3662)
    --> Trial 13 | pop=54 seed=63091 x0_norm_min=-0.863 x0_norm_max=0.955
        [Trial 13] gen   20  evals= 1080  best=1.3905
        [Trial 13] gen   40  evals= 2160  best=1.3054
        [Trial 13] gen   60  evals= 3240  best=1.2521
        [Trial 13] gen   80  evals= 4320  best=1.2366
        [Trial 13] gen  100  evals= 5400  best=1.2114
        [Trial 13] gen  120  evals= 6480  best=1.2027
        [Trial 13] gen  140  evals= 7560  best=1.1918
        [Trial 13] gen  160  evals= 8640  best=1.1896
        [Trial 13] gen  180  evals= 9720  best=1.1896
        [Trial 13] gen  200  evals=10800  best=1.1888
        [Trial 13] gen  220  evals=11880  best=1.1878
        [Trial 13] gen  240  evals=12960  best=1.1878
        [Trial 13] gen  260  evals=14040  best=1.1878
        [Trial 13] gen  280  evals=15120  best=1.1878
        [Trial 13] gen  300  evals=16200  best=1.1876
        [Trial 13] gen  320  evals=17280  best=1.1876
        [Trial 13] gen  340  evals=18360  best=1.1876
        [Trial 13] gen  360  evals=19440  best=1.1875
        [Trial 13] gen  380  evals=20520  best=1.1875
        [Trial 13] gen  400  evals=21600  best=1.1875
        [Pruned] Trial 13 at gen 405 (loss=1.1875)
    --> Trial 14 | pop=46 seed=36221 x0_norm_min=-0.897 x0_norm_max=-0.091
        [Trial 14] gen   20  evals=  920  best=1.3808
        [Trial 14] gen   40  evals= 1840  best=1.2816
        [Trial 14] gen   60  evals= 2760  best=1.2621
        [Trial 14] gen   80  evals= 3680  best=1.2312
        [Trial 14] gen  100  evals= 4600  best=1.2119
        [Trial 14] gen  120  evals= 5520  best=1.2001
        [Pruned] Trial 14 at gen 135 (loss=1.1974)
    --> Trial 15 | pop=30 seed=73113 x0_norm_min=-0.690 x0_norm_max=0.990
        [Trial 15] gen   20  evals=  600  best=1.4012
        [Trial 15] gen   40  evals= 1200  best=1.3570
        [Pruned] Trial 15 at gen 45 (loss=1.3570)
    --> Trial 16 | pop=37 seed=54426 x0_norm_min=-0.776 x0_norm_max=0.982
        [Pruned] Trial 16 at gen 15 (loss=1.4213)
    --> Trial 17 | pop=59 seed=22317 x0_norm_min=-0.863 x0_norm_max=0.835
        [Pruned] Trial 17 at gen 15 (loss=1.4177)
    --> Trial 18 | pop=51 seed=46076 x0_norm_min=-0.933 x0_norm_max=0.907
        [Trial 18] gen   20  evals= 1020  best=1.3719
        [Trial 18] gen   40  evals= 2040  best=1.3018
        [Pruned] Trial 18 at gen 45 (loss=1.3018)
    --> Trial 19 | pop=42 seed=18514 x0_norm_min=-0.948 x0_norm_max=0.822
        [Pruned] Trial 19 at gen 15 (loss=1.4135)

  Winner: Trial 1, loss=1.150862 (535s)
    Restarts run: 20
    mu: 47.205359
    D_mu: 17.534340
    T0_mu: 8.941919
    Ly: 1.100082
    op_x: 0.755927
    op_y: 0.514786
    NMSE: 0.114297
  [Saved] random_IR_0023

============================================================
[24/50] random_IR_0024.npz
  GT loss: 0.626351
  terrain_mean=1.964331  early_threshold=0.639062  (alpha=0.0095)
    --> Trial 0 | pop=56 seed=46780 x0_norm_min=-0.944 x0_norm_max=0.730
        [Trial 0] gen   20  evals= 1120  best=1.1580
        [Trial 0] gen   40  evals= 2240  best=1.1553
        [Trial 0] gen   60  evals= 3360  best=1.1038
        [Trial 0] gen   80  evals= 4480  best=1.0952
        [Trial 0] gen  100  evals= 5600  best=1.0692
        [Trial 0] gen  120  evals= 6720  best=1.0478
        [Trial 0] gen  140  evals= 7840  best=1.0431
        [Trial 0] gen  160  evals= 8960  best=1.0148
        [Trial 0] gen  180  evals=10080  best=1.0112
        [Trial 0] gen  200  evals=11200  best=1.0090
        [Trial 0] gen  220  evals=12320  best=1.0066
        [Trial 0] gen  240  evals=13440  best=1.0066
NOTE (module=cma, iteration=244):  
condition in coordinate system exceeded 1.0e+08, rescaled to 1.0e+00, 
condition changed from 5.9e+09 to 4.9e+08
        [Trial 0] gen  260  evals=14560  best=1.0066
        [Trial 0] gen  280  evals=15680  best=1.0066
        [Trial 0] gen  300  evals=16800  best=1.0060
        [Trial 0] gen  320  evals=17920  best=1.0060
        [Trial 0] gen  340  evals=19040  best=1.0060
        [Trial 0] gen  360  evals=20160  best=1.0060
        [Trial 0] gen  380  evals=21280  best=1.0055
        [Trial 0] gen  400  evals=22400  best=1.0055
        [Trial 0] gen  420  evals=23520  best=1.0055
        [Trial 0] gen  440  evals=24640  best=1.0054
        [Trial 0] gen  460  evals=25760  best=1.0042
        [Trial 0] gen  480  evals=26880  best=1.0042
        [Trial 0] gen  500  evals=28000  best=1.0042
        [Trial 0] gen  520  evals=29120  best=1.0042
        [Done] Trial 0 best=1.0042
    --> Trial 1 | pop=36 seed=43732 x0_norm_min=-0.937 x0_norm_max=0.907
        [Trial 1] gen   20  evals=  720  best=1.1609
        [Trial 1] gen   40  evals= 1440  best=1.1236
        [Trial 1] gen   60  evals= 2160  best=1.1159
        [Trial 1] gen   80  evals= 2880  best=1.1159
        [Trial 1] gen  100  evals= 3600  best=1.1043
        [Trial 1] gen  120  evals= 4320  best=1.1043
        [Pruned] Trial 1 at gen 135 (loss=1.0861)
    --> Trial 2 | pop=36 seed=1449 x0_norm_min=-0.344 x0_norm_max=0.824
        [Pruned] Trial 2 at gen 15 (loss=1.1992)
    --> Trial 3 | pop=46 seed=61960 x0_norm_min=-0.797 x0_norm_max=0.622
        [Pruned] Trial 3 at gen 15 (loss=1.2481)
    --> Trial 4 | pop=52 seed=6985 x0_norm_min=-0.947 x0_norm_max=0.785
        [Pruned] Trial 4 at gen 15 (loss=1.1720)
    --> Trial 5 | pop=59 seed=51345 x0_norm_min=-0.748 x0_norm_max=0.981
        [Trial 5] gen   20  evals= 1180  best=1.1174
        [Trial 5] gen   40  evals= 2360  best=1.0451
        [Trial 5] gen   60  evals= 3540  best=1.0451
        [Trial 5] gen   80  evals= 4720  best=1.0451
        [Trial 5] gen  100  evals= 5900  best=1.0451
        [Trial 5] gen  120  evals= 7080  best=1.0451
        [Trial 5] gen  140  evals= 8260  best=1.0451
        [Trial 5] gen  160  evals= 9440  best=1.0451
        [Trial 5] gen  180  evals=10620  best=1.0451
        [Trial 5] gen  200  evals=11800  best=1.0386
        [Trial 5] gen  220  evals=12980  best=1.0354
        [Trial 5] gen  240  evals=14160  best=1.0342
        [Trial 5] gen  260  evals=15340  best=1.0325
        [Trial 5] gen  280  evals=16520  best=1.0319
        [Trial 5] gen  300  evals=17700  best=1.0313
        [Trial 5] gen  320  evals=18880  best=1.0309
        [Trial 5] gen  340  evals=20060  best=1.0304
        [Trial 5] gen  360  evals=21240  best=1.0304
        [Trial 5] gen  380  evals=22420  best=1.0293
        [Trial 5] gen  400  evals=23600  best=1.0293
        [Pruned] Trial 5 at gen 405 (loss=1.0293)
    --> Trial 6 | pop=51 seed=146 x0_norm_min=-0.929 x0_norm_max=0.732
        [Pruned] Trial 6 at gen 15 (loss=1.1936)
    --> Trial 7 | pop=33 seed=85111 x0_norm_min=-0.779 x0_norm_max=0.922
        [Pruned] Trial 7 at gen 15 (loss=1.2552)
    --> Trial 8 | pop=43 seed=2277 x0_norm_min=-0.814 x0_norm_max=0.843
        [Pruned] Trial 8 at gen 15 (loss=1.2018)
    --> Trial 9 | pop=59 seed=84642 x0_norm_min=-0.955 x0_norm_max=0.770
        [Pruned] Trial 9 at gen 15 (loss=1.1951)
    --> Trial 10 | pop=42 seed=30791 x0_norm_min=-0.841 x0_norm_max=0.672
        [Pruned] Trial 10 at gen 15 (loss=1.2456)
    --> Trial 11 | pop=60 seed=56125 x0_norm_min=-0.781 x0_norm_max=0.859
        [Trial 11] gen   20  evals= 1200  best=1.1173
        [Trial 11] gen   40  evals= 2400  best=0.9309
        [Trial 11] gen   60  evals= 3600  best=0.7723
        [Trial 11] gen   80  evals= 4800  best=0.6842
        [Trial 11] gen  100  evals= 6000  best=0.6207
        [Trial 11] gen  120  evals= 7200  best=0.6181
        [Trial 11] gen  140  evals= 8400  best=0.6162
        [Trial 11] gen  160  evals= 9600  best=0.6122
        [Trial 11] gen  180  evals=10800  best=0.6087
        [Trial 11] gen  200  evals=12000  best=0.6061
        [Trial 11] gen  220  evals=13200  best=0.6047
        [Trial 11] gen  240  evals=14400  best=0.6034
        [Trial 11] gen  260  evals=15600  best=0.6033
        [Trial 11] gen  280  evals=16800  best=0.6033
        [Trial 11] gen  300  evals=18000  best=0.6033
NOTE (module=cma, iteration=306):  
condition in coordinate system exceeded 1.0e+08, rescaled to 1.0e+00, 
condition changed from 7.4e+09 to 1.2e+10
        [Trial 11] gen  320  evals=19200  best=0.6033
        [Trial 11] gen  340  evals=20400  best=0.6033
        [Trial 11] gen  360  evals=21600  best=0.6020
        [Trial 11] gen  380  evals=22800  best=0.6020
        [Trial 11] gen  400  evals=24000  best=0.6020
        [Trial 11] gen  420  evals=25200  best=0.6020
        [Trial 11] gen  440  evals=26400  best=0.6020
        [Trial 11] gen  460  evals=27600  best=0.6020
        [Trial 11] gen  480  evals=28800  best=0.6020
        [Trial 11] gen  500  evals=30000  best=0.6020
        [Done] Trial 11 best=0.6020
    --> Early stop triggered: trial 11 reached loss=0.601986 < 0.639062

  Winner: Trial 11, loss=0.601986 (782s)
    Restarts run: 12
    mu: 86.475096
    D_mu: 12.806604
    T0_mu: 10.796342
    Ly: 2.415253
    op_x: 0.515738
    op_y: 0.686391
    NMSE: 0.000506
  [Saved] random_IR_0024

============================================================
[25/50] random_IR_0025.npz
  GT loss: 0.759741
  terrain_mean=2.252319  early_threshold=0.773920  (alpha=0.0095)
    --> Trial 0 | pop=59 seed=54678 x0_norm_min=-0.944 x0_norm_max=0.730
        [Trial 0] gen   20  evals= 1180  best=1.5879
        [Trial 0] gen   40  evals= 2360  best=1.4308
        [Trial 0] gen   60  evals= 3540  best=1.4308
        [Trial 0] gen   80  evals= 4720  best=1.4308
        [Trial 0] gen  100  evals= 5900  best=1.4201
        [Trial 0] gen  120  evals= 7080  best=1.4201
        [Trial 0] gen  140  evals= 8260  best=1.4201
        [Trial 0] gen  160  evals= 9440  best=1.4165
        [Trial 0] gen  180  evals=10620  best=1.4146
        [TRIAL TIMEOUT] Trial 0 total >600s, stopping
        [Done] Trial 0 best=1.4146
    --> Trial 1 | pop=50 seed=89449 x0_norm_min=-0.937 x0_norm_max=0.907
        [Pruned] Trial 1 at gen 15 (loss=1.5898)
    --> Trial 2 | pop=59 seed=5722 x0_norm_min=-0.344 x0_norm_max=0.824
        [Trial 2] gen   20  evals= 1180  best=1.4605
        [Trial 2] gen   40  evals= 2360  best=1.1481
        [Trial 2] gen   60  evals= 3540  best=1.1197
        [Trial 2] gen   80  evals= 4720  best=1.0737
        [Trial 2] gen  100  evals= 5900  best=1.0480
        [Trial 2] gen  120  evals= 7080  best=1.0272
        [Trial 2] gen  140  evals= 8260  best=1.0266
        [Trial 2] gen  160  evals= 9440  best=1.0225
        [Trial 2] gen  180  evals=10620  best=1.0224
        [Trial 2] gen  200  evals=11800  best=1.0207
        [Trial 2] gen  220  evals=12980  best=1.0186
        [Trial 2] gen  240  evals=14160  best=1.0173
        [Trial 2] gen  260  evals=15340  best=1.0173
        [Trial 2] gen  280  evals=16520  best=1.0172
        [Trial 2] gen  300  evals=17700  best=1.0163
        [Trial 2] gen  320  evals=18880  best=1.0163
        [Trial 2] gen  340  evals=20060  best=1.0157
        [Trial 2] gen  360  evals=21240  best=1.0157
        [Trial 2] gen  380  evals=22420  best=1.0157
        [Trial 2] gen  400  evals=23600  best=1.0157
        [Trial 2] gen  420  evals=24780  best=1.0157
        [Trial 2] gen  440  evals=25960  best=1.0157
        [Trial 2] gen  460  evals=27140  best=1.0157
        [Trial 2] gen  480  evals=28320  best=1.0157
        [Done] Trial 2 best=1.0157
    --> Trial 3 | pop=57 seed=31106 x0_norm_min=-0.797 x0_norm_max=0.622
        [Trial 3] gen   20  evals= 1140  best=1.2806
        [Trial 3] gen   40  evals= 2280  best=1.1918
        [Pruned] Trial 3 at gen 45 (loss=1.1611)
    --> Trial 4 | pop=53 seed=87013 x0_norm_min=-0.947 x0_norm_max=0.785
        [Pruned] Trial 4 at gen 15 (loss=1.5683)
    --> Trial 5 | pop=52 seed=11223 x0_norm_min=-0.748 x0_norm_max=0.981
        [Trial 5] gen   20  evals= 1040  best=1.4253
        [Trial 5] gen   40  evals= 2080  best=1.1476
        [Trial 5] gen   60  evals= 3120  best=1.0951
        [Trial 5] gen   80  evals= 4160  best=1.0653
        [Trial 5] gen  100  evals= 5200  best=1.0472
        [Trial 5] gen  120  evals= 6240  best=1.0399
        [Pruned] Trial 5 at gen 135 (loss=1.0350)
    --> Trial 6 | pop=49 seed=52697 x0_norm_min=-0.929 x0_norm_max=0.732
        [Trial 6] gen   20  evals=  980  best=1.2575
        [Trial 6] gen   40  evals= 1960  best=1.1113
        [Trial 6] gen   60  evals= 2940  best=1.1028
        [Trial 6] gen   80  evals= 3920  best=1.0840
        [Trial 6] gen  100  evals= 4900  best=1.0739
        [Trial 6] gen  120  evals= 5880  best=1.0641
        [Pruned] Trial 6 at gen 135 (loss=1.0641)
    --> Trial 7 | pop=56 seed=13287 x0_norm_min=-0.779 x0_norm_max=0.922
        [Pruned] Trial 7 at gen 15 (loss=1.5760)
    --> Trial 8 | pop=40 seed=7061 x0_norm_min=-0.814 x0_norm_max=0.843
        [Pruned] Trial 8 at gen 15 (loss=1.5850)
    --> Trial 9 | pop=60 seed=9179 x0_norm_min=-0.955 x0_norm_max=0.770
        [Pruned] Trial 9 at gen 15 (loss=1.5225)
    --> Trial 10 | pop=31 seed=63953 x0_norm_min=-0.841 x0_norm_max=0.672
        [Pruned] Trial 10 at gen 15 (loss=1.6277)
    --> Trial 11 | pop=59 seed=39434 x0_norm_min=-0.781 x0_norm_max=0.859
        [Pruned] Trial 11 at gen 15 (loss=1.5810)
    --> Trial 12 | pop=44 seed=70206 x0_norm_min=-0.402 x0_norm_max=0.428
        [Pruned] Trial 12 at gen 15 (loss=1.5710)
    --> Trial 13 | pop=60 seed=29674 x0_norm_min=-0.863 x0_norm_max=0.955
        [Trial 13] gen   20  evals= 1200  best=1.3598
        [Trial 13] gen   40  evals= 2400  best=1.0712
        [Trial 13] gen   60  evals= 3600  best=1.0621
        [Trial 13] gen   80  evals= 4800  best=1.0520
        [Trial 13] gen  100  evals= 6000  best=1.0346
        [Trial 13] gen  120  evals= 7200  best=1.0283
        [Trial 13] gen  140  evals= 8400  best=1.0239
        [Trial 13] gen  160  evals= 9600  best=1.0239
        [Trial 13] gen  180  evals=10800  best=1.0218
        [Trial 13] gen  200  evals=12000  best=1.0203
        [Trial 13] gen  220  evals=13200  best=1.0203
        [Trial 13] gen  240  evals=14400  best=1.0195
        [Trial 13] gen  260  evals=15600  best=1.0186
        [Trial 13] gen  280  evals=16800  best=1.0183
        [Trial 13] gen  300  evals=18000  best=1.0181
        [Trial 13] gen  320  evals=19200  best=1.0178
        [Trial 13] gen  340  evals=20400  best=1.0178
        [Trial 13] gen  360  evals=21600  best=1.0178
        [Trial 13] gen  380  evals=22800  best=1.0178
        [Trial 13] gen  400  evals=24000  best=1.0174
        [Pruned] Trial 13 at gen 405 (loss=1.0174)
    --> Trial 14 | pop=54 seed=46918 x0_norm_min=-0.897 x0_norm_max=-0.091
        [Pruned] Trial 14 at gen 15 (loss=1.5561)
    --> Trial 15 | pop=46 seed=71430 x0_norm_min=-0.690 x0_norm_max=0.990
        [Trial 15] gen   20  evals=  920  best=1.5013
        [Trial 15] gen   40  evals= 1840  best=1.4277
        [Pruned] Trial 15 at gen 45 (loss=1.3959)
    --> Trial 16 | pop=56 seed=24619 x0_norm_min=-0.776 x0_norm_max=0.982
        [Pruned] Trial 16 at gen 15 (loss=1.6031)
    --> Trial 17 | pop=35 seed=98675 x0_norm_min=-0.863 x0_norm_max=0.835
        [Trial 17] gen   20  evals=  700  best=1.5088
        [Trial 17] gen   40  evals= 1400  best=1.4377
        [Pruned] Trial 17 at gen 45 (loss=1.4377)
    --> Trial 18 | pop=56 seed=21 x0_norm_min=-0.933 x0_norm_max=0.907
        [Pruned] Trial 18 at gen 15 (loss=1.5730)
    --> Trial 19 | pop=50 seed=57450 x0_norm_min=-0.948 x0_norm_max=0.822
        [Pruned] Trial 19 at gen 15 (loss=1.5566)

  Winner: Trial 2, loss=1.015729 (1718s)
    Restarts run: 20
    mu: 76.063177
    D_mu: 17.190330
    T0_mu: 0.007958
    Ly: 3.996466
    op_x: 0.510418
    op_y: 0.896329
    NMSE: 0.096837
  [Saved] random_IR_0025

============================================================
[26/50] random_IR_0026.npz
  GT loss: 0.711018
  terrain_mean=2.391431  early_threshold=0.726982  (alpha=0.0095)
    --> Trial 0 | pop=48 seed=30616 x0_norm_min=-0.944 x0_norm_max=0.730
        [Trial 0] gen   20  evals=  960  best=1.4615
        [Trial 0] gen   40  evals= 1920  best=1.2803
        [Trial 0] gen   60  evals= 2880  best=1.2152
        [Trial 0] gen   80  evals= 3840  best=1.1950
        [Trial 0] gen  100  evals= 4800  best=1.1827
        [Trial 0] gen  120  evals= 5760  best=1.1827
        [Trial 0] gen  140  evals= 6720  best=1.1741
        [Trial 0] gen  160  evals= 7680  best=1.1654
        [Trial 0] gen  180  evals= 8640  best=1.1643
        [Trial 0] gen  200  evals= 9600  best=1.1625
        [Trial 0] gen  220  evals=10560  best=1.1601
        [Trial 0] gen  240  evals=11520  best=1.1601
        [Trial 0] gen  260  evals=12480  best=1.1601
        [Trial 0] gen  280  evals=13440  best=1.1590
        [Trial 0] gen  300  evals=14400  best=1.1590
        [Trial 0] gen  320  evals=15360  best=1.1585
        [Trial 0] gen  340  evals=16320  best=1.1570
        [TRIAL TIMEOUT] Trial 0 total >600s, stopping
        [Done] Trial 0 best=1.1562
    --> Trial 1 | pop=44 seed=32943 x0_norm_min=-0.937 x0_norm_max=0.907
        [Trial 1] gen   20  evals=  880  best=1.4272
        [Trial 1] gen   40  evals= 1760  best=1.3792
        [Pruned] Trial 1 at gen 45 (loss=1.3191)
    --> Trial 2 | pop=53 seed=58536 x0_norm_min=-0.344 x0_norm_max=0.824
        [Pruned] Trial 2 at gen 15 (loss=1.4930)
    --> Trial 3 | pop=45 seed=50784 x0_norm_min=-0.797 x0_norm_max=0.622
        [Trial 3] gen   20  evals=  900  best=1.3829
        [Trial 3] gen   40  evals= 1800  best=1.2565
        [Pruned] Trial 3 at gen 45 (loss=1.2565)
    --> Trial 4 | pop=31 seed=5343 x0_norm_min=-0.947 x0_norm_max=0.785
        [Pruned] Trial 4 at gen 15 (loss=1.5806)
    --> Trial 5 | pop=57 seed=35664 x0_norm_min=-0.748 x0_norm_max=0.981
        [Pruned] Trial 5 at gen 15 (loss=1.4471)
    --> Trial 6 | pop=48 seed=19128 x0_norm_min=-0.929 x0_norm_max=0.732
        [Trial 6] gen   20  evals=  960  best=1.3685
        [Trial 6] gen   40  evals= 1920  best=1.1945
        [Trial 6] gen   60  evals= 2880  best=1.1741
        [Trial 6] gen   80  evals= 3840  best=1.1687
        [Trial 6] gen  100  evals= 4800  best=1.1532
        [Trial 6] gen  120  evals= 5760  best=1.1444
        [Trial 6] gen  140  evals= 6720  best=1.1291
        [Trial 6] gen  160  evals= 7680  best=1.1192
        [Trial 6] gen  180  evals= 8640  best=1.1139
        [Trial 6] gen  200  evals= 9600  best=1.1123
        [Trial 6] gen  220  evals=10560  best=1.1107
NOTE (module=cma, iteration=235):  
condition in coordinate system exceeded 1.3e+08, rescaled to 1.0e+00, 
condition changed from 3.7e+08 to 5.6e+07
        [Trial 6] gen  240  evals=11520  best=1.1086
        [Trial 6] gen  260  evals=12480  best=1.1077
        [Trial 6] gen  280  evals=13440  best=1.1077
        [Trial 6] gen  300  evals=14400  best=1.1077
        [Trial 6] gen  320  evals=15360  best=1.1075
        [Trial 6] gen  340  evals=16320  best=1.1060
        [Trial 6] gen  360  evals=17280  best=1.1054
        [Trial 6] gen  380  evals=18240  best=1.1054
        [Trial 6] gen  400  evals=19200  best=1.1054
        [Trial 6] gen  420  evals=20160  best=1.1054
        [Trial 6] gen  440  evals=21120  best=1.1054
        [Trial 6] gen  460  evals=22080  best=1.1054
        [Trial 6] gen  480  evals=23040  best=1.1054
        [Trial 6] gen  500  evals=24000  best=1.1054
        [Trial 6] gen  520  evals=24960  best=1.1054
        [Done] Trial 6 best=1.1054
    --> Trial 7 | pop=39 seed=41661 x0_norm_min=-0.779 x0_norm_max=0.922
        [Pruned] Trial 7 at gen 15 (loss=1.4912)
    --> Trial 8 | pop=35 seed=95567 x0_norm_min=-0.814 x0_norm_max=0.843
        [Trial 8] gen   20  evals=  700  best=1.3670
        [Trial 8] gen   40  evals= 1400  best=1.1198
        [Trial 8] gen   60  evals= 2100  best=0.9396
        [Trial 8] gen   80  evals= 2800  best=0.7491
        [Trial 8] gen  100  evals= 3500  best=0.7071
        [Trial 8] gen  120  evals= 4200  best=0.6990
        [Trial 8] gen  140  evals= 4900  best=0.6977
        [Trial 8] gen  160  evals= 5600  best=0.6944
        [Trial 8] gen  180  evals= 6300  best=0.6944
        [Trial 8] gen  200  evals= 7000  best=0.6927
        [Trial 8] gen  220  evals= 7700  best=0.6910
        [Trial 8] gen  240  evals= 8400  best=0.6905
        [Trial 8] gen  260  evals= 9100  best=0.6882
        [Trial 8] gen  280  evals= 9800  best=0.6875
        [Trial 8] gen  300  evals=10500  best=0.6875
        [Trial 8] gen  320  evals=11200  best=0.6871
        [Trial 8] gen  340  evals=11900  best=0.6869
        [Trial 8] gen  360  evals=12600  best=0.6869
        [Trial 8] gen  380  evals=13300  best=0.6869
        [Trial 8] gen  400  evals=14000  best=0.6863
        [Trial 8] gen  420  evals=14700  best=0.6863
        [Trial 8] gen  440  evals=15400  best=0.6863
        [Trial 8] gen  460  evals=16100  best=0.6863
NOTE (module=cma, iteration=468):  
condition in coordinate system exceeded 1.1e+08, rescaled to 1.0e+00, 
condition changed from 6.2e+09 to 2.3e+08
        [Trial 8] gen  480  evals=16800  best=0.6863
        [Trial 8] gen  500  evals=17500  best=0.6863
        [Trial 8] gen  520  evals=18200  best=0.6863
        [Done] Trial 8 best=0.6863
    --> Early stop triggered: trial 8 reached loss=0.686339 < 0.726982

  Winner: Trial 8, loss=0.686339 (1357s)
    Restarts run: 9
    mu: 37.567386
    D_mu: 2.312088
    T0_mu: 24.834126
    Ly: 1.749401
    op_x: 0.590694
    op_y: 0.814532
    NMSE: 0.000001
  [Saved] random_IR_0026

============================================================
[27/50] random_IR_0027.npz
  GT loss: 0.781239
  terrain_mean=2.412008  early_threshold=0.796731  (alpha=0.0095)
    --> Trial 0 | pop=42 seed=60287 x0_norm_min=-0.944 x0_norm_max=0.730
        [Trial 0] gen   20  evals=  840  best=1.5305
        [Trial 0] gen   40  evals= 1680  best=1.4192
        [Trial 0] gen   60  evals= 2520  best=1.3473
        [Trial 0] gen   80  evals= 3360  best=1.3377
        [Trial 0] gen  100  evals= 4200  best=1.3295
        [Trial 0] gen  120  evals= 5040  best=1.3199
        [Trial 0] gen  140  evals= 5880  best=1.3123
        [Trial 0] gen  160  evals= 6720  best=1.3032
        [Trial 0] gen  180  evals= 7560  best=1.3015
        [Trial 0] gen  200  evals= 8400  best=1.3007
        [Trial 0] gen  220  evals= 9240  best=1.2987
        [Trial 0] gen  240  evals=10080  best=1.2968
        [Trial 0] gen  260  evals=10920  best=1.2968
        [Trial 0] gen  280  evals=11760  best=1.2965
        [Trial 0] gen  300  evals=12600  best=1.2953
        [Trial 0] gen  320  evals=13440  best=1.2944
        [Trial 0] gen  340  evals=14280  best=1.2942
        [Trial 0] gen  360  evals=15120  best=1.2927
        [Trial 0] gen  380  evals=15960  best=1.2927
        [Trial 0] gen  400  evals=16800  best=1.2921
        [Trial 0] gen  420  evals=17640  best=1.2921
        [Trial 0] gen  440  evals=18480  best=1.2921
        [Trial 0] gen  460  evals=19320  best=1.2921
        [Trial 0] gen  480  evals=20160  best=1.2921
        [Trial 0] gen  500  evals=21000  best=1.2921
        [Trial 0] gen  520  evals=21840  best=1.2921
        [Trial 0] gen  540  evals=22680  best=1.2921
        [Trial 0] gen  560  evals=23520  best=1.2921
        [Trial 0] gen  580  evals=24360  best=1.2921
        [Trial 0] gen  600  evals=25200  best=1.2921
        [Done] Trial 0 best=1.2921
    --> Trial 1 | pop=30 seed=93696 x0_norm_min=-0.937 x0_norm_max=0.907
        [Trial 1] gen   20  evals=  600  best=1.5307
        [Trial 1] gen   40  evals= 1200  best=1.4426
        [Pruned] Trial 1 at gen 45 (loss=1.4426)
    --> Trial 2 | pop=54 seed=4712 x0_norm_min=-0.344 x0_norm_max=0.824
        [Trial 2] gen   20  evals= 1080  best=1.4213
        [Trial 2] gen   40  evals= 2160  best=1.3855
        [Trial 2] gen   60  evals= 3240  best=1.3229
        [Trial 2] gen   80  evals= 4320  best=1.2819
        [Trial 2] gen  100  evals= 5400  best=1.2601
        [Trial 2] gen  120  evals= 6480  best=1.2373
        [Trial 2] gen  140  evals= 7560  best=1.2029
        [Trial 2] gen  160  evals= 8640  best=1.1829
        [Trial 2] gen  180  evals= 9720  best=1.1764
        [Trial 2] gen  200  evals=10800  best=1.1725
        [Trial 2] gen  220  evals=11880  best=1.1717
NOTE (module=cma, iteration=239):  
condition in coordinate system exceeded 1.0e+08, rescaled to 1.0e+00, 
condition changed from 1.1e+09 to 2.0e+08
        [Trial 2] gen  240  evals=12960  best=1.1711
        [Trial 2] gen  260  evals=14040  best=1.1706
        [Trial 2] gen  280  evals=15120  best=1.1691
        [Trial 2] gen  300  evals=16200  best=1.1685
        [Trial 2] gen  320  evals=17280  best=1.1679
        [Trial 2] gen  340  evals=18360  best=1.1676
        [Trial 2] gen  360  evals=19440  best=1.1675
        [Trial 2] gen  380  evals=20520  best=1.1673
        [Trial 2] gen  400  evals=21600  best=1.1669
        [Trial 2] gen  420  evals=22680  best=1.1669
        [Trial 2] gen  440  evals=23760  best=1.1668
        [Trial 2] gen  460  evals=24840  best=1.1668
        [Trial 2] gen  480  evals=25920  best=1.1668
        [Trial 2] gen  500  evals=27000  best=1.1668
        [Trial 2] gen  520  evals=28080  best=1.1664
        [Trial 2] gen  540  evals=29160  best=1.1664
        [Done] Trial 2 best=1.1664
    --> Trial 3 | pop=39 seed=80358 x0_norm_min=-0.797 x0_norm_max=0.622
        [Trial 3] gen   20  evals=  780  best=1.4630
        [Trial 3] gen   40  evals= 1560  best=1.4019
        [Pruned] Trial 3 at gen 45 (loss=1.3908)
    --> Trial 4 | pop=48 seed=56307 x0_norm_min=-0.947 x0_norm_max=0.785
        [Pruned] Trial 4 at gen 15 (loss=1.4932)
    --> Trial 5 | pop=41 seed=53000 x0_norm_min=-0.748 x0_norm_max=0.981
        [Pruned] Trial 5 at gen 15 (loss=1.6105)
    --> Trial 6 | pop=32 seed=69652 x0_norm_min=-0.929 x0_norm_max=0.732
        [Pruned] Trial 6 at gen 15 (loss=1.6213)
    --> Trial 7 | pop=32 seed=63792 x0_norm_min=-0.779 x0_norm_max=0.922
        [Pruned] Trial 7 at gen 15 (loss=1.5874)
    --> Trial 8 | pop=58 seed=55881 x0_norm_min=-0.814 x0_norm_max=0.843
        [Trial 8] gen   20  evals= 1160  best=1.3320
        [Trial 8] gen   40  evals= 2320  best=1.3138
        [Trial 8] gen   60  evals= 3480  best=1.1860
        [Trial 8] gen   80  evals= 4640  best=1.1554
        [Trial 8] gen  100  evals= 5800  best=1.1288
        [Trial 8] gen  120  evals= 6960  best=1.1065
        [Trial 8] gen  140  evals= 8120  best=1.0961
        [Trial 8] gen  160  evals= 9280  best=1.0907
        [Trial 8] gen  180  evals=10440  best=1.0901
        [Trial 8] gen  200  evals=11600  best=1.0896
        [Trial 8] gen  220  evals=12760  best=1.0873
        [Trial 8] gen  240  evals=13920  best=1.0856
        [Trial 8] gen  260  evals=15080  best=1.0856
NOTE (module=cma, iteration=262):  
condition in coordinate system exceeded 1.2e+08, rescaled to 1.0e+00, 
condition changed from 3.7e+09 to 3.6e+08
        [Trial 8] gen  280  evals=16240  best=1.0856
        [Trial 8] gen  300  evals=17400  best=1.0856
        [Trial 8] gen  320  evals=18560  best=1.0856
        [Trial 8] gen  340  evals=19720  best=1.0856
        [Trial 8] gen  360  evals=20880  best=1.0856
        [Trial 8] gen  380  evals=22040  best=1.0856
        [Trial 8] gen  400  evals=23200  best=1.0854
        [Trial 8] gen  420  evals=24360  best=1.0854
        [Trial 8] gen  440  evals=25520  best=1.0854
        [Trial 8] gen  460  evals=26680  best=1.0854
        [Done] Trial 8 best=1.0854
    --> Trial 9 | pop=54 seed=96760 x0_norm_min=-0.955 x0_norm_max=0.770
        [Trial 9] gen   20  evals= 1080  best=1.4201
        [Trial 9] gen   40  evals= 2160  best=1.4201
        [Pruned] Trial 9 at gen 45 (loss=1.3947)
    --> Trial 10 | pop=59 seed=26178 x0_norm_min=-0.841 x0_norm_max=0.672
        [Trial 10] gen   20  evals= 1180  best=1.4045
        [Trial 10] gen   40  evals= 2360  best=1.4045
        [Pruned] Trial 10 at gen 45 (loss=1.4045)
    --> Trial 11 | pop=60 seed=1334 x0_norm_min=-0.781 x0_norm_max=0.859
        [Trial 11] gen   20  evals= 1200  best=1.4753
        [Trial 11] gen   40  evals= 2400  best=1.3298
        [Trial 11] gen   60  evals= 3600  best=1.1989
        [Trial 11] gen   80  evals= 4800  best=1.1259
        [Trial 11] gen  100  evals= 6000  best=1.1168
        [Trial 11] gen  120  evals= 7200  best=1.1133
        [Pruned] Trial 11 at gen 135 (loss=1.1106)
    --> Trial 12 | pop=53 seed=31887 x0_norm_min=-0.402 x0_norm_max=0.428
        [Pruned] Trial 12 at gen 15 (loss=1.4994)
    --> Trial 13 | pop=52 seed=870 x0_norm_min=-0.863 x0_norm_max=0.955
        [Trial 13] gen   20  evals= 1040  best=1.3405
        [Trial 13] gen   40  evals= 2080  best=1.3405
        [Trial 13] gen   60  evals= 3120  best=1.2175
        [Trial 13] gen   80  evals= 4160  best=1.1245
        [Trial 13] gen  100  evals= 5200  best=1.1245
        [Trial 13] gen  120  evals= 6240  best=1.1209
        [Pruned] Trial 13 at gen 135 (loss=1.1209)
    --> Trial 14 | pop=56 seed=35690 x0_norm_min=-0.897 x0_norm_max=-0.091
        [Pruned] Trial 14 at gen 15 (loss=1.6263)
    --> Trial 15 | pop=49 seed=21799 x0_norm_min=-0.690 x0_norm_max=0.990
        [Pruned] Trial 15 at gen 15 (loss=1.5015)
    --> Trial 16 | pop=46 seed=44163 x0_norm_min=-0.776 x0_norm_max=0.982
        [Pruned] Trial 16 at gen 15 (loss=1.5672)
    --> Trial 17 | pop=57 seed=14558 x0_norm_min=-0.863 x0_norm_max=0.835
        [Trial 17] gen   20  evals= 1140  best=1.4720
        [Trial 17] gen   40  evals= 2280  best=1.3375
        [Pruned] Trial 17 at gen 45 (loss=1.3220)
    --> Trial 18 | pop=51 seed=78295 x0_norm_min=-0.933 x0_norm_max=0.907
        [Trial 18] gen   20  evals= 1020  best=1.4086
        [Trial 18] gen   40  evals= 2040  best=1.3223
        [Pruned] Trial 18 at gen 45 (loss=1.3223)
    --> Trial 19 | pop=56 seed=13080 x0_norm_min=-0.948 x0_norm_max=0.822
        [Pruned] Trial 19 at gen 15 (loss=1.5746)

  Winner: Trial 8, loss=1.085433 (2242s)
    Restarts run: 20
    mu: 25.052129
    D_mu: 3.392168
    T0_mu: 38.104755
    Ly: 2.726393
    op_x: 0.732698
    op_y: 0.868694
    NMSE: 0.003193
  [Saved] random_IR_0027

============================================================
[28/50] random_IR_0028.npz
  GT loss: 0.847070
  terrain_mean=2.300721  early_threshold=0.860880  (alpha=0.0095)
    --> Trial 0 | pop=54 seed=3937 x0_norm_min=-0.944 x0_norm_max=0.730
        [Trial 0] gen   20  evals= 1080  best=1.6271
        [Trial 0] gen   40  evals= 2160  best=1.5083
        [Trial 0] gen   60  evals= 3240  best=1.4858
        [Trial 0] gen   80  evals= 4320  best=1.4520
        [Trial 0] gen  100  evals= 5400  best=1.4281
        [Trial 0] gen  120  evals= 6480  best=1.4027
        [Trial 0] gen  140  evals= 7560  best=1.3958
        [Trial 0] gen  160  evals= 8640  best=1.3795
        [Trial 0] gen  180  evals= 9720  best=1.3756
        [Trial 0] gen  200  evals=10800  best=1.3742
        [Trial 0] gen  220  evals=11880  best=1.3718
        [Trial 0] gen  240  evals=12960  best=1.3709
        [Trial 0] gen  260  evals=14040  best=1.3702
        [Trial 0] gen  280  evals=15120  best=1.3702
        [Trial 0] gen  300  evals=16200  best=1.3700
        [Trial 0] gen  320  evals=17280  best=1.3695
        [Trial 0] gen  340  evals=18360  best=1.3686
        [Trial 0] gen  360  evals=19440  best=1.3686
NOTE (module=cma, iteration=375):  
condition in coordinate system exceeded 1.0e+08, rescaled to 1.0e+00, 
condition changed from 5.4e+09 to 2.3e+09
        [Trial 0] gen  380  evals=20520  best=1.3686
        [Trial 0] gen  400  evals=21600  best=1.3686
        [Trial 0] gen  420  evals=22680  best=1.3686
        [Trial 0] gen  440  evals=23760  best=1.3686
        [Trial 0] gen  460  evals=24840  best=1.3686
        [Trial 0] gen  480  evals=25920  best=1.3686
        [Trial 0] gen  500  evals=27000  best=1.3686
        [Trial 0] gen  520  evals=28080  best=1.3686
        [Trial 0] gen  540  evals=29160  best=1.3686
        [Done] Trial 0 best=1.3686
    --> Trial 1 | pop=30 seed=30492 x0_norm_min=-0.937 x0_norm_max=0.907
        [Trial 1] gen   20  evals=  600  best=1.5849
        [Trial 1] gen   40  evals= 1200  best=1.5849
        [Pruned] Trial 1 at gen 45 (loss=1.5849)
    --> Trial 2 | pop=36 seed=15702 x0_norm_min=-0.344 x0_norm_max=0.824
        [Pruned] Trial 2 at gen 15 (loss=1.7137)
    --> Trial 3 | pop=50 seed=3292 x0_norm_min=-0.797 x0_norm_max=0.622
        [Pruned] Trial 3 at gen 15 (loss=1.7064)
    --> Trial 4 | pop=54 seed=8168 x0_norm_min=-0.947 x0_norm_max=0.785
        [Trial 4] gen   20  evals= 1080  best=1.4666
        [Trial 4] gen   40  evals= 2160  best=1.4666
        [Trial 4] gen   60  evals= 3240  best=1.4666
        [Trial 4] gen   80  evals= 4320  best=1.4666
        [Trial 4] gen  100  evals= 5400  best=1.4666
        [Trial 4] gen  120  evals= 6480  best=1.4194
        [Pruned] Trial 4 at gen 135 (loss=1.4194)
    --> Trial 5 | pop=31 seed=84178 x0_norm_min=-0.748 x0_norm_max=0.981
        [Pruned] Trial 5 at gen 15 (loss=1.7336)
    --> Trial 6 | pop=47 seed=59136 x0_norm_min=-0.929 x0_norm_max=0.732
        [Pruned] Trial 6 at gen 15 (loss=1.6698)
    --> Trial 7 | pop=46 seed=25990 x0_norm_min=-0.779 x0_norm_max=0.922
        [Trial 7] gen   20  evals=  920  best=1.5678
        [Trial 7] gen   40  evals= 1840  best=1.2541
        [Trial 7] gen   60  evals= 2760  best=1.2174
        [Trial 7] gen   80  evals= 3680  best=1.1919
        [Trial 7] gen  100  evals= 4600  best=1.1497
        [Trial 7] gen  120  evals= 5520  best=1.1256
        [Trial 7] gen  140  evals= 6440  best=1.1103
        [Trial 7] gen  160  evals= 7360  best=1.0430
        [Trial 7] gen  180  evals= 8280  best=1.0289
NOTE (module=cma, iteration=196):  
condition in coordinate system exceeded 1.0e+08, rescaled to 1.0e+00, 
condition changed from 2.5e+08 to 7.3e+07
        [Trial 7] gen  200  evals= 9200  best=1.0248
        [Trial 7] gen  220  evals=10120  best=1.0243
        [Trial 7] gen  240  evals=11040  best=1.0240
        [Trial 7] gen  260  evals=11960  best=1.0236
        [Trial 7] gen  280  evals=12880  best=1.0233
        [Trial 7] gen  300  evals=13800  best=1.0220
        [Trial 7] gen  320  evals=14720  best=1.0219
        [Trial 7] gen  340  evals=15640  best=1.0218
        [Trial 7] gen  360  evals=16560  best=1.0217
        [Trial 7] gen  380  evals=17480  best=1.0217
        [Trial 7] gen  400  evals=18400  best=1.0208
        [Trial 7] gen  420  evals=19320  best=1.0208
        [Trial 7] gen  440  evals=20240  best=1.0208
        [Trial 7] gen  460  evals=21160  best=1.0208
        [Trial 7] gen  480  evals=22080  best=1.0208
        [Trial 7] gen  500  evals=23000  best=1.0208
        [Done] Trial 7 best=1.0208
    --> Trial 8 | pop=51 seed=11066 x0_norm_min=-0.814 x0_norm_max=0.843
        [Pruned] Trial 8 at gen 15 (loss=1.7052)
    --> Trial 9 | pop=55 seed=62863 x0_norm_min=-0.955 x0_norm_max=0.770
        [Trial 9] gen   20  evals= 1100  best=1.5211
        [Trial 9] gen   40  evals= 2200  best=1.5211
        [Pruned] Trial 9 at gen 45 (loss=1.5211)
    --> Trial 10 | pop=42 seed=42219 x0_norm_min=-0.841 x0_norm_max=0.672
        [Pruned] Trial 10 at gen 15 (loss=1.6123)
    --> Trial 11 | pop=59 seed=28645 x0_norm_min=-0.781 x0_norm_max=0.859
        [Trial 11] gen   20  evals= 1180  best=1.5278
        [Trial 11] gen   40  evals= 2360  best=1.2150
        [Trial 11] gen   60  evals= 3540  best=1.2142
        [Trial 11] gen   80  evals= 4720  best=1.1588
        [Trial 11] gen  100  evals= 5900  best=1.1097
        [Trial 11] gen  120  evals= 7080  best=1.0840
        [Trial 11] gen  140  evals= 8260  best=1.0647
NOTE (module=cma, iteration=158):  
condition in coordinate system exceeded 1.2e+08, rescaled to 1.0e+00, 
condition changed from 6.9e+08 to 6.2e+07
        [Trial 11] gen  160  evals= 9440  best=1.0612
        [Trial 11] gen  180  evals=10620  best=1.0598
        [Trial 11] gen  200  evals=11800  best=1.0585
        [Trial 11] gen  220  evals=12980  best=1.0582
        [Trial 11] gen  240  evals=14160  best=1.0580
        [Trial 11] gen  260  evals=15340  best=1.0580
        [Trial 11] gen  280  evals=16520  best=1.0576
        [Trial 11] gen  300  evals=17700  best=1.0576
        [Trial 11] gen  320  evals=18880  best=1.0576
        [Trial 11] gen  340  evals=20060  best=1.0576
        [Trial 11] gen  360  evals=21240  best=1.0576
        [Trial 11] gen  380  evals=22420  best=1.0576
        [Trial 11] gen  400  evals=23600  best=1.0570
        [Pruned] Trial 11 at gen 405 (loss=1.0570)
    --> Trial 12 | pop=44 seed=29922 x0_norm_min=-0.402 x0_norm_max=0.428
        [Trial 12] gen   20  evals=  880  best=1.5626
        [Trial 12] gen   40  evals= 1760  best=1.3312
        [Pruned] Trial 12 at gen 45 (loss=1.3312)
    --> Trial 13 | pop=40 seed=47980 x0_norm_min=-0.863 x0_norm_max=0.955
        [Pruned] Trial 13 at gen 15 (loss=1.6196)
    --> Trial 14 | pop=47 seed=60 x0_norm_min=-0.897 x0_norm_max=-0.091
        [Pruned] Trial 14 at gen 15 (loss=1.5843)
    --> Trial 15 | pop=60 seed=19339 x0_norm_min=-0.690 x0_norm_max=0.990
        [Pruned] Trial 15 at gen 15 (loss=1.7062)
    --> Trial 16 | pop=55 seed=89219 x0_norm_min=-0.776 x0_norm_max=0.982
        [Trial 16] gen   20  evals= 1100  best=1.5114
        [Trial 16] gen   40  evals= 2200  best=1.5019
        [Pruned] Trial 16 at gen 45 (loss=1.5019)
    --> Trial 17 | pop=38 seed=23027 x0_norm_min=-0.863 x0_norm_max=0.835
        [Pruned] Trial 17 at gen 15 (loss=1.6504)
    --> Trial 18 | pop=46 seed=41088 x0_norm_min=-0.933 x0_norm_max=0.907
        [Trial 18] gen   20  evals=  920  best=1.5545
        [Trial 18] gen   40  evals= 1840  best=1.5545
        [Pruned] Trial 18 at gen 45 (loss=1.5545)
    --> Trial 19 | pop=51 seed=73405 x0_norm_min=-0.948 x0_norm_max=0.822
        [Trial 19] gen   20  evals= 1020  best=1.5635
        [Trial 19] gen   40  evals= 2040  best=1.3668
        [Pruned] Trial 19 at gen 45 (loss=1.3416)

  Winner: Trial 7, loss=1.020807 (624s)
    Restarts run: 20
    mu: 53.900326
    D_mu: 21.706134
    T0_mu: 4.185041
    Ly: 1.990314
    op_x: 0.740078
    op_y: 0.766897
    NMSE: 0.035426
  [Saved] random_IR_0028

============================================================
[29/50] random_IR_0029.npz
  GT loss: 0.908273
  terrain_mean=2.900400  early_threshold=0.927199  (alpha=0.0095)
    --> Trial 0 | pop=40 seed=29387 x0_norm_min=-0.944 x0_norm_max=0.730
        [Trial 0] gen   20  evals=  800  best=1.6525
        [Trial 0] gen   40  evals= 1600  best=1.4644
        [Trial 0] gen   60  evals= 2400  best=1.3732
        [Trial 0] gen   80  evals= 3200  best=1.3496
        [Trial 0] gen  100  evals= 4000  best=1.3418
        [Trial 0] gen  120  evals= 4800  best=1.3343
        [Trial 0] gen  140  evals= 5600  best=1.3327
        [Trial 0] gen  160  evals= 6400  best=1.3271
        [Trial 0] gen  180  evals= 7200  best=1.3271
        [Trial 0] gen  200  evals= 8000  best=1.3270
        [Trial 0] gen  220  evals= 8800  best=1.3254
        [Trial 0] gen  240  evals= 9600  best=1.3253
        [Trial 0] gen  260  evals=10400  best=1.3237
        [Trial 0] gen  280  evals=11200  best=1.3237
        [Trial 0] gen  300  evals=12000  best=1.3223
        [Trial 0] gen  320  evals=12800  best=1.3215
        [Trial 0] gen  340  evals=13600  best=1.3215
        [Trial 0] gen  360  evals=14400  best=1.3215
        [Trial 0] gen  380  evals=15200  best=1.3212
        [Trial 0] gen  400  evals=16000  best=1.3201
        [Trial 0] gen  420  evals=16800  best=1.3201
        [Trial 0] gen  440  evals=17600  best=1.3201
        [Trial 0] gen  460  evals=18400  best=1.3191
        [Trial 0] gen  480  evals=19200  best=1.3191
        [Trial 0] gen  500  evals=20000  best=1.3191
        [Trial 0] gen  520  evals=20800  best=1.3191
        [Done] Trial 0 best=1.3191
    --> Trial 1 | pop=33 seed=12261 x0_norm_min=-0.937 x0_norm_max=0.907
        [Trial 1] gen   20  evals=  660  best=1.5717
        [Trial 1] gen   40  evals= 1320  best=1.4804
        [Pruned] Trial 1 at gen 45 (loss=1.4559)
    --> Trial 2 | pop=34 seed=72802 x0_norm_min=-0.344 x0_norm_max=0.824
        [Pruned] Trial 2 at gen 15 (loss=1.8483)
    --> Trial 3 | pop=33 seed=59699 x0_norm_min=-0.797 x0_norm_max=0.622
        [Pruned] Trial 3 at gen 15 (loss=1.7057)
    --> Trial 4 | pop=54 seed=51413 x0_norm_min=-0.947 x0_norm_max=0.785
        [Pruned] Trial 4 at gen 15 (loss=1.6868)
    --> Trial 5 | pop=44 seed=75634 x0_norm_min=-0.748 x0_norm_max=0.981
        [Trial 5] gen   20  evals=  880  best=1.4749
        [Trial 5] gen   40  evals= 1760  best=1.4158
        [Pruned] Trial 5 at gen 45 (loss=1.4158)
    --> Trial 6 | pop=37 seed=8287 x0_norm_min=-0.929 x0_norm_max=0.732
        [Pruned] Trial 6 at gen 15 (loss=1.7032)
    --> Trial 7 | pop=37 seed=89296 x0_norm_min=-0.779 x0_norm_max=0.922
        [Trial 7] gen   20  evals=  740  best=1.5861
        [Trial 7] gen   40  evals= 1480  best=1.4024
        [Trial 7] gen   60  evals= 2220  best=1.4024
        [Trial 7] gen   80  evals= 2960  best=1.3728
        [Trial 7] gen  100  evals= 3700  best=1.3376
        [Trial 7] gen  120  evals= 4440  best=1.3313
        [Trial 7] gen  140  evals= 5180  best=1.3278
        [Trial 7] gen  160  evals= 5920  best=1.3181
        [Trial 7] gen  180  evals= 6660  best=1.3176
        [Trial 7] gen  200  evals= 7400  best=1.3120
        [Trial 7] gen  220  evals= 8140  best=1.3070
        [Trial 7] gen  240  evals= 8880  best=1.3067
        [Trial 7] gen  260  evals= 9620  best=1.3057
        [Trial 7] gen  280  evals=10360  best=1.3047
        [Trial 7] gen  300  evals=11100  best=1.3010
        [Trial 7] gen  320  evals=11840  best=1.3004
        [Trial 7] gen  340  evals=12580  best=1.2986
        [Trial 7] gen  360  evals=13320  best=1.2986
        [Trial 7] gen  380  evals=14060  best=1.2986
        [Trial 7] gen  400  evals=14800  best=1.2986
        [Trial 7] gen  420  evals=15540  best=1.2986
        [Trial 7] gen  440  evals=16280  best=1.2986
        [Trial 7] gen  460  evals=17020  best=1.2986
        [Trial 7] gen  480  evals=17760  best=1.2986
        [Trial 7] gen  500  evals=18500  best=1.2986
        [Trial 7] gen  520  evals=19240  best=1.2986
        [Trial 7] gen  540  evals=19980  best=1.2986
        [Done] Trial 7 best=1.2986
    --> Trial 8 | pop=40 seed=39532 x0_norm_min=-0.814 x0_norm_max=0.843
        [Trial 8] gen   20  evals=  800  best=1.3602
        [Trial 8] gen   40  evals= 1600  best=1.3523
        [Trial 8] gen   60  evals= 2400  best=1.3372
        [Trial 8] gen   80  evals= 3200  best=1.3097
        [Trial 8] gen  100  evals= 4000  best=1.2838
        [Trial 8] gen  120  evals= 4800  best=1.2838
        [Trial 8] gen  140  evals= 5600  best=1.2796
        [Trial 8] gen  160  evals= 6400  best=1.2796
        [Trial 8] gen  180  evals= 7200  best=1.2727
        [Trial 8] gen  200  evals= 8000  best=1.2719
        [Trial 8] gen  220  evals= 8800  best=1.2681
        [Trial 8] gen  240  evals= 9600  best=1.2681
        [Trial 8] gen  260  evals=10400  best=1.2681
        [Trial 8] gen  280  evals=11200  best=1.2679
        [Trial 8] gen  300  evals=12000  best=1.2659
        [Trial 8] gen  320  evals=12800  best=1.2634
        [Trial 8] gen  340  evals=13600  best=1.2630
        [Trial 8] gen  360  evals=14400  best=1.2629
        [Trial 8] gen  380  evals=15200  best=1.2621
        [Trial 8] gen  400  evals=16000  best=1.2610
        [Trial 8] gen  420  evals=16800  best=1.2609
        [Trial 8] gen  440  evals=17600  best=1.2609
        [Trial 8] gen  460  evals=18400  best=1.2609
        [Trial 8] gen  480  evals=19200  best=1.2609
        [Done] Trial 8 best=1.2609
    --> Trial 9 | pop=32 seed=81066 x0_norm_min=-0.955 x0_norm_max=0.770
        [Trial 9] gen   20  evals=  640  best=1.5330
        [Trial 9] gen   40  evals= 1280  best=1.4072
        [Pruned] Trial 9 at gen 45 (loss=1.4072)
    --> Trial 10 | pop=58 seed=38212 x0_norm_min=-0.841 x0_norm_max=0.672
        [Trial 10] gen   20  evals= 1160  best=1.5446
        [Trial 10] gen   40  evals= 2320  best=1.3649
        [Trial 10] gen   60  evals= 3480  best=1.3044
        [Trial 10] gen   80  evals= 4640  best=1.2475
        [Trial 10] gen  100  evals= 5800  best=1.2349
        [Trial 10] gen  120  evals= 6960  best=1.2249
        [Trial 10] gen  140  evals= 8120  best=1.2067
        [Trial 10] gen  160  evals= 9280  best=1.1804
        [Trial 10] gen  180  evals=10440  best=1.1727
        [Trial 10] gen  200  evals=11600  best=1.1695
        [Trial 10] gen  220  evals=12760  best=1.1663
        [Trial 10] gen  240  evals=13920  best=1.1619
NOTE (module=cma, iteration=252):  
condition in coordinate system exceeded 1.0e+08, rescaled to 1.0e+00, 
condition changed from 7.7e+08 to 8.6e+07
        [Trial 10] gen  260  evals=15080  best=1.1600
        [Trial 10] gen  280  evals=16240  best=1.1597
        [Trial 10] gen  300  evals=17400  best=1.1588
        [Trial 10] gen  320  evals=18560  best=1.1581
        [Trial 10] gen  340  evals=19720  best=1.1578
        [Trial 10] gen  360  evals=20880  best=1.1575
        [Trial 10] gen  380  evals=22040  best=1.1570
        [Trial 10] gen  400  evals=23200  best=1.1570
        [Trial 10] gen  420  evals=24360  best=1.1570
        [Trial 10] gen  440  evals=25520  best=1.1570
        [Trial 10] gen  460  evals=26680  best=1.1570
        [Trial 10] gen  480  evals=27840  best=1.1569
        [Trial 10] gen  500  evals=29000  best=1.1569
        [Done] Trial 10 best=1.1569
    --> Trial 11 | pop=60 seed=33885 x0_norm_min=-0.781 x0_norm_max=0.859
        [Pruned] Trial 11 at gen 15 (loss=1.6508)
    --> Trial 12 | pop=48 seed=42495 x0_norm_min=-0.402 x0_norm_max=0.428
        [Trial 12] gen   20  evals=  960  best=1.4319
        [Trial 12] gen   40  evals= 1920  best=1.3195
        [Trial 12] gen   60  evals= 2880  best=1.2819
        [Trial 12] gen   80  evals= 3840  best=1.2716
        [Trial 12] gen  100  evals= 4800  best=1.2614
        [Trial 12] gen  120  evals= 5760  best=1.2411
        [Trial 12] gen  140  evals= 6720  best=1.1954
        [Trial 12] gen  160  evals= 7680  best=1.1867
NOTE (module=cma, iteration=179):  
condition in coordinate system exceeded 1.1e+08, rescaled to 1.0e+00, 
condition changed from 2.3e+08 to 3.3e+07
        [Trial 12] gen  180  evals= 8640  best=1.1855
        [Trial 12] gen  200  evals= 9600  best=1.1840
        [Trial 12] gen  220  evals=10560  best=1.1825
        [Trial 12] gen  240  evals=11520  best=1.1807
        [Trial 12] gen  260  evals=12480  best=1.1807
        [Trial 12] gen  280  evals=13440  best=1.1807
        [Trial 12] gen  300  evals=14400  best=1.1807
        [Trial 12] gen  320  evals=15360  best=1.1807
        [Trial 12] gen  340  evals=16320  best=1.1807
        [Trial 12] gen  360  evals=17280  best=1.1804
        [Trial 12] gen  380  evals=18240  best=1.1804
        [Trial 12] gen  400  evals=19200  best=1.1804
        [Pruned] Trial 12 at gen 405 (loss=1.1804)
    --> Trial 13 | pop=51 seed=23798 x0_norm_min=-0.863 x0_norm_max=0.955
        [Trial 13] gen   20  evals= 1020  best=1.5196
        [Trial 13] gen   40  evals= 2040  best=1.5196
        [Pruned] Trial 13 at gen 45 (loss=1.4887)
    --> Trial 14 | pop=60 seed=57276 x0_norm_min=-0.897 x0_norm_max=-0.091
        [Pruned] Trial 14 at gen 15 (loss=1.5532)
    --> Trial 15 | pop=44 seed=41932 x0_norm_min=-0.690 x0_norm_max=0.990
        [Pruned] Trial 15 at gen 15 (loss=1.5476)
    --> Trial 16 | pop=55 seed=19787 x0_norm_min=-0.776 x0_norm_max=0.982
        [Pruned] Trial 16 at gen 15 (loss=1.7493)
    --> Trial 17 | pop=46 seed=43122 x0_norm_min=-0.863 x0_norm_max=0.835
        [Pruned] Trial 17 at gen 15 (loss=1.6647)
    --> Trial 18 | pop=56 seed=2667 x0_norm_min=-0.933 x0_norm_max=0.907
        [Pruned] Trial 18 at gen 15 (loss=1.6173)
    --> Trial 19 | pop=41 seed=65355 x0_norm_min=-0.948 x0_norm_max=0.822
        [Pruned] Trial 19 at gen 15 (loss=1.6543)

  Winner: Trial 10, loss=1.156931 (1887s)
    Restarts run: 20
    mu: 56.496670
    D_mu: 3.388759
    T0_mu: 16.617938
    Ly: 1.699376
    op_x: 0.723253
    op_y: 0.702926
    NMSE: 0.030777
  [Saved] random_IR_0029

============================================================
[30/50] random_IR_0030.npz
  GT loss: 0.853623
  terrain_mean=2.309977  early_threshold=0.867459  (alpha=0.0095)
    --> Trial 0 | pop=50 seed=97869 x0_norm_min=-0.944 x0_norm_max=0.730
        [Trial 0] gen   20  evals= 1000  best=1.6557
        [Trial 0] gen   40  evals= 2000  best=1.4463
        [Trial 0] gen   60  evals= 3000  best=1.4174
        [Trial 0] gen   80  evals= 4000  best=1.3620
        [Trial 0] gen  100  evals= 5000  best=1.3285
        [Trial 0] gen  120  evals= 6000  best=1.3149
        [Trial 0] gen  140  evals= 7000  best=1.3078/home/bhpark3/dafxenv/lib/python3.12/site-packages/cma/utilities/utils.py:369: UserWarning: 
        geno-pheno transformation introduced based on the
        current covariance matrix with condition 1.1e+12 -> 1.0e+00,
        injected solutions become "invalid" in this iteration (time=Jul 12 21:15:11 2026 class=CMAEvolutionStrategy method=alleviate_conditioning iteration=487)
  warnings.warn(msg + ' (time={}'.format(time.asctime()[4:]) +

        [Trial 0] gen  160  evals= 8000  best=1.3043
        [Trial 0] gen  180  evals= 9000  best=1.3041
        [Trial 0] gen  200  evals=10000  best=1.3033
        [Trial 0] gen  220  evals=11000  best=1.3033
        [Trial 0] gen  240  evals=12000  best=1.3031
        [Trial 0] gen  260  evals=13000  best=1.2981
        [Trial 0] gen  280  evals=14000  best=1.2972
        [Trial 0] gen  300  evals=15000  best=1.2969
        [Trial 0] gen  320  evals=16000  best=1.2939
        [TRIAL TIMEOUT] Trial 0 total >600s, stopping
        [Done] Trial 0 best=1.2939
    --> Trial 1 | pop=32 seed=53883 x0_norm_min=-0.937 x0_norm_max=0.907
        [Pruned] Trial 1 at gen 15 (loss=1.6870)
    --> Trial 2 | pop=48 seed=22681 x0_norm_min=-0.344 x0_norm_max=0.824
        [Pruned] Trial 2 at gen 15 (loss=1.7211)
    --> Trial 3 | pop=55 seed=23130 x0_norm_min=-0.797 x0_norm_max=0.622
        [Pruned] Trial 3 at gen 15 (loss=1.6932)
    --> Trial 4 | pop=43 seed=19994 x0_norm_min=-0.947 x0_norm_max=0.785
        [Trial 4] gen   20  evals=  860  best=1.6388
        [Trial 4] gen   40  evals= 1720  best=1.4372
        [Trial 4] gen   60  evals= 2580  best=1.3740
        [Trial 4] gen   80  evals= 3440  best=1.3118
        [Trial 4] gen  100  evals= 4300  best=1.3118
        [Trial 4] gen  120  evals= 5160  best=1.3065
        [Trial 4] gen  140  evals= 6020  best=1.2903
        [Trial 4] gen  160  evals= 6880  best=1.2863
        [Trial 4] gen  180  evals= 7740  best=1.2828
        [Trial 4] gen  200  evals= 8600  best=1.2788
        [Trial 4] gen  220  evals= 9460  best=1.2776
        [Trial 4] gen  240  evals=10320  best=1.2769
        [Trial 4] gen  260  evals=11180  best=1.2769
        [Trial 4] gen  280  evals=12040  best=1.2755
        [Trial 4] gen  300  evals=12900  best=1.2736
        [Trial 4] gen  320  evals=13760  best=1.2733
        [Trial 4] gen  340  evals=14620  best=1.2733
        [Trial 4] gen  360  evals=15480  best=1.2721
        [TRIAL TIMEOUT] Trial 4 total >600s, stopping
        [Done] Trial 4 best=1.2721
    --> Trial 5 | pop=53 seed=10270 x0_norm_min=-0.748 x0_norm_max=0.981
        [Trial 5] gen   20  evals= 1060  best=1.3921
        [Trial 5] gen   40  evals= 2120  best=1.3921
        [Trial 5] gen   60  evals= 3180  best=1.3376
        [Trial 5] gen   80  evals= 4240  best=1.3376
        [Trial 5] gen  100  evals= 5300  best=1.3009
        [Trial 5] gen  120  evals= 6360  best=1.2882
        [Trial 5] gen  140  evals= 7420  best=1.2806
        [Trial 5] gen  160  evals= 8480  best=1.2766
        [Trial 5] gen  180  evals= 9540  best=1.2746
        [Trial 5] gen  200  evals=10600  best=1.2719
        [Trial 5] gen  220  evals=11660  best=1.2705
        [Trial 5] gen  240  evals=12720  best=1.2689
        [Trial 5] gen  260  evals=13780  best=1.2689
        [Trial 5] gen  280  evals=14840  best=1.2678
        [Trial 5] gen  300  evals=15900  best=1.2678
        [TRIAL TIMEOUT] Trial 5 total >600s, stopping
        [Done] Trial 5 best=1.2678
    --> Trial 6 | pop=56 seed=72972 x0_norm_min=-0.929 x0_norm_max=0.732
        [Trial 6] gen   20  evals= 1120  best=1.5371
        [Trial 6] gen   40  evals= 2240  best=1.5371
        [Pruned] Trial 6 at gen 45 (loss=1.5371)
    --> Trial 7 | pop=42 seed=95245 x0_norm_min=-0.779 x0_norm_max=0.922
        [Pruned] Trial 7 at gen 15 (loss=1.7277)
    --> Trial 8 | pop=59 seed=97148 x0_norm_min=-0.814 x0_norm_max=0.843
        [Trial 8] gen   20  evals= 1180  best=1.5617
        [Trial 8] gen   40  evals= 2360  best=1.4795
        [Pruned] Trial 8 at gen 45 (loss=1.4270)
    --> Trial 9 | pop=50 seed=22730 x0_norm_min=-0.955 x0_norm_max=0.770
        [Pruned] Trial 9 at gen 15 (loss=1.7007)
    --> Trial 10 | pop=30 seed=48081 x0_norm_min=-0.841 x0_norm_max=0.672
        [Pruned] Trial 10 at gen 15 (loss=1.5948)
    --> Trial 11 | pop=39 seed=5120 x0_norm_min=-0.781 x0_norm_max=0.859
        [Trial 11] gen   20  evals=  780  best=1.5749
        [Trial 11] gen   40  evals= 1560  best=1.5684
        [Pruned] Trial 11 at gen 45 (loss=1.5684)
    --> Trial 12 | pop=42 seed=1664 x0_norm_min=-0.402 x0_norm_max=0.428
        [Pruned] Trial 12 at gen 15 (loss=1.6726)
    --> Trial 13 | pop=37 seed=35498 x0_norm_min=-0.863 x0_norm_max=0.955
        [Pruned] Trial 13 at gen 15 (loss=1.6763)
    --> Trial 14 | pop=46 seed=11763 x0_norm_min=-0.897 x0_norm_max=-0.091
        [Trial 14] gen   20  evals=  920  best=1.4959
        [Trial 14] gen   40  evals= 1840  best=1.4161
        [Trial 14] gen   60  evals= 2760  best=1.1678
        [Trial 14] gen   80  evals= 3680  best=1.0646
        [Trial 14] gen  100  evals= 4600  best=0.9659
        [Trial 14] gen  120  evals= 5520  best=0.8516
        [Trial 14] gen  140  evals= 6440  best=0.8467
        [Trial 14] gen  160  evals= 7360  best=0.8325
        [Trial 14] gen  180  evals= 8280  best=0.8297
        [Trial 14] gen  200  evals= 9200  best=0.8289
NOTE (module=cma, iteration=211):  
condition in coordinate system exceeded 1.2e+08, rescaled to 1.0e+00, 
condition changed from 1.5e+09 to 1.8e+08
        [Trial 14] gen  220  evals=10120  best=0.8286
        [Trial 14] gen  240  evals=11040  best=0.8272
        [Trial 14] gen  260  evals=11960  best=0.8272
        [Trial 14] gen  280  evals=12880  best=0.8265
        [Trial 14] gen  300  evals=13800  best=0.8265
        [Trial 14] gen  320  evals=14720  best=0.8265
        [Trial 14] gen  340  evals=15640  best=0.8265
        [Trial 14] gen  360  evals=16560  best=0.8264
        [Trial 14] gen  380  evals=17480  best=0.8263
        [Trial 14] gen  400  evals=18400  best=0.8263
        [Trial 14] gen  420  evals=19320  best=0.8263
        [Trial 14] gen  440  evals=20240  best=0.8260
        [Trial 14] gen  460  evals=21160  best=0.8260
        [Trial 14] gen  480  evals=22080  best=0.8260
        [Trial 14] gen  500  evals=23000  best=0.8260
        [Trial 14] gen  520  evals=23920  best=0.8260
        [Trial 14] gen  540  evals=24840  best=0.8260
        [Trial 14] gen  560  evals=25760  best=0.8260
        [Done] Trial 14 best=0.8260
    --> Early stop triggered: trial 14 reached loss=0.825983 < 0.867459

  Winner: Trial 14, loss=0.825983 (2559s)
    Restarts run: 15
    mu: 30.477572
    D_mu: 0.962750
    T0_mu: 3.974602
    Ly: 1.620797
    op_x: 0.772921
    op_y: 0.949363
    NMSE: 0.002939
  [Saved] random_IR_0030

============================================================
[31/50] random_IR_0031.npz
  GT loss: 0.864834
  terrain_mean=2.412617  early_threshold=0.879538  (alpha=0.0095)
    --> Trial 0 | pop=36 seed=25119 x0_norm_min=-0.944 x0_norm_max=0.730
        [Trial 0] gen   20  evals=  720  best=1.6022
        [Trial 0] gen   40  evals= 1440  best=1.4575
        [Trial 0] gen   60  evals= 2160  best=1.4558
        [Trial 0] gen   80  evals= 2880  best=1.4211
        [Trial 0] gen  100  evals= 3600  best=1.3732
        [Trial 0] gen  120  evals= 4320  best=1.3731
        [Trial 0] gen  140  evals= 5040  best=1.3706
        [Trial 0] gen  160  evals= 5760  best=1.3648
        [Trial 0] gen  180  evals= 6480  best=1.3614
        [Trial 0] gen  200  evals= 7200  best=1.3608
        [Trial 0] gen  220  evals= 7920  best=1.3595
        [Trial 0] gen  240  evals= 8640  best=1.3586
        [Trial 0] gen  260  evals= 9360  best=1.3581
        [Trial 0] gen  280  evals=10080  best=1.3563
        [Trial 0] gen  300  evals=10800  best=1.3558
        [Trial 0] gen  320  evals=11520  best=1.3558
        [Trial 0] gen  340  evals=12240  best=1.3558
        [Trial 0] gen  360  evals=12960  best=1.3544
        [Trial 0] gen  380  evals=13680  best=1.3544
        [Trial 0] gen  400  evals=14400  best=1.3540
        [Trial 0] gen  420  evals=15120  best=1.3536
        [Trial 0] gen  440  evals=15840  best=1.3536
        [Trial 0] gen  460  evals=16560  best=1.3536
        [Trial 0] gen  480  evals=17280  best=1.3532
        [Trial 0] gen  500  evals=18000  best=1.3532
        [Trial 0] gen  520  evals=18720  best=1.3532
        [Trial 0] gen  540  evals=19440  best=1.3532
        [Trial 0] gen  560  evals=20160  best=1.3532
        [Done] Trial 0 best=1.3532
    --> Trial 1 | pop=50 seed=69104 x0_norm_min=-0.937 x0_norm_max=0.907
        [Pruned] Trial 1 at gen 15 (loss=1.6690)
    --> Trial 2 | pop=52 seed=96053 x0_norm_min=-0.344 x0_norm_max=0.824
        [Pruned] Trial 2 at gen 15 (loss=1.7063)
    --> Trial 3 | pop=46 seed=90912 x0_norm_min=-0.797 x0_norm_max=0.622
        [Pruned] Trial 3 at gen 15 (loss=1.6122)
    --> Trial 4 | pop=32 seed=27107 x0_norm_min=-0.947 x0_norm_max=0.785
        [Pruned] Trial 4 at gen 15 (loss=1.6331)
    --> Trial 5 | pop=59 seed=96316 x0_norm_min=-0.748 x0_norm_max=0.981
        [Pruned] Trial 5 at gen 15 (loss=1.7030)
    --> Trial 6 | pop=44 seed=69670 x0_norm_min=-0.929 x0_norm_max=0.732
        [Pruned] Trial 6 at gen 15 (loss=1.6965)
    --> Trial 7 | pop=52 seed=51108 x0_norm_min=-0.779 x0_norm_max=0.922
        [Pruned] Trial 7 at gen 15 (loss=1.6312)
    --> Trial 8 | pop=51 seed=36958 x0_norm_min=-0.814 x0_norm_max=0.843
        [Trial 8] gen   20  evals= 1020  best=1.5603
        [Trial 8] gen   40  evals= 2040  best=1.5119
        [Pruned] Trial 8 at gen 45 (loss=1.4862)
    --> Trial 9 | pop=38 seed=96157 x0_norm_min=-0.955 x0_norm_max=0.770
        [Pruned] Trial 9 at gen 15 (loss=1.6855)
    --> Trial 10 | pop=31 seed=2833 x0_norm_min=-0.841 x0_norm_max=0.672
        [Pruned] Trial 10 at gen 15 (loss=1.6734)
    --> Trial 11 | pop=39 seed=29038 x0_norm_min=-0.781 x0_norm_max=0.859
        [Trial 11] gen   20  evals=  780  best=1.6261
        [Trial 11] gen   40  evals= 1560  best=1.5094
        [Pruned] Trial 11 at gen 45 (loss=1.4866)
    --> Trial 12 | pop=58 seed=26099 x0_norm_min=-0.402 x0_norm_max=0.428
        [Trial 12] gen   20  evals= 1160  best=1.5343
        [Trial 12] gen   40  evals= 2320  best=1.5343
        [Trial 12] gen   60  evals= 3480  best=1.4502
        [Trial 12] gen   80  evals= 4640  best=1.4258
        [Trial 12] gen  100  evals= 5800  best=1.4135
        [Trial 12] gen  120  evals= 6960  best=1.4019
        [Pruned] Trial 12 at gen 135 (loss=1.3943)
    --> Trial 13 | pop=60 seed=10814 x0_norm_min=-0.863 x0_norm_max=0.955
        [Pruned] Trial 13 at gen 15 (loss=1.6286)
    --> Trial 14 | pop=36 seed=18568 x0_norm_min=-0.897 x0_norm_max=-0.091
        [Pruned] Trial 14 at gen 15 (loss=1.6319)
    --> Trial 15 | pop=56 seed=45044 x0_norm_min=-0.690 x0_norm_max=0.990
        [Pruned] Trial 15 at gen 15 (loss=1.7248)
    --> Trial 16 | pop=43 seed=16406 x0_norm_min=-0.776 x0_norm_max=0.982
        [Pruned] Trial 16 at gen 15 (loss=1.8442)
    --> Trial 17 | pop=34 seed=57225 x0_norm_min=-0.863 x0_norm_max=0.835
        [Pruned] Trial 17 at gen 15 (loss=1.7581)
    --> Trial 18 | pop=47 seed=936 x0_norm_min=-0.933 x0_norm_max=0.907
        [Pruned] Trial 18 at gen 15 (loss=1.6523)
    --> Trial 19 | pop=56 seed=32474 x0_norm_min=-0.948 x0_norm_max=0.822
        [Trial 19] gen   20  evals= 1120  best=1.5779
        [Trial 19] gen   40  evals= 2240  best=1.5235
        [Pruned] Trial 19 at gen 45 (loss=1.5235)

  Winner: Trial 0, loss=1.353200 (817s)
    Restarts run: 20
    mu: 17.635582
    D_mu: 3.306205
    T0_mu: 43.706254
    Ly: 2.973537
    op_x: 0.728220
    op_y: 0.761377
    NMSE: 0.042545
  [Saved] random_IR_0031

============================================================
[32/50] random_IR_0032.npz
  GT loss: 0.856813
  terrain_mean=2.223443  early_threshold=0.869796  (alpha=0.0095)
    --> Trial 0 | pop=36 seed=90253 x0_norm_min=-0.944 x0_norm_max=0.730
        [Trial 0] gen   20  evals=  720  best=1.5594
        [Trial 0] gen   40  evals= 1440  best=1.5594
        [Trial 0] gen   60  evals= 2160  best=1.5161
        [Trial 0] gen   80  evals= 2880  best=1.5161
        [Trial 0] gen  100  evals= 3600  best=1.5161
        [Trial 0] gen  120  evals= 4320  best=1.5161
        [Trial 0] gen  140  evals= 5040  best=1.5161
        [Trial 0] gen  160  evals= 5760  best=1.5161
        [Trial 0] gen  180  evals= 6480  best=1.5132
        [Trial 0] gen  200  evals= 7200  best=1.5132
        [Trial 0] gen  220  evals= 7920  best=1.5132
        [Trial 0] gen  240  evals= 8640  best=1.5128
        [Trial 0] gen  260  evals= 9360  best=1.5128
        [Trial 0] gen  280  evals=10080  best=1.5128
        [Trial 0] gen  300  evals=10800  best=1.5128
        [Trial 0] gen  320  evals=11520  best=1.5114
        [Trial 0] gen  340  evals=12240  best=1.5097
        [Trial 0] gen  360  evals=12960  best=1.5096
        [Trial 0] gen  380  evals=13680  best=1.5096
        [Trial 0] gen  400  evals=14400  best=1.5093
        [Trial 0] gen  420  evals=15120  best=1.5093
        [Trial 0] gen  440  evals=15840  best=1.5093
        [Trial 0] gen  460  evals=16560  best=1.5093
        [Trial 0] gen  480  evals=17280  best=1.5088
        [Trial 0] gen  500  evals=18000  best=1.5088
        [Trial 0] gen  520  evals=18720  best=1.5088
        [Trial 0] gen  540  evals=19440  best=1.5088
        [Trial 0] gen  560  evals=20160  best=1.5088
        [Trial 0] gen  580  evals=20880  best=1.5088
        [Trial 0] gen  600  evals=21600  best=1.5088
        [Done] Trial 0 best=1.5088
    --> Trial 1 | pop=36 seed=67726 x0_norm_min=-0.937 x0_norm_max=0.907
        [Pruned] Trial 1 at gen 15 (loss=1.6288)
    --> Trial 2 | pop=53 seed=31238 x0_norm_min=-0.344 x0_norm_max=0.824
        [Pruned] Trial 2 at gen 15 (loss=1.6130)
    --> Trial 3 | pop=34 seed=33977 x0_norm_min=-0.797 x0_norm_max=0.622
        [Pruned] Trial 3 at gen 15 (loss=1.6666)
    --> Trial 4 | pop=48 seed=67096 x0_norm_min=-0.947 x0_norm_max=0.785
        [Pruned] Trial 4 at gen 15 (loss=1.6582)
    --> Trial 5 | pop=33 seed=39094 x0_norm_min=-0.748 x0_norm_max=0.981
        [Pruned] Trial 5 at gen 15 (loss=1.7198)
    --> Trial 6 | pop=41 seed=46477 x0_norm_min=-0.929 x0_norm_max=0.732
        [Pruned] Trial 6 at gen 15 (loss=1.7061)
    --> Trial 7 | pop=53 seed=77453 x0_norm_min=-0.779 x0_norm_max=0.922
        [Trial 7] gen   20  evals= 1060  best=1.5956
        [Trial 7] gen   40  evals= 2120  best=1.5547
        [Trial 7] gen   60  evals= 3180  best=1.4923
        [Trial 7] gen   80  evals= 4240  best=1.4677
        [Trial 7] gen  100  evals= 5300  best=1.4403
        [Trial 7] gen  120  evals= 6360  best=1.4403
        [Trial 7] gen  140  evals= 7420  best=1.4227
        [Trial 7] gen  160  evals= 8480  best=1.4227
        [Trial 7] gen  180  evals= 9540  best=1.4205
        [Trial 7] gen  200  evals=10600  best=1.4188
        [Trial 7] gen  220  evals=11660  best=1.4165
        [Trial 7] gen  240  evals=12720  best=1.4128
        [Trial 7] gen  260  evals=13780  best=1.4118
        [Trial 7] gen  280  evals=14840  best=1.4108
        [Trial 7] gen  300  evals=15900  best=1.4098
        [Trial 7] gen  320  evals=16960  best=1.4086
        [Trial 7] gen  340  evals=18020  best=1.4080
        [Trial 7] gen  360  evals=19080  best=1.4079
        [Trial 7] gen  380  evals=20140  best=1.4079
        [Trial 7] gen  400  evals=21200  best=1.4079
        [Trial 7] gen  420  evals=22260  best=1.4079
        [Trial 7] gen  440  evals=23320  best=1.4077
        [Trial 7] gen  460  evals=24380  best=1.4071
        [Trial 7] gen  480  evals=25440  best=1.4068
        [Trial 7] gen  500  evals=26500  best=1.4068
        [Trial 7] gen  520  evals=27560  best=1.4068
        [Trial 7] gen  540  evals=28620  best=1.4068
        [Trial 7] gen  560  evals=29680  best=1.4068
        [Done] Trial 7 best=1.4068
    --> Trial 8 | pop=51 seed=68024 x0_norm_min=-0.814 x0_norm_max=0.843
        [Trial 8] gen   20  evals= 1020  best=1.5593
        [Trial 8] gen   40  evals= 2040  best=1.5483
        [Trial 8] gen   60  evals= 3060  best=1.2566
        [Trial 8] gen   80  evals= 4080  best=1.1555
        [Trial 8] gen  100  evals= 5100  best=1.0722
        [Trial 8] gen  120  evals= 6120  best=1.0447
        [Trial 8] gen  140  evals= 7140  best=1.0310
        [Trial 8] gen  160  evals= 8160  best=1.0151
        [Trial 8] gen  180  evals= 9180  best=1.0100
        [Trial 8] gen  200  evals=10200  best=0.9984
        [Trial 8] gen  220  evals=11220  best=0.9984
        [Trial 8] gen  240  evals=12240  best=0.9984
        [Trial 8] gen  260  evals=13260  best=0.9950
NOTE (module=cma, iteration=265):  
condition in coordinate system exceeded 1.1e+08, rescaled to 1.0e+00, 
condition changed from 1.3e+09 to 6.6e+08
        [Trial 8] gen  280  evals=14280  best=0.9938
        [Trial 8] gen  300  evals=15300  best=0.9927
        [Trial 8] gen  320  evals=16320  best=0.9926
        [Trial 8] gen  340  evals=17340  best=0.9926
        [Trial 8] gen  360  evals=18360  best=0.9926
        [Trial 8] gen  380  evals=19380  best=0.9916
        [Trial 8] gen  400  evals=20400  best=0.9916
        [Trial 8] gen  420  evals=21420  best=0.9916
        [Trial 8] gen  440  evals=22440  best=0.9916
        [Trial 8] gen  460  evals=23460  best=0.9916
        [Trial 8] gen  480  evals=24480  best=0.9916
        [Trial 8] gen  500  evals=25500  best=0.9916
        [Trial 8] gen  520  evals=26520  best=0.9916
        [Trial 8] gen  540  evals=27540  best=0.9913
        [Trial 8] gen  560  evals=28560  best=0.9910
        [Trial 8] gen  580  evals=29580  best=0.9910
        [Done] Trial 8 best=0.9910
    --> Trial 9 | pop=30 seed=77714 x0_norm_min=-0.955 x0_norm_max=0.770
        [Pruned] Trial 9 at gen 15 (loss=1.6396)
    --> Trial 10 | pop=60 seed=4313 x0_norm_min=-0.841 x0_norm_max=0.672
        [Pruned] Trial 10 at gen 15 (loss=1.6422)
    --> Trial 11 | pop=51 seed=97590 x0_norm_min=-0.781 x0_norm_max=0.859
        [Trial 11] gen   20  evals= 1020  best=1.5994
        [Trial 11] gen   40  evals= 2040  best=1.5723
        [Trial 11] gen   60  evals= 3060  best=1.2075
        [Trial 11] gen   80  evals= 4080  best=1.1348
        [Trial 11] gen  100  evals= 5100  best=1.1074
        [Trial 11] gen  120  evals= 6120  best=1.0764
        [Pruned] Trial 11 at gen 135 (loss=1.0741)
    --> Trial 12 | pop=57 seed=57772 x0_norm_min=-0.402 x0_norm_max=0.428
        [Trial 12] gen   20  evals= 1140  best=1.5032
        [Trial 12] gen   40  evals= 2280  best=1.5032
        [Pruned] Trial 12 at gen 45 (loss=1.5032)
    --> Trial 13 | pop=47 seed=81467 x0_norm_min=-0.863 x0_norm_max=0.955
        [Pruned] Trial 13 at gen 15 (loss=1.6773)
    --> Trial 14 | pop=44 seed=57322 x0_norm_min=-0.897 x0_norm_max=-0.091
        [Pruned] Trial 14 at gen 15 (loss=1.6237)
    --> Trial 15 | pop=54 seed=79795 x0_norm_min=-0.690 x0_norm_max=0.990
        [Pruned] Trial 15 at gen 15 (loss=1.6435)
    --> Trial 16 | pop=50 seed=18528 x0_norm_min=-0.776 x0_norm_max=0.982
        [Pruned] Trial 16 at gen 15 (loss=1.6694)
    --> Trial 17 | pop=56 seed=66939 x0_norm_min=-0.863 x0_norm_max=0.835
        [Trial 17] gen   20  evals= 1120  best=1.5260
        [Trial 17] gen   40  evals= 2240  best=1.5260
        [Pruned] Trial 17 at gen 45 (loss=1.5260)
    --> Trial 18 | pop=43 seed=52348 x0_norm_min=-0.933 x0_norm_max=0.907
        [Pruned] Trial 18 at gen 15 (loss=1.6925)
    --> Trial 19 | pop=48 seed=98198 x0_norm_min=-0.948 x0_norm_max=0.822
        [Trial 19] gen   20  evals=  960  best=1.4591
        [Trial 19] gen   40  evals= 1920  best=1.4591
        [Trial 19] gen   60  evals= 2880  best=1.4591
        [Trial 19] gen   80  evals= 3840  best=1.3619
        [Trial 19] gen  100  evals= 4800  best=1.2980
        [Trial 19] gen  120  evals= 5760  best=1.2703
        [Pruned] Trial 19 at gen 135 (loss=1.2703)

  Winner: Trial 8, loss=0.991039 (1240s)
    Restarts run: 20
    mu: 21.312411
    D_mu: 14.062881
    T0_mu: 18.536206
    Ly: 2.216005
    op_x: 0.623395
    op_y: 0.895771
    NMSE: 0.011186
  [Saved] random_IR_0032

============================================================
[33/50] random_IR_0033.npz
  GT loss: 0.908181
  terrain_mean=2.288665  early_threshold=0.921295  (alpha=0.0095)
    --> Trial 0 | pop=31 seed=91692 x0_norm_min=-0.944 x0_norm_max=0.730
        [Trial 0] gen   20  evals=  620  best=1.4964
        [Trial 0] gen   40  evals= 1240  best=1.4612
        [Trial 0] gen   60  evals= 1860  best=1.4446
        [Trial 0] gen   80  evals= 2480  best=1.4256
        [Trial 0] gen  100  evals= 3100  best=1.2656
        [Trial 0] gen  120  evals= 3720  best=1.2656
        [Trial 0] gen  140  evals= 4340  best=1.2511
        [Trial 0] gen  160  evals= 4960  best=1.2227
        [Trial 0] gen  180  evals= 5580  best=1.2227
        [Trial 0] gen  200  evals= 6200  best=1.2077
        [Trial 0] gen  220  evals= 6820  best=1.1895
        [Trial 0] gen  240  evals= 7440  best=1.1747
        [Trial 0] gen  260  evals= 8060  best=1.1644
        [Trial 0] gen  280  evals= 8680  best=1.1606
        [Trial 0] gen  300  evals= 9300  best=1.1589
        [Trial 0] gen  320  evals= 9920  best=1.1584
NOTE (module=cma, iteration=337):  
condition in coordinate system exceeded 1.2e+08, rescaled to 1.0e+00, 
condition changed from 3.0e+09 to 2.9e+08
        [Trial 0] gen  340  evals=10540  best=1.1584
        [Trial 0] gen  360  evals=11160  best=1.1582
        [Trial 0] gen  380  evals=11780  best=1.1582
        [Trial 0] gen  400  evals=12400  best=1.1582
        [Trial 0] gen  420  evals=13020  best=1.1582
        [Trial 0] gen  440  evals=13640  best=1.1582
        [Trial 0] gen  460  evals=14260  best=1.1581
        [Trial 0] gen  480  evals=14880  best=1.1569
        [Trial 0] gen  500  evals=15500  best=1.1569
        [Trial 0] gen  520  evals=16120  best=1.1569
        [Trial 0] gen  540  evals=16740  best=1.1569
        [Trial 0] gen  560  evals=17360  best=1.1569
        [Trial 0] gen  580  evals=17980  best=1.1569
        [Trial 0] gen  600  evals=18600  best=1.1569
        [Done] Trial 0 best=1.1569
    --> Trial 1 | pop=44 seed=84464 x0_norm_min=-0.937 x0_norm_max=0.907
        [Pruned] Trial 1 at gen 15 (loss=1.5245)
    --> Trial 2 | pop=54 seed=29184 x0_norm_min=-0.344 x0_norm_max=0.824
        [Pruned] Trial 2 at gen 15 (loss=1.5302)
    --> Trial 3 | pop=54 seed=37373 x0_norm_min=-0.797 x0_norm_max=0.622
        [Pruned] Trial 3 at gen 15 (loss=1.6240)
    --> Trial 4 | pop=53 seed=49574 x0_norm_min=-0.947 x0_norm_max=0.785
        [Trial 4] gen   20  evals= 1060  best=1.3579
        [Trial 4] gen   40  evals= 2120  best=1.3579
        [Trial 4] gen   60  evals= 3180  best=1.3579
        [Trial 4] gen   80  evals= 4240  best=1.3416
        [Trial 4] gen  100  evals= 5300  best=1.3326
        [Trial 4] gen  120  evals= 6360  best=1.3200
        [Pruned] Trial 4 at gen 135 (loss=1.3067)
    --> Trial 5 | pop=42 seed=77265 x0_norm_min=-0.748 x0_norm_max=0.981
        [Pruned] Trial 5 at gen 15 (loss=1.6485)
    --> Trial 6 | pop=55 seed=77692 x0_norm_min=-0.929 x0_norm_max=0.732
        [Pruned] Trial 6 at gen 15 (loss=1.5332)
    --> Trial 7 | pop=59 seed=87875 x0_norm_min=-0.779 x0_norm_max=0.922
        [Pruned] Trial 7 at gen 15 (loss=1.6025)
    --> Trial 8 | pop=37 seed=60036 x0_norm_min=-0.814 x0_norm_max=0.843
        [Pruned] Trial 8 at gen 15 (loss=1.5934)
    --> Trial 9 | pop=44 seed=61764 x0_norm_min=-0.955 x0_norm_max=0.770
        [Pruned] Trial 9 at gen 15 (loss=1.6129)
    --> Trial 10 | pop=30 seed=2145 x0_norm_min=-0.841 x0_norm_max=0.672
        [Pruned] Trial 10 at gen 15 (loss=1.5574)
    --> Trial 11 | pop=30 seed=98647 x0_norm_min=-0.781 x0_norm_max=0.859
        [Trial 11] gen   20  evals=  600  best=1.4805
        [Trial 11] gen   40  evals= 1200  best=1.4254
        [Pruned] Trial 11 at gen 45 (loss=1.4254)
    --> Trial 12 | pop=49 seed=38488 x0_norm_min=-0.402 x0_norm_max=0.428
        [Trial 12] gen   20  evals=  980  best=1.4826
        [Trial 12] gen   40  evals= 1960  best=1.4462
        [Pruned] Trial 12 at gen 45 (loss=1.4462)
    --> Trial 13 | pop=36 seed=58414 x0_norm_min=-0.863 x0_norm_max=0.955
        [Trial 13] gen   20  evals=  720  best=1.4547
        [Trial 13] gen   40  evals= 1440  best=1.4547
        [Pruned] Trial 13 at gen 45 (loss=1.4547)
    --> Trial 14 | pop=49 seed=13619 x0_norm_min=-0.897 x0_norm_max=-0.091
        [Trial 14] gen   20  evals=  980  best=1.4589
        [Trial 14] gen   40  evals= 1960  best=1.4522
        [Pruned] Trial 14 at gen 45 (loss=1.4256)
    --> Trial 15 | pop=36 seed=49887 x0_norm_min=-0.690 x0_norm_max=0.990
        [Pruned] Trial 15 at gen 15 (loss=1.7956)
    --> Trial 16 | pop=59 seed=99922 x0_norm_min=-0.776 x0_norm_max=0.982
        [Pruned] Trial 16 at gen 15 (loss=1.5441)
    --> Trial 17 | pop=41 seed=24955 x0_norm_min=-0.863 x0_norm_max=0.835
        [Trial 17] gen   20  evals=  820  best=1.4972/home/bhpark3/dafxenv/lib/python3.12/site-packages/cma/utilities/utils.py:369: UserWarning: 
        geno-pheno transformation introduced based on the
        current covariance matrix with condition 1.0e+12 -> 1.0e+00,
        injected solutions become "invalid" in this iteration (time=Jul 12 22:00:42 2026 class=CMAEvolutionStrategy method=alleviate_conditioning iteration=516)
  warnings.warn(msg + ' (time={}'.format(time.asctime()[4:]) +

        [Trial 17] gen   40  evals= 1640  best=1.4611
        [Pruned] Trial 17 at gen 45 (loss=1.4611)
    --> Trial 18 | pop=49 seed=68730 x0_norm_min=-0.933 x0_norm_max=0.907
        [Trial 18] gen   20  evals=  980  best=1.4470
        [Trial 18] gen   40  evals= 1960  best=1.4202
        [Trial 18] gen   60  evals= 2940  best=1.3824
        [Trial 18] gen   80  evals= 3920  best=1.3391
        [Trial 18] gen  100  evals= 4900  best=1.2935
        [Trial 18] gen  120  evals= 5880  best=1.2935
        [Pruned] Trial 18 at gen 135 (loss=1.2935)
    --> Trial 19 | pop=33 seed=69890 x0_norm_min=-0.948 x0_norm_max=0.822
        [Pruned] Trial 19 at gen 15 (loss=1.5668)

  Winner: Trial 0, loss=1.156891 (191s)
    Restarts run: 20
    mu: 22.832262
    D_mu: 67.684758
    T0_mu: 19.771113
    Ly: 1.632054
    op_x: 0.646830
    op_y: 0.694683
    NMSE: 0.037599
  [Saved] random_IR_0033

============================================================
[34/50] random_IR_0034.npz
  GT loss: 0.722205
  terrain_mean=2.273723  early_threshold=0.736944  (alpha=0.0095)
    --> Trial 0 | pop=55 seed=4046 x0_norm_min=-0.944 x0_norm_max=0.730
        [Trial 0] gen   20  evals= 1100  best=1.5062
        [Trial 0] gen   40  evals= 2200  best=1.4906
        [Trial 0] gen   60  evals= 3300  best=1.4147
        [Trial 0] gen   80  evals= 4400  best=1.4066
        [Trial 0] gen  100  evals= 5500  best=1.4066
        [Trial 0] gen  120  evals= 6600  best=1.3876
        [Trial 0] gen  140  evals= 7700  best=1.3779
        [Trial 0] gen  160  evals= 8800  best=1.3736
        [Trial 0] gen  180  evals= 9900  best=1.3736
        [Trial 0] gen  200  evals=11000  best=1.3715
        [Trial 0] gen  220  evals=12100  best=1.3693
        [Trial 0] gen  240  evals=13200  best=1.3685
        [Trial 0] gen  260  evals=14300  best=1.3677
        [Trial 0] gen  280  evals=15400  best=1.3666
        [Trial 0] gen  300  evals=16500  best=1.3666
        [Trial 0] gen  320  evals=17600  best=1.3666
        [Trial 0] gen  340  evals=18700  best=1.3666
        [Trial 0] gen  360  evals=19800  best=1.3666
        [Trial 0] gen  380  evals=20900  best=1.3666
        [Trial 0] gen  400  evals=22000  best=1.3666
        [Trial 0] gen  420  evals=23100  best=1.3666
        [Trial 0] gen  440  evals=24200  best=1.3666
        [Trial 0] gen  460  evals=25300  best=1.3666
        [Trial 0] gen  480  evals=26400  best=1.3666
        [Trial 0] gen  500  evals=27500  best=1.3666
        [Trial 0] gen  520  evals=28600  best=1.3666
        [Done] Trial 0 best=1.3666
    --> Trial 1 | pop=32 seed=78174 x0_norm_min=-0.937 x0_norm_max=0.907
        [Trial 1] gen   20  evals=  640  best=1.3176
        [Trial 1] gen   40  evals= 1280  best=1.2343
        [Trial 1] gen   60  evals= 1920  best=1.2343
        [Trial 1] gen   80  evals= 2560  best=1.2343
        [Trial 1] gen  100  evals= 3200  best=1.2343
        [Trial 1] gen  120  evals= 3840  best=1.2343
        [Trial 1] gen  140  evals= 4480  best=1.2162
        [Trial 1] gen  160  evals= 5120  best=1.1926
        [Trial 1] gen  180  evals= 5760  best=1.1887
        [Trial 1] gen  200  evals= 6400  best=1.1862
        [Trial 1] gen  220  evals= 7040  best=1.1862
        [Trial 1] gen  240  evals= 7680  best=1.1862
        [Trial 1] gen  260  evals= 8320  best=1.1854
NOTE (module=cma, iteration=260):  
condition in coordinate system exceeded 1.0e+08, rescaled to 1.0e+00, 
condition changed from 5.2e+08 to 7.6e+07
        [Trial 1] gen  280  evals= 8960  best=1.1853
        [Trial 1] gen  300  evals= 9600  best=1.1853
        [Trial 1] gen  320  evals=10240  best=1.1847
        [Trial 1] gen  340  evals=10880  best=1.1846
        [Trial 1] gen  360  evals=11520  best=1.1843
        [Trial 1] gen  380  evals=12160  best=1.1843
        [Trial 1] gen  400  evals=12800  best=1.1837
        [Trial 1] gen  420  evals=13440  best=1.1837
        [Trial 1] gen  440  evals=14080  best=1.1837
        [Trial 1] gen  460  evals=14720  best=1.1837
        [Trial 1] gen  480  evals=15360  best=1.1837
        [Trial 1] gen  500  evals=16000  best=1.1837
        [Trial 1] gen  520  evals=16640  best=1.1837
        [Trial 1] gen  540  evals=17280  best=1.1837
        [Done] Trial 1 best=1.1837
    --> Trial 2 | pop=45 seed=23684 x0_norm_min=-0.344 x0_norm_max=0.824
        [Pruned] Trial 2 at gen 15 (loss=1.3618)
    --> Trial 3 | pop=31 seed=81598 x0_norm_min=-0.797 x0_norm_max=0.622
        [Pruned] Trial 3 at gen 15 (loss=1.5938)
    --> Trial 4 | pop=56 seed=80636 x0_norm_min=-0.947 x0_norm_max=0.785
        [Pruned] Trial 4 at gen 15 (loss=1.4644)
    --> Trial 5 | pop=45 seed=81190 x0_norm_min=-0.748 x0_norm_max=0.981
        [Pruned] Trial 5 at gen 15 (loss=1.5935)
    --> Trial 6 | pop=42 seed=52167 x0_norm_min=-0.929 x0_norm_max=0.732
        [Pruned] Trial 6 at gen 15 (loss=1.4302)
    --> Trial 7 | pop=42 seed=61840 x0_norm_min=-0.779 x0_norm_max=0.922
        [Pruned] Trial 7 at gen 15 (loss=1.4202)
    --> Trial 8 | pop=37 seed=77368 x0_norm_min=-0.814 x0_norm_max=0.843
        [Pruned] Trial 8 at gen 15 (loss=1.4720)
    --> Trial 9 | pop=58 seed=84172 x0_norm_min=-0.955 x0_norm_max=0.770
        [Pruned] Trial 9 at gen 15 (loss=1.4218)
    --> Trial 10 | pop=30 seed=37644 x0_norm_min=-0.841 x0_norm_max=0.672
        [Pruned] Trial 10 at gen 15 (loss=1.4672)
    --> Trial 11 | pop=52 seed=2897 x0_norm_min=-0.781 x0_norm_max=0.859
        [Pruned] Trial 11 at gen 15 (loss=1.4493)
    --> Trial 12 | pop=51 seed=370 x0_norm_min=-0.402 x0_norm_max=0.428
        [Trial 12] gen   20  evals= 1020  best=1.3916
        [Trial 12] gen   40  evals= 2040  best=1.3301
        [Pruned] Trial 12 at gen 45 (loss=1.2797)
    --> Trial 13 | pop=36 seed=98933 x0_norm_min=-0.863 x0_norm_max=0.955
        [Trial 13] gen   20  evals=  720  best=1.2478
        [Trial 13] gen   40  evals= 1440  best=1.2478
        [Pruned] Trial 13 at gen 45 (loss=1.2478)
    --> Trial 14 | pop=51 seed=21384 x0_norm_min=-0.897 x0_norm_max=-0.091
        [Pruned] Trial 14 at gen 15 (loss=1.5184)
    --> Trial 15 | pop=37 seed=50654 x0_norm_min=-0.690 x0_norm_max=0.990
        [Pruned] Trial 15 at gen 15 (loss=1.4609)
    --> Trial 16 | pop=55 seed=21340 x0_norm_min=-0.776 x0_norm_max=0.982
        [Pruned] Trial 16 at gen 15 (loss=1.5793)
    --> Trial 17 | pop=60 seed=98616 x0_norm_min=-0.863 x0_norm_max=0.835
        [Trial 17] gen   20  evals= 1200  best=1.3945
        [Trial 17] gen   40  evals= 2400  best=1.3266
        [Pruned] Trial 17 at gen 45 (loss=1.2855)
    --> Trial 18 | pop=48 seed=34162 x0_norm_min=-0.933 x0_norm_max=0.907
        [Pruned] Trial 18 at gen 15 (loss=1.4249)
    --> Trial 19 | pop=33 seed=64357 x0_norm_min=-0.948 x0_norm_max=0.822
        [Pruned] Trial 19 at gen 15 (loss=1.5050)

  Winner: Trial 1, loss=1.183723 (635s)
    Restarts run: 20
    mu: 39.561288
    D_mu: 13.513316
    T0_mu: 20.253032
    Ly: 1.318805
    op_x: 0.710667
    op_y: 0.625397
    NMSE: 0.018728
  [Saved] random_IR_0034

============================================================
[35/50] random_IR_0035.npz
  GT loss: 0.943196
  terrain_mean=2.628363  early_threshold=0.959206  (alpha=0.0095)
    --> Trial 0 | pop=47 seed=69560 x0_norm_min=-0.944 x0_norm_max=0.730
        [Trial 0] gen   20  evals=  940  best=1.7002
        [Trial 0] gen   40  evals= 1880  best=1.7002
        [Trial 0] gen   60  evals= 2820  best=1.6268
        [Trial 0] gen   80  evals= 3760  best=1.6068
        [Trial 0] gen  100  evals= 4700  best=1.6043
        [Trial 0] gen  120  evals= 5640  best=1.5754
        [Trial 0] gen  140  evals= 6580  best=1.5649
        [Trial 0] gen  160  evals= 7520  best=1.5591
        [Trial 0] gen  180  evals= 8460  best=1.5534
        [Trial 0] gen  200  evals= 9400  best=1.5489
NOTE (module=cma, iteration=216):  
condition in coordinate system exceeded 1.3e+08, rescaled to 1.0e+00, 
condition changed from 2.1e+08 to 1.6e+08
        [Trial 0] gen  220  evals=10340  best=1.5462
        [Trial 0] gen  240  evals=11280  best=1.5453
        [Trial 0] gen  260  evals=12220  best=1.5447
        [Trial 0] gen  280  evals=13160  best=1.5447
        [Trial 0] gen  300  evals=14100  best=1.5447
        [Trial 0] gen  320  evals=15040  best=1.5447
        [Trial 0] gen  340  evals=15980  best=1.5447
        [Trial 0] gen  360  evals=16920  best=1.5447
        [Trial 0] gen  380  evals=17860  best=1.5447
        [Trial 0] gen  400  evals=18800  best=1.5447
        [Trial 0] gen  420  evals=19740  best=1.5447
        [Trial 0] gen  440  evals=20680  best=1.5447
        [Trial 0] gen  460  evals=21620  best=1.5447
        [Trial 0] gen  480  evals=22560  best=1.5447
        [Trial 0] gen  500  evals=23500  best=1.5447
        [Trial 0] gen  520  evals=24440  best=1.5447
        [Trial 0] gen  540  evals=25380  best=1.5447
        [Done] Trial 0 best=1.5447
    --> Trial 1 | pop=41 seed=66403 x0_norm_min=-0.937 x0_norm_max=0.907
        [Trial 1] gen   20  evals=  820  best=1.6246
        [Trial 1] gen   40  evals= 1640  best=1.5819
        [Trial 1] gen   60  evals= 2460  best=1.4560
        [Trial 1] gen   80  evals= 3280  best=1.4286
        [Trial 1] gen  100  evals= 4100  best=1.3956
        [Trial 1] gen  120  evals= 4920  best=1.3732
        [Trial 1] gen  140  evals= 5740  best=1.3679
        [Trial 1] gen  160  evals= 6560  best=1.3679
        [Trial 1] gen  180  evals= 7380  best=1.3671
        [Trial 1] gen  200  evals= 8200  best=1.3616
        [Trial 1] gen  220  evals= 9020  best=1.3604
        [Trial 1] gen  240  evals= 9840  best=1.3591
NOTE (module=cma, iteration=240):  
condition in coordinate system exceeded 1.2e+08, rescaled to 1.0e+00, 
condition changed from 5.0e+08 to 3.6e+08
        [Trial 1] gen  260  evals=10660  best=1.3580
        [Trial 1] gen  280  evals=11480  best=1.3580
        [Trial 1] gen  300  evals=12300  best=1.3580
        [Trial 1] gen  320  evals=13120  best=1.3580
        [Trial 1] gen  340  evals=13940  best=1.3580
        [Trial 1] gen  360  evals=14760  best=1.3579
        [Trial 1] gen  380  evals=15580  best=1.3570
        [Trial 1] gen  400  evals=16400  best=1.3563
        [Trial 1] gen  420  evals=17220  best=1.3563
        [Trial 1] gen  440  evals=18040  best=1.3563
        [Trial 1] gen  460  evals=18860  best=1.3561
        [Trial 1] gen  480  evals=19680  best=1.3550
        [Trial 1] gen  500  evals=20500  best=1.3550
        [Trial 1] gen  520  evals=21320  best=1.3550
        [Trial 1] gen  540  evals=22140  best=1.3550
        [Trial 1] gen  560  evals=22960  best=1.3550
        [Trial 1] gen  580  evals=23780  best=1.3550
        [Trial 1] gen  600  evals=24600  best=1.3550
        [Done] Trial 1 best=1.3550
    --> Trial 2 | pop=57 seed=28172 x0_norm_min=-0.344 x0_norm_max=0.824
        [Pruned] Trial 2 at gen 15 (loss=1.6682)
    --> Trial 3 | pop=40 seed=21934 x0_norm_min=-0.797 x0_norm_max=0.622
        [Pruned] Trial 3 at gen 15 (loss=1.8018)
    --> Trial 4 | pop=58 seed=22896 x0_norm_min=-0.947 x0_norm_max=0.785
        [Trial 4] gen   20  evals= 1160  best=1.4626
        [Trial 4] gen   40  evals= 2320  best=1.4426
        [Trial 4] gen   60  evals= 3480  best=1.3751
        [Trial 4] gen   80  evals= 4640  best=1.3575
        [Trial 4] gen  100  evals= 5800  best=1.3453
        [Trial 4] gen  120  evals= 6960  best=1.3270
        [Trial 4] gen  140  evals= 8120  best=1.3177
        [Trial 4] gen  160  evals= 9280  best=1.3157
        [Trial 4] gen  180  evals=10440  best=1.3137
        [Trial 4] gen  200  evals=11600  best=1.3124
NOTE (module=cma, iteration=206):  
condition in coordinate system exceeded 1.0e+08, rescaled to 1.0e+00, 
condition changed from 3.9e+08 to 5.4e+07
        [Trial 4] gen  220  evals=12760  best=1.3097
        [Trial 4] gen  240  evals=13920  best=1.3095
        [Trial 4] gen  260  evals=15080  best=1.3095
        [Trial 4] gen  280  evals=16240  best=1.3095
        [Trial 4] gen  300  evals=17400  best=1.3094
        [Trial 4] gen  320  evals=18560  best=1.3091
        [Trial 4] gen  340  evals=19720  best=1.3091
        [Trial 4] gen  360  evals=20880  best=1.3091
        [Trial 4] gen  380  evals=22040  best=1.3091
        [Trial 4] gen  400  evals=23200  best=1.3091
        [Trial 4] gen  420  evals=24360  best=1.3084
        [Trial 4] gen  440  evals=25520  best=1.3084
        [Trial 4] gen  460  evals=26680  best=1.3075
        [Trial 4] gen  480  evals=27840  best=1.3075
        [Trial 4] gen  500  evals=29000  best=1.3075
        [Done] Trial 4 best=1.3075
    --> Trial 5 | pop=38 seed=93679 x0_norm_min=-0.748 x0_norm_max=0.981
        [Pruned] Trial 5 at gen 15 (loss=1.9067)
    --> Trial 6 | pop=44 seed=59478 x0_norm_min=-0.929 x0_norm_max=0.732
        [Pruned] Trial 6 at gen 15 (loss=1.7919)
    --> Trial 7 | pop=52 seed=70578 x0_norm_min=-0.779 x0_norm_max=0.922
        [Pruned] Trial 7 at gen 15 (loss=1.7214)
    --> Trial 8 | pop=38 seed=40703 x0_norm_min=-0.814 x0_norm_max=0.843
        [Pruned] Trial 8 at gen 15 (loss=1.7162)
    --> Trial 9 | pop=43 seed=32304 x0_norm_min=-0.955 x0_norm_max=0.770
        [Pruned] Trial 9 at gen 15 (loss=1.7028)
    --> Trial 10 | pop=33 seed=3757 x0_norm_min=-0.841 x0_norm_max=0.672
        [Pruned] Trial 10 at gen 15 (loss=1.7844)
    --> Trial 11 | pop=60 seed=96820 x0_norm_min=-0.781 x0_norm_max=0.859
        [Trial 11] gen   20  evals= 1200  best=1.6765
        [Trial 11] gen   40  evals= 2400  best=1.4672
        [Pruned] Trial 11 at gen 45 (loss=1.4672)
    --> Trial 12 | pop=49 seed=1780 x0_norm_min=-0.402 x0_norm_max=0.428
        [Trial 12] gen   20  evals=  980  best=1.4537
        [Trial 12] gen   40  evals= 1960  best=1.4537
        [Pruned] Trial 12 at gen 45 (loss=1.4537)
    --> Trial 13 | pop=32 seed=53953 x0_norm_min=-0.863 x0_norm_max=0.955
        [Pruned] Trial 13 at gen 15 (loss=1.7044)
    --> Trial 14 | pop=52 seed=16254 x0_norm_min=-0.897 x0_norm_max=-0.091
        [Trial 14] gen   20  evals= 1040  best=1.6674
        [Trial 14] gen   40  evals= 2080  best=1.4729
        [Pruned] Trial 14 at gen 45 (loss=1.4729)
    --> Trial 15 | pop=55 seed=82191 x0_norm_min=-0.690 x0_norm_max=0.990
        [Pruned] Trial 15 at gen 15 (loss=1.7576)
    --> Trial 16 | pop=30 seed=44850 x0_norm_min=-0.776 x0_norm_max=0.982
        [Pruned] Trial 16 at gen 15 (loss=1.7978)
    --> Trial 17 | pop=60 seed=77007 x0_norm_min=-0.863 x0_norm_max=0.835
        [Trial 17] gen   20  evals= 1200  best=1.6585
        [Trial 17] gen   40  evals= 2400  best=1.4834
        [Pruned] Trial 17 at gen 45 (loss=1.4834)
    --> Trial 18 | pop=36 seed=13724 x0_norm_min=-0.933 x0_norm_max=0.907
        [Pruned] Trial 18 at gen 15 (loss=1.7246)
    --> Trial 19 | pop=46 seed=47505 x0_norm_min=-0.948 x0_norm_max=0.822
        [Pruned] Trial 19 at gen 15 (loss=1.7873)

  Winner: Trial 4, loss=1.307459 (479s)
    Restarts run: 20
    mu: 40.987938
    D_mu: 18.033402
    T0_mu: 24.394625
    Ly: 1.208819
    op_x: 0.742389
    op_y: 0.585465
    NMSE: 0.093660
  [Saved] random_IR_0035

============================================================
[36/50] random_IR_0036.npz
  GT loss: 1.300327
  terrain_mean=3.225426  early_threshold=1.318616  (alpha=0.0095)
    --> Trial 0 | pop=34 seed=55162 x0_norm_min=-0.944 x0_norm_max=0.730
        [Trial 0] gen   20  evals=  680  best=2.2194
        [Trial 0] gen   40  evals= 1360  best=2.2194
        [Trial 0] gen   60  evals= 2040  best=2.2189
        [Trial 0] gen   80  evals= 2720  best=2.1759
        [Trial 0] gen  100  evals= 3400  best=2.0303
        [Trial 0] gen  120  evals= 4080  best=1.9232
        [Trial 0] gen  140  evals= 4760  best=1.9232
        [Trial 0] gen  160  evals= 5440  best=1.8968
        [Trial 0] gen  180  evals= 6120  best=1.8757
        [Trial 0] gen  200  evals= 6800  best=1.8458
        [Trial 0] gen  220  evals= 7480  best=1.8227
        [Trial 0] gen  240  evals= 8160  best=1.8185
        [Trial 0] gen  260  evals= 8840  best=1.8108
        [Trial 0] gen  280  evals= 9520  best=1.8083
        [Trial 0] gen  300  evals=10200  best=1.8075
        [Trial 0] gen  320  evals=10880  best=1.8072
        [Trial 0] gen  340  evals=11560  best=1.8069
        [Trial 0] gen  360  evals=12240  best=1.8067
        [Trial 0] gen  380  evals=12920  best=1.8064
        [Trial 0] gen  400  evals=13600  best=1.8064
        [Trial 0] gen  420  evals=14280  best=1.8061/home/bhpark3/dafxenv/lib/python3.12/site-packages/cma/utilities/utils.py:369: UserWarning: 
        geno-pheno transformation introduced based on the
        current covariance matrix with condition 1.0e+12 -> 1.0e+00,
        injected solutions become "invalid" in this iteration (time=Jul 12 22:14:17 2026 class=CMAEvolutionStrategy method=alleviate_conditioning iteration=572)
  warnings.warn(msg + ' (time={}'.format(time.asctime()[4:]) +
/home/bhpark3/dafxenv/lib/python3.12/site-packages/cma/utilities/utils.py:369: UserWarning: 
        geno-pheno transformation introduced based on the
        current covariance matrix with condition 1.0e+12 -> 1.0e+00,
        injected solutions become "invalid" in this iteration (time=Jul 12 22:22:56 2026 class=CMAEvolutionStrategy method=alleviate_conditioning iteration=478)
  warnings.warn(msg + ' (time={}'.format(time.asctime()[4:]) +

        [Trial 0] gen  440  evals=14960  best=1.8061
        [Trial 0] gen  460  evals=15640  best=1.8060
        [Trial 0] gen  480  evals=16320  best=1.8059
        [Trial 0] gen  500  evals=17000  best=1.8057
        [Trial 0] gen  520  evals=17680  best=1.8056
        [Trial 0] gen  540  evals=18360  best=1.8056
        [Trial 0] gen  560  evals=19040  best=1.8056
        [Trial 0] gen  580  evals=19720  best=1.8056
        [Trial 0] gen  600  evals=20400  best=1.8056
        [Trial 0] gen  620  evals=21080  best=1.8056
        [Trial 0] gen  640  evals=21760  best=1.8056
        [Trial 0] gen  660  evals=22440  best=1.8056
        [Trial 0] gen  680  evals=23120  best=1.8056
        [Trial 0] gen  700  evals=23800  best=1.8056
        [Done] Trial 0 best=1.8056
    --> Trial 1 | pop=60 seed=34777 x0_norm_min=-0.937 x0_norm_max=0.907
        [Trial 1] gen   20  evals= 1200  best=2.2552
        [Trial 1] gen   40  evals= 2400  best=2.1318
        [Trial 1] gen   60  evals= 3600  best=2.1318
        [Trial 1] gen   80  evals= 4800  best=2.0609
        [Trial 1] gen  100  evals= 6000  best=2.0588
        [Trial 1] gen  120  evals= 7200  best=2.0171
        [Pruned] Trial 1 at gen 135 (loss=1.9760)
    --> Trial 2 | pop=32 seed=60803 x0_norm_min=-0.344 x0_norm_max=0.824
        [Trial 2] gen   20  evals=  640  best=2.2497
        [Trial 2] gen   40  evals= 1280  best=2.1914
        [Pruned] Trial 2 at gen 45 (loss=2.1914)
    --> Trial 3 | pop=48 seed=79322 x0_norm_min=-0.797 x0_norm_max=0.622
        [Trial 3] gen   20  evals=  960  best=2.1831
        [Trial 3] gen   40  evals= 1920  best=2.1167
        [Trial 3] gen   60  evals= 2880  best=2.1167
        [Trial 3] gen   80  evals= 3840  best=2.1167
        [Trial 3] gen  100  evals= 4800  best=2.0381
        [Trial 3] gen  120  evals= 5760  best=2.0381
        [Pruned] Trial 3 at gen 135 (loss=1.9890)
    --> Trial 4 | pop=58 seed=66947 x0_norm_min=-0.947 x0_norm_max=0.785
        [Pruned] Trial 4 at gen 15 (loss=2.2478)
    --> Trial 5 | pop=31 seed=29179 x0_norm_min=-0.748 x0_norm_max=0.981
        [Pruned] Trial 5 at gen 15 (loss=2.4049)
    --> Trial 6 | pop=44 seed=68239 x0_norm_min=-0.929 x0_norm_max=0.732
        [Pruned] Trial 6 at gen 15 (loss=2.2593)
    --> Trial 7 | pop=58 seed=12530 x0_norm_min=-0.779 x0_norm_max=0.922
        [Pruned] Trial 7 at gen 15 (loss=2.2515)
    --> Trial 8 | pop=33 seed=9731 x0_norm_min=-0.814 x0_norm_max=0.843
        [Pruned] Trial 8 at gen 15 (loss=2.3129)
    --> Trial 9 | pop=43 seed=69873 x0_norm_min=-0.955 x0_norm_max=0.770
        [Trial 9] gen   20  evals=  860  best=2.0871
        [Trial 9] gen   40  evals= 1720  best=2.0871
        [Trial 9] gen   60  evals= 2580  best=2.0871
        [Trial 9] gen   80  evals= 3440  best=2.0199
        [Trial 9] gen  100  evals= 4300  best=1.9932
        [Trial 9] gen  120  evals= 5160  best=1.9151
        [Trial 9] gen  140  evals= 6020  best=1.8971
        [Trial 9] gen  160  evals= 6880  best=1.8943
        [Trial 9] gen  180  evals= 7740  best=1.8943
        [Trial 9] gen  200  evals= 8600  best=1.8943
        [Trial 9] gen  220  evals= 9460  best=1.8943
        [Trial 9] gen  240  evals=10320  best=1.8917
        [Trial 9] gen  260  evals=11180  best=1.8917
        [Trial 9] gen  280  evals=12040  best=1.8903
        [Trial 9] gen  300  evals=12900  best=1.8903
        [Trial 9] gen  320  evals=13760  best=1.8903
        [Trial 9] gen  340  evals=14620  best=1.8896
        [Trial 9] gen  360  evals=15480  best=1.8891
        [Trial 9] gen  380  evals=16340  best=1.8884
NOTE (module=cma, iteration=384):  
condition in coordinate system exceeded 1.1e+08, rescaled to 1.0e+00, 
condition changed from 8.0e+08 to 6.5e+07
        [Trial 9] gen  400  evals=17200  best=1.8884
        [Pruned] Trial 9 at gen 405 (loss=1.8884)
    --> Trial 10 | pop=38 seed=45391 x0_norm_min=-0.841 x0_norm_max=0.672
        [Trial 10] gen   20  evals=  760  best=2.2447
        [Trial 10] gen   40  evals= 1520  best=2.2447
        [Pruned] Trial 10 at gen 45 (loss=2.2447)
    --> Trial 11 | pop=41 seed=52110 x0_norm_min=-0.781 x0_norm_max=0.859
        [Trial 11] gen   20  evals=  820  best=2.1540
        [Trial 11] gen   40  evals= 1640  best=2.1540
        [Pruned] Trial 11 at gen 45 (loss=2.1540)
    --> Trial 12 | pop=50 seed=94606 x0_norm_min=-0.402 x0_norm_max=0.428
        [Pruned] Trial 12 at gen 15 (loss=2.2933)
    --> Trial 13 | pop=38 seed=87142 x0_norm_min=-0.863 x0_norm_max=0.955
        [Pruned] Trial 13 at gen 15 (loss=2.2576)
    --> Trial 14 | pop=51 seed=81221 x0_norm_min=-0.897 x0_norm_max=-0.091
        [Trial 14] gen   20  evals= 1020  best=2.1504
        [Trial 14] gen   40  evals= 2040  best=2.1504
        [Pruned] Trial 14 at gen 45 (loss=2.1504)
    --> Trial 15 | pop=37 seed=49193 x0_norm_min=-0.690 x0_norm_max=0.990
        [Pruned] Trial 15 at gen 15 (loss=2.3385)
    --> Trial 16 | pop=45 seed=31464 x0_norm_min=-0.776 x0_norm_max=0.982
        [Pruned] Trial 16 at gen 15 (loss=2.3180)
    --> Trial 17 | pop=35 seed=72374 x0_norm_min=-0.863 x0_norm_max=0.835
        [Pruned] Trial 17 at gen 15 (loss=2.3206)
    --> Trial 18 | pop=41 seed=56691 x0_norm_min=-0.933 x0_norm_max=0.907
        [Trial 18] gen   20  evals=  820  best=2.1722
        [Trial 18] gen   40  evals= 1640  best=2.0907
        [Trial 18] gen   60  evals= 2460  best=2.0678
        [Trial 18] gen   80  evals= 3280  best=2.0678
        [Trial 18] gen  100  evals= 4100  best=2.0659
        [Trial 18] gen  120  evals= 4920  best=1.9452
        [Pruned] Trial 18 at gen 135 (loss=1.9170)
    --> Trial 19 | pop=54 seed=98380 x0_norm_min=-0.948 x0_norm_max=0.822
        [Pruned] Trial 19 at gen 15 (loss=2.4448)

  Winner: Trial 0, loss=1.805615 (551s)
    Restarts run: 20
    mu: 7.438576
    D_mu: 27.382500
    T0_mu: 25.351302
    Ly: 1.476345
    op_x: 0.684535
    op_y: 0.912174
    NMSE: 0.015778
  [Saved] random_IR_0036

============================================================
[37/50] random_IR_0037.npz
  GT loss: 1.223252
  terrain_mean=2.707723  early_threshold=1.237354  (alpha=0.0095)
    --> Trial 0 | pop=39 seed=50836 x0_norm_min=-0.944 x0_norm_max=0.730
        [Trial 0] gen   20  evals=  780  best=1.9770
        [Trial 0] gen   40  evals= 1560  best=1.9602
        [Trial 0] gen   60  evals= 2340  best=1.9554
        [Trial 0] gen   80  evals= 3120  best=1.8946
        [Trial 0] gen  100  evals= 3900  best=1.8946
        [Trial 0] gen  120  evals= 4680  best=1.8946
        [Trial 0] gen  140  evals= 5460  best=1.8946
        [Trial 0] gen  160  evals= 6240  best=1.8452
        [Trial 0] gen  180  evals= 7020  best=1.6564
        [Trial 0] gen  200  evals= 7800  best=1.5462
        [Trial 0] gen  220  evals= 8580  best=1.5208
NOTE (module=cma, iteration=230):  
condition in coordinate system exceeded 1.1e+08, rescaled to 1.0e+00, 
condition changed from 4.2e+08 to 1.2e+08
        [Trial 0] gen  240  evals= 9360  best=1.5186
        [Trial 0] gen  260  evals=10140  best=1.5175
        [Trial 0] gen  280  evals=10920  best=1.5171
        [Trial 0] gen  300  evals=11700  best=1.5170
        [Trial 0] gen  320  evals=12480  best=1.5160
        [Trial 0] gen  340  evals=13260  best=1.5159
        [Trial 0] gen  360  evals=14040  best=1.5159
        [Trial 0] gen  380  evals=14820  best=1.5156
        [Trial 0] gen  400  evals=15600  best=1.5152
        [Trial 0] gen  420  evals=16380  best=1.5151
        [Trial 0] gen  440  evals=17160  best=1.5151
        [Trial 0] gen  460  evals=17940  best=1.5150
        [Trial 0] gen  480  evals=18720  best=1.5150
        [Trial 0] gen  500  evals=19500  best=1.5149
        [Trial 0] gen  520  evals=20280  best=1.5149
        [Trial 0] gen  540  evals=21060  best=1.5149
        [Trial 0] gen  560  evals=21840  best=1.5146
        [Trial 0] gen  580  evals=22620  best=1.5146
        [Trial 0] gen  600  evals=23400  best=1.5146
        [Trial 0] gen  620  evals=24180  best=1.5146
        [Trial 0] gen  640  evals=24960  best=1.5146
        [Trial 0] gen  660  evals=25740  best=1.5146
        [Trial 0] gen  680  evals=26520  best=1.5146
        [Trial 0] gen  700  evals=27300  best=1.5146
        [Trial 0] gen  720  evals=28080  best=1.5146
        [Trial 0] gen  740  evals=28860  best=1.5146
        [Trial 0] gen  760  evals=29640  best=1.5146
        [Done] Trial 0 best=1.5146
    --> Trial 1 | pop=30 seed=39114 x0_norm_min=-0.937 x0_norm_max=0.907
        [Pruned] Trial 1 at gen 15 (loss=2.0298)
    --> Trial 2 | pop=45 seed=16722 x0_norm_min=-0.344 x0_norm_max=0.824
        [Trial 2] gen   20  evals=  900  best=1.9728
        [Trial 2] gen   40  evals= 1800  best=1.9583
        [Pruned] Trial 2 at gen 45 (loss=1.9583)
    --> Trial 3 | pop=45 seed=35438 x0_norm_min=-0.797 x0_norm_max=0.622
        [Pruned] Trial 3 at gen 15 (loss=2.0109)
    --> Trial 4 | pop=49 seed=79704 x0_norm_min=-0.947 x0_norm_max=0.785
        [Pruned] Trial 4 at gen 15 (loss=1.9925)
    --> Trial 5 | pop=59 seed=35393 x0_norm_min=-0.748 x0_norm_max=0.981
        [Pruned] Trial 5 at gen 15 (loss=2.0213)
    --> Trial 6 | pop=57 seed=37493 x0_norm_min=-0.929 x0_norm_max=0.732
        [Pruned] Trial 6 at gen 15 (loss=1.9856)
    --> Trial 7 | pop=41 seed=86083 x0_norm_min=-0.779 x0_norm_max=0.922
        [Trial 7] gen   20  evals=  820  best=1.9588
        [Trial 7] gen   40  evals= 1640  best=1.9427
        [Trial 7] gen   60  evals= 2460  best=1.9394
        [Trial 7] gen   80  evals= 3280  best=1.8969
        [Trial 7] gen  100  evals= 4100  best=1.8407
        [Trial 7] gen  120  evals= 4920  best=1.8402
        [Trial 7] gen  140  evals= 5740  best=1.8402
        [Trial 7] gen  160  evals= 6560  best=1.8088
        [Trial 7] gen  180  evals= 7380  best=1.7992
        [Trial 7] gen  200  evals= 8200  best=1.7992
        [Trial 7] gen  220  evals= 9020  best=1.7992
        [Trial 7] gen  240  evals= 9840  best=1.7727
        [Trial 7] gen  260  evals=10660  best=1.7569
        [Trial 7] gen  280  evals=11480  best=1.7512
        [Trial 7] gen  300  evals=12300  best=1.7489
        [Trial 7] gen  320  evals=13120  best=1.7475
        [Trial 7] gen  340  evals=13940  best=1.7475
        [Trial 7] gen  360  evals=14760  best=1.7475
        [Trial 7] gen  380  evals=15580  best=1.7475
NOTE (module=cma, iteration=381):  
condition in coordinate system exceeded 1.1e+08, rescaled to 1.0e+00, 
condition changed from 1.2e+09 to 8.1e+07
        [Trial 7] gen  400  evals=16400  best=1.7474
        [Pruned] Trial 7 at gen 405 (loss=1.7474)
    --> Trial 8 | pop=37 seed=77400 x0_norm_min=-0.814 x0_norm_max=0.843
        [Pruned] Trial 8 at gen 15 (loss=2.0260)
    --> Trial 9 | pop=46 seed=48817 x0_norm_min=-0.955 x0_norm_max=0.770
        [Pruned] Trial 9 at gen 15 (loss=2.0143)
    --> Trial 10 | pop=31 seed=61295 x0_norm_min=-0.841 x0_norm_max=0.672
        [Pruned] Trial 10 at gen 15 (loss=2.0369)
    --> Trial 11 | pop=39 seed=98698 x0_norm_min=-0.781 x0_norm_max=0.859
        [Trial 11] gen   20  evals=  780  best=1.9706
        [Trial 11] gen   40  evals= 1560  best=1.9405
        [Trial 11] gen   60  evals= 2340  best=1.9316
        [Trial 11] gen   80  evals= 3120  best=1.9316
        [Trial 11] gen  100  evals= 3900  best=1.9316
        [Trial 11] gen  120  evals= 4680  best=1.9316
        [Pruned] Trial 11 at gen 135 (loss=1.9106)
    --> Trial 12 | pop=37 seed=96865 x0_norm_min=-0.402 x0_norm_max=0.428
        [Pruned] Trial 12 at gen 15 (loss=2.0186)
    --> Trial 13 | pop=40 seed=6311 x0_norm_min=-0.863 x0_norm_max=0.955
        [Trial 13] gen   20  evals=  800  best=1.9665
        [Trial 13] gen   40  evals= 1600  best=1.9254
        [Trial 13] gen   60  evals= 2400  best=1.9232
        [Trial 13] gen   80  evals= 3200  best=1.9232
        [Trial 13] gen  100  evals= 4000  best=1.8986
        [Trial 13] gen  120  evals= 4800  best=1.8986
        [Pruned] Trial 13 at gen 135 (loss=1.8986)
    --> Trial 14 | pop=52 seed=67565 x0_norm_min=-0.897 x0_norm_max=-0.091
        [Pruned] Trial 14 at gen 15 (loss=2.0025)
    --> Trial 15 | pop=34 seed=87275 x0_norm_min=-0.690 x0_norm_max=0.990
        [Pruned] Trial 15 at gen 15 (loss=2.0720)
    --> Trial 16 | pop=41 seed=57933 x0_norm_min=-0.776 x0_norm_max=0.982
        [Pruned] Trial 16 at gen 15 (loss=2.0220)
    --> Trial 17 | pop=43 seed=19629 x0_norm_min=-0.863 x0_norm_max=0.835
        [Pruned] Trial 17 at gen 15 (loss=2.0188)
    --> Trial 18 | pop=34 seed=69254 x0_norm_min=-0.933 x0_norm_max=0.907
        [Pruned] Trial 18 at gen 15 (loss=2.0957)
    --> Trial 19 | pop=49 seed=50539 x0_norm_min=-0.948 x0_norm_max=0.822
        [Pruned] Trial 19 at gen 15 (loss=2.0406)

  Winner: Trial 0, loss=1.514650 (279s)
    Restarts run: 20
    mu: 34.060300
    D_mu: 48.680133
    T0_mu: 6.268194
    Ly: 1.364040
    op_x: 0.837970
    op_y: 0.904882
    NMSE: 0.088700
  [Saved] random_IR_0037

============================================================
[38/50] random_IR_0038.npz
  GT loss: 0.918401
  terrain_mean=2.440226  early_threshold=0.932858  (alpha=0.0095)
    --> Trial 0 | pop=40 seed=79640 x0_norm_min=-0.944 x0_norm_max=0.730
        [Trial 0] gen   20  evals=  800  best=1.5842
        [Trial 0] gen   40  evals= 1600  best=1.4171
        [Trial 0] gen   60  evals= 2400  best=1.3973
        [Trial 0] gen   80  evals= 3200  best=1.3970
        [Trial 0] gen  100  evals= 4000  best=1.3599
        [Trial 0] gen  120  evals= 4800  best=1.3471
        [Trial 0] gen  140  evals= 5600  best=1.3382
        [Trial 0] gen  160  evals= 6400  best=1.3382
        [Trial 0] gen  180  evals= 7200  best=1.3335
        [Trial 0] gen  200  evals= 8000  best=1.3275
        [Trial 0] gen  220  evals= 8800  best=1.3235
        [Trial 0] gen  240  evals= 9600  best=1.3224
        [Trial 0] gen  260  evals=10400  best=1.3186
        [Trial 0] gen  280  evals=11200  best=1.3143
        [Trial 0] gen  300  evals=12000  best=1.3143
        [Trial 0] gen  320  evals=12800  best=1.3143
        [Trial 0] gen  340  evals=13600  best=1.3139
        [Trial 0] gen  360  evals=14400  best=1.3129
        [Trial 0] gen  380  evals=15200  best=1.3129
        [Trial 0] gen  400  evals=16000  best=1.3129
        [Trial 0] gen  420  evals=16800  best=1.3129
        [Trial 0] gen  440  evals=17600  best=1.3129
        [Trial 0] gen  460  evals=18400  best=1.3129
        [Trial 0] gen  480  evals=19200  best=1.3129
        [Trial 0] gen  500  evals=20000  best=1.3129
        [Trial 0] gen  520  evals=20800  best=1.3129
        [Done] Trial 0 best=1.3129
    --> Trial 1 | pop=45 seed=26855 x0_norm_min=-0.937 x0_norm_max=0.907
        [Pruned] Trial 1 at gen 15 (loss=1.7096)
    --> Trial 2 | pop=60 seed=28505 x0_norm_min=-0.344 x0_norm_max=0.824
        [Pruned] Trial 2 at gen 15 (loss=1.7083)
    --> Trial 3 | pop=33 seed=31357 x0_norm_min=-0.797 x0_norm_max=0.622
        [Pruned] Trial 3 at gen 15 (loss=1.7614)
    --> Trial 4 | pop=58 seed=57610 x0_norm_min=-0.947 x0_norm_max=0.785
        [Pruned] Trial 4 at gen 15 (loss=1.7775)
    --> Trial 5 | pop=41 seed=3431 x0_norm_min=-0.748 x0_norm_max=0.981
        [Pruned] Trial 5 at gen 15 (loss=1.7617)
    --> Trial 6 | pop=57 seed=70888 x0_norm_min=-0.929 x0_norm_max=0.732
        [Pruned] Trial 6 at gen 15 (loss=1.7469)
    --> Trial 7 | pop=44 seed=55462 x0_norm_min=-0.779 x0_norm_max=0.922
        [Trial 7] gen   20  evals=  880  best=1.6340
        [Trial 7] gen   40  evals= 1760  best=1.6340
        [Pruned] Trial 7 at gen 45 (loss=1.6340)
    --> Trial 8 | pop=32 seed=64657 x0_norm_min=-0.814 x0_norm_max=0.843
        [Pruned] Trial 8 at gen 15 (loss=1.8362)
    --> Trial 9 | pop=37 seed=20270 x0_norm_min=-0.955 x0_norm_max=0.770
        [Pruned] Trial 9 at gen 15 (loss=1.8932)
    --> Trial 10 | pop=50 seed=86736 x0_norm_min=-0.841 x0_norm_max=0.672
        [Trial 10] gen   20  evals= 1000  best=1.6799
        [Trial 10] gen   40  evals= 2000  best=1.3122
        [Trial 10] gen   60  evals= 3000  best=1.3122
        [Trial 10] gen   80  evals= 4000  best=1.3122
        [Trial 10] gen  100  evals= 5000  best=1.3122
        [Trial 10] gen  120  evals= 6000  best=1.3122
        [Trial 10] gen  140  evals= 7000  best=1.3122
        [Trial 10] gen  160  evals= 8000  best=1.3122
        [Trial 10] gen  180  evals= 9000  best=1.3122
        [Trial 10] gen  200  evals=10000  best=1.3122
        [Trial 10] gen  220  evals=11000  best=1.3122/home/bhpark3/dafxenv/lib/python3.12/site-packages/cma/utilities/utils.py:369: UserWarning: 
        geno-pheno transformation introduced based on the
        current covariance matrix with condition 1.1e+12 -> 1.0e+00,
        injected solutions become "invalid" in this iteration (time=Jul 12 22:32:13 2026 class=CMAEvolutionStrategy method=alleviate_conditioning iteration=549)
  warnings.warn(msg + ' (time={}'.format(time.asctime()[4:]) +
/home/bhpark3/dafxenv/lib/python3.12/site-packages/cma/utilities/utils.py:369: UserWarning: 
        geno-pheno transformation introduced based on the
        current covariance matrix with condition 1.0e+12 -> 1.0e+00,
        injected solutions become "invalid" in this iteration (time=Jul 12 22:42:37 2026 class=CMAEvolutionStrategy method=alleviate_conditioning iteration=467)
  warnings.warn(msg + ' (time={}'.format(time.asctime()[4:]) +

        [Trial 10] gen  240  evals=12000  best=1.3122
        [Trial 10] gen  260  evals=13000  best=1.3122
NOTE (module=cma, iteration=278):  
condition in coordinate system exceeded 1.3e+08, rescaled to 1.0e+00, 
condition changed from 4.2e+09 to 5.3e+08
        [Trial 10] gen  280  evals=14000  best=1.3122
        [Trial 10] gen  300  evals=15000  best=1.3122
        [Trial 10] gen  320  evals=16000  best=1.3122
        [Trial 10] gen  340  evals=17000  best=1.3122
        [Trial 10] gen  360  evals=18000  best=1.3122
        [Trial 10] gen  380  evals=19000  best=1.3122
        [Trial 10] gen  400  evals=20000  best=1.3122
        [Trial 10] gen  420  evals=21000  best=1.3122
        [Trial 10] gen  440  evals=22000  best=1.3122
        [Trial 10] gen  460  evals=23000  best=1.3122
        [Trial 10] gen  480  evals=24000  best=1.3122
        [Trial 10] gen  500  evals=25000  best=1.3122
        [Trial 10] gen  520  evals=26000  best=1.3122
        [Trial 10] gen  540  evals=27000  best=1.3122
        [Trial 10] gen  560  evals=28000  best=1.3122
        [Trial 10] gen  580  evals=29000  best=1.3122
        [Trial 10] gen  600  evals=30000  best=1.3122
        [Done] Trial 10 best=1.3122
    --> Trial 11 | pop=51 seed=96709 x0_norm_min=-0.781 x0_norm_max=0.859
        [Pruned] Trial 11 at gen 15 (loss=1.7442)
    --> Trial 12 | pop=49 seed=90748 x0_norm_min=-0.402 x0_norm_max=0.428
        [Trial 12] gen   20  evals=  980  best=1.4918
        [Trial 12] gen   40  evals= 1960  best=1.4440
        [Pruned] Trial 12 at gen 45 (loss=1.3707)
    --> Trial 13 | pop=52 seed=82684 x0_norm_min=-0.863 x0_norm_max=0.955
        [Pruned] Trial 13 at gen 15 (loss=1.7941)
    --> Trial 14 | pop=39 seed=78859 x0_norm_min=-0.897 x0_norm_max=-0.091
        [Pruned] Trial 14 at gen 15 (loss=1.7371)
    --> Trial 15 | pop=47 seed=45953 x0_norm_min=-0.690 x0_norm_max=0.990
        [Pruned] Trial 15 at gen 15 (loss=1.8158)
    --> Trial 16 | pop=54 seed=85204 x0_norm_min=-0.776 x0_norm_max=0.982
        [Trial 16] gen   20  evals= 1080  best=1.6989
        [Trial 16] gen   40  evals= 2160  best=1.5816
        [Pruned] Trial 16 at gen 45 (loss=1.5404)
    --> Trial 17 | pop=36 seed=97688 x0_norm_min=-0.863 x0_norm_max=0.835
        [Trial 17] gen   20  evals=  720  best=1.5835
        [Trial 17] gen   40  evals= 1440  best=1.4736
        [Pruned] Trial 17 at gen 45 (loss=1.4736)
    --> Trial 18 | pop=42 seed=74459 x0_norm_min=-0.933 x0_norm_max=0.907
        [Pruned] Trial 18 at gen 15 (loss=1.8297)
    --> Trial 19 | pop=47 seed=47621 x0_norm_min=-0.948 x0_norm_max=0.822
        [Pruned] Trial 19 at gen 15 (loss=1.8247)

  Winner: Trial 10, loss=1.312170 (417s)
    Restarts run: 20
    mu: 9.007840
    D_mu: 26.947181
    T0_mu: 14.340264
    Ly: 1.971306
    op_x: 0.740734
    op_y: 0.893561
    NMSE: 0.006840
  [Saved] random_IR_0038

============================================================
[39/50] random_IR_0039.npz
  GT loss: 1.073682
  terrain_mean=2.223549  early_threshold=1.084606  (alpha=0.0095)
    --> Trial 0 | pop=52 seed=77250 x0_norm_min=-0.944 x0_norm_max=0.730
        [Trial 0] gen   20  evals= 1040  best=1.6600
        [Trial 0] gen   40  evals= 2080  best=1.6569
        [Trial 0] gen   60  evals= 3120  best=1.6112
        [Trial 0] gen   80  evals= 4160  best=1.5720
        [Trial 0] gen  100  evals= 5200  best=1.5720
        [Trial 0] gen  120  evals= 6240  best=1.5498
        [Trial 0] gen  140  evals= 7280  best=1.5498
        [Trial 0] gen  160  evals= 8320  best=1.5375
        [Trial 0] gen  180  evals= 9360  best=1.5375
        [Trial 0] gen  200  evals=10400  best=1.5373
        [Trial 0] gen  220  evals=11440  best=1.5373
        [Trial 0] gen  240  evals=12480  best=1.5344
        [Trial 0] gen  260  evals=13520  best=1.5339
        [Trial 0] gen  280  evals=14560  best=1.5329
        [Trial 0] gen  300  evals=15600  best=1.5318
        [Trial 0] gen  320  evals=16640  best=1.5318
        [Trial 0] gen  340  evals=17680  best=1.5318
        [Trial 0] gen  360  evals=18720  best=1.5317
        [Trial 0] gen  380  evals=19760  best=1.5317
        [Trial 0] gen  400  evals=20800  best=1.5315
        [Trial 0] gen  420  evals=21840  best=1.5309
        [Trial 0] gen  440  evals=22880  best=1.5309
        [Trial 0] gen  460  evals=23920  best=1.5309
        [Trial 0] gen  480  evals=24960  best=1.5300
        [Trial 0] gen  500  evals=26000  best=1.5300
        [Trial 0] gen  520  evals=27040  best=1.5300
        [Trial 0] gen  540  evals=28080  best=1.5300
        [Trial 0] gen  560  evals=29120  best=1.5300
        [Done] Trial 0 best=1.5300
    --> Trial 1 | pop=53 seed=14756 x0_norm_min=-0.937 x0_norm_max=0.907
        [Trial 1] gen   20  evals= 1060  best=1.5734
        [Trial 1] gen   40  evals= 2120  best=1.5190
        [Trial 1] gen   60  evals= 3180  best=1.3506
        [Trial 1] gen   80  evals= 4240  best=1.2626
        [Trial 1] gen  100  evals= 5300  best=1.2470
        [Trial 1] gen  120  evals= 6360  best=1.2229
        [Trial 1] gen  140  evals= 7420  best=1.2155
        [Trial 1] gen  160  evals= 8480  best=1.2129
        [Trial 1] gen  180  evals= 9540  best=1.2050
        [Trial 1] gen  200  evals=10600  best=1.1989
        [Trial 1] gen  220  evals=11660  best=1.1962
NOTE (module=cma, iteration=236):  
condition in coordinate system exceeded 1.1e+08, rescaled to 1.0e+00, 
condition changed from 4.9e+08 to 2.8e+08
        [Trial 1] gen  240  evals=12720  best=1.1962
        [Trial 1] gen  260  evals=13780  best=1.1960
        [Trial 1] gen  280  evals=14840  best=1.1958
        [Trial 1] gen  300  evals=15900  best=1.1955
        [Trial 1] gen  320  evals=16960  best=1.1951
        [Trial 1] gen  340  evals=18020  best=1.1946
        [Trial 1] gen  360  evals=19080  best=1.1944
        [Trial 1] gen  380  evals=20140  best=1.1944
        [Trial 1] gen  400  evals=21200  best=1.1944
        [Trial 1] gen  420  evals=22260  best=1.1944
        [Trial 1] gen  440  evals=23320  best=1.1944
        [Trial 1] gen  460  evals=24380  best=1.1944
        [Trial 1] gen  480  evals=25440  best=1.1944
        [Trial 1] gen  500  evals=26500  best=1.1944
        [Trial 1] gen  520  evals=27560  best=1.1944
        [Trial 1] gen  540  evals=28620  best=1.1944
        [Trial 1] gen  560  evals=29680  best=1.1943
        [Done] Trial 1 best=1.1943
    --> Trial 2 | pop=49 seed=55768 x0_norm_min=-0.344 x0_norm_max=0.824
        [Pruned] Trial 2 at gen 15 (loss=1.6526)
    --> Trial 3 | pop=34 seed=77558 x0_norm_min=-0.797 x0_norm_max=0.622
        [Pruned] Trial 3 at gen 15 (loss=1.7266)
    --> Trial 4 | pop=34 seed=31276 x0_norm_min=-0.947 x0_norm_max=0.785
        [Pruned] Trial 4 at gen 15 (loss=1.6147)
    --> Trial 5 | pop=30 seed=21662 x0_norm_min=-0.748 x0_norm_max=0.981
        [Pruned] Trial 5 at gen 15 (loss=1.6666)
    --> Trial 6 | pop=55 seed=66184 x0_norm_min=-0.929 x0_norm_max=0.732
        [Pruned] Trial 6 at gen 15 (loss=1.6552)
    --> Trial 7 | pop=43 seed=48998 x0_norm_min=-0.779 x0_norm_max=0.922
        [Trial 7] gen   20  evals=  860  best=1.5774
        [Trial 7] gen   40  evals= 1720  best=1.5774
        [Pruned] Trial 7 at gen 45 (loss=1.5774)
    --> Trial 8 | pop=33 seed=12978 x0_norm_min=-0.814 x0_norm_max=0.843
        [Pruned] Trial 8 at gen 15 (loss=1.6509)
    --> Trial 9 | pop=34 seed=65655 x0_norm_min=-0.955 x0_norm_max=0.770
        [Pruned] Trial 9 at gen 15 (loss=1.6712)
    --> Trial 10 | pop=44 seed=93245 x0_norm_min=-0.841 x0_norm_max=0.672
        [Trial 10] gen   20  evals=  880  best=1.6074
        [Trial 10] gen   40  evals= 1760  best=1.5049
        [Pruned] Trial 10 at gen 45 (loss=1.5049)
    --> Trial 11 | pop=60 seed=5339 x0_norm_min=-0.781 x0_norm_max=0.859
        [Pruned] Trial 11 at gen 15 (loss=1.6545)
    --> Trial 12 | pop=51 seed=97928 x0_norm_min=-0.402 x0_norm_max=0.428
        [Trial 12] gen   20  evals= 1020  best=1.6055
        [Trial 12] gen   40  evals= 2040  best=1.4326
        [Pruned] Trial 12 at gen 45 (loss=1.4326)
    --> Trial 13 | pop=56 seed=36259 x0_norm_min=-0.863 x0_norm_max=0.955
        [Trial 13] gen   20  evals= 1120  best=1.5784
        [Trial 13] gen   40  evals= 2240  best=1.4166
        [Trial 13] gen   60  evals= 3360  best=1.2807
        [Trial 13] gen   80  evals= 4480  best=1.2658
        [Trial 13] gen  100  evals= 5600  best=1.2192
        [Trial 13] gen  120  evals= 6720  best=1.2192
        [Pruned] Trial 13 at gen 135 (loss=1.2192)
    --> Trial 14 | pop=47 seed=81521 x0_norm_min=-0.897 x0_norm_max=-0.091
        [Pruned] Trial 14 at gen 15 (loss=1.6468)
    --> Trial 15 | pop=54 seed=43414 x0_norm_min=-0.690 x0_norm_max=0.990
        [Trial 15] gen   20  evals= 1080  best=1.5475
        [Trial 15] gen   40  evals= 2160  best=1.3974
        [Trial 15] gen   60  evals= 3240  best=1.2569
        [Trial 15] gen   80  evals= 4320  best=1.2340
        [Trial 15] gen  100  evals= 5400  best=1.2074
        [Trial 15] gen  120  evals= 6480  best=1.2057
        [Trial 15] gen  140  evals= 7560  best=1.1761
NOTE (module=cma, iteration=155):  
condition in coordinate system exceeded 1.0e+08, rescaled to 1.0e+00, 
condition changed from 4.2e+08 to 8.0e+07
        [Trial 15] gen  160  evals= 8640  best=1.1696
        [Trial 15] gen  180  evals= 9720  best=1.1684
        [Trial 15] gen  200  evals=10800  best=1.1684
        [Trial 15] gen  220  evals=11880  best=1.1684
        [Trial 15] gen  240  evals=12960  best=1.1679
        [Trial 15] gen  260  evals=14040  best=1.1678
        [Trial 15] gen  280  evals=15120  best=1.1673
        [Trial 15] gen  300  evals=16200  best=1.1673
        [Trial 15] gen  320  evals=17280  best=1.1673
        [Trial 15] gen  340  evals=18360  best=1.1669
        [Trial 15] gen  360  evals=19440  best=1.1669
        [Trial 15] gen  380  evals=20520  best=1.1669
        [Trial 15] gen  400  evals=21600  best=1.1667
        [Trial 15] gen  420  evals=22680  best=1.1667
        [Trial 15] gen  440  evals=23760  best=1.1667
        [Trial 15] gen  460  evals=24840  best=1.1667
        [Trial 15] gen  480  evals=25920  best=1.1667
        [Trial 15] gen  500  evals=27000  best=1.1661
        [Trial 15] gen  520  evals=28080  best=1.1661
        [Trial 15] gen  540  evals=29160  best=1.1661
        [Done] Trial 15 best=1.1661
    --> Trial 16 | pop=60 seed=38113 x0_norm_min=-0.776 x0_norm_max=0.982
        [Trial 16] gen   20  evals= 1200  best=1.5461
        [Trial 16] gen   40  evals= 2400  best=1.4781
        [Pruned] Trial 16 at gen 45 (loss=1.4397)
    --> Trial 17 | pop=55 seed=20293 x0_norm_min=-0.863 x0_norm_max=0.835
        [Trial 17] gen   20  evals= 1100  best=1.5168
        [Trial 17] gen   40  evals= 2200  best=1.5007
        [Pruned] Trial 17 at gen 45 (loss=1.4962)
    --> Trial 18 | pop=41 seed=2507 x0_norm_min=-0.933 x0_norm_max=0.907
        [Pruned] Trial 18 at gen 15 (loss=1.6892)
    --> Trial 19 | pop=57 seed=45665 x0_norm_min=-0.948 x0_norm_max=0.822
        [Pruned] Trial 19 at gen 15 (loss=1.6120)

  Winner: Trial 15, loss=1.166128 (934s)
    Restarts run: 20
    mu: 76.239564
    D_mu: 18.758181
    T0_mu: 2.568526
    Ly: 1.922980
    op_x: 0.894435
    op_y: 0.683115
    NMSE: 0.023310
  [Saved] random_IR_0039

============================================================
[40/50] random_IR_0040.npz
  GT loss: 0.841679
  terrain_mean=2.201607  early_threshold=0.854598  (alpha=0.0095)
    --> Trial 0 | pop=37 seed=54393 x0_norm_min=-0.944 x0_norm_max=0.730
        [Trial 0] gen   20  evals=  740  best=1.4529
        [Trial 0] gen   40  evals= 1480  best=1.4469
        [Trial 0] gen   60  evals= 2220  best=1.4469
        [Trial 0] gen   80  evals= 2960  best=1.4137
        [Trial 0] gen  100  evals= 3700  best=1.4137
        [Trial 0] gen  120  evals= 4440  best=1.3989
        [Trial 0] gen  140  evals= 5180  best=1.3938
        [Trial 0] gen  160  evals= 5920  best=1.3901
        [Trial 0] gen  180  evals= 6660  best=1.3874
        [Trial 0] gen  200  evals= 7400  best=1.3852
        [Trial 0] gen  220  evals= 8140  best=1.3802
        [Trial 0] gen  240  evals= 8880  best=1.3802
        [Trial 0] gen  260  evals= 9620  best=1.3802
        [Trial 0] gen  280  evals=10360  best=1.3802
        [Trial 0] gen  300  evals=11100  best=1.3802
        [Trial 0] gen  320  evals=11840  best=1.3802
        [Trial 0] gen  340  evals=12580  best=1.3800
        [Trial 0] gen  360  evals=13320  best=1.3784
        [Trial 0] gen  380  evals=14060  best=1.3764
        [Trial 0] gen  400  evals=14800  best=1.3764
        [Trial 0] gen  420  evals=15540  best=1.3764
        [Trial 0] gen  440  evals=16280  best=1.3764
        [Trial 0] gen  460  evals=17020  best=1.3764
        [Trial 0] gen  480  evals=17760  best=1.3764
        [Trial 0] gen  500  evals=18500  best=1.3764
        [Done] Trial 0 best=1.3764
    --> Trial 1 | pop=31 seed=51712 x0_norm_min=-0.937 x0_norm_max=0.907
        [Pruned] Trial 1 at gen 15 (loss=1.5472)
    --> Trial 2 | pop=35 seed=53648 x0_norm_min=-0.344 x0_norm_max=0.824
        [Pruned] Trial 2 at gen 15 (loss=1.4600)
    --> Trial 3 | pop=56 seed=49870 x0_norm_min=-0.797 x0_norm_max=0.622
        [Pruned] Trial 3 at gen 15 (loss=1.4808)
    --> Trial 4 | pop=31 seed=65242 x0_norm_min=-0.947 x0_norm_max=0.785
        [Pruned] Trial 4 at gen 15 (loss=1.7131)
    --> Trial 5 | pop=38 seed=64928 x0_norm_min=-0.748 x0_norm_max=0.981
        [Pruned] Trial 5 at gen 15 (loss=1.4892)
    --> Trial 6 | pop=46 seed=13409 x0_norm_min=-0.929 x0_norm_max=0.732
        [Pruned] Trial 6 at gen 15 (loss=1.5502)
    --> Trial 7 | pop=50 seed=88611 x0_norm_min=-0.779 x0_norm_max=0.922
        [Pruned] Trial 7 at gen 15 (loss=1.6579)
    --> Trial 8 | pop=60 seed=89800 x0_norm_min=-0.814 x0_norm_max=0.843
        [Trial 8] gen   20  evals= 1200  best=1.3509
        [Trial 8] gen   40  evals= 2400  best=1.3396
        [Trial 8] gen   60  evals= 3600  best=1.2083
        [Trial 8] gen   80  evals= 4800  best=1.1987
        [Trial 8] gen  100  evals= 6000  best=1.1178
        [Trial 8] gen  120  evals= 7200  best=0.9939
        [Trial 8] gen  140  evals= 8400  best=0.9816
        [Trial 8] gen  160  evals= 9600  best=0.8616
        [Trial 8] gen  180  evals=10800  best=0.8329
        [Trial 8] gen  200  evals=12000  best=0.8291
        [Trial 8] gen  220  evals=13200  best=0.8278
        [Trial 8] gen  240  evals=14400  best=0.8278
        [Trial 8] gen  260  evals=15600  best=0.8274
        [Trial 8] gen  280  evals=16800  best=0.8267
        [Trial 8] gen  300  evals=18000  best=0.8250
        [Trial 8] gen  320  evals=19200  best=0.8247
        [TRIAL TIMEOUT] Trial 8 total >600s, stopping
        [Done] Trial 8 best=0.8247
    --> Early stop triggered: trial 8 reached loss=0.824671 < 0.854598

  Winner: Trial 8, loss=0.824671 (1198s)
    Restarts run: 9
    mu: 40.712648
    D_mu: 3.103393
    T0_mu: 24.448765
    Ly: 3.888569
    op_x: 0.818920
    op_y: 0.938399
    NMSE: 0.000058
  [Saved] random_IR_0040

============================================================
[41/50] random_IR_0041.npz
  GT loss: 1.184556
  terrain_mean=2.926365  early_threshold=1.201103  (alpha=0.0095)
    --> Trial 0 | pop=30 seed=32690 x0_norm_min=-0.944 x0_norm_max=0.730
        [Trial 0] gen   20  evals=  600  best=2.0898
        [Trial 0] gen   40  evals= 1200  best=1.9798
        [Trial 0] gen   60  evals= 1800  best=1.9244
        [Trial 0] gen   80  evals= 2400  best=1.7584
        [Trial 0] gen  100  evals= 3000  best=1.6570
        [Trial 0] gen  120  evals= 3600  best=1.6527
        [Trial 0] gen  140  evals= 4200  best=1.6238
        [Trial 0] gen  160  evals= 4800  best=1.6036
        [Trial 0] gen  180  evals= 5400  best=1.5910
        [Trial 0] gen  200  evals= 6000  best=1.5900
        [Trial 0] gen  220  evals= 6600  best=1.5834
        [Trial 0] gen  240  evals= 7200  best=1.5834
        [Trial 0] gen  260  evals= 7800  best=1.5825
        [Trial 0] gen  280  evals= 8400  best=1.5824
        [Trial 0] gen  300  evals= 9000  best=1.5820
        [Trial 0] gen  320  evals= 9600  best=1.5818
NOTE (module=cma, iteration=322):  
condition in coordinate system exceeded 1.0e+08, rescaled to 1.0e+00, 
condition changed from 6.9e+09 to 1.2e+09
        [Trial 0] gen  340  evals=10200  best=1.5818
        [Trial 0] gen  360  evals=10800  best=1.5818
        [Trial 0] gen  380  evals=11400  best=1.5818/home/bhpark3/dafxenv/lib/python3.12/site-packages/cma/utilities/utils.py:369: UserWarning: 
        geno-pheno transformation introduced based on the
        current covariance matrix with condition 1.0e+12 -> 1.0e+00,
        injected solutions become "invalid" in this iteration (time=Jul 12 23:10:10 2026 class=CMAEvolutionStrategy method=alleviate_conditioning iteration=479)
  warnings.warn(msg + ' (time={}'.format(time.asctime()[4:]) +

        [Trial 0] gen  400  evals=12000  best=1.5818
        [Trial 0] gen  420  evals=12600  best=1.5815
        [Trial 0] gen  440  evals=13200  best=1.5815
        [Trial 0] gen  460  evals=13800  best=1.5815
        [Trial 0] gen  480  evals=14400  best=1.5815
        [Trial 0] gen  500  evals=15000  best=1.5815
        [Trial 0] gen  520  evals=15600  best=1.5815
        [Trial 0] gen  540  evals=16200  best=1.5815
        [Trial 0] gen  560  evals=16800  best=1.5815
        [Done] Trial 0 best=1.5815
    --> Trial 1 | pop=57 seed=5917 x0_norm_min=-0.937 x0_norm_max=0.907
        [Pruned] Trial 1 at gen 15 (loss=2.0933)
    --> Trial 2 | pop=59 seed=23296 x0_norm_min=-0.344 x0_norm_max=0.824
        [Trial 2] gen   20  evals= 1180  best=2.0094
        [Trial 2] gen   40  evals= 2360  best=2.0094
        [Pruned] Trial 2 at gen 45 (loss=2.0094)
    --> Trial 3 | pop=50 seed=89116 x0_norm_min=-0.797 x0_norm_max=0.622
        [Pruned] Trial 3 at gen 15 (loss=2.1063)
    --> Trial 4 | pop=52 seed=6007 x0_norm_min=-0.947 x0_norm_max=0.785
        [Pruned] Trial 4 at gen 15 (loss=2.1076)
    --> Trial 5 | pop=47 seed=47494 x0_norm_min=-0.748 x0_norm_max=0.981
        [Pruned] Trial 5 at gen 15 (loss=2.2321)
    --> Trial 6 | pop=47 seed=2475 x0_norm_min=-0.929 x0_norm_max=0.732
        [Trial 6] gen   20  evals=  940  best=2.0500
        [Trial 6] gen   40  evals= 1880  best=2.0500
        [Pruned] Trial 6 at gen 45 (loss=2.0500)
    --> Trial 7 | pop=41 seed=44626 x0_norm_min=-0.779 x0_norm_max=0.922
        [Pruned] Trial 7 at gen 15 (loss=2.1055)
    --> Trial 8 | pop=40 seed=48032 x0_norm_min=-0.814 x0_norm_max=0.843
        [Pruned] Trial 8 at gen 15 (loss=2.1882)
    --> Trial 9 | pop=37 seed=47813 x0_norm_min=-0.955 x0_norm_max=0.770
        [Pruned] Trial 9 at gen 15 (loss=2.1982)
    --> Trial 10 | pop=32 seed=96738 x0_norm_min=-0.841 x0_norm_max=0.672
        [Pruned] Trial 10 at gen 15 (loss=2.1643)
    --> Trial 11 | pop=60 seed=26322 x0_norm_min=-0.781 x0_norm_max=0.859
        [Trial 11] gen   20  evals= 1200  best=2.0276
        [Trial 11] gen   40  evals= 2400  best=2.0157
        [Pruned] Trial 11 at gen 45 (loss=2.0157)
    --> Trial 12 | pop=30 seed=27096 x0_norm_min=-0.402 x0_norm_max=0.428
        [Pruned] Trial 12 at gen 15 (loss=2.1770)
    --> Trial 13 | pop=35 seed=26712 x0_norm_min=-0.863 x0_norm_max=0.955
        [Pruned] Trial 13 at gen 15 (loss=2.1740)
    --> Trial 14 | pop=55 seed=65238 x0_norm_min=-0.897 x0_norm_max=-0.091
        [Trial 14] gen   20  evals= 1100  best=2.0647
        [Trial 14] gen   40  evals= 2200  best=2.0647
        [Pruned] Trial 14 at gen 45 (loss=2.0647)
    --> Trial 15 | pop=44 seed=20979 x0_norm_min=-0.690 x0_norm_max=0.990
        [Pruned] Trial 15 at gen 15 (loss=2.1969)
    --> Trial 16 | pop=36 seed=65997 x0_norm_min=-0.776 x0_norm_max=0.982
        [Pruned] Trial 16 at gen 15 (loss=2.1196)
    --> Trial 17 | pop=51 seed=15565 x0_norm_min=-0.863 x0_norm_max=0.835
        [Pruned] Trial 17 at gen 15 (loss=2.1377)
    --> Trial 18 | pop=43 seed=35392 x0_norm_min=-0.933 x0_norm_max=0.907
        [Pruned] Trial 18 at gen 15 (loss=2.2215)
    --> Trial 19 | pop=60 seed=62753 x0_norm_min=-0.948 x0_norm_max=0.822
        [Pruned] Trial 19 at gen 15 (loss=2.1203)

  Winner: Trial 0, loss=1.581545 (181s)
    Restarts run: 20
    mu: 18.455810
    D_mu: 76.757703
    T0_mu: 39.434351
    Ly: 1.948329
    op_x: 0.662912
    op_y: 0.920897
    NMSE: 0.008758
  [Saved] random_IR_0041

============================================================
[42/50] random_IR_0042.npz
  GT loss: 0.934000
  terrain_mean=2.154305  early_threshold=0.945593  (alpha=0.0095)
    --> Trial 0 | pop=50 seed=11335 x0_norm_min=-0.944 x0_norm_max=0.730
        [Trial 0] gen   20  evals= 1000  best=1.4395
        [Trial 0] gen   40  evals= 2000  best=1.4395
        [Trial 0] gen   60  evals= 3000  best=1.4395
        [Trial 0] gen   80  evals= 4000  best=1.4395
        [Trial 0] gen  100  evals= 5000  best=1.4395
        [Trial 0] gen  120  evals= 6000  best=1.4395
        [Trial 0] gen  140  evals= 7000  best=1.4259
        [Trial 0] gen  160  evals= 8000  best=1.4259
        [Trial 0] gen  180  evals= 9000  best=1.4198
        [Trial 0] gen  200  evals=10000  best=1.4155
        [Trial 0] gen  220  evals=11000  best=1.4121
        [Trial 0] gen  240  evals=12000  best=1.4067
        [Trial 0] gen  260  evals=13000  best=1.4022
        [Trial 0] gen  280  evals=14000  best=1.4001
        [Trial 0] gen  300  evals=15000  best=1.3985
        [Trial 0] gen  320  evals=16000  best=1.3985
        [Trial 0] gen  340  evals=17000  best=1.3961
        [Trial 0] gen  360  evals=18000  best=1.3961
        [Trial 0] gen  380  evals=19000  best=1.3961
        [Trial 0] gen  400  evals=20000  best=1.3961
        [Trial 0] gen  420  evals=21000  best=1.3961
        [Trial 0] gen  440  evals=22000  best=1.3961
        [TRIAL TIMEOUT] Trial 0 total >600s, stopping
        [Done] Trial 0 best=1.3961
    --> Trial 1 | pop=46 seed=96986 x0_norm_min=-0.937 x0_norm_max=0.907
        [Pruned] Trial 1 at gen 15 (loss=1.5751)
    --> Trial 2 | pop=59 seed=83883 x0_norm_min=-0.344 x0_norm_max=0.824
        [Pruned] Trial 2 at gen 15 (loss=1.4947)
    --> Trial 3 | pop=35 seed=70486 x0_norm_min=-0.797 x0_norm_max=0.622
        [Pruned] Trial 3 at gen 15 (loss=1.5589)
    --> Trial 4 | pop=33 seed=9247 x0_norm_min=-0.947 x0_norm_max=0.785
        [Pruned] Trial 4 at gen 15 (loss=1.5942)
    --> Trial 5 | pop=51 seed=37796 x0_norm_min=-0.748 x0_norm_max=0.981
        [Pruned] Trial 5 at gen 15 (loss=1.5932)
    --> Trial 6 | pop=38 seed=60002 x0_norm_min=-0.929 x0_norm_max=0.732
        [Pruned] Trial 6 at gen 15 (loss=1.5379)
    --> Trial 7 | pop=60 seed=19803 x0_norm_min=-0.779 x0_norm_max=0.922
        [Trial 7] gen   20  evals= 1200  best=1.4359
        [Trial 7] gen   40  evals= 2400  best=1.2284
        [Trial 7] gen   60  evals= 3600  best=1.1092
        [Trial 7] gen   80  evals= 4800  best=0.9853
        [Trial 7] gen  100  evals= 6000  best=0.9293
        [Trial 7] gen  120  evals= 7200  best=0.9221
        [Trial 7] gen  140  evals= 8400  best=0.9176
        [Trial 7] gen  160  evals= 9600  best=0.9169
        [Trial 7] gen  180  evals=10800  best=0.9161
        [Trial 7] gen  200  evals=12000  best=0.9142
        [Trial 7] gen  220  evals=13200  best=0.9125
NOTE (module=cma, iteration=226):  
condition in coordinate system exceeded 1.2e+08, rescaled to 1.0e+00, 
condition changed from 1.6e+08 to 2.0e+07
        [Trial 7] gen  240  evals=14400  best=0.9106
        [Trial 7] gen  260  evals=15600  best=0.9106
        [Trial 7] gen  280  evals=16800  best=0.9106
        [Trial 7] gen  300  evals=18000  best=0.9106
        [Trial 7] gen  320  evals=19200  best=0.9103
        [Trial 7] gen  340  evals=20400  best=0.9102
        [Trial 7] gen  360  evals=21600  best=0.9102
        [Trial 7] gen  380  evals=22800  best=0.9098
        [Trial 7] gen  400  evals=24000  best=0.9097
        [Trial 7] gen  420  evals=25200  best=0.9095
        [Trial 7] gen  440  evals=26400  best=0.9095
        [Trial 7] gen  460  evals=27600  best=0.9093
        [Trial 7] gen  480  evals=28800  best=0.9093
        [Trial 7] gen  500  evals=30000  best=0.9085
        [Done] Trial 7 best=0.9085
    --> Early stop triggered: trial 7 reached loss=0.908459 < 0.945593

  Winner: Trial 7, loss=0.908459 (1019s)
    Restarts run: 8
    mu: 42.369358
    D_mu: 7.462706
    T0_mu: 22.902871
    Ly: 2.487200
    op_x: 0.912829
    op_y: 0.602995
    NMSE: 0.003208
  [Saved] random_IR_0042

============================================================
[43/50] random_IR_0043.npz
  GT loss: 1.319202
  terrain_mean=2.923383  early_threshold=1.334442  (alpha=0.0095)
    --> Trial 0 | pop=56 seed=97946 x0_norm_min=-0.944 x0_norm_max=0.730
        [Trial 0] gen   20  evals= 1120  best=2.0965
        [Trial 0] gen   40  evals= 2240  best=2.0965
        [Trial 0] gen   60  evals= 3360  best=2.0965
        [Trial 0] gen   80  evals= 4480  best=2.0965
        [Trial 0] gen  100  evals= 5600  best=2.0451
        [Trial 0] gen  120  evals= 6720  best=2.0421
        [Trial 0] gen  140  evals= 7840  best=2.0421
        [Trial 0] gen  160  evals= 8960  best=2.0272
        [Trial 0] gen  180  evals=10080  best=2.0227
        [Trial 0] gen  200  evals=11200  best=2.0194
        [Trial 0] gen  220  evals=12320  best=2.0078
        [Trial 0] gen  240  evals=13440  best=2.0077
        [Trial 0] gen  260  evals=14560  best=2.0054
        [Trial 0] gen  280  evals=15680  best=2.0008
        [Trial 0] gen  300  evals=16800  best=1.9999
        [Trial 0] gen  320  evals=17920  best=1.9984
        [Trial 0] gen  340  evals=19040  best=1.9984
        [Trial 0] gen  360  evals=20160  best=1.9984
        [Trial 0] gen  380  evals=21280  best=1.9984
        [Trial 0] gen  400  evals=22400  best=1.9984
        [Trial 0] gen  420  evals=23520  best=1.9984
        [Trial 0] gen  440  evals=24640  best=1.9984
        [Trial 0] gen  460  evals=25760  best=1.9984
        [Trial 0] gen  480  evals=26880  best=1.9984
        [Trial 0] gen  500  evals=28000  best=1.9984
        [Trial 0] gen  520  evals=29120  best=1.9984
        [Done] Trial 0 best=1.9984
    --> Trial 1 | pop=48 seed=85570 x0_norm_min=-0.937 x0_norm_max=0.907
        [Trial 1] gen   20  evals=  960  best=2.0936
        [Trial 1] gen   40  evals= 1920  best=2.0915
        [Trial 1] gen   60  evals= 2880  best=2.0125
        [Trial 1] gen   80  evals= 3840  best=2.0125
        [Trial 1] gen  100  evals= 4800  best=2.0125
        [Trial 1] gen  120  evals= 5760  best=2.0125
        [Trial 1] gen  140  evals= 6720  best=2.0125
        [Trial 1] gen  160  evals= 7680  best=2.0077
        [Trial 1] gen  180  evals= 8640  best=1.9990
        [Trial 1] gen  200  evals= 9600  best=1.9900
        [Trial 1] gen  220  evals=10560  best=1.9843
        [Trial 1] gen  240  evals=11520  best=1.9843
        [Trial 1] gen  260  evals=12480  best=1.9842
NOTE (module=cma, iteration=261):  
condition in coordinate system exceeded 1.0e+08, rescaled to 1.0e+00, 
condition changed from 3.5e+08 to 1.9e+06
        [Trial 1] gen  280  evals=13440  best=1.9819
        [Trial 1] gen  300  evals=14400  best=1.9813
        [Trial 1] gen  320  evals=15360  best=1.9799
        [Trial 1] gen  340  evals=16320  best=1.9799
        [Trial 1] gen  360  evals=17280  best=1.9799
        [Trial 1] gen  380  evals=18240  best=1.9799
        [Trial 1] gen  400  evals=19200  best=1.9799
        [Trial 1] gen  420  evals=20160  best=1.9799
        [Trial 1] gen  440  evals=21120  best=1.9799
        [Trial 1] gen  460  evals=22080  best=1.9798
        [Trial 1] gen  480  evals=23040  best=1.9798
        [Trial 1] gen  500  evals=24000  best=1.9798
        [Trial 1] gen  520  evals=24960  best=1.9798
        [Trial 1] gen  540  evals=25920  best=1.9795
        [Trial 1] gen  560  evals=26880  best=1.9795
        [Trial 1] gen  580  evals=27840  best=1.9795
        [Trial 1] gen  600  evals=28800  best=1.9795
        [Trial 1] gen  620  evals=29760  best=1.9795
        [Done] Trial 1 best=1.9795
    --> Trial 2 | pop=31 seed=68682 x0_norm_min=-0.344 x0_norm_max=0.824
        [Trial 2] gen   20  evals=  620  best=2.1266
        [Trial 2] gen   40  evals= 1240  best=2.1266
        [Pruned] Trial 2 at gen 45 (loss=2.1266)
    --> Trial 3 | pop=35 seed=91253 x0_norm_min=-0.797 x0_norm_max=0.622
        [Pruned] Trial 3 at gen 15 (loss=2.2005)
    --> Trial 4 | pop=35 seed=53458 x0_norm_min=-0.947 x0_norm_max=0.785
        [Pruned] Trial 4 at gen 15 (loss=2.2023)
    --> Trial 5 | pop=39 seed=21034 x0_norm_min=-0.748 x0_norm_max=0.981
        [Pruned] Trial 5 at gen 15 (loss=2.2385)
    --> Trial 6 | pop=42 seed=90302 x0_norm_min=-0.929 x0_norm_max=0.732
        [Pruned] Trial 6 at gen 15 (loss=2.1916)
    --> Trial 7 | pop=60 seed=93179 x0_norm_min=-0.779 x0_norm_max=0.922
        [Trial 7] gen   20  evals= 1200  best=2.0767
        [Trial 7] gen   40  evals= 2400  best=2.0767
        [Pruned] Trial 7 at gen 45 (loss=2.0767)
    --> Trial 8 | pop=57 seed=56163 x0_norm_min=-0.814 x0_norm_max=0.843
        [Pruned] Trial 8 at gen 15 (loss=2.1516)
    --> Trial 9 | pop=39 seed=21916 x0_norm_min=-0.955 x0_norm_max=0.770
        [Trial 9] gen   20  evals=  780  best=2.1128
        [Trial 9] gen   40  evals= 1560  best=2.1128
        [Trial 9] gen   60  evals= 2340  best=1.9994
        [Trial 9] gen   80  evals= 3120  best=1.9600
        [Trial 9] gen  100  evals= 3900  best=1.9427
        [Trial 9] gen  120  evals= 4680  best=1.9311
        [Trial 9] gen  140  evals= 5460  best=1.9311
        [Trial 9] gen  160  evals= 6240  best=1.9254
        [Trial 9] gen  180  evals= 7020  best=1.9192
        [Trial 9] gen  200  evals= 7800  best=1.9192
        [Trial 9] gen  220  evals= 8580  best=1.9182
        [Trial 9] gen  240  evals= 9360  best=1.9163
        [Trial 9] gen  260  evals=10140  best=1.9142
        [Trial 9] gen  280  evals=10920  best=1.9128
        [Trial 9] gen  300  evals=11700  best=1.9117
        [Trial 9] gen  320  evals=12480  best=1.9117
        [Trial 9] gen  340  evals=13260  best=1.9115
        [Trial 9] gen  360  evals=14040  best=1.9113
NOTE (module=cma, iteration=372):  
condition in coordinate system exceeded 1.0e+08, rescaled to 1.0e+00, 
condition changed from 1.7e+09 to 1.3e+08
        [Trial 9] gen  380  evals=14820  best=1.9112
        [Trial 9] gen  400  evals=15600  best=1.9109
        [Trial 9] gen  420  evals=16380  best=1.9104
        [Trial 9] gen  440  evals=17160  best=1.9104
        [Trial 9] gen  460  evals=17940  best=1.9104
        [Trial 9] gen  480  evals=18720  best=1.9101
        [Trial 9] gen  500  evals=19500  best=1.9101
        [Trial 9] gen  520  evals=20280  best=1.9101
        [Trial 9] gen  540  evals=21060  best=1.9101
        [Trial 9] gen  560  evals=21840  best=1.9101
        [Trial 9] gen  580  evals=22620  best=1.9101
        [Done] Trial 9 best=1.9101
    --> Trial 10 | pop=49 seed=264 x0_norm_min=-0.841 x0_norm_max=0.672
        [Pruned] Trial 10 at gen 15 (loss=2.1523)
    --> Trial 11 | pop=46 seed=29802 x0_norm_min=-0.781 x0_norm_max=0.859
        [Trial 11] gen   20  evals=  920  best=2.0912
        [Trial 11] gen   40  evals= 1840  best=2.0702
        [Pruned] Trial 11 at gen 45 (loss=2.0702)
    --> Trial 12 | pop=49 seed=30896 x0_norm_min=-0.402 x0_norm_max=0.428
        [Pruned] Trial 12 at gen 15 (loss=2.1604)
    --> Trial 13 | pop=44 seed=69964 x0_norm_min=-0.863 x0_norm_max=0.955
        [Pruned] Trial 13 at gen 15 (loss=2.1886)
    --> Trial 14 | pop=52 seed=9976 x0_norm_min=-0.897 x0_norm_max=-0.091
        [Trial 14] gen   20  evals= 1040  best=2.0597
        [Trial 14] gen   40  evals= 2080  best=2.0597
        [Trial 14] gen   60  evals= 3120  best=2.0185
        [Trial 14] gen   80  evals= 4160  best=2.0185
        [Trial 14] gen  100  evals= 5200  best=2.0177
        [Trial 14] gen  120  evals= 6240  best=2.0177
        [Pruned] Trial 14 at gen 135 (loss=2.0177)
    --> Trial 15 | pop=39 seed=46101 x0_norm_min=-0.690 x0_norm_max=0.990
        [Pruned] Trial 15 at gen 15 (loss=2.1554)
    --> Trial 16 | pop=40 seed=75865 x0_norm_min=-0.776 x0_norm_max=0.982
        [Pruned] Trial 16 at gen 15 (loss=2.1799)
    --> Trial 17 | pop=47 seed=40879 x0_norm_min=-0.863 x0_norm_max=0.835
        [Trial 17] gen   20  evals=  940  best=1.8828
        [Trial 17] gen   40  evals= 1880  best=1.8828
        [Trial 17] gen   60  evals= 2820  best=1.8828
        [Trial 17] gen   80  evals= 3760  best=1.8828
        [Trial 17] gen  100  evals= 4700  best=1.8828
        [Trial 17] gen  120  evals= 5640  best=1.8828
        [Trial 17] gen  140  evals= 6580  best=1.8828
        [Trial 17] gen  160  evals= 7520  best=1.8828
        [Trial 17] gen  180  evals= 8460  best=1.8828
        [Trial 17] gen  200  evals= 9400  best=1.8828
        [Trial 17] gen  220  evals=10340  best=1.8828
        [Trial 17] gen  240  evals=11280  best=1.8828
        [Trial 17] gen  260  evals=12220  best=1.8828
        [Trial 17] gen  280  evals=13160  best=1.8828
        [Trial 17] gen  300  evals=14100  best=1.8828
        [Trial 17] gen  320  evals=15040  best=1.8828
        [Trial 17] gen  340  evals=15980  best=1.8828
        [Trial 17] gen  360  evals=16920  best=1.8828
        [Trial 17] gen  380  evals=17860  best=1.8828/home/bhpark3/dafxenv/lib/python3.12/site-packages/cma/utilities/utils.py:369: UserWarning: 
        geno-pheno transformation introduced based on the
        current covariance matrix with condition 1.1e+12 -> 1.0e+00,
        injected solutions become "invalid" in this iteration (time=Jul 12 23:51:47 2026 class=CMAEvolutionStrategy method=alleviate_conditioning iteration=518)
  warnings.warn(msg + ' (time={}'.format(time.asctime()[4:]) +

        [Trial 17] gen  400  evals=18800  best=1.8828
NOTE (module=cma, iteration=415):  
condition in coordinate system exceeded 1.2e+08, rescaled to 1.0e+00, 
condition changed from 7.3e+09 to 7.9e+09
        [Trial 17] gen  420  evals=19740  best=1.8828
        [Trial 17] gen  440  evals=20680  best=1.8828
        [Trial 17] gen  460  evals=21620  best=1.8828
        [Trial 17] gen  480  evals=22560  best=1.8828
        [Trial 17] gen  500  evals=23500  best=1.8828
        [Trial 17] gen  520  evals=24440  best=1.8828
        [Trial 17] gen  540  evals=25380  best=1.8828
        [Trial 17] gen  560  evals=26320  best=1.8828
        [Trial 17] gen  580  evals=27260  best=1.8828
        [Trial 17] gen  600  evals=28200  best=1.8828
        [Trial 17] gen  620  evals=29140  best=1.8828
        [Done] Trial 17 best=1.8828
    --> Trial 18 | pop=35 seed=37939 x0_norm_min=-0.933 x0_norm_max=0.907
        [Pruned] Trial 18 at gen 15 (loss=2.1855)
    --> Trial 19 | pop=43 seed=17530 x0_norm_min=-0.948 x0_norm_max=0.822
        [Trial 19] gen   20  evals=  860  best=2.0698
        [Trial 19] gen   40  evals= 1720  best=2.0698
        [Pruned] Trial 19 at gen 45 (loss=2.0698)

  Winner: Trial 17, loss=1.882754 (1429s)
    Restarts run: 20
    mu: 74.829014
    D_mu: 3.708601
    T0_mu: 12.991839
    Ly: 2.618708
    op_x: 0.959178
    op_y: 0.957368
    NMSE: 0.024590
  [Saved] random_IR_0043

============================================================
[44/50] random_IR_0044.npz
  GT loss: 0.701767
  terrain_mean=2.219525  early_threshold=0.716186  (alpha=0.0095)
    --> Trial 0 | pop=34 seed=7737 x0_norm_min=-0.944 x0_norm_max=0.730
        [Trial 0] gen   20  evals=  680  best=1.1107
        [Trial 0] gen   40  evals= 1360  best=1.1107
        [Trial 0] gen   60  evals= 2040  best=1.1107
        [Trial 0] gen   80  evals= 2720  best=1.1107
        [Trial 0] gen  100  evals= 3400  best=1.1107
        [Trial 0] gen  120  evals= 4080  best=1.1107
        [Trial 0] gen  140  evals= 4760  best=1.1107
        [Trial 0] gen  160  evals= 5440  best=1.1107
        [Trial 0] gen  180  evals= 6120  best=1.1107
        [Trial 0] gen  200  evals= 6800  best=1.1107
        [Trial 0] gen  220  evals= 7480  best=1.1107
        [Trial 0] gen  240  evals= 8160  best=1.1107
        [Trial 0] gen  260  evals= 8840  best=1.1107
        [Trial 0] gen  280  evals= 9520  best=1.1107
        [Trial 0] gen  300  evals=10200  best=1.1107
        [Trial 0] gen  320  evals=10880  best=1.1107
        [Trial 0] gen  340  evals=11560  best=1.1107
        [Trial 0] gen  360  evals=12240  best=1.1107
        [Trial 0] gen  380  evals=12920  best=1.1107
        [Trial 0] gen  400  evals=13600  best=1.1107
        [Trial 0] gen  420  evals=14280  best=1.1107
        [Trial 0] gen  440  evals=14960  best=1.1107
        [Trial 0] gen  460  evals=15640  best=1.1107
        [Trial 0] gen  480  evals=16320  best=1.1107
        [Trial 0] gen  500  evals=17000  best=1.1107
        [Trial 0] gen  520  evals=17680  best=1.1107
        [Done] Trial 0 best=1.1107
    --> Trial 1 | pop=53 seed=60550 x0_norm_min=-0.937 x0_norm_max=0.907
        [Pruned] Trial 1 at gen 15 (loss=1.1647)
    --> Trial 2 | pop=59 seed=68804 x0_norm_min=-0.344 x0_norm_max=0.824
        [Pruned] Trial 2 at gen 15 (loss=1.3034)
    --> Trial 3 | pop=45 seed=27215 x0_norm_min=-0.797 x0_norm_max=0.622
        [Pruned] Trial 3 at gen 15 (loss=1.2552)
    --> Trial 4 | pop=53 seed=5180 x0_norm_min=-0.947 x0_norm_max=0.785
        [Pruned] Trial 4 at gen 15 (loss=1.1183)
    --> Trial 5 | pop=58 seed=80507 x0_norm_min=-0.748 x0_norm_max=0.981
        [Pruned] Trial 5 at gen 15 (loss=1.2509)
    --> Trial 6 | pop=39 seed=85127 x0_norm_min=-0.929 x0_norm_max=0.732
        [Pruned] Trial 6 at gen 15 (loss=1.1428)
    --> Trial 7 | pop=59 seed=59756 x0_norm_min=-0.779 x0_norm_max=0.922
        [Pruned] Trial 7 at gen 15 (loss=1.3226)
    --> Trial 8 | pop=38 seed=82772 x0_norm_min=-0.814 x0_norm_max=0.843
        [Pruned] Trial 8 at gen 15 (loss=1.1892)
    --> Trial 9 | pop=35 seed=24839 x0_norm_min=-0.955 x0_norm_max=0.770
        [Pruned] Trial 9 at gen 15 (loss=1.3076)
    --> Trial 10 | pop=32 seed=39818 x0_norm_min=-0.841 x0_norm_max=0.672
        [Pruned] Trial 10 at gen 15 (loss=1.2909)
    --> Trial 11 | pop=47 seed=417 x0_norm_min=-0.781 x0_norm_max=0.859
        [Pruned] Trial 11 at gen 15 (loss=1.1649)
    --> Trial 12 | pop=46 seed=345 x0_norm_min=-0.402 x0_norm_max=0.428
        [Pruned] Trial 12 at gen 15 (loss=1.2070)
    --> Trial 13 | pop=50 seed=15684 x0_norm_min=-0.863 x0_norm_max=0.955
        [Pruned] Trial 13 at gen 15 (loss=1.2190)
    --> Trial 14 | pop=30 seed=8600 x0_norm_min=-0.897 x0_norm_max=-0.091
        [Pruned] Trial 14 at gen 15 (loss=1.3447)
    --> Trial 15 | pop=42 seed=38282 x0_norm_min=-0.690 x0_norm_max=0.990
        [Trial 15] gen   20  evals=  840  best=1.1008
        [Trial 15] gen   40  evals= 1680  best=1.1008
        [Trial 15] gen   60  evals= 2520  best=1.0626
        [Trial 15] gen   80  evals= 3360  best=1.0137
        [Trial 15] gen  100  evals= 4200  best=0.9912
        [Trial 15] gen  120  evals= 5040  best=0.9828
        [Trial 15] gen  140  evals= 5880  best=0.9781
        [Trial 15] gen  160  evals= 6720  best=0.9780
        [Trial 15] gen  180  evals= 7560  best=0.9754
        [Trial 15] gen  200  evals= 8400  best=0.9689
        [Trial 15] gen  220  evals= 9240  best=0.9678
        [Trial 15] gen  240  evals=10080  best=0.9654
        [Trial 15] gen  260  evals=10920  best=0.9636
        [Trial 15] gen  280  evals=11760  best=0.9630
        [Trial 15] gen  300  evals=12600  best=0.9627
        [Trial 15] gen  320  evals=13440  best=0.9627
        [Trial 15] gen  340  evals=14280  best=0.9627
        [Trial 15] gen  360  evals=15120  best=0.9627
        [Trial 15] gen  380  evals=15960  best=0.9627
        [Trial 15] gen  400  evals=16800  best=0.9627
        [Trial 15] gen  420  evals=17640  best=0.9627
        [Done] Trial 15 best=0.9627
    --> Trial 16 | pop=42 seed=42429 x0_norm_min=-0.776 x0_norm_max=0.982
        [Trial 16] gen   20  evals=  840  best=1.1043
        [Trial 16] gen   40  evals= 1680  best=0.9496
        [Trial 16] gen   60  evals= 2520  best=0.9485
        [Trial 16] gen   80  evals= 3360  best=0.9083
        [Trial 16] gen  100  evals= 4200  best=0.9049
        [Trial 16] gen  120  evals= 5040  best=0.8832
        [Trial 16] gen  140  evals= 5880  best=0.8708
        [Trial 16] gen  160  evals= 6720  best=0.8612
        [Trial 16] gen  180  evals= 7560  best=0.8544
        [Trial 16] gen  200  evals= 8400  best=0.8544
        [Trial 16] gen  220  evals= 9240  best=0.8544
        [Trial 16] gen  240  evals=10080  best=0.8544
        [Trial 16] gen  260  evals=10920  best=0.8536
        [Trial 16] gen  280  evals=11760  best=0.8536
        [Trial 16] gen  300  evals=12600  best=0.8527
        [Trial 16] gen  320  evals=13440  best=0.8504
NOTE (module=cma, iteration=324):  
condition in coordinate system exceeded 1.0e+08, rescaled to 1.0e+00, 
condition changed from 5.0e+08 to 1.9e+08
        [Trial 16] gen  340  evals=14280  best=0.8490
        [Trial 16] gen  360  evals=15120  best=0.8490
        [Trial 16] gen  380  evals=15960  best=0.8478
        [Trial 16] gen  400  evals=16800  best=0.8478
        [Trial 16] gen  420  evals=17640  best=0.8478
        [Trial 16] gen  440  evals=18480  best=0.8473
        [Trial 16] gen  460  evals=19320  best=0.8473
        [Trial 16] gen  480  evals=20160  best=0.8470
        [Trial 16] gen  500  evals=21000  best=0.8470
        [Trial 16] gen  520  evals=21840  best=0.8469
        [Trial 16] gen  540  evals=22680  best=0.8469
        [Trial 16] gen  560  evals=23520  best=0.8461
        [Trial 16] gen  580  evals=24360  best=0.8461
        [Trial 16] gen  600  evals=25200  best=0.8461
        [Trial 16] gen  620  evals=26040  best=0.8461
        [Trial 16] gen  640  evals=26880  best=0.8461
        [Trial 16] gen  660  evals=27720  best=0.8461
        [Done] Trial 16 best=0.8461
    --> Trial 17 | pop=42 seed=45848 x0_norm_min=-0.863 x0_norm_max=0.835
        [Pruned] Trial 17 at gen 15 (loss=1.3539)
    --> Trial 18 | pop=41 seed=43338 x0_norm_min=-0.933 x0_norm_max=0.907
        [Pruned] Trial 18 at gen 15 (loss=1.2009)
    --> Trial 19 | pop=43 seed=32984 x0_norm_min=-0.948 x0_norm_max=0.822
        [Pruned] Trial 19 at gen 15 (loss=1.1901)

  Winner: Trial 16, loss=0.846081 (1625s)
    Restarts run: 20
    mu: 59.319576
    D_mu: 5.103259
    T0_mu: 0.593850
    Ly: 3.367456
    op_x: 0.581883
    op_y: 0.523199
    NMSE: 0.020017
  [Saved] random_IR_0044

============================================================
[45/50] random_IR_0045.npz
  GT loss: 0.810035
  terrain_mean=2.092270  early_threshold=0.822216  (alpha=0.0095)
    --> Trial 0 | pop=33 seed=32621 x0_norm_min=-0.944 x0_norm_max=0.730
        [Trial 0] gen   20  evals=  660  best=1.4371
        [Trial 0] gen   40  evals= 1320  best=1.3699
        [Trial 0] gen   60  evals= 1980  best=1.3330
        [Trial 0] gen   80  evals= 2640  best=1.2985
        [Trial 0] gen  100  evals= 3300  best=1.2985
        [Trial 0] gen  120  evals= 3960  best=1.2978
        [Trial 0] gen  140  evals= 4620  best=1.2978
        [Trial 0] gen  160  evals= 5280  best=1.2769
        [Trial 0] gen  180  evals= 5940  best=1.2732
        [Trial 0] gen  200  evals= 6600  best=1.2723
        [Trial 0] gen  220  evals= 7260  best=1.2703
        [Trial 0] gen  240  evals= 7920  best=1.2670
        [Trial 0] gen  260  evals= 8580  best=1.2670
        [Trial 0] gen  280  evals= 9240  best=1.2667
        [Trial 0] gen  300  evals= 9900  best=1.2667
        [Trial 0] gen  320  evals=10560  best=1.2667
        [Trial 0] gen  340  evals=11220  best=1.2667
        [Trial 0] gen  360  evals=11880  best=1.2667
        [Trial 0] gen  380  evals=12540  best=1.2656
        [Trial 0] gen  400  evals=13200  best=1.2656
        [Trial 0] gen  420  evals=13860  best=1.2654
        [Trial 0] gen  440  evals=14520  best=1.2644
        [Trial 0] gen  460  evals=15180  best=1.2644
        [Trial 0] gen  480  evals=15840  best=1.2644
        [Trial 0] gen  500  evals=16500  best=1.2644
        [Trial 0] gen  520  evals=17160  best=1.2644
        [Trial 0] gen  540  evals=17820  best=1.2642
NOTE (module=cma, iteration=550):  
condition in coordinate system exceeded 1.0e+08, rescaled to 1.0e+00, 
condition changed from 1.1e+10 to 4.5e+09
        [Trial 0] gen  560  evals=18480  best=1.2642
        [Trial 0] gen  580  evals=19140  best=1.2642
        [Done] Trial 0 best=1.2642
    --> Trial 1 | pop=59 seed=90411 x0_norm_min=-0.937 x0_norm_max=0.907
        [Trial 1] gen   20  evals= 1180  best=1.4630
        [Trial 1] gen   40  evals= 2360  best=1.4052
        [Pruned] Trial 1 at gen 45 (loss=1.4052)
    --> Trial 2 | pop=43 seed=18645 x0_norm_min=-0.344 x0_norm_max=0.824
        [Trial 2] gen   20  evals=  860  best=1.4378
        [Trial 2] gen   40  evals= 1720  best=1.4378
        [Pruned] Trial 2 at gen 45 (loss=1.3974)
    --> Trial 3 | pop=59 seed=9263 x0_norm_min=-0.797 x0_norm_max=0.622
        [Trial 3] gen   20  evals= 1180  best=1.3392
        [Trial 3] gen   40  evals= 2360  best=1.2993
        [Trial 3] gen   60  evals= 3540  best=1.2839
        [Trial 3] gen   80  evals= 4720  best=1.2839
        [Trial 3] gen  100  evals= 5900  best=1.2839
        [Trial 3] gen  120  evals= 7080  best=1.2839
        [Trial 3] gen  140  evals= 8260  best=1.2830
        [Trial 3] gen  160  evals= 9440  best=1.2757
        [Trial 3] gen  180  evals=10620  best=1.2701
        [Trial 3] gen  200  evals=11800  best=1.2658
        [Trial 3] gen  220  evals=12980  best=1.2638
        [Trial 3] gen  240  evals=14160  best=1.2625
        [Trial 3] gen  260  evals=15340  best=1.2616
        [Trial 3] gen  280  evals=16520  best=1.2595
        [Trial 3] gen  300  evals=17700  best=1.2594
        [Trial 3] gen  320  evals=18880  best=1.2594
        [Trial 3] gen  340  evals=20060  best=1.2581
        [Trial 3] gen  360  evals=21240  best=1.2576
        [Trial 3] gen  380  evals=22420  best=1.2576
        [Trial 3] gen  400  evals=23600  best=1.2576
        [Trial 3] gen  420  evals=24780  best=1.2571
        [Trial 3] gen  440  evals=25960  best=1.2571
        [Trial 3] gen  460  evals=27140  best=1.2571
        [Trial 3] gen  480  evals=28320  best=1.2571
        [Trial 3] gen  500  evals=29500  best=1.2571
        [TRIAL TIMEOUT] Trial 3 total >600s, stopping
        [Done] Trial 3 best=1.2571
    --> Trial 4 | pop=49 seed=25578 x0_norm_min=-0.947 x0_norm_max=0.785
        [Pruned] Trial 4 at gen 15 (loss=1.3803)
    --> Trial 5 | pop=47 seed=40132 x0_norm_min=-0.748 x0_norm_max=0.981
        [Pruned] Trial 5 at gen 15 (loss=1.4093)
    --> Trial 6 | pop=57 seed=80779 x0_norm_min=-0.929 x0_norm_max=0.732
        [Pruned] Trial 6 at gen 15 (loss=1.4219)
    --> Trial 7 | pop=51 seed=37160 x0_norm_min=-0.779 x0_norm_max=0.922
        [Pruned] Trial 7 at gen 15 (loss=1.3861)
    --> Trial 8 | pop=36 seed=94360 x0_norm_min=-0.814 x0_norm_max=0.843
        [Pruned] Trial 8 at gen 15 (loss=1.4644)
    --> Trial 9 | pop=43 seed=74516 x0_norm_min=-0.955 x0_norm_max=0.770
        [Pruned] Trial 9 at gen 15 (loss=1.4775)
    --> Trial 10 | pop=54 seed=4828 x0_norm_min=-0.841 x0_norm_max=0.672
        [Pruned] Trial 10 at gen 15 (loss=1.5477)
    --> Trial 11 | pop=32 seed=1298 x0_norm_min=-0.781 x0_norm_max=0.859
        [Pruned] Trial 11 at gen 15 (loss=1.5364)
    --> Trial 12 | pop=30 seed=54226 x0_norm_min=-0.402 x0_norm_max=0.428
        [Trial 12] gen   20  evals=  600  best=1.4089
        [Trial 12] gen   40  evals= 1200  best=1.3460
        [Pruned] Trial 12 at gen 45 (loss=1.3314)
    --> Trial 13 | pop=38 seed=21924 x0_norm_min=-0.863 x0_norm_max=0.955
        [Pruned] Trial 13 at gen 15 (loss=1.4710)
    --> Trial 14 | pop=43 seed=54244 x0_norm_min=-0.897 x0_norm_max=-0.091
        [Pruned] Trial 14 at gen 15 (loss=1.5199)
    --> Trial 15 | pop=37 seed=14142 x0_norm_min=-0.690 x0_norm_max=0.990
        [Pruned] Trial 15 at gen 15 (loss=1.4758)
    --> Trial 16 | pop=55 seed=35455 x0_norm_min=-0.776 x0_norm_max=0.982
        [Pruned] Trial 16 at gen 15 (loss=1.4348)
    --> Trial 17 | pop=40 seed=52020 x0_norm_min=-0.863 x0_norm_max=0.835
        [Pruned] Trial 17 at gen 15 (loss=1.4227)
    --> Trial 18 | pop=34 seed=29296 x0_norm_min=-0.933 x0_norm_max=0.907
        [Pruned] Trial 18 at gen 15 (loss=1.4611)
    --> Trial 19 | pop=46 seed=10006 x0_norm_min=-0.948 x0_norm_max=0.822
        [Pruned] Trial 19 at gen 15 (loss=1.4899)

  Winner: Trial 3, loss=1.257150 (1186s)
    Restarts run: 20
    mu: 3.787421
    D_mu: 5.639170
    T0_mu: 96.752621
    Ly: 3.569865
    op_x: 0.510107
    op_y: 0.829174
    NMSE: 0.006173
  [Saved] random_IR_0045

============================================================
[46/50] random_IR_0046.npz
  GT loss: 0.673853
  terrain_mean=2.360420  early_threshold=0.689875  (alpha=0.0095)
    --> Trial 0 | pop=53 seed=74417 x0_norm_min=-0.944 x0_norm_max=0.730
        [Trial 0] gen   20  evals= 1060  best=1.3175
        [Trial 0] gen   40  evals= 2120  best=1.0815
        [Trial 0] gen   60  evals= 3180  best=1.0815
        [Trial 0] gen   80  evals= 4240  best=1.0481
        [Trial 0] gen  100  evals= 5300  best=0.9884
        [Trial 0] gen  120  evals= 6360  best=0.9876
        [Trial 0] gen  140  evals= 7420  best=0.9791
        [Trial 0] gen  160  evals= 8480  best=0.9709
        [Trial 0] gen  180  evals= 9540  best=0.9680
        [Trial 0] gen  200  evals=10600  best=0.9656
        [Trial 0] gen  220  evals=11660  best=0.9656
        [Trial 0] gen  240  evals=12720  best=0.9640
        [Trial 0] gen  260  evals=13780  best=0.9629
        [Trial 0] gen  280  evals=14840  best=0.9629
        [Trial 0] gen  300  evals=15900  best=0.9618
        [Trial 0] gen  320  evals=16960  best=0.9618
        [Trial 0] gen  340  evals=18020  best=0.9618
        [Trial 0] gen  360  evals=19080  best=0.9617
        [Trial 0] gen  380  evals=20140  best=0.9604
        [Trial 0] gen  400  evals=21200  best=0.9604
        [Trial 0] gen  420  evals=22260  best=0.9604
        [Trial 0] gen  440  evals=23320  best=0.9604
        [Trial 0] gen  460  evals=24380  best=0.9604
        [Done] Trial 0 best=0.9604
    --> Trial 1 | pop=52 seed=87988 x0_norm_min=-0.937 x0_norm_max=0.907/home/bhpark3/dafxenv/lib/python3.12/site-packages/cma/utilities/utils.py:369: UserWarning: 
        geno-pheno transformation introduced based on the
        current covariance matrix with condition 1.4e+12 -> 1.0e+00,
        injected solutions become "invalid" in this iteration (time=Jul 13 00:59:04 2026 class=CMAEvolutionStrategy method=alleviate_conditioning iteration=492)
  warnings.warn(msg + ' (time={}'.format(time.asctime()[4:]) +

        [Pruned] Trial 1 at gen 15 (loss=1.4023)
    --> Trial 2 | pop=37 seed=6187 x0_norm_min=-0.344 x0_norm_max=0.824
        [Pruned] Trial 2 at gen 15 (loss=1.4123)
    --> Trial 3 | pop=30 seed=21772 x0_norm_min=-0.797 x0_norm_max=0.622
        [Pruned] Trial 3 at gen 15 (loss=1.4402)
    --> Trial 4 | pop=32 seed=72264 x0_norm_min=-0.947 x0_norm_max=0.785
        [Pruned] Trial 4 at gen 15 (loss=1.3318)
    --> Trial 5 | pop=34 seed=69658 x0_norm_min=-0.748 x0_norm_max=0.981
        [Pruned] Trial 5 at gen 15 (loss=1.4302)
    --> Trial 6 | pop=44 seed=54515 x0_norm_min=-0.929 x0_norm_max=0.732
        [Pruned] Trial 6 at gen 15 (loss=1.3532)
    --> Trial 7 | pop=51 seed=19153 x0_norm_min=-0.779 x0_norm_max=0.922
        [Trial 7] gen   20  evals= 1020  best=1.2681
        [Trial 7] gen   40  evals= 2040  best=1.1330
        [Pruned] Trial 7 at gen 45 (loss=1.1330)
    --> Trial 8 | pop=34 seed=99759 x0_norm_min=-0.814 x0_norm_max=0.843
        [Trial 8] gen   20  evals=  680  best=1.2707
        [Trial 8] gen   40  evals= 1360  best=1.0993
        [Trial 8] gen   60  evals= 2040  best=1.0298
        [Trial 8] gen   80  evals= 2720  best=1.0196
        [Trial 8] gen  100  evals= 3400  best=1.0013
        [Trial 8] gen  120  evals= 4080  best=0.9882
        [Pruned] Trial 8 at gen 135 (loss=0.9849)
    --> Trial 9 | pop=50 seed=43492 x0_norm_min=-0.955 x0_norm_max=0.770
        [Pruned] Trial 9 at gen 15 (loss=1.3756)
    --> Trial 10 | pop=60 seed=40814 x0_norm_min=-0.841 x0_norm_max=0.672
        [Trial 10] gen   20  evals= 1200  best=1.2438
        [Trial 10] gen   40  evals= 2400  best=1.1123
        [Pruned] Trial 10 at gen 45 (loss=1.0629)
    --> Trial 11 | pop=41 seed=99209 x0_norm_min=-0.781 x0_norm_max=0.859
        [Pruned] Trial 11 at gen 15 (loss=1.3720)
    --> Trial 12 | pop=60 seed=81296 x0_norm_min=-0.402 x0_norm_max=0.428
        [Pruned] Trial 12 at gen 15 (loss=1.3668)
    --> Trial 13 | pop=44 seed=98144 x0_norm_min=-0.863 x0_norm_max=0.955
        [Trial 13] gen   20  evals=  880  best=1.2145
        [Trial 13] gen   40  evals= 1760  best=1.2145
        [Pruned] Trial 13 at gen 45 (loss=1.1978)
    --> Trial 14 | pop=55 seed=63046 x0_norm_min=-0.897 x0_norm_max=-0.091
        [Trial 14] gen   20  evals= 1100  best=1.2296
        [Trial 14] gen   40  evals= 2200  best=0.9925
        [Trial 14] gen   60  evals= 3300  best=0.9925
        [Trial 14] gen   80  evals= 4400  best=0.9709
        [Trial 14] gen  100  evals= 5500  best=0.9479
        [Trial 14] gen  120  evals= 6600  best=0.9411
        [Trial 14] gen  140  evals= 7700  best=0.9355
        [Trial 14] gen  160  evals= 8800  best=0.9265
        [Trial 14] gen  180  evals= 9900  best=0.9246
        [Trial 14] gen  200  evals=11000  best=0.9246
NOTE (module=cma, iteration=211):  
condition in coordinate system exceeded 1.3e+08, rescaled to 1.0e+00, 
condition changed from 3.3e+08 to 3.5e+07
        [Trial 14] gen  220  evals=12100  best=0.9236
        [Trial 14] gen  240  evals=13200  best=0.9236
        [Trial 14] gen  260  evals=14300  best=0.9224
        [Trial 14] gen  280  evals=15400  best=0.9220
        [Trial 14] gen  300  evals=16500  best=0.9200
        [Trial 14] gen  320  evals=17600  best=0.9195
        [Trial 14] gen  340  evals=18700  best=0.9191
        [Trial 14] gen  360  evals=19800  best=0.9191
        [Trial 14] gen  380  evals=20900  best=0.9191
        [Trial 14] gen  400  evals=22000  best=0.9191
        [Trial 14] gen  420  evals=23100  best=0.9191
        [Trial 14] gen  440  evals=24200  best=0.9191
        [Done] Trial 14 best=0.9191
    --> Trial 15 | pop=56 seed=59099 x0_norm_min=-0.690 x0_norm_max=0.990
        [Pruned] Trial 15 at gen 15 (loss=1.4711)
    --> Trial 16 | pop=55 seed=57989 x0_norm_min=-0.776 x0_norm_max=0.982
        [Trial 16] gen   20  evals= 1100  best=1.2580
        [Trial 16] gen   40  evals= 2200  best=1.1295
        [Pruned] Trial 16 at gen 45 (loss=1.0993)
    --> Trial 17 | pop=46 seed=72121 x0_norm_min=-0.863 x0_norm_max=0.835
        [Trial 17] gen   20  evals=  920  best=1.3134
        [Trial 17] gen   40  evals= 1840  best=1.0458
        [Trial 17] gen   60  evals= 2760  best=0.9295
        [Trial 17] gen   80  evals= 3680  best=0.9295
        [Trial 17] gen  100  evals= 4600  best=0.9295
        [Trial 17] gen  120  evals= 5520  best=0.9295
        [Trial 17] gen  140  evals= 6440  best=0.9293
        [Trial 17] gen  160  evals= 7360  best=0.9214
        [Trial 17] gen  180  evals= 8280  best=0.9191
        [Trial 17] gen  200  evals= 9200  best=0.9165
        [Trial 17] gen  220  evals=10120  best=0.9163
        [Trial 17] gen  240  evals=11040  best=0.9120
        [Trial 17] gen  260  evals=11960  best=0.9120
        [Trial 17] gen  280  evals=12880  best=0.9120
        [Trial 17] gen  300  evals=13800  best=0.9111
NOTE (module=cma, iteration=301):  
condition in coordinate system exceeded 1.0e+08, rescaled to 1.0e+00, 
condition changed from 2.3e+08 to 2.1e+07
        [Trial 17] gen  320  evals=14720  best=0.9107
        [Trial 17] gen  340  evals=15640  best=0.9107
        [Trial 17] gen  360  evals=16560  best=0.9088
        [Trial 17] gen  380  evals=17480  best=0.9088
        [Trial 17] gen  400  evals=18400  best=0.9088
        [Trial 17] gen  420  evals=19320  best=0.9088
        [Trial 17] gen  440  evals=20240  best=0.9088
        [Trial 17] gen  460  evals=21160  best=0.9088
        [Trial 17] gen  480  evals=22080  best=0.9088
        [Done] Trial 17 best=0.9088
    --> Trial 18 | pop=47 seed=41304 x0_norm_min=-0.933 x0_norm_max=0.907
        [Pruned] Trial 18 at gen 15 (loss=1.4597)
    --> Trial 19 | pop=48 seed=63299 x0_norm_min=-0.948 x0_norm_max=0.822
        [Pruned] Trial 19 at gen 15 (loss=1.4082)

  Winner: Trial 17, loss=0.908797 (982s)
    Restarts run: 20
    mu: 65.442909
    D_mu: 5.791705
    T0_mu: 15.138601
    Ly: 1.784322
    op_x: 0.624188
    op_y: 0.583888
    NMSE: 0.004062
  [Saved] random_IR_0046

============================================================
[47/50] random_IR_0047.npz
  GT loss: 0.735649
  terrain_mean=2.170430  early_threshold=0.749280  (alpha=0.0095)
    --> Trial 0 | pop=41 seed=89652 x0_norm_min=-0.944 x0_norm_max=0.730
        [Trial 0] gen   20  evals=  820  best=1.2948
        [Trial 0] gen   40  evals= 1640  best=1.1478
        [Trial 0] gen   60  evals= 2460  best=1.0915
        [Trial 0] gen   80  evals= 3280  best=1.0616
        [Trial 0] gen  100  evals= 4100  best=1.0430
        [Trial 0] gen  120  evals= 4920  best=1.0357
        [Trial 0] gen  140  evals= 5740  best=1.0357
        [Trial 0] gen  160  evals= 6560  best=1.0219
        [Trial 0] gen  180  evals= 7380  best=1.0160
        [Trial 0] gen  200  evals= 8200  best=1.0135
        [Trial 0] gen  220  evals= 9020  best=1.0113
        [Trial 0] gen  240  evals= 9840  best=1.0089
NOTE (module=cma, iteration=254):  
condition in coordinate system exceeded 1.1e+08, rescaled to 1.0e+00, 
condition changed from 8.7e+08 to 8.0e+07
        [Trial 0] gen  260  evals=10660  best=1.0079
        [Trial 0] gen  280  evals=11480  best=1.0060
        [Trial 0] gen  300  evals=12300  best=1.0060
        [Trial 0] gen  320  evals=13120  best=1.0057
        [Trial 0] gen  340  evals=13940  best=1.0057
        [Trial 0] gen  360  evals=14760  best=1.0057
        [Trial 0] gen  380  evals=15580  best=1.0057
        [Trial 0] gen  400  evals=16400  best=1.0054
        [Trial 0] gen  420  evals=17220  best=1.0054
        [Trial 0] gen  440  evals=18040  best=1.0054
        [Trial 0] gen  460  evals=18860  best=1.0054
        [Trial 0] gen  480  evals=19680  best=1.0046
        [Trial 0] gen  500  evals=20500  best=1.0045
        [Trial 0] gen  520  evals=21320  best=1.0045
        [Trial 0] gen  540  evals=22140  best=1.0045
        [Trial 0] gen  560  evals=22960  best=1.0045
        [Trial 0] gen  580  evals=23780  best=1.0045
        [Trial 0] gen  600  evals=24600  best=1.0045
        [Trial 0] gen  620  evals=25420  best=1.0045
        [Trial 0] gen  640  evals=26240  best=1.0045
        [Trial 0] gen  660  evals=27060  best=1.0045
        [Trial 0] gen  680  evals=27880  best=1.0045
        [Trial 0] gen  700  evals=28700  best=1.0045/home/bhpark3/dafxenv/lib/python3.12/site-packages/cma/utilities/utils.py:369: UserWarning: 
        geno-pheno transformation introduced based on the
        current covariance matrix with condition 1.2e+12 -> 1.0e+00,
        injected solutions become "invalid" in this iteration (time=Jul 13 01:12:01 2026 class=CMAEvolutionStrategy method=alleviate_conditioning iteration=781)
  warnings.warn(msg + ' (time={}'.format(time.asctime()[4:]) +

        [Trial 0] gen  720  evals=29520  best=1.0045
        [Done] Trial 0 best=1.0045
    --> Trial 1 | pop=41 seed=74919 x0_norm_min=-0.937 x0_norm_max=0.907
        [Trial 1] gen   20  evals=  820  best=1.2957
        [Trial 1] gen   40  evals= 1640  best=1.1519
        [Pruned] Trial 1 at gen 45 (loss=1.1447)
    --> Trial 2 | pop=37 seed=31267 x0_norm_min=-0.344 x0_norm_max=0.824
        [Pruned] Trial 2 at gen 15 (loss=1.3193)
    --> Trial 3 | pop=37 seed=42856 x0_norm_min=-0.797 x0_norm_max=0.622
        [Pruned] Trial 3 at gen 15 (loss=1.4290)
    --> Trial 4 | pop=40 seed=92477 x0_norm_min=-0.947 x0_norm_max=0.785
        [Trial 4] gen   20  evals=  800  best=1.2082
        [Trial 4] gen   40  evals= 1600  best=1.1659
        [Trial 4] gen   60  evals= 2400  best=1.0741
        [Trial 4] gen   80  evals= 3200  best=1.0513
        [Trial 4] gen  100  evals= 4000  best=1.0505
        [Trial 4] gen  120  evals= 4800  best=1.0452
        [Pruned] Trial 4 at gen 135 (loss=1.0375)
    --> Trial 5 | pop=33 seed=25324 x0_norm_min=-0.748 x0_norm_max=0.981
        [Pruned] Trial 5 at gen 15 (loss=1.5027)
    --> Trial 6 | pop=49 seed=94613 x0_norm_min=-0.929 x0_norm_max=0.732
        [Pruned] Trial 6 at gen 15 (loss=1.3455)
    --> Trial 7 | pop=51 seed=30239 x0_norm_min=-0.779 x0_norm_max=0.922
        [Pruned] Trial 7 at gen 15 (loss=1.3771)
    --> Trial 8 | pop=59 seed=158 x0_norm_min=-0.814 x0_norm_max=0.843
        [Trial 8] gen   20  evals= 1180  best=1.1744
        [Trial 8] gen   40  evals= 2360  best=1.0987
        [Pruned] Trial 8 at gen 45 (loss=1.0785)
    --> Trial 9 | pop=48 seed=22352 x0_norm_min=-0.955 x0_norm_max=0.770
        [Pruned] Trial 9 at gen 15 (loss=1.4587)
    --> Trial 10 | pop=30 seed=63081 x0_norm_min=-0.841 x0_norm_max=0.672
        [Pruned] Trial 10 at gen 15 (loss=1.3234)
    --> Trial 11 | pop=43 seed=97415 x0_norm_min=-0.781 x0_norm_max=0.859
        [Trial 11] gen   20  evals=  860  best=1.1259
        [Trial 11] gen   40  evals= 1720  best=1.1049
        [Pruned] Trial 11 at gen 45 (loss=1.1049)
    --> Trial 12 | pop=43 seed=77096 x0_norm_min=-0.402 x0_norm_max=0.428
        [Trial 12] gen   20  evals=  860  best=1.1906
        [Trial 12] gen   40  evals= 1720  best=1.1344
        [Pruned] Trial 12 at gen 45 (loss=1.1189)
    --> Trial 13 | pop=38 seed=82215 x0_norm_min=-0.863 x0_norm_max=0.955
        [Trial 13] gen   20  evals=  760  best=1.1369
        [Trial 13] gen   40  evals= 1520  best=1.1339
        [Pruned] Trial 13 at gen 45 (loss=1.1175)
    --> Trial 14 | pop=45 seed=56511 x0_norm_min=-0.897 x0_norm_max=-0.091
        [Pruned] Trial 14 at gen 15 (loss=1.2665)
    --> Trial 15 | pop=53 seed=89359 x0_norm_min=-0.690 x0_norm_max=0.990
        [Pruned] Trial 15 at gen 15 (loss=1.4841)
    --> Trial 16 | pop=34 seed=66139 x0_norm_min=-0.776 x0_norm_max=0.982
        [Pruned] Trial 16 at gen 15 (loss=1.4931)
    --> Trial 17 | pop=40 seed=99185 x0_norm_min=-0.863 x0_norm_max=0.835
        [Pruned] Trial 17 at gen 15 (loss=1.3076)
    --> Trial 18 | pop=57 seed=84695 x0_norm_min=-0.933 x0_norm_max=0.907
        [Pruned] Trial 18 at gen 15 (loss=1.3794)
    --> Trial 19 | pop=46 seed=68861 x0_norm_min=-0.948 x0_norm_max=0.822
        [Pruned] Trial 19 at gen 15 (loss=1.3407)

  Winner: Trial 0, loss=1.004454 (438s)
    Restarts run: 20
    mu: 54.973994
    D_mu: 6.813474
    T0_mu: 10.356477
    Ly: 1.264660
    op_x: 0.718233
    op_y: 0.610815
    NMSE: 0.027812
  [Saved] random_IR_0047

============================================================
[48/50] random_IR_0048.npz
  GT loss: 1.027493
  terrain_mean=2.634812  early_threshold=1.042763  (alpha=0.0095)
    --> Trial 0 | pop=46 seed=85181 x0_norm_min=-0.944 x0_norm_max=0.730
        [Trial 0] gen   20  evals=  920  best=1.8310
        [Trial 0] gen   40  evals= 1840  best=1.8100
        [Trial 0] gen   60  evals= 2760  best=1.7562
        [Trial 0] gen   80  evals= 3680  best=1.6028
        [Trial 0] gen  100  evals= 4600  best=1.6028
        [Trial 0] gen  120  evals= 5520  best=1.5874
        [Trial 0] gen  140  evals= 6440  best=1.5778
        [Trial 0] gen  160  evals= 7360  best=1.5725
        [Trial 0] gen  180  evals= 8280  best=1.5695
        [Trial 0] gen  200  evals= 9200  best=1.5660
        [Trial 0] gen  220  evals=10120  best=1.5660
        [Trial 0] gen  240  evals=11040  best=1.5647
        [Trial 0] gen  260  evals=11960  best=1.5621
        [Trial 0] gen  280  evals=12880  best=1.5621
        [Trial 0] gen  300  evals=13800  best=1.5601
NOTE (module=cma, iteration=308):  
condition in coordinate system exceeded 1.1e+08, rescaled to 1.0e+00, 
condition changed from 1.5e+09 to 1.2e+08
        [Trial 0] gen  320  evals=14720  best=1.5601
        [Trial 0] gen  340  evals=15640  best=1.5601
        [Trial 0] gen  360  evals=16560  best=1.5595
        [Trial 0] gen  380  evals=17480  best=1.5589
        [Trial 0] gen  400  evals=18400  best=1.5589
        [Trial 0] gen  420  evals=19320  best=1.5589
        [Trial 0] gen  440  evals=20240  best=1.5589
        [Trial 0] gen  460  evals=21160  best=1.5589
        [Trial 0] gen  480  evals=22080  best=1.5582
        [Trial 0] gen  500  evals=23000  best=1.5582
        [Trial 0] gen  520  evals=23920  best=1.5582
        [Trial 0] gen  540  evals=24840  best=1.5582
        [Trial 0] gen  560  evals=25760  best=1.5582
        [Done] Trial 0 best=1.5582
    --> Trial 1 | pop=38 seed=60889 x0_norm_min=-0.937 x0_norm_max=0.907
        [Trial 1] gen   20  evals=  760  best=1.6376
        [Trial 1] gen   40  evals= 1520  best=1.6376
        [Trial 1] gen   60  evals= 2280  best=1.5337
        [Trial 1] gen   80  evals= 3040  best=1.3115
        [Trial 1] gen  100  evals= 3800  best=1.0817
        [Trial 1] gen  120  evals= 4560  best=1.0218
        [Trial 1] gen  140  evals= 5320  best=1.0111
        [Trial 1] gen  160  evals= 6080  best=1.0047
        [Trial 1] gen  180  evals= 6840  best=1.0047
        [Trial 1] gen  200  evals= 7600  best=1.0020
        [Trial 1] gen  220  evals= 8360  best=0.9992
        [Trial 1] gen  240  evals= 9120  best=0.9991
        [Trial 1] gen  260  evals= 9880  best=0.9991
        [Trial 1] gen  280  evals=10640  best=0.9972
        [Trial 1] gen  300  evals=11400  best=0.9972
        [Trial 1] gen  320  evals=12160  best=0.9972
NOTE (module=cma, iteration=329):  
condition in coordinate system exceeded 1.0e+08, rescaled to 1.0e+00, 
condition changed from 4.1e+09 to 5.2e+08
        [Trial 1] gen  340  evals=12920  best=0.9972
        [Trial 1] gen  360  evals=13680  best=0.9972
        [Trial 1] gen  380  evals=14440  best=0.9972
        [Trial 1] gen  400  evals=15200  best=0.9972
        [Trial 1] gen  420  evals=15960  best=0.9972
        [Trial 1] gen  440  evals=16720  best=0.9972
        [Trial 1] gen  460  evals=17480  best=0.9972
        [Trial 1] gen  480  evals=18240  best=0.9969
        [Trial 1] gen  500  evals=19000  best=0.9969
        [Trial 1] gen  520  evals=19760  best=0.9969
        [Trial 1] gen  540  evals=20520  best=0.9969
        [Trial 1] gen  560  evals=21280  best=0.9969
        [Trial 1] gen  580  evals=22040  best=0.9969
        [Trial 1] gen  600  evals=22800  best=0.9969
        [Trial 1] gen  620  evals=23560  best=0.9969
        [Trial 1] gen  640  evals=24320  best=0.9969
        [Trial 1] gen  660  evals=25080  best=0.9969
        [Trial 1] gen  680  evals=25840  best=0.9969
        [Trial 1] gen  700  evals=26600  best=0.9969
        [Trial 1] gen  720  evals=27360  best=0.9969
        [Trial 1] gen  740  evals=28120  best=0.9969
        [Trial 1] gen  760  evals=28880  best=0.9969
        [Trial 1] gen  780  evals=29640  best=0.9969
        [Done] Trial 1 best=0.9969
    --> Early stop triggered: trial 1 reached loss=0.996929 < 1.042763

  Winner: Trial 1, loss=0.996929 (481s)
    Restarts run: 2
    mu: 7.503884
    D_mu: 13.120191
    T0_mu: 131.443797
    Ly: 2.201715
    op_x: 0.891576
    op_y: 0.890921
    NMSE: 0.000034
  [Saved] random_IR_0048

============================================================
[49/50] random_IR_0049.npz
  GT loss: 0.655099
  terrain_mean=2.092808  early_threshold=0.668757  (alpha=0.0095)
    --> Trial 0 | pop=40 seed=88958 x0_norm_min=-0.944 x0_norm_max=0.730
        [Trial 0] gen   20  evals=  800  best=1.3915
        [Trial 0] gen   40  evals= 1600  best=1.3915
        [Trial 0] gen   60  evals= 2400  best=1.3302
        [Trial 0] gen   80  evals= 3200  best=1.3048
        [Trial 0] gen  100  evals= 4000  best=1.3043
        [Trial 0] gen  120  evals= 4800  best=1.2895
        [Trial 0] gen  140  evals= 5600  best=1.2895
        [Trial 0] gen  160  evals= 6400  best=1.2895
        [Trial 0] gen  180  evals= 7200  best=1.2888
        [Trial 0] gen  200  evals= 8000  best=1.2689
        [Trial 0] gen  220  evals= 8800  best=1.2652
        [Trial 0] gen  240  evals= 9600  best=1.2461
        [Trial 0] gen  260  evals=10400  best=1.2403
        [Trial 0] gen  280  evals=11200  best=1.2401
        [Trial 0] gen  300  evals=12000  best=1.2399
        [Trial 0] gen  320  evals=12800  best=1.2386
NOTE (module=cma, iteration=338):  
condition in coordinate system exceeded 1.0e+08, rescaled to 1.0e+00, 
condition changed from 1.6e+09 to 5.6e+08
        [Trial 0] gen  340  evals=13600  best=1.2378
        [Trial 0] gen  360  evals=14400  best=1.2368
        [Trial 0] gen  380  evals=15200  best=1.2368
        [Trial 0] gen  400  evals=16000  best=1.2368
        [Trial 0] gen  420  evals=16800  best=1.2368
        [Trial 0] gen  440  evals=17600  best=1.2368
        [Trial 0] gen  460  evals=18400  best=1.2368
        [Trial 0] gen  480  evals=19200  best=1.2368
        [Trial 0] gen  500  evals=20000  best=1.2368
        [Trial 0] gen  520  evals=20800  best=1.2368
        [Done] Trial 0 best=1.2368
    --> Trial 1 | pop=40 seed=64217 x0_norm_min=-0.937 x0_norm_max=0.907
        [Trial 1] gen   20  evals=  800  best=1.2926
        [Trial 1] gen   40  evals= 1600  best=1.1900
        [Trial 1] gen   60  evals= 2400  best=1.1522
        [Trial 1] gen   80  evals= 3200  best=1.1522
        [Trial 1] gen  100  evals= 4000  best=1.1522
        [Trial 1] gen  120  evals= 4800  best=1.1467
        [Trial 1] gen  140  evals= 5600  best=1.1405
        [Trial 1] gen  160  evals= 6400  best=1.1299
        [Trial 1] gen  180  evals= 7200  best=1.1287
        [Trial 1] gen  200  evals= 8000  best=1.1192
        [Trial 1] gen  220  evals= 8800  best=1.1157
        [Trial 1] gen  240  evals= 9600  best=1.1157
        [Trial 1] gen  260  evals=10400  best=1.1157
NOTE (module=cma, iteration=269):  
condition in coordinate system exceeded 1.1e+08, rescaled to 1.0e+00, 
condition changed from 7.8e+08 to 7.7e+07
        [Trial 1] gen  280  evals=11200  best=1.1157
        [Trial 1] gen  300  evals=12000  best=1.1150
        [Trial 1] gen  320  evals=12800  best=1.1150
        [Trial 1] gen  340  evals=13600  best=1.1150
        [Trial 1] gen  360  evals=14400  best=1.1150
        [Trial 1] gen  380  evals=15200  best=1.1149
        [Trial 1] gen  400  evals=16000  best=1.1149
        [Trial 1] gen  420  evals=16800  best=1.1147
        [Trial 1] gen  440  evals=17600  best=1.1147
        [Trial 1] gen  460  evals=18400  best=1.1147
        [Done] Trial 1 best=1.1147
    --> Trial 2 | pop=35 seed=89193 x0_norm_min=-0.344 x0_norm_max=0.824
        [Trial 2] gen   20  evals=  700  best=1.2757
        [Trial 2] gen   40  evals= 1400  best=1.2190
        [Trial 2] gen   60  evals= 2100  best=1.1748
        [Trial 2] gen   80  evals= 2800  best=1.1629
        [Trial 2] gen  100  evals= 3500  best=1.1499
        [Trial 2] gen  120  evals= 4200  best=1.1439
        [Trial 2] gen  140  evals= 4900  best=1.1345
        [Trial 2] gen  160  evals= 5600  best=1.1326
        [Trial 2] gen  180  evals= 6300  best=1.1318
        [Trial 2] gen  200  evals= 7000  best=1.1316
        [Trial 2] gen  220  evals= 7700  best=1.1301
        [Trial 2] gen  240  evals= 8400  best=1.1294
        [Trial 2] gen  260  evals= 9100  best=1.1294
        [Trial 2] gen  280  evals= 9800  best=1.1286
        [Trial 2] gen  300  evals=10500  best=1.1276
        [Trial 2] gen  320  evals=11200  best=1.1276
        [Trial 2] gen  340  evals=11900  best=1.1276
        [Trial 2] gen  360  evals=12600  best=1.1276
        [Trial 2] gen  380  evals=13300  best=1.1276
        [Trial 2] gen  400  evals=14000  best=1.1268
        [Pruned] Trial 2 at gen 405 (loss=1.1268)
    --> Trial 3 | pop=40 seed=61626 x0_norm_min=-0.797 x0_norm_max=0.622
        [Pruned] Trial 3 at gen 15 (loss=1.4109)
    --> Trial 4 | pop=51 seed=85150 x0_norm_min=-0.947 x0_norm_max=0.785
        [Trial 4] gen   20  evals= 1020  best=1.2247
        [Trial 4] gen   40  evals= 2040  best=1.1090
        [Trial 4] gen   60  evals= 3060  best=1.1090
        [Trial 4] gen   80  evals= 4080  best=1.0851
        [Trial 4] gen  100  evals= 5100  best=1.0846
        [Trial 4] gen  120  evals= 6120  best=1.0742
        [Trial 4] gen  140  evals= 7140  best=1.0680
        [Trial 4] gen  160  evals= 8160  best=1.0582
        [Trial 4] gen  180  evals= 9180  best=1.0572
        [Trial 4] gen  200  evals=10200  best=1.0552
NOTE (module=cma, iteration=210):  
condition in coordinate system exceeded 1.2e+08, rescaled to 1.0e+00, 
condition changed from 3.0e+08 to 1.3e+08
        [Trial 4] gen  220  evals=11220  best=1.0551
        [Trial 4] gen  240  evals=12240  best=1.0549
        [Trial 4] gen  260  evals=13260  best=1.0543
        [Trial 4] gen  280  evals=14280  best=1.0543
        [Trial 4] gen  300  evals=15300  best=1.0536
        [Trial 4] gen  320  evals=16320  best=1.0536
        [Trial 4] gen  340  evals=17340  best=1.0536
        [Trial 4] gen  360  evals=18360  best=1.0530
        [Trial 4] gen  380  evals=19380  best=1.0529
        [Trial 4] gen  400  evals=20400  best=1.0529
        [Trial 4] gen  420  evals=21420  best=1.0527
        [Trial 4] gen  440  evals=22440  best=1.0527
        [Done] Trial 4 best=1.0527
    --> Trial 5 | pop=31 seed=62385 x0_norm_min=-0.748 x0_norm_max=0.981
        [Pruned] Trial 5 at gen 15 (loss=1.3426)
    --> Trial 6 | pop=58 seed=58548 x0_norm_min=-0.929 x0_norm_max=0.732
        [Trial 6] gen   20  evals= 1160  best=1.2394
        [Trial 6] gen   40  evals= 2320  best=1.1546
        [Pruned] Trial 6 at gen 45 (loss=1.1546)
    --> Trial 7 | pop=35 seed=22174 x0_norm_min=-0.779 x0_norm_max=0.922
        [Trial 7] gen   20  evals=  700  best=1.2151
        [Trial 7] gen   40  evals= 1400  best=1.1775
        [Pruned] Trial 7 at gen 45 (loss=1.1743)
    --> Trial 8 | pop=41 seed=86725 x0_norm_min=-0.814 x0_norm_max=0.843
        [Pruned] Trial 8 at gen 15 (loss=1.3427)
    --> Trial 9 | pop=35 seed=97688 x0_norm_min=-0.955 x0_norm_max=0.770
        [Pruned] Trial 9 at gen 15 (loss=1.2675)
    --> Trial 10 | pop=58 seed=3493 x0_norm_min=-0.841 x0_norm_max=0.672
        [Pruned] Trial 10 at gen 15 (loss=1.2747)
    --> Trial 11 | pop=49 seed=45215 x0_norm_min=-0.781 x0_norm_max=0.859
        [Trial 11] gen   20  evals=  980  best=1.2472
        [Trial 11] gen   40  evals= 1960  best=1.1940
        [Pruned] Trial 11 at gen 45 (loss=1.1682)
    --> Trial 12 | pop=49 seed=75707 x0_norm_min=-0.402 x0_norm_max=0.428
        [Trial 12] gen   20  evals=  980  best=1.2457
        [Trial 12] gen   40  evals= 1960  best=1.2081
        [Pruned] Trial 12 at gen 45 (loss=1.2081)
    --> Trial 13 | pop=50 seed=41136 x0_norm_min=-0.863 x0_norm_max=0.955
        [Pruned] Trial 13 at gen 15 (loss=1.2877)
    --> Trial 14 | pop=53 seed=79066 x0_norm_min=-0.897 x0_norm_max=-0.091
        [Trial 14] gen   20  evals= 1060  best=1.2231
        [Trial 14] gen   40  evals= 2120  best=1.1405
        [Trial 14] gen   60  evals= 3180  best=1.1287
        [Trial 14] gen   80  evals= 4240  best=1.1106
        [Trial 14] gen  100  evals= 5300  best=1.1044
        [Trial 14] gen  120  evals= 6360  best=1.0949
        [Pruned] Trial 14 at gen 135 (loss=1.0816)
    --> Trial 15 | pop=43 seed=69032 x0_norm_min=-0.690 x0_norm_max=0.990
        [Pruned] Trial 15 at gen 15 (loss=1.3761)
    --> Trial 16 | pop=46 seed=49289 x0_norm_min=-0.776 x0_norm_max=0.982
        [Pruned] Trial 16 at gen 15 (loss=1.3300)
    --> Trial 17 | pop=54 seed=99763 x0_norm_min=-0.863 x0_norm_max=0.835
        [Pruned] Trial 17 at gen 15 (loss=1.2852)/home/bhpark3/dafxenv/lib/python3.12/site-packages/cma/utilities/utils.py:369: UserWarning: 
        geno-pheno transformation introduced based on the
        current covariance matrix with condition 1.1e+12 -> 1.0e+00,
        injected solutions become "invalid" in this iteration (time=Jul 13 01:29:44 2026 class=CMAEvolutionStrategy method=alleviate_conditioning iteration=579)
  warnings.warn(msg + ' (time={}'.format(time.asctime()[4:]) +
/home/bhpark3/dafxenv/lib/python3.12/site-packages/cma/utilities/utils.py:369: UserWarning: 
        geno-pheno transformation introduced based on the
        current covariance matrix with condition 1.2e+12 -> 1.0e+00,
        injected solutions become "invalid" in this iteration (time=Jul 13 01:32:16 2026 class=CMAEvolutionStrategy method=alleviate_conditioning iteration=490)
  warnings.warn(msg + ' (time={}'.format(time.asctime()[4:]) +

    --> Trial 18 | pop=45 seed=28047 x0_norm_min=-0.933 x0_norm_max=0.907
        [Pruned] Trial 18 at gen 15 (loss=1.4363)
    --> Trial 19 | pop=60 seed=75607 x0_norm_min=-0.948 x0_norm_max=0.822
        [Trial 19] gen   20  evals= 1200  best=1.1996
        [Trial 19] gen   40  evals= 2400  best=1.1841
        [Pruned] Trial 19 at gen 45 (loss=1.1734)

  Winner: Trial 4, loss=1.052743 (918s)
    Restarts run: 20
    mu: 54.957931
    D_mu: 5.934224
    T0_mu: 0.003801
    Ly: 1.111396
    op_x: 0.619942
    op_y: 0.581991
    NMSE: 0.048506
  [Saved] random_IR_0049

============================================================
[50/50] random_IR_0050.npz
  GT loss: 1.324639
  terrain_mean=2.859810  early_threshold=1.339223  (alpha=0.0095)
    --> Trial 0 | pop=49 seed=91590 x0_norm_min=-0.944 x0_norm_max=0.730
        [Trial 0] gen   20  evals=  980  best=2.1693
        [Trial 0] gen   40  evals= 1960  best=2.0156
        [Trial 0] gen   60  evals= 2940  best=1.9261
        [Trial 0] gen   80  evals= 3920  best=1.9261
        [Trial 0] gen  100  evals= 4900  best=1.9261
        [Trial 0] gen  120  evals= 5880  best=1.9133
        [Trial 0] gen  140  evals= 6860  best=1.8352
        [Trial 0] gen  160  evals= 7840  best=1.8146
        [Trial 0] gen  180  evals= 8820  best=1.7954
        [Trial 0] gen  200  evals= 9800  best=1.7831
        [Trial 0] gen  220  evals=10780  best=1.7625
        [Trial 0] gen  240  evals=11760  best=1.7497
        [Trial 0] gen  260  evals=12740  best=1.7441
        [Trial 0] gen  280  evals=13720  best=1.7424
        [Trial 0] gen  300  evals=14700  best=1.7424
        [Trial 0] gen  320  evals=15680  best=1.7423
NOTE (module=cma, iteration=327):  
condition in coordinate system exceeded 1.3e+08, rescaled to 1.0e+00, 
condition changed from 7.4e+08 to 8.9e+08
        [Trial 0] gen  340  evals=16660  best=1.7418
        [Trial 0] gen  360  evals=17640  best=1.7418
        [Trial 0] gen  380  evals=18620  best=1.7418
        [Trial 0] gen  400  evals=19600  best=1.7418
        [Trial 0] gen  420  evals=20580  best=1.7413
        [Trial 0] gen  440  evals=21560  best=1.7410
        [Trial 0] gen  460  evals=22540  best=1.7410
        [Trial 0] gen  480  evals=23520  best=1.7409
        [Trial 0] gen  500  evals=24500  best=1.7409
        [Trial 0] gen  520  evals=25480  best=1.7409
        [Trial 0] gen  540  evals=26460  best=1.7409
        [Trial 0] gen  560  evals=27440  best=1.7409
        [Trial 0] gen  580  evals=28420  best=1.7409
        [Trial 0] gen  600  evals=29400  best=1.7409
        [Done] Trial 0 best=1.7409
    --> Trial 1 | pop=49 seed=50809 x0_norm_min=-0.937 x0_norm_max=0.907
        [Trial 1] gen   20  evals=  980  best=2.1218
        [Trial 1] gen   40  evals= 1960  best=2.0255
        [Pruned] Trial 1 at gen 45 (loss=2.0255)
    --> Trial 2 | pop=57 seed=38337 x0_norm_min=-0.344 x0_norm_max=0.824
        [Trial 2] gen   20  evals= 1140  best=2.0098
        [Trial 2] gen   40  evals= 2280  best=1.8509
        [Trial 2] gen   60  evals= 3420  best=1.8509
        [Trial 2] gen   80  evals= 4560  best=1.7813
        [Trial 2] gen  100  evals= 5700  best=1.7592
        [Trial 2] gen  120  evals= 6840  best=1.5889
        [Trial 2] gen  140  evals= 7980  best=1.5415
        [Trial 2] gen  160  evals= 9120  best=1.5025
        [Trial 2] gen  180  evals=10260  best=1.4542
        [Trial 2] gen  200  evals=11400  best=1.4360
        [Trial 2] gen  220  evals=12540  best=1.4327
NOTE (module=cma, iteration=220):  
condition in coordinate system exceeded 1.0e+08, rescaled to 1.0e+00, 
condition changed from 3.8e+08 to 4.9e+07
        [Trial 2] gen  240  evals=13680  best=1.4293
        [Trial 2] gen  260  evals=14820  best=1.4282
        [Trial 2] gen  280  evals=15960  best=1.4275
        [Trial 2] gen  300  evals=17100  best=1.4268
        [Trial 2] gen  320  evals=18240  best=1.4268
        [Trial 2] gen  340  evals=19380  best=1.4260
        [Trial 2] gen  360  evals=20520  best=1.4260
        [Trial 2] gen  380  evals=21660  best=1.4260
        [Trial 2] gen  400  evals=22800  best=1.4260
        [Trial 2] gen  420  evals=23940  best=1.4260
        [Trial 2] gen  440  evals=25080  best=1.4260
        [Trial 2] gen  460  evals=26220  best=1.4260
        [Trial 2] gen  480  evals=27360  best=1.4260
        [Trial 2] gen  500  evals=28500  best=1.4260
        [Done] Trial 2 best=1.4260
    --> Trial 3 | pop=33 seed=50480 x0_norm_min=-0.797 x0_norm_max=0.622
        [Pruned] Trial 3 at gen 15 (loss=2.1030)
    --> Trial 4 | pop=41 seed=18397 x0_norm_min=-0.947 x0_norm_max=0.785
        [Pruned] Trial 4 at gen 15 (loss=2.1651)
    --> Trial 5 | pop=46 seed=6195 x0_norm_min=-0.748 x0_norm_max=0.981
        [Pruned] Trial 5 at gen 15 (loss=2.2340)
    --> Trial 6 | pop=55 seed=5224 x0_norm_min=-0.929 x0_norm_max=0.732
        [Trial 6] gen   20  evals= 1100  best=2.0410
        [Trial 6] gen   40  evals= 2200  best=2.0141
        [Pruned] Trial 6 at gen 45 (loss=2.0141)
    --> Trial 7 | pop=36 seed=78552 x0_norm_min=-0.779 x0_norm_max=0.922
        [Pruned] Trial 7 at gen 15 (loss=2.1698)
    --> Trial 8 | pop=60 seed=76152 x0_norm_min=-0.814 x0_norm_max=0.843
        [Pruned] Trial 8 at gen 15 (loss=2.1133)
    --> Trial 9 | pop=44 seed=89180 x0_norm_min=-0.955 x0_norm_max=0.770
        [Pruned] Trial 9 at gen 15 (loss=2.1259)
    --> Trial 10 | pop=30 seed=41840 x0_norm_min=-0.841 x0_norm_max=0.672
        [Trial 10] gen   20  evals=  600  best=2.0820
        [Trial 10] gen   40  evals= 1200  best=2.0130
        [Pruned] Trial 10 at gen 45 (loss=2.0130)
    --> Trial 11 | pop=52 seed=94504 x0_norm_min=-0.781 x0_norm_max=0.859
        [Pruned] Trial 11 at gen 15 (loss=2.1422)
    --> Trial 12 | pop=60 seed=31153 x0_norm_min=-0.402 x0_norm_max=0.428
        [Trial 12] gen   20  evals= 1200  best=2.0955
        [Trial 12] gen   40  evals= 2400  best=1.9955
        [Trial 12] gen   60  evals= 3600  best=1.9822
        [Trial 12] gen   80  evals= 4800  best=1.7561
        [Trial 12] gen  100  evals= 6000  best=1.5425
        [Trial 12] gen  120  evals= 7200  best=1.3449
        [Trial 12] gen  140  evals= 8400  best=1.3164
        [Trial 12] gen  160  evals= 9600  best=1.3034
        [Trial 12] gen  180  evals=10800  best=1.3011
        [Trial 12] gen  200  evals=12000  best=1.2999
        [Trial 12] gen  220  evals=13200  best=1.2999
        [Trial 12] gen  240  evals=14400  best=1.2990
        [Trial 12] gen  260  evals=15600  best=1.2955
NOTE (module=cma, iteration=278):  
condition in coordinate system exceeded 1.1e+08, rescaled to 1.0e+00, 
condition changed from 3.0e+08 to 1.4e+07
        [Trial 12] gen  280  evals=16800  best=1.2927
        [Trial 12] gen  300  evals=18000  best=1.2917
        [Trial 12] gen  320  evals=19200  best=1.2917
        [Trial 12] gen  340  evals=20400  best=1.2914
        [Trial 12] gen  360  evals=21600  best=1.2912
        [Trial 12] gen  380  evals=22800  best=1.2908
        [Trial 12] gen  400  evals=24000  best=1.2908
        [Trial 12] gen  420  evals=25200  best=1.2908
        [Trial 12] gen  440  evals=26400  best=1.2906
        [Trial 12] gen  460  evals=27600  best=1.2905
        [Trial 12] gen  480  evals=28800  best=1.2905
        [Trial 12] gen  500  evals=30000  best=1.2905
        [Done] Trial 12 best=1.2905
    --> Early stop triggered: trial 12 reached loss=1.290489 < 1.339223

  Winner: Trial 12, loss=1.290489 (501s)
    Restarts run: 13
    mu: 71.864795
    D_mu: 14.655359
    T0_mu: 1.512149
    Ly: 1.229372
    op_x: 0.793001
    op_y: 0.980122
    NMSE: 0.006639
  [Saved] random_IR_0050
