Device cuda | loss L1_STFT | duration 0.25s
Loading train targets from data/train-100000-0.25s
Loading val targets from data/val-1000-0.25s
  100000 train / 1000 val in 231s   train tensor 4.41 GB
  training set held in host memory; batches transferred per step
reference levels:  gt_loss 1.2490e-05   saturation (unrelated IRs) 4.1935e+00
constant-predictor NMSE: 6d 4.732e-02  7d 7.948e-02  (the floor to beat)
training loss stuck near saturation = gradient uninformative; well below = learning

encoder: 3.74M params, width 32

loss scale (fixed): 5.8004e+00
step      1  train 5.8004e+00  val 1.3539e+01  6d geo 4.273e-02 med 4.711e-02 p90 8.217e-02 (const 4.732e-02)  |g| 9.03e+00  [1s]
           5d geo 4.186e-02 med 4.843e-02   postmu 6d geo 4.892e-02 med 5.072e-02 p90 1.236e-01   mu |dlog| 0.5438
           WARNING: prediction spread 0.008 of ground truth -- the output has collapsed to a constant (saturated tanh); lower --lr or raise --warmup-steps and restart
           corr(identifiable)  mu=+0.22  D_div_mu=-0.09  T0_div_mu=-0.05  Ly=+0.15  op_x=+0.43  op_y=-0.33   mean spread/GT 0.01
           err share           mu=16%  D_div_mu=3%  T0_div_mu=2%  Ly=26%  op_x=28%  op_y=26%
step    100  train 1.1827e+00  |g| 9.48e-01  [13s]
step    200  train 9.3823e-01  |g| 2.67e+00  [23s]
step    300  train 8.6900e-01  |g| 2.36e+00  [34s]
step    400  train 8.2675e-01  |g| 5.44e+00  [43s]
step    500  train 7.5331e-01  |g| 1.08e+00  [53s]
step    600  train 7.5691e-01  |g| 8.87e+00  [61s]
step    700  train 7.8855e-01  |g| 1.97e+00  [71s]
step    800  train 8.0178e-01  |g| 4.51e+00  [85s]
step    900  train 7.0703e-01  |g| 1.19e+00  [97s]
step   1000  train 7.2348e-01  |g| 3.21e+00  [110s]
step   1100  train 6.8254e-01  |g| 6.51e-01  [125s]
step   1200  train 8.0050e-01  |g| 2.71e+00  [139s]
step   1300  train 7.1488e-01  |g| 6.84e-01  [151s]
step   1400  train 7.6909e-01  |g| 4.31e+00  [162s]
step   1500  train 7.3318e-01  |g| 1.31e+00  [173s]
step   1600  train 7.5223e-01  |g| 7.60e-01  [186s]
step   1700  train 8.9715e-01  |g| 5.47e+00  [201s]
step   1800  train 6.8929e-01  |g| 2.67e+00  [214s]
step   1900  train 7.1059e-01  |g| 4.37e+00  [229s]
step   2000  train 6.6634e-01  val 7.0214e-01  6d geo 3.377e-02 med 3.752e-02 p90 9.079e-02 (const 4.732e-02)  |g| 9.05e-01  [245s]
           5d geo 3.425e-02 med 3.872e-02   postmu 6d geo 3.304e-02 med 3.656e-02 p90 9.148e-02   mu |dlog| 0.3637
           corr(identifiable)  mu=+0.73  D_div_mu=+0.50  T0_div_mu=+0.46  Ly=+0.41  op_x=+0.60  op_y=+0.49   mean spread/GT 0.58
           err share           mu=13%  D_div_mu=3%  T0_div_mu=5%  Ly=30%  op_x=22%  op_y=27%
step   2100  train 7.2394e-01  |g| 9.42e-01  [264s]
step   2200  train 6.7163e-01  |g| 2.40e+00  [282s]
step   2300  train 6.5178e-01  |g| 2.51e+00  [297s]
step   2400  train 7.0552e-01  |g| 2.50e+00  [314s]
step   2500  train 6.8920e-01  |g| 1.78e+00  [330s]
step   2600  train 6.9004e-01  |g| 1.88e+00  [347s]
step   2700  train 6.7186e-01  |g| 2.24e+00  [363s]
step   2800  train 6.9023e-01  |g| 2.90e+00  [381s]
step   2900  train 6.9722e-01  |g| 1.29e+00  [396s]
step   3000  train 6.9148e-01  |g| 3.52e+00  [412s]
step   3100  train 6.9872e-01  |g| 2.72e+00  [428s]
step   3200  train 6.7850e-01  |g| 5.27e-01  [443s]
step   3300  train 6.9066e-01  |g| 3.01e+00  [460s]
step   3400  train 6.8238e-01  |g| 9.07e-01  [479s]
step   3500  train 6.5652e-01  |g| 5.72e-01  [497s]
step   3600  train 6.5888e-01  |g| 7.67e-01  [516s]
step   3700  train 6.7862e-01  |g| 1.94e+00  [536s]
step   3800  train 6.7796e-01  |g| 6.39e-01  [555s]
step   3900  train 6.9403e-01  |g| 1.25e+00  [577s]
step   4000  train 6.7709e-01  val 6.8113e-01  6d geo 2.859e-02 med 3.185e-02 p90 1.028e-01 (const 4.732e-02)  |g| 3.69e+00  [598s]
           5d geo 2.962e-02 med 3.409e-02   postmu 6d geo 2.882e-02 med 3.246e-02 p90 1.006e-01   mu |dlog| 0.3754
           corr(identifiable)  mu=+0.70  D_div_mu=+0.66  T0_div_mu=+0.27  Ly=+0.41  op_x=+0.66  op_y=+0.62   mean spread/GT 0.79
           err share           mu=13%  D_div_mu=2%  T0_div_mu=4%  Ly=38%  op_x=21%  op_y=22%
step   4100  train 6.8441e-01  |g| 1.66e+00  [623s]
step   4200  train 6.9948e-01  |g| 1.13e+00  [643s]
step   4300  train 6.5328e-01  |g| 1.31e+00  [663s]
step   4400  train 6.5335e-01  |g| 5.91e-01  [687s]
step   4500  train 6.5604e-01  |g| 1.70e+00  [716s]
step   4600  train 7.0043e-01  |g| 7.40e-01  [742s]
step   4700  train 6.6235e-01  |g| 6.72e-01  [766s]
step   4800  train 6.7196e-01  |g| 9.55e-01  [791s]
step   4900  train 7.3298e-01  |g| 7.59e+00  [818s]
step   5000  train 6.8498e-01  |g| 1.56e+00  [841s]
step   5100  train 6.9098e-01  |g| 1.08e+00  [869s]
step   5200  train 6.8311e-01  |g| 1.49e+00  [894s]
step   5300  train 6.7665e-01  |g| 1.81e+00  [918s]
step   5400  train 6.4123e-01  |g| 8.49e-01  [946s]
step   5500  train 6.3825e-01  |g| 5.34e-01  [973s]
step   5600  train 6.6469e-01  |g| 8.75e-01  [1000s]
step   5700  train 6.4545e-01  |g| 1.42e+00  [1028s]
step   5800  train 6.6402e-01  |g| 2.82e+00  [1058s]
step   5900  train 6.2424e-01  |g| 2.28e+00  [1085s]
step   6000  train 6.3854e-01  val 6.5422e-01  6d geo 2.567e-02 med 2.728e-02 p90 7.931e-02 (const 4.732e-02)  |g| 1.03e+00  [1111s]
           5d geo 2.460e-02 med 2.863e-02   postmu 6d geo 2.522e-02 med 2.723e-02 p90 7.763e-02   mu |dlog| 0.3567
           corr(identifiable)  mu=+0.72  D_div_mu=+0.82  T0_div_mu=+0.32  Ly=+0.52  op_x=+0.67  op_y=+0.70   mean spread/GT 0.88
           err share           mu=15%  D_div_mu=2%  T0_div_mu=3%  Ly=33%  op_x=24%  op_y=23%
step   6100  train 6.6502e-01  |g| 1.58e+00  [1140s]
step   6200  train 6.0788e-01  |g| 5.33e-01  [1167s]
step   6300  train 6.5127e-01  |g| 1.15e+00  [1192s]
step   6400  train 6.7992e-01  |g| 7.52e-01  [1217s]
step   6500  train 6.5325e-01  |g| 1.03e+00  [1245s]
step   6600  train 6.6836e-01  |g| 2.01e+00  [1273s]
step   6700  train 6.3658e-01  |g| 1.83e+00  [1301s]
step   6800  train 6.4365e-01  |g| 7.49e-01  [1328s]
step   6900  train 6.6154e-01  |g| 2.67e+00  [1360s]
step   7000  train 6.7588e-01  |g| 6.94e-01  [1390s]
step   7100  train 6.3618e-01  |g| 1.19e+00  [1420s]
step   7200  train 6.9092e-01  |g| 5.05e-01  [1451s]
step   7300  train 6.6939e-01  |g| 1.77e+00  [1481s]
step   7400  train 6.5598e-01  |g| 1.25e+00  [1511s]
step   7500  train 6.4713e-01  |g| 8.00e-01  [1540s]
step   7600  train 6.6416e-01  |g| 1.53e+00  [1570s]
step   7700  train 6.5159e-01  |g| 9.81e-01  [1599s]
step   7800  train 6.9109e-01  |g| 4.79e-01  [1628s]
step   7900  train 6.6696e-01  |g| 4.04e+00  [1663s]
step   8000  train 6.3859e-01  val 6.6712e-01  6d geo 2.903e-02 med 3.201e-02 p90 1.097e-01 (const 4.732e-02)  |g| 4.82e-01  [1692s]
           5d geo 3.000e-02 med 3.443e-02   postmu 6d geo 3.132e-02 med 3.387e-02 p90 1.098e-01   mu |dlog| 0.3841
           corr(identifiable)  mu=+0.73  D_div_mu=+0.83  T0_div_mu=+0.33  Ly=+0.29  op_x=+0.66  op_y=+0.75   mean spread/GT 0.79
           err share           mu=11%  D_div_mu=2%  T0_div_mu=2%  Ly=51%  op_x=21%  op_y=13%
step   8100  train 6.5768e-01  |g| 1.07e+00  [1722s]
step   8200  train 6.4282e-01  |g| 1.19e+00  [1749s]
step   8300  train 6.5903e-01  |g| 6.55e-01  [1782s]
step   8400  train 6.4641e-01  |g| 9.18e-01  [1813s]
step   8500  train 6.5727e-01  |g| 1.44e+00  [1845s]
step   8600  train 6.8905e-01  |g| 6.87e-01  [1875s]
step   8700  train 6.7338e-01  |g| 8.06e-01  [1903s]
step   8800  train 6.3431e-01  |g| 2.60e+00  [1932s]
step   8900  train 6.7996e-01  |g| 1.59e+00  [1963s]
step   9000  train 6.2121e-01  |g| 7.89e-01  [1995s]
step   9100  train 5.9875e-01  |g| 9.70e-01  [2024s]
step   9200  train 7.0290e-01  |g| 5.21e-01  [2055s]
step   9300  train 6.0296e-01  |g| 1.14e+00  [2084s]
step   9400  train 6.6033e-01  |g| 6.70e-01  [2113s]
step   9500  train 6.1733e-01  |g| 1.32e+00  [2142s]
step   9600  train 6.5971e-01  |g| 8.01e-01  [2173s]
step   9700  train 6.6820e-01  |g| 1.88e+00  [2206s]
step   9800  train 6.5474e-01  |g| 2.02e+00  [2238s]
step   9900  train 6.7148e-01  |g| 1.21e+00  [2266s]
step  10000  train 5.8988e-01  val 6.3261e-01  6d geo 2.370e-02 med 2.712e-02 p90 9.874e-02 (const 4.732e-02)  |g| 8.46e-01  [2298s]
           5d geo 2.285e-02 med 2.643e-02   postmu 6d geo 2.406e-02 med 2.761e-02 p90 9.761e-02   mu |dlog| 0.3816
           corr(identifiable)  mu=+0.73  D_div_mu=+0.89  T0_div_mu=+0.44  Ly=+0.25  op_x=+0.69  op_y=+0.81   mean spread/GT 0.85
           err share           mu=14%  D_div_mu=1%  T0_div_mu=4%  Ly=46%  op_x=22%  op_y=12%
step  10100  train 6.2583e-01  |g| 1.77e+00  [2332s]
step  10200  train 6.0247e-01  |g| 6.49e-01  [2366s]
step  10300  train 5.9840e-01  |g| 1.92e+00  [2401s]
step  10400  train 6.2338e-01  |g| 8.64e-01  [2435s]
step  10500  train 6.6369e-01  |g| 6.88e-01  [2464s]
step  10600  train 6.1902e-01  |g| 7.41e-01  [2497s]
step  10700  train 5.9816e-01  |g| 5.69e-01  [2533s]
step  10800  train 6.2771e-01  |g| 1.14e+00  [2570s]
step  10900  train 6.2348e-01  |g| 1.55e+00  [2605s]
step  11000  train 5.9229e-01  |g| 8.89e-01  [2639s]
step  11100  train 6.2642e-01  |g| 1.09e+00  [2674s]
step  11200  train 5.8039e-01  |g| 5.35e-01  [2708s]
step  11300  train 6.0316e-01  |g| 7.47e-01  [2739s]
step  11400  train 6.8667e-01  |g| 2.51e+00  [2771s]
step  11500  train 6.7382e-01  |g| 1.47e+00  [2806s]
step  11600  train 5.8066e-01  |g| 9.98e-01  [2838s]
step  11700  train 6.2561e-01  |g| 1.85e+00  [2871s]
step  11800  train 6.3360e-01  |g| 7.87e-01  [2904s]
step  11900  train 6.2357e-01  |g| 3.82e-01  [2937s]
step  12000  train 6.2733e-01  val 6.2533e-01  6d geo 2.081e-02 med 2.261e-02 p90 6.738e-02 (const 4.732e-02)  |g| 9.86e-01  [2970s]
           5d geo 1.818e-02 med 2.145e-02   postmu 6d geo 2.139e-02 med 2.354e-02 p90 6.794e-02   mu |dlog| 0.3978
           corr(identifiable)  mu=+0.72  D_div_mu=+0.90  T0_div_mu=+0.44  Ly=+0.50  op_x=+0.71  op_y=+0.84   mean spread/GT 0.87
           err share           mu=20%  D_div_mu=2%  T0_div_mu=3%  Ly=38%  op_x=26%  op_y=12%
step  12100  train 6.5670e-01  |g| 1.92e+00  [3006s]
step  12200  train 6.1065e-01  |g| 1.54e+00  [3041s]
step  12300  train 6.6742e-01  |g| 1.23e+00  [3074s]
step  12400  train 6.1738e-01  |g| 3.34e+00  [3106s]
step  12500  train 6.0765e-01  |g| 1.50e+00  [3141s]
step  12600  train 6.2395e-01  |g| 1.03e+00  [3175s]
step  12700  train 6.2738e-01  |g| 7.76e-01  [3213s]
step  12800  train 6.0407e-01  |g| 6.68e-01  [3248s]
step  12900  train 6.4760e-01  |g| 1.57e+00  [3284s]
step  13000  train 6.4796e-01  |g| 8.77e-01  [3320s]
step  13100  train 6.4621e-01  |g| 1.94e+00  [3356s]
step  13200  train 6.0477e-01  |g| 9.89e-01  [3391s]
step  13300  train 6.5662e-01  |g| 2.80e+00  [3430s]
step  13400  train 6.3459e-01  |g| 7.37e-01  [3467s]
step  13500  train 6.2062e-01  |g| 2.10e+00  [3498s]
step  13600  train 6.7447e-01  |g| 2.55e+00  [3533s]
step  13700  train 6.4533e-01  |g| 1.14e+00  [3567s]
step  13800  train 6.1289e-01  |g| 4.81e-01  [3603s]
step  13900  train 6.0109e-01  |g| 6.97e-01  [3639s]
step  14000  train 5.9828e-01  val 6.1692e-01  6d geo 1.903e-02 med 2.105e-02 p90 6.827e-02 (const 4.732e-02)  |g| 2.26e+00  [3675s]
           5d geo 1.713e-02 med 2.109e-02   postmu 6d geo 1.830e-02 med 2.082e-02 p90 6.840e-02   mu |dlog| 0.3475
           corr(identifiable)  mu=+0.72  D_div_mu=+0.92  T0_div_mu=+0.47  Ly=+0.55  op_x=+0.73  op_y=+0.82   mean spread/GT 0.83
           err share           mu=15%  D_div_mu=1%  T0_div_mu=2%  Ly=38%  op_x=26%  op_y=18%
step  14100  train 6.1212e-01  |g| 1.26e+00  [3717s]
step  14200  train 6.3192e-01  |g| 9.28e-01  [3753s]
step  14300  train 6.8180e-01  |g| 2.21e+00  [3788s]
step  14400  train 5.9572e-01  |g| 9.91e-01  [3821s]
step  14500  train 6.3027e-01  |g| 1.60e+00  [3854s]
step  14600  train 6.2854e-01  |g| 1.22e+00  [3893s]
step  14700  train 6.1102e-01  |g| 1.18e+00  [3930s]
step  14800  train 6.1437e-01  |g| 8.83e-01  [3967s]
step  14900  train 6.1131e-01  |g| 5.63e-01  [4006s]
step  15000  train 6.0525e-01  |g| 5.26e-01  [4045s]
step  15100  train 6.1309e-01  |g| 1.39e+00  [4079s]
step  15200  train 6.0703e-01  |g| 7.35e-01  [4118s]
step  15300  train 5.9008e-01  |g| 1.32e+00  [4154s]
step  15400  train 6.2260e-01  |g| 4.38e-01  [4190s]
step  15500  train 5.8638e-01  |g| 1.22e+00  [4221s]
step  15600  train 6.0344e-01  |g| 5.17e-01  [4258s]
step  15700  train 5.7649e-01  |g| 1.39e+00  [4293s]
step  15800  train 6.2073e-01  |g| 8.41e-01  [4331s]
step  15900  train 6.0251e-01  |g| 2.55e+00  [4367s]
step  16000  train 5.8593e-01  val 6.0686e-01  6d geo 1.947e-02 med 2.055e-02 p90 8.159e-02 (const 4.732e-02)  |g| 3.29e+00  [4409s]
           5d geo 1.618e-02 med 1.857e-02   postmu 6d geo 1.769e-02 med 1.849e-02 p90 8.078e-02   mu |dlog| 0.3424
           corr(identifiable)  mu=+0.73  D_div_mu=+0.93  T0_div_mu=+0.48  Ly=+0.49  op_x=+0.74  op_y=+0.83   mean spread/GT 0.85
           err share           mu=18%  D_div_mu=1%  T0_div_mu=3%  Ly=42%  op_x=22%  op_y=15%
step  16100  train 5.7552e-01  |g| 5.81e-01  [4454s]
step  16200  train 6.3871e-01  |g| 1.12e+00  [4491s]
step  16300  train 6.7495e-01  |g| 1.21e+00  [4529s]
step  16400  train 5.7924e-01  |g| 1.64e+00  [4567s]
step  16500  train 5.8794e-01  |g| 1.14e+00  [4601s]
step  16600  train 5.9460e-01  |g| 8.96e-01  [4635s]
step  16700  train 6.2014e-01  |g| 5.48e-01  [4669s]
step  16800  train 6.3184e-01  |g| 9.99e-01  [4705s]
step  16900  train 6.0859e-01  |g| 1.21e+00  [4745s]
step  17000  train 6.4315e-01  |g| 9.32e-01  [4783s]
step  17100  train 6.3284e-01  |g| 1.20e+00  [4820s]
step  17200  train 5.9087e-01  |g| 1.52e+00  [4858s]
step  17300  train 5.4877e-01  |g| 5.14e-01  [4902s]
step  17400  train 5.7408e-01  |g| 1.25e+00  [4943s]
step  17500  train 6.0203e-01  |g| 6.84e-01  [4980s]
step  17600  train 6.2575e-01  |g| 1.33e+00  [5019s]
step  17700  train 6.0680e-01  |g| 1.57e+00  [5056s]
step  17800  train 6.1348e-01  |g| 1.05e+00  [5095s]
step  17900  train 5.8475e-01  |g| 1.20e+00  [5131s]
step  18000  train 6.1922e-01  val 6.0258e-01  6d geo 1.737e-02 med 1.912e-02 p90 6.814e-02 (const 4.732e-02)  |g| 5.52e-01  [5170s]
           5d geo 1.553e-02 med 1.906e-02   postmu 6d geo 1.651e-02 med 1.874e-02 p90 6.823e-02   mu |dlog| 0.3061
           corr(identifiable)  mu=+0.76  D_div_mu=+0.93  T0_div_mu=+0.47  Ly=+0.59  op_x=+0.75  op_y=+0.85   mean spread/GT 0.86
           err share           mu=15%  D_div_mu=1%  T0_div_mu=3%  Ly=41%  op_x=26%  op_y=14%
step  18100  train 5.8842e-01  |g| 8.02e-01  [5212s]
step  18200  train 6.0398e-01  |g| 9.34e-01  [5252s]
step  18300  train 5.8364e-01  |g| 1.40e+00  [5291s]
step  18400  train 6.0537e-01  |g| 5.71e-01  [5327s]
step  18500  train 6.0256e-01  |g| 7.29e-01  [5367s]
step  18600  train 5.8328e-01  |g| 4.30e-01  [5406s]
step  18700  train 6.1021e-01  |g| 1.17e+00  [5444s]
step  18800  train 6.2398e-01  |g| 6.89e-01  [5482s]
step  18900  train 6.2495e-01  |g| 1.02e+00  [5522s]
step  19000  train 5.7504e-01  |g| 5.91e-01  [5558s]
step  19100  train 5.8621e-01  |g| 1.39e+00  [5594s]
step  19200  train 6.2042e-01  |g| 9.79e-01  [5634s]
step  19300  train 5.8206e-01  |g| 5.08e-01  [5671s]
step  19400  train 5.7442e-01  |g| 1.13e+00  [5707s]
step  19500  train 5.8276e-01  |g| 7.94e-01  [5744s]
step  19600  train 6.1030e-01  |g| 6.04e-01  [5781s]
step  19700  train 5.7965e-01  |g| 1.00e+00  [5817s]
step  19800  train 5.9463e-01  |g| 6.45e-01  [5852s]
step  19900  train 5.3352e-01  |g| 6.27e-01  [5886s]
step  20000  train 6.0241e-01  val 6.0539e-01  6d geo 1.581e-02 med 1.718e-02 p90 6.413e-02 (const 4.732e-02)  |g| 8.10e-01  [5922s]
           5d geo 1.465e-02 med 1.699e-02   postmu 6d geo 1.629e-02 med 1.771e-02 p90 6.311e-02   mu |dlog| 0.3179
           corr(identifiable)  mu=+0.75  D_div_mu=+0.94  T0_div_mu=+0.45  Ly=+0.64  op_x=+0.75  op_y=+0.80   mean spread/GT 0.80
           err share           mu=16%  D_div_mu=1%  T0_div_mu=3%  Ly=34%  op_x=28%  op_y=19%
step  20100  train 5.7236e-01  |g| 1.80e+00  [5960s]
step  20200  train 5.7362e-01  |g| 7.94e-01  [5995s]
step  20300  train 6.5327e-01  |g| 2.48e+00  [6031s]
step  20400  train 6.3201e-01  |g| 7.23e-01  [6069s]
step  20500  train 5.9709e-01  |g| 1.59e+00  [6104s]
step  20600  train 5.5881e-01  |g| 5.43e-01  [6145s]
step  20700  train 5.9616e-01  |g| 1.19e+00  [6186s]
step  20800  train 5.7187e-01  |g| 4.44e-01  [6225s]
step  20900  train 5.6328e-01  |g| 6.80e-01  [6262s]
step  21000  train 6.0218e-01  |g| 1.44e+00  [6300s]
step  21100  train 6.2094e-01  |g| 6.80e-01  [6339s]
Device cuda | loss L1_STFT | duration 0.25s
Loading train targets from data/train-100000-0.25s
Loading val targets from data/val-1000-0.25s
  100000 train / 1000 val in 205s   train tensor 4.41 GB
  training set held in host memory; batches transferred per step
reference levels:  gt_loss 1.2490e-05   saturation (unrelated IRs) 4.1935e+00
constant-predictor NMSE: 6d 4.732e-02  7d 7.948e-02  (the floor to beat)
training loss stuck near saturation = gradient uninformative; well below = learning

encoder: 3.74M params, width 32

  loss scale restored: 5.8004e+00
  optimizer state restored
  history continued from 201 rows, best so far 1.6286e-02
Resumed from results/ddsp/l1_stft_tgtnorm/encoder_last.pt at step 20000, continuing to 250000
/home/bhpark3/dafx_ddsp/src/ddsp/train_encoder.py:804: UserWarning: Detected call of `lr_scheduler.step()` before `optimizer.step()`. In PyTorch 1.1.0 and later, you should call them in the opposite order: `optimizer.step()` before `lr_scheduler.step()`.  Failure to do this will result in PyTorch skipping the first value of the learning rate schedule. See more details at https://pytorch.org/docs/stable/optim.html#how-to-adjust-learning-rate
  sched.step()
step  20100  train 6.1044e-01  |g| 4.29e-01  [39s]
step  20200  train 5.7865e-01  |g| 8.29e-01  [76s]
step  20300  train 6.0190e-01  |g| 1.57e+00  [111s]
step  20400  train 6.2963e-01  |g| 6.97e-01  [148s]
step  20500  train 5.7479e-01  |g| 7.33e-01  [183s]
step  20600  train 5.5663e-01  |g| 6.05e-01  [226s]
step  20700  train 5.4405e-01  |g| 7.57e-01  [266s]
step  20800  train 5.7204e-01  |g| 1.34e+00  [303s]
step  20900  train 5.8107e-01  |g| 5.24e-01  [342s]
step  21000  train 6.0938e-01  |g| 1.07e+00  [379s]
step  21100  train 5.7789e-01  |g| 6.71e-01  [418s]
step  21200  train 5.8593e-01  |g| 4.87e-01  [455s]
step  21300  train 6.2098e-01  |g| 1.39e+00  [491s]
step  21400  train 5.8260e-01  |g| 9.22e-01  [526s]
step  21500  train 6.1787e-01  |g| 1.65e+00  [563s]
step  21600  train 6.4399e-01  |g| 8.18e-01  [599s]
step  21700  train 6.4695e-01  |g| 7.72e-01  [633s]
step  21800  train 5.8923e-01  |g| 1.59e+00  [673s]
step  21900  train 5.8461e-01  |g| 1.10e+00  [715s]
step  22000  train 5.6047e-01  val 5.9066e-01  6d geo 1.583e-02 med 1.684e-02 p90 7.142e-02 (const 4.732e-02)  |g| 1.22e+00  [757s]
           5d geo 1.302e-02 med 1.578e-02   postmu 6d geo 1.442e-02 med 1.619e-02 p90 7.026e-02   mu |dlog| 0.3135
           corr(identifiable)  mu=+0.75  D_div_mu=+0.92  T0_div_mu=+0.47  Ly=+0.61  op_x=+0.75  op_y=+0.83   mean spread/GT 0.85
           err share           mu=17%  D_div_mu=1%  T0_div_mu=2%  Ly=38%  op_x=25%  op_y=16%
step  22100  train 5.9786e-01  |g| 7.53e-01  [806s]
step  22200  train 5.7482e-01  |g| 1.01e+00  [850s]
step  22300  train 5.7743e-01  |g| 6.60e-01  [890s]
step  22400  train 5.8921e-01  |g| 5.40e-01  [932s]
step  22500  train 6.0446e-01  |g| 1.06e+00  [970s]
step  22600  train 5.9720e-01  |g| 1.20e+00  [1008s]
step  22700  train 5.6764e-01  |g| 1.29e+00  [1049s]
step  22800  train 6.2188e-01  |g| 1.92e+00  [1091s]
step  22900  train 6.2565e-01  |g| 1.88e+00  [1127s]
step  23000  train 5.7284e-01  |g| 9.12e-01  [1166s]
step  23100  train 5.9967e-01  |g| 5.79e-01  [1202s]
step  23200  train 6.0279e-01  |g| 7.96e-01  [1237s]
step  23300  train 5.7854e-01  |g| 6.65e-01  [1274s]
step  23400  train 5.7767e-01  |g| 7.82e-01  [1312s]
step  23500  train 5.9216e-01  |g| 8.56e-01  [1348s]
step  23600  train 5.4591e-01  |g| 1.08e+00  [1387s]
step  23700  train 5.8529e-01  |g| 5.51e-01  [1422s]
step  23800  train 5.8774e-01  |g| 8.73e-01  [1462s]
step  23900  train 6.0614e-01  |g| 1.29e+00  [1502s]
step  24000  train 5.8470e-01  val 5.9998e-01  6d geo 1.779e-02 med 1.762e-02 p90 7.698e-02 (const 4.732e-02)  |g| 1.59e+00  [1540s]
           5d geo 1.471e-02 med 1.661e-02   postmu 6d geo 1.702e-02 med 1.727e-02 p90 7.958e-02   mu |dlog| 0.3092
           corr(identifiable)  mu=+0.77  D_div_mu=+0.95  T0_div_mu=+0.47  Ly=+0.68  op_x=+0.75  op_y=+0.78   mean spread/GT 0.87
           err share           mu=14%  D_div_mu=1%  T0_div_mu=2%  Ly=35%  op_x=24%  op_y=24%
step  24100  train 6.0627e-01  |g| 5.10e-01  [1581s]
step  24200  train 6.0608e-01  |g| 6.76e-01  [1619s]
step  24300  train 5.7867e-01  |g| 1.36e+00  [1656s]
step  24400  train 5.7267e-01  |g| 2.72e+00  [1693s]
step  24500  train 5.6603e-01  |g| 5.75e-01  [1731s]
step  24600  train 6.0020e-01  |g| 5.50e-01  [1767s]
step  24700  train 5.6558e-01  |g| 7.01e-01  [1803s]
step  24800  train 5.7000e-01  |g| 5.97e-01  [1839s]
step  24900  train 6.0131e-01  |g| 1.13e+00  [1873s]
step  25000  train 5.8269e-01  |g| 9.47e-01  [1908s]
step  25100  train 5.9889e-01  |g| 5.34e-01  [1946s]
step  25200  train 5.9310e-01  |g| 1.75e+00  [1986s]
step  25300  train 5.8949e-01  |g| 7.40e-01  [2023s]
step  25400  train 5.8198e-01  |g| 1.58e+00  [2062s]
step  25500  train 5.6706e-01  |g| 1.27e+00  [2103s]
step  25600  train 5.8417e-01  |g| 1.06e+00  [2142s]
step  25700  train 5.6105e-01  |g| 8.05e-01  [2180s]
step  25800  train 5.6434e-01  |g| 9.60e-01  [2220s]
step  25900  train 5.4832e-01  |g| 1.83e+00  [2259s]
step  26000  train 5.6138e-01  val 5.7948e-01  6d geo 1.415e-02 med 1.492e-02 p90 5.351e-02 (const 4.732e-02)  |g| 1.14e+00  [2297s]
           5d geo 1.139e-02 med 1.328e-02   postmu 6d geo 1.290e-02 med 1.441e-02 p90 5.301e-02   mu |dlog| 0.2907
           corr(identifiable)  mu=+0.78  D_div_mu=+0.95  T0_div_mu=+0.46  Ly=+0.68  op_x=+0.77  op_y=+0.85   mean spread/GT 0.86
           err share           mu=18%  D_div_mu=1%  T0_div_mu=2%  Ly=33%  op_x=28%  op_y=18%
step  26100  train 5.9528e-01  |g| 5.08e-01  [2339s]
step  26200  train 5.3779e-01  |g| 1.44e+00  [2379s]
step  26300  train 5.7922e-01  |g| 5.70e-01  [2416s]
step  26400  train 6.0141e-01  |g| 1.53e+00  [2452s]
step  26500  train 5.9522e-01  |g| 7.86e-01  [2488s]
step  26600  train 5.9040e-01  |g| 1.21e+00  [2524s]
step  26700  train 5.2521e-01  |g| 7.42e-01  [2562s]
step  26800  train 5.5332e-01  |g| 8.92e-01  [2599s]
step  26900  train 5.8966e-01  |g| 5.44e-01  [2637s]
step  27000  train 6.1050e-01  |g| 4.83e-01  [2679s]
step  27100  train 5.3968e-01  |g| 4.65e-01  [2717s]
step  27200  train 6.2239e-01  |g| 1.35e+00  [2756s]
step  27300  train 6.0410e-01  |g| 6.45e-01  [2797s]
step  27400  train 6.0560e-01  |g| 5.13e-01  [2840s]
step  27500  train 5.7826e-01  |g| 1.15e+00  [2882s]
step  27600  train 6.0178e-01  |g| 9.34e-01  [2923s]
step  27700  train 5.6505e-01  |g| 1.08e+00  [2961s]
step  27800  train 5.9092e-01  |g| 9.16e-01  [2999s]
step  27900  train 5.5001e-01  |g| 6.65e-01  [3036s]
step  28000  train 5.4372e-01  val 5.7750e-01  6d geo 1.251e-02 med 1.420e-02 p90 5.851e-02 (const 4.732e-02)  |g| 4.33e-01  [3070s]
           5d geo 1.130e-02 med 1.356e-02   postmu 6d geo 1.268e-02 med 1.431e-02 p90 5.886e-02   mu |dlog| 0.2888
           corr(identifiable)  mu=+0.78  D_div_mu=+0.96  T0_div_mu=+0.42  Ly=+0.61  op_x=+0.77  op_y=+0.87   mean spread/GT 0.84
           err share           mu=16%  D_div_mu=1%  T0_div_mu=3%  Ly=38%  op_x=27%  op_y=15%
step  28100  train 5.5303e-01  |g| 7.32e-01  [3113s]
step  28200  train 5.9353e-01  |g| 6.78e-01  [3150s]
step  28300  train 6.0331e-01  |g| 1.14e+00  [3187s]
step  28400  train 5.7866e-01  |g| 7.60e-01  [3223s]
step  28500  train 5.5222e-01  |g| 8.25e-01  [3260s]
step  28600  train 5.7140e-01  |g| 5.09e-01  [3297s]
step  28700  train 5.7801e-01  |g| 7.99e-01  [3331s]
step  28800  train 5.5139e-01  |g| 4.04e-01  [3368s]
step  28900  train 5.9748e-01  |g| 1.11e+00  [3404s]
step  29000  train 5.2164e-01  |g| 8.32e-01  [3442s]
step  29100  train 5.2942e-01  |g| 8.87e-01  [3481s]
step  29200  train 6.0513e-01  |g| 1.34e+00  [3518s]
step  29300  train 5.3319e-01  |g| 1.14e+00  [3559s]
step  29400  train 6.0514e-01  |g| 6.65e-01  [3598s]
step  29500  train 5.6115e-01  |g| 1.09e+00  [3638s]
step  29600  train 5.7388e-01  |g| 4.90e-01  [3680s]
step  29700  train 5.7851e-01  |g| 1.54e+00  [3721s]
step  29800  train 5.9827e-01  |g| 1.25e+00  [3764s]
step  29900  train 5.8140e-01  |g| 9.61e-01  [3806s]
step  30000  train 5.3982e-01  val 5.6677e-01  6d geo 1.314e-02 med 1.482e-02 p90 5.304e-02 (const 4.732e-02)  |g| 1.42e+00  [3846s]
           5d geo 1.156e-02 med 1.310e-02   postmu 6d geo 1.352e-02 med 1.484e-02 p90 5.290e-02   mu |dlog| 0.3028
           corr(identifiable)  mu=+0.78  D_div_mu=+0.96  T0_div_mu=+0.46  Ly=+0.73  op_x=+0.77  op_y=+0.86   mean spread/GT 0.86
           err share           mu=18%  D_div_mu=1%  T0_div_mu=2%  Ly=31%  op_x=31%  op_y=17%
step  30100  train 5.4067e-01  |g| 1.24e+00  [3891s]
step  30200  train 5.2816e-01  |g| 1.41e+00  [3933s]
step  30300  train 5.3325e-01  |g| 6.04e-01  [3974s]
step  30400  train 5.6218e-01  |g| 1.96e+00  [4019s]
step  30500  train 5.6956e-01  |g| 5.77e-01  [4057s]
step  30600  train 5.5763e-01  |g| 5.00e-01  [4098s]
step  30700  train 5.3724e-01  |g| 6.36e-01  [4141s]
step  30800  train 5.6175e-01  |g| 1.60e+00  [4183s]
step  30900  train 5.4900e-01  |g| 6.93e-01  [4226s]
step  31000  train 5.5789e-01  |g| 2.09e+00  [4270s]
step  31100  train 5.4544e-01  |g| 5.08e-01  [4317s]
step  31200  train 5.1185e-01  |g| 1.20e+00  [4365s]
step  31300  train 5.3828e-01  |g| 7.23e-01  [4408s]
step  31400  train 5.9804e-01  |g| 7.57e-01  [4451s]
step  31500  train 6.1632e-01  |g| 1.47e+00  [4495s]
step  31600  train 5.2972e-01  |g| 2.05e+00  [4543s]
step  31700  train 5.5509e-01  |g| 1.56e+00  [4584s]
step  31800  train 5.6006e-01  |g| 9.71e-01  [4626s]
step  31900  train 5.6230e-01  |g| 4.55e-01  [4670s]
step  32000  train 5.6052e-01  val 5.5637e-01  6d geo 1.010e-02 med 1.111e-02 p90 6.001e-02 (const 4.732e-02)  |g| 6.13e-01  [4713s]
           5d geo 9.006e-03 med 1.074e-02   postmu 6d geo 9.872e-03 med 1.161e-02 p90 6.155e-02   mu |dlog| 0.2360
           corr(identifiable)  mu=+0.81  D_div_mu=+0.96  T0_div_mu=+0.49  Ly=+0.75  op_x=+0.77  op_y=+0.88   mean spread/GT 0.83
           err share           mu=15%  D_div_mu=1%  T0_div_mu=3%  Ly=34%  op_x=32%  op_y=15%
step  32100  train 5.7351e-01  |g| 6.93e-01  [4763s]
step  32200  train 5.3961e-01  |g| 1.06e+00  [4807s]
step  32300  train 5.8057e-01  |g| 5.71e-01  [4854s]
step  32400  train 5.2176e-01  |g| 1.08e+00  [4904s]
step  32500  train 5.5580e-01  |g| 7.73e-01  [4951s]
step  32600  train 5.5458e-01  |g| 9.52e-01  [4996s]
step  32700  train 5.6043e-01  |g| 7.24e-01  [5037s]
step  32800  train 5.4921e-01  |g| 7.09e-01  [5083s]
step  32900  train 5.7597e-01  |g| 5.92e-01  [5126s]
step  33000  train 5.7909e-01  |g| 7.53e-01  [5168s]
step  33100  train 5.4421e-01  |g| 1.13e+00  [5211s]
step  33200  train 5.3355e-01  |g| 5.32e-01  [5253s]
step  33300  train 5.9242e-01  |g| 7.14e-01  [5295s]
step  33400  train 5.6936e-01  |g| 6.52e-01  [5336s]
step  33500  train 5.3188e-01  |g| 7.14e-01  [5377s]
step  33600  train 5.9847e-01  |g| 1.18e+00  [5421s]
step  33700  train 5.7856e-01  |g| 6.06e-01  [5466s]
step  33800  train 5.3946e-01  |g| 1.50e+00  [5512s]
step  33900  train 5.3148e-01  |g| 3.28e-01  [5553s]
step  34000  train 5.1808e-01  val 5.4793e-01  6d geo 8.236e-03 med 8.612e-03 p90 4.863e-02 (const 4.732e-02)  |g| 4.23e-01  [5594s]
           5d geo 7.001e-03 med 7.555e-03   postmu 6d geo 8.272e-03 med 8.541e-03 p90 5.144e-02   mu |dlog| 0.2461
           corr(identifiable)  mu=+0.82  D_div_mu=+0.96  T0_div_mu=+0.50  Ly=+0.77  op_x=+0.79  op_y=+0.89   mean spread/GT 0.85
           err share           mu=17%  D_div_mu=1%  T0_div_mu=2%  Ly=32%  op_x=32%  op_y=16%
step  34100  train 5.4375e-01  |g| 1.07e+00  [5640s]
step  34200  train 5.5490e-01  |g| 1.22e+00  [5681s]
step  34300  train 6.1282e-01  |g| 1.42e+00  [5723s]
step  34400  train 5.2459e-01  |g| 1.45e+00  [5766s]
step  34500  train 5.7322e-01  |g| 9.05e-01  [5809s]
step  34600  train 5.6423e-01  |g| 5.86e-01  [5857s]
step  34700  train 5.4179e-01  |g| 6.92e-01  [5902s]
step  34800  train 5.7162e-01  |g| 9.55e-01  [5948s]
step  34900  train 5.2894e-01  |g| 6.11e-01  [5991s]
step  35000  train 5.6119e-01  |g| 5.67e-01  [6036s]
step  35100  train 5.2354e-01  |g| 1.35e+00  [6084s]
step  35200  train 5.5827e-01  |g| 1.31e+00  [6130s]
step  35300  train 5.2579e-01  |g| 1.61e+00  [6173s]
step  35400  train 5.4030e-01  |g| 1.67e+00  [6218s]
step  35500  train 5.1904e-01  |g| 1.11e+00  [6261s]
step  35600  train 5.7008e-01  |g| 1.01e+00  [6303s]
step  35700  train 4.9649e-01  |g| 1.06e+00  [6347s]
step  35800  train 5.4416e-01  |g| 9.38e-01  [6393s]
step  35900  train 5.0586e-01  |g| 6.28e-01  [6435s]
step  36000  train 5.0413e-01  val 5.4010e-01  6d geo 8.137e-03 med 8.303e-03 p90 4.820e-02 (const 4.732e-02)  |g| 6.19e-01  [6479s]
           5d geo 6.975e-03 med 7.245e-03   postmu 6d geo 8.311e-03 med 8.425e-03 p90 4.757e-02   mu |dlog| 0.2431
           corr(identifiable)  mu=+0.81  D_div_mu=+0.97  T0_div_mu=+0.50  Ly=+0.76  op_x=+0.80  op_y=+0.89   mean spread/GT 0.87
           err share           mu=19%  D_div_mu=0%  T0_div_mu=2%  Ly=32%  op_x=30%  op_y=16%
step  36100  train 4.8773e-01  |g| 6.70e-01  [6526s]
step  36200  train 5.9011e-01  |g| 5.23e-01  [6567s]
step  36300  train 6.1696e-01  |g| 5.61e-01  [6608s]
step  36400  train 5.0409e-01  |g| 6.58e-01  [6650s]
step  36500  train 5.1297e-01  |g| 1.50e+00  [6693s]
step  36600  train 5.3749e-01  |g| 7.46e-01  [6735s]
step  36700  train 5.5422e-01  |g| 1.33e+00  [6777s]
step  36800  train 5.4863e-01  |g| 8.06e-01  [6821s]
step  36900  train 5.2867e-01  |g| 4.71e-01  [6867s]
step  37000  train 5.7036e-01  |g| 1.97e+00  [6912s]
step  37100  train 5.8729e-01  |g| 1.19e+00  [6957s]
step  37200  train 5.2146e-01  |g| 1.71e+00  [7006s]
step  37300  train 5.0129e-01  |g| 5.55e-01  [7047s]
step  37400  train 5.1403e-01  |g| 1.75e+00  [7091s]
step  37500  train 5.1692e-01  |g| 5.91e-01  [7135s]
step  37600  train 5.5705e-01  |g| 5.33e-01  [7182s]
step  37700  train 5.4356e-01  |g| 1.63e+00  [7229s]
step  37800  train 5.3842e-01  |g| 1.33e+00  [7277s]
step  37900  train 5.1874e-01  |g| 1.55e+00  [7325s]
step  38000  train 5.5041e-01  val 5.2710e-01  6d geo 6.950e-03 med 7.278e-03 p90 4.522e-02 (const 4.732e-02)  |g| 7.20e-01  [7370s]
           5d geo 5.486e-03 med 6.284e-03   postmu 6d geo 6.321e-03 med 6.975e-03 p90 4.458e-02   mu |dlog| 0.2116
           corr(identifiable)  mu=+0.83  D_div_mu=+0.97  T0_div_mu=+0.51  Ly=+0.79  op_x=+0.81  op_y=+0.90   mean spread/GT 0.88
           err share           mu=19%  D_div_mu=1%  T0_div_mu=3%  Ly=31%  op_x=31%  op_y=15%
step  38100  train 5.0836e-01  |g| 9.46e-01  [7418s]
step  38200  train 5.4359e-01  |g| 1.11e+00  [7462s]
step  38300  train 4.9626e-01  |g| 3.69e-01  [7506s]
step  38400  train 5.3317e-01  |g| 1.08e+00  [7550s]
step  38500  train 5.4256e-01  |g| 1.68e+00  [7596s]
step  38600  train 5.0447e-01  |g| 7.05e-01  [7641s]
step  38700  train 5.4408e-01  |g| 1.36e+00  [7685s]
step  38800  train 5.3128e-01  |g| 8.94e-01  [7734s]
step  38900  train 5.6737e-01  |g| 8.06e-01  [7777s]
step  39000  train 5.2384e-01  |g| 1.48e+00  [7817s]
step  39100  train 5.2746e-01  |g| 6.33e-01  [7858s]
step  39200  train 5.5151e-01  |g| 6.05e-01  [7898s]
step  39300  train 5.1994e-01  |g| 4.07e-01  [7937s]
step  39400  train 5.1564e-01  |g| 9.70e-01  [7983s]
step  39500  train 5.1635e-01  |g| 1.88e+00  [8026s]
step  39600  train 5.5312e-01  |g| 7.80e-01  [8066s]
step  39700  train 5.1301e-01  |g| 5.66e-01  [8109s]
step  39800  train 5.5188e-01  |g| 1.22e+00  [8153s]
step  39900  train 4.7458e-01  |g| 4.13e-01  [8194s]
step  40000  train 5.4122e-01  val 5.3101e-01  6d geo 7.605e-03 med 7.435e-03 p90 4.194e-02 (const 4.732e-02)  |g| 4.47e-01  [8235s]
           5d geo 5.869e-03 med 6.137e-03   postmu 6d geo 6.705e-03 med 6.714e-03 p90 4.095e-02   mu |dlog| 0.1941
           corr(identifiable)  mu=+0.85  D_div_mu=+0.97  T0_div_mu=+0.51  Ly=+0.83  op_x=+0.81  op_y=+0.92   mean spread/GT 0.88
           err share           mu=20%  D_div_mu=1%  T0_div_mu=3%  Ly=30%  op_x=34%  op_y=13%
step  40100  train 5.0529e-01  |g| 6.30e-01  [8278s]
step  40200  train 5.0040e-01  |g| 1.14e+00  [8318s]
step  40300  train 5.6775e-01  |g| 1.08e+00  [8359s]
step  40400  train 5.5696e-01  |g| 6.02e-01  [8399s]
step  40500  train 5.2364e-01  |g| 7.17e-01  [8434s]
step  40600  train 4.8074e-01  |g| 5.55e-01  [8471s]
step  40700  train 5.2023e-01  |g| 9.04e-01  [8508s]
step  40800  train 5.2095e-01  |g| 6.76e-01  [8546s]
step  40900  train 5.0856e-01  |g| 9.58e-01  [8584s]
step  41000  train 5.2302e-01  |g| 7.20e-01  [8624s]
step  41100  train 5.5407e-01  |g| 6.09e-01  [8664s]
step  41200  train 5.2891e-01  |g| 1.11e+00  [8706s]
step  41300  train 5.5591e-01  |g| 1.06e+00  [8750s]
step  41400  train 5.1526e-01  |g| 1.64e+00  [8791s]
step  41500  train 4.9572e-01  |g| 9.55e-01  [8831s]
step  41600  train 5.0122e-01  |g| 7.41e-01  [8872s]
step  41700  train 5.1990e-01  |g| 1.70e+00  [8912s]
step  41800  train 4.7285e-01  |g| 1.50e+00  [8955s]
step  41900  train 5.1597e-01  |g| 1.03e+00  [8998s]
step  42000  train 5.1660e-01  val 5.2411e-01  6d geo 5.272e-03 med 5.291e-03 p90 3.540e-02 (const 4.732e-02)  |g| 1.09e+00  [9040s]
           5d geo 4.313e-03 med 4.419e-03   postmu 6d geo 5.432e-03 med 5.328e-03 p90 3.739e-02   mu |dlog| 0.1930
           corr(identifiable)  mu=+0.85  D_div_mu=+0.97  T0_div_mu=+0.53  Ly=+0.84  op_x=+0.82  op_y=+0.93   mean spread/GT 0.87
           err share           mu=20%  D_div_mu=1%  T0_div_mu=3%  Ly=27%  op_x=36%  op_y=13%
step  42100  train 4.9770e-01  |g| 8.81e-01  [9081s]
step  42200  train 4.6683e-01  |g| 6.15e-01  [9121s]
step  42300  train 5.1199e-01  |g| 1.09e+00  [9164s]
step  42400  train 5.3416e-01  |g| 1.26e+00  [9205s]
step  42500  train 4.7852e-01  |g| 1.50e+00  [9245s]
step  42600  train 4.8223e-01  |g| 6.93e-01  [9287s]
step  42700  train 5.5592e-01  |g| 7.05e-01  [9330s]
step  42800  train 4.7650e-01  |g| 9.72e-01  [9373s]
step  42900  train 5.5677e-01  |g| 9.08e-01  [9415s]
step  43000  train 4.9494e-01  |g| 1.14e+00  [9460s]
step  43100  train 5.5985e-01  |g| 9.82e-01  [9504s]
step  43200  train 4.9400e-01  |g| 2.00e+00  [9550s]
step  43300  train 5.3885e-01  |g| 8.98e-01  [9593s]
step  43400  train 4.8114e-01  |g| 1.41e+00  [9637s]
step  43500  train 5.1012e-01  |g| 1.09e+00  [9676s]
step  43600  train 5.0623e-01  |g| 6.88e-01  [9715s]
step  43700  train 5.3791e-01  |g| 1.07e+00  [9755s]
step  43800  train 4.9398e-01  |g| 4.90e-01  [9792s]
step  43900  train 5.5430e-01  |g| 8.36e-01  [9831s]
step  44000  train 4.7193e-01  val 5.0530e-01  6d geo 5.901e-03 med 5.561e-03 p90 3.658e-02 (const 4.732e-02)  |g| 9.39e-01  [9872s]
           5d geo 4.085e-03 med 4.215e-03   postmu 6d geo 5.199e-03 med 5.045e-03 p90 3.522e-02   mu |dlog| 0.2021
           corr(identifiable)  mu=+0.87  D_div_mu=+0.98  T0_div_mu=+0.54  Ly=+0.86  op_x=+0.81  op_y=+0.93   mean spread/GT 0.89
           err share           mu=22%  D_div_mu=1%  T0_div_mu=3%  Ly=25%  op_x=38%  op_y=13%
step  44100  train 5.0079e-01  |g| 9.77e-01  [9917s]
step  44200  train 5.1655e-01  |g| 9.92e-01  [9957s]
step  44300  train 5.3265e-01  |g| 7.12e-01  [9998s]
step  44400  train 5.2613e-01  |g| 1.53e+00  [10038s]
step  44500  train 4.7295e-01  |g| 4.14e-01  [10077s]
step  44600  train 5.0217e-01  |g| 7.46e-01  [10118s]
step  44700  train 5.0778e-01  |g| 1.13e+00  [10154s]
step  44800  train 5.0571e-01  |g| 7.40e-01  [10194s]
step  44900  train 5.0593e-01  |g| 7.16e-01  [10233s]
step  45000  train 5.5309e-01  |g| 1.38e+00  [10273s]
step  45100  train 5.3630e-01  |g| 1.47e+00  [10314s]
step  45200  train 5.1449e-01  |g| 1.53e+00  [10356s]
step  45300  train 4.7226e-01  |g| 5.29e-01  [10400s]
step  45400  train 4.6592e-01  |g| 5.56e-01  [10442s]
step  45500  train 4.6586e-01  |g| 7.38e-01  [10485s]
step  45600  train 4.7559e-01  |g| 1.05e+00  [10525s]
step  45700  train 4.8240e-01  |g| 1.13e+00  [10566s]
step  45800  train 5.1872e-01  |g| 7.43e-01  [10608s]
step  45900  train 5.0942e-01  |g| 1.25e+00  [10649s]
step  46000  train 5.0030e-01  val 4.9629e-01  6d geo 4.731e-03 med 4.269e-03 p90 3.466e-02 (const 4.732e-02)  |g| 1.47e+00  [10691s]
           5d geo 3.582e-03 med 3.705e-03   postmu 6d geo 4.504e-03 med 4.136e-03 p90 3.365e-02   mu |dlog| 0.1805
           corr(identifiable)  mu=+0.87  D_div_mu=+0.98  T0_div_mu=+0.56  Ly=+0.86  op_x=+0.82  op_y=+0.93   mean spread/GT 0.88
           err share           mu=20%  D_div_mu=0%  T0_div_mu=3%  Ly=25%  op_x=39%  op_y=13%
step  46100  train 5.5168e-01  |g| 7.97e-01  [10740s]
step  46200  train 4.8740e-01  |g| 6.64e-01  [10785s]
step  46300  train 5.0743e-01  |g| 6.64e-01  [10827s]
step  46400  train 5.7454e-01  |g| 1.05e+00  [10869s]
step  46500  train 5.0564e-01  |g| 9.21e-01  [10915s]
step  46600  train 5.2230e-01  |g| 1.92e+00  [10961s]
step  46700  train 4.7619e-01  |g| 5.61e-01  [11002s]
step  46800  train 5.0682e-01  |g| 1.12e+00  [11044s]
step  46900  train 5.1382e-01  |g| 1.35e+00  [11086s]
step  47000  train 4.9493e-01  |g| 9.46e-01  [11129s]
step  47100  train 4.7488e-01  |g| 9.33e-01  [11173s]
step  47200  train 4.9540e-01  |g| 6.80e-01  [11217s]
step  47300  train 4.7118e-01  |g| 5.56e-01  [11263s]
step  47400  train 4.9255e-01  |g| 1.16e+00  [11307s]
step  47500  train 4.6252e-01  |g| 9.76e-01  [11348s]
step  47600  train 4.8089e-01  |g| 8.84e-01  [11391s]
step  47700  train 4.9694e-01  |g| 7.61e-01  [11433s]
step  47800  train 4.8720e-01  |g| 1.11e+00  [11475s]
step  47900  train 4.9898e-01  |g| 6.84e-01  [11520s]
step  48000  train 4.9690e-01  val 4.9208e-01  6d geo 4.267e-03 med 4.268e-03 p90 3.254e-02 (const 4.732e-02)  |g| 1.27e+00  [11562s]
           5d geo 3.319e-03 med 3.317e-03   postmu 6d geo 4.205e-03 med 3.946e-03 p90 3.217e-02   mu |dlog| 0.1619
           corr(identifiable)  mu=+0.87  D_div_mu=+0.98  T0_div_mu=+0.55  Ly=+0.89  op_x=+0.82  op_y=+0.94   mean spread/GT 0.87
           err share           mu=21%  D_div_mu=0%  T0_div_mu=3%  Ly=23%  op_x=41%  op_y=12%
step  48100  train 4.9181e-01  |g| 6.92e-01  [11610s]
step  48200  train 5.2023e-01  |g| 6.49e-01  [11653s]
step  48300  train 4.9496e-01  |g| 1.25e+00  [11695s]
step  48400  train 4.8050e-01  |g| 1.10e+00  [11741s]
step  48500  train 4.7264e-01  |g| 8.88e-01  [11788s]
step  48600  train 4.7486e-01  |g| 8.40e-01  [11836s]
step  48700  train 4.8059e-01  |g| 7.24e-01  [11886s]
step  48800  train 4.7578e-01  |g| 6.27e-01  [11935s]
step  48900  train 5.3241e-01  |g| 7.68e-01  [11982s]
step  49000  train 5.2372e-01  |g| 8.79e-01  [12027s]
step  49100  train 4.7325e-01  |g| 1.20e+00  [12074s]
step  49200  train 4.9688e-01  |g| 7.60e-01  [12120s]
step  49300  train 4.7819e-01  |g| 9.30e-01  [12168s]
step  49400  train 4.8031e-01  |g| 9.78e-01  [12217s]
step  49500  train 4.6995e-01  |g| 1.13e+00  [12263s]
step  49600  train 4.4376e-01  |g| 9.59e-01  [12309s]
step  49700  train 4.9014e-01  |g| 1.20e+00  [12354s]
step  49800  train 5.1073e-01  |g| 8.35e-01  [12396s]
step  49900  train 4.6013e-01  |g| 7.14e-01  [12436s]
step  50000  train 4.6442e-01  val 4.8121e-01  6d geo 4.129e-03 med 3.824e-03 p90 3.463e-02 (const 4.732e-02)  |g| 5.55e-01  [12480s]
           5d geo 2.880e-03 med 2.670e-03   postmu 6d geo 3.615e-03 med 3.332e-03 p90 3.375e-02   mu |dlog| 0.1667
           corr(identifiable)  mu=+0.87  D_div_mu=+0.98  T0_div_mu=+0.56  Ly=+0.88  op_x=+0.82  op_y=+0.94   mean spread/GT 0.87
           err share           mu=20%  D_div_mu=0%  T0_div_mu=2%  Ly=24%  op_x=40%  op_y=13%
step  50100  train 4.7104e-01  |g| 1.69e+00  [12529s]
step  50200  train 5.0944e-01  |g| 1.82e+00  [12575s]
step  50300  train 4.9653e-01  |g| 1.43e+00  [12622s]
step  50400  train 5.0106e-01  |g| 5.85e-01  [12666s]
step  50500  train 4.4789e-01  |g| 1.03e+00  [12708s]
step  50600  train 4.7023e-01  |g| 8.14e-01  [12750s]
step  50700  train 4.7364e-01  |g| 6.36e-01  [12798s]
step  50800  train 5.0997e-01  |g| 8.21e-01  [12842s]
step  50900  train 4.8838e-01  |g| 9.80e-01  [12891s]
step  51000  train 4.7007e-01  |g| 1.03e+00  [12939s]
step  51100  train 4.7232e-01  |g| 1.89e+00  [12986s]
step  51200  train 5.0489e-01  |g| 6.36e-01  [13032s]
step  51300  train 4.7782e-01  |g| 8.69e-01  [13079s]
step  51400  train 4.7395e-01  |g| 2.21e+00  [13123s]
step  51500  train 4.7977e-01  |g| 1.05e+00  [13167s]
step  51600  train 4.8074e-01  |g| 1.01e+00  [13214s]
step  51700  train 5.0243e-01  |g| 7.45e-01  [13262s]
step  51800  train 4.7151e-01  |g| 7.39e-01  [13307s]
step  51900  train 4.4052e-01  |g| 6.18e-01  [13351s]
step  52000  train 4.8786e-01  val 4.7887e-01  6d geo 4.260e-03 med 3.744e-03 p90 4.099e-02 (const 4.732e-02)  |g| 8.56e-01  [13397s]
           5d geo 3.122e-03 med 2.824e-03   postmu 6d geo 4.078e-03 med 3.575e-03 p90 4.067e-02   mu |dlog| 0.1588
           corr(identifiable)  mu=+0.85  D_div_mu=+0.98  T0_div_mu=+0.56  Ly=+0.84  op_x=+0.83  op_y=+0.93   mean spread/GT 0.87
           err share           mu=20%  D_div_mu=0%  T0_div_mu=3%  Ly=29%  op_x=35%  op_y=13%
step  52100  train 4.8983e-01  |g| 1.68e+00  [13447s]
step  52200  train 4.7743e-01  |g| 1.50e+00  [13492s]
step  52300  train 4.7786e-01  |g| 1.29e+00  [13539s]
step  52400  train 4.6264e-01  |g| 1.45e+00  [13588s]
step  52500  train 5.1772e-01  |g| 5.46e-01  [13635s]
step  52600  train 4.9756e-01  |g| 1.78e+00  [13683s]
step  52700  train 4.9535e-01  |g| 6.12e-01  [13726s]
step  52800  train 4.7731e-01  |g| 1.10e+00  [13773s]
step  52900  train 5.0477e-01  |g| 9.74e-01  [13822s]
step  53000  train 4.9829e-01  |g| 1.36e+00  [13869s]
step  53100  train 4.5259e-01  |g| 1.65e+00  [13913s]
step  53200  train 5.1745e-01  |g| 1.68e+00  [13962s]
step  53300  train 4.7074e-01  |g| 8.84e-01  [14011s]
step  53400  train 4.3797e-01  |g| 1.19e+00  [14059s]
step  53500  train 4.6884e-01  |g| 7.56e-01  [14105s]
step  53600  train 4.5694e-01  |g| 1.01e+00  [14152s]
step  53700  train 4.7237e-01  |g| 6.88e-01  [14199s]
step  53800  train 4.3823e-01  |g| 8.58e-01  [14244s]
step  53900  train 4.8491e-01  |g| 7.19e-01  [14288s]
step  54000  train 4.9494e-01  val 4.7722e-01  6d geo 3.377e-03 med 2.993e-03 p90 3.574e-02 (const 4.732e-02)  |g| 8.71e-01  [14330s]
           5d geo 2.522e-03 med 2.179e-03   postmu 6d geo 3.398e-03 med 3.146e-03 p90 3.626e-02   mu |dlog| 0.1679
           corr(identifiable)  mu=+0.88  D_div_mu=+0.97  T0_div_mu=+0.58  Ly=+0.88  op_x=+0.84  op_y=+0.94   mean spread/GT 0.87
           err share           mu=21%  D_div_mu=0%  T0_div_mu=3%  Ly=25%  op_x=39%  op_y=13%
step  54100  train 4.5589e-01  |g| 1.42e+00  [14373s]
step  54200  train 4.6362e-01  |g| 1.11e+00  [14415s]
step  54300  train 4.6275e-01  |g| 8.59e-01  [14461s]
step  54400  train 4.8214e-01  |g| 8.41e-01  [14506s]
step  54500  train 4.3659e-01  |g| 6.55e-01  [14554s]
step  54600  train 4.6552e-01  |g| 7.66e-01  [14600s]
step  54700  train 4.6693e-01  |g| 6.90e-01  [14639s]
step  54800  train 4.7948e-01  |g| 1.04e+00  [14680s]
step  54900  train 4.3198e-01  |g| 8.09e-01  [14722s]
step  55000  train 4.4666e-01  |g| 7.60e-01  [14769s]
step  55100  train 4.6308e-01  |g| 6.82e-01  [14813s]
step  55200  train 4.6354e-01  |g| 1.37e+00  [14854s]
step  55300  train 4.7946e-01  |g| 1.17e+00  [14897s]
step  55400  train 4.5540e-01  |g| 9.97e-01  [14941s]
step  55500  train 4.6956e-01  |g| 1.46e+00  [14988s]
step  55600  train 4.6736e-01  |g| 1.40e+00  [15034s]
step  55700  train 4.2280e-01  |g| 6.56e-01  [15080s]
step  55800  train 5.0021e-01  |g| 2.83e+00  [15123s]
step  55900  train 4.7852e-01  |g| 7.68e-01  [15166s]
step  56000  train 4.9202e-01  val 4.7172e-01  6d geo 3.012e-03 med 2.527e-03 p90 2.986e-02 (const 4.732e-02)  |g| 8.24e-01  [15205s]
           5d geo 2.138e-03 med 1.780e-03   postmu 6d geo 2.667e-03 med 2.371e-03 p90 2.957e-02   mu |dlog| 0.1236
           corr(identifiable)  mu=+0.90  D_div_mu=+0.98  T0_div_mu=+0.58  Ly=+0.90  op_x=+0.84  op_y=+0.94   mean spread/GT 0.85
           err share           mu=19%  D_div_mu=0%  T0_div_mu=3%  Ly=22%  op_x=42%  op_y=13%
step  56100  train 4.7365e-01  |g| 1.78e+00  [15250s]
step  56200  train 4.2873e-01  |g| 8.12e-01  [15291s]
step  56300  train 4.3727e-01  |g| 2.51e+00  [15336s]
step  56400  train 4.2785e-01  |g| 6.56e-01  [15382s]
step  56500  train 4.7101e-01  |g| 7.58e-01  [15430s]
step  56600  train 4.9806e-01  |g| 7.16e-01  [15477s]
step  56700  train 4.5886e-01  |g| 9.69e-01  [15518s]
step  56800  train 4.1648e-01  |g| 1.20e+00  [15558s]
step  56900  train 4.1727e-01  |g| 9.96e-01  [15603s]
step  57000  train 4.3099e-01  |g| 1.35e+00  [15647s]
step  57100  train 4.2489e-01  |g| 5.89e-01  [15691s]
step  57200  train 4.2911e-01  |g| 9.95e-01  [15739s]
step  57300  train 4.6758e-01  |g| 9.72e-01  [15789s]
step  57400  train 4.3893e-01  |g| 6.63e-01  [15836s]
step  57500  train 4.6966e-01  |g| 5.08e-01  [15887s]
step  57600  train 4.5748e-01  |g| 1.24e+00  [15937s]
step  57700  train 4.5965e-01  |g| 1.19e+00  [15987s]
step  57800  train 4.7606e-01  |g| 1.81e+00  [16033s]
step  57900  train 4.3558e-01  |g| 9.82e-01  [16079s]
step  58000  train 4.6296e-01  val 4.6457e-01  6d geo 2.865e-03 med 2.565e-03 p90 3.081e-02 (const 4.732e-02)  |g| 1.30e+00  [16129s]
           5d geo 1.895e-03 med 1.551e-03   postmu 6d geo 2.607e-03 med 2.245e-03 p90 2.924e-02   mu |dlog| 0.1323
           corr(identifiable)  mu=+0.88  D_div_mu=+0.98  T0_div_mu=+0.58  Ly=+0.89  op_x=+0.86  op_y=+0.94   mean spread/GT 0.87
           err share           mu=21%  D_div_mu=0%  T0_div_mu=3%  Ly=26%  op_x=37%  op_y=13%
step  58100  train 4.9070e-01  |g| 1.18e+00  [16182s]
step  58200  train 4.5221e-01  |g| 1.00e+00  [16231s]
step  58300  train 5.2191e-01  |g| 9.27e-01  [16278s]
step  58400  train 4.7643e-01  |g| 1.41e+00  [16327s]
step  58500  train 4.4384e-01  |g| 7.38e-01  [16372s]
step  58600  train 4.2624e-01  |g| 1.12e+00  [16422s]
step  58700  train 4.6776e-01  |g| 1.54e+00  [16469s]
step  58800  train 4.6364e-01  |g| 1.28e+00  [16516s]
step  58900  train 4.3629e-01  |g| 6.20e-01  [16563s]
step  59000  train 4.4496e-01  |g| 7.84e-01  [16614s]
step  59100  train 4.2698e-01  |g| 7.61e-01  [16663s]
step  59200  train 4.5686e-01  |g| 7.37e-01  [16713s]
step  59300  train 4.6190e-01  |g| 6.10e-01  [16758s]
step  59400  train 4.6221e-01  |g| 9.31e-01  [16805s]
step  59500  train 4.6901e-01  |g| 1.38e+00  [16850s]
step  59600  train 4.7400e-01  |g| 4.39e-01  [16894s]
step  59700  train 4.7626e-01  |g| 8.12e-01  [16936s]
step  59800  train 4.4816e-01  |g| 7.35e-01  [16978s]
step  59900  train 4.3558e-01  |g| 6.24e-01  [17023s]
step  60000  train 4.2981e-01  val 4.5132e-01  6d geo 2.513e-03 med 2.242e-03 p90 3.031e-02 (const 4.732e-02)  |g| 6.90e-01  [17064s]
           5d geo 1.891e-03 med 1.623e-03   postmu 6d geo 2.531e-03 med 2.245e-03 p90 2.947e-02   mu |dlog| 0.1237
           corr(identifiable)  mu=+0.89  D_div_mu=+0.98  T0_div_mu=+0.59  Ly=+0.90  op_x=+0.87  op_y=+0.95   mean spread/GT 0.87
           err share           mu=20%  D_div_mu=1%  T0_div_mu=3%  Ly=26%  op_x=37%  op_y=13%
step  60100  train 4.2758e-01  |g| 9.66e-01  [17113s]
step  60200  train 4.6755e-01  |g| 1.58e+00  [17160s]
step  60300  train 4.8691e-01  |g| 1.50e+00  [17208s]
step  60400  train 4.9230e-01  |g| 8.03e-01  [17253s]
step  60500  train 4.6600e-01  |g| 1.37e+00  [17304s]
step  60600  train 4.2628e-01  |g| 5.77e-01  [17348s]
step  60700  train 4.9707e-01  |g| 1.01e+00  [17394s]
step  60800  train 4.3579e-01  |g| 1.44e+00  [17439s]
step  60900  train 4.5207e-01  |g| 7.73e-01  [17484s]
step  61000  train 4.5325e-01  |g| 1.05e+00  [17532s]
step  61100  train 4.8658e-01  |g| 1.47e+00  [17583s]
step  61200  train 4.3956e-01  |g| 8.07e-01  [17636s]
step  61300  train 4.6678e-01  |g| 6.44e-01  [17688s]
step  61400  train 5.3161e-01  |g| 1.06e+00  [17739s]
step  61500  train 4.8766e-01  |g| 1.18e+00  [17790s]
step  61600  train 4.2257e-01  |g| 7.35e-01  [17838s]
step  61700  train 4.7908e-01  |g| 2.76e+00  [17886s]
step  61800  train 4.2448e-01  |g| 6.53e-01  [17936s]
step  61900  train 4.3184e-01  |g| 1.65e+00  [17986s]
step  62000  train 4.3040e-01  val 4.4779e-01  6d geo 2.344e-03 med 2.055e-03 p90 2.883e-02 (const 4.732e-02)  |g| 7.88e-01  [18034s]
           5d geo 1.790e-03 med 1.577e-03   postmu 6d geo 2.367e-03 med 2.090e-03 p90 2.910e-02   mu |dlog| 0.1084
           corr(identifiable)  mu=+0.89  D_div_mu=+0.98  T0_div_mu=+0.59  Ly=+0.90  op_x=+0.88  op_y=+0.95   mean spread/GT 0.86
           err share           mu=19%  D_div_mu=0%  T0_div_mu=3%  Ly=27%  op_x=36%  op_y=14%
step  62100  train 4.4526e-01  |g| 1.01e+00  [18087s]
step  62200  train 4.5432e-01  |g| 2.18e+00  [18134s]
step  62300  train 4.7109e-01  |g| 8.97e-01  [18181s]
step  62400  train 4.3445e-01  |g| 9.95e-01  [18227s]
step  62500  train 4.9757e-01  |g| 7.09e-01  [18275s]
step  62600  train 4.3396e-01  |g| 1.29e+00  [18321s]
step  62700  train 4.2227e-01  |g| 1.21e+00  [18368s]
step  62800  train 4.8503e-01  |g| 1.02e+00  [18419s]
step  62900  train 4.5287e-01  |g| 9.00e-01  [18468s]
step  63000  train 4.1958e-01  |g| 8.87e-01  [18517s]
step  63100  train 4.9893e-01  |g| 1.25e+00  [18566s]
step  63200  train 4.3551e-01  |g| 9.92e-01  [18613s]
step  63300  train 4.7037e-01  |g| 1.12e+00  [18661s]
step  63400  train 4.2937e-01  |g| 1.44e+00  [18706s]
step  63500  train 4.6733e-01  |g| 8.45e-01  [18750s]
step  63600  train 4.6377e-01  |g| 8.21e-01  [18792s]
step  63700  train 4.2460e-01  |g| 7.72e-01  [18834s]
step  63800  train 4.6202e-01  |g| 1.01e+00  [18880s]
step  63900  train 4.4700e-01  |g| 1.00e+00  [18924s]
step  64000  train 4.3352e-01  val 4.4170e-01  6d geo 2.129e-03 med 1.701e-03 p90 2.590e-02 (const 4.732e-02)  |g| 1.51e+00  [18968s]
           5d geo 1.457e-03 med 1.117e-03   postmu 6d geo 2.005e-03 med 1.662e-03 p90 2.644e-02   mu |dlog| 0.1138
           corr(identifiable)  mu=+0.90  D_div_mu=+0.98  T0_div_mu=+0.62  Ly=+0.91  op_x=+0.88  op_y=+0.95   mean spread/GT 0.88
           err share           mu=22%  D_div_mu=0%  T0_div_mu=3%  Ly=24%  op_x=36%  op_y=14%
step  64100  train 4.1287e-01  |g| 1.75e+00  [19014s]
step  64200  train 3.9455e-01  |g| 9.14e-01  [19056s]
step  64300  train 4.3729e-01  |g| 5.54e-01  [19098s]
step  64400  train 4.3211e-01  |g| 2.25e+00  [19141s]
step  64500  train 4.7317e-01  |g| 6.28e-01  [19188s]
step  64600  train 4.7277e-01  |g| 1.29e+00  [19239s]
step  64700  train 4.3649e-01  |g| 1.13e+00  [19286s]
step  64800  train 4.0461e-01  |g| 7.95e-01  [19332s]
step  64900  train 4.3371e-01  |g| 2.53e+00  [19380s]
step  65000  train 4.2461e-01  |g| 1.83e+00  [19424s]
step  65100  train 4.1365e-01  |g| 1.62e+00  [19468s]
step  65200  train 4.4171e-01  |g| 1.43e+00  [19512s]
step  65300  train 3.7009e-01  |g| 1.39e+00  [19554s]
step  65400  train 4.0789e-01  |g| 8.14e-01  [19604s]
step  65500  train 4.7064e-01  |g| 8.56e-01  [19653s]
step  65600  train 4.7499e-01  |g| 6.17e-01  [19701s]
step  65700  train 4.4630e-01  |g| 1.84e+00  [19747s]
step  65800  train 4.2702e-01  |g| 6.63e-01  [19788s]
step  65900  train 4.3918e-01  |g| 9.67e-01  [19834s]
step  66000  train 4.3250e-01  val 4.3625e-01  6d geo 1.941e-03 med 1.643e-03 p90 2.256e-02 (const 4.732e-02)  |g| 1.35e+00  [19881s]
           5d geo 1.414e-03 med 1.116e-03   postmu 6d geo 1.931e-03 med 1.679e-03 p90 2.402e-02   mu |dlog| 0.1044
           corr(identifiable)  mu=+0.90  D_div_mu=+0.98  T0_div_mu=+0.60  Ly=+0.91  op_x=+0.89  op_y=+0.95   mean spread/GT 0.87
           err share           mu=22%  D_div_mu=0%  T0_div_mu=3%  Ly=26%  op_x=34%  op_y=14%
step  66100  train 4.2870e-01  |g| 1.88e+00  [19930s]
step  66200  train 3.8587e-01  |g| 6.56e-01  [19976s]
step  66300  train 4.4335e-01  |g| 1.96e+00  [20022s]
step  66400  train 4.0670e-01  |g| 1.03e+00  [20068s]
step  66500  train 4.5614e-01  |g| 1.27e+00  [20112s]
step  66600  train 4.2731e-01  |g| 1.02e+00  [20155s]
step  66700  train 4.4383e-01  |g| 1.34e+00  [20194s]
step  66800  train 4.4702e-01  |g| 1.57e+00  [20237s]
step  66900  train 4.0094e-01  |g| 1.46e+00  [20281s]
step  67000  train 4.3832e-01  |g| 1.72e+00  [20322s]
step  67100  train 4.1207e-01  |g| 8.92e-01  [20367s]
step  67200  train 4.1759e-01  |g| 1.78e+00  [20411s]
step  67300  train 3.9167e-01  |g| 9.00e-01  [20453s]
step  67400  train 4.4936e-01  |g| 1.26e+00  [20495s]
step  67500  train 4.1749e-01  |g| 1.91e+00  [20539s]
step  67600  train 3.9728e-01  |g| 8.70e-01  [20585s]
step  67700  train 4.2462e-01  |g| 1.30e+00  [20632s]
step  67800  train 4.3430e-01  |g| 6.92e-01  [20679s]
step  67900  train 4.3235e-01  |g| 1.74e+00  [20728s]
step  68000  train 4.0386e-01  val 4.3653e-01  6d geo 2.488e-03 med 2.093e-03 p90 2.140e-02 (const 4.732e-02)  |g| 1.55e+00  [20776s]
           5d geo 1.532e-03 med 1.260e-03   postmu 6d geo 2.243e-03 med 2.036e-03 p90 2.049e-02   mu |dlog| 0.1286
           corr(identifiable)  mu=+0.91  D_div_mu=+0.98  T0_div_mu=+0.62  Ly=+0.91  op_x=+0.90  op_y=+0.95   mean spread/GT 0.90
           err share           mu=25%  D_div_mu=0%  T0_div_mu=3%  Ly=25%  op_x=33%  op_y=14%
step  68100  train 4.2456e-01  |g| 8.83e-01  [20828s]
step  68200  train 4.0322e-01  |g| 1.23e+00  [20873s]
step  68300  train 4.4648e-01  |g| 6.98e-01  [20918s]
step  68400  train 4.6536e-01  |g| 8.37e-01  [20963s]
step  68500  train 4.4243e-01  |g| 1.48e+00  [21007s]
step  68600  train 4.3543e-01  |g| 6.51e-01  [21053s]
step  68700  train 4.2465e-01  |g| 1.12e+00  [21094s]
step  68800  train 4.4097e-01  |g| 1.35e+00  [21137s]
step  68900  train 4.3208e-01  |g| 1.06e+00  [21180s]
step  69000  train 4.2881e-01  |g| 1.39e+00  [21224s]
step  69100  train 3.9118e-01  |g| 1.12e+00  [21266s]
step  69200  train 4.0484e-01  |g| 1.11e+00  [21308s]
step  69300  train 3.7685e-01  |g| 6.56e-01  [21347s]
step  69400  train 4.1955e-01  |g| 1.38e+00  [21385s]
step  69500  train 3.9552e-01  |g| 6.75e-01  [21424s]
step  69600  train 4.5408e-01  |g| 2.03e+00  [21464s]
step  69700  train 4.0116e-01  |g| 1.93e+00  [21505s]
step  69800  train 4.3745e-01  |g| 1.37e+00  [21544s]
step  69900  train 4.0142e-01  |g| 1.24e+00  [21586s]
step  70000  train 4.2559e-01  val 4.3936e-01  6d geo 2.124e-03 med 1.726e-03 p90 1.807e-02 (const 4.732e-02)  |g| 8.68e-01  [21630s]
           5d geo 1.444e-03 med 1.233e-03   postmu 6d geo 1.867e-03 med 1.554e-03 p90 1.817e-02   mu |dlog| 0.0920
           corr(identifiable)  mu=+0.91  D_div_mu=+0.98  T0_div_mu=+0.62  Ly=+0.93  op_x=+0.90  op_y=+0.96   mean spread/GT 0.89
           err share           mu=24%  D_div_mu=0%  T0_div_mu=3%  Ly=23%  op_x=36%  op_y=14%
step  70100  train 4.4281e-01  |g| 1.29e+00  [21676s]
step  70200  train 3.9619e-01  |g| 2.69e+00  [21717s]
step  70300  train 4.6254e-01  |g| 9.06e-01  [21756s]
step  70400  train 4.3819e-01  |g| 9.79e-01  [21797s]
step  70500  train 4.8773e-01  |g| 1.53e+00  [21838s]
step  70600  train 3.4655e-01  |g| 1.29e+00  [21876s]
step  70700  train 3.9905e-01  |g| 1.74e+00  [21916s]
step  70800  train 4.2900e-01  |g| 1.07e+00  [21956s]
step  70900  train 4.0249e-01  |g| 1.08e+00  [21998s]
step  71000  train 3.9698e-01  |g| 1.28e+00  [22038s]
step  71100  train 3.8938e-01  |g| 1.36e+00  [22081s]
step  71200  train 3.7459e-01  |g| 1.05e+00  [22125s]
step  71300  train 3.8624e-01  |g| 1.25e+00  [22172s]
step  71400  train 4.4129e-01  |g| 1.43e+00  [22216s]
step  71500  train 4.2976e-01  |g| 1.15e+00  [22260s]
step  71600  train 4.4668e-01  |g| 1.81e+00  [22303s]
step  71700  train 4.0894e-01  |g| 1.64e+00  [22347s]
step  71800  train 4.4064e-01  |g| 1.51e+00  [22388s]
step  71900  train 4.2976e-01  |g| 2.02e+00  [22432s]
step  72000  train 4.4131e-01  val 4.3078e-01  6d geo 1.595e-03 med 1.249e-03 p90 2.092e-02 (const 4.732e-02)  |g| 1.69e+00  [22476s]
           5d geo 1.168e-03 med 9.120e-04   postmu 6d geo 1.495e-03 med 1.165e-03 p90 2.150e-02   mu |dlog| 0.0844
           corr(identifiable)  mu=+0.90  D_div_mu=+0.98  T0_div_mu=+0.62  Ly=+0.92  op_x=+0.90  op_y=+0.95   mean spread/GT 0.89
           err share           mu=22%  D_div_mu=0%  T0_div_mu=3%  Ly=25%  op_x=35%  op_y=14%
step  72100  train 3.8477e-01  |g| 1.07e+00  [22521s]
step  72200  train 3.7269e-01  |g| 1.31e+00  [22563s]
step  72300  train 4.1900e-01  |g| 1.65e+00  [22605s]
step  72400  train 3.9771e-01  |g| 1.52e+00  [22647s]
step  72500  train 4.2183e-01  |g| 1.90e+00  [22689s]
step  72600  train 4.5332e-01  |g| 2.76e+00  [22732s]
step  72700  train 3.9954e-01  |g| 1.21e+00  [22772s]
step  72800  train 4.2409e-01  |g| 1.21e+00  [22817s]
step  72900  train 4.2091e-01  |g| 6.12e-01  [22861s]
step  73000  train 4.5216e-01  |g| 1.48e+00  [22903s]
step  73100  train 4.1419e-01  |g| 1.72e+00  [22943s]
step  73200  train 4.2441e-01  |g| 1.26e+00  [22985s]
step  73300  train 4.1409e-01  |g| 1.09e+00  [23029s]
step  73400  train 4.4095e-01  |g| 6.77e-01  [23071s]
step  73500  train 4.2916e-01  |g| 5.90e-01  [23113s]
step  73600  train 4.3204e-01  |g| 9.62e-01  [23152s]
step  73700  train 3.9723e-01  |g| 1.29e+00  [23196s]
step  73800  train 4.1059e-01  |g| 1.06e+00  [23241s]
step  73900  train 3.9140e-01  |g| 9.64e-01  [23287s]
step  74000  train 4.4511e-01  val 4.2166e-01  6d geo 1.605e-03 med 1.377e-03 p90 1.878e-02 (const 4.732e-02)  |g| 1.22e+00  [23333s]
           5d geo 1.087e-03 med 7.961e-04   postmu 6d geo 1.608e-03 med 1.419e-03 p90 1.945e-02   mu |dlog| 0.1063
           corr(identifiable)  mu=+0.91  D_div_mu=+0.98  T0_div_mu=+0.63  Ly=+0.93  op_x=+0.91  op_y=+0.96   mean spread/GT 0.90
           err share           mu=24%  D_div_mu=0%  T0_div_mu=3%  Ly=24%  op_x=34%  op_y=15%
step  74100  train 4.1806e-01  |g| 8.52e-01  [23383s]
step  74200  train 4.2602e-01  |g| 8.70e-01  [23429s]
step  74300  train 4.1419e-01  |g| 1.23e+00  [23478s]
step  74400  train 3.7602e-01  |g| 8.61e-01  [23526s]
step  74500  train 3.9829e-01  |g| 8.94e-01  [23570s]
step  74600  train 3.8829e-01  |g| 8.14e-01  [23613s]
step  74700  train 4.3871e-01  |g| 1.42e+00  [23655s]
step  74800  train 4.5256e-01  |g| 1.00e+00  [23697s]
step  74900  train 3.9477e-01  |g| 1.95e+00  [23738s]
step  75000  train 4.1039e-01  |g| 1.31e+00  [23780s]
step  75100  train 4.2263e-01  |g| 1.73e+00  [23824s]
step  75200  train 3.4979e-01  |g| 1.43e+00  [23872s]
step  75300  train 3.9723e-01  |g| 1.19e+00  [23921s]
step  75400  train 4.1144e-01  |g| 1.32e+00  [23971s]
step  75500  train 4.0462e-01  |g| 1.15e+00  [24017s]
step  75600  train 3.5349e-01  |g| 7.87e-01  [24061s]
step  75700  train 4.0258e-01  |g| 5.27e-01  [24105s]
step  75800  train 3.8925e-01  |g| 7.70e-01  [24149s]
step  75900  train 4.2506e-01  |g| 1.15e+00  [24194s]
step  76000  train 3.8505e-01  val 4.1591e-01  6d geo 1.909e-03 med 1.620e-03 p90 1.892e-02 (const 4.732e-02)  |g| 1.54e+00  [24237s]
           5d geo 1.257e-03 med 1.005e-03   postmu 6d geo 1.863e-03 med 1.621e-03 p90 1.956e-02   mu |dlog| 0.1167
           corr(identifiable)  mu=+0.91  D_div_mu=+0.99  T0_div_mu=+0.63  Ly=+0.93  op_x=+0.91  op_y=+0.96   mean spread/GT 0.89
           err share           mu=24%  D_div_mu=0%  T0_div_mu=3%  Ly=23%  op_x=36%  op_y=14%
step  76100  train 4.0228e-01  |g| 1.35e+00  [24284s]
step  76200  train 4.1094e-01  |g| 1.34e+00  [24330s]
step  76300  train 4.2997e-01  |g| 1.32e+00  [24376s]
step  76400  train 4.0471e-01  |g| 1.61e+00  [24427s]
step  76500  train 3.9466e-01  |g| 7.15e-01  [24475s]
step  76600  train 3.9889e-01  |g| 1.20e+00  [24522s]
step  76700  train 3.8528e-01  |g| 1.14e+00  [24569s]
step  76800  train 3.9686e-01  |g| 8.88e-01  [24620s]
step  76900  train 4.1379e-01  |g| 9.21e-01  [24667s]
step  77000  train 3.9212e-01  |g| 1.16e+00  [24719s]
step  77100  train 3.7485e-01  |g| 2.13e+00  [24764s]
step  77200  train 3.8723e-01  |g| 1.79e+00  [24811s]
step  77300  train 3.8107e-01  |g| 1.99e+00  [24855s]
step  77400  train 4.4459e-01  |g| 1.26e+00  [24900s]
step  77500  train 3.5940e-01  |g| 6.37e-01  [24950s]
step  77600  train 4.1896e-01  |g| 9.01e-01  [24997s]
step  77700  train 3.5177e-01  |g| 1.45e+00  [25046s]
step  77800  train 3.7974e-01  |g| 1.16e+00  [25094s]
step  77900  train 4.1353e-01  |g| 1.48e+00  [25143s]
step  78000  train 4.0110e-01  val 4.1509e-01  6d geo 1.798e-03 med 1.507e-03 p90 1.981e-02 (const 4.732e-02)  |g| 9.37e-01  [25194s]
           5d geo 9.879e-04 med 7.659e-04   postmu 6d geo 1.589e-03 med 1.341e-03 p90 2.044e-02   mu |dlog| 0.1214
           corr(identifiable)  mu=+0.91  D_div_mu=+0.99  T0_div_mu=+0.63  Ly=+0.93  op_x=+0.91  op_y=+0.95   mean spread/GT 0.90
           err share           mu=25%  D_div_mu=0%  T0_div_mu=3%  Ly=24%  op_x=32%  op_y=16%
step  78100  train 3.9105e-01  |g| 1.69e+00  [25250s]
step  78200  train 4.1020e-01  |g| 6.81e-01  [25302s]
step  78300  train 4.1467e-01  |g| 1.12e+00  [25351s]
step  78400  train 4.1119e-01  |g| 1.95e+00  [25398s]
step  78500  train 4.1474e-01  |g| 9.70e-01  [25442s]
step  78600  train 4.0422e-01  |g| 1.50e+00  [25486s]
step  78700  train 4.3461e-01  |g| 1.65e+00  [25528s]
step  78800  train 3.7002e-01  |g| 1.50e+00  [25572s]
step  78900  train 3.9557e-01  |g| 9.62e-01  [25616s]
step  79000  train 4.3489e-01  |g| 9.13e-01  [25661s]
step  79100  train 3.7984e-01  |g| 1.48e+00  [25707s]
step  79200  train 4.0903e-01  |g| 1.21e+00  [25753s]
step  79300  train 3.9862e-01  |g| 1.05e+00  [25799s]
step  79400  train 4.3283e-01  |g| 2.15e+00  [25845s]
step  79500  train 3.8097e-01  |g| 1.08e+00  [25891s]
step  79600  train 4.1286e-01  |g| 1.09e+00  [25938s]
step  79700  train 3.7908e-01  |g| 1.18e+00  [25984s]
step  79800  train 4.1447e-01  |g| 2.14e+00  [26033s]
step  79900  train 4.2001e-01  |g| 2.12e+00  [26081s]
step  80000  train 3.9193e-01  val 3.9841e-01  6d geo 1.248e-03 med 9.690e-04 p90 1.632e-02 (const 4.732e-02)  |g| 2.02e+00  [26127s]
           5d geo 8.241e-04 med 6.174e-04   postmu 6d geo 1.195e-03 med 9.179e-04 p90 1.598e-02   mu |dlog| 0.0877
           corr(identifiable)  mu=+0.92  D_div_mu=+0.99  T0_div_mu=+0.65  Ly=+0.93  op_x=+0.91  op_y=+0.96   mean spread/GT 0.89
           err share           mu=22%  D_div_mu=0%  T0_div_mu=3%  Ly=25%  op_x=35%  op_y=15%
step  80100  train 3.9834e-01  |g| 1.04e+00  [26179s]
step  80200  train 4.2512e-01  |g| 1.56e+00  [26227s]
step  80300  train 4.0956e-01  |g| 1.24e+00  [26273s]
step  80400  train 4.2446e-01  |g| 1.08e+00  [26318s]
step  80500  train 4.1152e-01  |g| 1.45e+00  [26364s]
step  80600  train 4.0470e-01  |g| 2.35e+00  [26405s]
step  80700  train 3.4826e-01  |g| 1.15e+00  [26448s]
step  80800  train 4.3288e-01  |g| 8.82e-01  [26490s]
step  80900  train 3.5553e-01  |g| 1.31e+00  [26532s]
step  81000  train 4.0961e-01  |g| 1.04e+00  [26574s]
step  81100  train 4.2180e-01  |g| 1.05e+00  [26614s]
step  81200  train 3.9332e-01  |g| 1.52e+00  [26656s]
step  81300  train 3.5760e-01  |g| 1.49e+00  [26701s]
step  81400  train 4.2068e-01  |g| 1.10e+00  [26744s]
step  81500  train 3.8775e-01  |g| 1.47e+00  [26787s]
step  81600  train 3.8979e-01  |g| 9.79e-01  [26831s]
step  81700  train 3.8497e-01  |g| 1.53e+00  [26876s]
step  81800  train 3.9565e-01  |g| 1.69e+00  [26918s]
step  81900  train 3.8785e-01  |g| 2.65e+00  [26960s]
step  82000  train 3.9756e-01  val 4.0423e-01  6d geo 1.224e-03 med 9.402e-04 p90 1.582e-02 (const 4.732e-02)  |g| 1.33e+00  [27004s]
           5d geo 8.318e-04 med 6.081e-04   postmu 6d geo 1.202e-03 med 9.516e-04 p90 1.619e-02   mu |dlog| 0.0894
           corr(identifiable)  mu=+0.92  D_div_mu=+0.99  T0_div_mu=+0.65  Ly=+0.93  op_x=+0.91  op_y=+0.95   mean spread/GT 0.90
           err share           mu=22%  D_div_mu=0%  T0_div_mu=3%  Ly=24%  op_x=35%  op_y=17%
step  82100  train 3.8151e-01  |g| 9.80e-01  [27051s]
step  82200  train 3.7129e-01  |g| 1.85e+00  [27093s]
step  82300  train 4.0360e-01  |g| 1.14e+00  [27137s]
step  82400  train 4.0041e-01  |g| 1.23e+00  [27185s]
step  82500  train 4.1739e-01  |g| 1.65e+00  [27231s]
step  82600  train 3.7409e-01  |g| 1.05e+00  [27276s]
step  82700  train 3.7037e-01  |g| 2.47e+00  [27323s]
step  82800  train 4.0251e-01  |g| 6.96e-01  [27367s]
step  82900  train 4.0197e-01  |g| 1.13e+00  [27414s]
step  83000  train 3.7446e-01  |g| 1.99e+00  [27457s]
step  83100  train 4.3165e-01  |g| 1.41e+00  [27502s]
step  83200  train 3.9110e-01  |g| 1.56e+00  [27548s]
step  83300  train 3.9899e-01  |g| 9.59e-01  [27592s]
step  83400  train 3.6606e-01  |g| 1.30e+00  [27636s]
step  83500  train 3.8009e-01  |g| 1.39e+00  [27679s]
step  83600  train 3.9436e-01  |g| 1.25e+00  [27720s]
step  83700  train 3.8959e-01  |g| 1.26e+00  [27762s]
step  83800  train 3.9104e-01  |g| 1.19e+00  [27807s]
step  83900  train 4.1827e-01  |g| 1.78e+00  [27849s]
step  84000  train 3.8881e-01  val 4.0117e-01  6d geo 1.495e-03 med 1.305e-03 p90 1.496e-02 (const 4.732e-02)  |g| 2.36e+00  [27892s]
           5d geo 1.002e-03 med 8.028e-04   postmu 6d geo 1.434e-03 med 1.300e-03 p90 1.437e-02   mu |dlog| 0.0947
           corr(identifiable)  mu=+0.92  D_div_mu=+0.99  T0_div_mu=+0.65  Ly=+0.94  op_x=+0.91  op_y=+0.96   mean spread/GT 0.91
           err share           mu=23%  D_div_mu=0%  T0_div_mu=3%  Ly=21%  op_x=37%  op_y=16%
step  84100  train 3.9176e-01  |g| 1.67e+00  [27941s]
step  84200  train 3.5680e-01  |g| 1.20e+00  [27988s]
step  84300  train 3.9836e-01  |g| 2.03e+00  [28033s]
step  84400  train 3.6348e-01  |g| 1.62e+00  [28079s]
step  84500  train 3.5480e-01  |g| 1.59e+00  [28124s]
step  84600  train 4.2681e-01  |g| 9.69e-01  [28173s]
step  84700  train 3.3412e-01  |g| 1.11e+00  [28222s]
step  84800  train 3.9512e-01  |g| 2.17e+00  [28268s]
step  84900  train 3.9976e-01  |g| 1.38e+00  [28313s]
step  85000  train 4.0647e-01  |g| 2.34e+00  [28360s]
step  85100  train 3.6591e-01  |g| 1.23e+00  [28404s]
step  85200  train 4.0932e-01  |g| 8.84e-01  [28451s]
step  85300  train 3.8261e-01  |g| 9.48e-01  [28497s]
step  85400  train 3.8128e-01  |g| 1.81e+00  [28543s]
step  85500  train 3.8354e-01  |g| 9.49e-01  [28590s]
step  85600  train 3.7634e-01  |g| 1.36e+00  [28634s]
step  85700  train 3.7573e-01  |g| 1.64e+00  [28678s]
step  85800  train 3.9299e-01  |g| 1.58e+00  [28722s]
step  85900  train 3.8571e-01  |g| 1.34e+00  [28767s]
step  86000  train 3.7708e-01  val 3.8925e-01  6d geo 1.068e-03 med 8.032e-04 p90 1.495e-02 (const 4.732e-02)  |g| 1.11e+00  [28810s]
           5d geo 7.395e-04 med 5.175e-04   postmu 6d geo 1.111e-03 med 8.458e-04 p90 1.578e-02   mu |dlog| 0.0819
           corr(identifiable)  mu=+0.92  D_div_mu=+0.99  T0_div_mu=+0.66  Ly=+0.94  op_x=+0.92  op_y=+0.96   mean spread/GT 0.90
           err share           mu=23%  D_div_mu=0%  T0_div_mu=3%  Ly=25%  op_x=34%  op_y=15%
step  86100  train 4.3627e-01  |g| 1.61e+00  [28856s]
step  86200  train 3.7343e-01  |g| 1.31e+00  [28897s]
step  86300  train 3.9992e-01  |g| 7.98e-01  [28938s]
step  86400  train 3.6019e-01  |g| 7.54e-01  [28979s]
step  86500  train 3.6633e-01  |g| 1.72e+00  [29019s]
step  86600  train 4.3558e-01  |g| 1.03e+00  [29059s]
step  86700  train 3.9181e-01  |g| 1.57e+00  [29100s]
step  86800  train 4.2815e-01  |g| 1.50e+00  [29142s]
step  86900  train 3.4878e-01  |g| 1.06e+00  [29182s]
step  87000  train 3.5867e-01  |g| 1.56e+00  [29223s]
step  87100  train 4.3948e-01  |g| 2.78e+00  [29264s]
step  87200  train 3.7232e-01  |g| 1.08e+00  [29305s]
step  87300  train 4.0494e-01  |g| 1.14e+00  [29345s]
step  87400  train 3.8176e-01  |g| 2.16e+00  [29385s]
step  87500  train 3.8791e-01  |g| 9.74e-01  [29426s]
step  87600  train 3.8889e-01  |g| 9.00e-01  [29469s]
step  87700  train 4.0024e-01  |g| 9.52e-01  [29514s]
step  87800  train 3.7431e-01  |g| 1.06e+00  [29558s]
step  87900  train 3.9028e-01  |g| 6.98e-01  [29601s]
step  88000  train 3.9443e-01  val 3.8114e-01  6d geo 1.126e-03 med 8.748e-04 p90 1.578e-02 (const 4.732e-02)  |g| 1.22e+00  [29645s]
           5d geo 7.318e-04 med 5.281e-04   postmu 6d geo 1.100e-03 med 8.901e-04 p90 1.670e-02   mu |dlog| 0.0905
           corr(identifiable)  mu=+0.92  D_div_mu=+0.98  T0_div_mu=+0.65  Ly=+0.93  op_x=+0.92  op_y=+0.96   mean spread/GT 0.90
           err share           mu=24%  D_div_mu=0%  T0_div_mu=3%  Ly=25%  op_x=33%  op_y=15%
step  88100  train 3.9864e-01  |g| 1.50e+00  [29694s]
step  88200  train 3.6789e-01  |g| 8.35e-01  [29738s]
step  88300  train 3.6863e-01  |g| 1.09e+00  [29782s]
step  88400  train 4.2053e-01  |g| 1.96e+00  [29829s]
step  88500  train 3.7039e-01  |g| 1.66e+00  [29870s]
step  88600  train 3.8536e-01  |g| 1.73e+00  [29913s]
step  88700  train 3.3794e-01  |g| 1.41e+00  [29952s]
step  88800  train 3.9192e-01  |g| 1.58e+00  [29994s]
step  88900  train 3.6667e-01  |g| 9.85e-01  [30037s]
step  89000  train 3.9826e-01  |g| 2.09e+00  [30080s]
step  89100  train 4.0448e-01  |g| 1.18e+00  [30123s]
step  89200  train 4.2258e-01  |g| 1.15e+00  [30167s]
step  89300  train 3.5072e-01  |g| 1.53e+00  [30208s]
step  89400  train 3.9420e-01  |g| 1.36e+00  [30250s]
step  89500  train 3.8487e-01  |g| 1.33e+00  [30293s]
step  89600  train 3.5007e-01  |g| 1.52e+00  [30336s]
step  89700  train 3.6974e-01  |g| 7.49e-01  [30379s]
step  89800  train 3.7162e-01  |g| 1.37e+00  [30423s]
step  89900  train 3.4705e-01  |g| 1.33e+00  [30463s]
step  90000  train 4.2274e-01  val 3.9008e-01  6d geo 1.173e-03 med 8.680e-04 p90 1.519e-02 (const 4.732e-02)  |g| 1.10e+00  [30503s]
           5d geo 7.272e-04 med 5.581e-04   postmu 6d geo 1.053e-03 med 8.195e-04 p90 1.515e-02   mu |dlog| 0.0807
           corr(identifiable)  mu=+0.92  D_div_mu=+0.99  T0_div_mu=+0.66  Ly=+0.94  op_x=+0.92  op_y=+0.96   mean spread/GT 0.91
           err share           mu=25%  D_div_mu=0%  T0_div_mu=3%  Ly=22%  op_x=35%  op_y=15%
step  90100  train 3.8147e-01  |g| 1.56e+00  [30547s]
step  90200  train 4.0922e-01  |g| 1.03e+00  [30590s]
step  90300  train 3.6186e-01  |g| 1.27e+00  [30631s]
step  90400  train 3.4780e-01  |g| 1.61e+00  [30674s]
step  90500  train 3.9159e-01  |g| 2.15e+00  [30717s]
step  90600  train 3.8913e-01  |g| 1.36e+00  [30759s]
step  90700  train 3.6830e-01  |g| 1.30e+00  [30800s]
step  90800  train 3.7088e-01  |g| 6.83e-01  [30840s]
step  90900  train 3.9502e-01  |g| 9.92e-01  [30880s]
step  91000  train 3.5846e-01  |g| 1.28e+00  [30921s]
step  91100  train 3.5484e-01  |g| 1.51e+00  [30963s]
step  91200  train 3.4180e-01  |g| 1.30e+00  [31003s]
step  91300  train 3.5289e-01  |g| 1.24e+00  [31045s]
step  91400  train 3.5867e-01  |g| 1.04e+00  [31085s]
step  91500  train 3.7621e-01  |g| 1.33e+00  [31125s]
step  91600  train 4.2116e-01  |g| 1.45e+00  [31164s]
step  91700  train 3.8037e-01  |g| 1.39e+00  [31206s]
step  91800  train 3.7593e-01  |g| 1.70e+00  [31247s]
step  91900  train 3.6395e-01  |g| 1.22e+00  [31289s]
step  92000  train 3.5829e-01  val 3.8504e-01  6d geo 1.079e-03 med 8.277e-04 p90 1.353e-02 (const 4.732e-02)  |g| 1.72e+00  [31333s]
           5d geo 6.204e-04 med 4.619e-04   postmu 6d geo 8.330e-04 med 5.960e-04 p90 1.313e-02   mu |dlog| 0.0690
           corr(identifiable)  mu=+0.93  D_div_mu=+0.99  T0_div_mu=+0.66  Ly=+0.95  op_x=+0.93  op_y=+0.96   mean spread/GT 0.92
           err share           mu=25%  D_div_mu=0%  T0_div_mu=3%  Ly=23%  op_x=34%  op_y=15%
step  92100  train 4.3264e-01  |g| 1.96e+00  [31381s]
step  92200  train 3.7255e-01  |g| 1.80e+00  [31425s]
step  92300  train 3.5419e-01  |g| 1.00e+00  [31470s]
step  92400  train 3.7492e-01  |g| 1.37e+00  [31514s]
step  92500  train 3.6528e-01  |g| 1.31e+00  [31556s]
step  92600  train 3.5876e-01  |g| 9.58e-01  [31599s]
step  92700  train 3.6420e-01  |g| 1.84e+00  [31644s]
step  92800  train 3.7135e-01  |g| 1.68e+00  [31684s]
step  92900  train 3.8154e-01  |g| 9.47e-01  [31724s]
step  93000  train 3.9648e-01  |g| 1.31e+00  [31766s]
step  93100  train 3.4111e-01  |g| 1.51e+00  [31809s]
step  93200  train 3.7870e-01  |g| 1.45e+00  [31853s]
step  93300  train 3.9681e-01  |g| 9.52e-01  [31899s]
step  93400  train 3.7760e-01  |g| 1.16e+00  [31945s]
step  93500  train 3.8252e-01  |g| 1.30e+00  [31989s]
step  93600  train 3.5059e-01  |g| 1.56e+00  [32032s]
step  93700  train 3.8802e-01  |g| 1.22e+00  [32076s]
step  93800  train 3.4832e-01  |g| 7.31e-01  [32119s]
step  93900  train 3.6987e-01  |g| 1.48e+00  [32163s]
step  94000  train 3.6106e-01  val 3.7334e-01  6d geo 9.477e-04 med 6.976e-04 p90 1.284e-02 (const 4.732e-02)  |g| 1.61e+00  [32207s]
           5d geo 6.022e-04 med 4.329e-04   postmu 6d geo 8.747e-04 med 6.579e-04 p90 1.335e-02   mu |dlog| 0.0711
           corr(identifiable)  mu=+0.93  D_div_mu=+0.99  T0_div_mu=+0.67  Ly=+0.95  op_x=+0.93  op_y=+0.96   mean spread/GT 0.92
           err share           mu=23%  D_div_mu=0%  T0_div_mu=3%  Ly=24%  op_x=34%  op_y=16%
step  94100  train 3.5550e-01  |g| 1.32e+00  [32258s]
step  94200  train 3.3684e-01  |g| 1.08e+00  [32301s]
step  94300  train 3.7668e-01  |g| 1.69e+00  [32342s]
step  94400  train 3.7096e-01  |g| 1.26e+00  [32385s]
step  94500  train 3.7020e-01  |g| 1.23e+00  [32428s]
step  94600  train 3.6370e-01  |g| 1.52e+00  [32471s]
step  94700  train 3.6041e-01  |g| 1.43e+00  [32512s]
step  94800  train 4.0657e-01  |g| 2.25e+00  [32556s]
step  94900  train 3.4155e-01  |g| 1.37e+00  [32598s]
step  95000  train 4.0835e-01  |g| 1.19e+00  [32640s]
step  95100  train 3.3388e-01  |g| 1.97e+00  [32681s]
step  95200  train 3.8051e-01  |g| 1.02e+00  [32721s]
step  95300  train 3.5091e-01  |g| 1.36e+00  [32762s]
step  95400  train 3.8915e-01  |g| 2.02e+00  [32802s]
step  95500  train 3.8483e-01  |g| 1.57e+00  [32842s]
step  95600  train 4.1197e-01  |g| 1.52e+00  [32884s]
step  95700  train 3.7165e-01  |g| 1.50e+00  [32927s]
step  95800  train 3.4826e-01  |g| 1.03e+00  [32972s]
step  95900  train 3.9940e-01  |g| 1.15e+00  [33016s]
step  96000  train 3.7825e-01  val 3.7355e-01  6d geo 9.436e-04 med 7.069e-04 p90 1.358e-02 (const 4.732e-02)  |g| 1.46e+00  [33059s]
           5d geo 6.318e-04 med 4.861e-04   postmu 6d geo 8.421e-04 med 6.440e-04 p90 1.356e-02   mu |dlog| 0.0614
           corr(identifiable)  mu=+0.92  D_div_mu=+0.99  T0_div_mu=+0.68  Ly=+0.94  op_x=+0.93  op_y=+0.96   mean spread/GT 0.91
           err share           mu=22%  D_div_mu=0%  T0_div_mu=3%  Ly=25%  op_x=33%  op_y=15%
step  96100  train 3.5147e-01  |g| 1.61e+00  [33107s]
step  96200  train 3.5104e-01  |g| 2.35e+00  [33151s]
step  96300  train 3.8824e-01  |g| 1.19e+00  [33193s]
step  96400  train 3.5489e-01  |g| 8.15e-01  [33235s]
step  96500  train 3.9300e-01  |g| 1.42e+00  [33277s]
step  96600  train 3.5812e-01  |g| 1.29e+00  [33320s]
step  96700  train 3.5661e-01  |g| 1.49e+00  [33363s]
step  96800  train 3.8625e-01  |g| 9.50e-01  [33404s]
step  96900  train 3.6612e-01  |g| 1.54e+00  [33447s]
step  97000  train 3.7495e-01  |g| 2.00e+00  [33489s]
step  97100  train 3.5519e-01  |g| 1.87e+00  [33531s]
step  97200  train 3.6214e-01  |g| 1.34e+00  [33575s]
step  97300  train 3.7179e-01  |g| 1.32e+00  [33620s]
step  97400  train 3.4156e-01  |g| 1.54e+00  [33664s]
step  97500  train 3.5454e-01  |g| 8.63e-01  [33708s]
step  97600  train 3.2347e-01  |g| 1.55e+00  [33751s]
step  97700  train 3.6763e-01  |g| 1.63e+00  [33797s]
step  97800  train 3.7132e-01  |g| 2.14e+00  [33841s]
step  97900  train 3.5542e-01  |g| 7.54e-01  [33883s]
step  98000  train 3.6411e-01  val 3.7524e-01  6d geo 8.322e-04 med 6.181e-04 p90 1.230e-02 (const 4.732e-02)  |g| 1.86e+00  [33927s]
           5d geo 5.612e-04 med 4.000e-04   postmu 6d geo 7.638e-04 med 5.634e-04 p90 1.222e-02   mu |dlog| 0.0596
           corr(identifiable)  mu=+0.92  D_div_mu=+0.99  T0_div_mu=+0.68  Ly=+0.94  op_x=+0.93  op_y=+0.97   mean spread/GT 0.91
           err share           mu=23%  D_div_mu=0%  T0_div_mu=3%  Ly=25%  op_x=33%  op_y=15%
step  98100  train 3.5337e-01  |g| 9.45e-01  [33977s]
step  98200  train 3.7532e-01  |g| 7.12e-01  [34023s]
step  98300  train 3.9755e-01  |g| 8.74e-01  [34069s]
step  98400  train 3.5459e-01  |g| 1.59e+00  [34112s]
step  98500  train 3.9408e-01  |g| 1.47e+00  [34160s]
step  98600  train 3.4357e-01  |g| 1.54e+00  [34209s]
step  98700  train 3.6433e-01  |g| 1.03e+00  [34256s]
step  98800  train 3.9173e-01  |g| 1.20e+00  [34301s]
step  98900  train 3.4446e-01  |g| 9.35e-01  [34347s]
step  99000  train 3.9151e-01  |g| 1.65e+00  [34394s]
step  99100  train 3.7701e-01  |g| 8.53e-01  [34436s]
step  99200  train 3.7774e-01  |g| 2.10e+00  [34480s]
step  99300  train 3.5599e-01  |g| 1.36e+00  [34523s]
step  99400  train 3.8929e-01  |g| 2.65e+00  [34569s]
step  99500  train 3.4348e-01  |g| 2.13e+00  [34616s]
step  99600  train 3.4119e-01  |g| 1.99e+00  [34663s]
step  99700  train 3.3134e-01  |g| 1.37e+00  [34708s]
step  99800  train 3.5819e-01  |g| 1.45e+00  [34754s]
step  99900  train 3.3445e-01  |g| 1.59e+00  [34798s]
step 100000  train 3.7093e-01  val 3.6882e-01  6d geo 9.561e-04 med 7.515e-04 p90 1.341e-02 (const 4.732e-02)  |g| 1.29e+00  [34841s]
           5d geo 5.940e-04 med 4.550e-04   postmu 6d geo 8.793e-04 med 6.930e-04 p90 1.293e-02   mu |dlog| 0.0773
           corr(identifiable)  mu=+0.92  D_div_mu=+0.99  T0_div_mu=+0.69  Ly=+0.94  op_x=+0.93  op_y=+0.96   mean spread/GT 0.92
           err share           mu=24%  D_div_mu=0%  T0_div_mu=3%  Ly=25%  op_x=32%  op_y=16%
step 100100  train 3.6235e-01  |g| 1.23e+00  [34891s]
step 100200  train 4.2282e-01  |g| 1.84e+00  [34935s]
step 100300  train 3.6802e-01  |g| 1.02e+00  [34981s]
step 100400  train 3.5815e-01  |g| 8.09e-01  [35025s]
step 100500  train 3.3518e-01  |g| 2.20e+00  [35071s]
step 100600  train 3.7174e-01  |g| 1.85e+00  [35117s]
step 100700  train 4.0265e-01  |g| 1.42e+00  [35164s]
step 100800  train 3.0188e-01  |g| 1.25e+00  [35212s]
step 100900  train 3.9070e-01  |g| 1.55e+00  [35257s]
step 101000  train 3.4766e-01  |g| 1.78e+00  [35299s]
step 101100  train 3.3632e-01  |g| 2.39e+00  [35345s]
step 101200  train 3.6228e-01  |g| 1.77e+00  [35393s]
step 101300  train 3.4118e-01  |g| 1.69e+00  [35440s]
step 101400  train 3.5409e-01  |g| 1.32e+00  [35487s]
step 101500  train 3.7811e-01  |g| 2.01e+00  [35538s]
step 101600  train 3.7681e-01  |g| 1.32e+00  [35588s]
step 101700  train 3.4267e-01  |g| 1.55e+00  [35636s]
step 101800  train 3.1292e-01  |g| 8.87e-01  [35686s]
step 101900  train 3.6576e-01  |g| 1.50e+00  [35735s]
step 102000  train 3.1826e-01  val 3.6694e-01  6d geo 8.714e-04 med 6.219e-04 p90 1.168e-02 (const 4.732e-02)  |g| 1.54e+00  [35783s]
           5d geo 5.709e-04 med 4.059e-04   postmu 6d geo 7.771e-04 med 5.386e-04 p90 1.273e-02   mu |dlog| 0.0582
           corr(identifiable)  mu=+0.93  D_div_mu=+0.99  T0_div_mu=+0.69  Ly=+0.94  op_x=+0.93  op_y=+0.97   mean spread/GT 0.92
           err share           mu=21%  D_div_mu=0%  T0_div_mu=3%  Ly=26%  op_x=34%  op_y=15%
step 102100  train 3.9118e-01  |g| 1.78e+00  [35835s]
step 102200  train 3.8612e-01  |g| 1.38e+00  [35881s]
step 102300  train 3.4192e-01  |g| 8.94e-01  [35929s]
step 102400  train 3.6778e-01  |g| 1.61e+00  [35975s]
step 102500  train 3.7296e-01  |g| 1.79e+00  [36020s]
step 102600  train 3.5113e-01  |g| 1.54e+00  [36066s]
step 102700  train 3.5452e-01  |g| 1.61e+00  [36113s]
step 102800  train 3.3584e-01  |g| 8.52e-01  [36163s]
step 102900  train 3.2049e-01  |g| 1.38e+00  [36212s]
step 103000  train 3.3669e-01  |g| 1.29e+00  [36261s]
step 103100  train 3.7230e-01  |g| 1.33e+00  [36309s]
step 103200  train 3.6895e-01  |g| 1.82e+00  [36357s]
step 103300  train 3.5384e-01  |g| 8.80e-01  [36405s]
step 103400  train 3.8046e-01  |g| 1.30e+00  [36455s]
step 103500  train 3.5651e-01  |g| 1.34e+00  [36501s]
step 103600  train 3.2025e-01  |g| 1.58e+00  [36548s]
step 103700  train 3.4556e-01  |g| 1.52e+00  [36597s]
step 103800  train 3.7703e-01  |g| 1.62e+00  [36647s]
step 103900  train 3.6888e-01  |g| 2.06e+00  [36697s]
step 104000  train 3.6038e-01  val 3.6032e-01  6d geo 7.458e-04 med 5.516e-04 p90 1.131e-02 (const 4.732e-02)  |g| 2.22e+00  [36743s]
           5d geo 5.000e-04 med 3.724e-04   postmu 6d geo 7.053e-04 med 5.446e-04 p90 1.170e-02   mu |dlog| 0.0656
           corr(identifiable)  mu=+0.93  D_div_mu=+0.99  T0_div_mu=+0.70  Ly=+0.94  op_x=+0.93  op_y=+0.97   mean spread/GT 0.92
           err share           mu=22%  D_div_mu=0%  T0_div_mu=3%  Ly=28%  op_x=34%  op_y=13%
step 104100  train 3.3865e-01  |g| 1.56e+00  [36794s]
step 104200  train 3.6586e-01  |g| 9.06e-01  [36839s]
step 104300  train 3.1392e-01  |g| 1.69e+00  [36882s]
step 104400  train 3.5418e-01  |g| 9.80e-01  [36925s]
step 104500  train 3.3607e-01  |g| 9.14e-01  [36966s]
step 104600  train 4.0131e-01  |g| 1.05e+00  [37006s]
step 104700  train 3.7958e-01  |g| 2.05e+00  [37048s]
step 104800  train 3.6035e-01  |g| 1.62e+00  [37090s]
step 104900  train 3.1149e-01  |g| 1.25e+00  [37133s]
step 105000  train 3.6465e-01  |g| 1.26e+00  [37175s]
step 105100  train 3.5307e-01  |g| 1.34e+00  [37214s]
step 105200  train 3.5687e-01  |g| 1.68e+00  [37256s]
step 105300  train 3.6149e-01  |g| 1.25e+00  [37300s]
step 105400  train 3.9995e-01  |g| 2.39e+00  [37342s]
step 105500  train 3.6805e-01  |g| 2.54e+00  [37386s]
step 105600  train 3.3696e-01  |g| 1.91e+00  [37426s]
step 105700  train 3.1627e-01  |g| 1.98e+00  [37468s]
step 105800  train 3.6870e-01  |g| 2.23e+00  [37513s]
step 105900  train 3.9825e-01  |g| 1.44e+00  [37557s]
step 106000  train 3.4954e-01  val 3.6223e-01  6d geo 7.340e-04 med 5.636e-04 p90 1.059e-02 (const 4.732e-02)  |g| 1.25e+00  [37601s]
           5d geo 5.016e-04 med 3.672e-04   postmu 6d geo 6.805e-04 med 5.094e-04 p90 1.122e-02   mu |dlog| 0.0540
           corr(identifiable)  mu=+0.93  D_div_mu=+0.99  T0_div_mu=+0.70  Ly=+0.95  op_x=+0.93  op_y=+0.97   mean spread/GT 0.91
           err share           mu=23%  D_div_mu=0%  T0_div_mu=3%  Ly=24%  op_x=36%  op_y=13%
step 106100  train 3.7059e-01  |g| 1.32e+00  [37647s]
step 106200  train 3.7307e-01  |g| 1.77e+00  [37691s]
step 106300  train 3.3071e-01  |g| 1.38e+00  [37734s]
step 106400  train 3.4531e-01  |g| 8.82e-01  [37777s]
step 106500  train 3.4083e-01  |g| 1.47e+00  [37819s]
step 106600  train 3.7241e-01  |g| 2.23e+00  [37862s]
step 106700  train 3.2549e-01  |g| 1.92e+00  [37908s]
step 106800  train 3.2736e-01  |g| 2.63e+00  [37953s]
step 106900  train 3.4179e-01  |g| 1.00e+00  [37998s]
step 107000  train 3.9965e-01  |g| 1.79e+00  [38043s]
step 107100  train 3.2293e-01  |g| 1.03e+00  [38085s]
step 107200  train 3.4428e-01  |g| 1.65e+00  [38126s]
step 107300  train 3.0149e-01  |g| 1.54e+00  [38169s]
step 107400  train 3.7306e-01  |g| 1.74e+00  [38209s]
step 107500  train 3.2858e-01  |g| 1.02e+00  [38249s]
step 107600  train 3.9066e-01  |g| 9.48e-01  [38290s]
step 107700  train 3.6061e-01  |g| 1.14e+00  [38333s]
step 107800  train 3.5854e-01  |g| 2.94e+00  [38376s]
step 107900  train 3.5807e-01  |g| 1.67e+00  [38416s]
step 108000  train 3.5350e-01  val 3.6677e-01  6d geo 8.099e-04 med 5.999e-04 p90 1.115e-02 (const 4.732e-02)  |g| 1.09e+00  [38456s]
           5d geo 4.937e-04 med 3.758e-04   postmu 6d geo 6.819e-04 med 5.047e-04 p90 1.114e-02   mu |dlog| 0.0573
           corr(identifiable)  mu=+0.93  D_div_mu=+0.99  T0_div_mu=+0.70  Ly=+0.95  op_x=+0.94  op_y=+0.97   mean spread/GT 0.92
           err share           mu=25%  D_div_mu=0%  T0_div_mu=3%  Ly=23%  op_x=35%  op_y=14%
step 108100  train 3.4015e-01  |g| 8.34e-01  [38502s]
step 108200  train 3.4832e-01  |g| 2.81e+00  [38545s]
step 108300  train 3.8282e-01  |g| 1.93e+00  [38589s]
step 108400  train 3.4028e-01  |g| 1.42e+00  [38635s]
step 108500  train 3.7675e-01  |g| 1.43e+00  [38678s]
step 108600  train 3.2425e-01  |g| 1.35e+00  [38721s]
step 108700  train 3.3290e-01  |g| 1.29e+00  [38766s]
step 108800  train 3.8695e-01  |g| 1.58e+00  [38812s]
step 108900  train 3.4234e-01  |g| 2.01e+00  [38855s]
step 109000  train 4.3984e-01  |g| 1.60e+00  [38902s]
step 109100  train 3.4220e-01  |g| 2.32e+00  [38946s]
step 109200  train 3.2789e-01  |g| 2.22e+00  [38988s]
step 109300  train 3.3856e-01  |g| 1.77e+00  [39031s]
step 109400  train 3.7691e-01  |g| 1.61e+00  [39075s]
step 109500  train 4.0896e-01  |g| 1.61e+00  [39119s]
step 109600  train 3.5932e-01  |g| 1.16e+00  [39165s]
step 109700  train 3.9443e-01  |g| 1.39e+00  [39208s]
step 109800  train 3.3644e-01  |g| 1.46e+00  [39254s]
step 109900  train 3.5907e-01  |g| 2.22e+00  [39299s]
step 110000  train 3.1355e-01  val 3.6073e-01  6d geo 7.062e-04 med 5.148e-04 p90 9.363e-03 (const 4.732e-02)  |g| 1.76e+00  [39345s]
           5d geo 4.875e-04 med 3.506e-04   postmu 6d geo 7.509e-04 med 5.794e-04 p90 1.123e-02   mu |dlog| 0.0703
           corr(identifiable)  mu=+0.93  D_div_mu=+0.99  T0_div_mu=+0.71  Ly=+0.95  op_x=+0.94  op_y=+0.98   mean spread/GT 0.91
           err share           mu=25%  D_div_mu=0%  T0_div_mu=3%  Ly=25%  op_x=34%  op_y=12%
step 110100  train 3.4723e-01  |g| 1.28e+00  [39393s]
step 110200  train 3.1754e-01  |g| 1.47e+00  [39436s]
step 110300  train 2.8777e-01  |g| 1.98e+00  [39480s]
step 110400  train 3.6968e-01  |g| 1.57e+00  [39524s]
step 110500  train 3.2488e-01  |g| 1.30e+00  [39570s]
step 110600  train 3.4608e-01  |g| 1.99e+00  [39614s]
step 110700  train 3.1760e-01  |g| 1.86e+00  [39657s]
step 110800  train 3.6901e-01  |g| 2.38e+00  [39701s]
step 110900  train 3.3890e-01  |g| 1.81e+00  [39744s]
step 111000  train 3.5425e-01  |g| 2.36e+00  [39789s]
step 111100  train 3.6591e-01  |g| 1.07e+00  [39834s]
step 111200  train 3.4551e-01  |g| 2.44e+00  [39880s]
step 111300  train 3.4792e-01  |g| 1.04e+00  [39924s]
step 111400  train 3.8805e-01  |g| 2.18e+00  [39969s]
step 111500  train 3.5011e-01  |g| 1.19e+00  [40017s]
step 111600  train 3.1989e-01  |g| 1.24e+00  [40063s]
step 111700  train 3.3513e-01  |g| 1.71e+00  [40112s]
step 111800  train 3.1368e-01  |g| 1.80e+00  [40158s]
step 111900  train 3.5735e-01  |g| 1.57e+00  [40201s]
step 112000  train 3.3856e-01  val 3.5152e-01  6d geo 6.468e-04 med 4.994e-04 p90 9.845e-03 (const 4.732e-02)  |g| 1.12e+00  [40246s]
           5d geo 4.472e-04 med 3.514e-04   postmu 6d geo 6.093e-04 med 4.803e-04 p90 1.016e-02   mu |dlog| 0.0516
           corr(identifiable)  mu=+0.93  D_div_mu=+0.99  T0_div_mu=+0.70  Ly=+0.94  op_x=+0.94  op_y=+0.97   mean spread/GT 0.92
           err share           mu=22%  D_div_mu=0%  T0_div_mu=3%  Ly=28%  op_x=33%  op_y=14%
step 112100  train 3.2777e-01  |g| 1.87e+00  [40299s]
step 112200  train 3.7973e-01  |g| 1.21e+00  [40346s]
step 112300  train 3.4159e-01  |g| 2.03e+00  [40391s]
step 112400  train 3.2369e-01  |g| 1.17e+00  [40436s]
step 112500  train 3.0169e-01  |g| 8.15e-01  [40481s]
step 112600  train 3.5251e-01  |g| 1.39e+00  [40524s]
step 112700  train 3.2425e-01  |g| 1.06e+00  [40565s]
step 112800  train 3.2353e-01  |g| 1.11e+00  [40606s]
step 112900  train 3.8010e-01  |g| 1.87e+00  [40647s]
step 113000  train 3.3836e-01  |g| 1.14e+00  [40688s]
step 113100  train 3.4684e-01  |g| 1.22e+00  [40734s]
step 113200  train 3.9643e-01  |g| 1.36e+00  [40776s]
step 113300  train 3.1583e-01  |g| 8.88e-01  [40818s]
step 113400  train 3.2888e-01  |g| 1.24e+00  [40861s]
step 113500  train 3.6968e-01  |g| 1.51e+00  [40906s]
step 113600  train 3.7432e-01  |g| 1.99e+00  [40949s]
step 113700  train 3.4955e-01  |g| 1.12e+00  [40992s]
step 113800  train 3.5069e-01  |g| 1.95e+00  [41038s]
step 113900  train 3.6935e-01  |g| 1.24e+00  [41084s]
step 114000  train 3.3500e-01  val 3.5061e-01  6d geo 7.586e-04 med 5.685e-04 p90 9.645e-03 (const 4.732e-02)  |g| 1.50e+00  [41130s]
           5d geo 4.257e-04 med 3.160e-04   postmu 6d geo 5.628e-04 med 4.376e-04 p90 8.816e-03   mu |dlog| 0.0511
           corr(identifiable)  mu=+0.94  D_div_mu=+0.99  T0_div_mu=+0.72  Ly=+0.95  op_x=+0.94  op_y=+0.98   mean spread/GT 0.92
           err share           mu=24%  D_div_mu=0%  T0_div_mu=3%  Ly=24%  op_x=36%  op_y=12%
step 114100  train 3.3956e-01  |g| 1.95e+00  [41178s]
step 114200  train 3.0112e-01  |g| 1.09e+00  [41222s]
step 114300  train 3.5680e-01  |g| 1.67e+00  [41266s]
step 114400  train 3.5905e-01  |g| 7.93e-01  [41312s]
step 114500  train 3.5131e-01  |g| 1.29e+00  [41360s]
step 114600  train 3.2454e-01  |g| 1.99e+00  [41405s]
step 114700  train 3.4183e-01  |g| 1.02e+00  [41448s]
step 114800  train 3.5625e-01  |g| 1.01e+00  [41494s]
step 114900  train 3.4270e-01  |g| 1.42e+00  [41542s]
step 115000  train 3.6177e-01  |g| 1.24e+00  [41588s]
step 115100  train 3.3073e-01  |g| 3.49e+00  [41633s]
step 115200  train 3.2017e-01  |g| 2.50e+00  [41676s]
step 115300  train 3.2709e-01  |g| 1.07e+00  [41721s]
step 115400  train 3.4678e-01  |g| 1.70e+00  [41764s]
step 115500  train 3.9712e-01  |g| 1.38e+00  [41807s]
step 115600  train 2.9800e-01  |g| 1.30e+00  [41853s]
step 115700  train 3.5416e-01  |g| 2.44e+00  [41900s]
step 115800  train 3.4355e-01  |g| 1.10e+00  [41944s]
step 115900  train 3.3572e-01  |g| 1.78e+00  [41988s]
step 116000  train 3.4160e-01  val 3.5342e-01  6d geo 8.857e-04 med 7.492e-04 p90 9.494e-03 (const 4.732e-02)  |g| 1.92e+00  [42034s]
           5d geo 4.642e-04 med 3.299e-04   postmu 6d geo 6.759e-04 med 5.299e-04 p90 8.441e-03   mu |dlog| 0.0656
           corr(identifiable)  mu=+0.94  D_div_mu=+0.99  T0_div_mu=+0.70  Ly=+0.95  op_x=+0.94  op_y=+0.98   mean spread/GT 0.93
           err share           mu=28%  D_div_mu=0%  T0_div_mu=3%  Ly=24%  op_x=33%  op_y=11%
step 116100  train 2.8752e-01  |g| 1.34e+00  [42081s]
step 116200  train 3.4553e-01  |g| 8.54e-01  [42124s]
step 116300  train 3.2666e-01  |g| 1.59e+00  [42168s]
step 116400  train 3.6680e-01  |g| 1.29e+00  [42213s]
step 116500  train 3.5794e-01  |g| 1.13e+00  [42256s]
step 116600  train 3.4672e-01  |g| 1.73e+00  [42298s]
step 116700  train 3.7469e-01  |g| 2.13e+00  [42339s]
step 116800  train 3.4882e-01  |g| 1.74e+00  [42380s]
step 116900  train 3.3555e-01  |g| 1.98e+00  [42423s]
step 117000  train 3.6925e-01  |g| 1.99e+00  [42465s]
step 117100  train 3.3129e-01  |g| 1.18e+00  [42507s]
step 117200  train 3.2197e-01  |g| 1.64e+00  [42548s]
step 117300  train 3.3193e-01  |g| 1.55e+00  [42588s]
step 117400  train 3.2845e-01  |g| 1.94e+00  [42629s]
step 117500  train 3.4286e-01  |g| 1.00e+00  [42672s]
step 117600  train 3.4726e-01  |g| 1.64e+00  [42716s]
step 117700  train 3.4672e-01  |g| 1.20e+00  [42759s]
step 117800  train 3.3318e-01  |g| 1.53e+00  [42800s]
step 117900  train 3.0838e-01  |g| 2.16e+00  [42845s]
step 118000  train 3.3201e-01  val 3.4095e-01  6d geo 5.887e-04 med 4.589e-04 p90 7.927e-03 (const 4.732e-02)  |g| 1.42e+00  [42890s]
           5d geo 3.577e-04 med 2.633e-04   postmu 6d geo 5.173e-04 med 4.389e-04 p90 8.304e-03   mu |dlog| 0.0536
           corr(identifiable)  mu=+0.94  D_div_mu=+0.99  T0_div_mu=+0.72  Ly=+0.96  op_x=+0.95  op_y=+0.98   mean spread/GT 0.92
           err share           mu=24%  D_div_mu=0%  T0_div_mu=4%  Ly=26%  op_x=34%  op_y=12%
step 118100  train 3.5105e-01  |g| 1.41e+00  [42938s]
step 118200  train 3.1842e-01  |g| 1.04e+00  [42981s]
step 118300  train 3.1788e-01  |g| 1.81e+00  [43025s]
step 118400  train 3.4811e-01  |g| 2.23e+00  [43068s]
step 118500  train 3.9012e-01  |g| 1.24e+00  [43113s]
step 118600  train 3.3094e-01  |g| 1.25e+00  [43159s]
step 118700  train 3.8469e-01  |g| 1.59e+00  [43203s]
step 118800  train 3.3840e-01  |g| 1.32e+00  [43248s]
step 118900  train 3.2244e-01  |g| 2.61e+00  [43295s]
step 119000  train 2.9408e-01  |g| 1.32e+00  [43341s]
step 119100  train 3.2001e-01  |g| 1.31e+00  [43389s]
step 119200  train 3.2492e-01  |g| 1.29e+00  [43433s]
step 119300  train 3.6065e-01  |g| 1.07e+00  [43476s]
step 119400  train 3.5904e-01  |g| 2.07e+00  [43520s]
step 119500  train 3.1967e-01  |g| 2.57e+00  [43564s]
step 119600  train 3.4196e-01  |g| 1.84e+00  [43609s]
step 119700  train 3.4194e-01  |g| 1.76e+00  [43653s]
step 119800  train 3.3960e-01  |g| 1.84e+00  [43697s]
step 119900  train 3.3609e-01  |g| 2.36e+00  [43743s]
step 120000  train 3.6437e-01  val 3.5483e-01  6d geo 6.491e-04 med 5.395e-04 p90 7.746e-03 (const 4.732e-02)  |g| 1.09e+00  [43788s]
           5d geo 4.069e-04 med 3.178e-04   postmu 6d geo 6.096e-04 med 5.205e-04 p90 7.383e-03   mu |dlog| 0.0665
           corr(identifiable)  mu=+0.94  D_div_mu=+0.99  T0_div_mu=+0.73  Ly=+0.96  op_x=+0.94  op_y=+0.98   mean spread/GT 0.92
           err share           mu=23%  D_div_mu=0%  T0_div_mu=3%  Ly=26%  op_x=36%  op_y=12%
step 120100  train 3.2616e-01  |g| 1.18e+00  [43835s]
step 120200  train 3.3665e-01  |g| 1.29e+00  [43881s]
step 120300  train 3.5348e-01  |g| 2.83e+00  [43924s]
step 120400  train 3.2386e-01  |g| 1.52e+00  [43968s]
step 120500  train 3.2150e-01  |g| 1.17e+00  [44011s]
step 120600  train 3.3513e-01  |g| 1.47e+00  [44054s]
step 120700  train 3.4048e-01  |g| 1.36e+00  [44098s]
step 120800  train 3.5281e-01  |g| 1.38e+00  [44140s]
step 120900  train 3.1863e-01  |g| 1.31e+00  [44183s]
step 121000  train 3.3154e-01  |g| 1.87e+00  [44226s]
step 121100  train 3.3225e-01  |g| 1.17e+00  [44269s]
step 121200  train 3.6179e-01  |g| 1.46e+00  [44311s]
step 121300  train 3.6242e-01  |g| 1.23e+00  [44353s]
step 121400  train 3.2163e-01  |g| 1.51e+00  [44397s]
step 121500  train 3.0449e-01  |g| 1.81e+00  [44439s]
step 121600  train 3.8491e-01  |g| 1.68e+00  [44482s]
step 121700  train 3.6867e-01  |g| 3.00e+00  [44524s]
step 121800  train 2.9218e-01  |g| 1.99e+00  [44565s]
step 121900  train 2.9941e-01  |g| 2.21e+00  [44609s]
step 122000  train 3.3827e-01  val 3.4921e-01  6d geo 6.227e-04 med 4.658e-04 p90 8.073e-03 (const 4.732e-02)  |g| 6.93e-01  [44653s]
           5d geo 4.168e-04 med 3.147e-04   postmu 6d geo 5.930e-04 med 4.427e-04 p90 8.656e-03   mu |dlog| 0.0523
           corr(identifiable)  mu=+0.94  D_div_mu=+0.99  T0_div_mu=+0.72  Ly=+0.95  op_x=+0.94  op_y=+0.98   mean spread/GT 0.92
           err share           mu=21%  D_div_mu=0%  T0_div_mu=3%  Ly=28%  op_x=34%  op_y=13%
step 122100  train 3.6024e-01  |g| 2.04e+00  [44703s]
step 122200  train 3.0384e-01  |g| 1.93e+00  [44748s]
step 122300  train 3.3437e-01  |g| 2.05e+00  [44793s]
step 122400  train 3.4103e-01  |g| 1.91e+00  [44839s]
step 122500  train 3.5081e-01  |g| 2.13e+00  [44884s]
step 122600  train 3.0443e-01  |g| 1.40e+00  [44931s]
step 122700  train 3.2626e-01  |g| 1.82e+00  [44978s]
step 122800  train 3.3254e-01  |g| 1.56e+00  [45021s]
step 122900  train 3.5672e-01  |g| 1.99e+00  [45065s]
step 123000  train 3.1465e-01  |g| 1.60e+00  [45109s]
step 123100  train 3.1721e-01  |g| 1.19e+00  [45152s]
step 123200  train 2.9912e-01  |g| 1.39e+00  [45196s]
step 123300  train 2.9196e-01  |g| 1.74e+00  [45240s]
step 123400  train 3.6028e-01  |g| 1.95e+00  [45284s]
step 123500  train 3.1387e-01  |g| 2.26e+00  [45329s]
step 123600  train 3.3759e-01  |g| 2.40e+00  [45372s]
step 123700  train 3.1233e-01  |g| 1.04e+00  [45416s]
step 123800  train 3.2580e-01  |g| 1.08e+00  [45458s]
step 123900  train 3.2062e-01  |g| 1.60e+00  [45500s]
step 124000  train 3.5772e-01  val 3.3809e-01  6d geo 6.424e-04 med 4.810e-04 p90 7.375e-03 (const 4.732e-02)  |g| 1.54e+00  [45544s]
           5d geo 3.987e-04 med 2.940e-04   postmu 6d geo 6.154e-04 med 4.769e-04 p90 8.023e-03   mu |dlog| 0.0669
           corr(identifiable)  mu=+0.94  D_div_mu=+0.99  T0_div_mu=+0.73  Ly=+0.96  op_x=+0.95  op_y=+0.98   mean spread/GT 0.93
           err share           mu=24%  D_div_mu=0%  T0_div_mu=4%  Ly=25%  op_x=35%  op_y=12%
step 124100  train 3.0860e-01  |g| 9.93e-01  [45590s]
step 124200  train 3.5229e-01  |g| 1.03e+00  [45633s]
step 124300  train 3.0701e-01  |g| 1.58e+00  [45679s]
step 124400  train 3.3532e-01  |g| 2.05e+00  [45725s]
step 124500  train 3.2177e-01  |g| 2.19e+00  [45772s]
step 124600  train 3.0257e-01  |g| 1.80e+00  [45819s]
step 124700  train 2.8109e-01  |g| 1.29e+00  [45866s]
step 124800  train 3.5665e-01  |g| 1.99e+00  [45914s]
step 124900  train 3.1975e-01  |g| 1.68e+00  [45959s]
step 125000  train 3.2259e-01  |g| 2.42e+00  [46003s]
step 125100  train 3.4062e-01  |g| 1.25e+00  [46051s]
step 125200  train 3.1550e-01  |g| 1.36e+00  [46096s]
step 125300  train 3.2850e-01  |g| 1.34e+00  [46139s]
step 125400  train 3.1194e-01  |g| 2.71e+00  [46183s]
step 125500  train 3.3780e-01  |g| 1.85e+00  [46225s]
step 125600  train 3.1879e-01  |g| 2.20e+00  [46270s]
step 125700  train 2.9973e-01  |g| 2.01e+00  [46314s]
step 125800  train 3.2164e-01  |g| 9.44e-01  [46361s]
step 125900  train 3.1990e-01  |g| 1.79e+00  [46409s]
step 126000  train 3.0855e-01  val 3.3820e-01  6d geo 5.811e-04 med 4.302e-04 p90 7.587e-03 (const 4.732e-02)  |g| 1.43e+00  [46455s]
           5d geo 3.482e-04 med 2.522e-04   postmu 6d geo 4.793e-04 med 3.526e-04 p90 7.356e-03   mu |dlog| 0.0460
           corr(identifiable)  mu=+0.94  D_div_mu=+0.99  T0_div_mu=+0.73  Ly=+0.96  op_x=+0.95  op_y=+0.98   mean spread/GT 0.93
           err share           mu=24%  D_div_mu=0%  T0_div_mu=3%  Ly=24%  op_x=37%  op_y=12%
step 126100  train 3.2405e-01  |g| 2.51e+00  [46504s]
step 126200  train 2.9593e-01  |g| 3.76e+00  [46547s]
step 126300  train 3.3043e-01  |g| 1.32e+00  [46592s]
step 126400  train 3.1207e-01  |g| 1.94e+00  [46637s]
step 126500  train 3.2045e-01  |g| 2.10e+00  [46680s]
step 126600  train 3.1733e-01  |g| 1.79e+00  [46722s]
step 126700  train 2.9975e-01  |g| 1.48e+00  [46765s]
step 126800  train 3.1998e-01  |g| 1.93e+00  [46808s]
step 126900  train 3.0628e-01  |g| 1.35e+00  [46850s]
step 127000  train 2.8710e-01  |g| 2.03e+00  [46893s]
step 127100  train 3.3483e-01  |g| 1.84e+00  [46935s]
step 127200  train 3.2424e-01  |g| 1.42e+00  [46976s]
step 127300  train 3.1575e-01  |g| 2.23e+00  [47021s]
step 127400  train 3.4779e-01  |g| 1.71e+00  [47065s]
step 127500  train 3.0975e-01  |g| 1.40e+00  [47109s]
step 127600  train 3.3574e-01  |g| 1.35e+00  [47155s]
step 127700  train 3.2238e-01  |g| 1.34e+00  [47202s]
step 127800  train 3.0983e-01  |g| 1.72e+00  [47245s]
step 127900  train 3.8009e-01  |g| 1.43e+00  [47288s]
step 128000  train 3.3800e-01  val 3.4121e-01  6d geo 5.265e-04 med 3.995e-04 p90 7.263e-03 (const 4.732e-02)  |g| 1.54e+00  [47330s]
           5d geo 3.548e-04 med 2.517e-04   postmu 6d geo 5.109e-04 med 3.868e-04 p90 7.697e-03   mu |dlog| 0.0503
           corr(identifiable)  mu=+0.94  D_div_mu=+0.99  T0_div_mu=+0.73  Ly=+0.96  op_x=+0.95  op_y=+0.98   mean spread/GT 0.92
           err share           mu=24%  D_div_mu=0%  T0_div_mu=4%  Ly=24%  op_x=35%  op_y=12%
step 128100  train 3.0700e-01  |g| 1.72e+00  [47377s]
step 128200  train 3.1016e-01  |g| 2.57e+00  [47423s]
step 128300  train 3.0419e-01  |g| 2.41e+00  [47468s]
step 128400  train 3.0112e-01  |g| 1.19e+00  [47512s]
step 128500  train 3.0900e-01  |g| 2.19e+00  [47555s]
step 128600  train 2.9665e-01  |g| 1.34e+00  [47599s]
step 128700  train 3.4366e-01  |g| 1.91e+00  [47643s]
step 128800  train 3.4332e-01  |g| 2.15e+00  [47686s]
step 128900  train 3.1971e-01  |g| 1.84e+00  [47729s]
step 129000  train 3.2530e-01  |g| 2.40e+00  [47774s]
step 129100  train 2.9927e-01  |g| 2.39e+00  [47815s]
step 129200  train 3.1109e-01  |g| 1.11e+00  [47856s]
step 129300  train 3.1976e-01  |g| 2.00e+00  [47899s]
step 129400  train 3.3765e-01  |g| 1.51e+00  [47943s]
step 129500  train 2.6551e-01  |g| 1.43e+00  [47987s]
step 129600  train 3.1333e-01  |g| 1.58e+00  [48030s]
step 129700  train 3.1063e-01  |g| 1.37e+00  [48076s]
step 129800  train 2.9563e-01  |g| 1.49e+00  [48122s]
step 129900  train 3.3051e-01  |g| 1.41e+00  [48167s]
step 130000  train 3.4098e-01  val 3.4149e-01  6d geo 4.974e-04 med 3.681e-04 p90 5.816e-03 (const 4.732e-02)  |g| 1.97e+00  [48213s]
           5d geo 3.379e-04 med 2.615e-04   postmu 6d geo 4.733e-04 med 3.592e-04 p90 6.368e-03   mu |dlog| 0.0511
           corr(identifiable)  mu=+0.94  D_div_mu=+0.99  T0_div_mu=+0.74  Ly=+0.96  op_x=+0.95  op_y=+0.98   mean spread/GT 0.92
           err share           mu=23%  D_div_mu=0%  T0_div_mu=4%  Ly=25%  op_x=36%  op_y=11%
step 130100  train 3.5906e-01  |g| 2.06e+00  [48261s]
step 130200  train 3.1837e-01  |g| 1.47e+00  [48306s]
step 130300  train 3.4550e-01  |g| 1.56e+00  [48349s]
step 130400  train 3.1301e-01  |g| 1.82e+00  [48393s]
step 130500  train 3.2583e-01  |g| 1.35e+00  [48440s]
step 130600  train 2.9608e-01  |g| 2.40e+00  [48485s]
step 130700  train 2.9256e-01  |g| 1.67e+00  [48528s]
step 130800  train 3.0413e-01  |g| 1.67e+00  [48574s]
step 130900  train 3.3728e-01  |g| 1.69e+00  [48618s]
step 131000  train 3.0485e-01  |g| 3.09e+00  [48662s]
step 131100  train 2.9862e-01  |g| 1.41e+00  [48708s]
step 131200  train 3.4315e-01  |g| 1.59e+00  [48755s]
step 131300  train 2.9521e-01  |g| 1.86e+00  [48802s]
step 131400  train 3.1295e-01  |g| 1.51e+00  [48847s]
step 131500  train 3.2916e-01  |g| 9.62e-01  [48891s]
step 131600  train 3.1730e-01  |g| 2.03e+00  [48937s]
step 131700  train 3.2980e-01  |g| 1.30e+00  [48980s]
step 131800  train 3.6113e-01  |g| 9.02e-01  [49024s]
step 131900  train 3.1188e-01  |g| 1.47e+00  [49068s]
step 132000  train 3.3046e-01  val 3.3715e-01  6d geo 5.244e-04 med 4.110e-04 p90 6.598e-03 (const 4.732e-02)  |g| 1.39e+00  [49111s]
           5d geo 3.527e-04 med 2.672e-04   postmu 6d geo 4.774e-04 med 3.761e-04 p90 6.542e-03   mu |dlog| 0.0462
           corr(identifiable)  mu=+0.94  D_div_mu=+0.99  T0_div_mu=+0.74  Ly=+0.96  op_x=+0.95  op_y=+0.98   mean spread/GT 0.92
           err share           mu=23%  D_div_mu=0%  T0_div_mu=4%  Ly=26%  op_x=37%  op_y=11%
step 132100  train 3.1398e-01  |g| 1.42e+00  [49160s]
step 132200  train 3.1979e-01  |g| 1.78e+00  [49204s]
step 132300  train 3.4822e-01  |g| 1.67e+00  [49247s]
step 132400  train 3.1480e-01  |g| 2.32e+00  [49289s]
step 132500  train 3.1631e-01  |g| 1.69e+00  [49334s]
step 132600  train 3.2064e-01  |g| 2.12e+00  [49378s]
step 132700  train 3.3432e-01  |g| 1.53e+00  [49423s]
step 132800  train 3.1559e-01  |g| 1.35e+00  [49468s]
step 132900  train 2.9182e-01  |g| 2.24e+00  [49516s]
step 133000  train 3.5346e-01  |g| 1.51e+00  [49562s]
step 133100  train 3.2804e-01  |g| 1.82e+00  [49606s]
step 133200  train 3.4712e-01  |g| 3.54e+00  [49651s]
step 133300  train 3.0986e-01  |g| 9.19e-01  [49697s]
step 133400  train 3.3760e-01  |g| 1.33e+00  [49744s]
step 133500  train 3.2111e-01  |g| 1.99e+00  [49790s]
step 133600  train 3.0325e-01  |g| 9.83e-01  [49838s]
step 133700  train 3.5322e-01  |g| 1.58e+00  [49884s]
step 133800  train 2.6869e-01  |g| 2.07e+00  [49930s]
step 133900  train 3.5251e-01  |g| 2.94e+00  [49974s]
step 134000  train 3.1423e-01  val 3.3012e-01  6d geo 5.583e-04 med 4.573e-04 p90 7.204e-03 (const 4.732e-02)  |g| 1.11e+00  [50018s]
           5d geo 3.095e-04 med 2.327e-04   postmu 6d geo 4.376e-04 med 3.503e-04 p90 6.970e-03   mu |dlog| 0.0485
           corr(identifiable)  mu=+0.94  D_div_mu=+0.99  T0_div_mu=+0.74  Ly=+0.96  op_x=+0.95  op_y=+0.98   mean spread/GT 0.93
           err share           mu=26%  D_div_mu=0%  T0_div_mu=4%  Ly=24%  op_x=36%  op_y=10%
step 134100  train 2.7786e-01  |g| 1.93e+00  [50067s]
step 134200  train 2.8883e-01  |g| 2.21e+00  [50113s]
step 134300  train 3.0609e-01  |g| 1.24e+00  [50158s]
step 134400  train 3.1235e-01  |g| 1.49e+00  [50203s]
step 134500  train 3.3457e-01  |g| 1.17e+00  [50248s]
step 134600  train 3.1200e-01  |g| 2.32e+00  [50290s]
step 134700  train 3.2994e-01  |g| 1.43e+00  [50333s]
step 134800  train 2.9559e-01  |g| 1.33e+00  [50376s]
step 134900  train 2.8402e-01  |g| 1.20e+00  [50420s]
step 135000  train 3.1228e-01  |g| 2.83e+00  [50464s]
step 135100  train 2.8556e-01  |g| 1.73e+00  [50509s]
step 135200  train 3.1106e-01  |g| 2.25e+00  [50554s]
step 135300  train 3.1231e-01  |g| 1.29e+00  [50599s]
step 135400  train 3.2505e-01  |g| 1.74e+00  [50642s]
step 135500  train 3.1084e-01  |g| 1.28e+00  [50687s]
step 135600  train 3.2695e-01  |g| 1.32e+00  [50730s]
step 135700  train 3.4161e-01  |g| 1.84e+00  [50774s]
step 135800  train 3.1225e-01  |g| 2.37e+00  [50818s]
step 135900  train 3.1479e-01  |g| 1.54e+00  [50861s]
step 136000  train 3.0953e-01  val 3.2498e-01  6d geo 4.997e-04 med 3.714e-04 p90 7.536e-03 (const 4.732e-02)  |g| 2.72e+00  [50904s]
           5d geo 3.091e-04 med 2.363e-04   postmu 6d geo 4.374e-04 med 3.182e-04 p90 7.069e-03   mu |dlog| 0.0467
           corr(identifiable)  mu=+0.94  D_div_mu=+0.99  T0_div_mu=+0.74  Ly=+0.95  op_x=+0.95  op_y=+0.98   mean spread/GT 0.93
           err share           mu=21%  D_div_mu=0%  T0_div_mu=3%  Ly=28%  op_x=34%  op_y=13%
step 136100  train 3.3224e-01  |g| 2.18e+00  [50950s]
step 136200  train 3.5112e-01  |g| 9.28e-01  [50994s]
step 136300  train 3.3665e-01  |g| 2.09e+00  [51036s]
step 136400  train 3.2109e-01  |g| 1.92e+00  [51078s]
step 136500  train 3.0831e-01  |g| 1.53e+00  [51119s]
step 136600  train 3.1593e-01  |g| 1.64e+00  [51159s]
step 136700  train 3.1496e-01  |g| 1.77e+00  [51199s]
step 136800  train 3.4081e-01  |g| 1.77e+00  [51240s]
step 136900  train 3.0244e-01  |g| 1.44e+00  [51282s]
step 137000  train 3.1742e-01  |g| 2.24e+00  [51325s]
step 137100  train 2.7556e-01  |g| 2.53e+00  [51366s]
step 137200  train 3.3739e-01  |g| 1.18e+00  [51408s]
step 137300  train 3.5804e-01  |g| 1.24e+00  [51450s]
step 137400  train 3.0684e-01  |g| 1.71e+00  [51518s]
step 137500  train 3.0373e-01  |g| 2.56e+00  [51584s]
step 137600  train 2.9664e-01  |g| 1.66e+00  [51626s]
step 137700  train 3.3692e-01  |g| 2.29e+00  [51667s]
step 137800  train 3.4714e-01  |g| 1.03e+00  [51708s]
step 137900  train 3.2468e-01  |g| 2.98e+00  [51749s]
step 138000  train 3.3766e-01  val 3.3176e-01  6d geo 5.144e-04 med 4.050e-04 p90 5.722e-03 (const 4.732e-02)  |g| 2.16e+00  [51790s]
           5d geo 3.048e-04 med 2.334e-04   postmu 6d geo 4.472e-04 med 3.510e-04 p90 5.759e-03   mu |dlog| 0.0535
           corr(identifiable)  mu=+0.94  D_div_mu=+0.99  T0_div_mu=+0.73  Ly=+0.96  op_x=+0.95  op_y=+0.98   mean spread/GT 0.93
           err share           mu=26%  D_div_mu=0%  T0_div_mu=3%  Ly=24%  op_x=35%  op_y=12%
step 138100  train 2.9573e-01  |g| 2.72e+00  [51835s]
step 138200  train 3.5889e-01  |g| 1.94e+00  [51876s]
step 138300  train 3.0163e-01  |g| 2.10e+00  [51919s]
step 138400  train 2.7412e-01  |g| 1.97e+00  [51963s]
step 138500  train 2.6926e-01  |g| 1.66e+00  [52006s]
step 138600  train 2.8315e-01  |g| 1.95e+00  [52050s]
step 138700  train 2.9102e-01  |g| 1.54e+00  [52093s]
step 138800  train 3.1603e-01  |g| 1.84e+00  [52135s]
step 138900  train 3.3382e-01  |g| 1.70e+00  [52180s]
step 139000  train 3.0623e-01  |g| 1.51e+00  [52225s]
step 139100  train 3.1609e-01  |g| 1.26e+00  [52268s]
step 139200  train 3.1868e-01  |g| 1.55e+00  [52310s]
step 139300  train 2.5049e-01  |g| 2.13e+00  [52351s]
step 139400  train 2.6924e-01  |g| 1.74e+00  [52391s]
step 139500  train 3.0315e-01  |g| 1.98e+00  [52433s]
step 139600  train 2.9255e-01  |g| 1.03e+00  [52475s]
step 139700  train 3.0798e-01  |g| 1.23e+00  [52521s]
step 139800  train 3.3085e-01  |g| 1.27e+00  [52567s]
step 139900  train 3.2640e-01  |g| 2.56e+00  [52611s]
step 140000  train 3.5511e-01  val 3.2469e-01  6d geo 4.580e-04 med 3.736e-04 p90 5.656e-03 (const 4.732e-02)  |g| 1.46e+00  [52655s]
           5d geo 2.901e-04 med 2.272e-04   postmu 6d geo 3.969e-04 med 3.150e-04 p90 6.031e-03   mu |dlog| 0.0430
           corr(identifiable)  mu=+0.95  D_div_mu=+0.99  T0_div_mu=+0.74  Ly=+0.97  op_x=+0.95  op_y=+0.98   mean spread/GT 0.93
           err share           mu=23%  D_div_mu=0%  T0_div_mu=4%  Ly=23%  op_x=39%  op_y=11%
step 140100  train 3.4279e-01  |g| 2.37e+00  [52701s]
step 140200  train 3.6043e-01  |g| 2.36e+00  [52744s]
step 140300  train 2.8145e-01  |g| 1.88e+00  [52786s]
step 140400  train 3.1915e-01  |g| 3.64e+00  [52828s]
step 140500  train 3.5991e-01  |g| 2.22e+00  [52872s]
step 140600  train 2.8742e-01  |g| 1.74e+00  [52917s]
step 140700  train 3.3505e-01  |g| 1.76e+00  [52963s]
step 140800  train 2.8667e-01  |g| 2.43e+00  [53008s]
step 140900  train 3.1717e-01  |g| 2.58e+00  [53052s]
step 141000  train 2.9060e-01  |g| 1.24e+00  [53098s]
step 141100  train 2.8780e-01  |g| 1.34e+00  [53142s]
step 141200  train 3.1581e-01  |g| 1.24e+00  [53185s]
step 141300  train 3.0256e-01  |g| 1.66e+00  [53228s]
step 141400  train 3.1504e-01  |g| 1.64e+00  [53271s]
step 141500  train 3.1473e-01  |g| 1.30e+00  [53316s]
step 141600  train 2.9884e-01  |g| 1.48e+00  [53359s]
step 141700  train 3.0510e-01  |g| 1.36e+00  [53403s]
step 141800  train 3.2180e-01  |g| 1.94e+00  [53446s]
step 141900  train 2.9544e-01  |g| 2.12e+00  [53489s]
step 142000  train 2.8210e-01  val 3.2643e-01  6d geo 4.435e-04 med 3.438e-04 p90 5.394e-03 (const 4.732e-02)  |g| 1.13e+00  [53534s]
           5d geo 2.982e-04 med 2.305e-04   postmu 6d geo 4.302e-04 med 3.397e-04 p90 5.822e-03   mu |dlog| 0.0472
           corr(identifiable)  mu=+0.95  D_div_mu=+0.99  T0_div_mu=+0.75  Ly=+0.97  op_x=+0.95  op_y=+0.99   mean spread/GT 0.93
           err share           mu=25%  D_div_mu=0%  T0_div_mu=4%  Ly=24%  op_x=36%  op_y=11%
step 142100  train 2.9768e-01  |g| 1.92e+00  [53583s]
step 142200  train 2.9629e-01  |g| 1.68e+00  [53628s]
step 142300  train 3.0248e-01  |g| 2.51e+00  [53672s]
step 142400  train 2.6386e-01  |g| 1.88e+00  [53716s]
step 142500  train 3.2909e-01  |g| 1.82e+00  [53761s]
step 142600  train 2.5413e-01  |g| 1.24e+00  [53804s]
step 142700  train 2.9965e-01  |g| 1.47e+00  [53849s]
step 142800  train 3.0190e-01  |g| 2.14e+00  [53893s]
step 142900  train 3.2209e-01  |g| 1.47e+00  [53936s]
step 143000  train 3.4083e-01  |g| 1.71e+00  [53979s]
step 143100  train 3.0529e-01  |g| 2.02e+00  [54023s]
step 143200  train 3.3324e-01  |g| 2.05e+00  [54066s]
step 143300  train 2.7864e-01  |g| 1.32e+00  [54110s]
step 143400  train 3.3120e-01  |g| 1.43e+00  [54153s]
step 143500  train 2.8289e-01  |g| 1.18e+00  [54197s]
step 143600  train 3.1937e-01  |g| 2.01e+00  [54241s]
step 143700  train 2.9556e-01  |g| 2.05e+00  [54289s]
step 143800  train 3.2631e-01  |g| 2.39e+00  [54337s]
step 143900  train 3.1596e-01  |g| 1.50e+00  [54382s]
step 144000  train 2.7375e-01  val 3.1823e-01  6d geo 4.387e-04 med 3.217e-04 p90 5.723e-03 (const 4.732e-02)  |g| 1.19e+00  [54428s]
           5d geo 2.830e-04 med 2.239e-04   postmu 6d geo 3.921e-04 med 2.954e-04 p90 5.946e-03   mu |dlog| 0.0445
           corr(identifiable)  mu=+0.95  D_div_mu=+0.99  T0_div_mu=+0.75  Ly=+0.96  op_x=+0.95  op_y=+0.98   mean spread/GT 0.93
           err share           mu=22%  D_div_mu=0%  T0_div_mu=4%  Ly=29%  op_x=34%  op_y=11%
step 144100  train 3.2884e-01  |g| 1.32e+00  [54481s]
step 144200  train 2.8482e-01  |g| 1.95e+00  [54527s]
step 144300  train 3.0170e-01  |g| 1.37e+00  [54573s]
step 144400  train 3.0583e-01  |g| 1.53e+00  [54618s]
step 144500  train 3.0969e-01  |g| 1.37e+00  [54665s]
step 144600  train 2.7148e-01  |g| 2.93e+00  [54711s]
step 144700  train 3.0677e-01  |g| 2.11e+00  [54756s]
step 144800  train 3.1180e-01  |g| 1.41e+00  [54801s]
step 144900  train 2.6158e-01  |g| 1.25e+00  [54845s]
step 145000  train 2.7987e-01  |g| 1.73e+00  [54890s]
step 145100  train 2.7950e-01  |g| 1.18e+00  [54932s]
step 145200  train 3.1103e-01  |g| 1.27e+00  [54976s]
step 145300  train 3.2386e-01  |g| 1.72e+00  [55021s]
step 145400  train 3.0197e-01  |g| 1.04e+00  [55068s]
step 145500  train 3.1207e-01  |g| 2.31e+00  [55115s]
step 145600  train 2.9377e-01  |g| 1.45e+00  [55159s]
step 145700  train 3.2207e-01  |g| 2.10e+00  [55206s]
step 145800  train 3.3946e-01  |g| 1.42e+00  [55253s]
step 145900  train 2.9743e-01  |g| 2.51e+00  [55299s]
step 146000  train 2.5587e-01  val 3.1476e-01  6d geo 4.004e-04 med 3.052e-04 p90 5.279e-03 (const 4.732e-02)  |g| 2.11e+00  [55343s]
           5d geo 2.592e-04 med 1.936e-04   postmu 6d geo 3.593e-04 med 2.725e-04 p90 5.563e-03   mu |dlog| 0.0408
           corr(identifiable)  mu=+0.95  D_div_mu=+0.99  T0_div_mu=+0.76  Ly=+0.97  op_x=+0.95  op_y=+0.99   mean spread/GT 0.93
           err share           mu=23%  D_div_mu=0%  T0_div_mu=4%  Ly=24%  op_x=39%  op_y=11%
step 146100  train 3.1808e-01  |g| 2.13e+00  [55389s]
step 146200  train 3.1989e-01  |g| 1.87e+00  [55433s]
step 146300  train 2.6154e-01  |g| 1.50e+00  [55477s]
step 146400  train 3.0330e-01  |g| 2.89e+00  [55521s]
step 146500  train 2.9839e-01  |g| 1.96e+00  [55564s]
step 146600  train 3.1661e-01  |g| 2.05e+00  [55607s]
step 146700  train 3.4919e-01  |g| 1.37e+00  [55650s]
step 146800  train 3.0858e-01  |g| 1.84e+00  [55694s]
step 146900  train 3.4249e-01  |g| 1.54e+00  [55736s]
step 147000  train 2.9909e-01  |g| 1.15e+00  [55780s]
step 147100  train 3.0080e-01  |g| 1.72e+00  [55825s]
step 147200  train 2.8585e-01  |g| 1.56e+00  [55868s]
step 147300  train 3.3181e-01  |g| 1.73e+00  [55910s]
step 147400  train 2.7379e-01  |g| 1.68e+00  [55952s]
step 147500  train 3.2002e-01  |g| 1.34e+00  [55994s]
step 147600  train 2.6987e-01  |g| 1.16e+00  [56037s]
step 147700  train 2.9010e-01  |g| 2.49e+00  [56080s]
step 147800  train 2.6312e-01  |g| 1.45e+00  [56122s]
step 147900  train 3.1554e-01  |g| 1.25e+00  [56163s]
step 148000  train 3.3001e-01  val 3.2260e-01  6d geo 3.983e-04 med 3.097e-04 p90 5.565e-03 (const 4.732e-02)  |g| 2.12e+00  [56206s]
           5d geo 2.588e-04 med 1.900e-04   postmu 6d geo 3.718e-04 med 2.934e-04 p90 5.518e-03   mu |dlog| 0.0461
           corr(identifiable)  mu=+0.95  D_div_mu=+0.99  T0_div_mu=+0.75  Ly=+0.97  op_x=+0.95  op_y=+0.99   mean spread/GT 0.93
           err share           mu=23%  D_div_mu=0%  T0_div_mu=4%  Ly=23%  op_x=40%  op_y=10%
step 148100  train 3.4740e-01  |g| 1.66e+00  [56250s]
step 148200  train 3.1249e-01  |g| 1.88e+00  [56293s]
step 148300  train 3.1176e-01  |g| 1.20e+00  [56335s]
step 148400  train 2.7276e-01  |g| 2.95e+00  [56378s]
step 148500  train 3.4110e-01  |g| 1.76e+00  [56423s]
step 148600  train 2.8736e-01  |g| 2.74e+00  [56469s]
step 148700  train 2.9491e-01  |g| 2.11e+00  [56514s]
step 148800  train 3.4341e-01  |g| 2.22e+00  [56557s]
step 148900  train 3.2807e-01  |g| 1.48e+00  [56600s]
step 149000  train 3.0204e-01  |g| 1.55e+00  [56645s]
step 149100  train 3.2149e-01  |g| 2.10e+00  [56690s]
step 149200  train 2.9327e-01  |g| 1.63e+00  [56733s]
step 149300  train 3.0769e-01  |g| 1.99e+00  [56780s]
step 149400  train 3.0812e-01  |g| 2.96e+00  [56826s]
step 149500  train 2.8093e-01  |g| 1.36e+00  [56872s]
step 149600  train 3.2914e-01  |g| 1.31e+00  [56918s]
step 149700  train 3.2945e-01  |g| 1.48e+00  [56966s]
step 149800  train 2.9576e-01  |g| 1.67e+00  [57015s]
step 149900  train 2.6963e-01  |g| 1.59e+00  [57061s]
step 150000  train 2.7860e-01  val 3.1683e-01  6d geo 4.282e-04 med 3.204e-04 p90 6.232e-03 (const 4.732e-02)  |g| 2.85e+00  [57109s]
           5d geo 2.757e-04 med 2.154e-04   postmu 6d geo 3.748e-04 med 2.829e-04 p90 5.911e-03   mu |dlog| 0.0441
           corr(identifiable)  mu=+0.95  D_div_mu=+0.99  T0_div_mu=+0.76  Ly=+0.96  op_x=+0.95  op_y=+0.98   mean spread/GT 0.93
           err share           mu=22%  D_div_mu=0%  T0_div_mu=4%  Ly=26%  op_x=38%  op_y=11%
step 150100  train 3.0697e-01  |g| 3.00e+00  [57156s]
step 150200  train 2.7803e-01  |g| 1.72e+00  [57202s]
step 150300  train 2.9914e-01  |g| 1.89e+00  [57245s]
step 150400  train 3.0890e-01  |g| 2.06e+00  [57290s]
step 150500  train 2.8866e-01  |g| 1.58e+00  [57333s]
step 150600  train 3.0137e-01  |g| 1.60e+00  [57378s]
step 150700  train 2.9261e-01  |g| 2.17e+00  [57424s]
step 150800  train 2.8641e-01  |g| 2.28e+00  [57469s]
step 150900  train 2.9477e-01  |g| 1.70e+00  [57517s]
step 151000  train 2.8477e-01  |g| 1.94e+00  [57565s]
step 151100  train 3.0780e-01  |g| 1.87e+00  [57612s]
step 151200  train 3.4181e-01  |g| 2.16e+00  [57657s]
step 151300  train 2.7610e-01  |g| 1.95e+00  [57703s]
step 151400  train 3.1643e-01  |g| 1.81e+00  [57749s]
step 151500  train 2.9416e-01  |g| 1.49e+00  [57795s]
step 151600  train 2.5756e-01  |g| 1.42e+00  [57839s]
step 151700  train 2.8144e-01  |g| 1.55e+00  [57883s]
step 151800  train 2.9180e-01  |g| 1.83e+00  [57929s]
step 151900  train 2.6219e-01  |g| 1.95e+00  [57972s]
step 152000  train 2.9746e-01  val 3.2043e-01  6d geo 3.940e-04 med 2.879e-04 p90 4.641e-03 (const 4.732e-02)  |g| 1.61e+00  [58015s]
           5d geo 2.627e-04 med 2.072e-04   postmu 6d geo 3.487e-04 med 2.544e-04 p90 4.927e-03   mu |dlog| 0.0378
           corr(identifiable)  mu=+0.95  D_div_mu=+0.99  T0_div_mu=+0.76  Ly=+0.97  op_x=+0.95  op_y=+0.98   mean spread/GT 0.93
           err share           mu=20%  D_div_mu=0%  T0_div_mu=4%  Ly=25%  op_x=39%  op_y=12%
step 152100  train 2.8906e-01  |g| 9.59e-01  [58060s]
step 152200  train 3.0423e-01  |g| 1.93e+00  [58103s]
step 152300  train 3.2780e-01  |g| 1.58e+00  [58146s]
step 152400  train 3.1927e-01  |g| 2.39e+00  [58190s]
step 152500  train 2.8866e-01  |g| 1.54e+00  [58232s]
step 152600  train 2.7988e-01  |g| 1.80e+00  [58277s]
step 152700  train 3.1872e-01  |g| 2.00e+00  [58318s]
step 152800  train 2.8336e-01  |g| 1.97e+00  [58362s]
step 152900  train 2.6109e-01  |g| 1.17e+00  [58406s]
step 153000  train 2.8404e-01  |g| 1.03e+00  [58450s]
step 153100  train 2.6908e-01  |g| 1.42e+00  [58495s]
step 153200  train 3.0147e-01  |g| 1.64e+00  [58541s]
step 153300  train 3.3866e-01  |g| 2.80e+00  [58584s]
step 153400  train 2.9009e-01  |g| 2.13e+00  [58627s]
step 153500  train 2.8397e-01  |g| 2.42e+00  [58672s]
step 153600  train 2.6865e-01  |g| 1.42e+00  [58718s]
step 153700  train 3.0119e-01  |g| 2.74e+00  [58764s]
step 153800  train 3.1068e-01  |g| 1.90e+00  [58808s]
step 153900  train 3.1303e-01  |g| 2.60e+00  [58855s]
step 154000  train 2.7059e-01  val 3.1290e-01  6d geo 4.183e-04 med 3.223e-04 p90 5.880e-03 (const 4.732e-02)  |g| 1.65e+00  [58900s]
           5d geo 2.591e-04 med 2.004e-04   postmu 6d geo 3.574e-04 med 2.608e-04 p90 5.745e-03   mu |dlog| 0.0400
           corr(identifiable)  mu=+0.95  D_div_mu=+0.99  T0_div_mu=+0.76  Ly=+0.96  op_x=+0.95  op_y=+0.98   mean spread/GT 0.93
           err share           mu=23%  D_div_mu=0%  T0_div_mu=4%  Ly=25%  op_x=38%  op_y=11%
step 154100  train 3.2477e-01  |g| 2.83e+00  [58949s]
step 154200  train 3.1443e-01  |g| 2.54e+00  [58994s]
step 154300  train 2.9625e-01  |g| 1.34e+00  [59036s]
step 154400  train 2.6712e-01  |g| 1.17e+00  [59079s]
step 154500  train 3.1177e-01  |g| 1.20e+00  [59122s]
step 154600  train 2.7270e-01  |g| 1.31e+00  [59165s]
step 154700  train 2.7993e-01  |g| 1.74e+00  [59210s]
step 154800  train 3.1583e-01  |g| 1.66e+00  [59255s]
step 154900  train 3.2972e-01  |g| 1.26e+00  [59298s]
step 155000  train 2.6621e-01  |g| 1.61e+00  [59341s]
step 155100  train 3.5512e-01  |g| 1.49e+00  [59385s]
step 155200  train 2.6575e-01  |g| 2.58e+00  [59429s]
step 155300  train 2.7485e-01  |g| 1.67e+00  [59476s]
step 155400  train 2.9995e-01  |g| 2.14e+00  [59518s]
step 155500  train 2.6850e-01  |g| 2.57e+00  [59560s]
step 155600  train 2.9606e-01  |g| 2.17e+00  [59605s]
step 155700  train 2.9618e-01  |g| 2.89e+00  [59646s]
step 155800  train 2.5955e-01  |g| 3.22e+00  [59689s]
step 155900  train 2.9732e-01  |g| 1.74e+00  [59733s]
step 156000  train 3.1424e-01  val 3.1956e-01  6d geo 3.826e-04 med 3.130e-04 p90 4.957e-03 (const 4.732e-02)  |g| 1.35e+00  [59775s]
           5d geo 2.503e-04 med 1.969e-04   postmu 6d geo 3.599e-04 med 2.969e-04 p90 5.547e-03   mu |dlog| 0.0439
           corr(identifiable)  mu=+0.95  D_div_mu=+0.99  T0_div_mu=+0.76  Ly=+0.97  op_x=+0.95  op_y=+0.99   mean spread/GT 0.93
           err share           mu=24%  D_div_mu=0%  T0_div_mu=4%  Ly=22%  op_x=39%  op_y=11%
step 156100  train 2.9500e-01  |g| 1.93e+00  [59819s]
step 156200  train 2.8053e-01  |g| 1.85e+00  [59861s]
step 156300  train 3.0465e-01  |g| 1.83e+00  [59902s]
step 156400  train 2.7821e-01  |g| 9.88e-01  [59945s]
step 156500  train 3.0967e-01  |g| 2.10e+00  [59987s]
step 156600  train 3.0581e-01  |g| 1.90e+00  [60029s]
step 156700  train 2.8823e-01  |g| 1.22e+00  [60073s]
step 156800  train 3.0049e-01  |g| 2.07e+00  [60118s]
step 156900  train 2.8006e-01  |g| 2.07e+00  [60162s]
step 157000  train 2.6899e-01  |g| 2.60e+00  [60209s]
step 157100  train 2.9664e-01  |g| 2.93e+00  [60254s]
step 157200  train 3.1630e-01  |g| 1.53e+00  [60299s]
step 157300  train 2.8796e-01  |g| 1.26e+00  [60343s]
step 157400  train 2.5133e-01  |g| 1.74e+00  [60391s]
step 157500  train 3.0704e-01  |g| 1.95e+00  [60437s]
step 157600  train 2.8068e-01  |g| 1.23e+00  [60483s]
step 157700  train 2.9319e-01  |g| 2.10e+00  [60527s]
step 157800  train 3.1451e-01  |g| 1.68e+00  [60570s]
step 157900  train 2.7128e-01  |g| 2.18e+00  [60613s]
step 158000  train 2.5054e-01  val 3.0952e-01  6d geo 4.383e-04 med 3.366e-04 p90 4.936e-03 (const 4.732e-02)  |g| 1.37e+00  [60659s]
           5d geo 2.592e-04 med 2.008e-04   postmu 6d geo 3.858e-04 med 2.976e-04 p90 5.306e-03   mu |dlog| 0.0470
           corr(identifiable)  mu=+0.95  D_div_mu=+0.99  T0_div_mu=+0.76  Ly=+0.97  op_x=+0.95  op_y=+0.99   mean spread/GT 0.94
           err share           mu=26%  D_div_mu=0%  T0_div_mu=4%  Ly=21%  op_x=39%  op_y=10%
step 158100  train 2.9970e-01  |g| 2.35e+00  [60706s]
step 158200  train 2.5216e-01  |g| 1.58e+00  [60752s]
step 158300  train 3.2970e-01  |g| 1.71e+00  [60795s]
step 158400  train 2.5876e-01  |g| 2.53e+00  [60839s]
step 158500  train 3.2302e-01  |g| 2.03e+00  [60882s]
step 158600  train 2.9088e-01  |g| 2.78e+00  [60925s]
step 158700  train 2.6893e-01  |g| 2.21e+00  [60969s]
step 158800  train 3.2668e-01  |g| 3.37e+00  [61012s]
step 158900  train 3.0342e-01  |g| 1.21e+00  [61057s]
step 159000  train 2.7439e-01  |g| 1.51e+00  [61103s]
step 159100  train 3.0551e-01  |g| 2.10e+00  [61146s]
step 159200  train 2.6908e-01  |g| 1.42e+00  [61197s]
step 159300  train 3.0012e-01  |g| 2.59e+00  [61284s]
step 159400  train 2.9302e-01  |g| 1.53e+00  [61327s]
step 159500  train 2.8063e-01  |g| 2.68e+00  [61370s]
step 159600  train 2.9278e-01  |g| 1.66e+00  [61415s]
step 159700  train 3.0824e-01  |g| 1.98e+00  [61458s]
step 159800  train 2.8668e-01  |g| 2.18e+00  [61503s]
step 159900  train 2.8248e-01  |g| 1.72e+00  [61547s]
step 160000  train 2.9548e-01  val 3.0837e-01  6d geo 4.447e-04 med 3.723e-04 p90 4.664e-03 (const 4.732e-02)  |g| 2.36e+00  [61591s]
           5d geo 2.388e-04 med 1.838e-04   postmu 6d geo 3.360e-04 med 2.592e-04 p90 4.685e-03   mu |dlog| 0.0404
           corr(identifiable)  mu=+0.96  D_div_mu=+0.99  T0_div_mu=+0.76  Ly=+0.97  op_x=+0.95  op_y=+0.99   mean spread/GT 0.94
           err share           mu=24%  D_div_mu=0%  T0_div_mu=4%  Ly=22%  op_x=40%  op_y=10%
step 160100  train 2.5023e-01  |g| 1.93e+00  [61636s]
step 160200  train 2.7152e-01  |g| 2.27e+00  [61679s]
step 160300  train 3.1144e-01  |g| 1.40e+00  [61722s]
step 160400  train 3.2658e-01  |g| 1.46e+00  [61766s]
step 160500  train 3.1489e-01  |g| 1.98e+00  [61811s]
step 160600  train 3.0254e-01  |g| 1.86e+00  [61856s]
step 160700  train 2.5292e-01  |g| 1.70e+00  [61899s]
step 160800  train 2.6381e-01  |g| 1.73e+00  [61945s]
step 160900  train 3.1120e-01  |g| 3.41e+00  [61989s]
step 161000  train 2.8108e-01  |g| 1.33e+00  [62034s]
step 161100  train 2.9240e-01  |g| 1.39e+00  [62078s]
step 161200  train 2.7451e-01  |g| 1.92e+00  [62122s]
step 161300  train 3.1314e-01  |g| 1.06e+00  [62166s]
step 161400  train 2.7963e-01  |g| 2.04e+00  [62209s]
step 161500  train 2.9674e-01  |g| 2.25e+00  [62252s]
step 161600  train 2.7843e-01  |g| 2.12e+00  [62295s]
step 161700  train 2.5036e-01  |g| 2.77e+00  [62339s]
step 161800  train 2.5768e-01  |g| 1.39e+00  [62383s]
step 161900  train 2.5819e-01  |g| 1.05e+00  [62426s]
step 162000  train 2.9702e-01  val 3.0516e-01  6d geo 3.599e-04 med 2.976e-04 p90 5.133e-03 (const 4.732e-02)  |g| 1.05e+00  [62471s]
           5d geo 2.269e-04 med 1.755e-04   postmu 6d geo 3.028e-04 med 2.410e-04 p90 4.684e-03   mu |dlog| 0.0346
           corr(identifiable)  mu=+0.95  D_div_mu=+0.99  T0_div_mu=+0.76  Ly=+0.97  op_x=+0.95  op_y=+0.99   mean spread/GT 0.93
           err share           mu=22%  D_div_mu=0%  T0_div_mu=4%  Ly=24%  op_x=39%  op_y=11%
step 162100  train 2.6422e-01  |g| 1.31e+00  [62519s]
step 162200  train 3.1447e-01  |g| 3.14e+00  [62562s]
step 162300  train 2.4905e-01  |g| 2.05e+00  [62605s]
step 162400  train 2.4322e-01  |g| 1.67e+00  [62650s]
step 162500  train 2.9283e-01  |g| 2.63e+00  [62694s]
step 162600  train 2.8724e-01  |g| 1.34e+00  [62738s]
step 162700  train 2.9427e-01  |g| 2.47e+00  [62781s]
step 162800  train 2.8728e-01  |g| 1.10e+00  [62822s]
step 162900  train 2.8110e-01  |g| 2.36e+00  [62865s]
step 163000  train 2.8038e-01  |g| 1.82e+00  [62909s]
step 163100  train 3.1668e-01  |g| 2.10e+00  [62951s]
step 163200  train 2.5854e-01  |g| 1.49e+00  [62996s]
step 163300  train 2.8347e-01  |g| 1.65e+00  [63039s]
step 163400  train 2.7555e-01  |g| 1.39e+00  [63081s]
step 163500  train 2.5712e-01  |g| 1.26e+00  [63124s]
step 163600  train 2.5404e-01  |g| 2.95e+00  [63169s]
step 163700  train 2.6206e-01  |g| 2.85e+00  [63212s]
step 163800  train 3.0409e-01  |g| 1.94e+00  [63256s]
step 163900  train 2.7942e-01  |g| 1.48e+00  [63299s]
step 164000  train 2.5938e-01  val 3.1021e-01  6d geo 3.745e-04 med 2.843e-04 p90 4.353e-03 (const 4.732e-02)  |g| 1.76e+00  [63343s]
           5d geo 2.372e-04 med 1.761e-04   postmu 6d geo 3.263e-04 med 2.464e-04 p90 4.717e-03   mu |dlog| 0.0382
           corr(identifiable)  mu=+0.95  D_div_mu=+0.99  T0_div_mu=+0.76  Ly=+0.97  op_x=+0.95  op_y=+0.99   mean spread/GT 0.94
           err share           mu=23%  D_div_mu=0%  T0_div_mu=4%  Ly=24%  op_x=39%  op_y=11%
step 164100  train 2.9657e-01  |g| 1.61e+00  [63390s]
step 164200  train 2.6366e-01  |g| 3.30e+00  [63432s]
step 164300  train 2.4475e-01  |g| 2.14e+00  [63478s]
step 164400  train 2.7008e-01  |g| 2.04e+00  [63522s]
step 164500  train 2.9692e-01  |g| 1.77e+00  [63566s]
step 164600  train 2.7264e-01  |g| 1.18e+00  [63610s]
step 164700  train 2.8305e-01  |g| 1.82e+00  [63659s]
step 164800  train 2.6610e-01  |g| 1.89e+00  [63705s]
step 164900  train 2.8481e-01  |g| 1.22e+00  [63751s]
step 165000  train 2.6024e-01  |g| 2.10e+00  [63795s]
step 165100  train 2.6087e-01  |g| 1.91e+00  [63839s]
step 165200  train 2.6099e-01  |g| 2.64e+00  [63884s]
step 165300  train 2.9340e-01  |g| 2.63e+00  [63929s]
step 165400  train 2.5845e-01  |g| 1.05e+00  [63976s]
step 165500  train 2.8303e-01  |g| 1.63e+00  [64021s]
step 165600  train 2.8198e-01  |g| 2.05e+00  [64065s]
step 165700  train 2.8393e-01  |g| 2.08e+00  [64111s]
step 165800  train 2.9787e-01  |g| 2.60e+00  [64157s]
step 165900  train 2.8601e-01  |g| 2.82e+00  [64202s]
step 166000  train 3.0569e-01  val 3.0302e-01  6d geo 3.539e-04 med 2.724e-04 p90 4.521e-03 (const 4.732e-02)  |g| 1.82e+00  [64247s]
           5d geo 2.283e-04 med 1.721e-04   postmu 6d geo 3.155e-04 med 2.386e-04 p90 4.621e-03   mu |dlog| 0.0377
           corr(identifiable)  mu=+0.95  D_div_mu=+0.99  T0_div_mu=+0.77  Ly=+0.97  op_x=+0.95  op_y=+0.99   mean spread/GT 0.94
           err share           mu=22%  D_div_mu=0%  T0_div_mu=4%  Ly=24%  op_x=40%  op_y=10%
step 166100  train 2.8927e-01  |g| 1.78e+00  [64294s]
step 166200  train 3.1549e-01  |g| 1.97e+00  [64338s]
step 166300  train 2.6542e-01  |g| 2.49e+00  [64381s]
step 166400  train 2.8145e-01  |g| 1.23e+00  [64423s]
step 166500  train 3.5016e-01  |g| 3.71e+00  [64465s]
step 166600  train 2.7553e-01  |g| 2.23e+00  [64508s]
step 166700  train 2.6447e-01  |g| 2.12e+00  [64550s]
step 166800  train 2.6076e-01  |g| 1.84e+00  [64594s]
step 166900  train 2.8465e-01  |g| 1.92e+00  [64637s]
step 167000  train 2.5079e-01  |g| 2.49e+00  [64680s]
step 167100  train 2.7533e-01  |g| 1.30e+00  [64724s]
step 167200  train 2.8509e-01  |g| 2.34e+00  [64766s]
step 167300  train 2.8380e-01  |g| 1.08e+00  [64811s]
step 167400  train 2.7551e-01  |g| 2.23e+00  [64854s]
step 167500  train 2.5355e-01  |g| 1.49e+00  [64897s]
step 167600  train 2.2513e-01  |g| 1.82e+00  [64942s]
step 167700  train 2.9841e-01  |g| 2.35e+00  [64987s]
step 167800  train 2.2744e-01  |g| 2.19e+00  [65031s]
step 167900  train 2.4337e-01  |g| 2.70e+00  [65075s]
step 168000  train 3.1177e-01  val 3.0677e-01  6d geo 3.337e-04 med 2.568e-04 p90 4.387e-03 (const 4.732e-02)  |g| 7.99e-01  [65120s]
           5d geo 2.146e-04 med 1.605e-04   postmu 6d geo 2.888e-04 med 2.207e-04 p90 4.538e-03   mu |dlog| 0.0350
           corr(identifiable)  mu=+0.95  D_div_mu=+0.99  T0_div_mu=+0.77  Ly=+0.97  op_x=+0.95  op_y=+0.99   mean spread/GT 0.93
           err share           mu=22%  D_div_mu=0%  T0_div_mu=4%  Ly=24%  op_x=40%  op_y=10%
step 168100  train 2.9779e-01  |g| 1.95e+00  [65169s]
step 168200  train 2.7149e-01  |g| 1.66e+00  [65213s]
step 168300  train 2.7639e-01  |g| 2.57e+00  [65257s]
step 168400  train 2.7037e-01  |g| 2.85e+00  [65300s]
step 168500  train 2.6388e-01  |g| 2.44e+00  [65344s]
step 168600  train 2.8650e-01  |g| 2.14e+00  [65388s]
step 168700  train 2.6136e-01  |g| 2.63e+00  [65433s]
step 168800  train 2.4307e-01  |g| 1.97e+00  [65476s]
step 168900  train 2.5096e-01  |g| 1.22e+00  [65520s]
step 169000  train 2.4034e-01  |g| 1.39e+00  [65563s]
step 169100  train 2.7493e-01  |g| 2.44e+00  [65607s]
step 169200  train 2.7762e-01  |g| 1.83e+00  [65650s]
step 169300  train 2.9849e-01  |g| 1.92e+00  [65694s]
step 169400  train 2.3647e-01  |g| 1.78e+00  [65738s]
step 169500  train 2.5741e-01  |g| 2.29e+00  [65782s]
step 169600  train 3.3922e-01  |g| 2.05e+00  [65825s]
step 169700  train 2.6193e-01  |g| 1.68e+00  [65871s]
step 169800  train 2.9053e-01  |g| 2.78e+00  [65915s]
step 169900  train 3.0437e-01  |g| 3.64e+00  [65958s]
step 170000  train 2.6797e-01  val 3.0519e-01  6d geo 3.587e-04 med 2.774e-04 p90 4.644e-03 (const 4.732e-02)  |g| 1.84e+00  [66000s]
           5d geo 2.255e-04 med 1.743e-04   postmu 6d geo 3.170e-04 med 2.477e-04 p90 4.875e-03   mu |dlog| 0.0415
           corr(identifiable)  mu=+0.95  D_div_mu=+0.99  T0_div_mu=+0.77  Ly=+0.97  op_x=+0.96  op_y=+0.99   mean spread/GT 0.94
           err share           mu=24%  D_div_mu=0%  T0_div_mu=4%  Ly=23%  op_x=38%  op_y=10%
step 170100  train 2.4889e-01  |g| 2.55e+00  [66049s]
step 170200  train 2.6949e-01  |g| 2.65e+00  [66093s]
step 170300  train 2.9778e-01  |g| 1.62e+00  [66136s]
step 170400  train 2.4939e-01  |g| 2.00e+00  [66182s]
step 170500  train 2.9123e-01  |g| 1.32e+00  [66227s]
step 170600  train 2.5454e-01  |g| 1.69e+00  [66270s]
step 170700  train 2.8712e-01  |g| 1.85e+00  [66314s]
step 170800  train 2.6151e-01  |g| 1.08e+00  [66359s]
step 170900  train 2.8506e-01  |g| 1.69e+00  [66403s]
step 171000  train 2.4697e-01  |g| 2.27e+00  [66447s]
step 171100  train 2.6443e-01  |g| 2.11e+00  [66489s]
step 171200  train 2.6522e-01  |g| 1.45e+00  [66534s]
step 171300  train 3.3307e-01  |g| 1.90e+00  [66578s]
step 171400  train 2.9338e-01  |g| 2.04e+00  [66619s]
step 171500  train 2.6148e-01  |g| 2.32e+00  [66662s]
step 171600  train 2.5918e-01  |g| 1.56e+00  [66705s]
step 171700  train 2.6322e-01  |g| 2.35e+00  [66749s]
step 171800  train 2.9408e-01  |g| 2.39e+00  [66792s]
step 171900  train 2.6628e-01  |g| 1.89e+00  [66838s]
step 172000  train 3.1093e-01  val 3.0689e-01  6d geo 3.267e-04 med 2.541e-04 p90 3.903e-03 (const 4.732e-02)  |g| 1.50e+00  [66882s]
           5d geo 2.118e-04 med 1.482e-04   postmu 6d geo 2.957e-04 med 2.275e-04 p90 4.314e-03   mu |dlog| 0.0370
           corr(identifiable)  mu=+0.95  D_div_mu=+0.99  T0_div_mu=+0.78  Ly=+0.97  op_x=+0.96  op_y=+0.99   mean spread/GT 0.94
           err share           mu=23%  D_div_mu=0%  T0_div_mu=4%  Ly=24%  op_x=39%  op_y=10%
step 172100  train 2.9346e-01  |g| 2.49e+00  [66931s]
step 172200  train 2.4812e-01  |g| 2.34e+00  [66976s]
step 172300  train 2.8822e-01  |g| 1.78e+00  [67020s]
step 172400  train 3.2416e-01  |g| 1.27e+00  [67067s]
step 172500  train 2.5835e-01  |g| 2.08e+00  [67110s]
step 172600  train 2.7979e-01  |g| 2.07e+00  [67156s]
step 172700  train 2.4081e-01  |g| 1.63e+00  [67200s]
step 172800  train 2.8065e-01  |g| 1.58e+00  [67244s]
step 172900  train 2.8460e-01  |g| 1.84e+00  [67287s]
step 173000  train 2.4048e-01  |g| 2.31e+00  [67332s]
step 173100  train 3.0905e-01  |g| 3.37e+00  [67376s]
step 173200  train 2.6365e-01  |g| 1.50e+00  [67420s]
step 173300  train 2.8446e-01  |g| 1.73e+00  [67464s]
step 173400  train 2.7222e-01  |g| 2.20e+00  [67509s]
step 173500  train 2.6804e-01  |g| 1.92e+00  [67555s]
step 173600  train 2.7788e-01  |g| 1.71e+00  [67597s]
step 173700  train 2.7615e-01  |g| 2.00e+00  [67640s]
step 173800  train 2.5427e-01  |g| 1.92e+00  [67683s]
step 173900  train 2.2533e-01  |g| 1.76e+00  [67727s]
step 174000  train 2.9321e-01  val 2.9560e-01  6d geo 3.233e-04 med 2.342e-04 p90 4.661e-03 (const 4.732e-02)  |g| 2.48e+00  [67771s]
           5d geo 2.068e-04 med 1.556e-04   postmu 6d geo 2.917e-04 med 2.105e-04 p90 4.969e-03   mu |dlog| 0.0376
           corr(identifiable)  mu=+0.95  D_div_mu=+0.99  T0_div_mu=+0.78  Ly=+0.97  op_x=+0.96  op_y=+0.99   mean spread/GT 0.93
           err share           mu=23%  D_div_mu=0%  T0_div_mu=4%  Ly=24%  op_x=39%  op_y=10%
step 174100  train 2.5272e-01  |g| 2.07e+00  [67819s]
step 174200  train 2.7363e-01  |g| 2.31e+00  [67864s]
step 174300  train 2.5344e-01  |g| 1.82e+00  [67908s]
step 174400  train 2.7182e-01  |g| 1.69e+00  [67953s]
step 174500  train 2.9223e-01  |g| 1.73e+00  [67997s]
step 174600  train 2.7827e-01  |g| 2.14e+00  [68041s]
step 174700  train 2.3700e-01  |g| 1.45e+00  [68084s]
step 174800  train 2.9249e-01  |g| 2.60e+00  [68128s]
step 174900  train 2.9385e-01  |g| 1.36e+00  [68174s]
step 175000  train 2.7504e-01  |g| 2.15e+00  [68218s]
step 175100  train 2.7112e-01  |g| 1.76e+00  [68262s]
step 175200  train 2.7488e-01  |g| 2.96e+00  [68305s]
step 175300  train 2.4733e-01  |g| 2.43e+00  [68348s]
step 175400  train 2.4561e-01  |g| 1.70e+00  [68390s]
step 175500  train 2.3718e-01  |g| 2.35e+00  [68434s]
step 175600  train 2.6393e-01  |g| 1.07e+00  [68476s]
step 175700  train 2.4416e-01  |g| 2.68e+00  [68519s]
step 175800  train 3.0218e-01  |g| 1.70e+00  [68564s]
step 175900  train 2.8026e-01  |g| 1.85e+00  [68609s]
step 176000  train 2.6969e-01  val 2.9537e-01  6d geo 3.144e-04 med 2.541e-04 p90 3.952e-03 (const 4.732e-02)  |g| 2.14e+00  [68652s]
           5d geo 2.044e-04 med 1.550e-04   postmu 6d geo 2.850e-04 med 2.175e-04 p90 4.126e-03   mu |dlog| 0.0361
           corr(identifiable)  mu=+0.96  D_div_mu=+0.99  T0_div_mu=+0.78  Ly=+0.97  op_x=+0.96  op_y=+0.99   mean spread/GT 0.94
           err share           mu=22%  D_div_mu=0%  T0_div_mu=4%  Ly=22%  op_x=42%  op_y=10%
step 176100  train 2.5341e-01  |g| 1.96e+00  [68697s]
step 176200  train 2.5764e-01  |g| 2.61e+00  [68741s]
step 176300  train 2.8253e-01  |g| 2.76e+00  [68785s]
step 176400  train 2.5543e-01  |g| 1.99e+00  [68829s]
step 176500  train 2.8881e-01  |g| 2.71e+00  [68874s]
step 176600  train 2.3543e-01  |g| 1.93e+00  [68918s]
step 176700  train 2.8416e-01  |g| 1.54e+00  [68960s]
step 176800  train 2.6509e-01  |g| 1.70e+00  [69003s]
step 176900  train 2.7820e-01  |g| 2.41e+00  [69044s]
step 177000  train 2.6763e-01  |g| 1.34e+00  [69086s]
step 177100  train 2.4250e-01  |g| 1.52e+00  [69130s]
step 177200  train 2.2926e-01  |g| 2.59e+00  [69174s]
step 177300  train 2.3935e-01  |g| 2.60e+00  [69217s]
step 177400  train 2.7502e-01  |g| 1.87e+00  [69260s]
step 177500  train 2.7416e-01  |g| 3.60e+00  [69303s]
step 177600  train 2.8170e-01  |g| 1.82e+00  [69346s]
step 177700  train 2.6328e-01  |g| 1.93e+00  [69391s]
step 177800  train 2.3230e-01  |g| 2.21e+00  [69436s]
step 177900  train 2.5420e-01  |g| 2.42e+00  [69481s]
step 178000  train 3.3494e-01  val 3.0214e-01  6d geo 3.313e-04 med 2.482e-04 p90 4.001e-03 (const 4.732e-02)  |g| 1.92e+00  [69523s]
           5d geo 2.178e-04 med 1.616e-04   postmu 6d geo 3.000e-04 med 2.208e-04 p90 4.098e-03   mu |dlog| 0.0328
           corr(identifiable)  mu=+0.96  D_div_mu=+0.99  T0_div_mu=+0.77  Ly=+0.97  op_x=+0.95  op_y=+0.99   mean spread/GT 0.94
           err share           mu=23%  D_div_mu=0%  T0_div_mu=4%  Ly=23%  op_x=40%  op_y=10%
step 178100  train 2.6602e-01  |g| 2.50e+00  [69569s]
step 178200  train 2.4365e-01  |g| 1.41e+00  [69614s]
step 178300  train 2.8251e-01  |g| 2.21e+00  [69659s]
step 178400  train 2.8383e-01  |g| 2.78e+00  [69704s]
step 178500  train 2.4990e-01  |g| 1.48e+00  [69748s]
step 178600  train 2.7176e-01  |g| 2.11e+00  [69793s]
step 178700  train 2.7907e-01  |g| 2.35e+00  [69838s]
step 178800  train 2.8680e-01  |g| 3.07e+00  [69881s]
step 178900  train 2.4643e-01  |g| 1.89e+00  [69926s]
step 179000  train 2.4516e-01  |g| 2.10e+00  [69971s]
step 179100  train 2.7920e-01  |g| 2.04e+00  [70016s]
step 179200  train 2.6471e-01  |g| 2.72e+00  [70060s]
step 179300  train 2.6176e-01  |g| 1.32e+00  [70104s]
step 179400  train 2.7079e-01  |g| 2.05e+00  [70148s]
step 179500  train 3.1755e-01  |g| 2.84e+00  [70193s]
step 179600  train 2.6862e-01  |g| 2.92e+00  [70238s]
step 179700  train 2.5891e-01  |g| 1.36e+00  [70281s]
step 179800  train 2.6525e-01  |g| 1.84e+00  [70325s]
step 179900  train 2.7360e-01  |g| 1.63e+00  [70370s]
step 180000  train 2.6870e-01  val 2.9393e-01  6d geo 3.473e-04 med 2.920e-04 p90 3.640e-03 (const 4.732e-02)  |g| 2.32e+00  [70415s]
           5d geo 2.058e-04 med 1.533e-04   postmu 6d geo 2.985e-04 med 2.251e-04 p90 3.991e-03   mu |dlog| 0.0414
           corr(identifiable)  mu=+0.96  D_div_mu=+0.99  T0_div_mu=+0.78  Ly=+0.97  op_x=+0.95  op_y=+0.99   mean spread/GT 0.94
           err share           mu=22%  D_div_mu=0%  T0_div_mu=4%  Ly=22%  op_x=42%  op_y=9%
step 180100  train 2.5228e-01  |g| 1.73e+00  [70464s]
step 180200  train 2.5395e-01  |g| 2.76e+00  [70508s]
step 180300  train 2.8541e-01  |g| 2.05e+00  [70553s]
step 180400  train 2.4641e-01  |g| 1.95e+00  [70597s]
step 180500  train 2.9132e-01  |g| 1.98e+00  [70640s]
step 180600  train 2.4030e-01  |g| 1.84e+00  [70682s]
step 180700  train 2.4625e-01  |g| 1.79e+00  [70726s]
step 180800  train 2.8213e-01  |g| 1.44e+00  [70767s]
step 180900  train 2.8319e-01  |g| 1.62e+00  [70809s]
step 181000  train 2.7173e-01  |g| 2.76e+00  [70851s]
step 181100  train 2.6618e-01  |g| 1.82e+00  [70894s]
step 181200  train 2.6642e-01  |g| 2.76e+00  [70939s]
step 181300  train 2.5946e-01  |g| 3.21e+00  [70983s]
step 181400  train 2.5758e-01  |g| 2.91e+00  [71029s]
step 181500  train 2.5576e-01  |g| 1.22e+00  [71075s]
step 181600  train 2.5645e-01  |g| 3.01e+00  [71120s]
step 181700  train 2.3622e-01  |g| 2.13e+00  [71164s]
step 181800  train 2.7239e-01  |g| 2.48e+00  [71207s]
step 181900  train 2.3109e-01  |g| 1.44e+00  [71250s]
step 182000  train 2.8015e-01  val 2.9508e-01  6d geo 3.107e-04 med 2.302e-04 p90 4.356e-03 (const 4.732e-02)  |g| 1.31e+00  [71296s]
           5d geo 1.957e-04 med 1.441e-04   postmu 6d geo 2.724e-04 med 2.014e-04 p90 4.114e-03   mu |dlog| 0.0367
           corr(identifiable)  mu=+0.96  D_div_mu=+0.99  T0_div_mu=+0.78  Ly=+0.97  op_x=+0.95  op_y=+0.99   mean spread/GT 0.93
           err share           mu=21%  D_div_mu=0%  T0_div_mu=4%  Ly=23%  op_x=42%  op_y=10%
step 182100  train 2.6223e-01  |g| 2.46e+00  [71344s]
step 182200  train 2.7278e-01  |g| 2.75e+00  [71387s]
step 182300  train 2.7154e-01  |g| 2.98e+00  [71431s]
step 182400  train 2.5203e-01  |g| 1.88e+00  [71475s]
step 182500  train 2.5288e-01  |g| 1.44e+00  [71520s]
step 182600  train 2.5443e-01  |g| 1.88e+00  [71565s]
step 182700  train 2.8314e-01  |g| 1.42e+00  [71611s]
step 182800  train 2.3996e-01  |g| 1.94e+00  [71654s]
step 182900  train 2.5525e-01  |g| 1.78e+00  [71697s]
step 183000  train 2.4256e-01  |g| 1.67e+00  [71740s]
step 183100  train 2.9018e-01  |g| 1.19e+00  [71784s]
step 183200  train 2.5516e-01  |g| 2.41e+00  [71828s]
step 183300  train 2.5771e-01  |g| 2.63e+00  [71872s]
step 183400  train 2.4772e-01  |g| 2.09e+00  [71918s]
step 183500  train 2.8684e-01  |g| 3.31e+00  [71963s]
step 183600  train 2.9100e-01  |g| 2.96e+00  [72006s]
step 183700  train 2.3582e-01  |g| 1.52e+00  [72049s]
step 183800  train 2.7835e-01  |g| 2.47e+00  [72095s]
step 183900  train 2.6237e-01  |g| 2.28e+00  [72138s]
step 184000  train 2.7022e-01  val 2.9015e-01  6d geo 3.076e-04 med 2.315e-04 p90 3.708e-03 (const 4.732e-02)  |g| 2.04e+00  [72181s]
           5d geo 1.881e-04 med 1.449e-04   postmu 6d geo 2.586e-04 med 1.927e-04 p90 4.127e-03   mu |dlog| 0.0335
           corr(identifiable)  mu=+0.96  D_div_mu=+0.99  T0_div_mu=+0.77  Ly=+0.97  op_x=+0.95  op_y=+0.99   mean spread/GT 0.94
           err share           mu=22%  D_div_mu=0%  T0_div_mu=4%  Ly=22%  op_x=43%  op_y=10%
step 184100  train 2.3733e-01  |g| 3.33e+00  [72230s]
step 184200  train 2.5872e-01  |g| 1.91e+00  [72276s]
step 184300  train 3.1483e-01  |g| 3.83e+00  [72321s]
step 184400  train 2.4779e-01  |g| 2.46e+00  [72367s]
step 184500  train 2.5792e-01  |g| 2.86e+00  [72411s]
step 184600  train 2.5924e-01  |g| 1.98e+00  [72456s]
step 184700  train 2.4915e-01  |g| 1.96e+00  [72501s]
step 184800  train 2.2639e-01  |g| 3.25e+00  [72547s]
step 184900  train 2.7614e-01  |g| 2.38e+00  [72592s]
step 185000  train 2.3436e-01  |g| 3.11e+00  [72635s]
step 185100  train 2.5451e-01  |g| 2.36e+00  [72682s]
step 185200  train 2.7475e-01  |g| 1.53e+00  [72724s]
step 185300  train 2.3273e-01  |g| 1.74e+00  [72768s]
step 185400  train 2.5446e-01  |g| 2.09e+00  [72813s]
step 185500  train 2.8305e-01  |g| 1.05e+00  [72858s]
step 185600  train 2.5856e-01  |g| 1.99e+00  [72903s]
step 185700  train 2.7980e-01  |g| 1.13e+00  [72948s]
step 185800  train 2.7828e-01  |g| 2.00e+00  [72993s]
step 185900  train 2.4789e-01  |g| 1.97e+00  [73037s]
step 186000  train 2.3822e-01  val 2.8929e-01  6d geo 3.114e-04 med 2.427e-04 p90 4.372e-03 (const 4.732e-02)  |g| 2.06e+00  [73082s]
           5d geo 1.937e-04 med 1.506e-04   postmu 6d geo 2.684e-04 med 1.932e-04 p90 4.099e-03   mu |dlog| 0.0334
           corr(identifiable)  mu=+0.96  D_div_mu=+0.99  T0_div_mu=+0.78  Ly=+0.97  op_x=+0.96  op_y=+0.99   mean spread/GT 0.94
           err share           mu=24%  D_div_mu=0%  T0_div_mu=4%  Ly=22%  op_x=40%  op_y=10%
step 186100  train 2.4008e-01  |g| 2.09e+00  [73131s]
step 186200  train 2.2288e-01  |g| 1.79e+00  [73176s]
step 186300  train 2.4412e-01  |g| 1.94e+00  [73221s]
step 186400  train 2.4125e-01  |g| 3.24e+00  [73265s]
step 186500  train 2.5897e-01  |g| 2.05e+00  [73312s]
step 186600  train 2.2980e-01  |g| 2.61e+00  [73357s]
step 186700  train 2.4975e-01  |g| 1.80e+00  [73401s]
step 186800  train 2.4852e-01  |g| 1.70e+00  [73447s]
step 186900  train 2.4145e-01  |g| 1.74e+00  [73494s]
step 187000  train 2.4998e-01  |g| 1.66e+00  [73538s]
step 187100  train 2.5057e-01  |g| 2.01e+00  [73583s]
step 187200  train 2.4357e-01  |g| 1.59e+00  [73629s]
step 187300  train 2.3795e-01  |g| 2.28e+00  [73675s]
step 187400  train 2.4675e-01  |g| 2.80e+00  [73720s]
step 187500  train 2.4066e-01  |g| 2.50e+00  [73764s]
step 187600  train 2.4590e-01  |g| 2.26e+00  [73810s]
step 187700  train 2.3708e-01  |g| 2.64e+00  [73855s]
step 187800  train 2.6751e-01  |g| 2.14e+00  [73900s]
step 187900  train 2.5635e-01  |g| 2.23e+00  [73944s]
step 188000  train 2.4576e-01  val 2.8573e-01  6d geo 2.920e-04 med 2.161e-04 p90 4.002e-03 (const 4.732e-02)  |g| 2.83e+00  [73987s]
           5d geo 1.835e-04 med 1.350e-04   postmu 6d geo 2.528e-04 med 1.861e-04 p90 4.464e-03   mu |dlog| 0.0315
           corr(identifiable)  mu=+0.96  D_div_mu=+0.99  T0_div_mu=+0.78  Ly=+0.97  op_x=+0.95  op_y=+0.99   mean spread/GT 0.94
           err share           mu=22%  D_div_mu=0%  T0_div_mu=4%  Ly=23%  op_x=42%  op_y=10%
step 188100  train 2.4956e-01  |g| 1.86e+00  [74036s]
step 188200  train 2.4979e-01  |g| 2.43e+00  [74080s]
step 188300  train 2.8243e-01  |g| 3.62e+00  [74126s]
step 188400  train 2.9155e-01  |g| 2.06e+00  [74169s]
step 188500  train 2.6136e-01  |g| 2.67e+00  [74213s]
step 188600  train 2.2214e-01  |g| 2.16e+00  [74259s]
step 188700  train 2.8602e-01  |g| 1.98e+00  [74305s]
step 188800  train 2.4869e-01  |g| 3.74e+00  [74349s]
step 188900  train 2.4718e-01  |g| 2.93e+00  [74394s]
step 189000  train 2.5232e-01  |g| 2.23e+00  [74440s]
step 189100  train 2.6043e-01  |g| 1.49e+00  [74485s]
step 189200  train 2.4391e-01  |g| 2.16e+00  [74530s]
step 189300  train 2.7160e-01  |g| 1.71e+00  [74574s]
step 189400  train 2.3120e-01  |g| 1.92e+00  [74618s]
step 189500  train 2.4645e-01  |g| 1.51e+00  [74661s]
step 189600  train 2.6315e-01  |g| 1.60e+00  [74705s]
step 189700  train 2.5302e-01  |g| 1.68e+00  [74749s]
step 189800  train 2.1975e-01  |g| 1.52e+00  [74792s]
step 189900  train 2.3059e-01  |g| 1.86e+00  [74836s]
step 190000  train 2.3400e-01  val 2.8679e-01  6d geo 2.776e-04 med 2.221e-04 p90 3.703e-03 (const 4.732e-02)  |g| 2.52e+00  [74882s]
           5d geo 1.743e-04 med 1.410e-04   postmu 6d geo 2.432e-04 med 1.919e-04 p90 3.988e-03   mu |dlog| 0.0327
           corr(identifiable)  mu=+0.96  D_div_mu=+0.99  T0_div_mu=+0.78  Ly=+0.97  op_x=+0.96  op_y=+0.99   mean spread/GT 0.94
           err share           mu=22%  D_div_mu=0%  T0_div_mu=4%  Ly=22%  op_x=42%  op_y=10%
step 190100  train 2.6020e-01  |g| 2.05e+00  [74931s]
step 190200  train 2.2021e-01  |g| 2.63e+00  [74975s]
step 190300  train 2.2905e-01  |g| 2.47e+00  [75018s]
step 190400  train 2.3751e-01  |g| 2.01e+00  [75066s]
step 190500  train 2.5513e-01  |g| 1.46e+00  [75111s]
step 190600  train 2.5694e-01  |g| 2.02e+00  [75156s]
step 190700  train 2.3085e-01  |g| 1.74e+00  [75200s]
step 190800  train 2.5219e-01  |g| 3.50e+00  [75244s]
step 190900  train 2.1406e-01  |g| 2.64e+00  [75289s]
step 191000  train 2.2137e-01  |g| 2.97e+00  [75335s]
step 191100  train 2.8131e-01  |g| 3.77e+00  [75379s]
step 191200  train 2.2768e-01  |g| 2.05e+00  [75426s]
step 191300  train 2.2729e-01  |g| 1.77e+00  [75471s]
step 191400  train 2.2401e-01  |g| 2.11e+00  [75516s]
step 191500  train 1.9014e-01  |g| 2.00e+00  [75563s]
step 191600  train 2.6248e-01  |g| 3.45e+00  [75608s]
step 191700  train 2.3894e-01  |g| 1.73e+00  [75651s]
step 191800  train 2.3239e-01  |g| 2.01e+00  [75693s]
step 191900  train 2.4856e-01  |g| 3.11e+00  [75737s]
step 192000  train 2.2257e-01  val 2.8480e-01  6d geo 2.779e-04 med 2.185e-04 p90 3.752e-03 (const 4.732e-02)  |g| 1.10e+00  [75780s]
           5d geo 1.777e-04 med 1.346e-04   postmu 6d geo 2.391e-04 med 1.812e-04 p90 4.113e-03   mu |dlog| 0.0307
           corr(identifiable)  mu=+0.96  D_div_mu=+0.99  T0_div_mu=+0.78  Ly=+0.98  op_x=+0.96  op_y=+0.99   mean spread/GT 0.94
           err share           mu=23%  D_div_mu=0%  T0_div_mu=4%  Ly=21%  op_x=43%  op_y=9%
step 192100  train 2.5167e-01  |g| 2.36e+00  [75827s]
step 192200  train 2.3818e-01  |g| 1.83e+00  [75869s]
step 192300  train 2.4009e-01  |g| 2.74e+00  [75914s]
step 192400  train 2.4217e-01  |g| 1.80e+00  [75957s]
step 192500  train 2.1566e-01  |g| 1.58e+00  [76002s]
step 192600  train 2.8674e-01  |g| 1.15e+00  [76047s]
step 192700  train 2.2510e-01  |g| 1.95e+00  [76091s]
step 192800  train 2.4945e-01  |g| 1.76e+00  [76135s]
step 192900  train 2.3216e-01  |g| 1.91e+00  [76180s]
step 193000  train 2.5213e-01  |g| 1.88e+00  [76223s]
step 193100  train 2.2722e-01  |g| 2.51e+00  [76271s]
step 193200  train 2.0270e-01  |g| 2.54e+00  [76316s]
step 193300  train 2.5135e-01  |g| 2.30e+00  [76362s]
step 193400  train 2.7705e-01  |g| 2.65e+00  [76409s]
step 193500  train 2.8836e-01  |g| 3.03e+00  [76453s]
step 193600  train 2.1183e-01  |g| 3.14e+00  [76499s]
step 193700  train 2.1062e-01  |g| 1.89e+00  [76543s]
step 193800  train 2.2273e-01  |g| 2.92e+00  [76587s]
step 193900  train 2.2742e-01  |g| 2.02e+00  [76632s]
step 194000  train 2.2810e-01  val 2.7990e-01  6d geo 2.636e-04 med 2.098e-04 p90 3.875e-03 (const 4.732e-02)  |g| 2.27e+00  [76675s]
           5d geo 1.665e-04 med 1.185e-04   postmu 6d geo 2.272e-04 med 1.685e-04 p90 4.190e-03   mu |dlog| 0.0327
           corr(identifiable)  mu=+0.96  D_div_mu=+0.99  T0_div_mu=+0.78  Ly=+0.97  op_x=+0.95  op_y=+0.99   mean spread/GT 0.94
           err share           mu=23%  D_div_mu=0%  T0_div_mu=4%  Ly=22%  op_x=42%  op_y=10%
step 194100  train 2.2160e-01  |g| 2.32e+00  [76723s]
step 194200  train 2.1241e-01  |g| 2.10e+00  [76767s]
step 194300  train 2.1713e-01  |g| 1.98e+00  [76812s]
step 194400  train 2.2911e-01  |g| 1.64e+00  [76855s]
step 194500  train 2.3485e-01  |g| 1.94e+00  [76900s]
step 194600  train 2.3920e-01  |g| 2.50e+00  [76945s]
step 194700  train 2.3892e-01  |g| 2.17e+00  [76989s]
step 194800  train 2.8249e-01  |g| 2.17e+00  [77033s]
step 194900  train 2.6258e-01  |g| 2.50e+00  [77076s]
step 195000  train 2.1714e-01  |g| 2.35e+00  [77120s]
step 195100  train 2.6019e-01  |g| 1.85e+00  [77165s]
step 195200  train 2.0682e-01  |g| 2.80e+00  [77210s]
step 195300  train 2.1366e-01  |g| 2.23e+00  [77255s]
step 195400  train 2.5686e-01  |g| 2.02e+00  [77300s]
step 195500  train 2.1300e-01  |g| 2.33e+00  [77345s]
step 195600  train 2.1205e-01  |g| 1.33e+00  [77392s]
step 195700  train 2.3560e-01  |g| 1.71e+00  [77438s]
step 195800  train 2.3665e-01  |g| 2.51e+00  [77483s]
step 195900  train 2.2377e-01  |g| 2.05e+00  [77528s]
step 196000  train 2.7414e-01  val 2.8278e-01  6d geo 2.681e-04 med 2.098e-04 p90 3.653e-03 (const 4.732e-02)  |g| 2.67e+00  [77574s]
           5d geo 1.670e-04 med 1.228e-04   postmu 6d geo 2.272e-04 med 1.715e-04 p90 3.799e-03   mu |dlog| 0.0298
           corr(identifiable)  mu=+0.96  D_div_mu=+0.99  T0_div_mu=+0.79  Ly=+0.97  op_x=+0.96  op_y=+0.99   mean spread/GT 0.94
           err share           mu=23%  D_div_mu=0%  T0_div_mu=4%  Ly=22%  op_x=42%  op_y=10%
step 196100  train 2.4597e-01  |g| 2.16e+00  [77622s]
step 196200  train 2.7195e-01  |g| 3.95e+00  [77669s]
step 196300  train 2.2713e-01  |g| 1.96e+00  [77713s]
step 196400  train 2.1557e-01  |g| 2.61e+00  [77756s]
step 196500  train 1.7238e-01  |g| 2.37e+00  [77803s]
step 196600  train 2.2320e-01  |g| 2.01e+00  [77850s]
step 196700  train 2.5836e-01  |g| 1.88e+00  [77896s]
step 196800  train 2.5277e-01  |g| 3.67e+00  [77940s]
step 196900  train 2.0605e-01  |g| 1.79e+00  [77985s]
step 197000  train 2.0878e-01  |g| 2.07e+00  [78027s]
step 197100  train 2.1277e-01  |g| 2.10e+00  [78073s]
step 197200  train 2.3616e-01  |g| 2.54e+00  [78118s]
step 197300  train 2.2640e-01  |g| 2.49e+00  [78163s]
step 197400  train 2.4279e-01  |g| 2.55e+00  [78209s]
step 197500  train 2.3405e-01  |g| 3.05e+00  [78255s]
step 197600  train 2.3780e-01  |g| 2.60e+00  [78300s]
step 197700  train 2.3959e-01  |g| 2.82e+00  [78345s]
step 197800  train 2.6130e-01  |g| 3.82e+00  [78389s]
step 197900  train 2.3947e-01  |g| 3.35e+00  [78431s]
step 198000  train 2.3646e-01  val 2.7945e-01  6d geo 2.612e-04 med 1.955e-04 p90 3.598e-03 (const 4.732e-02)  |g| 2.81e+00  [78474s]
           5d geo 1.648e-04 med 1.264e-04   postmu 6d geo 2.276e-04 med 1.712e-04 p90 3.728e-03   mu |dlog| 0.0337
           corr(identifiable)  mu=+0.96  D_div_mu=+0.99  T0_div_mu=+0.79  Ly=+0.98  op_x=+0.95  op_y=+0.99   mean spread/GT 0.94
           err share           mu=22%  D_div_mu=0%  T0_div_mu=4%  Ly=21%  op_x=43%  op_y=10%
step 198100  train 2.1826e-01  |g| 2.26e+00  [78523s]
step 198200  train 2.2290e-01  |g| 1.67e+00  [78566s]
step 198300  train 2.4848e-01  |g| 2.25e+00  [78611s]
step 198400  train 2.2787e-01  |g| 2.71e+00  [78654s]
step 198500  train 2.3147e-01  |g| 2.44e+00  [78697s]
step 198600  train 2.2240e-01  |g| 1.96e+00  [78742s]
step 198700  train 2.0318e-01  |g| 1.42e+00  [78788s]
step 198800  train 2.3714e-01  |g| 2.12e+00  [78833s]
step 198900  train 2.5887e-01  |g| 2.03e+00  [78879s]
step 199000  train 2.2714e-01  |g| 2.53e+00  [78923s]
step 199100  train 2.4469e-01  |g| 2.98e+00  [78968s]
step 199200  train 2.1704e-01  |g| 2.64e+00  [79013s]
step 199300  train 2.7761e-01  |g| 1.98e+00  [79058s]
step 199400  train 2.1828e-01  |g| 1.99e+00  [79103s]
step 199500  train 2.0383e-01  |g| 5.03e+00  [79147s]
step 199600  train 2.3432e-01  |g| 2.42e+00  [79191s]
step 199700  train 1.8814e-01  |g| 3.09e+00  [79236s]
step 199800  train 2.1494e-01  |g| 2.41e+00  [79280s]
step 199900  train 2.6334e-01  |g| 3.50e+00  [79326s]
step 200000  train 2.3892e-01  val 2.7461e-01  6d geo 2.562e-04 med 2.004e-04 p90 3.721e-03 (const 4.732e-02)  |g| 2.04e+00  [79372s]
           5d geo 1.607e-04 med 1.227e-04   postmu 6d geo 2.182e-04 med 1.665e-04 p90 4.125e-03   mu |dlog| 0.0298
           corr(identifiable)  mu=+0.96  D_div_mu=+0.99  T0_div_mu=+0.79  Ly=+0.98  op_x=+0.96  op_y=+0.99   mean spread/GT 0.94
           err share           mu=23%  D_div_mu=0%  T0_div_mu=4%  Ly=22%  op_x=42%  op_y=10%
step 200100  train 2.2068e-01  |g| 2.34e+00  [79420s]
step 200200  train 2.1405e-01  |g| 3.92e+00  [79464s]
step 200300  train 2.2610e-01  |g| 2.44e+00  [79508s]
step 200400  train 2.2726e-01  |g| 2.56e+00  [79553s]
step 200500  train 2.5372e-01  |g| 2.72e+00  [79599s]
step 200600  train 2.1490e-01  |g| 1.71e+00  [79643s]
step 200700  train 2.0975e-01  |g| 2.22e+00  [79688s]
step 200800  train 2.1836e-01  |g| 2.54e+00  [79733s]
step 200900  train 2.0260e-01  |g| 1.55e+00  [79778s]
step 201000  train 2.0505e-01  |g| 1.64e+00  [79822s]
step 201100  train 2.3765e-01  |g| 2.07e+00  [79869s]
step 201200  train 2.1738e-01  |g| 2.37e+00  [79914s]
step 201300  train 2.3459e-01  |g| 2.32e+00  [79958s]
step 201400  train 1.8666e-01  |g| 2.74e+00  [80002s]
step 201500  train 2.2915e-01  |g| 1.79e+00  [80047s]
step 201600  train 2.4882e-01  |g| 3.49e+00  [80091s]
step 201700  train 1.9846e-01  |g| 1.07e+00  [80134s]
step 201800  train 2.5819e-01  |g| 2.69e+00  [80178s]
step 201900  train 2.0063e-01  |g| 2.70e+00  [80223s]
step 202000  train 2.0353e-01  val 2.7487e-01  6d geo 2.584e-04 med 2.001e-04 p90 3.841e-03 (const 4.732e-02)  |g| 3.09e+00  [80267s]
           5d geo 1.608e-04 med 1.219e-04   postmu 6d geo 2.184e-04 med 1.698e-04 p90 3.871e-03   mu |dlog| 0.0303
           corr(identifiable)  mu=+0.96  D_div_mu=+0.99  T0_div_mu=+0.79  Ly=+0.98  op_x=+0.95  op_y=+0.99   mean spread/GT 0.94
           err share           mu=23%  D_div_mu=0%  T0_div_mu=4%  Ly=21%  op_x=43%  op_y=9%
step 202100  train 2.1703e-01  |g| 1.46e+00  [80314s]
step 202200  train 2.0572e-01  |g| 2.49e+00  [80361s]
step 202300  train 1.8780e-01  |g| 2.25e+00  [80405s]
step 202400  train 1.9718e-01  |g| 2.52e+00  [80449s]
step 202500  train 2.2859e-01  |g| 1.79e+00  [80493s]
step 202600  train 2.3408e-01  |g| 1.75e+00  [80538s]
step 202700  train 2.3578e-01  |g| 2.33e+00  [80584s]
step 202800  train 1.8593e-01  |g| 2.74e+00  [80628s]
step 202900  train 2.2166e-01  |g| 3.01e+00  [80671s]
step 203000  train 1.9228e-01  |g| 2.27e+00  [80716s]
step 203100  train 2.2168e-01  |g| 2.12e+00  [80760s]
step 203200  train 2.0956e-01  |g| 1.89e+00  [80804s]
step 203300  train 2.2055e-01  |g| 2.94e+00  [80849s]
step 203400  train 2.5281e-01  |g| 1.96e+00  [80894s]
step 203500  train 2.3752e-01  |g| 2.16e+00  [80938s]
step 203600  train 2.3353e-01  |g| 3.27e+00  [80982s]
step 203700  train 2.0446e-01  |g| 2.72e+00  [81025s]
step 203800  train 2.2812e-01  |g| 2.40e+00  [81069s]
step 203900  train 2.0124e-01  |g| 2.44e+00  [81113s]
step 204000  train 2.6198e-01  val 2.7508e-01  6d geo 2.548e-04 med 2.010e-04 p90 3.685e-03 (const 4.732e-02)  |g| 2.73e+00  [81156s]
           5d geo 1.602e-04 med 1.268e-04   postmu 6d geo 2.124e-04 med 1.665e-04 p90 3.825e-03   mu |dlog| 0.0297
           corr(identifiable)  mu=+0.96  D_div_mu=+0.99  T0_div_mu=+0.78  Ly=+0.98  op_x=+0.96  op_y=+0.99   mean spread/GT 0.94
           err share           mu=22%  D_div_mu=0%  T0_div_mu=4%  Ly=21%  op_x=43%  op_y=10%
step 204100  train 1.7307e-01  |g| 2.31e+00  [81202s]
step 204200  train 2.4509e-01  |g| 2.75e+00  [81246s]
step 204300  train 2.4178e-01  |g| 1.93e+00  [81288s]
step 204400  train 1.8280e-01  |g| 2.64e+00  [81331s]
step 204500  train 2.3227e-01  |g| 2.42e+00  [81376s]
step 204600  train 2.3323e-01  |g| 3.42e+00  [81420s]
step 204700  train 2.3002e-01  |g| 3.37e+00  [81464s]
step 204800  train 2.4473e-01  |g| 1.49e+00  [81508s]
step 204900  train 2.1490e-01  |g| 1.88e+00  [81552s]
step 205000  train 1.9585e-01  |g| 3.20e+00  [81595s]
step 205100  train 2.3441e-01  |g| 2.14e+00  [81641s]
step 205200  train 2.0358e-01  |g| 2.66e+00  [81686s]
step 205300  train 2.4552e-01  |g| 1.85e+00  [81729s]
step 205400  train 2.4215e-01  |g| 2.94e+00  [81775s]
step 205500  train 1.9228e-01  |g| 3.01e+00  [81820s]
step 205600  train 1.9358e-01  |g| 3.03e+00  [81863s]
step 205700  train 2.3043e-01  |g| 2.48e+00  [81908s]
step 205800  train 2.1956e-01  |g| 2.99e+00  [81952s]
step 205900  train 2.2463e-01  |g| 2.16e+00  [81997s]
step 206000  train 2.0463e-01  val 2.7481e-01  6d geo 2.515e-04 med 1.982e-04 p90 3.320e-03 (const 4.732e-02)  |g| 2.26e+00  [82042s]
           5d geo 1.596e-04 med 1.133e-04   postmu 6d geo 2.127e-04 med 1.603e-04 p90 3.285e-03   mu |dlog| 0.0288
           corr(identifiable)  mu=+0.96  D_div_mu=+0.99  T0_div_mu=+0.79  Ly=+0.98  op_x=+0.95  op_y=+0.99   mean spread/GT 0.94
           err share           mu=21%  D_div_mu=0%  T0_div_mu=4%  Ly=22%  op_x=44%  op_y=10%
step 206100  train 1.9964e-01  |g| 2.54e+00  [82089s]
step 206200  train 1.8101e-01  |g| 2.87e+00  [82134s]
step 206300  train 1.8440e-01  |g| 3.21e+00  [82179s]
step 206400  train 2.1343e-01  |g| 1.78e+00  [82224s]
step 206500  train 2.0106e-01  |g| 1.93e+00  [82271s]
step 206600  train 2.4911e-01  |g| 3.58e+00  [82317s]
step 206700  train 1.9825e-01  |g| 2.33e+00  [82362s]
step 206800  train 2.0543e-01  |g| 2.43e+00  [82408s]
step 206900  train 2.1368e-01  |g| 2.45e+00  [82453s]
step 207000  train 2.2704e-01  |g| 1.76e+00  [82498s]
step 207100  train 2.1401e-01  |g| 2.96e+00  [82544s]
step 207200  train 1.9257e-01  |g| 2.65e+00  [82589s]
step 207300  train 2.1408e-01  |g| 2.67e+00  [82633s]
step 207400  train 2.3214e-01  |g| 2.79e+00  [82678s]
step 207500  train 2.2272e-01  |g| 2.97e+00  [82724s]
step 207600  train 2.1827e-01  |g| 3.08e+00  [82771s]
step 207700  train 1.9683e-01  |g| 3.19e+00  [82814s]
step 207800  train 2.3215e-01  |g| 2.59e+00  [82859s]
step 207900  train 1.8400e-01  |g| 2.27e+00  [82904s]
step 208000  train 1.8975e-01  val 2.7401e-01  6d geo 2.473e-04 med 1.918e-04 p90 3.539e-03 (const 4.732e-02)  |g| 2.95e+00  [82948s]
           5d geo 1.574e-04 med 1.240e-04   postmu 6d geo 2.155e-04 med 1.682e-04 p90 3.556e-03   mu |dlog| 0.0311
           corr(identifiable)  mu=+0.96  D_div_mu=+0.99  T0_div_mu=+0.79  Ly=+0.98  op_x=+0.96  op_y=+0.99   mean spread/GT 0.94
           err share           mu=22%  D_div_mu=0%  T0_div_mu=4%  Ly=21%  op_x=44%  op_y=10%
step 208100  train 2.0432e-01  |g| 3.22e+00  [82996s]
step 208200  train 1.8018e-01  |g| 1.95e+00  [83040s]
step 208300  train 2.0639e-01  |g| 2.67e+00  [83085s]
step 208400  train 1.7288e-01  |g| 2.63e+00  [83128s]
step 208500  train 2.1245e-01  |g| 2.44e+00  [83173s]
step 208600  train 1.9265e-01  |g| 3.74e+00  [83218s]
step 208700  train 2.2219e-01  |g| 2.12e+00  [83261s]
step 208800  train 2.2804e-01  |g| 3.01e+00  [83306s]
step 208900  train 2.3322e-01  |g| 3.14e+00  [83349s]
step 209000  train 2.1442e-01  |g| 3.77e+00  [83393s]
step 209100  train 2.2855e-01  |g| 2.85e+00  [83437s]
step 209200  train 2.1301e-01  |g| 2.97e+00  [83480s]
step 209300  train 2.2939e-01  |g| 4.27e+00  [83526s]
step 209400  train 2.3810e-01  |g| 2.48e+00  [83570s]
step 209500  train 2.0157e-01  |g| 5.20e+00  [83616s]
step 209600  train 1.9862e-01  |g| 2.64e+00  [83661s]
step 209700  train 2.0013e-01  |g| 4.09e+00  [83706s]
step 209800  train 2.1097e-01  |g| 3.43e+00  [83750s]
step 209900  train 2.1932e-01  |g| 2.85e+00  [83794s]
step 210000  train 1.7247e-01  val 2.6661e-01  6d geo 2.417e-04 med 1.860e-04 p90 3.408e-03 (const 4.732e-02)  |g| 2.14e+00  [83839s]
           5d geo 1.544e-04 med 1.212e-04   postmu 6d geo 2.145e-04 med 1.633e-04 p90 3.663e-03   mu |dlog| 0.0300
           corr(identifiable)  mu=+0.96  D_div_mu=+0.99  T0_div_mu=+0.79  Ly=+0.98  op_x=+0.96  op_y=+0.99   mean spread/GT 0.94
           err share           mu=22%  D_div_mu=0%  T0_div_mu=4%  Ly=22%  op_x=43%  op_y=10%
step 210100  train 1.8807e-01  |g| 3.28e+00  [83888s]
step 210200  train 1.9064e-01  |g| 2.93e+00  [83933s]
step 210300  train 1.9485e-01  |g| 2.44e+00  [83979s]
step 210400  train 1.9449e-01  |g| 2.23e+00  [84024s]
step 210500  train 1.7889e-01  |g| 3.16e+00  [84070s]
step 210600  train 2.1346e-01  |g| 3.11e+00  [84116s]
step 210700  train 1.8829e-01  |g| 2.28e+00  [84161s]
step 210800  train 2.1264e-01  |g| 2.78e+00  [84206s]
step 210900  train 1.7992e-01  |g| 1.95e+00  [84252s]
step 211000  train 1.6306e-01  |g| 1.72e+00  [84297s]
step 211100  train 2.1397e-01  |g| 3.73e+00  [84342s]
step 211200  train 2.3023e-01  |g| 2.51e+00  [84389s]
step 211300  train 1.9887e-01  |g| 2.78e+00  [84434s]
step 211400  train 1.7366e-01  |g| 1.93e+00  [84480s]
step 211500  train 2.0249e-01  |g| 4.31e+00  [84526s]
step 211600  train 2.1175e-01  |g| 2.48e+00  [84572s]
step 211700  train 2.3184e-01  |g| 1.67e+00  [84617s]
step 211800  train 2.0008e-01  |g| 2.85e+00  [84662s]
step 211900  train 1.8362e-01  |g| 2.67e+00  [84707s]
step 212000  train 1.9583e-01  val 2.6881e-01  6d geo 2.400e-04 med 1.959e-04 p90 3.231e-03 (const 4.732e-02)  |g| 1.51e+00  [84753s]
           5d geo 1.512e-04 med 1.226e-04   postmu 6d geo 2.045e-04 med 1.597e-04 p90 3.341e-03   mu |dlog| 0.0291
           corr(identifiable)  mu=+0.96  D_div_mu=+0.99  T0_div_mu=+0.79  Ly=+0.97  op_x=+0.96  op_y=+0.99   mean spread/GT 0.94
           err share           mu=21%  D_div_mu=0%  T0_div_mu=4%  Ly=22%  op_x=43%  op_y=10%
step 212100  train 1.6910e-01  |g| 2.25e+00  [84800s]
step 212200  train 1.9477e-01  |g| 1.98e+00  [84846s]
step 212300  train 1.9859e-01  |g| 2.12e+00  [84891s]
step 212400  train 1.8827e-01  |g| 2.54e+00  [84937s]
step 212500  train 1.8396e-01  |g| 2.42e+00  [84980s]
step 212600  train 1.8620e-01  |g| 1.98e+00  [85025s]
step 212700  train 1.9432e-01  |g| 2.68e+00  [85071s]
step 212800  train 2.0847e-01  |g| 2.96e+00  [85116s]
step 212900  train 1.7710e-01  |g| 3.40e+00  [85160s]
step 213000  train 1.8926e-01  |g| 2.18e+00  [85206s]
step 213100  train 2.0433e-01  |g| 1.89e+00  [85253s]
step 213200  train 2.0632e-01  |g| 2.64e+00  [85298s]
step 213300  train 2.1002e-01  |g| 2.88e+00  [85341s]
step 213400  train 1.6518e-01  |g| 3.48e+00  [85387s]
step 213500  train 1.8298e-01  |g| 3.47e+00  [85433s]
step 213600  train 1.7470e-01  |g| 1.57e+00  [85479s]
step 213700  train 1.7298e-01  |g| 3.31e+00  [85527s]
step 213800  train 1.9761e-01  |g| 3.78e+00  [85571s]
step 213900  train 1.7330e-01  |g| 2.30e+00  [85616s]
step 214000  train 2.3594e-01  val 2.6766e-01  6d geo 2.406e-04 med 1.910e-04 p90 3.536e-03 (const 4.732e-02)  |g| 1.65e+00  [85662s]
           5d geo 1.536e-04 med 1.213e-04   postmu 6d geo 2.109e-04 med 1.589e-04 p90 3.572e-03   mu |dlog| 0.0309
           corr(identifiable)  mu=+0.96  D_div_mu=+0.99  T0_div_mu=+0.79  Ly=+0.97  op_x=+0.95  op_y=+0.99   mean spread/GT 0.94
           err share           mu=21%  D_div_mu=0%  T0_div_mu=4%  Ly=22%  op_x=43%  op_y=10%
step 214100  train 1.8292e-01  |g| 3.06e+00  [85711s]
step 214200  train 1.6145e-01  |g| 3.25e+00  [85756s]
step 214300  train 2.1119e-01  |g| 3.02e+00  [85801s]
step 214400  train 2.0234e-01  |g| 2.22e+00  [85847s]
step 214500  train 1.9998e-01  |g| 3.15e+00  [85892s]
step 214600  train 1.9350e-01  |g| 2.28e+00  [85938s]
step 214700  train 2.0209e-01  |g| 3.29e+00  [85982s]
step 214800  train 1.7200e-01  |g| 3.80e+00  [86026s]
step 214900  train 2.0641e-01  |g| 2.29e+00  [86072s]
step 215000  train 1.8165e-01  |g| 3.13e+00  [86115s]
step 215100  train 1.8063e-01  |g| 2.53e+00  [86160s]
step 215200  train 2.1693e-01  |g| 3.24e+00  [86206s]
step 215300  train 2.3221e-01  |g| 2.16e+00  [86251s]
step 215400  train 1.7172e-01  |g| 3.14e+00  [86296s]
step 215500  train 1.7549e-01  |g| 2.36e+00  [86341s]
step 215600  train 1.9281e-01  |g| 2.67e+00  [86386s]
step 215700  train 1.7479e-01  |g| 2.14e+00  [86431s]
step 215800  train 1.9392e-01  |g| 2.61e+00  [86476s]
step 215900  train 1.7451e-01  |g| 3.36e+00  [86523s]
step 216000  train 2.0738e-01  val 2.6550e-01  6d geo 2.326e-04 med 1.870e-04 p90 3.479e-03 (const 4.732e-02)  |g| 2.05e+00  [86567s]
           5d geo 1.486e-04 med 1.164e-04   postmu 6d geo 2.038e-04 med 1.607e-04 p90 3.754e-03   mu |dlog| 0.0300
           corr(identifiable)  mu=+0.96  D_div_mu=+0.99  T0_div_mu=+0.79  Ly=+0.98  op_x=+0.96  op_y=+0.99   mean spread/GT 0.94
           err share           mu=22%  D_div_mu=0%  T0_div_mu=4%  Ly=22%  op_x=43%  op_y=10%
step 216100  train 2.1135e-01  |g| 2.72e+00  [86615s]
step 216200  train 1.8609e-01  |g| 4.44e+00  [86661s]
step 216300  train 2.0136e-01  |g| 2.55e+00  [86705s]
step 216400  train 1.6794e-01  |g| 2.27e+00  [86753s]
step 216500  train 1.5437e-01  |g| 3.51e+00  [86798s]
step 216600  train 1.7433e-01  |g| 2.55e+00  [86845s]
step 216700  train 1.8355e-01  |g| 2.28e+00  [86891s]
step 216800  train 2.3283e-01  |g| 2.82e+00  [86934s]
step 216900  train 1.7663e-01  |g| 1.94e+00  [86979s]
step 217000  train 2.1654e-01  |g| 3.37e+00  [87023s]
step 217100  train 1.9976e-01  |g| 1.95e+00  [87069s]
step 217200  train 2.1909e-01  |g| 4.25e+00  [87116s]
step 217300  train 1.7765e-01  |g| 2.38e+00  [87161s]
step 217400  train 1.9035e-01  |g| 3.63e+00  [87207s]
step 217500  train 1.7657e-01  |g| 2.62e+00  [87252s]
step 217600  train 1.6418e-01  |g| 2.55e+00  [87297s]
step 217700  train 1.8158e-01  |g| 1.78e+00  [87343s]
step 217800  train 1.8081e-01  |g| 2.61e+00  [87387s]
step 217900  train 1.7974e-01  |g| 2.16e+00  [87432s]
step 218000  train 1.9417e-01  val 2.6543e-01  6d geo 2.307e-04 med 1.820e-04 p90 3.351e-03 (const 4.732e-02)  |g| 3.10e+00  [87476s]
           5d geo 1.448e-04 med 1.152e-04   postmu 6d geo 1.950e-04 med 1.563e-04 p90 3.370e-03   mu |dlog| 0.0275
           corr(identifiable)  mu=+0.96  D_div_mu=+0.99  T0_div_mu=+0.79  Ly=+0.98  op_x=+0.96  op_y=+0.99   mean spread/GT 0.94
           err share           mu=21%  D_div_mu=0%  T0_div_mu=4%  Ly=21%  op_x=44%  op_y=10%
step 218100  train 1.9135e-01  |g| 4.67e+00  [87526s]
step 218200  train 1.7046e-01  |g| 1.87e+00  [87572s]
step 218300  train 1.8555e-01  |g| 3.14e+00  [87618s]
step 218400  train 2.4150e-01  |g| 3.85e+00  [87664s]
step 218500  train 1.9293e-01  |g| 2.18e+00  [87710s]
step 218600  train 1.4298e-01  |g| 2.04e+00  [87756s]
step 218700  train 1.4441e-01  |g| 2.07e+00  [87799s]
step 218800  train 1.4973e-01  |g| 3.20e+00  [87843s]
step 218900  train 1.8536e-01  |g| 2.72e+00  [87888s]
step 219000  train 1.5330e-01  |g| 2.34e+00  [87934s]
step 219100  train 1.6813e-01  |g| 3.26e+00  [87979s]
step 219200  train 1.5282e-01  |g| 2.06e+00  [88025s]
step 219300  train 1.7278e-01  |g| 2.88e+00  [88070s]
step 219400  train 1.9133e-01  |g| 2.81e+00  [88115s]
step 219500  train 1.8056e-01  |g| 2.14e+00  [88160s]
step 219600  train 2.1498e-01  |g| 2.69e+00  [88203s]
step 219700  train 1.7162e-01  |g| 4.54e+00  [88250s]
step 219800  train 1.8031e-01  |g| 2.85e+00  [88295s]
step 219900  train 1.7604e-01  |g| 4.74e+00  [88338s]
step 220000  train 1.7279e-01  val 2.6318e-01  6d geo 2.269e-04 med 1.788e-04 p90 3.333e-03 (const 4.732e-02)  |g| 4.01e+00  [88385s]
           5d geo 1.430e-04 med 1.129e-04   postmu 6d geo 1.910e-04 med 1.491e-04 p90 3.293e-03   mu |dlog| 0.0272
           corr(identifiable)  mu=+0.96  D_div_mu=+0.99  T0_div_mu=+0.79  Ly=+0.98  op_x=+0.95  op_y=+0.99   mean spread/GT 0.95
           err share           mu=21%  D_div_mu=0%  T0_div_mu=4%  Ly=21%  op_x=44%  op_y=10%
step 220100  train 1.9591e-01  |g| 2.17e+00  [88435s]
step 220200  train 1.6603e-01  |g| 2.99e+00  [88480s]
step 220300  train 2.1490e-01  |g| 1.87e+00  [88524s]
step 220400  train 1.3743e-01  |g| 3.34e+00  [88569s]
step 220500  train 1.7469e-01  |g| 1.98e+00  [88614s]
step 220600  train 2.1947e-01  |g| 2.76e+00  [88659s]
step 220700  train 1.8881e-01  |g| 3.29e+00  [88703s]
step 220800  train 1.9639e-01  |g| 3.96e+00  [88748s]
step 220900  train 1.5775e-01  |g| 2.62e+00  [88793s]
step 221000  train 1.5588e-01  |g| 3.24e+00  [88838s]
step 221100  train 1.4368e-01  |g| 3.49e+00  [88882s]
step 221200  train 1.5308e-01  |g| 3.04e+00  [88928s]
step 221300  train 1.4652e-01  |g| 3.70e+00  [88972s]
step 221400  train 1.7822e-01  |g| 3.49e+00  [89018s]
step 221500  train 1.9463e-01  |g| 2.44e+00  [89062s]
step 221600  train 1.8062e-01  |g| 2.57e+00  [89107s]
step 221700  train 1.5853e-01  |g| 3.07e+00  [89154s]
step 221800  train 1.7858e-01  |g| 2.39e+00  [89199s]
step 221900  train 1.8887e-01  |g| 2.21e+00  [89244s]
step 222000  train 1.6408e-01  val 2.6490e-01  6d geo 2.275e-04 med 1.893e-04 p90 3.395e-03 (const 4.732e-02)  |g| 2.89e+00  [89289s]
           5d geo 1.446e-04 med 1.103e-04   postmu 6d geo 1.984e-04 med 1.528e-04 p90 3.576e-03   mu |dlog| 0.0286
           corr(identifiable)  mu=+0.96  D_div_mu=+0.99  T0_div_mu=+0.79  Ly=+0.98  op_x=+0.96  op_y=+0.99   mean spread/GT 0.94
           err share           mu=21%  D_div_mu=0%  T0_div_mu=4%  Ly=22%  op_x=43%  op_y=10%
step 222100  train 2.0102e-01  |g| 3.67e+00  [89338s]
step 222200  train 1.8586e-01  |g| 2.33e+00  [89382s]
step 222300  train 1.7305e-01  |g| 2.04e+00  [89427s]
step 222400  train 1.7147e-01  |g| 2.67e+00  [89474s]
step 222500  train 1.9028e-01  |g| 3.07e+00  [89520s]
step 222600  train 1.5401e-01  |g| 3.40e+00  [89565s]
step 222700  train 1.6993e-01  |g| 3.29e+00  [89611s]
step 222800  train 1.6160e-01  |g| 2.40e+00  [89656s]
step 222900  train 1.6221e-01  |g| 2.56e+00  [89701s]
step 223000  train 1.7111e-01  |g| 3.88e+00  [89747s]
step 223100  train 1.5826e-01  |g| 2.18e+00  [89793s]
step 223200  train 1.8787e-01  |g| 2.85e+00  [89835s]
step 223300  train 1.8558e-01  |g| 3.93e+00  [89880s]
step 223400  train 1.6486e-01  |g| 5.04e+00  [89925s]
step 223500  train 1.7867e-01  |g| 2.57e+00  [89971s]
step 223600  train 1.7101e-01  |g| 2.71e+00  [90016s]
step 223700  train 1.7879e-01  |g| 2.61e+00  [90063s]
step 223800  train 1.9850e-01  |g| 3.58e+00  [90109s]
step 223900  train 1.6685e-01  |g| 2.46e+00  [90156s]
step 224000  train 1.7010e-01  val 2.6187e-01  6d geo 2.276e-04 med 1.816e-04 p90 3.272e-03 (const 4.732e-02)  |g| 1.84e+00  [90200s]
           5d geo 1.419e-04 med 1.108e-04   postmu 6d geo 1.911e-04 med 1.537e-04 p90 3.460e-03   mu |dlog| 0.0276
           corr(identifiable)  mu=+0.96  D_div_mu=+0.99  T0_div_mu=+0.79  Ly=+0.98  op_x=+0.96  op_y=+0.99   mean spread/GT 0.95
           err share           mu=21%  D_div_mu=0%  T0_div_mu=4%  Ly=22%  op_x=44%  op_y=10%
step 224100  train 1.7311e-01  |g| 2.26e+00  [90249s]
step 224200  train 2.0555e-01  |g| 2.90e+00  [90293s]
step 224300  train 1.8256e-01  |g| 1.91e+00  [90340s]
step 224400  train 1.7589e-01  |g| 3.25e+00  [90385s]
step 224500  train 1.5528e-01  |g| 2.75e+00  [90431s]
step 224600  train 1.5920e-01  |g| 2.54e+00  [90477s]
step 224700  train 2.1945e-01  |g| 2.77e+00  [90522s]
step 224800  train 1.8337e-01  |g| 2.46e+00  [90567s]
step 224900  train 1.6268e-01  |g| 2.43e+00  [90613s]
step 225000  train 1.5755e-01  |g| 4.94e+00  [90659s]
step 225100  train 1.8596e-01  |g| 2.03e+00  [90706s]
step 225200  train 1.3523e-01  |g| 4.86e+00  [90752s]
step 225300  train 1.6890e-01  |g| 3.26e+00  [90796s]
step 225400  train 1.6028e-01  |g| 2.04e+00  [90842s]
step 225500  train 1.2394e-01  |g| 2.06e+00  [90887s]
step 225600  train 1.7181e-01  |g| 2.98e+00  [90931s]
step 225700  train 1.5294e-01  |g| 3.02e+00  [90976s]
step 225800  train 1.5582e-01  |g| 2.14e+00  [91020s]
step 225900  train 1.6045e-01  |g| 3.68e+00  [91067s]
step 226000  train 1.7223e-01  val 2.6342e-01  6d geo 2.246e-04 med 1.808e-04 p90 3.306e-03 (const 4.732e-02)  |g| 5.58e+00  [91114s]
           5d geo 1.423e-04 med 1.066e-04   postmu 6d geo 1.903e-04 med 1.473e-04 p90 3.572e-03   mu |dlog| 0.0278
           corr(identifiable)  mu=+0.96  D_div_mu=+0.99  T0_div_mu=+0.79  Ly=+0.98  op_x=+0.96  op_y=+0.99   mean spread/GT 0.94
           err share           mu=21%  D_div_mu=0%  T0_div_mu=4%  Ly=22%  op_x=44%  op_y=10%
step 226100  train 1.9607e-01  |g| 1.86e+00  [91162s]
step 226200  train 1.6869e-01  |g| 2.99e+00  [91207s]
step 226300  train 1.6934e-01  |g| 2.93e+00  [91251s]
step 226400  train 1.8146e-01  |g| 1.75e+00  [91296s]
step 226500  train 1.6479e-01  |g| 2.94e+00  [91341s]
step 226600  train 1.6460e-01  |g| 2.54e+00  [91385s]
step 226700  train 1.8080e-01  |g| 5.44e+00  [91431s]
step 226800  train 1.9019e-01  |g| 2.38e+00  [91476s]
step 226900  train 1.6441e-01  |g| 3.50e+00  [91521s]
step 227000  train 1.6278e-01  |g| 3.16e+00  [91567s]
step 227100  train 1.6702e-01  |g| 2.59e+00  [91613s]
step 227200  train 1.7600e-01  |g| 4.35e+00  [91658s]
step 227300  train 1.8433e-01  |g| 3.08e+00  [91703s]
step 227400  train 1.5998e-01  |g| 2.40e+00  [91749s]
step 227500  train 1.9285e-01  |g| 2.65e+00  [91795s]
step 227600  train 1.7343e-01  |g| 2.30e+00  [91840s]
step 227700  train 1.7630e-01  |g| 3.23e+00  [91884s]
step 227800  train 1.6132e-01  |g| 3.55e+00  [91930s]
step 227900  train 1.5271e-01  |g| 3.56e+00  [91977s]
step 228000  train 1.6761e-01  val 2.6139e-01  6d geo 2.239e-04 med 1.801e-04 p90 3.427e-03 (const 4.732e-02)  |g| 2.57e+00  [92021s]
           5d geo 1.419e-04 med 1.104e-04   postmu 6d geo 1.899e-04 med 1.513e-04 p90 3.427e-03   mu |dlog| 0.0269
           corr(identifiable)  mu=+0.96  D_div_mu=+0.99  T0_div_mu=+0.79  Ly=+0.98  op_x=+0.96  op_y=+0.99   mean spread/GT 0.95
           err share           mu=21%  D_div_mu=0%  T0_div_mu=4%  Ly=22%  op_x=44%  op_y=10%
step 228100  train 1.8275e-01  |g| 1.78e+00  [92070s]
step 228200  train 1.3605e-01  |g| 4.17e+00  [92116s]
step 228300  train 1.7745e-01  |g| 2.74e+00  [92161s]
step 228400  train 1.7346e-01  |g| 2.65e+00  [92207s]
step 228500  train 1.5399e-01  |g| 3.47e+00  [92252s]
step 228600  train 1.5616e-01  |g| 2.43e+00  [92298s]
step 228700  train 1.5806e-01  |g| 2.62e+00  [92342s]
step 228800  train 1.7214e-01  |g| 3.15e+00  [92386s]
step 228900  train 1.9124e-01  |g| 2.87e+00  [92430s]
step 229000  train 1.6797e-01  |g| 2.78e+00  [92475s]
step 229100  train 1.4473e-01  |g| 3.76e+00  [92520s]
step 229200  train 1.5782e-01  |g| 1.68e+00  [92566s]
step 229300  train 1.8194e-01  |g| 4.70e+00  [92611s]
step 229400  train 1.7880e-01  |g| 4.39e+00  [92658s]
step 229500  train 1.3423e-01  |g| 3.24e+00  [92702s]
step 229600  train 1.5897e-01  |g| 2.06e+00  [92749s]
step 229700  train 1.4130e-01  |g| 2.19e+00  [92794s]
step 229800  train 1.4914e-01  |g| 2.40e+00  [92839s]
step 229900  train 1.6463e-01  |g| 3.53e+00  [92884s]
step 230000  train 1.7541e-01  val 2.6218e-01  6d geo 2.245e-04 med 1.799e-04 p90 3.263e-03 (const 4.732e-02)  |g| 3.02e+00  [92929s]
           5d geo 1.432e-04 med 1.099e-04   postmu 6d geo 1.927e-04 med 1.528e-04 p90 3.345e-03   mu |dlog| 0.0273
           corr(identifiable)  mu=+0.96  D_div_mu=+0.99  T0_div_mu=+0.79  Ly=+0.98  op_x=+0.96  op_y=+0.99   mean spread/GT 0.94
           err share           mu=21%  D_div_mu=0%  T0_div_mu=4%  Ly=22%  op_x=44%  op_y=10%
step 230100  train 1.1932e-01  |g| 2.95e+00  [92978s]
step 230200  train 1.5555e-01  |g| 2.13e+00  [93024s]
step 230300  train 1.5473e-01  |g| 1.56e+00  [93070s]
step 230400  train 1.5783e-01  |g| 2.75e+00  [93116s]
step 230500  train 1.7379e-01  |g| 2.93e+00  [93161s]
step 230600  train 1.7376e-01  |g| 3.20e+00  [93207s]
step 230700  train 1.7651e-01  |g| 1.92e+00  [93253s]
step 230800  train 2.0463e-01  |g| 4.01e+00  [93298s]
step 230900  train 1.6747e-01  |g| 3.96e+00  [93342s]
step 231000  train 1.5110e-01  |g| 2.61e+00  [93388s]
step 231100  train 1.3547e-01  |g| 2.76e+00  [93434s]
step 231200  train 1.5807e-01  |g| 3.73e+00  [93480s]
step 231300  train 1.4369e-01  |g| 3.87e+00  [93525s]
step 231400  train 1.7658e-01  |g| 2.28e+00  [93571s]
step 231500  train 1.6032e-01  |g| 1.56e+00  [93616s]
step 231600  train 1.6566e-01  |g| 2.28e+00  [93662s]
step 231700  train 1.4325e-01  |g| 2.06e+00  [93708s]
step 231800  train 1.5193e-01  |g| 3.74e+00  [93752s]
step 231900  train 1.9286e-01  |g| 4.67e+00  [93797s]
step 232000  train 1.4741e-01  val 2.6233e-01  6d geo 2.225e-04 med 1.732e-04 p90 3.136e-03 (const 4.732e-02)  |g| 3.22e+00  [93843s]
           5d geo 1.417e-04 med 1.094e-04   postmu 6d geo 1.894e-04 med 1.491e-04 p90 3.378e-03   mu |dlog| 0.0274
           corr(identifiable)  mu=+0.96  D_div_mu=+0.99  T0_div_mu=+0.79  Ly=+0.98  op_x=+0.96  op_y=+0.99   mean spread/GT 0.94
           err share           mu=21%  D_div_mu=0%  T0_div_mu=4%  Ly=22%  op_x=44%  op_y=10%
step 232100  train 1.5910e-01  |g| 2.51e+00  [93892s]
step 232200  train 1.6374e-01  |g| 3.14e+00  [93938s]
step 232300  train 1.4560e-01  |g| 2.45e+00  [93983s]
step 232400  train 1.5000e-01  |g| 2.69e+00  [94030s]
step 232500  train 1.2902e-01  |g| 2.47e+00  [94073s]
step 232600  train 1.7509e-01  |g| 2.18e+00  [94118s]
step 232700  train 1.4065e-01  |g| 7.96e+00  [94162s]
step 232800  train 1.2348e-01  |g| 3.64e+00  [94207s]
step 232900  train 1.6881e-01  |g| 5.36e+00  [94254s]
step 233000  train 1.2160e-01  |g| 3.00e+00  [94299s]
step 233100  train 1.5887e-01  |g| 2.47e+00  [94344s]
step 233200  train 1.3966e-01  |g| 3.40e+00  [94390s]
step 233300  train 1.8357e-01  |g| 2.65e+00  [94434s]
step 233400  train 1.5688e-01  |g| 3.47e+00  [94481s]
step 233500  train 1.6156e-01  |g| 3.82e+00  [94527s]
step 233600  train 1.3566e-01  |g| 3.34e+00  [94572s]
step 233700  train 1.3582e-01  |g| 3.69e+00  [94617s]
step 233800  train 2.0046e-01  |g| 2.87e+00  [94663s]
step 233900  train 1.2860e-01  |g| 2.90e+00  [94708s]
step 234000  train 1.5715e-01  val 2.6131e-01  6d geo 2.242e-04 med 1.778e-04 p90 3.447e-03 (const 4.732e-02)  |g| 3.32e+00  [94753s]
           5d geo 1.419e-04 med 1.102e-04   postmu 6d geo 1.893e-04 med 1.494e-04 p90 3.540e-03   mu |dlog| 0.0278
           corr(identifiable)  mu=+0.96  D_div_mu=+0.99  T0_div_mu=+0.79  Ly=+0.98  op_x=+0.96  op_y=+0.99   mean spread/GT 0.95
           err share           mu=21%  D_div_mu=0%  T0_div_mu=4%  Ly=22%  op_x=44%  op_y=10%
step 234100  train 1.6202e-01  |g| 1.62e+00  [94802s]
step 234200  train 1.4293e-01  |g| 3.44e+00  [94847s]
step 234300  train 1.4019e-01  |g| 3.01e+00  [94892s]
step 234400  train 1.1880e-01  |g| 4.96e+00  [94938s]
step 234500  train 1.8967e-01  |g| 3.42e+00  [94984s]
step 234600  train 1.6362e-01  |g| 2.06e+00  [95029s]
step 234700  train 1.6648e-01  |g| 4.06e+00  [95074s]
step 234800  train 1.4965e-01  |g| 2.44e+00  [95119s]
step 234900  train 1.5922e-01  |g| 3.86e+00  [95164s]
step 235000  train 1.5834e-01  |g| 3.48e+00  [95210s]
step 235100  train 1.2687e-01  |g| 1.73e+00  [95255s]
step 235200  train 1.4404e-01  |g| 1.91e+00  [95301s]
step 235300  train 1.5074e-01  |g| 2.74e+00  [95347s]
step 235400  train 1.7869e-01  |g| 2.07e+00  [95392s]
step 235500  train 1.6124e-01  |g| 3.07e+00  [95438s]
step 235600  train 1.5947e-01  |g| 1.79e+00  [95483s]
step 235700  train 1.5410e-01  |g| 3.01e+00  [95528s]
step 235800  train 1.6495e-01  |g| 2.29e+00  [95572s]
step 235900  train 1.7073e-01  |g| 2.60e+00  [95619s]
step 236000  train 1.4170e-01  val 2.6113e-01  6d geo 2.230e-04 med 1.773e-04 p90 3.443e-03 (const 4.732e-02)  |g| 3.43e+00  [95666s]
           5d geo 1.419e-04 med 1.075e-04   postmu 6d geo 1.884e-04 med 1.500e-04 p90 3.496e-03   mu |dlog| 0.0264
           corr(identifiable)  mu=+0.96  D_div_mu=+0.99  T0_div_mu=+0.79  Ly=+0.98  op_x=+0.96  op_y=+0.99   mean spread/GT 0.95
           err share           mu=21%  D_div_mu=0%  T0_div_mu=4%  Ly=22%  op_x=44%  op_y=10%
step 236100  train 1.4169e-01  |g| 2.47e+00  [95714s]
step 236200  train 1.8213e-01  |g| 3.39e+00  [95759s]
step 236300  train 1.5898e-01  |g| 3.03e+00  [95803s]
step 236400  train 1.8904e-01  |g| 2.96e+00  [95848s]
step 236500  train 1.4053e-01  |g| 2.84e+00  [95893s]
step 236600  train 1.2219e-01  |g| 4.17e+00  [95937s]
step 236700  train 1.6031e-01  |g| 3.20e+00  [95981s]
step 236800  train 1.3755e-01  |g| 2.33e+00  [96027s]
step 236900  train 1.6236e-01  |g| 3.27e+00  [96071s]
step 237000  train 1.4514e-01  |g| 2.44e+00  [96117s]
step 237100  train 1.5807e-01  |g| 2.62e+00  [96162s]
step 237200  train 1.6659e-01  |g| 1.53e+00  [96207s]
step 237300  train 2.0223e-01  |g| 2.25e+00  [96253s]
step 237400  train 1.3715e-01  |g| 2.47e+00  [96297s]
step 237500  train 1.6937e-01  |g| 3.39e+00  [96342s]
step 237600  train 1.4662e-01  |g| 1.96e+00  [96387s]
step 237700  train 1.4895e-01  |g| 2.33e+00  [96432s]
step 237800  train 1.8606e-01  |g| 2.19e+00  [96475s]
step 237900  train 1.5464e-01  |g| 4.79e+00  [96520s]
step 238000  train 1.2822e-01  val 2.6098e-01  6d geo 2.221e-04 med 1.752e-04 p90 3.424e-03 (const 4.732e-02)  |g| 2.29e+00  [96565s]
           5d geo 1.407e-04 med 1.105e-04   postmu 6d geo 1.875e-04 med 1.476e-04 p90 3.407e-03   mu |dlog| 0.0276
           corr(identifiable)  mu=+0.96  D_div_mu=+0.99  T0_div_mu=+0.79  Ly=+0.98  op_x=+0.96  op_y=+0.99   mean spread/GT 0.94
           err share           mu=21%  D_div_mu=0%  T0_div_mu=4%  Ly=22%  op_x=44%  op_y=10%
step 238100  train 1.4574e-01  |g| 3.58e+00  [96615s]
step 238200  train 1.3977e-01  |g| 3.06e+00  [96660s]
step 238300  train 2.0470e-01  |g| 1.67e+00  [96706s]
step 238400  train 1.2996e-01  |g| 2.84e+00  [96752s]
step 238500  train 1.3288e-01  |g| 3.19e+00  [96799s]
step 238600  train 1.3335e-01  |g| 2.66e+00  [96844s]
step 238700  train 1.3665e-01  |g| 2.99e+00  [96891s]
step 238800  train 1.1385e-01  |g| 2.73e+00  [96935s]
step 238900  train 1.4330e-01  |g| 4.49e+00  [96981s]
step 239000  train 1.2420e-01  |g| 3.49e+00  [97025s]
step 239100  train 1.4140e-01  |g| 3.22e+00  [97070s]
step 239200  train 1.4807e-01  |g| 2.42e+00  [97115s]
step 239300  train 1.4764e-01  |g| 2.02e+00  [97162s]
step 239400  train 1.4919e-01  |g| 1.89e+00  [97206s]
step 239500  train 1.2750e-01  |g| 2.22e+00  [97251s]
step 239600  train 1.9196e-01  |g| 2.93e+00  [97296s]
step 239700  train 1.6214e-01  |g| 2.03e+00  [97342s]
step 239800  train 1.2572e-01  |g| 2.50e+00  [97386s]
step 239900  train 1.6298e-01  |g| 2.86e+00  [97434s]
step 240000  train 1.6277e-01  val 2.6088e-01  6d geo 2.205e-04 med 1.750e-04 p90 3.290e-03 (const 4.732e-02)  |g| 2.54e+00  [97480s]
           5d geo 1.397e-04 med 1.095e-04   postmu 6d geo 1.863e-04 med 1.477e-04 p90 3.378e-03   mu |dlog| 0.0273
           corr(identifiable)  mu=+0.96  D_div_mu=+0.99  T0_div_mu=+0.79  Ly=+0.98  op_x=+0.96  op_y=+0.99   mean spread/GT 0.95
           err share           mu=21%  D_div_mu=0%  T0_div_mu=4%  Ly=22%  op_x=44%  op_y=10%
step 240100  train 1.6122e-01  |g| 1.79e+00  [97529s]
step 240200  train 1.3544e-01  |g| 2.93e+00  [97575s]
step 240300  train 1.3115e-01  |g| 2.29e+00  [97620s]
step 240400  train 1.3313e-01  |g| 1.98e+00  [97665s]
step 240500  train 1.3180e-01  |g| 1.75e+00  [97710s]
step 240600  train 1.3765e-01  |g| 2.39e+00  [97755s]
step 240700  train 1.2010e-01  |g| 3.18e+00  [97799s]
step 240800  train 1.2496e-01  |g| 2.06e+00  [97843s]
step 240900  train 1.2179e-01  |g| 2.98e+00  [97886s]
step 241000  train 1.5526e-01  |g| 1.67e+00  [97933s]
step 241100  train 1.6702e-01  |g| 2.66e+00  [97979s]
step 241200  train 1.4089e-01  |g| 1.87e+00  [98025s]
step 241300  train 1.4567e-01  |g| 4.20e+00  [98069s]
step 241400  train 1.2366e-01  |g| 3.42e+00  [98114s]
step 241500  train 1.5802e-01  |g| 2.55e+00  [98159s]
step 241600  train 1.0890e-01  |g| 3.65e+00  [98204s]
step 241700  train 1.3351e-01  |g| 2.82e+00  [98247s]
step 241800  train 1.3589e-01  |g| 3.72e+00  [98295s]
step 241900  train 1.3965e-01  |g| 1.76e+00  [98341s]
step 242000  train 1.1452e-01  val 2.6083e-01  6d geo 2.216e-04 med 1.729e-04 p90 3.457e-03 (const 4.732e-02)  |g| 2.20e+00  [98386s]
           5d geo 1.413e-04 med 1.083e-04   postmu 6d geo 1.889e-04 med 1.479e-04 p90 3.465e-03   mu |dlog| 0.0276
           corr(identifiable)  mu=+0.96  D_div_mu=+0.99  T0_div_mu=+0.79  Ly=+0.98  op_x=+0.96  op_y=+0.99   mean spread/GT 0.95
           err share           mu=21%  D_div_mu=0%  T0_div_mu=4%  Ly=22%  op_x=44%  op_y=10%
step 242100  train 1.3356e-01  |g| 4.35e+00  [98433s]
step 242200  train 1.4153e-01  |g| 1.24e+00  [98478s]
step 242300  train 1.4353e-01  |g| 3.56e+00  [98522s]
step 242400  train 1.4552e-01  |g| 1.83e+00  [98567s]
step 242500  train 1.5809e-01  |g| 3.15e+00  [98613s]
step 242600  train 1.1517e-01  |g| 2.38e+00  [98657s]
step 242700  train 1.1713e-01  |g| 2.04e+00  [98702s]
step 242800  train 1.5073e-01  |g| 2.08e+00  [98747s]
step 242900  train 1.4638e-01  |g| 3.19e+00  [98791s]
step 243000  train 1.3008e-01  |g| 3.24e+00  [98836s]
step 243100  train 1.3141e-01  |g| 1.91e+00  [98881s]
step 243200  train 1.5462e-01  |g| 3.15e+00  [98927s]
step 243300  train 1.6646e-01  |g| 6.17e+00  [98973s]
step 243400  train 1.3244e-01  |g| 2.83e+00  [99017s]
step 243500  train 1.4152e-01  |g| 3.70e+00  [99061s]
step 243600  train 1.3155e-01  |g| 1.84e+00  [99106s]
step 243700  train 1.3838e-01  |g| 2.24e+00  [99151s]
step 243800  train 1.9205e-01  |g| 2.74e+00  [99196s]
step 243900  train 1.1038e-01  |g| 1.64e+00  [99243s]
step 244000  train 1.4085e-01  val 2.6060e-01  6d geo 2.210e-04 med 1.745e-04 p90 3.334e-03 (const 4.732e-02)  |g| 2.42e+00  [99288s]
           5d geo 1.398e-04 med 1.107e-04   postmu 6d geo 1.869e-04 med 1.433e-04 p90 3.377e-03   mu |dlog| 0.0272
           corr(identifiable)  mu=+0.96  D_div_mu=+0.99  T0_div_mu=+0.79  Ly=+0.98  op_x=+0.96  op_y=+0.99   mean spread/GT 0.95
           err share           mu=21%  D_div_mu=0%  T0_div_mu=4%  Ly=22%  op_x=44%  op_y=10%
step 244100  train 1.4108e-01  |g| 2.74e+00  [99338s]
step 244200  train 1.1191e-01  |g| 2.81e+00  [99384s]
step 244300  train 1.4594e-01  |g| 2.58e+00  [99428s]
step 244400  train 1.2545e-01  |g| 3.30e+00  [99473s]
step 244500  train 1.4171e-01  |g| 1.81e+00  [99517s]
step 244600  train 1.3523e-01  |g| 1.57e+00  [99563s]
step 244700  train 1.5738e-01  |g| 1.96e+00  [99607s]
step 244800  train 1.5840e-01  |g| 2.45e+00  [99650s]
step 244900  train 1.4514e-01  |g| 2.18e+00  [99695s]
step 245000  train 1.7581e-01  |g| 1.96e+00  [99740s]
step 245100  train 1.2877e-01  |g| 3.88e+00  [99786s]
step 245200  train 1.1496e-01  |g| 2.34e+00  [99831s]
step 245300  train 1.2406e-01  |g| 1.64e+00  [99876s]
step 245400  train 1.2610e-01  |g| 3.43e+00  [99921s]
step 245500  train 1.2838e-01  |g| 2.16e+00  [99966s]
step 245600  train 1.3958e-01  |g| 3.77e+00  [100012s]
step 245700  train 1.4301e-01  |g| 1.77e+00  [100059s]
step 245800  train 1.7250e-01  |g| 1.67e+00  [100105s]
step 245900  train 1.4408e-01  |g| 2.24e+00  [100149s]
step 246000  train 1.4513e-01  val 2.6058e-01  6d geo 2.207e-04 med 1.766e-04 p90 3.338e-03 (const 4.732e-02)  |g| 1.86e+00  [100194s]
           5d geo 1.401e-04 med 1.101e-04   postmu 6d geo 1.866e-04 med 1.446e-04 p90 3.387e-03   mu |dlog| 0.0274
           corr(identifiable)  mu=+0.96  D_div_mu=+0.99  T0_div_mu=+0.79  Ly=+0.98  op_x=+0.96  op_y=+0.99   mean spread/GT 0.95
           err share           mu=21%  D_div_mu=0%  T0_div_mu=4%  Ly=22%  op_x=44%  op_y=10%
step 246100  train 1.6070e-01  |g| 3.11e+00  [100242s]
step 246200  train 1.6047e-01  |g| 2.35e+00  [100288s]
step 246300  train 1.4523e-01  |g| 3.08e+00  [100332s]
step 246400  train 1.2998e-01  |g| 7.31e+00  [100378s]
step 246500  train 1.5378e-01  |g| 1.90e+00  [100423s]
step 246600  train 1.4341e-01  |g| 2.53e+00  [100471s]
step 246700  train 1.2862e-01  |g| 2.25e+00  [100516s]
step 246800  train 1.4309e-01  |g| 3.26e+00  [100561s]
step 246900  train 1.5435e-01  |g| 1.75e+00  [100608s]
step 247000  train 1.5242e-01  |g| 4.94e+00  [100654s]
step 247100  train 1.5995e-01  |g| 3.27e+00  [100701s]
step 247200  train 1.6095e-01  |g| 2.68e+00  [100745s]
step 247300  train 1.4089e-01  |g| 3.33e+00  [100790s]
step 247400  train 1.4143e-01  |g| 2.31e+00  [100835s]
step 247500  train 1.3970e-01  |g| 2.39e+00  [100880s]
step 247600  train 1.5846e-01  |g| 2.66e+00  [100924s]
step 247700  train 1.3867e-01  |g| 2.82e+00  [100971s]
step 247800  train 1.6491e-01  |g| 4.91e+00  [101018s]
step 247900  train 1.6871e-01  |g| 2.40e+00  [101063s]
step 248000  train 1.2166e-01  val 2.6079e-01  6d geo 2.210e-04 med 1.738e-04 p90 3.343e-03 (const 4.732e-02)  |g| 2.65e+00  [101109s]
           5d geo 1.404e-04 med 1.086e-04   postmu 6d geo 1.871e-04 med 1.463e-04 p90 3.414e-03   mu |dlog| 0.0271
           corr(identifiable)  mu=+0.96  D_div_mu=+0.99  T0_div_mu=+0.79  Ly=+0.98  op_x=+0.96  op_y=+0.99   mean spread/GT 0.95
           err share           mu=21%  D_div_mu=0%  T0_div_mu=4%  Ly=22%  op_x=44%  op_y=10%
step 248100  train 1.5476e-01  |g| 3.23e+00  [101157s]
step 248200  train 1.3852e-01  |g| 1.54e+00  [101205s]
step 248300  train 1.2195e-01  |g| 3.12e+00  [101249s]
step 248400  train 1.3651e-01  |g| 1.84e+00  [101293s]
step 248500  train 1.4394e-01  |g| 3.02e+00  [101340s]
step 248600  train 1.6040e-01  |g| 4.72e+00  [101385s]
step 248700  train 1.7129e-01  |g| 3.55e+00  [101430s]
step 248800  train 1.3947e-01  |g| 2.26e+00  [101476s]
step 248900  train 1.3731e-01  |g| 2.24e+00  [101521s]
step 249000  train 1.5731e-01  |g| 2.22e+00  [101565s]
step 249100  train 1.5659e-01  |g| 1.96e+00  [101611s]
step 249200  train 1.6444e-01  |g| 2.29e+00  [101657s]
step 249300  train 1.1947e-01  |g| 2.46e+00  [101703s]
step 249400  train 1.3129e-01  |g| 2.01e+00  [101747s]
step 249500  train 1.3273e-01  |g| 1.86e+00  [101792s]
step 249600  train 1.2455e-01  |g| 2.99e+00  [101840s]
step 249700  train 1.5146e-01  |g| 2.21e+00  [101886s]
step 249800  train 1.3277e-01  |g| 1.96e+00  [101930s]
step 249900  train 1.4316e-01  |g| 3.33e+00  [101975s]
step 250000  train 1.5216e-01  val 2.6083e-01  6d geo 2.205e-04 med 1.749e-04 p90 3.244e-03 (const 4.732e-02)  |g| 2.32e+00  [102020s]
           5d geo 1.400e-04 med 1.104e-04   postmu 6d geo 1.864e-04 med 1.473e-04 p90 3.368e-03   mu |dlog| 0.0271
           corr(identifiable)  mu=+0.96  D_div_mu=+0.99  T0_div_mu=+0.79  Ly=+0.98  op_x=+0.96  op_y=+0.99   mean spread/GT 0.95
           err share           mu=21%  D_div_mu=0%  T0_div_mu=4%  Ly=22%  op_x=44%  op_y=10%
best val_nmse_6d_postmu_geo 1.8626e-04 (encoder_best.pt)

Done. Outputs written to /home/bhpark3/dafx_ddsp/results/ddsp/l1_stft_tgtnorm
