CMA-ES with LHS + Normalized Space on CUDA
  Loss: L1_STFT_pow
  Available losses: MSS, SC+LogMag, CQT_L1, CQT+LogDec, Mel, LSD, L1_STFT, L1_STFT_1024, MultiResCQT, VQT, Gammatone, Envelope, ESR, FreqDecay, Subband, ModalDensity, Dispersion, CentroidTraj, OnsetDisp, NullPattern, GroupDelay, ComplexSTFT, InstFreq, Scattering1D, SoftDTW_Mel, L1, L2, L1_STFT_512, L1_STFT_2048, L1_STFT_8192, L1_STFT_multi, L1_STFT_log, L1_STFT_sc, L1_STFT_log_multi, L1_STFT_sc_multi, L1_STFT_log_sc, SmoothMSS, SmoothMSS_resmatch, L1_STFT_c2, L1_STFT_pow, SOT, SOT_lin, SOT_lin_paper, Mel_linear, L1_STFT_log_masked, L1_STFT_masked, SI-SDR, EDC, EDR, MFCC, SpectralOT_LP
  Trials: 1
  Duration: 0.25s
  Search: normalized [-1, 1] space; expanded to physical bounds for synthesis
  sigma0: 0.6
  tolfun: 1e-05
  tolfunhist: 1e-05
  pruner_min_resource: 15
  pruner_reduction_factor: 3

============================================================
[1/200] random_IR_0001.npz
  GT loss: 0.000000
  terrain_mean=0.069550  early_threshold=0.000661  (alpha=0.0095)
  tolfun=0.000362 tolfunhist=0.000362  (frac=0.0052 of range=0.0695)
    --> Trial 0 | pop=41 seed=95072 x0_norm_min=-0.951 x0_norm_max=0.812
        [Trial 0] gen   20  evals=  820  best=0.0440
        [Trial 0] gen   40  evals= 1640  best=0.0439
        [Trial 0] gen   60  evals= 2460  best=0.0439
        [Trial 0] gen   80  evals= 3280  best=0.0434
        [Trial 0] gen  100  evals= 4100  best=0.0432
        [Trial 0] gen  120  evals= 4920  best=0.0432
        [Trial 0] gen  140  evals= 5740  best=0.0430
        [Trial 0] gen  160  evals= 6560  best=0.0426
        [Trial 0] gen  180  evals= 7380  best=0.0426
        [Trial 0] gen  200  evals= 8200  best=0.0426
        [Done] Trial 0 best=0.0426

  Winner: Trial 0, loss=0.042605 (411s)
    Restarts run: 1
    mu: 16.190010
    D_mu: 0.429386
    T0_mu: 56.519961
    Ly: 2.636042
    op_x: 0.540283
    op_y: 0.753674
    NMSE: 0.076782
  [Saved] random_IR_0001

============================================================
[2/200] random_IR_0002.npz
  GT loss: 0.000000
  terrain_mean=0.070625  early_threshold=0.000671  (alpha=0.0095)
  tolfun=0.000367 tolfunhist=0.000367  (frac=0.0052 of range=0.0706)
    --> Trial 0 | pop=41 seed=95072 x0_norm_min=-0.951 x0_norm_max=0.812
        [Trial 0] gen   20  evals=  820  best=0.0497
        [Trial 0] gen   40  evals= 1640  best=0.0495
        [Trial 0] gen   60  evals= 2460  best=0.0495
        [Trial 0] gen   80  evals= 3280  best=0.0495
        [Trial 0] gen  100  evals= 4100  best=0.0477
        [Trial 0] gen  120  evals= 4920  best=0.0477
        [Trial 0] gen  140  evals= 5740  best=0.0468
        [Trial 0] gen  160  evals= 6560  best=0.0468
        [Trial 0] gen  180  evals= 7380  best=0.0446
        [Trial 0] gen  200  evals= 8200  best=0.0435
        [Trial 0] gen  220  evals= 9020  best=0.0394
        [Trial 0] gen  240  evals= 9840  best=0.0291
        [Trial 0] gen  260  evals=10660  best=0.0247
        [Trial 0] gen  280  evals=11480  best=0.0207
        [Trial 0] gen  300  evals=12300  best=0.0197
        [Done] Trial 0 best=0.0196

  Winner: Trial 0, loss=0.019572 (174s)
    Restarts run: 1
    mu: 7.063449
    D_mu: 17.887382
    T0_mu: 88.087110
    Ly: 3.686490
    op_x: 0.788056
    op_y: 0.963590
    NMSE: 0.098703
  [Saved] random_IR_0002

============================================================
[3/200] random_IR_0003.npz
  GT loss: 0.000000
  terrain_mean=0.124322  early_threshold=0.001181  (alpha=0.0095)
  tolfun=0.000646 tolfunhist=0.000646  (frac=0.0052 of range=0.124)
    --> Trial 0 | pop=41 seed=95072 x0_norm_min=-0.951 x0_norm_max=0.812
        [Trial 0] gen   20  evals=  820  best=0.0662
        [Trial 0] gen   40  evals= 1640  best=0.0662
        [Trial 0] gen   60  evals= 2460  best=0.0643
        [Trial 0] gen   80  evals= 3280  best=0.0643
        [Trial 0] gen  100  evals= 4100  best=0.0643
        [Trial 0] gen  120  evals= 4920  best=0.0643
        [Trial 0] gen  140  evals= 5740  best=0.0643
        [Trial 0] gen  160  evals= 6560  best=0.0643
        [Trial 0] gen  180  evals= 7380  best=0.0643
        [Trial 0] gen  200  evals= 8200  best=0.0643
        [Trial 0] gen  220  evals= 9020  best=0.0643
        [Trial 0] gen  240  evals= 9840  best=0.0643
        [Trial 0] gen  260  evals=10660  best=0.0643
        [Trial 0] gen  280  evals=11480  best=0.0636
        [Trial 0] gen  300  evals=12300  best=0.0635
        [Trial 0] gen  320  evals=13120  best=0.0631
        [Trial 0] gen  340  evals=13940  best=0.0628
        [Trial 0] gen  360  evals=14760  best=0.0628
        [Trial 0] gen  380  evals=15580  best=0.0628
        [Trial 0] gen  400  evals=16400  best=0.0616
        [Trial 0] gen  420  evals=17220  best=0.0605
        [Done] Trial 0 best=0.0600

  Winner: Trial 0, loss=0.059999 (349s)
    Restarts run: 1
    mu: 30.888407
    D_mu: 5.546435
    T0_mu: 12.858799
    Ly: 2.095683
    op_x: 0.979142
    op_y: 0.933686
    NMSE: 0.016656
  [Saved] random_IR_0003

============================================================
[4/200] random_IR_0004.npz
  GT loss: 0.000000
  terrain_mean=0.079774  early_threshold=0.000758  (alpha=0.0095)
  tolfun=0.000415 tolfunhist=0.000415  (frac=0.0052 of range=0.0798)
    --> Trial 0 | pop=41 seed=95072 x0_norm_min=-0.951 x0_norm_max=0.812
        [Trial 0] gen   20  evals=  820  best=0.0512
        [Trial 0] gen   40  evals= 1640  best=0.0495
        [Trial 0] gen   60  evals= 2460  best=0.0490
        [Trial 0] gen   80  evals= 3280  best=0.0488
        [Trial 0] gen  100  evals= 4100  best=0.0483
        [Trial 0] gen  120  evals= 4920  best=0.0478
        [Trial 0] gen  140  evals= 5740  best=0.0478
        [Trial 0] gen  160  evals= 6560  best=0.0478
        [Trial 0] gen  180  evals= 7380  best=0.0478
        [Trial 0] gen  200  evals= 8200  best=0.0477
        [Trial 0] gen  220  evals= 9020  best=0.0477
        [Trial 0] gen  240  evals= 9840  best=0.0475
        [Trial 0] gen  260  evals=10660  best=0.0472
        [Trial 0] gen  280  evals=11480  best=0.0462
        [Done] Trial 0 best=0.0461

  Winner: Trial 0, loss=0.046119 (209s)
    Restarts run: 1
    mu: 2.812941
    D_mu: 4.202044
    T0_mu: 319.357383
    Ly: 2.879921
    op_x: 0.529008
    op_y: 0.954180
    NMSE: 0.078098
  [Saved] random_IR_0004

============================================================
[5/200] random_IR_0005.npz
  GT loss: 0.000000
  terrain_mean=0.072133  early_threshold=0.000685  (alpha=0.0095)
  tolfun=0.000375 tolfunhist=0.000375  (frac=0.0052 of range=0.0721)
    --> Trial 0 | pop=41 seed=95072 x0_norm_min=-0.951 x0_norm_max=0.812
        [Trial 0] gen   20  evals=  820  best=0.0368
        [Trial 0] gen   40  evals= 1640  best=0.0366
        [Trial 0] gen   60  evals= 2460  best=0.0366
        [Trial 0] gen   80  evals= 3280  best=0.0366
        [Trial 0] gen  100  evals= 4100  best=0.0358
        [Trial 0] gen  120  evals= 4920  best=0.0355
        [Trial 0] gen  140  evals= 5740  best=0.0354
        [Trial 0] gen  160  evals= 6560  best=0.0348
        [Done] Trial 0 best=0.0348

  Winner: Trial 0, loss=0.034804 (114s)
    Restarts run: 1
    mu: 57.315966
    D_mu: 2.849621
    T0_mu: 14.343763
    Ly: 2.207043
    op_x: 0.730183
    op_y: 0.519655
    NMSE: 0.008016
  [Saved] random_IR_0005

============================================================
[6/200] random_IR_0006.npz
  GT loss: 0.000000
  terrain_mean=0.068572  early_threshold=0.000651  (alpha=0.0095)
  tolfun=0.000357 tolfunhist=0.000357  (frac=0.0052 of range=0.0686)
    --> Trial 0 | pop=41 seed=95072 x0_norm_min=-0.951 x0_norm_max=0.812
        [Trial 0] gen   20  evals=  820  best=0.0389
        [Trial 0] gen   40  evals= 1640  best=0.0376
        [Trial 0] gen   60  evals= 2460  best=0.0375
        [Trial 0] gen   80  evals= 3280  best=0.0375
        [Trial 0] gen  100  evals= 4100  best=0.0375
        [Trial 0] gen  120  evals= 4920  best=0.0373
        [Trial 0] gen  140  evals= 5740  best=0.0367
        [Trial 0] gen  160  evals= 6560  best=0.0364
        [Done] Trial 0 best=0.0361

  Winner: Trial 0, loss=0.036142 (120s)
    Restarts run: 1
    mu: 16.366607
    D_mu: 1.586975
    T0_mu: 46.847874
    Ly: 1.432430
    op_x: 0.640788
    op_y: 0.693887
    NMSE: 0.089719
  [Saved] random_IR_0006

============================================================
[7/200] random_IR_0007.npz
  GT loss: 0.000000
  terrain_mean=0.068282  early_threshold=0.000649  (alpha=0.0095)
  tolfun=0.000355 tolfunhist=0.000355  (frac=0.0052 of range=0.0683)
    --> Trial 0 | pop=41 seed=95072 x0_norm_min=-0.951 x0_norm_max=0.812
        [Trial 0] gen   20  evals=  820  best=0.0381
        [Trial 0] gen   40  evals= 1640  best=0.0365
        [Trial 0] gen   60  evals= 2460  best=0.0365
        [Trial 0] gen   80  evals= 3280  best=0.0357
        [Trial 0] gen  100  evals= 4100  best=0.0318
        [Trial 0] gen  120  evals= 4920  best=0.0270
        [Trial 0] gen  140  evals= 5740  best=0.0270
        [Trial 0] gen  160  evals= 6560  best=0.0270
        [Trial 0] gen  180  evals= 7380  best=0.0270
        [Trial 0] gen  200  evals= 8200  best=0.0270
        [Trial 0] gen  220  evals= 9020  best=0.0270
        [Done] Trial 0 best=0.0266

  Winner: Trial 0, loss=0.026589 (392s)
    Restarts run: 1
    mu: 20.136569
    D_mu: 0.926267
    T0_mu: 32.392734
    Ly: 3.122777
    op_x: 0.572515
    op_y: 0.661553
    NMSE: 0.000051
  [Saved] random_IR_0007

============================================================
[8/200] random_IR_0008.npz
  GT loss: 0.000000
  terrain_mean=0.073726  early_threshold=0.000700  (alpha=0.0095)
  tolfun=0.000383 tolfunhist=0.000383  (frac=0.0052 of range=0.0737)
    --> Trial 0 | pop=41 seed=95072 x0_norm_min=-0.951 x0_norm_max=0.812
        [Trial 0] gen   20  evals=  820  best=0.0358
        [Trial 0] gen   40  evals= 1640  best=0.0348
        [Trial 0] gen   60  evals= 2460  best=0.0346
        [Trial 0] gen   80  evals= 3280  best=0.0346
        [Trial 0] gen  100  evals= 4100  best=0.0346
        [Trial 0] gen  120  evals= 4920  best=0.0345
        [Trial 0] gen  140  evals= 5740  best=0.0336
        [Trial 0] gen  160  evals= 6560  best=0.0336
        [Trial 0] gen  180  evals= 7380  best=0.0336
        [Trial 0] gen  200  evals= 8200  best=0.0336
        [Trial 0] gen  220  evals= 9020  best=0.0318
        [Trial 0] gen  240  evals= 9840  best=0.0315
        [Done] Trial 0 best=0.0313

  Winner: Trial 0, loss=0.031295 (179s)
    Restarts run: 1
    mu: 69.332627
    D_mu: 3.691348
    T0_mu: 1.875105
    Ly: 2.141050
    op_x: 0.619148
    op_y: 0.536327
    NMSE: 0.001987
  [Saved] random_IR_0008

============================================================
[9/200] random_IR_0009.npz
  GT loss: 0.000000
  terrain_mean=0.069445  early_threshold=0.000660  (alpha=0.0095)
  tolfun=0.000361 tolfunhist=0.000361  (frac=0.0052 of range=0.0694)
    --> Trial 0 | pop=41 seed=95072 x0_norm_min=-0.951 x0_norm_max=0.812
        [Trial 0] gen   20  evals=  820  best=0.0376
        [Trial 0] gen   40  evals= 1640  best=0.0374
        [Trial 0] gen   60  evals= 2460  best=0.0374
        [Trial 0] gen   80  evals= 3280  best=0.0374
        [Trial 0] gen  100  evals= 4100  best=0.0374
        [Trial 0] gen  120  evals= 4920  best=0.0366
        [Trial 0] gen  140  evals= 5740  best=0.0366
        [Trial 0] gen  160  evals= 6560  best=0.0366
        [Trial 0] gen  180  evals= 7380  best=0.0366
        [Trial 0] gen  200  evals= 8200  best=0.0366
        [Trial 0] gen  220  evals= 9020  best=0.0362
        [Trial 0] gen  240  evals= 9840  best=0.0362
        [Done] Trial 0 best=0.0360

  Winner: Trial 0, loss=0.036004 (295s)
    Restarts run: 1
    mu: 4.961961
    D_mu: 1.667454
    T0_mu: 12.406135
    Ly: 2.643749
    op_x: 0.655410
    op_y: 0.775870
    NMSE: 0.012137
  [Saved] random_IR_0009

============================================================
[10/200] random_IR_0010.npz
  GT loss: 0.000000
  terrain_mean=0.062732  early_threshold=0.000596  (alpha=0.0095)
  tolfun=0.000326 tolfunhist=0.000326  (frac=0.0052 of range=0.0627)
    --> Trial 0 | pop=41 seed=95072 x0_norm_min=-0.951 x0_norm_max=0.812
        [Trial 0] gen   20  evals=  820  best=0.0430
        [Trial 0] gen   40  evals= 1640  best=0.0423
        [Trial 0] gen   60  evals= 2460  best=0.0419
        [Trial 0] gen   80  evals= 3280  best=0.0418
        [Trial 0] gen  100  evals= 4100  best=0.0415
        [Trial 0] gen  120  evals= 4920  best=0.0415
        [Trial 0] gen  140  evals= 5740  best=0.0415
        [Trial 0] gen  160  evals= 6560  best=0.0412
        [Trial 0] gen  180  evals= 7380  best=0.0412
        [Trial 0] gen  200  evals= 8200  best=0.0410
        [Trial 0] gen  220  evals= 9020  best=0.0408
        [Trial 0] gen  240  evals= 9840  best=0.0407
        [Trial 0] gen  260  evals=10660  best=0.0403
        [Done] Trial 0 best=0.0403

  Winner: Trial 0, loss=0.040309 (332s)
    Restarts run: 1
    mu: 9.632316
    D_mu: 1.121550
    T0_mu: 87.827447
    Ly: 2.637263
    op_x: 0.538397
    op_y: 0.693919
    NMSE: 0.153409
  [Saved] random_IR_0010

============================================================
[11/200] random_IR_0011.npz
  GT loss: 0.000000
  terrain_mean=0.065185  early_threshold=0.000619  (alpha=0.0095)
  tolfun=0.000339 tolfunhist=0.000339  (frac=0.0052 of range=0.0652)
    --> Trial 0 | pop=41 seed=95072 x0_norm_min=-0.951 x0_norm_max=0.812
        [Trial 0] gen   20  evals=  820  best=0.0399
        [Trial 0] gen   40  evals= 1640  best=0.0399
        [Trial 0] gen   60  evals= 2460  best=0.0393
        [Trial 0] gen   80  evals= 3280  best=0.0393
        [Trial 0] gen  100  evals= 4100  best=0.0388
        [Trial 0] gen  120  evals= 4920  best=0.0388
        [Trial 0] gen  140  evals= 5740  best=0.0388
        [Trial 0] gen  160  evals= 6560  best=0.0385
        [Trial 0] gen  180  evals= 7380  best=0.0385
        [Trial 0] gen  200  evals= 8200  best=0.0378
        [Trial 0] gen  220  evals= 9020  best=0.0376
        [Trial 0] gen  240  evals= 9840  best=0.0376
        [Trial 0] gen  260  evals=10660  best=0.0370
        [Done] Trial 0 best=0.0368

  Winner: Trial 0, loss=0.036794 (372s)
    Restarts run: 1
    mu: 14.600275
    D_mu: 0.503375
    T0_mu: 45.243835
    Ly: 1.959415
    op_x: 0.625888
    op_y: 0.569587
    NMSE: 0.098410
  [Saved] random_IR_0011

============================================================
[12/200] random_IR_0012.npz
  GT loss: 0.000000
  terrain_mean=0.065850  early_threshold=0.000626  (alpha=0.0095)
  tolfun=0.000342 tolfunhist=0.000342  (frac=0.0052 of range=0.0658)
    --> Trial 0 | pop=41 seed=95072 x0_norm_min=-0.951 x0_norm_max=0.812
        [Trial 0] gen   20  evals=  820  best=0.0405
        [Trial 0] gen   40  evals= 1640  best=0.0396
        [Trial 0] gen   60  evals= 2460  best=0.0395
        [Trial 0] gen   80  evals= 3280  best=0.0395
        [Trial 0] gen  100  evals= 4100  best=0.0395
        [Trial 0] gen  120  evals= 4920  best=0.0392
        [Trial 0] gen  140  evals= 5740  best=0.0384
        [Trial 0] gen  160  evals= 6560  best=0.0384
        [Trial 0] gen  180  evals= 7380  best=0.0380
        [Trial 0] gen  200  evals= 8200  best=0.0378
        [Done] Trial 0 best=0.0377

  Winner: Trial 0, loss=0.037743 (314s)
    Restarts run: 1
    mu: 21.127460
    D_mu: 0.889355
    T0_mu: 31.936712
    Ly: 2.594184
    op_x: 0.596543
    op_y: 0.761808
    NMSE: 0.034323
  [Saved] random_IR_0012

============================================================
[13/200] random_IR_0013.npz
  GT loss: 0.000000
  terrain_mean=0.099694  early_threshold=0.000947  (alpha=0.0095)
  tolfun=0.000518 tolfunhist=0.000518  (frac=0.0052 of range=0.0997)
    --> Trial 0 | pop=41 seed=95072 x0_norm_min=-0.951 x0_norm_max=0.812
        [Trial 0] gen   20  evals=  820  best=0.0616
        [Trial 0] gen   40  evals= 1640  best=0.0616
        [Trial 0] gen   60  evals= 2460  best=0.0614
        [Trial 0] gen   80  evals= 3280  best=0.0603
        [Trial 0] gen  100  evals= 4100  best=0.0597
        [Trial 0] gen  120  evals= 4920  best=0.0588
        [Trial 0] gen  140  evals= 5740  best=0.0588
        [Trial 0] gen  160  evals= 6560  best=0.0582
        [Trial 0] gen  180  evals= 7380  best=0.0581
        [Trial 0] gen  200  evals= 8200  best=0.0581
        [Trial 0] gen  220  evals= 9020  best=0.0578
        [Done] Trial 0 best=0.0577

  Winner: Trial 0, loss=0.057654 (122s)
    Restarts run: 1
    mu: 96.575293
    D_mu: 12.318294
    T0_mu: 9.863747
    Ly: 3.560344
    op_x: 0.954103
    op_y: 0.951732
    NMSE: 0.192259
  [Saved] random_IR_0013

============================================================
[14/200] random_IR_0014.npz
  GT loss: 0.000000
  terrain_mean=0.064403  early_threshold=0.000612  (alpha=0.0095)
  tolfun=0.000335 tolfunhist=0.000335  (frac=0.0052 of range=0.0644)
    --> Trial 0 | pop=41 seed=95072 x0_norm_min=-0.951 x0_norm_max=0.812
        [Trial 0] gen   20  evals=  820  best=0.0381
        [Trial 0] gen   40  evals= 1640  best=0.0381
        [Trial 0] gen   60  evals= 2460  best=0.0381
        [Trial 0] gen   80  evals= 3280  best=0.0381
        [Trial 0] gen  100  evals= 4100  best=0.0381
        [Trial 0] gen  120  evals= 4920  best=0.0378
        [Trial 0] gen  140  evals= 5740  best=0.0378
        [Trial 0] gen  160  evals= 6560  best=0.0365
        [Trial 0] gen  180  evals= 7380  best=0.0358
        [Done] Trial 0 best=0.0358

  Winner: Trial 0, loss=0.035760 (106s)
    Restarts run: 1
    mu: 14.958970
    D_mu: 8.727701
    T0_mu: 24.262465
    Ly: 3.175740
    op_x: 0.663893
    op_y: 0.526797
    NMSE: 0.014317
  [Saved] random_IR_0014

============================================================
[15/200] random_IR_0015.npz
  GT loss: 0.000000
  terrain_mean=0.113331  early_threshold=0.001077  (alpha=0.0095)
  tolfun=0.000589 tolfunhist=0.000589  (frac=0.0052 of range=0.113)
    --> Trial 0 | pop=41 seed=95072 x0_norm_min=-0.951 x0_norm_max=0.812
        [Trial 0] gen   20  evals=  820  best=0.0655
        [Trial 0] gen   40  evals= 1640  best=0.0625
        [Trial 0] gen   60  evals= 2460  best=0.0617
        [Trial 0] gen   80  evals= 3280  best=0.0615
        [Trial 0] gen  100  evals= 4100  best=0.0610
        [Trial 0] gen  120  evals= 4920  best=0.0603
        [Trial 0] gen  140  evals= 5740  best=0.0603
        [Trial 0] gen  160  evals= 6560  best=0.0584
        [Trial 0] gen  180  evals= 7380  best=0.0584
        [Trial 0] gen  200  evals= 8200  best=0.0584
        [Done] Trial 0 best=0.0584

  Winner: Trial 0, loss=0.058423 (237s)
    Restarts run: 1
    mu: 16.098317
    D_mu: 0.648980
    T0_mu: 21.984275
    Ly: 2.104736
    op_x: 0.988458
    op_y: 0.672096
    NMSE: 0.045442
  [Saved] random_IR_0015

============================================================
[16/200] random_IR_0016.npz
  GT loss: 0.000000
  terrain_mean=0.068943  early_threshold=0.000655  (alpha=0.0095)
  tolfun=0.000359 tolfunhist=0.000359  (frac=0.0052 of range=0.0689)
    --> Trial 0 | pop=41 seed=95072 x0_norm_min=-0.951 x0_norm_max=0.812
        [Trial 0] gen   20  evals=  820  best=0.0493
        [Trial 0] gen   40  evals= 1640  best=0.0468
        [Trial 0] gen   60  evals= 2460  best=0.0468
        [Trial 0] gen   80  evals= 3280  best=0.0468
        [Trial 0] gen  100  evals= 4100  best=0.0468
        [Trial 0] gen  120  evals= 4920  best=0.0468
        [Trial 0] gen  140  evals= 5740  best=0.0460
        [Done] Trial 0 best=0.0459

  Winner: Trial 0, loss=0.045925 (60s)
    Restarts run: 1
    mu: 48.917023
    D_mu: 18.709972
    T0_mu: 10.857642
    Ly: 3.154509
    op_x: 0.823790
    op_y: 0.638290
    NMSE: 0.078056
  [Saved] random_IR_0016

============================================================
[17/200] random_IR_0017.npz
  GT loss: 0.000000
  terrain_mean=0.064511  early_threshold=0.000613  (alpha=0.0095)
  tolfun=0.000335 tolfunhist=0.000335  (frac=0.0052 of range=0.0645)
    --> Trial 0 | pop=41 seed=95072 x0_norm_min=-0.951 x0_norm_max=0.812
        [Trial 0] gen   20  evals=  820  best=0.0462
        [Trial 0] gen   40  evals= 1640  best=0.0459
        [Trial 0] gen   60  evals= 2460  best=0.0458
        [Trial 0] gen   80  evals= 3280  best=0.0458
        [Trial 0] gen  100  evals= 4100  best=0.0442
        [Trial 0] gen  120  evals= 4920  best=0.0442
        [Trial 0] gen  140  evals= 5740  best=0.0442
        [Trial 0] gen  160  evals= 6560  best=0.0442
        [Done] Trial 0 best=0.0442

  Winner: Trial 0, loss=0.044228 (165s)
    Restarts run: 1
    mu: 2.499394
    D_mu: 2.858987
    T0_mu: 325.303789
    Ly: 2.899862
    op_x: 0.566377
    op_y: 0.793687
    NMSE: 0.139823
  [Saved] random_IR_0017

============================================================
[18/200] random_IR_0018.npz
  GT loss: 0.000000
  terrain_mean=0.065896  early_threshold=0.000626  (alpha=0.0095)
  tolfun=0.000343 tolfunhist=0.000343  (frac=0.0052 of range=0.0659)
    --> Trial 0 | pop=41 seed=95072 x0_norm_min=-0.951 x0_norm_max=0.812
        [Trial 0] gen   20  evals=  820  best=0.0437
        [Trial 0] gen   40  evals= 1640  best=0.0417
        [Trial 0] gen   60  evals= 2460  best=0.0417
        [Trial 0] gen   80  evals= 3280  best=0.0417
        [Trial 0] gen  100  evals= 4100  best=0.0417
        [Trial 0] gen  120  evals= 4920  best=0.0417
        [Trial 0] gen  140  evals= 5740  best=0.0417
        [Trial 0] gen  160  evals= 6560  best=0.0412
        [Done] Trial 0 best=0.0411

  Winner: Trial 0, loss=0.041056 (83s)
    Restarts run: 1
    mu: 70.327421
    D_mu: 4.983414
    T0_mu: 11.013683
    Ly: 2.172081
    op_x: 0.517742
    op_y: 0.690551
    NMSE: 0.056059
  [Saved] random_IR_0018

============================================================
[19/200] random_IR_0019.npz
  GT loss: 0.000000
  terrain_mean=0.070767  early_threshold=0.000672  (alpha=0.0095)
  tolfun=0.000368 tolfunhist=0.000368  (frac=0.0052 of range=0.0708)
    --> Trial 0 | pop=41 seed=95072 x0_norm_min=-0.951 x0_norm_max=0.812
        [Trial 0] gen   20  evals=  820  best=0.0377
        [Trial 0] gen   40  evals= 1640  best=0.0377
        [Trial 0] gen   60  evals= 2460  best=0.0377
        [Trial 0] gen   80  evals= 3280  best=0.0377
        [Trial 0] gen  100  evals= 4100  best=0.0375
        [Trial 0] gen  120  evals= 4920  best=0.0375
        [Trial 0] gen  140  evals= 5740  best=0.0375
        [Trial 0] gen  160  evals= 6560  best=0.0372
        [Trial 0] gen  180  evals= 7380  best=0.0361
        [Done] Trial 0 best=0.0361

  Winner: Trial 0, loss=0.036073 (169s)
    Restarts run: 1
    mu: 21.228405
    D_mu: 1.299158
    T0_mu: 5.873376
    Ly: 2.015405
    op_x: 0.556368
    op_y: 0.571096
    NMSE: 0.034753
  [Saved] random_IR_0019

============================================================
[20/200] random_IR_0020.npz
  GT loss: 0.000000
  terrain_mean=0.067828  early_threshold=0.000644  (alpha=0.0095)
  tolfun=0.000353 tolfunhist=0.000353  (frac=0.0052 of range=0.0678)
    --> Trial 0 | pop=41 seed=95072 x0_norm_min=-0.951 x0_norm_max=0.812
        [Trial 0] gen   20  evals=  820  best=0.0438
        [Trial 0] gen   40  evals= 1640  best=0.0438
        [Trial 0] gen   60  evals= 2460  best=0.0432
        [Trial 0] gen   80  evals= 3280  best=0.0431
        [Trial 0] gen  100  evals= 4100  best=0.0431
        [Trial 0] gen  120  evals= 4920  best=0.0431
        [Trial 0] gen  140  evals= 5740  best=0.0421
        [Trial 0] gen  160  evals= 6560  best=0.0421
        [Trial 0] gen  180  evals= 7380  best=0.0416
        [Trial 0] gen  200  evals= 8200  best=0.0416
        [Trial 0] gen  220  evals= 9020  best=0.0414
        [Trial 0] gen  240  evals= 9840  best=0.0413
        [Done] Trial 0 best=0.0413

  Winner: Trial 0, loss=0.041278 (382s)
    Restarts run: 1
    mu: 12.282899
    D_mu: 0.608491
    T0_mu: 75.396034
    Ly: 2.217555
    op_x: 0.630516
    op_y: 0.685870
    NMSE: 0.048917
  [Saved] random_IR_0020

============================================================
[21/200] random_IR_0021.npz
  GT loss: 0.000000
  terrain_mean=0.067662  early_threshold=0.000643  (alpha=0.0095)
  tolfun=0.000352 tolfunhist=0.000352  (frac=0.0052 of range=0.0677)
    --> Trial 0 | pop=41 seed=95072 x0_norm_min=-0.951 x0_norm_max=0.812
        [Trial 0] gen   20  evals=  820  best=0.0397
        [Trial 0] gen   40  evals= 1640  best=0.0397
        [Trial 0] gen   60  evals= 2460  best=0.0397
        [Trial 0] gen   80  evals= 3280  best=0.0395
        [Trial 0] gen  100  evals= 4100  best=0.0395
        [Trial 0] gen  120  evals= 4920  best=0.0390
        [Trial 0] gen  140  evals= 5740  best=0.0388
        [Done] Trial 0 best=0.0388

  Winner: Trial 0, loss=0.038753 (181s)
    Restarts run: 1
    mu: 14.826021
    D_mu: 0.658130
    T0_mu: 65.056676
    Ly: 2.259790
    op_x: 0.611339
    op_y: 0.609965
    NMSE: 0.103707
  [Saved] random_IR_0021

============================================================
[22/200] random_IR_0022.npz
  GT loss: 0.000000
  terrain_mean=0.065825  early_threshold=0.000625  (alpha=0.0095)
  tolfun=0.000342 tolfunhist=0.000342  (frac=0.0052 of range=0.0658)
    --> Trial 0 | pop=41 seed=95072 x0_norm_min=-0.951 x0_norm_max=0.812
        [Trial 0] gen   20  evals=  820  best=0.0432
        [Trial 0] gen   40  evals= 1640  best=0.0418
        [Trial 0] gen   60  evals= 2460  best=0.0418
        [Trial 0] gen   80  evals= 3280  best=0.0418
        [Trial 0] gen  100  evals= 4100  best=0.0418
        [Trial 0] gen  120  evals= 4920  best=0.0416
        [Trial 0] gen  140  evals= 5740  best=0.0416
        [Trial 0] gen  160  evals= 6560  best=0.0416
        [Trial 0] gen  180  evals= 7380  best=0.0416
        [Trial 0] gen  200  evals= 8200  best=0.0411
        [Trial 0] gen  220  evals= 9020  best=0.0411
        [Trial 0] gen  240  evals= 9840  best=0.0411
        [Trial 0] gen  260  evals=10660  best=0.0411
        [Trial 0] gen  280  evals=11480  best=0.0411
        [Trial 0] gen  300  evals=12300  best=0.0411
        [Trial 0] gen  320  evals=13120  best=0.0411
        [Trial 0] gen  340  evals=13940  best=0.0411
        [Trial 0] gen  360  evals=14760  best=0.0411
        [Done] Trial 0 best=0.0410

  Winner: Trial 0, loss=0.041028 (580s)
    Restarts run: 1
    mu: 17.903406
    D_mu: 0.816134
    T0_mu: 55.828204
    Ly: 2.532698
    op_x: 0.628906
    op_y: 0.692291
    NMSE: 0.051410
  [Saved] random_IR_0022

============================================================
[23/200] random_IR_0023.npz
  GT loss: 0.000000
  terrain_mean=0.064260  early_threshold=0.000610  (alpha=0.0095)
  tolfun=0.000334 tolfunhist=0.000334  (frac=0.0052 of range=0.0643)
    --> Trial 0 | pop=41 seed=95072 x0_norm_min=-0.951 x0_norm_max=0.812
        [Trial 0] gen   20  evals=  820  best=0.0436
        [Trial 0] gen   40  evals= 1640  best=0.0432
        [Trial 0] gen   60  evals= 2460  best=0.0432
        [Trial 0] gen   80  evals= 3280  best=0.0432
        [Trial 0] gen  100  evals= 4100  best=0.0432
        [Trial 0] gen  120  evals= 4920  best=0.0432
        [Trial 0] gen  140  evals= 5740  best=0.0429
        [Trial 0] gen  160  evals= 6560  best=0.0421
        [Trial 0] gen  180  evals= 7380  best=0.0421
        [Trial 0] gen  200  evals= 8200  best=0.0421
        [Trial 0] gen  220  evals= 9020  best=0.0419
        [Trial 0] gen  240  evals= 9840  best=0.0419
        [Trial 0] gen  260  evals=10660  best=0.0418
        [Trial 0] gen  280  evals=11480  best=0.0418
        [Done] Trial 0 best=0.0418

  Winner: Trial 0, loss=0.041839 (162s)
    Restarts run: 1
    mu: 20.889872
    D_mu: 15.918618
    T0_mu: 30.267335
    Ly: 3.976618
    op_x: 0.686872
    op_y: 0.624941
    NMSE: 0.196716
  [Saved] random_IR_0023

============================================================
[24/200] random_IR_0024.npz
  GT loss: 0.000000
  terrain_mean=0.062641  early_threshold=0.000595  (alpha=0.0095)
  tolfun=0.000326 tolfunhist=0.000326  (frac=0.0052 of range=0.0626)
    --> Trial 0 | pop=41 seed=95072 x0_norm_min=-0.951 x0_norm_max=0.812
        [Trial 0] gen   20  evals=  820  best=0.0412
        [Trial 0] gen   40  evals= 1640  best=0.0410
        [Trial 0] gen   60  evals= 2460  best=0.0390
        [Trial 0] gen   80  evals= 3280  best=0.0390
        [Trial 0] gen  100  evals= 4100  best=0.0390
        [Trial 0] gen  120  evals= 4920  best=0.0390
        [Trial 0] gen  140  evals= 5740  best=0.0390
        [Trial 0] gen  160  evals= 6560  best=0.0390
        [Trial 0] gen  180  evals= 7380  best=0.0390
        [Trial 0] gen  200  evals= 8200  best=0.0390
        [Trial 0] gen  220  evals= 9020  best=0.0390
        [Trial 0] gen  240  evals= 9840  best=0.0390
        [Trial 0] gen  260  evals=10660  best=0.0390
        [Done] Trial 0 best=0.0389

  Winner: Trial 0, loss=0.038906 (365s)
    Restarts run: 1
    mu: 21.262560
    D_mu: 0.293322
    T0_mu: 46.414007
    Ly: 1.611482
    op_x: 0.698079
    op_y: 0.560631
    NMSE: 0.103599
  [Saved] random_IR_0024

============================================================
[25/200] random_IR_0025.npz
  GT loss: 0.000000
  terrain_mean=0.067720  early_threshold=0.000643  (alpha=0.0095)
  tolfun=0.000352 tolfunhist=0.000352  (frac=0.0052 of range=0.0677)
    --> Trial 0 | pop=41 seed=95072 x0_norm_min=-0.951 x0_norm_max=0.812
        [Trial 0] gen   20  evals=  820  best=0.0406
        [Trial 0] gen   40  evals= 1640  best=0.0406
        [Trial 0] gen   60  evals= 2460  best=0.0404
        [Trial 0] gen   80  evals= 3280  best=0.0404
        [Trial 0] gen  100  evals= 4100  best=0.0404
        [Trial 0] gen  120  evals= 4920  best=0.0404
        [Trial 0] gen  140  evals= 5740  best=0.0404
        [Trial 0] gen  160  evals= 6560  best=0.0404
        [Trial 0] gen  180  evals= 7380  best=0.0404
        [Trial 0] gen  200  evals= 8200  best=0.0404
        [Trial 0] gen  220  evals= 9020  best=0.0404
        [Trial 0] gen  240  evals= 9840  best=0.0403
        [Trial 0] gen  260  evals=10660  best=0.0399
        [Trial 0] gen  280  evals=11480  best=0.0399
        [Trial 0] gen  300  evals=12300  best=0.0399
        [TRIAL TIMEOUT] Trial 0 total >600s, stopping
        [Done] Trial 0 best=0.0399

  Winner: Trial 0, loss=0.039916 (601s)
    Restarts run: 1
    mu: 24.451807
    D_mu: 0.858688
    T0_mu: 40.347750
    Ly: 3.743243
    op_x: 0.584186
    op_y: 0.689071
    NMSE: 0.046917
  [Saved] random_IR_0025

============================================================
[26/200] random_IR_0026.npz
  GT loss: 0.000000
  terrain_mean=0.070403  early_threshold=0.000669  (alpha=0.0095)
  tolfun=0.000366 tolfunhist=0.000366  (frac=0.0052 of range=0.0704)
    --> Trial 0 | pop=41 seed=95072 x0_norm_min=-0.951 x0_norm_max=0.812
        [Trial 0] gen   20  evals=  820  best=0.0346
        [Trial 0] gen   40  evals= 1640  best=0.0346
        [Trial 0] gen   60  evals= 2460  best=0.0346
        [Trial 0] gen   80  evals= 3280  best=0.0346
        [Trial 0] gen  100  evals= 4100  best=0.0346
        [Trial 0] gen  120  evals= 4920  best=0.0346
        [Trial 0] gen  140  evals= 5740  best=0.0346
        [Trial 0] gen  160  evals= 6560  best=0.0346
        [Trial 0] gen  180  evals= 7380  best=0.0346
        [Done] Trial 0 best=0.0346

  Winner: Trial 0, loss=0.034646 (180s)
    Restarts run: 1
    mu: 38.879264
    D_mu: 1.181239
    T0_mu: 19.635718
    Ly: 1.552028
    op_x: 0.568067
    op_y: 0.746487
    NMSE: 0.004410
  [Saved] random_IR_0026

============================================================
[27/200] random_IR_0027.npz
  GT loss: 0.000000
  terrain_mean=0.070004  early_threshold=0.000665  (alpha=0.0095)
  tolfun=0.000364 tolfunhist=0.000364  (frac=0.0052 of range=0.07)
    --> Trial 0 | pop=41 seed=95072 x0_norm_min=-0.951 x0_norm_max=0.812
        [Trial 0] gen   20  evals=  820  best=0.0392
        [Trial 0] gen   40  evals= 1640  best=0.0392
        [Trial 0] gen   60  evals= 2460  best=0.0392
        [Trial 0] gen   80  evals= 3280  best=0.0390
        [Trial 0] gen  100  evals= 4100  best=0.0390
        [Trial 0] gen  120  evals= 4920  best=0.0390
        [Trial 0] gen  140  evals= 5740  best=0.0389
        [Trial 0] gen  160  evals= 6560  best=0.0385
        [Done] Trial 0 best=0.0384

  Winner: Trial 0, loss=0.038431 (194s)
    Restarts run: 1
    mu: 40.892019
    D_mu: 3.594156
    T0_mu: 23.663297
    Ly: 3.999785
    op_x: 0.544437
    op_y: 0.818440
    NMSE: 0.079456
  [Saved] random_IR_0027

============================================================
[28/200] random_IR_0028.npz
  GT loss: 0.000000
  terrain_mean=0.075513  early_threshold=0.000717  (alpha=0.0095)
  tolfun=0.000393 tolfunhist=0.000393  (frac=0.0052 of range=0.0755)
    --> Trial 0 | pop=41 seed=95072 x0_norm_min=-0.951 x0_norm_max=0.812
        [Trial 0] gen   20  evals=  820  best=0.0522
        [Trial 0] gen   40  evals= 1640  best=0.0514
        [Trial 0] gen   60  evals= 2460  best=0.0514
        [Trial 0] gen   80  evals= 3280  best=0.0498
        [Trial 0] gen  100  evals= 4100  best=0.0492
        [Trial 0] gen  120  evals= 4920  best=0.0492
        [Trial 0] gen  140  evals= 5740  best=0.0488
        [Trial 0] gen  160  evals= 6560  best=0.0488
        [Done] Trial 0 best=0.0487

  Winner: Trial 0, loss=0.048706 (95s)
    Restarts run: 1
    mu: 5.802682
    D_mu: 1.104911
    T0_mu: 135.810204
    Ly: 1.104365
    op_x: 0.617506
    op_y: 0.890735
    NMSE: 0.092634
  [Saved] random_IR_0028

============================================================
[29/200] random_IR_0029.npz
  GT loss: 0.000000
  terrain_mean=0.077204  early_threshold=0.000733  (alpha=0.0095)
  tolfun=0.000401 tolfunhist=0.000401  (frac=0.0052 of range=0.0772)
    --> Trial 0 | pop=41 seed=95072 x0_norm_min=-0.951 x0_norm_max=0.812
        [Trial 0] gen   20  evals=  820  best=0.0419
        [Trial 0] gen   40  evals= 1640  best=0.0419
        [Trial 0] gen   60  evals= 2460  best=0.0419
        [Trial 0] gen   80  evals= 3280  best=0.0419
        [Trial 0] gen  100  evals= 4100  best=0.0419
        [Trial 0] gen  120  evals= 4920  best=0.0411
        [Trial 0] gen  140  evals= 5740  best=0.0411
        [Trial 0] gen  160  evals= 6560  best=0.0406
        [Trial 0] gen  180  evals= 7380  best=0.0403
        [Trial 0] gen  200  evals= 8200  best=0.0395
        [Trial 0] gen  220  evals= 9020  best=0.0392
        [Done] Trial 0 best=0.0392

  Winner: Trial 0, loss=0.039244 (290s)
    Restarts run: 1
    mu: 52.324796
    D_mu: 2.870715
    T0_mu: 5.459569
    Ly: 3.494009
    op_x: 0.663378
    op_y: 0.678239
    NMSE: 0.099158
  [Saved] random_IR_0029

============================================================
[30/200] random_IR_0030.npz
  GT loss: 0.000000
  terrain_mean=0.063274  early_threshold=0.000601  (alpha=0.0095)
  tolfun=0.000329 tolfunhist=0.000329  (frac=0.0052 of range=0.0633)
    --> Trial 0 | pop=41 seed=95072 x0_norm_min=-0.951 x0_norm_max=0.812
        [Trial 0] gen   20  evals=  820  best=0.0419
        [Trial 0] gen   40  evals= 1640  best=0.0419
        [Trial 0] gen   60  evals= 2460  best=0.0416
        [Trial 0] gen   80  evals= 3280  best=0.0416
        [Trial 0] gen  100  evals= 4100  best=0.0412
        [Trial 0] gen  120  evals= 4920  best=0.0406
        [Trial 0] gen  140  evals= 5740  best=0.0406
        [Trial 0] gen  160  evals= 6560  best=0.0400
        [Trial 0] gen  180  evals= 7380  best=0.0396
        [Done] Trial 0 best=0.0396

  Winner: Trial 0, loss=0.039623 (377s)
    Restarts run: 1
    mu: 9.401693
    D_mu: 0.717108
    T0_mu: 61.393297
    Ly: 3.991927
    op_x: 0.542891
    op_y: 0.691359
    NMSE: 0.198421
  [Saved] random_IR_0030

============================================================
[31/200] random_IR_0031.npz
  GT loss: 0.000000
  terrain_mean=0.066530  early_threshold=0.000632  (alpha=0.0095)
  tolfun=0.000346 tolfunhist=0.000346  (frac=0.0052 of range=0.0665)
    --> Trial 0 | pop=41 seed=95072 x0_norm_min=-0.951 x0_norm_max=0.812
        [Trial 0] gen   20  evals=  820  best=0.0430
        [Trial 0] gen   40  evals= 1640  best=0.0429
        [Trial 0] gen   60  evals= 2460  best=0.0429
        [Trial 0] gen   80  evals= 3280  best=0.0425
        [Trial 0] gen  100  evals= 4100  best=0.0415
        [Trial 0] gen  120  evals= 4920  best=0.0415
        [Trial 0] gen  140  evals= 5740  best=0.0415
        [Trial 0] gen  160  evals= 6560  best=0.0412
        [Trial 0] gen  180  evals= 7380  best=0.0412
        [Done] Trial 0 best=0.0410

  Winner: Trial 0, loss=0.040964 (200s)
    Restarts run: 1
    mu: 13.318590
    D_mu: 2.858054
    T0_mu: 71.862193
    Ly: 3.179620
    op_x: 0.662067
    op_y: 0.612198
    NMSE: 0.048528
  [Saved] random_IR_0031

============================================================
[32/200] random_IR_0032.npz
  GT loss: 0.000000
  terrain_mean=0.065199  early_threshold=0.000619  (alpha=0.0095)
  tolfun=0.000339 tolfunhist=0.000339  (frac=0.0052 of range=0.0652)
    --> Trial 0 | pop=41 seed=95072 x0_norm_min=-0.951 x0_norm_max=0.812
        [Trial 0] gen   20  evals=  820  best=0.0454
        [Trial 0] gen   40  evals= 1640  best=0.0441
        [Trial 0] gen   60  evals= 2460  best=0.0437
        [Trial 0] gen   80  evals= 3280  best=0.0434
        [Trial 0] gen  100  evals= 4100  best=0.0434
        [Trial 0] gen  120  evals= 4920  best=0.0427
        [Trial 0] gen  140  evals= 5740  best=0.0427
        [Trial 0] gen  160  evals= 6560  best=0.0427
        [Trial 0] gen  180  evals= 7380  best=0.0427
        [Trial 0] gen  200  evals= 8200  best=0.0427
        [Trial 0] gen  220  evals= 9020  best=0.0427
        [Done] Trial 0 best=0.0427

  Winner: Trial 0, loss=0.042720 (263s)
    Restarts run: 1
    mu: 13.716208
    D_mu: 0.766083
    T0_mu: 65.870398
    Ly: 2.232883
    op_x: 0.643080
    op_y: 0.700975
    NMSE: 0.048836
  [Saved] random_IR_0032

============================================================
[33/200] random_IR_0033.npz
  GT loss: 0.000000
  terrain_mean=0.085133  early_threshold=0.000809  (alpha=0.0095)
  tolfun=0.000443 tolfunhist=0.000443  (frac=0.0052 of range=0.0851)
    --> Trial 0 | pop=41 seed=95072 x0_norm_min=-0.951 x0_norm_max=0.812
        [Trial 0] gen   20  evals=  820  best=0.0596
        [Trial 0] gen   40  evals= 1640  best=0.0596
        [Trial 0] gen   60  evals= 2460  best=0.0587
        [Trial 0] gen   80  evals= 3280  best=0.0587
        [Trial 0] gen  100  evals= 4100  best=0.0587
        [Trial 0] gen  120  evals= 4920  best=0.0587
        [Trial 0] gen  140  evals= 5740  best=0.0587
        [Trial 0] gen  160  evals= 6560  best=0.0576
        [Trial 0] gen  180  evals= 7380  best=0.0574
        [Done] Trial 0 best=0.0574

  Winner: Trial 0, loss=0.057386 (48s)
    Restarts run: 1
    mu: 14.789935
    D_mu: 69.882538
    T0_mu: 54.044656
    Ly: 3.897454
    op_x: 0.599384
    op_y: 0.510821
    NMSE: 0.167078
  [Saved] random_IR_0033

============================================================
[34/200] random_IR_0034.npz
  GT loss: 0.000000
  terrain_mean=0.063940  early_threshold=0.000607  (alpha=0.0095)
  tolfun=0.000332 tolfunhist=0.000332  (frac=0.0052 of range=0.0639)
    --> Trial 0 | pop=41 seed=95072 x0_norm_min=-0.951 x0_norm_max=0.812
        [Trial 0] gen   20  evals=  820  best=0.0393
        [Trial 0] gen   40  evals= 1640  best=0.0392
        [Trial 0] gen   60  evals= 2460  best=0.0392
        [Trial 0] gen   80  evals= 3280  best=0.0390
        [Trial 0] gen  100  evals= 4100  best=0.0390
        [Trial 0] gen  120  evals= 4920  best=0.0390
        [Trial 0] gen  140  evals= 5740  best=0.0386
        [Trial 0] gen  160  evals= 6560  best=0.0384
        [Trial 0] gen  180  evals= 7380  best=0.0379
        [Done] Trial 0 best=0.0379

  Winner: Trial 0, loss=0.037885 (160s)
    Restarts run: 1
    mu: 23.830655
    D_mu: 1.012895
    T0_mu: 23.719736
    Ly: 1.917075
    op_x: 0.530037
    op_y: 0.555262
    NMSE: 0.044171
  [Saved] random_IR_0034

============================================================
[35/200] random_IR_0035.npz
  GT loss: 0.000000
  terrain_mean=0.076684  early_threshold=0.000729  (alpha=0.0095)
  tolfun=0.000399 tolfunhist=0.000399  (frac=0.0052 of range=0.0767)
    --> Trial 0 | pop=41 seed=95072 x0_norm_min=-0.951 x0_norm_max=0.812
        [Trial 0] gen   20  evals=  820  best=0.0499
        [Trial 0] gen   40  evals= 1640  best=0.0493
        [Trial 0] gen   60  evals= 2460  best=0.0493
        [Trial 0] gen   80  evals= 3280  best=0.0493
        [Trial 0] gen  100  evals= 4100  best=0.0493
        [Trial 0] gen  120  evals= 4920  best=0.0493
        [Trial 0] gen  140  evals= 5740  best=0.0493
        [Trial 0] gen  160  evals= 6560  best=0.0493
        [Trial 0] gen  180  evals= 7380  best=0.0493
        [Trial 0] gen  200  evals= 8200  best=0.0491
        [Trial 0] gen  220  evals= 9020  best=0.0476
        [Done] Trial 0 best=0.0471

  Winner: Trial 0, loss=0.047133 (125s)
    Restarts run: 1
    mu: 4.877463
    D_mu: 14.032072
    T0_mu: 139.735979
    Ly: 2.844785
    op_x: 0.536127
    op_y: 0.534756
    NMSE: 0.102494
  [Saved] random_IR_0035

============================================================
[36/200] random_IR_0036.npz
  GT loss: 0.000000
  terrain_mean=0.083680  early_threshold=0.000795  (alpha=0.0095)
  tolfun=0.000435 tolfunhist=0.000435  (frac=0.0052 of range=0.0837)
    --> Trial 0 | pop=41 seed=95072 x0_norm_min=-0.951 x0_norm_max=0.812
        [Trial 0] gen   20  evals=  820  best=0.0577
        [Trial 0] gen   40  evals= 1640  best=0.0577
        [Trial 0] gen   60  evals= 2460  best=0.0549
        [Trial 0] gen   80  evals= 3280  best=0.0548
        [Trial 0] gen  100  evals= 4100  best=0.0548
        [Trial 0] gen  120  evals= 4920  best=0.0541
        [Trial 0] gen  140  evals= 5740  best=0.0541
        [Trial 0] gen  160  evals= 6560  best=0.0541
        [Trial 0] gen  180  evals= 7380  best=0.0541
        [Trial 0] gen  200  evals= 8200  best=0.0536
        [Trial 0] gen  220  evals= 9020  best=0.0536
        [Trial 0] gen  240  evals= 9840  best=0.0536
        [Trial 0] gen  260  evals=10660  best=0.0536
        [Done] Trial 0 best=0.0535

  Winner: Trial 0, loss=0.053537 (174s)
    Restarts run: 1
    mu: 29.291841
    D_mu: 11.565496
    T0_mu: 27.810485
    Ly: 3.939785
    op_x: 0.852905
    op_y: 0.950880
    NMSE: 0.080259
  [Saved] random_IR_0036

============================================================
[37/200] random_IR_0037.npz
  GT loss: 0.000000
  terrain_mean=0.099934  early_threshold=0.000949  (alpha=0.0095)
  tolfun=0.00052 tolfunhist=0.00052  (frac=0.0052 of range=0.0999)
    --> Trial 0 | pop=41 seed=95072 x0_norm_min=-0.951 x0_norm_max=0.812
        [Trial 0] gen   20  evals=  820  best=0.0605
        [Trial 0] gen   40  evals= 1640  best=0.0605
        [Trial 0] gen   60  evals= 2460  best=0.0599
        [Trial 0] gen   80  evals= 3280  best=0.0593
        [Trial 0] gen  100  evals= 4100  best=0.0592
        [Trial 0] gen  120  evals= 4920  best=0.0585
        [Trial 0] gen  140  evals= 5740  best=0.0585
        [Trial 0] gen  160  evals= 6560  best=0.0581
        [Trial 0] gen  180  evals= 7380  best=0.0581
        [Trial 0] gen  200  evals= 8200  best=0.0577
        [Trial 0] gen  220  evals= 9020  best=0.0573
        [Done] Trial 0 best=0.0573

  Winner: Trial 0, loss=0.057258 (143s)
    Restarts run: 1
    mu: 10.304707
    D_mu: 5.671546
    T0_mu: 74.250904
    Ly: 2.780302
    op_x: 0.961763
    op_y: 0.940742
    NMSE: 0.036234
  [Saved] random_IR_0037

============================================================
[38/200] random_IR_0038.npz
  GT loss: 0.000000
  terrain_mean=0.068890  early_threshold=0.000654  (alpha=0.0095)
  tolfun=0.000358 tolfunhist=0.000358  (frac=0.0052 of range=0.0689)
    --> Trial 0 | pop=41 seed=95072 x0_norm_min=-0.951 x0_norm_max=0.812
        [Trial 0] gen   20  evals=  820  best=0.0502
        [Trial 0] gen   40  evals= 1640  best=0.0502
        [Trial 0] gen   60  evals= 2460  best=0.0502
        [Trial 0] gen   80  evals= 3280  best=0.0501
        [Trial 0] gen  100  evals= 4100  best=0.0501
        [Trial 0] gen  120  evals= 4920  best=0.0487
        [Trial 0] gen  140  evals= 5740  best=0.0487
        [Trial 0] gen  160  evals= 6560  best=0.0487
        [Trial 0] gen  180  evals= 7380  best=0.0482
        [Trial 0] gen  200  evals= 8200  best=0.0482
        [Trial 0] gen  220  evals= 9020  best=0.0482
        [Done] Trial 0 best=0.0482

  Winner: Trial 0, loss=0.048178 (105s)
    Restarts run: 1
    mu: 6.306954
    D_mu: 24.646869
    T0_mu: 141.112750
    Ly: 3.969577
    op_x: 0.829543
    op_y: 0.784110
    NMSE: 0.104380
  [Saved] random_IR_0038

============================================================
[39/200] random_IR_0039.npz
  GT loss: 0.000000
  terrain_mean=0.084167  early_threshold=0.000800  (alpha=0.0095)
  tolfun=0.000438 tolfunhist=0.000438  (frac=0.0052 of range=0.0842)
    --> Trial 0 | pop=41 seed=95072 x0_norm_min=-0.951 x0_norm_max=0.812
        [Trial 0] gen   20  evals=  820  best=0.0585
        [Trial 0] gen   40  evals= 1640  best=0.0576
        [Trial 0] gen   60  evals= 2460  best=0.0560
        [Trial 0] gen   80  evals= 3280  best=0.0560
        [Trial 0] gen  100  evals= 4100  best=0.0560
        [Trial 0] gen  120  evals= 4920  best=0.0560
        [Trial 0] gen  140  evals= 5740  best=0.0560
        [Trial 0] gen  160  evals= 6560  best=0.0552
        [Trial 0] gen  180  evals= 7380  best=0.0541
        [Trial 0] gen  200  evals= 8200  best=0.0536
        [Done] Trial 0 best=0.0534

  Winner: Trial 0, loss=0.053411 (79s)
    Restarts run: 1
    mu: 5.520763
    D_mu: 2.948851
    T0_mu: 133.616401
    Ly: 1.171894
    op_x: 0.511607
    op_y: 0.935069
    NMSE: 0.219972
  [Saved] random_IR_0039

============================================================
[40/200] random_IR_0040.npz
  GT loss: 0.000000
  terrain_mean=0.065534  early_threshold=0.000623  (alpha=0.0095)
  tolfun=0.000341 tolfunhist=0.000341  (frac=0.0052 of range=0.0655)
    --> Trial 0 | pop=41 seed=95072 x0_norm_min=-0.951 x0_norm_max=0.812
        [Trial 0] gen   20  evals=  820  best=0.0414
        [Trial 0] gen   40  evals= 1640  best=0.0414
        [Trial 0] gen   60  evals= 2460  best=0.0408
        [Trial 0] gen   80  evals= 3280  best=0.0408
        [Trial 0] gen  100  evals= 4100  best=0.0408
        [Trial 0] gen  120  evals= 4920  best=0.0404
        [Trial 0] gen  140  evals= 5740  best=0.0401
        [Trial 0] gen  160  evals= 6560  best=0.0399
        [Done] Trial 0 best=0.0399

  Winner: Trial 0, loss=0.039875 (260s)
    Restarts run: 1
    mu: 6.619091
    D_mu: 1.037564
    T0_mu: 143.997123
    Ly: 3.251525
    op_x: 0.609068
    op_y: 0.863137
    NMSE: 0.072646
  [Saved] random_IR_0040

============================================================
[41/200] random_IR_0041.npz
  GT loss: 0.000000
  terrain_mean=0.113706  early_threshold=0.001080  (alpha=0.0095)
  tolfun=0.000591 tolfunhist=0.000591  (frac=0.0052 of range=0.114)
    --> Trial 0 | pop=41 seed=95072 x0_norm_min=-0.951 x0_norm_max=0.812
        [Trial 0] gen   20  evals=  820  best=0.0759
        [Trial 0] gen   40  evals= 1640  best=0.0759
        [Trial 0] gen   60  evals= 2460  best=0.0759
        [Trial 0] gen   80  evals= 3280  best=0.0759
        [Trial 0] gen  100  evals= 4100  best=0.0746
        [Trial 0] gen  120  evals= 4920  best=0.0746
        [Trial 0] gen  140  evals= 5740  best=0.0746
        [Trial 0] gen  160  evals= 6560  best=0.0744
        [Trial 0] gen  180  evals= 7380  best=0.0744
        [Trial 0] gen  200  evals= 8200  best=0.0744
        [Trial 0] gen  220  evals= 9020  best=0.0743
        [Done] Trial 0 best=0.0743

  Winner: Trial 0, loss=0.074272 (97s)
    Restarts run: 1
    mu: 72.285562
    D_mu: 19.734290
    T0_mu: 9.766163
    Ly: 3.115017
    op_x: 0.975876
    op_y: 0.772963
    NMSE: 0.239377
  [Saved] random_IR_0041

============================================================
[42/200] random_IR_0042.npz
  GT loss: 0.000000
  terrain_mean=0.069117  early_threshold=0.000657  (alpha=0.0095)
  tolfun=0.000359 tolfunhist=0.000359  (frac=0.0052 of range=0.0691)
    --> Trial 0 | pop=41 seed=95072 x0_norm_min=-0.951 x0_norm_max=0.812
        [Trial 0] gen   20  evals=  820  best=0.0487
        [Trial 0] gen   40  evals= 1640  best=0.0473
        [Trial 0] gen   60  evals= 2460  best=0.0465
        [Trial 0] gen   80  evals= 3280  best=0.0465
        [Trial 0] gen  100  evals= 4100  best=0.0465
        [Trial 0] gen  120  evals= 4920  best=0.0465
        [Trial 0] gen  140  evals= 5740  best=0.0465
        [Trial 0] gen  160  evals= 6560  best=0.0458
        [Done] Trial 0 best=0.0457

  Winner: Trial 0, loss=0.045730 (111s)
    Restarts run: 1
    mu: 2.529717
    D_mu: 4.041093
    T0_mu: 394.755673
    Ly: 2.380008
    op_x: 0.537766
    op_y: 0.618809
    NMSE: 0.244256
  [Saved] random_IR_0042

============================================================
[43/200] random_IR_0043.npz
  GT loss: 0.000000
  terrain_mean=0.112634  early_threshold=0.001070  (alpha=0.0095)
  tolfun=0.000586 tolfunhist=0.000586  (frac=0.0052 of range=0.113)
    --> Trial 0 | pop=41 seed=95072 x0_norm_min=-0.951 x0_norm_max=0.812
        [Trial 0] gen   20  evals=  820  best=0.0619
        [Trial 0] gen   40  evals= 1640  best=0.0619
        [Trial 0] gen   60  evals= 2460  best=0.0612
        [Trial 0] gen   80  evals= 3280  best=0.0612
        [Trial 0] gen  100  evals= 4100  best=0.0602
        [Trial 0] gen  120  evals= 4920  best=0.0598
        [Trial 0] gen  140  evals= 5740  best=0.0596
        [Trial 0] gen  160  evals= 6560  best=0.0596
        [Trial 0] gen  180  evals= 7380  best=0.0596
        [Done] Trial 0 best=0.0596

  Winner: Trial 0, loss=0.059630 (151s)
    Restarts run: 1
    mu: 70.885415
    D_mu: 9.018018
    T0_mu: 7.650478
    Ly: 3.996275
    op_x: 0.737680
    op_y: 0.994797
    NMSE: 0.101457
  [Saved] random_IR_0043

============================================================
[44/200] random_IR_0044.npz
  GT loss: 0.000000
  terrain_mean=0.065571  early_threshold=0.000623  (alpha=0.0095)
  tolfun=0.000341 tolfunhist=0.000341  (frac=0.0052 of range=0.0656)
    --> Trial 0 | pop=41 seed=95072 x0_norm_min=-0.951 x0_norm_max=0.812
        [Trial 0] gen   20  evals=  820  best=0.0366
        [Trial 0] gen   40  evals= 1640  best=0.0349
        [Trial 0] gen   60  evals= 2460  best=0.0348
        [Trial 0] gen   80  evals= 3280  best=0.0340
        [Trial 0] gen  100  evals= 4100  best=0.0340
        [Trial 0] gen  120  evals= 4920  best=0.0340
        [Trial 0] gen  140  evals= 5740  best=0.0334
        [Trial 0] gen  160  evals= 6560  best=0.0329
        [Done] Trial 0 best=0.0329

  Winner: Trial 0, loss=0.032885 (154s)
    Restarts run: 1
    mu: 34.966446
    D_mu: 1.550039
    T0_mu: 5.272559
    Ly: 2.006287
    op_x: 0.554999
    op_y: 0.525953
    NMSE: 0.037928
  [Saved] random_IR_0044

============================================================
[45/200] random_IR_0045.npz
  GT loss: 0.000000
  terrain_mean=0.063200  early_threshold=0.000600  (alpha=0.0095)
  tolfun=0.000329 tolfunhist=0.000329  (frac=0.0052 of range=0.0632)
    --> Trial 0 | pop=41 seed=95072 x0_norm_min=-0.951 x0_norm_max=0.812
        [Trial 0] gen   20  evals=  820  best=0.0418
        [Trial 0] gen   40  evals= 1640  best=0.0406
        [Trial 0] gen   60  evals= 2460  best=0.0406
        [Trial 0] gen   80  evals= 3280  best=0.0406
        [Trial 0] gen  100  evals= 4100  best=0.0406
        [Trial 0] gen  120  evals= 4920  best=0.0406
        [Trial 0] gen  140  evals= 5740  best=0.0406
        [Trial 0] gen  160  evals= 6560  best=0.0406
        [Trial 0] gen  180  evals= 7380  best=0.0406
        [Trial 0] gen  200  evals= 8200  best=0.0405
        [Trial 0] gen  220  evals= 9020  best=0.0405
        [Trial 0] gen  240  evals= 9840  best=0.0405
        [Done] Trial 0 best=0.0403

  Winner: Trial 0, loss=0.040327 (438s)
    Restarts run: 1
    mu: 13.674817
    D_mu: 0.963054
    T0_mu: 41.786951
    Ly: 3.864760
    op_x: 0.511564
    op_y: 0.792211
    NMSE: 0.022351
  [Saved] random_IR_0045

============================================================
[46/200] random_IR_0046.npz
  GT loss: 0.000000
  terrain_mean=0.070700  early_threshold=0.000672  (alpha=0.0095)
  tolfun=0.000368 tolfunhist=0.000368  (frac=0.0052 of range=0.0707)
    --> Trial 0 | pop=41 seed=95072 x0_norm_min=-0.951 x0_norm_max=0.812
        [Trial 0] gen   20  evals=  820  best=0.0386
        [Trial 0] gen   40  evals= 1640  best=0.0383
        [Trial 0] gen   60  evals= 2460  best=0.0380
        [Trial 0] gen   80  evals= 3280  best=0.0380
        [Trial 0] gen  100  evals= 4100  best=0.0373
        [Trial 0] gen  120  evals= 4920  best=0.0370
        [Trial 0] gen  140  evals= 5740  best=0.0367
        [Trial 0] gen  160  evals= 6560  best=0.0365
        [Done] Trial 0 best=0.0365

  Winner: Trial 0, loss=0.036514 (121s)
    Restarts run: 1
    mu: 22.190457
    D_mu: 0.662284
    T0_mu: 3.770662
    Ly: 1.119379
    op_x: 0.676359
    op_y: 0.689622
    NMSE: 0.031586
  [Saved] random_IR_0046

============================================================
[47/200] random_IR_0047.npz
  GT loss: 0.000000
  terrain_mean=0.063945  early_threshold=0.000607  (alpha=0.0095)
  tolfun=0.000333 tolfunhist=0.000333  (frac=0.0052 of range=0.0639)
    --> Trial 0 | pop=41 seed=95072 x0_norm_min=-0.951 x0_norm_max=0.812
        [Trial 0] gen   20  evals=  820  best=0.0422
        [Trial 0] gen   40  evals= 1640  best=0.0415
        [Trial 0] gen   60  evals= 2460  best=0.0414
        [Trial 0] gen   80  evals= 3280  best=0.0414
        [Trial 0] gen  100  evals= 4100  best=0.0414
        [Trial 0] gen  120  evals= 4920  best=0.0414
        [Trial 0] gen  140  evals= 5740  best=0.0411
        [Trial 0] gen  160  evals= 6560  best=0.0411
        [Trial 0] gen  180  evals= 7380  best=0.0409
        [Trial 0] gen  200  evals= 8200  best=0.0401
        [Trial 0] gen  220  evals= 9020  best=0.0401
        [Trial 0] gen  240  evals= 9840  best=0.0401
        [Trial 0] gen  260  evals=10660  best=0.0401
        [Trial 0] gen  280  evals=11480  best=0.0401
        [Trial 0] gen  300  evals=12300  best=0.0396
        [Trial 0] gen  320  evals=13120  best=0.0391
        [Trial 0] gen  340  evals=13940  best=0.0390
        [Done] Trial 0 best=0.0390

  Winner: Trial 0, loss=0.038968 (230s)
    Restarts run: 1
    mu: 9.841923
    D_mu: 6.946314
    T0_mu: 83.357724
    Ly: 2.676435
    op_x: 0.678857
    op_y: 0.694465
    NMSE: 0.070115
  [Saved] random_IR_0047

============================================================
[48/200] random_IR_0048.npz
  GT loss: 0.000000
  terrain_mean=0.070711  early_threshold=0.000672  (alpha=0.0095)
  tolfun=0.000368 tolfunhist=0.000368  (frac=0.0052 of range=0.0707)
    --> Trial 0 | pop=41 seed=95072 x0_norm_min=-0.951 x0_norm_max=0.812
        [Trial 0] gen   20  evals=  820  best=0.0509
        [Trial 0] gen   40  evals= 1640  best=0.0494
        [Trial 0] gen   60  evals= 2460  best=0.0489
        [Trial 0] gen   80  evals= 3280  best=0.0489
        [Trial 0] gen  100  evals= 4100  best=0.0489
        [Trial 0] gen  120  evals= 4920  best=0.0489
        [Trial 0] gen  140  evals= 5740  best=0.0487
        [Trial 0] gen  160  evals= 6560  best=0.0487
        [Trial 0] gen  180  evals= 7380  best=0.0487
        [Trial 0] gen  200  evals= 8200  best=0.0487
        [Trial 0] gen  220  evals= 9020  best=0.0487
        [Trial 0] gen  240  evals= 9840  best=0.0487
        [Trial 0] gen  260  evals=10660  best=0.0487
        [Trial 0] gen  280  evals=11480  best=0.0487
        [Done] Trial 0 best=0.0487

  Winner: Trial 0, loss=0.048652 (167s)
    Restarts run: 1
    mu: 31.243240
    D_mu: 3.889197
    T0_mu: 22.616275
    Ly: 2.408301
    op_x: 0.923574
    op_y: 0.645763
    NMSE: 0.064971
  [Saved] random_IR_0048

============================================================
[49/200] random_IR_0049.npz
  GT loss: 0.000000
  terrain_mean=0.064188  early_threshold=0.000610  (alpha=0.0095)
  tolfun=0.000334 tolfunhist=0.000334  (frac=0.0052 of range=0.0642)
    --> Trial 0 | pop=41 seed=95072 x0_norm_min=-0.951 x0_norm_max=0.812
        [Trial 0] gen   20  evals=  820  best=0.0394
        [Trial 0] gen   40  evals= 1640  best=0.0388
        [Trial 0] gen   60  evals= 2460  best=0.0388
        [Trial 0] gen   80  evals= 3280  best=0.0388
        [Trial 0] gen  100  evals= 4100  best=0.0388
        [Trial 0] gen  120  evals= 4920  best=0.0388
        [Trial 0] gen  140  evals= 5740  best=0.0382
        [Trial 0] gen  160  evals= 6560  best=0.0382
        [Trial 0] gen  180  evals= 7380  best=0.0382
        [Trial 0] gen  200  evals= 8200  best=0.0382
        [Trial 0] gen  220  evals= 9020  best=0.0377
        [Trial 0] gen  240  evals= 9840  best=0.0372
        [Done] Trial 0 best=0.0371

  Winner: Trial 0, loss=0.037137 (325s)
    Restarts run: 1
    mu: 30.634476
    D_mu: 1.581565
    T0_mu: 25.903934
    Ly: 3.227481
    op_x: 0.557030
    op_y: 0.673596
    NMSE: 0.044230
  [Saved] random_IR_0049

============================================================
[50/200] random_IR_0050.npz
  GT loss: 0.000000
  terrain_mean=0.106783  early_threshold=0.001014  (alpha=0.0095)
  tolfun=0.000555 tolfunhist=0.000555  (frac=0.0052 of range=0.107)
    --> Trial 0 | pop=41 seed=95072 x0_norm_min=-0.951 x0_norm_max=0.812
        [Trial 0] gen   20  evals=  820  best=0.0718
        [Trial 0] gen   40  evals= 1640  best=0.0697
        [Trial 0] gen   60  evals= 2460  best=0.0691
        [Trial 0] gen   80  evals= 3280  best=0.0688
        [Trial 0] gen  100  evals= 4100  best=0.0688
        [Trial 0] gen  120  evals= 4920  best=0.0688
        [Trial 0] gen  140  evals= 5740  best=0.0674
        [Trial 0] gen  160  evals= 6560  best=0.0671
        [Done] Trial 0 best=0.0669

  Winner: Trial 0, loss=0.066917 (75s)
    Restarts run: 1
    mu: 100.683999
    D_mu: 17.942923
    T0_mu: 1.512038
    Ly: 3.229866
    op_x: 0.783699
    op_y: 0.992294
    NMSE: 0.117509
  [Saved] random_IR_0050

============================================================
[51/200] random_IR_0051.npz
  GT loss: 0.000000
  terrain_mean=0.060392  early_threshold=0.000574  (alpha=0.0095)
  tolfun=0.000314 tolfunhist=0.000314  (frac=0.0052 of range=0.0604)
    --> Trial 0 | pop=41 seed=95072 x0_norm_min=-0.951 x0_norm_max=0.812
        [Trial 0] gen   20  evals=  820  best=0.0399
        [Trial 0] gen   40  evals= 1640  best=0.0394
        [Trial 0] gen   60  evals= 2460  best=0.0387
        [Trial 0] gen   80  evals= 3280  best=0.0384
        [Trial 0] gen  100  evals= 4100  best=0.0383
        [Trial 0] gen  120  evals= 4920  best=0.0381
        [Trial 0] gen  140  evals= 5740  best=0.0369
        [Trial 0] gen  160  evals= 6560  best=0.0369
        [Trial 0] gen  180  evals= 7380  best=0.0368
        [Done] Trial 0 best=0.0368

  Winner: Trial 0, loss=0.036819 (302s)
    Restarts run: 1
    mu: 18.481834
    D_mu: 0.615663
    T0_mu: 45.847556
    Ly: 2.588409
    op_x: 0.557304
    op_y: 0.680749
    NMSE: 0.061325
  [Saved] random_IR_0051

============================================================
[52/200] random_IR_0052.npz
  GT loss: 0.000000
  terrain_mean=0.062747  early_threshold=0.000596  (alpha=0.0095)
  tolfun=0.000326 tolfunhist=0.000326  (frac=0.0052 of range=0.0627)
    --> Trial 0 | pop=41 seed=95072 x0_norm_min=-0.951 x0_norm_max=0.812
        [Trial 0] gen   20  evals=  820  best=0.0432
        [Trial 0] gen   40  evals= 1640  best=0.0432
        [Trial 0] gen   60  evals= 2460  best=0.0432
        [Trial 0] gen   80  evals= 3280  best=0.0417
        [Trial 0] gen  100  evals= 4100  best=0.0417
        [Trial 0] gen  120  evals= 4920  best=0.0417
        [Trial 0] gen  140  evals= 5740  best=0.0417
        [Trial 0] gen  160  evals= 6560  best=0.0417
        [Trial 0] gen  180  evals= 7380  best=0.0417
        [Trial 0] gen  200  evals= 8200  best=0.0417
        [Trial 0] gen  220  evals= 9020  best=0.0417
        [Trial 0] gen  240  evals= 9840  best=0.0415
        [Trial 0] gen  260  evals=10660  best=0.0410
        [Done] Trial 0 best=0.0410

  Winner: Trial 0, loss=0.040951 (437s)
    Restarts run: 1
    mu: 9.181623
    D_mu: 0.658790
    T0_mu: 107.090395
    Ly: 2.818668
    op_x: 0.624352
    op_y: 0.647280
    NMSE: 0.061237
  [Saved] random_IR_0052

============================================================
[53/200] random_IR_0053.npz
  GT loss: 0.000000
  terrain_mean=0.069284  early_threshold=0.000658  (alpha=0.0095)
  tolfun=0.00036 tolfunhist=0.00036  (frac=0.0052 of range=0.0693)
    --> Trial 0 | pop=41 seed=95072 x0_norm_min=-0.951 x0_norm_max=0.812
        [Trial 0] gen   20  evals=  820  best=0.0453
        [Trial 0] gen   40  evals= 1640  best=0.0449
        [Trial 0] gen   60  evals= 2460  best=0.0437
        [Trial 0] gen   80  evals= 3280  best=0.0437
        [Trial 0] gen  100  evals= 4100  best=0.0437
        [Trial 0] gen  120  evals= 4920  best=0.0437
        [Trial 0] gen  140  evals= 5740  best=0.0437
        [Trial 0] gen  160  evals= 6560  best=0.0437
        [Trial 0] gen  180  evals= 7380  best=0.0435
        [Trial 0] gen  200  evals= 8200  best=0.0435
        [Trial 0] gen  220  evals= 9020  best=0.0432
        [Done] Trial 0 best=0.0431

  Winner: Trial 0, loss=0.043081 (299s)
    Restarts run: 1
    mu: 6.330758
    D_mu: 1.226376
    T0_mu: 144.227387
    Ly: 2.634426
    op_x: 0.768642
    op_y: 0.736644
    NMSE: 0.056465
  [Saved] random_IR_0053

============================================================
[54/200] random_IR_0054.npz
  GT loss: 0.000000
  terrain_mean=0.106765  early_threshold=0.001014  (alpha=0.0095)
  tolfun=0.000555 tolfunhist=0.000555  (frac=0.0052 of range=0.107)
    --> Trial 0 | pop=41 seed=95072 x0_norm_min=-0.951 x0_norm_max=0.812
        [Trial 0] gen   20  evals=  820  best=0.0619
        [Trial 0] gen   40  evals= 1640  best=0.0619
        [Trial 0] gen   60  evals= 2460  best=0.0608
        [Trial 0] gen   80  evals= 3280  best=0.0608
        [Trial 0] gen  100  evals= 4100  best=0.0608
        [Trial 0] gen  120  evals= 4920  best=0.0608
        [Trial 0] gen  140  evals= 5740  best=0.0608
        [Trial 0] gen  160  evals= 6560  best=0.0608
        [Trial 0] gen  180  evals= 7380  best=0.0600
        [Trial 0] gen  200  evals= 8200  best=0.0600
        [Trial 0] gen  220  evals= 9020  best=0.0594
        [Trial 0] gen  240  evals= 9840  best=0.0594
        [Trial 0] gen  260  evals=10660  best=0.0594
        [Done] Trial 0 best=0.0594

  Winner: Trial 0, loss=0.059436 (130s)
    Restarts run: 1
    mu: 67.185846
    D_mu: 14.380784
    T0_mu: 1.435219
    Ly: 3.688299
    op_x: 0.698311
    op_y: 0.993518
    NMSE: 0.105971
  [Saved] random_IR_0054

============================================================
[55/200] random_IR_0055.npz
  GT loss: 0.000000
  terrain_mean=0.068379  early_threshold=0.000650  (alpha=0.0095)
  tolfun=0.000356 tolfunhist=0.000356  (frac=0.0052 of range=0.0684)
    --> Trial 0 | pop=41 seed=95072 x0_norm_min=-0.951 x0_norm_max=0.812
        [Trial 0] gen   20  evals=  820  best=0.0486
        [Trial 0] gen   40  evals= 1640  best=0.0479
        [Trial 0] gen   60  evals= 2460  best=0.0478
        [Trial 0] gen   80  evals= 3280  best=0.0472
        [Trial 0] gen  100  evals= 4100  best=0.0472
        [Trial 0] gen  120  evals= 4920  best=0.0466
        [Trial 0] gen  140  evals= 5740  best=0.0462
        [Trial 0] gen  160  evals= 6560  best=0.0461
        [Done] Trial 0 best=0.0459

  Winner: Trial 0, loss=0.045884 (177s)
    Restarts run: 1
    mu: 2.456963
    D_mu: 3.287471
    T0_mu: 358.334450
    Ly: 3.693462
    op_x: 0.744548
    op_y: 0.706759
    NMSE: 0.192806
  [Saved] random_IR_0055

============================================================
[56/200] random_IR_0056.npz
  GT loss: 0.000000
  terrain_mean=0.067126  early_threshold=0.000638  (alpha=0.0095)
  tolfun=0.000349 tolfunhist=0.000349  (frac=0.0052 of range=0.0671)
    --> Trial 0 | pop=41 seed=95072 x0_norm_min=-0.951 x0_norm_max=0.812
        [Trial 0] gen   20  evals=  820  best=0.0399
        [Trial 0] gen   40  evals= 1640  best=0.0398
        [Trial 0] gen   60  evals= 2460  best=0.0396
        [Trial 0] gen   80  evals= 3280  best=0.0389
        [Trial 0] gen  100  evals= 4100  best=0.0389
        [Trial 0] gen  120  evals= 4920  best=0.0386
        [Trial 0] gen  140  evals= 5740  best=0.0386
        [Trial 0] gen  160  evals= 6560  best=0.0386
        [Trial 0] gen  180  evals= 7380  best=0.0386
        [Done] Trial 0 best=0.0386

  Winner: Trial 0, loss=0.038567 (341s)
    Restarts run: 1
    mu: 16.811782
    D_mu: 1.115982
    T0_mu: 9.413979
    Ly: 3.892902
    op_x: 0.520660
    op_y: 0.692847
    NMSE: 0.031894
  [Saved] random_IR_0056

============================================================
[57/200] random_IR_0057.npz
  GT loss: 0.000000
  terrain_mean=0.065229  early_threshold=0.000620  (alpha=0.0095)
  tolfun=0.000339 tolfunhist=0.000339  (frac=0.0052 of range=0.0652)
    --> Trial 0 | pop=41 seed=95072 x0_norm_min=-0.951 x0_norm_max=0.812
        [Trial 0] gen   20  evals=  820  best=0.0397
        [Trial 0] gen   40  evals= 1640  best=0.0396
        [Trial 0] gen   60  evals= 2460  best=0.0396
        [Trial 0] gen   80  evals= 3280  best=0.0396
        [Trial 0] gen  100  evals= 4100  best=0.0390
        [Trial 0] gen  120  evals= 4920  best=0.0390
        [Trial 0] gen  140  evals= 5740  best=0.0390
        [Trial 0] gen  160  evals= 6560  best=0.0379
        [Trial 0] gen  180  evals= 7380  best=0.0377
        [Trial 0] gen  200  evals= 8200  best=0.0370
        [Done] Trial 0 best=0.0369

  Winner: Trial 0, loss=0.036924 (188s)
    Restarts run: 1
    mu: 40.586934
    D_mu: 1.161860
    T0_mu: 24.411643
    Ly: 1.826932
    op_x: 0.683887
    op_y: 0.534769
    NMSE: 0.038848
  [Saved] random_IR_0057

============================================================
[58/200] random_IR_0058.npz
  GT loss: 0.000000
  terrain_mean=0.081773  early_threshold=0.000777  (alpha=0.0095)
  tolfun=0.000425 tolfunhist=0.000425  (frac=0.0052 of range=0.0818)
    --> Trial 0 | pop=41 seed=95072 x0_norm_min=-0.951 x0_norm_max=0.812
        [Trial 0] gen   20  evals=  820  best=0.0568
        [Trial 0] gen   40  evals= 1640  best=0.0560
        [Trial 0] gen   60  evals= 2460  best=0.0541
        [Trial 0] gen   80  evals= 3280  best=0.0541
        [Trial 0] gen  100  evals= 4100  best=0.0541
        [Trial 0] gen  120  evals= 4920  best=0.0539
        [Trial 0] gen  140  evals= 5740  best=0.0534
        [Trial 0] gen  160  evals= 6560  best=0.0533
        [Trial 0] gen  180  evals= 7380  best=0.0529
        [Trial 0] gen  200  evals= 8200  best=0.0529
        [Trial 0] gen  220  evals= 9020  best=0.0528
        [Done] Trial 0 best=0.0528

  Winner: Trial 0, loss=0.052782 (183s)
    Restarts run: 1
    mu: 2.505438
    D_mu: 4.011939
    T0_mu: 394.406111
    Ly: 3.018859
    op_x: 0.843616
    op_y: 0.581821
    NMSE: 0.158918
  [Saved] random_IR_0058

============================================================
[59/200] random_IR_0059.npz
  GT loss: 0.000000
  terrain_mean=0.068342  early_threshold=0.000649  (alpha=0.0095)
  tolfun=0.000355 tolfunhist=0.000355  (frac=0.0052 of range=0.0683)
    --> Trial 0 | pop=41 seed=95072 x0_norm_min=-0.951 x0_norm_max=0.812
        [Trial 0] gen   20  evals=  820  best=0.0391
        [Trial 0] gen   40  evals= 1640  best=0.0391
        [Trial 0] gen   60  evals= 2460  best=0.0389
        [Trial 0] gen   80  evals= 3280  best=0.0384
        [Trial 0] gen  100  evals= 4100  best=0.0371
        [Trial 0] gen  120  evals= 4920  best=0.0371
        [Trial 0] gen  140  evals= 5740  best=0.0371
        [Trial 0] gen  160  evals= 6560  best=0.0371
        [Trial 0] gen  180  evals= 7380  best=0.0371
        [Trial 0] gen  200  evals= 8200  best=0.0371
        [Trial 0] gen  220  evals= 9020  best=0.0371
        [Done] Trial 0 best=0.0371

  Winner: Trial 0, loss=0.037137 (149s)
    Restarts run: 1
    mu: 32.535998
    D_mu: 1.950871
    T0_mu: 30.091760
    Ly: 1.439154
    op_x: 0.638430
    op_y: 0.521987
    NMSE: 0.028822
  [Saved] random_IR_0059

============================================================
[60/200] random_IR_0060.npz
  GT loss: 0.000000
  terrain_mean=0.064665  early_threshold=0.000614  (alpha=0.0095)
  tolfun=0.000336 tolfunhist=0.000336  (frac=0.0052 of range=0.0647)
    --> Trial 0 | pop=41 seed=95072 x0_norm_min=-0.951 x0_norm_max=0.812
        [Trial 0] gen   20  evals=  820  best=0.0375
        [Trial 0] gen   40  evals= 1640  best=0.0375
        [Trial 0] gen   60  evals= 2460  best=0.0375
        [Trial 0] gen   80  evals= 3280  best=0.0375
        [Trial 0] gen  100  evals= 4100  best=0.0375
        [Trial 0] gen  120  evals= 4920  best=0.0368
        [Trial 0] gen  140  evals= 5740  best=0.0368
        [Trial 0] gen  160  evals= 6560  best=0.0368
        [Trial 0] gen  180  evals= 7380  best=0.0365
        [Done] Trial 0 best=0.0365

  Winner: Trial 0, loss=0.036493 (111s)
    Restarts run: 1
    mu: 35.469733
    D_mu: 1.507499
    T0_mu: 12.923246
    Ly: 1.216521
    op_x: 0.665089
    op_y: 0.611688
    NMSE: 0.053272
  [Saved] random_IR_0060

============================================================
[61/200] random_IR_0061.npz
  GT loss: 0.000000
  terrain_mean=0.137610  early_threshold=0.001307  (alpha=0.0095)
  tolfun=0.000716 tolfunhist=0.000716  (frac=0.0052 of range=0.138)
    --> Trial 0 | pop=41 seed=95072 x0_norm_min=-0.951 x0_norm_max=0.812
        [Trial 0] gen   20  evals=  820  best=0.0701
        [Trial 0] gen   40  evals= 1640  best=0.0701
        [Trial 0] gen   60  evals= 2460  best=0.0696
        [Trial 0] gen   80  evals= 3280  best=0.0678
        [Trial 0] gen  100  evals= 4100  best=0.0673
        [Trial 0] gen  120  evals= 4920  best=0.0673
        [Trial 0] gen  140  evals= 5740  best=0.0661
        [Trial 0] gen  160  evals= 6560  best=0.0661
        [Trial 0] gen  180  evals= 7380  best=0.0659
        [Trial 0] gen  200  evals= 8200  best=0.0653
        [Done] Trial 0 best=0.0653

  Winner: Trial 0, loss=0.065339 (205s)
    Restarts run: 1
    mu: 37.333051
    D_mu: 2.017045
    T0_mu: 10.926488
    Ly: 3.239753
    op_x: 0.995875
    op_y: 0.668126
    NMSE: 0.143565
  [Saved] random_IR_0061

============================================================
[62/200] random_IR_0062.npz
  GT loss: 0.000000
  terrain_mean=0.072711  early_threshold=0.000691  (alpha=0.0095)
  tolfun=0.000378 tolfunhist=0.000378  (frac=0.0052 of range=0.0727)
    --> Trial 0 | pop=41 seed=95072 x0_norm_min=-0.951 x0_norm_max=0.812
        [Trial 0] gen   20  evals=  820  best=0.0544
        [Trial 0] gen   40  evals= 1640  best=0.0536
        [Trial 0] gen   60  evals= 2460  best=0.0530
        [Trial 0] gen   80  evals= 3280  best=0.0526
        [Trial 0] gen  100  evals= 4100  best=0.0526
        [Trial 0] gen  120  evals= 4920  best=0.0526
        [Trial 0] gen  140  evals= 5740  best=0.0526
        [Trial 0] gen  160  evals= 6560  best=0.0525
        [Trial 0] gen  180  evals= 7380  best=0.0525
        [Trial 0] gen  200  evals= 8200  best=0.0525
        [Trial 0] gen  220  evals= 9020  best=0.0523
        [Trial 0] gen  240  evals= 9840  best=0.0521
        [Trial 0] gen  260  evals=10660  best=0.0520
        [Done] Trial 0 best=0.0520

  Winner: Trial 0, loss=0.051980 (287s)
    Restarts run: 1
    mu: 6.299659
    D_mu: 2.457091
    T0_mu: 150.849762
    Ly: 3.451098
    op_x: 0.693105
    op_y: 0.626933
    NMSE: 0.157944
  [Saved] random_IR_0062

============================================================
[63/200] random_IR_0063.npz
  GT loss: 0.000000
  terrain_mean=0.066864  early_threshold=0.000635  (alpha=0.0095)
  tolfun=0.000348 tolfunhist=0.000348  (frac=0.0052 of range=0.0669)
    --> Trial 0 | pop=41 seed=95072 x0_norm_min=-0.951 x0_norm_max=0.812
        [Trial 0] gen   20  evals=  820  best=0.0424
        [Trial 0] gen   40  evals= 1640  best=0.0415
        [Trial 0] gen   60  evals= 2460  best=0.0415
        [Trial 0] gen   80  evals= 3280  best=0.0415
        [Trial 0] gen  100  evals= 4100  best=0.0413
        [Trial 0] gen  120  evals= 4920  best=0.0413
        [Trial 0] gen  140  evals= 5740  best=0.0413
        [Trial 0] gen  160  evals= 6560  best=0.0403
        [Trial 0] gen  180  evals= 7380  best=0.0398
        [Trial 0] gen  200  evals= 8200  best=0.0397
        [Done] Trial 0 best=0.0395

  Winner: Trial 0, loss=0.039539 (200s)
    Restarts run: 1
    mu: 10.253846
    D_mu: 0.876874
    T0_mu: 92.148241
    Ly: 1.752436
    op_x: 0.647231
    op_y: 0.610101
    NMSE: 0.028195
  [Saved] random_IR_0063

============================================================
[64/200] random_IR_0064.npz
  GT loss: 0.000000
  terrain_mean=0.129513  early_threshold=0.001230  (alpha=0.0095)
  tolfun=0.000673 tolfunhist=0.000673  (frac=0.0052 of range=0.13)
    --> Trial 0 | pop=41 seed=95072 x0_norm_min=-0.951 x0_norm_max=0.812
        [Trial 0] gen   20  evals=  820  best=0.0697
        [Trial 0] gen   40  evals= 1640  best=0.0684
        [Trial 0] gen   60  evals= 2460  best=0.0673
        [Trial 0] gen   80  evals= 3280  best=0.0673
        [Trial 0] gen  100  evals= 4100  best=0.0673
        [Trial 0] gen  120  evals= 4920  best=0.0673
        [Trial 0] gen  140  evals= 5740  best=0.0673
        [Trial 0] gen  160  evals= 6560  best=0.0673
        [Trial 0] gen  180  evals= 7380  best=0.0667
        [Trial 0] gen  200  evals= 8200  best=0.0657
        [Trial 0] gen  220  evals= 9020  best=0.0657
        [Trial 0] gen  240  evals= 9840  best=0.0657
        [Done] Trial 0 best=0.0657

  Winner: Trial 0, loss=0.065657 (187s)
    Restarts run: 1
    mu: 3.214963
    D_mu: 2.698461
    T0_mu: 310.710754
    Ly: 2.552231
    op_x: 0.985200
    op_y: 0.840225
    NMSE: 0.149275
  [Saved] random_IR_0064

============================================================
[65/200] random_IR_0065.npz
  GT loss: 0.000000
  terrain_mean=0.066821  early_threshold=0.000635  (alpha=0.0095)
  tolfun=0.000347 tolfunhist=0.000347  (frac=0.0052 of range=0.0668)
    --> Trial 0 | pop=41 seed=95072 x0_norm_min=-0.951 x0_norm_max=0.812
        [Trial 0] gen   20  evals=  820  best=0.0465
        [Trial 0] gen   40  evals= 1640  best=0.0461
        [Trial 0] gen   60  evals= 2460  best=0.0461
        [Trial 0] gen   80  evals= 3280  best=0.0459
        [Trial 0] gen  100  evals= 4100  best=0.0459
        [Trial 0] gen  120  evals= 4920  best=0.0459
        [Trial 0] gen  140  evals= 5740  best=0.0459
        [Trial 0] gen  160  evals= 6560  best=0.0457
        [Trial 0] gen  180  evals= 7380  best=0.0448
        [Trial 0] gen  200  evals= 8200  best=0.0448
        [Trial 0] gen  220  evals= 9020  best=0.0448
        [Trial 0] gen  240  evals= 9840  best=0.0448
        [Trial 0] gen  260  evals=10660  best=0.0448
        [Trial 0] gen  280  evals=11480  best=0.0448
        [Trial 0] gen  300  evals=12300  best=0.0447
        [Done] Trial 0 best=0.0447

  Winner: Trial 0, loss=0.044663 (288s)
    Restarts run: 1
    mu: 4.410265
    D_mu: 2.867324
    T0_mu: 223.125874
    Ly: 3.158625
    op_x: 0.836377
    op_y: 0.901918
    NMSE: 0.249062
  [Saved] random_IR_0065

============================================================
[66/200] random_IR_0066.npz
  GT loss: 0.000000
  terrain_mean=0.066891  early_threshold=0.000635  (alpha=0.0095)
  tolfun=0.000348 tolfunhist=0.000348  (frac=0.0052 of range=0.0669)
    --> Trial 0 | pop=41 seed=95072 x0_norm_min=-0.951 x0_norm_max=0.812
        [Trial 0] gen   20  evals=  820  best=0.0403
        [Trial 0] gen   40  evals= 1640  best=0.0403
        [Trial 0] gen   60  evals= 2460  best=0.0403
        [Trial 0] gen   80  evals= 3280  best=0.0403
        [Trial 0] gen  100  evals= 4100  best=0.0400
        [Trial 0] gen  120  evals= 4920  best=0.0400
        [Trial 0] gen  140  evals= 5740  best=0.0400
        [Trial 0] gen  160  evals= 6560  best=0.0399
        [Trial 0] gen  180  evals= 7380  best=0.0399
        [Trial 0] gen  200  evals= 8200  best=0.0391
        [Trial 0] gen  220  evals= 9020  best=0.0391
        [Trial 0] gen  240  evals= 9840  best=0.0391
        [Trial 0] gen  260  evals=10660  best=0.0391
        [Trial 0] gen  280  evals=11480  best=0.0391
        [Trial 0] gen  300  evals=12300  best=0.0391
        [Done] Trial 0 best=0.0391

  Winner: Trial 0, loss=0.039121 (378s)
    Restarts run: 1
    mu: 23.103984
    D_mu: 0.876029
    T0_mu: 29.354688
    Ly: 2.292730
    op_x: 0.672329
    op_y: 0.537269
    NMSE: 0.046966
  [Saved] random_IR_0066

============================================================
[67/200] random_IR_0067.npz
  GT loss: 0.000000
  terrain_mean=0.073413  early_threshold=0.000697  (alpha=0.0095)
  tolfun=0.000382 tolfunhist=0.000382  (frac=0.0052 of range=0.0734)
    --> Trial 0 | pop=41 seed=95072 x0_norm_min=-0.951 x0_norm_max=0.812
        [Trial 0] gen   20  evals=  820  best=0.0501
        [Trial 0] gen   40  evals= 1640  best=0.0495
        [Trial 0] gen   60  evals= 2460  best=0.0495
        [Trial 0] gen   80  evals= 3280  best=0.0479
        [Trial 0] gen  100  evals= 4100  best=0.0479
        [Trial 0] gen  120  evals= 4920  best=0.0479
        [Trial 0] gen  140  evals= 5740  best=0.0479
        [Trial 0] gen  160  evals= 6560  best=0.0478
        [Trial 0] gen  180  evals= 7380  best=0.0471
        [Trial 0] gen  200  evals= 8200  best=0.0462
        [Trial 0] gen  220  evals= 9020  best=0.0459
        [Done] Trial 0 best=0.0459

  Winner: Trial 0, loss=0.045903 (108s)
    Restarts run: 1
    mu: 36.138950
    D_mu: 10.755314
    T0_mu: 25.217766
    Ly: 2.993834
    op_x: 0.865609
    op_y: 0.940403
    NMSE: 0.048064
  [Saved] random_IR_0067

============================================================
[68/200] random_IR_0068.npz
  GT loss: 0.000000
  terrain_mean=0.123597  early_threshold=0.001174  (alpha=0.0095)
  tolfun=0.000643 tolfunhist=0.000643  (frac=0.0052 of range=0.124)
    --> Trial 0 | pop=41 seed=95072 x0_norm_min=-0.951 x0_norm_max=0.812
        [Trial 0] gen   20  evals=  820  best=0.0677
        [Trial 0] gen   40  evals= 1640  best=0.0648
        [Trial 0] gen   60  evals= 2460  best=0.0646
        [Trial 0] gen   80  evals= 3280  best=0.0643
        [Trial 0] gen  100  evals= 4100  best=0.0643
        [Trial 0] gen  120  evals= 4920  best=0.0629
        [Trial 0] gen  140  evals= 5740  best=0.0627
        [Trial 0] gen  160  evals= 6560  best=0.0627
        [Trial 0] gen  180  evals= 7380  best=0.0626
        [Trial 0] gen  200  evals= 8200  best=0.0626
        [Trial 0] gen  220  evals= 9020  best=0.0626
        [Trial 0] gen  240  evals= 9840  best=0.0626
        [Trial 0] gen  260  evals=10660  best=0.0626
        [Done] Trial 0 best=0.0626

  Winner: Trial 0, loss=0.062601 (181s)
    Restarts run: 1
    mu: 18.339819
    D_mu: 1.313393
    T0_mu: 51.878561
    Ly: 1.213262
    op_x: 0.510156
    op_y: 0.984725
    NMSE: 0.172593
  [Saved] random_IR_0068

============================================================
[69/200] random_IR_0069.npz
  GT loss: 0.000000
  terrain_mean=0.064609  early_threshold=0.000614  (alpha=0.0095)
  tolfun=0.000336 tolfunhist=0.000336  (frac=0.0052 of range=0.0646)
    --> Trial 0 | pop=41 seed=95072 x0_norm_min=-0.951 x0_norm_max=0.812
        [Trial 0] gen   20  evals=  820  best=0.0397
        [Trial 0] gen   40  evals= 1640  best=0.0390
        [Trial 0] gen   60  evals= 2460  best=0.0382
        [Trial 0] gen   80  evals= 3280  best=0.0382
        [Trial 0] gen  100  evals= 4100  best=0.0382
        [Trial 0] gen  120  evals= 4920  best=0.0382
        [Trial 0] gen  140  evals= 5740  best=0.0382
        [Trial 0] gen  160  evals= 6560  best=0.0382
        [Trial 0] gen  180  evals= 7380  best=0.0381
        [Done] Trial 0 best=0.0380

  Winner: Trial 0, loss=0.038003 (184s)
    Restarts run: 1
    mu: 15.924593
    D_mu: 1.236865
    T0_mu: 46.301114
    Ly: 2.144422
    op_x: 0.586453
    op_y: 0.584165
    NMSE: 0.045407
  [Saved] random_IR_0069

============================================================
[70/200] random_IR_0070.npz
  GT loss: 0.000000
  terrain_mean=0.124434  early_threshold=0.001182  (alpha=0.0095)
  tolfun=0.000647 tolfunhist=0.000647  (frac=0.0052 of range=0.124)
    --> Trial 0 | pop=41 seed=95072 x0_norm_min=-0.951 x0_norm_max=0.812
        [Trial 0] gen   20  evals=  820  best=0.0663
        [Trial 0] gen   40  evals= 1640  best=0.0660
        [Trial 0] gen   60  evals= 2460  best=0.0653
        [Trial 0] gen   80  evals= 3280  best=0.0653
        [Trial 0] gen  100  evals= 4100  best=0.0623
        [Trial 0] gen  120  evals= 4920  best=0.0615
        [Trial 0] gen  140  evals= 5740  best=0.0615
        [Trial 0] gen  160  evals= 6560  best=0.0615
        [Trial 0] gen  180  evals= 7380  best=0.0604
        [Trial 0] gen  200  evals= 8200  best=0.0604
        [Trial 0] gen  220  evals= 9020  best=0.0604
        [Trial 0] gen  240  evals= 9840  best=0.0598
        [Trial 0] gen  260  evals=10660  best=0.0593
        [Done] Trial 0 best=0.0593

  Winner: Trial 0, loss=0.059269 (223s)
    Restarts run: 1
    mu: 29.248680
    D_mu: 4.113148
    T0_mu: 33.338939
    Ly: 3.582273
    op_x: 0.982097
    op_y: 0.727250
    NMSE: 0.037179
  [Saved] random_IR_0070

============================================================
[71/200] random_IR_0071.npz
  GT loss: 0.000000
  terrain_mean=0.064691  early_threshold=0.000615  (alpha=0.0095)
  tolfun=0.000336 tolfunhist=0.000336  (frac=0.0052 of range=0.0647)
    --> Trial 0 | pop=41 seed=95072 x0_norm_min=-0.951 x0_norm_max=0.812
        [Trial 0] gen   20  evals=  820  best=0.0404
        [Trial 0] gen   40  evals= 1640  best=0.0404
        [Trial 0] gen   60  evals= 2460  best=0.0399
        [Trial 0] gen   80  evals= 3280  best=0.0399
        [Trial 0] gen  100  evals= 4100  best=0.0399
        [Trial 0] gen  120  evals= 4920  best=0.0397
        [Trial 0] gen  140  evals= 5740  best=0.0397
        [Trial 0] gen  160  evals= 6560  best=0.0397
        [Trial 0] gen  180  evals= 7380  best=0.0397
        [Trial 0] gen  200  evals= 8200  best=0.0392
        [Trial 0] gen  220  evals= 9020  best=0.0388
        [Trial 0] gen  240  evals= 9840  best=0.0388
        [Trial 0] gen  260  evals=10660  best=0.0388
        [Trial 0] gen  280  evals=11480  best=0.0388
        [Trial 0] gen  300  evals=12300  best=0.0388
        [Done] Trial 0 best=0.0388

  Winner: Trial 0, loss=0.038751 (384s)
    Restarts run: 1
    mu: 19.413852
    D_mu: 0.634048
    T0_mu: 46.040362
    Ly: 1.898257
    op_x: 0.606567
    op_y: 0.603724
    NMSE: 0.017081
  [Saved] random_IR_0071

============================================================
[72/200] random_IR_0072.npz
  GT loss: 0.000000
  terrain_mean=0.066790  early_threshold=0.000635  (alpha=0.0095)
  tolfun=0.000347 tolfunhist=0.000347  (frac=0.0052 of range=0.0668)
    --> Trial 0 | pop=41 seed=95072 x0_norm_min=-0.951 x0_norm_max=0.812
        [Trial 0] gen   20  evals=  820  best=0.0399
        [Trial 0] gen   40  evals= 1640  best=0.0398
        [Trial 0] gen   60  evals= 2460  best=0.0397
        [Trial 0] gen   80  evals= 3280  best=0.0396
        [Trial 0] gen  100  evals= 4100  best=0.0396
        [Trial 0] gen  120  evals= 4920  best=0.0396
        [Trial 0] gen  140  evals= 5740  best=0.0394
        [Trial 0] gen  160  evals= 6560  best=0.0394
        [Trial 0] gen  180  evals= 7380  best=0.0394
        [Done] Trial 0 best=0.0393

  Winner: Trial 0, loss=0.039251 (328s)
    Restarts run: 1
    mu: 13.049839
    D_mu: 0.711709
    T0_mu: 27.421262
    Ly: 3.021359
    op_x: 0.717289
    op_y: 0.656749
    NMSE: 0.047266
  [Saved] random_IR_0072

============================================================
[73/200] random_IR_0073.npz
  GT loss: 0.000000
  terrain_mean=0.068813  early_threshold=0.000654  (alpha=0.0095)
  tolfun=0.000358 tolfunhist=0.000358  (frac=0.0052 of range=0.0688)
    --> Trial 0 | pop=41 seed=95072 x0_norm_min=-0.951 x0_norm_max=0.812
        [Trial 0] gen   20  evals=  820  best=0.0454
        [Trial 0] gen   40  evals= 1640  best=0.0449
        [Trial 0] gen   60  evals= 2460  best=0.0448
        [Trial 0] gen   80  evals= 3280  best=0.0448
        [Trial 0] gen  100  evals= 4100  best=0.0443
        [Trial 0] gen  120  evals= 4920  best=0.0433
        [Trial 0] gen  140  evals= 5740  best=0.0433
        [Trial 0] gen  160  evals= 6560  best=0.0433
        [Trial 0] gen  180  evals= 7380  best=0.0433
        [Trial 0] gen  200  evals= 8200  best=0.0433
        [Trial 0] gen  220  evals= 9020  best=0.0433
        [Done] Trial 0 best=0.0431

  Winner: Trial 0, loss=0.043050 (78s)
    Restarts run: 1
    mu: 8.653973
    D_mu: 8.657540
    T0_mu: 78.836221
    Ly: 1.747262
    op_x: 0.707777
    op_y: 0.510506
    NMSE: 0.017210
  [Saved] random_IR_0073

============================================================
[74/200] random_IR_0074.npz
  GT loss: 0.000000
  terrain_mean=0.067367  early_threshold=0.000640  (alpha=0.0095)
  tolfun=0.00035 tolfunhist=0.00035  (frac=0.0052 of range=0.0674)
    --> Trial 0 | pop=41 seed=95072 x0_norm_min=-0.951 x0_norm_max=0.812
        [Trial 0] gen   20  evals=  820  best=0.0404
        [Trial 0] gen   40  evals= 1640  best=0.0403
        [Trial 0] gen   60  evals= 2460  best=0.0403
        [Trial 0] gen   80  evals= 3280  best=0.0401
        [Trial 0] gen  100  evals= 4100  best=0.0396
        [Trial 0] gen  120  evals= 4920  best=0.0396
        [Trial 0] gen  140  evals= 5740  best=0.0385
        [Trial 0] gen  160  evals= 6560  best=0.0385
        [Trial 0] gen  180  evals= 7380  best=0.0383
        [Done] Trial 0 best=0.0383

  Winner: Trial 0, loss=0.038330 (238s)
    Restarts run: 1
    mu: 15.931644
    D_mu: 1.032215
    T0_mu: 57.628168
    Ly: 2.696603
    op_x: 0.639613
    op_y: 0.656001
    NMSE: 0.035676
  [Saved] random_IR_0074

============================================================
[75/200] random_IR_0075.npz
  GT loss: 0.000000
  terrain_mean=0.067572  early_threshold=0.000642  (alpha=0.0095)
  tolfun=0.000351 tolfunhist=0.000351  (frac=0.0052 of range=0.0676)
    --> Trial 0 | pop=41 seed=95072 x0_norm_min=-0.951 x0_norm_max=0.812
        [Trial 0] gen   20  evals=  820  best=0.0420
        [Trial 0] gen   40  evals= 1640  best=0.0420
        [Trial 0] gen   60  evals= 2460  best=0.0402
        [Trial 0] gen   80  evals= 3280  best=0.0402
        [Trial 0] gen  100  evals= 4100  best=0.0402
        [Trial 0] gen  120  evals= 4920  best=0.0402
        [Trial 0] gen  140  evals= 5740  best=0.0402
        [Trial 0] gen  160  evals= 6560  best=0.0402
        [Trial 0] gen  180  evals= 7380  best=0.0399
        [Done] Trial 0 best=0.0397

  Winner: Trial 0, loss=0.039742 (155s)
    Restarts run: 1
    mu: 6.870178
    D_mu: 3.926275
    T0_mu: 71.643721
    Ly: 3.327138
    op_x: 0.592141
    op_y: 0.609274
    NMSE: 0.072832
  [Saved] random_IR_0075

============================================================
[76/200] random_IR_0076.npz
  GT loss: 0.000000
  terrain_mean=0.064077  early_threshold=0.000609  (alpha=0.0095)
  tolfun=0.000333 tolfunhist=0.000333  (frac=0.0052 of range=0.0641)
    --> Trial 0 | pop=41 seed=95072 x0_norm_min=-0.951 x0_norm_max=0.812
        [Trial 0] gen   20  evals=  820  best=0.0436
        [Trial 0] gen   40  evals= 1640  best=0.0417
        [Trial 0] gen   60  evals= 2460  best=0.0417
        [Trial 0] gen   80  evals= 3280  best=0.0417
        [Trial 0] gen  100  evals= 4100  best=0.0417
        [Trial 0] gen  120  evals= 4920  best=0.0417
        [Trial 0] gen  140  evals= 5740  best=0.0417
        [Trial 0] gen  160  evals= 6560  best=0.0417
        [Trial 0] gen  180  evals= 7380  best=0.0417
        [Trial 0] gen  200  evals= 8200  best=0.0417
        [Trial 0] gen  220  evals= 9020  best=0.0413
        [Trial 0] gen  240  evals= 9840  best=0.0406
        [Done] Trial 0 best=0.0406

  Winner: Trial 0, loss=0.040641 (262s)
    Restarts run: 1
    mu: 7.446545
    D_mu: 1.708032
    T0_mu: 103.116017
    Ly: 2.247121
    op_x: 0.578756
    op_y: 0.597567
    NMSE: 0.010906
  [Saved] random_IR_0076

============================================================
[77/200] random_IR_0077.npz
  GT loss: 0.000000
  terrain_mean=0.067458  early_threshold=0.000641  (alpha=0.0095)
  tolfun=0.000351 tolfunhist=0.000351  (frac=0.0052 of range=0.0675)
    --> Trial 0 | pop=41 seed=95072 x0_norm_min=-0.951 x0_norm_max=0.812
        [Trial 0] gen   20  evals=  820  best=0.0493
        [Trial 0] gen   40  evals= 1640  best=0.0484
        [Trial 0] gen   60  evals= 2460  best=0.0484
        [Trial 0] gen   80  evals= 3280  best=0.0484
        [Trial 0] gen  100  evals= 4100  best=0.0481
        [Trial 0] gen  120  evals= 4920  best=0.0469
        [Trial 0] gen  140  evals= 5740  best=0.0466
        [Trial 0] gen  160  evals= 6560  best=0.0466
        [Trial 0] gen  180  evals= 7380  best=0.0451
        [Done] Trial 0 best=0.0450

  Winner: Trial 0, loss=0.044958 (77s)
    Restarts run: 1
    mu: 25.779992
    D_mu: 31.758028
    T0_mu: 35.392010
    Ly: 3.897164
    op_x: 0.839708
    op_y: 0.840870
    NMSE: 0.025175
  [Saved] random_IR_0077

============================================================
[78/200] random_IR_0078.npz
  GT loss: 0.000000
  terrain_mean=0.101949  early_threshold=0.000969  (alpha=0.0095)
  tolfun=0.00053 tolfunhist=0.00053  (frac=0.0052 of range=0.102)
    --> Trial 0 | pop=41 seed=95072 x0_norm_min=-0.951 x0_norm_max=0.812
        [Trial 0] gen   20  evals=  820  best=0.0637
        [Trial 0] gen   40  evals= 1640  best=0.0632
        [Trial 0] gen   60  evals= 2460  best=0.0607
        [Trial 0] gen   80  evals= 3280  best=0.0607
        [Trial 0] gen  100  evals= 4100  best=0.0600
        [Trial 0] gen  120  evals= 4920  best=0.0598
        [Trial 0] gen  140  evals= 5740  best=0.0598
        [Trial 0] gen  160  evals= 6560  best=0.0596
        [Trial 0] gen  180  evals= 7380  best=0.0592
        [Trial 0] gen  200  evals= 8200  best=0.0592
        [Trial 0] gen  220  evals= 9020  best=0.0590
        [Done] Trial 0 best=0.0590

  Winner: Trial 0, loss=0.059046 (151s)
    Restarts run: 1
    mu: 39.204956
    D_mu: 2.211038
    T0_mu: 4.778697
    Ly: 1.900963
    op_x: 0.974630
    op_y: 0.644083
    NMSE: 0.098118
  [Saved] random_IR_0078

============================================================
[79/200] random_IR_0079.npz
  GT loss: 0.000000
  terrain_mean=0.067879  early_threshold=0.000645  (alpha=0.0095)
  tolfun=0.000353 tolfunhist=0.000353  (frac=0.0052 of range=0.0679)
    --> Trial 0 | pop=41 seed=95072 x0_norm_min=-0.951 x0_norm_max=0.812
        [Trial 0] gen   20  evals=  820  best=0.0429
        [Trial 0] gen   40  evals= 1640  best=0.0429
        [Trial 0] gen   60  evals= 2460  best=0.0427
        [Trial 0] gen   80  evals= 3280  best=0.0422
        [Trial 0] gen  100  evals= 4100  best=0.0422
        [Trial 0] gen  120  evals= 4920  best=0.0420
        [Trial 0] gen  140  evals= 5740  best=0.0408
        [Done] Trial 0 best=0.0407

  Winner: Trial 0, loss=0.040742 (114s)
    Restarts run: 1
    mu: 8.623653
    D_mu: 1.334211
    T0_mu: 93.685940
    Ly: 2.013093
    op_x: 0.603766
    op_y: 0.537408
    NMSE: 0.074010
  [Saved] random_IR_0079

============================================================
[80/200] random_IR_0080.npz
  GT loss: 0.000000
  terrain_mean=0.069109  early_threshold=0.000657  (alpha=0.0095)
  tolfun=0.000359 tolfunhist=0.000359  (frac=0.0052 of range=0.0691)
    --> Trial 0 | pop=41 seed=95072 x0_norm_min=-0.951 x0_norm_max=0.812
        [Trial 0] gen   20  evals=  820  best=0.0489
        [Trial 0] gen   40  evals= 1640  best=0.0468
        [Trial 0] gen   60  evals= 2460  best=0.0468
        [Trial 0] gen   80  evals= 3280  best=0.0468
        [Trial 0] gen  100  evals= 4100  best=0.0465
        [Trial 0] gen  120  evals= 4920  best=0.0462
        [Trial 0] gen  140  evals= 5740  best=0.0452
        [Trial 0] gen  160  evals= 6560  best=0.0452
        [Trial 0] gen  180  evals= 7380  best=0.0448
        [Trial 0] gen  200  evals= 8200  best=0.0445
        [Trial 0] gen  220  evals= 9020  best=0.0443
        [Done] Trial 0 best=0.0443

  Winner: Trial 0, loss=0.044264 (214s)
    Restarts run: 1
    mu: 5.113842
    D_mu: 3.330247
    T0_mu: 191.397041
    Ly: 3.199124
    op_x: 0.872774
    op_y: 0.678724
    NMSE: 0.101190
  [Saved] random_IR_0080

============================================================
[81/200] random_IR_0081.npz
  GT loss: 0.000000
  terrain_mean=0.074786  early_threshold=0.000710  (alpha=0.0095)
  tolfun=0.000389 tolfunhist=0.000389  (frac=0.0052 of range=0.0748)
    --> Trial 0 | pop=41 seed=95072 x0_norm_min=-0.951 x0_norm_max=0.812
        [Trial 0] gen   20  evals=  820  best=0.0511
        [Trial 0] gen   40  evals= 1640  best=0.0511
        [Trial 0] gen   60  evals= 2460  best=0.0511
        [Trial 0] gen   80  evals= 3280  best=0.0505
        [Trial 0] gen  100  evals= 4100  best=0.0505
        [Trial 0] gen  120  evals= 4920  best=0.0498
        [Trial 0] gen  140  evals= 5740  best=0.0497
        [Trial 0] gen  160  evals= 6560  best=0.0485
        [Done] Trial 0 best=0.0485

  Winner: Trial 0, loss=0.048509 (110s)
    Restarts run: 1
    mu: 63.760895
    D_mu: 11.495254
    T0_mu: 10.280066
    Ly: 3.637783
    op_x: 0.918616
    op_y: 0.836232
    NMSE: 0.034649
  [Saved] random_IR_0081

============================================================
[82/200] random_IR_0082.npz
  GT loss: 0.000000
  terrain_mean=0.061656  early_threshold=0.000586  (alpha=0.0095)
  tolfun=0.000321 tolfunhist=0.000321  (frac=0.0052 of range=0.0617)
    --> Trial 0 | pop=41 seed=95072 x0_norm_min=-0.951 x0_norm_max=0.812
        [Trial 0] gen   20  evals=  820  best=0.0391
        [Trial 0] gen   40  evals= 1640  best=0.0388
        [Trial 0] gen   60  evals= 2460  best=0.0388
        [Trial 0] gen   80  evals= 3280  best=0.0381
        [Trial 0] gen  100  evals= 4100  best=0.0381
        [Trial 0] gen  120  evals= 4920  best=0.0381
        [Trial 0] gen  140  evals= 5740  best=0.0381
        [Trial 0] gen  160  evals= 6560  best=0.0381
        [Trial 0] gen  180  evals= 7380  best=0.0381
        [Trial 0] gen  200  evals= 8200  best=0.0377
        [Trial 0] gen  220  evals= 9020  best=0.0375
        [Trial 0] gen  240  evals= 9840  best=0.0373
        [Done] Trial 0 best=0.0373

  Winner: Trial 0, loss=0.037294 (204s)
    Restarts run: 1
    mu: 20.714229
    D_mu: 1.360437
    T0_mu: 44.318228
    Ly: 1.657205
    op_x: 0.702550
    op_y: 0.583654
    NMSE: 0.172108
  [Saved] random_IR_0082

============================================================
[83/200] random_IR_0083.npz
  GT loss: 0.000000
  terrain_mean=0.070465  early_threshold=0.000669  (alpha=0.0095)
  tolfun=0.000366 tolfunhist=0.000366  (frac=0.0052 of range=0.0705)
    --> Trial 0 | pop=41 seed=95072 x0_norm_min=-0.951 x0_norm_max=0.812
        [Trial 0] gen   20  evals=  820  best=0.0509
        [Trial 0] gen   40  evals= 1640  best=0.0502
        [Trial 0] gen   60  evals= 2460  best=0.0502
        [Trial 0] gen   80  evals= 3280  best=0.0484
        [Trial 0] gen  100  evals= 4100  best=0.0484
        [Trial 0] gen  120  evals= 4920  best=0.0484
        [Trial 0] gen  140  evals= 5740  best=0.0484
        [Trial 0] gen  160  evals= 6560  best=0.0482
        [Trial 0] gen  180  evals= 7380  best=0.0476
        [Trial 0] gen  200  evals= 8200  best=0.0475
        [Trial 0] gen  220  evals= 9020  best=0.0474
        [Trial 0] gen  240  evals= 9840  best=0.0468
        [Done] Trial 0 best=0.0467

  Winner: Trial 0, loss=0.046743 (310s)
    Restarts run: 1
    mu: 3.171119
    D_mu: 1.938299
    T0_mu: 314.452318
    Ly: 3.633653
    op_x: 0.510036
    op_y: 0.724139
    NMSE: 0.269478
  [Saved] random_IR_0083

============================================================
[84/200] random_IR_0084.npz
  GT loss: 0.000000
  terrain_mean=0.067569  early_threshold=0.000642  (alpha=0.0095)
  tolfun=0.000351 tolfunhist=0.000351  (frac=0.0052 of range=0.0676)
    --> Trial 0 | pop=41 seed=95072 x0_norm_min=-0.951 x0_norm_max=0.812
        [Trial 0] gen   20  evals=  820  best=0.0343
        [Trial 0] gen   40  evals= 1640  best=0.0336
        [Trial 0] gen   60  evals= 2460  best=0.0336
        [Trial 0] gen   80  evals= 3280  best=0.0336
        [Trial 0] gen  100  evals= 4100  best=0.0335
        [Trial 0] gen  120  evals= 4920  best=0.0326
        [Trial 0] gen  140  evals= 5740  best=0.0321
        [Trial 0] gen  160  evals= 6560  best=0.0321
        [Trial 0] gen  180  evals= 7380  best=0.0317
        [Done] Trial 0 best=0.0316

  Winner: Trial 0, loss=0.031553 (158s)
    Restarts run: 1
    mu: 37.939021
    D_mu: 1.736939
    T0_mu: 4.387344
    Ly: 2.008111
    op_x: 0.512199
    op_y: 0.525762
    NMSE: 0.020931
  [Saved] random_IR_0084

============================================================
[85/200] random_IR_0085.npz
  GT loss: 0.000000
  terrain_mean=0.069545  early_threshold=0.000661  (alpha=0.0095)
  tolfun=0.000362 tolfunhist=0.000362  (frac=0.0052 of range=0.0695)
    --> Trial 0 | pop=41 seed=95072 x0_norm_min=-0.951 x0_norm_max=0.812
        [Trial 0] gen   20  evals=  820  best=0.0427
        [Trial 0] gen   40  evals= 1640  best=0.0420
        [Trial 0] gen   60  evals= 2460  best=0.0420
        [Trial 0] gen   80  evals= 3280  best=0.0420
        [Trial 0] gen  100  evals= 4100  best=0.0420
        [Trial 0] gen  120  evals= 4920  best=0.0420
        [Trial 0] gen  140  evals= 5740  best=0.0420
        [Trial 0] gen  160  evals= 6560  best=0.0420
        [Trial 0] gen  180  evals= 7380  best=0.0416
        [Trial 0] gen  200  evals= 8200  best=0.0413
        [Trial 0] gen  220  evals= 9020  best=0.0413
        [Trial 0] gen  240  evals= 9840  best=0.0413
        [Trial 0] gen  260  evals=10660  best=0.0413
        [Trial 0] gen  280  evals=11480  best=0.0413
        [Trial 0] gen  300  evals=12300  best=0.0413
        [Trial 0] gen  320  evals=13120  best=0.0412
        [Trial 0] gen  340  evals=13940  best=0.0412
        [Trial 0] gen  360  evals=14760  best=0.0407
        [Trial 0] gen  380  evals=15580  best=0.0402
        [Done] Trial 0 best=0.0401

  Winner: Trial 0, loss=0.040071 (239s)
    Restarts run: 1
    mu: 22.009343
    D_mu: 1.067157
    T0_mu: 33.744976
    Ly: 1.158884
    op_x: 0.583015
    op_y: 0.511389
    NMSE: 0.111596
  [Saved] random_IR_0085

============================================================
[86/200] random_IR_0086.npz
  GT loss: 0.000000
  terrain_mean=0.062416  early_threshold=0.000593  (alpha=0.0095)
  tolfun=0.000325 tolfunhist=0.000325  (frac=0.0052 of range=0.0624)
    --> Trial 0 | pop=41 seed=95072 x0_norm_min=-0.951 x0_norm_max=0.812
        [Trial 0] gen   20  evals=  820  best=0.0404
        [Trial 0] gen   40  evals= 1640  best=0.0404
        [Trial 0] gen   60  evals= 2460  best=0.0383
        [Trial 0] gen   80  evals= 3280  best=0.0383
        [Trial 0] gen  100  evals= 4100  best=0.0376
        [Done] Trial 0 best=0.0373

  Winner: Trial 0, loss=0.037333 (139s)
    Restarts run: 1
    mu: 14.460294
    D_mu: 0.447610
    T0_mu: 41.451589
    Ly: 1.738090
    op_x: 0.532122
    op_y: 0.688379
    NMSE: 0.106112
  [Saved] random_IR_0086

============================================================
[87/200] random_IR_0087.npz
  GT loss: 0.000000
  terrain_mean=0.063848  early_threshold=0.000607  (alpha=0.0095)
  tolfun=0.000332 tolfunhist=0.000332  (frac=0.0052 of range=0.0638)
    --> Trial 0 | pop=41 seed=95072 x0_norm_min=-0.951 x0_norm_max=0.812
        [Trial 0] gen   20  evals=  820  best=0.0371
        [Trial 0] gen   40  evals= 1640  best=0.0368
        [Trial 0] gen   60  evals= 2460  best=0.0368
        [Trial 0] gen   80  evals= 3280  best=0.0355
        [Trial 0] gen  100  evals= 4100  best=0.0343
        [Trial 0] gen  120  evals= 4920  best=0.0341
        [Trial 0] gen  140  evals= 5740  best=0.0338
        [Trial 0] gen  160  evals= 6560  best=0.0335
        [Trial 0] gen  180  evals= 7380  best=0.0335
        [Trial 0] gen  200  evals= 8200  best=0.0334
        [Done] Trial 0 best=0.0332

  Winner: Trial 0, loss=0.033187 (349s)
    Restarts run: 1
    mu: 23.339328
    D_mu: 1.308190
    T0_mu: 39.014196
    Ly: 3.847832
    op_x: 0.667865
    op_y: 0.693078
    NMSE: 0.017654
  [Saved] random_IR_0087

============================================================
[88/200] random_IR_0088.npz
  GT loss: 0.000000
  terrain_mean=0.071034  early_threshold=0.000675  (alpha=0.0095)
  tolfun=0.000369 tolfunhist=0.000369  (frac=0.0052 of range=0.071)
    --> Trial 0 | pop=41 seed=95072 x0_norm_min=-0.951 x0_norm_max=0.812
        [Trial 0] gen   20  evals=  820  best=0.0355
        [Trial 0] gen   40  evals= 1640  best=0.0355
        [Trial 0] gen   60  evals= 2460  best=0.0355
        [Trial 0] gen   80  evals= 3280  best=0.0344
        [Trial 0] gen  100  evals= 4100  best=0.0344
        [Trial 0] gen  120  evals= 4920  best=0.0341
        [Trial 0] gen  140  evals= 5740  best=0.0340
        [Trial 0] gen  160  evals= 6560  best=0.0332
        [Trial 0] gen  180  evals= 7380  best=0.0332
        [Done] Trial 0 best=0.0332

  Winner: Trial 0, loss=0.033232 (268s)
    Restarts run: 1
    mu: 20.127388
    D_mu: 0.851266
    T0_mu: 21.078411
    Ly: 2.586235
    op_x: 0.596356
    op_y: 0.588803
    NMSE: 0.033069
  [Saved] random_IR_0088

============================================================
[89/200] random_IR_0089.npz
  GT loss: 0.000000
  terrain_mean=0.067282  early_threshold=0.000639  (alpha=0.0095)
  tolfun=0.00035 tolfunhist=0.00035  (frac=0.0052 of range=0.0673)
    --> Trial 0 | pop=41 seed=95072 x0_norm_min=-0.951 x0_norm_max=0.812
        [Trial 0] gen   20  evals=  820  best=0.0435
        [Trial 0] gen   40  evals= 1640  best=0.0422
        [Trial 0] gen   60  evals= 2460  best=0.0422
        [Trial 0] gen   80  evals= 3280  best=0.0422
        [Trial 0] gen  100  evals= 4100  best=0.0422
        [Trial 0] gen  120  evals= 4920  best=0.0422
        [Trial 0] gen  140  evals= 5740  best=0.0420
        [Trial 0] gen  160  evals= 6560  best=0.0416
        [Trial 0] gen  180  evals= 7380  best=0.0407
        [Trial 0] gen  200  evals= 8200  best=0.0404
        [Done] Trial 0 best=0.0404

  Winner: Trial 0, loss=0.040441 (164s)
    Restarts run: 1
    mu: 2.759760
    D_mu: 4.800600
    T0_mu: 269.114596
    Ly: 3.199233
    op_x: 0.587707
    op_y: 0.807525
    NMSE: 0.210231
  [Saved] random_IR_0089

============================================================
[90/200] random_IR_0090.npz
  GT loss: 0.000000
  terrain_mean=0.065900  early_threshold=0.000626  (alpha=0.0095)
  tolfun=0.000343 tolfunhist=0.000343  (frac=0.0052 of range=0.0659)
    --> Trial 0 | pop=41 seed=95072 x0_norm_min=-0.951 x0_norm_max=0.812
        [Trial 0] gen   20  evals=  820  best=0.0421
        [Trial 0] gen   40  evals= 1640  best=0.0418
        [Trial 0] gen   60  evals= 2460  best=0.0418
        [Trial 0] gen   80  evals= 3280  best=0.0418
        [Trial 0] gen  100  evals= 4100  best=0.0418
        [Trial 0] gen  120  evals= 4920  best=0.0418
        [Trial 0] gen  140  evals= 5740  best=0.0415
        [Trial 0] gen  160  evals= 6560  best=0.0415
        [Done] Trial 0 best=0.0415

  Winner: Trial 0, loss=0.041491 (132s)
    Restarts run: 1
    mu: 10.361753
    D_mu: 1.138291
    T0_mu: 80.023595
    Ly: 1.667833
    op_x: 0.628656
    op_y: 0.699651
    NMSE: 0.161480
  [Saved] random_IR_0090

============================================================
[91/200] random_IR_0091.npz
  GT loss: 0.000000
  terrain_mean=0.101026  early_threshold=0.000960  (alpha=0.0095)
  tolfun=0.000525 tolfunhist=0.000525  (frac=0.0052 of range=0.101)
    --> Trial 0 | pop=41 seed=95072 x0_norm_min=-0.951 x0_norm_max=0.812
        [Trial 0] gen   20  evals=  820  best=0.0627
        [Trial 0] gen   40  evals= 1640  best=0.0622
        [Trial 0] gen   60  evals= 2460  best=0.0598
        [Trial 0] gen   80  evals= 3280  best=0.0580
        [Trial 0] gen  100  evals= 4100  best=0.0578
        [Trial 0] gen  120  evals= 4920  best=0.0578
        [Trial 0] gen  140  evals= 5740  best=0.0571
        [Trial 0] gen  160  evals= 6560  best=0.0560
        [Trial 0] gen  180  evals= 7380  best=0.0560
        [Done] Trial 0 best=0.0560

  Winner: Trial 0, loss=0.055966 (91s)
    Restarts run: 1
    mu: 18.417330
    D_mu: 4.972460
    T0_mu: 18.226489
    Ly: 2.100418
    op_x: 0.975625
    op_y: 0.559625
    NMSE: 0.013839
  [Saved] random_IR_0091

============================================================
[92/200] random_IR_0092.npz
  GT loss: 0.000000
  terrain_mean=0.138992  early_threshold=0.001320  (alpha=0.0095)
  tolfun=0.000723 tolfunhist=0.000723  (frac=0.0052 of range=0.139)
    --> Trial 0 | pop=41 seed=95072 x0_norm_min=-0.951 x0_norm_max=0.812
        [Trial 0] gen   20  evals=  820  best=0.0730
        [Trial 0] gen   40  evals= 1640  best=0.0717
        [Trial 0] gen   60  evals= 2460  best=0.0701
        [Trial 0] gen   80  evals= 3280  best=0.0692
        [Trial 0] gen  100  evals= 4100  best=0.0692
        [Trial 0] gen  120  evals= 4920  best=0.0683
        [Trial 0] gen  140  evals= 5740  best=0.0683
        [Trial 0] gen  160  evals= 6560  best=0.0683
        [Trial 0] gen  180  evals= 7380  best=0.0683
        [Trial 0] gen  200  evals= 8200  best=0.0681
        [Trial 0] gen  220  evals= 9020  best=0.0679
        [Done] Trial 0 best=0.0679

  Winner: Trial 0, loss=0.067941 (136s)
    Restarts run: 1
    mu: 20.663705
    D_mu: 0.725197
    T0_mu: 9.255498
    Ly: 1.126829
    op_x: 0.513702
    op_y: 0.998984
    NMSE: 0.246536
  [Saved] random_IR_0092

============================================================
[93/200] random_IR_0093.npz
  GT loss: 0.000000
  terrain_mean=0.066843  early_threshold=0.000635  (alpha=0.0095)
  tolfun=0.000348 tolfunhist=0.000348  (frac=0.0052 of range=0.0668)
    --> Trial 0 | pop=41 seed=95072 x0_norm_min=-0.951 x0_norm_max=0.812
        [Trial 0] gen   20  evals=  820  best=0.0391
        [Trial 0] gen   40  evals= 1640  best=0.0386
        [Trial 0] gen   60  evals= 2460  best=0.0386
        [Trial 0] gen   80  evals= 3280  best=0.0380
        [Trial 0] gen  100  evals= 4100  best=0.0378
        [Trial 0] gen  120  evals= 4920  best=0.0377
        [Trial 0] gen  140  evals= 5740  best=0.0373
        [Done] Trial 0 best=0.0373

  Winner: Trial 0, loss=0.037308 (202s)
    Restarts run: 1
    mu: 24.990493
    D_mu: 0.720508
    T0_mu: 22.785131
    Ly: 2.566022
    op_x: 0.672275
    op_y: 0.636766
    NMSE: 0.021353
  [Saved] random_IR_0093

============================================================
[94/200] random_IR_0094.npz
  GT loss: 0.000000
  terrain_mean=0.072356  early_threshold=0.000687  (alpha=0.0095)
  tolfun=0.000376 tolfunhist=0.000376  (frac=0.0052 of range=0.0724)
    --> Trial 0 | pop=41 seed=95072 x0_norm_min=-0.951 x0_norm_max=0.812
        [Trial 0] gen   20  evals=  820  best=0.0351
        [Trial 0] gen   40  evals= 1640  best=0.0335
        [Trial 0] gen   60  evals= 2460  best=0.0335
        [Trial 0] gen   80  evals= 3280  best=0.0335
        [Trial 0] gen  100  evals= 4100  best=0.0335
        [Trial 0] gen  120  evals= 4920  best=0.0332
        [Trial 0] gen  140  evals= 5740  best=0.0332
        [Trial 0] gen  160  evals= 6560  best=0.0326
        [Trial 0] gen  180  evals= 7380  best=0.0324
        [Done] Trial 0 best=0.0322

  Winner: Trial 0, loss=0.032187 (368s)
    Restarts run: 1
    mu: 15.743543
    D_mu: 0.965001
    T0_mu: 10.563219
    Ly: 3.996983
    op_x: 0.739045
    op_y: 0.575869
    NMSE: 0.035907
  [Saved] random_IR_0094

============================================================
[95/200] random_IR_0095.npz
  GT loss: 0.000000
  terrain_mean=0.065540  early_threshold=0.000623  (alpha=0.0095)
  tolfun=0.000341 tolfunhist=0.000341  (frac=0.0052 of range=0.0655)
    --> Trial 0 | pop=41 seed=95072 x0_norm_min=-0.951 x0_norm_max=0.812
        [Trial 0] gen   20  evals=  820  best=0.0394
        [Trial 0] gen   40  evals= 1640  best=0.0394
        [Trial 0] gen   60  evals= 2460  best=0.0394
        [Trial 0] gen   80  evals= 3280  best=0.0391
        [Trial 0] gen  100  evals= 4100  best=0.0389
        [Trial 0] gen  120  evals= 4920  best=0.0389
        [Trial 0] gen  140  evals= 5740  best=0.0389
        [Trial 0] gen  160  evals= 6560  best=0.0389
        [Trial 0] gen  180  evals= 7380  best=0.0382
        [Trial 0] gen  200  evals= 8200  best=0.0382
        [Trial 0] gen  220  evals= 9020  best=0.0382
        [Trial 0] gen  240  evals= 9840  best=0.0382
        [Trial 0] gen  260  evals=10660  best=0.0382
        [Trial 0] gen  280  evals=11480  best=0.0382
        [Trial 0] gen  300  evals=12300  best=0.0382
        [Trial 0] gen  320  evals=13120  best=0.0379
        [Done] Trial 0 best=0.0377

  Winner: Trial 0, loss=0.037696 (299s)
    Restarts run: 1
    mu: 31.900162
    D_mu: 1.305062
    T0_mu: 29.072962
    Ly: 1.884012
    op_x: 0.729247
    op_y: 0.533690
    NMSE: 0.087471
  [Saved] random_IR_0095

============================================================
[96/200] random_IR_0096.npz
  GT loss: 0.000000
  terrain_mean=0.065180  early_threshold=0.000619  (alpha=0.0095)
  tolfun=0.000339 tolfunhist=0.000339  (frac=0.0052 of range=0.0652)
    --> Trial 0 | pop=41 seed=95072 x0_norm_min=-0.951 x0_norm_max=0.812
        [Trial 0] gen   20  evals=  820  best=0.0427
        [Trial 0] gen   40  evals= 1640  best=0.0421
        [Trial 0] gen   60  evals= 2460  best=0.0421
        [Trial 0] gen   80  evals= 3280  best=0.0421
        [Trial 0] gen  100  evals= 4100  best=0.0421
        [Trial 0] gen  120  evals= 4920  best=0.0421
        [Trial 0] gen  140  evals= 5740  best=0.0410
        [Trial 0] gen  160  evals= 6560  best=0.0410
        [Trial 0] gen  180  evals= 7380  best=0.0407
        [Trial 0] gen  200  evals= 8200  best=0.0405
        [Done] Trial 0 best=0.0402

  Winner: Trial 0, loss=0.040230 (318s)
    Restarts run: 1
    mu: 18.524931
    D_mu: 0.460678
    T0_mu: 45.249710
    Ly: 1.956562
    op_x: 0.641989
    op_y: 0.672688
    NMSE: 0.033059
  [Saved] random_IR_0096

============================================================
[97/200] random_IR_0097.npz
  GT loss: 0.000000
  terrain_mean=0.064990  early_threshold=0.000617  (alpha=0.0095)
  tolfun=0.000338 tolfunhist=0.000338  (frac=0.0052 of range=0.065)
    --> Trial 0 | pop=41 seed=95072 x0_norm_min=-0.951 x0_norm_max=0.812
        [Trial 0] gen   20  evals=  820  best=0.0382
        [Trial 0] gen   40  evals= 1640  best=0.0377
        [Trial 0] gen   60  evals= 2460  best=0.0374
        [Trial 0] gen   80  evals= 3280  best=0.0374
        [Trial 0] gen  100  evals= 4100  best=0.0374
        [Trial 0] gen  120  evals= 4920  best=0.0374
        [Trial 0] gen  140  evals= 5740  best=0.0372
        [Trial 0] gen  160  evals= 6560  best=0.0372
        [Trial 0] gen  180  evals= 7380  best=0.0368
        [Trial 0] gen  200  evals= 8200  best=0.0364
        [Trial 0] gen  220  evals= 9020  best=0.0364
        [Trial 0] gen  240  evals= 9840  best=0.0364
        [Done] Trial 0 best=0.0364

  Winner: Trial 0, loss=0.036373 (229s)
    Restarts run: 1
    mu: 16.369573
    D_mu: 1.384210
    T0_mu: 54.116643
    Ly: 2.069097
    op_x: 0.574581
    op_y: 0.549911
    NMSE: 0.040797
  [Saved] random_IR_0097

============================================================
[98/200] random_IR_0098.npz
  GT loss: 0.000000
  terrain_mean=0.069763  early_threshold=0.000663  (alpha=0.0095)
  tolfun=0.000363 tolfunhist=0.000363  (frac=0.0052 of range=0.0698)
    --> Trial 0 | pop=41 seed=95072 x0_norm_min=-0.951 x0_norm_max=0.812
        [Trial 0] gen   20  evals=  820  best=0.0456
        [Trial 0] gen   40  evals= 1640  best=0.0442
        [Trial 0] gen   60  evals= 2460  best=0.0442
        [Trial 0] gen   80  evals= 3280  best=0.0442
        [Trial 0] gen  100  evals= 4100  best=0.0442
        [Trial 0] gen  120  evals= 4920  best=0.0442
        [Trial 0] gen  140  evals= 5740  best=0.0442
        [Trial 0] gen  160  evals= 6560  best=0.0442
        [Trial 0] gen  180  evals= 7380  best=0.0440
        [Done] Trial 0 best=0.0439

  Winner: Trial 0, loss=0.043872 (238s)
    Restarts run: 1
    mu: 8.526367
    D_mu: 1.063989
    T0_mu: 86.778630
    Ly: 2.660291
    op_x: 0.561140
    op_y: 0.722574
    NMSE: 0.015231
  [Saved] random_IR_0098

============================================================
[99/200] random_IR_0099.npz
  GT loss: 0.000000
  terrain_mean=0.068557  early_threshold=0.000651  (alpha=0.0095)
  tolfun=0.000356 tolfunhist=0.000356  (frac=0.0052 of range=0.0686)
    --> Trial 0 | pop=41 seed=95072 x0_norm_min=-0.951 x0_norm_max=0.812
        [Trial 0] gen   20  evals=  820  best=0.0471
        [Trial 0] gen   40  evals= 1640  best=0.0442
        [Trial 0] gen   60  evals= 2460  best=0.0442
        [Trial 0] gen   80  evals= 3280  best=0.0442
        [Trial 0] gen  100  evals= 4100  best=0.0442
        [Trial 0] gen  120  evals= 4920  best=0.0441
        [Trial 0] gen  140  evals= 5740  best=0.0436
        [Done] Trial 0 best=0.0436

  Winner: Trial 0, loss=0.043609 (116s)
    Restarts run: 1
    mu: 23.712963
    D_mu: 8.775273
    T0_mu: 24.221035
    Ly: 3.729732
    op_x: 0.578931
    op_y: 0.691573
    NMSE: 0.023247
  [Saved] random_IR_0099

============================================================
[100/200] random_IR_0100.npz
  GT loss: 0.000000
  terrain_mean=0.066422  early_threshold=0.000631  (alpha=0.0095)
  tolfun=0.000345 tolfunhist=0.000345  (frac=0.0052 of range=0.0664)
    --> Trial 0 | pop=41 seed=95072 x0_norm_min=-0.951 x0_norm_max=0.812
        [Trial 0] gen   20  evals=  820  best=0.0458
        [Trial 0] gen   40  evals= 1640  best=0.0444
        [Trial 0] gen   60  evals= 2460  best=0.0443
        [Trial 0] gen   80  evals= 3280  best=0.0443
        [Trial 0] gen  100  evals= 4100  best=0.0441
        [Trial 0] gen  120  evals= 4920  best=0.0441
        [Trial 0] gen  140  evals= 5740  best=0.0441
        [Trial 0] gen  160  evals= 6560  best=0.0436
        [Trial 0] gen  180  evals= 7380  best=0.0431
        [Done] Trial 0 best=0.0431

  Winner: Trial 0, loss=0.043077 (345s)
    Restarts run: 1
    mu: 8.515152
    D_mu: 0.911033
    T0_mu: 117.168577
    Ly: 3.600630
    op_x: 0.585778
    op_y: 0.598396
    NMSE: 0.141397
  [Saved] random_IR_0100

============================================================
[101/200] random_IR_0101.npz
  GT loss: 0.000000
  terrain_mean=0.067273  early_threshold=0.000639  (alpha=0.0095)
  tolfun=0.00035 tolfunhist=0.00035  (frac=0.0052 of range=0.0673)
    --> Trial 0 | pop=41 seed=95072 x0_norm_min=-0.951 x0_norm_max=0.812
        [Trial 0] gen   20  evals=  820  best=0.0374
        [Trial 0] gen   40  evals= 1640  best=0.0374
        [Trial 0] gen   60  evals= 2460  best=0.0374
        [Trial 0] gen   80  evals= 3280  best=0.0374
        [Trial 0] gen  100  evals= 4100  best=0.0374
        [Trial 0] gen  120  evals= 4920  best=0.0374
        [Trial 0] gen  140  evals= 5740  best=0.0374
        [Trial 0] gen  160  evals= 6560  best=0.0374
        [Trial 0] gen  180  evals= 7380  best=0.0373
        [Trial 0] gen  200  evals= 8200  best=0.0369
        [Trial 0] gen  220  evals= 9020  best=0.0369
        [Done] Trial 0 best=0.0369

  Winner: Trial 0, loss=0.036885 (257s)
    Restarts run: 1
    mu: 32.764753
    D_mu: 0.985585
    T0_mu: 30.510778
    Ly: 2.264716
    op_x: 0.622100
    op_y: 0.530359
    NMSE: 0.021602
  [Saved] random_IR_0101

============================================================
[102/200] random_IR_0102.npz
  GT loss: 0.000000
  terrain_mean=0.070644  early_threshold=0.000671  (alpha=0.0095)
  tolfun=0.000367 tolfunhist=0.000367  (frac=0.0052 of range=0.0706)
    --> Trial 0 | pop=41 seed=95072 x0_norm_min=-0.951 x0_norm_max=0.812
        [Trial 0] gen   20  evals=  820  best=0.0500
        [Trial 0] gen   40  evals= 1640  best=0.0480
        [Trial 0] gen   60  evals= 2460  best=0.0472
        [Trial 0] gen   80  evals= 3280  best=0.0472
        [Trial 0] gen  100  evals= 4100  best=0.0472
        [Trial 0] gen  120  evals= 4920  best=0.0467
        [Trial 0] gen  140  evals= 5740  best=0.0467
        [Trial 0] gen  160  evals= 6560  best=0.0465
        [Trial 0] gen  180  evals= 7380  best=0.0465
        [Trial 0] gen  200  evals= 8200  best=0.0463
        [Trial 0] gen  220  evals= 9020  best=0.0462
        [Trial 0] gen  240  evals= 9840  best=0.0462
        [Done] Trial 0 best=0.0462

  Winner: Trial 0, loss=0.046159 (290s)
    Restarts run: 1
    mu: 3.691861
    D_mu: 1.974078
    T0_mu: 236.248257
    Ly: 3.291014
    op_x: 0.513899
    op_y: 0.632989
    NMSE: 0.196519
  [Saved] random_IR_0102

============================================================
[103/200] random_IR_0103.npz
  GT loss: 0.000000
  terrain_mean=0.068172  early_threshold=0.000648  (alpha=0.0095)
  tolfun=0.000354 tolfunhist=0.000354  (frac=0.0052 of range=0.0682)
    --> Trial 0 | pop=41 seed=95072 x0_norm_min=-0.951 x0_norm_max=0.812
        [Trial 0] gen   20  evals=  820  best=0.0459
        [Trial 0] gen   40  evals= 1640  best=0.0459
        [Trial 0] gen   60  evals= 2460  best=0.0459
        [Trial 0] gen   80  evals= 3280  best=0.0459
        [Trial 0] gen  100  evals= 4100  best=0.0459
        [Trial 0] gen  120  evals= 4920  best=0.0457
        [Trial 0] gen  140  evals= 5740  best=0.0457
        [Trial 0] gen  160  evals= 6560  best=0.0457
        [Trial 0] gen  180  evals= 7380  best=0.0456
        [Done] Trial 0 best=0.0456

  Winner: Trial 0, loss=0.045561 (221s)
    Restarts run: 1
    mu: 4.880665
    D_mu: 1.940988
    T0_mu: 161.442950
    Ly: 3.154663
    op_x: 0.553583
    op_y: 0.810309
    NMSE: 0.158978
  [Saved] random_IR_0103

============================================================
[104/200] random_IR_0104.npz
  GT loss: 0.000000
  terrain_mean=0.099213  early_threshold=0.000943  (alpha=0.0095)
  tolfun=0.000516 tolfunhist=0.000516  (frac=0.0052 of range=0.0992)
    --> Trial 0 | pop=41 seed=95072 x0_norm_min=-0.951 x0_norm_max=0.812
        [Trial 0] gen   20  evals=  820  best=0.0609
        [Trial 0] gen   40  evals= 1640  best=0.0585
        [Trial 0] gen   60  evals= 2460  best=0.0585
        [Trial 0] gen   80  evals= 3280  best=0.0585
        [Trial 0] gen  100  evals= 4100  best=0.0585
        [Trial 0] gen  120  evals= 4920  best=0.0576
        [Trial 0] gen  140  evals= 5740  best=0.0576
        [Trial 0] gen  160  evals= 6560  best=0.0575
        [Done] Trial 0 best=0.0571

  Winner: Trial 0, loss=0.057084 (89s)
    Restarts run: 1
    mu: 41.865023
    D_mu: 16.301514
    T0_mu: 23.775487
    Ly: 3.938001
    op_x: 0.947840
    op_y: 0.958234
    NMSE: 0.027110
  [Saved] random_IR_0104

============================================================
[105/200] random_IR_0105.npz
  GT loss: 0.000000
  terrain_mean=0.068057  early_threshold=0.000647  (alpha=0.0095)
  tolfun=0.000354 tolfunhist=0.000354  (frac=0.0052 of range=0.0681)
    --> Trial 0 | pop=41 seed=95072 x0_norm_min=-0.951 x0_norm_max=0.812
        [Trial 0] gen   20  evals=  820  best=0.0394
        [Trial 0] gen   40  evals= 1640  best=0.0380
        [Trial 0] gen   60  evals= 2460  best=0.0377
        [Trial 0] gen   80  evals= 3280  best=0.0377
        [Trial 0] gen  100  evals= 4100  best=0.0377
        [Trial 0] gen  120  evals= 4920  best=0.0374
        [Trial 0] gen  140  evals= 5740  best=0.0374
        [Trial 0] gen  160  evals= 6560  best=0.0374
        [Trial 0] gen  180  evals= 7380  best=0.0374
        [Trial 0] gen  200  evals= 8200  best=0.0372
        [Trial 0] gen  220  evals= 9020  best=0.0372
        [Trial 0] gen  240  evals= 9840  best=0.0372
        [Trial 0] gen  260  evals=10660  best=0.0372
        [TRIAL TIMEOUT] Trial 0 total >600s, stopping
        [Done] Trial 0 best=0.0372

  Winner: Trial 0, loss=0.037169 (601s)
    Restarts run: 1
    mu: 26.759431
    D_mu: 0.665140
    T0_mu: 4.932313
    Ly: 3.720577
    op_x: 0.594038
    op_y: 0.698656
    NMSE: 0.007467
  [Saved] random_IR_0105

============================================================
[106/200] random_IR_0106.npz
  GT loss: 0.000000
  terrain_mean=0.093236  early_threshold=0.000886  (alpha=0.0095)
  tolfun=0.000485 tolfunhist=0.000485  (frac=0.0052 of range=0.0932)
    --> Trial 0 | pop=41 seed=95072 x0_norm_min=-0.951 x0_norm_max=0.812
        [Trial 0] gen   20  evals=  820  best=0.0584
        [Trial 0] gen   40  evals= 1640  best=0.0584
        [Trial 0] gen   60  evals= 2460  best=0.0577
        [Trial 0] gen   80  evals= 3280  best=0.0564
        [Trial 0] gen  100  evals= 4100  best=0.0556
        [Trial 0] gen  120  evals= 4920  best=0.0553
        [Trial 0] gen  140  evals= 5740  best=0.0546
        [Trial 0] gen  160  evals= 6560  best=0.0544
        [Trial 0] gen  180  evals= 7380  best=0.0544
        [Trial 0] gen  200  evals= 8200  best=0.0544
        [Trial 0] gen  220  evals= 9020  best=0.0544
        [Trial 0] gen  240  evals= 9840  best=0.0544
        [Done] Trial 0 best=0.0544

  Winner: Trial 0, loss=0.054392 (173s)
    Restarts run: 1
    mu: 16.506619
    D_mu: 8.534518
    T0_mu: 51.282306
    Ly: 3.914182
    op_x: 0.956044
    op_y: 0.761330
    NMSE: 0.173797
  [Saved] random_IR_0106

============================================================
[107/200] random_IR_0107.npz
  GT loss: 0.000000
  terrain_mean=0.123232  early_threshold=0.001171  (alpha=0.0095)
  tolfun=0.000641 tolfunhist=0.000641  (frac=0.0052 of range=0.123)
    --> Trial 0 | pop=41 seed=95072 x0_norm_min=-0.951 x0_norm_max=0.812
        [Trial 0] gen   20  evals=  820  best=0.0753
        [Trial 0] gen   40  evals= 1640  best=0.0722
        [Trial 0] gen   60  evals= 2460  best=0.0722
        [Trial 0] gen   80  evals= 3280  best=0.0722
        [Trial 0] gen  100  evals= 4100  best=0.0722
        [Trial 0] gen  120  evals= 4920  best=0.0722
        [Trial 0] gen  140  evals= 5740  best=0.0709
        [Trial 0] gen  160  evals= 6560  best=0.0699
        [Trial 0] gen  180  evals= 7380  best=0.0699
        [Trial 0] gen  200  evals= 8200  best=0.0689
        [Done] Trial 0 best=0.0684

  Winner: Trial 0, loss=0.068381 (266s)
    Restarts run: 1
    mu: 26.554226
    D_mu: 1.441837
    T0_mu: 19.456265
    Ly: 3.405011
    op_x: 0.986062
    op_y: 0.700290
    NMSE: 0.182113
  [Saved] random_IR_0107

============================================================
[108/200] random_IR_0108.npz
  GT loss: 0.000000
  terrain_mean=0.066760  early_threshold=0.000634  (alpha=0.0095)
  tolfun=0.000347 tolfunhist=0.000347  (frac=0.0052 of range=0.0668)
    --> Trial 0 | pop=41 seed=95072 x0_norm_min=-0.951 x0_norm_max=0.812
        [Trial 0] gen   20  evals=  820  best=0.0369
        [Trial 0] gen   40  evals= 1640  best=0.0359
        [Trial 0] gen   60  evals= 2460  best=0.0359
        [Trial 0] gen   80  evals= 3280  best=0.0357
        [Trial 0] gen  100  evals= 4100  best=0.0357
        [Trial 0] gen  120  evals= 4920  best=0.0357
        [Trial 0] gen  140  evals= 5740  best=0.0356
        [Trial 0] gen  160  evals= 6560  best=0.0345
        [Done] Trial 0 best=0.0345

  Winner: Trial 0, loss=0.034480 (140s)
    Restarts run: 1
    mu: 14.375908
    D_mu: 0.789676
    T0_mu: 39.524579
    Ly: 1.360155
    op_x: 0.640999
    op_y: 0.752152
    NMSE: 0.067810
  [Saved] random_IR_0108

============================================================
[109/200] random_IR_0109.npz
  GT loss: 0.000000
  terrain_mean=0.068753  early_threshold=0.000653  (alpha=0.0095)
  tolfun=0.000358 tolfunhist=0.000358  (frac=0.0052 of range=0.0688)
    --> Trial 0 | pop=41 seed=95072 x0_norm_min=-0.951 x0_norm_max=0.812
        [Trial 0] gen   20  evals=  820  best=0.0408
        [Trial 0] gen   40  evals= 1640  best=0.0406
        [Trial 0] gen   60  evals= 2460  best=0.0400
        [Trial 0] gen   80  evals= 3280  best=0.0397
        [Trial 0] gen  100  evals= 4100  best=0.0394
        [Trial 0] gen  120  evals= 4920  best=0.0393
        [Trial 0] gen  140  evals= 5740  best=0.0386
        [Trial 0] gen  160  evals= 6560  best=0.0379
        [Done] Trial 0 best=0.0378

  Winner: Trial 0, loss=0.037775 (202s)
    Restarts run: 1
    mu: 21.320760
    D_mu: 0.723045
    T0_mu: 33.423711
    Ly: 2.038863
    op_x: 0.567373
    op_y: 0.693769
    NMSE: 0.023208
  [Saved] random_IR_0109

============================================================
[110/200] random_IR_0110.npz
  GT loss: 0.000000
  terrain_mean=0.122729  early_threshold=0.001166  (alpha=0.0095)
  tolfun=0.000638 tolfunhist=0.000638  (frac=0.0052 of range=0.123)
    --> Trial 0 | pop=41 seed=95072 x0_norm_min=-0.951 x0_norm_max=0.812
        [Trial 0] gen   20  evals=  820  best=0.0701
        [Trial 0] gen   40  evals= 1640  best=0.0673
        [Trial 0] gen   60  evals= 2460  best=0.0651
        [Trial 0] gen   80  evals= 3280  best=0.0651
        [Trial 0] gen  100  evals= 4100  best=0.0651
        [Trial 0] gen  120  evals= 4920  best=0.0644
        [Trial 0] gen  140  evals= 5740  best=0.0634
        [Trial 0] gen  160  evals= 6560  best=0.0625
        [Trial 0] gen  180  evals= 7380  best=0.0623
        [Trial 0] gen  200  evals= 8200  best=0.0623
        [Trial 0] gen  220  evals= 9020  best=0.0623
        [Trial 0] gen  240  evals= 9840  best=0.0623
        [Done] Trial 0 best=0.0623

  Winner: Trial 0, loss=0.062252 (150s)
    Restarts run: 1
    mu: 82.795753
    D_mu: 10.569278
    T0_mu: 0.469323
    Ly: 3.944695
    op_x: 0.982152
    op_y: 0.758459
    NMSE: 0.085343
  [Saved] random_IR_0110

============================================================
[111/200] random_IR_0111.npz
  GT loss: 0.000000
  terrain_mean=0.063808  early_threshold=0.000606  (alpha=0.0095)
  tolfun=0.000332 tolfunhist=0.000332  (frac=0.0052 of range=0.0638)
    --> Trial 0 | pop=41 seed=95072 x0_norm_min=-0.951 x0_norm_max=0.812
        [Trial 0] gen   20  evals=  820  best=0.0401
        [Trial 0] gen   40  evals= 1640  best=0.0399
        [Trial 0] gen   60  evals= 2460  best=0.0393
        [Trial 0] gen   80  evals= 3280  best=0.0393
        [Trial 0] gen  100  evals= 4100  best=0.0393
        [Trial 0] gen  120  evals= 4920  best=0.0392
        [Trial 0] gen  140  evals= 5740  best=0.0387
        [Trial 0] gen  160  evals= 6560  best=0.0387
        [Trial 0] gen  180  evals= 7380  best=0.0383
        [Trial 0] gen  200  evals= 8200  best=0.0380
        [Done] Trial 0 best=0.0380

  Winner: Trial 0, loss=0.038002 (217s)
    Restarts run: 1
    mu: 26.465639
    D_mu: 0.453318
    T0_mu: 32.873169
    Ly: 1.302326
    op_x: 0.527070
    op_y: 0.699039
    NMSE: 0.077684
  [Saved] random_IR_0111

============================================================
[112/200] random_IR_0112.npz
  GT loss: 0.000000
  terrain_mean=0.084667  early_threshold=0.000804  (alpha=0.0095)
  tolfun=0.00044 tolfunhist=0.00044  (frac=0.0052 of range=0.0847)
    --> Trial 0 | pop=41 seed=95072 x0_norm_min=-0.951 x0_norm_max=0.812
        [Trial 0] gen   20  evals=  820  best=0.0583
        [Trial 0] gen   40  evals= 1640  best=0.0581
        [Trial 0] gen   60  evals= 2460  best=0.0556
        [Trial 0] gen   80  evals= 3280  best=0.0556
        [Trial 0] gen  100  evals= 4100  best=0.0550
        [Trial 0] gen  120  evals= 4920  best=0.0550
        [Trial 0] gen  140  evals= 5740  best=0.0550
        [Trial 0] gen  160  evals= 6560  best=0.0542
        [Trial 0] gen  180  evals= 7380  best=0.0542
        [Trial 0] gen  200  evals= 8200  best=0.0542
        [Done] Trial 0 best=0.0542

  Winner: Trial 0, loss=0.054184 (102s)
    Restarts run: 1
    mu: 25.130585
    D_mu: 7.288927
    T0_mu: 38.777549
    Ly: 2.598010
    op_x: 0.745131
    op_y: 0.982411
    NMSE: 0.030171
  [Saved] random_IR_0112

============================================================
[113/200] random_IR_0113.npz
  GT loss: 0.000000
  terrain_mean=0.065412  early_threshold=0.000621  (alpha=0.0095)
  tolfun=0.00034 tolfunhist=0.00034  (frac=0.0052 of range=0.0654)
    --> Trial 0 | pop=41 seed=95072 x0_norm_min=-0.951 x0_norm_max=0.812
        [Trial 0] gen   20  evals=  820  best=0.0415
        [Trial 0] gen   40  evals= 1640  best=0.0410
        [Trial 0] gen   60  evals= 2460  best=0.0404
        [Trial 0] gen   80  evals= 3280  best=0.0404
        [Trial 0] gen  100  evals= 4100  best=0.0401
        [Trial 0] gen  120  evals= 4920  best=0.0401
        [Trial 0] gen  140  evals= 5740  best=0.0397
        [Trial 0] gen  160  evals= 6560  best=0.0397
        [Trial 0] gen  180  evals= 7380  best=0.0394
        [Trial 0] gen  200  evals= 8200  best=0.0392
        [Done] Trial 0 best=0.0391

  Winner: Trial 0, loss=0.039067 (174s)
    Restarts run: 1
    mu: 58.046126
    D_mu: 2.976349
    T0_mu: 15.031845
    Ly: 2.806273
    op_x: 0.519094
    op_y: 0.590531
    NMSE: 0.110644
  [Saved] random_IR_0113

============================================================
[114/200] random_IR_0114.npz
  GT loss: 0.000000
  terrain_mean=0.070664  early_threshold=0.000671  (alpha=0.0095)
  tolfun=0.000367 tolfunhist=0.000367  (frac=0.0052 of range=0.0707)
    --> Trial 0 | pop=41 seed=95072 x0_norm_min=-0.951 x0_norm_max=0.812
        [Trial 0] gen   20  evals=  820  best=0.0385
        [Trial 0] gen   40  evals= 1640  best=0.0385
        [Trial 0] gen   60  evals= 2460  best=0.0385
        [Trial 0] gen   80  evals= 3280  best=0.0385
        [Trial 0] gen  100  evals= 4100  best=0.0385
        [Trial 0] gen  120  evals= 4920  best=0.0385
        [Trial 0] gen  140  evals= 5740  best=0.0385
        [Trial 0] gen  160  evals= 6560  best=0.0385
        [Trial 0] gen  180  evals= 7380  best=0.0385
        [Trial 0] gen  200  evals= 8200  best=0.0381
        [Trial 0] gen  220  evals= 9020  best=0.0381
        [Trial 0] gen  240  evals= 9840  best=0.0381
        [Trial 0] gen  260  evals=10660  best=0.0381
        [Trial 0] gen  280  evals=11480  best=0.0381
        [Trial 0] gen  300  evals=12300  best=0.0380
        [Done] Trial 0 best=0.0380

  Winner: Trial 0, loss=0.037977 (405s)
    Restarts run: 1
    mu: 16.354305
    D_mu: 0.913246
    T0_mu: 5.231962
    Ly: 2.404071
    op_x: 0.571522
    op_y: 0.711457
    NMSE: 0.068983
  [Saved] random_IR_0114

============================================================
[115/200] random_IR_0115.npz
  GT loss: 0.000000
  terrain_mean=0.066863  early_threshold=0.000635  (alpha=0.0095)
  tolfun=0.000348 tolfunhist=0.000348  (frac=0.0052 of range=0.0669)
    --> Trial 0 | pop=41 seed=95072 x0_norm_min=-0.951 x0_norm_max=0.812
        [Trial 0] gen   20  evals=  820  best=0.0407
        [Trial 0] gen   40  evals= 1640  best=0.0407
        [Trial 0] gen   60  evals= 2460  best=0.0407
        [Trial 0] gen   80  evals= 3280  best=0.0407
        [Trial 0] gen  100  evals= 4100  best=0.0407
        [Trial 0] gen  120  evals= 4920  best=0.0403
        [Trial 0] gen  140  evals= 5740  best=0.0403
        [Trial 0] gen  160  evals= 6560  best=0.0395
        [Trial 0] gen  180  evals= 7380  best=0.0395
        [Trial 0] gen  200  evals= 8200  best=0.0395
        [Trial 0] gen  220  evals= 9020  best=0.0395
        [Trial 0] gen  240  evals= 9840  best=0.0395
        [Done] Trial 0 best=0.0393

  Winner: Trial 0, loss=0.039287 (385s)
    Restarts run: 1
    mu: 18.507652
    D_mu: 0.495458
    T0_mu: 43.665339
    Ly: 2.647414
    op_x: 0.687527
    op_y: 0.608904
    NMSE: 0.085731
  [Saved] random_IR_0115

============================================================
[116/200] random_IR_0116.npz
  GT loss: 0.000000
  terrain_mean=0.064512  early_threshold=0.000613  (alpha=0.0095)
  tolfun=0.000335 tolfunhist=0.000335  (frac=0.0052 of range=0.0645)
    --> Trial 0 | pop=41 seed=95072 x0_norm_min=-0.951 x0_norm_max=0.812
        [Trial 0] gen   20  evals=  820  best=0.0411
        [Trial 0] gen   40  evals= 1640  best=0.0411
        [Trial 0] gen   60  evals= 2460  best=0.0396
        [Trial 0] gen   80  evals= 3280  best=0.0396
        [Trial 0] gen  100  evals= 4100  best=0.0396
        [Trial 0] gen  120  evals= 4920  best=0.0396
        [Trial 0] gen  140  evals= 5740  best=0.0396
        [Trial 0] gen  160  evals= 6560  best=0.0396
        [Trial 0] gen  180  evals= 7380  best=0.0396
        [Trial 0] gen  200  evals= 8200  best=0.0393
        [Trial 0] gen  220  evals= 9020  best=0.0389
        [Done] Trial 0 best=0.0388

  Winner: Trial 0, loss=0.038845 (325s)
    Restarts run: 1
    mu: 11.903913
    D_mu: 0.984665
    T0_mu: 62.204138
    Ly: 2.839734
    op_x: 0.587703
    op_y: 0.751264
    NMSE: 0.118044
  [Saved] random_IR_0116

============================================================
[117/200] random_IR_0117.npz
  GT loss: 0.000000
  terrain_mean=0.069958  early_threshold=0.000665  (alpha=0.0095)
  tolfun=0.000364 tolfunhist=0.000364  (frac=0.0052 of range=0.07)
    --> Trial 0 | pop=41 seed=95072 x0_norm_min=-0.951 x0_norm_max=0.812
        [Trial 0] gen   20  evals=  820  best=0.0447
        [Trial 0] gen   40  evals= 1640  best=0.0440
        [Trial 0] gen   60  evals= 2460  best=0.0431
        [Trial 0] gen   80  evals= 3280  best=0.0429
        [Trial 0] gen  100  evals= 4100  best=0.0429
        [Trial 0] gen  120  evals= 4920  best=0.0427
        [Trial 0] gen  140  evals= 5740  best=0.0425
        [Trial 0] gen  160  evals= 6560  best=0.0419
        [Done] Trial 0 best=0.0416

  Winner: Trial 0, loss=0.041601 (323s)
    Restarts run: 1
    mu: 20.223988
    D_mu: 0.479023
    T0_mu: 46.721597
    Ly: 2.653231
    op_x: 0.625294
    op_y: 0.613216
    NMSE: 0.068275
  [Saved] random_IR_0117

============================================================
[118/200] random_IR_0118.npz
  GT loss: 0.000000
  terrain_mean=0.069946  early_threshold=0.000664  (alpha=0.0095)
  tolfun=0.000364 tolfunhist=0.000364  (frac=0.0052 of range=0.0699)
    --> Trial 0 | pop=41 seed=95072 x0_norm_min=-0.951 x0_norm_max=0.812
        [Trial 0] gen   20  evals=  820  best=0.0462
        [Trial 0] gen   40  evals= 1640  best=0.0462
        [Trial 0] gen   60  evals= 2460  best=0.0462
        [Trial 0] gen   80  evals= 3280  best=0.0462
        [Trial 0] gen  100  evals= 4100  best=0.0462
        [Trial 0] gen  120  evals= 4920  best=0.0461
        [Trial 0] gen  140  evals= 5740  best=0.0460
        [Trial 0] gen  160  evals= 6560  best=0.0460
        [Trial 0] gen  180  evals= 7380  best=0.0460
        [Trial 0] gen  200  evals= 8200  best=0.0460
        [Trial 0] gen  220  evals= 9020  best=0.0460
        [Done] Trial 0 best=0.0460

  Winner: Trial 0, loss=0.045990 (193s)
    Restarts run: 1
    mu: 3.013732
    D_mu: 7.886274
    T0_mu: 314.740375
    Ly: 3.996112
    op_x: 0.676646
    op_y: 0.858527
    NMSE: 0.157572
  [Saved] random_IR_0118

============================================================
[119/200] random_IR_0119.npz
  GT loss: 0.000000
  terrain_mean=0.073509  early_threshold=0.000698  (alpha=0.0095)
  tolfun=0.000382 tolfunhist=0.000382  (frac=0.0052 of range=0.0735)
    --> Trial 0 | pop=41 seed=95072 x0_norm_min=-0.951 x0_norm_max=0.812
        [Trial 0] gen   20  evals=  820  best=0.0500
        [Trial 0] gen   40  evals= 1640  best=0.0500
        [Trial 0] gen   60  evals= 2460  best=0.0500
        [Trial 0] gen   80  evals= 3280  best=0.0488
        [Trial 0] gen  100  evals= 4100  best=0.0483
        [Trial 0] gen  120  evals= 4920  best=0.0478
        [Trial 0] gen  140  evals= 5740  best=0.0475
        [Done] Trial 0 best=0.0475

  Winner: Trial 0, loss=0.047510 (78s)
    Restarts run: 1
    mu: 3.496807
    D_mu: 3.429588
    T0_mu: 273.279838
    Ly: 1.703179
    op_x: 0.537534
    op_y: 0.510101
    NMSE: 0.161540
  [Saved] random_IR_0119

============================================================
[120/200] random_IR_0120.npz
  GT loss: 0.000000
  terrain_mean=0.066078  early_threshold=0.000628  (alpha=0.0095)
  tolfun=0.000344 tolfunhist=0.000344  (frac=0.0052 of range=0.0661)
    --> Trial 0 | pop=41 seed=95072 x0_norm_min=-0.951 x0_norm_max=0.812
        [Trial 0] gen   20  evals=  820  best=0.0400
        [Trial 0] gen   40  evals= 1640  best=0.0382
        [Trial 0] gen   60  evals= 2460  best=0.0382
        [Trial 0] gen   80  evals= 3280  best=0.0382
        [Trial 0] gen  100  evals= 4100  best=0.0382
        [Trial 0] gen  120  evals= 4920  best=0.0382
        [Trial 0] gen  140  evals= 5740  best=0.0382
        [Trial 0] gen  160  evals= 6560  best=0.0382
        [Trial 0] gen  180  evals= 7380  best=0.0382
        [Trial 0] gen  200  evals= 8200  best=0.0382
        [Trial 0] gen  220  evals= 9020  best=0.0379
        [Done] Trial 0 best=0.0377

  Winner: Trial 0, loss=0.037691 (186s)
    Restarts run: 1
    mu: 4.241900
    D_mu: 10.192935
    T0_mu: 63.165304
    Ly: 3.890229
    op_x: 0.681412
    op_y: 0.828537
    NMSE: 0.119158
  [Saved] random_IR_0120

============================================================
[121/200] random_IR_0121.npz
  GT loss: 0.000000
  terrain_mean=0.066191  early_threshold=0.000629  (alpha=0.0095)
  tolfun=0.000344 tolfunhist=0.000344  (frac=0.0052 of range=0.0662)
    --> Trial 0 | pop=41 seed=95072 x0_norm_min=-0.951 x0_norm_max=0.812
        [Trial 0] gen   20  evals=  820  best=0.0468
        [Trial 0] gen   40  evals= 1640  best=0.0468
        [Trial 0] gen   60  evals= 2460  best=0.0448
        [Trial 0] gen   80  evals= 3280  best=0.0436
        [Trial 0] gen  100  evals= 4100  best=0.0436
        [Trial 0] gen  120  evals= 4920  best=0.0436
        [Trial 0] gen  140  evals= 5740  best=0.0436
        [Trial 0] gen  160  evals= 6560  best=0.0436
        [Trial 0] gen  180  evals= 7380  best=0.0436
        [Trial 0] gen  200  evals= 8200  best=0.0435
        [Trial 0] gen  220  evals= 9020  best=0.0435
        [Trial 0] gen  240  evals= 9840  best=0.0434
        [Done] Trial 0 best=0.0433

  Winner: Trial 0, loss=0.043302 (343s)
    Restarts run: 1
    mu: 13.521331
    D_mu: 2.060117
    T0_mu: 39.006122
    Ly: 3.974201
    op_x: 0.880797
    op_y: 0.767325
    NMSE: 0.070066
  [Saved] random_IR_0121

============================================================
[122/200] random_IR_0122.npz
  GT loss: 0.000000
  terrain_mean=0.064735  early_threshold=0.000615  (alpha=0.0095)
  tolfun=0.000337 tolfunhist=0.000337  (frac=0.0052 of range=0.0647)
    --> Trial 0 | pop=41 seed=95072 x0_norm_min=-0.951 x0_norm_max=0.812
        [Trial 0] gen   20  evals=  820  best=0.0395
        [Trial 0] gen   40  evals= 1640  best=0.0391
        [Trial 0] gen   60  evals= 2460  best=0.0388
        [Trial 0] gen   80  evals= 3280  best=0.0388
        [Trial 0] gen  100  evals= 4100  best=0.0388
        [Trial 0] gen  120  evals= 4920  best=0.0387
        [Trial 0] gen  140  evals= 5740  best=0.0387
        [Trial 0] gen  160  evals= 6560  best=0.0387
        [Trial 0] gen  180  evals= 7380  best=0.0384
        [Trial 0] gen  200  evals= 8200  best=0.0384
        [Trial 0] gen  220  evals= 9020  best=0.0384
        [Trial 0] gen  240  evals= 9840  best=0.0384
        [Done] Trial 0 best=0.0384

  Winner: Trial 0, loss=0.038436 (167s)
    Restarts run: 1
    mu: 31.552014
    D_mu: 1.192026
    T0_mu: 31.664790
    Ly: 1.100141
    op_x: 0.664116
    op_y: 0.594857
    NMSE: 0.093719
  [Saved] random_IR_0122

============================================================
[123/200] random_IR_0123.npz
  GT loss: 0.000000
  terrain_mean=0.069803  early_threshold=0.000663  (alpha=0.0095)
  tolfun=0.000363 tolfunhist=0.000363  (frac=0.0052 of range=0.0698)
    --> Trial 0 | pop=41 seed=95072 x0_norm_min=-0.951 x0_norm_max=0.812
        [Trial 0] gen   20  evals=  820  best=0.0481
        [Trial 0] gen   40  evals= 1640  best=0.0471
        [Trial 0] gen   60  evals= 2460  best=0.0466
        [Trial 0] gen   80  evals= 3280  best=0.0466
        [Trial 0] gen  100  evals= 4100  best=0.0455
        [Trial 0] gen  120  evals= 4920  best=0.0453
        [Trial 0] gen  140  evals= 5740  best=0.0431
        [Trial 0] gen  160  evals= 6560  best=0.0429
        [Trial 0] gen  180  evals= 7380  best=0.0427
        [Done] Trial 0 best=0.0427

  Winner: Trial 0, loss=0.042734 (138s)
    Restarts run: 1
    mu: 4.901193
    D_mu: 11.563428
    T0_mu: 154.814777
    Ly: 3.931024
    op_x: 0.684198
    op_y: 0.948973
    NMSE: 0.047213
  [Saved] random_IR_0123

============================================================
[124/200] random_IR_0124.npz
  GT loss: 0.000000
  terrain_mean=0.067561  early_threshold=0.000642  (alpha=0.0095)
  tolfun=0.000351 tolfunhist=0.000351  (frac=0.0052 of range=0.0676)
    --> Trial 0 | pop=41 seed=95072 x0_norm_min=-0.951 x0_norm_max=0.812
        [Trial 0] gen   20  evals=  820  best=0.0383
        [Trial 0] gen   40  evals= 1640  best=0.0372
        [Trial 0] gen   60  evals= 2460  best=0.0372
        [Trial 0] gen   80  evals= 3280  best=0.0369
        [Trial 0] gen  100  evals= 4100  best=0.0369
        [Trial 0] gen  120  evals= 4920  best=0.0369
        [Trial 0] gen  140  evals= 5740  best=0.0369
        [Trial 0] gen  160  evals= 6560  best=0.0369
        [Trial 0] gen  180  evals= 7380  best=0.0369
        [Trial 0] gen  200  evals= 8200  best=0.0364
        [Trial 0] gen  220  evals= 9020  best=0.0360
        [Trial 0] gen  240  evals= 9840  best=0.0355
        [Trial 0] gen  260  evals=10660  best=0.0350
        [Done] Trial 0 best=0.0348

  Winner: Trial 0, loss=0.034841 (359s)
    Restarts run: 1
    mu: 27.072263
    D_mu: 0.792101
    T0_mu: 19.486628
    Ly: 2.282236
    op_x: 0.558417
    op_y: 0.616490
    NMSE: 0.045234
  [Saved] random_IR_0124

============================================================
[125/200] random_IR_0125.npz
  GT loss: 0.000000
  terrain_mean=0.064567  early_threshold=0.000613  (alpha=0.0095)
  tolfun=0.000336 tolfunhist=0.000336  (frac=0.0052 of range=0.0646)
    --> Trial 0 | pop=41 seed=95072 x0_norm_min=-0.951 x0_norm_max=0.812
        [Trial 0] gen   20  evals=  820  best=0.0416
        [Trial 0] gen   40  evals= 1640  best=0.0416
        [Trial 0] gen   60  evals= 2460  best=0.0411
        [Trial 0] gen   80  evals= 3280  best=0.0411
        [Trial 0] gen  100  evals= 4100  best=0.0411
        [Trial 0] gen  120  evals= 4920  best=0.0411
        [Trial 0] gen  140  evals= 5740  best=0.0411
        [Trial 0] gen  160  evals= 6560  best=0.0411
        [Trial 0] gen  180  evals= 7380  best=0.0411
        [Trial 0] gen  200  evals= 8200  best=0.0410
        [Trial 0] gen  220  evals= 9020  best=0.0406
        [Done] Trial 0 best=0.0405

  Winner: Trial 0, loss=0.040546 (234s)
    Restarts run: 1
    mu: 12.851305
    D_mu: 1.113260
    T0_mu: 62.536096
    Ly: 1.824735
    op_x: 0.559192
    op_y: 0.680419
    NMSE: 0.075377
  [Saved] random_IR_0125

============================================================
[126/200] random_IR_0126.npz
  GT loss: 0.000000
  terrain_mean=0.066454  early_threshold=0.000631  (alpha=0.0095)
  tolfun=0.000346 tolfunhist=0.000346  (frac=0.0052 of range=0.0665)
    --> Trial 0 | pop=41 seed=95072 x0_norm_min=-0.951 x0_norm_max=0.812
        [Trial 0] gen   20  evals=  820  best=0.0422
        [Trial 0] gen   40  evals= 1640  best=0.0418
        [Trial 0] gen   60  evals= 2460  best=0.0411
        [Trial 0] gen   80  evals= 3280  best=0.0408
        [Trial 0] gen  100  evals= 4100  best=0.0404
        [Trial 0] gen  120  evals= 4920  best=0.0399
        [Trial 0] gen  140  evals= 5740  best=0.0395
        [Trial 0] gen  160  evals= 6560  best=0.0392
        [Done] Trial 0 best=0.0391

  Winner: Trial 0, loss=0.039111 (221s)
    Restarts run: 1
    mu: 16.217737
    D_mu: 0.500676
    T0_mu: 37.158012
    Ly: 1.890680
    op_x: 0.619595
    op_y: 0.591392
    NMSE: 0.072668
  [Saved] random_IR_0126

============================================================
[127/200] random_IR_0127.npz
  GT loss: 0.000000
  terrain_mean=0.066411  early_threshold=0.000631  (alpha=0.0095)
  tolfun=0.000345 tolfunhist=0.000345  (frac=0.0052 of range=0.0664)
    --> Trial 0 | pop=41 seed=95072 x0_norm_min=-0.951 x0_norm_max=0.812
        [Trial 0] gen   20  evals=  820  best=0.0490
        [Trial 0] gen   40  evals= 1640  best=0.0490
        [Trial 0] gen   60  evals= 2460  best=0.0484
        [Trial 0] gen   80  evals= 3280  best=0.0477
        [Trial 0] gen  100  evals= 4100  best=0.0471
        [Trial 0] gen  120  evals= 4920  best=0.0470
        [Trial 0] gen  140  evals= 5740  best=0.0470
        [Trial 0] gen  160  evals= 6560  best=0.0470
        [Trial 0] gen  180  evals= 7380  best=0.0470
        [Trial 0] gen  200  evals= 8200  best=0.0468
        [Trial 0] gen  220  evals= 9020  best=0.0467
        [Done] Trial 0 best=0.0467

  Winner: Trial 0, loss=0.046729 (282s)
    Restarts run: 1
    mu: 7.668287
    D_mu: 2.215371
    T0_mu: 115.805007
    Ly: 3.565458
    op_x: 0.798744
    op_y: 0.720899
    NMSE: 0.055098
  [Saved] random_IR_0127

============================================================
[128/200] random_IR_0128.npz
  GT loss: 0.000000
  terrain_mean=0.063953  early_threshold=0.000608  (alpha=0.0095)
  tolfun=0.000333 tolfunhist=0.000333  (frac=0.0052 of range=0.064)
    --> Trial 0 | pop=41 seed=95072 x0_norm_min=-0.951 x0_norm_max=0.812
        [Trial 0] gen   20  evals=  820  best=0.0420
        [Trial 0] gen   40  evals= 1640  best=0.0415
        [Trial 0] gen   60  evals= 2460  best=0.0415
        [Trial 0] gen   80  evals= 3280  best=0.0415
        [Trial 0] gen  100  evals= 4100  best=0.0414
        [Trial 0] gen  120  evals= 4920  best=0.0413
        [Trial 0] gen  140  evals= 5740  best=0.0413
        [Trial 0] gen  160  evals= 6560  best=0.0413
        [Trial 0] gen  180  evals= 7380  best=0.0412
        [Done] Trial 0 best=0.0411

  Winner: Trial 0, loss=0.041121 (154s)
    Restarts run: 1
    mu: 7.418701
    D_mu: 2.299223
    T0_mu: 83.183991
    Ly: 2.041588
    op_x: 0.581674
    op_y: 0.609830
    NMSE: 0.113423
  [Saved] random_IR_0128

============================================================
[129/200] random_IR_0129.npz
  GT loss: 0.000000
  terrain_mean=0.066720  early_threshold=0.000634  (alpha=0.0095)
  tolfun=0.000347 tolfunhist=0.000347  (frac=0.0052 of range=0.0667)
    --> Trial 0 | pop=41 seed=95072 x0_norm_min=-0.951 x0_norm_max=0.812
        [Trial 0] gen   20  evals=  820  best=0.0418
        [Trial 0] gen   40  evals= 1640  best=0.0405
        [Trial 0] gen   60  evals= 2460  best=0.0405
        [Trial 0] gen   80  evals= 3280  best=0.0405
        [Trial 0] gen  100  evals= 4100  best=0.0404
        [Trial 0] gen  120  evals= 4920  best=0.0401
        [Trial 0] gen  140  evals= 5740  best=0.0401
        [Done] Trial 0 best=0.0401

  Winner: Trial 0, loss=0.040085 (178s)
    Restarts run: 1
    mu: 20.667981
    D_mu: 0.503572
    T0_mu: 43.891269
    Ly: 1.549049
    op_x: 0.601559
    op_y: 0.587299
    NMSE: 0.095645
  [Saved] random_IR_0129

============================================================
[130/200] random_IR_0130.npz
  GT loss: 0.000000
  terrain_mean=0.071323  early_threshold=0.000678  (alpha=0.0095)
  tolfun=0.000371 tolfunhist=0.000371  (frac=0.0052 of range=0.0713)
    --> Trial 0 | pop=41 seed=95072 x0_norm_min=-0.951 x0_norm_max=0.812
        [Trial 0] gen   20  evals=  820  best=0.0480
        [Trial 0] gen   40  evals= 1640  best=0.0475
        [Trial 0] gen   60  evals= 2460  best=0.0475
        [Trial 0] gen   80  evals= 3280  best=0.0475
        [Trial 0] gen  100  evals= 4100  best=0.0463
        [Trial 0] gen  120  evals= 4920  best=0.0463
        [Trial 0] gen  140  evals= 5740  best=0.0460
        [Trial 0] gen  160  evals= 6560  best=0.0460
        [Trial 0] gen  180  evals= 7380  best=0.0460
        [Trial 0] gen  200  evals= 8200  best=0.0460
        [Trial 0] gen  220  evals= 9020  best=0.0460
        [Trial 0] gen  240  evals= 9840  best=0.0460
        [Trial 0] gen  260  evals=10660  best=0.0460
        [Done] Trial 0 best=0.0460

  Winner: Trial 0, loss=0.046023 (201s)
    Restarts run: 1
    mu: 39.502388
    D_mu: 4.859661
    T0_mu: 22.950890
    Ly: 3.043116
    op_x: 0.692362
    op_y: 0.583129
    NMSE: 0.081247
  [Saved] random_IR_0130

============================================================
[131/200] random_IR_0131.npz
  GT loss: 0.000000
  terrain_mean=0.067445  early_threshold=0.000641  (alpha=0.0095)
  tolfun=0.000351 tolfunhist=0.000351  (frac=0.0052 of range=0.0674)
    --> Trial 0 | pop=41 seed=95072 x0_norm_min=-0.951 x0_norm_max=0.812
        [Trial 0] gen   20  evals=  820  best=0.0427
        [Trial 0] gen   40  evals= 1640  best=0.0426
        [Trial 0] gen   60  evals= 2460  best=0.0417
        [Trial 0] gen   80  evals= 3280  best=0.0410
        [Trial 0] gen  100  evals= 4100  best=0.0410
        [Trial 0] gen  120  evals= 4920  best=0.0409
        [Trial 0] gen  140  evals= 5740  best=0.0405
        [Trial 0] gen  160  evals= 6560  best=0.0405
        [Trial 0] gen  180  evals= 7380  best=0.0405
        [Trial 0] gen  200  evals= 8200  best=0.0405
        [Trial 0] gen  220  evals= 9020  best=0.0405
        [Done] Trial 0 best=0.0405

  Winner: Trial 0, loss=0.040483 (314s)
    Restarts run: 1
    mu: 16.330296
    D_mu: 0.433955
    T0_mu: 45.759176
    Ly: 1.897304
    op_x: 0.557139
    op_y: 0.693020
    NMSE: 0.123997
  [Saved] random_IR_0131

============================================================
[132/200] random_IR_0132.npz
  GT loss: 0.000000
  terrain_mean=0.068598  early_threshold=0.000652  (alpha=0.0095)
  tolfun=0.000357 tolfunhist=0.000357  (frac=0.0052 of range=0.0686)
    --> Trial 0 | pop=41 seed=95072 x0_norm_min=-0.951 x0_norm_max=0.812
        [Trial 0] gen   20  evals=  820  best=0.0478
        [Trial 0] gen   40  evals= 1640  best=0.0478
        [Trial 0] gen   60  evals= 2460  best=0.0474
        [Trial 0] gen   80  evals= 3280  best=0.0459
        [Trial 0] gen  100  evals= 4100  best=0.0459
        [Trial 0] gen  120  evals= 4920  best=0.0459
        [Trial 0] gen  140  evals= 5740  best=0.0456
        [Trial 0] gen  160  evals= 6560  best=0.0450
        [Trial 0] gen  180  evals= 7380  best=0.0450
        [Trial 0] gen  200  evals= 8200  best=0.0450
        [Trial 0] gen  220  evals= 9020  best=0.0450
        [Trial 0] gen  240  evals= 9840  best=0.0450
        [Done] Trial 0 best=0.0450

  Winner: Trial 0, loss=0.044971 (232s)
    Restarts run: 1
    mu: 2.691509
    D_mu: 4.642139
    T0_mu: 361.906463
    Ly: 3.826229
    op_x: 0.809293
    op_y: 0.768667
    NMSE: 0.261108
  [Saved] random_IR_0132

============================================================
[133/200] random_IR_0133.npz
  GT loss: 0.000000
  terrain_mean=0.077256  early_threshold=0.000734  (alpha=0.0095)
  tolfun=0.000402 tolfunhist=0.000402  (frac=0.0052 of range=0.0773)
    --> Trial 0 | pop=41 seed=95072 x0_norm_min=-0.951 x0_norm_max=0.812
        [Trial 0] gen   20  evals=  820  best=0.0576
        [Trial 0] gen   40  evals= 1640  best=0.0550
        [Trial 0] gen   60  evals= 2460  best=0.0545
        [Trial 0] gen   80  evals= 3280  best=0.0545
        [Trial 0] gen  100  evals= 4100  best=0.0533
        [Trial 0] gen  120  evals= 4920  best=0.0533
        [Trial 0] gen  140  evals= 5740  best=0.0533
        [Trial 0] gen  160  evals= 6560  best=0.0533
        [Trial 0] gen  180  evals= 7380  best=0.0533
        [Trial 0] gen  200  evals= 8200  best=0.0533
        [Trial 0] gen  220  evals= 9020  best=0.0533
        [Trial 0] gen  240  evals= 9840  best=0.0526
        [Done] Trial 0 best=0.0526

  Winner: Trial 0, loss=0.052635 (146s)
    Restarts run: 1
    mu: 3.655960
    D_mu: 13.120969
    T0_mu: 258.403344
    Ly: 3.992248
    op_x: 0.668403
    op_y: 0.967617
    NMSE: 0.106552
  [Saved] random_IR_0133

============================================================
[134/200] random_IR_0134.npz
  GT loss: 0.000000
  terrain_mean=0.067617  early_threshold=0.000642  (alpha=0.0095)
  tolfun=0.000352 tolfunhist=0.000352  (frac=0.0052 of range=0.0676)
    --> Trial 0 | pop=41 seed=95072 x0_norm_min=-0.951 x0_norm_max=0.812
        [Trial 0] gen   20  evals=  820  best=0.0379
        [Trial 0] gen   40  evals= 1640  best=0.0370
        [Trial 0] gen   60  evals= 2460  best=0.0369
        [Trial 0] gen   80  evals= 3280  best=0.0369
        [Trial 0] gen  100  evals= 4100  best=0.0357
        [Trial 0] gen  120  evals= 4920  best=0.0357
        [Trial 0] gen  140  evals= 5740  best=0.0357
        [Trial 0] gen  160  evals= 6560  best=0.0357
        [Trial 0] gen  180  evals= 7380  best=0.0357
        [Trial 0] gen  200  evals= 8200  best=0.0357
        [Trial 0] gen  220  evals= 9020  best=0.0357
        [Trial 0] gen  240  evals= 9840  best=0.0357
        [Trial 0] gen  260  evals=10660  best=0.0357
        [Trial 0] gen  280  evals=11480  best=0.0357
        [Trial 0] gen  300  evals=12300  best=0.0357
        [Trial 0] gen  320  evals=13120  best=0.0357
        [Trial 0] gen  340  evals=13940  best=0.0357
        [Trial 0] gen  360  evals=14760  best=0.0357
        [Trial 0] gen  380  evals=15580  best=0.0357
        [Trial 0] gen  400  evals=16400  best=0.0354
        [Done] Trial 0 best=0.0354

  Winner: Trial 0, loss=0.035399 (359s)
    Restarts run: 1
    mu: 20.337704
    D_mu: 0.737652
    T0_mu: 18.968887
    Ly: 1.431182
    op_x: 0.630065
    op_y: 0.555668
    NMSE: 0.002922
  [Saved] random_IR_0134

============================================================
[135/200] random_IR_0135.npz
  GT loss: 0.000000
  terrain_mean=0.069951  early_threshold=0.000665  (alpha=0.0095)
  tolfun=0.000364 tolfunhist=0.000364  (frac=0.0052 of range=0.07)
    --> Trial 0 | pop=41 seed=95072 x0_norm_min=-0.951 x0_norm_max=0.812
        [Trial 0] gen   20  evals=  820  best=0.0465
        [Trial 0] gen   40  evals= 1640  best=0.0465
        [Trial 0] gen   60  evals= 2460  best=0.0455
        [Trial 0] gen   80  evals= 3280  best=0.0455
        [Trial 0] gen  100  evals= 4100  best=0.0451
        [Trial 0] gen  120  evals= 4920  best=0.0447
        [Trial 0] gen  140  evals= 5740  best=0.0447
        [Trial 0] gen  160  evals= 6560  best=0.0447
        [Trial 0] gen  180  evals= 7380  best=0.0447
        [Trial 0] gen  200  evals= 8200  best=0.0447
        [Trial 0] gen  220  evals= 9020  best=0.0441
        [Trial 0] gen  240  evals= 9840  best=0.0439
        [Done] Trial 0 best=0.0438

  Winner: Trial 0, loss=0.043824 (250s)
    Restarts run: 1
    mu: 4.039148
    D_mu: 1.528787
    T0_mu: 247.498667
    Ly: 2.792638
    op_x: 0.672556
    op_y: 0.611504
    NMSE: 0.108316
  [Saved] random_IR_0135

============================================================
[136/200] random_IR_0136.npz
  GT loss: 0.000000
  terrain_mean=0.104853  early_threshold=0.000996  (alpha=0.0095)
  tolfun=0.000545 tolfunhist=0.000545  (frac=0.0052 of range=0.105)
    --> Trial 0 | pop=41 seed=95072 x0_norm_min=-0.951 x0_norm_max=0.812
        [Trial 0] gen   20  evals=  820  best=0.0611
        [Trial 0] gen   40  evals= 1640  best=0.0611
        [Trial 0] gen   60  evals= 2460  best=0.0611
        [Trial 0] gen   80  evals= 3280  best=0.0611
        [Trial 0] gen  100  evals= 4100  best=0.0603
        [Trial 0] gen  120  evals= 4920  best=0.0582
        [Trial 0] gen  140  evals= 5740  best=0.0582
        [Trial 0] gen  160  evals= 6560  best=0.0582
        [Done] Trial 0 best=0.0582

  Winner: Trial 0, loss=0.058190 (54s)
    Restarts run: 1
    mu: 54.132411
    D_mu: 8.468800
    T0_mu: 9.645469
    Ly: 1.711747
    op_x: 0.771955
    op_y: 0.981067
    NMSE: 0.019741
  [Saved] random_IR_0136

============================================================
[137/200] random_IR_0137.npz
  GT loss: 0.000000
  terrain_mean=0.069761  early_threshold=0.000663  (alpha=0.0095)
  tolfun=0.000363 tolfunhist=0.000363  (frac=0.0052 of range=0.0698)
    --> Trial 0 | pop=41 seed=95072 x0_norm_min=-0.951 x0_norm_max=0.812
        [Trial 0] gen   20  evals=  820  best=0.0478
        [Trial 0] gen   40  evals= 1640  best=0.0475
        [Trial 0] gen   60  evals= 2460  best=0.0462
        [Trial 0] gen   80  evals= 3280  best=0.0462
        [Trial 0] gen  100  evals= 4100  best=0.0447
        [Trial 0] gen  120  evals= 4920  best=0.0447
        [Trial 0] gen  140  evals= 5740  best=0.0447
        [Trial 0] gen  160  evals= 6560  best=0.0447
        [Trial 0] gen  180  evals= 7380  best=0.0447
        [Trial 0] gen  200  evals= 8200  best=0.0447
        [Trial 0] gen  220  evals= 9020  best=0.0447
        [Trial 0] gen  240  evals= 9840  best=0.0447
        [Done] Trial 0 best=0.0447

  Winner: Trial 0, loss=0.044720 (145s)
    Restarts run: 1
    mu: 5.919314
    D_mu: 12.466893
    T0_mu: 100.564134
    Ly: 3.360064
    op_x: 0.665852
    op_y: 0.845946
    NMSE: 0.086208
  [Saved] random_IR_0137

============================================================
[138/200] random_IR_0138.npz
  GT loss: 0.000000
  terrain_mean=0.062440  early_threshold=0.000593  (alpha=0.0095)
  tolfun=0.000325 tolfunhist=0.000325  (frac=0.0052 of range=0.0624)
    --> Trial 0 | pop=41 seed=95072 x0_norm_min=-0.951 x0_norm_max=0.812
        [Trial 0] gen   20  evals=  820  best=0.0416
        [Trial 0] gen   40  evals= 1640  best=0.0405
        [Trial 0] gen   60  evals= 2460  best=0.0403
        [Trial 0] gen   80  evals= 3280  best=0.0403
        [Trial 0] gen  100  evals= 4100  best=0.0403
        [Trial 0] gen  120  evals= 4920  best=0.0400
        [Trial 0] gen  140  evals= 5740  best=0.0388
        [Trial 0] gen  160  evals= 6560  best=0.0386
        [Done] Trial 0 best=0.0385

  Winner: Trial 0, loss=0.038511 (229s)
    Restarts run: 1
    mu: 19.343852
    D_mu: 0.459695
    T0_mu: 48.308000
    Ly: 1.800544
    op_x: 0.567850
    op_y: 0.638480
    NMSE: 0.080171
  [Saved] random_IR_0138

============================================================
[139/200] random_IR_0139.npz
  GT loss: 0.000000
  terrain_mean=0.074588  early_threshold=0.000709  (alpha=0.0095)
  tolfun=0.000388 tolfunhist=0.000388  (frac=0.0052 of range=0.0746)
    --> Trial 0 | pop=41 seed=95072 x0_norm_min=-0.951 x0_norm_max=0.812
        [Trial 0] gen   20  evals=  820  best=0.0498
        [Trial 0] gen   40  evals= 1640  best=0.0487
        [Trial 0] gen   60  evals= 2460  best=0.0486
        [Trial 0] gen   80  evals= 3280  best=0.0465
        [Trial 0] gen  100  evals= 4100  best=0.0465
        [Trial 0] gen  120  evals= 4920  best=0.0457
        [Trial 0] gen  140  evals= 5740  best=0.0457
        [Trial 0] gen  160  evals= 6560  best=0.0457
        [Trial 0] gen  180  evals= 7380  best=0.0457
        [Done] Trial 0 best=0.0457

  Winner: Trial 0, loss=0.045695 (140s)
    Restarts run: 1
    mu: 10.169242
    D_mu: 0.940379
    T0_mu: 85.122931
    Ly: 1.538940
    op_x: 0.919359
    op_y: 0.733961
    NMSE: 0.200679
  [Saved] random_IR_0139

============================================================
[140/200] random_IR_0140.npz
  GT loss: 0.000000
  terrain_mean=0.064592  early_threshold=0.000614  (alpha=0.0095)
  tolfun=0.000336 tolfunhist=0.000336  (frac=0.0052 of range=0.0646)
    --> Trial 0 | pop=41 seed=95072 x0_norm_min=-0.951 x0_norm_max=0.812
        [Trial 0] gen   20  evals=  820  best=0.0445
        [Trial 0] gen   40  evals= 1640  best=0.0443
        [Trial 0] gen   60  evals= 2460  best=0.0443
        [Trial 0] gen   80  evals= 3280  best=0.0434
        [Trial 0] gen  100  evals= 4100  best=0.0433
        [Trial 0] gen  120  evals= 4920  best=0.0433
        [Trial 0] gen  140  evals= 5740  best=0.0433
        [Trial 0] gen  160  evals= 6560  best=0.0433
        [Trial 0] gen  180  evals= 7380  best=0.0432
        [Trial 0] gen  200  evals= 8200  best=0.0432
        [Trial 0] gen  220  evals= 9020  best=0.0432
        [Trial 0] gen  240  evals= 9840  best=0.0432
        [Done] Trial 0 best=0.0432

  Winner: Trial 0, loss=0.043165 (169s)
    Restarts run: 1
    mu: 8.238702
    D_mu: 2.274772
    T0_mu: 121.091078
    Ly: 2.109108
    op_x: 0.554490
    op_y: 0.603575
    NMSE: 0.098888
  [Saved] random_IR_0140

============================================================
[141/200] random_IR_0141.npz
  GT loss: 0.000000
  terrain_mean=0.065112  early_threshold=0.000619  (alpha=0.0095)
  tolfun=0.000339 tolfunhist=0.000339  (frac=0.0052 of range=0.0651)
    --> Trial 0 | pop=41 seed=95072 x0_norm_min=-0.951 x0_norm_max=0.812
        [Trial 0] gen   20  evals=  820  best=0.0452
        [Trial 0] gen   40  evals= 1640  best=0.0452
        [Trial 0] gen   60  evals= 2460  best=0.0452
        [Trial 0] gen   80  evals= 3280  best=0.0442
        [Trial 0] gen  100  evals= 4100  best=0.0437
        [Trial 0] gen  120  evals= 4920  best=0.0430
        [Trial 0] gen  140  evals= 5740  best=0.0430
        [Trial 0] gen  160  evals= 6560  best=0.0428
        [Done] Trial 0 best=0.0428

  Winner: Trial 0, loss=0.042815 (223s)
    Restarts run: 1
    mu: 12.740538
    D_mu: 0.498230
    T0_mu: 76.377464
    Ly: 1.964238
    op_x: 0.659247
    op_y: 0.745961
    NMSE: 0.130041
  [Saved] random_IR_0141

============================================================
[142/200] random_IR_0142.npz
  GT loss: 0.000000
  terrain_mean=0.064910  early_threshold=0.000617  (alpha=0.0095)
  tolfun=0.000338 tolfunhist=0.000338  (frac=0.0052 of range=0.0649)
    --> Trial 0 | pop=41 seed=95072 x0_norm_min=-0.951 x0_norm_max=0.812
        [Trial 0] gen   20  evals=  820  best=0.0406
        [Trial 0] gen   40  evals= 1640  best=0.0404
        [Trial 0] gen   60  evals= 2460  best=0.0402
        [Trial 0] gen   80  evals= 3280  best=0.0398
        [Trial 0] gen  100  evals= 4100  best=0.0398
        [Trial 0] gen  120  evals= 4920  best=0.0398
        [Trial 0] gen  140  evals= 5740  best=0.0392
        [Trial 0] gen  160  evals= 6560  best=0.0391
        [Trial 0] gen  180  evals= 7380  best=0.0390
        [Trial 0] gen  200  evals= 8200  best=0.0386
        [Trial 0] gen  220  evals= 9020  best=0.0386
        [Trial 0] gen  240  evals= 9840  best=0.0386
        [Trial 0] gen  260  evals=10660  best=0.0380
        [Done] Trial 0 best=0.0379

  Winner: Trial 0, loss=0.037878 (552s)
    Restarts run: 1
    mu: 16.190176
    D_mu: 0.576619
    T0_mu: 56.523024
    Ly: 3.348714
    op_x: 0.654192
    op_y: 0.640217
    NMSE: 0.023406
  [Saved] random_IR_0142

============================================================
[143/200] random_IR_0143.npz
  GT loss: 0.000000
  terrain_mean=0.068792  early_threshold=0.000654  (alpha=0.0095)
  tolfun=0.000358 tolfunhist=0.000358  (frac=0.0052 of range=0.0688)
    --> Trial 0 | pop=41 seed=95072 x0_norm_min=-0.951 x0_norm_max=0.812
        [Trial 0] gen   20  evals=  820  best=0.0411
        [Trial 0] gen   40  evals= 1640  best=0.0397
        [Trial 0] gen   60  evals= 2460  best=0.0391
        [Trial 0] gen   80  evals= 3280  best=0.0391
        [Trial 0] gen  100  evals= 4100  best=0.0385
        [Trial 0] gen  120  evals= 4920  best=0.0385
        [Trial 0] gen  140  evals= 5740  best=0.0381
        [Trial 0] gen  160  evals= 6560  best=0.0380
        [Trial 0] gen  180  evals= 7380  best=0.0372
        [Trial 0] gen  200  evals= 8200  best=0.0365
        [Trial 0] gen  220  evals= 9020  best=0.0364
        [Done] Trial 0 best=0.0364

  Winner: Trial 0, loss=0.036360 (471s)
    Restarts run: 1
    mu: 24.532613
    D_mu: 0.718640
    T0_mu: 23.640843
    Ly: 3.671446
    op_x: 0.747771
    op_y: 0.745246
    NMSE: 0.012204
  [Saved] random_IR_0143

============================================================
[144/200] random_IR_0144.npz
  GT loss: 0.000000
  terrain_mean=0.073588  early_threshold=0.000699  (alpha=0.0095)
  tolfun=0.000383 tolfunhist=0.000383  (frac=0.0052 of range=0.0736)
    --> Trial 0 | pop=41 seed=95072 x0_norm_min=-0.951 x0_norm_max=0.812
        [Trial 0] gen   20  evals=  820  best=0.0509
        [Trial 0] gen   40  evals= 1640  best=0.0508
        [Trial 0] gen   60  evals= 2460  best=0.0501
        [Trial 0] gen   80  evals= 3280  best=0.0500
        [Trial 0] gen  100  evals= 4100  best=0.0500
        [Trial 0] gen  120  evals= 4920  best=0.0500
        [Trial 0] gen  140  evals= 5740  best=0.0500
        [Trial 0] gen  160  evals= 6560  best=0.0500
        [Trial 0] gen  180  evals= 7380  best=0.0500
        [Trial 0] gen  200  evals= 8200  best=0.0500
        [Trial 0] gen  220  evals= 9020  best=0.0499
        [Trial 0] gen  240  evals= 9840  best=0.0492
        [Trial 0] gen  260  evals=10660  best=0.0490
        [Trial 0] gen  280  evals=11480  best=0.0486
        [Done] Trial 0 best=0.0485

  Winner: Trial 0, loss=0.048507 (530s)
    Restarts run: 1
    mu: 20.366492
    D_mu: 0.545273
    T0_mu: 34.658520
    Ly: 2.475308
    op_x: 0.740498
    op_y: 0.613975
    NMSE: 0.053929
  [Saved] random_IR_0144

============================================================
[145/200] random_IR_0145.npz
  GT loss: 0.000000
  terrain_mean=0.070146  early_threshold=0.000666  (alpha=0.0095)
  tolfun=0.000365 tolfunhist=0.000365  (frac=0.0052 of range=0.0701)
    --> Trial 0 | pop=41 seed=95072 x0_norm_min=-0.951 x0_norm_max=0.812
        [Trial 0] gen   20  evals=  820  best=0.0477
        [Trial 0] gen   40  evals= 1640  best=0.0477
        [Trial 0] gen   60  evals= 2460  best=0.0469
        [Trial 0] gen   80  evals= 3280  best=0.0469
        [Trial 0] gen  100  evals= 4100  best=0.0469
        [Trial 0] gen  120  evals= 4920  best=0.0469
        [Trial 0] gen  140  evals= 5740  best=0.0469
        [Trial 0] gen  160  evals= 6560  best=0.0469
        [Trial 0] gen  180  evals= 7380  best=0.0469
        [Trial 0] gen  200  evals= 8200  best=0.0469
        [Trial 0] gen  220  evals= 9020  best=0.0463
        [Trial 0] gen  240  evals= 9840  best=0.0463
        [Trial 0] gen  260  evals=10660  best=0.0463
        [Trial 0] gen  280  evals=11480  best=0.0463
        [Trial 0] gen  300  evals=12300  best=0.0463
        [Done] Trial 0 best=0.0463

  Winner: Trial 0, loss=0.046257 (339s)
    Restarts run: 1
    mu: 11.463188
    D_mu: 0.782577
    T0_mu: 87.175987
    Ly: 1.997978
    op_x: 0.676438
    op_y: 0.603061
    NMSE: 0.023908
  [Saved] random_IR_0145

============================================================
[146/200] random_IR_0146.npz
  GT loss: 0.000000
  terrain_mean=0.068750  early_threshold=0.000653  (alpha=0.0095)
  tolfun=0.000357 tolfunhist=0.000357  (frac=0.0052 of range=0.0687)
    --> Trial 0 | pop=41 seed=95072 x0_norm_min=-0.951 x0_norm_max=0.812
        [Trial 0] gen   20  evals=  820  best=0.0412
        [Trial 0] gen   40  evals= 1640  best=0.0400
        [Trial 0] gen   60  evals= 2460  best=0.0400
        [Trial 0] gen   80  evals= 3280  best=0.0400
        [Trial 0] gen  100  evals= 4100  best=0.0399
        [Trial 0] gen  120  evals= 4920  best=0.0399
        [Trial 0] gen  140  evals= 5740  best=0.0399
        [Trial 0] gen  160  evals= 6560  best=0.0399
        [Trial 0] gen  180  evals= 7380  best=0.0395
        [Trial 0] gen  200  evals= 8200  best=0.0395
        [Done] Trial 0 best=0.0394

  Winner: Trial 0, loss=0.039373 (244s)
    Restarts run: 1
    mu: 22.368061
    D_mu: 1.562624
    T0_mu: 44.496135
    Ly: 2.732758
    op_x: 0.560173
    op_y: 0.721402
    NMSE: 0.019299
  [Saved] random_IR_0146

============================================================
[147/200] random_IR_0147.npz
  GT loss: 0.000000
  terrain_mean=0.145213  early_threshold=0.001380  (alpha=0.0095)
  tolfun=0.000755 tolfunhist=0.000755  (frac=0.0052 of range=0.145)
    --> Trial 0 | pop=41 seed=95072 x0_norm_min=-0.951 x0_norm_max=0.812
        [Trial 0] gen   20  evals=  820  best=0.0718
        [Trial 0] gen   40  evals= 1640  best=0.0670
        [Trial 0] gen   60  evals= 2460  best=0.0670
        [Trial 0] gen   80  evals= 3280  best=0.0670
        [Trial 0] gen  100  evals= 4100  best=0.0670
        [Trial 0] gen  120  evals= 4920  best=0.0670
        [Trial 0] gen  140  evals= 5740  best=0.0670
        [Trial 0] gen  160  evals= 6560  best=0.0670
        [Trial 0] gen  180  evals= 7380  best=0.0670
        [Trial 0] gen  200  evals= 8200  best=0.0670
        [Trial 0] gen  220  evals= 9020  best=0.0670
        [Trial 0] gen  240  evals= 9840  best=0.0670
        [Trial 0] gen  260  evals=10660  best=0.0670
        [Trial 0] gen  280  evals=11480  best=0.0670
        [Trial 0] gen  300  evals=12300  best=0.0670
        [Trial 0] gen  320  evals=13120  best=0.0670
        [Trial 0] gen  340  evals=13940  best=0.0670
        [Trial 0] gen  360  evals=14760  best=0.0662
        [Trial 0] gen  380  evals=15580  best=0.0662
        [Trial 0] gen  400  evals=16400  best=0.0662
        [Trial 0] gen  420  evals=17220  best=0.0662
        [Trial 0] gen  440  evals=18040  best=0.0662
        [Trial 0] gen  460  evals=18860  best=0.0662
        [Done] Trial 0 best=0.0662

  Winner: Trial 0, loss=0.066231 (230s)
    Restarts run: 1
    mu: 31.602130
    D_mu: 6.296720
    T0_mu: 21.108466
    Ly: 2.211778
    op_x: 0.998292
    op_y: 0.873775
    NMSE: 0.181305
  [Saved] random_IR_0147

============================================================
[148/200] random_IR_0148.npz
  GT loss: 0.000000
  terrain_mean=0.067484  early_threshold=0.000641  (alpha=0.0095)
  tolfun=0.000351 tolfunhist=0.000351  (frac=0.0052 of range=0.0675)
    --> Trial 0 | pop=41 seed=95072 x0_norm_min=-0.951 x0_norm_max=0.812
        [Trial 0] gen   20  evals=  820  best=0.0455
        [Trial 0] gen   40  evals= 1640  best=0.0449
        [Trial 0] gen   60  evals= 2460  best=0.0443
        [Trial 0] gen   80  evals= 3280  best=0.0443
        [Trial 0] gen  100  evals= 4100  best=0.0443
        [Trial 0] gen  120  evals= 4920  best=0.0439
        [Trial 0] gen  140  evals= 5740  best=0.0428
        [Done] Trial 0 best=0.0428

  Winner: Trial 0, loss=0.042818 (75s)
    Restarts run: 1
    mu: 35.541880
    D_mu: 18.072169
    T0_mu: 20.167409
    Ly: 2.965707
    op_x: 0.671980
    op_y: 0.534273
    NMSE: 0.093025
  [Saved] random_IR_0148

============================================================
[149/200] random_IR_0149.npz
  GT loss: 0.000000
  terrain_mean=0.065206  early_threshold=0.000619  (alpha=0.0095)
  tolfun=0.000339 tolfunhist=0.000339  (frac=0.0052 of range=0.0652)
    --> Trial 0 | pop=41 seed=95072 x0_norm_min=-0.951 x0_norm_max=0.812
        [Trial 0] gen   20  evals=  820  best=0.0373
        [Trial 0] gen   40  evals= 1640  best=0.0373
        [Trial 0] gen   60  evals= 2460  best=0.0365
        [Trial 0] gen   80  evals= 3280  best=0.0365
        [Trial 0] gen  100  evals= 4100  best=0.0365
        [Trial 0] gen  120  evals= 4920  best=0.0365
        [Trial 0] gen  140  evals= 5740  best=0.0365
        [Trial 0] gen  160  evals= 6560  best=0.0362
        [Trial 0] gen  180  evals= 7380  best=0.0356
        [Trial 0] gen  200  evals= 8200  best=0.0343
        [Trial 0] gen  220  evals= 9020  best=0.0332
        [Trial 0] gen  240  evals= 9840  best=0.0329
        [Done] Trial 0 best=0.0328

  Winner: Trial 0, loss=0.032842 (165s)
    Restarts run: 1
    mu: 24.328174
    D_mu: 2.742520
    T0_mu: 8.755573
    Ly: 1.853672
    op_x: 0.586364
    op_y: 0.814508
    NMSE: 0.004355
  [Saved] random_IR_0149

============================================================
[150/200] random_IR_0150.npz
  GT loss: 0.000000
  terrain_mean=0.075628  early_threshold=0.000718  (alpha=0.0095)
  tolfun=0.000393 tolfunhist=0.000393  (frac=0.0052 of range=0.0756)
    --> Trial 0 | pop=41 seed=95072 x0_norm_min=-0.951 x0_norm_max=0.812
        [Trial 0] gen   20  evals=  820  best=0.0515
        [Trial 0] gen   40  evals= 1640  best=0.0486
        [Trial 0] gen   60  evals= 2460  best=0.0477
        [Trial 0] gen   80  evals= 3280  best=0.0471
        [Trial 0] gen  100  evals= 4100  best=0.0471
        [Trial 0] gen  120  evals= 4920  best=0.0471
        [Trial 0] gen  140  evals= 5740  best=0.0471
        [Trial 0] gen  160  evals= 6560  best=0.0465
        [Trial 0] gen  180  evals= 7380  best=0.0459
        [Trial 0] gen  200  evals= 8200  best=0.0455
        [Trial 0] gen  220  evals= 9020  best=0.0455
        [Trial 0] gen  240  evals= 9840  best=0.0455
        [Done] Trial 0 best=0.0455

  Winner: Trial 0, loss=0.045488 (324s)
    Restarts run: 1
    mu: 2.692962
    D_mu: 2.274634
    T0_mu: 309.200231
    Ly: 3.512242
    op_x: 0.538589
    op_y: 0.920437
    NMSE: 0.115018
  [Saved] random_IR_0150

============================================================
[151/200] random_IR_0151.npz
  GT loss: 0.000000
  terrain_mean=0.068179  early_threshold=0.000648  (alpha=0.0095)
  tolfun=0.000355 tolfunhist=0.000355  (frac=0.0052 of range=0.0682)
    --> Trial 0 | pop=41 seed=95072 x0_norm_min=-0.951 x0_norm_max=0.812
        [Trial 0] gen   20  evals=  820  best=0.0386
        [Trial 0] gen   40  evals= 1640  best=0.0386
        [Trial 0] gen   60  evals= 2460  best=0.0385
        [Trial 0] gen   80  evals= 3280  best=0.0385
        [Trial 0] gen  100  evals= 4100  best=0.0385
        [Trial 0] gen  120  evals= 4920  best=0.0385
        [Trial 0] gen  140  evals= 5740  best=0.0381
        [Trial 0] gen  160  evals= 6560  best=0.0381
        [Trial 0] gen  180  evals= 7380  best=0.0371
        [Trial 0] gen  200  evals= 8200  best=0.0371
        [Trial 0] gen  220  evals= 9020  best=0.0371
        [Trial 0] gen  240  evals= 9840  best=0.0371
        [Trial 0] gen  260  evals=10660  best=0.0371
        [Done] Trial 0 best=0.0371

  Winner: Trial 0, loss=0.037124 (526s)
    Restarts run: 1
    mu: 29.689872
    D_mu: 0.874298
    T0_mu: 24.227314
    Ly: 3.254334
    op_x: 0.631625
    op_y: 0.661484
    NMSE: 0.047054
  [Saved] random_IR_0151

============================================================
[152/200] random_IR_0152.npz
  GT loss: 0.000000
  terrain_mean=0.075766  early_threshold=0.000720  (alpha=0.0095)
  tolfun=0.000394 tolfunhist=0.000394  (frac=0.0052 of range=0.0758)
    --> Trial 0 | pop=41 seed=95072 x0_norm_min=-0.951 x0_norm_max=0.812
        [Trial 0] gen   20  evals=  820  best=0.0378
        [Trial 0] gen   40  evals= 1640  best=0.0316
        [Trial 0] gen   60  evals= 2460  best=0.0311
        [Trial 0] gen   80  evals= 3280  best=0.0107
        [Trial 0] gen  100  evals= 4100  best=0.0045
        [Done] Trial 0 best=0.0041

  Winner: Trial 0, loss=0.004053 (68s)
    Restarts run: 1
    mu: 31.454021
    D_mu: 11.070535
    T0_mu: 9.046151
    Ly: 3.394566
    op_x: 0.512623
    op_y: 0.515554
    NMSE: 0.013112
  [Saved] random_IR_0152

============================================================
[153/200] random_IR_0153.npz
  GT loss: 0.000000
  terrain_mean=0.077554  early_threshold=0.000737  (alpha=0.0095)
  tolfun=0.000403 tolfunhist=0.000403  (frac=0.0052 of range=0.0776)
    --> Trial 0 | pop=41 seed=95072 x0_norm_min=-0.951 x0_norm_max=0.812
        [Trial 0] gen   20  evals=  820  best=0.0336
        [Trial 0] gen   40  evals= 1640  best=0.0315
        [Trial 0] gen   60  evals= 2460  best=0.0264
        [Trial 0] gen   80  evals= 3280  best=0.0123
        [Trial 0] gen  100  evals= 4100  best=0.0054
        [Trial 0] gen  120  evals= 4920  best=0.0042
        [Trial 0] gen  140  evals= 5740  best=0.0030
        [Done] Trial 0 best=0.0030

  Winner: Trial 0, loss=0.002990 (165s)
    Restarts run: 1
    mu: 37.884795
    D_mu: 1.523099
    T0_mu: 1.865152
    Ly: 2.582552
    op_x: 0.584496
    op_y: 0.510317
    NMSE: 0.001691
  [Saved] random_IR_0153

============================================================
[154/200] random_IR_0154.npz
  GT loss: 0.000000
  terrain_mean=0.071423  early_threshold=0.000679  (alpha=0.0095)
  tolfun=0.000371 tolfunhist=0.000371  (frac=0.0052 of range=0.0714)
    --> Trial 0 | pop=41 seed=95072 x0_norm_min=-0.951 x0_norm_max=0.812
        [Trial 0] gen   20  evals=  820  best=0.0451
        [Trial 0] gen   40  evals= 1640  best=0.0451
        [Trial 0] gen   60  evals= 2460  best=0.0447
        [Trial 0] gen   80  evals= 3280  best=0.0438
        [Trial 0] gen  100  evals= 4100  best=0.0434
        [Trial 0] gen  120  evals= 4920  best=0.0433
        [Trial 0] gen  140  evals= 5740  best=0.0428
        [Trial 0] gen  160  evals= 6560  best=0.0426
        [Done] Trial 0 best=0.0425

  Winner: Trial 0, loss=0.042504 (236s)
    Restarts run: 1
    mu: 4.322151
    D_mu: 1.698717
    T0_mu: 224.818712
    Ly: 3.534445
    op_x: 0.652792
    op_y: 0.971837
    NMSE: 0.061686
  [Saved] random_IR_0154

============================================================
[155/200] random_IR_0155.npz
  GT loss: 0.000000
  terrain_mean=0.119729  early_threshold=0.001137  (alpha=0.0095)
  tolfun=0.000623 tolfunhist=0.000623  (frac=0.0052 of range=0.12)
    --> Trial 0 | pop=41 seed=95072 x0_norm_min=-0.951 x0_norm_max=0.812
        [Trial 0] gen   20  evals=  820  best=0.0673
        [Trial 0] gen   40  evals= 1640  best=0.0617
        [Trial 0] gen   60  evals= 2460  best=0.0617
        [Trial 0] gen   80  evals= 3280  best=0.0617
        [Trial 0] gen  100  evals= 4100  best=0.0617
        [Trial 0] gen  120  evals= 4920  best=0.0617
        [Trial 0] gen  140  evals= 5740  best=0.0609
        [Trial 0] gen  160  evals= 6560  best=0.0609
        [Trial 0] gen  180  evals= 7380  best=0.0609
        [Trial 0] gen  200  evals= 8200  best=0.0609
        [Trial 0] gen  220  evals= 9020  best=0.0609
        [Trial 0] gen  240  evals= 9840  best=0.0609
        [Trial 0] gen  260  evals=10660  best=0.0607
        [Trial 0] gen  280  evals=11480  best=0.0598
        [Trial 0] gen  300  evals=12300  best=0.0596
        [Done] Trial 0 best=0.0596

  Winner: Trial 0, loss=0.059558 (359s)
    Restarts run: 1
    mu: 13.735996
    D_mu: 1.560519
    T0_mu: 72.428023
    Ly: 2.724407
    op_x: 0.611639
    op_y: 0.995139
    NMSE: 0.127367
  [Saved] random_IR_0155

============================================================
[156/200] random_IR_0156.npz
  GT loss: 0.000000
  terrain_mean=0.067609  early_threshold=0.000642  (alpha=0.0095)
  tolfun=0.000352 tolfunhist=0.000352  (frac=0.0052 of range=0.0676)
    --> Trial 0 | pop=41 seed=95072 x0_norm_min=-0.951 x0_norm_max=0.812
        [Trial 0] gen   20  evals=  820  best=0.0362
        [Trial 0] gen   40  evals= 1640  best=0.0362
        [Trial 0] gen   60  evals= 2460  best=0.0342
        [Trial 0] gen   80  evals= 3280  best=0.0342
        [Trial 0] gen  100  evals= 4100  best=0.0336
        [Trial 0] gen  120  evals= 4920  best=0.0237
        [Trial 0] gen  140  evals= 5740  best=0.0166
        [Trial 0] gen  160  evals= 6560  best=0.0147
        [Trial 0] gen  180  evals= 7380  best=0.0049
        [Trial 0] gen  200  evals= 8200  best=0.0039
        [Done] Trial 0 best=0.0038

  Winner: Trial 0, loss=0.003841 (320s)
    Restarts run: 1
    mu: 22.309615
    D_mu: 0.916747
    T0_mu: 30.526287
    Ly: 2.891183
    op_x: 0.683579
    op_y: 0.568926
    NMSE: 0.000007
  [Saved] random_IR_0156

============================================================
[157/200] random_IR_0157.npz
  GT loss: 0.000000
  terrain_mean=0.123115  early_threshold=0.001170  (alpha=0.0095)
  tolfun=0.00064 tolfunhist=0.00064  (frac=0.0052 of range=0.123)
    --> Trial 0 | pop=41 seed=95072 x0_norm_min=-0.951 x0_norm_max=0.812
        [Trial 0] gen   20  evals=  820  best=0.0708
        [Trial 0] gen   40  evals= 1640  best=0.0672
        [Trial 0] gen   60  evals= 2460  best=0.0663
        [Trial 0] gen   80  evals= 3280  best=0.0663
        [Trial 0] gen  100  evals= 4100  best=0.0643
        [Trial 0] gen  120  evals= 4920  best=0.0637
        [Trial 0] gen  140  evals= 5740  best=0.0635
        [Done] Trial 0 best=0.0633

  Winner: Trial 0, loss=0.063331 (93s)
    Restarts run: 1
    mu: 18.795861
    D_mu: 0.738715
    T0_mu: 30.657548
    Ly: 1.143320
    op_x: 0.991955
    op_y: 0.768626
    NMSE: 0.143984
  [Saved] random_IR_0157

============================================================
[158/200] random_IR_0158.npz
  GT loss: 0.000000
  terrain_mean=0.120722  early_threshold=0.001147  (alpha=0.0095)
  tolfun=0.000628 tolfunhist=0.000628  (frac=0.0052 of range=0.121)
    --> Trial 0 | pop=41 seed=95072 x0_norm_min=-0.951 x0_norm_max=0.812
        [Trial 0] gen   20  evals=  820  best=0.0670
        [Trial 0] gen   40  evals= 1640  best=0.0657
        [Trial 0] gen   60  evals= 2460  best=0.0632
        [Trial 0] gen   80  evals= 3280  best=0.0631
        [Trial 0] gen  100  evals= 4100  best=0.0619
        [Trial 0] gen  120  evals= 4920  best=0.0612
        [Trial 0] gen  140  evals= 5740  best=0.0601
        [Done] Trial 0 best=0.0600

  Winner: Trial 0, loss=0.059969 (88s)
    Restarts run: 1
    mu: 70.272885
    D_mu: 14.357486
    T0_mu: 10.554171
    Ly: 3.951802
    op_x: 0.995730
    op_y: 0.792299
    NMSE: 0.085572
  [Saved] random_IR_0158

============================================================
[159/200] random_IR_0159.npz
  GT loss: 0.000000
  terrain_mean=0.071874  early_threshold=0.000683  (alpha=0.0095)
  tolfun=0.000374 tolfunhist=0.000374  (frac=0.0052 of range=0.0719)
    --> Trial 0 | pop=41 seed=95072 x0_norm_min=-0.951 x0_norm_max=0.812
        [Trial 0] gen   20  evals=  820  best=0.0373
        [Trial 0] gen   40  evals= 1640  best=0.0363
        [Trial 0] gen   60  evals= 2460  best=0.0363
        [Trial 0] gen   80  evals= 3280  best=0.0363
        [Trial 0] gen  100  evals= 4100  best=0.0363
        [Trial 0] gen  120  evals= 4920  best=0.0360
        [Trial 0] gen  140  evals= 5740  best=0.0358
        [Trial 0] gen  160  evals= 6560  best=0.0349
        [Trial 0] gen  180  evals= 7380  best=0.0349
        [Trial 0] gen  200  evals= 8200  best=0.0348
        [Trial 0] gen  220  evals= 9020  best=0.0346
        [Trial 0] gen  240  evals= 9840  best=0.0343
        [Done] Trial 0 best=0.0343

  Winner: Trial 0, loss=0.034281 (297s)
    Restarts run: 1
    mu: 25.999799
    D_mu: 2.090167
    T0_mu: 7.770204
    Ly: 2.975539
    op_x: 0.712526
    op_y: 0.693598
    NMSE: 0.005944
  [Saved] random_IR_0159

============================================================
[160/200] random_IR_0160.npz
  GT loss: 0.000000
  terrain_mean=0.090337  early_threshold=0.000858  (alpha=0.0095)
  tolfun=0.00047 tolfunhist=0.00047  (frac=0.0052 of range=0.0903)
    --> Trial 0 | pop=41 seed=95072 x0_norm_min=-0.951 x0_norm_max=0.812
        [Trial 0] gen   20  evals=  820  best=0.0576
        [Trial 0] gen   40  evals= 1640  best=0.0563
        [Trial 0] gen   60  evals= 2460  best=0.0557
        [Trial 0] gen   80  evals= 3280  best=0.0543
        [Trial 0] gen  100  evals= 4100  best=0.0525
        [Trial 0] gen  120  evals= 4920  best=0.0522
        [Trial 0] gen  140  evals= 5740  best=0.0522
        [Trial 0] gen  160  evals= 6560  best=0.0512
        [Trial 0] gen  180  evals= 7380  best=0.0512
        [Trial 0] gen  200  evals= 8200  best=0.0512
        [Trial 0] gen  220  evals= 9020  best=0.0509
        [Trial 0] gen  240  evals= 9840  best=0.0498
        [Done] Trial 0 best=0.0498

  Winner: Trial 0, loss=0.049750 (212s)
    Restarts run: 1
    mu: 6.018291
    D_mu: 3.443210
    T0_mu: 54.695652
    Ly: 3.509782
    op_x: 0.954931
    op_y: 0.702679
    NMSE: 0.118233
  [Saved] random_IR_0160

============================================================
[161/200] random_IR_0161.npz
  GT loss: 0.000000
  terrain_mean=0.208039  early_threshold=0.001976  (alpha=0.0095)
  tolfun=0.00108 tolfunhist=0.00108  (frac=0.0052 of range=0.208)
    --> Trial 0 | pop=41 seed=95072 x0_norm_min=-0.951 x0_norm_max=0.812
        [Trial 0] gen   20  evals=  820  best=0.0813
        [Trial 0] gen   40  evals= 1640  best=0.0699
        [Trial 0] gen   60  evals= 2460  best=0.0699
        [Trial 0] gen   80  evals= 3280  best=0.0699
        [Trial 0] gen  100  evals= 4100  best=0.0699
        [Trial 0] gen  120  evals= 4920  best=0.0699
        [Trial 0] gen  140  evals= 5740  best=0.0699
        [Trial 0] gen  160  evals= 6560  best=0.0699
        [Trial 0] gen  180  evals= 7380  best=0.0699
        [Trial 0] gen  200  evals= 8200  best=0.0699
        [Trial 0] gen  220  evals= 9020  best=0.0699
        [Trial 0] gen  240  evals= 9840  best=0.0699
        [Trial 0] gen  260  evals=10660  best=0.0699
        [Done] Trial 0 best=0.0699

  Winner: Trial 0, loss=0.069944 (74s)
    Restarts run: 1
    mu: 10.531314
    D_mu: 61.535425
    T0_mu: 35.941936
    Ly: 2.670922
    op_x: 0.991634
    op_y: 0.998937
    NMSE: 0.001583
  [Saved] random_IR_0161

============================================================
[162/200] random_IR_0162.npz
  GT loss: 0.000000
  terrain_mean=0.115133  early_threshold=0.001094  (alpha=0.0095)
  tolfun=0.000599 tolfunhist=0.000599  (frac=0.0052 of range=0.115)
    --> Trial 0 | pop=41 seed=95072 x0_norm_min=-0.951 x0_norm_max=0.812
        [Trial 0] gen   20  evals=  820  best=0.0626
        [Trial 0] gen   40  evals= 1640  best=0.0626
        [Trial 0] gen   60  evals= 2460  best=0.0626
        [Trial 0] gen   80  evals= 3280  best=0.0626
        [Trial 0] gen  100  evals= 4100  best=0.0626
        [Trial 0] gen  120  evals= 4920  best=0.0623
        [Trial 0] gen  140  evals= 5740  best=0.0611
        [Done] Trial 0 best=0.0610

  Winner: Trial 0, loss=0.061017 (83s)
    Restarts run: 1
    mu: 39.263583
    D_mu: 11.476506
    T0_mu: 23.091776
    Ly: 3.062714
    op_x: 0.975053
    op_y: 0.856843
    NMSE: 0.061698
  [Saved] random_IR_0162

============================================================
[163/200] random_IR_0163.npz
  GT loss: 0.000000
  terrain_mean=0.071354  early_threshold=0.000678  (alpha=0.0095)
  tolfun=0.000371 tolfunhist=0.000371  (frac=0.0052 of range=0.0714)
    --> Trial 0 | pop=41 seed=95072 x0_norm_min=-0.951 x0_norm_max=0.812
        [Trial 0] gen   20  evals=  820  best=0.0454
        [Trial 0] gen   40  evals= 1640  best=0.0450
        [Trial 0] gen   60  evals= 2460  best=0.0448
        [Trial 0] gen   80  evals= 3280  best=0.0434
        [Trial 0] gen  100  evals= 4100  best=0.0434
        [Trial 0] gen  120  evals= 4920  best=0.0434
        [Trial 0] gen  140  evals= 5740  best=0.0434
        [Trial 0] gen  160  evals= 6560  best=0.0434
        [Trial 0] gen  180  evals= 7380  best=0.0426
        [Trial 0] gen  200  evals= 8200  best=0.0419
        [Done] Trial 0 best=0.0419

  Winner: Trial 0, loss=0.041925 (280s)
    Restarts run: 1
    mu: 19.212327
    D_mu: 0.712762
    T0_mu: 51.103488
    Ly: 2.373758
    op_x: 0.515755
    op_y: 0.534219
    NMSE: 0.112651
  [Saved] random_IR_0163

============================================================
[164/200] random_IR_0164.npz
  GT loss: 0.000000
  terrain_mean=0.064576  early_threshold=0.000613  (alpha=0.0095)
  tolfun=0.000336 tolfunhist=0.000336  (frac=0.0052 of range=0.0646)
    --> Trial 0 | pop=41 seed=95072 x0_norm_min=-0.951 x0_norm_max=0.812
        [Trial 0] gen   20  evals=  820  best=0.0406
        [Trial 0] gen   40  evals= 1640  best=0.0406
        [Trial 0] gen   60  evals= 2460  best=0.0398
        [Trial 0] gen   80  evals= 3280  best=0.0394
        [Trial 0] gen  100  evals= 4100  best=0.0394
        [Trial 0] gen  120  evals= 4920  best=0.0394
        [Trial 0] gen  140  evals= 5740  best=0.0389
        [Trial 0] gen  160  evals= 6560  best=0.0389
        [Trial 0] gen  180  evals= 7380  best=0.0389
        [Trial 0] gen  200  evals= 8200  best=0.0389
        [Trial 0] gen  220  evals= 9020  best=0.0387
        [Trial 0] gen  240  evals= 9840  best=0.0383
        [Done] Trial 0 best=0.0383

  Winner: Trial 0, loss=0.038295 (225s)
    Restarts run: 1
    mu: 14.002223
    D_mu: 0.914578
    T0_mu: 27.723561
    Ly: 1.600197
    op_x: 0.544034
    op_y: 0.682646
    NMSE: 0.023007
  [Saved] random_IR_0164

============================================================
[165/200] random_IR_0165.npz
  GT loss: 0.000000
  terrain_mean=0.065537  early_threshold=0.000623  (alpha=0.0095)
  tolfun=0.000341 tolfunhist=0.000341  (frac=0.0052 of range=0.0655)
    --> Trial 0 | pop=41 seed=95072 x0_norm_min=-0.951 x0_norm_max=0.812
        [Trial 0] gen   20  evals=  820  best=0.0442
        [Trial 0] gen   40  evals= 1640  best=0.0441
        [Trial 0] gen   60  evals= 2460  best=0.0432
        [Trial 0] gen   80  evals= 3280  best=0.0430
        [Trial 0] gen  100  evals= 4100  best=0.0429
        [Trial 0] gen  120  evals= 4920  best=0.0416
        [Trial 0] gen  140  evals= 5740  best=0.0411
        [Done] Trial 0 best=0.0411

  Winner: Trial 0, loss=0.041121 (205s)
    Restarts run: 1
    mu: 11.081508
    D_mu: 1.341736
    T0_mu: 71.146673
    Ly: 3.438385
    op_x: 0.596567
    op_y: 0.639138
    NMSE: 0.119062
  [Saved] random_IR_0165

============================================================
[166/200] random_IR_0166.npz
  GT loss: 0.000000
  terrain_mean=0.067292  early_threshold=0.000639  (alpha=0.0095)
  tolfun=0.00035 tolfunhist=0.00035  (frac=0.0052 of range=0.0673)
    --> Trial 0 | pop=41 seed=95072 x0_norm_min=-0.951 x0_norm_max=0.812
        [Trial 0] gen   20  evals=  820  best=0.0468
        [Trial 0] gen   40  evals= 1640  best=0.0454
        [Trial 0] gen   60  evals= 2460  best=0.0452
        [Trial 0] gen   80  evals= 3280  best=0.0452
        [Trial 0] gen  100  evals= 4100  best=0.0452
        [Trial 0] gen  120  evals= 4920  best=0.0452
        [Trial 0] gen  140  evals= 5740  best=0.0452
        [Trial 0] gen  160  evals= 6560  best=0.0450
        [Trial 0] gen  180  evals= 7380  best=0.0450
        [Trial 0] gen  200  evals= 8200  best=0.0450
        [Trial 0] gen  220  evals= 9020  best=0.0450
        [Trial 0] gen  240  evals= 9840  best=0.0450
        [Trial 0] gen  260  evals=10660  best=0.0437
        [Trial 0] gen  280  evals=11480  best=0.0433
        [Trial 0] gen  300  evals=12300  best=0.0433
        [Trial 0] gen  320  evals=13120  best=0.0433
        [Done] Trial 0 best=0.0433

  Winner: Trial 0, loss=0.043322 (290s)
    Restarts run: 1
    mu: 4.492636
    D_mu: 5.069267
    T0_mu: 214.066954
    Ly: 3.158732
    op_x: 0.703696
    op_y: 0.656786
    NMSE: 0.052494
  [Saved] random_IR_0166

============================================================
[167/200] random_IR_0167.npz
  GT loss: 0.000000
  terrain_mean=0.077317  early_threshold=0.000735  (alpha=0.0095)
  tolfun=0.000402 tolfunhist=0.000402  (frac=0.0052 of range=0.0773)
    --> Trial 0 | pop=41 seed=95072 x0_norm_min=-0.951 x0_norm_max=0.812
        [Trial 0] gen   20  evals=  820  best=0.0582
        [Trial 0] gen   40  evals= 1640  best=0.0572
        [Trial 0] gen   60  evals= 2460  best=0.0572
        [Trial 0] gen   80  evals= 3280  best=0.0563
        [Trial 0] gen  100  evals= 4100  best=0.0561
        [Trial 0] gen  120  evals= 4920  best=0.0545
        [Trial 0] gen  140  evals= 5740  best=0.0545
        [Trial 0] gen  160  evals= 6560  best=0.0543
        [Trial 0] gen  180  evals= 7380  best=0.0539
        [Trial 0] gen  200  evals= 8200  best=0.0539
        [Done] Trial 0 best=0.0539

  Winner: Trial 0, loss=0.053923 (79s)
    Restarts run: 1
    mu: 5.672674
    D_mu: 23.103381
    T0_mu: 168.663709
    Ly: 2.675507
    op_x: 0.664198
    op_y: 0.915742
    NMSE: 0.059000
  [Saved] random_IR_0167

============================================================
[168/200] random_IR_0168.npz
  GT loss: 0.000000
  terrain_mean=0.119400  early_threshold=0.001134  (alpha=0.0095)
  tolfun=0.000621 tolfunhist=0.000621  (frac=0.0052 of range=0.119)
    --> Trial 0 | pop=41 seed=95072 x0_norm_min=-0.951 x0_norm_max=0.812
        [Trial 0] gen   20  evals=  820  best=0.0646
        [Trial 0] gen   40  evals= 1640  best=0.0523
        [Trial 0] gen   60  evals= 2460  best=0.0523
        [Trial 0] gen   80  evals= 3280  best=0.0523
        [Trial 0] gen  100  evals= 4100  best=0.0523
        [Trial 0] gen  120  evals= 4920  best=0.0523
        [Trial 0] gen  140  evals= 5740  best=0.0523
        [Trial 0] gen  160  evals= 6560  best=0.0523
        [Done] Trial 0 best=0.0523

  Winner: Trial 0, loss=0.052315 (125s)
    Restarts run: 1
    mu: 37.053563
    D_mu: 5.774196
    T0_mu: 10.447148
    Ly: 3.786499
    op_x: 0.992720
    op_y: 0.854431
    NMSE: 0.002127
  [Saved] random_IR_0168

============================================================
[169/200] random_IR_0169.npz
  GT loss: 0.000000
  terrain_mean=0.099788  early_threshold=0.000948  (alpha=0.0095)
  tolfun=0.000519 tolfunhist=0.000519  (frac=0.0052 of range=0.0998)
    --> Trial 0 | pop=41 seed=95072 x0_norm_min=-0.951 x0_norm_max=0.812
        [Trial 0] gen   20  evals=  820  best=0.0593
        [Trial 0] gen   40  evals= 1640  best=0.0593
        [Trial 0] gen   60  evals= 2460  best=0.0558
        [Trial 0] gen   80  evals= 3280  best=0.0558
        [Trial 0] gen  100  evals= 4100  best=0.0558
        [Trial 0] gen  120  evals= 4920  best=0.0558
        [Trial 0] gen  140  evals= 5740  best=0.0545
        [Trial 0] gen  160  evals= 6560  best=0.0545
        [Trial 0] gen  180  evals= 7380  best=0.0545
        [Trial 0] gen  200  evals= 8200  best=0.0545
        [Done] Trial 0 best=0.0545

  Winner: Trial 0, loss=0.054460 (72s)
    Restarts run: 1
    mu: 19.551800
    D_mu: 3.317092
    T0_mu: 48.369364
    Ly: 1.332793
    op_x: 0.885279
    op_y: 0.974083
    NMSE: 0.037143
  [Saved] random_IR_0169

============================================================
[170/200] random_IR_0170.npz
  GT loss: 0.000000
  terrain_mean=0.093550  early_threshold=0.000889  (alpha=0.0095)
  tolfun=0.000486 tolfunhist=0.000486  (frac=0.0052 of range=0.0936)
    --> Trial 0 | pop=41 seed=95072 x0_norm_min=-0.951 x0_norm_max=0.812
        [Trial 0] gen   20  evals=  820  best=0.0560
        [Trial 0] gen   40  evals= 1640  best=0.0553
        [Trial 0] gen   60  evals= 2460  best=0.0546
        [Trial 0] gen   80  evals= 3280  best=0.0534
        [Trial 0] gen  100  evals= 4100  best=0.0534
        [Trial 0] gen  120  evals= 4920  best=0.0527
        [Trial 0] gen  140  evals= 5740  best=0.0510
        [Trial 0] gen  160  evals= 6560  best=0.0510
        [Trial 0] gen  180  evals= 7380  best=0.0508
        [Trial 0] gen  200  evals= 8200  best=0.0501
        [Done] Trial 0 best=0.0498

  Winner: Trial 0, loss=0.049763 (187s)
    Restarts run: 1
    mu: 6.962584
    D_mu: 1.695316
    T0_mu: 135.468526
    Ly: 2.272204
    op_x: 0.537279
    op_y: 0.986045
    NMSE: 0.150476
  [Saved] random_IR_0170

============================================================
[171/200] random_IR_0171.npz
  GT loss: 0.000000
  terrain_mean=0.069264  early_threshold=0.000658  (alpha=0.0095)
  tolfun=0.00036 tolfunhist=0.00036  (frac=0.0052 of range=0.0693)
    --> Trial 0 | pop=41 seed=95072 x0_norm_min=-0.951 x0_norm_max=0.812
        [Trial 0] gen   20  evals=  820  best=0.0413
        [Trial 0] gen   40  evals= 1640  best=0.0402
        [Trial 0] gen   60  evals= 2460  best=0.0402
        [Trial 0] gen   80  evals= 3280  best=0.0402
        [Trial 0] gen  100  evals= 4100  best=0.0402
        [Trial 0] gen  120  evals= 4920  best=0.0402
        [Trial 0] gen  140  evals= 5740  best=0.0402
        [Trial 0] gen  160  evals= 6560  best=0.0401
        [Trial 0] gen  180  evals= 7380  best=0.0396
        [Trial 0] gen  200  evals= 8200  best=0.0396
        [Trial 0] gen  220  evals= 9020  best=0.0396
        [Trial 0] gen  240  evals= 9840  best=0.0396
        [Done] Trial 0 best=0.0396

  Winner: Trial 0, loss=0.039611 (382s)
    Restarts run: 1
    mu: 27.769388
    D_mu: 1.552126
    T0_mu: 17.777962
    Ly: 3.193311
    op_x: 0.658589
    op_y: 0.711287
    NMSE: 0.029935
  [Saved] random_IR_0171

============================================================
[172/200] random_IR_0172.npz
  GT loss: 0.000000
  terrain_mean=0.078012  early_threshold=0.000741  (alpha=0.0095)
  tolfun=0.000406 tolfunhist=0.000406  (frac=0.0052 of range=0.078)
    --> Trial 0 | pop=41 seed=95072 x0_norm_min=-0.951 x0_norm_max=0.812
        [Trial 0] gen   20  evals=  820  best=0.0508
        [Trial 0] gen   40  evals= 1640  best=0.0506
        [Trial 0] gen   60  evals= 2460  best=0.0498
        [Trial 0] gen   80  evals= 3280  best=0.0498
        [Trial 0] gen  100  evals= 4100  best=0.0493
        [Trial 0] gen  120  evals= 4920  best=0.0492
        [Trial 0] gen  140  evals= 5740  best=0.0492
        [Trial 0] gen  160  evals= 6560  best=0.0485
        [Trial 0] gen  180  evals= 7380  best=0.0485
        [Trial 0] gen  200  evals= 8200  best=0.0482
        [Done] Trial 0 best=0.0482

  Winner: Trial 0, loss=0.048249 (145s)
    Restarts run: 1
    mu: 7.206805
    D_mu: 4.119344
    T0_mu: 67.623706
    Ly: 2.666050
    op_x: 0.927982
    op_y: 0.902599
    NMSE: 0.012038
  [Saved] random_IR_0172

============================================================
[173/200] random_IR_0173.npz
  GT loss: 0.000000
  terrain_mean=0.072689  early_threshold=0.000691  (alpha=0.0095)
  tolfun=0.000378 tolfunhist=0.000378  (frac=0.0052 of range=0.0727)
    --> Trial 0 | pop=41 seed=95072 x0_norm_min=-0.951 x0_norm_max=0.812
        [Trial 0] gen   20  evals=  820  best=0.0436
        [Trial 0] gen   40  evals= 1640  best=0.0436
        [Trial 0] gen   60  evals= 2460  best=0.0436
        [Trial 0] gen   80  evals= 3280  best=0.0435
        [Trial 0] gen  100  evals= 4100  best=0.0430
        [Trial 0] gen  120  evals= 4920  best=0.0430
        [Trial 0] gen  140  evals= 5740  best=0.0423
        [Trial 0] gen  160  evals= 6560  best=0.0414
        [Trial 0] gen  180  evals= 7380  best=0.0414
        [Trial 0] gen  200  evals= 8200  best=0.0414
        [Done] Trial 0 best=0.0414

  Winner: Trial 0, loss=0.041447 (181s)
    Restarts run: 1
    mu: 33.844948
    D_mu: 2.779844
    T0_mu: 26.494923
    Ly: 2.809162
    op_x: 0.673040
    op_y: 0.677294
    NMSE: 0.053519
  [Saved] random_IR_0173

============================================================
[174/200] random_IR_0174.npz
  GT loss: 0.000000
  terrain_mean=0.066872  early_threshold=0.000635  (alpha=0.0095)
  tolfun=0.000348 tolfunhist=0.000348  (frac=0.0052 of range=0.0669)
    --> Trial 0 | pop=41 seed=95072 x0_norm_min=-0.951 x0_norm_max=0.812
        [Trial 0] gen   20  evals=  820  best=0.0375
        [Trial 0] gen   40  evals= 1640  best=0.0375
        [Trial 0] gen   60  evals= 2460  best=0.0375
        [Trial 0] gen   80  evals= 3280  best=0.0375
        [Trial 0] gen  100  evals= 4100  best=0.0369
        [Trial 0] gen  120  evals= 4920  best=0.0362
        [Trial 0] gen  140  evals= 5740  best=0.0361
        [Trial 0] gen  160  evals= 6560  best=0.0361
        [Trial 0] gen  180  evals= 7380  best=0.0360
        [Trial 0] gen  200  evals= 8200  best=0.0360
        [Done] Trial 0 best=0.0360

  Winner: Trial 0, loss=0.036014 (174s)
    Restarts run: 1
    mu: 17.032347
    D_mu: 1.524107
    T0_mu: 35.804608
    Ly: 1.993421
    op_x: 0.572444
    op_y: 0.526222
    NMSE: 0.076474
  [Saved] random_IR_0174

============================================================
[175/200] random_IR_0175.npz
  GT loss: 0.000000
  terrain_mean=0.065130  early_threshold=0.000619  (alpha=0.0095)
  tolfun=0.000339 tolfunhist=0.000339  (frac=0.0052 of range=0.0651)
    --> Trial 0 | pop=41 seed=95072 x0_norm_min=-0.951 x0_norm_max=0.812
        [Trial 0] gen   20  evals=  820  best=0.0467
        [Trial 0] gen   40  evals= 1640  best=0.0463
        [Trial 0] gen   60  evals= 2460  best=0.0451
        [Trial 0] gen   80  evals= 3280  best=0.0447
        [Trial 0] gen  100  evals= 4100  best=0.0445
        [Trial 0] gen  120  evals= 4920  best=0.0438
        [Trial 0] gen  140  evals= 5740  best=0.0438
        [Trial 0] gen  160  evals= 6560  best=0.0438
        [Trial 0] gen  180  evals= 7380  best=0.0438
        [Trial 0] gen  200  evals= 8200  best=0.0438
        [Trial 0] gen  220  evals= 9020  best=0.0438
        [Done] Trial 0 best=0.0438

  Winner: Trial 0, loss=0.043810 (388s)
    Restarts run: 1
    mu: 5.900496
    D_mu: 1.650924
    T0_mu: 82.125189
    Ly: 3.955409
    op_x: 0.896833
    op_y: 0.693251
    NMSE: 0.200733
  [Saved] random_IR_0175

============================================================
[176/200] random_IR_0176.npz
  GT loss: 0.000000
  terrain_mean=0.067215  early_threshold=0.000639  (alpha=0.0095)
  tolfun=0.00035 tolfunhist=0.00035  (frac=0.0052 of range=0.0672)
    --> Trial 0 | pop=41 seed=95072 x0_norm_min=-0.951 x0_norm_max=0.812
        [Trial 0] gen   20  evals=  820  best=0.0410
        [Trial 0] gen   40  evals= 1640  best=0.0410
        [Trial 0] gen   60  evals= 2460  best=0.0410
        [Trial 0] gen   80  evals= 3280  best=0.0404
        [Trial 0] gen  100  evals= 4100  best=0.0404
        [Trial 0] gen  120  evals= 4920  best=0.0404
        [Trial 0] gen  140  evals= 5740  best=0.0404
        [Trial 0] gen  160  evals= 6560  best=0.0402
        [Trial 0] gen  180  evals= 7380  best=0.0402
        [Trial 0] gen  200  evals= 8200  best=0.0399
        [Trial 0] gen  220  evals= 9020  best=0.0399
        [Trial 0] gen  240  evals= 9840  best=0.0394
        [Trial 0] gen  260  evals=10660  best=0.0394
        [Trial 0] gen  280  evals=11480  best=0.0394
        [Trial 0] gen  300  evals=12300  best=0.0394
        [Trial 0] gen  320  evals=13120  best=0.0394
        [Trial 0] gen  340  evals=13940  best=0.0394
        [Trial 0] gen  360  evals=14760  best=0.0394
        [Done] Trial 0 best=0.0394

  Winner: Trial 0, loss=0.039444 (296s)
    Restarts run: 1
    mu: 18.326843
    D_mu: 1.156765
    T0_mu: 27.922829
    Ly: 1.740329
    op_x: 0.646473
    op_y: 0.552726
    NMSE: 0.002903
  [Saved] random_IR_0176

============================================================
[177/200] random_IR_0177.npz
  GT loss: 0.000000
  terrain_mean=0.071817  early_threshold=0.000682  (alpha=0.0095)
  tolfun=0.000373 tolfunhist=0.000373  (frac=0.0052 of range=0.0718)
    --> Trial 0 | pop=41 seed=95072 x0_norm_min=-0.951 x0_norm_max=0.812
        [Trial 0] gen   20  evals=  820  best=0.0364
        [Trial 0] gen   40  evals= 1640  best=0.0361
        [Trial 0] gen   60  evals= 2460  best=0.0361
        [Trial 0] gen   80  evals= 3280  best=0.0361
        [Trial 0] gen  100  evals= 4100  best=0.0360
        [Trial 0] gen  120  evals= 4920  best=0.0356
        [Trial 0] gen  140  evals= 5740  best=0.0356
        [Trial 0] gen  160  evals= 6560  best=0.0348
        [Trial 0] gen  180  evals= 7380  best=0.0348
        [Trial 0] gen  200  evals= 8200  best=0.0348
        [Done] Trial 0 best=0.0348

  Winner: Trial 0, loss=0.034785 (140s)
    Restarts run: 1
    mu: 28.560191
    D_mu: 1.176496
    T0_mu: 0.869215
    Ly: 1.124447
    op_x: 0.534737
    op_y: 0.550445
    NMSE: 0.022892
  [Saved] random_IR_0177

============================================================
[178/200] random_IR_0178.npz
  GT loss: 0.000000
  terrain_mean=0.063899  early_threshold=0.000607  (alpha=0.0095)
  tolfun=0.000332 tolfunhist=0.000332  (frac=0.0052 of range=0.0639)
    --> Trial 0 | pop=41 seed=95072 x0_norm_min=-0.951 x0_norm_max=0.812
        [Trial 0] gen   20  evals=  820  best=0.0417
        [Trial 0] gen   40  evals= 1640  best=0.0417
        [Trial 0] gen   60  evals= 2460  best=0.0404
        [Trial 0] gen   80  evals= 3280  best=0.0396
        [Trial 0] gen  100  evals= 4100  best=0.0396
        [Trial 0] gen  120  evals= 4920  best=0.0396
        [Trial 0] gen  140  evals= 5740  best=0.0396
        [Trial 0] gen  160  evals= 6560  best=0.0396
        [Trial 0] gen  180  evals= 7380  best=0.0396
        [Trial 0] gen  200  evals= 8200  best=0.0396
        [Trial 0] gen  220  evals= 9020  best=0.0396
        [Done] Trial 0 best=0.0396

  Winner: Trial 0, loss=0.039586 (316s)
    Restarts run: 1
    mu: 14.954443
    D_mu: 0.864956
    T0_mu: 65.501827
    Ly: 2.982685
    op_x: 0.692867
    op_y: 0.639570
    NMSE: 0.122050
  [Saved] random_IR_0178

============================================================
[179/200] random_IR_0179.npz
  GT loss: 0.000000
  terrain_mean=0.066419  early_threshold=0.000631  (alpha=0.0095)
  tolfun=0.000345 tolfunhist=0.000345  (frac=0.0052 of range=0.0664)
    --> Trial 0 | pop=41 seed=95072 x0_norm_min=-0.951 x0_norm_max=0.812
        [Trial 0] gen   20  evals=  820  best=0.0426
        [Trial 0] gen   40  evals= 1640  best=0.0424
        [Trial 0] gen   60  evals= 2460  best=0.0424
        [Trial 0] gen   80  evals= 3280  best=0.0424
        [Trial 0] gen  100  evals= 4100  best=0.0424
        [Trial 0] gen  120  evals= 4920  best=0.0424
        [Trial 0] gen  140  evals= 5740  best=0.0424
        [Trial 0] gen  160  evals= 6560  best=0.0415
        [Trial 0] gen  180  evals= 7380  best=0.0410
        [Trial 0] gen  200  evals= 8200  best=0.0408
        [Done] Trial 0 best=0.0408

  Winner: Trial 0, loss=0.040844 (197s)
    Restarts run: 1
    mu: 11.083398
    D_mu: 0.914057
    T0_mu: 80.345991
    Ly: 1.955842
    op_x: 0.548733
    op_y: 0.676450
    NMSE: 0.058531
  [Saved] random_IR_0179

============================================================
[180/200] random_IR_0180.npz
  GT loss: 0.000000
  terrain_mean=0.069928  early_threshold=0.000664  (alpha=0.0095)
  tolfun=0.000364 tolfunhist=0.000364  (frac=0.0052 of range=0.0699)
    --> Trial 0 | pop=41 seed=95072 x0_norm_min=-0.951 x0_norm_max=0.812
        [Trial 0] gen   20  evals=  820  best=0.0459
        [Trial 0] gen   40  evals= 1640  best=0.0459
        [Trial 0] gen   60  evals= 2460  best=0.0459
        [Trial 0] gen   80  evals= 3280  best=0.0453
        [Trial 0] gen  100  evals= 4100  best=0.0453
        [Trial 0] gen  120  evals= 4920  best=0.0453
        [Trial 0] gen  140  evals= 5740  best=0.0453
        [Trial 0] gen  160  evals= 6560  best=0.0453
        [Trial 0] gen  180  evals= 7380  best=0.0453
        [Trial 0] gen  200  evals= 8200  best=0.0453
        [Trial 0] gen  220  evals= 9020  best=0.0453
        [Trial 0] gen  240  evals= 9840  best=0.0453
        [Trial 0] gen  260  evals=10660  best=0.0446
        [Trial 0] gen  280  evals=11480  best=0.0444
        [Done] Trial 0 best=0.0443

  Winner: Trial 0, loss=0.044279 (218s)
    Restarts run: 1
    mu: 3.148365
    D_mu: 8.103182
    T0_mu: 315.698687
    Ly: 3.531930
    op_x: 0.676126
    op_y: 0.924633
    NMSE: 0.136100
  [Saved] random_IR_0180

============================================================
[181/200] random_IR_0181.npz
  GT loss: 0.000000
  terrain_mean=0.145479  early_threshold=0.001382  (alpha=0.0095)
  tolfun=0.000756 tolfunhist=0.000756  (frac=0.0052 of range=0.145)
    --> Trial 0 | pop=41 seed=95072 x0_norm_min=-0.951 x0_norm_max=0.812
        [Trial 0] gen   20  evals=  820  best=0.0717
        [Trial 0] gen   40  evals= 1640  best=0.0699
        [Trial 0] gen   60  evals= 2460  best=0.0691
        [Trial 0] gen   80  evals= 3280  best=0.0684
        [Trial 0] gen  100  evals= 4100  best=0.0664
        [Trial 0] gen  120  evals= 4920  best=0.0664
        [Trial 0] gen  140  evals= 5740  best=0.0664
        [Trial 0] gen  160  evals= 6560  best=0.0664
        [Done] Trial 0 best=0.0664

  Winner: Trial 0, loss=0.066368 (79s)
    Restarts run: 1
    mu: 60.586036
    D_mu: 10.512882
    T0_mu: 3.957165
    Ly: 2.873197
    op_x: 0.997268
    op_y: 0.912518
    NMSE: 0.022489
  [Saved] random_IR_0181

============================================================
[182/200] random_IR_0182.npz
  GT loss: 0.000000
  terrain_mean=0.070047  early_threshold=0.000665  (alpha=0.0095)
  tolfun=0.000364 tolfunhist=0.000364  (frac=0.0052 of range=0.07)
    --> Trial 0 | pop=41 seed=95072 x0_norm_min=-0.951 x0_norm_max=0.812
        [Trial 0] gen   20  evals=  820  best=0.0460
        [Trial 0] gen   40  evals= 1640  best=0.0460
        [Trial 0] gen   60  evals= 2460  best=0.0460
        [Trial 0] gen   80  evals= 3280  best=0.0460
        [Trial 0] gen  100  evals= 4100  best=0.0458
        [Trial 0] gen  120  evals= 4920  best=0.0458
        [Trial 0] gen  140  evals= 5740  best=0.0458
        [Trial 0] gen  160  evals= 6560  best=0.0458
        [Trial 0] gen  180  evals= 7380  best=0.0458
        [Trial 0] gen  200  evals= 8200  best=0.0458
        [Trial 0] gen  220  evals= 9020  best=0.0458
        [Trial 0] gen  240  evals= 9840  best=0.0445
        [Trial 0] gen  260  evals=10660  best=0.0434
        [Done] Trial 0 best=0.0432

  Winner: Trial 0, loss=0.043231 (192s)
    Restarts run: 1
    mu: 3.696210
    D_mu: 2.486960
    T0_mu: 267.016776
    Ly: 2.039564
    op_x: 0.673662
    op_y: 0.646017
    NMSE: 0.134265
  [Saved] random_IR_0182

============================================================
[183/200] random_IR_0183.npz
  GT loss: 0.000000
  terrain_mean=0.063066  early_threshold=0.000599  (alpha=0.0095)
  tolfun=0.000328 tolfunhist=0.000328  (frac=0.0052 of range=0.0631)
    --> Trial 0 | pop=41 seed=95072 x0_norm_min=-0.951 x0_norm_max=0.812
        [Trial 0] gen   20  evals=  820  best=0.0429
        [Trial 0] gen   40  evals= 1640  best=0.0429
        [Trial 0] gen   60  evals= 2460  best=0.0429
        [Trial 0] gen   80  evals= 3280  best=0.0429
        [Trial 0] gen  100  evals= 4100  best=0.0429
        [Trial 0] gen  120  evals= 4920  best=0.0429
        [Trial 0] gen  140  evals= 5740  best=0.0429
        [Trial 0] gen  160  evals= 6560  best=0.0429
        [Trial 0] gen  180  evals= 7380  best=0.0429
        [Trial 0] gen  200  evals= 8200  best=0.0429
        [Trial 0] gen  220  evals= 9020  best=0.0429
        [Trial 0] gen  240  evals= 9840  best=0.0429
        [Trial 0] gen  260  evals=10660  best=0.0426
        [Trial 0] gen  280  evals=11480  best=0.0423
        [Done] Trial 0 best=0.0423

  Winner: Trial 0, loss=0.042294 (229s)
    Restarts run: 1
    mu: 6.601649
    D_mu: 1.033375
    T0_mu: 141.587194
    Ly: 1.609691
    op_x: 0.601075
    op_y: 0.713882
    NMSE: 0.112561
  [Saved] random_IR_0183

============================================================
[184/200] random_IR_0184.npz
  GT loss: 0.000000
  terrain_mean=0.075573  early_threshold=0.000718  (alpha=0.0095)
  tolfun=0.000393 tolfunhist=0.000393  (frac=0.0052 of range=0.0756)
    --> Trial 0 | pop=41 seed=95072 x0_norm_min=-0.951 x0_norm_max=0.812
        [Trial 0] gen   20  evals=  820  best=0.0365
        [Trial 0] gen   40  evals= 1640  best=0.0365
        [Trial 0] gen   60  evals= 2460  best=0.0365
        [Trial 0] gen   80  evals= 3280  best=0.0365
        [Trial 0] gen  100  evals= 4100  best=0.0365
        [Trial 0] gen  120  evals= 4920  best=0.0365
        [Trial 0] gen  140  evals= 5740  best=0.0356
        [Done] Trial 0 best=0.0356

  Winner: Trial 0, loss=0.035625 (132s)
    Restarts run: 1
    mu: 27.179177
    D_mu: 0.976623
    T0_mu: 16.256314
    Ly: 1.261299
    op_x: 0.591526
    op_y: 0.696904
    NMSE: 0.069895
  [Saved] random_IR_0184

============================================================
[185/200] random_IR_0185.npz
  GT loss: 0.000000
  terrain_mean=0.067770  early_threshold=0.000644  (alpha=0.0095)
  tolfun=0.000352 tolfunhist=0.000352  (frac=0.0052 of range=0.0678)
    --> Trial 0 | pop=41 seed=95072 x0_norm_min=-0.951 x0_norm_max=0.812
        [Trial 0] gen   20  evals=  820  best=0.0344
        [Trial 0] gen   40  evals= 1640  best=0.0330
        [Trial 0] gen   60  evals= 2460  best=0.0291
        [Trial 0] gen   80  evals= 3280  best=0.0178
        [Trial 0] gen  100  evals= 4100  best=0.0086
        [Trial 0] gen  120  evals= 4920  best=0.0043
        [Trial 0] gen  140  evals= 5740  best=0.0038
        [Done] Trial 0 best=0.0037

  Winner: Trial 0, loss=0.003700 (55s)
    Restarts run: 1
    mu: 58.830417
    D_mu: 4.662959
    T0_mu: 6.811987
    Ly: 1.248050
    op_x: 0.697541
    op_y: 0.522134
    NMSE: 0.002155
  [Saved] random_IR_0185

============================================================
[186/200] random_IR_0186.npz
  GT loss: 0.000000
  terrain_mean=0.078147  early_threshold=0.000742  (alpha=0.0095)
  tolfun=0.000406 tolfunhist=0.000406  (frac=0.0052 of range=0.0781)
    --> Trial 0 | pop=41 seed=95072 x0_norm_min=-0.951 x0_norm_max=0.812
        [Trial 0] gen   20  evals=  820  best=0.0518
        [Trial 0] gen   40  evals= 1640  best=0.0506
        [Trial 0] gen   60  evals= 2460  best=0.0495
        [Trial 0] gen   80  evals= 3280  best=0.0494
        [Trial 0] gen  100  evals= 4100  best=0.0494
        [Trial 0] gen  120  evals= 4920  best=0.0494
        [Done] Trial 0 best=0.0491

  Winner: Trial 0, loss=0.049077 (43s)
    Restarts run: 1
    mu: 71.819026
    D_mu: 16.084991
    T0_mu: 7.341404
    Ly: 2.338485
    op_x: 0.516672
    op_y: 0.952268
    NMSE: 0.211283
  [Saved] random_IR_0186

============================================================
[187/200] random_IR_0187.npz
  GT loss: 0.000000
  terrain_mean=0.072890  early_threshold=0.000692  (alpha=0.0095)
  tolfun=0.000379 tolfunhist=0.000379  (frac=0.0052 of range=0.0729)
    --> Trial 0 | pop=41 seed=95072 x0_norm_min=-0.951 x0_norm_max=0.812
        [Trial 0] gen   20  evals=  820  best=0.0481
        [Trial 0] gen   40  evals= 1640  best=0.0474
        [Trial 0] gen   60  evals= 2460  best=0.0472
        [Trial 0] gen   80  evals= 3280  best=0.0463
        [Trial 0] gen  100  evals= 4100  best=0.0456
        [Trial 0] gen  120  evals= 4920  best=0.0453
        [Trial 0] gen  140  evals= 5740  best=0.0453
        [Trial 0] gen  160  evals= 6560  best=0.0451
        [Done] Trial 0 best=0.0451

  Winner: Trial 0, loss=0.045100 (138s)
    Restarts run: 1
    mu: 46.151663
    D_mu: 6.473561
    T0_mu: 12.453357
    Ly: 3.795473
    op_x: 0.851127
    op_y: 0.700037
    NMSE: 0.163699
  [Saved] random_IR_0187

============================================================
[188/200] random_IR_0188.npz
  GT loss: 0.000000
  terrain_mean=0.067596  early_threshold=0.000642  (alpha=0.0095)
  tolfun=0.000351 tolfunhist=0.000351  (frac=0.0052 of range=0.0676)
    --> Trial 0 | pop=41 seed=95072 x0_norm_min=-0.951 x0_norm_max=0.812
        [Trial 0] gen   20  evals=  820  best=0.0481
        [Trial 0] gen   40  evals= 1640  best=0.0474
        [Trial 0] gen   60  evals= 2460  best=0.0467
        [Trial 0] gen   80  evals= 3280  best=0.0463
        [Trial 0] gen  100  evals= 4100  best=0.0463
        [Trial 0] gen  120  evals= 4920  best=0.0463
        [Trial 0] gen  140  evals= 5740  best=0.0463
        [Trial 0] gen  160  evals= 6560  best=0.0462
        [Trial 0] gen  180  evals= 7380  best=0.0459
        [Trial 0] gen  200  evals= 8200  best=0.0458
        [Trial 0] gen  220  evals= 9020  best=0.0457
        [Done] Trial 0 best=0.0456

  Winner: Trial 0, loss=0.045606 (205s)
    Restarts run: 1
    mu: 2.508157
    D_mu: 2.604193
    T0_mu: 360.475180
    Ly: 2.865677
    op_x: 0.517402
    op_y: 0.736014
    NMSE: 0.269110
  [Saved] random_IR_0188

============================================================
[189/200] random_IR_0189.npz
  GT loss: 0.000000
  terrain_mean=0.074967  early_threshold=0.000712  (alpha=0.0095)
  tolfun=0.00039 tolfunhist=0.00039  (frac=0.0052 of range=0.075)
    --> Trial 0 | pop=41 seed=95072 x0_norm_min=-0.951 x0_norm_max=0.812
        [Trial 0] gen   20  evals=  820  best=0.0383
        [Trial 0] gen   40  evals= 1640  best=0.0339
        [Trial 0] gen   60  evals= 2460  best=0.0323
        [Trial 0] gen   80  evals= 3280  best=0.0323
        [Trial 0] gen  100  evals= 4100  best=0.0312
        [Trial 0] gen  120  evals= 4920  best=0.0290
        [Trial 0] gen  140  evals= 5740  best=0.0278
        [Done] Trial 0 best=0.0277

  Winner: Trial 0, loss=0.027742 (77s)
    Restarts run: 1
    mu: 48.639496
    D_mu: 16.056748
    T0_mu: 1.784518
    Ly: 3.660603
    op_x: 0.517547
    op_y: 0.513772
    NMSE: 0.045537
  [Saved] random_IR_0189

============================================================
[190/200] random_IR_0190.npz
  GT loss: 0.000000
  terrain_mean=0.070125  early_threshold=0.000666  (alpha=0.0095)
  tolfun=0.000365 tolfunhist=0.000365  (frac=0.0052 of range=0.0701)
    --> Trial 0 | pop=41 seed=95072 x0_norm_min=-0.951 x0_norm_max=0.812
        [Trial 0] gen   20  evals=  820  best=0.0508
        [Trial 0] gen   40  evals= 1640  best=0.0488
        [Trial 0] gen   60  evals= 2460  best=0.0481
        [Trial 0] gen   80  evals= 3280  best=0.0479
        [Trial 0] gen  100  evals= 4100  best=0.0479
        [Trial 0] gen  120  evals= 4920  best=0.0479
        [Trial 0] gen  140  evals= 5740  best=0.0479
        [Trial 0] gen  160  evals= 6560  best=0.0479
        [Trial 0] gen  180  evals= 7380  best=0.0479
        [Trial 0] gen  200  evals= 8200  best=0.0479
        [Trial 0] gen  220  evals= 9020  best=0.0479
        [Trial 0] gen  240  evals= 9840  best=0.0476
        [Done] Trial 0 best=0.0475

  Winner: Trial 0, loss=0.047509 (231s)
    Restarts run: 1
    mu: 3.104495
    D_mu: 2.611434
    T0_mu: 292.015775
    Ly: 3.086668
    op_x: 0.851892
    op_y: 0.543456
    NMSE: 0.399773
  [Saved] random_IR_0190

============================================================
[191/200] random_IR_0191.npz
  GT loss: 0.000000
  terrain_mean=0.067326  early_threshold=0.000640  (alpha=0.0095)
  tolfun=0.00035 tolfunhist=0.00035  (frac=0.0052 of range=0.0673)
    --> Trial 0 | pop=41 seed=95072 x0_norm_min=-0.951 x0_norm_max=0.812
        [Trial 0] gen   20  evals=  820  best=0.0436
        [Trial 0] gen   40  evals= 1640  best=0.0436
        [Trial 0] gen   60  evals= 2460  best=0.0436
        [Trial 0] gen   80  evals= 3280  best=0.0434
        [Trial 0] gen  100  evals= 4100  best=0.0434
        [Trial 0] gen  120  evals= 4920  best=0.0434
        [Trial 0] gen  140  evals= 5740  best=0.0434
        [Trial 0] gen  160  evals= 6560  best=0.0434
        [Trial 0] gen  180  evals= 7380  best=0.0429
        [Trial 0] gen  200  evals= 8200  best=0.0427
        [Trial 0] gen  220  evals= 9020  best=0.0425
        [Trial 0] gen  240  evals= 9840  best=0.0419
        [Trial 0] gen  260  evals=10660  best=0.0416
        [Done] Trial 0 best=0.0416

  Winner: Trial 0, loss=0.041605 (266s)
    Restarts run: 1
    mu: 20.531823
    D_mu: 0.520836
    T0_mu: 43.037591
    Ly: 1.383455
    op_x: 0.590776
    op_y: 0.825146
    NMSE: 0.022269
  [Saved] random_IR_0191

============================================================
[192/200] random_IR_0192.npz
  GT loss: 0.000000
  terrain_mean=0.075994  early_threshold=0.000722  (alpha=0.0095)
  tolfun=0.000395 tolfunhist=0.000395  (frac=0.0052 of range=0.076)
    --> Trial 0 | pop=41 seed=95072 x0_norm_min=-0.951 x0_norm_max=0.812
        [Trial 0] gen   20  evals=  820  best=0.0510
        [Trial 0] gen   40  evals= 1640  best=0.0503
        [Trial 0] gen   60  evals= 2460  best=0.0489
        [Trial 0] gen   80  evals= 3280  best=0.0489
        [Trial 0] gen  100  evals= 4100  best=0.0477
        [Trial 0] gen  120  evals= 4920  best=0.0476
        [Trial 0] gen  140  evals= 5740  best=0.0476
        [Trial 0] gen  160  evals= 6560  best=0.0475
        [Trial 0] gen  180  evals= 7380  best=0.0465
        [Trial 0] gen  200  evals= 8200  best=0.0465
        [Done] Trial 0 best=0.0465

  Winner: Trial 0, loss=0.046546 (310s)
    Restarts run: 1
    mu: 11.004774
    D_mu: 0.870919
    T0_mu: 77.920862
    Ly: 2.800594
    op_x: 0.948681
    op_y: 0.702525
    NMSE: 0.062027
  [Saved] random_IR_0192

============================================================
[193/200] random_IR_0193.npz
  GT loss: 0.000000
  terrain_mean=0.065381  early_threshold=0.000621  (alpha=0.0095)
  tolfun=0.00034 tolfunhist=0.00034  (frac=0.0052 of range=0.0654)
    --> Trial 0 | pop=41 seed=95072 x0_norm_min=-0.951 x0_norm_max=0.812
        [Trial 0] gen   20  evals=  820  best=0.0461
        [Trial 0] gen   40  evals= 1640  best=0.0459
        [Trial 0] gen   60  evals= 2460  best=0.0458
        [Trial 0] gen   80  evals= 3280  best=0.0450
        [Trial 0] gen  100  evals= 4100  best=0.0447
        [Trial 0] gen  120  evals= 4920  best=0.0447
        [Trial 0] gen  140  evals= 5740  best=0.0447
        [Trial 0] gen  160  evals= 6560  best=0.0438
        [Trial 0] gen  180  evals= 7380  best=0.0438
        [Trial 0] gen  200  evals= 8200  best=0.0432
        [Trial 0] gen  220  evals= 9020  best=0.0432
        [Done] Trial 0 best=0.0431

  Winner: Trial 0, loss=0.043116 (214s)
    Restarts run: 1
    mu: 4.690467
    D_mu: 2.058328
    T0_mu: 208.037522
    Ly: 2.683971
    op_x: 0.531836
    op_y: 0.678357
    NMSE: 0.133243
  [Saved] random_IR_0193

============================================================
[194/200] random_IR_0194.npz
  GT loss: 0.000000
  terrain_mean=0.067370  early_threshold=0.000640  (alpha=0.0095)
  tolfun=0.00035 tolfunhist=0.00035  (frac=0.0052 of range=0.0674)
    --> Trial 0 | pop=41 seed=95072 x0_norm_min=-0.951 x0_norm_max=0.812
        [Trial 0] gen   20  evals=  820  best=0.0382
        [Trial 0] gen   40  evals= 1640  best=0.0376
        [Trial 0] gen   60  evals= 2460  best=0.0375
        [Trial 0] gen   80  evals= 3280  best=0.0374
        [Trial 0] gen  100  evals= 4100  best=0.0365
        [Trial 0] gen  120  evals= 4920  best=0.0359
        [Trial 0] gen  140  evals= 5740  best=0.0353
        [Trial 0] gen  160  evals= 6560  best=0.0350
        [Trial 0] gen  180  evals= 7380  best=0.0350
        [Done] Trial 0 best=0.0350

  Winner: Trial 0, loss=0.035030 (162s)
    Restarts run: 1
    mu: 21.286965
    D_mu: 0.503676
    T0_mu: 29.063330
    Ly: 1.133949
    op_x: 0.610196
    op_y: 0.601952
    NMSE: 0.024336
  [Saved] random_IR_0194

============================================================
[195/200] random_IR_0195.npz
  GT loss: 0.000000
  terrain_mean=0.064144  early_threshold=0.000609  (alpha=0.0095)
  tolfun=0.000334 tolfunhist=0.000334  (frac=0.0052 of range=0.0641)
    --> Trial 0 | pop=41 seed=95072 x0_norm_min=-0.951 x0_norm_max=0.812
        [Trial 0] gen   20  evals=  820  best=0.0408
        [Trial 0] gen   40  evals= 1640  best=0.0402
        [Trial 0] gen   60  evals= 2460  best=0.0402
        [Trial 0] gen   80  evals= 3280  best=0.0402
        [Trial 0] gen  100  evals= 4100  best=0.0402
        [Trial 0] gen  120  evals= 4920  best=0.0401
        [Trial 0] gen  140  evals= 5740  best=0.0401
        [Done] Trial 0 best=0.0401

  Winner: Trial 0, loss=0.040050 (291s)
    Restarts run: 1
    mu: 13.449994
    D_mu: 1.157159
    T0_mu: 69.714710
    Ly: 3.992137
    op_x: 0.560342
    op_y: 0.635903
    NMSE: 0.097671
  [Saved] random_IR_0195

============================================================
[196/200] random_IR_0196.npz
  GT loss: 0.000000
  terrain_mean=0.064246  early_threshold=0.000610  (alpha=0.0095)
  tolfun=0.000334 tolfunhist=0.000334  (frac=0.0052 of range=0.0642)
    --> Trial 0 | pop=41 seed=95072 x0_norm_min=-0.951 x0_norm_max=0.812
        [Trial 0] gen   20  evals=  820  best=0.0447
        [Trial 0] gen   40  evals= 1640  best=0.0441
        [Trial 0] gen   60  evals= 2460  best=0.0430
        [Trial 0] gen   80  evals= 3280  best=0.0426
        [Trial 0] gen  100  evals= 4100  best=0.0422
        [Trial 0] gen  120  evals= 4920  best=0.0409
        [Trial 0] gen  140  evals= 5740  best=0.0392
        [Trial 0] gen  160  evals= 6560  best=0.0390
        [Trial 0] gen  180  evals= 7380  best=0.0384
        [Trial 0] gen  200  evals= 8200  best=0.0384
        [Done] Trial 0 best=0.0383

  Winner: Trial 0, loss=0.038348 (98s)
    Restarts run: 1
    mu: 23.873869
    D_mu: 20.360396
    T0_mu: 1.579849
    Ly: 3.268873
    op_x: 0.650347
    op_y: 0.887574
    NMSE: 0.069905
  [Saved] random_IR_0196

============================================================
[197/200] random_IR_0197.npz
  GT loss: 0.000000
  terrain_mean=0.073386  early_threshold=0.000697  (alpha=0.0095)
  tolfun=0.000382 tolfunhist=0.000382  (frac=0.0052 of range=0.0734)
    --> Trial 0 | pop=41 seed=95072 x0_norm_min=-0.951 x0_norm_max=0.812
        [Trial 0] gen   20  evals=  820  best=0.0336
        [Trial 0] gen   40  evals= 1640  best=0.0334
        [Trial 0] gen   60  evals= 2460  best=0.0333
        [Trial 0] gen   80  evals= 3280  best=0.0323
        [Trial 0] gen  100  evals= 4100  best=0.0323
        [Trial 0] gen  120  evals= 4920  best=0.0323
        [Trial 0] gen  140  evals= 5740  best=0.0322
        [Trial 0] gen  160  evals= 6560  best=0.0314
        [Trial 0] gen  180  evals= 7380  best=0.0314
        [Trial 0] gen  200  evals= 8200  best=0.0310
        [Trial 0] gen  220  evals= 9020  best=0.0308
        [Trial 0] gen  240  evals= 9840  best=0.0308
        [Trial 0] gen  260  evals=10660  best=0.0308
        [Trial 0] gen  280  evals=11480  best=0.0308
        [Done] Trial 0 best=0.0307

  Winner: Trial 0, loss=0.030727 (543s)
    Restarts run: 1
    mu: 19.276371
    D_mu: 0.709866
    T0_mu: 0.012067
    Ly: 2.958820
    op_x: 0.754918
    op_y: 0.626827
    NMSE: 0.015468
  [Saved] random_IR_0197

============================================================
[198/200] random_IR_0198.npz
  GT loss: 0.000000
  terrain_mean=0.067555  early_threshold=0.000642  (alpha=0.0095)
  tolfun=0.000351 tolfunhist=0.000351  (frac=0.0052 of range=0.0676)
    --> Trial 0 | pop=41 seed=95072 x0_norm_min=-0.951 x0_norm_max=0.812
        [Trial 0] gen   20  evals=  820  best=0.0386
        [Trial 0] gen   40  evals= 1640  best=0.0376
        [Trial 0] gen   60  evals= 2460  best=0.0376
        [Trial 0] gen   80  evals= 3280  best=0.0373
        [Trial 0] gen  100  evals= 4100  best=0.0373
        [Trial 0] gen  120  evals= 4920  best=0.0373
        [Trial 0] gen  140  evals= 5740  best=0.0373
        [Trial 0] gen  160  evals= 6560  best=0.0373
        [Trial 0] gen  180  evals= 7380  best=0.0371
        [Trial 0] gen  200  evals= 8200  best=0.0371
        [Trial 0] gen  220  evals= 9020  best=0.0369
        [Trial 0] gen  240  evals= 9840  best=0.0368
        [Trial 0] gen  260  evals=10660  best=0.0365
        [Trial 0] gen  280  evals=11480  best=0.0365
        [Trial 0] gen  300  evals=12300  best=0.0365
        [TRIAL TIMEOUT] Trial 0 total >600s, stopping
        [Done] Trial 0 best=0.0362

  Winner: Trial 0, loss=0.036193 (600s)
    Restarts run: 1
    mu: 22.610866
    D_mu: 0.332502
    T0_mu: 9.422251
    Ly: 2.499066
    op_x: 0.533625
    op_y: 0.729087
    NMSE: 0.080875
  [Saved] random_IR_0198

============================================================
[199/200] random_IR_0199.npz
  GT loss: 0.000000
  terrain_mean=0.065287  early_threshold=0.000620  (alpha=0.0095)
  tolfun=0.000339 tolfunhist=0.000339  (frac=0.0052 of range=0.0653)
    --> Trial 0 | pop=41 seed=95072 x0_norm_min=-0.951 x0_norm_max=0.812
        [Trial 0] gen   20  evals=  820  best=0.0397
        [Trial 0] gen   40  evals= 1640  best=0.0396
        [Trial 0] gen   60  evals= 2460  best=0.0396
        [Trial 0] gen   80  evals= 3280  best=0.0392
        [Trial 0] gen  100  evals= 4100  best=0.0392
        [Trial 0] gen  120  evals= 4920  best=0.0389
        [Trial 0] gen  140  evals= 5740  best=0.0389
        [Trial 0] gen  160  evals= 6560  best=0.0389
        [Trial 0] gen  180  evals= 7380  best=0.0387
        [Trial 0] gen  200  evals= 8200  best=0.0387
        [Trial 0] gen  220  evals= 9020  best=0.0387
        [Trial 0] gen  240  evals= 9840  best=0.0387
        [Trial 0] gen  260  evals=10660  best=0.0377
        [Done] Trial 0 best=0.0375

  Winner: Trial 0, loss=0.037455 (432s)
    Restarts run: 1
    mu: 14.436966
    D_mu: 1.462784
    T0_mu: 42.648726
    Ly: 3.683912
    op_x: 0.588783
    op_y: 0.601122
    NMSE: 0.040943
  [Saved] random_IR_0199

============================================================
[200/200] random_IR_0200.npz
  GT loss: 0.000000
  terrain_mean=0.092728  early_threshold=0.000881  (alpha=0.0095)
  tolfun=0.000482 tolfunhist=0.000482  (frac=0.0052 of range=0.0927)
    --> Trial 0 | pop=41 seed=95072 x0_norm_min=-0.951 x0_norm_max=0.812
        [Trial 0] gen   20  evals=  820  best=0.0571
        [Trial 0] gen   40  evals= 1640  best=0.0571
        [Trial 0] gen   60  evals= 2460  best=0.0570
        [Trial 0] gen   80  evals= 3280  best=0.0555
        [Trial 0] gen  100  evals= 4100  best=0.0555
        [Trial 0] gen  120  evals= 4920  best=0.0555
        [Trial 0] gen  140  evals= 5740  best=0.0555
        [Trial 0] gen  160  evals= 6560  best=0.0551
        [Trial 0] gen  180  evals= 7380  best=0.0551
        [Trial 0] gen  200  evals= 8200  best=0.0551
        [Trial 0] gen  220  evals= 9020  best=0.0551
        [Trial 0] gen  240  evals= 9840  best=0.0551
        [Done] Trial 0 best=0.0551

  Winner: Trial 0, loss=0.055130 (186s)
    Restarts run: 1
    mu: 22.378829
    D_mu: 0.503703
    T0_mu: 17.980108
    Ly: 1.106064
    op_x: 0.517986
    op_y: 0.983833
    NMSE: 0.322508
  [Saved] random_IR_0200
