CMA-ES with LHS + Normalized Space on CUDA
  Loss: L1_STFT_log_multi
  Available losses: MSS, SC+LogMag, CQT_L1, CQT+LogDec, Mel, LSD, L1_STFT, L1_STFT_1024, MultiResCQT, VQT, Gammatone, Envelope, ESR, FreqDecay, Subband, ModalDensity, Dispersion, CentroidTraj, OnsetDisp, NullPattern, GroupDelay, ComplexSTFT, InstFreq, Scattering1D, SoftDTW_Mel, L1, L2, L1_STFT_512, L1_STFT_2048, L1_STFT_8192, L1_STFT_multi, L1_STFT_log, L1_STFT_sc, L1_STFT_log_multi, L1_STFT_sc_multi, L1_STFT_log_sc, SmoothMSS, SmoothMSS_resmatch
  Trials: 20
  Duration: 0.25s
  Search: normalized [-1, 1] space; expanded to physical bounds for synthesis
  sigma0: 0.6
  tolfun: 1e-05
  tolfunhist: 1e-05
  pruner_min_resource: 15
  pruner_reduction_factor: 3

============================================================
[1/50] random_IR_0001.npz
  GT loss: 0.776713
  terrain_mean=1.478945  early_threshold=0.783384  (alpha=0.0095)
    --> Trial 0 | pop=54 seed=37232 x0_norm_min=-0.944 x0_norm_max=0.730
        [Trial 0] gen   20  evals= 1080  best=0.9216
        [Trial 0] gen   40  evals= 2160  best=0.9118
        [Trial 0] gen   60  evals= 3240  best=0.9051
        [Trial 0] gen   80  evals= 4320  best=0.8822
        [Trial 0] gen  100  evals= 5400  best=0.8727
        [Trial 0] gen  120  evals= 6480  best=0.8566
        [Trial 0] gen  140  evals= 7560  best=0.8566
        [Trial 0] gen  160  evals= 8640  best=0.8566
        [Trial 0] gen  180  evals= 9720  best=0.8566
        [Trial 0] gen  200  evals=10800  best=0.8566
        [Trial 0] gen  220  evals=11880  best=0.8433
        [Trial 0] gen  240  evals=12960  best=0.8265
        [Trial 0] gen  260  evals=14040  best=0.8127
        [Trial 0] gen  280  evals=15120  best=0.8042
        [Trial 0] gen  300  evals=16200  best=0.8027
        [Trial 0] gen  320  evals=17280  best=0.8027
        [Trial 0] gen  340  evals=18360  best=0.8027
        [Trial 0] gen  360  evals=19440  best=0.8021
        [Trial 0] gen  380  evals=20520  best=0.8019
        [Trial 0] gen  400  evals=21600  best=0.8018
        [Trial 0] gen  420  evals=22680  best=0.8004
        [Trial 0] gen  440  evals=23760  best=0.8000
        [Trial 0] gen  460  evals=24840  best=0.8000
        [Trial 0] gen  480  evals=25920  best=0.8000
        [Trial 0] gen  500  evals=27000  best=0.8000
        [Trial 0] gen  520  evals=28080  best=0.8000
        [Trial 0] gen  540  evals=29160  best=0.8000
        [Done] Trial 0 best=0.8000
    --> Trial 1 | pop=54 seed=39007 x0_norm_min=-0.937 x0_norm_max=0.907
        [Trial 1] gen   20  evals= 1080  best=0.9209
        [Trial 1] gen   40  evals= 2160  best=0.9046
        [Trial 1] gen   60  evals= 3240  best=0.9046
        [Trial 1] gen   80  evals= 4320  best=0.8983
        [Trial 1] gen  100  evals= 5400  best=0.8961
        [Trial 1] gen  120  evals= 6480  best=0.8864
        [Pruned] Trial 1 at gen 135 (loss=0.8782)
    --> Trial 2 | pop=53 seed=65264 x0_norm_min=-0.344 x0_norm_max=0.824
        [Pruned] Trial 2 at gen 15 (loss=0.9416)
    --> Trial 3 | pop=57 seed=11390 x0_norm_min=-0.797 x0_norm_max=0.622
        [Pruned] Trial 3 at gen 15 (loss=0.9371)
    --> Trial 4 | pop=49 seed=27737 x0_norm_min=-0.947 x0_norm_max=0.785
        [Pruned] Trial 4 at gen 15 (loss=0.9524)
    --> Trial 5 | pop=56 seed=21487 x0_norm_min=-0.748 x0_norm_max=0.981
        [Pruned] Trial 5 at gen 15 (loss=0.9402)
    --> Trial 6 | pop=36 seed=52875 x0_norm_min=-0.929 x0_norm_max=0.732
        [Pruned] Trial 6 at gen 15 (loss=0.9803)
    --> Trial 7 | pop=36 seed=21461 x0_norm_min=-0.779 x0_norm_max=0.922
        [Pruned] Trial 7 at gen 15 (loss=0.9442)
    --> Trial 8 | pop=50 seed=22267 x0_norm_min=-0.814 x0_norm_max=0.843
        [Trial 8] gen   20  evals= 1000  best=0.9265
        [Trial 8] gen   40  evals= 2000  best=0.9133
        [Pruned] Trial 8 at gen 45 (loss=0.9133)
    --> Trial 9 | pop=49 seed=8203 x0_norm_min=-0.955 x0_norm_max=0.770
        [Pruned] Trial 9 at gen 15 (loss=0.9551)
    --> Trial 10 | pop=30 seed=95385 x0_norm_min=-0.841 x0_norm_max=0.672
        [Pruned] Trial 10 at gen 15 (loss=0.9860)
    --> Trial 11 | pop=60 seed=46582 x0_norm_min=-0.781 x0_norm_max=0.859
        [Pruned] Trial 11 at gen 15 (loss=0.9439)
    --> Trial 12 | pop=43 seed=43840 x0_norm_min=-0.402 x0_norm_max=0.428
        [Trial 12] gen   20  evals=  860  best=0.9254
        [Trial 12] gen   40  evals= 1720  best=0.9254
        [Pruned] Trial 12 at gen 45 (loss=0.9254)
    --> Trial 13 | pop=44 seed=69101 x0_norm_min=-0.863 x0_norm_max=0.955
        [Trial 13] gen   20  evals=  880  best=0.9203
        [Trial 13] gen   40  evals= 1760  best=0.9197
        [Trial 13] gen   60  evals= 2640  best=0.8877
        [Trial 13] gen   80  evals= 3520  best=0.8877
        [Trial 13] gen  100  evals= 4400  best=0.8856
        [Trial 13] gen  120  evals= 5280  best=0.8695
        [Pruned] Trial 13 at gen 135 (loss=0.8695)
    --> Trial 14 | pop=43 seed=77226 x0_norm_min=-0.897 x0_norm_max=-0.091
        [Pruned] Trial 14 at gen 15 (loss=0.9491)
    --> Trial 15 | pop=44 seed=74382 x0_norm_min=-0.690 x0_norm_max=0.990
        [Pruned] Trial 15 at gen 15 (loss=0.9671)
    --> Trial 16 | pop=39 seed=99190 x0_norm_min=-0.776 x0_norm_max=0.982
        [Pruned] Trial 16 at gen 15 (loss=0.9420)
    --> Trial 17 | pop=46 seed=60040 x0_norm_min=-0.863 x0_norm_max=0.835
        [Trial 17] gen   20  evals=  920  best=0.9275
        [Trial 17] gen   40  evals= 1840  best=0.9194
        [Pruned] Trial 17 at gen 45 (loss=0.9194)
    --> Trial 18 | pop=39 seed=85874 x0_norm_min=-0.933 x0_norm_max=0.907
        [Pruned] Trial 18 at gen 15 (loss=0.9508)
    --> Trial 19 | pop=60 seed=36423 x0_norm_min=-0.948 x0_norm_max=0.822
        [Pruned] Trial 19 at gen 15 (loss=0.9387)

  Winner: Trial 0, loss=0.799972 (977s)
    Restarts run: 20
    mu: 27.079845
    D_mu: 2.318595
    T0_mu: 0.911518
    Ly: 1.107073
    op_x: 0.719459
    op_y: 0.570017
    NMSE: 0.082322
  [Saved] random_IR_0001

============================================================
[2/50] random_IR_0002.npz
  GT loss: 1.099798
  terrain_mean=1.688373  early_threshold=1.105390  (alpha=0.0095)
    --> Trial 0 | pop=46 seed=74185 x0_norm_min=-0.944 x0_norm_max=0.730
        [Trial 0] gen   20  evals=  920  best=1.0971
        [Trial 0] gen   40  evals= 1840  best=1.0956
        [Trial 0] gen   60  evals= 2760  best=1.0407
        [Trial 0] gen   80  evals= 3680  best=1.0407
        [Trial 0] gen  100  evals= 4600  best=1.0407
        [Trial 0] gen  120  evals= 5520  best=1.0407
        [Trial 0] gen  140  evals= 6440  best=1.0407
        [Trial 0] gen  160  evals= 7360  best=1.0407
        [Trial 0] gen  180  evals= 8280  best=1.0407
        [Trial 0] gen  200  evals= 9200  best=1.0407
        [Trial 0] gen  220  evals=10120  best=1.0407
        [Trial 0] gen  240  evals=11040  best=1.0407
        [Trial 0] gen  260  evals=11960  best=1.0402
        [Trial 0] gen  280  evals=12880  best=1.0365
        [Trial 0] gen  300  evals=13800  best=1.0365
        [Trial 0] gen  320  evals=14720  best=1.0355
        [Trial 0] gen  340  evals=15640  best=1.0347
        [Trial 0] gen  360  evals=16560  best=1.0337
        [Trial 0] gen  380  evals=17480  best=1.0334
        [TRIAL TIMEOUT] Trial 0 total >600s, stopping
        [Done] Trial 0 best=1.0328
    --> Early stop triggered: trial 0 reached loss=1.032802 < 1.105390

  Winner: Trial 0, loss=1.032802 (602s)
    Restarts run: 1
    mu: 18.683036
    D_mu: 0.594421
    T0_mu: 6.951179
    Ly: 2.081426
    op_x: 0.630927
    op_y: 0.554092
    NMSE: 0.252058
  [Saved] random_IR_0002

============================================================
[3/50] random_IR_0003.npz
  GT loss: 1.402327
  terrain_mean=1.800832  early_threshold=1.406113  (alpha=0.0095)
    --> Trial 0 | pop=46 seed=4382 x0_norm_min=-0.944 x0_norm_max=0.730
        [Trial 0] gen   20  evals=  920  best=1.3512
        [Trial 0] gen   40  evals= 1840  best=1.3512
        [Trial 0] gen   60  evals= 2760  best=1.3372
        [Trial 0] gen   80  evals= 3680  best=1.3261
        [Trial 0] gen  100  evals= 4600  best=1.2968
        [Trial 0] gen  120  evals= 5520  best=1.2854
        [Trial 0] gen  140  evals= 6440  best=1.2785/home/bhpark3/dafxenv/lib/python3.12/site-packages/cma/utilities/utils.py:369: UserWarning: 
        geno-pheno transformation introduced based on the
        current covariance matrix with condition 1.4e+12 -> 1.0e+00,
        injected solutions become "invalid" in this iteration (time=Jul 11 05:09:50 2026 class=CMAEvolutionStrategy method=alleviate_conditioning iteration=493)
  warnings.warn(msg + ' (time={}'.format(time.asctime()[4:]) +

        [Trial 0] gen  160  evals= 7360  best=1.2627
        [Trial 0] gen  180  evals= 8280  best=1.2556
        [Trial 0] gen  200  evals= 9200  best=1.2425
        [Trial 0] gen  220  evals=10120  best=1.2238
        [Trial 0] gen  240  evals=11040  best=1.2203
        [Trial 0] gen  260  evals=11960  best=1.2175
        [Trial 0] gen  280  evals=12880  best=1.2162
        [Trial 0] gen  300  evals=13800  best=1.2157
        [Trial 0] gen  320  evals=14720  best=1.2157
        [Trial 0] gen  340  evals=15640  best=1.2145
        [Trial 0] gen  360  evals=16560  best=1.2143
        [Trial 0] gen  380  evals=17480  best=1.2143
        [Trial 0] gen  400  evals=18400  best=1.2143
        [Trial 0] gen  420  evals=19320  best=1.2143
        [Trial 0] gen  440  evals=20240  best=1.2141
        [Trial 0] gen  460  evals=21160  best=1.2141
        [Trial 0] gen  480  evals=22080  best=1.2141
        [Trial 0] gen  500  evals=23000  best=1.2141
        [Trial 0] gen  520  evals=23920  best=1.2141
        [Trial 0] gen  540  evals=24840  best=1.2141
        [Trial 0] gen  560  evals=25760  best=1.2141
        [Done] Trial 0 best=1.2141
    --> Early stop triggered: trial 0 reached loss=1.214126 < 1.406113

  Winner: Trial 0, loss=1.214126 (152s)
    Restarts run: 1
    mu: 40.510921
    D_mu: 50.228079
    T0_mu: 21.458879
    Ly: 2.935550
    op_x: 0.516437
    op_y: 0.510001
    NMSE: 0.348798
  [Saved] random_IR_0003

============================================================
[4/50] random_IR_0004.npz
  GT loss: 0.954685
  terrain_mean=1.548139  early_threshold=0.960323  (alpha=0.0095)
    --> Trial 0 | pop=60 seed=55364 x0_norm_min=-0.944 x0_norm_max=0.730
        [Trial 0] gen   20  evals= 1200  best=1.0775
        [Trial 0] gen   40  evals= 2400  best=1.0775
        [Trial 0] gen   60  evals= 3600  best=1.0702
        [Trial 0] gen   80  evals= 4800  best=1.0526
        [Trial 0] gen  100  evals= 6000  best=1.0526
        [Trial 0] gen  120  evals= 7200  best=1.0289
        [Trial 0] gen  140  evals= 8400  best=1.0254
        [Trial 0] gen  160  evals= 9600  best=1.0254
        [Trial 0] gen  180  evals=10800  best=1.0254
        [Trial 0] gen  200  evals=12000  best=1.0147
        [Trial 0] gen  220  evals=13200  best=1.0002
        [Trial 0] gen  240  evals=14400  best=0.9872
        [Trial 0] gen  260  evals=15600  best=0.9749
        [Trial 0] gen  280  evals=16800  best=0.9683
        [Trial 0] gen  300  evals=18000  best=0.9443
        [Trial 0] gen  320  evals=19200  best=0.9278
        [Trial 0] gen  340  evals=20400  best=0.9151
        [Trial 0] gen  360  evals=21600  best=0.9110
NOTE (module=cma, iteration=369):  
condition in coordinate system exceeded 1.1e+08, rescaled to 1.0e+00, 
condition changed from 1.4e+09 to 6.4e+07
        [Trial 0] gen  380  evals=22800  best=0.9095
        [Trial 0] gen  400  evals=24000  best=0.9094
        [Trial 0] gen  420  evals=25200  best=0.9090
        [Trial 0] gen  440  evals=26400  best=0.9090
        [Trial 0] gen  460  evals=27600  best=0.9087
        [Trial 0] gen  480  evals=28800  best=0.9087
        [Trial 0] gen  500  evals=30000  best=0.9087
        [Done] Trial 0 best=0.9087
    --> Early stop triggered: trial 0 reached loss=0.908699 < 0.960323

  Winner: Trial 0, loss=0.908699 (67s)
    Restarts run: 1
    mu: 22.927847
    D_mu: 63.297228
    T0_mu: 43.563291
    Ly: 1.147060
    op_x: 0.741653
    op_y: 0.518242
    NMSE: 0.271313
  [Saved] random_IR_0004

============================================================
[5/50] random_IR_0005.npz
  GT loss: 0.747640
  terrain_mean=1.675454  early_threshold=0.756454  (alpha=0.0095)
    --> Trial 0 | pop=35 seed=1298 x0_norm_min=-0.944 x0_norm_max=0.730
        [Trial 0] gen   20  evals=  700  best=0.9597
        [Trial 0] gen   40  evals= 1400  best=0.9329
        [Trial 0] gen   60  evals= 2100  best=0.9313
        [Trial 0] gen   80  evals= 2800  best=0.9250
        [Trial 0] gen  100  evals= 3500  best=0.9213
        [Trial 0] gen  120  evals= 4200  best=0.9165
        [Trial 0] gen  140  evals= 4900  best=0.9081
        [Trial 0] gen  160  evals= 5600  best=0.9025
        [Trial 0] gen  180  evals= 6300  best=0.9012
        [Trial 0] gen  200  evals= 7000  best=0.9012
        [Trial 0] gen  220  evals= 7700  best=0.9012
        [Trial 0] gen  240  evals= 8400  best=0.9012
        [TRIAL TIMEOUT] Trial 0 total >600s, stopping
        [Done] Trial 0 best=0.9012
    --> Trial 1 | pop=32 seed=26856 x0_norm_min=-0.937 x0_norm_max=0.907
        [Pruned] Trial 1 at gen 15 (loss=0.9793)
    --> Trial 2 | pop=48 seed=94469 x0_norm_min=-0.344 x0_norm_max=0.824
        [Trial 2] gen   20  evals=  960  best=0.9342
        [Trial 2] gen   40  evals= 1920  best=0.9342
        [Pruned] Trial 2 at gen 45 (loss=0.9342)
    --> Trial 3 | pop=45 seed=66632 x0_norm_min=-0.797 x0_norm_max=0.622
        [Pruned] Trial 3 at gen 15 (loss=0.9605)
    --> Trial 4 | pop=59 seed=71516 x0_norm_min=-0.947 x0_norm_max=0.785
        [Pruned] Trial 4 at gen 15 (loss=0.9761)
    --> Trial 5 | pop=42 seed=26005 x0_norm_min=-0.748 x0_norm_max=0.981
        [Pruned] Trial 5 at gen 15 (loss=0.9602)
    --> Trial 6 | pop=46 seed=80809 x0_norm_min=-0.929 x0_norm_max=0.732
        [Trial 6] gen   20  evals=  920  best=0.9350
        [Trial 6] gen   40  evals= 1840  best=0.9343
        [Trial 6] gen   60  evals= 2760  best=0.9190
        [Trial 6] gen   80  evals= 3680  best=0.9190
        [Trial 6] gen  100  evals= 4600  best=0.9081
        [Trial 6] gen  120  evals= 5520  best=0.9081
        [Trial 6] gen  140  evals= 6440  best=0.9081
        [Trial 6] gen  160  evals= 7360  best=0.9081
        [Trial 6] gen  180  evals= 8280  best=0.9030
        [Trial 6] gen  200  evals= 9200  best=0.8994
        [TRIAL TIMEOUT] Trial 6 total >600s, stopping
        [Done] Trial 6 best=0.8984
    --> Trial 7 | pop=55 seed=84477 x0_norm_min=-0.779 x0_norm_max=0.922
        [Pruned] Trial 7 at gen 15 (loss=0.9687)
    --> Trial 8 | pop=58 seed=46151 x0_norm_min=-0.814 x0_norm_max=0.843
        [Pruned] Trial 8 at gen 15 (loss=0.9762)
    --> Trial 9 | pop=33 seed=62381 x0_norm_min=-0.955 x0_norm_max=0.770
        [Pruned] Trial 9 at gen 15 (loss=0.9720)
    --> Trial 10 | pop=51 seed=43465 x0_norm_min=-0.841 x0_norm_max=0.672
        [Pruned] Trial 10 at gen 15 (loss=0.9695)
    --> Trial 11 | pop=38 seed=1340 x0_norm_min=-0.781 x0_norm_max=0.859
        [Trial 11] gen   20  evals=  760  best=0.9541
        [Trial 11] gen   40  evals= 1520  best=0.9273
        [Pruned] Trial 11 at gen 45 (loss=0.9273)
    --> Trial 12 | pop=38 seed=19942 x0_norm_min=-0.402 x0_norm_max=0.428
        [Trial 12] gen   20  evals=  760  best=0.9541
        [Trial 12] gen   40  evals= 1520  best=0.9507
        [Pruned] Trial 12 at gen 45 (loss=0.9507)
    --> Trial 13 | pop=39 seed=7690 x0_norm_min=-0.863 x0_norm_max=0.955
        [Pruned] Trial 13 at gen 15 (loss=0.9984)
    --> Trial 14 | pop=30 seed=44082 x0_norm_min=-0.897 x0_norm_max=-0.091
        [Pruned] Trial 14 at gen 15 (loss=0.9647)
    --> Trial 15 | pop=52 seed=98192 x0_norm_min=-0.690 x0_norm_max=0.990
        [Pruned] Trial 15 at gen 15 (loss=0.9665)
    --> Trial 16 | pop=44 seed=80151 x0_norm_min=-0.776 x0_norm_max=0.982
        [Trial 16] gen   20  evals=  880  best=0.9140
        [Trial 16] gen   40  evals= 1760  best=0.9076
        [Trial 16] gen   60  evals= 2640  best=0.9076
        [Trial 16] gen   80  evals= 3520  best=0.9031
        [Trial 16] gen  100  evals= 4400  best=0.8969
        [Trial 16] gen  120  evals= 5280  best=0.8950
        [Trial 16] gen  140  evals= 6160  best=0.8950
        [Trial 16] gen  160  evals= 7040  best=0.8950
        [Trial 16] gen  180  evals= 7920  best=0.8950
        [Trial 16] gen  200  evals= 8800  best=0.8950
        [Trial 16] gen  220  evals= 9680  best=0.8950
        [Trial 16] gen  240  evals=10560  best=0.8950
        [Trial 16] gen  260  evals=11440  best=0.8950
        [Trial 16] gen  280  evals=12320  best=0.8950
        [Trial 16] gen  300  evals=13200  best=0.8950
        [Trial 16] gen  320  evals=14080  best=0.8950
        [Trial 16] gen  340  evals=14960  best=0.8950
        [Trial 16] gen  360  evals=15840  best=0.8934
        [Trial 16] gen  380  evals=16720  best=0.8934
        [Trial 16] gen  400  evals=17600  best=0.8934
        [Trial 16] gen  420  evals=18480  best=0.8934
        [Trial 16] gen  440  evals=19360  best=0.8934
        [Trial 16] gen  460  evals=20240  best=0.8929
        [Trial 16] gen  480  evals=21120  best=0.8924
        [Trial 16] gen  500  evals=22000  best=0.8913
        [Trial 16] gen  520  evals=22880  best=0.8913
        [Trial 16] gen  540  evals=23760  best=0.8913
        [Trial 16] gen  560  evals=24640  best=0.8913
        [Trial 16] gen  580  evals=25520  best=0.8913
        [Trial 16] gen  600  evals=26400  best=0.8913
        [Done] Trial 16 best=0.8913
    --> Trial 17 | pop=45 seed=80312 x0_norm_min=-0.863 x0_norm_max=0.835
        [Pruned] Trial 17 at gen 15 (loss=0.9904)
    --> Trial 18 | pop=46 seed=83251 x0_norm_min=-0.933 x0_norm_max=0.907
        [Trial 18] gen   20  evals=  920  best=0.9503
        [Trial 18] gen   40  evals= 1840  best=0.9314
        [Pruned] Trial 18 at gen 45 (loss=0.9314)
    --> Trial 19 | pop=41 seed=53899 x0_norm_min=-0.948 x0_norm_max=0.822
        [Trial 19] gen   20  evals=  820  best=0.9208
        [Trial 19] gen   40  evals= 1640  best=0.9208
        [Trial 19] gen   60  evals= 2460  best=0.9079
        [Trial 19] gen   80  evals= 3280  best=0.9079
        [Trial 19] gen  100  evals= 4100  best=0.9079
        [Trial 19] gen  120  evals= 4920  best=0.9017
        [Pruned] Trial 19 at gen 135 (loss=0.8966)

  Winner: Trial 16, loss=0.891296 (2456s)
    Restarts run: 20
    mu: 35.377982
    D_mu: 0.842364
    T0_mu: 1.870957
    Ly: 1.276555
    op_x: 0.587795
    op_y: 0.553087
    NMSE: 0.065755
  [Saved] random_IR_0005

============================================================
[6/50] random_IR_0006.npz
  GT loss: 0.734367
  terrain_mean=1.484113  early_threshold=0.741490  (alpha=0.0095)
    --> Trial 0 | pop=44 seed=29524 x0_norm_min=-0.944 x0_norm_max=0.730
        [Trial 0] gen   20  evals=  880  best=0.9368
        [Trial 0] gen   40  evals= 1760  best=0.8892
        [Trial 0] gen   60  evals= 2640  best=0.8892
        [Trial 0] gen   80  evals= 3520  best=0.8695
        [Trial 0] gen  100  evals= 4400  best=0.8695
        [Trial 0] gen  120  evals= 5280  best=0.8695
        [Trial 0] gen  140  evals= 6160  best=0.8695
        [Trial 0] gen  160  evals= 7040  best=0.8695
        [Trial 0] gen  180  evals= 7920  best=0.8695
        [Trial 0] gen  200  evals= 8800  best=0.8695
        [Trial 0] gen  220  evals= 9680  best=0.8695
        [Trial 0] gen  240  evals=10560  best=0.8626
        [Trial 0] gen  260  evals=11440  best=0.8626
        [Trial 0] gen  280  evals=12320  best=0.8582
        [Trial 0] gen  300  evals=13200  best=0.8559
        [Trial 0] gen  320  evals=14080  best=0.8552
        [Trial 0] gen  340  evals=14960  best=0.8552
        [Trial 0] gen  360  evals=15840  best=0.8534
        [Trial 0] gen  380  evals=16720  best=0.8534
        [TRIAL TIMEOUT] Trial 0 total >600s, stopping
        [Done] Trial 0 best=0.8528
    --> Trial 1 | pop=34 seed=95317 x0_norm_min=-0.937 x0_norm_max=0.907
        [Trial 1] gen   20  evals=  680  best=0.9125
        [Trial 1] gen   40  evals= 1360  best=0.8597
        [Trial 1] gen   60  evals= 2040  best=0.8597
        [Trial 1] gen   80  evals= 2720  best=0.8509
        [Trial 1] gen  100  evals= 3400  best=0.8383
        [Trial 1] gen  120  evals= 4080  best=0.8383
        [Trial 1] gen  140  evals= 4760  best=0.8353
        [Trial 1] gen  160  evals= 5440  best=0.8267
        [Trial 1] gen  180  evals= 6120  best=0.8213
        [Trial 1] gen  200  evals= 6800  best=0.8158
        [Trial 1] gen  220  evals= 7480  best=0.8158
        [Trial 1] gen  240  evals= 8160  best=0.8141
        [Trial 1] gen  260  evals= 8840  best=0.8141
        [Trial 1] gen  280  evals= 9520  best=0.8130
        [Trial 1] gen  300  evals=10200  best=0.8128
        [Trial 1] gen  320  evals=10880  best=0.8126
        [Trial 1] gen  340  evals=11560  best=0.8121
        [Trial 1] gen  360  evals=12240  best=0.8116
        [Trial 1] gen  380  evals=12920  best=0.8116
        [Trial 1] gen  400  evals=13600  best=0.8116
        [Done] Trial 1 best=0.8116
    --> Trial 2 | pop=48 seed=33146 x0_norm_min=-0.344 x0_norm_max=0.824
        [Trial 2] gen   20  evals=  960  best=0.9131
        [Trial 2] gen   40  evals= 1920  best=0.8663
        [Pruned] Trial 2 at gen 45 (loss=0.8663)
    --> Trial 3 | pop=38 seed=3410 x0_norm_min=-0.797 x0_norm_max=0.622
        [Trial 3] gen   20  evals=  760  best=0.8934
        [Trial 3] gen   40  evals= 1520  best=0.8913
        [Pruned] Trial 3 at gen 45 (loss=0.8913)
    --> Trial 4 | pop=32 seed=7121 x0_norm_min=-0.947 x0_norm_max=0.785
        [Pruned] Trial 4 at gen 15 (loss=0.9070)
    --> Trial 5 | pop=34 seed=80334 x0_norm_min=-0.748 x0_norm_max=0.981
        [Trial 5] gen   20  evals=  680  best=0.8826
        [Trial 5] gen   40  evals= 1360  best=0.8826
        [Pruned] Trial 5 at gen 45 (loss=0.8826)
    --> Trial 6 | pop=38 seed=56881 x0_norm_min=-0.929 x0_norm_max=0.732
        [Pruned] Trial 6 at gen 15 (loss=0.9169)
    --> Trial 7 | pop=48 seed=1114 x0_norm_min=-0.779 x0_norm_max=0.922
        [Pruned] Trial 7 at gen 15 (loss=0.9384)
    --> Trial 8 | pop=41 seed=63635 x0_norm_min=-0.814 x0_norm_max=0.843
        [Pruned] Trial 8 at gen 15 (loss=0.9452)
    --> Trial 9 | pop=53 seed=13922 x0_norm_min=-0.955 x0_norm_max=0.770
        [Trial 9] gen   20  evals= 1060  best=0.8871
        [Trial 9] gen   40  evals= 2120  best=0.8871
        [Pruned] Trial 9 at gen 45 (loss=0.8871)
    --> Trial 10 | pop=57 seed=97982 x0_norm_min=-0.841 x0_norm_max=0.672
        [Trial 10] gen   20  evals= 1140  best=0.8645
        [Trial 10] gen   40  evals= 2280  best=0.8645
        [Trial 10] gen   60  evals= 3420  best=0.8645
        [Trial 10] gen   80  evals= 4560  best=0.8645
        [Trial 10] gen  100  evals= 5700  best=0.8645
        [Trial 10] gen  120  evals= 6840  best=0.8604
        [Pruned] Trial 10 at gen 135 (loss=0.8604)
    --> Trial 11 | pop=44 seed=37138 x0_norm_min=-0.781 x0_norm_max=0.859
        [Trial 11] gen   20  evals=  880  best=0.8905
        [Trial 11] gen   40  evals= 1760  best=0.8905
        [Pruned] Trial 11 at gen 45 (loss=0.8804)
    --> Trial 12 | pop=30 seed=93718 x0_norm_min=-0.402 x0_norm_max=0.428
        [Pruned] Trial 12 at gen 15 (loss=0.9401)
    --> Trial 13 | pop=45 seed=60051 x0_norm_min=-0.863 x0_norm_max=0.955
        [Pruned] Trial 13 at gen 15 (loss=0.9279)
    --> Trial 14 | pop=36 seed=32457 x0_norm_min=-0.897 x0_norm_max=-0.091
        [Pruned] Trial 14 at gen 15 (loss=0.9273)
    --> Trial 15 | pop=52 seed=77806 x0_norm_min=-0.690 x0_norm_max=0.990
        [Pruned] Trial 15 at gen 15 (loss=0.9174)
    --> Trial 16 | pop=60 seed=43612 x0_norm_min=-0.776 x0_norm_max=0.982
        [Pruned] Trial 16 at gen 15 (loss=0.9078)
    --> Trial 17 | pop=42 seed=20554 x0_norm_min=-0.863 x0_norm_max=0.835
        [Pruned] Trial 17 at gen 15 (loss=0.9349)
    --> Trial 18 | pop=39 seed=77741 x0_norm_min=-0.933 x0_norm_max=0.907
        [Trial 18] gen   20  evals=  780  best=0.8926
        [Trial 18] gen   40  evals= 1560  best=0.8926
        [Pruned] Trial 18 at gen 45 (loss=0.8926)
    --> Trial 19 | pop=34 seed=24250 x0_norm_min=-0.948 x0_norm_max=0.822
        [Pruned] Trial 19 at gen 15 (loss=0.9057)

  Winner: Trial 1, loss=0.811628 (1103s)
    Restarts run: 20
    mu: 62.038867
    D_mu: 8.839982
    T0_mu: 7.955224
    Ly: 1.265906
    op_x: 0.617814
    op_y: 0.606439
    NMSE: 0.066084
  [Saved] random_IR_0006

============================================================
[7/50] random_IR_0007.npz
  GT loss: 0.726311
  terrain_mean=1.565222  early_threshold=0.734281  (alpha=0.0095)
    --> Trial 0 | pop=46 seed=80109 x0_norm_min=-0.944 x0_norm_max=0.730
        [Trial 0] gen   20  evals=  920  best=0.9114
        [Trial 0] gen   40  evals= 1840  best=0.8720
        [Trial 0] gen   60  evals= 2760  best=0.8653
        [Trial 0] gen   80  evals= 3680  best=0.8488
        [Trial 0] gen  100  evals= 4600  best=0.8488
        [Trial 0] gen  120  evals= 5520  best=0.8488
        [Trial 0] gen  140  evals= 6440  best=0.8378/home/bhpark3/dafxenv/lib/python3.12/site-packages/cma/utilities/utils.py:369: UserWarning: 
        geno-pheno transformation introduced based on the
        current covariance matrix with condition 1.1e+12 -> 1.0e+00,
        injected solutions become "invalid" in this iteration (time=Jul 11 07:01:42 2026 class=CMAEvolutionStrategy method=alleviate_conditioning iteration=513)
  warnings.warn(msg + ' (time={}'.format(time.asctime()[4:]) +

        [Trial 0] gen  160  evals= 7360  best=0.8378
        [Trial 0] gen  180  evals= 8280  best=0.8378
        [Trial 0] gen  200  evals= 9200  best=0.8242
        [Trial 0] gen  220  evals=10120  best=0.8242
        [Trial 0] gen  240  evals=11040  best=0.8242
        [TRIAL TIMEOUT] Trial 0 total >600s, stopping
        [Done] Trial 0 best=0.8242
    --> Trial 1 | pop=37 seed=10763 x0_norm_min=-0.937 x0_norm_max=0.907
        [Pruned] Trial 1 at gen 15 (loss=0.9544)
    --> Trial 2 | pop=54 seed=59928 x0_norm_min=-0.344 x0_norm_max=0.824
        [Trial 2] gen   20  evals= 1080  best=0.8980
        [Trial 2] gen   40  evals= 2160  best=0.8515
        [Trial 2] gen   60  evals= 3240  best=0.8479
        [Trial 2] gen   80  evals= 4320  best=0.8479
        [Trial 2] gen  100  evals= 5400  best=0.8296
        [Trial 2] gen  120  evals= 6480  best=0.8284
        [Trial 2] gen  140  evals= 7560  best=0.8271
        [Trial 2] gen  160  evals= 8640  best=0.8262
        [Trial 2] gen  180  evals= 9720  best=0.8221
        [Trial 2] gen  200  evals=10800  best=0.8150
        [Trial 2] gen  220  evals=11880  best=0.8094
        [Trial 2] gen  240  evals=12960  best=0.8076
        [TRIAL TIMEOUT] Trial 2 total >600s, stopping
        [Done] Trial 2 best=0.8066
    --> Trial 3 | pop=47 seed=36915 x0_norm_min=-0.797 x0_norm_max=0.622
        [Pruned] Trial 3 at gen 15 (loss=0.9156)
    --> Trial 4 | pop=45 seed=25219 x0_norm_min=-0.947 x0_norm_max=0.785
        [Trial 4] gen   20  evals=  900  best=0.8815
        [Trial 4] gen   40  evals= 1800  best=0.8643
        [Trial 4] gen   60  evals= 2700  best=0.8298
        [Trial 4] gen   80  evals= 3600  best=0.8279
        [Trial 4] gen  100  evals= 4500  best=0.8279
        [Trial 4] gen  120  evals= 5400  best=0.8279
        [Pruned] Trial 4 at gen 135 (loss=0.8279)
    --> Trial 5 | pop=37 seed=40314 x0_norm_min=-0.748 x0_norm_max=0.981
        [Trial 5] gen   20  evals=  740  best=0.9052
        [Trial 5] gen   40  evals= 1480  best=0.8618
        [Pruned] Trial 5 at gen 45 (loss=0.8618)
    --> Trial 6 | pop=57 seed=16927 x0_norm_min=-0.929 x0_norm_max=0.732
        [Pruned] Trial 6 at gen 15 (loss=0.9172)
    --> Trial 7 | pop=50 seed=51900 x0_norm_min=-0.779 x0_norm_max=0.922
        [Pruned] Trial 7 at gen 15 (loss=0.9602)
    --> Trial 8 | pop=50 seed=91885 x0_norm_min=-0.814 x0_norm_max=0.843
        [Trial 8] gen   20  evals= 1000  best=0.8333
        [Trial 8] gen   40  evals= 2000  best=0.8333
        [Pruned] Trial 8 at gen 45 (loss=0.8333)
    --> Trial 9 | pop=38 seed=87445 x0_norm_min=-0.955 x0_norm_max=0.770
        [Pruned] Trial 9 at gen 15 (loss=0.9372)
    --> Trial 10 | pop=60 seed=59980 x0_norm_min=-0.841 x0_norm_max=0.672
        [Trial 10] gen   20  evals= 1200  best=0.8919
        [Trial 10] gen   40  evals= 2400  best=0.8607
        [Pruned] Trial 10 at gen 45 (loss=0.8607)
    --> Trial 11 | pop=30 seed=71104 x0_norm_min=-0.781 x0_norm_max=0.859
        [Pruned] Trial 11 at gen 15 (loss=0.9786)
    --> Trial 12 | pop=54 seed=72747 x0_norm_min=-0.402 x0_norm_max=0.428
        [Trial 12] gen   20  evals= 1080  best=0.8884
        [Trial 12] gen   40  evals= 2160  best=0.8595
        [Pruned] Trial 12 at gen 45 (loss=0.8595)
    --> Trial 13 | pop=43 seed=77262 x0_norm_min=-0.863 x0_norm_max=0.955
        [Pruned] Trial 13 at gen 15 (loss=0.9179)
    --> Trial 14 | pop=53 seed=58803 x0_norm_min=-0.897 x0_norm_max=-0.091
        [Trial 14] gen   20  evals= 1060  best=0.9022
        [Trial 14] gen   40  evals= 2120  best=0.8438
        [Pruned] Trial 14 at gen 45 (loss=0.8438)
    --> Trial 15 | pop=42 seed=97821 x0_norm_min=-0.690 x0_norm_max=0.990
        [Pruned] Trial 15 at gen 15 (loss=0.9173)
    --> Trial 16 | pop=49 seed=82765 x0_norm_min=-0.776 x0_norm_max=0.982
        [Pruned] Trial 16 at gen 15 (loss=0.9208)
    --> Trial 17 | pop=54 seed=60101 x0_norm_min=-0.863 x0_norm_max=0.835
        [Pruned] Trial 17 at gen 15 (loss=0.9153)
    --> Trial 18 | pop=60 seed=47683 x0_norm_min=-0.933 x0_norm_max=0.907
        [Trial 18] gen   20  evals= 1200  best=0.8739
        [Trial 18] gen   40  evals= 2400  best=0.8440
        [Pruned] Trial 18 at gen 45 (loss=0.8440)
    --> Trial 19 | pop=42 seed=71410 x0_norm_min=-0.948 x0_norm_max=0.822
        [Trial 19] gen   20  evals=  840  best=0.8710
        [Trial 19] gen   40  evals= 1680  best=0.8710
        [Pruned] Trial 19 at gen 45 (loss=0.8710)

  Winner: Trial 2, loss=0.806573 (2047s)
    Restarts run: 20
    mu: 22.731514
    D_mu: 0.968182
    T0_mu: 0.010163
    Ly: 3.289956
    op_x: 0.601242
    op_y: 0.597001
    NMSE: 0.005779
  [Saved] random_IR_0007

============================================================
[8/50] random_IR_0008.npz
  GT loss: 0.600655
  terrain_mean=1.468350  early_threshold=0.608898  (alpha=0.0095)
    --> Trial 0 | pop=45 seed=17493 x0_norm_min=-0.944 x0_norm_max=0.730
        [Trial 0] gen   20  evals=  900  best=0.8305
        [Trial 0] gen   40  evals= 1800  best=0.8235
        [Trial 0] gen   60  evals= 2700  best=0.8071
        [Trial 0] gen   80  evals= 3600  best=0.8067
        [Trial 0] gen  100  evals= 4500  best=0.8040
        [Trial 0] gen  120  evals= 5400  best=0.7986
        [Trial 0] gen  140  evals= 6300  best=0.7935
        [Trial 0] gen  160  evals= 7200  best=0.7935
        [Trial 0] gen  180  evals= 8100  best=0.7935
        [Trial 0] gen  200  evals= 9000  best=0.7890
        [Trial 0] gen  220  evals= 9900  best=0.7890
        [Trial 0] gen  240  evals=10800  best=0.7890
        [Trial 0] gen  260  evals=11700  best=0.7890
        [Trial 0] gen  280  evals=12600  best=0.7861
        [Trial 0] gen  300  evals=13500  best=0.7813
        [Trial 0] gen  320  evals=14400  best=0.7787
        [Trial 0] gen  340  evals=15300  best=0.7762
        [Trial 0] gen  360  evals=16200  best=0.7762
        [Trial 0] gen  380  evals=17100  best=0.7762
        [Trial 0] gen  400  evals=18000  best=0.7753
        [Trial 0] gen  420  evals=18900  best=0.7752
        [TRIAL TIMEOUT] Trial 0 total >600s, stopping
        [Done] Trial 0 best=0.7752
    --> Trial 1 | pop=58 seed=62118 x0_norm_min=-0.937 x0_norm_max=0.907
        [Trial 1] gen   20  evals= 1160  best=0.8202
        [Trial 1] gen   40  evals= 2320  best=0.8202
        [Trial 1] gen   60  evals= 3480  best=0.8127
        [Trial 1] gen   80  evals= 4640  best=0.8065
        [Trial 1] gen  100  evals= 5800  best=0.7966
        [Trial 1] gen  120  evals= 6960  best=0.7966
        [Trial 1] gen  140  evals= 8120  best=0.7861
        [Trial 1] gen  160  evals= 9280  best=0.7778
        [Trial 1] gen  180  evals=10440  best=0.7710
        [Trial 1] gen  200  evals=11600  best=0.7701
        [Trial 1] gen  220  evals=12760  best=0.7628
        [Trial 1] gen  240  evals=13920  best=0.7628
        [Trial 1] gen  260  evals=15080  best=0.7587
        [Trial 1] gen  280  evals=16240  best=0.7512
        [Trial 1] gen  300  evals=17400  best=0.7439
        [Trial 1] gen  320  evals=18560  best=0.7437
        [Trial 1] gen  340  evals=19720  best=0.7433
        [Trial 1] gen  360  evals=20880  best=0.7409
        [Trial 1] gen  380  evals=22040  best=0.7406
        [Trial 1] gen  400  evals=23200  best=0.7396
        [Trial 1] gen  420  evals=24360  best=0.7396
        [Trial 1] gen  440  evals=25520  best=0.7395
        [Trial 1] gen  460  evals=26680  best=0.7395
        [Trial 1] gen  480  evals=27840  best=0.7395
        [Trial 1] gen  500  evals=29000  best=0.7395
        [Done] Trial 1 best=0.7390
    --> Trial 2 | pop=45 seed=12297 x0_norm_min=-0.344 x0_norm_max=0.824
        [Pruned] Trial 2 at gen 15 (loss=0.8455)
    --> Trial 3 | pop=40 seed=41571 x0_norm_min=-0.797 x0_norm_max=0.622
        [Trial 3] gen   20  evals=  800  best=0.8200
        [Trial 3] gen   40  evals= 1600  best=0.8143
        [Trial 3] gen   60  evals= 2400  best=0.8143
        [Trial 3] gen   80  evals= 3200  best=0.8001
        [Trial 3] gen  100  evals= 4000  best=0.8001
        [Trial 3] gen  120  evals= 4800  best=0.8001
        [Pruned] Trial 3 at gen 135 (loss=0.8001)
    --> Trial 4 | pop=38 seed=94254 x0_norm_min=-0.947 x0_norm_max=0.785
        [Pruned] Trial 4 at gen 15 (loss=0.8652)
    --> Trial 5 | pop=30 seed=62034 x0_norm_min=-0.748 x0_norm_max=0.981
        [Trial 5] gen   20  evals=  600  best=0.8400
        [Trial 5] gen   40  evals= 1200  best=0.8271
        [Pruned] Trial 5 at gen 45 (loss=0.8271)
    --> Trial 6 | pop=53 seed=60153 x0_norm_min=-0.929 x0_norm_max=0.732
        [Trial 6] gen   20  evals= 1060  best=0.8276
        [Trial 6] gen   40  evals= 2120  best=0.8223
        [Pruned] Trial 6 at gen 45 (loss=0.8223)
    --> Trial 7 | pop=35 seed=23464 x0_norm_min=-0.779 x0_norm_max=0.922
        [Pruned] Trial 7 at gen 15 (loss=0.8925)
    --> Trial 8 | pop=37 seed=68190 x0_norm_min=-0.814 x0_norm_max=0.843
        [Pruned] Trial 8 at gen 15 (loss=0.8580)
    --> Trial 9 | pop=30 seed=46353 x0_norm_min=-0.955 x0_norm_max=0.770
        [Pruned] Trial 9 at gen 15 (loss=0.8636)
    --> Trial 10 | pop=60 seed=95132 x0_norm_min=-0.841 x0_norm_max=0.672
        [Trial 10] gen   20  evals= 1200  best=0.8232
        [Trial 10] gen   40  evals= 2400  best=0.7989
        [Trial 10] gen   60  evals= 3600  best=0.7989
        [Trial 10] gen   80  evals= 4800  best=0.7989
        [Trial 10] gen  100  evals= 6000  best=0.7878
        [Trial 10] gen  120  evals= 7200  best=0.7785
        [Trial 10] gen  140  evals= 8400  best=0.7678
        [Trial 10] gen  160  evals= 9600  best=0.7678
        [Trial 10] gen  180  evals=10800  best=0.7637
        [Trial 10] gen  200  evals=12000  best=0.7605
        [Trial 10] gen  220  evals=13200  best=0.7605
        [Trial 10] gen  240  evals=14400  best=0.7299
        [Trial 10] gen  260  evals=15600  best=0.7204
        [Trial 10] gen  280  evals=16800  best=0.7139
        [Trial 10] gen  300  evals=18000  best=0.7124
        [Trial 10] gen  320  evals=19200  best=0.7110
        [Trial 10] gen  340  evals=20400  best=0.7105
NOTE (module=cma, iteration=348):  
condition in coordinate system exceeded 1.2e+08, rescaled to 1.0e+00, 
condition changed from 4.0e+09 to 1.1e+09
        [Trial 10] gen  360  evals=21600  best=0.7083
        [Trial 10] gen  380  evals=22800  best=0.7083
        [Trial 10] gen  400  evals=24000  best=0.7083
        [Trial 10] gen  420  evals=25200  best=0.7083
        [Trial 10] gen  440  evals=26400  best=0.7083
        [Trial 10] gen  460  evals=27600  best=0.7083
        [Trial 10] gen  480  evals=28800  best=0.7083
        [Trial 10] gen  500  evals=30000  best=0.7083
        [Done] Trial 10 best=0.7083
    --> Trial 11 | pop=60 seed=99391 x0_norm_min=-0.781 x0_norm_max=0.859
        [Pruned] Trial 11 at gen 15 (loss=0.8616)
    --> Trial 12 | pop=60 seed=80792 x0_norm_min=-0.402 x0_norm_max=0.428
        [Trial 12] gen   20  evals= 1200  best=0.8220
        [Trial 12] gen   40  evals= 2400  best=0.8220
        [Pruned] Trial 12 at gen 45 (loss=0.8220)
    --> Trial 13 | pop=54 seed=81993 x0_norm_min=-0.863 x0_norm_max=0.955
        [Trial 13] gen   20  evals= 1080  best=0.8254
        [Trial 13] gen   40  evals= 2160  best=0.8046
        [Trial 13] gen   60  evals= 3240  best=0.7943
        [Trial 13] gen   80  evals= 4320  best=0.7892
        [Trial 13] gen  100  evals= 5400  best=0.7818
        [Trial 13] gen  120  evals= 6480  best=0.7800
        [Trial 13] gen  140  evals= 7560  best=0.7651
        [Trial 13] gen  160  evals= 8640  best=0.7568
        [Trial 13] gen  180  evals= 9720  best=0.7568
        [Trial 13] gen  200  evals=10800  best=0.7545
        [Trial 13] gen  220  evals=11880  best=0.7542
        [Trial 13] gen  240  evals=12960  best=0.7530
        [Trial 13] gen  260  evals=14040  best=0.7530
        [Trial 13] gen  280  evals=15120  best=0.7530
        [Trial 13] gen  300  evals=16200  best=0.7522
        [Trial 13] gen  320  evals=17280  best=0.7521
        [Trial 13] gen  340  evals=18360  best=0.7521
        [Trial 13] gen  360  evals=19440  best=0.7519
        [Trial 13] gen  380  evals=20520  best=0.7519
        [Trial 13] gen  400  evals=21600  best=0.7519
        [Pruned] Trial 13 at gen 405 (loss=0.7519)
    --> Trial 14 | pop=55 seed=379 x0_norm_min=-0.897 x0_norm_max=-0.091
        [Pruned] Trial 14 at gen 15 (loss=0.8448)
    --> Trial 15 | pop=50 seed=44423 x0_norm_min=-0.690 x0_norm_max=0.990
        [Trial 15] gen   20  evals= 1000  best=0.8220
        [Trial 15] gen   40  evals= 2000  best=0.8220
        [Pruned] Trial 15 at gen 45 (loss=0.8220)
    --> Trial 16 | pop=57 seed=82798 x0_norm_min=-0.776 x0_norm_max=0.982
        [Pruned] Trial 16 at gen 15 (loss=0.8602)
    --> Trial 17 | pop=50 seed=55563 x0_norm_min=-0.863 x0_norm_max=0.835
        [Pruned] Trial 17 at gen 15 (loss=0.8621)
    --> Trial 18 | pop=57 seed=73124 x0_norm_min=-0.933 x0_norm_max=0.907
        [Trial 18] gen   20  evals= 1140  best=0.8194
        [Trial 18] gen   40  evals= 2280  best=0.8194
        [Trial 18] gen   60  evals= 3420  best=0.7937
        [Trial 18] gen   80  evals= 4560  best=0.7937
        [Trial 18] gen  100  evals= 5700  best=0.7937
        [Trial 18] gen  120  evals= 6840  best=0.7937
        [Pruned] Trial 18 at gen 135 (loss=0.7937)
    --> Trial 19 | pop=50 seed=33582 x0_norm_min=-0.948 x0_norm_max=0.822
        [Pruned] Trial 19 at gen 15 (loss=0.8703)

  Winner: Trial 10, loss=0.708341 (2503s)
    Restarts run: 20
    mu: 24.139721
    D_mu: 1.670772
    T0_mu: 1.161736
    Ly: 1.105946
    op_x: 0.570372
    op_y: 0.510065
    NMSE: 0.058484
  [Saved] random_IR_0008

============================================================
[9/50] random_IR_0009.npz
  GT loss: 0.672649
  terrain_mean=1.601061  early_threshold=0.681469  (alpha=0.0095)
    --> Trial 0 | pop=30 seed=18076 x0_norm_min=-0.944 x0_norm_max=0.730
        [Trial 0] gen   20  evals=  600  best=0.9678
        [Trial 0] gen   40  evals= 1200  best=0.9530
        [Trial 0] gen   60  evals= 1800  best=0.8575
        [Trial 0] gen   80  evals= 2400  best=0.8575
        [Trial 0] gen  100  evals= 3000  best=0.8575
        [Trial 0] gen  120  evals= 3600  best=0.8575
        [Trial 0] gen  140  evals= 4200  best=0.8459
        [Trial 0] gen  160  evals= 4800  best=0.8356
        [Trial 0] gen  180  evals= 5400  best=0.8331
        [Trial 0] gen  200  evals= 6000  best=0.8309
        [Trial 0] gen  220  evals= 6600  best=0.8261
        [Trial 0] gen  240  evals= 7200  best=0.8255
        [Trial 0] gen  260  evals= 7800  best=0.8217
        [Trial 0] gen  280  evals= 8400  best=0.8195
        [Trial 0] gen  300  evals= 9000  best=0.8177
        [Trial 0] gen  320  evals= 9600  best=0.8177
        [Trial 0] gen  340  evals=10200  best=0.8177
        [Trial 0] gen  360  evals=10800  best=0.8177
        [Trial 0] gen  380  evals=11400  best=0.8177
        [Trial 0] gen  400  evals=12000  best=0.8177
        [Trial 0] gen  420  evals=12600  best=0.8177
        [Trial 0] gen  440  evals=13200  best=0.8170
        [Trial 0] gen  460  evals=13800  best=0.8170
        [Trial 0] gen  480  evals=14400  best=0.8166
        [Trial 0] gen  500  evals=15000  best=0.8166
        [Trial 0] gen  520  evals=15600  best=0.8159
        [TRIAL TIMEOUT] Trial 0 total >600s, stopping
        [Done] Trial 0 best=0.8159
    --> Trial 1 | pop=46 seed=94758 x0_norm_min=-0.937 x0_norm_max=0.907
        [Trial 1] gen   20  evals=  920  best=0.9249
        [Trial 1] gen   40  evals= 1840  best=0.9053
        [Trial 1] gen   60  evals= 2760  best=0.8952
        [Trial 1] gen   80  evals= 3680  best=0.8615
        [Trial 1] gen  100  evals= 4600  best=0.8498
        [Trial 1] gen  120  evals= 5520  best=0.8498
        [Trial 1] gen  140  evals= 6440  best=0.8434
        [Trial 1] gen  160  evals= 7360  best=0.8374
        [Trial 1] gen  180  evals= 8280  best=0.8346
        [Trial 1] gen  200  evals= 9200  best=0.8339
        [Trial 1] gen  220  evals=10120  best=0.8316
        [Trial 1] gen  240  evals=11040  best=0.8316
        [Trial 1] gen  260  evals=11960  best=0.8313
        [Trial 1] gen  280  evals=12880  best=0.8313
        [Trial 1] gen  300  evals=13800  best=0.8296
        [Trial 1] gen  320  evals=14720  best=0.8296
        [Trial 1] gen  340  evals=15640  best=0.8296
        [Trial 1] gen  360  evals=16560  best=0.8296
        [Trial 1] gen  380  evals=17480  best=0.8296
        [Trial 1] gen  400  evals=18400  best=0.8296
        [Pruned] Trial 1 at gen 405 (loss=0.8296)
    --> Trial 2 | pop=34 seed=45855 x0_norm_min=-0.344 x0_norm_max=0.824
        [Pruned] Trial 2 at gen 15 (loss=0.9567)
    --> Trial 3 | pop=34 seed=2088 x0_norm_min=-0.797 x0_norm_max=0.622
        [Trial 3] gen   20  evals=  680  best=0.8906
        [Trial 3] gen   40  evals= 1360  best=0.8741
        [Trial 3] gen   60  evals= 2040  best=0.8437
        [Trial 3] gen   80  evals= 2720  best=0.8437
        [Trial 3] gen  100  evals= 3400  best=0.8307
        [Trial 3] gen  120  evals= 4080  best=0.8260
        [Trial 3] gen  140  evals= 4760  best=0.8260
        [Trial 3] gen  160  evals= 5440  best=0.8159
        [Trial 3] gen  180  evals= 6120  best=0.8141
        [Trial 3] gen  200  evals= 6800  best=0.8141
        [Trial 3] gen  220  evals= 7480  best=0.8141
        [Trial 3] gen  240  evals= 8160  best=0.8047
        [Trial 3] gen  260  evals= 8840  best=0.8019
        [Trial 3] gen  280  evals= 9520  best=0.7987
        [Trial 3] gen  300  evals=10200  best=0.7987
        [Trial 3] gen  320  evals=10880  best=0.7966
        [Trial 3] gen  340  evals=11560  best=0.7963
        [Trial 3] gen  360  evals=12240  best=0.7943
        [Trial 3] gen  380  evals=12920  best=0.7937
        [Trial 3] gen  400  evals=13600  best=0.7933
        [Trial 3] gen  420  evals=14280  best=0.7926
        [Trial 3] gen  440  evals=14960  best=0.7922
        [Trial 3] gen  460  evals=15640  best=0.7919
        [Trial 3] gen  480  evals=16320  best=0.7916
        [Trial 3] gen  500  evals=17000  best=0.7916
        [Done] Trial 3 best=0.7916
    --> Trial 4 | pop=34 seed=32112 x0_norm_min=-0.947 x0_norm_max=0.785
        [Pruned] Trial 4 at gen 15 (loss=0.9503)
    --> Trial 5 | pop=46 seed=17528 x0_norm_min=-0.748 x0_norm_max=0.981
        [Pruned] Trial 5 at gen 15 (loss=0.9807)
    --> Trial 6 | pop=44 seed=3705 x0_norm_min=-0.929 x0_norm_max=0.732
        [Trial 6] gen   20  evals=  880  best=0.9010
        [Trial 6] gen   40  evals= 1760  best=0.9010
        [Pruned] Trial 6 at gen 45 (loss=0.9010)
    --> Trial 7 | pop=52 seed=23077 x0_norm_min=-0.779 x0_norm_max=0.922
        [Pruned] Trial 7 at gen 15 (loss=0.9343)
    --> Trial 8 | pop=40 seed=20558 x0_norm_min=-0.814 x0_norm_max=0.843
        [Pruned] Trial 8 at gen 15 (loss=0.9430)
    --> Trial 9 | pop=40 seed=16617 x0_norm_min=-0.955 x0_norm_max=0.770
        [Pruned] Trial 9 at gen 15 (loss=0.9293)
    --> Trial 10 | pop=57 seed=73878 x0_norm_min=-0.841 x0_norm_max=0.672
        [Trial 10] gen   20  evals= 1140  best=0.8990
        [Trial 10] gen   40  evals= 2280  best=0.8990
        [Pruned] Trial 10 at gen 45 (loss=0.8990)
    --> Trial 11 | pop=30 seed=1106 x0_norm_min=-0.781 x0_norm_max=0.859
        [Pruned] Trial 11 at gen 15 (loss=1.0083)
    --> Trial 12 | pop=30 seed=44336 x0_norm_min=-0.402 x0_norm_max=0.428
        [Pruned] Trial 12 at gen 15 (loss=1.0192)
    --> Trial 13 | pop=36 seed=44643 x0_norm_min=-0.863 x0_norm_max=0.955
        [Trial 13] gen   20  evals=  720  best=0.9248
        [Trial 13] gen   40  evals= 1440  best=0.8978
        [Trial 13] gen   60  evals= 2160  best=0.8978
        [Trial 13] gen   80  evals= 2880  best=0.8874
        [Trial 13] gen  100  evals= 3600  best=0.8874
        [Trial 13] gen  120  evals= 4320  best=0.8779
        [Pruned] Trial 13 at gen 135 (loss=0.8671)
    --> Trial 14 | pop=37 seed=5117 x0_norm_min=-0.897 x0_norm_max=-0.091
        [Pruned] Trial 14 at gen 15 (loss=0.9497)
    --> Trial 15 | pop=31 seed=30807 x0_norm_min=-0.690 x0_norm_max=0.990
        [Trial 15] gen   20  evals=  620  best=0.9217
        [Trial 15] gen   40  evals= 1240  best=0.9217
        [Pruned] Trial 15 at gen 45 (loss=0.9217)
    --> Trial 16 | pop=39 seed=58210 x0_norm_min=-0.776 x0_norm_max=0.982
        [Pruned] Trial 16 at gen 15 (loss=0.9738)
    --> Trial 17 | pop=33 seed=10667 x0_norm_min=-0.863 x0_norm_max=0.835
        [Pruned] Trial 17 at gen 15 (loss=0.9800)
    --> Trial 18 | pop=43 seed=31414 x0_norm_min=-0.933 x0_norm_max=0.907
        [Pruned] Trial 18 at gen 15 (loss=0.9454)
    --> Trial 19 | pop=60 seed=12442 x0_norm_min=-0.948 x0_norm_max=0.822
        [Pruned] Trial 19 at gen 15 (loss=0.9456)

  Winner: Trial 3, loss=0.791648 (1890s)
    Restarts run: 20
    mu: 26.240351
    D_mu: 0.537201
    T0_mu: 1.240356
    Ly: 1.803349
    op_x: 0.633888
    op_y: 0.783782
    NMSE: 0.036394
  [Saved] random_IR_0009

============================================================
[10/50] random_IR_0010.npz
  GT loss: 0.816695
  terrain_mean=1.428030  early_threshold=0.822503  (alpha=0.0095)
    --> Trial 0 | pop=34 seed=6069 x0_norm_min=-0.944 x0_norm_max=0.730
        [Trial 0] gen   20  evals=  680  best=0.9315
        [Trial 0] gen   40  evals= 1360  best=0.9284
        [Trial 0] gen   60  evals= 2040  best=0.9117
        [Trial 0] gen   80  evals= 2720  best=0.9117
        [Trial 0] gen  100  evals= 3400  best=0.9117
        [Trial 0] gen  120  evals= 4080  best=0.9117
        [Trial 0] gen  140  evals= 4760  best=0.9117
        [Trial 0] gen  160  evals= 5440  best=0.9117
        [Trial 0] gen  180  evals= 6120  best=0.9117
        [Trial 0] gen  200  evals= 6800  best=0.9117
        [Trial 0] gen  220  evals= 7480  best=0.9117
        [Trial 0] gen  240  evals= 8160  best=0.9117
        [Trial 0] gen  260  evals= 8840  best=0.9117
        [Trial 0] gen  280  evals= 9520  best=0.9117
        [Trial 0] gen  300  evals=10200  best=0.9117
        [Trial 0] gen  320  evals=10880  best=0.9117
        [Trial 0] gen  340  evals=11560  best=0.9061
        [Trial 0] gen  360  evals=12240  best=0.9002
        [Trial 0] gen  380  evals=12920  best=0.9002
        [Trial 0] gen  400  evals=13600  best=0.9002
        [Trial 0] gen  420  evals=14280  best=0.9002
        [Trial 0] gen  440  evals=14960  best=0.8979
        [Trial 0] gen  460  evals=15640  best=0.8954
        [Trial 0] gen  480  evals=16320  best=0.8954
        [Trial 0] gen  500  evals=17000  best=0.8943
        [Trial 0] gen  520  evals=17680  best=0.8935
        [Trial 0] gen  540  evals=18360  best=0.8935
        [Trial 0] gen  560  evals=19040  best=0.8932
        [Trial 0] gen  580  evals=19720  best=0.8931
        [Trial 0] gen  600  evals=20400  best=0.8926
        [Trial 0] gen  620  evals=21080  best=0.8916
        [Trial 0] gen  640  evals=21760  best=0.8916
        [Trial 0] gen  660  evals=22440  best=0.8916
        [Trial 0] gen  680  evals=23120  best=0.8916
        [Trial 0] gen  700  evals=23800  best=0.8916
        [Trial 0] gen  720  evals=24480  best=0.8916
        [Trial 0] gen  740  evals=25160  best=0.8916
        [Trial 0] gen  760  evals=25840  best=0.8916
        [Done] Trial 0 best=0.8916
    --> Trial 1 | pop=35 seed=95068 x0_norm_min=-0.937 x0_norm_max=0.907
        [Pruned] Trial 1 at gen 15 (loss=0.9557)
    --> Trial 2 | pop=33 seed=46392 x0_norm_min=-0.344 x0_norm_max=0.824
        [Pruned] Trial 2 at gen 15 (loss=0.9627)
    --> Trial 3 | pop=32 seed=38722 x0_norm_min=-0.797 x0_norm_max=0.622
        [Trial 3] gen   20  evals=  640  best=0.9283
        [Trial 3] gen   40  evals= 1280  best=0.9283
        [Trial 3] gen   60  evals= 1920  best=0.9083
        [Trial 3] gen   80  evals= 2560  best=0.9083
        [Trial 3] gen  100  evals= 3200  best=0.9083
        [Trial 3] gen  120  evals= 3840  best=0.9083
        [Trial 3] gen  140  evals= 4480  best=0.8975
        [Trial 3] gen  160  evals= 5120  best=0.8919
        [Trial 3] gen  180  evals= 5760  best=0.8890
        [Trial 3] gen  200  evals= 6400  best=0.8841
        [Trial 3] gen  220  evals= 7040  best=0.8809
        [Trial 3] gen  240  evals= 7680  best=0.8744
        [Trial 3] gen  260  evals= 8320  best=0.8741
        [Trial 3] gen  280  evals= 8960  best=0.8719
        [Trial 3] gen  300  evals= 9600  best=0.8678
        [Trial 3] gen  320  evals=10240  best=0.8671
NOTE (module=cma, iteration=333):  
condition in coordinate system exceeded 1.2e+08, rescaled to 1.0e+00, 
condition changed from 4.1e+08 to 4.8e+07
        [Trial 3] gen  340  evals=10880  best=0.8666
        [Trial 3] gen  360  evals=11520  best=0.8654
        [Trial 3] gen  380  evals=12160  best=0.8644
        [Trial 3] gen  400  evals=12800  best=0.8644
        [Trial 3] gen  420  evals=13440  best=0.8639
        [Trial 3] gen  440  evals=14080  best=0.8639
        [Trial 3] gen  460  evals=14720  best=0.8636
        [Trial 3] gen  480  evals=15360  best=0.8628
        [Trial 3] gen  500  evals=16000  best=0.8628
        [Trial 3] gen  520  evals=16640  best=0.8628
        [Trial 3] gen  540  evals=17280  best=0.8628
        [Trial 3] gen  560  evals=17920  best=0.8628
        [Trial 3] gen  580  evals=18560  best=0.8628
        [Trial 3] gen  600  evals=19200  best=0.8628
        [Trial 3] gen  620  evals=19840  best=0.8628
        [Done] Trial 3 best=0.8628
    --> Trial 4 | pop=45 seed=82368 x0_norm_min=-0.947 x0_norm_max=0.785
        [Pruned] Trial 4 at gen 15 (loss=0.9333)
    --> Trial 5 | pop=43 seed=74831 x0_norm_min=-0.748 x0_norm_max=0.981
        [Pruned] Trial 5 at gen 15 (loss=0.9715)
    --> Trial 6 | pop=45 seed=89631 x0_norm_min=-0.929 x0_norm_max=0.732
        [Pruned] Trial 6 at gen 15 (loss=0.9492)
    --> Trial 7 | pop=57 seed=53932 x0_norm_min=-0.779 x0_norm_max=0.922
        [Pruned] Trial 7 at gen 15 (loss=0.9513)
    --> Trial 8 | pop=40 seed=84394 x0_norm_min=-0.814 x0_norm_max=0.843
        [Trial 8] gen   20  evals=  800  best=0.9203
        [Trial 8] gen   40  evals= 1600  best=0.9203
        [Pruned] Trial 8 at gen 45 (loss=0.9203)
    --> Trial 9 | pop=30 seed=66759 x0_norm_min=-0.955 x0_norm_max=0.770
        [Pruned] Trial 9 at gen 15 (loss=0.9732)
    --> Trial 10 | pop=58 seed=10873 x0_norm_min=-0.841 x0_norm_max=0.672
        [Trial 10] gen   20  evals= 1160  best=0.9125
        [Trial 10] gen   40  evals= 2320  best=0.9125
        [Pruned] Trial 10 at gen 45 (loss=0.9125)
    --> Trial 11 | pop=37 seed=376 x0_norm_min=-0.781 x0_norm_max=0.859
        [Pruned] Trial 11 at gen 15 (loss=0.9437)
    --> Trial 12 | pop=30 seed=27413 x0_norm_min=-0.402 x0_norm_max=0.428
        [Pruned] Trial 12 at gen 15 (loss=0.9665)
    --> Trial 13 | pop=50 seed=26448 x0_norm_min=-0.863 x0_norm_max=0.955
        [Pruned] Trial 13 at gen 15 (loss=0.9436)
    --> Trial 14 | pop=38 seed=29614 x0_norm_min=-0.897 x0_norm_max=-0.091
        [Pruned] Trial 14 at gen 15 (loss=0.9563)
    --> Trial 15 | pop=33 seed=42528 x0_norm_min=-0.690 x0_norm_max=0.990
        [Pruned] Trial 15 at gen 15 (loss=0.9543)
    --> Trial 16 | pop=41 seed=14382 x0_norm_min=-0.776 x0_norm_max=0.982
        [Pruned] Trial 16 at gen 15 (loss=0.9498)
    --> Trial 17 | pop=34 seed=974 x0_norm_min=-0.863 x0_norm_max=0.835
        [Trial 17] gen   20  evals=  680  best=0.9313
        [Trial 17] gen   40  evals= 1360  best=0.9313
        [Pruned] Trial 17 at gen 45 (loss=0.9313)
    --> Trial 18 | pop=51 seed=57650 x0_norm_min=-0.933 x0_norm_max=0.907
        [Pruned] Trial 18 at gen 15 (loss=0.9590)
    --> Trial 19 | pop=30 seed=37112 x0_norm_min=-0.948 x0_norm_max=0.822
        [Trial 19] gen   20  evals=  600  best=0.9326
        [Trial 19] gen   40  evals= 1200  best=0.9326
        [Pruned] Trial 19 at gen 45 (loss=0.9326)

  Winner: Trial 3, loss=0.862823 (731s)
    Restarts run: 20
    mu: 37.650801
    D_mu: 5.311360
    T0_mu: 1.193815
    Ly: 1.359709
    op_x: 0.604157
    op_y: 0.639418
    NMSE: 0.075288
  [Saved] random_IR_0010

============================================================
[11/50] random_IR_0011.npz
  GT loss: 0.721228
  terrain_mean=1.418040  early_threshold=0.727847  (alpha=0.0095)
    --> Trial 0 | pop=60 seed=70915 x0_norm_min=-0.944 x0_norm_max=0.730
        [Trial 0] gen   20  evals= 1200  best=0.8702
        [Trial 0] gen   40  evals= 2400  best=0.8453
        [Trial 0] gen   60  evals= 3600  best=0.8453
        [Trial 0] gen   80  evals= 4800  best=0.8420
        [Trial 0] gen  100  evals= 6000  best=0.8381
        [Trial 0] gen  120  evals= 7200  best=0.8323
        [Trial 0] gen  140  evals= 8400  best=0.8323
        [Trial 0] gen  160  evals= 9600  best=0.8235
        [Trial 0] gen  180  evals=10800  best=0.8227
        [Trial 0] gen  200  evals=12000  best=0.8204
        [Trial 0] gen  220  evals=13200  best=0.8125
        [Trial 0] gen  240  evals=14400  best=0.8089
        [Trial 0] gen  260  evals=15600  best=0.8089
        [Trial 0] gen  280  evals=16800  best=0.8066
        [TRIAL TIMEOUT] Trial 0 total >600s, stopping
        [Done] Trial 0 best=0.8066
    --> Trial 1 | pop=33 seed=50318 x0_norm_min=-0.937 x0_norm_max=0.907
        [Pruned] Trial 1 at gen 15 (loss=0.9077)
    --> Trial 2 | pop=59 seed=13763 x0_norm_min=-0.344 x0_norm_max=0.824
        [Trial 2] gen   20  evals= 1180  best=0.8655
        [Trial 2] gen   40  evals= 2360  best=0.8615
        [Pruned] Trial 2 at gen 45 (loss=0.8615)
    --> Trial 3 | pop=43 seed=76660 x0_norm_min=-0.797 x0_norm_max=0.622
        [Pruned] Trial 3 at gen 15 (loss=0.8696)
    --> Trial 4 | pop=59 seed=80215 x0_norm_min=-0.947 x0_norm_max=0.785
        [Pruned] Trial 4 at gen 15 (loss=0.8783)
    --> Trial 5 | pop=31 seed=72006 x0_norm_min=-0.748 x0_norm_max=0.981
        [Pruned] Trial 5 at gen 15 (loss=0.9221)
    --> Trial 6 | pop=38 seed=40335 x0_norm_min=-0.929 x0_norm_max=0.732
        [Pruned] Trial 6 at gen 15 (loss=0.8947)
    --> Trial 7 | pop=40 seed=92678 x0_norm_min=-0.779 x0_norm_max=0.922
        [Pruned] Trial 7 at gen 15 (loss=0.8878)
    --> Trial 8 | pop=42 seed=63106 x0_norm_min=-0.814 x0_norm_max=0.843
        [Trial 8] gen   20  evals=  840  best=0.8681
        [Trial 8] gen   40  evals= 1680  best=0.8224
        [Trial 8] gen   60  evals= 2520  best=0.8224
        [Trial 8] gen   80  evals= 3360  best=0.8224
        [Trial 8] gen  100  evals= 4200  best=0.8224
        [Trial 8] gen  120  evals= 5040  best=0.8224
        [Trial 8] gen  140  evals= 5880  best=0.8224
        [Trial 8] gen  160  evals= 6720  best=0.8224
        [Trial 8] gen  180  evals= 7560  best=0.8224
        [Trial 8] gen  200  evals= 8400  best=0.8061
        [Trial 8] gen  220  evals= 9240  best=0.8061
        [Trial 8] gen  240  evals=10080  best=0.8061
        [Trial 8] gen  260  evals=10920  best=0.8061
        [Trial 8] gen  280  evals=11760  best=0.8061
        [Trial 8] gen  300  evals=12600  best=0.8061
        [Trial 8] gen  320  evals=13440  best=0.8061
        [Trial 8] gen  340  evals=14280  best=0.8054
        [Trial 8] gen  360  evals=15120  best=0.8052
        [Trial 8] gen  380  evals=15960  best=0.8034
        [Trial 8] gen  400  evals=16800  best=0.8033
        [Trial 8] gen  420  evals=17640  best=0.8033
        [Trial 8] gen  440  evals=18480  best=0.8033
        [Trial 8] gen  460  evals=19320  best=0.8033
        [Trial 8] gen  480  evals=20160  best=0.8028
        [Trial 8] gen  500  evals=21000  best=0.8026
        [Trial 8] gen  520  evals=21840  best=0.8026
        [Trial 8] gen  540  evals=22680  best=0.8026
        [Trial 8] gen  560  evals=23520  best=0.8026
        [Done] Trial 8 best=0.8026
    --> Trial 9 | pop=46 seed=18014 x0_norm_min=-0.955 x0_norm_max=0.770
        [Pruned] Trial 9 at gen 15 (loss=0.8921)
    --> Trial 10 | pop=51 seed=40665 x0_norm_min=-0.841 x0_norm_max=0.672
        [Pruned] Trial 10 at gen 15 (loss=0.8755)
    --> Trial 11 | pop=52 seed=60795 x0_norm_min=-0.781 x0_norm_max=0.859
        [Pruned] Trial 11 at gen 15 (loss=0.8932)
    --> Trial 12 | pop=53 seed=61092 x0_norm_min=-0.402 x0_norm_max=0.428
        [Trial 12] gen   20  evals= 1060  best=0.8656
        [Trial 12] gen   40  evals= 2120  best=0.8506
        [Pruned] Trial 12 at gen 45 (loss=0.8506)
    --> Trial 13 | pop=47 seed=97237 x0_norm_min=-0.863 x0_norm_max=0.955
        [Trial 13] gen   20  evals=  940  best=0.8694
        [Trial 13] gen   40  evals= 1880  best=0.8600
        [Pruned] Trial 13 at gen 45 (loss=0.8600)
    --> Trial 14 | pop=36 seed=28128 x0_norm_min=-0.897 x0_norm_max=-0.091
        [Pruned] Trial 14 at gen 15 (loss=0.8815)
    --> Trial 15 | pop=56 seed=1634 x0_norm_min=-0.690 x0_norm_max=0.990
        [Trial 15] gen   20  evals= 1120  best=0.8601
        [Trial 15] gen   40  evals= 2240  best=0.8425
        [Trial 15] gen   60  evals= 3360  best=0.8367
        [Trial 15] gen   80  evals= 4480  best=0.8219
        [Trial 15] gen  100  evals= 5600  best=0.8217
        [Trial 15] gen  120  evals= 6720  best=0.8217
        [Trial 15] gen  140  evals= 7840  best=0.8217
        [Trial 15] gen  160  evals= 8960  best=0.8119
        [Trial 15] gen  180  evals=10080  best=0.8103
        [Trial 15] gen  200  evals=11200  best=0.8072
        [Trial 15] gen  220  evals=12320  best=0.8072
        [Trial 15] gen  240  evals=13440  best=0.8072
        [Trial 15] gen  260  evals=14560  best=0.8056
        [Trial 15] gen  280  evals=15680  best=0.8041
        [Trial 15] gen  300  evals=16800  best=0.8041
        [TRIAL TIMEOUT] Trial 15 total >600s, stopping
        [Done] Trial 15 best=0.8026
    --> Trial 16 | pop=55 seed=481 x0_norm_min=-0.776 x0_norm_max=0.982
        [Pruned] Trial 16 at gen 15 (loss=0.9071)
    --> Trial 17 | pop=48 seed=421 x0_norm_min=-0.863 x0_norm_max=0.835
        [Pruned] Trial 17 at gen 15 (loss=0.8841)
    --> Trial 18 | pop=42 seed=29735 x0_norm_min=-0.933 x0_norm_max=0.907
        [Trial 18] gen   20  evals=  840  best=0.8676
        [Trial 18] gen   40  evals= 1680  best=0.8447
        [Pruned] Trial 18 at gen 45 (loss=0.8447)
    --> Trial 19 | pop=56 seed=12142 x0_norm_min=-0.948 x0_norm_max=0.822
        [Pruned] Trial 19 at gen 15 (loss=0.8868)

  Winner: Trial 8, loss=0.802560 (1719s)
    Restarts run: 20
    mu: 82.288322
    D_mu: 4.613440
    T0_mu: 2.700267
    Ly: 1.219122
    op_x: 0.591852
    op_y: 0.571857
    NMSE: 0.181345
  [Saved] random_IR_0011

============================================================
[12/50] random_IR_0012.npz
  GT loss: 0.709285
  terrain_mean=1.467167  early_threshold=0.716485  (alpha=0.0095)
    --> Trial 0 | pop=37 seed=55300 x0_norm_min=-0.944 x0_norm_max=0.730
        [Trial 0] gen   20  evals=  740  best=0.9303
        [Trial 0] gen   40  evals= 1480  best=0.9198
        [Trial 0] gen   60  evals= 2220  best=0.9198
        [Trial 0] gen   80  evals= 2960  best=0.9198
        [Trial 0] gen  100  evals= 3700  best=0.9056
        [Trial 0] gen  120  evals= 4440  best=0.8850
        [Trial 0] gen  140  evals= 5180  best=0.8850
        [Trial 0] gen  160  evals= 5920  best=0.8807
        [Trial 0] gen  180  evals= 6660  best=0.8807
        [Trial 0] gen  200  evals= 7400  best=0.8807
        [Trial 0] gen  220  evals= 8140  best=0.8807
        [Trial 0] gen  240  evals= 8880  best=0.8766
        [Trial 0] gen  260  evals= 9620  best=0.8761
        [Trial 0] gen  280  evals=10360  best=0.8761
        [Trial 0] gen  300  evals=11100  best=0.8715
        [Trial 0] gen  320  evals=11840  best=0.8672
        [Trial 0] gen  340  evals=12580  best=0.8652
        [Trial 0] gen  360  evals=13320  best=0.8649
        [Trial 0] gen  380  evals=14060  best=0.8649
        [Trial 0] gen  400  evals=14800  best=0.8608
        [Trial 0] gen  420  evals=15540  best=0.8608
        [Trial 0] gen  440  evals=16280  best=0.8608
        [TRIAL TIMEOUT] Trial 0 total >600s, stopping
        [Done] Trial 0 best=0.8608
    --> Trial 1 | pop=49 seed=17903 x0_norm_min=-0.937 x0_norm_max=0.907
        [Trial 1] gen   20  evals=  980  best=0.9167
        [Trial 1] gen   40  evals= 1960  best=0.9167
        [Trial 1] gen   60  evals= 2940  best=0.9167
        [Trial 1] gen   80  evals= 3920  best=0.9167
        [Trial 1] gen  100  evals= 4900  best=0.9167
        [Trial 1] gen  120  evals= 5880  best=0.9167
        [Pruned] Trial 1 at gen 135 (loss=0.9063)
    --> Trial 2 | pop=42 seed=46158 x0_norm_min=-0.344 x0_norm_max=0.824
        [Pruned] Trial 2 at gen 15 (loss=0.9252)
    --> Trial 3 | pop=52 seed=32453 x0_norm_min=-0.797 x0_norm_max=0.622
        [Pruned] Trial 3 at gen 15 (loss=0.9230)
    --> Trial 4 | pop=34 seed=84086 x0_norm_min=-0.947 x0_norm_max=0.785
        [Pruned] Trial 4 at gen 15 (loss=0.9631)
    --> Trial 5 | pop=42 seed=75402 x0_norm_min=-0.748 x0_norm_max=0.981
        [Trial 5] gen   20  evals=  840  best=0.8958
        [Trial 5] gen   40  evals= 1680  best=0.8958
        [Trial 5] gen   60  evals= 2520  best=0.8958
        [Trial 5] gen   80  evals= 3360  best=0.8958
        [Trial 5] gen  100  evals= 4200  best=0.8958
        [Trial 5] gen  120  evals= 5040  best=0.8753
        [Trial 5] gen  140  evals= 5880  best=0.8753
        [Trial 5] gen  160  evals= 6720  best=0.8753
        [Trial 5] gen  180  evals= 7560  best=0.8684
        [Trial 5] gen  200  evals= 8400  best=0.8591
        [Trial 5] gen  220  evals= 9240  best=0.8576
        [TRIAL TIMEOUT] Trial 5 total >600s, stopping
        [Done] Trial 5 best=0.8576
    --> Trial 6 | pop=36 seed=73263 x0_norm_min=-0.929 x0_norm_max=0.732
        [Pruned] Trial 6 at gen 15 (loss=0.9782)
    --> Trial 7 | pop=57 seed=93962 x0_norm_min=-0.779 x0_norm_max=0.922
        [Pruned] Trial 7 at gen 15 (loss=0.9423)
    --> Trial 8 | pop=50 seed=44476 x0_norm_min=-0.814 x0_norm_max=0.843
        [Pruned] Trial 8 at gen 15 (loss=0.9505)
    --> Trial 9 | pop=42 seed=68668 x0_norm_min=-0.955 x0_norm_max=0.770
        [Pruned] Trial 9 at gen 15 (loss=0.9435)
    --> Trial 10 | pop=60 seed=813 x0_norm_min=-0.841 x0_norm_max=0.672
        [Pruned] Trial 10 at gen 15 (loss=0.9434)
    --> Trial 11 | pop=30 seed=62424 x0_norm_min=-0.781 x0_norm_max=0.859
        [Pruned] Trial 11 at gen 15 (loss=0.9746)
    --> Trial 12 | pop=42 seed=56471 x0_norm_min=-0.402 x0_norm_max=0.428
        [Pruned] Trial 12 at gen 15 (loss=0.9488)
    --> Trial 13 | pop=37 seed=81958 x0_norm_min=-0.863 x0_norm_max=0.955
        [Pruned] Trial 13 at gen 15 (loss=0.9341)
    --> Trial 14 | pop=45 seed=95643 x0_norm_min=-0.897 x0_norm_max=-0.091
        [Trial 14] gen   20  evals=  900  best=0.9080
        [Trial 14] gen   40  evals= 1800  best=0.8871
        [Trial 14] gen   60  evals= 2700  best=0.8871
        [Trial 14] gen   80  evals= 3600  best=0.8871
        [Trial 14] gen  100  evals= 4500  best=0.8871
        [Trial 14] gen  120  evals= 5400  best=0.8871
        [Pruned] Trial 14 at gen 135 (loss=0.8871)
    --> Trial 15 | pop=38 seed=48832 x0_norm_min=-0.690 x0_norm_max=0.990
        [Pruned] Trial 15 at gen 15 (loss=0.9442)
    --> Trial 16 | pop=31 seed=30316 x0_norm_min=-0.776 x0_norm_max=0.982
        [Pruned] Trial 16 at gen 15 (loss=0.9467)
    --> Trial 17 | pop=46 seed=77641 x0_norm_min=-0.863 x0_norm_max=0.835
        [Pruned] Trial 17 at gen 15 (loss=0.9573)
    --> Trial 18 | pop=39 seed=59874 x0_norm_min=-0.933 x0_norm_max=0.907
        [Pruned] Trial 18 at gen 15 (loss=0.9394)
    --> Trial 19 | pop=33 seed=33569 x0_norm_min=-0.948 x0_norm_max=0.822
        [Trial 19] gen   20  evals=  660  best=0.9313
        [Trial 19] gen   40  evals= 1320  best=0.9310
        [Pruned] Trial 19 at gen 45 (loss=0.9306)

  Winner: Trial 5, loss=0.857635 (1619s)
    Restarts run: 20
    mu: 19.860483
    D_mu: 0.397748
    T0_mu: 1.318763
    Ly: 3.330747
    op_x: 0.690230
    op_y: 0.612059
    NMSE: 0.124866
  [Saved] random_IR_0012

============================================================
[13/50] random_IR_0013.npz
  GT loss: 1.193598
  terrain_mean=1.529506  early_threshold=1.196789  (alpha=0.0095)
    --> Trial 0 | pop=53 seed=37888 x0_norm_min=-0.944 x0_norm_max=0.730
        [Trial 0] gen   20  evals= 1060  best=1.1668
        [Trial 0] gen   40  evals= 2120  best=1.1447
        [Trial 0] gen   60  evals= 3180  best=1.1424
        [Trial 0] gen   80  evals= 4240  best=1.1424
        [Trial 0] gen  100  evals= 5300  best=1.1424
        [Trial 0] gen  120  evals= 6360  best=1.1339
        [Trial 0] gen  140  evals= 7420  best=1.1281
        [Trial 0] gen  160  evals= 8480  best=1.1281
        [Trial 0] gen  180  evals= 9540  best=1.1212
        [Trial 0] gen  200  evals=10600  best=1.1212
        [Trial 0] gen  220  evals=11660  best=1.0953
        [Trial 0] gen  240  evals=12720  best=1.0884
        [Trial 0] gen  260  evals=13780  best=1.0841
        [Trial 0] gen  280  evals=14840  best=1.0841
        [Trial 0] gen  300  evals=15900  best=1.0814
        [Trial 0] gen  320  evals=16960  best=1.0800
        [Trial 0] gen  340  evals=18020  best=1.0789
        [Trial 0] gen  360  evals=19080  best=1.0784
        [Trial 0] gen  380  evals=20140  best=1.0779
        [Trial 0] gen  400  evals=21200  best=1.0779
        [Trial 0] gen  420  evals=22260  best=1.0779
        [Trial 0] gen  440  evals=23320  best=1.0779
        [Trial 0] gen  460  evals=24380  best=1.0775
        [Trial 0] gen  480  evals=25440  best=1.0767
        [Trial 0] gen  500  evals=26500  best=1.0767
        [Trial 0] gen  520  evals=27560  best=1.0767
        [Trial 0] gen  540  evals=28620  best=1.0767
        [Trial 0] gen  560  evals=29680  best=1.0767
        [Done] Trial 0 best=1.0767
    --> Early stop triggered: trial 0 reached loss=1.076659 < 1.196789

  Winner: Trial 0, loss=1.076659 (274s)
    Restarts run: 1
    mu: 15.083012
    D_mu: 29.874946
    T0_mu: 57.902210
    Ly: 3.390154
    op_x: 0.513609
    op_y: 0.756039
    NMSE: 0.157264
  [Saved] random_IR_0013

============================================================
[14/50] random_IR_0014.npz
  GT loss: 0.755320
  terrain_mean=1.525920  early_threshold=0.762641  (alpha=0.0095)
    --> Trial 0 | pop=47 seed=89447 x0_norm_min=-0.944 x0_norm_max=0.730
        [Trial 0] gen   20  evals=  940  best=0.9621
        [Trial 0] gen   40  evals= 1880  best=0.9268
        [Trial 0] gen   60  evals= 2820  best=0.9268
        [Trial 0] gen   80  evals= 3760  best=0.9133
        [Trial 0] gen  100  evals= 4700  best=0.8855
        [Trial 0] gen  120  evals= 5640  best=0.8814
        [Trial 0] gen  140  evals= 6580  best=0.8551
        [Trial 0] gen  160  evals= 7520  best=0.8487
        [Trial 0] gen  180  evals= 8460  best=0.8477
        [Trial 0] gen  200  evals= 9400  best=0.8477
        [Trial 0] gen  220  evals=10340  best=0.8477
        [Trial 0] gen  240  evals=11280  best=0.8477
        [Trial 0] gen  260  evals=12220  best=0.8477
        [Trial 0] gen  280  evals=13160  best=0.8477
        [Trial 0] gen  300  evals=14100  best=0.8476
        [Trial 0] gen  320  evals=15040  best=0.8468
        [Trial 0] gen  340  evals=15980  best=0.8463
        [Trial 0] gen  360  evals=16920  best=0.8451
        [Trial 0] gen  380  evals=17860  best=0.8451
        [Trial 0] gen  400  evals=18800  best=0.8451
        [Trial 0] gen  420  evals=19740  best=0.8451
        [Trial 0] gen  440  evals=20680  best=0.8451
        [Trial 0] gen  460  evals=21620  best=0.8451
        [Trial 0] gen  480  evals=22560  best=0.8451
        [Trial 0] gen  500  evals=23500  best=0.8451
        [Trial 0] gen  520  evals=24440  best=0.8451
        [Trial 0] gen  540  evals=25380  best=0.8451
        [Done] Trial 0 best=0.8451
    --> Trial 1 | pop=33 seed=79271 x0_norm_min=-0.937 x0_norm_max=0.907
        [Pruned] Trial 1 at gen 15 (loss=0.9890)
    --> Trial 2 | pop=56 seed=72024 x0_norm_min=-0.344 x0_norm_max=0.824
        [Trial 2] gen   20  evals= 1120  best=0.9343
        [Trial 2] gen   40  evals= 2240  best=0.9343
        [Pruned] Trial 2 at gen 45 (loss=0.9343)
    --> Trial 3 | pop=59 seed=91028 x0_norm_min=-0.797 x0_norm_max=0.622
        [Pruned] Trial 3 at gen 15 (loss=0.9757)
    --> Trial 4 | pop=48 seed=57221 x0_norm_min=-0.947 x0_norm_max=0.785
        [Pruned] Trial 4 at gen 15 (loss=0.9925)
    --> Trial 5 | pop=56 seed=93150 x0_norm_min=-0.748 x0_norm_max=0.981
        [Pruned] Trial 5 at gen 15 (loss=0.9792)
    --> Trial 6 | pop=42 seed=87256 x0_norm_min=-0.929 x0_norm_max=0.732
        [Pruned] Trial 6 at gen 15 (loss=0.9681)
    --> Trial 7 | pop=53 seed=70763 x0_norm_min=-0.779 x0_norm_max=0.922
        [Pruned] Trial 7 at gen 15 (loss=0.9863)
    --> Trial 8 | pop=43 seed=86666 x0_norm_min=-0.814 x0_norm_max=0.843
        [Trial 8] gen   20  evals=  860  best=0.9654
        [Trial 8] gen   40  evals= 1720  best=0.9621
        [Pruned] Trial 8 at gen 45 (loss=0.9412)
    --> Trial 9 | pop=52 seed=69946 x0_norm_min=-0.955 x0_norm_max=0.770
        [Pruned] Trial 9 at gen 15 (loss=0.9691)
    --> Trial 10 | pop=30 seed=12141 x0_norm_min=-0.841 x0_norm_max=0.672
        [Pruned] Trial 10 at gen 15 (loss=0.9817)
    --> Trial 11 | pop=46 seed=47190 x0_norm_min=-0.781 x0_norm_max=0.859
        [Pruned] Trial 11 at gen 15 (loss=1.0114)
    --> Trial 12 | pop=38 seed=43350 x0_norm_min=-0.402 x0_norm_max=0.428
        [Trial 12] gen   20  evals=  760  best=0.9459
        [Trial 12] gen   40  evals= 1520  best=0.9313
        [Pruned] Trial 12 at gen 45 (loss=0.9313)
    --> Trial 13 | pop=38 seed=26208 x0_norm_min=-0.863 x0_norm_max=0.955
        [Trial 13] gen   20  evals=  760  best=0.9544
        [Trial 13] gen   40  evals= 1520  best=0.9462
        [Trial 13] gen   60  evals= 2280  best=0.9256
        [Trial 13] gen   80  evals= 3040  best=0.9088
        [Trial 13] gen  100  evals= 3800  best=0.8957
        [Trial 13] gen  120  evals= 4560  best=0.8895
        [Pruned] Trial 13 at gen 135 (loss=0.8875)
    --> Trial 14 | pop=37 seed=12053 x0_norm_min=-0.897 x0_norm_max=-0.091
        [Trial 14] gen   20  evals=  740  best=0.9299
        [Trial 14] gen   40  evals= 1480  best=0.9299
        [Pruned] Trial 14 at gen 45 (loss=0.9299)
    --> Trial 15 | pop=38 seed=29530 x0_norm_min=-0.690 x0_norm_max=0.990
        [Pruned] Trial 15 at gen 15 (loss=0.9732)
    --> Trial 16 | pop=47 seed=25645 x0_norm_min=-0.776 x0_norm_max=0.982
        [Pruned] Trial 16 at gen 15 (loss=0.9747)
    --> Trial 17 | pop=42 seed=5057 x0_norm_min=-0.863 x0_norm_max=0.835
        [Pruned] Trial 17 at gen 15 (loss=0.9838)
    --> Trial 18 | pop=34 seed=52996 x0_norm_min=-0.933 x0_norm_max=0.907
        [Pruned] Trial 18 at gen 15 (loss=0.9879)
    --> Trial 19 | pop=50 seed=32855 x0_norm_min=-0.948 x0_norm_max=0.822
        [Pruned] Trial 19 at gen 15 (loss=0.9862)

  Winner: Trial 0, loss=0.845117 (501s)
    Restarts run: 20
    mu: 35.330156
    D_mu: 3.758573
    T0_mu: 2.774667
    Ly: 1.100000
    op_x: 0.570281
    op_y: 0.510019
    NMSE: 0.121712
  [Saved] random_IR_0014

============================================================
[15/50] random_IR_0015.npz
  GT loss: 1.399788
  terrain_mean=1.754757  early_threshold=1.403160  (alpha=0.0095)
    --> Trial 0 | pop=36 seed=52464 x0_norm_min=-0.944 x0_norm_max=0.730
        [Trial 0] gen   20  evals=  720  best=1.2294
        [Trial 0] gen   40  evals= 1440  best=1.2178
        [Trial 0] gen   60  evals= 2160  best=1.2162
        [Trial 0] gen   80  evals= 2880  best=1.2031
        [Trial 0] gen  100  evals= 3600  best=1.2022
        [Trial 0] gen  120  evals= 4320  best=1.1996
        [Trial 0] gen  140  evals= 5040  best=1.1904
        [Trial 0] gen  160  evals= 5760  best=1.1904
        [Trial 0] gen  180  evals= 6480  best=1.1841
        [Trial 0] gen  200  evals= 7200  best=1.1841
        [Trial 0] gen  220  evals= 7920  best=1.1841
        [Trial 0] gen  240  evals= 8640  best=1.1823
        [Trial 0] gen  260  evals= 9360  best=1.1823
        [Trial 0] gen  280  evals=10080  best=1.1796
        [Trial 0] gen  300  evals=10800  best=1.1787
        [Trial 0] gen  320  evals=11520  best=1.1733
        [Trial 0] gen  340  evals=12240  best=1.1689
        [Trial 0] gen  360  evals=12960  best=1.1684
        [Trial 0] gen  380  evals=13680  best=1.1657
        [Trial 0] gen  400  evals=14400  best=1.1657
        [Trial 0] gen  420  evals=15120  best=1.1632
        [Trial 0] gen  440  evals=15840  best=1.1632
        [Trial 0] gen  460  evals=16560  best=1.1632
        [Trial 0] gen  480  evals=17280  best=1.1632
        [Trial 0] gen  500  evals=18000  best=1.1627
        [Trial 0] gen  520  evals=18720  best=1.1616
        [Trial 0] gen  540  evals=19440  best=1.1604
NOTE (module=cma, iteration=553):  
condition in coordinate system exceeded 1.1e+08, rescaled to 1.0e+00, 
condition changed from 7.8e+08 to 3.6e+08
        [Trial 0] gen  560  evals=20160  best=1.1600
        [Trial 0] gen  580  evals=20880  best=1.1600
        [Trial 0] gen  600  evals=21600  best=1.1600
        [Trial 0] gen  620  evals=22320  best=1.1589
        [Trial 0] gen  640  evals=23040  best=1.1589
        [Trial 0] gen  660  evals=23760  best=1.1589
        [Trial 0] gen  680  evals=24480  best=1.1589
        [Trial 0] gen  700  evals=25200  best=1.1584
        [Trial 0] gen  720  evals=25920  best=1.1582
        [Trial 0] gen  740  evals=26640  best=1.1582
        [Trial 0] gen  760  evals=27360  best=1.1582
        [TRIAL TIMEOUT] Trial 0 total >600s, stopping/home/bhpark3/dafxenv/lib/python3.12/site-packages/cma/utilities/utils.py:369: UserWarning: 
        geno-pheno transformation introduced based on the
        current covariance matrix with condition 1.0e+12 -> 1.0e+00,
        injected solutions become "invalid" in this iteration (time=Jul 11 09:38:46 2026 class=CMAEvolutionStrategy method=alleviate_conditioning iteration=612)
  warnings.warn(msg + ' (time={}'.format(time.asctime()[4:]) +

        [Done] Trial 0 best=1.1582
    --> Early stop triggered: trial 0 reached loss=1.158208 < 1.403160

  Winner: Trial 0, loss=1.158208 (600s)
    Restarts run: 1
    mu: 27.130951
    D_mu: 5.298302
    T0_mu: 14.139725
    Ly: 3.679522
    op_x: 0.513857
    op_y: 0.511478
    NMSE: 0.173845
  [Saved] random_IR_0015

============================================================
[16/50] random_IR_0016.npz
  GT loss: 0.897500
  terrain_mean=1.522618  early_threshold=0.903438  (alpha=0.0095)
    --> Trial 0 | pop=42 seed=19255 x0_norm_min=-0.944 x0_norm_max=0.730
        [Trial 0] gen   20  evals=  840  best=0.9986
        [Trial 0] gen   40  evals= 1680  best=0.9864
        [Trial 0] gen   60  evals= 2520  best=0.9790
        [Trial 0] gen   80  evals= 3360  best=0.9790
        [Trial 0] gen  100  evals= 4200  best=0.9752
        [Trial 0] gen  120  evals= 5040  best=0.9609
        [Trial 0] gen  140  evals= 5880  best=0.9609
        [Trial 0] gen  160  evals= 6720  best=0.9579
        [Trial 0] gen  180  evals= 7560  best=0.9542
        [Trial 0] gen  200  evals= 8400  best=0.9542
        [Trial 0] gen  220  evals= 9240  best=0.9509
        [Trial 0] gen  240  evals=10080  best=0.9430
        [Trial 0] gen  260  evals=10920  best=0.9430
        [Trial 0] gen  280  evals=11760  best=0.9426
        [Trial 0] gen  300  evals=12600  best=0.9378
        [Trial 0] gen  320  evals=13440  best=0.9353
        [Trial 0] gen  340  evals=14280  best=0.9351
        [Trial 0] gen  360  evals=15120  best=0.9342
        [Trial 0] gen  380  evals=15960  best=0.9339
        [Trial 0] gen  400  evals=16800  best=0.9335
        [Trial 0] gen  420  evals=17640  best=0.9335
        [Trial 0] gen  440  evals=18480  best=0.9335
        [Trial 0] gen  460  evals=19320  best=0.9335
        [Trial 0] gen  480  evals=20160  best=0.9335
        [Trial 0] gen  500  evals=21000  best=0.9335
NOTE (module=cma, iteration=517):  
condition in coordinate system exceeded 1.1e+08, rescaled to 1.0e+00, 
condition changed from 9.2e+10 to 1.2e+11
        [Trial 0] gen  520  evals=21840  best=0.9333
        [Trial 0] gen  540  evals=22680  best=0.9330
        [Trial 0] gen  560  evals=23520  best=0.9330
        [Trial 0] gen  580  evals=24360  best=0.9315
        [Trial 0] gen  600  evals=25200  best=0.9315
        [Trial 0] gen  620  evals=26040  best=0.9315
        [Trial 0] gen  640  evals=26880  best=0.9315
        [Done] Trial 0 best=0.9315
    --> Trial 1 | pop=32 seed=90766 x0_norm_min=-0.937 x0_norm_max=0.907
        [Pruned] Trial 1 at gen 15 (loss=1.0363)
    --> Trial 2 | pop=41 seed=67097 x0_norm_min=-0.344 x0_norm_max=0.824
        [Pruned] Trial 2 at gen 15 (loss=1.0214)
    --> Trial 3 | pop=57 seed=88537 x0_norm_min=-0.797 x0_norm_max=0.622
        [Trial 3] gen   20  evals= 1140  best=0.9993
        [Trial 3] gen   40  evals= 2280  best=0.9956
        [Pruned] Trial 3 at gen 45 (loss=0.9956)
    --> Trial 4 | pop=36 seed=94320 x0_norm_min=-0.947 x0_norm_max=0.785
        [Pruned] Trial 4 at gen 15 (loss=1.0126)
    --> Trial 5 | pop=51 seed=5042 x0_norm_min=-0.748 x0_norm_max=0.981
        [Trial 5] gen   20  evals= 1020  best=0.9871
        [Trial 5] gen   40  evals= 2040  best=0.9853
        [Pruned] Trial 5 at gen 45 (loss=0.9853)
    --> Trial 6 | pop=30 seed=88619 x0_norm_min=-0.929 x0_norm_max=0.732
        [Pruned] Trial 6 at gen 15 (loss=1.0048)
    --> Trial 7 | pop=45 seed=19011 x0_norm_min=-0.779 x0_norm_max=0.922
        [Pruned] Trial 7 at gen 15 (loss=1.0109)
    --> Trial 8 | pop=44 seed=70177 x0_norm_min=-0.814 x0_norm_max=0.843
        [Pruned] Trial 8 at gen 15 (loss=1.0040)
    --> Trial 9 | pop=33 seed=28224 x0_norm_min=-0.955 x0_norm_max=0.770
        [Pruned] Trial 9 at gen 15 (loss=1.0405)
    --> Trial 10 | pop=58 seed=46257 x0_norm_min=-0.841 x0_norm_max=0.672
        [Pruned] Trial 10 at gen 15 (loss=1.0151)
    --> Trial 11 | pop=51 seed=7360 x0_norm_min=-0.781 x0_norm_max=0.859
        [Pruned] Trial 11 at gen 15 (loss=1.0237)
    --> Trial 12 | pop=51 seed=4844 x0_norm_min=-0.402 x0_norm_max=0.428
        [Pruned] Trial 12 at gen 15 (loss=1.0198)
    --> Trial 13 | pop=51 seed=31387 x0_norm_min=-0.863 x0_norm_max=0.955
        [Pruned] Trial 13 at gen 15 (loss=1.0416)
    --> Trial 14 | pop=39 seed=246 x0_norm_min=-0.897 x0_norm_max=-0.091
        [Trial 14] gen   20  evals=  780  best=1.0019
        [Trial 14] gen   40  evals= 1560  best=1.0019
        [Pruned] Trial 14 at gen 45 (loss=1.0019)
    --> Trial 15 | pop=47 seed=20744 x0_norm_min=-0.690 x0_norm_max=0.990
        [Pruned] Trial 15 at gen 15 (loss=1.0096)
    --> Trial 16 | pop=53 seed=41718 x0_norm_min=-0.776 x0_norm_max=0.982
        [Pruned] Trial 16 at gen 15 (loss=1.0265)
    --> Trial 17 | pop=47 seed=15675 x0_norm_min=-0.863 x0_norm_max=0.835
        [Pruned] Trial 17 at gen 15 (loss=1.0314)
    --> Trial 18 | pop=39 seed=41733 x0_norm_min=-0.933 x0_norm_max=0.907
        [Pruned] Trial 18 at gen 15 (loss=1.0166)
    --> Trial 19 | pop=55 seed=10747 x0_norm_min=-0.948 x0_norm_max=0.822
        [Pruned] Trial 19 at gen 15 (loss=1.0063)

  Winner: Trial 0, loss=0.931497 (898s)
    Restarts run: 20
    mu: 20.168835
    D_mu: 5.892425
    T0_mu: 0.001037
    Ly: 3.817247
    op_x: 0.571548
    op_y: 0.517590
    NMSE: 0.157617
  [Saved] random_IR_0016

============================================================
[17/50] random_IR_0017.npz
  GT loss: 0.885128
  terrain_mean=1.359669  early_threshold=0.889636  (alpha=0.0095)
    --> Trial 0 | pop=53 seed=88500 x0_norm_min=-0.944 x0_norm_max=0.730
        [Trial 0] gen   20  evals= 1060  best=0.9601
        [Trial 0] gen   40  evals= 2120  best=0.9424
        [Trial 0] gen   60  evals= 3180  best=0.9424
        [Trial 0] gen   80  evals= 4240  best=0.9205
        [Trial 0] gen  100  evals= 5300  best=0.9079
        [Trial 0] gen  120  evals= 6360  best=0.9079
        [Trial 0] gen  140  evals= 7420  best=0.8996
        [Trial 0] gen  160  evals= 8480  best=0.8958
        [Trial 0] gen  180  evals= 9540  best=0.8888
        [Trial 0] gen  200  evals=10600  best=0.8802
        [Trial 0] gen  220  evals=11660  best=0.8802
        [Trial 0] gen  240  evals=12720  best=0.8802
        [Trial 0] gen  260  evals=13780  best=0.8802
        [Trial 0] gen  280  evals=14840  best=0.8802
        [Trial 0] gen  300  evals=15900  best=0.8802
        [Trial 0] gen  320  evals=16960  best=0.8802
        [Trial 0] gen  340  evals=18020  best=0.8798
        [Trial 0] gen  360  evals=19080  best=0.8786
        [Trial 0] gen  380  evals=20140  best=0.8786
        [Trial 0] gen  400  evals=21200  best=0.8774
        [Trial 0] gen  420  evals=22260  best=0.8774
        [Trial 0] gen  440  evals=23320  best=0.8772
        [Trial 0] gen  460  evals=24380  best=0.8772
        [Trial 0] gen  480  evals=25440  best=0.8772
        [Done] Trial 0 best=0.8772
    --> Early stop triggered: trial 0 reached loss=0.877168 < 0.889636

  Winner: Trial 0, loss=0.877168 (225s)
    Restarts run: 1
    mu: 31.464136
    D_mu: 3.642697
    T0_mu: 3.596287
    Ly: 1.100947
    op_x: 0.586241
    op_y: 0.510034
    NMSE: 0.243963
  [Saved] random_IR_0017

============================================================
[18/50] random_IR_0018.npz
  GT loss: 0.768656
  terrain_mean=1.448081  early_threshold=0.775110  (alpha=0.0095)
    --> Trial 0 | pop=60 seed=11069 x0_norm_min=-0.944 x0_norm_max=0.730
        [Trial 0] gen   20  evals= 1200  best=0.8873
        [Trial 0] gen   40  evals= 2400  best=0.8873
        [Trial 0] gen   60  evals= 3600  best=0.8625
        [Trial 0] gen   80  evals= 4800  best=0.8625
        [Trial 0] gen  100  evals= 6000  best=0.8625
        [Trial 0] gen  120  evals= 7200  best=0.8625
        [Trial 0] gen  140  evals= 8400  best=0.8625
        [Trial 0] gen  160  evals= 9600  best=0.8625
        [Trial 0] gen  180  evals=10800  best=0.8625
        [Trial 0] gen  200  evals=12000  best=0.8625
        [Trial 0] gen  220  evals=13200  best=0.8625
        [Trial 0] gen  240  evals=14400  best=0.8625
        [Trial 0] gen  260  evals=15600  best=0.8625
        [TRIAL TIMEOUT] Trial 0 total >600s, stopping
        [Done] Trial 0 best=0.8625
    --> Trial 1 | pop=31 seed=70469 x0_norm_min=-0.937 x0_norm_max=0.907
        [Pruned] Trial 1 at gen 15 (loss=0.9500)
    --> Trial 2 | pop=58 seed=16232 x0_norm_min=-0.344 x0_norm_max=0.824
        [Trial 2] gen   20  evals= 1160  best=0.9008
        [Trial 2] gen   40  evals= 2320  best=0.9008
        [Pruned] Trial 2 at gen 45 (loss=0.9008)
    --> Trial 3 | pop=41 seed=46248 x0_norm_min=-0.797 x0_norm_max=0.622
        [Pruned] Trial 3 at gen 15 (loss=0.9165)
    --> Trial 4 | pop=46 seed=47888 x0_norm_min=-0.947 x0_norm_max=0.785
        [Pruned] Trial 4 at gen 15 (loss=0.9300)
    --> Trial 5 | pop=33 seed=89069 x0_norm_min=-0.748 x0_norm_max=0.981
        [Pruned] Trial 5 at gen 15 (loss=0.9423)
    --> Trial 6 | pop=59 seed=41487 x0_norm_min=-0.929 x0_norm_max=0.732
        [Trial 6] gen   20  evals= 1180  best=0.9162
        [Trial 6] gen   40  evals= 2360  best=0.8905
        [Pruned] Trial 6 at gen 45 (loss=0.8905)
    --> Trial 7 | pop=33 seed=47572 x0_norm_min=-0.779 x0_norm_max=0.922
        [Pruned] Trial 7 at gen 15 (loss=0.9288)
    --> Trial 8 | pop=49 seed=65519 x0_norm_min=-0.814 x0_norm_max=0.843
        [Pruned] Trial 8 at gen 15 (loss=0.9175)
    --> Trial 9 | pop=45 seed=90959 x0_norm_min=-0.955 x0_norm_max=0.770
        [Trial 9] gen   20  evals=  900  best=0.9072
        [Trial 9] gen   40  evals= 1800  best=0.9072
        [Pruned] Trial 9 at gen 45 (loss=0.9072)
    --> Trial 10 | pop=55 seed=2597 x0_norm_min=-0.841 x0_norm_max=0.672
        [Trial 10] gen   20  evals= 1100  best=0.9089
        [Trial 10] gen   40  evals= 2200  best=0.8812
        [Trial 10] gen   60  evals= 3300  best=0.8812
        [Trial 10] gen   80  evals= 4400  best=0.8812
        [Trial 10] gen  100  evals= 5500  best=0.8659
        [Trial 10] gen  120  evals= 6600  best=0.8659
        [Trial 10] gen  140  evals= 7700  best=0.8621
        [Trial 10] gen  160  evals= 8800  best=0.8621
        [Trial 10] gen  180  evals= 9900  best=0.8611
        [Trial 10] gen  200  evals=11000  best=0.8548
        [Trial 10] gen  220  evals=12100  best=0.8505
        [Trial 10] gen  240  evals=13200  best=0.8495
        [Trial 10] gen  260  evals=14300  best=0.8457
        [Trial 10] gen  280  evals=15400  best=0.8435
        [Trial 10] gen  300  evals=16500  best=0.8430
        [Trial 10] gen  320  evals=17600  best=0.8424
        [Trial 10] gen  340  evals=18700  best=0.8418
        [TRIAL TIMEOUT] Trial 10 total >600s, stopping
        [Done] Trial 10 best=0.8409
    --> Trial 11 | pop=55 seed=2728 x0_norm_min=-0.781 x0_norm_max=0.859
        [Pruned] Trial 11 at gen 15 (loss=0.9237)
    --> Trial 12 | pop=54 seed=16879 x0_norm_min=-0.402 x0_norm_max=0.428
        [Trial 12] gen   20  evals= 1080  best=0.8906
        [Trial 12] gen   40  evals= 2160  best=0.8906
        [Pruned] Trial 12 at gen 45 (loss=0.8906)
    --> Trial 13 | pop=52 seed=1093 x0_norm_min=-0.863 x0_norm_max=0.955
        [Pruned] Trial 13 at gen 15 (loss=0.9302)
    --> Trial 14 | pop=60 seed=21146 x0_norm_min=-0.897 x0_norm_max=-0.091
        [Trial 14] gen   20  evals= 1200  best=0.9011
        [Trial 14] gen   40  evals= 2400  best=0.8993
        [Pruned] Trial 14 at gen 45 (loss=0.8993)
    --> Trial 15 | pop=56 seed=28877 x0_norm_min=-0.690 x0_norm_max=0.990
        [Trial 15] gen   20  evals= 1120  best=0.9016
        [Trial 15] gen   40  evals= 2240  best=0.8671
        [Trial 15] gen   60  evals= 3360  best=0.8671
        [Trial 15] gen   80  evals= 4480  best=0.8671
        [Trial 15] gen  100  evals= 5600  best=0.8671
        [Trial 15] gen  120  evals= 6720  best=0.8671
        [Pruned] Trial 15 at gen 135 (loss=0.8671)
    --> Trial 16 | pop=51 seed=8768 x0_norm_min=-0.776 x0_norm_max=0.982
        [Trial 16] gen   20  evals= 1020  best=0.9025
        [Trial 16] gen   40  evals= 2040  best=0.9025
        [Pruned] Trial 16 at gen 45 (loss=0.9025)
    --> Trial 17 | pop=41 seed=31311 x0_norm_min=-0.863 x0_norm_max=0.835
        [Pruned] Trial 17 at gen 15 (loss=0.9300)
    --> Trial 18 | pop=60 seed=11205 x0_norm_min=-0.933 x0_norm_max=0.907
        [Trial 18] gen   20  evals= 1200  best=0.8853
        [Trial 18] gen   40  evals= 2400  best=0.8853
        [Trial 18] gen   60  evals= 3600  best=0.8853
        [Trial 18] gen   80  evals= 4800  best=0.8853
        [Trial 18] gen  100  evals= 6000  best=0.8807
        [Trial 18] gen  120  evals= 7200  best=0.8807
        [TRIAL TIMEOUT] Trial 18 total >600s, stopping
        [Done] Trial 18 best=0.8807
    --> Trial 19 | pop=56 seed=28349 x0_norm_min=-0.948 x0_norm_max=0.822
        [Trial 19] gen   20  evals= 1120  best=0.8982
        [Trial 19] gen   40  evals= 2240  best=0.8828
        [Trial 19] gen   60  evals= 3360  best=0.8711
        [Trial 19] gen   80  evals= 4480  best=0.8711
        [Trial 19] gen  100  evals= 5600  best=0.8711
        [Trial 19] gen  120  evals= 6720  best=0.8673
        [Pruned] Trial 19 at gen 135 (loss=0.8646)

  Winner: Trial 10, loss=0.840906 (2635s)
    Restarts run: 20
    mu: 36.156203
    D_mu: 2.413945
    T0_mu: 2.809103
    Ly: 3.963687
    op_x: 0.596901
    op_y: 0.510132
    NMSE: 0.115409
  [Saved] random_IR_0018

============================================================
[19/50] random_IR_0019.npz
  GT loss: 0.611983
  terrain_mean=1.477229  early_threshold=0.620203  (alpha=0.0095)
    --> Trial 0 | pop=34 seed=12963 x0_norm_min=-0.944 x0_norm_max=0.730
        [Trial 0] gen   20  evals=  680  best=0.8987
        [Trial 0] gen   40  evals= 1360  best=0.8684
        [Trial 0] gen   60  evals= 2040  best=0.8684
        [Trial 0] gen   80  evals= 2720  best=0.8684
        [Trial 0] gen  100  evals= 3400  best=0.8684
        [Trial 0] gen  120  evals= 4080  best=0.8684
        [Trial 0] gen  140  evals= 4760  best=0.8611
        [Trial 0] gen  160  evals= 5440  best=0.8604
        [Trial 0] gen  180  evals= 6120  best=0.8604
        [Trial 0] gen  200  evals= 6800  best=0.8604
        [Trial 0] gen  220  evals= 7480  best=0.8604
        [Trial 0] gen  240  evals= 8160  best=0.8604
        [Trial 0] gen  260  evals= 8840  best=0.8604
        [Trial 0] gen  280  evals= 9520  best=0.8604
        [Trial 0] gen  300  evals=10200  best=0.8604
        [Trial 0] gen  320  evals=10880  best=0.8604
        [Trial 0] gen  340  evals=11560  best=0.8584
        [Trial 0] gen  360  evals=12240  best=0.8550
        [Trial 0] gen  380  evals=12920  best=0.8540
        [Trial 0] gen  400  evals=13600  best=0.8517
        [Trial 0] gen  420  evals=14280  best=0.8513
        [Trial 0] gen  440  evals=14960  best=0.8513
        [Trial 0] gen  460  evals=15640  best=0.8513
        [Trial 0] gen  480  evals=16320  best=0.8507
        [Trial 0] gen  500  evals=17000  best=0.8505
        [Trial 0] gen  520  evals=17680  best=0.8503
        [Trial 0] gen  540  evals=18360  best=0.8503
        [Trial 0] gen  560  evals=19040  best=0.8503
        [Trial 0] gen  580  evals=19720  best=0.8496
        [Trial 0] gen  600  evals=20400  best=0.8496
        [Trial 0] gen  620  evals=21080  best=0.8496
        [Trial 0] gen  640  evals=21760  best=0.8496
        [Trial 0] gen  660  evals=22440  best=0.8496
        [Done] Trial 0 best=0.8496
    --> Trial 1 | pop=56 seed=84423 x0_norm_min=-0.937 x0_norm_max=0.907
        [Trial 1] gen   20  evals= 1120  best=0.8855
        [Trial 1] gen   40  evals= 2240  best=0.8855
        [Trial 1] gen   60  evals= 3360  best=0.8552
        [Trial 1] gen   80  evals= 4480  best=0.8388
        [Trial 1] gen  100  evals= 5600  best=0.8388
        [Trial 1] gen  120  evals= 6720  best=0.8388
        [Trial 1] gen  140  evals= 7840  best=0.8388
        [Trial 1] gen  160  evals= 8960  best=0.8358
        [Trial 1] gen  180  evals=10080  best=0.8264
        [Trial 1] gen  200  evals=11200  best=0.8180
        [Trial 1] gen  220  evals=12320  best=0.8174
        [Trial 1] gen  240  evals=13440  best=0.8164
        [Trial 1] gen  260  evals=14560  best=0.8156
        [Trial 1] gen  280  evals=15680  best=0.8148
        [Trial 1] gen  300  evals=16800  best=0.8137
        [Trial 1] gen  320  evals=17920  best=0.8135
        [Trial 1] gen  340  evals=19040  best=0.8120
        [Trial 1] gen  360  evals=20160  best=0.8120
        [Trial 1] gen  380  evals=21280  best=0.8120
        [Trial 1] gen  400  evals=22400  best=0.8117
        [Trial 1] gen  420  evals=23520  best=0.8117
        [Trial 1] gen  440  evals=24640  best=0.8112
        [Trial 1] gen  460  evals=25760  best=0.8112
        [Trial 1] gen  480  evals=26880  best=0.8112
        [Trial 1] gen  500  evals=28000  best=0.8112
        [Trial 1] gen  520  evals=29120  best=0.8112
        [Done] Trial 1 best=0.8112
    --> Trial 2 | pop=47 seed=60382 x0_norm_min=-0.344 x0_norm_max=0.824
        [Pruned] Trial 2 at gen 15 (loss=0.9193)
    --> Trial 3 | pop=45 seed=62499 x0_norm_min=-0.797 x0_norm_max=0.622
        [Pruned] Trial 3 at gen 15 (loss=0.9068)
    --> Trial 4 | pop=57 seed=57627 x0_norm_min=-0.947 x0_norm_max=0.785
        [Pruned] Trial 4 at gen 15 (loss=0.9019)
    --> Trial 5 | pop=32 seed=30033 x0_norm_min=-0.748 x0_norm_max=0.981
        [Pruned] Trial 5 at gen 15 (loss=0.9209)
    --> Trial 6 | pop=32 seed=3062 x0_norm_min=-0.929 x0_norm_max=0.732
        [Pruned] Trial 6 at gen 15 (loss=0.9280)
    --> Trial 7 | pop=46 seed=91846 x0_norm_min=-0.779 x0_norm_max=0.922
        [Pruned] Trial 7 at gen 15 (loss=0.9195)
    --> Trial 8 | pop=50 seed=18423 x0_norm_min=-0.814 x0_norm_max=0.843
        [Pruned] Trial 8 at gen 15 (loss=0.9290)
    --> Trial 9 | pop=41 seed=98543 x0_norm_min=-0.955 x0_norm_max=0.770
        [Trial 9] gen   20  evals=  820  best=0.8945
        [Trial 9] gen   40  evals= 1640  best=0.8939
        [Pruned] Trial 9 at gen 45 (loss=0.8939)
    --> Trial 10 | pop=59 seed=40524 x0_norm_min=-0.841 x0_norm_max=0.672
        [Trial 10] gen   20  evals= 1180  best=0.8672
        [Trial 10] gen   40  evals= 2360  best=0.8624
        [Pruned] Trial 10 at gen 45 (loss=0.8624)
    --> Trial 11 | pop=38 seed=78097 x0_norm_min=-0.781 x0_norm_max=0.859
        [Pruned] Trial 11 at gen 15 (loss=0.9054)
    --> Trial 12 | pop=54 seed=1352 x0_norm_min=-0.402 x0_norm_max=0.428
        [Pruned] Trial 12 at gen 15 (loss=0.9288)
    --> Trial 13 | pop=37 seed=43102 x0_norm_min=-0.863 x0_norm_max=0.955
        [Pruned] Trial 13 at gen 15 (loss=0.9157)
    --> Trial 14 | pop=53 seed=84672 x0_norm_min=-0.897 x0_norm_max=-0.091
        [Trial 14] gen   20  evals= 1060  best=0.8809
        [Trial 14] gen   40  evals= 2120  best=0.8698
        [Pruned] Trial 14 at gen 45 (loss=0.8647)
    --> Trial 15 | pop=30 seed=21312 x0_norm_min=-0.690 x0_norm_max=0.990
        [Pruned] Trial 15 at gen 15 (loss=0.9052)
    --> Trial 16 | pop=41 seed=73208 x0_norm_min=-0.776 x0_norm_max=0.982
        [Pruned] Trial 16 at gen 15 (loss=0.9081)
    --> Trial 17 | pop=35 seed=46800 x0_norm_min=-0.863 x0_norm_max=0.835
        [Pruned] Trial 17 at gen 15 (loss=0.9271)
    --> Trial 18 | pop=60 seed=14224 x0_norm_min=-0.933 x0_norm_max=0.907
        [Trial 18] gen   20  evals= 1200  best=0.8883
        [Trial 18] gen   40  evals= 2400  best=0.8708
        [Pruned] Trial 18 at gen 45 (loss=0.8708)
    --> Trial 19 | pop=43 seed=31650 x0_norm_min=-0.948 x0_norm_max=0.822
        [Trial 19] gen   20  evals=  860  best=0.8944
        [Trial 19] gen   40  evals= 1720  best=0.8936
        [Pruned] Trial 19 at gen 45 (loss=0.8936)

  Winner: Trial 1, loss=0.811212 (1036s)
    Restarts run: 20
    mu: 23.867574
    D_mu: 1.270932
    T0_mu: 6.159288
    Ly: 1.100109
    op_x: 0.567493
    op_y: 0.510048
    NMSE: 0.021164
  [Saved] random_IR_0019

============================================================
[20/50] random_IR_0020.npz
  GT loss: 0.763808
  terrain_mean=1.485387  early_threshold=0.770663  (alpha=0.0095)
    --> Trial 0 | pop=32 seed=45352 x0_norm_min=-0.944 x0_norm_max=0.730
        [Trial 0] gen   20  evals=  640  best=0.9740
        [Trial 0] gen   40  evals= 1280  best=0.9490
        [Trial 0] gen   60  evals= 1920  best=0.9194
        [Trial 0] gen   80  evals= 2560  best=0.9194
        [Trial 0] gen  100  evals= 3200  best=0.9194
        [Trial 0] gen  120  evals= 3840  best=0.9194
        [Trial 0] gen  140  evals= 4480  best=0.9194
        [Trial 0] gen  160  evals= 5120  best=0.9194
        [Trial 0] gen  180  evals= 5760  best=0.9194
        [Trial 0] gen  200  evals= 6400  best=0.9194
        [Trial 0] gen  220  evals= 7040  best=0.9194
        [Trial 0] gen  240  evals= 7680  best=0.9145
        [Trial 0] gen  260  evals= 8320  best=0.9119
        [Trial 0] gen  280  evals= 8960  best=0.9112
        [Trial 0] gen  300  evals= 9600  best=0.9112
        [Trial 0] gen  320  evals=10240  best=0.9109
        [Trial 0] gen  340  evals=10880  best=0.9109
        [Trial 0] gen  360  evals=11520  best=0.9109
        [Trial 0] gen  380  evals=12160  best=0.9109
        [Trial 0] gen  400  evals=12800  best=0.9098
        [Trial 0] gen  420  evals=13440  best=0.9088
        [Trial 0] gen  440  evals=14080  best=0.9085
        [Trial 0] gen  460  evals=14720  best=0.9082
        [Trial 0] gen  480  evals=15360  best=0.9078
        [Done] Trial 0 best=0.9078
    --> Trial 1 | pop=51 seed=65215 x0_norm_min=-0.937 x0_norm_max=0.907
        [Pruned] Trial 1 at gen 15 (loss=0.9911)
    --> Trial 2 | pop=60 seed=16485 x0_norm_min=-0.344 x0_norm_max=0.824
        [Trial 2] gen   20  evals= 1200  best=0.9402
        [Trial 2] gen   40  evals= 2400  best=0.9170
        [Trial 2] gen   60  evals= 3600  best=0.9170
        [Trial 2] gen   80  evals= 4800  best=0.9170
        [Trial 2] gen  100  evals= 6000  best=0.9170
        [Trial 2] gen  120  evals= 7200  best=0.9170
        [Trial 2] gen  140  evals= 8400  best=0.8997
        [Trial 2] gen  160  evals= 9600  best=0.8997
        [Trial 2] gen  180  evals=10800  best=0.8997
        [Trial 2] gen  200  evals=12000  best=0.8997
        [Trial 2] gen  220  evals=13200  best=0.8997
        [Trial 2] gen  240  evals=14400  best=0.8997
        [Trial 2] gen  260  evals=15600  best=0.8939
        [Trial 2] gen  280  evals=16800  best=0.8909
        [Trial 2] gen  300  evals=18000  best=0.8873
        [Trial 2] gen  320  evals=19200  best=0.8855
        [Trial 2] gen  340  evals=20400  best=0.8855
        [Trial 2] gen  360  evals=21600  best=0.8842
        [Trial 2] gen  380  evals=22800  best=0.8838
        [Trial 2] gen  400  evals=24000  best=0.8834
        [Trial 2] gen  420  evals=25200  best=0.8831
        [Trial 2] gen  440  evals=26400  best=0.8830
        [Trial 2] gen  460  evals=27600  best=0.8830
        [TRIAL TIMEOUT] Trial 2 total >600s, stopping
        [Done] Trial 2 best=0.8824
    --> Trial 3 | pop=46 seed=90552 x0_norm_min=-0.797 x0_norm_max=0.622
        [Trial 3] gen   20  evals=  920  best=0.9362
        [Trial 3] gen   40  evals= 1840  best=0.9288
        [Pruned] Trial 3 at gen 45 (loss=0.9288)
    --> Trial 4 | pop=38 seed=72763 x0_norm_min=-0.947 x0_norm_max=0.785
        [Pruned] Trial 4 at gen 15 (loss=0.9807)
    --> Trial 5 | pop=48 seed=46033 x0_norm_min=-0.748 x0_norm_max=0.981
        [Trial 5] gen   20  evals=  960  best=0.9336
        [Trial 5] gen   40  evals= 1920  best=0.9336
        [Pruned] Trial 5 at gen 45 (loss=0.9336)
    --> Trial 6 | pop=33 seed=6397 x0_norm_min=-0.929 x0_norm_max=0.732
        [Pruned] Trial 6 at gen 15 (loss=0.9714)
    --> Trial 7 | pop=58 seed=34290 x0_norm_min=-0.779 x0_norm_max=0.922
        [Pruned] Trial 7 at gen 15 (loss=0.9702)
    --> Trial 8 | pop=51 seed=66075 x0_norm_min=-0.814 x0_norm_max=0.843
        [Trial 8] gen   20  evals= 1020  best=0.9330
        [Trial 8] gen   40  evals= 2040  best=0.9314
        [Pruned] Trial 8 at gen 45 (loss=0.9314)
    --> Trial 9 | pop=30 seed=92902 x0_norm_min=-0.955 x0_norm_max=0.770
        [Pruned] Trial 9 at gen 15 (loss=0.9442)
    --> Trial 10 | pop=60 seed=3272 x0_norm_min=-0.841 x0_norm_max=0.672
        [Pruned] Trial 10 at gen 15 (loss=0.9550)
    --> Trial 11 | pop=40 seed=28436 x0_norm_min=-0.781 x0_norm_max=0.859
        [Pruned] Trial 11 at gen 15 (loss=0.9640)
    --> Trial 12 | pop=41 seed=21742 x0_norm_min=-0.402 x0_norm_max=0.428
        [Pruned] Trial 12 at gen 15 (loss=0.9639)
    --> Trial 13 | pop=55 seed=46990 x0_norm_min=-0.863 x0_norm_max=0.955
        [Pruned] Trial 13 at gen 15 (loss=0.9475)
    --> Trial 14 | pop=36 seed=46959 x0_norm_min=-0.897 x0_norm_max=-0.091
        [Pruned] Trial 14 at gen 15 (loss=0.9666)
    --> Trial 15 | pop=43 seed=20480 x0_norm_min=-0.690 x0_norm_max=0.990
        [Pruned] Trial 15 at gen 15 (loss=0.9479)
    --> Trial 16 | pop=54 seed=11554 x0_norm_min=-0.776 x0_norm_max=0.982
        [Pruned] Trial 16 at gen 15 (loss=0.9570)
    --> Trial 17 | pop=44 seed=36729 x0_norm_min=-0.863 x0_norm_max=0.835
        [Pruned] Trial 17 at gen 15 (loss=0.9750)
    --> Trial 18 | pop=30 seed=56555 x0_norm_min=-0.933 x0_norm_max=0.907
        [Trial 18] gen   20  evals=  600  best=0.9133
        [Trial 18] gen   40  evals= 1200  best=0.9133
        [Trial 18] gen   60  evals= 1800  best=0.9133
        [Trial 18] gen   80  evals= 2400  best=0.9133
        [Trial 18] gen  100  evals= 3000  best=0.9133
        [Trial 18] gen  120  evals= 3600  best=0.9133
        [Trial 18] gen  140  evals= 4200  best=0.9133
        [Trial 18] gen  160  evals= 4800  best=0.9133
        [Trial 18] gen  180  evals= 5400  best=0.9133
        [Trial 18] gen  200  evals= 6000  best=0.9133
        [Trial 18] gen  220  evals= 6600  best=0.9085
        [Trial 18] gen  240  evals= 7200  best=0.8980
        [Trial 18] gen  260  evals= 7800  best=0.8980
        [Trial 18] gen  280  evals= 8400  best=0.8980
        [Trial 18] gen  300  evals= 9000  best=0.8980
        [Trial 18] gen  320  evals= 9600  best=0.8960
        [Trial 18] gen  340  evals=10200  best=0.8960
        [Trial 18] gen  360  evals=10800  best=0.8957
        [Trial 18] gen  380  evals=11400  best=0.8957
        [Trial 18] gen  400  evals=12000  best=0.8951
        [Pruned] Trial 18 at gen 405 (loss=0.8951)
    --> Trial 19 | pop=35 seed=15248 x0_norm_min=-0.948 x0_norm_max=0.822
        [Pruned] Trial 19 at gen 15 (loss=0.9856)

  Winner: Trial 2, loss=0.882409 (1873s)
    Restarts run: 20
    mu: 39.714025
    D_mu: 1.202456
    T0_mu: 0.370086
    Ly: 1.723445
    op_x: 0.624533
    op_y: 0.758490
    NMSE: 0.032152
  [Saved] random_IR_0020

============================================================
[21/50] random_IR_0021.npz
  GT loss: 0.819181
  terrain_mean=1.522472  early_threshold=0.825862  (alpha=0.0095)
    --> Trial 0 | pop=46 seed=36781 x0_norm_min=-0.944 x0_norm_max=0.730
        [Trial 0] gen   20  evals=  920  best=0.9685
        [Trial 0] gen   40  evals= 1840  best=0.9430
        [Trial 0] gen   60  evals= 2760  best=0.9172
        [Trial 0] gen   80  evals= 3680  best=0.9172
        [Trial 0] gen  100  evals= 4600  best=0.9165
        [Trial 0] gen  120  evals= 5520  best=0.9149
        [Trial 0] gen  140  evals= 6440  best=0.9122
        [Trial 0] gen  160  evals= 7360  best=0.9085
        [Trial 0] gen  180  evals= 8280  best=0.9024
        [Trial 0] gen  200  evals= 9200  best=0.8980
        [Trial 0] gen  220  evals=10120  best=0.8977
        [Trial 0] gen  240  evals=11040  best=0.8971
        [Trial 0] gen  260  evals=11960  best=0.8936
        [Trial 0] gen  280  evals=12880  best=0.8932
        [Trial 0] gen  300  evals=13800  best=0.8922
        [Trial 0] gen  320  evals=14720  best=0.8920
        [Trial 0] gen  340  evals=15640  best=0.8900
        [Trial 0] gen  360  evals=16560  best=0.8885
        [Trial 0] gen  380  evals=17480  best=0.8882
        [Trial 0] gen  400  evals=18400  best=0.8872
        [Trial 0] gen  420  evals=19320  best=0.8872
        [Trial 0] gen  440  evals=20240  best=0.8872
        [TRIAL TIMEOUT] Trial 0 total >600s, stopping
        [Done] Trial 0 best=0.8872
    --> Trial 1 | pop=57 seed=98426 x0_norm_min=-0.937 x0_norm_max=0.907
        [Trial 1] gen   20  evals= 1140  best=0.9476
        [Trial 1] gen   40  evals= 2280  best=0.9311
        [Pruned] Trial 1 at gen 45 (loss=0.9311)
    --> Trial 2 | pop=53 seed=22845 x0_norm_min=-0.344 x0_norm_max=0.824
        [Pruned] Trial 2 at gen 15 (loss=0.9521)
    --> Trial 3 | pop=32 seed=33741 x0_norm_min=-0.797 x0_norm_max=0.622
        [Pruned] Trial 3 at gen 15 (loss=0.9636)
    --> Trial 4 | pop=50 seed=21166 x0_norm_min=-0.947 x0_norm_max=0.785
        [Pruned] Trial 4 at gen 15 (loss=0.9630)
    --> Trial 5 | pop=33 seed=16602 x0_norm_min=-0.748 x0_norm_max=0.981
        [Pruned] Trial 5 at gen 15 (loss=0.9531)
    --> Trial 6 | pop=36 seed=11335 x0_norm_min=-0.929 x0_norm_max=0.732
        [Pruned] Trial 6 at gen 15 (loss=0.9734)
    --> Trial 7 | pop=42 seed=74091 x0_norm_min=-0.779 x0_norm_max=0.922
        [Pruned] Trial 7 at gen 15 (loss=0.9682)
    --> Trial 8 | pop=38 seed=58553 x0_norm_min=-0.814 x0_norm_max=0.843
        [Pruned] Trial 8 at gen 15 (loss=0.9611)
    --> Trial 9 | pop=58 seed=10609 x0_norm_min=-0.955 x0_norm_max=0.770
        [Trial 9] gen   20  evals= 1160  best=0.9388
        [Trial 9] gen   40  evals= 2320  best=0.9388
        [Pruned] Trial 9 at gen 45 (loss=0.9388)
    --> Trial 10 | pop=45 seed=47603 x0_norm_min=-0.841 x0_norm_max=0.672
        [Pruned] Trial 10 at gen 15 (loss=0.9582)
    --> Trial 11 | pop=60 seed=97610 x0_norm_min=-0.781 x0_norm_max=0.859
        [Trial 11] gen   20  evals= 1200  best=0.9444
        [Trial 11] gen   40  evals= 2400  best=0.9444
        [Pruned] Trial 11 at gen 45 (loss=0.9444)
    --> Trial 12 | pop=50 seed=78243 x0_norm_min=-0.402 x0_norm_max=0.428
        [Pruned] Trial 12 at gen 15 (loss=0.9809)
    --> Trial 13 | pop=54 seed=97182 x0_norm_min=-0.863 x0_norm_max=0.955
        [Pruned] Trial 13 at gen 15 (loss=0.9692)
    --> Trial 14 | pop=46 seed=556 x0_norm_min=-0.897 x0_norm_max=-0.091
        [Pruned] Trial 14 at gen 15 (loss=0.9754)
    --> Trial 15 | pop=56 seed=50969 x0_norm_min=-0.690 x0_norm_max=0.990
        [Pruned] Trial 15 at gen 15 (loss=0.9592)
    --> Trial 16 | pop=41 seed=79874 x0_norm_min=-0.776 x0_norm_max=0.982
        [Pruned] Trial 16 at gen 15 (loss=0.9624)
    --> Trial 17 | pop=48 seed=37446 x0_norm_min=-0.863 x0_norm_max=0.835
        [Pruned] Trial 17 at gen 15 (loss=0.9724)
    --> Trial 18 | pop=52 seed=66932 x0_norm_min=-0.933 x0_norm_max=0.907
        [Pruned] Trial 18 at gen 15 (loss=0.9622)
    --> Trial 19 | pop=42 seed=88053 x0_norm_min=-0.948 x0_norm_max=0.822
        [Trial 19] gen   20  evals=  840  best=0.9486
        [Trial 19] gen   40  evals= 1680  best=0.9449
        [Pruned] Trial 19 at gen 45 (loss=0.9449)

  Winner: Trial 0, loss=0.887240 (1066s)
    Restarts run: 20
    mu: 20.783450
    D_mu: 3.149965
    T0_mu: 1.166690
    Ly: 3.839819
    op_x: 0.625997
    op_y: 0.517112
    NMSE: 0.049065
  [Saved] random_IR_0021

============================================================
[22/50] random_IR_0022.npz
  GT loss: 0.760833
  terrain_mean=1.439232  early_threshold=0.767278  (alpha=0.0095)
    --> Trial 0 | pop=48 seed=55736 x0_norm_min=-0.944 x0_norm_max=0.730
        [Trial 0] gen   20  evals=  960  best=0.9404
        [Trial 0] gen   40  evals= 1920  best=0.9249
        [Trial 0] gen   60  evals= 2880  best=0.9249
        [Trial 0] gen   80  evals= 3840  best=0.9195
        [Trial 0] gen  100  evals= 4800  best=0.9195
        [Trial 0] gen  120  evals= 5760  best=0.9195
        [Trial 0] gen  140  evals= 6720  best=0.9195
        [Trial 0] gen  160  evals= 7680  best=0.9132
        [Trial 0] gen  180  evals= 8640  best=0.9098
        [Trial 0] gen  200  evals= 9600  best=0.9098
        [Trial 0] gen  220  evals=10560  best=0.9022
        [Trial 0] gen  240  evals=11520  best=0.9022
        [Trial 0] gen  260  evals=12480  best=0.9022
        [Trial 0] gen  280  evals=13440  best=0.9022
        [Trial 0] gen  300  evals=14400  best=0.9022
        [Trial 0] gen  320  evals=15360  best=0.9022
        [TRIAL TIMEOUT] Trial 0 total >600s, stopping
        [Done] Trial 0 best=0.9022
    --> Trial 1 | pop=55 seed=52809 x0_norm_min=-0.937 x0_norm_max=0.907
        [Trial 1] gen   20  evals= 1100  best=0.9099
        [Trial 1] gen   40  evals= 2200  best=0.9099
        [Trial 1] gen   60  evals= 3300  best=0.9011
        [Trial 1] gen   80  evals= 4400  best=0.9011
        [Trial 1] gen  100  evals= 5500  best=0.8985
        [Trial 1] gen  120  evals= 6600  best=0.8852
        [Trial 1] gen  140  evals= 7700  best=0.8852
        [Trial 1] gen  160  evals= 8800  best=0.8843
        [Trial 1] gen  180  evals= 9900  best=0.8843
        [Trial 1] gen  200  evals=11000  best=0.8843
        [Trial 1] gen  220  evals=12100  best=0.8807
        [Trial 1] gen  240  evals=13200  best=0.8696
        [Trial 1] gen  260  evals=14300  best=0.8568
        [Trial 1] gen  280  evals=15400  best=0.8559
        [Trial 1] gen  300  evals=16500  best=0.8526
        [Trial 1] gen  320  evals=17600  best=0.8508
        [Trial 1] gen  340  evals=18700  best=0.8503
        [Trial 1] gen  360  evals=19800  best=0.8493
        [Trial 1] gen  380  evals=20900  best=0.8493
        [Trial 1] gen  400  evals=22000  best=0.8486
        [Trial 1] gen  420  evals=23100  best=0.8486
        [Trial 1] gen  440  evals=24200  best=0.8472
        [Trial 1] gen  460  evals=25300  best=0.8472
        [Trial 1] gen  480  evals=26400  best=0.8472
        [Trial 1] gen  500  evals=27500  best=0.8468
        [Trial 1] gen  520  evals=28600  best=0.8459
        [TRIAL TIMEOUT] Trial 1 total >600s, stopping
        [Done] Trial 1 best=0.8459
    --> Trial 2 | pop=37 seed=1036 x0_norm_min=-0.344 x0_norm_max=0.824
        [Pruned] Trial 2 at gen 15 (loss=0.9381)
    --> Trial 3 | pop=53 seed=59482 x0_norm_min=-0.797 x0_norm_max=0.622
        [Pruned] Trial 3 at gen 15 (loss=0.9370)
    --> Trial 4 | pop=42 seed=90518 x0_norm_min=-0.947 x0_norm_max=0.785
        [Pruned] Trial 4 at gen 15 (loss=0.9267)
    --> Trial 5 | pop=44 seed=4375 x0_norm_min=-0.748 x0_norm_max=0.981
        [Trial 5] gen   20  evals=  880  best=0.9123
        [Trial 5] gen   40  evals= 1760  best=0.9123
        [Pruned] Trial 5 at gen 45 (loss=0.9123)
    --> Trial 6 | pop=31 seed=82856 x0_norm_min=-0.929 x0_norm_max=0.732
        [Pruned] Trial 6 at gen 15 (loss=0.9634)
    --> Trial 7 | pop=46 seed=9676 x0_norm_min=-0.779 x0_norm_max=0.922
        [Pruned] Trial 7 at gen 15 (loss=0.9359)
    --> Trial 8 | pop=51 seed=67754 x0_norm_min=-0.814 x0_norm_max=0.843
        [Pruned] Trial 8 at gen 15 (loss=0.9319)
    --> Trial 9 | pop=30 seed=92731 x0_norm_min=-0.955 x0_norm_max=0.770
        [Pruned] Trial 9 at gen 15 (loss=0.9412)
    --> Trial 10 | pop=60 seed=30758 x0_norm_min=-0.841 x0_norm_max=0.672
        [Pruned] Trial 10 at gen 15 (loss=0.9306)
    --> Trial 11 | pop=57 seed=44190 x0_norm_min=-0.781 x0_norm_max=0.859
        [Pruned] Trial 11 at gen 15 (loss=0.9470)
    --> Trial 12 | pop=50 seed=43912 x0_norm_min=-0.402 x0_norm_max=0.428
        [Trial 12] gen   20  evals= 1000  best=0.9304
        [Trial 12] gen   40  evals= 2000  best=0.9304
        [Pruned] Trial 12 at gen 45 (loss=0.9304)
    --> Trial 13 | pop=55 seed=65326 x0_norm_min=-0.863 x0_norm_max=0.955
        [Pruned] Trial 13 at gen 15 (loss=0.9343)
    --> Trial 14 | pop=48 seed=46425 x0_norm_min=-0.897 x0_norm_max=-0.091
        [Trial 14] gen   20  evals=  960  best=0.9244
        [Trial 14] gen   40  evals= 1920  best=0.9162
        [Pruned] Trial 14 at gen 45 (loss=0.9162)
    --> Trial 15 | pop=40 seed=26956 x0_norm_min=-0.690 x0_norm_max=0.990
        [Pruned] Trial 15 at gen 15 (loss=0.9942)
    --> Trial 16 | pop=60 seed=77627 x0_norm_min=-0.776 x0_norm_max=0.982
        [Pruned] Trial 16 at gen 15 (loss=0.9419)
    --> Trial 17 | pop=55 seed=30326 x0_norm_min=-0.863 x0_norm_max=0.835
        [Trial 17] gen   20  evals= 1100  best=0.9304
        [Trial 17] gen   40  evals= 2200  best=0.9303
        [Pruned] Trial 17 at gen 45 (loss=0.9303)
    --> Trial 18 | pop=48 seed=55265 x0_norm_min=-0.933 x0_norm_max=0.907
        [Trial 18] gen   20  evals=  960  best=0.9269
        [Trial 18] gen   40  evals= 1920  best=0.9269
        [Pruned] Trial 18 at gen 45 (loss=0.9269)
    --> Trial 19 | pop=37 seed=75141 x0_norm_min=-0.948 x0_norm_max=0.822
        [Pruned] Trial 19 at gen 15 (loss=0.9584)

  Winner: Trial 1, loss=0.845858 (1658s)
    Restarts run: 20
    mu: 24.157491
    D_mu: 1.619763
    T0_mu: 3.378702
    Ly: 1.954912
    op_x: 0.703428
    op_y: 0.551661
    NMSE: 0.133106
  [Saved] random_IR_0022

============================================================
[23/50] random_IR_0023.npz
  GT loss: 0.724097
  terrain_mean=1.397093  early_threshold=0.730490  (alpha=0.0095)
    --> Trial 0 | pop=30 seed=74843 x0_norm_min=-0.944 x0_norm_max=0.730
        [Trial 0] gen   20  evals=  600  best=0.9310
        [Trial 0] gen   40  evals= 1200  best=0.9310
        [Trial 0] gen   60  evals= 1800  best=0.9233
        [Trial 0] gen   80  evals= 2400  best=0.9178
        [Trial 0] gen  100  evals= 3000  best=0.9178
        [Trial 0] gen  120  evals= 3600  best=0.9178
        [Trial 0] gen  140  evals= 4200  best=0.9022
        [Trial 0] gen  160  evals= 4800  best=0.9022
        [Trial 0] gen  180  evals= 5400  best=0.9022
        [Trial 0] gen  200  evals= 6000  best=0.9022
        [Trial 0] gen  220  evals= 6600  best=0.9022
        [Trial 0] gen  240  evals= 7200  best=0.9022
        [Trial 0] gen  260  evals= 7800  best=0.9022
        [Trial 0] gen  280  evals= 8400  best=0.9022
        [Trial 0] gen  300  evals= 9000  best=0.9022
        [Trial 0] gen  320  evals= 9600  best=0.9022
        [Trial 0] gen  340  evals=10200  best=0.8966
        [Trial 0] gen  360  evals=10800  best=0.8930
        [Trial 0] gen  380  evals=11400  best=0.8930
        [Trial 0] gen  400  evals=12000  best=0.8930
        [Trial 0] gen  420  evals=12600  best=0.8891
        [Trial 0] gen  440  evals=13200  best=0.8854
        [Trial 0] gen  460  evals=13800  best=0.8794
        [Trial 0] gen  480  evals=14400  best=0.8794
        [Trial 0] gen  500  evals=15000  best=0.8741
        [Trial 0] gen  520  evals=15600  best=0.8741
        [Trial 0] gen  540  evals=16200  best=0.8741
        [Trial 0] gen  560  evals=16800  best=0.8741
        [Trial 0] gen  580  evals=17400  best=0.8709
        [Trial 0] gen  600  evals=18000  best=0.8709
        [Trial 0] gen  620  evals=18600  best=0.8709
        [Trial 0] gen  640  evals=19200  best=0.8700
        [Trial 0] gen  660  evals=19800  best=0.8700
        [Trial 0] gen  680  evals=20400  best=0.8700
        [Trial 0] gen  700  evals=21000  best=0.8694
        [Trial 0] gen  720  evals=21600  best=0.8694
        [Trial 0] gen  740  evals=22200  best=0.8694
        [Trial 0] gen  760  evals=22800  best=0.8694
        [Trial 0] gen  780  evals=23400  best=0.8694
        [Trial 0] gen  800  evals=24000  best=0.8694
        [Done] Trial 0 best=0.8694
    --> Trial 1 | pop=53 seed=15018 x0_norm_min=-0.937 x0_norm_max=0.907
        [Pruned] Trial 1 at gen 15 (loss=0.9467)
    --> Trial 2 | pop=37 seed=77691 x0_norm_min=-0.344 x0_norm_max=0.824
        [Pruned] Trial 2 at gen 15 (loss=0.9641)
    --> Trial 3 | pop=36 seed=65202 x0_norm_min=-0.797 x0_norm_max=0.622
        [Pruned] Trial 3 at gen 15 (loss=0.9534)
    --> Trial 4 | pop=39 seed=38333 x0_norm_min=-0.947 x0_norm_max=0.785
        [Pruned] Trial 4 at gen 15 (loss=0.9408)
    --> Trial 5 | pop=59 seed=45128 x0_norm_min=-0.748 x0_norm_max=0.981
        [Trial 5] gen   20  evals= 1180  best=0.9172
        [Trial 5] gen   40  evals= 2360  best=0.9172
        [Trial 5] gen   60  evals= 3540  best=0.9172
        [Trial 5] gen   80  evals= 4720  best=0.9004
        [Trial 5] gen  100  evals= 5900  best=0.9004
        [Trial 5] gen  120  evals= 7080  best=0.9004
        [Trial 5] gen  140  evals= 8260  best=0.9004
        [Trial 5] gen  160  evals= 9440  best=0.9004
        [Trial 5] gen  180  evals=10620  best=0.9004
        [Trial 5] gen  200  evals=11800  best=0.9004
        [Trial 5] gen  220  evals=12980  best=0.9004
        [Trial 5] gen  240  evals=14160  best=0.9004
        [Trial 5] gen  260  evals=15340  best=0.9004
        [Trial 5] gen  280  evals=16520  best=0.9004
        [Trial 5] gen  300  evals=17700  best=0.9004
        [Trial 5] gen  320  evals=18880  best=0.8993
        [Trial 5] gen  340  evals=20060  best=0.8967
        [Trial 5] gen  360  evals=21240  best=0.8967
        [Trial 5] gen  380  evals=22420  best=0.8959
        [Trial 5] gen  400  evals=23600  best=0.8944
        [Pruned] Trial 5 at gen 405 (loss=0.8944)
    --> Trial 6 | pop=42 seed=68635 x0_norm_min=-0.929 x0_norm_max=0.732
        [Pruned] Trial 6 at gen 15 (loss=0.9493)
    --> Trial 7 | pop=54 seed=32525 x0_norm_min=-0.779 x0_norm_max=0.922
        [Pruned] Trial 7 at gen 15 (loss=0.9467)
    --> Trial 8 | pop=30 seed=84634 x0_norm_min=-0.814 x0_norm_max=0.843
        [Pruned] Trial 8 at gen 15 (loss=0.9423)
    --> Trial 9 | pop=60 seed=63663 x0_norm_min=-0.955 x0_norm_max=0.770
        [Trial 9] gen   20  evals= 1200  best=0.9327
        [Trial 9] gen   40  evals= 2400  best=0.8997
        [Trial 9] gen   60  evals= 3600  best=0.8997
        [Trial 9] gen   80  evals= 4800  best=0.8997
        [Trial 9] gen  100  evals= 6000  best=0.8997
        [Trial 9] gen  120  evals= 7200  best=0.8997
        [Trial 9] gen  140  evals= 8400  best=0.8988
        [Trial 9] gen  160  evals= 9600  best=0.8817
        [Trial 9] gen  180  evals=10800  best=0.8732
        [Trial 9] gen  200  evals=12000  best=0.8732
        [Trial 9] gen  220  evals=13200  best=0.8678
        [Trial 9] gen  240  evals=14400  best=0.8645
        [Trial 9] gen  260  evals=15600  best=0.8614
        [Trial 9] gen  280  evals=16800  best=0.8603
        [Trial 9] gen  300  evals=18000  best=0.8603
NOTE (module=cma, iteration=305):  
condition in coordinate system exceeded 1.1e+08, rescaled to 1.0e+00, 
condition changed from 1.6e+08 to 5.5e+07
        [Trial 9] gen  320  evals=19200  best=0.8593
        [Trial 9] gen  340  evals=20400  best=0.8591
        [Trial 9] gen  360  evals=21600  best=0.8584
        [Trial 9] gen  380  evals=22800  best=0.8584
        [Trial 9] gen  400  evals=24000  best=0.8577
        [Trial 9] gen  420  evals=25200  best=0.8576
        [Trial 9] gen  440  evals=26400  best=0.8572
        [Trial 9] gen  460  evals=27600  best=0.8572
        [Trial 9] gen  480  evals=28800  best=0.8572
        [Trial 9] gen  500  evals=30000  best=0.8568
        [Done] Trial 9 best=0.8568
    --> Trial 10 | pop=46 seed=99564 x0_norm_min=-0.841 x0_norm_max=0.672
        [Trial 10] gen   20  evals=  920  best=0.9317
        [Trial 10] gen   40  evals= 1840  best=0.9246
        [Pruned] Trial 10 at gen 45 (loss=0.9246)
    --> Trial 11 | pop=30 seed=55595 x0_norm_min=-0.781 x0_norm_max=0.859
        [Pruned] Trial 11 at gen 15 (loss=0.9507)
    --> Trial 12 | pop=46 seed=91541 x0_norm_min=-0.402 x0_norm_max=0.428
        [Pruned] Trial 12 at gen 15 (loss=0.9445)
    --> Trial 13 | pop=59 seed=60704 x0_norm_min=-0.863 x0_norm_max=0.955
        [Pruned] Trial 13 at gen 15 (loss=0.9348)
    --> Trial 14 | pop=51 seed=73413 x0_norm_min=-0.897 x0_norm_max=-0.091
        [Trial 14] gen   20  evals= 1020  best=0.9125
        [Trial 14] gen   40  evals= 2040  best=0.8956
        [Trial 14] gen   60  evals= 3060  best=0.8956
        [Trial 14] gen   80  evals= 4080  best=0.8956
        [Trial 14] gen  100  evals= 5100  best=0.8956
        [Trial 14] gen  120  evals= 6120  best=0.8956
        [Trial 14] gen  140  evals= 7140  best=0.8956
        [Trial 14] gen  160  evals= 8160  best=0.8956
        [Trial 14] gen  180  evals= 9180  best=0.8956
        [Trial 14] gen  200  evals=10200  best=0.8891
        [Trial 14] gen  220  evals=11220  best=0.8717
        [Trial 14] gen  240  evals=12240  best=0.8644
        [Trial 14] gen  260  evals=13260  best=0.8625
        [Trial 14] gen  280  evals=14280  best=0.8624
        [Trial 14] gen  300  evals=15300  best=0.8611
        [Trial 14] gen  320  evals=16320  best=0.8595
        [Trial 14] gen  340  evals=17340  best=0.8595
        [Trial 14] gen  360  evals=18360  best=0.8593
        [Trial 14] gen  380  evals=19380  best=0.8593
        [Trial 14] gen  400  evals=20400  best=0.8592
        [Pruned] Trial 14 at gen 405 (loss=0.8588)
    --> Trial 15 | pop=47 seed=50453 x0_norm_min=-0.690 x0_norm_max=0.990
        [Trial 15] gen   20  evals=  940  best=0.9173
        [Trial 15] gen   40  evals= 1880  best=0.9173
        [Pruned] Trial 15 at gen 45 (loss=0.9107)
    --> Trial 16 | pop=34 seed=4541 x0_norm_min=-0.776 x0_norm_max=0.982
        [Pruned] Trial 16 at gen 15 (loss=0.9521)
    --> Trial 17 | pop=42 seed=82975 x0_norm_min=-0.863 x0_norm_max=0.835
        [Trial 17] gen   20  evals=  840  best=0.9178
        [Trial 17] gen   40  evals= 1680  best=0.9178
        [Pruned] Trial 17 at gen 45 (loss=0.9178)
    --> Trial 18 | pop=56 seed=33585 x0_norm_min=-0.933 x0_norm_max=0.907
        [Pruned] Trial 18 at gen 15 (loss=0.9353)
    --> Trial 19 | pop=49 seed=25172 x0_norm_min=-0.948 x0_norm_max=0.822
        [Pruned] Trial 19 at gen 15 (loss=0.9406)

  Winner: Trial 9, loss=0.856768 (1177s)
    Restarts run: 20
    mu: 44.515522
    D_mu: 4.614236
    T0_mu: 2.409914
    Ly: 1.289455
    op_x: 0.567284
    op_y: 0.583262
    NMSE: 0.054417
  [Saved] random_IR_0023

============================================================
[24/50] random_IR_0024.npz
  GT loss: 0.626350
  terrain_mean=1.284100  early_threshold=0.632598  (alpha=0.0095)
    --> Trial 0 | pop=31 seed=94772 x0_norm_min=-0.944 x0_norm_max=0.730
        [Trial 0] gen   20  evals=  620  best=0.8546
        [Trial 0] gen   40  evals= 1240  best=0.8463
        [Trial 0] gen   60  evals= 1860  best=0.8304
        [Trial 0] gen   80  evals= 2480  best=0.8304
        [Trial 0] gen  100  evals= 3100  best=0.8199
        [Trial 0] gen  120  evals= 3720  best=0.8116
        [Trial 0] gen  140  evals= 4340  best=0.8116
        [Trial 0] gen  160  evals= 4960  best=0.8032
        [Trial 0] gen  180  evals= 5580  best=0.8032
        [Trial 0] gen  200  evals= 6200  best=0.8032
        [Trial 0] gen  220  evals= 6820  best=0.8032
        [Trial 0] gen  240  evals= 7440  best=0.8032
        [Trial 0] gen  260  evals= 8060  best=0.7970
        [Trial 0] gen  280  evals= 8680  best=0.7955
        [Trial 0] gen  300  evals= 9300  best=0.7948
        [Trial 0] gen  320  evals= 9920  best=0.7929
        [Trial 0] gen  340  evals=10540  best=0.7915
        [Trial 0] gen  360  evals=11160  best=0.7905
        [Trial 0] gen  380  evals=11780  best=0.7890
        [Trial 0] gen  400  evals=12400  best=0.7890
        [Trial 0] gen  420  evals=13020  best=0.7890
        [Trial 0] gen  440  evals=13640  best=0.7886
        [Trial 0] gen  460  evals=14260  best=0.7886
        [Trial 0] gen  480  evals=14880  best=0.7886
        [Trial 0] gen  500  evals=15500  best=0.7886
        [Trial 0] gen  520  evals=16120  best=0.7884
        [Trial 0] gen  540  evals=16740  best=0.7884
        [Trial 0] gen  560  evals=17360  best=0.7884
        [Done] Trial 0 best=0.7884
    --> Trial 1 | pop=57 seed=38340 x0_norm_min=-0.937 x0_norm_max=0.907
        [Trial 1] gen   20  evals= 1140  best=0.8355
        [Trial 1] gen   40  evals= 2280  best=0.8305
        [Trial 1] gen   60  evals= 3420  best=0.8305
        [Trial 1] gen   80  evals= 4560  best=0.8305
        [Trial 1] gen  100  evals= 5700  best=0.8305
        [Trial 1] gen  120  evals= 6840  best=0.8305
        [Trial 1] gen  140  evals= 7980  best=0.8058
        [Trial 1] gen  160  evals= 9120  best=0.8058
        [Trial 1] gen  180  evals=10260  best=0.8027
        [Trial 1] gen  200  evals=11400  best=0.8027
        [Trial 1] gen  220  evals=12540  best=0.7857
        [Trial 1] gen  240  evals=13680  best=0.7722
        [Trial 1] gen  260  evals=14820  best=0.7696
        [Trial 1] gen  280  evals=15960  best=0.7686
        [Trial 1] gen  300  evals=17100  best=0.7686
        [Trial 1] gen  320  evals=18240  best=0.7680
        [Trial 1] gen  340  evals=19380  best=0.7667
        [Trial 1] gen  360  evals=20520  best=0.7666
        [Trial 1] gen  380  evals=21660  best=0.7652
        [Trial 1] gen  400  evals=22800  best=0.7652
        [Trial 1] gen  420  evals=23940  best=0.7652
        [Trial 1] gen  440  evals=25080  best=0.7652
        [Trial 1] gen  460  evals=26220  best=0.7648
        [Trial 1] gen  480  evals=27360  best=0.7644
        [Trial 1] gen  500  evals=28500  best=0.7644
        [Trial 1] gen  520  evals=29640  best=0.7644
        [Done] Trial 1 best=0.7644
    --> Trial 2 | pop=42 seed=43511 x0_norm_min=-0.344 x0_norm_max=0.824
        [Pruned] Trial 2 at gen 15 (loss=0.8386)
    --> Trial 3 | pop=42 seed=19009 x0_norm_min=-0.797 x0_norm_max=0.622
        [Pruned] Trial 3 at gen 15 (loss=0.8736)
    --> Trial 4 | pop=48 seed=8513 x0_norm_min=-0.947 x0_norm_max=0.785
        [Pruned] Trial 4 at gen 15 (loss=0.8606)/home/bhpark3/dafxenv/lib/python3.12/site-packages/cma/utilities/utils.py:369: UserWarning: 
        geno-pheno transformation introduced based on the
        current covariance matrix with condition 1.1e+12 -> 1.0e+00,
        injected solutions become "invalid" in this iteration (time=Jul 11 12:38:56 2026 class=CMAEvolutionStrategy method=alleviate_conditioning iteration=505)
  warnings.warn(msg + ' (time={}'.format(time.asctime()[4:]) +

    --> Trial 5 | pop=31 seed=81919 x0_norm_min=-0.748 x0_norm_max=0.981
        [Pruned] Trial 5 at gen 15 (loss=0.8795)
    --> Trial 6 | pop=35 seed=63803 x0_norm_min=-0.929 x0_norm_max=0.732
        [Pruned] Trial 6 at gen 15 (loss=0.8528)
    --> Trial 7 | pop=40 seed=81202 x0_norm_min=-0.779 x0_norm_max=0.922
        [Trial 7] gen   20  evals=  800  best=0.8312
        [Trial 7] gen   40  evals= 1600  best=0.8305
        [Trial 7] gen   60  evals= 2400  best=0.8305
        [Trial 7] gen   80  evals= 3200  best=0.8305
        [Trial 7] gen  100  evals= 4000  best=0.8224
        [Trial 7] gen  120  evals= 4800  best=0.8224
        [Pruned] Trial 7 at gen 135 (loss=0.8224)
    --> Trial 8 | pop=57 seed=55072 x0_norm_min=-0.814 x0_norm_max=0.843
        [Trial 8] gen   20  evals= 1140  best=0.8187
        [Trial 8] gen   40  evals= 2280  best=0.8187
        [Trial 8] gen   60  evals= 3420  best=0.8187
        [Trial 8] gen   80  evals= 4560  best=0.8166
        [Trial 8] gen  100  evals= 5700  best=0.8074
        [Trial 8] gen  120  evals= 6840  best=0.8074
        [Trial 8] gen  140  evals= 7980  best=0.7897
        [Trial 8] gen  160  evals= 9120  best=0.7857
        [Trial 8] gen  180  evals=10260  best=0.7829
        [Trial 8] gen  200  evals=11400  best=0.7712
        [Trial 8] gen  220  evals=12540  best=0.7523
        [Trial 8] gen  240  evals=13680  best=0.7435
        [Trial 8] gen  260  evals=14820  best=0.7166
        [Trial 8] gen  280  evals=15960  best=0.7134
        [Trial 8] gen  300  evals=17100  best=0.7113
        [Trial 8] gen  320  evals=18240  best=0.7085
        [Trial 8] gen  340  evals=19380  best=0.7072
        [Trial 8] gen  360  evals=20520  best=0.7072
NOTE (module=cma, iteration=376):  
condition in coordinate system exceeded 1.0e+08, rescaled to 1.0e+00, 
condition changed from 1.9e+09 to 1.9e+09
        [Trial 8] gen  380  evals=21660  best=0.7066
        [Trial 8] gen  400  evals=22800  best=0.7066
        [Trial 8] gen  420  evals=23940  best=0.7055
        [Trial 8] gen  440  evals=25080  best=0.7055
        [Trial 8] gen  460  evals=26220  best=0.7055
        [Trial 8] gen  480  evals=27360  best=0.7050
        [Trial 8] gen  500  evals=28500  best=0.7050
        [Trial 8] gen  520  evals=29640  best=0.7050
        [Done] Trial 8 best=0.7050
    --> Trial 9 | pop=47 seed=17865 x0_norm_min=-0.955 x0_norm_max=0.770
        [Pruned] Trial 9 at gen 15 (loss=0.8706)
    --> Trial 10 | pop=60 seed=52424 x0_norm_min=-0.841 x0_norm_max=0.672
        [Pruned] Trial 10 at gen 15 (loss=0.8508)
    --> Trial 11 | pop=59 seed=41505 x0_norm_min=-0.781 x0_norm_max=0.859
        [Pruned] Trial 11 at gen 15 (loss=0.8470)
    --> Trial 12 | pop=54 seed=35241 x0_norm_min=-0.402 x0_norm_max=0.428
        [Trial 12] gen   20  evals= 1080  best=0.8326
        [Trial 12] gen   40  evals= 2160  best=0.8211
        [Pruned] Trial 12 at gen 45 (loss=0.8208)
    --> Trial 13 | pop=54 seed=58631 x0_norm_min=-0.863 x0_norm_max=0.955
        [Trial 13] gen   20  evals= 1080  best=0.8270
        [Trial 13] gen   40  evals= 2160  best=0.8119
        [Trial 13] gen   60  evals= 3240  best=0.8119
        [Trial 13] gen   80  evals= 4320  best=0.8119
        [Trial 13] gen  100  evals= 5400  best=0.8119
        [Trial 13] gen  120  evals= 6480  best=0.8119
        [Pruned] Trial 13 at gen 135 (loss=0.8119)
    --> Trial 14 | pop=55 seed=69385 x0_norm_min=-0.897 x0_norm_max=-0.091
        [Pruned] Trial 14 at gen 15 (loss=0.8436)
    --> Trial 15 | pop=48 seed=30710 x0_norm_min=-0.690 x0_norm_max=0.990
        [Trial 15] gen   20  evals=  960  best=0.8151
        [Trial 15] gen   40  evals= 1920  best=0.8151
        [Trial 15] gen   60  evals= 2880  best=0.8151
        [Trial 15] gen   80  evals= 3840  best=0.8151
        [Trial 15] gen  100  evals= 4800  best=0.8151
        [Trial 15] gen  120  evals= 5760  best=0.8151
        [Pruned] Trial 15 at gen 135 (loss=0.8099)
    --> Trial 16 | pop=57 seed=50485 x0_norm_min=-0.776 x0_norm_max=0.982
        [Pruned] Trial 16 at gen 15 (loss=0.8521)
    --> Trial 17 | pop=52 seed=73014 x0_norm_min=-0.863 x0_norm_max=0.835
        [Pruned] Trial 17 at gen 15 (loss=0.8553)
    --> Trial 18 | pop=51 seed=27631 x0_norm_min=-0.933 x0_norm_max=0.907
        [Pruned] Trial 18 at gen 15 (loss=0.8583)
    --> Trial 19 | pop=57 seed=4931 x0_norm_min=-0.948 x0_norm_max=0.822
        [Trial 19] gen   20  evals= 1140  best=0.8295
        [Trial 19] gen   40  evals= 2280  best=0.8266
        [Pruned] Trial 19 at gen 45 (loss=0.8266)

  Winner: Trial 8, loss=0.705042 (1112s)
    Restarts run: 20
    mu: 37.221438
    D_mu: 5.165037
    T0_mu: 3.706370
    Ly: 1.246354
    op_x: 0.593474
    op_y: 0.661071
    NMSE: 0.061372
  [Saved] random_IR_0024

============================================================
[25/50] random_IR_0025.npz
  GT loss: 0.759739
  terrain_mean=1.500781  early_threshold=0.766779  (alpha=0.0095)
    --> Trial 0 | pop=59 seed=29500 x0_norm_min=-0.944 x0_norm_max=0.730
        [Trial 0] gen   20  evals= 1180  best=0.9127
        [Trial 0] gen   40  evals= 2360  best=0.9084
        [Trial 0] gen   60  evals= 3540  best=0.9084
        [Trial 0] gen   80  evals= 4720  best=0.9084
        [Trial 0] gen  100  evals= 5900  best=0.9084
        [Trial 0] gen  120  evals= 7080  best=0.9084
        [Trial 0] gen  140  evals= 8260  best=0.9076
        [Trial 0] gen  160  evals= 9440  best=0.9069
        [Trial 0] gen  180  evals=10620  best=0.9069
        [Trial 0] gen  200  evals=11800  best=0.9069
        [TRIAL TIMEOUT] Trial 0 total >600s, stopping
        [Done] Trial 0 best=0.9069
    --> Trial 1 | pop=39 seed=1384 x0_norm_min=-0.937 x0_norm_max=0.907
        [Pruned] Trial 1 at gen 15 (loss=0.9440)
    --> Trial 2 | pop=51 seed=90820 x0_norm_min=-0.344 x0_norm_max=0.824
        [Trial 2] gen   20  evals= 1020  best=0.9099
        [Trial 2] gen   40  evals= 2040  best=0.8852
        [Trial 2] gen   60  evals= 3060  best=0.8852
        [Trial 2] gen   80  evals= 4080  best=0.8836
        [Trial 2] gen  100  evals= 5100  best=0.8723
        [Trial 2] gen  120  evals= 6120  best=0.8711
        [Trial 2] gen  140  evals= 7140  best=0.8711
        [Trial 2] gen  160  evals= 8160  best=0.8711
        [Trial 2] gen  180  evals= 9180  best=0.8661
        [Trial 2] gen  200  evals=10200  best=0.8657
        [Trial 2] gen  220  evals=11220  best=0.8605
        [Trial 2] gen  240  evals=12240  best=0.8499
        [Trial 2] gen  260  evals=13260  best=0.8454
        [Trial 2] gen  280  evals=14280  best=0.8411
        [Trial 2] gen  300  evals=15300  best=0.8411
        [Trial 2] gen  320  evals=16320  best=0.8397
        [Trial 2] gen  340  evals=17340  best=0.8397
        [Trial 2] gen  360  evals=18360  best=0.8383
NOTE (module=cma, iteration=372):  
condition in coordinate system exceeded 1.1e+08, rescaled to 1.0e+00, 
condition changed from 1.0e+09 to 1.2e+08
        [Trial 2] gen  380  evals=19380  best=0.8383
        [Trial 2] gen  400  evals=20400  best=0.8368
        [Trial 2] gen  420  evals=21420  best=0.8368
        [Trial 2] gen  440  evals=22440  best=0.8368
        [Trial 2] gen  460  evals=23460  best=0.8368
        [Trial 2] gen  480  evals=24480  best=0.8368
        [Trial 2] gen  500  evals=25500  best=0.8368
        [Trial 2] gen  520  evals=26520  best=0.8368
        [Trial 2] gen  540  evals=27540  best=0.8368
        [Trial 2] gen  560  evals=28560  best=0.8368
        [Trial 2] gen  580  evals=29580  best=0.8368
        [Done] Trial 2 best=0.8368
    --> Trial 3 | pop=45 seed=54237 x0_norm_min=-0.797 x0_norm_max=0.622
        [Pruned] Trial 3 at gen 15 (loss=0.9347)
    --> Trial 4 | pop=44 seed=19454 x0_norm_min=-0.947 x0_norm_max=0.785
        [Pruned] Trial 4 at gen 15 (loss=0.9221)
    --> Trial 5 | pop=59 seed=14762 x0_norm_min=-0.748 x0_norm_max=0.981
        [Pruned] Trial 5 at gen 15 (loss=0.9364)
    --> Trial 6 | pop=43 seed=42803 x0_norm_min=-0.929 x0_norm_max=0.732
        [Pruned] Trial 6 at gen 15 (loss=0.9300)
    --> Trial 7 | pop=54 seed=60312 x0_norm_min=-0.779 x0_norm_max=0.922
        [Pruned] Trial 7 at gen 15 (loss=0.9312)
    --> Trial 8 | pop=51 seed=30688 x0_norm_min=-0.814 x0_norm_max=0.843
        [Trial 8] gen   20  evals= 1020  best=0.9066
        [Trial 8] gen   40  evals= 2040  best=0.9044
        [Pruned] Trial 8 at gen 45 (loss=0.8868)
    --> Trial 9 | pop=42 seed=95507 x0_norm_min=-0.955 x0_norm_max=0.770
        [Pruned] Trial 9 at gen 15 (loss=0.9360)
    --> Trial 10 | pop=34 seed=94742 x0_norm_min=-0.841 x0_norm_max=0.672
        [Pruned] Trial 10 at gen 15 (loss=0.9680)
    --> Trial 11 | pop=60 seed=74072 x0_norm_min=-0.781 x0_norm_max=0.859
        [Trial 11] gen   20  evals= 1200  best=0.9154
        [Trial 11] gen   40  evals= 2400  best=0.8909
        [Pruned] Trial 11 at gen 45 (loss=0.8892)
    --> Trial 12 | pop=52 seed=79025 x0_norm_min=-0.402 x0_norm_max=0.428
        [Pruned] Trial 12 at gen 15 (loss=0.9387)
    --> Trial 13 | pop=54 seed=76308 x0_norm_min=-0.863 x0_norm_max=0.955
        [Trial 13] gen   20  evals= 1080  best=0.9132
        [Trial 13] gen   40  evals= 2160  best=0.8855
        [Pruned] Trial 13 at gen 45 (loss=0.8855)
    --> Trial 14 | pop=49 seed=43448 x0_norm_min=-0.897 x0_norm_max=-0.091
        [Pruned] Trial 14 at gen 15 (loss=0.9299)
    --> Trial 15 | pop=57 seed=154 x0_norm_min=-0.690 x0_norm_max=0.990
        [Pruned] Trial 15 at gen 15 (loss=0.9258)
    --> Trial 16 | pop=48 seed=59785 x0_norm_min=-0.776 x0_norm_max=0.982
        [Pruned] Trial 16 at gen 15 (loss=0.9353)
    --> Trial 17 | pop=56 seed=32518 x0_norm_min=-0.863 x0_norm_max=0.835
        [Pruned] Trial 17 at gen 15 (loss=0.9265)
    --> Trial 18 | pop=31 seed=89676 x0_norm_min=-0.933 x0_norm_max=0.907
        [Pruned] Trial 18 at gen 15 (loss=0.9275)
    --> Trial 19 | pop=57 seed=68189 x0_norm_min=-0.948 x0_norm_max=0.822
        [Pruned] Trial 19 at gen 15 (loss=0.9341)

  Winner: Trial 2, loss=0.836769 (1288s)
    Restarts run: 20
    mu: 26.111692
    D_mu: 2.080137
    T0_mu: 1.724328
    Ly: 1.240346
    op_x: 0.741577
    op_y: 0.587021
    NMSE: 0.193388
  [Saved] random_IR_0025

============================================================
[26/50] random_IR_0026.npz
  GT loss: 0.711016
  terrain_mean=1.584950  early_threshold=0.719319  (alpha=0.0095)
    --> Trial 0 | pop=45 seed=33145 x0_norm_min=-0.944 x0_norm_max=0.730
        [Trial 0] gen   20  evals=  900  best=0.9265
        [Trial 0] gen   40  evals= 1800  best=0.9121
        [Trial 0] gen   60  evals= 2700  best=0.9121
        [Trial 0] gen   80  evals= 3600  best=0.9098
        [Trial 0] gen  100  evals= 4500  best=0.8996
        [Trial 0] gen  120  evals= 5400  best=0.8911
        [Trial 0] gen  140  evals= 6300  best=0.8911
        [Trial 0] gen  160  evals= 7200  best=0.8872
        [Trial 0] gen  180  evals= 8100  best=0.8798
        [Trial 0] gen  200  evals= 9000  best=0.8766
        [Trial 0] gen  220  evals= 9900  best=0.8735
        [Trial 0] gen  240  evals=10800  best=0.8714
        [Trial 0] gen  260  evals=11700  best=0.8714
        [Trial 0] gen  280  evals=12600  best=0.8714
        [Trial 0] gen  300  evals=13500  best=0.8714
        [Trial 0] gen  320  evals=14400  best=0.8702
        [Trial 0] gen  340  evals=15300  best=0.8702
        [TRIAL TIMEOUT] Trial 0 total >600s, stopping
        [Done] Trial 0 best=0.8697
    --> Trial 1 | pop=45 seed=90622 x0_norm_min=-0.937 x0_norm_max=0.907
        [Pruned] Trial 1 at gen 15 (loss=0.9841)
    --> Trial 2 | pop=45 seed=3540 x0_norm_min=-0.344 x0_norm_max=0.824
        [Trial 2] gen   20  evals=  900  best=0.9448
        [Trial 2] gen   40  evals= 1800  best=0.8962
        [Trial 2] gen   60  evals= 2700  best=0.8747
        [Trial 2] gen   80  evals= 3600  best=0.8747
        [Trial 2] gen  100  evals= 4500  best=0.8689
        [Trial 2] gen  120  evals= 5400  best=0.8666
        [Trial 2] gen  140  evals= 6300  best=0.8496
        [Trial 2] gen  160  evals= 7200  best=0.8494
        [Trial 2] gen  180  evals= 8100  best=0.8448
        [Trial 2] gen  200  evals= 9000  best=0.8442
        [Trial 2] gen  220  evals= 9900  best=0.8402
        [Trial 2] gen  240  evals=10800  best=0.8402
        [Trial 2] gen  260  evals=11700  best=0.8402
        [Trial 2] gen  280  evals=12600  best=0.8256
        [Trial 2] gen  300  evals=13500  best=0.8191
        [Trial 2] gen  320  evals=14400  best=0.8134
        [Trial 2] gen  340  evals=15300  best=0.8134
        [Trial 2] gen  360  evals=16200  best=0.8134
        [Trial 2] gen  380  evals=17100  best=0.8125
        [Trial 2] gen  400  evals=18000  best=0.8125
        [Trial 2] gen  420  evals=18900  best=0.8123
        [Trial 2] gen  440  evals=19800  best=0.8123
        [Trial 2] gen  460  evals=20700  best=0.8121
        [Trial 2] gen  480  evals=21600  best=0.8116
        [Trial 2] gen  500  evals=22500  best=0.8115
        [Trial 2] gen  520  evals=23400  best=0.8106
        [Trial 2] gen  540  evals=24300  best=0.8106
        [Trial 2] gen  560  evals=25200  best=0.8106
        [Trial 2] gen  580  evals=26100  best=0.8106
        [Done] Trial 2 best=0.8106
    --> Trial 3 | pop=54 seed=20695 x0_norm_min=-0.797 x0_norm_max=0.622
        [Trial 3] gen   20  evals= 1080  best=0.9125
        [Trial 3] gen   40  evals= 2160  best=0.9125
        [Pruned] Trial 3 at gen 45 (loss=0.9125)
    --> Trial 4 | pop=57 seed=46648 x0_norm_min=-0.947 x0_norm_max=0.785
        [Pruned] Trial 4 at gen 15 (loss=0.9588)
    --> Trial 5 | pop=42 seed=48341 x0_norm_min=-0.748 x0_norm_max=0.981
        [Trial 5] gen   20  evals=  840  best=0.8977
        [Trial 5] gen   40  evals= 1680  best=0.8977
        [Pruned] Trial 5 at gen 45 (loss=0.8977)
    --> Trial 6 | pop=37 seed=65011 x0_norm_min=-0.929 x0_norm_max=0.732
        [Pruned] Trial 6 at gen 15 (loss=0.9676)
    --> Trial 7 | pop=35 seed=94556 x0_norm_min=-0.779 x0_norm_max=0.922
        [Pruned] Trial 7 at gen 15 (loss=0.9367)
    --> Trial 8 | pop=45 seed=54571 x0_norm_min=-0.814 x0_norm_max=0.843
        [Pruned] Trial 8 at gen 15 (loss=0.9531)
    --> Trial 9 | pop=51 seed=6854 x0_norm_min=-0.955 x0_norm_max=0.770
        [Pruned] Trial 9 at gen 15 (loss=0.9531)
    --> Trial 10 | pop=30 seed=74025 x0_norm_min=-0.841 x0_norm_max=0.672
        [Pruned] Trial 10 at gen 15 (loss=0.9596)
    --> Trial 11 | pop=49 seed=28487 x0_norm_min=-0.781 x0_norm_max=0.859
        [Pruned] Trial 11 at gen 15 (loss=1.0030)
    --> Trial 12 | pop=41 seed=817 x0_norm_min=-0.402 x0_norm_max=0.428
        [Pruned] Trial 12 at gen 15 (loss=0.9611)
    --> Trial 13 | pop=47 seed=28302 x0_norm_min=-0.863 x0_norm_max=0.955
        [Pruned] Trial 13 at gen 15 (loss=0.9673)
    --> Trial 14 | pop=60 seed=16257 x0_norm_min=-0.897 x0_norm_max=-0.091
        [Trial 14] gen   20  evals= 1200  best=0.9032
        [Trial 14] gen   40  evals= 2400  best=0.8795
        [Trial 14] gen   60  evals= 3600  best=0.8795
        [Trial 14] gen   80  evals= 4800  best=0.8795
        [Trial 14] gen  100  evals= 6000  best=0.8722
        [Trial 14] gen  120  evals= 7200  best=0.8722
        [Pruned] Trial 14 at gen 135 (loss=0.8707)
    --> Trial 15 | pop=40 seed=32702 x0_norm_min=-0.690 x0_norm_max=0.990
        [Pruned] Trial 15 at gen 15 (loss=0.9479)
    --> Trial 16 | pop=52 seed=12737 x0_norm_min=-0.776 x0_norm_max=0.982
        [Pruned] Trial 16 at gen 15 (loss=0.9506)
    --> Trial 17 | pop=36 seed=38911 x0_norm_min=-0.863 x0_norm_max=0.835
        [Pruned] Trial 17 at gen 15 (loss=0.9708)
    --> Trial 18 | pop=44 seed=21310 x0_norm_min=-0.933 x0_norm_max=0.907
        [Pruned] Trial 18 at gen 15 (loss=0.9750)
    --> Trial 19 | pop=48 seed=649 x0_norm_min=-0.948 x0_norm_max=0.822
        [Pruned] Trial 19 at gen 15 (loss=1.0304)

  Winner: Trial 2, loss=0.810638 (1353s)
    Restarts run: 20
    mu: 34.787533
    D_mu: 2.007925
    T0_mu: 2.383333
    Ly: 1.140833
    op_x: 0.597082
    op_y: 0.510015
    NMSE: 0.072331
  [Saved] random_IR_0026

============================================================
[27/50] random_IR_0027.npz
  GT loss: 0.781236
  terrain_mean=1.595965  early_threshold=0.788976  (alpha=0.0095)
    --> Trial 0 | pop=57 seed=86829 x0_norm_min=-0.944 x0_norm_max=0.730
        [Trial 0] gen   20  evals= 1140  best=0.9450
        [Trial 0] gen   40  evals= 2280  best=0.9388
        [Trial 0] gen   60  evals= 3420  best=0.8784
        [Trial 0] gen   80  evals= 4560  best=0.8784
        [Trial 0] gen  100  evals= 5700  best=0.8784
        [Trial 0] gen  120  evals= 6840  best=0.8784
        [Trial 0] gen  140  evals= 7980  best=0.8784
        [Trial 0] gen  160  evals= 9120  best=0.8784
        [TRIAL TIMEOUT] Trial 0 total >600s, stopping
        [Done] Trial 0 best=0.8784
    --> Trial 1 | pop=60 seed=65841 x0_norm_min=-0.937 x0_norm_max=0.907
        [Pruned] Trial 1 at gen 15 (loss=0.9706)
    --> Trial 2 | pop=37 seed=23036 x0_norm_min=-0.344 x0_norm_max=0.824
        [Trial 2] gen   20  evals=  740  best=0.9194
        [Trial 2] gen   40  evals= 1480  best=0.9095
        [Trial 2] gen   60  evals= 2220  best=0.8874
        [Trial 2] gen   80  evals= 2960  best=0.8856
        [Trial 2] gen  100  evals= 3700  best=0.8856
        [Trial 2] gen  120  evals= 4440  best=0.8830
        [Trial 2] gen  140  evals= 5180  best=0.8624
        [Trial 2] gen  160  evals= 5920  best=0.8624
        [Trial 2] gen  180  evals= 6660  best=0.8624
        [Trial 2] gen  200  evals= 7400  best=0.8586
        [Trial 2] gen  220  evals= 8140  best=0.8533
        [Trial 2] gen  240  evals= 8880  best=0.8490
        [Trial 2] gen  260  evals= 9620  best=0.8482
        [Trial 2] gen  280  evals=10360  best=0.8472
        [Trial 2] gen  300  evals=11100  best=0.8472
        [Trial 2] gen  320  evals=11840  best=0.8464
        [Trial 2] gen  340  evals=12580  best=0.8453
        [Trial 2] gen  360  evals=13320  best=0.8453
        [Trial 2] gen  380  evals=14060  best=0.8446
        [Trial 2] gen  400  evals=14800  best=0.8437
        [Trial 2] gen  420  evals=15540  best=0.8437
        [TRIAL TIMEOUT] Trial 2 total >600s, stopping
        [Done] Trial 2 best=0.8430
    --> Trial 3 | pop=40 seed=65453 x0_norm_min=-0.797 x0_norm_max=0.622
        [Trial 3] gen   20  evals=  800  best=0.8934
        [Trial 3] gen   40  evals= 1600  best=0.8934
        [Trial 3] gen   60  evals= 2400  best=0.8934
        [Trial 3] gen   80  evals= 3200  best=0.8914
        [Trial 3] gen  100  evals= 4000  best=0.8800
        [Trial 3] gen  120  evals= 4800  best=0.8800
        [Pruned] Trial 3 at gen 135 (loss=0.8800)
    --> Trial 4 | pop=32 seed=30160 x0_norm_min=-0.947 x0_norm_max=0.785
        [Pruned] Trial 4 at gen 15 (loss=0.9715)
    --> Trial 5 | pop=31 seed=61261 x0_norm_min=-0.748 x0_norm_max=0.981
        [Pruned] Trial 5 at gen 15 (loss=0.9548)
    --> Trial 6 | pop=55 seed=31864 x0_norm_min=-0.929 x0_norm_max=0.732
        [Pruned] Trial 6 at gen 15 (loss=0.9584)
    --> Trial 7 | pop=50 seed=38656 x0_norm_min=-0.779 x0_norm_max=0.922
        [Pruned] Trial 7 at gen 15 (loss=0.9939)
    --> Trial 8 | pop=58 seed=31766 x0_norm_min=-0.814 x0_norm_max=0.843
        [Pruned] Trial 8 at gen 15 (loss=0.9744)
    --> Trial 9 | pop=32 seed=8919 x0_norm_min=-0.955 x0_norm_max=0.770
        [Pruned] Trial 9 at gen 15 (loss=0.9698)
    --> Trial 10 | pop=44 seed=5194 x0_norm_min=-0.841 x0_norm_max=0.672
        [Pruned] Trial 10 at gen 15 (loss=0.9629)
    --> Trial 11 | pop=40 seed=99783 x0_norm_min=-0.781 x0_norm_max=0.859
        [Pruned] Trial 11 at gen 15 (loss=0.9901)
    --> Trial 12 | pop=50 seed=98631 x0_norm_min=-0.402 x0_norm_max=0.428
        [Pruned] Trial 12 at gen 15 (loss=0.9554)
    --> Trial 13 | pop=47 seed=81832 x0_norm_min=-0.863 x0_norm_max=0.955
        [Pruned] Trial 13 at gen 15 (loss=0.9566)
    --> Trial 14 | pop=37 seed=48353 x0_norm_min=-0.897 x0_norm_max=-0.091
        [Trial 14] gen   20  evals=  740  best=0.9486
        [Trial 14] gen   40  evals= 1480  best=0.9188
        [Pruned] Trial 14 at gen 45 (loss=0.9188)
    --> Trial 15 | pop=51 seed=16883 x0_norm_min=-0.690 x0_norm_max=0.990
        [Pruned] Trial 15 at gen 15 (loss=0.9670)
    --> Trial 16 | pop=54 seed=80288 x0_norm_min=-0.776 x0_norm_max=0.982
        [Pruned] Trial 16 at gen 15 (loss=0.9607)
    --> Trial 17 | pop=36 seed=51348 x0_norm_min=-0.863 x0_norm_max=0.835
        [Pruned] Trial 17 at gen 15 (loss=0.9686)
    --> Trial 18 | pop=44 seed=81769 x0_norm_min=-0.933 x0_norm_max=0.907
        [Trial 18] gen   20  evals=  880  best=0.9466
        [Trial 18] gen   40  evals= 1760  best=0.8837
        [Trial 18] gen   60  evals= 2640  best=0.8837
        [Trial 18] gen   80  evals= 3520  best=0.8837
        [Trial 18] gen  100  evals= 4400  best=0.8837
        [Trial 18] gen  120  evals= 5280  best=0.8837
        [Pruned] Trial 18 at gen 135 (loss=0.8814)
    --> Trial 19 | pop=45 seed=20953 x0_norm_min=-0.948 x0_norm_max=0.822
        [Trial 19] gen   20  evals=  900  best=0.9208
        [Trial 19] gen   40  evals= 1800  best=0.9208
        [Pruned] Trial 19 at gen 45 (loss=0.8961)

  Winner: Trial 2, loss=0.843018 (1991s)
    Restarts run: 20
    mu: 21.263896
    D_mu: 0.312621
    T0_mu: 0.049817
    Ly: 1.660210
    op_x: 0.697476
    op_y: 0.722847
    NMSE: 0.048078
  [Saved] random_IR_0027

============================================================
[28/50] random_IR_0028.npz
  GT loss: 0.847067
  terrain_mean=1.527329  early_threshold=0.853530  (alpha=0.0095)
    --> Trial 0 | pop=54 seed=42778 x0_norm_min=-0.944 x0_norm_max=0.730
        [Trial 0] gen   20  evals= 1080  best=1.0691
        [Trial 0] gen   40  evals= 2160  best=1.0650
        [Trial 0] gen   60  evals= 3240  best=1.0156
        [Trial 0] gen   80  evals= 4320  best=1.0156
        [Trial 0] gen  100  evals= 5400  best=1.0156
        [Trial 0] gen  120  evals= 6480  best=1.0156
        [Trial 0] gen  140  evals= 7560  best=1.0156
        [Trial 0] gen  160  evals= 8640  best=1.0077
        [Trial 0] gen  180  evals= 9720  best=0.9858
        [Trial 0] gen  200  evals=10800  best=0.9858
        [Trial 0] gen  220  evals=11880  best=0.9858
        [Trial 0] gen  240  evals=12960  best=0.9858
        [Trial 0] gen  260  evals=14040  best=0.9858
        [Trial 0] gen  280  evals=15120  best=0.9590
        [Trial 0] gen  300  evals=16200  best=0.9575
        [Trial 0] gen  320  evals=17280  best=0.9536
        [Trial 0] gen  340  evals=18360  best=0.9536
NOTE (module=cma, iteration=345):  
condition in coordinate system exceeded 1.3e+08, rescaled to 1.0e+00, 
condition changed from 3.3e+08 to 2.3e+07
        [Trial 0] gen  360  evals=19440  best=0.9518
        [Trial 0] gen  380  evals=20520  best=0.9516
        [Trial 0] gen  400  evals=21600  best=0.9516
        [Trial 0] gen  420  evals=22680  best=0.9511
        [Trial 0] gen  440  evals=23760  best=0.9509
        [Trial 0] gen  460  evals=24840  best=0.9509
        [Trial 0] gen  480  evals=25920  best=0.9507
        [Trial 0] gen  500  evals=27000  best=0.9507
        [Trial 0] gen  520  evals=28080  best=0.9504
        [Trial 0] gen  540  evals=29160  best=0.9504
        [Done] Trial 0 best=0.9504
    --> Trial 1 | pop=53 seed=9355 x0_norm_min=-0.937 x0_norm_max=0.907
        [Trial 1] gen   20  evals= 1060  best=1.0342
        [Trial 1] gen   40  evals= 2120  best=0.9997
        [Trial 1] gen   60  evals= 3180  best=0.9959
        [Trial 1] gen   80  evals= 4240  best=0.9959
        [Trial 1] gen  100  evals= 5300  best=0.9959
        [Trial 1] gen  120  evals= 6360  best=0.9841
        [Trial 1] gen  140  evals= 7420  best=0.9841
        [Trial 1] gen  160  evals= 8480  best=0.9841
        [Trial 1] gen  180  evals= 9540  best=0.9841
        [Trial 1] gen  200  evals=10600  best=0.9841
        [Trial 1] gen  220  evals=11660  best=0.9841
        [Trial 1] gen  240  evals=12720  best=0.9788
        [Trial 1] gen  260  evals=13780  best=0.9674
        [Trial 1] gen  280  evals=14840  best=0.9606
        [Trial 1] gen  300  evals=15900  best=0.9598
        [Trial 1] gen  320  evals=16960  best=0.9576
        [Trial 1] gen  340  evals=18020  best=0.9572
        [Trial 1] gen  360  evals=19080  best=0.9568
        [Trial 1] gen  380  evals=20140  best=0.9549
        [Trial 1] gen  400  evals=21200  best=0.9539
NOTE (module=cma, iteration=404):  
condition in coordinate system exceeded 1.2e+08, rescaled to 1.0e+00, 
condition changed from 1.4e+09 to 8.2e+07
        [Pruned] Trial 1 at gen 405 (loss=0.9539)
    --> Trial 2 | pop=33 seed=96993 x0_norm_min=-0.344 x0_norm_max=0.824
        [Pruned] Trial 2 at gen 15 (loss=1.0865)
    --> Trial 3 | pop=52 seed=17434 x0_norm_min=-0.797 x0_norm_max=0.622
        [Pruned] Trial 3 at gen 15 (loss=1.0825)
    --> Trial 4 | pop=53 seed=44156 x0_norm_min=-0.947 x0_norm_max=0.785
        [Pruned] Trial 4 at gen 15 (loss=1.0780)
    --> Trial 5 | pop=60 seed=45965 x0_norm_min=-0.748 x0_norm_max=0.981
        [Trial 5] gen   20  evals= 1200  best=1.0298
        [Trial 5] gen   40  evals= 2400  best=1.0298
        [Pruned] Trial 5 at gen 45 (loss=1.0298)
    --> Trial 6 | pop=44 seed=66589 x0_norm_min=-0.929 x0_norm_max=0.732
        [Pruned] Trial 6 at gen 15 (loss=1.0412)
    --> Trial 7 | pop=55 seed=99643 x0_norm_min=-0.779 x0_norm_max=0.922
        [Pruned] Trial 7 at gen 15 (loss=1.0810)
    --> Trial 8 | pop=41 seed=4649 x0_norm_min=-0.814 x0_norm_max=0.843
        [Pruned] Trial 8 at gen 15 (loss=1.0561)
    --> Trial 9 | pop=43 seed=86596 x0_norm_min=-0.955 x0_norm_max=0.770
        [Trial 9] gen   20  evals=  860  best=0.9789
        [Trial 9] gen   40  evals= 1720  best=0.9789
        [Trial 9] gen   60  evals= 2580  best=0.9789
        [Trial 9] gen   80  evals= 3440  best=0.9789
        [Trial 9] gen  100  evals= 4300  best=0.9789
        [Trial 9] gen  120  evals= 5160  best=0.9789
        [Trial 9] gen  140  evals= 6020  best=0.9789
        [Trial 9] gen  160  evals= 6880  best=0.9789
        [Trial 9] gen  180  evals= 7740  best=0.9765
        [Trial 9] gen  200  evals= 8600  best=0.9582
        [Trial 9] gen  220  evals= 9460  best=0.9582
        [Trial 9] gen  240  evals=10320  best=0.9485
        [Trial 9] gen  260  evals=11180  best=0.9480
        [Trial 9] gen  280  evals=12040  best=0.9452
NOTE (module=cma, iteration=294):  
condition in coordinate system exceeded 1.0e+08, rescaled to 1.0e+00, 
condition changed from 1.4e+08 to 2.5e+07
        [Trial 9] gen  300  evals=12900  best=0.9438
        [Trial 9] gen  320  evals=13760  best=0.9421
        [Trial 9] gen  340  evals=14620  best=0.9411
        [Trial 9] gen  360  evals=15480  best=0.9411
        [Trial 9] gen  380  evals=16340  best=0.9411
        [Trial 9] gen  400  evals=17200  best=0.9411
        [Trial 9] gen  420  evals=18060  best=0.9411
        [Trial 9] gen  440  evals=18920  best=0.9411
        [Trial 9] gen  460  evals=19780  best=0.9411
        [Trial 9] gen  480  evals=20640  best=0.9411
        [Trial 9] gen  500  evals=21500  best=0.9408
        [Trial 9] gen  520  evals=22360  best=0.9408
        [Trial 9] gen  540  evals=23220  best=0.9408
        [Trial 9] gen  560  evals=24080  best=0.9408
        [Trial 9] gen  580  evals=24940  best=0.9408
        [Done] Trial 9 best=0.9408
    --> Trial 10 | pop=33 seed=77756 x0_norm_min=-0.841 x0_norm_max=0.672
        [Pruned] Trial 10 at gen 15 (loss=1.0349)
    --> Trial 11 | pop=44 seed=42397 x0_norm_min=-0.781 x0_norm_max=0.859
        [Pruned] Trial 11 at gen 15 (loss=1.0814)
    --> Trial 12 | pop=39 seed=67929 x0_norm_min=-0.402 x0_norm_max=0.428
        [Pruned] Trial 12 at gen 15 (loss=1.0540)
    --> Trial 13 | pop=47 seed=33351 x0_norm_min=-0.863 x0_norm_max=0.955
        [Pruned] Trial 13 at gen 15 (loss=1.0614)
    --> Trial 14 | pop=49 seed=82239 x0_norm_min=-0.897 x0_norm_max=-0.091
        [Pruned] Trial 14 at gen 15 (loss=1.0515)
    --> Trial 15 | pop=60 seed=56854 x0_norm_min=-0.690 x0_norm_max=0.990
        [Pruned] Trial 15 at gen 15 (loss=1.0516)
    --> Trial 16 | pop=38 seed=24921 x0_norm_min=-0.776 x0_norm_max=0.982
        [Pruned] Trial 16 at gen 15 (loss=1.0694)
    --> Trial 17 | pop=56 seed=80754 x0_norm_min=-0.863 x0_norm_max=0.835
        [Trial 17] gen   20  evals= 1120  best=0.9995
        [Trial 17] gen   40  evals= 2240  best=0.9995
        [Pruned] Trial 17 at gen 45 (loss=0.9995)
    --> Trial 18 | pop=30 seed=53686 x0_norm_min=-0.933 x0_norm_max=0.907
        [Pruned] Trial 18 at gen 15 (loss=1.0835)
    --> Trial 19 | pop=48 seed=89404 x0_norm_min=-0.948 x0_norm_max=0.822
        [Trial 19] gen   20  evals=  960  best=1.0292
        [Trial 19] gen   40  evals= 1920  best=0.9880
        [Trial 19] gen   60  evals= 2880  best=0.9880
        [Trial 19] gen   80  evals= 3840  best=0.9880
        [Trial 19] gen  100  evals= 4800  best=0.9880
        [Trial 19] gen  120  evals= 5760  best=0.9715
        [Trial 19] gen  140  evals= 6720  best=0.9458
        [Trial 19] gen  160  evals= 7680  best=0.9395
        [Trial 19] gen  180  evals= 8640  best=0.9364
        [Trial 19] gen  200  evals= 9600  best=0.9321
        [Trial 19] gen  220  evals=10560  best=0.9296
        [Trial 19] gen  240  evals=11520  best=0.9272
        [Trial 19] gen  260  evals=12480  best=0.9262
        [Trial 19] gen  280  evals=13440  best=0.9258
        [Trial 19] gen  300  evals=14400  best=0.9251
        [Trial 19] gen  320  evals=15360  best=0.9251
        [Trial 19] gen  340  evals=16320  best=0.9251
        [Trial 19] gen  360  evals=17280  best=0.9251
        [Trial 19] gen  380  evals=18240  best=0.9244
        [Trial 19] gen  400  evals=19200  best=0.9244
        [Trial 19] gen  420  evals=20160  best=0.9244
        [Trial 19] gen  440  evals=21120  best=0.9244
        [Trial 19] gen  460  evals=22080  best=0.9244
        [Trial 19] gen  480  evals=23040  best=0.9244
        [Trial 19] gen  500  evals=24000  best=0.9244
        [Done] Trial 19 best=0.9244

  Winner: Trial 19, loss=0.924435 (852s)
    Restarts run: 20
    mu: 94.020034
    D_mu: 21.922179
    T0_mu: 3.325862
    Ly: 1.801567
    op_x: 0.617262
    op_y: 0.787824
    NMSE: 0.142897
  [Saved] random_IR_0028

============================================================
[29/50] random_IR_0029.npz
  GT loss: 0.908272
  terrain_mean=2.087567  early_threshold=0.919475  (alpha=0.0095)
    --> Trial 0 | pop=32 seed=59415 x0_norm_min=-0.944 x0_norm_max=0.730
        [Trial 0] gen   20  evals=  640  best=1.1376
        [Trial 0] gen   40  evals= 1280  best=1.0462
        [Trial 0] gen   60  evals= 1920  best=1.0462
        [Trial 0] gen   80  evals= 2560  best=1.0462
        [Trial 0] gen  100  evals= 3200  best=1.0389
        [Trial 0] gen  120  evals= 3840  best=1.0329
        [Trial 0] gen  140  evals= 4480  best=1.0282
        [Trial 0] gen  160  evals= 5120  best=1.0259
        [Trial 0] gen  180  evals= 5760  best=1.0240
        [Trial 0] gen  200  evals= 6400  best=1.0223
        [Trial 0] gen  220  evals= 7040  best=1.0180
        [Trial 0] gen  240  evals= 7680  best=1.0180
        [Trial 0] gen  260  evals= 8320  best=1.0177
        [Trial 0] gen  280  evals= 8960  best=1.0164
        [Trial 0] gen  300  evals= 9600  best=1.0163
        [Trial 0] gen  320  evals=10240  best=1.0163
        [TRIAL TIMEOUT] Trial 0 total >600s, stopping
        [Done] Trial 0 best=1.0163
    --> Trial 1 | pop=49 seed=29514 x0_norm_min=-0.937 x0_norm_max=0.907
        [Trial 1] gen   20  evals=  980  best=1.1150
        [Trial 1] gen   40  evals= 1960  best=1.0646
        [Pruned] Trial 1 at gen 45 (loss=1.0646)
    --> Trial 2 | pop=59 seed=56011 x0_norm_min=-0.344 x0_norm_max=0.824
        [Pruned] Trial 2 at gen 15 (loss=1.1974)
    --> Trial 3 | pop=56 seed=43514 x0_norm_min=-0.797 x0_norm_max=0.622
        [Pruned] Trial 3 at gen 15 (loss=1.1773)
    --> Trial 4 | pop=31 seed=85291 x0_norm_min=-0.947 x0_norm_max=0.785
        [Pruned] Trial 4 at gen 15 (loss=1.2452)
    --> Trial 5 | pop=53 seed=78544 x0_norm_min=-0.748 x0_norm_max=0.981
        [Trial 5] gen   20  evals= 1060  best=1.0678
        [Trial 5] gen   40  evals= 2120  best=1.0525
        [Pruned] Trial 5 at gen 45 (loss=1.0525)
    --> Trial 6 | pop=50 seed=53012 x0_norm_min=-0.929 x0_norm_max=0.732
        [Pruned] Trial 6 at gen 15 (loss=1.1497)
    --> Trial 7 | pop=36 seed=52318 x0_norm_min=-0.779 x0_norm_max=0.922
        [Pruned] Trial 7 at gen 15 (loss=1.1347)
    --> Trial 8 | pop=35 seed=12507 x0_norm_min=-0.814 x0_norm_max=0.843
        [Pruned] Trial 8 at gen 15 (loss=1.1353)
    --> Trial 9 | pop=36 seed=94310 x0_norm_min=-0.955 x0_norm_max=0.770
        [Pruned] Trial 9 at gen 15 (loss=1.1887)
    --> Trial 10 | pop=44 seed=1034 x0_norm_min=-0.841 x0_norm_max=0.672
        [Pruned] Trial 10 at gen 15 (loss=1.2089)
    --> Trial 11 | pop=43 seed=74611 x0_norm_min=-0.781 x0_norm_max=0.859
        [Pruned] Trial 11 at gen 15 (loss=1.1719)
    --> Trial 12 | pop=42 seed=73033 x0_norm_min=-0.402 x0_norm_max=0.428
        [Pruned] Trial 12 at gen 15 (loss=1.1528)
    --> Trial 13 | pop=52 seed=71214 x0_norm_min=-0.863 x0_norm_max=0.955
        [Trial 13] gen   20  evals= 1040  best=1.1255
        [Trial 13] gen   40  evals= 2080  best=1.0358
        [Trial 13] gen   60  evals= 3120  best=1.0358
        [Trial 13] gen   80  evals= 4160  best=1.0358
        [Trial 13] gen  100  evals= 5200  best=1.0181
        [Trial 13] gen  120  evals= 6240  best=1.0096
        [Trial 13] gen  140  evals= 7280  best=1.0019
        [Trial 13] gen  160  evals= 8320  best=0.9978
        [Trial 13] gen  180  evals= 9360  best=0.9972
        [Trial 13] gen  200  evals=10400  best=0.9954
        [TRIAL TIMEOUT] Trial 13 total >600s, stopping
        [Done] Trial 13 best=0.9948
    --> Trial 14 | pop=31 seed=68718 x0_norm_min=-0.897 x0_norm_max=-0.091
        [Trial 14] gen   20  evals=  620  best=1.1168
        [Trial 14] gen   40  evals= 1240  best=1.1168
        [Pruned] Trial 14 at gen 45 (loss=1.0539)
    --> Trial 15 | pop=47 seed=99159 x0_norm_min=-0.690 x0_norm_max=0.990
        [Trial 15] gen   20  evals=  940  best=1.1002
        [Trial 15] gen   40  evals= 1880  best=1.0797
        [Pruned] Trial 15 at gen 45 (loss=1.0797)
    --> Trial 16 | pop=41 seed=37571 x0_norm_min=-0.776 x0_norm_max=0.982
        [Pruned] Trial 16 at gen 15 (loss=1.1879)
    --> Trial 17 | pop=60 seed=62798 x0_norm_min=-0.863 x0_norm_max=0.835
        [Pruned] Trial 17 at gen 15 (loss=1.1689)
    --> Trial 18 | pop=39 seed=22556 x0_norm_min=-0.933 x0_norm_max=0.907
        [Pruned] Trial 18 at gen 15 (loss=1.1390)
    --> Trial 19 | pop=54 seed=84927 x0_norm_min=-0.948 x0_norm_max=0.822
        [Trial 19] gen   20  evals= 1080  best=1.1135
        [Trial 19] gen   40  evals= 2160  best=1.0949
        [Pruned] Trial 19 at gen 45 (loss=1.0776)

  Winner: Trial 13, loss=0.994791 (1667s)
    Restarts run: 20
    mu: 16.476765
    D_mu: 0.716963
    T0_mu: 0.016927
    Ly: 3.708599
    op_x: 0.701634
    op_y: 0.585943
    NMSE: 0.099509
  [Saved] random_IR_0029

============================================================
[30/50] random_IR_0030.npz
  GT loss: 0.853620
  terrain_mean=1.435869  early_threshold=0.859152  (alpha=0.0095)
    --> Trial 0 | pop=33 seed=22700 x0_norm_min=-0.944 x0_norm_max=0.730
        [Trial 0] gen   20  evals=  660  best=0.9908
        [Trial 0] gen   40  evals= 1320  best=0.9497
        [Trial 0] gen   60  evals= 1980  best=0.9497
        [Trial 0] gen   80  evals= 2640  best=0.9497
        [Trial 0] gen  100  evals= 3300  best=0.9405
        [Trial 0] gen  120  evals= 3960  best=0.9405
        [Trial 0] gen  140  evals= 4620  best=0.9405
        [Trial 0] gen  160  evals= 5280  best=0.9405
        [Trial 0] gen  180  evals= 5940  best=0.9405
        [Trial 0] gen  200  evals= 6600  best=0.9376
        [Trial 0] gen  220  evals= 7260  best=0.9364
        [Trial 0] gen  240  evals= 7920  best=0.9364
        [Trial 0] gen  260  evals= 8580  best=0.9364
        [Trial 0] gen  280  evals= 9240  best=0.9364
        [Trial 0] gen  300  evals= 9900  best=0.9339
        [Trial 0] gen  320  evals=10560  best=0.9339
        [Trial 0] gen  340  evals=11220  best=0.9339
        [Trial 0] gen  360  evals=11880  best=0.9339
        [Trial 0] gen  380  evals=12540  best=0.9339
        [TRIAL TIMEOUT] Trial 0 total >600s, stopping
        [Done] Trial 0 best=0.9339
    --> Trial 1 | pop=59 seed=43260 x0_norm_min=-0.937 x0_norm_max=0.907
        [Trial 1] gen   20  evals= 1180  best=0.9493
        [Trial 1] gen   40  evals= 2360  best=0.9493
        [Trial 1] gen   60  evals= 3540  best=0.9467
        [Trial 1] gen   80  evals= 4720  best=0.9467
        [Trial 1] gen  100  evals= 5900  best=0.9377
        [Trial 1] gen  120  evals= 7080  best=0.9377
        [Trial 1] gen  140  evals= 8260  best=0.9377
        [Trial 1] gen  160  evals= 9440  best=0.9376
        [Trial 1] gen  180  evals=10620  best=0.9228
        [Trial 1] gen  200  evals=11800  best=0.9149
        [Trial 1] gen  220  evals=12980  best=0.9149
        [TRIAL TIMEOUT] Trial 1 total >600s, stopping
        [Done] Trial 1 best=0.9149
    --> Trial 2 | pop=42 seed=69238 x0_norm_min=-0.344 x0_norm_max=0.824
        [Pruned] Trial 2 at gen 15 (loss=0.9905)
    --> Trial 3 | pop=55 seed=18506 x0_norm_min=-0.797 x0_norm_max=0.622
        [Trial 3] gen   20  evals= 1100  best=0.9603
        [Trial 3] gen   40  evals= 2200  best=0.9289
        [Trial 3] gen   60  evals= 3300  best=0.9289
        [Trial 3] gen   80  evals= 4400  best=0.9289
        [Trial 3] gen  100  evals= 5500  best=0.9289
        [Trial 3] gen  120  evals= 6600  best=0.9259
        [Trial 3] gen  140  evals= 7700  best=0.9242
        [Trial 3] gen  160  evals= 8800  best=0.9242
        [Trial 3] gen  180  evals= 9900  best=0.9242
        [Trial 3] gen  200  evals=11000  best=0.9240
        [Trial 3] gen  220  evals=12100  best=0.9240
        [Trial 3] gen  240  evals=13200  best=0.9240
        [Trial 3] gen  260  evals=14300  best=0.9240
        [Trial 3] gen  280  evals=15400  best=0.9216
        [Trial 3] gen  300  evals=16500  best=0.9216
        [TRIAL TIMEOUT] Trial 3 total >600s, stopping
        [Done] Trial 3 best=0.9216
    --> Trial 4 | pop=46 seed=84176 x0_norm_min=-0.947 x0_norm_max=0.785
        [Pruned] Trial 4 at gen 15 (loss=0.9677)
    --> Trial 5 | pop=57 seed=20117 x0_norm_min=-0.748 x0_norm_max=0.981
        [Trial 5] gen   20  evals= 1140  best=0.9415
        [Trial 5] gen   40  evals= 2280  best=0.9388
        [Pruned] Trial 5 at gen 45 (loss=0.9388)
    --> Trial 6 | pop=36 seed=28728 x0_norm_min=-0.929 x0_norm_max=0.732
        [Trial 6] gen   20  evals=  720  best=0.9453
        [Trial 6] gen   40  evals= 1440  best=0.9180
        [Trial 6] gen   60  evals= 2160  best=0.9144
        [Trial 6] gen   80  evals= 2880  best=0.9144
        [Trial 6] gen  100  evals= 3600  best=0.8988
        [Trial 6] gen  120  evals= 4320  best=0.8988
        [Trial 6] gen  140  evals= 5040  best=0.8988
        [Trial 6] gen  160  evals= 5760  best=0.8988
        [Trial 6] gen  180  evals= 6480  best=0.8988
        [Trial 6] gen  200  evals= 7200  best=0.8948
        [Trial 6] gen  220  evals= 7920  best=0.8881
        [Trial 6] gen  240  evals= 8640  best=0.8849
        [Trial 6] gen  260  evals= 9360  best=0.8804
        [Trial 6] gen  280  evals=10080  best=0.8791
        [Trial 6] gen  300  evals=10800  best=0.8759
        [Trial 6] gen  320  evals=11520  best=0.8759
        [Trial 6] gen  340  evals=12240  best=0.8751
        [Trial 6] gen  360  evals=12960  best=0.8739
        [Trial 6] gen  380  evals=13680  best=0.8730
        [Trial 6] gen  400  evals=14400  best=0.8728
        [Trial 6] gen  420  evals=15120  best=0.8728
        [Trial 6] gen  440  evals=15840  best=0.8727
        [Trial 6] gen  460  evals=16560  best=0.8727
        [Trial 6] gen  480  evals=17280  best=0.8720
        [Trial 6] gen  500  evals=18000  best=0.8720
        [Trial 6] gen  520  evals=18720  best=0.8719
        [Trial 6] gen  540  evals=19440  best=0.8719
        [Trial 6] gen  560  evals=20160  best=0.8719
        [Trial 6] gen  580  evals=20880  best=0.8719
        [Done] Trial 6 best=0.8719
    --> Trial 7 | pop=35 seed=96066 x0_norm_min=-0.779 x0_norm_max=0.922
        [Pruned] Trial 7 at gen 15 (loss=0.9799)
    --> Trial 8 | pop=56 seed=22962 x0_norm_min=-0.814 x0_norm_max=0.843
        [Trial 8] gen   20  evals= 1120  best=0.9603
        [Trial 8] gen   40  evals= 2240  best=0.9266
        [Trial 8] gen   60  evals= 3360  best=0.9260
        [Trial 8] gen   80  evals= 4480  best=0.9174
        [Trial 8] gen  100  evals= 5600  best=0.9030
        [Trial 8] gen  120  evals= 6720  best=0.9030
        [Pruned] Trial 8 at gen 135 (loss=0.9030)
    --> Trial 9 | pop=59 seed=51586 x0_norm_min=-0.955 x0_norm_max=0.770
        [Pruned] Trial 9 at gen 15 (loss=0.9604)
    --> Trial 10 | pop=47 seed=3665 x0_norm_min=-0.841 x0_norm_max=0.672
        [Trial 10] gen   20  evals=  940  best=0.9095
        [Trial 10] gen   40  evals= 1880  best=0.9095
        [Trial 10] gen   60  evals= 2820  best=0.9095
        [Trial 10] gen   80  evals= 3760  best=0.9095
        [Trial 10] gen  100  evals= 4700  best=0.9095
        [Trial 10] gen  120  evals= 5640  best=0.9095
        [Pruned] Trial 10 at gen 135 (loss=0.9095)
    --> Trial 11 | pop=30 seed=46262 x0_norm_min=-0.781 x0_norm_max=0.859
        [Pruned] Trial 11 at gen 15 (loss=0.9900)
    --> Trial 12 | pop=40 seed=43773 x0_norm_min=-0.402 x0_norm_max=0.428
        [Pruned] Trial 12 at gen 15 (loss=0.9627)
    --> Trial 13 | pop=51 seed=60190 x0_norm_min=-0.863 x0_norm_max=0.955
        [Trial 13] gen   20  evals= 1020  best=0.9456
        [Trial 13] gen   40  evals= 2040  best=0.9456
        [Pruned] Trial 13 at gen 45 (loss=0.9380)
    --> Trial 14 | pop=38 seed=34117 x0_norm_min=-0.897 x0_norm_max=-0.091
        [Trial 14] gen   20  evals=  760  best=0.9511
        [Trial 14] gen   40  evals= 1520  best=0.9511
        [Pruned] Trial 14 at gen 45 (loss=0.9511)
    --> Trial 15 | pop=51 seed=579 x0_norm_min=-0.690 x0_norm_max=0.990
        [Trial 15] gen   20  evals= 1020  best=0.9400
        [Trial 15] gen   40  evals= 2040  best=0.9375
        [Pruned] Trial 15 at gen 45 (loss=0.9375)
    --> Trial 16 | pop=44 seed=39070 x0_norm_min=-0.776 x0_norm_max=0.982
        [Pruned] Trial 16 at gen 15 (loss=0.9749)
    --> Trial 17 | pop=51 seed=57544 x0_norm_min=-0.863 x0_norm_max=0.835
        [Pruned] Trial 17 at gen 15 (loss=0.9647)
    --> Trial 18 | pop=60 seed=29958 x0_norm_min=-0.933 x0_norm_max=0.907
        [Pruned] Trial 18 at gen 15 (loss=0.9684)
    --> Trial 19 | pop=35 seed=74487 x0_norm_min=-0.948 x0_norm_max=0.822
        [Trial 19] gen   20  evals=  700  best=0.9510
        [Trial 19] gen   40  evals= 1400  best=0.9510
        [Pruned] Trial 19 at gen 45 (loss=0.9510)

  Winner: Trial 6, loss=0.871929 (2480s)
    Restarts run: 20
    mu: 41.264821
    D_mu: 4.220890
    T0_mu: 8.511512
    Ly: 1.262308
    op_x: 0.594006
    op_y: 0.584046
    NMSE: 0.126821
  [Saved] random_IR_0030

============================================================
[31/50] random_IR_0031.npz
  GT loss: 0.864831
  terrain_mean=1.516349  early_threshold=0.871020  (alpha=0.0095)
    --> Trial 0 | pop=30 seed=32455 x0_norm_min=-0.944 x0_norm_max=0.730
        [Trial 0] gen   20  evals=  600  best=0.9838
        [Trial 0] gen   40  evals= 1200  best=0.9838
        [Trial 0] gen   60  evals= 1800  best=0.9478
        [Trial 0] gen   80  evals= 2400  best=0.9478
        [Trial 0] gen  100  evals= 3000  best=0.9478
        [Trial 0] gen  120  evals= 3600  best=0.9469
        [Trial 0] gen  140  evals= 4200  best=0.9447
        [Trial 0] gen  160  evals= 4800  best=0.9447
        [Trial 0] gen  180  evals= 5400  best=0.9447
        [Trial 0] gen  200  evals= 6000  best=0.9447
        [Trial 0] gen  220  evals= 6600  best=0.9447
        [Trial 0] gen  240  evals= 7200  best=0.9447
        [Trial 0] gen  260  evals= 7800  best=0.9421
        [Trial 0] gen  280  evals= 8400  best=0.9415
        [Trial 0] gen  300  evals= 9000  best=0.9403
        [Trial 0] gen  320  evals= 9600  best=0.9403
        [Trial 0] gen  340  evals=10200  best=0.9387
        [Trial 0] gen  360  evals=10800  best=0.9353
        [Trial 0] gen  380  evals=11400  best=0.9353
        [Trial 0] gen  400  evals=12000  best=0.9353
        [Trial 0] gen  420  evals=12600  best=0.9353
        [Trial 0] gen  440  evals=13200  best=0.9353
        [Trial 0] gen  460  evals=13800  best=0.9353
        [Trial 0] gen  480  evals=14400  best=0.9353
        [TRIAL TIMEOUT] Trial 0 total >600s, stopping
        [Done] Trial 0 best=0.9353
    --> Trial 1 | pop=50 seed=38663 x0_norm_min=-0.937 x0_norm_max=0.907
        [Trial 1] gen   20  evals= 1000  best=0.9755
        [Trial 1] gen   40  evals= 2000  best=0.9511
        [Trial 1] gen   60  evals= 3000  best=0.9365
        [Trial 1] gen   80  evals= 4000  best=0.9178
        [Trial 1] gen  100  evals= 5000  best=0.9178
        [Trial 1] gen  120  evals= 6000  best=0.9178
        [Trial 1] gen  140  evals= 7000  best=0.9178
        [Trial 1] gen  160  evals= 8000  best=0.9051
        [Trial 1] gen  180  evals= 9000  best=0.9011
        [Trial 1] gen  200  evals=10000  best=0.8945
        [Trial 1] gen  220  evals=11000  best=0.8887
        [Trial 1] gen  240  evals=12000  best=0.8887
        [Trial 1] gen  260  evals=13000  best=0.8884
        [Trial 1] gen  280  evals=14000  best=0.8884
        [Trial 1] gen  300  evals=15000  best=0.8867
        [Trial 1] gen  320  evals=16000  best=0.8843
        [Trial 1] gen  340  evals=17000  best=0.8839
        [Trial 1] gen  360  evals=18000  best=0.8839
        [Trial 1] gen  380  evals=19000  best=0.8837
        [Trial 1] gen  400  evals=20000  best=0.8836
        [Trial 1] gen  420  evals=21000  best=0.8836
        [Trial 1] gen  440  evals=22000  best=0.8834
        [Trial 1] gen  460  evals=23000  best=0.8831
        [Trial 1] gen  480  evals=24000  best=0.8831
        [Trial 1] gen  500  evals=25000  best=0.8831
        [Trial 1] gen  520  evals=26000  best=0.8822
        [Trial 1] gen  540  evals=27000  best=0.8822
        [Trial 1] gen  560  evals=28000  best=0.8822
        [Trial 1] gen  580  evals=29000  best=0.8822
        [Trial 1] gen  600  evals=30000  best=0.8822
        [Done] Trial 1 best=0.8822
    --> Trial 2 | pop=45 seed=42355 x0_norm_min=-0.344 x0_norm_max=0.824
        [Trial 2] gen   20  evals=  900  best=0.9669
        [Trial 2] gen   40  evals= 1800  best=0.9513
        [Pruned] Trial 2 at gen 45 (loss=0.9513)
    --> Trial 3 | pop=43 seed=40135 x0_norm_min=-0.797 x0_norm_max=0.622
        [Pruned] Trial 3 at gen 15 (loss=0.9736)
    --> Trial 4 | pop=59 seed=7161 x0_norm_min=-0.947 x0_norm_max=0.785
        [Pruned] Trial 4 at gen 15 (loss=0.9815)
    --> Trial 5 | pop=41 seed=26015 x0_norm_min=-0.748 x0_norm_max=0.981
        [Trial 5] gen   20  evals=  820  best=0.9694
        [Trial 5] gen   40  evals= 1640  best=0.9609
        [Pruned] Trial 5 at gen 45 (loss=0.9609)
    --> Trial 6 | pop=42 seed=58162 x0_norm_min=-0.929 x0_norm_max=0.732
        [Pruned] Trial 6 at gen 15 (loss=0.9886)
    --> Trial 7 | pop=48 seed=68806 x0_norm_min=-0.779 x0_norm_max=0.922
        [Pruned] Trial 7 at gen 15 (loss=0.9955)
    --> Trial 8 | pop=58 seed=96430 x0_norm_min=-0.814 x0_norm_max=0.843
        [Trial 8] gen   20  evals= 1160  best=0.9691
        [Trial 8] gen   40  evals= 2320  best=0.9648
        [Pruned] Trial 8 at gen 45 (loss=0.9648)
    --> Trial 9 | pop=48 seed=55974 x0_norm_min=-0.955 x0_norm_max=0.770
        [Pruned] Trial 9 at gen 15 (loss=0.9918)
    --> Trial 10 | pop=30 seed=99337 x0_norm_min=-0.841 x0_norm_max=0.672
        [Pruned] Trial 10 at gen 15 (loss=0.9726)
    --> Trial 11 | pop=32 seed=16973 x0_norm_min=-0.781 x0_norm_max=0.859
        [Trial 11] gen   20  evals=  640  best=0.9352
        [Trial 11] gen   40  evals= 1280  best=0.9352
        [Trial 11] gen   60  evals= 1920  best=0.9352
        [Trial 11] gen   80  evals= 2560  best=0.9352
        [Trial 11] gen  100  evals= 3200  best=0.9352
        [Trial 11] gen  120  evals= 3840  best=0.9352
        [Pruned] Trial 11 at gen 135 (loss=0.9321)
    --> Trial 12 | pop=36 seed=27947 x0_norm_min=-0.402 x0_norm_max=0.428
        [Pruned] Trial 12 at gen 15 (loss=0.9777)
    --> Trial 13 | pop=53 seed=44209 x0_norm_min=-0.863 x0_norm_max=0.955
        [Pruned] Trial 13 at gen 15 (loss=0.9773)
    --> Trial 14 | pop=35 seed=7382 x0_norm_min=-0.897 x0_norm_max=-0.091
        [Trial 14] gen   20  evals=  700  best=0.9641
        [Trial 14] gen   40  evals= 1400  best=0.9554
        [Pruned] Trial 14 at gen 45 (loss=0.9554)
    --> Trial 15 | pop=54 seed=76783 x0_norm_min=-0.690 x0_norm_max=0.990
        [Pruned] Trial 15 at gen 15 (loss=0.9744)
    --> Trial 16 | pop=38 seed=26766 x0_norm_min=-0.776 x0_norm_max=0.982
        [Pruned] Trial 16 at gen 15 (loss=0.9700)
    --> Trial 17 | pop=53 seed=51296 x0_norm_min=-0.863 x0_norm_max=0.835
        [Pruned] Trial 17 at gen 15 (loss=0.9779)
    --> Trial 18 | pop=48 seed=33671 x0_norm_min=-0.933 x0_norm_max=0.907
        [Pruned] Trial 18 at gen 15 (loss=0.9765)
    --> Trial 19 | pop=39 seed=16001 x0_norm_min=-0.948 x0_norm_max=0.822
        [Trial 19] gen   20  evals=  780  best=0.9428
        [Trial 19] gen   40  evals= 1560  best=0.9428
        [Trial 19] gen   60  evals= 2340  best=0.9280
        [Trial 19] gen   80  evals= 3120  best=0.9280
        [Trial 19] gen  100  evals= 3900  best=0.9280
        [Trial 19] gen  120  evals= 4680  best=0.9280
        [Pruned] Trial 19 at gen 135 (loss=0.9280)

  Winner: Trial 1, loss=0.882174 (1708s)
    Restarts run: 20
    mu: 39.332522
    D_mu: 2.586966
    T0_mu: 15.272646
    Ly: 2.009845
    op_x: 0.584286
    op_y: 0.510106
    NMSE: 0.165880
  [Saved] random_IR_0031

============================================================
[32/50] random_IR_0032.npz
  GT loss: 0.856811
  terrain_mean=1.460967  early_threshold=0.862550  (alpha=0.0095)
    --> Trial 0 | pop=55 seed=84541 x0_norm_min=-0.944 x0_norm_max=0.730
        [Trial 0] gen   20  evals= 1100  best=0.9526
        [Trial 0] gen   40  evals= 2200  best=0.9294
        [Trial 0] gen   60  evals= 3300  best=0.9294
        [Trial 0] gen   80  evals= 4400  best=0.9139
        [Trial 0] gen  100  evals= 5500  best=0.9139
        [Trial 0] gen  120  evals= 6600  best=0.9092
        [Trial 0] gen  140  evals= 7700  best=0.9033
        [Trial 0] gen  160  evals= 8800  best=0.9033
        [Trial 0] gen  180  evals= 9900  best=0.9021
        [Trial 0] gen  200  evals=11000  best=0.8997
        [Trial 0] gen  220  evals=12100  best=0.8952
        [Trial 0] gen  240  evals=13200  best=0.8937
        [Trial 0] gen  260  evals=14300  best=0.8922
        [Trial 0] gen  280  evals=15400  best=0.8919
        [Trial 0] gen  300  evals=16500  best=0.8918
        [Trial 0] gen  320  evals=17600  best=0.8917
        [Trial 0] gen  340  evals=18700  best=0.8897
        [Trial 0] gen  360  evals=19800  best=0.8886
        [Trial 0] gen  380  evals=20900  best=0.8882
        [TRIAL TIMEOUT] Trial 0 total >600s, stopping
        [Done] Trial 0 best=0.8882
    --> Trial 1 | pop=44 seed=64683 x0_norm_min=-0.937 x0_norm_max=0.907
        [Pruned] Trial 1 at gen 15 (loss=0.9879)
    --> Trial 2 | pop=55 seed=2742 x0_norm_min=-0.344 x0_norm_max=0.824
        [Pruned] Trial 2 at gen 15 (loss=0.9722)
    --> Trial 3 | pop=49 seed=69128 x0_norm_min=-0.797 x0_norm_max=0.622
        [Trial 3] gen   20  evals=  980  best=0.9292
        [Trial 3] gen   40  evals= 1960  best=0.9259
        [Trial 3] gen   60  evals= 2940  best=0.9259
        [Trial 3] gen   80  evals= 3920  best=0.9259
        [Trial 3] gen  100  evals= 4900  best=0.9259
        [Trial 3] gen  120  evals= 5880  best=0.9182
        [Pruned] Trial 3 at gen 135 (loss=0.9166)
    --> Trial 4 | pop=30 seed=18037 x0_norm_min=-0.947 x0_norm_max=0.785
        [Pruned] Trial 4 at gen 15 (loss=0.9846)
    --> Trial 5 | pop=51 seed=29729 x0_norm_min=-0.748 x0_norm_max=0.981
        [Pruned] Trial 5 at gen 15 (loss=0.9678)
    --> Trial 6 | pop=37 seed=10952 x0_norm_min=-0.929 x0_norm_max=0.732
        [Pruned] Trial 6 at gen 15 (loss=0.9831)
    --> Trial 7 | pop=41 seed=12908 x0_norm_min=-0.779 x0_norm_max=0.922
        [Pruned] Trial 7 at gen 15 (loss=0.9585)
    --> Trial 8 | pop=35 seed=30189 x0_norm_min=-0.814 x0_norm_max=0.843
        [Pruned] Trial 8 at gen 15 (loss=0.9658)
    --> Trial 9 | pop=48 seed=51995 x0_norm_min=-0.955 x0_norm_max=0.770
        [Trial 9] gen   20  evals=  960  best=0.9509
        [Trial 9] gen   40  evals= 1920  best=0.9509
        [Pruned] Trial 9 at gen 45 (loss=0.9509)
    --> Trial 10 | pop=58 seed=86111 x0_norm_min=-0.841 x0_norm_max=0.672
        [Pruned] Trial 10 at gen 15 (loss=0.9605)
    --> Trial 11 | pop=60 seed=99969 x0_norm_min=-0.781 x0_norm_max=0.859
        [Trial 11] gen   20  evals= 1200  best=0.9486
        [Trial 11] gen   40  evals= 2400  best=0.9373
        [Pruned] Trial 11 at gen 45 (loss=0.9288)
    --> Trial 12 | pop=52 seed=71230 x0_norm_min=-0.402 x0_norm_max=0.428
        [Trial 12] gen   20  evals= 1040  best=0.9493
        [Trial 12] gen   40  evals= 2080  best=0.9493
        [Pruned] Trial 12 at gen 45 (loss=0.9487)
    --> Trial 13 | pop=49 seed=75980 x0_norm_min=-0.863 x0_norm_max=0.955
        [Trial 13] gen   20  evals=  980  best=0.9523
        [Trial 13] gen   40  evals= 1960  best=0.9380
        [Pruned] Trial 13 at gen 45 (loss=0.9378)
    --> Trial 14 | pop=45 seed=51589 x0_norm_min=-0.897 x0_norm_max=-0.091
        [Pruned] Trial 14 at gen 15 (loss=0.9742)
    --> Trial 15 | pop=55 seed=93049 x0_norm_min=-0.690 x0_norm_max=0.990
        [Trial 15] gen   20  evals= 1100  best=0.9423
        [Trial 15] gen   40  evals= 2200  best=0.9381
        [Pruned] Trial 15 at gen 45 (loss=0.9381)
    --> Trial 16 | pop=56 seed=55843 x0_norm_min=-0.776 x0_norm_max=0.982
        [Trial 16] gen   20  evals= 1120  best=0.9501
        [Trial 16] gen   40  evals= 2240  best=0.9391
        [Pruned] Trial 16 at gen 45 (loss=0.9365)
    --> Trial 17 | pop=52 seed=83519 x0_norm_min=-0.863 x0_norm_max=0.835
        [Pruned] Trial 17 at gen 15 (loss=0.9638)
    --> Trial 18 | pop=45 seed=60635 x0_norm_min=-0.933 x0_norm_max=0.907
        [Pruned] Trial 18 at gen 15 (loss=0.9735)
    --> Trial 19 | pop=41 seed=41586 x0_norm_min=-0.948 x0_norm_max=0.822
        [Pruned] Trial 19 at gen 15 (loss=0.9569)

  Winner: Trial 0, loss=0.888246 (1213s)
    Restarts run: 20
    mu: 37.863943
    D_mu: 3.071674
    T0_mu: 0.309879
    Ly: 3.852856
    op_x: 0.615012
    op_y: 0.512115
    NMSE: 0.161256
  [Saved] random_IR_0032

============================================================
[33/50] random_IR_0033.npz
  GT loss: 0.908177
  terrain_mean=1.516138  early_threshold=0.913952  (alpha=0.0095)
    --> Trial 0 | pop=47 seed=77584 x0_norm_min=-0.944 x0_norm_max=0.730
        [Trial 0] gen   20  evals=  940  best=0.9896
        [Trial 0] gen   40  evals= 1880  best=0.9662
        [Trial 0] gen   60  evals= 2820  best=0.9483
        [Trial 0] gen   80  evals= 3760  best=0.9483
        [Trial 0] gen  100  evals= 4700  best=0.9483
        [Trial 0] gen  120  evals= 5640  best=0.9483
        [Trial 0] gen  140  evals= 6580  best=0.9483
        [Trial 0] gen  160  evals= 7520  best=0.9483
        [Trial 0] gen  180  evals= 8460  best=0.9335
        [Trial 0] gen  200  evals= 9400  best=0.9335
        [Trial 0] gen  220  evals=10340  best=0.9323
        [Trial 0] gen  240  evals=11280  best=0.9256
        [Trial 0] gen  260  evals=12220  best=0.9121
        [Trial 0] gen  280  evals=13160  best=0.9076
        [Trial 0] gen  300  evals=14100  best=0.9060
        [Trial 0] gen  320  evals=15040  best=0.9015
        [Trial 0] gen  340  evals=15980  best=0.9015
        [Trial 0] gen  360  evals=16920  best=0.9015
        [Trial 0] gen  380  evals=17860  best=0.9015
        [Trial 0] gen  400  evals=18800  best=0.9010
        [Trial 0] gen  420  evals=19740  best=0.9010
        [Trial 0] gen  440  evals=20680  best=0.9010
        [Trial 0] gen  460  evals=21620  best=0.9010
        [Trial 0] gen  480  evals=22560  best=0.9010
        [Trial 0] gen  500  evals=23500  best=0.9010
        [Trial 0] gen  520  evals=24440  best=0.9010
        [Trial 0] gen  540  evals=25380  best=0.9010
        [Trial 0] gen  560  evals=26320  best=0.9010
        [Trial 0] gen  580  evals=27260  best=0.9010
        [Trial 0] gen  600  evals=28200  best=0.9004
        [Trial 0] gen  620  evals=29140  best=0.9004
        [Done] Trial 0 best=0.9004
    --> Early stop triggered: trial 0 reached loss=0.900435 < 0.913952

  Winner: Trial 0, loss=0.900435 (241s)
    Restarts run: 1
    mu: 43.842026
    D_mu: 33.876172
    T0_mu: 7.706591
    Ly: 3.530197
    op_x: 0.510240
    op_y: 0.510078
    NMSE: 0.177862
  [Saved] random_IR_0033

============================================================
[34/50] random_IR_0034.npz
  GT loss: 0.722202
  terrain_mean=1.469511  early_threshold=0.729302  (alpha=0.0095)
    --> Trial 0 | pop=57 seed=44279 x0_norm_min=-0.944 x0_norm_max=0.730
        [Trial 0] gen   20  evals= 1140  best=0.9237
        [Trial 0] gen   40  evals= 2280  best=0.9112
        [Trial 0] gen   60  evals= 3420  best=0.9012
        [Trial 0] gen   80  evals= 4560  best=0.8957
        [Trial 0] gen  100  evals= 5700  best=0.8957
        [Trial 0] gen  120  evals= 6840  best=0.8808/home/bhpark3/dafxenv/lib/python3.12/site-packages/cma/utilities/utils.py:369: UserWarning: 
        geno-pheno transformation introduced based on the
        current covariance matrix with condition 1.0e+12 -> 1.0e+00,
        injected solutions become "invalid" in this iteration (time=Jul 11 17:03:42 2026 class=CMAEvolutionStrategy method=alleviate_conditioning iteration=565)
  warnings.warn(msg + ' (time={}'.format(time.asctime()[4:]) +

        [Trial 0] gen  140  evals= 7980  best=0.8796
        [Trial 0] gen  160  evals= 9120  best=0.8796
        [Trial 0] gen  180  evals=10260  best=0.8796
        [Trial 0] gen  200  evals=11400  best=0.8784
        [Trial 0] gen  220  evals=12540  best=0.8760
        [Trial 0] gen  240  evals=13680  best=0.8661
        [Trial 0] gen  260  evals=14820  best=0.8657
        [Trial 0] gen  280  evals=15960  best=0.8657
        [Trial 0] gen  300  evals=17100  best=0.8642
        [Trial 0] gen  320  evals=18240  best=0.8623
        [Trial 0] gen  340  evals=19380  best=0.8623
        [Trial 0] gen  360  evals=20520  best=0.8623
        [TRIAL TIMEOUT] Trial 0 total >600s, stopping
        [Done] Trial 0 best=0.8623
    --> Trial 1 | pop=33 seed=87352 x0_norm_min=-0.937 x0_norm_max=0.907
        [Pruned] Trial 1 at gen 15 (loss=0.9493)
    --> Trial 2 | pop=46 seed=56970 x0_norm_min=-0.344 x0_norm_max=0.824
        [Pruned] Trial 2 at gen 15 (loss=0.9484)
    --> Trial 3 | pop=51 seed=30561 x0_norm_min=-0.797 x0_norm_max=0.622
        [Pruned] Trial 3 at gen 15 (loss=0.9379)
    --> Trial 4 | pop=41 seed=81928 x0_norm_min=-0.947 x0_norm_max=0.785
        [Pruned] Trial 4 at gen 15 (loss=0.9361)
    --> Trial 5 | pop=59 seed=27255 x0_norm_min=-0.748 x0_norm_max=0.981
        [Trial 5] gen   20  evals= 1180  best=0.8823
        [Trial 5] gen   40  evals= 2360  best=0.8823
        [Trial 5] gen   60  evals= 3540  best=0.8823
        [Trial 5] gen   80  evals= 4720  best=0.8823
        [Trial 5] gen  100  evals= 5900  best=0.8823
        [Trial 5] gen  120  evals= 7080  best=0.8823
        [Trial 5] gen  140  evals= 8260  best=0.8751
        [Trial 5] gen  160  evals= 9440  best=0.8751
        [Trial 5] gen  180  evals=10620  best=0.8751
        [Trial 5] gen  200  evals=11800  best=0.8751
        [Trial 5] gen  220  evals=12980  best=0.8751
        [Trial 5] gen  240  evals=14160  best=0.8751
        [Trial 5] gen  260  evals=15340  best=0.8721
        [TRIAL TIMEOUT] Trial 5 total >600s, stopping
        [Done] Trial 5 best=0.8698
    --> Trial 6 | pop=35 seed=66899 x0_norm_min=-0.929 x0_norm_max=0.732
        [Pruned] Trial 6 at gen 15 (loss=0.9559)
    --> Trial 7 | pop=46 seed=63491 x0_norm_min=-0.779 x0_norm_max=0.922
        [Trial 7] gen   20  evals=  920  best=0.9235
        [Trial 7] gen   40  evals= 1840  best=0.9110
        [Pruned] Trial 7 at gen 45 (loss=0.9110)
    --> Trial 8 | pop=39 seed=45254 x0_norm_min=-0.814 x0_norm_max=0.843
        [Pruned] Trial 8 at gen 15 (loss=0.9416)
    --> Trial 9 | pop=51 seed=30553 x0_norm_min=-0.955 x0_norm_max=0.770
        [Trial 9] gen   20  evals= 1020  best=0.9182
        [Trial 9] gen   40  evals= 2040  best=0.8943
        [Pruned] Trial 9 at gen 45 (loss=0.8943)
    --> Trial 10 | pop=60 seed=1648 x0_norm_min=-0.841 x0_norm_max=0.672
        [Pruned] Trial 10 at gen 15 (loss=0.9348)
    --> Trial 11 | pop=60 seed=14903 x0_norm_min=-0.781 x0_norm_max=0.859
        [Trial 11] gen   20  evals= 1200  best=0.9021
        [Trial 11] gen   40  evals= 2400  best=0.9021
        [Pruned] Trial 11 at gen 45 (loss=0.9021)
    --> Trial 12 | pop=55 seed=31145 x0_norm_min=-0.402 x0_norm_max=0.428
        [Pruned] Trial 12 at gen 15 (loss=0.9330)
    --> Trial 13 | pop=55 seed=45328 x0_norm_min=-0.863 x0_norm_max=0.955
        [Pruned] Trial 13 at gen 15 (loss=0.9269)
    --> Trial 14 | pop=56 seed=16544 x0_norm_min=-0.897 x0_norm_max=-0.091
        [Trial 14] gen   20  evals= 1120  best=0.8887
        [Trial 14] gen   40  evals= 2240  best=0.8887
        [Trial 14] gen   60  evals= 3360  best=0.8709
        [Trial 14] gen   80  evals= 4480  best=0.8709
        [Trial 14] gen  100  evals= 5600  best=0.8709
        [Trial 14] gen  120  evals= 6720  best=0.8709
        [Trial 14] gen  140  evals= 7840  best=0.8709
        [Trial 14] gen  160  evals= 8960  best=0.8709
        [Trial 14] gen  180  evals=10080  best=0.8709
        [Trial 14] gen  200  evals=11200  best=0.8709
        [Trial 14] gen  220  evals=12320  best=0.8709
        [Trial 14] gen  240  evals=13440  best=0.8693
        [Trial 14] gen  260  evals=14560  best=0.8651
        [Trial 14] gen  280  evals=15680  best=0.8646
        [Trial 14] gen  300  evals=16800  best=0.8646
        [Trial 14] gen  320  evals=17920  best=0.8637
        [Trial 14] gen  340  evals=19040  best=0.8637
        [Trial 14] gen  360  evals=20160  best=0.8610
        [Trial 14] gen  380  evals=21280  best=0.8610
        [Trial 14] gen  400  evals=22400  best=0.8610
        [Trial 14] gen  420  evals=23520  best=0.8610
        [Trial 14] gen  440  evals=24640  best=0.8610
        [Trial 14] gen  460  evals=25760  best=0.8610
        [Trial 14] gen  480  evals=26880  best=0.8605
        [Trial 14] gen  500  evals=28000  best=0.8605
        [Trial 14] gen  520  evals=29120  best=0.8605
        [Done] Trial 14 best=0.8605
    --> Trial 15 | pop=52 seed=1655 x0_norm_min=-0.690 x0_norm_max=0.990
        [Pruned] Trial 15 at gen 15 (loss=0.9284)
    --> Trial 16 | pop=56 seed=99880 x0_norm_min=-0.776 x0_norm_max=0.982
        [Trial 16] gen   20  evals= 1120  best=0.8935
        [Trial 16] gen   40  evals= 2240  best=0.8935
        [Pruned] Trial 16 at gen 45 (loss=0.8935)
    --> Trial 17 | pop=48 seed=15125 x0_norm_min=-0.863 x0_norm_max=0.835
        [Pruned] Trial 17 at gen 15 (loss=0.9425)
    --> Trial 18 | pop=57 seed=46242 x0_norm_min=-0.933 x0_norm_max=0.907
        [Pruned] Trial 18 at gen 15 (loss=0.9275)
    --> Trial 19 | pop=54 seed=19851 x0_norm_min=-0.948 x0_norm_max=0.822
        [Pruned] Trial 19 at gen 15 (loss=0.9358)

  Winner: Trial 14, loss=0.860494 (2156s)
    Restarts run: 20
    mu: 19.001363
    D_mu: 0.759116
    T0_mu: 5.350255
    Ly: 1.104627
    op_x: 0.512557
    op_y: 0.510024
    NMSE: 0.067144
  [Saved] random_IR_0034

============================================================
[35/50] random_IR_0035.npz
  GT loss: 0.943193
  terrain_mean=1.866131  early_threshold=0.951961  (alpha=0.0095)
    --> Trial 0 | pop=46 seed=82080 x0_norm_min=-0.944 x0_norm_max=0.730
        [Trial 0] gen   20  evals=  920  best=1.1380
        [Trial 0] gen   40  evals= 1840  best=1.1004
        [Trial 0] gen   60  evals= 2760  best=1.0712
        [Trial 0] gen   80  evals= 3680  best=1.0702
        [Trial 0] gen  100  evals= 4600  best=1.0651
        [Trial 0] gen  120  evals= 5520  best=1.0621
        [Trial 0] gen  140  evals= 6440  best=1.0444
        [Trial 0] gen  160  evals= 7360  best=1.0388
        [Trial 0] gen  180  evals= 8280  best=1.0338
        [Trial 0] gen  200  evals= 9200  best=1.0312
        [Trial 0] gen  220  evals=10120  best=1.0301
        [Trial 0] gen  240  evals=11040  best=1.0277
        [Trial 0] gen  260  evals=11960  best=1.0277
        [Trial 0] gen  280  evals=12880  best=1.0277
        [Trial 0] gen  300  evals=13800  best=1.0277
        [Trial 0] gen  320  evals=14720  best=1.0277
        [Trial 0] gen  340  evals=15640  best=1.0277
        [Trial 0] gen  360  evals=16560  best=1.0277
        [Trial 0] gen  380  evals=17480  best=1.0271
        [Trial 0] gen  400  evals=18400  best=1.0261
        [Trial 0] gen  420  evals=19320  best=1.0261
        [Trial 0] gen  440  evals=20240  best=1.0261
        [Trial 0] gen  460  evals=21160  best=1.0261
        [Trial 0] gen  480  evals=22080  best=1.0261
        [Trial 0] gen  500  evals=23000  best=1.0261
        [Trial 0] gen  520  evals=23920  best=1.0261
        [Trial 0] gen  540  evals=24840  best=1.0261
        [Trial 0] gen  560  evals=25760  best=1.0261
        [Trial 0] gen  580  evals=26680  best=1.0261
        [Done] Trial 0 best=1.0261
    --> Trial 1 | pop=37 seed=54565 x0_norm_min=-0.937 x0_norm_max=0.907
        [Trial 1] gen   20  evals=  740  best=1.1228
        [Trial 1] gen   40  evals= 1480  best=1.0959
        [Trial 1] gen   60  evals= 2220  best=1.0930
        [Trial 1] gen   80  evals= 2960  best=1.0930
        [Trial 1] gen  100  evals= 3700  best=1.0674
        [Trial 1] gen  120  evals= 4440  best=1.0674
        [Pruned] Trial 1 at gen 135 (loss=1.0674)
    --> Trial 2 | pop=51 seed=54 x0_norm_min=-0.344 x0_norm_max=0.824
        [Trial 2] gen   20  evals= 1020  best=1.0919
        [Trial 2] gen   40  evals= 2040  best=1.0919
        [Trial 2] gen   60  evals= 3060  best=1.0827
        [Trial 2] gen   80  evals= 4080  best=1.0827
        [Trial 2] gen  100  evals= 5100  best=1.0632
        [Trial 2] gen  120  evals= 6120  best=1.0632
        [Pruned] Trial 2 at gen 135 (loss=1.0632)
    --> Trial 3 | pop=48 seed=10276 x0_norm_min=-0.797 x0_norm_max=0.622
        [Trial 3] gen   20  evals=  960  best=1.0761
        [Trial 3] gen   40  evals= 1920  best=1.0761
        [Trial 3] gen   60  evals= 2880  best=1.0654
        [Trial 3] gen   80  evals= 3840  best=1.0654
        [Trial 3] gen  100  evals= 4800  best=1.0654
        [Trial 3] gen  120  evals= 5760  best=1.0654
        [Pruned] Trial 3 at gen 135 (loss=1.0654)
    --> Trial 4 | pop=49 seed=99802 x0_norm_min=-0.947 x0_norm_max=0.785
        [Pruned] Trial 4 at gen 15 (loss=1.1010)
    --> Trial 5 | pop=32 seed=22609 x0_norm_min=-0.748 x0_norm_max=0.981
        [Pruned] Trial 5 at gen 15 (loss=1.1688)
    --> Trial 6 | pop=43 seed=42660 x0_norm_min=-0.929 x0_norm_max=0.732
        [Trial 6] gen   20  evals=  860  best=1.0817
        [Trial 6] gen   40  evals= 1720  best=1.0817
        [Pruned] Trial 6 at gen 45 (loss=1.0817)
    --> Trial 7 | pop=37 seed=47434 x0_norm_min=-0.779 x0_norm_max=0.922
        [Pruned] Trial 7 at gen 15 (loss=1.1409)
    --> Trial 8 | pop=60 seed=11868 x0_norm_min=-0.814 x0_norm_max=0.843
        [Pruned] Trial 8 at gen 15 (loss=1.1169)
    --> Trial 9 | pop=34 seed=57427 x0_norm_min=-0.955 x0_norm_max=0.770
        [Pruned] Trial 9 at gen 15 (loss=1.1237)
    --> Trial 10 | pop=60 seed=87905 x0_norm_min=-0.841 x0_norm_max=0.672
        [Pruned] Trial 10 at gen 15 (loss=1.1019)
    --> Trial 11 | pop=52 seed=76146 x0_norm_min=-0.781 x0_norm_max=0.859
        [Pruned] Trial 11 at gen 15 (loss=1.1204)
    --> Trial 12 | pop=54 seed=27212 x0_norm_min=-0.402 x0_norm_max=0.428
        [Trial 12] gen   20  evals= 1080  best=1.0676
        [Trial 12] gen   40  evals= 2160  best=1.0676
        [Trial 12] gen   60  evals= 3240  best=1.0676
        [Trial 12] gen   80  evals= 4320  best=1.0676
        [Trial 12] gen  100  evals= 5400  best=1.0676
        [Trial 12] gen  120  evals= 6480  best=1.0615
        [Pruned] Trial 12 at gen 135 (loss=1.0615)
    --> Trial 13 | pop=55 seed=71144 x0_norm_min=-0.863 x0_norm_max=0.955
        [Pruned] Trial 13 at gen 15 (loss=1.1112)
    --> Trial 14 | pop=42 seed=35209 x0_norm_min=-0.897 x0_norm_max=-0.091
        [Trial 14] gen   20  evals=  840  best=1.0800
        [Trial 14] gen   40  evals= 1680  best=1.0617
        [Trial 14] gen   60  evals= 2520  best=1.0617
        [Trial 14] gen   80  evals= 3360  best=1.0574
        [Trial 14] gen  100  evals= 4200  best=1.0574
        [Trial 14] gen  120  evals= 5040  best=1.0462
        [Trial 14] gen  140  evals= 5880  best=1.0462
        [Trial 14] gen  160  evals= 6720  best=1.0462
        [Trial 14] gen  180  evals= 7560  best=1.0462
        [Trial 14] gen  200  evals= 8400  best=1.0462
        [Trial 14] gen  220  evals= 9240  best=1.0340
        [Trial 14] gen  240  evals=10080  best=1.0340
        [Trial 14] gen  260  evals=10920  best=1.0296
        [Trial 14] gen  280  evals=11760  best=1.0231
        [Trial 14] gen  300  evals=12600  best=1.0217
        [Trial 14] gen  320  evals=13440  best=1.0203
        [Trial 14] gen  340  evals=14280  best=1.0203
        [Trial 14] gen  360  evals=15120  best=1.0203
        [Trial 14] gen  380  evals=15960  best=1.0203
        [Trial 14] gen  400  evals=16800  best=1.0203
        [Trial 14] gen  420  evals=17640  best=1.0169
        [Trial 14] gen  440  evals=18480  best=1.0169
        [Trial 14] gen  460  evals=19320  best=1.0169
        [Trial 14] gen  480  evals=20160  best=1.0169
        [Trial 14] gen  500  evals=21000  best=1.0169
        [Trial 14] gen  520  evals=21840  best=1.0147
        [Trial 14] gen  540  evals=22680  best=1.0147
        [Trial 14] gen  560  evals=23520  best=1.0147
        [Trial 14] gen  580  evals=24360  best=1.0147
        [Trial 14] gen  600  evals=25200  best=1.0147
        [Trial 14] gen  620  evals=26040  best=1.0147
        [Trial 14] gen  640  evals=26880  best=1.0147
        [Trial 14] gen  660  evals=27720  best=1.0147
        [Trial 14] gen  680  evals=28560  best=1.0147
        [Trial 14] gen  700  evals=29400  best=1.0147
        [Done] Trial 14 best=1.0147
    --> Trial 15 | pop=43 seed=33586 x0_norm_min=-0.690 x0_norm_max=0.990
        [Pruned] Trial 15 at gen 15 (loss=1.1140)
    --> Trial 16 | pop=44 seed=72111 x0_norm_min=-0.776 x0_norm_max=0.982
        [Trial 16] gen   20  evals=  880  best=1.0880
        [Trial 16] gen   40  evals= 1760  best=1.0880
        [Pruned] Trial 16 at gen 45 (loss=1.0880)
    --> Trial 17 | pop=40 seed=95039 x0_norm_min=-0.863 x0_norm_max=0.835
        [Pruned] Trial 17 at gen 15 (loss=1.1124)
    --> Trial 18 | pop=46 seed=83850 x0_norm_min=-0.933 x0_norm_max=0.907
        [Pruned] Trial 18 at gen 15 (loss=1.1030)
    --> Trial 19 | pop=40 seed=60019 x0_norm_min=-0.948 x0_norm_max=0.822
        [Pruned] Trial 19 at gen 15 (loss=1.1398)

  Winner: Trial 14, loss=1.014694 (1668s)
    Restarts run: 20
    mu: 61.458895
    D_mu: 3.597128
    T0_mu: 15.914634
    Ly: 2.014139
    op_x: 0.531788
    op_y: 0.513088
    NMSE: 0.123083
  [Saved] random_IR_0035

============================================================
[36/50] random_IR_0036.npz
  GT loss: 1.300319
  terrain_mean=1.942352  early_threshold=1.306418  (alpha=0.0095)
    --> Trial 0 | pop=31 seed=12418 x0_norm_min=-0.944 x0_norm_max=0.730
        [Trial 0] gen   20  evals=  620  best=1.2176
        [Trial 0] gen   40  evals= 1240  best=1.1912
        [Trial 0] gen   60  evals= 1860  best=1.1912
        [Trial 0] gen   80  evals= 2480  best=1.1760
        [Trial 0] gen  100  evals= 3100  best=1.1583
        [Trial 0] gen  120  evals= 3720  best=1.1583
        [Trial 0] gen  140  evals= 4340  best=1.1160
        [Trial 0] gen  160  evals= 4960  best=1.1160
        [Trial 0] gen  180  evals= 5580  best=1.1086
        [Trial 0] gen  200  evals= 6200  best=1.1086
        [Trial 0] gen  220  evals= 6820  best=1.1086
        [Trial 0] gen  240  evals= 7440  best=1.1021
        [Trial 0] gen  260  evals= 8060  best=1.1021
        [Trial 0] gen  280  evals= 8680  best=1.1021
        [TRIAL TIMEOUT] Trial 0 total >600s, stopping
        [Done] Trial 0 best=1.1021
    --> Early stop triggered: trial 0 reached loss=1.102136 < 1.306418

  Winner: Trial 0, loss=1.102136 (601s)
    Restarts run: 1
    mu: 16.414404
    D_mu: 0.503675
    T0_mu: 0.827551
    Ly: 3.999998
    op_x: 0.713032
    op_y: 0.583624
    NMSE: 0.168215
  [Saved] random_IR_0036

============================================================
[37/50] random_IR_0037.npz
  GT loss: 1.223244
  terrain_mean=1.550087  early_threshold=1.226349  (alpha=0.0095)
    --> Trial 0 | pop=58 seed=67819 x0_norm_min=-0.944 x0_norm_max=0.730
        [Trial 0] gen   20  evals= 1160  best=1.1328
        [Trial 0] gen   40  evals= 2320  best=1.1323
        [Trial 0] gen   60  evals= 3480  best=1.1323
        [Trial 0] gen   80  evals= 4640  best=1.1251
        [Trial 0] gen  100  evals= 5800  best=1.1166
        [Trial 0] gen  120  evals= 6960  best=1.1166
        [Trial 0] gen  140  evals= 8120  best=1.1129
        [Trial 0] gen  160  evals= 9280  best=1.1089
        [Trial 0] gen  180  evals=10440  best=1.0797
        [Trial 0] gen  200  evals=11600  best=1.0646
        [Trial 0] gen  220  evals=12760  best=1.0593
        [Trial 0] gen  240  evals=13920  best=1.0427
        [Trial 0] gen  260  evals=15080  best=1.0088
        [Trial 0] gen  280  evals=16240  best=1.0034
        [Trial 0] gen  300  evals=17400  best=1.0034
        [Trial 0] gen  320  evals=18560  best=1.0034
        [Trial 0] gen  340  evals=19720  best=1.0034
        [Trial 0] gen  360  evals=20880  best=1.0034
        [Trial 0] gen  380  evals=22040  best=1.0034
        [Trial 0] gen  400  evals=23200  best=1.0029
        [Trial 0] gen  420  evals=24360  best=1.0029
        [Trial 0] gen  440  evals=25520  best=1.0029
NOTE (module=cma, iteration=443):  
condition in coordinate system exceeded 1.3e+08, rescaled to 1.0e+00, 
condition changed from 1.6e+10 to 1.0e+10
        [Trial 0] gen  460  evals=26680  best=1.0029
        [Trial 0] gen  480  evals=27840  best=1.0029
        [Trial 0] gen  500  evals=29000  best=1.0029
        [Done] Trial 0 best=1.0029
    --> Early stop triggered: trial 0 reached loss=1.002853 < 1.226349

  Winner: Trial 0, loss=1.002853 (104s)
    Restarts run: 1
    mu: 32.754831
    D_mu: 40.205323
    T0_mu: 1.067756
    Ly: 1.416118
    op_x: 0.590475
    op_y: 0.583032
    NMSE: 0.219511
  [Saved] random_IR_0037

============================================================
[38/50] random_IR_0038.npz
  GT loss: 0.918397
  terrain_mean=1.428651  early_threshold=0.923245  (alpha=0.0095)
    --> Trial 0 | pop=57 seed=1692 x0_norm_min=-0.944 x0_norm_max=0.730
        [Trial 0] gen   20  evals= 1140  best=1.0024
        [Trial 0] gen   40  evals= 2280  best=0.9751
        [Trial 0] gen   60  evals= 3420  best=0.9751
        [Trial 0] gen   80  evals= 4560  best=0.9664
        [Trial 0] gen  100  evals= 5700  best=0.9664
        [Trial 0] gen  120  evals= 6840  best=0.9664
        [Trial 0] gen  140  evals= 7980  best=0.9664
        [Trial 0] gen  160  evals= 9120  best=0.9664
        [Trial 0] gen  180  evals=10260  best=0.9664
        [Trial 0] gen  200  evals=11400  best=0.9664
        [Trial 0] gen  220  evals=12540  best=0.9664
        [Trial 0] gen  240  evals=13680  best=0.9664
        [Trial 0] gen  260  evals=14820  best=0.9664
        [TRIAL TIMEOUT] Trial 0 total >600s, stopping
        [Done] Trial 0 best=0.9664
    --> Trial 1 | pop=30 seed=50548 x0_norm_min=-0.937 x0_norm_max=0.907
        [Pruned] Trial 1 at gen 15 (loss=1.0137)
    --> Trial 2 | pop=49 seed=89492 x0_norm_min=-0.344 x0_norm_max=0.824
        [Pruned] Trial 2 at gen 15 (loss=1.0055)
    --> Trial 3 | pop=50 seed=85662 x0_norm_min=-0.797 x0_norm_max=0.622
        [Pruned] Trial 3 at gen 15 (loss=1.0174)
    --> Trial 4 | pop=46 seed=87520 x0_norm_min=-0.947 x0_norm_max=0.785
        [Pruned] Trial 4 at gen 15 (loss=1.0164)
    --> Trial 5 | pop=31 seed=42422 x0_norm_min=-0.748 x0_norm_max=0.981
        [Pruned] Trial 5 at gen 15 (loss=1.0377)
    --> Trial 6 | pop=51 seed=41629 x0_norm_min=-0.929 x0_norm_max=0.732
        [Pruned] Trial 6 at gen 15 (loss=1.0081)
    --> Trial 7 | pop=42 seed=93131 x0_norm_min=-0.779 x0_norm_max=0.922
        [Pruned] Trial 7 at gen 15 (loss=1.0061)
    --> Trial 8 | pop=60 seed=60255 x0_norm_min=-0.814 x0_norm_max=0.843
        [Trial 8] gen   20  evals= 1200  best=1.0012
        [Trial 8] gen   40  evals= 2400  best=0.9871
        [Pruned] Trial 8 at gen 45 (loss=0.9871)
    --> Trial 9 | pop=53 seed=91386 x0_norm_min=-0.955 x0_norm_max=0.770
        [Pruned] Trial 9 at gen 15 (loss=1.0173)
    --> Trial 10 | pop=39 seed=38 x0_norm_min=-0.841 x0_norm_max=0.672
        [Pruned] Trial 10 at gen 15 (loss=1.0329)
    --> Trial 11 | pop=58 seed=710 x0_norm_min=-0.781 x0_norm_max=0.859
        [Pruned] Trial 11 at gen 15 (loss=1.0280)
    --> Trial 12 | pop=60 seed=18589 x0_norm_min=-0.402 x0_norm_max=0.428
        [Trial 12] gen   20  evals= 1200  best=0.9874
        [Trial 12] gen   40  evals= 2400  best=0.9874
        [Pruned] Trial 12 at gen 45 (loss=0.9874)
    --> Trial 13 | pop=56 seed=64123 x0_norm_min=-0.863 x0_norm_max=0.955
        [Trial 13] gen   20  evals= 1120  best=0.9805
        [Trial 13] gen   40  evals= 2240  best=0.9795
        [Pruned] Trial 13 at gen 45 (loss=0.9795)
    --> Trial 14 | pop=55 seed=22967 x0_norm_min=-0.897 x0_norm_max=-0.091
        [Trial 14] gen   20  evals= 1100  best=0.9787
        [Trial 14] gen   40  evals= 2200  best=0.9787
        [Pruned] Trial 14 at gen 45 (loss=0.9787)
    --> Trial 15 | pop=55 seed=18543 x0_norm_min=-0.690 x0_norm_max=0.990
        [Pruned] Trial 15 at gen 15 (loss=1.0102)
    --> Trial 16 | pop=45 seed=19776 x0_norm_min=-0.776 x0_norm_max=0.982
        [Pruned] Trial 16 at gen 15 (loss=1.0163)
    --> Trial 17 | pop=55 seed=31033 x0_norm_min=-0.863 x0_norm_max=0.835
        [Trial 17] gen   20  evals= 1100  best=0.9961
        [Trial 17] gen   40  evals= 2200  best=0.9961
        [Pruned] Trial 17 at gen 45 (loss=0.9961)
    --> Trial 18 | pop=53 seed=11369 x0_norm_min=-0.933 x0_norm_max=0.907
        [Pruned] Trial 18 at gen 15 (loss=1.0123)
    --> Trial 19 | pop=37 seed=30348 x0_norm_min=-0.948 x0_norm_max=0.822
        [Pruned] Trial 19 at gen 15 (loss=1.0162)

  Winner: Trial 0, loss=0.966375 (965s)
    Restarts run: 20
    mu: 15.533917
    D_mu: 2.769009
    T0_mu: 0.529852
    Ly: 3.903537
    op_x: 0.577953
    op_y: 0.510103
    NMSE: 0.229752
  [Saved] random_IR_0038

============================================================
[39/50] random_IR_0039.npz
  GT loss: 1.073678
  terrain_mean=1.457581  early_threshold=1.077325  (alpha=0.0095)
    --> Trial 0 | pop=59 seed=62185 x0_norm_min=-0.944 x0_norm_max=0.730
        [Trial 0] gen   20  evals= 1180  best=1.0020
        [Trial 0] gen   40  evals= 2360  best=1.0020
        [Trial 0] gen   60  evals= 3540  best=1.0020
        [Trial 0] gen   80  evals= 4720  best=0.9996
        [Trial 0] gen  100  evals= 5900  best=0.9892
        [Trial 0] gen  120  evals= 7080  best=0.9892
        [Trial 0] gen  140  evals= 8260  best=0.9892
        [Trial 0] gen  160  evals= 9440  best=0.9892
        [Trial 0] gen  180  evals=10620  best=0.9892
        [Trial 0] gen  200  evals=11800  best=0.9892
        [Trial 0] gen  220  evals=12980  best=0.9756
        [Trial 0] gen  240  evals=14160  best=0.9704
        [Trial 0] gen  260  evals=15340  best=0.9659
        [Trial 0] gen  280  evals=16520  best=0.9647
        [Trial 0] gen  300  evals=17700  best=0.9592
        [Trial 0] gen  320  evals=18880  best=0.9561
        [Trial 0] gen  340  evals=20060  best=0.9549
        [Trial 0] gen  360  evals=21240  best=0.9526
        [Trial 0] gen  380  evals=22420  best=0.9526
        [Trial 0] gen  400  evals=23600  best=0.9510
        [Trial 0] gen  420  evals=24780  best=0.9493
        [Trial 0] gen  440  evals=25960  best=0.9487
        [Trial 0] gen  460  evals=27140  best=0.9485
        [Trial 0] gen  480  evals=28320  best=0.9483
        [Trial 0] gen  500  evals=29500  best=0.9483
        [Done] Trial 0 best=0.9483
    --> Early stop triggered: trial 0 reached loss=0.948263 < 1.077325

  Winner: Trial 0, loss=0.948263 (350s)
    Restarts run: 1
    mu: 37.949883
    D_mu: 16.880194
    T0_mu: 9.140729
    Ly: 3.522065
    op_x: 0.518568
    op_y: 0.511655
    NMSE: 0.192796
  [Saved] random_IR_0039

============================================================
[40/50] random_IR_0040.npz
  GT loss: 0.841676
  terrain_mean=1.395171  early_threshold=0.846934  (alpha=0.0095)
    --> Trial 0 | pop=60 seed=79439 x0_norm_min=-0.944 x0_norm_max=0.730
        [Trial 0] gen   20  evals= 1200  best=0.9351
        [Trial 0] gen   40  evals= 2400  best=0.9293
        [Trial 0] gen   60  evals= 3600  best=0.9065
        [Trial 0] gen   80  evals= 4800  best=0.9065
        [Trial 0] gen  100  evals= 6000  best=0.9065
        [Trial 0] gen  120  evals= 7200  best=0.9065
        [Trial 0] gen  140  evals= 8400  best=0.9065
        [Trial 0] gen  160  evals= 9600  best=0.9065
        [Trial 0] gen  180  evals=10800  best=0.9029
        [Trial 0] gen  200  evals=12000  best=0.8926
        [Trial 0] gen  220  evals=13200  best=0.8820
        [Trial 0] gen  240  evals=14400  best=0.8796
        [TRIAL TIMEOUT] Trial 0 total >600s, stopping
        [Done] Trial 0 best=0.8784
    --> Trial 1 | pop=55 seed=87491 x0_norm_min=-0.937 x0_norm_max=0.907
        [Pruned] Trial 1 at gen 15 (loss=0.9486)
    --> Trial 2 | pop=46 seed=31987 x0_norm_min=-0.344 x0_norm_max=0.824
        [Pruned] Trial 2 at gen 15 (loss=0.9500)
    --> Trial 3 | pop=57 seed=13838 x0_norm_min=-0.797 x0_norm_max=0.622
        [Trial 3] gen   20  evals= 1140  best=0.9229
        [Trial 3] gen   40  evals= 2280  best=0.9210
        [Pruned] Trial 3 at gen 45 (loss=0.9210)
    --> Trial 4 | pop=51 seed=85756 x0_norm_min=-0.947 x0_norm_max=0.785
        [Pruned] Trial 4 at gen 15 (loss=0.9404)
    --> Trial 5 | pop=52 seed=77468 x0_norm_min=-0.748 x0_norm_max=0.981
        [Pruned] Trial 5 at gen 15 (loss=0.9462)
    --> Trial 6 | pop=38 seed=65426 x0_norm_min=-0.929 x0_norm_max=0.732
        [Pruned] Trial 6 at gen 15 (loss=0.9666)
    --> Trial 7 | pop=60 seed=51584 x0_norm_min=-0.779 x0_norm_max=0.922
        [Trial 7] gen   20  evals= 1200  best=0.9167
        [Trial 7] gen   40  evals= 2400  best=0.9167
        [Pruned] Trial 7 at gen 45 (loss=0.9167)
    --> Trial 8 | pop=57 seed=36765 x0_norm_min=-0.814 x0_norm_max=0.843
        [Trial 8] gen   20  evals= 1140  best=0.9359
        [Trial 8] gen   40  evals= 2280  best=0.9252
        [Pruned] Trial 8 at gen 45 (loss=0.9252)
    --> Trial 9 | pop=47 seed=9399 x0_norm_min=-0.955 x0_norm_max=0.770
        [Trial 9] gen   20  evals=  940  best=0.9189
        [Trial 9] gen   40  evals= 1880  best=0.9181
        [Pruned] Trial 9 at gen 45 (loss=0.9181)
    --> Trial 10 | pop=31 seed=97604 x0_norm_min=-0.841 x0_norm_max=0.672
        [Pruned] Trial 10 at gen 15 (loss=0.9436)
    --> Trial 11 | pop=60 seed=56533 x0_norm_min=-0.781 x0_norm_max=0.859
        [Pruned] Trial 11 at gen 15 (loss=0.9411)
    --> Trial 12 | pop=60 seed=52669 x0_norm_min=-0.402 x0_norm_max=0.428
        [Pruned] Trial 12 at gen 15 (loss=0.9402)
    --> Trial 13 | pop=53 seed=70342 x0_norm_min=-0.863 x0_norm_max=0.955
        [Pruned] Trial 13 at gen 15 (loss=0.9477)
    --> Trial 14 | pop=60 seed=44133 x0_norm_min=-0.897 x0_norm_max=-0.091
        [Trial 14] gen   20  evals= 1200  best=0.8931
        [Trial 14] gen   40  evals= 2400  best=0.8931
        [Trial 14] gen   60  evals= 3600  best=0.8931
        [Trial 14] gen   80  evals= 4800  best=0.8931
        [Trial 14] gen  100  evals= 6000  best=0.8931
        [Trial 14] gen  120  evals= 7200  best=0.8931
        [Trial 14] gen  140  evals= 8400  best=0.8867
        [Trial 14] gen  160  evals= 9600  best=0.8831
        [Trial 14] gen  180  evals=10800  best=0.8831
        [Trial 14] gen  200  evals=12000  best=0.8773
        [Trial 14] gen  220  evals=13200  best=0.8660
        [Trial 14] gen  240  evals=14400  best=0.8660
        [Trial 14] gen  260  evals=15600  best=0.8575
        [Trial 14] gen  280  evals=16800  best=0.8539
        [Trial 14] gen  300  evals=18000  best=0.8519
        [Trial 14] gen  320  evals=19200  best=0.8519
        [Trial 14] gen  340  evals=20400  best=0.8511
NOTE (module=cma, iteration=353):  
condition in coordinate system exceeded 1.2e+08, rescaled to 1.0e+00, 
condition changed from 6.1e+08 to 1.1e+08
        [Trial 14] gen  360  evals=21600  best=0.8497
        [Trial 14] gen  380  evals=22800  best=0.8489
        [Trial 14] gen  400  evals=24000  best=0.8479
        [Trial 14] gen  420  evals=25200  best=0.8471
        [Trial 14] gen  440  evals=26400  best=0.8471
        [Trial 14] gen  460  evals=27600  best=0.8471
        [Trial 14] gen  480  evals=28800  best=0.8471
        [Trial 14] gen  500  evals=30000  best=0.8471
        [Done] Trial 14 best=0.8471
    --> Trial 15 | pop=48 seed=35816 x0_norm_min=-0.690 x0_norm_max=0.990
        [Trial 15] gen   20  evals=  960  best=0.9211
        [Trial 15] gen   40  evals= 1920  best=0.9202
        [Pruned] Trial 15 at gen 45 (loss=0.9202)
    --> Trial 16 | pop=56 seed=23784 x0_norm_min=-0.776 x0_norm_max=0.982
        [Pruned] Trial 16 at gen 15 (loss=0.9336)
    --> Trial 17 | pop=40 seed=99414 x0_norm_min=-0.863 x0_norm_max=0.835
        [Pruned] Trial 17 at gen 15 (loss=0.9639)
    --> Trial 18 | pop=50 seed=43280 x0_norm_min=-0.933 x0_norm_max=0.907
        [Pruned] Trial 18 at gen 15 (loss=0.9465)
    --> Trial 19 | pop=55 seed=301 x0_norm_min=-0.948 x0_norm_max=0.822
        [Pruned] Trial 19 at gen 15 (loss=0.9460)

  Winner: Trial 14, loss=0.847097 (1338s)
    Restarts run: 20
    mu: 49.140488
    D_mu: 3.628198
    T0_mu: 1.500700
    Ly: 1.231654
    op_x: 0.619959
    op_y: 0.647822
    NMSE: 0.228168
  [Saved] random_IR_0040

============================================================
[41/50] random_IR_0041.npz
  GT loss: 1.184549
  terrain_mean=1.624516  early_threshold=1.188729  (alpha=0.0095)
    --> Trial 0 | pop=49 seed=37659 x0_norm_min=-0.944 x0_norm_max=0.730
        [Trial 0] gen   20  evals=  980  best=1.3054
        [Trial 0] gen   40  evals= 1960  best=1.2865
        [Trial 0] gen   60  evals= 2940  best=1.2716
        [Trial 0] gen   80  evals= 3920  best=1.2595
        [Trial 0] gen  100  evals= 4900  best=1.2595
        [Trial 0] gen  120  evals= 5880  best=1.2595
        [Trial 0] gen  140  evals= 6860  best=1.2519
        [Trial 0] gen  160  evals= 7840  best=1.2519
        [Trial 0] gen  180  evals= 8820  best=1.2519
        [Trial 0] gen  200  evals= 9800  best=1.2519
        [Trial 0] gen  220  evals=10780  best=1.2487
        [Trial 0] gen  240  evals=11760  best=1.2406
        [Trial 0] gen  260  evals=12740  best=1.2384
        [Trial 0] gen  280  evals=13720  best=1.2362
        [Trial 0] gen  300  evals=14700  best=1.2343
        [Trial 0] gen  320  evals=15680  best=1.2343
        [Trial 0] gen  340  evals=16660  best=1.2337
        [Trial 0] gen  360  evals=17640  best=1.2337
        [Trial 0] gen  380  evals=18620  best=1.2316
        [Trial 0] gen  400  evals=19600  best=1.2316
        [Trial 0] gen  420  evals=20580  best=1.2316
        [Trial 0] gen  440  evals=21560  best=1.2307
        [Trial 0] gen  460  evals=22540  best=1.2284
        [TRIAL TIMEOUT] Trial 0 total >600s, stopping
        [Done] Trial 0 best=1.2284
    --> Trial 1 | pop=51 seed=5045 x0_norm_min=-0.937 x0_norm_max=0.907
        [Trial 1] gen   20  evals= 1020  best=1.3052
        [Trial 1] gen   40  evals= 2040  best=1.2738
        [Trial 1] gen   60  evals= 3060  best=1.2738
        [Trial 1] gen   80  evals= 4080  best=1.2738
        [Trial 1] gen  100  evals= 5100  best=1.2738
        [Trial 1] gen  120  evals= 6120  best=1.2738
        [Pruned] Trial 1 at gen 135 (loss=1.2738)
    --> Trial 2 | pop=52 seed=25190 x0_norm_min=-0.344 x0_norm_max=0.824
        [Trial 2] gen   20  evals= 1040  best=1.2697
        [Trial 2] gen   40  evals= 2080  best=1.2697
        [Trial 2] gen   60  evals= 3120  best=1.2697
        [Trial 2] gen   80  evals= 4160  best=1.2697
        [Trial 2] gen  100  evals= 5200  best=1.2697
        [Trial 2] gen  120  evals= 6240  best=1.2662
        [Pruned] Trial 2 at gen 135 (loss=1.2662)
    --> Trial 3 | pop=36 seed=183 x0_norm_min=-0.797 x0_norm_max=0.622
        [Pruned] Trial 3 at gen 15 (loss=1.3082)
    --> Trial 4 | pop=35 seed=32369 x0_norm_min=-0.947 x0_norm_max=0.785
        [Pruned] Trial 4 at gen 15 (loss=1.3063)
    --> Trial 5 | pop=59 seed=4382 x0_norm_min=-0.748 x0_norm_max=0.981
        [Trial 5] gen   20  evals= 1180  best=1.2855
        [Trial 5] gen   40  evals= 2360  best=1.2776
        [Pruned] Trial 5 at gen 45 (loss=1.2720)
    --> Trial 6 | pop=43 seed=23021 x0_norm_min=-0.929 x0_norm_max=0.732
        [Pruned] Trial 6 at gen 15 (loss=1.3006)
    --> Trial 7 | pop=55 seed=65615 x0_norm_min=-0.779 x0_norm_max=0.922
        [Pruned] Trial 7 at gen 15 (loss=1.2899)
    --> Trial 8 | pop=53 seed=33656 x0_norm_min=-0.814 x0_norm_max=0.843
        [Pruned] Trial 8 at gen 15 (loss=1.2944)
    --> Trial 9 | pop=34 seed=43970 x0_norm_min=-0.955 x0_norm_max=0.770
        [Pruned] Trial 9 at gen 15 (loss=1.3113)
    --> Trial 10 | pop=43 seed=99550 x0_norm_min=-0.841 x0_norm_max=0.672
        [Pruned] Trial 10 at gen 15 (loss=1.3057)
    --> Trial 11 | pop=47 seed=59613 x0_norm_min=-0.781 x0_norm_max=0.859
        [Pruned] Trial 11 at gen 15 (loss=1.3056)
    --> Trial 12 | pop=45 seed=50812 x0_norm_min=-0.402 x0_norm_max=0.428
        [Trial 12] gen   20  evals=  900  best=1.2771
        [Trial 12] gen   40  evals= 1800  best=1.2712
        [Pruned] Trial 12 at gen 45 (loss=1.2712)
    --> Trial 13 | pop=49 seed=77339 x0_norm_min=-0.863 x0_norm_max=0.955
        [Pruned] Trial 13 at gen 15 (loss=1.3016)
    --> Trial 14 | pop=60 seed=17928 x0_norm_min=-0.897 x0_norm_max=-0.091
        [Trial 14] gen   20  evals= 1200  best=1.2920
        [Trial 14] gen   40  evals= 2400  best=1.2821
        [Pruned] Trial 14 at gen 45 (loss=1.2821)
    --> Trial 15 | pop=39 seed=22316 x0_norm_min=-0.690 x0_norm_max=0.990
        [Trial 15] gen   20  evals=  780  best=1.2849
        [Trial 15] gen   40  evals= 1560  best=1.2659
        [Trial 15] gen   60  evals= 2340  best=1.2659
        [Trial 15] gen   80  evals= 3120  best=1.2659
        [Trial 15] gen  100  evals= 3900  best=1.2659
        [Trial 15] gen  120  evals= 4680  best=1.2659
        [Pruned] Trial 15 at gen 135 (loss=1.2659)
    --> Trial 16 | pop=38 seed=43746 x0_norm_min=-0.776 x0_norm_max=0.982
        [Pruned] Trial 16 at gen 15 (loss=1.3125)
    --> Trial 17 | pop=38 seed=17774 x0_norm_min=-0.863 x0_norm_max=0.835
        [Pruned] Trial 17 at gen 15 (loss=1.3007)
    --> Trial 18 | pop=41 seed=76685 x0_norm_min=-0.933 x0_norm_max=0.907
        [Pruned] Trial 18 at gen 15 (loss=1.2928)
    --> Trial 19 | pop=31 seed=33355 x0_norm_min=-0.948 x0_norm_max=0.822
        [Pruned] Trial 19 at gen 15 (loss=1.3190)

  Winner: Trial 0, loss=1.228436 (1075s)
    Restarts run: 20
    mu: 26.122302
    D_mu: 3.934885
    T0_mu: 13.617241
    Ly: 3.994373
    op_x: 0.604720
    op_y: 0.519144
    NMSE: 0.264533
  [Saved] random_IR_0041

============================================================
[42/50] random_IR_0042.npz
  GT loss: 0.933997
  terrain_mean=1.413636  early_threshold=0.938553  (alpha=0.0095)
    --> Trial 0 | pop=51 seed=63537 x0_norm_min=-0.944 x0_norm_max=0.730
        [Trial 0] gen   20  evals= 1020  best=0.9531
        [Trial 0] gen   40  evals= 2040  best=0.9381
        [Trial 0] gen   60  evals= 3060  best=0.9255
        [Trial 0] gen   80  evals= 4080  best=0.9255
        [Trial 0] gen  100  evals= 5100  best=0.9255
        [Trial 0] gen  120  evals= 6120  best=0.9255
        [Trial 0] gen  140  evals= 7140  best=0.9254
        [Trial 0] gen  160  evals= 8160  best=0.9194
        [Trial 0] gen  180  evals= 9180  best=0.9061
        [Trial 0] gen  200  evals=10200  best=0.9008
        [Trial 0] gen  220  evals=11220  best=0.8894
        [Trial 0] gen  240  evals=12240  best=0.8889
        [Trial 0] gen  260  evals=13260  best=0.8855
        [Trial 0] gen  280  evals=14280  best=0.8850
        [Trial 0] gen  300  evals=15300  best=0.8813
        [Trial 0] gen  320  evals=16320  best=0.8810
        [Trial 0] gen  340  evals=17340  best=0.8789
        [Trial 0] gen  360  evals=18360  best=0.8789
        [Trial 0] gen  380  evals=19380  best=0.8786
        [Trial 0] gen  400  evals=20400  best=0.8775
        [Trial 0] gen  420  evals=21420  best=0.8775
        [Trial 0] gen  440  evals=22440  best=0.8766
        [Trial 0] gen  460  evals=23460  best=0.8766
        [TRIAL TIMEOUT] Trial 0 total >600s, stopping
        [Done] Trial 0 best=0.8766
    --> Early stop triggered: trial 0 reached loss=0.876650 < 0.938553

  Winner: Trial 0, loss=0.876650 (601s)
    Restarts run: 1
    mu: 18.667175
    D_mu: 4.371600
    T0_mu: 34.073571
    Ly: 3.997443
    op_x: 0.561007
    op_y: 0.510186
    NMSE: 0.138612
  [Saved] random_IR_0042

============================================================
[43/50] random_IR_0043.npz
  GT loss: 1.319193
  terrain_mean=1.657015  early_threshold=1.322402  (alpha=0.0095)
    --> Trial 0 | pop=38 seed=61441 x0_norm_min=-0.944 x0_norm_max=0.730
        [Trial 0] gen   20  evals=  760  best=1.2611
        [Trial 0] gen   40  evals= 1520  best=1.2506
        [Trial 0] gen   60  evals= 2280  best=1.2506
        [Trial 0] gen   80  evals= 3040  best=1.2230
        [Trial 0] gen  100  evals= 3800  best=1.2230
        [Trial 0] gen  120  evals= 4560  best=1.2230
        [Trial 0] gen  140  evals= 5320  best=1.2230
        [Trial 0] gen  160  evals= 6080  best=1.2230
        [Trial 0] gen  180  evals= 6840  best=1.2230
        [Trial 0] gen  200  evals= 7600  best=1.2230
        [Trial 0] gen  220  evals= 8360  best=1.2230
        [Trial 0] gen  240  evals= 9120  best=1.2230
        [Trial 0] gen  260  evals= 9880  best=1.2230
        [Trial 0] gen  280  evals=10640  best=1.2204
        [Trial 0] gen  300  evals=11400  best=1.2080
        [Trial 0] gen  320  evals=12160  best=1.1902
        [Trial 0] gen  340  evals=12920  best=1.1854
        [Trial 0] gen  360  evals=13680  best=1.1822
        [Trial 0] gen  380  evals=14440  best=1.1808
        [Trial 0] gen  400  evals=15200  best=1.1789
        [Trial 0] gen  420  evals=15960  best=1.1789
        [Trial 0] gen  440  evals=16720  best=1.1789
        [Trial 0] gen  460  evals=17480  best=1.1789
NOTE (module=cma, iteration=460):  
condition in coordinate system exceeded 1.0e+08, rescaled to 1.0e+00, 
condition changed from 1.0e+10 to 1.3e+09
        [Trial 0] gen  480  evals=18240  best=1.1789
        [Trial 0] gen  500  evals=19000  best=1.1789
        [Trial 0] gen  520  evals=19760  best=1.1788
        [Trial 0] gen  540  evals=20520  best=1.1788
        [Trial 0] gen  560  evals=21280  best=1.1788
        [Trial 0] gen  580  evals=22040  best=1.1788
        [Trial 0] gen  600  evals=22800  best=1.1788
        [Trial 0] gen  620  evals=23560  best=1.1788
        [Trial 0] gen  640  evals=24320  best=1.1788
        [Trial 0] gen  660  evals=25080  best=1.1788
        [Trial 0] gen  680  evals=25840  best=1.1788
        [Done] Trial 0 best=1.1788
    --> Early stop triggered: trial 0 reached loss=1.178813 < 1.322402

  Winner: Trial 0, loss=1.178813 (136s)
    Restarts run: 1
    mu: 6.548672
    D_mu: 21.578077
    T0_mu: 80.414592
    Ly: 1.488554
    op_x: 0.758247
    op_y: 0.678018
    NMSE: 0.131183
  [Saved] random_IR_0043

============================================================
[44/50] random_IR_0044.npz
  GT loss: 0.701766
  terrain_mean=1.489412  early_threshold=0.709249  (alpha=0.0095)
    --> Trial 0 | pop=52 seed=94511 x0_norm_min=-0.944 x0_norm_max=0.730
        [Trial 0] gen   20  evals= 1040  best=0.9091
        [Trial 0] gen   40  evals= 2080  best=0.8783
        [Trial 0] gen   60  evals= 3120  best=0.8783
        [Trial 0] gen   80  evals= 4160  best=0.8511
        [Trial 0] gen  100  evals= 5200  best=0.8419
        [Trial 0] gen  120  evals= 6240  best=0.8307
        [Trial 0] gen  140  evals= 7280  best=0.8292
        [Trial 0] gen  160  evals= 8320  best=0.8258
        [Trial 0] gen  180  evals= 9360  best=0.8234
        [Trial 0] gen  200  evals=10400  best=0.8187
        [Trial 0] gen  220  evals=11440  best=0.8187
        [Trial 0] gen  240  evals=12480  best=0.8187
        [Trial 0] gen  260  evals=13520  best=0.8187
        [Trial 0] gen  280  evals=14560  best=0.8162
        [Trial 0] gen  300  evals=15600  best=0.8156
        [Trial 0] gen  320  evals=16640  best=0.8156
        [Trial 0] gen  340  evals=17680  best=0.8155
        [Trial 0] gen  360  evals=18720  best=0.8152
        [Trial 0] gen  380  evals=19760  best=0.8152
        [Trial 0] gen  400  evals=20800  best=0.8146
        [Trial 0] gen  420  evals=21840  best=0.8146
        [Trial 0] gen  440  evals=22880  best=0.8146
        [Trial 0] gen  460  evals=23920  best=0.8146
        [Trial 0] gen  480  evals=24960  best=0.8145
        [Trial 0] gen  500  evals=26000  best=0.8145
        [Done] Trial 0 best=0.8145
    --> Trial 1 | pop=31 seed=24810 x0_norm_min=-0.937 x0_norm_max=0.907
        [Pruned] Trial 1 at gen 15 (loss=0.9614)
    --> Trial 2 | pop=56 seed=83481 x0_norm_min=-0.344 x0_norm_max=0.824
        [Pruned] Trial 2 at gen 15 (loss=0.9835)
    --> Trial 3 | pop=46 seed=38761 x0_norm_min=-0.797 x0_norm_max=0.622
        [Trial 3] gen   20  evals=  920  best=0.8851
        [Trial 3] gen   40  evals= 1840  best=0.8597
        [Trial 3] gen   60  evals= 2760  best=0.8597
        [Trial 3] gen   80  evals= 3680  best=0.8597
        [Trial 3] gen  100  evals= 4600  best=0.8430
        [Trial 3] gen  120  evals= 5520  best=0.8430
        [Pruned] Trial 3 at gen 135 (loss=0.8430)
    --> Trial 4 | pop=60 seed=16212 x0_norm_min=-0.947 x0_norm_max=0.785
        [Pruned] Trial 4 at gen 15 (loss=0.9230)
    --> Trial 5 | pop=42 seed=55451 x0_norm_min=-0.748 x0_norm_max=0.981
        [Trial 5] gen   20  evals=  840  best=0.8881
        [Trial 5] gen   40  evals= 1680  best=0.8590
        [Trial 5] gen   60  evals= 2520  best=0.8590
        [Trial 5] gen   80  evals= 3360  best=0.8590
        [Trial 5] gen  100  evals= 4200  best=0.8590
        [Trial 5] gen  120  evals= 5040  best=0.8590
        [Pruned] Trial 5 at gen 135 (loss=0.8552)
    --> Trial 6 | pop=31 seed=87828 x0_norm_min=-0.929 x0_norm_max=0.732
        [Pruned] Trial 6 at gen 15 (loss=0.8991)
    --> Trial 7 | pop=52 seed=39008 x0_norm_min=-0.779 x0_norm_max=0.922
        [Pruned] Trial 7 at gen 15 (loss=0.9043)
    --> Trial 8 | pop=38 seed=76303 x0_norm_min=-0.814 x0_norm_max=0.843
        [Pruned] Trial 8 at gen 15 (loss=0.9279)
    --> Trial 9 | pop=45 seed=44024 x0_norm_min=-0.955 x0_norm_max=0.770
        [Trial 9] gen   20  evals=  900  best=0.8741
        [Trial 9] gen   40  evals= 1800  best=0.8741
        [Pruned] Trial 9 at gen 45 (loss=0.8741)
    --> Trial 10 | pop=52 seed=1118 x0_norm_min=-0.841 x0_norm_max=0.672
        [Pruned] Trial 10 at gen 15 (loss=0.9125)
    --> Trial 11 | pop=48 seed=60397 x0_norm_min=-0.781 x0_norm_max=0.859
        [Pruned] Trial 11 at gen 15 (loss=0.9401)
    --> Trial 12 | pop=50 seed=94295 x0_norm_min=-0.402 x0_norm_max=0.428
        [Trial 12] gen   20  evals= 1000  best=0.8953
        [Trial 12] gen   40  evals= 2000  best=0.8700
        [Pruned] Trial 12 at gen 45 (loss=0.8700)
    --> Trial 13 | pop=40 seed=69644 x0_norm_min=-0.863 x0_norm_max=0.955
        [Pruned] Trial 13 at gen 15 (loss=0.9303)
    --> Trial 14 | pop=46 seed=26436 x0_norm_min=-0.897 x0_norm_max=-0.091
        [Pruned] Trial 14 at gen 15 (loss=0.9037)
    --> Trial 15 | pop=55 seed=3674 x0_norm_min=-0.690 x0_norm_max=0.990
        [Pruned] Trial 15 at gen 15 (loss=0.9294)
    --> Trial 16 | pop=37 seed=45430 x0_norm_min=-0.776 x0_norm_max=0.982
        [Trial 16] gen   20  evals=  740  best=0.8615
        [Trial 16] gen   40  evals= 1480  best=0.8615
        [Pruned] Trial 16 at gen 45 (loss=0.8615)
    --> Trial 17 | pop=57 seed=64249 x0_norm_min=-0.863 x0_norm_max=0.835
        [Pruned] Trial 17 at gen 15 (loss=0.9282)
    --> Trial 18 | pop=44 seed=33835 x0_norm_min=-0.933 x0_norm_max=0.907
        [Pruned] Trial 18 at gen 15 (loss=0.9138)
    --> Trial 19 | pop=49 seed=52145 x0_norm_min=-0.948 x0_norm_max=0.822
        [Pruned] Trial 19 at gen 15 (loss=0.9363)

  Winner: Trial 0, loss=0.814519 (1002s)
    Restarts run: 20
    mu: 15.887680
    D_mu: 1.162394
    T0_mu: 2.417291
    Ly: 1.102020
    op_x: 0.548390
    op_y: 0.510024
    NMSE: 0.101605
  [Saved] random_IR_0044

============================================================
[45/50] random_IR_0045.npz
  GT loss: 0.810032
  terrain_mean=1.337379  early_threshold=0.815042  (alpha=0.0095)
    --> Trial 0 | pop=47 seed=8067 x0_norm_min=-0.944 x0_norm_max=0.730
        [Trial 0] gen   20  evals=  940  best=0.9073
        [Trial 0] gen   40  evals= 1880  best=0.9038
        [Trial 0] gen   60  evals= 2820  best=0.8876
        [Trial 0] gen   80  evals= 3760  best=0.8876
        [Trial 0] gen  100  evals= 4700  best=0.8876
        [Trial 0] gen  120  evals= 5640  best=0.8830
        [Trial 0] gen  140  evals= 6580  best=0.8701
        [Trial 0] gen  160  evals= 7520  best=0.8697
        [Trial 0] gen  180  evals= 8460  best=0.8697
        [Trial 0] gen  200  evals= 9400  best=0.8680
        [Trial 0] gen  220  evals=10340  best=0.8623
        [Trial 0] gen  240  evals=11280  best=0.8548
        [Trial 0] gen  260  evals=12220  best=0.8526
        [Trial 0] gen  280  evals=13160  best=0.8523
        [Trial 0] gen  300  evals=14100  best=0.8516
        [Trial 0] gen  320  evals=15040  best=0.8482
        [TRIAL TIMEOUT] Trial 0 total >600s, stopping
        [Done] Trial 0 best=0.8482
    --> Trial 1 | pop=35 seed=8930 x0_norm_min=-0.937 x0_norm_max=0.907
        [Trial 1] gen   20  evals=  700  best=0.8974
        [Trial 1] gen   40  evals= 1400  best=0.8907
        [Trial 1] gen   60  evals= 2100  best=0.8685
        [Trial 1] gen   80  evals= 2800  best=0.8571
        [Trial 1] gen  100  evals= 3500  best=0.8571
        [Trial 1] gen  120  evals= 4200  best=0.8571
        [Trial 1] gen  140  evals= 4900  best=0.8534
        [Trial 1] gen  160  evals= 5600  best=0.8458
        [Trial 1] gen  180  evals= 6300  best=0.8383
        [Trial 1] gen  200  evals= 7000  best=0.8299
        [Trial 1] gen  220  evals= 7700  best=0.8276
        [Trial 1] gen  240  evals= 8400  best=0.8235
        [Trial 1] gen  260  evals= 9100  best=0.8222
        [Trial 1] gen  280  evals= 9800  best=0.8214
        [Trial 1] gen  300  evals=10500  best=0.8194
        [Trial 1] gen  320  evals=11200  best=0.8187
        [Trial 1] gen  340  evals=11900  best=0.8178
        [Trial 1] gen  360  evals=12600  best=0.8178
        [Trial 1] gen  380  evals=13300  best=0.8161
        [Trial 1] gen  400  evals=14000  best=0.8161
        [Trial 1] gen  420  evals=14700  best=0.8155
        [Trial 1] gen  440  evals=15400  best=0.8155
        [Trial 1] gen  460  evals=16100  best=0.8155
        [Done] Trial 1 best=0.8155
    --> Trial 2 | pop=44 seed=34387 x0_norm_min=-0.344 x0_norm_max=0.824
        [Trial 2] gen   20  evals=  880  best=0.8995
        [Trial 2] gen   40  evals= 1760  best=0.8794
        [Trial 2] gen   60  evals= 2640  best=0.8794
        [Trial 2] gen   80  evals= 3520  best=0.8794
        [Trial 2] gen  100  evals= 4400  best=0.8687
        [Trial 2] gen  120  evals= 5280  best=0.8687
        [Pruned] Trial 2 at gen 135 (loss=0.8687)
    --> Trial 3 | pop=48 seed=35902 x0_norm_min=-0.797 x0_norm_max=0.622
        [Trial 3] gen   20  evals=  960  best=0.9000
        [Trial 3] gen   40  evals= 1920  best=0.8924
        [Pruned] Trial 3 at gen 45 (loss=0.8924)
    --> Trial 4 | pop=35 seed=95848 x0_norm_min=-0.947 x0_norm_max=0.785
        [Pruned] Trial 4 at gen 15 (loss=0.9072)
    --> Trial 5 | pop=59 seed=32445 x0_norm_min=-0.748 x0_norm_max=0.981
        [Trial 5] gen   20  evals= 1180  best=0.9014
        [Trial 5] gen   40  evals= 2360  best=0.8870
        [Pruned] Trial 5 at gen 45 (loss=0.8870)
    --> Trial 6 | pop=38 seed=47606 x0_norm_min=-0.929 x0_norm_max=0.732
        [Pruned] Trial 6 at gen 15 (loss=0.9043)
    --> Trial 7 | pop=49 seed=16875 x0_norm_min=-0.779 x0_norm_max=0.922
        [Trial 7] gen   20  evals=  980  best=0.9011
        [Trial 7] gen   40  evals= 1960  best=0.9002
        [Pruned] Trial 7 at gen 45 (loss=0.8969)
    --> Trial 8 | pop=32 seed=52586 x0_norm_min=-0.814 x0_norm_max=0.843
        [Pruned] Trial 8 at gen 15 (loss=0.9082)
    --> Trial 9 | pop=58 seed=2871 x0_norm_min=-0.955 x0_norm_max=0.770
        [Trial 9] gen   20  evals= 1160  best=0.8881
        [Trial 9] gen   40  evals= 2320  best=0.8881
        [Pruned] Trial 9 at gen 45 (loss=0.8881)
    --> Trial 10 | pop=40 seed=84285 x0_norm_min=-0.841 x0_norm_max=0.672
        [Trial 10] gen   20  evals=  800  best=0.8971
        [Trial 10] gen   40  evals= 1600  best=0.8894
        [Trial 10] gen   60  evals= 2400  best=0.8675
        [Trial 10] gen   80  evals= 3200  best=0.8675
        [Trial 10] gen  100  evals= 4000  best=0.8675
        [Trial 10] gen  120  evals= 4800  best=0.8675
        [Pruned] Trial 10 at gen 135 (loss=0.8675)
    --> Trial 11 | pop=52 seed=4743 x0_norm_min=-0.781 x0_norm_max=0.859
        [Trial 11] gen   20  evals= 1040  best=0.8660
        [Trial 11] gen   40  evals= 2080  best=0.8660
        [Trial 11] gen   60  evals= 3120  best=0.8589
        [Trial 11] gen   80  evals= 4160  best=0.8521
        [Trial 11] gen  100  evals= 5200  best=0.8519
        [Trial 11] gen  120  evals= 6240  best=0.8444
        [Trial 11] gen  140  evals= 7280  best=0.8420
        [Trial 11] gen  160  evals= 8320  best=0.8339
        [Trial 11] gen  180  evals= 9360  best=0.8272
        [Trial 11] gen  200  evals=10400  best=0.8225
        [Trial 11] gen  220  evals=11440  best=0.8200
        [Trial 11] gen  240  evals=12480  best=0.8192
        [Trial 11] gen  260  evals=13520  best=0.8188
        [Trial 11] gen  280  evals=14560  best=0.8179
        [Trial 11] gen  300  evals=15600  best=0.8179
        [Trial 11] gen  320  evals=16640  best=0.8172
        [Trial 11] gen  340  evals=17680  best=0.8160
        [Trial 11] gen  360  evals=18720  best=0.8160
        [Trial 11] gen  380  evals=19760  best=0.8160
        [Trial 11] gen  400  evals=20800  best=0.8160
        [Trial 11] gen  420  evals=21840  best=0.8160
        [Trial 11] gen  440  evals=22880  best=0.8160
        [Trial 11] gen  460  evals=23920  best=0.8148
        [Trial 11] gen  480  evals=24960  best=0.8148
        [Done] Trial 11 best=0.8148
    --> Early stop triggered: trial 11 reached loss=0.814834 < 0.815042

  Winner: Trial 11, loss=0.814834 (1978s)
    Restarts run: 12
    mu: 26.352596
    D_mu: 2.503783
    T0_mu: 18.692644
    Ly: 1.724379
    op_x: 0.611611
    op_y: 0.772674
    NMSE: 0.070522
  [Saved] random_IR_0045

============================================================
[46/50] random_IR_0046.npz
  GT loss: 0.673852
  terrain_mean=1.668732  early_threshold=0.683303  (alpha=0.0095)
    --> Trial 0 | pop=48 seed=97616 x0_norm_min=-0.944 x0_norm_max=0.730
        [Trial 0] gen   20  evals=  960  best=0.9351
        [Trial 0] gen   40  evals= 1920  best=0.8964
        [Trial 0] gen   60  evals= 2880  best=0.8730
        [Trial 0] gen   80  evals= 3840  best=0.8576
        [Trial 0] gen  100  evals= 4800  best=0.8449
        [Trial 0] gen  120  evals= 5760  best=0.8449
        [Trial 0] gen  140  evals= 6720  best=0.8439
        [Trial 0] gen  160  evals= 7680  best=0.8413
        [Trial 0] gen  180  evals= 8640  best=0.8386
        [TRIAL TIMEOUT] Trial 0 total >600s, stopping
        [Done] Trial 0 best=0.8374
    --> Trial 1 | pop=32 seed=33472 x0_norm_min=-0.937 x0_norm_max=0.907
        [Trial 1] gen   20  evals=  640  best=0.9175
        [Trial 1] gen   40  evals= 1280  best=0.8675
        [Trial 1] gen   60  evals= 1920  best=0.8675
        [Trial 1] gen   80  evals= 2560  best=0.8601
        [Trial 1] gen  100  evals= 3200  best=0.8601
        [Trial 1] gen  120  evals= 3840  best=0.8591
        [Pruned] Trial 1 at gen 135 (loss=0.8591)
    --> Trial 2 | pop=54 seed=39180 x0_norm_min=-0.344 x0_norm_max=0.824
        [Pruned] Trial 2 at gen 15 (loss=0.9708)
    --> Trial 3 | pop=37 seed=95875 x0_norm_min=-0.797 x0_norm_max=0.622
        [Trial 3] gen   20  evals=  740  best=0.8988
        [Trial 3] gen   40  evals= 1480  best=0.8599
        [Trial 3] gen   60  evals= 2220  best=0.8599
        [Trial 3] gen   80  evals= 2960  best=0.8599
        [Trial 3] gen  100  evals= 3700  best=0.8554
        [Trial 3] gen  120  evals= 4440  best=0.8471
        [Trial 3] gen  140  evals= 5180  best=0.8410
        [Trial 3] gen  160  evals= 5920  best=0.8327
        [Trial 3] gen  180  evals= 6660  best=0.8303
        [Trial 3] gen  200  evals= 7400  best=0.8280
        [Trial 3] gen  220  evals= 8140  best=0.8256
        [Trial 3] gen  240  evals= 8880  best=0.8249
        [TRIAL TIMEOUT] Trial 3 total >600s, stopping
        [Done] Trial 3 best=0.8233
    --> Trial 4 | pop=58 seed=62141 x0_norm_min=-0.947 x0_norm_max=0.785
        [Pruned] Trial 4 at gen 15 (loss=0.9679)
    --> Trial 5 | pop=57 seed=63951 x0_norm_min=-0.748 x0_norm_max=0.981
        [Trial 5] gen   20  evals= 1140  best=0.9211
        [Trial 5] gen   40  evals= 2280  best=0.8841
        [Pruned] Trial 5 at gen 45 (loss=0.8841)
    --> Trial 6 | pop=41 seed=43578 x0_norm_min=-0.929 x0_norm_max=0.732
        [Pruned] Trial 6 at gen 15 (loss=0.9420)
    --> Trial 7 | pop=50 seed=97686 x0_norm_min=-0.779 x0_norm_max=0.922
        [Pruned] Trial 7 at gen 15 (loss=0.9690)
    --> Trial 8 | pop=31 seed=47283 x0_norm_min=-0.814 x0_norm_max=0.843
        [Pruned] Trial 8 at gen 15 (loss=0.9808)
    --> Trial 9 | pop=36 seed=47248 x0_norm_min=-0.955 x0_norm_max=0.770
        [Pruned] Trial 9 at gen 15 (loss=0.9751)
    --> Trial 10 | pop=44 seed=77009 x0_norm_min=-0.841 x0_norm_max=0.672
        [Pruned] Trial 10 at gen 15 (loss=0.9703)
    --> Trial 11 | pop=46 seed=99760 x0_norm_min=-0.781 x0_norm_max=0.859
        [Trial 11] gen   20  evals=  920  best=0.9192
        [Trial 11] gen   40  evals= 1840  best=0.9192
        [Pruned] Trial 11 at gen 45 (loss=0.8868)
    --> Trial 12 | pop=40 seed=83872 x0_norm_min=-0.402 x0_norm_max=0.428
        [Trial 12] gen   20  evals=  800  best=0.9124
        [Trial 12] gen   40  evals= 1600  best=0.8852
        [Pruned] Trial 12 at gen 45 (loss=0.8852)
    --> Trial 13 | pop=50 seed=1088 x0_norm_min=-0.863 x0_norm_max=0.955
        [Pruned] Trial 13 at gen 15 (loss=0.9555)
    --> Trial 14 | pop=36 seed=84790 x0_norm_min=-0.897 x0_norm_max=-0.091
        [Trial 14] gen   20  evals=  720  best=0.9009
        [Trial 14] gen   40  evals= 1440  best=0.8918
        [Pruned] Trial 14 at gen 45 (loss=0.8913)
    --> Trial 15 | pop=49 seed=89847 x0_norm_min=-0.690 x0_norm_max=0.990
        [Pruned] Trial 15 at gen 15 (loss=0.9236)
    --> Trial 16 | pop=37 seed=72563 x0_norm_min=-0.776 x0_norm_max=0.982
        [Pruned] Trial 16 at gen 15 (loss=0.9328)
    --> Trial 17 | pop=54 seed=92999 x0_norm_min=-0.863 x0_norm_max=0.835
        [Pruned] Trial 17 at gen 15 (loss=0.9471)
    --> Trial 18 | pop=45 seed=72929 x0_norm_min=-0.933 x0_norm_max=0.907
        [Pruned] Trial 18 at gen 15 (loss=0.9660)
    --> Trial 19 | pop=41 seed=1615 x0_norm_min=-0.948 x0_norm_max=0.822
        [Trial 19] gen   20  evals=  820  best=0.9226
        [Trial 19] gen   40  evals= 1640  best=0.9024
        [Pruned] Trial 19 at gen 45 (loss=0.8865)

  Winner: Trial 3, loss=0.823260 (1970s)
    Restarts run: 20
    mu: 15.829714
    D_mu: 0.496356
    T0_mu: 3.322516
    Ly: 3.672940
    op_x: 0.691684
    op_y: 0.582190
    NMSE: 0.088573
  [Saved] random_IR_0046

============================================================
[47/50] random_IR_0047.npz
  GT loss: 0.735647
  terrain_mean=1.412860  early_threshold=0.742081  (alpha=0.0095)
    --> Trial 0 | pop=42 seed=31280 x0_norm_min=-0.944 x0_norm_max=0.730
        [Trial 0] gen   20  evals=  840  best=0.9232
        [Trial 0] gen   40  evals= 1680  best=0.8983
        [Trial 0] gen   60  evals= 2520  best=0.8983
        [Trial 0] gen   80  evals= 3360  best=0.8983
        [Trial 0] gen  100  evals= 4200  best=0.8983
        [Trial 0] gen  120  evals= 5040  best=0.8983
        [Trial 0] gen  140  evals= 5880  best=0.8970
        [Trial 0] gen  160  evals= 6720  best=0.8914
        [Trial 0] gen  180  evals= 7560  best=0.8847
        [Trial 0] gen  200  evals= 8400  best=0.8761
        [Trial 0] gen  220  evals= 9240  best=0.8761
        [Trial 0] gen  240  evals=10080  best=0.8757
        [Trial 0] gen  260  evals=10920  best=0.8697
        [Trial 0] gen  280  evals=11760  best=0.8674
        [Trial 0] gen  300  evals=12600  best=0.8672
        [Trial 0] gen  320  evals=13440  best=0.8655
        [Trial 0] gen  340  evals=14280  best=0.8652
        [Trial 0] gen  360  evals=15120  best=0.8632
        [Trial 0] gen  380  evals=15960  best=0.8604
        [Trial 0] gen  400  evals=16800  best=0.8596
        [Trial 0] gen  420  evals=17640  best=0.8584
        [Trial 0] gen  440  evals=18480  best=0.8583
        [Trial 0] gen  460  evals=19320  best=0.8583
        [Trial 0] gen  480  evals=20160  best=0.8582
        [Trial 0] gen  500  evals=21000  best=0.8571
        [Trial 0] gen  520  evals=21840  best=0.8571
        [Trial 0] gen  540  evals=22680  best=0.8571
        [Trial 0] gen  560  evals=23520  best=0.8568
        [Trial 0] gen  580  evals=24360  best=0.8568
        [TRIAL TIMEOUT] Trial 0 total >600s, stopping
        [Done] Trial 0 best=0.8568
    --> Trial 1 | pop=45 seed=12729 x0_norm_min=-0.937 x0_norm_max=0.907
        [Pruned] Trial 1 at gen 15 (loss=0.9276)
    --> Trial 2 | pop=35 seed=98972 x0_norm_min=-0.344 x0_norm_max=0.824
        [Pruned] Trial 2 at gen 15 (loss=0.9318)
    --> Trial 3 | pop=57 seed=14594 x0_norm_min=-0.797 x0_norm_max=0.622
        [Trial 3] gen   20  evals= 1140  best=0.9170
        [Trial 3] gen   40  evals= 2280  best=0.8978
        [Trial 3] gen   60  evals= 3420  best=0.8917
        [Trial 3] gen   80  evals= 4560  best=0.8917
        [Trial 3] gen  100  evals= 5700  best=0.8775
        [Trial 3] gen  120  evals= 6840  best=0.8775
        [Trial 3] gen  140  evals= 7980  best=0.8775
        [Trial 3] gen  160  evals= 9120  best=0.8670
        [Trial 3] gen  180  evals=10260  best=0.8659
        [Trial 3] gen  200  evals=11400  best=0.8619
        [Trial 3] gen  220  evals=12540  best=0.8599
        [Trial 3] gen  240  evals=13680  best=0.8571
        [Trial 3] gen  260  evals=14820  best=0.8538
        [Trial 3] gen  280  evals=15960  best=0.8538
        [Trial 3] gen  300  evals=17100  best=0.8530
        [Trial 3] gen  320  evals=18240  best=0.8495
        [Trial 3] gen  340  evals=19380  best=0.8487
        [Trial 3] gen  360  evals=20520  best=0.8473
        [Trial 3] gen  380  evals=21660  best=0.8473
        [Trial 3] gen  400  evals=22800  best=0.8468
        [Trial 3] gen  420  evals=23940  best=0.8457
        [Trial 3] gen  440  evals=25080  best=0.8457
        [Trial 3] gen  460  evals=26220  best=0.8457
        [Trial 3] gen  480  evals=27360  best=0.8457
        [Trial 3] gen  500  evals=28500  best=0.8457
        [Done] Trial 3 best=0.8457
    --> Trial 4 | pop=40 seed=10678 x0_norm_min=-0.947 x0_norm_max=0.785
        [Trial 4] gen   20  evals=  800  best=0.9182
        [Trial 4] gen   40  evals= 1600  best=0.9182
        [Pruned] Trial 4 at gen 45 (loss=0.9182)
    --> Trial 5 | pop=60 seed=66914 x0_norm_min=-0.748 x0_norm_max=0.981
        [Pruned] Trial 5 at gen 15 (loss=0.9405)
    --> Trial 6 | pop=38 seed=81909 x0_norm_min=-0.929 x0_norm_max=0.732
        [Pruned] Trial 6 at gen 15 (loss=0.9493)
    --> Trial 7 | pop=51 seed=52566 x0_norm_min=-0.779 x0_norm_max=0.922
        [Pruned] Trial 7 at gen 15 (loss=0.9217)
    --> Trial 8 | pop=35 seed=10964 x0_norm_min=-0.814 x0_norm_max=0.843
        [Pruned] Trial 8 at gen 15 (loss=0.9373)
    --> Trial 9 | pop=53 seed=78113 x0_norm_min=-0.955 x0_norm_max=0.770
        [Pruned] Trial 9 at gen 15 (loss=0.9403)
    --> Trial 10 | pop=31 seed=43695 x0_norm_min=-0.841 x0_norm_max=0.672
        [Pruned] Trial 10 at gen 15 (loss=0.9431)
    --> Trial 11 | pop=60 seed=31144 x0_norm_min=-0.781 x0_norm_max=0.859
        [Trial 11] gen   20  evals= 1200  best=0.9176
        [Trial 11] gen   40  evals= 2400  best=0.8936
        [Trial 11] gen   60  evals= 3600  best=0.8936
        [Trial 11] gen   80  evals= 4800  best=0.8787
        [Trial 11] gen  100  evals= 6000  best=0.8787
        [Trial 11] gen  120  evals= 7200  best=0.8677
        [Trial 11] gen  140  evals= 8400  best=0.8561
        [Trial 11] gen  160  evals= 9600  best=0.8476
        [Trial 11] gen  180  evals=10800  best=0.8389
        [Trial 11] gen  200  evals=12000  best=0.8360
        [Trial 11] gen  220  evals=13200  best=0.8333
        [Trial 11] gen  240  evals=14400  best=0.8333
        [Trial 11] gen  260  evals=15600  best=0.8311
        [Trial 11] gen  280  evals=16800  best=0.8311
        [Trial 11] gen  300  evals=18000  best=0.8307
NOTE (module=cma, iteration=310):  
condition in coordinate system exceeded 1.3e+08, rescaled to 1.0e+00, 
condition changed from 4.8e+09 to 2.5e+09
        [Trial 11] gen  320  evals=19200  best=0.8295
        [Trial 11] gen  340  evals=20400  best=0.8295
        [Trial 11] gen  360  evals=21600  best=0.8295
        [Trial 11] gen  380  evals=22800  best=0.8283
        [Trial 11] gen  400  evals=24000  best=0.8274
        [Trial 11] gen  420  evals=25200  best=0.8274
        [Trial 11] gen  440  evals=26400  best=0.8274
        [Trial 11] gen  460  evals=27600  best=0.8274
        [Trial 11] gen  480  evals=28800  best=0.8274
        [Trial 11] gen  500  evals=30000  best=0.8274
        [Done] Trial 11 best=0.8274
    --> Trial 12 | pop=60 seed=29644 x0_norm_min=-0.402 x0_norm_max=0.428
        [Pruned] Trial 12 at gen 15 (loss=0.9344)
    --> Trial 13 | pop=54 seed=28126 x0_norm_min=-0.863 x0_norm_max=0.955
        [Pruned] Trial 13 at gen 15 (loss=0.9242)
    --> Trial 14 | pop=56 seed=38 x0_norm_min=-0.897 x0_norm_max=-0.091
        [Pruned] Trial 14 at gen 15 (loss=0.9284)
    --> Trial 15 | pop=48 seed=47815 x0_norm_min=-0.690 x0_norm_max=0.990
        [Pruned] Trial 15 at gen 15 (loss=0.9330)
    --> Trial 16 | pop=58 seed=21991 x0_norm_min=-0.776 x0_norm_max=0.982
        [Trial 16] gen   20  evals= 1160  best=0.9184
        [Trial 16] gen   40  evals= 2320  best=0.9017
        [Pruned] Trial 16 at gen 45 (loss=0.9017)
    --> Trial 17 | pop=56 seed=39526 x0_norm_min=-0.863 x0_norm_max=0.835
        [Trial 17] gen   20  evals= 1120  best=0.9098
        [Trial 17] gen   40  evals= 2240  best=0.8725
        [Trial 17] gen   60  evals= 3360  best=0.8725
        [Trial 17] gen   80  evals= 4480  best=0.8603
        [Trial 17] gen  100  evals= 5600  best=0.8603
        [Trial 17] gen  120  evals= 6720  best=0.8603
        [Pruned] Trial 17 at gen 135 (loss=0.8603)
    --> Trial 18 | pop=50 seed=57267 x0_norm_min=-0.933 x0_norm_max=0.907
        [Trial 18] gen   20  evals= 1000  best=0.8963
        [Trial 18] gen   40  evals= 2000  best=0.8963
        [Trial 18] gen   60  evals= 3000  best=0.8894
        [Trial 18] gen   80  evals= 4000  best=0.8791
        [Trial 18] gen  100  evals= 5000  best=0.8597
        [Trial 18] gen  120  evals= 6000  best=0.8395
        [Trial 18] gen  140  evals= 7000  best=0.8395
        [Trial 18] gen  160  evals= 8000  best=0.8187
        [Trial 18] gen  180  evals= 9000  best=0.8187
        [Trial 18] gen  200  evals=10000  best=0.8165
        [Trial 18] gen  220  evals=11000  best=0.7999
        [Trial 18] gen  240  evals=12000  best=0.7927
        [Trial 18] gen  260  evals=13000  best=0.7890
        [Trial 18] gen  280  evals=14000  best=0.7865
        [Trial 18] gen  300  evals=15000  best=0.7830
NOTE (module=cma, iteration=307):  
condition in coordinate system exceeded 1.2e+08, rescaled to 1.0e+00, 
condition changed from 1.6e+08 to 1.3e+07
        [Trial 18] gen  320  evals=16000  best=0.7830
        [Trial 18] gen  340  evals=17000  best=0.7819
        [Trial 18] gen  360  evals=18000  best=0.7819
        [Trial 18] gen  380  evals=19000  best=0.7808
        [Trial 18] gen  400  evals=20000  best=0.7802
        [Trial 18] gen  420  evals=21000  best=0.7802
        [Trial 18] gen  440  evals=22000  best=0.7802
        [Trial 18] gen  460  evals=23000  best=0.7802
        [Trial 18] gen  480  evals=24000  best=0.7794
        [Trial 18] gen  500  evals=25000  best=0.7794
        [Trial 18] gen  520  evals=26000  best=0.7794
        [Trial 18] gen  540  evals=27000  best=0.7794
        [Trial 18] gen  560  evals=28000  best=0.7794
        [Done] Trial 18 best=0.7794
    --> Trial 19 | pop=49 seed=59726 x0_norm_min=-0.948 x0_norm_max=0.822
        [Trial 19] gen   20  evals=  980  best=0.9158
        [Trial 19] gen   40  evals= 1960  best=0.9074
        [Pruned] Trial 19 at gen 45 (loss=0.9074)

  Winner: Trial 18, loss=0.779367 (1793s)
    Restarts run: 20
    mu: 29.019826
    D_mu: 6.688953
    T0_mu: 3.239908
    Ly: 1.253477
    op_x: 0.607771
    op_y: 0.587981
    NMSE: 0.044001
  [Saved] random_IR_0047

============================================================
[48/50] random_IR_0048.npz
  GT loss: 1.027490
  terrain_mean=1.511975  early_threshold=1.032092  (alpha=0.0095)
    --> Trial 0 | pop=31 seed=68512 x0_norm_min=-0.944 x0_norm_max=0.730
        [Trial 0] gen   20  evals=  620  best=1.0809
        [Trial 0] gen   40  evals= 1240  best=1.0610
        [Trial 0] gen   60  evals= 1860  best=1.0546
        [Trial 0] gen   80  evals= 2480  best=1.0417
        [Trial 0] gen  100  evals= 3100  best=1.0317
        [Trial 0] gen  120  evals= 3720  best=1.0312
        [Trial 0] gen  140  evals= 4340  best=1.0312
        [Trial 0] gen  160  evals= 4960  best=1.0312
        [Trial 0] gen  180  evals= 5580  best=1.0312
        [Trial 0] gen  200  evals= 6200  best=1.0312
        [Trial 0] gen  220  evals= 6820  best=1.0312
        [Trial 0] gen  240  evals= 7440  best=1.0263
        [Trial 0] gen  260  evals= 8060  best=1.0263
        [Trial 0] gen  280  evals= 8680  best=1.0263
        [Trial 0] gen  300  evals= 9300  best=1.0263
        [Trial 0] gen  320  evals= 9920  best=1.0220
        [Trial 0] gen  340  evals=10540  best=1.0220
        [Trial 0] gen  360  evals=11160  best=1.0190
        [Trial 0] gen  380  evals=11780  best=1.0030
        [Trial 0] gen  400  evals=12400  best=0.9900
        [Trial 0] gen  420  evals=13020  best=0.9853
        [Trial 0] gen  440  evals=13640  best=0.9853
        [Trial 0] gen  460  evals=14260  best=0.9841
        [Trial 0] gen  480  evals=14880  best=0.9836
NOTE (module=cma, iteration=495):  
condition in coordinate system exceeded 1.3e+08, rescaled to 1.0e+00, 
condition changed from 7.5e+08 to 1.6e+08
        [Trial 0] gen  500  evals=15500  best=0.9836
        [Trial 0] gen  520  evals=16120  best=0.9836
        [Trial 0] gen  540  evals=16740  best=0.9836
        [Trial 0] gen  560  evals=17360  best=0.9836
        [Trial 0] gen  580  evals=17980  best=0.9832
        [Trial 0] gen  600  evals=18600  best=0.9832
        [Trial 0] gen  620  evals=19220  best=0.9832
        [Trial 0] gen  640  evals=19840  best=0.9832
        [Trial 0] gen  660  evals=20460  best=0.9832
        [Done] Trial 0 best=0.9832
    --> Early stop triggered: trial 0 reached loss=0.983243 < 1.032092

  Winner: Trial 0, loss=0.983243 (210s)
    Restarts run: 1
    mu: 22.178088
    D_mu: 2.640507
    T0_mu: 0.365238
    Ly: 1.103970
    op_x: 0.513600
    op_y: 0.510042
    NMSE: 0.244958
  [Saved] random_IR_0048

============================================================
[49/50] random_IR_0049.npz
  GT loss: 0.655097
  terrain_mean=1.395132  early_threshold=0.662127  (alpha=0.0095)
    --> Trial 0 | pop=52 seed=40076 x0_norm_min=-0.944 x0_norm_max=0.730
        [Trial 0] gen   20  evals= 1040  best=0.8998
        [Trial 0] gen   40  evals= 2080  best=0.8670
        [Trial 0] gen   60  evals= 3120  best=0.8670
        [Trial 0] gen   80  evals= 4160  best=0.8635
        [Trial 0] gen  100  evals= 5200  best=0.8635
        [Trial 0] gen  120  evals= 6240  best=0.8591
        [Trial 0] gen  140  evals= 7280  best=0.8591
        [Trial 0] gen  160  evals= 8320  best=0.8581
        [Trial 0] gen  180  evals= 9360  best=0.8581
        [Trial 0] gen  200  evals=10400  best=0.8581
        [Trial 0] gen  220  evals=11440  best=0.8581
        [Trial 0] gen  240  evals=12480  best=0.8581
        [Trial 0] gen  260  evals=13520  best=0.8564
        [Trial 0] gen  280  evals=14560  best=0.8521
        [TRIAL TIMEOUT] Trial 0 total >600s, stopping
        [Done] Trial 0 best=0.8510
    --> Trial 1 | pop=50 seed=81788 x0_norm_min=-0.937 x0_norm_max=0.907
        [Trial 1] gen   20  evals= 1000  best=0.8964
        [Trial 1] gen   40  evals= 2000  best=0.8616
        [Trial 1] gen   60  evals= 3000  best=0.8436
        [Trial 1] gen   80  evals= 4000  best=0.8436
        [Trial 1] gen  100  evals= 5000  best=0.8436
        [Trial 1] gen  120  evals= 6000  best=0.8436
        [Trial 1] gen  140  evals= 7000  best=0.8227
        [Trial 1] gen  160  evals= 8000  best=0.8227
        [Trial 1] gen  180  evals= 9000  best=0.8227
        [Trial 1] gen  200  evals=10000  best=0.8093
        [Trial 1] gen  220  evals=11000  best=0.8065
        [Trial 1] gen  240  evals=12000  best=0.7880
        [Trial 1] gen  260  evals=13000  best=0.7727
        [Trial 1] gen  280  evals=14000  best=0.7643
NOTE (module=cma, iteration=299):  
condition in coordinate system exceeded 1.3e+08, rescaled to 1.0e+00, 
condition changed from 3.5e+08 to 1.7e+07
        [Trial 1] gen  300  evals=15000  best=0.7635
        [Trial 1] gen  320  evals=16000  best=0.7608
        [Trial 1] gen  340  evals=17000  best=0.7605
        [Trial 1] gen  360  evals=18000  best=0.7597
        [Trial 1] gen  380  evals=19000  best=0.7597
        [Trial 1] gen  400  evals=20000  best=0.7597
        [Trial 1] gen  420  evals=21000  best=0.7594
        [Trial 1] gen  440  evals=22000  best=0.7591
        [Trial 1] gen  460  evals=23000  best=0.7590
        [Trial 1] gen  480  evals=24000  best=0.7590
        [Trial 1] gen  500  evals=25000  best=0.7587
        [Trial 1] gen  520  evals=26000  best=0.7587
        [Done] Trial 1 best=0.7587
    --> Trial 2 | pop=51 seed=84526 x0_norm_min=-0.344 x0_norm_max=0.824
        [Trial 2] gen   20  evals= 1020  best=0.8570
        [Trial 2] gen   40  evals= 2040  best=0.8570
        [Trial 2] gen   60  evals= 3060  best=0.8570
        [Trial 2] gen   80  evals= 4080  best=0.8570
        [Trial 2] gen  100  evals= 5100  best=0.8570
        [Trial 2] gen  120  evals= 6120  best=0.8570
        [Pruned] Trial 2 at gen 135 (loss=0.8570)
    --> Trial 3 | pop=33 seed=12992 x0_norm_min=-0.797 x0_norm_max=0.622
        [Pruned] Trial 3 at gen 15 (loss=0.8896)
    --> Trial 4 | pop=44 seed=16718 x0_norm_min=-0.947 x0_norm_max=0.785
        [Pruned] Trial 4 at gen 15 (loss=0.8931)
    --> Trial 5 | pop=37 seed=94475 x0_norm_min=-0.748 x0_norm_max=0.981
        [Pruned] Trial 5 at gen 15 (loss=0.8986)
    --> Trial 6 | pop=38 seed=27505 x0_norm_min=-0.929 x0_norm_max=0.732
        [Pruned] Trial 6 at gen 15 (loss=0.8976)
    --> Trial 7 | pop=48 seed=19917 x0_norm_min=-0.779 x0_norm_max=0.922
        [Pruned] Trial 7 at gen 15 (loss=0.9173)
    --> Trial 8 | pop=31 seed=89040 x0_norm_min=-0.814 x0_norm_max=0.843
        [Pruned] Trial 8 at gen 15 (loss=0.8933)
    --> Trial 9 | pop=59 seed=52894 x0_norm_min=-0.955 x0_norm_max=0.770
        [Pruned] Trial 9 at gen 15 (loss=0.9166)
    --> Trial 10 | pop=59 seed=66557 x0_norm_min=-0.841 x0_norm_max=0.672
        [Pruned] Trial 10 at gen 15 (loss=0.9002)
    --> Trial 11 | pop=51 seed=40520 x0_norm_min=-0.781 x0_norm_max=0.859
        [Pruned] Trial 11 at gen 15 (loss=0.9141)
    --> Trial 12 | pop=55 seed=68657 x0_norm_min=-0.402 x0_norm_max=0.428
        [Pruned] Trial 12 at gen 15 (loss=0.9055)
    --> Trial 13 | pop=44 seed=3526 x0_norm_min=-0.863 x0_norm_max=0.955
        [Trial 13] gen   20  evals=  880  best=0.8727
        [Trial 13] gen   40  evals= 1760  best=0.8626
        [Pruned] Trial 13 at gen 45 (loss=0.8626)
    --> Trial 14 | pop=46 seed=41213 x0_norm_min=-0.897 x0_norm_max=-0.091
        [Trial 14] gen   20  evals=  920  best=0.8855
        [Trial 14] gen   40  evals= 1840  best=0.8552
        [Trial 14] gen   60  evals= 2760  best=0.8544
        [Trial 14] gen   80  evals= 3680  best=0.8471
        [Trial 14] gen  100  evals= 4600  best=0.8306
        [Trial 14] gen  120  evals= 5520  best=0.8306
        [Trial 14] gen  140  evals= 6440  best=0.8306
        [Trial 14] gen  160  evals= 7360  best=0.8201
        [Trial 14] gen  180  evals= 8280  best=0.8195
        [Trial 14] gen  200  evals= 9200  best=0.7997
        [Trial 14] gen  220  evals=10120  best=0.7997
        [Trial 14] gen  240  evals=11040  best=0.7961
        [Trial 14] gen  260  evals=11960  best=0.7961
        [Trial 14] gen  280  evals=12880  best=0.7936
        [Trial 14] gen  300  evals=13800  best=0.7936
        [Trial 14] gen  320  evals=14720  best=0.7925
        [Trial 14] gen  340  evals=15640  best=0.7925
        [Trial 14] gen  360  evals=16560  best=0.7925
        [Trial 14] gen  380  evals=17480  best=0.7919
        [Trial 14] gen  400  evals=18400  best=0.7901
        [Pruned] Trial 14 at gen 405 (loss=0.7901)
    --> Trial 15 | pop=53 seed=68410 x0_norm_min=-0.690 x0_norm_max=0.990
        [Pruned] Trial 15 at gen 15 (loss=0.8995)
    --> Trial 16 | pop=41 seed=78756 x0_norm_min=-0.776 x0_norm_max=0.982
        [Trial 16] gen   20  evals=  820  best=0.8826
        [Trial 16] gen   40  evals= 1640  best=0.8826
        [Pruned] Trial 16 at gen 45 (loss=0.8749)
    --> Trial 17 | pop=56 seed=53001 x0_norm_min=-0.863 x0_norm_max=0.835
        [Trial 17] gen   20  evals= 1120  best=0.8624
        [Trial 17] gen   40  evals= 2240  best=0.8624
        [Pruned] Trial 17 at gen 45 (loss=0.8624)
    --> Trial 18 | pop=49 seed=34227 x0_norm_min=-0.933 x0_norm_max=0.907
        [Trial 18] gen   20  evals=  980  best=0.8785
        [Trial 18] gen   40  evals= 1960  best=0.8778
        [Pruned] Trial 18 at gen 45 (loss=0.8683)
    --> Trial 19 | pop=54 seed=54705 x0_norm_min=-0.948 x0_norm_max=0.822
        [Pruned] Trial 19 at gen 15 (loss=0.8943)

  Winner: Trial 1, loss=0.758709 (1628s)
    Restarts run: 20
    mu: 55.906763
    D_mu: 5.954999
    T0_mu: 1.917844
    Ly: 1.135689
    op_x: 0.624857
    op_y: 0.511699
    NMSE: 0.067267
  [Saved] random_IR_0049

============================================================
[50/50] random_IR_0050.npz
  GT loss: 1.324629
  terrain_mean=1.725948  early_threshold=1.328441  (alpha=0.0095)
    --> Trial 0 | pop=57 seed=62109 x0_norm_min=-0.944 x0_norm_max=0.730
        [Trial 0] gen   20  evals= 1140  best=1.2715
        [Trial 0] gen   40  evals= 2280  best=1.2219
        [Trial 0] gen   60  evals= 3420  best=1.2192
        [Trial 0] gen   80  evals= 4560  best=1.2192
        [Trial 0] gen  100  evals= 5700  best=1.2185
        [Trial 0] gen  120  evals= 6840  best=1.2143
        [Trial 0] gen  140  evals= 7980  best=1.2066
        [Trial 0] gen  160  evals= 9120  best=1.2066
        [Trial 0] gen  180  evals=10260  best=1.2066
        [Trial 0] gen  200  evals=11400  best=1.2066
        [Trial 0] gen  220  evals=12540  best=1.1999
        [Trial 0] gen  240  evals=13680  best=1.1999
        [Trial 0] gen  260  evals=14820  best=1.1999
        [Trial 0] gen  280  evals=15960  best=1.1999
        [Trial 0] gen  300  evals=17100  best=1.1999
        [Trial 0] gen  320  evals=18240  best=1.1999
        [TRIAL TIMEOUT] Trial 0 total >600s, stopping
        [Done] Trial 0 best=1.1999
    --> Early stop triggered: trial 0 reached loss=1.199944 < 1.328441

  Winner: Trial 0, loss=1.199944 (601s)
    Restarts run: 1
    mu: 34.618388
    D_mu: 3.520917
    T0_mu: 11.735394
    Ly: 3.972801
    op_x: 0.569484
    op_y: 0.510470
    NMSE: 0.341802
  [Saved] random_IR_0050
