step,epoch,epoch,lr-Adam,lw/param_w,lw/perc_w,lw/sw_w,train/param,train/param_grad/AMP_0,train/param_grad/AMP_1,train/param_grad/BFRQ_0,train/param_grad/CUTOFF_0,train/param_grad/MULT_0,train/param_grad/M_OSC_0,train/param_grad/M_OSC_1,train/param_grad/Q_FILT_0,train/perc,train/spec,train/total,train/wave,val_id/loud,val_id/lsd,val_id/mfcc,val_id/param,val_id/param_group/harmor_amplitudes,val_id/param_group/harmor_cutoff,val_id/param_group/harmor_f0_hz,val_id/param_group/harmor_f0_mult,val_id/param_group/harmor_osc_mix,val_id/param_group/harmor_q,val_id/perc,val_id/spec,val_id/wave,val_ood/loud,val_ood/lsd,val_ood/mfcc,val_ood/param,val_ood/perc,val_ood/spec,val_ood/wave
0,0,,,,,,,,,,,,,,,,,,,,40,,,,,,,,,,,,,40,,,,,
49,0,,0.001,,,,,,,,,,,,,,,,,,,,,,,,,,,,,,,,,,,,
99,0,,0.001,,,,,,,,,,,,,,,,,,,,,,,,,,,,,,,,,,,,
149,0,,0.001,,,,,,,,,,,,,,,,,,,,,,,,,,,,,,,,,,,,
199,0,,0.001,,,,,,,,,,,,,,,,,,,,,,,,,,,,,,,,,,,,
249,0,0,0.001,0,0,1,0,0.000199474,4.23168e-05,0.0441153,2.29874e-05,0.0243768,0.00184386,0.000246946,0.00371518,0,5.83088,5.83088,0,15.34,18.9162,3.43014,0.356921,0.157755,0.157078,0.405404,0.492339,0.50779,0.421161,0,5.59632,0,11.5036,17.0026,2.94178,0,0,5.84746,0
299,1,,0.00099,,,,,,,,,,,,,,,,,,,,,,,,,,,,,,,,,,,,
349,1,,0.00099,,,,,,,,,,,,,,,,,,,,,,,,,,,,,,,,,,,,
399,1,,0.00099,,,,,,,,,,,,,,,,,,,,,,,,,,,,,,,,,,,,
449,1,,0.00099,,,,,,,,,,,,,,,,,,,,,,,,,,,,,,,,,,,,
499,1,1,0.00099,0,0,1,0,0.000744912,0.000115405,0.123032,2.35835e-05,0.0318229,0.00248397,0.000423827,0.000828936,0,5.53231,5.53231,0,13.5058,18.9252,3.07181,0.316058,0.150147,0.138787,0.394418,0.495146,0.401544,0.316309,0,5.4738,0,10.6996,17.2904,2.81055,0,0,5.79401,0
549,2,,0.0009801,,,,,,,,,,,,,,,,,,,,,,,,,,,,,,,,,,,,
599,2,,0.0009801,,,,,,,,,,,,,,,,,,,,,,,,,,,,,,,,,,,,
649,2,,0.0009801,,,,,,,,,,,,,,,,,,,,,,,,,,,,,,,,,,,,
699,2,,0.0009801,,,,,,,,,,,,,,,,,,,,,,,,,,,,,,,,,,,,
749,2,2,0.0009801,0,0,1,0,0.000745824,0.000108481,0.150303,2.55146e-05,0.0241424,0.00323126,0.000423855,0.00127268,0,5.48991,5.48991,0,14.3186,18.5079,3.23877,0.316653,0.15091,0.160327,0.35768,0.492271,0.402109,0.336623,0,5.86643,0,11.0282,17.1503,2.84853,0,0,5.9956,0
799,3,,0.000970299,,,,,,,,,,,,,,,,,,,,,,,,,,,,,,,,,,,,
849,3,,0.000970299,,,,,,,,,,,,,,,,,,,,,,,,,,,,,,,,,,,,
899,3,,0.000970299,,,,,,,,,,,,,,,,,,,,,,,,,,,,,,,,,,,,
949,3,,0.000970299,,,,,,,,,,,,,,,,,,,,,,,,,,,,,,,,,,,,
999,3,3,0.000970299,0,0,1,0,0.000725049,0.000103656,0.162921,2.74679e-05,0.023139,0.00289516,0.000391371,0.00143784,0,5.45141,5.45141,0,14.6763,18.9307,3.15457,0.316693,0.153304,0.160828,0.378262,0.490712,0.396013,0.321042,0,5.41688,0,11.8809,17.4591,3.03067,0,0,5.77452,0
1049,4,,0.000960596,,,,,,,,,,,,,,,,,,,,,,,,,,,,,,,,,,,,
1099,4,,0.000960596,,,,,,,,,,,,,,,,,,,,,,,,,,,,,,,,,,,,
1149,4,,0.000960596,,,,,,,,,,,,,,,,,,,,,,,,,,,,,,,,,,,,
1199,4,,0.000960596,,,,,,,,,,,,,,,,,,,,,,,,,,,,,,,,,,,,
1249,4,4,0.000960596,0,0,1,0,0.000808929,0.00010813,0.155285,2.69027e-05,0.0274633,0.00326633,0.000418907,0.00159472,0,5.4664,5.4664,0,15.7925,18.6215,3.40244,0.310145,0.152487,0.155359,0.343465,0.492705,0.41585,0.301006,0,5.48127,0,11.895,17.2702,2.95847,0,0,5.82987,0
1299,5,,0.00095099,,,,,,,,,,,,,,,,,,,,,,,,,,,,,,,,,,,,
1349,5,,0.00095099,,,,,,,,,,,,,,,,,,,,,,,,,,,,,,,,,,,,
1399,5,,0.00095099,,,,,,,,,,,,,,,,,,,,,,,,,,,,,,,,,,,,
1449,5,,0.00095099,,,,,,,,,,,,,,,,,,,,,,,,,,,,,,,,,,,,
1499,5,5,0.00095099,0,0,1,0,0.000731916,0.000111096,0.161342,2.74701e-05,0.0248192,0.00323703,0.000402055,0.0017456,0,5.45256,5.45256,0,14.1934,18.4344,3.18121,0.315876,0.149634,0.155427,0.353002,0.491718,0.396789,0.348686,0,5.5051,0,11.4831,17.182,2.91987,0,0,5.82291,0
1549,6,,0.00094148,,,,,,,,,,,,,,,,,,,,,,,,,,,,,,,,,,,,
1599,6,,0.00094148,,,,,,,,,,,,,,,,,,,,,,,,,,,,,,,,,,,,
1649,6,,0.00094148,,,,,,,,,,,,,,,,,,,,,,,,,,,,,,,,,,,,
1699,6,,0.00094148,,,,,,,,,,,,,,,,,,,,,,,,,,,,,,,,,,,,
1749,6,6,0.00094148,0,0,1,0,0.000779041,0.000111246,0.159071,2.54008e-05,0.0462269,0.00319316,0.000371915,0.00175033,0,5.4441,5.4441,0,14.8613,18.6799,3.17662,0.328404,0.150302,0.156032,0.401759,0.497802,0.393366,0.371161,0,5.62626,0,11.3869,17.2335,2.78222,0,0,5.89584,0
1799,7,,0.000932065,,,,,,,,,,,,,,,,,,,,,,,,,,,,,,,,,,,,
1849,7,,0.000932065,,,,,,,,,,,,,,,,,,,,,,,,,,,,,,,,,,,,
1899,7,,0.000932065,,,,,,,,,,,,,,,,,,,,,,,,,,,,,,,,,,,,
1949,7,,0.000932065,,,,,,,,,,,,,,,,,,,,,,,,,,,,,,,,,,,,
1999,7,7,0.000932065,0,0,1,0,0.000786367,0.000111123,0.178274,2.56183e-05,0.0514796,0.0033545,0.000423398,0.00205051,0,5.43885,5.43885,0,14.1776,18.9016,3.05646,0.327021,0.147734,0.16121,0.402519,0.497057,0.399375,0.354229,0,5.45844,0,10.8996,17.2258,2.67085,0,0,5.82604,0
2049,8,,0.000922745,,,,,,,,,,,,,,,,,,,,,,,,,,,,,,,,,,,,
2099,8,,0.000922745,,,,,,,,,,,,,,,,,,,,,,,,,,,,,,,,,,,,
2149,8,,0.000922745,,,,,,,,,,,,,,,,,,,,,,,,,,,,,,,,,,,,
2199,8,,0.000922745,,,,,,,,,,,,,,,,,,,,,,,,,,,,,,,,,,,,
2249,8,8,0.000922745,0,0,1,0,0.000721342,0.000117018,0.16088,2.61897e-05,0.0342213,0.00315838,0.000415002,0.00202428,0,5.4505,5.4505,0,13.8045,18.9667,3.05294,0.320542,0.148724,0.155111,0.398546,0.491814,0.397605,0.331448,0,5.45694,0,10.8762,17.3913,2.74025,0,0,5.81714,0
2299,9,,0.000913517,,,,,,,,,,,,,,,,,,,,,,,,,,,,,,,,,,,,
2349,9,,0.000913517,,,,,,,,,,,,,,,,,,,,,,,,,,,,,,,,,,,,
2399,9,,0.000913517,,,,,,,,,,,,,,,,,,,,,,,,,,,,,,,,,,,,
2449,9,,0.000913517,,,,,,,,,,,,,,,,,,,,,,,,,,,,,,,,,,,,
2499,9,9,0.000913517,0,0,1,0,0.00079638,0.000116671,0.170031,2.56388e-05,0.04053,0.00343198,0.000433586,0.00204246,0,5.44543,5.44543,0,15.216,18.5234,3.19011,0.32047,0.15304,0.157303,0.389477,0.493174,0.411523,0.318305,0,5.43333,0,12.434,17.0383,2.72748,0,0,5.76459,0
2549,10,,0.000904382,,,,,,,,,,,,,,,,,,,,,,,,,,,,,,,,,,,,
2599,10,,0.000904382,,,,,,,,,,,,,,,,,,,,,,,,,,,,,,,,,,,,
2649,10,,0.000904382,,,,,,,,,,,,,,,,,,,,,,,,,,,,,,,,,,,,
2699,10,,0.000904382,,,,,,,,,,,,,,,,,,,,,,,,,,,,,,,,,,,,
2749,10,10,0.000904382,0,0,1,0,0.000716353,0.000114759,0.169211,2.5635e-05,0.0713193,0.00318737,0.00045137,0.00196886,0,5.42299,5.42299,0,15.9017,18.5087,3.15113,0.319273,0.154628,0.149716,0.381019,0.498217,0.403392,0.328664,0,5.43641,0,11.8313,17.0609,2.82921,0,0,5.77121,0
2799,11,,0.000895338,,,,,,,,,,,,,,,,,,,,,,,,,,,,,,,,,,,,
2849,11,,0.000895338,,,,,,,,,,,,,,,,,,,,,,,,,,,,,,,,,,,,
2899,11,,0.000895338,,,,,,,,,,,,,,,,,,,,,,,,,,,,,,,,,,,,
2949,11,,0.000895338,,,,,,,,,,,,,,,,,,,,,,,,,,,,,,,,,,,,
2999,11,11,0.000895338,0,0,1,0,0.000779724,0.000131035,0.199798,3.2162e-05,0.0502111,0.00337807,0.000569554,0.00276829,0,5.40205,5.40205,0,14.3174,18.1914,3.10105,0.310821,0.148648,0.147424,0.354891,0.498155,0.400087,0.31572,0,5.32578,0,11.3492,17.166,2.85601,0,0,5.77222,0
3049,12,,0.000886385,,,,,,,,,,,,,,,,,,,,,,,,,,,,,,,,,,,,
3099,12,,0.000886385,,,,,,,,,,,,,,,,,,,,,,,,,,,,,,,,,,,,
3149,12,,0.000886385,,,,,,,,,,,,,,,,,,,,,,,,,,,,,,,,,,,,
3199,12,,0.000886385,,,,,,,,,,,,,,,,,,,,,,,,,,,,,,,,,,,,
3249,12,12,0.000886385,0,0,1,0,0.000931391,0.000126135,0.257697,3.61803e-05,0.0978113,0.00501308,0.000589266,0.00368232,0,5.32549,5.32549,0,12.7323,18.457,2.92499,0.29989,0.145235,0.151804,0.327189,0.498268,0.394423,0.282422,0,5.7224,0,10.4029,17.6441,2.80733,0,0,5.9306,0
3299,13,,0.000877521,,,,,,,,,,,,,,,,,,,,,,,,,,,,,,,,,,,,
3349,13,,0.000877521,,,,,,,,,,,,,,,,,,,,,,,,,,,,,,,,,,,,
3399,13,,0.000877521,,,,,,,,,,,,,,,,,,,,,,,,,,,,,,,,,,,,
3449,13,,0.000877521,,,,,,,,,,,,,,,,,,,,,,,,,,,,,,,,,,,,
3499,13,13,0.000877521,0,0,1,0,0.000869437,0.000124913,0.302107,4.41668e-05,0.100547,0.00661289,0.000808796,0.00441423,0,5.30972,5.30972,0,15.0266,18.3022,3.16134,0.284236,0.151489,0.161564,0.324421,0.497723,0.289985,0.280233,0,5.33897,0,12.2653,17.6813,2.98517,0,0,5.75695,0
3549,14,,0.000868746,,,,,,,,,,,,,,,,,,,,,,,,,,,,,,,,,,,,
3599,14,,0.000868746,,,,,,,,,,,,,,,,,,,,,,,,,,,,,,,,,,,,
3649,14,,0.000868746,,,,,,,,,,,,,,,,,,,,,,,,,,,,,,,,,,,,
3699,14,,0.000868746,,,,,,,,,,,,,,,,,,,,,,,,,,,,,,,,,,,,
3749,14,14,0.000868746,0,0,1,0,0.000893682,0.000143645,0.366003,4.85902e-05,0.0915862,0.00690543,0.000920814,0.00574855,0,5.25147,5.25147,0,13.3488,18.159,2.99729,0.285544,0.146406,0.141482,0.310478,0.497833,0.333829,0.283237,0,5.12762,0,10.8154,17.3876,2.77418,0,0,5.7106,0
3799,15,,0.000860058,,,,,,,,,,,,,,,,,,,,,,,,,,,,,,,,,,,,
3849,15,,0.000860058,,,,,,,,,,,,,,,,,,,,,,,,,,,,,,,,,,,,
3899,15,,0.000860058,,,,,,,,,,,,,,,,,,,,,,,,,,,,,,,,,,,,
3949,15,,0.000860058,,,,,,,,,,,,,,,,,,,,,,,,,,,,,,,,,,,,
3999,15,15,0.000860058,0,0,1,0,0.000975934,0.000145118,0.399347,5.0784e-05,0.0996835,0.00647484,0.000955236,0.00527109,0,5.19211,5.19211,0,13.3658,18.2309,2.98784,0.290715,0.143268,0.145565,0.345636,0.497762,0.35087,0.261192,0,5.14179,0,10.8311,17.2565,2.80608,0,0,5.6935,0
4049,16,,0.000851458,,,,,,,,,,,,,,,,,,,,,,,,,,,,,,,,,,,,
4099,16,,0.000851458,,,,,,,,,,,,,,,,,,,,,,,,,,,,,,,,,,,,
4149,16,,0.000851458,,,,,,,,,,,,,,,,,,,,,,,,,,,,,,,,,,,,
4199,16,,0.000851458,,,,,,,,,,,,,,,,,,,,,,,,,,,,,,,,,,,,
4249,16,16,0.000851458,0,0,1,0,0.000976671,0.000154538,0.473973,5.16107e-05,0.1067,0.00763423,0.00118109,0.00578636,0,5.15541,5.15541,0,13.6264,17.9146,3.00543,0.284712,0.143491,0.144639,0.326669,0.497213,0.335348,0.260913,0,5.68621,0,10.659,17.1913,2.81283,0,0,5.95911,0
4299,17,,0.000842943,,,,,,,,,,,,,,,,,,,,,,,,,,,,,,,,,,,,
4349,17,,0.000842943,,,,,,,,,,,,,,,,,,,,,,,,,,,,,,,,,,,,
4399,17,,0.000842943,,,,,,,,,,,,,,,,,,,,,,,,,,,,,,,,,,,,
4449,17,,0.000842943,,,,,,,,,,,,,,,,,,,,,,,,,,,,,,,,,,,,
4499,17,17,0.000842943,0,0,1,0,0.000969742,0.000144036,0.517591,5.06957e-05,0.103867,0.00769899,0.00120526,0.00648172,0,5.0948,5.0948,0,13.7732,18.1286,3.03175,0.287311,0.144701,0.148531,0.333495,0.497536,0.344374,0.255232,0,5.092,0,10.8868,17.3625,2.81839,0,0,5.62951,0
4549,18,,0.000834514,,,,,,,,,,,,,,,,,,,,,,,,,,,,,,,,,,,,
4599,18,,0.000834514,,,,,,,,,,,,,,,,,,,,,,,,,,,,,,,,,,,,
4649,18,,0.000834514,,,,,,,,,,,,,,,,,,,,,,,,,,,,,,,,,,,,
4699,18,,0.000834514,,,,,,,,,,,,,,,,,,,,,,,,,,,,,,,,,,,,
4749,18,18,0.000834514,0,0,1,0,0.000867994,0.00015595,0.528277,5.61483e-05,0.111697,0.00726003,0.00148627,0.00722196,0,5.11552,5.11552,0,12.9556,17.8556,2.87804,0.283895,0.142863,0.138046,0.31335,0.497483,0.343106,0.268522,0,4.95942,0,10.5812,17.2342,2.78984,0,0,5.59628,0
4799,19,,0.000826169,,,,,,,,,,,,,,,,,,,,,,,,,,,,,,,,,,,,
4849,19,,0.000826169,,,,,,,,,,,,,,,,,,,,,,,,,,,,,,,,,,,,
4899,19,,0.000826169,,,,,,,,,,,,,,,,,,,,,,,,,,,,,,,,,,,,
4949,19,,0.000826169,,,,,,,,,,,,,,,,,,,,,,,,,,,,,,,,,,,,
4999,19,19,0.000826169,0,0,1,0,0.000894496,0.000157217,0.598661,5.41025e-05,0.116921,0.00762992,0.00161782,0.00732085,0,5.0231,5.0231,0,13.6639,17.8048,2.94682,0.286465,0.146257,0.143033,0.326236,0.498259,0.343651,0.261352,0,5.07769,0,10.9377,17.3493,2.85649,0,0,5.59576,0
5049,20,,0.000817907,,,,,,,,,,,,,,,,,,,,,,,,,,,,,,,,,,,,
5099,20,,0.000817907,,,,,,,,,,,,,,,,,,,,,,,,,,,,,,,,,,,,
5149,20,,0.000817907,,,,,,,,,,,,,,,,,,,,,,,,,,,,,,,,,,,,
5199,20,,0.000817907,,,,,,,,,,,,,,,,,,,,,,,,,,,,,,,,,,,,
5249,20,20,0.000817907,0,0,1,0,0.000977122,0.000153743,0.638197,5.33806e-05,0.11766,0.0089911,0.00147793,0.00780001,0,4.98814,4.98814,0,13.8351,18.0497,3.0225,0.289081,0.145453,0.147802,0.33498,0.498099,0.343354,0.264796,0,5.06547,0,10.9463,17.5869,2.82868,0,0,5.7465,0
5299,21,,0.000809728,,,,,,,,,,,,,,,,,,,,,,,,,,,,,,,,,,,,
5349,21,,0.000809728,,,,,,,,,,,,,,,,,,,,,,,,,,,,,,,,,,,,
5399,21,,0.000809728,,,,,,,,,,,,,,,,,,,,,,,,,,,,,,,,,,,,
5449,21,,0.000809728,,,,,,,,,,,,,,,,,,,,,,,,,,,,,,,,,,,,
5499,21,21,0.000809728,0,0,1,0,0.000919179,0.000150942,0.666135,4.84248e-05,0.122842,0.00887201,0.00166994,0.00772994,0,4.98593,4.98593,0,12.272,17.775,2.785,0.286789,0.140571,0.153652,0.325054,0.498017,0.348851,0.254587,0,4.86607,0,10.0134,17.467,2.77776,0,0,5.57833,0
5549,22,,0.000801631,,,,,,,,,,,,,,,,,,,,,,,,,,,,,,,,,,,,
5599,22,,0.000801631,,,,,,,,,,,,,,,,,,,,,,,,,,,,,,,,,,,,
5649,22,,0.000801631,,,,,,,,,,,,,,,,,,,,,,,,,,,,,,,,,,,,
5699,22,,0.000801631,,,,,,,,,,,,,,,,,,,,,,,,,,,,,,,,,,,,
5749,22,22,0.000801631,0,0,1,0,0.00089616,0.000156009,0.739276,5.4357e-05,0.132917,0.00913698,0.00179094,0.00863801,0,4.95149,4.95149,0,13.0814,17.9761,2.90372,0.287013,0.140998,0.146485,0.332952,0.496894,0.353644,0.251107,0,4.91908,0,10.9835,17.4644,2.82511,0,0,5.73584,0
5799,23,,0.000793614,,,,,,,,,,,,,,,,,,,,,,,,,,,,,,,,,,,,
5849,23,,0.000793614,,,,,,,,,,,,,,,,,,,,,,,,,,,,,,,,,,,,
5899,23,,0.000793614,,,,,,,,,,,,,,,,,,,,,,,,,,,,,,,,,,,,
5949,23,,0.000793614,,,,,,,,,,,,,,,,,,,,,,,,,,,,,,,,,,,,
5999,23,23,0.000793614,0,0,1,0,0.00092606,0.00016744,0.776851,5.37921e-05,0.142382,0.00919154,0.00195054,0.00914236,0,4.90993,4.90993,0,11.4484,18.4906,2.80966,0.287519,0.137701,0.166095,0.337103,0.497603,0.333358,0.253255,0,5.22018,0,9.34843,17.978,2.90298,0,0,5.84488,0
6049,24,,0.000785678,,,,,,,,,,,,,,,,,,,,,,,,,,,,,,,,,,,,
6099,24,,0.000785678,,,,,,,,,,,,,,,,,,,,,,,,,,,,,,,,,,,,
6149,24,,0.000785678,,,,,,,,,,,,,,,,,,,,,,,,,,,,,,,,,,,,
6199,24,,0.000785678,,,,,,,,,,,,,,,,,,,,,,,,,,,,,,,,,,,,
6249,24,24,0.000785678,0,0,1,0,0.000985121,0.000173006,0.791635,5.48223e-05,0.143652,0.0103068,0.00214389,0.00829993,0,4.95235,4.95235,0,12.0355,17.7325,2.76434,0.28372,0.139746,0.151913,0.315793,0.497957,0.340026,0.256883,0,4.84565,0,10.0981,17.3516,2.75746,0,0,5.55644,0
6299,25,,0.000777821,,,,,,,,,,,,,,,,,,,,,,,,,,,,,,,,,,,,
6349,25,,0.000777821,,,,,,,,,,,,,,,,,,,,,,,,,,,,,,,,,,,,
6399,25,,0.000777821,,,,,,,,,,,,,,,,,,,,,,,,,,,,,,,,,,,,
6449,25,,0.000777821,,,,,,,,,,,,,,,,,,,,,,,,,,,,,,,,,,,,
6499,25,25,0.000777821,0,0,1,0,0.000933196,0.000166987,0.77849,5.72554e-05,0.13642,0.00869892,0.0020731,0.00880885,0,4.89377,4.89377,0,12.5464,17.5902,2.82009,0.283163,0.14044,0.14501,0.321284,0.497763,0.339977,0.254502,0,4.94585,0,10.4038,17.1408,2.77054,0,0,5.49515,0
6549,26,,0.000770043,,,,,,,,,,,,,,,,,,,,,,,,,,,,,,,,,,,,
6599,26,,0.000770043,,,,,,,,,,,,,,,,,,,,,,,,,,,,,,,,,,,,
6649,26,,0.000770043,,,,,,,,,,,,,,,,,,,,,,,,,,,,,,,,,,,,
6699,26,,0.000770043,,,,,,,,,,,,,,,,,,,,,,,,,,,,,,,,,,,,
6749,26,26,0.000770043,0,0,1,0,0.000948225,0.000176716,0.926803,5.61353e-05,0.159694,0.0099989,0.00243715,0.00984817,0,4.80525,4.80525,0,12.7037,17.2752,2.79543,0.282423,0.141416,0.141023,0.325965,0.495403,0.337643,0.253088,0,4.81367,0,10.5286,17.1951,2.83982,0,0,5.51119,0
6799,27,,0.000762343,,,,,,,,,,,,,,,,,,,,,,,,,,,,,,,,,,,,
6849,27,,0.000762343,,,,,,,,,,,,,,,,,,,,,,,,,,,,,,,,,,,,
6899,27,,0.000762343,,,,,,,,,,,,,,,,,,,,,,,,,,,,,,,,,,,,
6949,27,,0.000762343,,,,,,,,,,,,,,,,,,,,,,,,,,,,,,,,,,,,
6999,27,27,0.000762343,0,0,1,0,0.000921949,0.000180174,0.917125,5.7591e-05,0.133457,0.0100929,0.00249418,0.0098207,0,4.83741,4.83741,0,12.0788,17.2558,2.75567,0.282702,0.139003,0.148008,0.319204,0.498613,0.333816,0.257569,0,4.66286,0,9.93869,17.1981,2.74418,0,0,5.41333,0
7049,28,,0.000754719,,,,,,,,,,,,,,,,,,,,,,,,,,,,,,,,,,,,
7099,28,,0.000754719,,,,,,,,,,,,,,,,,,,,,,,,,,,,,,,,,,,,
7149,28,,0.000754719,,,,,,,,,,,,,,,,,,,,,,,,,,,,,,,,,,,,
7199,28,,0.000754719,,,,,,,,,,,,,,,,,,,,,,,,,,,,,,,,,,,,
7249,28,28,0.000754719,0,0,1,0,0.000923024,0.000187208,0.979961,5.89884e-05,0.172057,0.00969309,0.0028818,0.0103255,0,4.81094,4.81094,0,12.8993,17.8435,2.82934,0.286645,0.14392,0.144928,0.333998,0.498373,0.34641,0.252241,0,5.11265,0,10.8537,17.2901,2.71851,0,0,5.66923,0
7299,29,,0.000747172,,,,,,,,,,,,,,,,,,,,,,,,,,,,,,,,,,,,
7349,29,,0.000747172,,,,,,,,,,,,,,,,,,,,,,,,,,,,,,,,,,,,
7399,29,,0.000747172,,,,,,,,,,,,,,,,,,,,,,,,,,,,,,,,,,,,
7449,29,,0.000747172,,,,,,,,,,,,,,,,,,,,,,,,,,,,,,,,,,,,
7499,29,29,0.000747172,0,0,1,0,0.000863758,0.000179987,0.934619,6.50082e-05,0.162339,0.0095204,0.00244083,0.00979003,0,4.84963,4.84963,0,12.6435,17.2303,2.78956,0.28195,0.139107,0.143547,0.322008,0.498063,0.337731,0.251245,0,4.69662,0,10.5641,17.1045,2.7343,0,0,5.43632,0
7549,30,,0.0007397,,,,,,,,,,,,,,,,,,,,,,,,,,,,,,,,,,,,
7599,30,,0.0007397,,,,,,,,,,,,,,,,,,,,,,,,,,,,,,,,,,,,
7649,30,,0.0007397,,,,,,,,,,,,,,,,,,,,,,,,,,,,,,,,,,,,
7699,30,,0.0007397,,,,,,,,,,,,,,,,,,,,,,,,,,,,,,,,,,,,
7749,30,30,0.0007397,0,0,1,0,0.000870577,0.000196035,1.12721,6.06688e-05,0.185016,0.00953408,0.0031009,0.0104591,0,4.70492,4.70492,0,11.418,17.0641,2.64197,0.279014,0.139047,0.142527,0.321544,0.498166,0.321864,0.250936,0,4.65414,0,9.45313,17.2653,2.70867,0,0,5.44297,0
7799,31,,0.000732303,,,,,,,,,,,,,,,,,,,,,,,,,,,,,,,,,,,,
7849,31,,0.000732303,,,,,,,,,,,,,,,,,,,,,,,,,,,,,,,,,,,,
7899,31,,0.000732303,,,,,,,,,,,,,,,,,,,,,,,,,,,,,,,,,,,,
7949,31,,0.000732303,,,,,,,,,,,,,,,,,,,,,,,,,,,,,,,,,,,,
7999,31,31,0.000732303,0,0,1,0,0.000905116,0.000200262,1.18047,5.64093e-05,0.198252,0.00984965,0.00330064,0.0102076,0,4.68567,4.68567,0,12.1329,17.4438,2.73568,0.278775,0.1383,0.140216,0.31135,0.49823,0.332866,0.251689,0,4.82257,0,10.2133,17.1433,2.72426,0,0,5.41995,0
8049,32,,0.00072498,,,,,,,,,,,,,,,,,,,,,,,,,,,,,,,,,,,,
8099,32,,0.00072498,,,,,,,,,,,,,,,,,,,,,,,,,,,,,,,,,,,,
8149,32,,0.00072498,,,,,,,,,,,,,,,,,,,,,,,,,,,,,,,,,,,,
8199,32,,0.00072498,,,,,,,,,,,,,,,,,,,,,,,,,,,,,,,,,,,,
8249,32,32,0.00072498,0,0,1,0,0.000894141,0.000193235,1.16894,6.06675e-05,0.212092,0.0097354,0.00335868,0.0115163,0,4.72444,4.72444,0,11.7877,17.1771,2.65485,0.281105,0.139411,0.140175,0.318329,0.498209,0.328649,0.261857,0,4.71283,0,9.99499,17.3658,2.76829,0,0,5.53528,0
8299,33,,0.000717731,,,,,,,,,,,,,,,,,,,,,,,,,,,,,,,,,,,,
8349,33,,0.000717731,,,,,,,,,,,,,,,,,,,,,,,,,,,,,,,,,,,,
8399,33,,0.000717731,,,,,,,,,,,,,,,,,,,,,,,,,,,,,,,,,,,,
8449,33,,0.000717731,,,,,,,,,,,,,,,,,,,,,,,,,,,,,,,,,,,,
8499,33,33,0.000717731,0,0,1,0,0.000909972,0.000202408,1.19626,6.23151e-05,0.195531,0.0106111,0.00339485,0.0113333,0,4.76277,4.76277,0,12.4599,17.1123,2.69834,0.279712,0.140744,0.14606,0.312085,0.492531,0.336115,0.250735,0,4.84425,0,10.5999,17.287,2.76138,0,0,5.46579,0
8549,34,,0.000710553,,,,,,,,,,,,,,,,,,,,,,,,,,,,,,,,,,,,
8599,34,,0.000710553,,,,,,,,,,,,,,,,,,,,,,,,,,,,,,,,,,,,
8649,34,,0.000710553,,,,,,,,,,,,,,,,,,,,,,,,,,,,,,,,,,,,
8699,34,,0.000710553,,,,,,,,,,,,,,,,,,,,,,,,,,,,,,,,,,,,
8749,34,34,0.000710553,0,0,1,0,0.0009195,0.000203238,1.28437,5.8339e-05,0.211917,0.0100373,0.00353146,0.0110559,0,4.62669,4.62669,0,11.7906,17.5088,2.68399,0.282066,0.137925,0.13914,0.323798,0.496773,0.344141,0.250618,0,4.70246,0,9.98039,17.2762,2.66848,0,0,5.50516,0
8799,35,,0.000703448,,,,,,,,,,,,,,,,,,,,,,,,,,,,,,,,,,,,
8849,35,,0.000703448,,,,,,,,,,,,,,,,,,,,,,,,,,,,,,,,,,,,
8899,35,,0.000703448,,,,,,,,,,,,,,,,,,,,,,,,,,,,,,,,,,,,
8949,35,,0.000703448,,,,,,,,,,,,,,,,,,,,,,,,,,,,,,,,,,,,
8999,35,35,0.000703448,0,0,1,0,0.000888517,0.000213681,1.24603,6.44681e-05,0.174664,0.0102648,0.00362711,0.011081,0,4.69,4.69,0,11.4401,16.8935,2.59781,0.274615,0.138911,0.143981,0.312189,0.464209,0.335826,0.252573,0,4.61489,0,9.474,17.1992,2.73434,0,0,5.45601,0
9049,36,,0.000696413,,,,,,,,,,,,,,,,,,,,,,,,,,,,,,,,,,,,
9099,36,,0.000696413,,,,,,,,,,,,,,,,,,,,,,,,,,,,,,,,,,,,
9149,36,,0.000696413,,,,,,,,,,,,,,,,,,,,,,,,,,,,,,,,,,,,
9199,36,,0.000696413,,,,,,,,,,,,,,,,,,,,,,,,,,,,,,,,,,,,
9249,36,36,0.000696413,0,0,1,0,0.000887901,0.000226505,1.35847,6.61191e-05,0.18645,0.0109377,0.00425664,0.0114791,0,4.59527,4.59527,0,12.3057,16.8311,2.73575,0.279551,0.138327,0.143554,0.306925,0.492597,0.340697,0.255206,0,4.57122,0,10.3071,16.9269,2.74076,0,0,5.30104,0
9299,37,,0.000689449,,,,,,,,,,,,,,,,,,,,,,,,,,,,,,,,,,,,
9349,37,,0.000689449,,,,,,,,,,,,,,,,,,,,,,,,,,,,,,,,,,,,
9399,37,,0.000689449,,,,,,,,,,,,,,,,,,,,,,,,,,,,,,,,,,,,
9449,37,,0.000689449,,,,,,,,,,,,,,,,,,,,,,,,,,,,,,,,,,,,
9499,37,37,0.000689449,0,0,1,0,0.00083796,0.000214669,1.32674,6.81669e-05,0.21544,0.010255,0.00350243,0.0108168,0,4.6649,4.6649,0,11.524,16.8719,2.62437,0.277726,0.139166,0.13921,0.311488,0.498573,0.330347,0.247573,0,4.74888,0,9.66814,17.0169,2.7111,0,0,5.50003,0
9549,38,,0.000682555,,,,,,,,,,,,,,,,,,,,,,,,,,,,,,,,,,,,
9599,38,,0.000682555,,,,,,,,,,,,,,,,,,,,,,,,,,,,,,,,,,,,
9649,38,,0.000682555,,,,,,,,,,,,,,,,,,,,,,,,,,,,,,,,,,,,
9699,38,,0.000682555,,,,,,,,,,,,,,,,,,,,,,,,,,,,,,,,,,,,
9749,38,38,0.000682555,0,0,1,0,0.000876889,0.000221191,1.39892,6.43615e-05,0.229898,0.0109655,0.00384574,0.0108477,0,4.59214,4.59214,0,11.8254,17.1715,2.65737,0.28008,0.137019,0.139664,0.312489,0.492099,0.343797,0.25541,0,4.66266,0,10.1846,17.3786,2.77352,0,0,5.49219,0
9799,39,,0.000675729,,,,,,,,,,,,,,,,,,,,,,,,,,,,,,,,,,,,
9849,39,,0.000675729,,,,,,,,,,,,,,,,,,,,,,,,,,,,,,,,,,,,
9899,39,,0.000675729,,,,,,,,,,,,,,,,,,,,,,,,,,,,,,,,,,,,
9949,39,,0.000675729,,,,,,,,,,,,,,,,,,,,,,,,,,,,,,,,,,,,
9999,39,39,0.000675729,0,0,1,0,0.00087814,0.000213134,1.40227,7.11375e-05,0.21886,0.0114217,0.00391255,0.0130378,0,4.62502,4.62502,0,12.1787,16.8682,2.68739,0.28026,0.139202,0.138631,0.309889,0.498426,0.345636,0.249777,0,4.70747,0,10.1426,17.0421,2.69363,0,0,5.52034,0
10049,40,,0.000668972,,,,,,,,,,,,,,,,,,,,,,,,,,,,,,,,,,,,
10099,40,,0.000668972,,,,,,,,,,,,,,,,,,,,,,,,,,,,,,,,,,,,
10149,40,,0.000668972,,,,,,,,,,,,,,,,,,,,,,,,,,,,,,,,,,,,
10199,40,,0.000668972,,,,,,,,,,,,,,,,,,,,,,,,,,,,,,,,,,,,
10249,40,40,0.000668972,0,0,1,0,0.000841507,0.000234671,1.41598,7.03961e-05,0.221517,0.0110849,0.00446297,0.013161,0,4.60172,4.60172,0,12.9645,16.9932,2.7132,0.282694,0.140559,0.14771,0.310679,0.487601,0.349724,0.25989,0,4.68986,0,11.095,17.217,2.77267,0,0,5.35877,0
10299,41,,0.000662282,,,,,,,,,,,,,,,,,,,,,,,,,,,,,,,,,,,,
10349,41,,0.000662282,,,,,,,,,,,,,,,,,,,,,,,,,,,,,,,,,,,,
10399,41,,0.000662282,,,,,,,,,,,,,,,,,,,,,,,,,,,,,,,,,,,,
10449,41,,0.000662282,,,,,,,,,,,,,,,,,,,,,,,,,,,,,,,,,,,,
10499,41,41,0.000662282,0,0,1,0,0.000817769,0.000223125,1.40929,6.95885e-05,0.180052,0.0106202,0.00406447,0.0127691,0,4.60293,4.60293,0,11.274,16.9458,2.59632,0.276623,0.137716,0.141017,0.301514,0.490358,0.341712,0.24742,0,4.63467,0,9.58224,17.0856,2.68616,0,0,5.33151,0
10549,42,,0.000655659,,,,,,,,,,,,,,,,,,,,,,,,,,,,,,,,,,,,
10599,42,,0.000655659,,,,,,,,,,,,,,,,,,,,,,,,,,,,,,,,,,,,
10649,42,,0.000655659,,,,,,,,,,,,,,,,,,,,,,,,,,,,,,,,,,,,
10699,42,,0.000655659,,,,,,,,,,,,,,,,,,,,,,,,,,,,,,,,,,,,
10749,42,42,0.000655659,0,0,1,0,0.000848088,0.000230584,1.4938,6.92999e-05,0.200939,0.0111336,0.00438694,0.0124628,0,4.54396,4.54396,0,12.0558,16.6707,2.64606,0.275919,0.137091,0.139338,0.308621,0.491095,0.334577,0.24479,0,4.45037,0,10.1472,17.0745,2.68273,0,0,5.40551,0
10799,43,,0.000649103,,,,,,,,,,,,,,,,,,,,,,,,,,,,,,,,,,,,
10849,43,,0.000649103,,,,,,,,,,,,,,,,,,,,,,,,,,,,,,,,,,,,
10899,43,,0.000649103,,,,,,,,,,,,,,,,,,,,,,,,,,,,,,,,,,,,
10949,43,,0.000649103,,,,,,,,,,,,,,,,,,,,,,,,,,,,,,,,,,,,
10999,43,43,0.000649103,0,0,1,0,0.0009166,0.000234507,1.63589,6.09065e-05,0.222266,0.011908,0.00440286,0.0125118,0,4.49599,4.49599,0,10.7755,16.4551,2.49314,0.273444,0.133973,0.136735,0.303752,0.477948,0.333105,0.25515,0,4.3602,0,9.006,17.1077,2.7099,0,0,5.34885,0
11049,44,,0.000642612,,,,,,,,,,,,,,,,,,,,,,,,,,,,,,,,,,,,
11099,44,,0.000642612,,,,,,,,,,,,,,,,,,,,,,,,,,,,,,,,,,,,
11149,44,,0.000642612,,,,,,,,,,,,,,,,,,,,,,,,,,,,,,,,,,,,
11199,44,,0.000642612,,,,,,,,,,,,,,,,,,,,,,,,,,,,,,,,,,,,
11249,44,44,0.000642612,0,0,1,0,0.000884226,0.00024244,1.65054,6.7232e-05,0.220451,0.0119762,0.00467339,0.0131841,0,4.46918,4.46918,0,10.36,17.3333,2.49531,0.275931,0.134676,0.156994,0.300137,0.486098,0.332888,0.244791,0,4.52077,0,8.726,17.3795,2.68689,0,0,5.45483,0
11299,45,,0.000636185,,,,,,,,,,,,,,,,,,,,,,,,,,,,,,,,,,,,
11349,45,,0.000636185,,,,,,,,,,,,,,,,,,,,,,,,,,,,,,,,,,,,
11399,45,,0.000636185,,,,,,,,,,,,,,,,,,,,,,,,,,,,,,,,,,,,
11449,45,,0.000636185,,,,,,,,,,,,,,,,,,,,,,,,,,,,,,,,,,,,
11499,45,45,0.000636185,0,0,1,0,0.00087342,0.000237755,1.63984,6.97131e-05,0.222956,0.0117283,0.00456501,0.01263,0,4.51012,4.51012,0,10.8531,16.3519,2.4941,0.274388,0.135668,0.136334,0.30074,0.488654,0.336619,0.248311,0,4.36242,0,9.28458,17.0756,2.67564,0,0,5.40021,0
11549,46,,0.000629824,,,,,,,,,,,,,,,,,,,,,,,,,,,,,,,,,,,,
11599,46,,0.000629824,,,,,,,,,,,,,,,,,,,,,,,,,,,,,,,,,,,,
11649,46,,0.000629824,,,,,,,,,,,,,,,,,,,,,,,,,,,,,,,,,,,,
11699,46,,0.000629824,,,,,,,,,,,,,,,,,,,,,,,,,,,,,,,,,,,,
11749,46,46,0.000629824,0,0,1,0,0.000830382,0.000228719,1.58639,6.78409e-05,0.207434,0.0111601,0.00444733,0.0132008,0,4.51664,4.51664,0,10.8022,16.5605,2.51004,0.272527,0.133584,0.136669,0.299959,0.48673,0.335042,0.243175,0,4.67225,0,9.22674,17.0754,2.64234,0,0,5.37161,0
11799,47,,0.000623525,,,,,,,,,,,,,,,,,,,,,,,,,,,,,,,,,,,,
11849,47,,0.000623525,,,,,,,,,,,,,,,,,,,,,,,,,,,,,,,,,,,,
11899,47,,0.000623525,,,,,,,,,,,,,,,,,,,,,,,,,,,,,,,,,,,,
11949,47,,0.000623525,,,,,,,,,,,,,,,,,,,,,,,,,,,,,,,,,,,,
11999,47,47,0.000623525,0,0,1,0,0.00082556,0.000221919,1.61767,7.19574e-05,0.218297,0.0106728,0.00418119,0.0129436,0,4.50147,4.50147,0,11.11,16.2927,2.49457,0.276727,0.134265,0.134093,0.300359,0.490255,0.334349,0.26704,0,4.37605,0,9.5004,17.0617,2.65821,0,0,5.33734,0
12049,48,,0.00061729,,,,,,,,,,,,,,,,,,,,,,,,,,,,,,,,,,,,
12099,48,,0.00061729,,,,,,,,,,,,,,,,,,,,,,,,,,,,,,,,,,,,
12149,48,,0.00061729,,,,,,,,,,,,,,,,,,,,,,,,,,,,,,,,,,,,
12199,48,,0.00061729,,,,,,,,,,,,,,,,,,,,,,,,,,,,,,,,,,,,
12249,48,48,0.00061729,0,0,1,0,0.000873546,0.000233837,1.6665,6.42914e-05,0.215995,0.0110687,0.00460951,0.0128312,0,4.45304,4.45304,0,10.8231,16.4015,2.46371,0.271653,0.135116,0.135342,0.294975,0.482346,0.337971,0.244167,0,4.37083,0,9.60747,17.1119,2.66472,0,0,5.30009,0
12299,49,,0.000611117,,,,,,,,,,,,,,,,,,,,,,,,,,,,,,,,,,,,
12349,49,,0.000611117,,,,,,,,,,,,,,,,,,,,,,,,,,,,,,,,,,,,
12399,49,,0.000611117,,,,,,,,,,,,,,,,,,,,,,,,,,,,,,,,,,,,
12449,49,,0.000611117,,,,,,,,,,,,,,,,,,,,,,,,,,,,,,,,,,,,
12499,49,49,0.000611117,0,0,1,0,0.00086684,0.000241783,1.71664,7.55409e-05,0.22888,0.0107847,0.00489775,0.0134312,0,4.47337,4.47337,0,10.9138,16.2967,2.5215,0.272151,0.134519,0.136801,0.302221,0.480876,0.334894,0.243594,0,4.27529,0,9.25026,16.9539,2.66419,0,0,5.26676,0
12549,50,,0.000605006,,,,,,,,,,,,,,,,,,,,,,,,,,,,,,,,,,,,
12599,50,,0.000605006,,,,,,,,,,,,,,,,,,,,,,,,,,,,,,,,,,,,
12649,50,,0.000605006,,,,,,,,,,,,,,,,,,,,,,,,,,,,,,,,,,,,
12699,50,,0.000605006,,,,,,,,,,,,,,,,,,,,,,,,,,,,,,,,,,,,
12749,50,50,0.000605006,0,0,1,0,0.000848663,0.00024048,1.70223,6.83509e-05,0.224056,0.0115662,0.0048643,0.0138121,0,4.45284,4.45284,0,10.396,16.5164,2.43847,0.273175,0.13331,0.138377,0.300379,0.481808,0.337218,0.24796,0,4.40928,0,9.02628,17.1879,2.65686,0,0,5.34604,0
12799,51,,0.000598956,,,,,,,,,,,,,,,,,,,,,,,,,,,,,,,,,,,,
12849,51,,0.000598956,,,,,,,,,,,,,,,,,,,,,,,,,,,,,,,,,,,,
12899,51,,0.000598956,,,,,,,,,,,,,,,,,,,,,,,,,,,,,,,,,,,,
12949,51,,0.000598956,,,,,,,,,,,,,,,,,,,,,,,,,,,,,,,,,,,,
12999,51,51,0.000598956,0,0,1,0,0.000842674,0.000247853,1.83322,6.8744e-05,0.256169,0.0110288,0.00521169,0.0139242,0,4.372,4.372,0,10.5172,16.129,2.44434,0.273773,0.133551,0.139633,0.296343,0.480655,0.33732,0.255135,0,4.26803,0,8.98956,17.1943,2.61832,0,0,5.34616,0
13049,52,,0.000592966,,,,,,,,,,,,,,,,,,,,,,,,,,,,,,,,,,,,
13099,52,,0.000592966,,,,,,,,,,,,,,,,,,,,,,,,,,,,,,,,,,,,
13149,52,,0.000592966,,,,,,,,,,,,,,,,,,,,,,,,,,,,,,,,,,,,
13199,52,,0.000592966,,,,,,,,,,,,,,,,,,,,,,,,,,,,,,,,,,,,
13249,52,52,0.000592966,0,0,1,0,0.000847999,0.000246862,1.94174,6.93255e-05,0.270555,0.0111296,0.00482144,0.0134099,0,4.34452,4.34452,0,11.0527,15.884,2.50001,0.273484,0.137802,0.132605,0.302873,0.482157,0.335081,0.250387,0,4.37229,0,9.39632,16.9446,2.64207,0,0,5.29769,0
13299,53,,0.000587037,,,,,,,,,,,,,,,,,,,,,,,,,,,,,,,,,,,,
13349,53,,0.000587037,,,,,,,,,,,,,,,,,,,,,,,,,,,,,,,,,,,,
13399,53,,0.000587037,,,,,,,,,,,,,,,,,,,,,,,,,,,,,,,,,,,,
13449,53,,0.000587037,,,,,,,,,,,,,,,,,,,,,,,,,,,,,,,,,,,,
13499,53,53,0.000587037,0,0,1,0,0.000887571,0.000261837,1.8827,6.94136e-05,0.255279,0.0127545,0.00532797,0.0135533,0,4.36906,4.36906,0,10.4019,16.2432,2.42414,0.272449,0.133526,0.135772,0.29852,0.483233,0.335022,0.248623,0,4.29065,0,8.89351,17.2557,2.68512,0,0,5.42211,0
13549,54,,0.000581166,,,,,,,,,,,,,,,,,,,,,,,,,,,,,,,,,,,,
13599,54,,0.000581166,,,,,,,,,,,,,,,,,,,,,,,,,,,,,,,,,,,,
13649,54,,0.000581166,,,,,,,,,,,,,,,,,,,,,,,,,,,,,,,,,,,,
13699,54,,0.000581166,,,,,,,,,,,,,,,,,,,,,,,,,,,,,,,,,,,,
13749,54,54,0.000581166,0,0,1,0,0.000928237,0.00026154,1.80229,7.03681e-05,0.248912,0.0132374,0.00556937,0.0137721,0,4.4639,4.4639,0,10.8208,16.2972,2.49881,0.271492,0.133341,0.134258,0.299523,0.477543,0.335301,0.248989,0,4.30093,0,9.39445,16.939,2.65242,0,0,5.29441,0
13799,55,,0.000575355,,,,,,,,,,,,,,,,,,,,,,,,,,,,,,,,,,,,
13849,55,,0.000575355,,,,,,,,,,,,,,,,,,,,,,,,,,,,,,,,,,,,
13899,55,,0.000575355,,,,,,,,,,,,,,,,,,,,,,,,,,,,,,,,,,,,
13949,55,,0.000575355,,,,,,,,,,,,,,,,,,,,,,,,,,,,,,,,,,,,
13999,55,55,0.000575355,0,0,1,0,0.000908911,0.000250463,1.86318,6.93704e-05,0.265011,0.012941,0.00503059,0.0146692,0,4.37778,4.37778,0,10.3371,16.1898,2.41708,0.269517,0.133249,0.141192,0.28572,0.468618,0.340167,0.248158,0,4.19815,0,8.94561,17.0451,2.61805,0,0,5.33027,0
14049,56,,0.000569601,,,,,,,,,,,,,,,,,,,,,,,,,,,,,,,,,,,,
14099,56,,0.000569601,,,,,,,,,,,,,,,,,,,,,,,,,,,,,,,,,,,,
14149,56,,0.000569601,,,,,,,,,,,,,,,,,,,,,,,,,,,,,,,,,,,,
14199,56,,0.000569601,,,,,,,,,,,,,,,,,,,,,,,,,,,,,,,,,,,,
14249,56,56,0.000569601,0,0,1,0,0.000909037,0.000246949,1.88535,8.39089e-05,0.261747,0.0124585,0.00506711,0.0150864,0,4.3822,4.3822,0,10.8573,15.9375,2.4363,0.270965,0.1358,0.132425,0.288511,0.468384,0.339487,0.261179,0,4.21831,0,9.29583,17.0571,2.64243,0,0,5.31576,0
14299,57,,0.000563905,,,,,,,,,,,,,,,,,,,,,,,,,,,,,,,,,,,,
14349,57,,0.000563905,,,,,,,,,,,,,,,,,,,,,,,,,,,,,,,,,,,,
14399,57,,0.000563905,,,,,,,,,,,,,,,,,,,,,,,,,,,,,,,,,,,,
14449,57,,0.000563905,,,,,,,,,,,,,,,,,,,,,,,,,,,,,,,,,,,,
14499,57,57,0.000563905,0,0,1,0,0.000901599,0.000251612,2.00112,7.60069e-05,0.277786,0.0126144,0.00525624,0.0145199,0,4.31645,4.31645,0,10.5712,16.422,2.39282,0.271525,0.133398,0.133003,0.28838,0.48007,0.340495,0.253807,0,4.27923,0,9.25878,17.1555,2.60435,0,0,5.39107,0
14549,58,,0.000558266,,,,,,,,,,,,,,,,,,,,,,,,,,,,,,,,,,,,
14599,58,,0.000558266,,,,,,,,,,,,,,,,,,,,,,,,,,,,,,,,,,,,
14649,58,,0.000558266,,,,,,,,,,,,,,,,,,,,,,,,,,,,,,,,,,,,
14699,58,,0.000558266,,,,,,,,,,,,,,,,,,,,,,,,,,,,,,,,,,,,
14749,58,58,0.000558266,0,0,1,0,0.00085942,0.000263047,2.06111,7.38402e-05,0.283818,0.0114832,0.00573872,0.0148198,0,4.2439,4.2439,0,10.7811,16.4434,2.48309,0.270882,0.134115,0.132115,0.29373,0.478912,0.339436,0.246984,0,4.32162,0,9.55501,17.0674,2.62624,0,0,5.32795,0
14799,59,,0.000552683,,,,,,,,,,,,,,,,,,,,,,,,,,,,,,,,,,,,
14849,59,,0.000552683,,,,,,,,,,,,,,,,,,,,,,,,,,,,,,,,,,,,
14899,59,,0.000552683,,,,,,,,,,,,,,,,,,,,,,,,,,,,,,,,,,,,
14949,59,,0.000552683,,,,,,,,,,,,,,,,,,,,,,,,,,,,,,,,,,,,
14999,59,59,0.000552683,0,0,1,0,0.000912885,0.000271418,2.10541,8.5951e-05,0.295617,0.0133375,0.00576582,0.0160752,0,4.284,4.284,0,10.2049,15.9089,2.39658,0.270601,0.133602,0.137062,0.290212,0.481479,0.339584,0.241664,0,4.10561,0,8.99317,17.3018,2.63297,0,0,5.35702,0
15049,60,,0.000547157,,,,,,,,,,,,,,,,,,,,,,,,,,,,,,,,,,,,
15099,60,,0.000547157,,,,,,,,,,,,,,,,,,,,,,,,,,,,,,,,,,,,
15149,60,,0.000547157,,,,,,,,,,,,,,,,,,,,,,,,,,,,,,,,,,,,
15199,60,,0.000547157,,,,,,,,,,,,,,,,,,,,,,,,,,,,,,,,,,,,
15249,60,60,0.000547157,0,0,1,0,0.000904994,0.000268812,2.05493,7.46239e-05,0.284689,0.0129491,0.0057961,0.0152558,0,4.28415,4.28415,0,11.064,16.6079,2.51117,0.269993,0.135112,0.129787,0.287237,0.480853,0.340958,0.246009,0,4.45568,0,9.69374,16.9155,2.60894,0,0,5.27361,0
15299,61,,0.000541685,,,,,,,,,,,,,,,,,,,,,,,,,,,,,,,,,,,,
15349,61,,0.000541685,,,,,,,,,,,,,,,,,,,,,,,,,,,,,,,,,,,,
15399,61,,0.000541685,,,,,,,,,,,,,,,,,,,,,,,,,,,,,,,,,,,,
15449,61,,0.000541685,,,,,,,,,,,,,,,,,,,,,,,,,,,,,,,,,,,,
15499,61,61,0.000541685,0,0,1,0,0.000898536,0.00026688,2.19034,7.45842e-05,0.307116,0.0130125,0.0058337,0.0151207,0,4.249,4.249,0,11.3201,16.7859,2.53516,0.274589,0.141733,0.128545,0.286895,0.475892,0.339722,0.27475,0,4.83831,0,9.44816,16.8958,2.63452,0,0,5.38302,0
15549,62,,0.000536268,,,,,,,,,,,,,,,,,,,,,,,,,,,,,,,,,,,,
15599,62,,0.000536268,,,,,,,,,,,,,,,,,,,,,,,,,,,,,,,,,,,,
15649,62,,0.000536268,,,,,,,,,,,,,,,,,,,,,,,,,,,,,,,,,,,,
15699,62,,0.000536268,,,,,,,,,,,,,,,,,,,,,,,,,,,,,,,,,,,,
15749,62,62,0.000536268,0,0,1,0,0.000932559,0.000297158,2.10483,8.40242e-05,0.30334,0.0139567,0.00616068,0.0157645,0,4.2758,4.2758,0,10.5239,15.7008,2.40301,0.268871,0.13377,0.131707,0.290429,0.471821,0.337305,0.248192,0,4.05918,0,9.04114,17.1135,2.65463,0,0,5.30613,0
15799,63,,0.000530906,,,,,,,,,,,,,,,,,,,,,,,,,,,,,,,,,,,,
15849,63,,0.000530906,,,,,,,,,,,,,,,,,,,,,,,,,,,,,,,,,,,,
15899,63,,0.000530906,,,,,,,,,,,,,,,,,,,,,,,,,,,,,,,,,,,,
15949,63,,0.000530906,,,,,,,,,,,,,,,,,,,,,,,,,,,,,,,,,,,,
15999,63,63,0.000530906,0,0,1,0,0.000920484,0.000277106,2.20388,7.44844e-05,0.314127,0.0139201,0.0060878,0.0167128,0,4.21507,4.21507,0,10.6211,15.8138,2.37454,0.271604,0.136438,0.130986,0.289395,0.474464,0.339772,0.258572,0,4.25567,0,9.07203,16.963,2.58207,0,0,5.19088,0
16049,64,,0.000525596,,,,,,,,,,,,,,,,,,,,,,,,,,,,,,,,,,,,
16099,64,,0.000525596,,,,,,,,,,,,,,,,,,,,,,,,,,,,,,,,,,,,
16149,64,,0.000525596,,,,,,,,,,,,,,,,,,,,,,,,,,,,,,,,,,,,
16199,64,,0.000525596,,,,,,,,,,,,,,,,,,,,,,,,,,,,,,,,,,,,
16249,64,64,0.000525596,0,0,1,0,0.000933999,0.000283873,2.2737,7.45083e-05,0.325219,0.0132707,0.00640546,0.0153234,0,4.19133,4.19133,0,10.3968,15.9692,2.37369,0.268116,0.134151,0.123918,0.291298,0.477482,0.337308,0.244541,0,4.1451,0,8.99384,16.8526,2.65134,0,0,5.15966,0
16299,65,,0.000520341,,,,,,,,,,,,,,,,,,,,,,,,,,,,,,,,,,,,
16349,65,,0.000520341,,,,,,,,,,,,,,,,,,,,,,,,,,,,,,,,,,,,
16399,65,,0.000520341,,,,,,,,,,,,,,,,,,,,,,,,,,,,,,,,,,,,
16449,65,,0.000520341,,,,,,,,,,,,,,,,,,,,,,,,,,,,,,,,,,,,
16499,65,65,0.000520341,0,0,1,0,0.000909373,0.00027823,2.28335,8.59735e-05,0.326556,0.0135889,0.00636947,0.0167238,0,4.21797,4.21797,0,10.6252,15.9745,2.40183,0.268847,0.135538,0.128534,0.286109,0.471172,0.336056,0.255675,0,4.19817,0,9.17406,16.9926,2.56533,0,0,5.31825,0
16549,66,,0.000515137,,,,,,,,,,,,,,,,,,,,,,,,,,,,,,,,,,,,
16599,66,,0.000515137,,,,,,,,,,,,,,,,,,,,,,,,,,,,,,,,,,,,
16649,66,,0.000515137,,,,,,,,,,,,,,,,,,,,,,,,,,,,,,,,,,,,
16699,66,,0.000515137,,,,,,,,,,,,,,,,,,,,,,,,,,,,,,,,,,,,
16749,66,66,0.000515137,0,0,1,0,0.000878658,0.000293526,2.24712,8.5473e-05,0.31472,0.0137234,0.00668586,0.0167681,0,4.20958,4.20958,0,10.2551,15.4414,2.33461,0.267622,0.13248,0.12311,0.285178,0.478571,0.342413,0.243979,0,4.02731,0,9.06088,16.8001,2.6044,0,0,5.18563,0
16799,67,,0.000509986,,,,,,,,,,,,,,,,,,,,,,,,,,,,,,,,,,,,
16849,67,,0.000509986,,,,,,,,,,,,,,,,,,,,,,,,,,,,,,,,,,,,
16899,67,,0.000509986,,,,,,,,,,,,,,,,,,,,,,,,,,,,,,,,,,,,
16949,67,,0.000509986,,,,,,,,,,,,,,,,,,,,,,,,,,,,,,,,,,,,
16999,67,67,0.000509986,0,0,1,0,0.000853831,0.000293954,2.30037,8.53831e-05,0.330427,0.0122915,0.00666154,0.0166082,0,4.16817,4.16817,0,10.652,15.6015,2.37428,0.267819,0.135999,0.126667,0.286356,0.471505,0.336586,0.249799,0,4.18325,0,9.37194,16.9811,2.65235,0,0,5.24137,0
17049,68,,0.000504886,,,,,,,,,,,,,,,,,,,,,,,,,,,,,,,,,,,,
17099,68,,0.000504886,,,,,,,,,,,,,,,,,,,,,,,,,,,,,,,,,,,,
17149,68,,0.000504886,,,,,,,,,,,,,,,,,,,,,,,,,,,,,,,,,,,,
17199,68,,0.000504886,,,,,,,,,,,,,,,,,,,,,,,,,,,,,,,,,,,,
17249,68,68,0.000504886,0,0,1,0,0.000874035,0.000292141,2.35762,8.02291e-05,0.338444,0.0128542,0.00630322,0.0163992,0,4.16873,4.16873,0,10.1635,16.7769,2.37246,0.268459,0.13404,0.125229,0.290432,0.47605,0.337605,0.247397,0,4.46994,0,9.00431,17.0596,2.63089,0,0,5.24625,0
17299,69,,0.000499837,,,,,,,,,,,,,,,,,,,,,,,,,,,,,,,,,,,,
17349,69,,0.000499837,,,,,,,,,,,,,,,,,,,,,,,,,,,,,,,,,,,,
17399,69,,0.000499837,,,,,,,,,,,,,,,,,,,,,,,,,,,,,,,,,,,,
17449,69,,0.000499837,,,,,,,,,,,,,,,,,,,,,,,,,,,,,,,,,,,,
17499,69,69,0.000499837,0,0,1,0,0.000864159,0.000289051,2.29167,7.93246e-05,0.333338,0.0131123,0.00640276,0.0165495,0,4.16785,4.16785,0,10.6789,15.4168,2.36522,0.267333,0.133628,0.123779,0.284186,0.471054,0.339657,0.251693,0,4.02387,0,9.6285,16.7826,2.59344,0,0,5.13889,0
17549,70,,0.000494839,,,,,,,,,,,,,,,,,,,,,,,,,,,,,,,,,,,,
17599,70,,0.000494839,,,,,,,,,,,,,,,,,,,,,,,,,,,,,,,,,,,,
17649,70,,0.000494839,,,,,,,,,,,,,,,,,,,,,,,,,,,,,,,,,,,,
17699,70,,0.000494839,,,,,,,,,,,,,,,,,,,,,,,,,,,,,,,,,,,,
17749,70,70,0.000494839,0,0,1,0,0.000876952,0.000304587,2.37946,7.31959e-05,0.339963,0.0132824,0.00716573,0.0172682,0,4.10616,4.10616,0,9.89554,16.2692,2.31446,0.265904,0.132603,0.124739,0.285464,0.472594,0.33764,0.242381,0,4.35376,0,8.71333,16.9354,2.60319,0,0,5.27372,0
17799,71,,0.00048989,,,,,,,,,,,,,,,,,,,,,,,,,,,,,,,,,,,,
17849,71,,0.00048989,,,,,,,,,,,,,,,,,,,,,,,,,,,,,,,,,,,,
17899,71,,0.00048989,,,,,,,,,,,,,,,,,,,,,,,,,,,,,,,,,,,,
17949,71,,0.00048989,,,,,,,,,,,,,,,,,,,,,,,,,,,,,,,,,,,,
17999,71,71,0.00048989,0,0,1,0,0.000880172,0.000288996,2.30723,8.09188e-05,0.314755,0.0129582,0.00661623,0.016324,0,4.10325,4.10325,0,10.3916,15.9275,2.36305,0.268228,0.133425,0.124136,0.28676,0.478542,0.339752,0.24675,0,4.18158,0,9.13511,16.7963,2.6275,0,0,5.29191,0
18049,72,,0.000484991,,,,,,,,,,,,,,,,,,,,,,,,,,,,,,,,,,,,
18099,72,,0.000484991,,,,,,,,,,,,,,,,,,,,,,,,,,,,,,,,,,,,
18149,72,,0.000484991,,,,,,,,,,,,,,,,,,,,,,,,,,,,,,,,,,,,
18199,72,,0.000484991,,,,,,,,,,,,,,,,,,,,,,,,,,,,,,,,,,,,
18249,72,72,0.000484991,0,0,1,0,0.000915205,0.000280285,2.42286,7.62513e-05,0.352047,0.0131978,0.0064393,0.0167797,0,4.13053,4.13053,0,9.7774,15.2985,2.28928,0.266546,0.131212,0.125829,0.289101,0.471442,0.333711,0.247983,0,3.86756,0,8.60395,16.7868,2.64587,0,0,5.15094,0
18299,73,,0.000480141,,,,,,,,,,,,,,,,,,,,,,,,,,,,,,,,,,,,
18349,73,,0.000480141,,,,,,,,,,,,,,,,,,,,,,,,,,,,,,,,,,,,
18399,73,,0.000480141,,,,,,,,,,,,,,,,,,,,,,,,,,,,,,,,,,,,
18449,73,,0.000480141,,,,,,,,,,,,,,,,,,,,,,,,,,,,,,,,,,,,
18499,73,73,0.000480141,0,0,1,0,0.00092934,0.000295596,2.49658,7.56287e-05,0.364127,0.0145433,0.00686187,0.0172842,0,4.14492,4.14492,0,10.2842,15.3748,2.32252,0.267027,0.134113,0.126895,0.28898,0.470583,0.335147,0.246444,0,4.00891,0,8.98642,16.6895,2.58524,0,0,5.08304,0
18549,74,,0.00047534,,,,,,,,,,,,,,,,,,,,,,,,,,,,,,,,,,,,
18599,74,,0.00047534,,,,,,,,,,,,,,,,,,,,,,,,,,,,,,,,,,,,
18649,74,,0.00047534,,,,,,,,,,,,,,,,,,,,,,,,,,,,,,,,,,,,
18699,74,,0.00047534,,,,,,,,,,,,,,,,,,,,,,,,,,,,,,,,,,,,
18749,74,74,0.00047534,0,0,1,0,0.000925598,0.000306281,2.53216,9.60915e-05,0.379648,0.0142689,0.00731874,0.0187446,0,4.05172,4.05172,0,9.74528,15.4475,2.26379,0.266429,0.132384,0.124698,0.287143,0.470093,0.336668,0.247588,0,3.88746,0,8.77262,16.9337,2.61999,0,0,5.29423,0
18799,75,,0.000470587,,,,,,,,,,,,,,,,,,,,,,,,,,,,,,,,,,,,
18849,75,,0.000470587,,,,,,,,,,,,,,,,,,,,,,,,,,,,,,,,,,,,
18899,75,,0.000470587,,,,,,,,,,,,,,,,,,,,,,,,,,,,,,,,,,,,
18949,75,,0.000470587,,,,,,,,,,,,,,,,,,,,,,,,,,,,,,,,,,,,
18999,75,75,0.000470587,0,0,1,0,0.000865182,0.000295859,2.47234,9.01037e-05,0.361354,0.0129721,0.006853,0.0164862,0,4.10576,4.10576,0,9.98375,15.177,2.28626,0.265006,0.132758,0.122362,0.283268,0.470135,0.337169,0.244346,0,3.8601,0,9.06073,16.7206,2.6378,0,0,5.19397,0
19049,76,,0.000465881,,,,,,,,,,,,,,,,,,,,,,,,,,,,,,,,,,,,
19099,76,,0.000465881,,,,,,,,,,,,,,,,,,,,,,,,,,,,,,,,,,,,
19149,76,,0.000465881,,,,,,,,,,,,,,,,,,,,,,,,,,,,,,,,,,,,
19199,76,,0.000465881,,,,,,,,,,,,,,,,,,,,,,,,,,,,,,,,,,,,
19249,76,76,0.000465881,0,0,1,0,0.000852816,0.000301717,2.58622,7.82185e-05,0.388746,0.0125808,0.00723609,0.0181581,0,4.04158,4.04158,0,10.1021,15.6875,2.29672,0.266888,0.133815,0.12209,0.284568,0.469815,0.336905,0.254133,0,4.09146,0,8.86786,16.756,2.58422,0,0,5.14828,0
19299,77,,0.000461222,,,,,,,,,,,,,,,,,,,,,,,,,,,,,,,,,,,,
19349,77,,0.000461222,,,,,,,,,,,,,,,,,,,,,,,,,,,,,,,,,,,,
19399,77,,0.000461222,,,,,,,,,,,,,,,,,,,,,,,,,,,,,,,,,,,,
19449,77,,0.000461222,,,,,,,,,,,,,,,,,,,,,,,,,,,,,,,,,,,,
19499,77,77,0.000461222,0,0,1,0,0.000881937,0.00030192,2.66584,7.5708e-05,0.390606,0.0137256,0.00721647,0.0177093,0,4.02205,4.02205,0,9.57749,15.0154,2.21431,0.265409,0.132189,0.123356,0.284352,0.468777,0.338675,0.245101,0,3.77715,0,8.64912,16.6325,2.58088,0,0,5.054,0
19549,78,,0.00045661,,,,,,,,,,,,,,,,,,,,,,,,,,,,,,,,,,,,
19599,78,,0.00045661,,,,,,,,,,,,,,,,,,,,,,,,,,,,,,,,,,,,
19649,78,,0.00045661,,,,,,,,,,,,,,,,,,,,,,,,,,,,,,,,,,,,
19699,78,,0.00045661,,,,,,,,,,,,,,,,,,,,,,,,,,,,,,,,,,,,
19749,78,78,0.00045661,0,0,1,0,0.000881018,0.000312153,2.75253,8.71692e-05,0.416583,0.0136974,0.00744429,0.0183411,0,3.94332,3.94332,0,9.93488,15.4388,2.26942,0.264942,0.134635,0.120007,0.282821,0.463639,0.339216,0.249331,0,4.1376,0,8.99305,16.6069,2.62341,0,0,5.09454,0
19799,79,,0.000452044,,,,,,,,,,,,,,,,,,,,,,,,,,,,,,,,,,,,
19849,79,,0.000452044,,,,,,,,,,,,,,,,,,,,,,,,,,,,,,,,,,,,
19899,79,,0.000452044,,,,,,,,,,,,,,,,,,,,,,,,,,,,,,,,,,,,
19949,79,,0.000452044,,,,,,,,,,,,,,,,,,,,,,,,,,,,,,,,,,,,
19999,79,79,0.000452044,0,0,1,0,0.000921486,0.000308576,2.49868,8.79037e-05,0.377498,0.0136332,0.0071848,0.0171273,0,4.07188,4.07188,0,10.2541,15.5569,2.33342,0.263049,0.134771,0.122419,0.283163,0.458488,0.339543,0.239909,0,4.03693,0,9.21238,16.675,2.67989,0,0,5.13549,0
20049,80,,0.000447523,,,,,,,,,,,,,,,,,,,,,,,,,,,,,,,,,,,,
20099,80,,0.000447523,,,,,,,,,,,,,,,,,,,,,,,,,,,,,,,,,,,,
20149,80,,0.000447523,,,,,,,,,,,,,,,,,,,,,,,,,,,,,,,,,,,,
20199,80,,0.000447523,,,,,,,,,,,,,,,,,,,,,,,,,,,,,,,,,,,,
20249,80,80,0.000447523,0,0,1,0,0.000946944,0.000311954,2.62636,8.65087e-05,0.401416,0.0134092,0.00754487,0.0180904,0,3.98935,3.98935,0,10.0615,15.0537,2.27066,0.262815,0.131598,0.117968,0.282943,0.452961,0.34246,0.24896,0,3.86265,0,9.3001,16.7205,2.66273,0,0,5.10756,0
20299,81,,0.000443048,,,,,,,,,,,,,,,,,,,,,,,,,,,,,,,,,,,,
20349,81,,0.000443048,,,,,,,,,,,,,,,,,,,,,,,,,,,,,,,,,,,,
20399,81,,0.000443048,,,,,,,,,,,,,,,,,,,,,,,,,,,,,,,,,,,,
20449,81,,0.000443048,,,,,,,,,,,,,,,,,,,,,,,,,,,,,,,,,,,,
20499,81,81,0.000443048,0,0,1,0,0.000883519,0.000308437,2.559,8.30116e-05,0.385412,0.0121304,0.0075757,0.0176091,0,4.07579,4.07579,0,9.61374,16.1502,2.22711,0.265884,0.13324,0.124008,0.275057,0.463947,0.34101,0.258038,0,4.1706,0,8.98896,17.0423,2.63279,0,0,5.16899,0
20549,82,,0.000438618,,,,,,,,,,,,,,,,,,,,,,,,,,,,,,,,,,,,
20599,82,,0.000438618,,,,,,,,,,,,,,,,,,,,,,,,,,,,,,,,,,,,
20649,82,,0.000438618,,,,,,,,,,,,,,,,,,,,,,,,,,,,,,,,,,,,
20699,82,,0.000438618,,,,,,,,,,,,,,,,,,,,,,,,,,,,,,,,,,,,
20749,82,82,0.000438618,0,0,1,0,0.000909829,0.00030312,2.72827,8.00068e-05,0.403571,0.0130944,0.00711116,0.0170732,0,4.00981,4.00981,0,10.0707,16.3187,2.30724,0.262883,0.13459,0.118148,0.274999,0.460839,0.33956,0.249164,0,4.47989,0,9.29535,16.6531,2.60947,0,0,5.09187,0
20799,83,,0.000434231,,,,,,,,,,,,,,,,,,,,,,,,,,,,,,,,,,,,
20849,83,,0.000434231,,,,,,,,,,,,,,,,,,,,,,,,,,,,,,,,,,,,
20899,83,,0.000434231,,,,,,,,,,,,,,,,,,,,,,,,,,,,,,,,,,,,
20949,83,,0.000434231,,,,,,,,,,,,,,,,,,,,,,,,,,,,,,,,,,,,
20999,83,83,0.000434231,0,0,1,0,0.000918145,0.000317783,2.76764,9.3377e-05,0.425747,0.0135012,0.0077614,0.018266,0,3.9388,3.9388,0,9.49556,14.9439,2.19115,0.263567,0.131623,0.123133,0.27589,0.462001,0.341794,0.246961,0,3.88267,0,8.71193,16.708,2.55252,0,0,5.13691,0
21049,84,,0.000429889,,,,,,,,,,,,,,,,,,,,,,,,,,,,,,,,,,,,
21099,84,,0.000429889,,,,,,,,,,,,,,,,,,,,,,,,,,,,,,,,,,,,
21149,84,,0.000429889,,,,,,,,,,,,,,,,,,,,,,,,,,,,,,,,,,,,
21199,84,,0.000429889,,,,,,,,,,,,,,,,,,,,,,,,,,,,,,,,,,,,
21249,84,84,0.000429889,0,0,1,0,0.000868272,0.000300106,2.8188,7.90873e-05,0.429799,0.012926,0.00738849,0.0180325,0,3.96678,3.96678,0,9.91502,15.5706,2.23984,0.263227,0.132936,0.121898,0.27388,0.462668,0.341637,0.246344,0,3.95413,0,8.98245,16.76,2.56252,0,0,5.12943,0
21299,85,,0.00042559,,,,,,,,,,,,,,,,,,,,,,,,,,,,,,,,,,,,
21349,85,,0.00042559,,,,,,,,,,,,,,,,,,,,,,,,,,,,,,,,,,,,
21399,85,,0.00042559,,,,,,,,,,,,,,,,,,,,,,,,,,,,,,,,,,,,
21449,85,,0.00042559,,,,,,,,,,,,,,,,,,,,,,,,,,,,,,,,,,,,
21499,85,85,0.00042559,0,0,1,0,0.000918144,0.000307836,2.76653,8.83711e-05,0.420131,0.0153458,0.00757569,0.019395,0,3.97574,3.97574,0,9.44253,15.2601,2.18759,0.264739,0.132444,0.123537,0.272698,0.471483,0.341469,0.246802,0,3.88982,0,8.70918,16.7635,2.55592,0,0,5.11837,0
21549,86,,0.000421334,,,,,,,,,,,,,,,,,,,,,,,,,,,,,,,,,,,,
21599,86,,0.000421334,,,,,,,,,,,,,,,,,,,,,,,,,,,,,,,,,,,,
21649,86,,0.000421334,,,,,,,,,,,,,,,,,,,,,,,,,,,,,,,,,,,,
21699,86,,0.000421334,,,,,,,,,,,,,,,,,,,,,,,,,,,,,,,,,,,,
21749,86,86,0.000421334,0,0,1,0,0.000933561,0.000345618,2.84139,8.67886e-05,0.42412,0.0150374,0.00885704,0.020432,0,3.95797,3.95797,0,9.57976,16.5099,2.25513,0.267037,0.134528,0.130378,0.27557,0.466654,0.33675,0.258341,0,4.50014,0,8.86111,17.0138,2.63161,0,0,5.12169,0
21799,87,,0.000417121,,,,,,,,,,,,,,,,,,,,,,,,,,,,,,,,,,,,
21849,87,,0.000417121,,,,,,,,,,,,,,,,,,,,,,,,,,,,,,,,,,,,
21899,87,,0.000417121,,,,,,,,,,,,,,,,,,,,,,,,,,,,,,,,,,,,
21949,87,,0.000417121,,,,,,,,,,,,,,,,,,,,,,,,,,,,,,,,,,,,
21999,87,87,0.000417121,0,0,1,0,0.000918336,0.000313905,2.88057,7.90696e-05,0.427256,0.0140084,0.00759092,0.0179409,0,3.92957,3.92957,0,10.0358,15.5668,2.26888,0.264823,0.133686,0.118501,0.280099,0.465325,0.339244,0.252084,0,4.04313,0,9.05928,16.8258,2.62791,0,0,5.06157,0
22049,88,,0.00041295,,,,,,,,,,,,,,,,,,,,,,,,,,,,,,,,,,,,
22099,88,,0.00041295,,,,,,,,,,,,,,,,,,,,,,,,,,,,,,,,,,,,
22149,88,,0.00041295,,,,,,,,,,,,,,,,,,,,,,,,,,,,,,,,,,,,
22199,88,,0.00041295,,,,,,,,,,,,,,,,,,,,,,,,,,,,,,,,,,,,
22249,88,88,0.00041295,0,0,1,0,0.000919246,0.000329291,2.85165,9.84446e-05,0.430422,0.0144728,0.00825921,0.0199549,0,3.91861,3.91861,0,10.2165,15.8554,2.28295,0.265223,0.136251,0.121636,0.279264,0.465355,0.339721,0.24911,0,4.24252,0,9.2267,16.9729,2.60222,0,0,5.21772,0
22299,89,,0.00040882,,,,,,,,,,,,,,,,,,,,,,,,,,,,,,,,,,,,
22349,89,,0.00040882,,,,,,,,,,,,,,,,,,,,,,,,,,,,,,,,,,,,
22399,89,,0.00040882,,,,,,,,,,,,,,,,,,,,,,,,,,,,,,,,,,,,
22449,89,,0.00040882,,,,,,,,,,,,,,,,,,,,,,,,,,,,,,,,,,,,
22499,89,89,0.00040882,0,0,1,0,0.000891769,0.000321587,2.86892,0.000105113,0.435869,0.014247,0.00793867,0.0202433,0,3.89611,3.89611,0,9.32617,14.9439,2.16617,0.263787,0.130987,0.122483,0.275833,0.466177,0.341754,0.245486,0,3.872,0,8.59375,16.8073,2.57631,0,0,5.27461,0
22549,90,,0.000404732,,,,,,,,,,,,,,,,,,,,,,,,,,,,,,,,,,,,
22599,90,,0.000404732,,,,,,,,,,,,,,,,,,,,,,,,,,,,,,,,,,,,
22649,90,,0.000404732,,,,,,,,,,,,,,,,,,,,,,,,,,,,,,,,,,,,
22699,90,,0.000404732,,,,,,,,,,,,,,,,,,,,,,,,,,,,,,,,,,,,
22749,90,90,0.000404732,0,0,1,0,0.000895822,0.000312487,3.03825,8.52395e-05,0.461437,0.0146243,0.0076439,0.0186617,0,3.86006,3.86006,0,9.48022,14.7577,2.16764,0.264924,0.133043,0.120128,0.275359,0.472228,0.341366,0.247422,0,3.7965,0,8.75994,16.7707,2.61073,0,0,5.06396,0
22799,91,,0.000400685,,,,,,,,,,,,,,,,,,,,,,,,,,,,,,,,,,,,
22849,91,,0.000400685,,,,,,,,,,,,,,,,,,,,,,,,,,,,,,,,,,,,
22899,91,,0.000400685,,,,,,,,,,,,,,,,,,,,,,,,,,,,,,,,,,,,
22949,91,,0.000400685,,,,,,,,,,,,,,,,,,,,,,,,,,,,,,,,,,,,
22999,91,91,0.000400685,0,0,1,0,0.000905885,0.000310769,2.7716,8.66846e-05,0.411747,0.0146758,0.00765858,0.0198728,0,3.91716,3.91716,0,9.86814,16.2027,2.24836,0.26429,0.134694,0.118125,0.276525,0.460723,0.342027,0.253644,0,4.36972,0,8.92557,16.7144,2.60405,0,0,5.07161,0
23049,92,,0.000396678,,,,,,,,,,,,,,,,,,,,,,,,,,,,,,,,,,,,
23099,92,,0.000396678,,,,,,,,,,,,,,,,,,,,,,,,,,,,,,,,,,,,
23149,92,,0.000396678,,,,,,,,,,,,,,,,,,,,,,,,,,,,,,,,,,,,
23199,92,,0.000396678,,,,,,,,,,,,,,,,,,,,,,,,,,,,,,,,,,,,
23249,92,92,0.000396678,0,0,1,0,0.000917302,0.000324508,3.07003,8.96708e-05,0.467792,0.0146163,0.00840454,0.0199533,0,3.82834,3.82834,0,9.52313,15.7303,2.18423,0.26334,0.131798,0.116938,0.273753,0.467412,0.340094,0.250043,0,4.08798,0,8.71891,16.5877,2.61762,0,0,5.0038,0
23299,93,,0.000392711,,,,,,,,,,,,,,,,,,,,,,,,,,,,,,,,,,,,
23349,93,,0.000392711,,,,,,,,,,,,,,,,,,,,,,,,,,,,,,,,,,,,
23399,93,,0.000392711,,,,,,,,,,,,,,,,,,,,,,,,,,,,,,,,,,,,
23449,93,,0.000392711,,,,,,,,,,,,,,,,,,,,,,,,,,,,,,,,,,,,
23499,93,93,0.000392711,0,0,1,0,0.000885249,0.000312373,2.93906,8.68299e-05,0.432523,0.0147087,0.00816781,0.0194794,0,3.86208,3.86208,0,9.40379,14.8031,2.14396,0.263216,0.132827,0.118923,0.274124,0.4636,0.341744,0.248076,0,3.75977,0,8.63251,16.7567,2.59991,0,0,5.0821,0
23549,94,,0.000388784,,,,,,,,,,,,,,,,,,,,,,,,,,,,,,,,,,,,
23599,94,,0.000388784,,,,,,,,,,,,,,,,,,,,,,,,,,,,,,,,,,,,
23649,94,,0.000388784,,,,,,,,,,,,,,,,,,,,,,,,,,,,,,,,,,,,
23699,94,,0.000388784,,,,,,,,,,,,,,,,,,,,,,,,,,,,,,,,,,,,
23749,94,94,0.000388784,0,0,1,0,0.000906629,0.000316726,3.13896,9.31287e-05,0.474787,0.014274,0.00792207,0.0187679,0,3.8046,3.8046,0,9.76726,14.7683,2.22808,0.263214,0.134825,0.120934,0.275928,0.465961,0.341605,0.240031,0,3.88166,0,8.8427,16.6154,2.63921,0,0,5.03279,0
23799,95,,0.000384896,,,,,,,,,,,,,,,,,,,,,,,,,,,,,,,,,,,,
23849,95,,0.000384896,,,,,,,,,,,,,,,,,,,,,,,,,,,,,,,,,,,,
23899,95,,0.000384896,,,,,,,,,,,,,,,,,,,,,,,,,,,,,,,,,,,,
23949,95,,0.000384896,,,,,,,,,,,,,,,,,,,,,,,,,,,,,,,,,,,,
23999,95,95,0.000384896,0,0,1,0,0.000907275,0.000321892,3.0329,9.35082e-05,0.450005,0.0141864,0.00789473,0.0181009,0,3.83348,3.83348,0,9.62218,15.124,2.18977,0.26306,0.131212,0.115469,0.274375,0.47076,0.33911,0.247432,0,3.87664,0,8.70333,16.6969,2.59839,0,0,5.13474,0
24049,96,,0.000381047,,,,,,,,,,,,,,,,,,,,,,,,,,,,,,,,,,,,
24099,96,,0.000381047,,,,,,,,,,,,,,,,,,,,,,,,,,,,,,,,,,,,
24149,96,,0.000381047,,,,,,,,,,,,,,,,,,,,,,,,,,,,,,,,,,,,
24199,96,,0.000381047,,,,,,,,,,,,,,,,,,,,,,,,,,,,,,,,,,,,
24249,96,96,0.000381047,0,0,1,0,0.000900614,0.000325572,3.05258,9.88089e-05,0.455162,0.0142421,0.00788602,0.0184262,0,3.84285,3.84285,0,9.39848,14.5348,2.15521,0.261854,0.131372,0.115847,0.272289,0.466636,0.341962,0.243017,0,3.70502,0,8.49953,16.4954,2.56645,0,0,4.9875,0
24299,97,,0.000377237,,,,,,,,,,,,,,,,,,,,,,,,,,,,,,,,,,,,
24349,97,,0.000377237,,,,,,,,,,,,,,,,,,,,,,,,,,,,,,,,,,,,
24399,97,,0.000377237,,,,,,,,,,,,,,,,,,,,,,,,,,,,,,,,,,,,
24449,97,,0.000377237,,,,,,,,,,,,,,,,,,,,,,,,,,,,,,,,,,,,
24499,97,97,0.000377237,0,0,1,0,0.000943255,0.00035204,3.11554,0.00010417,0.480534,0.01668,0.00881242,0.0199751,0,3.8162,3.8162,0,9.31098,14.5462,2.13895,0.263295,0.133727,0.117675,0.273488,0.467084,0.341927,0.245867,0,3.78456,0,8.4405,16.6437,2.57284,0,0,5.00795,0
24549,98,,0.000373464,,,,,,,,,,,,,,,,,,,,,,,,,,,,,,,,,,,,
24599,98,,0.000373464,,,,,,,,,,,,,,,,,,,,,,,,,,,,,,,,,,,,
24649,98,,0.000373464,,,,,,,,,,,,,,,,,,,,,,,,,,,,,,,,,,,,
24699,98,,0.000373464,,,,,,,,,,,,,,,,,,,,,,,,,,,,,,,,,,,,
24749,98,98,0.000373464,0,0,1,0,0.000902466,0.000320915,3.026,8.77148e-05,0.438284,0.0135102,0.00809482,0.0185073,0,3.81874,3.81874,0,9.28581,14.6763,2.15533,0.262747,0.131892,0.115768,0.27252,0.468898,0.340546,0.246859,0,3.72856,0,8.5742,16.5908,2.57752,0,0,5.01919,0
24799,99,,0.00036973,,,,,,,,,,,,,,,,,,,,,,,,,,,,,,,,,,,,
24849,99,,0.00036973,,,,,,,,,,,,,,,,,,,,,,,,,,,,,,,,,,,,
24899,99,,0.00036973,,,,,,,,,,,,,,,,,,,,,,,,,,,,,,,,,,,,
24949,99,,0.00036973,,,,,,,,,,,,,,,,,,,,,,,,,,,,,,,,,,,,
24999,99,99,0.00036973,0,0,1,0,0.000898289,0.000328149,3.18214,9.01849e-05,0.474457,0.0139759,0.00829687,0.0194032,0,3.80491,3.80491,0,9.39661,15.3618,2.16044,0.261843,0.132528,0.117237,0.269457,0.466774,0.340893,0.244166,0,3.91216,0,8.70957,16.6091,2.5935,0,0,4.98837,0
25049,100,,0.000366032,,,,,,,,,,,,,,,,,,,,,,,,,,,,,,,,,,,,
25099,100,,0.000366032,,,,,,,,,,,,,,,,,,,,,,,,,,,,,,,,,,,,
25149,100,,0.000366032,,,,,,,,,,,,,,,,,,,,,,,,,,,,,,,,,,,,
25199,100,,0.000366032,,,,,,,,,,,,,,,,,,,,,,,,,,,,,,,,,,,,
25249,100,100,0.000366032,0,0,1,0,0.000898994,0.000323349,3.10312,0.000100046,0.457048,0.0140453,0.0083088,0.019566,0,3.81806,3.81806,0,9.22437,15.2912,2.13807,0.262009,0.13064,0.114188,0.270575,0.468537,0.342049,0.246063,0,3.96783,0,8.399,16.7407,2.60116,0,0,5.13999,0
25299,101,,0.000362372,,,,,,,,,,,,,,,,,,,,,,,,,,,,,,,,,,,,
25349,101,,0.000362372,,,,,,,,,,,,,,,,,,,,,,,,,,,,,,,,,,,,
25399,101,,0.000362372,,,,,,,,,,,,,,,,,,,,,,,,,,,,,,,,,,,,
25449,101,,0.000362372,,,,,,,,,,,,,,,,,,,,,,,,,,,,,,,,,,,,
25499,101,101,0.000362372,0,0,1,0,0.000922539,0.000335878,3.0077,0.000100712,0.448106,0.0163587,0.00855681,0.021278,0,3.90068,3.90068,0,9.37956,15.617,2.16591,0.263474,0.132675,0.111933,0.269871,0.472695,0.343758,0.249911,0,4.01914,0,8.64011,16.7676,2.56742,0,0,5.1339,0
25549,102,,0.000358748,,,,,,,,,,,,,,,,,,,,,,,,,,,,,,,,,,,,
25599,102,,0.000358748,,,,,,,,,,,,,,,,,,,,,,,,,,,,,,,,,,,,
25649,102,,0.000358748,,,,,,,,,,,,,,,,,,,,,,,,,,,,,,,,,,,,
25699,102,,0.000358748,,,,,,,,,,,,,,,,,,,,,,,,,,,,,,,,,,,,
25749,102,102,0.000358748,0,0,1,0,0.000906112,0.000328593,3.22915,9.06017e-05,0.489542,0.0146112,0.00855753,0.019988,0,3.71845,3.71845,0,9.62012,16.0537,2.2089,0.265458,0.134248,0.113859,0.272621,0.474845,0.346192,0.250982,0,4.36966,0,8.84381,16.9068,2.56939,0,0,5.24095,0
25799,103,,0.000355161,,,,,,,,,,,,,,,,,,,,,,,,,,,,,,,,,,,,
25849,103,,0.000355161,,,,,,,,,,,,,,,,,,,,,,,,,,,,,,,,,,,,
25899,103,,0.000355161,,,,,,,,,,,,,,,,,,,,,,,,,,,,,,,,,,,,
25949,103,,0.000355161,,,,,,,,,,,,,,,,,,,,,,,,,,,,,,,,,,,,
25999,103,103,0.000355161,0,0,1,0,0.00087964,0.00032324,3.28751,9.2198e-05,0.490261,0.0150574,0.00826546,0.0205954,0,3.75162,3.75162,0,9.04585,15.7542,2.12756,0.262947,0.131343,0.119813,0.274393,0.466302,0.339801,0.246033,0,4.01776,0,8.31086,16.9984,2.57334,0,0,5.21703,0
26049,104,,0.000351609,,,,,,,,,,,,,,,,,,,,,,,,,,,,,,,,,,,,
26099,104,,0.000351609,,,,,,,,,,,,,,,,,,,,,,,,,,,,,,,,,,,,
26149,104,,0.000351609,,,,,,,,,,,,,,,,,,,,,,,,,,,,,,,,,,,,
26199,104,,0.000351609,,,,,,,,,,,,,,,,,,,,,,,,,,,,,,,,,,,,
26249,104,104,0.000351609,0,0,1,0,0.000896741,0.000353884,3.30287,0.000104085,0.492466,0.014596,0.00941106,0.0209051,0,3.69596,3.69596,0,9.19124,14.591,2.1249,0.261966,0.130647,0.110885,0.269412,0.473347,0.343564,0.243943,0,3.63736,0,8.53329,16.6805,2.5533,0,0,5.07147,0
26299,105,,0.000348093,,,,,,,,,,,,,,,,,,,,,,,,,,,,,,,,,,,,
26349,105,,0.000348093,,,,,,,,,,,,,,,,,,,,,,,,,,,,,,,,,,,,
26399,105,,0.000348093,,,,,,,,,,,,,,,,,,,,,,,,,,,,,,,,,,,,
26449,105,,0.000348093,,,,,,,,,,,,,,,,,,,,,,,,,,,,,,,,,,,,
26499,105,105,0.000348093,0,0,1,0,0.000890994,0.000333712,3.30808,9.9849e-05,0.49579,0.0145303,0.00854855,0.0199036,0,3.72745,3.72745,0,9.15369,14.4467,2.0931,0.262137,0.131846,0.112251,0.26907,0.46939,0.343661,0.246603,0,3.64945,0,8.62748,16.605,2.54285,0,0,4.96928,0
26549,106,,0.000344612,,,,,,,,,,,,,,,,,,,,,,,,,,,,,,,,,,,,
26599,106,,0.000344612,,,,,,,,,,,,,,,,,,,,,,,,,,,,,,,,,,,,
26649,106,,0.000344612,,,,,,,,,,,,,,,,,,,,,,,,,,,,,,,,,,,,
26699,106,,0.000344612,,,,,,,,,,,,,,,,,,,,,,,,,,,,,,,,,,,,
26749,106,106,0.000344612,0,0,1,0,0.000852139,0.000323027,3.12225,8.79998e-05,0.456085,0.0130504,0.00852171,0.0180635,0,3.7827,3.7827,0,9.28346,15.419,2.14912,0.261875,0.131551,0.112679,0.268772,0.470984,0.344135,0.243129,0,4.00314,0,8.55879,16.5674,2.55036,0,0,5.0188,0
26799,107,,0.000341166,,,,,,,,,,,,,,,,,,,,,,,,,,,,,,,,,,,,
26849,107,,0.000341166,,,,,,,,,,,,,,,,,,,,,,,,,,,,,,,,,,,,
26899,107,,0.000341166,,,,,,,,,,,,,,,,,,,,,,,,,,,,,,,,,,,,
26949,107,,0.000341166,,,,,,,,,,,,,,,,,,,,,,,,,,,,,,,,,,,,
26999,107,107,0.000341166,0,0,1,0,0.000877546,0.000334234,3.25675,9.87388e-05,0.480144,0.0139126,0.00868236,0.0198415,0,3.74061,3.74061,0,9.13145,14.4237,2.10309,0.26217,0.130757,0.113838,0.268312,0.468788,0.345411,0.245916,0,3.64387,0,8.62112,16.5965,2.54358,0,0,4.96113,0
27049,108,,0.000337754,,,,,,,,,,,,,,,,,,,,,,,,,,,,,,,,,,,,
27099,108,,0.000337754,,,,,,,,,,,,,,,,,,,,,,,,,,,,,,,,,,,,
27149,108,,0.000337754,,,,,,,,,,,,,,,,,,,,,,,,,,,,,,,,,,,,
27199,108,,0.000337754,,,,,,,,,,,,,,,,,,,,,,,,,,,,,,,,,,,,
27249,108,108,0.000337754,0,0,1,0,0.000881844,0.000338448,3.24702,0.000104029,0.479019,0.0142467,0.00879309,0.019388,0,3.77141,3.77141,0,9.31827,14.5497,2.12311,0.26135,0.132763,0.109661,0.266625,0.469866,0.345291,0.243898,0,3.68176,0,8.6959,16.554,2.56351,0,0,5.00001,0
27299,109,,0.000334377,,,,,,,,,,,,,,,,,,,,,,,,,,,,,,,,,,,,
27349,109,,0.000334377,,,,,,,,,,,,,,,,,,,,,,,,,,,,,,,,,,,,
27399,109,,0.000334377,,,,,,,,,,,,,,,,,,,,,,,,,,,,,,,,,,,,
27449,109,,0.000334377,,,,,,,,,,,,,,,,,,,,,,,,,,,,,,,,,,,,
27499,109,109,0.000334377,0,0,1,0,0.000917278,0.000335789,3.43735,0.00010357,0.515316,0.015471,0.00858747,0.0210934,0,3.68779,3.68779,0,9.22213,14.3127,2.11404,0.262534,0.132129,0.111794,0.267942,0.469717,0.344797,0.248824,0,3.61776,0,8.61697,16.5355,2.53307,0,0,4.93658,0
27549,110,,0.000331033,,,,,,,,,,,,,,,,,,,,,,,,,,,,,,,,,,,,
27599,110,,0.000331033,,,,,,,,,,,,,,,,,,,,,,,,,,,,,,,,,,,,
27649,110,,0.000331033,,,,,,,,,,,,,,,,,,,,,,,,,,,,,,,,,,,,
27699,110,,0.000331033,,,,,,,,,,,,,,,,,,,,,,,,,,,,,,,,,,,,
27749,110,110,0.000331033,0,0,1,0,0.000894916,0.000357263,3.44527,0.000108092,0.523151,0.0149284,0.00913222,0.0201269,0,3.66221,3.66221,0,9.06137,14.6189,2.0921,0.260555,0.131146,0.107775,0.267227,0.471531,0.34519,0.24046,0,3.68592,0,8.4444,16.524,2.54899,0,0,5.02241,0
27799,111,,0.000327723,,,,,,,,,,,,,,,,,,,,,,,,,,,,,,,,,,,,
27849,111,,0.000327723,,,,,,,,,,,,,,,,,,,,,,,,,,,,,,,,,,,,
27899,111,,0.000327723,,,,,,,,,,,,,,,,,,,,,,,,,,,,,,,,,,,,
27949,111,,0.000327723,,,,,,,,,,,,,,,,,,,,,,,,,,,,,,,,,,,,
27999,111,111,0.000327723,0,0,1,0,0.00089534,0.000347303,3.09615,0.000108818,0.469418,0.0154797,0.00965148,0.0231875,0,3.80077,3.80077,0,9.52426,14.375,2.13914,0.263478,0.132685,0.107299,0.270515,0.47007,0.344188,0.256111,0,3.70408,0,8.81983,16.5008,2.57686,0,0,4.98989,0
28049,112,,0.000324446,,,,,,,,,,,,,,,,,,,,,,,,,,,,,,,,,,,,
28099,112,,0.000324446,,,,,,,,,,,,,,,,,,,,,,,,,,,,,,,,,,,,
28149,112,,0.000324446,,,,,,,,,,,,,,,,,,,,,,,,,,,,,,,,,,,,
28199,112,,0.000324446,,,,,,,,,,,,,,,,,,,,,,,,,,,,,,,,,,,,
28249,112,112,0.000324446,0,0,1,0,0.000871652,0.000327819,3.4521,9.25465e-05,0.520572,0.0137138,0.00847338,0.0201431,0,3.65101,3.65101,0,9.1584,15.8006,2.13368,0.261447,0.132438,0.113544,0.265593,0.47038,0.343487,0.243238,0,4.11136,0,8.55644,16.8012,2.5598,0,0,5.11143,0
28299,113,,0.000321201,,,,,,,,,,,,,,,,,,,,,,,,,,,,,,,,,,,,
28349,113,,0.000321201,,,,,,,,,,,,,,,,,,,,,,,,,,,,,,,,,,,,
28399,113,,0.000321201,,,,,,,,,,,,,,,,,,,,,,,,,,,,,,,,,,,,
28449,113,,0.000321201,,,,,,,,,,,,,,,,,,,,,,,,,,,,,,,,,,,,
28499,113,113,0.000321201,0,0,1,0,0.000907121,0.000337912,3.29727,9.33662e-05,0.49415,0.0152204,0.00844471,0.0193006,0,3.69578,3.69578,0,9.04463,14.2494,2.09091,0.26175,0.131935,0.115626,0.269526,0.468361,0.342624,0.242427,0,3.612,0,8.52632,16.6323,2.55381,0,0,4.94558,0
28549,114,,0.000317989,,,,,,,,,,,,,,,,,,,,,,,,,,,,,,,,,,,,
28599,114,,0.000317989,,,,,,,,,,,,,,,,,,,,,,,,,,,,,,,,,,,,
28649,114,,0.000317989,,,,,,,,,,,,,,,,,,,,,,,,,,,,,,,,,,,,
28699,114,,0.000317989,,,,,,,,,,,,,,,,,,,,,,,,,,,,,,,,,,,,
28749,114,114,0.000317989,0,0,1,0,0.000868747,0.000336326,3.23783,0.000102415,0.482201,0.0146736,0.00875722,0.0197144,0,3.81607,3.81607,0,9.15023,15.4114,2.11849,0.262844,0.13033,0.11238,0.271293,0.468148,0.34583,0.249085,0,4.04587,0,8.3621,16.7755,2.54098,0,0,5.1393,0
28799,115,,0.000314809,,,,,,,,,,,,,,,,,,,,,,,,,,,,,,,,,,,,
28849,115,,0.000314809,,,,,,,,,,,,,,,,,,,,,,,,,,,,,,,,,,,,
28899,115,,0.000314809,,,,,,,,,,,,,,,,,,,,,,,,,,,,,,,,,,,,
28949,115,,0.000314809,,,,,,,,,,,,,,,,,,,,,,,,,,,,,,,,,,,,
28999,115,115,0.000314809,0,0,1,0,0.000870262,0.000337676,3.48461,9.5694e-05,0.527888,0.0144393,0.00893422,0.0203607,0,3.60771,3.60771,0,8.87523,14.6676,2.07222,0.260387,0.131112,0.109524,0.268007,0.466955,0.345477,0.241247,0,3.67697,0,8.37796,16.5183,2.53117,0,0,4.9951,0
29049,116,,0.000311661,,,,,,,,,,,,,,,,,,,,,,,,,,,,,,,,,,,,
29099,116,,0.000311661,,,,,,,,,,,,,,,,,,,,,,,,,,,,,,,,,,,,
29149,116,,0.000311661,,,,,,,,,,,,,,,,,,,,,,,,,,,,,,,,,,,,
29199,116,,0.000311661,,,,,,,,,,,,,,,,,,,,,,,,,,,,,,,,,,,,
29249,116,116,0.000311661,0,0,1,0,0.000885804,0.000340686,3.36717,0.000105602,0.504371,0.0156494,0.00892937,0.0204282,0,3.7554,3.7554,0,9.48082,15.5706,2.16852,0.26672,0.135424,0.129256,0.273195,0.464544,0.344271,0.253627,0,4.17067,0,8.88672,17.131,2.61128,0,0,5.22662,0
29299,117,,0.000308544,,,,,,,,,,,,,,,,,,,,,,,,,,,,,,,,,,,,
29349,117,,0.000308544,,,,,,,,,,,,,,,,,,,,,,,,,,,,,,,,,,,,
29399,117,,0.000308544,,,,,,,,,,,,,,,,,,,,,,,,,,,,,,,,,,,,
29449,117,,0.000308544,,,,,,,,,,,,,,,,,,,,,,,,,,,,,,,,,,,,
29499,117,117,0.000308544,0,0,1,0,0.000876746,0.00034081,3.56193,9.73576e-05,0.549621,0.0146057,0.0087131,0.020599,0,3.62093,3.62093,0,9.25099,14.22,2.10446,0.262449,0.130966,0.110483,0.269602,0.468516,0.344054,0.251069,0,3.54446,0,8.611,16.4071,2.50457,0,0,5.0138,0
29549,118,,0.000305459,,,,,,,,,,,,,,,,,,,,,,,,,,,,,,,,,,,,
29599,118,,0.000305459,,,,,,,,,,,,,,,,,,,,,,,,,,,,,,,,,,,,
29649,118,,0.000305459,,,,,,,,,,,,,,,,,,,,,,,,,,,,,,,,,,,,
29699,118,,0.000305459,,,,,,,,,,,,,,,,,,,,,,,,,,,,,,,,,,,,
29749,118,118,0.000305459,0,0,1,0,0.000874409,0.000342785,3.50297,9.35291e-05,0.53059,0.0144822,0.00894259,0.0205012,0,3.61557,3.61557,0,9.21367,14.3835,2.09837,0.261099,0.131931,0.107807,0.267405,0.46913,0.345303,0.245019,0,3.63772,0,8.66215,16.3872,2.50705,0,0,4.90089,0
29799,119,,0.000302404,,,,,,,,,,,,,,,,,,,,,,,,,,,,,,,,,,,,
29849,119,,0.000302404,,,,,,,,,,,,,,,,,,,,,,,,,,,,,,,,,,,,
29899,119,,0.000302404,,,,,,,,,,,,,,,,,,,,,,,,,,,,,,,,,,,,
29949,119,,0.000302404,,,,,,,,,,,,,,,,,,,,,,,,,,,,,,,,,,,,
29999,119,119,0.000302404,0,0,1,0,0.000885797,0.000342775,3.67582,9.99377e-05,0.561901,0.0150758,0.00897949,0.0199451,0,3.56093,3.56093,0,9.46412,14.4408,2.09616,0.260848,0.135631,0.107317,0.268435,0.46694,0.341094,0.245673,0,4.01222,0,8.85168,16.3671,2.54961,0,0,4.98289,0
30049,120,,0.00029938,,,,,,,,,,,,,,,,,,,,,,,,,,,,,,,,,,,,
30099,120,,0.00029938,,,,,,,,,,,,,,,,,,,,,,,,,,,,,,,,,,,,
30149,120,,0.00029938,,,,,,,,,,,,,,,,,,,,,,,,,,,,,,,,,,,,
30199,120,,0.00029938,,,,,,,,,,,,,,,,,,,,,,,,,,,,,,,,,,,,
30249,120,120,0.00029938,0,0,1,0,0.000889163,0.000329498,3.44703,9.14822e-05,0.53537,0.0153211,0.00855422,0.0201493,0,3.66008,3.66008,0,9.24324,14.122,2.09269,0.261515,0.133205,0.108122,0.267809,0.46903,0.3444,0.246526,0,3.6331,0,8.77209,16.4863,2.56781,0,0,4.9438,0
30299,121,,0.000296387,,,,,,,,,,,,,,,,,,,,,,,,,,,,,,,,,,,,
30349,121,,0.000296387,,,,,,,,,,,,,,,,,,,,,,,,,,,,,,,,,,,,
30399,121,,0.000296387,,,,,,,,,,,,,,,,,,,,,,,,,,,,,,,,,,,,
30449,121,,0.000296387,,,,,,,,,,,,,,,,,,,,,,,,,,,,,,,,,,,,
30499,121,121,0.000296387,0,0,1,0,0.000882707,0.000347482,3.58883,9.73285e-05,0.553955,0.0142,0.00945751,0.0194655,0,3.61547,3.61547,0,9.36887,14.5274,2.15453,0.26067,0.132049,0.107814,0.269945,0.468835,0.345046,0.240327,0,3.65711,0,8.79134,16.4352,2.58209,0,0,4.88473,0
30549,122,,0.000293423,,,,,,,,,,,,,,,,,,,,,,,,,,,,,,,,,,,,
30599,122,,0.000293423,,,,,,,,,,,,,,,,,,,,,,,,,,,,,,,,,,,,
30649,122,,0.000293423,,,,,,,,,,,,,,,,,,,,,,,,,,,,,,,,,,,,
30699,122,,0.000293423,,,,,,,,,,,,,,,,,,,,,,,,,,,,,,,,,,,,
30749,122,122,0.000293423,0,0,1,0,0.000897486,0.000351866,3.46677,0.000106897,0.530442,0.0157333,0.00967811,0.0217453,0,3.69947,3.69947,0,8.4981,14.2681,2.02007,0.260351,0.129843,0.108688,0.265211,0.471217,0.347913,0.239234,0,3.82743,0,7.97085,16.5252,2.55044,0,0,5.18381,0
30799,123,,0.000290489,,,,,,,,,,,,,,,,,,,,,,,,,,,,,,,,,,,,
30849,123,,0.000290489,,,,,,,,,,,,,,,,,,,,,,,,,,,,,,,,,,,,
30899,123,,0.000290489,,,,,,,,,,,,,,,,,,,,,,,,,,,,,,,,,,,,
30949,123,,0.000290489,,,,,,,,,,,,,,,,,,,,,,,,,,,,,,,,,,,,
30999,123,123,0.000290489,0,0,1,0,0.000849115,0.000349519,3.54309,9.89143e-05,0.530736,0.0138769,0.00933337,0.0199574,0,3.62788,3.62788,0,9.15056,14.3687,2.09494,0.260143,0.131234,0.108136,0.267228,0.467738,0.345092,0.241427,0,3.61428,0,8.6006,16.3796,2.5537,0,0,4.89882,0
31049,124,,0.000287584,,,,,,,,,,,,,,,,,,,,,,,,,,,,,,,,,,,,
31099,124,,0.000287584,,,,,,,,,,,,,,,,,,,,,,,,,,,,,,,,,,,,
31149,124,,0.000287584,,,,,,,,,,,,,,,,,,,,,,,,,,,,,,,,,,,,
31199,124,,0.000287584,,,,,,,,,,,,,,,,,,,,,,,,,,,,,,,,,,,,
31249,124,124,0.000287584,0,0,1,0,0.000860957,0.000335716,3.51703,9.8078e-05,0.534247,0.014093,0.00868201,0.0198109,0,3.59345,3.59345,0,8.77652,14.1637,2.04097,0.259518,0.130559,0.105394,0.265812,0.468196,0.343979,0.243167,0,3.49714,0,8.28334,16.455,2.52376,0,0,4.95792,0
31299,125,,0.000284708,,,,,,,,,,,,,,,,,,,,,,,,,,,,,,,,,,,,
31349,125,,0.000284708,,,,,,,,,,,,,,,,,,,,,,,,,,,,,,,,,,,,
31399,125,,0.000284708,,,,,,,,,,,,,,,,,,,,,,,,,,,,,,,,,,,,
31449,125,,0.000284708,,,,,,,,,,,,,,,,,,,,,,,,,,,,,,,,,,,,
31499,125,125,0.000284708,0,0,1,0,0.000861504,0.000345312,3.72425,9.44407e-05,0.569763,0.0141929,0.00918703,0.0201556,0,3.52141,3.52141,0,8.88959,14.153,2.05986,0.259926,0.13053,0.106944,0.267647,0.467978,0.345735,0.240724,0,3.5443,0,8.40294,16.4143,2.51434,0,0,4.94006,0
31549,126,,0.000281861,,,,,,,,,,,,,,,,,,,,,,,,,,,,,,,,,,,,
31599,126,,0.000281861,,,,,,,,,,,,,,,,,,,,,,,,,,,,,,,,,,,,
31649,126,,0.000281861,,,,,,,,,,,,,,,,,,,,,,,,,,,,,,,,,,,,
31699,126,,0.000281861,,,,,,,,,,,,,,,,,,,,,,,,,,,,,,,,,,,,
31749,126,126,0.000281861,0,0,1,0,0.000890471,0.000350799,3.70086,9.3477e-05,0.573493,0.0159664,0.00963113,0.0210832,0,3.57827,3.57827,0,8.89085,14.1196,2.08313,0.260118,0.131052,0.106801,0.267208,0.466868,0.345563,0.243217,0,3.55817,0,8.57352,16.4187,2.50296,0,0,5.00343,0
31799,127,,0.000279042,,,,,,,,,,,,,,,,,,,,,,,,,,,,,,,,,,,,
31849,127,,0.000279042,,,,,,,,,,,,,,,,,,,,,,,,,,,,,,,,,,,,
31899,127,,0.000279042,,,,,,,,,,,,,,,,,,,,,,,,,,,,,,,,,,,,
31949,127,,0.000279042,,,,,,,,,,,,,,,,,,,,,,,,,,,,,,,,,,,,
31999,127,127,0.000279042,0,0,1,0,0.000889272,0.000351733,3.32643,0.000124002,0.503513,0.0156032,0.00914674,0.0208374,0,3.69633,3.69633,0,9.13473,14.935,2.09036,0.260741,0.1314,0.107445,0.267203,0.468982,0.343447,0.245971,0,3.77038,0,8.45999,16.5605,2.52024,0,0,5.00163,0
32049,128,,0.000276252,,,,,,,,,,,,,,,,,,,,,,,,,,,,,,,,,,,,
32099,128,,0.000276252,,,,,,,,,,,,,,,,,,,,,,,,,,,,,,,,,,,,
32149,128,,0.000276252,,,,,,,,,,,,,,,,,,,,,,,,,,,,,,,,,,,,
32199,128,,0.000276252,,,,,,,,,,,,,,,,,,,,,,,,,,,,,,,,,,,,
32249,128,128,0.000276252,0,0,1,0,0.000890851,0.000351476,3.78389,9.626e-05,0.581487,0.0147758,0.00904235,0.0202412,0,3.52005,3.52005,0,8.77853,14.0348,2.0432,0.260279,0.131258,0.106668,0.266629,0.468964,0.343176,0.244976,0,3.47076,0,8.53366,16.5854,2.51525,0,0,4.96457,0
32299,129,,0.000273489,,,,,,,,,,,,,,,,,,,,,,,,,,,,,,,,,,,,
32349,129,,0.000273489,,,,,,,,,,,,,,,,,,,,,,,,,,,,,,,,,,,,
32399,129,,0.000273489,,,,,,,,,,,,,,,,,,,,,,,,,,,,,,,,,,,,
32449,129,,0.000273489,,,,,,,,,,,,,,,,,,,,,,,,,,,,,,,,,,,,
32499,129,129,0.000273489,0,0,1,0,0.00089032,0.000348159,3.64313,9.61586e-05,0.552571,0.0157849,0.00934434,0.0207134,0,3.60747,3.60747,0,8.85277,14.5469,2.05296,0.258778,0.130949,0.103379,0.266658,0.469231,0.343374,0.239077,0,3.66289,0,8.31125,16.5354,2.55527,0,0,5.01384,0
32549,130,,0.000270754,,,,,,,,,,,,,,,,,,,,,,,,,,,,,,,,,,,,
32599,130,,0.000270754,,,,,,,,,,,,,,,,,,,,,,,,,,,,,,,,,,,,
32649,130,,0.000270754,,,,,,,,,,,,,,,,,,,,,,,,,,,,,,,,,,,,
32699,130,,0.000270754,,,,,,,,,,,,,,,,,,,,,,,,,,,,,,,,,,,,
32749,130,130,0.000270754,0,0,1,0,0.00087907,0.000355429,3.75055,0.000120492,0.579073,0.0150639,0.00964704,0.0220416,0,3.52247,3.52247,0,8.72249,14.0171,2.04183,0.26,0.131173,0.105476,0.265697,0.467426,0.344523,0.245702,0,3.47574,0,8.46343,16.5833,2.57158,0,0,4.98135,0
32799,131,,0.000268047,,,,,,,,,,,,,,,,,,,,,,,,,,,,,,,,,,,,
32849,131,,0.000268047,,,,,,,,,,,,,,,,,,,,,,,,,,,,,,,,,,,,
32899,131,,0.000268047,,,,,,,,,,,,,,,,,,,,,,,,,,,,,,,,,,,,
32949,131,,0.000268047,,,,,,,,,,,,,,,,,,,,,,,,,,,,,,,,,,,,
32999,131,131,0.000268047,0,0,1,0,0.000847478,0.000333012,3.62397,9.75207e-05,0.552776,0.0142904,0.00865907,0.0196934,0,3.59713,3.59713,0,9.05964,14.5366,2.07447,0.260395,0.132649,0.103943,0.266648,0.467631,0.344301,0.247198,0,3.72886,0,8.58382,16.505,2.5634,0,0,4.95289,0
33049,132,,0.000265366,,,,,,,,,,,,,,,,,,,,,,,,,,,,,,,,,,,,
33099,132,,0.000265366,,,,,,,,,,,,,,,,,,,,,,,,,,,,,,,,,,,,
33149,132,,0.000265366,,,,,,,,,,,,,,,,,,,,,,,,,,,,,,,,,,,,
33199,132,,0.000265366,,,,,,,,,,,,,,,,,,,,,,,,,,,,,,,,,,,,
33249,132,132,0.000265366,0,0,1,0,0.000881173,0.000357574,3.73651,9.55717e-05,0.580477,0.0153538,0.00993171,0.0209887,0,3.50886,3.50886,0,8.60264,14.1773,2.01034,0.259478,0.130551,0.107544,0.264972,0.467226,0.3443,0.242274,0,3.55272,0,8.1652,16.5638,2.53911,0,0,5.07163,0
33299,133,,0.000262713,,,,,,,,,,,,,,,,,,,,,,,,,,,,,,,,,,,,
33349,133,,0.000262713,,,,,,,,,,,,,,,,,,,,,,,,,,,,,,,,,,,,
33399,133,,0.000262713,,,,,,,,,,,,,,,,,,,,,,,,,,,,,,,,,,,,
33449,133,,0.000262713,,,,,,,,,,,,,,,,,,,,,,,,,,,,,,,,,,,,
33499,133,133,0.000262713,0,0,1,0,0.00085395,0.000358553,3.61041,0.000100374,0.54761,0.0142969,0.00997358,0.020354,0,3.58263,3.58263,0,9.4875,14.3255,2.1342,0.258989,0.132301,0.104914,0.268818,0.465474,0.342712,0.239715,0,3.74237,0,8.99286,16.5239,2.57516,0,0,4.94676,0
33549,134,,0.000260085,,,,,,,,,,,,,,,,,,,,,,,,,,,,,,,,,,,,
33599,134,,0.000260085,,,,,,,,,,,,,,,,,,,,,,,,,,,,,,,,,,,,
33649,134,,0.000260085,,,,,,,,,,,,,,,,,,,,,,,,,,,,,,,,,,,,
33699,134,,0.000260085,,,,,,,,,,,,,,,,,,,,,,,,,,,,,,,,,,,,
33749,134,134,0.000260085,0,0,1,0,0.000861736,0.000352713,3.71545,9.91591e-05,0.568897,0.0145308,0.00928838,0.0194501,0,3.48396,3.48396,0,9.03688,13.9136,2.03545,0.260622,0.132791,0.107166,0.265798,0.468221,0.340945,0.248813,0,3.70117,0,8.70214,16.4864,2.55643,0,0,4.935,0
33799,135,,0.000257485,,,,,,,,,,,,,,,,,,,,,,,,,,,,,,,,,,,,
33849,135,,0.000257485,,,,,,,,,,,,,,,,,,,,,,,,,,,,,,,,,,,,
33899,135,,0.000257485,,,,,,,,,,,,,,,,,,,,,,,,,,,,,,,,,,,,
33949,135,,0.000257485,,,,,,,,,,,,,,,,,,,,,,,,,,,,,,,,,,,,
33999,135,135,0.000257485,0,0,1,0,0.000853402,0.000355938,3.56206,9.86324e-05,0.546871,0.0149594,0.00970642,0.0210536,0,3.58783,3.58783,0,9.02493,14.5406,2.0742,0.259843,0.13111,0.105354,0.267409,0.467627,0.343066,0.244489,0,3.68321,0,8.36889,16.4461,2.54815,0,0,4.9117,0
34049,136,,0.00025491,,,,,,,,,,,,,,,,,,,,,,,,,,,,,,,,,,,,
34099,136,,0.00025491,,,,,,,,,,,,,,,,,,,,,,,,,,,,,,,,,,,,
34149,136,,0.00025491,,,,,,,,,,,,,,,,,,,,,,,,,,,,,,,,,,,,
34199,136,,0.00025491,,,,,,,,,,,,,,,,,,,,,,,,,,,,,,,,,,,,
34249,136,136,0.00025491,0,0,1,0,0.000868522,0.000355385,3.71383,0.000103329,0.566397,0.0148929,0.0101195,0.0220937,0,3.53807,3.53807,0,8.54115,14.1594,2.01506,0.26195,0.131076,0.116095,0.267203,0.467896,0.344289,0.245138,0,3.58222,0,8.19531,16.5655,2.53588,0,0,4.9711,0
34299,137,,0.000252361,,,,,,,,,,,,,,,,,,,,,,,,,,,,,,,,,,,,
34349,137,,0.000252361,,,,,,,,,,,,,,,,,,,,,,,,,,,,,,,,,,,,
34399,137,,0.000252361,,,,,,,,,,,,,,,,,,,,,,,,,,,,,,,,,,,,
34449,137,,0.000252361,,,,,,,,,,,,,,,,,,,,,,,,,,,,,,,,,,,,
34499,137,137,0.000252361,0,0,1,0,0.00089262,0.000358025,3.74303,0.000103104,0.581029,0.0153181,0.0100308,0.0215407,0,3.5184,3.5184,0,9.30054,15.2033,2.11921,0.261477,0.132693,0.106991,0.271066,0.470387,0.341745,0.245983,0,3.92864,0,8.67064,16.6301,2.55751,0,0,5.01713,0
34549,138,,0.000249837,,,,,,,,,,,,,,,,,,,,,,,,,,,,,,,,,,,,
34599,138,,0.000249837,,,,,,,,,,,,,,,,,,,,,,,,,,,,,,,,,,,,
34649,138,,0.000249837,,,,,,,,,,,,,,,,,,,,,,,,,,,,,,,,,,,,
34699,138,,0.000249837,,,,,,,,,,,,,,,,,,,,,,,,,,,,,,,,,,,,
34749,138,138,0.000249837,0,0,1,0,0.000878956,0.000362278,3.75671,0.000110497,0.582262,0.0153878,0.0100223,0.0206558,0,3.56492,3.56492,0,8.92487,14.5586,2.04105,0.259732,0.131573,0.105602,0.264761,0.467392,0.343507,0.245558,0,3.65488,0,8.44752,16.3058,2.49552,0,0,4.79756,0
34799,139,,0.000247339,,,,,,,,,,,,,,,,,,,,,,,,,,,,,,,,,,,,
34849,139,,0.000247339,,,,,,,,,,,,,,,,,,,,,,,,,,,,,,,,,,,,
34899,139,,0.000247339,,,,,,,,,,,,,,,,,,,,,,,,,,,,,,,,,,,,
34949,139,,0.000247339,,,,,,,,,,,,,,,,,,,,,,,,,,,,,,,,,,,,
34999,139,139,0.000247339,0,0,1,0,0.00086576,0.000359426,3.78494,9.45474e-05,0.58569,0.0151468,0.00941339,0.0209278,0,3.51509,3.51509,0,9.11829,14.8871,2.06044,0.262128,0.133508,0.114608,0.267616,0.46837,0.340916,0.247753,0,3.95354,0,8.68249,16.595,2.54094,0,0,4.96361,0
35049,140,,0.000244865,,,,,,,,,,,,,,,,,,,,,,,,,,,,,,,,,,,,
35099,140,,0.000244865,,,,,,,,,,,,,,,,,,,,,,,,,,,,,,,,,,,,
35149,140,,0.000244865,,,,,,,,,,,,,,,,,,,,,,,,,,,,,,,,,,,,
35199,140,,0.000244865,,,,,,,,,,,,,,,,,,,,,,,,,,,,,,,,,,,,
35249,140,140,0.000244865,0,0,1,0,0.000899278,0.000367152,3.84555,0.000110922,0.596251,0.0164173,0.0100069,0.021562,0,3.54357,3.54357,0,8.62927,14.0218,1.99252,0.259341,0.130905,0.108938,0.264366,0.467188,0.343396,0.241255,0,3.48383,0,8.37758,16.5805,2.54907,0,0,4.90824,0
35299,141,,0.000242417,,,,,,,,,,,,,,,,,,,,,,,,,,,,,,,,,,,,
35349,141,,0.000242417,,,,,,,,,,,,,,,,,,,,,,,,,,,,,,,,,,,,
35399,141,,0.000242417,,,,,,,,,,,,,,,,,,,,,,,,,,,,,,,,,,,,
35449,141,,0.000242417,,,,,,,,,,,,,,,,,,,,,,,,,,,,,,,,,,,,
35499,141,141,0.000242417,0,0,1,0,0.000863504,0.000362083,3.89525,9.65577e-05,0.605793,0.0153761,0.00988861,0.0215494,0,3.46307,3.46307,0,8.77125,14.1081,2.01551,0.259117,0.131326,0.103963,0.267326,0.465512,0.342966,0.24361,0,3.53712,0,8.49867,16.4953,2.55701,0,0,4.84886,0
35549,142,,0.000239992,,,,,,,,,,,,,,,,,,,,,,,,,,,,,,,,,,,,
35599,142,,0.000239992,,,,,,,,,,,,,,,,,,,,,,,,,,,,,,,,,,,,
35649,142,,0.000239992,,,,,,,,,,,,,,,,,,,,,,,,,,,,,,,,,,,,
35699,142,,0.000239992,,,,,,,,,,,,,,,,,,,,,,,,,,,,,,,,,,,,
35749,142,142,0.000239992,0,0,1,0,0.000868122,0.000363019,3.68644,0.000106794,0.567405,0.0151389,0.0100661,0.0215572,0,3.54732,3.54732,0,8.8274,14.5844,2.02401,0.25882,0.131649,0.10483,0.263763,0.467117,0.343525,0.242037,0,3.6815,0,8.46186,16.4986,2.51796,0,0,4.9302,0
35799,143,,0.000237593,,,,,,,,,,,,,,,,,,,,,,,,,,,,,,,,,,,,
35849,143,,0.000237593,,,,,,,,,,,,,,,,,,,,,,,,,,,,,,,,,,,,
35899,143,,0.000237593,,,,,,,,,,,,,,,,,,,,,,,,,,,,,,,,,,,,
35949,143,,0.000237593,,,,,,,,,,,,,,,,,,,,,,,,,,,,,,,,,,,,
35999,143,143,0.000237593,0,0,1,0,0.000855182,0.000353561,3.87444,0.000100627,0.599144,0.01496,0.00956796,0.0207508,0,3.49557,3.49557,0,8.71573,14.1586,2.00576,0.258474,0.130888,0.103808,0.264733,0.466364,0.342464,0.24259,0,3.5494,0,8.44736,16.3934,2.52555,0,0,4.85944,0
36049,144,,0.000235217,,,,,,,,,,,,,,,,,,,,,,,,,,,,,,,,,,,,
36099,144,,0.000235217,,,,,,,,,,,,,,,,,,,,,,,,,,,,,,,,,,,,
36149,144,,0.000235217,,,,,,,,,,,,,,,,,,,,,,,,,,,,,,,,,,,,
36199,144,,0.000235217,,,,,,,,,,,,,,,,,,,,,,,,,,,,,,,,,,,,
36249,144,144,0.000235217,0,0,1,0,0.000863337,0.000357148,3.8166,0.000107977,0.581685,0.0153162,0.00983503,0.0217194,0,3.50186,3.50186,0,8.9358,14.21,2.05702,0.259058,0.131008,0.102461,0.266262,0.469137,0.343431,0.242047,0,3.54228,0,8.53698,16.4598,2.54735,0,0,4.929,0
36299,145,,0.000232864,,,,,,,,,,,,,,,,,,,,,,,,,,,,,,,,,,,,
36349,145,,0.000232864,,,,,,,,,,,,,,,,,,,,,,,,,,,,,,,,,,,,
36399,145,,0.000232864,,,,,,,,,,,,,,,,,,,,,,,,,,,,,,,,,,,,
36449,145,,0.000232864,,,,,,,,,,,,,,,,,,,,,,,,,,,,,,,,,,,,
36499,145,145,0.000232864,0,0,1,0,0.000872878,0.00035464,3.87423,0.000107897,0.59933,0.0154099,0.00964347,0.021614,0,3.50169,3.50169,0,8.52159,13.8925,1.98514,0.259539,0.13026,0.107468,0.266921,0.468817,0.340691,0.243075,0,3.40682,0,8.15851,16.6007,2.53599,0,0,4.95524,0
36549,146,,0.000230536,,,,,,,,,,,,,,,,,,,,,,,,,,,,,,,,,,,,
36599,146,,0.000230536,,,,,,,,,,,,,,,,,,,,,,,,,,,,,,,,,,,,
36649,146,,0.000230536,,,,,,,,,,,,,,,,,,,,,,,,,,,,,,,,,,,,
36699,146,,0.000230536,,,,,,,,,,,,,,,,,,,,,,,,,,,,,,,,,,,,
36749,146,146,0.000230536,0,0,1,0,0.000852211,0.000351388,3.82293,0.000106447,0.586496,0.0146136,0.00973343,0.0209446,0,3.47712,3.47712,0,8.59986,13.7415,1.98156,0.258202,0.13127,0.100859,0.26512,0.469253,0.342881,0.239827,0,3.43514,0,8.24142,16.3799,2.53735,0,0,4.90472,0
36799,147,,0.00022823,,,,,,,,,,,,,,,,,,,,,,,,,,,,,,,,,,,,
36849,147,,0.00022823,,,,,,,,,,,,,,,,,,,,,,,,,,,,,,,,,,,,
36899,147,,0.00022823,,,,,,,,,,,,,,,,,,,,,,,,,,,,,,,,,,,,
36949,147,,0.00022823,,,,,,,,,,,,,,,,,,,,,,,,,,,,,,,,,,,,
36999,147,147,0.00022823,0,0,1,0,0.000844753,0.000367083,3.89089,0.000114212,0.604227,0.0147545,0.0101382,0.0221417,0,3.48954,3.48954,0,8.57816,14.0867,1.99793,0.258697,0.130714,0.10246,0.267181,0.468236,0.343195,0.240394,0,3.52546,0,8.25957,16.464,2.50821,0,0,4.9222,0
37049,148,,0.000225948,,,,,,,,,,,,,,,,,,,,,,,,,,,,,,,,,,,,
37099,148,,0.000225948,,,,,,,,,,,,,,,,,,,,,,,,,,,,,,,,,,,,
37149,148,,0.000225948,,,,,,,,,,,,,,,,,,,,,,,,,,,,,,,,,,,,
37199,148,,0.000225948,,,,,,,,,,,,,,,,,,,,,,,,,,,,,,,,,,,,
37249,148,148,0.000225948,0,0,1,0,0.000861353,0.000361829,3.86492,0.000105328,0.59272,0.0147692,0.0100822,0.021445,0,3.45929,3.45929,0,8.63782,13.7185,1.9948,0.258481,0.130799,0.101482,0.263809,0.468179,0.342545,0.244071,0,3.40429,0,8.31236,16.3605,2.51586,0,0,4.84354,0
37299,149,,0.000223689,,,,,,,,,,,,,,,,,,,,,,,,,,,,,,,,,,,,
37349,149,,0.000223689,,,,,,,,,,,,,,,,,,,,,,,,,,,,,,,,,,,,
37399,149,,0.000223689,,,,,,,,,,,,,,,,,,,,,,,,,,,,,,,,,,,,
37449,149,,0.000223689,,,,,,,,,,,,,,,,,,,,,,,,,,,,,,,,,,,,
37499,149,149,0.000223689,0,0,1,0,0.000856808,0.00034745,3.90746,9.98255e-05,0.592835,0.0154571,0.00941997,0.0205577,0,3.45103,3.45103,0,8.79536,13.7837,2.01023,0.259039,0.132032,0.103887,0.261173,0.470773,0.344345,0.242023,0,3.5135,0,8.58082,16.4968,2.53034,0,0,4.86684,0
37549,150,,0.000221452,,,,,,,,,,,,,,,,,,,,,,,,,,,,,,,,,,,,
37599,150,,0.000221452,,,,,,,,,,,,,,,,,,,,,,,,,,,,,,,,,,,,
37649,150,,0.000221452,,,,,,,,,,,,,,,,,,,,,,,,,,,,,,,,,,,,
37699,150,,0.000221452,,,,,,,,,,,,,,,,,,,,,,,,,,,,,,,,,,,,
37749,150,150,0.000221452,0,0,1,0,0.000885519,0.000370194,4.05062,0.00011425,0.628375,0.0160547,0.0103238,0.0216185,0,3.38684,3.38684,0,8.48205,13.896,1.97662,0.258178,0.130402,0.101865,0.265321,0.468405,0.343329,0.239745,0,3.45615,0,8.21882,16.4579,2.53979,0,0,4.95131,0
37799,151,,0.000219237,,,,,,,,,,,,,,,,,,,,,,,,,,,,,,,,,,,,
37849,151,,0.000219237,,,,,,,,,,,,,,,,,,,,,,,,,,,,,,,,,,,,
37899,151,,0.000219237,,,,,,,,,,,,,,,,,,,,,,,,,,,,,,,,,,,,
37949,151,,0.000219237,,,,,,,,,,,,,,,,,,,,,,,,,,,,,,,,,,,,
37999,151,151,0.000219237,0,0,1,0,0.000852085,0.000359711,3.88014,0.000108249,0.594272,0.0150221,0.0100048,0.0218457,0,3.44902,3.44902,0,8.56638,13.8183,1.988,0.258634,0.129773,0.10373,0.268116,0.467973,0.341466,0.240745,0,3.47789,0,8.25219,16.5074,2.53069,0,0,4.93763,0
38049,152,,0.000217045,,,,,,,,,,,,,,,,,,,,,,,,,,,,,,,,,,,,
38099,152,,0.000217045,,,,,,,,,,,,,,,,,,,,,,,,,,,,,,,,,,,,
38149,152,,0.000217045,,,,,,,,,,,,,,,,,,,,,,,,,,,,,,,,,,,,
38199,152,,0.000217045,,,,,,,,,,,,,,,,,,,,,,,,,,,,,,,,,,,,
38249,152,152,0.000217045,0,0,1,0,0.000868946,0.000364281,4.03565,0.000108708,0.62381,0.0156519,0.0102175,0.0225734,0,3.42475,3.42475,0,9.09993,15.1303,2.06727,0.258762,0.131817,0.101611,0.264742,0.467811,0.342262,0.244328,0,3.86821,0,8.54649,16.5787,2.51986,0,0,4.92913,0
38299,153,,0.000214874,,,,,,,,,,,,,,,,,,,,,,,,,,,,,,,,,,,,
38349,153,,0.000214874,,,,,,,,,,,,,,,,,,,,,,,,,,,,,,,,,,,,
38399,153,,0.000214874,,,,,,,,,,,,,,,,,,,,,,,,,,,,,,,,,,,,
38449,153,,0.000214874,,,,,,,,,,,,,,,,,,,,,,,,,,,,,,,,,,,,
38499,153,153,0.000214874,0,0,1,0,0.000852407,0.000375767,3.99864,0.000120267,0.617556,0.0156308,0.0104489,0.022731,0,3.37023,3.37023,0,8.55145,13.6822,1.99067,0.258363,0.130908,0.0994109,0.265098,0.468101,0.342932,0.243729,0,3.382,0,8.2016,16.3883,2.51532,0,0,4.90329,0
38549,154,,0.000212726,,,,,,,,,,,,,,,,,,,,,,,,,,,,,,,,,,,,
38599,154,,0.000212726,,,,,,,,,,,,,,,,,,,,,,,,,,,,,,,,,,,,
38649,154,,0.000212726,,,,,,,,,,,,,,,,,,,,,,,,,,,,,,,,,,,,
38699,154,,0.000212726,,,,,,,,,,,,,,,,,,,,,,,,,,,,,,,,,,,,
38749,154,154,0.000212726,0,0,1,0,0.000877951,0.000385615,4.07717,0.000113356,0.636751,0.0158068,0.0108676,0.0215158,0,3.3954,3.3954,0,8.52208,14.059,1.97834,0.257961,0.131381,0.10216,0.264395,0.468765,0.340885,0.24018,0,3.48943,0,8.20798,16.5449,2.53447,0,0,4.93526,0
38799,155,,0.000210598,,,,,,,,,,,,,,,,,,,,,,,,,,,,,,,,,,,,
38849,155,,0.000210598,,,,,,,,,,,,,,,,,,,,,,,,,,,,,,,,,,,,
38899,155,,0.000210598,,,,,,,,,,,,,,,,,,,,,,,,,,,,,,,,,,,,
38949,155,,0.000210598,,,,,,,,,,,,,,,,,,,,,,,,,,,,,,,,,,,,
38999,155,155,0.000210598,0,0,1,0,0.000844506,0.000355598,4.03786,0.000102086,0.630258,0.0144988,0.00965822,0.0206201,0,3.48101,3.48101,0,8.60888,13.795,1.983,0.258107,0.130581,0.102101,0.264711,0.468149,0.340309,0.24279,0,3.43092,0,8.28366,16.4819,2.5301,0,0,4.83752,0
39049,156,,0.000208492,,,,,,,,,,,,,,,,,,,,,,,,,,,,,,,,,,,,
39099,156,,0.000208492,,,,,,,,,,,,,,,,,,,,,,,,,,,,,,,,,,,,
39149,156,,0.000208492,,,,,,,,,,,,,,,,,,,,,,,,,,,,,,,,,,,,
39199,156,,0.000208492,,,,,,,,,,,,,,,,,,,,,,,,,,,,,,,,,,,,
39249,156,156,0.000208492,0,0,1,0,0.00087004,0.000378148,4.09785,0.000105919,0.635184,0.0156087,0.010423,0.0216566,0,3.34394,3.34394,0,8.53521,13.6438,1.98427,0.257961,0.131108,0.101369,0.26482,0.467934,0.342028,0.240505,0,3.38201,0,8.27839,16.3838,2.51724,0,0,4.87475,0
39299,157,,0.000206408,,,,,,,,,,,,,,,,,,,,,,,,,,,,,,,,,,,,
39349,157,,0.000206408,,,,,,,,,,,,,,,,,,,,,,,,,,,,,,,,,,,,
39399,157,,0.000206408,,,,,,,,,,,,,,,,,,,,,,,,,,,,,,,,,,,,
39449,157,,0.000206408,,,,,,,,,,,,,,,,,,,,,,,,,,,,,,,,,,,,
39499,157,157,0.000206408,0,0,1,0,0.000848433,0.000360562,4.06053,0.000102774,0.628235,0.0148794,0.0101288,0.0214638,0,3.43126,3.43126,0,8.69616,13.8318,2.00711,0.258363,0.131087,0.100356,0.267312,0.466495,0.341728,0.2432,0,3.45822,0,8.43332,16.4121,2.52906,0,0,4.84039,0
39549,158,,0.000204343,,,,,,,,,,,,,,,,,,,,,,,,,,,,,,,,,,,,
39599,158,,0.000204343,,,,,,,,,,,,,,,,,,,,,,,,,,,,,,,,,,,,
39649,158,,0.000204343,,,,,,,,,,,,,,,,,,,,,,,,,,,,,,,,,,,,
39699,158,,0.000204343,,,,,,,,,,,,,,,,,,,,,,,,,,,,,,,,,,,,
39749,158,158,0.000204343,0,0,1,0,0.000847317,0.000358371,4.15061,0.000103741,0.643481,0.0149724,0.00975276,0.0209163,0,3.39784,3.39784,0,8.57351,13.8514,1.97957,0.258031,0.131379,0.100386,0.266033,0.466485,0.341525,0.24238,0,3.50207,0,8.15427,16.4265,2.51626,0,0,4.90176,0
39799,159,,0.0002023,,,,,,,,,,,,,,,,,,,,,,,,,,,,,,,,,,,,
39849,159,,0.0002023,,,,,,,,,,,,,,,,,,,,,,,,,,,,,,,,,,,,
39899,159,,0.0002023,,,,,,,,,,,,,,,,,,,,,,,,,,,,,,,,,,,,
39949,159,,0.0002023,,,,,,,,,,,,,,,,,,,,,,,,,,,,,,,,,,,,
39999,159,159,0.0002023,0,0,1,0,0.000871916,0.000361394,4.06413,0.000108441,0.635112,0.0158102,0.00995321,0.0221593,0,3.39281,3.39281,0,8.64875,14.2449,1.99427,0.25702,0.13107,0.0989831,0.264594,0.464594,0.342364,0.240515,0,3.52621,0,8.20934,16.4526,2.53775,0,0,4.90859,0
40049,160,,0.000200277,,,,,,,,,,,,,,,,,,,,,,,,,,,,,,,,,,,,
40099,160,,0.000200277,,,,,,,,,,,,,,,,,,,,,,,,,,,,,,,,,,,,
40149,160,,0.000200277,,,,,,,,,,,,,,,,,,,,,,,,,,,,,,,,,,,,
40199,160,,0.000200277,,,,,,,,,,,,,,,,,,,,,,,,,,,,,,,,,,,,
40249,160,160,0.000200277,0,0,1,0,0.000853411,0.000362696,4.15367,0.000110008,0.648541,0.0153773,0.0098305,0.0214155,0,3.32297,3.32297,0,8.65138,14.5222,2.00044,0.25805,0.131001,0.100494,0.265987,0.468251,0.341899,0.240668,0,3.72115,0,8.13752,16.52,2.54054,0,0,4.98895,0
40299,161,,0.000198274,,,,,,,,,,,,,,,,,,,,,,,,,,,,,,,,,,,,
40349,161,,0.000198274,,,,,,,,,,,,,,,,,,,,,,,,,,,,,,,,,,,,
40399,161,,0.000198274,,,,,,,,,,,,,,,,,,,,,,,,,,,,,,,,,,,,
40449,161,,0.000198274,,,,,,,,,,,,,,,,,,,,,,,,,,,,,,,,,,,,
40499,161,161,0.000198274,0,0,1,0,0.000836543,0.000351538,4.09579,0.000102732,0.634484,0.0146132,0.00934487,0.0199532,0,3.3757,3.3757,0,8.67178,13.9644,1.97565,0.258458,0.131864,0.104482,0.264814,0.466665,0.34129,0.241634,0,3.52795,0,8.4939,16.5634,2.54519,0,0,4.86895,0
40549,162,,0.000196292,,,,,,,,,,,,,,,,,,,,,,,,,,,,,,,,,,,,
40599,162,,0.000196292,,,,,,,,,,,,,,,,,,,,,,,,,,,,,,,,,,,,
40649,162,,0.000196292,,,,,,,,,,,,,,,,,,,,,,,,,,,,,,,,,,,,
40699,162,,0.000196292,,,,,,,,,,,,,,,,,,,,,,,,,,,,,,,,,,,,
40749,162,162,0.000196292,0,0,1,0,0.000851921,0.000365535,4.03773,0.000107672,0.618882,0.0150094,0.010182,0.0213302,0,3.3768,3.3768,0,8.43626,13.7641,1.96025,0.25795,0.130692,0.100718,0.264139,0.468609,0.34214,0.241402,0,3.45333,0,8.37212,16.4334,2.54541,0,0,4.86165,0
40799,163,,0.000194329,,,,,,,,,,,,,,,,,,,,,,,,,,,,,,,,,,,,
40849,163,,0.000194329,,,,,,,,,,,,,,,,,,,,,,,,,,,,,,,,,,,,
40899,163,,0.000194329,,,,,,,,,,,,,,,,,,,,,,,,,,,,,,,,,,,,
40949,163,,0.000194329,,,,,,,,,,,,,,,,,,,,,,,,,,,,,,,,,,,,
40999,163,163,0.000194329,0,0,1,0,0.000860374,0.000362577,4.21618,0.000112201,0.666038,0.0157201,0.010009,0.0219967,0,3.33473,3.33473,0,8.43904,13.8962,1.94519,0.256895,0.130252,0.0997926,0.262418,0.467145,0.342832,0.238932,0,3.50158,0,8.13532,16.461,2.54423,0,0,4.97075,0
41049,164,,0.000192385,,,,,,,,,,,,,,,,,,,,,,,,,,,,,,,,,,,,
41099,164,,0.000192385,,,,,,,,,,,,,,,,,,,,,,,,,,,,,,,,,,,,
41149,164,,0.000192385,,,,,,,,,,,,,,,,,,,,,,,,,,,,,,,,,,,,
41199,164,,0.000192385,,,,,,,,,,,,,,,,,,,,,,,,,,,,,,,,,,,,
41249,164,164,0.000192385,0,0,1,0,0.000852455,0.000375946,4.05522,0.00011315,0.629553,0.0151421,0.0103481,0.0202064,0,3.40296,3.40296,0,8.81975,14.972,2.0184,0.257062,0.131007,0.0999747,0.263193,0.467172,0.341439,0.239587,0,3.82664,0,8.43423,16.5995,2.56884,0,0,4.91346,0
41299,165,,0.000190461,,,,,,,,,,,,,,,,,,,,,,,,,,,,,,,,,,,,
41349,165,,0.000190461,,,,,,,,,,,,,,,,,,,,,,,,,,,,,,,,,,,,
41399,165,,0.000190461,,,,,,,,,,,,,,,,,,,,,,,,,,,,,,,,,,,,
41449,165,,0.000190461,,,,,,,,,,,,,,,,,,,,,,,,,,,,,,,,,,,,
41499,165,165,0.000190461,0,0,1,0,0.000871869,0.000368765,4.14894,0.000108068,0.649499,0.0161035,0.0103962,0.0215235,0,3.33,3.33,0,8.50256,13.8355,1.97967,0.257,0.130431,0.0978611,0.264978,0.468538,0.341603,0.238585,0,3.43634,0,8.29148,16.5205,2.58076,0,0,4.94249,0
41549,166,,0.000188557,,,,,,,,,,,,,,,,,,,,,,,,,,,,,,,,,,,,
41599,166,,0.000188557,,,,,,,,,,,,,,,,,,,,,,,,,,,,,,,,,,,,
41649,166,,0.000188557,,,,,,,,,,,,,,,,,,,,,,,,,,,,,,,,,,,,
41699,166,,0.000188557,,,,,,,,,,,,,,,,,,,,,,,,,,,,,,,,,,,,
41749,166,166,0.000188557,0,0,1,0,0.000869677,0.000378275,4.19141,0.000114503,0.653814,0.0156265,0.0107448,0.022532,0,3.33185,3.33185,0,8.6404,14.4034,1.98913,0.257263,0.131172,0.0985519,0.265729,0.465972,0.341288,0.240866,0,3.67164,0,8.32375,16.5356,2.56007,0,0,4.95565,0
41799,167,,0.000186671,,,,,,,,,,,,,,,,,,,,,,,,,,,,,,,,,,,,
41849,167,,0.000186671,,,,,,,,,,,,,,,,,,,,,,,,,,,,,,,,,,,,
41899,167,,0.000186671,,,,,,,,,,,,,,,,,,,,,,,,,,,,,,,,,,,,
41949,167,,0.000186671,,,,,,,,,,,,,,,,,,,,,,,,,,,,,,,,,,,,
41999,167,167,0.000186671,0,0,1,0,0.000894775,0.000392719,4.17042,0.000115608,0.657683,0.0172139,0.0113067,0.0237777,0,3.32015,3.32015,0,8.42872,14.3743,1.95611,0.256666,0.130016,0.0990811,0.26325,0.465065,0.341458,0.241123,0,3.61979,0,8.11468,16.5346,2.54672,0,0,4.89297,0
42049,168,,0.000184805,,,,,,,,,,,,,,,,,,,,,,,,,,,,,,,,,,,,
42099,168,,0.000184805,,,,,,,,,,,,,,,,,,,,,,,,,,,,,,,,,,,,
42149,168,,0.000184805,,,,,,,,,,,,,,,,,,,,,,,,,,,,,,,,,,,,
42199,168,,0.000184805,,,,,,,,,,,,,,,,,,,,,,,,,,,,,,,,,,,,
42249,168,168,0.000184805,0,0,1,0,0.000858233,0.000370208,4.22139,0.00011104,0.665134,0.0150947,0.0102619,0.0220894,0,3.34556,3.34556,0,8.54362,14.4491,1.97664,0.257201,0.129772,0.0990729,0.262814,0.469561,0.341184,0.240802,0,3.65152,0,8.22032,16.6764,2.56002,0,0,5.08327,0
42299,169,,0.000182957,,,,,,,,,,,,,,,,,,,,,,,,,,,,,,,,,,,,
42349,169,,0.000182957,,,,,,,,,,,,,,,,,,,,,,,,,,,,,,,,,,,,
42399,169,,0.000182957,,,,,,,,,,,,,,,,,,,,,,,,,,,,,,,,,,,,
42449,169,,0.000182957,,,,,,,,,,,,,,,,,,,,,,,,,,,,,,,,,,,,
42499,169,169,0.000182957,0,0,1,0,0.000874295,0.000381143,4.16705,0.000109166,0.653499,0.0160392,0.0109148,0.0223626,0,3.37519,3.37519,0,8.62383,14.0519,1.9633,0.256986,0.130874,0.100213,0.265271,0.464444,0.341941,0.239173,0,3.55037,0,8.31744,16.4846,2.54956,0,0,4.88845,0
42549,170,,0.000181127,,,,,,,,,,,,,,,,,,,,,,,,,,,,,,,,,,,,
42599,170,,0.000181127,,,,,,,,,,,,,,,,,,,,,,,,,,,,,,,,,,,,
42649,170,,0.000181127,,,,,,,,,,,,,,,,,,,,,,,,,,,,,,,,,,,,
42699,170,,0.000181127,,,,,,,,,,,,,,,,,,,,,,,,,,,,,,,,,,,,
42749,170,170,0.000181127,0,0,1,0,0.000836682,0.000374292,4.14019,0.000112939,0.64903,0.014728,0.0101909,0.0207597,0,3.40891,3.40891,0,8.62993,13.9654,1.98223,0.258454,0.132401,0.108845,0.263779,0.465914,0.341709,0.238078,0,3.57015,0,8.41268,16.6385,2.57308,0,0,4.86058,0
42799,171,,0.000179316,,,,,,,,,,,,,,,,,,,,,,,,,,,,,,,,,,,,
42849,171,,0.000179316,,,,,,,,,,,,,,,,,,,,,,,,,,,,,,,,,,,,
42899,171,,0.000179316,,,,,,,,,,,,,,,,,,,,,,,,,,,,,,,,,,,,
42949,171,,0.000179316,,,,,,,,,,,,,,,,,,,,,,,,,,,,,,,,,,,,
42999,171,171,0.000179316,0,0,1,0,0.000862373,0.000391559,4.22762,0.000117979,0.662165,0.0155658,0.011005,0.0218085,0,3.29377,3.29377,0,8.58358,14.3186,1.99035,0.256728,0.131676,0.097607,0.265275,0.465494,0.339961,0.240355,0,3.68342,0,8.28316,16.4619,2.53502,0,0,4.94179,0
43049,172,,0.000177523,,,,,,,,,,,,,,,,,,,,,,,,,,,,,,,,,,,,
43099,172,,0.000177523,,,,,,,,,,,,,,,,,,,,,,,,,,,,,,,,,,,,
43149,172,,0.000177523,,,,,,,,,,,,,,,,,,,,,,,,,,,,,,,,,,,,
43199,172,,0.000177523,,,,,,,,,,,,,,,,,,,,,,,,,,,,,,,,,,,,
43249,172,172,0.000177523,0,0,1,0,0.00088203,0.000396831,3.98014,0.000123524,0.629151,0.0171495,0.0114984,0.023652,0,3.40578,3.40578,0,8.43575,13.6714,1.95656,0.257601,0.130377,0.0988833,0.263416,0.467492,0.341319,0.244121,0,3.39018,0,8.3938,16.4255,2.54427,0,0,4.86861,0
43299,173,,0.000175747,,,,,,,,,,,,,,,,,,,,,,,,,,,,,,,,,,,,
43349,173,,0.000175747,,,,,,,,,,,,,,,,,,,,,,,,,,,,,,,,,,,,
43399,173,,0.000175747,,,,,,,,,,,,,,,,,,,,,,,,,,,,,,,,,,,,
43449,173,,0.000175747,,,,,,,,,,,,,,,,,,,,,,,,,,,,,,,,,,,,
43499,173,173,0.000175747,0,0,1,0,0.000852701,0.000388315,4.32978,0.000114869,0.686651,0.0152141,0.0108109,0.0223319,0,3.24098,3.24098,0,8.22659,13.8863,1.91764,0.256893,0.130551,0.099723,0.263588,0.467021,0.341519,0.238956,0,3.44961,0,8.07968,16.4252,2.52352,0,0,4.88367,0
43549,174,,0.00017399,,,,,,,,,,,,,,,,,,,,,,,,,,,,,,,,,,,,
43599,174,,0.00017399,,,,,,,,,,,,,,,,,,,,,,,,,,,,,,,,,,,,
43649,174,,0.00017399,,,,,,,,,,,,,,,,,,,,,,,,,,,,,,,,,,,,
43699,174,,0.00017399,,,,,,,,,,,,,,,,,,,,,,,,,,,,,,,,,,,,
43749,174,174,0.00017399,0,0,1,0,0.000851961,0.000393586,4.27422,0.000110811,0.68266,0.0152422,0.0113207,0.0226099,0,3.29897,3.29897,0,8.43413,13.5351,1.95263,0.256716,0.131213,0.096403,0.263376,0.466845,0.343239,0.23922,0,3.36802,0,8.30124,16.3891,2.53638,0,0,4.87328,0
43799,175,,0.00017225,,,,,,,,,,,,,,,,,,,,,,,,,,,,,,,,,,,,
43849,175,,0.00017225,,,,,,,,,,,,,,,,,,,,,,,,,,,,,,,,,,,,
43899,175,,0.00017225,,,,,,,,,,,,,,,,,,,,,,,,,,,,,,,,,,,,
43949,175,,0.00017225,,,,,,,,,,,,,,,,,,,,,,,,,,,,,,,,,,,,
43999,175,175,0.00017225,0,0,1,0,0.00086676,0.000371929,4.18709,0.000105771,0.662895,0.0153469,0.0103073,0.0217841,0,3.32249,3.32249,0,8.47647,13.9695,1.95695,0.25682,0.131233,0.0963927,0.263383,0.465615,0.342249,0.242049,0,3.51372,0,8.30573,16.5187,2.53167,0,0,4.96736,0
44049,176,,0.000170527,,,,,,,,,,,,,,,,,,,,,,,,,,,,,,,,,,,,
44099,176,,0.000170527,,,,,,,,,,,,,,,,,,,,,,,,,,,,,,,,,,,,
44149,176,,0.000170527,,,,,,,,,,,,,,,,,,,,,,,,,,,,,,,,,,,,
44199,176,,0.000170527,,,,,,,,,,,,,,,,,,,,,,,,,,,,,,,,,,,,
44249,176,176,0.000170527,0,0,1,0,0.000887354,0.000393634,4.28803,0.000122318,0.683874,0.0163594,0.0113304,0.0234637,0,3.30627,3.30627,0,8.39201,14.0465,1.94693,0.257123,0.130997,0.0976339,0.262987,0.46702,0.342311,0.241788,0,3.52911,0,8.22243,16.4634,2.52627,0,0,4.95104,0
44299,177,,0.000168822,,,,,,,,,,,,,,,,,,,,,,,,,,,,,,,,,,,,
44349,177,,0.000168822,,,,,,,,,,,,,,,,,,,,,,,,,,,,,,,,,,,,
44399,177,,0.000168822,,,,,,,,,,,,,,,,,,,,,,,,,,,,,,,,,,,,
44449,177,,0.000168822,,,,,,,,,,,,,,,,,,,,,,,,,,,,,,,,,,,,
44499,177,177,0.000168822,0,0,1,0,0.000865913,0.000378945,4.29297,0.00011261,0.687813,0.0153428,0.0107706,0.0220372,0,3.28375,3.28375,0,8.52976,13.7313,1.96756,0.256324,0.131275,0.0972799,0.263597,0.464999,0.341353,0.23944,0,3.43965,0,8.35737,16.3999,2.53117,0,0,4.88483,0
44549,178,,0.000167134,,,,,,,,,,,,,,,,,,,,,,,,,,,,,,,,,,,,
44599,178,,0.000167134,,,,,,,,,,,,,,,,,,,,,,,,,,,,,,,,,,,,
44649,178,,0.000167134,,,,,,,,,,,,,,,,,,,,,,,,,,,,,,,,,,,,
44699,178,,0.000167134,,,,,,,,,,,,,,,,,,,,,,,,,,,,,,,,,,,,
44749,178,178,0.000167134,0,0,1,0,0.000859689,0.000383769,4.27212,0.000115348,0.672497,0.0150365,0.0106834,0.0215535,0,3.24733,3.24733,0,8.31568,13.5142,1.94415,0.256308,0.130167,0.0975614,0.263932,0.465933,0.340266,0.23999,0,3.33205,0,8.10285,16.3952,2.53403,0,0,4.89123,0
44799,179,,0.000165463,,,,,,,,,,,,,,,,,,,,,,,,,,,,,,,,,,,,
44849,179,,0.000165463,,,,,,,,,,,,,,,,,,,,,,,,,,,,,,,,,,,,
44899,179,,0.000165463,,,,,,,,,,,,,,,,,,,,,,,,,,,,,,,,,,,,
44949,179,,0.000165463,,,,,,,,,,,,,,,,,,,,,,,,,,,,,,,,,,,,
44999,179,179,0.000165463,0,0,1,0,0.000869036,0.000382417,4.39005,0.000115136,0.697157,0.015874,0.0108317,0.0224583,0,3.30331,3.30331,0,8.46725,14.3878,1.95303,0.256446,0.13057,0.0965896,0.262173,0.466406,0.339692,0.243245,0,3.64226,0,8.26303,16.525,2.53665,0,0,4.92793,0
45049,180,,0.000163808,,,,,,,,,,,,,,,,,,,,,,,,,,,,,,,,,,,,
45099,180,,0.000163808,,,,,,,,,,,,,,,,,,,,,,,,,,,,,,,,,,,,
45149,180,,0.000163808,,,,,,,,,,,,,,,,,,,,,,,,,,,,,,,,,,,,
45199,180,,0.000163808,,,,,,,,,,,,,,,,,,,,,,,,,,,,,,,,,,,,
45249,180,180,0.000163808,0,0,1,0,0.00086043,0.000384225,4.36572,0.000123466,0.684938,0.0156619,0.010867,0.0220264,0,3.2783,3.2783,0,8.19214,13.391,1.90127,0.256869,0.13046,0.100177,0.263011,0.468346,0.340254,0.238965,0,3.30397,0,8.1466,16.4444,2.5355,0,0,4.8545,0
45299,181,,0.00016217,,,,,,,,,,,,,,,,,,,,,,,,,,,,,,,,,,,,
45349,181,,0.00016217,,,,,,,,,,,,,,,,,,,,,,,,,,,,,,,,,,,,
45399,181,,0.00016217,,,,,,,,,,,,,,,,,,,,,,,,,,,,,,,,,,,,
45449,181,,0.00016217,,,,,,,,,,,,,,,,,,,,,,,,,,,,,,,,,,,,
45499,181,181,0.00016217,0,0,1,0,0.000821635,0.000364042,4.45344,0.00010654,0.690858,0.0137198,0.00961725,0.0197382,0,3.27066,3.27066,0,8.72936,15.3643,2.00724,0.256871,0.130279,0.0973799,0.265926,0.467195,0.340272,0.240172,0,4.04141,0,8.27589,16.6758,2.55987,0,0,5.10107,0
45549,182,,0.000160548,,,,,,,,,,,,,,,,,,,,,,,,,,,,,,,,,,,,
45599,182,,0.000160548,,,,,,,,,,,,,,,,,,,,,,,,,,,,,,,,,,,,
45649,182,,0.000160548,,,,,,,,,,,,,,,,,,,,,,,,,,,,,,,,,,,,
45699,182,,0.000160548,,,,,,,,,,,,,,,,,,,,,,,,,,,,,,,,,,,,
45749,182,182,0.000160548,0,0,1,0,0.000855282,0.00037868,4.35567,0.000117791,0.67989,0.0151537,0.0104142,0.0220047,0,3.28418,3.28418,0,8.09258,13.4861,1.90799,0.256791,0.129992,0.0988565,0.264198,0.467568,0.342037,0.238093,0,3.54908,0,7.92586,16.3754,2.51938,0,0,5.03669,0
45799,183,,0.000158943,,,,,,,,,,,,,,,,,,,,,,,,,,,,,,,,,,,,
45849,183,,0.000158943,,,,,,,,,,,,,,,,,,,,,,,,,,,,,,,,,,,,
45899,183,,0.000158943,,,,,,,,,,,,,,,,,,,,,,,,,,,,,,,,,,,,
45949,183,,0.000158943,,,,,,,,,,,,,,,,,,,,,,,,,,,,,,,,,,,,
45999,183,183,0.000158943,0,0,1,0,0.000855974,0.000382074,4.40542,0.000112973,0.70123,0.0149286,0.0104681,0.0211213,0,3.24681,3.24681,0,8.24009,13.4214,1.91406,0.256968,0.130787,0.0983457,0.26472,0.467227,0.340573,0.240156,0,3.31438,0,8.21865,16.4651,2.52859,0,0,4.8696,0
46049,184,,0.000157353,,,,,,,,,,,,,,,,,,,,,,,,,,,,,,,,,,,,
46099,184,,0.000157353,,,,,,,,,,,,,,,,,,,,,,,,,,,,,,,,,,,,
46149,184,,0.000157353,,,,,,,,,,,,,,,,,,,,,,,,,,,,,,,,,,,,
46199,184,,0.000157353,,,,,,,,,,,,,,,,,,,,,,,,,,,,,,,,,,,,
46249,184,184,0.000157353,0,0,1,0,0.000858434,0.000377436,4.3916,0.000116839,0.68888,0.015155,0.0104684,0.0216233,0,3.25022,3.25022,0,8.21826,13.4993,1.90923,0.256408,0.130506,0.0965644,0.26299,0.466445,0.341459,0.240483,0,3.34415,0,8.19162,16.4612,2.54088,0,0,4.94049,0
46299,185,,0.00015578,,,,,,,,,,,,,,,,,,,,,,,,,,,,,,,,,,,,
46349,185,,0.00015578,,,,,,,,,,,,,,,,,,,,,,,,,,,,,,,,,,,,
46399,185,,0.00015578,,,,,,,,,,,,,,,,,,,,,,,,,,,,,,,,,,,,
46449,185,,0.00015578,,,,,,,,,,,,,,,,,,,,,,,,,,,,,,,,,,,,
46499,185,185,0.00015578,0,0,1,0,0.000883289,0.000396001,4.42269,0.000121496,0.701392,0.0166912,0.0113044,0.0235335,0,3.23046,3.23046,0,8.57463,13.9418,1.9685,0.256463,0.132327,0.0965542,0.263227,0.466729,0.341092,0.238846,0,3.64645,0,8.37802,16.4254,2.52383,0,0,4.92413,0
46549,186,,0.000154222,,,,,,,,,,,,,,,,,,,,,,,,,,,,,,,,,,,,
46599,186,,0.000154222,,,,,,,,,,,,,,,,,,,,,,,,,,,,,,,,,,,,
46649,186,,0.000154222,,,,,,,,,,,,,,,,,,,,,,,,,,,,,,,,,,,,
46699,186,,0.000154222,,,,,,,,,,,,,,,,,,,,,,,,,,,,,,,,,,,,
46749,186,186,0.000154222,0,0,1,0,0.000861509,0.00038625,4.36441,0.000123069,0.691196,0.0157073,0.0111284,0.0226593,0,3.29055,3.29055,0,8.47637,14.1614,1.96493,0.256621,0.130929,0.0973912,0.264056,0.467044,0.340715,0.239591,0,3.57408,0,8.27985,16.4727,2.53219,0,0,4.94366,0
46799,187,,0.00015268,,,,,,,,,,,,,,,,,,,,,,,,,,,,,,,,,,,,
46849,187,,0.00015268,,,,,,,,,,,,,,,,,,,,,,,,,,,,,,,,,,,,
46899,187,,0.00015268,,,,,,,,,,,,,,,,,,,,,,,,,,,,,,,,,,,,
46949,187,,0.00015268,,,,,,,,,,,,,,,,,,,,,,,,,,,,,,,,,,,,
46999,187,187,0.00015268,0,0,1,0,0.000858532,0.000382657,4.49992,0.000115529,0.708943,0.0156328,0.0106585,0.0218514,0,3.2325,3.2325,0,8.16213,13.781,1.91221,0.256314,0.130156,0.101163,0.263471,0.464902,0.341775,0.236419,0,3.48718,0,7.91221,16.4881,2.50998,0,0,4.96382,0
47049,188,,0.000151153,,,,,,,,,,,,,,,,,,,,,,,,,,,,,,,,,,,,
47099,188,,0.000151153,,,,,,,,,,,,,,,,,,,,,,,,,,,,,,,,,,,,
47149,188,,0.000151153,,,,,,,,,,,,,,,,,,,,,,,,,,,,,,,,,,,,
47199,188,,0.000151153,,,,,,,,,,,,,,,,,,,,,,,,,,,,,,,,,,,,
47249,188,188,0.000151153,0,0,1,0,0.000859487,0.000373222,4.36077,0.000110763,0.692305,0.0159326,0.0104445,0.0214477,0,3.28385,3.28385,0,8.13522,13.3817,1.89633,0.256612,0.130115,0.099235,0.262752,0.466894,0.343065,0.237608,0,3.32196,0,8.11346,16.366,2.51093,0,0,4.85907,0
47299,189,,0.000149641,,,,,,,,,,,,,,,,,,,,,,,,,,,,,,,,,,,,
47349,189,,0.000149641,,,,,,,,,,,,,,,,,,,,,,,,,,,,,,,,,,,,
47399,189,,0.000149641,,,,,,,,,,,,,,,,,,,,,,,,,,,,,,,,,,,,
47449,189,,0.000149641,,,,,,,,,,,,,,,,,,,,,,,,,,,,,,,,,,,,
47499,189,189,0.000149641,0,0,1,0,0.000875146,0.0003994,4.42182,0.000112534,0.700661,0.0168961,0.0117243,0.0239093,0,3.23908,3.23908,0,8.44106,13.9632,1.95186,0.256816,0.130054,0.0981382,0.26294,0.466973,0.341393,0.241396,0,3.53131,0,8.25841,16.4188,2.50426,0,0,4.89273,0
47549,190,,0.000148145,,,,,,,,,,,,,,,,,,,,,,,,,,,,,,,,,,,,
47599,190,,0.000148145,,,,,,,,,,,,,,,,,,,,,,,,,,,,,,,,,,,,
47649,190,,0.000148145,,,,,,,,,,,,,,,,,,,,,,,,,,,,,,,,,,,,
47699,190,,0.000148145,,,,,,,,,,,,,,,,,,,,,,,,,,,,,,,,,,,,
47749,190,190,0.000148145,0,0,1,0,0.000859545,0.000386152,4.38777,0.00012334,0.684448,0.015363,0.0106564,0.0221091,0,3.17926,3.17926,0,8.48275,13.4753,1.9448,0.256241,0.130989,0.097037,0.26295,0.466161,0.341221,0.239087,0,3.37101,0,8.39423,16.3154,2.52492,0,0,4.83579,0
47799,191,,0.000146664,,,,,,,,,,,,,,,,,,,,,,,,,,,,,,,,,,,,
47849,191,,0.000146664,,,,,,,,,,,,,,,,,,,,,,,,,,,,,,,,,,,,
47899,191,,0.000146664,,,,,,,,,,,,,,,,,,,,,,,,,,,,,,,,,,,,
47949,191,,0.000146664,,,,,,,,,,,,,,,,,,,,,,,,,,,,,,,,,,,,
47999,191,191,0.000146664,0,0,1,0,0.000865441,0.000385666,4.36878,0.00011818,0.683024,0.0160538,0.010749,0.022347,0,3.23489,3.23489,0,8.20399,14.0471,1.92777,0.256138,0.129726,0.0981177,0.263523,0.465948,0.342715,0.2368,0,3.72486,0,7.93847,16.3949,2.54372,0,0,4.98696,0
48049,192,,0.000145197,,,,,,,,,,,,,,,,,,,,,,,,,,,,,,,,,,,,
48099,192,,0.000145197,,,,,,,,,,,,,,,,,,,,,,,,,,,,,,,,,,,,
48149,192,,0.000145197,,,,,,,,,,,,,,,,,,,,,,,,,,,,,,,,,,,,
48199,192,,0.000145197,,,,,,,,,,,,,,,,,,,,,,,,,,,,,,,,,,,,
48249,192,192,0.000145197,0,0,1,0,0.00088222,0.000404181,4.34987,0.000126284,0.682817,0.0167272,0.0117781,0.0243847,0,3.21742,3.21742,0,8.27895,13.4151,1.91466,0.256323,0.130871,0.0974492,0.263238,0.466475,0.339911,0.239993,0,3.34656,0,8.23726,16.338,2.5019,0,0,4.80838,0
48299,193,,0.000143745,,,,,,,,,,,,,,,,,,,,,,,,,,,,,,,,,,,,
48349,193,,0.000143745,,,,,,,,,,,,,,,,,,,,,,,,,,,,,,,,,,,,
48399,193,,0.000143745,,,,,,,,,,,,,,,,,,,,,,,,,,,,,,,,,,,,
48449,193,,0.000143745,,,,,,,,,,,,,,,,,,,,,,,,,,,,,,,,,,,,
48499,193,193,0.000143745,0,0,1,0,0.00087665,0.00039595,4.45665,0.000120833,0.703454,0.0160131,0.011166,0.0228561,0,3.16291,3.16291,0,8.31025,13.6612,1.94443,0.256185,0.130785,0.0967383,0.264651,0.465465,0.340134,0.239335,0,3.42487,0,8.24102,16.4493,2.52223,0,0,4.91277,0
48549,194,,0.000142307,,,,,,,,,,,,,,,,,,,,,,,,,,,,,,,,,,,,
48599,194,,0.000142307,,,,,,,,,,,,,,,,,,,,,,,,,,,,,,,,,,,,
48649,194,,0.000142307,,,,,,,,,,,,,,,,,,,,,,,,,,,,,,,,,,,,
48699,194,,0.000142307,,,,,,,,,,,,,,,,,,,,,,,,,,,,,,,,,,,,
48749,194,194,0.000142307,0,0,1,0,0.00087585,0.000392401,4.56304,0.000129568,0.726481,0.0163285,0.0111394,0.0228084,0,3.20952,3.20952,0,8.39787,14.0213,1.96353,0.255871,0.129995,0.0954335,0.263767,0.465641,0.340678,0.239713,0,3.59649,0,8.15639,16.4044,2.51973,0,0,5.00454,0
48799,195,,0.000140884,,,,,,,,,,,,,,,,,,,,,,,,,,,,,,,,,,,,
48849,195,,0.000140884,,,,,,,,,,,,,,,,,,,,,,,,,,,,,,,,,,,,
48899,195,,0.000140884,,,,,,,,,,,,,,,,,,,,,,,,,,,,,,,,,,,,
48949,195,,0.000140884,,,,,,,,,,,,,,,,,,,,,,,,,,,,,,,,,,,,
48999,195,195,0.000140884,0,0,1,0,0.00086845,0.000390754,4.42677,0.000123253,0.702823,0.0155507,0.011105,0.022511,0,3.17576,3.17576,0,8.12803,13.5285,1.90346,0.255945,0.130701,0.0975903,0.26176,0.466329,0.340561,0.238729,0,3.31066,0,8.13415,16.3827,2.53087,0,0,4.84457,0
49049,196,,0.000139476,,,,,,,,,,,,,,,,,,,,,,,,,,,,,,,,,,,,
49099,196,,0.000139476,,,,,,,,,,,,,,,,,,,,,,,,,,,,,,,,,,,,
49149,196,,0.000139476,,,,,,,,,,,,,,,,,,,,,,,,,,,,,,,,,,,,
49199,196,,0.000139476,,,,,,,,,,,,,,,,,,,,,,,,,,,,,,,,,,,,
49249,196,196,0.000139476,0,0,1,0,0.000864332,0.000396926,4.40034,0.000116826,0.692034,0.0153592,0.0114588,0.0227793,0,3.21747,3.21747,0,8.19444,13.4054,1.9107,0.256372,0.131126,0.0984049,0.262352,0.464255,0.340403,0.241689,0,3.37641,0,8.34686,16.4885,2.55983,0,0,4.90823,0
49299,197,,0.000138081,,,,,,,,,,,,,,,,,,,,,,,,,,,,,,,,,,,,
49349,197,,0.000138081,,,,,,,,,,,,,,,,,,,,,,,,,,,,,,,,,,,,
49399,197,,0.000138081,,,,,,,,,,,,,,,,,,,,,,,,,,,,,,,,,,,,
49449,197,,0.000138081,,,,,,,,,,,,,,,,,,,,,,,,,,,,,,,,,,,,
49499,197,197,0.000138081,0,0,1,0,0.00087917,0.000402519,4.36324,0.000116565,0.696334,0.0162013,0.0119325,0.0239702,0,3.2152,3.2152,0,8.26414,13.5535,1.91393,0.255234,0.130568,0.0941226,0.262422,0.464046,0.341373,0.23887,0,3.38056,0,8.20037,16.4459,2.51049,0,0,4.96248,0
49549,198,,0.0001367,,,,,,,,,,,,,,,,,,,,,,,,,,,,,,,,,,,,
49599,198,,0.0001367,,,,,,,,,,,,,,,,,,,,,,,,,,,,,,,,,,,,
49649,198,,0.0001367,,,,,,,,,,,,,,,,,,,,,,,,,,,,,,,,,,,,
49699,198,,0.0001367,,,,,,,,,,,,,,,,,,,,,,,,,,,,,,,,,,,,
49749,198,198,0.0001367,0,0,1,0,0.000866926,0.000393504,4.5408,0.000128041,0.724796,0.0164517,0.011313,0.0240574,0,3.21768,3.21768,0,8.31981,13.5681,1.95121,0.255609,0.130283,0.0956103,0.26409,0.463551,0.339768,0.240351,0,3.38425,0,8.21559,16.2968,2.52075,0,0,4.88664,0
49799,199,,0.000135333,,,,,,,,,,,,,,,,,,,,,,,,,,,,,,,,,,,,
49849,199,,0.000135333,,,,,,,,,,,,,,,,,,,,,,,,,,,,,,,,,,,,
49899,199,,0.000135333,,,,,,,,,,,,,,,,,,,,,,,,,,,,,,,,,,,,
49949,199,,0.000135333,,,,,,,,,,,,,,,,,,,,,,,,,,,,,,,,,,,,
49999,199,199,0.000135333,0,0,1,0,0.000852909,0.000382576,4.40165,0.000122316,0.699299,0.0156437,0.0109712,0.0226615,0,3.23695,3.23695,0,8.26348,13.5575,1.91973,0.254569,0.130711,0.0945122,0.262834,0.461292,0.339441,0.238622,0,3.34714,0,8.32759,16.3947,2.53934,0,0,4.88544,0
50049,200,,0.00013398,,,,,,,,,,,,,,,,,,,,,,,,,,,,,,,,,,,,
50099,200,,0.00013398,,,,,,,,,,,,,,,,,,,,,,,,,,,,,,,,,,,,
50149,200,,0.00013398,,,,,,,,,,,,,,,,,,,,,,,,,,,,,,,,,,,,
50199,200,,0.00013398,,,,,,,,,,,,,,,,,,,,,,,,,,,,,,,,,,,,
50249,200,200,0.00013398,0,0,1,0,0.000860217,0.00037686,4.51355,0.000122291,0.723489,0.0153042,0.0105266,0.022117,0,3.18594,3.18594,0,8.18681,13.3172,1.91414,0.255037,0.130619,0.094343,0.26216,0.464319,0.340629,0.238151,0,3.27145,0,8.11545,16.3384,2.53484,0,0,4.94313,0
50299,201,,0.00013264,,,,,,,,,,,,,,,,,,,,,,,,,,,,,,,,,,,,
50349,201,,0.00013264,,,,,,,,,,,,,,,,,,,,,,,,,,,,,,,,,,,,
50399,201,,0.00013264,,,,,,,,,,,,,,,,,,,,,,,,,,,,,,,,,,,,
50449,201,,0.00013264,,,,,,,,,,,,,,,,,,,,,,,,,,,,,,,,,,,,
50499,201,201,0.00013264,0,0,1,0,0.000872514,0.00039976,4.51748,0.000124472,0.722915,0.0161551,0.0117934,0.0232734,0,3.13914,3.13914,0,8.07533,13.3483,1.89149,0.254857,0.129924,0.0957166,0.262579,0.462853,0.34057,0.237498,0,3.28935,0,8.06515,16.333,2.52472,0,0,4.86263,0
50549,202,,0.000131313,,,,,,,,,,,,,,,,,,,,,,,,,,,,,,,,,,,,
50599,202,,0.000131313,,,,,,,,,,,,,,,,,,,,,,,,,,,,,,,,,,,,
50649,202,,0.000131313,,,,,,,,,,,,,,,,,,,,,,,,,,,,,,,,,,,,
50699,202,,0.000131313,,,,,,,,,,,,,,,,,,,,,,,,,,,,,,,,,,,,
50749,202,202,0.000131313,0,0,1,0,0.00085365,0.000384661,4.53915,0.000114714,0.731012,0.015917,0.0109862,0.0218678,0,3.17311,3.17311,0,8.31135,13.5413,1.93107,0.255036,0.130663,0.094185,0.262373,0.465054,0.339291,0.238653,0,3.38463,0,8.16646,16.4554,2.52786,0,0,4.98984,0
50799,203,,0.00013,,,,,,,,,,,,,,,,,,,,,,,,,,,,,,,,,,,,
50849,203,,0.00013,,,,,,,,,,,,,,,,,,,,,,,,,,,,,,,,,,,,
50899,203,,0.00013,,,,,,,,,,,,,,,,,,,,,,,,,,,,,,,,,,,,
50949,203,,0.00013,,,,,,,,,,,,,,,,,,,,,,,,,,,,,,,,,,,,
50999,203,203,0.00013,0,0,1,0,0.000845736,0.000391457,4.46538,0.00012694,0.704835,0.0151407,0.0109882,0.0224068,0,3.19803,3.19803,0,8.37738,13.7945,1.93491,0.255536,0.131038,0.0977373,0.261295,0.464567,0.339412,0.239166,0,3.44275,0,8.2377,16.4721,2.53554,0,0,4.91331,0
51049,204,,0.0001287,,,,,,,,,,,,,,,,,,,,,,,,,,,,,,,,,,,,
51099,204,,0.0001287,,,,,,,,,,,,,,,,,,,,,,,,,,,,,,,,,,,,
51149,204,,0.0001287,,,,,,,,,,,,,,,,,,,,,,,,,,,,,,,,,,,,
51199,204,,0.0001287,,,,,,,,,,,,,,,,,,,,,,,,,,,,,,,,,,,,
51249,204,204,0.0001287,0,0,1,0,0.00088193,0.000403347,4.56688,0.000125375,0.724189,0.0166916,0.011648,0.0229227,0,3.18938,3.18938,0,8.19176,13.396,1.90786,0.254912,0.130485,0.0947666,0.261851,0.464198,0.340607,0.237563,0,3.33517,0,8.30353,16.3956,2.54963,0,0,4.84399,0
51299,205,,0.000127413,,,,,,,,,,,,,,,,,,,,,,,,,,,,,,,,,,,,
51349,205,,0.000127413,,,,,,,,,,,,,,,,,,,,,,,,,,,,,,,,,,,,
51399,205,,0.000127413,,,,,,,,,,,,,,,,,,,,,,,,,,,,,,,,,,,,
51449,205,,0.000127413,,,,,,,,,,,,,,,,,,,,,,,,,,,,,,,,,,,,
51499,205,205,0.000127413,0,0,1,0,0.000859452,0.000384331,4.70129,0.000116537,0.759188,0.0154462,0.0109498,0.0224711,0,3.18965,3.18965,0,8.16772,13.4169,1.90491,0.255307,0.130072,0.0959175,0.261934,0.464918,0.339492,0.239507,0,3.3193,0,8.06378,16.371,2.54002,0,0,4.87961,0
51549,206,,0.000126139,,,,,,,,,,,,,,,,,,,,,,,,,,,,,,,,,,,,
51599,206,,0.000126139,,,,,,,,,,,,,,,,,,,,,,,,,,,,,,,,,,,,
51649,206,,0.000126139,,,,,,,,,,,,,,,,,,,,,,,,,,,,,,,,,,,,
51699,206,,0.000126139,,,,,,,,,,,,,,,,,,,,,,,,,,,,,,,,,,,,
51749,206,206,0.000126139,0,0,1,0,0.000864649,0.000395308,4.52642,0.000116956,0.728758,0.015998,0.0109273,0.0225209,0,3.14085,3.14085,0,8.09617,13.3622,1.88727,0.25526,0.129941,0.0973369,0.261098,0.464945,0.34021,0.23803,0,3.32573,0,8.11707,16.3881,2.50832,0,0,4.86269,0
51799,207,,0.000124878,,,,,,,,,,,,,,,,,,,,,,,,,,,,,,,,,,,,
51849,207,,0.000124878,,,,,,,,,,,,,,,,,,,,,,,,,,,,,,,,,,,,
51899,207,,0.000124878,,,,,,,,,,,,,,,,,,,,,,,,,,,,,,,,,,,,
51949,207,,0.000124878,,,,,,,,,,,,,,,,,,,,,,,,,,,,,,,,,,,,
51999,207,207,0.000124878,0,0,1,0,0.000865829,0.000389901,4.63078,0.000122755,0.744178,0.0156719,0.0107327,0.0223145,0,3.1345,3.1345,0,8.2535,13.7437,1.92441,0.255857,0.131138,0.0955415,0.262923,0.465056,0.339254,0.241232,0,3.45727,0,8.20339,16.3785,2.52136,0,0,4.86395,0
52049,208,,0.000123629,,,,,,,,,,,,,,,,,,,,,,,,,,,,,,,,,,,,
52099,208,,0.000123629,,,,,,,,,,,,,,,,,,,,,,,,,,,,,,,,,,,,
52149,208,,0.000123629,,,,,,,,,,,,,,,,,,,,,,,,,,,,,,,,,,,,
52199,208,,0.000123629,,,,,,,,,,,,,,,,,,,,,,,,,,,,,,,,,,,,
52249,208,208,0.000123629,0,0,1,0,0.000871893,0.000392699,4.53097,0.000115418,0.732016,0.0162882,0.0110975,0.0222718,0,3.15799,3.15799,0,8.18031,13.4788,1.89868,0.255591,0.131374,0.0989512,0.261259,0.464172,0.339465,0.238328,0,3.39552,0,8.15288,16.4033,2.52156,0,0,4.8598,0
52299,209,,0.000122393,,,,,,,,,,,,,,,,,,,,,,,,,,,,,,,,,,,,
52349,209,,0.000122393,,,,,,,,,,,,,,,,,,,,,,,,,,,,,,,,,,,,
52399,209,,0.000122393,,,,,,,,,,,,,,,,,,,,,,,,,,,,,,,,,,,,
52449,209,,0.000122393,,,,,,,,,,,,,,,,,,,,,,,,,,,,,,,,,,,,
52499,209,209,0.000122393,0,0,1,0,0.000870016,0.000401038,4.57973,0.000120891,0.72909,0.0162193,0.01159,0.0227813,0,3.14289,3.14289,0,8.09529,13.6975,1.91746,0.255026,0.130037,0.0935306,0.263647,0.465152,0.340567,0.237222,0,3.48654,0,7.99553,16.4324,2.52772,0,0,4.99315,0
52549,210,,0.000121169,,,,,,,,,,,,,,,,,,,,,,,,,,,,,,,,,,,,
52599,210,,0.000121169,,,,,,,,,,,,,,,,,,,,,,,,,,,,,,,,,,,,
52649,210,,0.000121169,,,,,,,,,,,,,,,,,,,,,,,,,,,,,,,,,,,,
52699,210,,0.000121169,,,,,,,,,,,,,,,,,,,,,,,,,,,,,,,,,,,,
52749,210,210,0.000121169,0,0,1,0,0.000868106,0.000400766,4.70319,0.000126573,0.738913,0.0156071,0.0114841,0.0225641,0,3.11393,3.11393,0,8.03806,13.3306,1.88083,0.255284,0.130631,0.0951992,0.26177,0.464558,0.341053,0.238494,0,3.32868,0,8.04773,16.3234,2.50104,0,0,4.85659,0
52799,211,,0.000119957,,,,,,,,,,,,,,,,,,,,,,,,,,,,,,,,,,,,
52849,211,,0.000119957,,,,,,,,,,,,,,,,,,,,,,,,,,,,,,,,,,,,
52899,211,,0.000119957,,,,,,,,,,,,,,,,,,,,,,,,,,,,,,,,,,,,
52949,211,,0.000119957,,,,,,,,,,,,,,,,,,,,,,,,,,,,,,,,,,,,
52999,211,211,0.000119957,0,0,1,0,0.000868737,0.000408166,4.63206,0.000124355,0.735502,0.0161343,0.0120683,0.0236353,0,3.13043,3.13043,0,8.15547,13.3195,1.89967,0.254831,0.130595,0.0948733,0.261566,0.464364,0.339701,0.237889,0,3.30728,0,8.15808,16.3233,2.52389,0,0,4.85697,0
53049,212,,0.000118758,,,,,,,,,,,,,,,,,,,,,,,,,,,,,,,,,,,,
53099,212,,0.000118758,,,,,,,,,,,,,,,,,,,,,,,,,,,,,,,,,,,,
53149,212,,0.000118758,,,,,,,,,,,,,,,,,,,,,,,,,,,,,,,,,,,,
53199,212,,0.000118758,,,,,,,,,,,,,,,,,,,,,,,,,,,,,,,,,,,,
53249,212,212,0.000118758,0,0,1,0,0.000863743,0.000400211,4.61465,0.00013235,0.732199,0.0162847,0.0113971,0.0234955,0,3.11462,3.11462,0,7.95544,13.2729,1.87219,0.254463,0.130151,0.093861,0.261191,0.464376,0.339384,0.237814,0,3.29115,0,7.95296,16.2584,2.50293,0,0,4.87756,0
53299,213,,0.00011757,,,,,,,,,,,,,,,,,,,,,,,,,,,,,,,,,,,,
53349,213,,0.00011757,,,,,,,,,,,,,,,,,,,,,,,,,,,,,,,,,,,,
53399,213,,0.00011757,,,,,,,,,,,,,,,,,,,,,,,,,,,,,,,,,,,,
53449,213,,0.00011757,,,,,,,,,,,,,,,,,,,,,,,,,,,,,,,,,,,,
53499,213,213,0.00011757,0,0,1,0,0.000853615,0.000395947,4.59068,0.000125448,0.729633,0.0158712,0.0111574,0.0230449,0,3.11501,3.11501,0,8.08963,13.294,1.88202,0.254932,0.130215,0.0961903,0.262045,0.463835,0.33967,0.23764,0,3.30212,0,8.09755,16.4299,2.50755,0,0,4.93538,0
53549,214,,0.000116394,,,,,,,,,,,,,,,,,,,,,,,,,,,,,,,,,,,,
53599,214,,0.000116394,,,,,,,,,,,,,,,,,,,,,,,,,,,,,,,,,,,,
53649,214,,0.000116394,,,,,,,,,,,,,,,,,,,,,,,,,,,,,,,,,,,,
53699,214,,0.000116394,,,,,,,,,,,,,,,,,,,,,,,,,,,,,,,,,,,,
53749,214,214,0.000116394,0,0,1,0,0.000863256,0.000400598,4.54082,0.00012414,0.723613,0.0162159,0.011509,0.0232867,0,3.09459,3.09459,0,8.15861,13.6105,1.90627,0.254895,0.130669,0.0942841,0.262292,0.463844,0.340591,0.237691,0,3.40991,0,8.11154,16.291,2.4913,0,0,4.90509,0
53799,215,,0.00011523,,,,,,,,,,,,,,,,,,,,,,,,,,,,,,,,,,,,
53849,215,,0.00011523,,,,,,,,,,,,,,,,,,,,,,,,,,,,,,,,,,,,
53899,215,,0.00011523,,,,,,,,,,,,,,,,,,,,,,,,,,,,,,,,,,,,
53949,215,,0.00011523,,,,,,,,,,,,,,,,,,,,,,,,,,,,,,,,,,,,
53999,215,215,0.00011523,0,0,1,0,0.000872413,0.000401019,4.633,0.000130177,0.745884,0.0170985,0.011515,0.0238952,0,3.11274,3.11274,0,8.0429,13.1549,1.87833,0.254852,0.130576,0.0939281,0.261763,0.465079,0.339353,0.238415,0,3.24958,0,8.0212,16.3333,2.52201,0,0,4.95264,0
54049,216,,0.000114078,,,,,,,,,,,,,,,,,,,,,,,,,,,,,,,,,,,,
54099,216,,0.000114078,,,,,,,,,,,,,,,,,,,,,,,,,,,,,,,,,,,,
54149,216,,0.000114078,,,,,,,,,,,,,,,,,,,,,,,,,,,,,,,,,,,,
54199,216,,0.000114078,,,,,,,,,,,,,,,,,,,,,,,,,,,,,,,,,,,,
54249,216,216,0.000114078,0,0,1,0,0.000885878,0.000412662,4.57013,0.00012831,0.736616,0.0176227,0.0118125,0.0238077,0,3.11342,3.11342,0,8.44989,13.3519,1.95402,0.255145,0.131216,0.0941118,0.262141,0.466066,0.339334,0.238,0,3.37417,0,8.37545,16.3088,2.53252,0,0,4.89192,0
54299,217,,0.000112937,,,,,,,,,,,,,,,,,,,,,,,,,,,,,,,,,,,,
54349,217,,0.000112937,,,,,,,,,,,,,,,,,,,,,,,,,,,,,,,,,,,,
54399,217,,0.000112937,,,,,,,,,,,,,,,,,,,,,,,,,,,,,,,,,,,,
54449,217,,0.000112937,,,,,,,,,,,,,,,,,,,,,,,,,,,,,,,,,,,,
54499,217,217,0.000112937,0,0,1,0,0.000846328,0.000384544,4.60274,0.000126529,0.741322,0.0154369,0.0106129,0.0217384,0,3.11546,3.11546,0,8.2318,13.8171,1.92106,0.255179,0.130566,0.0956925,0.2626,0.465431,0.339649,0.237136,0,3.46775,0,8.15451,16.4137,2.5065,0,0,4.91798,0
54549,218,,0.000111808,,,,,,,,,,,,,,,,,,,,,,,,,,,,,,,,,,,,
54599,218,,0.000111808,,,,,,,,,,,,,,,,,,,,,,,,,,,,,,,,,,,,
54649,218,,0.000111808,,,,,,,,,,,,,,,,,,,,,,,,,,,,,,,,,,,,
54699,218,,0.000111808,,,,,,,,,,,,,,,,,,,,,,,,,,,,,,,,,,,,
54749,218,218,0.000111808,0,0,1,0,0.000839223,0.000384344,4.6195,0.000123309,0.742624,0.0147477,0.0105963,0.0209379,0,3.10518,3.10518,0,8.17256,13.3515,1.89744,0.254642,0.131171,0.0932525,0.261326,0.464687,0.340875,0.236544,0,3.38134,0,8.18082,16.3349,2.50959,0,0,4.8888,0
54799,219,,0.00011069,,,,,,,,,,,,,,,,,,,,,,,,,,,,,,,,,,,,
54849,219,,0.00011069,,,,,,,,,,,,,,,,,,,,,,,,,,,,,,,,,,,,
54899,219,,0.00011069,,,,,,,,,,,,,,,,,,,,,,,,,,,,,,,,,,,,
54949,219,,0.00011069,,,,,,,,,,,,,,,,,,,,,,,,,,,,,,,,,,,,
54999,219,219,0.00011069,0,0,1,0,0.000866635,0.000407619,4.6021,0.000128954,0.742681,0.0159414,0.011489,0.0222727,0,3.08455,3.08455,0,8.19881,13.8862,1.90582,0.25483,0.1306,0.0957723,0.260897,0.46408,0.340169,0.237461,0,3.47751,0,8.16145,16.338,2.48909,0,0,4.8677,0
55049,220,,0.000109583,,,,,,,,,,,,,,,,,,,,,,,,,,,,,,,,,,,,
55099,220,,0.000109583,,,,,,,,,,,,,,,,,,,,,,,,,,,,,,,,,,,,
55149,220,,0.000109583,,,,,,,,,,,,,,,,,,,,,,,,,,,,,,,,,,,,
55199,220,,0.000109583,,,,,,,,,,,,,,,,,,,,,,,,,,,,,,,,,,,,
55249,220,220,0.000109583,0,0,1,0,0.000863854,0.000391997,4.70897,0.000124897,0.748724,0.0158402,0.0109766,0.0220875,0,3.10785,3.10785,0,8.13425,13.1886,1.88469,0.254806,0.130895,0.0946839,0.261405,0.464337,0.339739,0.237776,0,3.26,0,8.13208,16.3167,2.51024,0,0,4.8284,0
55299,221,,0.000108487,,,,,,,,,,,,,,,,,,,,,,,,,,,,,,,,,,,,
55349,221,,0.000108487,,,,,,,,,,,,,,,,,,,,,,,,,,,,,,,,,,,,
55399,221,,0.000108487,,,,,,,,,,,,,,,,,,,,,,,,,,,,,,,,,,,,
55449,221,,0.000108487,,,,,,,,,,,,,,,,,,,,,,,,,,,,,,,,,,,,
55499,221,221,0.000108487,0,0,1,0,0.000865042,0.000397457,4.72514,0.000126316,0.757564,0.015781,0.0110843,0.0219165,0,3.07993,3.07993,0,8.06182,13.315,1.89142,0.254581,0.130333,0.0946275,0.261715,0.464696,0.339267,0.236846,0,3.2903,0,8.06236,16.3248,2.51986,0,0,4.86877,0
55549,222,,0.000107402,,,,,,,,,,,,,,,,,,,,,,,,,,,,,,,,,,,,
55599,222,,0.000107402,,,,,,,,,,,,,,,,,,,,,,,,,,,,,,,,,,,,
55649,222,,0.000107402,,,,,,,,,,,,,,,,,,,,,,,,,,,,,,,,,,,,
55699,222,,0.000107402,,,,,,,,,,,,,,,,,,,,,,,,,,,,,,,,,,,,
55749,222,222,0.000107402,0,0,1,0,0.000873217,0.000399183,4.65042,0.000128318,0.753547,0.0168949,0.0114783,0.022922,0,3.1297,3.1297,0,8.23774,13.7064,1.90683,0.254543,0.130498,0.0941923,0.261959,0.46369,0.339472,0.237448,0,3.39512,0,8.15939,16.3102,2.49976,0,0,4.82831,0
55799,223,,0.000106328,,,,,,,,,,,,,,,,,,,,,,,,,,,,,,,,,,,,
55849,223,,0.000106328,,,,,,,,,,,,,,,,,,,,,,,,,,,,,,,,,,,,
55899,223,,0.000106328,,,,,,,,,,,,,,,,,,,,,,,,,,,,,,,,,,,,
55949,223,,0.000106328,,,,,,,,,,,,,,,,,,,,,,,,,,,,,,,,,,,,
55999,223,223,0.000106328,0,0,1,0,0.000833486,0.000384059,4.70187,0.000119635,0.756795,0.0148261,0.0106377,0.0210494,0,3.0988,3.0988,0,8.23984,13.3037,1.91696,0.254798,0.130738,0.0941424,0.263309,0.463915,0.339604,0.237077,0,3.30845,0,8.30772,16.3475,2.5131,0,0,4.88712,0
56049,224,,0.000105265,,,,,,,,,,,,,,,,,,,,,,,,,,,,,,,,,,,,
56099,224,,0.000105265,,,,,,,,,,,,,,,,,,,,,,,,,,,,,,,,,,,,
56149,224,,0.000105265,,,,,,,,,,,,,,,,,,,,,,,,,,,,,,,,,,,,
56199,224,,0.000105265,,,,,,,,,,,,,,,,,,,,,,,,,,,,,,,,,,,,
56249,224,224,0.000105265,0,0,1,0,0.00087108,0.000411134,4.63374,0.000130919,0.734876,0.0163391,0.011949,0.0225591,0,3.04454,3.04454,0,8.08109,13.2705,1.88618,0.254678,0.130834,0.0941211,0.262645,0.463966,0.339217,0.237282,0,3.31281,0,8.14936,16.3557,2.50159,0,0,4.8925,0
56299,225,,0.000104212,,,,,,,,,,,,,,,,,,,,,,,,,,,,,,,,,,,,
56349,225,,0.000104212,,,,,,,,,,,,,,,,,,,,,,,,,,,,,,,,,,,,
56399,225,,0.000104212,,,,,,,,,,,,,,,,,,,,,,,,,,,,,,,,,,,,
56449,225,,0.000104212,,,,,,,,,,,,,,,,,,,,,,,,,,,,,,,,,,,,
56499,225,225,0.000104212,0,0,1,0,0.000871792,0.00041254,4.5377,0.000132909,0.718231,0.0167262,0.0122249,0.0231689,0,3.11421,3.11421,0,8.04145,13.1752,1.88216,0.255495,0.131073,0.0979767,0.26101,0.464758,0.339409,0.238741,0,3.2838,0,8.17486,16.3358,2.50186,0,0,4.85408,0
56549,226,,0.00010317,,,,,,,,,,,,,,,,,,,,,,,,,,,,,,,,,,,,
56599,226,,0.00010317,,,,,,,,,,,,,,,,,,,,,,,,,,,,,,,,,,,,
56649,226,,0.00010317,,,,,,,,,,,,,,,,,,,,,,,,,,,,,,,,,,,,
56699,226,,0.00010317,,,,,,,,,,,,,,,,,,,,,,,,,,,,,,,,,,,,
56749,226,226,0.00010317,0,0,1,0,0.00088009,0.000411927,4.68995,0.000125114,0.750998,0.0169691,0.0119407,0.0235941,0,3.09333,3.09333,0,8.00055,13.1468,1.87556,0.25433,0.130927,0.0936956,0.261867,0.463699,0.339204,0.236585,0,3.27395,0,8.11634,16.3319,2.4973,0,0,4.90419,0
56799,227,,0.000102138,,,,,,,,,,,,,,,,,,,,,,,,,,,,,,,,,,,,
56849,227,,0.000102138,,,,,,,,,,,,,,,,,,,,,,,,,,,,,,,,,,,,
56899,227,,0.000102138,,,,,,,,,,,,,,,,,,,,,,,,,,,,,,,,,,,,
56949,227,,0.000102138,,,,,,,,,,,,,,,,,,,,,,,,,,,,,,,,,,,,
56999,227,227,0.000102138,0,0,1,0,0.0008657,0.00041542,4.70793,0.000135982,0.754988,0.0163432,0.0119445,0.0236286,0,3.05803,3.05803,0,8.15541,13.2181,1.87889,0.254426,0.130561,0.0941523,0.261493,0.464375,0.338251,0.237724,0,3.29449,0,8.13826,16.2659,2.49226,0,0,4.84031,0
57049,228,,0.000101117,,,,,,,,,,,,,,,,,,,,,,,,,,,,,,,,,,,,
57099,228,,0.000101117,,,,,,,,,,,,,,,,,,,,,,,,,,,,,,,,,,,,
57149,228,,0.000101117,,,,,,,,,,,,,,,,,,,,,,,,,,,,,,,,,,,,
57199,228,,0.000101117,,,,,,,,,,,,,,,,,,,,,,,,,,,,,,,,,,,,
57249,228,228,0.000101117,0,0,1,0,0.000851156,0.000397696,4.64805,0.000125397,0.741695,0.0154598,0.0110071,0.0221121,0,3.10054,3.10054,0,8.00432,13.1539,1.8726,0.254856,0.130793,0.0961432,0.261565,0.464306,0.338218,0.23811,0,3.29344,0,8.07023,16.3148,2.50924,0,0,4.83826,0
57299,229,,0.000100106,,,,,,,,,,,,,,,,,,,,,,,,,,,,,,,,,,,,
57349,229,,0.000100106,,,,,,,,,,,,,,,,,,,,,,,,,,,,,,,,,,,,
57399,229,,0.000100106,,,,,,,,,,,,,,,,,,,,,,,,,,,,,,,,,,,,
57449,229,,0.000100106,,,,,,,,,,,,,,,,,,,,,,,,,,,,,,,,,,,,
57499,229,229,0.000100106,0,0,1,0,0.000865192,0.000408343,4.63327,0.000145367,0.742318,0.0161116,0.0118424,0.0235321,0,3.07581,3.07581,0,8.01008,13.3824,1.87625,0.255388,0.129986,0.0978055,0.261765,0.465364,0.339225,0.238182,0,3.36977,0,7.96595,16.4468,2.51641,0,0,4.96394,0
57549,230,,9.91048e-05,,,,,,,,,,,,,,,,,,,,,,,,,,,,,,,,,,,,
57599,230,,9.91048e-05,,,,,,,,,,,,,,,,,,,,,,,,,,,,,,,,,,,,
57649,230,,9.91048e-05,,,,,,,,,,,,,,,,,,,,,,,,,,,,,,,,,,,,
57699,230,,9.91048e-05,,,,,,,,,,,,,,,,,,,,,,,,,,,,,,,,,,,,
57749,230,230,9.91048e-05,0,0,1,0,0.000868766,0.000401696,4.6682,0.000127765,0.739266,0.0164324,0.0114956,0.0232375,0,3.05903,3.05903,0,8.01262,13.1382,1.87424,0.254832,0.130875,0.0947087,0.261552,0.464677,0.338671,0.238505,0,3.28104,0,8.10891,16.3379,2.48156,0,0,4.87655,0
57799,231,,9.81138e-05,,,,,,,,,,,,,,,,,,,,,,,,,,,,,,,,,,,,
57849,231,,9.81138e-05,,,,,,,,,,,,,,,,,,,,,,,,,,,,,,,,,,,,
57899,231,,9.81138e-05,,,,,,,,,,,,,,,,,,,,,,,,,,,,,,,,,,,,
57949,231,,9.81138e-05,,,,,,,,,,,,,,,,,,,,,,,,,,,,,,,,,,,,
57999,231,231,9.81138e-05,0,0,1,0,0.000858771,0.000402779,4.70744,0.000128916,0.749294,0.0156433,0.0117459,0.0232906,0,3.07317,3.07317,0,8.10667,13.5152,1.89326,0.254777,0.130368,0.0945552,0.26237,0.464294,0.339293,0.237784,0,3.39983,0,8.06904,16.3791,2.50097,0,0,4.95301,0
58049,232,,9.71326e-05,,,,,,,,,,,,,,,,,,,,,,,,,,,,,,,,,,,,
58099,232,,9.71326e-05,,,,,,,,,,,,,,,,,,,,,,,,,,,,,,,,,,,,
58149,232,,9.71326e-05,,,,,,,,,,,,,,,,,,,,,,,,,,,,,,,,,,,,
58199,232,,9.71326e-05,,,,,,,,,,,,,,,,,,,,,,,,,,,,,,,,,,,,
58249,232,232,9.71326e-05,0,0,1,0,0.000858958,0.000406106,4.63106,0.000132634,0.736503,0.01631,0.0115759,0.0231401,0,3.02901,3.02901,0,8.05544,13.0748,1.87214,0.254709,0.130485,0.0945681,0.261685,0.464596,0.339131,0.237787,0,3.20578,0,8.11664,16.3415,2.51712,0,0,4.89229,0
58299,233,,9.61613e-05,,,,,,,,,,,,,,,,,,,,,,,,,,,,,,,,,,,,
58349,233,,9.61613e-05,,,,,,,,,,,,,,,,,,,,,,,,,,,,,,,,,,,,
58399,233,,9.61613e-05,,,,,,,,,,,,,,,,,,,,,,,,,,,,,,,,,,,,
58449,233,,9.61613e-05,,,,,,,,,,,,,,,,,,,,,,,,,,,,,,,,,,,,
58499,233,233,9.61613e-05,0,0,1,0,0.000858908,0.000409613,4.66504,0.000128772,0.747433,0.0160579,0.0117474,0.0230175,0,3.02559,3.02559,0,8.17949,13.1643,1.89829,0.254928,0.130673,0.0942992,0.261581,0.464513,0.338413,0.24009,0,3.30285,0,8.27333,16.3281,2.50059,0,0,4.86942,0
58549,234,,9.51997e-05,,,,,,,,,,,,,,,,,,,,,,,,,,,,,,,,,,,,
58599,234,,9.51997e-05,,,,,,,,,,,,,,,,,,,,,,,,,,,,,,,,,,,,
58649,234,,9.51997e-05,,,,,,,,,,,,,,,,,,,,,,,,,,,,,,,,,,,,
58699,234,,9.51997e-05,,,,,,,,,,,,,,,,,,,,,,,,,,,,,,,,,,,,
58749,234,234,9.51997e-05,0,0,1,0,0.000869101,0.000404598,4.73615,0.000131112,0.755395,0.0160198,0.011341,0.0225516,0,3.02488,3.02488,0,8.08925,14.103,1.90737,0.255105,0.130251,0.0949136,0.263857,0.464988,0.33976,0.23686,0,3.59446,0,8.02582,16.5113,2.52287,0,0,5.03041,0
58799,235,,9.42477e-05,,,,,,,,,,,,,,,,,,,,,,,,,,,,,,,,,,,,
58849,235,,9.42477e-05,,,,,,,,,,,,,,,,,,,,,,,,,,,,,,,,,,,,
58899,235,,9.42477e-05,,,,,,,,,,,,,,,,,,,,,,,,,,,,,,,,,,,,
58949,235,,9.42477e-05,,,,,,,,,,,,,,,,,,,,,,,,,,,,,,,,,,,,
58999,235,235,9.42477e-05,0,0,1,0,0.000873881,0.000408683,4.763,0.000132589,0.760067,0.0164874,0.0117377,0.0232327,0,3.04423,3.04423,0,7.93979,13.0754,1.86054,0.254824,0.130601,0.0954612,0.262442,0.464105,0.339125,0.237212,0,3.23223,0,8.00441,16.3513,2.51722,0,0,4.89848,0
59049,236,,9.33052e-05,,,,,,,,,,,,,,,,,,,,,,,,,,,,,,,,,,,,
59099,236,,9.33052e-05,,,,,,,,,,,,,,,,,,,,,,,,,,,,,,,,,,,,
59149,236,,9.33052e-05,,,,,,,,,,,,,,,,,,,,,,,,,,,,,,,,,,,,
59199,236,,9.33052e-05,,,,,,,,,,,,,,,,,,,,,,,,,,,,,,,,,,,,
59249,236,236,9.33052e-05,0,0,1,0,0.000858058,0.000390103,4.83071,0.000127087,0.779838,0.0160428,0.0110575,0.0222427,0,3.05768,3.05768,0,7.97778,13.1692,1.86705,0.254525,0.130318,0.0944085,0.262261,0.46419,0.339025,0.236949,0,3.23089,0,8.0633,16.2979,2.50443,0,0,4.84869,0
59299,237,,9.23722e-05,,,,,,,,,,,,,,,,,,,,,,,,,,,,,,,,,,,,
59349,237,,9.23722e-05,,,,,,,,,,,,,,,,,,,,,,,,,,,,,,,,,,,,
59399,237,,9.23722e-05,,,,,,,,,,,,,,,,,,,,,,,,,,,,,,,,,,,,
59449,237,,9.23722e-05,,,,,,,,,,,,,,,,,,,,,,,,,,,,,,,,,,,,
59499,237,237,9.23722e-05,0,0,1,0,0.000874208,0.000404706,4.70855,0.000135656,0.750611,0.0164545,0.0114721,0.0229931,0,3.00739,3.00739,0,8.11987,13.2724,1.88511,0.255262,0.131057,0.0954064,0.262049,0.46385,0.339464,0.239744,0,3.29953,0,8.22191,16.3378,2.50134,0,0,4.84132,0
59549,238,,9.14484e-05,,,,,,,,,,,,,,,,,,,,,,,,,,,,,,,,,,,,
59599,238,,9.14484e-05,,,,,,,,,,,,,,,,,,,,,,,,,,,,,,,,,,,,
59649,238,,9.14484e-05,,,,,,,,,,,,,,,,,,,,,,,,,,,,,,,,,,,,
59699,238,,9.14484e-05,,,,,,,,,,,,,,,,,,,,,,,,,,,,,,,,,,,,
59749,238,238,9.14484e-05,0,0,1,0,0.000855922,0.000398234,4.67972,0.000129384,0.746543,0.0161143,0.0112317,0.0227576,0,3.04788,3.04788,0,7.98167,13.1043,1.87019,0.254218,0.130473,0.09317,0.26087,0.464055,0.339338,0.237401,0,3.2214,0,8.16388,16.2782,2.49843,0,0,4.87179,0
59799,239,,9.0534e-05,,,,,,,,,,,,,,,,,,,,,,,,,,,,,,,,,,,,
59849,239,,9.0534e-05,,,,,,,,,,,,,,,,,,,,,,,,,,,,,,,,,,,,
59899,239,,9.0534e-05,,,,,,,,,,,,,,,,,,,,,,,,,,,,,,,,,,,,
59949,239,,9.0534e-05,,,,,,,,,,,,,,,,,,,,,,,,,,,,,,,,,,,,
59999,239,239,9.0534e-05,0,0,1,0,0.000855601,0.000412755,4.68247,0.000133808,0.750991,0.0161413,0.0120171,0.0234511,0,3.00873,3.00873,0,8.13814,13.2809,1.89898,0.254509,0.130271,0.0940854,0.261307,0.464977,0.338299,0.238117,0,3.30268,0,8.1242,16.3023,2.50862,0,0,4.90181,0
60049,240,,8.96286e-05,,,,,,,,,,,,,,,,,,,,,,,,,,,,,,,,,,,,
60099,240,,8.96286e-05,,,,,,,,,,,,,,,,,,,,,,,,,,,,,,,,,,,,
60149,240,,8.96286e-05,,,,,,,,,,,,,,,,,,,,,,,,,,,,,,,,,,,,
60199,240,,8.96286e-05,,,,,,,,,,,,,,,,,,,,,,,,,,,,,,,,,,,,
60249,240,240,8.96286e-05,0,0,1,0,0.00084454,0.000408731,4.77096,0.000131998,0.76136,0.0153348,0.0113995,0.0217474,0,2.98124,2.98124,0,8.02031,13.1328,1.88244,0.253809,0.130497,0.0924389,0.260367,0.465215,0.338724,0.23561,0,3.22179,0,8.1051,16.254,2.51207,0,0,4.90369,0
60299,241,,8.87323e-05,,,,,,,,,,,,,,,,,,,,,,,,,,,,,,,,,,,,
60349,241,,8.87323e-05,,,,,,,,,,,,,,,,,,,,,,,,,,,,,,,,,,,,
60399,241,,8.87323e-05,,,,,,,,,,,,,,,,,,,,,,,,,,,,,,,,,,,,
60449,241,,8.87323e-05,,,,,,,,,,,,,,,,,,,,,,,,,,,,,,,,,,,,
60499,241,241,8.87323e-05,0,0,1,0,0.000861058,0.000407353,4.74827,0.00013657,0.759247,0.0164973,0.0113848,0.0223144,0,3.01411,3.01411,0,8.01604,13.379,1.88878,0.253925,0.130431,0.0920891,0.260842,0.464312,0.338013,0.237861,0,3.33045,0,8.11293,16.3029,2.52234,0,0,4.89371,0
60549,242,,8.7845e-05,,,,,,,,,,,,,,,,,,,,,,,,,,,,,,,,,,,,
60599,242,,8.7845e-05,,,,,,,,,,,,,,,,,,,,,,,,,,,,,,,,,,,,
60649,242,,8.7845e-05,,,,,,,,,,,,,,,,,,,,,,,,,,,,,,,,,,,,
60699,242,,8.7845e-05,,,,,,,,,,,,,,,,,,,,,,,,,,,,,,,,,,,,
60749,242,242,8.7845e-05,0,0,1,0,0.000849252,0.000404385,4.85135,0.000136233,0.776209,0.0158772,0.0114917,0.0229546,0,3.02366,3.02366,0,7.97694,13.0674,1.86536,0.254528,0.13071,0.094315,0.261084,0.464355,0.338012,0.238693,0,3.24581,0,8.08987,16.3304,2.50179,0,0,4.88667,0
60799,243,,8.69666e-05,,,,,,,,,,,,,,,,,,,,,,,,,,,,,,,,,,,,
60849,243,,8.69666e-05,,,,,,,,,,,,,,,,,,,,,,,,,,,,,,,,,,,,
60899,243,,8.69666e-05,,,,,,,,,,,,,,,,,,,,,,,,,,,,,,,,,,,,
60949,243,,8.69666e-05,,,,,,,,,,,,,,,,,,,,,,,,,,,,,,,,,,,,
60999,243,243,8.69666e-05,0,0,1,0,0.000860295,0.000407261,4.68077,0.000131842,0.744557,0.0169776,0.0118203,0.024273,0,3.03109,3.03109,0,8.02141,13.1442,1.86859,0.254508,0.130474,0.0939258,0.261345,0.46374,0.338157,0.239405,0,3.25259,0,8.10134,16.2739,2.49083,0,0,4.86826,0
61049,244,,8.60969e-05,,,,,,,,,,,,,,,,,,,,,,,,,,,,,,,,,,,,
61099,244,,8.60969e-05,,,,,,,,,,,,,,,,,,,,,,,,,,,,,,,,,,,,
61149,244,,8.60969e-05,,,,,,,,,,,,,,,,,,,,,,,,,,,,,,,,,,,,
61199,244,,8.60969e-05,,,,,,,,,,,,,,,,,,,,,,,,,,,,,,,,,,,,
61249,244,244,8.60969e-05,0,0,1,0,0.000837604,0.000406728,4.73506,0.000132625,0.755477,0.0154321,0.0115059,0.0223303,0,2.97115,2.97115,0,8.00035,13.0958,1.8763,0.254023,0.130605,0.0931612,0.261021,0.463682,0.33866,0.23701,0,3.21042,0,8.04417,16.256,2.50002,0,0,4.90651,0
61299,245,,8.52359e-05,,,,,,,,,,,,,,,,,,,,,,,,,,,,,,,,,,,,
61349,245,,8.52359e-05,,,,,,,,,,,,,,,,,,,,,,,,,,,,,,,,,,,,
61399,245,,8.52359e-05,,,,,,,,,,,,,,,,,,,,,,,,,,,,,,,,,,,,
61449,245,,8.52359e-05,,,,,,,,,,,,,,,,,,,,,,,,,,,,,,,,,,,,
61499,245,245,8.52359e-05,0,0,1,0,0.000840867,0.000406978,4.73689,0.000129417,0.755584,0.015767,0.0113622,0.0218218,0,2.98611,2.98611,0,7.9093,13.0835,1.86411,0.25415,0.130222,0.0935811,0.262261,0.464302,0.338338,0.236194,0,3.23754,0,8.06335,16.2618,2.49983,0,0,4.89505,0
61549,246,,8.43836e-05,,,,,,,,,,,,,,,,,,,,,,,,,,,,,,,,,,,,
61599,246,,8.43836e-05,,,,,,,,,,,,,,,,,,,,,,,,,,,,,,,,,,,,
61649,246,,8.43836e-05,,,,,,,,,,,,,,,,,,,,,,,,,,,,,,,,,,,,
61699,246,,8.43836e-05,,,,,,,,,,,,,,,,,,,,,,,,,,,,,,,,,,,,
61749,246,246,8.43836e-05,0,0,1,0,0.000859865,0.000403071,4.65146,0.000139237,0.742166,0.0166715,0.0114891,0.0240788,0,3.00282,3.00282,0,7.9843,13.0698,1.85997,0.255112,0.130884,0.0960926,0.260989,0.464978,0.338876,0.238855,0,3.27105,0,8.16809,16.3593,2.49503,0,0,4.9102,0
61799,247,,8.35397e-05,,,,,,,,,,,,,,,,,,,,,,,,,,,,,,,,,,,,
61849,247,,8.35397e-05,,,,,,,,,,,,,,,,,,,,,,,,,,,,,,,,,,,,
61899,247,,8.35397e-05,,,,,,,,,,,,,,,,,,,,,,,,,,,,,,,,,,,,
61949,247,,8.35397e-05,,,,,,,,,,,,,,,,,,,,,,,,,,,,,,,,,,,,
61999,247,247,8.35397e-05,0,0,1,0,0.000866485,0.000413845,4.70179,0.000136589,0.742786,0.0167439,0.012125,0.0237113,0,3.01511,3.01511,0,7.8582,13.0599,1.85679,0.254304,0.130214,0.0943561,0.260749,0.464565,0.339564,0.236374,0,3.26461,0,7.99996,16.2686,2.4881,0,0,4.94119,0
62049,248,,8.27043e-05,,,,,,,,,,,,,,,,,,,,,,,,,,,,,,,,,,,,
62099,248,,8.27043e-05,,,,,,,,,,,,,,,,,,,,,,,,,,,,,,,,,,,,
62149,248,,8.27043e-05,,,,,,,,,,,,,,,,,,,,,,,,,,,,,,,,,,,,
62199,248,,8.27043e-05,,,,,,,,,,,,,,,,,,,,,,,,,,,,,,,,,,,,
62249,248,248,8.27043e-05,0,0,1,0,0.000879931,0.000427868,4.794,0.000150467,0.76608,0.0175141,0.012987,0.0249905,0,3.01842,3.01842,0,8.03858,13.1949,1.87464,0.254385,0.130681,0.0939282,0.261798,0.464167,0.337648,0.238085,0,3.26259,0,8.07804,16.2905,2.47964,0,0,4.90888,0
62299,249,,8.18773e-05,,,,,,,,,,,,,,,,,,,,,,,,,,,,,,,,,,,,
62349,249,,8.18773e-05,,,,,,,,,,,,,,,,,,,,,,,,,,,,,,,,,,,,
62399,249,,8.18773e-05,,,,,,,,,,,,,,,,,,,,,,,,,,,,,,,,,,,,
62449,249,,8.18773e-05,,,,,,,,,,,,,,,,,,,,,,,,,,,,,,,,,,,,
62499,249,249,8.18773e-05,0,0,1,0,0.000868252,0.000427014,4.68864,0.000140159,0.749547,0.0167121,0.0125186,0.0244545,0,3.00956,3.00956,0,7.84628,12.9927,1.84992,0.25415,0.130165,0.0937863,0.261026,0.463974,0.33907,0.236879,0,3.20983,0,8.00074,16.2384,2.47765,0,0,4.92788,0
62549,250,,8.10585e-05,,,,,,,,,,,,,,,,,,,,,,,,,,,,,,,,,,,,
62599,250,,8.10585e-05,,,,,,,,,,,,,,,,,,,,,,,,,,,,,,,,,,,,
62649,250,,8.10585e-05,,,,,,,,,,,,,,,,,,,,,,,,,,,,,,,,,,,,
62699,250,,8.10585e-05,,,,,,,,,,,,,,,,,,,,,,,,,,,,,,,,,,,,
62749,250,250,8.10585e-05,0,0,1,0,0.00085898,0.000410464,4.80309,0.000134096,0.766688,0.0159971,0.0117508,0.023078,0,3.00039,3.00039,0,7.93677,12.9942,1.85719,0.254494,0.130744,0.094041,0.261287,0.464109,0.338794,0.237989,0,3.20105,0,8.09676,16.2331,2.49318,0,0,4.86777,0
62799,251,,8.02479e-05,,,,,,,,,,,,,,,,,,,,,,,,,,,,,,,,,,,,
62849,251,,8.02479e-05,,,,,,,,,,,,,,,,,,,,,,,,,,,,,,,,,,,,
62899,251,,8.02479e-05,,,,,,,,,,,,,,,,,,,,,,,,,,,,,,,,,,,,
62949,251,,8.02479e-05,,,,,,,,,,,,,,,,,,,,,,,,,,,,,,,,,,,,
62999,251,251,8.02479e-05,0,0,1,0,0.000864169,0.00040897,4.6869,0.000131049,0.752691,0.0164328,0.0114079,0.0233533,0,3.01216,3.01216,0,8.00791,13.0754,1.86953,0.254161,0.130311,0.0936211,0.260772,0.463546,0.338838,0.237875,0,3.21273,0,8.05321,16.2663,2.49865,0,0,4.87672,0
63049,252,,7.94455e-05,,,,,,,,,,,,,,,,,,,,,,,,,,,,,,,,,,,,
63099,252,,7.94455e-05,,,,,,,,,,,,,,,,,,,,,,,,,,,,,,,,,,,,
63149,252,,7.94455e-05,,,,,,,,,,,,,,,,,,,,,,,,,,,,,,,,,,,,
63199,252,,7.94455e-05,,,,,,,,,,,,,,,,,,,,,,,,,,,,,,,,,,,,
63249,252,252,7.94455e-05,0,0,1,0,0.0008589,0.000414259,4.76065,0.000134351,0.763092,0.0161611,0.0116398,0.0232516,0,2.96893,2.96893,0,7.91588,13.0305,1.85933,0.254086,0.130562,0.0940988,0.260865,0.46369,0.337805,0.237497,0,3.20129,0,8.10286,16.2856,2.4946,0,0,4.87664,0
63299,253,,7.8651e-05,,,,,,,,,,,,,,,,,,,,,,,,,,,,,,,,,,,,
63349,253,,7.8651e-05,,,,,,,,,,,,,,,,,,,,,,,,,,,,,,,,,,,,
63399,253,,7.8651e-05,,,,,,,,,,,,,,,,,,,,,,,,,,,,,,,,,,,,
63449,253,,7.8651e-05,,,,,,,,,,,,,,,,,,,,,,,,,,,,,,,,,,,,
63499,253,253,7.8651e-05,0,0,1,0,0.000862069,0.000408127,4.76714,0.000130166,0.763667,0.0165129,0.0115362,0.023522,0,2.98351,2.98351,0,7.95496,12.9902,1.85539,0.254503,0.130634,0.0955139,0.261179,0.464057,0.338277,0.237358,0,3.211,0,8.08896,16.2932,2.4903,0,0,4.87448,0
63549,254,,7.78645e-05,,,,,,,,,,,,,,,,,,,,,,,,,,,,,,,,,,,,
63599,254,,7.78645e-05,,,,,,,,,,,,,,,,,,,,,,,,,,,,,,,,,,,,
63649,254,,7.78645e-05,,,,,,,,,,,,,,,,,,,,,,,,,,,,,,,,,,,,
63699,254,,7.78645e-05,,,,,,,,,,,,,,,,,,,,,,,,,,,,,,,,,,,,
63749,254,254,7.78645e-05,0,0,1,0,0.000859535,0.000404702,4.78697,0.000132348,0.777477,0.016667,0.0111895,0.0226377,0,3.01055,3.01055,0,7.85242,12.9802,1.85116,0.253796,0.129884,0.0934201,0.261064,0.463459,0.339762,0.235185,0,3.26995,0,8.01733,16.2818,2.49333,0,0,4.94904,0
63799,255,,7.70858e-05,,,,,,,,,,,,,,,,,,,,,,,,,,,,,,,,,,,,
63849,255,,7.70858e-05,,,,,,,,,,,,,,,,,,,,,,,,,,,,,,,,,,,,
63899,255,,7.70858e-05,,,,,,,,,,,,,,,,,,,,,,,,,,,,,,,,,,,,
63949,255,,7.70858e-05,,,,,,,,,,,,,,,,,,,,,,,,,,,,,,,,,,,,
63999,255,255,7.70858e-05,0,0,1,0,0.000859173,0.000412014,4.8027,0.00013653,0.768692,0.0166492,0.0117205,0.0226697,0,3.00426,3.00426,0,7.93822,13.0338,1.85843,0.253732,0.130267,0.0932789,0.26051,0.462832,0.338892,0.236608,0,3.20694,0,7.97506,16.2415,2.48579,0,0,4.90941,0
64049,256,,7.6315e-05,,,,,,,,,,,,,,,,,,,,,,,,,,,,,,,,,,,,
64099,256,,7.6315e-05,,,,,,,,,,,,,,,,,,,,,,,,,,,,,,,,,,,,
64149,256,,7.6315e-05,,,,,,,,,,,,,,,,,,,,,,,,,,,,,,,,,,,,
64199,256,,7.6315e-05,,,,,,,,,,,,,,,,,,,,,,,,,,,,,,,,,,,,
64249,256,256,7.6315e-05,0,0,1,0,0.000859242,0.000414271,4.83196,0.000136027,0.767845,0.0167056,0.0119063,0.0234029,0,2.98284,2.98284,0,7.91685,13.034,1.8474,0.254381,0.130869,0.0967507,0.26048,0.46299,0.338606,0.236592,0,3.22909,0,8.01604,16.263,2.48938,0,0,4.87126,0
64299,257,,7.55518e-05,,,,,,,,,,,,,,,,,,,,,,,,,,,,,,,,,,,,
64349,257,,7.55518e-05,,,,,,,,,,,,,,,,,,,,,,,,,,,,,,,,,,,,
64399,257,,7.55518e-05,,,,,,,,,,,,,,,,,,,,,,,,,,,,,,,,,,,,
64449,257,,7.55518e-05,,,,,,,,,,,,,,,,,,,,,,,,,,,,,,,,,,,,
64499,257,257,7.55518e-05,0,0,1,0,0.000846067,0.000410793,4.68004,0.000132563,0.750244,0.0156787,0.0115499,0.0223718,0,2.97183,2.97183,0,8.0405,13.14,1.87647,0.254398,0.130989,0.0935982,0.261569,0.464054,0.338355,0.237821,0,3.28349,0,8.17846,16.2749,2.50043,0,0,4.88156,0
64549,258,,7.47963e-05,,,,,,,,,,,,,,,,,,,,,,,,,,,,,,,,,,,,
64599,258,,7.47963e-05,,,,,,,,,,,,,,,,,,,,,,,,,,,,,,,,,,,,
64649,258,,7.47963e-05,,,,,,,,,,,,,,,,,,,,,,,,,,,,,,,,,,,,
64699,258,,7.47963e-05,,,,,,,,,,,,,,,,,,,,,,,,,,,,,,,,,,,,
64749,258,258,7.47963e-05,0,0,1,0,0.000866549,0.000421773,4.69618,0.000147784,0.750444,0.0164671,0.0120455,0.0232274,0,2.95963,2.95963,0,8.01889,13.0279,1.86112,0.254491,0.130524,0.0949446,0.261282,0.46258,0.338698,0.238918,0,3.23009,0,8.11184,16.2566,2.48089,0,0,4.89373,0
64799,259,,7.40484e-05,,,,,,,,,,,,,,,,,,,,,,,,,,,,,,,,,,,,
64849,259,,7.40484e-05,,,,,,,,,,,,,,,,,,,,,,,,,,,,,,,,,,,,
64899,259,,7.40484e-05,,,,,,,,,,,,,,,,,,,,,,,,,,,,,,,,,,,,
64949,259,,7.40484e-05,,,,,,,,,,,,,,,,,,,,,,,,,,,,,,,,,,,,
64999,259,259,7.40484e-05,0,0,1,0,0.000862936,0.000426056,4.74459,0.000137999,0.757636,0.0166427,0.0124211,0.0233197,0,2.98755,2.98755,0,7.99643,13.1925,1.87269,0.253955,0.130475,0.0934541,0.261524,0.463579,0.338179,0.236519,0,3.29126,0,8.0604,16.2341,2.48513,0,0,4.89738,0
65049,260,,7.33079e-05,,,,,,,,,,,,,,,,,,,,,,,,,,,,,,,,,,,,
65099,260,,7.33079e-05,,,,,,,,,,,,,,,,,,,,,,,,,,,,,,,,,,,,
65149,260,,7.33079e-05,,,,,,,,,,,,,,,,,,,,,,,,,,,,,,,,,,,,
65199,260,,7.33079e-05,,,,,,,,,,,,,,,,,,,,,,,,,,,,,,,,,,,,
65249,260,260,7.33079e-05,0,0,1,0,0.000862211,0.000420073,4.701,0.000141597,0.755338,0.0165329,0.0120664,0.0234361,0,2.97122,2.97122,0,7.9903,13.0677,1.86403,0.253985,0.130483,0.0933572,0.261477,0.463913,0.338003,0.23668,0,3.22224,0,8.07042,16.2369,2.47522,0,0,4.86952,0
65299,261,,7.25748e-05,,,,,,,,,,,,,,,,,,,,,,,,,,,,,,,,,,,,
65349,261,,7.25748e-05,,,,,,,,,,,,,,,,,,,,,,,,,,,,,,,,,,,,
65399,261,,7.25748e-05,,,,,,,,,,,,,,,,,,,,,,,,,,,,,,,,,,,,
65449,261,,7.25748e-05,,,,,,,,,,,,,,,,,,,,,,,,,,,,,,,,,,,,
65499,261,261,7.25748e-05,0,0,1,0,0.000858988,0.000417524,4.76604,0.00013985,0.762906,0.0161992,0.011827,0.023246,0,2.9457,2.9457,0,7.97012,13.0104,1.86201,0.25431,0.130515,0.0939875,0.261664,0.463673,0.338437,0.237583,0,3.21149,0,8.09554,16.2457,2.46655,0,0,4.88998,0
65549,262,,7.1849e-05,,,,,,,,,,,,,,,,,,,,,,,,,,,,,,,,,,,,
65599,262,,7.1849e-05,,,,,,,,,,,,,,,,,,,,,,,,,,,,,,,,,,,,
65649,262,,7.1849e-05,,,,,,,,,,,,,,,,,,,,,,,,,,,,,,,,,,,,
65699,262,,7.1849e-05,,,,,,,,,,,,,,,,,,,,,,,,,,,,,,,,,,,,
65749,262,262,7.1849e-05,0,0,1,0,0.000870323,0.000416564,4.69274,0.000138834,0.747577,0.0166412,0.0119045,0.0234994,0,2.95433,2.95433,0,8.06282,13.1737,1.8775,0.25388,0.130643,0.0926244,0.261326,0.463552,0.338295,0.236838,0,3.25986,0,8.19551,16.1962,2.47028,0,0,4.86394,0
65799,263,,7.11306e-05,,,,,,,,,,,,,,,,,,,,,,,,,,,,,,,,,,,,
65849,263,,7.11306e-05,,,,,,,,,,,,,,,,,,,,,,,,,,,,,,,,,,,,
65899,263,,7.11306e-05,,,,,,,,,,,,,,,,,,,,,,,,,,,,,,,,,,,,
65949,263,,7.11306e-05,,,,,,,,,,,,,,,,,,,,,,,,,,,,,,,,,,,,
65999,263,263,7.11306e-05,0,0,1,0,0.000862885,0.000417934,4.67691,0.000144321,0.745594,0.016723,0.0121837,0.0242091,0,2.95589,2.95589,0,7.85988,12.9605,1.842,0.254175,0.130929,0.094307,0.261183,0.463562,0.338185,0.236882,0,3.2334,0,7.97321,16.2248,2.45622,0,0,4.90062,0
66049,264,,7.04192e-05,,,,,,,,,,,,,,,,,,,,,,,,,,,,,,,,,,,,
66099,264,,7.04192e-05,,,,,,,,,,,,,,,,,,,,,,,,,,,,,,,,,,,,
66149,264,,7.04192e-05,,,,,,,,,,,,,,,,,,,,,,,,,,,,,,,,,,,,
66199,264,,7.04192e-05,,,,,,,,,,,,,,,,,,,,,,,,,,,,,,,,,,,,
66249,264,264,7.04192e-05,0,0,1,0,0.000860055,0.000422654,4.84347,0.000137855,0.772918,0.0164862,0.0120283,0.0234436,0,2.94959,2.94959,0,7.90099,13.0141,1.84873,0.254611,0.130645,0.0958821,0.261531,0.464033,0.338502,0.237076,0,3.20523,0,8.00439,16.2698,2.46671,0,0,4.89547,0
66299,265,,6.97151e-05,,,,,,,,,,,,,,,,,,,,,,,,,,,,,,,,,,,,
66349,265,,6.97151e-05,,,,,,,,,,,,,,,,,,,,,,,,,,,,,,,,,,,,
66399,265,,6.97151e-05,,,,,,,,,,,,,,,,,,,,,,,,,,,,,,,,,,,,
66449,265,,6.97151e-05,,,,,,,,,,,,,,,,,,,,,,,,,,,,,,,,,,,,
66499,265,265,6.97151e-05,0,0,1,0,0.000859008,0.000410848,4.81032,0.000136147,0.763991,0.0163498,0.0113529,0.0222832,0,2.95023,2.95023,0,7.87637,12.9798,1.84153,0.254301,0.130448,0.0950188,0.261188,0.463506,0.339192,0.236454,0,3.18789,0,8.02225,16.238,2.47308,0,0,4.87111,0
66549,266,,6.90179e-05,,,,,,,,,,,,,,,,,,,,,,,,,,,,,,,,,,,,
66599,266,,6.90179e-05,,,,,,,,,,,,,,,,,,,,,,,,,,,,,,,,,,,,
66649,266,,6.90179e-05,,,,,,,,,,,,,,,,,,,,,,,,,,,,,,,,,,,,
66699,266,,6.90179e-05,,,,,,,,,,,,,,,,,,,,,,,,,,,,,,,,,,,,
66749,266,266,6.90179e-05,0,0,1,0,0.000860985,0.000420086,4.7362,0.000142984,0.75043,0.0164659,0.0117368,0.0229385,0,2.94511,2.94511,0,7.90141,13.0975,1.85873,0.253863,0.130407,0.0938228,0.260638,0.463252,0.33877,0.236289,0,3.21375,0,7.93942,16.2135,2.46354,0,0,4.91114,0
66799,267,,6.83277e-05,,,,,,,,,,,,,,,,,,,,,,,,,,,,,,,,,,,,
66849,267,,6.83277e-05,,,,,,,,,,,,,,,,,,,,,,,,,,,,,,,,,,,,
66899,267,,6.83277e-05,,,,,,,,,,,,,,,,,,,,,,,,,,,,,,,,,,,,
66949,267,,6.83277e-05,,,,,,,,,,,,,,,,,,,,,,,,,,,,,,,,,,,,
66999,267,267,6.83277e-05,0,0,1,0,0.000848713,0.000420992,4.69894,0.000135359,0.753743,0.0159209,0.0118992,0.0222873,0,2.94239,2.94239,0,7.88599,13.0839,1.84808,0.254062,0.130489,0.0932891,0.26131,0.464268,0.338801,0.236214,0,3.2224,0,8.00121,16.2468,2.48338,0,0,4.90983,0
67049,268,,6.76444e-05,,,,,,,,,,,,,,,,,,,,,,,,,,,,,,,,,,,,
67099,268,,6.76444e-05,,,,,,,,,,,,,,,,,,,,,,,,,,,,,,,,,,,,
67149,268,,6.76444e-05,,,,,,,,,,,,,,,,,,,,,,,,,,,,,,,,,,,,
67199,268,,6.76444e-05,,,,,,,,,,,,,,,,,,,,,,,,,,,,,,,,,,,,
67249,268,268,6.76444e-05,0,0,1,0,0.00085997,0.000415721,4.90086,0.000142938,0.785826,0.016659,0.0116059,0.0231929,0,2.94648,2.94648,0,7.99489,13.1865,1.87413,0.2538,0.130639,0.0931218,0.261047,0.462944,0.338801,0.236245,0,3.2437,0,8.1141,16.199,2.47297,0,0,4.87822,0
67299,269,,6.6968e-05,,,,,,,,,,,,,,,,,,,,,,,,,,,,,,,,,,,,
67349,269,,6.6968e-05,,,,,,,,,,,,,,,,,,,,,,,,,,,,,,,,,,,,
67399,269,,6.6968e-05,,,,,,,,,,,,,,,,,,,,,,,,,,,,,,,,,,,,
67449,269,,6.6968e-05,,,,,,,,,,,,,,,,,,,,,,,,,,,,,,,,,,,,
67499,269,269,6.6968e-05,0,0,1,0,0.000844683,0.000407463,4.70826,0.000135343,0.750872,0.0160608,0.0112962,0.0221306,0,2.95075,2.95075,0,7.93017,12.9824,1.84604,0.254165,0.130517,0.0944302,0.261163,0.463519,0.338429,0.236928,0,3.18435,0,8.12281,16.233,2.48936,0,0,4.8713,0
67549,270,,6.62983e-05,,,,,,,,,,,,,,,,,,,,,,,,,,,,,,,,,,,,
67599,270,,6.62983e-05,,,,,,,,,,,,,,,,,,,,,,,,,,,,,,,,,,,,
67649,270,,6.62983e-05,,,,,,,,,,,,,,,,,,,,,,,,,,,,,,,,,,,,
67699,270,,6.62983e-05,,,,,,,,,,,,,,,,,,,,,,,,,,,,,,,,,,,,
67749,270,270,6.62983e-05,0,0,1,0,0.000845386,0.000412565,4.82501,0.000137775,0.765743,0.0154888,0.011526,0.0223113,0,2.91163,2.91163,0,7.9291,13.0727,1.85731,0.253954,0.130314,0.0935125,0.261688,0.463359,0.337936,0.236913,0,3.25114,0,8.04538,16.2265,2.48126,0,0,4.91589,0
67799,271,,6.56353e-05,,,,,,,,,,,,,,,,,,,,,,,,,,,,,,,,,,,,
67849,271,,6.56353e-05,,,,,,,,,,,,,,,,,,,,,,,,,,,,,,,,,,,,
67899,271,,6.56353e-05,,,,,,,,,,,,,,,,,,,,,,,,,,,,,,,,,,,,
67949,271,,6.56353e-05,,,,,,,,,,,,,,,,,,,,,,,,,,,,,,,,,,,,
67999,271,271,6.56353e-05,0,0,1,0,0.000857679,0.00041761,4.80923,0.000142524,0.760961,0.0163308,0.0117991,0.0234862,0,2.91822,2.91822,0,7.94137,12.9624,1.84944,0.253834,0.130496,0.0926789,0.261148,0.463875,0.337414,0.237392,0,3.18432,0,8.01534,16.203,2.47487,0,0,4.88484,0
68049,272,,6.4979e-05,,,,,,,,,,,,,,,,,,,,,,,,,,,,,,,,,,,,
68099,272,,6.4979e-05,,,,,,,,,,,,,,,,,,,,,,,,,,,,,,,,,,,,
68149,272,,6.4979e-05,,,,,,,,,,,,,,,,,,,,,,,,,,,,,,,,,,,,
68199,272,,6.4979e-05,,,,,,,,,,,,,,,,,,,,,,,,,,,,,,,,,,,,
68249,272,272,6.4979e-05,0,0,1,0,0.000857719,0.00041669,4.71082,0.000142176,0.760041,0.0170267,0.012116,0.0236588,0,2.95814,2.95814,0,7.8795,12.9983,1.85058,0.253642,0.13028,0.0931935,0.260811,0.463034,0.338073,0.236463,0,3.20316,0,8.039,16.2203,2.4794,0,0,4.89306,0
68299,273,,6.43292e-05,,,,,,,,,,,,,,,,,,,,,,,,,,,,,,,,,,,,
68349,273,,6.43292e-05,,,,,,,,,,,,,,,,,,,,,,,,,,,,,,,,,,,,
68399,273,,6.43292e-05,,,,,,,,,,,,,,,,,,,,,,,,,,,,,,,,,,,,
68449,273,,6.43292e-05,,,,,,,,,,,,,,,,,,,,,,,,,,,,,,,,,,,,
68499,273,273,6.43292e-05,0,0,1,0,0.000838796,0.00040561,4.85353,0.00014027,0.775802,0.0154516,0.0111342,0.0223423,0,2.9323,2.9323,0,7.93654,13.0971,1.8648,0.253707,0.130505,0.092625,0.260463,0.463658,0.338421,0.23657,0,3.20885,0,8.05134,16.1984,2.48395,0,0,4.86623,0
68549,274,,6.36859e-05,,,,,,,,,,,,,,,,,,,,,,,,,,,,,,,,,,,,
68599,274,,6.36859e-05,,,,,,,,,,,,,,,,,,,,,,,,,,,,,,,,,,,,
68649,274,,6.36859e-05,,,,,,,,,,,,,,,,,,,,,,,,,,,,,,,,,,,,
68699,274,,6.36859e-05,,,,,,,,,,,,,,,,,,,,,,,,,,,,,,,,,,,,
68749,274,274,6.36859e-05,0,0,1,0,0.000858852,0.000417905,4.83222,0.000139829,0.768947,0.0167742,0.0119087,0.0234863,0,2.91554,2.91554,0,7.92763,12.9862,1.84408,0.253846,0.130589,0.0938904,0.261027,0.462987,0.3378,0.236781,0,3.18918,0,8.05649,16.2162,2.47604,0,0,4.87186,0
68799,275,,6.3049e-05,,,,,,,,,,,,,,,,,,,,,,,,,,,,,,,,,,,,
68849,275,,6.3049e-05,,,,,,,,,,,,,,,,,,,,,,,,,,,,,,,,,,,,
68899,275,,6.3049e-05,,,,,,,,,,,,,,,,,,,,,,,,,,,,,,,,,,,,
68949,275,,6.3049e-05,,,,,,,,,,,,,,,,,,,,,,,,,,,,,,,,,,,,
68999,275,275,6.3049e-05,0,0,1,0,0.00085156,0.000419526,4.72542,0.000141792,0.754,0.0163149,0.0118876,0.0235711,0,2.92295,2.92295,0,7.93533,12.9774,1.85213,0.253973,0.130807,0.0940064,0.260993,0.462617,0.33767,0.237747,0,3.24887,0,8.16382,16.2282,2.48603,0,0,4.87862,0
69049,276,,6.24186e-05,,,,,,,,,,,,,,,,,,,,,,,,,,,,,,,,,,,,
69099,276,,6.24186e-05,,,,,,,,,,,,,,,,,,,,,,,,,,,,,,,,,,,,
69149,276,,6.24186e-05,,,,,,,,,,,,,,,,,,,,,,,,,,,,,,,,,,,,
69199,276,,6.24186e-05,,,,,,,,,,,,,,,,,,,,,,,,,,,,,,,,,,,,
69249,276,276,6.24186e-05,0,0,1,0,0.0008555,0.000422856,4.72494,0.000141116,0.745804,0.0163691,0.0121485,0.0239428,0,2.90947,2.90947,0,7.82529,12.9994,1.83993,0.253882,0.130262,0.0935451,0.261384,0.463283,0.337446,0.237373,0,3.20674,0,7.95058,16.2572,2.47723,0,0,4.92282,0
69299,277,,6.17944e-05,,,,,,,,,,,,,,,,,,,,,,,,,,,,,,,,,,,,
69349,277,,6.17944e-05,,,,,,,,,,,,,,,,,,,,,,,,,,,,,,,,,,,,
69399,277,,6.17944e-05,,,,,,,,,,,,,,,,,,,,,,,,,,,,,,,,,,,,
69449,277,,6.17944e-05,,,,,,,,,,,,,,,,,,,,,,,,,,,,,,,,,,,,
69499,277,277,6.17944e-05,0,0,1,0,0.000855717,0.000423072,4.8486,0.00014272,0.762504,0.0164084,0.0123443,0.0234747,0,2.92989,2.92989,0,7.89388,12.993,1.84652,0.253896,0.130397,0.0945524,0.260941,0.462911,0.337627,0.236947,0,3.20229,0,7.95523,16.2025,2.45451,0,0,4.85102,0
69549,278,,6.11764e-05,,,,,,,,,,,,,,,,,,,,,,,,,,,,,,,,,,,,
69599,278,,6.11764e-05,,,,,,,,,,,,,,,,,,,,,,,,,,,,,,,,,,,,
69649,278,,6.11764e-05,,,,,,,,,,,,,,,,,,,,,,,,,,,,,,,,,,,,
69699,278,,6.11764e-05,,,,,,,,,,,,,,,,,,,,,,,,,,,,,,,,,,,,
69749,278,278,6.11764e-05,0,0,1,0,0.000861278,0.000423134,4.83171,0.000142024,0.762088,0.0167274,0.0125148,0.023936,0,2.93238,2.93238,0,7.93508,13.0878,1.8569,0.253798,0.130567,0.094059,0.260691,0.463083,0.338339,0.236049,0,3.204,0,7.99725,16.1925,2.46623,0,0,4.85298,0
69799,279,,6.05647e-05,,,,,,,,,,,,,,,,,,,,,,,,,,,,,,,,,,,,
69849,279,,6.05647e-05,,,,,,,,,,,,,,,,,,,,,,,,,,,,,,,,,,,,
69899,279,,6.05647e-05,,,,,,,,,,,,,,,,,,,,,,,,,,,,,,,,,,,,
69949,279,,6.05647e-05,,,,,,,,,,,,,,,,,,,,,,,,,,,,,,,,,,,,
69999,279,279,6.05647e-05,0,0,1,0,0.000852259,0.000414504,4.79857,0.000142258,0.761544,0.0162299,0.011861,0.0229753,0,2.89567,2.89567,0,8.07242,13.4305,1.88884,0.253748,0.130855,0.0930723,0.261539,0.462533,0.337071,0.237419,0,3.43372,0,8.15964,16.2533,2.4843,0,0,4.91491,0
70049,280,,5.9959e-05,,,,,,,,,,,,,,,,,,,,,,,,,,,,,,,,,,,,
70099,280,,5.9959e-05,,,,,,,,,,,,,,,,,,,,,,,,,,,,,,,,,,,,
70149,280,,5.9959e-05,,,,,,,,,,,,,,,,,,,,,,,,,,,,,,,,,,,,
70199,280,,5.9959e-05,,,,,,,,,,,,,,,,,,,,,,,,,,,,,,,,,,,,
70249,280,280,5.9959e-05,0,0,1,0,0.000846159,0.000417861,4.7685,0.000138057,0.750313,0.0157644,0.0118533,0.02292,0,2.91018,2.91018,0,7.92021,13.3876,1.86294,0.253726,0.130456,0.0936434,0.261052,0.463088,0.338248,0.235867,0,3.3905,0,7.96447,16.2314,2.4757,0,0,4.94147,0
70299,281,,5.93594e-05,,,,,,,,,,,,,,,,,,,,,,,,,,,,,,,,,,,,
70349,281,,5.93594e-05,,,,,,,,,,,,,,,,,,,,,,,,,,,,,,,,,,,,
70399,281,,5.93594e-05,,,,,,,,,,,,,,,,,,,,,,,,,,,,,,,,,,,,
70449,281,,5.93594e-05,,,,,,,,,,,,,,,,,,,,,,,,,,,,,,,,,,,,
70499,281,281,5.93594e-05,0,0,1,0,0.000860371,0.000426822,4.83402,0.0001431,0.756645,0.016392,0.0124076,0.023345,0,2.9138,2.9138,0,7.9288,13.4468,1.87197,0.253471,0.13044,0.0935647,0.26047,0.462335,0.337935,0.236079,0,3.37015,0,7.95708,16.214,2.47305,0,0,4.89295,0
70549,282,,5.87658e-05,,,,,,,,,,,,,,,,,,,,,,,,,,,,,,,,,,,,
70599,282,,5.87658e-05,,,,,,,,,,,,,,,,,,,,,,,,,,,,,,,,,,,,
70649,282,,5.87658e-05,,,,,,,,,,,,,,,,,,,,,,,,,,,,,,,,,,,,
70699,282,,5.87658e-05,,,,,,,,,,,,,,,,,,,,,,,,,,,,,,,,,,,,
70749,282,282,5.87658e-05,0,0,1,0,0.000850008,0.000421532,4.83379,0.00014133,0.766531,0.0162207,0.0119946,0.0228419,0,2.90952,2.90952,0,7.87816,13.0426,1.84887,0.253294,0.130275,0.0932052,0.26069,0.461008,0.338062,0.236523,0,3.23256,0,8.01,16.2144,2.46649,0,0,4.91931,0
70799,283,,5.81782e-05,,,,,,,,,,,,,,,,,,,,,,,,,,,,,,,,,,,,
70849,283,,5.81782e-05,,,,,,,,,,,,,,,,,,,,,,,,,,,,,,,,,,,,
70899,283,,5.81782e-05,,,,,,,,,,,,,,,,,,,,,,,,,,,,,,,,,,,,
70949,283,,5.81782e-05,,,,,,,,,,,,,,,,,,,,,,,,,,,,,,,,,,,,
70999,283,283,5.81782e-05,0,0,1,0,0.000849302,0.000420516,4.87147,0.000146238,0.778179,0.01616,0.011884,0.0231506,0,2.90097,2.90097,0,7.85083,12.9775,1.84246,0.253477,0.13042,0.0936276,0.260824,0.462277,0.337648,0.236065,0,3.19941,0,7.97609,16.1934,2.47074,0,0,4.89761,0
71049,284,,5.75964e-05,,,,,,,,,,,,,,,,,,,,,,,,,,,,,,,,,,,,
71099,284,,5.75964e-05,,,,,,,,,,,,,,,,,,,,,,,,,,,,,,,,,,,,
71149,284,,5.75964e-05,,,,,,,,,,,,,,,,,,,,,,,,,,,,,,,,,,,,
71199,284,,5.75964e-05,,,,,,,,,,,,,,,,,,,,,,,,,,,,,,,,,,,,
71249,284,284,5.75964e-05,0,0,1,0,0.000839152,0.000420648,4.76811,0.000139631,0.75467,0.0155959,0.0121247,0.0225577,0,2.90141,2.90141,0,7.94533,13.1308,1.86216,0.253715,0.130758,0.094035,0.260561,0.46191,0.338089,0.236935,0,3.25131,0,8.07864,16.2116,2.46547,0,0,4.87952,0
71299,285,,5.70204e-05,,,,,,,,,,,,,,,,,,,,,,,,,,,,,,,,,,,,
71349,285,,5.70204e-05,,,,,,,,,,,,,,,,,,,,,,,,,,,,,,,,,,,,
71399,285,,5.70204e-05,,,,,,,,,,,,,,,,,,,,,,,,,,,,,,,,,,,,
71449,285,,5.70204e-05,,,,,,,,,,,,,,,,,,,,,,,,,,,,,,,,,,,,
71499,285,285,5.70204e-05,0,0,1,0,0.000853779,0.000426864,4.65402,0.000143413,0.734466,0.0164732,0.0121888,0.0234286,0,2.90023,2.90023,0,7.94935,13.0125,1.84857,0.254014,0.130939,0.0953853,0.260956,0.462396,0.337531,0.236875,0,3.28999,0,8.03198,16.2158,2.46404,0,0,4.86747,0
71549,286,,5.64502e-05,,,,,,,,,,,,,,,,,,,,,,,,,,,,,,,,,,,,
71599,286,,5.64502e-05,,,,,,,,,,,,,,,,,,,,,,,,,,,,,,,,,,,,
71649,286,,5.64502e-05,,,,,,,,,,,,,,,,,,,,,,,,,,,,,,,,,,,,
71699,286,,5.64502e-05,,,,,,,,,,,,,,,,,,,,,,,,,,,,,,,,,,,,
71749,286,286,5.64502e-05,0,0,1,0,0.000861612,0.00042972,4.70335,0.000146948,0.739693,0.0168963,0.0125411,0.0242091,0,2.89083,2.89083,0,7.84612,12.9994,1.84078,0.25439,0.130874,0.0973769,0.261255,0.462375,0.337758,0.236698,0,3.22486,0,7.95677,16.244,2.46901,0,0,4.86021,0
71799,287,,5.58857e-05,,,,,,,,,,,,,,,,,,,,,,,,,,,,,,,,,,,,
71849,287,,5.58857e-05,,,,,,,,,,,,,,,,,,,,,,,,,,,,,,,,,,,,
71899,287,,5.58857e-05,,,,,,,,,,,,,,,,,,,,,,,,,,,,,,,,,,,,
71949,287,,5.58857e-05,,,,,,,,,,,,,,,,,,,,,,,,,,,,,,,,,,,,
71999,287,287,5.58857e-05,0,0,1,0,0.000855999,0.000421037,4.81826,0.000145679,0.754844,0.0169583,0.0121343,0.0240009,0,2.90414,2.90414,0,7.83092,12.9236,1.83879,0.253653,0.130207,0.0941515,0.259959,0.463285,0.337785,0.23653,0,3.18033,0,7.93192,16.1959,2.47781,0,0,4.90432,0
72049,288,,5.53269e-05,,,,,,,,,,,,,,,,,,,,,,,,,,,,,,,,,,,,
72099,288,,5.53269e-05,,,,,,,,,,,,,,,,,,,,,,,,,,,,,,,,,,,,
72149,288,,5.53269e-05,,,,,,,,,,,,,,,,,,,,,,,,,,,,,,,,,,,,
72199,288,,5.53269e-05,,,,,,,,,,,,,,,,,,,,,,,,,,,,,,,,,,,,
72249,288,288,5.53269e-05,0,0,1,0,0.000863747,0.000426526,4.69935,0.000144877,0.742469,0.0172705,0.0124411,0.0245078,0,2.91037,2.91037,0,7.90518,13.0542,1.85726,0.2535,0.130352,0.0935169,0.261193,0.462763,0.336973,0.236201,0,3.26037,0,7.94205,16.2057,2.47404,0,0,4.8923,0
72299,289,,5.47736e-05,,,,,,,,,,,,,,,,,,,,,,,,,,,,,,,,,,,,
72349,289,,5.47736e-05,,,,,,,,,,,,,,,,,,,,,,,,,,,,,,,,,,,,
72399,289,,5.47736e-05,,,,,,,,,,,,,,,,,,,,,,,,,,,,,,,,,,,,
72449,289,,5.47736e-05,,,,,,,,,,,,,,,,,,,,,,,,,,,,,,,,,,,,
72499,289,289,5.47736e-05,0,0,1,0,0.000856349,0.000424316,4.74237,0.00014563,0.744096,0.0163561,0.0120174,0.0232919,0,2.8881,2.8881,0,7.90855,12.9687,1.85567,0.253339,0.130763,0.0924794,0.260842,0.462641,0.336926,0.23638,0,3.21227,0,8.10744,16.2191,2.48705,0,0,4.89995,0
72549,290,,5.42259e-05,,,,,,,,,,,,,,,,,,,,,,,,,,,,,,,,,,,,
72599,290,,5.42259e-05,,,,,,,,,,,,,,,,,,,,,,,,,,,,,,,,,,,,
72649,290,,5.42259e-05,,,,,,,,,,,,,,,,,,,,,,,,,,,,,,,,,,,,
72699,290,,5.42259e-05,,,,,,,,,,,,,,,,,,,,,,,,,,,,,,,,,,,,
72749,290,290,5.42259e-05,0,0,1,0,0.000854991,0.000423414,4.85954,0.000139024,0.776697,0.0165575,0.0119095,0.0229824,0,2.90571,2.90571,0,7.87207,13.0445,1.84842,0.253494,0.130429,0.0938498,0.261078,0.462299,0.337132,0.236175,0,3.25128,0,8.01449,16.2345,2.48313,0,0,4.8958,0
72799,291,,5.36836e-05,,,,,,,,,,,,,,,,,,,,,,,,,,,,,,,,,,,,
72849,291,,5.36836e-05,,,,,,,,,,,,,,,,,,,,,,,,,,,,,,,,,,,,
72899,291,,5.36836e-05,,,,,,,,,,,,,,,,,,,,,,,,,,,,,,,,,,,,
72949,291,,5.36836e-05,,,,,,,,,,,,,,,,,,,,,,,,,,,,,,,,,,,,
72999,291,291,5.36836e-05,0,0,1,0,0.000848891,0.000417161,4.75912,0.000146267,0.745513,0.0159282,0.0117937,0.0227963,0,2.87831,2.87831,0,7.83254,12.963,1.84616,0.253097,0.130227,0.0926206,0.260516,0.462489,0.337216,0.235512,0,3.17919,0,7.96993,16.1851,2.47581,0,0,4.88244,0
73049,292,,5.31468e-05,,,,,,,,,,,,,,,,,,,,,,,,,,,,,,,,,,,,
73099,292,,5.31468e-05,,,,,,,,,,,,,,,,,,,,,,,,,,,,,,,,,,,,
73149,292,,5.31468e-05,,,,,,,,,,,,,,,,,,,,,,,,,,,,,,,,,,,,
73199,292,,5.31468e-05,,,,,,,,,,,,,,,,,,,,,,,,,,,,,,,,,,,,
73249,292,292,5.31468e-05,0,0,1,0,0.00087127,0.000431677,4.69582,0.000144348,0.743019,0.0172026,0.0125351,0.0242494,0,2.89559,2.89559,0,7.94251,12.9337,1.84261,0.253766,0.131179,0.0943123,0.260889,0.461778,0.337392,0.237049,0,3.22856,0,8.00659,16.245,2.47371,0,0,4.88109,0
73299,293,,5.26153e-05,,,,,,,,,,,,,,,,,,,,,,,,,,,,,,,,,,,,
73349,293,,5.26153e-05,,,,,,,,,,,,,,,,,,,,,,,,,,,,,,,,,,,,
73399,293,,5.26153e-05,,,,,,,,,,,,,,,,,,,,,,,,,,,,,,,,,,,,
73449,293,,5.26153e-05,,,,,,,,,,,,,,,,,,,,,,,,,,,,,,,,,,,,
73499,293,293,5.26153e-05,0,0,1,0,0.000862076,0.000424336,4.81568,0.000141471,0.761871,0.0169338,0.0123898,0.0231983,0,2.91023,2.91023,0,7.85507,12.9528,1.8397,0.253293,0.130706,0.0933845,0.260221,0.461824,0.337668,0.235955,0,3.18561,0,8.04835,16.2219,2.47512,0,0,4.89179,0
73549,294,,5.20891e-05,,,,,,,,,,,,,,,,,,,,,,,,,,,,,,,,,,,,
73599,294,,5.20891e-05,,,,,,,,,,,,,,,,,,,,,,,,,,,,,,,,,,,,
73649,294,,5.20891e-05,,,,,,,,,,,,,,,,,,,,,,,,,,,,,,,,,,,,
73699,294,,5.20891e-05,,,,,,,,,,,,,,,,,,,,,,,,,,,,,,,,,,,,
73749,294,294,5.20891e-05,0,0,1,0,0.000852205,0.000418156,4.84729,0.000139985,0.76143,0.0162887,0.0117234,0.0227788,0,2.88141,2.88141,0,8.01941,13.1623,1.87107,0.253838,0.131148,0.0942228,0.260623,0.462517,0.337371,0.237146,0,3.29341,0,8.14249,16.234,2.47121,0,0,4.87707,0
73799,295,,5.15683e-05,,,,,,,,,,,,,,,,,,,,,,,,,,,,,,,,,,,,
73849,295,,5.15683e-05,,,,,,,,,,,,,,,,,,,,,,,,,,,,,,,,,,,,
73899,295,,5.15683e-05,,,,,,,,,,,,,,,,,,,,,,,,,,,,,,,,,,,,
73949,295,,5.15683e-05,,,,,,,,,,,,,,,,,,,,,,,,,,,,,,,,,,,,
73999,295,295,5.15683e-05,0,0,1,0,0.000861236,0.000433289,4.60119,0.000142494,0.724035,0.0170798,0.0127374,0.0242662,0,2.90649,2.90649,0,7.89657,13.004,1.83292,0.253244,0.130845,0.0933033,0.260248,0.460742,0.337954,0.23637,0,3.21812,0,7.96466,16.211,2.46592,0,0,4.92681,0
74049,296,,5.10526e-05,,,,,,,,,,,,,,,,,,,,,,,,,,,,,,,,,,,,
74099,296,,5.10526e-05,,,,,,,,,,,,,,,,,,,,,,,,,,,,,,,,,,,,
74149,296,,5.10526e-05,,,,,,,,,,,,,,,,,,,,,,,,,,,,,,,,,,,,
74199,296,,5.10526e-05,,,,,,,,,,,,,,,,,,,,,,,,,,,,,,,,,,,,
74249,296,296,5.10526e-05,0,0,1,0,0.00086834,0.000433392,4.77413,0.000151161,0.755807,0.0174051,0.0127655,0.02474,0,2.89197,2.89197,0,7.83831,12.9634,1.84138,0.253316,0.130661,0.0931065,0.260306,0.462324,0.337643,0.235855,0,3.19599,0,7.92176,16.1453,2.45933,0,0,4.91091,0
74299,297,,5.0542e-05,,,,,,,,,,,,,,,,,,,,,,,,,,,,,,,,,,,,
74349,297,,5.0542e-05,,,,,,,,,,,,,,,,,,,,,,,,,,,,,,,,,,,,
74399,297,,5.0542e-05,,,,,,,,,,,,,,,,,,,,,,,,,,,,,,,,,,,,
74449,297,,5.0542e-05,,,,,,,,,,,,,,,,,,,,,,,,,,,,,,,,,,,,
74499,297,297,5.0542e-05,0,0,1,0,0.000868058,0.000426752,4.79616,0.000144902,0.756201,0.0170597,0.0120826,0.0238103,0,2.88281,2.88281,0,7.93074,12.9476,1.84284,0.253385,0.130912,0.0935778,0.260169,0.461699,0.337505,0.236448,0,3.22087,0,7.98945,16.1804,2.47145,0,0,4.88115,0
74549,298,,5.00366e-05,,,,,,,,,,,,,,,,,,,,,,,,,,,,,,,,,,,,
74599,298,,5.00366e-05,,,,,,,,,,,,,,,,,,,,,,,,,,,,,,,,,,,,
74649,298,,5.00366e-05,,,,,,,,,,,,,,,,,,,,,,,,,,,,,,,,,,,,
74699,298,,5.00366e-05,,,,,,,,,,,,,,,,,,,,,,,,,,,,,,,,,,,,
74749,298,298,5.00366e-05,0,0,1,0,0.00085346,0.000422447,4.72702,0.000144792,0.758044,0.0165989,0.0118008,0.0229262,0,2.90432,2.90432,0,7.79621,12.9984,1.83968,0.25347,0.130663,0.0937041,0.260488,0.462661,0.337391,0.235911,0,3.23836,0,7.96619,16.2138,2.48759,0,0,4.9117,0
74799,299,,4.95363e-05,,,,,,,,,,,,,,,,,,,,,,,,,,,,,,,,,,,,
74849,299,,4.95363e-05,,,,,,,,,,,,,,,,,,,,,,,,,,,,,,,,,,,,
74899,299,,4.95363e-05,,,,,,,,,,,,,,,,,,,,,,,,,,,,,,,,,,,,
74949,299,,4.95363e-05,,,,,,,,,,,,,,,,,,,,,,,,,,,,,,,,,,,,
74999,299,299,4.95363e-05,0,0,1,0,0.000856873,0.000431432,4.68878,0.000146173,0.733044,0.0166215,0.0121886,0.0232512,0,2.86133,2.86133,0,7.91884,12.9069,1.84424,0.253635,0.131029,0.0939677,0.259848,0.463363,0.33725,0.236352,0,3.199,0,8.05975,16.2059,2.47557,0,0,4.87604,0
75049,300,,4.90409e-05,,,,,,,,,,,,,,,,,,,,,,,,,,,,,,,,,,,,
75099,300,,4.90409e-05,,,,,,,,,,,,,,,,,,,,,,,,,,,,,,,,,,,,
75149,300,,4.90409e-05,,,,,,,,,,,,,,,,,,,,,,,,,,,,,,,,,,,,
75199,300,,4.90409e-05,,,,,,,,,,,,,,,,,,,,,,,,,,,,,,,,,,,,
75249,300,300,4.90409e-05,0,0,1,0,0.000848048,0.000425481,4.76454,0.000151429,0.753731,0.0163655,0.012261,0.0236553,0,2.88384,2.88384,0,7.87628,12.9583,1.83311,0.253827,0.130432,0.0954784,0.260046,0.462269,0.338213,0.236521,0,3.1869,0,7.97301,16.214,2.48307,0,0,4.8894,0
75299,301,,4.85505e-05,,,,,,,,,,,,,,,,,,,,,,,,,,,,,,,,,,,,
75349,301,,4.85505e-05,,,,,,,,,,,,,,,,,,,,,,,,,,,,,,,,,,,,
75399,301,,4.85505e-05,,,,,,,,,,,,,,,,,,,,,,,,,,,,,,,,,,,,
75449,301,,4.85505e-05,,,,,,,,,,,,,,,,,,,,,,,,,,,,,,,,,,,,
75499,301,301,4.85505e-05,0,0,1,0,0.000846922,0.00042791,4.64196,0.000144211,0.731218,0.0162348,0.0120895,0.0229834,0,2.86629,2.86629,0,7.87993,12.9592,1.84057,0.253419,0.130635,0.0937969,0.260362,0.46299,0.337548,0.235183,0,3.18801,0,8.02048,16.1886,2.48735,0,0,4.91264,0
75549,302,,4.8065e-05,,,,,,,,,,,,,,,,,,,,,,,,,,,,,,,,,,,,
75599,302,,4.8065e-05,,,,,,,,,,,,,,,,,,,,,,,,,,,,,,,,,,,,
75649,302,,4.8065e-05,,,,,,,,,,,,,,,,,,,,,,,,,,,,,,,,,,,,
75699,302,,4.8065e-05,,,,,,,,,,,,,,,,,,,,,,,,,,,,,,,,,,,,
75749,302,302,4.8065e-05,0,0,1,0,0.000840395,0.00041945,4.82249,0.000145008,0.761401,0.0158903,0.0116748,0.0226426,0,2.86751,2.86751,0,7.83091,12.879,1.83563,0.25345,0.130199,0.0934559,0.260336,0.46349,0.337399,0.235821,0,3.18087,0,7.89052,16.1993,2.47792,0,0,4.93461,0
75799,303,,4.75843e-05,,,,,,,,,,,,,,,,,,,,,,,,,,,,,,,,,,,,
75849,303,,4.75843e-05,,,,,,,,,,,,,,,,,,,,,,,,,,,,,,,,,,,,
75899,303,,4.75843e-05,,,,,,,,,,,,,,,,,,,,,,,,,,,,,,,,,,,,
75949,303,,4.75843e-05,,,,,,,,,,,,,,,,,,,,,,,,,,,,,,,,,,,,
75999,303,303,4.75843e-05,0,0,1,0,0.000857755,0.000424285,4.69276,0.000145999,0.726146,0.01708,0.0118798,0.0238316,0,2.8723,2.8723,0,7.93572,12.9384,1.84835,0.25383,0.130897,0.0944342,0.260302,0.463057,0.33751,0.236784,0,3.20716,0,8.02871,16.1733,2.4674,0,0,4.85462,0
76049,304,,4.71085e-05,,,,,,,,,,,,,,,,,,,,,,,,,,,,,,,,,,,,
76099,304,,4.71085e-05,,,,,,,,,,,,,,,,,,,,,,,,,,,,,,,,,,,,
76149,304,,4.71085e-05,,,,,,,,,,,,,,,,,,,,,,,,,,,,,,,,,,,,
76199,304,,4.71085e-05,,,,,,,,,,,,,,,,,,,,,,,,,,,,,,,,,,,,
76249,304,304,4.71085e-05,0,0,1,0,0.000851692,0.000430832,4.77456,0.000149125,0.742571,0.0164162,0.0124227,0.0236747,0,2.86426,2.86426,0,7.91706,12.983,1.84549,0.253303,0.130506,0.0930999,0.260216,0.462185,0.337646,0.236165,0,3.21011,0,8.00107,16.1805,2.47417,0,0,4.88124,0
76299,305,,4.66374e-05,,,,,,,,,,,,,,,,,,,,,,,,,,,,,,,,,,,,
76349,305,,4.66374e-05,,,,,,,,,,,,,,,,,,,,,,,,,,,,,,,,,,,,
76399,305,,4.66374e-05,,,,,,,,,,,,,,,,,,,,,,,,,,,,,,,,,,,,
76449,305,,4.66374e-05,,,,,,,,,,,,,,,,,,,,,,,,,,,,,,,,,,,,
76499,305,305,4.66374e-05,0,0,1,0,0.000847541,0.000427451,4.73037,0.000147348,0.74438,0.0162404,0.0119083,0.0226125,0,2.85562,2.85562,0,7.88247,12.9226,1.84401,0.253377,0.130647,0.0937778,0.260029,0.462586,0.336951,0.236273,0,3.17017,0,7.94396,16.1784,2.47674,0,0,4.86549,0
76549,306,,4.6171e-05,,,,,,,,,,,,,,,,,,,,,,,,,,,,,,,,,,,,
76599,306,,4.6171e-05,,,,,,,,,,,,,,,,,,,,,,,,,,,,,,,,,,,,
76649,306,,4.6171e-05,,,,,,,,,,,,,,,,,,,,,,,,,,,,,,,,,,,,
76699,306,,4.6171e-05,,,,,,,,,,,,,,,,,,,,,,,,,,,,,,,,,,,,
76749,306,306,4.6171e-05,0,0,1,0,0.000860632,0.000434373,4.66158,0.00015223,0.722196,0.0173294,0.0127861,0.0249109,0,2.8851,2.8851,0,7.80815,12.8701,1.8339,0.253357,0.130463,0.0935591,0.260049,0.462834,0.337297,0.235943,0,3.17383,0,7.96377,16.198,2.49088,0,0,4.9025,0
76799,307,,4.57093e-05,,,,,,,,,,,,,,,,,,,,,,,,,,,,,,,,,,,,
76849,307,,4.57093e-05,,,,,,,,,,,,,,,,,,,,,,,,,,,,,,,,,,,,
76899,307,,4.57093e-05,,,,,,,,,,,,,,,,,,,,,,,,,,,,,,,,,,,,
76949,307,,4.57093e-05,,,,,,,,,,,,,,,,,,,,,,,,,,,,,,,,,,,,
76999,307,307,4.57093e-05,0,0,1,0,0.000855238,0.000435938,4.74015,0.000151163,0.741095,0.0165974,0.0126869,0.0239915,0,2.85582,2.85582,0,7.92378,13.0833,1.84894,0.253308,0.130896,0.0933301,0.260122,0.46208,0.337153,0.236268,0,3.23321,0,8.01307,16.1789,2.47626,0,0,4.87694,0
77049,308,,4.52522e-05,,,,,,,,,,,,,,,,,,,,,,,,,,,,,,,,,,,,
77099,308,,4.52522e-05,,,,,,,,,,,,,,,,,,,,,,,,,,,,,,,,,,,,
77149,308,,4.52522e-05,,,,,,,,,,,,,,,,,,,,,,,,,,,,,,,,,,,,
77199,308,,4.52522e-05,,,,,,,,,,,,,,,,,,,,,,,,,,,,,,,,,,,,
77249,308,308,4.52522e-05,0,0,1,0,0.000852721,0.000422697,4.84969,0.000146176,0.77033,0.0165285,0.0119726,0.0229541,0,2.87664,2.87664,0,7.88173,12.9987,1.83343,0.253449,0.130925,0.0943906,0.260573,0.461508,0.337031,0.236268,0,3.20691,0,7.96199,16.2054,2.49002,0,0,4.86939,0
77299,309,,4.47997e-05,,,,,,,,,,,,,,,,,,,,,,,,,,,,,,,,,,,,
77349,309,,4.47997e-05,,,,,,,,,,,,,,,,,,,,,,,,,,,,,,,,,,,,
77399,309,,4.47997e-05,,,,,,,,,,,,,,,,,,,,,,,,,,,,,,,,,,,,
77449,309,,4.47997e-05,,,,,,,,,,,,,,,,,,,,,,,,,,,,,,,,,,,,
77499,309,309,4.47997e-05,0,0,1,0,0.000852846,0.000427824,4.74249,0.000143816,0.754562,0.016887,0.0121875,0.0235429,0,2.88742,2.88742,0,7.87182,12.9346,1.84252,0.253172,0.130622,0.0927076,0.26043,0.461694,0.337742,0.235839,0,3.19688,0,7.96641,16.1638,2.47166,0,0,4.89796,0
77549,310,,4.43517e-05,,,,,,,,,,,,,,,,,,,,,,,,,,,,,,,,,,,,
77599,310,,4.43517e-05,,,,,,,,,,,,,,,,,,,,,,,,,,,,,,,,,,,,
77649,310,,4.43517e-05,,,,,,,,,,,,,,,,,,,,,,,,,,,,,,,,,,,,
77699,310,,4.43517e-05,,,,,,,,,,,,,,,,,,,,,,,,,,,,,,,,,,,,
77749,310,310,4.43517e-05,0,0,1,0,0.000859705,0.000430457,4.72826,0.000147124,0.7398,0.0167615,0.0122392,0.023823,0,2.85657,2.85657,0,7.75566,12.9243,1.82814,0.253274,0.130372,0.0942171,0.260016,0.461876,0.337629,0.235535,0,3.22387,0,7.88185,16.1746,2.46594,0,0,4.91566,0
77799,311,,4.39082e-05,,,,,,,,,,,,,,,,,,,,,,,,,,,,,,,,,,,,
77849,311,,4.39082e-05,,,,,,,,,,,,,,,,,,,,,,,,,,,,,,,,,,,,
77899,311,,4.39082e-05,,,,,,,,,,,,,,,,,,,,,,,,,,,,,,,,,,,,
77949,311,,4.39082e-05,,,,,,,,,,,,,,,,,,,,,,,,,,,,,,,,,,,,
77999,311,311,4.39082e-05,0,0,1,0,0.000851186,0.000426258,4.68025,0.00014736,0.733866,0.0164684,0.0119478,0.0233634,0,2.83488,2.83488,0,7.82443,12.9654,1.83764,0.253158,0.130434,0.0927301,0.260411,0.462248,0.337047,0.23608,0,3.2303,0,7.98759,16.1847,2.46666,0,0,4.92111,0
78049,312,,4.34691e-05,,,,,,,,,,,,,,,,,,,,,,,,,,,,,,,,,,,,
78099,312,,4.34691e-05,,,,,,,,,,,,,,,,,,,,,,,,,,,,,,,,,,,,
78149,312,,4.34691e-05,,,,,,,,,,,,,,,,,,,,,,,,,,,,,,,,,,,,
78199,312,,4.34691e-05,,,,,,,,,,,,,,,,,,,,,,,,,,,,,,,,,,,,
78249,312,312,4.34691e-05,0,0,1,0,0.000855142,0.000435794,4.62352,0.000150879,0.723878,0.0167041,0.0127147,0.0240565,0,2.85753,2.85753,0,7.98001,12.9063,1.85218,0.253779,0.131205,0.0952787,0.260211,0.462452,0.337068,0.236458,0,3.2342,0,8.11937,16.1935,2.46566,0,0,4.85839,0
78299,313,,4.30344e-05,,,,,,,,,,,,,,,,,,,,,,,,,,,,,,,,,,,,
78349,313,,4.30344e-05,,,,,,,,,,,,,,,,,,,,,,,,,,,,,,,,,,,,
78399,313,,4.30344e-05,,,,,,,,,,,,,,,,,,,,,,,,,,,,,,,,,,,,
78449,313,,4.30344e-05,,,,,,,,,,,,,,,,,,,,,,,,,,,,,,,,,,,,
78499,313,313,4.30344e-05,0,0,1,0,0.000849879,0.000424261,4.84082,0.000146994,0.765113,0.0165131,0.0120036,0.0230012,0,2.86151,2.86151,0,7.82729,12.8948,1.83173,0.253432,0.130456,0.0945338,0.26011,0.462538,0.336819,0.236135,0,3.15733,0,7.93887,16.1984,2.46533,0,0,4.88384,0
78549,314,,4.26041e-05,,,,,,,,,,,,,,,,,,,,,,,,,,,,,,,,,,,,
78599,314,,4.26041e-05,,,,,,,,,,,,,,,,,,,,,,,,,,,,,,,,,,,,
78649,314,,4.26041e-05,,,,,,,,,,,,,,,,,,,,,,,,,,,,,,,,,,,,
78699,314,,4.26041e-05,,,,,,,,,,,,,,,,,,,,,,,,,,,,,,,,,,,,
78749,314,314,4.26041e-05,0,0,1,0,0.000850398,0.000433357,4.7339,0.000147041,0.73136,0.0166097,0.0125959,0.0235521,0,2.85976,2.85976,0,7.89801,13.0232,1.84415,0.253253,0.130779,0.0936368,0.259732,0.461987,0.337564,0.235818,0,3.20543,0,8.012,16.1486,2.44515,0,0,4.87758,0
78799,315,,4.2178e-05,,,,,,,,,,,,,,,,,,,,,,,,,,,,,,,,,,,,
78849,315,,4.2178e-05,,,,,,,,,,,,,,,,,,,,,,,,,,,,,,,,,,,,
78899,315,,4.2178e-05,,,,,,,,,,,,,,,,,,,,,,,,,,,,,,,,,,,,
78949,315,,4.2178e-05,,,,,,,,,,,,,,,,,,,,,,,,,,,,,,,,,,,,
78999,315,315,4.2178e-05,0,0,1,0,0.000840674,0.000418294,4.82239,0.00014464,0.757729,0.0159325,0.0114575,0.0223278,0,2.84908,2.84908,0,7.88974,12.8634,1.83522,0.253368,0.130671,0.0936461,0.260416,0.462268,0.337028,0.236178,0,3.16296,0,7.97267,16.1707,2.45729,0,0,4.8802,0
79049,316,,4.17563e-05,,,,,,,,,,,,,,,,,,,,,,,,,,,,,,,,,,,,
79099,316,,4.17563e-05,,,,,,,,,,,,,,,,,,,,,,,,,,,,,,,,,,,,
79149,316,,4.17563e-05,,,,,,,,,,,,,,,,,,,,,,,,,,,,,,,,,,,,
79199,316,,4.17563e-05,,,,,,,,,,,,,,,,,,,,,,,,,,,,,,,,,,,,
79249,316,316,4.17563e-05,0,0,1,0,0.000863254,0.000435174,4.58319,0.000151189,0.71911,0.0169822,0.0125767,0.0239186,0,2.85555,2.85555,0,7.89884,12.9286,1.837,0.253454,0.130828,0.0936328,0.260175,0.461763,0.337765,0.236558,0,3.1972,0,8.06793,16.1709,2.45245,0,0,4.88869,0
79299,317,,4.13387e-05,,,,,,,,,,,,,,,,,,,,,,,,,,,,,,,,,,,,
79349,317,,4.13387e-05,,,,,,,,,,,,,,,,,,,,,,,,,,,,,,,,,,,,
79399,317,,4.13387e-05,,,,,,,,,,,,,,,,,,,,,,,,,,,,,,,,,,,,
79449,317,,4.13387e-05,,,,,,,,,,,,,,,,,,,,,,,,,,,,,,,,,,,,
79499,317,317,4.13387e-05,0,0,1,0,0.000853336,0.000432794,4.62688,0.00014611,0.717092,0.0165106,0.0122432,0.0234661,0,2.84422,2.84422,0,7.81086,12.9413,1.8377,0.253835,0.130634,0.0957674,0.260437,0.462731,0.337218,0.236223,0,3.19485,0,8.02283,16.1927,2.46577,0,0,4.87918,0
79549,318,,4.09253e-05,,,,,,,,,,,,,,,,,,,,,,,,,,,,,,,,,,,,
79599,318,,4.09253e-05,,,,,,,,,,,,,,,,,,,,,,,,,,,,,,,,,,,,
79649,318,,4.09253e-05,,,,,,,,,,,,,,,,,,,,,,,,,,,,,,,,,,,,
79699,318,,4.09253e-05,,,,,,,,,,,,,,,,,,,,,,,,,,,,,,,,,,,,
79749,318,318,4.09253e-05,0,0,1,0,0.000848231,0.000428929,4.68888,0.000143644,0.721102,0.0163669,0.0119598,0.0226459,0,2.851,2.851,0,7.91239,13.0365,1.85085,0.253193,0.130147,0.0932898,0.260155,0.461879,0.337555,0.236132,0,3.26174,0,8.0141,16.1753,2.46324,0,0,4.89484,0
79799,319,,4.0516e-05,,,,,,,,,,,,,,,,,,,,,,,,,,,,,,,,,,,,
79849,319,,4.0516e-05,,,,,,,,,,,,,,,,,,,,,,,,,,,,,,,,,,,,
79899,319,,4.0516e-05,,,,,,,,,,,,,,,,,,,,,,,,,,,,,,,,,,,,
79949,319,,4.0516e-05,,,,,,,,,,,,,,,,,,,,,,,,,,,,,,,,,,,,
79999,319,319,4.0516e-05,0,0,1,0,0.000854159,0.000433476,4.69787,0.000148371,0.728981,0.01655,0.0122481,0.023171,0,2.83955,2.83955,0,7.85448,13.0876,1.84748,0.253354,0.130797,0.0937387,0.259842,0.462242,0.337223,0.236283,0,3.23276,0,8.00918,16.1637,2.46322,0,0,4.88778,0
80049,320,,4.01109e-05,,,,,,,,,,,,,,,,,,,,,,,,,,,,,,,,,,,,
80099,320,,4.01109e-05,,,,,,,,,,,,,,,,,,,,,,,,,,,,,,,,,,,,
80149,320,,4.01109e-05,,,,,,,,,,,,,,,,,,,,,,,,,,,,,,,,,,,,
80199,320,,4.01109e-05,,,,,,,,,,,,,,,,,,,,,,,,,,,,,,,,,,,,
80249,320,320,4.01109e-05,0,0,1,0,0.000846871,0.000422573,4.79571,0.000145879,0.757295,0.0161405,0.0118094,0.0226538,0,2.84891,2.84891,0,7.85367,12.9319,1.84252,0.253328,0.130694,0.0939843,0.259555,0.462147,0.337404,0.236186,0,3.17119,0,8.08707,16.1827,2.47764,0,0,4.87395,0
80299,321,,3.97098e-05,,,,,,,,,,,,,,,,,,,,,,,,,,,,,,,,,,,,
80349,321,,3.97098e-05,,,,,,,,,,,,,,,,,,,,,,,,,,,,,,,,,,,,
80399,321,,3.97098e-05,,,,,,,,,,,,,,,,,,,,,,,,,,,,,,,,,,,,
80449,321,,3.97098e-05,,,,,,,,,,,,,,,,,,,,,,,,,,,,,,,,,,,,
80499,321,321,3.97098e-05,0,0,1,0,0.000842728,0.000423359,4.6323,0.000143245,0.726862,0.0161595,0.0117443,0.023044,0,2.85566,2.85566,0,7.8898,12.9022,1.83856,0.253627,0.130804,0.0948819,0.259959,0.462502,0.337142,0.236473,0,3.17188,0,8.01899,16.1944,2.47229,0,0,4.87398,0
80549,322,,3.93127e-05,,,,,,,,,,,,,,,,,,,,,,,,,,,,,,,,,,,,
80599,322,,3.93127e-05,,,,,,,,,,,,,,,,,,,,,,,,,,,,,,,,,,,,
80649,322,,3.93127e-05,,,,,,,,,,,,,,,,,,,,,,,,,,,,,,,,,,,,
80699,322,,3.93127e-05,,,,,,,,,,,,,,,,,,,,,,,,,,,,,,,,,,,,
80749,322,322,3.93127e-05,0,0,1,0,0.000850779,0.000436271,4.53339,0.000147837,0.702683,0.0167032,0.012421,0.0235094,0,2.84666,2.84666,0,7.85176,12.9023,1.82932,0.253727,0.131208,0.0956816,0.260033,0.462064,0.337035,0.236344,0,3.25411,0,8.00701,16.1865,2.46567,0,0,4.86727,0
80799,323,,3.89196e-05,,,,,,,,,,,,,,,,,,,,,,,,,,,,,,,,,,,,
80849,323,,3.89196e-05,,,,,,,,,,,,,,,,,,,,,,,,,,,,,,,,,,,,
80899,323,,3.89196e-05,,,,,,,,,,,,,,,,,,,,,,,,,,,,,,,,,,,,
80949,323,,3.89196e-05,,,,,,,,,,,,,,,,,,,,,,,,,,,,,,,,,,,,
80999,323,323,3.89196e-05,0,0,1,0,0.000867252,0.000438443,4.616,0.000154378,0.72085,0.0173546,0.0126592,0.0242215,0,2.85352,2.85352,0,7.80625,13.0119,1.84408,0.253245,0.130399,0.0927043,0.260201,0.462322,0.337786,0.236057,0,3.28262,0,8.00857,16.1813,2.46014,0,0,4.95552,0
81049,324,,3.85304e-05,,,,,,,,,,,,,,,,,,,,,,,,,,,,,,,,,,,,
81099,324,,3.85304e-05,,,,,,,,,,,,,,,,,,,,,,,,,,,,,,,,,,,,
81149,324,,3.85304e-05,,,,,,,,,,,,,,,,,,,,,,,,,,,,,,,,,,,,
81199,324,,3.85304e-05,,,,,,,,,,,,,,,,,,,,,,,,,,,,,,,,,,,,
81249,324,324,3.85304e-05,0,0,1,0,0.000854205,0.000432049,4.75945,0.000153244,0.738121,0.0170437,0.0121982,0.0236972,0,2.84636,2.84636,0,7.8332,12.8603,1.8321,0.253147,0.130545,0.0934085,0.260177,0.462351,0.336681,0.23572,0,3.15407,0,7.97548,16.1585,2.46762,0,0,4.89385,0
81299,325,,3.81451e-05,,,,,,,,,,,,,,,,,,,,,,,,,,,,,,,,,,,,
81349,325,,3.81451e-05,,,,,,,,,,,,,,,,,,,,,,,,,,,,,,,,,,,,
81399,325,,3.81451e-05,,,,,,,,,,,,,,,,,,,,,,,,,,,,,,,,,,,,
81449,325,,3.81451e-05,,,,,,,,,,,,,,,,,,,,,,,,,,,,,,,,,,,,
81499,325,325,3.81451e-05,0,0,1,0,0.000869584,0.000436401,4.58018,0.000153371,0.707616,0.0173139,0.0127704,0.0244275,0,2.84337,2.84337,0,7.84264,12.8905,1.83516,0.253174,0.13103,0.0930013,0.260082,0.462249,0.337296,0.235387,0,3.19026,0,7.98983,16.1649,2.46309,0,0,4.89432,0
81549,326,,3.77636e-05,,,,,,,,,,,,,,,,,,,,,,,,,,,,,,,,,,,,
81599,326,,3.77636e-05,,,,,,,,,,,,,,,,,,,,,,,,,,,,,,,,,,,,
81649,326,,3.77636e-05,,,,,,,,,,,,,,,,,,,,,,,,,,,,,,,,,,,,
81699,326,,3.77636e-05,,,,,,,,,,,,,,,,,,,,,,,,,,,,,,,,,,,,
81749,326,326,3.77636e-05,0,0,1,0,0.000858962,0.000437633,4.85952,0.00015465,0.753644,0.0168195,0.0124721,0.0239287,0,2.84584,2.84584,0,7.95884,12.9458,1.85161,0.253172,0.130735,0.092721,0.260238,0.462456,0.336965,0.235918,0,3.21223,0,8.13369,16.1743,2.46186,0,0,4.89014,0
81799,327,,3.7386e-05,,,,,,,,,,,,,,,,,,,,,,,,,,,,,,,,,,,,
81849,327,,3.7386e-05,,,,,,,,,,,,,,,,,,,,,,,,,,,,,,,,,,,,
81899,327,,3.7386e-05,,,,,,,,,,,,,,,,,,,,,,,,,,,,,,,,,,,,
81949,327,,3.7386e-05,,,,,,,,,,,,,,,,,,,,,,,,,,,,,,,,,,,,
81999,327,327,3.7386e-05,0,0,1,0,0.000851861,0.00042906,4.71258,0.000150408,0.737399,0.0165811,0.0121018,0.0231399,0,2.83807,2.83807,0,7.85593,12.9104,1.83669,0.253192,0.130767,0.0929692,0.26034,0.462568,0.336903,0.235607,0,3.2116,0,8.02994,16.1681,2.46589,0,0,4.89998,0
82049,328,,3.70121e-05,,,,,,,,,,,,,,,,,,,,,,,,,,,,,,,,,,,,
82099,328,,3.70121e-05,,,,,,,,,,,,,,,,,,,,,,,,,,,,,,,,,,,,
82149,328,,3.70121e-05,,,,,,,,,,,,,,,,,,,,,,,,,,,,,,,,,,,,
82199,328,,3.70121e-05,,,,,,,,,,,,,,,,,,,,,,,,,,,,,,,,,,,,
82249,328,328,3.70121e-05,0,0,1,0,0.000855733,0.000434253,4.62745,0.000151719,0.714246,0.0166245,0.0122243,0.0234096,0,2.83232,2.83232,0,7.84402,12.8784,1.83297,0.253411,0.130692,0.0945117,0.260111,0.462267,0.336776,0.236105,0,3.18088,0,7.97232,16.1594,2.46189,0,0,4.86746,0
82299,329,,3.6642e-05,,,,,,,,,,,,,,,,,,,,,,,,,,,,,,,,,,,,
82349,329,,3.6642e-05,,,,,,,,,,,,,,,,,,,,,,,,,,,,,,,,,,,,
82399,329,,3.6642e-05,,,,,,,,,,,,,,,,,,,,,,,,,,,,,,,,,,,,
82449,329,,3.6642e-05,,,,,,,,,,,,,,,,,,,,,,,,,,,,,,,,,,,,
82499,329,329,3.6642e-05,0,0,1,0,0.000857081,0.000436748,4.64283,0.000149509,0.718741,0.0171136,0.0125021,0.0238121,0,2.84586,2.84586,0,7.86592,12.9196,1.83761,0.25336,0.13067,0.0939625,0.260138,0.462437,0.336762,0.236191,0,3.16836,0,7.97491,16.1674,2.44753,0,0,4.87458,0
82549,330,,3.62756e-05,,,,,,,,,,,,,,,,,,,,,,,,,,,,,,,,,,,,
82599,330,,3.62756e-05,,,,,,,,,,,,,,,,,,,,,,,,,,,,,,,,,,,,
82649,330,,3.62756e-05,,,,,,,,,,,,,,,,,,,,,,,,,,,,,,,,,,,,
82699,330,,3.62756e-05,,,,,,,,,,,,,,,,,,,,,,,,,,,,,,,,,,,,
82749,330,330,3.62756e-05,0,0,1,0,0.000857501,0.000434007,4.63094,0.000151222,0.722009,0.0169302,0.0122091,0.0236588,0,2.83485,2.83485,0,7.91033,12.9599,1.842,0.253336,0.131088,0.093695,0.260484,0.462168,0.336767,0.235812,0,3.25544,0,8.07028,16.1948,2.46526,0,0,4.89902,0
82799,331,,3.59128e-05,,,,,,,,,,,,,,,,,,,,,,,,,,,,,,,,,,,,
82849,331,,3.59128e-05,,,,,,,,,,,,,,,,,,,,,,,,,,,,,,,,,,,,
82899,331,,3.59128e-05,,,,,,,,,,,,,,,,,,,,,,,,,,,,,,,,,,,,
82949,331,,3.59128e-05,,,,,,,,,,,,,,,,,,,,,,,,,,,,,,,,,,,,
82999,331,331,3.59128e-05,0,0,1,0,0.000847416,0.000432489,4.63005,0.000150936,0.725346,0.0161713,0.0120907,0.0230449,0,2.83801,2.83801,0,7.86763,12.8678,1.83044,0.253123,0.130503,0.0935221,0.259973,0.462517,0.336842,0.235381,0,3.16394,0,7.96418,16.1491,2.45565,0,0,4.87852,0
83049,332,,3.55537e-05,,,,,,,,,,,,,,,,,,,,,,,,,,,,,,,,,,,,
83099,332,,3.55537e-05,,,,,,,,,,,,,,,,,,,,,,,,,,,,,,,,,,,,
83149,332,,3.55537e-05,,,,,,,,,,,,,,,,,,,,,,,,,,,,,,,,,,,,
83199,332,,3.55537e-05,,,,,,,,,,,,,,,,,,,,,,,,,,,,,,,,,,,,
83249,332,332,3.55537e-05,0,0,1,0,0.000850853,0.000428396,4.69063,0.000147821,0.723657,0.0163813,0.0119011,0.0225153,0,2.83067,2.83067,0,7.86885,13.0037,1.84728,0.253083,0.130695,0.0932921,0.259853,0.461827,0.337166,0.235663,0,3.19151,0,7.99193,16.1432,2.45046,0,0,4.85653,0
83299,333,,3.51981e-05,,,,,,,,,,,,,,,,,,,,,,,,,,,,,,,,,,,,
83349,333,,3.51981e-05,,,,,,,,,,,,,,,,,,,,,,,,,,,,,,,,,,,,
83399,333,,3.51981e-05,,,,,,,,,,,,,,,,,,,,,,,,,,,,,,,,,,,,
83449,333,,3.51981e-05,,,,,,,,,,,,,,,,,,,,,,,,,,,,,,,,,,,,
83499,333,333,3.51981e-05,0,0,1,0,0.000846318,0.000422663,4.84412,0.000150403,0.760238,0.0163427,0.0118097,0.0223913,0,2.83573,2.83573,0,7.78302,12.9142,1.82583,0.253301,0.130555,0.0945925,0.26014,0.462061,0.337143,0.235317,0,3.20652,0,7.95722,16.2034,2.46411,0,0,4.9188,0
83549,334,,3.48462e-05,,,,,,,,,,,,,,,,,,,,,,,,,,,,,,,,,,,,
83599,334,,3.48462e-05,,,,,,,,,,,,,,,,,,,,,,,,,,,,,,,,,,,,
83649,334,,3.48462e-05,,,,,,,,,,,,,,,,,,,,,,,,,,,,,,,,,,,,
83699,334,,3.48462e-05,,,,,,,,,,,,,,,,,,,,,,,,,,,,,,,,,,,,
83749,334,334,3.48462e-05,0,0,1,0,0.000843072,0.000423795,4.78963,0.000148538,0.748551,0.0158202,0.0117068,0.0222353,0,2.8351,2.8351,0,7.82396,12.8485,1.83344,0.253026,0.130785,0.092516,0.25995,0.46228,0.33701,0.235616,0,3.17454,0,7.98404,16.1676,2.47394,0,0,4.90419,0
83799,335,,3.44977e-05,,,,,,,,,,,,,,,,,,,,,,,,,,,,,,,,,,,,
83849,335,,3.44977e-05,,,,,,,,,,,,,,,,,,,,,,,,,,,,,,,,,,,,
83899,335,,3.44977e-05,,,,,,,,,,,,,,,,,,,,,,,,,,,,,,,,,,,,
83949,335,,3.44977e-05,,,,,,,,,,,,,,,,,,,,,,,,,,,,,,,,,,,,
83999,335,335,3.44977e-05,0,0,1,0,0.000866953,0.000437851,4.60778,0.000155253,0.704225,0.0172074,0.012426,0.024228,0,2.84116,2.84116,0,7.87642,12.8766,1.83698,0.253051,0.130698,0.0929129,0.260468,0.461586,0.336839,0.235798,0,3.17105,0,7.9894,16.1987,2.47874,0,0,4.90488,0
84049,336,,3.41527e-05,,,,,,,,,,,,,,,,,,,,,,,,,,,,,,,,,,,,
84099,336,,3.41527e-05,,,,,,,,,,,,,,,,,,,,,,,,,,,,,,,,,,,,
84149,336,,3.41527e-05,,,,,,,,,,,,,,,,,,,,,,,,,,,,,,,,,,,,
84199,336,,3.41527e-05,,,,,,,,,,,,,,,,,,,,,,,,,,,,,,,,,,,,
84249,336,336,3.41527e-05,0,0,1,0,0.000859147,0.000439235,4.58798,0.00015126,0.713249,0.0168199,0.0126398,0.0239211,0,2.82958,2.82958,0,7.87637,12.8572,1.83541,0.253386,0.130877,0.0938176,0.26018,0.462192,0.337098,0.236152,0,3.18294,0,8.04169,16.194,2.47084,0,0,4.91387,0
84299,337,,3.38112e-05,,,,,,,,,,,,,,,,,,,,,,,,,,,,,,,,,,,,
84349,337,,3.38112e-05,,,,,,,,,,,,,,,,,,,,,,,,,,,,,,,,,,,,
84399,337,,3.38112e-05,,,,,,,,,,,,,,,,,,,,,,,,,,,,,,,,,,,,
84449,337,,3.38112e-05,,,,,,,,,,,,,,,,,,,,,,,,,,,,,,,,,,,,
84499,337,337,3.38112e-05,0,0,1,0,0.000843305,0.000434507,4.61891,0.000149269,0.719551,0.015989,0.0121897,0.022881,0,2.81863,2.81863,0,7.86465,12.876,1.83928,0.253558,0.130855,0.0944577,0.260173,0.462499,0.337357,0.236006,0,3.20948,0,8.06592,16.1898,2.47166,0,0,4.89288,0
84549,338,,3.34731e-05,,,,,,,,,,,,,,,,,,,,,,,,,,,,,,,,,,,,
84599,338,,3.34731e-05,,,,,,,,,,,,,,,,,,,,,,,,,,,,,,,,,,,,
84649,338,,3.34731e-05,,,,,,,,,,,,,,,,,,,,,,,,,,,,,,,,,,,,
84699,338,,3.34731e-05,,,,,,,,,,,,,,,,,,,,,,,,,,,,,,,,,,,,
84749,338,338,3.34731e-05,0,0,1,0,0.000840274,0.00042336,4.80452,0.000145229,0.741279,0.0159077,0.0116318,0.021835,0,2.81781,2.81781,0,7.87693,12.8679,1.83963,0.253301,0.130862,0.0932752,0.259992,0.462397,0.337403,0.235874,0,3.17503,0,8.11201,16.165,2.45932,0,0,4.8762,0
84799,339,,3.31384e-05,,,,,,,,,,,,,,,,,,,,,,,,,,,,,,,,,,,,
84849,339,,3.31384e-05,,,,,,,,,,,,,,,,,,,,,,,,,,,,,,,,,,,,
84899,339,,3.31384e-05,,,,,,,,,,,,,,,,,,,,,,,,,,,,,,,,,,,,
84949,339,,3.31384e-05,,,,,,,,,,,,,,,,,,,,,,,,,,,,,,,,,,,,
84999,339,339,3.31384e-05,0,0,1,0,0.000866302,0.000450326,4.4249,0.000152926,0.676107,0.0175891,0.0134179,0.0246962,0,2.84855,2.84855,0,7.69388,12.8526,1.81733,0.253205,0.130438,0.0936805,0.260066,0.462478,0.337346,0.235223,0,3.20383,0,7.86481,16.205,2.47159,0,0,4.95856,0
85049,340,,3.2807e-05,,,,,,,,,,,,,,,,,,,,,,,,,,,,,,,,,,,,
85099,340,,3.2807e-05,,,,,,,,,,,,,,,,,,,,,,,,,,,,,,,,,,,,
85149,340,,3.2807e-05,,,,,,,,,,,,,,,,,,,,,,,,,,,,,,,,,,,,
85199,340,,3.2807e-05,,,,,,,,,,,,,,,,,,,,,,,,,,,,,,,,,,,,
85249,340,340,3.2807e-05,0,0,1,0,0.000861455,0.000441485,4.63753,0.000153274,0.711386,0.0172806,0.0126122,0.02392,0,2.82711,2.82711,0,7.87796,12.9002,1.83827,0.253196,0.13118,0.0932634,0.259909,0.46186,0.336925,0.236037,0,3.21501,0,8.06338,16.1673,2.4617,0,0,4.89066,0
85299,341,,3.24789e-05,,,,,,,,,,,,,,,,,,,,,,,,,,,,,,,,,,,,
85349,341,,3.24789e-05,,,,,,,,,,,,,,,,,,,,,,,,,,,,,,,,,,,,
85399,341,,3.24789e-05,,,,,,,,,,,,,,,,,,,,,,,,,,,,,,,,,,,,
85449,341,,3.24789e-05,,,,,,,,,,,,,,,,,,,,,,,,,,,,,,,,,,,,
85499,341,341,3.24789e-05,0,0,1,0,0.000858212,0.000444495,4.5804,0.000155478,0.709009,0.0171353,0.0128021,0.0242486,0,2.81773,2.81773,0,7.70356,12.9102,1.82206,0.253061,0.130401,0.0928518,0.259907,0.462319,0.337492,0.235393,0,3.18277,0,7.86442,16.1704,2.45846,0,0,4.9455,0
85549,342,,3.21541e-05,,,,,,,,,,,,,,,,,,,,,,,,,,,,,,,,,,,,
85599,342,,3.21541e-05,,,,,,,,,,,,,,,,,,,,,,,,,,,,,,,,,,,,
85649,342,,3.21541e-05,,,,,,,,,,,,,,,,,,,,,,,,,,,,,,,,,,,,
85699,342,,3.21541e-05,,,,,,,,,,,,,,,,,,,,,,,,,,,,,,,,,,,,
85749,342,342,3.21541e-05,0,0,1,0,0.000851258,0.000426621,4.80358,0.000147905,0.746035,0.0167918,0.0120083,0.023198,0,2.83506,2.83506,0,7.86962,12.843,1.83638,0.253314,0.130709,0.0931523,0.260136,0.462198,0.337073,0.236615,0,3.17026,0,8.04853,16.1774,2.46909,0,0,4.91052,0
85799,343,,3.18326e-05,,,,,,,,,,,,,,,,,,,,,,,,,,,,,,,,,,,,
85849,343,,3.18326e-05,,,,,,,,,,,,,,,,,,,,,,,,,,,,,,,,,,,,
85899,343,,3.18326e-05,,,,,,,,,,,,,,,,,,,,,,,,,,,,,,,,,,,,
85949,343,,3.18326e-05,,,,,,,,,,,,,,,,,,,,,,,,,,,,,,,,,,,,
85999,343,343,3.18326e-05,0,0,1,0,0.000849677,0.000436878,4.52931,0.000147877,0.695276,0.0162623,0.0121793,0.0229019,0,2.81423,2.81423,0,7.78155,12.8663,1.83489,0.253183,0.130834,0.0928402,0.259952,0.462271,0.337282,0.235918,0,3.17536,0,7.99384,16.148,2.45892,0,0,4.87725,0
86049,344,,3.15142e-05,,,,,,,,,,,,,,,,,,,,,,,,,,,,,,,,,,,,
86099,344,,3.15142e-05,,,,,,,,,,,,,,,,,,,,,,,,,,,,,,,,,,,,
86149,344,,3.15142e-05,,,,,,,,,,,,,,,,,,,,,,,,,,,,,,,,,,,,
86199,344,,3.15142e-05,,,,,,,,,,,,,,,,,,,,,,,,,,,,,,,,,,,,
86249,344,344,3.15142e-05,0,0,1,0,0.00084616,0.00043713,4.59592,0.000153955,0.696799,0.0161439,0.0122127,0.0235526,0,2.8012,2.8012,0,7.83164,12.8188,1.83143,0.253302,0.130785,0.0938641,0.260143,0.46222,0.336997,0.235801,0,3.17383,0,7.96956,16.1785,2.45554,0,0,4.9045,0
86299,345,,3.11991e-05,,,,,,,,,,,,,,,,,,,,,,,,,,,,,,,,,,,,
86349,345,,3.11991e-05,,,,,,,,,,,,,,,,,,,,,,,,,,,,,,,,,,,,
86399,345,,3.11991e-05,,,,,,,,,,,,,,,,,,,,,,,,,,,,,,,,,,,,
86449,345,,3.11991e-05,,,,,,,,,,,,,,,,,,,,,,,,,,,,,,,,,,,,
86499,345,345,3.11991e-05,0,0,1,0,0.000853391,0.000443164,4.52715,0.000151908,0.692563,0.0164578,0.0124413,0.0231261,0,2.7996,2.7996,0,7.78801,12.8204,1.82903,0.252941,0.130368,0.0922181,0.259989,0.462072,0.33716,0.23584,0,3.1479,0,7.98856,16.1587,2.46424,0,0,4.92143,0
86549,346,,3.08871e-05,,,,,,,,,,,,,,,,,,,,,,,,,,,,,,,,,,,,
86599,346,,3.08871e-05,,,,,,,,,,,,,,,,,,,,,,,,,,,,,,,,,,,,
86649,346,,3.08871e-05,,,,,,,,,,,,,,,,,,,,,,,,,,,,,,,,,,,,
86699,346,,3.08871e-05,,,,,,,,,,,,,,,,,,,,,,,,,,,,,,,,,,,,
86749,346,346,3.08871e-05,0,0,1,0,0.000862661,0.000445746,4.49609,0.000154653,0.686143,0.0170705,0.0128187,0.0241001,0,2.81497,2.81497,0,7.88212,12.8683,1.83013,0.253301,0.130974,0.0931262,0.260237,0.462305,0.337079,0.236084,0,3.22856,0,8.03262,16.1777,2.46282,0,0,4.90444,0
86799,347,,3.05782e-05,,,,,,,,,,,,,,,,,,,,,,,,,,,,,,,,,,,,
86849,347,,3.05782e-05,,,,,,,,,,,,,,,,,,,,,,,,,,,,,,,,,,,,
86899,347,,3.05782e-05,,,,,,,,,,,,,,,,,,,,,,,,,,,,,,,,,,,,
86949,347,,3.05782e-05,,,,,,,,,,,,,,,,,,,,,,,,,,,,,,,,,,,,
86999,347,347,3.05782e-05,0,0,1,0,0.000857725,0.000434842,4.59493,0.000156171,0.703687,0.0167782,0.0120848,0.0237791,0,2.80695,2.80695,0,7.87558,12.9092,1.84109,0.253085,0.130716,0.0930715,0.260382,0.462354,0.336668,0.235317,0,3.20752,0,7.98563,16.1767,2.46767,0,0,4.92181,0
87049,348,,3.02725e-05,,,,,,,,,,,,,,,,,,,,,,,,,,,,,,,,,,,,
87099,348,,3.02725e-05,,,,,,,,,,,,,,,,,,,,,,,,,,,,,,,,,,,,
87149,348,,3.02725e-05,,,,,,,,,,,,,,,,,,,,,,,,,,,,,,,,,,,,
87199,348,,3.02725e-05,,,,,,,,,,,,,,,,,,,,,,,,,,,,,,,,,,,,
87249,348,348,3.02725e-05,0,0,1,0,0.000857337,0.000433626,4.70112,0.000153972,0.722448,0.0165572,0.012137,0.0232365,0,2.81012,2.81012,0,7.85466,12.8509,1.83519,0.253123,0.131227,0.0928275,0.260059,0.462078,0.336529,0.236018,0,3.2053,0,8.02184,16.1822,2.46559,0,0,4.93395,0
87299,349,,2.99697e-05,,,,,,,,,,,,,,,,,,,,,,,,,,,,,,,,,,,,
87349,349,,2.99697e-05,,,,,,,,,,,,,,,,,,,,,,,,,,,,,,,,,,,,
87399,349,,2.99697e-05,,,,,,,,,,,,,,,,,,,,,,,,,,,,,,,,,,,,
87449,349,,2.99697e-05,,,,,,,,,,,,,,,,,,,,,,,,,,,,,,,,,,,,
87499,349,349,2.99697e-05,0,0,1,0,0.000856257,0.000439124,4.60843,0.000156849,0.711213,0.0168449,0.0126397,0.0236122,0,2.82496,2.82496,0,7.83076,12.8429,1.83129,0.252988,0.130609,0.0929619,0.259564,0.462186,0.336898,0.235711,0,3.14743,0,7.99803,16.1326,2.45089,0,0,4.90123,0
87549,350,,2.967e-05,,,,,,,,,,,,,,,,,,,,,,,,,,,,,,,,,,,,
87599,350,,2.967e-05,,,,,,,,,,,,,,,,,,,,,,,,,,,,,,,,,,,,
87649,350,,2.967e-05,,,,,,,,,,,,,,,,,,,,,,,,,,,,,,,,,,,,
87699,350,,2.967e-05,,,,,,,,,,,,,,,,,,,,,,,,,,,,,,,,,,,,
87749,350,350,2.967e-05,0,0,1,0,0.000849807,0.000429108,4.73065,0.000149014,0.728806,0.0162074,0.0120341,0.0224866,0,2.8175,2.8175,0,7.83222,12.8511,1.832,0.253291,0.130866,0.0937742,0.260007,0.462244,0.337012,0.235845,0,3.19393,0,8.04921,16.1535,2.4543,0,0,4.89028,0
87799,351,,2.93733e-05,,,,,,,,,,,,,,,,,,,,,,,,,,,,,,,,,,,,
87849,351,,2.93733e-05,,,,,,,,,,,,,,,,,,,,,,,,,,,,,,,,,,,,
87899,351,,2.93733e-05,,,,,,,,,,,,,,,,,,,,,,,,,,,,,,,,,,,,
87949,351,,2.93733e-05,,,,,,,,,,,,,,,,,,,,,,,,,,,,,,,,,,,,
87999,351,351,2.93733e-05,0,0,1,0,0.000848676,0.000437425,4.57237,0.000151747,0.69854,0.0161638,0.0122251,0.0226878,0,2.8043,2.8043,0,7.85915,12.831,1.83225,0.253122,0.130648,0.093059,0.260119,0.462166,0.337211,0.235531,0,3.16825,0,8.02473,16.1746,2.46591,0,0,4.90005,0
88049,352,,2.90796e-05,,,,,,,,,,,,,,,,,,,,,,,,,,,,,,,,,,,,
88099,352,,2.90796e-05,,,,,,,,,,,,,,,,,,,,,,,,,,,,,,,,,,,,
88149,352,,2.90796e-05,,,,,,,,,,,,,,,,,,,,,,,,,,,,,,,,,,,,
88199,352,,2.90796e-05,,,,,,,,,,,,,,,,,,,,,,,,,,,,,,,,,,,,
88249,352,352,2.90796e-05,0,0,1,0,0.000848467,0.000434449,4.60709,0.000151364,0.704644,0.016475,0.0122188,0.0231692,0,2.81311,2.81311,0,7.85704,12.974,1.84382,0.253032,0.130682,0.092265,0.260198,0.462406,0.337071,0.235572,0,3.24336,0,7.97292,16.1604,2.46635,0,0,4.93301,0
88299,353,,2.87888e-05,,,,,,,,,,,,,,,,,,,,,,,,,,,,,,,,,,,,
88349,353,,2.87888e-05,,,,,,,,,,,,,,,,,,,,,,,,,,,,,,,,,,,,
88399,353,,2.87888e-05,,,,,,,,,,,,,,,,,,,,,,,,,,,,,,,,,,,,
88449,353,,2.87888e-05,,,,,,,,,,,,,,,,,,,,,,,,,,,,,,,,,,,,
88499,353,353,2.87888e-05,0,0,1,0,0.000859919,0.000438588,4.59104,0.000151058,0.697845,0.016964,0.0123623,0.0233844,0,2.81151,2.81151,0,7.85592,12.8732,1.8337,0.252949,0.130689,0.0927102,0.259927,0.461955,0.336937,0.235477,0,3.17463,0,7.98078,16.1435,2.45931,0,0,4.91739,0
88549,354,,2.85009e-05,,,,,,,,,,,,,,,,,,,,,,,,,,,,,,,,,,,,
88599,354,,2.85009e-05,,,,,,,,,,,,,,,,,,,,,,,,,,,,,,,,,,,,
88649,354,,2.85009e-05,,,,,,,,,,,,,,,,,,,,,,,,,,,,,,,,,,,,
88699,354,,2.85009e-05,,,,,,,,,,,,,,,,,,,,,,,,,,,,,,,,,,,,
88749,354,354,2.85009e-05,0,0,1,0,0.000855483,0.000440643,4.56795,0.000153214,0.681384,0.0166052,0.0125645,0.0236997,0,2.80568,2.80568,0,7.88936,12.8489,1.83083,0.253357,0.130786,0.0935804,0.26024,0.462514,0.336968,0.236051,0,3.17517,0,7.98143,16.1624,2.45156,0,0,4.90576,0
88799,355,,2.82159e-05,,,,,,,,,,,,,,,,,,,,,,,,,,,,,,,,,,,,
88849,355,,2.82159e-05,,,,,,,,,,,,,,,,,,,,,,,,,,,,,,,,,,,,
88899,355,,2.82159e-05,,,,,,,,,,,,,,,,,,,,,,,,,,,,,,,,,,,,
88949,355,,2.82159e-05,,,,,,,,,,,,,,,,,,,,,,,,,,,,,,,,,,,,
88999,355,355,2.82159e-05,0,0,1,0,0.000863579,0.000445766,4.54216,0.000150321,0.69439,0.0172631,0.0127974,0.024049,0,2.82129,2.82129,0,7.8669,12.8368,1.83271,0.253375,0.130711,0.0936715,0.260164,0.463168,0.336657,0.235879,0,3.15225,0,8.02572,16.1501,2.46064,0,0,4.88713,0
89049,356,,2.79338e-05,,,,,,,,,,,,,,,,,,,,,,,,,,,,,,,,,,,,
89099,356,,2.79338e-05,,,,,,,,,,,,,,,,,,,,,,,,,,,,,,,,,,,,
89149,356,,2.79338e-05,,,,,,,,,,,,,,,,,,,,,,,,,,,,,,,,,,,,
89199,356,,2.79338e-05,,,,,,,,,,,,,,,,,,,,,,,,,,,,,,,,,,,,
89249,356,356,2.79338e-05,0,0,1,0,0.000860222,0.00044762,4.53655,0.000156134,0.688629,0.0168211,0.0126725,0.0233215,0,2.79842,2.79842,0,7.86449,12.9034,1.84408,0.253036,0.13063,0.092342,0.259593,0.463001,0.336888,0.235764,0,3.16483,0,8.03309,16.1346,2.4525,0,0,4.90444,0
89299,357,,2.76544e-05,,,,,,,,,,,,,,,,,,,,,,,,,,,,,,,,,,,,
89349,357,,2.76544e-05,,,,,,,,,,,,,,,,,,,,,,,,,,,,,,,,,,,,
89399,357,,2.76544e-05,,,,,,,,,,,,,,,,,,,,,,,,,,,,,,,,,,,,
89449,357,,2.76544e-05,,,,,,,,,,,,,,,,,,,,,,,,,,,,,,,,,,,,
89499,357,357,2.76544e-05,0,0,1,0,0.000853694,0.000440202,4.63765,0.000154072,0.707268,0.0166698,0.0123341,0.0231669,0,2.79525,2.79525,0,7.79787,12.8569,1.82683,0.253072,0.130505,0.0930947,0.260263,0.462691,0.336865,0.235013,0,3.1807,0,7.91862,16.1601,2.45629,0,0,4.9369,0
89549,358,,2.73779e-05,,,,,,,,,,,,,,,,,,,,,,,,,,,,,,,,,,,,
89599,358,,2.73779e-05,,,,,,,,,,,,,,,,,,,,,,,,,,,,,,,,,,,,
89649,358,,2.73779e-05,,,,,,,,,,,,,,,,,,,,,,,,,,,,,,,,,,,,
89699,358,,2.73779e-05,,,,,,,,,,,,,,,,,,,,,,,,,,,,,,,,,,,,
89749,358,358,2.73779e-05,0,0,1,0,0.000862841,0.000443144,4.66606,0.00015562,0.709666,0.0169653,0.0125075,0.0230165,0,2.80511,2.80511,0,7.81702,12.7945,1.8283,0.25305,0.130893,0.0927424,0.260066,0.46242,0.336884,0.235294,0,3.15633,0,7.97131,16.1326,2.45135,0,0,4.90032,0
89799,359,,2.71041e-05,,,,,,,,,,,,,,,,,,,,,,,,,,,,,,,,,,,,
89849,359,,2.71041e-05,,,,,,,,,,,,,,,,,,,,,,,,,,,,,,,,,,,,
89899,359,,2.71041e-05,,,,,,,,,,,,,,,,,,,,,,,,,,,,,,,,,,,,
89949,359,,2.71041e-05,,,,,,,,,,,,,,,,,,,,,,,,,,,,,,,,,,,,
89999,359,359,2.71041e-05,0,0,1,0,0.000851633,0.000437206,4.70549,0.000154926,0.716472,0.0164154,0.0119973,0.0227754,0,2.8038,2.8038,0,7.80585,12.8832,1.82768,0.253059,0.13063,0.0929717,0.259961,0.462546,0.336643,0.235604,0,3.19708,0,7.92158,16.1588,2.46118,0,0,4.92464,0
90049,360,,2.68331e-05,,,,,,,,,,,,,,,,,,,,,,,,,,,,,,,,,,,,
90099,360,,2.68331e-05,,,,,,,,,,,,,,,,,,,,,,,,,,,,,,,,,,,,
90149,360,,2.68331e-05,,,,,,,,,,,,,,,,,,,,,,,,,,,,,,,,,,,,
90199,360,,2.68331e-05,,,,,,,,,,,,,,,,,,,,,,,,,,,,,,,,,,,,
90249,360,360,2.68331e-05,0,0,1,0,0.00086292,0.000443588,4.66511,0.000162356,0.701245,0.0171739,0.0125704,0.024116,0,2.79921,2.79921,0,7.78967,12.8905,1.82504,0.253066,0.130752,0.0935248,0.259709,0.462305,0.336581,0.235526,0,3.18406,0,7.97874,16.1483,2.45957,0,0,4.90404,0
90299,361,,2.65647e-05,,,,,,,,,,,,,,,,,,,,,,,,,,,,,,,,,,,,
90349,361,,2.65647e-05,,,,,,,,,,,,,,,,,,,,,,,,,,,,,,,,,,,,
90399,361,,2.65647e-05,,,,,,,,,,,,,,,,,,,,,,,,,,,,,,,,,,,,
90449,361,,2.65647e-05,,,,,,,,,,,,,,,,,,,,,,,,,,,,,,,,,,,,
90499,361,361,2.65647e-05,0,0,1,0,0.000855683,0.000442396,4.56713,0.00015395,0.686871,0.0168167,0.012482,0.0232025,0,2.805,2.805,0,7.94081,12.8695,1.84108,0.253158,0.131157,0.0929198,0.259974,0.462775,0.336423,0.235698,0,3.24651,0,8.07203,16.1497,2.45799,0,0,4.90914,0
90549,362,,2.62991e-05,,,,,,,,,,,,,,,,,,,,,,,,,,,,,,,,,,,,
90599,362,,2.62991e-05,,,,,,,,,,,,,,,,,,,,,,,,,,,,,,,,,,,,
90649,362,,2.62991e-05,,,,,,,,,,,,,,,,,,,,,,,,,,,,,,,,,,,,
90699,362,,2.62991e-05,,,,,,,,,,,,,,,,,,,,,,,,,,,,,,,,,,,,
90749,362,362,2.62991e-05,0,0,1,0,0.000849858,0.00043651,4.65123,0.0001554,0.723428,0.0169216,0.0124473,0.0235449,0,2.81996,2.81996,0,7.8507,12.8369,1.83103,0.253028,0.130626,0.0932436,0.260142,0.462153,0.336577,0.235425,0,3.18812,0,8.03405,16.154,2.46232,0,0,4.89201,0
90799,363,,2.60361e-05,,,,,,,,,,,,,,,,,,,,,,,,,,,,,,,,,,,,
90849,363,,2.60361e-05,,,,,,,,,,,,,,,,,,,,,,,,,,,,,,,,,,,,
90899,363,,2.60361e-05,,,,,,,,,,,,,,,,,,,,,,,,,,,,,,,,,,,,
90949,363,,2.60361e-05,,,,,,,,,,,,,,,,,,,,,,,,,,,,,,,,,,,,
90999,363,363,2.60361e-05,0,0,1,0,0.000854387,0.000446177,4.50482,0.000157385,0.678194,0.0168469,0.0125837,0.0233564,0,2.79496,2.79496,0,7.7828,12.8069,1.82658,0.253033,0.130789,0.0930327,0.260086,0.462475,0.336409,0.235406,0,3.1794,0,7.9546,16.1469,2.44281,0,0,4.91442,0
91049,364,,2.57757e-05,,,,,,,,,,,,,,,,,,,,,,,,,,,,,,,,,,,,
91099,364,,2.57757e-05,,,,,,,,,,,,,,,,,,,,,,,,,,,,,,,,,,,,
91149,364,,2.57757e-05,,,,,,,,,,,,,,,,,,,,,,,,,,,,,,,,,,,,
91199,364,,2.57757e-05,,,,,,,,,,,,,,,,,,,,,,,,,,,,,,,,,,,,
91249,364,364,2.57757e-05,0,0,1,0,0.000856,0.000438806,4.69543,0.000153381,0.7131,0.0167739,0.0123538,0.0232449,0,2.80538,2.80538,0,7.99401,12.8624,1.8408,0.253304,0.130924,0.0943595,0.259982,0.46217,0.336465,0.235923,0,3.20719,0,8.08689,16.1549,2.45864,0,0,4.88438,0
91299,365,,2.5518e-05,,,,,,,,,,,,,,,,,,,,,,,,,,,,,,,,,,,,
91349,365,,2.5518e-05,,,,,,,,,,,,,,,,,,,,,,,,,,,,,,,,,,,,
91399,365,,2.5518e-05,,,,,,,,,,,,,,,,,,,,,,,,,,,,,,,,,,,,
91449,365,,2.5518e-05,,,,,,,,,,,,,,,,,,,,,,,,,,,,,,,,,,,,
91499,365,365,2.5518e-05,0,0,1,0,0.000861841,0.000446251,4.4916,0.000158087,0.678416,0.0173873,0.0127662,0.0236937,0,2.80665,2.80665,0,7.82819,12.8184,1.82256,0.252995,0.13049,0.094003,0.25998,0.46169,0.336341,0.235468,0,3.17437,0,7.94369,16.1616,2.45959,0,0,4.90358,0
91549,366,,2.52628e-05,,,,,,,,,,,,,,,,,,,,,,,,,,,,,,,,,,,,
91599,366,,2.52628e-05,,,,,,,,,,,,,,,,,,,,,,,,,,,,,,,,,,,,
91649,366,,2.52628e-05,,,,,,,,,,,,,,,,,,,,,,,,,,,,,,,,,,,,
91699,366,,2.52628e-05,,,,,,,,,,,,,,,,,,,,,,,,,,,,,,,,,,,,
91749,366,366,2.52628e-05,0,0,1,0,0.000860784,0.000442737,4.49893,0.000158234,0.682597,0.0169937,0.0123948,0.0235936,0,2.79918,2.79918,0,7.86821,12.8368,1.83528,0.253036,0.13078,0.0932628,0.259955,0.462031,0.336629,0.235559,0,3.16165,0,8.03684,16.137,2.44638,0,0,4.8954,0
91799,367,,2.50102e-05,,,,,,,,,,,,,,,,,,,,,,,,,,,,,,,,,,,,
91849,367,,2.50102e-05,,,,,,,,,,,,,,,,,,,,,,,,,,,,,,,,,,,,
91899,367,,2.50102e-05,,,,,,,,,,,,,,,,,,,,,,,,,,,,,,,,,,,,
91949,367,,2.50102e-05,,,,,,,,,,,,,,,,,,,,,,,,,,,,,,,,,,,,
91999,367,367,2.50102e-05,0,0,1,0,0.000855795,0.000441167,4.60425,0.000154897,0.695964,0.016946,0.0123331,0.0237647,0,2.78982,2.78982,0,7.86974,12.96,1.8365,0.253227,0.130944,0.0936452,0.259815,0.462461,0.336648,0.235847,0,3.22618,0,8.07565,16.1635,2.453,0,0,4.89083,0
92049,368,,2.47601e-05,,,,,,,,,,,,,,,,,,,,,,,,,,,,,,,,,,,,
92099,368,,2.47601e-05,,,,,,,,,,,,,,,,,,,,,,,,,,,,,,,,,,,,
92149,368,,2.47601e-05,,,,,,,,,,,,,,,,,,,,,,,,,,,,,,,,,,,,
92199,368,,2.47601e-05,,,,,,,,,,,,,,,,,,,,,,,,,,,,,,,,,,,,
92249,368,368,2.47601e-05,0,0,1,0,0.000842554,0.000436599,4.63112,0.000153852,0.696756,0.0160032,0.0120721,0.0225071,0,2.78469,2.78469,0,7.75966,12.8429,1.82456,0.253057,0.130524,0.0939175,0.259796,0.462105,0.336495,0.235502,0,3.15957,0,7.95585,16.1419,2.46176,0,0,4.91196,0
92299,369,,2.45125e-05,,,,,,,,,,,,,,,,,,,,,,,,,,,,,,,,,,,,
92349,369,,2.45125e-05,,,,,,,,,,,,,,,,,,,,,,,,,,,,,,,,,,,,
92399,369,,2.45125e-05,,,,,,,,,,,,,,,,,,,,,,,,,,,,,,,,,,,,
92449,369,,2.45125e-05,,,,,,,,,,,,,,,,,,,,,,,,,,,,,,,,,,,,
92499,369,369,2.45125e-05,0,0,1,0,0.000860147,0.00043957,4.44992,0.000156464,0.678128,0.0172349,0.0124496,0.0241373,0,2.80828,2.80828,0,7.92185,12.8443,1.83928,0.252985,0.130848,0.0930012,0.259889,0.462429,0.336114,0.235631,0,3.19483,0,8.05336,16.1844,2.47998,0,0,4.92748,0
92549,370,,2.42673e-05,,,,,,,,,,,,,,,,,,,,,,,,,,,,,,,,,,,,
92599,370,,2.42673e-05,,,,,,,,,,,,,,,,,,,,,,,,,,,,,,,,,,,,
92649,370,,2.42673e-05,,,,,,,,,,,,,,,,,,,,,,,,,,,,,,,,,,,,
92699,370,,2.42673e-05,,,,,,,,,,,,,,,,,,,,,,,,,,,,,,,,,,,,
92749,370,370,2.42673e-05,0,0,1,0,0.000852623,0.000443744,4.44249,0.000158145,0.665765,0.0164459,0.0124539,0.023436,0,2.78499,2.78499,0,7.81303,12.8087,1.827,0.253039,0.130607,0.0937707,0.259899,0.462196,0.336552,0.235207,0,3.16458,0,7.95159,16.1653,2.44917,0,0,4.92901,0
92799,371,,2.40247e-05,,,,,,,,,,,,,,,,,,,,,,,,,,,,,,,,,,,,
92849,371,,2.40247e-05,,,,,,,,,,,,,,,,,,,,,,,,,,,,,,,,,,,,
92899,371,,2.40247e-05,,,,,,,,,,,,,,,,,,,,,,,,,,,,,,,,,,,,
92949,371,,2.40247e-05,,,,,,,,,,,,,,,,,,,,,,,,,,,,,,,,,,,,
92999,371,371,2.40247e-05,0,0,1,0,0.00084908,0.000437906,4.63634,0.000155355,0.70956,0.0162905,0.0123102,0.022671,0,2.80104,2.80104,0,7.80071,12.8017,1.82686,0.253121,0.130863,0.0937878,0.25996,0.461899,0.336919,0.235299,0,3.17708,0,8.00475,16.1507,2.45501,0,0,4.9078,0
93049,372,,2.37844e-05,,,,,,,,,,,,,,,,,,,,,,,,,,,,,,,,,,,,
93099,372,,2.37844e-05,,,,,,,,,,,,,,,,,,,,,,,,,,,,,,,,,,,,
93149,372,,2.37844e-05,,,,,,,,,,,,,,,,,,,,,,,,,,,,,,,,,,,,
93199,372,,2.37844e-05,,,,,,,,,,,,,,,,,,,,,,,,,,,,,,,,,,,,
93249,372,372,2.37844e-05,0,0,1,0,0.000863325,0.00044743,4.49497,0.000157055,0.667735,0.0170263,0.0126302,0.0232314,0,2.78934,2.78934,0,7.83351,12.8234,1.82776,0.253121,0.130792,0.0936862,0.260198,0.461914,0.336644,0.235493,0,3.16541,0,7.95102,16.1715,2.45945,0,0,4.94391,0
93299,373,,2.35466e-05,,,,,,,,,,,,,,,,,,,,,,,,,,,,,,,,,,,,
93349,373,,2.35466e-05,,,,,,,,,,,,,,,,,,,,,,,,,,,,,,,,,,,,
93399,373,,2.35466e-05,,,,,,,,,,,,,,,,,,,,,,,,,,,,,,,,,,,,
93449,373,,2.35466e-05,,,,,,,,,,,,,,,,,,,,,,,,,,,,,,,,,,,,
93499,373,373,2.35466e-05,0,0,1,0,0.000858264,0.000439017,4.73064,0.000156588,0.716912,0.0167313,0.0122341,0.0231951,0,2.78907,2.78907,0,7.80044,12.8061,1.82652,0.252991,0.130663,0.0934076,0.259935,0.462037,0.336509,0.235392,0,3.14743,0,7.93816,16.1343,2.45742,0,0,4.92203,0
93549,374,,2.33111e-05,,,,,,,,,,,,,,,,,,,,,,,,,,,,,,,,,,,,
93599,374,,2.33111e-05,,,,,,,,,,,,,,,,,,,,,,,,,,,,,,,,,,,,
93649,374,,2.33111e-05,,,,,,,,,,,,,,,,,,,,,,,,,,,,,,,,,,,,
93699,374,,2.33111e-05,,,,,,,,,,,,,,,,,,,,,,,,,,,,,,,,,,,,
93749,374,374,2.33111e-05,0,0,1,0,0.000847053,0.000438771,4.52526,0.000154453,0.685887,0.016161,0.0121547,0.0228354,0,2.78578,2.78578,0,7.80295,12.804,1.82273,0.252973,0.130589,0.0931484,0.259834,0.461792,0.336771,0.235704,0,3.15063,0,7.93816,16.1366,2.44825,0,0,4.91652,0
93799,375,,2.3078e-05,,,,,,,,,,,,,,,,,,,,,,,,,,,,,,,,,,,,
93849,375,,2.3078e-05,,,,,,,,,,,,,,,,,,,,,,,,,,,,,,,,,,,,
93899,375,,2.3078e-05,,,,,,,,,,,,,,,,,,,,,,,,,,,,,,,,,,,,
93949,375,,2.3078e-05,,,,,,,,,,,,,,,,,,,,,,,,,,,,,,,,,,,,
93999,375,375,2.3078e-05,0,0,1,0,0.000850622,0.000441483,4.45551,0.000152852,0.67267,0.0163654,0.0125183,0.0233341,0,2.77877,2.77877,0,7.80366,12.8129,1.82477,0.253055,0.130602,0.0935221,0.259745,0.462051,0.336649,0.23576,0,3.17198,0,7.97348,16.1609,2.45189,0,0,4.92988,0
94049,376,,2.28472e-05,,,,,,,,,,,,,,,,,,,,,,,,,,,,,,,,,,,,
94099,376,,2.28472e-05,,,,,,,,,,,,,,,,,,,,,,,,,,,,,,,,,,,,
94149,376,,2.28472e-05,,,,,,,,,,,,,,,,,,,,,,,,,,,,,,,,,,,,
94199,376,,2.28472e-05,,,,,,,,,,,,,,,,,,,,,,,,,,,,,,,,,,,,
94249,376,376,2.28472e-05,0,0,1,0,0.00085771,0.00044707,4.50249,0.00015532,0.6775,0.0169934,0.0129407,0.0240874,0,2.80044,2.80044,0,7.82867,12.8887,1.83397,0.252756,0.130622,0.0922059,0.260142,0.46204,0.336272,0.235255,0,3.21207,0,7.99834,16.1476,2.46618,0,0,4.91621,0
94299,377,,2.26187e-05,,,,,,,,,,,,,,,,,,,,,,,,,,,,,,,,,,,,
94349,377,,2.26187e-05,,,,,,,,,,,,,,,,,,,,,,,,,,,,,,,,,,,,
94399,377,,2.26187e-05,,,,,,,,,,,,,,,,,,,,,,,,,,,,,,,,,,,,
94449,377,,2.26187e-05,,,,,,,,,,,,,,,,,,,,,,,,,,,,,,,,,,,,
94499,377,377,2.26187e-05,0,0,1,0,0.000840775,0.000436158,4.70192,0.00015501,0.712255,0.0158045,0.0119292,0.0225643,0,2.7836,2.7836,0,7.78916,12.7975,1.82633,0.253086,0.130668,0.0931861,0.260035,0.462333,0.336795,0.235502,0,3.15922,0,7.96444,16.1341,2.44824,0,0,4.90761,0
94549,378,,2.23926e-05,,,,,,,,,,,,,,,,,,,,,,,,,,,,,,,,,,,,
94599,378,,2.23926e-05,,,,,,,,,,,,,,,,,,,,,,,,,,,,,,,,,,,,
94649,378,,2.23926e-05,,,,,,,,,,,,,,,,,,,,,,,,,,,,,,,,,,,,
94699,378,,2.23926e-05,,,,,,,,,,,,,,,,,,,,,,,,,,,,,,,,,,,,
94749,378,378,2.23926e-05,0,0,1,0,0.000852472,0.000440991,4.59153,0.000153694,0.697203,0.0167456,0.0123018,0.0234475,0,2.79403,2.79403,0,7.75372,12.8017,1.81479,0.2531,0.130698,0.0940091,0.259943,0.461891,0.33679,0.235266,0,3.17109,0,7.9045,16.1493,2.44344,0,0,4.91521,0
94799,379,,2.21686e-05,,,,,,,,,,,,,,,,,,,,,,,,,,,,,,,,,,,,
94849,379,,2.21686e-05,,,,,,,,,,,,,,,,,,,,,,,,,,,,,,,,,,,,
94899,379,,2.21686e-05,,,,,,,,,,,,,,,,,,,,,,,,,,,,,,,,,,,,
94949,379,,2.21686e-05,,,,,,,,,,,,,,,,,,,,,,,,,,,,,,,,,,,,
94999,379,379,2.21686e-05,0,0,1,0,0.000853114,0.000447384,4.5709,0.00015354,0.682965,0.0166381,0.0125894,0.0231158,0,2.7847,2.7847,0,7.82959,12.7964,1.83099,0.252744,0.130571,0.0921676,0.259703,0.462138,0.336606,0.235278,0,3.14807,0,7.96951,16.1352,2.46169,0,0,4.92216,0
95049,380,,2.19469e-05,,,,,,,,,,,,,,,,,,,,,,,,,,,,,,,,,,,,
95099,380,,2.19469e-05,,,,,,,,,,,,,,,,,,,,,,,,,,,,,,,,,,,,
95149,380,,2.19469e-05,,,,,,,,,,,,,,,,,,,,,,,,,,,,,,,,,,,,
95199,380,,2.19469e-05,,,,,,,,,,,,,,,,,,,,,,,,,,,,,,,,,,,,
95249,380,380,2.19469e-05,0,0,1,0,0.000853294,0.000441097,4.7157,0.000155416,0.719483,0.0169086,0.012304,0.0235666,0,2.79138,2.79138,0,7.76208,12.814,1.82363,0.253027,0.130575,0.0935365,0.259853,0.462162,0.33694,0.235096,0,3.17797,0,7.89713,16.143,2.44151,0,0,4.92089,0
95299,381,,2.17275e-05,,,,,,,,,,,,,,,,,,,,,,,,,,,,,,,,,,,,
95349,381,,2.17275e-05,,,,,,,,,,,,,,,,,,,,,,,,,,,,,,,,,,,,
95399,381,,2.17275e-05,,,,,,,,,,,,,,,,,,,,,,,,,,,,,,,,,,,,
95449,381,,2.17275e-05,,,,,,,,,,,,,,,,,,,,,,,,,,,,,,,,,,,,
95499,381,381,2.17275e-05,0,0,1,0,0.000856857,0.000446435,4.51311,0.000158559,0.68344,0.0170001,0.0125847,0.0245986,0,2.7961,2.7961,0,7.84926,12.8256,1.83195,0.253077,0.130739,0.0931518,0.25965,0.462409,0.336875,0.235639,0,3.16065,0,7.9829,16.1351,2.45368,0,0,4.88643,0
95549,382,,2.15102e-05,,,,,,,,,,,,,,,,,,,,,,,,,,,,,,,,,,,,
95599,382,,2.15102e-05,,,,,,,,,,,,,,,,,,,,,,,,,,,,,,,,,,,,
95649,382,,2.15102e-05,,,,,,,,,,,,,,,,,,,,,,,,,,,,,,,,,,,,
95699,382,,2.15102e-05,,,,,,,,,,,,,,,,,,,,,,,,,,,,,,,,,,,,
95749,382,382,2.15102e-05,0,0,1,0,0.000855182,0.000440351,4.64636,0.000151007,0.703782,0.016729,0.0123227,0.0232303,0,2.79938,2.79938,0,7.83829,12.8038,1.82919,0.253124,0.130716,0.0932109,0.260178,0.462468,0.33649,0.235683,0,3.15943,0,7.94119,16.1483,2.45444,0,0,4.90465,0
95799,383,,2.12951e-05,,,,,,,,,,,,,,,,,,,,,,,,,,,,,,,,,,,,
95849,383,,2.12951e-05,,,,,,,,,,,,,,,,,,,,,,,,,,,,,,,,,,,,
95899,383,,2.12951e-05,,,,,,,,,,,,,,,,,,,,,,,,,,,,,,,,,,,,
95949,383,,2.12951e-05,,,,,,,,,,,,,,,,,,,,,,,,,,,,,,,,,,,,
95999,383,383,2.12951e-05,0,0,1,0,0.000858872,0.000450057,4.4015,0.000153934,0.654329,0.0170769,0.0128464,0.023403,0,2.78417,2.78417,0,7.83975,12.8249,1.82475,0.253153,0.130861,0.0936479,0.260034,0.462448,0.336498,0.235431,0,3.16716,0,7.96315,16.1564,2.46113,0,0,4.90961,0
96049,384,,2.10821e-05,,,,,,,,,,,,,,,,,,,,,,,,,,,,,,,,,,,,
96099,384,,2.10821e-05,,,,,,,,,,,,,,,,,,,,,,,,,,,,,,,,,,,,
96149,384,,2.10821e-05,,,,,,,,,,,,,,,,,,,,,,,,,,,,,,,,,,,,
96199,384,,2.10821e-05,,,,,,,,,,,,,,,,,,,,,,,,,,,,,,,,,,,,
96249,384,384,2.10821e-05,0,0,1,0,0.000854364,0.000442366,4.45166,0.0001558,0.665391,0.0166819,0.0124535,0.023579,0,2.77878,2.77878,0,7.79663,12.793,1.82106,0.25298,0.130636,0.0928224,0.25982,0.462191,0.337007,0.235405,0,3.1453,0,7.93364,16.1096,2.44838,0,0,4.90333,0
96299,385,,2.08713e-05,,,,,,,,,,,,,,,,,,,,,,,,,,,,,,,,,,,,
96349,385,,2.08713e-05,,,,,,,,,,,,,,,,,,,,,,,,,,,,,,,,,,,,
96399,385,,2.08713e-05,,,,,,,,,,,,,,,,,,,,,,,,,,,,,,,,,,,,
96449,385,,2.08713e-05,,,,,,,,,,,,,,,,,,,,,,,,,,,,,,,,,,,,
96499,385,385,2.08713e-05,0,0,1,0,0.000851745,0.000444399,4.49674,0.000155444,0.669772,0.0166465,0.0124285,0.0230797,0,2.77506,2.77506,0,7.81069,12.9086,1.83295,0.253186,0.130759,0.0937578,0.260142,0.462497,0.336482,0.235475,0,3.21977,0,7.93688,16.1629,2.4622,0,0,4.92924,0
96549,386,,2.06626e-05,,,,,,,,,,,,,,,,,,,,,,,,,,,,,,,,,,,,
96599,386,,2.06626e-05,,,,,,,,,,,,,,,,,,,,,,,,,,,,,,,,,,,,
96649,386,,2.06626e-05,,,,,,,,,,,,,,,,,,,,,,,,,,,,,,,,,,,,
96699,386,,2.06626e-05,,,,,,,,,,,,,,,,,,,,,,,,,,,,,,,,,,,,
96749,386,386,2.06626e-05,0,0,1,0,0.000853658,0.000441485,4.53953,0.000154837,0.683565,0.0166186,0.0123652,0.0232788,0,2.77991,2.77991,0,7.8635,12.8053,1.82937,0.252978,0.130809,0.0929075,0.259873,0.46237,0.33647,0.235437,0,3.17214,0,7.9835,16.1316,2.46403,0,0,4.89267,0
96799,387,,2.0456e-05,,,,,,,,,,,,,,,,,,,,,,,,,,,,,,,,,,,,
96849,387,,2.0456e-05,,,,,,,,,,,,,,,,,,,,,,,,,,,,,,,,,,,,
96899,387,,2.0456e-05,,,,,,,,,,,,,,,,,,,,,,,,,,,,,,,,,,,,
96949,387,,2.0456e-05,,,,,,,,,,,,,,,,,,,,,,,,,,,,,,,,,,,,
96999,387,387,2.0456e-05,0,0,1,0,0.000853786,0.000445206,4.5382,0.000156805,0.682397,0.0166606,0.0125113,0.0234462,0,2.77564,2.77564,0,7.8513,12.7891,1.82978,0.252918,0.130824,0.092774,0.259947,0.462244,0.336429,0.235287,0,3.16084,0,7.98171,16.1295,2.46141,0,0,4.90815,0
97049,388,,2.02514e-05,,,,,,,,,,,,,,,,,,,,,,,,,,,,,,,,,,,,
97099,388,,2.02514e-05,,,,,,,,,,,,,,,,,,,,,,,,,,,,,,,,,,,,
97149,388,,2.02514e-05,,,,,,,,,,,,,,,,,,,,,,,,,,,,,,,,,,,,
97199,388,,2.02514e-05,,,,,,,,,,,,,,,,,,,,,,,,,,,,,,,,,,,,
97249,388,388,2.02514e-05,0,0,1,0,0.000860812,0.000448501,4.37718,0.000158609,0.658007,0.0172663,0.0126359,0.0237082,0,2.78404,2.78404,0,7.75362,12.8177,1.8182,0.25304,0.13072,0.0939818,0.259807,0.462014,0.336372,0.235349,0,3.16222,0,7.96485,16.1482,2.46814,0,0,4.90102,0
97299,389,,2.00489e-05,,,,,,,,,,,,,,,,,,,,,,,,,,,,,,,,,,,,
97349,389,,2.00489e-05,,,,,,,,,,,,,,,,,,,,,,,,,,,,,,,,,,,,
97399,389,,2.00489e-05,,,,,,,,,,,,,,,,,,,,,,,,,,,,,,,,,,,,
97449,389,,2.00489e-05,,,,,,,,,,,,,,,,,,,,,,,,,,,,,,,,,,,,
97499,389,389,2.00489e-05,0,0,1,0,0.000862433,0.000451174,4.45832,0.000158229,0.659408,0.0171178,0.0126397,0.023529,0,2.77926,2.77926,0,7.83548,12.7763,1.82587,0.252956,0.130653,0.093166,0.260107,0.462252,0.336319,0.235242,0,3.14786,0,7.97333,16.1439,2.45517,0,0,4.92545,0
97549,390,,1.98484e-05,,,,,,,,,,,,,,,,,,,,,,,,,,,,,,,,,,,,
97599,390,,1.98484e-05,,,,,,,,,,,,,,,,,,,,,,,,,,,,,,,,,,,,
97649,390,,1.98484e-05,,,,,,,,,,,,,,,,,,,,,,,,,,,,,,,,,,,,
97699,390,,1.98484e-05,,,,,,,,,,,,,,,,,,,,,,,,,,,,,,,,,,,,
97749,390,390,1.98484e-05,0,0,1,0,0.000856013,0.000448408,4.37938,0.000156963,0.658695,0.0169563,0.0124866,0.0235541,0,2.78263,2.78263,0,7.77164,12.7929,1.825,0.253186,0.130572,0.0945448,0.259845,0.462254,0.336211,0.235689,0,3.15106,0,7.96387,16.1538,2.45629,0,0,4.90653,0
97799,391,,1.96499e-05,,,,,,,,,,,,,,,,,,,,,,,,,,,,,,,,,,,,
97849,391,,1.96499e-05,,,,,,,,,,,,,,,,,,,,,,,,,,,,,,,,,,,,
97899,391,,1.96499e-05,,,,,,,,,,,,,,,,,,,,,,,,,,,,,,,,,,,,
97949,391,,1.96499e-05,,,,,,,,,,,,,,,,,,,,,,,,,,,,,,,,,,,,
97999,391,391,1.96499e-05,0,0,1,0,0.000853865,0.00044798,4.45801,0.000159548,0.652062,0.0168276,0.0124557,0.0235844,0,2.77026,2.77026,0,7.78202,12.7741,1.82082,0.25284,0.130779,0.092532,0.260009,0.462002,0.33648,0.23524,0,3.16901,0,7.95051,16.1356,2.45581,0,0,4.91968,0
98049,392,,1.94534e-05,,,,,,,,,,,,,,,,,,,,,,,,,,,,,,,,,,,,
98099,392,,1.94534e-05,,,,,,,,,,,,,,,,,,,,,,,,,,,,,,,,,,,,
98149,392,,1.94534e-05,,,,,,,,,,,,,,,,,,,,,,,,,,,,,,,,,,,,
98199,392,,1.94534e-05,,,,,,,,,,,,,,,,,,,,,,,,,,,,,,,,,,,,
98249,392,392,1.94534e-05,0,0,1,0,0.000847447,0.000442862,4.50052,0.000154138,0.674567,0.0163878,0.012255,0.0228274,0,2.76735,2.76735,0,7.81237,12.8537,1.827,0.252937,0.130769,0.0935393,0.259709,0.461973,0.336551,0.235078,0,3.15703,0,7.95327,16.1241,2.45697,0,0,4.91273,0
98299,393,,1.92589e-05,,,,,,,,,,,,,,,,,,,,,,,,,,,,,,,,,,,,
98349,393,,1.92589e-05,,,,,,,,,,,,,,,,,,,,,,,,,,,,,,,,,,,,
98399,393,,1.92589e-05,,,,,,,,,,,,,,,,,,,,,,,,,,,,,,,,,,,,
98449,393,,1.92589e-05,,,,,,,,,,,,,,,,,,,,,,,,,,,,,,,,,,,,
98499,393,393,1.92589e-05,0,0,1,0,0.000857479,0.000452329,4.42375,0.000162553,0.65797,0.0167993,0.0128332,0.0235624,0,2.77323,2.77323,0,7.73672,12.7646,1.82072,0.25293,0.13057,0.0930587,0.25976,0.462317,0.336595,0.23528,0,3.14214,0,7.95608,16.1239,2.45024,0,0,4.92391,0
98549,394,,1.90663e-05,,,,,,,,,,,,,,,,,,,,,,,,,,,,,,,,,,,,
98599,394,,1.90663e-05,,,,,,,,,,,,,,,,,,,,,,,,,,,,,,,,,,,,
98649,394,,1.90663e-05,,,,,,,,,,,,,,,,,,,,,,,,,,,,,,,,,,,,
98699,394,,1.90663e-05,,,,,,,,,,,,,,,,,,,,,,,,,,,,,,,,,,,,
98749,394,394,1.90663e-05,0,0,1,0,0.000858767,0.00045215,4.46878,0.000159899,0.663603,0.0169989,0.0128227,0.0237423,0,2.77861,2.77861,0,7.77404,12.7849,1.82224,0.252941,0.130624,0.0929074,0.259962,0.462427,0.336451,0.235272,0,3.14954,0,7.91434,16.133,2.45951,0,0,4.92694,0
98799,395,,1.88756e-05,,,,,,,,,,,,,,,,,,,,,,,,,,,,,,,,,,,,
98849,395,,1.88756e-05,,,,,,,,,,,,,,,,,,,,,,,,,,,,,,,,,,,,
98899,395,,1.88756e-05,,,,,,,,,,,,,,,,,,,,,,,,,,,,,,,,,,,,
98949,395,,1.88756e-05,,,,,,,,,,,,,,,,,,,,,,,,,,,,,,,,,,,,
98999,395,395,1.88756e-05,0,0,1,0,0.000858794,0.000445517,4.39658,0.000153491,0.662419,0.0170001,0.0124298,0.0234728,0,2.78063,2.78063,0,7.72874,12.8086,1.82094,0.252905,0.130557,0.0925498,0.26029,0.462405,0.336573,0.235055,0,3.1965,0,7.9043,16.1483,2.45155,0,0,4.95916,0
99049,396,,1.86869e-05,,,,,,,,,,,,,,,,,,,,,,,,,,,,,,,,,,,,
99099,396,,1.86869e-05,,,,,,,,,,,,,,,,,,,,,,,,,,,,,,,,,,,,
99149,396,,1.86869e-05,,,,,,,,,,,,,,,,,,,,,,,,,,,,,,,,,,,,
99199,396,,1.86869e-05,,,,,,,,,,,,,,,,,,,,,,,,,,,,,,,,,,,,
99249,396,396,1.86869e-05,0,0,1,0,0.000853418,0.000449613,4.31621,0.000158407,0.640827,0.0167885,0.012476,0.0232475,0,2.76962,2.76962,0,7.80603,12.7814,1.82407,0.252933,0.130808,0.0929457,0.259868,0.462307,0.336373,0.235296,0,3.14935,0,7.97386,16.1248,2.45961,0,0,4.90294,0
99299,397,,1.85e-05,,,,,,,,,,,,,,,,,,,,,,,,,,,,,,,,,,,,
99349,397,,1.85e-05,,,,,,,,,,,,,,,,,,,,,,,,,,,,,,,,,,,,
99399,397,,1.85e-05,,,,,,,,,,,,,,,,,,,,,,,,,,,,,,,,,,,,
99449,397,,1.85e-05,,,,,,,,,,,,,,,,,,,,,,,,,,,,,,,,,,,,
99499,397,397,1.85e-05,0,0,1,0,0.000848086,0.000441367,4.52807,0.000156085,0.679597,0.0165322,0.0122505,0.0229842,0,2.77861,2.77861,0,7.80446,12.7836,1.82556,0.252893,0.130728,0.0924413,0.259755,0.462485,0.336775,0.235171,0,3.14186,0,8.02369,16.104,2.45251,0,0,4.90788,0
99549,398,,1.8315e-05,,,,,,,,,,,,,,,,,,,,,,,,,,,,,,,,,,,,
99599,398,,1.8315e-05,,,,,,,,,,,,,,,,,,,,,,,,,,,,,,,,,,,,
99649,398,,1.8315e-05,,,,,,,,,,,,,,,,,,,,,,,,,,,,,,,,,,,,
99699,398,,1.8315e-05,,,,,,,,,,,,,,,,,,,,,,,,,,,,,,,,,,,,
99749,398,398,1.8315e-05,0,0,1,0,0.000854916,0.000442604,4.41009,0.000157986,0.653434,0.0168048,0.0124998,0.0233196,0,2.77469,2.77469,0,7.86291,12.8169,1.82571,0.253055,0.130922,0.093694,0.259727,0.4621,0.336301,0.235584,0,3.17,0,7.98956,16.1298,2.45828,0,0,4.89522,0
99799,399,,1.81319e-05,,,,,,,,,,,,,,,,,,,,,,,,,,,,,,,,,,,,
99849,399,,1.81319e-05,,,,,,,,,,,,,,,,,,,,,,,,,,,,,,,,,,,,
99899,399,,1.81319e-05,,,,,,,,,,,,,,,,,,,,,,,,,,,,,,,,,,,,
99949,399,,1.81319e-05,,,,,,,,,,,,,,,,,,,,,,,,,,,,,,,,,,,,
99999,399,399,1.81319e-05,0,0,1,0,0.000852503,0.000452406,4.36886,0.000157395,0.634575,0.0163646,0.0124748,0.0233857,0,2.76954,2.76954,0,7.78493,12.806,1.82011,0.252805,0.130719,0.0924354,0.259766,0.462409,0.33633,0.23517,0,3.14503,0,7.93401,16.1321,2.46185,0,0,4.92411,0
