f0,sigma,gain
4.220240506273976,1.1514565866188569,3.95823629598515e-11
7.233011347912397,1.151774398837672,-9.42562264549639e-12
12.25365367080498,1.1526754977850615,-1.2263468106656722e-11
13.546475063087087,1.1529827083045656,-7.003031342246618e-11
16.558737962061695,1.1538179463289029,1.6676096396539276e-11
19.282257645896227,1.1547170013350705,-1.247624854155437e-11
21.579126482393598,1.1555814216188292,2.1696897912741392e-11
28.318904896531404,1.1586788745113628,-4.213552196436695e-11
28.607621043919625,1.1588302520483895,2.2073354876041065e-11
29.088814529219487,1.1590859600997667,-1.5659568798321338e-12
32.10101663029737,1.160783574466641,3.728963372291045e-13
37.12134653289674,1.1639843436607953,4.851671101448327e-13
37.64421968254923,1.1643444026412482,7.454743253721469e-11
39.363634492291084,1.1655639294872207,1.447609839080779e-11
44.14979880455377,1.169245385556275,4.935850899438866e-13
48.688926145481354,1.1731266855706872,-2.5611547489005352e-11
50.84784839629785,1.1751059154829901,8.468760400606009e-11
52.41646466323001,1.1765978255855443,-1.4904507098511985e-11
53.18637037215303,1.1773466651767441,1.666964502767791e-12
53.860037828865934,1.178010856729416,-2.016638956329097e-11
58.88035205959155,1.1832238373894894,-2.6238038626896886e-11
61.74174449289611,1.1864027601596068,2.6369499684249302e-11
64.23106019185451,1.1892909946954848,-5.727029893700179e-13
65.90878956826276,1.1913019753372562,-2.669328476214005e-11
67.47740442985071,1.1932290692788525,3.522921720276886e-11
74.94534910497677,1.2030252355963802,-9.01501188199421e-11
76.80267781132248,1.2056211328805253,-6.232858096320623e-11
77.28386833393627,1.2063040334353974,5.89651602431834e-13
78.82367796666425,1.2085179773241777,-6.211676475691059e-11
81.83586362766519,1.21297519598717,1.4791666940024883e-11
84.54645856975579,1.2171290141892819,2.0857695138918383e-11
85.99002987156014,1.2193964303401434,3.097200766534048e-11
86.85617263376358,1.220775305674854,1.924510604847551e-11
92.34479530125404,1.229834287869,-1.3937368736186e-12
93.87172823029368,1.23245315735558,-3.6902053379561284e-11
93.88460448609388,1.2324754242612757,1.9579018887141666e-11
99.04283147732427,1.241641218891446,-3.188859168330162e-11
102.92115869403105,1.2488555167700985,6.612339801555223e-11
103.62362977517512,1.2501918610885876,6.423080396294953e-12
109.41384167892257,1.2615531116184302,-8.251711496280354e-13
112.94889718178094,1.2687930343565257,-1.1363903655391372e-11
113.01633058785337,1.2689333778846836,-1.0501358106095296e-12
113.96583485909943,1.2709183953746048,-2.2717375780375028e-11
114.10375381061034,1.2712081077228068,7.537383059712529e-11
116.02851483503785,1.2752878245012569,2.5006547821446423e-13
121.04882176228982,1.2862499807782426,3.253545608987859e-13
124.70891964658865,1.294534657898143,1.8198744336602146e-11
127.01863270519134,1.2998897193976948,2.3389669074996407e-11
128.0772511799106,1.3023769645896865,3.309996025670748e-13
128.49100799466166,1.3033547054554426,-2.5410955281496167e-13
131.17279691705411,1.3097684504563625,4.462556883875819e-11
134.034185629821,1.3167578118047358,-3.219775365479042e-11
137.1138028813226,1.3244487409592527,1.1178709089006093e-12
142.0795520700296,1.3372179953118872,-5.528524626663826e-11
147.80232917985006,1.3524972996889395,-4.046060976495998e-11
148.1584766750722,1.353468122060223,-3.840560265755375e-13
149.57629468069598,1.3573561173014106,-7.199775632577304e-13
150.24996091465127,1.3592164478638684,1.3742338641700535e-11
153.42581599645467,1.3680991788172732,-1.1630734407414894e-11
156.4379996226511,1.3766958039244424,2.769589403882212e-12
157.12759423137481,1.378687384771202,7.158409419099922e-11
159.1485928789637,1.3845745767393187,-3.273198471401426e-11
161.21127240443911,1.3906607672154976,3.9542162704282403e-13
161.45830560430215,1.391394924352421,3.603450082140311e-12
168.4867338600337,1.4127536579752553,3.665971057127642e-12
171.3352459438839,1.4216691478666974,3.89366455648651e-11
172.66970207624152,1.425897242227326,1.6006996801520171e-12
172.9038590191922,1.426642528681587,-1.2239588397681358e-12
176.27218995440913,1.4374751828975951,-9.346424379802835e-13
177.5232842954102,1.4415519698166088,1.2380926565394242e-11
178.2257551163565,1.4438536644517446,-1.0079735223195648e-11
182.2291234415868,1.4571444954765336,2.1654635660257737e-12
188.56795681542593,1.4787926720497635,-4.2535936285008e-12
193.34122924954139,1.4955827227286527,-5.533609163541363e-13
194.4286521421796,1.4994664455358415,-8.656639623358778e-11
197.7712304426425,1.5115408224537978,4.842215734984038e-14
199.31103880189016,1.5171723063705378,-2.8559257001578332e-11
200.01350959553648,1.5197559342463134,-3.6095821728230115e-11
200.05213834257063,1.5198982711661244,4.806702773788715e-11
201.62075133409493,1.5257014239976199,4.37947181245477e-12
203.06432166276625,1.531082025300904,-1.144604615889546e-11
208.08462716799772,1.5500930274415672,-1.489219011340827e-11
209.33877358144258,1.554914733290959,6.38617705470715e-11
212.41839024707133,1.5668775874804253,-1.7040610426477312e-13
215.1130548198031,1.5774883954621595,-1.5150572150403554e-11
216.6816677801213,1.5837267321326967,-1.0351581429438143e-11
219.530179632807,1.5951710830919101,-2.6186865377044744e-12
222.40444397364118,1.6068703975666905,6.349471698715047e-11
224.14960457161655,1.6140480943863444,-5.116736746742996e-11
224.88087998001845,1.6170724473510552,1.428019481071575e-12
229.13128120556848,1.6348459529029653,-7.438900172934752e-13
233.50367292864507,1.653476825074286,-4.828172717822338e-13
233.75070609892248,1.6545399500771303,-6.1287169321596295e-12
235.19427637395523,1.6607749363874045,1.757906730812436e-11
238.45654488134969,1.6750065347343246,1.3161115590117138e-12
246.63982852146827,1.7115686499051312,-7.722775427472893e-11
247.5059706771557,1.7155106802608118,1.9207535377693667e-12
248.24707017895284,1.7188945807882399,-1.8099286607459924e-11
252.8278662519865,1.740035278602676,-1.8873223774787196e-12
252.89529963286392,1.7403493753668275,4.168142721916894e-12
253.99865084169497,1.7455005534389434,2.942969751949257e-14
255.9074827885556,1.754465209066232,-9.925463059640208e-13
256.5970772926819,1.7577203305812268,1.0734290431753012e-12
260.25717405875946,1.7751438683210066,1.8063181820141943e-11
260.92778803381145,1.7783630104812707,-1.291379262467875e-12
263.3079859436712,1.789855534061369,4.278054345337359e-11
267.9562153489655,1.8125998974859887,-1.313784708984671e-12
269.58243750951794,1.8206511834760946,-3.1957895590841875e-11
273.9131482146883,1.8423297656307072,-5.347411237941345e-12
274.6156189589785,1.84587874382313,5.6644975681516543e-11
275.7575988965968,1.8516675824953515,-1.591567115896859e-12
276.99276470949405,1.8579558351040495,-4.436986993099071e-12
280.3770236320285,1.875329149828929,2.532847330195441e-11
281.6986033482089,1.8821708462218565,3.247186523360934e-14
285.12454314565133,1.9000564243869271,-7.146134414749363e-13
288.0374360883183,1.9154336355087356,1.5243714469339538e-12
293.3911883063074,1.944103811319521,5.046701935014957e-12
297.0065519734947,1.9637633062322157,1.188868879930739e-11
299.4541832154946,1.9772096288626748,7.79983432394038e-12
301.0902294579934,1.986258958022947,-1.5694818889824698e-12
302.71645159071466,1.995302810335352,-8.928767606264728e-12
303.7333888631627,2.0009830247734914,1.167381477637116e-12
306.8834908311978,2.018699164532035,3.864650431839919e-11
308.80825111030833,2.029613961366404,9.576279663885351e-13
311.9553009325007,2.0476070412463834,-9.003870618694801e-11
314.9674839935215,2.0649999050474284,2.1440623448160992e-11
316.15114479251577,2.0718803091192024,3.7097189124805676e-12
318.2585569832456,2.08419419101409,-1.9965695039592536e-13
319.98778908757976,2.0943594232985334,2.7895900573961092e-11
320.5394646728678,2.09761401908398,2.2099512562155918e-11
322.10807752317754,2.1068986426278107,3.596397352805571e-13
327.01621620394997,2.1362427138737443,2.837988988057816e-11
328.5333240594992,2.1454027598672085,4.651315945980907e-11
333.22018206860815,2.173969042419639,2.1963601545639616e-12
334.85928042963707,2.1840548067813597,-2.8346399254325846e-11
336.05276532896795,2.1914297417967257,9.584612557392638e-11
337.8585872188595,2.2026383932807976,-8.229238420426655e-11
337.9260205969718,2.2030581125347153,1.9735495903582227e-14
340.01750438514296,2.2161175268342657,1.0797503131320526e-11
343.63286798947956,2.2388822155638355,-4.9132953799202315e-11
347.0974364471183,2.2609233192407583,-3.292889015510435e-11
349.2177248643686,2.274521364187721,1.0606132670789614e-11
352.29734126646326,2.294419358696012,6.763628389033833e-13
353.4006924257464,2.3015908312891318,-1.8401467534084564e-12
360.1502295421323,2.345949105528743,3.390333778882742e-11
365.68358140168186,2.38294053908239,-1.143644022607785e-11
367.9932936936585,2.39854822066582,-7.919738708615068e-12
368.7343931561255,2.403576960522852,-1.4862996380575933e-12
369.0519118270531,2.4057345833962556,-4.792178121605114e-13
373.3826223700162,2.4353483058696934,1.9163589221933046e-12
375.00884446562367,2.4465577574307504,2.0233667369730826e-11
375.15963960741374,2.4475996473707426,9.951561388916718e-11
375.2111445979692,2.447955607133199,-8.013587639614662e-11
377.23214284904,2.461961648023206,7.684470201144905e-11
378.33549400158205,2.469639907431792,2.1857881384853811e-13
380.24432585251384,2.482976492462906,-1.829877676244786e-11
385.26463085395517,2.5183726451117687,-2.380811306863563e-11
390.5509495291909,2.5561461703303734,4.524465866459338e-13
392.2801815995996,2.5686141776762623,-4.744488084028941e-11
392.2930578471919,2.568707223843841,-2.4221175289740483e-11
395.8440401679383,2.5944838433312567,-4.3832428066892886e-11
396.47602536685764,2.5990957790116767,-4.2605612285467866e-12
401.32960682423396,2.6347601936827862,-8.18010656889126e-11
402.1859248190147,2.6410975047701073,-1.338892473336214e-13
403.13542868585876,2.6481402443955697,-7.299255449998838e-11
404.84196039625346,2.660839821233,1.2923287830168205e-11
409.4613849417076,2.695485556029488,-5.307533514089333e-12
411.35734053355367,2.709819017929688,-1.4610508721707563e-11
412.3098965380918,2.717045351259787,-2.446842054084629e-11
412.3742777758169,2.7175343668018863,2.8103561613320936e-11
414.1672233863932,2.731183575053149,-2.2864235918315293e-11
421.5775502479107,2.7882245203425695,-1.2888431518345937e-13
424.9618090233369,2.8146113005088953,-9.033297054730537e-13
425.427070691975,2.8182554025240414,-2.893520549442167e-11
429.7093283379937,2.8519828804057497,-5.112688015800665e-13
432.44262138823944,2.8736871758148497,-4.139636681988636e-11
437.3280595902188,2.91282385462497,-1.2339944078187357e-12
440.28568543258933,2.9367307030889327,1.79470504648582e-11
440.48798556258316,2.938371807321771,6.839288548031951e-11
442.5953976929168,2.955512440799893,-1.4828774138503513e-12
446.0084610921185,2.9834461257365974,-2.6444352696968997e-11
448.6871970069801,3.005520119232602,-3.800922067879819e-12
448.72582574940475,3.0058394043071224,3.96224393313638e-12
451.46827521003934,3.028577310769334,2.7649530272534918e-11
451.73800871629135,3.0308211799224916,-9.435160627995631e-13
455.33372402447014,3.060861365565548,4.678606789257496e-11
455.53602415406004,3.0625585464027396,9.20347712286475e-11
456.08769972311967,3.0671906157252344,2.193465000212598e-11
456.75831365850695,3.072828884530803,-1.2275866321054006e-12
457.5570223778242,3.079554934817211,4.049236044656454e-11
463.7867405723356,3.1324196360061043,-1.2488845576736942e-12
470.8758288876383,3.1934464809328205,1.0461863040078818e-12
472.8232894529067,3.210373399372058,-4.217799464692561e-12
474.47831615657753,3.224813458079165,3.0340831762061337e-13
476.6341811285537,3.243698985782117,1.2469494437611548e-11
477.7375322639015,3.2533975397117065,-1.3666977649035968e-11
477.8049656402546,3.2539910122016185,-7.833204220708351e-14
479.44406395638447,3.2684422690138413,-2.0280315488079967e-11
480.6375488233772,3.2789958719139665,2.784100610512045e-12
483.86796029448215,3.3076929868019453,1.4490660608651445e-12
489.1830835274797,3.355327819160353,-2.9305124357397255e-11
489.22171226972307,3.3556759197993555,6.1283411574764966e-12
492.63477565028285,3.3865410453169424,-5.657796636726506e-11
496.9207530907662,3.4256040576186693,-1.4919464116056476e-12
497.7194618065535,3.4329210081378614,3.5330150295406396e-11
498.50834641407386,3.440159495535121,5.184741418780389e-11
507.747195390368,3.5257847417187578,8.210574232779839e-11
508.9308561458236,3.5368684829190853,1.90205717680271e-12
511.9816678352127,3.5655551182947463,3.526447192434866e-12
513.636694532426,3.581188987400629,-3.4285371703678604e-13
514.0504512066915,3.5851053384787543,1.1593630724133767e-12
514.8877886633686,3.5930406778832507,3.360365386543048e-12
520.6105642764555,3.647620461587856,4.149865998888648e-11
520.8128644046795,3.6495608969554385,-7.854796211024972e-11
524.3638466666422,3.683744190699958,5.648197451652708e-11
526.4363498657417,3.7038023480993685,-1.8612906505762307e-11
529.0507045213046,3.7292175224523127,2.0878501765492733e-12
529.4485328084781,3.7330960054274214,4.432229525199209e-12
534.3658277325263,3.7812761152210626,-1.4144656223943746e-12
534.4688377114257,3.7822901795568735,5.766668998474732e-12
535.8093978811311,3.795504921469782,-6.269856423053867e-11
536.8649638508185,3.805933592336963,1.6920909554888521e-12
541.4972645722592,3.851941988361771,5.866716067120383e-12
542.0648685232366,3.8576066622040845,5.314170389912051e-13
543.6910905825166,3.873869178678663,2.5025101814089616e-12
545.9143889169162,3.8961813944554544,-2.376115860042291e-12
548.1278631427892,3.9184854708631267,6.429464976613131e-13
550.5338133879012,3.9428313968657784,1.981338024970891e-11
554.0461668997176,3.978564527582458,-3.79723605111646e-12
554.803194730532,3.986295962006917,7.015650950896406e-13
559.233195318325,4.031750666760349,5.595876066499672e-14
561.5141029179945,4.055295253545365,-1.388748410042599e-11
561.5784841546799,4.055961217242174,-6.807077201774386e-12
563.7851864091595,4.078833647378147,4.598795702893505e-11
567.9908542018882,4.122673707438041,-4.108728923292643e-11
569.2131436938577,4.135476011448558,1.8216762680071018e-12
573.0240353383607,4.17556809000814,-7.007383698723095e-11
574.6312768685045,4.192557108813864,7.00850732486122e-12
577.2070027731252,4.219882528025315,4.897811593738863e-12
580.9921419210772,4.2602601529446495,-3.0262586350227747e-12
581.5566937313645,4.266305074785136,-2.4852725208386338e-11
589.6921915250426,4.35406757805336,-1.65656880864098e-11
590.8819565517975,4.367004475862583,4.397009404308047e-11
592.3065461692723,4.3825290392796,-4.050049563906986e-12
595.2126669808558,4.41431460822689,7.77009636414309e-12
597.9778167621803,4.444702748465203,7.774594543486536e-13
600.672481028198,4.47445178060351,1.5692940797222774e-11
601.1248664418728,4.4794592178410815,-1.147939609972352e-11
602.1418036651538,4.49072942013334,-1.4441281240888569e-12
606.424061241467,4.538396526644012,9.83217264587373e-13
606.7612281198906,4.5421639785828045,-9.8077906021163e-12
608.9679303684253,4.56687304010151,2.2196900406467863e-12
610.3637153507103,4.582548346792593,-2.1582768209644567e-11
613.3758982769913,4.616498836370345,5.1394322731545e-12
614.3572588968916,4.6275959055011,-1.2042465838295957e-12
617.4080705644379,4.662207296576861,-1.2251597024852107e-13
618.396203153088,4.673454397582629,6.686792589332072e-12
625.4246299774964,4.753972148303491,6.802801386004001e-12
625.8383866487231,4.758740511173952,-3.0202745308953407e-12
628.1830077855174,4.785820800607956,-5.317252250590735e-11
630.7556815434297,4.8156516058686005,3.84433801326177e-11
633.2676938943796,4.8448966685005175,3.506623528376826e-11
634.4611787482103,4.858832053556593,2.2974769254705127e-11
636.2670005699797,4.879967101514779,-1.0579990184428326e-10
638.3872889140981,4.904859286383715,8.610648561983124e-12
640.0809443397885,4.924802295102907,-6.801502457588406e-11
641.8389810017485,4.9455592912919535,-3.211166301678265e-11
643.1605606372948,4.961200560492282,3.752543069276813e-14
644.5177168754307,4.977296372710571,-3.6131054556485756e-12
645.5058494628117,4.989036925515221,-7.893199720885328e-12
646.9236671074168,5.005914223748173,-8.557412926469625e-12
653.5156368964571,5.084869466899374,1.3608047270731032e-12
655.6230489916859,5.110279826145774,-1.5208865596126865e-12
656.1587961661257,5.116752700624353,3.9000782084725564e-11
658.5586421185731,5.145812423502273,8.126765880144908e-12
666.4017060239468,5.241523965928758,9.797162295031101e-12
670.0170694921455,5.286025011376461,1.9025290673097818e-11
673.4172565861278,5.328097183577457,2.6013465638539217e-11
673.6195567125634,5.330607053990265,-1.9208854525117474e-11
673.63548509899,5.330804704200576,-7.446120964726217e-14
677.3819954873273,5.377423772475725,8.224971384375339e-11
681.9627911845299,5.4347754636371,4.743140310216711e-12
683.5700327061322,5.4549897757697305,4.1560758905232716e-13
685.0136028430633,5.4731861521778615,-3.5585403258721376e-11
690.3514263645757,5.540803458954562,6.593353720009177e-13
690.6885932417525,5.545092170601334,-1.1372682448978997e-11
691.2880539611234,5.552722391565281,-8.39168510433361e-12
694.6821367740683,5.596048731637694,-2.7845426606696707e-12
695.1185937994455,5.601635616279424,5.755238325097415e-13
700.507922308024,5.670911097170858,-5.281537656070303e-12
701.5438400524658,5.684288290386762,9.029550047366772e-11
703.5201052227823,5.709863369535324,1.257674721757827e-12
704.7613752324831,5.725963574716339,1.8080610898842955e-12
705.3577838123983,5.7337095369627065,-6.032817648575987e-11
706.8301585818681,5.7528603204312745,-1.8764672841716547e-13
708.5404100800246,5.7751552353921305,1.6363302350430437e-12
709.765751703109,5.7911619741072435,-3.502175114696959e-12
712.5756344907736,5.827972136297051,-2.9395319270588604e-11
715.5688368787487,5.867343812615323,1.6647183976881506e-12
722.2282400262543,5.955531627827293,1.6972697233126015e-11
724.6053856176111,5.9872090662285675,5.622170320300484e-12
728.5891050373244,6.040528823713604,1.014795116401205e-11
730.196346556384,6.062123576978037,-1.7175884642018832e-12
730.7608983630191,6.0697201372513465,7.302369646489122e-12
730.8510320936812,6.070933512429358,-9.922785540790528e-12
735.1780226676283,6.129359250405903,3.0554949137798895e-11
735.6500562949778,6.135753808405145,-1.9315490943984598e-12
737.8567585321499,6.165702066283233,-3.085762920134979e-12
737.8953872738542,6.166227115076948,5.051540396623973e-13
738.6940959791293,6.177089466992848,-2.2201310952326423e-11
739.5504139516364,6.188748351868073,-1.0198891050169628e-12
744.5032854278742,6.256447367564977,-5.4058586005156214e-11
748.7028489089876,6.314203698467958,1.9887042158229067e-12
751.3460081699245,6.35072148253991,3.4978397059534076e-13
753.7421342847679,6.383937479091118,6.015002430446252e-11
753.9444344106672,6.3867466806386695,2.206084104942929e-11
756.5648933159168,6.423203304282213,-7.44327236955055e-12
760.0453900227477,6.471820611815788,-1.2088052847750896e-12
763.7637634576159,6.5240072428895175,-4.700604013350867e-12
773.0375212215598,6.655272303251092,4.655744958102915e-12
777.3872121457136,6.717385626558881,-3.0178597958591026e-11
777.8524738036009,6.724050168014953,2.508754258038945e-11
779.0459586514669,6.74116422095579,6.673500465601475e-13
779.9598858902189,6.7542872788445845,-1.1295618853114254e-11
780.8327999387421,6.766835795291966,-2.7830104254336487e-12
781.8043364446376,6.780818556636859,6.537226184093329e-11
782.471898228221,6.790436464086746,-8.493417594518557e-12
783.0395021731955,6.7986206845527875,-1.4893931285708194e-13
790.401376003435,6.905308415639899,1.1426002463897906e-11
790.7575234051352,6.910494994398455,-1.258335206801325e-13
796.8689708101342,6.99986012540964,8.513652885602463e-11
796.9167559692354,7.000561578526829,6.665673310537988e-11
799.7266387500664,7.041882672566874,-2.021516714818743e-11
799.8811537166308,7.0441591310978335,-2.0273271579458498e-11
799.9099583502104,7.0445835564470585,-8.570170580638112e-13
804.9014585603237,7.118362219160858,-2.6377059164365452e-11
806.1556048137173,7.1369717227509515,1.9680713263880637e-11
809.7801246841218,7.19091660489814,-4.7948914992765227e-11
810.1877770745044,7.196998964357103,-1.144725111590006e-12
811.9298853405279,7.223026507472749,-2.6834658619265544e-11
815.2687433233165,7.273066149764196,-4.520316554047739e-13
815.6059101993013,7.278130703286877,-2.3729726931738993e-12
819.0189735259179,7.329515912870638,-5.1335200283158505e-11
820.9664340563211,7.358931961057179,-9.06273196593312e-11
820.9952386898872,7.359367574276169,-2.428202314804845e-12
826.5861996147863,7.444209208936428,4.6681506131388894e-11
830.2303676996888,7.499818647312761,-2.616910310429527e-12
831.1669952926297,7.5141509557151025,-1.393647851539658e-12
832.0111047065742,7.527081392087426,3.1135847799661434e-11
835.2733728953137,7.577177622543992,4.055920463345142e-13
837.0276897170039,7.6041984207103805,2.4445886594003856e-11
842.0994995454832,7.682635648320984,3.217290899228245e-12
843.972754730895,7.711725988860982,-8.10608009625337e-13
844.0886409557082,7.713527743850285,5.398498083280112e-12
845.0638972899897,7.728700459886394,-3.205715010328884e-11
847.6328512008599,7.768751255953582,-2.2935950943066815e-11
849.346154831972,7.795529770662913,1.2935410192037317e-12
850.7480440816882,7.817481178109006,-2.1870443829061726e-11
856.9581139360807,7.915156603185478,4.0578844623970734e-11
860.1248118051429,7.965237670926598,7.57718900001909e-11
862.1935951464035,7.9980550681270675,-5.6888301468340956e-11
865.0034779234129,8.042754888275379,-1.793043331836859e-11
866.3992628944185,8.06501320400438,-9.84853267501707e-12
869.1901651457191,8.10962680739002,1.633067630580112e-13
872.5002184911483,8.162725230890997,9.07383815335152e-13
877.1938482505242,8.238364378830173,4.4861003894199385e-11
877.7933089670529,8.248054079276322,5.759535328728558e-12
879.4293551140505,8.27453286257919,4.047940935081385e-12
884.3822265746323,8.354993770178154,-8.97774369039675e-12
887.8982998742347,8.412387713671457,5.377359861365444e-12
889.2903650149257,8.435173749339988,5.6528741557386965e-11
890.5126544935639,8.45521024158608,-2.6468955836545466e-12
894.2591648610094,8.516796712548665,-4.907132065539527e-11
896.2710066245796,8.549974784368882,1.3814758186383446e-11
896.2998112581046,8.550450354265605,4.816048659336642e-12
899.1961079340114,8.59834678472054,-3.031255535696823e-13
899.446860908888,8.602500787075824,-8.236961629314535e-11
899.5332748094586,8.603932597951202,-2.7515745810673476e-12
902.4590438093371,8.65249147662476,1.961439358548442e-11
906.8724482673645,8.726038915111069,6.810131445049144e-13
907.3763386655971,8.734458847501042,-2.745798970005361e-12
907.4793486430927,8.736180704455688,2.5519803587730397e-11
914.5077754096769,8.854125588442649,2.5962523221784987e-11
916.1977109929645,8.8826203031849,-1.2048648111278408e-12
917.3562869257494,8.90218593546409,3.9141577197058584e-11
922.2349530393079,8.984846451028421,3.599253604616325e-11
923.5443241084419,9.007106093609307,8.768186745149008e-11
925.4175792912081,9.03900682099688,9.925193579994762e-14
927.0566775760853,9.06697298224216,-6.076416638264063e-12
930.6364644186008,9.128223085517707,4.994318822310477e-13
931.008540205682,9.134602839893825,3.7102327040073384e-11
931.7398155326566,9.14714899896031,-2.694197971779223e-14
933.6872760591403,9.180608743693774,-2.9332153949752123e-12
934.5889947385916,9.196125032128947,-3.0123896393240444e-11
934.6754086391152,9.197612782353152,-2.5359787473494985e-11
938.489352379028,9.263412789599867,-8.7440799296283e-11
939.605579740138,9.282721171698633,-3.3572095969718034e-12
940.4496891525013,9.297337727186795,-8.702138688145476e-11
947.6417872992043,9.42240806332447,3.1015237950318405e-11
953.4987618822834,9.524964575915826,1.4570215951097637e-12
954.5672040841926,9.543741311858966,-4.8244428460305296e-11
956.427583018947,9.576485678591622,6.084765661605375e-13
956.5434692435454,9.578527491253311,-2.410019614556045e-12
962.7027017892595,9.68740369366839,-7.33091267996165e-11
965.5512133033594,9.737992901757597,-2.632429692674729e-12
968.1201672092348,9.783745384026103,-4.796390758006049e-11
968.2231771866399,9.785582503238679,1.2433791146616812e-11
971.8256643823081,9.849953582328558,6.2352884430223835e-12
977.4454299266778,9.950847763478883,8.4858876993306e-11
978.8700195287693,9.976516490702785,-1.4157583782945278e-13
979.7717382076656,9.992783276782843,-4.3402884864018246e-11
981.4745500365802,10.023542436921387,-1.068686664203079e-12
983.8516956155388,10.066571918443595,3.217284417170515e-12
986.2318933335695,10.109760940253832,1.3874327307249419e-11
989.6774811138085,10.172466495853982,-6.733328361467195e-13
989.6964616392655,10.172812524266268,-1.0788365865388058e-11
992.6608593769292,10.226937048546736,-7.763239819990039e-11
992.9875344532988,10.232911444885877,1.897528430285988e-12
996.8370547926344,10.303461456891034,6.739060333336684e-12
998.8488965532875,10.34044101343959,-1.3365725615256934e-11
1003.7661914029898,10.431139369216874,7.462620979862395e-11
1008.2415926421774,10.514074267127704,-8.061629010188498e-12
1010.9840420381751,10.565077670145348,-7.0458662624195894e-12
1011.2537755381179,10.5701015910744,1.919687741878392e-12
1011.3977987055138,10.572784643228175,1.377875905736789e-11
1014.7464807856576,10.635276001725606,-1.0261823333638522e-10
1015.6671799896161,10.65249381423835,-1.8066808093784416e-14
1016.2740803644537,10.663851876234924,2.4976577905565717e-12
1019.9341768249718,10.732493951559999,-3.786929175781611e-11
1021.7786273719123,10.767178604074052,-1.5998918027468984e-12
1023.3025071208439,10.795882240483317,2.540986550030231e-12
1024.8196149008647,10.824500812767589,-6.205739486880034e-12
1026.0608849026817,10.847947543479536,-2.487522148876841e-12
1031.3760080317968,10.948667500762042,5.888890748098857e-12
1032.3390558068254,10.966972648843248,8.58153702855255e-12
1039.0750487069283,11.09548481082173,1.2030944200885279e-12
1040.701270742288,11.12663582213079,-1.0418761892096579e-11
1042.7222689193702,11.165416836868015,7.526769633943194e-11
1042.9116927970924,11.16905555565446,-6.949735700563363e-11
1043.0275790215712,11.171281986215067,8.419269902209026e-11
1043.383726421826,11.178125913488001,-2.9482629659655615e-12
1043.4633683533502,11.179656676970838,-2.7850457914219683e-11
1052.1505416060504,11.34733056522108,1.4417494444279884e-11
1052.9045172871206,11.36194885200901,3.884826793662501e-11
1054.9733006228562,11.402112774740408,9.207300674726324e-12
1056.0766517352308,11.423565769519483,-2.0009511426280923e-13
1056.2433752577417,11.426809406731056,-2.3297372626766837e-13
1056.4365189651796,11.430567693740475,3.035497865079087e-12
1056.5805421325053,11.433370615927457,6.650505449190504e-13
1061.9698706037516,11.538530267112463,1.525821997367945e-12
1068.1291031419653,11.659367859625398,2.5468580814957694e-12
1071.4974334361436,11.725746496073183,-7.174845665943969e-12
1075.2598721812315,11.800138810040044,3.847782696264888e-12
1076.9148988494578,11.832945182574457,1.2724457798852724e-12
1078.0023215752954,11.854527828041368,1.2599199082896918e-11
1086.038529121483,12.014701923170692,1.0853762096275628e-11
1088.566469833917,12.065333674108263,-4.247885255172629e-12
1095.2387491850784,12.199537161161226,7.510873761525208e-11
1095.3251630854415,12.201280634122933,1.5977016111993982e-11
1096.3065236946934,12.221090059266611,-2.4150135313953706e-12
1096.6399707395872,12.227824950531867,-9.012993115743548e-12
1098.1350458539205,12.258047333229332,-2.598830494158265e-11
1101.1282482216654,12.318677531156533,-1.7241739464910075e-12
1102.702965267417,12.350641193808954,8.269304403651202e-13
1103.7714074675623,12.372354482202928,1.1685083075317676e-11
1105.965233444124,12.41700416435359,1.5945992098167107e-11
1105.9781096912802,12.41726648893167,-9.241164643808389e-12
1107.64362815766,12.451223428617483,-1.3081162628298974e-12
1108.1885317446954,12.462344130744832,5.931223890396413e-11
1117.3243705706982,12.649608100497707,1.4092689709195856e-11
1121.1806628740485,12.729114795527803,1.0003303141195955e-10
1121.5073379499918,12.73586256970882,3.5656785927206326e-13
1123.2531660382142,12.77195757991499,4.7639999761721587e-11
1124.3565171498935,12.794798327342392,1.5478808653551318e-12
1126.2653489307386,12.834366488796457,-1.1344346188102894e-11
1126.4669813648654,12.838550045549958,4.747345220271305e-13
1128.7289084065096,12.885532807522196,-3.706300007173209e-12
1131.2856537514444,12.938752748848268,-1.475984202208707e-11
1138.3140805000846,13.085673477944464,-1.5015887099138744e-11
1140.1707396014986,13.124636621663317,-1.562273179685171e-13
1140.507906476007,13.131719090567696,7.711511898037333e-13
1142.294747753951,13.169288124317353,3.528058699508003e-12
1143.266284254796,13.189739740076082,-1.9283147729616434e-11
1147.3506291763224,13.275908641108717,-5.071232479199087e-11
1151.8223105795996,13.370601705893408,8.240002889689243e-12
1152.9703947107537,13.394973150070612,-1.8074849576119797e-11
1155.3665208111026,13.445916153605372,5.216716030925376e-11
1155.4824070354637,13.448382641838366,-3.7585298138453526e-11
1155.5461205806182,13.449738807542362,7.170602357271788e-14
1158.3309185439848,13.50908729419866,-2.4595355941385063e-11
1158.3952997797394,13.5104610505143,1.742265858367001e-11
1163.4118847694251,13.617738886695038,2.2179580588969057e-11
1163.912055336488,13.628460265698155,1.6615960527778904e-11
1163.9506840779388,13.629288481681922,-5.82406034697051e-11
1171.242072355452,13.786111078325323,1.414364563535661e-11
1171.4480923098467,13.790556365484123,-1.7938158970912192e-11
1173.2373180359011,13.82919532250987,-2.939732699759296e-11
1176.9238346760728,13.908992865951724,2.492626350724057e-13
1179.6822124540943,13.968863852324542,3.058173468426369e-12
1180.580211301508,13.988385287889074,-1.7302590022384624e-12
1185.4693692000883,14.094930413162103,3.90967787560295e-12
1186.5090067660954,14.117643092490692,4.2399446399396424e-11
1187.698771777534,14.143659995421785,1.354927212376482e-11
1188.6164188409184,14.163744235468222,-1.0500887860057677e-11
1188.7794225335044,14.16731346618176,-6.573524753725136e-13
1197.489296130576,14.358742091451195,2.779262925386645e-11
1203.5780431478904,14.493392585156151,2.5102677309507194e-11
1204.033480695096,14.50349187706737,7.350931300942923e-12
1204.1775038622447,14.506686374696152,-2.2300481832932893e-12
1205.4347022484058,14.53458781671789,2.39106416716647e-13
1210.538368827284,14.64815427019234,3.554952251911095e-11
1214.606117669926,14.73901316054671,-1.5489330024570637e-12
1216.7938393663514,14.788005046562711,-5.0502390958361654e-12
1220.6433596979568,14.874425339205523,-4.4521715949543586e-11
1222.6552014546023,14.919699044252264,7.730244194933694e-12
1223.7585525654697,14.94456008620067,-9.678064197122866e-11
1227.2065247868793,15.022395378653115,7.15060122530815e-12
1230.652112559677,15.100395611407567,1.8870529985650385e-13
1233.151248635871,15.157107175760194,1.5149170667001138e-13
1233.1922618258388,15.158038825773126,3.689020675191926e-11
1234.9055654494737,15.19698567982869,1.143590164390965e-12
1236.8977589899187,15.242340256701215,-2.0958398971666328e-11
1238.5141569146347,15.279193137411562,-2.6074552806929807e-11
1238.655795633216,15.282424706702978,-5.687005371424539e-11
1242.517524520824,15.370674676111848,-6.526695681701728e-11
1243.740481685579,15.398679517700387,2.19021626040625e-11
1244.4815811183528,15.415663569178808,-6.203376172948144e-12
1245.8441739298655,15.446917016906557,2.6481640960593595e-12
1247.4937640082505,15.484799013532061,1.4771880029169593e-12
1252.514068824623,15.600396166036857,1.921931476330654e-12
1257.3927349222772,15.713176758394823,-1.4365634034725555e-11
1258.0596290112717,15.728627475662082,-1.4594312037536584e-12
1259.542495567288,15.763012144567224,1.9552713197431686e-12
1260.9088082084122,15.794730019154022,2.3795645447565252e-11
1264.2771384976436,15.873070045699663,-3.678482649595933e-12
1266.8338838401592,15.93267390057152,-4.86937599700909e-11
1268.5790442359964,15.973426914146836,6.603426637129873e-12
1272.7067867925355,16.070041300100772,-4.408048009456799e-13
1275.8538364316055,16.14391234496707,1.090908377945056e-10
1277.842977832425,16.19069777992017,3.3155818853060648e-12
1279.623714830438,16.232643286948974,-2.2686631683510035e-12
1279.8185752954807,16.23723679790235,7.892576923037917e-11
1279.8829565311835,16.238754632040397,1.321924432198628e-12
1280.0496800534104,16.242685614391036,6.200518760878368e-13
1281.830417051401,16.28470350652116,-6.302140166657411e-11
1288.104868113148,16.433219629571646,-2.5858115970790423e-12
1291.9354079176833,16.52424493508627,-1.4729995180412054e-12
1292.137040351583,16.529043824676894,-2.295557809985131e-12
1292.4704873960136,16.53698156993549,-1.0943992394526435e-11
1292.6765073502486,16.541886922296534,2.335786669510342e-12
1297.4111502797093,16.65483461770486,-1.0277230073775487e-12
1300.0671857691236,16.71837670659622,-2.688891527903878e-11
1304.4805902105236,16.824248857418596,-2.0012930619337197e-12
1307.7374217950173,16.90260632666204,-5.520967136344316e-12
1307.79436337124,16.90397804570259,-5.78897359435829e-11
1312.6160878911485,17.02034975063151,-5.3719543735417295e-12
1313.1162584577394,17.03244581991274,-4.882019218787228e-12
1313.8058529016669,17.04913045182135,3.5407302664243287e-12
1319.0450539175026,17.17617821061488,-4.3439740410402655e-11
1324.8064581642966,17.316472853667644,-3.268696844905186e-12
1327.0131603847224,17.37036970462256,-3.0417981351478105e-12
1327.0419650181311,17.371073826715932,-5.128626734417908e-12
1329.3479573858945,17.42749282481162,7.917405828917174e-14
1332.553283981419,17.506077869744477,-9.471916556524234e-12
1339.1096770972822,17.667410544929837,-1.3393796174850865e-11
1341.130675269972,17.717300756113413,-9.310254397754767e-11
1341.2336852470635,17.71984566794482,5.50207519057686e-11
1341.3200991472838,17.721980716348334,-1.6657377210738894e-11
1341.9869932359738,17.738462451324175,-9.786571784623284e-13
1343.8836164576076,17.785380704085064,-1.0065779075922027e-12
1345.313642643189,17.82080019624029,-9.489877881512998e-13
1348.1628218389874,17.891482163677168,-8.952268681702778e-13
1351.1069036617635,17.96467554986794,-4.2817156359987e-12
1351.3766371610147,17.971389430633273,6.815884162296696e-14
1359.7425719069481,18.180289587891654,2.0175755451950465e-11
1364.968896674454,18.311446925835693,-2.8519421781462846e-12
1369.7035396021827,18.430699626936846,2.328874690044057e-12
1369.8475627691973,18.434333648020722,1.0783241490060429e-11
1371.9268378989957,18.486840908051693,4.232977204224055e-12
1374.2040256328557,18.544437361873573,-5.344477153963446e-11
1374.939020786847,18.563047838413752,-1.0079837117259478e-12
1377.7770404930452,18.635001434446043,2.8899116128654808e-11
1378.2490741166748,18.646983506960492,-6.327600182990631e-13
1379.0826917273905,18.66815402986025,3.1405101715975537e-12
1379.2887116815364,18.673388077942626,2.1737636008237484e-11
1379.9593255998402,18.690430800933203,-1.3114614399985968e-12
1382.3964648868905,18.75243707641985,-1.0838851020839732e-11
1384.408306641767,18.80370526976699,6.097195738133676e-11
1386.987752337839,18.86954691348411,-1.3342109293346374e-12
1387.102303180841,18.872473723449833,-5.112891654006149e-11
1388.0622988143266,18.897011413990533,6.340543990403492e-12
1396.024301000657,19.101176141090132,-4.5059525310381305e-12
1396.5434520924466,19.11452896649617,-6.22892779456377e-12
1402.6444076596417,19.27182058744183,-1.1432901089803079e-12
1404.3736396680215,19.316527445647964,2.0499137302461664e-11
1404.3865159151537,19.316860549487917,1.1430788981432367e-11
1407.06897158806,19.38632129592454,1.548057258283342e-12
1408.8619171414682,19.432822561549898,-2.631607658629825e-12
1412.42272344458,19.52535008423032,6.07321964489517e-12
1412.5857271369655,19.529591324473085,1.7495002207736359e-12
1412.624355878362,19.530596488611568,-4.800387819768786e-12
1413.1638228767138,19.54463691077019,1.9180294100025851e-13
1413.2753215805692,19.54753949704992,5.3091962574387855e-14
1420.121764099774,19.726208037310254,-1.5938589057352073e-12
1423.4030127955546,19.812143386290224,8.266957379615849e-11
1424.403353928218,19.838381599900583,6.182883612130025e-11
1429.022778321134,19.9597848120338,4.4793292019092345e-11
1429.0871595567903,19.961479594326555,-3.2017134677248177e-13
1429.591049952844,19.974746725779543,2.942873727106827e-12
1431.4643051280038,20.02410942296912,-4.076128825846888e-12
1435.1826785354867,20.12228487171977,3.767311329513213e-12
1440.2734688611056,20.25710900554488,5.6563891754786446e-12
1447.5648571275863,20.451045160508947,5.597318749935289e-11
1450.0284165988035,20.516792193001194,5.384849471350741e-12
1452.2517148948573,20.576223152775242,2.2304402766898097e-12
1452.3791419849579,20.579632163696,-4.534956053421918e-11
1453.081612675581,20.598430477816503,-3.35458064273124e-11
1453.6847932188941,20.614579013089696,5.880048631683783e-13
1453.7749269488047,20.616992676629653,1.2503437892481257e-11
1462.4068753604504,20.848838411958347,5.934992012750565e-11
1469.391236767005,21.037436134834447,1.165693913600892e-13
1469.6504784675224,21.044453697376902,-1.7494733589409194e-11
1471.3288731775197,21.089917081248416,6.868515904680784e-13
1471.6457241448168,21.098505579484044,-3.779098758341135e-11
1474.6101218726394,21.178947533038166,1.0199590635248228e-11
1475.8801965042105,21.21346183667513,5.893729021594437e-13
1476.78191517997,21.237984096848866,5.170655283704911e-11
1477.9489798344996,21.26974468451377,1.3271187435616252e-12
1481.8659335359098,21.376524378601605,3.884154654134914e-12
1484.7151127300638,21.454373131896844,-1.3762189126572836e-11
1486.5717718279664,21.505183511089474,-7.66657173072502e-13
1486.6876580521223,21.508357024206706,-1.5242411228283542e-12
1490.334878254314,21.60836158046276,2.254943806405529e-11
1492.4141533830903,21.665483705060666,1.9460578336457877e-12
1493.2030379737732,21.687176887857902,5.967278834268159e-12
1499.707926096676,21.86648886896131,-7.177019245130583e-11
1500.3111066398849,21.88315546902376,-2.4300211272532703e-12
1500.5171265939305,21.88884958230837,-2.830499279399974e-12
1505.5889363929095,22.02927409905757,-7.023974386663473e-11
1508.6011192791475,22.112897465965435,1.6725936004562693e-11
1513.0145237165623,22.235722990512905,-3.7124590405532557e-13
1513.6214240894749,22.25264115606126,2.1761675029511302e-11
1515.5075555111737,22.305262919282978,-4.326542882784037e-12
1520.6498508237883,22.44906228721908,2.21391589460045e-11
1523.873490251563,22.539456670661952,1.555112189132716e-11
1525.980902322882,22.598654290990993,-7.998068943833788e-11
1526.9812434551632,22.62678270373375,-8.49088198236096e-12
1527.683714145597,22.646546368170892,5.264119506698154e-11
1527.8253528639898,22.650532404432667,6.57038294893642e-11
1529.6863994819446,22.702940824462544,7.476924882313066e-11
1530.3943067600355,22.72289275564068,-1.0114465524285984e-11
1533.6511383414215,22.814803478785723,-7.908042521218784e-13
1536.9225629278299,22.907322732142937,3.225218883064954e-11
1538.3857812660176,22.94876785983681,2.8801620942564336e-13
1539.7195694423372,22.986581285457586,1.7894711862807806e-11
1540.60907956137,23.011817466135984,-1.3087876082113144e-13
1540.7310700637674,23.015279579964947,-2.568757796849302e-11
1540.9259305285902,23.020810325950286,-8.390155525014626e-11
1541.1441590391335,23.02700516003695,-9.020288826123135e-13
1543.9191328890818,23.105854607287753,3.0596298064801206e-12
1553.154261841094,23.3692875852877,-2.107137607835695e-13
1553.590718862163,23.381776444492694,-2.768526411775754e-12
1553.7838625690463,23.387304213049205,2.644756507294258e-11
1555.2616739122113,23.429621884138122,4.001419977168456e-13
1561.8763439796273,23.619528414403888,8.899249720616319e-13
1565.0399896916763,23.710641296221795,-3.182096108076062e-11
1567.7187255332774,23.787932934989897,-3.859691273634262e-12
1568.7932720090425,23.818974802235214,-7.288350907707943e-12
1568.8447769975419,23.820463230187798,-6.25125143751198e-11
1573.6075568643896,23.958312632673,3.508983419119422e-11
1574.2622423959508,23.97729389905965,2.614652632063869e-11
1577.0206201687542,24.05735412516081,-2.1639546682353403e-11
1577.1880113813743,24.06221706337156,-9.86782033193634e-12
1583.0487057695368,24.23280344993862,2.45694531524075e-11
1585.57664647523,24.306579169804344,5.0604595353040024e-12
1585.9138133489919,24.316427985002896,-3.7010558668882344e-11
1596.8364934265,24.63661776236456,-7.954211622319073e-14
1602.2858155969643,24.797182069313052,9.856085055706523e-12
1603.1587296389714,24.82295331597637,-9.084481481783375e-14
1604.9909716231132,24.87709267826625,-1.139718210612942e-11
1604.996408210775,24.8772534113956,1.5871917435653495e-11
1605.9435275963856,24.905263377775164,1.7919914766960345e-12
1606.202769296787,24.91293303329825,7.160447144849792e-11
1608.2146110500403,24.972495375143577,-3.526266698960366e-11
1608.4162434836846,24.978468991059604,1.6629202873444708e-12
1609.7151227480786,25.01696788317885,-2.3719607228740852e-11
1612.2142588201975,25.091129911708524,4.551616175232206e-12
1618.854681380736,25.288743871629343,4.237190895850057e-12
1619.0403854281196,25.294281959207844,4.196518389374251e-11
1626.0762518196063,25.504574357899216,-3.229161833046836e-11
1626.4507120534981,25.515792018342832,3.0427303213666727e-12
1627.9623832406514,25.561103231929433,1.931412071129705e-12
1630.4032423552903,25.634355016305857,-6.356648314506125e-11
1634.582489894314,25.76003180157518,9.383791144277616e-13
1634.7756336011519,25.76584772577652,-7.82759854197276e-12
1637.5180829872215,25.84850224033327,-3.2101548591875253e-12
1639.1890380368582,25.898930975103845,2.6832217744691567e-13
1640.280180589254,25.931888966170497,-4.9318481767914523e-11
1645.1019051030726,26.077791877673494,-2.0249265845890173e-12
1645.4678766101526,26.08888347411182,7.842290528673896e-11
1648.4800594951057,26.180268228102523,-1.8674559331483112e-11
1648.9121289957236,26.193390223942576,-4.073167944949626e-11
1649.1696539381626,26.201212918972793,7.179174683945829e-11
1653.3973543263323,26.329810121144078,-1.7019814085311066e-12
1653.5003643033067,26.33294756333639,-2.4296970416235505e-11
1656.341436145883,26.419556983759406,-5.0747195068329043e-11
1660.5287910346774,26.547478597687483,-2.4718422103284272e-11
1661.0963949753577,26.5648434745036,5.396101654214238e-13
1664.4064483019108,26.666227141186283,6.398106586369735e-12
1669.5653396891078,26.824641296179447,-8.34799949470664e-11
1674.271177978466,26.969571103707604,2.171711213807775e-12
1677.4910975750608,27.06897282750465,-3.8844981596269275e-12
1677.6964498383977,27.075318709255313,3.691913206576783e-12
1679.5985096454365,27.134133877938304,2.9717142850692685e-12
1680.6100102664611,27.165438470985567,2.868020648797946e-11
1684.3172241817958,27.280332908630427,3.722141482241965e-11
1685.510709020431,27.317375410570225,-6.572572884618672e-11
1685.6265952445178,27.320973599258764,-2.3770152309058594e-11
1685.982742643569,27.332033282918967,-9.657475678330182e-13
1686.1267658104284,27.33650639423529,-7.811385479670468e-12
1686.2684045287565,27.34090582134778,4.1434294046979605e-12
1691.0440606411803,27.489458322840967,-2.166500675090535e-11
1693.6628027665756,27.571095781428756,-2.952871033008859e-11
1696.238528630263,27.651515468055784,4.973241950767976e-12
1699.5197773231534,27.75414009689244,1.4643332506739445e-12
1700.3693233192253,27.780742895619063,3.8330133192098866e-11
1700.5882195202705,27.787599595089713,-2.9903832631491836e-11
1701.3808239401985,27.812434501473867,6.404493808893518e-11
1701.7552841740173,27.824171598728032,-3.5319434518651864e-12
1702.7820454906373,27.856367699546716,4.9130858080988995e-12
1708.7237171892657,28.04306173398152,6.979517016172906e-11
1715.9114277821664,28.269776899234888,8.570956710470034e-13
1718.5098540008257,28.35197080844965,6.292446894825855e-13
1725.7927535343265,28.58300768226599,4.132221667451508e-11
1726.2248230348614,28.596745010943152,-1.2281015304982178e-11
1727.662288878046,28.642472920980897,-7.855293577590978e-13
1729.443025873121,28.69917357536517,4.5915662789924735e-12
1730.4985918230427,28.732811548791418,1.3198624620993067e-12
1733.388784205029,28.825019037704294,-1.2227717456575252e-12
1737.67037402933,28.961899907167005,-4.635138228391609e-11
1739.1979736023109,29.010818443546984,-6.221133540184942e-12
1742.858070048983,29.128201108844777,4.771392107402176e-11
1744.8699118015375,29.192827827053936,1.272491744144275e-11
1748.9847781037827,29.325242541285885,-2.002835749705905e-13
1749.7872066316108,29.351100704996504,4.625561015257273e-11
1750.7875477632797,29.383353188573608,5.6092375250599257e-11
1755.406972151629,29.532529391822713,-1.7342317957015335e-11
1758.9193256016044,29.64621774486979,6.968983878778338e-12
1760.7674959712767,29.706130833018175,-1.0313122590313996e-10
1760.8152811300217,29.707680743496432,7.629303350867056e-11
1761.6244816266874,29.733933529329732,-3.2048353534005154e-11
1765.6461620598225,29.864587322285317,3.399719700003173e-11
1765.9551919906635,29.874639216266726,3.605344437377438e-11
1770.0541299064705,30.008132809062598,-9.057396179918176e-12
1772.5471616993382,30.08947685571705,1.3817129631697516e-12
1774.3811204406386,30.149389384186573,2.6081362700482324e-11
1774.6257691358826,30.157386353442476,2.2161518768635908e-13
1779.067978203471,30.302783094554,-1.064915028156025e-12
1783.706383116915,30.45498940425077,-4.614361736040478e-11
1789.0485941014606,30.630781744975355,-8.015504928396137e-11
1791.563658558735,30.713725194521206,1.235238039392711e-11
1792.9262513675376,30.758710340573142,1.202235974485624e-12
1794.4213264772425,30.808108657125462,-2.3263347815096378e-12
1794.5758414426534,30.813216286131762,-2.941426580741266e-12
1794.758493350829,30.8192545739079,-8.953855895876894e-12
1799.2484875769715,30.967882486676785,-1.0318115277787797e-12
1799.5961462491427,30.979406184065372,-3.827010396883349e-12
1799.8387918725753,30.98745037685123,5.747371754332479e-13
1800.994315660146,31.0257732060301,5.706875853669206e-12
1802.0976667686455,31.062388688828,-1.4166880508029458e-12
1805.5456389826882,31.17695660893507,-2.880023355139584e-11
1806.6245729781415,31.21285200619611,-3.8933914883084825e-12
1813.713661112897,31.44923444151163,-2.8272716738606347e-12
1814.1501181336782,31.463818155400425,-2.4246988231359643e-12
1815.6611216295648,31.514333717547615,-1.3148902514083323e-11
1821.007433820223,31.693408204943154,5.5799901877699516e-11
1821.8166343167882,31.720558216446115,3.893772053909381e-12
1822.2812282803266,31.73615156096282,2.892099929432524e-12
1824.0233365336915,31.79465801261108,1.266193338482556e-11
1826.0921198620297,31.86420803746618,-6.511070706704821e-11
1826.6953004047186,31.88450109105349,9.40805811763959e-13
1826.705792203306,31.884854130293174,4.517405460559657e-12
1829.9006269951747,31.99245166049462,-8.252180416145093e-11
1838.1279751496459,32.270402678597826,2.3003041831616733e-11
1839.3343362349954,32.31126294839313,-2.01085791154132e-11
1839.7585846992379,32.32563890375569,-4.651049185829368e-12
1840.2482634663927,32.34223613251746,6.3652958518479384e-12
1841.2597640870613,32.37653403691217,-7.15055662340388e-11
1848.9832218458919,32.63904196191982,-4.0927331954977553e-11
1851.6528012682616,32.73003222026887,4.669648895257217e-12
1854.2095466057017,32.817299700505764,3.6762345774209e-11
1854.8194991172168,32.83813654440768,1.099338465420627e-11
1856.8882824454327,32.90886016165518,-3.133050952449371e-12
1858.3887941426083,32.960206121081036,-2.4973299897608945e-12
1859.726302147601,33.006009223924785,-4.173414327918571e-12
1860.1983357705624,33.02218193232563,-2.2163463789497283e-12
1863.3453854034935,33.13011033012217,9.977537006315804e-11
1867.0508825594443,33.25742461420819,2.0289606304513945e-11
1869.0515648223065,33.3262696418121,7.38367745682036e-12
1870.3775319613558,33.371937826030425,-1.4736114196775494e-12
1871.0156214156136,33.39392607239211,-6.022918722891159e-12
1871.8885354570807,33.42401840587129,6.508624428200074e-12
1883.1758516530456,33.81439498986814,-6.918932513241583e-13
1884.5936692797982,33.863596720610005,1.6510537604174434e-13
1886.8745768400051,33.94282748032821,-2.6305372486415405e-11
1889.287299010485,34.02674132088413,-1.937876883056702e-11
1890.965693718656,34.08517868891827,2.0042877355690652e-12
1897.5858003684884,34.31617968924712,-3.3570738804328392e-12
1899.9917505700655,34.40033256573908,-1.3585227588732826e-11
1901.503421756309,34.453260806424666,3.5781556956357614e-11
1902.071025696699,34.473145229864535,-1.5121855214927896e-13
1903.4048138718583,34.51989414229306,-1.9631427565283835e-11
1906.2092600433725,34.61829610731658,-2.2926887915033105e-11
1906.3526155195657,34.623330033797,-8.928817316268155e-12
1909.4328994681357,34.73158563788842,1.3746899369184627e-11
1910.6226644764856,34.7734463442001,1.0908703707201806e-12
1910.8923979752967,34.78294027674133,-1.3864754422241794e-13
1912.0509739017566,34.82373444146998,5.67873102011567e-12
1917.4487910799276,35.01412083113472,5.394427939512232e-11
1922.2227304321636,35.18294967644609,-7.430873830968778e-13
1923.585323240635,35.231214350440844,-7.662805253881702e-12
1926.601225953542,35.33816287079069,-1.2249885076414702e-11
1929.478542087305,35.44035307575057,-4.920559878620852e-12
1934.3284035409313,35.61294498424303,6.5489775702688165e-12
1934.6374334716738,35.623957108914,9.996840684302403e-12
1935.1443760061884,35.642025558597425,-1.2625099521738933e-11
1939.7177319921152,35.805243140719064,-2.2809911439030203e-12
1943.8762822450983,35.95399125098391,-7.197094508047611e-11
1946.8884651281771,36.061933630751334,1.7138171233406577e-11
1947.079605763088,36.06878884591438,4.6385062074481456e-11
1947.3757594467104,36.079411659237316,4.6913066258027084e-11
1949.2618908664706,36.14710370700608,-2.6568986509874123e-12
1951.9087699332754,36.24220900894638,2.2298002939982713e-11
1956.404868436395,36.40405461216185,-8.206523333806293e-11
1956.5593834017614,36.40962329019988,3.5725056262760305e-11
1958.9371966603453,36.49537450344312,2.2684760956894582e-11
1960.2459000317508,36.54261478252121,-3.819100273029907e-13
1966.6643742473307,36.774759314792476,-2.7594058029796482e-11
1967.9737453093203,36.822210079265204,7.661175090843125e-11
1968.5210333430778,36.84205280420948,1.1071300386071635e-13
1969.7795671072085,36.88770371146708,9.213412019495767e-11
1970.211636607543,36.90338293468217,3.1667439192107786e-11
1971.9469728915997,36.96639060489332,-1.835048132270458e-12
1972.1401165983025,36.97340681745659,9.76472662548151e-12
1974.8984943687053,37.07368369424951,-1.0121837640020574e-12
1975.296322648023,37.08815773684048,1.5769337965850543e-11
1975.4379613662707,37.09331163092334,-4.78678043925993e-12
1979.0184158801164,37.22371854858592,-2.632053118800365e-11
1982.7256297932768,37.35899111831452,-4.603742978275665e-11
1983.9191146312146,37.402594070295024,-1.5752118015287514e-11
1987.3555459782397,37.52828770261158,-1.1262696758030182e-11
1990.5503807692255,37.645339636537585,5.1986752453341135e-11
1991.8651884188246,37.693565996046495,1.8748086888452104e-11
1992.071208372634,37.701125570728166,2.709917995206774e-11
1993.7059191282576,37.76113639758731,9.923841926873918e-11
1998.460877954546,37.93597250109585,4.109701979795905e-12
1998.7777289214428,37.94763766351702,4.9271092404957286e-11
2000.7668703179559,38.02091199750977,2.6693475157599916e-13
2006.9298226626813,38.24840043920225,-2.2652933819266585e-11
2007.1321227867584,38.25587965216447,-6.40525205531363e-11
2008.9305049250838,38.32240055534907,1.2261587519592243e-12
2016.4733138454485,38.602052755388364,-2.3210513449807056e-13
2021.6817071457745,38.79576739311378,-7.27878615352568e-11
2023.0547917526196,38.84691946302765,2.745941556752558e-12
2024.2011591223622,38.88965214651695,-3.79222014279828e-11
2025.8395897076368,38.950769300070554,7.93137706215089e-11
2025.9039709431986,38.95317187498213,8.19298747889654e-13
2030.6613142177914,39.130917385288726,-1.7899620822574434e-12
2035.3959571372552,39.30822868047801,-1.1988573436570315e-12
2035.7331240107035,39.32087125293418,2.5091649402528654e-12
2036.4410312880102,39.34742210116382,1.7617286176016855e-12
2043.278317379307,39.604337254557386,-1.1677876303293202e-11
2045.7662939600677,39.69803816630845,-3.1168788677167774e-12
2046.0882001378693,39.71016996438742,2.5597346669107293e-11
2047.5992036331718,39.76714122452102,5.635859768714474e-12
2049.667986960746,39.84521136729944,5.070397767661281e-13
2052.609016638932,39.95633337246843,4.754565544388208e-12
2054.2193102813885,40.01724319123027,-2.373654612083738e-12
2055.5568182859624,40.06787112870602,-5.067236069552471e-12
2055.8743369434333,40.07989482373407,-1.230505472764411e-12
2059.137272799391,40.20356223825217,-3.456228484882625e-11
2059.223686699447,40.20684004763891,1.8284553223727662e-11
2061.308398413228,40.28595799053516,-6.969601125751682e-14
2064.0545676267616,40.39030142794051,-4.204911905909091e-11
2064.3635975574443,40.40205202420712,-3.308678104207008e-11
2074.06332046271,40.77176977141472,-3.854514906111258e-12
2080.7332153412067,41.02700724082863,1.5745731348493452e-12
2082.1147886747235,41.0799784853043,-5.931424257884939e-11
2082.923989170947,41.11102056929351,4.408572417579952e-11
2083.067344647103,41.11652114732253,3.769119865254206e-12
2087.151689555672,41.27339730937111,-5.770174151258264e-11
2087.2546995325633,41.277357806440186,-5.2377240923669125e-11
2087.4569996566183,41.285136350537165,7.355926672645909e-11
2087.8927889866072,41.30189523615679,3.5929683560700335e-12
2096.2838085204226,41.62526575110093,-1.3627963992586474e-11
2097.1279179282374,41.657867577157994,-4.30266909264894e-12
2100.6599195921526,41.79442555101858,1.83481027327812e-12
2102.405747674473,41.86200946358954,3.2031065665582097e-11
2102.883217884914,41.88050290793219,3.2662123795177667e-12
2105.417930556863,41.978748082050814,-7.627436016804034e-12
2108.3999734246936,42.09448324471589,-4.393884773899578e-13
2110.438235360822,42.17368385806899,-9.923843791235292e-12
2111.0431326611697,42.19720303954046,-2.7645128812100402e-12
2112.558523676668,42.256152975768146,2.2251687324276396e-12
2115.8753489693545,42.3853277822799,1.4511744653336734e-11
2117.466662086311,42.44737390951812,-1.009596778737111e-11
2126.503210733277,42.800598201421835,-3.4096427462642746e-11
2127.810578723176,42.85182568783104,3.879462379393975e-12
2128.4174790953084,42.87561697691994,-7.673205537288185e-11
2130.4293208465647,42.954532331927716,-5.804173562824322e-11
2131.929832543118,43.01343908788321,1.1149820592384781e-11
2132.122976249778,43.02102449363161,-6.819179579591403e-11
2135.548248106925,43.155660642599315,-2.1680151009269026e-12
2136.5363806814435,43.194541044342465,5.512905571445067e-12
2137.1358413941152,43.21813700240983,-6.863605372661863e-12
2137.5478813016534,43.23435954595343,1.1714070171246617e-11
2139.668169617428,43.317887489270255,6.562110353866018e-11
2142.9101218758688,43.44576306625859,5.63189661235259e-11
2145.2357624547976,43.537614899450325,-4.67350436802069e-14
2147.1323856726185,43.6125963272916,-1.0667896841385409e-13
2147.3916273727555,43.62285038073057,5.0620066635671946e-11
2149.3678925217628,43.70106031842647,4.474184553803469e-12
2150.4075300847053,43.74223245602277,7.0842686120879046e-12
2150.6006737913613,43.74988360243581,-1.206060086323777e-11
2152.6779458454444,43.8322155756935,-1.5347584999955637e-13
2153.025604517423,43.84600267399318,-3.5679816041494676e-12
2158.1065707269117,44.047752572458954,1.2213593665052832e-12
2165.661588202309,44.34861887734149,2.8506807793142552e-11
2167.459970340259,44.420391453205674,9.491075947587432e-12
2167.9320039630065,44.439239961440855,-3.3824806669286575e-12
2168.78593747873,44.473348327563365,1.3523374707141828e-12
2170.4243680636973,44.53882919527368,6.212998917389924e-11
2174.4368920768225,44.69940098116061,8.299878059754221e-12
2175.612064079689,44.7464847545668,-2.801404141791272e-12
2182.730624534395,45.03223672429259,1.6877394925078717e-11
2183.3300852470334,45.05634278111412,-8.413226612795426e-12
2185.6452340272704,45.14950378870488,-5.175942292773867e-13
2192.1839819852253,45.41315458823638,4.031735779258549e-12
2195.753277008865,45.55740548964259,4.883501917097263e-12
2199.7058073066523,45.71741843871165,4.1626016772813805e-12
2199.9118272604064,45.72576677431691,-3.283671112495108e-11
2201.807782787508,45.802631344060906,5.197268983813602e-12
2202.4126800877893,45.827168621681025,-6.087653386033002e-12
2208.3801042757473,46.0695946496069,7.513185129489309e-12
2213.25877036089,46.26827734549474,1.0183838659182475e-11
2215.338045486623,46.35308865749427,-2.451611812917097e-12
2215.671492530268,46.36669700015006,-1.0842197483414636e-11
2215.8571965774554,46.37427667566596,1.2928150125491265e-11
2218.885307845679,46.497961357916246,2.6099190234971886e-12
2221.188248069314,46.592139151223705,-6.678663337210868e-12
2222.8029292317633,46.65822913522381,-4.922019584783783e-11
2222.893062961529,46.66191978456777,1.4725336724038554e-11
2226.6805864953053,46.81714040665565,1.3489903115697533e-12
2230.5135107392493,46.974490665773715,1.1815991085257327e-11
2232.2715473778126,47.046752598348306,2.1390077892116804e-12
2232.736809031671,47.06588613339383,-8.099872105248668e-12
2233.045838962291,47.07859696035,-9.174056187143558e-12
2233.3504813725845,47.09112904442706,-8.249709178208569e-12
2236.5453161625687,47.22265803405629,-5.419555729316382e-11
2236.605309877789,47.2251297295162,-1.0291374569710712e-13
2237.2122102498456,47.25013729125706,-7.509453666890302e-12
2245.7289401141525,47.60178807537862,-7.211807506103634e-11
2245.986465056332,47.61244194088419,-3.273764570615999e-11
2246.0556151889336,47.61530290567601,2.642150994410772e-13
2254.813273918502,47.97834757107994,-1.0548657984598121e-10
2267.152054851137,48.492243481819045,-7.765935864033914e-13
2267.814561418067,48.519915444409214,-1.4288575341210314e-11
2268.1879725842177,48.535515863631325,-8.45507015347247e-11
2270.1642377329604,48.618123289511225,1.849272429887386e-13
2271.0879890717865,48.65676055523078,-9.903125432912305e-13
2271.6359447959335,48.679687041166076,-9.224201853824426e-13
2272.001916302631,48.695002381914826,7.61335774504876e-11
2273.0022574335085,48.73687769743876,-6.010724491337438e-11
2274.5776421639457,48.80286230680217,7.27906756934563e-14
2275.184542535978,48.828294380914215,2.4060358344725606e-13
2276.5251026793308,48.88449440913237,-9.141874774543938e-12
2277.0147814461866,48.90503136631881,-1.139775948416351e-12
2282.2129692601607,49.12331387390206,2.447766111838823e-13
2282.943576892349,49.15403347411561,1.998757331356812e-11
2285.1147025056175,49.24538004881618,1.8547620374458795e-13
2291.2495179054654,49.50396173349847,8.266669380881419e-13
2291.7686689962575,49.525875701923056,-2.0265689964347296e-11
2295.790349426243,49.695803684843206,1.0480129770233369e-11
2296.5958300925427,49.72987345486259,-1.2259565137914025e-11
2297.1861343877267,49.75484940401938,1.1808066199432906e-11
2298.1976350077584,49.79766121697778,-2.920465505982586e-11
2302.294188471839,49.97124077187665,-2.8400709052854355e-13
2304.2304894979916,50.053393493890155,-4.176200827366476e-13
2305.338228126028,50.10042330927923,2.078830918517758e-11
2306.00140238353,50.12858965136261,3.1634674223814412e-12
2308.5005384527085,50.234805767129025,4.073755487305097e-13
2315.346980959218,50.526376648359545,2.9240844850913516e-13
2316.5740393270735,50.57872488379906,-4.274187735892656e-11
2320.0901126038907,50.728879689789075,9.002412110240051e-11
2321.707845905306,50.79804189606915,-4.412344835390095e-13
2323.0416340797433,50.85510098558352,-2.1743913474106935e-11
2323.2090252921466,50.86226424980546,9.3930232522883e-12
2323.6410947922946,50.880756423133086,4.7102250282180676e-12
2325.899301996106,50.97746154885724,7.561954072187023e-11
2327.3154028641106,51.038152362645036,-6.018562791018474e-13
2329.9829792129703,51.152578859239384,1.7716974066100128e-13
2330.4078953675294,51.170817869419686,-6.911449018242156e-13
2335.8253607587976,51.40364751129646,-5.126484134595886e-12
2336.8999072331326,51.44989318718211,1.4117235396894534e-12
2341.44140644431,51.64558237293989,1.6909129293519905e-12
2344.174699409871,51.76354068993553,-4.0063887710864005e-12
2344.496605587564,51.7774419695616,-2.3490244745352672e-11
2347.476931696691,51.906235788679176,-4.0919038854688634e-13
2348.3068294759687,51.94212867406226,6.976992707390983e-11
2349.0001437479855,51.97212408132885,4.0678810449042414e-11
2352.223783170947,52.1117072574316,4.437431309565912e-11
2358.4412926407035,52.38146527590196,1.4613911446046144e-11
2363.2003526714207,52.58842692952555,-9.144335767222257e-11
2366.5540899466127,52.73452460690978,-1.2600698937423141e-13
2368.898711050361,52.83678556610377,-7.752392747687355e-12
2370.3924507776846,52.90198802925047,1.962162484225344e-12
2376.4242562001805,53.165697341211015,6.050693395794776e-11
2376.484249915392,53.16832362039462,4.084290386882854e-13
2380.5231941124907,53.34528453896223,-1.4214810215055088e-11
2381.7969885716457,53.40115646286824,-5.882412543237179e-12
2381.941011738353,53.40747557269587,1.9616801815194364e-12
2385.6631049686766,53.57091736389605,4.806544643337214e-11
2387.3303401866256,53.64421051495733,2.8893784485588485e-12
2387.6393701171987,53.6578013720329,-3.570130123354184e-13
2391.176140677079,53.81347062148415,6.707017067467643e-11
2391.5753043374007,53.83105408756768,4.0828860738603745e-12
2391.583793064183,53.83142805437983,4.641527957551672e-12
2399.0812012711103,54.16224110904049,6.293943834438121e-13
2402.362449960611,54.30734754114869,-5.0990686670188846e-11
2404.1719915873127,54.38745562001756,-2.6025011692360186e-12
2408.239740417655,54.56775431603783,-1.2077883986579834e-12
2409.4515380897724,54.621524900924754,3.4191150157950187e-12
2410.7327722083464,54.67840597911949,7.937167859394512e-13
2413.9679524970416,54.82216812516395,3.2623740439292757e-12
2417.018764119775,54.95791408592067,-8.108795458806385e-12
2418.0976981143567,55.00596232725227,1.199133021478342e-11
2423.29321516526,55.23763489126734,-5.771836627661382e-12
2423.5121113660757,55.24740657675984,-2.407225484020292e-12
2425.368770460848,55.330324681077045,1.1338398299175767e-12
2425.6195234341303,55.3415281366929,2.1035866953371543e-11
2426.7174379540656,55.39059577561089,3.7628947487145335e-11
2428.837726269221,55.4854178588497,5.32633424775294e-11
2431.647609026614,55.61120710559635,2.2625670240469952e-11
2435.5442468147494,55.78588750793037,-8.82227365564162e-12
2435.8342962199495,55.798901170390174,2.400986125392352e-14
2438.115203778623,55.901292784544886,4.682711532805575e-11
2438.835319612129,55.933639217092015,-1.290627649390552e-13
2441.1273866599745,56.03665873200498,-1.1150758419356873e-11
2446.1476914622103,56.262640056354485,-1.450792986822429e-11
2453.176118185306,56.57979387546746,-1.4759547946736567e-11
2457.101560606713,56.7573232994357,6.82803030249849e-12
2460.594265837413,56.91552067611651,6.979615522874099e-12
2462.212666829228,56.988900154367556,-4.984635736249279e-11
2462.9439421518973,57.02207253521519,7.080576860146079e-13
2463.867693490564,57.06399016514994,-9.251730099769191e-12
2464.34516370083,57.08566278524724,-9.632570860234378e-13
2465.7782420222275,57.15073616995701,1.2557304577678584e-11
2465.8683757519716,57.154830237203655,2.2745364733578624e-12
2469.294315298587,57.31055470285339,-2.1802513732325354e-11
2469.304807097166,57.311031934680294,1.4794325359976768e-12
2469.4874590051822,57.319340396963725,8.506153888589531e-11
2469.861919238597,57.336375749685565,-7.031215468984224e-13
2470.667399904772,57.37302830699925,-3.4782865129097914e-12
2473.2573373939326,57.49096170522807,1.7125044089749147e-11
2473.452197858456,57.499839719184656,-5.777779761765966e-12
2474.020469489062,57.52573466813939,2.5707588904731497e-12
2480.945218544553,57.84175889039367,1.7628470448834336e-13
2483.691387756896,57.967330204484014,-4.657260188920442e-11
2486.3101298793695,58.0872041873719,-1.7631612281250867e-11
2488.570053840794,58.19075467121075,-5.119272558518182e-12
2488.879083771342,58.204921839575945,-4.541578771484092e-11
2492.0617100040777,58.35092851011436,1.459178714939081e-14
2496.8085614777574,58.569042505911845,3.47596795254166e-11
2500.821085489645,58.75373846495879,7.52904795422431e-12
2501.3710442854785,58.779076107271564,4.1674534011950036e-11
2503.0260709467634,58.8553599284527,1.0454185518532144e-11
2504.9403393080943,58.943655700590966,4.93301105350823e-11
2512.4045553606716,59.28858797916821,-5.189398227251702e-11
2513.3699875797465,59.33327696207491,-3.013537942836507e-11
2518.440080612193,59.56824881854918,2.4673260171172977e-11
2521.2113346280707,59.696881852631506,4.516753220061286e-11
2522.5200379986713,59.75767699070311,9.5300132502277e-12
2522.69525024723,59.765818779760544,5.331590341408886e-11
2522.762683621885,59.768952434636105,-8.654260149662056e-14
2523.187599776377,59.78870037875717,-3.543082225684576e-13
2528.9219161334945,60.055527570372156,1.5187745784283134e-11
2531.617248047914,60.18115507227927,1.7757504529878398e-12
2532.7432995104964,60.233679162169906,-1.0443232504474234e-11
2534.4142545579753,60.31166304494212,2.0586667978848482e-12
2537.5172388594406,60.45661652197653,7.597927722013422e-12
2538.2373546928916,60.49028152488892,1.1921843796461335e-12
2544.192570322538,60.76905058493678,-2.1391165981261122e-11
2544.7405260465566,60.79473371134522,3.134328737955147e-13
2548.118680434271,60.95319268691395,1.3484286058168416e-12
2553.2216793063826,61.192957502602425,-2.5279584970244832e-11
2556.0125815381475,61.32429118419755,5.565648780990426e-13
2556.3216114686797,61.33884227196268,-9.898765396988819e-14
2558.602519027143,61.44629626547498,2.1527019990063184e-11
2558.6557407734936,61.44880469634355,-8.280545925881435e-13
2559.9963009165235,61.512004770938624,-6.447236031793699e-11
2563.1721551802393,61.66186102804534,-9.58459908306339e-13
2565.247710475604,61.75989882914625,-4.499768239732099e-12
2567.0284474687382,61.844074285149105,5.606476013044482e-11
2570.4103216861254,62.00409632034209,-6.986450711543335e-11
2572.1131335060218,62.08474896584861,-4.034726988992757e-11
2572.314765939383,62.09430270008969,3.881859387713951e-13
2577.743390818766,62.35180294478562,3.5635950532992853e-12
2581.6959211152152,62.5396279441155,-4.7859120954234694e-11
2586.2692770979634,62.757313828166374,4.505574926073583e-11
2587.3671916177655,62.809630501169345,-2.3704382811821425e-11
2587.972088917843,62.838463920779574,4.728787717599378e-11
2591.4637450808727,63.00503116769961,-9.122939406183091e-13
2594.1987548038182,63.13565992719887,-1.2961395174269085e-11
2598.0072619335383,63.31779029686934,1.5982794446883098e-11
2600.897454312332,63.456183349648796,3.942306467060188e-12
2606.7974451235714,63.73917430011873,-1.4477315012211124e-12
2609.3663990153195,63.86259363852407,-9.496613972863136e-11
2609.7984685153683,63.883363342482575,3.9608983629836055e-12
2613.735070425501,64.07275531464782,4.8276543511893605e-12
2614.7801445756636,64.12308232843795,2.6092327969883847e-11
2615.295194459864,64.14789268003095,-6.58648072214838e-11
2618.0369761516163,64.2800486703107,-4.525868424726941e-12
2618.3073773408205,64.29308971779594,1.5684126275808216e-11
2621.6174306631133,64.45283782643675,-8.61951813141277e-12
2622.1647186965038,64.47927020667308,7.994124269234025e-13
2623.327682142402,64.53545619265364,2.0406156330660152e-11
2624.105407242481,64.5730441482428,-4.6162866197967216e-11
2624.307707366435,64.58282326971809,9.719681554275634e-11
2628.6140006128435,64.79116689108629,2.2430273224109745e-13
2630.3561088645874,64.87554922247807,2.0760059418601563e-11
2632.5499348323283,64.98189089086715,-1.1440902448132883e-12
2633.9070910521204,65.04772092285491,-4.269393402113257e-11
2634.9748655573526,65.09953809354231,-7.15306594149791e-12
2639.392657507351,65.31414877229295,7.011140533007016e-11
2639.6475116870497,65.3265402302366,-1.0322363168321048e-12
2642.5831047759293,65.46936018616698,-9.601099723507538e-13
2643.3658850869224,65.50747015041101,-6.1857363092336404e-12
2649.425827450908,65.80288272468087,-1.216474923590921e-11
2650.0252881633064,65.83214225132431,-1.823403777279543e-12
2650.4373280706563,65.8522576542715,-2.408721498585544e-11
2652.3736290962743,65.94682793985304,-8.97096000638425e-12
2661.4064579091832,66.38891014789783,5.582244789392464e-11
2662.574190252109,66.44617069027198,8.853483285740931e-12
2662.6416236267573,66.44947809838351,3.4345189092968196e-13
2663.024858900769,66.46827624884382,-8.7984286410196e-13
2663.4901205544625,66.49110152773666,2.4799704051902415e-11
2665.27934627426,66.57891633342463,-2.9463938852971994e-11
2665.6924352489364,66.59919902877553,-6.682674029630642e-13
2667.7723780644824,66.70137211439067,-2.534548707234472e-13
2669.606336803842,66.79152782897867,-5.4238557703485425e-11
2672.1857824940635,66.91843584401767,-2.1386134588948935e-13
2672.622239514419,66.93992153246975,1.1659203734314395e-11
2674.8326615589294,67.04878897323074,-5.552388628439334e-11
2678.5510349587194,67.23212889916087,-5.861715545450206e-11
2679.7407999661145,67.29084581489663,-2.0101290589202384e-11
2689.382245908632,67.76762930409654,-4.094346660322763e-11
2689.5845460325763,67.77765168010218,-8.294865329598433e-11
2693.341548173646,67.96391851704217,5.253378080383655e-12
2694.1507486694227,68.004071561755,2.1363720921729295e-11
2694.2144622143446,68.00723358073728,2.1237909439403875e-13
2695.064008209362,68.04940257096268,4.409330887335667e-12
2695.620071283376,68.07701112216641,-3.470403531314269e-11
2708.93887743568,68.73999235703023,5.18613319024712e-13
2709.200503584221,68.75304826262041,-3.6587528867983527e-11
2714.6972295283686,69.02764239752487,-1.0686807412627391e-11
2718.1984234852266,69.20283800530889,1.664894752952888e-11
2721.7016205138743,69.37835984557509,-7.418682053268824e-12
2723.5748756850844,69.47230893109393,-6.921577062089062e-13
2727.2847603579853,69.65856099240744,5.968643897019043e-12
2727.523686151441,69.67056477777004,-2.945551000381685e-11
2728.7466433124587,69.7320233976689,-2.852670517321565e-11
2728.9397870190205,69.74173218127386,3.1092293861211816e-11
2730.0560143734797,69.79785521018906,-2.076219057983042e-11
2732.7273105512636,69.93225905664809,-2.349313543139183e-13
2733.9526521608054,69.9939549860553,-2.1141873474053158e-12
2734.5595525326235,70.02452265134798,-6.541202183090254e-11
2735.7825096936363,70.08613977315778,-3.027861888400168e-11
2737.8862019315056,70.19219605396385,-1.7843703665409383e-11
2739.7269326396395,70.28506217245464,9.970409581111627e-11
2743.0657905950175,70.45366911419092,-6.586468572543483e-13
2743.402957468248,70.47070691310336,3.139005027553764e-12
2745.482232593098,70.57582362919733,3.088076002549077e-12
2752.1134987263326,70.91159598557219,5.746938774561948e-13
2754.9515184258344,71.05554585973704,8.678716390517166e-12
2755.4621807896647,71.08146339728431,-1.4957223010166966e-11
2758.8759117791083,71.25484314413603,6.731566224607222e-11
2761.078226473457,71.36681026890841,-4.276678742821178e-12
2762.0436586923756,71.41592164415395,-3.172519780051117e-12
2762.426893966363,71.43542151876993,5.50083144477627e-11
2763.984347238187,71.5146960905429,-7.665625385889023e-12
2764.824736815791,71.5574905880501,3.561901931839215e-11
2770.6542421126637,71.85470001965028,1.5838934574128439e-12
2778.4010679096336,72.25063012344629,-5.307976140054357e-12
2780.1468959909453,72.34000974516441,3.8359918791878365e-12
2783.977435784713,72.53631525268027,2.0362852842153814e-12
2786.978459176187,72.6902989632757,6.331154451484602e-12
2787.287489106675,72.70616483392612,4.167498700855473e-11
2792.800524813538,72.98950460221756,-2.6125052205501082e-11
2797.29624193634,73.22097421373336,2.7737470316716914e-14
2798.69202689731,73.2929143059323,-1.5691697303763546e-11
2799.5771494944606,73.33855296596077,-1.3524678772558429e-11
2801.7042097779345,73.44828738453921,3.7366010102568916e-12
2805.15828626653,73.62665973536903,3.2894355801465424e-11
2805.8478807085976,73.66229747730115,3.5484423814082485e-12
2806.724514578965,73.70761392746682,4.861580026550096e-12
2810.0755810907226,73.88097344722264,-2.6054721741963175e-11
2810.610660567547,73.90867367348753,3.167857521262011e-11
2811.0870817103764,73.93334168816071,6.005039958975141e-11
2813.752941300384,74.0714510525891,4.945891536046388e-12
2818.718021283244,74.32902438124671,1.8363243752347635e-12
2820.7868046094322,74.43648062614886,-3.584453684094277e-12
2821.103655576095,74.45294538469963,6.852737883465939e-11
2822.789489942171,74.54057872492977,1.670338023433226e-11
2823.6248243088257,74.58402062089304,1.6473464433247335e-11
2824.0968579313267,74.6085746010667,-5.173232257839445e-13
2826.993154587981,74.7593223889546,-4.4164871712767946e-13
2827.330321461195,74.77688144757501,3.639579489170122e-12
2829.0883580989644,74.86847083396232,3.786701022835654e-12
2832.950086974492,75.06985729654747,-2.914503131722737e-11
2833.362126881798,75.09136110888358,2.4710015468110262e-11
2833.8341605042956,75.11599975666208,-5.738546651441553e-12
2838.735526942186,75.37207800624793,1.5282409135109638e-11
2838.7887486885274,75.37486107413791,2.0088477232840833e-11
2840.2048495560193,75.44893088709719,1.2375247894042965e-12
2842.3048219640423,75.55883892430013,-9.64557116766947e-11
2844.487107065607,75.67314110238017,4.873366790240883e-13
2846.5270857584337,75.78006898820601,-1.2373523065540374e-12
2846.8869529867247,75.79893980710897,5.9082843917616014e-12
2848.4921914171664,75.88314480495713,-6.517038795376274e-13
2849.9750579686943,75.96097279339537,3.714263181789146e-12
2858.4721396131763,76.40772166009522,3.264216335457308e-13
2861.9478673894173,76.59084738274287,-1.3964941854285095e-11
2863.4538156727467,76.67026040036347,2.746856227097028e-12
2863.746249526394,76.68568612880777,8.493264351679113e-13
2867.402626138801,76.878691009914,-4.891237470166282e-12
2870.251137636703,77.02922271960065,3.524351566671981e-11
2871.3307393215646,77.0863141331592,-3.004863073955814e-11
2874.438492519449,77.25077795619751,7.30274937362027e-11
2879.0169037123314,77.49339383718606,-8.267873079048264e-12
2879.1443308021635,77.50015188509569,-5.1237940531364374e-11
2879.902026309445,77.54034215904885,-3.127040960796995e-11
2883.981983695024,77.75693621783755,-2.810371808535509e-12
2886.3804942348966,77.88440986347584,-5.848157941654358e-11
2888.5854796914914,78.00169172189626,9.239846283419167e-12
2893.4126407857525,78.25875818290163,3.136468802015393e-11
2893.68609411404,78.27333355952858,-7.53800551561827e-13
2898.094061955415,78.50847337121014,-2.5460162596211045e-12
2898.099498543068,78.5087636029829,-1.0807083148182211e-12
2898.2269256328996,78.51556644334792,-2.5849604228288638e-11
2904.4647510069312,78.84894555716579,-8.395032744255731e-12
2907.774804328686,79.02614166394257,8.714267441099587e-11
2914.028939465648,79.36149335613995,2.0213239519503225e-11
2917.474527227266,79.54655632897459,8.905702628999596e-13
2919.1793421186153,79.63820303273654,-7.213541753131932e-12
2920.4579054743767,79.70697062253406,8.338355642760293e-12
2922.5138125533545,79.81761082099769,-5.933276997936815e-11
2922.716112677274,79.82850196318336,2.3291891723247977e-11
2923.076647596151,79.84791379093083,-3.465174703508347e-11
2931.0593470468157,80.27832965054532,3.053182332601402e-11
2931.3039957417673,80.2915393006874,3.3923895012636936e-12
2931.6662474185714,80.31110087367657,-3.663315339295398e-12
2932.4195554055095,80.35178720846028,-4.369915614229476e-13
2936.18266182434,80.5551899740348,-1.5332675699743107e-12
2939.6068846120397,80.74050213708567,-7.737023818405089e-11
2940.3846097119826,80.78262117993,-5.4017209205269705e-11
2942.272744201877,80.88492271683629,1.60371740559414e-11
2944.893203081553,81.02701134034429,-9.299933346435186e-14
2945.7268206902277,81.07223894311103,-3.9615466267719585e-12
2945.8169544199473,81.07712988081698,-1.8546646752855658e-11
2951.0995530597197,81.36404159090593,-9.439421322185821e-12
2951.2540680249513,81.37244143941929,5.180818535614538e-12
2954.4489028133075,81.54621979569264,5.947368276748531e-11
2955.9267141538357,81.62666677789015,-1.2078628382583462e-12
2957.874174668308,81.73274128909242,-3.0151840655813593e-12
2966.872094568144,82.22374814806803,1.752690445455541e-12
2967.3742682051393,82.25119516572997,4.85120366433314e-13
2968.2593908022163,82.29958411561057,-1.6724533552297356e-12
2971.0306448173656,82.45117969919906,-1.0698615180070632e-11
2972.8290269542467,82.54963207659054,-4.839651091284965e-12
2976.757140136812,82.76488369803721,1.9022665054804095e-11
2977.420314394017,82.80125217495981,-2.534272829808179e-12
2977.6856603722445,82.81580601790434,6.531999061739445e-11
2978.7578223976016,82.87462576141502,-5.018626448835418e-12
2987.7906512089335,83.3710153146086,5.063471803669495e-11
2988.3057010930283,83.39936462929577,8.858252794912745e-11
2991.317883973372,83.56525869928166,-2.1093797442800787e-11
2994.4839141283405,83.73980596878786,1.4306252458991014e-11
2996.338188773936,83.84212022784084,-2.7444499232069757e-11
2998.108433968065,83.93985704714251,-5.990644989560709e-13
3003.366615494706,84.23050633284734,-2.7920437421819082e-11
3005.0565510670913,84.32402672940977,5.50657546986211e-13
3005.6614483670282,84.35751430284249,-4.7909345986693446e-11
3012.4031641356646,84.73119697932485,-9.429348488182477e-11
3012.860318439225,84.75656663282885,5.699282484793359e-12
3013.8355747659984,84.81070108347744,-1.4354398366128615e-11
3014.641055431917,84.85542485108587,-4.0837430694642895e-12
3015.4502559275584,84.90036719395452,-2.9384262802705616e-11
3015.915517581166,84.92621291228828,-2.1494877076066478e-11
3019.023270778841,85.09895376992117,5.7202738379496523e-11
3019.455340278794,85.12298393878287,2.0000015626714358e-11
3020.1100258092088,85.15940177248723,-1.7777644305626422e-12
3020.534274272981,85.18300542550416,1.1501687277038515e-11
3023.03579478952,85.32224840602419,-8.066627484335559e-12
3023.447834696788,85.34519497944666,3.2395065010222777e-11
3023.6016819714146,85.35376356252968,2.94824059316757e-13
3025.932091445898,85.48360993552522,-3.785844803498344e-11
3031.761596742022,85.80885797720268,1.793116377304924e-11
3035.584696875873,86.02250169955066,1.4162875720962058e-11
3036.2946072244154,86.06220277918851,1.637344798890925e-11
3036.5006271780485,86.07372599253566,-3.335322873986061e-11
3039.854078137964,86.26140286496592,-8.099136683131003e-13
3040.46097850969,86.29539036074912,-3.5850066209386655e-13
3040.501991699522,86.29768741677034,-2.687894887698649e-11
3049.8272543642342,86.82077875042238,4.755448668255111e-11
3051.561541579411,86.91823852506428,7.883427971933264e-11
3053.331786773499,87.01777612938821,-2.2400806896804084e-13
3054.7275717342977,87.09629923062502,-7.158675320127306e-12
3057.0820169450258,87.22883529925647,4.3982042155180785e-11
3058.7492521622926,87.32274880448945,-2.314645704650062e-12
3059.2843316390536,87.3529000898061,2.61060891575223e-12
3064.6492429720984,87.65549993397876,4.545070510878478e-11
3065.3693588053384,87.69615735549469,1.0633510559103641e-12
3066.1111259263275,87.73804718662153,5.577682354775559e-11
3066.3042696328566,87.74895625858841,-3.878085203282986e-11
3068.6305779008426,87.88040393065484,4.6673372838891177e-11
3072.2984953788123,88.08786151547281,1.7341977614346307e-12
3080.2635496847956,88.53921876592743,-8.969721172531702e-12
3087.1283050227175,88.92916280546594,-5.750488358876147e-11
3087.7077361422985,88.96211641007893,1.4372618623325954e-11
3087.861583416921,88.97086710389287,-1.999996661995884e-12
3091.208930098515,89.16136909772993,3.230839276081241e-11
3091.822602439078,89.1963164027541,-6.239331227582094e-13
3094.327842785266,89.33905635758889,-6.639694163979186e-11
3099.9862370391775,89.66187760129982,6.534320505348166e-13
3100.256638228315,89.67731922550895,4.873776033526725e-11
3103.5666915497836,89.86645343627347,-3.01837285435632e-11
3108.793016303737,90.16549301125801,4.072138620808328e-11
3109.22136597395,90.19002460924979,-9.186187828639751e-11
3110.254231567343,90.24919075223644,-4.3499878178485816e-13
3110.5632614977835,90.26689688369581,4.496375843433569e-13
3111.082412588306,90.29664604488606,4.2048589142485744e-11
3115.1040930162094,90.52727050320598,4.217725407411656e-11
3115.8563519357585,90.57044209084883,5.607411423414933e-12
3116.413464076987,90.60242106665065,1.3886565417203862e-11
3119.512060857155,90.78038896224307,1.6421249262448246e-11
3123.0037170192186,90.98114416030201,-1.8432304703064472e-11
3126.8898630072367,91.20484489677118,3.706758707843257e-11
3129.560110117185,91.35871530641633,4.7611537879818965e-12
3131.3584922539467,91.4624193564874,-3.745890510782553e-11
3131.8305258763817,91.48964913649536,-7.894158756532074e-13
3131.8864183851106,91.49287362926302,-9.053177846601209e-11
3136.994853843296,91.78782718459132,-1.2262471251221683e-11
3142.086311847916,92.08227880113144,2.7863476221298444e-12
3145.4393814309587,92.27645590476253,2.3523015491719123e-12
3149.2967227856143,92.5000916809762,7.130108012902165e-13
3151.9527582672395,92.65423908922236,5.174104847198946e-12
3155.4725513719895,92.85871630952965,2.1183440855670493e-12
3156.9879423863695,92.94682100631465,-2.738557433839333e-12
3160.153972541122,93.13103022497073,4.531853189555487e-12
3161.278020931535,93.19647517767868,-9.154070509227934e-12
3162.7026105256027,93.27945184329207,1.6657408390302995e-12
3165.1190525232096,93.42028544498045,9.009239802023607e-12
3169.0715828184684,93.65087626688006,3.612056370824575e-11
3169.802858140853,93.69357045382947,-1.3349869827416221e-14
3171.6405367094894,93.80090347422492,-2.0018418250058276e-11
3172.8468977934276,93.87139704996622,-6.700915578988021e-11
3176.8201253719553,94.10376170742487,-2.046911696041901e-13
3179.733018104981,94.27429997793277,3.214116193476182e-12
3184.0975883074607,94.53012073178306,-8.076018368046252e-11
3184.1362170487646,94.53238644655936,-5.2989218210839346e-11
3187.148399928869,94.7091464584612,1.2618104112238016e-11
3187.3395405635924,94.72036855518823,-7.2621868433917906e-12
3189.7061943307003,94.85937340042935,7.896516031767048e-12
3192.1687047290357,95.00411789021368,1.6417025305595345e-11
3192.411350352163,95.01838646115277,3.8404367189084304e-11
3192.6302465528865,95.03125939788359,4.132874934339852e-11
3194.8240725200203,95.16032355810643,-7.286566130467093e-12
3196.6353309038386,95.26694784104507,3.196733100542641e-11
3198.579071588393,95.38143825193951,1.106946750195523e-11
3199.197131449253,95.41785785969076,1.6701717174583558e-11
3199.312349982565,95.42464797016699,-5.12080377520838e-12
3206.6152790983456,95.85552643945798,7.011347236492852e-12
3208.2336800895064,95.95114633191619,5.640534666426625e-11
3209.656266611754,96.03523677395388,4.018078304370258e-12
3211.799255281068,96.16198124801318,8.886758860114656e-11
3213.2153561483306,96.24578124218807,-1.6643065919395218e-12
3219.278350649776,96.60498611906318,-1.937836133201847e-11
3220.922217821263,96.702494466357,-1.4217760932520331e-11
3224.29493562016,96.90270791153735,1.3506501940406276e-11
3225.208195159874,96.95695746345234,1.3589605696154785e-12
3226.554859580702,97.0369802140925,-8.118947576467854e-12
3227.4314934509084,97.08909032159485,-4.4583621872776224e-13
3231.0505767026452,97.3043708307029,9.401798762420752e-13
3232.3311431300385,97.38060288045469,1.9951502730948566e-11
3236.3325076512097,97.6189985526096,-3.2632471633719145e-11
3238.793014977707,97.7657385592392,-6.942515846752438e-11
3240.413132726778,97.86242021021282,-7.824239953434032e-12
3240.423624525353,97.86304647314441,-1.0457247981210876e-11
3240.4788493434803,97.8663429153083,1.0477970934903302e-11
3241.8292335940273,97.94696661288816,-6.392584942302905e-11
3244.1352259553078,98.08472184692853,3.6350355556211835e-12
3244.341245908924,98.09703382119923,4.041122417586488e-11
3246.8420987346462,98.24654982829738,4.664557943114045e-12
3247.3920575302664,98.27944512256316,-4.7157665654145025e-11
3250.961352551502,98.49307473508954,-4.694298450650963e-11
3260.7474893487047,99.0799988261452,-1.3725142211303582e-13
3262.096156841313,99.1610235460213,1.3432403151421833e-11
3264.46109385043,99.30318419901084,-2.7919380325628013e-11
3265.4116467502354,99.360352684705,-4.198549342699255e-11
3268.129011328129,99.52387317775559,1.6481513493162972e-12
3274.7369094141513,99.9220784785027,7.428106091583936e-11
3275.7484100336032,99.98310453556238,-4.623058254549651e-11
3276.700966005202,100.0405915637594,-2.7580883882248726e-13
3277.475257589184,100.08733259963554,1.129009177595574e-11
3281.5264103407685,100.33206532143514,-2.7110657723044353e-11
3283.538252090494,100.45371431056937,-8.597492639330826e-12
3283.6534706238026,100.46068342696185,1.1610901227006175e-11
3289.1756627468644,100.79498585795258,-2.829542206785478e-12
3290.2790138539444,100.86184785048444,1.6609732275532105e-12
3293.0363425543155,101.02903730494185,-7.886724286851341e-12
3294.306417183106,101.10609485237948,-1.1542607393285545e-13
3301.1569608921895,101.5222411497504,-1.5200415116954717e-12
3304.0698536250875,101.69945101990884,5.924707391366267e-11
3304.6235322504226,101.73315250516019,-2.435890240492564e-11
3306.017314139295,101.81801466085842,-6.476346757676685e-11
3309.193168401857,102.01151418971867,-6.78278011767299e-12
3311.06642357258,102.12573563188711,-3.4788984496088728e-12
3312.0379600695196,102.18500037412882,-8.982346546663908e-11
3312.6173911890537,102.22035455546573,1.0405108992292314e-10
3314.7847969712966,102.35265436973847,4.954961825371906e-12
3317.4316760353904,102.51433890097182,-5.248760339840944e-11
3317.7363184454853,102.53295625535645,-3.1528044969482377e-12
3320.5939863602416,102.70767773407721,8.696680691590397e-12
3324.3404967016745,102.93697206588482,-9.071806779083197e-12
3327.7169343301757,103.14383867785428,5.415460512994893e-11
3328.836213823468,103.21246071884441,5.603919060155508e-13
3331.376363081021,103.36828064967315,2.9820367117288284e-11
3332.2902903112995,103.42437260259268,-4.287437661953582e-11
3340.0137480607464,103.89901145230583,6.588131183737794e-11
3340.2197680143568,103.91168728823226,-8.029889034299546e-12
3340.7660069802355,103.94529964033761,8.049198578160026e-13
3345.839533526469,104.25775740462029,-7.741592932334541e-12
3346.2515734336885,104.28315407636002,-5.0802729389031405e-11
3347.7832742109244,104.37759007595227,6.281580844647034e-12
3348.2356596173736,104.40548986628528,6.111816558611566e-11
3349.7676467084766,104.49999951380819,-2.5582415432067255e-11
3352.8184583297125,104.68833557087224,1.6381561751709069e-12
3359.570379582184,105.10576220407222,1.7664960659531184e-13
3361.0935916326357,105.20004842482389,7.397199738266405e-12
3368.0705133640495,105.63246332517127,-6.073236006822109e-13
3374.206377827461,106.01349231727676,1.1137267487584252e-12
3375.563534046797,106.0978635685516,3.054613208422448e-12
3376.027078942415,106.12668885182242,9.845766968086759e-12
3379.9281042489883,106.36942877358433,4.830919322491536e-11
3380.878657148759,106.42861906717197,-1.0843138227198103e-11
3386.183574766006,106.75925838355259,-4.8325765404461984e-12
3388.9260241473944,106.93039014693075,2.890696537376216e-11
3389.195757645905,106.94722928790738,1.1507612392687066e-12
3390.203919812327,107.01017951684803,1.9183755701597666e-11
3392.73624803365,107.16838213305726,6.092337057188972e-11
3394.2160624457324,107.26088554041486,1.497219250475843e-12
3397.0571342835947,107.43859440687707,-7.393258268386959e-12
3400.6264293046574,107.66206432518636,5.446707990863948e-13
3401.244489165476,107.70078425894886,1.523182012054935e-12
3401.4749262320856,107.71522237660747,-1.8996501944278166e-11
3402.0137255385057,107.74898485915844,-5.668715516585813e-11
3402.6646912391057,107.78978309572386,-1.6176533157957628e-12
3404.1462224091106,107.88266479657077,1.88182402327921e-13
3405.746024251546,107.983006648627,4.2896103456389386e-13
3407.427471096904,108.08852020735723,5.607272686855454e-11
3408.595203439446,108.16182797852372,6.265193756691166e-11
3409.045872087958,108.19012672251034,9.955539174342115e-13
3410.281037805126,108.26770540853323,5.144114404615191e-12
3413.5124982624393,108.47080095682605,-5.2157773180027645e-11
3414.484702449946,108.53194110709208,-2.219742742400125e-12
3414.615849369476,108.54019003069442,1.2334354155788942e-11
3415.627349988883,108.603822386294,5.1611259375369146e-11
3417.987899477561,108.7523951879769,-6.637674402683081e-13
3421.3257083646636,108.96265180134114,-1.7672866251682682e-12
3425.2260659805834,109.20860473391194,-1.522902711830235e-11
3426.8424638998326,109.31061541814368,-3.2564279322701825e-13
3427.50497046633,109.35244003598751,-2.3197680491965508e-11
3429.7668974985195,109.49529838903173,-8.97594860319719e-12
3430.0925235057507,109.51587197425103,-5.914801049741848e-11
3434.378500844071,109.78684909669555,1.8195545269224635e-12
3435.6055592111816,109.86449108179161,-5.138711341471541e-11
3440.1717618465746,110.15366070131981,-2.417310025657807e-11
3448.4468951492777,110.6786891327962,-8.221104975741825e-11
3449.439415243324,110.74174580106892,-4.3007204074491545e-12
3453.2740562425133,110.98553824316872,-1.43478871457023e-11
3455.480758456563,111.12595508179957,1.701439097607615e-11
3458.706400949451,111.33137050229881,3.813018967073278e-11
3459.686426173124,111.39381844727976,-1.1764867292682596e-11
3461.242162686579,111.49298748360293,-5.0971681360630876e-11
3461.448182640182,111.50612338473162,1.0454834352401388e-12
3465.2695660155273,111.74991781596107,6.959462089895319e-12
3466.5084515623994,111.82901326808349,-2.5462090646795532e-12
3470.048941950063,112.05520831129547,1.8367980970413993e-11
3473.267144783489,112.26101336233617,-6.55431632263558e-11
3473.3057735247903,112.26348484083172,-6.7534648177646336e-12
3475.9611413155335,112.43344195798484,2.3357772510832448e-11
3476.433174937914,112.46366812027854,-1.8788435034544053e-12
3478.38607203967,112.58876339011607,-6.752441703097109e-12
3485.0061786817623,113.01334533818482,-2.689099927531176e-12
3485.5856098012664,113.05054569851089,-7.840782349501923e-13
3489.673388222095,113.31316301832445,2.8762862434353396e-13
3495.51576976438,113.68903830024965,4.1437054288343046e-13
3496.1226701360097,113.728119874106,-7.229340303040735e-13
3498.3537894630335,113.87185194772604,1.6242822872093627e-12
3500.972531584254,114.04067224290242,-8.258102528142478e-12
3506.6708899598952,114.40846014027255,-2.2214908481955004e-12
3507.6790521262815,114.47359200381743,-2.8736902248236483e-12
3508.447907122556,114.52327611901482,-6.224071238779979e-11
3510.0053603939186,114.62395354833416,-5.424431164277641e-11
3510.845749971274,114.67829686001019,3.5777563561884655e-11
3514.085317778541,114.88790339643793,-4.419702233648912e-12
3517.389934511905,115.1019179119079,6.131133200766528e-12
3517.9459975857294,115.13794959719799,-1.1320865986453277e-12
3518.4498879805556,115.17060552490301,-3.163382928553117e-12
3519.911103243963,115.26532982777401,-2.1962788847464003e-12
3523.221156564973,115.48005181295537,-6.425750050809519e-14
3524.963264816051,115.59314282145075,1.0040016894089819e-11
3529.6484058143524,115.89756161323756,-1.2102615165607584e-11
3529.7642920382523,115.90509648843948,4.938799097502992e-12
3530.0828597627574,115.92581090721491,3.185437009142729e-12
3530.5335284112543,115.95511819595842,-1.0650804179046546e-11
3532.99947232518,116.11554644858228,3.922063411573229e-12
3537.2014202119262,116.38917291115277,-1.6635518512141155e-11
3537.808320583549,116.42872051048774,-3.1222431577407905e-12
3544.9801027790313,116.89657094861839,3.4749621861787587e-12
3545.5981626398247,116.93693436098746,1.5302702966557186e-11
3549.36975778461,117.1833970509467,4.3072300234808015e-11
3551.265713310276,117.30739115741716,-2.7111680516726753e-11
3554.8658160363034,117.54301748523228,1.493964747901315e-13
3556.833973833643,117.67193413489755,6.690517905973638e-12
3561.7231317137057,117.99248851463307,8.128403846143218e-12
3562.716700875049,118.05768504836276,1.263098225072178e-11
3565.640753096895,118.24966252281793,-5.557863059710391e-11
3567.410998290679,118.3659637986211,3.921651566632769e-14
3572.9558907683504,118.73062481367656,-2.5487153389993874e-12
3573.1453146451217,118.74309231902637,9.546512278715568e-11
3576.709173078357,118.97778163951517,-1.3163779233068678e-11
3579.193716140872,119.14153365221885,7.972778551961755e-11
3581.975461954011,119.32500872002119,4.405689008540329e-12
3584.756540076547,119.50858223901761,-1.7291302654529654e-11
3584.871758609845,119.51619066225383,-4.52547299506666e-12
3588.325835097421,119.74439317627683,9.177848872893111e-11
3588.893439037139,119.78191442608288,-7.133188709937718e-13
3594.447774246022,120.14939489549624,-1.7464019894806606e-11
3596.4569452331675,120.28246365630929,5.176317391995637e-13
3597.459957125746,120.34892164284105,4.158632924366486e-12
3597.8056127256414,120.37182853151305,1.9634014633939313e-11
3602.4802619252805,120.68183763366514,5.410664122420403e-12
3607.148520532795,120.99182464039109,-4.308601217927039e-14
3609.5086886446175,121.1486999858425,5.504485213470908e-12
3611.093229791336,121.25407862932602,9.079203936558637e-14
3613.4236392653634,121.40914468020597,-3.46107781157548e-11
3614.8397401324555,121.50342126409693,8.596640334291046e-11
3616.2721507625015,121.5988212470226,3.539922553165486e-11
3617.837043693268,121.70308788462005,-2.4310740396672976e-12
3618.545237283747,121.75028866439682,1.858981999078928e-11
3618.8000914633444,121.76727683977622,-5.308336506505702e-12
3625.923039432673,122.24256527252274,3.538049372312088e-11
3627.1623063562215,122.32535249766379,4.301069159718504e-12
3627.3456259547406,122.33760126928784,-4.070443343774971e-12
3628.578407223308,122.41998746213147,-8.173945034451204e-12
3629.177867935469,122.46005925605644,-6.875026444950676e-12
3629.552328168686,122.4850939356608,-1.1414148924495025e-12
3629.5899078426555,122.48760648150139,-6.386620919386693e-12
3630.6986955372786,122.56175081442095,3.933877066131951e-11
3632.4015073564105,122.67566147536077,-3.622741476703146e-11
3638.4221532860734,123.0788446305867,-8.146870309782487e-11
3640.707448363808,123.23205826550043,-5.662559600451308e-13
3642.103233324342,123.32568356394188,9.083587474597471e-12
3642.2191195482387,123.3334584968162,-2.2045207862212976e-12
3642.4495566148325,123.3489195054248,-9.788106346926418e-12
3642.642700321326,123.36187909647911,6.57549921147931e-12
3642.704410794429,123.36601990172234,9.617450654516464e-14
3646.6440648420125,123.63051795475252,1.464481360555706e-11
3647.068313305698,123.65901793713712,-1.3005852514857068e-12
3647.5579920722116,123.6919174904148,-4.771691480290241e-13
3654.227886944479,124.14048081527599,-5.106437067034786e-13
3657.7036147197396,124.37455501580243,-1.5541906647100857e-11
3664.4633570078195,124.83042967027427,-5.200986778930779e-12
3666.046849087186,124.93734150390566,1.0605849087721453e-11
3667.085818958651,125.00751420213723,4.358772066078784e-11
3669.097660708155,125.14345182807006,3.920573601630689e-11
3674.1674674242017,125.48634298985655,-2.4313613600775554e-12
3674.7726510378757,125.52730559309363,-9.201454890619582e-12
3675.3531312246796,125.56660245331089,-6.158958420333747e-13
3677.6872605283947,125.72467903742569,3.4855808696552515e-12
3684.27923022742,126.17165556652753,-4.564824543987265e-12
3688.6123250335263,126.46590234547882,2.465437640580417e-11
3692.439144996297,126.72605720618957,3.814664897925424e-12
3693.849809275709,126.82202502912432,-2.833486313622769e-12
3694.184305386425,126.84478625479186,1.971891119535723e-12
3701.3428299577945,127.33239146206581,-2.6969079015122593e-13
3707.713519007568,127.76712684202874,1.4979706634900503e-11
3707.8992230546096,127.7798104873881,-1.9167526684366856e-11
3709.9158337011463,127.9175865397288,-4.200256238162e-12
3710.495264820617,127.9571874767788,-5.676150436453675e-12
3714.0357552080586,128.19929491127783,-4.7354680488870615e-11
3714.2804039029447,128.2160331193763,1.892223254656553e-12
3714.935089433215,128.260830371816,-8.027964669544538e-12
3716.0120203553665,128.334537195705,6.572574981817484e-13
3718.8500400538605,128.5288780023444,-3.4244623834648156e-11
3719.262079961038,128.55710584455946,6.831754149732629e-11
3722.21837033195,128.75972575263768,-3.3869872797481245e-12
3722.5555372050594,128.78284491480994,1.1834964186642898e-11
3723.7066734706796,128.8617928437494,6.560638535309993e-11
3726.63177475974,129.0625137417295,6.448676918085244e-14
3733.8116643049307,129.5558670960331,3.13655510596781e-11
3734.4216168156504,129.59782266148719,1.4454302563649162e-11
3736.7882705823813,129.76067775413821,3.58333516135426e-12
3738.0284915103634,129.8460615162395,1.784766524924651e-11
3738.374147110247,129.86986343449271,-2.364461702562592e-12
3739.328419839652,129.93558628325627,4.614442239768919e-11
3747.0274604752467,130.46644965395785,1.7097977823165313e-13
3747.64552033601,130.5091133923382,1.3955523395421243e-12
3748.653682502336,130.57872040378945,-8.16389196326137e-11
3753.6299219727384,130.92257151262356,4.716702996448053e-12
3753.8891636726494,130.94049724818757,-2.1039660235794002e-11
3758.0948313888907,131.23147868948516,-2.818996504022599e-12
3761.4712690169977,131.46532320730802,3.324503346310948e-11
3762.5905485101584,131.5428883475394,1.899302457533889e-11
3763.130015507127,131.58028120461557,5.398827521463322e-13
3764.1957869400967,131.65417032033028,-1.8254941565203587e-12
3767.041246298007,131.85154633854683,7.141769009126757e-13
3769.056807877188,131.99144652450698,7.675037309764134e-12
3774.485432753965,132.3686197355231,2.5545539758298706e-11
3774.985603319037,132.40339819439333,-2.761390689797656e-11
3781.6731433352593,132.86884696119063,3.484015546901118e-13
3785.9547331528724,133.1672756063575,9.872013728374515e-11
3786.8038977708147,133.22650287225702,-1.5769003801689756e-12
3787.6263558900914,133.28388008445384,1.9728896696156824e-11
3789.2281608041644,133.39566269559703,-1.7505981141135947e-11
3790.239661423474,133.46627502631443,1.5921057715371916e-11
3793.3247142653295,133.68175735734553,1.9815658707834603e-13
3799.3809367969397,134.10527749822623,7.576944475923267e-12
3806.0874573384767,134.57506223773984,-3.693124753979608e-12
3808.9288154899064,134.77434626700264,4.6551621883621584e-11
3810.6702560502654,134.89655899988108,-5.1421642158754506e-11
3811.6705971803995,134.96678730239114,3.414080778435374e-11
3811.9409983694773,134.98577380787444,-1.108513712029789e-11
3813.6675596109408,135.10703788768575,-2.9513136324425345e-12
3813.930521140574,135.12551166474088,-7.240620362775543e-11
3816.96130316876,135.33852445457688,-1.4422510431607431e-11
3817.941328392346,135.40743987920547,7.573646161236057e-11
3819.3574292593707,135.50705141785585,3.2809888181728484e-13
3823.783042243564,135.81859653869148,5.489452534600714e-13
3823.9897298877454,135.83315532498395,-1.4672587990498487e-11
3825.382844085828,135.93130485239698,-1.0847313884972142e-12
3825.846388981391,135.96397105842593,-2.3317447278139503e-12
3826.2845627594875,135.99485299010436,-6.34662372377072e-11
3827.6447711177916,136.0907412786977,-3.3511396147772092e-12
3827.970397124991,136.11370143595286,3.2265539087774397e-12
3831.7169074659223,136.37801147341125,-5.1275102825500065e-11
3833.0262785264267,136.4704463841193,-4.9552417372998943e-11
3833.1493180958964,136.47913397269522,-5.775504337011627e-11
3837.2299431707997,136.76741709165518,2.001270916582713e-11
3844.0709490847908,137.25140044415627,1.7023951410667957e-11
3844.265809549203,137.2651989420306,-6.130285177479151e-11
3848.1231509030927,137.53848972774193,-1.2240220736469333e-12
3848.2390371269826,137.54670445197928,-6.897572870588822e-13
3850.483319014784,137.70584166290934,-7.966544770489467e-12
3855.040078918463,138.02923716084604,-4.083681651526567e-12
3857.123741562824,138.1772431644177,-1.752739822629992e-11
3861.877365002705,138.51520025226122,-6.343965444547088e-12
3862.4344771438136,138.55483518282824,-1.3212064978266096e-11
3862.827917902359,138.58282939618638,-2.076837159543253e-12
3866.5107146983696,138.84500710958196,-2.5590338864978523e-13
3871.1450183984957,139.17527744999285,3.5753870719893636e-12
3871.3642959759068,139.19091438535617,3.1516449601106166e-12
3871.5537198526654,139.20442313215446,2.2874209698903696e-11
3872.1531805647933,139.24717797474597,3.67434787532447e-12
3872.1846559605106,139.24942305137603,4.142785371545424e-11
3872.5652204719586,139.2765693963178,2.1072991223117626e-11
3872.6455300936755,139.28229836568227,4.646655834356952e-13
3881.075178360692,139.88429669682859,-3.2180910872346946e-12
3883.617330689679,140.06609989229395,-2.225675388266964e-12
3886.734240303922,140.28916957912526,-8.420735140678175e-11
3886.9751691690763,140.3064197267933,-3.962727604406233e-11
3887.695285002143,140.35798532133083,8.216050907872423e-14
3888.5326224403,140.4179568570133,-1.3555749647276017e-11
3889.2536922778336,140.46961145865362,2.4526974257872777e-11
3890.956504096866,140.5916322019878,1.5223454558375265e-12
3891.1103513714534,140.60265927993845,3.568481594237427e-12
3903.093366272833,141.46288719610826,5.095039941184804e-12
3908.3308505147706,141.839702587022,7.552797674153527e-12
3909.4542312143512,141.9205910094196,-4.443118923414087e-12
3915.0925958742737,142.3269295667637,-4.0864454354345615e-11
3915.1525895894456,142.331256266908,1.2087373574651322e-12
3915.335241497354,142.34442938884993,-5.7804100110095785e-12
3915.554137698034,142.36021731160264,3.325420057418433e-12
3916.327761591289,142.41602212809383,1.725616058098682e-13
3918.75946428402,142.5915030839784,-2.0511958099416597e-11
3925.5707115601085,143.0836085540623,5.527439345796765e-12
3929.4161306713017,143.36181348440275,2.1398895789671384e-11
3935.0792938209306,143.772022893311,-6.210702867199179e-12
3935.158935752051,143.77779594359922,5.6018577494564105e-11
3935.7272073823215,143.81899196599056,5.5870752152106835e-11
3937.430019201338,143.9424704418823,3.258797222986934e-12
3942.656343954071,144.32178809043216,1.9800795597045556e-11
3942.857976387328,144.33643230541668,1.6248723515482987e-13
3944.6000846382376,144.46298980351426,1.1117236186414914e-11
3952.2042226467565,145.0160559121667,-1.0721094472284729e-10
3952.5095327474005,145.03828404586662,-4.757364466790238e-11
3953.9744678403868,145.14496268312521,4.2438346632433535e-13
3955.909719797773,145.2859510630811,5.04310428751487e-12
3957.820268328289,145.42520740484673,-8.45485849861399e-11
3957.9104020579807,145.43177874625943,-3.3717465821871406e-12
3958.3824356803084,145.46619554443956,-6.578180274079521e-12
3958.4583577817034,145.47173154099949,-2.6055689275278627e-12
3961.6979255886363,145.70804937961475,5.596880095146656e-12
3963.5186267033296,145.84094953112222,3.0317741299682565e-12
3964.2878630762543,145.89711747581006,-1.194716293773504e-11
3970.31594866493,146.3376523928534,-1.528011408206476e-11
3971.622648963003,146.4332348509801,5.5089653908975077e-14
3976.095665729002,146.7606650049831,-3.1980071576824395e-12
3977.611056743045,146.87167701363444,-1.43907520087439e-12
3982.4853353037524,147.22903570734738,2.786181065643894e-12
3987.0207302334397,147.561942146714,5.9073014610767264e-12
3988.00209083819,147.63402570793525,4.857262612948625e-12
3988.3355378815545,147.65852232311235,2.8669524135554113e-11
3988.850587765498,147.69636437692066,-4.8015965323911446e-11
3990.8475501959683,147.8431326003452,-4.7170000374545776e-12
3995.0680972309,148.1535665018698,-5.698421874233985e-12
3997.6608005437593,148.34443031023534,-5.0722201839932136e-11
4004.7207026582073,148.8647779770764,-4.243799897792103e-11
4008.530258853304,149.14594139144455,-2.0807489087426595e-12
4012.032120499229,149.4046312983659,6.101033763280428e-13
4012.7176137345773,149.4552965670939,-4.68936682742292e-12
4013.2029049807293,149.49117000442587,-1.1341763683333652e-12
4014.7372765201117,149.60462153049986,5.339179016772591e-11
4015.4600631155563,149.65807944201123,1.316205861216783e-11
4020.5684985725293,150.03617803592263,-7.6320811303128e-13
4027.5474233746336,150.55349702714483,3.0670158480947866e-11
4027.6626419079207,150.56204523144135,-1.4603477573255255e-11
4029.6266984986028,150.70779861207566,1.699849588473545e-11
4032.6388813780422,150.93147189701148,-4.047777451632694e-12
4033.838470492859,151.02059537271225,-8.745539359166368e-13
4034.961851192413,151.10408097916263,6.133451207624514e-11
4036.234596583367,151.19869491976226,1.1659708982929558e-11
4037.311527505447,151.27877561923393,-5.10852702418554e-13
4037.659186177106,151.30463211715397,-5.2664288108921785e-12
4043.608678901911,151.74746016470166,-2.8015238216636917e-11
4044.521938441435,151.81549291898244,5.467393844429247e-12
4044.6876128957865,151.82783639037703,-5.357742011944697e-12
4045.2637055622235,151.87076174928075,3.747212453177116e-11
4047.0620876985477,152.00480069984846,-1.0491515627741276e-10
4047.1779739224326,152.01344009965706,-1.0754478661161152e-11
4050.0908666547984,152.23067956771902,3.6696836722638653e-11
4053.724161534078,152.5018646817045,-1.8094207195126253e-11
4055.214181430634,152.61314843016947,6.452938196167105e-12
4058.05897309778,152.8257283530102,-9.020789622861e-11
4058.6584338098864,152.87054267508387,-2.5212210280362915e-12
4062.341230605758,153.14600545704064,-2.4319032416670483e-13
4062.9376391787396,153.1906386373156,-4.498561661938358e-11
4063.8847585625017,153.261531281289,-2.577964926911845e-12
4063.924722684994,153.2645229911747,-5.785317484141563e-13
4064.1551597515686,153.28177405894593,5.573187723432515e-11
4064.768832091969,153.3277198033095,6.216338310109193e-12
4064.9643602469714,153.34236048421147,2.1234920453992832e-11
4067.4652130721797,153.52968047395774,-7.0417372697400436e-12
4077.164935967433,154.25730340099835,1.4453970061620298e-12
4077.8216245694493,154.30662741451502,-6.4001654690478704e-12
4079.409217855135,154.4259046833255,1.2920229249267112e-11
4080.7240255032275,154.5247224767343,-2.0142994452875518e-11
4085.9036141644815,154.91431777380305,1.777696564973398e-12
4086.787020003347,154.98081461340206,-9.105852074569582e-13
4092.8825389665044,155.44003602179353,1.5127444886808885e-11
4097.130268939614,155.76045421114594,-7.604761629874266e-13
4098.098371920515,155.83352744239318,5.932546780688097e-12
4098.95097005426,155.89789656760576,7.921724784557359e-13
4103.91605003515,156.27301430475822,-1.3315356244750975e-11
4104.495862531305,156.31684944426667,-8.848766419888793e-13
4109.951575283119,156.72961697876718,8.9560485090178e-12
4111.50158889483,156.84698770156956,-2.1860960780083626e-13
4112.338926332951,156.91041129855708,8.953208271815021e-11
4115.851279777384,157.17659301088486,-1.66928979868499e-11
4116.147433460644,157.19904723806118,-4.622565009715439e-11
4117.139953554542,157.27431140567984,-3.726577368023986e-12
4122.656709088843,157.69298533071745,8.17376004711439e-14
4124.591961046171,157.83998700627637,6.235763285180109e-13
4124.937616646027,157.86625025587804,-2.5586433077245962e-11
4125.176542439375,157.88440535710828,2.953310687771232e-11
4129.028733519277,158.17726448620775,2.7579065675533473e-12
4133.2405055134595,158.49777322522607,5.467453542979875e-11
4134.625130984684,158.60321225639026,1.4230991873529658e-12
4137.539740474934,158.82527476230658,-8.422054938358648e-12
4140.051752789282,159.0167891621497,1.1422688581491234e-12
4140.718646875996,159.06765231646625,6.603759884305057e-13
4141.46785365622,159.12480312578893,1.680241679052038e-11
4147.996109809739,159.62322754869857,3.713163127756497e-11
4148.034738551033,159.6261791425389,6.412750198691211e-11
4150.114013674958,159.7850955920366,7.813798683503454e-12
4154.616216450866,160.1294663455528,-5.960337077932772e-11
4155.972704979362,160.23329652536594,-1.0524052454255818e-12
4159.533511273037,160.5060138460205,-3.230471793893241e-11
4160.63686237989,160.59056540790766,8.726397124171378e-11
4160.8428823334625,160.606355531357,1.2121740098538434e-11
4162.477593087195,160.73167346243739,-3.571207549883771e-11
4170.390761025775,161.3389976578285,-1.3442327885460107e-11
4170.561585753906,161.35212092764993,4.721875903581266e-12
4171.319281260903,161.4103358570696,-4.7777193030764345e-12
4171.782826156437,161.44595594948126,1.0955709474620162e-11
4172.2474201193,161.48166062674423,-1.1438167818342113e-11
4172.363306343184,161.49056726007416,-1.3934423653091937e-12
4173.207415750143,161.55545019132472,-1.7371461329407425e-11
4173.525983474606,161.57994048513672,-2.3296124795593145e-11
4183.832606741223,162.37328371267117,4.615912031119519e-12
4184.166053784577,162.39898318184166,3.4803626615140893e-11
4190.453381072909,162.88394419789162,2.619287720427381e-11
4191.3300149429115,162.95161952440066,1.7588533646613075e-12
4194.640068263452,163.2072802272328,-2.1651043207176865e-13
4198.308939744811,163.49089102629276,-5.254754292864462e-13
4201.309963134994,163.72306024645601,1.0162519011436133e-12
4208.274676308587,164.26251305889878,3.0799552131695354e-11
4209.54913845743,164.36132341246844,1.518901497381105e-11
4210.0100125905665,164.39706282143467,-9.083906686185348e-13
4211.290579017659,164.4963874526186,-7.872755665615117e-12
4217.276316035057,164.96106003741622,8.243130267486984e-11
4219.565712318981,165.13896029258987,-2.9493670002656883e-11
4220.78866947943,165.23403119271003,3.9400228164516876e-11
4220.981813185901,165.24904842095623,-1.694556338822811e-11
4223.97911674635,165.48218158306517,1.3243606565672238e-12
4224.646010833054,165.53407575509024,4.4278647207176706e-13
4225.418585658937,165.59420368631086,-1.5496111660151917e-11
4225.994678325357,165.63904696574582,3.133523304160371e-12
4229.594781050885,165.9194188509721,2.7968961177287824e-12
4235.838424386957,166.4062327325435,-4.029522286367792e-12
4237.009208868412,166.4975981901867,3.017738628338466e-12
4245.375143589985,167.15119225350492,-2.3483765041559197e-11
4247.551992103011,167.32147132981783,1.3276144360563984e-11
4250.715637808392,167.56909600856324,-3.10785766805842e-11
4254.5363534925,167.86839660789892,-3.193399640120701e-13
4254.700406251781,167.88125390936577,4.15475008294626e-11
4256.026373389006,167.98519208490282,5.160321893294341e-11
4256.228673512852,168.00105256963798,7.757029574455069e-11
4256.541423272926,168.02557387411022,-9.530091816752052e-11
4259.553606152252,168.26183785364708,2.269358419470179e-11
4261.543128923185,168.41797998019186,-2.168092743886919e-11
4264.573910951125,168.65598256479132,2.952585466568185e-11
4265.055482367533,168.6938151956861,4.9037223633738874e-12
4269.431593434772,169.03780172926542,8.539380703950306e-12
4270.2425106880755,169.10158305145288,9.29023450525524e-13
4270.984277808838,169.1599360949906,6.218222712641709e-12
4271.60233766954,169.2085651254168,3.0037775554919926e-11
4272.188922134527,169.25472417586693,-2.0905813310268486e-12
4276.103872754763,169.56295875469598,2.2535746775515607e-11
4276.554541403191,169.59845922885427,1.2048269331500163e-11
4280.638886307492,169.92036550054738,1.0144371786444185e-10
4280.761925876953,169.93006759084602,4.205867124040874e-12
4285.662243245474,170.31670107472647,7.753826262096702e-12
4288.564644179154,170.54590816954914,-4.4714993617723655e-12
4288.834377677613,170.56721732213802,-8.303835470084923e-14
4291.001115768782,170.73843991099656,3.4895811837629875e-12
4291.683556864971,170.79238650235615,-3.485136445775268e-11
4292.001456898827,170.81751925324468,-5.02400407189949e-11
4293.6198578895755,170.945496730473,-4.927968731096704e-12
4293.890259078631,170.96688381268024,-3.443831941998874e-11
4296.0692057262995,171.13927433716879,-6.518168774353718e-11
4298.764537639078,171.35264043449519,3.2596485405653893e-12
4299.3714380106085,171.40070194239394,-3.4498232725563326e-14
4300.711998152851,171.50688730329423,-9.3866808577475e-12
4302.11760722118,171.6182607221193,3.5984174952406536e-11
4304.73634934197,171.8258537901662,3.588193117327342e-11
4307.332104793817,172.03174932486,-2.0774510364131133e-13
4311.681795676235,172.37704541072335,-2.0264282239747476e-11
4314.123322476776,172.57101641657096,3.240413345173919e-13
4318.796254917833,172.94257121761243,2.166233521927361e-12
4319.372347584244,172.98840542265526,-5.394055297242485e-12
4319.797263738474,173.02221587044988,-8.481048873234894e-11
4319.977244883975,173.03653791761127,3.6848298710497314e-11
4324.86468600537,173.42568544493716,4.002556541013896e-12
4324.992113095152,173.43583732229106,-2.918087169866197e-11
4325.404153002283,173.46866581652858,-1.3466291227603923e-11
4336.866300054471,174.38314409682948,-5.0211098303658366e-11
4339.0730022681155,174.55947803853624,-1.6621093513140652e-12
4343.826625707598,174.9396370036084,-2.2209678586432392e-11
4345.4704928786605,175.0711979685118,-2.5137028643233745e-11
4350.082096223331,175.44053666448534,5.847903839374666e-12
4353.622586610356,175.72435682840754,-5.920267592714393e-12
4353.93838850955,175.74968401452557,1.9964010757927642e-11
4354.169874643443,175.7682502768139,6.229135454550013e-13
4355.943458289948,175.9105326700766,-1.546187107441558e-11
4359.444652245076,176.1915794292754,3.292455834838923e-11
4361.346044358091,176.34430200200623,5.5624114221708813e-11
4361.861094242002,176.3856830189087,6.456354465514294e-11
4364.5249507590415,176.5997851206375,-1.7570621546556522e-12
4376.9071293194875,177.59669369212298,-9.726181894181025e-12
4377.028738444887,177.6064986381127,-4.380703386182717e-11
4380.627505789136,177.8967787924061,-5.035293434772521e-12
4380.973161388979,177.92467227445934,5.4766629557153125e-11
4384.443166262249,178.20481433143323,-5.045535628911514e-11
4384.898603807725,178.24159939463445,2.2052664878526055e-12
4385.042626974324,178.25323274260072,9.757743283517856e-13
4385.454666881454,178.28651702357618,-4.3315519339867767e-11
4386.2323919811015,178.34934960815832,1.7207562014202296e-11
4386.263867376815,178.35189274699763,-2.92017341727543e-11
4390.7409853489635,178.71381939175316,-7.59612101994025e-14
4391.088644020602,178.7419392905843,-4.9083518924725006e-12
4392.2126924106915,178.8328716522723,-8.095681544196037e-13
4393.579005047111,178.94343385112487,-3.375665385030628e-12
4394.579346177142,179.0244033925054,6.898558555547847e-12
4400.122140519271,179.4733818960088,9.739059832588105e-11
4401.774496417095,179.6073358505361,3.8476959306190216e-13
4402.122155088734,179.63552640917908,8.1267207445211e-12
4404.185501826356,179.80288258736266,9.3855952193465e-12
4408.207182253021,180.12930282659144,-2.8694797432787902e-12
4410.484369980381,180.3142631888426,-5.222672620247791e-12
4413.106831930852,180.52738615639322,-4.93046575073229e-11
4413.337936688013,180.5461737160776,-7.179271120321962e-13
4414.758138761345,180.6616500195756,-3.4517801770380367e-11
4423.533442627432,181.37599199273504,-2.0807673802664774e-11
4423.584947615823,181.38018887525573,3.7951569217564944e-11
4425.223664513083,181.51374518598544,2.94599537338654e-12
4430.24702145096,181.92345971805645,5.546119831437902e-12
4432.426635789183,182.10137780251983,-5.408001440879708e-11
4432.839724763638,182.135107393309,2.867733006978781e-12
4435.462854404699,182.34936484608042,4.516710282574921e-11
4435.614698607477,182.36177137441507,-6.150438708046922e-12
4437.165666223577,182.48851850645605,-7.49376858765227e-11
4437.858980495055,182.54519140011402,1.0106713341020065e-11
4441.205659484972,182.81888015572986,-2.8507728336493248e-11
4451.509230612055,183.66279343762508,1.526125756071356e-11
4452.333310426303,183.7303740974129,8.687629032554889e-11
4453.024621625984,183.7870763944222,5.468261459927301e-11
4464.871053019097,184.76010500687568,3.257517272915983e-11
4468.9699909283145,185.0973808531584,1.1313151209371632e-12
4470.334586806793,185.20973354186657,2.079875917434965e-12
4470.799848460234,185.24804825378973,6.930496122606463e-12
4471.413520800596,185.29859081635968,-1.1347994365419513e-11
4478.601899071627,185.89114816212788,1.0986917326929441e-12
4481.451078258909,186.12627706681096,1.790319756818529e-12
4484.118654605629,186.3465547148202,1.3075898776093945e-13
4484.395160072926,186.3693949138706,2.6745235344192383e-12
4485.514439565948,186.46186521950412,8.571797981687935e-12
4485.701860370894,186.4773514174674,2.579881983502984e-13
4486.669963351737,186.55735409095027,5.572259038819078e-12
4488.861786246443,186.73854705379622,-3.2386628121581503e-11
4489.67298981359,186.80562982589294,6.685960136773055e-11
4492.685172692814,187.0548294505678,-1.59209751278367e-11
4494.048814566821,187.16769928692295,-2.471822430164608e-12
4497.098577120009,187.4202547834164,-3.00061384832631e-13
4497.705477491521,187.4705335702755,-2.071423200128376e-11
4499.910176633322,187.65323941930188,-1.3029854623358787e-11
4502.37373609827,187.85750323257588,-3.303286143936895e-13
4504.733904209705,188.0532993028898,-2.1073362069831156e-11
4505.540433942661,188.1202313451664,5.185083570967621e-12
4505.671580862161,188.13111605815217,6.568889035139512e-12
4510.447236966006,188.52769381503876,-3.722442150920103e-11
4510.550246942787,188.53625254907826,-1.3469625997177744e-11
4512.152051856664,188.66936599611375,2.6344273062596208e-12
4512.576968010882,188.70468537784922,-4.347024788080766e-11
4513.062259256997,188.74502725544698,5.05215497118959e-12
4513.77045284736,188.80390661343446,-7.116899555967608e-11
4514.478360123856,188.8627714003018,-2.259243949054736e-11
4514.588142069485,188.871900952061,-1.257471676732563e-11
4519.657948784771,189.29375187034339,5.523297738287783e-13
4519.772499627451,189.30328894178555,6.58574161315404e-11
4524.81512340448,189.72335831408282,2.445034534313599e-11
4526.111331903869,189.83141299391485,2.857126409678281e-12
4531.97574610947,190.32066972407705,9.912800419158378e-11
4535.314604063167,190.59950720201587,1.4726031041443956e-12
4537.8679158810555,190.81288006415772,-2.5173318384181155e-11
4539.8851942179,190.98154308392233,3.589303327094135e-11
4541.869280401104,191.14750405578064,4.76065304985278e-11
4545.710979682199,191.4690531613466,-1.2144508949437685e-11
4545.873983374145,191.48270253499854,-2.025307622056993e-12
4552.9288302770765,192.07392037013165,5.949953734873306e-11
4553.108811422573,192.0890153359116,5.33898246314961e-11
4554.434778559744,192.200242201588,-4.734234369223833e-11
4557.073550273118,192.4216881692082,-7.963573108269023e-11
4557.691610133796,192.47357434985202,-3.8616953818641437e-11
4558.153151957508,192.51232541661884,-7.702107718218114e-11
4558.34629566397,192.52854293322696,2.1131449212784372e-11
4559.114196655627,192.59302735331684,2.768048703477021e-13
4559.770885257597,192.6481813388773,-6.06895679751448e-13
4560.355466650765,192.69728586486897,-1.6697047687915969e-12
4561.704134143005,192.81059723085227,4.579621865024687e-12
4568.851499224132,193.41165865092117,-1.0318133218325298e-11
4569.997866592535,193.5081505856269,3.522597496705226e-11
4572.305575711093,193.70246829305876,6.037018943533982e-11
4572.737645210887,193.73886105801165,-1.1806810684146098e-11
4579.504445780602,194.30927030405206,8.367513761081047e-13
4580.853113272837,194.42305739527185,-1.1192343636238448e-10
4585.049338257253,194.77730724623268,5.84082352543296e-11
4589.075024827413,195.11746491141506,1.0847372194284016e-11
4593.799175942818,195.5170213157062,-5.2976680721523014e-11
4594.477610895389,195.5744353367066,-1.5616648311273975e-11
4595.10854700316,195.6278372744617,1.3420997479849886e-11
4606.961750364908,196.63244603767507,-1.0662553097580265e-11
4610.160304981701,196.90398039541753,3.0733035028015755e-11
4610.966834714646,196.9724787394613,5.130028001841924e-12
4611.5540868702055,197.0223614390264,-2.4332755674955497e-11
4615.154189595541,197.3283022142019,-4.496081039896924e-12
4617.385308922101,197.51802506969943,1.9517412324293972e-12
4618.003368782774,197.57059790474335,2.7517400332877884e-11
4618.385650052102,197.6031186819143,-4.556096954264365e-11
4619.241968015509,197.67597566535042,9.8737647158278e-13
4621.138591231406,197.83739167243942,1.6963742803754661e-12
4621.60213612691,197.8768526876092,-2.594221321260404e-12
4621.856990306463,197.8985498013424,4.943802478649625e-13
4625.5808002918475,198.21571433019338,-1.0237313336036529e-12
4632.9961821134375,198.8480583852985,4.4821692250033216e-11
4633.1168372343645,198.85835558255482,-4.481612896264064e-12
4633.253707055383,198.87003693270532,-6.83246884099188e-11
4634.553635384478,198.98099837306478,-9.589102526474232e-11
4638.065988828649,199.28096734647525,7.84250333492164e-12
4645.995466529654,199.95901195770213,2.49683431692749e-11
4647.514577373268,200.0890423630719,-2.925015203945647e-12
4652.3400217074895,200.5023649591828,-2.6938147807399476e-11
4653.320046930944,200.58636125172782,-9.163452249493655e-12
4654.196680800889,200.6615110383229,1.6508936249651137e-12
4655.081803397612,200.7374028867243,-7.883269957214955e-12
4655.320729190942,200.75789124569746,-4.417394901931633e-11
4655.475244156108,200.77114176925173,-4.4613041856366484e-12
4656.16073739139,200.82993195647023,1.649198109388579e-11
4657.161746211987,200.91579736202908,-3.109276527107957e-11
4657.8530574116485,200.97510803096085,-3.0205589817612373e-11
4658.355231048443,201.0181972654991,-2.0667675051773754e-12
4659.651439547811,201.12944048821436,1.0934814276445505e-11
4670.862833626399,202.09291644134194,-9.877496116036035e-13
4675.128113680445,202.46007071507935,-4.8382917566434707e-11
4676.898358873882,202.61255139905572,-6.386113213441935e-14
4681.748220321085,203.03059161032917,-5.314341939748455e-11
4684.621816621295,203.27848945297822,-3.820990104889357e-12
4684.640797146641,203.280127360287,2.211188730713127e-11
4685.464876960865,203.35124698316903,-6.094803183694699e-11
4686.442517735791,203.43563542639978,2.4388775452918685e-13
4686.866098508803,203.47220373177592,3.97008733686811e-12
4689.879330455283,203.7324355335409,-2.3489038000692392e-12
4692.621779835991,203.9694271181141,5.341565919474069e-11
4698.32824556045,204.46300128654644,6.361909931397868e-11
4706.277752854074,205.15158460586852,-4.518699131130921e-11
4707.367846337017,205.24609885042844,2.0346037527338594e-12
4710.308876011828,205.5012037883206,1.3512893469067846e-11
4711.579618330861,205.6114772818497,7.997708814342296e-13
4712.964243801973,205.73166728221938,2.1066328940403348e-11
4714.58264479263,205.87219452223493,-1.2559946532146975e-12
4718.401357404708,206.20396806741886,9.507201524852885e-12
4720.597567819673,206.39489867888395,-3.917725629299519e-11
4721.993352779953,206.5162893660075,9.092536719082916e-12
4729.021398121214,207.12806006960173,1.18480995735064e-11
4732.033581000352,207.3905402899518,-2.8213336298258587e-12
4736.868563128633,207.81220784087864,-2.9210208672239377e-12
4737.053885798913,207.82837873578455,-3.670738102368711e-12
4738.6137235184615,207.96451220623663,-2.5409830187364207e-13
4738.884124707502,207.98811579130697,-6.440467380639757e-12
4741.502866828143,208.21677804486268,7.049605907201549e-11
4741.549984296209,208.22089338556813,-1.834684735178139e-11
4743.348366432355,208.3779985063365,-9.383395279019342e-12
4744.082312516893,208.44213252497397,-3.734376381153322e-12
4745.708534543721,208.58427116636636,3.049635866176905e-11
4748.583847601838,208.83570482717946,-1.157341230813393e-12
4749.917635775154,208.952390527511,-1.8869427236758382e-11
4750.4675945706085,209.0005129019399,-5.044618474032796e-11
4753.1188611542875,209.23258162254388,-1.2611731108614131e-11
4754.138182809622,209.32183859808978,-7.318341304724304e-12
4754.790197577387,209.37894235591293,-6.62280345037852e-13
4758.053133429609,209.66482945652993,4.315599533523102e-12
4758.465173336718,209.70094490798064,5.823960094753689e-11
4759.120907934206,209.75842673874862,-3.918010016478593e-12
4759.73896779487,209.81261324540367,-3.5214286853202603e-12
4760.5830772017625,209.88662932186503,1.3105589928260633e-11
4763.279458181711,210.12315051074597,-2.988466436748559e-11
4764.16353171109,210.20072884066744,4.3327974219829246e-12
4766.778935378731,210.43031740716506,7.435193173029803e-11
4767.589852631983,210.5015279287925,1.1032614136808946e-11
4772.827336873247,210.96174823337606,-5.632255892636893e-11
4776.300393885474,211.26720608658772,5.898461090064428e-13
4777.216324187296,211.34779983866767,-4.460908225741464e-12
4778.842546214118,211.49093104638234,8.519898637440852e-12
4780.982864120359,211.67938442406847,6.1583139821539e-11
4783.551818010527,211.90569030271215,-3.738022367032082e-12
4786.68561001504,212.1819188506946,3.4023486380497693e-12
4789.629691828949,212.44159017417874,3.16859805441466e-11
4792.277238582893,212.6752431230169,1.0543765898512494e-11
4792.87708067167,212.728198702493,6.613299083589152e-12
4793.198986849096,212.7566201283411,1.0229143141204249e-11
4795.199669109063,212.93330521085366,-7.334483058217715e-12
4808.419185106886,214.1026057511133,1.4787624635888146e-13
4809.346274897875,214.18473004733752,6.242297273739785e-12
4812.137558504541,214.43208562024998,2.2246979842889613e-12
4813.9846798038025,214.59585114025154,7.851886590694276e-11
4815.806429985601,214.75742882024477,4.9003714076860355e-12
4816.382522651977,214.80853730674858,1.3440748465179966e-11
4818.180904788107,214.96812143668166,8.46260221827696e-11
4821.411316177267,215.25493004047507,-9.728128196196368e-13
4823.418389029343,215.43322266606302,-1.6246251640536435e-11
4827.844002012863,215.82662165154372,-8.369061424059141e-12
4828.423433132229,215.87815481240105,1.9222290594730754e-12
4830.178131316146,216.0342510220517,-7.996861968220349e-12
4830.911409710079,216.09949954366527,-6.96750059169841e-13
4832.261793960204,216.21968524663149,1.1086415786704057e-11
4833.876475121117,216.36343776490864,5.977561210986619e-11
4835.043539772759,216.46736959217458,4.087204559112972e-12
4836.083177334624,216.5599746518254,6.9144502932985935e-12
4841.8259824146235,217.07187013475033,3.030891416294008e-11
4843.810354911624,217.2488920511192,-9.318229759451667e-12
4847.861507661993,217.6105125161058,3.850042145538171e-12
4849.508713285944,217.75763446612908,5.446093987077827e-12
4851.134935312754,217.9029312730924,-1.930451137490349e-11
4851.517216582073,217.9370937350618,1.2791068026124074e-11
4858.096977723368,218.5255142177967,3.8028706832162623e-13
4858.153919299407,218.53060991817813,5.865220274250474e-12
4858.3599392529595,218.54904713824186,5.544099619776904e-11
4866.058979887221,219.23861331531998,1.7335596617379975e-13
4866.847864475991,219.30933160010963,4.2229967724576794e-13
4870.713980869939,219.65606911629823,-5.538324246080401e-11
4870.958629564783,219.67802000528295,2.8938203846870573e-11
4872.602115359007,219.8255089035924,-1.210755186628578e-11
4873.03790468851,219.86462564218226,-9.835798943427522e-12
4877.710550815375,220.28426530055393,-5.106616615199754e-13
4882.245945744496,220.69196338604607,1.9200676952450458e-11
4883.075462146352,220.76657169552072,-9.24556866158193e-11
4883.457743415669,220.80095907888594,-7.221630299588926e-11
4883.560753392447,220.81022560554433,-5.957153541407525e-11
4890.293312740953,221.41629411717278,2.181268378478497e-11
4892.346549056616,221.60129367175392,9.914968129651114e-14
4894.669137493984,221.8106558480386,2.6279747896750146e-12
4894.706717167945,221.81404416235736,8.8126464467266e-13
4897.703639351405,222.0843408670117,-3.6624289914733185e-13
4899.121838352862,222.21230793718067,4.569204853227196e-12
4901.347139714971,222.4131762224107,-1.0581522409770081e-11
4906.65787529515,222.8929218638983,-8.299836022045174e-11
4908.4986060022775,223.05932563537803,-3.5855414458057366e-11
4912.356233669436,223.4082612348232,1.2322069215731017e-12
4921.808923420224,224.26444814081938,1.3297851657056272e-11
4922.280957042487,224.30724621077218,-1.5341337759714313e-12
4923.116291408724,224.38299387981772,3.52707106309993e-11
4924.813285263123,224.53691594575727,-1.0800306915097488e-11
4927.647585131369,224.79411312150285,7.094307741109647e-11
4931.163658405148,225.11338314835402,1.0355540393720209e-10
4931.4598120883775,225.14028519191012,-4.4630888276599414e-11
4932.277501310464,225.2145709314416,2.9201497772272207e-13
4932.441554069731,225.22947634192107,-6.240081213693815e-11
4932.756020587708,225.25804934443178,1.0980394853687053e-12
4934.282571090721,225.39678039769657,-1.1406135677440356e-11
4939.29476853913,225.85258466148994,1.6108813846452796e-12
4941.661422305427,226.06796664913296,3.129613368887721e-12
4947.263542671764,226.57820981597868,-3.5560225493403056e-11
4947.983658504724,226.64384016107894,-1.3953080589989164e-12
4953.729134347051,227.16781690054538,-5.676205733115173e-11
4953.931053094146,227.1862425763489,-2.225681099181908e-13
4954.295689219312,227.21951859119258,-3.483332630945396e-11
4954.951423816787,227.27936587397141,-3.723094733924877e-12
4968.003167225406,228.4722141607845,-1.2724258410225852e-11
4968.619224014259,228.5285954774944,1.9505547166589785e-11
4969.742604713674,228.63142491076994,7.545547085502916e-11
4974.586648196345,229.07509403680615,-1.4472710304586363e-11
4974.634433355009,229.07947286387184,-4.9455093552891516e-11
4977.598831075405,229.3511998033682,3.44631908499682e-12
4979.382333892614,229.51475982725606,-4.537510699269861e-12
4979.588353846164,229.53365711252204,-7.217806774338991e-12
4980.156625476352,229.5857861701224,4.8752782769755366e-11
4981.128829663595,229.67498282201046,-3.2581025939624214e-13
4981.859437295122,229.7420252143407,-2.4951070691644534e-12
4982.619135873838,229.81174749288778,4.483882420039291e-12
4983.049202301816,229.85122208502014,5.2974517085951065e-12
4985.056942844458,230.035552042456,5.404080158802113e-12
4985.542234090547,230.08011760522922,-2.5944531051579353e-13
4987.497801954201,230.25974647375145,-7.347051369287433e-11
4989.647562591638,230.45729422323876,4.5616146035790754e-12
4991.6770494848815,230.64386778860978,2.889345887472405e-12
4992.355484437423,230.70625418236395,-5.829293589227856e-12
4993.525219851439,230.81383867893652,-2.0564562063006927e-11
4997.718392696543,231.19970599386392,-5.534198757593806e-11
4998.684111228804,231.2886199594449,1.5405464689353272e-11
4999.721078028261,231.3841128994734,-2.8760144239086484e-12
5009.728781785329,232.30672751367945,-5.292586838146385e-12
5011.076495273035,232.43111476695867,3.4684012997699313e-11
5015.65862629343,232.8542729321968,2.640790216874349e-12
5018.190954514042,233.08829847489767,1.5097560719338454e-12
5019.005972973726,233.1636436714891,4.8438183376310744e-11
5019.817176540823,233.23864834677448,-2.386838811586396e-12
5020.525083817281,233.30411205069333,3.932649668543621e-12
5022.124885659272,233.45208768095446,-2.1433390011078478e-11
5022.781574261208,233.51284254526536,5.449069100638344e-12
5025.04149822099,233.72198465552785,-5.41432163079703e-12
5029.243446106723,234.1110992597865,2.4643840536471526e-11
5031.91102245328,234.3582946426223,-9.355368147054613e-13
5032.225488971253,234.38744384066214,-3.934297169455228e-13
5032.661945991346,234.42790385993928,1.7486929082665988e-11
5037.842488656433,234.9084135606751,-1.2879354897579394e-11
5037.89943023247,234.91369779658882,4.330080377401576e-11
5038.022469801918,234.92511619718138,-5.0439655278248995e-11
5039.640870792523,235.0753340886169,5.5732296683189695e-12
5042.7211547367715,235.36137537315025,-2.747155390111722e-11
5043.307739201705,235.41586658230517,1.4768524636476086e-11
5048.673699599923,235.91463573546443,3.078618651663033e-11
5052.7536569835265,236.29422511406136,-1.3070458187925508e-11
5053.3330881028805,236.3481588516427,1.3913770939979944e-11
5054.911524970995,236.49511191353074,-7.62503852778141e-12
5056.781060311414,236.66922572273032,2.524597882839718e-12
5064.6888867243315,237.40641056591744,2.0479606326056347e-11
5067.008041645804,237.62282570148474,-4.193400221374487e-11
5072.320493983829,238.1189379186978,-1.0360637867881033e-11
5073.00598721908,238.18299171594433,2.6387665756768895e-12
5073.193408024013,238.2005061807778,1.2961305142770258e-12
5073.988683204886,238.2748318046042,-2.3480204985355654e-12
5074.0141493852125,238.27721204088033,-3.623242456429228e-11
5086.555230430136,239.4508352791624,-3.223440328992612e-13
5089.5562538199965,239.73210754813744,-8.101713070008709e-13
5090.483343610959,239.81903299780936,-3.4208027416434605e-12
5090.499653373912,239.82056236947977,2.4972091892449782e-12
5091.285485823542,239.89425593447723,8.497723971646088e-12
5091.60739200096,239.92444684187254,-9.383894964113994e-12
5095.073963358095,240.24969028181673,-6.652439572130616e-12
5099.952629438409,240.70779539250748,5.5139333862116805e-11
5103.087851886882,241.0024231429642,3.248334142225019e-13
5107.03361021185,241.37347710230955,4.924211640727227e-12
5107.367057255166,241.4048471688772,3.444147540207265e-11
5109.187758369582,241.57617140635574,-2.3488017165521313e-12
5111.044417462896,241.7509421003961,1.68985558042303e-11
5111.315200028657,241.77643666116725,4.3812388518200236e-11
5111.894631148008,241.8309954562951,8.659011859465176e-12
5116.207028669928,242.23724183601837,6.48595347770653e-11
5116.589309939238,242.27327090418217,2.027392766360143e-11
5118.167365430611,242.42202724023932,1.47894190876374e-11
5118.946807288124,242.49551871313466,4.281392246741111e-11
5119.204332230057,242.51980250570006,4.3042272738136014e-12
5119.87122631669,242.5826941999501,3.3939384238071024e-12
5120.620433096825,242.6533581950303,4.45237218339341e-12
5122.045022690367,242.7877517480361,-3.863492716972681e-12
5124.443533229068,243.01410793546316,5.000804521434912e-11
5126.9941742844,243.25493750141456,-6.193600507461064e-11
5129.641721038258,243.50504358566556,3.865241389761734e-12
5138.686090711485,244.36041298615487,-2.1693332565540718e-11
5139.290988011161,244.41767478283995,-3.213366270622042e-11
5139.60001794148,244.4469312906123,3.2104240842692764e-12
5140.600359071427,244.541647734774,4.8791513828340825e-11
5143.268889422424,244.79440542209267,4.47365895025328e-13
5152.09197844647,245.63104405561901,1.964193142581363e-11
5156.343046872016,246.03465832638645,-3.176298404517029e-12
5156.562324449389,246.05548648791952,-7.2515477337102426e-12
5159.192226059091,246.3053576755872,-1.6370221711439028e-12
5167.414137613174,247.0873565055411,8.001595052860423e-12
5168.210175547503,247.1631350325184,-1.1729040215713035e-11
5168.220667346073,247.1641338732116,-3.3752745625435617e-12
5169.554455519335,247.29112975062898,-2.0889490973955716e-11
5170.378535333518,247.36961041674692,1.31925439245273e-11
5170.808220384759,247.41053613462887,-7.908630058530579e-12
5171.789962366091,247.5040557463684,3.7122154908781256e-12
5173.48361776746,247.6654331454166,-5.43207155802311e-13
5182.484208425578,248.52392738060672,3.391326762447557e-11
5189.3171069882765,249.17665928721638,7.121760854064365e-12
5193.989753115002,249.62352214736455,-5.973698925553094e-13
5199.496303163884,250.15065066072202,2.7186549601910864e-13
5199.941248910746,250.19326861422007,1.0440092701933585e-11
5205.066280443777,250.68441914835233,7.613901469696793e-11
5205.272300397323,250.70417291046712,-1.4905130862834252e-11
5206.7335156603485,250.8443007034841,4.960408438680627e-12
5208.269603957428,250.9916510850591,-6.5957695430117205e-12
5208.438330550881,251.00783895497702,-1.2896752852150617e-12
5213.8930892975,251.53145881055008,-6.015753833869807e-12
5213.982841650445,251.54007901126656,-8.763445368663149e-12
5216.355599694934,251.7680226805942,-2.3520822684187256e-12
5217.594866618191,251.8871165234184,1.1669198369844313e-11
5220.439944598798,252.16063621330312,1.1528329426453609e-10
5220.629368475524,252.17885231236826,5.154052775460914e-11
5225.853690155596,252.68151389521444,-4.3294029530875915e-11
5226.368740039459,252.73109698846662,-2.3084162501998593e-11
5228.056004848704,252.89356170959917,-3.7384881073383216e-13
5228.595471845562,252.94551740882522,-4.483844032922565e-12
5229.380922918451,253.02117325177778,5.496922339704588e-12
5230.533108251157,253.13217405911263,-2.2160997288892722e-13
5230.622192913504,253.14075743768723,-6.6010276261599815e-12
5230.849959217651,253.16270356822605,-8.018020143344417e-11
5233.1369710527815,253.38311863633646,2.6092763584850657e-13
5234.401227716769,253.50500510254582,7.151845148951903e-12
5234.8827991331245,253.55144094870192,-2.005243497831725e-11
5240.69570834991,254.11229161012824,-8.169267827408057e-11
5241.429654434412,254.18314965864468,7.275823516966257e-12
5241.688228443674,254.20811577664517,5.081947340199429e-13
5249.395090113837,254.952802446869,4.774373105183303e-12
5250.136857234517,255.02453448957826,4.175483742927678e-12
5250.466203071376,255.0563868850981,2.457185568980621e-11
5252.137539494396,255.21805952799767,-1.3598304299781865e-11
5254.895917261173,255.48499699729163,-1.4110408428314158e-11
5257.518379211408,255.73891140464752,1.9432818764188278e-11
5257.788780400435,255.76509964030262,-3.9361472654177794e-11
5258.597313205123,255.84341371978329,1.580965645986649e-11
5259.083272141799,255.89048925112462,-4.804669379022894e-12
5259.165584835297,255.8984634292952,-4.2294606157857954e-13
5260.519402601225,256.0296346692847,2.485921343433274e-11
5261.510873627656,256.1257195940794,-8.441714130328202e-12
5263.756204582367,256.3433848784619,-1.8441450489133245e-12
5272.132344787668,257.1561981501407,2.020680232616488e-11
5274.563666103246,257.39237344491136,8.691292535086366e-12
5275.852721256959,257.51763470596484,1.9271551279252458e-11
5281.270186643453,258.0444003022843,9.534605351286116e-12
5282.871705243335,258.20022700915393,1.0349089827385384e-11
5283.695785057511,258.28042784371877,-1.415260946313605e-11
5285.6957996267865,258.4751246500434,5.055656178963598e-13
5289.624580498141,258.85779694406654,-2.0542603095229075e-11
5296.126797842723,259.491752557926,6.842165588781215e-11
5298.8983381704575,259.76220996101466,-1.6995407255710166e-11
5300.658091565218,259.9340068056665,-9.537799753922441e-11
5303.094563154572,260.1719627840206,-7.994553727807578e-11
5303.432397718206,260.20496574912204,5.258452361543795e-13
5305.7665270213865,260.4330436375169,1.7559074249059662e-12
5306.356449939298,260.4907034495814,-7.430638935267126e-12
5306.693616812331,260.5236614451671,-1.2161933584317933e-11
5307.725147024112,260.62450632431364,-5.178838125560629e-12
5307.840365557381,260.63577158269607,1.1911676710298304e-11
5313.3625576785635,261.1759794420558,2.155431306230227e-12
5317.064334999223,261.5384199041846,1.7494700723771695e-13
5320.533290804819,261.8782939535155,1.9661758443604594e-11
5325.770775045814,262.39186114898496,-3.745084298222496e-12
5329.04153193404,262.7128350705792,-5.647590616897843e-12
5329.27196900058,262.73545631583795,-2.762186378955892e-11
5329.8856413408885,262.7957032723988,-8.575707829913438e-13
5333.0841959574545,263.1098319829449,-3.8680541395406916e-11
5335.101474294138,263.3080449535542,-1.1866500980837718e-11
5336.048593677759,263.40113251046364,4.178429733048698e-12
5342.281745214488,264.0141695527017,-3.327071115626235e-12
5346.856055198575,264.46451310344105,-1.0610593797799843e-11
5348.9597474352095,264.6717522520471,2.165816810815557e-11
5353.8584431080935,265.15464900844063,9.877635103278841e-12
5355.55543696243,265.3220359801412,1.1492950551478827e-11
5356.040728208503,265.3699135753403,3.058976915923138e-12
5356.111213722234,265.3768678569557,2.6105562931773214e-12
5357.473806528791,265.5113227440365,1.937447928791569e-12
5363.183705768748,266.0751233607337,-1.7475446546110908e-11
5363.595745675833,266.1158317868608,-3.387877110413309e-11
5364.195206387846,266.17506246530985,3.6764844223915605e-12
5364.40666292904,266.19595734781615,-2.8208293310393336e-11
5364.607246294932,266.215778568783,-1.1476775736683092e-11
5364.9529018947405,266.2499372579051,3.6012739839210214e-11
5367.6204782412215,266.5136289240784,3.527419112626153e-12
5369.949457270606,266.7439572036067,2.3588960954174728e-11
5372.422554529445,266.9886476786906,-4.655503247228362e-11
5375.206971104257,267.2642751990769,-4.721282078395495e-12
5378.725810203158,267.61280699687444,-3.9075714529770977e-13
5380.574648260252,267.79602096789375,9.119024127667515e-11
5380.927075828907,267.8309525642711,1.977274926298572e-12
5389.6938909673445,268.70063013906577,2.0357376140094344e-12
5392.323792576996,268.9617952870731,1.1483732961716158e-12
5395.0509812619,269.2327561917026,7.135418036775384e-13
5398.052004651684,269.53108238150014,7.279065664501718e-12
5400.484756411298,269.77303949034115,2.113128263549531e-11
5401.102816271924,269.8345279778803,8.914489509013107e-12
5403.182091395554,270.04143901887426,1.2381986420908082e-11
5404.100119831982,270.1328184197539,-8.006194772480485e-12
5405.179053825685,270.2402340028096,-7.566159075251277e-13
5405.672452421801,270.2893625013585,7.733239778002863e-11
5406.762545904672,270.39792077614015,1.4178557677491221e-12
5409.250522482392,270.64577091745923,-1.031235023851091e-11
5414.422290106672,271.161342935622,-2.7824827936142926e-11
5414.883164239749,271.20731125408855,-1.0121272924461867e-13
5416.231831731875,271.34185197065057,-3.992328227521125e-11
5416.373470449935,271.355983546272,9.660125184636372e-12
5418.402957343105,271.5585100591972,-2.144713329913241e-13
5422.160627172442,271.93369565709867,2.104184707166334e-11
5428.4605443931405,272.5632962440041,-1.5498429490566716e-11
5434.698369764015,273.1874118255387,-2.7327581651912447e-11
5437.699393153792,273.48792975840746,3.9727514507215546e-11
5438.008423084102,273.5188849684649,-2.9450151622923207e-12
5438.642792707679,273.58243463280604,5.362119672634361e-11
5445.3310004130535,274.25289470468385,-1.6567642248174928e-11
5449.95242786517,274.716651570425,1.8362234739960447e-12
5451.278395002223,274.849784036315,4.3361877026225804e-13
5453.571511115564,275.0800986092628,-8.087090655418134e-11
5456.943274908733,275.4189256517721,-6.941791706927431e-13
5459.548091714778,275.68082591861605,1.0704205883981354e-11
5459.977776766008,275.7240404398933,9.132759815825138e-12
5462.653174148647,275.9931884901246,-2.6199388192881276e-13
5474.395546496472,277.17604393789634,-3.170059274659862e-11
5478.486663369103,277.5887548801707,-1.4371066862651575e-11
5479.062756035444,277.6468957419559,-8.748617556365044e-12
5479.83809668648,277.72515491102973,4.980774502868302e-13
5482.40428475123,277.98425261302106,-1.0528442019255308e-11
5483.556470083913,278.10062359784337,-1.7809667713779126e-12
5484.3676736509815,278.18257001493566,-1.5464803850650616e-11
5485.512037947489,278.29819237904144,-8.862544612505277e-11
5485.635077516932,278.31062528135664,3.672314844565872e-12
5487.379856529915,278.4869617255331,3.682559337530158e-12
5489.702826343894,278.7218201709466,-5.0747725963798555e-11
5492.400161328132,278.9946526551111,4.791241035853775e-12
5495.751227838018,279.3337960489156,-2.541134718819718e-11
5495.938648642946,279.3527700073701,-1.168220359191172e-11
5496.488607438364,279.40845003375193,5.7043412251727814e-11
5497.454039656718,279.5062077247245,-6.723025192685018e-11
5499.428588045636,279.7061999215445,4.874294265867931e-12
5501.4554041763995,279.91156075440955,-4.662522601191375e-11
5503.062645677773,280.07446329035537,-2.901440067669697e-12
5504.074146296859,280.17700869347135,-4.103881638517955e-12
5504.730834898772,280.2435935298261,5.166096835880248e-13
5508.46513668242,280.62238348985613,1.6461413388336116e-11
5509.1930735515225,280.696251889816,2.048108887284581e-12
5509.772504670855,280.75505744065697,-4.722214720809027e-13
5510.780666836951,280.857388971173,8.248899335837022e-11
5512.668801325914,281.04909074032247,-6.579292342848455e-12
5514.467183461936,281.23174104045637,7.567079675730891e-12
5515.201129546422,281.3063004208661,3.4148171364670555e-12
5515.538296419451,281.34055551803567,-2.9413460544873526e-12
5516.003271758977,281.3877989899184,1.4993481475908036e-11
5516.827351573139,281.4715387875775,9.927954562508194e-12
5519.509807238482,281.7442061722198,-5.65534741697311e-12
5526.3227712711905,282.43732904809804,1.844481203526115e-12
5526.670429942789,282.4727213369126,1.4360088111505963e-11
5528.342052679639,282.6429266790677,8.212069129987635e-13
5529.258364358133,282.73624776713547,-1.920785059924792e-11
5532.562599713816,283.0728936279582,5.822538987844666e-12
5537.305731354149,283.55649031106884,-2.0405877833995814e-11
5541.2206819738685,283.95596012387756,-5.186820644176416e-11
5542.132892445906,284.04907989967177,-5.064284679762325e-11
5547.623514108418,284.609894363544,-1.3762039744482037e-11
5548.081717479096,284.6567205586628,-9.974533239121155e-11
5549.688958980463,284.82100353574043,1.1989704647345005e-11
5550.680430006873,284.92236972932784,-2.7106972605071665e-11
5551.921700001897,285.0493004407683,9.076148938303077e-12
5555.799357261518,285.446007624399,-4.332486873651947e-12
5556.800366082031,285.54846170388123,4.807320126046701e-12
5557.491677281639,285.6192287514533,4.40739698756385e-12
5564.692550422282,286.3568797325993,-8.147589899049242e-12
5572.432604245896,287.15082901567274,-6.85394849215656e-12
5576.05750546064,287.5230389057375,7.315662572207689e-11
5576.1991441787,287.5375874795845,-8.027288912127087e-12
5579.088287488167,287.8344296029948,3.058733368518459e-11
5581.280110382643,288.0597288134111,-1.2794565684671798e-11
5582.091313949704,288.1431355072301,-1.5192953844092233e-11
5583.769708655399,288.3157439358956,-2.5089224551144735e-12
5585.846313016608,288.5293766142754,6.101563262198425e-12
5586.903595722558,288.6381761109178,-9.619548546155047e-12
5587.830685513482,288.7335950720156,6.664396802468473e-12
5593.882520523423,289.3568577315352,-4.35340902799743e-12
5596.537888313361,289.6305400659665,1.3103919979054377e-12
5598.8641965803145,289.87041376924566,5.820308532934466e-11
5601.1206870241385,290.1031835594586,-1.4037985891498413e-11
5602.532114056664,290.24882794671566,1.0395670751453842e-12
5603.150173917282,290.31261676026617,8.12842587908823e-13
5604.854988807762,290.4886040213546,-7.108276992063291e-12
5610.250135215789,291.04589532158343,1.2366767851984678e-12
5613.080333877419,291.33845492062295,-2.5052995921364043e-12
5617.16706322969,291.76116332317855,1.520845074141664e-12
5617.218568218073,291.7664926738893,2.954562022065283e-11
5618.095202087944,291.85720767949107,-6.509144278346914e-12
5619.402570076369,291.99252180821713,-4.699499046866511e-12
5626.667156761862,292.74498864172324,-7.749219260383446e-13
5626.989062939267,292.77835421836727,-7.53018947725363e-12
5627.948390879364,292.87779988404714,1.5802739631287465e-11
5629.478756274876,293.03647541566346,-4.470779307226249e-11
5629.5817662516465,293.0471575275595,5.664681517455816e-11
5630.096816135493,293.1005710189821,-6.940973290435567e-11
5631.67220086441,293.26397736807706,2.0348331543640414e-13
5635.120173072786,293.62177686681935,-1.0158834562366208e-11
5643.809063037889,294.5244028880137,2.1206106054451157e-13
5649.363398245244,295.1021313005834,2.8005536221329337e-11
5650.01541301296,295.1699872108743,-5.0753428624914355e-12
5650.169927978114,295.186068904904,-6.462496092003794e-13
5650.6596067445,295.2370368678534,1.3695490176148177e-11
5651.060487162407,295.27876558846214,-1.5318932076356946e-12
5651.575537046254,295.33238286074175,4.457853708917388e-11
5652.327795965482,295.4107026410631,-1.731821139444026e-12
5652.773790779658,295.4571413308601,-6.59607117475076e-13
5653.049914870196,295.4858942661939,4.780153250030583e-13
5660.385749822862,296.2502926202332,2.7102121705668835e-12
5661.59211090631,296.3760910731078,-2.2453387195878138e-11
5664.433469057101,296.67249175456857,-4.89377434658249e-12
5668.155562284212,297.0609926878001,1.540731031730685e-11
5670.830959666811,297.3404002891052,-1.115245799684357e-11
5675.927854256945,297.8730640555043,6.060118262486146e-14
5678.777033443909,298.17103320029645,7.764814101606741e-12
5678.983053397446,298.192584707883,-8.364894162917032e-11
5680.1595607802465,298.31567275716503,1.409629531056456e-11
5692.91991940195,299.65231946899314,-1.43296430510908e-11
5693.284555527097,299.6905591579864,4.020823817391414e-11
5697.285920046724,300.11034643559145,-5.659410718893084e-11
5697.686800464631,300.1524194677536,-3.277169143038042e-12
5698.535965082377,300.2415504104821,5.20130081802766e-12
5699.30520145515,300.32230330384573,-4.9505683433685026e-11
5702.282475422472,300.6349542961194,3.713333703694518e-11
5705.401388107852,300.96265424530446,8.055935121589671e-11
5705.54302682591,300.9775402878965,-1.1155027568999921e-11
5709.277328609507,301.3701437934804,2.904877616827361e-13
5711.330183548302,301.58607884688126,1.70724778139443e-11
5715.763617567674,302.05268635410454,7.573927439244789e-11
5716.021142509596,302.07980131714527,-1.961067000043281e-12
5716.4491108028915,302.1248650698416,-9.277604060717082e-12
5718.036704088298,302.2920632605462,-1.7062040830827437e-12
5718.643604459742,302.3559915471495,6.216889632833887e-11
5725.529724768482,303.08182121031984,-1.2062497432565217e-11
5725.662588445896,303.095834259851,2.4035833211290056e-12
5726.868949529339,303.2230832941355,1.9160339603121606e-11
5730.484312949941,303.60459858026627,3.0980252833440265e-12
5740.403218357968,304.65253865880965,-7.0531386256559316e-12
5744.612319589049,305.0977811848292,-1.0375324628963039e-12
5746.742432010413,305.32323076813884,4.156174960900026e-11
5748.583449031286,305.51815003595675,9.111002514821575e-11
5750.129075122408,305.68184274523315,-4.906974820514306e-12
5750.707170860534,305.7430784707211,5.820234731817215e-12
5751.595631910164,305.8372021443771,-2.1695584732554676e-11
5751.786772544809,305.85745350749556,5.438389246774057e-11
5756.1757598585,306.3226521564843,1.759138749417207e-12
5756.512926731523,306.35840390932754,8.23953270951998e-13
5756.615936708294,306.3693270703272,-2.822730301026182e-11
5757.09750812463,306.4203954170087,-3.2979858437741325e-11
5759.85521820071,306.7129196640581,4.063130733432977e-14
5760.766379605408,306.80960194942395,-4.170936748287024e-12
5760.975165384201,306.83175812116247,-2.7286075591477607e-12
5761.284195314505,306.864553592029,-3.17628320822167e-14
5763.026303565061,307.0494658784028,-8.580171444742585e-12
5763.644363425672,307.115081931681,-2.8716583751379908e-11
5765.026985824867,307.2618929081462,2.998592728173324e-11
5772.680912062298,308.0752466934622,-9.698123646341943e-11
5773.537230025617,308.1663114839716,-1.9704384896458743e-12
5775.677547931681,308.39398180648556,8.920262573889338e-12
5782.714081999096,309.14306815095955,2.428628141744752e-11
5783.725582618165,309.25082416784386,3.3318033127097377e-11
5787.57176448202,309.66073325812425,7.597881280987591e-13
5789.931932593181,309.9124044735902,-3.3722110846476587e-12
5794.694712449376,310.4205852470115,-3.480909319105624e-11
5795.929878166132,310.5524436309115,-3.969468677499425e-13
5796.778375093274,310.6430400141493,-3.4302979660969404e-11
5798.36262992568,310.8122308184085,9.877819801875756e-13
5799.786170451821,310.9642975430253,1.1167254887687855e-11
5800.264689729032,311.01542274202774,4.4996742229948015e-13
5802.482551431539,311.2524350903058,3.764438677127635e-12
5802.673692066183,311.2728656232457,-2.4913134372066632e-11
5803.703791833864,311.3829819360055,1.447569747071463e-11
5807.708876183188,311.81130593355124,3.673711661947855e-11
5808.679363612443,311.915139246935,-1.8159175726979573e-11
5809.189071971497,311.96968034660586,1.0598431507267636e-10
5811.414373333447,312.2078537128452,2.936893298232844e-12
5811.839289487616,312.2533427388508,8.107771983252862e-11
5811.9989547265495,312.27043642056145,4.407607512779393e-11
5814.411676893422,312.52879842902286,3.591688609003148e-12
5814.772211812111,312.5674148705615,-1.2783795412432569e-11
5817.997854303959,312.91301592226006,8.371522302656562e-12
5818.34150683196,312.94984676036427,-7.326232747994297e-11
5821.439722234044,313.2819951157635,-2.6920287830525587e-12
5827.541059160483,313.9366141317402,9.855537061530386e-13
5828.908325801185,314.08340369557015,4.800064372693605e-11
5834.97236936753,314.73485365531343,1.0617965121465052e-11
5837.512518624161,315.0079389008946,3.721921573778927e-11
5841.14819795128,315.3990087127846,2.065235009692273e-12
5845.8296191184345,315.90292177281816,4.464514348515548e-12
5846.891003030819,316.01722638480373,-1.8594026210771354e-12
5847.98548403398,316.13511708507986,1.4781013875627944e-11
5849.300005367963,316.2767383302602,-5.329634842246971e-11
5852.902778855311,316.6650498349313,-2.238929603166075e-11
5857.336212874646,317.14321913326506,4.3975235858305863e-11
5862.03489780921,317.65039235120713,5.6946152948912366e-11
5863.228382645546,317.7792811537168,4.8688789990781435e-11
5869.070764185989,318.41059995530065,4.18774586438346e-11
5874.465910593926,318.9941496189276,-9.044013178593076e-11
5876.07315209526,319.16809568392785,-4.639366383801574e-12
5876.485192002331,319.21269696945853,6.961555037180126e-11
5877.237450921549,319.2941333501687,-2.4853626554768e-13
5877.275793348968,319.2982844189914,3.9089220481930314e-11
5878.152427218824,319.3931988787621,-3.970581652506604e-12
5878.274417720937,319.40640809484586,1.72120523645243e-11
5880.767449509498,319.6764153493664,4.753427201246756e-14
5884.987996543579,320.1337817338892,-5.044492111624251e-12
5885.131352019562,320.14932244307977,-1.7866740556326236e-12
5886.255400409497,320.2711900594344,-3.903658076909426e-12
5886.621371915834,320.31087315582005,-4.639233277740037e-11
5888.711806528566,320.53759087919326,4.9622478493510115e-12
5892.164166257207,320.9121922013038,-9.309947958609846e-11
5895.331913168541,321.25610450831095,3.666184409557727e-12
5898.112991290263,321.55818977966686,-2.220787519394695e-11
5899.734158106019,321.73434931282185,-1.6121840535599485e-13
5902.5833372929455,322.0440646674174,-4.4889186051152225e-12
5903.193289803507,322.1103879885083,-5.193349471764715e-12
5904.109887795846,322.2100673612702,-2.762080518405361e-12
5904.555882610015,322.25857457391345,8.787529805565448e-13
5906.800164497299,322.50272239107767,1.879273919352156e-11
5911.468423103469,323.0108636301955,6.607812085092218e-13
5915.1433988624585,323.41116815689577,6.807924133507163e-11
5917.265690247628,323.64245656531,-2.816148069520525e-12
5926.154495887867,324.61206464956547,1.0321348591268777e-11
5927.136237869145,324.71924421195484,-7.16868335668875e-12
5927.99017138393,324.8124849984232,-5.19605936048221e-11
5932.247344087491,325.27752502552505,1.9147604922781855e-12
5932.517745276506,325.3070740685935,4.547146549372787e-12
5938.485169458162,325.95952822406383,1.7502238887264208e-11
5938.532954616822,325.9647555084906,-5.650948946362628e-11
5943.363835538179,326.4934293084572,5.2005944577803915e-11
5944.375336157242,326.60417863668937,-8.304573928719358e-11
5945.959590989634,326.7776767708084,-4.662482009852545e-12
5946.423135885087,326.828450184126,-2.0436557426124954e-12
5951.877894631427,327.42622302552496,7.317737865384677e-12
5956.295018887786,327.91068581855615,6.1876019309858896e-12
5957.325118655457,328.0237171173378,-1.7791047349287464e-11
5957.992012742052,328.09690482628594,1.1015512536451814e-11
5958.794154954583,328.1849460759093,3.4820963694627918e-12
5959.914102138062,328.3078886809798,-4.2536829319600223e-11
5960.00051603801,328.3173757580864,-5.378611477789677e-12
5961.012016657069,328.42843506976624,-1.6749561528121465e-12
5965.620281548067,328.93464533195345,-1.0947038630456955e-11
5969.329117151283,329.3423388864143,1.1436790155740843e-11
5972.484655506103,329.6894107738636,1.985492186228909e-11
5973.493103986037,329.8003668519614,-1.7113498879476145e-12
5981.162385981861,330.64480423660143,-2.447786855463545e-13
5991.95220235807,331.8346669978629,1.7976589487693098e-11
5996.742070089597,332.36356397658653,-3.1738635750238453e-12
5998.504207932803,332.55824549602414,-3.023903535069105e-11
6000.916930099648,332.8248965411138,-1.4162222092378608e-11
6001.741009913786,332.91599738200875,-2.148599706908986e-12
6002.258825622877,332.9732475654284,-9.021484395136379e-13
6002.921332189149,333.0465021059786,1.3237017744347549e-11
6003.53939204975,333.11484938415725,-2.1970723082701188e-11
6004.194077579846,333.18725453485007,-1.4341904107854462e-12
6004.6189937340105,333.2342524947964,4.155199676251688e-11
6011.814525349665,334.03062114231,6.586911950384688e-11
6012.548471434128,334.1119045525986,-6.652148705967693e-12
6013.700656766775,334.2395273378713,2.663068073538132e-12
6014.511860333815,334.3293956581523,5.519605810298064e-13
6015.845648506997,334.4771843060221,-1.7035825274048967e-11
6018.153357625279,334.7329643851439,-1.921240400095165e-11
6019.016066180702,334.82860980066465,-7.23727341896291e-11
6022.028249059534,335.16266725744526,1.7233759403776784e-11
6023.670113158551,335.3448238402492,2.189841392351506e-11
6023.811751876606,335.3605402719171,5.84376836087113e-13
6024.070993576451,335.38930705328426,-2.9713827910541574e-12
6024.586043460285,335.4464632886578,-5.992596045881563e-11
6025.895414520474,335.5917891202298,-7.82694909773319e-12
6026.700895185995,335.68120433226983,-6.259795606546506e-11
6027.048553857582,335.71980109732874,2.242217846729612e-11
6029.280340874485,335.9676251837031,-5.975072893932388e-13
6030.8971201699105,336.14721434295484,-9.708428280601752e-12
6032.71715359361,336.3494382449731,-7.305358603313247e-12
6034.076980574851,336.50056843818965,2.2810817399235672e-11
6037.753005401147,336.90928969601265,1.1608357454264863e-11
6042.147810679146,337.39825572322576,4.2353149710820305e-11
6043.113529211336,337.5057492450513,7.703628805917681e-11
6050.144721753853,338.28890473766813,-1.315939512527374e-12
6051.3473630075505,338.42294976212844,-2.62184891477865e-12
6051.730598281302,338.4656703269894,-2.8654865928015142e-12
6054.15819976703,338.7363463300868,-2.6465886483889624e-11
6055.505913254638,338.88666237908643,3.0251052579306473e-11
6059.882024321154,339.37497881356126,1.6581135198142532e-11
6061.7027254354525,339.5782490256461,9.697120012076497e-12
6061.846080911433,339.59425638638527,7.539868900628223e-13
6065.0897499241155,339.95655217979146,-1.6411514012310368e-13
6067.004972288403,340.1705605092163,3.288003027420447e-12
6067.210992241936,340.19358535261944,2.7248229921413954e-11
6068.708833174372,340.36100794926506,-4.16218142485018e-12
6069.779946131849,340.48075796366754,1.3351503372661428e-11
6072.89513898744,340.8291554335792,1.0697993693310016e-10
6082.271906636045,341.8789148191215,-6.44031689029537e-11
6086.519636608332,342.35499492346196,2.3119248344659383e-11
6095.166464316058,343.3251471615718,-3.994507028688489e-11
6095.564673971564,343.3698584535567,-1.5318373203414826e-13
6099.340942949355,343.7940060832152,-3.812869443288144e-11
6100.1603489293,343.8860758167941,-2.024877539254362e-12
6102.576790925855,344.15766302525645,8.626889900623012e-12
6103.494819362243,344.2608696861905,1.3698899076139731e-11
6103.5961125810845,344.2722582309196,1.3246007172624387e-11
6105.499221451733,344.4862626781414,-1.8174676362440094e-12
6107.597477100615,344.72228869464317,2.538761574151032e-11
6109.42733463228,344.92818967471834,-2.692515248188304e-12
6110.045394492879,344.9977495326143,-2.630138682469439e-11
6110.40735985562,345.0384903736649,5.662812766850054e-11
6110.9017124561815,345.0941358969116,-1.4998278315585018e-11
6110.973914727835,345.10226353583795,-4.07146001661783e-11
6111.924467627262,345.2092739813387,2.967807141831778e-11
6112.046076752644,345.22296557935374,1.0015105811243726e-11
6118.418101181861,345.9407533456724,-1.1741083102627243e-11
6121.249730287466,346.2599671613547,-5.2506092177420794e-11
6121.281205683177,346.2635162601508,-5.008304394516822e-11
6125.758323654651,346.76853249276655,4.0598551251305684e-14
6129.019542748605,347.1366284943086,-3.963809679783644e-13
6134.277056582003,347.7304601380493,-6.060772258393681e-12
6136.036809976668,347.9293364984917,1.1533938074300476e-11
6136.791834721132,348.01468217703405,-1.174048952865986e-12
6139.503381333555,348.3212736544143,-3.326467014391575e-11
6146.505769242723,349.11365214884876,2.120791489624645e-11
6147.362754896622,349.210689245981,-4.4178066853428984e-11
6149.203771917451,349.419194665386,2.971802857390844e-11
6151.257008232926,349.6518087447561,-3.9865784057707154e-13
6151.693465252984,349.7012655932803,-7.352372827459196e-11
6152.125534752724,349.7502287290486,7.510285921843516e-12
6153.215628235544,349.8737759788028,1.6600822624525424e-12
6158.550780928239,350.4787586018547,6.348953465801164e-11
6162.10882139599,350.8825160271145,-1.8502691499688457e-12
6162.59678340443,350.9379069045118,7.395184666276773e-11
6163.376225261888,351.0263941379185,-5.513582867048521e-12
6164.249139302008,351.12550621703036,-3.025335564898431e-12
6173.22197439355,352.145110180357,5.438332640325084e-11
6173.275196139859,352.1511623147274,7.194589648770721e-13
6175.34903467574,352.3870304075731,4.281652914502455e-12
6175.684198476961,352.4251577098523,-4.832236980278337e-11
6176.495402043992,352.5174465375495,-3.6479455618678063e-11
6177.881362896148,352.675152271907,-1.0012519797842098e-11
6183.7204059834985,353.3399539524703,2.4590330652266825e-11
6185.029777043674,353.4891180262961,4.25530704845262e-11
6186.52656890877,353.65967183868673,-4.6565056022136603e-11
6187.698307394483,353.79321583818574,2.236948698626319e-12
6190.267261284381,354.08609013543526,2.7913470450898495e-11
6190.370271261148,354.0978363513117,-6.080468201966773e-11
6197.741682815753,354.93890503077387,6.211339330282687e-12
6199.399380238112,355.1281840535676,-1.1129478055291902e-10
6203.557262794569,355.60316164801975,-1.3453991091817776e-11
6204.968689827045,355.7644690529488,6.511705151020604e-13
6205.006269501002,355.7687644131914,-1.1467139702296727e-11
6205.586749687641,355.83511665713894,-2.0032365758042416e-12
6212.289550397727,356.6017351941022,1.3404132879442804e-12
6214.03537847796,356.8015464088324,-1.345973252603475e-11
6214.807953303704,356.8899860448064,6.596545528015849e-11
6215.324052254865,356.94907201857,-1.1917841299921182e-11
6218.675118764606,357.3328407279632,3.822114163090806e-12
6220.416559324518,357.5323545572134,3.5838232470921616e-11
6220.7191986626995,357.56703311979174,-7.871525118899342e-13
6228.910588824968,358.5063015582779,4.029380254464505e-12
6233.54489252396,359.03824295695864,-6.737560203870028e-11
6243.925721132086,360.2312259608934,1.3593665871260006e-12
6246.593297478424,360.5381090964239,-2.8574551924169464e-12
6247.177878871514,360.60537797929993,-2.49115242068239e-12
6249.083658504543,360.8247233471947,-2.051396112695542e-11
6249.495698411605,360.8721558032008,-9.357939501619196e-11
6251.265943604831,361.0759752310826,-5.603728077907585e-13
6253.523101739166,361.3359397251112,-3.4266744858957762e-12
6255.194056785348,361.5284496917652,-3.018434974893597e-12
6257.202560081275,361.7599165041897,8.340901770631666e-13
6259.832461690787,362.06310774351476,4.390884248024463e-11
6261.128670189997,362.2125895068225,-8.717175368379912e-12
6264.028686674652,362.5471381996691,-1.4064283837912044e-11
6269.562038284674,363.18590076568984,4.307328934031567e-12
6270.547405032794,363.299709320743,-4.4561053217358845e-12
6274.84559092609,363.79635326578955,7.297707610136125e-13
6275.051610879621,363.8201668701162,-3.300563948189082e-11
6278.727635705872,364.24520569604357,-3.2516545726654895e-12
6278.887300944803,364.26367256286153,-7.620470615893307e-12
6284.919106361829,364.961654588458,6.61334858472385e-12
6287.241694798969,365.23059611567874,4.9311581558450463e-11
6288.760805642393,365.4065536059201,-4.226362375121221e-12
6290.821481617298,365.6453081291652,3.761300197804456e-12
6292.824166948842,365.87741867726413,-6.412958376425994e-13
6294.102730303901,366.0256423748171,-1.0010245309586916e-10
6294.429405378345,366.06351860713346,-1.7039539641862234e-13
6295.66552509953,366.20685788758624,-1.912896891029794e-11
6296.7214724242385,366.329326838179,-2.4473409203603654e-12
6297.789246928715,366.45318839297977,-1.1577527588134223e-11
6298.677707978319,366.55626564326394,4.555084684646568e-12
6303.698012776298,367.13898331464287,5.926441241756379e-12
6304.948820565371,367.28423953433685,-3.2011752312940177e-12
6307.754983490626,367.6102238908229,3.602170388364706e-11
6308.185622546301,367.66026290329415,-9.220732020941855e-12
6308.424548339602,367.6880268627222,-7.315797978529207e-12
6310.726439493467,367.955568019597,6.0291581120621345e-12
6313.021272364617,368.22238597297576,-3.71222359884339e-12
6316.188351585283,368.59077847198387,9.214529684080593e-12
6316.561762751057,368.634225581203,1.7622165758329413e-11
6318.077153764758,368.810570610424,-3.530026444329289e-11
6318.787064112946,368.8931969485493,5.243805402027765e-12
6319.762988129824,369.00679972315004,2.036154460997221e-11
6324.888401039222,369.60371322000924,1.1700153127989548e-11
6325.918500806875,369.7237386294329,-5.7126399042304585e-11
6327.301123206027,369.88487007919827,-7.919159508158417e-12
6327.778879729764,369.940556230248,8.943777554308535e-12
6329.3055252954955,370.1185265484277,1.2001397642866504e-11
6330.807658685366,370.29368123747525,-6.995218150891939e-12
6331.867325839798,370.41726761793797,-6.897714821493193e-12
6334.514872593446,370.72613490009155,-7.0774757978786346e-12
6341.979088640064,371.5976181317056,-1.828410965634854e-11
6343.327756132116,371.75519103839565,-8.497579594338281e-11
6343.559242265971,371.78224031987907,-1.893316052383048e-11
6343.86045116009,371.8174382218955,7.201989063953552e-12
6344.164139565599,371.85292756028286,-6.75818940675749e-12
6345.177643256432,371.97137893617685,-7.024958583618473e-12
6347.346765795748,372.2249547187273,2.0406752608479567e-13
6348.142040976555,372.31794606517025,-1.0536448320529561e-11
6350.401964936139,372.5822620539438,-7.647187456601447e-11
6357.878389539245,373.45735951766466,-2.0072418963140542e-12
6358.921365553993,373.5795191828835,-1.7022394196307487e-11
6360.598138564546,373.77595499222866,3.123208775383844e-12
6364.9627087651,374.2875120667389,-2.4164257777084686e-11
6375.11748782696,375.4790786651429,8.835540642265008e-11
6375.99040186707,375.5815954740611,-1.0077770980560965e-11
6378.35676931927,375.85957710429204,-1.1424261548890528e-13
6378.781685473426,375.90950372722756,3.262390632472886e-13
6380.130352965476,376.06799093456925,-9.305265840817326e-12
6380.4780116370575,376.10885110053925,2.0891505125355578e-11
6386.059148405707,376.7651043381119,-9.665832175458917e-12
6387.0184763457655,376.8779638908492,-2.655222017377873e-13
6395.067560099317,377.82556129620025,-3.1032713678448036e-12
6396.680619564989,378.0156060823395,9.682634314108902e-11
6400.799205689521,378.5010603078345,6.187025544236592e-13
6408.81576498003,379.44686129937304,1.3564263427412874e-11
6412.307421140464,379.859180180887,9.59697864515153e-13
6413.850949096874,380.04152220771675,-7.237543703420234e-12
6415.843810320433,380.27701035929624,-6.463384921834021e-12
6416.152840250727,380.3135336972221,-8.7921230087981e-12
6418.766240846267,380.622474165664,-1.2651554164092998e-12
6419.4873106836185,380.7077368414385,3.055935128146037e-11
6419.636389061117,380.7253657619927,-2.3605279986120716e-11
6419.658135411717,380.7279373608669,-6.745625767696801e-11
6422.2290923733835,381.03202540015786,3.377980172372427e-11
6422.463916960229,381.0598060868095,3.2675822177819777e-12
6423.446612945949,381.17607396712276,1.2228692350074445e-11
6424.483579745308,381.29878219949006,-6.23958517401346e-11
6424.798046263253,381.3359981349384,-7.38176385540109e-12
6426.324596766112,381.5166855583388,1.0899941673393074e-11
6429.207730860058,381.8580596728537,4.1161073534505554e-11
6432.39407691992,382.2355133679974,2.183786945342274e-12
6432.530946740918,382.2517311193943,7.8065533009893e-11
6433.337476473754,382.3473041082714,7.764860228365337e-12
6438.532993520119,382.96325503771794,-7.282159341410047e-11
6439.246242321298,383.0478525721979,1.954602269205705e-11
6439.373001720459,383.06288832425486,1.3953490349544756e-12
6443.707813283214,383.57724648451557,-3.2887491512517945e-12
6445.32621427367,383.7693707348151,5.5963365265509244e-11
6448.266194880783,384.11850629346003,1.8698166185611324e-11
6448.529537787074,384.14978718522,1.0309106175207634e-12
6450.101870376798,384.33658153210655,6.743694129010907e-11
6454.075097953545,384.80880702814426,-1.6283051326814164e-12
6455.33935461744,384.9591272733117,-2.1456518561678153e-11
6460.802888404282,385.6090805421735,4.8297445623793905e-11
6464.347766311021,386.0310806633482,5.912404513300828e-13
6465.392554146554,386.15550163544265,5.227945055074455e-12
6472.889962346763,387.04893767460817,1.185869889128876e-11
6473.508022207352,387.12263558482243,1.6016763424368504e-11
6473.901462965796,387.16955341426757,3.441331188958046e-12
6475.091227972373,387.31145029775183,-7.840571392980583e-12
6475.834044160324,387.40005521761094,8.805428153910967e-11
6478.509727856677,387.7193015158907,-2.905835255346663e-12
6479.539827624324,387.8422419113364,7.020763012685253e-11
6482.437841037153,388.1882190002088,3.6192316516787956e-12
6484.934974032093,388.48646137595614,5.756183150595965e-11
6491.457412219891,389.26600356004315,1.7435054901259035e-11
6498.959970693873,390.16365591417514,3.318597862627175e-12
6499.180869966293,390.1901013789384,7.779649697960256e-12
6500.759306834262,390.379093739758,3.686506565477196e-12
6503.809832140439,390.74447500898805,-6.45813104907107e-11
6503.977509666551,390.7645638076493,5.3516497375202076e-11
6505.475350598954,390.9440373382996,9.474161904542956e-12
6508.305549260445,391.28326877520226,4.589007610331355e-13
6511.522035334808,391.66898027614434,-2.295382522956048e-12
6518.2357092201,392.47467823406396,4.5327969807007827e-13
6520.5751800479,392.7556296988025,3.5928731530549547e-13
6521.285471772814,392.84094992352993,-1.3411860464592109e-11
6521.892372144233,392.9138581441757,2.9644728962727337e-12
6522.905589521191,393.0355932020631,1.9496053485592055e-11
6526.6276827481315,393.4829539808101,1.163834759239053e-12
6533.798797250611,394.3455743238441,-1.821352343378296e-11
6533.9146834744715,394.3595221682942,-6.288992715728382e-13
6534.763180401581,394.46165317359987,2.6250617006982e-11
6538.002461893865,394.8516776345369,-1.0917008322160241e-12
6538.775036719601,394.9447277608282,-1.2887040121432624e-11
6546.2857025436115,395.84989715712163,3.181095994699072e-12
6549.160252847903,396.1966067721363,2.5827787801612747e-12
6549.744834240987,396.2671338131442,-1.966581955115397e-11
6551.701069795044,396.50319036329614,-8.723522454397109e-12
6556.428654425624,397.07395324610593,2.967444937084624e-12
6560.793224626139,397.6012547717985,1.4450835159565193e-11
6562.43709179691,397.79994803998915,-3.3687851927418576e-12
6564.362519645853,398.0327366808082,6.964515499982266e-11
6566.056175047079,398.2375599559755,-3.622634788508096e-11
6568.893813368011,398.58084994913696,1.0248616038536743e-10
6570.893827937134,398.8228955455039,-1.1623614903021446e-12
6575.974794140809,399.4381351853002,-7.032642008782743e-13
6576.785997707827,399.53640552411497,3.5125760170635398e-12
6577.2957060668605,399.59815851135477,-9.790070214522578e-12
6578.411933420578,399.73341015591035,-1.2089774846752083e-11
6578.531825788031,399.74793870463895,4.5188365526439824e-11
6580.0801226414815,399.9355849983358,8.643866417888796e-12
6581.54400866678,400.11304170975086,-1.0760473261331586e-11
6584.526051531018,400.47465611572716,-1.2446525010006718e-12
6584.83508146131,400.51213968434257,-2.4370670015754306e-12
6585.650099920916,400.61100521445695,-4.522847418376569e-11
6586.564313464696,400.7219181301867,-1.4000019561561991e-11
6590.861545353468,401.2434670512254,-2.03065134254503e-11
6591.994655097873,401.38104764174426,-5.268685977891147e-11
6593.592740181777,401.57512508382064,-1.4242655578556976e-11
6594.118376927031,401.6389706617664,-1.5437457039704305e-12
6595.321018180698,401.78506659059127,-5.348214638107916e-11
6596.351117948338,401.9102234965013,4.5375073342296975e-11
6599.4090829139495,402.2818807389514,-4.7499064999990475e-11
6599.924132797771,402.3444955344189,-1.6803345546071387e-11
6600.1868080134645,402.37643093431956,3.5925975836324657e-11
6601.921095227767,402.5873131618634,-5.416121256306059e-12
6602.6292888180205,402.6734425356761,-4.809994229715559e-11
6608.631335597179,403.4037728307504,-3.000422788056383e-11
6613.261919466369,403.967676708679,6.5268806813318314e-12
6613.673959373425,404.0178732979266,1.652473605397082e-11
6615.728912446783,404.2682637884619,8.033110334032378e-13
6619.977215046696,404.78615463991093,-2.2459265356976865e-11
6620.4869234057305,404.84831315704696,-5.5972544634090126e-11
6625.038246720549,405.40355546415265,4.99578797107057e-11
6626.726751847987,405.60964302989487,-1.701316273989342e-11
6628.331990277467,405.8056163205031,1.9287329534412777e-11
6630.728116367423,406.09823233266695,1.1805307077712755e-11
6634.139176592258,406.5149750093174,-1.3937008170547652e-11
6637.487858653412,406.92430518713127,-4.344079653924573e-11
6639.8375349659045,407.21164401615727,1.9003755910565166e-13
6640.1851936374815,407.25416737533146,1.1156174340735946e-11
6641.787666241705,407.45020023805375,4.02117032891257e-11
6642.5725446867955,407.54623284653354,8.354035182978623e-12
6644.058081999828,407.7280245697341,-6.474634648099266e-12
6645.55010496784,407.9106508887601,-7.017965131683232e-11
6647.373571907344,408.13390223423346,5.102411965696559e-12
6651.234251713192,408.6067764595337,1.5641533417415403e-12
6652.581297510162,408.77183357691365,-8.241935681248398e-13
6655.080433576877,409.0781479215036,3.1125840976879726e-13
6657.127470551192,409.3291350551195,5.521641048642724e-12
6657.298295279287,409.35008335868736,8.196238633596747e-13
6658.856702554572,409.54121627602495,2.3806493641678456e-11
6661.409060367599,409.85435020526654,7.893798778470872e-12
6665.463646633337,410.3520305331975,3.1860554883540095e-11
6666.287726447447,410.4532192671196,-7.821143472400711e-12
6671.879355014598,411.1401455735216,1.3831200737521078e-11
6675.228704766345,411.55188585509876,1.9501952603963565e-11
6677.8814017937375,411.87813227969883,4.331494037652687e-12
6677.9338607865875,411.88458534458044,7.330772221909294e-12
6678.2683568972025,411.925733439991,-2.1643709444934568e-12
6679.268698027057,412.0488028711387,-2.7662463210620487e-11
6696.285847974789,414.14520360223605,-6.238865623288547e-12
6696.7572139064005,414.20334870407856,-8.657644305149126e-12
6697.898907440441,414.344198684188,5.1731138075087846e-11
6699.019140937746,414.48242449164167,2.076933755135129e-11
6699.656276386534,414.5610510589218,5.385786338499962e-13
6705.93511494679,415.3362996301868,4.043487946170415e-11
6706.639588707318,415.42332635821174,-1.123434354032768e-11
6709.636892267162,415.7936985819623,1.1666197301730915e-11
6710.458301318878,415.8952277344268,1.0966505876146452e-11
6712.481970247522,416.1454136178815,-1.1014748009260567e-10
6713.3382882108035,416.25130279251454,-1.4372490518596554e-11
6714.06622507986,416.34132744821005,4.3066771954554037e-13
6718.06654053195,416.8362245329837,-1.6157327059030197e-11
6721.563633279989,417.26910715227183,1.0531006822880315e-12
6722.11254300804,417.33707361227937,-4.617278841361492e-11
6723.206451383419,417.47253881085294,6.770421492285252e-12
6723.4124713369465,417.498053957105,1.027882897931236e-10
6726.924824780606,417.933171974846,2.7652596465973915e-11
6735.76651295244,419.0295056721128,3.574092168311875e-11
6736.941398640113,419.1752951523766,-9.35525326498399e-11
6737.4523473174795,419.2387058006781,1.2764933945490626e-11
6740.065747912982,419.5631138259573,5.964341568519929e-12
6741.715337985259,419.7679463823227,7.286358335865027e-12
6742.178882880694,419.8255146047811,-2.2721010660236906e-12
6743.603472474098,420.0024609488209,7.117274710783653e-12
6744.179565140404,420.07402725432524,2.0122995493092248e-11
6744.746120012603,420.1444146701097,-9.501285329161236e-12
6747.214066997468,420.4510954487144,-1.396659551961113e-12
6748.942344996379,420.66592765283997,1.328252784000458e-11
6749.972444764011,420.7939995447717,-5.576443008211478e-11
6752.541398653846,421.11348171096074,5.879082545322085e-12
6754.52348176494,421.360062096349,2.332413643386374e-13
6761.240780417026,422.1962636033301,5.252235117693463e-13
6762.840582258848,422.39553714858124,1.317529697388148e-12
6763.848744424875,422.5211394482098,-4.1264682429096273e-13
6765.689761445656,422.75055162552746,7.223313851009777e-11
6770.0920063829535,423.29937579201146,-1.838875057869241e-12
6773.377642589808,423.70922593839214,7.272273340198568e-13
6774.3237129060235,423.82727559031696,-4.118587947373373e-11
6775.737810700857,424.00375595485144,1.3521584587618787e-11
6779.390848858093,424.4598280836301,-9.22684455849366e-15
6780.626968579255,424.614210017013,1.4144250009951067e-11
6782.8059152265,424.88641238511855,-1.1312771342776186e-11
6784.626616340736,425.1139284191174,7.795801302894557e-13
6786.69206121265,425.37210172534776,-2.4646027267578773e-11
6791.776747246002,426.0080043543853,-2.0226790861149684e-12
6797.751611086864,426.7558432976454,3.238914232848245e-12
6801.149795064582,427.1814675760883,4.989610054914185e-13
6802.02537986707,427.29116948523125,-7.18843132558601e-11
6802.2182372596335,427.31533446140406,7.982963656932639e-11
6803.441480733697,427.4686224736067,-8.487219133673946e-13
6805.19579754066,427.68850886030464,-2.0850177715817555e-11
6806.693638473045,427.87629337992377,5.061664552335599e-12
6808.21074624464,428.0665355138883,-3.952964122790231e-12
6810.800683731609,428.39140621529225,-1.145532554369041e-11
6825.8097117601055,430.27650746495743,6.826171338089053e-13
6829.125583044326,430.6935333284545,-3.6594964557868325e-13
6830.091301576483,430.8150265495741,1.5200806569265963e-12
6831.862214460261,431.0378627172648,1.3784752406702308e-11
6834.567370480488,431.3783673822533,2.0606954725983087e-11
6839.535216285507,432.00403347752916,-2.13687490074944e-12
6841.001773073185,432.18882315565634,-2.0691649937115695e-11
6845.209157546112,432.7191835793978,-3.145935046394472e-11
6846.911969364691,432.9339236384852,-4.625514192032258e-12
6849.029873229446,433.20108510950166,7.04100902804002e-12
6849.515832166078,433.2623977071218,-1.3021387799466853e-11
6851.520234255504,433.51533562333464,-1.2847572608996444e-11
6852.030896618998,433.5797885519382,6.366925484895001e-12
6852.610327738289,433.65292690331034,1.1563741675805872e-12
6855.225731405576,433.9831316486485,-1.7469367075235604e-11
6855.637771312628,434.03516475667686,1.8433923786347896e-11
6856.448688565769,434.1375779159522,3.8896502526026323e-11
6857.923066389624,434.3238125233549,-1.1255421557175285e-11
6862.42727223634,434.89300494729184,4.184752257564311e-11
6862.770924764325,434.93644735104357,-6.387617658856409e-11
6863.318212797308,435.0056365729901,-6.186088101577098e-15
6867.0999183626245,435.4838779582656,-6.253086302980757e-11
6867.614968246442,435.5490324891325,-1.5339626637742812e-12
6867.701382146384,435.55996444707563,5.756886970770453e-12
6869.160594337481,435.7445856872594,-4.970513359121531e-12
6870.627151125159,435.9301756942157,3.65274513283513e-13
6873.000576860023,436.2306122053778,1.1992368003791073e-11
6873.711917652256,436.32067641539106,4.115362561143475e-12
6875.647455923016,436.56578578127,4.75243709739274e-13
6875.704111185181,436.5729614324525,-2.3449011815587568e-12
6880.315714528979,437.1572406224398,-1.9733079037102792e-13
6881.735916602055,437.3372557510748,-3.0122599237822398e-12
6882.675882640019,437.4564198681701,4.834798051095409e-13
6891.32042096178,438.55309361238585,2.3937809494084443e-13
6891.712431276161,438.60285791993914,1.6327941951423893e-12
6898.595213131517,439.47706363232817,4.615249610398662e-11
6899.41929294562,439.5817913293446,5.485737714494445e-12
6902.757101831441,440.0061027487506,-5.609457274312125e-13
6902.843515731383,440.0170906460427,5.305349223713972e-11
6903.727684323506,440.12952437134805,-6.850594911858023e-14
6904.571793730283,440.2368774782072,6.370472804331962e-11
6908.273857364495,440.7078577526587,3.814006538512148e-11
6908.925872132169,440.79083387735693,-4.877264604737618e-13
6910.32165709225,440.96848934998826,6.585907428904043e-12
6913.191152185583,441.3338313364211,1.2588479012344756e-11
6915.809894305859,441.6673800139276,5.775248618857842e-13
6917.444605059232,441.875656847519,-1.689174472788453e-11
6919.242987195125,442.10484375016443,-6.146818553460434e-11
6920.1935400945185,442.22600685091885,-2.6994979708733173e-11
6921.666868851037,442.4138389494971,-1.2423496967384293e-12
6921.705211278457,442.4187276921485,-2.990345195734489e-11
6922.199563879,442.48176114629024,-1.8547968259444824e-11
6929.518802754396,443.41554262208325,4.775904776484178e-11
6930.870808699409,443.58813822194224,-1.3650146365566963e-12
6933.22763835745,443.88908902618755,1.3062929391863781e-11
6939.993771235478,444.75364580427265,-1.3043216240664646e-11
6944.340791354644,445.3095403339044,-4.383631557596203e-11
6945.06090718752,445.4016619563432,1.0678982851698497e-12
6945.9879969783815,445.5202750187701,-1.9903816256618753e-12
6947.939845012088,445.77004872641663,-8.081265559554352e-13
6950.35399762289,446.07907961457215,2.830813911075035e-13
6951.422439817936,446.2158830523386,-1.9328160135073954e-11
6956.464395903518,446.8617393327284,1.3047408115802692e-11
6956.659924058474,446.8867952120113,6.05474381626269e-12
6960.314965287484,447.35529867335606,-1.2570697513234378e-12
6963.872051750646,447.81148256896347,-3.938237316479141e-11
6965.848316897344,448.0650323791952,-5.736874168338293e-13
6966.819853393876,448.18970442717676,-5.7748756515573204e-11
6967.017003243896,448.2150057281232,-2.4884714861883473e-13
6970.518197198354,448.6644520463907,-3.989225643274934e-11
6971.104781663224,448.7397736523078,4.7599053610050114e-12
6972.419589311005,448.9086273057058,6.384253385038077e-11
6973.4066728170255,449.03541404286017,-2.2881384923576766e-12
6977.554063574778,449.568325125371,8.466323841237461e-11
6979.152148658657,449.77375259403334,1.4737375393737816e-11
6982.914587384745,450.25758485783456,8.748550291894395e-11
6987.980674269449,450.9094722034206,1.610730606883099e-11
6988.1022833948255,450.92512627498263,-7.050249431943686e-13
6994.795641373452,451.7871454374541,4.235420370391232e-11
6995.104671303739,451.8269644828116,1.94985103044685e-11
6995.611613837507,451.8922887220857,-2.0503456549342183e-12
6996.528211829802,452.01041287798944,-1.515185350137476e-11
6998.821327942961,452.3059999773078,-5.0663719181644963e-11
6999.7989687177405,452.4320492140626,2.952964519275151e-13
7002.822692462341,452.82201557438117,8.245271164542369e-11
7003.197152695432,452.870321023098,2.4543806908497895e-14
7004.343520063648,453.0182187119274,-3.708484708724872e-11
7006.806030460841,453.3359994149525,-6.414381754425904e-13
7007.149682988824,453.3803557815069,-6.161821539571761e-11
7010.540332244208,453.8181146957264,3.937933902274817e-12
7011.195685464874,453.9027502620661,1.5673526742312803e-12
7018.765677313304,454.88095005575985,-1.6329454139191283e-13
7020.318648000916,455.08175653474234,-3.0153030978932536e-11
7021.300389982149,455.2087233507483,2.8419186137602467e-11
7026.621903674091,455.897253497403,-1.4737952939253908e-11
7028.988271126232,456.20359621943675,7.159624795416126e-13
7035.349803756631,457.02765223963985,-2.2407099670537322e-11
7035.365732142853,457.0297164960448,-2.0302229679974507e-12
7036.2972094540355,457.1504404315943,4.740999025359325e-14
7039.845520876545,457.6104650472977,9.263731292298867e-12
7041.373788137296,457.8086703421669,-1.273557741393658e-11
7042.742485221984,457.9862170500989,2.7660650146053153e-12
7042.933625856619,458.0110144646029,3.8926931851022085e-12
7046.170427837453,458.4310395103675,-1.0739548234254325e-11
7046.482223592998,458.47151001565067,7.300826381758665e-14
7048.842391704022,458.77791350045453,-4.592193612576791e-12
7062.209364382444,460.51518672078913,9.245307533878999e-12
7062.257149541099,460.5214031467528,-5.300981254770327e-13
7063.406855362306,460.67098237293743,1.3980613598894489e-12
7063.493269262249,460.68222599296706,-3.3411048964851366e-11
7065.907040496312,460.99634594100604,-1.1484282555015467e-11
7069.397742652193,461.45080383477745,7.928686309301397e-12
7070.118812489526,461.5447085867577,-4.9122617483996733e-11
7075.326538092265,462.2231938172542,7.42649914985905e-12
7075.944597952837,462.30375051810785,-3.946439365861907e-11
7079.889020896174,462.81802456242485,2.939923058846624e-11
7081.845256450191,463.07318495938387,-5.510447727237066e-12
7081.873393392907,463.0768554986783,2.4240754694893083e-12
7087.871720342237,463.85968620477774,-2.9683256630517685e-11
7088.579913932476,463.9521550027762,-7.128995194595475e-13
7089.8611480498885,464.11946914723154,9.233239948116624e-12
7092.52462318968,464.4673845226154,2.8809901732942126e-14
7097.19698300206,465.0780253457829,5.251506615720588e-11
7098.1755777813,465.20597095003257,-1.4122284473777509e-12
7099.935331175894,465.4360929056178,-3.7166557936541866e-11
7100.231484859085,465.47482636302726,4.3858191196867584e-11
7108.676012442644,466.57995218242405,-1.6124455316349547e-12
7111.434390209152,466.9412225923088,1.6434267216239345e-11
7112.739087435091,467.1121502964438,1.1742421734121241e-12
7113.076254308095,467.156327451573,9.535069668293882e-12
7115.944414020211,467.532211608746,-6.028986894812023e-12
7116.0240559513095,467.54265117451996,-3.276294011023261e-11
7121.290344825133,468.2332223288515,-5.604085097307728e-12
7121.52078189165,468.2634513255509,6.163753015490574e-11
7122.138841752222,468.3445339517215,6.630063397595002e-11
7123.650512936151,468.5428781642976,-6.995013325058365e-13
7125.494009468293,468.7848176740783,-5.481934146261715e-12
7127.533988159859,469.052616364755,4.52335860320871e-13
7134.498033641325,469.9674006302393,-6.349942027373024e-11
7138.767701215025,470.5286981131072,9.71885991555805e-13
7139.076731145314,470.56933672541714,1.1059716792346232e-11
7141.200452974429,470.84866181606833,3.0702050585696e-12
7142.701632359786,471.04615637560306,-9.20291603191797e-11
7147.924237281398,471.733563617552,1.1942351248205417e-11
7152.4277754374725,472.3267296246571,2.7087675461848053e-12
7155.866877542095,472.77994916397967,-2.8327639938666266e-11
7156.784524601716,472.90091742880304,-1.9541625868863977e-13
7162.473821620742,473.65125175003874,4.657177528760609e-11
7162.872985280696,473.7039179302445,1.6499285781020825e-11
7162.914952474974,473.7094553077669,1.0735304917223613e-11
7164.787253640429,473.95652981280097,-8.94243678209454e-12
7165.927135353659,474.1069836633582,-2.5563411119718414e-12
7168.250105167448,474.4136682971515,-3.817754719533037e-11
7168.867211023554,474.49515695910026,-2.840611783615255e-12
7169.22669687489,474.5426302023468,-2.6937049471800397e-11
7170.378882207481,474.69480237042,-2.6554243329462577e-12
7170.947440151465,474.7699023345929,-3.3259486685336674e-12
7171.19008577448,474.80195484311275,8.431883660424182e-12
7171.377506579391,474.8267131181971,3.83613543883575e-12
7177.357807007825,475.61705010398873,2.2102705031004586e-12
7177.975866868397,475.6987684393456,-3.383585278564617e-12
7178.7064744998315,475.79537663602093,-3.029237711698846e-11
7183.379120626067,476.41347284877145,-7.31291218062324e-11
7185.585822839269,476.70551456759057,-1.2684038095515018e-11
7186.046696972304,476.7665193830221,-6.887903317233012e-13
7187.012415504448,476.8943619426392,-1.1426934869250741e-11
7191.553247020604,477.49571099806724,2.430741458212229e-12
7191.926658186366,477.54517929410054,-1.8008814524520088e-12
7196.554952669794,478.15853389876963,-9.66739819488678e-13
7196.66645137333,478.1733148881041,7.872551232962889e-13
7197.003618246333,478.2180133029413,1.1053925678946781e-11
7197.443413719365,478.2763204001323,-7.694721143941715e-11
7198.057086059615,478.3576856566473,3.925713099183852e-12
7198.316327759448,478.3920599392664,-3.2833345678291136e-13
7199.027668551672,478.48638688571424,2.3318507513139983e-14
7203.649763693989,479.09952426755893,2.7979536908067655e-11
7205.065864560597,479.28745384565036,4.3812624161769927e-11
7208.0631681203895,479.68534536633535,1.066810253746043e-12
7211.109878533903,480.0899652406931,-4.041733726255167e-12
7217.4453723562065,480.9319010834529,-4.400757130548201e-12
7221.85505695288,481.51834888183,8.834400041576933e-11
7226.170792927303,482.0926492012489,9.552862237430701e-12
7227.927207868899,482.3264757383453,6.135139642817047e-11
7229.076913690095,482.47956358530837,4.427452340420188e-13
7229.4591949593605,482.53047123222206,-5.227790968595899e-11
7230.955986824394,482.7298219742738,3.5617698418525044e-11
7237.075922899068,483.5453371060878,8.718168102624312e-12
7238.169736211563,483.69116641834785,-8.975797273573515e-12
7243.239829239814,484.3674088919366,5.655547712833525e-12
7244.7898428511535,484.5742422193582,2.5218089692410764e-13
7247.986680709486,485.00096702101655,-6.724242995828915e-11
7254.5271454179765,485.87459709293006,-1.0148765267567592e-11
7256.2729734981385,486.10792598260133,5.404837007179097e-12
7257.069011432379,486.21433461779264,-4.1337365144904156e-11
7257.558022508131,486.2797078949192,1.0193177184244584e-11
7258.588122275745,486.4174308400036,-1.022883648714603e-12
7259.5640462925885,486.54792859184613,2.3120876809146145e-11
7262.316987471434,486.9161385135281,1.7415138756976573e-12
7266.883285167903,487.5271953563021,-1.8033567779886356e-11
7268.235291112899,487.7081929746945,-5.002502254944108e-13
7273.581984671256,488.4243028401894,-8.749595813827753e-13
7274.756107605444,488.58162961379804,-2.319620952340348e-11
7276.738190716501,488.84727674763167,-1.095162531494497e-13
7282.425389600851,489.6099008409261,-4.0323194935390323e-13
7283.402267622158,489.74095511394506,4.933982707027515e-12
7283.7022361979325,489.78120129503407,-3.6025121374260264e-11
7286.9390381787425,490.215581951513,1.555309430792216e-11
7287.147823957523,490.24360774693355,2.704344813877862e-12
7288.797414029768,490.465064252232,-1.4490637706275266e-11
7290.816695438051,490.73621983848,-1.7931912587344656e-11
7292.3067153342345,490.936352650993,-3.023350218340814e-12
7292.821765218043,491.00554136088704,6.436732710133279e-11
7293.20404648731,491.05689789147357,-5.2351272326198354e-11
7293.513076417594,491.0984156391162,-1.7882412904710048e-11
7295.765847031517,491.40112543817276,2.222520213209662e-11
7303.060955107696,492.3820268656124,1.899691025449286e-12
7304.04098033099,492.51387591212324,4.4048418932405364e-11
7304.1843358069655,492.53316392226947,2.1805515174455008e-11
7304.917614200792,492.6318300509866,1.467951834631521e-11
7306.453702497704,492.8385502136105,-5.313177975275628e-12
7306.495669691983,492.844198588258,-1.096878775249052e-11
7309.076164447666,493.1915703191077,2.7679159356396532e-11
7309.401790454769,493.23541298167646,1.0235191248506537e-12
7309.488204354711,493.2470481771478,3.4812461255291686e-11
7319.275008838101,494.56568197395677,3.647247335870994e-12
7322.819886744726,495.0437395212192,-2.8382526062615983e-12
7324.000209020028,495.20296759103576,6.59462054873011e-13
7324.432946210342,495.26135121846136,-8.544931923281439e-11
7327.6192922700975,495.69134985637004,-3.998861105613735e-13
7329.5545442269595,495.9526041483872,-2.0245526894230455e-11
7331.597193680905,496.2284316786878,-3.3178780938609594e-13
7332.160123786234,496.30446000320234,-1.5992579691330246e-11
7336.545391269899,496.8969261753786,-3.1234377986481637e-12
7339.579893126902,497.30710619179456,7.770022575397102e-12
7339.8723269803695,497.3466440533922,1.6236394221614336e-12
7349.957669595464,498.71117410980634,-2.2520198536978744e-12
7352.184401401326,499.0126997218319,-4.6364747763922785e-12
7352.5764117157005,499.0657919728215,1.1341038763383447e-12
7354.076923410449,499.2690412079788,-5.438747800586221e-11
7357.009845734751,499.6664349267375,4.151815965570714e-11
7358.70683958892,499.89643997460496,-9.783975115838891e-12
7360.665554654308,500.1619838179004,-1.269605382472317e-13
7360.99118066141,500.20613592666905,-2.1648194069594872e-11
7364.697726878751,500.7088496270946,-2.698763473295303e-12
7364.71155713031,500.71072587875517,1.3016122192839572e-11
7366.352753538642,500.933400315986,-2.703399152453752e-13
7370.297462795809,501.4688139852849,-3.480592851154796e-12
7383.508871441621,503.26408030972505,-4.358153135039196e-11
7384.332951255712,503.37616904997736,-1.1868863880588776e-12
7387.8246074160215,503.8512319125287,-2.0161801001636213e-13
7388.083849115852,503.8865124125989,4.343222727987967e-12
7388.593557474872,503.95588281730375,5.168996223935494e-12
7392.571458885672,504.4974325686538,-5.265736354248017e-11
7394.625362891645,504.7771642627453,6.187707937365126e-12
7395.605388114937,504.9106662969483,6.74595800232135e-11
7397.759154895684,505.2041211618462,5.4732515365030344e-14
7404.272531728758,506.09210122410786,-1.2388035639483572e-11
7406.28370578699,506.36644600843357,-4.630181634771894e-12
7406.762225064171,506.4317319222734,-2.993771657723765e-12
7416.51068712011,507.76266399302847,5.1290068134194996e-11
7418.950497162207,508.09603877612903,4.895244923334557e-12
7421.943031824927,508.5050873840377,-2.6123766865599254e-11
7422.544209294807,508.58728203907606,-2.8427402684646074e-12
7425.2897108141915,508.9627392671631,3.12612968296478e-11
7427.225630461649,509.2275667283581,-1.8042195579168523e-11
7429.2524465922315,509.5049025054856,-1.5024458291623816e-11
7433.227677240634,510.04906586893065,-8.360602372467916e-12
7435.405861134373,510.34735764508457,-4.966672300771202e-11
7438.4024970035425,510.7578752960742,-4.760433818299506e-13
7438.577709251956,510.78188323778323,2.658095713024193e-11
7440.465843740753,511.04063518111553,-9.844753798073472e-12
7441.110037472243,511.1289311949662,8.43999434870021e-11
7442.408249043189,511.3068929832098,1.2674776641064504e-11
7442.998171961039,511.3877712145036,4.956870762413485e-12
7443.335338834037,511.43399955706286,3.8761605993548596e-12
7443.919920227101,511.5141554216283,-4.916354579031176e-11
7444.950019994713,511.6554146096172,9.615420321897136e-13
7450.809760365049,512.459341793304,-3.106072605442272e-14
7452.042541633193,512.6285537720453,7.9558475915294e-12
7452.084508827469,512.6343146962247,1.3675549912074894e-12
7453.054042252189,512.7674136014838,9.110283286344994e-13
7453.388538362798,512.8133377131086,1.2370790473596305e-11
7454.119813684825,512.913744173932,5.94351563881168e-13
7455.355933405957,513.0834897983476,-8.005560350447254e-12
7457.66230714291,513.4002793965756,-1.0939122369898205e-11
7460.882226733017,513.8427120389615,-5.7563134730849264e-11
7464.431778473816,514.3306590566347,-7.632972619170139e-11
7467.443961352474,514.744917513271,1.8175985182532564e-11
7467.87603085219,514.8043527260681,6.111258033035047e-11
7471.200009486385,515.2617121597418,1.2877194266428834e-13
7472.464266150235,515.4357196862479,2.3648000343638708e-11
7475.878759890829,515.90582488741,-3.214061247322972e-11
7479.492692867101,516.4036226934393,2.4057784101939176e-11
7479.629657750959,516.4224935245526,3.1627474015364223e-12
7481.182628438548,516.6364838367589,7.755394468488732e-13
7483.734986251505,516.9882803802168,1.0961309329159075e-11
7486.086760698587,517.3125363468831,4.215324610189046e-11
7487.226642411804,517.4697366507845,1.2602808793472344e-11
7488.529241503069,517.6494064998685,8.124707862431098e-11
7494.149007012781,518.4249092241503,-1.4871492821599388e-12
7494.5312882820435,518.4776834772584,-8.283902015188275e-11
7497.8132046591,518.9308655734823,2.026218362523716e-12
7498.582441031815,519.0371139691767,2.4103659368998313e-11
7499.5739120581375,519.1740739177092,-2.7912321266210053e-11
7503.854547869955,519.7656007810868,2.3572489386790047e-11
7506.231693434498,520.0942364089268,1.0725640433458592e-12
7509.821972051234,520.5907825878853,-6.72860133356212e-13
7512.626704532307,520.9788506062843,2.873719549328532e-11
7516.58705586181,521.5270589688361,-6.851117506066944e-13
7517.731420158209,521.6855204552382,1.0050298505128261e-10
7518.742920777207,521.8256042346751,5.977920210276059e-11
7523.75883805464,522.5205423249523,6.934557572350812e-13
7524.376897915205,522.6062044649267,-3.0983760493090854e-12
7524.636139615036,522.6421370579777,-1.7770445001324657e-11
7525.953331711322,522.8247276118268,-4.514438744262646e-11
7526.335612980586,522.8777258272119,1.469359179397323e-11
7527.687618925572,523.065185072066,-6.792182946895451e-11
7532.375907124109,523.7154896100282,-2.967425635039699e-12
7534.189836269455,523.967205290158,-5.837622593247042e-11
7538.047177622193,524.5026830872247,3.984703705789612e-13
7538.721129991462,524.5962695742304,2.4801356959742935e-11
7542.430346971173,525.1114892278333,-5.4612229974137624e-11
7544.035585400604,525.334539493384,5.3947876800776685e-11
7544.756655237929,525.4347486686764,-4.021143736444021e-11
7545.188724737645,525.4947992143109,1.8422601823794835e-11
7545.356115949884,525.5180647606117,-1.8345739222996365e-13
7547.170807848687,525.7703202000181,5.005519570401033e-13
7548.239250043714,525.9188698475882,4.9391527986357194e-11
7548.424572713963,525.9446381146795,4.90360401852874e-12
7556.8216965154825,527.1128834252742,1.2945110917094697e-11
7563.535275337668,528.0478408109196,3.5007849022773425e-12
7563.833813469381,528.0894355968879,-1.2382285754193775e-11
7565.291690279247,528.2925825595554,-2.316499373273163e-11
7578.022195199283,530.0681706911835,1.4736260789109435e-12
7578.456649147523,530.128818867476,4.412688535582662e-12
7578.561662196081,530.1434788253271,-1.2573847210176793e-11
7584.919093619919,531.0313629046212,-3.508086980987063e-11
7585.1451431661135,531.062946876137,-9.488709740280595e-12
7590.015701895771,531.743697060242,-7.741003315822921e-12
7590.715120445358,531.8414895505992,2.7726627994086034e-12
7594.881491728376,532.4242170433658,4.124362178137407e-12
7595.924467743076,532.5701424181508,9.638657363727467e-13
7597.541247038403,532.7963896473052,1.2209319412136903e-11
7598.5713468060085,532.9405638213157,-1.1816382828469566e-12
7599.639502687167,533.0900850238954,-3.754898894338282e-11
7602.954992594576,533.55432346777,4.402232204981791e-11
7604.088102338942,533.7130291334589,-9.563622016845985e-12
7604.701774679187,533.7989912081805,-7.162619670293726e-12
7605.686187422791,533.936900395324,6.7039908070132695e-12
7607.9566031808445,534.2550374729843,-1.5083534419593734e-12
7608.012495689543,534.2628704869477,7.798841601169826e-11
7610.086429288177,534.5535610481495,1.3936476013430372e-11
7612.2802552542535,534.8611424215195,-7.788331803623709e-11
7613.291755873247,535.0029878849597,-5.246303404225987e-11
7616.479818690905,535.4501818558848,3.5947451765010758e-12
7616.788848621185,535.4935398643362,-1.9281862769809033e-13
7624.509540542032,536.577351648642,4.319455180254505e-11
7625.082962445924,536.6578910128846,-1.8233943333537346e-11
7627.337068441024,536.9745477779509,2.849986285385154e-12
7627.822359687048,537.0427337267545,-1.7414730195099833e-12
7630.079517821271,537.3599332194402,5.555502461246189e-11
7630.568528897017,537.4286665442129,1.976655480714597e-11
7633.114019678249,537.7865210860876,2.359014002915943e-12
7633.198430506398,537.7983899182318,2.5950493595760682e-11
7636.115043067724,538.2085694009154,-1.892619621863257e-12
7637.267228400299,538.3706508250666,4.589842246081562e-13
7637.404098221293,538.3899063451557,8.688324282150623e-12
7642.163158247406,539.0596489348188,-7.76181801602966e-12
7643.242092240998,539.2115453462889,-1.0376913223159691e-12
7647.876395939754,539.8642240232763,-7.936453043211153e-12
7649.581305892946,540.1044369569529,9.41730862485977e-11
7649.748697105181,540.1280243936098,-4.841441137365194e-13
7653.7946995811535,540.6983118557282,-4.4180288215308765e-13
7655.859095385679,540.9894063676783,9.086384437538684e-12
7660.223665586032,541.6051002914115,6.956390453666961e-11
7667.535083425085,542.637281481088,-2.4275732861737405e-12
7669.220917790073,542.8754169526786,-1.391575452006979e-11
7669.467664619536,542.9102759981745,-6.429356882276088e-12
7670.950149793395,543.1197370244441,-1.0258671357002837e-11
7675.762431565815,543.7999455769285,-3.3890373129980694e-11
7677.55709387194,544.0537275149852,-6.906805438149319e-11
7677.926117517376,544.1059182438868,-1.580901229648839e-12
7688.563421999536,545.611422318794,-6.053239677681103e-12
7689.341433412888,545.7216165394391,1.4334955273013089e-12
7690.361804135386,545.8661544008048,4.953524469013391e-11
7691.441405819573,546.0191033452955,1.0627179473993741e-10
7693.059139119363,546.2483304699239,-3.830157239662502e-13
7694.013793225186,546.3836242207182,1.615615735590105e-11
7701.334272418744,547.4216417861104,2.596141120916906e-12
7702.062209287777,547.524914571509,1.0189765462974198e-12
7705.83847826534,548.0608124914716,3.944496434687722e-11
7706.077404058628,548.0947277667672,7.3197522887134e-12
7709.893064530943,548.6364994135224,-2.436510659015606e-11
7711.026174275308,548.797437160463,8.86706160442268e-13
7711.749723624018,548.900216633113,-1.1675264540513918e-12
7712.840866174107,549.055230595404,-5.7929899367585015e-11
7717.586668576384,549.7297016109386,-1.3902370647587476e-11
7720.467323158815,550.13930111384,-3.480484800617945e-11
7735.517078062827,552.281707123875,1.7478818908694425e-11
7736.986114361853,552.4910551103089,3.414379979402824e-11
7738.222234082976,552.6672416475559,1.890894504637635e-11
7740.250004218009,552.9563246089901,-6.728789484407144e-12
7742.328325336955,553.2526928186622,4.508619532085116e-11
7743.637028706461,553.4393545045309,1.9223897405116746e-12
7744.525489756019,553.5660945825219,1.6150073007430865e-11
7749.244585659636,554.2395232346574,-1.2335275252855933e-12
7750.673562773316,554.4435233241907,-3.886525461471403e-12
7750.862986650019,554.4705682098192,-7.048679090548363e-11
7752.159195149159,554.6556513729886,-1.2929231064583018e-11
7753.17069576815,554.800103134969,5.855425086710913e-11
7753.601334823802,554.8616081454328,-9.72317947894547e-12
7758.54342813449,555.5676955590372,-4.736932514631565e-14
7758.869054141589,555.6142342398417,1.1801487070797325e-12
7764.385809674502,556.4029893885,9.1003138249393e-13
7764.733468346067,556.452714477846,1.969248378358542e-11
7765.301739976173,556.5339982960033,-7.997547793875554e-12
7767.635869279092,556.8679273358133,-8.315742866009656e-12
7770.265770888465,557.2442908792843,-2.6323565420077984e-14
7770.92932652202,557.3392720313715,-7.613473356338858e-12
7772.165446243143,557.5162314612191,6.934355540571298e-11
7775.177629121776,557.9475649694378,-1.651239969581945e-11
7778.665660515187,558.4472470602136,7.212330232217403e-12
7779.772731451494,558.6058886794449,-4.785583776558516e-12
7780.197933919497,558.6668255617186,-2.1483566242679227e-11
7780.802831219095,558.7535207211931,4.035392309509267e-12
7784.157998935102,559.2345128245179,3.9525327000403685e-12
7787.226360636305,559.6745703559351,-2.185582391553468e-11
7787.751997381537,559.749973394862,1.1622155474168823e-11
7787.9909231748225,559.7842491859519,-1.2759886317829544e-11
7788.743468407853,559.892214612187,-8.960431593124407e-11
7789.175537907566,559.9542070523593,-4.7475777650298216e-11
7789.448991235686,559.9934433484905,1.0406881228528129e-11
7793.042703368252,560.50921310189,3.3504548013619764e-11
7793.989822751765,560.6451833363931,-5.988126551331211e-12
7796.262909272198,560.971579317111,-7.381061256180689e-11
7796.720063575503,561.0372343006712,1.6611066322242573e-11
7796.912920968058,561.0649329938221,4.385678624697458e-12
7798.785508447349,561.3339146256562,5.3425494940023105e-11
7802.262952979328,561.8335919913698,-2.9134569954867826e-11
7803.533027607546,562.0161457778348,-2.8531106489952416e-13
7807.307579827177,562.55885525742,2.5357497656240682e-11
7807.502440291528,562.5868796441719,4.1973029083447527e-11
7815.4187554301525,563.7259774013365,5.6030588448785235e-11
7819.343148780731,564.2910958471051,1.0913202409944157e-11
7820.360372301238,564.4376238361846,-2.6106827081326884e-11
7821.838183640903,564.6505320757916,4.8684526939187526e-12
7825.291973813344,565.1482764093405,1.5428651671587146e-11
7825.8937239109555,565.2350203392201,2.202894386208826e-11
7825.910033673907,565.2373715292047,-3.321986692365846e-11
7831.121479106251,565.9888963010947,3.171610391978084e-12
7831.51348942062,566.0454470031065,1.853649072726162e-12
7835.421286694381,566.6093335598775,6.170469990868034e-11
7835.601267839842,566.6353112198059,1.029551353732861e-11
7836.927234976759,566.8267136770146,-1.513046164468568e-11
7840.656100172388,567.3651464435911,1.2838033513025063e-12
7851.628663518564,568.9510251115518,4.63202639562235e-12
7852.490323006602,569.0756557821207,3.6530659595958016e-11
7853.267761792213,569.1881164833392,-1.1315597769071649e-11
7859.159263872066,570.0407158172803,-8.070946885425186e-12
7863.700095388139,570.6982867354133,-5.54775716129015e-12
7865.05210133311,570.8941479988008,-2.4889881837303413e-11
7866.329996997501,571.0793040697713,-1.8199921601911614e-11
7870.156816958967,571.6339572313688,5.8157539681184684e-12
7871.567481237899,571.8384847036862,1.1248838299344861e-11
7872.172378537495,571.9261979593092,8.884297337093285e-12
7873.555000936573,572.1267107106501,2.7983710741159467e-13
7873.756633369773,572.1559550956789,-1.5018950719185758e-12
7874.520719468698,572.266783488014,7.59521705242892e-12
7876.752506485448,572.59055906931,1.5391617518669986e-12
7878.790768419042,572.8863392409537,-2.2765903622464456e-12
7880.519046417891,573.137196385725,-6.36952732351449e-11
7887.4603915441385,574.1452772320926,-1.9127839494952182e-13
7888.232966369839,574.2575319721749,-8.861220524950891e-13
7892.409161760795,574.8645214474544,4.51585903816355e-12
7892.652761388271,574.8999373724951,3.186955705761483e-11
7893.8713310281055,575.0771164966068,8.268847668976323e-12
7894.113976651115,575.1124002562739,-1.2675959683122864e-12
7894.769329871763,575.2077023699919,-2.2754521158745953e-13
7895.949652147043,575.3793659589509,-1.1196532113743117e-11
7899.266477435624,575.8618954358866,9.21943462118081e-12
7900.857790550615,576.0934705169786,-2.005815658626425e-11
7901.1589994447195,576.1373090477475,1.1414712566833322e-11
7901.424345422795,576.1759294042889,-1.1095883783860874e-11
7906.218600674308,576.8739431103462,5.0924532043177725e-11
7907.200342655515,577.0169308561268,7.845087928415986e-11
7910.688660362783,577.5251373805017,-1.0004059786234357e-10
7910.808266416362,577.5425665387157,8.497356872708689e-12
7913.99089264634,578.0064399977296,2.9895271060927473e-14
7915.746163457712,578.2623536836185,-7.084912402234809e-11
7920.5584452301,578.9642623026401,-1.9504149066912977e-11
7924.213486459006,579.4976634586405,5.48206846893339e-12
7927.869863069104,580.031505717253,-2.118217726558228e-12
7930.57501908924,580.4266253370553,-7.274748881668535e-11
7935.348958434211,581.1242437676528,-5.485162332259816e-11
7940.345513809516,581.8548428413907,-9.652241149863795e-12
7940.847687446223,581.9282963792772,-2.1430559170183727e-12
7949.094683802835,583.1352589570027,3.091619407541623e-12
7949.393221934544,583.1789740404234,5.642599750612252e-11
7951.467155533159,583.4827064612379,7.053552566610578e-12
7952.087218465513,583.573531511713,3.286785396362607e-11
7953.844301097673,583.8309424361979,-1.3572256698920252e-12
7956.3844503541,584.2031724084093,1.95396466110123e-11
7958.566735454259,584.5230563792148,-2.1634425429152423e-12
7960.03329224189,584.7380766651544,3.481945628894158e-13
7961.874022948731,585.0080128022945,-8.439787578634496e-11
7963.466385131051,585.2415769930734,4.9724532568432985e-12
7964.931987914214,585.4565896718859,-1.6340703718103556e-11
7965.550047774774,585.5472746049523,-1.5291278099539714e-11
7965.709713013695,585.5707026566732,-3.456906281685269e-11
7967.133253539719,585.7796028255933,4.263212783276869e-12
7967.957333353796,585.9005510488413,-6.319539330729658e-11
7974.496176367093,586.8606848298646,8.75275896888755e-12
7975.965498979978,587.076541811725,8.536325804306082e-11
7981.251817446351,587.8534794527658,-7.729633712923768e-13
7982.487937167465,588.0352279608005,1.0423738178037787e-11
7983.096935673512,588.1247802599054,6.160649404072432e-11
7983.805129263735,588.2289276361146,2.7257149952163917e-12
7990.211394913496,589.1714567044012,-1.2486797042274911e-11
7991.648193063345,589.3829510451675,-1.1036550026262522e-10
7993.516011645577,589.6579477396751,1.1706442638348044e-11
7994.575965113813,589.8140320027492,2.7231209186824205e-12
7994.7834155113915,589.8445826921892,-3.642614569763497e-14
7997.075101180428,590.1821261288301,-1.3022554612462122e-12
8002.73998108633,591.0169240342557,2.5989359241757132e-12
8003.010763652059,591.0568423701654,4.1799161738523615e-11
8006.326158496569,591.5457021213933,-6.204890762325121e-12
8010.866990012623,592.2155828449866,9.766135838613543e-12
8013.7405863123195,592.6397029289776,1.2229816302622465e-11
8027.3053765309905,594.6438124209558,-6.417925034765748e-13
8027.339331438083,594.6488332903629,7.588671547493026e-13
8027.391790430932,594.6565903774107,-3.814478887166379e-11
8027.9573912986425,594.7402287362385,-3.028440075412077e-12
8028.200990926119,594.7762529029142,3.161825146186323e-11
8030.986551630806,595.1882668117413,-3.065605012824525e-11
8035.394519469453,595.8405439554388,8.17688354409245e-12
8039.225059260629,596.4076657816659,-3.238538798391761e-11
8041.766830212111,596.7841310581903,4.783928531661717e-11
8045.771914561095,597.3775712452082,-9.548308630506978e-12
8047.4591793701275,597.6276646138314,4.400476538092038e-12
8048.772937950542,597.8224316572789,4.554372748620435e-11
8050.082309010634,598.0165798773402,-2.7433018593006094e-11
8050.205348580068,598.0348253079749,2.1871613977584002e-11
8051.235448347661,598.1875888462096,-3.204755333582958e-12
8051.579100875634,598.2385567784113,-5.3696017806265145e-11
8054.479117360117,598.6687518306554,4.981114689563261e-12
8056.90404808328,599.0285905084053,1.3379058115149443e-12
8060.935838930918,599.6271130505787,-9.783819481001947e-11
8061.335002590861,599.6863855019118,8.832925354326435e-12
8065.179181382588,600.2573640097557,-5.182072834213793e-13
8065.565755109304,600.3147971335429,1.8420268370759684e-13
8065.604097536719,600.3204938046724,4.861162476159027e-13
8065.824996809128,600.3533141245093,-1.2545842504838057e-11
8070.453958983045,601.0412733597894,8.119232564593758e-11
8084.954041405439,603.1988393186886,-1.8019011872060372e-12
8086.115955783108,603.3718960763953,2.531489717979769e-11
8086.399328282057,603.4141056485753,-1.6389629137756556e-11
8089.128138661718,603.8206495867332,-6.028094938702769e-12
8090.965817229432,604.0945081147628,-7.398874294078147e-11
8091.891666701936,604.2325056320182,6.027572694348847e-12
8092.228833574929,604.2827641504069,3.5885801314879093e-11
8094.1484434594,604.568943515879,-7.842887409374868e-12
8094.926168558878,604.6849076847805,-1.0133519120854212e-11
8096.477136174651,604.9162009037916,8.13997788007836e-11
8096.5855827390615,604.9323750169092,-1.4246035405733674e-12
8100.673361158257,605.5421990724286,1.6313066492211457e-11
8101.176870176156,605.6173349817072,-7.978778117304328e-12
8103.030858506822,605.8940358221602,-4.6909684813283475e-11
8103.288383448718,605.9324754671019,-4.078682492838451e-12
8104.704484315292,606.1438726061571,-1.1498672710346228e-11
8105.588652907387,606.2758810258614,-5.7386123578006465e-12
8105.678405260318,606.2892820652307,-3.2240949098979946e-12
8110.213418811983,606.9666039492411,-2.6945577742610582e-11
8112.528948966269,607.3125834696181,7.71203187213665e-11
8115.14769108645,607.703987018139,4.966166783191537e-12
8121.258089366878,608.6177532306538,9.257089341293706e-12
8122.228671858912,608.7629601767879,2.4847057787962158e-14
8122.317756521247,608.7762888281401,-1.8795124824259184e-12
8125.169701533198,609.2030678248215,-2.0666435459621374e-11
8125.538725178629,609.2583012750663,2.0004128113043552e-12
8126.8134736410275,609.4491179843648,-1.297106029747334e-11
8133.627391677484,610.4695989336725,-2.001178822777423e-11
8134.310881840843,610.5720084852683,-9.530625628372613e-12
8136.111362111334,610.8418214850966,4.438727896495432e-12
8141.256328173506,611.6131552951049,-7.119312761951708e-12
8142.172926165769,611.7506229276319,-9.127266994571617e-12
8142.604995665478,611.8154283179166,-7.055498754642996e-12
8145.436624770889,612.2402248064232,-7.852882865029368e-12
8148.328820219186,612.6742598330633,-3.891430460213166e-12
8149.371796233876,612.8308182195577,2.2526032405612778e-11
8151.170178369705,613.1008156955836,2.007075226414328e-12
8151.67616689899,613.1767922837203,1.3984976782439458e-11
8152.214966205185,613.2577007511021,2.371263175676964e-11
8152.783237835288,613.3430407063106,-2.115421743528472e-11
8153.20643723149,613.406598363822,-1.769263306519793e-11
8158.329752005925,614.1762985357957,7.465984774122592e-12
8160.453473834984,614.4954972141535,4.215541590304132e-12
8160.978729203482,614.5744567242873,-1.7559005760495438e-13
8165.51374275514,615.2563982887935,4.533010903374295e-13
8166.440832545972,615.3958537871432,1.3335920620630253e-11
8167.873910866094,615.6114526796758,7.726892347888044e-14
8172.785769099357,616.3507022638221,2.26106408162243e-11
8181.614294709857,617.6805394671403,-1.1359454482667164e-11
8182.7376754091,617.8498568121665,9.495282054792558e-12
8184.025300118588,618.0439578132132,-2.695986220354442e-11
8185.517990777131,618.2690093887973,4.106502346225347e-12
8190.069314091737,618.9554615119225,1.5922537196815234e-12
8192.35365516418,619.3001404633176,-1.4665427134596916e-11
8195.388157021116,619.7581580991132,-5.87874104801637e-11
8198.344447391019,620.2045338726463,-6.464447843240792e-12
8205.058121275964,621.2188419059135,2.0558851064402255e-12
8206.603270927351,621.4524020724409,1.1634272399998277e-11
8206.903239503119,621.4977495164123,-3.560767417821773e-11
8209.097065469165,621.8294493120884,-2.395757391710161e-11
8209.216671522743,621.8475359311392,-7.792179969781732e-12
8210.108566088144,621.9824149826326,2.3888045333426295e-11
8210.713463387736,622.0739004729311,-6.96394901720222e-12
8213.952268440265,622.5638564136581,-4.626097533843278e-11
8216.549740649434,622.9569332233314,1.2783578197300129e-11
8219.225424345643,623.3619757691245,-1.2071773265182576e-13
8221.89977266065,623.7669479462958,-3.223631516529788e-11
8223.153537525908,623.9568488629018,4.828515650970224e-13
8223.169847288855,623.959319404407,7.209218662571079e-13
8224.77975955245,624.2032069681354,7.740019792006115e-11
8229.696672996628,624.9483717331452,-2.586404042046665e-11
8232.107773468222,625.3139399465863,-4.005119893882178e-11
8235.77664494866,625.8704153705531,1.5247791695697094e-11
8235.982664902178,625.9016707627238,1.2143498974068885e-11
8236.221590695464,625.9379192957624,-1.0939792707857232e-11
8236.567246295232,625.9903621606162,-2.92997497252022e-11
8238.523481849186,626.2872036778815,-2.2302348252769733e-11
8240.655311028284,626.610770249985,-6.853975117142109e-11
8241.17036091208,626.6889564830669,-1.1155459750221527e-12
8244.603453801219,627.2102358933622,-2.723254576888966e-11
8244.906093139381,627.2561989388425,-1.1771770412610461e-13
8250.611509795468,628.1230190786714,-2.1979729506206084e-11
8254.798196984959,628.7594811131311,-7.823371590008858e-13
8255.333276461428,628.8408474014292,-2.4364811764984777e-12
8255.890769979089,628.925627666969,-4.1214333820179344e-13
8257.126889700201,629.1136297497471,-5.1258344217366864e-11
8257.731786999793,629.2056391473602,-6.894875486813315e-11
8261.577968863297,629.7908298161634,-2.069710379218832e-12
8262.134031936901,629.8754565057981,2.5334100769506755e-12
8262.649081820697,629.9538465197369,1.557214120322946e-11
8264.118118119706,630.1774590401225,-4.440177243958772e-11
8265.354237840813,630.3656484609886,-2.461909074391108e-11
8270.780191953398,631.1920398645578,-1.0013351862815361e-11
8281.907842892342,632.888515801768,-2.3069826739021542e-11
8285.31556466402,633.4084992715538,-1.3035984709483617e-12
8287.898730182034,633.802806429236,-2.875486267663195e-12
8295.925781270642,635.0288796320501,1.836548592589658e-11
8299.241271177996,635.5356427724165,-5.861001209119836e-12
8300.880369451628,635.7862490486372,-3.3857242767254526e-12
8302.309632879162,636.0048134858065,-2.4737153952597796e-12
8303.770848141994,636.2283029314779,-6.394767898710105e-12
8305.078216130285,636.428295134868,-4.276352076708046e-12
8307.84298448882,636.851334162921,4.411307459284313e-11
8311.025610718772,637.3384842355764,-4.753937205243037e-13
8315.154402327762,637.9707375603396,-4.3466120212467986e-11
8316.474932877018,638.1730203480441,1.2946351414176026e-12
8317.846395786912,638.3831391101667,-3.432579972498731e-11
8322.605360750089,639.1125181852474,4.4908868350683595e-12
8324.477661915489,639.399589324694,3.1178723450489524e-11
8327.171658446432,639.8127604550933,6.072827619933199e-11
8327.884907247571,639.9221719224124,-8.46855809948003e-13
8328.131654077031,639.9600247568294,4.634940825687761e-12
8329.39495673639,640.1538425329481,3.788705299302052e-11
8331.368456057755,640.4566785730882,7.76969203684797e-11
8331.94187796164,640.5446843621085,5.386605745648563e-12
8337.942494296434,641.4659908454413,2.1958537442769196e-11
8342.15150046425,642.1126176982259,1.154232582821085e-11
8342.636791710263,642.1871936556665,-7.225167353640167e-13
8342.713762878964,642.1990224122904,1.3578795352769483e-12
8348.279257574924,643.0546043917669,-3.4827701439789505e-12
8348.69129748196,643.1179698590429,2.9630847257639195e-11
8349.500497977142,643.2424216827022,-4.345751153574925e-11
8351.243655294864,643.5105533361794,3.936937966082566e-12
8359.14194391251,644.7261658191776,5.968386192743768e-11
8364.472709084499,645.5472645552359,-7.342914549405235e-11
8367.082581101164,645.9494544956264,-1.3095615076486372e-12
8367.746136734713,646.0517306270066,3.4665141469144014e-12
8368.171052888842,646.1172286875562,3.989839385913998e-11
8368.862364088372,646.2237969183785,-7.445287207269987e-11
8373.77794215134,646.9818056781937,1.6374636769920305e-12
8374.099848328711,647.0314608826068,-2.996854763896132e-12
8374.854873073118,647.147933698031,-5.789225839072209e-13
8375.285512128767,647.2143703205352,3.22446861375119e-12
8376.589541664065,647.4155696518833,1.222664176701558e-11
8378.203555134105,647.6646399290597,-6.3059233578932565e-12
8384.78503303222,648.6807729309425,4.670168502687684e-13
8384.807733387282,648.6842790838034,-3.9248781017735805e-12
8388.184171014254,649.2058879307289,8.76898416432695e-12
8390.188573103593,649.5156372532314,7.275956254240277e-12
8391.885566957719,649.7779392428893,9.968453322566265e-12
8392.44849706303,649.8649622868002,5.385366508250443e-11
8393.787626760897,650.0720010427181,3.902616120514244e-13
8395.602318659665,650.3526177319809,9.4448385918778e-11
8395.769709871896,650.3785054946491,4.599779405932259e-13
8398.699484994138,650.8316912484513,6.721142037073312e-11
8400.888637125989,651.1704185929993,1.9530572282213892e-12
8402.312177651997,651.3907302784868,-4.146274866077833e-12
8406.283307093852,652.0055122864295,-7.094188930779228e-11
8409.295489972443,652.4720307494239,1.6892988684550698e-11
8410.427645712321,652.6474190804731,2.971493721440459e-11
8411.205370811795,652.7679143366296,-1.1849111338006769e-11
8413.747236826122,653.1618108930733,4.1193961603789115e-11
8414.315794770091,653.2499329329968,2.1978704823968418e-11
8419.254454564849,654.0156371273332,-1.864394128249407e-12
8421.3442214868,654.3397759550228,2.2359500412428676e-11
8421.560828301748,654.3733779294374,4.769585025903284e-11
8426.641126814546,655.1617268392444,9.103331086641246e-13
8428.330299632496,655.423954067701,9.221510733618482e-11
8428.762369132204,655.4910369886168,-5.928948747932168e-12
8430.380770122563,655.7423397805254,7.551142790071286e-11
8433.272392943109,656.191466595219,3.0504755959960977e-12
8434.036479042024,656.3101701640852,-4.740274696356042e-12
8441.425440677385,657.4586272216777,-2.5941733688465547e-11
8443.845029875743,657.8349195278829,-1.0086304874681199e-11
8445.5308642407,658.0971626967133,6.033011099918699e-13
8446.650811424082,658.2714071513602,-2.4825270665398393e-12
8447.577901214909,658.4156638031577,-7.305254909639125e-12
8449.906593930144,658.7780819382184,8.291160472972726e-12
8450.702631864358,658.9019934923891,2.9148693212405576e-11
8454.478233151263,659.4898639378027,2.67082353031405e-11
8455.57691042364,659.6609800264021,-3.161536766923698e-12
8462.560222744076,660.7491323323042,3.8073526511385276e-11
8463.173895084306,660.8447988010163,-5.406731501566107e-13
8464.128167813386,660.993575848928,1.371086353613077e-11
8467.050598339036,661.4493052742214,1.0080940815637808e-11
8468.718787559848,661.7095164361216,-5.896022932706374e-13
8469.539147544194,661.8374984353733,-6.312590438564904e-11
8473.108442563711,662.3944781823485,9.150011288506518e-13
8473.786877516146,662.5003728376986,4.8066303857675524e-11
8474.951939095788,662.6822432066896,-9.60179156079097e-13
8478.599159288478,663.2517492582779,-9.17224935908263e-12
8485.539455347307,664.3361392219966,-1.0363142812882466e-10
8486.608183856177,664.503202068011,-3.737187770772723e-11
8486.736278636527,664.5232271608576,8.25391737855746e-12
8487.558736755529,664.6518094692357,2.431208749787263e-11
8491.58614008281,665.2816297172085,-1.1319712849427872e-11
8497.694916668126,666.2375131248539,5.61166175920021e-11
8497.817956237557,666.256773057211,-1.591490471181354e-12
8498.180207914138,666.3134795463486,-9.134909411790514e-11
8501.589551380866,666.8472929506611,-8.619561425133948e-13
8503.12182478515,667.087276354319,5.3401803660385e-11
8505.68534208721,667.4888690364879,-1.150781534451539e-11
8509.12186849219,668.0274145321482,8.60637928679816e-12
8510.914814040352,668.3084772697247,1.5249483959454684e-12
8512.632123801015,668.5777388379521,3.2088481159717087e-12
8513.342415525887,668.6891232494711,-1.5447318193602946e-11
8513.676911636483,668.7415804827751,-4.1655358401908995e-11
8520.64801540042,669.8352904106066,1.042885239221494e-11
8521.389782520997,669.9517203799742,5.267274717114944e-11
8526.456918472828,670.7473441838165,3.4097686922146813e-14
8526.770622237293,670.7966163887256,-3.260309373424871e-11
8527.39182929983,670.8941922650213,3.312156635620111e-11
8527.902777977168,670.9744546729895,-1.6887279315781862e-11
8528.164404125517,671.0155540960657,5.475353300391317e-11
8530.516178572543,671.3850560885252,3.672596743009781e-11
8532.49244371916,671.6956382454882,-8.400945030506636e-14
8533.773010145926,671.8969255054573,-1.3129639677467697e-11
8535.8522852693,672.2238230251912,-1.5865221645643668e-11
8536.470345129854,672.3210079334408,7.805729345334706e-12
8541.865491537295,673.1696498211338,7.242121952375118e-14
8545.81802183053,673.7917124034796,3.489270788343812e-11
8548.215864678283,674.1692332664146,-1.84387478247643e-12
8548.28396574348,674.179956772221,-1.802028200144035e-11
8549.86402430642,674.4287840197946,7.24794040323223e-11
8554.437380285459,675.1492542293462,8.355485807319366e-13
8556.8501024521,675.5295011293614,1.7321385556539963e-11
8558.345177559158,675.765179946218,1.9965990305728318e-11
8561.43976819409,676.253132046673,-5.3231059634906425e-11
8562.526523223838,676.4245323961766,-1.0632802149200553e-11
8566.520066706875,677.0545711853417,-3.611490641769252e-12
8567.368563633938,677.1884715912395,-1.0229509048142182e-11
8567.986623494486,677.2860153149451,3.7662695747458626e-11
8571.077399236832,677.7739147061213,-1.871143158537877e-11
8571.31298657712,677.8111109434717,1.547290759272422e-11
8574.96554829459,678.3879346719157,2.1923543176267682e-12
8576.191652656713,678.5816199203895,1.3523131872476773e-12
8580.615548881533,679.2806841523476,4.436518475662229e-13
8587.627665835265,680.3894776952371,-6.169389467400838e-13
8588.202041743614,680.4803412286324,8.822427718765195e-13
8588.258983319643,680.4893494458868,-4.362910654898283e-12
8589.239008542907,680.6443998276537,5.244009483331821e-11
8590.231528636536,680.8014450623186,7.99373548456869e-13
8597.144069129366,681.8957111396991,9.809732085454701e-12
8601.30261937611,682.5544402527808,-2.798003313800399e-11
8602.0751942018,682.6768539344592,6.464866241983049e-11
8603.02574710115,682.8274831435773,6.277238034796895e-12
8606.974938941386,683.4534694004778,-8.937376256840294e-12
8608.017914956064,683.6188394467264,2.0530727509608335e-11
8610.384282408108,683.994115378002,2.2859209955613817e-14
8610.751207918878,684.0523143577186,2.0000472817532247e-12
8611.774917094346,684.2147005611228,-9.058772900995206e-12
8615.576652252157,684.81792101053,-4.007122744824187e-11
8616.260142415511,684.9263984739692,-9.030038490454185e-13
8624.12218674036,686.1748108365225,-3.1926256623320145e-11
8625.26321258374,686.3560887052794,1.0855608254040074e-12
8625.58006355019,686.4064319317476,7.799811148672123e-11
8629.226902366136,686.9859972030281,2.3236177410318857e-11
8629.574561037693,687.0412608293412,-4.7395560302856066e-11
8631.192962028046,687.2985502439446,1.332192427119188e-12
8632.098781907865,687.4425763230624,-2.0070059851558393e-12
8635.144538316805,687.9269648584805,-3.404223284025419e-12
8637.77443992613,688.34535449327,-1.0056327218008977e-12
8650.793753932456,690.4184667009054,2.5313989545450366e-13
8652.670728932035,690.7176017034789,-2.6011831224773425e-12
8654.91501081911,691.0753598864934,-8.96743592364189e-12
8658.326071043755,691.619290426483,-2.083534253837051e-12
8662.318851773329,692.2562548840423,-3.234484257816392e-11
8663.4510075132,692.4369200374001,-1.5863610426337393e-11
8669.51238031657,693.4045726994405,2.345603829741449e-12
8671.400514805317,693.7061374401218,1.0639198935829635e-11
8673.890875831248,694.1039876497158,-1.496505670207638e-11
8674.81624886415,694.2518506910194,1.1895642715461228e-12
8675.421146163735,694.3485142424549,6.978582975120086e-11
8681.369971196242,695.2995050358949,6.196345666581025e-11
8687.340828893211,696.254673520769,-4.2055867423116726e-11
8689.045643783506,696.5275162450725,-1.6337966721140418e-11
8689.087610977782,696.5342334521737,-2.730698008190746e-12
8690.856902166408,696.8174531012115,-6.655341208658548e-11
8692.13813628377,697.0225829127402,-8.026778187620379e-13
8693.402392947584,697.2250242182043,-7.086631965859594e-11
8694.178114975257,697.3492526371225,-4.2177988922641705e-13
8695.452863437642,697.5534219855703,-9.035827710550597e-12
8696.666091552665,697.7477657645063,7.440399575023835e-11
8697.420067229741,697.8685567801435,-1.045993179525257e-12
8702.120755235655,698.6218687954761,4.4031535345234914e-12
8703.455592476055,698.8358582654571,5.063344032981172e-12
8705.411828029994,699.1495241932628,-1.5666549024541687e-12
8707.535549859029,699.4901249422497,-8.380878604961461e-12
8709.693417846162,699.8362871191142,-1.6741701497674225e-11
8712.208195985086,700.2398125530544,1.6636635706758568e-12
8712.649994529898,700.3107163044299,2.4534513648809792e-11
8713.13528577591,700.3886042942963,8.514372628633195e-12
8720.500879365567,701.5712956167341,-9.400778591471508e-13
8721.986511741381,701.8099643087182,5.2795930168379125e-11
8722.99801236035,701.9724864072417,-4.9056254245135995e-11
8723.119621485721,701.992027130829,1.6087714866012494e-13
8727.823456693619,702.7480704505822,4.115781462108345e-11
8729.117948434805,702.9562044925003,-5.852531095201752e-11
8730.594997020982,703.1937285264978,-8.326884934961142e-11
8730.826483154817,703.2309574310144,-3.935308827890115e-11
8732.667500175503,703.5270753049791,2.428766891026621e-11
8732.992839868724,703.5794109694991,-3.0234220489426614e-11
8733.967142190468,703.7361534598916,-8.996452259791373e-11
8735.679683054073,704.0117036711666,-5.783482108952856e-12
8735.820367767648,704.0343424389412,-1.1968726940622163e-12
8736.06396739512,704.073542978599,-8.37646286394334e-11
8740.699987851689,704.8197890267284,-7.524622285691326e-12
8742.253434978833,705.0699312219471,-2.415292807947157e-12
8745.557670334127,705.6021400908015,1.6281706106005063e-11
8747.728414568355,705.9518884895389,-7.654984005403687e-12
8749.031776413047,706.1619267063609,4.191673806911752e-11
8750.263222299951,706.360404336152,-9.068651437256949e-14
8750.765395936649,706.4413499208036,-2.4359774661875607e-12
8756.764963204063,707.408782024621,-2.5852011450132865e-11
8758.925310702587,707.7573010986125,-1.8005918488130967e-11
8761.942930168801,708.2442638878881,6.59805900994925e-11
8762.350582555513,708.3100609023433,-3.430755606392184e-12
8762.767009982867,708.3772774103785,8.890931032486487e-11
8763.857103465602,708.5532470302242,3.026542552876417e-12
8764.690721073766,708.6878295010681,3.843642643546808e-12
8767.745252523346,709.1810743319433,2.047108980729086e-11
8767.809633758818,709.1914724441488,8.881370743206434e-12
8768.408426780157,709.2881862218537,-6.402288200315345e-12
8780.862426232616,711.3011854074448,-9.143772747178313e-12
8782.685606858146,711.5961145103811,-1.4641335611610563e-12
8784.863790751817,711.9485514373388,-6.142041426428525e-11
8786.757743204937,712.2550698675402,-5.535232211653858e-11
8795.498424471327,713.6705232385541,-7.578276945508324e-12
8795.923340625455,713.7393694209816,2.1611601531981983e-11
8796.13555992008,713.7737550693047,1.1153186813061433e-12
8796.95763666235,713.9069630500106,-1.5999293759632683e-12
8798.495728031006,714.1562263133081,2.8874776981844347e-12
8799.319807845071,714.2897947113332,1.028230472029232e-11
8804.813863022795,715.180601164318,1.4467810271084684e-11
8806.90362994473,715.5195820741743,-2.3129350195197682e-11
8808.956866260036,715.8527157058767,-1.5924311065144954e-12
8809.323219143069,715.9121639187582,1.9585665581015453e-12
8810.472924964226,716.0987431458824,-1.7876077945628369e-12
8812.992376937336,716.5076958383812,1.2794497883342753e-11
8817.072334320299,717.1701948170978,1.949325475231012e-11
8830.975054165201,719.4300057875384,2.035433308325698e-12
8832.069535168255,719.6080588604157,3.9397628688460115e-12
8832.397640686735,719.6614402355232,-5.908674198239862e-13
8833.192915867483,719.7908363601188,7.533060789418724e-13
8836.545031444293,720.3363740657951,1.2350854195460388e-11
8837.987171118906,720.5711377589262,-5.5490377518561877e-11
8838.419240618608,720.6414811447448,-2.9907623250566896e-11
8839.984133548782,720.8962834469592,1.406654084913119e-12
8840.061104717483,720.9088173731441,1.611185593946935e-11
8840.651027635315,721.0048835929568,-4.956266075725906e-12
8843.214926314091,721.422477114811,-6.872103706782989e-12
8848.070129285132,722.2135972726088,4.732172965522927e-11
8849.737364501461,722.4853613325723,-5.846297875349447e-12
8851.609665666845,722.7906127603889,-4.0540640575581755e-11
8852.707580185748,722.9696417627038,1.8763157503210917e-13
8853.154815318212,723.042575535006,1.1161813517374203e-11
8853.791950766965,723.146484048183,3.9593470509206826e-13
8859.848173296532,724.1345486068655,4.88095728684856e-11
8861.024680679204,724.3265725777776,4.203788468534715e-12
8862.358468852268,724.5442980135504,-1.6294703207034024e-11
8863.101285040171,724.6655683404081,4.837774315785049e-11
8864.583770213994,724.9076255744346,-1.5733815222567535e-11
8869.39605198629,725.6936443833741,2.38925216397443e-11
8872.295687093992,726.1674651145167,7.288130553486681e-12
8874.600057759077,726.54412590718,-1.6711767978481194e-12
8875.100228323978,726.6258941818311,1.3192913927420673e-11
8875.213730099302,726.6444501822483,-9.214329206037074e-12
8876.248217387201,726.8135857572232,-2.4813566811504254e-11
8880.635583005373,727.5311259951768,-7.118558846921111e-12
8883.171344741426,727.9460037684024,-5.10344783472039e-11
8883.417328817426,727.9862556995747,5.648399143731969e-12
8884.425490983402,728.1512393007794,-2.334049572700077e-11
8890.884215625889,729.2086400794107,-4.848649105325738e-11
8891.244750544543,729.2676882938132,5.2433087522323216e-11
8896.314557258731,730.0982720692505,1.1820056336430089e-11
8897.69717965778,730.3248685398166,8.649030601653114e-12
8898.31523951833,730.4261730823558,-5.962171270612811e-11
8898.804250594061,730.5063305691251,2.0095149219067907e-11
8899.83435036164,730.6751963894387,-6.787687605919128e-14
8899.96759541577,730.6970408813456,-5.218897821156993e-13
8901.349741375225,730.9236522692886,-7.505572775785041e-13
8906.224019934465,731.7231012937979,-1.2523428187581672e-11
8906.39484466255,731.7511268469726,-1.1681743931159012e-11
8913.29174308299,732.8830829127386,6.43975647188479e-11
8921.726541621081,734.2686384970084,2.8221742545492e-11
8923.98846865229,734.6404203810063,1.867720762205655e-11
8928.459387282279,735.3755606605716,-2.2132528643201913e-11
8928.758688167443,735.4247869933876,9.521457943298443e-12
8929.527161786673,735.5511862190945,-1.4626980217943626e-11
8930.61973478079,735.7309123264552,2.6537363090006785e-11
8931.855854501886,735.9342781002657,2.899984398746084e-11
8933.074424141694,736.1347840938897,7.036297045634925e-12
8936.014499811465,736.6186628975627,-4.424617740562076e-12
8936.427493722966,736.6866463515053,2.5303779424271053e-12
8940.379070011704,737.3372792089713,1.3745061295520878e-11
8944.084567161584,737.9476561011137,-4.323259693337477e-12
8945.853763287341,738.2391708304333,-5.5415655573628054e-11
8946.093738147953,738.2787165100276,-8.614686353214622e-14
8948.521339633468,738.6788228522051,1.5022113956639156e-11
8949.702329599324,738.8735075506371,-2.0697971683335596e-11
8957.577155108358,740.1723193675921,-4.560754840585639e-13
8958.700535807584,740.3576940513482,-1.0396241188565806e-11
8960.404396693406,740.6389010505218,-3.966335327798791e-12
8961.475509650787,740.8157060396546,-2.669274563789544e-11
8970.174891413477,742.2524663852182,-6.9707512414806345e-12
8970.660182659485,742.3326564918885,4.687398096585287e-12
8978.49981294309,743.6286874950929,-6.295505143549722e-13
8982.588259052816,744.305029873035,3.309552678480241e-11
8983.618358820391,744.4754855065507,4.445238702096012e-11
8983.894959350493,744.5212592744937,-3.49872175188388e-13
8988.278128699336,745.2468045576521,3.699855485126887e-12
8988.703044853462,745.31715967402,1.107319546153634e-11
8988.766758398337,745.3277092745952,4.342167436736086e-13
8990.60443696602,745.6320217306168,1.941196576722523e-11
8991.203897677955,745.7313035596553,-1.4943097197576529e-13
8995.074496654397,746.3725060031034,9.555851482989448e-11
8995.898576468458,746.509058488688,-6.23481203014965e-11
9001.136060708739,747.3772176683389,6.43700242370386e-11
9009.642298765,748.7882783627583,-7.988755945473348e-12
9009.77344568447,748.8100441549939,-9.588824101624025e-11
9012.976769197654,749.3417819683094,-7.693195307341696e-12
9014.132674359915,749.5337036227145,4.569084925838395e-12
9017.453887168744,750.085280847359,-4.547017197298607e-15
9018.377638506574,750.2387308606098,-2.171302330776411e-11
9018.419605700848,750.2457026625146,-1.1256271448501715e-12
9018.925594230124,750.3297625817635,-1.1257781845583776e-12
9021.837056517588,750.8135357106742,3.093384491927514e-12
9023.804260309678,751.1404977653019,4.0456906168665894e-13
9024.304430874578,751.2236407302311,-3.874414192433276e-12
9024.75509952289,751.298558976728,-2.3862882348886622e-11
9027.52635353637,751.759328887596,5.366295064910316e-11
9031.336577420929,752.3930768511066,-9.20880415521886e-12
9032.81734583682,752.6394426669661,-6.874919964369963e-11
9033.022411785869,752.6735641097164,1.855415306824402e-13
9035.871590972514,753.147726401558,8.923813968163322e-12
9040.281275569005,753.8818838562886,-6.80134986749278e-11
9044.900032258138,754.6512332781246,3.1637833268088537e-12
9050.01447692898,755.5036082719332,-3.0575659523220496e-11
9055.296407874916,756.3844023490686,4.877222863404124e-11
9056.979190100732,756.665124455523,2.8506667172071522e-11
9060.351335270201,757.2278234642424,-8.153634776714868e-11
9064.032415307081,757.8423125723023,-1.6951187712645786e-12
9064.867749673173,757.981791142335,4.694274147160017e-12
9065.268535028174,758.0487161750937,-3.021790281434626e-12
9068.280717906728,758.5517993950115,7.1956113947153e-13
9069.925252767986,758.8265338278206,4.5512084251626656e-11
9070.49867467186,758.9223408606892,-2.961620213442329e-11
9070.930744171566,758.9945348088931,1.6009255799793698e-11
9072.424388834548,759.2441325053154,-3.4912650203885843e-12
9073.301022704316,759.3906428401236,9.36187215180724e-13
9074.193012332566,759.5397340870311,-8.30495865329559e-12
9075.415969492697,759.7441685911087,2.3430009154659722e-11
9080.329449420942,760.5658036283048,9.524054349140223e-13
9084.024454772243,761.1839775879167,-8.48074497283904e-12
9084.58156691317,761.2772042018404,2.5718306491962166e-13
9084.975007671585,761.3430456473724,1.201045568040925e-12
9086.216277666457,761.5507881396532,6.051633610373977e-12
9087.68016369166,761.7958247600347,-3.416717901748825e-11
9089.365998056599,762.0780617245778,3.216409763947209e-12
9089.735116764887,762.1398653771771,-1.8569732935705013e-13
9090.093934925611,762.1999467560059,8.720373078511965e-12
9091.681528210844,762.4658056682571,2.0402489697579202e-11
9094.129445602892,762.8758257336856,-7.0081380102302416e-12
9096.008518737111,763.1906406897195,6.591370792392478e-11
9097.983067125784,763.5215214010003,9.419947415788171e-13
9100.410668611292,763.9284199411165,-1.1049849563336222e-12
9101.706877110397,764.1457263122321,-2.8863002604392092e-12
9104.322280777538,764.5842869424752,-7.774716857330002e-11
9105.772909178919,764.8275880423059,1.2507420686617628e-11
9107.731624244232,765.156167540396,4.689820786824952e-13
9110.493721840334,765.6196366244437,-7.362739977390813e-11
9111.49406297013,765.7875245862516,1.0041762381986718e-11
9113.270317378598,766.0856800491715,3.753202818818266e-12
9113.463461085017,766.1181039372436,1.1376299109439731e-12
9115.068699514395,766.3876089994044,-7.902363230858713e-12
9123.773899241443,767.849960230915,1.3879742862965827e-12
9125.24045602904,768.0964585585233,-2.475715643633506e-11
9128.524375477773,768.6485622194319,-2.6888193268352176e-12
9131.446806003392,769.1400581918775,4.180948694897903e-11
9131.845015658859,769.2070414895893,-4.203063176631214e-12
9133.287823024064,769.4497622174291,7.918133057043829e-12
9136.209585859086,769.9414022521802,-8.218161598419358e-12
9137.23968562666,770.1147728717181,-5.4622111813481156e-11
9139.469850948288,770.490187117124,-7.364664042135643e-12
9140.13130844717,770.6015509936391,-9.009454811617407e-13
9145.59341178956,771.5214661413033,-1.591830737528227e-12
9145.720838879313,771.5429336850077,5.040265360496106e-11
9146.370850575153,771.6524453093544,7.678756586108406e-13
9151.254190488884,772.47542166676,4.155927814318611e-11
9158.565608327717,773.708416776587,1.1518443032944095e-11
9164.670570020375,774.7387099036295,-4.901653092494904e-13
9166.747174381335,775.0893208703061,-9.385857118017038e-12
9173.662480699351,776.2574642020562,-1.2448968834786523e-13
9174.454322364245,776.3912794261716,-1.6200094071791502e-11
9175.436064345426,776.5572023977345,-8.418120978962783e-11
9178.534279747184,777.0809442915231,-5.743040675185676e-12
9179.967358067279,777.3232607084509,1.645461209662307e-12
9182.833896084196,777.8080715461244,-2.9975956083203e-11
9183.123945489126,777.8571353529642,5.261820394685566e-13
9184.635616672982,778.1128697820126,3.0168102790668602e-12
9185.755850170217,778.302410554332,-1.3886921446451625e-12
9186.055818745981,778.353168428633,-2.3871791789179758e-11
9188.417035924216,778.7527693699604,2.7404434845114706e-13
9189.090320602862,778.8667316204651,2.957497215027525e-11
9192.463038400061,779.4377339678344,-2.042194323341747e-11
9195.1343345759,779.8901340842718,4.749113808275561e-13
9196.644384064693,780.1459282258911,-3.0496777053819895e-12
9197.212655694786,780.2422012163087,-1.8425227911570266e-11
9197.875829951592,780.3545595320937,1.1472829152916468e-13
9201.93509005126,781.0424763389724,3.354804490725134e-11
9208.849252239082,782.2149079884816,3.0871591524512567e-12
9209.555537820355,782.334722117146,1.9738606876825422e-11
9210.482627611173,782.4920073698144,-1.657519425173779e-11
9213.071611093523,782.9313247417609,7.120916034285972e-11
9214.071952223316,783.1011029027011,-1.3785693879472041e-12
9215.740141444105,783.3842694190344,8.511220223618557e-12
9216.594456335535,783.5293048140198,-4.6627304808089705e-12
9217.62894362343,783.7049457264798,-1.7949807768990684e-11
9219.474443227282,784.0183337009023,-1.787511022906984e-11
9221.025410843022,784.2817551283758,-5.849260492114178e-11
9222.503222182644,784.5327926790912,-1.464205960962502e-11
9223.678107870242,784.7324005980365,-1.6195630438156815e-11
9233.674652136466,786.4317981413263,-2.807851188052721e-12
9233.950776226971,786.478764948299,9.337963002726593e-14
9234.591250128713,786.5877105569953,-5.001803928601728e-11
9235.246984726073,786.6992598622977,-1.1043649646994318e-11
9241.286611178786,787.7270542802348,6.701827908477873e-13
9242.715588292427,787.9703289909406,3.707531579154426e-12
9244.201220668225,788.2232887984858,8.676643882009314e-11
9245.806364034735,788.4966435313506,1.0585214836809217e-11
9248.110734699809,788.8891591337397,2.557718138987878e-11
9249.694513092449,789.1589891728812,4.098569190225425e-11
9253.646089381167,789.8324249638807,9.564511023234495e-12
9255.142881246134,790.0875864353341,5.322035800590386e-12
9256.643392940825,790.3434234579212,1.8081122438119506e-11
9260.698265520165,791.0349861101024,5.696290408150749e-12
9261.06042213388,791.0967670231545,2.753580058598855e-12
9262.811686801617,791.3955523320709,-8.662377139760615e-13
9265.96865560019,791.9343091789023,-3.198851566277714e-11
9269.003157457068,792.4523393057174,-6.257704936516697e-12
9277.361271140277,793.880058319094,-1.2555862372036516e-13
9280.032948692839,794.3367012251139,-1.2736185700787085e-11
9280.206062806588,794.3662944109482,7.614022888693472e-11
9281.510760032466,794.5893450961897,-7.152563644344781e-13
9286.50388189179,795.4432574865708,1.0455058269781294e-12
9290.178189959808,796.0719226495681,5.6741608613599344e-14
9291.839034584013,796.3561707319199,-3.940925367942239e-11
9292.508599432933,796.4707789199985,1.8865788509829853e-11
9293.482901754667,796.6375632143048,2.2881118404652812e-11
9294.236877431735,796.7666432665702,-1.8487472766444026e-12
9298.338104725673,797.4689536035312,-1.7631802776554304e-11
9303.269706237645,798.3138707832621,3.8678111094658585e-11
9306.16256937648,798.8097052265538,-5.435755066948253e-11
9308.934109703816,799.2848896306223,-1.2166921960790231e-12
9310.0025518988,799.4681133038112,-1.521752372820534e-11
9313.541420589889,800.075132544696,4.938562788747543e-13
9315.086570241247,800.3402431481665,2.349544864767731e-11
9317.008659637067,800.6700889477844,-4.8866737879260045e-11
9319.60441508826,801.1156492023702,1.3184537869637098e-12
9319.936431687462,801.1726486552344,8.001518017015277e-12
9321.30407970475,801.407463111209,-1.3776408247404544e-12
9321.866342119456,801.5040091596245,6.966707110401456e-12
9324.089640409373,801.8858286280016,2.0801176945325693e-12
9331.24549421572,803.1153616429896,-2.8366599886392714e-11
9331.945866769749,803.2357517243236,1.288655417233084e-11
9337.998369469546,804.2765191538307,9.648261869036202e-12
9338.25694347877,804.3209976762599,-7.491137129342017e-13
9342.973941247583,805.1326066473505,8.042835488082817e-13
9347.272127140523,805.8725115306423,3.5240973123355853e-12
9350.802125728105,806.48043245484,5.784898295751478e-13
9354.087094244163,807.0463615628007,-3.1712109710548575e-11
9354.438091368705,807.1068425388961,-3.848530589435687e-13
9355.742120903984,807.3315622037672,8.19631154948354e-12
9359.20153891498,807.9278655497167,2.3534969206513793e-11
9362.19884247463,808.4446920104984,-5.547496378117343e-12
9365.438123966685,809.0034289076331,-4.794977050911107e-13
9365.597026452142,809.0308426387725,-3.8526530943248153e-13
9368.907079771785,809.6019961771451,2.715449336357592e-11
9370.181828234156,809.8220093319703,8.56734848722241e-11
9370.795214260508,809.9278863708652,7.405565178398011e-12
9372.601417432472,810.2396967563086,-1.0665719797295736e-11
9376.371295817804,810.8906960199334,-6.927161705163808e-13
9376.76330613216,810.9584051205259,1.159486498668476e-12
9377.658920527265,811.1131087257336,-4.1338003645076924e-11
9379.263491266038,811.3903105793654,4.20392809411563e-12
9379.88155112658,811.4970977945101,-1.7993812957780595e-12
9383.627107461774,812.1443984778497,5.5974276667072585e-12
9385.331922352048,812.4391072725712,7.988487866324397e-12
9386.374898366714,812.619431368632,-1.2743209610807145e-12
9389.580224951673,813.1737379105987,-3.5465440936286776e-12
9390.297002331514,813.2977182212278,1.366023329756103e-11
9392.89981606542,813.7480040496943,1.0896685280605125e-11
9395.673073150676,814.2279138349493,1.9658207838671507e-11
9396.81476668464,814.4255240993929,1.7880124141463727e-12
9397.314937249537,814.5121037900171,-6.191741899459871e-12
9397.935000181871,814.6194432868405,1.866153596311752e-11
9404.08641165197,815.6847017692135,5.262948240369921e-11
9405.847595490535,815.9898196388459,-5.309827077857474e-12
9407.098594530507,816.2065847933985,-1.2532343629820796e-11
9407.28973516513,816.239706965337,-8.890799356332322e-11
9408.567630829486,816.4611668599573,5.90301427893316e-11
9410.40864785015,816.780268824953,2.90320002892858e-12
9412.118899328072,817.076761245623,-1.6305232318541525e-11
9413.291781943874,817.2801255326996,9.138081050863943e-11
9419.14732604466,818.2957882437611,-1.658768265475468e-11
9419.911888583154,818.4284506609564,1.421353539473616e-11
9426.730480453643,819.6120490514344,8.7188523433359e-13
9428.183874680275,819.8644457528363,-5.601891197112717e-11
9433.437668683466,820.7771451149899,-1.0516445100240248e-11
9436.877914918112,821.3750668923844,-4.115314602609146e-11
9437.878256047903,821.5489691241592,9.100548373597548e-12
9439.228545234912,821.7837365850219,1.9245047361919728e-11
9443.396633275703,822.5086313047556,-2.4798907468003356e-12
9449.476605227606,823.5666059663502,-5.71846726243426e-12
9450.427158126944,823.7320730313767,3.746672649683355e-11
9452.281337708571,824.0548863996408,-1.9813573883287374e-11
9452.473908787255,824.0884167276719,2.1940284143065698e-11
9455.767652343942,824.6620265837064,-1.7855177132636373e-12
9457.751738526707,825.007654299964,-3.450103161146421e-11
9458.987858247789,825.2230229573933,-3.774732930342626e-11
9459.671348411131,825.3421192665588,1.839692496665825e-11
9459.752420786284,825.3562464791797,-6.628482644365846e-11
9460.589376847434,825.5020967757541,1.573426497826026e-11
9463.623878704306,826.0310057318353,1.869856558981363e-11
9465.888857874623,826.4258986336721,-9.850927205456513e-13
9467.34225210125,826.6793437031655,4.682982253095987e-11
9467.522233246706,826.7107317934232,1.3569453839578522e-11
9468.481561186687,826.8780453400472,-1.1099475406795392e-11
9475.267342280269,828.0620174005469,-1.1512333788325007e-11
9475.294525218515,828.0667619411705,-1.4821126692665417e-12
9478.173463042922,828.5693320466527,-1.0036345399425151e-12
9479.988154941657,828.8861974339563,-9.019703552191108e-11
9480.812234755713,829.030110962777,1.3483823384365149e-11
9481.24230118362,829.105220764074,-7.177459275141346e-12
9483.690218575652,829.5328070225999,1.0526680808120077e-10
9484.411288412952,829.6587798492179,2.7724053496468016e-11
9493.886392203234,831.3149955994036,-3.592241919464638e-12
9496.651160561714,831.798579338311,-3.3758313439796468e-12
9497.053471423633,831.8689589908277,8.014639276587178e-11
9498.701631051745,832.157316664894,1.609181484292523e-11
9503.488446643672,832.9950890385705,8.5369205692112e-12
9503.816552162149,833.0525284205692,4.724818543358282e-13
9505.317063856832,833.3152388945464,1.902167979850845e-12
9505.369522849673,833.3244241963463,3.457697976145086e-11
9505.609497710284,833.3664432155199,1.749277021017724e-13
9507.055357214602,833.6196321767284,2.0154376489146873e-12
9508.3515657137,833.8466480205334,-1.1083896945271195e-12
9509.371936436159,834.0253758568568,4.691128505136565e-13
9513.148205413594,834.6869928534118,-2.9438946019348705e-12
9518.847231477443,835.6859817198284,6.990908213614177e-12
9520.488427885704,835.9737798899813,-1.986205119215964e-13
9521.765274482725,836.1977204450899,-3.4864195086664573e-11
9524.57372679341,836.6903883191442,2.418596121216669e-11
9525.02925940163,836.7703130310204,-5.877938305046806e-11
9526.860452314324,837.0916404884691,-1.9838803255673886e-11
9527.436544980588,837.1927427701547,-1.2079316371770948e-11
9531.26708477166,837.865144798383,4.458193000768312e-11
9534.975920374496,838.5164407629082,-2.1349539365299387e-11
9542.324917887243,839.8077216080702,4.5429739381626286e-11
9542.609625767382,839.8577672013986,-7.955266054506004e-11
9546.52114287074,840.5454799364311,-2.705754266021208e-12
9547.667128862162,840.7470175860096,-5.376689698650539e-11
9548.993858752498,840.9803717914498,-9.173854012505669e-14
9550.140226120648,841.1820287314956,3.4266206842021695e-11
9550.229978473579,841.1978180471708,2.2331044013946568e-12
9556.8555217005,842.3637994371906,2.0117179614861703e-11
9558.106329489463,842.5840107837813,5.356444121535554e-12
9559.221889152504,842.7804352940113,-9.935805273195227e-13
9564.377060699255,843.6884406892968,-4.1080564459408724e-11
9565.973715338983,843.9697665140446,-2.96591639213958e-11
9566.007670246077,843.9757497781895,2.2377099972185807e-12
9571.386506890487,844.9238338213241,-1.7558156197962243e-12
9572.66125535285,845.1486015442883,8.784500132787521e-13
9572.768652849927,845.1675395813879,-1.626322085866469e-12
9574.945596425237,845.5514587445712,-4.507296906133036e-11
9576.078706169561,845.7513250855474,-1.4030250269475486e-11
9581.591741872564,846.7240928785301,-6.402075521104599e-13
9582.566044194291,846.8960654381916,8.723319715843175e-11
9587.082458597228,847.6934789924031,-2.2030410385799e-12
9588.020707877205,847.8591824723148,-7.4317248831347e-12
9595.41272165155,849.1652474587163,1.0776645266241036e-13
9595.997303044589,849.2685777258422,6.4608095737282825e-12
9597.630678416672,849.5573255736938,3.850262186247725e-11
9599.05421894265,849.8090189297418,5.618397015758529e-12
9599.631360676243,849.9110728414523,-1.1002604341105724e-11
9599.878298756706,849.9547398946494,-4.795682829016149e-11
9606.178215976533,851.0691594528431,-2.3557090954047336e-11
9607.189716595489,851.2481562797964,-4.736374038300218e-12
9607.380857230111,851.2819829606918,-2.9030826484358012e-11
9609.122297789867,851.5902014567149,-5.4634402958919934e-11
9612.2886142568,852.1507526257906,-6.435463961546223e-12
9614.812167436334,852.5976439710199,-3.0430989418216845e-11
9616.360464289673,852.8718870508883,-9.041752299095159e-12
9620.621070508643,853.626777629301,-1.0333090812915657e-12
9627.670099445619,854.8764528344726,-7.267435820709766e-12
9628.996066582493,855.1116269623134,-9.88217632951611e-13
9629.653899314508,855.2283124911414,3.505189675821482e-11
9632.631459595343,855.756568024589,4.404824038275823e-12
9635.253921545182,856.2219600419544,-6.583228750094227e-11
9635.318302780654,856.2333869727561,4.1649554649566917e-13
9637.478650279145,856.616868139765,-7.836550722675061e-12
9642.603586748513,857.5269344722309,1.893161394839276e-12
9646.219045231555,858.1692446126414,-1.1747465096539188e-11
9646.257673972837,858.1761085643878,4.546275254286789e-11
9647.916039085647,858.4708098410514,1.0455508796188257e-11
9651.52396284638,859.1121342055396,-5.212441903415592e-13
9655.54430789087,859.8270507378032,2.0783189886820904e-11
9660.121956327288,860.6414320680495,2.3993027181028107e-11
9667.747554370118,861.9989124879431,2.8293026084174854e-11
9671.00982253109,862.5799763981909,-2.5537453595788244e-12
9671.08641232306,862.5936206620592,4.647065028108401e-13
9672.063290344322,862.7676583124911,-8.112054844173447e-12
9672.32253204414,862.8138469855826,5.193869614936835e-12
9676.465535281326,863.5521671341348,-6.516490470976273e-13
9681.398377111604,864.4316559126557,1.2790315596596848e-11
9685.55158583349,865.1724895069482,-3.65344173346989e-12
9687.018142621077,865.4341642443638,-6.332682124549035e-13
9691.360775219657,866.2092436755136,8.534266203329467e-12
9691.45157663992,866.225453753823,1.1970237005213107e-11
9691.609430058046,866.2536344704669,-1.5087876654401525e-11
9691.802573764464,866.288115995731,-2.927887045532599e-12
9692.182851961918,866.3560082425294,2.9271357490708063e-13
9692.84535852812,866.4742939588868,-2.512932005142029e-11
9693.255967991088,866.5476093426774,6.702579103536854e-12
9693.72094333055,866.6306356443791,-1.1032986103527557e-11
9696.566021310715,867.1387413723673,-2.9327324584317487e-11
9698.945265009814,867.5637677076461,4.901262738452052e-11
9699.100829042276,867.5915611832531,3.9414905342784024e-12
9701.139090975805,867.9557635590884,3.538753933403691e-11
9701.14757970258,867.9572805086902,1.8068362870485265e-12
9702.150591594758,868.1365297473913,-1.2974788927064017e-11
9706.54224967033,868.9215854752845,3.5705070093400976e-12
9714.663917071595,870.3743561973662,1.0615617782161612e-11
9715.023402922914,870.4386876404595,8.075041270113086e-11
9718.32029368158,871.0287905675106,-1.3031533935801556e-11
9720.821146506045,871.4765460311568,1.842980699005565e-11
9725.521166821289,872.3183545987375,9.0864483934831e-12
9726.262933941854,872.4512477805165,5.856067829699641e-12
9728.39810157389,872.833835764165,6.176610411361867e-11
9732.594326557379,873.5859770510863,2.1496684792630298e-11
9732.697336534136,873.6044448817898,6.53631906918987e-11
9738.60753282526,874.6643637950386,5.176041889095611e-13
9741.849485079692,875.2460401844767,1.3449301914962786e-13
9743.009682699401,875.4542517843822,-3.611723987914503e-13
9743.72646007924,875.5828986104974,6.0616000927599345e-12
9749.12113004699,876.5514347891706,-5.866697791020953e-11
9752.133312925513,877.0924625681599,1.3970010232536438e-11
9753.775177024363,877.3874333973978,1.111669715336881e-10
9753.916815742405,877.4128819775749,1.3532584515837976e-12
9754.122835695918,877.4498987538832,-8.358282217291846e-11
9755.013776256828,877.60998811113,3.115283827706319e-13
9757.153617723052,877.9945469450582,1.8175698357161832e-11
9758.160825884546,878.1755852478759,-8.51228091400396e-11
9759.821861759747,878.4741851224462,3.5999065482762063e-12
9761.002184034987,878.6863993173063,7.208540901867522e-12
9761.154028237728,878.7137017710039,-6.24716042298557e-13
9764.182044439609,879.2582450377397,1.8490531449675477e-11
9765.548357075691,879.5040111576308,-1.5184548562127227e-11
9770.325443622494,880.3635621194978,-2.736310847441855e-11
9770.776112270803,880.4446735514098,2.6947694799458673e-11
9772.938367778223,880.8338887593463,-1.3777176549316314e-11
9773.21859307518,880.884336811228,6.244501574597297e-11
9773.473447254677,880.9302186390602,7.021588092224278e-12
9776.784168264901,881.5263620517914,8.183069027513825e-11
9777.357590168773,881.6296355094371,8.745378519084855e-12
9778.85810186345,881.8999067799441,-8.485185829374123e-12
9779.838699714432,882.0765538878472,-5.154565268648332e-11
9784.263263629766,882.8738250776959,-2.145267250525178e-11
9789.48863437635,883.8158597093174,6.06919684115337e-12
9789.79766430662,883.8715876610344,-7.777920186562555e-13
9794.452665288458,884.7112456195082,-1.173334185985826e-12
9795.423247780463,884.8863672604598,3.4497578352419246e-12
9796.224913553318,885.0310244404998,-2.3261765611440815e-12
9797.316056103364,885.2279354964669,2.2086373916118828e-11
9804.384828319127,886.5041198770399,3.066053254368709e-12
9804.706734496493,886.5622581953434,1.7156048488785475e-11
9806.372348017732,886.8631091602721,-5.041200433846396e-11
9811.16965540821,887.7299069959122,-4.97991509558429e-12
9812.376970495976,887.948116574013,-5.2201522646960444e-11
9819.213683950165,889.1842875644086,6.059511216939616e-11
9823.437664499636,889.948471137474,7.263045656245794e-11
9825.08582412774,890.2467379082043,-5.508374137014371e-12
9828.07874016705,890.7884926290095,-1.0595048073612953e-11
9829.446006807599,891.0360396639568,-3.090411554032755e-11
9839.3097824592,892.8229211698075,1.651817690535278e-11
9839.721822366224,892.8976036416384,-4.750450770715329e-11
9842.04956107694,893.31956637019,-1.4254342325302468e-11
9844.019054254672,893.676665798802,1.75163458475206e-11
9845.873233836284,894.0129223967192,-3.509998994193065e-11
9848.52316503823,894.49359896707,-9.516114023208992e-12
9851.448266326213,895.0243394135483,-8.696903506240408e-13
9853.344316913963,895.36844955186,-3.098926095079467e-11
9855.143271677476,895.6949992006032,5.981786958847287e-11
9856.27542741733,895.9005408019885,1.6580953181772775e-11
9857.053152516784,896.041749599883,3.762166960128811e-12
9857.515075717123,896.1256246370178,1.0066530947416117e-11
9859.788162237473,896.5384241366702,-1.8826517695649036e-12
9860.21307839159,896.6156007754305,-3.8046229186561425e-11
9862.785465797106,897.0828891722961,-9.835884977583072e-12
9863.14600071575,897.1483920731415,-1.7640715311531033e-11
9865.88539795676,897.6461709437776,-8.575228108962692e-13
9868.14255609089,898.0564254929069,-1.4414674739948223e-11
9868.631567166616,898.1453191035565,-1.6827733920263765e-11
9868.886421346113,898.191648855942,-6.929106006910002e-13
9869.294741423415,898.2658795541804,-9.17320505309208e-14
9869.608445187872,898.3229115312738,-2.6960033583580048e-11
9874.178081337095,899.1538861293276,-6.244024064925575e-12
9876.849758889639,899.6399008490093,5.796770981294445e-12
9876.891726083917,899.6475363050528,4.478937504089598e-12
9877.62233371531,899.7804672938448,3.760672461766813e-12
9879.120174647598,900.053023900947,-2.676986135336978e-12
9882.34209730935,900.6394453801643,1.167048253633614e-11
9889.047855095072,901.8605721283266,-3.889054227769355e-11
9890.645367551118,902.1516032845273,3.7469544418380615e-11
9892.357908414691,902.4636422620047,1.01525076395138e-11
9892.701847256521,902.5263172516391,5.993363303708622e-11
9893.481289113903,902.6683607725857,-1.2765188240357742e-11
9894.892716146245,902.9256041607562,-1.2358053439412014e-12
9894.93134488753,902.9326450606575,3.743893973440003e-12
9895.754375634251,903.0826662423713,6.749684544878914e-12
9896.039083514392,903.1345654010734,-3.529995141376221e-11
9903.380259990925,904.4732978749151,3.651471458090596e-12
9903.895309874708,904.5672593264686,1.0326306284140347e-12
9904.277591143955,904.637002726798,-5.98943053463945e-11
9908.679741018082,905.4403250001425,1.7453921414779515e-12
9909.280918487935,905.5500580217985,1.1637609834381424e-12
9916.631632758572,906.8923234604949,3.456632917624863e-11
9917.803371244177,907.1063788703871,1.8128447788119844e-12
9918.621155528972,907.2557882404848,-2.748004617993667e-11
9923.453371831003,908.1388866908915,1.3767998975066033e-12
9927.600762588496,908.8971747362081,6.561443245677194e-12
9932.455965559462,909.785278181663,1.803091660289457e-11
9933.06935158581,909.8975083493795,-1.9541235922071292e-12
9934.230598272845,910.1099986038814,-1.8767904361871456e-12
9934.438048670416,910.1479614459784,-3.094549409810562e-13
9941.62060897536,911.462838755103,-2.6524401437566657e-12
9944.913017150835,912.0658819768871,5.345678254907001e-11
9952.813785279674,913.513814956077,-4.645078575611913e-13
9952.929671503523,913.5350613825298,-2.406109419758304e-12
9953.952712988372,913.7226351819854,2.6689069378843854e-11
9955.188832709446,913.9493024183404,-1.2264584686320276e-11
9959.092623839471,914.665325288078,-6.762178720523964e-11
9960.092964969255,914.8488503517995,-9.735591299934473e-12
9961.6381146206,915.1323635633597,2.2534569445208745e-11
9967.919337628924,916.2853323440469,-5.181248067949983e-14
9972.64186704821,917.1526690554275,-1.7581801125943697e-11
9972.823469888734,917.1860303189172,2.456243576030463e-12
9973.580116328185,917.3250362320224,5.76597766342835e-11
9974.030784976494,917.4078350076594,1.1015472730615383e-12
9981.421463369605,918.7662158842508,-3.2969847131974934e-11
9981.700066971496,918.8174419328891,2.6307813125383078e-12
9982.318126832033,918.9310879386734,4.430331778208307e-12
9986.906743506594,919.7750417261267,-7.794889924730852e-11
9989.132044868285,920.1844662817616,-1.1616355644922743e-11
9989.736942167858,920.2957747547205,-5.350725050838002e-11
9990.593260131074,920.4533592175784,1.4394310901465149e-11
9993.223256803209,920.9374304929559,-5.143782588461643e-12
9994.131747445404,921.1046748466397,1.5812843914066282e-11
