CMA-ES with LHS + Normalized Space on CUDA
  Loss: L1_STFT_log_masked
  Available losses: MSS, SC+LogMag, CQT_L1, CQT+LogDec, Mel, LSD, L1_STFT, L1_STFT_1024, MultiResCQT, VQT, Gammatone, Envelope, ESR, FreqDecay, Subband, ModalDensity, Dispersion, CentroidTraj, OnsetDisp, NullPattern, GroupDelay, ComplexSTFT, InstFreq, Scattering1D, SoftDTW_Mel, L1, L2, L1_STFT_512, L1_STFT_2048, L1_STFT_8192, L1_STFT_multi, L1_STFT_log, L1_STFT_sc, L1_STFT_log_multi, L1_STFT_sc_multi, L1_STFT_log_sc, SmoothMSS, SmoothMSS_resmatch, L1_STFT_c2, L1_STFT_pow, SOT, SOT_lin, SOT_lin_paper, Mel_linear, L1_STFT_log_masked, L1_STFT_masked
  Trials: 20
  Duration: 0.25s
  Search: normalized [-1, 1] space; expanded to physical bounds for synthesis
  sigma0: 0.6
  tolfun: 1e-05
  tolfunhist: 1e-05
  pruner_min_resource: 15
  pruner_reduction_factor: 3

============================================================
[1/50] random_IR_0001.npz
  GT loss: 0.108819
  terrain_mean=1.271098  early_threshold=0.119860  (alpha=0.0095)
  tolfun=0.00604 tolfunhist=0.00604  (frac=0.0052 of range=1.16)
    --> Trial 0 | pop=37 seed=52085 x0_norm_min=-0.944 x0_norm_max=0.730
        [Trial 0] gen   20  evals=  740  best=0.5562
        [Trial 0] gen   40  evals= 1480  best=0.5523
        [Trial 0] gen   60  evals= 2220  best=0.5482
        [Trial 0] gen   80  evals= 2960  best=0.5241
        [Trial 0] gen  100  evals= 3700  best=0.5241
        [Trial 0] gen  120  evals= 4440  best=0.5241
        [Trial 0] gen  140  evals= 5180  best=0.5241
        [Trial 0] gen  160  evals= 5920  best=0.5241
        [Trial 0] gen  180  evals= 6660  best=0.5241
        [Trial 0] gen  200  evals= 7400  best=0.5241
        [Trial 0] gen  220  evals= 8140  best=0.5241
        [Trial 0] gen  240  evals= 8880  best=0.5241
        [Trial 0] gen  260  evals= 9620  best=0.5241
        [Trial 0] gen  280  evals=10360  best=0.5241
        [Trial 0] gen  300  evals=11100  best=0.5241
        [Trial 0] gen  320  evals=11840  best=0.5241
        [Trial 0] gen  340  evals=12580  best=0.5241
        [Trial 0] gen  360  evals=13320  best=0.5241
        [Trial 0] gen  380  evals=14060  best=0.5241
        [Trial 0] gen  400  evals=14800  best=0.5241
        [Trial 0] gen  420  evals=15540  best=0.5241
        [TRIAL TIMEOUT] Trial 0 total >600s, stopping
        [Done] Trial 0 best=0.5241
    --> Trial 1 | pop=42 seed=5374 x0_norm_min=-0.937 x0_norm_max=0.907
        [Trial 1] gen   20  evals=  840  best=0.5472
        [Trial 1] gen   40  evals= 1680  best=0.5175
        [Trial 1] gen   60  evals= 2520  best=0.5175
        [Trial 1] gen   80  evals= 3360  best=0.5175
        [Trial 1] gen  100  evals= 4200  best=0.5175
        [Trial 1] gen  120  evals= 5040  best=0.5175
        [Trial 1] gen  140  evals= 5880  best=0.5175
        [Trial 1] gen  160  evals= 6720  best=0.5175
        [Trial 1] gen  180  evals= 7560  best=0.5175
        [Trial 1] gen  200  evals= 8400  best=0.5175
        [Trial 1] gen  220  evals= 9240  best=0.5175
        [Trial 1] gen  240  evals=10080  best=0.5175
        [Trial 1] gen  260  evals=10920  best=0.5175
        [Done] Trial 1 best=0.5167
    --> Trial 2 | pop=39 seed=21554 x0_norm_min=-0.344 x0_norm_max=0.824
        [Pruned] Trial 2 at gen 15 (loss=0.5623)
    --> Trial 3 | pop=50 seed=54840 x0_norm_min=-0.797 x0_norm_max=0.622
        [Trial 3] gen   20  evals= 1000  best=0.4972
        [Trial 3] gen   40  evals= 2000  best=0.4972
        [Trial 3] gen   60  evals= 3000  best=0.4972
        [Trial 3] gen   80  evals= 4000  best=0.4972
        [Trial 3] gen  100  evals= 5000  best=0.4972
        [Trial 3] gen  120  evals= 6000  best=0.4972
        [Trial 3] gen  140  evals= 7000  best=0.4972
        [Trial 3] gen  160  evals= 8000  best=0.4972
        [Trial 3] gen  180  evals= 9000  best=0.4972
        [Trial 3] gen  200  evals=10000  best=0.4972
        [Trial 3] gen  220  evals=11000  best=0.4972
        [Trial 3] gen  240  evals=12000  best=0.4972
        [Trial 3] gen  260  evals=13000  best=0.4972
        [Trial 3] gen  280  evals=14000  best=0.4972
        [Trial 3] gen  300  evals=15000  best=0.4972
        [Trial 3] gen  320  evals=16000  best=0.4972
        [Done] Trial 3 best=0.4972
    --> Trial 4 | pop=34 seed=72152 x0_norm_min=-0.947 x0_norm_max=0.785
        [Pruned] Trial 4 at gen 15 (loss=0.5297)
    --> Trial 5 | pop=37 seed=19766 x0_norm_min=-0.748 x0_norm_max=0.981
        [Pruned] Trial 5 at gen 15 (loss=0.5335)
    --> Trial 6 | pop=44 seed=37410 x0_norm_min=-0.929 x0_norm_max=0.732
        [Pruned] Trial 6 at gen 15 (loss=0.5434)
    --> Trial 7 | pop=59 seed=31540 x0_norm_min=-0.779 x0_norm_max=0.922
        [Pruned] Trial 7 at gen 15 (loss=0.5369)
    --> Trial 8 | pop=51 seed=13633 x0_norm_min=-0.814 x0_norm_max=0.843
        [Pruned] Trial 8 at gen 15 (loss=0.5525)
    --> Trial 9 | pop=43 seed=18179 x0_norm_min=-0.955 x0_norm_max=0.770
        [Trial 9] gen   20  evals=  860  best=0.5282
        [Trial 9] gen   40  evals= 1720  best=0.5282
        [Pruned] Trial 9 at gen 45 (loss=0.5282)
    --> Trial 10 | pop=60 seed=96501 x0_norm_min=-0.841 x0_norm_max=0.672
        [Pruned] Trial 10 at gen 15 (loss=0.5410)
    --> Trial 11 | pop=51 seed=60677 x0_norm_min=-0.781 x0_norm_max=0.859
        [Pruned] Trial 11 at gen 15 (loss=0.5476)
    --> Trial 12 | pop=50 seed=1723 x0_norm_min=-0.402 x0_norm_max=0.428
        [Trial 12] gen   20  evals= 1000  best=0.5299
        [Trial 12] gen   40  evals= 2000  best=0.5299
        [Pruned] Trial 12 at gen 45 (loss=0.5299)
    --> Trial 13 | pop=44 seed=93538 x0_norm_min=-0.863 x0_norm_max=0.955
        [Trial 13] gen   20  evals=  880  best=0.5164
        [Trial 13] gen   40  evals= 1760  best=0.5103
        [Trial 13] gen   60  evals= 2640  best=0.5103
        [Trial 13] gen   80  evals= 3520  best=0.5103
        [Trial 13] gen  100  evals= 4400  best=0.5103
        [Trial 13] gen  120  evals= 5280  best=0.5103
        [Pruned] Trial 13 at gen 135 (loss=0.5103)
    --> Trial 14 | pop=30 seed=76669 x0_norm_min=-0.897 x0_norm_max=-0.091
        [Pruned] Trial 14 at gen 15 (loss=0.5540)
    --> Trial 15 | pop=48 seed=44656 x0_norm_min=-0.690 x0_norm_max=0.990
        [Trial 15] gen   20  evals=  960  best=0.5036
        [Trial 15] gen   40  evals= 1920  best=0.5036
        [Trial 15] gen   60  evals= 2880  best=0.5036
        [Trial 15] gen   80  evals= 3840  best=0.5036
        [Trial 15] gen  100  evals= 4800  best=0.5036
        [Trial 15] gen  120  evals= 5760  best=0.5036
        [Pruned] Trial 15 at gen 135 (loss=0.5036)
    --> Trial 16 | pop=57 seed=66871 x0_norm_min=-0.776 x0_norm_max=0.982
        [Pruned] Trial 16 at gen 15 (loss=0.5666)
    --> Trial 17 | pop=46 seed=5088 x0_norm_min=-0.863 x0_norm_max=0.835
        [Pruned] Trial 17 at gen 15 (loss=0.5357)
    --> Trial 18 | pop=54 seed=85737 x0_norm_min=-0.933 x0_norm_max=0.907
        [Pruned] Trial 18 at gen 15 (loss=0.5377)
    --> Trial 19 | pop=41 seed=54489 x0_norm_min=-0.948 x0_norm_max=0.822
        [Pruned] Trial 19 at gen 15 (loss=0.5453)

  Winner: Trial 3, loss=0.497170 (1975s)
    Restarts run: 20
    mu: 8.440257
    D_mu: 9.167369
    T0_mu: 0.088060
    Ly: 2.620423
    op_x: 0.631984
    op_y: 0.896436
    NMSE: 0.072536
  [Saved] random_IR_0001

============================================================
[2/50] random_IR_0002.npz
  GT loss: 0.328978
  terrain_mean=1.460509  early_threshold=0.339727  (alpha=0.0095)
  tolfun=0.00588 tolfunhist=0.00588  (frac=0.0052 of range=1.13)
    --> Trial 0 | pop=38 seed=22715 x0_norm_min=-0.944 x0_norm_max=0.730
        [Trial 0] gen   20  evals=  760  best=0.7078
        [Trial 0] gen   40  evals= 1520  best=0.6985
        [Trial 0] gen   60  evals= 2280  best=0.6985
        [Trial 0] gen   80  evals= 3040  best=0.6870
        [Trial 0] gen  100  evals= 3800  best=0.6717
        [Trial 0] gen  120  evals= 4560  best=0.6686
        [Trial 0] gen  140  evals= 5320  best=0.6684
        [Trial 0] gen  160  evals= 6080  best=0.6684
        [Trial 0] gen  180  evals= 6840  best=0.6684
        [Trial 0] gen  200  evals= 7600  best=0.6684
        [Trial 0] gen  220  evals= 8360  best=0.6684
        [Done] Trial 0 best=0.6684
    --> Trial 1 | pop=55 seed=82974 x0_norm_min=-0.937 x0_norm_max=0.907
        [Trial 1] gen   20  evals= 1100  best=0.6933
        [Trial 1] gen   40  evals= 2200  best=0.6933
        [Trial 1] gen   60  evals= 3300  best=0.6933
        [Trial 1] gen   80  evals= 4400  best=0.6933
        [Trial 1] gen  100  evals= 5500  best=0.6933
        [Trial 1] gen  120  evals= 6600  best=0.6933
        [Pruned] Trial 1 at gen 135 (loss=0.6933)
    --> Trial 2 | pop=51 seed=46277 x0_norm_min=-0.344 x0_norm_max=0.824
        [Pruned] Trial 2 at gen 15 (loss=0.7396)
    --> Trial 3 | pop=54 seed=56641 x0_norm_min=-0.797 x0_norm_max=0.622
        [Pruned] Trial 3 at gen 15 (loss=0.7198)
    --> Trial 4 | pop=35 seed=4467 x0_norm_min=-0.947 x0_norm_max=0.785
        [Pruned] Trial 4 at gen 15 (loss=0.7062)
    --> Trial 5 | pop=38 seed=82021 x0_norm_min=-0.748 x0_norm_max=0.981
        [Pruned] Trial 5 at gen 15 (loss=0.7482)
    --> Trial 6 | pop=36 seed=94262 x0_norm_min=-0.929 x0_norm_max=0.732
        [Trial 6] gen   20  evals=  720  best=0.7054
        [Trial 6] gen   40  evals= 1440  best=0.7054
        [Pruned] Trial 6 at gen 45 (loss=0.7041)
    --> Trial 7 | pop=43 seed=32172 x0_norm_min=-0.779 x0_norm_max=0.922
        [Pruned] Trial 7 at gen 15 (loss=0.7707)
    --> Trial 8 | pop=40 seed=63927 x0_norm_min=-0.814 x0_norm_max=0.843
        [Trial 8] gen   20  evals=  800  best=0.7001
        [Trial 8] gen   40  evals= 1600  best=0.7001
        [Pruned] Trial 8 at gen 45 (loss=0.7001)
    --> Trial 9 | pop=50 seed=93108 x0_norm_min=-0.955 x0_norm_max=0.770
        [Pruned] Trial 9 at gen 15 (loss=0.7333)
    --> Trial 10 | pop=59 seed=8595 x0_norm_min=-0.841 x0_norm_max=0.672
        [Trial 10] gen   20  evals= 1180  best=0.6912
        [Trial 10] gen   40  evals= 2360  best=0.6912
        [Trial 10] gen   60  evals= 3540  best=0.6912
        [Trial 10] gen   80  evals= 4720  best=0.6529
        [Trial 10] gen  100  evals= 5900  best=0.6529
        [Trial 10] gen  120  evals= 7080  best=0.6529
        [Trial 10] gen  140  evals= 8260  best=0.6529
        [Trial 10] gen  160  evals= 9440  best=0.6514
        [Trial 10] gen  180  evals=10620  best=0.6512
        [Trial 10] gen  200  evals=11800  best=0.6477
        [Done] Trial 10 best=0.6426
    --> Trial 11 | pop=59 seed=7110 x0_norm_min=-0.781 x0_norm_max=0.859
        [Trial 11] gen   20  evals= 1180  best=0.7024
        [Trial 11] gen   40  evals= 2360  best=0.7024
        [Pruned] Trial 11 at gen 45 (loss=0.7024)
    --> Trial 12 | pop=30 seed=22739 x0_norm_min=-0.402 x0_norm_max=0.428
        [Pruned] Trial 12 at gen 15 (loss=0.7423)
    --> Trial 13 | pop=45 seed=21939 x0_norm_min=-0.863 x0_norm_max=0.955
        [Pruned] Trial 13 at gen 15 (loss=0.7252)
    --> Trial 14 | pop=47 seed=17165 x0_norm_min=-0.897 x0_norm_max=-0.091
        [Pruned] Trial 14 at gen 15 (loss=0.7505)
    --> Trial 15 | pop=60 seed=37299 x0_norm_min=-0.690 x0_norm_max=0.990
        [Pruned] Trial 15 at gen 15 (loss=0.7070)
    --> Trial 16 | pop=30 seed=9855 x0_norm_min=-0.776 x0_norm_max=0.982
        [Pruned] Trial 16 at gen 15 (loss=0.7152)
    --> Trial 17 | pop=56 seed=424 x0_norm_min=-0.863 x0_norm_max=0.835
        [Pruned] Trial 17 at gen 15 (loss=0.7490)
    --> Trial 18 | pop=42 seed=31453 x0_norm_min=-0.933 x0_norm_max=0.907
        [Trial 18] gen   20  evals=  840  best=0.6687
        [Trial 18] gen   40  evals= 1680  best=0.6687
        [Trial 18] gen   60  evals= 2520  best=0.6687
        [Trial 18] gen   80  evals= 3360  best=0.6687
        [Trial 18] gen  100  evals= 4200  best=0.6687
        [Trial 18] gen  120  evals= 5040  best=0.6687
        [Pruned] Trial 18 at gen 135 (loss=0.6687)
    --> Trial 19 | pop=50 seed=44388 x0_norm_min=-0.948 x0_norm_max=0.822
        [Pruned] Trial 19 at gen 15 (loss=0.7229)

  Winner: Trial 10, loss=0.642623 (1321s)
    Restarts run: 20
    mu: 18.014509
    D_mu: 0.720824
    T0_mu: 35.317156
    Ly: 1.926210
    op_x: 0.846960
    op_y: 0.709899
    NMSE: 0.178145
  [Saved] random_IR_0002

============================================================
[3/50] random_IR_0003.npz
  GT loss: 0.050983
  terrain_mean=1.671968  early_threshold=0.066382  (alpha=0.0095)
  tolfun=0.00843 tolfunhist=0.00843  (frac=0.0052 of range=1.62)
    --> Trial 0 | pop=60 seed=73662 x0_norm_min=-0.944 x0_norm_max=0.730
        [Trial 0] gen   20  evals= 1200  best=0.4419
        [Trial 0] gen   40  evals= 2400  best=0.4394
        [Trial 0] gen   60  evals= 3600  best=0.4394
        [Trial 0] gen   80  evals= 4800  best=0.4394
        [Trial 0] gen  100  evals= 6000  best=0.4329
        [Trial 0] gen  120  evals= 7200  best=0.4329
        [Done] Trial 0 best=0.4294
    --> Trial 1 | pop=33 seed=79092 x0_norm_min=-0.937 x0_norm_max=0.907
        [Trial 1] gen   20  evals=  660  best=0.4615
        [Trial 1] gen   40  evals= 1320  best=0.4428
        [Pruned] Trial 1 at gen 45 (loss=0.4428)
    --> Trial 2 | pop=57 seed=81323 x0_norm_min=-0.344 x0_norm_max=0.824
        [Pruned] Trial 2 at gen 15 (loss=0.4640)
    --> Trial 3 | pop=54 seed=4483 x0_norm_min=-0.797 x0_norm_max=0.622
        [Trial 3] gen   20  evals= 1080  best=0.4592
        [Trial 3] gen   40  evals= 2160  best=0.4392
        [Trial 3] gen   60  evals= 3240  best=0.4392
        [Trial 3] gen   80  evals= 4320  best=0.4392
        [Trial 3] gen  100  evals= 5400  best=0.4362
        [Trial 3] gen  120  evals= 6480  best=0.4249
        [Trial 3] gen  140  evals= 7560  best=0.4249
        [Trial 3] gen  160  evals= 8640  best=0.4198
        [Trial 3] gen  180  evals= 9720  best=0.4198
        [Trial 3] gen  200  evals=10800  best=0.4198
        [Trial 3] gen  220  evals=11880  best=0.4198
        [Trial 3] gen  240  evals=12960  best=0.4198
        [Trial 3] gen  260  evals=14040  best=0.4198
        [Trial 3] gen  280  evals=15120  best=0.4198
        [Trial 3] gen  300  evals=16200  best=0.4198
        [Trial 3] gen  320  evals=17280  best=0.4198
        [Trial 3] gen  340  evals=18360  best=0.4198
        [Trial 3] gen  360  evals=19440  best=0.4198
        [Trial 3] gen  380  evals=20520  best=0.4198
        [Trial 3] gen  400  evals=21600  best=0.4198
        [Trial 3] gen  420  evals=22680  best=0.4198
        [Trial 3] gen  440  evals=23760  best=0.4198
        [Trial 3] gen  460  evals=24840  best=0.4198
        [Trial 3] gen  480  evals=25920  best=0.4198
        [TRIAL TIMEOUT] Trial 3 total >600s, stopping
        [Done] Trial 3 best=0.4198
    --> Trial 4 | pop=55 seed=26020 x0_norm_min=-0.947 x0_norm_max=0.785
        [Pruned] Trial 4 at gen 15 (loss=0.4863)
    --> Trial 5 | pop=36 seed=32030 x0_norm_min=-0.748 x0_norm_max=0.981
        [Trial 5] gen   20  evals=  720  best=0.4453
        [Trial 5] gen   40  evals= 1440  best=0.4453
        [Pruned] Trial 5 at gen 45 (loss=0.4453)
    --> Trial 6 | pop=57 seed=48500 x0_norm_min=-0.929 x0_norm_max=0.732
        [Trial 6] gen   20  evals= 1140  best=0.4463
        [Trial 6] gen   40  evals= 2280  best=0.4374
        [Trial 6] gen   60  evals= 3420  best=0.4372
        [Trial 6] gen   80  evals= 4560  best=0.4216
        [Trial 6] gen  100  evals= 5700  best=0.4143
        [Trial 6] gen  120  evals= 6840  best=0.4143
        [Trial 6] gen  140  evals= 7980  best=0.4143
        [Trial 6] gen  160  evals= 9120  best=0.4099
        [Trial 6] gen  180  evals=10260  best=0.4099
        [Trial 6] gen  200  evals=11400  best=0.4099
        [Trial 6] gen  220  evals=12540  best=0.4099
        [Trial 6] gen  240  evals=13680  best=0.4072
        [Done] Trial 6 best=0.4072
    --> Trial 7 | pop=49 seed=24164 x0_norm_min=-0.779 x0_norm_max=0.922
        [Pruned] Trial 7 at gen 15 (loss=0.4867)
    --> Trial 8 | pop=40 seed=25675 x0_norm_min=-0.814 x0_norm_max=0.843
        [Pruned] Trial 8 at gen 15 (loss=0.4903)
    --> Trial 9 | pop=45 seed=81273 x0_norm_min=-0.955 x0_norm_max=0.770
        [Trial 9] gen   20  evals=  900  best=0.4470
        [Trial 9] gen   40  evals= 1800  best=0.4470
        [Pruned] Trial 9 at gen 45 (loss=0.4470)
    --> Trial 10 | pop=30 seed=57333 x0_norm_min=-0.841 x0_norm_max=0.672
        [Pruned] Trial 10 at gen 15 (loss=0.4996)
    --> Trial 11 | pop=50 seed=196 x0_norm_min=-0.781 x0_norm_max=0.859
        [Trial 11] gen   20  evals= 1000  best=0.4406
        [Trial 11] gen   40  evals= 2000  best=0.4406
        [Pruned] Trial 11 at gen 45 (loss=0.4406)
    --> Trial 12 | pop=53 seed=958 x0_norm_min=-0.402 x0_norm_max=0.428
        [Trial 12] gen   20  evals= 1060  best=0.4457
        [Trial 12] gen   40  evals= 2120  best=0.4321
        [Trial 12] gen   60  evals= 3180  best=0.4321
        [Trial 12] gen   80  evals= 4240  best=0.4321
        [Trial 12] gen  100  evals= 5300  best=0.4321
        [Trial 12] gen  120  evals= 6360  best=0.4321
        [Pruned] Trial 12 at gen 135 (loss=0.4321)
    --> Trial 13 | pop=60 seed=50842 x0_norm_min=-0.863 x0_norm_max=0.955
        [Pruned] Trial 13 at gen 15 (loss=0.4734)
    --> Trial 14 | pop=46 seed=99279 x0_norm_min=-0.897 x0_norm_max=-0.091
        [Pruned] Trial 14 at gen 15 (loss=0.4734)
    --> Trial 15 | pop=52 seed=47060 x0_norm_min=-0.690 x0_norm_max=0.990
        [Trial 15] gen   20  evals= 1040  best=0.4462
        [Trial 15] gen   40  evals= 2080  best=0.4462
        [Trial 15] gen   60  evals= 3120  best=0.4271
        [Trial 15] gen   80  evals= 4160  best=0.4271
        [Trial 15] gen  100  evals= 5200  best=0.4271
        [Trial 15] gen  120  evals= 6240  best=0.4271
        [Pruned] Trial 15 at gen 135 (loss=0.4271)
    --> Trial 16 | pop=56 seed=10854 x0_norm_min=-0.776 x0_norm_max=0.982
        [Pruned] Trial 16 at gen 15 (loss=0.4724)
    --> Trial 17 | pop=45 seed=39328 x0_norm_min=-0.863 x0_norm_max=0.835
        [Pruned] Trial 17 at gen 15 (loss=0.4541)
    --> Trial 18 | pop=57 seed=63557 x0_norm_min=-0.933 x0_norm_max=0.907
        [Pruned] Trial 18 at gen 15 (loss=0.4730)
    --> Trial 19 | pop=48 seed=16104 x0_norm_min=-0.948 x0_norm_max=0.822
        [Trial 19] gen   20  evals=  960  best=0.4306
        [Trial 19] gen   40  evals= 1920  best=0.4306
        [Trial 19] gen   60  evals= 2880  best=0.4306
        [Trial 19] gen   80  evals= 3840  best=0.4306
        [Trial 19] gen  100  evals= 4800  best=0.4306
        [Trial 19] gen  120  evals= 5760  best=0.4274
        [Pruned] Trial 19 at gen 135 (loss=0.4274)

  Winner: Trial 6, loss=0.407178 (1216s)
    Restarts run: 20
    mu: 12.992816
    D_mu: 33.423889
    T0_mu: 12.204310
    Ly: 3.995931
    op_x: 0.693023
    op_y: 0.997814
    NMSE: 0.190831
  [Saved] random_IR_0003

============================================================
[4/50] random_IR_0004.npz
  GT loss: 0.027844
  terrain_mean=1.441851  early_threshold=0.041277  (alpha=0.0095)
  tolfun=0.00735 tolfunhist=0.00735  (frac=0.0052 of range=1.41)
    --> Trial 0 | pop=52 seed=89553 x0_norm_min=-0.944 x0_norm_max=0.730
        [Trial 0] gen   20  evals= 1040  best=0.4235
        [Trial 0] gen   40  evals= 2080  best=0.4235
        [Trial 0] gen   60  evals= 3120  best=0.4235
        [Trial 0] gen   80  evals= 4160  best=0.4235
        [Trial 0] gen  100  evals= 5200  best=0.4235
        [Trial 0] gen  120  evals= 6240  best=0.4235
        [Trial 0] gen  140  evals= 7280  best=0.4223
        [Trial 0] gen  160  evals= 8320  best=0.4164
        [Trial 0] gen  180  evals= 9360  best=0.4164
        [Trial 0] gen  200  evals=10400  best=0.4062
        [Trial 0] gen  220  evals=11440  best=0.4062
        [Trial 0] gen  240  evals=12480  best=0.4062
        [Done] Trial 0 best=0.4062
    --> Trial 1 | pop=53 seed=64420 x0_norm_min=-0.937 x0_norm_max=0.907
        [Trial 1] gen   20  evals= 1060  best=0.4298
        [Trial 1] gen   40  evals= 2120  best=0.4298
        [Pruned] Trial 1 at gen 45 (loss=0.4298)
    --> Trial 2 | pop=55 seed=81798 x0_norm_min=-0.344 x0_norm_max=0.824
        [Trial 2] gen   20  evals= 1100  best=0.4303
        [Trial 2] gen   40  evals= 2200  best=0.4303
        [Pruned] Trial 2 at gen 45 (loss=0.4301)
    --> Trial 3 | pop=52 seed=2887 x0_norm_min=-0.797 x0_norm_max=0.622
        [Pruned] Trial 3 at gen 15 (loss=0.4685)
    --> Trial 4 | pop=44 seed=23534 x0_norm_min=-0.947 x0_norm_max=0.785
        [Pruned] Trial 4 at gen 15 (loss=0.4774)
    --> Trial 5 | pop=45 seed=69950 x0_norm_min=-0.748 x0_norm_max=0.981
        [Pruned] Trial 5 at gen 15 (loss=0.4556)
    --> Trial 6 | pop=39 seed=29133 x0_norm_min=-0.929 x0_norm_max=0.732
        [Pruned] Trial 6 at gen 15 (loss=0.4592)
    --> Trial 7 | pop=45 seed=97805 x0_norm_min=-0.779 x0_norm_max=0.922
        [Pruned] Trial 7 at gen 15 (loss=0.4542)
    --> Trial 8 | pop=38 seed=75095 x0_norm_min=-0.814 x0_norm_max=0.843
        [Pruned] Trial 8 at gen 15 (loss=0.4627)
    --> Trial 9 | pop=42 seed=72394 x0_norm_min=-0.955 x0_norm_max=0.770
        [Pruned] Trial 9 at gen 15 (loss=0.4977)
    --> Trial 10 | pop=33 seed=42265 x0_norm_min=-0.841 x0_norm_max=0.672
        [Trial 10] gen   20  evals=  660  best=0.4399
        [Trial 10] gen   40  evals= 1320  best=0.4340
        [Pruned] Trial 10 at gen 45 (loss=0.4340)
    --> Trial 11 | pop=60 seed=56235 x0_norm_min=-0.781 x0_norm_max=0.859
        [Trial 11] gen   20  evals= 1200  best=0.4169
        [Trial 11] gen   40  evals= 2400  best=0.4169
        [Trial 11] gen   60  evals= 3600  best=0.4169
        [Trial 11] gen   80  evals= 4800  best=0.4169
        [Trial 11] gen  100  evals= 6000  best=0.4169
        [Trial 11] gen  120  evals= 7200  best=0.4169
        [Trial 11] gen  140  evals= 8400  best=0.4169
        [Trial 11] gen  160  evals= 9600  best=0.4169
        [Trial 11] gen  180  evals=10800  best=0.4169
        [Trial 11] gen  200  evals=12000  best=0.4169
        [Trial 11] gen  220  evals=13200  best=0.4169
        [Trial 11] gen  240  evals=14400  best=0.4169
        [Trial 11] gen  260  evals=15600  best=0.4169
        [Done] Trial 11 best=0.4169
    --> Trial 12 | pop=59 seed=49701 x0_norm_min=-0.402 x0_norm_max=0.428
        [Pruned] Trial 12 at gen 15 (loss=0.4631)
    --> Trial 13 | pop=60 seed=98892 x0_norm_min=-0.863 x0_norm_max=0.955
        [Trial 13] gen   20  evals= 1200  best=0.4302
        [Trial 13] gen   40  evals= 2400  best=0.4097
        [Trial 13] gen   60  evals= 3600  best=0.4097
        [Trial 13] gen   80  evals= 4800  best=0.4097
        [Trial 13] gen  100  evals= 6000  best=0.4060
        [Trial 13] gen  120  evals= 7200  best=0.4060
        [Trial 13] gen  140  evals= 8400  best=0.4060
        [Trial 13] gen  160  evals= 9600  best=0.4060
        [Trial 13] gen  180  evals=10800  best=0.3925
        [Done] Trial 13 best=0.3913
    --> Trial 14 | pop=49 seed=99877 x0_norm_min=-0.897 x0_norm_max=-0.091
        [Pruned] Trial 14 at gen 15 (loss=0.4713)
    --> Trial 15 | pop=56 seed=87571 x0_norm_min=-0.690 x0_norm_max=0.990
        [Pruned] Trial 15 at gen 15 (loss=0.4730)
    --> Trial 16 | pop=49 seed=91416 x0_norm_min=-0.776 x0_norm_max=0.982
        [Pruned] Trial 16 at gen 15 (loss=0.4795)
    --> Trial 17 | pop=57 seed=86096 x0_norm_min=-0.863 x0_norm_max=0.835
        [Pruned] Trial 17 at gen 15 (loss=0.4576)
    --> Trial 18 | pop=49 seed=80923 x0_norm_min=-0.933 x0_norm_max=0.907
        [Trial 18] gen   20  evals=  980  best=0.4260
        [Trial 18] gen   40  evals= 1960  best=0.4260
        [Pruned] Trial 18 at gen 45 (loss=0.4260)
    --> Trial 19 | pop=52 seed=99835 x0_norm_min=-0.948 x0_norm_max=0.822
        [Pruned] Trial 19 at gen 15 (loss=0.4699)

  Winner: Trial 13, loss=0.391310 (514s)
    Restarts run: 20
    mu: 43.583931
    D_mu: 22.385179
    T0_mu: 0.640798
    Ly: 3.458344
    op_x: 0.908852
    op_y: 0.943428
    NMSE: 0.093239
  [Saved] random_IR_0004

============================================================
[5/50] random_IR_0005.npz
  GT loss: 0.133292
  terrain_mean=1.381846  early_threshold=0.145153  (alpha=0.0095)
  tolfun=0.00649 tolfunhist=0.00649  (frac=0.0052 of range=1.25)
    --> Trial 0 | pop=51 seed=64318 x0_norm_min=-0.944 x0_norm_max=0.730
        [Trial 0] gen   20  evals= 1020  best=0.5091
        [Trial 0] gen   40  evals= 2040  best=0.4962
        [Trial 0] gen   60  evals= 3060  best=0.4962
        [Trial 0] gen   80  evals= 4080  best=0.4962
        [Trial 0] gen  100  evals= 5100  best=0.4962
        [Trial 0] gen  120  evals= 6120  best=0.4962
        [Trial 0] gen  140  evals= 7140  best=0.4962
        [Trial 0] gen  160  evals= 8160  best=0.4962
        [Trial 0] gen  180  evals= 9180  best=0.4962
        [Trial 0] gen  200  evals=10200  best=0.4962
        [Trial 0] gen  220  evals=11220  best=0.4962
        [Trial 0] gen  240  evals=12240  best=0.4962
        [Trial 0] gen  260  evals=13260  best=0.4962
        [Trial 0] gen  280  evals=14280  best=0.4962
        [Trial 0] gen  300  evals=15300  best=0.4962
        [TRIAL TIMEOUT] Trial 0 total >600s, stopping
        [Done] Trial 0 best=0.4962
    --> Trial 1 | pop=57 seed=5193 x0_norm_min=-0.937 x0_norm_max=0.907
        [Pruned] Trial 1 at gen 15 (loss=0.5475)
    --> Trial 2 | pop=41 seed=33334 x0_norm_min=-0.344 x0_norm_max=0.824
        [Trial 2] gen   20  evals=  820  best=0.4891
        [Trial 2] gen   40  evals= 1640  best=0.4891
        [Trial 2] gen   60  evals= 2460  best=0.4891
        [Trial 2] gen   80  evals= 3280  best=0.4891
        [Trial 2] gen  100  evals= 4100  best=0.4891
        [Trial 2] gen  120  evals= 4920  best=0.4891
        [Trial 2] gen  140  evals= 5740  best=0.4891
        [Trial 2] gen  160  evals= 6560  best=0.4891
        [Trial 2] gen  180  evals= 7380  best=0.4891
        [Trial 2] gen  200  evals= 8200  best=0.4891
        [Trial 2] gen  220  evals= 9020  best=0.4851
        [Trial 2] gen  240  evals= 9840  best=0.4851
        [Trial 2] gen  260  evals=10660  best=0.4851
        [Trial 2] gen  280  evals=11480  best=0.4837
        [Done] Trial 2 best=0.4824
    --> Trial 3 | pop=56 seed=59148 x0_norm_min=-0.797 x0_norm_max=0.622
        [Pruned] Trial 3 at gen 15 (loss=0.5023)
    --> Trial 4 | pop=38 seed=1144 x0_norm_min=-0.947 x0_norm_max=0.785
        [Pruned] Trial 4 at gen 15 (loss=0.5557)
    --> Trial 5 | pop=37 seed=72528 x0_norm_min=-0.748 x0_norm_max=0.981
        [Pruned] Trial 5 at gen 15 (loss=0.5263)
    --> Trial 6 | pop=31 seed=62510 x0_norm_min=-0.929 x0_norm_max=0.732
        [Pruned] Trial 6 at gen 15 (loss=0.5145)
    --> Trial 7 | pop=44 seed=48358 x0_norm_min=-0.779 x0_norm_max=0.922
        [Pruned] Trial 7 at gen 15 (loss=0.5308)
    --> Trial 8 | pop=32 seed=96226 x0_norm_min=-0.814 x0_norm_max=0.843
        [Pruned] Trial 8 at gen 15 (loss=0.5458)
    --> Trial 9 | pop=59 seed=95477 x0_norm_min=-0.955 x0_norm_max=0.770
        [Pruned] Trial 9 at gen 15 (loss=0.5380)
    --> Trial 10 | pop=48 seed=32649 x0_norm_min=-0.841 x0_norm_max=0.672
        [Pruned] Trial 10 at gen 15 (loss=0.5155)
    --> Trial 11 | pop=49 seed=26286 x0_norm_min=-0.781 x0_norm_max=0.859
        [Pruned] Trial 11 at gen 15 (loss=0.5197)
    --> Trial 12 | pop=50 seed=32482 x0_norm_min=-0.402 x0_norm_max=0.428
        [Pruned] Trial 12 at gen 15 (loss=0.5505)
    --> Trial 13 | pop=43 seed=83681 x0_norm_min=-0.863 x0_norm_max=0.955
        [Pruned] Trial 13 at gen 15 (loss=0.5324)
    --> Trial 14 | pop=52 seed=46173 x0_norm_min=-0.897 x0_norm_max=-0.091
        [Pruned] Trial 14 at gen 15 (loss=0.5270)
    --> Trial 15 | pop=42 seed=16170 x0_norm_min=-0.690 x0_norm_max=0.990
        [Pruned] Trial 15 at gen 15 (loss=0.5364)
    --> Trial 16 | pop=37 seed=48273 x0_norm_min=-0.776 x0_norm_max=0.982
        [Pruned] Trial 16 at gen 15 (loss=0.5389)
    --> Trial 17 | pop=46 seed=74880 x0_norm_min=-0.863 x0_norm_max=0.835
        [Pruned] Trial 17 at gen 15 (loss=0.5308)
    --> Trial 18 | pop=53 seed=17028 x0_norm_min=-0.933 x0_norm_max=0.907
        [Pruned] Trial 18 at gen 15 (loss=0.5719)
    --> Trial 19 | pop=40 seed=60267 x0_norm_min=-0.948 x0_norm_max=0.822
        [Pruned] Trial 19 at gen 15 (loss=0.5232)

  Winner: Trial 2, loss=0.482385 (1097s)
    Restarts run: 20
    mu: 26.834444
    D_mu: 4.861400
    T0_mu: 4.045753
    Ly: 3.271022
    op_x: 0.622656
    op_y: 0.579520
    NMSE: 0.035402
  [Saved] random_IR_0005

============================================================
[6/50] random_IR_0006.npz
  GT loss: 0.030619
  terrain_mean=1.148243  early_threshold=0.041237  (alpha=0.0095)
  tolfun=0.00581 tolfunhist=0.00581  (frac=0.0052 of range=1.12)
    --> Trial 0 | pop=36 seed=44906 x0_norm_min=-0.944 x0_norm_max=0.730
        [Trial 0] gen   20  evals=  720  best=0.4041
        [Trial 0] gen   40  evals= 1440  best=0.4041
        [Trial 0] gen   60  evals= 2160  best=0.4011
        [Trial 0] gen   80  evals= 2880  best=0.4011
        [Trial 0] gen  100  evals= 3600  best=0.4011
        [Trial 0] gen  120  evals= 4320  best=0.4011
        [Trial 0] gen  140  evals= 5040  best=0.4011
        [Trial 0] gen  160  evals= 5760  best=0.4011
        [Trial 0] gen  180  evals= 6480  best=0.4011
        [Trial 0] gen  200  evals= 7200  best=0.4011
        [Trial 0] gen  220  evals= 7920  best=0.3987
        [Trial 0] gen  240  evals= 8640  best=0.3913
        [Done] Trial 0 best=0.3900
    --> Trial 1 | pop=41 seed=58910 x0_norm_min=-0.937 x0_norm_max=0.907
        [Trial 1] gen   20  evals=  820  best=0.4003
        [Trial 1] gen   40  evals= 1640  best=0.3886
        [Trial 1] gen   60  evals= 2460  best=0.3886
        [Trial 1] gen   80  evals= 3280  best=0.3886
        [Trial 1] gen  100  evals= 4100  best=0.3886
        [Trial 1] gen  120  evals= 4920  best=0.3886
        [Trial 1] gen  140  evals= 5740  best=0.3886
        [Trial 1] gen  160  evals= 6560  best=0.3886
        [Trial 1] gen  180  evals= 7380  best=0.3886
        [Trial 1] gen  200  evals= 8200  best=0.3886
        [Trial 1] gen  220  evals= 9020  best=0.3886
        [Trial 1] gen  240  evals= 9840  best=0.3886
        [Trial 1] gen  260  evals=10660  best=0.3886
        [Trial 1] gen  280  evals=11480  best=0.3886
        [Trial 1] gen  300  evals=12300  best=0.3886
        [Trial 1] gen  320  evals=13120  best=0.3886
        [Done] Trial 1 best=0.3886
    --> Trial 2 | pop=40 seed=45055 x0_norm_min=-0.344 x0_norm_max=0.824
        [Pruned] Trial 2 at gen 15 (loss=0.4251)
    --> Trial 3 | pop=54 seed=18318 x0_norm_min=-0.797 x0_norm_max=0.622
        [Trial 3] gen   20  evals= 1080  best=0.3606
        [Trial 3] gen   40  evals= 2160  best=0.3606
        [Trial 3] gen   60  evals= 3240  best=0.3606
        [Trial 3] gen   80  evals= 4320  best=0.3606
        [Trial 3] gen  100  evals= 5400  best=0.3606
        [Trial 3] gen  120  evals= 6480  best=0.3606
        [Trial 3] gen  140  evals= 7560  best=0.3606
        [Trial 3] gen  160  evals= 8640  best=0.3606
        [Trial 3] gen  180  evals= 9720  best=0.3606
        [Trial 3] gen  200  evals=10800  best=0.3606
        [Trial 3] gen  220  evals=11880  best=0.3606
        [Trial 3] gen  240  evals=12960  best=0.3606
        [Trial 3] gen  260  evals=14040  best=0.3606
        [Trial 3] gen  280  evals=15120  best=0.3606
        [Trial 3] gen  300  evals=16200  best=0.3606
        [Trial 3] gen  320  evals=17280  best=0.3606
        [Done] Trial 3 best=0.3606
    --> Trial 4 | pop=40 seed=16109 x0_norm_min=-0.947 x0_norm_max=0.785
        [Pruned] Trial 4 at gen 15 (loss=0.4217)
    --> Trial 5 | pop=36 seed=31090 x0_norm_min=-0.748 x0_norm_max=0.981
        [Pruned] Trial 5 at gen 15 (loss=0.4208)
    --> Trial 6 | pop=34 seed=47250 x0_norm_min=-0.929 x0_norm_max=0.732
        [Trial 6] gen   20  evals=  680  best=0.3992
        [Trial 6] gen   40  evals= 1360  best=0.3992
        [Pruned] Trial 6 at gen 45 (loss=0.3992)
    --> Trial 7 | pop=54 seed=20631 x0_norm_min=-0.779 x0_norm_max=0.922
        [Pruned] Trial 7 at gen 15 (loss=0.4042)
    --> Trial 8 | pop=54 seed=2252 x0_norm_min=-0.814 x0_norm_max=0.843
        [Trial 8] gen   20  evals= 1080  best=0.3817
        [Trial 8] gen   40  evals= 2160  best=0.3817
        [Pruned] Trial 8 at gen 45 (loss=0.3817)
    --> Trial 9 | pop=43 seed=204 x0_norm_min=-0.955 x0_norm_max=0.770
        [Pruned] Trial 9 at gen 15 (loss=0.4252)
    --> Trial 10 | pop=49 seed=97372 x0_norm_min=-0.841 x0_norm_max=0.672
        [Pruned] Trial 10 at gen 15 (loss=0.4211)
    --> Trial 11 | pop=60 seed=77507 x0_norm_min=-0.781 x0_norm_max=0.859
        [Trial 11] gen   20  evals= 1200  best=0.3985
        [Trial 11] gen   40  evals= 2400  best=0.3985
        [Pruned] Trial 11 at gen 45 (loss=0.3985)
    --> Trial 12 | pop=47 seed=65626 x0_norm_min=-0.402 x0_norm_max=0.428
        [Pruned] Trial 12 at gen 15 (loss=0.4217)
    --> Trial 13 | pop=30 seed=66921 x0_norm_min=-0.863 x0_norm_max=0.955
        [Pruned] Trial 13 at gen 15 (loss=0.4124)
    --> Trial 14 | pop=57 seed=85696 x0_norm_min=-0.897 x0_norm_max=-0.091
        [Pruned] Trial 14 at gen 15 (loss=0.4110)
    --> Trial 15 | pop=48 seed=55073 x0_norm_min=-0.690 x0_norm_max=0.990
        [Pruned] Trial 15 at gen 15 (loss=0.4260)
    --> Trial 16 | pop=52 seed=27218 x0_norm_min=-0.776 x0_norm_max=0.982
        [Pruned] Trial 16 at gen 15 (loss=0.4038)
    --> Trial 17 | pop=43 seed=35484 x0_norm_min=-0.863 x0_norm_max=0.835
        [Pruned] Trial 17 at gen 15 (loss=0.4301)
    --> Trial 18 | pop=59 seed=13543 x0_norm_min=-0.933 x0_norm_max=0.907
        [Pruned] Trial 18 at gen 15 (loss=0.4054)
    --> Trial 19 | pop=45 seed=62293 x0_norm_min=-0.948 x0_norm_max=0.822
        [Pruned] Trial 19 at gen 15 (loss=0.4295)

  Winner: Trial 3, loss=0.360575 (844s)
    Restarts run: 20
    mu: 11.402267
    D_mu: 5.220150
    T0_mu: 21.066184
    Ly: 3.958319
    op_x: 0.656403
    op_y: 0.690742
    NMSE: 0.076569
  [Saved] random_IR_0006

============================================================
[7/50] random_IR_0007.npz
  GT loss: 0.080357
  terrain_mean=1.353420  early_threshold=0.092451  (alpha=0.0095)
  tolfun=0.00662 tolfunhist=0.00662  (frac=0.0052 of range=1.27)
    --> Trial 0 | pop=46 seed=45087 x0_norm_min=-0.944 x0_norm_max=0.730
        [Trial 0] gen   20  evals=  920  best=0.4955
        [Trial 0] gen   40  evals= 1840  best=0.4955
        [Trial 0] gen   60  evals= 2760  best=0.4955
        [Trial 0] gen   80  evals= 3680  best=0.4927
        [Trial 0] gen  100  evals= 4600  best=0.4919
        [Trial 0] gen  120  evals= 5520  best=0.4798
        [Trial 0] gen  140  evals= 6440  best=0.4798
        [Trial 0] gen  160  evals= 7360  best=0.4798
        [Trial 0] gen  180  evals= 8280  best=0.4798
        [Trial 0] gen  200  evals= 9200  best=0.4798
        [Trial 0] gen  220  evals=10120  best=0.4798
        [Trial 0] gen  240  evals=11040  best=0.4798
        [Trial 0] gen  260  evals=11960  best=0.4798
        [Trial 0] gen  280  evals=12880  best=0.4798
        [Trial 0] gen  300  evals=13800  best=0.4640
        [Trial 0] gen  320  evals=14720  best=0.4640
        [Trial 0] gen  340  evals=15640  best=0.4640
        [Trial 0] gen  360  evals=16560  best=0.4640
        [Trial 0] gen  380  evals=17480  best=0.4640
        [Trial 0] gen  400  evals=18400  best=0.4640
        [TRIAL TIMEOUT] Trial 0 total >600s, stopping
        [Done] Trial 0 best=0.4640
    --> Trial 1 | pop=49 seed=20572 x0_norm_min=-0.937 x0_norm_max=0.907
        [Pruned] Trial 1 at gen 15 (loss=0.5081)
    --> Trial 2 | pop=51 seed=65988 x0_norm_min=-0.344 x0_norm_max=0.824
        [Pruned] Trial 2 at gen 15 (loss=0.5051)
    --> Trial 3 | pop=46 seed=72938 x0_norm_min=-0.797 x0_norm_max=0.622
        [Trial 3] gen   20  evals=  920  best=0.4702
        [Trial 3] gen   40  evals= 1840  best=0.4698
        [Trial 3] gen   60  evals= 2760  best=0.4698
        [Trial 3] gen   80  evals= 3680  best=0.4511
        [Trial 3] gen  100  evals= 4600  best=0.4511
        [Trial 3] gen  120  evals= 5520  best=0.4511
        [Trial 3] gen  140  evals= 6440  best=0.4511
        [Trial 3] gen  160  evals= 7360  best=0.4511
        [Trial 3] gen  180  evals= 8280  best=0.4511
        [Trial 3] gen  200  evals= 9200  best=0.4511
        [Trial 3] gen  220  evals=10120  best=0.4505
        [Trial 3] gen  240  evals=11040  best=0.4505
        [Done] Trial 3 best=0.4458
    --> Trial 4 | pop=51 seed=50386 x0_norm_min=-0.947 x0_norm_max=0.785
        [Pruned] Trial 4 at gen 15 (loss=0.4889)
    --> Trial 5 | pop=46 seed=10053 x0_norm_min=-0.748 x0_norm_max=0.981
        [Pruned] Trial 5 at gen 15 (loss=0.4920)
    --> Trial 6 | pop=50 seed=8656 x0_norm_min=-0.929 x0_norm_max=0.732
        [Trial 6] gen   20  evals= 1000  best=0.4849
        [Trial 6] gen   40  evals= 2000  best=0.4849
        [Pruned] Trial 6 at gen 45 (loss=0.4849)
    --> Trial 7 | pop=32 seed=46956 x0_norm_min=-0.779 x0_norm_max=0.922
        [Pruned] Trial 7 at gen 15 (loss=0.5738)
    --> Trial 8 | pop=50 seed=19296 x0_norm_min=-0.814 x0_norm_max=0.843
        [Trial 8] gen   20  evals= 1000  best=0.4712
        [Trial 8] gen   40  evals= 2000  best=0.4712
        [Trial 8] gen   60  evals= 3000  best=0.4650
        [Trial 8] gen   80  evals= 4000  best=0.4650
        [Trial 8] gen  100  evals= 5000  best=0.4650
        [Trial 8] gen  120  evals= 6000  best=0.4650
        [Pruned] Trial 8 at gen 135 (loss=0.4650)
    --> Trial 9 | pop=59 seed=40604 x0_norm_min=-0.955 x0_norm_max=0.770
        [Pruned] Trial 9 at gen 15 (loss=0.4971)
    --> Trial 10 | pop=33 seed=94471 x0_norm_min=-0.841 x0_norm_max=0.672
        [Trial 10] gen   20  evals=  660  best=0.4427
        [Trial 10] gen   40  evals= 1320  best=0.4427
        [Trial 10] gen   60  evals= 1980  best=0.4427
        [Trial 10] gen   80  evals= 2640  best=0.4427
        [Trial 10] gen  100  evals= 3300  best=0.4427
        [Trial 10] gen  120  evals= 3960  best=0.4427
        [Trial 10] gen  140  evals= 4620  best=0.4427
        [Trial 10] gen  160  evals= 5280  best=0.4427
        [Trial 10] gen  180  evals= 5940  best=0.4427
        [Trial 10] gen  200  evals= 6600  best=0.4427
        [Trial 10] gen  220  evals= 7260  best=0.4427
        [Trial 10] gen  240  evals= 7920  best=0.4427
        [Trial 10] gen  260  evals= 8580  best=0.4427
        [Trial 10] gen  280  evals= 9240  best=0.4427
        [Trial 10] gen  300  evals= 9900  best=0.4412
        [Done] Trial 10 best=0.4412
    --> Trial 11 | pop=30 seed=97952 x0_norm_min=-0.781 x0_norm_max=0.859
        [Trial 11] gen   20  evals=  600  best=0.4606
        [Trial 11] gen   40  evals= 1200  best=0.4606
        [Trial 11] gen   60  evals= 1800  best=0.4606
        [Trial 11] gen   80  evals= 2400  best=0.4606
        [Trial 11] gen  100  evals= 3000  best=0.4606
        [Trial 11] gen  120  evals= 3600  best=0.4606
        [Pruned] Trial 11 at gen 135 (loss=0.4606)
    --> Trial 12 | pop=37 seed=93448 x0_norm_min=-0.402 x0_norm_max=0.428
        [Pruned] Trial 12 at gen 15 (loss=0.4739)
    --> Trial 13 | pop=38 seed=78159 x0_norm_min=-0.863 x0_norm_max=0.955
        [Pruned] Trial 13 at gen 15 (loss=0.4713)
    --> Trial 14 | pop=39 seed=79529 x0_norm_min=-0.897 x0_norm_max=-0.091
        [Pruned] Trial 14 at gen 15 (loss=0.5043)
    --> Trial 15 | pop=59 seed=81137 x0_norm_min=-0.690 x0_norm_max=0.990
        [Trial 15] gen   20  evals= 1180  best=0.4483
        [Trial 15] gen   40  evals= 2360  best=0.4483
        [Trial 15] gen   60  evals= 3540  best=0.4483
        [Trial 15] gen   80  evals= 4720  best=0.4483
        [Trial 15] gen  100  evals= 5900  best=0.4483
        [Trial 15] gen  120  evals= 7080  best=0.4483
        [Trial 15] gen  140  evals= 8260  best=0.4483
        [Trial 15] gen  160  evals= 9440  best=0.4483
        [Trial 15] gen  180  evals=10620  best=0.4483
        [Trial 15] gen  200  evals=11800  best=0.4483
        [Trial 15] gen  220  evals=12980  best=0.4483
        [Trial 15] gen  240  evals=14160  best=0.4483
        [TRIAL TIMEOUT] Trial 15 total >600s, stopping
        [Done] Trial 15 best=0.4483
    --> Trial 16 | pop=42 seed=62953 x0_norm_min=-0.776 x0_norm_max=0.982
        [Trial 16] gen   20  evals=  840  best=0.4663
        [Trial 16] gen   40  evals= 1680  best=0.4663
        [Pruned] Trial 16 at gen 45 (loss=0.4663)
    --> Trial 17 | pop=34 seed=88982 x0_norm_min=-0.863 x0_norm_max=0.835
        [Trial 17] gen   20  evals=  680  best=0.4510
        [Trial 17] gen   40  evals= 1360  best=0.4510
        [Trial 17] gen   60  evals= 2040  best=0.4510
        [Trial 17] gen   80  evals= 2720  best=0.4510
        [Trial 17] gen  100  evals= 3400  best=0.4510
        [Trial 17] gen  120  evals= 4080  best=0.4510
        [Pruned] Trial 17 at gen 135 (loss=0.4485)
    --> Trial 18 | pop=56 seed=65359 x0_norm_min=-0.933 x0_norm_max=0.907
        [Pruned] Trial 18 at gen 15 (loss=0.5100)
    --> Trial 19 | pop=42 seed=72403 x0_norm_min=-0.948 x0_norm_max=0.822
        [Trial 19] gen   20  evals=  840  best=0.4702
        [Trial 19] gen   40  evals= 1680  best=0.4637
        [Pruned] Trial 19 at gen 45 (loss=0.4637)

  Winner: Trial 10, loss=0.441154 (2341s)
    Restarts run: 20
    mu: 2.730676
    D_mu: 3.574648
    T0_mu: 14.851022
    Ly: 3.012515
    op_x: 0.741643
    op_y: 0.769386
    NMSE: 0.031961
  [Saved] random_IR_0007

============================================================
[8/50] random_IR_0008.npz
  GT loss: 0.038938
  terrain_mean=1.104398  early_threshold=0.049059  (alpha=0.0095)
  tolfun=0.00554 tolfunhist=0.00554  (frac=0.0052 of range=1.07)
    --> Trial 0 | pop=50 seed=1467 x0_norm_min=-0.944 x0_norm_max=0.730
        [Trial 0] gen   20  evals= 1000  best=0.4417
        [Trial 0] gen   40  evals= 2000  best=0.4382
        [Trial 0] gen   60  evals= 3000  best=0.4353
        [Trial 0] gen   80  evals= 4000  best=0.4132
        [Trial 0] gen  100  evals= 5000  best=0.4132
        [Trial 0] gen  120  evals= 6000  best=0.4132
        [Trial 0] gen  140  evals= 7000  best=0.4132
        [Trial 0] gen  160  evals= 8000  best=0.4132
        [Trial 0] gen  180  evals= 9000  best=0.3984
        [Trial 0] gen  200  evals=10000  best=0.3984
        [Trial 0] gen  220  evals=11000  best=0.3984
        [Trial 0] gen  240  evals=12000  best=0.3984
        [Trial 0] gen  260  evals=13000  best=0.3982
        [Done] Trial 0 best=0.3982
    --> Trial 1 | pop=48 seed=69466 x0_norm_min=-0.937 x0_norm_max=0.907
        [Trial 1] gen   20  evals=  960  best=0.4221
        [Trial 1] gen   40  evals= 1920  best=0.4078
        [Trial 1] gen   60  evals= 2880  best=0.4078
        [Trial 1] gen   80  evals= 3840  best=0.3991
        [Trial 1] gen  100  evals= 4800  best=0.3991
        [Trial 1] gen  120  evals= 5760  best=0.3991
        [Trial 1] gen  140  evals= 6720  best=0.3958
        [Trial 1] gen  160  evals= 7680  best=0.3958
        [Trial 1] gen  180  evals= 8640  best=0.3958
        [Trial 1] gen  200  evals= 9600  best=0.3958
        [Trial 1] gen  220  evals=10560  best=0.3958
        [Trial 1] gen  240  evals=11520  best=0.3958
        [Trial 1] gen  260  evals=12480  best=0.3958
        [Trial 1] gen  280  evals=13440  best=0.3958
        [Trial 1] gen  300  evals=14400  best=0.3958
        [Trial 1] gen  320  evals=15360  best=0.3915
        [Trial 1] gen  340  evals=16320  best=0.3847
        [Done] Trial 1 best=0.3834
    --> Trial 2 | pop=52 seed=60290 x0_norm_min=-0.344 x0_norm_max=0.824
        [Pruned] Trial 2 at gen 15 (loss=0.4356)
    --> Trial 3 | pop=42 seed=13044 x0_norm_min=-0.797 x0_norm_max=0.622
        [Pruned] Trial 3 at gen 15 (loss=0.4395)
    --> Trial 4 | pop=60 seed=55250 x0_norm_min=-0.947 x0_norm_max=0.785
        [Pruned] Trial 4 at gen 15 (loss=0.4256)
    --> Trial 5 | pop=31 seed=13161 x0_norm_min=-0.748 x0_norm_max=0.981
        [Pruned] Trial 5 at gen 15 (loss=0.4439)
    --> Trial 6 | pop=51 seed=5744 x0_norm_min=-0.929 x0_norm_max=0.732
        [Pruned] Trial 6 at gen 15 (loss=0.4257)
    --> Trial 7 | pop=46 seed=31225 x0_norm_min=-0.779 x0_norm_max=0.922
        [Pruned] Trial 7 at gen 15 (loss=0.4493)
    --> Trial 8 | pop=60 seed=70553 x0_norm_min=-0.814 x0_norm_max=0.843
        [Trial 8] gen   20  evals= 1200  best=0.4243
        [Trial 8] gen   40  evals= 2400  best=0.4078
        [Pruned] Trial 8 at gen 45 (loss=0.4078)
    --> Trial 9 | pop=56 seed=97756 x0_norm_min=-0.955 x0_norm_max=0.770
        [Trial 9] gen   20  evals= 1120  best=0.4153
        [Trial 9] gen   40  evals= 2240  best=0.4048
        [Trial 9] gen   60  evals= 3360  best=0.4048
        [Trial 9] gen   80  evals= 4480  best=0.4048
        [Trial 9] gen  100  evals= 5600  best=0.4048
        [Trial 9] gen  120  evals= 6720  best=0.3993
        [Pruned] Trial 9 at gen 135 (loss=0.3993)
    --> Trial 10 | pop=36 seed=88078 x0_norm_min=-0.841 x0_norm_max=0.672
        [Trial 10] gen   20  evals=  720  best=0.4092
        [Trial 10] gen   40  evals= 1440  best=0.4092
        [Pruned] Trial 10 at gen 45 (loss=0.4092)
    --> Trial 11 | pop=44 seed=35156 x0_norm_min=-0.781 x0_norm_max=0.859
        [Pruned] Trial 11 at gen 15 (loss=0.4271)
    --> Trial 12 | pop=49 seed=34928 x0_norm_min=-0.402 x0_norm_max=0.428
        [Trial 12] gen   20  evals=  980  best=0.4109
        [Trial 12] gen   40  evals= 1960  best=0.4109
        [Pruned] Trial 12 at gen 45 (loss=0.4109)
    --> Trial 13 | pop=40 seed=77392 x0_norm_min=-0.863 x0_norm_max=0.955
        [Trial 13] gen   20  evals=  800  best=0.4156
        [Trial 13] gen   40  evals= 1600  best=0.4156
        [Pruned] Trial 13 at gen 45 (loss=0.4156)
    --> Trial 14 | pop=54 seed=47889 x0_norm_min=-0.897 x0_norm_max=-0.091
        [Pruned] Trial 14 at gen 15 (loss=0.4343)
    --> Trial 15 | pop=48 seed=24952 x0_norm_min=-0.690 x0_norm_max=0.990
        [Pruned] Trial 15 at gen 15 (loss=0.4262)
    --> Trial 16 | pop=56 seed=48344 x0_norm_min=-0.776 x0_norm_max=0.982
        [Pruned] Trial 16 at gen 15 (loss=0.4667)
    --> Trial 17 | pop=41 seed=967 x0_norm_min=-0.863 x0_norm_max=0.835
        [Pruned] Trial 17 at gen 15 (loss=0.4360)
    --> Trial 18 | pop=38 seed=73301 x0_norm_min=-0.933 x0_norm_max=0.907
        [Trial 18] gen   20  evals=  760  best=0.4210
        [Trial 18] gen   40  evals= 1520  best=0.4144
        [Pruned] Trial 18 at gen 45 (loss=0.4144)
    --> Trial 19 | pop=46 seed=98584 x0_norm_min=-0.948 x0_norm_max=0.822
        [Pruned] Trial 19 at gen 15 (loss=0.4264)

  Winner: Trial 1, loss=0.383376 (775s)
    Restarts run: 20
    mu: 50.967327
    D_mu: 4.775375
    T0_mu: 11.003757
    Ly: 1.198101
    op_x: 0.586330
    op_y: 0.595337
    NMSE: 0.023661
  [Saved] random_IR_0008

============================================================
[9/50] random_IR_0009.npz
  GT loss: 0.063536
  terrain_mean=1.578815  early_threshold=0.077931  (alpha=0.0095)
  tolfun=0.00788 tolfunhist=0.00788  (frac=0.0052 of range=1.52)
    --> Trial 0 | pop=49 seed=90669 x0_norm_min=-0.944 x0_norm_max=0.730
        [Trial 0] gen   20  evals=  980  best=0.4752
        [Trial 0] gen   40  evals= 1960  best=0.4702
        [Trial 0] gen   60  evals= 2940  best=0.4702
        [Trial 0] gen   80  evals= 3920  best=0.4702
        [Trial 0] gen  100  evals= 4900  best=0.4702
        [Trial 0] gen  120  evals= 5880  best=0.4517
        [Trial 0] gen  140  evals= 6860  best=0.4517
        [Trial 0] gen  160  evals= 7840  best=0.4504
        [Trial 0] gen  180  evals= 8820  best=0.4504
        [Trial 0] gen  200  evals= 9800  best=0.4418
        [Trial 0] gen  220  evals=10780  best=0.4418
        [Trial 0] gen  240  evals=11760  best=0.4418
        [Trial 0] gen  260  evals=12740  best=0.4418
        [Trial 0] gen  280  evals=13720  best=0.4418
        [Trial 0] gen  300  evals=14700  best=0.4418
        [Trial 0] gen  320  evals=15680  best=0.4418
        [Trial 0] gen  340  evals=16660  best=0.4418
        [TRIAL TIMEOUT] Trial 0 total >600s, stopping
        [Done] Trial 0 best=0.4418
    --> Trial 1 | pop=45 seed=32793 x0_norm_min=-0.937 x0_norm_max=0.907
        [Pruned] Trial 1 at gen 15 (loss=0.5198)
    --> Trial 2 | pop=54 seed=59255 x0_norm_min=-0.344 x0_norm_max=0.824
        [Pruned] Trial 2 at gen 15 (loss=0.5513)
    --> Trial 3 | pop=55 seed=26290 x0_norm_min=-0.797 x0_norm_max=0.622
        [Pruned] Trial 3 at gen 15 (loss=0.5228)
    --> Trial 4 | pop=48 seed=39802 x0_norm_min=-0.947 x0_norm_max=0.785
        [Pruned] Trial 4 at gen 15 (loss=0.5442)
    --> Trial 5 | pop=43 seed=72470 x0_norm_min=-0.748 x0_norm_max=0.981
        [Trial 5] gen   20  evals=  860  best=0.4848
        [Trial 5] gen   40  evals= 1720  best=0.4844
        [Pruned] Trial 5 at gen 45 (loss=0.4844)
    --> Trial 6 | pop=50 seed=29623 x0_norm_min=-0.929 x0_norm_max=0.732
        [Trial 6] gen   20  evals= 1000  best=0.4778
        [Trial 6] gen   40  evals= 2000  best=0.4350
        [Trial 6] gen   60  evals= 3000  best=0.4350
        [Trial 6] gen   80  evals= 4000  best=0.4350
        [Trial 6] gen  100  evals= 5000  best=0.4350
        [Trial 6] gen  120  evals= 6000  best=0.4350
        [Trial 6] gen  140  evals= 7000  best=0.4350
        [Trial 6] gen  160  evals= 8000  best=0.4350
        [Trial 6] gen  180  evals= 9000  best=0.4350
        [Trial 6] gen  200  evals=10000  best=0.4350
        [Trial 6] gen  220  evals=11000  best=0.4350
        [Trial 6] gen  240  evals=12000  best=0.4350
        [Trial 6] gen  260  evals=13000  best=0.4350
        [Trial 6] gen  280  evals=14000  best=0.4350
        [TRIAL TIMEOUT] Trial 6 total >600s, stopping
        [Done] Trial 6 best=0.4350
    --> Trial 7 | pop=51 seed=43013 x0_norm_min=-0.779 x0_norm_max=0.922
        [Pruned] Trial 7 at gen 15 (loss=0.5759)
    --> Trial 8 | pop=30 seed=35440 x0_norm_min=-0.814 x0_norm_max=0.843
        [Trial 8] gen   20  evals=  600  best=0.4824
        [Trial 8] gen   40  evals= 1200  best=0.4705
        [Pruned] Trial 8 at gen 45 (loss=0.4705)
    --> Trial 9 | pop=57 seed=4895 x0_norm_min=-0.955 x0_norm_max=0.770
        [Pruned] Trial 9 at gen 15 (loss=0.4915)
    --> Trial 10 | pop=37 seed=4942 x0_norm_min=-0.841 x0_norm_max=0.672
        [Pruned] Trial 10 at gen 15 (loss=0.5430)
    --> Trial 11 | pop=44 seed=93566 x0_norm_min=-0.781 x0_norm_max=0.859
        [Pruned] Trial 11 at gen 15 (loss=0.5465)
    --> Trial 12 | pop=59 seed=99419 x0_norm_min=-0.402 x0_norm_max=0.428
        [Pruned] Trial 12 at gen 15 (loss=0.5977)
    --> Trial 13 | pop=49 seed=77973 x0_norm_min=-0.863 x0_norm_max=0.955
        [Pruned] Trial 13 at gen 15 (loss=0.5173)
    --> Trial 14 | pop=39 seed=53213 x0_norm_min=-0.897 x0_norm_max=-0.091
        [Pruned] Trial 14 at gen 15 (loss=0.5263)
    --> Trial 15 | pop=52 seed=22252 x0_norm_min=-0.690 x0_norm_max=0.990
        [Pruned] Trial 15 at gen 15 (loss=0.5705)
    --> Trial 16 | pop=39 seed=82608 x0_norm_min=-0.776 x0_norm_max=0.982
        [Pruned] Trial 16 at gen 15 (loss=0.5681)
    --> Trial 17 | pop=60 seed=62087 x0_norm_min=-0.863 x0_norm_max=0.835
        [Trial 17] gen   20  evals= 1200  best=0.5110
        [Trial 17] gen   40  evals= 2400  best=0.4631
        [Pruned] Trial 17 at gen 45 (loss=0.4631)
    --> Trial 18 | pop=48 seed=11953 x0_norm_min=-0.933 x0_norm_max=0.907
        [Pruned] Trial 18 at gen 15 (loss=0.5850)
    --> Trial 19 | pop=46 seed=88652 x0_norm_min=-0.948 x0_norm_max=0.822
        [Trial 19] gen   20  evals=  920  best=0.4685
        [Trial 19] gen   40  evals= 1840  best=0.4685
        [Trial 19] gen   60  evals= 2760  best=0.4539
        [Trial 19] gen   80  evals= 3680  best=0.4441
        [Trial 19] gen  100  evals= 4600  best=0.4441
        [Trial 19] gen  120  evals= 5520  best=0.4441
        [Pruned] Trial 19 at gen 135 (loss=0.4441)

  Winner: Trial 6, loss=0.434956 (1772s)
    Restarts run: 20
    mu: 19.425322
    D_mu: 0.606561
    T0_mu: 11.434380
    Ly: 3.547989
    op_x: 0.761438
    op_y: 0.744204
    NMSE: 0.039378
  [Saved] random_IR_0009

============================================================
[10/50] random_IR_0010.npz
  GT loss: 0.051027
  terrain_mean=1.006639  early_threshold=0.060106  (alpha=0.0095)
  tolfun=0.00497 tolfunhist=0.00497  (frac=0.0052 of range=0.956)
    --> Trial 0 | pop=51 seed=92001 x0_norm_min=-0.944 x0_norm_max=0.730
        [Trial 0] gen   20  evals= 1020  best=0.4209
        [Trial 0] gen   40  evals= 2040  best=0.4209
        [Trial 0] gen   60  evals= 3060  best=0.4209
        [Trial 0] gen   80  evals= 4080  best=0.4209
        [Trial 0] gen  100  evals= 5100  best=0.4209
        [Trial 0] gen  120  evals= 6120  best=0.4132
        [Trial 0] gen  140  evals= 7140  best=0.4132
        [Trial 0] gen  160  evals= 8160  best=0.4132
        [Trial 0] gen  180  evals= 9180  best=0.4132
        [Trial 0] gen  200  evals=10200  best=0.4132
        [Trial 0] gen  220  evals=11220  best=0.4132
        [Trial 0] gen  240  evals=12240  best=0.4132
        [Trial 0] gen  260  evals=13260  best=0.4132
        [Trial 0] gen  280  evals=14280  best=0.4132
        [Trial 0] gen  300  evals=15300  best=0.4132
        [Trial 0] gen  320  evals=16320  best=0.4132
        [Trial 0] gen  340  evals=17340  best=0.4132
        [Trial 0] gen  360  evals=18360  best=0.4132
        [Trial 0] gen  380  evals=19380  best=0.4132
        [Trial 0] gen  400  evals=20400  best=0.4132
        [Trial 0] gen  420  evals=21420  best=0.4132
        [Trial 0] gen  440  evals=22440  best=0.4101
        [Done] Trial 0 best=0.4097
    --> Trial 1 | pop=30 seed=24999 x0_norm_min=-0.937 x0_norm_max=0.907
        [Pruned] Trial 1 at gen 15 (loss=0.4421)
    --> Trial 2 | pop=55 seed=74469 x0_norm_min=-0.344 x0_norm_max=0.824
        [Pruned] Trial 2 at gen 15 (loss=0.4519)
    --> Trial 3 | pop=30 seed=1965 x0_norm_min=-0.797 x0_norm_max=0.622
        [Pruned] Trial 3 at gen 15 (loss=0.4452)
    --> Trial 4 | pop=43 seed=53402 x0_norm_min=-0.947 x0_norm_max=0.785
        [Pruned] Trial 4 at gen 15 (loss=0.4440)
    --> Trial 5 | pop=38 seed=24648 x0_norm_min=-0.748 x0_norm_max=0.981
        [Trial 5] gen   20  evals=  760  best=0.4392
        [Trial 5] gen   40  evals= 1520  best=0.4368
        [Pruned] Trial 5 at gen 45 (loss=0.4368)
    --> Trial 6 | pop=36 seed=89800 x0_norm_min=-0.929 x0_norm_max=0.732
        [Trial 6] gen   20  evals=  720  best=0.4324
        [Trial 6] gen   40  evals= 1440  best=0.4217
        [Pruned] Trial 6 at gen 45 (loss=0.4217)
    --> Trial 7 | pop=39 seed=54768 x0_norm_min=-0.779 x0_norm_max=0.922
        [Pruned] Trial 7 at gen 15 (loss=0.4400)
    --> Trial 8 | pop=52 seed=90029 x0_norm_min=-0.814 x0_norm_max=0.843
        [Trial 8] gen   20  evals= 1040  best=0.4226
        [Trial 8] gen   40  evals= 2080  best=0.4226
        [Pruned] Trial 8 at gen 45 (loss=0.4226)
    --> Trial 9 | pop=46 seed=9453 x0_norm_min=-0.955 x0_norm_max=0.770
        [Trial 9] gen   20  evals=  920  best=0.4163
        [Trial 9] gen   40  evals= 1840  best=0.4128
        [Trial 9] gen   60  evals= 2760  best=0.4128
        [Trial 9] gen   80  evals= 3680  best=0.4128
        [Trial 9] gen  100  evals= 4600  best=0.4128
        [Trial 9] gen  120  evals= 5520  best=0.4128
        [Trial 9] gen  140  evals= 6440  best=0.4083
        [Trial 9] gen  160  evals= 7360  best=0.4083
        [Trial 9] gen  180  evals= 8280  best=0.4083
        [Trial 9] gen  200  evals= 9200  best=0.4083
        [Trial 9] gen  220  evals=10120  best=0.4083
        [Trial 9] gen  240  evals=11040  best=0.4083
        [Trial 9] gen  260  evals=11960  best=0.4083
        [Trial 9] gen  280  evals=12880  best=0.4083
        [Trial 9] gen  300  evals=13800  best=0.4083
        [Trial 9] gen  320  evals=14720  best=0.4083
        [Trial 9] gen  340  evals=15640  best=0.4083
        [Done] Trial 9 best=0.4083
    --> Trial 10 | pop=60 seed=1637 x0_norm_min=-0.841 x0_norm_max=0.672
        [Trial 10] gen   20  evals= 1200  best=0.4296
        [Trial 10] gen   40  evals= 2400  best=0.4296
        [Pruned] Trial 10 at gen 45 (loss=0.4296)
    --> Trial 11 | pop=48 seed=54907 x0_norm_min=-0.781 x0_norm_max=0.859
        [Pruned] Trial 11 at gen 15 (loss=0.4502)
    --> Trial 12 | pop=46 seed=31566 x0_norm_min=-0.402 x0_norm_max=0.428
        [Pruned] Trial 12 at gen 15 (loss=0.4592)
    --> Trial 13 | pop=51 seed=98869 x0_norm_min=-0.863 x0_norm_max=0.955
        [Pruned] Trial 13 at gen 15 (loss=0.4356)
    --> Trial 14 | pop=56 seed=69783 x0_norm_min=-0.897 x0_norm_max=-0.091
        [Trial 14] gen   20  evals= 1120  best=0.4340
        [Trial 14] gen   40  evals= 2240  best=0.4284
        [Pruned] Trial 14 at gen 45 (loss=0.4284)
    --> Trial 15 | pop=44 seed=38867 x0_norm_min=-0.690 x0_norm_max=0.990
        [Trial 15] gen   20  evals=  880  best=0.4148
        [Trial 15] gen   40  evals= 1760  best=0.4148
        [Trial 15] gen   60  evals= 2640  best=0.4148
        [Trial 15] gen   80  evals= 3520  best=0.4148
        [Trial 15] gen  100  evals= 4400  best=0.4134
        [Trial 15] gen  120  evals= 5280  best=0.4134
        [Pruned] Trial 15 at gen 135 (loss=0.4134)
    --> Trial 16 | pop=49 seed=14126 x0_norm_min=-0.776 x0_norm_max=0.982
        [Pruned] Trial 16 at gen 15 (loss=0.4356)
    --> Trial 17 | pop=41 seed=74288 x0_norm_min=-0.863 x0_norm_max=0.835
        [Pruned] Trial 17 at gen 15 (loss=0.4485)
    --> Trial 18 | pop=54 seed=42546 x0_norm_min=-0.933 x0_norm_max=0.907
        [Trial 18] gen   20  evals= 1080  best=0.4292
        [Trial 18] gen   40  evals= 2160  best=0.4291
        [Pruned] Trial 18 at gen 45 (loss=0.4271)
    --> Trial 19 | pop=59 seed=64129 x0_norm_min=-0.948 x0_norm_max=0.822
        [Pruned] Trial 19 at gen 15 (loss=0.4470)

  Winner: Trial 9, loss=0.408283 (809s)
    Restarts run: 20
    mu: 3.617374
    D_mu: 15.713934
    T0_mu: 171.484688
    Ly: 3.713489
    op_x: 0.652106
    op_y: 0.612845
    NMSE: 0.187663
  [Saved] random_IR_0010

============================================================
[11/50] random_IR_0011.npz
  GT loss: 0.075880
  terrain_mean=1.085047  early_threshold=0.085467  (alpha=0.0095)
  tolfun=0.00525 tolfunhist=0.00525  (frac=0.0052 of range=1.01)
    --> Trial 0 | pop=48 seed=73567 x0_norm_min=-0.944 x0_norm_max=0.730
        [Trial 0] gen   20  evals=  960  best=0.4774
        [Trial 0] gen   40  evals= 1920  best=0.4567
        [Trial 0] gen   60  evals= 2880  best=0.4567
        [Trial 0] gen   80  evals= 3840  best=0.4402
        [Trial 0] gen  100  evals= 4800  best=0.4402
        [Trial 0] gen  120  evals= 5760  best=0.4402
        [Trial 0] gen  140  evals= 6720  best=0.4402
        [Trial 0] gen  160  evals= 7680  best=0.4402
        [Trial 0] gen  180  evals= 8640  best=0.4402
        [Trial 0] gen  200  evals= 9600  best=0.4402
        [Trial 0] gen  220  evals=10560  best=0.4402
        [Trial 0] gen  240  evals=11520  best=0.4402
        [Trial 0] gen  260  evals=12480  best=0.4360
        [Trial 0] gen  280  evals=13440  best=0.4360
        [Trial 0] gen  300  evals=14400  best=0.4360
        [Trial 0] gen  320  evals=15360  best=0.4360
        [Trial 0] gen  340  evals=16320  best=0.4360
        [Trial 0] gen  360  evals=17280  best=0.4360
        [Trial 0] gen  380  evals=18240  best=0.4360
        [Trial 0] gen  400  evals=19200  best=0.4340
        [Trial 0] gen  420  evals=20160  best=0.4303
        [Done] Trial 0 best=0.4300
    --> Trial 1 | pop=47 seed=17960 x0_norm_min=-0.937 x0_norm_max=0.907
        [Trial 1] gen   20  evals=  940  best=0.4624
        [Trial 1] gen   40  evals= 1880  best=0.4624
        [Pruned] Trial 1 at gen 45 (loss=0.4624)
    --> Trial 2 | pop=58 seed=97504 x0_norm_min=-0.344 x0_norm_max=0.824
        [Pruned] Trial 2 at gen 15 (loss=0.4773)
    --> Trial 3 | pop=41 seed=16058 x0_norm_min=-0.797 x0_norm_max=0.622
        [Trial 3] gen   20  evals=  820  best=0.4464
        [Trial 3] gen   40  evals= 1640  best=0.4464
        [Trial 3] gen   60  evals= 2460  best=0.4464
        [Trial 3] gen   80  evals= 3280  best=0.4464
        [Trial 3] gen  100  evals= 4100  best=0.4464
        [Trial 3] gen  120  evals= 4920  best=0.4464
        [Pruned] Trial 3 at gen 135 (loss=0.4464)
    --> Trial 4 | pop=50 seed=76663 x0_norm_min=-0.947 x0_norm_max=0.785
        [Pruned] Trial 4 at gen 15 (loss=0.4692)
    --> Trial 5 | pop=41 seed=63614 x0_norm_min=-0.748 x0_norm_max=0.981
        [Trial 5] gen   20  evals=  820  best=0.4600
        [Trial 5] gen   40  evals= 1640  best=0.4600
        [Pruned] Trial 5 at gen 45 (loss=0.4600)
    --> Trial 6 | pop=45 seed=95622 x0_norm_min=-0.929 x0_norm_max=0.732
        [Pruned] Trial 6 at gen 15 (loss=0.4849)
    --> Trial 7 | pop=57 seed=44263 x0_norm_min=-0.779 x0_norm_max=0.922
        [Pruned] Trial 7 at gen 15 (loss=0.4678)
    --> Trial 8 | pop=41 seed=76771 x0_norm_min=-0.814 x0_norm_max=0.843
        [Trial 8] gen   20  evals=  820  best=0.4456
        [Trial 8] gen   40  evals= 1640  best=0.4294
        [Trial 8] gen   60  evals= 2460  best=0.4294
        [Trial 8] gen   80  evals= 3280  best=0.4294
        [Trial 8] gen  100  evals= 4100  best=0.4294
        [Trial 8] gen  120  evals= 4920  best=0.4294
        [Trial 8] gen  140  evals= 5740  best=0.4294
        [Trial 8] gen  160  evals= 6560  best=0.4294
        [Trial 8] gen  180  evals= 7380  best=0.4294
        [Trial 8] gen  200  evals= 8200  best=0.4294
        [Trial 8] gen  220  evals= 9020  best=0.4294
        [Trial 8] gen  240  evals= 9840  best=0.4294
        [Trial 8] gen  260  evals=10660  best=0.4294
        [Trial 8] gen  280  evals=11480  best=0.4294
        [Trial 8] gen  300  evals=12300  best=0.4294
        [Trial 8] gen  320  evals=13120  best=0.4294
        [Trial 8] gen  340  evals=13940  best=0.4294
        [Trial 8] gen  360  evals=14760  best=0.4294
        [Trial 8] gen  380  evals=15580  best=0.4294
        [Trial 8] gen  400  evals=16400  best=0.4294
        [TRIAL TIMEOUT] Trial 8 total >600s, stopping
        [Done] Trial 8 best=0.4294
    --> Trial 9 | pop=32 seed=6433 x0_norm_min=-0.955 x0_norm_max=0.770
        [Pruned] Trial 9 at gen 15 (loss=0.4614)
    --> Trial 10 | pop=30 seed=38730 x0_norm_min=-0.841 x0_norm_max=0.672
        [Pruned] Trial 10 at gen 15 (loss=0.4733)
    --> Trial 11 | pop=38 seed=73127 x0_norm_min=-0.781 x0_norm_max=0.859
        [Pruned] Trial 11 at gen 15 (loss=0.4752)
    --> Trial 12 | pop=51 seed=57607 x0_norm_min=-0.402 x0_norm_max=0.428
        [Trial 12] gen   20  evals= 1020  best=0.4347
        [Trial 12] gen   40  evals= 2040  best=0.4347
        [Trial 12] gen   60  evals= 3060  best=0.4347
        [Trial 12] gen   80  evals= 4080  best=0.4347
        [Trial 12] gen  100  evals= 5100  best=0.4347
        [Trial 12] gen  120  evals= 6120  best=0.4347
        [Pruned] Trial 12 at gen 135 (loss=0.4347)
    --> Trial 13 | pop=52 seed=84414 x0_norm_min=-0.863 x0_norm_max=0.955
        [Pruned] Trial 13 at gen 15 (loss=0.4681)
    --> Trial 14 | pop=37 seed=55070 x0_norm_min=-0.897 x0_norm_max=-0.091
        [Pruned] Trial 14 at gen 15 (loss=0.4735)
    --> Trial 15 | pop=45 seed=82304 x0_norm_min=-0.690 x0_norm_max=0.990
        [Trial 15] gen   20  evals=  900  best=0.4535
        [Trial 15] gen   40  evals= 1800  best=0.4535
        [Pruned] Trial 15 at gen 45 (loss=0.4535)
    --> Trial 16 | pop=54 seed=67295 x0_norm_min=-0.776 x0_norm_max=0.982
        [Pruned] Trial 16 at gen 15 (loss=0.4746)
    --> Trial 17 | pop=35 seed=44913 x0_norm_min=-0.863 x0_norm_max=0.835
        [Pruned] Trial 17 at gen 15 (loss=0.4734)
    --> Trial 18 | pop=42 seed=86293 x0_norm_min=-0.933 x0_norm_max=0.907
        [Pruned] Trial 18 at gen 15 (loss=0.4984)
    --> Trial 19 | pop=48 seed=29128 x0_norm_min=-0.948 x0_norm_max=0.822
        [Pruned] Trial 19 at gen 15 (loss=0.4898)

  Winner: Trial 8, loss=0.429404 (1421s)
    Restarts run: 20
    mu: 27.666508
    D_mu: 1.090166
    T0_mu: 35.215583
    Ly: 3.364317
    op_x: 0.554022
    op_y: 0.611286
    NMSE: 0.010415
  [Saved] random_IR_0011

============================================================
[12/50] random_IR_0012.npz
  GT loss: 0.053870
  terrain_mean=1.151698  early_threshold=0.064299  (alpha=0.0095)
  tolfun=0.00571 tolfunhist=0.00571  (frac=0.0052 of range=1.1)
    --> Trial 0 | pop=59 seed=74964 x0_norm_min=-0.944 x0_norm_max=0.730
        [Trial 0] gen   20  evals= 1180  best=0.4640
        [Trial 0] gen   40  evals= 2360  best=0.4640
        [Trial 0] gen   60  evals= 3540  best=0.4640
        [Trial 0] gen   80  evals= 4720  best=0.4640
        [Trial 0] gen  100  evals= 5900  best=0.4640
        [Trial 0] gen  120  evals= 7080  best=0.4640
        [Trial 0] gen  140  evals= 8260  best=0.4606
        [Trial 0] gen  160  evals= 9440  best=0.4493
        [Trial 0] gen  180  evals=10620  best=0.4493
        [Trial 0] gen  200  evals=11800  best=0.4493
        [Trial 0] gen  220  evals=12980  best=0.4493
        [Trial 0] gen  240  evals=14160  best=0.4493
        [Trial 0] gen  260  evals=15340  best=0.4493
        [TRIAL TIMEOUT] Trial 0 total >600s, stopping
        [Done] Trial 0 best=0.4493
    --> Trial 1 | pop=52 seed=57076 x0_norm_min=-0.937 x0_norm_max=0.907
        [Trial 1] gen   20  evals= 1040  best=0.4521
        [Trial 1] gen   40  evals= 2080  best=0.4519
        [Trial 1] gen   60  evals= 3120  best=0.4519
        [Trial 1] gen   80  evals= 4160  best=0.4519
        [Trial 1] gen  100  evals= 5200  best=0.4519
        [Trial 1] gen  120  evals= 6240  best=0.4440
        [Trial 1] gen  140  evals= 7280  best=0.4440
        [Trial 1] gen  160  evals= 8320  best=0.4440
        [Trial 1] gen  180  evals= 9360  best=0.4440
        [Trial 1] gen  200  evals=10400  best=0.4440
        [Trial 1] gen  220  evals=11440  best=0.4440
        [Trial 1] gen  240  evals=12480  best=0.4440
        [Trial 1] gen  260  evals=13520  best=0.4440
        [Trial 1] gen  280  evals=14560  best=0.4440
        [Done] Trial 1 best=0.4440
    --> Trial 2 | pop=30 seed=74619 x0_norm_min=-0.344 x0_norm_max=0.824
        [Pruned] Trial 2 at gen 15 (loss=0.4754)
    --> Trial 3 | pop=42 seed=25498 x0_norm_min=-0.797 x0_norm_max=0.622
        [Pruned] Trial 3 at gen 15 (loss=0.5020)
    --> Trial 4 | pop=51 seed=79138 x0_norm_min=-0.947 x0_norm_max=0.785
        [Pruned] Trial 4 at gen 15 (loss=0.4794)
    --> Trial 5 | pop=34 seed=68223 x0_norm_min=-0.748 x0_norm_max=0.981
        [Pruned] Trial 5 at gen 15 (loss=0.4646)
    --> Trial 6 | pop=51 seed=61935 x0_norm_min=-0.929 x0_norm_max=0.732
        [Pruned] Trial 6 at gen 15 (loss=0.4837)
    --> Trial 7 | pop=39 seed=34268 x0_norm_min=-0.779 x0_norm_max=0.922
        [Trial 7] gen   20  evals=  780  best=0.4581
        [Trial 7] gen   40  evals= 1560  best=0.4581
        [Pruned] Trial 7 at gen 45 (loss=0.4581)
    --> Trial 8 | pop=54 seed=9785 x0_norm_min=-0.814 x0_norm_max=0.843
        [Trial 8] gen   20  evals= 1080  best=0.4598
        [Trial 8] gen   40  evals= 2160  best=0.4598
        [Pruned] Trial 8 at gen 45 (loss=0.4598)
    --> Trial 9 | pop=50 seed=24786 x0_norm_min=-0.955 x0_norm_max=0.770
        [Trial 9] gen   20  evals= 1000  best=0.4582
        [Trial 9] gen   40  evals= 2000  best=0.4582
        [Pruned] Trial 9 at gen 45 (loss=0.4582)
    --> Trial 10 | pop=43 seed=96324 x0_norm_min=-0.841 x0_norm_max=0.672
        [Pruned] Trial 10 at gen 15 (loss=0.4754)
    --> Trial 11 | pop=58 seed=53836 x0_norm_min=-0.781 x0_norm_max=0.859
        [Pruned] Trial 11 at gen 15 (loss=0.4864)
    --> Trial 12 | pop=60 seed=48154 x0_norm_min=-0.402 x0_norm_max=0.428
        [Trial 12] gen   20  evals= 1200  best=0.4520
        [Trial 12] gen   40  evals= 2400  best=0.4520
        [Trial 12] gen   60  evals= 3600  best=0.4438
        [Trial 12] gen   80  evals= 4800  best=0.4438
        [Trial 12] gen  100  evals= 6000  best=0.4438
        [Trial 12] gen  120  evals= 7200  best=0.4370
        [Trial 12] gen  140  evals= 8400  best=0.4370
        [Trial 12] gen  160  evals= 9600  best=0.4370
        [Trial 12] gen  180  evals=10800  best=0.4370
        [Trial 12] gen  200  evals=12000  best=0.4370
        [Trial 12] gen  220  evals=13200  best=0.4370
        [Trial 12] gen  240  evals=14400  best=0.4370
        [Trial 12] gen  260  evals=15600  best=0.4370
        [TRIAL TIMEOUT] Trial 12 total >600s, stopping
        [Done] Trial 12 best=0.4370
    --> Trial 13 | pop=60 seed=51598 x0_norm_min=-0.863 x0_norm_max=0.955
        [Pruned] Trial 13 at gen 15 (loss=0.4954)
    --> Trial 14 | pop=55 seed=39349 x0_norm_min=-0.897 x0_norm_max=-0.091
        [Pruned] Trial 14 at gen 15 (loss=0.4657)
    --> Trial 15 | pop=46 seed=46009 x0_norm_min=-0.690 x0_norm_max=0.990
        [Pruned] Trial 15 at gen 15 (loss=0.4650)
    --> Trial 16 | pop=55 seed=90331 x0_norm_min=-0.776 x0_norm_max=0.982
        [Pruned] Trial 16 at gen 15 (loss=0.4868)
    --> Trial 17 | pop=47 seed=3078 x0_norm_min=-0.863 x0_norm_max=0.835
        [Pruned] Trial 17 at gen 15 (loss=0.4761)
    --> Trial 18 | pop=56 seed=55728 x0_norm_min=-0.933 x0_norm_max=0.907
        [Trial 18] gen   20  evals= 1120  best=0.4526
        [Trial 18] gen   40  evals= 2240  best=0.4526
        [Pruned] Trial 18 at gen 45 (loss=0.4526)
    --> Trial 19 | pop=52 seed=25723 x0_norm_min=-0.948 x0_norm_max=0.822
        [Pruned] Trial 19 at gen 15 (loss=0.4792)

  Winner: Trial 12, loss=0.436992 (2157s)
    Restarts run: 20
    mu: 31.378551
    D_mu: 1.297547
    T0_mu: 25.021011
    Ly: 2.246224
    op_x: 0.577664
    op_y: 0.802835
    NMSE: 0.018096
  [Saved] random_IR_0012

============================================================
[13/50] random_IR_0013.npz
  GT loss: 0.050219
  terrain_mean=1.383744  early_threshold=0.062888  (alpha=0.0095)
  tolfun=0.00693 tolfunhist=0.00693  (frac=0.0052 of range=1.33)
    --> Trial 0 | pop=33 seed=7822 x0_norm_min=-0.944 x0_norm_max=0.730
        [Trial 0] gen   20  evals=  660  best=0.5155
        [Trial 0] gen   40  evals= 1320  best=0.4700
        [Trial 0] gen   60  evals= 1980  best=0.4700
        [Trial 0] gen   80  evals= 2640  best=0.4692
        [Trial 0] gen  100  evals= 3300  best=0.4692
        [Trial 0] gen  120  evals= 3960  best=0.4692
        [Trial 0] gen  140  evals= 4620  best=0.4692
        [Trial 0] gen  160  evals= 5280  best=0.4692
        [Trial 0] gen  180  evals= 5940  best=0.4633
        [Trial 0] gen  200  evals= 6600  best=0.4633
        [Trial 0] gen  220  evals= 7260  best=0.4633
        [Trial 0] gen  240  evals= 7920  best=0.4519
        [Trial 0] gen  260  evals= 8580  best=0.4414
        [Trial 0] gen  280  evals= 9240  best=0.4414
        [Trial 0] gen  300  evals= 9900  best=0.4414
        [Trial 0] gen  320  evals=10560  best=0.4414
        [Trial 0] gen  340  evals=11220  best=0.4414
        [Trial 0] gen  360  evals=11880  best=0.4414
        [Trial 0] gen  380  evals=12540  best=0.4414
        [Trial 0] gen  400  evals=13200  best=0.4414
        [Trial 0] gen  420  evals=13860  best=0.4414
        [Trial 0] gen  440  evals=14520  best=0.4414
        [Trial 0] gen  460  evals=15180  best=0.4414
        [Trial 0] gen  480  evals=15840  best=0.4414
        [Trial 0] gen  500  evals=16500  best=0.4414
        [Trial 0] gen  520  evals=17160  best=0.4414
        [Trial 0] gen  540  evals=17820  best=0.4414
        [Trial 0] gen  560  evals=18480  best=0.4414
        [Trial 0] gen  580  evals=19140  best=0.4414
        [Trial 0] gen  600  evals=19800  best=0.4414
        [Trial 0] gen  620  evals=20460  best=0.4414
        [Trial 0] gen  640  evals=21120  best=0.4414
        [Done] Trial 0 best=0.4414
    --> Trial 1 | pop=60 seed=39900 x0_norm_min=-0.937 x0_norm_max=0.907
        [Trial 1] gen   20  evals= 1200  best=0.4940
        [Trial 1] gen   40  evals= 2400  best=0.4822
        [Pruned] Trial 1 at gen 45 (loss=0.4822)
    --> Trial 2 | pop=51 seed=51716 x0_norm_min=-0.344 x0_norm_max=0.824
        [Pruned] Trial 2 at gen 15 (loss=0.5218)
    --> Trial 3 | pop=53 seed=92532 x0_norm_min=-0.797 x0_norm_max=0.622
        [Trial 3] gen   20  evals= 1060  best=0.4697
        [Trial 3] gen   40  evals= 2120  best=0.4697
        [Trial 3] gen   60  evals= 3180  best=0.4523
        [Trial 3] gen   80  evals= 4240  best=0.4523
        [Trial 3] gen  100  evals= 5300  best=0.4523
        [Trial 3] gen  120  evals= 6360  best=0.4523
        [Trial 3] gen  140  evals= 7420  best=0.4523
        [Trial 3] gen  160  evals= 8480  best=0.4523
        [Trial 3] gen  180  evals= 9540  best=0.4523
        [Trial 3] gen  200  evals=10600  best=0.4523
        [Trial 3] gen  220  evals=11660  best=0.4523
        [Trial 3] gen  240  evals=12720  best=0.4523
        [Trial 3] gen  260  evals=13780  best=0.4523
        [Trial 3] gen  280  evals=14840  best=0.4523
        [Trial 3] gen  300  evals=15900  best=0.4523
        [Done] Trial 3 best=0.4523
    --> Trial 4 | pop=53 seed=45409 x0_norm_min=-0.947 x0_norm_max=0.785
        [Pruned] Trial 4 at gen 15 (loss=0.5388)
    --> Trial 5 | pop=43 seed=85593 x0_norm_min=-0.748 x0_norm_max=0.981
        [Pruned] Trial 5 at gen 15 (loss=0.5218)
    --> Trial 6 | pop=33 seed=72302 x0_norm_min=-0.929 x0_norm_max=0.732
        [Pruned] Trial 6 at gen 15 (loss=0.5958)
    --> Trial 7 | pop=57 seed=97254 x0_norm_min=-0.779 x0_norm_max=0.922
        [Trial 7] gen   20  evals= 1140  best=0.4863
        [Trial 7] gen   40  evals= 2280  best=0.4863
        [Pruned] Trial 7 at gen 45 (loss=0.4863)
    --> Trial 8 | pop=45 seed=78908 x0_norm_min=-0.814 x0_norm_max=0.843
        [Trial 8] gen   20  evals=  900  best=0.4653
        [Trial 8] gen   40  evals= 1800  best=0.4653
        [Trial 8] gen   60  evals= 2700  best=0.4653
        [Trial 8] gen   80  evals= 3600  best=0.4653
        [Trial 8] gen  100  evals= 4500  best=0.4653
        [Trial 8] gen  120  evals= 5400  best=0.4456
        [Trial 8] gen  140  evals= 6300  best=0.4456
        [Trial 8] gen  160  evals= 7200  best=0.4456
        [Trial 8] gen  180  evals= 8100  best=0.4364
        [Done] Trial 8 best=0.4362
    --> Trial 9 | pop=59 seed=73470 x0_norm_min=-0.955 x0_norm_max=0.770
        [Pruned] Trial 9 at gen 15 (loss=0.5085)
    --> Trial 10 | pop=42 seed=8995 x0_norm_min=-0.841 x0_norm_max=0.672
        [Pruned] Trial 10 at gen 15 (loss=0.5759)
    --> Trial 11 | pop=31 seed=9926 x0_norm_min=-0.781 x0_norm_max=0.859
        [Pruned] Trial 11 at gen 15 (loss=0.6181)
    --> Trial 12 | pop=38 seed=26683 x0_norm_min=-0.402 x0_norm_max=0.428
        [Pruned] Trial 12 at gen 15 (loss=0.5913)
    --> Trial 13 | pop=47 seed=28462 x0_norm_min=-0.863 x0_norm_max=0.955
        [Pruned] Trial 13 at gen 15 (loss=0.4944)
    --> Trial 14 | pop=37 seed=57783 x0_norm_min=-0.897 x0_norm_max=-0.091
        [Trial 14] gen   20  evals=  740  best=0.4903
        [Trial 14] gen   40  evals= 1480  best=0.4901
        [Pruned] Trial 14 at gen 45 (loss=0.4901)
    --> Trial 15 | pop=36 seed=3070 x0_norm_min=-0.690 x0_norm_max=0.990
        [Pruned] Trial 15 at gen 15 (loss=0.4990)
    --> Trial 16 | pop=44 seed=65737 x0_norm_min=-0.776 x0_norm_max=0.982
        [Pruned] Trial 16 at gen 15 (loss=0.5040)
    --> Trial 17 | pop=30 seed=23175 x0_norm_min=-0.863 x0_norm_max=0.835
        [Pruned] Trial 17 at gen 15 (loss=0.6313)
    --> Trial 18 | pop=48 seed=35678 x0_norm_min=-0.933 x0_norm_max=0.907
        [Pruned] Trial 18 at gen 15 (loss=0.5956)
    --> Trial 19 | pop=40 seed=84894 x0_norm_min=-0.948 x0_norm_max=0.822
        [Pruned] Trial 19 at gen 15 (loss=0.5527)

  Winner: Trial 8, loss=0.436205 (1027s)
    Restarts run: 20
    mu: 14.023071
    D_mu: 4.326241
    T0_mu: 64.857872
    Ly: 3.629369
    op_x: 0.960246
    op_y: 0.931772
    NMSE: 0.065428
  [Saved] random_IR_0013

============================================================
[14/50] random_IR_0014.npz
  GT loss: 0.026783
  terrain_mean=1.158999  early_threshold=0.037539  (alpha=0.0095)
  tolfun=0.00589 tolfunhist=0.00589  (frac=0.0052 of range=1.13)
    --> Trial 0 | pop=57 seed=55620 x0_norm_min=-0.944 x0_norm_max=0.730
        [Trial 0] gen   20  evals= 1140  best=0.4133
        [Trial 0] gen   40  evals= 2280  best=0.3868
        [Trial 0] gen   60  evals= 3420  best=0.3868
        [Trial 0] gen   80  evals= 4560  best=0.3868
        [Trial 0] gen  100  evals= 5700  best=0.3868
        [Trial 0] gen  120  evals= 6840  best=0.3868
        [Trial 0] gen  140  evals= 7980  best=0.3868
        [Trial 0] gen  160  evals= 9120  best=0.3868
        [Trial 0] gen  180  evals=10260  best=0.3868
        [Trial 0] gen  200  evals=11400  best=0.3868
        [Trial 0] gen  220  evals=12540  best=0.3868
        [Done] Trial 0 best=0.3868
    --> Trial 1 | pop=58 seed=10383 x0_norm_min=-0.937 x0_norm_max=0.907
        [Pruned] Trial 1 at gen 15 (loss=0.4261)
    --> Trial 2 | pop=39 seed=38884 x0_norm_min=-0.344 x0_norm_max=0.824
        [Pruned] Trial 2 at gen 15 (loss=0.4361)
    --> Trial 3 | pop=57 seed=43306 x0_norm_min=-0.797 x0_norm_max=0.622
        [Trial 3] gen   20  evals= 1140  best=0.4091
        [Trial 3] gen   40  evals= 2280  best=0.4091
        [Pruned] Trial 3 at gen 45 (loss=0.4091)
    --> Trial 4 | pop=32 seed=31289 x0_norm_min=-0.947 x0_norm_max=0.785
        [Pruned] Trial 4 at gen 15 (loss=0.4612)
    --> Trial 5 | pop=54 seed=16625 x0_norm_min=-0.748 x0_norm_max=0.981
        [Pruned] Trial 5 at gen 15 (loss=0.4324)
    --> Trial 6 | pop=56 seed=82879 x0_norm_min=-0.929 x0_norm_max=0.732
        [Pruned] Trial 6 at gen 15 (loss=0.4486)
    --> Trial 7 | pop=47 seed=2922 x0_norm_min=-0.779 x0_norm_max=0.922
        [Trial 7] gen   20  evals=  940  best=0.4128
        [Trial 7] gen   40  evals= 1880  best=0.4128
        [Pruned] Trial 7 at gen 45 (loss=0.4128)
    --> Trial 8 | pop=30 seed=36181 x0_norm_min=-0.814 x0_norm_max=0.843
        [Pruned] Trial 8 at gen 15 (loss=0.4287)
    --> Trial 9 | pop=33 seed=97712 x0_norm_min=-0.955 x0_norm_max=0.770
        [Pruned] Trial 9 at gen 15 (loss=0.4361)
    --> Trial 10 | pop=47 seed=69921 x0_norm_min=-0.841 x0_norm_max=0.672
        [Pruned] Trial 10 at gen 15 (loss=0.4586)
    --> Trial 11 | pop=60 seed=58303 x0_norm_min=-0.781 x0_norm_max=0.859
        [Trial 11] gen   20  evals= 1200  best=0.4060
        [Trial 11] gen   40  evals= 2400  best=0.4060
        [Pruned] Trial 11 at gen 45 (loss=0.4060)
    --> Trial 12 | pop=51 seed=64717 x0_norm_min=-0.402 x0_norm_max=0.428
        [Pruned] Trial 12 at gen 15 (loss=0.4325)
    --> Trial 13 | pop=60 seed=57214 x0_norm_min=-0.863 x0_norm_max=0.955
        [Trial 13] gen   20  evals= 1200  best=0.4079
        [Trial 13] gen   40  evals= 2400  best=0.4079
        [Pruned] Trial 13 at gen 45 (loss=0.4079)
    --> Trial 14 | pop=51 seed=55344 x0_norm_min=-0.897 x0_norm_max=-0.091
        [Pruned] Trial 14 at gen 15 (loss=0.4577)
    --> Trial 15 | pop=60 seed=74870 x0_norm_min=-0.690 x0_norm_max=0.990
        [Trial 15] gen   20  evals= 1200  best=0.4149
        [Trial 15] gen   40  evals= 2400  best=0.4149
        [Pruned] Trial 15 at gen 45 (loss=0.4149)
    --> Trial 16 | pop=52 seed=50351 x0_norm_min=-0.776 x0_norm_max=0.982
        [Trial 16] gen   20  evals= 1040  best=0.4127
        [Trial 16] gen   40  evals= 2080  best=0.4127
        [Pruned] Trial 16 at gen 45 (loss=0.4127)
    --> Trial 17 | pop=48 seed=25607 x0_norm_min=-0.863 x0_norm_max=0.835
        [Trial 17] gen   20  evals=  960  best=0.4221
        [Trial 17] gen   40  evals= 1920  best=0.4221
        [Pruned] Trial 17 at gen 45 (loss=0.4188)
    --> Trial 18 | pop=44 seed=84742 x0_norm_min=-0.933 x0_norm_max=0.907
        [Pruned] Trial 18 at gen 15 (loss=0.4225)
    --> Trial 19 | pop=55 seed=48012 x0_norm_min=-0.948 x0_norm_max=0.822
        [Trial 19] gen   20  evals= 1100  best=0.4163
        [Trial 19] gen   40  evals= 2200  best=0.4163
        [Pruned] Trial 19 at gen 45 (loss=0.4163)

  Winner: Trial 0, loss=0.386789 (521s)
    Restarts run: 20
    mu: 3.822722
    D_mu: 7.047550
    T0_mu: 182.555295
    Ly: 2.455236
    op_x: 0.630732
    op_y: 0.674567
    NMSE: 0.058575
  [Saved] random_IR_0014

============================================================
[15/50] random_IR_0015.npz
  GT loss: 0.342047
  terrain_mean=1.709902  early_threshold=0.355042  (alpha=0.0095)
  tolfun=0.00711 tolfunhist=0.00711  (frac=0.0052 of range=1.37)
    --> Trial 0 | pop=57 seed=3879 x0_norm_min=-0.944 x0_norm_max=0.730
        [Trial 0] gen   20  evals= 1140  best=0.7286
        [Trial 0] gen   40  evals= 2280  best=0.6491
        [Trial 0] gen   60  evals= 3420  best=0.6491
        [Trial 0] gen   80  evals= 4560  best=0.6491
        [Trial 0] gen  100  evals= 5700  best=0.6491
        [Trial 0] gen  120  evals= 6840  best=0.6491
        [Trial 0] gen  140  evals= 7980  best=0.6491
        [Trial 0] gen  160  evals= 9120  best=0.6491
        [Trial 0] gen  180  evals=10260  best=0.6393
        [Trial 0] gen  200  evals=11400  best=0.6243
        [Trial 0] gen  220  evals=12540  best=0.6140
        [Done] Trial 0 best=0.6124
    --> Trial 1 | pop=55 seed=83246 x0_norm_min=-0.937 x0_norm_max=0.907
        [Pruned] Trial 1 at gen 15 (loss=0.7429)
    --> Trial 2 | pop=34 seed=1647 x0_norm_min=-0.344 x0_norm_max=0.824
        [Trial 2] gen   20  evals=  680  best=0.7105
        [Trial 2] gen   40  evals= 1360  best=0.7105
        [Pruned] Trial 2 at gen 45 (loss=0.7103)
    --> Trial 3 | pop=31 seed=50467 x0_norm_min=-0.797 x0_norm_max=0.622
        [Pruned] Trial 3 at gen 15 (loss=0.7318)
    --> Trial 4 | pop=50 seed=78794 x0_norm_min=-0.947 x0_norm_max=0.785
        [Pruned] Trial 4 at gen 15 (loss=0.8116)
    --> Trial 5 | pop=38 seed=62962 x0_norm_min=-0.748 x0_norm_max=0.981
        [Pruned] Trial 5 at gen 15 (loss=0.7673)
    --> Trial 6 | pop=41 seed=90616 x0_norm_min=-0.929 x0_norm_max=0.732
        [Pruned] Trial 6 at gen 15 (loss=0.8125)
    --> Trial 7 | pop=43 seed=27110 x0_norm_min=-0.779 x0_norm_max=0.922
        [Trial 7] gen   20  evals=  860  best=0.7260
        [Trial 7] gen   40  evals= 1720  best=0.6968
        [Pruned] Trial 7 at gen 45 (loss=0.6968)
    --> Trial 8 | pop=32 seed=74945 x0_norm_min=-0.814 x0_norm_max=0.843
        [Pruned] Trial 8 at gen 15 (loss=0.7943)
    --> Trial 9 | pop=36 seed=91880 x0_norm_min=-0.955 x0_norm_max=0.770
        [Pruned] Trial 9 at gen 15 (loss=0.7411)
    --> Trial 10 | pop=59 seed=192 x0_norm_min=-0.841 x0_norm_max=0.672
        [Pruned] Trial 10 at gen 15 (loss=0.7470)
    --> Trial 11 | pop=45 seed=25545 x0_norm_min=-0.781 x0_norm_max=0.859
        [Trial 11] gen   20  evals=  900  best=0.7147
        [Trial 11] gen   40  evals= 1800  best=0.7147
        [Pruned] Trial 11 at gen 45 (loss=0.7147)
    --> Trial 12 | pop=49 seed=25542 x0_norm_min=-0.402 x0_norm_max=0.428
        [Pruned] Trial 12 at gen 15 (loss=0.7336)
    --> Trial 13 | pop=60 seed=22821 x0_norm_min=-0.863 x0_norm_max=0.955
        [Pruned] Trial 13 at gen 15 (loss=0.7698)
    --> Trial 14 | pop=53 seed=40435 x0_norm_min=-0.897 x0_norm_max=-0.091
        [Pruned] Trial 14 at gen 15 (loss=0.8734)
    --> Trial 15 | pop=44 seed=13045 x0_norm_min=-0.690 x0_norm_max=0.990
        [Pruned] Trial 15 at gen 15 (loss=0.7407)
    --> Trial 16 | pop=46 seed=37477 x0_norm_min=-0.776 x0_norm_max=0.982
        [Trial 16] gen   20  evals=  920  best=0.7174
        [Trial 16] gen   40  evals= 1840  best=0.7075
        [Pruned] Trial 16 at gen 45 (loss=0.7075)
    --> Trial 17 | pop=56 seed=12657 x0_norm_min=-0.863 x0_norm_max=0.835
        [Pruned] Trial 17 at gen 15 (loss=0.7527)
    --> Trial 18 | pop=41 seed=12046 x0_norm_min=-0.933 x0_norm_max=0.907
        [Trial 18] gen   20  evals=  820  best=0.7212
        [Trial 18] gen   40  evals= 1640  best=0.6700
        [Trial 18] gen   60  evals= 2460  best=0.6461
        [Trial 18] gen   80  evals= 3280  best=0.6461
        [Trial 18] gen  100  evals= 4100  best=0.6461
        [Trial 18] gen  120  evals= 4920  best=0.6461
        [Trial 18] gen  140  evals= 5740  best=0.6461
        [Trial 18] gen  160  evals= 6560  best=0.6461
        [Trial 18] gen  180  evals= 7380  best=0.6461
        [Trial 18] gen  200  evals= 8200  best=0.6461
        [Trial 18] gen  220  evals= 9020  best=0.6461
        [Trial 18] gen  240  evals= 9840  best=0.6461
        [Trial 18] gen  260  evals=10660  best=0.6461
        [Trial 18] gen  280  evals=11480  best=0.6461
        [Trial 18] gen  300  evals=12300  best=0.6459
        [Trial 18] gen  320  evals=13120  best=0.6459
        [Trial 18] gen  340  evals=13940  best=0.6438
        [Done] Trial 18 best=0.6413
    --> Trial 19 | pop=39 seed=11132 x0_norm_min=-0.948 x0_norm_max=0.822
        [Trial 19] gen   20  evals=  780  best=0.6756
        [Trial 19] gen   40  evals= 1560  best=0.6756
        [Pruned] Trial 19 at gen 45 (loss=0.6756)

  Winner: Trial 0, loss=0.612361 (515s)
    Restarts run: 20
    mu: 22.844827
    D_mu: 18.144444
    T0_mu: 40.513827
    Ly: 4.000000
    op_x: 0.984008
    op_y: 0.843679
    NMSE: 0.042924
  [Saved] random_IR_0015

============================================================
[16/50] random_IR_0016.npz
  GT loss: 0.160943
  terrain_mean=1.264001  early_threshold=0.171422  (alpha=0.0095)
  tolfun=0.00574 tolfunhist=0.00574  (frac=0.0052 of range=1.1)
    --> Trial 0 | pop=60 seed=81478 x0_norm_min=-0.944 x0_norm_max=0.730
        [Trial 0] gen   20  evals= 1200  best=0.5513
        [Trial 0] gen   40  evals= 2400  best=0.5513
        [Trial 0] gen   60  evals= 3600  best=0.5513
        [Trial 0] gen   80  evals= 4800  best=0.5513
        [Trial 0] gen  100  evals= 6000  best=0.5513
        [Trial 0] gen  120  evals= 7200  best=0.5513
        [Trial 0] gen  140  evals= 8400  best=0.5513
        [Trial 0] gen  160  evals= 9600  best=0.5513
        [Trial 0] gen  180  evals=10800  best=0.5513
        [Trial 0] gen  200  evals=12000  best=0.5513
        [Trial 0] gen  220  evals=13200  best=0.5513
        [Trial 0] gen  240  evals=14400  best=0.5513
        [Trial 0] gen  260  evals=15600  best=0.5513
        [Trial 0] gen  280  evals=16800  best=0.5513
        [Trial 0] gen  300  evals=18000  best=0.5513
        [Trial 0] gen  320  evals=19200  best=0.5513
        [Trial 0] gen  340  evals=20400  best=0.5513
        [Done] Trial 0 best=0.5513
    --> Trial 1 | pop=60 seed=68802 x0_norm_min=-0.937 x0_norm_max=0.907
        [Pruned] Trial 1 at gen 15 (loss=0.5779)
    --> Trial 2 | pop=47 seed=7734 x0_norm_min=-0.344 x0_norm_max=0.824
        [Pruned] Trial 2 at gen 15 (loss=0.5732)
    --> Trial 3 | pop=47 seed=5772 x0_norm_min=-0.797 x0_norm_max=0.622
        [Pruned] Trial 3 at gen 15 (loss=0.5762)
    --> Trial 4 | pop=35 seed=92592 x0_norm_min=-0.947 x0_norm_max=0.785
        [Pruned] Trial 4 at gen 15 (loss=0.5920)
    --> Trial 5 | pop=52 seed=47533 x0_norm_min=-0.748 x0_norm_max=0.981
        [Trial 5] gen   20  evals= 1040  best=0.5532
        [Trial 5] gen   40  evals= 2080  best=0.5490
        [Trial 5] gen   60  evals= 3120  best=0.5490
        [Trial 5] gen   80  evals= 4160  best=0.5490
        [Trial 5] gen  100  evals= 5200  best=0.5490
        [Trial 5] gen  120  evals= 6240  best=0.5490
        [Trial 5] gen  140  evals= 7280  best=0.5490
        [Trial 5] gen  160  evals= 8320  best=0.5490
        [Trial 5] gen  180  evals= 9360  best=0.5490
        [Trial 5] gen  200  evals=10400  best=0.5490
        [Trial 5] gen  220  evals=11440  best=0.5490
        [Trial 5] gen  240  evals=12480  best=0.5490
        [Trial 5] gen  260  evals=13520  best=0.5490
        [Trial 5] gen  280  evals=14560  best=0.5490
        [Trial 5] gen  300  evals=15600  best=0.5490
        [Trial 5] gen  320  evals=16640  best=0.5490
        [Trial 5] gen  340  evals=17680  best=0.5490
        [Done] Trial 5 best=0.5490
    --> Trial 6 | pop=57 seed=32181 x0_norm_min=-0.929 x0_norm_max=0.732
        [Pruned] Trial 6 at gen 15 (loss=0.5884)
    --> Trial 7 | pop=50 seed=64829 x0_norm_min=-0.779 x0_norm_max=0.922
        [Pruned] Trial 7 at gen 15 (loss=0.5942)
    --> Trial 8 | pop=40 seed=20807 x0_norm_min=-0.814 x0_norm_max=0.843
        [Pruned] Trial 8 at gen 15 (loss=0.5967)
    --> Trial 9 | pop=45 seed=32884 x0_norm_min=-0.955 x0_norm_max=0.770
        [Trial 9] gen   20  evals=  900  best=0.5611
        [Trial 9] gen   40  evals= 1800  best=0.5611
        [Pruned] Trial 9 at gen 45 (loss=0.5611)
    --> Trial 10 | pop=30 seed=47865 x0_norm_min=-0.841 x0_norm_max=0.672
        [Pruned] Trial 10 at gen 15 (loss=0.5719)
    --> Trial 11 | pop=54 seed=98203 x0_norm_min=-0.781 x0_norm_max=0.859
        [Pruned] Trial 11 at gen 15 (loss=0.5791)
    --> Trial 12 | pop=55 seed=72359 x0_norm_min=-0.402 x0_norm_max=0.428
        [Pruned] Trial 12 at gen 15 (loss=0.5919)
    --> Trial 13 | pop=60 seed=53471 x0_norm_min=-0.863 x0_norm_max=0.955
        [Trial 13] gen   20  evals= 1200  best=0.5702
        [Trial 13] gen   40  evals= 2400  best=0.5657
        [Pruned] Trial 13 at gen 45 (loss=0.5657)
    --> Trial 14 | pop=52 seed=81319 x0_norm_min=-0.897 x0_norm_max=-0.091
        [Pruned] Trial 14 at gen 15 (loss=0.6037)
    --> Trial 15 | pop=42 seed=50793 x0_norm_min=-0.690 x0_norm_max=0.990
        [Pruned] Trial 15 at gen 15 (loss=0.5924)
    --> Trial 16 | pop=57 seed=83770 x0_norm_min=-0.776 x0_norm_max=0.982
        [Pruned] Trial 16 at gen 15 (loss=0.5921)
    --> Trial 17 | pop=52 seed=42557 x0_norm_min=-0.863 x0_norm_max=0.835
        [Pruned] Trial 17 at gen 15 (loss=0.5854)
    --> Trial 18 | pop=50 seed=57867 x0_norm_min=-0.933 x0_norm_max=0.907
        [Pruned] Trial 18 at gen 15 (loss=0.5852)
    --> Trial 19 | pop=57 seed=81437 x0_norm_min=-0.948 x0_norm_max=0.822
        [Trial 19] gen   20  evals= 1140  best=0.5682
        [Trial 19] gen   40  evals= 2280  best=0.5682
        [Pruned] Trial 19 at gen 45 (loss=0.5682)

  Winner: Trial 5, loss=0.548970 (570s)
    Restarts run: 20
    mu: 60.659252
    D_mu: 36.531478
    T0_mu: 0.246746
    Ly: 3.694649
    op_x: 0.530471
    op_y: 0.619263
    NMSE: 0.132562
  [Saved] random_IR_0016

============================================================
[17/50] random_IR_0017.npz
  GT loss: 0.091963
  terrain_mean=1.003916  early_threshold=0.100627  (alpha=0.0095)
  tolfun=0.00474 tolfunhist=0.00474  (frac=0.0052 of range=0.912)
    --> Trial 0 | pop=56 seed=81847 x0_norm_min=-0.944 x0_norm_max=0.730
        [Trial 0] gen   20  evals= 1120  best=0.4660
        [Trial 0] gen   40  evals= 2240  best=0.4650
        [Trial 0] gen   60  evals= 3360  best=0.4650
        [Trial 0] gen   80  evals= 4480  best=0.4650
        [Trial 0] gen  100  evals= 5600  best=0.4650
        [Trial 0] gen  120  evals= 6720  best=0.4650
        [Trial 0] gen  140  evals= 7840  best=0.4650
        [Trial 0] gen  160  evals= 8960  best=0.4650
        [Trial 0] gen  180  evals=10080  best=0.4598
        [Trial 0] gen  200  evals=11200  best=0.4598
        [Trial 0] gen  220  evals=12320  best=0.4564
        [Trial 0] gen  240  evals=13440  best=0.4564
        [Trial 0] gen  260  evals=14560  best=0.4564
        [Trial 0] gen  280  evals=15680  best=0.4564
        [Trial 0] gen  300  evals=16800  best=0.4564
        [Trial 0] gen  320  evals=17920  best=0.4564
        [Trial 0] gen  340  evals=19040  best=0.4564
        [Trial 0] gen  360  evals=20160  best=0.4564
        [Trial 0] gen  380  evals=21280  best=0.4564
        [Trial 0] gen  400  evals=22400  best=0.4564
        [Trial 0] gen  420  evals=23520  best=0.4564
        [Trial 0] gen  440  evals=24640  best=0.4564
        [Trial 0] gen  460  evals=25760  best=0.4564
        [Trial 0] gen  480  evals=26880  best=0.4564
        [Trial 0] gen  500  evals=28000  best=0.4564
        [Done] Trial 0 best=0.4564
    --> Trial 1 | pop=34 seed=91050 x0_norm_min=-0.937 x0_norm_max=0.907
        [Pruned] Trial 1 at gen 15 (loss=0.4894)
    --> Trial 2 | pop=60 seed=87644 x0_norm_min=-0.344 x0_norm_max=0.824
        [Pruned] Trial 2 at gen 15 (loss=0.4819)
    --> Trial 3 | pop=37 seed=97985 x0_norm_min=-0.797 x0_norm_max=0.622
        [Pruned] Trial 3 at gen 15 (loss=0.4854)
    --> Trial 4 | pop=40 seed=88368 x0_norm_min=-0.947 x0_norm_max=0.785
        [Pruned] Trial 4 at gen 15 (loss=0.4852)
    --> Trial 5 | pop=48 seed=68902 x0_norm_min=-0.748 x0_norm_max=0.981
        [Trial 5] gen   20  evals=  960  best=0.4664
        [Trial 5] gen   40  evals= 1920  best=0.4537
        [Trial 5] gen   60  evals= 2880  best=0.4537
        [Trial 5] gen   80  evals= 3840  best=0.4537
        [Trial 5] gen  100  evals= 4800  best=0.4537
        [Trial 5] gen  120  evals= 5760  best=0.4537
        [Trial 5] gen  140  evals= 6720  best=0.4537
        [Trial 5] gen  160  evals= 7680  best=0.4537
        [Trial 5] gen  180  evals= 8640  best=0.4537
        [Trial 5] gen  200  evals= 9600  best=0.4537
        [Trial 5] gen  220  evals=10560  best=0.4537
        [Trial 5] gen  240  evals=11520  best=0.4537
        [Trial 5] gen  260  evals=12480  best=0.4537
        [Trial 5] gen  280  evals=13440  best=0.4537
        [Done] Trial 5 best=0.4537
    --> Trial 6 | pop=30 seed=92040 x0_norm_min=-0.929 x0_norm_max=0.732
        [Pruned] Trial 6 at gen 15 (loss=0.5069)
    --> Trial 7 | pop=47 seed=3979 x0_norm_min=-0.779 x0_norm_max=0.922
        [Pruned] Trial 7 at gen 15 (loss=0.4729)
    --> Trial 8 | pop=42 seed=85632 x0_norm_min=-0.814 x0_norm_max=0.843
        [Pruned] Trial 8 at gen 15 (loss=0.5018)
    --> Trial 9 | pop=44 seed=22097 x0_norm_min=-0.955 x0_norm_max=0.770
        [Pruned] Trial 9 at gen 15 (loss=0.4943)
    --> Trial 10 | pop=51 seed=52215 x0_norm_min=-0.841 x0_norm_max=0.672
        [Pruned] Trial 10 at gen 15 (loss=0.4847)
    --> Trial 11 | pop=55 seed=63334 x0_norm_min=-0.781 x0_norm_max=0.859
        [Pruned] Trial 11 at gen 15 (loss=0.4821)
    --> Trial 12 | pop=54 seed=63381 x0_norm_min=-0.402 x0_norm_max=0.428
        [Trial 12] gen   20  evals= 1080  best=0.4803
        [Trial 12] gen   40  evals= 2160  best=0.4803
        [Pruned] Trial 12 at gen 45 (loss=0.4768)
    --> Trial 13 | pop=59 seed=66072 x0_norm_min=-0.863 x0_norm_max=0.955
        [Pruned] Trial 13 at gen 15 (loss=0.4896)
    --> Trial 14 | pop=48 seed=43442 x0_norm_min=-0.897 x0_norm_max=-0.091
        [Pruned] Trial 14 at gen 15 (loss=0.5094)
    --> Trial 15 | pop=54 seed=72341 x0_norm_min=-0.690 x0_norm_max=0.990
        [Trial 15] gen   20  evals= 1080  best=0.4758
        [Trial 15] gen   40  evals= 2160  best=0.4758
        [Pruned] Trial 15 at gen 45 (loss=0.4758)
    --> Trial 16 | pop=50 seed=41648 x0_norm_min=-0.776 x0_norm_max=0.982
        [Trial 16] gen   20  evals= 1000  best=0.4796
        [Trial 16] gen   40  evals= 2000  best=0.4796
        [Pruned] Trial 16 at gen 45 (loss=0.4786)
    --> Trial 17 | pop=57 seed=77957 x0_norm_min=-0.863 x0_norm_max=0.835
        [Trial 17] gen   20  evals= 1140  best=0.4745
        [Trial 17] gen   40  evals= 2280  best=0.4608
        [Trial 17] gen   60  evals= 3420  best=0.4608
        [Trial 17] gen   80  evals= 4560  best=0.4608
        [Trial 17] gen  100  evals= 5700  best=0.4608
        [Trial 17] gen  120  evals= 6840  best=0.4608
        [Pruned] Trial 17 at gen 135 (loss=0.4608)
    --> Trial 18 | pop=45 seed=51892 x0_norm_min=-0.933 x0_norm_max=0.907
        [Trial 18] gen   20  evals=  900  best=0.4769
        [Trial 18] gen   40  evals= 1800  best=0.4769
        [Pruned] Trial 18 at gen 45 (loss=0.4769)
    --> Trial 19 | pop=51 seed=76302 x0_norm_min=-0.948 x0_norm_max=0.822
        [Trial 19] gen   20  evals= 1020  best=0.4728
        [Trial 19] gen   40  evals= 2040  best=0.4728
        [Pruned] Trial 19 at gen 45 (loss=0.4728)

  Winner: Trial 5, loss=0.453684 (923s)
    Restarts run: 20
    mu: 22.970350
    D_mu: 1.167208
    T0_mu: 23.507803
    Ly: 3.924658
    op_x: 0.858612
    op_y: 0.717598
    NMSE: 0.050815
  [Saved] random_IR_0017

============================================================
[18/50] random_IR_0018.npz
  GT loss: 0.115496
  terrain_mean=1.193614  early_threshold=0.125738  (alpha=0.0095)
  tolfun=0.00561 tolfunhist=0.00561  (frac=0.0052 of range=1.08)
    --> Trial 0 | pop=30 seed=17933 x0_norm_min=-0.944 x0_norm_max=0.730
        [Trial 0] gen   20  evals=  600  best=0.5191
        [Trial 0] gen   40  evals= 1200  best=0.5183
        [Trial 0] gen   60  evals= 1800  best=0.5178
        [Trial 0] gen   80  evals= 2400  best=0.5103
        [Trial 0] gen  100  evals= 3000  best=0.4967
        [Trial 0] gen  120  evals= 3600  best=0.4967
        [Trial 0] gen  140  evals= 4200  best=0.4967
        [Trial 0] gen  160  evals= 4800  best=0.4967
        [Trial 0] gen  180  evals= 5400  best=0.4967
        [Trial 0] gen  200  evals= 6000  best=0.4967
        [Trial 0] gen  220  evals= 6600  best=0.4967
        [Trial 0] gen  240  evals= 7200  best=0.4967
        [Trial 0] gen  260  evals= 7800  best=0.4967
        [Trial 0] gen  280  evals= 8400  best=0.4967
        [Done] Trial 0 best=0.4967
    --> Trial 1 | pop=41 seed=65676 x0_norm_min=-0.937 x0_norm_max=0.907
        [Trial 1] gen   20  evals=  820  best=0.4963
        [Trial 1] gen   40  evals= 1640  best=0.4963
        [Trial 1] gen   60  evals= 2460  best=0.4963
        [Trial 1] gen   80  evals= 3280  best=0.4963
        [Trial 1] gen  100  evals= 4100  best=0.4963
        [Trial 1] gen  120  evals= 4920  best=0.4963
        [Trial 1] gen  140  evals= 5740  best=0.4963
        [Trial 1] gen  160  evals= 6560  best=0.4963
        [Trial 1] gen  180  evals= 7380  best=0.4963
        [Trial 1] gen  200  evals= 8200  best=0.4963
        [Trial 1] gen  220  evals= 9020  best=0.4963
        [Trial 1] gen  240  evals= 9840  best=0.4963
        [Done] Trial 1 best=0.4963
    --> Trial 2 | pop=38 seed=41601 x0_norm_min=-0.344 x0_norm_max=0.824
        [Pruned] Trial 2 at gen 15 (loss=0.5104)
    --> Trial 3 | pop=59 seed=77700 x0_norm_min=-0.797 x0_norm_max=0.622
        [Pruned] Trial 3 at gen 15 (loss=0.5068)
    --> Trial 4 | pop=38 seed=68060 x0_norm_min=-0.947 x0_norm_max=0.785
        [Pruned] Trial 4 at gen 15 (loss=0.5278)
    --> Trial 5 | pop=47 seed=33271 x0_norm_min=-0.748 x0_norm_max=0.981
        [Pruned] Trial 5 at gen 15 (loss=0.5278)
    --> Trial 6 | pop=43 seed=31587 x0_norm_min=-0.929 x0_norm_max=0.732
        [Trial 6] gen   20  evals=  860  best=0.5036
        [Trial 6] gen   40  evals= 1720  best=0.5036
        [Pruned] Trial 6 at gen 45 (loss=0.5036)
    --> Trial 7 | pop=53 seed=82106 x0_norm_min=-0.779 x0_norm_max=0.922
        [Pruned] Trial 7 at gen 15 (loss=0.5093)
    --> Trial 8 | pop=51 seed=25957 x0_norm_min=-0.814 x0_norm_max=0.843
        [Pruned] Trial 8 at gen 15 (loss=0.5076)
    --> Trial 9 | pop=58 seed=95282 x0_norm_min=-0.955 x0_norm_max=0.770
        [Trial 9] gen   20  evals= 1160  best=0.4707
        [Trial 9] gen   40  evals= 2320  best=0.4707
        [Trial 9] gen   60  evals= 3480  best=0.4707
        [Trial 9] gen   80  evals= 4640  best=0.4707
        [Trial 9] gen  100  evals= 5800  best=0.4707
        [Trial 9] gen  120  evals= 6960  best=0.4707
        [Trial 9] gen  140  evals= 8120  best=0.4707
        [Trial 9] gen  160  evals= 9280  best=0.4707
        [Trial 9] gen  180  evals=10440  best=0.4707
        [Trial 9] gen  200  evals=11600  best=0.4707
        [Trial 9] gen  220  evals=12760  best=0.4707
        [Trial 9] gen  240  evals=13920  best=0.4687
        [Done] Trial 9 best=0.4678
    --> Trial 10 | pop=60 seed=396 x0_norm_min=-0.841 x0_norm_max=0.672
        [Trial 10] gen   20  evals= 1200  best=0.4943
        [Trial 10] gen   40  evals= 2400  best=0.4943
        [Pruned] Trial 10 at gen 45 (loss=0.4943)
    --> Trial 11 | pop=35 seed=92432 x0_norm_min=-0.781 x0_norm_max=0.859
        [Pruned] Trial 11 at gen 15 (loss=0.5192)
    --> Trial 12 | pop=54 seed=59114 x0_norm_min=-0.402 x0_norm_max=0.428
        [Trial 12] gen   20  evals= 1080  best=0.5010
        [Trial 12] gen   40  evals= 2160  best=0.5010
        [Pruned] Trial 12 at gen 45 (loss=0.5003)
    --> Trial 13 | pop=45 seed=99853 x0_norm_min=-0.863 x0_norm_max=0.955
        [Pruned] Trial 13 at gen 15 (loss=0.5179)
    --> Trial 14 | pop=30 seed=55569 x0_norm_min=-0.897 x0_norm_max=-0.091
        [Pruned] Trial 14 at gen 15 (loss=0.5297)
    --> Trial 15 | pop=50 seed=77833 x0_norm_min=-0.690 x0_norm_max=0.990
        [Pruned] Trial 15 at gen 15 (loss=0.5099)
    --> Trial 16 | pop=57 seed=50250 x0_norm_min=-0.776 x0_norm_max=0.982
        [Pruned] Trial 16 at gen 15 (loss=0.5279)
    --> Trial 17 | pop=42 seed=89376 x0_norm_min=-0.863 x0_norm_max=0.835
        [Trial 17] gen   20  evals=  840  best=0.5018
        [Trial 17] gen   40  evals= 1680  best=0.5018
        [Pruned] Trial 17 at gen 45 (loss=0.5018)
    --> Trial 18 | pop=35 seed=66952 x0_norm_min=-0.933 x0_norm_max=0.907
        [Pruned] Trial 18 at gen 15 (loss=0.5212)
    --> Trial 19 | pop=47 seed=68145 x0_norm_min=-0.948 x0_norm_max=0.822
        [Trial 19] gen   20  evals=  940  best=0.5013
        [Trial 19] gen   40  evals= 1880  best=0.5001
        [Trial 19] gen   60  evals= 2820  best=0.4882
        [Trial 19] gen   80  evals= 3760  best=0.4882
        [Trial 19] gen  100  evals= 4700  best=0.4882
        [Trial 19] gen  120  evals= 5640  best=0.4882
        [Pruned] Trial 19 at gen 135 (loss=0.4882)

  Winner: Trial 9, loss=0.467791 (877s)
    Restarts run: 20
    mu: 9.777396
    D_mu: 2.884665
    T0_mu: 72.120968
    Ly: 2.824635
    op_x: 0.714346
    op_y: 0.563181
    NMSE: 0.122973
  [Saved] random_IR_0018

============================================================
[19/50] random_IR_0019.npz
  GT loss: 0.039282
  terrain_mean=1.111944  early_threshold=0.049472  (alpha=0.0095)
  tolfun=0.00558 tolfunhist=0.00558  (frac=0.0052 of range=1.07)
    --> Trial 0 | pop=33 seed=19051 x0_norm_min=-0.944 x0_norm_max=0.730
        [Trial 0] gen   20  evals=  660  best=0.4413
        [Trial 0] gen   40  evals= 1320  best=0.4413
        [Trial 0] gen   60  evals= 1980  best=0.4413
        [Trial 0] gen   80  evals= 2640  best=0.4413
        [Trial 0] gen  100  evals= 3300  best=0.4413
        [Trial 0] gen  120  evals= 3960  best=0.4413
        [Trial 0] gen  140  evals= 4620  best=0.4404
        [Trial 0] gen  160  evals= 5280  best=0.4370
        [Trial 0] gen  180  evals= 5940  best=0.4370
        [Trial 0] gen  200  evals= 6600  best=0.4163
        [Trial 0] gen  220  evals= 7260  best=0.4163
        [Trial 0] gen  240  evals= 7920  best=0.4163
        [Trial 0] gen  260  evals= 8580  best=0.4163
        [Trial 0] gen  280  evals= 9240  best=0.4163
        [Trial 0] gen  300  evals= 9900  best=0.4163
        [Trial 0] gen  320  evals=10560  best=0.4163
        [Trial 0] gen  340  evals=11220  best=0.4163
        [Trial 0] gen  360  evals=11880  best=0.4163
        [Trial 0] gen  380  evals=12540  best=0.4163
        [Trial 0] gen  400  evals=13200  best=0.4163
        [Trial 0] gen  420  evals=13860  best=0.4163
        [Trial 0] gen  440  evals=14520  best=0.4163
        [Done] Trial 0 best=0.4163
    --> Trial 1 | pop=30 seed=69363 x0_norm_min=-0.937 x0_norm_max=0.907
        [Pruned] Trial 1 at gen 15 (loss=0.4651)
    --> Trial 2 | pop=54 seed=41735 x0_norm_min=-0.344 x0_norm_max=0.824
        [Pruned] Trial 2 at gen 15 (loss=0.4843)
    --> Trial 3 | pop=31 seed=77064 x0_norm_min=-0.797 x0_norm_max=0.622
        [Pruned] Trial 3 at gen 15 (loss=0.4565)
    --> Trial 4 | pop=53 seed=33358 x0_norm_min=-0.947 x0_norm_max=0.785
        [Pruned] Trial 4 at gen 15 (loss=0.4588)
    --> Trial 5 | pop=49 seed=99560 x0_norm_min=-0.748 x0_norm_max=0.981
        [Trial 5] gen   20  evals=  980  best=0.4210
        [Trial 5] gen   40  evals= 1960  best=0.4210
        [Trial 5] gen   60  evals= 2940  best=0.4210
        [Trial 5] gen   80  evals= 3920  best=0.4210
        [Trial 5] gen  100  evals= 4900  best=0.4210
        [Trial 5] gen  120  evals= 5880  best=0.4174
        [Trial 5] gen  140  evals= 6860  best=0.4174
        [Trial 5] gen  160  evals= 7840  best=0.4174
        [Trial 5] gen  180  evals= 8820  best=0.4174
        [Trial 5] gen  200  evals= 9800  best=0.4103
        [Trial 5] gen  220  evals=10780  best=0.4091
        [Done] Trial 5 best=0.4070
    --> Trial 6 | pop=31 seed=77385 x0_norm_min=-0.929 x0_norm_max=0.732
        [Pruned] Trial 6 at gen 15 (loss=0.4909)
    --> Trial 7 | pop=59 seed=46464 x0_norm_min=-0.779 x0_norm_max=0.922
        [Trial 7] gen   20  evals= 1180  best=0.4295
        [Trial 7] gen   40  evals= 2360  best=0.4295
        [Pruned] Trial 7 at gen 45 (loss=0.4295)
    --> Trial 8 | pop=41 seed=32969 x0_norm_min=-0.814 x0_norm_max=0.843
        [Pruned] Trial 8 at gen 15 (loss=0.4647)
    --> Trial 9 | pop=38 seed=87207 x0_norm_min=-0.955 x0_norm_max=0.770
        [Pruned] Trial 9 at gen 15 (loss=0.4520)
    --> Trial 10 | pop=46 seed=4330 x0_norm_min=-0.841 x0_norm_max=0.672
        [Pruned] Trial 10 at gen 15 (loss=0.4562)
    --> Trial 11 | pop=45 seed=10225 x0_norm_min=-0.781 x0_norm_max=0.859
        [Trial 11] gen   20  evals=  900  best=0.4457
        [Trial 11] gen   40  evals= 1800  best=0.4457
        [Pruned] Trial 11 at gen 45 (loss=0.4457)
    --> Trial 12 | pop=50 seed=97271 x0_norm_min=-0.402 x0_norm_max=0.428
        [Trial 12] gen   20  evals= 1000  best=0.4413
        [Trial 12] gen   40  evals= 2000  best=0.4413
        [Pruned] Trial 12 at gen 45 (loss=0.4413)
    --> Trial 13 | pop=37 seed=59379 x0_norm_min=-0.863 x0_norm_max=0.955
        [Pruned] Trial 13 at gen 15 (loss=0.4671)
    --> Trial 14 | pop=60 seed=98664 x0_norm_min=-0.897 x0_norm_max=-0.091
        [Trial 14] gen   20  evals= 1200  best=0.4434
        [Trial 14] gen   40  evals= 2400  best=0.4212
        [Trial 14] gen   60  evals= 3600  best=0.4212
        [Trial 14] gen   80  evals= 4800  best=0.4212
        [Trial 14] gen  100  evals= 6000  best=0.4212
        [Trial 14] gen  120  evals= 7200  best=0.4212
        [Pruned] Trial 14 at gen 135 (loss=0.4212)
    --> Trial 15 | pop=36 seed=20816 x0_norm_min=-0.690 x0_norm_max=0.990
        [Pruned] Trial 15 at gen 15 (loss=0.4492)
    --> Trial 16 | pop=44 seed=58080 x0_norm_min=-0.776 x0_norm_max=0.982
        [Trial 16] gen   20  evals=  880  best=0.4404
        [Trial 16] gen   40  evals= 1760  best=0.4404
        [Pruned] Trial 16 at gen 45 (loss=0.4404)
    --> Trial 17 | pop=49 seed=23895 x0_norm_min=-0.863 x0_norm_max=0.835
        [Pruned] Trial 17 at gen 15 (loss=0.4707)
    --> Trial 18 | pop=35 seed=52964 x0_norm_min=-0.933 x0_norm_max=0.907
        [Pruned] Trial 18 at gen 15 (loss=0.4456)
    --> Trial 19 | pop=41 seed=17016 x0_norm_min=-0.948 x0_norm_max=0.822
        [Trial 19] gen   20  evals=  820  best=0.4399
        [Trial 19] gen   40  evals= 1640  best=0.4399
        [Pruned] Trial 19 at gen 45 (loss=0.4399)

  Winner: Trial 5, loss=0.407020 (1256s)
    Restarts run: 20
    mu: 21.700087
    D_mu: 1.169355
    T0_mu: 40.899717
    Ly: 3.040028
    op_x: 0.587832
    op_y: 0.575033
    NMSE: 0.083055
  [Saved] random_IR_0019

============================================================
[20/50] random_IR_0020.npz
  GT loss: 0.062768
  terrain_mean=1.230259  early_threshold=0.073859  (alpha=0.0095)
  tolfun=0.00607 tolfunhist=0.00607  (frac=0.0052 of range=1.17)
    --> Trial 0 | pop=55 seed=87593 x0_norm_min=-0.944 x0_norm_max=0.730
        [Trial 0] gen   20  evals= 1100  best=0.4963
        [Trial 0] gen   40  evals= 2200  best=0.4963
        [Trial 0] gen   60  evals= 3300  best=0.4963
        [Trial 0] gen   80  evals= 4400  best=0.4795
        [Trial 0] gen  100  evals= 5500  best=0.4795
        [Trial 0] gen  120  evals= 6600  best=0.4795
        [Trial 0] gen  140  evals= 7700  best=0.4795
        [Trial 0] gen  160  evals= 8800  best=0.4795
        [Trial 0] gen  180  evals= 9900  best=0.4795
        [Trial 0] gen  200  evals=11000  best=0.4795
        [Trial 0] gen  220  evals=12100  best=0.4795
        [Trial 0] gen  240  evals=13200  best=0.4795
        [TRIAL TIMEOUT] Trial 0 total >600s, stopping
        [Done] Trial 0 best=0.4795
    --> Trial 1 | pop=33 seed=72568 x0_norm_min=-0.937 x0_norm_max=0.907
        [Pruned] Trial 1 at gen 15 (loss=0.5354)
    --> Trial 2 | pop=41 seed=59872 x0_norm_min=-0.344 x0_norm_max=0.824
        [Pruned] Trial 2 at gen 15 (loss=0.5255)
    --> Trial 3 | pop=49 seed=43836 x0_norm_min=-0.797 x0_norm_max=0.622
        [Pruned] Trial 3 at gen 15 (loss=0.5192)
    --> Trial 4 | pop=36 seed=30299 x0_norm_min=-0.947 x0_norm_max=0.785
        [Pruned] Trial 4 at gen 15 (loss=0.5195)
    --> Trial 5 | pop=47 seed=31268 x0_norm_min=-0.748 x0_norm_max=0.981
        [Trial 5] gen   20  evals=  940  best=0.4666
        [Trial 5] gen   40  evals= 1880  best=0.4666
        [Trial 5] gen   60  evals= 2820  best=0.4666
        [Trial 5] gen   80  evals= 3760  best=0.4666
        [Trial 5] gen  100  evals= 4700  best=0.4666
        [Trial 5] gen  120  evals= 5640  best=0.4666
        [Trial 5] gen  140  evals= 6580  best=0.4666
        [Trial 5] gen  160  evals= 7520  best=0.4666
        [Trial 5] gen  180  evals= 8460  best=0.4666
        [Trial 5] gen  200  evals= 9400  best=0.4666
        [Trial 5] gen  220  evals=10340  best=0.4666
        [Trial 5] gen  240  evals=11280  best=0.4666
        [Trial 5] gen  260  evals=12220  best=0.4666
        [Trial 5] gen  280  evals=13160  best=0.4657
        [Done] Trial 5 best=0.4657
    --> Trial 6 | pop=39 seed=31992 x0_norm_min=-0.929 x0_norm_max=0.732
        [Trial 6] gen   20  evals=  780  best=0.4808
        [Trial 6] gen   40  evals= 1560  best=0.4808
        [Pruned] Trial 6 at gen 45 (loss=0.4808)
    --> Trial 7 | pop=44 seed=16258 x0_norm_min=-0.779 x0_norm_max=0.922
        [Pruned] Trial 7 at gen 15 (loss=0.5499)
    --> Trial 8 | pop=42 seed=37401 x0_norm_min=-0.814 x0_norm_max=0.843
        [Trial 8] gen   20  evals=  840  best=0.4629
        [Trial 8] gen   40  evals= 1680  best=0.4629
        [Trial 8] gen   60  evals= 2520  best=0.4629
        [Trial 8] gen   80  evals= 3360  best=0.4629
        [Trial 8] gen  100  evals= 4200  best=0.4629
        [Trial 8] gen  120  evals= 5040  best=0.4629
        [Trial 8] gen  140  evals= 5880  best=0.4629
        [Trial 8] gen  160  evals= 6720  best=0.4629
        [Trial 8] gen  180  evals= 7560  best=0.4629
        [Trial 8] gen  200  evals= 8400  best=0.4629
        [Trial 8] gen  220  evals= 9240  best=0.4629
        [Trial 8] gen  240  evals=10080  best=0.4629
        [Trial 8] gen  260  evals=10920  best=0.4629
        [Trial 8] gen  280  evals=11760  best=0.4629
        [Trial 8] gen  300  evals=12600  best=0.4629
        [Trial 8] gen  320  evals=13440  best=0.4629
        [Trial 8] gen  340  evals=14280  best=0.4629
        [Trial 8] gen  360  evals=15120  best=0.4629
        [Done] Trial 8 best=0.4629
    --> Trial 9 | pop=43 seed=62491 x0_norm_min=-0.955 x0_norm_max=0.770
        [Pruned] Trial 9 at gen 15 (loss=0.5333)
    --> Trial 10 | pop=59 seed=1570 x0_norm_min=-0.841 x0_norm_max=0.672
        [Pruned] Trial 10 at gen 15 (loss=0.4895)
    --> Trial 11 | pop=49 seed=38656 x0_norm_min=-0.781 x0_norm_max=0.859
        [Trial 11] gen   20  evals=  980  best=0.4768
        [Trial 11] gen   40  evals= 1960  best=0.4768
        [Pruned] Trial 11 at gen 45 (loss=0.4768)
    --> Trial 12 | pop=48 seed=17234 x0_norm_min=-0.402 x0_norm_max=0.428
        [Pruned] Trial 12 at gen 15 (loss=0.5064)
    --> Trial 13 | pop=30 seed=48926 x0_norm_min=-0.863 x0_norm_max=0.955
        [Pruned] Trial 13 at gen 15 (loss=0.5080)
    --> Trial 14 | pop=52 seed=14360 x0_norm_min=-0.897 x0_norm_max=-0.091
        [Pruned] Trial 14 at gen 15 (loss=0.5240)
    --> Trial 15 | pop=46 seed=53808 x0_norm_min=-0.690 x0_norm_max=0.990
        [Pruned] Trial 15 at gen 15 (loss=0.5090)
    --> Trial 16 | pop=38 seed=24064 x0_norm_min=-0.776 x0_norm_max=0.982
        [Trial 16] gen   20  evals=  760  best=0.4802
        [Trial 16] gen   40  evals= 1520  best=0.4802
        [Pruned] Trial 16 at gen 45 (loss=0.4802)
    --> Trial 17 | pop=54 seed=1357 x0_norm_min=-0.863 x0_norm_max=0.835
        [Trial 17] gen   20  evals= 1080  best=0.4798
        [Trial 17] gen   40  evals= 2160  best=0.4798
        [Trial 17] gen   60  evals= 3240  best=0.4649
        [Trial 17] gen   80  evals= 4320  best=0.4649
        [Trial 17] gen  100  evals= 5400  best=0.4649
        [Trial 17] gen  120  evals= 6480  best=0.4649
        [Pruned] Trial 17 at gen 135 (loss=0.4649)
    --> Trial 18 | pop=43 seed=78163 x0_norm_min=-0.933 x0_norm_max=0.907
        [Trial 18] gen   20  evals=  860  best=0.4544
        [Trial 18] gen   40  evals= 1720  best=0.4544
        [Trial 18] gen   60  evals= 2580  best=0.4544
        [Trial 18] gen   80  evals= 3440  best=0.4544
        [Trial 18] gen  100  evals= 4300  best=0.4544
        [Trial 18] gen  120  evals= 5160  best=0.4544
        [Trial 18] gen  140  evals= 6020  best=0.4544
        [Trial 18] gen  160  evals= 6880  best=0.4544
        [Trial 18] gen  180  evals= 7740  best=0.4544
        [Trial 18] gen  200  evals= 8600  best=0.4544
        [Trial 18] gen  220  evals= 9460  best=0.4544
        [Trial 18] gen  240  evals=10320  best=0.4544
        [Trial 18] gen  260  evals=11180  best=0.4544
        [Trial 18] gen  280  evals=12040  best=0.4544
        [Trial 18] gen  300  evals=12900  best=0.4544
        [Trial 18] gen  320  evals=13760  best=0.4544
        [Trial 18] gen  340  evals=14620  best=0.4544
        [Done] Trial 18 best=0.4544
    --> Trial 19 | pop=35 seed=94847 x0_norm_min=-0.948 x0_norm_max=0.822
        [Trial 19] gen   20  evals=  700  best=0.4698
        [Trial 19] gen   40  evals= 1400  best=0.4698
        [Pruned] Trial 19 at gen 45 (loss=0.4698)

  Winner: Trial 18, loss=0.454398 (2198s)
    Restarts run: 20
    mu: 21.367882
    D_mu: 0.982936
    T0_mu: 39.115769
    Ly: 1.673732
    op_x: 0.510709
    op_y: 0.764132
    NMSE: 0.082165
  [Saved] random_IR_0020

============================================================
[21/50] random_IR_0021.npz
  GT loss: 0.092483
  terrain_mean=1.149779  early_threshold=0.102527  (alpha=0.0095)
  tolfun=0.0055 tolfunhist=0.0055  (frac=0.0052 of range=1.06)
    --> Trial 0 | pop=51 seed=30272 x0_norm_min=-0.944 x0_norm_max=0.730
        [Trial 0] gen   20  evals= 1020  best=0.4717
        [Trial 0] gen   40  evals= 2040  best=0.4717
        [Trial 0] gen   60  evals= 3060  best=0.4684
        [Trial 0] gen   80  evals= 4080  best=0.4684
        [Trial 0] gen  100  evals= 5100  best=0.4534
        [Trial 0] gen  120  evals= 6120  best=0.4534
        [Trial 0] gen  140  evals= 7140  best=0.4534
        [Trial 0] gen  160  evals= 8160  best=0.4534
        [Trial 0] gen  180  evals= 9180  best=0.4534
        [Trial 0] gen  200  evals=10200  best=0.4534
        [Trial 0] gen  220  evals=11220  best=0.4474
        [Trial 0] gen  240  evals=12240  best=0.4474
        [TRIAL TIMEOUT] Trial 0 total >600s, stopping
        [Done] Trial 0 best=0.4474
    --> Trial 1 | pop=52 seed=39314 x0_norm_min=-0.937 x0_norm_max=0.907
        [Pruned] Trial 1 at gen 15 (loss=0.4717)
    --> Trial 2 | pop=49 seed=1738 x0_norm_min=-0.344 x0_norm_max=0.824
        [Pruned] Trial 2 at gen 15 (loss=0.4911)
    --> Trial 3 | pop=49 seed=74654 x0_norm_min=-0.797 x0_norm_max=0.622
        [Pruned] Trial 3 at gen 15 (loss=0.4786)
    --> Trial 4 | pop=46 seed=19762 x0_norm_min=-0.947 x0_norm_max=0.785
        [Pruned] Trial 4 at gen 15 (loss=0.4869)
    --> Trial 5 | pop=47 seed=77675 x0_norm_min=-0.748 x0_norm_max=0.981
        [Pruned] Trial 5 at gen 15 (loss=0.4766)
    --> Trial 6 | pop=32 seed=6918 x0_norm_min=-0.929 x0_norm_max=0.732
        [Pruned] Trial 6 at gen 15 (loss=0.4874)
    --> Trial 7 | pop=47 seed=85303 x0_norm_min=-0.779 x0_norm_max=0.922
        [Trial 7] gen   20  evals=  940  best=0.4651
        [Trial 7] gen   40  evals= 1880  best=0.4651
        [Trial 7] gen   60  evals= 2820  best=0.4651
        [Trial 7] gen   80  evals= 3760  best=0.4651
        [Trial 7] gen  100  evals= 4700  best=0.4651
        [Trial 7] gen  120  evals= 5640  best=0.4571
        [Pruned] Trial 7 at gen 135 (loss=0.4571)
    --> Trial 8 | pop=42 seed=76527 x0_norm_min=-0.814 x0_norm_max=0.843
        [Trial 8] gen   20  evals=  840  best=0.4619
        [Trial 8] gen   40  evals= 1680  best=0.4619
        [Trial 8] gen   60  evals= 2520  best=0.4619
        [Trial 8] gen   80  evals= 3360  best=0.4619
        [Trial 8] gen  100  evals= 4200  best=0.4619
        [Trial 8] gen  120  evals= 5040  best=0.4619
        [Pruned] Trial 8 at gen 135 (loss=0.4619)
    --> Trial 9 | pop=56 seed=16066 x0_norm_min=-0.955 x0_norm_max=0.770
        [Trial 9] gen   20  evals= 1120  best=0.4628
        [Trial 9] gen   40  evals= 2240  best=0.4628
        [Pruned] Trial 9 at gen 45 (loss=0.4628)
    --> Trial 10 | pop=60 seed=47557 x0_norm_min=-0.841 x0_norm_max=0.672
        [Pruned] Trial 10 at gen 15 (loss=0.4743)
    --> Trial 11 | pop=42 seed=96344 x0_norm_min=-0.781 x0_norm_max=0.859
        [Pruned] Trial 11 at gen 15 (loss=0.4974)
    --> Trial 12 | pop=38 seed=47695 x0_norm_min=-0.402 x0_norm_max=0.428
        [Pruned] Trial 12 at gen 15 (loss=0.4829)
    --> Trial 13 | pop=55 seed=99998 x0_norm_min=-0.863 x0_norm_max=0.955
        [Trial 13] gen   20  evals= 1100  best=0.4599
        [Trial 13] gen   40  evals= 2200  best=0.4599
        [Trial 13] gen   60  evals= 3300  best=0.4599
        [Trial 13] gen   80  evals= 4400  best=0.4599
        [Trial 13] gen  100  evals= 5500  best=0.4599
        [Trial 13] gen  120  evals= 6600  best=0.4598
        [Trial 13] gen  140  evals= 7700  best=0.4483
        [Trial 13] gen  160  evals= 8800  best=0.4483
        [Trial 13] gen  180  evals= 9900  best=0.4483
        [Trial 13] gen  200  evals=11000  best=0.4483
        [Trial 13] gen  220  evals=12100  best=0.4483
        [Trial 13] gen  240  evals=13200  best=0.4483
        [Trial 13] gen  260  evals=14300  best=0.4483
        [Trial 13] gen  280  evals=15400  best=0.4483
        [Trial 13] gen  300  evals=16500  best=0.4483
        [Done] Trial 13 best=0.4483
    --> Trial 14 | pop=55 seed=61128 x0_norm_min=-0.897 x0_norm_max=-0.091
        [Pruned] Trial 14 at gen 15 (loss=0.4840)
    --> Trial 15 | pop=60 seed=32444 x0_norm_min=-0.690 x0_norm_max=0.990
        [Pruned] Trial 15 at gen 15 (loss=0.4821)
    --> Trial 16 | pop=54 seed=97433 x0_norm_min=-0.776 x0_norm_max=0.982
        [Pruned] Trial 16 at gen 15 (loss=0.4904)
    --> Trial 17 | pop=57 seed=64839 x0_norm_min=-0.863 x0_norm_max=0.835
        [Pruned] Trial 17 at gen 15 (loss=0.4755)
    --> Trial 18 | pop=52 seed=28999 x0_norm_min=-0.933 x0_norm_max=0.907
        [Trial 18] gen   20  evals= 1040  best=0.4490
        [Trial 18] gen   40  evals= 2080  best=0.4490
        [Trial 18] gen   60  evals= 3120  best=0.4490
        [Trial 18] gen   80  evals= 4160  best=0.4490
        [Trial 18] gen  100  evals= 5200  best=0.4490
        [Trial 18] gen  120  evals= 6240  best=0.4490
        [Pruned] Trial 18 at gen 135 (loss=0.4490)
    --> Trial 19 | pop=51 seed=55308 x0_norm_min=-0.948 x0_norm_max=0.822
        [Pruned] Trial 19 at gen 15 (loss=0.4866)

  Winner: Trial 0, loss=0.447408 (2027s)
    Restarts run: 20
    mu: 17.733346
    D_mu: 0.932239
    T0_mu: 47.199628
    Ly: 3.994939
    op_x: 0.597105
    op_y: 0.567238
    NMSE: 0.063065
  [Saved] random_IR_0021

============================================================
[22/50] random_IR_0022.npz
  GT loss: 0.060045
  terrain_mean=1.078335  early_threshold=0.069719  (alpha=0.0095)
  tolfun=0.0053 tolfunhist=0.0053  (frac=0.0052 of range=1.02)
    --> Trial 0 | pop=37 seed=88335 x0_norm_min=-0.944 x0_norm_max=0.730
        [Trial 0] gen   20  evals=  740  best=0.4497
        [Trial 0] gen   40  evals= 1480  best=0.4490
        [Trial 0] gen   60  evals= 2220  best=0.4458
        [Trial 0] gen   80  evals= 2960  best=0.4412
        [Trial 0] gen  100  evals= 3700  best=0.4407
        [Trial 0] gen  120  evals= 4440  best=0.4301
        [Trial 0] gen  140  evals= 5180  best=0.4301
        [Trial 0] gen  160  evals= 5920  best=0.4301
        [Trial 0] gen  180  evals= 6660  best=0.4301
        [Trial 0] gen  200  evals= 7400  best=0.4301
        [Trial 0] gen  220  evals= 8140  best=0.4301
        [Trial 0] gen  240  evals= 8880  best=0.4301
        [Trial 0] gen  260  evals= 9620  best=0.4301
        [Trial 0] gen  280  evals=10360  best=0.4295
        [Done] Trial 0 best=0.4283
    --> Trial 1 | pop=35 seed=79446 x0_norm_min=-0.937 x0_norm_max=0.907
        [Pruned] Trial 1 at gen 15 (loss=0.4646)
    --> Trial 2 | pop=33 seed=74281 x0_norm_min=-0.344 x0_norm_max=0.824
        [Pruned] Trial 2 at gen 15 (loss=0.4647)
    --> Trial 3 | pop=48 seed=35280 x0_norm_min=-0.797 x0_norm_max=0.622
        [Pruned] Trial 3 at gen 15 (loss=0.4575)
    --> Trial 4 | pop=55 seed=48601 x0_norm_min=-0.947 x0_norm_max=0.785
        [Pruned] Trial 4 at gen 15 (loss=0.4548)
    --> Trial 5 | pop=43 seed=46842 x0_norm_min=-0.748 x0_norm_max=0.981
        [Pruned] Trial 5 at gen 15 (loss=0.4599)
    --> Trial 6 | pop=32 seed=31066 x0_norm_min=-0.929 x0_norm_max=0.732
        [Pruned] Trial 6 at gen 15 (loss=0.4718)
    --> Trial 7 | pop=42 seed=5753 x0_norm_min=-0.779 x0_norm_max=0.922
        [Trial 7] gen   20  evals=  840  best=0.4525
        [Trial 7] gen   40  evals= 1680  best=0.4414
        [Trial 7] gen   60  evals= 2520  best=0.4414
        [Trial 7] gen   80  evals= 3360  best=0.4414
        [Trial 7] gen  100  evals= 4200  best=0.4414
        [Trial 7] gen  120  evals= 5040  best=0.4414
        [Pruned] Trial 7 at gen 135 (loss=0.4414)
    --> Trial 8 | pop=55 seed=22246 x0_norm_min=-0.814 x0_norm_max=0.843
        [Pruned] Trial 8 at gen 15 (loss=0.4643)
    --> Trial 9 | pop=31 seed=55061 x0_norm_min=-0.955 x0_norm_max=0.770
        [Pruned] Trial 9 at gen 15 (loss=0.4794)
    --> Trial 10 | pop=59 seed=90723 x0_norm_min=-0.841 x0_norm_max=0.672
        [Pruned] Trial 10 at gen 15 (loss=0.4553)
    --> Trial 11 | pop=40 seed=6302 x0_norm_min=-0.781 x0_norm_max=0.859
        [Trial 11] gen   20  evals=  800  best=0.4431
        [Trial 11] gen   40  evals= 1600  best=0.4329
        [Trial 11] gen   60  evals= 2400  best=0.4329
        [Trial 11] gen   80  evals= 3200  best=0.4329
        [Trial 11] gen  100  evals= 4000  best=0.4329
        [Trial 11] gen  120  evals= 4800  best=0.4329
        [Pruned] Trial 11 at gen 135 (loss=0.4329)
    --> Trial 12 | pop=39 seed=3089 x0_norm_min=-0.402 x0_norm_max=0.428
        [Pruned] Trial 12 at gen 15 (loss=0.4563)
    --> Trial 13 | pop=39 seed=64405 x0_norm_min=-0.863 x0_norm_max=0.955
        [Pruned] Trial 13 at gen 15 (loss=0.4574)
    --> Trial 14 | pop=46 seed=95827 x0_norm_min=-0.897 x0_norm_max=-0.091
        [Pruned] Trial 14 at gen 15 (loss=0.4615)
    --> Trial 15 | pop=38 seed=18220 x0_norm_min=-0.690 x0_norm_max=0.990
        [Trial 15] gen   20  evals=  760  best=0.4535
        [Trial 15] gen   40  evals= 1520  best=0.4535
        [Pruned] Trial 15 at gen 45 (loss=0.4510)
    --> Trial 16 | pop=48 seed=80587 x0_norm_min=-0.776 x0_norm_max=0.982
        [Pruned] Trial 16 at gen 15 (loss=0.4659)
    --> Trial 17 | pop=36 seed=66338 x0_norm_min=-0.863 x0_norm_max=0.835
        [Pruned] Trial 17 at gen 15 (loss=0.4671)
    --> Trial 18 | pop=43 seed=16066 x0_norm_min=-0.933 x0_norm_max=0.907
        [Pruned] Trial 18 at gen 15 (loss=0.4593)
    --> Trial 19 | pop=51 seed=38605 x0_norm_min=-0.948 x0_norm_max=0.822
        [Pruned] Trial 19 at gen 15 (loss=0.4688)

  Winner: Trial 0, loss=0.428288 (752s)
    Restarts run: 20
    mu: 76.738511
    D_mu: 13.253770
    T0_mu: 6.064535
    Ly: 3.711318
    op_x: 0.511134
    op_y: 0.819620
    NMSE: 0.061446
  [Saved] random_IR_0022

============================================================
[23/50] random_IR_0023.npz
  GT loss: 0.033361
  terrain_mean=1.076150  early_threshold=0.043267  (alpha=0.0095)
  tolfun=0.00542 tolfunhist=0.00542  (frac=0.0052 of range=1.04)
    --> Trial 0 | pop=47 seed=64578 x0_norm_min=-0.944 x0_norm_max=0.730
        [Trial 0] gen   20  evals=  940  best=0.4457
        [Trial 0] gen   40  evals= 1880  best=0.4457
        [Trial 0] gen   60  evals= 2820  best=0.4457
        [Trial 0] gen   80  evals= 3760  best=0.4457
        [Trial 0] gen  100  evals= 4700  best=0.4378
        [Trial 0] gen  120  evals= 5640  best=0.4378
        [Trial 0] gen  140  evals= 6580  best=0.4378
        [Trial 0] gen  160  evals= 7520  best=0.4378
        [Trial 0] gen  180  evals= 8460  best=0.4378
        [Trial 0] gen  200  evals= 9400  best=0.4378
        [Trial 0] gen  220  evals=10340  best=0.4339
        [Trial 0] gen  240  evals=11280  best=0.4339
        [Trial 0] gen  260  evals=12220  best=0.4339
        [Trial 0] gen  280  evals=13160  best=0.4335
        [Done] Trial 0 best=0.4322
    --> Trial 1 | pop=42 seed=36720 x0_norm_min=-0.937 x0_norm_max=0.907
        [Pruned] Trial 1 at gen 15 (loss=0.4603)
    --> Trial 2 | pop=59 seed=46868 x0_norm_min=-0.344 x0_norm_max=0.824
        [Trial 2] gen   20  evals= 1180  best=0.4406
        [Trial 2] gen   40  evals= 2360  best=0.4406
        [Trial 2] gen   60  evals= 3540  best=0.4406
        [Trial 2] gen   80  evals= 4720  best=0.4406
        [Trial 2] gen  100  evals= 5900  best=0.4406
        [Trial 2] gen  120  evals= 7080  best=0.4406
        [Pruned] Trial 2 at gen 135 (loss=0.4406)
    --> Trial 3 | pop=31 seed=56883 x0_norm_min=-0.797 x0_norm_max=0.622
        [Pruned] Trial 3 at gen 15 (loss=0.4588)
    --> Trial 4 | pop=33 seed=72126 x0_norm_min=-0.947 x0_norm_max=0.785
        [Pruned] Trial 4 at gen 15 (loss=0.4580)
    --> Trial 5 | pop=37 seed=9509 x0_norm_min=-0.748 x0_norm_max=0.981
        [Pruned] Trial 5 at gen 15 (loss=0.4635)
    --> Trial 6 | pop=55 seed=77117 x0_norm_min=-0.929 x0_norm_max=0.732
        [Pruned] Trial 6 at gen 15 (loss=0.4547)
    --> Trial 7 | pop=48 seed=26785 x0_norm_min=-0.779 x0_norm_max=0.922
        [Pruned] Trial 7 at gen 15 (loss=0.4602)
    --> Trial 8 | pop=53 seed=15671 x0_norm_min=-0.814 x0_norm_max=0.843
        [Trial 8] gen   20  evals= 1060  best=0.4481
        [Trial 8] gen   40  evals= 2120  best=0.4170
        [Trial 8] gen   60  evals= 3180  best=0.4170
        [Trial 8] gen   80  evals= 4240  best=0.4170
        [Trial 8] gen  100  evals= 5300  best=0.4170
        [Trial 8] gen  120  evals= 6360  best=0.4170
        [Trial 8] gen  140  evals= 7420  best=0.4170
        [Trial 8] gen  160  evals= 8480  best=0.4170
        [Trial 8] gen  180  evals= 9540  best=0.4170
        [Trial 8] gen  200  evals=10600  best=0.4170
        [Trial 8] gen  220  evals=11660  best=0.4170
        [Trial 8] gen  240  evals=12720  best=0.4170
        [Trial 8] gen  260  evals=13780  best=0.4170
        [Trial 8] gen  280  evals=14840  best=0.4170
        [Trial 8] gen  300  evals=15900  best=0.4170
        [Trial 8] gen  320  evals=16960  best=0.4170
        [Trial 8] gen  340  evals=18020  best=0.4170
        [Trial 8] gen  360  evals=19080  best=0.4170
        [Done] Trial 8 best=0.4170
    --> Trial 9 | pop=32 seed=18050 x0_norm_min=-0.955 x0_norm_max=0.770
        [Pruned] Trial 9 at gen 15 (loss=0.4901)
    --> Trial 10 | pop=52 seed=97065 x0_norm_min=-0.841 x0_norm_max=0.672
        [Pruned] Trial 10 at gen 15 (loss=0.4684)
    --> Trial 11 | pop=46 seed=2348 x0_norm_min=-0.781 x0_norm_max=0.859
        [Trial 11] gen   20  evals=  920  best=0.4303
        [Trial 11] gen   40  evals= 1840  best=0.4303
        [Pruned] Trial 11 at gen 45 (loss=0.4303)
    --> Trial 12 | pop=51 seed=65356 x0_norm_min=-0.402 x0_norm_max=0.428
        [Trial 12] gen   20  evals= 1020  best=0.4378
        [Trial 12] gen   40  evals= 2040  best=0.4378
        [Pruned] Trial 12 at gen 45 (loss=0.4378)
    --> Trial 13 | pop=42 seed=90195 x0_norm_min=-0.863 x0_norm_max=0.955
        [Pruned] Trial 13 at gen 15 (loss=0.4807)
    --> Trial 14 | pop=60 seed=41539 x0_norm_min=-0.897 x0_norm_max=-0.091
        [Pruned] Trial 14 at gen 15 (loss=0.4565)
    --> Trial 15 | pop=45 seed=26059 x0_norm_min=-0.690 x0_norm_max=0.990
        [Pruned] Trial 15 at gen 15 (loss=0.4587)
    --> Trial 16 | pop=52 seed=55166 x0_norm_min=-0.776 x0_norm_max=0.982
        [Pruned] Trial 16 at gen 15 (loss=0.4731)
    --> Trial 17 | pop=56 seed=79725 x0_norm_min=-0.863 x0_norm_max=0.835
        [Pruned] Trial 17 at gen 15 (loss=0.4700)
    --> Trial 18 | pop=40 seed=33377 x0_norm_min=-0.933 x0_norm_max=0.907
        [Pruned] Trial 18 at gen 15 (loss=0.4571)
    --> Trial 19 | pop=49 seed=17107 x0_norm_min=-0.948 x0_norm_max=0.822
        [Pruned] Trial 19 at gen 15 (loss=0.4579)

  Winner: Trial 8, loss=0.417026 (476s)
    Restarts run: 20
    mu: 57.605517
    D_mu: 11.981650
    T0_mu: 6.638501
    Ly: 2.166040
    op_x: 0.593380
    op_y: 0.821208
    NMSE: 0.012405
  [Saved] random_IR_0023

============================================================
[24/50] random_IR_0024.npz
  GT loss: 0.037064
  terrain_mean=0.989249  early_threshold=0.046109  (alpha=0.0095)
  tolfun=0.00495 tolfunhist=0.00495  (frac=0.0052 of range=0.952)
    --> Trial 0 | pop=43 seed=2998 x0_norm_min=-0.944 x0_norm_max=0.730
        [Trial 0] gen   20  evals=  860  best=0.4275
        [Trial 0] gen   40  evals= 1720  best=0.4118
        [Trial 0] gen   60  evals= 2580  best=0.4118
        [Trial 0] gen   80  evals= 3440  best=0.4118
        [Trial 0] gen  100  evals= 4300  best=0.4118
        [Trial 0] gen  120  evals= 5160  best=0.4118
        [Trial 0] gen  140  evals= 6020  best=0.4118
        [Trial 0] gen  160  evals= 6880  best=0.4118
        [Trial 0] gen  180  evals= 7740  best=0.4118
        [Trial 0] gen  200  evals= 8600  best=0.4118
        [Trial 0] gen  220  evals= 9460  best=0.4118
        [Trial 0] gen  240  evals=10320  best=0.4118
        [Trial 0] gen  260  evals=11180  best=0.3958
        [Trial 0] gen  280  evals=12040  best=0.3936
        [Done] Trial 0 best=0.3872
    --> Trial 1 | pop=52 seed=73650 x0_norm_min=-0.937 x0_norm_max=0.907
        [Pruned] Trial 1 at gen 15 (loss=0.4407)
    --> Trial 2 | pop=36 seed=22229 x0_norm_min=-0.344 x0_norm_max=0.824
        [Pruned] Trial 2 at gen 15 (loss=0.4345)
    --> Trial 3 | pop=38 seed=8451 x0_norm_min=-0.797 x0_norm_max=0.622
        [Pruned] Trial 3 at gen 15 (loss=0.4328)
    --> Trial 4 | pop=33 seed=65047 x0_norm_min=-0.947 x0_norm_max=0.785
        [Trial 4] gen   20  evals=  660  best=0.4104
        [Trial 4] gen   40  evals= 1320  best=0.4104
        [Trial 4] gen   60  evals= 1980  best=0.4104
        [Trial 4] gen   80  evals= 2640  best=0.4104
        [Trial 4] gen  100  evals= 3300  best=0.4104
        [Trial 4] gen  120  evals= 3960  best=0.4104
        [Trial 4] gen  140  evals= 4620  best=0.4104
        [Trial 4] gen  160  evals= 5280  best=0.4104
        [Trial 4] gen  180  evals= 5940  best=0.4104
        [Trial 4] gen  200  evals= 6600  best=0.4104
        [Trial 4] gen  220  evals= 7260  best=0.4104
        [Trial 4] gen  240  evals= 7920  best=0.4104
        [Trial 4] gen  260  evals= 8580  best=0.4091
        [Trial 4] gen  280  evals= 9240  best=0.4091
        [Trial 4] gen  300  evals= 9900  best=0.4091
        [Trial 4] gen  320  evals=10560  best=0.4091
        [Trial 4] gen  340  evals=11220  best=0.4091
        [Trial 4] gen  360  evals=11880  best=0.4091
        [Trial 4] gen  380  evals=12540  best=0.4091
        [Trial 4] gen  400  evals=13200  best=0.4091
        [Trial 4] gen  420  evals=13860  best=0.4091
        [Trial 4] gen  440  evals=14520  best=0.4091
        [Trial 4] gen  460  evals=15180  best=0.4085
        [Done] Trial 4 best=0.4078
    --> Trial 5 | pop=38 seed=41891 x0_norm_min=-0.748 x0_norm_max=0.981
        [Trial 5] gen   20  evals=  760  best=0.4251
        [Trial 5] gen   40  evals= 1520  best=0.4251
        [Pruned] Trial 5 at gen 45 (loss=0.4251)
    --> Trial 6 | pop=32 seed=85118 x0_norm_min=-0.929 x0_norm_max=0.732
        [Pruned] Trial 6 at gen 15 (loss=0.4346)
    --> Trial 7 | pop=57 seed=50707 x0_norm_min=-0.779 x0_norm_max=0.922
        [Pruned] Trial 7 at gen 15 (loss=0.4488)
    --> Trial 8 | pop=40 seed=52628 x0_norm_min=-0.814 x0_norm_max=0.843
        [Trial 8] gen   20  evals=  800  best=0.4091
        [Trial 8] gen   40  evals= 1600  best=0.4091
        [Trial 8] gen   60  evals= 2400  best=0.4091
        [Trial 8] gen   80  evals= 3200  best=0.4091
        [Trial 8] gen  100  evals= 4000  best=0.4091
        [Trial 8] gen  120  evals= 4800  best=0.4091
        [Trial 8] gen  140  evals= 5600  best=0.4091
        [Trial 8] gen  160  evals= 6400  best=0.4091
        [Trial 8] gen  180  evals= 7200  best=0.4091
        [Trial 8] gen  200  evals= 8000  best=0.4091
        [Trial 8] gen  220  evals= 8800  best=0.4019
        [Trial 8] gen  240  evals= 9600  best=0.4019
        [Trial 8] gen  260  evals=10400  best=0.3928
        [Done] Trial 8 best=0.3928
    --> Trial 9 | pop=47 seed=8083 x0_norm_min=-0.955 x0_norm_max=0.770
        [Pruned] Trial 9 at gen 15 (loss=0.4271)
    --> Trial 10 | pop=46 seed=93727 x0_norm_min=-0.841 x0_norm_max=0.672
        [Pruned] Trial 10 at gen 15 (loss=0.4452)
    --> Trial 11 | pop=43 seed=32537 x0_norm_min=-0.781 x0_norm_max=0.859
        [Pruned] Trial 11 at gen 15 (loss=0.4292)
    --> Trial 12 | pop=42 seed=57978 x0_norm_min=-0.402 x0_norm_max=0.428
        [Trial 12] gen   20  evals=  840  best=0.4257
        [Trial 12] gen   40  evals= 1680  best=0.4257
        [Pruned] Trial 12 at gen 45 (loss=0.4257)
    --> Trial 13 | pop=51 seed=493 x0_norm_min=-0.863 x0_norm_max=0.955
        [Pruned] Trial 13 at gen 15 (loss=0.4404)
    --> Trial 14 | pop=42 seed=26147 x0_norm_min=-0.897 x0_norm_max=-0.091
        [Pruned] Trial 14 at gen 15 (loss=0.4351)
    --> Trial 15 | pop=48 seed=39582 x0_norm_min=-0.690 x0_norm_max=0.990
        [Pruned] Trial 15 at gen 15 (loss=0.4363)
    --> Trial 16 | pop=39 seed=74578 x0_norm_min=-0.776 x0_norm_max=0.982
        [Pruned] Trial 16 at gen 15 (loss=0.4575)
    --> Trial 17 | pop=30 seed=18756 x0_norm_min=-0.863 x0_norm_max=0.835
        [Pruned] Trial 17 at gen 15 (loss=0.4575)
    --> Trial 18 | pop=55 seed=49985 x0_norm_min=-0.933 x0_norm_max=0.907
        [Pruned] Trial 18 at gen 15 (loss=0.4287)
    --> Trial 19 | pop=44 seed=95645 x0_norm_min=-0.948 x0_norm_max=0.822
        [Pruned] Trial 19 at gen 15 (loss=0.4388)

  Winner: Trial 0, loss=0.387198 (746s)
    Restarts run: 20
    mu: 66.370457
    D_mu: 29.974099
    T0_mu: 7.499716
    Ly: 3.602502
    op_x: 0.569824
    op_y: 0.837386
    NMSE: 0.050224
  [Saved] random_IR_0024

============================================================
[25/50] random_IR_0025.npz
  GT loss: 0.146506
  terrain_mean=1.277060  early_threshold=0.157246  (alpha=0.0095)
  tolfun=0.00588 tolfunhist=0.00588  (frac=0.0052 of range=1.13)
    --> Trial 0 | pop=43 seed=70776 x0_norm_min=-0.944 x0_norm_max=0.730
        [Trial 0] gen   20  evals=  860  best=0.5406
        [Trial 0] gen   40  evals= 1720  best=0.5390
        [Trial 0] gen   60  evals= 2580  best=0.5370
        [Trial 0] gen   80  evals= 3440  best=0.5148
        [Trial 0] gen  100  evals= 4300  best=0.5148
        [Trial 0] gen  120  evals= 5160  best=0.5148
        [Trial 0] gen  140  evals= 6020  best=0.5148
        [Trial 0] gen  160  evals= 6880  best=0.5148
        [Trial 0] gen  180  evals= 7740  best=0.5148
        [Trial 0] gen  200  evals= 8600  best=0.5148
        [Trial 0] gen  220  evals= 9460  best=0.5148
        [Trial 0] gen  240  evals=10320  best=0.5148
        [Trial 0] gen  260  evals=11180  best=0.5148
        [Trial 0] gen  280  evals=12040  best=0.5148
        [Done] Trial 0 best=0.5148
    --> Trial 1 | pop=40 seed=57458 x0_norm_min=-0.937 x0_norm_max=0.907
        [Pruned] Trial 1 at gen 15 (loss=0.5586)
    --> Trial 2 | pop=45 seed=91339 x0_norm_min=-0.344 x0_norm_max=0.824
        [Pruned] Trial 2 at gen 15 (loss=0.5455)
    --> Trial 3 | pop=56 seed=17517 x0_norm_min=-0.797 x0_norm_max=0.622
        [Trial 3] gen   20  evals= 1120  best=0.5388
        [Trial 3] gen   40  evals= 2240  best=0.5330
        [Trial 3] gen   60  evals= 3360  best=0.5146
        [Trial 3] gen   80  evals= 4480  best=0.5146
        [Trial 3] gen  100  evals= 5600  best=0.5146
        [Trial 3] gen  120  evals= 6720  best=0.5146
        [Trial 3] gen  140  evals= 7840  best=0.5146
        [Trial 3] gen  160  evals= 8960  best=0.5146
        [Trial 3] gen  180  evals=10080  best=0.5146
        [Trial 3] gen  200  evals=11200  best=0.5146
        [Trial 3] gen  220  evals=12320  best=0.5146
        [Trial 3] gen  240  evals=13440  best=0.5146
        [Trial 3] gen  260  evals=14560  best=0.5146
        [Trial 3] gen  280  evals=15680  best=0.5146
        [Trial 3] gen  300  evals=16800  best=0.5146
        [Done] Trial 3 best=0.5123
    --> Trial 4 | pop=52 seed=60410 x0_norm_min=-0.947 x0_norm_max=0.785
        [Pruned] Trial 4 at gen 15 (loss=0.5395)
    --> Trial 5 | pop=37 seed=75780 x0_norm_min=-0.748 x0_norm_max=0.981
        [Trial 5] gen   20  evals=  740  best=0.5245
        [Trial 5] gen   40  evals= 1480  best=0.5042
        [Trial 5] gen   60  evals= 2220  best=0.5042
        [Trial 5] gen   80  evals= 2960  best=0.5042
        [Trial 5] gen  100  evals= 3700  best=0.5042
        [Trial 5] gen  120  evals= 4440  best=0.5042
        [Trial 5] gen  140  evals= 5180  best=0.5042
        [Trial 5] gen  160  evals= 5920  best=0.5042
        [Trial 5] gen  180  evals= 6660  best=0.5042
        [Trial 5] gen  200  evals= 7400  best=0.5042
        [Trial 5] gen  220  evals= 8140  best=0.5042
        [Trial 5] gen  240  evals= 8880  best=0.5042
        [Trial 5] gen  260  evals= 9620  best=0.5042
        [Trial 5] gen  280  evals=10360  best=0.5042
        [Trial 5] gen  300  evals=11100  best=0.5042
        [Trial 5] gen  320  evals=11840  best=0.5042
        [Trial 5] gen  340  evals=12580  best=0.5042
        [Trial 5] gen  360  evals=13320  best=0.5042
        [Trial 5] gen  380  evals=14060  best=0.5042
        [Trial 5] gen  400  evals=14800  best=0.5042
        [Trial 5] gen  420  evals=15540  best=0.5042
        [Done] Trial 5 best=0.5042
    --> Trial 6 | pop=53 seed=18314 x0_norm_min=-0.929 x0_norm_max=0.732
        [Pruned] Trial 6 at gen 15 (loss=0.5514)
    --> Trial 7 | pop=31 seed=59785 x0_norm_min=-0.779 x0_norm_max=0.922
        [Trial 7] gen   20  evals=  620  best=0.5367
        [Trial 7] gen   40  evals= 1240  best=0.5367
        [Pruned] Trial 7 at gen 45 (loss=0.5367)
    --> Trial 8 | pop=41 seed=16985 x0_norm_min=-0.814 x0_norm_max=0.843
        [Pruned] Trial 8 at gen 15 (loss=0.5445)
    --> Trial 9 | pop=40 seed=58600 x0_norm_min=-0.955 x0_norm_max=0.770
        [Trial 9] gen   20  evals=  800  best=0.5224
        [Trial 9] gen   40  evals= 1600  best=0.5224
        [Pruned] Trial 9 at gen 45 (loss=0.5224)
    --> Trial 10 | pop=30 seed=528 x0_norm_min=-0.841 x0_norm_max=0.672
        [Pruned] Trial 10 at gen 15 (loss=0.5491)
    --> Trial 11 | pop=60 seed=97112 x0_norm_min=-0.781 x0_norm_max=0.859
        [Pruned] Trial 11 at gen 15 (loss=0.5541)
    --> Trial 12 | pop=58 seed=35878 x0_norm_min=-0.402 x0_norm_max=0.428
        [Pruned] Trial 12 at gen 15 (loss=0.5453)
    --> Trial 13 | pop=36 seed=36595 x0_norm_min=-0.863 x0_norm_max=0.955
        [Pruned] Trial 13 at gen 15 (loss=0.5517)
    --> Trial 14 | pop=49 seed=81584 x0_norm_min=-0.897 x0_norm_max=-0.091
        [Pruned] Trial 14 at gen 15 (loss=0.5769)
    --> Trial 15 | pop=36 seed=40274 x0_norm_min=-0.690 x0_norm_max=0.990
        [Pruned] Trial 15 at gen 15 (loss=0.5462)
    --> Trial 16 | pop=47 seed=422 x0_norm_min=-0.776 x0_norm_max=0.982
        [Trial 16] gen   20  evals=  940  best=0.5143
        [Trial 16] gen   40  evals= 1880  best=0.5143
        [Trial 16] gen   60  evals= 2820  best=0.5143
        [Trial 16] gen   80  evals= 3760  best=0.5143
        [Trial 16] gen  100  evals= 4700  best=0.5143
        [Trial 16] gen  120  evals= 5640  best=0.5143
        [Pruned] Trial 16 at gen 135 (loss=0.5143)
    --> Trial 17 | pop=56 seed=21217 x0_norm_min=-0.863 x0_norm_max=0.835
        [Trial 17] gen   20  evals= 1120  best=0.5261
        [Trial 17] gen   40  evals= 2240  best=0.5261
        [Pruned] Trial 17 at gen 45 (loss=0.5261)
    --> Trial 18 | pop=36 seed=46980 x0_norm_min=-0.933 x0_norm_max=0.907
        [Trial 18] gen   20  evals=  720  best=0.5345
        [Trial 18] gen   40  evals= 1440  best=0.5345
        [Pruned] Trial 18 at gen 45 (loss=0.5345)
    --> Trial 19 | pop=50 seed=73431 x0_norm_min=-0.948 x0_norm_max=0.822
        [Trial 19] gen   20  evals= 1000  best=0.5332
        [Trial 19] gen   40  evals= 2000  best=0.5332
        [Pruned] Trial 19 at gen 45 (loss=0.5332)

  Winner: Trial 5, loss=0.504221 (1924s)
    Restarts run: 20
    mu: 22.911680
    D_mu: 1.298766
    T0_mu: 26.584296
    Ly: 3.543186
    op_x: 0.614453
    op_y: 0.703583
    NMSE: 0.043471
  [Saved] random_IR_0025

============================================================
[26/50] random_IR_0026.npz
  GT loss: 0.061705
  terrain_mean=1.132192  early_threshold=0.071875  (alpha=0.0095)
  tolfun=0.00557 tolfunhist=0.00557  (frac=0.0052 of range=1.07)
    --> Trial 0 | pop=60 seed=37886 x0_norm_min=-0.944 x0_norm_max=0.730
        [Trial 0] gen   20  evals= 1200  best=0.4430
        [Trial 0] gen   40  evals= 2400  best=0.4430
        [Trial 0] gen   60  evals= 3600  best=0.4430
        [Trial 0] gen   80  evals= 4800  best=0.4292
        [Trial 0] gen  100  evals= 6000  best=0.4292
        [Trial 0] gen  120  evals= 7200  best=0.4292
        [Trial 0] gen  140  evals= 8400  best=0.4292
        [Trial 0] gen  160  evals= 9600  best=0.4292
        [Trial 0] gen  180  evals=10800  best=0.4292
        [Trial 0] gen  200  evals=12000  best=0.4292
        [Trial 0] gen  220  evals=13200  best=0.4292
        [Trial 0] gen  240  evals=14400  best=0.4292
        [Trial 0] gen  260  evals=15600  best=0.4292
        [TRIAL TIMEOUT] Trial 0 total >600s, stopping
        [Done] Trial 0 best=0.4292
    --> Trial 1 | pop=60 seed=98547 x0_norm_min=-0.937 x0_norm_max=0.907
        [Pruned] Trial 1 at gen 15 (loss=0.4650)
    --> Trial 2 | pop=30 seed=28998 x0_norm_min=-0.344 x0_norm_max=0.824
        [Pruned] Trial 2 at gen 15 (loss=0.4520)
    --> Trial 3 | pop=44 seed=99187 x0_norm_min=-0.797 x0_norm_max=0.622
        [Pruned] Trial 3 at gen 15 (loss=0.4485)
    --> Trial 4 | pop=56 seed=95493 x0_norm_min=-0.947 x0_norm_max=0.785
        [Pruned] Trial 4 at gen 15 (loss=0.4667)
    --> Trial 5 | pop=49 seed=15910 x0_norm_min=-0.748 x0_norm_max=0.981
        [Trial 5] gen   20  evals=  980  best=0.4374
        [Trial 5] gen   40  evals= 1960  best=0.4374
        [Trial 5] gen   60  evals= 2940  best=0.4374
        [Trial 5] gen   80  evals= 3920  best=0.4374
        [Trial 5] gen  100  evals= 4900  best=0.4373
        [Trial 5] gen  120  evals= 5880  best=0.4373
        [Pruned] Trial 5 at gen 135 (loss=0.4373)
    --> Trial 6 | pop=48 seed=95105 x0_norm_min=-0.929 x0_norm_max=0.732
        [Pruned] Trial 6 at gen 15 (loss=0.4655)
    --> Trial 7 | pop=40 seed=91435 x0_norm_min=-0.779 x0_norm_max=0.922
        [Pruned] Trial 7 at gen 15 (loss=0.4561)
    --> Trial 8 | pop=39 seed=11395 x0_norm_min=-0.814 x0_norm_max=0.843
        [Trial 8] gen   20  evals=  780  best=0.4363
        [Trial 8] gen   40  evals= 1560  best=0.4363
        [Trial 8] gen   60  evals= 2340  best=0.4363
        [Trial 8] gen   80  evals= 3120  best=0.4363
        [Trial 8] gen  100  evals= 3900  best=0.4363
        [Trial 8] gen  120  evals= 4680  best=0.4363
        [Pruned] Trial 8 at gen 135 (loss=0.4344)
    --> Trial 9 | pop=30 seed=31280 x0_norm_min=-0.955 x0_norm_max=0.770
        [Pruned] Trial 9 at gen 15 (loss=0.4700)
    --> Trial 10 | pop=54 seed=64029 x0_norm_min=-0.841 x0_norm_max=0.672
        [Pruned] Trial 10 at gen 15 (loss=0.4684)
    --> Trial 11 | pop=39 seed=461 x0_norm_min=-0.781 x0_norm_max=0.859
        [Trial 11] gen   20  evals=  780  best=0.4376
        [Trial 11] gen   40  evals= 1560  best=0.4376
        [Pruned] Trial 11 at gen 45 (loss=0.4376)
    --> Trial 12 | pop=36 seed=45979 x0_norm_min=-0.402 x0_norm_max=0.428
        [Pruned] Trial 12 at gen 15 (loss=0.4576)
    --> Trial 13 | pop=51 seed=52128 x0_norm_min=-0.863 x0_norm_max=0.955
        [Pruned] Trial 13 at gen 15 (loss=0.4625)
    --> Trial 14 | pop=60 seed=510 x0_norm_min=-0.897 x0_norm_max=-0.091
        [Trial 14] gen   20  evals= 1200  best=0.4410
        [Trial 14] gen   40  evals= 2400  best=0.4410
        [Pruned] Trial 14 at gen 45 (loss=0.4410)
    --> Trial 15 | pop=44 seed=20471 x0_norm_min=-0.690 x0_norm_max=0.990
        [Pruned] Trial 15 at gen 15 (loss=0.4725)
    --> Trial 16 | pop=35 seed=72725 x0_norm_min=-0.776 x0_norm_max=0.982
        [Pruned] Trial 16 at gen 15 (loss=0.4602)
    --> Trial 17 | pop=44 seed=43742 x0_norm_min=-0.863 x0_norm_max=0.835
        [Pruned] Trial 17 at gen 15 (loss=0.4714)
    --> Trial 18 | pop=55 seed=13069 x0_norm_min=-0.933 x0_norm_max=0.907
        [Trial 18] gen   20  evals= 1100  best=0.4295
        [Trial 18] gen   40  evals= 2200  best=0.4295
        [Trial 18] gen   60  evals= 3300  best=0.4295
        [Trial 18] gen   80  evals= 4400  best=0.4295
        [Trial 18] gen  100  evals= 5500  best=0.4295
        [Trial 18] gen  120  evals= 6600  best=0.4278
        [Trial 18] gen  140  evals= 7700  best=0.4278
        [Trial 18] gen  160  evals= 8800  best=0.4278
        [Trial 18] gen  180  evals= 9900  best=0.4278
        [Trial 18] gen  200  evals=11000  best=0.4278
        [Trial 18] gen  220  evals=12100  best=0.4278
        [Trial 18] gen  240  evals=13200  best=0.4278
        [Trial 18] gen  260  evals=14300  best=0.4278
        [Trial 18] gen  280  evals=15400  best=0.4278
        [Trial 18] gen  300  evals=16500  best=0.4278
        [Trial 18] gen  320  evals=17600  best=0.4278
        [Trial 18] gen  340  evals=18700  best=0.4278
        [Trial 18] gen  360  evals=19800  best=0.4278
        [Trial 18] gen  380  evals=20900  best=0.4278
        [TRIAL TIMEOUT] Trial 18 total >600s, stopping
        [Done] Trial 18 best=0.4278
    --> Trial 19 | pop=56 seed=35475 x0_norm_min=-0.948 x0_norm_max=0.822
        [Pruned] Trial 19 at gen 15 (loss=0.4580)

  Winner: Trial 18, loss=0.427781 (1577s)
    Restarts run: 20
    mu: 31.180477
    D_mu: 2.953664
    T0_mu: 12.913005
    Ly: 2.792590
    op_x: 0.650150
    op_y: 0.584193
    NMSE: 0.061574
  [Saved] random_IR_0026

============================================================
[27/50] random_IR_0027.npz
  GT loss: 0.135159
  terrain_mean=1.393387  early_threshold=0.147112  (alpha=0.0095)
  tolfun=0.00654 tolfunhist=0.00654  (frac=0.0052 of range=1.26)
    --> Trial 0 | pop=52 seed=41164 x0_norm_min=-0.944 x0_norm_max=0.730
        [Trial 0] gen   20  evals= 1040  best=0.5149
        [Trial 0] gen   40  evals= 2080  best=0.5149
        [Trial 0] gen   60  evals= 3120  best=0.5149
        [Trial 0] gen   80  evals= 4160  best=0.5082
        [Trial 0] gen  100  evals= 5200  best=0.4946
        [Trial 0] gen  120  evals= 6240  best=0.4946
        [Trial 0] gen  140  evals= 7280  best=0.4946
        [Trial 0] gen  160  evals= 8320  best=0.4946
        [Trial 0] gen  180  evals= 9360  best=0.4946
        [Done] Trial 0 best=0.4946
    --> Trial 1 | pop=31 seed=25513 x0_norm_min=-0.937 x0_norm_max=0.907
        [Pruned] Trial 1 at gen 15 (loss=0.5564)
    --> Trial 2 | pop=55 seed=11928 x0_norm_min=-0.344 x0_norm_max=0.824
        [Pruned] Trial 2 at gen 15 (loss=0.5244)
    --> Trial 3 | pop=34 seed=4645 x0_norm_min=-0.797 x0_norm_max=0.622
        [Pruned] Trial 3 at gen 15 (loss=0.5187)
    --> Trial 4 | pop=43 seed=61417 x0_norm_min=-0.947 x0_norm_max=0.785
        [Pruned] Trial 4 at gen 15 (loss=0.5351)
    --> Trial 5 | pop=40 seed=61572 x0_norm_min=-0.748 x0_norm_max=0.981
        [Pruned] Trial 5 at gen 15 (loss=0.5519)
    --> Trial 6 | pop=34 seed=94251 x0_norm_min=-0.929 x0_norm_max=0.732
        [Pruned] Trial 6 at gen 15 (loss=0.5220)
    --> Trial 7 | pop=44 seed=14233 x0_norm_min=-0.779 x0_norm_max=0.922
        [Pruned] Trial 7 at gen 15 (loss=0.5789)
    --> Trial 8 | pop=34 seed=56568 x0_norm_min=-0.814 x0_norm_max=0.843
        [Pruned] Trial 8 at gen 15 (loss=0.5435)
    --> Trial 9 | pop=43 seed=61975 x0_norm_min=-0.955 x0_norm_max=0.770
        [Pruned] Trial 9 at gen 15 (loss=0.5470)
    --> Trial 10 | pop=60 seed=95971 x0_norm_min=-0.841 x0_norm_max=0.672
        [Pruned] Trial 10 at gen 15 (loss=0.5688)
    --> Trial 11 | pop=51 seed=35745 x0_norm_min=-0.781 x0_norm_max=0.859
        [Pruned] Trial 11 at gen 15 (loss=0.5370)
    --> Trial 12 | pop=50 seed=1651 x0_norm_min=-0.402 x0_norm_max=0.428
        [Pruned] Trial 12 at gen 15 (loss=0.5291)
    --> Trial 13 | pop=60 seed=41336 x0_norm_min=-0.863 x0_norm_max=0.955
        [Pruned] Trial 13 at gen 15 (loss=0.5401)
    --> Trial 14 | pop=38 seed=43360 x0_norm_min=-0.897 x0_norm_max=-0.091
        [Pruned] Trial 14 at gen 15 (loss=0.5732)
    --> Trial 15 | pop=48 seed=81430 x0_norm_min=-0.690 x0_norm_max=0.990
        [Pruned] Trial 15 at gen 15 (loss=0.5292)
    --> Trial 16 | pop=53 seed=905 x0_norm_min=-0.776 x0_norm_max=0.982
        [Trial 16] gen   20  evals= 1060  best=0.5137
        [Trial 16] gen   40  evals= 2120  best=0.5137
        [Trial 16] gen   60  evals= 3180  best=0.5137
        [Trial 16] gen   80  evals= 4240  best=0.5133
        [Trial 16] gen  100  evals= 5300  best=0.5133
        [Trial 16] gen  120  evals= 6360  best=0.5133
        [Pruned] Trial 16 at gen 135 (loss=0.5133)
    --> Trial 17 | pop=55 seed=18557 x0_norm_min=-0.863 x0_norm_max=0.835
        [Pruned] Trial 17 at gen 15 (loss=0.5350)
    --> Trial 18 | pop=54 seed=28272 x0_norm_min=-0.933 x0_norm_max=0.907
        [Pruned] Trial 18 at gen 15 (loss=0.5319)
    --> Trial 19 | pop=47 seed=76149 x0_norm_min=-0.948 x0_norm_max=0.822
        [Trial 19] gen   20  evals=  940  best=0.5270
        [Trial 19] gen   40  evals= 1880  best=0.5214
        [Pruned] Trial 19 at gen 45 (loss=0.5214)

  Winner: Trial 0, loss=0.494607 (962s)
    Restarts run: 20
    mu: 20.787747
    D_mu: 0.879223
    T0_mu: 33.297698
    Ly: 3.354106
    op_x: 0.596832
    op_y: 0.727118
    NMSE: 0.049470
  [Saved] random_IR_0027

============================================================
[28/50] random_IR_0028.npz
  GT loss: 0.023531
  terrain_mean=1.367571  early_threshold=0.036300  (alpha=0.0095)
  tolfun=0.00699 tolfunhist=0.00699  (frac=0.0052 of range=1.34)
    --> Trial 0 | pop=41 seed=3512 x0_norm_min=-0.944 x0_norm_max=0.730
        [Trial 0] gen   20  evals=  820  best=0.4433
        [Trial 0] gen   40  evals= 1640  best=0.4433
        [Trial 0] gen   60  evals= 2460  best=0.4433
        [Trial 0] gen   80  evals= 3280  best=0.4433
        [Trial 0] gen  100  evals= 4100  best=0.4433
        [Trial 0] gen  120  evals= 4920  best=0.4433
        [Trial 0] gen  140  evals= 5740  best=0.4231
        [Trial 0] gen  160  evals= 6560  best=0.4231
        [Trial 0] gen  180  evals= 7380  best=0.4231
        [Trial 0] gen  200  evals= 8200  best=0.4231
        [Trial 0] gen  220  evals= 9020  best=0.4231
        [Trial 0] gen  240  evals= 9840  best=0.4231
        [Trial 0] gen  260  evals=10660  best=0.4231
        [Trial 0] gen  280  evals=11480  best=0.4070
        [Done] Trial 0 best=0.4051
    --> Trial 1 | pop=41 seed=79435 x0_norm_min=-0.937 x0_norm_max=0.907
        [Pruned] Trial 1 at gen 15 (loss=0.4757)
    --> Trial 2 | pop=39 seed=84374 x0_norm_min=-0.344 x0_norm_max=0.824
        [Pruned] Trial 2 at gen 15 (loss=0.4831)
    --> Trial 3 | pop=38 seed=61994 x0_norm_min=-0.797 x0_norm_max=0.622
        [Pruned] Trial 3 at gen 15 (loss=0.5182)
    --> Trial 4 | pop=56 seed=43258 x0_norm_min=-0.947 x0_norm_max=0.785
        [Pruned] Trial 4 at gen 15 (loss=0.5418)
    --> Trial 5 | pop=38 seed=14973 x0_norm_min=-0.748 x0_norm_max=0.981
        [Trial 5] gen   20  evals=  760  best=0.4695
        [Trial 5] gen   40  evals= 1520  best=0.4472
        [Pruned] Trial 5 at gen 45 (loss=0.4472)
    --> Trial 6 | pop=33 seed=20681 x0_norm_min=-0.929 x0_norm_max=0.732
        [Pruned] Trial 6 at gen 15 (loss=0.5164)
    --> Trial 7 | pop=34 seed=12425 x0_norm_min=-0.779 x0_norm_max=0.922
        [Pruned] Trial 7 at gen 15 (loss=0.5022)
    --> Trial 8 | pop=55 seed=7832 x0_norm_min=-0.814 x0_norm_max=0.843
        [Pruned] Trial 8 at gen 15 (loss=0.5051)
    --> Trial 9 | pop=51 seed=93186 x0_norm_min=-0.955 x0_norm_max=0.770
        [Trial 9] gen   20  evals= 1020  best=0.4579
        [Trial 9] gen   40  evals= 2040  best=0.4578
        [Pruned] Trial 9 at gen 45 (loss=0.4578)
    --> Trial 10 | pop=45 seed=40733 x0_norm_min=-0.841 x0_norm_max=0.672
        [Pruned] Trial 10 at gen 15 (loss=0.4950)
    --> Trial 11 | pop=46 seed=1558 x0_norm_min=-0.781 x0_norm_max=0.859
        [Pruned] Trial 11 at gen 15 (loss=0.4922)
    --> Trial 12 | pop=30 seed=27232 x0_norm_min=-0.402 x0_norm_max=0.428
        [Pruned] Trial 12 at gen 15 (loss=0.4975)
    --> Trial 13 | pop=44 seed=31126 x0_norm_min=-0.863 x0_norm_max=0.955
        [Pruned] Trial 13 at gen 15 (loss=0.4943)
    --> Trial 14 | pop=36 seed=782 x0_norm_min=-0.897 x0_norm_max=-0.091
        [Pruned] Trial 14 at gen 15 (loss=0.5967)
    --> Trial 15 | pop=42 seed=17642 x0_norm_min=-0.690 x0_norm_max=0.990
        [Trial 15] gen   20  evals=  840  best=0.4736
        [Trial 15] gen   40  evals= 1680  best=0.4726
        [Pruned] Trial 15 at gen 45 (loss=0.4577)
    --> Trial 16 | pop=49 seed=50279 x0_norm_min=-0.776 x0_norm_max=0.982
        [Pruned] Trial 16 at gen 15 (loss=0.4878)
    --> Trial 17 | pop=60 seed=29069 x0_norm_min=-0.863 x0_norm_max=0.835
        [Trial 17] gen   20  evals= 1200  best=0.4567
        [Trial 17] gen   40  evals= 2400  best=0.4567
        [Pruned] Trial 17 at gen 45 (loss=0.4567)
    --> Trial 18 | pop=30 seed=12942 x0_norm_min=-0.933 x0_norm_max=0.907
        [Pruned] Trial 18 at gen 15 (loss=0.4774)
    --> Trial 19 | pop=48 seed=59830 x0_norm_min=-0.948 x0_norm_max=0.822
        [Trial 19] gen   20  evals=  960  best=0.4497
        [Trial 19] gen   40  evals= 1920  best=0.4497
        [Trial 19] gen   60  evals= 2880  best=0.4420
        [Trial 19] gen   80  evals= 3840  best=0.4420
        [Trial 19] gen  100  evals= 4800  best=0.4329
        [Trial 19] gen  120  evals= 5760  best=0.4329
        [Trial 19] gen  140  evals= 6720  best=0.4329
        [Trial 19] gen  160  evals= 7680  best=0.4329
        [Trial 19] gen  180  evals= 8640  best=0.4329
        [Trial 19] gen  200  evals= 9600  best=0.4329
        [Trial 19] gen  220  evals=10560  best=0.4313
        [Trial 19] gen  240  evals=11520  best=0.4313
        [Done] Trial 19 best=0.4313

  Winner: Trial 0, loss=0.405102 (451s)
    Restarts run: 20
    mu: 4.175075
    D_mu: 4.411294
    T0_mu: 179.287418
    Ly: 1.427387
    op_x: 0.701387
    op_y: 0.935300
    NMSE: 0.080776
  [Saved] random_IR_0028

============================================================
[29/50] random_IR_0029.npz
  GT loss: 0.287016
  terrain_mean=2.021490  early_threshold=0.303493  (alpha=0.0095)
  tolfun=0.00902 tolfunhist=0.00902  (frac=0.0052 of range=1.73)
    --> Trial 0 | pop=51 seed=32421 x0_norm_min=-0.944 x0_norm_max=0.730
        [Trial 0] gen   20  evals= 1020  best=0.7461
        [Trial 0] gen   40  evals= 2040  best=0.7207
        [Trial 0] gen   60  evals= 3060  best=0.7155
        [Trial 0] gen   80  evals= 4080  best=0.7080
        [Trial 0] gen  100  evals= 5100  best=0.7080
        [Trial 0] gen  120  evals= 6120  best=0.7080
        [Trial 0] gen  140  evals= 7140  best=0.7080
        [Trial 0] gen  160  evals= 8160  best=0.7058
        [Trial 0] gen  180  evals= 9180  best=0.7058
        [Trial 0] gen  200  evals=10200  best=0.7058
        [Trial 0] gen  220  evals=11220  best=0.7058
        [TRIAL TIMEOUT] Trial 0 total >600s, stopping
        [Done] Trial 0 best=0.7058
    --> Trial 1 | pop=57 seed=76539 x0_norm_min=-0.937 x0_norm_max=0.907
        [Trial 1] gen   20  evals= 1140  best=0.7251
        [Trial 1] gen   40  evals= 2280  best=0.7251
        [Pruned] Trial 1 at gen 45 (loss=0.7251)
    --> Trial 2 | pop=44 seed=98193 x0_norm_min=-0.344 x0_norm_max=0.824
        [Pruned] Trial 2 at gen 15 (loss=0.7873)
    --> Trial 3 | pop=32 seed=56021 x0_norm_min=-0.797 x0_norm_max=0.622
        [Pruned] Trial 3 at gen 15 (loss=0.8465)
    --> Trial 4 | pop=37 seed=31815 x0_norm_min=-0.947 x0_norm_max=0.785
        [Pruned] Trial 4 at gen 15 (loss=0.8580)
    --> Trial 5 | pop=36 seed=9222 x0_norm_min=-0.748 x0_norm_max=0.981
        [Trial 5] gen   20  evals=  720  best=0.7018
        [Trial 5] gen   40  evals= 1440  best=0.7018
        [Trial 5] gen   60  evals= 2160  best=0.7018
        [Trial 5] gen   80  evals= 2880  best=0.7018
        [Trial 5] gen  100  evals= 3600  best=0.6982
        [Trial 5] gen  120  evals= 4320  best=0.6982
        [Trial 5] gen  140  evals= 5040  best=0.6982
        [Trial 5] gen  160  evals= 5760  best=0.6869
        [Trial 5] gen  180  evals= 6480  best=0.6869
        [Trial 5] gen  200  evals= 7200  best=0.6869
        [Trial 5] gen  220  evals= 7920  best=0.6841
        [Trial 5] gen  240  evals= 8640  best=0.6841
        [Trial 5] gen  260  evals= 9360  best=0.6841
        [Trial 5] gen  280  evals=10080  best=0.6841
        [Trial 5] gen  300  evals=10800  best=0.6792
        [Trial 5] gen  320  evals=11520  best=0.6792
        [Done] Trial 5 best=0.6792
    --> Trial 6 | pop=56 seed=25993 x0_norm_min=-0.929 x0_norm_max=0.732
        [Pruned] Trial 6 at gen 15 (loss=0.7587)
    --> Trial 7 | pop=35 seed=81655 x0_norm_min=-0.779 x0_norm_max=0.922
        [Pruned] Trial 7 at gen 15 (loss=0.8054)
    --> Trial 8 | pop=45 seed=29839 x0_norm_min=-0.814 x0_norm_max=0.843
        [Trial 8] gen   20  evals=  900  best=0.7323
        [Trial 8] gen   40  evals= 1800  best=0.7323
        [Pruned] Trial 8 at gen 45 (loss=0.7219)
    --> Trial 9 | pop=38 seed=30187 x0_norm_min=-0.955 x0_norm_max=0.770
        [Trial 9] gen   20  evals=  760  best=0.7485
        [Trial 9] gen   40  evals= 1520  best=0.7485
        [Pruned] Trial 9 at gen 45 (loss=0.7485)
    --> Trial 10 | pop=30 seed=1566 x0_norm_min=-0.841 x0_norm_max=0.672
        [Pruned] Trial 10 at gen 15 (loss=0.8934)
    --> Trial 11 | pop=50 seed=5802 x0_norm_min=-0.781 x0_norm_max=0.859
        [Trial 11] gen   20  evals= 1000  best=0.7268
        [Trial 11] gen   40  evals= 2000  best=0.7267
        [Pruned] Trial 11 at gen 45 (loss=0.7267)
    --> Trial 12 | pop=50 seed=46739 x0_norm_min=-0.402 x0_norm_max=0.428
        [Pruned] Trial 12 at gen 15 (loss=0.7685)
    --> Trial 13 | pop=42 seed=15735 x0_norm_min=-0.863 x0_norm_max=0.955
        [Trial 13] gen   20  evals=  840  best=0.7137
        [Trial 13] gen   40  evals= 1680  best=0.6587
        [Trial 13] gen   60  evals= 2520  best=0.6587
        [Trial 13] gen   80  evals= 3360  best=0.6587
        [Trial 13] gen  100  evals= 4200  best=0.6587
        [Trial 13] gen  120  evals= 5040  best=0.6587
        [Trial 13] gen  140  evals= 5880  best=0.6587
        [Trial 13] gen  160  evals= 6720  best=0.6587
        [Trial 13] gen  180  evals= 7560  best=0.6587
        [Trial 13] gen  200  evals= 8400  best=0.6587
        [Trial 13] gen  220  evals= 9240  best=0.6587
        [Trial 13] gen  240  evals=10080  best=0.6587
        [Trial 13] gen  260  evals=10920  best=0.6587
        [Done] Trial 13 best=0.6587
    --> Trial 14 | pop=42 seed=12964 x0_norm_min=-0.897 x0_norm_max=-0.091
        [Trial 14] gen   20  evals=  840  best=0.7143
        [Trial 14] gen   40  evals= 1680  best=0.7143
        [Pruned] Trial 14 at gen 45 (loss=0.7143)
    --> Trial 15 | pop=40 seed=17094 x0_norm_min=-0.690 x0_norm_max=0.990
        [Pruned] Trial 15 at gen 15 (loss=0.7478)
    --> Trial 16 | pop=34 seed=46818 x0_norm_min=-0.776 x0_norm_max=0.982
        [Pruned] Trial 16 at gen 15 (loss=0.7686)
    --> Trial 17 | pop=45 seed=12621 x0_norm_min=-0.863 x0_norm_max=0.835
        [Pruned] Trial 17 at gen 15 (loss=0.7949)
    --> Trial 18 | pop=41 seed=691 x0_norm_min=-0.933 x0_norm_max=0.907
        [Pruned] Trial 18 at gen 15 (loss=0.8195)
    --> Trial 19 | pop=47 seed=20884 x0_norm_min=-0.948 x0_norm_max=0.822
        [Pruned] Trial 19 at gen 15 (loss=0.7758)

  Winner: Trial 13, loss=0.658688 (1625s)
    Restarts run: 20
    mu: 31.570968
    D_mu: 2.439090
    T0_mu: 23.025126
    Ly: 1.773933
    op_x: 0.642420
    op_y: 0.846575
    NMSE: 0.048216
  [Saved] random_IR_0029

============================================================
[30/50] random_IR_0030.npz
  GT loss: 0.069751
  terrain_mean=1.005938  early_threshold=0.078645  (alpha=0.0095)
  tolfun=0.00487 tolfunhist=0.00487  (frac=0.0052 of range=0.936)
    --> Trial 0 | pop=50 seed=85352 x0_norm_min=-0.944 x0_norm_max=0.730
        [Trial 0] gen   20  evals= 1000  best=0.4456
        [Trial 0] gen   40  evals= 2000  best=0.4456
        [Trial 0] gen   60  evals= 3000  best=0.4456
        [Trial 0] gen   80  evals= 4000  best=0.4456
        [Trial 0] gen  100  evals= 5000  best=0.4388
        [Trial 0] gen  120  evals= 6000  best=0.4388
        [Trial 0] gen  140  evals= 7000  best=0.4388
        [Trial 0] gen  160  evals= 8000  best=0.4388
        [Trial 0] gen  180  evals= 9000  best=0.4388
        [Trial 0] gen  200  evals=10000  best=0.4388
        [Trial 0] gen  220  evals=11000  best=0.4365
        [Trial 0] gen  240  evals=12000  best=0.4331
        [Done] Trial 0 best=0.4312
    --> Trial 1 | pop=41 seed=4258 x0_norm_min=-0.937 x0_norm_max=0.907
        [Pruned] Trial 1 at gen 15 (loss=0.4639)
    --> Trial 2 | pop=58 seed=89620 x0_norm_min=-0.344 x0_norm_max=0.824
        [Pruned] Trial 2 at gen 15 (loss=0.4692)
    --> Trial 3 | pop=38 seed=1830 x0_norm_min=-0.797 x0_norm_max=0.622
        [Trial 3] gen   20  evals=  760  best=0.4430
        [Trial 3] gen   40  evals= 1520  best=0.4430
        [Trial 3] gen   60  evals= 2280  best=0.4430
        [Trial 3] gen   80  evals= 3040  best=0.4430
        [Trial 3] gen  100  evals= 3800  best=0.4430
        [Trial 3] gen  120  evals= 4560  best=0.4430
        [Pruned] Trial 3 at gen 135 (loss=0.4430)
    --> Trial 4 | pop=50 seed=97950 x0_norm_min=-0.947 x0_norm_max=0.785
        [Pruned] Trial 4 at gen 15 (loss=0.4748)
    --> Trial 5 | pop=58 seed=91581 x0_norm_min=-0.748 x0_norm_max=0.981
        [Pruned] Trial 5 at gen 15 (loss=0.4758)
    --> Trial 6 | pop=30 seed=35885 x0_norm_min=-0.929 x0_norm_max=0.732
        [Pruned] Trial 6 at gen 15 (loss=0.4707)
    --> Trial 7 | pop=57 seed=28228 x0_norm_min=-0.779 x0_norm_max=0.922
        [Pruned] Trial 7 at gen 15 (loss=0.4575)
    --> Trial 8 | pop=49 seed=15987 x0_norm_min=-0.814 x0_norm_max=0.843
        [Pruned] Trial 8 at gen 15 (loss=0.4689)
    --> Trial 9 | pop=47 seed=46593 x0_norm_min=-0.955 x0_norm_max=0.770
        [Trial 9] gen   20  evals=  940  best=0.4439
        [Trial 9] gen   40  evals= 1880  best=0.4439
        [Pruned] Trial 9 at gen 45 (loss=0.4439)
    --> Trial 10 | pop=30 seed=61409 x0_norm_min=-0.841 x0_norm_max=0.672
        [Pruned] Trial 10 at gen 15 (loss=0.4631)
    --> Trial 11 | pop=38 seed=66882 x0_norm_min=-0.781 x0_norm_max=0.859
        [Pruned] Trial 11 at gen 15 (loss=0.4630)
    --> Trial 12 | pop=40 seed=72883 x0_norm_min=-0.402 x0_norm_max=0.428
        [Trial 12] gen   20  evals=  800  best=0.4471
        [Trial 12] gen   40  evals= 1600  best=0.4471
        [Pruned] Trial 12 at gen 45 (loss=0.4471)
    --> Trial 13 | pop=44 seed=45994 x0_norm_min=-0.863 x0_norm_max=0.955
        [Pruned] Trial 13 at gen 15 (loss=0.4708)
    --> Trial 14 | pop=34 seed=8941 x0_norm_min=-0.897 x0_norm_max=-0.091
        [Pruned] Trial 14 at gen 15 (loss=0.4607)
    --> Trial 15 | pop=53 seed=77593 x0_norm_min=-0.690 x0_norm_max=0.990
        [Pruned] Trial 15 at gen 15 (loss=0.4585)
    --> Trial 16 | pop=36 seed=21880 x0_norm_min=-0.776 x0_norm_max=0.982
        [Pruned] Trial 16 at gen 15 (loss=0.4726)
    --> Trial 17 | pop=45 seed=54930 x0_norm_min=-0.863 x0_norm_max=0.835
        [Trial 17] gen   20  evals=  900  best=0.4372
        [Trial 17] gen   40  evals= 1800  best=0.4372
        [Trial 17] gen   60  evals= 2700  best=0.4372
        [Trial 17] gen   80  evals= 3600  best=0.4372
        [Trial 17] gen  100  evals= 4500  best=0.4372
        [Trial 17] gen  120  evals= 5400  best=0.4372
        [Trial 17] gen  140  evals= 6300  best=0.4372
        [Trial 17] gen  160  evals= 7200  best=0.4372
        [Trial 17] gen  180  evals= 8100  best=0.4372
        [Trial 17] gen  200  evals= 9000  best=0.4372
        [Trial 17] gen  220  evals= 9900  best=0.4372
        [Done] Trial 17 best=0.4372
    --> Trial 18 | pop=53 seed=61314 x0_norm_min=-0.933 x0_norm_max=0.907
        [Trial 18] gen   20  evals= 1060  best=0.4507
        [Trial 18] gen   40  evals= 2120  best=0.4507
        [Pruned] Trial 18 at gen 45 (loss=0.4507)
    --> Trial 19 | pop=44 seed=48935 x0_norm_min=-0.948 x0_norm_max=0.822
        [Pruned] Trial 19 at gen 15 (loss=0.4781)

  Winner: Trial 0, loss=0.431174 (888s)
    Restarts run: 20
    mu: 10.579293
    D_mu: 0.984312
    T0_mu: 57.117286
    Ly: 2.105846
    op_x: 0.617161
    op_y: 0.561422
    NMSE: 0.129331
  [Saved] random_IR_0030

============================================================
[31/50] random_IR_0031.npz
  GT loss: 0.122454
  terrain_mean=1.151382  early_threshold=0.132229  (alpha=0.0095)
  tolfun=0.00535 tolfunhist=0.00535  (frac=0.0052 of range=1.03)
    --> Trial 0 | pop=39 seed=22888 x0_norm_min=-0.944 x0_norm_max=0.730
        [Trial 0] gen   20  evals=  780  best=0.4887
        [Trial 0] gen   40  evals= 1560  best=0.4887
        [Trial 0] gen   60  evals= 2340  best=0.4887
        [Trial 0] gen   80  evals= 3120  best=0.4887
        [Trial 0] gen  100  evals= 3900  best=0.4887
        [Trial 0] gen  120  evals= 4680  best=0.4887
        [Trial 0] gen  140  evals= 5460  best=0.4887
        [Trial 0] gen  160  evals= 6240  best=0.4845
        [Trial 0] gen  180  evals= 7020  best=0.4845
        [Trial 0] gen  200  evals= 7800  best=0.4826
        [Trial 0] gen  220  evals= 8580  best=0.4826
        [Trial 0] gen  240  evals= 9360  best=0.4826
        [Trial 0] gen  260  evals=10140  best=0.4826
        [Trial 0] gen  280  evals=10920  best=0.4826
        [Trial 0] gen  300  evals=11700  best=0.4688
        [Done] Trial 0 best=0.4676
    --> Trial 1 | pop=31 seed=98806 x0_norm_min=-0.937 x0_norm_max=0.907
        [Pruned] Trial 1 at gen 15 (loss=0.4947)
    --> Trial 2 | pop=54 seed=47313 x0_norm_min=-0.344 x0_norm_max=0.824
        [Pruned] Trial 2 at gen 15 (loss=0.5032)
    --> Trial 3 | pop=35 seed=67040 x0_norm_min=-0.797 x0_norm_max=0.622
        [Pruned] Trial 3 at gen 15 (loss=0.5074)
    --> Trial 4 | pop=52 seed=70474 x0_norm_min=-0.947 x0_norm_max=0.785
        [Pruned] Trial 4 at gen 15 (loss=0.5028)
    --> Trial 5 | pop=58 seed=24670 x0_norm_min=-0.748 x0_norm_max=0.981
        [Pruned] Trial 5 at gen 15 (loss=0.5047)
    --> Trial 6 | pop=52 seed=86987 x0_norm_min=-0.929 x0_norm_max=0.732
        [Pruned] Trial 6 at gen 15 (loss=0.5368)
    --> Trial 7 | pop=30 seed=392 x0_norm_min=-0.779 x0_norm_max=0.922
        [Pruned] Trial 7 at gen 15 (loss=0.5227)
    --> Trial 8 | pop=36 seed=56176 x0_norm_min=-0.814 x0_norm_max=0.843
        [Pruned] Trial 8 at gen 15 (loss=0.5377)
    --> Trial 9 | pop=37 seed=84234 x0_norm_min=-0.955 x0_norm_max=0.770
        [Pruned] Trial 9 at gen 15 (loss=0.5157)
    --> Trial 10 | pop=45 seed=31214 x0_norm_min=-0.841 x0_norm_max=0.672
        [Pruned] Trial 10 at gen 15 (loss=0.5110)
    --> Trial 11 | pop=43 seed=99606 x0_norm_min=-0.781 x0_norm_max=0.859
        [Pruned] Trial 11 at gen 15 (loss=0.5091)
    --> Trial 12 | pop=31 seed=55 x0_norm_min=-0.402 x0_norm_max=0.428
        [Pruned] Trial 12 at gen 15 (loss=0.5034)
    --> Trial 13 | pop=42 seed=22729 x0_norm_min=-0.863 x0_norm_max=0.955
        [Trial 13] gen   20  evals=  840  best=0.4992
        [Trial 13] gen   40  evals= 1680  best=0.4992
        [Pruned] Trial 13 at gen 45 (loss=0.4992)
    --> Trial 14 | pop=43 seed=18448 x0_norm_min=-0.897 x0_norm_max=-0.091
        [Pruned] Trial 14 at gen 15 (loss=0.5269)
    --> Trial 15 | pop=46 seed=36745 x0_norm_min=-0.690 x0_norm_max=0.990
        [Pruned] Trial 15 at gen 15 (loss=0.5197)
    --> Trial 16 | pop=40 seed=14828 x0_norm_min=-0.776 x0_norm_max=0.982
        [Trial 16] gen   20  evals=  800  best=0.4986
        [Trial 16] gen   40  evals= 1600  best=0.4986
        [Pruned] Trial 16 at gen 45 (loss=0.4986)
    --> Trial 17 | pop=39 seed=10625 x0_norm_min=-0.863 x0_norm_max=0.835
        [Pruned] Trial 17 at gen 15 (loss=0.5176)
    --> Trial 18 | pop=49 seed=42269 x0_norm_min=-0.933 x0_norm_max=0.907
        [Pruned] Trial 18 at gen 15 (loss=0.5133)
    --> Trial 19 | pop=40 seed=11964 x0_norm_min=-0.948 x0_norm_max=0.822
        [Pruned] Trial 19 at gen 15 (loss=0.5173)

  Winner: Trial 0, loss=0.467597 (724s)
    Restarts run: 20
    mu: 13.950050
    D_mu: 0.658739
    T0_mu: 46.915164
    Ly: 3.992973
    op_x: 0.513971
    op_y: 0.560263
    NMSE: 0.101731
  [Saved] random_IR_0031

============================================================
[32/50] random_IR_0032.npz
  GT loss: 0.135117
  terrain_mean=1.154975  early_threshold=0.144806  (alpha=0.0095)
  tolfun=0.0053 tolfunhist=0.0053  (frac=0.0052 of range=1.02)
    --> Trial 0 | pop=41 seed=50557 x0_norm_min=-0.944 x0_norm_max=0.730
        [Trial 0] gen   20  evals=  820  best=0.5328
        [Trial 0] gen   40  evals= 1640  best=0.5113
        [Trial 0] gen   60  evals= 2460  best=0.5113
        [Trial 0] gen   80  evals= 3280  best=0.5113
        [Trial 0] gen  100  evals= 4100  best=0.5113
        [Trial 0] gen  120  evals= 4920  best=0.5113
        [Trial 0] gen  140  evals= 5740  best=0.5113
        [Trial 0] gen  160  evals= 6560  best=0.5113
        [Trial 0] gen  180  evals= 7380  best=0.5113
        [Trial 0] gen  200  evals= 8200  best=0.5113
        [Trial 0] gen  220  evals= 9020  best=0.5113
        [Trial 0] gen  240  evals= 9840  best=0.5113
        [Trial 0] gen  260  evals=10660  best=0.5113
        [Done] Trial 0 best=0.5113
    --> Trial 1 | pop=55 seed=80034 x0_norm_min=-0.937 x0_norm_max=0.907
        [Trial 1] gen   20  evals= 1100  best=0.5265
        [Trial 1] gen   40  evals= 2200  best=0.5095
        [Trial 1] gen   60  evals= 3300  best=0.5095
        [Trial 1] gen   80  evals= 4400  best=0.5031
        [Trial 1] gen  100  evals= 5500  best=0.5031
        [Trial 1] gen  120  evals= 6600  best=0.5031
        [Trial 1] gen  140  evals= 7700  best=0.5031
        [Trial 1] gen  160  evals= 8800  best=0.5031
        [Trial 1] gen  180  evals= 9900  best=0.5031
        [Trial 1] gen  200  evals=11000  best=0.5031
        [Trial 1] gen  220  evals=12100  best=0.5031
        [Trial 1] gen  240  evals=13200  best=0.4974
        [Trial 1] gen  260  evals=14300  best=0.4974
        [Done] Trial 1 best=0.4974
    --> Trial 2 | pop=41 seed=29576 x0_norm_min=-0.344 x0_norm_max=0.824
        [Trial 2] gen   20  evals=  820  best=0.5256
        [Trial 2] gen   40  evals= 1640  best=0.5212
        [Pruned] Trial 2 at gen 45 (loss=0.5212)
    --> Trial 3 | pop=54 seed=436 x0_norm_min=-0.797 x0_norm_max=0.622
        [Pruned] Trial 3 at gen 15 (loss=0.5257)
    --> Trial 4 | pop=42 seed=30567 x0_norm_min=-0.947 x0_norm_max=0.785
        [Trial 4] gen   20  evals=  840  best=0.5229
        [Trial 4] gen   40  evals= 1680  best=0.5170
        [Pruned] Trial 4 at gen 45 (loss=0.5170)
    --> Trial 5 | pop=33 seed=12032 x0_norm_min=-0.748 x0_norm_max=0.981
        [Trial 5] gen   20  evals=  660  best=0.5246
        [Trial 5] gen   40  evals= 1320  best=0.5186
        [Pruned] Trial 5 at gen 45 (loss=0.5160)
    --> Trial 6 | pop=54 seed=68455 x0_norm_min=-0.929 x0_norm_max=0.732
        [Trial 6] gen   20  evals= 1080  best=0.5232
        [Trial 6] gen   40  evals= 2160  best=0.5232
        [Pruned] Trial 6 at gen 45 (loss=0.5232)
    --> Trial 7 | pop=55 seed=79000 x0_norm_min=-0.779 x0_norm_max=0.922
        [Trial 7] gen   20  evals= 1100  best=0.5165
        [Trial 7] gen   40  evals= 2200  best=0.5165
        [Pruned] Trial 7 at gen 45 (loss=0.5165)
    --> Trial 8 | pop=42 seed=23818 x0_norm_min=-0.814 x0_norm_max=0.843
        [Trial 8] gen   20  evals=  840  best=0.5186
        [Trial 8] gen   40  evals= 1680  best=0.5158
        [Pruned] Trial 8 at gen 45 (loss=0.5158)
    --> Trial 9 | pop=30 seed=14051 x0_norm_min=-0.955 x0_norm_max=0.770
        [Trial 9] gen   20  evals=  600  best=0.5014
        [Trial 9] gen   40  evals= 1200  best=0.5014
        [Trial 9] gen   60  evals= 1800  best=0.5014
        [Trial 9] gen   80  evals= 2400  best=0.5014
        [Trial 9] gen  100  evals= 3000  best=0.5014
        [Trial 9] gen  120  evals= 3600  best=0.5014
        [Trial 9] gen  140  evals= 4200  best=0.5014
        [Trial 9] gen  160  evals= 4800  best=0.5014
        [Trial 9] gen  180  evals= 5400  best=0.5014
        [Trial 9] gen  200  evals= 6000  best=0.4930
        [Trial 9] gen  220  evals= 6600  best=0.4930
        [Trial 9] gen  240  evals= 7200  best=0.4930
        [Trial 9] gen  260  evals= 7800  best=0.4923
        [Done] Trial 9 best=0.4898
    --> Trial 10 | pop=32 seed=53018 x0_norm_min=-0.841 x0_norm_max=0.672
        [Trial 10] gen   20  evals=  640  best=0.5169
        [Trial 10] gen   40  evals= 1280  best=0.5169
        [Pruned] Trial 10 at gen 45 (loss=0.5169)
    --> Trial 11 | pop=60 seed=83619 x0_norm_min=-0.781 x0_norm_max=0.859
        [Trial 11] gen   20  evals= 1200  best=0.5151
        [Trial 11] gen   40  evals= 2400  best=0.5056
        [Trial 11] gen   60  evals= 3600  best=0.5045
        [Trial 11] gen   80  evals= 4800  best=0.5045
        [Trial 11] gen  100  evals= 6000  best=0.5045
        [Trial 11] gen  120  evals= 7200  best=0.5023
        [Pruned] Trial 11 at gen 135 (loss=0.5023)
    --> Trial 12 | pop=49 seed=97025 x0_norm_min=-0.402 x0_norm_max=0.428
        [Pruned] Trial 12 at gen 15 (loss=0.5313)
    --> Trial 13 | pop=47 seed=49712 x0_norm_min=-0.863 x0_norm_max=0.955
        [Pruned] Trial 13 at gen 15 (loss=0.5227)
    --> Trial 14 | pop=36 seed=95926 x0_norm_min=-0.897 x0_norm_max=-0.091
        [Trial 14] gen   20  evals=  720  best=0.5125
        [Trial 14] gen   40  evals= 1440  best=0.5125
        [Pruned] Trial 14 at gen 45 (loss=0.5125)
    --> Trial 15 | pop=60 seed=64676 x0_norm_min=-0.690 x0_norm_max=0.990
        [Trial 15] gen   20  evals= 1200  best=0.5151
        [Trial 15] gen   40  evals= 2400  best=0.5054
        [Trial 15] gen   60  evals= 3600  best=0.5054
        [Trial 15] gen   80  evals= 4800  best=0.5054
        [Trial 15] gen  100  evals= 6000  best=0.5054
        [Trial 15] gen  120  evals= 7200  best=0.5054
        [Pruned] Trial 15 at gen 135 (loss=0.5054)
    --> Trial 16 | pop=30 seed=37385 x0_norm_min=-0.776 x0_norm_max=0.982
        [Trial 16] gen   20  evals=  600  best=0.5122
        [Trial 16] gen   40  evals= 1200  best=0.5122
        [Pruned] Trial 16 at gen 45 (loss=0.5122)
    --> Trial 17 | pop=37 seed=322 x0_norm_min=-0.863 x0_norm_max=0.835
        [Pruned] Trial 17 at gen 15 (loss=0.5236)
    --> Trial 18 | pop=49 seed=16839 x0_norm_min=-0.933 x0_norm_max=0.907
        [Trial 18] gen   20  evals=  980  best=0.5135
        [Trial 18] gen   40  evals= 1960  best=0.4945
        [Trial 18] gen   60  evals= 2940  best=0.4945
        [Trial 18] gen   80  evals= 3920  best=0.4945
        [Trial 18] gen  100  evals= 4900  best=0.4945
        [Trial 18] gen  120  evals= 5880  best=0.4945
        [Trial 18] gen  140  evals= 6860  best=0.4945
        [Trial 18] gen  160  evals= 7840  best=0.4945
        [Trial 18] gen  180  evals= 8820  best=0.4945
        [Done] Trial 18 best=0.4945
    --> Trial 19 | pop=49 seed=15389 x0_norm_min=-0.948 x0_norm_max=0.822
        [Pruned] Trial 19 at gen 15 (loss=0.5563)

  Winner: Trial 9, loss=0.489761 (1904s)
    Restarts run: 20
    mu: 12.460730
    D_mu: 5.845584
    T0_mu: 22.315788
    Ly: 2.344053
    op_x: 0.730821
    op_y: 0.582994
    NMSE: 0.095442
  [Saved] random_IR_0032

============================================================
[33/50] random_IR_0033.npz
  GT loss: 0.146005
  terrain_mean=1.434556  early_threshold=0.158246  (alpha=0.0095)
  tolfun=0.0067 tolfunhist=0.0067  (frac=0.0052 of range=1.29)
    --> Trial 0 | pop=58 seed=40010 x0_norm_min=-0.944 x0_norm_max=0.730
        [Trial 0] gen   20  evals= 1160  best=0.6952
        [Trial 0] gen   40  evals= 2320  best=0.6389
        [Trial 0] gen   60  evals= 3480  best=0.5890
        [Trial 0] gen   80  evals= 4640  best=0.5890
        [Trial 0] gen  100  evals= 5800  best=0.5890
        [Trial 0] gen  120  evals= 6960  best=0.5890
        [Trial 0] gen  140  evals= 8120  best=0.5890
        [Trial 0] gen  160  evals= 9280  best=0.5814
        [Trial 0] gen  180  evals=10440  best=0.5814
        [Trial 0] gen  200  evals=11600  best=0.5814
        [Trial 0] gen  220  evals=12760  best=0.5814
        [Trial 0] gen  240  evals=13920  best=0.5765
        [Trial 0] gen  260  evals=15080  best=0.5765
        [Trial 0] gen  280  evals=16240  best=0.5765
        [Trial 0] gen  300  evals=17400  best=0.5765
        [Done] Trial 0 best=0.5765
    --> Trial 1 | pop=30 seed=92924 x0_norm_min=-0.937 x0_norm_max=0.907
        [Trial 1] gen   20  evals=  600  best=0.6677
        [Trial 1] gen   40  evals= 1200  best=0.6677
        [Pruned] Trial 1 at gen 45 (loss=0.6677)
    --> Trial 2 | pop=53 seed=43583 x0_norm_min=-0.344 x0_norm_max=0.824
        [Pruned] Trial 2 at gen 15 (loss=0.6947)
    --> Trial 3 | pop=55 seed=85846 x0_norm_min=-0.797 x0_norm_max=0.622
        [Trial 3] gen   20  evals= 1100  best=0.6020
        [Trial 3] gen   40  evals= 2200  best=0.6020
        [Trial 3] gen   60  evals= 3300  best=0.5958
        [Trial 3] gen   80  evals= 4400  best=0.5795
        [Trial 3] gen  100  evals= 5500  best=0.5784
        [Trial 3] gen  120  evals= 6600  best=0.5757
        [Trial 3] gen  140  evals= 7700  best=0.5757
        [Trial 3] gen  160  evals= 8800  best=0.5757
        [Trial 3] gen  180  evals= 9900  best=0.5725
        [Trial 3] gen  200  evals=11000  best=0.5620
        [Trial 3] gen  220  evals=12100  best=0.5620
        [Trial 3] gen  240  evals=13200  best=0.5620
        [Trial 3] gen  260  evals=14300  best=0.5573
        [Done] Trial 3 best=0.5533
    --> Trial 4 | pop=58 seed=36257 x0_norm_min=-0.947 x0_norm_max=0.785
        [Pruned] Trial 4 at gen 15 (loss=0.6057)
    --> Trial 5 | pop=45 seed=26294 x0_norm_min=-0.748 x0_norm_max=0.981
        [Pruned] Trial 5 at gen 15 (loss=0.6806)
    --> Trial 6 | pop=47 seed=97116 x0_norm_min=-0.929 x0_norm_max=0.732
        [Pruned] Trial 6 at gen 15 (loss=0.6717)
    --> Trial 7 | pop=60 seed=59443 x0_norm_min=-0.779 x0_norm_max=0.922
        [Pruned] Trial 7 at gen 15 (loss=0.7015)
    --> Trial 8 | pop=30 seed=4383 x0_norm_min=-0.814 x0_norm_max=0.843
        [Pruned] Trial 8 at gen 15 (loss=0.6894)
    --> Trial 9 | pop=34 seed=65945 x0_norm_min=-0.955 x0_norm_max=0.770
        [Pruned] Trial 9 at gen 15 (loss=0.6683)
    --> Trial 10 | pop=39 seed=76752 x0_norm_min=-0.841 x0_norm_max=0.672
        [Trial 10] gen   20  evals=  780  best=0.6229
        [Trial 10] gen   40  evals= 1560  best=0.6229
        [Pruned] Trial 10 at gen 45 (loss=0.6229)
    --> Trial 11 | pop=53 seed=9480 x0_norm_min=-0.781 x0_norm_max=0.859
        [Trial 11] gen   20  evals= 1060  best=0.6522
        [Trial 11] gen   40  evals= 2120  best=0.6065
        [Pruned] Trial 11 at gen 45 (loss=0.6065)
    --> Trial 12 | pop=54 seed=51837 x0_norm_min=-0.402 x0_norm_max=0.428
        [Pruned] Trial 12 at gen 15 (loss=0.7016)
    --> Trial 13 | pop=48 seed=78186 x0_norm_min=-0.863 x0_norm_max=0.955
        [Pruned] Trial 13 at gen 15 (loss=0.6844)
    --> Trial 14 | pop=57 seed=22837 x0_norm_min=-0.897 x0_norm_max=-0.091
        [Pruned] Trial 14 at gen 15 (loss=0.6868)
    --> Trial 15 | pop=50 seed=79797 x0_norm_min=-0.690 x0_norm_max=0.990
        [Trial 15] gen   20  evals= 1000  best=0.6437
        [Trial 15] gen   40  evals= 2000  best=0.5528
        [Trial 15] gen   60  evals= 3000  best=0.5528
        [Trial 15] gen   80  evals= 4000  best=0.5528
        [Trial 15] gen  100  evals= 5000  best=0.5528
        [Trial 15] gen  120  evals= 6000  best=0.5528
        [Trial 15] gen  140  evals= 7000  best=0.5528
        [Trial 15] gen  160  evals= 8000  best=0.5528
        [Done] Trial 15 best=0.5528
    --> Trial 16 | pop=44 seed=83328 x0_norm_min=-0.776 x0_norm_max=0.982
        [Trial 16] gen   20  evals=  880  best=0.6315
        [Trial 16] gen   40  evals= 1760  best=0.6311
        [Trial 16] gen   60  evals= 2640  best=0.5817
        [Trial 16] gen   80  evals= 3520  best=0.5817
        [Trial 16] gen  100  evals= 4400  best=0.5817
        [Trial 16] gen  120  evals= 5280  best=0.5706
        [Pruned] Trial 16 at gen 135 (loss=0.5706)
    --> Trial 17 | pop=50 seed=66524 x0_norm_min=-0.863 x0_norm_max=0.835
        [Pruned] Trial 17 at gen 15 (loss=0.7331)
    --> Trial 18 | pop=39 seed=86644 x0_norm_min=-0.933 x0_norm_max=0.907
        [Trial 18] gen   20  evals=  780  best=0.6409
        [Trial 18] gen   40  evals= 1560  best=0.5987
        [Pruned] Trial 18 at gen 45 (loss=0.5987)
    --> Trial 19 | pop=51 seed=70072 x0_norm_min=-0.948 x0_norm_max=0.822
        [Pruned] Trial 19 at gen 15 (loss=0.6837)

  Winner: Trial 15, loss=0.552766 (464s)
    Restarts run: 20
    mu: 30.649256
    D_mu: 49.976474
    T0_mu: 22.129056
    Ly: 3.496058
    op_x: 0.877458
    op_y: 0.560328
    NMSE: 0.073506
  [Saved] random_IR_0033

============================================================
[34/50] random_IR_0034.npz
  GT loss: 0.099792
  terrain_mean=1.176225  early_threshold=0.110018  (alpha=0.0095)
  tolfun=0.0056 tolfunhist=0.0056  (frac=0.0052 of range=1.08)
    --> Trial 0 | pop=45 seed=51323 x0_norm_min=-0.944 x0_norm_max=0.730
        [Trial 0] gen   20  evals=  900  best=0.5058
        [Trial 0] gen   40  evals= 1800  best=0.4744
        [Trial 0] gen   60  evals= 2700  best=0.4744
        [Trial 0] gen   80  evals= 3600  best=0.4635
        [Trial 0] gen  100  evals= 4500  best=0.4635
        [Trial 0] gen  120  evals= 5400  best=0.4635
        [Trial 0] gen  140  evals= 6300  best=0.4635
        [Trial 0] gen  160  evals= 7200  best=0.4635
        [Trial 0] gen  180  evals= 8100  best=0.4635
        [Trial 0] gen  200  evals= 9000  best=0.4635
        [Trial 0] gen  220  evals= 9900  best=0.4635
        [Trial 0] gen  240  evals=10800  best=0.4635
        [Trial 0] gen  260  evals=11700  best=0.4635
        [Trial 0] gen  280  evals=12600  best=0.4635
        [Trial 0] gen  300  evals=13500  best=0.4635
        [Done] Trial 0 best=0.4635
    --> Trial 1 | pop=41 seed=48241 x0_norm_min=-0.937 x0_norm_max=0.907
        [Trial 1] gen   20  evals=  820  best=0.4907
        [Trial 1] gen   40  evals= 1640  best=0.4907
        [Pruned] Trial 1 at gen 45 (loss=0.4907)
    --> Trial 2 | pop=31 seed=1546 x0_norm_min=-0.344 x0_norm_max=0.824
        [Trial 2] gen   20  evals=  620  best=0.4818
        [Trial 2] gen   40  evals= 1240  best=0.4818
        [Pruned] Trial 2 at gen 45 (loss=0.4818)
    --> Trial 3 | pop=43 seed=37952 x0_norm_min=-0.797 x0_norm_max=0.622
        [Pruned] Trial 3 at gen 15 (loss=0.4925)
    --> Trial 4 | pop=51 seed=17276 x0_norm_min=-0.947 x0_norm_max=0.785
        [Pruned] Trial 4 at gen 15 (loss=0.4980)
    --> Trial 5 | pop=45 seed=92934 x0_norm_min=-0.748 x0_norm_max=0.981
        [Pruned] Trial 5 at gen 15 (loss=0.5055)
    --> Trial 6 | pop=44 seed=34983 x0_norm_min=-0.929 x0_norm_max=0.732
        [Pruned] Trial 6 at gen 15 (loss=0.4960)
    --> Trial 7 | pop=58 seed=15911 x0_norm_min=-0.779 x0_norm_max=0.922
        [Trial 7] gen   20  evals= 1160  best=0.4905
        [Trial 7] gen   40  evals= 2320  best=0.4905
        [Pruned] Trial 7 at gen 45 (loss=0.4905)
    --> Trial 8 | pop=50 seed=98963 x0_norm_min=-0.814 x0_norm_max=0.843
        [Trial 8] gen   20  evals= 1000  best=0.4680
        [Trial 8] gen   40  evals= 2000  best=0.4680
        [Trial 8] gen   60  evals= 3000  best=0.4680
        [Trial 8] gen   80  evals= 4000  best=0.4677
        [Trial 8] gen  100  evals= 5000  best=0.4677
        [Trial 8] gen  120  evals= 6000  best=0.4677
        [Pruned] Trial 8 at gen 135 (loss=0.4677)
    --> Trial 9 | pop=44 seed=82118 x0_norm_min=-0.955 x0_norm_max=0.770
        [Trial 9] gen   20  evals=  880  best=0.4708
        [Trial 9] gen   40  evals= 1760  best=0.4708
        [Trial 9] gen   60  evals= 2640  best=0.4708
        [Trial 9] gen   80  evals= 3520  best=0.4708
        [Trial 9] gen  100  evals= 4400  best=0.4708
        [Trial 9] gen  120  evals= 5280  best=0.4708
        [Pruned] Trial 9 at gen 135 (loss=0.4708)
    --> Trial 10 | pop=30 seed=72129 x0_norm_min=-0.841 x0_norm_max=0.672
        [Pruned] Trial 10 at gen 15 (loss=0.5029)
    --> Trial 11 | pop=52 seed=63897 x0_norm_min=-0.781 x0_norm_max=0.859
        [Pruned] Trial 11 at gen 15 (loss=0.4975)
    --> Trial 12 | pop=51 seed=98210 x0_norm_min=-0.402 x0_norm_max=0.428
        [Pruned] Trial 12 at gen 15 (loss=0.4967)
    --> Trial 13 | pop=37 seed=57135 x0_norm_min=-0.863 x0_norm_max=0.955
        [Pruned] Trial 13 at gen 15 (loss=0.4907)
    --> Trial 14 | pop=57 seed=80586 x0_norm_min=-0.897 x0_norm_max=-0.091
        [Pruned] Trial 14 at gen 15 (loss=0.4910)
    --> Trial 15 | pop=48 seed=44135 x0_norm_min=-0.690 x0_norm_max=0.990
        [Pruned] Trial 15 at gen 15 (loss=0.5166)
    --> Trial 16 | pop=39 seed=26380 x0_norm_min=-0.776 x0_norm_max=0.982
        [Pruned] Trial 16 at gen 15 (loss=0.4944)
    --> Trial 17 | pop=54 seed=58614 x0_norm_min=-0.863 x0_norm_max=0.835
        [Pruned] Trial 17 at gen 15 (loss=0.4952)
    --> Trial 18 | pop=48 seed=86473 x0_norm_min=-0.933 x0_norm_max=0.907
        [Trial 18] gen   20  evals=  960  best=0.4676
        [Trial 18] gen   40  evals= 1920  best=0.4676
        [Trial 18] gen   60  evals= 2880  best=0.4676
        [Trial 18] gen   80  evals= 3840  best=0.4671
        [Trial 18] gen  100  evals= 4800  best=0.4671
        [Trial 18] gen  120  evals= 5760  best=0.4671
        [Pruned] Trial 18 at gen 135 (loss=0.4671)
    --> Trial 19 | pop=35 seed=84183 x0_norm_min=-0.948 x0_norm_max=0.822
        [Pruned] Trial 19 at gen 15 (loss=0.4926)

  Winner: Trial 0, loss=0.463541 (1049s)
    Restarts run: 20
    mu: 28.702957
    D_mu: 0.672796
    T0_mu: 18.346579
    Ly: 1.747294
    op_x: 0.530939
    op_y: 0.553327
    NMSE: 0.044561
  [Saved] random_IR_0034

============================================================
[35/50] random_IR_0035.npz
  GT loss: 0.347613
  terrain_mean=1.713453  early_threshold=0.360588  (alpha=0.0095)
  tolfun=0.0071 tolfunhist=0.0071  (frac=0.0052 of range=1.37)
    --> Trial 0 | pop=51 seed=66035 x0_norm_min=-0.944 x0_norm_max=0.730
        [Trial 0] gen   20  evals= 1020  best=0.7942
        [Trial 0] gen   40  evals= 2040  best=0.7503
        [Trial 0] gen   60  evals= 3060  best=0.7283
        [Trial 0] gen   80  evals= 4080  best=0.6935
        [Trial 0] gen  100  evals= 5100  best=0.6935
        [Trial 0] gen  120  evals= 6120  best=0.6935
        [Trial 0] gen  140  evals= 7140  best=0.6935
        [Trial 0] gen  160  evals= 8160  best=0.6935
        [Trial 0] gen  180  evals= 9180  best=0.6935
        [Trial 0] gen  200  evals=10200  best=0.6935
        [Trial 0] gen  220  evals=11220  best=0.6935
        [Trial 0] gen  240  evals=12240  best=0.6935
        [Trial 0] gen  260  evals=13260  best=0.6935
        [Trial 0] gen  280  evals=14280  best=0.6935
        [Done] Trial 0 best=0.6935
    --> Trial 1 | pop=51 seed=93471 x0_norm_min=-0.937 x0_norm_max=0.907
        [Trial 1] gen   20  evals= 1020  best=0.7816
        [Trial 1] gen   40  evals= 2040  best=0.7443
        [Trial 1] gen   60  evals= 3060  best=0.7143
        [Trial 1] gen   80  evals= 4080  best=0.7143
        [Trial 1] gen  100  evals= 5100  best=0.7143
        [Trial 1] gen  120  evals= 6120  best=0.7005
        [Pruned] Trial 1 at gen 135 (loss=0.7005)
    --> Trial 2 | pop=44 seed=93896 x0_norm_min=-0.344 x0_norm_max=0.824
        [Pruned] Trial 2 at gen 15 (loss=0.8163)
    --> Trial 3 | pop=42 seed=68429 x0_norm_min=-0.797 x0_norm_max=0.622
        [Pruned] Trial 3 at gen 15 (loss=0.7890)
    --> Trial 4 | pop=54 seed=3970 x0_norm_min=-0.947 x0_norm_max=0.785
        [Trial 4] gen   20  evals= 1080  best=0.7450
        [Trial 4] gen   40  evals= 2160  best=0.7450
        [Pruned] Trial 4 at gen 45 (loss=0.7450)
    --> Trial 5 | pop=52 seed=82014 x0_norm_min=-0.748 x0_norm_max=0.981
        [Pruned] Trial 5 at gen 15 (loss=0.7835)
    --> Trial 6 | pop=40 seed=58055 x0_norm_min=-0.929 x0_norm_max=0.732
        [Pruned] Trial 6 at gen 15 (loss=0.8074)
    --> Trial 7 | pop=32 seed=27214 x0_norm_min=-0.779 x0_norm_max=0.922
        [Pruned] Trial 7 at gen 15 (loss=0.8486)
    --> Trial 8 | pop=54 seed=48017 x0_norm_min=-0.814 x0_norm_max=0.843
        [Trial 8] gen   20  evals= 1080  best=0.7764
        [Trial 8] gen   40  evals= 2160  best=0.7608
        [Pruned] Trial 8 at gen 45 (loss=0.7608)
    --> Trial 9 | pop=52 seed=46734 x0_norm_min=-0.955 x0_norm_max=0.770
        [Trial 9] gen   20  evals= 1040  best=0.7506
        [Trial 9] gen   40  evals= 2080  best=0.7506
        [Pruned] Trial 9 at gen 45 (loss=0.7506)
    --> Trial 10 | pop=60 seed=5318 x0_norm_min=-0.841 x0_norm_max=0.672
        [Trial 10] gen   20  evals= 1200  best=0.7601
        [Trial 10] gen   40  evals= 2400  best=0.7253
        [Trial 10] gen   60  evals= 3600  best=0.7198
        [Trial 10] gen   80  evals= 4800  best=0.7198
        [Trial 10] gen  100  evals= 6000  best=0.7198
        [Trial 10] gen  120  evals= 7200  best=0.7198
        [Pruned] Trial 10 at gen 135 (loss=0.7198)
    --> Trial 11 | pop=47 seed=95958 x0_norm_min=-0.781 x0_norm_max=0.859
        [Pruned] Trial 11 at gen 15 (loss=0.8231)
    --> Trial 12 | pop=59 seed=71651 x0_norm_min=-0.402 x0_norm_max=0.428
        [Trial 12] gen   20  evals= 1180  best=0.7103
        [Trial 12] gen   40  evals= 2360  best=0.7103
        [Trial 12] gen   60  evals= 3540  best=0.7103
        [Trial 12] gen   80  evals= 4720  best=0.7103
        [Trial 12] gen  100  evals= 5900  best=0.7103
        [Trial 12] gen  120  evals= 7080  best=0.6962
        [Pruned] Trial 12 at gen 135 (loss=0.6962)
    --> Trial 13 | pop=58 seed=71263 x0_norm_min=-0.863 x0_norm_max=0.955
        [Trial 13] gen   20  evals= 1160  best=0.7598
        [Trial 13] gen   40  evals= 2320  best=0.7408
        [Pruned] Trial 13 at gen 45 (loss=0.7408)
    --> Trial 14 | pop=57 seed=34211 x0_norm_min=-0.897 x0_norm_max=-0.091
        [Pruned] Trial 14 at gen 15 (loss=0.7626)
    --> Trial 15 | pop=48 seed=75871 x0_norm_min=-0.690 x0_norm_max=0.990
        [Pruned] Trial 15 at gen 15 (loss=0.8087)
    --> Trial 16 | pop=36 seed=56889 x0_norm_min=-0.776 x0_norm_max=0.982
        [Pruned] Trial 16 at gen 15 (loss=0.7673)
    --> Trial 17 | pop=60 seed=82997 x0_norm_min=-0.863 x0_norm_max=0.835
        [Pruned] Trial 17 at gen 15 (loss=0.7753)
    --> Trial 18 | pop=48 seed=61474 x0_norm_min=-0.933 x0_norm_max=0.907
        [Trial 18] gen   20  evals=  960  best=0.7279
        [Trial 18] gen   40  evals= 1920  best=0.7279
        [Trial 18] gen   60  evals= 2880  best=0.7279
        [Trial 18] gen   80  evals= 3840  best=0.7279
        [Trial 18] gen  100  evals= 4800  best=0.7279
        [Trial 18] gen  120  evals= 5760  best=0.7166
        [Pruned] Trial 18 at gen 135 (loss=0.7166)
    --> Trial 19 | pop=56 seed=35758 x0_norm_min=-0.948 x0_norm_max=0.822
        [Pruned] Trial 19 at gen 15 (loss=0.7614)

  Winner: Trial 0, loss=0.693530 (898s)
    Restarts run: 20
    mu: 8.244462
    D_mu: 11.930341
    T0_mu: 61.224521
    Ly: 3.588510
    op_x: 0.553555
    op_y: 0.510379
    NMSE: 0.144347
  [Saved] random_IR_0035

============================================================
[36/50] random_IR_0036.npz
  GT loss: 0.344370
  terrain_mean=1.975116  early_threshold=0.359862  (alpha=0.0095)
  tolfun=0.00848 tolfunhist=0.00848  (frac=0.0052 of range=1.63)
    --> Trial 0 | pop=31 seed=52539 x0_norm_min=-0.944 x0_norm_max=0.730
        [Trial 0] gen   20  evals=  620  best=0.8523
        [Trial 0] gen   40  evals= 1240  best=0.8043
        [Trial 0] gen   60  evals= 1860  best=0.8043
        [Trial 0] gen   80  evals= 2480  best=0.8043
        [Trial 0] gen  100  evals= 3100  best=0.8043
        [Trial 0] gen  120  evals= 3720  best=0.8043
        [Trial 0] gen  140  evals= 4340  best=0.8043
        [Trial 0] gen  160  evals= 4960  best=0.7983
        [Trial 0] gen  180  evals= 5580  best=0.7741
        [Trial 0] gen  200  evals= 6200  best=0.7741
        [Trial 0] gen  220  evals= 6820  best=0.7741
        [Trial 0] gen  240  evals= 7440  best=0.7741
        [Trial 0] gen  260  evals= 8060  best=0.7741
        [Trial 0] gen  280  evals= 8680  best=0.7741
        [Trial 0] gen  300  evals= 9300  best=0.7741
        [Done] Trial 0 best=0.7741
    --> Trial 1 | pop=37 seed=26237 x0_norm_min=-0.937 x0_norm_max=0.907
        [Pruned] Trial 1 at gen 15 (loss=0.8839)
    --> Trial 2 | pop=32 seed=9677 x0_norm_min=-0.344 x0_norm_max=0.824
        [Trial 2] gen   20  evals=  640  best=0.7638
        [Trial 2] gen   40  evals= 1280  best=0.7638
        [Trial 2] gen   60  evals= 1920  best=0.7638
        [Trial 2] gen   80  evals= 2560  best=0.7638
        [Trial 2] gen  100  evals= 3200  best=0.7638
        [Trial 2] gen  120  evals= 3840  best=0.7638
        [Trial 2] gen  140  evals= 4480  best=0.7638
        [Trial 2] gen  160  evals= 5120  best=0.7638
        [Trial 2] gen  180  evals= 5760  best=0.7638
        [Trial 2] gen  200  evals= 6400  best=0.7638
        [Trial 2] gen  220  evals= 7040  best=0.7638
        [Trial 2] gen  240  evals= 7680  best=0.7638
        [Trial 2] gen  260  evals= 8320  best=0.7638
        [Trial 2] gen  280  evals= 8960  best=0.7638
        [Trial 2] gen  300  evals= 9600  best=0.7638
        [Trial 2] gen  320  evals=10240  best=0.7638
        [Trial 2] gen  340  evals=10880  best=0.7638
        [Trial 2] gen  360  evals=11520  best=0.7638
        [Trial 2] gen  380  evals=12160  best=0.7638
        [Trial 2] gen  400  evals=12800  best=0.7638
        [TRIAL TIMEOUT] Trial 2 total >600s, stopping
        [Done] Trial 2 best=0.7638
    --> Trial 3 | pop=43 seed=94929 x0_norm_min=-0.797 x0_norm_max=0.622
        [Pruned] Trial 3 at gen 15 (loss=0.7833)
    --> Trial 4 | pop=43 seed=47012 x0_norm_min=-0.947 x0_norm_max=0.785
        [Pruned] Trial 4 at gen 15 (loss=0.8921)
    --> Trial 5 | pop=39 seed=38796 x0_norm_min=-0.748 x0_norm_max=0.981
        [Pruned] Trial 5 at gen 15 (loss=0.8717)
    --> Trial 6 | pop=51 seed=24513 x0_norm_min=-0.929 x0_norm_max=0.732
        [Pruned] Trial 6 at gen 15 (loss=0.8141)
    --> Trial 7 | pop=41 seed=47805 x0_norm_min=-0.779 x0_norm_max=0.922
        [Pruned] Trial 7 at gen 15 (loss=0.9236)
    --> Trial 8 | pop=60 seed=2887 x0_norm_min=-0.814 x0_norm_max=0.843
        [Pruned] Trial 8 at gen 15 (loss=0.8776)
    --> Trial 9 | pop=52 seed=21108 x0_norm_min=-0.955 x0_norm_max=0.770
        [Pruned] Trial 9 at gen 15 (loss=0.8276)
    --> Trial 10 | pop=31 seed=78844 x0_norm_min=-0.841 x0_norm_max=0.672
        [Pruned] Trial 10 at gen 15 (loss=0.8465)
    --> Trial 11 | pop=30 seed=71325 x0_norm_min=-0.781 x0_norm_max=0.859
        [Trial 11] gen   20  evals=  600  best=0.7943
        [Trial 11] gen   40  evals= 1200  best=0.7943
        [Pruned] Trial 11 at gen 45 (loss=0.7943)
    --> Trial 12 | pop=35 seed=70269 x0_norm_min=-0.402 x0_norm_max=0.428
        [Pruned] Trial 12 at gen 15 (loss=0.8523)
    --> Trial 13 | pop=34 seed=1093 x0_norm_min=-0.863 x0_norm_max=0.955
        [Pruned] Trial 13 at gen 15 (loss=1.0059)
    --> Trial 14 | pop=30 seed=59879 x0_norm_min=-0.897 x0_norm_max=-0.091
        [Pruned] Trial 14 at gen 15 (loss=0.9150)
    --> Trial 15 | pop=34 seed=13418 x0_norm_min=-0.690 x0_norm_max=0.990
        [Pruned] Trial 15 at gen 15 (loss=0.8668)
    --> Trial 16 | pop=47 seed=99352 x0_norm_min=-0.776 x0_norm_max=0.982
        [Trial 16] gen   20  evals=  940  best=0.8187
        [Trial 16] gen   40  evals= 1880  best=0.8187
        [Pruned] Trial 16 at gen 45 (loss=0.8187)
    --> Trial 17 | pop=34 seed=37693 x0_norm_min=-0.863 x0_norm_max=0.835
        [Pruned] Trial 17 at gen 15 (loss=0.9856)
    --> Trial 18 | pop=38 seed=84488 x0_norm_min=-0.933 x0_norm_max=0.907
        [Trial 18] gen   20  evals=  760  best=0.7495
        [Trial 18] gen   40  evals= 1520  best=0.7495
        [Trial 18] gen   60  evals= 2280  best=0.7495
        [Trial 18] gen   80  evals= 3040  best=0.7495
        [Trial 18] gen  100  evals= 3800  best=0.7495
        [Trial 18] gen  120  evals= 4560  best=0.7495
        [Trial 18] gen  140  evals= 5320  best=0.7495
        [Trial 18] gen  160  evals= 6080  best=0.7495
        [Trial 18] gen  180  evals= 6840  best=0.7495
        [Trial 18] gen  200  evals= 7600  best=0.7495
        [Trial 18] gen  220  evals= 8360  best=0.7495
        [Trial 18] gen  240  evals= 9120  best=0.7495
        [Trial 18] gen  260  evals= 9880  best=0.7495
        [Trial 18] gen  280  evals=10640  best=0.7495
        [Done] Trial 18 best=0.7495
    --> Trial 19 | pop=39 seed=86024 x0_norm_min=-0.948 x0_norm_max=0.822
        [Pruned] Trial 19 at gen 15 (loss=1.0776)

  Winner: Trial 18, loss=0.749527 (1545s)
    Restarts run: 20
    mu: 49.633419
    D_mu: 2.583120
    T0_mu: 6.667683
    Ly: 2.862215
    op_x: 0.872306
    op_y: 0.671181
    NMSE: 0.113307
  [Saved] random_IR_0036

============================================================
[37/50] random_IR_0037.npz
  GT loss: 0.051117
  terrain_mean=1.337168  early_threshold=0.063335  (alpha=0.0095)
  tolfun=0.00669 tolfunhist=0.00669  (frac=0.0052 of range=1.29)
    --> Trial 0 | pop=57 seed=13268 x0_norm_min=-0.944 x0_norm_max=0.730
        [Trial 0] gen   20  evals= 1140  best=0.4509
        [Trial 0] gen   40  evals= 2280  best=0.4215
        [Trial 0] gen   60  evals= 3420  best=0.4215
        [Trial 0] gen   80  evals= 4560  best=0.4215
        [Trial 0] gen  100  evals= 5700  best=0.4215
        [Trial 0] gen  120  evals= 6840  best=0.4215
        [Trial 0] gen  140  evals= 7980  best=0.4215
        [Trial 0] gen  160  evals= 9120  best=0.4215
        [Trial 0] gen  180  evals=10260  best=0.4215
        [Trial 0] gen  200  evals=11400  best=0.4215
        [Trial 0] gen  220  evals=12540  best=0.4215
        [Trial 0] gen  240  evals=13680  best=0.4215
        [Trial 0] gen  260  evals=14820  best=0.4215
        [Trial 0] gen  280  evals=15960  best=0.4215
        [Done] Trial 0 best=0.4215
    --> Trial 1 | pop=52 seed=17985 x0_norm_min=-0.937 x0_norm_max=0.907
        [Trial 1] gen   20  evals= 1040  best=0.4327
        [Trial 1] gen   40  evals= 2080  best=0.4327
        [Pruned] Trial 1 at gen 45 (loss=0.4327)
    --> Trial 2 | pop=47 seed=48200 x0_norm_min=-0.344 x0_norm_max=0.824
        [Pruned] Trial 2 at gen 15 (loss=0.4847)
    --> Trial 3 | pop=35 seed=58481 x0_norm_min=-0.797 x0_norm_max=0.622
        [Pruned] Trial 3 at gen 15 (loss=0.4632)
    --> Trial 4 | pop=55 seed=40739 x0_norm_min=-0.947 x0_norm_max=0.785
        [Pruned] Trial 4 at gen 15 (loss=0.4931)
    --> Trial 5 | pop=51 seed=18258 x0_norm_min=-0.748 x0_norm_max=0.981
        [Pruned] Trial 5 at gen 15 (loss=0.4710)
    --> Trial 6 | pop=46 seed=9108 x0_norm_min=-0.929 x0_norm_max=0.732
        [Pruned] Trial 6 at gen 15 (loss=0.4640)
    --> Trial 7 | pop=30 seed=18291 x0_norm_min=-0.779 x0_norm_max=0.922
        [Trial 7] gen   20  evals=  600  best=0.4374
        [Trial 7] gen   40  evals= 1200  best=0.4374
        [Pruned] Trial 7 at gen 45 (loss=0.4374)
    --> Trial 8 | pop=35 seed=99957 x0_norm_min=-0.814 x0_norm_max=0.843
        [Pruned] Trial 8 at gen 15 (loss=0.4817)
    --> Trial 9 | pop=50 seed=60604 x0_norm_min=-0.955 x0_norm_max=0.770
        [Pruned] Trial 9 at gen 15 (loss=0.4589)
    --> Trial 10 | pop=60 seed=78402 x0_norm_min=-0.841 x0_norm_max=0.672
        [Trial 10] gen   20  evals= 1200  best=0.4454
        [Trial 10] gen   40  evals= 2400  best=0.4454
        [Pruned] Trial 10 at gen 45 (loss=0.4454)
    --> Trial 11 | pop=60 seed=29008 x0_norm_min=-0.781 x0_norm_max=0.859
        [Pruned] Trial 11 at gen 15 (loss=0.4938)
    --> Trial 12 | pop=54 seed=594 x0_norm_min=-0.402 x0_norm_max=0.428
        [Pruned] Trial 12 at gen 15 (loss=0.4746)
    --> Trial 13 | pop=43 seed=28977 x0_norm_min=-0.863 x0_norm_max=0.955
        [Trial 13] gen   20  evals=  860  best=0.4397
        [Trial 13] gen   40  evals= 1720  best=0.4397
        [Pruned] Trial 13 at gen 45 (loss=0.4397)
    --> Trial 14 | pop=57 seed=25748 x0_norm_min=-0.897 x0_norm_max=-0.091
        [Pruned] Trial 14 at gen 15 (loss=0.4616)
    --> Trial 15 | pop=52 seed=2376 x0_norm_min=-0.690 x0_norm_max=0.990
        [Pruned] Trial 15 at gen 15 (loss=0.4917)
    --> Trial 16 | pop=42 seed=42177 x0_norm_min=-0.776 x0_norm_max=0.982
        [Pruned] Trial 16 at gen 15 (loss=0.4834)
    --> Trial 17 | pop=57 seed=14757 x0_norm_min=-0.863 x0_norm_max=0.835
        [Pruned] Trial 17 at gen 15 (loss=0.4978)
    --> Trial 18 | pop=47 seed=28804 x0_norm_min=-0.933 x0_norm_max=0.907
        [Pruned] Trial 18 at gen 15 (loss=0.4908)
    --> Trial 19 | pop=57 seed=9927 x0_norm_min=-0.948 x0_norm_max=0.822
        [Trial 19] gen   20  evals= 1140  best=0.4266
        [Trial 19] gen   40  evals= 2280  best=0.4266
        [Trial 19] gen   60  evals= 3420  best=0.4266
        [Trial 19] gen   80  evals= 4560  best=0.4266
        [Trial 19] gen  100  evals= 5700  best=0.4266
        [Trial 19] gen  120  evals= 6840  best=0.4266
        [Pruned] Trial 19 at gen 135 (loss=0.4266)

  Winner: Trial 0, loss=0.421466 (401s)
    Restarts run: 20
    mu: 12.283314
    D_mu: 12.428497
    T0_mu: 76.908475
    Ly: 3.593367
    op_x: 0.961518
    op_y: 0.841216
    NMSE: 0.041709
  [Saved] random_IR_0037

============================================================
[38/50] random_IR_0038.npz
  GT loss: 0.123392
  terrain_mean=1.121370  early_threshold=0.132873  (alpha=0.0095)
  tolfun=0.00519 tolfunhist=0.00519  (frac=0.0052 of range=0.998)
    --> Trial 0 | pop=45 seed=62356 x0_norm_min=-0.944 x0_norm_max=0.730
        [Trial 0] gen   20  evals=  900  best=0.5550
        [Trial 0] gen   40  evals= 1800  best=0.5550
        [Trial 0] gen   60  evals= 2700  best=0.5390
        [Trial 0] gen   80  evals= 3600  best=0.5233
        [Trial 0] gen  100  evals= 4500  best=0.5233
        [Trial 0] gen  120  evals= 5400  best=0.5233
        [Trial 0] gen  140  evals= 6300  best=0.5233
        [Trial 0] gen  160  evals= 7200  best=0.5233
        [Trial 0] gen  180  evals= 8100  best=0.5233
        [Trial 0] gen  200  evals= 9000  best=0.5233
        [Trial 0] gen  220  evals= 9900  best=0.5037
        [Trial 0] gen  240  evals=10800  best=0.5037
        [Trial 0] gen  260  evals=11700  best=0.5037
        [Trial 0] gen  280  evals=12600  best=0.5037
        [Done] Trial 0 best=0.5037
    --> Trial 1 | pop=44 seed=35189 x0_norm_min=-0.937 x0_norm_max=0.907
        [Trial 1] gen   20  evals=  880  best=0.5457
        [Trial 1] gen   40  evals= 1760  best=0.5416
        [Pruned] Trial 1 at gen 45 (loss=0.5404)
    --> Trial 2 | pop=49 seed=51720 x0_norm_min=-0.344 x0_norm_max=0.824
        [Pruned] Trial 2 at gen 15 (loss=0.5688)
    --> Trial 3 | pop=55 seed=74221 x0_norm_min=-0.797 x0_norm_max=0.622
        [Pruned] Trial 3 at gen 15 (loss=0.6002)
    --> Trial 4 | pop=34 seed=31434 x0_norm_min=-0.947 x0_norm_max=0.785
        [Pruned] Trial 4 at gen 15 (loss=0.5812)
    --> Trial 5 | pop=56 seed=69936 x0_norm_min=-0.748 x0_norm_max=0.981
        [Trial 5] gen   20  evals= 1120  best=0.5418
        [Trial 5] gen   40  evals= 2240  best=0.5418
        [Pruned] Trial 5 at gen 45 (loss=0.5418)
    --> Trial 6 | pop=59 seed=66829 x0_norm_min=-0.929 x0_norm_max=0.732
        [Trial 6] gen   20  evals= 1180  best=0.5400
        [Trial 6] gen   40  evals= 2360  best=0.5400
        [Pruned] Trial 6 at gen 45 (loss=0.5400)
    --> Trial 7 | pop=46 seed=8338 x0_norm_min=-0.779 x0_norm_max=0.922
        [Pruned] Trial 7 at gen 15 (loss=0.5482)
    --> Trial 8 | pop=52 seed=82461 x0_norm_min=-0.814 x0_norm_max=0.843
        [Pruned] Trial 8 at gen 15 (loss=0.5833)
    --> Trial 9 | pop=50 seed=79158 x0_norm_min=-0.955 x0_norm_max=0.770
        [Pruned] Trial 9 at gen 15 (loss=0.5524)
    --> Trial 10 | pop=30 seed=97777 x0_norm_min=-0.841 x0_norm_max=0.672
        [Pruned] Trial 10 at gen 15 (loss=0.5966)
    --> Trial 11 | pop=40 seed=57120 x0_norm_min=-0.781 x0_norm_max=0.859
        [Pruned] Trial 11 at gen 15 (loss=0.5811)
    --> Trial 12 | pop=59 seed=53584 x0_norm_min=-0.402 x0_norm_max=0.428
        [Pruned] Trial 12 at gen 15 (loss=0.5501)
    --> Trial 13 | pop=39 seed=37980 x0_norm_min=-0.863 x0_norm_max=0.955
        [Pruned] Trial 13 at gen 15 (loss=0.5492)
    --> Trial 14 | pop=59 seed=99051 x0_norm_min=-0.897 x0_norm_max=-0.091
        [Trial 14] gen   20  evals= 1180  best=0.5405
        [Trial 14] gen   40  evals= 2360  best=0.5405
        [Pruned] Trial 14 at gen 45 (loss=0.5405)
    --> Trial 15 | pop=41 seed=62730 x0_norm_min=-0.690 x0_norm_max=0.990
        [Pruned] Trial 15 at gen 15 (loss=0.5729)
    --> Trial 16 | pop=36 seed=44014 x0_norm_min=-0.776 x0_norm_max=0.982
        [Pruned] Trial 16 at gen 15 (loss=0.5487)
    --> Trial 17 | pop=47 seed=23094 x0_norm_min=-0.863 x0_norm_max=0.835
        [Trial 17] gen   20  evals=  940  best=0.5336
        [Trial 17] gen   40  evals= 1880  best=0.5336
        [Trial 17] gen   60  evals= 2820  best=0.5336
        [Trial 17] gen   80  evals= 3760  best=0.5336
        [Trial 17] gen  100  evals= 4700  best=0.5336
        [Trial 17] gen  120  evals= 5640  best=0.5336
        [Pruned] Trial 17 at gen 135 (loss=0.5336)
    --> Trial 18 | pop=46 seed=16449 x0_norm_min=-0.933 x0_norm_max=0.907
        [Pruned] Trial 18 at gen 15 (loss=0.5639)
    --> Trial 19 | pop=43 seed=19259 x0_norm_min=-0.948 x0_norm_max=0.822
        [Pruned] Trial 19 at gen 15 (loss=0.5519)

  Winner: Trial 0, loss=0.503686 (633s)
    Restarts run: 20
    mu: 4.368832
    D_mu: 2.842097
    T0_mu: 150.737558
    Ly: 2.378020
    op_x: 0.607493
    op_y: 0.769149
    NMSE: 0.071023
  [Saved] random_IR_0038

============================================================
[39/50] random_IR_0039.npz
  GT loss: 0.078748
  terrain_mean=1.190877  early_threshold=0.089313  (alpha=0.0095)
  tolfun=0.00578 tolfunhist=0.00578  (frac=0.0052 of range=1.11)
    --> Trial 0 | pop=30 seed=83403 x0_norm_min=-0.944 x0_norm_max=0.730
        [Trial 0] gen   20  evals=  600  best=0.4926
        [Trial 0] gen   40  evals= 1200  best=0.4898
        [Trial 0] gen   60  evals= 1800  best=0.4898
        [Trial 0] gen   80  evals= 2400  best=0.4689
        [Trial 0] gen  100  evals= 3000  best=0.4689
        [Trial 0] gen  120  evals= 3600  best=0.4689
        [Trial 0] gen  140  evals= 4200  best=0.4689
        [Trial 0] gen  160  evals= 4800  best=0.4689
        [Trial 0] gen  180  evals= 5400  best=0.4689
        [Trial 0] gen  200  evals= 6000  best=0.4689
        [Trial 0] gen  220  evals= 6600  best=0.4689
        [Trial 0] gen  240  evals= 7200  best=0.4689
        [Done] Trial 0 best=0.4689
    --> Trial 1 | pop=45 seed=48485 x0_norm_min=-0.937 x0_norm_max=0.907
        [Pruned] Trial 1 at gen 15 (loss=0.4981)
    --> Trial 2 | pop=43 seed=22413 x0_norm_min=-0.344 x0_norm_max=0.824
        [Pruned] Trial 2 at gen 15 (loss=0.4993)
    --> Trial 3 | pop=59 seed=65677 x0_norm_min=-0.797 x0_norm_max=0.622
        [Trial 3] gen   20  evals= 1180  best=0.4793
        [Trial 3] gen   40  evals= 2360  best=0.4793
        [Trial 3] gen   60  evals= 3540  best=0.4793
        [Trial 3] gen   80  evals= 4720  best=0.4784
        [Trial 3] gen  100  evals= 5900  best=0.4784
        [Trial 3] gen  120  evals= 7080  best=0.4784
        [Pruned] Trial 3 at gen 135 (loss=0.4784)
    --> Trial 4 | pop=46 seed=47667 x0_norm_min=-0.947 x0_norm_max=0.785
        [Pruned] Trial 4 at gen 15 (loss=0.5258)
    --> Trial 5 | pop=38 seed=46955 x0_norm_min=-0.748 x0_norm_max=0.981
        [Pruned] Trial 5 at gen 15 (loss=0.5466)
    --> Trial 6 | pop=47 seed=91495 x0_norm_min=-0.929 x0_norm_max=0.732
        [Pruned] Trial 6 at gen 15 (loss=0.5051)
    --> Trial 7 | pop=32 seed=77807 x0_norm_min=-0.779 x0_norm_max=0.922
        [Pruned] Trial 7 at gen 15 (loss=0.5631)
    --> Trial 8 | pop=54 seed=77321 x0_norm_min=-0.814 x0_norm_max=0.843
        [Pruned] Trial 8 at gen 15 (loss=0.5449)
    --> Trial 9 | pop=40 seed=14480 x0_norm_min=-0.955 x0_norm_max=0.770
        [Trial 9] gen   20  evals=  800  best=0.4896
        [Trial 9] gen   40  evals= 1600  best=0.4896
        [Pruned] Trial 9 at gen 45 (loss=0.4896)
    --> Trial 10 | pop=32 seed=27036 x0_norm_min=-0.841 x0_norm_max=0.672
        [Pruned] Trial 10 at gen 15 (loss=0.5262)
    --> Trial 11 | pop=60 seed=68115 x0_norm_min=-0.781 x0_norm_max=0.859
        [Trial 11] gen   20  evals= 1200  best=0.4940
        [Trial 11] gen   40  evals= 2400  best=0.4940
        [Pruned] Trial 11 at gen 45 (loss=0.4940)
    --> Trial 12 | pop=55 seed=99405 x0_norm_min=-0.402 x0_norm_max=0.428
        [Pruned] Trial 12 at gen 15 (loss=0.5371)
    --> Trial 13 | pop=51 seed=63610 x0_norm_min=-0.863 x0_norm_max=0.955
        [Pruned] Trial 13 at gen 15 (loss=0.5408)
    --> Trial 14 | pop=36 seed=84788 x0_norm_min=-0.897 x0_norm_max=-0.091
        [Pruned] Trial 14 at gen 15 (loss=0.5488)
    --> Trial 15 | pop=59 seed=63255 x0_norm_min=-0.690 x0_norm_max=0.990
        [Trial 15] gen   20  evals= 1180  best=0.4861
        [Trial 15] gen   40  evals= 2360  best=0.4861
        [Pruned] Trial 15 at gen 45 (loss=0.4861)
    --> Trial 16 | pop=50 seed=37401 x0_norm_min=-0.776 x0_norm_max=0.982
        [Pruned] Trial 16 at gen 15 (loss=0.5895)
    --> Trial 17 | pop=30 seed=2317 x0_norm_min=-0.863 x0_norm_max=0.835
        [Pruned] Trial 17 at gen 15 (loss=0.5172)
    --> Trial 18 | pop=41 seed=73704 x0_norm_min=-0.933 x0_norm_max=0.907
        [Pruned] Trial 18 at gen 15 (loss=0.5096)
    --> Trial 19 | pop=36 seed=56118 x0_norm_min=-0.948 x0_norm_max=0.822
        [Pruned] Trial 19 at gen 15 (loss=0.5107)

  Winner: Trial 0, loss=0.468877 (265s)
    Restarts run: 20
    mu: 32.064439
    D_mu: 42.454466
    T0_mu: 5.256266
    Ly: 2.678766
    op_x: 0.929470
    op_y: 0.601571
    NMSE: 0.018415
  [Saved] random_IR_0039

============================================================
[40/50] random_IR_0040.npz
  GT loss: 0.050221
  terrain_mean=1.068694  early_threshold=0.059897  (alpha=0.0095)
  tolfun=0.0053 tolfunhist=0.0053  (frac=0.0052 of range=1.02)
    --> Trial 0 | pop=46 seed=55354 x0_norm_min=-0.944 x0_norm_max=0.730
        [Trial 0] gen   20  evals=  920  best=0.4084
        [Trial 0] gen   40  evals= 1840  best=0.4084
        [Trial 0] gen   60  evals= 2760  best=0.4023
        [Trial 0] gen   80  evals= 3680  best=0.4010
        [Trial 0] gen  100  evals= 4600  best=0.3945
        [Trial 0] gen  120  evals= 5520  best=0.3925
        [Trial 0] gen  140  evals= 6440  best=0.3925
        [Trial 0] gen  160  evals= 7360  best=0.3925
        [Trial 0] gen  180  evals= 8280  best=0.3925
        [Trial 0] gen  200  evals= 9200  best=0.3814
        [Trial 0] gen  220  evals=10120  best=0.3721
        [Done] Trial 0 best=0.3700
    --> Trial 1 | pop=39 seed=3474 x0_norm_min=-0.937 x0_norm_max=0.907
        [Pruned] Trial 1 at gen 15 (loss=0.4424)
    --> Trial 2 | pop=34 seed=70835 x0_norm_min=-0.344 x0_norm_max=0.824
        [Pruned] Trial 2 at gen 15 (loss=0.4313)
    --> Trial 3 | pop=54 seed=1876 x0_norm_min=-0.797 x0_norm_max=0.622
        [Pruned] Trial 3 at gen 15 (loss=0.4272)
    --> Trial 4 | pop=34 seed=20482 x0_norm_min=-0.947 x0_norm_max=0.785
        [Pruned] Trial 4 at gen 15 (loss=0.4162)
    --> Trial 5 | pop=53 seed=96079 x0_norm_min=-0.748 x0_norm_max=0.981
        [Pruned] Trial 5 at gen 15 (loss=0.4181)
    --> Trial 6 | pop=32 seed=23200 x0_norm_min=-0.929 x0_norm_max=0.732
        [Pruned] Trial 6 at gen 15 (loss=0.4302)
    --> Trial 7 | pop=41 seed=83045 x0_norm_min=-0.779 x0_norm_max=0.922
        [Pruned] Trial 7 at gen 15 (loss=0.4404)
    --> Trial 8 | pop=51 seed=18615 x0_norm_min=-0.814 x0_norm_max=0.843
        [Pruned] Trial 8 at gen 15 (loss=0.4421)
    --> Trial 9 | pop=37 seed=8380 x0_norm_min=-0.955 x0_norm_max=0.770
        [Pruned] Trial 9 at gen 15 (loss=0.4561)
    --> Trial 10 | pop=60 seed=49483 x0_norm_min=-0.841 x0_norm_max=0.672
        [Trial 10] gen   20  evals= 1200  best=0.4105
        [Trial 10] gen   40  evals= 2400  best=0.4070
        [Trial 10] gen   60  evals= 3600  best=0.4070
        [Trial 10] gen   80  evals= 4800  best=0.3919
        [Trial 10] gen  100  evals= 6000  best=0.3919
        [Trial 10] gen  120  evals= 7200  best=0.3919
        [Trial 10] gen  140  evals= 8400  best=0.3919
        [Trial 10] gen  160  evals= 9600  best=0.3919
        [Trial 10] gen  180  evals=10800  best=0.3919
        [Trial 10] gen  200  evals=12000  best=0.3919
        [Trial 10] gen  220  evals=13200  best=0.3919
        [Trial 10] gen  240  evals=14400  best=0.3919
        [Trial 10] gen  260  evals=15600  best=0.3919
        [Trial 10] gen  280  evals=16800  best=0.3919
        [Trial 10] gen  300  evals=18000  best=0.3919
        [Trial 10] gen  320  evals=19200  best=0.3919
        [Trial 10] gen  340  evals=20400  best=0.3854
        [Trial 10] gen  360  evals=21600  best=0.3854
        [Trial 10] gen  380  evals=22800  best=0.3854
        [Trial 10] gen  400  evals=24000  best=0.3854
        [Trial 10] gen  420  evals=25200  best=0.3854
        [Trial 10] gen  440  evals=26400  best=0.3854
        [TRIAL TIMEOUT] Trial 10 total >600s, stopping
        [Done] Trial 10 best=0.3854
    --> Trial 11 | pop=60 seed=48636 x0_norm_min=-0.781 x0_norm_max=0.859
        [Trial 11] gen   20  evals= 1200  best=0.4168
        [Trial 11] gen   40  evals= 2400  best=0.4126
        [Pruned] Trial 11 at gen 45 (loss=0.4126)
    --> Trial 12 | pop=46 seed=47875 x0_norm_min=-0.402 x0_norm_max=0.428
        [Pruned] Trial 12 at gen 15 (loss=0.4342)
    --> Trial 13 | pop=60 seed=47689 x0_norm_min=-0.863 x0_norm_max=0.955
        [Pruned] Trial 13 at gen 15 (loss=0.4557)
    --> Trial 14 | pop=46 seed=63082 x0_norm_min=-0.897 x0_norm_max=-0.091
        [Pruned] Trial 14 at gen 15 (loss=0.4853)
    --> Trial 15 | pop=46 seed=35853 x0_norm_min=-0.690 x0_norm_max=0.990
        [Pruned] Trial 15 at gen 15 (loss=0.4638)
    --> Trial 16 | pop=56 seed=60692 x0_norm_min=-0.776 x0_norm_max=0.982
        [Pruned] Trial 16 at gen 15 (loss=0.4323)
    --> Trial 17 | pop=49 seed=33984 x0_norm_min=-0.863 x0_norm_max=0.835
        [Trial 17] gen   20  evals=  980  best=0.4081
        [Trial 17] gen   40  evals= 1960  best=0.4081
        [Pruned] Trial 17 at gen 45 (loss=0.4081)
    --> Trial 18 | pop=43 seed=76964 x0_norm_min=-0.933 x0_norm_max=0.907
        [Pruned] Trial 18 at gen 15 (loss=0.4245)
    --> Trial 19 | pop=57 seed=59711 x0_norm_min=-0.948 x0_norm_max=0.822
        [Pruned] Trial 19 at gen 15 (loss=0.4521)

  Winner: Trial 0, loss=0.369982 (1110s)
    Restarts run: 20
    mu: 2.432512
    D_mu: 4.841582
    T0_mu: 255.702506
    Ly: 3.715610
    op_x: 0.511008
    op_y: 0.929773
    NMSE: 0.139557
  [Saved] random_IR_0040

============================================================
[41/50] random_IR_0041.npz
  GT loss: 0.079500
  terrain_mean=1.451118  early_threshold=0.092530  (alpha=0.0095)
  tolfun=0.00713 tolfunhist=0.00713  (frac=0.0052 of range=1.37)
    --> Trial 0 | pop=45 seed=72385 x0_norm_min=-0.944 x0_norm_max=0.730
        [Trial 0] gen   20  evals=  900  best=0.7301
        [Trial 0] gen   40  evals= 1800  best=0.6746
        [Trial 0] gen   60  evals= 2700  best=0.6746
        [Trial 0] gen   80  evals= 3600  best=0.6746
        [Trial 0] gen  100  evals= 4500  best=0.6746
        [Trial 0] gen  120  evals= 5400  best=0.6329
        [Trial 0] gen  140  evals= 6300  best=0.6329
        [Trial 0] gen  160  evals= 7200  best=0.6329
        [Trial 0] gen  180  evals= 8100  best=0.6329
        [Trial 0] gen  200  evals= 9000  best=0.6329
        [Trial 0] gen  220  evals= 9900  best=0.6329
        [Trial 0] gen  240  evals=10800  best=0.6329
        [Trial 0] gen  260  evals=11700  best=0.6329
        [Trial 0] gen  280  evals=12600  best=0.6329
        [Trial 0] gen  300  evals=13500  best=0.6329
        [Done] Trial 0 best=0.6270
    --> Trial 1 | pop=49 seed=65913 x0_norm_min=-0.937 x0_norm_max=0.907
        [Trial 1] gen   20  evals=  980  best=0.6685
        [Trial 1] gen   40  evals= 1960  best=0.5955
        [Trial 1] gen   60  evals= 2940  best=0.5955
        [Trial 1] gen   80  evals= 3920  best=0.5955
        [Trial 1] gen  100  evals= 4900  best=0.5955
        [Trial 1] gen  120  evals= 5880  best=0.5955
        [Trial 1] gen  140  evals= 6860  best=0.5955
        [Trial 1] gen  160  evals= 7840  best=0.5955
        [Trial 1] gen  180  evals= 8820  best=0.5955
        [Trial 1] gen  200  evals= 9800  best=0.5955
        [Trial 1] gen  220  evals=10780  best=0.5955
        [Trial 1] gen  240  evals=11760  best=0.5955
        [Trial 1] gen  260  evals=12740  best=0.5955
        [Trial 1] gen  280  evals=13720  best=0.5955
        [Trial 1] gen  300  evals=14700  best=0.5955
        [Done] Trial 1 best=0.5955
    --> Trial 2 | pop=30 seed=33997 x0_norm_min=-0.344 x0_norm_max=0.824
        [Pruned] Trial 2 at gen 15 (loss=0.7203)
    --> Trial 3 | pop=59 seed=78784 x0_norm_min=-0.797 x0_norm_max=0.622
        [Pruned] Trial 3 at gen 15 (loss=0.7955)
    --> Trial 4 | pop=33 seed=19279 x0_norm_min=-0.947 x0_norm_max=0.785
        [Pruned] Trial 4 at gen 15 (loss=0.8411)
    --> Trial 5 | pop=37 seed=83190 x0_norm_min=-0.748 x0_norm_max=0.981
        [Pruned] Trial 5 at gen 15 (loss=0.7314)
    --> Trial 6 | pop=30 seed=17840 x0_norm_min=-0.929 x0_norm_max=0.732
        [Pruned] Trial 6 at gen 15 (loss=0.7413)
    --> Trial 7 | pop=39 seed=22565 x0_norm_min=-0.779 x0_norm_max=0.922
        [Pruned] Trial 7 at gen 15 (loss=0.7378)
    --> Trial 8 | pop=41 seed=43913 x0_norm_min=-0.814 x0_norm_max=0.843
        [Trial 8] gen   20  evals=  820  best=0.6491
        [Trial 8] gen   40  evals= 1640  best=0.6491
        [Pruned] Trial 8 at gen 45 (loss=0.6491)
    --> Trial 9 | pop=31 seed=89992 x0_norm_min=-0.955 x0_norm_max=0.770
        [Pruned] Trial 9 at gen 15 (loss=0.7247)
    --> Trial 10 | pop=52 seed=1459 x0_norm_min=-0.841 x0_norm_max=0.672
        [Trial 10] gen   20  evals= 1040  best=0.6779
        [Trial 10] gen   40  evals= 2080  best=0.5699
        [Trial 10] gen   60  evals= 3120  best=0.5699
        [Trial 10] gen   80  evals= 4160  best=0.5699
        [Trial 10] gen  100  evals= 5200  best=0.5699
        [Trial 10] gen  120  evals= 6240  best=0.5699
        [Trial 10] gen  140  evals= 7280  best=0.5699
        [Trial 10] gen  160  evals= 8320  best=0.5699
        [Trial 10] gen  180  evals= 9360  best=0.5699
        [Trial 10] gen  200  evals=10400  best=0.5699
        [Trial 10] gen  220  evals=11440  best=0.5699
        [Trial 10] gen  240  evals=12480  best=0.5699
        [Trial 10] gen  260  evals=13520  best=0.5699
        [Trial 10] gen  280  evals=14560  best=0.5699
        [Trial 10] gen  300  evals=15600  best=0.5699
        [Trial 10] gen  320  evals=16640  best=0.5699
        [Trial 10] gen  340  evals=17680  best=0.5699
        [Trial 10] gen  360  evals=18720  best=0.5699
        [Trial 10] gen  380  evals=19760  best=0.5699
        [Trial 10] gen  400  evals=20800  best=0.5699
        [Trial 10] gen  420  evals=21840  best=0.5699
        [Trial 10] gen  440  evals=22880  best=0.5699
        [Trial 10] gen  460  evals=23920  best=0.5699
        [Trial 10] gen  480  evals=24960  best=0.5699
        [Done] Trial 10 best=0.5699
    --> Trial 11 | pop=51 seed=1669 x0_norm_min=-0.781 x0_norm_max=0.859
        [Trial 11] gen   20  evals= 1020  best=0.6584
        [Trial 11] gen   40  evals= 2040  best=0.6376
        [Pruned] Trial 11 at gen 45 (loss=0.6376)
    --> Trial 12 | pop=52 seed=54167 x0_norm_min=-0.402 x0_norm_max=0.428
        [Trial 12] gen   20  evals= 1040  best=0.6170
        [Trial 12] gen   40  evals= 2080  best=0.6170
        [Pruned] Trial 12 at gen 45 (loss=0.6170)
    --> Trial 13 | pop=50 seed=99748 x0_norm_min=-0.863 x0_norm_max=0.955
        [Trial 13] gen   20  evals= 1000  best=0.6138
        [Trial 13] gen   40  evals= 2000  best=0.6138
        [Pruned] Trial 13 at gen 45 (loss=0.6138)
    --> Trial 14 | pop=57 seed=62053 x0_norm_min=-0.897 x0_norm_max=-0.091
        [Pruned] Trial 14 at gen 15 (loss=0.7147)
    --> Trial 15 | pop=47 seed=147 x0_norm_min=-0.690 x0_norm_max=0.990
        [Pruned] Trial 15 at gen 15 (loss=0.7608)
    --> Trial 16 | pop=55 seed=44493 x0_norm_min=-0.776 x0_norm_max=0.982
        [Pruned] Trial 16 at gen 15 (loss=0.6771)
    --> Trial 17 | pop=45 seed=62107 x0_norm_min=-0.863 x0_norm_max=0.835
        [Pruned] Trial 17 at gen 15 (loss=0.7852)
    --> Trial 18 | pop=53 seed=29398 x0_norm_min=-0.933 x0_norm_max=0.907
        [Pruned] Trial 18 at gen 15 (loss=0.6994)
    --> Trial 19 | pop=48 seed=13647 x0_norm_min=-0.948 x0_norm_max=0.822
        [Pruned] Trial 19 at gen 15 (loss=0.7191)

  Winner: Trial 10, loss=0.569891 (1054s)
    Restarts run: 20
    mu: 9.521987
    D_mu: 15.733325
    T0_mu: 7.638795
    Ly: 2.570845
    op_x: 0.998822
    op_y: 0.766307
    NMSE: 0.180549
  [Saved] random_IR_0041

============================================================
[42/50] random_IR_0042.npz
  GT loss: 0.087181
  terrain_mean=1.094338  early_threshold=0.096749  (alpha=0.0095)
  tolfun=0.00524 tolfunhist=0.00524  (frac=0.0052 of range=1.01)
    --> Trial 0 | pop=36 seed=58669 x0_norm_min=-0.944 x0_norm_max=0.730
        [Trial 0] gen   20  evals=  720  best=0.4831
        [Trial 0] gen   40  evals= 1440  best=0.4767
        [Trial 0] gen   60  evals= 2160  best=0.4767
        [Trial 0] gen   80  evals= 2880  best=0.4767
        [Trial 0] gen  100  evals= 3600  best=0.4534
        [Trial 0] gen  120  evals= 4320  best=0.4431
        [Trial 0] gen  140  evals= 5040  best=0.4431
        [Trial 0] gen  160  evals= 5760  best=0.4431
        [Trial 0] gen  180  evals= 6480  best=0.4431
        [Trial 0] gen  200  evals= 7200  best=0.4416
        [Trial 0] gen  220  evals= 7920  best=0.4343
        [Done] Trial 0 best=0.4246
    --> Trial 1 | pop=53 seed=48792 x0_norm_min=-0.937 x0_norm_max=0.907
        [Pruned] Trial 1 at gen 15 (loss=0.5067)
    --> Trial 2 | pop=48 seed=72174 x0_norm_min=-0.344 x0_norm_max=0.824
        [Trial 2] gen   20  evals=  960  best=0.4700
        [Trial 2] gen   40  evals= 1920  best=0.4700
        [Trial 2] gen   60  evals= 2880  best=0.4700
        [Trial 2] gen   80  evals= 3840  best=0.4700
        [Trial 2] gen  100  evals= 4800  best=0.4535
        [Trial 2] gen  120  evals= 5760  best=0.4490
        [Pruned] Trial 2 at gen 135 (loss=0.4490)
    --> Trial 3 | pop=55 seed=89336 x0_norm_min=-0.797 x0_norm_max=0.622
        [Pruned] Trial 3 at gen 15 (loss=0.5137)
    --> Trial 4 | pop=52 seed=20687 x0_norm_min=-0.947 x0_norm_max=0.785
        [Pruned] Trial 4 at gen 15 (loss=0.4803)
    --> Trial 5 | pop=50 seed=57397 x0_norm_min=-0.748 x0_norm_max=0.981
        [Trial 5] gen   20  evals= 1000  best=0.4650
        [Trial 5] gen   40  evals= 2000  best=0.4650
        [Trial 5] gen   60  evals= 3000  best=0.4603
        [Trial 5] gen   80  evals= 4000  best=0.4603
        [Trial 5] gen  100  evals= 5000  best=0.4603
        [Trial 5] gen  120  evals= 6000  best=0.4603
        [Pruned] Trial 5 at gen 135 (loss=0.4593)
    --> Trial 6 | pop=30 seed=12303 x0_norm_min=-0.929 x0_norm_max=0.732
        [Pruned] Trial 6 at gen 15 (loss=0.5040)
    --> Trial 7 | pop=44 seed=55146 x0_norm_min=-0.779 x0_norm_max=0.922
        [Pruned] Trial 7 at gen 15 (loss=0.4987)
    --> Trial 8 | pop=32 seed=6894 x0_norm_min=-0.814 x0_norm_max=0.843
        [Pruned] Trial 8 at gen 15 (loss=0.5038)
    --> Trial 9 | pop=33 seed=35059 x0_norm_min=-0.955 x0_norm_max=0.770
        [Pruned] Trial 9 at gen 15 (loss=0.4821)
    --> Trial 10 | pop=60 seed=97728 x0_norm_min=-0.841 x0_norm_max=0.672
        [Pruned] Trial 10 at gen 15 (loss=0.4885)
    --> Trial 11 | pop=40 seed=73923 x0_norm_min=-0.781 x0_norm_max=0.859
        [Pruned] Trial 11 at gen 15 (loss=0.5387)
    --> Trial 12 | pop=39 seed=74797 x0_norm_min=-0.402 x0_norm_max=0.428
        [Pruned] Trial 12 at gen 15 (loss=0.4999)
    --> Trial 13 | pop=46 seed=72106 x0_norm_min=-0.863 x0_norm_max=0.955
        [Pruned] Trial 13 at gen 15 (loss=0.4870)
    --> Trial 14 | pop=37 seed=41088 x0_norm_min=-0.897 x0_norm_max=-0.091
        [Pruned] Trial 14 at gen 15 (loss=0.5279)
    --> Trial 15 | pop=45 seed=64793 x0_norm_min=-0.690 x0_norm_max=0.990
        [Pruned] Trial 15 at gen 15 (loss=0.4955)
    --> Trial 16 | pop=36 seed=84858 x0_norm_min=-0.776 x0_norm_max=0.982
        [Pruned] Trial 16 at gen 15 (loss=0.5183)
    --> Trial 17 | pop=48 seed=37115 x0_norm_min=-0.863 x0_norm_max=0.835
        [Trial 17] gen   20  evals=  960  best=0.4862
        [Trial 17] gen   40  evals= 1920  best=0.4862
        [Pruned] Trial 17 at gen 45 (loss=0.4862)
    --> Trial 18 | pop=42 seed=64149 x0_norm_min=-0.933 x0_norm_max=0.907
        [Pruned] Trial 18 at gen 15 (loss=0.4902)
    --> Trial 19 | pop=58 seed=82643 x0_norm_min=-0.948 x0_norm_max=0.822
        [Pruned] Trial 19 at gen 15 (loss=0.4997)

  Winner: Trial 0, loss=0.424624 (322s)
    Restarts run: 20
    mu: 32.425112
    D_mu: 20.649237
    T0_mu: 7.291014
    Ly: 3.375497
    op_x: 0.885959
    op_y: 0.570553
    NMSE: 0.018131
  [Saved] random_IR_0042

============================================================
[43/50] random_IR_0043.npz
  GT loss: 0.040896
  terrain_mean=1.522923  early_threshold=0.054975  (alpha=0.0095)
  tolfun=0.00771 tolfunhist=0.00771  (frac=0.0052 of range=1.48)
    --> Trial 0 | pop=32 seed=99192 x0_norm_min=-0.944 x0_norm_max=0.730
        [Trial 0] gen   20  evals=  640  best=0.4836
        [Trial 0] gen   40  evals= 1280  best=0.4593
        [Trial 0] gen   60  evals= 1920  best=0.4593
        [Trial 0] gen   80  evals= 2560  best=0.4593
        [Trial 0] gen  100  evals= 3200  best=0.4243
        [Trial 0] gen  120  evals= 3840  best=0.4243
        [Trial 0] gen  140  evals= 4480  best=0.4243
        [Trial 0] gen  160  evals= 5120  best=0.4243
        [Trial 0] gen  180  evals= 5760  best=0.4243
        [Trial 0] gen  200  evals= 6400  best=0.4243
        [Trial 0] gen  220  evals= 7040  best=0.4243
        [Trial 0] gen  240  evals= 7680  best=0.4243
        [Trial 0] gen  260  evals= 8320  best=0.4243
        [Trial 0] gen  280  evals= 8960  best=0.4243
        [Trial 0] gen  300  evals= 9600  best=0.4243
        [Trial 0] gen  320  evals=10240  best=0.4243
        [Trial 0] gen  340  evals=10880  best=0.4243
        [Trial 0] gen  360  evals=11520  best=0.4243
        [Trial 0] gen  380  evals=12160  best=0.4243
        [Done] Trial 0 best=0.4243
    --> Trial 1 | pop=41 seed=28793 x0_norm_min=-0.937 x0_norm_max=0.907
        [Pruned] Trial 1 at gen 15 (loss=0.5459)
    --> Trial 2 | pop=37 seed=80782 x0_norm_min=-0.344 x0_norm_max=0.824
        [Pruned] Trial 2 at gen 15 (loss=0.5324)
    --> Trial 3 | pop=40 seed=48667 x0_norm_min=-0.797 x0_norm_max=0.622
        [Pruned] Trial 3 at gen 15 (loss=0.5264)
    --> Trial 4 | pop=50 seed=66125 x0_norm_min=-0.947 x0_norm_max=0.785
        [Trial 4] gen   20  evals= 1000  best=0.4507
        [Trial 4] gen   40  evals= 2000  best=0.4507
        [Trial 4] gen   60  evals= 3000  best=0.4507
        [Trial 4] gen   80  evals= 4000  best=0.4507
        [Trial 4] gen  100  evals= 5000  best=0.4507
        [Trial 4] gen  120  evals= 6000  best=0.4507
        [Pruned] Trial 4 at gen 135 (loss=0.4507)
    --> Trial 5 | pop=33 seed=61550 x0_norm_min=-0.748 x0_norm_max=0.981
        [Pruned] Trial 5 at gen 15 (loss=0.5507)
    --> Trial 6 | pop=52 seed=71521 x0_norm_min=-0.929 x0_norm_max=0.732
        [Trial 6] gen   20  evals= 1040  best=0.4935
        [Trial 6] gen   40  evals= 2080  best=0.4697
        [Pruned] Trial 6 at gen 45 (loss=0.4697)
    --> Trial 7 | pop=41 seed=81155 x0_norm_min=-0.779 x0_norm_max=0.922
        [Pruned] Trial 7 at gen 15 (loss=0.5776)
    --> Trial 8 | pop=43 seed=65911 x0_norm_min=-0.814 x0_norm_max=0.843
        [Pruned] Trial 8 at gen 15 (loss=0.5628)
    --> Trial 9 | pop=47 seed=80099 x0_norm_min=-0.955 x0_norm_max=0.770
        [Trial 9] gen   20  evals=  940  best=0.4802
        [Trial 9] gen   40  evals= 1880  best=0.4802
        [Pruned] Trial 9 at gen 45 (loss=0.4685)
    --> Trial 10 | pop=60 seed=10033 x0_norm_min=-0.841 x0_norm_max=0.672
        [Trial 10] gen   20  evals= 1200  best=0.4852
        [Trial 10] gen   40  evals= 2400  best=0.4827
        [Pruned] Trial 10 at gen 45 (loss=0.4827)
    --> Trial 11 | pop=55 seed=97714 x0_norm_min=-0.781 x0_norm_max=0.859
        [Pruned] Trial 11 at gen 15 (loss=0.5217)
    --> Trial 12 | pop=31 seed=95181 x0_norm_min=-0.402 x0_norm_max=0.428
        [Pruned] Trial 12 at gen 15 (loss=0.5759)
    --> Trial 13 | pop=49 seed=46555 x0_norm_min=-0.863 x0_norm_max=0.955
        [Trial 13] gen   20  evals=  980  best=0.4707
        [Trial 13] gen   40  evals= 1960  best=0.4707
        [Pruned] Trial 13 at gen 45 (loss=0.4707)
    --> Trial 14 | pop=60 seed=48757 x0_norm_min=-0.897 x0_norm_max=-0.091
        [Trial 14] gen   20  evals= 1200  best=0.4723
        [Trial 14] gen   40  evals= 2400  best=0.4723
        [Pruned] Trial 14 at gen 45 (loss=0.4723)
    --> Trial 15 | pop=36 seed=34283 x0_norm_min=-0.690 x0_norm_max=0.990
        [Pruned] Trial 15 at gen 15 (loss=0.5498)
    --> Trial 16 | pop=46 seed=2744 x0_norm_min=-0.776 x0_norm_max=0.982
        [Pruned] Trial 16 at gen 15 (loss=0.5186)
    --> Trial 17 | pop=54 seed=90253 x0_norm_min=-0.863 x0_norm_max=0.835
        [Pruned] Trial 17 at gen 15 (loss=0.5364)
    --> Trial 18 | pop=36 seed=58835 x0_norm_min=-0.933 x0_norm_max=0.907
        [Trial 18] gen   20  evals=  720  best=0.4669
        [Trial 18] gen   40  evals= 1440  best=0.4439
        [Trial 18] gen   60  evals= 2160  best=0.4439
        [Trial 18] gen   80  evals= 2880  best=0.4439
        [Trial 18] gen  100  evals= 3600  best=0.4439
        [Trial 18] gen  120  evals= 4320  best=0.4439
        [Pruned] Trial 18 at gen 135 (loss=0.4439)
    --> Trial 19 | pop=30 seed=23946 x0_norm_min=-0.948 x0_norm_max=0.822
        [Pruned] Trial 19 at gen 15 (loss=0.5043)

  Winner: Trial 0, loss=0.424291 (731s)
    Restarts run: 20
    mu: 8.921223
    D_mu: 5.032592
    T0_mu: 27.746092
    Ly: 3.515743
    op_x: 0.977889
    op_y: 0.932884
    NMSE: 0.029023
  [Saved] random_IR_0043

============================================================
[44/50] random_IR_0044.npz
  GT loss: 0.040667
  terrain_mean=1.075940  early_threshold=0.050502  (alpha=0.0095)
  tolfun=0.00538 tolfunhist=0.00538  (frac=0.0052 of range=1.04)
    --> Trial 0 | pop=60 seed=68405 x0_norm_min=-0.944 x0_norm_max=0.730
        [Trial 0] gen   20  evals= 1200  best=0.4265
        [Trial 0] gen   40  evals= 2400  best=0.4265
        [Trial 0] gen   60  evals= 3600  best=0.4265
        [Trial 0] gen   80  evals= 4800  best=0.4150
        [Trial 0] gen  100  evals= 6000  best=0.4150
        [Trial 0] gen  120  evals= 7200  best=0.4147
        [Trial 0] gen  140  evals= 8400  best=0.4147
        [Trial 0] gen  160  evals= 9600  best=0.4147
        [Trial 0] gen  180  evals=10800  best=0.4104
        [Trial 0] gen  200  evals=12000  best=0.4104
        [Trial 0] gen  220  evals=13200  best=0.4099
        [Trial 0] gen  240  evals=14400  best=0.4078
        [Trial 0] gen  260  evals=15600  best=0.4062
        [Done] Trial 0 best=0.4062
    --> Trial 1 | pop=38 seed=76898 x0_norm_min=-0.937 x0_norm_max=0.907
        [Pruned] Trial 1 at gen 15 (loss=0.4486)
    --> Trial 2 | pop=42 seed=74676 x0_norm_min=-0.344 x0_norm_max=0.824
        [Trial 2] gen   20  evals=  840  best=0.4118
        [Trial 2] gen   40  evals= 1680  best=0.4118
        [Trial 2] gen   60  evals= 2520  best=0.4118
        [Trial 2] gen   80  evals= 3360  best=0.4118
        [Trial 2] gen  100  evals= 4200  best=0.3963
        [Trial 2] gen  120  evals= 5040  best=0.3914
        [Trial 2] gen  140  evals= 5880  best=0.3914
        [Trial 2] gen  160  evals= 6720  best=0.3914
        [Trial 2] gen  180  evals= 7560  best=0.3914
        [Trial 2] gen  200  evals= 8400  best=0.3914
        [Trial 2] gen  220  evals= 9240  best=0.3914
        [Trial 2] gen  240  evals=10080  best=0.3914
        [Trial 2] gen  260  evals=10920  best=0.3914
        [Trial 2] gen  280  evals=11760  best=0.3914
        [Trial 2] gen  300  evals=12600  best=0.3914
        [Done] Trial 2 best=0.3914
    --> Trial 3 | pop=57 seed=85585 x0_norm_min=-0.797 x0_norm_max=0.622
        [Pruned] Trial 3 at gen 15 (loss=0.4275)
    --> Trial 4 | pop=36 seed=6410 x0_norm_min=-0.947 x0_norm_max=0.785
        [Pruned] Trial 4 at gen 15 (loss=0.4567)
    --> Trial 5 | pop=49 seed=87698 x0_norm_min=-0.748 x0_norm_max=0.981
        [Pruned] Trial 5 at gen 15 (loss=0.4490)
    --> Trial 6 | pop=48 seed=13396 x0_norm_min=-0.929 x0_norm_max=0.732
        [Pruned] Trial 6 at gen 15 (loss=0.4491)
    --> Trial 7 | pop=40 seed=75120 x0_norm_min=-0.779 x0_norm_max=0.922
        [Trial 7] gen   20  evals=  800  best=0.4105
        [Trial 7] gen   40  evals= 1600  best=0.4105
        [Trial 7] gen   60  evals= 2400  best=0.4013
        [Trial 7] gen   80  evals= 3200  best=0.4013
        [Trial 7] gen  100  evals= 4000  best=0.4012
        [Trial 7] gen  120  evals= 4800  best=0.4012
        [Pruned] Trial 7 at gen 135 (loss=0.4003)
    --> Trial 8 | pop=49 seed=23638 x0_norm_min=-0.814 x0_norm_max=0.843
        [Trial 8] gen   20  evals=  980  best=0.4193
        [Trial 8] gen   40  evals= 1960  best=0.4149
        [Pruned] Trial 8 at gen 45 (loss=0.4149)
    --> Trial 9 | pop=36 seed=35866 x0_norm_min=-0.955 x0_norm_max=0.770
        [Pruned] Trial 9 at gen 15 (loss=0.4760)
    --> Trial 10 | pop=31 seed=48621 x0_norm_min=-0.841 x0_norm_max=0.672
        [Pruned] Trial 10 at gen 15 (loss=0.4545)
    --> Trial 11 | pop=59 seed=58643 x0_norm_min=-0.781 x0_norm_max=0.859
        [Pruned] Trial 11 at gen 15 (loss=0.4368)
    --> Trial 12 | pop=54 seed=98907 x0_norm_min=-0.402 x0_norm_max=0.428
        [Pruned] Trial 12 at gen 15 (loss=0.4488)
    --> Trial 13 | pop=44 seed=57971 x0_norm_min=-0.863 x0_norm_max=0.955
        [Trial 13] gen   20  evals=  880  best=0.4191
        [Trial 13] gen   40  evals= 1760  best=0.4183
        [Pruned] Trial 13 at gen 45 (loss=0.4183)
    --> Trial 14 | pop=53 seed=65441 x0_norm_min=-0.897 x0_norm_max=-0.091
        [Pruned] Trial 14 at gen 15 (loss=0.4446)
    --> Trial 15 | pop=44 seed=45551 x0_norm_min=-0.690 x0_norm_max=0.990
        [Trial 15] gen   20  evals=  880  best=0.4222
        [Trial 15] gen   40  evals= 1760  best=0.4212
        [Pruned] Trial 15 at gen 45 (loss=0.4212)
    --> Trial 16 | pop=32 seed=70805 x0_norm_min=-0.776 x0_norm_max=0.982
        [Pruned] Trial 16 at gen 15 (loss=0.4482)
    --> Trial 17 | pop=54 seed=96293 x0_norm_min=-0.863 x0_norm_max=0.835
        [Pruned] Trial 17 at gen 15 (loss=0.4349)
    --> Trial 18 | pop=44 seed=83867 x0_norm_min=-0.933 x0_norm_max=0.907
        [Trial 18] gen   20  evals=  880  best=0.4099
        [Trial 18] gen   40  evals= 1760  best=0.4074
        [Trial 18] gen   60  evals= 2640  best=0.3961
        [Trial 18] gen   80  evals= 3520  best=0.3961
        [Trial 18] gen  100  evals= 4400  best=0.3961
        [Trial 18] gen  120  evals= 5280  best=0.3961
        [Pruned] Trial 18 at gen 135 (loss=0.3961)
    --> Trial 19 | pop=59 seed=39982 x0_norm_min=-0.948 x0_norm_max=0.822
        [Pruned] Trial 19 at gen 15 (loss=0.4298)

  Winner: Trial 2, loss=0.391402 (1252s)
    Restarts run: 20
    mu: 30.005207
    D_mu: 2.388669
    T0_mu: 33.325923
    Ly: 2.290596
    op_x: 0.581911
    op_y: 0.521889
    NMSE: 0.023753
  [Saved] random_IR_0044

============================================================
[45/50] random_IR_0045.npz
  GT loss: 0.087787
  terrain_mean=1.042864  early_threshold=0.096860  (alpha=0.0095)
  tolfun=0.00497 tolfunhist=0.00497  (frac=0.0052 of range=0.955)
    --> Trial 0 | pop=38 seed=81674 x0_norm_min=-0.944 x0_norm_max=0.730
        [Trial 0] gen   20  evals=  760  best=0.4696
        [Trial 0] gen   40  evals= 1520  best=0.4571
        [Trial 0] gen   60  evals= 2280  best=0.4507
        [Trial 0] gen   80  evals= 3040  best=0.4507
        [Trial 0] gen  100  evals= 3800  best=0.4507
        [Trial 0] gen  120  evals= 4560  best=0.4507
        [Trial 0] gen  140  evals= 5320  best=0.4507
        [Trial 0] gen  160  evals= 6080  best=0.4416
        [Trial 0] gen  180  evals= 6840  best=0.4416
        [Trial 0] gen  200  evals= 7600  best=0.4416
        [Trial 0] gen  220  evals= 8360  best=0.4416
        [Trial 0] gen  240  evals= 9120  best=0.4416
        [Trial 0] gen  260  evals= 9880  best=0.4416
        [Trial 0] gen  280  evals=10640  best=0.4416
        [Trial 0] gen  300  evals=11400  best=0.4416
        [Trial 0] gen  320  evals=12160  best=0.4416
        [Trial 0] gen  340  evals=12920  best=0.4416
        [Trial 0] gen  360  evals=13680  best=0.4416
        [Trial 0] gen  380  evals=14440  best=0.4416
        [Done] Trial 0 best=0.4416
    --> Trial 1 | pop=46 seed=13518 x0_norm_min=-0.937 x0_norm_max=0.907
        [Trial 1] gen   20  evals=  920  best=0.4611
        [Trial 1] gen   40  evals= 1840  best=0.4611
        [Pruned] Trial 1 at gen 45 (loss=0.4611)
    --> Trial 2 | pop=47 seed=7727 x0_norm_min=-0.344 x0_norm_max=0.824
        [Pruned] Trial 2 at gen 15 (loss=0.4932)
    --> Trial 3 | pop=31 seed=38915 x0_norm_min=-0.797 x0_norm_max=0.622
        [Pruned] Trial 3 at gen 15 (loss=0.4880)
    --> Trial 4 | pop=45 seed=56392 x0_norm_min=-0.947 x0_norm_max=0.785
        [Pruned] Trial 4 at gen 15 (loss=0.4872)
    --> Trial 5 | pop=42 seed=33623 x0_norm_min=-0.748 x0_norm_max=0.981
        [Trial 5] gen   20  evals=  840  best=0.4548
        [Trial 5] gen   40  evals= 1680  best=0.4432
        [Trial 5] gen   60  evals= 2520  best=0.4432
        [Trial 5] gen   80  evals= 3360  best=0.4432
        [Trial 5] gen  100  evals= 4200  best=0.4432
        [Trial 5] gen  120  evals= 5040  best=0.4432
        [Trial 5] gen  140  evals= 5880  best=0.4432
        [Trial 5] gen  160  evals= 6720  best=0.4432
        [Trial 5] gen  180  evals= 7560  best=0.4363
        [Trial 5] gen  200  evals= 8400  best=0.4363
        [Trial 5] gen  220  evals= 9240  best=0.4315
        [Trial 5] gen  240  evals=10080  best=0.4231
        [Trial 5] gen  260  evals=10920  best=0.4214
        [Done] Trial 5 best=0.4204
    --> Trial 6 | pop=47 seed=28035 x0_norm_min=-0.929 x0_norm_max=0.732
        [Pruned] Trial 6 at gen 15 (loss=0.4895)
    --> Trial 7 | pop=48 seed=68733 x0_norm_min=-0.779 x0_norm_max=0.922
        [Pruned] Trial 7 at gen 15 (loss=0.4676)
    --> Trial 8 | pop=48 seed=89065 x0_norm_min=-0.814 x0_norm_max=0.843
        [Pruned] Trial 8 at gen 15 (loss=0.4689)
    --> Trial 9 | pop=35 seed=79634 x0_norm_min=-0.955 x0_norm_max=0.770
        [Pruned] Trial 9 at gen 15 (loss=0.4754)
    --> Trial 10 | pop=60 seed=99629 x0_norm_min=-0.841 x0_norm_max=0.672
        [Trial 10] gen   20  evals= 1200  best=0.4639
        [Trial 10] gen   40  evals= 2400  best=0.4611
        [Pruned] Trial 10 at gen 45 (loss=0.4590)
    --> Trial 11 | pop=38 seed=50101 x0_norm_min=-0.781 x0_norm_max=0.859
        [Pruned] Trial 11 at gen 15 (loss=0.4720)
    --> Trial 12 | pop=40 seed=63870 x0_norm_min=-0.402 x0_norm_max=0.428
        [Pruned] Trial 12 at gen 15 (loss=0.4979)
    --> Trial 13 | pop=41 seed=27329 x0_norm_min=-0.863 x0_norm_max=0.955
        [Pruned] Trial 13 at gen 15 (loss=0.4710)
    --> Trial 14 | pop=55 seed=1222 x0_norm_min=-0.897 x0_norm_max=-0.091
        [Pruned] Trial 14 at gen 15 (loss=0.4962)
    --> Trial 15 | pop=31 seed=78209 x0_norm_min=-0.690 x0_norm_max=0.990
        [Pruned] Trial 15 at gen 15 (loss=0.4739)
    --> Trial 16 | pop=35 seed=44648 x0_norm_min=-0.776 x0_norm_max=0.982
        [Pruned] Trial 16 at gen 15 (loss=0.5193)
    --> Trial 17 | pop=42 seed=28871 x0_norm_min=-0.863 x0_norm_max=0.835
        [Trial 17] gen   20  evals=  840  best=0.4366
        [Trial 17] gen   40  evals= 1680  best=0.4366
        [Trial 17] gen   60  evals= 2520  best=0.4366
        [Trial 17] gen   80  evals= 3360  best=0.4366
        [Trial 17] gen  100  evals= 4200  best=0.4366
        [Trial 17] gen  120  evals= 5040  best=0.4366
        [Trial 17] gen  140  evals= 5880  best=0.4366
        [Trial 17] gen  160  evals= 6720  best=0.4366
        [Trial 17] gen  180  evals= 7560  best=0.4366
        [Trial 17] gen  200  evals= 8400  best=0.4366
        [Trial 17] gen  220  evals= 9240  best=0.4366
        [Trial 17] gen  240  evals=10080  best=0.4366
        [Trial 17] gen  260  evals=10920  best=0.4366
        [Trial 17] gen  280  evals=11760  best=0.4366
        [Trial 17] gen  300  evals=12600  best=0.4366
        [Trial 17] gen  320  evals=13440  best=0.4366
        [Trial 17] gen  340  evals=14280  best=0.4366
        [Trial 17] gen  360  evals=15120  best=0.4366
        [Trial 17] gen  380  evals=15960  best=0.4366
        [Trial 17] gen  400  evals=16800  best=0.4366
        [Trial 17] gen  420  evals=17640  best=0.4366
        [Trial 17] gen  440  evals=18480  best=0.4366
        [Trial 17] gen  460  evals=19320  best=0.4366
        [Trial 17] gen  480  evals=20160  best=0.4281
        [Done] Trial 17 best=0.4247
    --> Trial 18 | pop=52 seed=25602 x0_norm_min=-0.933 x0_norm_max=0.907
        [Pruned] Trial 18 at gen 15 (loss=0.4748)
    --> Trial 19 | pop=42 seed=35575 x0_norm_min=-0.948 x0_norm_max=0.822
        [Trial 19] gen   20  evals=  840  best=0.4684
        [Trial 19] gen   40  evals= 1680  best=0.4625
        [Pruned] Trial 19 at gen 45 (loss=0.4625)

  Winner: Trial 5, loss=0.420411 (1275s)
    Restarts run: 20
    mu: 6.771335
    D_mu: 3.159034
    T0_mu: 128.136979
    Ly: 3.913702
    op_x: 0.513163
    op_y: 0.833582
    NMSE: 0.011377
  [Saved] random_IR_0045

============================================================
[46/50] random_IR_0046.npz
  GT loss: 0.151702
  terrain_mean=1.524174  early_threshold=0.164741  (alpha=0.0095)
  tolfun=0.00714 tolfunhist=0.00714  (frac=0.0052 of range=1.37)
    --> Trial 0 | pop=52 seed=35167 x0_norm_min=-0.944 x0_norm_max=0.730
        [Trial 0] gen   20  evals= 1040  best=0.6241
        [Trial 0] gen   40  evals= 2080  best=0.5988
        [Trial 0] gen   60  evals= 3120  best=0.5830
        [Trial 0] gen   80  evals= 4160  best=0.5611
        [Trial 0] gen  100  evals= 5200  best=0.5611
        [Trial 0] gen  120  evals= 6240  best=0.5611
        [Trial 0] gen  140  evals= 7280  best=0.5611
        [Trial 0] gen  160  evals= 8320  best=0.5540
        [Trial 0] gen  180  evals= 9360  best=0.5524
        [Trial 0] gen  200  evals=10400  best=0.5426
        [Trial 0] gen  220  evals=11440  best=0.5298
        [Trial 0] gen  240  evals=12480  best=0.5227
        [Done] Trial 0 best=0.5227
    --> Trial 1 | pop=43 seed=49688 x0_norm_min=-0.937 x0_norm_max=0.907
        [Trial 1] gen   20  evals=  860  best=0.5981
        [Trial 1] gen   40  evals= 1720  best=0.5744
        [Trial 1] gen   60  evals= 2580  best=0.5712
        [Trial 1] gen   80  evals= 3440  best=0.5343
        [Trial 1] gen  100  evals= 4300  best=0.5343
        [Trial 1] gen  120  evals= 5160  best=0.5343
        [Trial 1] gen  140  evals= 6020  best=0.5343
        [Trial 1] gen  160  evals= 6880  best=0.5343
        [Trial 1] gen  180  evals= 7740  best=0.5343
        [Trial 1] gen  200  evals= 8600  best=0.5343
        [Trial 1] gen  220  evals= 9460  best=0.5299
        [Trial 1] gen  240  evals=10320  best=0.5258
        [Done] Trial 1 best=0.5242
    --> Trial 2 | pop=55 seed=37846 x0_norm_min=-0.344 x0_norm_max=0.824
        [Trial 2] gen   20  evals= 1100  best=0.5375
        [Trial 2] gen   40  evals= 2200  best=0.5375
        [Trial 2] gen   60  evals= 3300  best=0.5375
        [Trial 2] gen   80  evals= 4400  best=0.5375
        [Trial 2] gen  100  evals= 5500  best=0.5375
        [Trial 2] gen  120  evals= 6600  best=0.5375
        [Pruned] Trial 2 at gen 135 (loss=0.5348)
    --> Trial 3 | pop=56 seed=69100 x0_norm_min=-0.797 x0_norm_max=0.622
        [Pruned] Trial 3 at gen 15 (loss=0.5588)
    --> Trial 4 | pop=34 seed=2395 x0_norm_min=-0.947 x0_norm_max=0.785
        [Pruned] Trial 4 at gen 15 (loss=0.5564)
    --> Trial 5 | pop=54 seed=31432 x0_norm_min=-0.748 x0_norm_max=0.981
        [Trial 5] gen   20  evals= 1080  best=0.5349
        [Trial 5] gen   40  evals= 2160  best=0.5349
        [Trial 5] gen   60  evals= 3240  best=0.5349
        [Trial 5] gen   80  evals= 4320  best=0.5349
        [Trial 5] gen  100  evals= 5400  best=0.5349
        [Trial 5] gen  120  evals= 6480  best=0.5349
        [Pruned] Trial 5 at gen 135 (loss=0.5349)
    --> Trial 6 | pop=54 seed=60594 x0_norm_min=-0.929 x0_norm_max=0.732
        [Pruned] Trial 6 at gen 15 (loss=0.5633)
    --> Trial 7 | pop=38 seed=71048 x0_norm_min=-0.779 x0_norm_max=0.922
        [Pruned] Trial 7 at gen 15 (loss=0.6027)
    --> Trial 8 | pop=48 seed=26951 x0_norm_min=-0.814 x0_norm_max=0.843
        [Pruned] Trial 8 at gen 15 (loss=0.5998)
    --> Trial 9 | pop=33 seed=83100 x0_norm_min=-0.955 x0_norm_max=0.770
        [Pruned] Trial 9 at gen 15 (loss=0.5813)
    --> Trial 10 | pop=60 seed=97440 x0_norm_min=-0.841 x0_norm_max=0.672
        [Pruned] Trial 10 at gen 15 (loss=0.6111)
    --> Trial 11 | pop=45 seed=47624 x0_norm_min=-0.781 x0_norm_max=0.859
        [Pruned] Trial 11 at gen 15 (loss=0.5773)
    --> Trial 12 | pop=46 seed=10085 x0_norm_min=-0.402 x0_norm_max=0.428
        [Pruned] Trial 12 at gen 15 (loss=0.6142)
    --> Trial 13 | pop=41 seed=49560 x0_norm_min=-0.863 x0_norm_max=0.955
        [Pruned] Trial 13 at gen 15 (loss=0.5722)
    --> Trial 14 | pop=49 seed=20609 x0_norm_min=-0.897 x0_norm_max=-0.091
        [Pruned] Trial 14 at gen 15 (loss=0.5697)
    --> Trial 15 | pop=41 seed=47381 x0_norm_min=-0.690 x0_norm_max=0.990
        [Pruned] Trial 15 at gen 15 (loss=0.6393)
    --> Trial 16 | pop=30 seed=16713 x0_norm_min=-0.776 x0_norm_max=0.982
        [Pruned] Trial 16 at gen 15 (loss=0.5852)
    --> Trial 17 | pop=51 seed=38760 x0_norm_min=-0.863 x0_norm_max=0.835
        [Pruned] Trial 17 at gen 15 (loss=0.6083)
    --> Trial 18 | pop=43 seed=63637 x0_norm_min=-0.933 x0_norm_max=0.907
        [Pruned] Trial 18 at gen 15 (loss=0.6412)
    --> Trial 19 | pop=38 seed=52761 x0_norm_min=-0.948 x0_norm_max=0.822
        [Pruned] Trial 19 at gen 15 (loss=0.6087)

  Winner: Trial 0, loss=0.522747 (1661s)
    Restarts run: 20
    mu: 12.723707
    D_mu: 0.907888
    T0_mu: 24.278124
    Ly: 1.731555
    op_x: 0.586870
    op_y: 0.784657
    NMSE: 0.054657
  [Saved] random_IR_0046

============================================================
[47/50] random_IR_0047.npz
  GT loss: 0.046521
  terrain_mean=0.993616  early_threshold=0.055518  (alpha=0.0095)
  tolfun=0.00492 tolfunhist=0.00492  (frac=0.0052 of range=0.947)
    --> Trial 0 | pop=48 seed=80915 x0_norm_min=-0.944 x0_norm_max=0.730
        [Trial 0] gen   20  evals=  960  best=0.4569
        [Trial 0] gen   40  evals= 1920  best=0.4448
        [Trial 0] gen   60  evals= 2880  best=0.4411
        [Trial 0] gen   80  evals= 3840  best=0.4411
        [Trial 0] gen  100  evals= 4800  best=0.4411
        [Trial 0] gen  120  evals= 5760  best=0.4411
        [Trial 0] gen  140  evals= 6720  best=0.4411
        [Trial 0] gen  160  evals= 7680  best=0.4382
        [Trial 0] gen  180  evals= 8640  best=0.4382
        [Trial 0] gen  200  evals= 9600  best=0.4382
        [Trial 0] gen  220  evals=10560  best=0.4382
        [Trial 0] gen  240  evals=11520  best=0.4244
        [Trial 0] gen  260  evals=12480  best=0.4244
        [Trial 0] gen  280  evals=13440  best=0.4244
        [Trial 0] gen  300  evals=14400  best=0.4239
        [Trial 0] gen  320  evals=15360  best=0.4239
        [Trial 0] gen  340  evals=16320  best=0.4239
        [Trial 0] gen  360  evals=17280  best=0.4123
        [Trial 0] gen  380  evals=18240  best=0.4123
        [Trial 0] gen  400  evals=19200  best=0.4123
        [Trial 0] gen  420  evals=20160  best=0.4123
        [Trial 0] gen  440  evals=21120  best=0.4123
        [Trial 0] gen  460  evals=22080  best=0.4123
        [Done] Trial 0 best=0.4123
    --> Trial 1 | pop=42 seed=86744 x0_norm_min=-0.937 x0_norm_max=0.907
        [Pruned] Trial 1 at gen 15 (loss=0.4587)
    --> Trial 2 | pop=45 seed=51976 x0_norm_min=-0.344 x0_norm_max=0.824
        [Pruned] Trial 2 at gen 15 (loss=0.4636)
    --> Trial 3 | pop=51 seed=7768 x0_norm_min=-0.797 x0_norm_max=0.622
        [Trial 3] gen   20  evals= 1020  best=0.4418
        [Trial 3] gen   40  evals= 2040  best=0.4418
        [Trial 3] gen   60  evals= 3060  best=0.4418
        [Trial 3] gen   80  evals= 4080  best=0.4325
        [Trial 3] gen  100  evals= 5100  best=0.4325
        [Trial 3] gen  120  evals= 6120  best=0.4325
        [Trial 3] gen  140  evals= 7140  best=0.4325
        [Trial 3] gen  160  evals= 8160  best=0.4325
        [Trial 3] gen  180  evals= 9180  best=0.4325
        [Trial 3] gen  200  evals=10200  best=0.4325
        [Trial 3] gen  220  evals=11220  best=0.4325
        [Trial 3] gen  240  evals=12240  best=0.4217
        [Trial 3] gen  260  evals=13260  best=0.4217
        [Trial 3] gen  280  evals=14280  best=0.4217
        [Trial 3] gen  300  evals=15300  best=0.4217
        [Trial 3] gen  320  evals=16320  best=0.4217
        [TRIAL TIMEOUT] Trial 3 total >600s, stopping
        [Done] Trial 3 best=0.4217
    --> Trial 4 | pop=35 seed=7550 x0_norm_min=-0.947 x0_norm_max=0.785
        [Pruned] Trial 4 at gen 15 (loss=0.4735)
    --> Trial 5 | pop=32 seed=44077 x0_norm_min=-0.748 x0_norm_max=0.981
        [Trial 5] gen   20  evals=  640  best=0.4416
        [Trial 5] gen   40  evals= 1280  best=0.4416
        [Trial 5] gen   60  evals= 1920  best=0.4416
        [Trial 5] gen   80  evals= 2560  best=0.4416
        [Trial 5] gen  100  evals= 3200  best=0.4267
        [Trial 5] gen  120  evals= 3840  best=0.4267
        [Trial 5] gen  140  evals= 4480  best=0.4154
        [Trial 5] gen  160  evals= 5120  best=0.4154
        [Trial 5] gen  180  evals= 5760  best=0.4154
        [Trial 5] gen  200  evals= 6400  best=0.4128
        [Trial 5] gen  220  evals= 7040  best=0.4128
        [Trial 5] gen  240  evals= 7680  best=0.4128
        [Trial 5] gen  260  evals= 8320  best=0.4128
        [Trial 5] gen  280  evals= 8960  best=0.4128
        [Trial 5] gen  300  evals= 9600  best=0.4128
        [Trial 5] gen  320  evals=10240  best=0.4128
        [Trial 5] gen  340  evals=10880  best=0.4128
        [Trial 5] gen  360  evals=11520  best=0.4128
        [Trial 5] gen  380  evals=12160  best=0.4128
        [Trial 5] gen  400  evals=12800  best=0.4128
        [Pruned] Trial 5 at gen 405 (loss=0.4128)
    --> Trial 6 | pop=46 seed=47263 x0_norm_min=-0.929 x0_norm_max=0.732
        [Pruned] Trial 6 at gen 15 (loss=0.4518)
    --> Trial 7 | pop=60 seed=30398 x0_norm_min=-0.779 x0_norm_max=0.922
        [Pruned] Trial 7 at gen 15 (loss=0.4600)
    --> Trial 8 | pop=58 seed=81451 x0_norm_min=-0.814 x0_norm_max=0.843
        [Trial 8] gen   20  evals= 1160  best=0.4424
        [Trial 8] gen   40  evals= 2320  best=0.4417
        [Trial 8] gen   60  evals= 3480  best=0.4327
        [Trial 8] gen   80  evals= 4640  best=0.4327
        [Trial 8] gen  100  evals= 5800  best=0.4282
        [Trial 8] gen  120  evals= 6960  best=0.4282
        [Pruned] Trial 8 at gen 135 (loss=0.4282)
    --> Trial 9 | pop=35 seed=39026 x0_norm_min=-0.955 x0_norm_max=0.770
        [Pruned] Trial 9 at gen 15 (loss=0.4631)
    --> Trial 10 | pop=53 seed=99945 x0_norm_min=-0.841 x0_norm_max=0.672
        [Pruned] Trial 10 at gen 15 (loss=0.4548)
    --> Trial 11 | pop=51 seed=7521 x0_norm_min=-0.781 x0_norm_max=0.859
        [Trial 11] gen   20  evals= 1020  best=0.4511
        [Trial 11] gen   40  evals= 2040  best=0.4487
        [Pruned] Trial 11 at gen 45 (loss=0.4487)
    --> Trial 12 | pop=51 seed=69612 x0_norm_min=-0.402 x0_norm_max=0.428
        [Trial 12] gen   20  evals= 1020  best=0.4402
        [Trial 12] gen   40  evals= 2040  best=0.4402
        [Trial 12] gen   60  evals= 3060  best=0.4402
        [Trial 12] gen   80  evals= 4080  best=0.4306
        [Trial 12] gen  100  evals= 5100  best=0.4222
        [Trial 12] gen  120  evals= 6120  best=0.4222
        [Trial 12] gen  140  evals= 7140  best=0.4222
        [Trial 12] gen  160  evals= 8160  best=0.4222
        [Trial 12] gen  180  evals= 9180  best=0.4222
        [Trial 12] gen  200  evals=10200  best=0.4222
        [Trial 12] gen  220  evals=11220  best=0.4222
        [Trial 12] gen  240  evals=12240  best=0.4222
        [Trial 12] gen  260  evals=13260  best=0.4222
        [Trial 12] gen  280  evals=14280  best=0.4222
        [Trial 12] gen  300  evals=15300  best=0.4222
        [Trial 12] gen  320  evals=16320  best=0.4222
        [Done] Trial 12 best=0.4222
    --> Trial 13 | pop=55 seed=26425 x0_norm_min=-0.863 x0_norm_max=0.955
        [Trial 13] gen   20  evals= 1100  best=0.4470
        [Trial 13] gen   40  evals= 2200  best=0.4470
        [Trial 13] gen   60  evals= 3300  best=0.4261
        [Trial 13] gen   80  evals= 4400  best=0.4261
        [Trial 13] gen  100  evals= 5500  best=0.4261
        [Trial 13] gen  120  evals= 6600  best=0.4261
        [Trial 13] gen  140  evals= 7700  best=0.4251
        [Trial 13] gen  160  evals= 8800  best=0.4195
        [Trial 13] gen  180  evals= 9900  best=0.4149
        [Done] Trial 13 best=0.4149
    --> Trial 14 | pop=56 seed=63406 x0_norm_min=-0.897 x0_norm_max=-0.091
        [Pruned] Trial 14 at gen 15 (loss=0.4739)
    --> Trial 15 | pop=47 seed=25965 x0_norm_min=-0.690 x0_norm_max=0.990
        [Trial 15] gen   20  evals=  940  best=0.4412
        [Trial 15] gen   40  evals= 1880  best=0.4334
        [Trial 15] gen   60  evals= 2820  best=0.4323
        [Trial 15] gen   80  evals= 3760  best=0.4323
        [Trial 15] gen  100  evals= 4700  best=0.4323
        [Trial 15] gen  120  evals= 5640  best=0.4323
        [Pruned] Trial 15 at gen 135 (loss=0.4323)
    --> Trial 16 | pop=41 seed=21623 x0_norm_min=-0.776 x0_norm_max=0.982
        [Pruned] Trial 16 at gen 15 (loss=0.4514)
    --> Trial 17 | pop=55 seed=60352 x0_norm_min=-0.863 x0_norm_max=0.835
        [Pruned] Trial 17 at gen 15 (loss=0.4524)
    --> Trial 18 | pop=49 seed=77500 x0_norm_min=-0.933 x0_norm_max=0.907
        [Trial 18] gen   20  evals=  980  best=0.4418
        [Trial 18] gen   40  evals= 1960  best=0.4341
        [Pruned] Trial 18 at gen 45 (loss=0.4341)
    --> Trial 19 | pop=42 seed=95727 x0_norm_min=-0.948 x0_norm_max=0.822
        [Pruned] Trial 19 at gen 15 (loss=0.4633)

  Winner: Trial 0, loss=0.412302 (2340s)
    Restarts run: 20
    mu: 15.439213
    D_mu: 1.220258
    T0_mu: 58.327929
    Ly: 2.245955
    op_x: 0.716200
    op_y: 0.575867
    NMSE: 0.039095
  [Saved] random_IR_0047

============================================================
[48/50] random_IR_0048.npz
  GT loss: 0.123317
  terrain_mean=1.130014  early_threshold=0.132881  (alpha=0.0095)
  tolfun=0.00523 tolfunhist=0.00523  (frac=0.0052 of range=1.01)
    --> Trial 0 | pop=34 seed=11341 x0_norm_min=-0.944 x0_norm_max=0.730
        [Trial 0] gen   20  evals=  680  best=0.5227
        [Trial 0] gen   40  evals= 1360  best=0.5227
        [Trial 0] gen   60  evals= 2040  best=0.5217
        [Trial 0] gen   80  evals= 2720  best=0.5217
        [Trial 0] gen  100  evals= 3400  best=0.5161
        [Trial 0] gen  120  evals= 4080  best=0.5009
        [Trial 0] gen  140  evals= 4760  best=0.4904
        [Trial 0] gen  160  evals= 5440  best=0.4888
        [Trial 0] gen  180  evals= 6120  best=0.4888
        [Trial 0] gen  200  evals= 6800  best=0.4888
        [Done] Trial 0 best=0.4888
    --> Trial 1 | pop=47 seed=71870 x0_norm_min=-0.937 x0_norm_max=0.907
        [Trial 1] gen   20  evals=  940  best=0.5201
        [Trial 1] gen   40  evals= 1880  best=0.5198
        [Trial 1] gen   60  evals= 2820  best=0.5198
        [Trial 1] gen   80  evals= 3760  best=0.5001
        [Trial 1] gen  100  evals= 4700  best=0.5001
        [Trial 1] gen  120  evals= 5640  best=0.5001
        [Pruned] Trial 1 at gen 135 (loss=0.5001)
    --> Trial 2 | pop=50 seed=46152 x0_norm_min=-0.344 x0_norm_max=0.824
        [Trial 2] gen   20  evals= 1000  best=0.5177
        [Trial 2] gen   40  evals= 2000  best=0.5177
        [Trial 2] gen   60  evals= 3000  best=0.5176
        [Trial 2] gen   80  evals= 4000  best=0.5176
        [Trial 2] gen  100  evals= 5000  best=0.5176
        [Trial 2] gen  120  evals= 6000  best=0.5176
        [Pruned] Trial 2 at gen 135 (loss=0.5034)
    --> Trial 3 | pop=31 seed=51749 x0_norm_min=-0.797 x0_norm_max=0.622
        [Pruned] Trial 3 at gen 15 (loss=0.5459)
    --> Trial 4 | pop=30 seed=88891 x0_norm_min=-0.947 x0_norm_max=0.785
        [Pruned] Trial 4 at gen 15 (loss=0.5466)
    --> Trial 5 | pop=58 seed=13409 x0_norm_min=-0.748 x0_norm_max=0.981
        [Pruned] Trial 5 at gen 15 (loss=0.5426)
    --> Trial 6 | pop=39 seed=39551 x0_norm_min=-0.929 x0_norm_max=0.732
        [Pruned] Trial 6 at gen 15 (loss=0.5486)
    --> Trial 7 | pop=60 seed=11166 x0_norm_min=-0.779 x0_norm_max=0.922
        [Pruned] Trial 7 at gen 15 (loss=0.5529)
    --> Trial 8 | pop=44 seed=88417 x0_norm_min=-0.814 x0_norm_max=0.843
        [Trial 8] gen   20  evals=  880  best=0.5189
        [Trial 8] gen   40  evals= 1760  best=0.5189
        [Pruned] Trial 8 at gen 45 (loss=0.5189)
    --> Trial 9 | pop=59 seed=96620 x0_norm_min=-0.955 x0_norm_max=0.770
        [Trial 9] gen   20  evals= 1180  best=0.5141
        [Trial 9] gen   40  evals= 2360  best=0.5141
        [Trial 9] gen   60  evals= 3540  best=0.5141
        [Trial 9] gen   80  evals= 4720  best=0.5141
        [Trial 9] gen  100  evals= 5900  best=0.5141
        [Trial 9] gen  120  evals= 7080  best=0.5141
        [Pruned] Trial 9 at gen 135 (loss=0.5141)
    --> Trial 10 | pop=37 seed=1191 x0_norm_min=-0.841 x0_norm_max=0.672
        [Trial 10] gen   20  evals=  740  best=0.5147
        [Trial 10] gen   40  evals= 1480  best=0.5147
        [Trial 10] gen   60  evals= 2220  best=0.5147
        [Trial 10] gen   80  evals= 2960  best=0.5147
        [Trial 10] gen  100  evals= 3700  best=0.5147
        [Trial 10] gen  120  evals= 4440  best=0.5051
        [Pruned] Trial 10 at gen 135 (loss=0.5051)
    --> Trial 11 | pop=49 seed=69554 x0_norm_min=-0.781 x0_norm_max=0.859
        [Pruned] Trial 11 at gen 15 (loss=0.5679)
    --> Trial 12 | pop=51 seed=34965 x0_norm_min=-0.402 x0_norm_max=0.428
        [Pruned] Trial 12 at gen 15 (loss=0.5250)
    --> Trial 13 | pop=38 seed=66693 x0_norm_min=-0.863 x0_norm_max=0.955
        [Pruned] Trial 13 at gen 15 (loss=0.5299)
    --> Trial 14 | pop=44 seed=25879 x0_norm_min=-0.897 x0_norm_max=-0.091
        [Pruned] Trial 14 at gen 15 (loss=0.5445)
    --> Trial 15 | pop=44 seed=59480 x0_norm_min=-0.690 x0_norm_max=0.990
        [Pruned] Trial 15 at gen 15 (loss=0.5290)
    --> Trial 16 | pop=34 seed=75236 x0_norm_min=-0.776 x0_norm_max=0.982
        [Pruned] Trial 16 at gen 15 (loss=0.5624)
    --> Trial 17 | pop=54 seed=25112 x0_norm_min=-0.863 x0_norm_max=0.835
        [Pruned] Trial 17 at gen 15 (loss=0.5290)
    --> Trial 18 | pop=47 seed=81731 x0_norm_min=-0.933 x0_norm_max=0.907
        [Trial 18] gen   20  evals=  940  best=0.5202
        [Trial 18] gen   40  evals= 1880  best=0.5002
        [Trial 18] gen   60  evals= 2820  best=0.5002
        [Trial 18] gen   80  evals= 3760  best=0.5002
        [Trial 18] gen  100  evals= 4700  best=0.5002
        [Trial 18] gen  120  evals= 5640  best=0.5002
        [Pruned] Trial 18 at gen 135 (loss=0.5002)
    --> Trial 19 | pop=41 seed=56337 x0_norm_min=-0.948 x0_norm_max=0.822
        [Pruned] Trial 19 at gen 15 (loss=0.5285)

  Winner: Trial 0, loss=0.488842 (591s)
    Restarts run: 20
    mu: 20.921906
    D_mu: 23.997555
    T0_mu: 32.988828
    Ly: 3.242747
    op_x: 0.829975
    op_y: 0.570203
    NMSE: 0.108828
  [Saved] random_IR_0048

============================================================
[49/50] random_IR_0049.npz
  GT loss: 0.046763
  terrain_mean=1.103028  early_threshold=0.056798  (alpha=0.0095)
  tolfun=0.00549 tolfunhist=0.00549  (frac=0.0052 of range=1.06)
    --> Trial 0 | pop=54 seed=7291 x0_norm_min=-0.944 x0_norm_max=0.730
        [Trial 0] gen   20  evals= 1080  best=0.4535
        [Trial 0] gen   40  evals= 2160  best=0.4535
        [Trial 0] gen   60  evals= 3240  best=0.4535
        [Trial 0] gen   80  evals= 4320  best=0.4535
        [Trial 0] gen  100  evals= 5400  best=0.4535
        [Trial 0] gen  120  evals= 6480  best=0.4535
        [Trial 0] gen  140  evals= 7560  best=0.4535
        [Trial 0] gen  160  evals= 8640  best=0.4535
        [Trial 0] gen  180  evals= 9720  best=0.4535
        [Trial 0] gen  200  evals=10800  best=0.4535
        [Trial 0] gen  220  evals=11880  best=0.4535
        [Trial 0] gen  240  evals=12960  best=0.4535
        [Trial 0] gen  260  evals=14040  best=0.4535
        [Trial 0] gen  280  evals=15120  best=0.4509
        [Trial 0] gen  300  evals=16200  best=0.4509
        [Done] Trial 0 best=0.4509
    --> Trial 1 | pop=51 seed=70449 x0_norm_min=-0.937 x0_norm_max=0.907
        [Pruned] Trial 1 at gen 15 (loss=0.4680)
    --> Trial 2 | pop=56 seed=49358 x0_norm_min=-0.344 x0_norm_max=0.824
        [Pruned] Trial 2 at gen 15 (loss=0.4693)
    --> Trial 3 | pop=45 seed=1482 x0_norm_min=-0.797 x0_norm_max=0.622
        [Pruned] Trial 3 at gen 15 (loss=0.4858)
    --> Trial 4 | pop=58 seed=75490 x0_norm_min=-0.947 x0_norm_max=0.785
        [Trial 4] gen   20  evals= 1160  best=0.4456
        [Trial 4] gen   40  evals= 2320  best=0.4456
        [Trial 4] gen   60  evals= 3480  best=0.4456
        [Trial 4] gen   80  evals= 4640  best=0.4456
        [Trial 4] gen  100  evals= 5800  best=0.4456
        [Trial 4] gen  120  evals= 6960  best=0.4456
        [Trial 4] gen  140  evals= 8120  best=0.4456
        [Trial 4] gen  160  evals= 9280  best=0.4456
        [Trial 4] gen  180  evals=10440  best=0.4456
        [Trial 4] gen  200  evals=11600  best=0.4456
        [Trial 4] gen  220  evals=12760  best=0.4400
        [Trial 4] gen  240  evals=13920  best=0.4400
        [Trial 4] gen  260  evals=15080  best=0.4400
        [Trial 4] gen  280  evals=16240  best=0.4400
        [Trial 4] gen  300  evals=17400  best=0.4400
        [Trial 4] gen  320  evals=18560  best=0.4400
        [Trial 4] gen  340  evals=19720  best=0.4400
        [Trial 4] gen  360  evals=20880  best=0.4400
        [Trial 4] gen  380  evals=22040  best=0.4400
        [Done] Trial 4 best=0.4400
    --> Trial 5 | pop=46 seed=31392 x0_norm_min=-0.748 x0_norm_max=0.981
        [Trial 5] gen   20  evals=  920  best=0.4517
        [Trial 5] gen   40  evals= 1840  best=0.4517
        [Trial 5] gen   60  evals= 2760  best=0.4332
        [Trial 5] gen   80  evals= 3680  best=0.4332
        [Trial 5] gen  100  evals= 4600  best=0.4332
        [Trial 5] gen  120  evals= 5520  best=0.4332
        [Trial 5] gen  140  evals= 6440  best=0.4332
        [Trial 5] gen  160  evals= 7360  best=0.4332
        [Trial 5] gen  180  evals= 8280  best=0.4332
        [Trial 5] gen  200  evals= 9200  best=0.4332
        [Trial 5] gen  220  evals=10120  best=0.4332
        [Trial 5] gen  240  evals=11040  best=0.4332
        [Done] Trial 5 best=0.4332
    --> Trial 6 | pop=44 seed=97310 x0_norm_min=-0.929 x0_norm_max=0.732
        [Pruned] Trial 6 at gen 15 (loss=0.4743)
    --> Trial 7 | pop=37 seed=74966 x0_norm_min=-0.779 x0_norm_max=0.922
        [Pruned] Trial 7 at gen 15 (loss=0.4772)
    --> Trial 8 | pop=37 seed=35184 x0_norm_min=-0.814 x0_norm_max=0.843
        [Pruned] Trial 8 at gen 15 (loss=0.4588)
    --> Trial 9 | pop=43 seed=80811 x0_norm_min=-0.955 x0_norm_max=0.770
        [Pruned] Trial 9 at gen 15 (loss=0.4619)
    --> Trial 10 | pop=30 seed=28626 x0_norm_min=-0.841 x0_norm_max=0.672
        [Pruned] Trial 10 at gen 15 (loss=0.4664)
    --> Trial 11 | pop=58 seed=59887 x0_norm_min=-0.781 x0_norm_max=0.859
        [Pruned] Trial 11 at gen 15 (loss=0.4737)
    --> Trial 12 | pop=50 seed=23721 x0_norm_min=-0.402 x0_norm_max=0.428
        [Pruned] Trial 12 at gen 15 (loss=0.4590)
    --> Trial 13 | pop=59 seed=98270 x0_norm_min=-0.863 x0_norm_max=0.955
        [Pruned] Trial 13 at gen 15 (loss=0.4790)
    --> Trial 14 | pop=49 seed=47570 x0_norm_min=-0.897 x0_norm_max=-0.091
        [Pruned] Trial 14 at gen 15 (loss=0.4619)
    --> Trial 15 | pop=39 seed=15234 x0_norm_min=-0.690 x0_norm_max=0.990
        [Pruned] Trial 15 at gen 15 (loss=0.4870)
    --> Trial 16 | pop=32 seed=43058 x0_norm_min=-0.776 x0_norm_max=0.982
        [Pruned] Trial 16 at gen 15 (loss=0.4598)
    --> Trial 17 | pop=54 seed=61156 x0_norm_min=-0.863 x0_norm_max=0.835
        [Pruned] Trial 17 at gen 15 (loss=0.4620)
    --> Trial 18 | pop=60 seed=57422 x0_norm_min=-0.933 x0_norm_max=0.907
        [Trial 18] gen   20  evals= 1200  best=0.4437
        [Trial 18] gen   40  evals= 2400  best=0.4437
        [Pruned] Trial 18 at gen 45 (loss=0.4437)
    --> Trial 19 | pop=47 seed=87481 x0_norm_min=-0.948 x0_norm_max=0.822
        [Pruned] Trial 19 at gen 15 (loss=0.4597)

  Winner: Trial 5, loss=0.433160 (1380s)
    Restarts run: 20
    mu: 50.455762
    D_mu: 5.065151
    T0_mu: 16.926044
    Ly: 3.235984
    op_x: 0.532983
    op_y: 0.766182
    NMSE: 0.058089
  [Saved] random_IR_0049

============================================================
[50/50] random_IR_0050.npz
  GT loss: 0.321677
  terrain_mean=1.612684  early_threshold=0.333941  (alpha=0.0095)
  tolfun=0.00671 tolfunhist=0.00671  (frac=0.0052 of range=1.29)
    --> Trial 0 | pop=56 seed=11332 x0_norm_min=-0.944 x0_norm_max=0.730
        [Trial 0] gen   20  evals= 1120  best=0.8231
        [Trial 0] gen   40  evals= 2240  best=0.7705
        [Trial 0] gen   60  evals= 3360  best=0.7705
        [Trial 0] gen   80  evals= 4480  best=0.7611
        [Trial 0] gen  100  evals= 5600  best=0.7480
        [Trial 0] gen  120  evals= 6720  best=0.7480
        [Trial 0] gen  140  evals= 7840  best=0.7480
        [Trial 0] gen  160  evals= 8960  best=0.7403
        [Trial 0] gen  180  evals=10080  best=0.7403
        [Trial 0] gen  200  evals=11200  best=0.7388
        [Trial 0] gen  220  evals=12320  best=0.7388
        [Trial 0] gen  240  evals=13440  best=0.7311
        [Done] Trial 0 best=0.7258
    --> Trial 1 | pop=30 seed=66924 x0_norm_min=-0.937 x0_norm_max=0.907
        [Trial 1] gen   20  evals=  600  best=0.8217
        [Trial 1] gen   40  evals= 1200  best=0.8217
        [Pruned] Trial 1 at gen 45 (loss=0.8024)
    --> Trial 2 | pop=48 seed=41666 x0_norm_min=-0.344 x0_norm_max=0.824
        [Trial 2] gen   20  evals=  960  best=0.8213
        [Trial 2] gen   40  evals= 1920  best=0.7930
        [Pruned] Trial 2 at gen 45 (loss=0.7930)
    --> Trial 3 | pop=51 seed=54874 x0_norm_min=-0.797 x0_norm_max=0.622
        [Pruned] Trial 3 at gen 15 (loss=0.9520)
    --> Trial 4 | pop=45 seed=95387 x0_norm_min=-0.947 x0_norm_max=0.785
        [Pruned] Trial 4 at gen 15 (loss=0.9103)
    --> Trial 5 | pop=55 seed=23440 x0_norm_min=-0.748 x0_norm_max=0.981
        [Pruned] Trial 5 at gen 15 (loss=0.8428)
    --> Trial 6 | pop=35 seed=93104 x0_norm_min=-0.929 x0_norm_max=0.732
        [Pruned] Trial 6 at gen 15 (loss=0.8478)
    --> Trial 7 | pop=33 seed=75094 x0_norm_min=-0.779 x0_norm_max=0.922
        [Pruned] Trial 7 at gen 15 (loss=0.8966)
    --> Trial 8 | pop=60 seed=23292 x0_norm_min=-0.814 x0_norm_max=0.843
        [Pruned] Trial 8 at gen 15 (loss=0.8949)
    --> Trial 9 | pop=37 seed=52682 x0_norm_min=-0.955 x0_norm_max=0.770
        [Pruned] Trial 9 at gen 15 (loss=0.8529)
    --> Trial 10 | pop=41 seed=9321 x0_norm_min=-0.841 x0_norm_max=0.672
        [Pruned] Trial 10 at gen 15 (loss=0.8817)
    --> Trial 11 | pop=48 seed=253 x0_norm_min=-0.781 x0_norm_max=0.859
        [Pruned] Trial 11 at gen 15 (loss=0.8748)
    --> Trial 12 | pop=55 seed=34358 x0_norm_min=-0.402 x0_norm_max=0.428
        [Trial 12] gen   20  evals= 1100  best=0.7929
        [Trial 12] gen   40  evals= 2200  best=0.7838
        [Pruned] Trial 12 at gen 45 (loss=0.7838)
    --> Trial 13 | pop=60 seed=28207 x0_norm_min=-0.863 x0_norm_max=0.955
        [Trial 13] gen   20  evals= 1200  best=0.7759
        [Trial 13] gen   40  evals= 2400  best=0.7759
        [Pruned] Trial 13 at gen 45 (loss=0.7759)
    --> Trial 14 | pop=59 seed=15460 x0_norm_min=-0.897 x0_norm_max=-0.091
        [Trial 14] gen   20  evals= 1180  best=0.8230
        [Trial 14] gen   40  evals= 2360  best=0.8230
        [Pruned] Trial 14 at gen 45 (loss=0.8230)
    --> Trial 15 | pop=55 seed=33434 x0_norm_min=-0.690 x0_norm_max=0.990
        [Pruned] Trial 15 at gen 15 (loss=0.8710)
    --> Trial 16 | pop=58 seed=1099 x0_norm_min=-0.776 x0_norm_max=0.982
        [Trial 16] gen   20  evals= 1160  best=0.7922
        [Trial 16] gen   40  evals= 2320  best=0.7922
        [Pruned] Trial 16 at gen 45 (loss=0.7803)
    --> Trial 17 | pop=52 seed=19845 x0_norm_min=-0.863 x0_norm_max=0.835
        [Pruned] Trial 17 at gen 15 (loss=0.8294)
    --> Trial 18 | pop=57 seed=33790 x0_norm_min=-0.933 x0_norm_max=0.907
        [Pruned] Trial 18 at gen 15 (loss=0.8301)
    --> Trial 19 | pop=52 seed=47103 x0_norm_min=-0.948 x0_norm_max=0.822
        [Pruned] Trial 19 at gen 15 (loss=0.8280)

  Winner: Trial 0, loss=0.725815 (421s)
    Restarts run: 20
    mu: 36.533658
    D_mu: 17.862843
    T0_mu: 0.530233
    Ly: 3.830399
    op_x: 0.964169
    op_y: 0.757460
    NMSE: 0.192186
  [Saved] random_IR_0050
Traceback (most recent call last):
  File "<frozen runpy>", line 198, in _run_module_as_main
  File "<frozen runpy>", line 88, in _run_code
  File "/home/bhpark3/dafxchal/src/cmaes/fit_7param_norm_es.py", line 13, in <module>
    import cma
  File "/home/bhpark3/dafxenv/lib/python3.12/site-packages/cma/__init__.py", line 128, in <module>
    from . import s
  File "/home/bhpark3/dafxenv/lib/python3.12/site-packages/cma/s.py", line 13, in <module>
    try: from matplotlib import pyplot as _pyplot  # like this it doesn't show up in the interface
         ^^^^^^^^^^^^^^^^^^^^^^^^^^^^^^^^^^^^^^^^
  File "/home/bhpark3/dafxenv/lib/python3.12/site-packages/matplotlib/pyplot.py", line 73, in <module>
    from matplotlib.figure import Figure, FigureBase, figaspect
  File "/home/bhpark3/dafxenv/lib/python3.12/site-packages/matplotlib/figure.py", line 40, in <module>
    from matplotlib import _blocking_input, backend_bases, _docstring, projections
  File "/home/bhpark3/dafxenv/lib/python3.12/site-packages/matplotlib/projections/__init__.py", line 55, in <module>
    from .. import _api, axes, _docstring
  File "/home/bhpark3/dafxenv/lib/python3.12/site-packages/matplotlib/axes/__init__.py", line 1, in <module>
    from . import _base
  File "/home/bhpark3/dafxenv/lib/python3.12/site-packages/matplotlib/axes/_base.py", line 28, in <module>
    import matplotlib.table as mtable
  File "<frozen importlib._bootstrap>", line 1360, in _find_and_load
  File "<frozen importlib._bootstrap>", line 1331, in _find_and_load_unlocked
  File "<frozen importlib._bootstrap>", line 935, in _load_unlocked
  File "<frozen importlib._bootstrap_external>", line 991, in exec_module
  File "<frozen importlib._bootstrap_external>", line 1124, in get_code
  File "<frozen importlib._bootstrap_external>", line 755, in _compile_bytecode
  File "<frozen importlib._bootstrap>", line 491, in _verbose_message
KeyboardInterrupt
