step,epoch,final_spec_losses_weighted/2048_spectrogram_mag,in_domain_validation_losses/loss_total,in_domain_validation_losses/raw_params_loss,in_domain_validation_losses/raw_spec_loss,in_domain_validation_losses/weighted_params_loss,in_domain_validation_losses/weighted_spec_loss,in_domain_validation_metrics/lsd_value,in_domain_validation_metrics/mean_average_error,in_domain_validation_metrics/mfcc_mae,in_domain_validation_metrics/paper_lsd_value,in_domain_validation_metrics/pearson_fft,in_domain_validation_metrics/pearson_stft,in_domain_validation_metrics/spectral_convergence_value,loss/parameters_decay_factor,loss/spec_loss_rampup_factor,lr-Adam,normalized_losses/post_rampup_weighted_params_loss,normalized_losses/post_rampup_weighted_spec_loss,normalized_losses/running_avg_parameters_loss,normalized_losses/running_avg_spectrogram_loss,train_loss_epoch,train_loss_step,train_losses/loss_total,train_losses/raw_params_loss,train_losses/raw_spec_loss,train_losses/weighted_params_loss,train_losses/weighted_spec_loss
0,,,0.4735657572746277,,,,,,,,,,,,0.0,1.0,,0.0,1.0175138711929321,1.0080937147140503,1.0079985857009888,,,,,,,
1,,,0.4989049434661865,,,,,,,,,,,,0.0,1.0,,0.0,1.06637442111969,1.008582353591919,1.0079985857009888,,,,,,,
2,,,0.4821774959564209,,,,,,,,,,,,0.0,1.0,,0.0,0.9449973106384277,1.007368564605713,1.0079985857009888,,,,,,,
3,,,0.5143461227416992,,,,,,,,,,,,0.0,1.0,,0.0,0.8901262283325195,1.0068198442459106,1.0079985857009888,,,,,,,
4,,,0.4982259273529053,,,,,,,,,,,,0.0,1.0,,0.0,0.767555296421051,1.0055941343307495,1.0079985857009888,,,,,,,
5,,,0.6023396253585815,,,,,,,,,,,,0.0,1.0,,0.0,0.6717124581336975,1.0046356916427612,1.0079985857009888,,,,,,,
6,,,0.40782177448272705,,,,,,,,,,,,0.0,1.0,,0.0,0.693376362323761,1.0048524141311646,1.0079985857009888,,,,,,,
7,,,0.5269696116447449,,,,,,,,,,,,0.0,1.0,,0.0,0.5734836459159851,1.0036534070968628,1.0079985857009888,,,,,,,
8,,,0.5111526846885681,,,,,,,,,,,,0.0,1.0,,0.0,0.5114235877990723,1.0030328035354614,1.0079985857009888,,,,,,,
9,,,0.5682100057601929,,,,,,,,,,,,0.0,1.0,,0.0,0.4707927107810974,1.0026265382766724,1.0079985857009888,,,,,,,
10,,,0.4871906042098999,,,,,,,,,,,,0.0,1.0,,0.0,0.6486001014709473,1.0044046640396118,1.0079985857009888,,,,,,,
11,,,0.5062905550003052,,,,,,,,,,,,0.0,1.0,,0.0,0.4845612645149231,1.0027642250061035,1.0079985857009888,,,,,,,
12,,,0.5077038407325745,,,,,,,,,,,,0.0,1.0,,0.0,0.5006456971168518,1.0029250383377075,1.0079985857009888,,,,,,,
13,,,0.515677273273468,,,,,,,,,,,,0.0,1.0,,0.0,0.4551141560077667,1.002469778060913,1.0079985857009888,,,,,,,
14,,,0.5431081056594849,,,,,,,,,,,,0.0,1.0,,0.0,0.5284669399261475,1.003203272819519,1.0079985857009888,,,,,,,
15,,,0.4592849016189575,,,,,,,,,,,,0.0,1.0,,0.0,0.4708649218082428,1.0026272535324097,1.0079985857009888,,,,,,,
16,,,0.39719563722610474,,,,,,,,,,,,0.0,1.0,,0.0,0.47226259112358093,1.002641201019287,1.0079985857009888,,,,,,,
17,,,0.37176287174224854,,,,,,,,,,,,0.0,1.0,,0.0,0.38514944911003113,1.0017701387405396,1.0079985857009888,,,,,,,
18,,,0.37655550241470337,,,,,,,,,,,,0.0,1.0,,0.0,0.3428608477115631,1.0013471841812134,1.0079985857009888,,,,,,,
19,,,0.31000593304634094,,,,,,,,,,,,0.0,1.0,,0.0,0.3094160258769989,1.0010128021240234,1.0079985857009888,,,,,,,
20,,,0.3904612064361572,,,,,,,,,,,,0.0,1.0,,0.0,0.509253203868866,1.0030111074447632,1.0079985857009888,,,,,,,
21,,,0.33557000756263733,,,,,,,,,,,,0.0,1.0,,0.0,0.32924216985702515,1.0012110471725464,1.0079985857009888,,,,,,,
22,,,0.4611884355545044,,,,,,,,,,,,0.0,1.0,,0.0,0.4351102411746979,1.0022697448730469,1.0079985857009888,,,,,,,
23,,,0.2857312262058258,,,,,,,,,,,,0.0,1.0,,0.0,0.3898071050643921,1.0018166303634644,1.0079985857009888,,,,,,,
24,,,0.3696834444999695,,,,,,,,,,,,0.0,1.0,,0.0,0.31470566987991333,1.0010656118392944,1.0079985857009888,,,,,,,
25,,,0.1994572877883911,,,,,,,,,,,,0.0,1.0,,0.0,0.2816643714904785,1.0007352828979492,1.0079985857009888,,,,,,,
26,,,0.33356136083602905,,,,,,,,,,,,0.0,1.0,,0.0,0.24689863622188568,1.0003875494003296,1.0079985857009888,,,,,,,
27,,,0.3455601632595062,,,,,,,,,,,,0.0,1.0,,0.0,0.3105323910713196,1.0010238885879517,1.0079985857009888,,,,,,,
28,,,0.37896114587783813,,,,,,,,,,,,0.0,1.0,,0.0,0.3997143805027008,1.001915693283081,1.0079985857009888,,,,,,,
29,,,0.3238198459148407,,,,,,,,,,,,0.0,1.0,,0.0,0.2973606288433075,1.000892162322998,1.0079985857009888,,,,,,,
30,,,0.3542046844959259,,,,,,,,,,,,0.0,1.0,,0.0,0.283647358417511,1.0007550716400146,1.0079985857009888,,,,,,,
31,,,0.37047243118286133,,,,,,,,,,,,0.0,1.0,,0.0,0.24633482098579407,1.0003819465637207,1.0079985857009888,,,,,,,
32,,,0.2889212667942047,,,,,,,,,,,,0.0,1.0,,0.0,0.2374243289232254,1.0002928972244263,1.0079985857009888,,,,,,,
33,,,0.2584211826324463,,,,,,,,,,,,0.0,1.0,,0.0,0.23204034566879272,1.0002390146255493,1.0079985857009888,,,,,,,
34,,,0.2958950400352478,,,,,,,,,,,,0.0,1.0,,0.0,0.21898411214351654,1.0001084804534912,1.0079985857009888,,,,,,,
35,,,0.3019314706325531,,,,,,,,,,,,0.0,1.0,,0.0,0.3160274028778076,1.0010788440704346,1.0079985857009888,,,,,,,
36,,,0.2398139387369156,,,,,,,,,,,,0.0,1.0,,0.0,0.1834365427494049,0.9997529983520508,1.0079985857009888,,,,,,,
37,,,0.28174668550491333,,,,,,,,,,,,0.0,1.0,,0.0,0.20661413669586182,0.9999847412109375,1.0079985857009888,,,,,,,
38,,,0.2567068636417389,,,,,,,,,,,,0.0,1.0,,0.0,0.18833696842193604,0.9998019933700562,1.0079985857009888,,,,,,,
39,0.0,0.5064355731010437,0.28549298644065857,0.2342439442873001,0.5064355731010437,0.0,0.5064355731010437,3.315355062484741,0.30328959226608276,7.082050323486328,11.508186340332031,0.9833127856254578,0.9763870239257812,0.7234064340591431,0.0,1.0,,0.0,0.283401757478714,1.000752568244934,1.0079985857009888,0.4580747187137604,,,,,,
40,,,0.26353660225868225,,,,,,,,,,,,0.0,1.0,,0.0,0.47420385479927063,1.0026606321334839,1.0079985857009888,,,,,,,
41,,,0.3312567174434662,,,,,,,,,,,,0.0,1.0,,0.0,0.31913724541664124,1.0011099576950073,1.0079985857009888,,,,,,,
42,,,0.23433415591716766,,,,,,,,,,,,0.0,1.0,,0.0,0.1930648684501648,0.999849259853363,1.0079985857009888,,,,,,,
43,,,0.2904161214828491,,,,,,,,,,,,0.0,1.0,,0.0,0.47310125827789307,1.0026496648788452,1.0079985857009888,,,,,,,
44,,,0.26546162366867065,,,,,,,,,,,,0.0,1.0,,0.0,0.3692063093185425,1.0016106367111206,1.0079985857009888,,,,,,,
45,,,0.27494949102401733,,,,,,,,,,,,0.0,1.0,,0.0,0.22853705286979675,1.0002039670944214,1.0079985857009888,,,,,,,
46,,,0.2789808511734009,,,,,,,,,,,,0.0,1.0,,0.0,0.3023677170276642,1.0009422302246094,1.0079985857009888,,,,,,,
47,,,0.2533758282661438,,,,,,,,,,,,0.0,1.0,,0.0,0.3493863344192505,1.0014125108718872,1.0079985857009888,,,,,,,
48,,,0.24359548091888428,,,,,,,,,,,,0.0,1.0,,0.0,0.14187651872634888,0.999337375164032,1.0079985857009888,,,,,,,
49,1.0,0.25429821014404297,0.2177063524723053,,,,,,,,,,,,0.0,1.0,0.00016666666488163173,0.0,0.25429821014404297,1.0004615783691406,1.0079985857009888,,0.25429821014404297,0.25429821014404297,0.14001625776290894,0.25429821014404297,0.0,0.25429821014404297
50,,,0.24368217587471008,,,,,,,,,,,,0.0,1.0,,0.0,0.1807420700788498,0.9997259974479675,1.0079985857009888,,,,,,,
51,,,0.2289721667766571,,,,,,,,,,,,0.0,1.0,,0.0,0.18969951570034027,0.9998155832290649,1.0079985857009888,,,,,,,
52,,,0.22865794599056244,,,,,,,,,,,,0.0,1.0,,0.0,0.21308031678199768,1.000049352645874,1.0079985857009888,,,,,,,
53,,,0.21833908557891846,,,,,,,,,,,,0.0,1.0,,0.0,0.13041649758815765,0.9992227554321289,1.0079985857009888,,,,,,,
54,,,0.26119598746299744,,,,,,,,,,,,0.0,1.0,,0.0,0.14432238042354584,0.9993618130683899,1.0079985857009888,,,,,,,
55,,,0.2208208292722702,,,,,,,,,,,,0.0,1.0,,0.0,0.221671923995018,1.0001353025436401,1.0079985857009888,,,,,,,
56,,,0.22289496660232544,,,,,,,,,,,,0.0,1.0,,0.0,0.15302595496177673,0.999448835849762,1.0079985857009888,,,,,,,
57,,,0.23862338066101074,,,,,,,,,,,,0.0,1.0,,0.0,0.1076001524925232,0.9989945888519287,1.0079985857009888,,,,,,,
58,,,0.19234418869018555,,,,,,,,,,,,0.0,1.0,,0.0,0.16382575035095215,0.999556839466095,1.0079985857009888,,,,,,,
59,,,0.2547663450241089,,,,,,,,,,,,0.0,1.0,,0.0,0.245530903339386,1.0003739595413208,1.0079985857009888,,,,,,,
60,,,0.25381994247436523,,,,,,,,,,,,0.0,1.0,,0.0,0.13052888214588165,0.9992238879203796,1.0079985857009888,,,,,,,
61,,,0.19058656692504883,,,,,,,,,,,,0.0,1.0,,0.0,0.16600216925144196,0.9995786547660828,1.0079985857009888,,,,,,,
62,,,0.23599818348884583,,,,,,,,,,,,0.0,1.0,,0.0,0.11970764398574829,0.9991157054901123,1.0079985857009888,,,,,,,
63,,,0.20773614943027496,,,,,,,,,,,,0.0,1.0,,0.0,0.12050773203372955,0.9991236925125122,1.0079985857009888,,,,,,,
64,,,0.2792423665523529,,,,,,,,,,,,0.0,1.0,,0.0,0.17356471717357635,0.999654233455658,1.0079985857009888,,,,,,,
65,,,0.25730329751968384,,,,,,,,,,,,0.0,1.0,,0.0,0.2317948043346405,1.0002365112304688,1.0079985857009888,,,,,,,
66,,,0.30062106251716614,,,,,,,,,,,,0.0,1.0,,0.0,0.2987150549888611,1.0009057521820068,1.0079985857009888,,,,,,,
67,,,0.2843032777309418,,,,,,,,,,,,0.0,1.0,,0.0,0.3118975758552551,1.00103759765625,1.0079985857009888,,,,,,,
68,,,0.2626549303531647,,,,,,,,,,,,0.0,1.0,,0.0,0.13224799931049347,0.9992411136627197,1.0079985857009888,,,,,,,
69,,,0.29361703991889954,,,,,,,,,,,,0.0,1.0,,0.0,0.22504419088363647,1.000169038772583,1.0079985857009888,,,,,,,
70,,,0.2891600728034973,,,,,,,,,,,,0.0,1.0,,0.0,0.3128136396408081,1.0010467767715454,1.0079985857009888,,,,,,,
71,,,0.26623427867889404,,,,,,,,,,,,0.0,1.0,,0.0,0.22587651014328003,1.0001773834228516,1.0079985857009888,,,,,,,
72,,,0.27358579635620117,,,,,,,,,,,,0.0,1.0,,0.0,0.17007921636104584,0.9996194243431091,1.0079985857009888,,,,,,,
73,,,0.29739123582839966,,,,,,,,,,,,0.0,1.0,,0.0,0.2498643845319748,1.0004172325134277,1.0079985857009888,,,,,,,
74,,,0.23061087727546692,,,,,,,,,,,,0.0,1.0,,0.0,0.10819876194000244,0.999000608921051,1.0079985857009888,,,,,,,
75,,,0.2967013120651245,,,,,,,,,,,,0.0,1.0,,0.0,0.21598853170871735,1.0000784397125244,1.0079985857009888,,,,,,,
76,,,0.2723292112350464,,,,,,,,,,,,0.0,1.0,,0.0,0.26416733860969543,1.0005602836608887,1.0079985857009888,,,,,,,
77,,,0.2553028166294098,,,,,,,,,,,,0.0,1.0,,0.0,0.13933686912059784,0.9993119835853577,1.0079985857009888,,,,,,,
78,,,0.28835156559944153,,,,,,,,,,,,0.0,1.0,,0.0,0.11454976350069046,0.9990640878677368,1.0079985857009888,,,,,,,
79,1.0,0.35026195645332336,0.2540391981601715,0.18160423636436462,0.35026195645332336,0.0,0.35026195645332336,3.0662858486175537,0.23829218745231628,7.244563579559326,10.854727745056152,0.9827559590339661,0.9773252010345459,0.2982897162437439,0.0,1.0,,0.0,0.10265100002288818,0.9989451169967651,1.0079985857009888,0.21660561859607697,,,,,,
80,,,0.2262599617242813,,,,,,,,,,,,0.0,1.0,,0.0,0.3389059007167816,1.0013076066970825,1.0079985857009888,,,,,,,
81,,,0.2215593010187149,,,,,,,,,,,,0.0,1.0,,0.0,0.4083649218082428,1.002002239227295,1.0079985857009888,,,,,,,
82,,,0.2525172829627991,,,,,,,,,,,,0.0,1.0,,0.0,0.1744481772184372,0.9996631145477295,1.0079985857009888,,,,,,,
83,,,0.23194965720176697,,,,,,,,,,,,0.0,1.0,,0.0,0.16559956967830658,0.999574601650238,1.0079985857009888,,,,,,,
84,,,0.23755797743797302,,,,,,,,,,,,0.0,1.0,,0.0,0.21858425438404083,1.0001044273376465,1.0079985857009888,,,,,,,
85,,,0.23043391108512878,,,,,,,,,,,,0.0,1.0,,0.0,0.17618711292743683,0.9996804594993591,1.0079985857009888,,,,,,,
86,,,0.27519872784614563,,,,,,,,,,,,0.0,1.0,,0.0,0.21574847400188446,1.0000760555267334,1.0079985857009888,,,,,,,
87,,,0.22057482600212097,,,,,,,,,,,,0.0,1.0,,0.0,0.1266794055700302,0.9991853833198547,1.0079985857009888,,,,,,,
88,,,0.22754834592342377,,,,,,,,,,,,0.0,1.0,,0.0,0.2535753846168518,1.000454306602478,1.0079985857009888,,,,,,,
89,,,0.2567686140537262,,,,,,,,,,,,0.0,1.0,,0.0,0.11933103948831558,0.9991118907928467,1.0079985857009888,,,,,,,
90,,,0.19421158730983734,,,,,,,,,,,,0.0,1.0,,0.0,0.2928503751754761,1.0008471012115479,1.0079985857009888,,,,,,,
91,,,0.24365565180778503,,,,,,,,,,,,0.0,1.0,,0.0,0.1456271857023239,0.9993748664855957,1.0079985857009888,,,,,,,
92,,,0.21436278522014618,,,,,,,,,,,,0.0,1.0,,0.0,0.14472363889217377,0.9993658661842346,1.0079985857009888,,,,,,,
93,,,0.22373832762241364,,,,,,,,,,,,0.0,1.0,,0.0,0.18170581758022308,0.9997356534004211,1.0079985857009888,,,,,,,
94,,,0.2275499850511551,,,,,,,,,,,,0.0,1.0,,0.0,0.16016820073127747,0.9995203018188477,1.0079985857009888,,,,,,,
95,,,0.22234250605106354,,,,,,,,,,,,0.0,1.0,,0.0,0.1229473426938057,0.9991480708122253,1.0079985857009888,,,,,,,
96,,,0.20594622194766998,,,,,,,,,,,,0.0,1.0,,0.0,0.09931490570306778,0.9989117383956909,1.0079985857009888,,,,,,,
97,,,0.19327355921268463,,,,,,,,,,,,0.0,1.0,,0.0,0.17592714726924896,0.9996778964996338,1.0079985857009888,,,,,,,
98,,,0.22310107946395874,,,,,,,,,,,,0.0,1.0,,0.0,0.19377776980400085,0.9998564124107361,1.0079985857009888,,,,,,,
99,2.0,0.1262473315000534,0.1698959618806839,,,,,,,,,,,,0.0,1.0,0.00033333332976326346,0.0,0.1262473315000534,0.9991810917854309,1.0079985857009888,,0.1262473315000534,0.1262473315000534,0.07814662903547287,0.1262473315000534,0.0,0.1262473315000534
100,,,0.20495428144931793,,,,,,,,,,,,0.0,1.0,,0.0,0.17262369394302368,0.9996448159217834,1.0079985857009888,,,,,,,
101,,,0.18096157908439636,,,,,,,,,,,,0.0,1.0,,0.0,0.11823291331529617,0.999100923538208,1.0079985857009888,,,,,,,
102,,,0.2558891475200653,,,,,,,,,,,,0.0,1.0,,0.0,0.22427500784397125,1.0001614093780518,1.0079985857009888,,,,,,,
103,,,0.17497719824314117,,,,,,,,,,,,0.0,1.0,,0.0,0.09251374006271362,0.9988437294960022,1.0079985857009888,,,,,,,
104,,,0.18510901927947998,,,,,,,,,,,,0.0,1.0,,0.0,0.13251495361328125,0.9992437362670898,1.0079985857009888,,,,,,,
105,,,0.1911822408437729,,,,,,,,,,,,0.0,1.0,,0.0,0.26449573040008545,1.000563621520996,1.0079985857009888,,,,,,,
106,,,0.15033221244812012,,,,,,,,,,,,0.0,1.0,,0.0,0.23100236058235168,1.0002286434173584,1.0079985857009888,,,,,,,
107,,,0.1842205971479416,,,,,,,,,,,,0.0,1.0,,0.0,0.2180609256029129,1.0000991821289062,1.0079985857009888,,,,,,,
108,,,0.1921265572309494,,,,,,,,,,,,0.0,1.0,,0.0,0.2161422222852707,1.0000799894332886,1.0079985857009888,,,,,,,
109,,,0.15540006756782532,,,,,,,,,,,,0.0,1.0,,0.0,0.19807687401771545,0.9998993873596191,1.0079985857009888,,,,,,,
110,,,0.18510299921035767,,,,,,,,,,,,0.0,1.0,,0.0,0.3358542025089264,1.0012770891189575,1.0079985857009888,,,,,,,
111,,,0.19034206867218018,,,,,,,,,,,,0.0,1.0,,0.0,0.264864981174469,1.0005671977996826,1.0079985857009888,,,,,,,
112,,,0.19943392276763916,,,,,,,,,,,,0.0,1.0,,0.0,0.1567576378583908,0.9994862079620361,1.0079985857009888,,,,,,,
113,,,0.19145254790782928,,,,,,,,,,,,0.0,1.0,,0.0,0.1435464769601822,0.9993540644645691,1.0079985857009888,,,,,,,
114,,,0.20005592703819275,,,,,,,,,,,,0.0,1.0,,0.0,0.17305058240890503,0.9996491074562073,1.0079985857009888,,,,,,,
115,,,0.2321244329214096,,,,,,,,,,,,0.0,1.0,,0.0,0.29442843794822693,1.0008628368377686,1.0079985857009888,,,,,,,
116,,,0.1950438767671585,,,,,,,,,,,,0.0,1.0,,0.0,0.13970428705215454,0.999315619468689,1.0079985857009888,,,,,,,
117,,,0.23749805986881256,,,,,,,,,,,,0.0,1.0,,0.0,0.07894312590360641,0.9987080097198486,1.0079985857009888,,,,,,,
118,,,0.1996692568063736,,,,,,,,,,,,0.0,1.0,,0.0,0.26653963327407837,1.0005840063095093,1.0079985857009888,,,,,,,
119,2.0,0.27507758140563965,0.21717886626720428,0.13150376081466675,0.27507758140563965,0.0,0.27507758140563965,2.31003737449646,0.21192505955696106,5.466278076171875,7.4508562088012695,0.9939286112785339,0.990003228187561,0.46589797735214233,0.0,1.0,,0.0,0.16355547308921814,0.9995541572570801,1.0079985857009888,0.19014756381511688,,,,,,
120,,,0.21406511962413788,,,,,,,,,,,,0.0,1.0,,0.0,0.16468484699726105,0.9995654821395874,1.0079985857009888,,,,,,,
121,,,0.2714986503124237,,,,,,,,,,,,0.0,1.0,,0.0,0.18046538531780243,0.9997232556343079,1.0079985857009888,,,,,,,
122,,,0.19333891570568085,,,,,,,,,,,,0.0,1.0,,0.0,0.21761712431907654,1.0000947713851929,1.0079985857009888,,,,,,,
123,,,0.22820119559764862,,,,,,,,,,,,0.0,1.0,,0.0,0.1274879425764084,0.9991934895515442,1.0079985857009888,,,,,,,
124,,,0.19011718034744263,,,,,,,,,,,,0.0,1.0,,0.0,0.1308225393295288,0.9992268085479736,1.0079985857009888,,,,,,,
125,,,0.22567398846149445,,,,,,,,,,,,0.0,1.0,,0.0,0.13887667655944824,0.99930739402771,1.0079985857009888,,,,,,,
126,,,0.22712883353233337,,,,,,,,,,,,0.0,1.0,,0.0,0.12267985939979553,0.9991453886032104,1.0079985857009888,,,,,,,
127,,,0.18001237511634827,,,,,,,,,,,,0.0,1.0,,0.0,0.11768655478954315,0.9990954995155334,1.0079985857009888,,,,,,,
128,,,0.1783900260925293,,,,,,,,,,,,0.0,1.0,,0.0,0.12934467196464539,0.9992120265960693,1.0079985857009888,,,,,,,
129,,,0.17559245228767395,,,,,,,,,,,,0.0,1.0,,0.0,0.2278001308441162,1.0001965761184692,1.0079985857009888,,,,,,,
130,,,0.17855259776115417,,,,,,,,,,,,0.0,1.0,,0.0,0.10248957574367523,0.9989435076713562,1.0079985857009888,,,,,,,
131,,,0.2049747258424759,,,,,,,,,,,,0.0,1.0,,0.0,0.13528130948543549,0.9992713928222656,1.0079985857009888,,,,,,,
132,,,0.17474055290222168,,,,,,,,,,,,0.0,1.0,,0.0,0.23016519844532013,1.0002202987670898,1.0079985857009888,,,,,,,
133,,,0.22393934428691864,,,,,,,,,,,,0.0,1.0,,0.0,0.1613437384366989,0.9995320439338684,1.0079985857009888,,,,,,,
134,,,0.16091567277908325,,,,,,,,,,,,0.0,1.0,,0.0,0.17619642615318298,0.9996805787086487,1.0079985857009888,,,,,,,
135,,,0.19795489311218262,,,,,,,,,,,,0.0,1.0,,0.0,0.22842834889888763,1.0002028942108154,1.0079985857009888,,,,,,,
136,,,0.1851428896188736,,,,,,,,,,,,0.0,1.0,,0.0,0.21456289291381836,1.0000642538070679,1.0079985857009888,,,,,,,
137,,,0.2554018497467041,,,,,,,,,,,,0.0,1.0,,0.0,0.23522841930389404,1.0002708435058594,1.0079985857009888,,,,,,,
138,,,0.1828891783952713,,,,,,,,,,,,0.0,1.0,,0.0,0.11602772772312164,0.9990788698196411,1.0079985857009888,,,,,,,
139,,,0.20365291833877563,,,,,,,,,,,,0.0,1.0,,0.0,0.19006729125976562,0.999819278717041,1.0079985857009888,,,,,,,
140,,,0.15923364460468292,,,,,,,,,,,,0.0,1.0,,0.0,0.18990135192871094,0.9998176097869873,1.0079985857009888,,,,,,,
141,,,0.20809784531593323,,,,,,,,,,,,0.0,1.0,,0.0,0.1723770797252655,0.9996423721313477,1.0079985857009888,,,,,,,
142,,,0.20268459618091583,,,,,,,,,,,,0.0,1.0,,0.0,0.15474416315555573,0.999466061592102,1.0079985857009888,,,,,,,
143,,,0.1523086428642273,,,,,,,,,,,,0.0,1.0,,0.0,0.1591278314590454,0.999509871006012,1.0079985857009888,,,,,,,
144,,,0.31778112053871155,,,,,,,,,,,,0.0,1.0,,0.0,0.179164856672287,0.9997102618217468,1.0079985857009888,,,,,,,
145,,,0.3530712425708771,,,,,,,,,,,,0.0,1.0,,0.0,0.17452184855937958,0.9996638298034668,1.0079985857009888,,,,,,,
146,,,0.4070900082588196,,,,,,,,,,,,0.0,1.0,,0.0,0.2793833315372467,1.0007123947143555,1.0079985857009888,,,,,,,
147,,,0.30300477147102356,,,,,,,,,,,,0.0,1.0,,0.0,0.16391600668430328,0.9995577931404114,1.0079985857009888,,,,,,,
148,,,0.41788095235824585,,,,,,,,,,,,0.0,1.0,,0.0,0.16451622545719147,0.9995637536048889,1.0079985857009888,,,,,,,
149,3.0,0.16900061070919037,0.2255183309316635,,,,,,,,,,,,0.0,1.0,0.0005000000237487257,0.0,0.16900061070919037,0.9996086359024048,1.0079985857009888,,0.16900061070919037,0.16900061070919037,0.07892857491970062,0.16900061070919037,0.0,0.16900061070919037
150,,,0.48251965641975403,,,,,,,,,,,,0.0,1.0,,0.0,0.1611555814743042,0.9995301365852356,1.0079985857009888,,,,,,,
151,,,0.3172154128551483,,,,,,,,,,,,0.0,1.0,,0.0,0.12389016896486282,0.9991574883460999,1.0079985857009888,,,,,,,
152,,,0.3312494158744812,,,,,,,,,,,,0.0,1.0,,0.0,0.14684396982192993,0.9993870258331299,1.0079985857009888,,,,,,,
153,,,0.2395298331975937,,,,,,,,,,,,0.0,1.0,,0.0,0.15904366970062256,0.9995090365409851,1.0079985857009888,,,,,,,
154,,,0.2793605327606201,,,,,,,,,,,,0.0,1.0,,0.0,0.11475814133882523,0.999066174030304,1.0079985857009888,,,,,,,
155,,,0.2601673901081085,,,,,,,,,,,,0.0,1.0,,0.0,0.09823548793792725,0.9989009499549866,1.0079985857009888,,,,,,,
156,,,0.26157164573669434,,,,,,,,,,,,0.0,1.0,,0.0,0.19811522960662842,0.9998997449874878,1.0079985857009888,,,,,,,
157,,,0.3520134687423706,,,,,,,,,,,,0.0,1.0,,0.0,0.2814037799835205,1.000732660293579,1.0079985857009888,,,,,,,
158,,,0.24850711226463318,,,,,,,,,,,,0.0,1.0,,0.0,0.10893630236387253,0.9990079402923584,1.0079985857009888,,,,,,,
159,3.0,0.22873373329639435,0.37132662534713745,0.1225515753030777,0.22873373329639435,0.0,0.22873373329639435,3.961505174636841,0.3321818709373474,8.307097434997559,11.739019393920898,0.9737455248832703,0.9667466282844543,0.6592919826507568,0.0,1.0,,0.0,0.2533648610115051,1.0004522800445557,1.0079985857009888,0.18244214355945587,,,,,,
160,,,0.17750823497772217,,,,,,,,,,,,0.0,1.0,,0.0,0.15311604738235474,0.9994497895240784,1.0079985857009888,,,,,,,
161,,,0.1829150915145874,,,,,,,,,,,,0.0,1.0,,0.0,0.224492147564888,1.0001635551452637,1.0079985857009888,,,,,,,
162,,,0.22937466204166412,,,,,,,,,,,,0.0,1.0,,0.0,0.16145776212215424,0.9995331764221191,1.0079985857009888,,,,,,,
163,,,0.1869819164276123,,,,,,,,,,,,0.0,1.0,,0.0,0.16789041459560394,0.9995974898338318,1.0079985857009888,,,,,,,
164,,,0.20438030362129211,,,,,,,,,,,,0.0,1.0,,0.0,0.14720937609672546,0.999390721321106,1.0079985857009888,,,,,,,
165,,,0.18279589712619781,,,,,,,,,,,,0.0,1.0,,0.0,0.09039098024368286,0.9988225102424622,1.0079985857009888,,,,,,,
166,,,0.2506096363067627,,,,,,,,,,,,0.0,1.0,,0.0,0.13445016741752625,0.9992631077766418,1.0079985857009888,,,,,,,
167,,,0.18871021270751953,,,,,,,,,,,,0.0,1.0,,0.0,0.09608563035726547,0.9988794326782227,1.0079985857009888,,,,,,,
168,,,0.17399820685386658,,,,,,,,,,,,0.0,1.0,,0.0,0.10689437389373779,0.9989875555038452,1.0079985857009888,,,,,,,
169,,,0.21513871848583221,,,,,,,,,,,,0.0,1.0,,0.0,0.1531035602092743,0.9994496703147888,1.0079985857009888,,,,,,,
170,,,0.14815379679203033,,,,,,,,,,,,0.0,1.0,,0.0,0.16814832389354706,0.9996001124382019,1.0079985857009888,,,,,,,
171,,,0.1969345659017563,,,,,,,,,,,,0.0,1.0,,0.0,0.09931910037994385,0.9989117980003357,1.0079985857009888,,,,,,,
172,,,0.18282225728034973,,,,,,,,,,,,0.0,1.0,,0.0,0.08323609828948975,0.9987509846687317,1.0079985857009888,,,,,,,
173,,,0.1767490655183792,,,,,,,,,,,,0.0,1.0,,0.0,0.10420867055654526,0.9989606738090515,1.0079985857009888,,,,,,,
174,,,0.17233438789844513,,,,,,,,,,,,0.0,1.0,,0.0,0.10003238916397095,0.9989189505577087,1.0079985857009888,,,,,,,
175,,,0.1841759979724884,,,,,,,,,,,,0.0,1.0,,0.0,0.09774159640073776,0.9988960027694702,1.0079985857009888,,,,,,,
176,,,0.2098182588815689,,,,,,,,,,,,0.0,1.0,,0.0,0.09479519724845886,0.9988665580749512,1.0079985857009888,,,,,,,
177,,,0.19819536805152893,,,,,,,,,,,,0.0,1.0,,0.0,0.062410619109869,0.9985427260398865,1.0079985857009888,,,,,,,
178,,,0.2376796454191208,,,,,,,,,,,,0.0,1.0,,0.0,0.09321901947259903,0.9988508224487305,1.0079985857009888,,,,,,,
179,,,0.23125146329402924,,,,,,,,,,,,0.0,1.0,,0.0,0.08316926658153534,0.9987502694129944,1.0079985857009888,,,,,,,
180,,,0.21992462873458862,,,,,,,,,,,,0.0,1.0,,0.0,0.0927894115447998,0.9988464713096619,1.0079985857009888,,,,,,,
181,,,0.2623199224472046,,,,,,,,,,,,0.0,1.0,,0.0,0.07822372764348984,0.9987008571624756,1.0079985857009888,,,,,,,
182,,,0.2538290321826935,,,,,,,,,,,,0.0,1.0,,0.0,0.12029913812875748,0.9991216063499451,1.0079985857009888,,,,,,,
183,,,0.2269294261932373,,,,,,,,,,,,0.0,1.0,,0.0,0.05584964156150818,0.9984771013259888,1.0079985857009888,,,,,,,
184,,,0.21275371313095093,,,,,,,,,,,,0.0,1.0,,0.0,0.10916491597890854,0.9990102648735046,1.0079985857009888,,,,,,,
185,,,0.28359347581863403,,,,,,,,,,,,0.0,1.0,,0.0,0.11094623059034348,0.9990280866622925,1.0079985857009888,,,,,,,
186,,,0.203633651137352,,,,,,,,,,,,0.0,1.0,,0.0,0.1301318109035492,0.9992198944091797,1.0079985857009888,,,,,,,
187,,,0.2586003243923187,,,,,,,,,,,,0.0,1.0,,0.0,0.1400437355041504,0.9993190169334412,1.0079985857009888,,,,,,,
188,,,0.21166731417179108,,,,,,,,,,,,0.0,1.0,,0.0,0.11516948789358139,0.9990702867507935,1.0079985857009888,,,,,,,
189,,,0.20533916354179382,,,,,,,,,,,,0.0,1.0,,0.0,0.10102381557226181,0.9989288449287415,1.0079985857009888,,,,,,,
190,,,0.24500299990177155,,,,,,,,,,,,0.0,1.0,,0.0,0.25197237730026245,1.0004383325576782,1.0079985857009888,,,,,,,
191,,,0.1989763230085373,,,,,,,,,,,,0.0,1.0,,0.0,0.11624657362699509,0.9990810751914978,1.0079985857009888,,,,,,,
192,,,0.1883084625005722,,,,,,,,,,,,0.0,1.0,,0.0,0.2088790088891983,1.0000073909759521,1.0079985857009888,,,,,,,
193,,,0.18803462386131287,,,,,,,,,,,,0.0,1.0,,0.0,0.19941435754299164,0.9999127388000488,1.0079985857009888,,,,,,,
194,,,0.20621924102306366,,,,,,,,,,,,0.0,1.0,,0.0,0.1712878942489624,0.9996314644813538,1.0079985857009888,,,,,,,
195,,,0.21473544836044312,,,,,,,,,,,,0.0,1.0,,0.0,0.21697790920734406,1.0000883340835571,1.0079985857009888,,,,,,,
196,,,0.20504680275917053,,,,,,,,,,,,0.0,1.0,,0.0,0.13669921457767487,0.9992855787277222,1.0079985857009888,,,,,,,
197,,,0.21012257039546967,,,,,,,,,,,,0.0,1.0,,0.0,0.11536280065774918,0.999072253704071,1.0079985857009888,,,,,,,
198,,,0.19639982283115387,,,,,,,,,,,,0.0,1.0,,0.0,0.263435035943985,1.000553011894226,1.0079985857009888,,,,,,,
199,4.0,0.2750905156135559,0.21500515937805176,0.12665687501430511,0.2750905156135559,0.0,0.2750905156135559,3.842176675796509,0.35295870900154114,7.597229480743408,10.47728157043457,0.9725677967071533,0.9662147760391235,0.8858008980751038,0.0,1.0,0.0006666666595265269,0.0,0.302803635597229,1.0009466409683228,1.0079985857009888,0.12958745658397675,0.302803635597229,0.302803635597229,0.1347465217113495,0.302803635597229,0.0,0.302803635597229
200,,,0.20456179976463318,,,,,,,,,,,,0.0,1.0,,0.0,0.18657761812210083,0.9997844099998474,1.0079985857009888,,,,,,,
201,,,0.2544592022895813,,,,,,,,,,,,0.0,1.0,,0.0,0.1643754541873932,0.9995623826980591,1.0079985857009888,,,,,,,
202,,,0.18325640261173248,,,,,,,,,,,,0.0,1.0,,0.0,0.10885158181190491,0.9990071058273315,1.0079985857009888,,,,,,,
203,,,0.21261948347091675,,,,,,,,,,,,0.0,1.0,,0.0,0.10053791105747223,0.9989239573478699,1.0079985857009888,,,,,,,
204,,,0.1861155480146408,,,,,,,,,,,,0.0,1.0,,0.0,0.13256148993968964,0.999244213104248,1.0079985857009888,,,,,,,
205,,,0.22050252556800842,,,,,,,,,,,,0.0,1.0,,0.0,0.14304549992084503,0.999349057674408,1.0079985857009888,,,,,,,
206,,,0.20507146418094635,,,,,,,,,,,,0.0,1.0,,0.0,0.08011026680469513,0.9987196922302246,1.0079985857009888,,,,,,,
207,,,0.17790113389492035,,,,,,,,,,,,0.0,1.0,,0.0,0.11109922081232071,0.9990295767784119,1.0079985857009888,,,,,,,
208,,,0.30046477913856506,,,,,,,,,,,,0.0,1.0,,0.0,0.1103057935833931,0.9990216493606567,1.0079985857009888,,,,,,,
209,,,0.28970712423324585,,,,,,,,,,,,0.0,1.0,,0.0,0.09226392954587936,0.9988412261009216,1.0079985857009888,,,,,,,
210,,,0.3347744047641754,,,,,,,,,,,,0.0,1.0,,0.0,0.1613103300333023,0.9995316863059998,1.0079985857009888,,,,,,,
211,,,0.2802383005619049,,,,,,,,,,,,0.0,1.0,,0.0,0.1849220097064972,0.9997678399085999,1.0079985857009888,,,,,,,
212,,,0.31138405203819275,,,,,,,,,,,,0.0,1.0,,0.0,0.13054582476615906,0.999224066734314,1.0079985857009888,,,,,,,
213,,,0.2541610598564148,,,,,,,,,,,,0.0,1.0,,0.0,0.12515000998973846,0.9991701245307922,1.0079985857009888,,,,,,,
214,,,0.3870116174221039,,,,,,,,,,,,0.0,1.0,,0.0,0.11293213814496994,0.9990479350090027,1.0079985857009888,,,,,,,
215,,,0.2689127027988434,,,,,,,,,,,,0.0,1.0,,0.0,0.09334484487771988,0.9988520741462708,1.0079985857009888,,,,,,,
216,,,0.2854965925216675,,,,,,,,,,,,0.0,1.0,,0.0,0.09255421906709671,0.9988441467285156,1.0079985857009888,,,,,,,
217,,,0.21201305091381073,,,,,,,,,,,,0.0,1.0,,0.0,0.1539604216814041,0.9994581937789917,1.0079985857009888,,,,,,,
218,,,0.23911713063716888,,,,,,,,,,,,0.0,1.0,,0.0,0.1305771917104721,0.9992243647575378,1.0079985857009888,,,,,,,
219,,,0.2865446209907532,,,,,,,,,,,,0.0,1.0,,0.0,0.10206741839647293,0.9989392757415771,1.0079985857009888,,,,,,,
220,,,0.3099525570869446,,,,,,,,,,,,0.0,1.0,,0.0,0.14021113514900208,0.9993207454681396,1.0079985857009888,,,,,,,
221,,,0.2539962828159332,,,,,,,,,,,,0.0,1.0,,0.0,0.08211539685726166,0.9987397789955139,1.0079985857009888,,,,,,,
222,,,0.27737563848495483,,,,,,,,,,,,0.0,1.0,,0.0,0.0785222053527832,0.9987038373947144,1.0079985857009888,,,,,,,
223,,,0.2927919030189514,,,,,,,,,,,,0.0,1.0,,0.0,0.13019195199012756,0.9992205500602722,1.0079985857009888,,,,,,,
224,,,0.2173575758934021,,,,,,,,,,,,0.0,1.0,,0.0,0.17268672585487366,0.999645471572876,1.0079985857009888,,,,,,,
225,,,0.22974394261837006,,,,,,,,,,,,0.0,1.0,,0.0,0.11498585343360901,0.9990684390068054,1.0079985857009888,,,,,,,
226,,,0.26913902163505554,,,,,,,,,,,,0.0,1.0,,0.0,0.14706093072891235,0.9993892312049866,1.0079985857009888,,,,,,,
227,,,0.1900504231452942,,,,,,,,,,,,0.0,1.0,,0.0,0.13021481037139893,0.9992207288742065,1.0079985857009888,,,,,,,
228,,,0.2686975300312042,,,,,,,,,,,,0.0,1.0,,0.0,0.17994138598442078,0.9997180104255676,1.0079985857009888,,,,,,,
229,,,0.16001497209072113,,,,,,,,,,,,0.0,1.0,,0.0,0.09927278757095337,0.9989113211631775,1.0079985857009888,,,,,,,
230,,,0.3359088897705078,,,,,,,,,,,,0.0,1.0,,0.0,0.17202703654766083,0.9996388554573059,1.0079985857009888,,,,,,,
231,,,0.2029198259115219,,,,,,,,,,,,0.0,1.0,,0.0,0.29532575607299805,1.0008718967437744,1.0079985857009888,,,,,,,
232,,,0.20995742082595825,,,,,,,,,,,,0.0,1.0,,0.0,0.10674446076154709,0.9989860653877258,1.0079985857009888,,,,,,,
233,,,0.15857678651809692,,,,,,,,,,,,0.0,1.0,,0.0,0.12511932849884033,0.9991698265075684,1.0079985857009888,,,,,,,
234,,,0.17894989252090454,,,,,,,,,,,,0.0,1.0,,0.0,0.07730119675397873,0.9986916184425354,1.0079985857009888,,,,,,,
235,,,0.19364523887634277,,,,,,,,,,,,0.0,1.0,,0.0,0.062107715755701065,0.9985396862030029,1.0079985857009888,,,,,,,
236,,,0.20945794880390167,,,,,,,,,,,,0.0,1.0,,0.0,0.13086742162704468,0.9992272853851318,1.0079985857009888,,,,,,,
237,,,0.19976942241191864,,,,,,,,,,,,0.0,1.0,,0.0,0.12064970284700394,0.9991251230239868,1.0079985857009888,,,,,,,
238,,,0.17489838600158691,,,,,,,,,,,,0.0,1.0,,0.0,0.12090073525905609,0.9991276264190674,1.0079985857009888,,,,,,,
239,5.0,0.23163935542106628,0.2343474179506302,0.1278132200241089,0.23163935542106628,0.0,0.23163935542106628,4.116341590881348,0.3333952724933624,8.810403823852539,12.838205337524414,0.9733585715293884,0.9659213423728943,0.4406284689903259,0.0,1.0,,0.0,0.2504235804080963,1.0004228353500366,1.0079985857009888,0.1392667591571808,,,,,,
240,,,0.22496940195560455,,,,,,,,,,,,0.0,1.0,,0.0,0.11729336529970169,0.9990915656089783,1.0079985857009888,,,,,,,
241,,,0.2062109261751175,,,,,,,,,,,,0.0,1.0,,0.0,0.21698282659053802,1.0000884532928467,1.0079985857009888,,,,,,,
242,,,0.24222157895565033,,,,,,,,,,,,0.0,1.0,,0.0,0.12220156937837601,0.9991406202316284,1.0079985857009888,,,,,,,
243,,,0.21067118644714355,,,,,,,,,,,,0.0,1.0,,0.0,0.0990423709154129,0.998909056186676,1.0079985857009888,,,,,,,
244,,,0.21171505749225616,,,,,,,,,,,,0.0,1.0,,0.0,0.11801966279745102,0.9990987777709961,1.0079985857009888,,,,,,,
245,,,0.19163966178894043,,,,,,,,,,,,0.0,1.0,,0.0,0.1462310403585434,0.999380886554718,1.0079985857009888,,,,,,,
246,,,0.27234646677970886,,,,,,,,,,,,0.0,1.0,,0.0,0.08290407061576843,0.9987476468086243,1.0079985857009888,,,,,,,
247,,,0.20177307724952698,,,,,,,,,,,,0.0,1.0,,0.0,0.09876251220703125,0.9989062547683716,1.0079985857009888,,,,,,,
248,,,0.20562171936035156,,,,,,,,,,,,0.0,1.0,,0.0,0.0927850678563118,0.9988464713096619,1.0079985857009888,,,,,,,
249,6.0,0.08930287510156631,0.19375364482402802,,,,,,,,,,,,0.0,1.0,0.0008333333535119891,0.0,0.08930287510156631,0.998811662197113,1.0079985857009888,,0.08930287510156631,0.08930287510156631,0.05088469386100769,0.08930287510156631,0.0,0.08930287510156631
250,,,0.1871328502893448,,,,,,,,,,,,0.0,1.0,,0.0,0.12940534949302673,0.9992126822471619,1.0079985857009888,,,,,,,
251,,,0.22813476622104645,,,,,,,,,,,,0.0,1.0,,0.0,0.08306373655796051,0.9987492561340332,1.0079985857009888,,,,,,,
252,,,0.2263096570968628,,,,,,,,,,,,0.0,1.0,,0.0,0.07502865791320801,0.998668909072876,1.0079985857009888,,,,,,,
253,,,0.19354179501533508,,,,,,,,,,,,0.0,1.0,,0.0,0.13199347257614136,0.9992385506629944,1.0079985857009888,,,,,,,
254,,,0.2029317021369934,,,,,,,,,,,,0.0,1.0,,0.0,0.076217882335186,0.9986807703971863,1.0079985857009888,,,,,,,
255,,,0.2158099114894867,,,,,,,,,,,,0.0,1.0,,0.0,0.0784994438290596,0.9987035989761353,1.0079985857009888,,,,,,,
256,,,0.20177099108695984,,,,,,,,,,,,0.0,1.0,,0.0,0.2679727077484131,1.0005983114242554,1.0079985857009888,,,,,,,
257,,,0.19507527351379395,,,,,,,,,,,,0.0,1.0,,0.0,0.10779465734958649,0.9989965558052063,1.0079985857009888,,,,,,,
258,,,0.190568208694458,,,,,,,,,,,,0.0,1.0,,0.0,0.15708529949188232,0.9994894862174988,1.0079985857009888,,,,,,,
259,,,0.22015267610549927,,,,,,,,,,,,0.0,1.0,,0.0,0.06441523134708405,0.998562753200531,1.0079985857009888,,,,,,,
260,,,0.20180393755435944,,,,,,,,,,,,0.0,1.0,,0.0,0.08745479583740234,0.9987931251525879,1.0079985857009888,,,,,,,
261,,,0.22604022920131683,,,,,,,,,,,,0.0,1.0,,0.0,0.09670320153236389,0.9988856315612793,1.0079985857009888,,,,,,,
262,,,0.18398964405059814,,,,,,,,,,,,0.0,1.0,,0.0,0.14747783541679382,0.9993934035301208,1.0079985857009888,,,,,,,
263,,,0.214932382106781,,,,,,,,,,,,0.0,1.0,,0.0,0.13570235669612885,0.9992756247520447,1.0079985857009888,,,,,,,
264,,,0.2052697390317917,,,,,,,,,,,,0.0,1.0,,0.0,0.1593688577413559,0.9995123147964478,1.0079985857009888,,,,,,,
265,,,0.2622655928134918,,,,,,,,,,,,0.0,1.0,,0.0,0.07579804211854935,0.998676598072052,1.0079985857009888,,,,,,,
266,,,0.18697641789913177,,,,,,,,,,,,0.0,1.0,,0.0,0.12192320078611374,0.999137818813324,1.0079985857009888,,,,,,,
267,,,0.21404646337032318,,,,,,,,,,,,0.0,1.0,,0.0,0.21287517249584198,1.0000473260879517,1.0079985857009888,,,,,,,
268,,,0.18423663079738617,,,,,,,,,,,,0.0,1.0,,0.0,0.10865125060081482,0.999005138874054,1.0079985857009888,,,,,,,
269,,,0.22971884906291962,,,,,,,,,,,,0.0,1.0,,0.0,0.07941235601902008,0.9987127184867859,1.0079985857009888,,,,,,,
270,,,0.21816307306289673,,,,,,,,,,,,0.0,1.0,,0.0,0.12093296647071838,0.9991279244422913,1.0079985857009888,,,,,,,
271,,,0.18654672801494598,,,,,,,,,,,,0.0,1.0,,0.0,0.1658327281475067,0.9995769262313843,1.0079985857009888,,,,,,,
272,,,0.19319698214530945,,,,,,,,,,,,0.0,1.0,,0.0,0.13936656713485718,0.9993122816085815,1.0079985857009888,,,,,,,
273,,,0.20507384836673737,,,,,,,,,,,,0.0,1.0,,0.0,0.0846099928021431,0.99876469373703,1.0079985857009888,,,,,,,
274,,,0.18867862224578857,,,,,,,,,,,,0.0,1.0,,0.0,0.068525031208992,0.998603880405426,1.0079985857009888,,,,,,,
275,,,0.21707412600517273,,,,,,,,,,,,0.0,1.0,,0.0,0.12920352816581726,0.9992106556892395,1.0079985857009888,,,,,,,
276,,,0.2089233547449112,,,,,,,,,,,,0.0,1.0,,0.0,0.17869335412979126,0.9997055530548096,1.0079985857009888,,,,,,,
277,,,0.23093493282794952,,,,,,,,,,,,0.0,1.0,,0.0,0.1219584047794342,0.9991381764411926,1.0079985857009888,,,,,,,
278,,,0.16606979072093964,,,,,,,,,,,,0.0,1.0,,0.0,0.17549613118171692,0.9996735453605652,1.0079985857009888,,,,,,,
279,6.0,0.19017592072486877,0.2212773859500885,0.09742102026939392,0.19017592072486877,0.0,0.19017592072486877,3.5116961002349854,0.2972204089164734,7.129732608795166,9.525193214416504,0.9732244610786438,0.9674544930458069,0.7899296283721924,0.0,1.0,,0.0,0.1734556257724762,0.999653160572052,1.0079985857009888,0.11909719556570053,,,,,,
280,,,0.22402280569076538,,,,,,,,,,,,0.0,1.0,,0.0,0.09156998991966248,0.9988343119621277,1.0079985857009888,,,,,,,
281,,,0.27055811882019043,,,,,,,,,,,,0.0,1.0,,0.0,0.11155400425195694,0.9990341663360596,1.0079985857009888,,,,,,,
282,,,0.21280288696289062,,,,,,,,,,,,0.0,1.0,,0.0,0.10781509429216385,0.9989967346191406,1.0079985857009888,,,,,,,
283,,,0.21683169901371002,,,,,,,,,,,,0.0,1.0,,0.0,0.218069389462471,1.0000993013381958,1.0079985857009888,,,,,,,
284,,,0.17907768487930298,,,,,,,,,,,,0.0,1.0,,0.0,0.0860251784324646,0.9987788796424866,1.0079985857009888,,,,,,,
285,,,0.228837788105011,,,,,,,,,,,,0.0,1.0,,0.0,0.09035871177911758,0.9988222122192383,1.0079985857009888,,,,,,,
286,,,0.216224804520607,,,,,,,,,,,,0.0,1.0,,0.0,0.0983387753367424,0.9989020228385925,1.0079985857009888,,,,,,,
287,,,0.18815632164478302,,,,,,,,,,,,0.0,1.0,,0.0,0.10410396754741669,0.9989596605300903,1.0079985857009888,,,,,,,
288,,,0.16655296087265015,,,,,,,,,,,,0.0,1.0,,0.0,0.16371531784534454,0.999555766582489,1.0079985857009888,,,,,,,
289,,,0.14268143475055695,,,,,,,,,,,,0.0,1.0,,0.0,0.18104495108127594,0.9997290372848511,1.0079985857009888,,,,,,,
290,,,0.1752546727657318,,,,,,,,,,,,0.0,1.0,,0.0,0.21602939069271088,1.0000789165496826,1.0079985857009888,,,,,,,
291,,,0.1687318980693817,,,,,,,,,,,,0.0,1.0,,0.0,0.1521356701850891,0.9994399547576904,1.0079985857009888,,,,,,,
292,,,0.14956384897232056,,,,,,,,,,,,0.0,1.0,,0.0,0.11366420984268188,0.9990552663803101,1.0079985857009888,,,,,,,
293,,,0.1978703737258911,,,,,,,,,,,,0.0,1.0,,0.0,0.12394873797893524,0.9991580843925476,1.0079985857009888,,,,,,,
294,,,0.17116029560565948,,,,,,,,,,,,0.0,1.0,,0.0,0.10230166465044022,0.9989416003227234,1.0079985857009888,,,,,,,
295,,,0.1773688644170761,,,,,,,,,,,,0.0,1.0,,0.0,0.14460235834121704,0.9993646144866943,1.0079985857009888,,,,,,,
296,,,0.15010970830917358,,,,,,,,,,,,0.0,1.0,,0.0,0.10386413335800171,0.9989572763442993,1.0079985857009888,,,,,,,
297,,,0.22878383100032806,,,,,,,,,,,,0.0,1.0,,0.0,0.10087014734745026,0.9989272952079773,1.0079985857009888,,,,,,,
298,,,0.14558269083499908,,,,,,,,,,,,0.0,1.0,,0.0,0.1609681248664856,0.9995282888412476,1.0079985857009888,,,,,,,
299,7.0,0.08613738417625427,0.18527419865131378,,,,,,,,,,,,0.0,1.0,0.0010000000474974513,0.0,0.08613738417625427,0.9987799525260925,1.0079985857009888,,0.08613738417625427,0.08613738417625427,0.051243290305137634,0.08613738417625427,0.0,0.08613738417625427
300,,,0.15940743684768677,,,,,,,,,,,,0.0,1.0,,0.0,0.0740809291601181,0.9986594319343567,1.0079985857009888,,,,,,,
301,,,0.17082644999027252,,,,,,,,,,,,0.0,1.0,,0.0,0.1232694610953331,0.9991512894630432,1.0079985857009888,,,,,,,
302,,,0.17882780730724335,,,,,,,,,,,,0.0,1.0,,0.0,0.1742403656244278,0.9996610283851624,1.0079985857009888,,,,,,,
303,,,0.14519089460372925,,,,,,,,,,,,0.0,1.0,,0.0,0.25587865710258484,1.0004774332046509,1.0079985857009888,,,,,,,
304,,,0.19115591049194336,,,,,,,,,,,,0.0,1.0,,0.0,0.1654633730649948,0.9995732307434082,1.0079985857009888,,,,,,,
305,,,0.21226978302001953,,,,,,,,,,,,0.0,1.0,,0.0,0.09459071606397629,0.9988645315170288,1.0079985857009888,,,,,,,
306,,,0.26679179072380066,,,,,,,,,,,,0.0,1.0,,0.0,0.08434075117111206,0.9987620115280151,1.0079985857009888,,,,,,,
307,,,0.18788157403469086,,,,,,,,,,,,0.0,1.0,,0.0,0.12304259836673737,0.9991490244865417,1.0079985857009888,,,,,,,
308,,,0.27007779479026794,,,,,,,,,,,,0.0,1.0,,0.0,0.1872515082359314,0.999791145324707,1.0079985857009888,,,,,,,
309,,,0.18768614530563354,,,,,,,,,,,,0.0,1.0,,0.0,0.09864693135023117,0.9989050626754761,1.0079985857009888,,,,,,,
310,,,0.3270167410373688,,,,,,,,,,,,0.0,1.0,,0.0,0.09858427941799164,0.9989044666290283,1.0079985857009888,,,,,,,
311,,,0.20905910432338715,,,,,,,,,,,,0.0,1.0,,0.0,0.09560573846101761,0.9988746643066406,1.0079985857009888,,,,,,,
312,,,0.1934124380350113,,,,,,,,,,,,0.0,1.0,,0.0,0.09978430718183517,0.9989164471626282,1.0079985857009888,,,,,,,
313,,,0.20547407865524292,,,,,,,,,,,,0.0,1.0,,0.0,0.09764644503593445,0.9988950490951538,1.0079985857009888,,,,,,,
314,,,0.15981104969978333,,,,,,,,,,,,0.0,1.0,,0.0,0.08175183832645416,0.9987361431121826,1.0079985857009888,,,,,,,
315,,,0.1891399621963501,,,,,,,,,,,,0.0,1.0,,0.0,0.17725053429603577,0.9996911287307739,1.0079985857009888,,,,,,,
316,,,0.16918817162513733,,,,,,,,,,,,0.0,1.0,,0.0,0.06132073700428009,0.9985318183898926,1.0079985857009888,,,,,,,
317,,,0.20954465866088867,,,,,,,,,,,,0.0,1.0,,0.0,0.11884089559316635,0.9991070032119751,1.0079985857009888,,,,,,,
318,,,0.17358776926994324,,,,,,,,,,,,0.0,1.0,,0.0,0.09003758430480957,0.9988189935684204,1.0079985857009888,,,,,,,
319,7.0,0.21265579760074615,0.2264416515827179,0.10834145545959473,0.21265579760074615,0.0,0.21265579760074615,3.407289505004883,0.28099989891052246,7.526592254638672,10.335569381713867,0.9747392535209656,0.9691860675811768,0.6810130476951599,0.0,1.0,,0.0,0.18973439931869507,0.9998159408569336,1.0079985857009888,0.13527633249759674,,,,,,
320,,,0.2397332340478897,,,,,,,,,,,,0.0,1.0,,0.0,0.0832027718424797,0.998750627040863,1.0079985857009888,,,,,,,
321,,,0.2357443869113922,,,,,,,,,,,,0.0,1.0,,0.0,0.06308936327695847,0.9985495209693909,1.0079985857009888,,,,,,,
322,,,0.23077596724033356,,,,,,,,,,,,0.0,1.0,,0.0,0.10615216195583344,0.9989801049232483,1.0079985857009888,,,,,,,
323,,,0.2599661946296692,,,,,,,,,,,,0.0,1.0,,0.0,0.24137182533740997,1.0003323554992676,1.0079985857009888,,,,,,,
324,,,0.25448527932167053,,,,,,,,,,,,0.0,1.0,,0.0,0.265506386756897,1.0005736351013184,1.0079985857009888,,,,,,,
325,,,0.26825183629989624,,,,,,,,,,,,0.0,1.0,,0.0,0.1020055040717125,0.9989386796951294,1.0079985857009888,,,,,,,
326,,,0.19177131354808807,,,,,,,,,,,,0.0,1.0,,0.0,0.22098013758659363,1.0001283884048462,1.0079985857009888,,,,,,,
327,,,0.2594362795352936,,,,,,,,,,,,0.0,1.0,,0.0,0.18110863864421844,0.9997296929359436,1.0079985857009888,,,,,,,
328,,,0.2504163980484009,,,,,,,,,,,,0.0,1.0,,0.0,0.13328851759433746,0.9992514848709106,1.0079985857009888,,,,,,,
329,,,0.30625292658805847,,,,,,,,,,,,0.0,1.0,,0.0,0.09083415567874908,0.9988269209861755,1.0079985857009888,,,,,,,
330,,,0.23118580877780914,,,,,,,,,,,,0.0,1.0,,0.0,0.17829108238220215,0.9997014999389648,1.0079985857009888,,,,,,,
331,,,0.2569015622138977,,,,,,,,,,,,0.0,1.0,,0.0,0.2013309746980667,0.9999319314956665,1.0079985857009888,,,,,,,
332,,,0.22095580399036407,,,,,,,,,,,,0.0,1.0,,0.0,0.12004201859235764,0.9991190433502197,1.0079985857009888,,,,,,,
333,,,0.2808108627796173,,,,,,,,,,,,0.0,1.0,,0.0,0.13282056152820587,0.9992468357086182,1.0079985857009888,,,,,,,
334,,,0.25992172956466675,,,,,,,,,,,,0.0,1.0,,0.0,0.0821342021226883,0.9987399578094482,1.0079985857009888,,,,,,,
335,,,0.21987470984458923,,,,,,,,,,,,0.0,1.0,,0.0,0.09114296734333038,0.9988300204277039,1.0079985857009888,,,,,,,
336,,,0.29326605796813965,,,,,,,,,,,,0.0,1.0,,0.0,0.12436486780643463,0.9991622567176819,1.0079985857009888,,,,,,,
337,,,0.27375030517578125,,,,,,,,,,,,0.0,1.0,,0.0,0.16666117310523987,0.9995852112770081,1.0079985857009888,,,,,,,
338,,,0.30844229459762573,,,,,,,,,,,,0.0,1.0,,0.0,0.08625958859920502,0.9987812042236328,1.0079985857009888,,,,,,,
339,,,0.26789265871047974,,,,,,,,,,,,0.0,1.0,,0.0,0.0637815073132515,0.9985564351081848,1.0079985857009888,,,,,,,
340,,,0.29117411375045776,,,,,,,,,,,,0.0,1.0,,0.0,0.1054888591170311,0.9989734888076782,1.0079985857009888,,,,,,,
341,,,0.2294037789106369,,,,,,,,,,,,0.0,1.0,,0.0,0.0775146558880806,0.9986937642097473,1.0079985857009888,,,,,,,
342,,,0.3558347523212433,,,,,,,,,,,,0.0,1.0,,0.0,0.10326021909713745,0.9989511966705322,1.0079985857009888,,,,,,,
343,,,0.2583980858325958,,,,,,,,,,,,0.0,1.0,,0.0,0.10526641458272934,0.9989712834358215,1.0079985857009888,,,,,,,
344,,,0.2704836130142212,,,,,,,,,,,,0.0,1.0,,0.0,0.0631188377737999,0.9985498189926147,1.0079985857009888,,,,,,,
345,,,0.1971873939037323,,,,,,,,,,,,0.0,1.0,,0.0,0.06698431074619293,0.9985884428024292,1.0079985857009888,,,,,,,
346,,,0.22575220465660095,,,,,,,,,,,,0.0,1.0,,0.0,0.10318270325660706,0.9989504218101501,1.0079985857009888,,,,,,,
347,,,0.27778199315071106,,,,,,,,,,,,0.0,1.0,,0.0,0.2358405888080597,1.000277042388916,1.0079985857009888,,,,,,,
348,,,0.27579358220100403,,,,,,,,,,,,0.0,1.0,,0.0,0.07970471680164337,0.9987156391143799,1.0079985857009888,,,,,,,
349,8.0,0.07795678824186325,0.23858049511909485,,,,,,,,,,,,0.0,1.0,0.0010000000474974513,0.0,0.07795678824186325,0.9986981749534607,1.0079985857009888,,0.07795678824186325,0.07795678824186325,0.0395132414996624,0.07795678824186325,0.0,0.07795678824186325
350,,,0.2585637867450714,,,,,,,,,,,,0.0,1.0,,0.0,0.06101565062999725,0.998528778553009,1.0079985857009888,,,,,,,
351,,,0.2789055109024048,,,,,,,,,,,,0.0,1.0,,0.0,0.10502856969833374,0.9989688992500305,1.0079985857009888,,,,,,,
352,,,0.190516859292984,,,,,,,,,,,,0.0,1.0,,0.0,0.12521260976791382,0.99917072057724,1.0079985857009888,,,,,,,
353,,,0.169949471950531,,,,,,,,,,,,0.0,1.0,,0.0,0.09426186233758926,0.9988612532615662,1.0079985857009888,,,,,,,
354,,,0.22349099814891815,,,,,,,,,,,,0.0,1.0,,0.0,0.12898384034633636,0.9992084503173828,1.0079985857009888,,,,,,,
355,,,0.18027375638484955,,,,,,,,,,,,0.0,1.0,,0.0,0.11116307973861694,0.9990302324295044,1.0079985857009888,,,,,,,
356,,,0.1729913353919983,,,,,,,,,,,,0.0,1.0,,0.0,0.14064237475395203,0.9993250370025635,1.0079985857009888,,,,,,,
357,,,0.18499693274497986,,,,,,,,,,,,0.0,1.0,,0.0,0.0788019672036171,0.9987066388130188,1.0079985857009888,,,,,,,
358,,,0.22546768188476562,,,,,,,,,,,,0.0,1.0,,0.0,0.1598777174949646,0.9995173811912537,1.0079985857009888,,,,,,,
359,8.0,0.19027948379516602,0.1851920634508133,0.09305475652217865,0.19027948379516602,0.0,0.19027948379516602,2.784214735031128,0.23731577396392822,6.231392860412598,8.163527488708496,0.9773383736610413,0.9736376404762268,0.684942364692688,0.0,1.0,,0.0,0.1451237052679062,0.9993698596954346,1.0079985857009888,0.12153077125549316,,,,,,
360,,,0.1742275357246399,,,,,,,,,,,,0.0,1.0,,0.0,0.15716439485549927,0.9994902610778809,1.0079985857009888,,,,,,,
361,,,0.21360032260417938,,,,,,,,,,,,0.0,1.0,,0.0,0.08646131306886673,0.9987832307815552,1.0079985857009888,,,,,,,
362,,,0.15242061018943787,,,,,,,,,,,,0.0,1.0,,0.0,0.1496094912290573,0.9994146823883057,1.0079985857009888,,,,,,,
363,,,0.19495145976543427,,,,,,,,,,,,0.0,1.0,,0.0,0.18038614094257355,0.9997224807739258,1.0079985857009888,,,,,,,
364,,,0.1855659931898117,,,,,,,,,,,,0.0,1.0,,0.0,0.12281414121389389,0.9991467595100403,1.0079985857009888,,,,,,,
365,,,0.1671760082244873,,,,,,,,,,,,0.0,1.0,,0.0,0.11583905667066574,0.9990770220756531,1.0079985857009888,,,,,,,
366,,,0.1772402673959732,,,,,,,,,,,,0.0,1.0,,0.0,0.1130630299448967,0.9990492463111877,1.0079985857009888,,,,,,,
367,,,0.1797923445701599,,,,,,,,,,,,0.0,1.0,,0.0,0.10556913167238235,0.9989743232727051,1.0079985857009888,,,,,,,
368,,,0.2225111424922943,,,,,,,,,,,,0.0,1.0,,0.0,0.11567749828100204,0.9990753531455994,1.0079985857009888,,,,,,,
369,,,0.23739051818847656,,,,,,,,,,,,0.0,1.0,,0.0,0.12508650124073029,0.9991694688796997,1.0079985857009888,,,,,,,
370,,,0.2828271985054016,,,,,,,,,,,,0.0,1.0,,0.0,0.10812497138977051,0.998999834060669,1.0079985857009888,,,,,,,
371,,,0.21629247069358826,,,,,,,,,,,,0.0,1.0,,0.0,0.11508536338806152,0.9990694522857666,1.0079985857009888,,,,,,,
372,,,0.27784469723701477,,,,,,,,,,,,0.0,1.0,,0.0,0.0929037481546402,0.9988476634025574,1.0079985857009888,,,,,,,
373,,,0.18390710651874542,,,,,,,,,,,,0.0,1.0,,0.0,0.07843834906816483,0.9987030029296875,1.0079985857009888,,,,,,,
374,,,0.34612539410591125,,,,,,,,,,,,0.0,1.0,,0.0,0.09357229620218277,0.9988543391227722,1.0079985857009888,,,,,,,
375,,,0.23010171949863434,,,,,,,,,,,,0.0,1.0,,0.0,0.1124187782406807,0.999042809009552,1.0079985857009888,,,,,,,
376,,,0.2214234322309494,,,,,,,,,,,,0.0,1.0,,0.0,0.09918297082185745,0.9989104270935059,1.0079985857009888,,,,,,,
377,,,0.2053328901529312,,,,,,,,,,,,0.0,1.0,,0.0,0.12174845486879349,0.9991360902786255,1.0079985857009888,,,,,,,
378,,,0.1846294403076172,,,,,,,,,,,,0.0,1.0,,0.0,0.10648879408836365,0.9989835023880005,1.0079985857009888,,,,,,,
379,,,0.20872759819030762,,,,,,,,,,,,0.0,1.0,,0.0,0.10267899930477142,0.998945415019989,1.0079985857009888,,,,,,,
380,,,0.20532125234603882,,,,,,,,,,,,0.0,1.0,,0.0,0.06723743677139282,0.9985910058021545,1.0079985857009888,,,,,,,
381,,,0.22181865572929382,,,,,,,,,,,,0.0,1.0,,0.0,0.1751140058040619,0.9996697306632996,1.0079985857009888,,,,,,,
382,,,0.19079922139644623,,,,,,,,,,,,0.0,1.0,,0.0,0.11531021445989609,0.9990717172622681,1.0079985857009888,,,,,,,
383,,,0.24440433084964752,,,,,,,,,,,,0.0,1.0,,0.0,0.19234611093997955,0.9998420476913452,1.0079985857009888,,,,,,,
384,,,0.19217857718467712,,,,,,,,,,,,0.0,1.0,,0.0,0.07230909168720245,0.9986416697502136,1.0079985857009888,,,,,,,
385,,,0.1937323361635208,,,,,,,,,,,,0.0,1.0,,0.0,0.1576315462589264,0.9994949102401733,1.0079985857009888,,,,,,,
386,,,0.18129925429821014,,,,,,,,,,,,0.0,1.0,,0.0,0.08925174176692963,0.9988111257553101,1.0079985857009888,,,,,,,
387,,,0.20782510936260223,,,,,,,,,,,,0.0,1.0,,0.0,0.16527199745178223,0.9995713233947754,1.0079985857009888,,,,,,,
388,,,0.21571719646453857,,,,,,,,,,,,0.0,1.0,,0.0,0.1539984494447708,0.9994586110115051,1.0079985857009888,,,,,,,
389,,,0.21960578858852386,,,,,,,,,,,,0.0,1.0,,0.0,0.08678728342056274,0.998786449432373,1.0079985857009888,,,,,,,
390,,,0.1570257544517517,,,,,,,,,,,,0.0,1.0,,0.0,0.11129264533519745,0.9990315437316895,1.0079985857009888,,,,,,,
391,,,0.2126121073961258,,,,,,,,,,,,0.0,1.0,,0.0,0.19642682373523712,0.9998828768730164,1.0079985857009888,,,,,,,
392,,,0.2005525380373001,,,,,,,,,,,,0.0,1.0,,0.0,0.15855689346790314,0.9995041489601135,1.0079985857009888,,,,,,,
393,,,0.2598809003829956,,,,,,,,,,,,0.0,1.0,,0.0,0.08524470031261444,0.998771071434021,1.0079985857009888,,,,,,,
394,,,0.18068328499794006,,,,,,,,,,,,0.0,1.0,,0.0,0.06266949325799942,0.9985452890396118,1.0079985857009888,,,,,,,
395,,,0.20728753507137299,,,,,,,,,,,,0.0,1.0,,0.0,0.08154162019491196,0.9987339973449707,1.0079985857009888,,,,,,,
396,,,0.18275833129882812,,,,,,,,,,,,0.0,1.0,,0.0,0.12912574410438538,0.9992098808288574,1.0079985857009888,,,,,,,
397,,,0.2404668927192688,,,,,,,,,,,,0.0,1.0,,0.0,0.1995941698551178,0.9999145269393921,1.0079985857009888,,,,,,,
398,,,0.2070361226797104,,,,,,,,,,,,0.0,1.0,,0.0,0.22533737123012543,1.0001720190048218,1.0079985857009888,,,,,,,
399,9.0,0.32298794388771057,0.1855635792016983,0.15126101672649384,0.32298794388771057,0.0,0.32298794388771057,4.026251792907715,0.3577120304107666,8.096677780151367,11.429372787475586,0.9727717041969299,0.9661810398101807,0.8590514659881592,0.0,1.0,0.0010000000474974513,0.0,0.07428452372550964,0.998661458492279,1.0079985857009888,0.12095519155263901,0.07428452372550964,0.07428452372550964,0.04092732444405556,0.07428452372550964,0.0,0.07428452372550964
400,,,0.2220253050327301,,,,,,,,,,,,0.0,1.0,,0.0,0.1819479763507843,0.9997380971908569,1.0079985857009888,,,,,,,
401,,,0.2024775743484497,,,,,,,,,,,,0.0,1.0,,0.0,0.08638308942317963,0.9987824559211731,1.0079985857009888,,,,,,,
402,,,0.2320358008146286,,,,,,,,,,,,0.0,1.0,,0.0,0.1078205481171608,0.9989967942237854,1.0079985857009888,,,,,,,
403,,,0.2281242460012436,,,,,,,,,,,,0.0,1.0,,0.0,0.19053171575069427,0.9998239278793335,1.0079985857009888,,,,,,,
404,,,0.2092076689004898,,,,,,,,,,,,0.0,1.0,,0.0,0.12540170550346375,0.9991726279258728,1.0079985857009888,,,,,,,
405,,,0.23959720134735107,,,,,,,,,,,,0.0,1.0,,0.0,0.27401426434516907,1.0006587505340576,1.0079985857009888,,,,,,,
406,,,0.23829294741153717,,,,,,,,,,,,0.0,1.0,,0.0,0.09322594851255417,0.9988508820533752,1.0079985857009888,,,,,,,
407,,,0.2186889797449112,,,,,,,,,,,,0.0,1.0,,0.0,0.08338373899459839,0.9987524151802063,1.0079985857009888,,,,,,,
408,,,0.211512953042984,,,,,,,,,,,,0.0,1.0,,0.0,0.10398945957422256,0.9989585280418396,1.0079985857009888,,,,,,,
409,,,0.2601085901260376,,,,,,,,,,,,0.0,1.0,,0.0,0.13336864113807678,0.9992523193359375,1.0079985857009888,,,,,,,
410,,,0.1943640261888504,,,,,,,,,,,,0.0,1.0,,0.0,0.1686187982559204,0.9996048212051392,1.0079985857009888,,,,,,,
411,,,0.23932664096355438,,,,,,,,,,,,0.0,1.0,,0.0,0.07030563801527023,0.9986216425895691,1.0079985857009888,,,,,,,
412,,,0.22038595378398895,,,,,,,,,,,,0.0,1.0,,0.0,0.06455006450414658,0.9985641241073608,1.0079985857009888,,,,,,,
413,,,0.20869070291519165,,,,,,,,,,,,0.0,1.0,,0.0,0.07221286743879318,0.9986407160758972,1.0079985857009888,,,,,,,
414,,,0.22914117574691772,,,,,,,,,,,,0.0,1.0,,0.0,0.25363191962242126,1.0004549026489258,1.0079985857009888,,,,,,,
415,,,0.20797695219516754,,,,,,,,,,,,0.0,1.0,,0.0,0.0832243338227272,0.9987508654594421,1.0079985857009888,,,,,,,
416,,,0.3245685398578644,,,,,,,,,,,,0.0,1.0,,0.0,0.13441602885723114,0.9992627501487732,1.0079985857009888,,,,,,,
417,,,0.3601813018321991,,,,,,,,,,,,0.0,1.0,,0.0,0.12344713509082794,0.9991530776023865,1.0079985857009888,,,,,,,
418,,,0.4136967957019806,,,,,,,,,,,,0.0,1.0,,0.0,0.06974102556705475,0.9986160397529602,1.0079985857009888,,,,,,,
419,,,0.31621626019477844,,,,,,,,,,,,0.0,1.0,,0.0,0.07162076234817505,0.9986348152160645,1.0079985857009888,,,,,,,
420,,,0.41528311371803284,,,,,,,,,,,,0.0,1.0,,0.0,0.21308358013629913,1.0000494718551636,1.0079985857009888,,,,,,,
421,,,0.24042336642742157,,,,,,,,,,,,0.0,1.0,,0.0,0.08056872338056564,0.9987242817878723,1.0079985857009888,,,,,,,
422,,,0.49447891116142273,,,,,,,,,,,,0.0,1.0,,0.0,0.11523731797933578,0.9990710020065308,1.0079985857009888,,,,,,,
423,,,0.32945752143859863,,,,,,,,,,,,0.0,1.0,,0.0,0.07311344891786575,0.9986497163772583,1.0079985857009888,,,,,,,
424,,,0.32961124181747437,,,,,,,,,,,,0.0,1.0,,0.0,0.1774514615535736,0.9996930956840515,1.0079985857009888,,,,,,,
425,,,0.24353550374507904,,,,,,,,,,,,0.0,1.0,,0.0,0.07338698208332062,0.998652458190918,1.0079985857009888,,,,,,,
426,,,0.2880958020687103,,,,,,,,,,,,0.0,1.0,,0.0,0.06156874820590019,0.9985343217849731,1.0079985857009888,,,,,,,
427,,,0.2867955267429352,,,,,,,,,,,,0.0,1.0,,0.0,0.2044549286365509,0.9999631643295288,1.0079985857009888,,,,,,,
428,,,0.29011034965515137,,,,,,,,,,,,0.0,1.0,,0.0,0.30210041999816895,1.0009396076202393,1.0079985857009888,,,,,,,
429,,,0.34685420989990234,,,,,,,,,,,,0.0,1.0,,0.0,0.1575804352760315,0.9994944334030151,1.0079985857009888,,,,,,,
430,,,0.2688847780227661,,,,,,,,,,,,0.0,1.0,,0.0,0.09924927353858948,0.9989110827445984,1.0079985857009888,,,,,,,
431,,,0.3787306547164917,,,,,,,,,,,,0.0,1.0,,0.0,0.08901041746139526,0.9988086819648743,1.0079985857009888,,,,,,,
432,,,0.247943714261055,,,,,,,,,,,,0.0,1.0,,0.0,0.10591042041778564,0.9989777207374573,1.0079985857009888,,,,,,,
433,,,0.23741982877254486,,,,,,,,,,,,0.0,1.0,,0.0,0.13008196651935577,0.9992194175720215,1.0079985857009888,,,,,,,
434,,,0.2695188820362091,,,,,,,,,,,,0.0,1.0,,0.0,0.11051733046770096,0.9990237951278687,1.0079985857009888,,,,,,,
435,,,0.23543477058410645,,,,,,,,,,,,0.0,1.0,,0.0,0.07725261896848679,0.9986911416053772,1.0079985857009888,,,,,,,
436,,,0.253325879573822,,,,,,,,,,,,0.0,1.0,,0.0,0.06835529208183289,0.9986021518707275,1.0079985857009888,,,,,,,
437,,,0.20207025110721588,,,,,,,,,,,,0.0,1.0,,0.0,0.08309128880500793,0.9987494945526123,1.0079985857009888,,,,,,,
438,,,0.31357163190841675,,,,,,,,,,,,0.0,1.0,,0.0,0.06095677241683006,0.9985281825065613,1.0079985857009888,,,,,,,
439,10.0,0.1908489167690277,0.22813303768634796,0.09472520649433136,0.1908489167690277,0.0,0.1908489167690277,3.1076760292053223,0.2594499886035919,6.747231483459473,8.95010757446289,0.9755679368972778,0.9711266160011292,0.8181529641151428,0.0,1.0,,0.0,0.12652833759784698,0.9991838932037354,1.0079985857009888,0.12808656692504883,,,,,,
440,,,0.22338730096817017,,,,,,,,,,,,0.0,1.0,,0.0,0.06274741142988205,0.9985460638999939,1.0079985857009888,,,,,,,
441,,,0.19458940625190735,,,,,,,,,,,,0.0,1.0,,0.0,0.10840107500553131,0.9990026354789734,1.0079985857009888,,,,,,,
442,,,0.18868447840213776,,,,,,,,,,,,0.0,1.0,,0.0,0.08643930405378342,0.9987829923629761,1.0079985857009888,,,,,,,
443,,,0.24525649845600128,,,,,,,,,,,,0.0,1.0,,0.0,0.07004039734601974,0.998619019985199,1.0079985857009888,,,,,,,
444,,,0.24555747210979462,,,,,,,,,,,,0.0,1.0,,0.0,0.07550810277462006,0.998673677444458,1.0079985857009888,,,,,,,
445,,,0.21307715773582458,,,,,,,,,,,,0.0,1.0,,0.0,0.058362774550914764,0.998502254486084,1.0079985857009888,,,,,,,
446,,,0.22382968664169312,,,,,,,,,,,,0.0,1.0,,0.0,0.06931386142969131,0.9986117482185364,1.0079985857009888,,,,,,,
447,,,0.2351403534412384,,,,,,,,,,,,0.0,1.0,,0.0,0.07993506640195847,0.9987179636955261,1.0079985857009888,,,,,,,
448,,,0.2016638070344925,,,,,,,,,,,,0.0,1.0,,0.0,0.09067772328853607,0.9988253712654114,1.0079985857009888,,,,,,,
449,11.0,0.0843396931886673,0.19691546261310577,,,,,,,,,,,,0.0,1.0,0.0010000000474974513,0.0,0.0843396931886673,0.9987620115280151,1.0079985857009888,,0.0843396931886673,0.0843396931886673,0.045405689626932144,0.0843396931886673,0.0,0.0843396931886673
450,,,0.2194969356060028,,,,,,,,,,,,0.0,1.0,,0.0,0.15990440547466278,0.9995176792144775,1.0079985857009888,,,,,,,
451,,,0.1805625855922699,,,,,,,,,,,,0.0,1.0,,0.0,0.15156592428684235,0.9994342923164368,1.0079985857009888,,,,,,,
452,,,0.24478986859321594,,,,,,,,,,,,0.0,1.0,,0.0,0.0753277838230133,0.9986718893051147,1.0079985857009888,,,,,,,
453,,,0.17517594993114471,,,,,,,,,,,,0.0,1.0,,0.0,0.06469981372356415,0.9985656142234802,1.0079985857009888,,,,,,,
454,,,0.2900055944919586,,,,,,,,,,,,0.0,1.0,,0.0,0.14508457481861115,0.9993694424629211,1.0079985857009888,,,,,,,
455,,,0.1845262497663498,,,,,,,,,,,,0.0,1.0,,0.0,0.1103627011179924,0.9990222454071045,1.0079985857009888,,,,,,,
456,,,0.17967824637889862,,,,,,,,,,,,0.0,1.0,,0.0,0.17902842164039612,0.999708890914917,1.0079985857009888,,,,,,,
457,,,0.17521119117736816,,,,,,,,,,,,0.0,1.0,,0.0,0.07541504502296448,0.9986727833747864,1.0079985857009888,,,,,,,
458,,,0.14681588113307953,,,,,,,,,,,,0.0,1.0,,0.0,0.14103057980537415,0.9993289113044739,1.0079985857009888,,,,,,,
459,,,0.19070658087730408,,,,,,,,,,,,0.0,1.0,,0.0,0.04018356278538704,0.998320460319519,1.0079985857009888,,,,,,,
460,,,0.1788032054901123,,,,,,,,,,,,0.0,1.0,,0.0,0.15084338188171387,0.9994270205497742,1.0079985857009888,,,,,,,
461,,,0.1797933578491211,,,,,,,,,,,,0.0,1.0,,0.0,0.11511304974555969,0.9990697503089905,1.0079985857009888,,,,,,,
462,,,0.17864744365215302,,,,,,,,,,,,0.0,1.0,,0.0,0.0732937753200531,0.9986515641212463,1.0079985857009888,,,,,,,
463,,,0.20574860274791718,,,,,,,,,,,,0.0,1.0,,0.0,0.1517413854598999,0.9994360208511353,1.0079985857009888,,,,,,,
464,,,0.18587882816791534,,,,,,,,,,,,0.0,1.0,,0.0,0.09644055366516113,0.9988830089569092,1.0079985857009888,,,,,,,
465,,,0.17260901629924774,,,,,,,,,,,,0.0,1.0,,0.0,0.0888572558760643,0.9988071918487549,1.0079985857009888,,,,,,,
466,,,0.2077086865901947,,,,,,,,,,,,0.0,1.0,,0.0,0.10009267926216125,0.9989195466041565,1.0079985857009888,,,,,,,
467,,,0.18467120826244354,,,,,,,,,,,,0.0,1.0,,0.0,0.09567749500274658,0.9988753795623779,1.0079985857009888,,,,,,,
468,,,0.18595249950885773,,,,,,,,,,,,0.0,1.0,,0.0,0.08295129984617233,0.9987481236457825,1.0079985857009888,,,,,,,
469,,,0.21260245144367218,,,,,,,,,,,,0.0,1.0,,0.0,0.08213897794485092,0.998740017414093,1.0079985857009888,,,,,,,
470,,,0.2366953194141388,,,,,,,,,,,,0.0,1.0,,0.0,0.14633601903915405,0.999381959438324,1.0079985857009888,,,,,,,
471,,,0.180343359708786,,,,,,,,,,,,0.0,1.0,,0.0,0.10939018428325653,0.9990125298500061,1.0079985857009888,,,,,,,
472,,,0.18000203371047974,,,,,,,,,,,,0.0,1.0,,0.0,0.14034563302993774,0.9993220567703247,1.0079985857009888,,,,,,,
473,,,0.21688348054885864,,,,,,,,,,,,0.0,1.0,,0.0,0.08788073807954788,0.9987974166870117,1.0079985857009888,,,,,,,
474,,,0.16263987123966217,,,,,,,,,,,,0.0,1.0,,0.0,0.0772009789943695,0.9986906051635742,1.0079985857009888,,,,,,,
475,,,0.19155563414096832,,,,,,,,,,,,0.0,1.0,,0.0,0.07013538479804993,0.9986199736595154,1.0079985857009888,,,,,,,
476,,,0.183919295668602,,,,,,,,,,,,0.0,1.0,,0.0,0.07055782526731491,0.9986242055892944,1.0079985857009888,,,,,,,
477,,,0.1684085875749588,,,,,,,,,,,,0.0,1.0,,0.0,0.1018117144703865,0.9989367127418518,1.0079985857009888,,,,,,,
478,,,0.18859349191188812,,,,,,,,,,,,0.0,1.0,,0.0,0.13083171844482422,0.9992269277572632,1.0079985857009888,,,,,,,
479,11.0,0.22871965169906616,0.1822006106376648,0.10529308021068573,0.22871965169906616,0.0,0.22871965169906616,3.2457528114318848,0.28447431325912476,7.010021686553955,9.3493013381958,0.978320837020874,0.9731084108352661,0.5397864580154419,0.0,1.0,,0.0,0.1051476001739502,0.998970091342926,1.0079985857009888,0.09920168668031693,,,,,,
480,,,0.21282599866390228,,,,,,,,,,,,0.0,1.0,,0.0,0.2555031180381775,1.0004736185073853,1.0079985857009888,,,,,,,
481,,,0.24610716104507446,,,,,,,,,,,,0.0,1.0,,0.0,0.16799955070018768,0.9995986223220825,1.0079985857009888,,,,,,,
482,,,0.2884632647037506,,,,,,,,,,,,0.0,1.0,,0.0,0.2706960439682007,1.0006256103515625,1.0079985857009888,,,,,,,
483,,,0.21656112372875214,,,,,,,,,,,,0.0,1.0,,0.0,0.12203089892864227,0.9991388916969299,1.0079985857009888,,,,,,,
484,,,0.30851995944976807,,,,,,,,,,,,0.0,1.0,,0.0,0.1365678906440735,0.9992842674255371,1.0079985857009888,,,,,,,
485,,,0.20552562177181244,,,,,,,,,,,,0.0,1.0,,0.0,0.09498810023069382,0.998868465423584,1.0079985857009888,,,,,,,
486,,,0.3638538122177124,,,,,,,,,,,,0.0,1.0,,0.0,0.26449820399284363,1.000563621520996,1.0079985857009888,,,,,,,
487,,,0.23911982774734497,,,,,,,,,,,,0.0,1.0,,0.0,0.10211833566427231,0.9989398121833801,1.0079985857009888,,,,,,,
488,,,0.22446852922439575,,,,,,,,,,,,0.0,1.0,,0.0,0.08080524951219559,0.9987266659736633,1.0079985857009888,,,,,,,
489,,,0.20866821706295013,,,,,,,,,,,,0.0,1.0,,0.0,0.10365956276655197,0.9989551901817322,1.0079985857009888,,,,,,,
490,,,0.18959267437458038,,,,,,,,,,,,0.0,1.0,,0.0,0.11274328082799911,0.9990460276603699,1.0079985857009888,,,,,,,
491,,,0.20946566760540009,,,,,,,,,,,,0.0,1.0,,0.0,0.09847897291183472,0.9989033937454224,1.0079985857009888,,,,,,,
492,,,0.19525665044784546,,,,,,,,,,,,0.0,1.0,,0.0,0.08782123029232025,0.998796820640564,1.0079985857009888,,,,,,,
493,,,0.24909105896949768,,,,,,,,,,,,0.0,1.0,,0.0,0.0753096416592598,0.9986717104911804,1.0079985857009888,,,,,,,
494,,,0.18845242261886597,,,,,,,,,,,,0.0,1.0,,0.0,0.07612963765859604,0.9986798763275146,1.0079985857009888,,,,,,,
495,,,0.2529603838920593,,,,,,,,,,,,0.0,1.0,,0.0,0.07518385350704193,0.9986704587936401,1.0079985857009888,,,,,,,
496,,,0.2086161971092224,,,,,,,,,,,,0.0,1.0,,0.0,0.16255789995193481,0.9995442032814026,1.0079985857009888,,,,,,,
497,,,0.19176675379276276,,,,,,,,,,,,0.0,1.0,,0.0,0.12140554934740067,0.9991326332092285,1.0079985857009888,,,,,,,
498,,,0.20222581923007965,,,,,,,,,,,,0.0,1.0,,0.0,0.08990243077278137,0.9988176226615906,1.0079985857009888,,,,,,,
499,12.0,0.16904069483280182,0.2092883288860321,,,,,,,,,,,,0.0,1.0,0.0010000000474974513,0.0,0.16904069483280182,0.9996089935302734,1.0079985857009888,,0.16904069483280182,0.16904069483280182,0.0772218257188797,0.16904069483280182,0.0,0.16904069483280182
500,,,0.1942228078842163,,,,,,,,,,,,0.0,1.0,,0.0,0.10215136408805847,0.998940110206604,1.0079985857009888,,,,,,,
501,,,0.2539139986038208,,,,,,,,,,,,0.0,1.0,,0.0,0.09576906263828278,0.9988762736320496,1.0079985857009888,,,,,,,
502,,,0.21566526591777802,,,,,,,,,,,,0.0,1.0,,0.0,0.07712311297655106,0.9986898303031921,1.0079985857009888,,,,,,,
503,,,0.2033730000257492,,,,,,,,,,,,0.0,1.0,,0.0,0.07573296874761581,0.9986759424209595,1.0079985857009888,,,,,,,
504,,,0.21205474436283112,,,,,,,,,,,,0.0,1.0,,0.0,0.08501061797142029,0.99876868724823,1.0079985857009888,,,,,,,
505,,,0.2540440559387207,,,,,,,,,,,,0.0,1.0,,0.0,0.1111065223813057,0.9990296959877014,1.0079985857009888,,,,,,,
506,,,0.1913146674633026,,,,,,,,,,,,0.0,1.0,,0.0,0.08866535872220993,0.9988052845001221,1.0079985857009888,,,,,,,
507,,,0.22230476140975952,,,,,,,,,,,,0.0,1.0,,0.0,0.0932660698890686,0.9988512396812439,1.0079985857009888,,,,,,,
508,,,0.2033361792564392,,,,,,,,,,,,0.0,1.0,,0.0,0.059654127806425095,0.9985151290893555,1.0079985857009888,,,,,,,
509,,,0.1949765980243683,,,,,,,,,,,,0.0,1.0,,0.0,0.09384617954492569,0.9988570809364319,1.0079985857009888,,,,,,,
510,,,0.2277074009180069,,,,,,,,,,,,0.0,1.0,,0.0,0.15989293158054352,0.999517560005188,1.0079985857009888,,,,,,,
511,,,0.18801045417785645,,,,,,,,,,,,0.0,1.0,,0.0,0.06811456382274628,0.9985997676849365,1.0079985857009888,,,,,,,
512,,,0.18153950572013855,,,,,,,,,,,,0.0,1.0,,0.0,0.07218921184539795,0.9986404776573181,1.0079985857009888,,,,,,,
513,,,0.17382663488388062,,,,,,,,,,,,0.0,1.0,,0.0,0.07925738394260406,0.9987111687660217,1.0079985857009888,,,,,,,
514,,,0.18111860752105713,,,,,,,,,,,,0.0,1.0,,0.0,0.06324023753404617,0.9985510110855103,1.0079985857009888,,,,,,,
515,,,0.19799792766571045,,,,,,,,,,,,0.0,1.0,,0.0,0.09408916532993317,0.9988595247268677,1.0079985857009888,,,,,,,
516,,,0.16855670511722565,,,,,,,,,,,,0.0,1.0,,0.0,0.048260677605867386,0.9984012246131897,1.0079985857009888,,,,,,,
517,,,0.23351368308067322,,,,,,,,,,,,0.0,1.0,,0.0,0.1107563003897667,0.9990261793136597,1.0079985857009888,,,,,,,
518,,,0.1988491266965866,,,,,,,,,,,,0.0,1.0,,0.0,0.05883384495973587,0.9985069632530212,1.0079985857009888,,,,,,,
519,12.0,0.20427247881889343,0.18675556778907776,0.09907412528991699,0.20427247881889343,0.0,0.20427247881889343,2.8957979679107666,0.24199315905570984,6.705074787139893,9.053409576416016,0.9805012941360474,0.9765608906745911,0.5252344012260437,0.0,1.0,,0.0,0.24158862233161926,1.0003345012664795,1.0079985857009888,0.10816818475723267,,,,,,
520,,,0.1842889040708542,,,,,,,,,,,,0.0,1.0,,0.0,0.09315405040979385,0.9988501667976379,1.0079985857009888,,,,,,,
521,,,0.23726747930049896,,,,,,,,,,,,0.0,1.0,,0.0,0.0768590196967125,0.998687207698822,1.0079985857009888,,,,,,,
522,,,0.17263105511665344,,,,,,,,,,,,0.0,1.0,,0.0,0.05062008649110794,0.9984248280525208,1.0079985857009888,,,,,,,
523,,,0.19497889280319214,,,,,,,,,,,,0.0,1.0,,0.0,0.0917070060968399,0.9988356828689575,1.0079985857009888,,,,,,,
524,,,0.18514643609523773,,,,,,,,,,,,0.0,1.0,,0.0,0.08189962804317474,0.9987375736236572,1.0079985857009888,,,,,,,
525,,,0.17563824355602264,,,,,,,,,,,,0.0,1.0,,0.0,0.06801619380712509,0.9985987544059753,1.0079985857009888,,,,,,,
526,,,0.21055862307548523,,,,,,,,,,,,0.0,1.0,,0.0,0.06620220094919205,0.9985806345939636,1.0079985857009888,,,,,,,
527,,,0.16284549236297607,,,,,,,,,,,,0.0,1.0,,0.0,0.20708727836608887,0.9999894499778748,1.0079985857009888,,,,,,,
528,,,0.15726172924041748,,,,,,,,,,,,0.0,1.0,,0.0,0.05304891988635063,0.9984490871429443,1.0079985857009888,,,,,,,
529,,,0.14866095781326294,,,,,,,,,,,,0.0,1.0,,0.0,0.11621593683958054,0.9990807771682739,1.0079985857009888,,,,,,,
530,,,0.16184605658054352,,,,,,,,,,,,0.0,1.0,,0.0,0.1506262868642807,0.9994248747825623,1.0079985857009888,,,,,,,
531,,,0.17591287195682526,,,,,,,,,,,,0.0,1.0,,0.0,0.13772283494472504,0.9992958307266235,1.0079985857009888,,,,,,,
532,,,0.15598616003990173,,,,,,,,,,,,0.0,1.0,,0.0,0.06970976293087006,0.9986156821250916,1.0079985857009888,,,,,,,
533,,,0.19265346229076385,,,,,,,,,,,,0.0,1.0,,0.0,0.09718798846006393,0.9988904595375061,1.0079985857009888,,,,,,,
534,,,0.16914710402488708,,,,,,,,,,,,0.0,1.0,,0.0,0.10891017317771912,0.9990077018737793,1.0079985857009888,,,,,,,
535,,,0.16483522951602936,,,,,,,,,,,,0.0,1.0,,0.0,0.06801050156354904,0.9985986948013306,1.0079985857009888,,,,,,,
536,,,0.16361713409423828,,,,,,,,,,,,0.0,1.0,,0.0,0.14885826408863068,0.999407172203064,1.0079985857009888,,,,,,,
537,,,0.20670278370380402,,,,,,,,,,,,0.0,1.0,,0.0,0.07631607353687286,0.9986817836761475,1.0079985857009888,,,,,,,
538,,,0.1452084630727768,,,,,,,,,,,,0.0,1.0,,0.0,0.13391798734664917,0.9992578029632568,1.0079985857009888,,,,,,,
539,,,0.17464390397071838,,,,,,,,,,,,0.0,1.0,,0.0,0.1331568956375122,0.9992501735687256,1.0079985857009888,,,,,,,
540,,,0.16132549941539764,,,,,,,,,,,,0.0,1.0,,0.0,0.062231604009866714,0.9985409379005432,1.0079985857009888,,,,,,,
541,,,0.16525600850582123,,,,,,,,,,,,0.0,1.0,,0.0,0.10004163533449173,0.9989190101623535,1.0079985857009888,,,,,,,
542,,,0.1751847118139267,,,,,,,,,,,,0.0,1.0,,0.0,0.17796267569065094,0.9996982216835022,1.0079985857009888,,,,,,,
543,,,0.14306354522705078,,,,,,,,,,,,0.0,1.0,,0.0,0.0969587191939354,0.9988881945610046,1.0079985857009888,,,,,,,
544,,,0.18778307735919952,,,,,,,,,,,,0.0,1.0,,0.0,0.10602110624313354,0.9989787936210632,1.0079985857009888,,,,,,,
545,,,0.1789398342370987,,,,,,,,,,,,0.0,1.0,,0.0,0.08129044622182846,0.9987314939498901,1.0079985857009888,,,,,,,
546,,,0.19513723254203796,,,,,,,,,,,,0.0,1.0,,0.0,0.11621583998203278,0.9990807771682739,1.0079985857009888,,,,,,,
547,,,0.19150210916996002,,,,,,,,,,,,0.0,1.0,,0.0,0.07635274529457092,0.9986821413040161,1.0079985857009888,,,,,,,
548,,,0.18446211516857147,,,,,,,,,,,,0.0,1.0,,0.0,0.059280894696712494,0.9985114336013794,1.0079985857009888,,,,,,,
549,13.0,0.08294635266065598,0.2237512469291687,,,,,,,,,,,,0.0,1.0,0.0010000000474974513,0.0,0.08294635266065598,0.9987480640411377,1.0079985857009888,,0.08294635266065598,0.08294635266065598,0.09634513407945633,0.08294635266065598,0.0,0.08294635266065598
550,,,0.19179435074329376,,,,,,,,,,,,0.0,1.0,,0.0,0.0797339603304863,0.9987159371376038,1.0079985857009888,,,,,,,
551,,,0.18776854872703552,,,,,,,,,,,,0.0,1.0,,0.0,0.049942877143621445,0.9984180331230164,1.0079985857009888,,,,,,,
552,,,0.19446855783462524,,,,,,,,,,,,0.0,1.0,,0.0,0.054862551391124725,0.998467206954956,1.0079985857009888,,,,,,,
553,,,0.22368687391281128,,,,,,,,,,,,0.0,1.0,,0.0,0.09437146782875061,0.9988623261451721,1.0079985857009888,,,,,,,
554,,,0.1746712028980255,,,,,,,,,,,,0.0,1.0,,0.0,0.07988856732845306,0.9987174868583679,1.0079985857009888,,,,,,,
555,,,0.20389501750469208,,,,,,,,,,,,0.0,1.0,,0.0,0.06514935940504074,0.9985700845718384,1.0079985857009888,,,,,,,
556,,,0.19652336835861206,,,,,,,,,,,,0.0,1.0,,0.0,0.05742165818810463,0.9984928369522095,1.0079985857009888,,,,,,,
557,,,0.18321482837200165,,,,,,,,,,,,0.0,1.0,,0.0,0.09368856251239777,0.998855471611023,1.0079985857009888,,,,,,,
558,,,0.2031126469373703,,,,,,,,,,,,0.0,1.0,,0.0,0.06764761358499527,0.9985950589179993,1.0079985857009888,,,,,,,
559,13.0,0.2864963412284851,0.16637739539146423,0.13244745135307312,0.2864963412284851,0.0,0.2864963412284851,3.261028289794922,0.27751076221466064,7.126777172088623,9.597246170043945,0.9775195121765137,0.9723577499389648,0.5390253663063049,0.0,1.0,,0.0,0.23751473426818848,1.0002937316894531,1.0079985857009888,0.09382809698581696,,,,,,
560,,,0.3019149899482727,,,,,,,,,,,,0.0,1.0,,0.0,0.08600006252527237,0.9987785816192627,1.0079985857009888,,,,,,,
561,,,0.3576810657978058,,,,,,,,,,,,0.0,1.0,,0.0,0.08717864006757736,0.9987903833389282,1.0079985857009888,,,,,,,
562,,,0.40910184383392334,,,,,,,,,,,,0.0,1.0,,0.0,0.09807287156581879,0.9988993406295776,1.0079985857009888,,,,,,,
563,,,0.3009708523750305,,,,,,,,,,,,0.0,1.0,,0.0,0.21756525337696075,1.0000942945480347,1.0079985857009888,,,,,,,
564,,,0.4332444965839386,,,,,,,,,,,,0.0,1.0,,0.0,0.06398357450962067,0.9985584616661072,1.0079985857009888,,,,,,,
565,,,0.2192091941833496,,,,,,,,,,,,0.0,1.0,,0.0,0.0738319382071495,0.9986569285392761,1.0079985857009888,,,,,,,
566,,,0.5000452399253845,,,,,,,,,,,,0.0,1.0,,0.0,0.06567955017089844,0.9985753893852234,1.0079985857009888,,,,,,,
567,,,0.3300774395465851,,,,,,,,,,,,0.0,1.0,,0.0,0.07692214101552963,0.9986878037452698,1.0079985857009888,,,,,,,
568,,,0.32298776507377625,,,,,,,,,,,,0.0,1.0,,0.0,0.0570446215569973,0.9984890222549438,1.0079985857009888,,,,,,,
569,,,0.23471415042877197,,,,,,,,,,,,0.0,1.0,,0.0,0.0639549195766449,0.9985581636428833,1.0079985857009888,,,,,,,
570,,,0.28259652853012085,,,,,,,,,,,,0.0,1.0,,0.0,0.08205098658800125,0.9987391233444214,1.0079985857009888,,,,,,,
571,,,0.2546568214893341,,,,,,,,,,,,0.0,1.0,,0.0,0.049027662724256516,0.998408854007721,1.0079985857009888,,,,,,,
572,,,0.2534807622432709,,,,,,,,,,,,0.0,1.0,,0.0,0.0811672955751419,0.9987303018569946,1.0079985857009888,,,,,,,
573,,,0.35860762000083923,,,,,,,,,,,,0.0,1.0,,0.0,0.08625125139951706,0.998781144618988,1.0079985857009888,,,,,,,
574,,,0.2430616170167923,,,,,,,,,,,,0.0,1.0,,0.0,0.16881944239139557,0.9996067881584167,1.0079985857009888,,,,,,,
575,,,0.37617844343185425,,,,,,,,,,,,0.0,1.0,,0.0,0.11329861730337143,0.999051570892334,1.0079985857009888,,,,,,,
576,,,0.17085497081279755,,,,,,,,,,,,0.0,1.0,,0.0,0.10726534575223923,0.9989912509918213,1.0079985857009888,,,,,,,
577,,,0.1434357762336731,,,,,,,,,,,,0.0,1.0,,0.0,0.1573968231678009,0.9994925856590271,1.0079985857009888,,,,,,,
578,,,0.17464695870876312,,,,,,,,,,,,0.0,1.0,,0.0,0.07056181132793427,0.9986242055892944,1.0079985857009888,,,,,,,
579,,,0.16331537067890167,,,,,,,,,,,,0.0,1.0,,0.0,0.05745656043291092,0.9984931945800781,1.0079985857009888,,,,,,,
580,,,0.1468518078327179,,,,,,,,,,,,0.0,1.0,,0.0,0.08763536810874939,0.9987949728965759,1.0079985857009888,,,,,,,
581,,,0.1667388379573822,,,,,,,,,,,,0.0,1.0,,0.0,0.07190396636724472,0.9986376166343689,1.0079985857009888,,,,,,,
582,,,0.17674095928668976,,,,,,,,,,,,0.0,1.0,,0.0,0.05919310078024864,0.9985105395317078,1.0079985857009888,,,,,,,
583,,,0.1622885912656784,,,,,,,,,,,,0.0,1.0,,0.0,0.13824130594730377,0.999301016330719,1.0079985857009888,,,,,,,
584,,,0.14704425632953644,,,,,,,,,,,,0.0,1.0,,0.0,0.08067376166582108,0.9987253546714783,1.0079985857009888,,,,,,,
585,,,0.1949893832206726,,,,,,,,,,,,0.0,1.0,,0.0,0.08781199902296066,0.9987967014312744,1.0079985857009888,,,,,,,
586,,,0.1428961604833603,,,,,,,,,,,,0.0,1.0,,0.0,0.06678209453821182,0.9985864162445068,1.0079985857009888,,,,,,,
587,,,0.1757223755121231,,,,,,,,,,,,0.0,1.0,,0.0,0.12008000165224075,0.9991194009780884,1.0079985857009888,,,,,,,
588,,,0.17025558650493622,,,,,,,,,,,,0.0,1.0,,0.0,0.050871193408966064,0.9984273314476013,1.0079985857009888,,,,,,,
589,,,0.1576714813709259,,,,,,,,,,,,0.0,1.0,,0.0,0.17474301159381866,0.9996660351753235,1.0079985857009888,,,,,,,
590,,,0.1604415476322174,,,,,,,,,,,,0.0,1.0,,0.0,0.10722534358501434,0.9989908337593079,1.0079985857009888,,,,,,,
591,,,0.1496225893497467,,,,,,,,,,,,0.0,1.0,,0.0,0.059480633586645126,0.998513400554657,1.0079985857009888,,,,,,,
592,,,0.1919674575328827,,,,,,,,,,,,0.0,1.0,,0.0,0.07711684703826904,0.9986897706985474,1.0079985857009888,,,,,,,
593,,,0.17726656794548035,,,,,,,,,,,,0.0,1.0,,0.0,0.10591058433055878,0.9989777207374573,1.0079985857009888,,,,,,,
594,,,0.20230534672737122,,,,,,,,,,,,0.0,1.0,,0.0,0.09767351299524307,0.9988953471183777,1.0079985857009888,,,,,,,
595,,,0.19417178630828857,,,,,,,,,,,,0.0,1.0,,0.0,0.08244926482439041,0.9987431168556213,1.0079985857009888,,,,,,,
596,,,0.1867763102054596,,,,,,,,,,,,0.0,1.0,,0.0,0.1743020862340927,0.9996616244316101,1.0079985857009888,,,,,,,
597,,,0.20632126927375793,,,,,,,,,,,,0.0,1.0,,0.0,0.07487175613641739,0.998667299747467,1.0079985857009888,,,,,,,
598,,,0.21494142711162567,,,,,,,,,,,,0.0,1.0,,0.0,0.05396129935979843,0.998458206653595,1.0079985857009888,,,,,,,
599,14.0,0.2145896553993225,0.1896693855524063,0.10842869430780411,0.2145896553993225,0.0,0.2145896553993225,2.6665077209472656,0.21811844408512115,6.1990132331848145,8.070343017578125,0.9770776033401489,0.9733012914657593,0.6032642126083374,0.0,1.0,0.0010000000474974513,0.0,0.06640835851430893,0.998582661151886,1.0079985857009888,0.0988144800066948,0.06640835851430893,0.06640835851430893,0.029982954263687134,0.06640835851430893,0.0,0.06640835851430893
600,,,0.18186616897583008,,,,,,,,,,,,0.0,1.0,,0.0,0.07925724983215332,0.9987111687660217,1.0079985857009888,,,,,,,
601,,,0.23322920501232147,,,,,,,,,,,,0.0,1.0,,0.0,0.08226969838142395,0.9987413287162781,1.0079985857009888,,,,,,,
602,,,0.16743817925453186,,,,,,,,,,,,0.0,1.0,,0.0,0.13687077164649963,0.9992873072624207,1.0079985857009888,,,,,,,
603,,,0.19704759120941162,,,,,,,,,,,,0.0,1.0,,0.0,0.09299047291278839,0.9988484978675842,1.0079985857009888,,,,,,,
604,,,0.179068461060524,,,,,,,,,,,,0.0,1.0,,0.0,0.09143296629190445,0.9988329410552979,1.0079985857009888,,,,,,,
605,,,0.17800630629062653,,,,,,,,,,,,0.0,1.0,,0.0,0.07059632986783981,0.9986245632171631,1.0079985857009888,,,,,,,
606,,,0.19664813578128815,,,,,,,,,,,,0.0,1.0,,0.0,0.05802172049880028,0.998498797416687,1.0079985857009888,,,,,,,
607,,,0.17198620736598969,,,,,,,,,,,,0.0,1.0,,0.0,0.061881404370069504,0.9985374212265015,1.0079985857009888,,,,,,,
608,,,0.1858081817626953,,,,,,,,,,,,0.0,1.0,,0.0,0.05528999865055084,0.9984714984893799,1.0079985857009888,,,,,,,
609,,,0.17458519339561462,,,,,,,,,,,,0.0,1.0,,0.0,0.11123448610305786,0.9990309476852417,1.0079985857009888,,,,,,,
610,,,0.20016416907310486,,,,,,,,,,,,0.0,1.0,,0.0,0.06889452785253525,0.9986075758934021,1.0079985857009888,,,,,,,
611,,,0.18440859019756317,,,,,,,,,,,,0.0,1.0,,0.0,0.05676601827144623,0.9984862804412842,1.0079985857009888,,,,,,,
612,,,0.17879894375801086,,,,,,,,,,,,0.0,1.0,,0.0,0.05051153525710106,0.99842369556427,1.0079985857009888,,,,,,,
613,,,0.1964784413576126,,,,,,,,,,,,0.0,1.0,,0.0,0.06790995597839355,0.9985976815223694,1.0079985857009888,,,,,,,
614,,,0.22439682483673096,,,,,,,,,,,,0.0,1.0,,0.0,0.08148649334907532,0.9987334609031677,1.0079985857009888,,,,,,,
615,,,0.18456849455833435,,,,,,,,,,,,0.0,1.0,,0.0,0.054877571761608124,0.9984673857688904,1.0079985857009888,,,,,,,
616,,,0.17668086290359497,,,,,,,,,,,,0.0,1.0,,0.0,0.058707766234874725,0.998505711555481,1.0079985857009888,,,,,,,
617,,,0.2248006910085678,,,,,,,,,,,,0.0,1.0,,0.0,0.12962675094604492,0.9992148876190186,1.0079985857009888,,,,,,,
618,,,0.16379013657569885,,,,,,,,,,,,0.0,1.0,,0.0,0.13225843012332916,0.9992411732673645,1.0079985857009888,,,,,,,
619,,,0.19971448183059692,,,,,,,,,,,,0.0,1.0,,0.0,0.06896118074655533,0.9986082315444946,1.0079985857009888,,,,,,,
620,,,0.18600358068943024,,,,,,,,,,,,0.0,1.0,,0.0,0.049518562853336334,0.9984138011932373,1.0079985857009888,,,,,,,
621,,,0.16580262780189514,,,,,,,,,,,,0.0,1.0,,0.0,0.12905682623386383,0.9992091655731201,1.0079985857009888,,,,,,,
622,,,0.18616296350955963,,,,,,,,,,,,0.0,1.0,,0.0,0.061596229672431946,0.9985345602035522,1.0079985857009888,,,,,,,
623,,,0.17683634161949158,,,,,,,,,,,,0.0,1.0,,0.0,0.04506344720721245,0.9983692169189453,1.0079985857009888,,,,,,,
624,,,0.1677231788635254,,,,,,,,,,,,0.0,1.0,,0.0,0.1193835660815239,0.9991124272346497,1.0079985857009888,,,,,,,
625,,,0.1581561267375946,,,,,,,,,,,,0.0,1.0,,0.0,0.05975334346294403,0.9985161423683167,1.0079985857009888,,,,,,,
626,,,0.14712494611740112,,,,,,,,,,,,0.0,1.0,,0.0,0.11455222964286804,0.9990641474723816,1.0079985857009888,,,,,,,
627,,,0.18484151363372803,,,,,,,,,,,,0.0,1.0,,0.0,0.08359194546937943,0.9987545013427734,1.0079985857009888,,,,,,,
628,,,0.14792625606060028,,,,,,,,,,,,0.0,1.0,,0.0,0.09816599637269974,0.998900294303894,1.0079985857009888,,,,,,,
629,,,0.2080174684524536,,,,,,,,,,,,0.0,1.0,,0.0,0.060225099325180054,0.9985208511352539,1.0079985857009888,,,,,,,
630,,,0.16124007105827332,,,,,,,,,,,,0.0,1.0,,0.0,0.061087146401405334,0.9985294938087463,1.0079985857009888,,,,,,,
631,,,0.16961346566677094,,,,,,,,,,,,0.0,1.0,,0.0,0.17121753096580505,0.9996308088302612,1.0079985857009888,,,,,,,
632,,,0.17412854731082916,,,,,,,,,,,,0.0,1.0,,0.0,0.05893140286207199,0.9985079169273376,1.0079985857009888,,,,,,,
633,,,0.21712662279605865,,,,,,,,,,,,0.0,1.0,,0.0,0.16498011350631714,0.9995684027671814,1.0079985857009888,,,,,,,
634,,,0.15554487705230713,,,,,,,,,,,,0.0,1.0,,0.0,0.08145242184400558,0.9987331032752991,1.0079985857009888,,,,,,,
635,,,0.18167272210121155,,,,,,,,,,,,0.0,1.0,,0.0,0.07722644507884979,0.9986908435821533,1.0079985857009888,,,,,,,
636,,,0.16587091982364655,,,,,,,,,,,,0.0,1.0,,0.0,0.07477228343486786,0.9986663460731506,1.0079985857009888,,,,,,,
637,,,0.15738016366958618,,,,,,,,,,,,0.0,1.0,,0.0,0.0923653244972229,0.9988422393798828,1.0079985857009888,,,,,,,
638,,,0.1934470385313034,,,,,,,,,,,,0.0,1.0,,0.0,0.05824112147092819,0.9985010027885437,1.0079985857009888,,,,,,,
639,15.0,0.2134239673614502,0.138220876455307,0.10404282808303833,0.2134239673614502,0.0,0.2134239673614502,2.983407735824585,0.25851112604141235,6.146435260772705,8.125463485717773,0.9751923680305481,0.9707255959510803,0.6220484375953674,0.0,1.0,,0.0,0.11418777704238892,0.9990605115890503,1.0079985857009888,0.08918847888708115,,,,,,
640,,,0.2731861174106598,,,,,,,,,,,,0.0,1.0,,0.0,0.1296253651380539,0.9992148876190186,1.0079985857009888,,,,,,,
641,,,0.26842227578163147,,,,,,,,,,,,0.0,1.0,,0.0,0.10682927817106247,0.9989868998527527,1.0079985857009888,,,,,,,
642,,,0.2897765636444092,,,,,,,,,,,,0.0,1.0,,0.0,0.06096716597676277,0.9985283017158508,1.0079985857009888,,,,,,,
643,,,0.24921083450317383,,,,,,,,,,,,0.0,1.0,,0.0,0.06543726474046707,0.9985730051994324,1.0079985857009888,,,,,,,
644,,,0.29175233840942383,,,,,,,,,,,,0.0,1.0,,0.0,0.09737677127122879,0.9988923668861389,1.0079985857009888,,,,,,,
645,,,0.23056729137897491,,,,,,,,,,,,0.0,1.0,,0.0,0.08372512459754944,0.9987558722496033,1.0079985857009888,,,,,,,
646,,,0.36102887988090515,,,,,,,,,,,,0.0,1.0,,0.0,0.06901486963033676,0.9986087679862976,1.0079985857009888,,,,,,,
647,,,0.24317465722560883,,,,,,,,,,,,0.0,1.0,,0.0,0.22562697529792786,1.000174880027771,1.0079985857009888,,,,,,,
648,,,0.2573191523551941,,,,,,,,,,,,0.0,1.0,,0.0,0.06228531897068024,0.9985414743423462,1.0079985857009888,,,,,,,
649,16.0,0.12056799978017807,0.18844498693943024,,,,,,,,,,,,0.0,1.0,0.0010000000474974513,0.0,0.12056799978017807,0.99912428855896,1.0079985857009888,,0.12056799978017807,0.12056799978017807,0.05237404257059097,0.12056799978017807,0.0,0.12056799978017807
650,,,0.23461700975894928,,,,,,,,,,,,0.0,1.0,,0.0,0.15227515995502472,0.999441385269165,1.0079985857009888,,,,,,,
651,,,0.26691901683807373,,,,,,,,,,,,0.0,1.0,,0.0,0.12828464806079865,0.9992014765739441,1.0079985857009888,,,,,,,
652,,,0.2655656635761261,,,,,,,,,,,,0.0,1.0,,0.0,0.08715339004993439,0.9987901449203491,1.0079985857009888,,,,,,,
653,,,0.23497451841831207,,,,,,,,,,,,0.0,1.0,,0.0,0.27080777287483215,1.0006266832351685,1.0079985857009888,,,,,,,
654,,,0.24668246507644653,,,,,,,,,,,,0.0,1.0,,0.0,0.05662532150745392,0.9984848499298096,1.0079985857009888,,,,,,,
655,,,0.28086692094802856,,,,,,,,,,,,0.0,1.0,,0.0,0.11291230469942093,0.9990477561950684,1.0079985857009888,,,,,,,
656,,,0.31744635105133057,,,,,,,,,,,,0.0,1.0,,0.0,0.0840696319937706,0.9987593293190002,1.0079985857009888,,,,,,,
657,,,0.34957557916641235,,,,,,,,,,,,0.0,1.0,,0.0,0.1289604753255844,0.9992082118988037,1.0079985857009888,,,,,,,
658,,,0.38307201862335205,,,,,,,,,,,,0.0,1.0,,0.0,0.07235071063041687,0.998642086982727,1.0079985857009888,,,,,,,
659,,,0.29105404019355774,,,,,,,,,,,,0.0,1.0,,0.0,0.08251260221004486,0.9987437129020691,1.0079985857009888,,,,,,,
660,,,0.4148199260234833,,,,,,,,,,,,0.0,1.0,,0.0,0.08177097141742706,0.9987363219261169,1.0079985857009888,,,,,,,
661,,,0.24576272070407867,,,,,,,,,,,,0.0,1.0,,0.0,0.07867765426635742,0.9987053871154785,1.0079985857009888,,,,,,,
662,,,0.4833339750766754,,,,,,,,,,,,0.0,1.0,,0.0,0.15951086580753326,0.9995136857032776,1.0079985857009888,,,,,,,
663,,,0.3089737892150879,,,,,,,,,,,,0.0,1.0,,0.0,0.07149721682071686,0.9986335635185242,1.0079985857009888,,,,,,,
664,,,0.32490280270576477,,,,,,,,,,,,0.0,1.0,,0.0,0.13879787921905518,0.9993065595626831,1.0079985857009888,,,,,,,
665,,,0.2103138566017151,,,,,,,,,,,,0.0,1.0,,0.0,0.14408975839614868,0.9993594884872437,1.0079985857009888,,,,,,,
666,,,0.2900370955467224,,,,,,,,,,,,0.0,1.0,,0.0,0.0954245775938034,0.9988728761672974,1.0079985857009888,,,,,,,
667,,,0.2799282670021057,,,,,,,,,,,,0.0,1.0,,0.0,0.06820737570524216,0.9986006617546082,1.0079985857009888,,,,,,,
668,,,0.2798354923725128,,,,,,,,,,,,0.0,1.0,,0.0,0.07444198429584503,0.9986630082130432,1.0079985857009888,,,,,,,
669,,,0.32904568314552307,,,,,,,,,,,,0.0,1.0,,0.0,0.08232229202985764,0.9987418055534363,1.0079985857009888,,,,,,,
670,,,0.2689524292945862,,,,,,,,,,,,0.0,1.0,,0.0,0.11000411957502365,0.999018669128418,1.0079985857009888,,,,,,,
671,,,0.3650045692920685,,,,,,,,,,,,0.0,1.0,,0.0,0.0902518704533577,0.9988211393356323,1.0079985857009888,,,,,,,
672,,,0.19753026962280273,,,,,,,,,,,,0.0,1.0,,0.0,0.08570539951324463,0.9987756609916687,1.0079985857009888,,,,,,,
673,,,0.210708886384964,,,,,,,,,,,,0.0,1.0,,0.0,0.0778411328792572,0.99869704246521,1.0079985857009888,,,,,,,
674,,,0.2189510315656662,,,,,,,,,,,,0.0,1.0,,0.0,0.19971930980682373,0.9999157786369324,1.0079985857009888,,,,,,,
675,,,0.22615519165992737,,,,,,,,,,,,0.0,1.0,,0.0,0.05857356637716293,0.9985043406486511,1.0079985857009888,,,,,,,
676,,,0.23669977486133575,,,,,,,,,,,,0.0,1.0,,0.0,0.05583511292934418,0.9984769821166992,1.0079985857009888,,,,,,,
677,,,0.24494171142578125,,,,,,,,,,,,0.0,1.0,,0.0,0.05927447974681854,0.9985113739967346,1.0079985857009888,,,,,,,
678,,,0.18685489892959595,,,,,,,,,,,,0.0,1.0,,0.0,0.11129695177078247,0.9990316033363342,1.0079985857009888,,,,,,,
679,16.0,0.2075973004102707,0.2221415936946869,0.10094023495912552,0.2075973004102707,0.0,0.2075973004102707,3.3043551445007324,0.2833744287490845,6.924808979034424,9.218725204467773,0.9747008681297302,0.9696786999702454,0.6266270279884338,0.0,1.0,,0.0,0.11027463525533676,0.9990213513374329,1.0079985857009888,0.10088695585727692,,,,,,
680,,,0.21141645312309265,,,,,,,,,,,,0.0,1.0,,0.0,0.05858192592859268,0.9985044002532959,1.0079985857009888,,,,,,,
681,,,0.2707991600036621,,,,,,,,,,,,0.0,1.0,,0.0,0.05964786559343338,0.9985150694847107,1.0079985857009888,,,,,,,
682,,,0.20454029738903046,,,,,,,,,,,,0.0,1.0,,0.0,0.07876408100128174,0.9987062215805054,1.0079985857009888,,,,,,,
683,,,0.1988474577665329,,,,,,,,,,,,0.0,1.0,,0.0,0.14057449996471405,0.9993243217468262,1.0079985857009888,,,,,,,
684,,,0.194691464304924,,,,,,,,,,,,0.0,1.0,,0.0,0.05088832974433899,0.9984275102615356,1.0079985857009888,,,,,,,
685,,,0.2505699396133423,,,,,,,,,,,,0.0,1.0,,0.0,0.05806618183851242,0.9984992742538452,1.0079985857009888,,,,,,,
686,,,0.22144503891468048,,,,,,,,,,,,0.0,1.0,,0.0,0.04810880124568939,0.9983996748924255,1.0079985857009888,,,,,,,
687,,,0.20201531052589417,,,,,,,,,,,,0.0,1.0,,0.0,0.12493017315864563,0.9991679191589355,1.0079985857009888,,,,,,,
688,,,0.20707888901233673,,,,,,,,,,,,0.0,1.0,,0.0,0.056765180081129074,0.9984862804412842,1.0079985857009888,,,,,,,
689,,,0.19624315202236176,,,,,,,,,,,,0.0,1.0,,0.0,0.08682531118392944,0.9987868666648865,1.0079985857009888,,,,,,,
690,,,0.23126675188541412,,,,,,,,,,,,0.0,1.0,,0.0,0.04306729510426521,0.9983492493629456,1.0079985857009888,,,,,,,
691,,,0.1861710548400879,,,,,,,,,,,,0.0,1.0,,0.0,0.05475495755672455,0.9984661340713501,1.0079985857009888,,,,,,,
692,,,0.21411103010177612,,,,,,,,,,,,0.0,1.0,,0.0,0.14123520255088806,0.9993309378623962,1.0079985857009888,,,,,,,
693,,,0.19098931550979614,,,,,,,,,,,,0.0,1.0,,0.0,0.07873374968767166,0.9987059235572815,1.0079985857009888,,,,,,,
694,,,0.2712201476097107,,,,,,,,,,,,0.0,1.0,,0.0,0.0556207001209259,0.9984748363494873,1.0079985857009888,,,,,,,
695,,,0.1969335377216339,,,,,,,,,,,,0.0,1.0,,0.0,0.08136565238237381,0.9987322688102722,1.0079985857009888,,,,,,,
696,,,0.18666398525238037,,,,,,,,,,,,0.0,1.0,,0.0,0.05659005790948868,0.9984844923019409,1.0079985857009888,,,,,,,
697,,,0.195165753364563,,,,,,,,,,,,0.0,1.0,,0.0,0.16977013647556305,0.9996163249015808,1.0079985857009888,,,,,,,
698,,,0.16658151149749756,,,,,,,,,,,,0.0,1.0,,0.0,0.11795582622289658,0.9990981817245483,1.0079985857009888,,,,,,,
699,17.0,0.056321289390325546,0.2072649449110031,,,,,,,,,,,,0.0,1.0,0.0010000000474974513,0.0,0.056321289390325546,0.998481810092926,1.0079985857009888,,0.056321289390325546,0.056321289390325546,0.03047005459666252,0.056321289390325546,0.0,0.056321289390325546
700,,,0.19696475565433502,,,,,,,,,,,,0.0,1.0,,0.0,0.10207343101501465,0.9989393353462219,1.0079985857009888,,,,,,,
701,,,0.17524948716163635,,,,,,,,,,,,0.0,1.0,,0.0,0.09452138096094131,0.9988638162612915,1.0079985857009888,,,,,,,
702,,,0.18153661489486694,,,,,,,,,,,,0.0,1.0,,0.0,0.1291443258523941,0.9992100596427917,1.0079985857009888,,,,,,,
703,,,0.20016667246818542,,,,,,,,,,,,0.0,1.0,,0.0,0.0890733003616333,0.9988093376159668,1.0079985857009888,,,,,,,
704,,,0.15806055068969727,,,,,,,,,,,,0.0,1.0,,0.0,0.04934609308838844,0.9984120726585388,1.0079985857009888,,,,,,,
705,,,0.14626449346542358,,,,,,,,,,,,0.0,1.0,,0.0,0.0677022859454155,0.998595654964447,1.0079985857009888,,,,,,,
706,,,0.15800194442272186,,,,,,,,,,,,0.0,1.0,,0.0,0.06932375580072403,0.9986118674278259,1.0079985857009888,,,,,,,
707,,,0.17324291169643402,,,,,,,,,,,,0.0,1.0,,0.0,0.09611677378416061,0.9988797903060913,1.0079985857009888,,,,,,,
708,,,0.13919483125209808,,,,,,,,,,,,0.0,1.0,,0.0,0.043938588351011276,0.9983580112457275,1.0079985857009888,,,,,,,
709,,,0.2166578471660614,,,,,,,,,,,,0.0,1.0,,0.0,0.14075155556201935,0.9993261098861694,1.0079985857009888,,,,,,,
710,,,0.16431617736816406,,,,,,,,,,,,0.0,1.0,,0.0,0.04324246570467949,0.9983510375022888,1.0079985857009888,,,,,,,
711,,,0.16108514368534088,,,,,,,,,,,,0.0,1.0,,0.0,0.0514678992331028,0.9984332919120789,1.0079985857009888,,,,,,,
712,,,0.1544962078332901,,,,,,,,,,,,0.0,1.0,,0.0,0.047799814492464066,0.9983965754508972,1.0079985857009888,,,,,,,
713,,,0.21610935032367706,,,,,,,,,,,,0.0,1.0,,0.0,0.04184650257229805,0.9983370900154114,1.0079985857009888,,,,,,,
714,,,0.1504075825214386,,,,,,,,,,,,0.0,1.0,,0.0,0.10906744003295898,0.9990092515945435,1.0079985857009888,,,,,,,
715,,,0.16768178343772888,,,,,,,,,,,,0.0,1.0,,0.0,0.040601298213005066,0.9983246326446533,1.0079985857009888,,,,,,,
716,,,0.15961450338363647,,,,,,,,,,,,0.0,1.0,,0.0,0.048951227217912674,0.9984081387519836,1.0079985857009888,,,,,,,
717,,,0.15194499492645264,,,,,,,,,,,,0.0,1.0,,0.0,0.045440252870321274,0.9983730316162109,1.0079985857009888,,,,,,,
718,,,0.1872788518667221,,,,,,,,,,,,0.0,1.0,,0.0,0.04497705027461052,0.9983683824539185,1.0079985857009888,,,,,,,
719,17.0,0.21048381924629211,0.13095182180404663,0.09763912856578827,0.21048381924629211,0.0,0.21048381924629211,3.229829788208008,0.28089264035224915,6.760519504547119,8.972600936889648,0.9748446941375732,0.9699519276618958,0.6800456643104553,0.0,1.0,,0.0,0.18698689341545105,0.9997884631156921,1.0079985857009888,0.07574113458395004,,,,,,
720,,,0.19606178998947144,,,,,,,,,,,,0.0,1.0,,0.0,0.16751353442668915,0.9995937347412109,1.0079985857009888,,,,,,,
721,,,0.20381315052509308,,,,,,,,,,,,0.0,1.0,,0.0,0.17554734647274017,0.9996740818023682,1.0079985857009888,,,,,,,
722,,,0.20529042184352875,,,,,,,,,,,,0.0,1.0,,0.0,0.09900060296058655,0.9989086389541626,1.0079985857009888,,,,,,,
723,,,0.21693971753120422,,,,,,,,,,,,0.0,1.0,,0.0,0.1144600436091423,0.9990631937980652,1.0079985857009888,,,,,,,
724,,,0.21165618300437927,,,,,,,,,,,,0.0,1.0,,0.0,0.06517038494348526,0.9985703229904175,1.0079985857009888,,,,,,,
725,,,0.23119723796844482,,,,,,,,,,,,0.0,1.0,,0.0,0.06928014755249023,0.9986113905906677,1.0079985857009888,,,,,,,
726,,,0.17391352355480194,,,,,,,,,,,,0.0,1.0,,0.0,0.08750038594007492,0.9987936019897461,1.0079985857009888,,,,,,,
727,,,0.21707339584827423,,,,,,,,,,,,0.0,1.0,,0.0,0.0748867318034172,0.9986674785614014,1.0079985857009888,,,,,,,
728,,,0.2112208902835846,,,,,,,,,,,,0.0,1.0,,0.0,0.13112890720367432,0.999229907989502,1.0079985857009888,,,,,,,
729,,,0.25922954082489014,,,,,,,,,,,,0.0,1.0,,0.0,0.09262704849243164,0.9988448619842529,1.0079985857009888,,,,,,,
730,,,0.1977887898683548,,,,,,,,,,,,0.0,1.0,,0.0,0.06965670734643936,0.9986151456832886,1.0079985857009888,,,,,,,
731,,,0.21043920516967773,,,,,,,,,,,,0.0,1.0,,0.0,0.0741640254855156,0.9986602663993835,1.0079985857009888,,,,,,,
732,,,0.19074369966983795,,,,,,,,,,,,0.0,1.0,,0.0,0.07435257732868195,0.9986621141433716,1.0079985857009888,,,,,,,
733,,,0.2278875857591629,,,,,,,,,,,,0.0,1.0,,0.0,0.05738402158021927,0.998492419719696,1.0079985857009888,,,,,,,
734,,,0.2088954597711563,,,,,,,,,,,,0.0,1.0,,0.0,0.08630526810884476,0.998781681060791,1.0079985857009888,,,,,,,
735,,,0.18163292109966278,,,,,,,,,,,,0.0,1.0,,0.0,0.11930526047945023,0.9991116523742676,1.0079985857009888,,,,,,,
736,,,0.1849852353334427,,,,,,,,,,,,0.0,1.0,,0.0,0.06620912253856659,0.9985806941986084,1.0079985857009888,,,,,,,
737,,,0.1779835969209671,,,,,,,,,,,,0.0,1.0,,0.0,0.05693325027823448,0.9984879493713379,1.0079985857009888,,,,,,,
738,,,0.18080736696720123,,,,,,,,,,,,0.0,1.0,,0.0,0.06023021787405014,0.9985209107398987,1.0079985857009888,,,,,,,
739,,,0.19775721430778503,,,,,,,,,,,,0.0,1.0,,0.0,0.04605622589588165,0.9983791708946228,1.0079985857009888,,,,,,,
740,,,0.17408359050750732,,,,,,,,,,,,0.0,1.0,,0.0,0.07904483377933502,0.9987090826034546,1.0079985857009888,,,,,,,
741,,,0.22027048468589783,,,,,,,,,,,,0.0,1.0,,0.0,0.07487284392118454,0.9986673593521118,1.0079985857009888,,,,,,,
742,,,0.1841185986995697,,,,,,,,,,,,0.0,1.0,,0.0,0.05435757339000702,0.9984622001647949,1.0079985857009888,,,,,,,
743,,,0.19322681427001953,,,,,,,,,,,,0.0,1.0,,0.0,0.11265100538730621,0.9990451335906982,1.0079985857009888,,,,,,,
744,,,0.18876691162586212,,,,,,,,,,,,0.0,1.0,,0.0,0.11449168622493744,0.9990635514259338,1.0079985857009888,,,,,,,
745,,,0.2405574768781662,,,,,,,,,,,,0.0,1.0,,0.0,0.100208580493927,0.9989206790924072,1.0079985857009888,,,,,,,
746,,,0.17538228631019592,,,,,,,,,,,,0.0,1.0,,0.0,0.07887855172157288,0.9987074136734009,1.0079985857009888,,,,,,,
747,,,0.2016829550266266,,,,,,,,,,,,0.0,1.0,,0.0,0.11381082981824875,0.9990566968917847,1.0079985857009888,,,,,,,
748,,,0.1851411908864975,,,,,,,,,,,,0.0,1.0,,0.0,0.19172066450119019,0.9998357892036438,1.0079985857009888,,,,,,,
749,18.0,0.08158160001039505,0.1844860315322876,,,,,,,,,,,,0.0,1.0,0.0010000000474974513,0.0,0.08158160001039505,0.9987344145774841,1.0079985857009888,,0.08158160001039505,0.08158160001039505,0.045909807085990906,0.08158160001039505,0.0,0.08158160001039505
750,,,0.19495299458503723,,,,,,,,,,,,0.0,1.0,,0.0,0.16878695785999298,0.9996064901351929,1.0079985857009888,,,,,,,
751,,,0.16462492942810059,,,,,,,,,,,,0.0,1.0,,0.0,0.1687125563621521,0.9996057152748108,1.0079985857009888,,,,,,,
752,,,0.27760612964630127,,,,,,,,,,,,0.0,1.0,,0.0,0.20469683408737183,0.9999655485153198,1.0079985857009888,,,,,,,
753,,,0.2802051603794098,,,,,,,,,,,,0.0,1.0,,0.0,0.12279679626226425,0.999146580696106,1.0079985857009888,,,,,,,
754,,,0.31019437313079834,,,,,,,,,,,,0.0,1.0,,0.0,0.07097093015909195,0.9986283183097839,1.0079985857009888,,,,,,,
755,,,0.25951945781707764,,,,,,,,,,,,0.0,1.0,,0.0,0.1554027497768402,0.9994726181030273,1.0079985857009888,,,,,,,
756,,,0.29572245478630066,,,,,,,,,,,,0.0,1.0,,0.0,0.126808762550354,0.9991866946220398,1.0079985857009888,,,,,,,
757,,,0.23759593069553375,,,,,,,,,,,,0.0,1.0,,0.0,0.06282441318035126,0.998546838760376,1.0079985857009888,,,,,,,
758,,,0.3661242723464966,,,,,,,,,,,,0.0,1.0,,0.0,0.08159691840410233,0.9987345933914185,1.0079985857009888,,,,,,,
759,18.0,0.16957420110702515,0.2563127279281616,0.07684025913476944,0.16957420110702515,0.0,0.16957420110702515,2.3926596641540527,0.20620955526828766,5.325139999389648,6.780961036682129,0.9808202385902405,0.9773774147033691,0.4217541515827179,0.0,1.0,,0.0,0.2583260238170624,1.0005018711090088,1.0079985857009888,0.0976361483335495,,,,,,
760,,,0.265429824590683,,,,,,,,,,,,0.0,1.0,,0.0,0.11544587463140488,0.9990730881690979,1.0079985857009888,,,,,,,
761,,,0.1931607872247696,,,,,,,,,,,,0.0,1.0,,0.0,0.10550370067358017,0.9989736676216125,1.0079985857009888,,,,,,,
762,,,0.2330065369606018,,,,,,,,,,,,0.0,1.0,,0.0,0.07953767478466034,0.9987139701843262,1.0079985857009888,,,,,,,
763,,,0.27576929330825806,,,,,,,,,,,,0.0,1.0,,0.0,0.120713010430336,0.9991257190704346,1.0079985857009888,,,,,,,
764,,,0.283095121383667,,,,,,,,,,,,0.0,1.0,,0.0,0.1453131139278412,0.9993717074394226,1.0079985857009888,,,,,,,
765,,,0.23606765270233154,,,,,,,,,,,,0.0,1.0,,0.0,0.09216811507940292,0.9988402724266052,1.0079985857009888,,,,,,,
766,,,0.2586424648761749,,,,,,,,,,,,0.0,1.0,,0.0,0.06372673064470291,0.9985558986663818,1.0079985857009888,,,,,,,
767,,,0.27553319931030273,,,,,,,,,,,,0.0,1.0,,0.0,0.049219101667404175,0.9984108209609985,1.0079985857009888,,,,,,,
768,,,0.17040182650089264,,,,,,,,,,,,0.0,1.0,,0.0,0.07286829501390457,0.9986472725868225,1.0079985857009888,,,,,,,
769,,,0.16750217974185944,,,,,,,,,,,,0.0,1.0,,0.0,0.05489500239491463,0.9984675645828247,1.0079985857009888,,,,,,,
770,,,0.1820833384990692,,,,,,,,,,,,0.0,1.0,,0.0,0.10137367993593216,0.9989323616027832,1.0079985857009888,,,,,,,
771,,,0.18418672680854797,,,,,,,,,,,,0.0,1.0,,0.0,0.05604401230812073,0.9984790682792664,1.0079985857009888,,,,,,,
772,,,0.17034199833869934,,,,,,,,,,,,0.0,1.0,,0.0,0.0606067068874836,0.9985246658325195,1.0079985857009888,,,,,,,
773,,,0.2169952094554901,,,,,,,,,,,,0.0,1.0,,0.0,0.10581495612859726,0.9989767670631409,1.0079985857009888,,,,,,,
774,,,0.17584086954593658,,,,,,,,,,,,0.0,1.0,,0.0,0.09330382943153381,0.9988516569137573,1.0079985857009888,,,,,,,
775,,,0.18278148770332336,,,,,,,,,,,,0.0,1.0,,0.0,0.0441671684384346,0.998360276222229,1.0079985857009888,,,,,,,
776,,,0.17818951606750488,,,,,,,,,,,,0.0,1.0,,0.0,0.12930403649806976,0.9992116689682007,1.0079985857009888,,,,,,,
777,,,0.22330358624458313,,,,,,,,,,,,0.0,1.0,,0.0,0.07155384123325348,0.9986341595649719,1.0079985857009888,,,,,,,
778,,,0.16383139789104462,,,,,,,,,,,,0.0,1.0,,0.0,0.11865533888339996,0.9991051554679871,1.0079985857009888,,,,,,,
779,,,0.1856059581041336,,,,,,,,,,,,0.0,1.0,,0.0,0.13321584463119507,0.9992507696151733,1.0079985857009888,,,,,,,
780,,,0.17093293368816376,,,,,,,,,,,,0.0,1.0,,0.0,0.08368494361639023,0.9987554550170898,1.0079985857009888,,,,,,,
781,,,0.17931310832500458,,,,,,,,,,,,0.0,1.0,,0.0,0.06923727691173553,0.9986109733581543,1.0079985857009888,,,,,,,
782,,,0.1913125216960907,,,,,,,,,,,,0.0,1.0,,0.0,0.16024276614189148,0.999521017074585,1.0079985857009888,,,,,,,
783,,,0.154991015791893,,,,,,,,,,,,0.0,1.0,,0.0,0.11101168394088745,0.999028742313385,1.0079985857009888,,,,,,,
784,,,0.16668108105659485,,,,,,,,,,,,0.0,1.0,,0.0,0.05511106550693512,0.9984697103500366,1.0079985857009888,,,,,,,
785,,,0.1461430937051773,,,,,,,,,,,,0.0,1.0,,0.0,0.14273138344287872,0.9993458986282349,1.0079985857009888,,,,,,,
786,,,0.17361393570899963,,,,,,,,,,,,0.0,1.0,,0.0,0.04917549341917038,0.9984103441238403,1.0079985857009888,,,,,,,
787,,,0.1573864072561264,,,,,,,,,,,,0.0,1.0,,0.0,0.07135190069675446,0.9986321330070496,1.0079985857009888,,,,,,,
788,,,0.15059775114059448,,,,,,,,,,,,0.0,1.0,,0.0,0.11476610600948334,0.9990662932395935,1.0079985857009888,,,,,,,
789,,,0.19579601287841797,,,,,,,,,,,,0.0,1.0,,0.0,0.09869914501905441,0.998905599117279,1.0079985857009888,,,,,,,
790,,,0.1879393756389618,,,,,,,,,,,,0.0,1.0,,0.0,0.1134103313088417,0.9990527033805847,1.0079985857009888,,,,,,,
791,,,0.15681372582912445,,,,,,,,,,,,0.0,1.0,,0.0,0.06492558121681213,0.9985678791999817,1.0079985857009888,,,,,,,
792,,,0.15173164010047913,,,,,,,,,,,,0.0,1.0,,0.0,0.05109231546521187,0.998429536819458,1.0079985857009888,,,,,,,
793,,,0.1883583515882492,,,,,,,,,,,,0.0,1.0,,0.0,0.05701875314116478,0.9984887838363647,1.0079985857009888,,,,,,,
794,,,0.13198335468769073,,,,,,,,,,,,0.0,1.0,,0.0,0.047540295869112015,0.9983940124511719,1.0079985857009888,,,,,,,
795,,,0.17384298145771027,,,,,,,,,,,,0.0,1.0,,0.0,0.05084318295121193,0.9984270334243774,1.0079985857009888,,,,,,,
796,,,0.1675359010696411,,,,,,,,,,,,0.0,1.0,,0.0,0.1616111546754837,0.9995347261428833,1.0079985857009888,,,,,,,
797,,,0.13235077261924744,,,,,,,,,,,,0.0,1.0,,0.0,0.06883762031793594,0.9986069798469543,1.0079985857009888,,,,,,,
798,,,0.17122572660446167,,,,,,,,,,,,0.0,1.0,,0.0,0.1234215646982193,0.9991528391838074,1.0079985857009888,,,,,,,
799,19.0,0.21115869283676147,0.13597697019577026,0.10448309034109116,0.21115869283676147,0.0,0.21115869283676147,2.901453733444214,0.24467484652996063,6.478368759155273,8.47681999206543,0.978194534778595,0.9737823605537415,0.5183168649673462,0.0,1.0,0.0010000000474974513,0.0,0.05280672013759613,0.9984466433525085,1.0079985857009888,0.09326642751693726,0.05280672013759613,0.05280672013759613,0.08742944896221161,0.05280672013759613,0.0,0.05280672013759613
800,,,0.1717473417520523,,,,,,,,,,,,0.0,1.0,,0.0,0.086753711104393,0.9987861514091492,1.0079985857009888,,,,,,,
801,,,0.16404898464679718,,,,,,,,,,,,0.0,1.0,,0.0,0.05718602240085602,0.9984904527664185,1.0079985857009888,,,,,,,
802,,,0.1618538349866867,,,,,,,,,,,,0.0,1.0,,0.0,0.05747750774025917,0.9984933733940125,1.0079985857009888,,,,,,,
803,,,0.18309161067008972,,,,,,,,,,,,0.0,1.0,,0.0,0.06753537803888321,0.9985939860343933,1.0079985857009888,,,,,,,
804,,,0.17906807363033295,,,,,,,,,,,,0.0,1.0,,0.0,0.07962099462747574,0.998714804649353,1.0079985857009888,,,,,,,
805,,,0.22061137855052948,,,,,,,,,,,,0.0,1.0,,0.0,0.1132204532623291,0.9990507960319519,1.0079985857009888,,,,,,,
806,,,0.1471899002790451,,,,,,,,,,,,0.0,1.0,,0.0,0.043952420353889465,0.9983581304550171,1.0079985857009888,,,,,,,
807,,,0.18841984868049622,,,,,,,,,,,,0.0,1.0,,0.0,0.09336452931165695,0.9988522529602051,1.0079985857009888,,,,,,,
808,,,0.17568916082382202,,,,,,,,,,,,0.0,1.0,,0.0,0.07574285566806793,0.998676061630249,1.0079985857009888,,,,,,,
809,,,0.2243693619966507,,,,,,,,,,,,0.0,1.0,,0.0,0.07829024642705917,0.9987015128135681,1.0079985857009888,,,,,,,
810,,,0.16022849082946777,,,,,,,,,,,,0.0,1.0,,0.0,0.0645194873213768,0.998563826084137,1.0079985857009888,,,,,,,
811,,,0.18368420004844666,,,,,,,,,,,,0.0,1.0,,0.0,0.19941692054271698,0.9999127984046936,1.0079985857009888,,,,,,,
812,,,0.1749691367149353,,,,,,,,,,,,0.0,1.0,,0.0,0.06891071796417236,0.9986076951026917,1.0079985857009888,,,,,,,
813,,,0.18735508620738983,,,,,,,,,,,,0.0,1.0,,0.0,0.05846254900097847,0.9985032081604004,1.0079985857009888,,,,,,,
814,,,0.1899213045835495,,,,,,,,,,,,0.0,1.0,,0.0,0.07648196816444397,0.9986834526062012,1.0079985857009888,,,,,,,
815,,,0.1416541188955307,,,,,,,,,,,,0.0,1.0,,0.0,0.05121760815382004,0.9984307885169983,1.0079985857009888,,,,,,,
816,,,0.1936236172914505,,,,,,,,,,,,0.0,1.0,,0.0,0.043752677738666534,0.9983561038970947,1.0079985857009888,,,,,,,
817,,,0.1722172647714615,,,,,,,,,,,,0.0,1.0,,0.0,0.08952222019433975,0.998813807964325,1.0079985857009888,,,,,,,
818,,,0.19197498261928558,,,,,,,,,,,,0.0,1.0,,0.0,0.07145015895366669,0.998633086681366,1.0079985857009888,,,,,,,
819,,,0.17379307746887207,,,,,,,,,,,,0.0,1.0,,0.0,0.08562775701284409,0.9987748861312866,1.0079985857009888,,,,,,,
820,,,0.17534513771533966,,,,,,,,,,,,0.0,1.0,,0.0,0.12993428111076355,0.9992179274559021,1.0079985857009888,,,,,,,
821,,,0.2002359926700592,,,,,,,,,,,,0.0,1.0,,0.0,0.11337843537330627,0.9990524053573608,1.0079985857009888,,,,,,,
822,,,0.21122263371944427,,,,,,,,,,,,0.0,1.0,,0.0,0.05478252097964287,0.998466432094574,1.0079985857009888,,,,,,,
823,,,0.176850363612175,,,,,,,,,,,,0.0,1.0,,0.0,0.06470216810703278,0.9985656142234802,1.0079985857009888,,,,,,,
824,,,0.17415985465049744,,,,,,,,,,,,0.0,1.0,,0.0,0.16710294783115387,0.9995896220207214,1.0079985857009888,,,,,,,
825,,,0.19393819570541382,,,,,,,,,,,,0.0,1.0,,0.0,0.051561761647462845,0.9984342455863953,1.0079985857009888,,,,,,,
826,,,0.15537592768669128,,,,,,,,,,,,0.0,1.0,,0.0,0.06543358415365219,0.9985729455947876,1.0079985857009888,,,,,,,
827,,,0.19933253526687622,,,,,,,,,,,,0.0,1.0,,0.0,0.032166995108127594,0.9982402920722961,1.0079985857009888,,,,,,,
828,,,0.19559292495250702,,,,,,,,,,,,0.0,1.0,,0.0,0.06124028190970421,0.9985309839248657,1.0079985857009888,,,,,,,
829,,,0.15466780960559845,,,,,,,,,,,,0.0,1.0,,0.0,0.049017731100320816,0.9984087944030762,1.0079985857009888,,,,,,,
830,,,0.18742942810058594,,,,,,,,,,,,0.0,1.0,,0.0,0.09793375432491302,0.9988979697227478,1.0079985857009888,,,,,,,
831,,,0.16618715226650238,,,,,,,,,,,,0.0,1.0,,0.0,0.09855276346206665,0.9989041090011597,1.0079985857009888,,,,,,,
832,,,0.1737678498029709,,,,,,,,,,,,0.0,1.0,,0.0,0.0526476688683033,0.9984450936317444,1.0079985857009888,,,,,,,
833,,,0.15230973064899445,,,,,,,,,,,,0.0,1.0,,0.0,0.11360990256071091,0.9990547299385071,1.0079985857009888,,,,,,,
834,,,0.18827901780605316,,,,,,,,,,,,0.0,1.0,,0.0,0.04317152500152588,0.9983503222465515,1.0079985857009888,,,,,,,
835,,,0.1638941466808319,,,,,,,,,,,,0.0,1.0,,0.0,0.11343679577112198,0.9990530014038086,1.0079985857009888,,,,,,,
836,,,0.15776127576828003,,,,,,,,,,,,0.0,1.0,,0.0,0.11458078026771545,0.9990643858909607,1.0079985857009888,,,,,,,
837,,,0.21592749655246735,,,,,,,,,,,,0.0,1.0,,0.0,0.05709576606750488,0.9984895586967468,1.0079985857009888,,,,,,,
838,,,0.1982397586107254,,,,,,,,,,,,0.0,1.0,,0.0,0.1036512479186058,0.9989551305770874,1.0079985857009888,,,,,,,
839,20.0,0.24790526926517487,0.17174622416496277,0.11094322055578232,0.24790526926517487,0.0,0.24790526926517487,3.8826868534088135,0.34781962633132935,7.585805892944336,10.483445167541504,0.9724991917610168,0.9663518071174622,0.8158836960792542,0.0,1.0,,0.0,0.060794055461883545,0.9985265731811523,1.0079985857009888,0.08142522722482681,,,,,,
840,,,0.15744717419147491,,,,,,,,,,,,0.0,1.0,,0.0,0.09023372828960419,0.998820960521698,1.0079985857009888,,,,,,,
841,,,0.19824421405792236,,,,,,,,,,,,0.0,1.0,,0.0,0.06982056796550751,0.9986168146133423,1.0079985857009888,,,,,,,
842,,,0.14528509974479675,,,,,,,,,,,,0.0,1.0,,0.0,0.04601406306028366,0.9983787536621094,1.0079985857009888,,,,,,,
843,,,0.18213851749897003,,,,,,,,,,,,0.0,1.0,,0.0,0.0801377147436142,0.9987199902534485,1.0079985857009888,,,,,,,
844,,,0.18011020123958588,,,,,,,,,,,,0.0,1.0,,0.0,0.14849987626075745,0.9994035959243774,1.0079985857009888,,,,,,,
845,,,0.1433403640985489,,,,,,,,,,,,0.0,1.0,,0.0,0.08351042121648788,0.9987537264823914,1.0079985857009888,,,,,,,
846,,,0.1789204478263855,,,,,,,,,,,,0.0,1.0,,0.0,0.1495022177696228,0.9994136095046997,1.0079985857009888,,,,,,,
847,,,0.15439240634441376,,,,,,,,,,,,0.0,1.0,,0.0,0.06671164929866791,0.9985857009887695,1.0079985857009888,,,,,,,
848,,,0.170403853058815,,,,,,,,,,,,0.0,1.0,,0.0,0.07377757877111435,0.9986563920974731,1.0079985857009888,,,,,,,
849,21.0,0.09088122099637985,0.15535476803779602,,,,,,,,,,,,0.0,1.0,0.0010000000474974513,0.0,0.09088122099637985,0.9988273978233337,1.0079985857009888,,0.09088122099637985,0.09088122099637985,0.0491979755461216,0.09088122099637985,0.0,0.09088122099637985
850,,,0.16921159625053406,,,,,,,,,,,,0.0,1.0,,0.0,0.04107292741537094,0.9983293414115906,1.0079985857009888,,,,,,,
851,,,0.1677718162536621,,,,,,,,,,,,0.0,1.0,,0.0,0.07015763223171234,0.9986201524734497,1.0079985857009888,,,,,,,
852,,,0.16291344165802002,,,,,,,,,,,,0.0,1.0,,0.0,0.13760937750339508,0.9992946982383728,1.0079985857009888,,,,,,,
853,,,0.20806975662708282,,,,,,,,,,,,0.0,1.0,,0.0,0.08863913267850876,0.9988049864768982,1.0079985857009888,,,,,,,
854,,,0.17542625963687897,,,,,,,,,,,,0.0,1.0,,0.0,0.04417037591338158,0.9983603358268738,1.0079985857009888,,,,,,,
855,,,0.17332641780376434,,,,,,,,,,,,0.0,1.0,,0.0,0.055748723447322845,0.9984760880470276,1.0079985857009888,,,,,,,
856,,,0.1619359254837036,,,,,,,,,,,,0.0,1.0,,0.0,0.0700068399310112,0.9986186623573303,1.0079985857009888,,,,,,,
857,,,0.20868465304374695,,,,,,,,,,,,0.0,1.0,,0.0,0.07597803324460983,0.9986783862113953,1.0079985857009888,,,,,,,
858,,,0.15380656719207764,,,,,,,,,,,,0.0,1.0,,0.0,0.056040208786726,0.9984790086746216,1.0079985857009888,,,,,,,
859,,,0.19025763869285583,,,,,,,,,,,,0.0,1.0,,0.0,0.09427987784147263,0.9988614320755005,1.0079985857009888,,,,,,,
860,,,0.1777237206697464,,,,,,,,,,,,0.0,1.0,,0.0,0.09705229103565216,0.998889148235321,1.0079985857009888,,,,,,,
861,,,0.16829168796539307,,,,,,,,,,,,0.0,1.0,,0.0,0.08465348929166794,0.9987651109695435,1.0079985857009888,,,,,,,
862,,,0.17722241580486298,,,,,,,,,,,,0.0,1.0,,0.0,0.0489780493080616,0.9984083771705627,1.0079985857009888,,,,,,,
863,,,0.15051989257335663,,,,,,,,,,,,0.0,1.0,,0.0,0.04325755685567856,0.9983511567115784,1.0079985857009888,,,,,,,
864,,,0.1711214780807495,,,,,,,,,,,,0.0,1.0,,0.0,0.06463471055030823,0.9985649585723877,1.0079985857009888,,,,,,,
865,,,0.15271307528018951,,,,,,,,,,,,0.0,1.0,,0.0,0.056008316576480865,0.9984787106513977,1.0079985857009888,,,,,,,
866,,,0.15989568829536438,,,,,,,,,,,,0.0,1.0,,0.0,0.08719004690647125,0.9987905025482178,1.0079985857009888,,,,,,,
867,,,0.17043854296207428,,,,,,,,,,,,0.0,1.0,,0.0,0.07021640986204147,0.9986207485198975,1.0079985857009888,,,,,,,
868,,,0.15409651398658752,,,,,,,,,,,,0.0,1.0,,0.0,0.05088811367750168,0.9984275102615356,1.0079985857009888,,,,,,,
869,,,0.2171531319618225,,,,,,,,,,,,0.0,1.0,,0.0,0.052971094846725464,0.9984483122825623,1.0079985857009888,,,,,,,
870,,,0.17595259845256805,,,,,,,,,,,,0.0,1.0,,0.0,0.04111209139227867,0.9983296990394592,1.0079985857009888,,,,,,,
871,,,0.1656339019536972,,,,,,,,,,,,0.0,1.0,,0.0,0.051896728575229645,0.9984375834465027,1.0079985857009888,,,,,,,
872,,,0.16400931775569916,,,,,,,,,,,,0.0,1.0,,0.0,0.1128019168972969,0.9990466237068176,1.0079985857009888,,,,,,,
873,,,0.20227926969528198,,,,,,,,,,,,0.0,1.0,,0.0,0.07248464226722717,0.9986434578895569,1.0079985857009888,,,,,,,
874,,,0.14817962050437927,,,,,,,,,,,,0.0,1.0,,0.0,0.1072683036327362,0.9989913105964661,1.0079985857009888,,,,,,,
875,,,0.1841585636138916,,,,,,,,,,,,0.0,1.0,,0.0,0.09659510850906372,0.9988845586776733,1.0079985857009888,,,,,,,
876,,,0.16793546080589294,,,,,,,,,,,,0.0,1.0,,0.0,0.10920919477939606,0.9990106821060181,1.0079985857009888,,,,,,,
877,,,0.142945796251297,,,,,,,,,,,,0.0,1.0,,0.0,0.10945233702659607,0.9990131258964539,1.0079985857009888,,,,,,,
878,,,0.1877753585577011,,,,,,,,,,,,0.0,1.0,,0.0,0.06478004157543182,0.9985663890838623,1.0079985857009888,,,,,,,
879,21.0,0.2688256502151489,0.13690637052059174,0.1261955350637436,0.2688256502151489,0.0,0.2688256502151489,3.1372804641723633,0.27552834153175354,6.552745342254639,8.646160125732422,0.9776202440261841,0.9723966717720032,0.5174863934516907,0.0,1.0,,0.0,0.11517401039600372,0.9990703463554382,1.0079985857009888,0.08366811275482178,,,,,,
880,,,0.1848779171705246,,,,,,,,,,,,0.0,1.0,,0.0,0.06315577030181885,0.9985501766204834,1.0079985857009888,,,,,,,
881,,,0.1712409257888794,,,,,,,,,,,,0.0,1.0,,0.0,0.06583122164011002,0.9985769391059875,1.0079985857009888,,,,,,,
882,,,0.20802511274814606,,,,,,,,,,,,0.0,1.0,,0.0,0.06238408386707306,0.9985424280166626,1.0079985857009888,,,,,,,
883,,,0.16801565885543823,,,,,,,,,,,,0.0,1.0,,0.0,0.09958115220069885,0.9989144206047058,1.0079985857009888,,,,,,,
884,,,0.19368144869804382,,,,,,,,,,,,0.0,1.0,,0.0,0.07471995055675507,0.9986658096313477,1.0079985857009888,,,,,,,
885,,,0.20966316759586334,,,,,,,,,,,,0.0,1.0,,0.0,0.09288424253463745,0.9988474249839783,1.0079985857009888,,,,,,,
886,,,0.24027188122272491,,,,,,,,,,,,0.0,1.0,,0.0,0.06555548310279846,0.9985741376876831,1.0079985857009888,,,,,,,
887,,,0.18253418803215027,,,,,,,,,,,,0.0,1.0,,0.0,0.086258664727211,0.9987812042236328,1.0079985857009888,,,,,,,
888,,,0.16654932498931885,,,,,,,,,,,,0.0,1.0,,0.0,0.05035773664712906,0.9984222054481506,1.0079985857009888,,,,,,,
889,,,0.1920657604932785,,,,,,,,,,,,0.0,1.0,,0.0,0.04294343292713165,0.99834805727005,1.0079985857009888,,,,,,,
890,,,0.14671090245246887,,,,,,,,,,,,0.0,1.0,,0.0,0.13486281037330627,0.9992672204971313,1.0079985857009888,,,,,,,
891,,,0.19392098486423492,,,,,,,,,,,,0.0,1.0,,0.0,0.074150450527668,0.9986600875854492,1.0079985857009888,,,,,,,
892,,,0.18566597998142242,,,,,,,,,,,,0.0,1.0,,0.0,0.06082243472337723,0.9985268115997314,1.0079985857009888,,,,,,,
893,,,0.1568329930305481,,,,,,,,,,,,0.0,1.0,,0.0,0.08432713896036148,0.9987618923187256,1.0079985857009888,,,,,,,
894,,,0.18078848719596863,,,,,,,,,,,,0.0,1.0,,0.0,0.061880599707365036,0.9985374212265015,1.0079985857009888,,,,,,,
895,,,0.17175927758216858,,,,,,,,,,,,0.0,1.0,,0.0,0.1045561358332634,0.9989641904830933,1.0079985857009888,,,,,,,
896,,,0.16052396595478058,,,,,,,,,,,,0.0,1.0,,0.0,0.07806504517793655,0.9986992478370667,1.0079985857009888,,,,,,,
897,,,0.1399282068014145,,,,,,,,,,,,0.0,1.0,,0.0,0.11524000018835068,0.9990710020065308,1.0079985857009888,,,,,,,
898,,,0.14520879089832306,,,,,,,,,,,,0.0,1.0,,0.0,0.26648393273353577,1.0005834102630615,1.0079985857009888,,,,,,,
899,22.0,0.117946095764637,0.1600371152162552,,,,,,,,,,,,0.0,1.0,0.0010000000474974513,0.0,0.117946095764637,0.9990980625152588,1.0079985857009888,,0.117946095764637,0.117946095764637,0.0746154934167862,0.117946095764637,0.0,0.117946095764637
900,,,0.15310446918010712,,,,,,,,,,,,0.0,1.0,,0.0,0.10150237381458282,0.9989336133003235,1.0079985857009888,,,,,,,
901,,,0.18647310137748718,,,,,,,,,,,,0.0,1.0,,0.0,0.06059617921710014,0.99852454662323,1.0079985857009888,,,,,,,
902,,,0.14898590743541718,,,,,,,,,,,,0.0,1.0,,0.0,0.05772816389799118,0.998495876789093,1.0079985857009888,,,,,,,
903,,,0.15738524496555328,,,,,,,,,,,,0.0,1.0,,0.0,0.09583757817745209,0.9988769888877869,1.0079985857009888,,,,,,,
904,,,0.14722371101379395,,,,,,,,,,,,0.0,1.0,,0.0,0.09821150451898575,0.9989007115364075,1.0079985857009888,,,,,,,
905,,,0.18402324616909027,,,,,,,,,,,,0.0,1.0,,0.0,0.07259484380483627,0.9986445307731628,1.0079985857009888,,,,,,,
906,,,0.133248433470726,,,,,,,,,,,,0.0,1.0,,0.0,0.08180642873048782,0.9987366795539856,1.0079985857009888,,,,,,,
907,,,0.17679832875728607,,,,,,,,,,,,0.0,1.0,,0.0,0.13874836266040802,0.9993060827255249,1.0079985857009888,,,,,,,
908,,,0.16669273376464844,,,,,,,,,,,,0.0,1.0,,0.0,0.10193800926208496,0.9989379644393921,1.0079985857009888,,,,,,,
909,,,0.14969372749328613,,,,,,,,,,,,0.0,1.0,,0.0,0.07098326832056046,0.9986284375190735,1.0079985857009888,,,,,,,
910,,,0.1649617999792099,,,,,,,,,,,,0.0,1.0,,0.0,0.12143652886152267,0.9991329908370972,1.0079985857009888,,,,,,,
911,,,0.1290028840303421,,,,,,,,,,,,0.0,1.0,,0.0,0.11838559061288834,0.9991024732589722,1.0079985857009888,,,,,,,
912,,,0.2183530479669571,,,,,,,,,,,,0.0,1.0,,0.0,0.06532096862792969,0.9985718131065369,1.0079985857009888,,,,,,,
913,,,0.23106880486011505,,,,,,,,,,,,0.0,1.0,,0.0,0.058798957616090775,0.9985066056251526,1.0079985857009888,,,,,,,
914,,,0.275361031293869,,,,,,,,,,,,0.0,1.0,,0.0,0.05255154147744179,0.998444139957428,1.0079985857009888,,,,,,,
915,,,0.20342490077018738,,,,,,,,,,,,0.0,1.0,,0.0,0.09801363199949265,0.9988987445831299,1.0079985857009888,,,,,,,
916,,,0.2808060646057129,,,,,,,,,,,,0.0,1.0,,0.0,0.044400978833436966,0.9983626008033752,1.0079985857009888,,,,,,,
917,,,0.18529073894023895,,,,,,,,,,,,0.0,1.0,,0.0,0.06282567977905273,0.998546838760376,1.0079985857009888,,,,,,,
918,,,0.3457762598991394,,,,,,,,,,,,0.0,1.0,,0.0,0.04822433739900589,0.998400866985321,1.0079985857009888,,,,,,,
919,22.0,0.18611586093902588,0.2231508046388626,0.09424078464508057,0.18611586093902588,0.0,0.18611586093902588,3.1165952682495117,0.2648542523384094,6.606466770172119,8.687653541564941,0.9751049876213074,0.9703747630119324,0.641048789024353,0.0,1.0,,0.0,0.08782422542572021,0.998796820640564,1.0079985857009888,0.08787248283624649,,,,,,
920,,,0.20774570107460022,,,,,,,,,,,,0.0,1.0,,0.0,0.042813632637262344,0.998346745967865,1.0079985857009888,,,,,,,
921,,,0.15609867870807648,,,,,,,,,,,,0.0,1.0,,0.0,0.05825908109545708,0.998501181602478,1.0079985857009888,,,,,,,
922,,,0.16483251750469208,,,,,,,,,,,,0.0,1.0,,0.0,0.0656072199344635,0.9985746741294861,1.0079985857009888,,,,,,,
923,,,0.21423056721687317,,,,,,,,,,,,0.0,1.0,,0.0,0.05488335341215134,0.9984674453735352,1.0079985857009888,,,,,,,
924,,,0.2086355835199356,,,,,,,,,,,,0.0,1.0,,0.0,0.07141812145709991,0.9986327886581421,1.0079985857009888,,,,,,,
925,,,0.20306932926177979,,,,,,,,,,,,0.0,1.0,,0.0,0.05102710425853729,0.9984288811683655,1.0079985857009888,,,,,,,
926,,,0.19333775341510773,,,,,,,,,,,,0.0,1.0,,0.0,0.03830540180206299,0.9983016848564148,1.0079985857009888,,,,,,,
927,,,0.22534364461898804,,,,,,,,,,,,0.0,1.0,,0.0,0.049038417637348175,0.9984089732170105,1.0079985857009888,,,,,,,
928,,,0.18675081431865692,,,,,,,,,,,,0.0,1.0,,0.0,0.1307990550994873,0.9992265701293945,1.0079985857009888,,,,,,,
929,,,0.18890662491321564,,,,,,,,,,,,0.0,1.0,,0.0,0.06959876418113708,0.9986146092414856,1.0079985857009888,,,,,,,
930,,,0.2183160036802292,,,,,,,,,,,,0.0,1.0,,0.0,0.04585320129990578,0.9983771443367004,1.0079985857009888,,,,,,,
931,,,0.17916977405548096,,,,,,,,,,,,0.0,1.0,,0.0,0.039244115352630615,0.9983110427856445,1.0079985857009888,,,,,,,
932,,,0.2333425134420395,,,,,,,,,,,,0.0,1.0,,0.0,0.04513130709528923,0.9983699321746826,1.0079985857009888,,,,,,,
933,,,0.206711083650589,,,,,,,,,,,,0.0,1.0,,0.0,0.04192820191383362,0.9983378648757935,1.0079985857009888,,,,,,,
934,,,0.2829587161540985,,,,,,,,,,,,0.0,1.0,,0.0,0.04726614058017731,0.9983912706375122,1.0079985857009888,,,,,,,
935,,,0.18922600150108337,,,,,,,,,,,,0.0,1.0,,0.0,0.23702898621559143,1.0002888441085815,1.0079985857009888,,,,,,,
936,,,0.17670294642448425,,,,,,,,,,,,0.0,1.0,,0.0,0.04628516361117363,0.9983814358711243,1.0079985857009888,,,,,,,
937,,,0.18343868851661682,,,,,,,,,,,,0.0,1.0,,0.0,0.09069934487342834,0.9988256096839905,1.0079985857009888,,,,,,,
938,,,0.15221887826919556,,,,,,,,,,,,0.0,1.0,,0.0,0.04263754189014435,0.9983449578285217,1.0079985857009888,,,,,,,
939,,,0.19652311503887177,,,,,,,,,,,,0.0,1.0,,0.0,0.12868522107601166,0.999205470085144,1.0079985857009888,,,,,,,
940,,,0.189370259642601,,,,,,,,,,,,0.0,1.0,,0.0,0.050389718264341354,0.9984225034713745,1.0079985857009888,,,,,,,
941,,,0.17347471415996552,,,,,,,,,,,,0.0,1.0,,0.0,0.06676239520311356,0.9985862374305725,1.0079985857009888,,,,,,,
942,,,0.1847153902053833,,,,,,,,,,,,0.0,1.0,,0.0,0.08089980483055115,0.9987276196479797,1.0079985857009888,,,,,,,
943,,,0.1866360902786255,,,,,,,,,,,,0.0,1.0,,0.0,0.09153559803962708,0.998833954334259,1.0079985857009888,,,,,,,
944,,,0.17367491126060486,,,,,,,,,,,,0.0,1.0,,0.0,0.0497165247797966,0.9984157681465149,1.0079985857009888,,,,,,,
945,,,0.1805036962032318,,,,,,,,,,,,0.0,1.0,,0.0,0.0659056082367897,0.9985776543617249,1.0079985857009888,,,,,,,
946,,,0.16620291769504547,,,,,,,,,,,,0.0,1.0,,0.0,0.05675627663731575,0.9984861612319946,1.0079985857009888,,,,,,,
947,,,0.19279919564723969,,,,,,,,,,,,0.0,1.0,,0.0,0.052702438086271286,0.9984456300735474,1.0079985857009888,,,,,,,
948,,,0.19255731999874115,,,,,,,,,,,,0.0,1.0,,0.0,0.06443283706903458,0.9985629320144653,1.0079985857009888,,,,,,,
949,23.0,0.03329339995980263,0.22589008510112762,,,,,,,,,,,,0.0,1.0,0.0010000000474974513,0.0,0.03329339995980263,0.9982515573501587,1.0079985857009888,,0.03329339995980263,0.03329339995980263,0.04081905260682106,0.03329339995980263,0.0,0.03329339995980263
950,,,0.14090117812156677,,,,,,,,,,,,0.0,1.0,,0.0,0.03912803903222084,0.9983099102973938,1.0079985857009888,,,,,,,
951,,,0.1823444962501526,,,,,,,,,,,,0.0,1.0,,0.0,0.066319540143013,0.9985818266868591,1.0079985857009888,,,,,,,
952,,,0.18630830943584442,,,,,,,,,,,,0.0,1.0,,0.0,0.05431647598743439,0.9984617829322815,1.0079985857009888,,,,,,,
953,,,0.2231484204530716,,,,,,,,,,,,0.0,1.0,,0.0,0.10410869121551514,0.9989597201347351,1.0079985857009888,,,,,,,
954,,,0.1692543774843216,,,,,,,,,,,,0.0,1.0,,0.0,0.1813051402568817,0.9997316598892212,1.0079985857009888,,,,,,,
955,,,0.19083622097969055,,,,,,,,,,,,0.0,1.0,,0.0,0.09855706989765167,0.9989041686058044,1.0079985857009888,,,,,,,
956,,,0.17465585470199585,,,,,,,,,,,,0.0,1.0,,0.0,0.052954018115997314,0.9984481334686279,1.0079985857009888,,,,,,,
957,,,0.1989096701145172,,,,,,,,,,,,0.0,1.0,,0.0,0.05292230844497681,0.998447835445404,1.0079985857009888,,,,,,,
958,,,0.1992897093296051,,,,,,,,,,,,0.0,1.0,,0.0,0.040062788873910904,0.9983192086219788,1.0079985857009888,,,,,,,
959,23.0,0.22996607422828674,0.15416626632213593,0.10965868830680847,0.22996607422828674,0.0,0.22996607422828674,3.134148120880127,0.2666266858577728,6.822100639343262,9.04918098449707,0.9751599431037903,0.97049880027771,0.6994406580924988,0.0,1.0,,0.0,0.0442325733602047,0.9983609318733215,1.0079985857009888,0.0733114555478096,,,,,,
960,,,0.20344746112823486,,,,,,,,,,,,0.0,1.0,,0.0,0.17732034623622894,0.9996917843818665,1.0079985857009888,,,,,,,
961,,,0.19404810667037964,,,,,,,,,,,,0.0,1.0,,0.0,0.05432911962270737,0.998461902141571,1.0079985857009888,,,,,,,
962,,,0.18543285131454468,,,,,,,,,,,,0.0,1.0,,0.0,0.05343835800886154,0.9984529614448547,1.0079985857009888,,,,,,,
963,,,0.21554367244243622,,,,,,,,,,,,0.0,1.0,,0.0,0.14211571216583252,0.999339759349823,1.0079985857009888,,,,,,,
964,,,0.2071627378463745,,,,,,,,,,,,0.0,1.0,,0.0,0.04146704450249672,0.9983332753181458,1.0079985857009888,,,,,,,
965,,,0.24528440833091736,,,,,,,,,,,,0.0,1.0,,0.0,0.19629164040088654,0.9998815059661865,1.0079985857009888,,,,,,,
966,,,0.14876024425029755,,,,,,,,,,,,0.0,1.0,,0.0,0.04586935415863991,0.9983773231506348,1.0079985857009888,,,,,,,
967,,,0.19998526573181152,,,,,,,,,,,,0.0,1.0,,0.0,0.04590381681919098,0.9983776211738586,1.0079985857009888,,,,,,,
968,,,0.20662367343902588,,,,,,,,,,,,0.0,1.0,,0.0,0.0486038476228714,0.9984046220779419,1.0079985857009888,,,,,,,
969,,,0.24874606728553772,,,,,,,,,,,,0.0,1.0,,0.0,0.07263322919607162,0.9986449480056763,1.0079985857009888,,,,,,,
970,,,0.1854851245880127,,,,,,,,,,,,0.0,1.0,,0.0,0.08681751042604446,0.9987868070602417,1.0079985857009888,,,,,,,
971,,,0.19189369678497314,,,,,,,,,,,,0.0,1.0,,0.0,0.05659536272287369,0.9984845519065857,1.0079985857009888,,,,,,,
972,,,0.17405734956264496,,,,,,,,,,,,0.0,1.0,,0.0,0.08658014237880707,0.9987844228744507,1.0079985857009888,,,,,,,
973,,,0.2120172530412674,,,,,,,,,,,,0.0,1.0,,0.0,0.20551399886608124,0.9999737739562988,1.0079985857009888,,,,,,,
974,,,0.22418341040611267,,,,,,,,,,,,0.0,1.0,,0.0,0.05421214923262596,0.9984607100486755,1.0079985857009888,,,,,,,
975,,,0.17620447278022766,,,,,,,,,,,,0.0,1.0,,0.0,0.04209458827972412,0.9983395338058472,1.0079985857009888,,,,,,,
976,,,0.1823560744524002,,,,,,,,,,,,0.0,1.0,,0.0,0.0909084677696228,0.9988276958465576,1.0079985857009888,,,,,,,
977,,,0.16307204961776733,,,,,,,,,,,,0.0,1.0,,0.0,0.17388901114463806,0.9996575117111206,1.0079985857009888,,,,,,,
978,,,0.18756447732448578,,,,,,,,,,,,0.0,1.0,,0.0,0.05669877678155899,0.9984855651855469,1.0079985857009888,,,,,,,
979,,,0.1861851066350937,,,,,,,,,,,,0.0,1.0,,0.0,0.06288274377584457,0.9985474348068237,1.0079985857009888,,,,,,,
980,,,0.16948887705802917,,,,,,,,,,,,0.0,1.0,,0.0,0.06514305621385574,0.9985700249671936,1.0079985857009888,,,,,,,
981,,,0.22736695408821106,,,,,,,,,,,,0.0,1.0,,0.0,0.040684059262275696,0.9983254671096802,1.0079985857009888,,,,,,,
982,,,0.2031216025352478,,,,,,,,,,,,0.0,1.0,,0.0,0.10572454333305359,0.9989758729934692,1.0079985857009888,,,,,,,
983,,,0.1805848926305771,,,,,,,,,,,,0.0,1.0,,0.0,0.04382338747382164,0.998356819152832,1.0079985857009888,,,,,,,
984,,,0.1777689903974533,,,,,,,,,,,,0.0,1.0,,0.0,0.043802257627248764,0.9983566403388977,1.0079985857009888,,,,,,,
985,,,0.23444510996341705,,,,,,,,,,,,0.0,1.0,,0.0,0.045799050480127335,0.9983766078948975,1.0079985857009888,,,,,,,
986,,,0.16750000417232513,,,,,,,,,,,,0.0,1.0,,0.0,0.03617829456925392,0.99828040599823,1.0079985857009888,,,,,,,
987,,,0.18763290345668793,,,,,,,,,,,,0.0,1.0,,0.0,0.15338437259197235,0.9994524717330933,1.0079985857009888,,,,,,,
988,,,0.1766372174024582,,,,,,,,,,,,0.0,1.0,,0.0,0.08948952704668045,0.9988135099411011,1.0079985857009888,,,,,,,
989,,,0.16606049239635468,,,,,,,,,,,,0.0,1.0,,0.0,0.09420304745435715,0.9988606572151184,1.0079985857009888,,,,,,,
990,,,0.2029011845588684,,,,,,,,,,,,0.0,1.0,,0.0,0.12424280494451523,0.9991610050201416,1.0079985857009888,,,,,,,
991,,,0.15976697206497192,,,,,,,,,,,,0.0,1.0,,0.0,0.05268341675400734,0.998445451259613,1.0079985857009888,,,,,,,
992,,,0.17357493937015533,,,,,,,,,,,,0.0,1.0,,0.0,0.1592225879430771,0.9995108246803284,1.0079985857009888,,,,,,,
993,,,0.22700966894626617,,,,,,,,,,,,0.0,1.0,,0.0,0.08991282433271408,0.9988177418708801,1.0079985857009888,,,,,,,
994,,,0.2733677923679352,,,,,,,,,,,,0.0,1.0,,0.0,0.0583026148378849,0.9985016584396362,1.0079985857009888,,,,,,,
995,,,0.17224128544330597,,,,,,,,,,,,0.0,1.0,,0.0,0.0874612107872963,0.9987932443618774,1.0079985857009888,,,,,,,
996,,,0.2992458641529083,,,,,,,,,,,,0.0,1.0,,0.0,0.061506059020757675,0.9985336661338806,1.0079985857009888,,,,,,,
997,,,0.16726049780845642,,,,,,,,,,,,0.0,1.0,,0.0,0.06217239052057266,0.9985403418540955,1.0079985857009888,,,,,,,
998,,,0.3807688057422638,,,,,,,,,,,,0.0,1.0,,0.0,0.09108059108257294,0.9988294243812561,1.0079985857009888,,,,,,,
999,24.0,0.20276407897472382,0.2051258683204651,0.09144759178161621,0.20276407897472382,0.0,0.20276407897472382,3.1349780559539795,0.2740285098552704,6.4558210372924805,8.48733901977539,0.9749934673309326,0.9702811241149902,0.6297817826271057,0.0,1.0,0.0010000000474974513,0.0,0.09748779237270355,0.9988934993743896,1.0079985857009888,0.0794990062713623,0.09748779237270355,0.09748779237270355,0.0324510894715786,0.09748779237270355,0.0,0.09748779237270355
1000,,,0.18834052979946136,,,,,,,,,,,,0.0,1.0,,0.0,0.05690108612179756,0.9984875917434692,1.0079985857009888,,,,,,,
1001,,,0.14803306758403778,,,,,,,,,,,,0.0,1.0,,0.0,0.0725182592868805,0.9986438155174255,1.0079985857009888,,,,,,,
1002,,,0.1582227647304535,,,,,,,,,,,,0.0,1.0,,0.0,0.05497756227850914,0.9984683990478516,1.0079985857009888,,,,,,,
1003,,,0.1628255546092987,,,,,,,,,,,,0.0,1.0,,0.0,0.16164018213748932,0.9995350241661072,1.0079985857009888,,,,,,,
1004,,,0.1646675318479538,,,,,,,,,,,,0.0,1.0,,0.0,0.04143993929028511,0.9983329772949219,1.0079985857009888,,,,,,,
1005,,,0.22393454611301422,,,,,,,,,,,,0.0,1.0,,0.0,0.05048723891377449,0.9984234571456909,1.0079985857009888,,,,,,,
1006,,,0.15035469830036163,,,,,,,,,,,,0.0,1.0,,0.0,0.14578746259212494,0.9993764758110046,1.0079985857009888,,,,,,,
1007,,,0.23094193637371063,,,,,,,,,,,,0.0,1.0,,0.0,0.06728516519069672,0.9985914826393127,1.0079985857009888,,,,,,,
1008,,,0.1584482491016388,,,,,,,,,,,,0.0,1.0,,0.0,0.053869783878326416,0.9984573125839233,1.0079985857009888,,,,,,,
1009,,,0.13025301694869995,,,,,,,,,,,,0.0,1.0,,0.0,0.06356892734766006,0.9985542893409729,1.0079985857009888,,,,,,,
1010,,,0.15191183984279633,,,,,,,,,,,,0.0,1.0,,0.0,0.06968152523040771,0.9986154437065125,1.0079985857009888,,,,,,,
1011,,,0.1653689444065094,,,,,,,,,,,,0.0,1.0,,0.0,0.04147959128022194,0.9983333945274353,1.0079985857009888,,,,,,,
1012,,,0.15543702244758606,,,,,,,,,,,,0.0,1.0,,0.0,0.03879135474562645,0.9983065128326416,1.0079985857009888,,,,,,,
1013,,,0.22046230733394623,,,,,,,,,,,,0.0,1.0,,0.0,0.09918820858001709,0.9989104866981506,1.0079985857009888,,,,,,,
1014,,,0.2012593150138855,,,,,,,,,,,,0.0,1.0,,0.0,0.14998884499073029,0.9994184970855713,1.0079985857009888,,,,,,,
1015,,,0.13794207572937012,,,,,,,,,,,,0.0,1.0,,0.0,0.05300019308924675,0.9984486103057861,1.0079985857009888,,,,,,,
1016,,,0.14533716440200806,,,,,,,,,,,,0.0,1.0,,0.0,0.07918815314769745,0.9987105131149292,1.0079985857009888,,,,,,,
1017,,,0.19243724644184113,,,,,,,,,,,,0.0,1.0,,0.0,0.10981931537389755,0.9990168213844299,1.0079985857009888,,,,,,,
1018,,,0.1340898722410202,,,,,,,,,,,,0.0,1.0,,0.0,0.0847032219171524,0.9987656474113464,1.0079985857009888,,,,,,,
1019,,,0.17457270622253418,,,,,,,,,,,,0.0,1.0,,0.0,0.14261698722839355,0.9993447661399841,1.0079985857009888,,,,,,,
1020,,,0.15670697391033173,,,,,,,,,,,,0.0,1.0,,0.0,0.07287872582674026,0.9986473917961121,1.0079985857009888,,,,,,,
1021,,,0.11010082811117172,,,,,,,,,,,,0.0,1.0,,0.0,0.09860661625862122,0.9989046454429626,1.0079985857009888,,,,,,,
1022,,,0.192525714635849,,,,,,,,,,,,0.0,1.0,,0.0,0.08835280686616898,0.998802125453949,1.0079985857009888,,,,,,,
1023,,,0.11573918908834457,,,,,,,,,,,,0.0,1.0,,0.0,0.08057154715061188,0.9987243413925171,1.0079985857009888,,,,,,,
1024,,,0.14910854399204254,,,,,,,,,,,,0.0,1.0,,0.0,0.09526287764310837,0.9988712072372437,1.0079985857009888,,,,,,,
1025,,,0.13895180821418762,,,,,,,,,,,,0.0,1.0,,0.0,0.043498795479536057,0.9983536005020142,1.0079985857009888,,,,,,,
1026,,,0.1754012554883957,,,,,,,,,,,,0.0,1.0,,0.0,0.09539750963449478,0.9988725781440735,1.0079985857009888,,,,,,,
1027,,,0.13949266076087952,,,,,,,,,,,,0.0,1.0,,0.0,0.11160548776388168,0.9990346431732178,1.0079985857009888,,,,,,,
1028,,,0.1838446408510208,,,,,,,,,,,,0.0,1.0,,0.0,0.06220943108201027,0.9985406994819641,1.0079985857009888,,,,,,,
1029,,,0.18209800124168396,,,,,,,,,,,,0.0,1.0,,0.0,0.05965419486165047,0.9985151290893555,1.0079985857009888,,,,,,,
1030,,,0.24235233664512634,,,,,,,,,,,,0.0,1.0,,0.0,0.1141539216041565,0.9990601539611816,1.0079985857009888,,,,,,,
1031,,,0.14179176092147827,,,,,,,,,,,,0.0,1.0,,0.0,0.07210668921470642,0.9986396431922913,1.0079985857009888,,,,,,,
1032,,,0.1264691948890686,,,,,,,,,,,,0.0,1.0,,0.0,0.07998918741941452,0.9987185001373291,1.0079985857009888,,,,,,,
1033,,,0.17000137269496918,,,,,,,,,,,,0.0,1.0,,0.0,0.11043383181095123,0.9990229606628418,1.0079985857009888,,,,,,,
1034,,,0.11438548564910889,,,,,,,,,,,,0.0,1.0,,0.0,0.06358977407217026,0.998554527759552,1.0079985857009888,,,,,,,
1035,,,0.14851433038711548,,,,,,,,,,,,0.0,1.0,,0.0,0.05767045170068741,0.9984952807426453,1.0079985857009888,,,,,,,
1036,,,0.15015099942684174,,,,,,,,,,,,0.0,1.0,,0.0,0.07009796798229218,0.998619556427002,1.0079985857009888,,,,,,,
1037,,,0.13091391324996948,,,,,,,,,,,,0.0,1.0,,0.0,0.06363741308450699,0.9985550045967102,1.0079985857009888,,,,,,,
1038,,,0.1541084200143814,,,,,,,,,,,,0.0,1.0,,0.0,0.1083943173289299,0.9990025758743286,1.0079985857009888,,,,,,,
1039,25.0,0.22262230515480042,0.13374269008636475,0.10784735530614853,0.22262230515480042,0.0,0.22262230515480042,3.622699499130249,0.32100358605384827,7.1972246170043945,9.806924819946289,0.9732325673103333,0.9674721360206604,0.7630816698074341,0.0,1.0,,0.0,0.08283931761980057,0.9987469911575317,1.0079985857009888,0.08878620713949203,,,,,,
1040,,,0.1542709916830063,,,,,,,,,,,,0.0,1.0,,0.0,0.07006176561117172,0.9986191987991333,1.0079985857009888,,,,,,,
1041,,,0.13756594061851501,,,,,,,,,,,,0.0,1.0,,0.0,0.13609103858470917,0.9992794990539551,1.0079985857009888,,,,,,,
1042,,,0.14821214973926544,,,,,,,,,,,,0.0,1.0,,0.0,0.06738127768039703,0.9985924363136292,1.0079985857009888,,,,,,,
1043,,,0.17065604031085968,,,,,,,,,,,,0.0,1.0,,0.0,0.08647496998310089,0.9987833499908447,1.0079985857009888,,,,,,,
1044,,,0.1315937489271164,,,,,,,,,,,,0.0,1.0,,0.0,0.06922028958797455,0.99861079454422,1.0079985857009888,,,,,,,
1045,,,0.21749211847782135,,,,,,,,,,,,0.0,1.0,,0.0,0.09118549525737762,0.9988304376602173,1.0079985857009888,,,,,,,
1046,,,0.16678635776042938,,,,,,,,,,,,0.0,1.0,,0.0,0.10567520558834076,0.9989753365516663,1.0079985857009888,,,,,,,
1047,,,0.1515636444091797,,,,,,,,,,,,0.0,1.0,,0.0,0.08564115315675735,0.9987750053405762,1.0079985857009888,,,,,,,
1048,,,0.15278804302215576,,,,,,,,,,,,0.0,1.0,,0.0,0.03183181211352348,0.998236894607544,1.0079985857009888,,,,,,,
1049,26.0,0.05341722443699837,0.2024608850479126,,,,,,,,,,,,0.0,1.0,0.0010000000474974513,0.0,0.05341722443699837,0.9984527826309204,1.0079985857009888,,0.05341722443699837,0.05341722443699837,0.05518302321434021,0.05341722443699837,0.0,0.05341722443699837
1050,,,0.13612987101078033,,,,,,,,,,,,0.0,1.0,,0.0,0.1376534104347229,0.9992951154708862,1.0079985857009888,,,,,,,
1051,,,0.17167451977729797,,,,,,,,,,,,0.0,1.0,,0.0,0.05461183562874794,0.9984647035598755,1.0079985857009888,,,,,,,
1052,,,0.1613657921552658,,,,,,,,,,,,0.0,1.0,,0.0,0.08509337157011032,0.9987695217132568,1.0079985857009888,,,,,,,
1053,,,0.13077911734580994,,,,,,,,,,,,0.0,1.0,,0.0,0.08155573159456253,0.998734176158905,1.0079985857009888,,,,,,,
1054,,,0.18691286444664001,,,,,,,,,,,,0.0,1.0,,0.0,0.08788517862558365,0.9987974762916565,1.0079985857009888,,,,,,,
1055,,,0.11746415495872498,,,,,,,,,,,,0.0,1.0,,0.0,0.07558022439479828,0.9986743927001953,1.0079985857009888,,,,,,,
1056,,,0.18801836669445038,,,,,,,,,,,,0.0,1.0,,0.0,0.054288629442453384,0.9984614849090576,1.0079985857009888,,,,,,,
1057,,,0.19337812066078186,,,,,,,,,,,,0.0,1.0,,0.0,0.10129337757825851,0.9989315271377563,1.0079985857009888,,,,,,,
1058,,,0.23075233399868011,,,,,,,,,,,,0.0,1.0,,0.0,0.11260555684566498,0.99904465675354,1.0079985857009888,,,,,,,
1059,,,0.1863400787115097,,,,,,,,,,,,0.0,1.0,,0.0,0.08536873757839203,0.9987722635269165,1.0079985857009888,,,,,,,
1060,,,0.24772591888904572,,,,,,,,,,,,0.0,1.0,,0.0,0.09646302461624146,0.9988832473754883,1.0079985857009888,,,,,,,
1061,,,0.20477095246315002,,,,,,,,,,,,0.0,1.0,,0.0,0.11790402233600616,0.9990976452827454,1.0079985857009888,,,,,,,
1062,,,0.2998024523258209,,,,,,,,,,,,0.0,1.0,,0.0,0.06944644451141357,0.9986130595207214,1.0079985857009888,,,,,,,
1063,,,0.19977080821990967,,,,,,,,,,,,0.0,1.0,,0.0,0.07580667734146118,0.9986766576766968,1.0079985857009888,,,,,,,
1064,,,0.1763579547405243,,,,,,,,,,,,0.0,1.0,,0.0,0.0908043310046196,0.9988266229629517,1.0079985857009888,,,,,,,
1065,,,0.1993902027606964,,,,,,,,,,,,0.0,1.0,,0.0,0.10660851746797562,0.998984694480896,1.0079985857009888,,,,,,,
1066,,,0.15447790920734406,,,,,,,,,,,,0.0,1.0,,0.0,0.08580174297094345,0.9987766146659851,1.0079985857009888,,,,,,,
1067,,,0.19443029165267944,,,,,,,,,,,,0.0,1.0,,0.0,0.07088572531938553,0.9986274838447571,1.0079985857009888,,,,,,,
1068,,,0.18615593016147614,,,,,,,,,,,,0.0,1.0,,0.0,0.08575408160686493,0.9987761378288269,1.0079985857009888,,,,,,,
1069,,,0.18492546677589417,,,,,,,,,,,,0.0,1.0,,0.0,0.05121912062168121,0.9984307885169983,1.0079985857009888,,,,,,,
1070,,,0.1884125918149948,,,,,,,,,,,,0.0,1.0,,0.0,0.08054923266172409,0.998724102973938,1.0079985857009888,,,,,,,
1071,,,0.18941600620746613,,,,,,,,,,,,0.0,1.0,,0.0,0.09050735086202621,0.9988237023353577,1.0079985857009888,,,,,,,
1072,,,0.14256559312343597,,,,,,,,,,,,0.0,1.0,,0.0,0.060813430696725845,0.9985267519950867,1.0079985857009888,,,,,,,
1073,,,0.15947532653808594,,,,,,,,,,,,0.0,1.0,,0.0,0.07071450352668762,0.9986257553100586,1.0079985857009888,,,,,,,
1074,,,0.19507984817028046,,,,,,,,,,,,0.0,1.0,,0.0,0.05129040405154228,0.9984315037727356,1.0079985857009888,,,,,,,
1075,,,0.134071484208107,,,,,,,,,,,,0.0,1.0,,0.0,0.043095335364341736,0.9983495473861694,1.0079985857009888,,,,,,,
1076,,,0.2327621579170227,,,,,,,,,,,,0.0,1.0,,0.0,0.08615250885486603,0.9987801313400269,1.0079985857009888,,,,,,,
1077,,,0.19255182147026062,,,,,,,,,,,,0.0,1.0,,0.0,0.07304637134075165,0.9986490607261658,1.0079985857009888,,,,,,,
1078,,,0.2899879217147827,,,,,,,,,,,,0.0,1.0,,0.0,0.05409746989607811,0.9984595775604248,1.0079985857009888,,,,,,,
1079,26.0,0.332932710647583,0.1646174043416977,0.15152743458747864,0.332932710647583,0.0,0.332932710647583,3.25821852684021,0.2809523344039917,7.464879035949707,10.303954124450684,0.9812228083610535,0.9763275980949402,0.4858076274394989,0.0,1.0,,0.0,0.08331558108329773,0.9987517595291138,1.0079985857009888,0.07749524712562561,,,,,,
1080,,,0.1348518282175064,,,,,,,,,,,,0.0,1.0,,0.0,0.09043408930301666,0.9988229274749756,1.0079985857009888,,,,,,,
1081,,,0.1712135672569275,,,,,,,,,,,,0.0,1.0,,0.0,0.10275568813085556,0.9989461898803711,1.0079985857009888,,,,,,,
1082,,,0.1166224256157875,,,,,,,,,,,,0.0,1.0,,0.0,0.05324491858482361,0.9984510540962219,1.0079985857009888,,,,,,,
1083,,,0.15243633091449738,,,,,,,,,,,,0.0,1.0,,0.0,0.08597692847251892,0.9987784028053284,1.0079985857009888,,,,,,,
1084,,,0.14526326954364777,,,,,,,,,,,,0.0,1.0,,0.0,0.061714716255664825,0.9985357522964478,1.0079985857009888,,,,,,,
1085,,,0.15300199389457703,,,,,,,,,,,,0.0,1.0,,0.0,0.12157613039016724,0.999134361743927,1.0079985857009888,,,,,,,
1086,,,0.15727083384990692,,,,,,,,,,,,0.0,1.0,,0.0,0.06199885904788971,0.998538613319397,1.0079985857009888,,,,,,,
1087,,,0.15297679603099823,,,,,,,,,,,,0.0,1.0,,0.0,0.06814057379961014,0.9986000061035156,1.0079985857009888,,,,,,,
1088,,,0.15628473460674286,,,,,,,,,,,,0.0,1.0,,0.0,0.12533734738826752,0.9991719722747803,1.0079985857009888,,,,,,,
1089,,,0.14971575140953064,,,,,,,,,,,,0.0,1.0,,0.0,0.04717904329299927,0.9983903765678406,1.0079985857009888,,,,,,,
1090,,,0.15607894957065582,,,,,,,,,,,,0.0,1.0,,0.0,0.11645310372114182,0.9990831613540649,1.0079985857009888,,,,,,,
1091,,,0.16711419820785522,,,,,,,,,,,,0.0,1.0,,0.0,0.04632425680756569,0.9983818531036377,1.0079985857009888,,,,,,,
1092,,,0.18083301186561584,,,,,,,,,,,,0.0,1.0,,0.0,0.0686408206820488,0.9986050128936768,1.0079985857009888,,,,,,,
1093,,,0.20344898104667664,,,,,,,,,,,,0.0,1.0,,0.0,0.07225347310304642,0.9986411333084106,1.0079985857009888,,,,,,,
1094,,,0.1441172957420349,,,,,,,,,,,,0.0,1.0,,0.0,0.04605361446738243,0.9983791708946228,1.0079985857009888,,,,,,,
1095,,,0.173464834690094,,,,,,,,,,,,0.0,1.0,,0.0,0.11483290791511536,0.999066948890686,1.0079985857009888,,,,,,,
1096,,,0.15897031128406525,,,,,,,,,,,,0.0,1.0,,0.0,0.11065508425235748,0.9990251660346985,1.0079985857009888,,,,,,,
1097,,,0.20629598200321198,,,,,,,,,,,,0.0,1.0,,0.0,0.07954983413219452,0.9987140893936157,1.0079985857009888,,,,,,,
1098,,,0.14470966160297394,,,,,,,,,,,,0.0,1.0,,0.0,0.06058967858552933,0.9985244870185852,1.0079985857009888,,,,,,,
1099,27.0,0.07179652899503708,0.16886213421821594,,,,,,,,,,,,0.0,1.0,0.0010000000474974513,0.0,0.07179652899503708,0.9986365437507629,1.0079985857009888,,0.07179652899503708,0.07179652899503708,0.03778170421719551,0.07179652899503708,0.0,0.07179652899503708
1100,,,0.1609908789396286,,,,,,,,,,,,0.0,1.0,,0.0,0.04458767548203468,0.9983645081520081,1.0079985857009888,,,,,,,
1101,,,0.17246033251285553,,,,,,,,,,,,0.0,1.0,,0.0,0.054696906358003616,0.9984655976295471,1.0079985857009888,,,,,,,
1102,,,0.176901176571846,,,,,,,,,,,,0.0,1.0,,0.0,0.06861623376607895,0.9986047744750977,1.0079985857009888,,,,,,,
1103,,,0.13466474413871765,,,,,,,,,,,,0.0,1.0,,0.0,0.06260597705841064,0.9985446929931641,1.0079985857009888,,,,,,,
1104,,,0.16228410601615906,,,,,,,,,,,,0.0,1.0,,0.0,0.07034474611282349,0.9986220598220825,1.0079985857009888,,,,,,,
1105,,,0.12373320013284683,,,,,,,,,,,,0.0,1.0,,0.0,0.08599123358726501,0.9987785220146179,1.0079985857009888,,,,,,,
1106,,,0.14377710223197937,,,,,,,,,,,,0.0,1.0,,0.0,0.08972340077161789,0.9988158345222473,1.0079985857009888,,,,,,,
1107,,,0.13613657653331757,,,,,,,,,,,,0.0,1.0,,0.0,0.04539506882429123,0.9983725547790527,1.0079985857009888,,,,,,,
1108,,,0.1267908364534378,,,,,,,,,,,,0.0,1.0,,0.0,0.06411945074796677,0.9985597729682922,1.0079985857009888,,,,,,,
1109,,,0.16703328490257263,,,,,,,,,,,,0.0,1.0,,0.0,0.0715135782957077,0.9986337423324585,1.0079985857009888,,,,,,,
1110,,,0.15027102828025818,,,,,,,,,,,,0.0,1.0,,0.0,0.05400944873690605,0.9984586834907532,1.0079985857009888,,,,,,,
1111,,,0.13160406053066254,,,,,,,,,,,,0.0,1.0,,0.0,0.0439581498503685,0.9983581900596619,1.0079985857009888,,,,,,,
1112,,,0.12242454290390015,,,,,,,,,,,,0.0,1.0,,0.0,0.03622016683220863,0.9982808232307434,1.0079985857009888,,,,,,,
1113,,,0.1561342030763626,,,,,,,,,,,,0.0,1.0,,0.0,0.08370917290449142,0.998755693435669,1.0079985857009888,,,,,,,
1114,,,0.11182792484760284,,,,,,,,,,,,0.0,1.0,,0.0,0.052697502076625824,0.9984455704689026,1.0079985857009888,,,,,,,
1115,,,0.17200545966625214,,,,,,,,,,,,0.0,1.0,,0.0,0.04413119703531265,0.9983599185943604,1.0079985857009888,,,,,,,
1116,,,0.1591845601797104,,,,,,,,,,,,0.0,1.0,,0.0,0.0412808433175087,0.9983314275741577,1.0079985857009888,,,,,,,
1117,,,0.11741619557142258,,,,,,,,,,,,0.0,1.0,,0.0,0.038867801427841187,0.9983072876930237,1.0079985857009888,,,,,,,
1118,,,0.15242956578731537,,,,,,,,,,,,0.0,1.0,,0.0,0.043613187968730927,0.9983547329902649,1.0079985857009888,,,,,,,
1119,27.0,0.2348087728023529,0.11668696999549866,0.11039868742227554,0.2348087728023529,0.0,0.2348087728023529,3.019374132156372,0.26534023880958557,6.390285968780518,8.28691577911377,0.9761822819709778,0.9716196656227112,0.6210835576057434,0.0,1.0,,0.0,0.1325407177209854,0.9992440342903137,1.0079985857009888,0.0718766450881958,,,,,,
1120,,,0.1718825101852417,,,,,,,,,,,,0.0,1.0,,0.0,0.08770410716533661,0.9987956285476685,1.0079985857009888,,,,,,,
1121,,,0.1430865377187729,,,,,,,,,,,,0.0,1.0,,0.0,0.060308296233415604,0.9985216856002808,1.0079985857009888,,,,,,,
1122,,,0.1530478149652481,,,,,,,,,,,,0.0,1.0,,0.0,0.07847603410482407,0.9987033605575562,1.0079985857009888,,,,,,,
1123,,,0.17366507649421692,,,,,,,,,,,,0.0,1.0,,0.0,0.07990648597478867,0.9987176656723022,1.0079985857009888,,,,,,,
1124,,,0.15240605175495148,,,,,,,,,,,,0.0,1.0,,0.0,0.11104800552129745,0.9990290999412537,1.0079985857009888,,,,,,,
1125,,,0.2342987060546875,,,,,,,,,,,,0.0,1.0,,0.0,0.048334408551454544,0.998401939868927,1.0079985857009888,,,,,,,
1126,,,0.19191205501556396,,,,,,,,,,,,0.0,1.0,,0.0,0.061310071498155594,0.998531699180603,1.0079985857009888,,,,,,,
1127,,,0.1601264327764511,,,,,,,,,,,,0.0,1.0,,0.0,0.0703965574502945,0.9986225962638855,1.0079985857009888,,,,,,,
1128,,,0.15702378749847412,,,,,,,,,,,,0.0,1.0,,0.0,0.08967754989862442,0.9988153576850891,1.0079985857009888,,,,,,,
1129,,,0.21618756651878357,,,,,,,,,,,,0.0,1.0,,0.0,0.05491179972887039,0.998467743396759,1.0079985857009888,,,,,,,
1130,,,0.1511916071176529,,,,,,,,,,,,0.0,1.0,,0.0,0.11991464346647263,0.9991177320480347,1.0079985857009888,,,,,,,
1131,,,0.17846520245075226,,,,,,,,,,,,0.0,1.0,,0.0,0.09167331457138062,0.9988353252410889,1.0079985857009888,,,,,,,
1132,,,0.16459710896015167,,,,,,,,,,,,0.0,1.0,,0.0,0.06099969148635864,0.9985285997390747,1.0079985857009888,,,,,,,
1133,,,0.13507810235023499,,,,,,,,,,,,0.0,1.0,,0.0,0.06199277192354202,0.9985385537147522,1.0079985857009888,,,,,,,
1134,,,0.20039384067058563,,,,,,,,,,,,0.0,1.0,,0.0,0.0518408939242363,0.9984369874000549,1.0079985857009888,,,,,,,
1135,,,0.13671700656414032,,,,,,,,,,,,0.0,1.0,,0.0,0.0829218178987503,0.9987478256225586,1.0079985857009888,,,,,,,
1136,,,0.1667325645685196,,,,,,,,,,,,0.0,1.0,,0.0,0.0421622060239315,0.9983402490615845,1.0079985857009888,,,,,,,
1137,,,0.16581664979457855,,,,,,,,,,,,0.0,1.0,,0.0,0.06389225274324417,0.9985575079917908,1.0079985857009888,,,,,,,
1138,,,0.2031170278787613,,,,,,,,,,,,0.0,1.0,,0.0,0.049650710076093674,0.9984151124954224,1.0079985857009888,,,,,,,
1139,,,0.15993307530879974,,,,,,,,,,,,0.0,1.0,,0.0,0.06464080512523651,0.9985650181770325,1.0079985857009888,,,,,,,
1140,,,0.2193196564912796,,,,,,,,,,,,0.0,1.0,,0.0,0.05390770360827446,0.998457670211792,1.0079985857009888,,,,,,,
1141,,,0.2055322229862213,,,,,,,,,,,,0.0,1.0,,0.0,0.058048781007528305,0.9984990954399109,1.0079985857009888,,,,,,,
1142,,,0.2782452702522278,,,,,,,,,,,,0.0,1.0,,0.0,0.06437280029058456,0.9985623359680176,1.0079985857009888,,,,,,,
1143,,,0.17187654972076416,,,,,,,,,,,,0.0,1.0,,0.0,0.05462481081485748,0.9984648823738098,1.0079985857009888,,,,,,,
1144,,,0.15521055459976196,,,,,,,,,,,,0.0,1.0,,0.0,0.06568311899900436,0.9985754489898682,1.0079985857009888,,,,,,,
1145,,,0.19024549424648285,,,,,,,,,,,,0.0,1.0,,0.0,0.038599301129579544,0.9983046054840088,1.0079985857009888,,,,,,,
1146,,,0.14119677245616913,,,,,,,,,,,,0.0,1.0,,0.0,0.048128869384527206,0.9983999133110046,1.0079985857009888,,,,,,,
1147,,,0.16872796416282654,,,,,,,,,,,,0.0,1.0,,0.0,0.07991626858711243,0.9987177848815918,1.0079985857009888,,,,,,,
1148,,,0.16589680314064026,,,,,,,,,,,,0.0,1.0,,0.0,0.054907843470573425,0.9984676837921143,1.0079985857009888,,,,,,,
1149,28.0,0.05313203111290932,0.16563160717487335,,,,,,,,,,,,0.0,1.0,0.0010000000474974513,0.0,0.05313203111290932,0.9984499216079712,1.0079985857009888,,0.05313203111290932,0.05313203111290932,0.031502652913331985,0.05313203111290932,0.0,0.05313203111290932
1150,,,0.17637810111045837,,,,,,,,,,,,0.0,1.0,,0.0,0.04800576716661453,0.9983986616134644,1.0079985857009888,,,,,,,
1151,,,0.16228313744068146,,,,,,,,,,,,0.0,1.0,,0.0,0.03640937805175781,0.9982826709747314,1.0079985857009888,,,,,,,
1152,,,0.1547756791114807,,,,,,,,,,,,0.0,1.0,,0.0,0.07240648567676544,0.9986426830291748,1.0079985857009888,,,,,,,
1153,,,0.13575544953346252,,,,,,,,,,,,0.0,1.0,,0.0,0.042101968079805374,0.9983396530151367,1.0079985857009888,,,,,,,
1154,,,0.16403426229953766,,,,,,,,,,,,0.0,1.0,,0.0,0.038755711168050766,0.998306155204773,1.0079985857009888,,,,,,,
1155,,,0.13684751093387604,,,,,,,,,,,,0.0,1.0,,0.0,0.062473926693201065,0.9985433220863342,1.0079985857009888,,,,,,,
1156,,,0.15724915266036987,,,,,,,,,,,,0.0,1.0,,0.0,0.09660999476909637,0.9988846778869629,1.0079985857009888,,,,,,,
1157,,,0.15791049599647522,,,,,,,,,,,,0.0,1.0,,0.0,0.048630841076374054,0.9984049201011658,1.0079985857009888,,,,,,,
1158,,,0.1981460303068161,,,,,,,,,,,,0.0,1.0,,0.0,0.06848902255296707,0.9986035227775574,1.0079985857009888,,,,,,,
1159,28.0,0.19553378224372864,0.14709492027759552,0.09776497632265091,0.19553378224372864,0.0,0.19553378224372864,2.915357828140259,0.24883218109607697,6.111717700958252,7.924398899078369,0.977376401424408,0.9725910425186157,0.4258001446723938,0.0,1.0,,0.0,0.16399376094341278,0.9995585680007935,1.0079985857009888,0.07009585201740265,,,,,,
1160,,,0.12839443981647491,,,,,,,,,,,,0.0,1.0,,0.0,0.057063791900873184,0.998489260673523,1.0079985857009888,,,,,,,
1161,,,0.1456928700208664,,,,,,,,,,,,0.0,1.0,,0.0,0.04781471937894821,0.9983967542648315,1.0079985857009888,,,,,,,
1162,,,0.11691915988922119,,,,,,,,,,,,0.0,1.0,,0.0,0.045155517756938934,0.9983701705932617,1.0079985857009888,,,,,,,
1163,,,0.17471960186958313,,,,,,,,,,,,0.0,1.0,,0.0,0.06779468059539795,0.9985965490341187,1.0079985857009888,,,,,,,
1164,,,0.1595151722431183,,,,,,,,,,,,0.0,1.0,,0.0,0.0485585555434227,0.9984042048454285,1.0079985857009888,,,,,,,
1165,,,0.1167418360710144,,,,,,,,,,,,0.0,1.0,,0.0,0.05309002473950386,0.9984495043754578,1.0079985857009888,,,,,,,
1166,,,0.14738304913043976,,,,,,,,,,,,0.0,1.0,,0.0,0.1195610836148262,0.9991142153739929,1.0079985857009888,,,,,,,
1167,,,0.13149777054786682,,,,,,,,,,,,0.0,1.0,,0.0,0.07474737614393234,0.9986661076545715,1.0079985857009888,,,,,,,
1168,,,0.16880923509597778,,,,,,,,,,,,0.0,1.0,,0.0,0.1323433667421341,0.9992420673370361,1.0079985857009888,,,,,,,
1169,,,0.14252136647701263,,,,,,,,,,,,0.0,1.0,,0.0,0.1174023449420929,0.9990926384925842,1.0079985857009888,,,,,,,
1170,,,0.1565578728914261,,,,,,,,,,,,0.0,1.0,,0.0,0.054356347769498825,0.9984621405601501,1.0079985857009888,,,,,,,
1171,,,0.16105200350284576,,,,,,,,,,,,0.0,1.0,,0.0,0.07988998293876648,0.9987174868583679,1.0079985857009888,,,,,,,
1172,,,0.14657022058963776,,,,,,,,,,,,0.0,1.0,,0.0,0.0691569447517395,0.9986101984977722,1.0079985857009888,,,,,,,
1173,,,0.21966831386089325,,,,,,,,,,,,0.0,1.0,,0.0,0.053220730274915695,0.9984508156776428,1.0079985857009888,,,,,,,
1174,,,0.17947125434875488,,,,,,,,,,,,0.0,1.0,,0.0,0.06188959255814552,0.9985374808311462,1.0079985857009888,,,,,,,
1175,,,0.15826888382434845,,,,,,,,,,,,0.0,1.0,,0.0,0.08092360943555832,0.9987278580665588,1.0079985857009888,,,,,,,
1176,,,0.1509598344564438,,,,,,,,,,,,0.0,1.0,,0.0,0.04686639457941055,0.9983872771263123,1.0079985857009888,,,,,,,
1177,,,0.20450572669506073,,,,,,,,,,,,0.0,1.0,,0.0,0.10189992189407349,0.9989376068115234,1.0079985857009888,,,,,,,
1178,,,0.14291329681873322,,,,,,,,,,,,0.0,1.0,,0.0,0.09647960215806961,0.9988834261894226,1.0079985857009888,,,,,,,
1179,,,0.16903147101402283,,,,,,,,,,,,0.0,1.0,,0.0,0.08015038818120956,0.998720109462738,1.0079985857009888,,,,,,,
1180,,,0.16216914355754852,,,,,,,,,,,,0.0,1.0,,0.0,0.0849820077419281,0.9987684488296509,1.0079985857009888,,,,,,,
1181,,,0.1382591873407364,,,,,,,,,,,,0.0,1.0,,0.0,0.07595202326774597,0.9986781477928162,1.0079985857009888,,,,,,,
1182,,,0.1824534386396408,,,,,,,,,,,,0.0,1.0,,0.0,0.06350469589233398,0.9985536336898804,1.0079985857009888,,,,,,,
1183,,,0.13595134019851685,,,,,,,,,,,,0.0,1.0,,0.0,0.05240483954548836,0.9984426498413086,1.0079985857009888,,,,,,,
1184,,,0.16509142518043518,,,,,,,,,,,,0.0,1.0,,0.0,0.0430004745721817,0.998348593711853,1.0079985857009888,,,,,,,
1185,,,0.13144421577453613,,,,,,,,,,,,0.0,1.0,,0.0,0.05131162703037262,0.9984317421913147,1.0079985857009888,,,,,,,
1186,,,0.15095780789852142,,,,,,,,,,,,0.0,1.0,,0.0,0.06691727787256241,0.9985877871513367,1.0079985857009888,,,,,,,
1187,,,0.16635750234127045,,,,,,,,,,,,0.0,1.0,,0.0,0.09121853113174438,0.9988307952880859,1.0079985857009888,,,,,,,
1188,,,0.15573103725910187,,,,,,,,,,,,0.0,1.0,,0.0,0.05597356706857681,0.998478353023529,1.0079985857009888,,,,,,,
1189,,,0.22203004360198975,,,,,,,,,,,,0.0,1.0,,0.0,0.04437335208058357,0.9983623623847961,1.0079985857009888,,,,,,,
1190,,,0.20303043723106384,,,,,,,,,,,,0.0,1.0,,0.0,0.15199340879917145,0.9994385242462158,1.0079985857009888,,,,,,,
1191,,,0.14330671727657318,,,,,,,,,,,,0.0,1.0,,0.0,0.14395771920681,0.9993581771850586,1.0079985857009888,,,,,,,
1192,,,0.13921527564525604,,,,,,,,,,,,0.0,1.0,,0.0,0.08038143068552017,0.9987224340438843,1.0079985857009888,,,,,,,
1193,,,0.2044690102338791,,,,,,,,,,,,0.0,1.0,,0.0,0.0831068679690361,0.9987496733665466,1.0079985857009888,,,,,,,
1194,,,0.13584581017494202,,,,,,,,,,,,0.0,1.0,,0.0,0.04541344940662384,0.9983727335929871,1.0079985857009888,,,,,,,
1195,,,0.16339196264743805,,,,,,,,,,,,0.0,1.0,,0.0,0.07385901361703873,0.9986571669578552,1.0079985857009888,,,,,,,
1196,,,0.16321097314357758,,,,,,,,,,,,0.0,1.0,,0.0,0.042389608919620514,0.9983425140380859,1.0079985857009888,,,,,,,
1197,,,0.1211119294166565,,,,,,,,,,,,0.0,1.0,,0.0,0.06271558254957199,0.99854576587677,1.0079985857009888,,,,,,,
1198,,,0.1899176836013794,,,,,,,,,,,,0.0,1.0,,0.0,0.07162598520517349,0.9986348748207092,1.0079985857009888,,,,,,,
1199,29.0,0.19004152715206146,0.12219710648059845,0.09280569851398468,0.19004152715206146,0.0,0.19004152715206146,3.153752326965332,0.2702692747116089,6.5047502517700195,8.629267692565918,0.9752758145332336,0.9705847501754761,0.5967121124267578,0.0,1.0,0.0010000000474974513,0.0,0.05213208496570587,0.9984399080276489,1.0079985857009888,0.07111070305109024,0.05213208496570587,0.05213208496570587,0.019667431712150574,0.05213208496570587,0.0,0.05213208496570587
1200,,,0.1378776580095291,,,,,,,,,,,,0.0,1.0,,0.0,0.05092431232333183,0.9984278678894043,1.0079985857009888,,,,,,,
1201,,,0.13215328752994537,,,,,,,,,,,,0.0,1.0,,0.0,0.1331312358379364,0.9992499351501465,1.0079985857009888,,,,,,,
1202,,,0.13322897255420685,,,,,,,,,,,,0.0,1.0,,0.0,0.03708972781896591,0.9982895255088806,1.0079985857009888,,,,,,,
1203,,,0.1494709700345993,,,,,,,,,,,,0.0,1.0,,0.0,0.08678728342056274,0.998786449432373,1.0079985857009888,,,,,,,
1204,,,0.14616380631923676,,,,,,,,,,,,0.0,1.0,,0.0,0.07534795254468918,0.9986720681190491,1.0079985857009888,,,,,,,
1205,,,0.19176249206066132,,,,,,,,,,,,0.0,1.0,,0.0,0.04784660413861275,0.9983970522880554,1.0079985857009888,,,,,,,
1206,,,0.12967950105667114,,,,,,,,,,,,0.0,1.0,,0.0,0.07224787771701813,0.9986410737037659,1.0079985857009888,,,,,,,
1207,,,0.14751173555850983,,,,,,,,,,,,0.0,1.0,,0.0,0.08222396671772003,0.9987408518791199,1.0079985857009888,,,,,,,
1208,,,0.13476009666919708,,,,,,,,,,,,0.0,1.0,,0.0,0.07221923768520355,0.998640775680542,1.0079985857009888,,,,,,,
1209,,,0.17660687863826752,,,,,,,,,,,,0.0,1.0,,0.0,0.03797250986099243,0.9982983469963074,1.0079985857009888,,,,,,,
1210,,,0.12102628499269485,,,,,,,,,,,,0.0,1.0,,0.0,0.06940533965826035,0.998612642288208,1.0079985857009888,,,,,,,
1211,,,0.14644183218479156,,,,,,,,,,,,0.0,1.0,,0.0,0.04040173813700676,0.998322606086731,1.0079985857009888,,,,,,,
1212,,,0.14007705450057983,,,,,,,,,,,,0.0,1.0,,0.0,0.048975974321365356,0.9984083771705627,1.0079985857009888,,,,,,,
1213,,,0.1438252329826355,,,,,,,,,,,,0.0,1.0,,0.0,0.0642935261130333,0.9985615611076355,1.0079985857009888,,,,,,,
1214,,,0.15971605479717255,,,,,,,,,,,,0.0,1.0,,0.0,0.14395347237586975,0.9993581175804138,1.0079985857009888,,,,,,,
1215,,,0.11033212393522263,,,,,,,,,,,,0.0,1.0,,0.0,0.08012522757053375,0.9987198710441589,1.0079985857009888,,,,,,,
1216,,,0.48929038643836975,,,,,,,,,,,,0.0,1.0,,0.0,0.06635468453168869,0.998582124710083,1.0079985857009888,,,,,,,
1217,,,0.5825600028038025,,,,,,,,,,,,0.0,1.0,,0.0,0.06499774008989334,0.998568594455719,1.0079985857009888,,,,,,,
1218,,,0.63470858335495,,,,,,,,,,,,0.0,1.0,,0.0,0.1386549472808838,0.9993051290512085,1.0079985857009888,,,,,,,
1219,,,0.47574272751808167,,,,,,,,,,,,0.0,1.0,,0.0,0.06912771612405777,0.9986099004745483,1.0079985857009888,,,,,,,
1220,,,0.6734281182289124,,,,,,,,,,,,0.0,1.0,,0.0,0.06126425787806511,0.9985312223434448,1.0079985857009888,,,,,,,
1221,,,0.39139917492866516,,,,,,,,,,,,0.0,1.0,,0.0,0.12898452579975128,0.9992084503173828,1.0079985857009888,,,,,,,
1222,,,0.7401342988014221,,,,,,,,,,,,0.0,1.0,,0.0,0.08551820367574692,0.9987738132476807,1.0079985857009888,,,,,,,
1223,,,0.5220886468887329,,,,,,,,,,,,0.0,1.0,,0.0,0.1336643248796463,0.9992552399635315,1.0079985857009888,,,,,,,
1224,,,0.5477669835090637,,,,,,,,,,,,0.0,1.0,,0.0,0.05737186595797539,0.9984923005104065,1.0079985857009888,,,,,,,
1225,,,0.36365512013435364,,,,,,,,,,,,0.0,1.0,,0.0,0.04512540251016617,0.9983698725700378,1.0079985857009888,,,,,,,
1226,,,0.4872310161590576,,,,,,,,,,,,0.0,1.0,,0.0,0.04886452853679657,0.998407244682312,1.0079985857009888,,,,,,,
1227,,,0.396838903427124,,,,,,,,,,,,0.0,1.0,,0.0,0.08189419656991959,0.9987375736236572,1.0079985857009888,,,,,,,
1228,,,0.4292301535606384,,,,,,,,,,,,0.0,1.0,,0.0,0.05614197254180908,0.9984800219535828,1.0079985857009888,,,,,,,
1229,,,0.5754966735839844,,,,,,,,,,,,0.0,1.0,,0.0,0.10199105739593506,0.9989385008811951,1.0079985857009888,,,,,,,
1230,,,0.4179008901119232,,,,,,,,,,,,0.0,1.0,,0.0,0.09813559800386429,0.9988999366760254,1.0079985857009888,,,,,,,
1231,,,0.5972258448600769,,,,,,,,,,,,0.0,1.0,,0.0,0.10411082208156586,0.9989597201347351,1.0079985857009888,,,,,,,
1232,,,0.16560909152030945,,,,,,,,,,,,0.0,1.0,,0.0,0.10277736186981201,0.9989463686943054,1.0079985857009888,,,,,,,
1233,,,0.14728772640228271,,,,,,,,,,,,0.0,1.0,,0.0,0.05584748834371567,0.9984771013259888,1.0079985857009888,,,,,,,
1234,,,0.1620502769947052,,,,,,,,,,,,0.0,1.0,,0.0,0.07259751856327057,0.9986445903778076,1.0079985857009888,,,,,,,
1235,,,0.16729611158370972,,,,,,,,,,,,0.0,1.0,,0.0,0.10935276746749878,0.9990121126174927,1.0079985857009888,,,,,,,
1236,,,0.15202707052230835,,,,,,,,,,,,0.0,1.0,,0.0,0.11262921243906021,0.9990448951721191,1.0079985857009888,,,,,,,
1237,,,0.2181682288646698,,,,,,,,,,,,0.0,1.0,,0.0,0.07481057196855545,0.9986667037010193,1.0079985857009888,,,,,,,
1238,,,0.17751426994800568,,,,,,,,,,,,0.0,1.0,,0.0,0.06077136471867561,0.9985263347625732,1.0079985857009888,,,,,,,
1239,30.0,0.2374332994222641,0.15900704264640808,0.11194485425949097,0.2374332994222641,0.0,0.2374332994222641,3.2220401763916016,0.2791142463684082,6.7871198654174805,9.094226837158203,0.9752829670906067,0.97063809633255,0.7586964964866638,0.0,1.0,,0.0,0.34850701689720154,1.0014036893844604,1.0079985857009888,0.07104270905256271,,,,,,
1240,,,0.15288995206356049,,,,,,,,,,,,0.0,1.0,,0.0,0.057600442320108414,0.9984946250915527,1.0079985857009888,,,,,,,
1241,,,0.20692433416843414,,,,,,,,,,,,0.0,1.0,,0.0,0.09025385975837708,0.9988211393356323,1.0079985857009888,,,,,,,
1242,,,0.14955481886863708,,,,,,,,,,,,0.0,1.0,,0.0,0.06036827713251114,0.9985222816467285,1.0079985857009888,,,,,,,
1243,,,0.16693271696567535,,,,,,,,,,,,0.0,1.0,,0.0,0.040796540677547455,0.9983265995979309,1.0079985857009888,,,,,,,
1244,,,0.15434174239635468,,,,,,,,,,,,0.0,1.0,,0.0,0.06016187742352486,0.9985201954841614,1.0079985857009888,,,,,,,
1245,,,0.14297132194042206,,,,,,,,,,,,0.0,1.0,,0.0,0.07189110666513443,0.9986374974250793,1.0079985857009888,,,,,,,
1246,,,0.18564388155937195,,,,,,,,,,,,0.0,1.0,,0.0,0.13785281777381897,0.9992971420288086,1.0079985857009888,,,,,,,
1247,,,0.13869932293891907,,,,,,,,,,,,0.0,1.0,,0.0,0.050370391458272934,0.9984223246574402,1.0079985857009888,,,,,,,
1248,,,0.19547265768051147,,,,,,,,,,,,0.0,1.0,,0.0,0.07853668183088303,0.9987039566040039,1.0079985857009888,,,,,,,
1249,31.0,0.055871982127428055,0.18440282344818115,,,,,,,,,,,,0.0,1.0,0.0010000000474974513,0.0,0.055871982127428055,0.9984773397445679,1.0079985857009888,,0.055871982127428055,0.055871982127428055,0.02735026180744171,0.055871982127428055,0.0,0.055871982127428055
1250,,,0.1863548755645752,,,,,,,,,,,,0.0,1.0,,0.0,0.12404987961053848,0.9991590976715088,1.0079985857009888,,,,,,,
1251,,,0.20378082990646362,,,,,,,,,,,,0.0,1.0,,0.0,0.07388340681791306,0.9986574649810791,1.0079985857009888,,,,,,,
1252,,,0.19905498623847961,,,,,,,,,,,,0.0,1.0,,0.0,0.048196181654930115,0.9984005689620972,1.0079985857009888,,,,,,,
1253,,,0.24464921653270721,,,,,,,,,,,,0.0,1.0,,0.0,0.13628539443016052,0.9992814660072327,1.0079985857009888,,,,,,,
1254,,,0.14709164202213287,,,,,,,,,,,,0.0,1.0,,0.0,0.1350889652967453,0.9992694854736328,1.0079985857009888,,,,,,,
1255,,,0.19376486539840698,,,,,,,,,,,,0.0,1.0,,0.0,0.13378819823265076,0.9992564916610718,1.0079985857009888,,,,,,,
1256,,,0.1901993304491043,,,,,,,,,,,,0.0,1.0,,0.0,0.12045544385910034,0.9991231560707092,1.0079985857009888,,,,,,,
1257,,,0.23605689406394958,,,,,,,,,,,,0.0,1.0,,0.0,0.07474543154239655,0.9986660480499268,1.0079985857009888,,,,,,,
1258,,,0.1711096614599228,,,,,,,,,,,,0.0,1.0,,0.0,0.08352204412221909,0.9987538456916809,1.0079985857009888,,,,,,,
1259,,,0.1896658092737198,,,,,,,,,,,,0.0,1.0,,0.0,0.07141726464033127,0.9986327886581421,1.0079985857009888,,,,,,,
1260,,,0.1793672740459442,,,,,,,,,,,,0.0,1.0,,0.0,0.04992597550153732,0.998417854309082,1.0079985857009888,,,,,,,
1261,,,0.20608773827552795,,,,,,,,,,,,0.0,1.0,,0.0,0.09849459677934647,0.9989035725593567,1.0079985857009888,,,,,,,
1262,,,0.21929658949375153,,,,,,,,,,,,0.0,1.0,,0.0,0.05944016948342323,0.9985129833221436,1.0079985857009888,,,,,,,
1263,,,0.1677255928516388,,,,,,,,,,,,0.0,1.0,,0.0,0.05424797907471657,0.9984610676765442,1.0079985857009888,,,,,,,
1264,,,0.16944998502731323,,,,,,,,,,,,0.0,1.0,,0.0,0.1381756067276001,0.9993003606796265,1.0079985857009888,,,,,,,
1265,,,0.14060285687446594,,,,,,,,,,,,0.0,1.0,,0.0,0.10402749478816986,0.9989588856697083,1.0079985857009888,,,,,,,
1266,,,0.1661110818386078,,,,,,,,,,,,0.0,1.0,,0.0,0.09270314872264862,0.998845636844635,1.0079985857009888,,,,,,,
1267,,,0.16077777743339539,,,,,,,,,,,,0.0,1.0,,0.0,0.046381719410419464,0.9983824491500854,1.0079985857009888,,,,,,,
1268,,,0.2161928415298462,,,,,,,,,,,,0.0,1.0,,0.0,0.04932635650038719,0.9984118938446045,1.0079985857009888,,,,,,,
1269,,,0.2460656315088272,,,,,,,,,,,,0.0,1.0,,0.0,0.06472112983465195,0.9985657930374146,1.0079985857009888,,,,,,,
1270,,,0.2486637681722641,,,,,,,,,,,,0.0,1.0,,0.0,0.06526288390159607,0.9985712170600891,1.0079985857009888,,,,,,,
1271,,,0.1565490961074829,,,,,,,,,,,,0.0,1.0,,0.0,0.04519856721162796,0.9983705878257751,1.0079985857009888,,,,,,,
1272,,,0.1310901790857315,,,,,,,,,,,,0.0,1.0,,0.0,0.026429785415530205,0.9981828927993774,1.0079985857009888,,,,,,,
1273,,,0.2121310830116272,,,,,,,,,,,,0.0,1.0,,0.0,0.07050993293523788,0.9986237287521362,1.0079985857009888,,,,,,,
1274,,,0.13594551384449005,,,,,,,,,,,,0.0,1.0,,0.0,0.049750540405511856,0.9984161257743835,1.0079985857009888,,,,,,,
1275,,,0.17524099349975586,,,,,,,,,,,,0.0,1.0,,0.0,0.03398536145687103,0.9982584714889526,1.0079985857009888,,,,,,,
1276,,,0.17576830089092255,,,,,,,,,,,,0.0,1.0,,0.0,0.05733843520283699,0.9984920024871826,1.0079985857009888,,,,,,,
1277,,,0.14182128012180328,,,,,,,,,,,,0.0,1.0,,0.0,0.0725225955247879,0.9986438155174255,1.0079985857009888,,,,,,,
1278,,,0.19804896414279938,,,,,,,,,,,,0.0,1.0,,0.0,0.13073675334453583,0.9992259740829468,1.0079985857009888,,,,,,,
1279,31.0,0.21080130338668823,0.12960538268089294,0.09971952438354492,0.21080130338668823,0.0,0.21080130338668823,3.3709826469421387,0.29603642225265503,6.78924036026001,9.153757095336914,0.9744176864624023,0.969272792339325,0.8146249651908875,0.0,1.0,,0.0,0.08241661638021469,0.9987427592277527,1.0079985857009888,0.07742610573768616,,,,,,
1280,,,0.15572622418403625,,,,,,,,,,,,0.0,1.0,,0.0,0.07062095403671265,0.9986248016357422,1.0079985857009888,,,,,,,
1281,,,0.12970943748950958,,,,,,,,,,,,0.0,1.0,,0.0,0.06712572276592255,0.9985898733139038,1.0079985857009888,,,,,,,
1282,,,0.12908175587654114,,,,,,,,,,,,0.0,1.0,,0.0,0.07301274687051773,0.9986487627029419,1.0079985857009888,,,,,,,
1283,,,0.1579546332359314,,,,,,,,,,,,0.0,1.0,,0.0,0.055392902344465256,0.9984725117683411,1.0079985857009888,,,,,,,
1284,,,0.11310476809740067,,,,,,,,,,,,0.0,1.0,,0.0,0.053114499896764755,0.9984497427940369,1.0079985857009888,,,,,,,
1285,,,0.2171403169631958,,,,,,,,,,,,0.0,1.0,,0.0,0.05256758630275726,0.9984442591667175,1.0079985857009888,,,,,,,
1286,,,0.14136625826358795,,,,,,,,,,,,0.0,1.0,,0.0,0.1415732204914093,0.9993343353271484,1.0079985857009888,,,,,,,
1287,,,0.13756200671195984,,,,,,,,,,,,0.0,1.0,,0.0,0.06279582530260086,0.9985465407371521,1.0079985857009888,,,,,,,
1288,,,0.13997240364551544,,,,,,,,,,,,0.0,1.0,,0.0,0.08339431136846542,0.9987525343894958,1.0079985857009888,,,,,,,
1289,,,0.19869361817836761,,,,,,,,,,,,0.0,1.0,,0.0,0.060708604753017426,0.9985256791114807,1.0079985857009888,,,,,,,
1290,,,0.13984975218772888,,,,,,,,,,,,0.0,1.0,,0.0,0.038514167070388794,0.9983037710189819,1.0079985857009888,,,,,,,
1291,,,0.1458088606595993,,,,,,,,,,,,0.0,1.0,,0.0,0.05364014580845833,0.9984549880027771,1.0079985857009888,,,,,,,
1292,,,0.14201773703098297,,,,,,,,,,,,0.0,1.0,,0.0,0.0748061016201973,0.9986666440963745,1.0079985857009888,,,,,,,
1293,,,0.13343805074691772,,,,,,,,,,,,0.0,1.0,,0.0,0.043294697999954224,0.9983515739440918,1.0079985857009888,,,,,,,
1294,,,0.18527312576770782,,,,,,,,,,,,0.0,1.0,,0.0,0.05198827385902405,0.9984384775161743,1.0079985857009888,,,,,,,
1295,,,0.11209185421466827,,,,,,,,,,,,0.0,1.0,,0.0,0.048933081328868866,0.9984079599380493,1.0079985857009888,,,,,,,
1296,,,0.20801202952861786,,,,,,,,,,,,0.0,1.0,,0.0,0.09855414181947708,0.9989041686058044,1.0079985857009888,,,,,,,
1297,,,0.16740535199642181,,,,,,,,,,,,0.0,1.0,,0.0,0.06280587613582611,0.9985466599464417,1.0079985857009888,,,,,,,
1298,,,0.1537649929523468,,,,,,,,,,,,0.0,1.0,,0.0,0.06820210069417953,0.9986006021499634,1.0079985857009888,,,,,,,
1299,32.0,0.04143534228205681,0.2088935524225235,,,,,,,,,,,,0.0,1.0,0.0010000000474974513,0.0,0.04143534228205681,0.9983329772949219,1.0079985857009888,,0.04143534228205681,0.04143534228205681,0.02843087911605835,0.04143534228205681,0.0,0.04143534228205681
1300,,,0.13916020095348358,,,,,,,,,,,,0.0,1.0,,0.0,0.03779442235827446,0.9982965588569641,1.0079985857009888,,,,,,,
1301,,,0.27645325660705566,,,,,,,,,,,,0.0,1.0,,0.0,0.07135515660047531,0.9986321330070496,1.0079985857009888,,,,,,,
1302,,,0.176667720079422,,,,,,,,,,,,0.0,1.0,,0.0,0.11341774463653564,0.9990527629852295,1.0079985857009888,,,,,,,
1303,,,0.1695380061864853,,,,,,,,,,,,0.0,1.0,,0.0,0.042927708476781845,0.9983478784561157,1.0079985857009888,,,,,,,
1304,,,0.18603475391864777,,,,,,,,,,,,0.0,1.0,,0.0,0.062205180525779724,0.9985406398773193,1.0079985857009888,,,,,,,
1305,,,0.24608659744262695,,,,,,,,,,,,0.0,1.0,,0.0,0.04644559696316719,0.9983830451965332,1.0079985857009888,,,,,,,
1306,,,0.19017934799194336,,,,,,,,,,,,0.0,1.0,,0.0,0.09153866022825241,0.9988340139389038,1.0079985857009888,,,,,,,
1307,,,0.20354542136192322,,,,,,,,,,,,0.0,1.0,,0.0,0.10680145025253296,0.9989866018295288,1.0079985857009888,,,,,,,
1308,,,0.1958732008934021,,,,,,,,,,,,0.0,1.0,,0.0,0.08048009872436523,0.9987233877182007,1.0079985857009888,,,,,,,
1309,,,0.15603016316890717,,,,,,,,,,,,0.0,1.0,,0.0,0.05822299048304558,0.9985008239746094,1.0079985857009888,,,,,,,
1310,,,0.24242787063121796,,,,,,,,,,,,0.0,1.0,,0.0,0.036915864795446396,0.9982877373695374,1.0079985857009888,,,,,,,
1311,,,0.14577436447143555,,,,,,,,,,,,0.0,1.0,,0.0,0.03900843858718872,0.9983087182044983,1.0079985857009888,,,,,,,
1312,,,0.14397233724594116,,,,,,,,,,,,0.0,1.0,,0.0,0.09494736045598984,0.9988681077957153,1.0079985857009888,,,,,,,
1313,,,0.11434873938560486,,,,,,,,,,,,0.0,1.0,,0.0,0.04363752529025078,0.998354971408844,1.0079985857009888,,,,,,,
1314,,,0.14001138508319855,,,,,,,,,,,,0.0,1.0,,0.0,0.05710308626294136,0.9984896183013916,1.0079985857009888,,,,,,,
1315,,,0.12519870698451996,,,,,,,,,,,,0.0,1.0,,0.0,0.08024334907531738,0.9987210631370544,1.0079985857009888,,,,,,,
1316,,,0.19016703963279724,,,,,,,,,,,,0.0,1.0,,0.0,0.03860914334654808,0.9983047246932983,1.0079985857009888,,,,,,,
1317,,,0.18981926143169403,,,,,,,,,,,,0.0,1.0,,0.0,0.08288589864969254,0.9987474679946899,1.0079985857009888,,,,,,,
1318,,,0.22719509899616241,,,,,,,,,,,,0.0,1.0,,0.0,0.05883844941854477,0.9985069632530212,1.0079985857009888,,,,,,,
1319,32.0,0.19034454226493835,0.1354520618915558,0.08863787353038788,0.19034454226493835,0.0,0.19034454226493835,2.940455436706543,0.2562832534313202,6.160987854003906,8.051289558410645,0.975610613822937,0.971483051776886,0.7361917495727539,0.0,1.0,,0.0,0.12814253568649292,0.9992000460624695,1.0079985857009888,0.06700527667999268,,,,,,
1320,,,0.10878492146730423,,,,,,,,,,,,0.0,1.0,,0.0,0.0938803181052208,0.9988574385643005,1.0079985857009888,,,,,,,
1321,,,0.15572762489318848,,,,,,,,,,,,0.0,1.0,,0.0,0.07678841054439545,0.9986864924430847,1.0079985857009888,,,,,,,
1322,,,0.09677346050739288,,,,,,,,,,,,0.0,1.0,,0.0,0.08110015839338303,0.9987295866012573,1.0079985857009888,,,,,,,
1323,,,0.15077567100524902,,,,,,,,,,,,0.0,1.0,,0.0,0.05049745365977287,0.9984235763549805,1.0079985857009888,,,,,,,
1324,,,0.13633109629154205,,,,,,,,,,,,0.0,1.0,,0.0,0.10828487575054169,0.9990014433860779,1.0079985857009888,,,,,,,
1325,,,0.10758651793003082,,,,,,,,,,,,0.0,1.0,,0.0,0.14082925021648407,0.9993268847465515,1.0079985857009888,,,,,,,
1326,,,0.15649046003818512,,,,,,,,,,,,0.0,1.0,,0.0,0.0978751927614212,0.9988973736763,1.0079985857009888,,,,,,,
1327,,,0.10312753170728683,,,,,,,,,,,,0.0,1.0,,0.0,0.07626041769981384,0.9986811876296997,1.0079985857009888,,,,,,,
1328,,,0.172845259308815,,,,,,,,,,,,0.0,1.0,,0.0,0.12323042750358582,0.9991509318351746,1.0079985857009888,,,,,,,
1329,,,0.13820780813694,,,,,,,,,,,,0.0,1.0,,0.0,0.10240726172924042,0.9989426732063293,1.0079985857009888,,,,,,,
1330,,,0.17566291987895966,,,,,,,,,,,,0.0,1.0,,0.0,0.13967913389205933,0.9993153810501099,1.0079985857009888,,,,,,,
1331,,,0.15682107210159302,,,,,,,,,,,,0.0,1.0,,0.0,0.07449343055486679,0.9986635446548462,1.0079985857009888,,,,,,,
1332,,,0.2272159457206726,,,,,,,,,,,,0.0,1.0,,0.0,0.046441491693258286,0.9983830451965332,1.0079985857009888,,,,,,,
1333,,,0.2428440898656845,,,,,,,,,,,,0.0,1.0,,0.0,0.047167614102363586,0.998390257358551,1.0079985857009888,,,,,,,
1334,,,0.2745160758495331,,,,,,,,,,,,0.0,1.0,,0.0,0.03726015239953995,0.9982911944389343,1.0079985857009888,,,,,,,
1335,,,0.14802700281143188,,,,,,,,,,,,0.0,1.0,,0.0,0.04726459085941315,0.9983912706375122,1.0079985857009888,,,,,,,
1336,,,0.1297658085823059,,,,,,,,,,,,0.0,1.0,,0.0,0.049602117389440536,0.9984146356582642,1.0079985857009888,,,,,,,
1337,,,0.19247695803642273,,,,,,,,,,,,0.0,1.0,,0.0,0.057154957205057144,0.9984901547431946,1.0079985857009888,,,,,,,
1338,,,0.1236550584435463,,,,,,,,,,,,0.0,1.0,,0.0,0.08430581539869308,0.9987616539001465,1.0079985857009888,,,,,,,
1339,,,0.16337069869041443,,,,,,,,,,,,0.0,1.0,,0.0,0.038539763540029526,0.998304009437561,1.0079985857009888,,,,,,,
1340,,,0.16338376700878143,,,,,,,,,,,,0.0,1.0,,0.0,0.14777569472789764,0.9993963837623596,1.0079985857009888,,,,,,,
1341,,,0.13754849135875702,,,,,,,,,,,,0.0,1.0,,0.0,0.04623793438076973,0.9983809590339661,1.0079985857009888,,,,,,,
1342,,,0.20305600762367249,,,,,,,,,,,,0.0,1.0,,0.0,0.05380401015281677,0.9984566569328308,1.0079985857009888,,,,,,,
1343,,,0.12359016388654709,,,,,,,,,,,,0.0,1.0,,0.0,0.08263538032770157,0.9987449645996094,1.0079985857009888,,,,,,,
1344,,,0.17135655879974365,,,,,,,,,,,,0.0,1.0,,0.0,0.06135949864983559,0.9985321760177612,1.0079985857009888,,,,,,,
1345,,,0.11233760416507721,,,,,,,,,,,,0.0,1.0,,0.0,0.07450231164693832,0.998663604259491,1.0079985857009888,,,,,,,
1346,,,0.14783017337322235,,,,,,,,,,,,0.0,1.0,,0.0,0.07955344766378403,0.9987141489982605,1.0079985857009888,,,,,,,
1347,,,0.15830539166927338,,,,,,,,,,,,0.0,1.0,,0.0,0.12324812263250351,0.9991511106491089,1.0079985857009888,,,,,,,
1348,,,0.18718940019607544,,,,,,,,,,,,0.0,1.0,,0.0,0.06960787624120712,0.9986146688461304,1.0079985857009888,,,,,,,
1349,33.0,0.04174289479851723,0.2586677074432373,,,,,,,,,,,,0.0,1.0,0.0010000000474974513,0.0,0.04174289479851723,0.9983360171318054,1.0079985857009888,,0.04174289479851723,0.04174289479851723,0.018625086173415184,0.04174289479851723,0.0,0.04174289479851723
1350,,,0.23939460515975952,,,,,,,,,,,,0.0,1.0,,0.0,0.06530320644378662,0.9985716342926025,1.0079985857009888,,,,,,,
1351,,,0.12765365839004517,,,,,,,,,,,,0.0,1.0,,0.0,0.056659575551748276,0.9984852075576782,1.0079985857009888,,,,,,,
1352,,,0.1253276765346527,,,,,,,,,,,,0.0,1.0,,0.0,0.12335343658924103,0.9991521239280701,1.0079985857009888,,,,,,,
1353,,,0.19846148788928986,,,,,,,,,,,,0.0,1.0,,0.0,0.04469793662428856,0.998365581035614,1.0079985857009888,,,,,,,
1354,,,0.13171927630901337,,,,,,,,,,,,0.0,1.0,,0.0,0.051542919129133224,0.9984340071678162,1.0079985857009888,,,,,,,
1355,,,0.1664358377456665,,,,,,,,,,,,0.0,1.0,,0.0,0.03214943781495094,0.9982401132583618,1.0079985857009888,,,,,,,
1356,,,0.17196078598499298,,,,,,,,,,,,0.0,1.0,,0.0,0.043657101690769196,0.9983551502227783,1.0079985857009888,,,,,,,
1357,,,0.10729052871465683,,,,,,,,,,,,0.0,1.0,,0.0,0.11347541958093643,0.9990533590316772,1.0079985857009888,,,,,,,
1358,,,0.21382547914981842,,,,,,,,,,,,0.0,1.0,,0.0,0.037716690450906754,0.998295783996582,1.0079985857009888,,,,,,,
1359,33.0,0.16633160412311554,0.0980033203959465,0.0845719650387764,0.16633160412311554,0.0,0.16633160412311554,3.025871753692627,0.2543843686580658,6.353499412536621,8.358287811279297,0.9751105904579163,0.9705716967582703,0.6726963520050049,0.0,1.0,,0.0,0.04798203334212303,0.9983984231948853,1.0079985857009888,0.07164325565099716,,,,,,
1360,,,0.1791166514158249,,,,,,,,,,,,0.0,1.0,,0.0,0.0681670606136322,0.9986003041267395,1.0079985857009888,,,,,,,
1361,,,0.14288857579231262,,,,,,,,,,,,0.0,1.0,,0.0,0.11333173513412476,0.9990519285202026,1.0079985857009888,,,,,,,
1362,,,0.16411344707012177,,,,,,,,,,,,0.0,1.0,,0.0,0.10961809754371643,0.9990147948265076,1.0079985857009888,,,,,,,
1363,,,0.1764553040266037,,,,,,,,,,,,0.0,1.0,,0.0,0.08706606924533844,0.9987892508506775,1.0079985857009888,,,,,,,
1364,,,0.1821591556072235,,,,,,,,,,,,0.0,1.0,,0.0,0.04683205112814903,0.9983869194984436,1.0079985857009888,,,,,,,
1365,,,0.26350024342536926,,,,,,,,,,,,0.0,1.0,,0.0,0.051910705864429474,0.9984377026557922,1.0079985857009888,,,,,,,
1366,,,0.2276456505060196,,,,,,,,,,,,0.0,1.0,,0.0,0.06008182466030121,0.9985194206237793,1.0079985857009888,,,,,,,
1367,,,0.14764267206192017,,,,,,,,,,,,0.0,1.0,,0.0,0.03296154364943504,0.9982482194900513,1.0079985857009888,,,,,,,
1368,,,0.15398088097572327,,,,,,,,,,,,0.0,1.0,,0.0,0.07999997586011887,0.9987186193466187,1.0079985857009888,,,,,,,
1369,,,0.20990224182605743,,,,,,,,,,,,0.0,1.0,,0.0,0.052633803337812424,0.9984449148178101,1.0079985857009888,,,,,,,
1370,,,0.14479000866413116,,,,,,,,,,,,0.0,1.0,,0.0,0.052569374442100525,0.9984443187713623,1.0079985857009888,,,,,,,
1371,,,0.18914225697517395,,,,,,,,,,,,0.0,1.0,,0.0,0.09227409958839417,0.9988413453102112,1.0079985857009888,,,,,,,
1372,,,0.19106346368789673,,,,,,,,,,,,0.0,1.0,,0.0,0.051173754036426544,0.9984303712844849,1.0079985857009888,,,,,,,
1373,,,0.12973971664905548,,,,,,,,,,,,0.0,1.0,,0.0,0.08700138330459595,0.998788595199585,1.0079985857009888,,,,,,,
1374,,,0.21983452141284943,,,,,,,,,,,,0.0,1.0,,0.0,0.07241005450487137,0.9986426830291748,1.0079985857009888,,,,,,,
1375,,,0.13126108050346375,,,,,,,,,,,,0.0,1.0,,0.0,0.03693684563040733,0.9982879757881165,1.0079985857009888,,,,,,,
1376,,,0.170259028673172,,,,,,,,,,,,0.0,1.0,,0.0,0.03311409428715706,0.9982497692108154,1.0079985857009888,,,,,,,
1377,,,0.15174822509288788,,,,,,,,,,,,0.0,1.0,,0.0,0.061212800443172455,0.9985307455062866,1.0079985857009888,,,,,,,
1378,,,0.17084042727947235,,,,,,,,,,,,0.0,1.0,,0.0,0.04924825578927994,0.9984110593795776,1.0079985857009888,,,,,,,
1379,,,0.1745246946811676,,,,,,,,,,,,0.0,1.0,,0.0,0.07046977430582047,0.9986233115196228,1.0079985857009888,,,,,,,
1380,,,0.1456996500492096,,,,,,,,,,,,0.0,1.0,,0.0,0.033593930304050446,0.9982545375823975,1.0079985857009888,,,,,,,
1381,,,0.22227822244167328,,,,,,,,,,,,0.0,1.0,,0.0,0.06719884276390076,0.9985905885696411,1.0079985857009888,,,,,,,
1382,,,0.15942642092704773,,,,,,,,,,,,0.0,1.0,,0.0,0.09551350027322769,0.998873770236969,1.0079985857009888,,,,,,,
1383,,,0.15740849077701569,,,,,,,,,,,,0.0,1.0,,0.0,0.06800034642219543,0.9985986351966858,1.0079985857009888,,,,,,,
1384,,,0.16164319217205048,,,,,,,,,,,,0.0,1.0,,0.0,0.07486101239919662,0.9986672401428223,1.0079985857009888,,,,,,,
1385,,,0.20314012467861176,,,,,,,,,,,,0.0,1.0,,0.0,0.11040087044239044,0.9990226030349731,1.0079985857009888,,,,,,,
1386,,,0.1387368142604828,,,,,,,,,,,,0.0,1.0,,0.0,0.18226288259029388,0.99974125623703,1.0079985857009888,,,,,,,
1387,,,0.16569547355175018,,,,,,,,,,,,0.0,1.0,,0.0,0.047907836735248566,0.998397707939148,1.0079985857009888,,,,,,,
1388,,,0.1617509126663208,,,,,,,,,,,,0.0,1.0,,0.0,0.13931235671043396,0.9993117451667786,1.0079985857009888,,,,,,,
1389,,,0.15829725563526154,,,,,,,,,,,,0.0,1.0,,0.0,0.05860057845711708,0.998504638671875,1.0079985857009888,,,,,,,
1390,,,0.19263900816440582,,,,,,,,,,,,0.0,1.0,,0.0,0.04403112828731537,0.9983589053153992,1.0079985857009888,,,,,,,
1391,,,0.13809141516685486,,,,,,,,,,,,0.0,1.0,,0.0,0.05872919037938118,0.9985058903694153,1.0079985857009888,,,,,,,
1392,,,0.18277686834335327,,,,,,,,,,,,0.0,1.0,,0.0,0.033071331679821014,0.9982492923736572,1.0079985857009888,,,,,,,
1393,,,0.1416805386543274,,,,,,,,,,,,0.0,1.0,,0.0,0.19960592687129974,0.9999146461486816,1.0079985857009888,,,,,,,
1394,,,0.1503957062959671,,,,,,,,,,,,0.0,1.0,,0.0,0.04690557345747948,0.9983876347541809,1.0079985857009888,,,,,,,
1395,,,0.17915579676628113,,,,,,,,,,,,0.0,1.0,,0.0,0.05256051570177078,0.9984441995620728,1.0079985857009888,,,,,,,
1396,,,0.1531960517168045,,,,,,,,,,,,0.0,1.0,,0.0,0.16395708918571472,0.99955815076828,1.0079985857009888,,,,,,,
1397,,,0.27383559942245483,,,,,,,,,,,,0.0,1.0,,0.0,0.03458857163786888,0.998264491558075,1.0079985857009888,,,,,,,
1398,,,0.19909273087978363,,,,,,,,,,,,0.0,1.0,,0.0,0.07213884592056274,0.9986400008201599,1.0079985857009888,,,,,,,
1399,34.0,0.1929430365562439,0.1448902189731598,0.09623277187347412,0.1929430365562439,0.0,0.1929430365562439,3.428901195526123,0.29123151302337646,7.034872055053711,9.471607208251953,0.9741634130477905,0.9689279794692993,0.7445289492607117,0.0,1.0,0.0010000000474974513,0.0,0.3006005883216858,1.0009245872497559,1.0079985857009888,0.06968632340431213,0.3006005883216858,0.3006005883216858,0.11712430417537689,0.3006005883216858,0.0,0.3006005883216858
1400,,,0.1536886990070343,,,,,,,,,,,,0.0,1.0,,0.0,0.1412510871887207,0.9993311166763306,1.0079985857009888,,,,,,,
1401,,,0.21886460483074188,,,,,,,,,,,,0.0,1.0,,0.0,0.14303460717201233,0.9993489384651184,1.0079985857009888,,,,,,,
1402,,,0.15492673218250275,,,,,,,,,,,,0.0,1.0,,0.0,0.06022784486413002,0.9985209107398987,1.0079985857009888,,,,,,,
1403,,,0.18754293024539948,,,,,,,,,,,,0.0,1.0,,0.0,0.06714728474617004,0.9985900521278381,1.0079985857009888,,,,,,,
1404,,,0.1842556893825531,,,,,,,,,,,,0.0,1.0,,0.0,0.11146695911884308,0.9990332722663879,1.0079985857009888,,,,,,,
1405,,,0.1190158948302269,,,,,,,,,,,,0.0,1.0,,0.0,0.06382954120635986,0.998556911945343,1.0079985857009888,,,,,,,
1406,,,0.2289467602968216,,,,,,,,,,,,0.0,1.0,,0.0,0.05211665481328964,0.9984397888183594,1.0079985857009888,,,,,,,
1407,,,0.12037739902734756,,,,,,,,,,,,0.0,1.0,,0.0,0.12124568969011307,0.9991310834884644,1.0079985857009888,,,,,,,
1408,,,0.213831827044487,,,,,,,,,,,,0.0,1.0,,0.0,0.10675539821386337,0.9989861845970154,1.0079985857009888,,,,,,,
1409,,,0.3063778877258301,,,,,,,,,,,,0.0,1.0,,0.0,0.06431198865175247,0.9985617399215698,1.0079985857009888,,,,,,,
1410,,,0.37134549021720886,,,,,,,,,,,,0.0,1.0,,0.0,0.11436264216899872,0.9990622401237488,1.0079985857009888,,,,,,,
1411,,,0.221791073679924,,,,,,,,,,,,0.0,1.0,,0.0,0.07209588587284088,0.9986395835876465,1.0079985857009888,,,,,,,
1412,,,0.4479098618030548,,,,,,,,,,,,0.0,1.0,,0.0,0.09996405988931656,0.9989182353019714,1.0079985857009888,,,,,,,
1413,,,0.18414582312107086,,,,,,,,,,,,0.0,1.0,,0.0,0.050214506685733795,0.998420774936676,1.0079985857009888,,,,,,,
1414,,,0.5200157761573792,,,,,,,,,,,,0.0,1.0,,0.0,0.04873611778020859,0.9984059929847717,1.0079985857009888,,,,,,,
1415,,,0.28837576508522034,,,,,,,,,,,,0.0,1.0,,0.0,0.08103348314762115,0.9987289309501648,1.0079985857009888,,,,,,,
1416,,,0.26268550753593445,,,,,,,,,,,,0.0,1.0,,0.0,0.0654701441526413,0.9985733032226562,1.0079985857009888,,,,,,,
1417,,,0.1592617630958557,,,,,,,,,,,,0.0,1.0,,0.0,0.062414661049842834,0.9985427260398865,1.0079985857009888,,,,,,,
1418,,,0.1974736899137497,,,,,,,,,,,,0.0,1.0,,0.0,0.06273102760314941,0.9985459446907043,1.0079985857009888,,,,,,,
1419,,,0.1809692531824112,,,,,,,,,,,,0.0,1.0,,0.0,0.07573304325342178,0.9986759424209595,1.0079985857009888,,,,,,,
1420,,,0.17218372225761414,,,,,,,,,,,,0.0,1.0,,0.0,0.05772441253066063,0.998495876789093,1.0079985857009888,,,,,,,
1421,,,0.3359473645687103,,,,,,,,,,,,0.0,1.0,,0.0,0.050945185124874115,0.9984280467033386,1.0079985857009888,,,,,,,
1422,,,0.17792096734046936,,,,,,,,,,,,0.0,1.0,,0.0,0.046604644507169724,0.9983846545219421,1.0079985857009888,,,,,,,
1423,,,0.3144600987434387,,,,,,,,,,,,0.0,1.0,,0.0,0.07332728803157806,0.9986518621444702,1.0079985857009888,,,,,,,
1424,,,0.15090741217136383,,,,,,,,,,,,0.0,1.0,,0.0,0.09553009271621704,0.9988738894462585,1.0079985857009888,,,,,,,
1425,,,0.2256132960319519,,,,,,,,,,,,0.0,1.0,,0.0,0.0525553897023201,0.998444139957428,1.0079985857009888,,,,,,,
1426,,,0.28348204493522644,,,,,,,,,,,,0.0,1.0,,0.0,0.04466443881392479,0.9983652234077454,1.0079985857009888,,,,,,,
1427,,,0.1540263593196869,,,,,,,,,,,,0.0,1.0,,0.0,0.03482258692383766,0.9982668161392212,1.0079985857009888,,,,,,,
1428,,,0.36551782488822937,,,,,,,,,,,,0.0,1.0,,0.0,0.06876537203788757,0.998606264591217,1.0079985857009888,,,,,,,
1429,,,0.17614923417568207,,,,,,,,,,,,0.0,1.0,,0.0,0.0835142508149147,0.9987537264823914,1.0079985857009888,,,,,,,
1430,,,0.4362390339374542,,,,,,,,,,,,0.0,1.0,,0.0,0.09737610071897507,0.9988923668861389,1.0079985857009888,,,,,,,
1431,,,0.21024562418460846,,,,,,,,,,,,0.0,1.0,,0.0,0.05043701082468033,0.9984229803085327,1.0079985857009888,,,,,,,
1432,,,0.18632103502750397,,,,,,,,,,,,0.0,1.0,,0.0,0.09971371293067932,0.9989157319068909,1.0079985857009888,,,,,,,
1433,,,0.11628033220767975,,,,,,,,,,,,0.0,1.0,,0.0,0.04892587661743164,0.9984078407287598,1.0079985857009888,,,,,,,
1434,,,0.128905788064003,,,,,,,,,,,,0.0,1.0,,0.0,0.07107698172330856,0.9986293911933899,1.0079985857009888,,,,,,,
1435,,,0.14444130659103394,,,,,,,,,,,,0.0,1.0,,0.0,0.042678169906139374,0.9983453750610352,1.0079985857009888,,,,,,,
1436,,,0.1372598260641098,,,,,,,,,,,,0.0,1.0,,0.0,0.04273465648293495,0.9983459711074829,1.0079985857009888,,,,,,,
1437,,,0.24982987344264984,,,,,,,,,,,,0.0,1.0,,0.0,0.0337134525179863,0.998255729675293,1.0079985857009888,,,,,,,
1438,,,0.14462696015834808,,,,,,,,,,,,0.0,1.0,,0.0,0.04750245437026024,0.9983936548233032,1.0079985857009888,,,,,,,
1439,35.0,0.3236580491065979,0.23276293277740479,0.1406402438879013,0.3236580491065979,0.0,0.3236580491065979,3.4257378578186035,0.3095937967300415,6.938949108123779,9.44621753692627,0.9743240475654602,0.9692040085792542,1.0140256881713867,0.0,1.0,,0.0,0.2351708859205246,1.0002703666687012,1.0079985857009888,0.07327133417129517,,,,,,
1440,,,0.15212368965148926,,,,,,,,,,,,0.0,1.0,,0.0,0.10600671917200089,0.9989786744117737,1.0079985857009888,,,,,,,
1441,,,0.12973026931285858,,,,,,,,,,,,0.0,1.0,,0.0,0.038572292774915695,0.9983043074607849,1.0079985857009888,,,,,,,
1442,,,0.1824658066034317,,,,,,,,,,,,0.0,1.0,,0.0,0.056503310799598694,0.9984836578369141,1.0079985857009888,,,,,,,
1443,,,0.1406523585319519,,,,,,,,,,,,0.0,1.0,,0.0,0.3388601839542389,1.0013072490692139,1.0079985857009888,,,,,,,
1444,,,0.19286538660526276,,,,,,,,,,,,0.0,1.0,,0.0,0.0876522809267044,0.9987951517105103,1.0079985857009888,,,,,,,
1445,,,0.22597379982471466,,,,,,,,,,,,0.0,1.0,,0.0,0.06755166500806808,0.9985941052436829,1.0079985857009888,,,,,,,
1446,,,0.2529701590538025,,,,,,,,,,,,0.0,1.0,,0.0,0.05952509120106697,0.9985138773918152,1.0079985857009888,,,,,,,
1447,,,0.14944776892662048,,,,,,,,,,,,0.0,1.0,,0.0,0.0660306066274643,0.9985789060592651,1.0079985857009888,,,,,,,
1448,,,0.12294652312994003,,,,,,,,,,,,0.0,1.0,,0.0,0.07254086434841156,0.9986439943313599,1.0079985857009888,,,,,,,
1449,36.0,0.10564664751291275,0.18207338452339172,,,,,,,,,,,,0.0,1.0,0.0010000000474974513,0.0,0.10564664751291275,0.9989750981330872,1.0079985857009888,,0.10564664751291275,0.10564664751291275,0.042359888553619385,0.10564664751291275,0.0,0.10564664751291275
1450,,,0.1177680566906929,,,,,,,,,,,,0.0,1.0,,0.0,0.05612076073884964,0.9984798431396484,1.0079985857009888,,,,,,,
1451,,,0.16166207194328308,,,,,,,,,,,,0.0,1.0,,0.0,0.05171842873096466,0.9984357953071594,1.0079985857009888,,,,,,,
1452,,,0.15235331654548645,,,,,,,,,,,,0.0,1.0,,0.0,0.0794682502746582,0.9987133145332336,1.0079985857009888,,,,,,,
1453,,,0.13231614232063293,,,,,,,,,,,,0.0,1.0,,0.0,0.12556681036949158,0.9991742968559265,1.0079985857009888,,,,,,,
1454,,,0.1813725084066391,,,,,,,,,,,,0.0,1.0,,0.0,0.12200302630662918,0.9991386532783508,1.0079985857009888,,,,,,,
1455,,,0.1237078532576561,,,,,,,,,,,,0.0,1.0,,0.0,0.0698096752166748,0.9986166954040527,1.0079985857009888,,,,,,,
1456,,,0.13237836956977844,,,,,,,,,,,,0.0,1.0,,0.0,0.05322980135679245,0.9984508752822876,1.0079985857009888,,,,,,,
1457,,,0.15052756667137146,,,,,,,,,,,,0.0,1.0,,0.0,0.04001297801733017,0.9983187317848206,1.0079985857009888,,,,,,,
1458,,,0.20409414172172546,,,,,,,,,,,,0.0,1.0,,0.0,0.057172730565071106,0.9984903335571289,1.0079985857009888,,,,,,,
1459,,,0.12340999394655228,,,,,,,,,,,,0.0,1.0,,0.0,0.11594769358634949,0.999078094959259,1.0079985857009888,,,,,,,
1460,,,0.25353866815567017,,,,,,,,,,,,0.0,1.0,,0.0,0.0810774490237236,0.998729407787323,1.0079985857009888,,,,,,,
1461,,,0.1797821819782257,,,,,,,,,,,,0.0,1.0,,0.0,0.09566480666399002,0.9988752603530884,1.0079985857009888,,,,,,,
1462,,,0.3212684690952301,,,,,,,,,,,,0.0,1.0,,0.0,0.05401154235005379,0.998458743095398,1.0079985857009888,,,,,,,
1463,,,0.1569555252790451,,,,,,,,,,,,0.0,1.0,,0.0,0.09069916605949402,0.9988256096839905,1.0079985857009888,,,,,,,
1464,,,0.12182819843292236,,,,,,,,,,,,0.0,1.0,,0.0,0.052419595420360565,0.9984428286552429,1.0079985857009888,,,,,,,
1465,,,0.1367800086736679,,,,,,,,,,,,0.0,1.0,,0.0,0.06569668650627136,0.9985755681991577,1.0079985857009888,,,,,,,
1466,,,0.09957492351531982,,,,,,,,,,,,0.0,1.0,,0.0,0.06186576560139656,0.9985372424125671,1.0079985857009888,,,,,,,
1467,,,0.13902153074741364,,,,,,,,,,,,0.0,1.0,,0.0,0.05975336581468582,0.9985161423683167,1.0079985857009888,,,,,,,
1468,,,0.1299978643655777,,,,,,,,,,,,0.0,1.0,,0.0,0.06361321359872818,0.9985547661781311,1.0079985857009888,,,,,,,
1469,,,0.16505581140518188,,,,,,,,,,,,0.0,1.0,,0.0,0.06979185342788696,0.9986165165901184,1.0079985857009888,,,,,,,
1470,,,0.14937417209148407,,,,,,,,,,,,0.0,1.0,,0.0,0.13855606317520142,0.9993041753768921,1.0079985857009888,,,,,,,
1471,,,0.15274812281131744,,,,,,,,,,,,0.0,1.0,,0.0,0.13733984529972076,0.9992920160293579,1.0079985857009888,,,,,,,
1472,,,0.15748997032642365,,,,,,,,,,,,0.0,1.0,,0.0,0.1643179953098297,0.9995617866516113,1.0079985857009888,,,,,,,
1473,,,0.21452367305755615,,,,,,,,,,,,0.0,1.0,,0.0,0.0795307531952858,0.9987139105796814,1.0079985857009888,,,,,,,
1474,,,0.27369195222854614,,,,,,,,,,,,0.0,1.0,,0.0,0.07417146861553192,0.9986603260040283,1.0079985857009888,,,,,,,
1475,,,0.15388034284114838,,,,,,,,,,,,0.0,1.0,,0.0,0.053281523287296295,0.9984514117240906,1.0079985857009888,,,,,,,
1476,,,0.3400738835334778,,,,,,,,,,,,0.0,1.0,,0.0,0.13344933092594147,0.9992530941963196,1.0079985857009888,,,,,,,
1477,,,0.2203047275543213,,,,,,,,,,,,0.0,1.0,,0.0,0.06407411396503448,0.9985593557357788,1.0079985857009888,,,,,,,
1478,,,0.40169525146484375,,,,,,,,,,,,0.0,1.0,,0.0,0.04127179831266403,0.9983313083648682,1.0079985857009888,,,,,,,
1479,36.0,0.16271981596946716,0.21392495930194855,0.078809455037117,0.16271981596946716,0.0,0.16271981596946716,2.5030744075775146,0.21263565123081207,5.522943019866943,6.969552040100098,0.9774377942085266,0.9738668203353882,0.48068997263908386,0.0,1.0,,0.0,0.2467944175004959,1.0003865957260132,1.0079985857009888,0.08903757482767105,,,,,,
1480,,,0.17310035228729248,,,,,,,,,,,,0.0,1.0,,0.0,0.05329042300581932,0.9984515309333801,1.0079985857009888,,,,,,,
1481,,,0.16812697052955627,,,,,,,,,,,,0.0,1.0,,0.0,0.050740085542201996,0.9984260201454163,1.0079985857009888,,,,,,,
1482,,,0.1279449760913849,,,,,,,,,,,,0.0,1.0,,0.0,0.06033733859658241,0.9985219836235046,1.0079985857009888,,,,,,,
1483,,,0.15924283862113953,,,,,,,,,,,,0.0,1.0,,0.0,0.05318824574351311,0.998450517654419,1.0079985857009888,,,,,,,
1484,,,0.15552060306072235,,,,,,,,,,,,0.0,1.0,,0.0,0.09710903465747833,0.998889684677124,1.0079985857009888,,,,,,,
1485,,,0.23164544999599457,,,,,,,,,,,,0.0,1.0,,0.0,0.04000164568424225,0.998318612575531,1.0079985857009888,,,,,,,
1486,,,0.17624987661838531,,,,,,,,,,,,0.0,1.0,,0.0,0.11057453602552414,0.9990243315696716,1.0079985857009888,,,,,,,
1487,,,0.20587727427482605,,,,,,,,,,,,0.0,1.0,,0.0,0.16084706783294678,0.999527096748352,1.0079985857009888,,,,,,,
1488,,,0.13558746874332428,,,,,,,,,,,,0.0,1.0,,0.0,0.07156719267368317,0.9986342787742615,1.0079985857009888,,,,,,,
1489,,,0.10987876355648041,,,,,,,,,,,,0.0,1.0,,0.0,0.06141795590519905,0.998532772064209,1.0079985857009888,,,,,,,
1490,,,0.1195724606513977,,,,,,,,,,,,0.0,1.0,,0.0,0.07936520874500275,0.9987122416496277,1.0079985857009888,,,,,,,
1491,,,0.14129383862018585,,,,,,,,,,,,0.0,1.0,,0.0,0.08753922581672668,0.9987940192222595,1.0079985857009888,,,,,,,
1492,,,0.1117234006524086,,,,,,,,,,,,0.0,1.0,,0.0,0.12410447001457214,0.9991596341133118,1.0079985857009888,,,,,,,
1493,,,0.2097967118024826,,,,,,,,,,,,0.0,1.0,,0.0,0.059123340994119644,0.9985098242759705,1.0079985857009888,,,,,,,
1494,,,0.1374388039112091,,,,,,,,,,,,0.0,1.0,,0.0,0.10835489630699158,0.9990021586418152,1.0079985857009888,,,,,,,
1495,,,0.12493763118982315,,,,,,,,,,,,0.0,1.0,,0.0,0.1740051656961441,0.9996586441993713,1.0079985857009888,,,,,,,
1496,,,0.11750517785549164,,,,,,,,,,,,0.0,1.0,,0.0,0.1397724598646164,0.9993163347244263,1.0079985857009888,,,,,,,
1497,,,0.17631812393665314,,,,,,,,,,,,0.0,1.0,,0.0,0.07242235541343689,0.9986428022384644,1.0079985857009888,,,,,,,
1498,,,0.11546579748392105,,,,,,,,,,,,0.0,1.0,,0.0,0.10250215232372284,0.9989436268806458,1.0079985857009888,,,,,,,
1499,37.0,0.045531295239925385,0.13960368931293488,,,,,,,,,,,,0.0,1.0,0.0010000000474974513,0.0,0.045531295239925385,0.9983739256858826,1.0079985857009888,,0.045531295239925385,0.045531295239925385,0.03486067056655884,0.045531295239925385,0.0,0.045531295239925385
1500,,,0.13713084161281586,,,,,,,,,,,,0.0,1.0,,0.0,0.10931368917226791,0.999011754989624,1.0079985857009888,,,,,,,
1501,,,0.11323824524879456,,,,,,,,,,,,0.0,1.0,,0.0,0.08785565197467804,0.9987971782684326,1.0079985857009888,,,,,,,
1502,,,0.17472662031650543,,,,,,,,,,,,0.0,1.0,,0.0,0.07988821715116501,0.9987174868583679,1.0079985857009888,,,,,,,
1503,,,0.09277773648500443,,,,,,,,,,,,0.0,1.0,,0.0,0.06206861883401871,0.9985392689704895,1.0079985857009888,,,,,,,
1504,,,0.16444458067417145,,,,,,,,,,,,0.0,1.0,,0.0,0.12454783171415329,0.9991641044616699,1.0079985857009888,,,,,,,
1505,,,0.13836784660816193,,,,,,,,,,,,0.0,1.0,,0.0,0.10898143798112869,0.9990084171295166,1.0079985857009888,,,,,,,
1506,,,0.16434742510318756,,,,,,,,,,,,0.0,1.0,,0.0,0.08855500817298889,0.9988041520118713,1.0079985857009888,,,,,,,
1507,,,0.15047644078731537,,,,,,,,,,,,0.0,1.0,,0.0,0.09849188476800919,0.9989035129547119,1.0079985857009888,,,,,,,
1508,,,0.16538110375404358,,,,,,,,,,,,0.0,1.0,,0.0,0.0858202576637268,0.9987767934799194,1.0079985857009888,,,,,,,
1509,,,0.21155457198619843,,,,,,,,,,,,0.0,1.0,,0.0,0.1244216114282608,0.9991627931594849,1.0079985857009888,,,,,,,
1510,,,0.19974902272224426,,,,,,,,,,,,0.0,1.0,,0.0,0.14350220561027527,0.9993536472320557,1.0079985857009888,,,,,,,
1511,,,0.15175046026706696,,,,,,,,,,,,0.0,1.0,,0.0,0.06356289982795715,0.9985542297363281,1.0079985857009888,,,,,,,
1512,,,0.13902005553245544,,,,,,,,,,,,0.0,1.0,,0.0,0.05624925717711449,0.9984810948371887,1.0079985857009888,,,,,,,
1513,,,0.18887871503829956,,,,,,,,,,,,0.0,1.0,,0.0,0.07111196964979172,0.9986297488212585,1.0079985857009888,,,,,,,
1514,,,0.13696883618831635,,,,,,,,,,,,0.0,1.0,,0.0,0.09485454857349396,0.9988671541213989,1.0079985857009888,,,,,,,
1515,,,0.15848158299922943,,,,,,,,,,,,0.0,1.0,,0.0,0.11834052205085754,0.999101996421814,1.0079985857009888,,,,,,,
1516,,,0.16012713313102722,,,,,,,,,,,,0.0,1.0,,0.0,0.0659874901175499,0.9985784888267517,1.0079985857009888,,,,,,,
1517,,,0.12983068823814392,,,,,,,,,,,,0.0,1.0,,0.0,0.05943959206342697,0.9985129833221436,1.0079985857009888,,,,,,,
1518,,,0.17374761402606964,,,,,,,,,,,,0.0,1.0,,0.0,0.06553851813077927,0.9985740184783936,1.0079985857009888,,,,,,,
1519,37.0,0.19179435074329376,0.12845845520496368,0.0920061469078064,0.19179435074329376,0.0,0.19179435074329376,3.407855749130249,0.29408788681030273,6.959470272064209,9.346968650817871,0.9740077257156372,0.9687620401382446,0.8159961700439453,0.0,1.0,,0.0,0.1045859083533287,0.9989644885063171,1.0079985857009888,0.0815681666135788,,,,,,
1520,,,0.1369192898273468,,,,,,,,,,,,0.0,1.0,,0.0,0.04588501155376434,0.9983774423599243,1.0079985857009888,,,,,,,
1521,,,0.16598747670650482,,,,,,,,,,,,0.0,1.0,,0.0,0.06481257826089859,0.998566746711731,1.0079985857009888,,,,,,,
1522,,,0.221250519156456,,,,,,,,,,,,0.0,1.0,,0.0,0.037029605358839035,0.9982889294624329,1.0079985857009888,,,,,,,
1523,,,0.12384157627820969,,,,,,,,,,,,0.0,1.0,,0.0,0.06989316642284393,0.9986175298690796,1.0079985857009888,,,,,,,
1524,,,0.282611608505249,,,,,,,,,,,,0.0,1.0,,0.0,0.05093605816364288,0.9984279870986938,1.0079985857009888,,,,,,,
1525,,,0.20733009278774261,,,,,,,,,,,,0.0,1.0,,0.0,0.04083997383713722,0.9983270168304443,1.0079985857009888,,,,,,,
1526,,,0.3406383693218231,,,,,,,,,,,,0.0,1.0,,0.0,0.10570954531431198,0.9989756941795349,1.0079985857009888,,,,,,,
1527,,,0.16187715530395508,,,,,,,,,,,,0.0,1.0,,0.0,0.03303159773349762,0.9982489347457886,1.0079985857009888,,,,,,,
1528,,,0.13220864534378052,,,,,,,,,,,,0.0,1.0,,0.0,0.07633073627948761,0.998681902885437,1.0079985857009888,,,,,,,
1529,,,0.15508826076984406,,,,,,,,,,,,0.0,1.0,,0.0,0.04317106306552887,0.9983503222465515,1.0079985857009888,,,,,,,
1530,,,0.10172310471534729,,,,,,,,,,,,0.0,1.0,,0.0,0.06837401539087296,0.9986023306846619,1.0079985857009888,,,,,,,
1531,,,0.14767912030220032,,,,,,,,,,,,0.0,1.0,,0.0,0.04835168272256851,0.9984021186828613,1.0079985857009888,,,,,,,
1532,,,0.14604243636131287,,,,,,,,,,,,0.0,1.0,,0.0,0.0947171151638031,0.9988657832145691,1.0079985857009888,,,,,,,
1533,,,0.17999665439128876,,,,,,,,,,,,0.0,1.0,,0.0,0.05644576996564865,0.9984830617904663,1.0079985857009888,,,,,,,
1534,,,0.16843584179878235,,,,,,,,,,,,0.0,1.0,,0.0,0.08413867652416229,0.9987599849700928,1.0079985857009888,,,,,,,
1535,,,0.16158004105091095,,,,,,,,,,,,0.0,1.0,,0.0,0.07412155717611313,0.9986598491668701,1.0079985857009888,,,,,,,
1536,,,0.12841632962226868,,,,,,,,,,,,0.0,1.0,,0.0,0.038655295968055725,0.9983051419258118,1.0079985857009888,,,,,,,
1537,,,0.10614828020334244,,,,,,,,,,,,0.0,1.0,,0.0,0.051134418696165085,0.9984299540519714,1.0079985857009888,,,,,,,
1538,,,0.14818301796913147,,,,,,,,,,,,0.0,1.0,,0.0,0.07108288258314133,0.9986294507980347,1.0079985857009888,,,,,,,
1539,,,0.11613074690103531,,,,,,,,,,,,0.0,1.0,,0.0,0.12169338017702103,0.9991355538368225,1.0079985857009888,,,,,,,
1540,,,0.1495325267314911,,,,,,,,,,,,0.0,1.0,,0.0,0.04530707001686096,0.9983716607093811,1.0079985857009888,,,,,,,
1541,,,0.1736602932214737,,,,,,,,,,,,0.0,1.0,,0.0,0.08982475847005844,0.9988168478012085,1.0079985857009888,,,,,,,
1542,,,0.20354227721691132,,,,,,,,,,,,0.0,1.0,,0.0,0.05915533006191254,0.9985101819038391,1.0079985857009888,,,,,,,
1543,,,0.12070365995168686,,,,,,,,,,,,0.0,1.0,,0.0,0.055744245648384094,0.9984760284423828,1.0079985857009888,,,,,,,
1544,,,0.10201415419578552,,,,,,,,,,,,0.0,1.0,,0.0,0.0471794530749321,0.9983903765678406,1.0079985857009888,,,,,,,
1545,,,0.15444982051849365,,,,,,,,,,,,0.0,1.0,,0.0,0.03458988666534424,0.998264491558075,1.0079985857009888,,,,,,,
1546,,,0.09786370396614075,,,,,,,,,,,,0.0,1.0,,0.0,0.043194420635700226,0.9983505606651306,1.0079985857009888,,,,,,,
1547,,,0.13303051888942719,,,,,,,,,,,,0.0,1.0,,0.0,0.04935430362820625,0.9984121322631836,1.0079985857009888,,,,,,,
1548,,,0.12602317333221436,,,,,,,,,,,,0.0,1.0,,0.0,0.04416393116116524,0.9983602166175842,1.0079985857009888,,,,,,,
1549,38.0,0.05106309801340103,0.10292399674654007,,,,,,,,,,,,0.0,1.0,0.0010000000474974513,0.0,0.05106309801340103,0.9984292387962341,1.0079985857009888,,0.05106309801340103,0.05106309801340103,0.026329077780246735,0.05106309801340103,0.0,0.05106309801340103
1550,,,0.14365576207637787,,,,,,,,,,,,0.0,1.0,,0.0,0.07519133388996124,0.9986705183982849,1.0079985857009888,,,,,,,
1551,,,0.0982021689414978,,,,,,,,,,,,0.0,1.0,,0.0,0.06246882304549217,0.9985433220863342,1.0079985857009888,,,,,,,
1552,,,0.14865167438983917,,,,,,,,,,,,0.0,1.0,,0.0,0.0515129491686821,0.9984337091445923,1.0079985857009888,,,,,,,
1553,,,0.19886110723018646,,,,,,,,,,,,0.0,1.0,,0.0,0.0431564562022686,0.9983501434326172,1.0079985857009888,,,,,,,
1554,,,0.26381412148475647,,,,,,,,,,,,0.0,1.0,,0.0,0.046786125749349594,0.9983864426612854,1.0079985857009888,,,,,,,
1555,,,0.14206244051456451,,,,,,,,,,,,0.0,1.0,,0.0,0.04090704768896103,0.9983276724815369,1.0079985857009888,,,,,,,
1556,,,0.3216102421283722,,,,,,,,,,,,0.0,1.0,,0.0,0.07998592406511307,0.9987184405326843,1.0079985857009888,,,,,,,
1557,,,0.19707748293876648,,,,,,,,,,,,0.0,1.0,,0.0,0.05916659161448479,0.9985103011131287,1.0079985857009888,,,,,,,
1558,,,0.38697004318237305,,,,,,,,,,,,0.0,1.0,,0.0,0.05182803422212601,0.9984368681907654,1.0079985857009888,,,,,,,
1559,38.0,0.18806253373622894,0.19004002213478088,0.09171950072050095,0.18806253373622894,0.0,0.18806253373622894,3.0837135314941406,0.2614734470844269,6.6052751541137695,8.690705299377441,0.9751129746437073,0.9705552458763123,0.6709082722663879,0.0,1.0,,0.0,0.06127793341875076,0.9985314011573792,1.0079985857009888,0.05949701368808746,,,,,,
1560,,,0.15293045341968536,,,,,,,,,,,,0.0,1.0,,0.0,0.17003749310970306,0.9996190071105957,1.0079985857009888,,,,,,,
1561,,,0.13858364522457123,,,,,,,,,,,,0.0,1.0,,0.0,0.047291334718465805,0.9983915090560913,1.0079985857009888,,,,,,,
1562,,,0.11798829585313797,,,,,,,,,,,,0.0,1.0,,0.0,0.05755370855331421,0.9984941482543945,1.0079985857009888,,,,,,,
1563,,,0.1481391042470932,,,,,,,,,,,,0.0,1.0,,0.0,0.06287486106157303,0.998547375202179,1.0079985857009888,,,,,,,
1564,,,0.14724823832511902,,,,,,,,,,,,0.0,1.0,,0.0,0.043893977999687195,0.9983575344085693,1.0079985857009888,,,,,,,
1565,,,0.21971014142036438,,,,,,,,,,,,0.0,1.0,,0.0,0.17272362112998962,0.9996458292007446,1.0079985857009888,,,,,,,
1566,,,0.16130869090557098,,,,,,,,,,,,0.0,1.0,,0.0,0.04439448565244675,0.9983625411987305,1.0079985857009888,,,,,,,
1567,,,0.19665038585662842,,,,,,,,,,,,0.0,1.0,,0.0,0.0433008074760437,0.9983516335487366,1.0079985857009888,,,,,,,
1568,,,0.16342850029468536,,,,,,,,,,,,0.0,1.0,,0.0,0.07437186688184738,0.9986623525619507,1.0079985857009888,,,,,,,
1569,,,0.17850036919116974,,,,,,,,,,,,0.0,1.0,,0.0,0.05781654641032219,0.9984967708587646,1.0079985857009888,,,,,,,
1570,,,0.22668178379535675,,,,,,,,,,,,0.0,1.0,,0.0,0.09278497844934464,0.9988464713096619,1.0079985857009888,,,,,,,
1571,,,0.15025745332241058,,,,,,,,,,,,0.0,1.0,,0.0,0.08692429214715958,0.9987878203392029,1.0079985857009888,,,,,,,
1572,,,0.28107258677482605,,,,,,,,,,,,0.0,1.0,,0.0,0.11249245703220367,0.9990435242652893,1.0079985857009888,,,,,,,
1573,,,0.24087660014629364,,,,,,,,,,,,0.0,1.0,,0.0,0.0894390419125557,0.9988129734992981,1.0079985857009888,,,,,,,
1574,,,0.34314069151878357,,,,,,,,,,,,0.0,1.0,,0.0,0.039507512003183365,0.9983136653900146,1.0079985857009888,,,,,,,
1575,,,0.18082870543003082,,,,,,,,,,,,0.0,1.0,,0.0,0.04132913425564766,0.9983319044113159,1.0079985857009888,,,,,,,
1576,,,0.14472845196723938,,,,,,,,,,,,0.0,1.0,,0.0,0.12306363880634308,0.9991492629051208,1.0079985857009888,,,,,,,
1577,,,0.18287740647792816,,,,,,,,,,,,0.0,1.0,,0.0,0.050010912120342255,0.9984186887741089,1.0079985857009888,,,,,,,
1578,,,0.12146218121051788,,,,,,,,,,,,0.0,1.0,,0.0,0.056729987263679504,0.9984859228134155,1.0079985857009888,,,,,,,
1579,,,0.17215760052204132,,,,,,,,,,,,0.0,1.0,,0.0,0.03339330479502678,0.9982525110244751,1.0079985857009888,,,,,,,
1580,,,0.17132025957107544,,,,,,,,,,,,0.0,1.0,,0.0,0.040731437504291534,0.9983259439468384,1.0079985857009888,,,,,,,
1581,,,0.18887153267860413,,,,,,,,,,,,0.0,1.0,,0.0,0.08712397515773773,0.9987898468971252,1.0079985857009888,,,,,,,
1582,,,0.1953291893005371,,,,,,,,,,,,0.0,1.0,,0.0,0.05006159842014313,0.9984192252159119,1.0079985857009888,,,,,,,
1583,,,0.16765344142913818,,,,,,,,,,,,0.0,1.0,,0.0,0.0634419322013855,0.9985530376434326,1.0079985857009888,,,,,,,
1584,,,0.19096660614013672,,,,,,,,,,,,0.0,1.0,,0.0,0.06565432250499725,0.9985751509666443,1.0079985857009888,,,,,,,
1585,,,0.15873464941978455,,,,,,,,,,,,0.0,1.0,,0.0,0.03413059934973717,0.9982599020004272,1.0079985857009888,,,,,,,
1586,,,0.16533531248569489,,,,,,,,,,,,0.0,1.0,,0.0,0.08197895437479019,0.9987384080886841,1.0079985857009888,,,,,,,
1587,,,0.19119298458099365,,,,,,,,,,,,0.0,1.0,,0.0,0.06065443158149719,0.9985251426696777,1.0079985857009888,,,,,,,
1588,,,0.14581651985645294,,,,,,,,,,,,0.0,1.0,,0.0,0.05731066316366196,0.9984917044639587,1.0079985857009888,,,,,,,
1589,,,0.2358720302581787,,,,,,,,,,,,0.0,1.0,,0.0,0.08297755569219589,0.9987483620643616,1.0079985857009888,,,,,,,
1590,,,0.1652914434671402,,,,,,,,,,,,0.0,1.0,,0.0,0.03460705652832985,0.9982646703720093,1.0079985857009888,,,,,,,
1591,,,0.1667049378156662,,,,,,,,,,,,0.0,1.0,,0.0,0.12417250871658325,0.9991603493690491,1.0079985857009888,,,,,,,
1592,,,0.16996948421001434,,,,,,,,,,,,0.0,1.0,,0.0,0.0838947668671608,0.998757541179657,1.0079985857009888,,,,,,,
1593,,,0.2233971655368805,,,,,,,,,,,,0.0,1.0,,0.0,0.10530263185501099,0.9989716410636902,1.0079985857009888,,,,,,,
1594,,,0.16506829857826233,,,,,,,,,,,,0.0,1.0,,0.0,0.1254824995994568,0.9991734027862549,1.0079985857009888,,,,,,,
1595,,,0.17067161202430725,,,,,,,,,,,,0.0,1.0,,0.0,0.0468110553920269,0.9983867406845093,1.0079985857009888,,,,,,,
1596,,,0.1751386523246765,,,,,,,,,,,,0.0,1.0,,0.0,0.10570541769266129,0.9989756345748901,1.0079985857009888,,,,,,,
1597,,,0.17224328219890594,,,,,,,,,,,,0.0,1.0,,0.0,0.07680516690015793,0.998686671257019,1.0079985857009888,,,,,,,
1598,,,0.20633333921432495,,,,,,,,,,,,0.0,1.0,,0.0,0.05952921137213707,0.9985138773918152,1.0079985857009888,,,,,,,
1599,39.0,0.170502170920372,0.1492242068052292,0.08400391042232513,0.170502170920372,0.0,0.170502170920372,3.0588855743408203,0.2627195119857788,6.282604694366455,8.184803009033203,0.9747180938720703,0.9699848294258118,0.6546347737312317,0.0,1.0,0.0010000000474974513,0.0,0.08407440781593323,0.9987593293190002,1.0079985857009888,0.06854752451181412,0.08407440781593323,0.08407440781593323,0.03899403661489487,0.08407440781593323,0.0,0.08407440781593323
1600,,,0.22483529150485992,,,,,,,,,,,,0.0,1.0,,0.0,0.0810440257191658,0.9987290501594543,1.0079985857009888,,,,,,,
1601,,,0.16060583293437958,,,,,,,,,,,,0.0,1.0,,0.0,0.0459497906267643,0.9983780980110168,1.0079985857009888,,,,,,,
1602,,,0.1539929360151291,,,,,,,,,,,,0.0,1.0,,0.0,0.045619118958711624,0.9983748197555542,1.0079985857009888,,,,,,,
1603,,,0.21612367033958435,,,,,,,,,,,,0.0,1.0,,0.0,0.06780096888542175,0.9985966086387634,1.0079985857009888,,,,,,,
1604,,,0.12950465083122253,,,,,,,,,,,,0.0,1.0,,0.0,0.063811294734478,0.9985567331314087,1.0079985857009888,,,,,,,
1605,,,0.3026563227176666,,,,,,,,,,,,0.0,1.0,,0.0,0.16128085553646088,0.9995313882827759,1.0079985857009888,,,,,,,
1606,,,0.15080754458904266,,,,,,,,,,,,0.0,1.0,,0.0,0.08264733105897903,0.9987450838088989,1.0079985857009888,,,,,,,
1607,,,0.16491985321044922,,,,,,,,,,,,0.0,1.0,,0.0,0.03429828956723213,0.998261570930481,1.0079985857009888,,,,,,,
1608,,,0.17575311660766602,,,,,,,,,,,,0.0,1.0,,0.0,0.03355840966105461,0.9982541799545288,1.0079985857009888,,,,,,,
1609,,,0.2414054125547409,,,,,,,,,,,,0.0,1.0,,0.0,0.05966988205909729,0.9985153079032898,1.0079985857009888,,,,,,,
1610,,,0.19524402916431427,,,,,,,,,,,,0.0,1.0,,0.0,0.06474770605564117,0.9985660910606384,1.0079985857009888,,,,,,,
1611,,,0.19802655279636383,,,,,,,,,,,,0.0,1.0,,0.0,0.04029199853539467,0.998321533203125,1.0079985857009888,,,,,,,
1612,,,0.22170810401439667,,,,,,,,,,,,0.0,1.0,,0.0,0.0576353594660759,0.9984949827194214,1.0079985857009888,,,,,,,
1613,,,0.13890646398067474,,,,,,,,,,,,0.0,1.0,,0.0,0.07805822789669037,0.9986991882324219,1.0079985857009888,,,,,,,
1614,,,0.25712960958480835,,,,,,,,,,,,0.0,1.0,,0.0,0.05080389603972435,0.998426616191864,1.0079985857009888,,,,,,,
1615,,,0.14191652834415436,,,,,,,,,,,,0.0,1.0,,0.0,0.04577011242508888,0.9983763098716736,1.0079985857009888,,,,,,,
1616,,,0.1741698831319809,,,,,,,,,,,,0.0,1.0,,0.0,0.06582876294851303,0.9985768795013428,1.0079985857009888,,,,,,,
1617,,,0.23316515982151031,,,,,,,,,,,,0.0,1.0,,0.0,0.042533162981271744,0.9983439445495605,1.0079985857009888,,,,,,,
1618,,,0.30517885088920593,,,,,,,,,,,,0.0,1.0,,0.0,0.04849456995725632,0.9984035491943359,1.0079985857009888,,,,,,,
1619,,,0.16984911262989044,,,,,,,,,,,,0.0,1.0,,0.0,0.09063886851072311,0.9988250136375427,1.0079985857009888,,,,,,,
1620,,,0.3674076497554779,,,,,,,,,,,,0.0,1.0,,0.0,0.07334523648023605,0.9986520409584045,1.0079985857009888,,,,,,,
1621,,,0.20394712686538696,,,,,,,,,,,,0.0,1.0,,0.0,0.03826533257961273,0.9983012676239014,1.0079985857009888,,,,,,,
1622,,,0.433881551027298,,,,,,,,,,,,0.0,1.0,,0.0,0.07059285044670105,0.9986245632171631,1.0079985857009888,,,,,,,
1623,,,0.23057539761066437,,,,,,,,,,,,0.0,1.0,,0.0,0.06684135645627975,0.9985870122909546,1.0079985857009888,,,,,,,
1624,,,0.18801692128181458,,,,,,,,,,,,0.0,1.0,,0.0,0.054171327501535416,0.9984602928161621,1.0079985857009888,,,,,,,
1625,,,0.14454180002212524,,,,,,,,,,,,0.0,1.0,,0.0,0.05453425645828247,0.9984639286994934,1.0079985857009888,,,,,,,
1626,,,0.1379755139350891,,,,,,,,,,,,0.0,1.0,,0.0,0.05458375811576843,0.9984644651412964,1.0079985857009888,,,,,,,
1627,,,0.16048088669776917,,,,,,,,,,,,0.0,1.0,,0.0,0.04663762450218201,0.998384952545166,1.0079985857009888,,,,,,,
1628,,,0.16119438409805298,,,,,,,,,,,,0.0,1.0,,0.0,0.05013343319296837,0.9984199404716492,1.0079985857009888,,,,,,,
1629,,,0.25403234362602234,,,,,,,,,,,,0.0,1.0,,0.0,0.04351846128702164,0.9983537793159485,1.0079985857009888,,,,,,,
1630,,,0.1689170002937317,,,,,,,,,,,,0.0,1.0,,0.0,0.09445783495903015,0.998863160610199,1.0079985857009888,,,,,,,
1631,,,0.23277229070663452,,,,,,,,,,,,0.0,1.0,,0.0,0.04052744433283806,0.9983238577842712,1.0079985857009888,,,,,,,
1632,,,0.17160174250602722,,,,,,,,,,,,0.0,1.0,,0.0,0.07196248322725296,0.9986382126808167,1.0079985857009888,,,,,,,
1633,,,0.137098029255867,,,,,,,,,,,,0.0,1.0,,0.0,0.05560141056776047,0.9984745979309082,1.0079985857009888,,,,,,,
1634,,,0.16503921151161194,,,,,,,,,,,,0.0,1.0,,0.0,0.10137573629617691,0.9989323616027832,1.0079985857009888,,,,,,,
1635,,,0.15855516493320465,,,,,,,,,,,,0.0,1.0,,0.0,0.05403019115328789,0.9984589219093323,1.0079985857009888,,,,,,,
1636,,,0.19046320021152496,,,,,,,,,,,,0.0,1.0,,0.0,0.06811128556728363,0.9985997080802917,1.0079985857009888,,,,,,,
1637,,,0.24270959198474884,,,,,,,,,,,,0.0,1.0,,0.0,0.08672540634870529,0.9987858533859253,1.0079985857009888,,,,,,,
1638,,,0.23647071421146393,,,,,,,,,,,,0.0,1.0,,0.0,0.11827186495065689,0.9991013407707214,1.0079985857009888,,,,,,,
1639,40.0,0.261406809091568,0.14805759489536285,0.12226945161819458,0.261406809091568,0.0,0.261406809091568,3.2662289142608643,0.28133755922317505,6.599884510040283,8.89774227142334,0.9736148118972778,0.9683091640472412,0.6003894805908203,0.0,1.0,,0.0,0.05398173630237579,0.9984584450721741,1.0079985857009888,0.07081843912601471,,,,,,
1640,,,0.1357976347208023,,,,,,,,,,,,0.0,1.0,,0.0,0.10725316405296326,0.9989911317825317,1.0079985857009888,,,,,,,
1641,,,0.20571304857730865,,,,,,,,,,,,0.0,1.0,,0.0,0.06870567053556442,0.9986056685447693,1.0079985857009888,,,,,,,
1642,,,0.1372213512659073,,,,,,,,,,,,0.0,1.0,,0.0,0.08371654897928238,0.9987557530403137,1.0079985857009888,,,,,,,
1643,,,0.16944974660873413,,,,,,,,,,,,0.0,1.0,,0.0,0.10583510249853134,0.9989769458770752,1.0079985857009888,,,,,,,
1644,,,0.17250727117061615,,,,,,,,,,,,0.0,1.0,,0.0,0.07808534801006317,0.9986994862556458,1.0079985857009888,,,,,,,
1645,,,0.12839603424072266,,,,,,,,,,,,0.0,1.0,,0.0,0.05017448216676712,0.9984203577041626,1.0079985857009888,,,,,,,
1646,,,0.1991724967956543,,,,,,,,,,,,0.0,1.0,,0.0,0.1153782308101654,0.9990723729133606,1.0079985857009888,,,,,,,
1647,,,0.12473601847887039,,,,,,,,,,,,0.0,1.0,,0.0,0.04727252200245857,0.998391330242157,1.0079985857009888,,,,,,,
1648,,,0.2398846298456192,,,,,,,,,,,,0.0,1.0,,0.0,0.11689899116754532,0.9990875720977783,1.0079985857009888,,,,,,,
1649,41.0,0.04797870293259621,0.3556334972381592,,,,,,,,,,,,0.0,1.0,0.0010000000474974513,0.0,0.04797870293259621,0.9983983635902405,1.0079985857009888,,0.04797870293259621,0.04797870293259621,0.027738388627767563,0.04797870293259621,0.0,0.04797870293259621
1650,,,0.4310733377933502,,,,,,,,,,,,0.0,1.0,,0.0,0.08501677215099335,0.9987687468528748,1.0079985857009888,,,,,,,
1651,,,0.25029417872428894,,,,,,,,,,,,0.0,1.0,,0.0,0.0685868114233017,0.9986044764518738,1.0079985857009888,,,,,,,
1652,,,0.4972264766693115,,,,,,,,,,,,0.0,1.0,,0.0,0.11662518978118896,0.9990848302841187,1.0079985857009888,,,,,,,
1653,,,0.1906103938817978,,,,,,,,,,,,0.0,1.0,,0.0,0.12393312901258469,0.9991579651832581,1.0079985857009888,,,,,,,
1654,,,0.5741181373596191,,,,,,,,,,,,0.0,1.0,,0.0,0.16712254285812378,0.9995898604393005,1.0079985857009888,,,,,,,
1655,,,0.31694644689559937,,,,,,,,,,,,0.0,1.0,,0.0,0.1034909188747406,0.9989535212516785,1.0079985857009888,,,,,,,
1656,,,0.3063472807407379,,,,,,,,,,,,0.0,1.0,,0.0,0.04815176501870155,0.9984001517295837,1.0079985857009888,,,,,,,
1657,,,0.16787181794643402,,,,,,,,,,,,0.0,1.0,,0.0,0.042102061212062836,0.9983396530151367,1.0079985857009888,,,,,,,
1658,,,0.24937428534030914,,,,,,,,,,,,0.0,1.0,,0.0,0.11209268122911453,0.9990395307540894,1.0079985857009888,,,,,,,
1659,,,0.1878918707370758,,,,,,,,,,,,0.0,1.0,,0.0,0.04521148279309273,0.9983707070350647,1.0079985857009888,,,,,,,
1660,,,0.18488532304763794,,,,,,,,,,,,0.0,1.0,,0.0,0.04075714573264122,0.9983261823654175,1.0079985857009888,,,,,,,
1661,,,0.388189435005188,,,,,,,,,,,,0.0,1.0,,0.0,0.08114974200725555,0.9987301230430603,1.0079985857009888,,,,,,,
1662,,,0.19230951368808746,,,,,,,,,,,,0.0,1.0,,0.0,0.040712811052799225,0.9983257055282593,1.0079985857009888,,,,,,,
1663,,,0.37121543288230896,,,,,,,,,,,,0.0,1.0,,0.0,0.04932312294840813,0.9984118342399597,1.0079985857009888,,,,,,,
1664,,,0.18688540160655975,,,,,,,,,,,,0.0,1.0,,0.0,0.03759131580591202,0.9982945322990417,1.0079985857009888,,,,,,,
1665,,,0.14570485055446625,,,,,,,,,,,,0.0,1.0,,0.0,0.04984810948371887,0.9984170794487,1.0079985857009888,,,,,,,
1666,,,0.1690014898777008,,,,,,,,,,,,0.0,1.0,,0.0,0.06917233765125275,0.9986103177070618,1.0079985857009888,,,,,,,
1667,,,0.17237737774848938,,,,,,,,,,,,0.0,1.0,,0.0,0.17774760723114014,0.9996960759162903,1.0079985857009888,,,,,,,
1668,,,0.19490860402584076,,,,,,,,,,,,0.0,1.0,,0.0,0.09830483049154282,0.9989016652107239,1.0079985857009888,,,,,,,
1669,,,0.24792705476284027,,,,,,,,,,,,0.0,1.0,,0.0,0.037936020642519,0.9982979893684387,1.0079985857009888,,,,,,,
1670,,,0.22828461229801178,,,,,,,,,,,,0.0,1.0,,0.0,0.03937702625989914,0.9983123540878296,1.0079985857009888,,,,,,,
1671,,,0.15663790702819824,,,,,,,,,,,,0.0,1.0,,0.0,0.03693334758281708,0.9982879161834717,1.0079985857009888,,,,,,,
1672,,,0.1479339748620987,,,,,,,,,,,,0.0,1.0,,0.0,0.035731006413698196,0.9982759356498718,1.0079985857009888,,,,,,,
1673,,,0.2106228619813919,,,,,,,,,,,,0.0,1.0,,0.0,0.04395581781864166,0.9983581900596619,1.0079985857009888,,,,,,,
1674,,,0.13987283408641815,,,,,,,,,,,,0.0,1.0,,0.0,0.07648360729217529,0.9986834526062012,1.0079985857009888,,,,,,,
1675,,,0.1780807226896286,,,,,,,,,,,,0.0,1.0,,0.0,0.039466578513383865,0.9983132481575012,1.0079985857009888,,,,,,,
1676,,,0.1805656999349594,,,,,,,,,,,,0.0,1.0,,0.0,0.04280499368906021,0.9983466267585754,1.0079985857009888,,,,,,,
1677,,,0.12600328028202057,,,,,,,,,,,,0.0,1.0,,0.0,0.05275416374206543,0.9984461665153503,1.0079985857009888,,,,,,,
1678,,,0.20589664578437805,,,,,,,,,,,,0.0,1.0,,0.0,0.0982128381729126,0.9989007115364075,1.0079985857009888,,,,,,,
1679,41.0,0.3213786780834198,0.12551532685756683,0.14001040160655975,0.3213786780834198,0.0,0.3213786780834198,2.8706934452056885,0.25544434785842896,6.207481384277344,8.094366073608398,0.9771962761878967,0.9729499816894531,0.5493865609169006,0.0,1.0,,0.0,0.15595699846744537,0.9994781613349915,1.0079985857009888,0.07175017148256302,,,,,,
1680,,,0.1460908204317093,,,,,,,,,,,,0.0,1.0,,0.0,0.08380480855703354,0.9987566471099854,1.0079985857009888,,,,,,,
1681,,,0.11808253824710846,,,,,,,,,,,,0.0,1.0,,0.0,0.06451823562383652,0.9985637664794922,1.0079985857009888,,,,,,,
1682,,,0.1504579335451126,,,,,,,,,,,,0.0,1.0,,0.0,0.06146775558590889,0.998533308506012,1.0079985857009888,,,,,,,
1683,,,0.1376602202653885,,,,,,,,,,,,0.0,1.0,,0.0,0.12172470986843109,0.9991358518600464,1.0079985857009888,,,,,,,
1684,,,0.1809423714876175,,,,,,,,,,,,0.0,1.0,,0.0,0.03741108626127243,0.9982927441596985,1.0079985857009888,,,,,,,
1685,,,0.20136994123458862,,,,,,,,,,,,0.0,1.0,,0.0,0.059609342366456985,0.998514711856842,1.0079985857009888,,,,,,,
1686,,,0.21144267916679382,,,,,,,,,,,,0.0,1.0,,0.0,0.23756951093673706,1.0002943277359009,1.0079985857009888,,,,,,,
1687,,,0.13269618153572083,,,,,,,,,,,,0.0,1.0,,0.0,0.10064534842967987,0.9989250302314758,1.0079985857009888,,,,,,,
1688,,,0.11142832040786743,,,,,,,,,,,,0.0,1.0,,0.0,0.05781659483909607,0.9984967708587646,1.0079985857009888,,,,,,,
1689,,,0.18804827332496643,,,,,,,,,,,,0.0,1.0,,0.0,0.042957134544849396,0.9983481764793396,1.0079985857009888,,,,,,,
1690,,,0.12238312512636185,,,,,,,,,,,,0.0,1.0,,0.0,0.15701107680797577,0.9994887113571167,1.0079985857009888,,,,,,,
1691,,,0.14699412882328033,,,,,,,,,,,,0.0,1.0,,0.0,0.10589532554149628,0.998977541923523,1.0079985857009888,,,,,,,
1692,,,0.14737993478775024,,,,,,,,,,,,0.0,1.0,,0.0,0.04050392657518387,0.9983236193656921,1.0079985857009888,,,,,,,
1693,,,0.1056647077202797,,,,,,,,,,,,0.0,1.0,,0.0,0.11850767582654953,0.9991036653518677,1.0079985857009888,,,,,,,
1694,,,0.1595579981803894,,,,,,,,,,,,0.0,1.0,,0.0,0.05079421028494835,0.9984265565872192,1.0079985857009888,,,,,,,
1695,,,0.11009098589420319,,,,,,,,,,,,0.0,1.0,,0.0,0.13567543029785156,0.9992753863334656,1.0079985857009888,,,,,,,
1696,,,0.1605062335729599,,,,,,,,,,,,0.0,1.0,,0.0,0.056348785758018494,0.9984821081161499,1.0079985857009888,,,,,,,
1697,,,0.23188015818595886,,,,,,,,,,,,0.0,1.0,,0.0,0.057499904185533524,0.9984936118125916,1.0079985857009888,,,,,,,
1698,,,0.28829389810562134,,,,,,,,,,,,0.0,1.0,,0.0,0.05123422294855118,0.9984309673309326,1.0079985857009888,,,,,,,
1699,42.0,0.13998161256313324,0.16559550166130066,,,,,,,,,,,,0.0,1.0,0.0010000000474974513,0.0,0.13998161256313324,0.9993184208869934,1.0079985857009888,,0.13998161256313324,0.13998161256313324,0.05514061823487282,0.13998161256313324,0.0,0.13998161256313324
1700,,,0.3756243586540222,,,,,,,,,,,,0.0,1.0,,0.0,0.04255930334329605,0.9983441829681396,1.0079985857009888,,,,,,,
1701,,,0.18863053619861603,,,,,,,,,,,,0.0,1.0,,0.0,0.06927326321601868,0.998611330986023,1.0079985857009888,,,,,,,
1702,,,0.4414023458957672,,,,,,,,,,,,0.0,1.0,,0.0,0.04643700644373894,0.9983829855918884,1.0079985857009888,,,,,,,
1703,,,0.2226293832063675,,,,,,,,,,,,0.0,1.0,,0.0,0.04980222135782242,0.9984166026115417,1.0079985857009888,,,,,,,
1704,,,0.19238261878490448,,,,,,,,,,,,0.0,1.0,,0.0,0.0633450299501419,0.9985520839691162,1.0079985857009888,,,,,,,
1705,,,0.14824281632900238,,,,,,,,,,,,0.0,1.0,,0.0,0.051319073885679245,0.9984318017959595,1.0079985857009888,,,,,,,
1706,,,0.13925932347774506,,,,,,,,,,,,0.0,1.0,,0.0,0.04800453037023544,0.9983986616134644,1.0079985857009888,,,,,,,
1707,,,0.15908731520175934,,,,,,,,,,,,0.0,1.0,,0.0,0.10838181525468826,0.9990023970603943,1.0079985857009888,,,,,,,
1708,,,0.1524227112531662,,,,,,,,,,,,0.0,1.0,,0.0,0.03886404633522034,0.9983072280883789,1.0079985857009888,,,,,,,
1709,,,0.2589101195335388,,,,,,,,,,,,0.0,1.0,,0.0,0.04614518582820892,0.9983800649642944,1.0079985857009888,,,,,,,
1710,,,0.16332405805587769,,,,,,,,,,,,0.0,1.0,,0.0,0.0802321657538414,0.9987209439277649,1.0079985857009888,,,,,,,
1711,,,0.2273927479982376,,,,,,,,,,,,0.0,1.0,,0.0,0.05738609656691551,0.9984924793243408,1.0079985857009888,,,,,,,
1712,,,0.1877702921628952,,,,,,,,,,,,0.0,1.0,,0.0,0.12146422266960144,0.9991332292556763,1.0079985857009888,,,,,,,
1713,,,0.28881072998046875,,,,,,,,,,,,0.0,1.0,,0.0,0.039415616542100906,0.998312771320343,1.0079985857009888,,,,,,,
1714,,,0.3661363124847412,,,,,,,,,,,,0.0,1.0,,0.0,0.0570078045129776,0.9984886646270752,1.0079985857009888,,,,,,,
1715,,,0.19099745154380798,,,,,,,,,,,,0.0,1.0,,0.0,0.04973848909139633,0.998416006565094,1.0079985857009888,,,,,,,
1716,,,0.4454324543476105,,,,,,,,,,,,0.0,1.0,,0.0,0.08983878046274185,0.998816967010498,1.0079985857009888,,,,,,,
1717,,,0.1949537992477417,,,,,,,,,,,,0.0,1.0,,0.0,0.09711532294750214,0.9988897442817688,1.0079985857009888,,,,,,,
1718,,,0.507479190826416,,,,,,,,,,,,0.0,1.0,,0.0,0.08319403976202011,0.9987505674362183,1.0079985857009888,,,,,,,
1719,42.0,0.21864429116249084,0.26963141560554504,0.09335419535636902,0.21864429116249084,0.0,0.21864429116249084,2.7985501289367676,0.24537627398967743,6.1256890296936035,8.125627517700195,0.9768223762512207,0.9732261896133423,0.9381850957870483,0.0,1.0,,0.0,0.1429545134305954,0.9993481636047363,1.0079985857009888,0.07452262938022614,,,,,,
1720,,,0.22882595658302307,,,,,,,,,,,,0.0,1.0,,0.0,0.09949472546577454,0.9989135265350342,1.0079985857009888,,,,,,,
1721,,,0.14624927937984467,,,,,,,,,,,,0.0,1.0,,0.0,0.0819883942604065,0.9987384676933289,1.0079985857009888,,,,,,,
1722,,,0.16423754394054413,,,,,,,,,,,,0.0,1.0,,0.0,0.08000354468822479,0.9987186193466187,1.0079985857009888,,,,,,,
1723,,,0.1629316210746765,,,,,,,,,,,,0.0,1.0,,0.0,0.11683289706707001,0.9990869164466858,1.0079985857009888,,,,,,,
1724,,,0.1600964367389679,,,,,,,,,,,,0.0,1.0,,0.0,0.04631546512246132,0.9983817338943481,1.0079985857009888,,,,,,,
1725,,,0.31645581126213074,,,,,,,,,,,,0.0,1.0,,0.0,0.0958174392580986,0.9988767504692078,1.0079985857009888,,,,,,,
1726,,,0.17184405028820038,,,,,,,,,,,,0.0,1.0,,0.0,0.04306664317846298,0.9983492493629456,1.0079985857009888,,,,,,,
1727,,,0.28799617290496826,,,,,,,,,,,,0.0,1.0,,0.0,0.05908467248082161,0.9985094666481018,1.0079985857009888,,,,,,,
1728,,,0.18453539907932281,,,,,,,,,,,,0.0,1.0,,0.0,0.11959812045097351,0.9991145730018616,1.0079985857009888,,,,,,,
1729,,,0.316018283367157,,,,,,,,,,,,0.0,1.0,,0.0,0.05692971125245094,0.9984878897666931,1.0079985857009888,,,,,,,
1730,,,0.38619938492774963,,,,,,,,,,,,0.0,1.0,,0.0,0.0842684656381607,0.9987612962722778,1.0079985857009888,,,,,,,
1731,,,0.19829927384853363,,,,,,,,,,,,0.0,1.0,,0.0,0.04987010359764099,0.998417317867279,1.0079985857009888,,,,,,,
1732,,,0.4823789894580841,,,,,,,,,,,,0.0,1.0,,0.0,0.06080947071313858,0.9985266923904419,1.0079985857009888,,,,,,,
1733,,,0.16701148450374603,,,,,,,,,,,,0.0,1.0,,0.0,0.06158382445573807,0.9985344409942627,1.0079985857009888,,,,,,,
1734,,,0.5560846328735352,,,,,,,,,,,,0.0,1.0,,0.0,0.05367831885814667,0.9984554052352905,1.0079985857009888,,,,,,,
1735,,,0.29281318187713623,,,,,,,,,,,,0.0,1.0,,0.0,0.09143147617578506,0.9988329410552979,1.0079985857009888,,,,,,,
1736,,,0.26967838406562805,,,,,,,,,,,,0.0,1.0,,0.0,0.055439241230487823,0.9984729886054993,1.0079985857009888,,,,,,,
1737,,,0.13421443104743958,,,,,,,,,,,,0.0,1.0,,0.0,0.04079553484916687,0.9983265399932861,1.0079985857009888,,,,,,,
1738,,,0.18876436352729797,,,,,,,,,,,,0.0,1.0,,0.0,0.07079397141933441,0.9986265301704407,1.0079985857009888,,,,,,,
1739,,,0.14928370714187622,,,,,,,,,,,,0.0,1.0,,0.0,0.1387304812669754,0.9993059039115906,1.0079985857009888,,,,,,,
1740,,,0.14457251131534576,,,,,,,,,,,,0.0,1.0,,0.0,0.09031924605369568,0.9988217949867249,1.0079985857009888,,,,,,,
1741,,,0.3526514768600464,,,,,,,,,,,,0.0,1.0,,0.0,0.0459759458899498,0.998378336429596,1.0079985857009888,,,,,,,
1742,,,0.15689228475093842,,,,,,,,,,,,0.0,1.0,,0.0,0.049165308475494385,0.9984102845191956,1.0079985857009888,,,,,,,
1743,,,0.3234182298183441,,,,,,,,,,,,0.0,1.0,,0.0,0.08763990551233292,0.9987950325012207,1.0079985857009888,,,,,,,
1744,,,0.2115510106086731,,,,,,,,,,,,0.0,1.0,,0.0,0.07844016700983047,0.9987030029296875,1.0079985857009888,,,,,,,
1745,,,0.20405292510986328,,,,,,,,,,,,0.0,1.0,,0.0,0.07876806706190109,0.9987062811851501,1.0079985857009888,,,,,,,
1746,,,0.18713031709194183,,,,,,,,,,,,0.0,1.0,,0.0,0.04565941542387009,0.9983751773834229,1.0079985857009888,,,,,,,
1747,,,0.21898117661476135,,,,,,,,,,,,0.0,1.0,,0.0,0.059125110507011414,0.9985098838806152,1.0079985857009888,,,,,,,
1748,,,0.21056094765663147,,,,,,,,,,,,0.0,1.0,,0.0,0.057550787925720215,0.9984940886497498,1.0079985857009888,,,,,,,
1749,43.0,0.1021898165345192,0.2711663544178009,,,,,,,,,,,,0.0,1.0,0.0010000000474974513,0.0,0.1021898165345192,0.9989405274391174,1.0079985857009888,,0.1021898165345192,0.1021898165345192,0.03992728888988495,0.1021898165345192,0.0,0.1021898165345192
1750,,,0.14003288745880127,,,,,,,,,,,,0.0,1.0,,0.0,0.058539558202028275,0.9985039830207825,1.0079985857009888,,,,,,,
1751,,,0.1984356939792633,,,,,,,,,,,,0.0,1.0,,0.0,0.05664762109518051,0.9984850883483887,1.0079985857009888,,,,,,,
1752,,,0.20330318808555603,,,,,,,,,,,,0.0,1.0,,0.0,0.08949063718318939,0.9988135099411011,1.0079985857009888,,,,,,,
1753,,,0.24060139060020447,,,,,,,,,,,,0.0,1.0,,0.0,0.044923026114702225,0.9983678460121155,1.0079985857009888,,,,,,,
1754,,,0.1940884292125702,,,,,,,,,,,,0.0,1.0,,0.0,0.053074732422828674,0.9984493255615234,1.0079985857009888,,,,,,,
1755,,,0.19793549180030823,,,,,,,,,,,,0.0,1.0,,0.0,0.05592559650540352,0.9984778761863708,1.0079985857009888,,,,,,,
1756,,,0.19584617018699646,,,,,,,,,,,,0.0,1.0,,0.0,0.06738042831420898,0.9985924363136292,1.0079985857009888,,,,,,,
1757,,,0.2170228809118271,,,,,,,,,,,,0.0,1.0,,0.0,0.11312677711248398,0.9990499019622803,1.0079985857009888,,,,,,,
1758,,,0.24043673276901245,,,,,,,,,,,,0.0,1.0,,0.0,0.040507249534130096,0.9983236789703369,1.0079985857009888,,,,,,,
1759,43.0,0.20022547245025635,0.1831267923116684,0.09923744201660156,0.20022547245025635,0.0,0.20022547245025635,3.005340099334717,0.2517056465148926,6.56663179397583,8.672977447509766,0.9755184650421143,0.9710873365402222,0.7210624814033508,0.0,1.0,,0.0,0.06273230910301208,0.9985459446907043,1.0079985857009888,0.07156854122877121,,,,,,
1760,,,0.16283336281776428,,,,,,,,,,,,0.0,1.0,,0.0,0.05473719909787178,0.9984659552574158,1.0079985857009888,,,,,,,
1761,,,0.17538011074066162,,,,,,,,,,,,0.0,1.0,,0.0,0.057148776948451996,0.9984900951385498,1.0079985857009888,,,,,,,
1762,,,0.2147633582353592,,,,,,,,,,,,0.0,1.0,,0.0,0.07979424297809601,0.9987165331840515,1.0079985857009888,,,,,,,
1763,,,0.1425122618675232,,,,,,,,,,,,0.0,1.0,,0.0,0.10811741650104523,0.9989997744560242,1.0079985857009888,,,,,,,
1764,,,0.2849671244621277,,,,,,,,,,,,0.0,1.0,,0.0,0.04361114278435707,0.9983547329902649,1.0079985857009888,,,,,,,
1765,,,0.2003290355205536,,,,,,,,,,,,0.0,1.0,,0.0,0.0699896365404129,0.998618483543396,1.0079985857009888,,,,,,,
1766,,,0.33394166827201843,,,,,,,,,,,,0.0,1.0,,0.0,0.1192561537027359,0.9991111755371094,1.0079985857009888,,,,,,,
1767,,,0.1844581663608551,,,,,,,,,,,,0.0,1.0,,0.0,0.08776966482400894,0.998796284198761,1.0079985857009888,,,,,,,
1768,,,0.14488469064235687,,,,,,,,,,,,0.0,1.0,,0.0,0.03974403068423271,0.9983160495758057,1.0079985857009888,,,,,,,
1769,,,0.16623005270957947,,,,,,,,,,,,0.0,1.0,,0.0,0.047499269247055054,0.9983935952186584,1.0079985857009888,,,,,,,
1770,,,0.11998950690031052,,,,,,,,,,,,0.0,1.0,,0.0,0.05626537650823593,0.998481273651123,1.0079985857009888,,,,,,,
1771,,,0.1622810661792755,,,,,,,,,,,,0.0,1.0,,0.0,0.06933341175317764,0.9986119270324707,1.0079985857009888,,,,,,,
1772,,,0.14859354496002197,,,,,,,,,,,,0.0,1.0,,0.0,0.11821221560239792,0.9991007447242737,1.0079985857009888,,,,,,,
1773,,,0.18140219151973724,,,,,,,,,,,,0.0,1.0,,0.0,0.0990813672542572,0.9989094138145447,1.0079985857009888,,,,,,,
1774,,,0.16878174245357513,,,,,,,,,,,,0.0,1.0,,0.0,0.05023963376879692,0.9984210133552551,1.0079985857009888,,,,,,,
1775,,,0.1574236899614334,,,,,,,,,,,,0.0,1.0,,0.0,0.1116555705666542,0.9990351796150208,1.0079985857009888,,,,,,,
1776,,,0.26082924008369446,,,,,,,,,,,,0.0,1.0,,0.0,0.060245901346206665,0.998521089553833,1.0079985857009888,,,,,,,
1777,,,0.4230310618877411,,,,,,,,,,,,0.0,1.0,,0.0,0.04920018091797829,0.9984105825424194,1.0079985857009888,,,,,,,
1778,,,0.49100461602211,,,,,,,,,,,,0.0,1.0,,0.0,0.054119326174259186,0.9984598159790039,1.0079985857009888,,,,,,,
1779,,,0.28306272625923157,,,,,,,,,,,,0.0,1.0,,0.0,0.038996148854494095,0.998308539390564,1.0079985857009888,,,,,,,
1780,,,0.5754022598266602,,,,,,,,,,,,0.0,1.0,,0.0,0.05785292759537697,0.9984971284866333,1.0079985857009888,,,,,,,
1781,,,0.17126193642616272,,,,,,,,,,,,0.0,1.0,,0.0,0.040015216916799545,0.9983187317848206,1.0079985857009888,,,,,,,
1782,,,0.6510254740715027,,,,,,,,,,,,0.0,1.0,,0.0,0.08423266559839249,0.9987609386444092,1.0079985857009888,,,,,,,
1783,,,0.36986270546913147,,,,,,,,,,,,0.0,1.0,,0.0,0.0765099748969078,0.9986836910247803,1.0079985857009888,,,,,,,
1784,,,0.37263256311416626,,,,,,,,,,,,0.0,1.0,,0.0,0.07167429476976395,0.9986353516578674,1.0079985857009888,,,,,,,
1785,,,0.18764570355415344,,,,,,,,,,,,0.0,1.0,,0.0,0.13498766720294952,0.9992684721946716,1.0079985857009888,,,,,,,
1786,,,0.288430392742157,,,,,,,,,,,,0.0,1.0,,0.0,0.052709922194480896,0.9984456896781921,1.0079985857009888,,,,,,,
1787,,,0.1869250386953354,,,,,,,,,,,,0.0,1.0,,0.0,0.05256929621100426,0.9984443187713623,1.0079985857009888,,,,,,,
1788,,,0.16690494120121002,,,,,,,,,,,,0.0,1.0,,0.0,0.049542997032403946,0.9984140396118164,1.0079985857009888,,,,,,,
1789,,,0.4436015486717224,,,,,,,,,,,,0.0,1.0,,0.0,0.031354352831840515,0.9982321262359619,1.0079985857009888,,,,,,,
1790,,,0.1917984038591385,,,,,,,,,,,,0.0,1.0,,0.0,0.04310305044054985,0.9983496069908142,1.0079985857009888,,,,,,,
1791,,,0.43502891063690186,,,,,,,,,,,,0.0,1.0,,0.0,0.19210535287857056,0.9998396635055542,1.0079985857009888,,,,,,,
1792,,,0.35948848724365234,,,,,,,,,,,,0.0,1.0,,0.0,0.06134661287069321,0.9985320568084717,1.0079985857009888,,,,,,,
1793,,,0.5047526359558105,,,,,,,,,,,,0.0,1.0,,0.0,0.07297836989164352,0.9986484050750732,1.0079985857009888,,,,,,,
1794,,,0.5821099877357483,,,,,,,,,,,,0.0,1.0,,0.0,0.09278769046068192,0.9988464713096619,1.0079985857009888,,,,,,,
1795,,,0.37554892897605896,,,,,,,,,,,,0.0,1.0,,0.0,0.14092887938022614,0.9993278980255127,1.0079985857009888,,,,,,,
1796,,,0.6358561515808105,,,,,,,,,,,,0.0,1.0,,0.0,0.0774710476398468,0.9986932873725891,1.0079985857009888,,,,,,,
1797,,,0.25493478775024414,,,,,,,,,,,,0.0,1.0,,0.0,0.06721876561641693,0.9985907673835754,1.0079985857009888,,,,,,,
1798,,,0.708137571811676,,,,,,,,,,,,0.0,1.0,,0.0,0.11161080002784729,0.9990347027778625,1.0079985857009888,,,,,,,
1799,44.0,0.16470682621002197,0.45179980993270874,0.07678040117025375,0.16470682621002197,0.0,0.16470682621002197,2.364992141723633,0.2058188021183014,5.167192459106445,6.501762390136719,0.9771980047225952,0.9740216732025146,0.7712178230285645,0.0,1.0,0.0010000000474974513,0.0,0.22524452209472656,1.0001710653305054,1.0079985857009888,0.06739484518766403,0.22524452209472656,0.22524452209472656,0.07825543731451035,0.22524452209472656,0.0,0.22524452209472656
1800,,,0.46108493208885193,,,,,,,,,,,,0.0,1.0,,0.0,0.06249263137578964,0.9985435605049133,1.0079985857009888,,,,,,,
1801,,,0.26338499784469604,,,,,,,,,,,,0.0,1.0,,0.0,0.04504916071891785,0.9983690977096558,1.0079985857009888,,,,,,,
1802,,,0.3836030960083008,,,,,,,,,,,,0.0,1.0,,0.0,0.05597373843193054,0.998478353023529,1.0079985857009888,,,,,,,
1803,,,0.2744118571281433,,,,,,,,,,,,0.0,1.0,,0.0,0.11897554993629456,0.9991083741188049,1.0079985857009888,,,,,,,
1804,,,0.27693599462509155,,,,,,,,,,,,0.0,1.0,,0.0,0.1443946659564972,0.9993625283241272,1.0079985857009888,,,,,,,
1805,,,0.5197022557258606,,,,,,,,,,,,0.0,1.0,,0.0,0.0716569796204567,0.9986351728439331,1.0079985857009888,,,,,,,
1806,,,0.2867800295352936,,,,,,,,,,,,0.0,1.0,,0.0,0.07361722737550735,0.9986547827720642,1.0079985857009888,,,,,,,
1807,,,0.5243523120880127,,,,,,,,,,,,0.0,1.0,,0.0,0.06774537265300751,0.9985960721969604,1.0079985857009888,,,,,,,
1808,,,0.12994009256362915,,,,,,,,,,,,0.0,1.0,,0.0,0.06881526112556458,0.9986067414283752,1.0079985857009888,,,,,,,
1809,,,0.10078408569097519,,,,,,,,,,,,0.0,1.0,,0.0,0.05826079100370407,0.9985012412071228,1.0079985857009888,,,,,,,
1810,,,0.13414707779884338,,,,,,,,,,,,0.0,1.0,,0.0,0.06817452609539032,0.9986003637313843,1.0079985857009888,,,,,,,
1811,,,0.12134503573179245,,,,,,,,,,,,0.0,1.0,,0.0,0.04233279824256897,0.9983419179916382,1.0079985857009888,,,,,,,
1812,,,0.1782841682434082,,,,,,,,,,,,0.0,1.0,,0.0,0.02919599786400795,0.9982105493545532,1.0079985857009888,,,,,,,
1813,,,0.1868898570537567,,,,,,,,,,,,0.0,1.0,,0.0,0.05090626701712608,0.99842768907547,1.0079985857009888,,,,,,,
1814,,,0.2164166271686554,,,,,,,,,,,,0.0,1.0,,0.0,0.06897062808275223,0.9986082911491394,1.0079985857009888,,,,,,,
1815,,,0.11050686985254288,,,,,,,,,,,,0.0,1.0,,0.0,0.06783661991357803,0.9985969662666321,1.0079985857009888,,,,,,,
1816,,,0.09931379556655884,,,,,,,,,,,,0.0,1.0,,0.0,0.07163020968437195,0.998634934425354,1.0079985857009888,,,,,,,
1817,,,0.14827260375022888,,,,,,,,,,,,0.0,1.0,,0.0,0.08647987246513367,0.9987834095954895,1.0079985857009888,,,,,,,
1818,,,0.09172484278678894,,,,,,,,,,,,0.0,1.0,,0.0,0.11450031399726868,0.9990636110305786,1.0079985857009888,,,,,,,
1819,,,0.13115495443344116,,,,,,,,,,,,0.0,1.0,,0.0,0.05773866921663284,0.9984959959983826,1.0079985857009888,,,,,,,
1820,,,0.13196247816085815,,,,,,,,,,,,0.0,1.0,,0.0,0.10764951258897781,0.9989951252937317,1.0079985857009888,,,,,,,
1821,,,0.09586538374423981,,,,,,,,,,,,0.0,1.0,,0.0,0.09424762427806854,0.9988610744476318,1.0079985857009888,,,,,,,
1822,,,0.15066753327846527,,,,,,,,,,,,0.0,1.0,,0.0,0.127009779214859,0.9991887211799622,1.0079985857009888,,,,,,,
1823,,,0.09512320905923843,,,,,,,,,,,,0.0,1.0,,0.0,0.03421742096543312,0.9982607960700989,1.0079985857009888,,,,,,,
1824,,,0.14002108573913574,,,,,,,,,,,,0.0,1.0,,0.0,0.058630138635635376,0.9985049366950989,1.0079985857009888,,,,,,,
1825,,,0.18443629145622253,,,,,,,,,,,,0.0,1.0,,0.0,0.0490843839943409,0.9984094500541687,1.0079985857009888,,,,,,,
1826,,,0.2343761920928955,,,,,,,,,,,,0.0,1.0,,0.0,0.07480331510305405,0.9986666440963745,1.0079985857009888,,,,,,,
1827,,,0.12574005126953125,,,,,,,,,,,,0.0,1.0,,0.0,0.04799018055200577,0.99839848279953,1.0079985857009888,,,,,,,
1828,,,0.32486382126808167,,,,,,,,,,,,0.0,1.0,,0.0,0.052094969898462296,0.9984395503997803,1.0079985857009888,,,,,,,
1829,,,0.19961093366146088,,,,,,,,,,,,0.0,1.0,,0.0,0.08979436010122299,0.9988165497779846,1.0079985857009888,,,,,,,
1830,,,0.38146892189979553,,,,,,,,,,,,0.0,1.0,,0.0,0.03957545757293701,0.998314380645752,1.0079985857009888,,,,,,,
1831,,,0.17867949604988098,,,,,,,,,,,,0.0,1.0,,0.0,0.05636637285351753,0.9984822869300842,1.0079985857009888,,,,,,,
1832,,,0.14095942676067352,,,,,,,,,,,,0.0,1.0,,0.0,0.030980998650193214,0.9982284307479858,1.0079985857009888,,,,,,,
1833,,,0.1539861410856247,,,,,,,,,,,,0.0,1.0,,0.0,0.04033668339252472,0.9983219504356384,1.0079985857009888,,,,,,,
1834,,,0.0993356928229332,,,,,,,,,,,,0.0,1.0,,0.0,0.08554605394601822,0.9987740516662598,1.0079985857009888,,,,,,,
1835,,,0.14614765346050262,,,,,,,,,,,,0.0,1.0,,0.0,0.10814902186393738,0.999000072479248,1.0079985857009888,,,,,,,
1836,,,0.14381319284439087,,,,,,,,,,,,0.0,1.0,,0.0,0.09125525504350662,0.9988311529159546,1.0079985857009888,,,,,,,
1837,,,0.19830122590065002,,,,,,,,,,,,0.0,1.0,,0.0,0.055182747542858124,0.9984704256057739,1.0079985857009888,,,,,,,
1838,,,0.16485540568828583,,,,,,,,,,,,0.0,1.0,,0.0,0.07691795378923416,0.9986878037452698,1.0079985857009888,,,,,,,
1839,45.0,0.20898646116256714,0.16948135197162628,0.09287618100643158,0.20898646116256714,0.0,0.20898646116256714,3.1015026569366455,0.2718459665775299,6.601844787597656,8.657563209533691,0.9750630855560303,0.9706771373748779,0.8762220740318298,0.0,1.0,,0.0,0.03803369030356407,0.9982989430427551,1.0079985857009888,0.06894798576831818,,,,,,
1840,,,0.13488131761550903,,,,,,,,,,,,0.0,1.0,,0.0,0.06446868926286697,0.998563289642334,1.0079985857009888,,,,,,,
1841,,,0.10839049518108368,,,,,,,,,,,,0.0,1.0,,0.0,0.036816325038671494,0.998286783695221,1.0079985857009888,,,,,,,
1842,,,0.15459924936294556,,,,,,,,,,,,0.0,1.0,,0.0,0.06425581872463226,0.9985611438751221,1.0079985857009888,,,,,,,
1843,,,0.13249823451042175,,,,,,,,,,,,0.0,1.0,,0.0,0.09618847072124481,0.9988805055618286,1.0079985857009888,,,,,,,
1844,,,0.19593870639801025,,,,,,,,,,,,0.0,1.0,,0.0,0.06224780157208443,0.9985410571098328,1.0079985857009888,,,,,,,
1845,,,0.18851995468139648,,,,,,,,,,,,0.0,1.0,,0.0,0.053864624351263046,0.9984572529792786,1.0079985857009888,,,,,,,
1846,,,0.23991172015666962,,,,,,,,,,,,0.0,1.0,,0.0,0.04694639891386032,0.9983880519866943,1.0079985857009888,,,,,,,
1847,,,0.12006890773773193,,,,,,,,,,,,0.0,1.0,,0.0,0.04213020205497742,0.9983398914337158,1.0079985857009888,,,,,,,
1848,,,0.10550477355718613,,,,,,,,,,,,0.0,1.0,,0.0,0.029448676854372025,0.9982131123542786,1.0079985857009888,,,,,,,
1849,46.0,0.03697684779763222,0.16279855370521545,,,,,,,,,,,,0.0,1.0,0.0010000000474974513,0.0,0.03697684779763222,0.9982883930206299,1.0079985857009888,,0.03697684779763222,0.03697684779763222,0.02096404694020748,0.03697684779763222,0.0,0.03697684779763222
1850,,,0.10396955907344818,,,,,,,,,,,,0.0,1.0,,0.0,0.060194723308086395,0.99852055311203,1.0079985857009888,,,,,,,
1851,,,0.13317586481571198,,,,,,,,,,,,0.0,1.0,,0.0,0.07982007414102554,0.9987168312072754,1.0079985857009888,,,,,,,
1852,,,0.1312803328037262,,,,,,,,,,,,0.0,1.0,,0.0,0.06257534772157669,0.9985443353652954,1.0079985857009888,,,,,,,
1853,,,0.10874412208795547,,,,,,,,,,,,0.0,1.0,,0.0,0.027223285287618637,0.9981908202171326,1.0079985857009888,,,,,,,
1854,,,0.15776771306991577,,,,,,,,,,,,0.0,1.0,,0.0,0.0599796399474144,0.9985184073448181,1.0079985857009888,,,,,,,
1855,,,0.10142829269170761,,,,,,,,,,,,0.0,1.0,,0.0,0.06207085773348808,0.9985393285751343,1.0079985857009888,,,,,,,
1856,,,0.1318006068468094,,,,,,,,,,,,0.0,1.0,,0.0,0.0679345652461052,0.9985979795455933,1.0079985857009888,,,,,,,
1857,,,0.211085245013237,,,,,,,,,,,,0.0,1.0,,0.0,0.042752113193273544,0.9983461499214172,1.0079985857009888,,,,,,,
1858,,,0.27162060141563416,,,,,,,,,,,,0.0,1.0,,0.0,0.031066343188285828,0.9982292652130127,1.0079985857009888,,,,,,,
1859,,,0.1295003741979599,,,,,,,,,,,,0.0,1.0,,0.0,0.03249957039952278,0.9982436299324036,1.0079985857009888,,,,,,,
1860,,,0.36634886264801025,,,,,,,,,,,,0.0,1.0,,0.0,0.07952982187271118,0.9987139105796814,1.0079985857009888,,,,,,,
1861,,,0.18685166537761688,,,,,,,,,,,,0.0,1.0,,0.0,0.11057662218809128,0.9990243911743164,1.0079985857009888,,,,,,,
1862,,,0.4334859251976013,,,,,,,,,,,,0.0,1.0,,0.0,0.028103690594434738,0.9981996417045593,1.0079985857009888,,,,,,,
1863,,,0.19629555940628052,,,,,,,,,,,,0.0,1.0,,0.0,0.03474961966276169,0.9982661008834839,1.0079985857009888,,,,,,,
1864,,,0.1586250513792038,,,,,,,,,,,,0.0,1.0,,0.0,0.046567175537347794,0.9983842968940735,1.0079985857009888,,,,,,,
1865,,,0.13046996295452118,,,,,,,,,,,,0.0,1.0,,0.0,0.06369612365961075,0.9985555410385132,1.0079985857009888,,,,,,,
1866,,,0.11405245959758759,,,,,,,,,,,,0.0,1.0,,0.0,0.03922659158706665,0.9983108639717102,1.0079985857009888,,,,,,,
1867,,,0.1278926581144333,,,,,,,,,,,,0.0,1.0,,0.0,0.0366586372256279,0.998285174369812,1.0079985857009888,,,,,,,
1868,,,0.13689076900482178,,,,,,,,,,,,0.0,1.0,,0.0,0.03203614801168442,0.9982389807701111,1.0079985857009888,,,,,,,
1869,,,0.24128003418445587,,,,,,,,,,,,0.0,1.0,,0.0,0.14578312635421753,0.9993764162063599,1.0079985857009888,,,,,,,
1870,,,0.1447061002254486,,,,,,,,,,,,0.0,1.0,,0.0,0.05049308389425278,0.9984235167503357,1.0079985857009888,,,,,,,
1871,,,0.2081422358751297,,,,,,,,,,,,0.0,1.0,,0.0,0.04156147316098213,0.9983342289924622,1.0079985857009888,,,,,,,
1872,,,0.2061420977115631,,,,,,,,,,,,0.0,1.0,,0.0,0.10372035205364227,0.9989557862281799,1.0079985857009888,,,,,,,
1873,,,0.3118753731250763,,,,,,,,,,,,0.0,1.0,,0.0,0.03718068450689316,0.9982904195785522,1.0079985857009888,,,,,,,
1874,,,0.3821861445903778,,,,,,,,,,,,0.0,1.0,,0.0,0.05477730184793472,0.9984663724899292,1.0079985857009888,,,,,,,
1875,,,0.2114047259092331,,,,,,,,,,,,0.0,1.0,,0.0,0.04126320034265518,0.9983312487602234,1.0079985857009888,,,,,,,
1876,,,0.45734474062919617,,,,,,,,,,,,0.0,1.0,,0.0,0.03856711462140083,0.9983042478561401,1.0079985857009888,,,,,,,
1877,,,0.15893305838108063,,,,,,,,,,,,0.0,1.0,,0.0,0.06619925796985626,0.9985805749893188,1.0079985857009888,,,,,,,
1878,,,0.5290917158126831,,,,,,,,,,,,0.0,1.0,,0.0,0.0415816493332386,0.9983344078063965,1.0079985857009888,,,,,,,
1879,46.0,0.1905517429113388,0.29290804266929626,0.09117655456066132,0.1905517429113388,0.0,0.1905517429113388,3.193392038345337,0.2765360474586487,6.5924072265625,8.723366737365723,0.9744710922241211,0.9695977568626404,0.8013925552368164,0.0,1.0,,0.0,0.10091636329889297,0.9989277720451355,1.0079985857009888,0.05942820385098457,,,,,,
1880,,,0.2642929255962372,,,,,,,,,,,,0.0,1.0,,0.0,0.06397613883018494,0.9985583424568176,1.0079985857009888,,,,,,,
1881,,,0.14086249470710754,,,,,,,,,,,,0.0,1.0,,0.0,0.08028899878263474,0.9987214803695679,1.0079985857009888,,,,,,,
1882,,,0.19550789892673492,,,,,,,,,,,,0.0,1.0,,0.0,0.10967286676168442,0.9990153312683105,1.0079985857009888,,,,,,,
1883,,,0.1727077066898346,,,,,,,,,,,,0.0,1.0,,0.0,0.04018431901931763,0.998320460319519,1.0079985857009888,,,,,,,
1884,,,0.1598079949617386,,,,,,,,,,,,0.0,1.0,,0.0,0.04448898881673813,0.9983634948730469,1.0079985857009888,,,,,,,
1885,,,0.3357323408126831,,,,,,,,,,,,0.0,1.0,,0.0,0.03190815821290016,0.998237669467926,1.0079985857009888,,,,,,,
1886,,,0.167355015873909,,,,,,,,,,,,0.0,1.0,,0.0,0.03758900985121727,0.998294472694397,1.0079985857009888,,,,,,,
1887,,,0.31521719694137573,,,,,,,,,,,,0.0,1.0,,0.0,0.12664277851581573,0.9991850256919861,1.0079985857009888,,,,,,,
1888,,,0.13536803424358368,,,,,,,,,,,,0.0,1.0,,0.0,0.05937270447611809,0.998512327671051,1.0079985857009888,,,,,,,
1889,,,0.11181812733411789,,,,,,,,,,,,0.0,1.0,,0.0,0.036319710314273834,0.9982817769050598,1.0079985857009888,,,,,,,
1890,,,0.1349373310804367,,,,,,,,,,,,0.0,1.0,,0.0,0.10696708410978317,0.9989882707595825,1.0079985857009888,,,,,,,
1891,,,0.12336510419845581,,,,,,,,,,,,0.0,1.0,,0.0,0.04359081760048866,0.9983544945716858,1.0079985857009888,,,,,,,
1892,,,0.12547840178012848,,,,,,,,,,,,0.0,1.0,,0.0,0.042204178869724274,0.9983406662940979,1.0079985857009888,,,,,,,
1893,,,0.16385520994663239,,,,,,,,,,,,0.0,1.0,,0.0,0.09294778108596802,0.9988480806350708,1.0079985857009888,,,,,,,
1894,,,0.13383737206459045,,,,,,,,,,,,0.0,1.0,,0.0,0.0354762002825737,0.9982733726501465,1.0079985857009888,,,,,,,
1895,,,0.12669004499912262,,,,,,,,,,,,0.0,1.0,,0.0,0.06061242148280144,0.9985247254371643,1.0079985857009888,,,,,,,
1896,,,0.11046536266803741,,,,,,,,,,,,0.0,1.0,,0.0,0.059287384152412415,0.9985114932060242,1.0079985857009888,,,,,,,
1897,,,0.1591789722442627,,,,,,,,,,,,0.0,1.0,,0.0,0.06767712533473969,0.9985953569412231,1.0079985857009888,,,,,,,
1898,,,0.1072213351726532,,,,,,,,,,,,0.0,1.0,,0.0,0.05233091488480568,0.9984419345855713,1.0079985857009888,,,,,,,
1899,47.0,0.058318641036748886,0.13722914457321167,,,,,,,,,,,,0.0,1.0,0.0010000000474974513,0.0,0.058318641036748886,0.9985017776489258,1.0079985857009888,,0.058318641036748886,0.058318641036748886,0.02308708056807518,0.058318641036748886,0.0,0.058318641036748886
1900,,,0.13165174424648285,,,,,,,,,,,,0.0,1.0,,0.0,0.09148132055997849,0.998833417892456,1.0079985857009888,,,,,,,
1901,,,0.1313919574022293,,,,,,,,,,,,0.0,1.0,,0.0,0.04933717101812363,0.9984119534492493,1.0079985857009888,,,,,,,
1902,,,0.14345787465572357,,,,,,,,,,,,0.0,1.0,,0.0,0.03804881125688553,0.9982991218566895,1.0079985857009888,,,,,,,
1903,,,0.10478600859642029,,,,,,,,,,,,0.0,1.0,,0.0,0.06346334517002106,0.9985532164573669,1.0079985857009888,,,,,,,
1904,,,0.15452507138252258,,,,,,,,,,,,0.0,1.0,,0.0,0.13663198053836823,0.9992849230766296,1.0079985857009888,,,,,,,
1905,,,0.14964011311531067,,,,,,,,,,,,0.0,1.0,,0.0,0.0809251144528389,0.9987278580665588,1.0079985857009888,,,,,,,
1906,,,0.1507139950990677,,,,,,,,,,,,0.0,1.0,,0.0,0.06463434547185898,0.9985649585723877,1.0079985857009888,,,,,,,
1907,,,0.15739735960960388,,,,,,,,,,,,0.0,1.0,,0.0,0.049443162977695465,0.9984130263328552,1.0079985857009888,,,,,,,
1908,,,0.17768517136573792,,,,,,,,,,,,0.0,1.0,,0.0,0.05042901635169983,0.9984229207038879,1.0079985857009888,,,,,,,
1909,,,0.19976788759231567,,,,,,,,,,,,0.0,1.0,,0.0,0.03059963695704937,0.9982246160507202,1.0079985857009888,,,,,,,
1910,,,0.12192164361476898,,,,,,,,,,,,0.0,1.0,,0.0,0.04501635208725929,0.9983687400817871,1.0079985857009888,,,,,,,
1911,,,0.15423843264579773,,,,,,,,,,,,0.0,1.0,,0.0,0.054191622883081436,0.9984605312347412,1.0079985857009888,,,,,,,
1912,,,0.14666615426540375,,,,,,,,,,,,0.0,1.0,,0.0,0.03614222630858421,0.9982800483703613,1.0079985857009888,,,,,,,
1913,,,0.18977531790733337,,,,,,,,,,,,0.0,1.0,,0.0,0.03350963816046715,0.9982537031173706,1.0079985857009888,,,,,,,
1914,,,0.136220321059227,,,,,,,,,,,,0.0,1.0,,0.0,0.06521109491586685,0.9985707402229309,1.0079985857009888,,,,,,,
1915,,,0.14710381627082825,,,,,,,,,,,,0.0,1.0,,0.0,0.08868218213319778,0.9988054037094116,1.0079985857009888,,,,,,,
1916,,,0.14879509806632996,,,,,,,,,,,,0.0,1.0,,0.0,0.05216443911194801,0.9984402656555176,1.0079985857009888,,,,,,,
1917,,,0.1821856051683426,,,,,,,,,,,,0.0,1.0,,0.0,0.066185362637043,0.9985804557800293,1.0079985857009888,,,,,,,
1918,,,0.17193523049354553,,,,,,,,,,,,0.0,1.0,,0.0,0.032793596386909485,0.9982465505599976,1.0079985857009888,,,,,,,
1919,47.0,0.2689990699291229,0.12557022273540497,0.11880958825349808,0.2689990699291229,0.0,0.2689990699291229,2.9056103229522705,0.2574126422405243,6.114566802978516,7.92622184753418,0.9750089049339294,0.9706965684890747,0.8634744882583618,0.0,1.0,,0.0,0.1629231572151184,0.9995478391647339,1.0079985857009888,0.0596650205552578,,,,,,
1920,,,0.15259352326393127,,,,,,,,,,,,0.0,1.0,,0.0,0.0461539626121521,0.9983801245689392,1.0079985857009888,,,,,,,
1921,,,0.1366960108280182,,,,,,,,,,,,0.0,1.0,,0.0,0.0494609996676445,0.9984132051467896,1.0079985857009888,,,,,,,
1922,,,0.14767491817474365,,,,,,,,,,,,0.0,1.0,,0.0,0.0576053112745285,0.9984946846961975,1.0079985857009888,,,,,,,
1923,,,0.1563023030757904,,,,,,,,,,,,0.0,1.0,,0.0,0.08870003372430801,0.998805582523346,1.0079985857009888,,,,,,,
1924,,,0.16372832655906677,,,,,,,,,,,,0.0,1.0,,0.0,0.03713708370923996,0.9982900023460388,1.0079985857009888,,,,,,,
1925,,,0.2015865445137024,,,,,,,,,,,,0.0,1.0,,0.0,0.050494566559791565,0.9984235763549805,1.0079985857009888,,,,,,,
1926,,,0.12448050081729889,,,,,,,,,,,,0.0,1.0,,0.0,0.037779126316308975,0.9982963800430298,1.0079985857009888,,,,,,,
1927,,,0.15601307153701782,,,,,,,,,,,,0.0,1.0,,0.0,0.04326402768492699,0.9983512163162231,1.0079985857009888,,,,,,,
1928,,,0.1309274435043335,,,,,,,,,,,,0.0,1.0,,0.0,0.05610952526330948,0.9984797239303589,1.0079985857009888,,,,,,,
1929,,,0.17840838432312012,,,,,,,,,,,,0.0,1.0,,0.0,0.05399775132536888,0.9984585642814636,1.0079985857009888,,,,,,,
1930,,,0.11647412925958633,,,,,,,,,,,,0.0,1.0,,0.0,0.07435786724090576,0.9986621737480164,1.0079985857009888,,,,,,,
1931,,,0.163071870803833,,,,,,,,,,,,0.0,1.0,,0.0,0.07455093413591385,0.998664140701294,1.0079985857009888,,,,,,,
1932,,,0.15336835384368896,,,,,,,,,,,,0.0,1.0,,0.0,0.043167535215616226,0.9983502626419067,1.0079985857009888,,,,,,,
1933,,,0.1551172435283661,,,,,,,,,,,,0.0,1.0,,0.0,0.035285115242004395,0.9982714653015137,1.0079985857009888,,,,,,,
1934,,,0.16748185455799103,,,,,,,,,,,,0.0,1.0,,0.0,0.1371261030435562,0.999289870262146,1.0079985857009888,,,,,,,
1935,,,0.11294003576040268,,,,,,,,,,,,0.0,1.0,,0.0,0.06354712694883347,0.9985540509223938,1.0079985857009888,,,,,,,
1936,,,0.14349116384983063,,,,,,,,,,,,0.0,1.0,,0.0,0.041038159281015396,0.9983289837837219,1.0079985857009888,,,,,,,
1937,,,0.15591871738433838,,,,,,,,,,,,0.0,1.0,,0.0,0.07402592897415161,0.9986588358879089,1.0079985857009888,,,,,,,
1938,,,0.1919146180152893,,,,,,,,,,,,0.0,1.0,,0.0,0.09050281345844269,0.9988236427307129,1.0079985857009888,,,,,,,
1939,,,0.1306641697883606,,,,,,,,,,,,0.0,1.0,,0.0,0.035546787083148956,0.9982740879058838,1.0079985857009888,,,,,,,
1940,,,0.22604922950267792,,,,,,,,,,,,0.0,1.0,,0.0,0.05472111701965332,0.9984658360481262,1.0079985857009888,,,,,,,
1941,,,0.18015529215335846,,,,,,,,,,,,0.0,1.0,,0.0,0.042157504707574844,0.9983401894569397,1.0079985857009888,,,,,,,
1942,,,0.2708997130393982,,,,,,,,,,,,0.0,1.0,,0.0,0.05140779912471771,0.9984326958656311,1.0079985857009888,,,,,,,
1943,,,0.15316347777843475,,,,,,,,,,,,0.0,1.0,,0.0,0.05522867292165756,0.9984709024429321,1.0079985857009888,,,,,,,
1944,,,0.12724389135837555,,,,,,,,,,,,0.0,1.0,,0.0,0.04346906393766403,0.9983533024787903,1.0079985857009888,,,,,,,
1945,,,0.15685336291790009,,,,,,,,,,,,0.0,1.0,,0.0,0.045255959033966064,0.9983711838722229,1.0079985857009888,,,,,,,
1946,,,0.10351410508155823,,,,,,,,,,,,0.0,1.0,,0.0,0.051459431648254395,0.9984331727027893,1.0079985857009888,,,,,,,
1947,,,0.14651356637477875,,,,,,,,,,,,0.0,1.0,,0.0,0.03158864751458168,0.9982345104217529,1.0079985857009888,,,,,,,
1948,,,0.14167450368404388,,,,,,,,,,,,0.0,1.0,,0.0,0.07379914075136185,0.9986565709114075,1.0079985857009888,,,,,,,
1949,48.0,0.08319070935249329,0.1214248538017273,,,,,,,,,,,,0.0,1.0,0.0010000000474974513,0.0,0.08319070935249329,0.9987505078315735,1.0079985857009888,,0.08319070935249329,0.08319070935249329,0.03768334165215492,0.08319070935249329,0.0,0.08319070935249329
1950,,,0.15043874084949493,,,,,,,,,,,,0.0,1.0,,0.0,0.0805908590555191,0.9987245202064514,1.0079985857009888,,,,,,,
1951,,,0.12699826061725616,,,,,,,,,,,,0.0,1.0,,0.0,0.03951578214764595,0.9983137845993042,1.0079985857009888,,,,,,,
1952,,,0.3584398031234741,,,,,,,,,,,,0.0,1.0,,0.0,0.03995692357420921,0.9983181953430176,1.0079985857009888,,,,,,,
1953,,,0.5006619095802307,,,,,,,,,,,,0.0,1.0,,0.0,0.047326814383268356,0.99839186668396,1.0079985857009888,,,,,,,
1954,,,0.5714430212974548,,,,,,,,,,,,0.0,1.0,,0.0,0.08925219625234604,0.9988111257553101,1.0079985857009888,,,,,,,
1955,,,0.35221195220947266,,,,,,,,,,,,0.0,1.0,,0.0,0.05893421918153763,0.9985079765319824,1.0079985857009888,,,,,,,
1956,,,0.6331343650817871,,,,,,,,,,,,0.0,1.0,,0.0,0.03261217474937439,0.9982447028160095,1.0079985857009888,,,,,,,
1957,,,0.2353682518005371,,,,,,,,,,,,0.0,1.0,,0.0,0.05235963314771652,0.9984421730041504,1.0079985857009888,,,,,,,
1958,,,0.699439287185669,,,,,,,,,,,,0.0,1.0,,0.0,0.03702344745397568,0.9982888698577881,1.0079985857009888,,,,,,,
1959,48.0,0.18110086023807526,0.42992424964904785,0.08595442771911621,0.18110086023807526,0.0,0.18110086023807526,2.6644866466522217,0.22637535631656647,5.886984825134277,7.688726902008057,0.9769058227539062,0.973382294178009,0.7549054622650146,0.0,1.0,,0.0,0.18961574137210846,0.9998147487640381,1.0079985857009888,0.06191418319940567,,,,,,
1960,,,0.4498106837272644,,,,,,,,,,,,0.0,1.0,,0.0,0.06704419106245041,0.998589038848877,1.0079985857009888,,,,,,,
1961,,,0.23980006575584412,,,,,,,,,,,,0.0,1.0,,0.0,0.03845752403140068,0.9983031749725342,1.0079985857009888,,,,,,,
1962,,,0.35843774676322937,,,,,,,,,,,,0.0,1.0,,0.0,0.04863177612423897,0.9984049201011658,1.0079985857009888,,,,,,,
1963,,,0.2412068098783493,,,,,,,,,,,,0.0,1.0,,0.0,0.08376927673816681,0.9987562894821167,1.0079985857009888,,,,,,,
1964,,,0.2454458624124527,,,,,,,,,,,,0.0,1.0,,0.0,0.07709018886089325,0.9986895322799683,1.0079985857009888,,,,,,,
1965,,,0.5049328207969666,,,,,,,,,,,,0.0,1.0,,0.0,0.08098214864730835,0.9987284541130066,1.0079985857009888,,,,,,,
1966,,,0.2626726031303406,,,,,,,,,,,,0.0,1.0,,0.0,0.04897400364279747,0.998408317565918,1.0079985857009888,,,,,,,
1967,,,0.5104482173919678,,,,,,,,,,,,0.0,1.0,,0.0,0.06961150467395782,0.9986147284507751,1.0079985857009888,,,,,,,
1968,,,0.28537219762802124,,,,,,,,,,,,0.0,1.0,,0.0,0.14998117089271545,0.9994184374809265,1.0079985857009888,,,,,,,
1969,,,0.4327963590621948,,,,,,,,,,,,0.0,1.0,,0.0,0.0793335810303688,0.9987119436264038,1.0079985857009888,,,,,,,
1970,,,0.5033369660377502,,,,,,,,,,,,0.0,1.0,,0.0,0.06981504708528519,0.9986167550086975,1.0079985857009888,,,,,,,
1971,,,0.2861648201942444,,,,,,,,,,,,0.0,1.0,,0.0,0.045779384672641754,0.9983764290809631,1.0079985857009888,,,,,,,
1972,,,0.5857375264167786,,,,,,,,,,,,0.0,1.0,,0.0,0.12177463620901108,0.9991363286972046,1.0079985857009888,,,,,,,
1973,,,0.17772334814071655,,,,,,,,,,,,0.0,1.0,,0.0,0.04756800830364227,0.9983943104743958,1.0079985857009888,,,,,,,
1974,,,0.6543235182762146,,,,,,,,,,,,0.0,1.0,,0.0,0.04123345762491226,0.9983309507369995,1.0079985857009888,,,,,,,
1975,,,0.3740527927875519,,,,,,,,,,,,0.0,1.0,,0.0,0.043573737144470215,0.9983543157577515,1.0079985857009888,,,,,,,
1976,,,0.37855181097984314,,,,,,,,,,,,0.0,1.0,,0.0,0.06179573014378548,0.9985365867614746,1.0079985857009888,,,,,,,
1977,,,0.18233001232147217,,,,,,,,,,,,0.0,1.0,,0.0,0.06431514024734497,0.9985617399215698,1.0079985857009888,,,,,,,
1978,,,0.2886730134487152,,,,,,,,,,,,0.0,1.0,,0.0,0.062859907746315,0.9985471963882446,1.0079985857009888,,,,,,,
1979,,,0.19540204107761383,,,,,,,,,,,,0.0,1.0,,0.0,0.04665477201342583,0.9983851313591003,1.0079985857009888,,,,,,,
1980,,,0.18643656373023987,,,,,,,,,,,,0.0,1.0,,0.0,0.09412381052970886,0.9988598227500916,1.0079985857009888,,,,,,,
1981,,,0.4472210705280304,,,,,,,,,,,,0.0,1.0,,0.0,0.07934766262769699,0.9987120628356934,1.0079985857009888,,,,,,,
1982,,,0.2070704847574234,,,,,,,,,,,,0.0,1.0,,0.0,0.03317300230264664,0.9982503652572632,1.0079985857009888,,,,,,,
1983,,,0.4376475214958191,,,,,,,,,,,,0.0,1.0,,0.0,0.0369502529501915,0.998288094997406,1.0079985857009888,,,,,,,
1984,,,0.25349390506744385,,,,,,,,,,,,0.0,1.0,,0.0,0.0421765111386776,0.998340368270874,1.0079985857009888,,,,,,,
1985,,,0.41333144903182983,,,,,,,,,,,,0.0,1.0,,0.0,0.0683756172657013,0.9986023902893066,1.0079985857009888,,,,,,,
1986,,,0.48302900791168213,,,,,,,,,,,,0.0,1.0,,0.0,0.043271247297525406,0.9983513355255127,1.0079985857009888,,,,,,,
1987,,,0.2597346901893616,,,,,,,,,,,,0.0,1.0,,0.0,0.06217018887400627,0.9985402822494507,1.0079985857009888,,,,,,,
1988,,,0.5795644521713257,,,,,,,,,,,,0.0,1.0,,0.0,0.046957846730947495,0.9983881711959839,1.0079985857009888,,,,,,,
1989,,,0.16189764440059662,,,,,,,,,,,,0.0,1.0,,0.0,0.05263793095946312,0.9984449744224548,1.0079985857009888,,,,,,,
1990,,,0.6468223929405212,,,,,,,,,,,,0.0,1.0,,0.0,0.04127197712659836,0.9983313083648682,1.0079985857009888,,,,,,,
1991,,,0.36000046133995056,,,,,,,,,,,,0.0,1.0,,0.0,0.08904910087585449,0.9988090991973877,1.0079985857009888,,,,,,,
1992,,,0.3488435745239258,,,,,,,,,,,,0.0,1.0,,0.0,0.04044889658689499,0.9983230829238892,1.0079985857009888,,,,,,,
1993,,,0.15920895338058472,,,,,,,,,,,,0.0,1.0,,0.0,0.08728482574224472,0.9987914562225342,1.0079985857009888,,,,,,,
1994,,,0.25300052762031555,,,,,,,,,,,,0.0,1.0,,0.0,0.05557110533118248,0.9984742999076843,1.0079985857009888,,,,,,,
1995,,,0.17608989775180817,,,,,,,,,,,,0.0,1.0,,0.0,0.05221626162528992,0.9984407424926758,1.0079985857009888,,,,,,,
1996,,,0.15084458887577057,,,,,,,,,,,,0.0,1.0,,0.0,0.03697529062628746,0.9982883334159851,1.0079985857009888,,,,,,,
1997,,,0.43122008442878723,,,,,,,,,,,,0.0,1.0,,0.0,0.04252030700445175,0.998343825340271,1.0079985857009888,,,,,,,
1998,,,0.18173465132713318,,,,,,,,,,,,0.0,1.0,,0.0,0.06357615441083908,0.9985543489456177,1.0079985857009888,,,,,,,
1999,49.0,0.16174857318401337,0.4103202819824219,0.07779628038406372,0.16174857318401337,0.0,0.16174857318401337,2.740346670150757,0.23518292605876923,5.721315383911133,7.3657636642456055,0.9758102297782898,0.9718407392501831,0.7858116626739502,0.0,1.0,0.0010000000474974513,0.0,0.11816098541021347,0.9991002082824707,1.0079985857009888,0.06048159673810005,0.11816098541021347,0.11816098541021347,0.043986253440380096,0.11816098541021347,0.0,0.11816098541021347
2000,,,0.1368383765220642,,,,,,,,,,,,0.0,1.0,,0.0,0.041832104325294495,0.998336911201477,1.0079985857009888,,,,,,,
2001,,,0.11407716572284698,,,,,,,,,,,,0.0,1.0,,0.0,0.05790041759610176,0.9984976053237915,1.0079985857009888,,,,,,,
2002,,,0.12228786200284958,,,,,,,,,,,,0.0,1.0,,0.0,0.0347229465842247,0.9982658624649048,1.0079985857009888,,,,,,,
2003,,,0.12456010282039642,,,,,,,,,,,,0.0,1.0,,0.0,0.04391667619347572,0.9983577728271484,1.0079985857009888,,,,,,,
2004,,,0.14246679842472076,,,,,,,,,,,,0.0,1.0,,0.0,0.07909353077411652,0.9987095594406128,1.0079985857009888,,,,,,,
2005,,,0.1840679794549942,,,,,,,,,,,,0.0,1.0,,0.0,0.027116471901535988,0.9981897473335266,1.0079985857009888,,,,,,,
2006,,,0.11089710146188736,,,,,,,,,,,,0.0,1.0,,0.0,0.07696403563022614,0.9986882209777832,1.0079985857009888,,,,,,,
2007,,,0.13077686727046967,,,,,,,,,,,,0.0,1.0,,0.0,0.026277385652065277,0.9981814026832581,1.0079985857009888,,,,,,,
2008,,,0.1155613511800766,,,,,,,,,,,,0.0,1.0,,0.0,0.03258870169520378,0.9982444643974304,1.0079985857009888,,,,,,,
2009,,,0.16554778814315796,,,,,,,,,,,,0.0,1.0,,0.0,0.022294284775853157,0.9981415271759033,1.0079985857009888,,,,,,,
2010,,,0.11750181764364243,,,,,,,,,,,,0.0,1.0,,0.0,0.0377899669110775,0.9982964992523193,1.0079985857009888,,,,,,,
2011,,,0.12754301726818085,,,,,,,,,,,,0.0,1.0,,0.0,0.09376975893974304,0.9988563060760498,1.0079985857009888,,,,,,,
2012,,,0.13261055946350098,,,,,,,,,,,,0.0,1.0,,0.0,0.04758042097091675,0.9983944296836853,1.0079985857009888,,,,,,,
2013,,,0.14391033351421356,,,,,,,,,,,,0.0,1.0,,0.0,0.052176181226968765,0.9984403848648071,1.0079985857009888,,,,,,,
2014,,,0.15014612674713135,,,,,,,,,,,,0.0,1.0,,0.0,0.02538004331290722,0.998172402381897,1.0079985857009888,,,,,,,
2015,,,0.10656453669071198,,,,,,,,,,,,0.0,1.0,,0.0,0.04824206233024597,0.9984010457992554,1.0079985857009888,,,,,,,
2016,,,0.16292445361614227,,,,,,,,,,,,0.0,1.0,,0.0,0.09622707217931747,0.9988808631896973,1.0079985857009888,,,,,,,
2017,,,0.10238853096961975,,,,,,,,,,,,0.0,1.0,,0.0,0.07070963829755783,0.9986256957054138,1.0079985857009888,,,,,,,
2018,,,0.12376528233289719,,,,,,,,,,,,0.0,1.0,,0.0,0.05681532621383667,0.9984867572784424,1.0079985857009888,,,,,,,
2019,,,0.15490515530109406,,,,,,,,,,,,0.0,1.0,,0.0,0.04458043351769447,0.9983643889427185,1.0079985857009888,,,,,,,
2020,,,0.16140030324459076,,,,,,,,,,,,0.0,1.0,,0.0,0.03417903557419777,0.9982603788375854,1.0079985857009888,,,,,,,
2021,,,0.22805894911289215,,,,,,,,,,,,0.0,1.0,,0.0,0.035820722579956055,0.9982768297195435,1.0079985857009888,,,,,,,
2022,,,0.19113798439502716,,,,,,,,,,,,0.0,1.0,,0.0,0.039496347308158875,0.9983135461807251,1.0079985857009888,,,,,,,
2023,,,0.11987392604351044,,,,,,,,,,,,0.0,1.0,,0.0,0.030001342296600342,0.9982185959815979,1.0079985857009888,,,,,,,
2024,,,0.1202457919716835,,,,,,,,,,,,0.0,1.0,,0.0,0.02348245121538639,0.9981534481048584,1.0079985857009888,,,,,,,
2025,,,0.19806091487407684,,,,,,,,,,,,0.0,1.0,,0.0,0.06411343812942505,0.9985597133636475,1.0079985857009888,,,,,,,
2026,,,0.13739262521266937,,,,,,,,,,,,0.0,1.0,,0.0,0.05614645779132843,0.9984800815582275,1.0079985857009888,,,,,,,
2027,,,0.14742498099803925,,,,,,,,,,,,0.0,1.0,,0.0,0.1078607589006424,0.9989972114562988,1.0079985857009888,,,,,,,
2028,,,0.16877613961696625,,,,,,,,,,,,0.0,1.0,,0.0,0.07179132103919983,0.9986365437507629,1.0079985857009888,,,,,,,
2029,,,0.10076956450939178,,,,,,,,,,,,0.0,1.0,,0.0,0.21688029170036316,1.0000873804092407,1.0079985857009888,,,,,,,
2030,,,0.1909324824810028,,,,,,,,,,,,0.0,1.0,,0.0,0.04769822582602501,0.998395562171936,1.0079985857009888,,,,,,,
2031,,,0.09475278854370117,,,,,,,,,,,,0.0,1.0,,0.0,0.07853683084249496,0.9987039566040039,1.0079985857009888,,,,,,,
2032,,,0.1507679969072342,,,,,,,,,,,,0.0,1.0,,0.0,0.06158272176980972,0.9985344409942627,1.0079985857009888,,,,,,,
2033,,,0.23318767547607422,,,,,,,,,,,,0.0,1.0,,0.0,0.04704897478222847,0.9983891248703003,1.0079985857009888,,,,,,,
2034,,,0.29219263792037964,,,,,,,,,,,,0.0,1.0,,0.0,0.06703689694404602,0.9985889792442322,1.0079985857009888,,,,,,,
2035,,,0.1501764953136444,,,,,,,,,,,,0.0,1.0,,0.0,0.05479419603943825,0.9984665513038635,1.0079985857009888,,,,,,,
2036,,,0.3796684741973877,,,,,,,,,,,,0.0,1.0,,0.0,0.08115645498037338,0.9987301826477051,1.0079985857009888,,,,,,,
2037,,,0.15603181719779968,,,,,,,,,,,,0.0,1.0,,0.0,0.037575334310531616,0.9982943534851074,1.0079985857009888,,,,,,,
2038,,,0.4354318678379059,,,,,,,,,,,,0.0,1.0,,0.0,0.069168321788311,0.9986103177070618,1.0079985857009888,,,,,,,
2039,50.0,0.17836886644363403,0.21163316071033478,0.08182408660650253,0.17836886644363403,0.0,0.17836886644363403,2.750300884246826,0.24103447794914246,5.815271377563477,7.381879806518555,0.9760867953300476,0.9722291231155396,0.916313648223877,0.0,1.0,,0.0,0.08427388966083527,0.9987613558769226,1.0079985857009888,0.0554279163479805,,,,,,
2040,,,0.1889115869998932,,,,,,,,,,,,0.0,1.0,,0.0,0.04189528524875641,0.9983375668525696,1.0079985857009888,,,,,,,
2041,,,0.12966221570968628,,,,,,,,,,,,0.0,1.0,,0.0,0.08057060837745667,0.9987243413925171,1.0079985857009888,,,,,,,
2042,,,0.13106153905391693,,,,,,,,,,,,0.0,1.0,,0.0,0.04857076704502106,0.998404324054718,1.0079985857009888,,,,,,,
2043,,,0.13851910829544067,,,,,,,,,,,,0.0,1.0,,0.0,0.07022235542535782,0.9986208081245422,1.0079985857009888,,,,,,,
2044,,,0.1466088443994522,,,,,,,,,,,,0.0,1.0,,0.0,0.056835200637578964,0.9984869360923767,1.0079985857009888,,,,,,,
2045,,,0.2420589178800583,,,,,,,,,,,,0.0,1.0,,0.0,0.10478139668703079,0.99896639585495,1.0079985857009888,,,,,,,
2046,,,0.1466585397720337,,,,,,,,,,,,0.0,1.0,,0.0,0.05624530836939812,0.998481035232544,1.0079985857009888,,,,,,,
2047,,,0.21899230778217316,,,,,,,,,,,,0.0,1.0,,0.0,0.14784535765647888,0.9993970394134521,1.0079985857009888,,,,,,,
2048,,,0.13684065639972687,,,,,,,,,,,,0.0,1.0,,0.0,0.04823920130729675,0.9984009861946106,1.0079985857009888,,,,,,,
2049,51.0,0.15751247107982635,0.1402672529220581,,,,,,,,,,,,0.0,1.0,0.0010000000474974513,0.0,0.15751247107982635,0.9994937181472778,1.0079985857009888,,0.15751247107982635,0.15751247107982635,0.06470238417387009,0.15751247107982635,0.0,0.15751247107982635
2050,,,0.17861463129520416,,,,,,,,,,,,0.0,1.0,,0.0,0.03718139976263046,0.9982904195785522,1.0079985857009888,,,,,,,
2051,,,0.1127382293343544,,,,,,,,,,,,0.0,1.0,,0.0,0.1448906660079956,0.9993675351142883,1.0079985857009888,,,,,,,
2052,,,0.2775792181491852,,,,,,,,,,,,0.0,1.0,,0.0,0.08912060409784317,0.998809814453125,1.0079985857009888,,,,,,,
2053,,,0.2033366560935974,,,,,,,,,,,,0.0,1.0,,0.0,0.0864298939704895,0.9987829327583313,1.0079985857009888,,,,,,,
2054,,,0.3294183611869812,,,,,,,,,,,,0.0,1.0,,0.0,0.06848695874214172,0.9986034631729126,1.0079985857009888,,,,,,,
2055,,,0.1344558596611023,,,,,,,,,,,,0.0,1.0,,0.0,0.08274710923433304,0.9987460970878601,1.0079985857009888,,,,,,,
2056,,,0.10403602570295334,,,,,,,,,,,,0.0,1.0,,0.0,0.050786733627319336,0.9984264969825745,1.0079985857009888,,,,,,,
2057,,,0.15917745232582092,,,,,,,,,,,,0.0,1.0,,0.0,0.08386828750371933,0.9987573027610779,1.0079985857009888,,,,,,,
2058,,,0.08744731545448303,,,,,,,,,,,,0.0,1.0,,0.0,0.09701602905988693,0.9988887906074524,1.0079985857009888,,,,,,,
2059,,,0.1312754899263382,,,,,,,,,,,,0.0,1.0,,0.0,0.06909482181072235,0.9986095428466797,1.0079985857009888,,,,,,,
2060,,,0.14758311212062836,,,,,,,,,,,,0.0,1.0,,0.0,0.05934827774763107,0.9985120892524719,1.0079985857009888,,,,,,,
2061,,,0.15373976528644562,,,,,,,,,,,,0.0,1.0,,0.0,0.04673635587096214,0.9983859658241272,1.0079985857009888,,,,,,,
2062,,,0.1672101467847824,,,,,,,,,,,,0.0,1.0,,0.0,0.03869171068072319,0.9983054995536804,1.0079985857009888,,,,,,,
2063,,,0.12407805025577545,,,,,,,,,,,,0.0,1.0,,0.0,0.06580384820699692,0.9985766410827637,1.0079985857009888,,,,,,,
2064,,,0.14822494983673096,,,,,,,,,,,,0.0,1.0,,0.0,0.049849122762680054,0.9984170794487,1.0079985857009888,,,,,,,
2065,,,0.1372361034154892,,,,,,,,,,,,0.0,1.0,,0.0,0.08211193233728409,0.9987397193908691,1.0079985857009888,,,,,,,
2066,,,0.1641559898853302,,,,,,,,,,,,0.0,1.0,,0.0,0.06167037412524223,0.9985353350639343,1.0079985857009888,,,,,,,
2067,,,0.13860519230365753,,,,,,,,,,,,0.0,1.0,,0.0,0.03557930886745453,0.9982743859291077,1.0079985857009888,,,,,,,
2068,,,0.2018391340970993,,,,,,,,,,,,0.0,1.0,,0.0,0.07523563504219055,0.9986709356307983,1.0079985857009888,,,,,,,
2069,,,0.18296286463737488,,,,,,,,,,,,0.0,1.0,,0.0,0.045869842171669006,0.9983773231506348,1.0079985857009888,,,,,,,
2070,,,0.2381831556558609,,,,,,,,,,,,0.0,1.0,,0.0,0.13576510548591614,0.9992762804031372,1.0079985857009888,,,,,,,
2071,,,0.14168588817119598,,,,,,,,,,,,0.0,1.0,,0.0,0.138116717338562,0.9992997646331787,1.0079985857009888,,,,,,,
2072,,,0.1229560449719429,,,,,,,,,,,,0.0,1.0,,0.0,0.09159824252128601,0.9988346099853516,1.0079985857009888,,,,,,,
2073,,,0.17109762132167816,,,,,,,,,,,,0.0,1.0,,0.0,0.03803480789065361,0.9982989430427551,1.0079985857009888,,,,,,,
2074,,,0.11368772387504578,,,,,,,,,,,,0.0,1.0,,0.0,0.08812423050403595,0.9987998604774475,1.0079985857009888,,,,,,,
2075,,,0.14118871092796326,,,,,,,,,,,,0.0,1.0,,0.0,0.06099987402558327,0.9985285997390747,1.0079985857009888,,,,,,,
2076,,,0.14306038618087769,,,,,,,,,,,,0.0,1.0,,0.0,0.044676523655653,0.9983653426170349,1.0079985857009888,,,,,,,
2077,,,0.12663358449935913,,,,,,,,,,,,0.0,1.0,,0.0,0.06410586833953857,0.9985596537590027,1.0079985857009888,,,,,,,
2078,,,0.15489079058170319,,,,,,,,,,,,0.0,1.0,,0.0,0.06289385259151459,0.9985475540161133,1.0079985857009888,,,,,,,
2079,51.0,0.18262167274951935,0.12405634671449661,0.0898493155837059,0.18262167274951935,0.0,0.18262167274951935,3.1846508979797363,0.2728896737098694,6.559773921966553,8.622694969177246,0.9743910431861877,0.9695279598236084,0.834950864315033,0.0,1.0,,0.0,0.04026726633310318,0.9983212947845459,1.0079985857009888,0.06813661754131317,,,,,,
2080,,,0.1269807070493698,,,,,,,,,,,,0.0,1.0,,0.0,0.06873735040426254,0.9986059665679932,1.0079985857009888,,,,,,,
2081,,,0.108057402074337,,,,,,,,,,,,0.0,1.0,,0.0,0.08533016592264175,0.9987719058990479,1.0079985857009888,,,,,,,
2082,,,0.11513550579547882,,,,,,,,,,,,0.0,1.0,,0.0,0.03707496076822281,0.9982893466949463,1.0079985857009888,,,,,,,
2083,,,0.12405365705490112,,,,,,,,,,,,0.0,1.0,,0.0,0.04941080883145332,0.9984127283096313,1.0079985857009888,,,,,,,
2084,,,0.1333284080028534,,,,,,,,,,,,0.0,1.0,,0.0,0.05386514589190483,0.9984572529792786,1.0079985857009888,,,,,,,
2085,,,0.17601248621940613,,,,,,,,,,,,0.0,1.0,,0.0,0.034170154482126236,0.9982603192329407,1.0079985857009888,,,,,,,
2086,,,0.10400480031967163,,,,,,,,,,,,0.0,1.0,,0.0,0.09484658390283585,0.9988670945167542,1.0079985857009888,,,,,,,
2087,,,0.11397907137870789,,,,,,,,,,,,0.0,1.0,,0.0,0.0387965589761734,0.9983065724372864,1.0079985857009888,,,,,,,
2088,,,0.11066887527704239,,,,,,,,,,,,0.0,1.0,,0.0,0.0462399460375309,0.9983810186386108,1.0079985857009888,,,,,,,
2089,,,0.14974050223827362,,,,,,,,,,,,0.0,1.0,,0.0,0.10706115514039993,0.9989892244338989,1.0079985857009888,,,,,,,
2090,,,0.10137379914522171,,,,,,,,,,,,0.0,1.0,,0.0,0.029381651431322098,0.9982123970985413,1.0079985857009888,,,,,,,
2091,,,0.12712553143501282,,,,,,,,,,,,0.0,1.0,,0.0,0.040020525455474854,0.9983187913894653,1.0079985857009888,,,,,,,
2092,,,0.11811523139476776,,,,,,,,,,,,0.0,1.0,,0.0,0.06768740713596344,0.9985954761505127,1.0079985857009888,,,,,,,
2093,,,0.12790141999721527,,,,,,,,,,,,0.0,1.0,,0.0,0.08116907626390457,0.9987303018569946,1.0079985857009888,,,,,,,
2094,,,0.14843003451824188,,,,,,,,,,,,0.0,1.0,,0.0,0.05249543488025665,0.9984435439109802,1.0079985857009888,,,,,,,
2095,,,0.09055880457162857,,,,,,,,,,,,0.0,1.0,,0.0,0.06504357606172562,0.9985690712928772,1.0079985857009888,,,,,,,
2096,,,0.18881800770759583,,,,,,,,,,,,0.0,1.0,,0.0,0.06790520995855331,0.9985976815223694,1.0079985857009888,,,,,,,
2097,,,0.16630476713180542,,,,,,,,,,,,0.0,1.0,,0.0,0.06348087638616562,0.9985533952713013,1.0079985857009888,,,,,,,
2098,,,0.1807374358177185,,,,,,,,,,,,0.0,1.0,,0.0,0.06900698691606522,0.9986086487770081,1.0079985857009888,,,,,,,
2099,52.0,0.04039571434259415,0.18933457136154175,,,,,,,,,,,,0.0,1.0,0.0010000000474974513,0.0,0.04039571434259415,0.9983225464820862,1.0079985857009888,,0.04039571434259415,0.04039571434259415,0.014695212244987488,0.04039571434259415,0.0,0.04039571434259415
2100,,,0.17217528820037842,,,,,,,,,,,,0.0,1.0,,0.0,0.0989532545208931,0.9989081621170044,1.0079985857009888,,,,,,,
2101,,,0.22589555382728577,,,,,,,,,,,,0.0,1.0,,0.0,0.04902847483754158,0.9984089136123657,1.0079985857009888,,,,,,,
2102,,,0.1317792534828186,,,,,,,,,,,,0.0,1.0,,0.0,0.07828731089830399,0.9987014532089233,1.0079985857009888,,,,,,,
2103,,,0.17971420288085938,,,,,,,,,,,,0.0,1.0,,0.0,0.07859648764133453,0.9987045526504517,1.0079985857009888,,,,,,,
2104,,,0.16204535961151123,,,,,,,,,,,,0.0,1.0,,0.0,0.038763560354709625,0.9983062148094177,1.0079985857009888,,,,,,,
2105,,,0.21870820224285126,,,,,,,,,,,,0.0,1.0,,0.0,0.03768622875213623,0.9982954859733582,1.0079985857009888,,,,,,,
2106,,,0.16134580969810486,,,,,,,,,,,,0.0,1.0,,0.0,0.056160103529691696,0.9984802007675171,1.0079985857009888,,,,,,,
2107,,,0.16966107487678528,,,,,,,,,,,,0.0,1.0,,0.0,0.0731484591960907,0.998650074005127,1.0079985857009888,,,,,,,
2108,,,0.17979098856449127,,,,,,,,,,,,0.0,1.0,,0.0,0.04494776576757431,0.9983680844306946,1.0079985857009888,,,,,,,
2109,,,0.19200824201107025,,,,,,,,,,,,0.0,1.0,,0.0,0.03218308463692665,0.9982404112815857,1.0079985857009888,,,,,,,
2110,,,0.19750303030014038,,,,,,,,,,,,0.0,1.0,,0.0,0.035611849278211594,0.9982747435569763,1.0079985857009888,,,,,,,
2111,,,0.1538688838481903,,,,,,,,,,,,0.0,1.0,,0.0,0.05101059749722481,0.9984287023544312,1.0079985857009888,,,,,,,
2112,,,0.1692838817834854,,,,,,,,,,,,0.0,1.0,,0.0,0.03877196088433266,0.9983063340187073,1.0079985857009888,,,,,,,
2113,,,0.146345317363739,,,,,,,,,,,,0.0,1.0,,0.0,0.04652608186006546,0.9983838796615601,1.0079985857009888,,,,,,,
2114,,,0.17836181819438934,,,,,,,,,,,,0.0,1.0,,0.0,0.06625603884458542,0.9985811710357666,1.0079985857009888,,,,,,,
2115,,,0.15323054790496826,,,,,,,,,,,,0.0,1.0,,0.0,0.0372418612241745,0.998291015625,1.0079985857009888,,,,,,,
2116,,,0.22275374829769135,,,,,,,,,,,,0.0,1.0,,0.0,0.0362212248146534,0.9982808232307434,1.0079985857009888,,,,,,,
2117,,,0.22162584960460663,,,,,,,,,,,,0.0,1.0,,0.0,0.035948820412158966,0.9982780814170837,1.0079985857009888,,,,,,,
2118,,,0.26037076115608215,,,,,,,,,,,,0.0,1.0,,0.0,0.08825070410966873,0.9988011121749878,1.0079985857009888,,,,,,,
2119,52.0,0.1726127713918686,0.14837495982646942,0.08079256862401962,0.1726127713918686,0.0,0.1726127713918686,2.5898823738098145,0.22447241842746735,5.555786609649658,7.0450439453125,0.9764946699142456,0.9729480743408203,0.8866902589797974,0.0,1.0,,0.0,0.03267456963658333,0.998245358467102,1.0079985857009888,0.05847968906164169,,,,,,
2120,,,0.12977740168571472,,,,,,,,,,,,0.0,1.0,,0.0,0.05623539537191391,0.9984809756278992,1.0079985857009888,,,,,,,
2121,,,0.1931455433368683,,,,,,,,,,,,0.0,1.0,,0.0,0.06471621990203857,0.9985657930374146,1.0079985857009888,,,,,,,
2122,,,0.11773182451725006,,,,,,,,,,,,0.0,1.0,,0.0,0.06496541947126389,0.9985682368278503,1.0079985857009888,,,,,,,
2123,,,0.1595175415277481,,,,,,,,,,,,0.0,1.0,,0.0,0.06362725794315338,0.9985548853874207,1.0079985857009888,,,,,,,
2124,,,0.16763345897197723,,,,,,,,,,,,0.0,1.0,,0.0,0.11536075174808502,0.9990721940994263,1.0079985857009888,,,,,,,
2125,,,0.13813214004039764,,,,,,,,,,,,0.0,1.0,,0.0,0.06247860565781593,0.998543381690979,1.0079985857009888,,,,,,,
2126,,,0.1945839524269104,,,,,,,,,,,,0.0,1.0,,0.0,0.09838272631168365,0.998902440071106,1.0079985857009888,,,,,,,
2127,,,0.12880094349384308,,,,,,,,,,,,0.0,1.0,,0.0,0.037838272750377655,0.9982969760894775,1.0079985857009888,,,,,,,
2128,,,0.18126146495342255,,,,,,,,,,,,0.0,1.0,,0.0,0.052920132875442505,0.998447835445404,1.0079985857009888,,,,,,,
2129,,,0.13701231777668,,,,,,,,,,,,0.0,1.0,,0.0,0.09690126031637192,0.9988875985145569,1.0079985857009888,,,,,,,
2130,,,0.14732126891613007,,,,,,,,,,,,0.0,1.0,,0.0,0.04166964814066887,0.9983353018760681,1.0079985857009888,,,,,,,
2131,,,0.1725718230009079,,,,,,,,,,,,0.0,1.0,,0.0,0.096995510160923,0.9988885521888733,1.0079985857009888,,,,,,,
2132,,,0.12410176545381546,,,,,,,,,,,,0.0,1.0,,0.0,0.06138358637690544,0.9985324144363403,1.0079985857009888,,,,,,,
2133,,,0.22289538383483887,,,,,,,,,,,,0.0,1.0,,0.0,0.14165349304676056,0.9993351697921753,1.0079985857009888,,,,,,,
2134,,,0.14692118763923645,,,,,,,,,,,,0.0,1.0,,0.0,0.07917873561382294,0.9987103939056396,1.0079985857009888,,,,,,,
2135,,,0.14224445819854736,,,,,,,,,,,,0.0,1.0,,0.0,0.0552549734711647,0.9984711408615112,1.0079985857009888,,,,,,,
2136,,,0.14387845993041992,,,,,,,,,,,,0.0,1.0,,0.0,0.05110042914748192,0.9984295964241028,1.0079985857009888,,,,,,,
2137,,,0.19862669706344604,,,,,,,,,,,,0.0,1.0,,0.0,0.0620495080947876,0.9985390901565552,1.0079985857009888,,,,,,,
2138,,,0.14952845871448517,,,,,,,,,,,,0.0,1.0,,0.0,0.08339924365282059,0.9987525939941406,1.0079985857009888,,,,,,,
2139,,,0.150186687707901,,,,,,,,,,,,0.0,1.0,,0.0,0.029667727649211884,0.9982152581214905,1.0079985857009888,,,,,,,
2140,,,0.17281442880630493,,,,,,,,,,,,0.0,1.0,,0.0,0.044145964086055756,0.9983600378036499,1.0079985857009888,,,,,,,
2141,,,0.13064196705818176,,,,,,,,,,,,0.0,1.0,,0.0,0.040295254439115524,0.998321533203125,1.0079985857009888,,,,,,,
2142,,,0.19169355928897858,,,,,,,,,,,,0.0,1.0,,0.0,0.04683229327201843,0.9983869194984436,1.0079985857009888,,,,,,,
2143,,,0.12883195281028748,,,,,,,,,,,,0.0,1.0,,0.0,0.09273343533277512,0.9988459348678589,1.0079985857009888,,,,,,,
2144,,,0.16522769629955292,,,,,,,,,,,,0.0,1.0,,0.0,0.04008189216256142,0.9983194470405579,1.0079985857009888,,,,,,,
2145,,,0.1366618573665619,,,,,,,,,,,,0.0,1.0,,0.0,0.0505819171667099,0.9984244108200073,1.0079985857009888,,,,,,,
2146,,,0.1364169716835022,,,,,,,,,,,,0.0,1.0,,0.0,0.04274386167526245,0.9983460307121277,1.0079985857009888,,,,,,,
2147,,,0.1652427315711975,,,,,,,,,,,,0.0,1.0,,0.0,0.03340915963053703,0.9982526898384094,1.0079985857009888,,,,,,,
2148,,,0.12338164448738098,,,,,,,,,,,,0.0,1.0,,0.0,0.04567982256412506,0.998375415802002,1.0079985857009888,,,,,,,
2149,53.0,0.056731998920440674,0.21939605474472046,,,,,,,,,,,,0.0,1.0,0.0010000000474974513,0.0,0.056731998920440674,0.9984859228134155,1.0079985857009888,,0.056731998920440674,0.056731998920440674,0.02296344004571438,0.056731998920440674,0.0,0.056731998920440674
2150,,,0.08769397437572479,,,,,,,,,,,,0.0,1.0,,0.0,0.04522992670536041,0.998370885848999,1.0079985857009888,,,,,,,
2151,,,0.14130353927612305,,,,,,,,,,,,0.0,1.0,,0.0,0.04270612820982933,0.998345673084259,1.0079985857009888,,,,,,,
2152,,,0.13258007168769836,,,,,,,,,,,,0.0,1.0,,0.0,0.04663388058543205,0.998384952545166,1.0079985857009888,,,,,,,
2153,,,0.17680701613426208,,,,,,,,,,,,0.0,1.0,,0.0,0.0644318163394928,0.9985629320144653,1.0079985857009888,,,,,,,
2154,,,0.13086377084255219,,,,,,,,,,,,0.0,1.0,,0.0,0.046980712562799454,0.998388409614563,1.0079985857009888,,,,,,,
2155,,,0.13274052739143372,,,,,,,,,,,,0.0,1.0,,0.0,0.04526159167289734,0.9983712434768677,1.0079985857009888,,,,,,,
2156,,,0.15395940840244293,,,,,,,,,,,,0.0,1.0,,0.0,0.0342436209321022,0.998261034488678,1.0079985857009888,,,,,,,
2157,,,0.1432681530714035,,,,,,,,,,,,0.0,1.0,,0.0,0.03571532294154167,0.9982757568359375,1.0079985857009888,,,,,,,
2158,,,0.18530884385108948,,,,,,,,,,,,0.0,1.0,,0.0,0.04150944575667381,0.9983336925506592,1.0079985857009888,,,,,,,
2159,53.0,0.17318253219127655,0.11974044889211655,0.08320295810699463,0.17318253219127655,0.0,0.17318253219127655,2.6890029907226562,0.2289043664932251,5.858542442321777,7.52008581161499,0.9764468669891357,0.972790002822876,0.8590491414070129,0.0,1.0,,0.0,0.08263140171766281,0.9987449049949646,1.0079985857009888,0.05946644768118858,,,,,,
2160,,,0.3206559121608734,,,,,,,,,,,,0.0,1.0,,0.0,0.04911788925528526,0.9984098076820374,1.0079985857009888,,,,,,,
2161,,,0.47739025950431824,,,,,,,,,,,,0.0,1.0,,0.0,0.06289011985063553,0.9985474944114685,1.0079985857009888,,,,,,,
2162,,,0.5521135926246643,,,,,,,,,,,,0.0,1.0,,0.0,0.07127923518419266,0.9986314177513123,1.0079985857009888,,,,,,,
2163,,,0.3238905966281891,,,,,,,,,,,,0.0,1.0,,0.0,0.05733544006943703,0.9984919428825378,1.0079985857009888,,,,,,,
2164,,,0.6402726173400879,,,,,,,,,,,,0.0,1.0,,0.0,0.04064508527517319,0.9983250498771667,1.0079985857009888,,,,,,,
2165,,,0.21058253943920135,,,,,,,,,,,,0.0,1.0,,0.0,0.03235616534948349,0.9982421398162842,1.0079985857009888,,,,,,,
2166,,,0.7068605422973633,,,,,,,,,,,,0.0,1.0,,0.0,0.04047069698572159,0.9983233213424683,1.0079985857009888,,,,,,,
2167,,,0.41894233226776123,,,,,,,,,,,,0.0,1.0,,0.0,0.05317641422152519,0.9984503984451294,1.0079985857009888,,,,,,,
2168,,,0.42686015367507935,,,,,,,,,,,,0.0,1.0,,0.0,0.05365106835961342,0.9984551072120667,1.0079985857009888,,,,,,,
2169,,,0.21836839616298676,,,,,,,,,,,,0.0,1.0,,0.0,0.09091963618993759,0.9988278150558472,1.0079985857009888,,,,,,,
2170,,,0.3393910825252533,,,,,,,,,,,,0.0,1.0,,0.0,0.04212803766131401,0.9983398914337158,1.0079985857009888,,,,,,,
2171,,,0.23034246265888214,,,,,,,,,,,,0.0,1.0,,0.0,0.0524556003510952,0.9984431862831116,1.0079985857009888,,,,,,,
2172,,,0.22194331884384155,,,,,,,,,,,,0.0,1.0,,0.0,0.07334616780281067,0.9986520409584045,1.0079985857009888,,,,,,,
2173,,,0.4963710606098175,,,,,,,,,,,,0.0,1.0,,0.0,0.08802834153175354,0.9987989068031311,1.0079985857009888,,,,,,,
2174,,,0.23666486144065857,,,,,,,,,,,,0.0,1.0,,0.0,0.040679823607206345,0.9983254075050354,1.0079985857009888,,,,,,,
2175,,,0.4923110008239746,,,,,,,,,,,,0.0,1.0,,0.0,0.040197424590587616,0.9983205795288086,1.0079985857009888,,,,,,,
2176,,,0.14092932641506195,,,,,,,,,,,,0.0,1.0,,0.0,0.05274549871683121,0.9984460473060608,1.0079985857009888,,,,,,,
2177,,,0.11657880991697311,,,,,,,,,,,,0.0,1.0,,0.0,0.031166628003120422,0.9982302784919739,1.0079985857009888,,,,,,,
2178,,,0.13286927342414856,,,,,,,,,,,,0.0,1.0,,0.0,0.07045982033014297,0.9986231923103333,1.0079985857009888,,,,,,,
2179,,,0.13770294189453125,,,,,,,,,,,,0.0,1.0,,0.0,0.04781242087483406,0.9983967542648315,1.0079985857009888,,,,,,,
2180,,,0.11716528981924057,,,,,,,,,,,,0.0,1.0,,0.0,0.037138886749744415,0.9982900023460388,1.0079985857009888,,,,,,,
2181,,,0.18819133937358856,,,,,,,,,,,,0.0,1.0,,0.0,0.03231842443346977,0.9982417821884155,1.0079985857009888,,,,,,,
2182,,,0.13007275760173798,,,,,,,,,,,,0.0,1.0,,0.0,0.061102237552404404,0.9985296130180359,1.0079985857009888,,,,,,,
2183,,,0.12312476336956024,,,,,,,,,,,,0.0,1.0,,0.0,0.0454895980656147,0.9983735084533691,1.0079985857009888,,,,,,,
2184,,,0.12343285977840424,,,,,,,,,,,,0.0,1.0,,0.0,0.11873026192188263,0.9991059303283691,1.0079985857009888,,,,,,,
2185,,,0.1597907692193985,,,,,,,,,,,,0.0,1.0,,0.0,0.04296667128801346,0.9983482956886292,1.0079985857009888,,,,,,,
2186,,,0.11015380173921585,,,,,,,,,,,,0.0,1.0,,0.0,0.056728795170784,0.9984859228134155,1.0079985857009888,,,,,,,
2187,,,0.13928371667861938,,,,,,,,,,,,0.0,1.0,,0.0,0.0415894016623497,0.998334527015686,1.0079985857009888,,,,,,,
2188,,,0.12772639095783234,,,,,,,,,,,,0.0,1.0,,0.0,0.05037589371204376,0.998422384262085,1.0079985857009888,,,,,,,
2189,,,0.1267247051000595,,,,,,,,,,,,0.0,1.0,,0.0,0.03639935329556465,0.9982826113700867,1.0079985857009888,,,,,,,
2190,,,0.1561385840177536,,,,,,,,,,,,0.0,1.0,,0.0,0.09675031900405884,0.9988861083984375,1.0079985857009888,,,,,,,
2191,,,0.09764854609966278,,,,,,,,,,,,0.0,1.0,,0.0,0.07003916800022125,0.998619019985199,1.0079985857009888,,,,,,,
2192,,,0.15517304837703705,,,,,,,,,,,,0.0,1.0,,0.0,0.1418476551771164,0.9993370771408081,1.0079985857009888,,,,,,,
2193,,,0.11043687909841537,,,,,,,,,,,,0.0,1.0,,0.0,0.04391847178339958,0.9983577728271484,1.0079985857009888,,,,,,,
2194,,,0.1500198096036911,,,,,,,,,,,,0.0,1.0,,0.0,0.07264930754899979,0.9986451268196106,1.0079985857009888,,,,,,,
2195,,,0.13682113587856293,,,,,,,,,,,,0.0,1.0,,0.0,0.042306311428546906,0.9983416795730591,1.0079985857009888,,,,,,,
2196,,,0.21875204145908356,,,,,,,,,,,,0.0,1.0,,0.0,0.032708682119846344,0.9982457160949707,1.0079985857009888,,,,,,,
2197,,,0.21222977340221405,,,,,,,,,,,,0.0,1.0,,0.0,0.041075482964515686,0.9983293414115906,1.0079985857009888,,,,,,,
2198,,,0.26452237367630005,,,,,,,,,,,,0.0,1.0,,0.0,0.08522630482912064,0.9987708926200867,1.0079985857009888,,,,,,,
2199,54.0,0.1688246726989746,0.12195856124162674,0.07991934567689896,0.1688246726989746,0.0,0.1688246726989746,2.8414504528045654,0.24365082383155823,6.022928714752197,7.7666168212890625,0.9758232831954956,0.971794605255127,0.9769158959388733,0.0,1.0,0.0010000000474974513,0.0,0.03946790099143982,0.998313307762146,1.0079985857009888,0.05924426391720772,0.03946790099143982,0.03946790099143982,0.017923817038536072,0.03946790099143982,0.0,0.03946790099143982
2200,,,0.09619684517383575,,,,,,,,,,,,0.0,1.0,,0.0,0.05051131919026375,0.99842369556427,1.0079985857009888,,,,,,,
2201,,,0.18068063259124756,,,,,,,,,,,,0.0,1.0,,0.0,0.09300683438777924,0.9988486766815186,1.0079985857009888,,,,,,,
2202,,,0.1112373024225235,,,,,,,,,,,,0.0,1.0,,0.0,0.08337962627410889,0.9987524151802063,1.0079985857009888,,,,,,,
2203,,,0.12926769256591797,,,,,,,,,,,,0.0,1.0,,0.0,0.05614262819290161,0.9984800219535828,1.0079985857009888,,,,,,,
2204,,,0.1558929681777954,,,,,,,,,,,,0.0,1.0,,0.0,0.05761010944843292,0.9984946846961975,1.0079985857009888,,,,,,,
2205,,,0.11675276607275009,,,,,,,,,,,,0.0,1.0,,0.0,0.05784106254577637,0.9984970092773438,1.0079985857009888,,,,,,,
2206,,,0.17989368736743927,,,,,,,,,,,,0.0,1.0,,0.0,0.06978226453065872,0.9986164569854736,1.0079985857009888,,,,,,,
2207,,,0.09789694845676422,,,,,,,,,,,,0.0,1.0,,0.0,0.05101192370057106,0.9984287023544312,1.0079985857009888,,,,,,,
2208,,,0.28195106983184814,,,,,,,,,,,,0.0,1.0,,0.0,0.06832218915224075,0.9986018538475037,1.0079985857009888,,,,,,,
2209,,,0.4649302661418915,,,,,,,,,,,,0.0,1.0,,0.0,0.046272385865449905,0.9983813166618347,1.0079985857009888,,,,,,,
2210,,,0.5306429266929626,,,,,,,,,,,,0.0,1.0,,0.0,0.08177238702774048,0.9987363219261169,1.0079985857009888,,,,,,,
2211,,,0.2946011424064636,,,,,,,,,,,,0.0,1.0,,0.0,0.07277489453554153,0.9986463785171509,1.0079985857009888,,,,,,,
2212,,,0.6294398903846741,,,,,,,,,,,,0.0,1.0,,0.0,0.08213426917791367,0.9987399578094482,1.0079985857009888,,,,,,,
2213,,,0.17584817111492157,,,,,,,,,,,,0.0,1.0,,0.0,0.041504666209220886,0.9983336329460144,1.0079985857009888,,,,,,,
2214,,,0.7045088410377502,,,,,,,,,,,,0.0,1.0,,0.0,0.0798610970377922,0.998717188835144,1.0079985857009888,,,,,,,
2215,,,0.40098923444747925,,,,,,,,,,,,0.0,1.0,,0.0,0.04050319641828537,0.9983236193656921,1.0079985857009888,,,,,,,
2216,,,0.40492862462997437,,,,,,,,,,,,0.0,1.0,,0.0,0.036896176636219025,0.998287558555603,1.0079985857009888,,,,,,,
2217,,,0.18193598091602325,,,,,,,,,,,,0.0,1.0,,0.0,0.036058999598026276,0.9982792139053345,1.0079985857009888,,,,,,,
2218,,,0.30678144097328186,,,,,,,,,,,,0.0,1.0,,0.0,0.036946866661310196,0.998288094997406,1.0079985857009888,,,,,,,
2219,,,0.18947412073612213,,,,,,,,,,,,0.0,1.0,,0.0,0.07623863220214844,0.9986810088157654,1.0079985857009888,,,,,,,
2220,,,0.1776728332042694,,,,,,,,,,,,0.0,1.0,,0.0,0.027738649398088455,0.998196005821228,1.0079985857009888,,,,,,,
2221,,,0.4835929274559021,,,,,,,,,,,,0.0,1.0,,0.0,0.04440796375274658,0.99836266040802,1.0079985857009888,,,,,,,
2222,,,0.20661160349845886,,,,,,,,,,,,0.0,1.0,,0.0,0.025819867849349976,0.9981768131256104,1.0079985857009888,,,,,,,
2223,,,0.4756191670894623,,,,,,,,,,,,0.0,1.0,,0.0,0.02777452953159809,0.9981963634490967,1.0079985857009888,,,,,,,
2224,,,0.16159577667713165,,,,,,,,,,,,0.0,1.0,,0.0,0.06202135235071182,0.9985387921333313,1.0079985857009888,,,,,,,
2225,,,0.18141427636146545,,,,,,,,,,,,0.0,1.0,,0.0,0.04357635974884033,0.9983543753623962,1.0079985857009888,,,,,,,
2226,,,0.2343071699142456,,,,,,,,,,,,0.0,1.0,,0.0,0.07323718070983887,0.9986509680747986,1.0079985857009888,,,,,,,
2227,,,0.14365629851818085,,,,,,,,,,,,0.0,1.0,,0.0,0.033557821065187454,0.9982541799545288,1.0079985857009888,,,,,,,
2228,,,0.30970579385757446,,,,,,,,,,,,0.0,1.0,,0.0,0.032103829085826874,0.9982396364212036,1.0079985857009888,,,,,,,
2229,,,0.21149033308029175,,,,,,,,,,,,0.0,1.0,,0.0,0.04162389412522316,0.9983348250389099,1.0079985857009888,,,,,,,
2230,,,0.36915522813796997,,,,,,,,,,,,0.0,1.0,,0.0,0.04876711964607239,0.9984062910079956,1.0079985857009888,,,,,,,
2231,,,0.17321659624576569,,,,,,,,,,,,0.0,1.0,,0.0,0.058214351534843445,0.9985007643699646,1.0079985857009888,,,,,,,
2232,,,0.13926661014556885,,,,,,,,,,,,0.0,1.0,,0.0,0.04320842772722244,0.9983506798744202,1.0079985857009888,,,,,,,
2233,,,0.17177248001098633,,,,,,,,,,,,0.0,1.0,,0.0,0.0396457314491272,0.9983150362968445,1.0079985857009888,,,,,,,
2234,,,0.11101658642292023,,,,,,,,,,,,0.0,1.0,,0.0,0.0647272914648056,0.9985658526420593,1.0079985857009888,,,,,,,
2235,,,0.1507849544286728,,,,,,,,,,,,0.0,1.0,,0.0,0.03940141573548317,0.9983125925064087,1.0079985857009888,,,,,,,
2236,,,0.16157130897045135,,,,,,,,,,,,0.0,1.0,,0.0,0.04305310174822807,0.998349130153656,1.0079985857009888,,,,,,,
2237,,,0.19150389730930328,,,,,,,,,,,,0.0,1.0,,0.0,0.06269624084234238,0.9985455870628357,1.0079985857009888,,,,,,,
2238,,,0.17617890238761902,,,,,,,,,,,,0.0,1.0,,0.0,0.05501982197165489,0.998468816280365,1.0079985857009888,,,,,,,
2239,55.0,0.18453776836395264,0.16141249239444733,0.08679258078336716,0.18453776836395264,0.0,0.18453776836395264,2.7001965045928955,0.2313370555639267,5.832067489624023,7.591528415679932,0.9764991998672485,0.9728697538375854,0.8721904158592224,0.0,1.0,,0.0,0.047996025532484055,0.9983985424041748,1.0079985857009888,0.06079312786459923,,,,,,
2240,,,0.12798461318016052,,,,,,,,,,,,0.0,1.0,,0.0,0.10366737842559814,0.998955249786377,1.0079985857009888,,,,,,,
2241,,,0.1949644386768341,,,,,,,,,,,,0.0,1.0,,0.0,0.06054023280739784,0.998524010181427,1.0079985857009888,,,,,,,
2242,,,0.24329203367233276,,,,,,,,,,,,0.0,1.0,,0.0,0.04571159929037094,0.9983757138252258,1.0079985857009888,,,,,,,
2243,,,0.11559374630451202,,,,,,,,,,,,0.0,1.0,,0.0,0.038514114916324615,0.9983037710189819,1.0079985857009888,,,,,,,
2244,,,0.33375903964042664,,,,,,,,,,,,0.0,1.0,,0.0,0.08216428756713867,0.9987402558326721,1.0079985857009888,,,,,,,
2245,,,0.17264503240585327,,,,,,,,,,,,0.0,1.0,,0.0,0.05199721083045006,0.9984385967254639,1.0079985857009888,,,,,,,
2246,,,0.40457379817962646,,,,,,,,,,,,0.0,1.0,,0.0,0.066085085272789,0.9985794425010681,1.0079985857009888,,,,,,,
2247,,,0.18045665323734283,,,,,,,,,,,,0.0,1.0,,0.0,0.0623968206346035,0.9985425472259521,1.0079985857009888,,,,,,,
2248,,,0.13731980323791504,,,,,,,,,,,,0.0,1.0,,0.0,0.057530686259269714,0.9984939098358154,1.0079985857009888,,,,,,,
2249,56.0,0.05361596867442131,0.13411976397037506,,,,,,,,,,,,0.0,1.0,0.0010000000474974513,0.0,0.05361596867442131,0.998454749584198,1.0079985857009888,,0.05361596867442131,0.05361596867442131,0.0281203780323267,0.05361596867442131,0.0,0.05361596867442131
2250,,,0.10264202207326889,,,,,,,,,,,,0.0,1.0,,0.0,0.06687793135643005,0.9985873699188232,1.0079985857009888,,,,,,,
2251,,,0.12654583156108856,,,,,,,,,,,,0.0,1.0,,0.0,0.10090609639883041,0.998927652835846,1.0079985857009888,,,,,,,
2252,,,0.1335557997226715,,,,,,,,,,,,0.0,1.0,,0.0,0.06415404379367828,0.9985601305961609,1.0079985857009888,,,,,,,
2253,,,0.20595209300518036,,,,,,,,,,,,0.0,1.0,,0.0,0.045319054275751114,0.9983717799186707,1.0079985857009888,,,,,,,
2254,,,0.13925503194332123,,,,,,,,,,,,0.0,1.0,,0.0,0.0422048419713974,0.9983406662940979,1.0079985857009888,,,,,,,
2255,,,0.17115508019924164,,,,,,,,,,,,0.0,1.0,,0.0,0.05310947075486183,0.9984496831893921,1.0079985857009888,,,,,,,
2256,,,0.4700981676578522,,,,,,,,,,,,0.0,1.0,,0.0,0.06083567067980766,0.9985269904136658,1.0079985857009888,,,,,,,
2257,,,0.592296302318573,,,,,,,,,,,,0.0,1.0,,0.0,0.03704438731074333,0.9982890486717224,1.0079985857009888,,,,,,,
2258,,,0.6424591541290283,,,,,,,,,,,,0.0,1.0,,0.0,0.03968265652656555,0.9983154535293579,1.0079985857009888,,,,,,,
2259,,,0.44424116611480713,,,,,,,,,,,,0.0,1.0,,0.0,0.09810226410627365,0.9988996386528015,1.0079985857009888,,,,,,,
2260,,,0.710537850856781,,,,,,,,,,,,0.0,1.0,,0.0,0.0793943703174591,0.9987125396728516,1.0079985857009888,,,,,,,
2261,,,0.3680678606033325,,,,,,,,,,,,0.0,1.0,,0.0,0.10058421641588211,0.9989244341850281,1.0079985857009888,,,,,,,
2262,,,0.7734304666519165,,,,,,,,,,,,0.0,1.0,,0.0,0.10117553919553757,0.9989303350448608,1.0079985857009888,,,,,,,
2263,,,0.5128880143165588,,,,,,,,,,,,0.0,1.0,,0.0,0.03407156094908714,0.9982593059539795,1.0079985857009888,,,,,,,
2264,,,0.5382766723632812,,,,,,,,,,,,0.0,1.0,,0.0,0.0458112396299839,0.998376727104187,1.0079985857009888,,,,,,,
2265,,,0.31371426582336426,,,,,,,,,,,,0.0,1.0,,0.0,0.07298315316438675,0.998648464679718,1.0079985857009888,,,,,,,
2266,,,0.46702221035957336,,,,,,,,,,,,0.0,1.0,,0.0,0.04880603402853012,0.9984066486358643,1.0079985857009888,,,,,,,
2267,,,0.3372877836227417,,,,,,,,,,,,0.0,1.0,,0.0,0.049260035157203674,0.9984111785888672,1.0079985857009888,,,,,,,
2268,,,0.36493685841560364,,,,,,,,,,,,0.0,1.0,,0.0,0.0633515864610672,0.998552143573761,1.0079985857009888,,,,,,,
2269,,,0.5856803059577942,,,,,,,,,,,,0.0,1.0,,0.0,0.10360297560691833,0.9989546537399292,1.0079985857009888,,,,,,,
2270,,,0.3828474283218384,,,,,,,,,,,,0.0,1.0,,0.0,0.04326539486646652,0.9983512759208679,1.0079985857009888,,,,,,,
2271,,,0.6058997511863708,,,,,,,,,,,,0.0,1.0,,0.0,0.04424580559134483,0.9983610510826111,1.0079985857009888,,,,,,,
2272,,,0.154348224401474,,,,,,,,,,,,0.0,1.0,,0.0,0.03919908031821251,0.9983106255531311,1.0079985857009888,,,,,,,
2273,,,0.12579882144927979,,,,,,,,,,,,0.0,1.0,,0.0,0.0892462208867073,0.9988110661506653,1.0079985857009888,,,,,,,
2274,,,0.15207934379577637,,,,,,,,,,,,0.0,1.0,,0.0,0.07174650579690933,0.9986360669136047,1.0079985857009888,,,,,,,
2275,,,0.1380579024553299,,,,,,,,,,,,0.0,1.0,,0.0,0.06291290372610092,0.9985477328300476,1.0079985857009888,,,,,,,
2276,,,0.18533721566200256,,,,,,,,,,,,0.0,1.0,,0.0,0.12887245416641235,0.9992073178291321,1.0079985857009888,,,,,,,
2277,,,0.18220926821231842,,,,,,,,,,,,0.0,1.0,,0.0,0.04604553431272507,0.9983790516853333,1.0079985857009888,,,,,,,
2278,,,0.2102479338645935,,,,,,,,,,,,0.0,1.0,,0.0,0.04128443822264671,0.9983314275741577,1.0079985857009888,,,,,,,
2279,56.0,0.15645572543144226,0.13975489139556885,0.07744462788105011,0.15645572543144226,0.0,0.15645572543144226,2.7607932090759277,0.23498015105724335,5.8526787757873535,7.4617719650268555,0.9758678078651428,0.971940279006958,0.8045995831489563,0.0,1.0,,0.0,0.12201283872127533,0.9991387128829956,1.0079985857009888,0.06422533839941025,,,,,,
2280,,,0.11894272267818451,,,,,,,,,,,,0.0,1.0,,0.0,0.07136043161153793,0.9986321926116943,1.0079985857009888,,,,,,,
2281,,,0.16398420929908752,,,,,,,,,,,,0.0,1.0,,0.0,0.1628390997648239,0.999547004699707,1.0079985857009888,,,,,,,
2282,,,0.10948725789785385,,,,,,,,,,,,0.0,1.0,,0.0,0.08858367800712585,0.9988044500350952,1.0079985857009888,,,,,,,
2283,,,0.14934994280338287,,,,,,,,,,,,0.0,1.0,,0.0,0.042040809988975525,0.9983389973640442,1.0079985857009888,,,,,,,
2284,,,0.1408168226480484,,,,,,,,,,,,0.0,1.0,,0.0,0.10123414546251297,0.9989309310913086,1.0079985857009888,,,,,,,
2285,,,0.11612475663423538,,,,,,,,,,,,0.0,1.0,,0.0,0.05007544532418251,0.9984193444252014,1.0079985857009888,,,,,,,
2286,,,0.16056039929389954,,,,,,,,,,,,0.0,1.0,,0.0,0.06687529385089874,0.9985873699188232,1.0079985857009888,,,,,,,
2287,,,0.11436053365468979,,,,,,,,,,,,0.0,1.0,,0.0,0.06359159201383591,0.998554527759552,1.0079985857009888,,,,,,,
2288,,,0.2543810307979584,,,,,,,,,,,,0.0,1.0,,0.0,0.046653248369693756,0.9983851313591003,1.0079985857009888,,,,,,,
2289,,,0.41865819692611694,,,,,,,,,,,,0.0,1.0,,0.0,0.05419222265481949,0.9984605312347412,1.0079985857009888,,,,,,,
2290,,,0.48371124267578125,,,,,,,,,,,,0.0,1.0,,0.0,0.04283055290579796,0.9983469247817993,1.0079985857009888,,,,,,,
2291,,,0.2619169354438782,,,,,,,,,,,,0.0,1.0,,0.0,0.0726122334599495,0.9986447095870972,1.0079985857009888,,,,,,,
2292,,,0.5838141441345215,,,,,,,,,,,,0.0,1.0,,0.0,0.10844255983829498,0.9990030527114868,1.0079985857009888,,,,,,,
2293,,,0.15819518268108368,,,,,,,,,,,,0.0,1.0,,0.0,0.03286163508892059,0.9982472062110901,1.0079985857009888,,,,,,,
2294,,,0.6617280840873718,,,,,,,,,,,,0.0,1.0,,0.0,0.03079056181013584,0.998226523399353,1.0079985857009888,,,,,,,
2295,,,0.3623887598514557,,,,,,,,,,,,0.0,1.0,,0.0,0.03900769725441933,0.9983086585998535,1.0079985857009888,,,,,,,
2296,,,0.35819941759109497,,,,,,,,,,,,0.0,1.0,,0.0,0.04435489699244499,0.9983621835708618,1.0079985857009888,,,,,,,
2297,,,0.15895749628543854,,,,,,,,,,,,0.0,1.0,,0.0,0.05256091430783272,0.9984441995620728,1.0079985857009888,,,,,,,
2298,,,0.2671498656272888,,,,,,,,,,,,0.0,1.0,,0.0,0.07327955961227417,0.998651385307312,1.0079985857009888,,,,,,,
2299,57.0,0.04838097468018532,0.17370645701885223,,,,,,,,,,,,0.0,1.0,0.0010000000474974513,0.0,0.04838097468018532,0.9984024167060852,1.0079985857009888,,0.04838097468018532,0.04838097468018532,0.02859879657626152,0.04838097468018532,0.0,0.04838097468018532
2300,,,0.15398091077804565,,,,,,,,,,,,0.0,1.0,,0.0,0.07229440659284592,0.9986415505409241,1.0079985857009888,,,,,,,
2301,,,0.44324788451194763,,,,,,,,,,,,0.0,1.0,,0.0,0.06477218866348267,0.9985663294792175,1.0079985857009888,,,,,,,
2302,,,0.18451985716819763,,,,,,,,,,,,0.0,1.0,,0.0,0.08454831689596176,0.9987640976905823,1.0079985857009888,,,,,,,
2303,,,0.4322977364063263,,,,,,,,,,,,0.0,1.0,,0.0,0.11076552420854568,0.9990262389183044,1.0079985857009888,,,,,,,
2304,,,0.14399097859859467,,,,,,,,,,,,0.0,1.0,,0.0,0.04625682160258293,0.9983811974525452,1.0079985857009888,,,,,,,
2305,,,0.28993162512779236,,,,,,,,,,,,0.0,1.0,,0.0,0.0344524160027504,0.9982631206512451,1.0079985857009888,,,,,,,
2306,,,0.3607132136821747,,,,,,,,,,,,0.0,1.0,,0.0,0.13531742990016937,0.9992717504501343,1.0079985857009888,,,,,,,
2307,,,0.14743053913116455,,,,,,,,,,,,0.0,1.0,,0.0,0.07824455201625824,0.9987010359764099,1.0079985857009888,,,,,,,
2308,,,0.47412168979644775,,,,,,,,,,,,0.0,1.0,,0.0,0.05620892345905304,0.9984806776046753,1.0079985857009888,,,,,,,
2309,,,0.16473886370658875,,,,,,,,,,,,0.0,1.0,,0.0,0.053361546248197556,0.9984522461891174,1.0079985857009888,,,,,,,
2310,,,0.5427368879318237,,,,,,,,,,,,0.0,1.0,,0.0,0.04088454693555832,0.9983274340629578,1.0079985857009888,,,,,,,
2311,,,0.25532734394073486,,,,,,,,,,,,0.0,1.0,,0.0,0.08447515964508057,0.998763382434845,1.0079985857009888,,,,,,,
2312,,,0.22355152666568756,,,,,,,,,,,,0.0,1.0,,0.0,0.04815031960606575,0.998400092124939,1.0079985857009888,,,,,,,
2313,,,0.11211804300546646,,,,,,,,,,,,0.0,1.0,,0.0,0.051554564386606216,0.9984341263771057,1.0079985857009888,,,,,,,
2314,,,0.1472899615764618,,,,,,,,,,,,0.0,1.0,,0.0,0.06624046713113785,0.9985809922218323,1.0079985857009888,,,,,,,
2315,,,0.12224657088518143,,,,,,,,,,,,0.0,1.0,,0.0,0.05213484913110733,0.9984399676322937,1.0079985857009888,,,,,,,
2316,,,0.13812406361103058,,,,,,,,,,,,0.0,1.0,,0.0,0.028170974925160408,0.9982002973556519,1.0079985857009888,,,,,,,
2317,,,0.3256089985370636,,,,,,,,,,,,0.0,1.0,,0.0,0.033920690417289734,0.9982578158378601,1.0079985857009888,,,,,,,
2318,,,0.1371685117483139,,,,,,,,,,,,0.0,1.0,,0.0,0.06350322812795639,0.9985536336898804,1.0079985857009888,,,,,,,
2319,57.0,0.22103284299373627,0.2883228063583374,0.10400600731372833,0.22103284299373627,0.0,0.22103284299373627,2.6723179817199707,0.22891873121261597,5.851247310638428,7.4746174812316895,0.9761697053909302,0.9723711609840393,0.69699627161026,0.0,1.0,,0.0,0.047114331275224686,0.998389720916748,1.0079985857009888,0.059649236500263214,,,,,,
2320,,,0.14229878783226013,,,,,,,,,,,,0.0,1.0,,0.0,0.0922410860657692,0.9988409876823425,1.0079985857009888,,,,,,,
2321,,,0.13123846054077148,,,,,,,,,,,,0.0,1.0,,0.0,0.13490968942642212,0.9992676973342896,1.0079985857009888,,,,,,,
2322,,,0.13494931161403656,,,,,,,,,,,,0.0,1.0,,0.0,0.07618006318807602,0.9986804127693176,1.0079985857009888,,,,,,,
2323,,,0.15121915936470032,,,,,,,,,,,,0.0,1.0,,0.0,0.057337936013936996,0.9984920024871826,1.0079985857009888,,,,,,,
2324,,,0.1497049182653427,,,,,,,,,,,,0.0,1.0,,0.0,0.05414113402366638,0.9984599947929382,1.0079985857009888,,,,,,,
2325,,,0.18716256320476532,,,,,,,,,,,,0.0,1.0,,0.0,0.054688386619091034,0.9984654784202576,1.0079985857009888,,,,,,,
2326,,,0.10918901115655899,,,,,,,,,,,,0.0,1.0,,0.0,0.042496394366025925,0.9983435869216919,1.0079985857009888,,,,,,,
2327,,,0.135313019156456,,,,,,,,,,,,0.0,1.0,,0.0,0.05706296116113663,0.998489260673523,1.0079985857009888,,,,,,,
2328,,,0.12991410493850708,,,,,,,,,,,,0.0,1.0,,0.0,0.037051010876894,0.9982891082763672,1.0079985857009888,,,,,,,
2329,,,0.16515347361564636,,,,,,,,,,,,0.0,1.0,,0.0,0.0390428751707077,0.9983090162277222,1.0079985857009888,,,,,,,
2330,,,0.11488480865955353,,,,,,,,,,,,0.0,1.0,,0.0,0.03622838109731674,0.9982808828353882,1.0079985857009888,,,,,,,
2331,,,0.14009283483028412,,,,,,,,,,,,0.0,1.0,,0.0,0.046196356415748596,0.9983805418014526,1.0079985857009888,,,,,,,
2332,,,0.13728617131710052,,,,,,,,,,,,0.0,1.0,,0.0,0.08391696214675903,0.9987577795982361,1.0079985857009888,,,,,,,
2333,,,0.15096844732761383,,,,,,,,,,,,0.0,1.0,,0.0,0.07651170343160629,0.998683750629425,1.0079985857009888,,,,,,,
2334,,,0.16226254403591156,,,,,,,,,,,,0.0,1.0,,0.0,0.07318589091300964,0.9986504912376404,1.0079985857009888,,,,,,,
2335,,,0.11964097619056702,,,,,,,,,,,,0.0,1.0,,0.0,0.0591338686645031,0.99850994348526,1.0079985857009888,,,,,,,
2336,,,0.20884005725383759,,,,,,,,,,,,0.0,1.0,,0.0,0.05231652781367302,0.998441755771637,1.0079985857009888,,,,,,,
2337,,,0.32394903898239136,,,,,,,,,,,,0.0,1.0,,0.0,0.0772971585392952,0.9986915588378906,1.0079985857009888,,,,,,,
2338,,,0.3889178931713104,,,,,,,,,,,,0.0,1.0,,0.0,0.047253429889678955,0.9983911514282227,1.0079985857009888,,,,,,,
2339,,,0.2081231027841568,,,,,,,,,,,,0.0,1.0,,0.0,0.062293972820043564,0.998541533946991,1.0079985857009888,,,,,,,
2340,,,0.483157753944397,,,,,,,,,,,,0.0,1.0,,0.0,0.0794651210308075,0.9987132549285889,1.0079985857009888,,,,,,,
2341,,,0.15924233198165894,,,,,,,,,,,,0.0,1.0,,0.0,0.04356816038489342,0.9983543157577515,1.0079985857009888,,,,,,,
2342,,,0.5546283721923828,,,,,,,,,,,,0.0,1.0,,0.0,0.0762501209974289,0.9986811280250549,1.0079985857009888,,,,,,,
2343,,,0.2930743098258972,,,,,,,,,,,,0.0,1.0,,0.0,0.06601113080978394,0.9985787272453308,1.0079985857009888,,,,,,,
2344,,,0.2665712833404541,,,,,,,,,,,,0.0,1.0,,0.0,0.056255560368299484,0.9984811544418335,1.0079985857009888,,,,,,,
2345,,,0.13564951717853546,,,,,,,,,,,,0.0,1.0,,0.0,0.05461087450385094,0.9984647035598755,1.0079985857009888,,,,,,,
2346,,,0.19806528091430664,,,,,,,,,,,,0.0,1.0,,0.0,0.040718961507081985,0.9983258247375488,1.0079985857009888,,,,,,,
2347,,,0.17682592570781708,,,,,,,,,,,,0.0,1.0,,0.0,0.033434879034757614,0.9982529282569885,1.0079985857009888,,,,,,,
2348,,,0.1609879583120346,,,,,,,,,,,,0.0,1.0,,0.0,0.06570162624120712,0.9985756278038025,1.0079985857009888,,,,,,,
2349,58.0,0.06795886904001236,0.3404495418071747,,,,,,,,,,,,0.0,1.0,0.0010000000474974513,0.0,0.06795886904001236,0.9985982179641724,1.0079985857009888,,0.06795886904001236,0.06795886904001236,0.03139985352754593,0.06795886904001236,0.0,0.06795886904001236
2350,,,0.1684880554676056,,,,,,,,,,,,0.0,1.0,,0.0,0.056438568979501724,0.9984830021858215,1.0079985857009888,,,,,,,
2351,,,0.3197079002857208,,,,,,,,,,,,0.0,1.0,,0.0,0.040619269013404846,0.9983248114585876,1.0079985857009888,,,,,,,
2352,,,0.24338670074939728,,,,,,,,,,,,0.0,1.0,,0.0,0.07412309944629669,0.9986598491668701,1.0079985857009888,,,,,,,
2353,,,0.3940083384513855,,,,,,,,,,,,0.0,1.0,,0.0,0.08086167275905609,0.9987272024154663,1.0079985857009888,,,,,,,
2354,,,0.4649684429168701,,,,,,,,,,,,0.0,1.0,,0.0,0.06978537142276764,0.9986164569854736,1.0079985857009888,,,,,,,
2355,,,0.24864338338375092,,,,,,,,,,,,0.0,1.0,,0.0,0.055788230150938034,0.998476505279541,1.0079985857009888,,,,,,,
2356,,,0.5680198073387146,,,,,,,,,,,,0.0,1.0,,0.0,0.06315377354621887,0.9985501170158386,1.0079985857009888,,,,,,,
2357,,,0.16034522652626038,,,,,,,,,,,,0.0,1.0,,0.0,0.05337436869740486,0.998452365398407,1.0079985857009888,,,,,,,
2358,,,0.6332911252975464,,,,,,,,,,,,0.0,1.0,,0.0,0.04617447778582573,0.9983803629875183,1.0079985857009888,,,,,,,
2359,58.0,0.19552883505821228,0.3449666202068329,0.09308996051549911,0.19552883505821228,0.0,0.19552883505821228,2.8522419929504395,0.24686414003372192,6.066174030303955,7.876712322235107,0.9766439199447632,0.9726224541664124,0.7231047749519348,0.0,1.0,,0.0,0.241220623254776,1.0003308057785034,1.0079985857009888,0.06349298357963562,,,,,,
2360,,,0.3352068364620209,,,,,,,,,,,,0.0,1.0,,0.0,0.1075592115521431,0.9989941716194153,1.0079985857009888,,,,,,,
2361,,,0.15639176964759827,,,,,,,,,,,,0.0,1.0,,0.0,0.05167107656598091,0.9984353184700012,1.0079985857009888,,,,,,,
2362,,,0.24266614019870758,,,,,,,,,,,,0.0,1.0,,0.0,0.03850874677300453,0.9983037114143372,1.0079985857009888,,,,,,,
2363,,,0.1742820143699646,,,,,,,,,,,,0.0,1.0,,0.0,0.11021722853183746,0.9990207552909851,1.0079985857009888,,,,,,,
2364,,,0.16198313236236572,,,,,,,,,,,,0.0,1.0,,0.0,0.028232520446181297,0.9982009530067444,1.0079985857009888,,,,,,,
2365,,,0.4173031747341156,,,,,,,,,,,,0.0,1.0,,0.0,0.04295358434319496,0.9983481168746948,1.0079985857009888,,,,,,,
2366,,,0.18053272366523743,,,,,,,,,,,,0.0,1.0,,0.0,0.08770792931318283,0.9987956881523132,1.0079985857009888,,,,,,,
2367,,,0.39616659283638,,,,,,,,,,,,0.0,1.0,,0.0,0.09967118501663208,0.9989153146743774,1.0079985857009888,,,,,,,
2368,,,0.4557023048400879,,,,,,,,,,,,0.0,1.0,,0.0,0.049167852848768234,0.9984102845191956,1.0079985857009888,,,,,,,
2369,,,0.5732635855674744,,,,,,,,,,,,0.0,1.0,,0.0,0.07125619053840637,0.9986311793327332,1.0079985857009888,,,,,,,
2370,,,0.6326684355735779,,,,,,,,,,,,0.0,1.0,,0.0,0.06330548226833344,0.9985516667366028,1.0079985857009888,,,,,,,
2371,,,0.43423134088516235,,,,,,,,,,,,0.0,1.0,,0.0,0.05634964630007744,0.9984821081161499,1.0079985857009888,,,,,,,
2372,,,0.6863366365432739,,,,,,,,,,,,0.0,1.0,,0.0,0.029567277058959007,0.9982143044471741,1.0079985857009888,,,,,,,
2373,,,0.3437732458114624,,,,,,,,,,,,0.0,1.0,,0.0,0.04640533775091171,0.9983826875686646,1.0079985857009888,,,,,,,
2374,,,0.754820704460144,,,,,,,,,,,,0.0,1.0,,0.0,0.07901465147733688,0.9987087249755859,1.0079985857009888,,,,,,,
2375,,,0.49685245752334595,,,,,,,,,,,,0.0,1.0,,0.0,0.06639806181192398,0.9985826015472412,1.0079985857009888,,,,,,,
2376,,,0.5283666253089905,,,,,,,,,,,,0.0,1.0,,0.0,0.048654112964868546,0.9984051585197449,1.0079985857009888,,,,,,,
2377,,,0.29776856303215027,,,,,,,,,,,,0.0,1.0,,0.0,0.044010061770677567,0.9983587265014648,1.0079985857009888,,,,,,,
2378,,,0.4462776780128479,,,,,,,,,,,,0.0,1.0,,0.0,0.06740964204072952,0.9985926747322083,1.0079985857009888,,,,,,,
2379,,,0.32661864161491394,,,,,,,,,,,,0.0,1.0,,0.0,0.043958667665719986,0.9983581900596619,1.0079985857009888,,,,,,,
2380,,,0.3546005189418793,,,,,,,,,,,,0.0,1.0,,0.0,0.04816881939768791,0.9984002709388733,1.0079985857009888,,,,,,,
2381,,,0.5695275664329529,,,,,,,,,,,,0.0,1.0,,0.0,0.04616866260766983,0.9983803033828735,1.0079985857009888,,,,,,,
2382,,,0.3555513918399811,,,,,,,,,,,,0.0,1.0,,0.0,0.0545288510620594,0.9984638690948486,1.0079985857009888,,,,,,,
2383,,,0.589589536190033,,,,,,,,,,,,0.0,1.0,,0.0,0.04854751378297806,0.9984040856361389,1.0079985857009888,,,,,,,
2384,,,0.1858624368906021,,,,,,,,,,,,0.0,1.0,,0.0,0.0377800352871418,0.9982963800430298,1.0079985857009888,,,,,,,
2385,,,0.2942071557044983,,,,,,,,,,,,0.0,1.0,,0.0,0.048765819519758224,0.9984062910079956,1.0079985857009888,,,,,,,
2386,,,0.3740452527999878,,,,,,,,,,,,0.0,1.0,,0.0,0.046333055943250656,0.9983819127082825,1.0079985857009888,,,,,,,
2387,,,0.18681301176548004,,,,,,,,,,,,0.0,1.0,,0.0,0.03887569531798363,0.9983073472976685,1.0079985857009888,,,,,,,
2388,,,0.4576106667518616,,,,,,,,,,,,0.0,1.0,,0.0,0.04363417625427246,0.998354971408844,1.0079985857009888,,,,,,,
2389,,,0.14960786700248718,,,,,,,,,,,,0.0,1.0,,0.0,0.03711317479610443,0.9982897639274597,1.0079985857009888,,,,,,,
2390,,,0.520828366279602,,,,,,,,,,,,0.0,1.0,,0.0,0.03766482695937157,0.998295247554779,1.0079985857009888,,,,,,,
2391,,,0.26994645595550537,,,,,,,,,,,,0.0,1.0,,0.0,0.0779818743467331,0.9986984133720398,1.0079985857009888,,,,,,,
2392,,,0.24030637741088867,,,,,,,,,,,,0.0,1.0,,0.0,0.039474572986364365,0.9983133673667908,1.0079985857009888,,,,,,,
2393,,,0.13246390223503113,,,,,,,,,,,,0.0,1.0,,0.0,0.08411210775375366,0.9987597465515137,1.0079985857009888,,,,,,,
2394,,,0.16300581395626068,,,,,,,,,,,,0.0,1.0,,0.0,0.03387391194701195,0.9982573390007019,1.0079985857009888,,,,,,,
2395,,,0.15272414684295654,,,,,,,,,,,,0.0,1.0,,0.0,0.06879041343927383,0.9986065030097961,1.0079985857009888,,,,,,,
2396,,,0.1356543004512787,,,,,,,,,,,,0.0,1.0,,0.0,0.05843520909547806,0.9985029697418213,1.0079985857009888,,,,,,,
2397,,,0.31670188903808594,,,,,,,,,,,,0.0,1.0,,0.0,0.038934554904699326,0.9983079433441162,1.0079985857009888,,,,,,,
2398,,,0.14752265810966492,,,,,,,,,,,,0.0,1.0,,0.0,0.04652491956949234,0.9983838796615601,1.0079985857009888,,,,,,,
2399,59.0,0.1844651699066162,0.2963923513889313,0.08483672142028809,0.1844651699066162,0.0,0.1844651699066162,2.4851608276367188,0.21485698223114014,5.499038219451904,7.098596096038818,0.9802950620651245,0.9769276976585388,0.7465086579322815,0.0,1.0,0.0010000000474974513,0.0,0.12168778479099274,0.9991354942321777,1.0079985857009888,0.05184205248951912,0.12168778479099274,0.12168778479099274,0.04322199523448944,0.12168778479099274,0.0,0.12168778479099274
2400,,,0.15671658515930176,,,,,,,,,,,,0.0,1.0,,0.0,0.06277657300233841,0.9985463619232178,1.0079985857009888,,,,,,,
2401,,,0.15105471014976501,,,,,,,,,,,,0.0,1.0,,0.0,0.06800130009651184,0.9985986351966858,1.0079985857009888,,,,,,,
2402,,,0.12288261204957962,,,,,,,,,,,,0.0,1.0,,0.0,0.04591876640915871,0.998377799987793,1.0079985857009888,,,,,,,
2403,,,0.16501063108444214,,,,,,,,,,,,0.0,1.0,,0.0,0.041600532829761505,0.9983345866203308,1.0079985857009888,,,,,,,
2404,,,0.18103258311748505,,,,,,,,,,,,0.0,1.0,,0.0,0.04401870444417,0.9983587861061096,1.0079985857009888,,,,,,,
2405,,,0.21038764715194702,,,,,,,,,,,,0.0,1.0,,0.0,0.04792109876871109,0.9983978271484375,1.0079985857009888,,,,,,,
2406,,,0.104047030210495,,,,,,,,,,,,0.0,1.0,,0.0,0.06519200652837753,0.9985705018043518,1.0079985857009888,,,,,,,
2407,,,0.14911606907844543,,,,,,,,,,,,0.0,1.0,,0.0,0.043466538190841675,0.9983532428741455,1.0079985857009888,,,,,,,
2408,,,0.14716266095638275,,,,,,,,,,,,0.0,1.0,,0.0,0.04822227731347084,0.9984008073806763,1.0079985857009888,,,,,,,
2409,,,0.18014012277126312,,,,,,,,,,,,0.0,1.0,,0.0,0.03521128371357918,0.9982706904411316,1.0079985857009888,,,,,,,
2410,,,0.13856036961078644,,,,,,,,,,,,0.0,1.0,,0.0,0.06048034504055977,0.9985234141349792,1.0079985857009888,,,,,,,
2411,,,0.13782136142253876,,,,,,,,,,,,0.0,1.0,,0.0,0.035744525492191315,0.9982760548591614,1.0079985857009888,,,,,,,
2412,,,0.15372055768966675,,,,,,,,,,,,0.0,1.0,,0.0,0.11311109364032745,0.999049723148346,1.0079985857009888,,,,,,,
2413,,,0.17509311437606812,,,,,,,,,,,,0.0,1.0,,0.0,0.07391504943370819,0.998657763004303,1.0079985857009888,,,,,,,
2414,,,0.18381597101688385,,,,,,,,,,,,0.0,1.0,,0.0,0.04245225712656975,0.9983431100845337,1.0079985857009888,,,,,,,
2415,,,0.12933529913425446,,,,,,,,,,,,0.0,1.0,,0.0,0.043169230222702026,0.9983503222465515,1.0079985857009888,,,,,,,
2416,,,0.13371604681015015,,,,,,,,,,,,0.0,1.0,,0.0,0.029835637658834457,0.998216986656189,1.0079985857009888,,,,,,,
2417,,,0.10935137420892715,,,,,,,,,,,,0.0,1.0,,0.0,0.057326238602399826,0.9984918832778931,1.0079985857009888,,,,,,,
2418,,,0.12159867584705353,,,,,,,,,,,,0.0,1.0,,0.0,0.038795072585344315,0.9983065724372864,1.0079985857009888,,,,,,,
2419,,,0.13242881000041962,,,,,,,,,,,,0.0,1.0,,0.0,0.03643502667546272,0.9982829689979553,1.0079985857009888,,,,,,,
2420,,,0.13407813012599945,,,,,,,,,,,,0.0,1.0,,0.0,0.03781702369451523,0.9982967972755432,1.0079985857009888,,,,,,,
2421,,,0.16843968629837036,,,,,,,,,,,,0.0,1.0,,0.0,0.03783372789621353,0.9982969164848328,1.0079985857009888,,,,,,,
2422,,,0.10063277930021286,,,,,,,,,,,,0.0,1.0,,0.0,0.03814340755343437,0.9983000159263611,1.0079985857009888,,,,,,,
2423,,,0.12274099141359329,,,,,,,,,,,,0.0,1.0,,0.0,0.03383098542690277,0.9982569217681885,1.0079985857009888,,,,,,,
2424,,,0.10553152114152908,,,,,,,,,,,,0.0,1.0,,0.0,0.030038243159651756,0.9982190132141113,1.0079985857009888,,,,,,,
2425,,,0.15320463478565216,,,,,,,,,,,,0.0,1.0,,0.0,0.07036105543375015,0.9986222386360168,1.0079985857009888,,,,,,,
2426,,,0.10123781859874725,,,,,,,,,,,,0.0,1.0,,0.0,0.08229038119316101,0.9987415075302124,1.0079985857009888,,,,,,,
2427,,,0.12280981242656708,,,,,,,,,,,,0.0,1.0,,0.0,0.033128686249256134,0.998249888420105,1.0079985857009888,,,,,,,
2428,,,0.12379348278045654,,,,,,,,,,,,0.0,1.0,,0.0,0.052165739238262177,0.9984402656555176,1.0079985857009888,,,,,,,
2429,,,0.13348501920700073,,,,,,,,,,,,0.0,1.0,,0.0,0.0709846094250679,0.9986284375190735,1.0079985857009888,,,,,,,
2430,,,0.1465950310230255,,,,,,,,,,,,0.0,1.0,,0.0,0.10395374894142151,0.998958170413971,1.0079985857009888,,,,,,,
2431,,,0.09521850198507309,,,,,,,,,,,,0.0,1.0,,0.0,0.02894715592265129,0.9982081055641174,1.0079985857009888,,,,,,,
2432,,,0.17745055258274078,,,,,,,,,,,,0.0,1.0,,0.0,0.02586815133690834,0.9981772899627686,1.0079985857009888,,,,,,,
2433,,,0.15727320313453674,,,,,,,,,,,,0.0,1.0,,0.0,0.03956827148795128,0.9983142614364624,1.0079985857009888,,,,,,,
2434,,,0.15017926692962646,,,,,,,,,,,,0.0,1.0,,0.0,0.049663279205560684,0.9984152317047119,1.0079985857009888,,,,,,,
2435,,,0.18639855086803436,,,,,,,,,,,,0.0,1.0,,0.0,0.03476320207118988,0.9982662200927734,1.0079985857009888,,,,,,,
2436,,,0.16044333577156067,,,,,,,,,,,,0.0,1.0,,0.0,0.0722564309835434,0.9986411929130554,1.0079985857009888,,,,,,,
2437,,,0.23938006162643433,,,,,,,,,,,,0.0,1.0,,0.0,0.08046736568212509,0.9987232685089111,1.0079985857009888,,,,,,,
2438,,,0.09704550355672836,,,,,,,,,,,,0.0,1.0,,0.0,0.0887247696518898,0.9988058805465698,1.0079985857009888,,,,,,,
2439,60.0,0.20117971301078796,0.1668764352798462,0.0891544297337532,0.20117971301078796,0.0,0.20117971301078796,2.981346845626831,0.2628317177295685,6.214141845703125,8.02900218963623,0.9751407504081726,0.9708532094955444,0.8433265089988708,0.0,1.0,,0.0,0.12919162213802338,0.99921053647995,1.0079985857009888,0.05515247955918312,,,,,,
2440,,,0.15937252342700958,,,,,,,,,,,,0.0,1.0,,0.0,0.07507869601249695,0.9986693859100342,1.0079985857009888,,,,,,,
2441,,,0.19970031082630157,,,,,,,,,,,,0.0,1.0,,0.0,0.057718463242053986,0.9984958171844482,1.0079985857009888,,,,,,,
2442,,,0.15382534265518188,,,,,,,,,,,,0.0,1.0,,0.0,0.0383201539516449,0.9983018040657043,1.0079985857009888,,,,,,,
2443,,,0.1623552441596985,,,,,,,,,,,,0.0,1.0,,0.0,0.1175723522901535,0.9990943074226379,1.0079985857009888,,,,,,,
2444,,,0.1864672303199768,,,,,,,,,,,,0.0,1.0,,0.0,0.052921537309885025,0.998447835445404,1.0079985857009888,,,,,,,
2445,,,0.1727425754070282,,,,,,,,,,,,0.0,1.0,,0.0,0.036264270544052124,0.9982812404632568,1.0079985857009888,,,,,,,
2446,,,0.2073618471622467,,,,,,,,,,,,0.0,1.0,,0.0,0.07604192942380905,0.9986790418624878,1.0079985857009888,,,,,,,
2447,,,0.12826496362686157,,,,,,,,,,,,0.0,1.0,,0.0,0.1422480046749115,0.9993410706520081,1.0079985857009888,,,,,,,
2448,,,0.11922129988670349,,,,,,,,,,,,0.0,1.0,,0.0,0.05243702977895737,0.9984429478645325,1.0079985857009888,,,,,,,
2449,61.0,0.054541248828172684,0.09327287971973419,,,,,,,,,,,,0.0,1.0,0.0010000000474974513,0.0,0.054541248828172684,0.998464047908783,1.0079985857009888,,0.054541248828172684,0.054541248828172684,0.022961489856243134,0.054541248828172684,0.0,0.054541248828172684
2450,,,0.12673887610435486,,,,,,,,,,,,0.0,1.0,,0.0,0.04043345898389816,0.9983229637145996,1.0079985857009888,,,,,,,
2451,,,0.1043027937412262,,,,,,,,,,,,0.0,1.0,,0.0,0.0486626923084259,0.9984052181243896,1.0079985857009888,,,,,,,
2452,,,0.13425493240356445,,,,,,,,,,,,0.0,1.0,,0.0,0.07365413755178452,0.9986551403999329,1.0079985857009888,,,,,,,
2453,,,0.15906718373298645,,,,,,,,,,,,0.0,1.0,,0.0,0.0642930418252945,0.9985615611076355,1.0079985857009888,,,,,,,
2454,,,0.17149800062179565,,,,,,,,,,,,0.0,1.0,,0.0,0.0684271901845932,0.9986028671264648,1.0079985857009888,,,,,,,
2455,,,0.1088806763291359,,,,,,,,,,,,0.0,1.0,,0.0,0.044840600341558456,0.9983670115470886,1.0079985857009888,,,,,,,
2456,,,0.08398409932851791,,,,,,,,,,,,0.0,1.0,,0.0,0.06323698908090591,0.9985509514808655,1.0079985857009888,,,,,,,
2457,,,0.121585913002491,,,,,,,,,,,,0.0,1.0,,0.0,0.05058534815907478,0.9984244704246521,1.0079985857009888,,,,,,,
2458,,,0.0737525001168251,,,,,,,,,,,,0.0,1.0,,0.0,0.0586756132543087,0.9985053539276123,1.0079985857009888,,,,,,,
2459,,,0.11708817631006241,,,,,,,,,,,,0.0,1.0,,0.0,0.03302103281021118,0.998248815536499,1.0079985857009888,,,,,,,
2460,,,0.11298250406980515,,,,,,,,,,,,0.0,1.0,,0.0,0.09523198753595352,0.9988709092140198,1.0079985857009888,,,,,,,
2461,,,0.0813974067568779,,,,,,,,,,,,0.0,1.0,,0.0,0.0759747177362442,0.9986783266067505,1.0079985857009888,,,,,,,
2462,,,0.13317449390888214,,,,,,,,,,,,0.0,1.0,,0.0,0.06851885467767715,0.9986038208007812,1.0079985857009888,,,,,,,
2463,,,0.08848440647125244,,,,,,,,,,,,0.0,1.0,,0.0,0.04883906990289688,0.9984070062637329,1.0079985857009888,,,,,,,
2464,,,0.15593309700489044,,,,,,,,,,,,0.0,1.0,,0.0,0.05030488967895508,0.9984216690063477,1.0079985857009888,,,,,,,
2465,,,0.22030720114707947,,,,,,,,,,,,0.0,1.0,,0.0,0.09482397139072418,0.998866856098175,1.0079985857009888,,,,,,,
2466,,,0.27798038721084595,,,,,,,,,,,,0.0,1.0,,0.0,0.03926919400691986,0.9983112812042236,1.0079985857009888,,,,,,,
2467,,,0.1407746523618698,,,,,,,,,,,,0.0,1.0,,0.0,0.059322331100702286,0.9985118508338928,1.0079985857009888,,,,,,,
2468,,,0.33072125911712646,,,,,,,,,,,,0.0,1.0,,0.0,0.05477366968989372,0.9984663128852844,1.0079985857009888,,,,,,,
2469,,,0.13294380903244019,,,,,,,,,,,,0.0,1.0,,0.0,0.05639940872788429,0.9984825849533081,1.0079985857009888,,,,,,,
2470,,,0.40017080307006836,,,,,,,,,,,,0.0,1.0,,0.0,0.06901048868894577,0.9986087083816528,1.0079985857009888,,,,,,,
2471,,,0.19385144114494324,,,,,,,,,,,,0.0,1.0,,0.0,0.044793833047151566,0.9983665347099304,1.0079985857009888,,,,,,,
2472,,,0.17506037652492523,,,,,,,,,,,,0.0,1.0,,0.0,0.0729372501373291,0.9986479878425598,1.0079985857009888,,,,,,,
2473,,,0.11076889932155609,,,,,,,,,,,,0.0,1.0,,0.0,0.04519769549369812,0.9983705878257751,1.0079985857009888,,,,,,,
2474,,,0.13454066216945648,,,,,,,,,,,,0.0,1.0,,0.0,0.04500122740864754,0.9983686208724976,1.0079985857009888,,,,,,,
2475,,,0.13055731356143951,,,,,,,,,,,,0.0,1.0,,0.0,0.07482646405696869,0.9986668825149536,1.0079985857009888,,,,,,,
2476,,,0.11960245668888092,,,,,,,,,,,,0.0,1.0,,0.0,0.043709978461265564,0.9983556866645813,1.0079985857009888,,,,,,,
2477,,,0.2146223932504654,,,,,,,,,,,,0.0,1.0,,0.0,0.034078460186719894,0.9982593655586243,1.0079985857009888,,,,,,,
2478,,,0.13026811182498932,,,,,,,,,,,,0.0,1.0,,0.0,0.04920891672372818,0.998410701751709,1.0079985857009888,,,,,,,
2479,61.0,0.18577829003334045,0.20359672605991364,0.08838015049695969,0.18577829003334045,0.0,0.18577829003334045,2.802258014678955,0.24190296232700348,6.0945539474487305,8.011857986450195,0.9767027497291565,0.9730424284934998,0.8708555102348328,0.0,1.0,,0.0,0.07965302467346191,0.9987151622772217,1.0079985857009888,0.06300631165504456,,,,,,
2480,,,0.1626303344964981,,,,,,,,,,,,0.0,1.0,,0.0,0.07741794735193253,0.9986928105354309,1.0079985857009888,,,,,,,
2481,,,0.12334465980529785,,,,,,,,,,,,0.0,1.0,,0.0,0.07956348359584808,0.99871426820755,1.0079985857009888,,,,,,,
2482,,,0.14273931086063385,,,,,,,,,,,,0.0,1.0,,0.0,0.05894825607538223,0.998508095741272,1.0079985857009888,,,,,,,
2483,,,0.16463004052639008,,,,,,,,,,,,0.0,1.0,,0.0,0.04737033694982529,0.9983922839164734,1.0079985857009888,,,,,,,
2484,,,0.13778699934482574,,,,,,,,,,,,0.0,1.0,,0.0,0.059074338525533676,0.9985093474388123,1.0079985857009888,,,,,,,
2485,,,0.2079242616891861,,,,,,,,,,,,0.0,1.0,,0.0,0.05673687160015106,0.9984859824180603,1.0079985857009888,,,,,,,
2486,,,0.16450999677181244,,,,,,,,,,,,0.0,1.0,,0.0,0.05019570142030716,0.9984205365180969,1.0079985857009888,,,,,,,
2487,,,0.13302823901176453,,,,,,,,,,,,0.0,1.0,,0.0,0.04303666204214096,0.9983489513397217,1.0079985857009888,,,,,,,
2488,,,0.12756600975990295,,,,,,,,,,,,0.0,1.0,,0.0,0.0443524606525898,0.998362123966217,1.0079985857009888,,,,,,,
2489,,,0.17756594717502594,,,,,,,,,,,,0.0,1.0,,0.0,0.055462729185819626,0.9984732270240784,1.0079985857009888,,,,,,,
2490,,,0.11930707842111588,,,,,,,,,,,,0.0,1.0,,0.0,0.05444144085049629,0.9984630346298218,1.0079985857009888,,,,,,,
2491,,,0.15196342766284943,,,,,,,,,,,,0.0,1.0,,0.0,0.05229532718658447,0.9984415769577026,1.0079985857009888,,,,,,,
2492,,,0.15543563663959503,,,,,,,,,,,,0.0,1.0,,0.0,0.07350753992795944,0.9986537098884583,1.0079985857009888,,,,,,,
2493,,,0.127024844288826,,,,,,,,,,,,0.0,1.0,,0.0,0.05246990546584129,0.9984433054924011,1.0079985857009888,,,,,,,
2494,,,0.18264539539813995,,,,,,,,,,,,0.0,1.0,,0.0,0.04970467463135719,0.9984156489372253,1.0079985857009888,,,,,,,
2495,,,0.11506640166044235,,,,,,,,,,,,0.0,1.0,,0.0,0.06598257273435593,0.9985784292221069,1.0079985857009888,,,,,,,
2496,,,0.12663614749908447,,,,,,,,,,,,0.0,1.0,,0.0,0.025521881878376007,0.9981738328933716,1.0079985857009888,,,,,,,
2497,,,0.08975259214639664,,,,,,,,,,,,0.0,1.0,,0.0,0.048548899590969086,0.9984040856361389,1.0079985857009888,,,,,,,
2498,,,0.1229403018951416,,,,,,,,,,,,0.0,1.0,,0.0,0.04898577183485031,0.9984084367752075,1.0079985857009888,,,,,,,
2499,62.0,0.07865925878286362,0.13079281151294708,,,,,,,,,,,,0.0,1.0,0.0010000000474974513,0.0,0.07865925878286362,0.9987052083015442,1.0079985857009888,,0.07865925878286362,0.07865925878286362,0.03219195455312729,0.07865925878286362,0.0,0.07865925878286362
2500,,,0.1176864430308342,,,,,,,,,,,,0.0,1.0,,0.0,0.07050766795873642,0.9986236691474915,1.0079985857009888,,,,,,,
2501,,,0.17189623415470123,,,,,,,,,,,,0.0,1.0,,0.0,0.060993075370788574,0.9985285401344299,1.0079985857009888,,,,,,,
2502,,,0.1626233458518982,,,,,,,,,,,,0.0,1.0,,0.0,0.05463217571377754,0.9984649419784546,1.0079985857009888,,,,,,,
2503,,,0.10971710085868835,,,,,,,,,,,,0.0,1.0,,0.0,0.06800055503845215,0.9985986351966858,1.0079985857009888,,,,,,,
2504,,,0.09890784323215485,,,,,,,,,,,,0.0,1.0,,0.0,0.05406790226697922,0.9984592795372009,1.0079985857009888,,,,,,,
2505,,,0.15479248762130737,,,,,,,,,,,,0.0,1.0,,0.0,0.060072869062423706,0.9985193610191345,1.0079985857009888,,,,,,,
2506,,,0.09453309327363968,,,,,,,,,,,,0.0,1.0,,0.0,0.06498782336711884,0.9985684752464294,1.0079985857009888,,,,,,,
2507,,,0.11791636794805527,,,,,,,,,,,,0.0,1.0,,0.0,0.052506208419799805,0.9984436631202698,1.0079985857009888,,,,,,,
2508,,,0.11763790994882584,,,,,,,,,,,,0.0,1.0,,0.0,0.07660782337188721,0.9986847043037415,1.0079985857009888,,,,,,,
2509,,,0.10332834720611572,,,,,,,,,,,,0.0,1.0,,0.0,0.0612860731780529,0.9985314607620239,1.0079985857009888,,,,,,,
2510,,,0.14576469361782074,,,,,,,,,,,,0.0,1.0,,0.0,0.03669849783182144,0.9982855916023254,1.0079985857009888,,,,,,,
2511,,,0.08535351604223251,,,,,,,,,,,,0.0,1.0,,0.0,0.045161448419094086,0.9983702301979065,1.0079985857009888,,,,,,,
2512,,,0.1672382354736328,,,,,,,,,,,,0.0,1.0,,0.0,0.0352255254983902,0.9982708692550659,1.0079985857009888,,,,,,,
2513,,,0.2926904559135437,,,,,,,,,,,,0.0,1.0,,0.0,0.050049930810928345,0.9984191060066223,1.0079985857009888,,,,,,,
2514,,,0.3648180663585663,,,,,,,,,,,,0.0,1.0,,0.0,0.10453139990568161,0.9989638924598694,1.0079985857009888,,,,,,,
2515,,,0.16221371293067932,,,,,,,,,,,,0.0,1.0,,0.0,0.07036543637514114,0.9986222386360168,1.0079985857009888,,,,,,,
2516,,,0.4430800974369049,,,,,,,,,,,,0.0,1.0,,0.0,0.048996664583683014,0.9984085559844971,1.0079985857009888,,,,,,,
2517,,,0.1377822607755661,,,,,,,,,,,,0.0,1.0,,0.0,0.06701447814702988,0.9985887408256531,1.0079985857009888,,,,,,,
2518,,,0.5235931873321533,,,,,,,,,,,,0.0,1.0,,0.0,0.05372330918908119,0.998455822467804,1.0079985857009888,,,,,,,
2519,62.0,0.20786970853805542,0.2527947723865509,0.09447450935840607,0.20786970853805542,0.0,0.20786970853805542,2.512681007385254,0.21220697462558746,5.597884654998779,7.352649688720703,0.9856866002082825,0.982193112373352,0.323828786611557,0.0,1.0,,0.0,0.09217718988656998,0.9988403916358948,1.0079985857009888,0.06009259074926376,,,,,,
2520,,,0.23881933093070984,,,,,,,,,,,,0.0,1.0,,0.0,0.05486519634723663,0.9984672665596008,1.0079985857009888,,,,,,,
2521,,,0.10835577547550201,,,,,,,,,,,,0.0,1.0,,0.0,0.05459892004728317,0.9984645843505859,1.0079985857009888,,,,,,,
2522,,,0.16234475374221802,,,,,,,,,,,,0.0,1.0,,0.0,0.054577626287937164,0.9984644055366516,1.0079985857009888,,,,,,,
2523,,,0.12393254041671753,,,,,,,,,,,,0.0,1.0,,0.0,0.07689109444618225,0.9986875057220459,1.0079985857009888,,,,,,,
2524,,,0.12494447827339172,,,,,,,,,,,,0.0,1.0,,0.0,0.0394890271127224,0.9983134865760803,1.0079985857009888,,,,,,,
2525,,,0.30096501111984253,,,,,,,,,,,,0.0,1.0,,0.0,0.0509512722492218,0.9984281063079834,1.0079985857009888,,,,,,,
2526,,,0.13335709273815155,,,,,,,,,,,,0.0,1.0,,0.0,0.046114783734083176,0.9983797669410706,1.0079985857009888,,,,,,,
2527,,,0.28340253233909607,,,,,,,,,,,,0.0,1.0,,0.0,0.09259868413209915,0.998844563961029,1.0079985857009888,,,,,,,
2528,,,0.5324017405509949,,,,,,,,,,,,0.0,1.0,,0.0,0.050661854445934296,0.9984252452850342,1.0079985857009888,,,,,,,
2529,,,0.6219568252563477,,,,,,,,,,,,0.0,1.0,,0.0,0.04731936752796173,0.9983918070793152,1.0079985857009888,,,,,,,
2530,,,0.6743615865707397,,,,,,,,,,,,0.0,1.0,,0.0,0.052029695361852646,0.9984388947486877,1.0079985857009888,,,,,,,
2531,,,0.490400105714798,,,,,,,,,,,,0.0,1.0,,0.0,0.0453731007874012,0.9983723163604736,1.0079985857009888,,,,,,,
2532,,,0.7141510248184204,,,,,,,,,,,,0.0,1.0,,0.0,0.06845425814390182,0.9986031651496887,1.0079985857009888,,,,,,,
2533,,,0.4227006733417511,,,,,,,,,,,,0.0,1.0,,0.0,0.08326620608568192,0.9987512826919556,1.0079985857009888,,,,,,,
2534,,,0.7835163474082947,,,,,,,,,,,,0.0,1.0,,0.0,0.039568834006786346,0.9983143210411072,1.0079985857009888,,,,,,,
2535,,,0.5443434715270996,,,,,,,,,,,,0.0,1.0,,0.0,0.04195571318268776,0.9983381628990173,1.0079985857009888,,,,,,,
2536,,,0.5840352773666382,,,,,,,,,,,,0.0,1.0,,0.0,0.06426399946212769,0.9985612630844116,1.0079985857009888,,,,,,,
2537,,,0.36023956537246704,,,,,,,,,,,,0.0,1.0,,0.0,0.09449923783540726,0.9988635778427124,1.0079985857009888,,,,,,,
2538,,,0.5110087990760803,,,,,,,,,,,,0.0,1.0,,0.0,0.07796218991279602,0.9986982345581055,1.0079985857009888,,,,,,,
2539,,,0.3953004777431488,,,,,,,,,,,,0.0,1.0,,0.0,0.04749394208192825,0.9983935356140137,1.0079985857009888,,,,,,,
2540,,,0.44379642605781555,,,,,,,,,,,,0.0,1.0,,0.0,0.05182657763361931,0.9984368681907654,1.0079985857009888,,,,,,,
2541,,,0.6056925654411316,,,,,,,,,,,,0.0,1.0,,0.0,0.04418034479022026,0.9983603954315186,1.0079985857009888,,,,,,,
2542,,,0.44206464290618896,,,,,,,,,,,,0.0,1.0,,0.0,0.06908532232046127,0.9986094832420349,1.0079985857009888,,,,,,,
2543,,,0.6286171078681946,,,,,,,,,,,,0.0,1.0,,0.0,0.08343154191970825,0.9987528920173645,1.0079985857009888,,,,,,,
2544,,,0.11963506788015366,,,,,,,,,,,,0.0,1.0,,0.0,0.044298894703388214,0.9983615875244141,1.0079985857009888,,,,,,,
2545,,,0.09956976026296616,,,,,,,,,,,,0.0,1.0,,0.0,0.07918362319469452,0.9987104535102844,1.0079985857009888,,,,,,,
2546,,,0.13862799108028412,,,,,,,,,,,,0.0,1.0,,0.0,0.06061064824461937,0.9985247254371643,1.0079985857009888,,,,,,,
2547,,,0.10449787974357605,,,,,,,,,,,,0.0,1.0,,0.0,0.0937257930636406,0.9988558888435364,1.0079985857009888,,,,,,,
2548,,,0.17327618598937988,,,,,,,,,,,,0.0,1.0,,0.0,0.039542343467473984,0.9983140230178833,1.0079985857009888,,,,,,,
2549,63.0,0.045134998857975006,0.16428975760936737,,,,,,,,,,,,0.0,1.0,0.0010000000474974513,0.0,0.045134998857975006,0.9983699321746826,1.0079985857009888,,0.045134998857975006,0.045134998857975006,0.020298302173614502,0.045134998857975006,0.0,0.045134998857975006
2550,,,0.2084064930677414,,,,,,,,,,,,0.0,1.0,,0.0,0.06689774990081787,0.9985876083374023,1.0079985857009888,,,,,,,
2551,,,0.11071296781301498,,,,,,,,,,,,0.0,1.0,,0.0,0.08720657974481583,0.9987906813621521,1.0079985857009888,,,,,,,
2552,,,0.0835733711719513,,,,,,,,,,,,0.0,1.0,,0.0,0.0864485651254654,0.9987831115722656,1.0079985857009888,,,,,,,
2553,,,0.1254119724035263,,,,,,,,,,,,0.0,1.0,,0.0,0.051682598888874054,0.9984354376792908,1.0079985857009888,,,,,,,
2554,,,0.0768137127161026,,,,,,,,,,,,0.0,1.0,,0.0,0.04372716695070267,0.9983558654785156,1.0079985857009888,,,,,,,
2555,,,0.11375681310892105,,,,,,,,,,,,0.0,1.0,,0.0,0.04879562929272652,0.9984065890312195,1.0079985857009888,,,,,,,
2556,,,0.11770609021186829,,,,,,,,,,,,0.0,1.0,,0.0,0.059455692768096924,0.9985131621360779,1.0079985857009888,,,,,,,
2557,,,0.1030217856168747,,,,,,,,,,,,0.0,1.0,,0.0,0.049000777304172516,0.9984086155891418,1.0079985857009888,,,,,,,
2558,,,0.13804614543914795,,,,,,,,,,,,0.0,1.0,,0.0,0.0452616885304451,0.9983712434768677,1.0079985857009888,,,,,,,
2559,63.0,0.15891201794147491,0.09397358447313309,0.07677580416202545,0.15891201794147491,0.0,0.15891201794147491,2.6634178161621094,0.2249874323606491,5.819068908691406,7.466584205627441,0.980033814907074,0.9761551022529602,0.5809969902038574,0.0,1.0,,0.0,0.03553765267133713,0.9982739686965942,1.0079985857009888,0.06464958190917969,,,,,,
2560,,,0.13723932206630707,,,,,,,,,,,,0.0,1.0,,0.0,0.05711910128593445,0.9984897971153259,1.0079985857009888,,,,,,,
2561,,,0.09227654337882996,,,,,,,,,,,,0.0,1.0,,0.0,0.07292002439498901,0.9986478090286255,1.0079985857009888,,,,,,,
2562,,,0.14011847972869873,,,,,,,,,,,,0.0,1.0,,0.0,0.06207534670829773,0.998539388179779,1.0079985857009888,,,,,,,
2563,,,0.12969215214252472,,,,,,,,,,,,0.0,1.0,,0.0,0.04463264346122742,0.9983649253845215,1.0079985857009888,,,,,,,
2564,,,0.14945875108242035,,,,,,,,,,,,0.0,1.0,,0.0,0.059435632079839706,0.9985129833221436,1.0079985857009888,,,,,,,
2565,,,0.19489018619060516,,,,,,,,,,,,0.0,1.0,,0.0,0.024851830676198006,0.998167097568512,1.0079985857009888,,,,,,,
2566,,,0.19257651269435883,,,,,,,,,,,,0.0,1.0,,0.0,0.05821792408823967,0.9985007643699646,1.0079985857009888,,,,,,,
2567,,,0.10365554690361023,,,,,,,,,,,,0.0,1.0,,0.0,0.07425087690353394,0.9986611008644104,1.0079985857009888,,,,,,,
2568,,,0.0933840274810791,,,,,,,,,,,,0.0,1.0,,0.0,0.09421641379594803,0.998860776424408,1.0079985857009888,,,,,,,
2569,,,0.1554928719997406,,,,,,,,,,,,0.0,1.0,,0.0,0.0615600124001503,0.9985342025756836,1.0079985857009888,,,,,,,
2570,,,0.09733333438634872,,,,,,,,,,,,0.0,1.0,,0.0,0.04314567893743515,0.9983500838279724,1.0079985857009888,,,,,,,
2571,,,0.1313825398683548,,,,,,,,,,,,0.0,1.0,,0.0,0.048115286976099014,0.9983997344970703,1.0079985857009888,,,,,,,
2572,,,0.1405390202999115,,,,,,,,,,,,0.0,1.0,,0.0,0.04876410588622093,0.9984062314033508,1.0079985857009888,,,,,,,
2573,,,0.087040476500988,,,,,,,,,,,,0.0,1.0,,0.0,0.04324505105614662,0.9983510375022888,1.0079985857009888,,,,,,,
2574,,,0.16793192923069,,,,,,,,,,,,0.0,1.0,,0.0,0.04376064985990524,0.9983562231063843,1.0079985857009888,,,,,,,
2575,,,0.08814675360918045,,,,,,,,,,,,0.0,1.0,,0.0,0.04704635217785835,0.9983890652656555,1.0079985857009888,,,,,,,
2576,,,0.13236317038536072,,,,,,,,,,,,0.0,1.0,,0.0,0.08392543345689774,0.9987578392028809,1.0079985857009888,,,,,,,
2577,,,0.19260697066783905,,,,,,,,,,,,0.0,1.0,,0.0,0.054838627576828,0.998466968536377,1.0079985857009888,,,,,,,
2578,,,0.24315667152404785,,,,,,,,,,,,0.0,1.0,,0.0,0.03437132015824318,0.998262345790863,1.0079985857009888,,,,,,,
2579,,,0.12382239103317261,,,,,,,,,,,,0.0,1.0,,0.0,0.05343705788254738,0.9984529614448547,1.0079985857009888,,,,,,,
2580,,,0.30119335651397705,,,,,,,,,,,,0.0,1.0,,0.0,0.0412549152970314,0.9983311295509338,1.0079985857009888,,,,,,,
2581,,,0.1294923573732376,,,,,,,,,,,,0.0,1.0,,0.0,0.04120471701025963,0.9983306527137756,1.0079985857009888,,,,,,,
2582,,,0.3702569901943207,,,,,,,,,,,,0.0,1.0,,0.0,0.09484003484249115,0.9988670349121094,1.0079985857009888,,,,,,,
2583,,,0.1751876324415207,,,,,,,,,,,,0.0,1.0,,0.0,0.13061374425888062,0.9992247223854065,1.0079985857009888,,,,,,,
2584,,,0.14446471631526947,,,,,,,,,,,,0.0,1.0,,0.0,0.08912915736436844,0.9988098740577698,1.0079985857009888,,,,,,,
2585,,,0.11194649338722229,,,,,,,,,,,,0.0,1.0,,0.0,0.034131214022636414,0.9982599020004272,1.0079985857009888,,,,,,,
2586,,,0.11175905913114548,,,,,,,,,,,,0.0,1.0,,0.0,0.0770920142531395,0.9986895322799683,1.0079985857009888,,,,,,,
2587,,,0.12263966351747513,,,,,,,,,,,,0.0,1.0,,0.0,0.038397885859012604,0.9983025789260864,1.0079985857009888,,,,,,,
2588,,,0.12052202224731445,,,,,,,,,,,,0.0,1.0,,0.0,0.05789060518145561,0.998497486114502,1.0079985857009888,,,,,,,
2589,,,0.19310995936393738,,,,,,,,,,,,0.0,1.0,,0.0,0.05817406252026558,0.9985003471374512,1.0079985857009888,,,,,,,
2590,,,0.12191879004240036,,,,,,,,,,,,0.0,1.0,,0.0,0.059441301971673965,0.9985130429267883,1.0079985857009888,,,,,,,
2591,,,0.17044644057750702,,,,,,,,,,,,0.0,1.0,,0.0,0.03955138102173805,0.9983141422271729,1.0079985857009888,,,,,,,
2592,,,0.13996858894824982,,,,,,,,,,,,0.0,1.0,,0.0,0.04242910444736481,0.9983428716659546,1.0079985857009888,,,,,,,
2593,,,0.089754119515419,,,,,,,,,,,,0.0,1.0,,0.0,0.047001633793115616,0.9983886480331421,1.0079985857009888,,,,,,,
2594,,,0.11761701852083206,,,,,,,,,,,,0.0,1.0,,0.0,0.028227156028151512,0.9982008934020996,1.0079985857009888,,,,,,,
2595,,,0.12215351313352585,,,,,,,,,,,,0.0,1.0,,0.0,0.06575160473585129,0.9985761046409607,1.0079985857009888,,,,,,,
2596,,,0.16709552705287933,,,,,,,,,,,,0.0,1.0,,0.0,0.0868743509054184,0.9987873435020447,1.0079985857009888,,,,,,,
2597,,,0.18153126537799835,,,,,,,,,,,,0.0,1.0,,0.0,0.07522720843553543,0.9986708760261536,1.0079985857009888,,,,,,,
2598,,,0.20307499170303345,,,,,,,,,,,,0.0,1.0,,0.0,0.04889141023159027,0.9984075427055359,1.0079985857009888,,,,,,,
2599,64.0,0.15508297085762024,0.09864715486764908,0.0753227025270462,0.15508297085762024,0.0,0.15508297085762024,2.277456521987915,0.19143949449062347,4.968774795532227,6.4908952713012695,0.9781693816184998,0.9752088785171509,0.6273528933525085,0.0,1.0,0.0010000000474974513,0.0,0.10062585771083832,0.9989248514175415,1.0079985857009888,0.06106790155172348,0.10062585771083832,0.10062585771083832,0.04182364046573639,0.10062585771083832,0.0,0.10062585771083832
2600,,,0.08687862753868103,,,,,,,,,,,,0.0,1.0,,0.0,0.12609392404556274,0.9991795420646667,1.0079985857009888,,,,,,,
2601,,,0.1453467756509781,,,,,,,,,,,,0.0,1.0,,0.0,0.036206215620040894,0.9982806444168091,1.0079985857009888,,,,,,,
2602,,,0.08529692888259888,,,,,,,,,,,,0.0,1.0,,0.0,0.04718923196196556,0.9983904957771301,1.0079985857009888,,,,,,,
2603,,,0.12154600769281387,,,,,,,,,,,,0.0,1.0,,0.0,0.11392804235219955,0.9990578889846802,1.0079985857009888,,,,,,,
2604,,,0.14324425160884857,,,,,,,,,,,,0.0,1.0,,0.0,0.10411810129880905,0.9989597797393799,1.0079985857009888,,,,,,,
2605,,,0.08616454154253006,,,,,,,,,,,,0.0,1.0,,0.0,0.044043175876140594,0.9983590245246887,1.0079985857009888,,,,,,,
2606,,,0.1513100117444992,,,,,,,,,,,,0.0,1.0,,0.0,0.07363905012607574,0.9986550211906433,1.0079985857009888,,,,,,,
2607,,,0.07821054011583328,,,,,,,,,,,,0.0,1.0,,0.0,0.06521134823560715,0.9985707402229309,1.0079985857009888,,,,,,,
2608,,,0.13283075392246246,,,,,,,,,,,,0.0,1.0,,0.0,0.08135651797056198,0.9987321496009827,1.0079985857009888,,,,,,,
2609,,,0.162197545170784,,,,,,,,,,,,0.0,1.0,,0.0,0.0982513278722763,0.9989011287689209,1.0079985857009888,,,,,,,
2610,,,0.2065206617116928,,,,,,,,,,,,0.0,1.0,,0.0,0.057756487280130386,0.9984961748123169,1.0079985857009888,,,,,,,
2611,,,0.10703441500663757,,,,,,,,,,,,0.0,1.0,,0.0,0.05065121874213219,0.9984251260757446,1.0079985857009888,,,,,,,
2612,,,0.31098276376724243,,,,,,,,,,,,0.0,1.0,,0.0,0.1544959843158722,0.9994635581970215,1.0079985857009888,,,,,,,
2613,,,0.18021953105926514,,,,,,,,,,,,0.0,1.0,,0.0,0.0467313714325428,0.9983859062194824,1.0079985857009888,,,,,,,
2614,,,0.37113121151924133,,,,,,,,,,,,0.0,1.0,,0.0,0.04552832245826721,0.9983738660812378,1.0079985857009888,,,,,,,
2615,,,0.14992891252040863,,,,,,,,,,,,0.0,1.0,,0.0,0.04335586726665497,0.9983521699905396,1.0079985857009888,,,,,,,
2616,,,0.1050749197602272,,,,,,,,,,,,0.0,1.0,,0.0,0.16782857477664948,0.999596893787384,1.0079985857009888,,,,,,,
2617,,,0.153510183095932,,,,,,,,,,,,0.0,1.0,,0.0,0.08673863857984543,0.9987859725952148,1.0079985857009888,,,,,,,
2618,,,0.08472246676683426,,,,,,,,,,,,0.0,1.0,,0.0,0.05057457461953163,0.9984243512153625,1.0079985857009888,,,,,,,
2619,,,0.12013529986143112,,,,,,,,,,,,0.0,1.0,,0.0,0.0673556923866272,0.9985921382904053,1.0079985857009888,,,,,,,
2620,,,0.15227286517620087,,,,,,,,,,,,0.0,1.0,,0.0,0.04501156136393547,0.9983687400817871,1.0079985857009888,,,,,,,
2621,,,0.16953827440738678,,,,,,,,,,,,0.0,1.0,,0.0,0.052543025463819504,0.9984440207481384,1.0079985857009888,,,,,,,
2622,,,0.1541213095188141,,,,,,,,,,,,0.0,1.0,,0.0,0.06631921976804733,0.9985818266868591,1.0079985857009888,,,,,,,
2623,,,0.1386229246854782,,,,,,,,,,,,0.0,1.0,,0.0,0.05597717687487602,0.998478353023529,1.0079985857009888,,,,,,,
2624,,,0.1369371861219406,,,,,,,,,,,,0.0,1.0,,0.0,0.047880783677101135,0.9983974099159241,1.0079985857009888,,,,,,,
2625,,,0.2590688169002533,,,,,,,,,,,,0.0,1.0,,0.0,0.07339591532945633,0.9986525774002075,1.0079985857009888,,,,,,,
2626,,,0.32982513308525085,,,,,,,,,,,,0.0,1.0,,0.0,0.06367131322622299,0.9985553026199341,1.0079985857009888,,,,,,,
2627,,,0.13206586241722107,,,,,,,,,,,,0.0,1.0,,0.0,0.03699878603219986,0.9982885718345642,1.0079985857009888,,,,,,,
2628,,,0.42060714960098267,,,,,,,,,,,,0.0,1.0,,0.0,0.1927037090063095,0.9998456239700317,1.0079985857009888,,,,,,,
2629,,,0.15036585927009583,,,,,,,,,,,,0.0,1.0,,0.0,0.04528762027621269,0.9983714818954468,1.0079985857009888,,,,,,,
2630,,,0.49758416414260864,,,,,,,,,,,,0.0,1.0,,0.0,0.04569769650697708,0.9983755946159363,1.0079985857009888,,,,,,,
2631,,,0.22157630324363708,,,,,,,,,,,,0.0,1.0,,0.0,0.05974385887384415,0.9985160231590271,1.0079985857009888,,,,,,,
2632,,,0.1925782561302185,,,,,,,,,,,,0.0,1.0,,0.0,0.04198700934648514,0.9983384609222412,1.0079985857009888,,,,,,,
2633,,,0.1126752644777298,,,,,,,,,,,,0.0,1.0,,0.0,0.10311377048492432,0.9989497661590576,1.0079985857009888,,,,,,,
2634,,,0.12729932367801666,,,,,,,,,,,,0.0,1.0,,0.0,0.09403356164693832,0.9988589286804199,1.0079985857009888,,,,,,,
2635,,,0.10935195535421371,,,,,,,,,,,,0.0,1.0,,0.0,0.04769827052950859,0.998395562171936,1.0079985857009888,,,,,,,
2636,,,0.1261671930551529,,,,,,,,,,,,0.0,1.0,,0.0,0.0530853271484375,0.998449444770813,1.0079985857009888,,,,,,,
2637,,,0.2820601165294647,,,,,,,,,,,,0.0,1.0,,0.0,0.13445110619068146,0.9992631077766418,1.0079985857009888,,,,,,,
2638,,,0.12178651988506317,,,,,,,,,,,,0.0,1.0,,0.0,0.042944010347127914,0.99834805727005,1.0079985857009888,,,,,,,
2639,65.0,0.15860724449157715,0.2504224479198456,0.07520842552185059,0.15860724449157715,0.0,0.15860724449157715,2.6209349632263184,0.2240612506866455,5.68106746673584,7.263634204864502,0.9767640233039856,0.9732373952865601,0.7180745601654053,0.0,1.0,,0.0,0.08831095695495605,0.9988017082214355,1.0079985857009888,0.06601886451244354,,,,,,
2640,,,0.18112899363040924,,,,,,,,,,,,0.0,1.0,,0.0,0.054485809057950974,0.9984634518623352,1.0079985857009888,,,,,,,
2641,,,0.33769291639328003,,,,,,,,,,,,0.0,1.0,,0.0,0.10927612334489822,0.9990113377571106,1.0079985857009888,,,,,,,
2642,,,0.4047796130180359,,,,,,,,,,,,0.0,1.0,,0.0,0.04603787884116173,0.9983789920806885,1.0079985857009888,,,,,,,
2643,,,0.18413928151130676,,,,,,,,,,,,0.0,1.0,,0.0,0.03366238996386528,0.9982552528381348,1.0079985857009888,,,,,,,
2644,,,0.5104827284812927,,,,,,,,,,,,0.0,1.0,,0.0,0.04521126300096512,0.9983707070350647,1.0079985857009888,,,,,,,
2645,,,0.1251162588596344,,,,,,,,,,,,0.0,1.0,,0.0,0.03412563353776932,0.9982598423957825,1.0079985857009888,,,,,,,
2646,,,0.5873039960861206,,,,,,,,,,,,0.0,1.0,,0.0,0.03310516104102135,0.9982496500015259,1.0079985857009888,,,,,,,
2647,,,0.2900487184524536,,,,,,,,,,,,0.0,1.0,,0.0,0.04154321178793907,0.9983340501785278,1.0079985857009888,,,,,,,
2648,,,0.27421361207962036,,,,,,,,,,,,0.0,1.0,,0.0,0.05409752577543259,0.9984595775604248,1.0079985857009888,,,,,,,
2649,66.0,0.045423973351716995,0.11048268526792526,,,,,,,,,,,,0.0,1.0,0.0010000000474974513,0.0,0.045423973351716995,0.9983728528022766,1.0079985857009888,,0.045423973351716995,0.045423973351716995,0.025848548859357834,0.045423973351716995,0.0,0.045423973351716995
2650,,,0.18392854928970337,,,,,,,,,,,,0.0,1.0,,0.0,0.032695185393095016,0.9982455372810364,1.0079985857009888,,,,,,,
2651,,,0.1278112381696701,,,,,,,,,,,,0.0,1.0,,0.0,0.078151635825634,0.9987001419067383,1.0079985857009888,,,,,,,
2652,,,0.11792316287755966,,,,,,,,,,,,0.0,1.0,,0.0,0.050240207463502884,0.9984210133552551,1.0079985857009888,,,,,,,
2653,,,0.3599017262458801,,,,,,,,,,,,0.0,1.0,,0.0,0.0404541976749897,0.9983231425285339,1.0079985857009888,,,,,,,
2654,,,0.1264660656452179,,,,,,,,,,,,0.0,1.0,,0.0,0.049569569528102875,0.9984142780303955,1.0079985857009888,,,,,,,
2655,,,0.33339059352874756,,,,,,,,,,,,0.0,1.0,,0.0,0.04695446789264679,0.9983881711959839,1.0079985857009888,,,,,,,
2656,,,0.22775515913963318,,,,,,,,,,,,0.0,1.0,,0.0,0.04953136667609215,0.9984139204025269,1.0079985857009888,,,,,,,
2657,,,0.3769530653953552,,,,,,,,,,,,0.0,1.0,,0.0,0.04085975140333176,0.9983271956443787,1.0079985857009888,,,,,,,
2658,,,0.4493981897830963,,,,,,,,,,,,0.0,1.0,,0.0,0.03554949909448624,0.9982740879058838,1.0079985857009888,,,,,,,
2659,,,0.22424019873142242,,,,,,,,,,,,0.0,1.0,,0.0,0.033443573862314224,0.9982530474662781,1.0079985857009888,,,,,,,
2660,,,0.5356407165527344,,,,,,,,,,,,0.0,1.0,,0.0,0.07743483781814575,0.9986929297447205,1.0079985857009888,,,,,,,
2661,,,0.14007970690727234,,,,,,,,,,,,0.0,1.0,,0.0,0.14952696859836578,0.9994138479232788,1.0079985857009888,,,,,,,
2662,,,0.6197264790534973,,,,,,,,,,,,0.0,1.0,,0.0,0.07499254494905472,0.9986685514450073,1.0079985857009888,,,,,,,
2663,,,0.3217214345932007,,,,,,,,,,,,0.0,1.0,,0.0,0.04642503708600998,0.9983828663825989,1.0079985857009888,,,,,,,
2664,,,0.3139883279800415,,,,,,,,,,,,0.0,1.0,,0.0,0.08213824778795242,0.998740017414093,1.0079985857009888,,,,,,,
2665,,,0.13901680707931519,,,,,,,,,,,,0.0,1.0,,0.0,0.0704517737030983,0.9986231327056885,1.0079985857009888,,,,,,,
2666,,,0.22524382174015045,,,,,,,,,,,,0.0,1.0,,0.0,0.03798440098762512,0.9982984662055969,1.0079985857009888,,,,,,,
2667,,,0.15272189676761627,,,,,,,,,,,,0.0,1.0,,0.0,0.07876604795455933,0.9987062811851501,1.0079985857009888,,,,,,,
2668,,,0.14446450769901276,,,,,,,,,,,,0.0,1.0,,0.0,0.041216034442186356,0.9983307719230652,1.0079985857009888,,,,,,,
2669,,,0.3955247700214386,,,,,,,,,,,,0.0,1.0,,0.0,0.07870663702487946,0.9987056851387024,1.0079985857009888,,,,,,,
2670,,,0.1612686961889267,,,,,,,,,,,,0.0,1.0,,0.0,0.05785677582025528,0.9984971880912781,1.0079985857009888,,,,,,,
2671,,,0.3749363422393799,,,,,,,,,,,,0.0,1.0,,0.0,0.0796656608581543,0.9987152814865112,1.0079985857009888,,,,,,,
2672,,,0.22178296744823456,,,,,,,,,,,,0.0,1.0,,0.0,0.06082950159907341,0.9985268712043762,1.0079985857009888,,,,,,,
2673,,,0.16098853945732117,,,,,,,,,,,,0.0,1.0,,0.0,0.03878823295235634,0.9983065128326416,1.0079985857009888,,,,,,,
2674,,,0.15718184411525726,,,,,,,,,,,,0.0,1.0,,0.0,0.05931621789932251,0.998511791229248,1.0079985857009888,,,,,,,
2675,,,0.2179596871137619,,,,,,,,,,,,0.0,1.0,,0.0,0.05673166364431381,0.9984859228134155,1.0079985857009888,,,,,,,
2676,,,0.11845915764570236,,,,,,,,,,,,0.0,1.0,,0.0,0.06513583660125732,0.9985699653625488,1.0079985857009888,,,,,,,
2677,,,0.2581631541252136,,,,,,,,,,,,0.0,1.0,,0.0,0.046103585511446,0.998379647731781,1.0079985857009888,,,,,,,
2678,,,0.154105082154274,,,,,,,,,,,,0.0,1.0,,0.0,0.12470771372318268,0.9991656541824341,1.0079985857009888,,,,,,,
2679,66.0,0.20150785148143768,0.16031277179718018,0.09037885069847107,0.20150785148143768,0.0,0.20150785148143768,2.6466026306152344,0.23305967450141907,5.79673433303833,7.483888149261475,0.9771401882171631,0.9736766815185547,0.7644698023796082,0.0,1.0,,0.0,0.04972473531961441,0.9984158277511597,1.0079985857009888,0.05912128835916519,,,,,,
2680,,,0.1766684651374817,,,,,,,,,,,,0.0,1.0,,0.0,0.06165504828095436,0.99853515625,1.0079985857009888,,,,,,,
2681,,,0.22238603234291077,,,,,,,,,,,,0.0,1.0,,0.0,0.06517414003610611,0.9985703229904175,1.0079985857009888,,,,,,,
2682,,,0.17994865775108337,,,,,,,,,,,,0.0,1.0,,0.0,0.05282660573720932,0.9984468817710876,1.0079985857009888,,,,,,,
2683,,,0.1850069910287857,,,,,,,,,,,,0.0,1.0,,0.0,0.045699119567871094,0.9983755946159363,1.0079985857009888,,,,,,,
2684,,,0.20211467146873474,,,,,,,,,,,,0.0,1.0,,0.0,0.04291089251637459,0.9983476996421814,1.0079985857009888,,,,,,,
2685,,,0.15651503205299377,,,,,,,,,,,,0.0,1.0,,0.0,0.04379044845700264,0.9983565211296082,1.0079985857009888,,,,,,,
2686,,,0.2344658374786377,,,,,,,,,,,,0.0,1.0,,0.0,0.04916314408183098,0.9984102249145508,1.0079985857009888,,,,,,,
2687,,,0.15904919803142548,,,,,,,,,,,,0.0,1.0,,0.0,0.05291479080915451,0.9984477758407593,1.0079985857009888,,,,,,,
2688,,,0.14914020895957947,,,,,,,,,,,,0.0,1.0,,0.0,0.028337398543953896,0.9982019662857056,1.0079985857009888,,,,,,,
2689,,,0.26757872104644775,,,,,,,,,,,,0.0,1.0,,0.0,0.04537392407655716,0.9983723163604736,1.0079985857009888,,,,,,,
2690,,,0.34334099292755127,,,,,,,,,,,,0.0,1.0,,0.0,0.09599094837903976,0.998878538608551,1.0079985857009888,,,,,,,
2691,,,0.1448361724615097,,,,,,,,,,,,0.0,1.0,,0.0,0.04330592602491379,0.9983516931533813,1.0079985857009888,,,,,,,
2692,,,0.45107966661453247,,,,,,,,,,,,0.0,1.0,,0.0,0.04394844174385071,0.9983580708503723,1.0079985857009888,,,,,,,
2693,,,0.18188297748565674,,,,,,,,,,,,0.0,1.0,,0.0,0.03891734778881073,0.9983077645301819,1.0079985857009888,,,,,,,
2694,,,0.5179082155227661,,,,,,,,,,,,0.0,1.0,,0.0,0.08384827524423599,0.9987570643424988,1.0079985857009888,,,,,,,
2695,,,0.2342788279056549,,,,,,,,,,,,0.0,1.0,,0.0,0.036567121744155884,0.9982842803001404,1.0079985857009888,,,,,,,
2696,,,0.19968748092651367,,,,,,,,,,,,0.0,1.0,,0.0,0.06211334094405174,0.9985397458076477,1.0079985857009888,,,,,,,
2697,,,0.1245884820818901,,,,,,,,,,,,0.0,1.0,,0.0,0.03431347385048866,0.9982617497444153,1.0079985857009888,,,,,,,
2698,,,0.12729597091674805,,,,,,,,,,,,0.0,1.0,,0.0,0.025492554530501366,0.9981735348701477,1.0079985857009888,,,,,,,
2699,67.0,0.037490252405405045,0.1259254515171051,,,,,,,,,,,,0.0,1.0,0.0010000000474974513,0.0,0.037490252405405045,0.9982935190200806,1.0079985857009888,,0.037490252405405045,0.037490252405405045,0.02103007212281227,0.037490252405405045,0.0,0.037490252405405045
2700,,,0.14264297485351562,,,,,,,,,,,,0.0,1.0,,0.0,0.045230478048324585,0.998370885848999,1.0079985857009888,,,,,,,
2701,,,0.29059767723083496,,,,,,,,,,,,0.0,1.0,,0.0,0.038257140666246414,0.9983011484146118,1.0079985857009888,,,,,,,
2702,,,0.14063583314418793,,,,,,,,,,,,0.0,1.0,,0.0,0.04584844410419464,0.9983770847320557,1.0079985857009888,,,,,,,
2703,,,0.2600964903831482,,,,,,,,,,,,0.0,1.0,,0.0,0.03980572894215584,0.9983166456222534,1.0079985857009888,,,,,,,
2704,,,0.24133485555648804,,,,,,,,,,,,0.0,1.0,,0.0,0.027985725551843643,0.9981984496116638,1.0079985857009888,,,,,,,
2705,,,0.4080703854560852,,,,,,,,,,,,0.0,1.0,,0.0,0.07973447442054749,0.9987159371376038,1.0079985857009888,,,,,,,
2706,,,0.47165143489837646,,,,,,,,,,,,0.0,1.0,,0.0,0.09655296057462692,0.9988841414451599,1.0079985857009888,,,,,,,
2707,,,0.24470780789852142,,,,,,,,,,,,0.0,1.0,,0.0,0.03043314814567566,0.9982229471206665,1.0079985857009888,,,,,,,
2708,,,0.5800999402999878,,,,,,,,,,,,0.0,1.0,,0.0,0.032101988792419434,0.9982396364212036,1.0079985857009888,,,,,,,
2709,,,0.14804956316947937,,,,,,,,,,,,0.0,1.0,,0.0,0.07479970157146454,0.9986665844917297,1.0079985857009888,,,,,,,
2710,,,0.6514743566513062,,,,,,,,,,,,0.0,1.0,,0.0,0.05010395124554634,0.9984196424484253,1.0079985857009888,,,,,,,
2711,,,0.34835729002952576,,,,,,,,,,,,0.0,1.0,,0.0,0.03331541270017624,0.998251736164093,1.0079985857009888,,,,,,,
2712,,,0.34622135758399963,,,,,,,,,,,,0.0,1.0,,0.0,0.03449440374970436,0.9982635378837585,1.0079985857009888,,,,,,,
2713,,,0.15275704860687256,,,,,,,,,,,,0.0,1.0,,0.0,0.04958505928516388,0.9984144568443298,1.0079985857009888,,,,,,,
2714,,,0.2514902353286743,,,,,,,,,,,,0.0,1.0,,0.0,0.04590679705142975,0.9983776807785034,1.0079985857009888,,,,,,,
2715,,,0.16623066365718842,,,,,,,,,,,,0.0,1.0,,0.0,0.03239976987242699,0.9982426166534424,1.0079985857009888,,,,,,,
2716,,,0.14874736964702606,,,,,,,,,,,,0.0,1.0,,0.0,0.060544177889823914,0.9985240697860718,1.0079985857009888,,,,,,,
2717,,,0.4293009638786316,,,,,,,,,,,,0.0,1.0,,0.0,0.05422637239098549,0.9984608888626099,1.0079985857009888,,,,,,,
2718,,,0.17111685872077942,,,,,,,,,,,,0.0,1.0,,0.0,0.07753174006938934,0.9986939430236816,1.0079985857009888,,,,,,,
2719,67.0,0.16842179000377655,0.4157930016517639,0.08053625375032425,0.16842179000377655,0.0,0.16842179000377655,2.626509189605713,0.2208280861377716,5.727719306945801,7.369962692260742,0.976346492767334,0.9727338552474976,0.808691680431366,0.0,1.0,,0.0,0.10020336508750916,0.9989206194877625,1.0079985857009888,0.05334921181201935,,,,,,
2720,,,0.32104113698005676,,,,,,,,,,,,0.0,1.0,,0.0,0.05669599398970604,0.9984855651855469,1.0079985857009888,,,,,,,
2721,,,0.5045005083084106,,,,,,,,,,,,0.0,1.0,,0.0,0.04514142498373985,0.9983699917793274,1.0079985857009888,,,,,,,
2722,,,0.5680270195007324,,,,,,,,,,,,0.0,1.0,,0.0,0.09899906069040298,0.9989085793495178,1.0079985857009888,,,,,,,
2723,,,0.3164861500263214,,,,,,,,,,,,0.0,1.0,,0.0,0.05443387106060982,0.9984629154205322,1.0079985857009888,,,,,,,
2724,,,0.6717761754989624,,,,,,,,,,,,0.0,1.0,,0.0,0.09361692517995834,0.9988547563552856,1.0079985857009888,,,,,,,
2725,,,0.1899142563343048,,,,,,,,,,,,0.0,1.0,,0.0,0.03671317175030708,0.998285710811615,1.0079985857009888,,,,,,,
2726,,,0.7339640855789185,,,,,,,,,,,,0.0,1.0,,0.0,0.0872473418712616,0.9987910985946655,1.0079985857009888,,,,,,,
2727,,,0.4263944625854492,,,,,,,,,,,,0.0,1.0,,0.0,0.034370191395282745,0.9982622861862183,1.0079985857009888,,,,,,,
2728,,,0.4436267018318176,,,,,,,,,,,,0.0,1.0,,0.0,0.05510292574763298,0.9984696507453918,1.0079985857009888,,,,,,,
2729,,,0.19406503438949585,,,,,,,,,,,,0.0,1.0,,0.0,0.04027380794286728,0.9983213543891907,1.0079985857009888,,,,,,,
2730,,,0.3418121933937073,,,,,,,,,,,,0.0,1.0,,0.0,0.041570451110601425,0.9983342885971069,1.0079985857009888,,,,,,,
2731,,,0.18998007476329803,,,,,,,,,,,,0.0,1.0,,0.0,0.030700091272592545,0.9982256293296814,1.0079985857009888,,,,,,,
2732,,,0.18149405717849731,,,,,,,,,,,,0.0,1.0,,0.0,0.11714008450508118,0.9990900158882141,1.0079985857009888,,,,,,,
2733,,,0.5099275708198547,,,,,,,,,,,,0.0,1.0,,0.0,0.02436761185526848,0.9981622695922852,1.0079985857009888,,,,,,,
2734,,,0.22338002920150757,,,,,,,,,,,,0.0,1.0,,0.0,0.03238503634929657,0.9982424378395081,1.0079985857009888,,,,,,,
2735,,,0.5136238932609558,,,,,,,,,,,,0.0,1.0,,0.0,0.05009438842535019,0.9984195232391357,1.0079985857009888,,,,,,,
2736,,,0.16963502764701843,,,,,,,,,,,,0.0,1.0,,0.0,0.04490221291780472,0.9983676075935364,1.0079985857009888,,,,,,,
2737,,,0.1490073949098587,,,,,,,,,,,,0.0,1.0,,0.0,0.050252702087163925,0.9984211325645447,1.0079985857009888,,,,,,,
2738,,,0.1343148946762085,,,,,,,,,,,,0.0,1.0,,0.0,0.04346103221178055,0.9983532428741455,1.0079985857009888,,,,,,,
2739,,,0.17384032905101776,,,,,,,,,,,,0.0,1.0,,0.0,0.03841109573841095,0.998302698135376,1.0079985857009888,,,,,,,
2740,,,0.18097709119319916,,,,,,,,,,,,0.0,1.0,,0.0,0.0335567407310009,0.9982541799545288,1.0079985857009888,,,,,,,
2741,,,0.2348991483449936,,,,,,,,,,,,0.0,1.0,,0.0,0.04463723301887512,0.9983649849891663,1.0079985857009888,,,,,,,
2742,,,0.10475614666938782,,,,,,,,,,,,0.0,1.0,,0.0,0.03278525918722153,0.998246431350708,1.0079985857009888,,,,,,,
2743,,,0.15727001428604126,,,,,,,,,,,,0.0,1.0,,0.0,0.04154614731669426,0.9983340501785278,1.0079985857009888,,,,,,,
2744,,,0.15149033069610596,,,,,,,,,,,,0.0,1.0,,0.0,0.035857904702425,0.9982771873474121,1.0079985857009888,,,,,,,
2745,,,0.18770529329776764,,,,,,,,,,,,0.0,1.0,,0.0,0.08025412261486053,0.9987211227416992,1.0079985857009888,,,,,,,
2746,,,0.12270507216453552,,,,,,,,,,,,0.0,1.0,,0.0,0.06782019883394241,0.9985967874526978,1.0079985857009888,,,,,,,
2747,,,0.16157518327236176,,,,,,,,,,,,0.0,1.0,,0.0,0.04216810688376427,0.9983403086662292,1.0079985857009888,,,,,,,
2748,,,0.17233125865459442,,,,,,,,,,,,0.0,1.0,,0.0,0.032621052116155624,0.9982448220252991,1.0079985857009888,,,,,,,
2749,68.0,0.03717280179262161,0.15838222205638885,,,,,,,,,,,,0.0,1.0,0.0010000000474974513,0.0,0.03717280179262161,0.9982903599739075,1.0079985857009888,,0.03717280179262161,0.03717280179262161,0.027227718383073807,0.03717280179262161,0.0,0.03717280179262161
2750,,,0.1986599713563919,,,,,,,,,,,,0.0,1.0,,0.0,0.0791558101773262,0.9987101554870605,1.0079985857009888,,,,,,,
2751,,,0.1236213743686676,,,,,,,,,,,,0.0,1.0,,0.0,0.11390150338411331,0.9990576505661011,1.0079985857009888,,,,,,,
2752,,,0.13040317595005035,,,,,,,,,,,,0.0,1.0,,0.0,0.04061061888933182,0.9983246922492981,1.0079985857009888,,,,,,,
2753,,,0.09813538938760757,,,,,,,,,,,,0.0,1.0,,0.0,0.03307945281267166,0.9982494115829468,1.0079985857009888,,,,,,,
2754,,,0.1253523826599121,,,,,,,,,,,,0.0,1.0,,0.0,0.0816587582230568,0.9987351894378662,1.0079985857009888,,,,,,,
2755,,,0.1167881190776825,,,,,,,,,,,,0.0,1.0,,0.0,0.03968789801001549,0.9983155131340027,1.0079985857009888,,,,,,,
2756,,,0.11323219537734985,,,,,,,,,,,,0.0,1.0,,0.0,0.03712756186723709,0.9982898831367493,1.0079985857009888,,,,,,,
2757,,,0.17389388382434845,,,,,,,,,,,,0.0,1.0,,0.0,0.047536056488752365,0.9983939528465271,1.0079985857009888,,,,,,,
2758,,,0.10988717526197433,,,,,,,,,,,,0.0,1.0,,0.0,0.03489910066127777,0.9982675909996033,1.0079985857009888,,,,,,,
2759,68.0,0.1659320741891861,0.11707334220409393,0.0762237086892128,0.1659320741891861,0.0,0.1659320741891861,2.558120012283325,0.22237519919872284,5.529959678649902,7.126856803894043,0.9771003723144531,0.9737961888313293,0.8390136957168579,0.0,1.0,,0.0,0.09483957290649414,0.9988669753074646,1.0079985857009888,0.053107164800167084,,,,,,
2760,,,0.09518393129110336,,,,,,,,,,,,0.0,1.0,,0.0,0.04379907622933388,0.9983565807342529,1.0079985857009888,,,,,,,
2761,,,0.14187738299369812,,,,,,,,,,,,0.0,1.0,,0.0,0.1339207887649536,0.9992578029632568,1.0079985857009888,,,,,,,
2762,,,0.08839870244264603,,,,,,,,,,,,0.0,1.0,,0.0,0.0402555912733078,0.9983211755752563,1.0079985857009888,,,,,,,
2763,,,0.13092012703418732,,,,,,,,,,,,0.0,1.0,,0.0,0.043510764837265015,0.9983537197113037,1.0079985857009888,,,,,,,
2764,,,0.12922365963459015,,,,,,,,,,,,0.0,1.0,,0.0,0.04784632474184036,0.9983970522880554,1.0079985857009888,,,,,,,
2765,,,0.11215021461248398,,,,,,,,,,,,0.0,1.0,,0.0,0.07700859755277634,0.9986886978149414,1.0079985857009888,,,,,,,
2766,,,0.14009757339954376,,,,,,,,,,,,0.0,1.0,,0.0,0.03616597130894661,0.9982802867889404,1.0079985857009888,,,,,,,
2767,,,0.0826210007071495,,,,,,,,,,,,0.0,1.0,,0.0,0.04744597151875496,0.9983930587768555,1.0079985857009888,,,,,,,
2768,,,0.15198805928230286,,,,,,,,,,,,0.0,1.0,,0.0,0.036728568375110626,0.9982858896255493,1.0079985857009888,,,,,,,
2769,,,0.11246761679649353,,,,,,,,,,,,0.0,1.0,,0.0,0.031993020325899124,0.9982385635375977,1.0079985857009888,,,,,,,
2770,,,0.12489305436611176,,,,,,,,,,,,0.0,1.0,,0.0,0.05791008844971657,0.998497724533081,1.0079985857009888,,,,,,,
2771,,,0.13809680938720703,,,,,,,,,,,,0.0,1.0,,0.0,0.11840228736400604,0.9991026520729065,1.0079985857009888,,,,,,,
2772,,,0.12525351345539093,,,,,,,,,,,,0.0,1.0,,0.0,0.04991774260997772,0.9984177947044373,1.0079985857009888,,,,,,,
2773,,,0.1811315417289734,,,,,,,,,,,,0.0,1.0,,0.0,0.07918668538331985,0.9987104535102844,1.0079985857009888,,,,,,,
2774,,,0.09845616668462753,,,,,,,,,,,,0.0,1.0,,0.0,0.06117535009980202,0.998530387878418,1.0079985857009888,,,,,,,
2775,,,0.13137011229991913,,,,,,,,,,,,0.0,1.0,,0.0,0.08739905804395676,0.9987925887107849,1.0079985857009888,,,,,,,
2776,,,0.11109030991792679,,,,,,,,,,,,0.0,1.0,,0.0,0.04640650004148483,0.9983826875686646,1.0079985857009888,,,,,,,
2777,,,0.16014403104782104,,,,,,,,,,,,0.0,1.0,,0.0,0.07155980914831161,0.9986342191696167,1.0079985857009888,,,,,,,
2778,,,0.10028887540102005,,,,,,,,,,,,0.0,1.0,,0.0,0.053194958716630936,0.9984505772590637,1.0079985857009888,,,,,,,
2779,,,0.13806775212287903,,,,,,,,,,,,0.0,1.0,,0.0,0.06335968524217606,0.9985522031784058,1.0079985857009888,,,,,,,
2780,,,0.1473574936389923,,,,,,,,,,,,0.0,1.0,,0.0,0.0796637013554573,0.9987152218818665,1.0079985857009888,,,,,,,
2781,,,0.12640634179115295,,,,,,,,,,,,0.0,1.0,,0.0,0.0394706055521965,0.998313307762146,1.0079985857009888,,,,,,,
2782,,,0.1549452841281891,,,,,,,,,,,,0.0,1.0,,0.0,0.029785819351673126,0.998216450214386,1.0079985857009888,,,,,,,
2783,,,0.10360172390937805,,,,,,,,,,,,0.0,1.0,,0.0,0.04491458833217621,0.9983677268028259,1.0079985857009888,,,,,,,
2784,,,0.14686335623264313,,,,,,,,,,,,0.0,1.0,,0.0,0.06262674182653427,0.9985448718070984,1.0079985857009888,,,,,,,
2785,,,0.10823222249746323,,,,,,,,,,,,0.0,1.0,,0.0,0.07618063688278198,0.9986804127693176,1.0079985857009888,,,,,,,
2786,,,0.11375939100980759,,,,,,,,,,,,0.0,1.0,,0.0,0.03942636772990227,0.9983128905296326,1.0079985857009888,,,,,,,
2787,,,0.1470538228750229,,,,,,,,,,,,0.0,1.0,,0.0,0.03782222792506218,0.998296856880188,1.0079985857009888,,,,,,,
2788,,,0.12734457850456238,,,,,,,,,,,,0.0,1.0,,0.0,0.07065869122743607,0.9986252188682556,1.0079985857009888,,,,,,,
2789,,,0.19701334834098816,,,,,,,,,,,,0.0,1.0,,0.0,0.08232096582651138,0.9987418055534363,1.0079985857009888,,,,,,,
2790,,,0.09910956025123596,,,,,,,,,,,,0.0,1.0,,0.0,0.05482539162039757,0.9984668493270874,1.0079985857009888,,,,,,,
2791,,,0.13299085199832916,,,,,,,,,,,,0.0,1.0,,0.0,0.04034990817308426,0.9983221292495728,1.0079985857009888,,,,,,,
2792,,,0.11288758367300034,,,,,,,,,,,,0.0,1.0,,0.0,0.07195725291967392,0.9986381530761719,1.0079985857009888,,,,,,,
2793,,,0.16729721426963806,,,,,,,,,,,,0.0,1.0,,0.0,0.06610842794179916,0.9985796809196472,1.0079985857009888,,,,,,,
2794,,,0.1116148978471756,,,,,,,,,,,,0.0,1.0,,0.0,0.05728108435869217,0.9984914064407349,1.0079985857009888,,,,,,,
2795,,,0.14303329586982727,,,,,,,,,,,,0.0,1.0,,0.0,0.04091176763176918,0.9983277320861816,1.0079985857009888,,,,,,,
2796,,,0.15204060077667236,,,,,,,,,,,,0.0,1.0,,0.0,0.08513470739126205,0.9987699389457703,1.0079985857009888,,,,,,,
2797,,,0.12922129034996033,,,,,,,,,,,,0.0,1.0,,0.0,0.051380857825279236,0.9984323978424072,1.0079985857009888,,,,,,,
2798,,,0.1698417365550995,,,,,,,,,,,,0.0,1.0,,0.0,0.0658692941069603,0.9985772967338562,1.0079985857009888,,,,,,,
2799,69.0,0.14060872793197632,0.09206864982843399,0.07249771058559418,0.14060872793197632,0.0,0.14060872793197632,2.470595598220825,0.20560592412948608,5.339793682098389,6.721026420593262,0.9763635396957397,0.9728418588638306,0.6905319094657898,0.0,1.0,0.0010000000474974513,0.0,0.07745116204023361,0.9986931085586548,1.0079985857009888,0.05775456503033638,0.07745116204023361,0.07745116204023361,0.034942615777254105,0.07745116204023361,0.0,0.07745116204023361
2800,,,0.1202864944934845,,,,,,,,,,,,0.0,1.0,,0.0,0.05900251120328903,0.998508632183075,1.0079985857009888,,,,,,,
2801,,,0.09027037769556046,,,,,,,,,,,,0.0,1.0,,0.0,0.07348106056451797,0.9986534118652344,1.0079985857009888,,,,,,,
2802,,,0.10869524627923965,,,,,,,,,,,,0.0,1.0,,0.0,0.036721911281347275,0.9982858300209045,1.0079985857009888,,,,,,,
2803,,,0.12139619886875153,,,,,,,,,,,,0.0,1.0,,0.0,0.058346498757600784,0.9985020756721497,1.0079985857009888,,,,,,,
2804,,,0.11350872367620468,,,,,,,,,,,,0.0,1.0,,0.0,0.031425923109054565,0.9982328414916992,1.0079985857009888,,,,,,,
2805,,,0.1656750589609146,,,,,,,,,,,,0.0,1.0,,0.0,0.06353538483381271,0.9985539317131042,1.0079985857009888,,,,,,,
2806,,,0.08744920045137405,,,,,,,,,,,,0.0,1.0,,0.0,0.08742515742778778,0.9987928867340088,1.0079985857009888,,,,,,,
2807,,,0.10794689506292343,,,,,,,,,,,,0.0,1.0,,0.0,0.05346177518367767,0.9984531998634338,1.0079985857009888,,,,,,,
2808,,,0.09623686224222183,,,,,,,,,,,,0.0,1.0,,0.0,0.05366320535540581,0.9984552264213562,1.0079985857009888,,,,,,,
2809,,,0.13634464144706726,,,,,,,,,,,,0.0,1.0,,0.0,0.0356563962996006,0.9982751607894897,1.0079985857009888,,,,,,,
2810,,,0.08619025349617004,,,,,,,,,,,,0.0,1.0,,0.0,0.0663018748164177,0.9985816478729248,1.0079985857009888,,,,,,,
2811,,,0.11295036226511002,,,,,,,,,,,,0.0,1.0,,0.0,0.032171569764614105,0.9982402920722961,1.0079985857009888,,,,,,,
2812,,,0.12012308090925217,,,,,,,,,,,,0.0,1.0,,0.0,0.04899910092353821,0.9984086155891418,1.0079985857009888,,,,,,,
2813,,,0.11310947686433792,,,,,,,,,,,,0.0,1.0,,0.0,0.03283975273370743,0.9982470273971558,1.0079985857009888,,,,,,,
2814,,,0.13958202302455902,,,,,,,,,,,,0.0,1.0,,0.0,0.042713407427072525,0.9983457326889038,1.0079985857009888,,,,,,,
2815,,,0.08120530843734741,,,,,,,,,,,,0.0,1.0,,0.0,0.0518551841378212,0.9984371662139893,1.0079985857009888,,,,,,,
2816,,,0.16160455346107483,,,,,,,,,,,,0.0,1.0,,0.0,0.054665736854076385,0.9984652400016785,1.0079985857009888,,,,,,,
2817,,,0.13249698281288147,,,,,,,,,,,,0.0,1.0,,0.0,0.051386505365371704,0.998432457447052,1.0079985857009888,,,,,,,
2818,,,0.12284457683563232,,,,,,,,,,,,0.0,1.0,,0.0,0.09792722016572952,0.9988978505134583,1.0079985857009888,,,,,,,
2819,,,0.16806885600090027,,,,,,,,,,,,0.0,1.0,,0.0,0.03979795053601265,0.9983165860176086,1.0079985857009888,,,,,,,
2820,,,0.15129464864730835,,,,,,,,,,,,0.0,1.0,,0.0,0.032665032893419266,0.9982452392578125,1.0079985857009888,,,,,,,
2821,,,0.20675823092460632,,,,,,,,,,,,0.0,1.0,,0.0,0.05750435218214989,0.9984936714172363,1.0079985857009888,,,,,,,
2822,,,0.09738475829362869,,,,,,,,,,,,0.0,1.0,,0.0,0.056803394109010696,0.9984866380691528,1.0079985857009888,,,,,,,
2823,,,0.14671283960342407,,,,,,,,,,,,0.0,1.0,,0.0,0.03221341222524643,0.9982407689094543,1.0079985857009888,,,,,,,
2824,,,0.14062373340129852,,,,,,,,,,,,0.0,1.0,,0.0,0.034138601273298264,0.9982600212097168,1.0079985857009888,,,,,,,
2825,,,0.17686054110527039,,,,,,,,,,,,0.0,1.0,,0.0,0.0423501618206501,0.9983420968055725,1.0079985857009888,,,,,,,
2826,,,0.12293943017721176,,,,,,,,,,,,0.0,1.0,,0.0,0.060189347714185715,0.9985204935073853,1.0079985857009888,,,,,,,
2827,,,0.14538328349590302,,,,,,,,,,,,0.0,1.0,,0.0,0.05548486113548279,0.9984734654426575,1.0079985857009888,,,,,,,
2828,,,0.16058537364006042,,,,,,,,,,,,0.0,1.0,,0.0,0.05763806775212288,0.9984949827194214,1.0079985857009888,,,,,,,
2829,,,0.1524122655391693,,,,,,,,,,,,0.0,1.0,,0.0,0.04621555283665657,0.9983807802200317,1.0079985857009888,,,,,,,
2830,,,0.1827368140220642,,,,,,,,,,,,0.0,1.0,,0.0,0.094565249979496,0.9988642334938049,1.0079985857009888,,,,,,,
2831,,,0.11117008328437805,,,,,,,,,,,,0.0,1.0,,0.0,0.072454534471035,0.998643159866333,1.0079985857009888,,,,,,,
2832,,,0.1640804409980774,,,,,,,,,,,,0.0,1.0,,0.0,0.0888684019446373,0.9988073110580444,1.0079985857009888,,,,,,,
2833,,,0.11171896010637283,,,,,,,,,,,,0.0,1.0,,0.0,0.08478027582168579,0.9987664222717285,1.0079985857009888,,,,,,,
2834,,,0.13324041664600372,,,,,,,,,,,,0.0,1.0,,0.0,0.040945228189229965,0.9983280301094055,1.0079985857009888,,,,,,,
2835,,,0.16296564042568207,,,,,,,,,,,,0.0,1.0,,0.0,0.042707305401563644,0.998345673084259,1.0079985857009888,,,,,,,
2836,,,0.12267918884754181,,,,,,,,,,,,0.0,1.0,,0.0,0.09047861397266388,0.9988234043121338,1.0079985857009888,,,,,,,
2837,,,0.206025168299675,,,,,,,,,,,,0.0,1.0,,0.0,0.14081870019435883,0.999326765537262,1.0079985857009888,,,,,,,
2838,,,0.1365285962820053,,,,,,,,,,,,0.0,1.0,,0.0,0.08741670101881027,0.9987927675247192,1.0079985857009888,,,,,,,
2839,70.0,0.1700049638748169,0.1339532881975174,0.07813603430986404,0.1700049638748169,0.0,0.1700049638748169,2.762953996658325,0.2396213263273239,5.861602783203125,7.45448112487793,0.9758180379867554,0.971947431564331,0.8807889223098755,0.0,1.0,,0.0,0.09403456002473831,0.9988589286804199,1.0079985857009888,0.05724256485700607,,,,,,
2840,,,0.12113779038190842,,,,,,,,,,,,0.0,1.0,,0.0,0.04244831204414368,0.9983431100845337,1.0079985857009888,,,,,,,
2841,,,0.17866387963294983,,,,,,,,,,,,0.0,1.0,,0.0,0.08939232677221298,0.9988125562667847,1.0079985857009888,,,,,,,
2842,,,0.12638859450817108,,,,,,,,,,,,0.0,1.0,,0.0,0.05313967913389206,0.998449981212616,1.0079985857009888,,,,,,,
2843,,,0.14997367560863495,,,,,,,,,,,,0.0,1.0,,0.0,0.05562201887369156,0.9984748363494873,1.0079985857009888,,,,,,,
2844,,,0.17186059057712555,,,,,,,,,,,,0.0,1.0,,0.0,0.034285664558410645,0.9982614517211914,1.0079985857009888,,,,,,,
2845,,,0.12457696348428726,,,,,,,,,,,,0.0,1.0,,0.0,0.046334896236658096,0.9983819723129272,1.0079985857009888,,,,,,,
2846,,,0.17935711145401,,,,,,,,,,,,0.0,1.0,,0.0,0.05389602854847908,0.9984575510025024,1.0079985857009888,,,,,,,
2847,,,0.10620535165071487,,,,,,,,,,,,0.0,1.0,,0.0,0.04149266704916954,0.9983335137367249,1.0079985857009888,,,,,,,
2848,,,0.14943048357963562,,,,,,,,,,,,0.0,1.0,,0.0,0.10485003143548965,0.9989671111106873,1.0079985857009888,,,,,,,
2849,71.0,0.07486926764249802,0.11702197790145874,,,,,,,,,,,,0.0,1.0,0.0010000000474974513,0.0,0.07486926764249802,0.998667299747467,1.0079985857009888,,0.07486926764249802,0.07486926764249802,0.031423673033714294,0.07486926764249802,0.0,0.07486926764249802
2850,,,0.14578285813331604,,,,,,,,,,,,0.0,1.0,,0.0,0.05037584528326988,0.998422384262085,1.0079985857009888,,,,,,,
2851,,,0.13915587961673737,,,,,,,,,,,,0.0,1.0,,0.0,0.050242334604263306,0.9984210133552551,1.0079985857009888,,,,,,,
2852,,,0.17314240336418152,,,,,,,,,,,,0.0,1.0,,0.0,0.06769967079162598,0.9985955953598022,1.0079985857009888,,,,,,,
2853,,,0.1730775386095047,,,,,,,,,,,,0.0,1.0,,0.0,0.07055869698524475,0.9986242055892944,1.0079985857009888,,,,,,,
2854,,,0.1992432177066803,,,,,,,,,,,,0.0,1.0,,0.0,0.08923788368701935,0.9988110065460205,1.0079985857009888,,,,,,,
2855,,,0.1271178126335144,,,,,,,,,,,,0.0,1.0,,0.0,0.053527604788541794,0.9984538555145264,1.0079985857009888,,,,,,,
2856,,,0.10467713326215744,,,,,,,,,,,,0.0,1.0,,0.0,0.10151781886816025,0.9989337921142578,1.0079985857009888,,,,,,,
2857,,,0.16574910283088684,,,,,,,,,,,,0.0,1.0,,0.0,0.03587186709046364,0.9982773065567017,1.0079985857009888,,,,,,,
2858,,,0.10144640505313873,,,,,,,,,,,,0.0,1.0,,0.0,0.03832923620939255,0.9983019232749939,1.0079985857009888,,,,,,,
2859,,,0.1317858099937439,,,,,,,,,,,,0.0,1.0,,0.0,0.06505228579044342,0.998569130897522,1.0079985857009888,,,,,,,
2860,,,0.13938836753368378,,,,,,,,,,,,0.0,1.0,,0.0,0.06297663599252701,0.9985483884811401,1.0079985857009888,,,,,,,
2861,,,0.10718086361885071,,,,,,,,,,,,0.0,1.0,,0.0,0.06382901966571808,0.998556911945343,1.0079985857009888,,,,,,,
2862,,,0.15401692688465118,,,,,,,,,,,,0.0,1.0,,0.0,0.05411670356988907,0.9984597563743591,1.0079985857009888,,,,,,,
2863,,,0.10705515742301941,,,,,,,,,,,,0.0,1.0,,0.0,0.04046541079878807,0.9983232617378235,1.0079985857009888,,,,,,,
2864,,,0.18649914860725403,,,,,,,,,,,,0.0,1.0,,0.0,0.035414621233940125,0.9982727766036987,1.0079985857009888,,,,,,,
2865,,,0.12395372986793518,,,,,,,,,,,,0.0,1.0,,0.0,0.05473863333463669,0.9984660148620605,1.0079985857009888,,,,,,,
2866,,,0.129489928483963,,,,,,,,,,,,0.0,1.0,,0.0,0.055611588060855865,0.9984747171401978,1.0079985857009888,,,,,,,
2867,,,0.18200461566448212,,,,,,,,,,,,0.0,1.0,,0.0,0.06999137252569199,0.9986185431480408,1.0079985857009888,,,,,,,
2868,,,0.10646624863147736,,,,,,,,,,,,0.0,1.0,,0.0,0.05297713726758957,0.998448371887207,1.0079985857009888,,,,,,,
2869,,,0.22804704308509827,,,,,,,,,,,,0.0,1.0,,0.0,0.05273910239338875,0.998445987701416,1.0079985857009888,,,,,,,
2870,,,0.12894494831562042,,,,,,,,,,,,0.0,1.0,,0.0,0.08783741295337677,0.9987969994544983,1.0079985857009888,,,,,,,
2871,,,0.14155881106853485,,,,,,,,,,,,0.0,1.0,,0.0,0.06180281192064285,0.9985366463661194,1.0079985857009888,,,,,,,
2872,,,0.13938121497631073,,,,,,,,,,,,0.0,1.0,,0.0,0.08636363595724106,0.998782217502594,1.0079985857009888,,,,,,,
2873,,,0.19246552884578705,,,,,,,,,,,,0.0,1.0,,0.0,0.0447225347161293,0.9983658194541931,1.0079985857009888,,,,,,,
2874,,,0.13532491028308868,,,,,,,,,,,,0.0,1.0,,0.0,0.0329853780567646,0.9982484579086304,1.0079985857009888,,,,,,,
2875,,,0.15610143542289734,,,,,,,,,,,,0.0,1.0,,0.0,0.037125181406736374,0.9982898831367493,1.0079985857009888,,,,,,,
2876,,,0.1805272251367569,,,,,,,,,,,,0.0,1.0,,0.0,0.036663733422756195,0.9982852339744568,1.0079985857009888,,,,,,,
2877,,,0.13075591623783112,,,,,,,,,,,,0.0,1.0,,0.0,0.037456195801496506,0.9982931613922119,1.0079985857009888,,,,,,,
2878,,,0.20739486813545227,,,,,,,,,,,,0.0,1.0,,0.0,0.09763097018003464,0.9988949298858643,1.0079985857009888,,,,,,,
2879,71.0,0.1810089647769928,0.11342228204011917,0.08215316385030746,0.1810089647769928,0.0,0.1810089647769928,2.550537586212158,0.2205764651298523,5.4976630210876465,7.080158710479736,0.9769362211227417,0.9735557436943054,0.7337143421173096,0.0,1.0,,0.0,0.5431298613548279,1.0033499002456665,1.0079985857009888,0.060081757605075836,,,,,,
2880,,,,,,,,,,,,,,,0.0,1.0,,0.0,0.06752289831638336,0.998593807220459,1.0079985857009888,,,,,,,
2881,,,,,,,,,,,,,,,0.0,1.0,,0.0,0.05582837387919426,0.9984768629074097,1.0079985857009888,,,,,,,
2882,,,,,,,,,,,,,,,0.0,1.0,,0.0,0.05124642699956894,0.9984310865402222,1.0079985857009888,,,,,,,
2883,,,,,,,,,,,,,,,0.0,1.0,,0.0,0.043300602585077286,0.9983516335487366,1.0079985857009888,,,,,,,
2884,,,,,,,,,,,,,,,0.0,1.0,,0.0,0.10532230138778687,0.9989718198776245,1.0079985857009888,,,,,,,
2885,,,,,,,,,,,,,,,0.0,1.0,,0.0,0.05254630744457245,0.9984440803527832,1.0079985857009888,,,,,,,
2886,,,,,,,,,,,,,,,0.0,1.0,,0.0,0.05276979133486748,0.9984462857246399,1.0079985857009888,,,,,,,
2887,,,,,,,,,,,,,,,0.0,1.0,,0.0,0.044993944466114044,0.9983685612678528,1.0079985857009888,,,,,,,
2888,,,,,,,,,,,,,,,0.0,1.0,,0.0,0.03362950682640076,0.9982548952102661,1.0079985857009888,,,,,,,
2889,,,,,,,,,,,,,,,0.0,1.0,,0.0,0.045913487672805786,0.9983777403831482,1.0079985857009888,,,,,,,
2890,,,,,,,,,,,,,,,0.0,1.0,,0.0,0.04725972190499306,0.9983912110328674,1.0079985857009888,,,,,,,
2891,,,,,,,,,,,,,,,0.0,1.0,,0.0,0.0461590439081192,0.998380184173584,1.0079985857009888,,,,,,,
2892,,,,,,,,,,,,,,,0.0,1.0,,0.0,0.04683074355125427,0.9983869194984436,1.0079985857009888,,,,,,,
2893,,,,,,,,,,,,,,,0.0,1.0,,0.0,0.05155522748827934,0.9984341859817505,1.0079985857009888,,,,,,,
2894,,,,,,,,,,,,,,,0.0,1.0,,0.0,0.07265886664390564,0.9986451864242554,1.0079985857009888,,,,,,,
2895,,,,,,,,,,,,,,,0.0,1.0,,0.0,0.05834861099720001,0.9985020756721497,1.0079985857009888,,,,,,,
2896,,,,,,,,,,,,,,,0.0,1.0,,0.0,0.034762781113386154,0.9982662200927734,1.0079985857009888,,,,,,,
2897,,,,,,,,,,,,,,,0.0,1.0,,0.0,0.029531480744481087,0.9982139468193054,1.0079985857009888,,,,,,,
2898,,,,,,,,,,,,,,,0.0,1.0,,0.0,0.0371038094162941,0.9982896447181702,1.0079985857009888,,,,,,,
2899,72.0,0.05251963064074516,,,,,,,,,,,,,0.0,1.0,0.0010000000474974513,0.0,0.05251963064074516,0.9984437823295593,1.0079985857009888,,0.05251963064074516,0.05251963064074516,0.022572429850697517,0.05251963064074516,0.0,0.05251963064074516
2900,,,,,,,,,,,,,,,0.0,1.0,,0.0,0.03580376133322716,0.9982766509056091,1.0079985857009888,,,,,,,
2901,,,,,,,,,,,,,,,0.0,1.0,,0.0,0.033507686108350754,0.9982537031173706,1.0079985857009888,,,,,,,
2902,,,,,,,,,,,,,,,0.0,1.0,,0.0,0.0748545303940773,0.9986671805381775,1.0079985857009888,,,,,,,
2903,,,,,,,,,,,,,,,0.0,1.0,,0.0,0.0730791836977005,0.9986494183540344,1.0079985857009888,,,,,,,
2904,,,,,,,,,,,,,,,0.0,1.0,,0.0,0.04954947531223297,0.9984140992164612,1.0079985857009888,,,,,,,
2905,,,,,,,,,,,,,,,0.0,1.0,,0.0,0.025894518941640854,0.9981775283813477,1.0079985857009888,,,,,,,
2906,,,,,,,,,,,,,,,0.0,1.0,,0.0,0.0724126473069191,0.9986427426338196,1.0079985857009888,,,,,,,
2907,,,,,,,,,,,,,,,0.0,1.0,,0.0,0.04232257232069969,0.9983418583869934,1.0079985857009888,,,,,,,
2908,,,,,,,,,,,,,,,0.0,1.0,,0.0,0.05876718834042549,0.9985062479972839,1.0079985857009888,,,,,,,
2909,,,,,,,,,,,,,,,0.0,1.0,,0.0,0.03268688544631004,0.9982454776763916,1.0079985857009888,,,,,,,
2910,,,,,,,,,,,,,,,0.0,1.0,,0.0,0.08259778469800949,0.9987446069717407,1.0079985857009888,,,,,,,
2911,,,,,,,,,,,,,,,0.0,1.0,,0.0,0.07402341067790985,0.9986588358879089,1.0079985857009888,,,,,,,
2912,,,,,,,,,,,,,,,0.0,1.0,,0.0,0.09240894764661789,0.998842716217041,1.0079985857009888,,,,,,,
2913,,,,,,,,,,,,,,,0.0,1.0,,0.0,0.03618878498673439,0.9982804656028748,1.0079985857009888,,,,,,,
2914,,,,,,,,,,,,,,,0.0,1.0,,0.0,0.03394748270511627,0.9982580542564392,1.0079985857009888,,,,,,,
2915,,,,,,,,,,,,,,,0.0,1.0,,0.0,0.033535052090883255,0.9982539415359497,1.0079985857009888,,,,,,,
2916,,,,,,,,,,,,,,,0.0,1.0,,0.0,0.1040230467915535,0.9989588260650635,1.0079985857009888,,,,,,,
2917,,,,,,,,,,,,,,,0.0,1.0,,0.0,0.04285000264644623,0.9983471035957336,1.0079985857009888,,,,,,,
2918,,,,,,,,,,,,,,,0.0,1.0,,0.0,0.043370869010686874,0.9983522891998291,1.0079985857009888,,,,,,,
2919,72.0,0.14829233288764954,,0.07476864010095596,0.14829233288764954,0.0,0.14829233288764954,2.482712984085083,0.20682263374328613,5.462076663970947,6.9179887771606445,0.9769162535667419,0.9735041260719299,0.6880755424499512,0.0,1.0,,0.0,0.08378931134939194,0.9987565279006958,1.0079985857009888,0.05518293008208275,,,,,,
2920,,,,,,,,,,,,,,,0.0,1.0,,0.0,0.07793539017438889,0.9986979365348816,1.0079985857009888,,,,,,,
2921,,,,,,,,,,,,,,,0.0,1.0,,0.0,0.05773497372865677,0.9984959363937378,1.0079985857009888,,,,,,,
2922,,,,,,,,,,,,,,,0.0,1.0,,0.0,0.037468891590833664,0.9982932806015015,1.0079985857009888,,,,,,,
2923,,,,,,,,,,,,,,,0.0,1.0,,0.0,0.07906050235033035,0.9987092018127441,1.0079985857009888,,,,,,,
2924,,,,,,,,,,,,,,,0.0,1.0,,0.0,0.05178605765104294,0.998436450958252,1.0079985857009888,,,,,,,
2925,,,,,,,,,,,,,,,0.0,1.0,,0.0,0.03795114904642105,0.9982981085777283,1.0079985857009888,,,,,,,
2926,,,,,,,,,,,,,,,0.0,1.0,,0.0,0.07516757398843765,0.9986702799797058,1.0079985857009888,,,,,,,
2927,,,,,,,,,,,,,,,0.0,1.0,,0.0,0.03598299250006676,0.9982784390449524,1.0079985857009888,,,,,,,
2928,,,,,,,,,,,,,,,0.0,1.0,,0.0,0.06486473977565765,0.9985672235488892,1.0079985857009888,,,,,,,
2929,,,,,,,,,,,,,,,0.0,1.0,,0.0,0.03218858689069748,0.9982404708862305,1.0079985857009888,,,,,,,
2930,,,,,,,,,,,,,,,0.0,1.0,,0.0,0.03195260092616081,0.9982381463050842,1.0079985857009888,,,,,,,
2931,,,,,,,,,,,,,,,0.0,1.0,,0.0,0.044087205082178116,0.9983595013618469,1.0079985857009888,,,,,,,
2932,,,,,,,,,,,,,,,0.0,1.0,,0.0,0.07229579985141754,0.9986415505409241,1.0079985857009888,,,,,,,
2933,,,,,,,,,,,,,,,0.0,1.0,,0.0,0.08161009848117828,0.998734712600708,1.0079985857009888,,,,,,,
2934,,,,,,,,,,,,,,,0.0,1.0,,0.0,0.03519377484917641,0.998270571231842,1.0079985857009888,,,,,,,
2935,,,,,,,,,,,,,,,0.0,1.0,,0.0,0.03167928010225296,0.9982354044914246,1.0079985857009888,,,,,,,
2936,,,,,,,,,,,,,,,0.0,1.0,,0.0,0.03588195890188217,0.9982774257659912,1.0079985857009888,,,,,,,
2937,,,,,,,,,,,,,,,0.0,1.0,,0.0,0.03653865307569504,0.9982839822769165,1.0079985857009888,,,,,,,
2938,,,,,,,,,,,,,,,0.0,1.0,,0.0,0.04772839695215225,0.9983958601951599,1.0079985857009888,,,,,,,
2939,,,,,,,,,,,,,,,0.0,1.0,,0.0,0.05838300287723541,0.9985024333000183,1.0079985857009888,,,,,,,
2940,,,,,,,,,,,,,,,0.0,1.0,,0.0,0.029001150280237198,0.9982086420059204,1.0079985857009888,,,,,,,
2941,,,,,,,,,,,,,,,0.0,1.0,,0.0,0.021351125091314316,0.9981321096420288,1.0079985857009888,,,,,,,
2942,,,,,,,,,,,,,,,0.0,1.0,,0.0,0.050805434584617615,0.9984266757965088,1.0079985857009888,,,,,,,
2943,,,,,,,,,,,,,,,0.0,1.0,,0.0,0.024029191583395004,0.998158872127533,1.0079985857009888,,,,,,,
2944,,,,,,,,,,,,,,,0.0,1.0,,0.0,0.04961160197854042,0.9984146952629089,1.0079985857009888,,,,,,,
2945,,,,,,,,,,,,,,,0.0,1.0,,0.0,0.044031400233507156,0.9983589053153992,1.0079985857009888,,,,,,,
2946,,,,,,,,,,,,,,,0.0,1.0,,0.0,0.08405465632677078,0.9987591505050659,1.0079985857009888,,,,,,,
2947,,,,,,,,,,,,,,,0.0,1.0,,0.0,0.03212100267410278,0.9982398152351379,1.0079985857009888,,,,,,,
2948,,,,,,,,,,,,,,,0.0,1.0,,0.0,0.06858215481042862,0.998604416847229,1.0079985857009888,,,,,,,
2949,73.0,0.03067004308104515,,,,,,,,,,,,,0.0,1.0,0.0010000000474974513,0.0,0.03067004308104515,0.9982253313064575,1.0079985857009888,,0.03067004308104515,0.03067004308104515,0.017042141407728195,0.03067004308104515,0.0,0.03067004308104515
2950,,,,,,,,,,,,,,,0.0,1.0,,0.0,0.07038987427949905,0.998622477054596,1.0079985857009888,,,,,,,
2951,,,,,,,,,,,,,,,0.0,1.0,,0.0,0.038028519600629807,0.9982988834381104,1.0079985857009888,,,,,,,
2952,,,,,,,,,,,,,,,0.0,1.0,,0.0,0.0742930993437767,0.9986615180969238,1.0079985857009888,,,,,,,
2953,,,,,,,,,,,,,,,0.0,1.0,,0.0,0.04513188824057579,0.9983699321746826,1.0079985857009888,,,,,,,
2954,,,,,,,,,,,,,,,0.0,1.0,,0.0,0.03882281109690666,0.9983068108558655,1.0079985857009888,,,,,,,
2955,,,,,,,,,,,,,,,0.0,1.0,,0.0,0.035647641867399216,0.998275101184845,1.0079985857009888,,,,,,,
2956,,,,,,,,,,,,,,,0.0,1.0,,0.0,0.05462760478258133,0.9984648823738098,1.0079985857009888,,,,,,,
2957,,,,,,,,,,,,,,,0.0,1.0,,0.0,0.043650947511196136,0.9983550906181335,1.0079985857009888,,,,,,,
2958,,,,,,,,,,,,,,,0.0,1.0,,0.0,0.0652974545955658,0.9985715746879578,1.0079985857009888,,,,,,,
2959,73.0,0.16369765996932983,,0.0746026262640953,0.16369765996932983,0.0,0.16369765996932983,2.600543737411499,0.22467347979545593,5.623717308044434,7.179275035858154,0.9766569137573242,0.9731966257095337,0.8168229460716248,0.0,1.0,,0.0,0.04259074851870537,0.9983445405960083,1.0079985857009888,0.0511285662651062,,,,,,
2960,,,,,,,,,,,,,,,0.0,1.0,,0.0,0.05004045367240906,0.9984189867973328,1.0079985857009888,,,,,,,
2961,,,,,,,,,,,,,,,0.0,1.0,,0.0,0.04100445285439491,0.9983286261558533,1.0079985857009888,,,,,,,
2962,,,,,,,,,,,,,,,0.0,1.0,,0.0,0.09460281580686569,0.9988646507263184,1.0079985857009888,,,,,,,
2963,,,,,,,,,,,,,,,0.0,1.0,,0.0,0.052233174443244934,0.9984409213066101,1.0079985857009888,,,,,,,
2964,,,,,,,,,,,,,,,0.0,1.0,,0.0,0.04851820319890976,0.998403787612915,1.0079985857009888,,,,,,,
2965,,,,,,,,,,,,,,,0.0,1.0,,0.0,0.03831459954380989,0.9983017444610596,1.0079985857009888,,,,,,,
2966,,,,,,,,,,,,,,,0.0,1.0,,0.0,0.12067816406488419,0.9991253614425659,1.0079985857009888,,,,,,,
2967,,,,,,,,,,,,,,,0.0,1.0,,0.0,0.048981208354234695,0.9984084367752075,1.0079985857009888,,,,,,,
2968,,,,,,,,,,,,,,,0.0,1.0,,0.0,0.059984590858221054,0.9985184669494629,1.0079985857009888,,,,,,,
2969,,,,,,,,,,,,,,,0.0,1.0,,0.0,0.037957917898893356,0.998298168182373,1.0079985857009888,,,,,,,
2970,,,,,,,,,,,,,,,0.0,1.0,,0.0,0.038830410689115524,0.998306930065155,1.0079985857009888,,,,,,,
2971,,,,,,,,,,,,,,,0.0,1.0,,0.0,0.03746708855032921,0.9982932806015015,1.0079985857009888,,,,,,,
2972,,,,,,,,,,,,,,,0.0,1.0,,0.0,0.0215010829269886,0.9981335997581482,1.0079985857009888,,,,,,,
2973,,,,,,,,,,,,,,,0.0,1.0,,0.0,0.07409010827541351,0.9986594915390015,1.0079985857009888,,,,,,,
2974,,,,,,,,,,,,,,,0.0,1.0,,0.0,0.06158896163105965,0.9985345005989075,1.0079985857009888,,,,,,,
2975,,,,,,,,,,,,,,,0.0,1.0,,0.0,0.06013662368059158,0.9985199570655823,1.0079985857009888,,,,,,,
2976,,,,,,,,,,,,,,,0.0,1.0,,0.0,0.02597929537296295,0.9981784224510193,1.0079985857009888,,,,,,,
2977,,,,,,,,,,,,,,,0.0,1.0,,0.0,0.06539599597454071,0.998572587966919,1.0079985857009888,,,,,,,
2978,,,,,,,,,,,,,,,0.0,1.0,,0.0,0.07567919790744781,0.9986754059791565,1.0079985857009888,,,,,,,
2979,,,,,,,,,,,,,,,0.0,1.0,,0.0,0.043292511254549026,0.998351514339447,1.0079985857009888,,,,,,,
2980,,,,,,,,,,,,,,,0.0,1.0,,0.0,0.03246496245265007,0.9982432723045349,1.0079985857009888,,,,,,,
2981,,,,,,,,,,,,,,,0.0,1.0,,0.0,0.038882218301296234,0.9983074069023132,1.0079985857009888,,,,,,,
2982,,,,,,,,,,,,,,,0.0,1.0,,0.0,0.036906804889440536,0.9982876777648926,1.0079985857009888,,,,,,,
2983,,,,,,,,,,,,,,,0.0,1.0,,0.0,0.042104873806238174,0.9983396530151367,1.0079985857009888,,,,,,,
2984,,,,,,,,,,,,,,,0.0,1.0,,0.0,0.07797352969646454,0.998698353767395,1.0079985857009888,,,,,,,
2985,,,,,,,,,,,,,,,0.0,1.0,,0.0,0.028857719153165817,0.9982072114944458,1.0079985857009888,,,,,,,
2986,,,,,,,,,,,,,,,0.0,1.0,,0.0,0.05529172345995903,0.9984714984893799,1.0079985857009888,,,,,,,
2987,,,,,,,,,,,,,,,0.0,1.0,,0.0,0.0543910413980484,0.9984624981880188,1.0079985857009888,,,,,,,
2988,,,,,,,,,,,,,,,0.0,1.0,,0.0,0.08742377907037735,0.998792827129364,1.0079985857009888,,,,,,,
2989,,,,,,,,,,,,,,,0.0,1.0,,0.0,0.04691148176789284,0.9983876943588257,1.0079985857009888,,,,,,,
2990,,,,,,,,,,,,,,,0.0,1.0,,0.0,0.029301198199391365,0.9982116222381592,1.0079985857009888,,,,,,,
2991,,,,,,,,,,,,,,,0.0,1.0,,0.0,0.03891143947839737,0.9983077049255371,1.0079985857009888,,,,,,,
2992,,,,,,,,,,,,,,,0.0,1.0,,0.0,0.05130365863442421,0.9984316229820251,1.0079985857009888,,,,,,,
2993,,,,,,,,,,,,,,,0.0,1.0,,0.0,0.02968760021030903,0.9982154965400696,1.0079985857009888,,,,,,,
2994,,,,,,,,,,,,,,,0.0,1.0,,0.0,0.038510676473379135,0.9983037114143372,1.0079985857009888,,,,,,,
2995,,,,,,,,,,,,,,,0.0,1.0,,0.0,0.04274078458547592,0.9983460307121277,1.0079985857009888,,,,,,,
2996,,,,,,,,,,,,,,,0.0,1.0,,0.0,0.06388925015926361,0.9985575079917908,1.0079985857009888,,,,,,,
2997,,,,,,,,,,,,,,,0.0,1.0,,0.0,0.03836333751678467,0.9983022212982178,1.0079985857009888,,,,,,,
2998,,,,,,,,,,,,,,,0.0,1.0,,0.0,0.07100561261177063,0.9986286759376526,1.0079985857009888,,,,,,,
2999,74.0,0.16108179092407227,,0.07384474575519562,0.16108179092407227,0.0,0.16108179092407227,2.5747735500335693,0.21985818445682526,5.641364574432373,7.360744476318359,0.9809373021125793,0.977532148361206,0.46114879846572876,0.0,1.0,0.0010000000474974513,0.0,0.03454773500561714,0.9982640743255615,1.0079985857009888,0.05320664495229721,0.03454773500561714,0.03454773500561714,0.014149988070130348,0.03454773500561714,0.0,0.03454773500561714
3000,,,,,,,,,,,,,,,0.0,1.0,,0.0,0.033820509910583496,0.9982568025588989,1.0079985857009888,,,,,,,
3001,,,,,,,,,,,,,,,0.0,1.0,,0.0,0.04690402001142502,0.9983876347541809,1.0079985857009888,,,,,,,
3002,,,,,,,,,,,,,,,0.0,1.0,,0.0,0.04907693713903427,0.9984093904495239,1.0079985857009888,,,,,,,
3003,,,,,,,,,,,,,,,0.0,1.0,,0.0,0.030443862080574036,0.998223066329956,1.0079985857009888,,,,,,,
3004,,,,,,,,,,,,,,,0.0,1.0,,0.0,0.06417912989854813,0.99856036901474,1.0079985857009888,,,,,,,
3005,,,,,,,,,,,,,,,0.0,1.0,,0.0,0.0649833232164383,0.9985684156417847,1.0079985857009888,,,,,,,
3006,,,,,,,,,,,,,,,0.0,1.0,,0.0,0.036417730152606964,0.998282790184021,1.0079985857009888,,,,,,,
3007,,,,,,,,,,,,,,,0.0,1.0,,0.0,0.0327000766992569,0.9982455968856812,1.0079985857009888,,,,,,,
3008,,,,,,,,,,,,,,,0.0,1.0,,0.0,0.03214835748076439,0.9982401132583618,1.0079985857009888,,,,,,,
3009,,,,,,,,,,,,,,,0.0,1.0,,0.0,0.04328589513897896,0.9983514547348022,1.0079985857009888,,,,,,,
3010,,,,,,,,,,,,,,,0.0,1.0,,0.0,0.0721849650144577,0.9986404776573181,1.0079985857009888,,,,,,,
3011,,,,,,,,,,,,,,,0.0,1.0,,0.0,0.03394539654254913,0.9982580542564392,1.0079985857009888,,,,,,,
3012,,,,,,,,,,,,,,,0.0,1.0,,0.0,0.02549699693918228,0.9981735944747925,1.0079985857009888,,,,,,,
3013,,,,,,,,,,,,,,,0.0,1.0,,0.0,0.030626574531197548,0.9982248544692993,1.0079985857009888,,,,,,,
3014,,,,,,,,,,,,,,,0.0,1.0,,0.0,0.034265026450157166,0.9982612729072571,1.0079985857009888,,,,,,,
3015,,,,,,,,,,,,,,,0.0,1.0,,0.0,0.07068444788455963,0.9986254572868347,1.0079985857009888,,,,,,,
3016,,,,,,,,,,,,,,,0.0,1.0,,0.0,0.027088770642876625,0.9981895089149475,1.0079985857009888,,,,,,,
3017,,,,,,,,,,,,,,,0.0,1.0,,0.0,0.039681460708379745,0.9983153939247131,1.0079985857009888,,,,,,,
3018,,,,,,,,,,,,,,,0.0,1.0,,0.0,0.02743149735033512,0.9981929063796997,1.0079985857009888,,,,,,,
3019,,,,,,,,,,,,,,,0.0,1.0,,0.0,0.04651986062526703,0.9983838200569153,1.0079985857009888,,,,,,,
3020,,,,,,,,,,,,,,,0.0,1.0,,0.0,0.03283660113811493,0.998246967792511,1.0079985857009888,,,,,,,
3021,,,,,,,,,,,,,,,0.0,1.0,,0.0,0.03435644134879112,0.9982621669769287,1.0079985857009888,,,,,,,
3022,,,,,,,,,,,,,,,0.0,1.0,,0.0,0.04587152227759361,0.9983773231506348,1.0079985857009888,,,,,,,
3023,,,,,,,,,,,,,,,0.0,1.0,,0.0,0.04479358345270157,0.9983665347099304,1.0079985857009888,,,,,,,
3024,,,,,,,,,,,,,,,0.0,1.0,,0.0,0.03571680560708046,0.9982757568359375,1.0079985857009888,,,,,,,
3025,,,,,,,,,,,,,,,0.0,1.0,,0.0,0.11053808033466339,0.999023973941803,1.0079985857009888,,,,,,,
3026,,,,,,,,,,,,,,,0.0,1.0,,0.0,0.052066195756196976,0.9984392523765564,1.0079985857009888,,,,,,,
3027,,,,,,,,,,,,,,,0.0,1.0,,0.0,0.051155656576156616,0.9984301328659058,1.0079985857009888,,,,,,,
3028,,,,,,,,,,,,,,,0.0,1.0,,0.0,0.03203871101140976,0.9982389807701111,1.0079985857009888,,,,,,,
3029,,,,,,,,,,,,,,,0.0,1.0,,0.0,0.05105293169617653,0.9984291195869446,1.0079985857009888,,,,,,,
3030,,,,,,,,,,,,,,,0.0,1.0,,0.0,0.03112645447254181,0.9982298612594604,1.0079985857009888,,,,,,,
3031,,,,,,,,,,,,,,,0.0,1.0,,0.0,0.07990162819623947,0.9987176060676575,1.0079985857009888,,,,,,,
3032,,,,,,,,,,,,,,,0.0,1.0,,0.0,0.0385407991707325,0.998304009437561,1.0079985857009888,,,,,,,
3033,,,,,,,,,,,,,,,0.0,1.0,,0.0,0.04534173756837845,0.9983720183372498,1.0079985857009888,,,,,,,
3034,,,,,,,,,,,,,,,0.0,1.0,,0.0,0.029511941596865654,0.9982137084007263,1.0079985857009888,,,,,,,
3035,,,,,,,,,,,,,,,0.0,1.0,,0.0,0.10005205124616623,0.9989191293716431,1.0079985857009888,,,,,,,
3036,,,,,,,,,,,,,,,0.0,1.0,,0.0,0.049036238342523575,0.9984089732170105,1.0079985857009888,,,,,,,
3037,,,,,,,,,,,,,,,0.0,1.0,,0.0,0.044602639973163605,0.9983646273612976,1.0079985857009888,,,,,,,
3038,,,,,,,,,,,,,,,0.0,1.0,,0.0,0.0653751865029335,0.9985723495483398,1.0079985857009888,,,,,,,
3039,75.0,0.1437896341085434,,0.06816264241933823,0.1437896341085434,0.0,0.1437896341085434,2.228372097015381,0.1906546652317047,4.882923126220703,6.230870246887207,0.9780393242835999,0.9752617478370667,0.7203903794288635,0.0,1.0,,0.0,0.1677323281764984,0.9995959401130676,1.0079985857009888,0.04920954629778862,,,,,,
3040,,,,,,,,,,,,,,,0.0,1.0,,0.0,0.060631971806287766,0.9985249042510986,1.0079985857009888,,,,,,,
3041,,,,,,,,,,,,,,,0.0,1.0,,0.0,0.11159905791282654,0.999034583568573,1.0079985857009888,,,,,,,
3042,,,,,,,,,,,,,,,0.0,1.0,,0.0,0.13544848561286926,0.9992730617523193,1.0079985857009888,,,,,,,
3043,,,,,,,,,,,,,,,0.0,1.0,,0.0,0.08826187998056412,0.9988012313842773,1.0079985857009888,,,,,,,
3044,,,,,,,,,,,,,,,0.0,1.0,,0.0,0.044965870678424835,0.9983682632446289,1.0079985857009888,,,,,,,
3045,,,,,,,,,,,,,,,0.0,1.0,,0.0,0.05052023380994797,0.9984238147735596,1.0079985857009888,,,,,,,
3046,,,,,,,,,,,,,,,0.0,1.0,,0.0,0.06157626584172249,0.9985343813896179,1.0079985857009888,,,,,,,
3047,,,,,,,,,,,,,,,0.0,1.0,,0.0,0.04711346700787544,0.998389720916748,1.0079985857009888,,,,,,,
3048,,,,,,,,,,,,,,,0.0,1.0,,0.0,0.03505498170852661,0.9982691407203674,1.0079985857009888,,,,,,,
3049,76.0,0.04512224346399307,,,,,,,,,,,,,0.0,1.0,0.0010000000474974513,0.0,0.04512224346399307,0.9983698129653931,1.0079985857009888,,0.04512224346399307,0.04512224346399307,0.017254572361707687,0.04512224346399307,0.0,0.04512224346399307
3050,,,,,,,,,,,,,,,0.0,1.0,,0.0,0.13118234276771545,0.9992304444313049,1.0079985857009888,,,,,,,
3051,,,,,,,,,,,,,,,0.0,1.0,,0.0,0.04986097663640976,0.9984171986579895,1.0079985857009888,,,,,,,
3052,,,,,,,,,,,,,,,0.0,1.0,,0.0,0.058179933577775955,0.998500406742096,1.0079985857009888,,,,,,,
3053,,,,,,,,,,,,,,,0.0,1.0,,0.0,0.024622909724712372,0.9981648325920105,1.0079985857009888,,,,,,,
3054,,,,,,,,,,,,,,,0.0,1.0,,0.0,0.0558522567152977,0.9984771013259888,1.0079985857009888,,,,,,,
3055,,,,,,,,,,,,,,,0.0,1.0,,0.0,0.04539291933178902,0.9983725547790527,1.0079985857009888,,,,,,,
3056,,,,,,,,,,,,,,,0.0,1.0,,0.0,0.04118746146559715,0.9983304738998413,1.0079985857009888,,,,,,,
3057,,,,,,,,,,,,,,,0.0,1.0,,0.0,0.05570066347718239,0.9984756112098694,1.0079985857009888,,,,,,,
3058,,,,,,,,,,,,,,,0.0,1.0,,0.0,0.07852356135845184,0.9987038373947144,1.0079985857009888,,,,,,,
3059,,,,,,,,,,,,,,,0.0,1.0,,0.0,0.03756223991513252,0.9982942342758179,1.0079985857009888,,,,,,,
3060,,,,,,,,,,,,,,,0.0,1.0,,0.0,0.05987345427274704,0.9985173344612122,1.0079985857009888,,,,,,,
3061,,,,,,,,,,,,,,,0.0,1.0,,0.0,0.06540129333734512,0.9985726475715637,1.0079985857009888,,,,,,,
3062,,,,,,,,,,,,,,,0.0,1.0,,0.0,0.04238007590174675,0.9983423948287964,1.0079985857009888,,,,,,,
3063,,,,,,,,,,,,,,,0.0,1.0,,0.0,0.04144984111189842,0.9983330965042114,1.0079985857009888,,,,,,,
3064,,,,,,,,,,,,,,,0.0,1.0,,0.0,0.0350332036614418,0.9982689619064331,1.0079985857009888,,,,,,,
3065,,,,,,,,,,,,,,,0.0,1.0,,0.0,0.059410110116004944,0.9985126852989197,1.0079985857009888,,,,,,,
3066,,,,,,,,,,,,,,,0.0,1.0,,0.0,0.10467126965522766,0.998965322971344,1.0079985857009888,,,,,,,
3067,,,,,,,,,,,,,,,0.0,1.0,,0.0,0.03325444087386131,0.9982511401176453,1.0079985857009888,,,,,,,
3068,,,,,,,,,,,,,,,0.0,1.0,,0.0,0.033721841871738434,0.9982558488845825,1.0079985857009888,,,,,,,
3069,,,,,,,,,,,,,,,0.0,1.0,,0.0,0.030028775334358215,0.9982188940048218,1.0079985857009888,,,,,,,
3070,,,,,,,,,,,,,,,0.0,1.0,,0.0,0.06636711955070496,0.9985823035240173,1.0079985857009888,,,,,,,
3071,,,,,,,,,,,,,,,0.0,1.0,,0.0,0.03419819101691246,0.9982606172561646,1.0079985857009888,,,,,,,
3072,,,,,,,,,,,,,,,0.0,1.0,,0.0,0.094346784055233,0.998862087726593,1.0079985857009888,,,,,,,
3073,,,,,,,,,,,,,,,0.0,1.0,,0.0,0.05403328686952591,0.9984589219093323,1.0079985857009888,,,,,,,
3074,,,,,,,,,,,,,,,0.0,1.0,,0.0,0.07157109677791595,0.9986343383789062,1.0079985857009888,,,,,,,
3075,,,,,,,,,,,,,,,0.0,1.0,,0.0,0.052222151309251785,0.9984408020973206,1.0079985857009888,,,,,,,
3076,,,,,,,,,,,,,,,0.0,1.0,,0.0,0.058172836899757385,0.9985003471374512,1.0079985857009888,,,,,,,
3077,,,,,,,,,,,,,,,0.0,1.0,,0.0,0.03474777936935425,0.9982661008834839,1.0079985857009888,,,,,,,
3078,,,,,,,,,,,,,,,0.0,1.0,,0.0,0.039218008518218994,0.9983108043670654,1.0079985857009888,,,,,,,
3079,76.0,0.5202935934066772,,0.20713192224502563,0.5202935934066772,0.0,0.5202935934066772,2.7937259674072266,0.2752397954463959,6.108765602111816,7.901308536529541,0.9761587977409363,0.9723597168922424,0.9340075850486755,0.0,1.0,,0.0,0.07145074009895325,0.998633086681366,1.0079985857009888,0.05568400397896767,,,,,,
3080,,,,,,,,,,,,,,,0.0,1.0,,0.0,0.043782614171504974,0.9983564615249634,1.0079985857009888,,,,,,,
3081,,,,,,,,,,,,,,,0.0,1.0,,0.0,0.06743930280208588,0.9985929727554321,1.0079985857009888,,,,,,,
3082,,,,,,,,,,,,,,,0.0,1.0,,0.0,0.05259542912244797,0.9984445571899414,1.0079985857009888,,,,,,,
3083,,,,,,,,,,,,,,,0.0,1.0,,0.0,0.05020441114902496,0.9984206557273865,1.0079985857009888,,,,,,,
3084,,,,,,,,,,,,,,,0.0,1.0,,0.0,0.12003937363624573,0.999118983745575,1.0079985857009888,,,,,,,
3085,,,,,,,,,,,,,,,0.0,1.0,,0.0,0.04712207242846489,0.9983898401260376,1.0079985857009888,,,,,,,
3086,,,,,,,,,,,,,,,0.0,1.0,,0.0,0.040652040392160416,0.9983251094818115,1.0079985857009888,,,,,,,
3087,,,,,,,,,,,,,,,0.0,1.0,,0.0,0.06565346568822861,0.9985751509666443,1.0079985857009888,,,,,,,
3088,,,,,,,,,,,,,,,0.0,1.0,,0.0,0.06591964513063431,0.9985777735710144,1.0079985857009888,,,,,,,
3089,,,,,,,,,,,,,,,0.0,1.0,,0.0,0.05058193951845169,0.9984244108200073,1.0079985857009888,,,,,,,
3090,,,,,,,,,,,,,,,0.0,1.0,,0.0,0.03328723832964897,0.9982514977455139,1.0079985857009888,,,,,,,
3091,,,,,,,,,,,,,,,0.0,1.0,,0.0,0.035755641758441925,0.9982761740684509,1.0079985857009888,,,,,,,
3092,,,,,,,,,,,,,,,0.0,1.0,,0.0,0.056906815618276596,0.998487651348114,1.0079985857009888,,,,,,,
3093,,,,,,,,,,,,,,,0.0,1.0,,0.0,0.06654709577560425,0.9985840916633606,1.0079985857009888,,,,,,,
3094,,,,,,,,,,,,,,,0.0,1.0,,0.0,0.07815219461917877,0.9987001419067383,1.0079985857009888,,,,,,,
3095,,,,,,,,,,,,,,,0.0,1.0,,0.0,0.038606178015470505,0.9983046650886536,1.0079985857009888,,,,,,,
3096,,,,,,,,,,,,,,,0.0,1.0,,0.0,0.04553353786468506,0.9983739256858826,1.0079985857009888,,,,,,,
3097,,,,,,,,,,,,,,,0.0,1.0,,0.0,0.0696626678109169,0.9986152052879333,1.0079985857009888,,,,,,,
3098,,,,,,,,,,,,,,,0.0,1.0,,0.0,0.07697717100381851,0.9986883997917175,1.0079985857009888,,,,,,,
3099,77.0,0.05082283541560173,,,,,,,,,,,,,0.0,1.0,0.0010000000474974513,0.0,0.05082283541560173,0.9984268546104431,1.0079985857009888,,0.05082283541560173,0.05082283541560173,0.03109421208500862,0.05082283541560173,0.0,0.05082283541560173
3100,,,,,,,,,,,,,,,0.0,1.0,,0.0,0.08594095706939697,0.9987779855728149,1.0079985857009888,,,,,,,
3101,,,,,,,,,,,,,,,0.0,1.0,,0.0,0.03141720965504646,0.9982327818870544,1.0079985857009888,,,,,,,
3102,,,,,,,,,,,,,,,0.0,1.0,,0.0,0.027490787208080292,0.9981935024261475,1.0079985857009888,,,,,,,
3103,,,,,,,,,,,,,,,0.0,1.0,,0.0,0.023701254278421402,0.9981555938720703,1.0079985857009888,,,,,,,
3104,,,,,,,,,,,,,,,0.0,1.0,,0.0,0.035899966955184937,0.9982776045799255,1.0079985857009888,,,,,,,
3105,,,,,,,,,,,,,,,0.0,1.0,,0.0,0.0311938114464283,0.998230516910553,1.0079985857009888,,,,,,,
3106,,,,,,,,,,,,,,,0.0,1.0,,0.0,0.035961445420980453,0.9982782006263733,1.0079985857009888,,,,,,,
3107,,,,,,,,,,,,,,,0.0,1.0,,0.0,0.02163711003959179,0.998134970664978,1.0079985857009888,,,,,,,
3108,,,,,,,,,,,,,,,0.0,1.0,,0.0,0.03731965273618698,0.9982917904853821,1.0079985857009888,,,,,,,
3109,,,,,,,,,,,,,,,0.0,1.0,,0.0,0.040803756564855576,0.9983266592025757,1.0079985857009888,,,,,,,
3110,,,,,,,,,,,,,,,0.0,1.0,,0.0,0.09458225220441818,0.9988644123077393,1.0079985857009888,,,,,,,
3111,,,,,,,,,,,,,,,0.0,1.0,,0.0,0.043182242661714554,0.9983504414558411,1.0079985857009888,,,,,,,
3112,,,,,,,,,,,,,,,0.0,1.0,,0.0,0.020975396037101746,0.998128354549408,1.0079985857009888,,,,,,,
3113,,,,,,,,,,,,,,,0.0,1.0,,0.0,0.06110519543290138,0.9985296726226807,1.0079985857009888,,,,,,,
3114,,,,,,,,,,,,,,,0.0,1.0,,0.0,0.039891310036182404,0.998317539691925,1.0079985857009888,,,,,,,
3115,,,,,,,,,,,,,,,0.0,1.0,,0.0,0.030879460275173187,0.9982274174690247,1.0079985857009888,,,,,,,
3116,,,,,,,,,,,,,,,0.0,1.0,,0.0,0.06790676712989807,0.9985976815223694,1.0079985857009888,,,,,,,
3117,,,,,,,,,,,,,,,0.0,1.0,,0.0,0.03726847097277641,0.9982913136482239,1.0079985857009888,,,,,,,
3118,,,,,,,,,,,,,,,0.0,1.0,,0.0,0.064792200922966,0.9985665082931519,1.0079985857009888,,,,,,,
3119,77.0,0.1654323786497116,,0.07590129226446152,0.1654323786497116,0.0,0.1654323786497116,2.5788137912750244,0.2211071401834488,5.609891414642334,7.122361660003662,0.9764984250068665,0.9729992747306824,0.8091916441917419,0.0,1.0,,0.0,0.056695498526096344,0.9984855651855469,1.0079985857009888,0.05641362816095352,,,,,,
3120,,,,,,,,,,,,,,,0.0,1.0,,0.0,0.06005358323454857,0.9985191226005554,1.0079985857009888,,,,,,,
3121,,,,,,,,,,,,,,,0.0,1.0,,0.0,0.05853832885622978,0.9985039830207825,1.0079985857009888,,,,,,,
3122,,,,,,,,,,,,,,,0.0,1.0,,0.0,0.052319735288619995,0.9984418153762817,1.0079985857009888,,,,,,,
3123,,,,,,,,,,,,,,,0.0,1.0,,0.0,0.03986073657870293,0.9983172416687012,1.0079985857009888,,,,,,,
3124,,,,,,,,,,,,,,,0.0,1.0,,0.0,0.05141344293951988,0.9984327554702759,1.0079985857009888,,,,,,,
3125,,,,,,,,,,,,,,,0.0,1.0,,0.0,0.05293961241841316,0.9984480142593384,1.0079985857009888,,,,,,,
3126,,,,,,,,,,,,,,,0.0,1.0,,0.0,0.03504344820976257,0.9982690215110779,1.0079985857009888,,,,,,,
3127,,,,,,,,,,,,,,,0.0,1.0,,0.0,0.0853894054889679,0.9987725019454956,1.0079985857009888,,,,,,,
3128,,,,,,,,,,,,,,,0.0,1.0,,0.0,0.0372631661593914,0.9982912540435791,1.0079985857009888,,,,,,,
3129,,,,,,,,,,,,,,,0.0,1.0,,0.0,0.05559191480278969,0.9984745383262634,1.0079985857009888,,,,,,,
3130,,,,,,,,,,,,,,,0.0,1.0,,0.0,0.043198272585868835,0.9983505606651306,1.0079985857009888,,,,,,,
3131,,,,,,,,,,,,,,,0.0,1.0,,0.0,0.04780757427215576,0.9983966946601868,1.0079985857009888,,,,,,,
3132,,,,,,,,,,,,,,,0.0,1.0,,0.0,0.08352069556713104,0.9987537860870361,1.0079985857009888,,,,,,,
3133,,,,,,,,,,,,,,,0.0,1.0,,0.0,0.033226825296878815,0.9982509016990662,1.0079985857009888,,,,,,,
3134,,,,,,,,,,,,,,,0.0,1.0,,0.0,0.06424742937088013,0.9985610842704773,1.0079985857009888,,,,,,,
3135,,,,,,,,,,,,,,,0.0,1.0,,0.0,0.11277709901332855,0.9990463852882385,1.0079985857009888,,,,,,,
3136,,,,,,,,,,,,,,,0.0,1.0,,0.0,0.030871033668518066,0.9982272982597351,1.0079985857009888,,,,,,,
3137,,,,,,,,,,,,,,,0.0,1.0,,0.0,0.042371004819869995,0.9983423352241516,1.0079985857009888,,,,,,,
3138,,,,,,,,,,,,,,,0.0,1.0,,0.0,0.061457082629203796,0.9985331892967224,1.0079985857009888,,,,,,,
3139,,,,,,,,,,,,,,,0.0,1.0,,0.0,0.03585412725806236,0.9982771277427673,1.0079985857009888,,,,,,,
3140,,,,,,,,,,,,,,,0.0,1.0,,0.0,0.07060236483812332,0.9986246228218079,1.0079985857009888,,,,,,,
3141,,,,,,,,,,,,,,,0.0,1.0,,0.0,0.03076053410768509,0.9982262253761292,1.0079985857009888,,,,,,,
3142,,,,,,,,,,,,,,,0.0,1.0,,0.0,0.058782078325748444,0.9985064268112183,1.0079985857009888,,,,,,,
3143,,,,,,,,,,,,,,,0.0,1.0,,0.0,0.03660764545202255,0.9982846975326538,1.0079985857009888,,,,,,,
3144,,,,,,,,,,,,,,,0.0,1.0,,0.0,0.05697130039334297,0.9984883069992065,1.0079985857009888,,,,,,,
3145,,,,,,,,,,,,,,,0.0,1.0,,0.0,0.057444341480731964,0.9984930753707886,1.0079985857009888,,,,,,,
3146,,,,,,,,,,,,,,,0.0,1.0,,0.0,0.04352728649973869,0.998353898525238,1.0079985857009888,,,,,,,
3147,,,,,,,,,,,,,,,0.0,1.0,,0.0,0.028151927515864372,0.9982001185417175,1.0079985857009888,,,,,,,
3148,,,,,,,,,,,,,,,0.0,1.0,,0.0,0.03510546311736107,0.9982696771621704,1.0079985857009888,,,,,,,
3149,78.0,0.10342326015233994,,,,,,,,,,,,,0.0,1.0,0.0010000000474974513,0.0,0.10342326015233994,0.9989528656005859,1.0079985857009888,,0.10342326015233994,0.10342326015233994,0.046239759773015976,0.10342326015233994,0.0,0.10342326015233994
3150,,,,,,,,,,,,,,,0.0,1.0,,0.0,0.04434532672166824,0.9983620643615723,1.0079985857009888,,,,,,,
3151,,,,,,,,,,,,,,,0.0,1.0,,0.0,0.08165242522954941,0.9987351298332214,1.0079985857009888,,,,,,,
3152,,,,,,,,,,,,,,,0.0,1.0,,0.0,0.03416109457612038,0.9982602000236511,1.0079985857009888,,,,,,,
3153,,,,,,,,,,,,,,,0.0,1.0,,0.0,0.0584220252931118,0.9985028505325317,1.0079985857009888,,,,,,,
3154,,,,,,,,,,,,,,,0.0,1.0,,0.0,0.05725349485874176,0.9984911680221558,1.0079985857009888,,,,,,,
3155,,,,,,,,,,,,,,,0.0,1.0,,0.0,0.051065389066934586,0.9984292387962341,1.0079985857009888,,,,,,,
3156,,,,,,,,,,,,,,,0.0,1.0,,0.0,0.06437288969755173,0.9985623359680176,1.0079985857009888,,,,,,,
3157,,,,,,,,,,,,,,,0.0,1.0,,0.0,0.054999396204948425,0.9984685778617859,1.0079985857009888,,,,,,,
3158,,,,,,,,,,,,,,,0.0,1.0,,0.0,0.027949975803494453,0.9981980919837952,1.0079985857009888,,,,,,,
3159,78.0,0.19463005661964417,,0.08189532160758972,0.19463005661964417,0.0,0.19463005661964417,2.4979522228240967,0.22266846895217896,5.397128582000732,7.036404609680176,0.9774560928344727,0.9744511842727661,0.966261088848114,0.0,1.0,,0.0,0.1478094905614853,0.9993966817855835,1.0079985857009888,0.056284643709659576,,,,,,
3160,,,,,,,,,,,,,,,0.0,1.0,,0.0,0.0643785148859024,0.9985623955726624,1.0079985857009888,,,,,,,
3161,,,,,,,,,,,,,,,0.0,1.0,,0.0,0.10908691585063934,0.9990094900131226,1.0079985857009888,,,,,,,
3162,,,,,,,,,,,,,,,0.0,1.0,,0.0,0.035684216767549515,0.9982754588127136,1.0079985857009888,,,,,,,
3163,,,,,,,,,,,,,,,0.0,1.0,,0.0,0.03770047053694725,0.9982956051826477,1.0079985857009888,,,,,,,
3164,,,,,,,,,,,,,,,0.0,1.0,,0.0,0.029794521629810333,0.9982165694236755,1.0079985857009888,,,,,,,
3165,,,,,,,,,,,,,,,0.0,1.0,,0.0,0.0368293859064579,0.9982869029045105,1.0079985857009888,,,,,,,
3166,,,,,,,,,,,,,,,0.0,1.0,,0.0,0.055263783782720566,0.9984712600708008,1.0079985857009888,,,,,,,
3167,,,,,,,,,,,,,,,0.0,1.0,,0.0,0.034047652035951614,0.9982590675354004,1.0079985857009888,,,,,,,
3168,,,,,,,,,,,,,,,0.0,1.0,,0.0,0.0445634126663208,0.9983642101287842,1.0079985857009888,,,,,,,
3169,,,,,,,,,,,,,,,0.0,1.0,,0.0,0.03826558217406273,0.9983012676239014,1.0079985857009888,,,,,,,
3170,,,,,,,,,,,,,,,0.0,1.0,,0.0,0.033082734793424606,0.9982494115829468,1.0079985857009888,,,,,,,
3171,,,,,,,,,,,,,,,0.0,1.0,,0.0,0.042106691747903824,0.9983396530151367,1.0079985857009888,,,,,,,
3172,,,,,,,,,,,,,,,0.0,1.0,,0.0,0.06286821514368057,0.9985473155975342,1.0079985857009888,,,,,,,
3173,,,,,,,,,,,,,,,0.0,1.0,,0.0,0.029412833973765373,0.9982127547264099,1.0079985857009888,,,,,,,
3174,,,,,,,,,,,,,,,0.0,1.0,,0.0,0.12901869416236877,0.9992088079452515,1.0079985857009888,,,,,,,
3175,,,,,,,,,,,,,,,0.0,1.0,,0.0,0.07981999218463898,0.9987168312072754,1.0079985857009888,,,,,,,
3176,,,,,,,,,,,,,,,0.0,1.0,,0.0,0.09320466965436935,0.9988506436347961,1.0079985857009888,,,,,,,
3177,,,,,,,,,,,,,,,0.0,1.0,,0.0,0.049903418868780136,0.9984176158905029,1.0079985857009888,,,,,,,
3178,,,,,,,,,,,,,,,0.0,1.0,,0.0,0.05265600606799126,0.9984451532363892,1.0079985857009888,,,,,,,
3179,,,,,,,,,,,,,,,0.0,1.0,,0.0,0.05935078486800194,0.9985120892524719,1.0079985857009888,,,,,,,
3180,,,,,,,,,,,,,,,0.0,1.0,,0.0,0.0893622487783432,0.998812198638916,1.0079985857009888,,,,,,,
3181,,,,,,,,,,,,,,,0.0,1.0,,0.0,0.04027044400572777,0.9983212947845459,1.0079985857009888,,,,,,,
3182,,,,,,,,,,,,,,,0.0,1.0,,0.0,0.05173863098025322,0.9984359741210938,1.0079985857009888,,,,,,,
3183,,,,,,,,,,,,,,,0.0,1.0,,0.0,0.05012775585055351,0.9984198808670044,1.0079985857009888,,,,,,,
3184,,,,,,,,,,,,,,,0.0,1.0,,0.0,0.049798641353845596,0.9984166026115417,1.0079985857009888,,,,,,,
3185,,,,,,,,,,,,,,,0.0,1.0,,0.0,0.037465307861566544,0.9982932806015015,1.0079985857009888,,,,,,,
3186,,,,,,,,,,,,,,,0.0,1.0,,0.0,0.043388888239860535,0.9983524680137634,1.0079985857009888,,,,,,,
3187,,,,,,,,,,,,,,,0.0,1.0,,0.0,0.042376305907964706,0.9983423948287964,1.0079985857009888,,,,,,,
3188,,,,,,,,,,,,,,,0.0,1.0,,0.0,0.08252037316560745,0.9987438321113586,1.0079985857009888,,,,,,,
3189,,,,,,,,,,,,,,,0.0,1.0,,0.0,0.03708326816558838,0.9982894659042358,1.0079985857009888,,,,,,,
3190,,,,,,,,,,,,,,,0.0,1.0,,0.0,0.0648687332868576,0.9985672831535339,1.0079985857009888,,,,,,,
3191,,,,,,,,,,,,,,,0.0,1.0,,0.0,0.07754941284656525,0.998694121837616,1.0079985857009888,,,,,,,
3192,,,,,,,,,,,,,,,0.0,1.0,,0.0,0.05349285900592804,0.9984535574913025,1.0079985857009888,,,,,,,
3193,,,,,,,,,,,,,,,0.0,1.0,,0.0,0.050778601318597794,0.9984263777732849,1.0079985857009888,,,,,,,
3194,,,,,,,,,,,,,,,0.0,1.0,,0.0,0.073891282081604,0.9986575245857239,1.0079985857009888,,,,,,,
3195,,,,,,,,,,,,,,,0.0,1.0,,0.0,0.04751349613070488,0.998393714427948,1.0079985857009888,,,,,,,
3196,,,,,,,,,,,,,,,0.0,1.0,,0.0,0.05866437032818794,0.9985052347183228,1.0079985857009888,,,,,,,
3197,,,,,,,,,,,,,,,0.0,1.0,,0.0,0.09233055263757706,0.9988418817520142,1.0079985857009888,,,,,,,
3198,,,,,,,,,,,,,,,0.0,1.0,,0.0,0.04615897685289383,0.998380184173584,1.0079985857009888,,,,,,,
3199,79.0,0.17525406181812286,,0.07601016014814377,0.17525406181812286,0.0,0.17525406181812286,2.212134599685669,0.1954200118780136,4.755307674407959,6.189685821533203,0.9781773686408997,0.9754992127418518,0.9125933051109314,0.0,1.0,0.0010000000474974513,0.0,0.10006491094827652,0.9989192485809326,1.0079985857009888,0.05871953070163727,0.10006491094827652,0.10006491094827652,0.03780898079276085,0.10006491094827652,0.0,0.10006491094827652
3200,,,,,,,,,,,,,,,0.0,1.0,,0.0,0.0938611552119255,0.9988572001457214,1.0079985857009888,,,,,,,
3201,,,,,,,,,,,,,,,0.0,1.0,,0.0,0.046233534812927246,0.9983809590339661,1.0079985857009888,,,,,,,
3202,,,,,,,,,,,,,,,0.0,1.0,,0.0,0.03646354749798775,0.9982832670211792,1.0079985857009888,,,,,,,
3203,,,,,,,,,,,,,,,0.0,1.0,,0.0,0.04634174704551697,0.998382031917572,1.0079985857009888,,,,,,,
3204,,,,,,,,,,,,,,,0.0,1.0,,0.0,0.05138628929853439,0.998432457447052,1.0079985857009888,,,,,,,
3205,,,,,,,,,,,,,,,0.0,1.0,,0.0,0.035847846418619156,0.9982770681381226,1.0079985857009888,,,,,,,
3206,,,,,,,,,,,,,,,0.0,1.0,,0.0,0.06822788715362549,0.9986009001731873,1.0079985857009888,,,,,,,
3207,,,,,,,,,,,,,,,0.0,1.0,,0.0,0.07432674616575241,0.9986618757247925,1.0079985857009888,,,,,,,
3208,,,,,,,,,,,,,,,0.0,1.0,,0.0,0.03962846100330353,0.9983149170875549,1.0079985857009888,,,,,,,
3209,,,,,,,,,,,,,,,0.0,1.0,,0.0,0.08950025588274002,0.9988136291503906,1.0079985857009888,,,,,,,
3210,,,,,,,,,,,,,,,0.0,1.0,,0.0,0.03015504963696003,0.9982201457023621,1.0079985857009888,,,,,,,
3211,,,,,,,,,,,,,,,0.0,1.0,,0.0,0.02922414429485798,0.9982108473777771,1.0079985857009888,,,,,,,
3212,,,,,,,,,,,,,,,0.0,1.0,,0.0,0.05768638476729393,0.9984954595565796,1.0079985857009888,,,,,,,
3213,,,,,,,,,,,,,,,0.0,1.0,,0.0,0.030070338398218155,0.9982193112373352,1.0079985857009888,,,,,,,
3214,,,,,,,,,,,,,,,0.0,1.0,,0.0,0.09293995797634125,0.998848021030426,1.0079985857009888,,,,,,,
3215,,,,,,,,,,,,,,,0.0,1.0,,0.0,0.06964609026908875,0.9986150860786438,1.0079985857009888,,,,,,,
3216,,,,,,,,,,,,,,,0.0,1.0,,0.0,0.044921789318323135,0.9983678460121155,1.0079985857009888,,,,,,,
3217,,,,,,,,,,,,,,,0.0,1.0,,0.0,0.040317606180906296,0.9983217716217041,1.0079985857009888,,,,,,,
3218,,,,,,,,,,,,,,,0.0,1.0,,0.0,0.09891247004270554,0.998907744884491,1.0079985857009888,,,,,,,
3219,,,,,,,,,,,,,,,0.0,1.0,,0.0,0.04528254643082619,0.998371422290802,1.0079985857009888,,,,,,,
3220,,,,,,,,,,,,,,,0.0,1.0,,0.0,0.03679659217596054,0.9982865452766418,1.0079985857009888,,,,,,,
3221,,,,,,,,,,,,,,,0.0,1.0,,0.0,0.03257061913609505,0.9982442855834961,1.0079985857009888,,,,,,,
3222,,,,,,,,,,,,,,,0.0,1.0,,0.0,0.06330735236406326,0.9985516667366028,1.0079985857009888,,,,,,,
3223,,,,,,,,,,,,,,,0.0,1.0,,0.0,0.03182719275355339,0.998236894607544,1.0079985857009888,,,,,,,
3224,,,,,,,,,,,,,,,0.0,1.0,,0.0,0.10427957773208618,0.9989613890647888,1.0079985857009888,,,,,,,
3225,,,,,,,,,,,,,,,0.0,1.0,,0.0,0.09506475925445557,0.9988692402839661,1.0079985857009888,,,,,,,
3226,,,,,,,,,,,,,,,0.0,1.0,,0.0,0.04753183573484421,0.9983939528465271,1.0079985857009888,,,,,,,
3227,,,,,,,,,,,,,,,0.0,1.0,,0.0,0.04469389095902443,0.9983655214309692,1.0079985857009888,,,,,,,
3228,,,,,,,,,,,,,,,0.0,1.0,,0.0,0.03728523850440979,0.9982914328575134,1.0079985857009888,,,,,,,
3229,,,,,,,,,,,,,,,0.0,1.0,,0.0,0.05056478828191757,0.998424232006073,1.0079985857009888,,,,,,,
3230,,,,,,,,,,,,,,,0.0,1.0,,0.0,0.03767858445644379,0.9982953667640686,1.0079985857009888,,,,,,,
3231,,,,,,,,,,,,,,,0.0,1.0,,0.0,0.04791109636425972,0.998397707939148,1.0079985857009888,,,,,,,
3232,,,,,,,,,,,,,,,0.0,1.0,,0.0,0.05827212706208229,0.9985013008117676,1.0079985857009888,,,,,,,
3233,,,,,,,,,,,,,,,0.0,1.0,,0.0,0.026857126504182816,0.9981871843338013,1.0079985857009888,,,,,,,
3234,,,,,,,,,,,,,,,0.0,1.0,,0.0,0.05067254975438118,0.998425304889679,1.0079985857009888,,,,,,,
3235,,,,,,,,,,,,,,,0.0,1.0,,0.0,0.03767470270395279,0.9982953667640686,1.0079985857009888,,,,,,,
3236,,,,,,,,,,,,,,,0.0,1.0,,0.0,0.07755087316036224,0.998694121837616,1.0079985857009888,,,,,,,
3237,,,,,,,,,,,,,,,0.0,1.0,,0.0,0.09300869703292847,0.9988486766815186,1.0079985857009888,,,,,,,
3238,,,,,,,,,,,,,,,0.0,1.0,,0.0,0.054594989866018295,0.9984645843505859,1.0079985857009888,,,,,,,
3239,80.0,0.14867442846298218,,0.07054566591978073,0.14867442846298218,0.0,0.14867442846298218,2.4684712886810303,0.2087860256433487,5.32699728012085,6.706018447875977,0.9766526222229004,0.9732592105865479,0.6806392669677734,0.0,1.0,,0.0,0.031907856464385986,0.998237669467926,1.0079985857009888,0.05583285540342331,,,,,,
3240,,,,,,,,,,,,,,,0.0,1.0,,0.0,0.0635765790939331,0.9985543489456177,1.0079985857009888,,,,,,,
3241,,,,,,,,,,,,,,,0.0,1.0,,0.0,0.05356447398662567,0.9984542727470398,1.0079985857009888,,,,,,,
3242,,,,,,,,,,,,,,,0.0,1.0,,0.0,0.06137225776910782,0.9985323548316956,1.0079985857009888,,,,,,,
3243,,,,,,,,,,,,,,,0.0,1.0,,0.0,0.07315418869256973,0.9986501336097717,1.0079985857009888,,,,,,,
3244,,,,,,,,,,,,,,,0.0,1.0,,0.0,0.08842043578624725,0.9988027811050415,1.0079985857009888,,,,,,,
3245,,,,,,,,,,,,,,,0.0,1.0,,0.0,0.03871111199259758,0.9983057379722595,1.0079985857009888,,,,,,,
3246,,,,,,,,,,,,,,,0.0,1.0,,0.0,0.032819848507642746,0.9982467889785767,1.0079985857009888,,,,,,,
3247,,,,,,,,,,,,,,,0.0,1.0,,0.0,0.05512011796236038,0.9984698295593262,1.0079985857009888,,,,,,,
3248,,,,,,,,,,,,,,,0.0,1.0,,0.0,0.06719530373811722,0.9985905885696411,1.0079985857009888,,,,,,,
3249,81.0,0.04724065214395523,,,,,,,,,,,,,0.0,1.0,0.0010000000474974513,0.0,0.04724065214395523,0.9983910322189331,1.0079985857009888,,0.04724065214395523,0.04724065214395523,0.027120154350996017,0.04724065214395523,0.0,0.04724065214395523
3250,,,,,,,,,,,,,,,0.0,1.0,,0.0,0.11573047190904617,0.9990758895874023,1.0079985857009888,,,,,,,
3251,,,,,,,,,,,,,,,0.0,1.0,,0.0,0.04968227073550224,0.9984154105186462,1.0079985857009888,,,,,,,
3252,,,,,,,,,,,,,,,0.0,1.0,,0.0,0.04092336446046829,0.9983278512954712,1.0079985857009888,,,,,,,
3253,,,,,,,,,,,,,,,0.0,1.0,,0.0,0.04696239158511162,0.9983882308006287,1.0079985857009888,,,,,,,
3254,,,,,,,,,,,,,,,0.0,1.0,,0.0,0.06738974153995514,0.9985924959182739,1.0079985857009888,,,,,,,
3255,,,,,,,,,,,,,,,0.0,1.0,,0.0,0.08626190572977066,0.9987812042236328,1.0079985857009888,,,,,,,
3256,,,,,,,,,,,,,,,0.0,1.0,,0.0,0.042850054800510406,0.9983471035957336,1.0079985857009888,,,,,,,
3257,,,,,,,,,,,,,,,0.0,1.0,,0.0,0.029889453202486038,0.9982175230979919,1.0079985857009888,,,,,,,
3258,,,,,,,,,,,,,,,0.0,1.0,,0.0,0.03481036424636841,0.9982666969299316,1.0079985857009888,,,,,,,
3259,,,,,,,,,,,,,,,0.0,1.0,,0.0,0.05473595857620239,0.9984659552574158,1.0079985857009888,,,,,,,
3260,,,,,,,,,,,,,,,0.0,1.0,,0.0,0.07864925265312195,0.9987050890922546,1.0079985857009888,,,,,,,
3261,,,,,,,,,,,,,,,0.0,1.0,,0.0,0.03980211168527603,0.9983166456222534,1.0079985857009888,,,,,,,
3262,,,,,,,,,,,,,,,0.0,1.0,,0.0,0.06318380683660507,0.9985504150390625,1.0079985857009888,,,,,,,
3263,,,,,,,,,,,,,,,0.0,1.0,,0.0,0.033493757247924805,0.9982535243034363,1.0079985857009888,,,,,,,
3264,,,,,,,,,,,,,,,0.0,1.0,,0.0,0.03526982665061951,0.9982712864875793,1.0079985857009888,,,,,,,
3265,,,,,,,,,,,,,,,0.0,1.0,,0.0,0.0769578292965889,0.9986881613731384,1.0079985857009888,,,,,,,
3266,,,,,,,,,,,,,,,0.0,1.0,,0.0,0.04934226721525192,0.998412013053894,1.0079985857009888,,,,,,,
3267,,,,,,,,,,,,,,,0.0,1.0,,0.0,0.03455163538455963,0.9982641339302063,1.0079985857009888,,,,,,,
3268,,,,,,,,,,,,,,,0.0,1.0,,0.0,0.0357196107506752,0.9982758164405823,1.0079985857009888,,,,,,,
3269,,,,,,,,,,,,,,,0.0,1.0,,0.0,0.02606852538883686,0.9981793165206909,1.0079985857009888,,,,,,,
3270,,,,,,,,,,,,,,,0.0,1.0,,0.0,0.047870658338069916,0.9983972907066345,1.0079985857009888,,,,,,,
3271,,,,,,,,,,,,,,,0.0,1.0,,0.0,0.05013382434844971,0.9984199404716492,1.0079985857009888,,,,,,,
3272,,,,,,,,,,,,,,,0.0,1.0,,0.0,0.035962481051683426,0.9982782602310181,1.0079985857009888,,,,,,,
3273,,,,,,,,,,,,,,,0.0,1.0,,0.0,0.03464122861623764,0.9982650279998779,1.0079985857009888,,,,,,,
3274,,,,,,,,,,,,,,,0.0,1.0,,0.0,0.08099249005317688,0.9987285137176514,1.0079985857009888,,,,,,,
3275,,,,,,,,,,,,,,,0.0,1.0,,0.0,0.03768463060259819,0.9982954263687134,1.0079985857009888,,,,,,,
3276,,,,,,,,,,,,,,,0.0,1.0,,0.0,0.0644344836473465,0.9985629320144653,1.0079985857009888,,,,,,,
3277,,,,,,,,,,,,,,,0.0,1.0,,0.0,0.027201898396015167,0.9981906414031982,1.0079985857009888,,,,,,,
3278,,,,,,,,,,,,,,,0.0,1.0,,0.0,0.04360664635896683,0.9983546733856201,1.0079985857009888,,,,,,,
3279,81.0,0.19161541759967804,,0.08309458941221237,0.19161541759967804,0.0,0.19161541759967804,2.8306379318237305,0.2471904456615448,6.059393405914307,7.717793941497803,0.9757078886032104,0.9718047380447388,0.9121896028518677,0.0,1.0,,0.0,0.07243600487709045,0.9986429810523987,1.0079985857009888,0.055602557957172394,,,,,,
3280,,,,,,,,,,,,,,,0.0,1.0,,0.0,0.06341900676488876,0.9985527992248535,1.0079985857009888,,,,,,,
3281,,,,,,,,,,,,,,,0.0,1.0,,0.0,0.0446893684566021,0.9983655214309692,1.0079985857009888,,,,,,,
3282,,,,,,,,,,,,,,,0.0,1.0,,0.0,0.06948276609182358,0.9986134171485901,1.0079985857009888,,,,,,,
3283,,,,,,,,,,,,,,,0.0,1.0,,0.0,0.0943555012345314,0.9988621473312378,1.0079985857009888,,,,,,,
3284,,,,,,,,,,,,,,,0.0,1.0,,0.0,0.14075981080532074,0.999326229095459,1.0079985857009888,,,,,,,
3285,,,,,,,,,,,,,,,0.0,1.0,,0.0,0.032934676855802536,0.9982479810714722,1.0079985857009888,,,,,,,
3286,,,,,,,,,,,,,,,0.0,1.0,,0.0,0.03266299515962601,0.9982452392578125,1.0079985857009888,,,,,,,
3287,,,,,,,,,,,,,,,0.0,1.0,,0.0,0.07961715757846832,0.998714804649353,1.0079985857009888,,,,,,,
3288,,,,,,,,,,,,,,,0.0,1.0,,0.0,0.15293733775615692,0.9994480013847351,1.0079985857009888,,,,,,,
3289,,,,,,,,,,,,,,,0.0,1.0,,0.0,0.07188335061073303,0.9986374378204346,1.0079985857009888,,,,,,,
3290,,,,,,,,,,,,,,,0.0,1.0,,0.0,0.03653921186923981,0.9982839822769165,1.0079985857009888,,,,,,,
3291,,,,,,,,,,,,,,,0.0,1.0,,0.0,0.07423318177461624,0.9986609220504761,1.0079985857009888,,,,,,,
3292,,,,,,,,,,,,,,,0.0,1.0,,0.0,0.048490509390830994,0.9984034895896912,1.0079985857009888,,,,,,,
3293,,,,,,,,,,,,,,,0.0,1.0,,0.0,0.06558911502361298,0.9985744953155518,1.0079985857009888,,,,,,,
3294,,,,,,,,,,,,,,,0.0,1.0,,0.0,0.05241004377603531,0.9984427094459534,1.0079985857009888,,,,,,,
3295,,,,,,,,,,,,,,,0.0,1.0,,0.0,0.10311640053987503,0.9989497661590576,1.0079985857009888,,,,,,,
3296,,,,,,,,,,,,,,,0.0,1.0,,0.0,0.03630579262971878,0.9982816576957703,1.0079985857009888,,,,,,,
3297,,,,,,,,,,,,,,,0.0,1.0,,0.0,0.04568701609969139,0.9983754754066467,1.0079985857009888,,,,,,,
3298,,,,,,,,,,,,,,,0.0,1.0,,0.0,0.04824000597000122,0.9984009861946106,1.0079985857009888,,,,,,,
3299,82.0,0.05150606855750084,,,,,,,,,,,,,0.0,1.0,0.0010000000474974513,0.0,0.05150606855750084,0.9984336495399475,1.0079985857009888,,0.05150606855750084,0.05150606855750084,0.022146396338939667,0.05150606855750084,0.0,0.05150606855750084
3300,,,,,,,,,,,,,,,0.0,1.0,,0.0,0.08397254347801208,0.9987583160400391,1.0079985857009888,,,,,,,
3301,,,,,,,,,,,,,,,0.0,1.0,,0.0,0.04617816582322121,0.9983803629875183,1.0079985857009888,,,,,,,
3302,,,,,,,,,,,,,,,0.0,1.0,,0.0,0.03472848981618881,0.9982658624649048,1.0079985857009888,,,,,,,
3303,,,,,,,,,,,,,,,0.0,1.0,,0.0,0.07849234342575073,0.9987035393714905,1.0079985857009888,,,,,,,
3304,,,,,,,,,,,,,,,0.0,1.0,,0.0,0.04487232118844986,0.9983673095703125,1.0079985857009888,,,,,,,
3305,,,,,,,,,,,,,,,0.0,1.0,,0.0,0.02946525067090988,0.9982132315635681,1.0079985857009888,,,,,,,
3306,,,,,,,,,,,,,,,0.0,1.0,,0.0,0.05820595473051071,0.998500645160675,1.0079985857009888,,,,,,,
3307,,,,,,,,,,,,,,,0.0,1.0,,0.0,0.06703127920627594,0.9985889196395874,1.0079985857009888,,,,,,,
3308,,,,,,,,,,,,,,,0.0,1.0,,0.0,0.08298204839229584,0.9987484216690063,1.0079985857009888,,,,,,,
3309,,,,,,,,,,,,,,,0.0,1.0,,0.0,0.08474968373775482,0.9987661242485046,1.0079985857009888,,,,,,,
3310,,,,,,,,,,,,,,,0.0,1.0,,0.0,0.03757737949490547,0.9982943534851074,1.0079985857009888,,,,,,,
3311,,,,,,,,,,,,,,,0.0,1.0,,0.0,0.11388649046421051,0.9990574717521667,1.0079985857009888,,,,,,,
3312,,,,,,,,,,,,,,,0.0,1.0,,0.0,0.04431509971618652,0.9983617663383484,1.0079985857009888,,,,,,,
3313,,,,,,,,,,,,,,,0.0,1.0,,0.0,0.036241427063941956,0.9982810020446777,1.0079985857009888,,,,,,,
3314,,,,,,,,,,,,,,,0.0,1.0,,0.0,0.041262488812208176,0.9983312487602234,1.0079985857009888,,,,,,,
3315,,,,,,,,,,,,,,,0.0,1.0,,0.0,0.053948309272527695,0.9984580874443054,1.0079985857009888,,,,,,,
3316,,,,,,,,,,,,,,,0.0,1.0,,0.0,0.03485856577754021,0.9982671737670898,1.0079985857009888,,,,,,,
3317,,,,,,,,,,,,,,,0.0,1.0,,0.0,0.04339905083179474,0.998352587223053,1.0079985857009888,,,,,,,
3318,,,,,,,,,,,,,,,0.0,1.0,,0.0,0.06609665602445602,0.9985795617103577,1.0079985857009888,,,,,,,
3319,82.0,0.14261013269424438,,0.06732887029647827,0.14261013269424438,0.0,0.14261013269424438,2.379997968673706,0.19975438714027405,5.190167427062988,6.531844615936279,0.9771350026130676,0.9739529490470886,0.8193399310112,0.0,1.0,,0.0,0.1287831813097,0.9992064237594604,1.0079985857009888,0.06311444938182831,,,,,,
3320,,,,,,,,,,,,,,,0.0,1.0,,0.0,0.08433897793292999,0.9987620115280151,1.0079985857009888,,,,,,,
3321,,,,,,,,,,,,,,,0.0,1.0,,0.0,0.04455910250544548,0.9983642101287842,1.0079985857009888,,,,,,,
3322,,,,,,,,,,,,,,,0.0,1.0,,0.0,0.046571746468544006,0.9983842968940735,1.0079985857009888,,,,,,,
3323,,,,,,,,,,,,,,,0.0,1.0,,0.0,0.039402835071086884,0.9983126521110535,1.0079985857009888,,,,,,,
3324,,,,,,,,,,,,,,,0.0,1.0,,0.0,0.064210444688797,0.9985607266426086,1.0079985857009888,,,,,,,
3325,,,,,,,,,,,,,,,0.0,1.0,,0.0,0.036632053554058075,0.9982849359512329,1.0079985857009888,,,,,,,
3326,,,,,,,,,,,,,,,0.0,1.0,,0.0,0.048425547778606415,0.9984028339385986,1.0079985857009888,,,,,,,
3327,,,,,,,,,,,,,,,0.0,1.0,,0.0,0.037456098943948746,0.9982931613922119,1.0079985857009888,,,,,,,
3328,,,,,,,,,,,,,,,0.0,1.0,,0.0,0.09708308428525925,0.9988894462585449,1.0079985857009888,,,,,,,
3329,,,,,,,,,,,,,,,0.0,1.0,,0.0,0.028285611420869827,0.9982014894485474,1.0079985857009888,,,,,,,
3330,,,,,,,,,,,,,,,0.0,1.0,,0.0,0.033298883587121964,0.9982516169548035,1.0079985857009888,,,,,,,
3331,,,,,,,,,,,,,,,0.0,1.0,,0.0,0.05922491475939751,0.9985108375549316,1.0079985857009888,,,,,,,
3332,,,,,,,,,,,,,,,0.0,1.0,,0.0,0.05709519237279892,0.9984895586967468,1.0079985857009888,,,,,,,
3333,,,,,,,,,,,,,,,0.0,1.0,,0.0,0.06236780434846878,0.998542308807373,1.0079985857009888,,,,,,,
3334,,,,,,,,,,,,,,,0.0,1.0,,0.0,0.05877764895558357,0.9985063672065735,1.0079985857009888,,,,,,,
3335,,,,,,,,,,,,,,,0.0,1.0,,0.0,0.0423392690718174,0.998341977596283,1.0079985857009888,,,,,,,
3336,,,,,,,,,,,,,,,0.0,1.0,,0.0,0.04602644965052605,0.9983788728713989,1.0079985857009888,,,,,,,
3337,,,,,,,,,,,,,,,0.0,1.0,,0.0,0.06475982069969177,0.998566210269928,1.0079985857009888,,,,,,,
3338,,,,,,,,,,,,,,,0.0,1.0,,0.0,0.07285835593938828,0.9986472129821777,1.0079985857009888,,,,,,,
3339,,,,,,,,,,,,,,,0.0,1.0,,0.0,0.10926204919815063,0.999011218547821,1.0079985857009888,,,,,,,
3340,,,,,,,,,,,,,,,0.0,1.0,,0.0,0.040016792714595795,0.9983187913894653,1.0079985857009888,,,,,,,
3341,,,,,,,,,,,,,,,0.0,1.0,,0.0,0.03468847647309303,0.9982655048370361,1.0079985857009888,,,,,,,
3342,,,,,,,,,,,,,,,0.0,1.0,,0.0,0.03486057370901108,0.9982672333717346,1.0079985857009888,,,,,,,
3343,,,,,,,,,,,,,,,0.0,1.0,,0.0,0.044570911675691605,0.9983643293380737,1.0079985857009888,,,,,,,
3344,,,,,,,,,,,,,,,0.0,1.0,,0.0,0.11769548803567886,0.9990955591201782,1.0079985857009888,,,,,,,
3345,,,,,,,,,,,,,,,0.0,1.0,,0.0,0.058508384972810745,0.9985036849975586,1.0079985857009888,,,,,,,
3346,,,,,,,,,,,,,,,0.0,1.0,,0.0,0.06342584639787674,0.9985528588294983,1.0079985857009888,,,,,,,
3347,,,,,,,,,,,,,,,0.0,1.0,,0.0,0.044852547347545624,0.9983671307563782,1.0079985857009888,,,,,,,
3348,,,,,,,,,,,,,,,0.0,1.0,,0.0,0.0373549722135067,0.9982921481132507,1.0079985857009888,,,,,,,
3349,83.0,0.03633981570601463,,,,,,,,,,,,,0.0,1.0,0.0010000000474974513,0.0,0.03633981570601463,0.9982820153236389,1.0079985857009888,,0.03633981570601463,0.03633981570601463,0.021322717890143394,0.03633981570601463,0.0,0.03633981570601463
3350,,,,,,,,,,,,,,,0.0,1.0,,0.0,0.04664641618728638,0.9983850717544556,1.0079985857009888,,,,,,,
3351,,,,,,,,,,,,,,,0.0,1.0,,0.0,0.052927322685718536,0.9984478950500488,1.0079985857009888,,,,,,,
3352,,,,,,,,,,,,,,,0.0,1.0,,0.0,0.07599816471338272,0.9986785650253296,1.0079985857009888,,,,,,,
3353,,,,,,,,,,,,,,,0.0,1.0,,0.0,0.07700902223587036,0.9986886978149414,1.0079985857009888,,,,,,,
3354,,,,,,,,,,,,,,,0.0,1.0,,0.0,0.07376177608966827,0.9986562132835388,1.0079985857009888,,,,,,,
3355,,,,,,,,,,,,,,,0.0,1.0,,0.0,0.07593794167041779,0.9986779689788818,1.0079985857009888,,,,,,,
3356,,,,,,,,,,,,,,,0.0,1.0,,0.0,0.04122636839747429,0.9983308911323547,1.0079985857009888,,,,,,,
3357,,,,,,,,,,,,,,,0.0,1.0,,0.0,0.0654301717877388,0.9985728859901428,1.0079985857009888,,,,,,,
3358,,,,,,,,,,,,,,,0.0,1.0,,0.0,0.03449149802327156,0.9982635378837585,1.0079985857009888,,,,,,,
3359,83.0,0.17331169545650482,,0.07928621768951416,0.17331169545650482,0.0,0.17331169545650482,2.4644787311553955,0.21576453745365143,5.198256492614746,6.6109619140625,0.9766629338264465,0.9732935428619385,0.8788860440254211,0.0,1.0,,0.0,0.0385618694126606,0.9983042478561401,1.0079985857009888,0.053945042192935944,,,,,,
3360,,,,,,,,,,,,,,,0.0,1.0,,0.0,0.0642402172088623,0.9985610246658325,1.0079985857009888,,,,,,,
3361,,,,,,,,,,,,,,,0.0,1.0,,0.0,0.1594638079404831,0.9995132684707642,1.0079985857009888,,,,,,,
3362,,,,,,,,,,,,,,,0.0,1.0,,0.0,0.04712221026420593,0.9983898401260376,1.0079985857009888,,,,,,,
3363,,,,,,,,,,,,,,,0.0,1.0,,0.0,0.04584043473005295,0.9983770251274109,1.0079985857009888,,,,,,,
3364,,,,,,,,,,,,,,,0.0,1.0,,0.0,0.04772208258509636,0.9983958005905151,1.0079985857009888,,,,,,,
3365,,,,,,,,,,,,,,,0.0,1.0,,0.0,0.034606147557497025,0.9982646703720093,1.0079985857009888,,,,,,,
3366,,,,,,,,,,,,,,,0.0,1.0,,0.0,0.05510113015770912,0.9984695911407471,1.0079985857009888,,,,,,,
3367,,,,,,,,,,,,,,,0.0,1.0,,0.0,0.038237154483795166,0.9983009696006775,1.0079985857009888,,,,,,,
3368,,,,,,,,,,,,,,,0.0,1.0,,0.0,0.043674007058143616,0.9983553290367126,1.0079985857009888,,,,,,,
3369,,,,,,,,,,,,,,,0.0,1.0,,0.0,0.04234056547284126,0.9983420372009277,1.0079985857009888,,,,,,,
3370,,,,,,,,,,,,,,,0.0,1.0,,0.0,0.0253464225679636,0.9981720447540283,1.0079985857009888,,,,,,,
3371,,,,,,,,,,,,,,,0.0,1.0,,0.0,0.038097918033599854,0.9982995986938477,1.0079985857009888,,,,,,,
3372,,,,,,,,,,,,,,,0.0,1.0,,0.0,0.05077165365219116,0.9984263181686401,1.0079985857009888,,,,,,,
3373,,,,,,,,,,,,,,,0.0,1.0,,0.0,0.03538906201720238,0.9982724785804749,1.0079985857009888,,,,,,,
3374,,,,,,,,,,,,,,,0.0,1.0,,0.0,0.04969220981001854,0.9984155297279358,1.0079985857009888,,,,,,,
3375,,,,,,,,,,,,,,,0.0,1.0,,0.0,0.084609255194664,0.99876469373703,1.0079985857009888,,,,,,,
3376,,,,,,,,,,,,,,,0.0,1.0,,0.0,0.032233111560344696,0.9982409477233887,1.0079985857009888,,,,,,,
3377,,,,,,,,,,,,,,,0.0,1.0,,0.0,0.02359963022172451,0.9981545805931091,1.0079985857009888,,,,,,,
3378,,,,,,,,,,,,,,,0.0,1.0,,0.0,0.03128373250365257,0.9982314705848694,1.0079985857009888,,,,,,,
3379,,,,,,,,,,,,,,,0.0,1.0,,0.0,0.06857708841562271,0.9986043572425842,1.0079985857009888,,,,,,,
3380,,,,,,,,,,,,,,,0.0,1.0,,0.0,0.0948861762881279,0.9988674521446228,1.0079985857009888,,,,,,,
3381,,,,,,,,,,,,,,,0.0,1.0,,0.0,0.05793200060725212,0.9984979033470154,1.0079985857009888,,,,,,,
3382,,,,,,,,,,,,,,,0.0,1.0,,0.0,0.09237125515937805,0.9988422989845276,1.0079985857009888,,,,,,,
3383,,,,,,,,,,,,,,,0.0,1.0,,0.0,0.08155621588230133,0.998734176158905,1.0079985857009888,,,,,,,
3384,,,,,,,,,,,,,,,0.0,1.0,,0.0,0.04981352761387825,0.9984167218208313,1.0079985857009888,,,,,,,
3385,,,,,,,,,,,,,,,0.0,1.0,,0.0,0.034441761672496796,0.9982630014419556,1.0079985857009888,,,,,,,
3386,,,,,,,,,,,,,,,0.0,1.0,,0.0,0.05108746141195297,0.9984294772148132,1.0079985857009888,,,,,,,
3387,,,,,,,,,,,,,,,0.0,1.0,,0.0,0.034557852894067764,0.9982641935348511,1.0079985857009888,,,,,,,
3388,,,,,,,,,,,,,,,0.0,1.0,,0.0,0.08417291194200516,0.9987603425979614,1.0079985857009888,,,,,,,
3389,,,,,,,,,,,,,,,0.0,1.0,,0.0,0.036812689155340195,0.9982867240905762,1.0079985857009888,,,,,,,
3390,,,,,,,,,,,,,,,0.0,1.0,,0.0,0.048115670680999756,0.9983997344970703,1.0079985857009888,,,,,,,
3391,,,,,,,,,,,,,,,0.0,1.0,,0.0,0.09699545800685883,0.9988885521888733,1.0079985857009888,,,,,,,
3392,,,,,,,,,,,,,,,0.0,1.0,,0.0,0.044847287237644196,0.9983670711517334,1.0079985857009888,,,,,,,
3393,,,,,,,,,,,,,,,0.0,1.0,,0.0,0.05198980122804642,0.9984384775161743,1.0079985857009888,,,,,,,
3394,,,,,,,,,,,,,,,0.0,1.0,,0.0,0.06653711199760437,0.998583972454071,1.0079985857009888,,,,,,,
3395,,,,,,,,,,,,,,,0.0,1.0,,0.0,0.02651764638721943,0.9981837868690491,1.0079985857009888,,,,,,,
3396,,,,,,,,,,,,,,,0.0,1.0,,0.0,0.06212005019187927,0.9985398054122925,1.0079985857009888,,,,,,,
3397,,,,,,,,,,,,,,,0.0,1.0,,0.0,0.06037893891334534,0.9985224008560181,1.0079985857009888,,,,,,,
3398,,,,,,,,,,,,,,,0.0,1.0,,0.0,0.049176596105098724,0.9984103441238403,1.0079985857009888,,,,,,,
3399,84.0,0.16348496079444885,,0.07647902518510818,0.16348496079444885,0.0,0.16348496079444885,2.632075071334839,0.22266785800457,5.641449928283691,7.196345329284668,0.9762423038482666,0.972601592540741,0.841497004032135,0.0,1.0,0.0010000000474974513,0.0,0.11333215981721878,0.9990519285202026,1.0079985857009888,0.05311938375234604,0.11333215981721878,0.11333215981721878,0.03778120130300522,0.11333215981721878,0.0,0.11333215981721878
3400,,,,,,,,,,,,,,,0.0,1.0,,0.0,0.05608523637056351,0.9984794855117798,1.0079985857009888,,,,,,,
3401,,,,,,,,,,,,,,,0.0,1.0,,0.0,0.05557791143655777,0.9984743595123291,1.0079985857009888,,,,,,,
3402,,,,,,,,,,,,,,,0.0,1.0,,0.0,0.039876788854599,0.9983173608779907,1.0079985857009888,,,,,,,
3403,,,,,,,,,,,,,,,0.0,1.0,,0.0,0.05901110917329788,0.9985086917877197,1.0079985857009888,,,,,,,
3404,,,,,,,,,,,,,,,0.0,1.0,,0.0,0.09535813331604004,0.9988721609115601,1.0079985857009888,,,,,,,
3405,,,,,,,,,,,,,,,0.0,1.0,,0.0,0.06250019371509552,0.9985436201095581,1.0079985857009888,,,,,,,
3406,,,,,,,,,,,,,,,0.0,1.0,,0.0,0.03433886170387268,0.9982619881629944,1.0079985857009888,,,,,,,
3407,,,,,,,,,,,,,,,0.0,1.0,,0.0,0.040595341473817825,0.9983245730400085,1.0079985857009888,,,,,,,
3408,,,,,,,,,,,,,,,0.0,1.0,,0.0,0.04232950508594513,0.9983419179916382,1.0079985857009888,,,,,,,
3409,,,,,,,,,,,,,,,0.0,1.0,,0.0,0.043014273047447205,0.9983487725257874,1.0079985857009888,,,,,,,
3410,,,,,,,,,,,,,,,0.0,1.0,,0.0,0.03290762007236481,0.9982476830482483,1.0079985857009888,,,,,,,
3411,,,,,,,,,,,,,,,0.0,1.0,,0.0,0.03315817564725876,0.9982501864433289,1.0079985857009888,,,,,,,
3412,,,,,,,,,,,,,,,0.0,1.0,,0.0,0.053810011595487595,0.9984567165374756,1.0079985857009888,,,,,,,
3413,,,,,,,,,,,,,,,0.0,1.0,,0.0,0.03637472167611122,0.9982823729515076,1.0079985857009888,,,,,,,
3414,,,,,,,,,,,,,,,0.0,1.0,,0.0,0.04829590395092964,0.9984015822410583,1.0079985857009888,,,,,,,
3415,,,,,,,,,,,,,,,0.0,1.0,,0.0,0.07734750211238861,0.9986920952796936,1.0079985857009888,,,,,,,
3416,,,,,,,,,,,,,,,0.0,1.0,,0.0,0.04897818714380264,0.9984083771705627,1.0079985857009888,,,,,,,
3417,,,,,,,,,,,,,,,0.0,1.0,,0.0,0.0397784523665905,0.9983164072036743,1.0079985857009888,,,,,,,
3418,,,,,,,,,,,,,,,0.0,1.0,,0.0,0.04331661015748978,0.9983517527580261,1.0079985857009888,,,,,,,
3419,,,,,,,,,,,,,,,0.0,1.0,,0.0,0.06112872436642647,0.9985299110412598,1.0079985857009888,,,,,,,
3420,,,,,,,,,,,,,,,0.0,1.0,,0.0,0.032119736075401306,0.9982398152351379,1.0079985857009888,,,,,,,
3421,,,,,,,,,,,,,,,0.0,1.0,,0.0,0.04033258557319641,0.9983219504356384,1.0079985857009888,,,,,,,
3422,,,,,,,,,,,,,,,0.0,1.0,,0.0,0.029580818489193916,0.9982144236564636,1.0079985857009888,,,,,,,
3423,,,,,,,,,,,,,,,0.0,1.0,,0.0,0.053872618824243546,0.9984573125839233,1.0079985857009888,,,,,,,
3424,,,,,,,,,,,,,,,0.0,1.0,,0.0,0.05638693645596504,0.9984824657440186,1.0079985857009888,,,,,,,
3425,,,,,,,,,,,,,,,0.0,1.0,,0.0,0.0216533150523901,0.9981351494789124,1.0079985857009888,,,,,,,
3426,,,,,,,,,,,,,,,0.0,1.0,,0.0,0.05326713249087334,0.998451292514801,1.0079985857009888,,,,,,,
3427,,,,,,,,,,,,,,,0.0,1.0,,0.0,0.05025474727153778,0.9984211325645447,1.0079985857009888,,,,,,,
3428,,,,,,,,,,,,,,,0.0,1.0,,0.0,0.035867635160684586,0.9982773065567017,1.0079985857009888,,,,,,,
3429,,,,,,,,,,,,,,,0.0,1.0,,0.0,0.0834280252456665,0.9987528920173645,1.0079985857009888,,,,,,,
3430,,,,,,,,,,,,,,,0.0,1.0,,0.0,0.053572990000247955,0.9984543323516846,1.0079985857009888,,,,,,,
3431,,,,,,,,,,,,,,,0.0,1.0,,0.0,0.03826921433210373,0.9983013272285461,1.0079985857009888,,,,,,,
3432,,,,,,,,,,,,,,,0.0,1.0,,0.0,0.04239167645573616,0.9983425140380859,1.0079985857009888,,,,,,,
3433,,,,,,,,,,,,,,,0.0,1.0,,0.0,0.07277041673660278,0.9986463189125061,1.0079985857009888,,,,,,,
3434,,,,,,,,,,,,,,,0.0,1.0,,0.0,0.04490673914551735,0.9983676671981812,1.0079985857009888,,,,,,,
3435,,,,,,,,,,,,,,,0.0,1.0,,0.0,0.05712852627038956,0.9984899163246155,1.0079985857009888,,,,,,,
3436,,,,,,,,,,,,,,,0.0,1.0,,0.0,0.09420245885848999,0.9988606572151184,1.0079985857009888,,,,,,,
3437,,,,,,,,,,,,,,,0.0,1.0,,0.0,0.059199828654527664,0.9985105991363525,1.0079985857009888,,,,,,,
3438,,,,,,,,,,,,,,,0.0,1.0,,0.0,0.09236185997724533,0.9988422393798828,1.0079985857009888,,,,,,,
3439,85.0,0.17832724750041962,,0.08206015825271606,0.17832724750041962,0.0,0.17832724750041962,2.804293394088745,0.2368469536304474,6.08988618850708,7.953109264373779,0.976244330406189,0.9724289178848267,0.8243114948272705,0.0,1.0,,0.0,0.03825085237622261,0.998301088809967,1.0079985857009888,0.05445798859000206,,,,,,
3440,,,,,,,,,,,,,,,0.0,1.0,,0.0,0.05933385342359543,0.9985119700431824,1.0079985857009888,,,,,,,
3441,,,,,,,,,,,,,,,0.0,1.0,,0.0,0.04180745407938957,0.998336672782898,1.0079985857009888,,,,,,,
3442,,,,,,,,,,,,,,,0.0,1.0,,0.0,0.025600887835025787,0.9981746077537537,1.0079985857009888,,,,,,,
3443,,,,,,,,,,,,,,,0.0,1.0,,0.0,0.09316810965538025,0.9988502860069275,1.0079985857009888,,,,,,,
3444,,,,,,,,,,,,,,,0.0,1.0,,0.0,0.08762878179550171,0.9987949132919312,1.0079985857009888,,,,,,,
3445,,,,,,,,,,,,,,,0.0,1.0,,0.0,0.04106317460536957,0.998329222202301,1.0079985857009888,,,,,,,
3446,,,,,,,,,,,,,,,0.0,1.0,,0.0,0.0562983974814415,0.9984815716743469,1.0079985857009888,,,,,,,
3447,,,,,,,,,,,,,,,0.0,1.0,,0.0,0.06671340018510818,0.9985857605934143,1.0079985857009888,,,,,,,
3448,,,,,,,,,,,,,,,0.0,1.0,,0.0,0.10973416268825531,0.9990159273147583,1.0079985857009888,,,,,,,
3449,86.0,0.051485754549503326,,,,,,,,,,,,,0.0,1.0,0.0010000000474974513,0.0,0.051485754549503326,0.9984334707260132,1.0079985857009888,,0.051485754549503326,0.051485754549503326,0.02665897086262703,0.051485754549503326,0.0,0.051485754549503326
3450,,,,,,,,,,,,,,,0.0,1.0,,0.0,0.042049430310726166,0.9983391165733337,1.0079985857009888,,,,,,,
3451,,,,,,,,,,,,,,,0.0,1.0,,0.0,0.05924426019191742,0.9985110759735107,1.0079985857009888,,,,,,,
3452,,,,,,,,,,,,,,,0.0,1.0,,0.0,0.0329245999455452,0.9982478618621826,1.0079985857009888,,,,,,,
3453,,,,,,,,,,,,,,,0.0,1.0,,0.0,0.03086455911397934,0.9982272386550903,1.0079985857009888,,,,,,,
3454,,,,,,,,,,,,,,,0.0,1.0,,0.0,0.04809005185961723,0.9983994960784912,1.0079985857009888,,,,,,,
3455,,,,,,,,,,,,,,,0.0,1.0,,0.0,0.035753265023231506,0.9982761144638062,1.0079985857009888,,,,,,,
3456,,,,,,,,,,,,,,,0.0,1.0,,0.0,0.026613624766469002,0.9981847405433655,1.0079985857009888,,,,,,,
3457,,,,,,,,,,,,,,,0.0,1.0,,0.0,0.036765094846487045,0.998286247253418,1.0079985857009888,,,,,,,
3458,,,,,,,,,,,,,,,0.0,1.0,,0.0,0.03136306628584862,0.9982322454452515,1.0079985857009888,,,,,,,
3459,,,,,,,,,,,,,,,0.0,1.0,,0.0,0.024438971653580666,0.9981629848480225,1.0079985857009888,,,,,,,
3460,,,,,,,,,,,,,,,0.0,1.0,,0.0,0.03240588307380676,0.9982426762580872,1.0079985857009888,,,,,,,
3461,,,,,,,,,,,,,,,0.0,1.0,,0.0,0.038095224648714066,0.9982995390892029,1.0079985857009888,,,,,,,
3462,,,,,,,,,,,,,,,0.0,1.0,,0.0,0.028571033850312233,0.9982042908668518,1.0079985857009888,,,,,,,
3463,,,,,,,,,,,,,,,0.0,1.0,,0.0,0.062055546790361404,0.9985391497612,1.0079985857009888,,,,,,,
3464,,,,,,,,,,,,,,,0.0,1.0,,0.0,0.05637209489941597,0.998482346534729,1.0079985857009888,,,,,,,
3465,,,,,,,,,,,,,,,0.0,1.0,,0.0,0.0996871292591095,0.9989154934883118,1.0079985857009888,,,,,,,
3466,,,,,,,,,,,,,,,0.0,1.0,,0.0,0.051949113607406616,0.9984381198883057,1.0079985857009888,,,,,,,
3467,,,,,,,,,,,,,,,0.0,1.0,,0.0,0.052504763007164,0.9984436631202698,1.0079985857009888,,,,,,,
3468,,,,,,,,,,,,,,,0.0,1.0,,0.0,0.044969309121370316,0.9983683228492737,1.0079985857009888,,,,,,,
3469,,,,,,,,,,,,,,,0.0,1.0,,0.0,0.03337525576353073,0.9982523322105408,1.0079985857009888,,,,,,,
3470,,,,,,,,,,,,,,,0.0,1.0,,0.0,0.06237965449690819,0.9985424280166626,1.0079985857009888,,,,,,,
3471,,,,,,,,,,,,,,,0.0,1.0,,0.0,0.057304516434669495,0.998491644859314,1.0079985857009888,,,,,,,
3472,,,,,,,,,,,,,,,0.0,1.0,,0.0,0.05936815217137337,0.9985122680664062,1.0079985857009888,,,,,,,
3473,,,,,,,,,,,,,,,0.0,1.0,,0.0,0.07678686827421188,0.9986864924430847,1.0079985857009888,,,,,,,
3474,,,,,,,,,,,,,,,0.0,1.0,,0.0,0.039115212857723236,0.9983097314834595,1.0079985857009888,,,,,,,
3475,,,,,,,,,,,,,,,0.0,1.0,,0.0,0.04561388120055199,0.9983747601509094,1.0079985857009888,,,,,,,
3476,,,,,,,,,,,,,,,0.0,1.0,,0.0,0.0595056526362896,0.9985136389732361,1.0079985857009888,,,,,,,
3477,,,,,,,,,,,,,,,0.0,1.0,,0.0,0.07137558609247208,0.9986323714256287,1.0079985857009888,,,,,,,
3478,,,,,,,,,,,,,,,0.0,1.0,,0.0,0.06366480886936188,0.9985552430152893,1.0079985857009888,,,,,,,
3479,86.0,0.16701121628284454,,0.07884939014911652,0.16701121628284454,0.0,0.16701121628284454,2.436591863632202,0.20853085815906525,5.283125877380371,6.986114501953125,0.9772587418556213,0.9740027785301208,0.7714752554893494,0.0,1.0,,0.0,0.10037367045879364,0.9989223480224609,1.0079985857009888,0.05523839220404625,,,,,,
3480,,,,,,,,,,,,,,,0.0,1.0,,0.0,0.0435844287276268,0.998354434967041,1.0079985857009888,,,,,,,
3481,,,,,,,,,,,,,,,0.0,1.0,,0.0,0.0559060238301754,0.9984776377677917,1.0079985857009888,,,,,,,
3482,,,,,,,,,,,,,,,0.0,1.0,,0.0,0.04895174130797386,0.9984081387519836,1.0079985857009888,,,,,,,
3483,,,,,,,,,,,,,,,0.0,1.0,,0.0,0.03264026343822479,0.9982450008392334,1.0079985857009888,,,,,,,
3484,,,,,,,,,,,,,,,0.0,1.0,,0.0,0.1307261735200882,0.9992258548736572,1.0079985857009888,,,,,,,
3485,,,,,,,,,,,,,,,0.0,1.0,,0.0,0.053585801273584366,0.9984544515609741,1.0079985857009888,,,,,,,
3486,,,,,,,,,,,,,,,0.0,1.0,,0.0,0.039672765880823135,0.9983153343200684,1.0079985857009888,,,,,,,
3487,,,,,,,,,,,,,,,0.0,1.0,,0.0,0.0398976169526577,0.9983175992965698,1.0079985857009888,,,,,,,
3488,,,,,,,,,,,,,,,0.0,1.0,,0.0,0.05403347313404083,0.9984589219093323,1.0079985857009888,,,,,,,
3489,,,,,,,,,,,,,,,0.0,1.0,,0.0,0.07474847137928009,0.9986661076545715,1.0079985857009888,,,,,,,
3490,,,,,,,,,,,,,,,0.0,1.0,,0.0,0.03880508989095688,0.9983066320419312,1.0079985857009888,,,,,,,
3491,,,,,,,,,,,,,,,0.0,1.0,,0.0,0.054391149431467056,0.9984624981880188,1.0079985857009888,,,,,,,
3492,,,,,,,,,,,,,,,0.0,1.0,,0.0,0.056467462331056595,0.9984833002090454,1.0079985857009888,,,,,,,
3493,,,,,,,,,,,,,,,0.0,1.0,,0.0,0.03323317691683769,0.9982509613037109,1.0079985857009888,,,,,,,
3494,,,,,,,,,,,,,,,0.0,1.0,,0.0,0.09407906234264374,0.9988594055175781,1.0079985857009888,,,,,,,
3495,,,,,,,,,,,,,,,0.0,1.0,,0.0,0.039830971509218216,0.9983169436454773,1.0079985857009888,,,,,,,
3496,,,,,,,,,,,,,,,0.0,1.0,,0.0,0.047160860151052475,0.9983901977539062,1.0079985857009888,,,,,,,
3497,,,,,,,,,,,,,,,0.0,1.0,,0.0,0.038059212267398834,0.9982991814613342,1.0079985857009888,,,,,,,
3498,,,,,,,,,,,,,,,0.0,1.0,,0.0,0.08651094883680344,0.9987837076187134,1.0079985857009888,,,,,,,
3499,87.0,0.03749263659119606,,,,,,,,,,,,,0.0,1.0,0.0010000000474974513,0.0,0.03749263659119606,0.9982935190200806,1.0079985857009888,,0.03749263659119606,0.03749263659119606,0.01815628446638584,0.03749263659119606,0.0,0.03749263659119606
3500,,,,,,,,,,,,,,,0.0,1.0,,0.0,0.045632150024175644,0.9983749389648438,1.0079985857009888,,,,,,,
3501,,,,,,,,,,,,,,,0.0,1.0,,0.0,0.04194717854261398,0.9983381032943726,1.0079985857009888,,,,,,,
3502,,,,,,,,,,,,,,,0.0,1.0,,0.0,0.046976782381534576,0.9983883500099182,1.0079985857009888,,,,,,,
3503,,,,,,,,,,,,,,,0.0,1.0,,0.0,0.07429974526166916,0.9986615777015686,1.0079985857009888,,,,,,,
3504,,,,,,,,,,,,,,,0.0,1.0,,0.0,0.052348487079143524,0.9984421133995056,1.0079985857009888,,,,,,,
3505,,,,,,,,,,,,,,,0.0,1.0,,0.0,0.09560222923755646,0.9988746047019958,1.0079985857009888,,,,,,,
3506,,,,,,,,,,,,,,,0.0,1.0,,0.0,0.060844454914331436,0.9985270500183105,1.0079985857009888,,,,,,,
3507,,,,,,,,,,,,,,,0.0,1.0,,0.0,0.03412631154060364,0.9982598423957825,1.0079985857009888,,,,,,,
3508,,,,,,,,,,,,,,,0.0,1.0,,0.0,0.03396711125969887,0.9982582926750183,1.0079985857009888,,,,,,,
3509,,,,,,,,,,,,,,,0.0,1.0,,0.0,0.02852259948849678,0.9982038140296936,1.0079985857009888,,,,,,,
3510,,,,,,,,,,,,,,,0.0,1.0,,0.0,0.03990728408098221,0.9983176589012146,1.0079985857009888,,,,,,,
3511,,,,,,,,,,,,,,,0.0,1.0,,0.0,0.04344230890274048,0.9983530044555664,1.0079985857009888,,,,,,,
3512,,,,,,,,,,,,,,,0.0,1.0,,0.0,0.06673253327608109,0.9985859394073486,1.0079985857009888,,,,,,,
3513,,,,,,,,,,,,,,,0.0,1.0,,0.0,0.050202008336782455,0.9984205961227417,1.0079985857009888,,,,,,,
3514,,,,,,,,,,,,,,,0.0,1.0,,0.0,0.04020032286643982,0.9983205795288086,1.0079985857009888,,,,,,,
3515,,,,,,,,,,,,,,,0.0,1.0,,0.0,0.049019865691661835,0.9984087944030762,1.0079985857009888,,,,,,,
3516,,,,,,,,,,,,,,,0.0,1.0,,0.0,0.08440585434436798,0.9987626671791077,1.0079985857009888,,,,,,,
3517,,,,,,,,,,,,,,,0.0,1.0,,0.0,0.03433196246623993,0.9982619285583496,1.0079985857009888,,,,,,,
3518,,,,,,,,,,,,,,,0.0,1.0,,0.0,0.04079601913690567,0.9983265399932861,1.0079985857009888,,,,,,,
3519,87.0,0.17454011738300323,,0.07644668221473694,0.17454011738300323,0.0,0.17454011738300323,2.4167747497558594,0.21095240116119385,5.1720075607299805,6.645419120788574,0.9769780039787292,0.9737871885299683,0.8573747277259827,0.0,1.0,,0.0,0.06767000257968903,0.9985952973365784,1.0079985857009888,0.05754876136779785,,,,,,
3520,,,,,,,,,,,,,,,0.0,1.0,,0.0,0.053462833166122437,0.9984532594680786,1.0079985857009888,,,,,,,
3521,,,,,,,,,,,,,,,0.0,1.0,,0.0,0.05176052078604698,0.9984362125396729,1.0079985857009888,,,,,,,
3522,,,,,,,,,,,,,,,0.0,1.0,,0.0,0.08259831368923187,0.9987446069717407,1.0079985857009888,,,,,,,
3523,,,,,,,,,,,,,,,0.0,1.0,,0.0,0.06764516979455948,0.9985950589179993,1.0079985857009888,,,,,,,
3524,,,,,,,,,,,,,,,0.0,1.0,,0.0,0.03733455017209053,0.9982919692993164,1.0079985857009888,,,,,,,
3525,,,,,,,,,,,,,,,0.0,1.0,,0.0,0.055298127233982086,0.9984715580940247,1.0079985857009888,,,,,,,
3526,,,,,,,,,,,,,,,0.0,1.0,,0.0,0.05369211360812187,0.9984555244445801,1.0079985857009888,,,,,,,
3527,,,,,,,,,,,,,,,0.0,1.0,,0.0,0.04805208370089531,0.9983991384506226,1.0079985857009888,,,,,,,
3528,,,,,,,,,,,,,,,0.0,1.0,,0.0,0.04330386593937874,0.9983516335487366,1.0079985857009888,,,,,,,
3529,,,,,,,,,,,,,,,0.0,1.0,,0.0,0.0621563084423542,0.9985401630401611,1.0079985857009888,,,,,,,
3530,,,,,,,,,,,,,,,0.0,1.0,,0.0,0.048818908631801605,0.9984067678451538,1.0079985857009888,,,,,,,
3531,,,,,,,,,,,,,,,0.0,1.0,,0.0,0.043196797370910645,0.9983505606651306,1.0079985857009888,,,,,,,
3532,,,,,,,,,,,,,,,0.0,1.0,,0.0,0.04507068544626236,0.9983693361282349,1.0079985857009888,,,,,,,
3533,,,,,,,,,,,,,,,0.0,1.0,,0.0,0.061901528388261795,0.9985376000404358,1.0079985857009888,,,,,,,
3534,,,,,,,,,,,,,,,0.0,1.0,,0.0,0.04341549426317215,0.9983527660369873,1.0079985857009888,,,,,,,
3535,,,,,,,,,,,,,,,0.0,1.0,,0.0,0.0830637663602829,0.9987492561340332,1.0079985857009888,,,,,,,
3536,,,,,,,,,,,,,,,0.0,1.0,,0.0,0.05520746856927872,0.998470664024353,1.0079985857009888,,,,,,,
3537,,,,,,,,,,,,,,,0.0,1.0,,0.0,0.04404287412762642,0.9983590245246887,1.0079985857009888,,,,,,,
3538,,,,,,,,,,,,,,,0.0,1.0,,0.0,0.0598900131881237,0.9985175132751465,1.0079985857009888,,,,,,,
3539,,,,,,,,,,,,,,,0.0,1.0,,0.0,0.036490436643362045,0.9982835054397583,1.0079985857009888,,,,,,,
3540,,,,,,,,,,,,,,,0.0,1.0,,0.0,0.037620507180690765,0.9982948303222656,1.0079985857009888,,,,,,,
3541,,,,,,,,,,,,,,,0.0,1.0,,0.0,0.035285960882902145,0.9982714653015137,1.0079985857009888,,,,,,,
3542,,,,,,,,,,,,,,,0.0,1.0,,0.0,0.04105992987751961,0.998329222202301,1.0079985857009888,,,,,,,
3543,,,,,,,,,,,,,,,0.0,1.0,,0.0,0.044634755700826645,0.9983649253845215,1.0079985857009888,,,,,,,
3544,,,,,,,,,,,,,,,0.0,1.0,,0.0,0.03602771461009979,0.9982788562774658,1.0079985857009888,,,,,,,
3545,,,,,,,,,,,,,,,0.0,1.0,,0.0,0.030058054253458977,0.9982191920280457,1.0079985857009888,,,,,,,
3546,,,,,,,,,,,,,,,0.0,1.0,,0.0,0.053649790585041046,0.9984551072120667,1.0079985857009888,,,,,,,
3547,,,,,,,,,,,,,,,0.0,1.0,,0.0,0.09482026845216751,0.9988667964935303,1.0079985857009888,,,,,,,
3548,,,,,,,,,,,,,,,0.0,1.0,,0.0,0.02873930148780346,0.9982060194015503,1.0079985857009888,,,,,,,
3549,88.0,0.03408314287662506,,,,,,,,,,,,,0.0,1.0,0.0010000000474974513,0.0,0.03408314287662506,0.998259425163269,1.0079985857009888,,0.03408314287662506,0.03408314287662506,0.016526799649000168,0.03408314287662506,0.0,0.03408314287662506
3550,,,,,,,,,,,,,,,0.0,1.0,,0.0,0.04878561943769455,0.9984064698219299,1.0079985857009888,,,,,,,
3551,,,,,,,,,,,,,,,0.0,1.0,,0.0,0.057415205985307693,0.9984927773475647,1.0079985857009888,,,,,,,
3552,,,,,,,,,,,,,,,0.0,1.0,,0.0,0.0726546198129654,0.9986451268196106,1.0079985857009888,,,,,,,
3553,,,,,,,,,,,,,,,0.0,1.0,,0.0,0.03966524824500084,0.9983152747154236,1.0079985857009888,,,,,,,
3554,,,,,,,,,,,,,,,0.0,1.0,,0.0,0.06843620538711548,0.9986029863357544,1.0079985857009888,,,,,,,
3555,,,,,,,,,,,,,,,0.0,1.0,,0.0,0.04255220666527748,0.9983441233634949,1.0079985857009888,,,,,,,
3556,,,,,,,,,,,,,,,0.0,1.0,,0.0,0.0359337255358696,0.9982779622077942,1.0079985857009888,,,,,,,
3557,,,,,,,,,,,,,,,0.0,1.0,,0.0,0.039244141429662704,0.9983110427856445,1.0079985857009888,,,,,,,
3558,,,,,,,,,,,,,,,0.0,1.0,,0.0,0.06575017422437668,0.9985761046409607,1.0079985857009888,,,,,,,
3559,88.0,0.27216848731040955,,0.1172117069363594,0.27216848731040955,0.0,0.27216848731040955,2.6398136615753174,0.23552460968494415,5.694165229797363,7.227885723114014,0.9761770963668823,0.9724823832511902,0.914782702922821,0.0,1.0,,0.0,0.08207523077726364,0.9987393617630005,1.0079985857009888,0.05372816324234009,,,,,,
3560,,,,,,,,,,,,,,,0.0,1.0,,0.0,0.051511432975530624,0.9984337091445923,1.0079985857009888,,,,,,,
3561,,,,,,,,,,,,,,,0.0,1.0,,0.0,0.06446785479784012,0.998563289642334,1.0079985857009888,,,,,,,
3562,,,,,,,,,,,,,,,0.0,1.0,,0.0,0.03922394663095474,0.9983108639717102,1.0079985857009888,,,,,,,
3563,,,,,,,,,,,,,,,0.0,1.0,,0.0,0.06703247874975204,0.9985889196395874,1.0079985857009888,,,,,,,
3564,,,,,,,,,,,,,,,0.0,1.0,,0.0,0.06029083952307701,0.9985215067863464,1.0079985857009888,,,,,,,
3565,,,,,,,,,,,,,,,0.0,1.0,,0.0,0.057504139840602875,0.9984936714172363,1.0079985857009888,,,,,,,
3566,,,,,,,,,,,,,,,0.0,1.0,,0.0,0.07902944833040237,0.9987089037895203,1.0079985857009888,,,,,,,
3567,,,,,,,,,,,,,,,0.0,1.0,,0.0,0.20718835294246674,0.9999904632568359,1.0079985857009888,,,,,,,
3568,,,,,,,,,,,,,,,0.0,1.0,,0.0,0.07748503983020782,0.9986934661865234,1.0079985857009888,,,,,,,
3569,,,,,,,,,,,,,,,0.0,1.0,,0.0,0.05789770558476448,0.9984976053237915,1.0079985857009888,,,,,,,
3570,,,,,,,,,,,,,,,0.0,1.0,,0.0,0.043711863458156586,0.9983557462692261,1.0079985857009888,,,,,,,
3571,,,,,,,,,,,,,,,0.0,1.0,,0.0,0.08486108481884003,0.9987671971321106,1.0079985857009888,,,,,,,
3572,,,,,,,,,,,,,,,0.0,1.0,,0.0,0.09800246357917786,0.9988986253738403,1.0079985857009888,,,,,,,
3573,,,,,,,,,,,,,,,0.0,1.0,,0.0,0.047126442193984985,0.9983898997306824,1.0079985857009888,,,,,,,
3574,,,,,,,,,,,,,,,0.0,1.0,,0.0,0.03808383643627167,0.9982994198799133,1.0079985857009888,,,,,,,
3575,,,,,,,,,,,,,,,0.0,1.0,,0.0,0.0593176893889904,0.998511791229248,1.0079985857009888,,,,,,,
3576,,,,,,,,,,,,,,,0.0,1.0,,0.0,0.05647481232881546,0.9984833598136902,1.0079985857009888,,,,,,,
3577,,,,,,,,,,,,,,,0.0,1.0,,0.0,0.052101507782936096,0.998439610004425,1.0079985857009888,,,,,,,
3578,,,,,,,,,,,,,,,0.0,1.0,,0.0,0.04605035483837128,0.998379111289978,1.0079985857009888,,,,,,,
3579,,,,,,,,,,,,,,,0.0,1.0,,0.0,0.04558891803026199,0.9983745217323303,1.0079985857009888,,,,,,,
3580,,,,,,,,,,,,,,,0.0,1.0,,0.0,0.06806527078151703,0.9985992312431335,1.0079985857009888,,,,,,,
3581,,,,,,,,,,,,,,,0.0,1.0,,0.0,0.05823972076177597,0.9985010027885437,1.0079985857009888,,,,,,,
3582,,,,,,,,,,,,,,,0.0,1.0,,0.0,0.04911360144615173,0.9984097480773926,1.0079985857009888,,,,,,,
3583,,,,,,,,,,,,,,,0.0,1.0,,0.0,0.050050038844347,0.9984191060066223,1.0079985857009888,,,,,,,
3584,,,,,,,,,,,,,,,0.0,1.0,,0.0,0.08861462026834488,0.9988047480583191,1.0079985857009888,,,,,,,
3585,,,,,,,,,,,,,,,0.0,1.0,,0.0,0.03983496502041817,0.9983169436454773,1.0079985857009888,,,,,,,
3586,,,,,,,,,,,,,,,0.0,1.0,,0.0,0.04982129484415054,0.9984168410301208,1.0079985857009888,,,,,,,
3587,,,,,,,,,,,,,,,0.0,1.0,,0.0,0.05662141367793083,0.9984847903251648,1.0079985857009888,,,,,,,
3588,,,,,,,,,,,,,,,0.0,1.0,,0.0,0.09503445029258728,0.9988689422607422,1.0079985857009888,,,,,,,
3589,,,,,,,,,,,,,,,0.0,1.0,,0.0,0.06867583841085434,0.9986053705215454,1.0079985857009888,,,,,,,
3590,,,,,,,,,,,,,,,0.0,1.0,,0.0,0.0435686856508255,0.9983543157577515,1.0079985857009888,,,,,,,
3591,,,,,,,,,,,,,,,0.0,1.0,,0.0,0.07863311469554901,0.9987049102783203,1.0079985857009888,,,,,,,
3592,,,,,,,,,,,,,,,0.0,1.0,,0.0,0.060435567051172256,0.998522937297821,1.0079985857009888,,,,,,,
3593,,,,,,,,,,,,,,,0.0,1.0,,0.0,0.05977054685354233,0.998516321182251,1.0079985857009888,,,,,,,
3594,,,,,,,,,,,,,,,0.0,1.0,,0.0,0.05068833753466606,0.9984254837036133,1.0079985857009888,,,,,,,
3595,,,,,,,,,,,,,,,0.0,1.0,,0.0,0.04881840571761131,0.9984067678451538,1.0079985857009888,,,,,,,
3596,,,,,,,,,,,,,,,0.0,1.0,,0.0,0.07740992307662964,0.9986926913261414,1.0079985857009888,,,,,,,
3597,,,,,,,,,,,,,,,0.0,1.0,,0.0,0.04407719895243645,0.9983593821525574,1.0079985857009888,,,,,,,
3598,,,,,,,,,,,,,,,0.0,1.0,,0.0,0.04524020850658417,0.9983710050582886,1.0079985857009888,,,,,,,
3599,89.0,0.20891302824020386,,0.09257237613201141,0.20891302824020386,0.0,0.20891302824020386,2.3907675743103027,0.20524440705776215,5.211370468139648,6.65990686416626,0.977470874786377,0.9743159413337708,0.8003343939781189,0.0,1.0,0.0010000000474974513,0.0,0.09590635448694229,0.9988776445388794,1.0079985857009888,0.060607679188251495,0.09590635448694229,0.09590635448694229,0.04132768511772156,0.09590635448694229,0.0,0.09590635448694229
3600,,,,,,,,,,,,,,,0.0,1.0,,0.0,0.056029751896858215,0.998478889465332,1.0079985857009888,,,,,,,
3601,,,,,,,,,,,,,,,0.0,1.0,,0.0,0.11120560765266418,0.9990306496620178,1.0079985857009888,,,,,,,
3602,,,,,,,,,,,,,,,0.0,1.0,,0.0,0.06313721835613251,0.9985499978065491,1.0079985857009888,,,,,,,
3603,,,,,,,,,,,,,,,0.0,1.0,,0.0,0.09446973353624344,0.9988632798194885,1.0079985857009888,,,,,,,
3604,,,,,,,,,,,,,,,0.0,1.0,,0.0,0.06941775232553482,0.9986127614974976,1.0079985857009888,,,,,,,
3605,,,,,,,,,,,,,,,0.0,1.0,,0.0,0.132945716381073,0.9992480874061584,1.0079985857009888,,,,,,,
3606,,,,,,,,,,,,,,,0.0,1.0,,0.0,0.05066906288266182,0.998425304889679,1.0079985857009888,,,,,,,
3607,,,,,,,,,,,,,,,0.0,1.0,,0.0,0.07394503802061081,0.9986580610275269,1.0079985857009888,,,,,,,
3608,,,,,,,,,,,,,,,0.0,1.0,,0.0,0.04869512468576431,0.9984055757522583,1.0079985857009888,,,,,,,
3609,,,,,,,,,,,,,,,0.0,1.0,,0.0,0.07296495139598846,0.9986482262611389,1.0079985857009888,,,,,,,
3610,,,,,,,,,,,,,,,0.0,1.0,,0.0,0.03457042574882507,0.9982643127441406,1.0079985857009888,,,,,,,
3611,,,,,,,,,,,,,,,0.0,1.0,,0.0,0.06180611625313759,0.9985366463661194,1.0079985857009888,,,,,,,
3612,,,,,,,,,,,,,,,0.0,1.0,,0.0,0.04414820298552513,0.9983600974082947,1.0079985857009888,,,,,,,
3613,,,,,,,,,,,,,,,0.0,1.0,,0.0,0.06373124569654465,0.9985558986663818,1.0079985857009888,,,,,,,
3614,,,,,,,,,,,,,,,0.0,1.0,,0.0,0.026108568534255028,0.9981796741485596,1.0079985857009888,,,,,,,
3615,,,,,,,,,,,,,,,0.0,1.0,,0.0,0.08864881098270416,0.9988051056861877,1.0079985857009888,,,,,,,
3616,,,,,,,,,,,,,,,0.0,1.0,,0.0,0.06529975682497025,0.9985715746879578,1.0079985857009888,,,,,,,
3617,,,,,,,,,,,,,,,0.0,1.0,,0.0,0.06027301400899887,0.9985213279724121,1.0079985857009888,,,,,,,
3618,,,,,,,,,,,,,,,0.0,1.0,,0.0,0.09955143928527832,0.9989141225814819,1.0079985857009888,,,,,,,
3619,,,,,,,,,,,,,,,0.0,1.0,,0.0,0.04387703537940979,0.998357355594635,1.0079985857009888,,,,,,,
3620,,,,,,,,,,,,,,,0.0,1.0,,0.0,0.06862533837556839,0.9986048340797424,1.0079985857009888,,,,,,,
3621,,,,,,,,,,,,,,,0.0,1.0,,0.0,0.07164385169744492,0.9986350536346436,1.0079985857009888,,,,,,,
3622,,,,,,,,,,,,,,,0.0,1.0,,0.0,0.07077296823263168,0.9986263513565063,1.0079985857009888,,,,,,,
3623,,,,,,,,,,,,,,,0.0,1.0,,0.0,0.04955173283815384,0.9984140992164612,1.0079985857009888,,,,,,,
3624,,,,,,,,,,,,,,,0.0,1.0,,0.0,0.08770841360092163,0.9987956881523132,1.0079985857009888,,,,,,,
3625,,,,,,,,,,,,,,,0.0,1.0,,0.0,0.05944553762674332,0.9985130429267883,1.0079985857009888,,,,,,,
3626,,,,,,,,,,,,,,,0.0,1.0,,0.0,0.026666585355997086,0.9981852769851685,1.0079985857009888,,,,,,,
3627,,,,,,,,,,,,,,,0.0,1.0,,0.0,0.03768583759665489,0.9982954859733582,1.0079985857009888,,,,,,,
3628,,,,,,,,,,,,,,,0.0,1.0,,0.0,0.074412040412426,0.9986627101898193,1.0079985857009888,,,,,,,
3629,,,,,,,,,,,,,,,0.0,1.0,,0.0,0.0481782965362072,0.9984003901481628,1.0079985857009888,,,,,,,
3630,,,,,,,,,,,,,,,0.0,1.0,,0.0,0.03162171691656113,0.9982348084449768,1.0079985857009888,,,,,,,
3631,,,,,,,,,,,,,,,0.0,1.0,,0.0,0.03421441838145256,0.9982607364654541,1.0079985857009888,,,,,,,
3632,,,,,,,,,,,,,,,0.0,1.0,,0.0,0.03078322485089302,0.9982264637947083,1.0079985857009888,,,,,,,
3633,,,,,,,,,,,,,,,0.0,1.0,,0.0,0.038138046860694885,0.9983000159263611,1.0079985857009888,,,,,,,
3634,,,,,,,,,,,,,,,0.0,1.0,,0.0,0.027628161013126373,0.9981948733329773,1.0079985857009888,,,,,,,
3635,,,,,,,,,,,,,,,0.0,1.0,,0.0,0.032950978726148605,0.9982481002807617,1.0079985857009888,,,,,,,
3636,,,,,,,,,,,,,,,0.0,1.0,,0.0,0.0330466665327549,0.9982490539550781,1.0079985857009888,,,,,,,
3637,,,,,,,,,,,,,,,0.0,1.0,,0.0,0.06099196895956993,0.9985285401344299,1.0079985857009888,,,,,,,
3638,,,,,,,,,,,,,,,0.0,1.0,,0.0,0.04037904739379883,0.9983223676681519,1.0079985857009888,,,,,,,
3639,90.0,0.16252680122852325,,0.07249091565608978,0.16252680122852325,0.0,0.16252680122852325,2.336495876312256,0.2032681256532669,4.9800920486450195,6.346258640289307,0.9773553013801575,0.9743021130561829,0.9963354468345642,0.0,1.0,,0.0,0.07720830291509628,0.998690664768219,1.0079985857009888,0.051803942769765854,,,,,,
3640,,,,,,,,,,,,,,,0.0,1.0,,0.0,0.052023280411958694,0.998438835144043,1.0079985857009888,,,,,,,
3641,,,,,,,,,,,,,,,0.0,1.0,,0.0,0.032016653567552567,0.9982388019561768,1.0079985857009888,,,,,,,
3642,,,,,,,,,,,,,,,0.0,1.0,,0.0,0.03819657862186432,0.9983005523681641,1.0079985857009888,,,,,,,
3643,,,,,,,,,,,,,,,0.0,1.0,,0.0,0.0341014489531517,0.9982596039772034,1.0079985857009888,,,,,,,
3644,,,,,,,,,,,,,,,0.0,1.0,,0.0,0.08337227255105972,0.9987523555755615,1.0079985857009888,,,,,,,
3645,,,,,,,,,,,,,,,0.0,1.0,,0.0,0.08005673438310623,0.9987191557884216,1.0079985857009888,,,,,,,
3646,,,,,,,,,,,,,,,0.0,1.0,,0.0,0.03671756759285927,0.9982857704162598,1.0079985857009888,,,,,,,
3647,,,,,,,,,,,,,,,0.0,1.0,,0.0,0.03681769594550133,0.998286783695221,1.0079985857009888,,,,,,,
3648,,,,,,,,,,,,,,,0.0,1.0,,0.0,0.03226512297987938,0.9982412457466125,1.0079985857009888,,,,,,,
3649,91.0,0.0293530635535717,,,,,,,,,,,,,0.0,1.0,0.0010000000474974513,0.0,0.0293530635535717,0.9982121586799622,1.0079985857009888,,0.0293530635535717,0.0293530635535717,0.014591865241527557,0.0293530635535717,0.0,0.0293530635535717
3650,,,,,,,,,,,,,,,0.0,1.0,,0.0,0.031194476410746574,0.9982305765151978,1.0079985857009888,,,,,,,
3651,,,,,,,,,,,,,,,0.0,1.0,,0.0,0.024510426446795464,0.9981637001037598,1.0079985857009888,,,,,,,
3652,,,,,,,,,,,,,,,0.0,1.0,,0.0,0.02835036627948284,0.9982020854949951,1.0079985857009888,,,,,,,
3653,,,,,,,,,,,,,,,0.0,1.0,,0.0,0.035607170313596725,0.9982746839523315,1.0079985857009888,,,,,,,
3654,,,,,,,,,,,,,,,0.0,1.0,,0.0,0.046680424362421036,0.9983854293823242,1.0079985857009888,,,,,,,
3655,,,,,,,,,,,,,,,0.0,1.0,,0.0,0.034162964671850204,0.9982602596282959,1.0079985857009888,,,,,,,
3656,,,,,,,,,,,,,,,0.0,1.0,,0.0,0.04230550676584244,0.9983416795730591,1.0079985857009888,,,,,,,
3657,,,,,,,,,,,,,,,0.0,1.0,,0.0,0.044548965990543365,0.9983640909194946,1.0079985857009888,,,,,,,
3658,,,,,,,,,,,,,,,0.0,1.0,,0.0,0.047315970063209534,0.9983917474746704,1.0079985857009888,,,,,,,
3659,,,,,,,,,,,,,,,0.0,1.0,,0.0,0.050588417798280716,0.9984244704246521,1.0079985857009888,,,,,,,
3660,,,,,,,,,,,,,,,0.0,1.0,,0.0,0.03860040381550789,0.9983046054840088,1.0079985857009888,,,,,,,
3661,,,,,,,,,,,,,,,0.0,1.0,,0.0,0.025214508175849915,0.9981707334518433,1.0079985857009888,,,,,,,
3662,,,,,,,,,,,,,,,0.0,1.0,,0.0,0.1420677751302719,0.9993392825126648,1.0079985857009888,,,,,,,
3663,,,,,,,,,,,,,,,0.0,1.0,,0.0,0.10252644121646881,0.9989438652992249,1.0079985857009888,,,,,,,
3664,,,,,,,,,,,,,,,0.0,1.0,,0.0,0.03237435221672058,0.9982423782348633,1.0079985857009888,,,,,,,
3665,,,,,,,,,,,,,,,0.0,1.0,,0.0,0.0919003114104271,0.9988375902175903,1.0079985857009888,,,,,,,
3666,,,,,,,,,,,,,,,0.0,1.0,,0.0,0.038676466792821884,0.9983053803443909,1.0079985857009888,,,,,,,
3667,,,,,,,,,,,,,,,0.0,1.0,,0.0,0.10024984925985336,0.9989210963249207,1.0079985857009888,,,,,,,
3668,,,,,,,,,,,,,,,0.0,1.0,,0.0,0.09044608473777771,0.9988230466842651,1.0079985857009888,,,,,,,
3669,,,,,,,,,,,,,,,0.0,1.0,,0.0,0.055885154753923416,0.9984774589538574,1.0079985857009888,,,,,,,
3670,,,,,,,,,,,,,,,0.0,1.0,,0.0,0.04838254675269127,0.9984024167060852,1.0079985857009888,,,,,,,
3671,,,,,,,,,,,,,,,0.0,1.0,,0.0,0.03720920905470848,0.9982907176017761,1.0079985857009888,,,,,,,
3672,,,,,,,,,,,,,,,0.0,1.0,,0.0,0.030366407707333565,0.998222291469574,1.0079985857009888,,,,,,,
3673,,,,,,,,,,,,,,,0.0,1.0,,0.0,0.0772947147488594,0.9986915588378906,1.0079985857009888,,,,,,,
3674,,,,,,,,,,,,,,,0.0,1.0,,0.0,0.04700075089931488,0.9983885884284973,1.0079985857009888,,,,,,,
3675,,,,,,,,,,,,,,,0.0,1.0,,0.0,0.027602436020970345,0.9981946349143982,1.0079985857009888,,,,,,,
3676,,,,,,,,,,,,,,,0.0,1.0,,0.0,0.04203285649418831,0.9983389377593994,1.0079985857009888,,,,,,,
3677,,,,,,,,,,,,,,,0.0,1.0,,0.0,0.033146098256111145,0.9982500672340393,1.0079985857009888,,,,,,,
3678,,,,,,,,,,,,,,,0.0,1.0,,0.0,0.04853537306189537,0.9984039664268494,1.0079985857009888,,,,,,,
3679,91.0,0.16352097690105438,,0.07655446976423264,0.16352097690105438,0.0,0.16352097690105438,2.4091293811798096,0.20299619436264038,5.215478420257568,6.555015563964844,0.9768801927566528,0.9735997915267944,0.8056687712669373,0.0,1.0,,0.0,0.03412705287337303,0.9982599020004272,1.0079985857009888,0.04942022264003754,,,,,,
3680,,,,,,,,,,,,,,,0.0,1.0,,0.0,0.11686001718044281,0.9990872144699097,1.0079985857009888,,,,,,,
3681,,,,,,,,,,,,,,,0.0,1.0,,0.0,0.04464995115995407,0.9983651041984558,1.0079985857009888,,,,,,,
3682,,,,,,,,,,,,,,,0.0,1.0,,0.0,0.07480858266353607,0.9986667037010193,1.0079985857009888,,,,,,,
3683,,,,,,,,,,,,,,,0.0,1.0,,0.0,0.03706425800919533,0.9982892274856567,1.0079985857009888,,,,,,,
3684,,,,,,,,,,,,,,,0.0,1.0,,0.0,0.035764630883932114,0.9982762336730957,1.0079985857009888,,,,,,,
3685,,,,,,,,,,,,,,,0.0,1.0,,0.0,0.05497827008366585,0.9984683990478516,1.0079985857009888,,,,,,,
3686,,,,,,,,,,,,,,,0.0,1.0,,0.0,0.06720928102731705,0.9985907077789307,1.0079985857009888,,,,,,,
3687,,,,,,,,,,,,,,,0.0,1.0,,0.0,0.03881704434752464,0.9983067512512207,1.0079985857009888,,,,,,,
3688,,,,,,,,,,,,,,,0.0,1.0,,0.0,0.0508345402777195,0.9984269738197327,1.0079985857009888,,,,,,,
3689,,,,,,,,,,,,,,,0.0,1.0,,0.0,0.028365492820739746,0.9982022643089294,1.0079985857009888,,,,,,,
3690,,,,,,,,,,,,,,,0.0,1.0,,0.0,0.028950611129403114,0.9982081055641174,1.0079985857009888,,,,,,,
3691,,,,,,,,,,,,,,,0.0,1.0,,0.0,0.04435531049966812,0.9983621835708618,1.0079985857009888,,,,,,,
3692,,,,,,,,,,,,,,,0.0,1.0,,0.0,0.080699123442173,0.9987255930900574,1.0079985857009888,,,,,,,
3693,,,,,,,,,,,,,,,0.0,1.0,,0.0,0.0522533617913723,0.9984411597251892,1.0079985857009888,,,,,,,
3694,,,,,,,,,,,,,,,0.0,1.0,,0.0,0.06680156290531158,0.9985865950584412,1.0079985857009888,,,,,,,
3695,,,,,,,,,,,,,,,0.0,1.0,,0.0,0.03458772972226143,0.998264491558075,1.0079985857009888,,,,,,,
3696,,,,,,,,,,,,,,,0.0,1.0,,0.0,0.04267038032412529,0.9983453154563904,1.0079985857009888,,,,,,,
3697,,,,,,,,,,,,,,,0.0,1.0,,0.0,0.05656614154577255,0.9984842538833618,1.0079985857009888,,,,,,,
3698,,,,,,,,,,,,,,,0.0,1.0,,0.0,0.038814425468444824,0.9983067512512207,1.0079985857009888,,,,,,,
3699,92.0,0.11738228052854538,,,,,,,,,,,,,0.0,1.0,0.0010000000474974513,0.0,0.11738228052854538,0.9990924000740051,1.0079985857009888,,0.11738228052854538,0.11738228052854538,0.04623715206980705,0.11738228052854538,0.0,0.11738228052854538
3700,,,,,,,,,,,,,,,0.0,1.0,,0.0,0.0371408611536026,0.9982900023460388,1.0079985857009888,,,,,,,
3701,,,,,,,,,,,,,,,0.0,1.0,,0.0,0.1344286948442459,0.9992628693580627,1.0079985857009888,,,,,,,
3702,,,,,,,,,,,,,,,0.0,1.0,,0.0,0.09842926263809204,0.9989029169082642,1.0079985857009888,,,,,,,
3703,,,,,,,,,,,,,,,0.0,1.0,,0.0,0.05445482209324837,0.9984631538391113,1.0079985857009888,,,,,,,
3704,,,,,,,,,,,,,,,0.0,1.0,,0.0,0.032760314643383026,0.9982461929321289,1.0079985857009888,,,,,,,
3705,,,,,,,,,,,,,,,0.0,1.0,,0.0,0.06016864627599716,0.9985203146934509,1.0079985857009888,,,,,,,
3706,,,,,,,,,,,,,,,0.0,1.0,,0.0,0.03639216348528862,0.9982825517654419,1.0079985857009888,,,,,,,
3707,,,,,,,,,,,,,,,0.0,1.0,,0.0,0.03312729299068451,0.998249888420105,1.0079985857009888,,,,,,,
3708,,,,,,,,,,,,,,,0.0,1.0,,0.0,0.03617928922176361,0.99828040599823,1.0079985857009888,,,,,,,
3709,,,,,,,,,,,,,,,0.0,1.0,,0.0,0.051336247473955154,0.9984319806098938,1.0079985857009888,,,,,,,
3710,,,,,,,,,,,,,,,0.0,1.0,,0.0,0.11239343881607056,0.9990425109863281,1.0079985857009888,,,,,,,
3711,,,,,,,,,,,,,,,0.0,1.0,,0.0,0.03908725082874298,0.9983094930648804,1.0079985857009888,,,,,,,
3712,,,,,,,,,,,,,,,0.0,1.0,,0.0,0.043782517313957214,0.9983564019203186,1.0079985857009888,,,,,,,
3713,,,,,,,,,,,,,,,0.0,1.0,,0.0,0.032487817108631134,0.998243510723114,1.0079985857009888,,,,,,,
3714,,,,,,,,,,,,,,,0.0,1.0,,0.0,0.04998018592596054,0.998418390750885,1.0079985857009888,,,,,,,
3715,,,,,,,,,,,,,,,0.0,1.0,,0.0,0.050136908888816833,0.998420000076294,1.0079985857009888,,,,,,,
3716,,,,,,,,,,,,,,,0.0,1.0,,0.0,0.07595933973789215,0.9986782073974609,1.0079985857009888,,,,,,,
3717,,,,,,,,,,,,,,,0.0,1.0,,0.0,0.04566335305571556,0.9983752369880676,1.0079985857009888,,,,,,,
3718,,,,,,,,,,,,,,,0.0,1.0,,0.0,0.05277780815958977,0.9984464049339294,1.0079985857009888,,,,,,,
3719,92.0,0.21083083748817444,,0.09362679719924927,0.21083083748817444,0.0,0.21083083748817444,2.5939178466796875,0.22819778323173523,5.63165807723999,7.194180488586426,0.9764251708984375,0.9730027318000793,0.9816972017288208,0.0,1.0,,0.0,0.08204974979162216,0.9987391233444214,1.0079985857009888,0.054234083741903305,,,,,,
3720,,,,,,,,,,,,,,,0.0,1.0,,0.0,0.06998225301504135,0.9986184239387512,1.0079985857009888,,,,,,,
3721,,,,,,,,,,,,,,,0.0,1.0,,0.0,0.05900386720895767,0.998508632183075,1.0079985857009888,,,,,,,
3722,,,,,,,,,,,,,,,0.0,1.0,,0.0,0.0749669298529625,0.9986682534217834,1.0079985857009888,,,,,,,
3723,,,,,,,,,,,,,,,0.0,1.0,,0.0,0.04828662797808647,0.9984014630317688,1.0079985857009888,,,,,,,
3724,,,,,,,,,,,,,,,0.0,1.0,,0.0,0.0885537788271904,0.9988041520118713,1.0079985857009888,,,,,,,
3725,,,,,,,,,,,,,,,0.0,1.0,,0.0,0.07883891463279724,0.9987069964408875,1.0079985857009888,,,,,,,
3726,,,,,,,,,,,,,,,0.0,1.0,,0.0,0.038526635617017746,0.9983038902282715,1.0079985857009888,,,,,,,
3727,,,,,,,,,,,,,,,0.0,1.0,,0.0,0.07221926748752594,0.998640775680542,1.0079985857009888,,,,,,,
3728,,,,,,,,,,,,,,,0.0,1.0,,0.0,0.03141321614384651,0.9982327222824097,1.0079985857009888,,,,,,,
3729,,,,,,,,,,,,,,,0.0,1.0,,0.0,0.03958182409405708,0.9983144402503967,1.0079985857009888,,,,,,,
3730,,,,,,,,,,,,,,,0.0,1.0,,0.0,0.06318681687116623,0.9985504746437073,1.0079985857009888,,,,,,,
3731,,,,,,,,,,,,,,,0.0,1.0,,0.0,0.03417844697833061,0.9982603788375854,1.0079985857009888,,,,,,,
3732,,,,,,,,,,,,,,,0.0,1.0,,0.0,0.05051099881529808,0.99842369556427,1.0079985857009888,,,,,,,
3733,,,,,,,,,,,,,,,0.0,1.0,,0.0,0.03414004668593407,0.9982600212097168,1.0079985857009888,,,,,,,
3734,,,,,,,,,,,,,,,0.0,1.0,,0.0,0.03841347619891167,0.9983027577400208,1.0079985857009888,,,,,,,
3735,,,,,,,,,,,,,,,0.0,1.0,,0.0,0.08600755035877228,0.9987787008285522,1.0079985857009888,,,,,,,
3736,,,,,,,,,,,,,,,0.0,1.0,,0.0,0.060501303523778915,0.9985235929489136,1.0079985857009888,,,,,,,
3737,,,,,,,,,,,,,,,0.0,1.0,,0.0,0.04312372952699661,0.9983498454093933,1.0079985857009888,,,,,,,
3738,,,,,,,,,,,,,,,0.0,1.0,,0.0,0.0574040412902832,0.9984926581382751,1.0079985857009888,,,,,,,
3739,,,,,,,,,,,,,,,0.0,1.0,,0.0,0.033479686826467514,0.9982534050941467,1.0079985857009888,,,,,,,
3740,,,,,,,,,,,,,,,0.0,1.0,,0.0,0.05660988762974739,0.99848473072052,1.0079985857009888,,,,,,,
3741,,,,,,,,,,,,,,,0.0,1.0,,0.0,0.06786337494850159,0.998597264289856,1.0079985857009888,,,,,,,
3742,,,,,,,,,,,,,,,0.0,1.0,,0.0,0.058223139494657516,0.9985008239746094,1.0079985857009888,,,,,,,
3743,,,,,,,,,,,,,,,0.0,1.0,,0.0,0.03935277462005615,0.9983121156692505,1.0079985857009888,,,,,,,
3744,,,,,,,,,,,,,,,0.0,1.0,,0.0,0.02890290506184101,0.9982076287269592,1.0079985857009888,,,,,,,
3745,,,,,,,,,,,,,,,0.0,1.0,,0.0,0.07978419214487076,0.9987164735794067,1.0079985857009888,,,,,,,
3746,,,,,,,,,,,,,,,0.0,1.0,,0.0,0.09882187843322754,0.9989068508148193,1.0079985857009888,,,,,,,
3747,,,,,,,,,,,,,,,0.0,1.0,,0.0,0.030593141913414,0.9982245564460754,1.0079985857009888,,,,,,,
3748,,,,,,,,,,,,,,,0.0,1.0,,0.0,0.044271934777498245,0.998361349105835,1.0079985857009888,,,,,,,
3749,93.0,0.03925841674208641,,,,,,,,,,,,,0.0,1.0,0.0010000000474974513,0.0,0.03925841674208641,0.9983111619949341,1.0079985857009888,,0.03925841674208641,0.03925841674208641,0.016858581453561783,0.03925841674208641,0.0,0.03925841674208641
3750,,,,,,,,,,,,,,,0.0,1.0,,0.0,0.04339038208127022,0.9983525276184082,1.0079985857009888,,,,,,,
3751,,,,,,,,,,,,,,,0.0,1.0,,0.0,0.051863230764865875,0.998437225818634,1.0079985857009888,,,,,,,
3752,,,,,,,,,,,,,,,0.0,1.0,,0.0,0.047269389033317566,0.9983912706375122,1.0079985857009888,,,,,,,
3753,,,,,,,,,,,,,,,0.0,1.0,,0.0,0.056338176131248474,0.9984819889068604,1.0079985857009888,,,,,,,
3754,,,,,,,,,,,,,,,0.0,1.0,,0.0,0.045025840401649475,0.9983688592910767,1.0079985857009888,,,,,,,
3755,,,,,,,,,,,,,,,0.0,1.0,,0.0,0.046441514045000076,0.9983830451965332,1.0079985857009888,,,,,,,
3756,,,,,,,,,,,,,,,0.0,1.0,,0.0,0.028470302000641823,0.9982033371925354,1.0079985857009888,,,,,,,
3757,,,,,,,,,,,,,,,0.0,1.0,,0.0,0.0691530629992485,0.9986101388931274,1.0079985857009888,,,,,,,
3758,,,,,,,,,,,,,,,0.0,1.0,,0.0,0.11508265882730484,0.9990694522857666,1.0079985857009888,,,,,,,
3759,93.0,0.13481222093105316,,0.06499475240707397,0.13481222093105316,0.0,0.13481222093105316,2.0802533626556396,0.1768932342529297,4.48417329788208,5.788386344909668,0.9783344268798828,0.9757272601127625,0.7647349834442139,0.0,1.0,,0.0,0.3231101334095001,1.0011496543884277,1.0079985857009888,0.05499035492539406,,,,,,
3760,,,,,,,,,,,,,,,0.0,1.0,,0.0,0.04932456836104393,0.9984118342399597,1.0079985857009888,,,,,,,
3761,,,,,,,,,,,,,,,0.0,1.0,,0.0,0.038240984082221985,0.9983010292053223,1.0079985857009888,,,,,,,
3762,,,,,,,,,,,,,,,0.0,1.0,,0.0,0.049684517085552216,0.998415470123291,1.0079985857009888,,,,,,,
3763,,,,,,,,,,,,,,,0.0,1.0,,0.0,0.03883402422070503,0.998306930065155,1.0079985857009888,,,,,,,
3764,,,,,,,,,,,,,,,0.0,1.0,,0.0,0.05303249508142471,0.99844890832901,1.0079985857009888,,,,,,,
3765,,,,,,,,,,,,,,,0.0,1.0,,0.0,0.10340417176485062,0.9989526271820068,1.0079985857009888,,,,,,,
3766,,,,,,,,,,,,,,,0.0,1.0,,0.0,0.04095315933227539,0.9983281493186951,1.0079985857009888,,,,,,,
3767,,,,,,,,,,,,,,,0.0,1.0,,0.0,0.056690607219934464,0.9984855055809021,1.0079985857009888,,,,,,,
3768,,,,,,,,,,,,,,,0.0,1.0,,0.0,0.06793636083602905,0.9985979795455933,1.0079985857009888,,,,,,,
3769,,,,,,,,,,,,,,,0.0,1.0,,0.0,0.04180053621530533,0.9983366131782532,1.0079985857009888,,,,,,,
3770,,,,,,,,,,,,,,,0.0,1.0,,0.0,0.04222344607114792,0.9983408451080322,1.0079985857009888,,,,,,,
3771,,,,,,,,,,,,,,,0.0,1.0,,0.0,0.025814777240157127,0.9981767535209656,1.0079985857009888,,,,,,,
3772,,,,,,,,,,,,,,,0.0,1.0,,0.0,0.02810322865843773,0.9981996417045593,1.0079985857009888,,,,,,,
3773,,,,,,,,,,,,,,,0.0,1.0,,0.0,0.03217213228344917,0.9982403516769409,1.0079985857009888,,,,,,,
3774,,,,,,,,,,,,,,,0.0,1.0,,0.0,0.039416734129190445,0.998312771320343,1.0079985857009888,,,,,,,
3775,,,,,,,,,,,,,,,0.0,1.0,,0.0,0.03760511428117752,0.9982946515083313,1.0079985857009888,,,,,,,
3776,,,,,,,,,,,,,,,0.0,1.0,,0.0,0.05074428766965866,0.9984260201454163,1.0079985857009888,,,,,,,
3777,,,,,,,,,,,,,,,0.0,1.0,,0.0,0.03798941895365715,0.9982985258102417,1.0079985857009888,,,,,,,
3778,,,,,,,,,,,,,,,0.0,1.0,,0.0,0.026499193161725998,0.9981836080551147,1.0079985857009888,,,,,,,
3779,,,,,,,,,,,,,,,0.0,1.0,,0.0,0.03287526220083237,0.9982473850250244,1.0079985857009888,,,,,,,
3780,,,,,,,,,,,,,,,0.0,1.0,,0.0,0.044389814138412476,0.9983624815940857,1.0079985857009888,,,,,,,
3781,,,,,,,,,,,,,,,0.0,1.0,,0.0,0.045215971767902374,0.9983707666397095,1.0079985857009888,,,,,,,
3782,,,,,,,,,,,,,,,0.0,1.0,,0.0,0.03004237450659275,0.9982190132141113,1.0079985857009888,,,,,,,
3783,,,,,,,,,,,,,,,0.0,1.0,,0.0,0.05547383427619934,0.9984733462333679,1.0079985857009888,,,,,,,
3784,,,,,,,,,,,,,,,0.0,1.0,,0.0,0.03255792707204819,0.9982441663742065,1.0079985857009888,,,,,,,
3785,,,,,,,,,,,,,,,0.0,1.0,,0.0,0.0620713010430336,0.9985393285751343,1.0079985857009888,,,,,,,
3786,,,,,,,,,,,,,,,0.0,1.0,,0.0,0.04518227279186249,0.9983704090118408,1.0079985857009888,,,,,,,
3787,,,,,,,,,,,,,,,0.0,1.0,,0.0,0.07376755774021149,0.9986562728881836,1.0079985857009888,,,,,,,
3788,,,,,,,,,,,,,,,0.0,1.0,,0.0,0.05435895174741745,0.9984622001647949,1.0079985857009888,,,,,,,
3789,,,,,,,,,,,,,,,0.0,1.0,,0.0,0.03910244256258011,0.9983096122741699,1.0079985857009888,,,,,,,
3790,,,,,,,,,,,,,,,0.0,1.0,,0.0,0.04082627221941948,0.9983268976211548,1.0079985857009888,,,,,,,
3791,,,,,,,,,,,,,,,0.0,1.0,,0.0,0.041234131902456284,0.9983309507369995,1.0079985857009888,,,,,,,
3792,,,,,,,,,,,,,,,0.0,1.0,,0.0,0.06261975318193436,0.9985448122024536,1.0079985857009888,,,,,,,
3793,,,,,,,,,,,,,,,0.0,1.0,,0.0,0.035475436598062515,0.9982733726501465,1.0079985857009888,,,,,,,
3794,,,,,,,,,,,,,,,0.0,1.0,,0.0,0.02995174378156662,0.9982181191444397,1.0079985857009888,,,,,,,
3795,,,,,,,,,,,,,,,0.0,1.0,,0.0,0.03604457154870033,0.9982790350914001,1.0079985857009888,,,,,,,
3796,,,,,,,,,,,,,,,0.0,1.0,,0.0,0.031677305698394775,0.9982354044914246,1.0079985857009888,,,,,,,
3797,,,,,,,,,,,,,,,0.0,1.0,,0.0,0.03839545324444771,0.9983025789260864,1.0079985857009888,,,,,,,
3798,,,,,,,,,,,,,,,0.0,1.0,,0.0,0.03793110325932503,0.998297929763794,1.0079985857009888,,,,,,,
3799,94.0,0.16009902954101562,,0.073726586997509,0.16009902954101562,0.0,0.16009902954101562,2.5476090908050537,0.2184567153453827,5.527881622314453,7.106006622314453,0.9768628478050232,0.97357177734375,0.8992610573768616,0.0,1.0,0.0010000000474974513,0.0,0.09759645164012909,0.9988945722579956,1.0079985857009888,0.0475786067545414,0.09759645164012909,0.09759645164012909,0.040546778589487076,0.09759645164012909,0.0,0.09759645164012909
3800,,,,,,,,,,,,,,,0.0,1.0,,0.0,0.03692374750971794,0.9982878565788269,1.0079985857009888,,,,,,,
3801,,,,,,,,,,,,,,,0.0,1.0,,0.0,0.05076366662979126,0.9984262585639954,1.0079985857009888,,,,,,,
3802,,,,,,,,,,,,,,,0.0,1.0,,0.0,0.06535471230745316,0.9985721707344055,1.0079985857009888,,,,,,,
3803,,,,,,,,,,,,,,,0.0,1.0,,0.0,0.041269686073064804,0.9983313083648682,1.0079985857009888,,,,,,,
3804,,,,,,,,,,,,,,,0.0,1.0,,0.0,0.037333227694034576,0.9982919096946716,1.0079985857009888,,,,,,,
3805,,,,,,,,,,,,,,,0.0,1.0,,0.0,0.039598699659109116,0.998314619064331,1.0079985857009888,,,,,,,
3806,,,,,,,,,,,,,,,0.0,1.0,,0.0,0.04614391177892685,0.9983800649642944,1.0079985857009888,,,,,,,
3807,,,,,,,,,,,,,,,0.0,1.0,,0.0,0.031671300530433655,0.9982353448867798,1.0079985857009888,,,,,,,
3808,,,,,,,,,,,,,,,0.0,1.0,,0.0,0.03411930426955223,0.9982597827911377,1.0079985857009888,,,,,,,
3809,,,,,,,,,,,,,,,0.0,1.0,,0.0,0.07009626179933548,0.998619556427002,1.0079985857009888,,,,,,,
3810,,,,,,,,,,,,,,,0.0,1.0,,0.0,0.04122689366340637,0.9983308911323547,1.0079985857009888,,,,,,,
3811,,,,,,,,,,,,,,,0.0,1.0,,0.0,0.03013308346271515,0.998219907283783,1.0079985857009888,,,,,,,
3812,,,,,,,,,,,,,,,0.0,1.0,,0.0,0.08067847788333893,0.998725414276123,1.0079985857009888,,,,,,,
3813,,,,,,,,,,,,,,,0.0,1.0,,0.0,0.08162656426429749,0.9987348914146423,1.0079985857009888,,,,,,,
3814,,,,,,,,,,,,,,,0.0,1.0,,0.0,0.06473876535892487,0.9985659718513489,1.0079985857009888,,,,,,,
3815,,,,,,,,,,,,,,,0.0,1.0,,0.0,0.06045294925570488,0.9985231161117554,1.0079985857009888,,,,,,,
3816,,,,,,,,,,,,,,,0.0,1.0,,0.0,0.07348918169736862,0.9986534714698792,1.0079985857009888,,,,,,,
3817,,,,,,,,,,,,,,,0.0,1.0,,0.0,0.049937404692173004,0.9984179735183716,1.0079985857009888,,,,,,,
3818,,,,,,,,,,,,,,,0.0,1.0,,0.0,0.08455458283424377,0.998764157295227,1.0079985857009888,,,,,,,
3819,,,,,,,,,,,,,,,0.0,1.0,,0.0,0.056013740599155426,0.9984787702560425,1.0079985857009888,,,,,,,
3820,,,,,,,,,,,,,,,0.0,1.0,,0.0,0.0376570038497448,0.9982951879501343,1.0079985857009888,,,,,,,
3821,,,,,,,,,,,,,,,0.0,1.0,,0.0,0.0437399297952652,0.9983559846878052,1.0079985857009888,,,,,,,
3822,,,,,,,,,,,,,,,0.0,1.0,,0.0,0.044895682483911514,0.9983675479888916,1.0079985857009888,,,,,,,
3823,,,,,,,,,,,,,,,0.0,1.0,,0.0,0.047568999230861664,0.9983943104743958,1.0079985857009888,,,,,,,
3824,,,,,,,,,,,,,,,0.0,1.0,,0.0,0.10120268166065216,0.9989306330680847,1.0079985857009888,,,,,,,
3825,,,,,,,,,,,,,,,0.0,1.0,,0.0,0.032677050679922104,0.998245358467102,1.0079985857009888,,,,,,,
3826,,,,,,,,,,,,,,,0.0,1.0,,0.0,0.05454784259200096,0.9984641075134277,1.0079985857009888,,,,,,,
3827,,,,,,,,,,,,,,,0.0,1.0,,0.0,0.03630439192056656,0.9982816576957703,1.0079985857009888,,,,,,,
3828,,,,,,,,,,,,,,,0.0,1.0,,0.0,0.03394332900643349,0.9982580542564392,1.0079985857009888,,,,,,,
3829,,,,,,,,,,,,,,,0.0,1.0,,0.0,0.04775979369878769,0.9983962178230286,1.0079985857009888,,,,,,,
3830,,,,,,,,,,,,,,,0.0,1.0,,0.0,0.03659357130527496,0.9982845187187195,1.0079985857009888,,,,,,,
3831,,,,,,,,,,,,,,,0.0,1.0,,0.0,0.027611499652266502,0.998194694519043,1.0079985857009888,,,,,,,
3832,,,,,,,,,,,,,,,0.0,1.0,,0.0,0.031405795365571976,0.9982326626777649,1.0079985857009888,,,,,,,
3833,,,,,,,,,,,,,,,0.0,1.0,,0.0,0.04116588830947876,0.9983302354812622,1.0079985857009888,,,,,,,
3834,,,,,,,,,,,,,,,0.0,1.0,,0.0,0.03695465996861458,0.9982881546020508,1.0079985857009888,,,,,,,
3835,,,,,,,,,,,,,,,0.0,1.0,,0.0,0.08855883777141571,0.9988042116165161,1.0079985857009888,,,,,,,
3836,,,,,,,,,,,,,,,0.0,1.0,,0.0,0.04460315406322479,0.9983646273612976,1.0079985857009888,,,,,,,
3837,,,,,,,,,,,,,,,0.0,1.0,,0.0,0.02363017573952675,0.998154878616333,1.0079985857009888,,,,,,,
3838,,,,,,,,,,,,,,,0.0,1.0,,0.0,0.03274047002196312,0.9982460141181946,1.0079985857009888,,,,,,,
3839,95.0,0.17707563936710358,,0.07840503007173538,0.17707563936710358,0.0,0.17707563936710358,2.3906469345092773,0.2045787274837494,5.210104942321777,6.6390838623046875,0.9775530099868774,0.9743747711181641,0.775490939617157,0.0,1.0,,0.0,0.2676171660423279,1.0005947351455688,1.0079985857009888,0.05332808196544647,,,,,,
3840,,,,,,,,,,,,,,,0.0,1.0,,0.0,0.09786632657051086,0.9988972544670105,1.0079985857009888,,,,,,,
3841,,,,,,,,,,,,,,,0.0,1.0,,0.0,0.04839598387479782,0.9984025359153748,1.0079985857009888,,,,,,,
3842,,,,,,,,,,,,,,,0.0,1.0,,0.0,0.06625659763813019,0.9985811710357666,1.0079985857009888,,,,,,,
3843,,,,,,,,,,,,,,,0.0,1.0,,0.0,0.024295838549733162,0.9981615543365479,1.0079985857009888,,,,,,,
3844,,,,,,,,,,,,,,,0.0,1.0,,0.0,0.04750024154782295,0.9983935952186584,1.0079985857009888,,,,,,,
3845,,,,,,,,,,,,,,,0.0,1.0,,0.0,0.0527656152844429,0.9984462857246399,1.0079985857009888,,,,,,,
3846,,,,,,,,,,,,,,,0.0,1.0,,0.0,0.032681673765182495,0.9982454180717468,1.0079985857009888,,,,,,,
3847,,,,,,,,,,,,,,,0.0,1.0,,0.0,0.05296942964196205,0.9984483122825623,1.0079985857009888,,,,,,,
3848,,,,,,,,,,,,,,,0.0,1.0,,0.0,0.03139080852270126,0.9982325434684753,1.0079985857009888,,,,,,,
3849,96.0,0.029091089963912964,,,,,,,,,,,,,0.0,1.0,0.0010000000474974513,0.0,0.029091089963912964,0.998209536075592,1.0079985857009888,,0.029091089963912964,0.029091089963912964,0.015253623016178608,0.029091089963912964,0.0,0.029091089963912964
3850,,,,,,,,,,,,,,,0.0,1.0,,0.0,0.032311681658029556,0.9982417225837708,1.0079985857009888,,,,,,,
3851,,,,,,,,,,,,,,,0.0,1.0,,0.0,0.04183599352836609,0.9983369708061218,1.0079985857009888,,,,,,,
3852,,,,,,,,,,,,,,,0.0,1.0,,0.0,0.06583326309919357,0.9985769391059875,1.0079985857009888,,,,,,,
3853,,,,,,,,,,,,,,,0.0,1.0,,0.0,0.04124801978468895,0.9983310699462891,1.0079985857009888,,,,,,,
3854,,,,,,,,,,,,,,,0.0,1.0,,0.0,0.04882213473320007,0.9984068274497986,1.0079985857009888,,,,,,,
3855,,,,,,,,,,,,,,,0.0,1.0,,0.0,0.06446918100118637,0.998563289642334,1.0079985857009888,,,,,,,
3856,,,,,,,,,,,,,,,0.0,1.0,,0.0,0.06432413309812546,0.9985618591308594,1.0079985857009888,,,,,,,
3857,,,,,,,,,,,,,,,0.0,1.0,,0.0,0.03208953142166138,0.9982395172119141,1.0079985857009888,,,,,,,
3858,,,,,,,,,,,,,,,0.0,1.0,,0.0,0.049580298364162445,0.9984143972396851,1.0079985857009888,,,,,,,
3859,,,,,,,,,,,,,,,0.0,1.0,,0.0,0.03306976705789566,0.9982492923736572,1.0079985857009888,,,,,,,
3860,,,,,,,,,,,,,,,0.0,1.0,,0.0,0.0645521804690361,0.9985641241073608,1.0079985857009888,,,,,,,
3861,,,,,,,,,,,,,,,0.0,1.0,,0.0,0.14752480387687683,0.999393880367279,1.0079985857009888,,,,,,,
3862,,,,,,,,,,,,,,,0.0,1.0,,0.0,0.04713333770632744,0.9983899593353271,1.0079985857009888,,,,,,,
3863,,,,,,,,,,,,,,,0.0,1.0,,0.0,0.08503477275371552,0.9987689256668091,1.0079985857009888,,,,,,,
3864,,,,,,,,,,,,,,,0.0,1.0,,0.0,0.07977297902107239,0.9987163543701172,1.0079985857009888,,,,,,,
3865,,,,,,,,,,,,,,,0.0,1.0,,0.0,0.05809097737073898,0.9984995126724243,1.0079985857009888,,,,,,,
3866,,,,,,,,,,,,,,,0.0,1.0,,0.0,0.03322780504822731,0.9982509016990662,1.0079985857009888,,,,,,,
3867,,,,,,,,,,,,,,,0.0,1.0,,0.0,0.06239084154367447,0.9985424876213074,1.0079985857009888,,,,,,,
3868,,,,,,,,,,,,,,,0.0,1.0,,0.0,0.0970795601606369,0.9988893866539001,1.0079985857009888,,,,,,,
3869,,,,,,,,,,,,,,,0.0,1.0,,0.0,0.06455142796039581,0.9985641241073608,1.0079985857009888,,,,,,,
3870,,,,,,,,,,,,,,,0.0,1.0,,0.0,0.09945245087146759,0.9989131093025208,1.0079985857009888,,,,,,,
3871,,,,,,,,,,,,,,,0.0,1.0,,0.0,0.038158953189849854,0.9983001947402954,1.0079985857009888,,,,,,,
3872,,,,,,,,,,,,,,,0.0,1.0,,0.0,0.031395092606544495,0.9982325434684753,1.0079985857009888,,,,,,,
3873,,,,,,,,,,,,,,,0.0,1.0,,0.0,0.06332782655954361,0.9985519051551819,1.0079985857009888,,,,,,,
3874,,,,,,,,,,,,,,,0.0,1.0,,0.0,0.040952250361442566,0.9983281493186951,1.0079985857009888,,,,,,,
3875,,,,,,,,,,,,,,,0.0,1.0,,0.0,0.040181271731853485,0.9983204007148743,1.0079985857009888,,,,,,,
3876,,,,,,,,,,,,,,,0.0,1.0,,0.0,0.0341976098716259,0.9982605576515198,1.0079985857009888,,,,,,,
3877,,,,,,,,,,,,,,,0.0,1.0,,0.0,0.04102327674627304,0.9983288645744324,1.0079985857009888,,,,,,,
3878,,,,,,,,,,,,,,,0.0,1.0,,0.0,0.0764104425907135,0.9986827373504639,1.0079985857009888,,,,,,,
3879,96.0,0.1315300315618515,,0.06549195945262909,0.1315300315618515,0.0,0.1315300315618515,2.2645702362060547,0.18980619311332703,4.858421802520752,6.242658615112305,0.9774701595306396,0.9744795560836792,0.6998745203018188,0.0,1.0,,0.0,0.11397842317819595,0.9990583658218384,1.0079985857009888,0.05419517308473587,,,,,,
3880,,,,,,,,,,,,,,,0.0,1.0,,0.0,0.05670808628201485,0.9984856843948364,1.0079985857009888,,,,,,,
3881,,,,,,,,,,,,,,,0.0,1.0,,0.0,0.10973089188337326,0.9990159273147583,1.0079985857009888,,,,,,,
3882,,,,,,,,,,,,,,,0.0,1.0,,0.0,0.0644485279917717,0.9985631108283997,1.0079985857009888,,,,,,,
3883,,,,,,,,,,,,,,,0.0,1.0,,0.0,0.03687937185168266,0.9982873797416687,1.0079985857009888,,,,,,,
3884,,,,,,,,,,,,,,,0.0,1.0,,0.0,0.08088265359401703,0.9987274408340454,1.0079985857009888,,,,,,,
3885,,,,,,,,,,,,,,,0.0,1.0,,0.0,0.09086013585329056,0.9988272190093994,1.0079985857009888,,,,,,,
3886,,,,,,,,,,,,,,,0.0,1.0,,0.0,0.051994454115629196,0.9984385371208191,1.0079985857009888,,,,,,,
3887,,,,,,,,,,,,,,,0.0,1.0,,0.0,0.05785411596298218,0.9984971284866333,1.0079985857009888,,,,,,,
3888,,,,,,,,,,,,,,,0.0,1.0,,0.0,0.04305616393685341,0.9983491897583008,1.0079985857009888,,,,,,,
3889,,,,,,,,,,,,,,,0.0,1.0,,0.0,0.06732985377311707,0.9985918998718262,1.0079985857009888,,,,,,,
3890,,,,,,,,,,,,,,,0.0,1.0,,0.0,0.03553994745016098,0.998274028301239,1.0079985857009888,,,,,,,
3891,,,,,,,,,,,,,,,0.0,1.0,,0.0,0.025018109008669853,0.9981687664985657,1.0079985857009888,,,,,,,
3892,,,,,,,,,,,,,,,0.0,1.0,,0.0,0.0336667038500309,0.9982552528381348,1.0079985857009888,,,,,,,
3893,,,,,,,,,,,,,,,0.0,1.0,,0.0,0.04769245535135269,0.9983955025672913,1.0079985857009888,,,,,,,
3894,,,,,,,,,,,,,,,0.0,1.0,,0.0,0.027355104684829712,0.9981921315193176,1.0079985857009888,,,,,,,
3895,,,,,,,,,,,,,,,0.0,1.0,,0.0,0.044743940234184265,0.9983660578727722,1.0079985857009888,,,,,,,
3896,,,,,,,,,,,,,,,0.0,1.0,,0.0,0.045779038220644,0.9983763694763184,1.0079985857009888,,,,,,,
3897,,,,,,,,,,,,,,,0.0,1.0,,0.0,0.029337426647543907,0.9982119798660278,1.0079985857009888,,,,,,,
3898,,,,,,,,,,,,,,,0.0,1.0,,0.0,0.07049796730279922,0.9986236095428467,1.0079985857009888,,,,,,,
3899,97.0,0.06779201328754425,,,,,,,,,,,,,0.0,1.0,0.0010000000474974513,0.0,0.06779201328754425,0.9985965490341187,1.0079985857009888,,0.06779201328754425,0.06779201328754425,0.024256134405732155,0.06779201328754425,0.0,0.06779201328754425
3900,,,,,,,,,,,,,,,0.0,1.0,,0.0,0.04043380171060562,0.9983229637145996,1.0079985857009888,,,,,,,
3901,,,,,,,,,,,,,,,0.0,1.0,,0.0,0.10779689997434616,0.9989965558052063,1.0079985857009888,,,,,,,
3902,,,,,,,,,,,,,,,0.0,1.0,,0.0,0.08768726140260696,0.9987954497337341,1.0079985857009888,,,,,,,
3903,,,,,,,,,,,,,,,0.0,1.0,,0.0,0.05194799602031708,0.9984380602836609,1.0079985857009888,,,,,,,
3904,,,,,,,,,,,,,,,0.0,1.0,,0.0,0.06416286528110504,0.9985602498054504,1.0079985857009888,,,,,,,
3905,,,,,,,,,,,,,,,0.0,1.0,,0.0,0.060142938047647476,0.998520016670227,1.0079985857009888,,,,,,,
3906,,,,,,,,,,,,,,,0.0,1.0,,0.0,0.04697015509009361,0.9983882904052734,1.0079985857009888,,,,,,,
3907,,,,,,,,,,,,,,,0.0,1.0,,0.0,0.07321492582559586,0.9986507296562195,1.0079985857009888,,,,,,,
3908,,,,,,,,,,,,,,,0.0,1.0,,0.0,0.035775065422058105,0.9982763528823853,1.0079985857009888,,,,,,,
3909,,,,,,,,,,,,,,,0.0,1.0,,0.0,0.08160586655139923,0.9987346529960632,1.0079985857009888,,,,,,,
3910,,,,,,,,,,,,,,,0.0,1.0,,0.0,0.07258417457342148,0.9986444711685181,1.0079985857009888,,,,,,,
3911,,,,,,,,,,,,,,,0.0,1.0,,0.0,0.029937561601400375,0.9982179999351501,1.0079985857009888,,,,,,,
3912,,,,,,,,,,,,,,,0.0,1.0,,0.0,0.044438302516937256,0.9983630180358887,1.0079985857009888,,,,,,,
3913,,,,,,,,,,,,,,,0.0,1.0,,0.0,0.029965903609991074,0.9982182383537292,1.0079985857009888,,,,,,,
3914,,,,,,,,,,,,,,,0.0,1.0,,0.0,0.032416172325611115,0.9982427954673767,1.0079985857009888,,,,,,,
3915,,,,,,,,,,,,,,,0.0,1.0,,0.0,0.07960149645805359,0.9987146258354187,1.0079985857009888,,,,,,,
3916,,,,,,,,,,,,,,,0.0,1.0,,0.0,0.060097113251686096,0.9985195994377136,1.0079985857009888,,,,,,,
3917,,,,,,,,,,,,,,,0.0,1.0,,0.0,0.033756352961063385,0.9982561469078064,1.0079985857009888,,,,,,,
3918,,,,,,,,,,,,,,,0.0,1.0,,0.0,0.08173177391290665,0.9987359046936035,1.0079985857009888,,,,,,,
3919,97.0,0.1957278847694397,,0.08680479973554611,0.1957278847694397,0.0,0.1957278847694397,2.386794090270996,0.2065330147743225,5.16404914855957,6.595363140106201,0.978643000125885,0.9753221273422241,0.607768714427948,0.0,1.0,,0.0,0.037172410637140274,0.9982903003692627,1.0079985857009888,0.05313793942332268,,,,,,
3920,,,,,,,,,,,,,,,0.0,1.0,,0.0,0.04409254714846611,0.9983595609664917,1.0079985857009888,,,,,,,
3921,,,,,,,,,,,,,,,0.0,1.0,,0.0,0.03870575502514839,0.9983056783676147,1.0079985857009888,,,,,,,
3922,,,,,,,,,,,,,,,0.0,1.0,,0.0,0.0463094599545002,0.9983816742897034,1.0079985857009888,,,,,,,
3923,,,,,,,,,,,,,,,0.0,1.0,,0.0,0.08250652253627777,0.9987436532974243,1.0079985857009888,,,,,,,
3924,,,,,,,,,,,,,,,0.0,1.0,,0.0,0.034987673163414,0.9982684850692749,1.0079985857009888,,,,,,,
3925,,,,,,,,,,,,,,,0.0,1.0,,0.0,0.03196462616324425,0.9982382655143738,1.0079985857009888,,,,,,,
3926,,,,,,,,,,,,,,,0.0,1.0,,0.0,0.03410761430859566,0.9982596635818481,1.0079985857009888,,,,,,,
3927,,,,,,,,,,,,,,,0.0,1.0,,0.0,0.02733769454061985,0.9981920123100281,1.0079985857009888,,,,,,,
3928,,,,,,,,,,,,,,,0.0,1.0,,0.0,0.025949589908123016,0.9981781244277954,1.0079985857009888,,,,,,,
3929,,,,,,,,,,,,,,,0.0,1.0,,0.0,0.02399909310042858,0.9981585741043091,1.0079985857009888,,,,,,,
3930,,,,,,,,,,,,,,,0.0,1.0,,0.0,0.08366824686527252,0.9987552762031555,1.0079985857009888,,,,,,,
3931,,,,,,,,,,,,,,,0.0,1.0,,0.0,0.06041133031249046,0.9985226988792419,1.0079985857009888,,,,,,,
3932,,,,,,,,,,,,,,,0.0,1.0,,0.0,0.06508561223745346,0.9985694885253906,1.0079985857009888,,,,,,,
3933,,,,,,,,,,,,,,,0.0,1.0,,0.0,0.03571753203868866,0.9982757568359375,1.0079985857009888,,,,,,,
3934,,,,,,,,,,,,,,,0.0,1.0,,0.0,0.03561461716890335,0.9982747435569763,1.0079985857009888,,,,,,,
3935,,,,,,,,,,,,,,,0.0,1.0,,0.0,0.04291632026433945,0.9983477592468262,1.0079985857009888,,,,,,,
3936,,,,,,,,,,,,,,,0.0,1.0,,0.0,0.055299535393714905,0.9984716176986694,1.0079985857009888,,,,,,,
3937,,,,,,,,,,,,,,,0.0,1.0,,0.0,0.0680181011557579,0.9985988140106201,1.0079985857009888,,,,,,,
3938,,,,,,,,,,,,,,,0.0,1.0,,0.0,0.03406601771712303,0.9982592463493347,1.0079985857009888,,,,,,,
3939,,,,,,,,,,,,,,,0.0,1.0,,0.0,0.027570366859436035,0.9981943368911743,1.0079985857009888,,,,,,,
3940,,,,,,,,,,,,,,,0.0,1.0,,0.0,0.02632215991616249,0.9981818199157715,1.0079985857009888,,,,,,,
3941,,,,,,,,,,,,,,,0.0,1.0,,0.0,0.03724897652864456,0.9982910752296448,1.0079985857009888,,,,,,,
3942,,,,,,,,,,,,,,,0.0,1.0,,0.0,0.02917642518877983,0.9982103705406189,1.0079985857009888,,,,,,,
3943,,,,,,,,,,,,,,,0.0,1.0,,0.0,0.04731191694736481,0.9983917474746704,1.0079985857009888,,,,,,,
3944,,,,,,,,,,,,,,,0.0,1.0,,0.0,0.07083181291818619,0.9986269474029541,1.0079985857009888,,,,,,,
3945,,,,,,,,,,,,,,,0.0,1.0,,0.0,0.09458846598863602,0.998864471912384,1.0079985857009888,,,,,,,
3946,,,,,,,,,,,,,,,0.0,1.0,,0.0,0.14281244575977325,0.9993467330932617,1.0079985857009888,,,,,,,
3947,,,,,,,,,,,,,,,0.0,1.0,,0.0,0.036110855638980865,0.9982796907424927,1.0079985857009888,,,,,,,
3948,,,,,,,,,,,,,,,0.0,1.0,,0.0,0.03884099796414375,0.9983069896697998,1.0079985857009888,,,,,,,
3949,98.0,0.06327749043703079,,,,,,,,,,,,,0.0,1.0,0.0010000000474974513,0.0,0.06327749043703079,0.9985513687133789,1.0079985857009888,,0.06327749043703079,0.06327749043703079,0.03312574699521065,0.06327749043703079,0.0,0.06327749043703079
3950,,,,,,,,,,,,,,,0.0,1.0,,0.0,0.029851147904992104,0.9982171058654785,1.0079985857009888,,,,,,,
3951,,,,,,,,,,,,,,,0.0,1.0,,0.0,0.04304370656609535,0.9983490705490112,1.0079985857009888,,,,,,,
3952,,,,,,,,,,,,,,,0.0,1.0,,0.0,0.03944740816950798,0.9983130693435669,1.0079985857009888,,,,,,,
3953,,,,,,,,,,,,,,,0.0,1.0,,0.0,0.08957325667142868,0.9988143444061279,1.0079985857009888,,,,,,,
3954,,,,,,,,,,,,,,,0.0,1.0,,0.0,0.03667300194501877,0.9982853531837463,1.0079985857009888,,,,,,,
3955,,,,,,,,,,,,,,,0.0,1.0,,0.0,0.06559150665998459,0.9985744953155518,1.0079985857009888,,,,,,,
3956,,,,,,,,,,,,,,,0.0,1.0,,0.0,0.05208028107881546,0.9984394311904907,1.0079985857009888,,,,,,,
3957,,,,,,,,,,,,,,,0.0,1.0,,0.0,0.04137887805700302,0.9983323812484741,1.0079985857009888,,,,,,,
3958,,,,,,,,,,,,,,,0.0,1.0,,0.0,0.03512193262577057,0.99826979637146,1.0079985857009888,,,,,,,
3959,98.0,0.19432416558265686,,0.08556283265352249,0.19432416558265686,0.0,0.19432416558265686,2.642423152923584,0.22880075871944427,5.729086875915527,7.330789089202881,0.9765650629997253,0.9730353355407715,0.8822097778320312,0.0,1.0,,0.0,0.04998815432190895,0.9984185099601746,1.0079985857009888,0.04860052093863487,,,,,,
3960,,,,,,,,,,,,,,,0.0,1.0,,0.0,0.042586490511894226,0.9983444809913635,1.0079985857009888,,,,,,,
3961,,,,,,,,,,,,,,,0.0,1.0,,0.0,0.0694841518998146,0.9986134767532349,1.0079985857009888,,,,,,,
3962,,,,,,,,,,,,,,,0.0,1.0,,0.0,0.03984154760837555,0.9983170032501221,1.0079985857009888,,,,,,,
3963,,,,,,,,,,,,,,,0.0,1.0,,0.0,0.03492582216858864,0.9982678890228271,1.0079985857009888,,,,,,,
3964,,,,,,,,,,,,,,,0.0,1.0,,0.0,0.06280215084552765,0.9985466003417969,1.0079985857009888,,,,,,,
3965,,,,,,,,,,,,,,,0.0,1.0,,0.0,0.029079722240567207,0.9982094168663025,1.0079985857009888,,,,,,,
3966,,,,,,,,,,,,,,,0.0,1.0,,0.0,0.030445540323853493,0.998223066329956,1.0079985857009888,,,,,,,
3967,,,,,,,,,,,,,,,0.0,1.0,,0.0,0.03888547420501709,0.998307466506958,1.0079985857009888,,,,,,,
3968,,,,,,,,,,,,,,,0.0,1.0,,0.0,0.1660400629043579,0.9995790123939514,1.0079985857009888,,,,,,,
3969,,,,,,,,,,,,,,,0.0,1.0,,0.0,0.031911395490169525,0.9982377290725708,1.0079985857009888,,,,,,,
3970,,,,,,,,,,,,,,,0.0,1.0,,0.0,0.04768697917461395,0.9983955025672913,1.0079985857009888,,,,,,,
3971,,,,,,,,,,,,,,,0.0,1.0,,0.0,0.061339884996414185,0.9985319972038269,1.0079985857009888,,,,,,,
3972,,,,,,,,,,,,,,,0.0,1.0,,0.0,0.026602812111377716,0.9981846213340759,1.0079985857009888,,,,,,,
3973,,,,,,,,,,,,,,,0.0,1.0,,0.0,0.03384656086564064,0.9982571005821228,1.0079985857009888,,,,,,,
3974,,,,,,,,,,,,,,,0.0,1.0,,0.0,0.033395033329725266,0.9982525706291199,1.0079985857009888,,,,,,,
3975,,,,,,,,,,,,,,,0.0,1.0,,0.0,0.056974537670612335,0.9984883666038513,1.0079985857009888,,,,,,,
3976,,,,,,,,,,,,,,,0.0,1.0,,0.0,0.0721040889620781,0.9986396431922913,1.0079985857009888,,,,,,,
3977,,,,,,,,,,,,,,,0.0,1.0,,0.0,0.03032795526087284,0.9982218742370605,1.0079985857009888,,,,,,,
3978,,,,,,,,,,,,,,,0.0,1.0,,0.0,0.07933409512042999,0.9987119436264038,1.0079985857009888,,,,,,,
3979,,,,,,,,,,,,,,,0.0,1.0,,0.0,0.05332210659980774,0.998451828956604,1.0079985857009888,,,,,,,
3980,,,,,,,,,,,,,,,0.0,1.0,,0.0,0.03090679459273815,0.9982276558876038,1.0079985857009888,,,,,,,
3981,,,,,,,,,,,,,,,0.0,1.0,,0.0,0.038877248764038086,0.9983074069023132,1.0079985857009888,,,,,,,
3982,,,,,,,,,,,,,,,0.0,1.0,,0.0,0.06077318638563156,0.9985263347625732,1.0079985857009888,,,,,,,
3983,,,,,,,,,,,,,,,0.0,1.0,,0.0,0.06096654012799263,0.998528242111206,1.0079985857009888,,,,,,,
3984,,,,,,,,,,,,,,,0.0,1.0,,0.0,0.06864596158266068,0.9986050724983215,1.0079985857009888,,,,,,,
3985,,,,,,,,,,,,,,,0.0,1.0,,0.0,0.035904258489608765,0.9982776641845703,1.0079985857009888,,,,,,,
3986,,,,,,,,,,,,,,,0.0,1.0,,0.0,0.0546034500002861,0.9984646439552307,1.0079985857009888,,,,,,,
3987,,,,,,,,,,,,,,,0.0,1.0,,0.0,0.027854807674884796,0.9981971383094788,1.0079985857009888,,,,,,,
3988,,,,,,,,,,,,,,,0.0,1.0,,0.0,0.04152169078588486,0.9983338117599487,1.0079985857009888,,,,,,,
3989,,,,,,,,,,,,,,,0.0,1.0,,0.0,0.03217894211411476,0.9982404112815857,1.0079985857009888,,,,,,,
3990,,,,,,,,,,,,,,,0.0,1.0,,0.0,0.05069752410054207,0.9984256029129028,1.0079985857009888,,,,,,,
3991,,,,,,,,,,,,,,,0.0,1.0,,0.0,0.04829348623752594,0.9984015226364136,1.0079985857009888,,,,,,,
3992,,,,,,,,,,,,,,,0.0,1.0,,0.0,0.031740203499794006,0.9982360005378723,1.0079985857009888,,,,,,,
3993,,,,,,,,,,,,,,,0.0,1.0,,0.0,0.030635390430688858,0.9982249736785889,1.0079985857009888,,,,,,,
3994,,,,,,,,,,,,,,,0.0,1.0,,0.0,0.05845428258180618,0.9985031485557556,1.0079985857009888,,,,,,,
3995,,,,,,,,,,,,,,,0.0,1.0,,0.0,0.038008201867341995,0.998298704624176,1.0079985857009888,,,,,,,
3996,,,,,,,,,,,,,,,0.0,1.0,,0.0,0.04932170733809471,0.9984118342399597,1.0079985857009888,,,,,,,
3997,,,,,,,,,,,,,,,0.0,1.0,,0.0,0.0856611356139183,0.9987752437591553,1.0079985857009888,,,,,,,
3998,,,,,,,,,,,,,,,0.0,1.0,,0.0,0.046549949795007706,0.9983841180801392,1.0079985857009888,,,,,,,
3999,99.0,0.17824754118919373,,0.07624758034944534,0.17824754118919373,0.0,0.17824754118919373,2.4114034175872803,0.21481341123580933,5.1434502601623535,6.710275173187256,0.9775316715240479,0.9746013879776001,0.9860278964042664,0.0,1.0,0.0010000000474974513,0.0,0.14716731011867523,0.9993903040885925,1.0079985857009888,0.049961403012275696,0.14716731011867523,0.14716731011867523,0.08545692265033722,0.14716731011867523,0.0,0.14716731011867523
4000,,,,,,,,,,,,,,,0.0,1.0,,0.0,0.06965657323598862,0.9986151456832886,1.0079985857009888,,,,,,,
4001,,,,,,,,,,,,,,,0.0,1.0,,0.0,0.06948342174291611,0.9986134171485901,1.0079985857009888,,,,,,,
4002,,,,,,,,,,,,,,,0.0,1.0,,0.0,0.045566558837890625,0.9983742833137512,1.0079985857009888,,,,,,,
4003,,,,,,,,,,,,,,,0.0,1.0,,0.0,0.041380565613508224,0.9983324408531189,1.0079985857009888,,,,,,,
4004,,,,,,,,,,,,,,,0.0,1.0,,0.0,0.03333841264247894,0.9982519745826721,1.0079985857009888,,,,,,,
4005,,,,,,,,,,,,,,,0.0,1.0,,0.0,0.10726712644100189,0.9989912509918213,1.0079985857009888,,,,,,,
4006,,,,,,,,,,,,,,,0.0,1.0,,0.0,0.10188358277082443,0.9989374279975891,1.0079985857009888,,,,,,,
4007,,,,,,,,,,,,,,,0.0,1.0,,0.0,0.08540024608373642,0.9987726211547852,1.0079985857009888,,,,,,,
4008,,,,,,,,,,,,,,,0.0,1.0,,0.0,0.053897518664598465,0.9984576106071472,1.0079985857009888,,,,,,,
4009,,,,,,,,,,,,,,,0.0,1.0,,0.0,0.09986104816198349,0.9989172220230103,1.0079985857009888,,,,,,,
4010,,,,,,,,,,,,,,,0.0,1.0,,0.0,0.036301687359809875,0.9982815980911255,1.0079985857009888,,,,,,,
4011,,,,,,,,,,,,,,,0.0,1.0,,0.0,0.05672447755932808,0.9984858632087708,1.0079985857009888,,,,,,,
4012,,,,,,,,,,,,,,,0.0,1.0,,0.0,0.044266436249017715,0.9983612895011902,1.0079985857009888,,,,,,,
4013,,,,,,,,,,,,,,,0.0,1.0,,0.0,0.04793190583586693,0.998397946357727,1.0079985857009888,,,,,,,
4014,,,,,,,,,,,,,,,0.0,1.0,,0.0,0.04921211302280426,0.998410701751709,1.0079985857009888,,,,,,,
4015,,,,,,,,,,,,,,,0.0,1.0,,0.0,0.05005564168095589,0.9984191656112671,1.0079985857009888,,,,,,,
4016,,,,,,,,,,,,,,,0.0,1.0,,0.0,0.11544794589281082,0.9990730881690979,1.0079985857009888,,,,,,,
4017,,,,,,,,,,,,,,,0.0,1.0,,0.0,0.03273988142609596,0.9982460141181946,1.0079985857009888,,,,,,,
4018,,,,,,,,,,,,,,,0.0,1.0,,0.0,0.039083849638700485,0.9983094334602356,1.0079985857009888,,,,,,,
4019,,,,,,,,,,,,,,,0.0,1.0,,0.0,0.0394713431596756,0.998313307762146,1.0079985857009888,,,,,,,
4020,,,,,,,,,,,,,,,0.0,1.0,,0.0,0.03197033703327179,0.9982383251190186,1.0079985857009888,,,,,,,
4021,,,,,,,,,,,,,,,0.0,1.0,,0.0,0.12828633189201355,0.9992014765739441,1.0079985857009888,,,,,,,
4022,,,,,,,,,,,,,,,0.0,1.0,,0.0,0.04434970021247864,0.998362123966217,1.0079985857009888,,,,,,,
4023,,,,,,,,,,,,,,,0.0,1.0,,0.0,0.03475160151720047,0.9982661008834839,1.0079985857009888,,,,,,,
4024,,,,,,,,,,,,,,,0.0,1.0,,0.0,0.03196914121508598,0.9982383251190186,1.0079985857009888,,,,,,,
4025,,,,,,,,,,,,,,,0.0,1.0,,0.0,0.03661711513996124,0.9982847571372986,1.0079985857009888,,,,,,,
4026,,,,,,,,,,,,,,,0.0,1.0,,0.0,0.03672453761100769,0.9982858300209045,1.0079985857009888,,,,,,,
4027,,,,,,,,,,,,,,,0.0,1.0,,0.0,0.057595133781433105,0.998494565486908,1.0079985857009888,,,,,,,
4028,,,,,,,,,,,,,,,0.0,1.0,,0.0,0.03194364905357361,0.9982380270957947,1.0079985857009888,,,,,,,
4029,,,,,,,,,,,,,,,0.0,1.0,,0.0,0.025773126631975174,0.9981763362884521,1.0079985857009888,,,,,,,
4030,,,,,,,,,,,,,,,0.0,1.0,,0.0,0.03833417221903801,0.9983019232749939,1.0079985857009888,,,,,,,
4031,,,,,,,,,,,,,,,0.0,1.0,,0.0,0.056788958609104156,0.9984865188598633,1.0079985857009888,,,,,,,
4032,,,,,,,,,,,,,,,0.0,1.0,,0.0,0.05624254047870636,0.998481035232544,1.0079985857009888,,,,,,,
4033,,,,,,,,,,,,,,,0.0,1.0,,0.0,0.05254347249865532,0.9984440207481384,1.0079985857009888,,,,,,,
4034,,,,,,,,,,,,,,,0.0,1.0,,0.0,0.10499222576618195,0.9989685416221619,1.0079985857009888,,,,,,,
4035,,,,,,,,,,,,,,,0.0,1.0,,0.0,0.06384582072496414,0.9985570907592773,1.0079985857009888,,,,,,,
4036,,,,,,,,,,,,,,,0.0,1.0,,0.0,0.06535438448190689,0.9985721707344055,1.0079985857009888,,,,,,,
4037,,,,,,,,,,,,,,,0.0,1.0,,0.0,0.03825460001826286,0.9983011484146118,1.0079985857009888,,,,,,,
4038,,,,,,,,,,,,,,,0.0,1.0,,0.0,0.03339684009552002,0.9982525706291199,1.0079985857009888,,,,,,,
4039,100.0,0.19209599494934082,,0.07959116995334625,0.19209599494934082,0.0,0.19209599494934082,2.283068895339966,0.20282211899757385,4.881583213806152,6.392885208129883,0.9791805744171143,0.9761714339256287,0.5809199213981628,0.0,1.0,,0.0,0.06565741449594498,0.9985751509666443,1.0079985857009888,0.05606181174516678,,,,,,
4040,,,,,,,,,,,,,,,0.0,1.0,,0.0,0.12221195548772812,0.999140739440918,1.0079985857009888,,,,,,,
4041,,,,,,,,,,,,,,,0.0,1.0,,0.0,0.06927593797445297,0.9986113905906677,1.0079985857009888,,,,,,,
4042,,,,,,,,,,,,,,,0.0,1.0,,0.0,0.051939960569143295,0.9984380006790161,1.0079985857009888,,,,,,,
4043,,,,,,,,,,,,,,,0.0,1.0,,0.0,0.049976639449596405,0.998418390750885,1.0079985857009888,,,,,,,
4044,,,,,,,,,,,,,,,0.0,1.0,,0.0,0.07860437035560608,0.9987046718597412,1.0079985857009888,,,,,,,
4045,,,,,,,,,,,,,,,0.0,1.0,,0.0,0.08885706216096878,0.9988071918487549,1.0079985857009888,,,,,,,
4046,,,,,,,,,,,,,,,0.0,1.0,,0.0,0.08179684728384018,0.998736560344696,1.0079985857009888,,,,,,,
4047,,,,,,,,,,,,,,,0.0,1.0,,0.0,0.06648954004049301,0.9985834956169128,1.0079985857009888,,,,,,,
4048,,,,,,,,,,,,,,,0.0,1.0,,0.0,0.03414111211895943,0.9982600212097168,1.0079985857009888,,,,,,,
4049,101.0,0.045428622514009476,,,,,,,,,,,,,0.0,1.0,0.0010000000474974513,0.0,0.045428622514009476,0.9983729124069214,1.0079985857009888,,0.045428622514009476,0.045428622514009476,0.02199607715010643,0.045428622514009476,0.0,0.045428622514009476
4050,,,,,,,,,,,,,,,0.0,1.0,,0.0,0.031241524964571,0.9982309937477112,1.0079985857009888,,,,,,,
4051,,,,,,,,,,,,,,,0.0,1.0,,0.0,0.07413996756076813,0.9986600279808044,1.0079985857009888,,,,,,,
4052,,,,,,,,,,,,,,,0.0,1.0,,0.0,0.1426173895597458,0.9993447661399841,1.0079985857009888,,,,,,,
4053,,,,,,,,,,,,,,,0.0,1.0,,0.0,0.04352797195315361,0.998353898525238,1.0079985857009888,,,,,,,
4054,,,,,,,,,,,,,,,0.0,1.0,,0.0,0.03957144543528557,0.9983143210411072,1.0079985857009888,,,,,,,
4055,,,,,,,,,,,,,,,0.0,1.0,,0.0,0.03342816233634949,0.9982528686523438,1.0079985857009888,,,,,,,
4056,,,,,,,,,,,,,,,0.0,1.0,,0.0,0.031016254797577858,0.9982287883758545,1.0079985857009888,,,,,,,
4057,,,,,,,,,,,,,,,0.0,1.0,,0.0,0.02675408311188221,0.9981861710548401,1.0079985857009888,,,,,,,
4058,,,,,,,,,,,,,,,0.0,1.0,,0.0,0.05809919536113739,0.9984995722770691,1.0079985857009888,,,,,,,
4059,,,,,,,,,,,,,,,0.0,1.0,,0.0,0.0547153502702713,0.9984657764434814,1.0079985857009888,,,,,,,
4060,,,,,,,,,,,,,,,0.0,1.0,,0.0,0.029693657532334328,0.9982155561447144,1.0079985857009888,,,,,,,
4061,,,,,,,,,,,,,,,0.0,1.0,,0.0,0.035492103546857834,0.9982735514640808,1.0079985857009888,,,,,,,
4062,,,,,,,,,,,,,,,0.0,1.0,,0.0,0.11121153086423874,0.9990307092666626,1.0079985857009888,,,,,,,
4063,,,,,,,,,,,,,,,0.0,1.0,,0.0,0.04497263953089714,0.9983683228492737,1.0079985857009888,,,,,,,
4064,,,,,,,,,,,,,,,0.0,1.0,,0.0,0.04517645761370659,0.998370349407196,1.0079985857009888,,,,,,,
4065,,,,,,,,,,,,,,,0.0,1.0,,0.0,0.07912921160459518,0.9987099170684814,1.0079985857009888,,,,,,,
4066,,,,,,,,,,,,,,,0.0,1.0,,0.0,0.03549540787935257,0.9982735514640808,1.0079985857009888,,,,,,,
4067,,,,,,,,,,,,,,,0.0,1.0,,0.0,0.06162146478891373,0.9985347986221313,1.0079985857009888,,,,,,,
4068,,,,,,,,,,,,,,,0.0,1.0,,0.0,0.08103267103433609,0.9987289309501648,1.0079985857009888,,,,,,,
4069,,,,,,,,,,,,,,,0.0,1.0,,0.0,0.07718224078416824,0.9986904263496399,1.0079985857009888,,,,,,,
4070,,,,,,,,,,,,,,,0.0,1.0,,0.0,0.05125369876623154,0.9984311461448669,1.0079985857009888,,,,,,,
4071,,,,,,,,,,,,,,,0.0,1.0,,0.0,0.03436573967337608,0.9982622861862183,1.0079985857009888,,,,,,,
4072,,,,,,,,,,,,,,,0.0,1.0,,0.0,0.039584022015333176,0.9983144402503967,1.0079985857009888,,,,,,,
4073,,,,,,,,,,,,,,,0.0,1.0,,0.0,0.03583850711584091,0.9982770085334778,1.0079985857009888,,,,,,,
4074,,,,,,,,,,,,,,,0.0,1.0,,0.0,0.06890556961297989,0.9986076354980469,1.0079985857009888,,,,,,,
4075,,,,,,,,,,,,,,,0.0,1.0,,0.0,0.0431794710457325,0.9983503818511963,1.0079985857009888,,,,,,,
4076,,,,,,,,,,,,,,,0.0,1.0,,0.0,0.02874956652522087,0.9982060790061951,1.0079985857009888,,,,,,,
4077,,,,,,,,,,,,,,,0.0,1.0,,0.0,0.06240270659327507,0.9985426068305969,1.0079985857009888,,,,,,,
4078,,,,,,,,,,,,,,,0.0,1.0,,0.0,0.05173228681087494,0.998435914516449,1.0079985857009888,,,,,,,
4079,101.0,0.22288160026073456,,0.09409940242767334,0.22288160026073456,0.0,0.22288160026073456,2.32029390335083,0.2060045748949051,5.067675590515137,6.542498588562012,0.9777687788009644,0.9748420715332031,0.8510130643844604,0.0,1.0,,0.0,0.050140418112277985,0.998420000076294,1.0079985857009888,0.05946335941553116,,,,,,
4080,,,,,,,,,,,,,,,0.0,1.0,,0.0,0.04456481710076332,0.998364269733429,1.0079985857009888,,,,,,,
4081,,,,,,,,,,,,,,,0.0,1.0,,0.0,0.035174086689949036,0.9982703328132629,1.0079985857009888,,,,,,,
4082,,,,,,,,,,,,,,,0.0,1.0,,0.0,0.024354808032512665,0.9981621503829956,1.0079985857009888,,,,,,,
4083,,,,,,,,,,,,,,,0.0,1.0,,0.0,0.028517594560980797,0.9982037544250488,1.0079985857009888,,,,,,,
4084,,,,,,,,,,,,,,,0.0,1.0,,0.0,0.033927060663700104,0.9982578754425049,1.0079985857009888,,,,,,,
4085,,,,,,,,,,,,,,,0.0,1.0,,0.0,0.05292655527591705,0.9984478950500488,1.0079985857009888,,,,,,,
4086,,,,,,,,,,,,,,,0.0,1.0,,0.0,0.056786663830280304,0.9984864592552185,1.0079985857009888,,,,,,,
4087,,,,,,,,,,,,,,,0.0,1.0,,0.0,0.0658370703458786,0.9985769987106323,1.0079985857009888,,,,,,,
4088,,,,,,,,,,,,,,,0.0,1.0,,0.0,0.04797264561057091,0.9983983039855957,1.0079985857009888,,,,,,,
4089,,,,,,,,,,,,,,,0.0,1.0,,0.0,0.03875977173447609,0.9983062148094177,1.0079985857009888,,,,,,,
4090,,,,,,,,,,,,,,,0.0,1.0,,0.0,0.03565236181020737,0.998275101184845,1.0079985857009888,,,,,,,
4091,,,,,,,,,,,,,,,0.0,1.0,,0.0,0.05981208384037018,0.9985167384147644,1.0079985857009888,,,,,,,
4092,,,,,,,,,,,,,,,0.0,1.0,,0.0,0.11910038441419601,0.9991096258163452,1.0079985857009888,,,,,,,
4093,,,,,,,,,,,,,,,0.0,1.0,,0.0,0.04366324841976166,0.9983552098274231,1.0079985857009888,,,,,,,
4094,,,,,,,,,,,,,,,0.0,1.0,,0.0,0.04986888915300369,0.998417317867279,1.0079985857009888,,,,,,,
4095,,,,,,,,,,,,,,,0.0,1.0,,0.0,0.029364002868533134,0.9982122182846069,1.0079985857009888,,,,,,,
4096,,,,,,,,,,,,,,,0.0,1.0,,0.0,0.062447115778923035,0.9985430836677551,1.0079985857009888,,,,,,,
4097,,,,,,,,,,,,,,,0.0,1.0,,0.0,0.030914276838302612,0.9982277750968933,1.0079985857009888,,,,,,,
4098,,,,,,,,,,,,,,,0.0,1.0,,0.0,0.07597038894891739,0.9986783266067505,1.0079985857009888,,,,,,,
4099,102.0,0.026981305330991745,,,,,,,,,,,,,0.0,1.0,0.0010000000474974513,0.0,0.026981305330991745,0.9981884360313416,1.0079985857009888,,0.026981305330991745,0.026981305330991745,0.017975106835365295,0.026981305330991745,0.0,0.026981305330991745
4100,,,,,,,,,,,,,,,0.0,1.0,,0.0,0.04341582953929901,0.9983527660369873,1.0079985857009888,,,,,,,
4101,,,,,,,,,,,,,,,0.0,1.0,,0.0,0.0535396970808506,0.9984539747238159,1.0079985857009888,,,,,,,
4102,,,,,,,,,,,,,,,0.0,1.0,,0.0,0.06352125108242035,0.9985538125038147,1.0079985857009888,,,,,,,
4103,,,,,,,,,,,,,,,0.0,1.0,,0.0,0.03293890506029129,0.9982479810714722,1.0079985857009888,,,,,,,
4104,,,,,,,,,,,,,,,0.0,1.0,,0.0,0.08918973803520203,0.9988105297088623,1.0079985857009888,,,,,,,
4105,,,,,,,,,,,,,,,0.0,1.0,,0.0,0.04484977573156357,0.9983671307563782,1.0079985857009888,,,,,,,
4106,,,,,,,,,,,,,,,0.0,1.0,,0.0,0.044186487793922424,0.9983604550361633,1.0079985857009888,,,,,,,
4107,,,,,,,,,,,,,,,0.0,1.0,,0.0,0.042322125285863876,0.9983417987823486,1.0079985857009888,,,,,,,
4108,,,,,,,,,,,,,,,0.0,1.0,,0.0,0.041273292154073715,0.9983313679695129,1.0079985857009888,,,,,,,
4109,,,,,,,,,,,,,,,0.0,1.0,,0.0,0.02370649203658104,0.9981556534767151,1.0079985857009888,,,,,,,
4110,,,,,,,,,,,,,,,0.0,1.0,,0.0,0.1550493985414505,0.9994691014289856,1.0079985857009888,,,,,,,
4111,,,,,,,,,,,,,,,0.0,1.0,,0.0,0.06708038598299026,0.9985893964767456,1.0079985857009888,,,,,,,
4112,,,,,,,,,,,,,,,0.0,1.0,,0.0,0.11278019100427628,0.9990463852882385,1.0079985857009888,,,,,,,
4113,,,,,,,,,,,,,,,0.0,1.0,,0.0,0.03693779185414314,0.9982879757881165,1.0079985857009888,,,,,,,
4114,,,,,,,,,,,,,,,0.0,1.0,,0.0,0.0552656389772892,0.9984712600708008,1.0079985857009888,,,,,,,
4115,,,,,,,,,,,,,,,0.0,1.0,,0.0,0.03520381450653076,0.9982706308364868,1.0079985857009888,,,,,,,
4116,,,,,,,,,,,,,,,0.0,1.0,,0.0,0.07096025347709656,0.9986281991004944,1.0079985857009888,,,,,,,
4117,,,,,,,,,,,,,,,0.0,1.0,,0.0,0.06396067887544632,0.9985582232475281,1.0079985857009888,,,,,,,
4118,,,,,,,,,,,,,,,0.0,1.0,,0.0,0.06082151457667351,0.9985268115997314,1.0079985857009888,,,,,,,
4119,102.0,0.17018680274486542,,0.07442522048950195,0.17018680274486542,0.0,0.17018680274486542,2.5177371501922607,0.21960391104221344,5.470897674560547,6.942055702209473,0.9769067764282227,0.973639726638794,0.9624369144439697,0.0,1.0,,0.0,0.08076505362987518,0.9987262487411499,1.0079985857009888,0.0549820177257061,,,,,,
4120,,,,,,,,,,,,,,,0.0,1.0,,0.0,0.07753706723451614,0.9986940026283264,1.0079985857009888,,,,,,,
4121,,,,,,,,,,,,,,,0.0,1.0,,0.0,0.0741439238190651,0.9986600279808044,1.0079985857009888,,,,,,,
4122,,,,,,,,,,,,,,,0.0,1.0,,0.0,0.055487800389528275,0.9984734654426575,1.0079985857009888,,,,,,,
4123,,,,,,,,,,,,,,,0.0,1.0,,0.0,0.06928488612174988,0.9986114501953125,1.0079985857009888,,,,,,,
4124,,,,,,,,,,,,,,,0.0,1.0,,0.0,0.06590502709150314,0.9985776543617249,1.0079985857009888,,,,,,,
4125,,,,,,,,,,,,,,,0.0,1.0,,0.0,0.029852353036403656,0.9982171058654785,1.0079985857009888,,,,,,,
4126,,,,,,,,,,,,,,,0.0,1.0,,0.0,0.032218124717473984,0.9982407689094543,1.0079985857009888,,,,,,,
4127,,,,,,,,,,,,,,,0.0,1.0,,0.0,0.06689809262752533,0.9985876083374023,1.0079985857009888,,,,,,,
4128,,,,,,,,,,,,,,,0.0,1.0,,0.0,0.0744268000125885,0.9986628890037537,1.0079985857009888,,,,,,,
4129,,,,,,,,,,,,,,,0.0,1.0,,0.0,0.033642277121543884,0.9982550144195557,1.0079985857009888,,,,,,,
4130,,,,,,,,,,,,,,,0.0,1.0,,0.0,0.07970274984836578,0.9987156391143799,1.0079985857009888,,,,,,,
4131,,,,,,,,,,,,,,,0.0,1.0,,0.0,0.11255473643541336,0.9990441799163818,1.0079985857009888,,,,,,,
4132,,,,,,,,,,,,,,,0.0,1.0,,0.0,0.04608700051903725,0.9983794689178467,1.0079985857009888,,,,,,,
4133,,,,,,,,,,,,,,,0.0,1.0,,0.0,0.04721367359161377,0.9983907341957092,1.0079985857009888,,,,,,,
4134,,,,,,,,,,,,,,,0.0,1.0,,0.0,0.04489242658019066,0.9983675479888916,1.0079985857009888,,,,,,,
4135,,,,,,,,,,,,,,,0.0,1.0,,0.0,0.03694138675928116,0.9982880353927612,1.0079985857009888,,,,,,,
4136,,,,,,,,,,,,,,,0.0,1.0,,0.0,0.03505894914269447,0.9982692003250122,1.0079985857009888,,,,,,,
4137,,,,,,,,,,,,,,,0.0,1.0,,0.0,0.05754164978861809,0.998494029045105,1.0079985857009888,,,,,,,
4138,,,,,,,,,,,,,,,0.0,1.0,,0.0,0.0658317506313324,0.9985769391059875,1.0079985857009888,,,,,,,
4139,,,,,,,,,,,,,,,0.0,1.0,,0.0,0.03355482593178749,0.9982541799545288,1.0079985857009888,,,,,,,
4140,,,,,,,,,,,,,,,0.0,1.0,,0.0,0.0882774069905281,0.9988013505935669,1.0079985857009888,,,,,,,
4141,,,,,,,,,,,,,,,0.0,1.0,,0.0,0.04616117849946022,0.9983802437782288,1.0079985857009888,,,,,,,
4142,,,,,,,,,,,,,,,0.0,1.0,,0.0,0.06651545315980911,0.9985837340354919,1.0079985857009888,,,,,,,
4143,,,,,,,,,,,,,,,0.0,1.0,,0.0,0.04987623542547226,0.9984173774719238,1.0079985857009888,,,,,,,
4144,,,,,,,,,,,,,,,0.0,1.0,,0.0,0.05779553949832916,0.9984965324401855,1.0079985857009888,,,,,,,
4145,,,,,,,,,,,,,,,0.0,1.0,,0.0,0.06119392812252045,0.9985305666923523,1.0079985857009888,,,,,,,
4146,,,,,,,,,,,,,,,0.0,1.0,,0.0,0.04652177169919014,0.9983838200569153,1.0079985857009888,,,,,,,
4147,,,,,,,,,,,,,,,0.0,1.0,,0.0,0.049739230424165726,0.998416006565094,1.0079985857009888,,,,,,,
4148,,,,,,,,,,,,,,,0.0,1.0,,0.0,0.0481652207672596,0.9984002709388733,1.0079985857009888,,,,,,,
4149,103.0,0.044197987765073776,,,,,,,,,,,,,0.0,1.0,0.0010000000474974513,0.0,0.044197987765073776,0.9983605742454529,1.0079985857009888,,0.044197987765073776,0.044197987765073776,0.019996829330921173,0.044197987765073776,0.0,0.044197987765073776
4150,,,,,,,,,,,,,,,0.0,1.0,,0.0,0.0764269307255745,0.9986828565597534,1.0079985857009888,,,,,,,
4151,,,,,,,,,,,,,,,0.0,1.0,,0.0,0.07739903777837753,0.9986925721168518,1.0079985857009888,,,,,,,
4152,,,,,,,,,,,,,,,0.0,1.0,,0.0,0.03129145875573158,0.9982315301895142,1.0079985857009888,,,,,,,
4153,,,,,,,,,,,,,,,0.0,1.0,,0.0,0.05652012303471565,0.9984838366508484,1.0079985857009888,,,,,,,
4154,,,,,,,,,,,,,,,0.0,1.0,,0.0,0.04237445816397667,0.9983423352241516,1.0079985857009888,,,,,,,
4155,,,,,,,,,,,,,,,0.0,1.0,,0.0,0.039933573454618454,0.9983179569244385,1.0079985857009888,,,,,,,
4156,,,,,,,,,,,,,,,0.0,1.0,,0.0,0.06729845702648163,0.9985916018486023,1.0079985857009888,,,,,,,
4157,,,,,,,,,,,,,,,0.0,1.0,,0.0,0.08006518334150314,0.9987192749977112,1.0079985857009888,,,,,,,
4158,,,,,,,,,,,,,,,0.0,1.0,,0.0,0.059835873544216156,0.9985169768333435,1.0079985857009888,,,,,,,
4159,103.0,0.30649200081825256,,0.12705345451831818,0.30649200081825256,0.0,0.30649200081825256,2.475968837738037,0.22508040070533752,5.447693347930908,7.076303958892822,0.9792720675468445,0.9759262800216675,0.682637631893158,0.0,1.0,,0.0,0.10031107068061829,0.9989216923713684,1.0079985857009888,0.05531742051243782,,,,,,
4160,,,,,,,,,,,,,,,0.0,1.0,,0.0,0.05752088502049446,0.9984937906265259,1.0079985857009888,,,,,,,
4161,,,,,,,,,,,,,,,0.0,1.0,,0.0,0.06831073015928268,0.9986017346382141,1.0079985857009888,,,,,,,
4162,,,,,,,,,,,,,,,0.0,1.0,,0.0,0.07602377980947495,0.9986788630485535,1.0079985857009888,,,,,,,
4163,,,,,,,,,,,,,,,0.0,1.0,,0.0,0.03167986497282982,0.9982354044914246,1.0079985857009888,,,,,,,
4164,,,,,,,,,,,,,,,0.0,1.0,,0.0,0.037635866552591324,0.9982949495315552,1.0079985857009888,,,,,,,
4165,,,,,,,,,,,,,,,0.0,1.0,,0.0,0.14074774086475372,0.9993261098861694,1.0079985857009888,,,,,,,
4166,,,,,,,,,,,,,,,0.0,1.0,,0.0,0.04576975852251053,0.9983763098716736,1.0079985857009888,,,,,,,
4167,,,,,,,,,,,,,,,0.0,1.0,,0.0,0.026867151260375977,0.9981873035430908,1.0079985857009888,,,,,,,
4168,,,,,,,,,,,,,,,0.0,1.0,,0.0,0.04610179737210274,0.998379647731781,1.0079985857009888,,,,,,,
4169,,,,,,,,,,,,,,,0.0,1.0,,0.0,0.036213070154190063,0.9982807636260986,1.0079985857009888,,,,,,,
4170,,,,,,,,,,,,,,,0.0,1.0,,0.0,0.07172521948814392,0.9986358284950256,1.0079985857009888,,,,,,,
4171,,,,,,,,,,,,,,,0.0,1.0,,0.0,0.0493895448744297,0.9984124898910522,1.0079985857009888,,,,,,,
4172,,,,,,,,,,,,,,,0.0,1.0,,0.0,0.02775900438427925,0.9981961846351624,1.0079985857009888,,,,,,,
4173,,,,,,,,,,,,,,,0.0,1.0,,0.0,0.051671236753463745,0.9984353184700012,1.0079985857009888,,,,,,,
4174,,,,,,,,,,,,,,,0.0,1.0,,0.0,0.022034259513020515,0.998138964176178,1.0079985857009888,,,,,,,
4175,,,,,,,,,,,,,,,0.0,1.0,,0.0,0.03437942638993263,0.9982624053955078,1.0079985857009888,,,,,,,
4176,,,,,,,,,,,,,,,0.0,1.0,,0.0,0.037109874188899994,0.9982897043228149,1.0079985857009888,,,,,,,
4177,,,,,,,,,,,,,,,0.0,1.0,,0.0,0.027392691001296043,0.998192548751831,1.0079985857009888,,,,,,,
4178,,,,,,,,,,,,,,,0.0,1.0,,0.0,0.03894110023975372,0.998308002948761,1.0079985857009888,,,,,,,
4179,,,,,,,,,,,,,,,0.0,1.0,,0.0,0.03001045621931553,0.9982187151908875,1.0079985857009888,,,,,,,
4180,,,,,,,,,,,,,,,0.0,1.0,,0.0,0.048409461975097656,0.9984027147293091,1.0079985857009888,,,,,,,
4181,,,,,,,,,,,,,,,0.0,1.0,,0.0,0.05688641592860222,0.9984874725341797,1.0079985857009888,,,,,,,
4182,,,,,,,,,,,,,,,0.0,1.0,,0.0,0.05483120679855347,0.9984669089317322,1.0079985857009888,,,,,,,
4183,,,,,,,,,,,,,,,0.0,1.0,,0.0,0.03517325222492218,0.9982703328132629,1.0079985857009888,,,,,,,
4184,,,,,,,,,,,,,,,0.0,1.0,,0.0,0.02684766985476017,0.9981870651245117,1.0079985857009888,,,,,,,
4185,,,,,,,,,,,,,,,0.0,1.0,,0.0,0.03553038835525513,0.9982739090919495,1.0079985857009888,,,,,,,
4186,,,,,,,,,,,,,,,0.0,1.0,,0.0,0.0323481559753418,0.9982420802116394,1.0079985857009888,,,,,,,
4187,,,,,,,,,,,,,,,0.0,1.0,,0.0,0.039533648639917374,0.9983139634132385,1.0079985857009888,,,,,,,
4188,,,,,,,,,,,,,,,0.0,1.0,,0.0,0.028860120102763176,0.9982072114944458,1.0079985857009888,,,,,,,
4189,,,,,,,,,,,,,,,0.0,1.0,,0.0,0.052822984755039215,0.9984468221664429,1.0079985857009888,,,,,,,
4190,,,,,,,,,,,,,,,0.0,1.0,,0.0,0.056157488375902176,0.9984802007675171,1.0079985857009888,,,,,,,
4191,,,,,,,,,,,,,,,0.0,1.0,,0.0,0.026325954124331474,0.9981818795204163,1.0079985857009888,,,,,,,
4192,,,,,,,,,,,,,,,0.0,1.0,,0.0,0.03188350051641464,0.9982374310493469,1.0079985857009888,,,,,,,
4193,,,,,,,,,,,,,,,0.0,1.0,,0.0,0.03967030718922615,0.9983153343200684,1.0079985857009888,,,,,,,
4194,,,,,,,,,,,,,,,0.0,1.0,,0.0,0.039889998733997345,0.9983174800872803,1.0079985857009888,,,,,,,
4195,,,,,,,,,,,,,,,0.0,1.0,,0.0,0.043941378593444824,0.9983580112457275,1.0079985857009888,,,,,,,
4196,,,,,,,,,,,,,,,0.0,1.0,,0.0,0.05565981566905975,0.998475193977356,1.0079985857009888,,,,,,,
4197,,,,,,,,,,,,,,,0.0,1.0,,0.0,0.039706625044345856,0.998315691947937,1.0079985857009888,,,,,,,
4198,,,,,,,,,,,,,,,0.0,1.0,,0.0,0.05013604834675789,0.9984199404716492,1.0079985857009888,,,,,,,
4199,104.0,0.17601366341114044,,0.07687103003263474,0.17601366341114044,0.0,0.17601366341114044,2.568342685699463,0.22422316670417786,5.581418991088867,7.1300811767578125,0.9766108989715576,0.9732200503349304,1.04813814163208,0.0,1.0,0.0010000000474974513,0.0,0.04972973093390465,0.9984158873558044,1.0079985857009888,0.04989590495824814,0.04972973093390465,0.04972973093390465,0.022302765399217606,0.04972973093390465,0.0,0.04972973093390465
4200,,,,,,,,,,,,,,,0.0,1.0,,0.0,0.0848386287689209,0.9987670183181763,1.0079985857009888,,,,,,,
4201,,,,,,,,,,,,,,,0.0,1.0,,0.0,0.050259459763765335,0.9984211921691895,1.0079985857009888,,,,,,,
4202,,,,,,,,,,,,,,,0.0,1.0,,0.0,0.04703323170542717,0.998388946056366,1.0079985857009888,,,,,,,
4203,,,,,,,,,,,,,,,0.0,1.0,,0.0,0.07362411171197891,0.998654842376709,1.0079985857009888,,,,,,,
4204,,,,,,,,,,,,,,,0.0,1.0,,0.0,0.0431983657181263,0.9983505606651306,1.0079985857009888,,,,,,,
4205,,,,,,,,,,,,,,,0.0,1.0,,0.0,0.033132173120975494,0.9982499480247498,1.0079985857009888,,,,,,,
4206,,,,,,,,,,,,,,,0.0,1.0,,0.0,0.03976082429289818,0.99831622838974,1.0079985857009888,,,,,,,
4207,,,,,,,,,,,,,,,0.0,1.0,,0.0,0.05923675000667572,0.9985109567642212,1.0079985857009888,,,,,,,
4208,,,,,,,,,,,,,,,0.0,1.0,,0.0,0.07607303559780121,0.9986793398857117,1.0079985857009888,,,,,,,
4209,,,,,,,,,,,,,,,0.0,1.0,,0.0,0.0341450572013855,0.9982600808143616,1.0079985857009888,,,,,,,
4210,,,,,,,,,,,,,,,0.0,1.0,,0.0,0.03430552035570145,0.9982616901397705,1.0079985857009888,,,,,,,
4211,,,,,,,,,,,,,,,0.0,1.0,,0.0,0.049483999609947205,0.9984134435653687,1.0079985857009888,,,,,,,
4212,,,,,,,,,,,,,,,0.0,1.0,,0.0,0.05473615974187851,0.9984659552574158,1.0079985857009888,,,,,,,
4213,,,,,,,,,,,,,,,0.0,1.0,,0.0,0.030077101662755013,0.99821937084198,1.0079985857009888,,,,,,,
4214,,,,,,,,,,,,,,,0.0,1.0,,0.0,0.04003012552857399,0.9983189105987549,1.0079985857009888,,,,,,,
4215,,,,,,,,,,,,,,,0.0,1.0,,0.0,0.052252449095249176,0.9984411597251892,1.0079985857009888,,,,,,,
4216,,,,,,,,,,,,,,,0.0,1.0,,0.0,0.026104360818862915,0.9981796741485596,1.0079985857009888,,,,,,,
4217,,,,,,,,,,,,,,,0.0,1.0,,0.0,0.030213646590709686,0.9982207417488098,1.0079985857009888,,,,,,,
4218,,,,,,,,,,,,,,,0.0,1.0,,0.0,0.06700695306062698,0.9985886812210083,1.0079985857009888,,,,,,,
4219,,,,,,,,,,,,,,,0.0,1.0,,0.0,0.024283060804009438,0.9981614351272583,1.0079985857009888,,,,,,,
4220,,,,,,,,,,,,,,,0.0,1.0,,0.0,0.030340993776917458,0.9982219934463501,1.0079985857009888,,,,,,,
4221,,,,,,,,,,,,,,,0.0,1.0,,0.0,0.05161310359835625,0.9984347224235535,1.0079985857009888,,,,,,,
4222,,,,,,,,,,,,,,,0.0,1.0,,0.0,0.02407247945666313,0.9981593489646912,1.0079985857009888,,,,,,,
4223,,,,,,,,,,,,,,,0.0,1.0,,0.0,0.026379436254501343,0.9981824159622192,1.0079985857009888,,,,,,,
4224,,,,,,,,,,,,,,,0.0,1.0,,0.0,0.023242050781846046,0.9981510043144226,1.0079985857009888,,,,,,,
4225,,,,,,,,,,,,,,,0.0,1.0,,0.0,0.022498292848467827,0.9981436133384705,1.0079985857009888,,,,,,,
4226,,,,,,,,,,,,,,,0.0,1.0,,0.0,0.05271830037236214,0.9984458088874817,1.0079985857009888,,,,,,,
4227,,,,,,,,,,,,,,,0.0,1.0,,0.0,0.08917320519685745,0.998810350894928,1.0079985857009888,,,,,,,
4228,,,,,,,,,,,,,,,0.0,1.0,,0.0,0.05057354271411896,0.9984243512153625,1.0079985857009888,,,,,,,
4229,,,,,,,,,,,,,,,0.0,1.0,,0.0,0.027724169194698334,0.9981958270072937,1.0079985857009888,,,,,,,
4230,,,,,,,,,,,,,,,0.0,1.0,,0.0,0.061300791800022125,0.9985316395759583,1.0079985857009888,,,,,,,
4231,,,,,,,,,,,,,,,0.0,1.0,,0.0,0.043939314782619476,0.9983580112457275,1.0079985857009888,,,,,,,
4232,,,,,,,,,,,,,,,0.0,1.0,,0.0,0.08326929062604904,0.9987512826919556,1.0079985857009888,,,,,,,
4233,,,,,,,,,,,,,,,0.0,1.0,,0.0,0.0787118449807167,0.9987057447433472,1.0079985857009888,,,,,,,
4234,,,,,,,,,,,,,,,0.0,1.0,,0.0,0.04998942092061043,0.9984185099601746,1.0079985857009888,,,,,,,
4235,,,,,,,,,,,,,,,0.0,1.0,,0.0,0.05656111612915993,0.998484194278717,1.0079985857009888,,,,,,,
4236,,,,,,,,,,,,,,,0.0,1.0,,0.0,0.03253331035375595,0.9982439279556274,1.0079985857009888,,,,,,,
4237,,,,,,,,,,,,,,,0.0,1.0,,0.0,0.06637422740459442,0.9985823631286621,1.0079985857009888,,,,,,,
4238,,,,,,,,,,,,,,,0.0,1.0,,0.0,0.06165439635515213,0.99853515625,1.0079985857009888,,,,,,,
4239,105.0,0.14814314246177673,,0.07034654915332794,0.14814314246177673,0.0,0.14814314246177673,2.3164894580841064,0.19700247049331665,5.064090728759766,6.620119571685791,0.9779595732688904,0.9750341176986694,0.8142589330673218,0.0,1.0,,0.0,0.09295017272233963,0.9988480806350708,1.0079985857009888,0.04988834634423256,,,,,,
4240,,,,,,,,,,,,,,,0.0,1.0,,0.0,0.04413926228880882,0.9983599781990051,1.0079985857009888,,,,,,,
4241,,,,,,,,,,,,,,,0.0,1.0,,0.0,0.052919644862413406,0.9984477758407593,1.0079985857009888,,,,,,,
4242,,,,,,,,,,,,,,,0.0,1.0,,0.0,0.07034140080213547,0.9986220002174377,1.0079985857009888,,,,,,,
4243,,,,,,,,,,,,,,,0.0,1.0,,0.0,0.0346200056374073,0.9982647895812988,1.0079985857009888,,,,,,,
4244,,,,,,,,,,,,,,,0.0,1.0,,0.0,0.03871016204357147,0.9983056783676147,1.0079985857009888,,,,,,,
4245,,,,,,,,,,,,,,,0.0,1.0,,0.0,0.0870579406619072,0.9987891912460327,1.0079985857009888,,,,,,,
4246,,,,,,,,,,,,,,,0.0,1.0,,0.0,0.0867759957909584,0.9987863898277283,1.0079985857009888,,,,,,,
4247,,,,,,,,,,,,,,,0.0,1.0,,0.0,0.04807877168059349,0.9983993768692017,1.0079985857009888,,,,,,,
4248,,,,,,,,,,,,,,,0.0,1.0,,0.0,0.06557773053646088,0.9985743761062622,1.0079985857009888,,,,,,,
4249,106.0,0.14019887149333954,,,,,,,,,,,,,0.0,1.0,0.0010000000474974513,0.0,0.14019887149333954,0.9993205666542053,1.0079985857009888,,0.14019887149333954,0.14019887149333954,0.05077647045254707,0.14019887149333954,0.0,0.14019887149333954
4250,,,,,,,,,,,,,,,0.0,1.0,,0.0,0.06259623169898987,0.9985445737838745,1.0079985857009888,,,,,,,
4251,,,,,,,,,,,,,,,0.0,1.0,,0.0,0.10616525262594223,0.9989802837371826,1.0079985857009888,,,,,,,
4252,,,,,,,,,,,,,,,0.0,1.0,,0.0,0.05239935219287872,0.9984425902366638,1.0079985857009888,,,,,,,
4253,,,,,,,,,,,,,,,0.0,1.0,,0.0,0.05319412797689438,0.998450517654419,1.0079985857009888,,,,,,,
4254,,,,,,,,,,,,,,,0.0,1.0,,0.0,0.06692134588956833,0.9985878467559814,1.0079985857009888,,,,,,,
4255,,,,,,,,,,,,,,,0.0,1.0,,0.0,0.07804529368877411,0.9986990690231323,1.0079985857009888,,,,,,,
4256,,,,,,,,,,,,,,,0.0,1.0,,0.0,0.03664524853229523,0.9982850551605225,1.0079985857009888,,,,,,,
4257,,,,,,,,,,,,,,,0.0,1.0,,0.0,0.07285176217556,0.9986470937728882,1.0079985857009888,,,,,,,
4258,,,,,,,,,,,,,,,0.0,1.0,,0.0,0.04243076220154762,0.9983429312705994,1.0079985857009888,,,,,,,
4259,,,,,,,,,,,,,,,0.0,1.0,,0.0,0.09216652810573578,0.9988402724266052,1.0079985857009888,,,,,,,
4260,,,,,,,,,,,,,,,0.0,1.0,,0.0,0.1086634173989296,0.9990052580833435,1.0079985857009888,,,,,,,
4261,,,,,,,,,,,,,,,0.0,1.0,,0.0,0.0839763730764389,0.9987583756446838,1.0079985857009888,,,,,,,
4262,,,,,,,,,,,,,,,0.0,1.0,,0.0,0.040490586310625076,0.9983235001564026,1.0079985857009888,,,,,,,
4263,,,,,,,,,,,,,,,0.0,1.0,,0.0,0.04080842062830925,0.9983267188072205,1.0079985857009888,,,,,,,
4264,,,,,,,,,,,,,,,0.0,1.0,,0.0,0.03628241643309593,0.9982814192771912,1.0079985857009888,,,,,,,
4265,,,,,,,,,,,,,,,0.0,1.0,,0.0,0.03696227818727493,0.9982882142066956,1.0079985857009888,,,,,,,
4266,,,,,,,,,,,,,,,0.0,1.0,,0.0,0.05074695497751236,0.998426079750061,1.0079985857009888,,,,,,,
4267,,,,,,,,,,,,,,,0.0,1.0,,0.0,0.026739805936813354,0.9981859922409058,1.0079985857009888,,,,,,,
4268,,,,,,,,,,,,,,,0.0,1.0,,0.0,0.051512710750103,0.9984337091445923,1.0079985857009888,,,,,,,
4269,,,,,,,,,,,,,,,0.0,1.0,,0.0,0.04620843753218651,0.9983806610107422,1.0079985857009888,,,,,,,
4270,,,,,,,,,,,,,,,0.0,1.0,,0.0,0.054028719663619995,0.9984589219093323,1.0079985857009888,,,,,,,
4271,,,,,,,,,,,,,,,0.0,1.0,,0.0,0.09333426505327225,0.9988519549369812,1.0079985857009888,,,,,,,
4272,,,,,,,,,,,,,,,0.0,1.0,,0.0,0.12011529505252838,0.999119758605957,1.0079985857009888,,,,,,,
4273,,,,,,,,,,,,,,,0.0,1.0,,0.0,0.03971455618739128,0.9983157515525818,1.0079985857009888,,,,,,,
4274,,,,,,,,,,,,,,,0.0,1.0,,0.0,0.06453285366296768,0.9985639452934265,1.0079985857009888,,,,,,,
4275,,,,,,,,,,,,,,,0.0,1.0,,0.0,0.03645235300064087,0.9982831478118896,1.0079985857009888,,,,,,,
4276,,,,,,,,,,,,,,,0.0,1.0,,0.0,0.0446852445602417,0.9983654618263245,1.0079985857009888,,,,,,,
4277,,,,,,,,,,,,,,,0.0,1.0,,0.0,0.049700457602739334,0.9984155893325806,1.0079985857009888,,,,,,,
4278,,,,,,,,,,,,,,,0.0,1.0,,0.0,0.037395577877759933,0.9982925653457642,1.0079985857009888,,,,,,,
4279,106.0,0.21972401440143585,,0.09516383707523346,0.21972401440143585,0.0,0.21972401440143585,2.545517683029175,0.22275163233280182,5.520210266113281,7.05164909362793,0.976770281791687,0.9734131097793579,0.9240717887878418,0.0,1.0,,0.0,0.10438698530197144,0.9989624619483948,1.0079985857009888,0.05872806906700134,,,,,,
4280,,,,,,,,,,,,,,,0.0,1.0,,0.0,0.05412624403834343,0.9984598755836487,1.0079985857009888,,,,,,,
4281,,,,,,,,,,,,,,,0.0,1.0,,0.0,0.06423268467187881,0.998560905456543,1.0079985857009888,,,,,,,
4282,,,,,,,,,,,,,,,0.0,1.0,,0.0,0.021900078281760216,0.9981375932693481,1.0079985857009888,,,,,,,
4283,,,,,,,,,,,,,,,0.0,1.0,,0.0,0.06078218296170235,0.9985264539718628,1.0079985857009888,,,,,,,
4284,,,,,,,,,,,,,,,0.0,1.0,,0.0,0.032056696712970734,0.9982391595840454,1.0079985857009888,,,,,,,
4285,,,,,,,,,,,,,,,0.0,1.0,,0.0,0.024901792407035828,0.9981676340103149,1.0079985857009888,,,,,,,
4286,,,,,,,,,,,,,,,0.0,1.0,,0.0,0.029837829992175102,0.998216986656189,1.0079985857009888,,,,,,,
4287,,,,,,,,,,,,,,,0.0,1.0,,0.0,0.04602063074707985,0.9983788132667542,1.0079985857009888,,,,,,,
4288,,,,,,,,,,,,,,,0.0,1.0,,0.0,0.03472358360886574,0.9982658624649048,1.0079985857009888,,,,,,,
4289,,,,,,,,,,,,,,,0.0,1.0,,0.0,0.1034163311123848,0.9989527463912964,1.0079985857009888,,,,,,,
4290,,,,,,,,,,,,,,,0.0,1.0,,0.0,0.07961040735244751,0.9987146854400635,1.0079985857009888,,,,,,,
4291,,,,,,,,,,,,,,,0.0,1.0,,0.0,0.07742659747600555,0.9986928701400757,1.0079985857009888,,,,,,,
4292,,,,,,,,,,,,,,,0.0,1.0,,0.0,0.04629224166274071,0.9983815550804138,1.0079985857009888,,,,,,,
4293,,,,,,,,,,,,,,,0.0,1.0,,0.0,0.0866473838686943,0.9987850785255432,1.0079985857009888,,,,,,,
4294,,,,,,,,,,,,,,,0.0,1.0,,0.0,0.057052984833717346,0.9984891414642334,1.0079985857009888,,,,,,,
4295,,,,,,,,,,,,,,,0.0,1.0,,0.0,0.04812683165073395,0.9983998537063599,1.0079985857009888,,,,,,,
4296,,,,,,,,,,,,,,,0.0,1.0,,0.0,0.04493001475930214,0.9983679056167603,1.0079985857009888,,,,,,,
4297,,,,,,,,,,,,,,,0.0,1.0,,0.0,0.05178329721093178,0.998436450958252,1.0079985857009888,,,,,,,
4298,,,,,,,,,,,,,,,0.0,1.0,,0.0,0.10054859519004822,0.9989240765571594,1.0079985857009888,,,,,,,
4299,107.0,0.02773498184978962,,,,,,,,,,,,,0.0,1.0,0.0010000000474974513,0.0,0.02773498184978962,0.9981959462165833,1.0079985857009888,,0.02773498184978962,0.02773498184978962,0.022062838077545166,0.02773498184978962,0.0,0.02773498184978962
4300,,,,,,,,,,,,,,,0.0,1.0,,0.0,0.10296845436096191,0.9989482760429382,1.0079985857009888,,,,,,,
4301,,,,,,,,,,,,,,,0.0,1.0,,0.0,0.06271763145923615,0.99854576587677,1.0079985857009888,,,,,,,
4302,,,,,,,,,,,,,,,0.0,1.0,,0.0,0.03539986535906792,0.9982725977897644,1.0079985857009888,,,,,,,
4303,,,,,,,,,,,,,,,0.0,1.0,,0.0,0.03319377079606056,0.9982505440711975,1.0079985857009888,,,,,,,
4304,,,,,,,,,,,,,,,0.0,1.0,,0.0,0.04843812808394432,0.998403012752533,1.0079985857009888,,,,,,,
4305,,,,,,,,,,,,,,,0.0,1.0,,0.0,0.05955928936600685,0.9985141754150391,1.0079985857009888,,,,,,,
4306,,,,,,,,,,,,,,,0.0,1.0,,0.0,0.06277142465114594,0.998546302318573,1.0079985857009888,,,,,,,
4307,,,,,,,,,,,,,,,0.0,1.0,,0.0,0.09419164061546326,0.9988605380058289,1.0079985857009888,,,,,,,
4308,,,,,,,,,,,,,,,0.0,1.0,,0.0,0.028166040778160095,0.9982002377510071,1.0079985857009888,,,,,,,
4309,,,,,,,,,,,,,,,0.0,1.0,,0.0,0.046598054468631744,0.9983845949172974,1.0079985857009888,,,,,,,
4310,,,,,,,,,,,,,,,0.0,1.0,,0.0,0.056258220225572586,0.9984812140464783,1.0079985857009888,,,,,,,
4311,,,,,,,,,,,,,,,0.0,1.0,,0.0,0.06701730191707611,0.9985888004302979,1.0079985857009888,,,,,,,
4312,,,,,,,,,,,,,,,0.0,1.0,,0.0,0.045313041657209396,0.9983717203140259,1.0079985857009888,,,,,,,
4313,,,,,,,,,,,,,,,0.0,1.0,,0.0,0.06740078330039978,0.9985926151275635,1.0079985857009888,,,,,,,
4314,,,,,,,,,,,,,,,0.0,1.0,,0.0,0.04546843841671944,0.99837327003479,1.0079985857009888,,,,,,,
4315,,,,,,,,,,,,,,,0.0,1.0,,0.0,0.038206785917282104,0.9983006715774536,1.0079985857009888,,,,,,,
4316,,,,,,,,,,,,,,,0.0,1.0,,0.0,0.06049622967839241,0.9985235929489136,1.0079985857009888,,,,,,,
4317,,,,,,,,,,,,,,,0.0,1.0,,0.0,0.12248703837394714,0.9991434812545776,1.0079985857009888,,,,,,,
4318,,,,,,,,,,,,,,,0.0,1.0,,0.0,0.0808880403637886,0.9987275004386902,1.0079985857009888,,,,,,,
4319,107.0,0.2556155323982239,,0.10510001331567764,0.2556155323982239,0.0,0.2556155323982239,2.28019118309021,0.20962238311767578,4.845636367797852,6.388936519622803,0.9779208302497864,0.9751214385032654,1.0964773893356323,0.0,1.0,,0.0,0.12791326642036438,0.9991977214813232,1.0079985857009888,0.0539846234023571,,,,,,
4320,,,,,,,,,,,,,,,0.0,1.0,,0.0,0.06870807707309723,0.9986056685447693,1.0079985857009888,,,,,,,
4321,,,,,,,,,,,,,,,0.0,1.0,,0.0,0.05353420600295067,0.9984539747238159,1.0079985857009888,,,,,,,
4322,,,,,,,,,,,,,,,0.0,1.0,,0.0,0.05374583601951599,0.9984560608863831,1.0079985857009888,,,,,,,
4323,,,,,,,,,,,,,,,0.0,1.0,,0.0,0.0635913759469986,0.998554527759552,1.0079985857009888,,,,,,,
4324,,,,,,,,,,,,,,,0.0,1.0,,0.0,0.06519455462694168,0.9985705614089966,1.0079985857009888,,,,,,,
4325,,,,,,,,,,,,,,,0.0,1.0,,0.0,0.048352066427469254,0.9984021186828613,1.0079985857009888,,,,,,,
4326,,,,,,,,,,,,,,,0.0,1.0,,0.0,0.10411495715379715,0.9989597797393799,1.0079985857009888,,,,,,,
4327,,,,,,,,,,,,,,,0.0,1.0,,0.0,0.06750009953975677,0.9985936284065247,1.0079985857009888,,,,,,,
4328,,,,,,,,,,,,,,,0.0,1.0,,0.0,0.054144326597452164,0.998460054397583,1.0079985857009888,,,,,,,
4329,,,,,,,,,,,,,,,0.0,1.0,,0.0,0.03985177353024483,0.9983171224594116,1.0079985857009888,,,,,,,
4330,,,,,,,,,,,,,,,0.0,1.0,,0.0,0.044229935854673386,0.9983609318733215,1.0079985857009888,,,,,,,
4331,,,,,,,,,,,,,,,0.0,1.0,,0.0,0.04673311114311218,0.9983859658241272,1.0079985857009888,,,,,,,
4332,,,,,,,,,,,,,,,0.0,1.0,,0.0,0.0515720397233963,0.99843430519104,1.0079985857009888,,,,,,,
4333,,,,,,,,,,,,,,,0.0,1.0,,0.0,0.03702118992805481,0.9982888102531433,1.0079985857009888,,,,,,,
4334,,,,,,,,,,,,,,,0.0,1.0,,0.0,0.0342283695936203,0.9982609152793884,1.0079985857009888,,,,,,,
4335,,,,,,,,,,,,,,,0.0,1.0,,0.0,0.04210774227976799,0.9983397126197815,1.0079985857009888,,,,,,,
4336,,,,,,,,,,,,,,,0.0,1.0,,0.0,0.04519594833254814,0.9983705878257751,1.0079985857009888,,,,,,,
4337,,,,,,,,,,,,,,,0.0,1.0,,0.0,0.0809042826294899,0.9987276196479797,1.0079985857009888,,,,,,,
4338,,,,,,,,,,,,,,,0.0,1.0,,0.0,0.027613934129476547,0.9981947541236877,1.0079985857009888,,,,,,,
4339,,,,,,,,,,,,,,,0.0,1.0,,0.0,0.029541542753577232,0.9982140064239502,1.0079985857009888,,,,,,,
4340,,,,,,,,,,,,,,,0.0,1.0,,0.0,0.030616730451583862,0.9982247948646545,1.0079985857009888,,,,,,,
4341,,,,,,,,,,,,,,,0.0,1.0,,0.0,0.041747111827135086,0.9983360767364502,1.0079985857009888,,,,,,,
4342,,,,,,,,,,,,,,,0.0,1.0,,0.0,0.0359535850584507,0.9982781410217285,1.0079985857009888,,,,,,,
4343,,,,,,,,,,,,,,,0.0,1.0,,0.0,0.030719101428985596,0.9982258081436157,1.0079985857009888,,,,,,,
4344,,,,,,,,,,,,,,,0.0,1.0,,0.0,0.04623780399560928,0.9983809590339661,1.0079985857009888,,,,,,,
4345,,,,,,,,,,,,,,,0.0,1.0,,0.0,0.03855687379837036,0.9983041882514954,1.0079985857009888,,,,,,,
4346,,,,,,,,,,,,,,,0.0,1.0,,0.0,0.08596213161945343,0.998778223991394,1.0079985857009888,,,,,,,
4347,,,,,,,,,,,,,,,0.0,1.0,,0.0,0.030176380649209023,0.9982203841209412,1.0079985857009888,,,,,,,
4348,,,,,,,,,,,,,,,0.0,1.0,,0.0,0.03057309240102768,0.9982243180274963,1.0079985857009888,,,,,,,
4349,108.0,0.022534184157848358,,,,,,,,,,,,,0.0,1.0,0.0010000000474974513,0.0,0.022534184157848358,0.9981439709663391,1.0079985857009888,,0.022534184157848358,0.022534184157848358,0.020707232877612114,0.022534184157848358,0.0,0.022534184157848358
4350,,,,,,,,,,,,,,,0.0,1.0,,0.0,0.05215734615921974,0.9984402060508728,1.0079985857009888,,,,,,,
4351,,,,,,,,,,,,,,,0.0,1.0,,0.0,0.029781104996800423,0.9982163906097412,1.0079985857009888,,,,,,,
4352,,,,,,,,,,,,,,,0.0,1.0,,0.0,0.038303982466459274,0.99830162525177,1.0079985857009888,,,,,,,
4353,,,,,,,,,,,,,,,0.0,1.0,,0.0,0.024377042427659035,0.9981623888015747,1.0079985857009888,,,,,,,
4354,,,,,,,,,,,,,,,0.0,1.0,,0.0,0.037894465029239655,0.9982975721359253,1.0079985857009888,,,,,,,
4355,,,,,,,,,,,,,,,0.0,1.0,,0.0,0.031887419521808624,0.9982374906539917,1.0079985857009888,,,,,,,
4356,,,,,,,,,,,,,,,0.0,1.0,,0.0,0.029825923964381218,0.9982168674468994,1.0079985857009888,,,,,,,
4357,,,,,,,,,,,,,,,0.0,1.0,,0.0,0.06418009102344513,0.9985604286193848,1.0079985857009888,,,,,,,
4358,,,,,,,,,,,,,,,0.0,1.0,,0.0,0.04329530894756317,0.9983515739440918,1.0079985857009888,,,,,,,
4359,108.0,0.2689259946346283,,0.11300227791070938,0.2689259946346283,0.0,0.2689259946346283,2.3568437099456787,0.21084974706172943,5.105635643005371,6.6445746421813965,0.9776440858840942,0.9746512174606323,1.0075461864471436,0.0,1.0,,0.0,0.05506538599729538,0.9984692335128784,1.0079985857009888,0.04865570366382599,,,,,,
4360,,,,,,,,,,,,,,,0.0,1.0,,0.0,0.04207160323858261,0.9983392953872681,1.0079985857009888,,,,,,,
4361,,,,,,,,,,,,,,,0.0,1.0,,0.0,0.040522683411836624,0.9983238577842712,1.0079985857009888,,,,,,,
4362,,,,,,,,,,,,,,,0.0,1.0,,0.0,0.05982360988855362,0.998516857624054,1.0079985857009888,,,,,,,
4363,,,,,,,,,,,,,,,0.0,1.0,,0.0,0.037745144218206406,0.9982960820198059,1.0079985857009888,,,,,,,
4364,,,,,,,,,,,,,,,0.0,1.0,,0.0,0.0541570819914341,0.9984601736068726,1.0079985857009888,,,,,,,
4365,,,,,,,,,,,,,,,0.0,1.0,,0.0,0.1070479229092598,0.9989891052246094,1.0079985857009888,,,,,,,
4366,,,,,,,,,,,,,,,0.0,1.0,,0.0,0.030092308297753334,0.9982195496559143,1.0079985857009888,,,,,,,
4367,,,,,,,,,,,,,,,0.0,1.0,,0.0,0.03607719764113426,0.9982793927192688,1.0079985857009888,,,,,,,
4368,,,,,,,,,,,,,,,0.0,1.0,,0.0,0.05333266407251358,0.9984519481658936,1.0079985857009888,,,,,,,
4369,,,,,,,,,,,,,,,0.0,1.0,,0.0,0.03384310007095337,0.998257040977478,1.0079985857009888,,,,,,,
4370,,,,,,,,,,,,,,,0.0,1.0,,0.0,0.09290371090173721,0.9988476634025574,1.0079985857009888,,,,,,,
4371,,,,,,,,,,,,,,,0.0,1.0,,0.0,0.0500432625412941,0.9984190464019775,1.0079985857009888,,,,,,,
4372,,,,,,,,,,,,,,,0.0,1.0,,0.0,0.04199068620800972,0.998338520526886,1.0079985857009888,,,,,,,
4373,,,,,,,,,,,,,,,0.0,1.0,,0.0,0.03947003558278084,0.998313307762146,1.0079985857009888,,,,,,,
4374,,,,,,,,,,,,,,,0.0,1.0,,0.0,0.048544351011514664,0.9984040260314941,1.0079985857009888,,,,,,,
4375,,,,,,,,,,,,,,,0.0,1.0,,0.0,0.04923542961478233,0.9984109401702881,1.0079985857009888,,,,,,,
4376,,,,,,,,,,,,,,,0.0,1.0,,0.0,0.0407169833779335,0.998325765132904,1.0079985857009888,,,,,,,
4377,,,,,,,,,,,,,,,0.0,1.0,,0.0,0.029101628810167313,0.9982095956802368,1.0079985857009888,,,,,,,
4378,,,,,,,,,,,,,,,0.0,1.0,,0.0,0.04228983074426651,0.9983415007591248,1.0079985857009888,,,,,,,
4379,,,,,,,,,,,,,,,0.0,1.0,,0.0,0.05842950940132141,0.9985029101371765,1.0079985857009888,,,,,,,
4380,,,,,,,,,,,,,,,0.0,1.0,,0.0,0.035308290272951126,0.9982717037200928,1.0079985857009888,,,,,,,
4381,,,,,,,,,,,,,,,0.0,1.0,,0.0,0.05818234384059906,0.998500406742096,1.0079985857009888,,,,,,,
4382,,,,,,,,,,,,,,,0.0,1.0,,0.0,0.03509235754609108,0.9982695579528809,1.0079985857009888,,,,,,,
4383,,,,,,,,,,,,,,,0.0,1.0,,0.0,0.09524518251419067,0.9988710284233093,1.0079985857009888,,,,,,,
4384,,,,,,,,,,,,,,,0.0,1.0,,0.0,0.05943602696061134,0.9985129833221436,1.0079985857009888,,,,,,,
4385,,,,,,,,,,,,,,,0.0,1.0,,0.0,0.04696374386548996,0.9983882308006287,1.0079985857009888,,,,,,,
4386,,,,,,,,,,,,,,,0.0,1.0,,0.0,0.08172192424535751,0.9987358450889587,1.0079985857009888,,,,,,,
4387,,,,,,,,,,,,,,,0.0,1.0,,0.0,0.0878843367099762,0.9987974762916565,1.0079985857009888,,,,,,,
4388,,,,,,,,,,,,,,,0.0,1.0,,0.0,0.03114272654056549,0.9982300400733948,1.0079985857009888,,,,,,,
4389,,,,,,,,,,,,,,,0.0,1.0,,0.0,0.05055461823940277,0.9984241724014282,1.0079985857009888,,,,,,,
4390,,,,,,,,,,,,,,,0.0,1.0,,0.0,0.06981966644525528,0.9986168146133423,1.0079985857009888,,,,,,,
4391,,,,,,,,,,,,,,,0.0,1.0,,0.0,0.11339116841554642,0.9990525245666504,1.0079985857009888,,,,,,,
4392,,,,,,,,,,,,,,,0.0,1.0,,0.0,0.03990856185555458,0.9983177185058594,1.0079985857009888,,,,,,,
4393,,,,,,,,,,,,,,,0.0,1.0,,0.0,0.041450127959251404,0.9983330965042114,1.0079985857009888,,,,,,,
4394,,,,,,,,,,,,,,,0.0,1.0,,0.0,0.08420733362436295,0.9987607002258301,1.0079985857009888,,,,,,,
4395,,,,,,,,,,,,,,,0.0,1.0,,0.0,0.06152845919132233,0.9985339045524597,1.0079985857009888,,,,,,,
4396,,,,,,,,,,,,,,,0.0,1.0,,0.0,0.040607936680316925,0.9983246922492981,1.0079985857009888,,,,,,,
4397,,,,,,,,,,,,,,,0.0,1.0,,0.0,0.036296747624874115,0.9982815980911255,1.0079985857009888,,,,,,,
4398,,,,,,,,,,,,,,,0.0,1.0,,0.0,0.052086926996707916,0.9984394907951355,1.0079985857009888,,,,,,,
4399,109.0,0.20714202523231506,,0.08492792397737503,0.20714202523231506,0.0,0.20714202523231506,2.2081048488616943,0.2032375931739807,4.656867980957031,6.185211658477783,0.9801272749900818,0.977348268032074,0.8018702864646912,0.0,1.0,0.0010000000474974513,0.0,0.06553196161985397,0.998573899269104,1.0079985857009888,0.05577871575951576,0.06553196161985397,0.06553196161985397,0.02369198389351368,0.06553196161985397,0.0,0.06553196161985397
4400,,,,,,,,,,,,,,,0.0,1.0,,0.0,0.0335218608379364,0.9982538223266602,1.0079985857009888,,,,,,,
4401,,,,,,,,,,,,,,,0.0,1.0,,0.0,0.0316169336438179,0.998234748840332,1.0079985857009888,,,,,,,
4402,,,,,,,,,,,,,,,0.0,1.0,,0.0,0.053344376385211945,0.9984520673751831,1.0079985857009888,,,,,,,
4403,,,,,,,,,,,,,,,0.0,1.0,,0.0,0.06852584332227707,0.998603880405426,1.0079985857009888,,,,,,,
4404,,,,,,,,,,,,,,,0.0,1.0,,0.0,0.1024019792675972,0.9989426136016846,1.0079985857009888,,,,,,,
4405,,,,,,,,,,,,,,,0.0,1.0,,0.0,0.06167100742459297,0.9985353350639343,1.0079985857009888,,,,,,,
4406,,,,,,,,,,,,,,,0.0,1.0,,0.0,0.12320740520954132,0.9991506934165955,1.0079985857009888,,,,,,,
4407,,,,,,,,,,,,,,,0.0,1.0,,0.0,0.09229079633951187,0.9988415241241455,1.0079985857009888,,,,,,,
4408,,,,,,,,,,,,,,,0.0,1.0,,0.0,0.0360543355345726,0.9982791543006897,1.0079985857009888,,,,,,,
4409,,,,,,,,,,,,,,,0.0,1.0,,0.0,0.038529086858034134,0.9983038902282715,1.0079985857009888,,,,,,,
4410,,,,,,,,,,,,,,,0.0,1.0,,0.0,0.04954852536320686,0.9984140992164612,1.0079985857009888,,,,,,,
4411,,,,,,,,,,,,,,,0.0,1.0,,0.0,0.06558246165513992,0.998574435710907,1.0079985857009888,,,,,,,
4412,,,,,,,,,,,,,,,0.0,1.0,,0.0,0.08251172304153442,0.9987437129020691,1.0079985857009888,,,,,,,
4413,,,,,,,,,,,,,,,0.0,1.0,,0.0,0.03451533615589142,0.9982637763023376,1.0079985857009888,,,,,,,
4414,,,,,,,,,,,,,,,0.0,1.0,,0.0,0.041816990822553635,0.9983367919921875,1.0079985857009888,,,,,,,
4415,,,,,,,,,,,,,,,0.0,1.0,,0.0,0.04064251482486725,0.9983250498771667,1.0079985857009888,,,,,,,
4416,,,,,,,,,,,,,,,0.0,1.0,,0.0,0.040195804089307785,0.9983205795288086,1.0079985857009888,,,,,,,
4417,,,,,,,,,,,,,,,0.0,1.0,,0.0,0.03282942250370979,0.9982469081878662,1.0079985857009888,,,,,,,
4418,,,,,,,,,,,,,,,0.0,1.0,,0.0,0.060652218759059906,0.9985251426696777,1.0079985857009888,,,,,,,
4419,,,,,,,,,,,,,,,0.0,1.0,,0.0,0.04086045175790787,0.9983271956443787,1.0079985857009888,,,,,,,
4420,,,,,,,,,,,,,,,0.0,1.0,,0.0,0.06576096266508102,0.9985762238502502,1.0079985857009888,,,,,,,
4421,,,,,,,,,,,,,,,0.0,1.0,,0.0,0.03938024863600731,0.9983124136924744,1.0079985857009888,,,,,,,
4422,,,,,,,,,,,,,,,0.0,1.0,,0.0,0.031538814306259155,0.99823397397995,1.0079985857009888,,,,,,,
4423,,,,,,,,,,,,,,,0.0,1.0,,0.0,0.055629827082157135,0.9984748959541321,1.0079985857009888,,,,,,,
4424,,,,,,,,,,,,,,,0.0,1.0,,0.0,0.05199921503663063,0.9984385967254639,1.0079985857009888,,,,,,,
4425,,,,,,,,,,,,,,,0.0,1.0,,0.0,0.05199487507343292,0.9984385371208191,1.0079985857009888,,,,,,,
4426,,,,,,,,,,,,,,,0.0,1.0,,0.0,0.036095280200242996,0.9982795715332031,1.0079985857009888,,,,,,,
4427,,,,,,,,,,,,,,,0.0,1.0,,0.0,0.032232753932476044,0.9982409477233887,1.0079985857009888,,,,,,,
4428,,,,,,,,,,,,,,,0.0,1.0,,0.0,0.07112839072942734,0.9986298680305481,1.0079985857009888,,,,,,,
4429,,,,,,,,,,,,,,,0.0,1.0,,0.0,0.06310790777206421,0.9985496997833252,1.0079985857009888,,,,,,,
4430,,,,,,,,,,,,,,,0.0,1.0,,0.0,0.04191848635673523,0.9983378052711487,1.0079985857009888,,,,,,,
4431,,,,,,,,,,,,,,,0.0,1.0,,0.0,0.0442475825548172,0.9983611106872559,1.0079985857009888,,,,,,,
4432,,,,,,,,,,,,,,,0.0,1.0,,0.0,0.057622816413640976,0.9984948635101318,1.0079985857009888,,,,,,,
4433,,,,,,,,,,,,,,,0.0,1.0,,0.0,0.03952614963054657,0.998313844203949,1.0079985857009888,,,,,,,
4434,,,,,,,,,,,,,,,0.0,1.0,,0.0,0.08472145348787308,0.9987658262252808,1.0079985857009888,,,,,,,
4435,,,,,,,,,,,,,,,0.0,1.0,,0.0,0.0792066752910614,0.9987106919288635,1.0079985857009888,,,,,,,
4436,,,,,,,,,,,,,,,0.0,1.0,,0.0,0.07424269616603851,0.9986610412597656,1.0079985857009888,,,,,,,
4437,,,,,,,,,,,,,,,0.0,1.0,,0.0,0.035528093576431274,0.9982739090919495,1.0079985857009888,,,,,,,
4438,,,,,,,,,,,,,,,0.0,1.0,,0.0,0.04272380843758583,0.9983458518981934,1.0079985857009888,,,,,,,
4439,110.0,0.18429823219776154,,0.08110066503286362,0.18429823219776154,0.0,0.18429823219776154,2.5592434406280518,0.22266548871994019,5.506359100341797,7.014237403869629,0.9767855405807495,0.9734886288642883,1.0988916158676147,0.0,1.0,,0.0,0.1131189614534378,0.9990497827529907,1.0079985857009888,0.0575307197868824,,,,,,
4440,,,,,,,,,,,,,,,0.0,1.0,,0.0,0.05978100374341011,0.9985164403915405,1.0079985857009888,,,,,,,
4441,,,,,,,,,,,,,,,0.0,1.0,,0.0,0.0441695898771286,0.998360276222229,1.0079985857009888,,,,,,,
4442,,,,,,,,,,,,,,,0.0,1.0,,0.0,0.0376591794192791,0.9982951879501343,1.0079985857009888,,,,,,,
4443,,,,,,,,,,,,,,,0.0,1.0,,0.0,0.042709916830062866,0.9983457326889038,1.0079985857009888,,,,,,,
4444,,,,,,,,,,,,,,,0.0,1.0,,0.0,0.03508085384964943,0.9982694387435913,1.0079985857009888,,,,,,,
4445,,,,,,,,,,,,,,,0.0,1.0,,0.0,0.06381191313266754,0.9985567331314087,1.0079985857009888,,,,,,,
4446,,,,,,,,,,,,,,,0.0,1.0,,0.0,0.07500375062227249,0.9986686706542969,1.0079985857009888,,,,,,,
4447,,,,,,,,,,,,,,,0.0,1.0,,0.0,0.0329827256500721,0.9982484579086304,1.0079985857009888,,,,,,,
4448,,,,,,,,,,,,,,,0.0,1.0,,0.0,0.028469698503613472,0.9982032775878906,1.0079985857009888,,,,,,,
4449,111.0,0.02415625937283039,,,,,,,,,,,,,0.0,1.0,0.0010000000474974513,0.0,0.02415625937283039,0.998160183429718,1.0079985857009888,,0.02415625937283039,0.02415625937283039,0.01536465808749199,0.02415625937283039,0.0,0.02415625937283039
4450,,,,,,,,,,,,,,,0.0,1.0,,0.0,0.0778982937335968,0.9986975789070129,1.0079985857009888,,,,,,,
4451,,,,,,,,,,,,,,,0.0,1.0,,0.0,0.0841405987739563,0.9987599849700928,1.0079985857009888,,,,,,,
4452,,,,,,,,,,,,,,,0.0,1.0,,0.0,0.10842728614807129,0.9990028738975525,1.0079985857009888,,,,,,,
4453,,,,,,,,,,,,,,,0.0,1.0,,0.0,0.04366917163133621,0.9983552694320679,1.0079985857009888,,,,,,,
4454,,,,,,,,,,,,,,,0.0,1.0,,0.0,0.04058089852333069,0.9983243942260742,1.0079985857009888,,,,,,,
4455,,,,,,,,,,,,,,,0.0,1.0,,0.0,0.09134294837713242,0.9988320469856262,1.0079985857009888,,,,,,,
4456,,,,,,,,,,,,,,,0.0,1.0,,0.0,0.05611183121800423,0.9984797239303589,1.0079985857009888,,,,,,,
4457,,,,,,,,,,,,,,,0.0,1.0,,0.0,0.05681563541293144,0.9984867572784424,1.0079985857009888,,,,,,,
4458,,,,,,,,,,,,,,,0.0,1.0,,0.0,0.10944382846355438,0.9990130662918091,1.0079985857009888,,,,,,,
4459,,,,,,,,,,,,,,,0.0,1.0,,0.0,0.04373912885785103,0.9983559846878052,1.0079985857009888,,,,,,,
4460,,,,,,,,,,,,,,,0.0,1.0,,0.0,0.045614130795001984,0.9983747601509094,1.0079985857009888,,,,,,,
4461,,,,,,,,,,,,,,,0.0,1.0,,0.0,0.05853811651468277,0.9985039830207825,1.0079985857009888,,,,,,,
4462,,,,,,,,,,,,,,,0.0,1.0,,0.0,0.029443588107824326,0.9982130527496338,1.0079985857009888,,,,,,,
4463,,,,,,,,,,,,,,,0.0,1.0,,0.0,0.045581791549921036,0.9983744025230408,1.0079985857009888,,,,,,,
4464,,,,,,,,,,,,,,,0.0,1.0,,0.0,0.036080870777368546,0.9982793927192688,1.0079985857009888,,,,,,,
4465,,,,,,,,,,,,,,,0.0,1.0,,0.0,0.0822330042719841,0.9987409114837646,1.0079985857009888,,,,,,,
4466,,,,,,,,,,,,,,,0.0,1.0,,0.0,0.033957090228796005,0.9982581734657288,1.0079985857009888,,,,,,,
4467,,,,,,,,,,,,,,,0.0,1.0,,0.0,0.10728583484888077,0.9989914894104004,1.0079985857009888,,,,,,,
4468,,,,,,,,,,,,,,,0.0,1.0,,0.0,0.06274690479040146,0.9985460638999939,1.0079985857009888,,,,,,,
4469,,,,,,,,,,,,,,,0.0,1.0,,0.0,0.13055528700351715,0.9992241859436035,1.0079985857009888,,,,,,,
4470,,,,,,,,,,,,,,,0.0,1.0,,0.0,0.04414059594273567,0.9983600378036499,1.0079985857009888,,,,,,,
4471,,,,,,,,,,,,,,,0.0,1.0,,0.0,0.054313015192747116,0.9984617233276367,1.0079985857009888,,,,,,,
4472,,,,,,,,,,,,,,,0.0,1.0,,0.0,0.0824020504951477,0.9987426400184631,1.0079985857009888,,,,,,,
4473,,,,,,,,,,,,,,,0.0,1.0,,0.0,0.03989965841174126,0.9983175992965698,1.0079985857009888,,,,,,,
4474,,,,,,,,,,,,,,,0.0,1.0,,0.0,0.04689553752541542,0.9983875751495361,1.0079985857009888,,,,,,,
4475,,,,,,,,,,,,,,,0.0,1.0,,0.0,0.09378080815076828,0.9988564252853394,1.0079985857009888,,,,,,,
4476,,,,,,,,,,,,,,,0.0,1.0,,0.0,0.032190948724746704,0.9982405304908752,1.0079985857009888,,,,,,,
4477,,,,,,,,,,,,,,,0.0,1.0,,0.0,0.0720265731215477,0.9986388683319092,1.0079985857009888,,,,,,,
4478,,,,,,,,,,,,,,,0.0,1.0,,0.0,0.039928510785102844,0.9983178973197937,1.0079985857009888,,,,,,,
4479,111.0,0.34365296363830566,,0.13737303018569946,0.34365296363830566,0.0,0.34365296363830566,2.4183571338653564,0.2234974503517151,5.301270484924316,7.064306735992432,0.9777268767356873,0.974686861038208,0.9075408577919006,0.0,1.0,,0.0,0.21351170539855957,1.0000537633895874,1.0079985857009888,0.05775820463895798,,,,,,
4480,,,,,,,,,,,,,,,0.0,1.0,,0.0,0.03693026676774025,0.9982879161834717,1.0079985857009888,,,,,,,
4481,,,,,,,,,,,,,,,0.0,1.0,,0.0,0.03205840289592743,0.9982392191886902,1.0079985857009888,,,,,,,
4482,,,,,,,,,,,,,,,0.0,1.0,,0.0,0.05361127480864525,0.9984546899795532,1.0079985857009888,,,,,,,
4483,,,,,,,,,,,,,,,0.0,1.0,,0.0,0.04149244725704193,0.9983335137367249,1.0079985857009888,,,,,,,
4484,,,,,,,,,,,,,,,0.0,1.0,,0.0,0.03953879699110985,0.9983140230178833,1.0079985857009888,,,,,,,
4485,,,,,,,,,,,,,,,0.0,1.0,,0.0,0.04210614040493965,0.9983396530151367,1.0079985857009888,,,,,,,
4486,,,,,,,,,,,,,,,0.0,1.0,,0.0,0.06991468369960785,0.9986177682876587,1.0079985857009888,,,,,,,
4487,,,,,,,,,,,,,,,0.0,1.0,,0.0,0.0989166870713234,0.998907744884491,1.0079985857009888,,,,,,,
4488,,,,,,,,,,,,,,,0.0,1.0,,0.0,0.03612319007515907,0.9982798099517822,1.0079985857009888,,,,,,,
4489,,,,,,,,,,,,,,,0.0,1.0,,0.0,0.03904314339160919,0.9983090162277222,1.0079985857009888,,,,,,,
4490,,,,,,,,,,,,,,,0.0,1.0,,0.0,0.03552043437957764,0.9982737898826599,1.0079985857009888,,,,,,,
4491,,,,,,,,,,,,,,,0.0,1.0,,0.0,0.051447752863168716,0.9984331130981445,1.0079985857009888,,,,,,,
4492,,,,,,,,,,,,,,,0.0,1.0,,0.0,0.030396196991205215,0.9982225894927979,1.0079985857009888,,,,,,,
4493,,,,,,,,,,,,,,,0.0,1.0,,0.0,0.04132161661982536,0.9983318448066711,1.0079985857009888,,,,,,,
4494,,,,,,,,,,,,,,,0.0,1.0,,0.0,0.049850981682538986,0.9984171390533447,1.0079985857009888,,,,,,,
4495,,,,,,,,,,,,,,,0.0,1.0,,0.0,0.04140971973538399,0.998332679271698,1.0079985857009888,,,,,,,
4496,,,,,,,,,,,,,,,0.0,1.0,,0.0,0.028306014835834503,0.9982016682624817,1.0079985857009888,,,,,,,
4497,,,,,,,,,,,,,,,0.0,1.0,,0.0,0.05110912024974823,0.9984297156333923,1.0079985857009888,,,,,,,
4498,,,,,,,,,,,,,,,0.0,1.0,,0.0,0.08894524723291397,0.9988080859184265,1.0079985857009888,,,,,,,
4499,112.0,0.042133912444114685,,,,,,,,,,,,,0.0,1.0,0.0010000000474974513,0.0,0.042133912444114685,0.9983399510383606,1.0079985857009888,,0.042133912444114685,0.042133912444114685,0.018309345468878746,0.042133912444114685,0.0,0.042133912444114685
4500,,,,,,,,,,,,,,,0.0,1.0,,0.0,0.048218220472335815,0.9984008073806763,1.0079985857009888,,,,,,,
4501,,,,,,,,,,,,,,,0.0,1.0,,0.0,0.061940308660268784,0.9985380172729492,1.0079985857009888,,,,,,,
4502,,,,,,,,,,,,,,,0.0,1.0,,0.0,0.046864576637744904,0.9983872771263123,1.0079985857009888,,,,,,,
4503,,,,,,,,,,,,,,,0.0,1.0,,0.0,0.032822754234075546,0.9982468485832214,1.0079985857009888,,,,,,,
4504,,,,,,,,,,,,,,,0.0,1.0,,0.0,0.035202398896217346,0.9982706308364868,1.0079985857009888,,,,,,,
4505,,,,,,,,,,,,,,,0.0,1.0,,0.0,0.035771939903497696,0.9982763528823853,1.0079985857009888,,,,,,,
4506,,,,,,,,,,,,,,,0.0,1.0,,0.0,0.06886844336986542,0.9986072778701782,1.0079985857009888,,,,,,,
4507,,,,,,,,,,,,,,,0.0,1.0,,0.0,0.03344082087278366,0.9982529878616333,1.0079985857009888,,,,,,,
4508,,,,,,,,,,,,,,,0.0,1.0,,0.0,0.04990827664732933,0.9984176754951477,1.0079985857009888,,,,,,,
4509,,,,,,,,,,,,,,,0.0,1.0,,0.0,0.03153812885284424,0.99823397397995,1.0079985857009888,,,,,,,
4510,,,,,,,,,,,,,,,0.0,1.0,,0.0,0.037499357014894485,0.9982935786247253,1.0079985857009888,,,,,,,
4511,,,,,,,,,,,,,,,0.0,1.0,,0.0,0.07887426763772964,0.9987073540687561,1.0079985857009888,,,,,,,
4512,,,,,,,,,,,,,,,0.0,1.0,,0.0,0.04463694617152214,0.9983649849891663,1.0079985857009888,,,,,,,
4513,,,,,,,,,,,,,,,0.0,1.0,,0.0,0.06683303415775299,0.9985869526863098,1.0079985857009888,,,,,,,
4514,,,,,,,,,,,,,,,0.0,1.0,,0.0,0.06270014494657516,0.9985455870628357,1.0079985857009888,,,,,,,
4515,,,,,,,,,,,,,,,0.0,1.0,,0.0,0.051482878625392914,0.9984334111213684,1.0079985857009888,,,,,,,
4516,,,,,,,,,,,,,,,0.0,1.0,,0.0,0.02653031051158905,0.9981839060783386,1.0079985857009888,,,,,,,
4517,,,,,,,,,,,,,,,0.0,1.0,,0.0,0.13701613247394562,0.9992887377738953,1.0079985857009888,,,,,,,
4518,,,,,,,,,,,,,,,0.0,1.0,,0.0,0.11924759298563004,0.9991110563278198,1.0079985857009888,,,,,,,
4519,112.0,0.42893022298812866,,0.16800349950790405,0.42893022298812866,0.0,0.42893022298812866,2.3753883838653564,0.2324662059545517,5.067389011383057,6.892251491546631,0.9778708219528198,0.9749752879142761,1.0265969038009644,0.0,1.0,,0.0,0.07526475191116333,0.9986712336540222,1.0079985857009888,0.050294648855924606,,,,,,
4520,,,,,,,,,,,,,,,0.0,1.0,,0.0,0.06084953993558884,0.9985271096229553,1.0079985857009888,,,,,,,
4521,,,,,,,,,,,,,,,0.0,1.0,,0.0,0.04844687879085541,0.9984030723571777,1.0079985857009888,,,,,,,
4522,,,,,,,,,,,,,,,0.0,1.0,,0.0,0.06693940609693527,0.9985880255699158,1.0079985857009888,,,,,,,
4523,,,,,,,,,,,,,,,0.0,1.0,,0.0,0.036908794194459915,0.9982876777648926,1.0079985857009888,,,,,,,
4524,,,,,,,,,,,,,,,0.0,1.0,,0.0,0.029950859025120735,0.9982181191444397,1.0079985857009888,,,,,,,
4525,,,,,,,,,,,,,,,0.0,1.0,,0.0,0.032533567398786545,0.9982439279556274,1.0079985857009888,,,,,,,
4526,,,,,,,,,,,,,,,0.0,1.0,,0.0,0.0594058521091938,0.9985126852989197,1.0079985857009888,,,,,,,
4527,,,,,,,,,,,,,,,0.0,1.0,,0.0,0.039927151054143906,0.9983178973197937,1.0079985857009888,,,,,,,
4528,,,,,,,,,,,,,,,0.0,1.0,,0.0,0.059231407940387726,0.9985108971595764,1.0079985857009888,,,,,,,
4529,,,,,,,,,,,,,,,0.0,1.0,,0.0,0.04436845704913139,0.9983623027801514,1.0079985857009888,,,,,,,
4530,,,,,,,,,,,,,,,0.0,1.0,,0.0,0.045710839331150055,0.9983757138252258,1.0079985857009888,,,,,,,
4531,,,,,,,,,,,,,,,0.0,1.0,,0.0,0.04273620620369911,0.9983459711074829,1.0079985857009888,,,,,,,
4532,,,,,,,,,,,,,,,0.0,1.0,,0.0,0.0401875376701355,0.998320460319519,1.0079985857009888,,,,,,,
4533,,,,,,,,,,,,,,,0.0,1.0,,0.0,0.040947265923023224,0.9983280897140503,1.0079985857009888,,,,,,,
4534,,,,,,,,,,,,,,,0.0,1.0,,0.0,0.04020567238330841,0.9983206391334534,1.0079985857009888,,,,,,,
4535,,,,,,,,,,,,,,,0.0,1.0,,0.0,0.04742978513240814,0.9983928799629211,1.0079985857009888,,,,,,,
4536,,,,,,,,,,,,,,,0.0,1.0,,0.0,0.03667755797505379,0.9982853531837463,1.0079985857009888,,,,,,,
4537,,,,,,,,,,,,,,,0.0,1.0,,0.0,0.03202825039625168,0.9982388615608215,1.0079985857009888,,,,,,,
4538,,,,,,,,,,,,,,,0.0,1.0,,0.0,0.03357262909412384,0.9982543587684631,1.0079985857009888,,,,,,,
4539,,,,,,,,,,,,,,,0.0,1.0,,0.0,0.043676432222127914,0.9983553886413574,1.0079985857009888,,,,,,,
4540,,,,,,,,,,,,,,,0.0,1.0,,0.0,0.06381870806217194,0.9985567927360535,1.0079985857009888,,,,,,,
4541,,,,,,,,,,,,,,,0.0,1.0,,0.0,0.026458842679858208,0.9981831908226013,1.0079985857009888,,,,,,,
4542,,,,,,,,,,,,,,,0.0,1.0,,0.0,0.07148826867341995,0.9986335039138794,1.0079985857009888,,,,,,,
4543,,,,,,,,,,,,,,,0.0,1.0,,0.0,0.06342929601669312,0.9985529184341431,1.0079985857009888,,,,,,,
4544,,,,,,,,,,,,,,,0.0,1.0,,0.0,0.04390530660748482,0.9983576536178589,1.0079985857009888,,,,,,,
4545,,,,,,,,,,,,,,,0.0,1.0,,0.0,0.02919284999370575,0.9982105493545532,1.0079985857009888,,,,,,,
4546,,,,,,,,,,,,,,,0.0,1.0,,0.0,0.0670907199382782,0.9985895156860352,1.0079985857009888,,,,,,,
4547,,,,,,,,,,,,,,,0.0,1.0,,0.0,0.12677423655986786,0.9991863369941711,1.0079985857009888,,,,,,,
4548,,,,,,,,,,,,,,,0.0,1.0,,0.0,0.036459341645240784,0.9982832074165344,1.0079985857009888,,,,,,,
4549,113.0,0.058374349027872086,,,,,,,,,,,,,0.0,1.0,0.0010000000474974513,0.0,0.058374349027872086,0.9985023736953735,1.0079985857009888,,0.058374349027872086,0.058374349027872086,0.02238151617348194,0.058374349027872086,0.0,0.058374349027872086
4550,,,,,,,,,,,,,,,0.0,1.0,,0.0,0.035939112305641174,0.998278021812439,1.0079985857009888,,,,,,,
4551,,,,,,,,,,,,,,,0.0,1.0,,0.0,0.03985126316547394,0.9983171224594116,1.0079985857009888,,,,,,,
4552,,,,,,,,,,,,,,,0.0,1.0,,0.0,0.03468913957476616,0.9982655048370361,1.0079985857009888,,,,,,,
4553,,,,,,,,,,,,,,,0.0,1.0,,0.0,0.11188813298940659,0.999037504196167,1.0079985857009888,,,,,,,
4554,,,,,,,,,,,,,,,0.0,1.0,,0.0,0.05013936012983322,0.998420000076294,1.0079985857009888,,,,,,,
4555,,,,,,,,,,,,,,,0.0,1.0,,0.0,0.04051554575562477,0.9983237385749817,1.0079985857009888,,,,,,,
4556,,,,,,,,,,,,,,,0.0,1.0,,0.0,0.03834804520010948,0.9983021020889282,1.0079985857009888,,,,,,,
4557,,,,,,,,,,,,,,,0.0,1.0,,0.0,0.03292876482009888,0.9982479214668274,1.0079985857009888,,,,,,,
4558,,,,,,,,,,,,,,,0.0,1.0,,0.0,0.06898842751979828,0.9986084699630737,1.0079985857009888,,,,,,,
4559,113.0,0.13264992833137512,,0.06488515436649323,0.13264992833137512,0.0,0.13264992833137512,2.2264702320098877,0.1844521164894104,4.843684673309326,6.213724613189697,0.9776256084442139,0.9745935201644897,0.7623357176780701,0.0,1.0,,0.0,0.06511931121349335,0.9985697865486145,1.0079985857009888,0.054009269922971725,,,,,,
4560,,,,,,,,,,,,,,,0.0,1.0,,0.0,0.09403593838214874,0.9988589882850647,1.0079985857009888,,,,,,,
4561,,,,,,,,,,,,,,,0.0,1.0,,0.0,0.0872797966003418,0.9987913966178894,1.0079985857009888,,,,,,,
4562,,,,,,,,,,,,,,,0.0,1.0,,0.0,0.045449815690517426,0.9983730912208557,1.0079985857009888,,,,,,,
4563,,,,,,,,,,,,,,,0.0,1.0,,0.0,0.03540965914726257,0.998272716999054,1.0079985857009888,,,,,,,
4564,,,,,,,,,,,,,,,0.0,1.0,,0.0,0.07550984621047974,0.998673677444458,1.0079985857009888,,,,,,,
4565,,,,,,,,,,,,,,,0.0,1.0,,0.0,0.0333855040371418,0.9982524514198303,1.0079985857009888,,,,,,,
4566,,,,,,,,,,,,,,,0.0,1.0,,0.0,0.036160070449113846,0.9982802271842957,1.0079985857009888,,,,,,,
4567,,,,,,,,,,,,,,,0.0,1.0,,0.0,0.035907577723264694,0.9982776641845703,1.0079985857009888,,,,,,,
4568,,,,,,,,,,,,,,,0.0,1.0,,0.0,0.03794501721858978,0.9982980489730835,1.0079985857009888,,,,,,,
4569,,,,,,,,,,,,,,,0.0,1.0,,0.0,0.07638644427061081,0.9986824989318848,1.0079985857009888,,,,,,,
4570,,,,,,,,,,,,,,,0.0,1.0,,0.0,0.045215390622615814,0.9983707666397095,1.0079985857009888,,,,,,,
4571,,,,,,,,,,,,,,,0.0,1.0,,0.0,0.02544238045811653,0.9981730580329895,1.0079985857009888,,,,,,,
4572,,,,,,,,,,,,,,,0.0,1.0,,0.0,0.041337110102176666,0.9983319640159607,1.0079985857009888,,,,,,,
4573,,,,,,,,,,,,,,,0.0,1.0,,0.0,0.05079276114702225,0.9984265565872192,1.0079985857009888,,,,,,,
4574,,,,,,,,,,,,,,,0.0,1.0,,0.0,0.08951610326766968,0.9988137483596802,1.0079985857009888,,,,,,,
4575,,,,,,,,,,,,,,,0.0,1.0,,0.0,0.03266240656375885,0.9982452392578125,1.0079985857009888,,,,,,,
4576,,,,,,,,,,,,,,,0.0,1.0,,0.0,0.03319604694843292,0.9982505440711975,1.0079985857009888,,,,,,,
4577,,,,,,,,,,,,,,,0.0,1.0,,0.0,0.0992649495601654,0.9989112615585327,1.0079985857009888,,,,,,,
4578,,,,,,,,,,,,,,,0.0,1.0,,0.0,0.0446418896317482,0.998365044593811,1.0079985857009888,,,,,,,
4579,,,,,,,,,,,,,,,0.0,1.0,,0.0,0.056456152349710464,0.9984831809997559,1.0079985857009888,,,,,,,
4580,,,,,,,,,,,,,,,0.0,1.0,,0.0,0.029640885069966316,0.9982150197029114,1.0079985857009888,,,,,,,
4581,,,,,,,,,,,,,,,0.0,1.0,,0.0,0.03860966116189957,0.9983047246932983,1.0079985857009888,,,,,,,
4582,,,,,,,,,,,,,,,0.0,1.0,,0.0,0.031708430498838425,0.9982357025146484,1.0079985857009888,,,,,,,
4583,,,,,,,,,,,,,,,0.0,1.0,,0.0,0.028792662546038628,0.9982065558433533,1.0079985857009888,,,,,,,
4584,,,,,,,,,,,,,,,0.0,1.0,,0.0,0.0337766669690609,0.9982563853263855,1.0079985857009888,,,,,,,
4585,,,,,,,,,,,,,,,0.0,1.0,,0.0,0.04098903015255928,0.9983285069465637,1.0079985857009888,,,,,,,
4586,,,,,,,,,,,,,,,0.0,1.0,,0.0,0.07782746851444244,0.9986968636512756,1.0079985857009888,,,,,,,
4587,,,,,,,,,,,,,,,0.0,1.0,,0.0,0.052050262689590454,0.9984391331672668,1.0079985857009888,,,,,,,
4588,,,,,,,,,,,,,,,0.0,1.0,,0.0,0.043865885585546494,0.9983572363853455,1.0079985857009888,,,,,,,
4589,,,,,,,,,,,,,,,0.0,1.0,,0.0,0.05399360880255699,0.9984585642814636,1.0079985857009888,,,,,,,
4590,,,,,,,,,,,,,,,0.0,1.0,,0.0,0.061835601925849915,0.9985369443893433,1.0079985857009888,,,,,,,
4591,,,,,,,,,,,,,,,0.0,1.0,,0.0,0.056881945580244064,0.9984874129295349,1.0079985857009888,,,,,,,
4592,,,,,,,,,,,,,,,0.0,1.0,,0.0,0.031860362738370895,0.9982371926307678,1.0079985857009888,,,,,,,
4593,,,,,,,,,,,,,,,0.0,1.0,,0.0,0.036668810993433,0.9982852935791016,1.0079985857009888,,,,,,,
4594,,,,,,,,,,,,,,,0.0,1.0,,0.0,0.028797904029488564,0.9982065558433533,1.0079985857009888,,,,,,,
4595,,,,,,,,,,,,,,,0.0,1.0,,0.0,0.028416136279702187,0.9982027411460876,1.0079985857009888,,,,,,,
4596,,,,,,,,,,,,,,,0.0,1.0,,0.0,0.03703562170267105,0.9982889890670776,1.0079985857009888,,,,,,,
4597,,,,,,,,,,,,,,,0.0,1.0,,0.0,0.02747422829270363,0.9981933236122131,1.0079985857009888,,,,,,,
4598,,,,,,,,,,,,,,,0.0,1.0,,0.0,0.045993831008672714,0.9983785152435303,1.0079985857009888,,,,,,,
4599,114.0,0.18662980198860168,,0.08384962379932404,0.18662980198860168,0.0,0.18662980198860168,2.423203706741333,0.21041299402713776,5.159868240356445,6.547198295593262,0.976915717124939,0.9736865758895874,0.9985257387161255,0.0,1.0,0.0010000000474974513,0.0,0.05274806544184685,0.9984461069107056,1.0079985857009888,0.04908174276351929,0.05274806544184685,0.05274806544184685,0.014938739128410816,0.05274806544184685,0.0,0.05274806544184685
4600,,,,,,,,,,,,,,,0.0,1.0,,0.0,0.07472342252731323,0.9986658692359924,1.0079985857009888,,,,,,,
4601,,,,,,,,,,,,,,,0.0,1.0,,0.0,0.03912593424320221,0.998309850692749,1.0079985857009888,,,,,,,
4602,,,,,,,,,,,,,,,0.0,1.0,,0.0,0.045191746205091476,0.9983705282211304,1.0079985857009888,,,,,,,
4603,,,,,,,,,,,,,,,0.0,1.0,,0.0,0.040189895778894424,0.9983205199241638,1.0079985857009888,,,,,,,
4604,,,,,,,,,,,,,,,0.0,1.0,,0.0,0.06335749477148056,0.9985522031784058,1.0079985857009888,,,,,,,
4605,,,,,,,,,,,,,,,0.0,1.0,,0.0,0.07554414123296738,0.9986740350723267,1.0079985857009888,,,,,,,
4606,,,,,,,,,,,,,,,0.0,1.0,,0.0,0.036503180861473083,0.9982836246490479,1.0079985857009888,,,,,,,
4607,,,,,,,,,,,,,,,0.0,1.0,,0.0,0.05616176500916481,0.9984802007675171,1.0079985857009888,,,,,,,
4608,,,,,,,,,,,,,,,0.0,1.0,,0.0,0.031904660165309906,0.998237669467926,1.0079985857009888,,,,,,,
4609,,,,,,,,,,,,,,,0.0,1.0,,0.0,0.040495384484529495,0.9983235597610474,1.0079985857009888,,,,,,,
4610,,,,,,,,,,,,,,,0.0,1.0,,0.0,0.06382472068071365,0.9985568523406982,1.0079985857009888,,,,,,,
4611,,,,,,,,,,,,,,,0.0,1.0,,0.0,0.045017581433057785,0.9983687996864319,1.0079985857009888,,,,,,,
4612,,,,,,,,,,,,,,,0.0,1.0,,0.0,0.07659053057432175,0.9986845254898071,1.0079985857009888,,,,,,,
4613,,,,,,,,,,,,,,,0.0,1.0,,0.0,0.0920366495847702,0.9988389611244202,1.0079985857009888,,,,,,,
4614,,,,,,,,,,,,,,,0.0,1.0,,0.0,0.052940484136343,0.9984480142593384,1.0079985857009888,,,,,,,
4615,,,,,,,,,,,,,,,0.0,1.0,,0.0,0.04330655187368393,0.9983516931533813,1.0079985857009888,,,,,,,
4616,,,,,,,,,,,,,,,0.0,1.0,,0.0,0.04454227536916733,0.9983640313148499,1.0079985857009888,,,,,,,
4617,,,,,,,,,,,,,,,0.0,1.0,,0.0,0.0571359284222126,0.9984899759292603,1.0079985857009888,,,,,,,
4618,,,,,,,,,,,,,,,0.0,1.0,,0.0,0.13204196095466614,0.9992390275001526,1.0079985857009888,,,,,,,
4619,,,,,,,,,,,,,,,0.0,1.0,,0.0,0.02817484922707081,0.9982003569602966,1.0079985857009888,,,,,,,
4620,,,,,,,,,,,,,,,0.0,1.0,,0.0,0.03696862608194351,0.9982882738113403,1.0079985857009888,,,,,,,
4621,,,,,,,,,,,,,,,0.0,1.0,,0.0,0.04890332743525505,0.9984076619148254,1.0079985857009888,,,,,,,
4622,,,,,,,,,,,,,,,0.0,1.0,,0.0,0.04523272439837456,0.9983709454536438,1.0079985857009888,,,,,,,
4623,,,,,,,,,,,,,,,0.0,1.0,,0.0,0.04376908764243126,0.998356282711029,1.0079985857009888,,,,,,,
4624,,,,,,,,,,,,,,,0.0,1.0,,0.0,0.053543515503406525,0.9984540343284607,1.0079985857009888,,,,,,,
4625,,,,,,,,,,,,,,,0.0,1.0,,0.0,0.07335706800222397,0.9986521601676941,1.0079985857009888,,,,,,,
4626,,,,,,,,,,,,,,,0.0,1.0,,0.0,0.04894423484802246,0.9984080195426941,1.0079985857009888,,,,,,,
4627,,,,,,,,,,,,,,,0.0,1.0,,0.0,0.07083161920309067,0.9986269474029541,1.0079985857009888,,,,,,,
4628,,,,,,,,,,,,,,,0.0,1.0,,0.0,0.09288457781076431,0.9988474249839783,1.0079985857009888,,,,,,,
4629,,,,,,,,,,,,,,,0.0,1.0,,0.0,0.08916880935430527,0.9988102912902832,1.0079985857009888,,,,,,,
4630,,,,,,,,,,,,,,,0.0,1.0,,0.0,0.03320203721523285,0.9982506036758423,1.0079985857009888,,,,,,,
4631,,,,,,,,,,,,,,,0.0,1.0,,0.0,0.05913040414452553,0.9985098838806152,1.0079985857009888,,,,,,,
4632,,,,,,,,,,,,,,,0.0,1.0,,0.0,0.05043162405490875,0.9984229207038879,1.0079985857009888,,,,,,,
4633,,,,,,,,,,,,,,,0.0,1.0,,0.0,0.029124116525053978,0.9982098340988159,1.0079985857009888,,,,,,,
4634,,,,,,,,,,,,,,,0.0,1.0,,0.0,0.037138041108846664,0.9982900023460388,1.0079985857009888,,,,,,,
4635,,,,,,,,,,,,,,,0.0,1.0,,0.0,0.05329592525959015,0.9984515905380249,1.0079985857009888,,,,,,,
4636,,,,,,,,,,,,,,,0.0,1.0,,0.0,0.045034315437078476,0.9983689785003662,1.0079985857009888,,,,,,,
4637,,,,,,,,,,,,,,,0.0,1.0,,0.0,0.02977845072746277,0.9982163906097412,1.0079985857009888,,,,,,,
4638,,,,,,,,,,,,,,,0.0,1.0,,0.0,0.034828007221221924,0.998266875743866,1.0079985857009888,,,,,,,
4639,115.0,0.14246734976768494,,0.06800232827663422,0.14246734976768494,0.0,0.14246734976768494,2.1929116249084473,0.18883876502513885,4.632294654846191,5.958712100982666,0.977512001991272,0.9746277928352356,0.7887022495269775,0.0,1.0,,0.0,0.09365111589431763,0.9988551139831543,1.0079985857009888,0.053388312458992004,,,,,,
4640,,,,,,,,,,,,,,,0.0,1.0,,0.0,0.03466757759451866,0.998265266418457,1.0079985857009888,,,,,,,
4641,,,,,,,,,,,,,,,0.0,1.0,,0.0,0.04811365529894829,0.9983997344970703,1.0079985857009888,,,,,,,
4642,,,,,,,,,,,,,,,0.0,1.0,,0.0,0.03206773102283478,0.998239278793335,1.0079985857009888,,,,,,,
4643,,,,,,,,,,,,,,,0.0,1.0,,0.0,0.032700154930353165,0.9982455968856812,1.0079985857009888,,,,,,,
4644,,,,,,,,,,,,,,,0.0,1.0,,0.0,0.055153846740722656,0.99847012758255,1.0079985857009888,,,,,,,
4645,,,,,,,,,,,,,,,0.0,1.0,,0.0,0.03639980033040047,0.9982826113700867,1.0079985857009888,,,,,,,
4646,,,,,,,,,,,,,,,0.0,1.0,,0.0,0.05461716279387474,0.9984647631645203,1.0079985857009888,,,,,,,
4647,,,,,,,,,,,,,,,0.0,1.0,,0.0,0.027769559994339943,0.9981963038444519,1.0079985857009888,,,,,,,
4648,,,,,,,,,,,,,,,0.0,1.0,,0.0,0.04175359383225441,0.998336136341095,1.0079985857009888,,,,,,,
4649,116.0,0.036601722240448,,,,,,,,,,,,,0.0,1.0,0.0010000000474974513,0.0,0.036601722240448,0.998284637928009,1.0079985857009888,,0.036601722240448,0.036601722240448,0.021458826959133148,0.036601722240448,0.0,0.036601722240448
4650,,,,,,,,,,,,,,,0.0,1.0,,0.0,0.0485110804438591,0.9984037280082703,1.0079985857009888,,,,,,,
4651,,,,,,,,,,,,,,,0.0,1.0,,0.0,0.03885939344763756,0.9983072280883789,1.0079985857009888,,,,,,,
4652,,,,,,,,,,,,,,,0.0,1.0,,0.0,0.08932577818632126,0.9988118410110474,1.0079985857009888,,,,,,,
4653,,,,,,,,,,,,,,,0.0,1.0,,0.0,0.025894509628415108,0.9981775283813477,1.0079985857009888,,,,,,,
4654,,,,,,,,,,,,,,,0.0,1.0,,0.0,0.038130905479192734,0.9982998967170715,1.0079985857009888,,,,,,,
4655,,,,,,,,,,,,,,,0.0,1.0,,0.0,0.06762811541557312,0.9985948801040649,1.0079985857009888,,,,,,,
4656,,,,,,,,,,,,,,,0.0,1.0,,0.0,0.0359652005136013,0.9982782602310181,1.0079985857009888,,,,,,,
4657,,,,,,,,,,,,,,,0.0,1.0,,0.0,0.06096494197845459,0.998528242111206,1.0079985857009888,,,,,,,
4658,,,,,,,,,,,,,,,0.0,1.0,,0.0,0.031890422105789185,0.9982374906539917,1.0079985857009888,,,,,,,
4659,,,,,,,,,,,,,,,0.0,1.0,,0.0,0.04686572775244713,0.9983872771263123,1.0079985857009888,,,,,,,
4660,,,,,,,,,,,,,,,0.0,1.0,,0.0,0.025357691571116447,0.9981721639633179,1.0079985857009888,,,,,,,
4661,,,,,,,,,,,,,,,0.0,1.0,,0.0,0.06652292609214783,0.9985838532447815,1.0079985857009888,,,,,,,
4662,,,,,,,,,,,,,,,0.0,1.0,,0.0,0.034438662230968475,0.9982630014419556,1.0079985857009888,,,,,,,
4663,,,,,,,,,,,,,,,0.0,1.0,,0.0,0.04028909653425217,0.9983214735984802,1.0079985857009888,,,,,,,
4664,,,,,,,,,,,,,,,0.0,1.0,,0.0,0.032055288553237915,0.9982391595840454,1.0079985857009888,,,,,,,
4665,,,,,,,,,,,,,,,0.0,1.0,,0.0,0.044851239770650864,0.9983671307563782,1.0079985857009888,,,,,,,
4666,,,,,,,,,,,,,,,0.0,1.0,,0.0,0.07358260452747345,0.9986544251441956,1.0079985857009888,,,,,,,
4667,,,,,,,,,,,,,,,0.0,1.0,,0.0,0.04781098663806915,0.9983966946601868,1.0079985857009888,,,,,,,
4668,,,,,,,,,,,,,,,0.0,1.0,,0.0,0.03147730603814125,0.9982333779335022,1.0079985857009888,,,,,,,
4669,,,,,,,,,,,,,,,0.0,1.0,,0.0,0.033301666378974915,0.9982516169548035,1.0079985857009888,,,,,,,
4670,,,,,,,,,,,,,,,0.0,1.0,,0.0,0.07319015264511108,0.9986504912376404,1.0079985857009888,,,,,,,
4671,,,,,,,,,,,,,,,0.0,1.0,,0.0,0.036950983107089996,0.998288094997406,1.0079985857009888,,,,,,,
4672,,,,,,,,,,,,,,,0.0,1.0,,0.0,0.0541166216135025,0.9984597563743591,1.0079985857009888,,,,,,,
4673,,,,,,,,,,,,,,,0.0,1.0,,0.0,0.051753100007772446,0.9984361529350281,1.0079985857009888,,,,,,,
4674,,,,,,,,,,,,,,,0.0,1.0,,0.0,0.04393693059682846,0.9983579516410828,1.0079985857009888,,,,,,,
4675,,,,,,,,,,,,,,,0.0,1.0,,0.0,0.05268995463848114,0.9984455108642578,1.0079985857009888,,,,,,,
4676,,,,,,,,,,,,,,,0.0,1.0,,0.0,0.029697077348828316,0.9982155561447144,1.0079985857009888,,,,,,,
4677,,,,,,,,,,,,,,,0.0,1.0,,0.0,0.03455463796854019,0.9982641339302063,1.0079985857009888,,,,,,,
4678,,,,,,,,,,,,,,,0.0,1.0,,0.0,0.027791239321231842,0.998196542263031,1.0079985857009888,,,,,,,
4679,116.0,0.19931553304195404,,0.08772611618041992,0.19931553304195404,0.0,0.19931553304195404,2.2336835861206055,0.19565783441066742,4.723532676696777,6.117058753967285,0.9775060415267944,0.9745842218399048,0.8449531197547913,0.0,1.0,,0.0,0.2042561173439026,0.9999611377716064,1.0079985857009888,0.04855351895093918,,,,,,
4680,,,,,,,,,,,,,,,0.0,1.0,,0.0,0.0291367806494236,0.9982099533081055,1.0079985857009888,,,,,,,
4681,,,,,,,,,,,,,,,0.0,1.0,,0.0,0.037766482681035995,0.9982962608337402,1.0079985857009888,,,,,,,
4682,,,,,,,,,,,,,,,0.0,1.0,,0.0,0.03383183106780052,0.9982569217681885,1.0079985857009888,,,,,,,
4683,,,,,,,,,,,,,,,0.0,1.0,,0.0,0.05090102553367615,0.9984276294708252,1.0079985857009888,,,,,,,
4684,,,,,,,,,,,,,,,0.0,1.0,,0.0,0.02345261164009571,0.9981531500816345,1.0079985857009888,,,,,,,
4685,,,,,,,,,,,,,,,0.0,1.0,,0.0,0.03809449449181557,0.9982995390892029,1.0079985857009888,,,,,,,
4686,,,,,,,,,,,,,,,0.0,1.0,,0.0,0.05673103779554367,0.9984859228134155,1.0079985857009888,,,,,,,
4687,,,,,,,,,,,,,,,0.0,1.0,,0.0,0.0639997199177742,0.9985585808753967,1.0079985857009888,,,,,,,
4688,,,,,,,,,,,,,,,0.0,1.0,,0.0,0.07528342306613922,0.9986714124679565,1.0079985857009888,,,,,,,
4689,,,,,,,,,,,,,,,0.0,1.0,,0.0,0.029357606545090675,0.9982121586799622,1.0079985857009888,,,,,,,
4690,,,,,,,,,,,,,,,0.0,1.0,,0.0,0.02665569633245468,0.9981851577758789,1.0079985857009888,,,,,,,
4691,,,,,,,,,,,,,,,0.0,1.0,,0.0,0.05625198036432266,0.9984811544418335,1.0079985857009888,,,,,,,
4692,,,,,,,,,,,,,,,0.0,1.0,,0.0,0.03856375440955162,0.9983042478561401,1.0079985857009888,,,,,,,
4693,,,,,,,,,,,,,,,0.0,1.0,,0.0,0.03142276033759117,0.9982328414916992,1.0079985857009888,,,,,,,
4694,,,,,,,,,,,,,,,0.0,1.0,,0.0,0.04137027636170387,0.9983323216438293,1.0079985857009888,,,,,,,
4695,,,,,,,,,,,,,,,0.0,1.0,,0.0,0.049443043768405914,0.9984130263328552,1.0079985857009888,,,,,,,
4696,,,,,,,,,,,,,,,0.0,1.0,,0.0,0.031059345230460167,0.9982292056083679,1.0079985857009888,,,,,,,
4697,,,,,,,,,,,,,,,0.0,1.0,,0.0,0.03131198137998581,0.9982317090034485,1.0079985857009888,,,,,,,
4698,,,,,,,,,,,,,,,0.0,1.0,,0.0,0.08189230412244797,0.9987375140190125,1.0079985857009888,,,,,,,
4699,117.0,0.035375647246837616,,,,,,,,,,,,,0.0,1.0,0.0010000000474974513,0.0,0.035375647246837616,0.9982723593711853,1.0079985857009888,,0.035375647246837616,0.035375647246837616,0.015803659334778786,0.035375647246837616,0.0,0.035375647246837616
4700,,,,,,,,,,,,,,,0.0,1.0,,0.0,0.06838922202587128,0.9986025094985962,1.0079985857009888,,,,,,,
4701,,,,,,,,,,,,,,,0.0,1.0,,0.0,0.03866790607571602,0.9983052611351013,1.0079985857009888,,,,,,,
4702,,,,,,,,,,,,,,,0.0,1.0,,0.0,0.03010641783475876,0.9982196688652039,1.0079985857009888,,,,,,,
4703,,,,,,,,,,,,,,,0.0,1.0,,0.0,0.07724706083536148,0.9986910820007324,1.0079985857009888,,,,,,,
4704,,,,,,,,,,,,,,,0.0,1.0,,0.0,0.04605435952544212,0.9983791708946228,1.0079985857009888,,,,,,,
4705,,,,,,,,,,,,,,,0.0,1.0,,0.0,0.0350782610476017,0.9982693791389465,1.0079985857009888,,,,,,,
4706,,,,,,,,,,,,,,,0.0,1.0,,0.0,0.024077359586954117,0.9981594085693359,1.0079985857009888,,,,,,,
4707,,,,,,,,,,,,,,,0.0,1.0,,0.0,0.04034501314163208,0.998322069644928,1.0079985857009888,,,,,,,
4708,,,,,,,,,,,,,,,0.0,1.0,,0.0,0.026039816439151764,0.998179018497467,1.0079985857009888,,,,,,,
4709,,,,,,,,,,,,,,,0.0,1.0,,0.0,0.05508740618824959,0.9984694719314575,1.0079985857009888,,,,,,,
4710,,,,,,,,,,,,,,,0.0,1.0,,0.0,0.029682548716664314,0.9982154369354248,1.0079985857009888,,,,,,,
4711,,,,,,,,,,,,,,,0.0,1.0,,0.0,0.04009711369872093,0.9983195662498474,1.0079985857009888,,,,,,,
4712,,,,,,,,,,,,,,,0.0,1.0,,0.0,0.03595792502164841,0.9982782006263733,1.0079985857009888,,,,,,,
4713,,,,,,,,,,,,,,,0.0,1.0,,0.0,0.048754144459962845,0.998406171798706,1.0079985857009888,,,,,,,
4714,,,,,,,,,,,,,,,0.0,1.0,,0.0,0.07596585899591446,0.9986782670021057,1.0079985857009888,,,,,,,
4715,,,,,,,,,,,,,,,0.0,1.0,,0.0,0.02921830490231514,0.9982107877731323,1.0079985857009888,,,,,,,
4716,,,,,,,,,,,,,,,0.0,1.0,,0.0,0.06060153618454933,0.9985246062278748,1.0079985857009888,,,,,,,
4717,,,,,,,,,,,,,,,0.0,1.0,,0.0,0.037285830825567245,0.9982914924621582,1.0079985857009888,,,,,,,
4718,,,,,,,,,,,,,,,0.0,1.0,,0.0,0.07157183438539505,0.9986343383789062,1.0079985857009888,,,,,,,
4719,117.0,0.26883557438850403,,0.10969755798578262,0.26883557438850403,0.0,0.26883557438850403,2.2129533290863037,0.20190905034542084,4.707915782928467,6.123073101043701,0.9779137372970581,0.9751630425453186,1.0754401683807373,0.0,1.0,,0.0,0.23227189481258392,1.0002412796020508,1.0079985857009888,0.04421781748533249,,,,,,
4720,,,,,,,,,,,,,,,0.0,1.0,,0.0,0.05356389284133911,0.9984542727470398,1.0079985857009888,,,,,,,
4721,,,,,,,,,,,,,,,0.0,1.0,,0.0,0.03620905056595802,0.9982807040214539,1.0079985857009888,,,,,,,
4722,,,,,,,,,,,,,,,0.0,1.0,,0.0,0.03959792107343674,0.9983145594596863,1.0079985857009888,,,,,,,
4723,,,,,,,,,,,,,,,0.0,1.0,,0.0,0.047875646501779556,0.9983973503112793,1.0079985857009888,,,,,,,
4724,,,,,,,,,,,,,,,0.0,1.0,,0.0,0.030103737488389015,0.9982196688652039,1.0079985857009888,,,,,,,
4725,,,,,,,,,,,,,,,0.0,1.0,,0.0,0.03329433128237724,0.9982515573501587,1.0079985857009888,,,,,,,
4726,,,,,,,,,,,,,,,0.0,1.0,,0.0,0.033503271639347076,0.9982536435127258,1.0079985857009888,,,,,,,
4727,,,,,,,,,,,,,,,0.0,1.0,,0.0,0.05386659875512123,0.9984572529792786,1.0079985857009888,,,,,,,
4728,,,,,,,,,,,,,,,0.0,1.0,,0.0,0.023124735802412033,0.9981498718261719,1.0079985857009888,,,,,,,
4729,,,,,,,,,,,,,,,0.0,1.0,,0.0,0.030896831303834915,0.998227596282959,1.0079985857009888,,,,,,,
4730,,,,,,,,,,,,,,,0.0,1.0,,0.0,0.04016270861029625,0.9983202219009399,1.0079985857009888,,,,,,,
4731,,,,,,,,,,,,,,,0.0,1.0,,0.0,0.036546796560287476,0.998284101486206,1.0079985857009888,,,,,,,
4732,,,,,,,,,,,,,,,0.0,1.0,,0.0,0.027110036462545395,0.9981896877288818,1.0079985857009888,,,,,,,
4733,,,,,,,,,,,,,,,0.0,1.0,,0.0,0.05073662847280502,0.9984259605407715,1.0079985857009888,,,,,,,
4734,,,,,,,,,,,,,,,0.0,1.0,,0.0,0.04571554809808731,0.9983757734298706,1.0079985857009888,,,,,,,
4735,,,,,,,,,,,,,,,0.0,1.0,,0.0,0.06888842582702637,0.9986075162887573,1.0079985857009888,,,,,,,
4736,,,,,,,,,,,,,,,0.0,1.0,,0.0,0.03472921997308731,0.9982659220695496,1.0079985857009888,,,,,,,
4737,,,,,,,,,,,,,,,0.0,1.0,,0.0,0.0433628112077713,0.9983522295951843,1.0079985857009888,,,,,,,
4738,,,,,,,,,,,,,,,0.0,1.0,,0.0,0.04751214012503624,0.998393714427948,1.0079985857009888,,,,,,,
4739,,,,,,,,,,,,,,,0.0,1.0,,0.0,0.07056582719087601,0.9986242651939392,1.0079985857009888,,,,,,,
4740,,,,,,,,,,,,,,,0.0,1.0,,0.0,0.049780480563640594,0.9984164237976074,1.0079985857009888,,,,,,,
4741,,,,,,,,,,,,,,,0.0,1.0,,0.0,0.03953700512647629,0.9983139634132385,1.0079985857009888,,,,,,,
4742,,,,,,,,,,,,,,,0.0,1.0,,0.0,0.02711874060332775,0.9981898069381714,1.0079985857009888,,,,,,,
4743,,,,,,,,,,,,,,,0.0,1.0,,0.0,0.04219484329223633,0.9983405470848083,1.0079985857009888,,,,,,,
4744,,,,,,,,,,,,,,,0.0,1.0,,0.0,0.06338627636432648,0.9985524415969849,1.0079985857009888,,,,,,,
4745,,,,,,,,,,,,,,,0.0,1.0,,0.0,0.09899881482124329,0.9989085793495178,1.0079985857009888,,,,,,,
4746,,,,,,,,,,,,,,,0.0,1.0,,0.0,0.04810196906328201,0.9983996152877808,1.0079985857009888,,,,,,,
4747,,,,,,,,,,,,,,,0.0,1.0,,0.0,0.03992821276187897,0.9983178973197937,1.0079985857009888,,,,,,,
4748,,,,,,,,,,,,,,,0.0,1.0,,0.0,0.04688795655965805,0.9983874559402466,1.0079985857009888,,,,,,,
4749,118.0,0.06904572248458862,,,,,,,,,,,,,0.0,1.0,0.0010000000474974513,0.0,0.06904572248458862,0.9986090660095215,1.0079985857009888,,0.06904572248458862,0.06904572248458862,0.029653821140527725,0.06904572248458862,0.0,0.06904572248458862
4750,,,,,,,,,,,,,,,0.0,1.0,,0.0,0.022109463810920715,0.9981396794319153,1.0079985857009888,,,,,,,
4751,,,,,,,,,,,,,,,0.0,1.0,,0.0,0.024662042036652565,0.9981652498245239,1.0079985857009888,,,,,,,
4752,,,,,,,,,,,,,,,0.0,1.0,,0.0,0.07660025358200073,0.9986845850944519,1.0079985857009888,,,,,,,
4753,,,,,,,,,,,,,,,0.0,1.0,,0.0,0.034527599811553955,0.9982638955116272,1.0079985857009888,,,,,,,
4754,,,,,,,,,,,,,,,0.0,1.0,,0.0,0.06154973432421684,0.998534083366394,1.0079985857009888,,,,,,,
4755,,,,,,,,,,,,,,,0.0,1.0,,0.0,0.05799013748764992,0.9984984993934631,1.0079985857009888,,,,,,,
4756,,,,,,,,,,,,,,,0.0,1.0,,0.0,0.0309430081397295,0.9982280135154724,1.0079985857009888,,,,,,,
4757,,,,,,,,,,,,,,,0.0,1.0,,0.0,0.05767099931836128,0.99849534034729,1.0079985857009888,,,,,,,
4758,,,,,,,,,,,,,,,0.0,1.0,,0.0,0.03628479689359665,0.9982814788818359,1.0079985857009888,,,,,,,
4759,118.0,0.13004575669765472,,0.06224709004163742,0.13004575669765472,0.0,0.13004575669765472,2.303795099258423,0.19582121074199677,4.982455253601074,6.329655647277832,0.9773370027542114,0.9743171334266663,0.7810590863227844,0.0,1.0,,0.0,0.04946252703666687,0.9984132051467896,1.0079985857009888,0.04722737893462181,,,,,,
4760,,,,,,,,,,,,,,,0.0,1.0,,0.0,0.03476983681321144,0.9982662796974182,1.0079985857009888,,,,,,,
4761,,,,,,,,,,,,,,,0.0,1.0,,0.0,0.05878505855798721,0.9985064268112183,1.0079985857009888,,,,,,,
4762,,,,,,,,,,,,,,,0.0,1.0,,0.0,0.09665714204311371,0.9988851547241211,1.0079985857009888,,,,,,,
4763,,,,,,,,,,,,,,,0.0,1.0,,0.0,0.06907542794942856,0.9986093640327454,1.0079985857009888,,,,,,,
4764,,,,,,,,,,,,,,,0.0,1.0,,0.0,0.05174752324819565,0.9984360933303833,1.0079985857009888,,,,,,,
4765,,,,,,,,,,,,,,,0.0,1.0,,0.0,0.0766090378165245,0.9986847043037415,1.0079985857009888,,,,,,,
4766,,,,,,,,,,,,,,,0.0,1.0,,0.0,0.053080003708601,0.9984493851661682,1.0079985857009888,,,,,,,
4767,,,,,,,,,,,,,,,0.0,1.0,,0.0,0.035751376301050186,0.9982761144638062,1.0079985857009888,,,,,,,
4768,,,,,,,,,,,,,,,0.0,1.0,,0.0,0.056737497448921204,0.9984859824180603,1.0079985857009888,,,,,,,
4769,,,,,,,,,,,,,,,0.0,1.0,,0.0,0.03584001213312149,0.9982770085334778,1.0079985857009888,,,,,,,
4770,,,,,,,,,,,,,,,0.0,1.0,,0.0,0.028307711705565453,0.9982016682624817,1.0079985857009888,,,,,,,
4771,,,,,,,,,,,,,,,0.0,1.0,,0.0,0.027543751522898674,0.9981940388679504,1.0079985857009888,,,,,,,
4772,,,,,,,,,,,,,,,0.0,1.0,,0.0,0.04409019276499748,0.9983595013618469,1.0079985857009888,,,,,,,
4773,,,,,,,,,,,,,,,0.0,1.0,,0.0,0.05144878476858139,0.9984331130981445,1.0079985857009888,,,,,,,
4774,,,,,,,,,,,,,,,0.0,1.0,,0.0,0.047405872493982315,0.998392641544342,1.0079985857009888,,,,,,,
4775,,,,,,,,,,,,,,,0.0,1.0,,0.0,0.0798289105296135,0.9987168908119202,1.0079985857009888,,,,,,,
4776,,,,,,,,,,,,,,,0.0,1.0,,0.0,0.026723399758338928,0.9981858134269714,1.0079985857009888,,,,,,,
4777,,,,,,,,,,,,,,,0.0,1.0,,0.0,0.07912040501832962,0.9987097978591919,1.0079985857009888,,,,,,,
4778,,,,,,,,,,,,,,,0.0,1.0,,0.0,0.05838107317686081,0.9985024333000183,1.0079985857009888,,,,,,,
4779,,,,,,,,,,,,,,,0.0,1.0,,0.0,0.0369894802570343,0.9982885122299194,1.0079985857009888,,,,,,,
4780,,,,,,,,,,,,,,,0.0,1.0,,0.0,0.0651361271739006,0.9985699653625488,1.0079985857009888,,,,,,,
4781,,,,,,,,,,,,,,,0.0,1.0,,0.0,0.0353812649846077,0.9982724189758301,1.0079985857009888,,,,,,,
4782,,,,,,,,,,,,,,,0.0,1.0,,0.0,0.052573852241039276,0.9984443187713623,1.0079985857009888,,,,,,,
4783,,,,,,,,,,,,,,,0.0,1.0,,0.0,0.04662582650780678,0.9983848929405212,1.0079985857009888,,,,,,,
4784,,,,,,,,,,,,,,,0.0,1.0,,0.0,0.05484611913561821,0.9984670877456665,1.0079985857009888,,,,,,,
4785,,,,,,,,,,,,,,,0.0,1.0,,0.0,0.08996164798736572,0.9988182187080383,1.0079985857009888,,,,,,,
4786,,,,,,,,,,,,,,,0.0,1.0,,0.0,0.06177600100636482,0.9985363483428955,1.0079985857009888,,,,,,,
4787,,,,,,,,,,,,,,,0.0,1.0,,0.0,0.045695580542087555,0.9983755350112915,1.0079985857009888,,,,,,,
4788,,,,,,,,,,,,,,,0.0,1.0,,0.0,0.04502321407198906,0.9983688592910767,1.0079985857009888,,,,,,,
4789,,,,,,,,,,,,,,,0.0,1.0,,0.0,0.042494967579841614,0.9983435273170471,1.0079985857009888,,,,,,,
4790,,,,,,,,,,,,,,,0.0,1.0,,0.0,0.03947193920612335,0.998313307762146,1.0079985857009888,,,,,,,
4791,,,,,,,,,,,,,,,0.0,1.0,,0.0,0.04222773760557175,0.998340904712677,1.0079985857009888,,,,,,,
4792,,,,,,,,,,,,,,,0.0,1.0,,0.0,0.04127156734466553,0.9983313083648682,1.0079985857009888,,,,,,,
4793,,,,,,,,,,,,,,,0.0,1.0,,0.0,0.03164083510637283,0.9982349872589111,1.0079985857009888,,,,,,,
4794,,,,,,,,,,,,,,,0.0,1.0,,0.0,0.06077703833580017,0.998526394367218,1.0079985857009888,,,,,,,
4795,,,,,,,,,,,,,,,0.0,1.0,,0.0,0.03251234441995621,0.9982437491416931,1.0079985857009888,,,,,,,
4796,,,,,,,,,,,,,,,0.0,1.0,,0.0,0.08962563425302505,0.9988148808479309,1.0079985857009888,,,,,,,
4797,,,,,,,,,,,,,,,0.0,1.0,,0.0,0.09520051628351212,0.9988706111907959,1.0079985857009888,,,,,,,
4798,,,,,,,,,,,,,,,0.0,1.0,,0.0,0.05794162675738335,0.9984980225563049,1.0079985857009888,,,,,,,
4799,119.0,0.15713384747505188,,0.07088746875524521,0.15713384747505188,0.0,0.15713384747505188,2.136613607406616,0.1910609006881714,4.35392951965332,5.887353897094727,0.978314995765686,0.9756520986557007,0.9374034404754639,0.0,1.0,0.0010000000474974513,0.0,0.03932935371994972,0.9983118772506714,1.0079985857009888,0.05685224011540413,0.03932935371994972,0.03932935371994972,0.01630997285246849,0.03932935371994972,0.0,0.03932935371994972
4800,,,,,,,,,,,,,,,0.0,1.0,,0.0,0.10515041649341583,0.998970091342926,1.0079985857009888,,,,,,,
4801,,,,,,,,,,,,,,,0.0,1.0,,0.0,0.04438059404492378,0.9983624219894409,1.0079985857009888,,,,,,,
4802,,,,,,,,,,,,,,,0.0,1.0,,0.0,0.040345992892980576,0.998322069644928,1.0079985857009888,,,,,,,
4803,,,,,,,,,,,,,,,0.0,1.0,,0.0,0.055753663182258606,0.9984761476516724,1.0079985857009888,,,,,,,
4804,,,,,,,,,,,,,,,0.0,1.0,,0.0,0.05936790257692337,0.9985122680664062,1.0079985857009888,,,,,,,
4805,,,,,,,,,,,,,,,0.0,1.0,,0.0,0.05214335769414902,0.9984400272369385,1.0079985857009888,,,,,,,
4806,,,,,,,,,,,,,,,0.0,1.0,,0.0,0.0632396936416626,0.9985510110855103,1.0079985857009888,,,,,,,
4807,,,,,,,,,,,,,,,0.0,1.0,,0.0,0.032402921468019485,0.9982426166534424,1.0079985857009888,,,,,,,
4808,,,,,,,,,,,,,,,0.0,1.0,,0.0,0.04699791222810745,0.9983885884284973,1.0079985857009888,,,,,,,
4809,,,,,,,,,,,,,,,0.0,1.0,,0.0,0.03558364510536194,0.9982744455337524,1.0079985857009888,,,,,,,
4810,,,,,,,,,,,,,,,0.0,1.0,,0.0,0.04191147908568382,0.9983377456665039,1.0079985857009888,,,,,,,
4811,,,,,,,,,,,,,,,0.0,1.0,,0.0,0.03835378959774971,0.998302161693573,1.0079985857009888,,,,,,,
4812,,,,,,,,,,,,,,,0.0,1.0,,0.0,0.07220244407653809,0.9986406564712524,1.0079985857009888,,,,,,,
4813,,,,,,,,,,,,,,,0.0,1.0,,0.0,0.04218205064535141,0.9983404278755188,1.0079985857009888,,,,,,,
4814,,,,,,,,,,,,,,,0.0,1.0,,0.0,0.07567430287599564,0.9986753463745117,1.0079985857009888,,,,,,,
4815,,,,,,,,,,,,,,,0.0,1.0,,0.0,0.04502065107226372,0.9983687996864319,1.0079985857009888,,,,,,,
4816,,,,,,,,,,,,,,,0.0,1.0,,0.0,0.08658948540687561,0.9987844824790955,1.0079985857009888,,,,,,,
4817,,,,,,,,,,,,,,,0.0,1.0,,0.0,0.04537500813603401,0.9983723759651184,1.0079985857009888,,,,,,,
4818,,,,,,,,,,,,,,,0.0,1.0,,0.0,0.10986454039812088,0.9990172386169434,1.0079985857009888,,,,,,,
4819,,,,,,,,,,,,,,,0.0,1.0,,0.0,0.054054051637649536,0.9984591603279114,1.0079985857009888,,,,,,,
4820,,,,,,,,,,,,,,,0.0,1.0,,0.0,0.08264376223087311,0.9987450242042542,1.0079985857009888,,,,,,,
4821,,,,,,,,,,,,,,,0.0,1.0,,0.0,0.043420687317848206,0.9983528256416321,1.0079985857009888,,,,,,,
4822,,,,,,,,,,,,,,,0.0,1.0,,0.0,0.03513510525226593,0.9982699751853943,1.0079985857009888,,,,,,,
4823,,,,,,,,,,,,,,,0.0,1.0,,0.0,0.045806869864463806,0.9983766674995422,1.0079985857009888,,,,,,,
4824,,,,,,,,,,,,,,,0.0,1.0,,0.0,0.058786649256944656,0.998506486415863,1.0079985857009888,,,,,,,
4825,,,,,,,,,,,,,,,0.0,1.0,,0.0,0.03919875994324684,0.9983105659484863,1.0079985857009888,,,,,,,
4826,,,,,,,,,,,,,,,0.0,1.0,,0.0,0.0404016450047493,0.998322606086731,1.0079985857009888,,,,,,,
4827,,,,,,,,,,,,,,,0.0,1.0,,0.0,0.07549360394477844,0.9986735582351685,1.0079985857009888,,,,,,,
4828,,,,,,,,,,,,,,,0.0,1.0,,0.0,0.05296565964818001,0.9984482526779175,1.0079985857009888,,,,,,,
4829,,,,,,,,,,,,,,,0.0,1.0,,0.0,0.047586701810359955,0.9983944892883301,1.0079985857009888,,,,,,,
4830,,,,,,,,,,,,,,,0.0,1.0,,0.0,0.05028935521841049,0.9984214901924133,1.0079985857009888,,,,,,,
4831,,,,,,,,,,,,,,,0.0,1.0,,0.0,0.040972743183374405,0.9983283281326294,1.0079985857009888,,,,,,,
4832,,,,,,,,,,,,,,,0.0,1.0,,0.0,0.09565481543540955,0.9988751411437988,1.0079985857009888,,,,,,,
4833,,,,,,,,,,,,,,,0.0,1.0,,0.0,0.07536682486534119,0.9986722469329834,1.0079985857009888,,,,,,,
4834,,,,,,,,,,,,,,,0.0,1.0,,0.0,0.0858192965388298,0.9987767934799194,1.0079985857009888,,,,,,,
4835,,,,,,,,,,,,,,,0.0,1.0,,0.0,0.05011109262704849,0.9984197020530701,1.0079985857009888,,,,,,,
4836,,,,,,,,,,,,,,,0.0,1.0,,0.0,0.036535121500492096,0.9982839822769165,1.0079985857009888,,,,,,,
4837,,,,,,,,,,,,,,,0.0,1.0,,0.0,0.13779865205287933,0.9992966055870056,1.0079985857009888,,,,,,,
4838,,,,,,,,,,,,,,,0.0,1.0,,0.0,0.09020114690065384,0.9988206028938293,1.0079985857009888,,,,,,,
4839,120.0,0.1510540395975113,,0.07150360196828842,0.1510540395975113,0.0,0.1510540395975113,2.2758235931396484,0.1992168426513672,4.897086143493652,6.277783393859863,0.9776684045791626,0.9747942090034485,0.8597661852836609,0.0,1.0,,0.0,0.0891924723982811,0.9988105297088623,1.0079985857009888,0.05700291320681572,,,,,,
4840,,,,,,,,,,,,,,,0.0,1.0,,0.0,0.045872822403907776,0.9983773231506348,1.0079985857009888,,,,,,,
4841,,,,,,,,,,,,,,,0.0,1.0,,0.0,0.03587999939918518,0.9982774257659912,1.0079985857009888,,,,,,,
4842,,,,,,,,,,,,,,,0.0,1.0,,0.0,0.1080641970038414,0.9989992380142212,1.0079985857009888,,,,,,,
4843,,,,,,,,,,,,,,,0.0,1.0,,0.0,0.06634100526571274,0.9985820055007935,1.0079985857009888,,,,,,,
4844,,,,,,,,,,,,,,,0.0,1.0,,0.0,0.04208613187074661,0.9983394742012024,1.0079985857009888,,,,,,,
4845,,,,,,,,,,,,,,,0.0,1.0,,0.0,0.06381739675998688,0.9985567927360535,1.0079985857009888,,,,,,,
4846,,,,,,,,,,,,,,,0.0,1.0,,0.0,0.10042515397071838,0.9989228844642639,1.0079985857009888,,,,,,,
4847,,,,,,,,,,,,,,,0.0,1.0,,0.0,0.10403615981340408,0.998958945274353,1.0079985857009888,,,,,,,
4848,,,,,,,,,,,,,,,0.0,1.0,,0.0,0.044081997126340866,0.9983594417572021,1.0079985857009888,,,,,,,
4849,121.0,0.14503923058509827,,,,,,,,,,,,,0.0,1.0,0.0010000000474974513,0.0,0.14503923058509827,0.9993690252304077,1.0079985857009888,,0.14503923058509827,0.14503923058509827,0.05424970015883446,0.14503923058509827,0.0,0.14503923058509827
4850,,,,,,,,,,,,,,,0.0,1.0,,0.0,0.09882999211549759,0.9989069104194641,1.0079985857009888,,,,,,,
4851,,,,,,,,,,,,,,,0.0,1.0,,0.0,0.042922116816043854,0.998347818851471,1.0079985857009888,,,,,,,
4852,,,,,,,,,,,,,,,0.0,1.0,,0.0,0.07591146230697632,0.9986777305603027,1.0079985857009888,,,,,,,
4853,,,,,,,,,,,,,,,0.0,1.0,,0.0,0.06358041614294052,0.9985544085502625,1.0079985857009888,,,,,,,
4854,,,,,,,,,,,,,,,0.0,1.0,,0.0,0.05233956128358841,0.9984419941902161,1.0079985857009888,,,,,,,
4855,,,,,,,,,,,,,,,0.0,1.0,,0.0,0.039159394800662994,0.9983102083206177,1.0079985857009888,,,,,,,
4856,,,,,,,,,,,,,,,0.0,1.0,,0.0,0.08476035296916962,0.9987661838531494,1.0079985857009888,,,,,,,
4857,,,,,,,,,,,,,,,0.0,1.0,,0.0,0.05325564369559288,0.9984511733055115,1.0079985857009888,,,,,,,
4858,,,,,,,,,,,,,,,0.0,1.0,,0.0,0.03478212654590607,0.9982663989067078,1.0079985857009888,,,,,,,
4859,,,,,,,,,,,,,,,0.0,1.0,,0.0,0.05764611437916756,0.9984950423240662,1.0079985857009888,,,,,,,
4860,,,,,,,,,,,,,,,0.0,1.0,,0.0,0.05857040733098984,0.9985042810440063,1.0079985857009888,,,,,,,
4861,,,,,,,,,,,,,,,0.0,1.0,,0.0,0.03600281476974487,0.9982786178588867,1.0079985857009888,,,,,,,
4862,,,,,,,,,,,,,,,0.0,1.0,,0.0,0.04710935801267624,0.998389720916748,1.0079985857009888,,,,,,,
4863,,,,,,,,,,,,,,,0.0,1.0,,0.0,0.042101338505744934,0.9983395934104919,1.0079985857009888,,,,,,,
4864,,,,,,,,,,,,,,,0.0,1.0,,0.0,0.07329683005809784,0.9986515641212463,1.0079985857009888,,,,,,,
4865,,,,,,,,,,,,,,,0.0,1.0,,0.0,0.048564597964286804,0.9984042644500732,1.0079985857009888,,,,,,,
4866,,,,,,,,,,,,,,,0.0,1.0,,0.0,0.04302794486284256,0.9983488917350769,1.0079985857009888,,,,,,,
4867,,,,,,,,,,,,,,,0.0,1.0,,0.0,0.032417312264442444,0.9982427954673767,1.0079985857009888,,,,,,,
4868,,,,,,,,,,,,,,,0.0,1.0,,0.0,0.04698865860700607,0.9983884692192078,1.0079985857009888,,,,,,,
4869,,,,,,,,,,,,,,,0.0,1.0,,0.0,0.11787956207990646,0.9990974068641663,1.0079985857009888,,,,,,,
4870,,,,,,,,,,,,,,,0.0,1.0,,0.0,0.08708078414201736,0.9987894296646118,1.0079985857009888,,,,,,,
4871,,,,,,,,,,,,,,,0.0,1.0,,0.0,0.09771683812141418,0.9988957643508911,1.0079985857009888,,,,,,,
4872,,,,,,,,,,,,,,,0.0,1.0,,0.0,0.03139705955982208,0.9982326030731201,1.0079985857009888,,,,,,,
4873,,,,,,,,,,,,,,,0.0,1.0,,0.0,0.05130784586071968,0.9984316825866699,1.0079985857009888,,,,,,,
4874,,,,,,,,,,,,,,,0.0,1.0,,0.0,0.03255262225866318,0.9982441067695618,1.0079985857009888,,,,,,,
4875,,,,,,,,,,,,,,,0.0,1.0,,0.0,0.02190433256328106,0.9981376528739929,1.0079985857009888,,,,,,,
4876,,,,,,,,,,,,,,,0.0,1.0,,0.0,0.035668227821588516,0.9982752799987793,1.0079985857009888,,,,,,,
4877,,,,,,,,,,,,,,,0.0,1.0,,0.0,0.02724401466548443,0.9981910586357117,1.0079985857009888,,,,,,,
4878,,,,,,,,,,,,,,,0.0,1.0,,0.0,0.052379246801137924,0.9984424114227295,1.0079985857009888,,,,,,,
4879,121.0,0.1579323559999466,,0.07306203246116638,0.1579323559999466,0.0,0.1579323559999466,2.3908791542053223,0.20612043142318726,5.172848701477051,6.571537971496582,0.9772837162017822,0.9742087125778198,0.8465788960456848,0.0,1.0,,0.0,0.11113350093364716,0.9990299344062805,1.0079985857009888,0.05885547026991844,,,,,,
4880,,,,,,,,,,,,,,,0.0,1.0,,0.0,0.0788513720035553,0.998707115650177,1.0079985857009888,,,,,,,
4881,,,,,,,,,,,,,,,0.0,1.0,,0.0,0.11867713183164597,0.9991053938865662,1.0079985857009888,,,,,,,
4882,,,,,,,,,,,,,,,0.0,1.0,,0.0,0.05583872273564339,0.9984769821166992,1.0079985857009888,,,,,,,
4883,,,,,,,,,,,,,,,0.0,1.0,,0.0,0.03627745062112808,0.9982813596725464,1.0079985857009888,,,,,,,
4884,,,,,,,,,,,,,,,0.0,1.0,,0.0,0.058326415717601776,0.9985018968582153,1.0079985857009888,,,,,,,
4885,,,,,,,,,,,,,,,0.0,1.0,,0.0,0.04785706102848053,0.998397171497345,1.0079985857009888,,,,,,,
4886,,,,,,,,,,,,,,,0.0,1.0,,0.0,0.07658269256353378,0.9986844062805176,1.0079985857009888,,,,,,,
4887,,,,,,,,,,,,,,,0.0,1.0,,0.0,0.06792294234037399,0.9985978603363037,1.0079985857009888,,,,,,,
4888,,,,,,,,,,,,,,,0.0,1.0,,0.0,0.05569245293736458,0.9984755516052246,1.0079985857009888,,,,,,,
4889,,,,,,,,,,,,,,,0.0,1.0,,0.0,0.03480713441967964,0.9982666969299316,1.0079985857009888,,,,,,,
4890,,,,,,,,,,,,,,,0.0,1.0,,0.0,0.016776377335190773,0.9980863928794861,1.0079985857009888,,,,,,,
4891,,,,,,,,,,,,,,,0.0,1.0,,0.0,0.027732346206903458,0.9981959462165833,1.0079985857009888,,,,,,,
4892,,,,,,,,,,,,,,,0.0,1.0,,0.0,0.040134262293577194,0.9983199238777161,1.0079985857009888,,,,,,,
4893,,,,,,,,,,,,,,,0.0,1.0,,0.0,0.032572999596595764,0.9982443451881409,1.0079985857009888,,,,,,,
4894,,,,,,,,,,,,,,,0.0,1.0,,0.0,0.031018244102597237,0.9982287883758545,1.0079985857009888,,,,,,,
4895,,,,,,,,,,,,,,,0.0,1.0,,0.0,0.07297161221504211,0.9986483454704285,1.0079985857009888,,,,,,,
4896,,,,,,,,,,,,,,,0.0,1.0,,0.0,0.05309062823653221,0.9984495043754578,1.0079985857009888,,,,,,,
4897,,,,,,,,,,,,,,,0.0,1.0,,0.0,0.10963071137666702,0.9990149140357971,1.0079985857009888,,,,,,,
4898,,,,,,,,,,,,,,,0.0,1.0,,0.0,0.03270392492413521,0.9982456564903259,1.0079985857009888,,,,,,,
4899,122.0,0.06957840919494629,,,,,,,,,,,,,0.0,1.0,0.0010000000474974513,0.0,0.06957840919494629,0.9986143708229065,1.0079985857009888,,0.06957840919494629,0.06957840919494629,0.02523175999522209,0.06957840919494629,0.0,0.06957840919494629
4900,,,,,,,,,,,,,,,0.0,1.0,,0.0,0.0249940212816,0.9981685280799866,1.0079985857009888,,,,,,,
4901,,,,,,,,,,,,,,,0.0,1.0,,0.0,0.08227234333753586,0.9987413287162781,1.0079985857009888,,,,,,,
4902,,,,,,,,,,,,,,,0.0,1.0,,0.0,0.06221199780702591,0.9985406994819641,1.0079985857009888,,,,,,,
4903,,,,,,,,,,,,,,,0.0,1.0,,0.0,0.04747378081083298,0.9983933568000793,1.0079985857009888,,,,,,,
4904,,,,,,,,,,,,,,,0.0,1.0,,0.0,0.07703454047441483,0.9986889362335205,1.0079985857009888,,,,,,,
4905,,,,,,,,,,,,,,,0.0,1.0,,0.0,0.04124123230576515,0.9983310103416443,1.0079985857009888,,,,,,,
4906,,,,,,,,,,,,,,,0.0,1.0,,0.0,0.03958703204989433,0.9983144998550415,1.0079985857009888,,,,,,,
4907,,,,,,,,,,,,,,,0.0,1.0,,0.0,0.053725093603134155,0.9984558820724487,1.0079985857009888,,,,,,,
4908,,,,,,,,,,,,,,,0.0,1.0,,0.0,0.08361920714378357,0.9987547993659973,1.0079985857009888,,,,,,,
4909,,,,,,,,,,,,,,,0.0,1.0,,0.0,0.060847122222185135,0.9985270500183105,1.0079985857009888,,,,,,,
4910,,,,,,,,,,,,,,,0.0,1.0,,0.0,0.057693783193826675,0.9984955191612244,1.0079985857009888,,,,,,,
4911,,,,,,,,,,,,,,,0.0,1.0,,0.0,0.058292169123888016,0.9985015392303467,1.0079985857009888,,,,,,,
4912,,,,,,,,,,,,,,,0.0,1.0,,0.0,0.13075649738311768,0.9992261528968811,1.0079985857009888,,,,,,,
4913,,,,,,,,,,,,,,,0.0,1.0,,0.0,0.04706573486328125,0.9983892440795898,1.0079985857009888,,,,,,,
4914,,,,,,,,,,,,,,,0.0,1.0,,0.0,0.04974459111690521,0.9984160661697388,1.0079985857009888,,,,,,,
4915,,,,,,,,,,,,,,,0.0,1.0,,0.0,0.04243572801351547,0.9983429908752441,1.0079985857009888,,,,,,,
4916,,,,,,,,,,,,,,,0.0,1.0,,0.0,0.044807761907577515,0.99836665391922,1.0079985857009888,,,,,,,
4917,,,,,,,,,,,,,,,0.0,1.0,,0.0,0.057706836611032486,0.9984956979751587,1.0079985857009888,,,,,,,
4918,,,,,,,,,,,,,,,0.0,1.0,,0.0,0.03296341374516487,0.9982482194900513,1.0079985857009888,,,,,,,
4919,122.0,0.4120860695838928,,0.16527438163757324,0.4120860695838928,0.0,0.4120860695838928,2.6325454711914062,0.25093522667884827,5.608027935028076,7.242954254150391,0.9762163758277893,0.9726613759994507,0.9597168564796448,0.0,1.0,,0.0,0.0456949919462204,0.9983755350112915,1.0079985857009888,0.05321841314435005,,,,,,
4920,,,,,,,,,,,,,,,0.0,1.0,,0.0,0.040324561297893524,0.9983218312263489,1.0079985857009888,,,,,,,
4921,,,,,,,,,,,,,,,0.0,1.0,,0.0,0.03933318704366684,0.9983119368553162,1.0079985857009888,,,,,,,
4922,,,,,,,,,,,,,,,0.0,1.0,,0.0,0.09036785364151001,0.9988222718238831,1.0079985857009888,,,,,,,
4923,,,,,,,,,,,,,,,0.0,1.0,,0.0,0.05611348897218704,0.9984797239303589,1.0079985857009888,,,,,,,
4924,,,,,,,,,,,,,,,0.0,1.0,,0.0,0.04749559983611107,0.9983935356140137,1.0079985857009888,,,,,,,
4925,,,,,,,,,,,,,,,0.0,1.0,,0.0,0.03665366396307945,0.9982851147651672,1.0079985857009888,,,,,,,
4926,,,,,,,,,,,,,,,0.0,1.0,,0.0,0.027319366112351418,0.998191773891449,1.0079985857009888,,,,,,,
4927,,,,,,,,,,,,,,,0.0,1.0,,0.0,0.0679580494761467,0.9985981583595276,1.0079985857009888,,,,,,,
4928,,,,,,,,,,,,,,,0.0,1.0,,0.0,0.05029209330677986,0.9984215497970581,1.0079985857009888,,,,,,,
4929,,,,,,,,,,,,,,,0.0,1.0,,0.0,0.03885744884610176,0.9983071684837341,1.0079985857009888,,,,,,,
4930,,,,,,,,,,,,,,,0.0,1.0,,0.0,0.031453900039196014,0.9982331395149231,1.0079985857009888,,,,,,,
4931,,,,,,,,,,,,,,,0.0,1.0,,0.0,0.02109340764582157,0.9981295466423035,1.0079985857009888,,,,,,,
4932,,,,,,,,,,,,,,,0.0,1.0,,0.0,0.042107000946998596,0.9983396530151367,1.0079985857009888,,,,,,,
4933,,,,,,,,,,,,,,,0.0,1.0,,0.0,0.03215586021542549,0.9982401728630066,1.0079985857009888,,,,,,,
4934,,,,,,,,,,,,,,,0.0,1.0,,0.0,0.028812002390623093,0.9982067346572876,1.0079985857009888,,,,,,,
4935,,,,,,,,,,,,,,,0.0,1.0,,0.0,0.03193358704447746,0.9982379674911499,1.0079985857009888,,,,,,,
4936,,,,,,,,,,,,,,,0.0,1.0,,0.0,0.02460719272494316,0.9981646537780762,1.0079985857009888,,,,,,,
4937,,,,,,,,,,,,,,,0.0,1.0,,0.0,0.04867788031697273,0.998405396938324,1.0079985857009888,,,,,,,
4938,,,,,,,,,,,,,,,0.0,1.0,,0.0,0.054240599274635315,0.9984610080718994,1.0079985857009888,,,,,,,
4939,,,,,,,,,,,,,,,0.0,1.0,,0.0,0.05392129346728325,0.9984577894210815,1.0079985857009888,,,,,,,
4940,,,,,,,,,,,,,,,0.0,1.0,,0.0,0.03158632293343544,0.9982344508171082,1.0079985857009888,,,,,,,
4941,,,,,,,,,,,,,,,0.0,1.0,,0.0,0.05088843032717705,0.9984275102615356,1.0079985857009888,,,,,,,
4942,,,,,,,,,,,,,,,0.0,1.0,,0.0,0.03451726213097572,0.9982637763023376,1.0079985857009888,,,,,,,
4943,,,,,,,,,,,,,,,0.0,1.0,,0.0,0.15417464077472687,0.9994603395462036,1.0079985857009888,,,,,,,
4944,,,,,,,,,,,,,,,0.0,1.0,,0.0,0.04623981937766075,0.9983810186386108,1.0079985857009888,,,,,,,
4945,,,,,,,,,,,,,,,0.0,1.0,,0.0,0.07894584536552429,0.9987080693244934,1.0079985857009888,,,,,,,
4946,,,,,,,,,,,,,,,0.0,1.0,,0.0,0.11404035240411758,0.9990590214729309,1.0079985857009888,,,,,,,
4947,,,,,,,,,,,,,,,0.0,1.0,,0.0,0.03898223116993904,0.9983084201812744,1.0079985857009888,,,,,,,
4948,,,,,,,,,,,,,,,0.0,1.0,,0.0,0.05836629122495651,0.998502254486084,1.0079985857009888,,,,,,,
4949,123.0,0.028694475069642067,,,,,,,,,,,,,0.0,1.0,0.0010000000474974513,0.0,0.028694475069642067,0.9982055425643921,1.0079985857009888,,0.028694475069642067,0.028694475069642067,0.01262697670608759,0.028694475069642067,0.0,0.028694475069642067
4950,,,,,,,,,,,,,,,0.0,1.0,,0.0,0.026993436738848686,0.9981885552406311,1.0079985857009888,,,,,,,
4951,,,,,,,,,,,,,,,0.0,1.0,,0.0,0.032546162605285645,0.998244047164917,1.0079985857009888,,,,,,,
4952,,,,,,,,,,,,,,,0.0,1.0,,0.0,0.031763847917318344,0.9982362389564514,1.0079985857009888,,,,,,,
4953,,,,,,,,,,,,,,,0.0,1.0,,0.0,0.06659159809350967,0.998584508895874,1.0079985857009888,,,,,,,
4954,,,,,,,,,,,,,,,0.0,1.0,,0.0,0.03950725868344307,0.9983136653900146,1.0079985857009888,,,,,,,
4955,,,,,,,,,,,,,,,0.0,1.0,,0.0,0.03454792499542236,0.9982640743255615,1.0079985857009888,,,,,,,
4956,,,,,,,,,,,,,,,0.0,1.0,,0.0,0.03578313812613487,0.99827641248703,1.0079985857009888,,,,,,,
4957,,,,,,,,,,,,,,,0.0,1.0,,0.0,0.04021076858043671,0.9983206987380981,1.0079985857009888,,,,,,,
4958,,,,,,,,,,,,,,,0.0,1.0,,0.0,0.028129955753684044,0.9981998801231384,1.0079985857009888,,,,,,,
4959,123.0,0.35142749547958374,,0.142485111951828,0.35142749547958374,0.0,0.35142749547958374,2.4339778423309326,0.22815527021884918,5.226381778717041,6.819883823394775,0.9773606061935425,0.9741917252540588,0.8670955896377563,0.0,1.0,,0.0,0.057224955409765244,0.9984908699989319,1.0079985857009888,0.0484679751098156,,,,,,
4960,,,,,,,,,,,,,,,0.0,1.0,,0.0,0.025339802727103233,0.9981719851493835,1.0079985857009888,,,,,,,
4961,,,,,,,,,,,,,,,0.0,1.0,,0.0,0.1032557263970375,0.9989511370658875,1.0079985857009888,,,,,,,
4962,,,,,,,,,,,,,,,0.0,1.0,,0.0,0.04015424847602844,0.9983201622962952,1.0079985857009888,,,,,,,
4963,,,,,,,,,,,,,,,0.0,1.0,,0.0,0.0357639342546463,0.9982762336730957,1.0079985857009888,,,,,,,
4964,,,,,,,,,,,,,,,0.0,1.0,,0.0,0.042861323803663254,0.9983472228050232,1.0079985857009888,,,,,,,
4965,,,,,,,,,,,,,,,0.0,1.0,,0.0,0.02903674729168415,0.9982089996337891,1.0079985857009888,,,,,,,
4966,,,,,,,,,,,,,,,0.0,1.0,,0.0,0.028357163071632385,0.9982022047042847,1.0079985857009888,,,,,,,
4967,,,,,,,,,,,,,,,0.0,1.0,,0.0,0.04189251363277435,0.9983375072479248,1.0079985857009888,,,,,,,
4968,,,,,,,,,,,,,,,0.0,1.0,,0.0,0.052201081067323685,0.9984406232833862,1.0079985857009888,,,,,,,
4969,,,,,,,,,,,,,,,0.0,1.0,,0.0,0.04153190925717354,0.9983339309692383,1.0079985857009888,,,,,,,
4970,,,,,,,,,,,,,,,0.0,1.0,,0.0,0.023552242666482925,0.9981541037559509,1.0079985857009888,,,,,,,
4971,,,,,,,,,,,,,,,0.0,1.0,,0.0,0.0397050678730011,0.9983156323432922,1.0079985857009888,,,,,,,
4972,,,,,,,,,,,,,,,0.0,1.0,,0.0,0.02902902290225029,0.9982088804244995,1.0079985857009888,,,,,,,
4973,,,,,,,,,,,,,,,0.0,1.0,,0.0,0.03549579158425331,0.9982735514640808,1.0079985857009888,,,,,,,
4974,,,,,,,,,,,,,,,0.0,1.0,,0.0,0.052363235503435135,0.9984422326087952,1.0079985857009888,,,,,,,
4975,,,,,,,,,,,,,,,0.0,1.0,,0.0,0.036478448659181595,0.9982833862304688,1.0079985857009888,,,,,,,
4976,,,,,,,,,,,,,,,0.0,1.0,,0.0,0.04655929654836655,0.9983841776847839,1.0079985857009888,,,,,,,
4977,,,,,,,,,,,,,,,0.0,1.0,,0.0,0.04591832682490349,0.998377799987793,1.0079985857009888,,,,,,,
4978,,,,,,,,,,,,,,,0.0,1.0,,0.0,0.04839451611042023,0.9984025359153748,1.0079985857009888,,,,,,,
4979,,,,,,,,,,,,,,,0.0,1.0,,0.0,0.06591096520423889,0.9985777139663696,1.0079985857009888,,,,,,,
4980,,,,,,,,,,,,,,,0.0,1.0,,0.0,0.033627286553382874,0.9982548952102661,1.0079985857009888,,,,,,,
4981,,,,,,,,,,,,,,,0.0,1.0,,0.0,0.0518786646425724,0.9984374046325684,1.0079985857009888,,,,,,,
4982,,,,,,,,,,,,,,,0.0,1.0,,0.0,0.049658939242362976,0.9984151721000671,1.0079985857009888,,,,,,,
4983,,,,,,,,,,,,,,,0.0,1.0,,0.0,0.0487002395093441,0.9984056353569031,1.0079985857009888,,,,,,,
4984,,,,,,,,,,,,,,,0.0,1.0,,0.0,0.028335856273770332,0.9982019662857056,1.0079985857009888,,,,,,,
4985,,,,,,,,,,,,,,,0.0,1.0,,0.0,0.0313350185751915,0.9982319474220276,1.0079985857009888,,,,,,,
4986,,,,,,,,,,,,,,,0.0,1.0,,0.0,0.03436319902539253,0.9982622265815735,1.0079985857009888,,,,,,,
4987,,,,,,,,,,,,,,,0.0,1.0,,0.0,0.03865111991763115,0.9983051419258118,1.0079985857009888,,,,,,,
4988,,,,,,,,,,,,,,,0.0,1.0,,0.0,0.02968231774866581,0.9982154369354248,1.0079985857009888,,,,,,,
4989,,,,,,,,,,,,,,,0.0,1.0,,0.0,0.051526494324207306,0.9984338879585266,1.0079985857009888,,,,,,,
4990,,,,,,,,,,,,,,,0.0,1.0,,0.0,0.036483217030763626,0.9982834458351135,1.0079985857009888,,,,,,,
4991,,,,,,,,,,,,,,,0.0,1.0,,0.0,0.0306718610227108,0.9982253313064575,1.0079985857009888,,,,,,,
4992,,,,,,,,,,,,,,,0.0,1.0,,0.0,0.0753854438662529,0.9986724853515625,1.0079985857009888,,,,,,,
4993,,,,,,,,,,,,,,,0.0,1.0,,0.0,0.031717684119939804,0.9982357621192932,1.0079985857009888,,,,,,,
4994,,,,,,,,,,,,,,,0.0,1.0,,0.0,0.0532493032515049,0.9984511137008667,1.0079985857009888,,,,,,,
4995,,,,,,,,,,,,,,,0.0,1.0,,0.0,0.040168844163417816,0.9983202815055847,1.0079985857009888,,,,,,,
4996,,,,,,,,,,,,,,,0.0,1.0,,0.0,0.0463571697473526,0.9983821511268616,1.0079985857009888,,,,,,,
4997,,,,,,,,,,,,,,,0.0,1.0,,0.0,0.04136962443590164,0.9983323216438293,1.0079985857009888,,,,,,,
4998,,,,,,,,,,,,,,,0.0,1.0,,0.0,0.054737284779548645,0.9984659552574158,1.0079985857009888,,,,,,,
4999,124.0,0.329321026802063,,0.13497038185596466,0.329321026802063,0.0,0.329321026802063,2.3694100379943848,0.2212532013654709,5.125288486480713,6.648499011993408,0.9781249165534973,0.9749792814254761,0.8762998580932617,0.0,1.0,0.0010000000474974513,0.0,0.0672154575586319,0.9985907673835754,1.0079985857009888,0.04629999399185181,0.0672154575586319,0.0672154575586319,0.022418303415179253,0.0672154575586319,0.0,0.0672154575586319
5000,,,,,,,,,,,,,,,0.0,1.0,,0.0,0.04298520088195801,0.9983484745025635,1.0079985857009888,,,,,,,
5001,,,,,,,,,,,,,,,0.0,1.0,,0.0,0.0361332967877388,0.9982799291610718,1.0079985857009888,,,,,,,
5002,,,,,,,,,,,,,,,0.0,1.0,,0.0,0.049564212560653687,0.9984142184257507,1.0079985857009888,,,,,,,
5003,,,,,,,,,,,,,,,0.0,1.0,,0.0,0.035838931798934937,0.9982770085334778,1.0079985857009888,,,,,,,
5004,,,,,,,,,,,,,,,0.0,1.0,,0.0,0.03898857161402702,0.9983084797859192,1.0079985857009888,,,,,,,
5005,,,,,,,,,,,,,,,0.0,1.0,,0.0,0.053029898554086685,0.99844890832901,1.0079985857009888,,,,,,,
5006,,,,,,,,,,,,,,,0.0,1.0,,0.0,0.03703029081225395,0.9982889294624329,1.0079985857009888,,,,,,,
5007,,,,,,,,,,,,,,,0.0,1.0,,0.0,0.03935417905449867,0.9983121752738953,1.0079985857009888,,,,,,,
5008,,,,,,,,,,,,,,,0.0,1.0,,0.0,0.02984127216041088,0.9982170462608337,1.0079985857009888,,,,,,,
5009,,,,,,,,,,,,,,,0.0,1.0,,0.0,0.06231589615345001,0.9985417723655701,1.0079985857009888,,,,,,,
5010,,,,,,,,,,,,,,,0.0,1.0,,0.0,0.048959627747535706,0.9984081983566284,1.0079985857009888,,,,,,,
5011,,,,,,,,,,,,,,,0.0,1.0,,0.0,0.058047499507665634,0.9984990954399109,1.0079985857009888,,,,,,,
5012,,,,,,,,,,,,,,,0.0,1.0,,0.0,0.04204569011926651,0.998339056968689,1.0079985857009888,,,,,,,
5013,,,,,,,,,,,,,,,0.0,1.0,,0.0,0.035825736820697784,0.9982768893241882,1.0079985857009888,,,,,,,
5014,,,,,,,,,,,,,,,0.0,1.0,,0.0,0.06508079916238785,0.9985694289207458,1.0079985857009888,,,,,,,
5015,,,,,,,,,,,,,,,0.0,1.0,,0.0,0.041300710290670395,0.998331606388092,1.0079985857009888,,,,,,,
5016,,,,,,,,,,,,,,,0.0,1.0,,0.0,0.0667998343706131,0.9985865950584412,1.0079985857009888,,,,,,,
5017,,,,,,,,,,,,,,,0.0,1.0,,0.0,0.031929291784763336,0.9982379078865051,1.0079985857009888,,,,,,,
5018,,,,,,,,,,,,,,,0.0,1.0,,0.0,0.03516339883208275,0.9982702136039734,1.0079985857009888,,,,,,,
5019,,,,,,,,,,,,,,,0.0,1.0,,0.0,0.08811185508966446,0.998799741268158,1.0079985857009888,,,,,,,
5020,,,,,,,,,,,,,,,0.0,1.0,,0.0,0.03810383751988411,0.9982996582984924,1.0079985857009888,,,,,,,
5021,,,,,,,,,,,,,,,0.0,1.0,,0.0,0.036138005554676056,0.9982799887657166,1.0079985857009888,,,,,,,
5022,,,,,,,,,,,,,,,0.0,1.0,,0.0,0.09092280268669128,0.9988278150558472,1.0079985857009888,,,,,,,
5023,,,,,,,,,,,,,,,0.0,1.0,,0.0,0.051372017711400986,0.9984323382377625,1.0079985857009888,,,,,,,
5024,,,,,,,,,,,,,,,0.0,1.0,,0.0,0.08326832205057144,0.9987512826919556,1.0079985857009888,,,,,,,
5025,,,,,,,,,,,,,,,0.0,1.0,,0.0,0.03184295445680618,0.9982370138168335,1.0079985857009888,,,,,,,
5026,,,,,,,,,,,,,,,0.0,1.0,,0.0,0.06764589250087738,0.9985950589179993,1.0079985857009888,,,,,,,
5027,,,,,,,,,,,,,,,0.0,1.0,,0.0,0.05796992406249046,0.9984983205795288,1.0079985857009888,,,,,,,
5028,,,,,,,,,,,,,,,0.0,1.0,,0.0,0.04336811229586601,0.9983522891998291,1.0079985857009888,,,,,,,
5029,,,,,,,,,,,,,,,0.0,1.0,,0.0,0.03365875035524368,0.99825519323349,1.0079985857009888,,,,,,,
5030,,,,,,,,,,,,,,,0.0,1.0,,0.0,0.058984823524951935,0.9985084533691406,1.0079985857009888,,,,,,,
5031,,,,,,,,,,,,,,,0.0,1.0,,0.0,0.05626029521226883,0.9984812140464783,1.0079985857009888,,,,,,,
5032,,,,,,,,,,,,,,,0.0,1.0,,0.0,0.04790651798248291,0.9983976483345032,1.0079985857009888,,,,,,,
5033,,,,,,,,,,,,,,,0.0,1.0,,0.0,0.039824023842811584,0.9983168244361877,1.0079985857009888,,,,,,,
5034,,,,,,,,,,,,,,,0.0,1.0,,0.0,0.03916257619857788,0.9983102083206177,1.0079985857009888,,,,,,,
5035,,,,,,,,,,,,,,,0.0,1.0,,0.0,0.05089562013745308,0.9984275698661804,1.0079985857009888,,,,,,,
5036,,,,,,,,,,,,,,,0.0,1.0,,0.0,0.04016457870602608,0.9983202219009399,1.0079985857009888,,,,,,,
5037,,,,,,,,,,,,,,,0.0,1.0,,0.0,0.04327837750315666,0.9983513951301575,1.0079985857009888,,,,,,,
5038,,,,,,,,,,,,,,,0.0,1.0,,0.0,0.05833439528942108,0.9985019564628601,1.0079985857009888,,,,,,,
5039,125.0,0.13283485174179077,,0.06082259863615036,0.13283485174179077,0.0,0.13283485174179077,1.9827756881713867,0.17131109535694122,4.14159631729126,5.395891189575195,0.9781941771507263,0.9756482839584351,0.6871882677078247,0.0,1.0,,0.0,0.046938084065914154,0.9983879923820496,1.0079985857009888,0.05036640167236328,,,,,,
5040,,,,,,,,,,,,,,,0.0,1.0,,0.0,0.08368809521198273,0.9987555146217346,1.0079985857009888,,,,,,,
5041,,,,,,,,,,,,,,,0.0,1.0,,0.0,0.06880495697259903,0.9986066818237305,1.0079985857009888,,,,,,,
5042,,,,,,,,,,,,,,,0.0,1.0,,0.0,0.030952313914895058,0.998228132724762,1.0079985857009888,,,,,,,
5043,,,,,,,,,,,,,,,0.0,1.0,,0.0,0.03132844343781471,0.9982318878173828,1.0079985857009888,,,,,,,
5044,,,,,,,,,,,,,,,0.0,1.0,,0.0,0.060592543333768845,0.99852454662323,1.0079985857009888,,,,,,,
5045,,,,,,,,,,,,,,,0.0,1.0,,0.0,0.05130400508642197,0.9984316229820251,1.0079985857009888,,,,,,,
5046,,,,,,,,,,,,,,,0.0,1.0,,0.0,0.054867155849933624,0.9984672665596008,1.0079985857009888,,,,,,,
5047,,,,,,,,,,,,,,,0.0,1.0,,0.0,0.04564649611711502,0.9983750581741333,1.0079985857009888,,,,,,,
5048,,,,,,,,,,,,,,,0.0,1.0,,0.0,0.04519329592585564,0.9983705282211304,1.0079985857009888,,,,,,,
5049,126.0,0.048648472875356674,,,,,,,,,,,,,0.0,1.0,0.0010000000474974513,0.0,0.048648472875356674,0.9984050989151001,1.0079985857009888,,0.048648472875356674,0.048648472875356674,0.01879609003663063,0.048648472875356674,0.0,0.048648472875356674
5050,,,,,,,,,,,,,,,0.0,1.0,,0.0,0.04921097308397293,0.998410701751709,1.0079985857009888,,,,,,,
5051,,,,,,,,,,,,,,,0.0,1.0,,0.0,0.10669145733118057,0.9989855289459229,1.0079985857009888,,,,,,,
5052,,,,,,,,,,,,,,,0.0,1.0,,0.0,0.05786485597491264,0.9984972476959229,1.0079985857009888,,,,,,,
5053,,,,,,,,,,,,,,,0.0,1.0,,0.0,0.07057266682386398,0.998624324798584,1.0079985857009888,,,,,,,
5054,,,,,,,,,,,,,,,0.0,1.0,,0.0,0.03093744069337845,0.9982279539108276,1.0079985857009888,,,,,,,
5055,,,,,,,,,,,,,,,0.0,1.0,,0.0,0.05964616313576698,0.9985150694847107,1.0079985857009888,,,,,,,
5056,,,,,,,,,,,,,,,0.0,1.0,,0.0,0.040775880217552185,0.9983263611793518,1.0079985857009888,,,,,,,
5057,,,,,,,,,,,,,,,0.0,1.0,,0.0,0.035401973873376846,0.9982725977897644,1.0079985857009888,,,,,,,
5058,,,,,,,,,,,,,,,0.0,1.0,,0.0,0.04833328723907471,0.998401939868927,1.0079985857009888,,,,,,,
5059,,,,,,,,,,,,,,,0.0,1.0,,0.0,0.06442630290985107,0.9985628724098206,1.0079985857009888,,,,,,,
5060,,,,,,,,,,,,,,,0.0,1.0,,0.0,0.071463942527771,0.9986332654953003,1.0079985857009888,,,,,,,
5061,,,,,,,,,,,,,,,0.0,1.0,,0.0,0.03342323377728462,0.998252809047699,1.0079985857009888,,,,,,,
5062,,,,,,,,,,,,,,,0.0,1.0,,0.0,0.03834158554673195,0.9983020424842834,1.0079985857009888,,,,,,,
5063,,,,,,,,,,,,,,,0.0,1.0,,0.0,0.04390007629990578,0.9983575940132141,1.0079985857009888,,,,,,,
5064,,,,,,,,,,,,,,,0.0,1.0,,0.0,0.055740877985954285,0.9984760284423828,1.0079985857009888,,,,,,,
5065,,,,,,,,,,,,,,,0.0,1.0,,0.0,0.06689336895942688,0.9985875487327576,1.0079985857009888,,,,,,,
5066,,,,,,,,,,,,,,,0.0,1.0,,0.0,0.036074575036764145,0.998279333114624,1.0079985857009888,,,,,,,
5067,,,,,,,,,,,,,,,0.0,1.0,,0.0,0.09045971184968948,0.9988232254981995,1.0079985857009888,,,,,,,
5068,,,,,,,,,,,,,,,0.0,1.0,,0.0,0.054292943328619,0.9984615445137024,1.0079985857009888,,,,,,,
5069,,,,,,,,,,,,,,,0.0,1.0,,0.0,0.04018079861998558,0.9983204007148743,1.0079985857009888,,,,,,,
5070,,,,,,,,,,,,,,,0.0,1.0,,0.0,0.0370609425008297,0.9982892274856567,1.0079985857009888,,,,,,,
5071,,,,,,,,,,,,,,,0.0,1.0,,0.0,0.07202347368001938,0.9986388683319092,1.0079985857009888,,,,,,,
5072,,,,,,,,,,,,,,,0.0,1.0,,0.0,0.06516998261213303,0.9985703229904175,1.0079985857009888,,,,,,,
5073,,,,,,,,,,,,,,,0.0,1.0,,0.0,0.04549065977334976,0.9983735084533691,1.0079985857009888,,,,,,,
5074,,,,,,,,,,,,,,,0.0,1.0,,0.0,0.03584514558315277,0.9982770681381226,1.0079985857009888,,,,,,,
5075,,,,,,,,,,,,,,,0.0,1.0,,0.0,0.031386736780405045,0.9982324838638306,1.0079985857009888,,,,,,,
5076,,,,,,,,,,,,,,,0.0,1.0,,0.0,0.047510817646980286,0.998393714427948,1.0079985857009888,,,,,,,
5077,,,,,,,,,,,,,,,0.0,1.0,,0.0,0.049506377428770065,0.9984136819839478,1.0079985857009888,,,,,,,
5078,,,,,,,,,,,,,,,0.0,1.0,,0.0,0.05768875777721405,0.9984955191612244,1.0079985857009888,,,,,,,
5079,126.0,0.15017560124397278,,0.06790291517972946,0.15017560124397278,0.0,0.15017560124397278,2.1664998531341553,0.1888495534658432,4.605705261230469,5.930945873260498,0.977985143661499,0.9752536416053772,0.9383763670921326,0.0,1.0,,0.0,0.039358027279376984,0.9983121752738953,1.0079985857009888,0.05105305090546608,,,,,,
5080,,,,,,,,,,,,,,,0.0,1.0,,0.0,0.057224687188863754,0.9984908699989319,1.0079985857009888,,,,,,,
5081,,,,,,,,,,,,,,,0.0,1.0,,0.0,0.08573788404464722,0.9987759590148926,1.0079985857009888,,,,,,,
5082,,,,,,,,,,,,,,,0.0,1.0,,0.0,0.04089315980672836,0.9983275532722473,1.0079985857009888,,,,,,,
5083,,,,,,,,,,,,,,,0.0,1.0,,0.0,0.046298012137413025,0.9983816146850586,1.0079985857009888,,,,,,,
5084,,,,,,,,,,,,,,,0.0,1.0,,0.0,0.0639372393488884,0.998557984828949,1.0079985857009888,,,,,,,
5085,,,,,,,,,,,,,,,0.0,1.0,,0.0,0.09472861140966415,0.9988659024238586,1.0079985857009888,,,,,,,
5086,,,,,,,,,,,,,,,0.0,1.0,,0.0,0.04942580685019493,0.9984128475189209,1.0079985857009888,,,,,,,
5087,,,,,,,,,,,,,,,0.0,1.0,,0.0,0.059410903602838516,0.9985126852989197,1.0079985857009888,,,,,,,
5088,,,,,,,,,,,,,,,0.0,1.0,,0.0,0.10994341969490051,0.9990180134773254,1.0079985857009888,,,,,,,
5089,,,,,,,,,,,,,,,0.0,1.0,,0.0,0.049920205026865005,0.9984177947044373,1.0079985857009888,,,,,,,
5090,,,,,,,,,,,,,,,0.0,1.0,,0.0,0.07508182525634766,0.998669445514679,1.0079985857009888,,,,,,,
5091,,,,,,,,,,,,,,,0.0,1.0,,0.0,0.032942723482847214,0.9982480406761169,1.0079985857009888,,,,,,,
5092,,,,,,,,,,,,,,,0.0,1.0,,0.0,0.03966745734214783,0.9983152747154236,1.0079985857009888,,,,,,,
5093,,,,,,,,,,,,,,,0.0,1.0,,0.0,0.07998569309711456,0.9987184405326843,1.0079985857009888,,,,,,,
5094,,,,,,,,,,,,,,,0.0,1.0,,0.0,0.06091109663248062,0.9985277056694031,1.0079985857009888,,,,,,,
5095,,,,,,,,,,,,,,,0.0,1.0,,0.0,0.03955092281103134,0.9983141422271729,1.0079985857009888,,,,,,,
5096,,,,,,,,,,,,,,,0.0,1.0,,0.0,0.05196285992860794,0.9984382390975952,1.0079985857009888,,,,,,,
5097,,,,,,,,,,,,,,,0.0,1.0,,0.0,0.03282005712389946,0.9982467889785767,1.0079985857009888,,,,,,,
5098,,,,,,,,,,,,,,,0.0,1.0,,0.0,0.028564568608999252,0.998204231262207,1.0079985857009888,,,,,,,
5099,127.0,0.12095173448324203,,,,,,,,,,,,,0.0,1.0,0.0010000000474974513,0.0,0.12095173448324203,0.9991281032562256,1.0079985857009888,,0.12095173448324203,0.12095173448324203,0.04894764721393585,0.12095173448324203,0.0,0.12095173448324203
5100,,,,,,,,,,,,,,,0.0,1.0,,0.0,0.10392357409000397,0.9989578127861023,1.0079985857009888,,,,,,,
5101,,,,,,,,,,,,,,,0.0,1.0,,0.0,0.025655625388026237,0.9981751441955566,1.0079985857009888,,,,,,,
5102,,,,,,,,,,,,,,,0.0,1.0,,0.0,0.03961307555437088,0.9983147382736206,1.0079985857009888,,,,,,,
5103,,,,,,,,,,,,,,,0.0,1.0,,0.0,0.09476778656244278,0.9988662600517273,1.0079985857009888,,,,,,,
5104,,,,,,,,,,,,,,,0.0,1.0,,0.0,0.10850748419761658,0.9990037083625793,1.0079985857009888,,,,,,,
5105,,,,,,,,,,,,,,,0.0,1.0,,0.0,0.03184933960437775,0.9982370734214783,1.0079985857009888,,,,,,,
5106,,,,,,,,,,,,,,,0.0,1.0,,0.0,0.039518486708402634,0.9983137845993042,1.0079985857009888,,,,,,,
5107,,,,,,,,,,,,,,,0.0,1.0,,0.0,0.033633653074502945,0.9982549548149109,1.0079985857009888,,,,,,,
5108,,,,,,,,,,,,,,,0.0,1.0,,0.0,0.03484781086444855,0.9982670545578003,1.0079985857009888,,,,,,,
5109,,,,,,,,,,,,,,,0.0,1.0,,0.0,0.036672305315732956,0.9982853531837463,1.0079985857009888,,,,,,,
5110,,,,,,,,,,,,,,,0.0,1.0,,0.0,0.05241425707936287,0.9984427690505981,1.0079985857009888,,,,,,,
5111,,,,,,,,,,,,,,,0.0,1.0,,0.0,0.02962377294898033,0.998214840888977,1.0079985857009888,,,,,,,
5112,,,,,,,,,,,,,,,0.0,1.0,,0.0,0.06341522186994553,0.9985527396202087,1.0079985857009888,,,,,,,
5113,,,,,,,,,,,,,,,0.0,1.0,,0.0,0.04421341419219971,0.9983607530593872,1.0079985857009888,,,,,,,
5114,,,,,,,,,,,,,,,0.0,1.0,,0.0,0.02105083502829075,0.99812912940979,1.0079985857009888,,,,,,,
5115,,,,,,,,,,,,,,,0.0,1.0,,0.0,0.042331513017416,0.9983419179916382,1.0079985857009888,,,,,,,
5116,,,,,,,,,,,,,,,0.0,1.0,,0.0,0.05896764248609543,0.9985082745552063,1.0079985857009888,,,,,,,
5117,,,,,,,,,,,,,,,0.0,1.0,,0.0,0.06587224453687668,0.998577356338501,1.0079985857009888,,,,,,,
5118,,,,,,,,,,,,,,,0.0,1.0,,0.0,0.07438142597675323,0.9986624121665955,1.0079985857009888,,,,,,,
5119,127.0,0.20947271585464478,,0.08979777991771698,0.20947271585464478,0.0,0.20947271585464478,2.191378355026245,0.19515641033649445,4.671471118927002,6.0690202713012695,0.9780808091163635,0.975333571434021,0.7877034544944763,0.0,1.0,,0.0,0.020566187798976898,0.9981242418289185,1.0079985857009888,0.05269857123494148,,,,,,
5120,,,,,,,,,,,,,,,0.0,1.0,,0.0,0.03158755972981453,0.9982345104217529,1.0079985857009888,,,,,,,
5121,,,,,,,,,,,,,,,0.0,1.0,,0.0,0.12927067279815674,0.999211311340332,1.0079985857009888,,,,,,,
5122,,,,,,,,,,,,,,,0.0,1.0,,0.0,0.026606040075421333,0.9981846809387207,1.0079985857009888,,,,,,,
5123,,,,,,,,,,,,,,,0.0,1.0,,0.0,0.03135411813855171,0.9982321262359619,1.0079985857009888,,,,,,,
5124,,,,,,,,,,,,,,,0.0,1.0,,0.0,0.04329923540353775,0.9983515739440918,1.0079985857009888,,,,,,,
5125,,,,,,,,,,,,,,,0.0,1.0,,0.0,0.0289977565407753,0.9982085824012756,1.0079985857009888,,,,,,,
5126,,,,,,,,,,,,,,,0.0,1.0,,0.0,0.04869791120290756,0.9984055757522583,1.0079985857009888,,,,,,,
5127,,,,,,,,,,,,,,,0.0,1.0,,0.0,0.0675947442650795,0.9985945820808411,1.0079985857009888,,,,,,,
5128,,,,,,,,,,,,,,,0.0,1.0,,0.0,0.03863602131605148,0.9983049631118774,1.0079985857009888,,,,,,,
5129,,,,,,,,,,,,,,,0.0,1.0,,0.0,0.08100593835115433,0.9987286925315857,1.0079985857009888,,,,,,,
5130,,,,,,,,,,,,,,,0.0,1.0,,0.0,0.046671219170093536,0.9983853101730347,1.0079985857009888,,,,,,,
5131,,,,,,,,,,,,,,,0.0,1.0,,0.0,0.06993100047111511,0.9986178874969482,1.0079985857009888,,,,,,,
5132,,,,,,,,,,,,,,,0.0,1.0,,0.0,0.06953316181898117,0.9986139535903931,1.0079985857009888,,,,,,,
5133,,,,,,,,,,,,,,,0.0,1.0,,0.0,0.05255407094955444,0.998444139957428,1.0079985857009888,,,,,,,
5134,,,,,,,,,,,,,,,0.0,1.0,,0.0,0.04222938418388367,0.998340904712677,1.0079985857009888,,,,,,,
5135,,,,,,,,,,,,,,,0.0,1.0,,0.0,0.033295899629592896,0.9982515573501587,1.0079985857009888,,,,,,,
5136,,,,,,,,,,,,,,,0.0,1.0,,0.0,0.04402383789420128,0.9983588457107544,1.0079985857009888,,,,,,,
5137,,,,,,,,,,,,,,,0.0,1.0,,0.0,0.07062879949808121,0.9986249208450317,1.0079985857009888,,,,,,,
5138,,,,,,,,,,,,,,,0.0,1.0,,0.0,0.053790394216775894,0.9984565377235413,1.0079985857009888,,,,,,,
5139,,,,,,,,,,,,,,,0.0,1.0,,0.0,0.032184820622205734,0.9982404708862305,1.0079985857009888,,,,,,,
5140,,,,,,,,,,,,,,,0.0,1.0,,0.0,0.03653102368116379,0.9982839226722717,1.0079985857009888,,,,,,,
5141,,,,,,,,,,,,,,,0.0,1.0,,0.0,0.06490565836429596,0.9985676407814026,1.0079985857009888,,,,,,,
5142,,,,,,,,,,,,,,,0.0,1.0,,0.0,0.059244487434625626,0.9985110759735107,1.0079985857009888,,,,,,,
5143,,,,,,,,,,,,,,,0.0,1.0,,0.0,0.0346035398542881,0.9982646703720093,1.0079985857009888,,,,,,,
5144,,,,,,,,,,,,,,,0.0,1.0,,0.0,0.0546269454061985,0.9984648823738098,1.0079985857009888,,,,,,,
5145,,,,,,,,,,,,,,,0.0,1.0,,0.0,0.0295134074985981,0.9982137680053711,1.0079985857009888,,,,,,,
5146,,,,,,,,,,,,,,,0.0,1.0,,0.0,0.034341081976890564,0.9982619881629944,1.0079985857009888,,,,,,,
5147,,,,,,,,,,,,,,,0.0,1.0,,0.0,0.03410884737968445,0.9982597231864929,1.0079985857009888,,,,,,,
5148,,,,,,,,,,,,,,,0.0,1.0,,0.0,0.05556201562285423,0.9984742403030396,1.0079985857009888,,,,,,,
5149,128.0,0.02778496965765953,,,,,,,,,,,,,0.0,1.0,0.0010000000474974513,0.0,0.02778496965765953,0.9981964826583862,1.0079985857009888,,0.02778496965765953,0.02778496965765953,0.015143160708248615,0.02778496965765953,0.0,0.02778496965765953
5150,,,,,,,,,,,,,,,0.0,1.0,,0.0,0.11096519231796265,0.9990282654762268,1.0079985857009888,,,,,,,
5151,,,,,,,,,,,,,,,0.0,1.0,,0.0,0.09601789712905884,0.9988787770271301,1.0079985857009888,,,,,,,
5152,,,,,,,,,,,,,,,0.0,1.0,,0.0,0.03881964460015297,0.9983068108558655,1.0079985857009888,,,,,,,
5153,,,,,,,,,,,,,,,0.0,1.0,,0.0,0.07486128807067871,0.9986672401428223,1.0079985857009888,,,,,,,
5154,,,,,,,,,,,,,,,0.0,1.0,,0.0,0.037255093455314636,0.9982911348342896,1.0079985857009888,,,,,,,
5155,,,,,,,,,,,,,,,0.0,1.0,,0.0,0.09021623432636261,0.9988207817077637,1.0079985857009888,,,,,,,
5156,,,,,,,,,,,,,,,0.0,1.0,,0.0,0.05828461796045303,0.9985014796257019,1.0079985857009888,,,,,,,
5157,,,,,,,,,,,,,,,0.0,1.0,,0.0,0.11095800995826721,0.999028205871582,1.0079985857009888,,,,,,,
5158,,,,,,,,,,,,,,,0.0,1.0,,0.0,0.11453450471162796,0.9990639686584473,1.0079985857009888,,,,,,,
5159,128.0,0.1617373824119568,,0.07348918169736862,0.1617373824119568,0.0,0.1617373824119568,2.2485172748565674,0.19283650815486908,4.850144386291504,6.183237075805664,0.9800931811332703,0.976952314376831,0.5815643668174744,0.0,1.0,,0.0,0.10480322688817978,0.998966634273529,1.0079985857009888,0.05380324646830559,,,,,,
5160,,,,,,,,,,,,,,,0.0,1.0,,0.0,0.05478494614362717,0.998466432094574,1.0079985857009888,,,,,,,
5161,,,,,,,,,,,,,,,0.0,1.0,,0.0,0.0537191703915596,0.998455822467804,1.0079985857009888,,,,,,,
5162,,,,,,,,,,,,,,,0.0,1.0,,0.0,0.031862419098615646,0.9982372522354126,1.0079985857009888,,,,,,,
5163,,,,,,,,,,,,,,,0.0,1.0,,0.0,0.1204271987080574,0.9991228580474854,1.0079985857009888,,,,,,,
5164,,,,,,,,,,,,,,,0.0,1.0,,0.0,0.0609670989215374,0.9985283017158508,1.0079985857009888,,,,,,,
5165,,,,,,,,,,,,,,,0.0,1.0,,0.0,0.0412784218788147,0.9983313679695129,1.0079985857009888,,,,,,,
5166,,,,,,,,,,,,,,,0.0,1.0,,0.0,0.03449974209070206,0.9982635974884033,1.0079985857009888,,,,,,,
5167,,,,,,,,,,,,,,,0.0,1.0,,0.0,0.05621081963181496,0.9984807372093201,1.0079985857009888,,,,,,,
5168,,,,,,,,,,,,,,,0.0,1.0,,0.0,0.09032139182090759,0.9988217949867249,1.0079985857009888,,,,,,,
5169,,,,,,,,,,,,,,,0.0,1.0,,0.0,0.0565415695309639,0.9984840154647827,1.0079985857009888,,,,,,,
5170,,,,,,,,,,,,,,,0.0,1.0,,0.0,0.11765190213918686,0.9990951418876648,1.0079985857009888,,,,,,,
5171,,,,,,,,,,,,,,,0.0,1.0,,0.0,0.10581619292497635,0.9989767670631409,1.0079985857009888,,,,,,,
5172,,,,,,,,,,,,,,,0.0,1.0,,0.0,0.06443535536527634,0.9985629320144653,1.0079985857009888,,,,,,,
5173,,,,,,,,,,,,,,,0.0,1.0,,0.0,0.09143665432929993,0.9988330006599426,1.0079985857009888,,,,,,,
5174,,,,,,,,,,,,,,,0.0,1.0,,0.0,0.05821097269654274,0.9985007047653198,1.0079985857009888,,,,,,,
5175,,,,,,,,,,,,,,,0.0,1.0,,0.0,0.055749084800481796,0.9984760880470276,1.0079985857009888,,,,,,,
5176,,,,,,,,,,,,,,,0.0,1.0,,0.0,0.058778949081897736,0.9985063672065735,1.0079985857009888,,,,,,,
5177,,,,,,,,,,,,,,,0.0,1.0,,0.0,0.03979036584496498,0.9983165264129639,1.0079985857009888,,,,,,,
5178,,,,,,,,,,,,,,,0.0,1.0,,0.0,0.10321278125047684,0.998950719833374,1.0079985857009888,,,,,,,
5179,,,,,,,,,,,,,,,0.0,1.0,,0.0,0.04634824022650719,0.9983820915222168,1.0079985857009888,,,,,,,
5180,,,,,,,,,,,,,,,0.0,1.0,,0.0,0.054489538073539734,0.99846351146698,1.0079985857009888,,,,,,,
5181,,,,,,,,,,,,,,,0.0,1.0,,0.0,0.045502498745918274,0.9983736276626587,1.0079985857009888,,,,,,,
5182,,,,,,,,,,,,,,,0.0,1.0,,0.0,0.0820910632610321,0.9987395405769348,1.0079985857009888,,,,,,,
5183,,,,,,,,,,,,,,,0.0,1.0,,0.0,0.04410063847899437,0.9983596205711365,1.0079985857009888,,,,,,,
5184,,,,,,,,,,,,,,,0.0,1.0,,0.0,0.0526077076792717,0.998444676399231,1.0079985857009888,,,,,,,
5185,,,,,,,,,,,,,,,0.0,1.0,,0.0,0.03840933367609978,0.998302698135376,1.0079985857009888,,,,,,,
5186,,,,,,,,,,,,,,,0.0,1.0,,0.0,0.045924413949251175,0.9983778595924377,1.0079985857009888,,,,,,,
5187,,,,,,,,,,,,,,,0.0,1.0,,0.0,0.07494300603866577,0.9986680150032043,1.0079985857009888,,,,,,,
5188,,,,,,,,,,,,,,,0.0,1.0,,0.0,0.052079297602176666,0.998439371585846,1.0079985857009888,,,,,,,
5189,,,,,,,,,,,,,,,0.0,1.0,,0.0,0.06783535331487656,0.9985969662666321,1.0079985857009888,,,,,,,
5190,,,,,,,,,,,,,,,0.0,1.0,,0.0,0.08701345324516296,0.9987887144088745,1.0079985857009888,,,,,,,
5191,,,,,,,,,,,,,,,0.0,1.0,,0.0,0.042320240288972855,0.9983417987823486,1.0079985857009888,,,,,,,
5192,,,,,,,,,,,,,,,0.0,1.0,,0.0,0.02873850055038929,0.9982060194015503,1.0079985857009888,,,,,,,
5193,,,,,,,,,,,,,,,0.0,1.0,,0.0,0.05010639503598213,0.9984196424484253,1.0079985857009888,,,,,,,
5194,,,,,,,,,,,,,,,0.0,1.0,,0.0,0.03625808283686638,0.9982811808586121,1.0079985857009888,,,,,,,
5195,,,,,,,,,,,,,,,0.0,1.0,,0.0,0.044929731637239456,0.9983679056167603,1.0079985857009888,,,,,,,
5196,,,,,,,,,,,,,,,0.0,1.0,,0.0,0.04774532467126846,0.9983960390090942,1.0079985857009888,,,,,,,
5197,,,,,,,,,,,,,,,0.0,1.0,,0.0,0.03984595090150833,0.9983170628547668,1.0079985857009888,,,,,,,
5198,,,,,,,,,,,,,,,0.0,1.0,,0.0,0.042448922991752625,0.9983431100845337,1.0079985857009888,,,,,,,
5199,129.0,0.15315403044223785,,0.07031803578138351,0.15315403044223785,0.0,0.15315403044223785,2.347423553466797,0.20329247415065765,5.0268354415893555,6.413994789123535,0.9773242473602295,0.9742228388786316,0.7167502045631409,0.0,1.0,0.0010000000474974513,0.0,0.07420915365219116,0.998660683631897,1.0079985857009888,0.059151679277420044,0.07420915365219116,0.07420915365219116,0.028666112571954727,0.07420915365219116,0.0,0.07420915365219116
5200,,,,,,,,,,,,,,,0.0,1.0,,0.0,0.05698685348033905,0.9984884858131409,1.0079985857009888,,,,,,,
5201,,,,,,,,,,,,,,,0.0,1.0,,0.0,0.07221613079309464,0.998640775680542,1.0079985857009888,,,,,,,
5202,,,,,,,,,,,,,,,0.0,1.0,,0.0,0.05001382529735565,0.9984187483787537,1.0079985857009888,,,,,,,
5203,,,,,,,,,,,,,,,0.0,1.0,,0.0,0.030129382386803627,0.998219907283783,1.0079985857009888,,,,,,,
5204,,,,,,,,,,,,,,,0.0,1.0,,0.0,0.032529741525650024,0.9982439279556274,1.0079985857009888,,,,,,,
5205,,,,,,,,,,,,,,,0.0,1.0,,0.0,0.036301419138908386,0.9982815980911255,1.0079985857009888,,,,,,,
5206,,,,,,,,,,,,,,,0.0,1.0,,0.0,0.044804323464632034,0.99836665391922,1.0079985857009888,,,,,,,
5207,,,,,,,,,,,,,,,0.0,1.0,,0.0,0.05381998419761658,0.9984567761421204,1.0079985857009888,,,,,,,
5208,,,,,,,,,,,,,,,0.0,1.0,,0.0,0.02748727612197399,0.9981935024261475,1.0079985857009888,,,,,,,
5209,,,,,,,,,,,,,,,0.0,1.0,,0.0,0.030085623264312744,0.9982194900512695,1.0079985857009888,,,,,,,
5210,,,,,,,,,,,,,,,0.0,1.0,,0.0,0.054769083857536316,0.9984663128852844,1.0079985857009888,,,,,,,
5211,,,,,,,,,,,,,,,0.0,1.0,,0.0,0.05522620305418968,0.9984708428382874,1.0079985857009888,,,,,,,
5212,,,,,,,,,,,,,,,0.0,1.0,,0.0,0.07252494245767593,0.9986438751220703,1.0079985857009888,,,,,,,
5213,,,,,,,,,,,,,,,0.0,1.0,,0.0,0.0586017444729805,0.998504638671875,1.0079985857009888,,,,,,,
5214,,,,,,,,,,,,,,,0.0,1.0,,0.0,0.04360104352235794,0.9983546137809753,1.0079985857009888,,,,,,,
5215,,,,,,,,,,,,,,,0.0,1.0,,0.0,0.0790986642241478,0.9987096190452576,1.0079985857009888,,,,,,,
5216,,,,,,,,,,,,,,,0.0,1.0,,0.0,0.02451408840715885,0.9981637597084045,1.0079985857009888,,,,,,,
5217,,,,,,,,,,,,,,,0.0,1.0,,0.0,0.042541563510894775,0.9983440041542053,1.0079985857009888,,,,,,,
5218,,,,,,,,,,,,,,,0.0,1.0,,0.0,0.03889842331409454,0.9983075857162476,1.0079985857009888,,,,,,,
5219,,,,,,,,,,,,,,,0.0,1.0,,0.0,0.03956174477934837,0.9983142018318176,1.0079985857009888,,,,,,,
5220,,,,,,,,,,,,,,,0.0,1.0,,0.0,0.05472690239548683,0.998465895652771,1.0079985857009888,,,,,,,
5221,,,,,,,,,,,,,,,0.0,1.0,,0.0,0.054731935262680054,0.998465895652771,1.0079985857009888,,,,,,,
5222,,,,,,,,,,,,,,,0.0,1.0,,0.0,0.08591677993535995,0.9987777471542358,1.0079985857009888,,,,,,,
5223,,,,,,,,,,,,,,,0.0,1.0,,0.0,0.06467682123184204,0.9985653758049011,1.0079985857009888,,,,,,,
5224,,,,,,,,,,,,,,,0.0,1.0,,0.0,0.054618820548057556,0.998464822769165,1.0079985857009888,,,,,,,
5225,,,,,,,,,,,,,,,0.0,1.0,,0.0,0.02230893075466156,0.9981417059898376,1.0079985857009888,,,,,,,
5226,,,,,,,,,,,,,,,0.0,1.0,,0.0,0.10771814733743668,0.9989957809448242,1.0079985857009888,,,,,,,
5227,,,,,,,,,,,,,,,0.0,1.0,,0.0,0.06986654549837112,0.9986172914505005,1.0079985857009888,,,,,,,
5228,,,,,,,,,,,,,,,0.0,1.0,,0.0,0.033685214817523956,0.9982554316520691,1.0079985857009888,,,,,,,
5229,,,,,,,,,,,,,,,0.0,1.0,,0.0,0.0286550335586071,0.9982051849365234,1.0079985857009888,,,,,,,
5230,,,,,,,,,,,,,,,0.0,1.0,,0.0,0.03135082125663757,0.9982321262359619,1.0079985857009888,,,,,,,
5231,,,,,,,,,,,,,,,0.0,1.0,,0.0,0.06453229486942291,0.9985639452934265,1.0079985857009888,,,,,,,
5232,,,,,,,,,,,,,,,0.0,1.0,,0.0,0.0835718959569931,0.9987543225288391,1.0079985857009888,,,,,,,
5233,,,,,,,,,,,,,,,0.0,1.0,,0.0,0.03540109097957611,0.9982725977897644,1.0079985857009888,,,,,,,
5234,,,,,,,,,,,,,,,0.0,1.0,,0.0,0.03848939388990402,0.9983034729957581,1.0079985857009888,,,,,,,
5235,,,,,,,,,,,,,,,0.0,1.0,,0.0,0.03620036691427231,0.9982805848121643,1.0079985857009888,,,,,,,
5236,,,,,,,,,,,,,,,0.0,1.0,,0.0,0.04167608544230461,0.9983353614807129,1.0079985857009888,,,,,,,
5237,,,,,,,,,,,,,,,0.0,1.0,,0.0,0.07618498802185059,0.9986804723739624,1.0079985857009888,,,,,,,
5238,,,,,,,,,,,,,,,0.0,1.0,,0.0,0.032264892011880875,0.9982412457466125,1.0079985857009888,,,,,,,
5239,130.0,0.1234666258096695,,0.06217271834611893,0.1234666258096695,0.0,0.1234666258096695,2.2760610580444336,0.19111819565296173,4.878478527069092,6.039468765258789,0.9769338965415955,0.9737208485603333,0.5932208895683289,0.0,1.0,,0.0,0.033286843448877335,0.9982514977455139,1.0079985857009888,0.05144930258393288,,,,,,
5240,,,,,,,,,,,,,,,0.0,1.0,,0.0,0.037861280143260956,0.9982972145080566,1.0079985857009888,,,,,,,
5241,,,,,,,,,,,,,,,0.0,1.0,,0.0,0.04579942673444748,0.9983766078948975,1.0079985857009888,,,,,,,
5242,,,,,,,,,,,,,,,0.0,1.0,,0.0,0.05998590216040611,0.9985184669494629,1.0079985857009888,,,,,,,
5243,,,,,,,,,,,,,,,0.0,1.0,,0.0,0.0322861410677433,0.9982414841651917,1.0079985857009888,,,,,,,
5244,,,,,,,,,,,,,,,0.0,1.0,,0.0,0.04411346837878227,0.998359739780426,1.0079985857009888,,,,,,,
5245,,,,,,,,,,,,,,,0.0,1.0,,0.0,0.03464742749929428,0.9982650876045227,1.0079985857009888,,,,,,,
5246,,,,,,,,,,,,,,,0.0,1.0,,0.0,0.03277169167995453,0.9982463121414185,1.0079985857009888,,,,,,,
5247,,,,,,,,,,,,,,,0.0,1.0,,0.0,0.060947779566049576,0.9985280632972717,1.0079985857009888,,,,,,,
5248,,,,,,,,,,,,,,,0.0,1.0,,0.0,0.046903882175683975,0.9983876347541809,1.0079985857009888,,,,,,,
5249,131.0,0.021713949739933014,,,,,,,,,,,,,0.0,1.0,0.0010000000474974513,0.0,0.021713949739933014,0.9981357455253601,1.0079985857009888,,0.021713949739933014,0.021713949739933014,0.01006388384848833,0.021713949739933014,0.0,0.021713949739933014
5250,,,,,,,,,,,,,,,0.0,1.0,,0.0,0.04276352748274803,0.9983462691307068,1.0079985857009888,,,,,,,
5251,,,,,,,,,,,,,,,0.0,1.0,,0.0,0.02811126969754696,0.9981997013092041,1.0079985857009888,,,,,,,
5252,,,,,,,,,,,,,,,0.0,1.0,,0.0,0.03115391917526722,0.9982301592826843,1.0079985857009888,,,,,,,
5253,,,,,,,,,,,,,,,0.0,1.0,,0.0,0.04541224613785744,0.9983727335929871,1.0079985857009888,,,,,,,
5254,,,,,,,,,,,,,,,0.0,1.0,,0.0,0.060023996978998184,0.9985188245773315,1.0079985857009888,,,,,,,
5255,,,,,,,,,,,,,,,0.0,1.0,,0.0,0.04507933557033539,0.9983693957328796,1.0079985857009888,,,,,,,
5256,,,,,,,,,,,,,,,0.0,1.0,,0.0,0.027110246941447258,0.9981896877288818,1.0079985857009888,,,,,,,
5257,,,,,,,,,,,,,,,0.0,1.0,,0.0,0.02789805270731449,0.998197615146637,1.0079985857009888,,,,,,,
5258,,,,,,,,,,,,,,,0.0,1.0,,0.0,0.02801993489265442,0.9981988072395325,1.0079985857009888,,,,,,,
5259,,,,,,,,,,,,,,,0.0,1.0,,0.0,0.03170890361070633,0.9982357025146484,1.0079985857009888,,,,,,,
5260,,,,,,,,,,,,,,,0.0,1.0,,0.0,0.03348219394683838,0.9982534050941467,1.0079985857009888,,,,,,,
5261,,,,,,,,,,,,,,,0.0,1.0,,0.0,0.025312358513474464,0.9981717467308044,1.0079985857009888,,,,,,,
5262,,,,,,,,,,,,,,,0.0,1.0,,0.0,0.04333306476473808,0.9983519315719604,1.0079985857009888,,,,,,,
5263,,,,,,,,,,,,,,,0.0,1.0,,0.0,0.04144807904958725,0.9983330965042114,1.0079985857009888,,,,,,,
5264,,,,,,,,,,,,,,,0.0,1.0,,0.0,0.025716135278344154,0.9981757402420044,1.0079985857009888,,,,,,,
5265,,,,,,,,,,,,,,,0.0,1.0,,0.0,0.024032840505242348,0.9981589317321777,1.0079985857009888,,,,,,,
5266,,,,,,,,,,,,,,,0.0,1.0,,0.0,0.034415438771247864,0.9982627630233765,1.0079985857009888,,,,,,,
5267,,,,,,,,,,,,,,,0.0,1.0,,0.0,0.047132063657045364,0.9983898997306824,1.0079985857009888,,,,,,,
5268,,,,,,,,,,,,,,,0.0,1.0,,0.0,0.027469253167510033,0.9981933236122131,1.0079985857009888,,,,,,,
5269,,,,,,,,,,,,,,,0.0,1.0,,0.0,0.030111121013760567,0.9982197284698486,1.0079985857009888,,,,,,,
5270,,,,,,,,,,,,,,,0.0,1.0,,0.0,0.15518715977668762,0.9994704723358154,1.0079985857009888,,,,,,,
5271,,,,,,,,,,,,,,,0.0,1.0,,0.0,0.05116822570562363,0.9984303116798401,1.0079985857009888,,,,,,,
5272,,,,,,,,,,,,,,,0.0,1.0,,0.0,0.04936249554157257,0.9984122514724731,1.0079985857009888,,,,,,,
5273,,,,,,,,,,,,,,,0.0,1.0,,0.0,0.031197765842080116,0.9982305765151978,1.0079985857009888,,,,,,,
5274,,,,,,,,,,,,,,,0.0,1.0,,0.0,0.041328929364681244,0.9983319044113159,1.0079985857009888,,,,,,,
5275,,,,,,,,,,,,,,,0.0,1.0,,0.0,0.11320623755455017,0.9990506768226624,1.0079985857009888,,,,,,,
5276,,,,,,,,,,,,,,,0.0,1.0,,0.0,0.038009192794561386,0.998298704624176,1.0079985857009888,,,,,,,
5277,,,,,,,,,,,,,,,0.0,1.0,,0.0,0.0476808100938797,0.9983954429626465,1.0079985857009888,,,,,,,
5278,,,,,,,,,,,,,,,0.0,1.0,,0.0,0.05791005492210388,0.998497724533081,1.0079985857009888,,,,,,,
5279,131.0,0.1793556809425354,,0.07595757395029068,0.1793556809425354,0.0,0.1793556809425354,2.4141948223114014,0.21578003466129303,5.193120002746582,6.6492109298706055,0.9776616096496582,0.9745579361915588,0.9241334199905396,0.0,1.0,,0.0,0.09010539948940277,0.9988196492195129,1.0079985857009888,0.0462152473628521,,,,,,
5280,,,,,,,,,,,,,,,0.0,1.0,,0.0,0.06377658247947693,0.99855637550354,1.0079985857009888,,,,,,,
5281,,,,,,,,,,,,,,,0.0,1.0,,0.0,0.07116179168224335,0.9986302256584167,1.0079985857009888,,,,,,,
5282,,,,,,,,,,,,,,,0.0,1.0,,0.0,0.05682217329740524,0.9984868168830872,1.0079985857009888,,,,,,,
5283,,,,,,,,,,,,,,,0.0,1.0,,0.0,0.039471711963415146,0.998313307762146,1.0079985857009888,,,,,,,
5284,,,,,,,,,,,,,,,0.0,1.0,,0.0,0.042653314769268036,0.998345136642456,1.0079985857009888,,,,,,,
5285,,,,,,,,,,,,,,,0.0,1.0,,0.0,0.03795069083571434,0.9982981085777283,1.0079985857009888,,,,,,,
5286,,,,,,,,,,,,,,,0.0,1.0,,0.0,0.050848864018917084,0.9984270930290222,1.0079985857009888,,,,,,,
5287,,,,,,,,,,,,,,,0.0,1.0,,0.0,0.0379667803645134,0.9982982873916626,1.0079985857009888,,,,,,,
5288,,,,,,,,,,,,,,,0.0,1.0,,0.0,0.04738270491361618,0.9983924031257629,1.0079985857009888,,,,,,,
5289,,,,,,,,,,,,,,,0.0,1.0,,0.0,0.03956017270684242,0.9983142018318176,1.0079985857009888,,,,,,,
5290,,,,,,,,,,,,,,,0.0,1.0,,0.0,0.035748112946748734,0.9982761144638062,1.0079985857009888,,,,,,,
5291,,,,,,,,,,,,,,,0.0,1.0,,0.0,0.029166897758841515,0.9982102513313293,1.0079985857009888,,,,,,,
5292,,,,,,,,,,,,,,,0.0,1.0,,0.0,0.029600592330098152,0.998214602470398,1.0079985857009888,,,,,,,
5293,,,,,,,,,,,,,,,0.0,1.0,,0.0,0.030602840706706047,0.9982246160507202,1.0079985857009888,,,,,,,
5294,,,,,,,,,,,,,,,0.0,1.0,,0.0,0.043178755789995193,0.9983503818511963,1.0079985857009888,,,,,,,
5295,,,,,,,,,,,,,,,0.0,1.0,,0.0,0.042566027492284775,0.9983442425727844,1.0079985857009888,,,,,,,
5296,,,,,,,,,,,,,,,0.0,1.0,,0.0,0.04895884171128273,0.9984081983566284,1.0079985857009888,,,,,,,
5297,,,,,,,,,,,,,,,0.0,1.0,,0.0,0.043791308999061584,0.9983565211296082,1.0079985857009888,,,,,,,
5298,,,,,,,,,,,,,,,0.0,1.0,,0.0,0.03157065436244011,0.9982343316078186,1.0079985857009888,,,,,,,
5299,132.0,0.03735907003283501,,,,,,,,,,,,,0.0,1.0,0.0010000000474974513,0.0,0.03735907003283501,0.9982922077178955,1.0079985857009888,,0.03735907003283501,0.03735907003283501,0.015419517643749714,0.03735907003283501,0.0,0.03735907003283501
5300,,,,,,,,,,,,,,,0.0,1.0,,0.0,0.044028814882040024,0.9983589053153992,1.0079985857009888,,,,,,,
5301,,,,,,,,,,,,,,,0.0,1.0,,0.0,0.06886614859104156,0.9986072778701782,1.0079985857009888,,,,,,,
5302,,,,,,,,,,,,,,,0.0,1.0,,0.0,0.0448402501642704,0.9983670115470886,1.0079985857009888,,,,,,,
5303,,,,,,,,,,,,,,,0.0,1.0,,0.0,0.06946120411157608,0.9986132383346558,1.0079985857009888,,,,,,,
5304,,,,,,,,,,,,,,,0.0,1.0,,0.0,0.038486625999212265,0.9983034729957581,1.0079985857009888,,,,,,,
5305,,,,,,,,,,,,,,,0.0,1.0,,0.0,0.03567562997341156,0.9982753396034241,1.0079985857009888,,,,,,,
5306,,,,,,,,,,,,,,,0.0,1.0,,0.0,0.03025973215699196,0.998221218585968,1.0079985857009888,,,,,,,
5307,,,,,,,,,,,,,,,0.0,1.0,,0.0,0.0853031575679779,0.998771607875824,1.0079985857009888,,,,,,,
5308,,,,,,,,,,,,,,,0.0,1.0,,0.0,0.04049886763095856,0.9983236193656921,1.0079985857009888,,,,,,,
5309,,,,,,,,,,,,,,,0.0,1.0,,0.0,0.030648279935121536,0.9982250928878784,1.0079985857009888,,,,,,,
5310,,,,,,,,,,,,,,,0.0,1.0,,0.0,0.03642558678984642,0.9982828497886658,1.0079985857009888,,,,,,,
5311,,,,,,,,,,,,,,,0.0,1.0,,0.0,0.040457598865032196,0.9983232021331787,1.0079985857009888,,,,,,,
5312,,,,,,,,,,,,,,,0.0,1.0,,0.0,0.02174076996743679,0.9981359839439392,1.0079985857009888,,,,,,,
5313,,,,,,,,,,,,,,,0.0,1.0,,0.0,0.03101423941552639,0.9982287287712097,1.0079985857009888,,,,,,,
5314,,,,,,,,,,,,,,,0.0,1.0,,0.0,0.0584891252219677,0.9985035061836243,1.0079985857009888,,,,,,,
5315,,,,,,,,,,,,,,,0.0,1.0,,0.0,0.058577556163072586,0.9985044002532959,1.0079985857009888,,,,,,,
5316,,,,,,,,,,,,,,,0.0,1.0,,0.0,0.048414528369903564,0.9984027743339539,1.0079985857009888,,,,,,,
5317,,,,,,,,,,,,,,,0.0,1.0,,0.0,0.04662187770009041,0.9983848333358765,1.0079985857009888,,,,,,,
5318,,,,,,,,,,,,,,,0.0,1.0,,0.0,0.0678391382098198,0.9985970258712769,1.0079985857009888,,,,,,,
5319,132.0,0.17060434818267822,,0.0754614770412445,0.17060434818267822,0.0,0.17060434818267822,2.501338243484497,0.22096461057662964,5.226608753204346,6.619814872741699,0.9763439893722534,0.9729413390159607,1.0800124406814575,0.0,1.0,,0.0,0.06422623246908188,0.9985608458518982,1.0079985857009888,0.04752740263938904,,,,,,
5320,,,,,,,,,,,,,,,0.0,1.0,,0.0,0.07748106867074966,0.9986934065818787,1.0079985857009888,,,,,,,
5321,,,,,,,,,,,,,,,0.0,1.0,,0.0,0.0457710437476635,0.9983763098716736,1.0079985857009888,,,,,,,
5322,,,,,,,,,,,,,,,0.0,1.0,,0.0,0.04022613540291786,0.9983208775520325,1.0079985857009888,,,,,,,
5323,,,,,,,,,,,,,,,0.0,1.0,,0.0,0.12429933995008469,0.9991616010665894,1.0079985857009888,,,,,,,
5324,,,,,,,,,,,,,,,0.0,1.0,,0.0,0.07694540917873383,0.9986880421638489,1.0079985857009888,,,,,,,
5325,,,,,,,,,,,,,,,0.0,1.0,,0.0,0.0767364352941513,0.9986859560012817,1.0079985857009888,,,,,,,
5326,,,,,,,,,,,,,,,0.0,1.0,,0.0,0.03686540946364403,0.9982872605323792,1.0079985857009888,,,,,,,
5327,,,,,,,,,,,,,,,0.0,1.0,,0.0,0.05124812573194504,0.9984310865402222,1.0079985857009888,,,,,,,
5328,,,,,,,,,,,,,,,0.0,1.0,,0.0,0.08101507276296616,0.9987287521362305,1.0079985857009888,,,,,,,
5329,,,,,,,,,,,,,,,0.0,1.0,,0.0,0.030652906745672226,0.9982251524925232,1.0079985857009888,,,,,,,
5330,,,,,,,,,,,,,,,0.0,1.0,,0.0,0.03602075204253197,0.998278796672821,1.0079985857009888,,,,,,,
5331,,,,,,,,,,,,,,,0.0,1.0,,0.0,0.043610621243715286,0.9983547329902649,1.0079985857009888,,,,,,,
5332,,,,,,,,,,,,,,,0.0,1.0,,0.0,0.031137537211179733,0.99822998046875,1.0079985857009888,,,,,,,
5333,,,,,,,,,,,,,,,0.0,1.0,,0.0,0.02651493437588215,0.9981837272644043,1.0079985857009888,,,,,,,
5334,,,,,,,,,,,,,,,0.0,1.0,,0.0,0.05275905877351761,0.9984462261199951,1.0079985857009888,,,,,,,
5335,,,,,,,,,,,,,,,0.0,1.0,,0.0,0.04070136696100235,0.9983256459236145,1.0079985857009888,,,,,,,
5336,,,,,,,,,,,,,,,0.0,1.0,,0.0,0.12488877773284912,0.9991675019264221,1.0079985857009888,,,,,,,
5337,,,,,,,,,,,,,,,0.0,1.0,,0.0,0.03157893195748329,0.9982343912124634,1.0079985857009888,,,,,,,
5338,,,,,,,,,,,,,,,0.0,1.0,,0.0,0.03413720056414604,0.998259961605072,1.0079985857009888,,,,,,,
5339,,,,,,,,,,,,,,,0.0,1.0,,0.0,0.055403999984264374,0.9984726309776306,1.0079985857009888,,,,,,,
5340,,,,,,,,,,,,,,,0.0,1.0,,0.0,0.034359410405159,0.9982622265815735,1.0079985857009888,,,,,,,
5341,,,,,,,,,,,,,,,0.0,1.0,,0.0,0.08610078692436218,0.9987795948982239,1.0079985857009888,,,,,,,
5342,,,,,,,,,,,,,,,0.0,1.0,,0.0,0.028182130306959152,0.9982004165649414,1.0079985857009888,,,,,,,
5343,,,,,,,,,,,,,,,0.0,1.0,,0.0,0.07731188088655472,0.998691737651825,1.0079985857009888,,,,,,,
5344,,,,,,,,,,,,,,,0.0,1.0,,0.0,0.07139112800359726,0.9986324906349182,1.0079985857009888,,,,,,,
5345,,,,,,,,,,,,,,,0.0,1.0,,0.0,0.09605606645345688,0.9988791942596436,1.0079985857009888,,,,,,,
5346,,,,,,,,,,,,,,,0.0,1.0,,0.0,0.03945361077785492,0.9983131289482117,1.0079985857009888,,,,,,,
5347,,,,,,,,,,,,,,,0.0,1.0,,0.0,0.05010989308357239,0.9984197020530701,1.0079985857009888,,,,,,,
5348,,,,,,,,,,,,,,,0.0,1.0,,0.0,0.038845259696245193,0.9983070492744446,1.0079985857009888,,,,,,,
5349,133.0,0.031254444271326065,,,,,,,,,,,,,0.0,1.0,0.0010000000474974513,0.0,0.031254444271326065,0.9982311725616455,1.0079985857009888,,0.031254444271326065,0.031254444271326065,0.0133036058396101,0.031254444271326065,0.0,0.031254444271326065
5350,,,,,,,,,,,,,,,0.0,1.0,,0.0,0.044895585626363754,0.9983675479888916,1.0079985857009888,,,,,,,
5351,,,,,,,,,,,,,,,0.0,1.0,,0.0,0.0722815990447998,0.9986414313316345,1.0079985857009888,,,,,,,
5352,,,,,,,,,,,,,,,0.0,1.0,,0.0,0.07763024419546127,0.998694896697998,1.0079985857009888,,,,,,,
5353,,,,,,,,,,,,,,,0.0,1.0,,0.0,0.07515577226877213,0.9986701607704163,1.0079985857009888,,,,,,,
5354,,,,,,,,,,,,,,,0.0,1.0,,0.0,0.029561754316091537,0.9982142448425293,1.0079985857009888,,,,,,,
5355,,,,,,,,,,,,,,,0.0,1.0,,0.0,0.03963463008403778,0.9983149766921997,1.0079985857009888,,,,,,,
5356,,,,,,,,,,,,,,,0.0,1.0,,0.0,0.033799778670072556,0.9982566237449646,1.0079985857009888,,,,,,,
5357,,,,,,,,,,,,,,,0.0,1.0,,0.0,0.031790945678949356,0.9982365369796753,1.0079985857009888,,,,,,,
5358,,,,,,,,,,,,,,,0.0,1.0,,0.0,0.048738591372966766,0.9984059929847717,1.0079985857009888,,,,,,,
5359,133.0,0.15878324210643768,,0.07013365626335144,0.15878324210643768,0.0,0.15878324210643768,2.4571211338043213,0.2114650160074234,5.311422824859619,6.724672317504883,0.9767064452171326,0.9734642505645752,0.8699046969413757,0.0,1.0,,0.0,0.054253626614809036,0.998461127281189,1.0079985857009888,0.047789014875888824,,,,,,
5360,,,,,,,,,,,,,,,0.0,1.0,,0.0,0.03105035051703453,0.9982290863990784,1.0079985857009888,,,,,,,
5361,,,,,,,,,,,,,,,0.0,1.0,,0.0,0.028311483561992645,0.9982017278671265,1.0079985857009888,,,,,,,
5362,,,,,,,,,,,,,,,0.0,1.0,,0.0,0.040597934275865555,0.9983245730400085,1.0079985857009888,,,,,,,
5363,,,,,,,,,,,,,,,0.0,1.0,,0.0,0.05813552066683769,0.9984999895095825,1.0079985857009888,,,,,,,
5364,,,,,,,,,,,,,,,0.0,1.0,,0.0,0.05167989060282707,0.998435378074646,1.0079985857009888,,,,,,,
5365,,,,,,,,,,,,,,,0.0,1.0,,0.0,0.04141470789909363,0.9983327388763428,1.0079985857009888,,,,,,,
5366,,,,,,,,,,,,,,,0.0,1.0,,0.0,0.03151747211813927,0.9982337951660156,1.0079985857009888,,,,,,,
5367,,,,,,,,,,,,,,,0.0,1.0,,0.0,0.051551733165979385,0.9984341263771057,1.0079985857009888,,,,,,,
5368,,,,,,,,,,,,,,,0.0,1.0,,0.0,0.04369773343205452,0.9983555674552917,1.0079985857009888,,,,,,,
5369,,,,,,,,,,,,,,,0.0,1.0,,0.0,0.026070019230246544,0.9981793165206909,1.0079985857009888,,,,,,,
5370,,,,,,,,,,,,,,,0.0,1.0,,0.0,0.04903630167245865,0.9984089732170105,1.0079985857009888,,,,,,,
5371,,,,,,,,,,,,,,,0.0,1.0,,0.0,0.03715827316045761,0.9982901811599731,1.0079985857009888,,,,,,,
5372,,,,,,,,,,,,,,,0.0,1.0,,0.0,0.026903485879302025,0.9981876611709595,1.0079985857009888,,,,,,,
5373,,,,,,,,,,,,,,,0.0,1.0,,0.0,0.027053358033299446,0.9981891512870789,1.0079985857009888,,,,,,,
5374,,,,,,,,,,,,,,,0.0,1.0,,0.0,0.026782838627696037,0.9981864094734192,1.0079985857009888,,,,,,,
5375,,,,,,,,,,,,,,,0.0,1.0,,0.0,0.029550904408097267,0.9982141256332397,1.0079985857009888,,,,,,,
5376,,,,,,,,,,,,,,,0.0,1.0,,0.0,0.027084557339549065,0.9981894493103027,1.0079985857009888,,,,,,,
5377,,,,,,,,,,,,,,,0.0,1.0,,0.0,0.038464467972517014,0.998303234577179,1.0079985857009888,,,,,,,
5378,,,,,,,,,,,,,,,0.0,1.0,,0.0,0.054993823170661926,0.9984685182571411,1.0079985857009888,,,,,,,
5379,,,,,,,,,,,,,,,0.0,1.0,,0.0,0.042042843997478485,0.998339056968689,1.0079985857009888,,,,,,,
5380,,,,,,,,,,,,,,,0.0,1.0,,0.0,0.05359319597482681,0.9984545111656189,1.0079985857009888,,,,,,,
5381,,,,,,,,,,,,,,,0.0,1.0,,0.0,0.05442706122994423,0.9984628558158875,1.0079985857009888,,,,,,,
5382,,,,,,,,,,,,,,,0.0,1.0,,0.0,0.06477105617523193,0.9985663294792175,1.0079985857009888,,,,,,,
5383,,,,,,,,,,,,,,,0.0,1.0,,0.0,0.04117193445563316,0.9983303546905518,1.0079985857009888,,,,,,,
5384,,,,,,,,,,,,,,,0.0,1.0,,0.0,0.03617887571454048,0.99828040599823,1.0079985857009888,,,,,,,
5385,,,,,,,,,,,,,,,0.0,1.0,,0.0,0.06331529468297958,0.9985517859458923,1.0079985857009888,,,,,,,
5386,,,,,,,,,,,,,,,0.0,1.0,,0.0,0.02733568660914898,0.9981919527053833,1.0079985857009888,,,,,,,
5387,,,,,,,,,,,,,,,0.0,1.0,,0.0,0.07992252707481384,0.9987178444862366,1.0079985857009888,,,,,,,
5388,,,,,,,,,,,,,,,0.0,1.0,,0.0,0.05047600343823433,0.9984233379364014,1.0079985857009888,,,,,,,
5389,,,,,,,,,,,,,,,0.0,1.0,,0.0,0.04132181406021118,0.9983318448066711,1.0079985857009888,,,,,,,
5390,,,,,,,,,,,,,,,0.0,1.0,,0.0,0.05244527384638786,0.998443067073822,1.0079985857009888,,,,,,,
5391,,,,,,,,,,,,,,,0.0,1.0,,0.0,0.10474282503128052,0.9989660382270813,1.0079985857009888,,,,,,,
5392,,,,,,,,,,,,,,,0.0,1.0,,0.0,0.039487194269895554,0.9983134865760803,1.0079985857009888,,,,,,,
5393,,,,,,,,,,,,,,,0.0,1.0,,0.0,0.026811223477125168,0.9981867074966431,1.0079985857009888,,,,,,,
5394,,,,,,,,,,,,,,,0.0,1.0,,0.0,0.04871852323412895,0.9984058141708374,1.0079985857009888,,,,,,,
5395,,,,,,,,,,,,,,,0.0,1.0,,0.0,0.0473385788500309,0.9983919858932495,1.0079985857009888,,,,,,,
5396,,,,,,,,,,,,,,,0.0,1.0,,0.0,0.03578506410121918,0.9982764720916748,1.0079985857009888,,,,,,,
5397,,,,,,,,,,,,,,,0.0,1.0,,0.0,0.06916530430316925,0.998610258102417,1.0079985857009888,,,,,,,
5398,,,,,,,,,,,,,,,0.0,1.0,,0.0,0.061923034489154816,0.9985378384590149,1.0079985857009888,,,,,,,
5399,134.0,0.14691205322742462,,0.06411578506231308,0.14691205322742462,0.0,0.14691205322742462,1.8823484182357788,0.16463662683963776,3.919701099395752,5.233513832092285,0.9791812896728516,0.9769682288169861,0.7568072080612183,0.0,1.0,0.0010000000474974513,0.0,0.03720664605498314,0.9982906579971313,1.0079985857009888,0.05032744258642197,0.03720664605498314,0.03720664605498314,0.01573929190635681,0.03720664605498314,0.0,0.03720664605498314
5400,,,,,,,,,,,,,,,0.0,1.0,,0.0,0.06197338178753853,0.9985383152961731,1.0079985857009888,,,,,,,
5401,,,,,,,,,,,,,,,0.0,1.0,,0.0,0.0406658798456192,0.9983252882957458,1.0079985857009888,,,,,,,
5402,,,,,,,,,,,,,,,0.0,1.0,,0.0,0.045317888259887695,0.9983717799186707,1.0079985857009888,,,,,,,
5403,,,,,,,,,,,,,,,0.0,1.0,,0.0,0.05132119730114937,0.9984318017959595,1.0079985857009888,,,,,,,
5404,,,,,,,,,,,,,,,0.0,1.0,,0.0,0.055534567683935165,0.9984739422798157,1.0079985857009888,,,,,,,
5405,,,,,,,,,,,,,,,0.0,1.0,,0.0,0.04483703151345253,0.9983669519424438,1.0079985857009888,,,,,,,
5406,,,,,,,,,,,,,,,0.0,1.0,,0.0,0.0454673171043396,0.99837327003479,1.0079985857009888,,,,,,,
5407,,,,,,,,,,,,,,,0.0,1.0,,0.0,0.04590372368693352,0.9983776211738586,1.0079985857009888,,,,,,,
5408,,,,,,,,,,,,,,,0.0,1.0,,0.0,0.06606829911470413,0.9985792636871338,1.0079985857009888,,,,,,,
5409,,,,,,,,,,,,,,,0.0,1.0,,0.0,0.12913399934768677,0.9992099404335022,1.0079985857009888,,,,,,,
5410,,,,,,,,,,,,,,,0.0,1.0,,0.0,0.0629037544131279,0.9985476136207581,1.0079985857009888,,,,,,,
5411,,,,,,,,,,,,,,,0.0,1.0,,0.0,0.09526492655277252,0.9988712668418884,1.0079985857009888,,,,,,,
5412,,,,,,,,,,,,,,,0.0,1.0,,0.0,0.04464554414153099,0.998365044593811,1.0079985857009888,,,,,,,
5413,,,,,,,,,,,,,,,0.0,1.0,,0.0,0.06001948192715645,0.9985188245773315,1.0079985857009888,,,,,,,
5414,,,,,,,,,,,,,,,0.0,1.0,,0.0,0.03026004321873188,0.998221218585968,1.0079985857009888,,,,,,,
5415,,,,,,,,,,,,,,,0.0,1.0,,0.0,0.10436416417360306,0.9989622235298157,1.0079985857009888,,,,,,,
5416,,,,,,,,,,,,,,,0.0,1.0,,0.0,0.03876578435301781,0.9983062744140625,1.0079985857009888,,,,,,,
5417,,,,,,,,,,,,,,,0.0,1.0,,0.0,0.04775935783982277,0.9983962178230286,1.0079985857009888,,,,,,,
5418,,,,,,,,,,,,,,,0.0,1.0,,0.0,0.05254783481359482,0.9984440803527832,1.0079985857009888,,,,,,,
5419,,,,,,,,,,,,,,,0.0,1.0,,0.0,0.09153234958648682,0.998833954334259,1.0079985857009888,,,,,,,
5420,,,,,,,,,,,,,,,0.0,1.0,,0.0,0.030981743708252907,0.9982284307479858,1.0079985857009888,,,,,,,
5421,,,,,,,,,,,,,,,0.0,1.0,,0.0,0.03677023574709892,0.9982863068580627,1.0079985857009888,,,,,,,
5422,,,,,,,,,,,,,,,0.0,1.0,,0.0,0.06654533743858337,0.9985840320587158,1.0079985857009888,,,,,,,
5423,,,,,,,,,,,,,,,0.0,1.0,,0.0,0.06143872067332268,0.9985330104827881,1.0079985857009888,,,,,,,
5424,,,,,,,,,,,,,,,0.0,1.0,,0.0,0.05248183384537697,0.9984434247016907,1.0079985857009888,,,,,,,
5425,,,,,,,,,,,,,,,0.0,1.0,,0.0,0.049575675278902054,0.9984143376350403,1.0079985857009888,,,,,,,
5426,,,,,,,,,,,,,,,0.0,1.0,,0.0,0.04193153977394104,0.9983379244804382,1.0079985857009888,,,,,,,
5427,,,,,,,,,,,,,,,0.0,1.0,,0.0,0.029356107115745544,0.9982121586799622,1.0079985857009888,,,,,,,
5428,,,,,,,,,,,,,,,0.0,1.0,,0.0,0.0984448492527008,0.9989030361175537,1.0079985857009888,,,,,,,
5429,,,,,,,,,,,,,,,0.0,1.0,,0.0,0.04275224357843399,0.9983461499214172,1.0079985857009888,,,,,,,
5430,,,,,,,,,,,,,,,0.0,1.0,,0.0,0.03229368105530739,0.9982415437698364,1.0079985857009888,,,,,,,
5431,,,,,,,,,,,,,,,0.0,1.0,,0.0,0.032604340463876724,0.9982446432113647,1.0079985857009888,,,,,,,
5432,,,,,,,,,,,,,,,0.0,1.0,,0.0,0.05505853518843651,0.9984691739082336,1.0079985857009888,,,,,,,
5433,,,,,,,,,,,,,,,0.0,1.0,,0.0,0.07543600350618362,0.9986729621887207,1.0079985857009888,,,,,,,
5434,,,,,,,,,,,,,,,0.0,1.0,,0.0,0.07343369722366333,0.9986529350280762,1.0079985857009888,,,,,,,
5435,,,,,,,,,,,,,,,0.0,1.0,,0.0,0.05835239216685295,0.9985021352767944,1.0079985857009888,,,,,,,
5436,,,,,,,,,,,,,,,0.0,1.0,,0.0,0.03193008154630661,0.9982379078865051,1.0079985857009888,,,,,,,
5437,,,,,,,,,,,,,,,0.0,1.0,,0.0,0.04899238795042038,0.9984085559844971,1.0079985857009888,,,,,,,
5438,,,,,,,,,,,,,,,0.0,1.0,,0.0,0.0250034611672163,0.9981686472892761,1.0079985857009888,,,,,,,
5439,135.0,0.3945600688457489,,0.15482918918132782,0.3945600688457489,0.0,0.3945600688457489,2.33573842048645,0.22514361143112183,5.043512344360352,6.6731133460998535,0.9777931571006775,0.9749647378921509,1.0584840774536133,0.0,1.0,,0.0,0.035224854946136475,0.9982708692550659,1.0079985857009888,0.05299587920308113,,,,,,
5440,,,,,,,,,,,,,,,0.0,1.0,,0.0,0.055639300495386124,0.9984750151634216,1.0079985857009888,,,,,,,
5441,,,,,,,,,,,,,,,0.0,1.0,,0.0,0.06195845082402229,0.9985381960868835,1.0079985857009888,,,,,,,
5442,,,,,,,,,,,,,,,0.0,1.0,,0.0,0.03303692862391472,0.9982489943504333,1.0079985857009888,,,,,,,
5443,,,,,,,,,,,,,,,0.0,1.0,,0.0,0.06373250484466553,0.9985559582710266,1.0079985857009888,,,,,,,
5444,,,,,,,,,,,,,,,0.0,1.0,,0.0,0.022789038717746735,0.9981464743614197,1.0079985857009888,,,,,,,
5445,,,,,,,,,,,,,,,0.0,1.0,,0.0,0.05738084018230438,0.998492419719696,1.0079985857009888,,,,,,,
5446,,,,,,,,,,,,,,,0.0,1.0,,0.0,0.0541226901113987,0.9984598159790039,1.0079985857009888,,,,,,,
5447,,,,,,,,,,,,,,,0.0,1.0,,0.0,0.04611782729625702,0.9983797669410706,1.0079985857009888,,,,,,,
5448,,,,,,,,,,,,,,,0.0,1.0,,0.0,0.028536871075630188,0.9982039928436279,1.0079985857009888,,,,,,,
5449,136.0,0.03297198563814163,,,,,,,,,,,,,0.0,1.0,0.0010000000474974513,0.0,0.03297198563814163,0.9982483386993408,1.0079985857009888,,0.03297198563814163,0.03297198563814163,0.017854459583759308,0.03297198563814163,0.0,0.03297198563814163
5450,,,,,,,,,,,,,,,0.0,1.0,,0.0,0.04166833311319351,0.9983353018760681,1.0079985857009888,,,,,,,
5451,,,,,,,,,,,,,,,0.0,1.0,,0.0,0.102720707654953,0.9989458322525024,1.0079985857009888,,,,,,,
5452,,,,,,,,,,,,,,,0.0,1.0,,0.0,0.0784478634595871,0.9987030625343323,1.0079985857009888,,,,,,,
5453,,,,,,,,,,,,,,,0.0,1.0,,0.0,0.02895495481789112,0.9982081651687622,1.0079985857009888,,,,,,,
5454,,,,,,,,,,,,,,,0.0,1.0,,0.0,0.029930690303444862,0.9982179403305054,1.0079985857009888,,,,,,,
5455,,,,,,,,,,,,,,,0.0,1.0,,0.0,0.028586728498339653,0.9982044696807861,1.0079985857009888,,,,,,,
5456,,,,,,,,,,,,,,,0.0,1.0,,0.0,0.032842352986335754,0.9982470273971558,1.0079985857009888,,,,,,,
5457,,,,,,,,,,,,,,,0.0,1.0,,0.0,0.032015468925237656,0.998238742351532,1.0079985857009888,,,,,,,
5458,,,,,,,,,,,,,,,0.0,1.0,,0.0,0.043973278254270554,0.9983583092689514,1.0079985857009888,,,,,,,
5459,,,,,,,,,,,,,,,0.0,1.0,,0.0,0.04756197705864906,0.998394250869751,1.0079985857009888,,,,,,,
5460,,,,,,,,,,,,,,,0.0,1.0,,0.0,0.01960103213787079,0.9981146454811096,1.0079985857009888,,,,,,,
5461,,,,,,,,,,,,,,,0.0,1.0,,0.0,0.057698193937540054,0.9984955787658691,1.0079985857009888,,,,,,,
5462,,,,,,,,,,,,,,,0.0,1.0,,0.0,0.0503583624958992,0.9984222054481506,1.0079985857009888,,,,,,,
5463,,,,,,,,,,,,,,,0.0,1.0,,0.0,0.03908108174800873,0.9983094334602356,1.0079985857009888,,,,,,,
5464,,,,,,,,,,,,,,,0.0,1.0,,0.0,0.033051684498786926,0.9982491135597229,1.0079985857009888,,,,,,,
5465,,,,,,,,,,,,,,,0.0,1.0,,0.0,0.03041188418865204,0.9982227087020874,1.0079985857009888,,,,,,,
5466,,,,,,,,,,,,,,,0.0,1.0,,0.0,0.02858930081129074,0.9982044696807861,1.0079985857009888,,,,,,,
5467,,,,,,,,,,,,,,,0.0,1.0,,0.0,0.031225135549902916,0.9982308745384216,1.0079985857009888,,,,,,,
5468,,,,,,,,,,,,,,,0.0,1.0,,0.0,0.03118008002638817,0.9982303977012634,1.0079985857009888,,,,,,,
5469,,,,,,,,,,,,,,,0.0,1.0,,0.0,0.053006257861852646,0.9984486699104309,1.0079985857009888,,,,,,,
5470,,,,,,,,,,,,,,,0.0,1.0,,0.0,0.03898066654801369,0.9983084201812744,1.0079985857009888,,,,,,,
5471,,,,,,,,,,,,,,,0.0,1.0,,0.0,0.032115381211042404,0.9982397556304932,1.0079985857009888,,,,,,,
5472,,,,,,,,,,,,,,,0.0,1.0,,0.0,0.0946367010474205,0.9988649487495422,1.0079985857009888,,,,,,,
5473,,,,,,,,,,,,,,,0.0,1.0,,0.0,0.0602167509496212,0.9985207915306091,1.0079985857009888,,,,,,,
5474,,,,,,,,,,,,,,,0.0,1.0,,0.0,0.050112284719944,0.9984197020530701,1.0079985857009888,,,,,,,
5475,,,,,,,,,,,,,,,0.0,1.0,,0.0,0.05753026530146599,0.9984939098358154,1.0079985857009888,,,,,,,
5476,,,,,,,,,,,,,,,0.0,1.0,,0.0,0.059686724096536636,0.9985154867172241,1.0079985857009888,,,,,,,
5477,,,,,,,,,,,,,,,0.0,1.0,,0.0,0.04383113607764244,0.9983569383621216,1.0079985857009888,,,,,,,
5478,,,,,,,,,,,,,,,0.0,1.0,,0.0,0.032483916729688644,0.9982434511184692,1.0079985857009888,,,,,,,
5479,136.0,0.1329708695411682,,0.062415167689323425,0.1329708695411682,0.0,0.1329708695411682,2.1929750442504883,0.18819095194339752,4.677131652832031,5.944276332855225,0.977522611618042,0.974656879901886,0.7345718741416931,0.0,1.0,,0.0,0.3985116183757782,1.001903772354126,1.0079985857009888,0.04621117562055588,,,,,,
5480,,,,,,,,,,,,,,,0.0,1.0,,0.0,0.06466621160507202,0.9985652565956116,1.0079985857009888,,,,,,,
5481,,,,,,,,,,,,,,,0.0,1.0,,0.0,0.07076797634363174,0.9986262917518616,1.0079985857009888,,,,,,,
5482,,,,,,,,,,,,,,,0.0,1.0,,0.0,0.08348775655031204,0.9987534880638123,1.0079985857009888,,,,,,,
5483,,,,,,,,,,,,,,,0.0,1.0,,0.0,0.03636954724788666,0.9982823133468628,1.0079985857009888,,,,,,,
5484,,,,,,,,,,,,,,,0.0,1.0,,0.0,0.07780977338552475,0.9986966848373413,1.0079985857009888,,,,,,,
5485,,,,,,,,,,,,,,,0.0,1.0,,0.0,0.05103036016225815,0.9984288811683655,1.0079985857009888,,,,,,,
5486,,,,,,,,,,,,,,,0.0,1.0,,0.0,0.04034329205751419,0.9983220100402832,1.0079985857009888,,,,,,,
5487,,,,,,,,,,,,,,,0.0,1.0,,0.0,0.04042399674654007,0.9983228445053101,1.0079985857009888,,,,,,,
5488,,,,,,,,,,,,,,,0.0,1.0,,0.0,0.02879841811954975,0.998206615447998,1.0079985857009888,,,,,,,
5489,,,,,,,,,,,,,,,0.0,1.0,,0.0,0.032117970287799835,0.9982398152351379,1.0079985857009888,,,,,,,
5490,,,,,,,,,,,,,,,0.0,1.0,,0.0,0.037743110209703445,0.9982960224151611,1.0079985857009888,,,,,,,
5491,,,,,,,,,,,,,,,0.0,1.0,,0.0,0.03140522539615631,0.9982326626777649,1.0079985857009888,,,,,,,
5492,,,,,,,,,,,,,,,0.0,1.0,,0.0,0.050809312611818314,0.9984266757965088,1.0079985857009888,,,,,,,
5493,,,,,,,,,,,,,,,0.0,1.0,,0.0,0.05803194269537926,0.9984989166259766,1.0079985857009888,,,,,,,
5494,,,,,,,,,,,,,,,0.0,1.0,,0.0,0.07538562268018723,0.9986724853515625,1.0079985857009888,,,,,,,
5495,,,,,,,,,,,,,,,0.0,1.0,,0.0,0.06685658544301987,0.9985871911048889,1.0079985857009888,,,,,,,
5496,,,,,,,,,,,,,,,0.0,1.0,,0.0,0.06303379684686661,0.9985489249229431,1.0079985857009888,,,,,,,
5497,,,,,,,,,,,,,,,0.0,1.0,,0.0,0.05013364925980568,0.9984199404716492,1.0079985857009888,,,,,,,
5498,,,,,,,,,,,,,,,0.0,1.0,,0.0,0.040676020085811615,0.9983253479003906,1.0079985857009888,,,,,,,
5499,137.0,0.034905560314655304,,,,,,,,,,,,,0.0,1.0,0.0010000000474974513,0.0,0.034905560314655304,0.998267650604248,1.0079985857009888,,0.034905560314655304,0.034905560314655304,0.015824519097805023,0.034905560314655304,0.0,0.034905560314655304
5500,,,,,,,,,,,,,,,0.0,1.0,,0.0,0.04103713855147362,0.9983289837837219,1.0079985857009888,,,,,,,
5501,,,,,,,,,,,,,,,0.0,1.0,,0.0,0.03201306238770485,0.998238742351532,1.0079985857009888,,,,,,,
5502,,,,,,,,,,,,,,,0.0,1.0,,0.0,0.07648678123950958,0.9986834526062012,1.0079985857009888,,,,,,,
5503,,,,,,,,,,,,,,,0.0,1.0,,0.0,0.03585802763700485,0.9982771873474121,1.0079985857009888,,,,,,,
5504,,,,,,,,,,,,,,,0.0,1.0,,0.0,0.04734046384692192,0.9983919858932495,1.0079985857009888,,,,,,,
5505,,,,,,,,,,,,,,,0.0,1.0,,0.0,0.040740933269262314,0.9983260035514832,1.0079985857009888,,,,,,,
5506,,,,,,,,,,,,,,,0.0,1.0,,0.0,0.06678148359060287,0.9985864162445068,1.0079985857009888,,,,,,,
5507,,,,,,,,,,,,,,,0.0,1.0,,0.0,0.04490002989768982,0.9983676075935364,1.0079985857009888,,,,,,,
5508,,,,,,,,,,,,,,,0.0,1.0,,0.0,0.04429735243320465,0.9983615875244141,1.0079985857009888,,,,,,,
5509,,,,,,,,,,,,,,,0.0,1.0,,0.0,0.05838042125105858,0.9985024333000183,1.0079985857009888,,,,,,,
5510,,,,,,,,,,,,,,,0.0,1.0,,0.0,0.031753867864608765,0.9982361197471619,1.0079985857009888,,,,,,,
5511,,,,,,,,,,,,,,,0.0,1.0,,0.0,0.056799907237291336,0.9984865784645081,1.0079985857009888,,,,,,,
5512,,,,,,,,,,,,,,,0.0,1.0,,0.0,0.05271664261817932,0.9984457492828369,1.0079985857009888,,,,,,,
5513,,,,,,,,,,,,,,,0.0,1.0,,0.0,0.03541065752506256,0.998272716999054,1.0079985857009888,,,,,,,
5514,,,,,,,,,,,,,,,0.0,1.0,,0.0,0.034065086394548416,0.9982592463493347,1.0079985857009888,,,,,,,
5515,,,,,,,,,,,,,,,0.0,1.0,,0.0,0.03553830459713936,0.9982739686965942,1.0079985857009888,,,,,,,
5516,,,,,,,,,,,,,,,0.0,1.0,,0.0,0.03184204548597336,0.9982370138168335,1.0079985857009888,,,,,,,
5517,,,,,,,,,,,,,,,0.0,1.0,,0.0,0.07235126942396164,0.9986421465873718,1.0079985857009888,,,,,,,
5518,,,,,,,,,,,,,,,0.0,1.0,,0.0,0.028442703187465668,0.9982030391693115,1.0079985857009888,,,,,,,
5519,137.0,0.1523582935333252,,0.06955349445343018,0.1523582935333252,0.0,0.1523582935333252,2.020848512649536,0.17617562413215637,4.2407546043396,5.535242080688477,0.978116512298584,0.9754893183708191,0.5749405026435852,0.0,1.0,,0.0,0.08421014994382858,0.9987607002258301,1.0079985857009888,0.04931363835930824,,,,,,
5520,,,,,,,,,,,,,,,0.0,1.0,,0.0,0.03285487741231918,0.9982471466064453,1.0079985857009888,,,,,,,
5521,,,,,,,,,,,,,,,0.0,1.0,,0.0,0.046243492513895035,0.9983810186386108,1.0079985857009888,,,,,,,
5522,,,,,,,,,,,,,,,0.0,1.0,,0.0,0.025142671540379524,0.998170018196106,1.0079985857009888,,,,,,,
5523,,,,,,,,,,,,,,,0.0,1.0,,0.0,0.0769590511918068,0.9986882209777832,1.0079985857009888,,,,,,,
5524,,,,,,,,,,,,,,,0.0,1.0,,0.0,0.03787580132484436,0.998297393321991,1.0079985857009888,,,,,,,
5525,,,,,,,,,,,,,,,0.0,1.0,,0.0,0.029843805357813835,0.9982170462608337,1.0079985857009888,,,,,,,
5526,,,,,,,,,,,,,,,0.0,1.0,,0.0,0.027803918346762657,0.9981966614723206,1.0079985857009888,,,,,,,
5527,,,,,,,,,,,,,,,0.0,1.0,,0.0,0.053860414773225784,0.9984571933746338,1.0079985857009888,,,,,,,
5528,,,,,,,,,,,,,,,0.0,1.0,,0.0,0.03536973521113396,0.9982722997665405,1.0079985857009888,,,,,,,
5529,,,,,,,,,,,,,,,0.0,1.0,,0.0,0.051678549498319626,0.998435378074646,1.0079985857009888,,,,,,,
5530,,,,,,,,,,,,,,,0.0,1.0,,0.0,0.061018552631139755,0.998528778553009,1.0079985857009888,,,,,,,
5531,,,,,,,,,,,,,,,0.0,1.0,,0.0,0.031986337155103683,0.9982384443283081,1.0079985857009888,,,,,,,
5532,,,,,,,,,,,,,,,0.0,1.0,,0.0,0.031028252094984055,0.998228907585144,1.0079985857009888,,,,,,,
5533,,,,,,,,,,,,,,,0.0,1.0,,0.0,0.09757646918296814,0.9988943934440613,1.0079985857009888,,,,,,,
5534,,,,,,,,,,,,,,,0.0,1.0,,0.0,0.05205299332737923,0.9984391331672668,1.0079985857009888,,,,,,,
5535,,,,,,,,,,,,,,,0.0,1.0,,0.0,0.033400051295757294,0.9982526302337646,1.0079985857009888,,,,,,,
5536,,,,,,,,,,,,,,,0.0,1.0,,0.0,0.04426954686641693,0.9983612895011902,1.0079985857009888,,,,,,,
5537,,,,,,,,,,,,,,,0.0,1.0,,0.0,0.06292738020420074,0.9985478520393372,1.0079985857009888,,,,,,,
5538,,,,,,,,,,,,,,,0.0,1.0,,0.0,0.052629098296165466,0.9984449148178101,1.0079985857009888,,,,,,,
5539,,,,,,,,,,,,,,,0.0,1.0,,0.0,0.06854212284088135,0.9986039996147156,1.0079985857009888,,,,,,,
5540,,,,,,,,,,,,,,,0.0,1.0,,0.0,0.03579183667898178,0.9982765316963196,1.0079985857009888,,,,,,,
5541,,,,,,,,,,,,,,,0.0,1.0,,0.0,0.043024979531764984,0.9983488321304321,1.0079985857009888,,,,,,,
5542,,,,,,,,,,,,,,,0.0,1.0,,0.0,0.042633287608623505,0.9983449578285217,1.0079985857009888,,,,,,,
5543,,,,,,,,,,,,,,,0.0,1.0,,0.0,0.026694724336266518,0.9981855750083923,1.0079985857009888,,,,,,,
5544,,,,,,,,,,,,,,,0.0,1.0,,0.0,0.05453650280833244,0.9984639883041382,1.0079985857009888,,,,,,,
5545,,,,,,,,,,,,,,,0.0,1.0,,0.0,0.026631835848093033,0.9981849193572998,1.0079985857009888,,,,,,,
5546,,,,,,,,,,,,,,,0.0,1.0,,0.0,0.022125190123915672,0.9981398582458496,1.0079985857009888,,,,,,,
5547,,,,,,,,,,,,,,,0.0,1.0,,0.0,0.02443857491016388,0.9981629848480225,1.0079985857009888,,,,,,,
5548,,,,,,,,,,,,,,,0.0,1.0,,0.0,0.04152745008468628,0.9983338713645935,1.0079985857009888,,,,,,,
5549,138.0,0.03562861308455467,,,,,,,,,,,,,0.0,1.0,0.0010000000474974513,0.0,0.03562861308455467,0.9982748627662659,1.0079985857009888,,0.03562861308455467,0.03562861308455467,0.014582280069589615,0.03562861308455467,0.0,0.03562861308455467
5550,,,,,,,,,,,,,,,0.0,1.0,,0.0,0.0343942828476429,0.9982625246047974,1.0079985857009888,,,,,,,
5551,,,,,,,,,,,,,,,0.0,1.0,,0.0,0.038021788001060486,0.9982988238334656,1.0079985857009888,,,,,,,
5552,,,,,,,,,,,,,,,0.0,1.0,,0.0,0.05517285317182541,0.9984703063964844,1.0079985857009888,,,,,,,
5553,,,,,,,,,,,,,,,0.0,1.0,,0.0,0.030034556984901428,0.9982189536094666,1.0079985857009888,,,,,,,
5554,,,,,,,,,,,,,,,0.0,1.0,,0.0,0.026932304725050926,0.9981878995895386,1.0079985857009888,,,,,,,
5555,,,,,,,,,,,,,,,0.0,1.0,,0.0,0.06394025683403015,0.998557984828949,1.0079985857009888,,,,,,,
5556,,,,,,,,,,,,,,,0.0,1.0,,0.0,0.0297525804489851,0.9982161521911621,1.0079985857009888,,,,,,,
5557,,,,,,,,,,,,,,,0.0,1.0,,0.0,0.07132953405380249,0.9986318945884705,1.0079985857009888,,,,,,,
5558,,,,,,,,,,,,,,,0.0,1.0,,0.0,0.042237646877765656,0.9983409643173218,1.0079985857009888,,,,,,,
5559,138.0,0.3693455159664154,,0.1479243040084839,0.3693455159664154,0.0,0.3693455159664154,2.2790629863739014,0.21502652764320374,4.988419532775879,6.584388732910156,0.9778584241867065,0.9750562906265259,0.823951780796051,0.0,1.0,,0.0,0.06722553074359894,0.998590886592865,1.0079985857009888,0.04171612486243248,,,,,,
5560,,,,,,,,,,,,,,,0.0,1.0,,0.0,0.06334374845027924,0.9985520243644714,1.0079985857009888,,,,,,,
5561,,,,,,,,,,,,,,,0.0,1.0,,0.0,0.09398758411407471,0.9988584518432617,1.0079985857009888,,,,,,,
5562,,,,,,,,,,,,,,,0.0,1.0,,0.0,0.03629987686872482,0.9982815980911255,1.0079985857009888,,,,,,,
5563,,,,,,,,,,,,,,,0.0,1.0,,0.0,0.04182392358779907,0.9983368515968323,1.0079985857009888,,,,,,,
5564,,,,,,,,,,,,,,,0.0,1.0,,0.0,0.022786103188991547,0.9981464743614197,1.0079985857009888,,,,,,,
5565,,,,,,,,,,,,,,,0.0,1.0,,0.0,0.044629015028476715,0.9983649253845215,1.0079985857009888,,,,,,,
5566,,,,,,,,,,,,,,,0.0,1.0,,0.0,0.06776674836874008,0.9985962510108948,1.0079985857009888,,,,,,,
5567,,,,,,,,,,,,,,,0.0,1.0,,0.0,0.04755468666553497,0.9983941316604614,1.0079985857009888,,,,,,,
5568,,,,,,,,,,,,,,,0.0,1.0,,0.0,0.028336839750409126,0.9982019662857056,1.0079985857009888,,,,,,,
5569,,,,,,,,,,,,,,,0.0,1.0,,0.0,0.03847569227218628,0.9983033537864685,1.0079985857009888,,,,,,,
5570,,,,,,,,,,,,,,,0.0,1.0,,0.0,0.05212554335594177,0.9984398484230042,1.0079985857009888,,,,,,,
5571,,,,,,,,,,,,,,,0.0,1.0,,0.0,0.05277595296502113,0.9984463453292847,1.0079985857009888,,,,,,,
5572,,,,,,,,,,,,,,,0.0,1.0,,0.0,0.02983604557812214,0.998216986656189,1.0079985857009888,,,,,,,
5573,,,,,,,,,,,,,,,0.0,1.0,,0.0,0.041763074696063995,0.9983362555503845,1.0079985857009888,,,,,,,
5574,,,,,,,,,,,,,,,0.0,1.0,,0.0,0.04610998183488846,0.9983797073364258,1.0079985857009888,,,,,,,
5575,,,,,,,,,,,,,,,0.0,1.0,,0.0,0.03233681991696358,0.9982419610023499,1.0079985857009888,,,,,,,
5576,,,,,,,,,,,,,,,0.0,1.0,,0.0,0.05775582045316696,0.9984961748123169,1.0079985857009888,,,,,,,
5577,,,,,,,,,,,,,,,0.0,1.0,,0.0,0.029184509068727493,0.9982104301452637,1.0079985857009888,,,,,,,
5578,,,,,,,,,,,,,,,0.0,1.0,,0.0,0.04627159610390663,0.9983813166618347,1.0079985857009888,,,,,,,
5579,,,,,,,,,,,,,,,0.0,1.0,,0.0,0.037344321608543396,0.9982920289039612,1.0079985857009888,,,,,,,
5580,,,,,,,,,,,,,,,0.0,1.0,,0.0,0.06914668530225754,0.9986100792884827,1.0079985857009888,,,,,,,
5581,,,,,,,,,,,,,,,0.0,1.0,,0.0,0.05580654740333557,0.9984766840934753,1.0079985857009888,,,,,,,
5582,,,,,,,,,,,,,,,0.0,1.0,,0.0,0.02124096266925335,0.9981310367584229,1.0079985857009888,,,,,,,
5583,,,,,,,,,,,,,,,0.0,1.0,,0.0,0.032977961003780365,0.9982483983039856,1.0079985857009888,,,,,,,
5584,,,,,,,,,,,,,,,0.0,1.0,,0.0,0.04270818829536438,0.998345673084259,1.0079985857009888,,,,,,,
5585,,,,,,,,,,,,,,,0.0,1.0,,0.0,0.030647912994027138,0.9982250928878784,1.0079985857009888,,,,,,,
5586,,,,,,,,,,,,,,,0.0,1.0,,0.0,0.03066243603825569,0.998225212097168,1.0079985857009888,,,,,,,
5587,,,,,,,,,,,,,,,0.0,1.0,,0.0,0.0502735897898674,0.9984213709831238,1.0079985857009888,,,,,,,
5588,,,,,,,,,,,,,,,0.0,1.0,,0.0,0.06005600094795227,0.9985191822052002,1.0079985857009888,,,,,,,
5589,,,,,,,,,,,,,,,0.0,1.0,,0.0,0.06726957112550735,0.9985913038253784,1.0079985857009888,,,,,,,
5590,,,,,,,,,,,,,,,0.0,1.0,,0.0,0.04501120746135712,0.9983687400817871,1.0079985857009888,,,,,,,
5591,,,,,,,,,,,,,,,0.0,1.0,,0.0,0.06778109073638916,0.9985964298248291,1.0079985857009888,,,,,,,
5592,,,,,,,,,,,,,,,0.0,1.0,,0.0,0.0323440246284008,0.9982420206069946,1.0079985857009888,,,,,,,
5593,,,,,,,,,,,,,,,0.0,1.0,,0.0,0.06068001314997673,0.9985253810882568,1.0079985857009888,,,,,,,
5594,,,,,,,,,,,,,,,0.0,1.0,,0.0,0.047083426266908646,0.9983894228935242,1.0079985857009888,,,,,,,
5595,,,,,,,,,,,,,,,0.0,1.0,,0.0,0.0314767062664032,0.9982333779335022,1.0079985857009888,,,,,,,
5596,,,,,,,,,,,,,,,0.0,1.0,,0.0,0.026323018595576286,0.9981818199157715,1.0079985857009888,,,,,,,
5597,,,,,,,,,,,,,,,0.0,1.0,,0.0,0.04042552411556244,0.9983228445053101,1.0079985857009888,,,,,,,
5598,,,,,,,,,,,,,,,0.0,1.0,,0.0,0.03176386281847954,0.9982362389564514,1.0079985857009888,,,,,,,
5599,139.0,0.1905030459165573,,0.08429185301065445,0.1905030459165573,0.0,0.1905030459165573,2.3167073726654053,0.20351356267929077,5.0428948402404785,6.433619499206543,0.9774697422981262,0.9744666218757629,0.7321357727050781,0.0,1.0,0.0010000000474974513,0.0,0.1666155904531479,0.9995847344398499,1.0079985857009888,0.04317246749997139,0.1666155904531479,0.1666155904531479,0.06058801710605621,0.1666155904531479,0.0,0.1666155904531479
5600,,,,,,,,,,,,,,,0.0,1.0,,0.0,0.0493532195687294,0.9984121322631836,1.0079985857009888,,,,,,,
5601,,,,,,,,,,,,,,,0.0,1.0,,0.0,0.03682700917124748,0.9982869029045105,1.0079985857009888,,,,,,,
5602,,,,,,,,,,,,,,,0.0,1.0,,0.0,0.036496441811323166,0.9982835650444031,1.0079985857009888,,,,,,,
5603,,,,,,,,,,,,,,,0.0,1.0,,0.0,0.05423063784837723,0.9984608888626099,1.0079985857009888,,,,,,,
5604,,,,,,,,,,,,,,,0.0,1.0,,0.0,0.06399141252040863,0.998558521270752,1.0079985857009888,,,,,,,
5605,,,,,,,,,,,,,,,0.0,1.0,,0.0,0.03560926020145416,0.9982746839523315,1.0079985857009888,,,,,,,
5606,,,,,,,,,,,,,,,0.0,1.0,,0.0,0.04837525635957718,0.9984023571014404,1.0079985857009888,,,,,,,
5607,,,,,,,,,,,,,,,0.0,1.0,,0.0,0.02909495122730732,0.998209536075592,1.0079985857009888,,,,,,,
5608,,,,,,,,,,,,,,,0.0,1.0,,0.0,0.041148506104946136,0.9983301162719727,1.0079985857009888,,,,,,,
5609,,,,,,,,,,,,,,,0.0,1.0,,0.0,0.03162416070699692,0.9982348680496216,1.0079985857009888,,,,,,,
5610,,,,,,,,,,,,,,,0.0,1.0,,0.0,0.0313141904771328,0.9982317686080933,1.0079985857009888,,,,,,,
5611,,,,,,,,,,,,,,,0.0,1.0,,0.0,0.1278764307498932,0.9991973638534546,1.0079985857009888,,,,,,,
5612,,,,,,,,,,,,,,,0.0,1.0,,0.0,0.03711925819516182,0.9982898235321045,1.0079985857009888,,,,,,,
5613,,,,,,,,,,,,,,,0.0,1.0,,0.0,0.03355710208415985,0.9982541799545288,1.0079985857009888,,,,,,,
5614,,,,,,,,,,,,,,,0.0,1.0,,0.0,0.050175562500953674,0.9984203577041626,1.0079985857009888,,,,,,,
5615,,,,,,,,,,,,,,,0.0,1.0,,0.0,0.05247143656015396,0.9984433054924011,1.0079985857009888,,,,,,,
5616,,,,,,,,,,,,,,,0.0,1.0,,0.0,0.07741479575634003,0.9986927509307861,1.0079985857009888,,,,,,,
5617,,,,,,,,,,,,,,,0.0,1.0,,0.0,0.03942977264523506,0.9983128905296326,1.0079985857009888,,,,,,,
5618,,,,,,,,,,,,,,,0.0,1.0,,0.0,0.054212115705013275,0.9984607100486755,1.0079985857009888,,,,,,,
5619,,,,,,,,,,,,,,,0.0,1.0,,0.0,0.02504635415971279,0.9981690645217896,1.0079985857009888,,,,,,,
5620,,,,,,,,,,,,,,,0.0,1.0,,0.0,0.03345586732029915,0.9982531666755676,1.0079985857009888,,,,,,,
5621,,,,,,,,,,,,,,,0.0,1.0,,0.0,0.06550218909978867,0.9985736012458801,1.0079985857009888,,,,,,,
5622,,,,,,,,,,,,,,,0.0,1.0,,0.0,0.03475113585591316,0.9982661008834839,1.0079985857009888,,,,,,,
5623,,,,,,,,,,,,,,,0.0,1.0,,0.0,0.03571184352040291,0.9982756972312927,1.0079985857009888,,,,,,,
5624,,,,,,,,,,,,,,,0.0,1.0,,0.0,0.06805911660194397,0.9985991716384888,1.0079985857009888,,,,,,,
5625,,,,,,,,,,,,,,,0.0,1.0,,0.0,0.03215067833662033,0.9982401132583618,1.0079985857009888,,,,,,,
5626,,,,,,,,,,,,,,,0.0,1.0,,0.0,0.0802120640873909,0.9987207055091858,1.0079985857009888,,,,,,,
5627,,,,,,,,,,,,,,,0.0,1.0,,0.0,0.03631163015961647,0.998281717300415,1.0079985857009888,,,,,,,
5628,,,,,,,,,,,,,,,0.0,1.0,,0.0,0.02636641263961792,0.9981822967529297,1.0079985857009888,,,,,,,
5629,,,,,,,,,,,,,,,0.0,1.0,,0.0,0.03031124919652939,0.9982216954231262,1.0079985857009888,,,,,,,
5630,,,,,,,,,,,,,,,0.0,1.0,,0.0,0.030078010633587837,0.99821937084198,1.0079985857009888,,,,,,,
5631,,,,,,,,,,,,,,,0.0,1.0,,0.0,0.0354759506881237,0.9982733726501465,1.0079985857009888,,,,,,,
5632,,,,,,,,,,,,,,,0.0,1.0,,0.0,0.06942570954561234,0.9986128807067871,1.0079985857009888,,,,,,,
5633,,,,,,,,,,,,,,,0.0,1.0,,0.0,0.05847799777984619,0.9985033869743347,1.0079985857009888,,,,,,,
5634,,,,,,,,,,,,,,,0.0,1.0,,0.0,0.04490390047430992,0.9983676671981812,1.0079985857009888,,,,,,,
5635,,,,,,,,,,,,,,,0.0,1.0,,0.0,0.1034599170088768,0.9989532232284546,1.0079985857009888,,,,,,,
5636,,,,,,,,,,,,,,,0.0,1.0,,0.0,0.06499586254358292,0.9985685348510742,1.0079985857009888,,,,,,,
5637,,,,,,,,,,,,,,,0.0,1.0,,0.0,0.028953321278095245,0.9982081651687622,1.0079985857009888,,,,,,,
5638,,,,,,,,,,,,,,,0.0,1.0,,0.0,0.10300386697053909,0.9989486336708069,1.0079985857009888,,,,,,,
5639,140.0,0.18273843824863434,,0.08034638315439224,0.18273843824863434,0.0,0.18273843824863434,2.1824913024902344,0.1883203387260437,4.687386989593506,5.9644551277160645,0.9779300689697266,0.9750968813896179,0.6941904425621033,0.0,1.0,,0.0,0.06903599202632904,0.9986089468002319,1.0079985857009888,0.04769677296280861,,,,,,
5640,,,,,,,,,,,,,,,0.0,1.0,,0.0,0.023421170189976692,0.9981527924537659,1.0079985857009888,,,,,,,
5641,,,,,,,,,,,,,,,0.0,1.0,,0.0,0.03296991065144539,0.998248279094696,1.0079985857009888,,,,,,,
5642,,,,,,,,,,,,,,,0.0,1.0,,0.0,0.02666524611413479,0.9981852769851685,1.0079985857009888,,,,,,,
5643,,,,,,,,,,,,,,,0.0,1.0,,0.0,0.03555530309677124,0.9982741475105286,1.0079985857009888,,,,,,,
5644,,,,,,,,,,,,,,,0.0,1.0,,0.0,0.060950979590415955,0.9985281229019165,1.0079985857009888,,,,,,,
5645,,,,,,,,,,,,,,,0.0,1.0,,0.0,0.055789340287446976,0.998476505279541,1.0079985857009888,,,,,,,
5646,,,,,,,,,,,,,,,0.0,1.0,,0.0,0.06647154688835144,0.9985833168029785,1.0079985857009888,,,,,,,
5647,,,,,,,,,,,,,,,0.0,1.0,,0.0,0.04699090123176575,0.9983885288238525,1.0079985857009888,,,,,,,
5648,,,,,,,,,,,,,,,0.0,1.0,,0.0,0.027492137625813484,0.9981935024261475,1.0079985857009888,,,,,,,
5649,141.0,0.02805342897772789,,,,,,,,,,,,,0.0,1.0,0.0010000000474974513,0.0,0.02805342897772789,0.9981991648674011,1.0079985857009888,,0.02805342897772789,0.02805342897772789,0.012537747621536255,0.02805342897772789,0.0,0.02805342897772789
5650,,,,,,,,,,,,,,,0.0,1.0,,0.0,0.058859579265117645,0.9985072016716003,1.0079985857009888,,,,,,,
5651,,,,,,,,,,,,,,,0.0,1.0,,0.0,0.04117957502603531,0.9983304142951965,1.0079985857009888,,,,,,,
5652,,,,,,,,,,,,,,,0.0,1.0,,0.0,0.028524478897452354,0.9982038736343384,1.0079985857009888,,,,,,,
5653,,,,,,,,,,,,,,,0.0,1.0,,0.0,0.03446676582098007,0.9982632994651794,1.0079985857009888,,,,,,,
5654,,,,,,,,,,,,,,,0.0,1.0,,0.0,0.05036543309688568,0.9984222650527954,1.0079985857009888,,,,,,,
5655,,,,,,,,,,,,,,,0.0,1.0,,0.0,0.04929468035697937,0.9984115362167358,1.0079985857009888,,,,,,,
5656,,,,,,,,,,,,,,,0.0,1.0,,0.0,0.043877359479665756,0.998357355594635,1.0079985857009888,,,,,,,
5657,,,,,,,,,,,,,,,0.0,1.0,,0.0,0.04002390801906586,0.9983188509941101,1.0079985857009888,,,,,,,
5658,,,,,,,,,,,,,,,0.0,1.0,,0.0,0.048681359738111496,0.998405396938324,1.0079985857009888,,,,,,,
5659,,,,,,,,,,,,,,,0.0,1.0,,0.0,0.03530137240886688,0.998271644115448,1.0079985857009888,,,,,,,
5660,,,,,,,,,,,,,,,0.0,1.0,,0.0,0.046408362686634064,0.9983826875686646,1.0079985857009888,,,,,,,
5661,,,,,,,,,,,,,,,0.0,1.0,,0.0,0.024633044376969337,0.9981649518013,1.0079985857009888,,,,,,,
5662,,,,,,,,,,,,,,,0.0,1.0,,0.0,0.045065175741910934,0.9983692765235901,1.0079985857009888,,,,,,,
5663,,,,,,,,,,,,,,,0.0,1.0,,0.0,0.027954192832112312,0.9981981515884399,1.0079985857009888,,,,,,,
5664,,,,,,,,,,,,,,,0.0,1.0,,0.0,0.020996110513806343,0.9981285929679871,1.0079985857009888,,,,,,,
5665,,,,,,,,,,,,,,,0.0,1.0,,0.0,0.0346011146903038,0.9982646107673645,1.0079985857009888,,,,,,,
5666,,,,,,,,,,,,,,,0.0,1.0,,0.0,0.032508447766304016,0.9982436895370483,1.0079985857009888,,,,,,,
5667,,,,,,,,,,,,,,,0.0,1.0,,0.0,0.065435990691185,0.9985729455947876,1.0079985857009888,,,,,,,
5668,,,,,,,,,,,,,,,0.0,1.0,,0.0,0.0789933130145073,0.9987085461616516,1.0079985857009888,,,,,,,
5669,,,,,,,,,,,,,,,0.0,1.0,,0.0,0.06155595928430557,0.9985341429710388,1.0079985857009888,,,,,,,
5670,,,,,,,,,,,,,,,0.0,1.0,,0.0,0.06678678840398788,0.9985864758491516,1.0079985857009888,,,,,,,
5671,,,,,,,,,,,,,,,0.0,1.0,,0.0,0.06619933992624283,0.9985805749893188,1.0079985857009888,,,,,,,
5672,,,,,,,,,,,,,,,0.0,1.0,,0.0,0.07323893159627914,0.9986509680747986,1.0079985857009888,,,,,,,
5673,,,,,,,,,,,,,,,0.0,1.0,,0.0,0.03508150205016136,0.9982694387435913,1.0079985857009888,,,,,,,
5674,,,,,,,,,,,,,,,0.0,1.0,,0.0,0.03297223895788193,0.9982483386993408,1.0079985857009888,,,,,,,
5675,,,,,,,,,,,,,,,0.0,1.0,,0.0,0.034485284239053726,0.9982634782791138,1.0079985857009888,,,,,,,
5676,,,,,,,,,,,,,,,0.0,1.0,,0.0,0.0342213436961174,0.9982607960700989,1.0079985857009888,,,,,,,
5677,,,,,,,,,,,,,,,0.0,1.0,,0.0,0.03188467398285866,0.9982374310493469,1.0079985857009888,,,,,,,
5678,,,,,,,,,,,,,,,0.0,1.0,,0.0,0.04245181381702423,0.9983431100845337,1.0079985857009888,,,,,,,
5679,141.0,0.5068552494049072,,0.20076367259025574,0.5068552494049072,0.0,0.5068552494049072,2.593168258666992,0.25626125931739807,5.735183238983154,7.454135894775391,0.9769051671028137,0.9733821749687195,1.1552047729492188,0.0,1.0,,0.0,0.038920361548662186,0.9983078241348267,1.0079985857009888,0.04571731016039848,,,,,,
5680,,,,,,,,,,,,,,,0.0,1.0,,0.0,0.03834228962659836,0.9983020424842834,1.0079985857009888,,,,,,,
5681,,,,,,,,,,,,,,,0.0,1.0,,0.0,0.043176427483558655,0.9983503818511963,1.0079985857009888,,,,,,,
5682,,,,,,,,,,,,,,,0.0,1.0,,0.0,0.04725181311368942,0.9983911514282227,1.0079985857009888,,,,,,,
5683,,,,,,,,,,,,,,,0.0,1.0,,0.0,0.02390127256512642,0.9981576204299927,1.0079985857009888,,,,,,,
5684,,,,,,,,,,,,,,,0.0,1.0,,0.0,0.040972474962472916,0.9983283281326294,1.0079985857009888,,,,,,,
5685,,,,,,,,,,,,,,,0.0,1.0,,0.0,0.043920792639255524,0.9983578324317932,1.0079985857009888,,,,,,,
5686,,,,,,,,,,,,,,,0.0,1.0,,0.0,0.027740156278014183,0.998196005821228,1.0079985857009888,,,,,,,
5687,,,,,,,,,,,,,,,0.0,1.0,,0.0,0.10674213618040085,0.998986005783081,1.0079985857009888,,,,,,,
5688,,,,,,,,,,,,,,,0.0,1.0,,0.0,0.09957289695739746,0.998914361000061,1.0079985857009888,,,,,,,
5689,,,,,,,,,,,,,,,0.0,1.0,,0.0,0.05876762047410011,0.9985063076019287,1.0079985857009888,,,,,,,
5690,,,,,,,,,,,,,,,0.0,1.0,,0.0,0.10273751616477966,0.998945951461792,1.0079985857009888,,,,,,,
5691,,,,,,,,,,,,,,,0.0,1.0,,0.0,0.04151468724012375,0.998333752155304,1.0079985857009888,,,,,,,
5692,,,,,,,,,,,,,,,0.0,1.0,,0.0,0.10091532766819,0.9989277720451355,1.0079985857009888,,,,,,,
5693,,,,,,,,,,,,,,,0.0,1.0,,0.0,0.038360971957445145,0.9983022212982178,1.0079985857009888,,,,,,,
5694,,,,,,,,,,,,,,,0.0,1.0,,0.0,0.05916329845786095,0.9985102415084839,1.0079985857009888,,,,,,,
5695,,,,,,,,,,,,,,,0.0,1.0,,0.0,0.04842515289783478,0.9984028339385986,1.0079985857009888,,,,,,,
5696,,,,,,,,,,,,,,,0.0,1.0,,0.0,0.0515117421746254,0.9984337091445923,1.0079985857009888,,,,,,,
5697,,,,,,,,,,,,,,,0.0,1.0,,0.0,0.042841676622629166,0.9983470439910889,1.0079985857009888,,,,,,,
5698,,,,,,,,,,,,,,,0.0,1.0,,0.0,0.06254313886165619,0.9985440373420715,1.0079985857009888,,,,,,,
5699,142.0,0.039788868278265,,,,,,,,,,,,,0.0,1.0,0.0010000000474974513,0.0,0.039788868278265,0.9983164668083191,1.0079985857009888,,0.039788868278265,0.039788868278265,0.0250348299741745,0.039788868278265,0.0,0.039788868278265
5700,,,,,,,,,,,,,,,0.0,1.0,,0.0,0.09467023611068726,0.9988653063774109,1.0079985857009888,,,,,,,
5701,,,,,,,,,,,,,,,0.0,1.0,,0.0,0.05222320184111595,0.9984408617019653,1.0079985857009888,,,,,,,
5702,,,,,,,,,,,,,,,0.0,1.0,,0.0,0.034515511244535446,0.9982637763023376,1.0079985857009888,,,,,,,
5703,,,,,,,,,,,,,,,0.0,1.0,,0.0,0.04618995636701584,0.9983804821968079,1.0079985857009888,,,,,,,
5704,,,,,,,,,,,,,,,0.0,1.0,,0.0,0.0436987429857254,0.9983555674552917,1.0079985857009888,,,,,,,
5705,,,,,,,,,,,,,,,0.0,1.0,,0.0,0.03229362517595291,0.9982415437698364,1.0079985857009888,,,,,,,
5706,,,,,,,,,,,,,,,0.0,1.0,,0.0,0.036880865693092346,0.9982874393463135,1.0079985857009888,,,,,,,
5707,,,,,,,,,,,,,,,0.0,1.0,,0.0,0.02954621985554695,0.998214066028595,1.0079985857009888,,,,,,,
5708,,,,,,,,,,,,,,,0.0,1.0,,0.0,0.030659696087241173,0.998225212097168,1.0079985857009888,,,,,,,
5709,,,,,,,,,,,,,,,0.0,1.0,,0.0,0.05202222242951393,0.998438835144043,1.0079985857009888,,,,,,,
5710,,,,,,,,,,,,,,,0.0,1.0,,0.0,0.10003182291984558,0.9989189505577087,1.0079985857009888,,,,,,,
5711,,,,,,,,,,,,,,,0.0,1.0,,0.0,0.05167075991630554,0.9984353184700012,1.0079985857009888,,,,,,,
5712,,,,,,,,,,,,,,,0.0,1.0,,0.0,0.0323125384747982,0.9982417225837708,1.0079985857009888,,,,,,,
5713,,,,,,,,,,,,,,,0.0,1.0,,0.0,0.040690939873456955,0.998325526714325,1.0079985857009888,,,,,,,
5714,,,,,,,,,,,,,,,0.0,1.0,,0.0,0.05218824744224548,0.9984405040740967,1.0079985857009888,,,,,,,
5715,,,,,,,,,,,,,,,0.0,1.0,,0.0,0.02837589755654335,0.998202383518219,1.0079985857009888,,,,,,,
5716,,,,,,,,,,,,,,,0.0,1.0,,0.0,0.03789834678173065,0.9982975721359253,1.0079985857009888,,,,,,,
5717,,,,,,,,,,,,,,,0.0,1.0,,0.0,0.026629680767655373,0.9981849193572998,1.0079985857009888,,,,,,,
5718,,,,,,,,,,,,,,,0.0,1.0,,0.0,0.02625834196805954,0.998181164264679,1.0079985857009888,,,,,,,
5719,142.0,0.1475912630558014,,0.07007202506065369,0.1475912630558014,0.0,0.1475912630558014,2.461019277572632,0.21317456662654877,5.271938323974609,6.665499210357666,0.9768884181976318,0.9734904766082764,0.7364434003829956,0.0,1.0,,0.0,0.1148046925663948,0.9990666508674622,1.0079985857009888,0.05425723269581795,,,,,,
5720,,,,,,,,,,,,,,,0.0,1.0,,0.0,0.07262855023145676,0.9986448884010315,1.0079985857009888,,,,,,,
5721,,,,,,,,,,,,,,,0.0,1.0,,0.0,0.03536476194858551,0.9982722401618958,1.0079985857009888,,,,,,,
5722,,,,,,,,,,,,,,,0.0,1.0,,0.0,0.03973700851202011,0.9983159899711609,1.0079985857009888,,,,,,,
5723,,,,,,,,,,,,,,,0.0,1.0,,0.0,0.06971623748540878,0.9986157417297363,1.0079985857009888,,,,,,,
5724,,,,,,,,,,,,,,,0.0,1.0,,0.0,0.03402535989880562,0.9982588887214661,1.0079985857009888,,,,,,,
5725,,,,,,,,,,,,,,,0.0,1.0,,0.0,0.059699635952711105,0.9985156059265137,1.0079985857009888,,,,,,,
5726,,,,,,,,,,,,,,,0.0,1.0,,0.0,0.02700348012149334,0.9981886148452759,1.0079985857009888,,,,,,,
5727,,,,,,,,,,,,,,,0.0,1.0,,0.0,0.021432071924209595,0.9981329441070557,1.0079985857009888,,,,,,,
5728,,,,,,,,,,,,,,,0.0,1.0,,0.0,0.038276366889476776,0.9983013868331909,1.0079985857009888,,,,,,,
5729,,,,,,,,,,,,,,,0.0,1.0,,0.0,0.04364532604813576,0.9983550310134888,1.0079985857009888,,,,,,,
5730,,,,,,,,,,,,,,,0.0,1.0,,0.0,0.04875878244638443,0.998406171798706,1.0079985857009888,,,,,,,
5731,,,,,,,,,,,,,,,0.0,1.0,,0.0,0.05821094661951065,0.9985007047653198,1.0079985857009888,,,,,,,
5732,,,,,,,,,,,,,,,0.0,1.0,,0.0,0.033958252519369125,0.9982581734657288,1.0079985857009888,,,,,,,
5733,,,,,,,,,,,,,,,0.0,1.0,,0.0,0.03736652806401253,0.9982922673225403,1.0079985857009888,,,,,,,
5734,,,,,,,,,,,,,,,0.0,1.0,,0.0,0.06161802262067795,0.9985347986221313,1.0079985857009888,,,,,,,
5735,,,,,,,,,,,,,,,0.0,1.0,,0.0,0.03049427829682827,0.9982235431671143,1.0079985857009888,,,,,,,
5736,,,,,,,,,,,,,,,0.0,1.0,,0.0,0.04601235315203667,0.9983787536621094,1.0079985857009888,,,,,,,
5737,,,,,,,,,,,,,,,0.0,1.0,,0.0,0.05739547312259674,0.9984925389289856,1.0079985857009888,,,,,,,
5738,,,,,,,,,,,,,,,0.0,1.0,,0.0,0.02903556451201439,0.9982089400291443,1.0079985857009888,,,,,,,
5739,,,,,,,,,,,,,,,0.0,1.0,,0.0,0.07692977786064148,0.9986879229545593,1.0079985857009888,,,,,,,
5740,,,,,,,,,,,,,,,0.0,1.0,,0.0,0.04565294831991196,0.9983751177787781,1.0079985857009888,,,,,,,
5741,,,,,,,,,,,,,,,0.0,1.0,,0.0,0.032415661960840225,0.9982427358627319,1.0079985857009888,,,,,,,
5742,,,,,,,,,,,,,,,0.0,1.0,,0.0,0.035643767565488815,0.9982750415802002,1.0079985857009888,,,,,,,
5743,,,,,,,,,,,,,,,0.0,1.0,,0.0,0.03054770454764366,0.9982240796089172,1.0079985857009888,,,,,,,
5744,,,,,,,,,,,,,,,0.0,1.0,,0.0,0.03344401717185974,0.9982530474662781,1.0079985857009888,,,,,,,
5745,,,,,,,,,,,,,,,0.0,1.0,,0.0,0.036771103739738464,0.9982863068580627,1.0079985857009888,,,,,,,
5746,,,,,,,,,,,,,,,0.0,1.0,,0.0,0.048609208315610886,0.9984046816825867,1.0079985857009888,,,,,,,
5747,,,,,,,,,,,,,,,0.0,1.0,,0.0,0.03984034061431885,0.9983170032501221,1.0079985857009888,,,,,,,
5748,,,,,,,,,,,,,,,0.0,1.0,,0.0,0.07567586749792099,0.9986753463745117,1.0079985857009888,,,,,,,
5749,143.0,0.03535357862710953,,,,,,,,,,,,,0.0,1.0,0.0010000000474974513,0.0,0.03535357862710953,0.9982721209526062,1.0079985857009888,,0.03535357862710953,0.03535357862710953,0.013546105474233627,0.03535357862710953,0.0,0.03535357862710953
5750,,,,,,,,,,,,,,,0.0,1.0,,0.0,0.030456731095910072,0.9982231855392456,1.0079985857009888,,,,,,,
5751,,,,,,,,,,,,,,,0.0,1.0,,0.0,0.051415812224149704,0.9984327554702759,1.0079985857009888,,,,,,,
5752,,,,,,,,,,,,,,,0.0,1.0,,0.0,0.03373928368091583,0.9982560276985168,1.0079985857009888,,,,,,,
5753,,,,,,,,,,,,,,,0.0,1.0,,0.0,0.07040800154209137,0.998622715473175,1.0079985857009888,,,,,,,
5754,,,,,,,,,,,,,,,0.0,1.0,,0.0,0.04932532459497452,0.9984118342399597,1.0079985857009888,,,,,,,
5755,,,,,,,,,,,,,,,0.0,1.0,,0.0,0.030298976227641106,0.9982215762138367,1.0079985857009888,,,,,,,
5756,,,,,,,,,,,,,,,0.0,1.0,,0.0,0.05255233496427536,0.998444139957428,1.0079985857009888,,,,,,,
5757,,,,,,,,,,,,,,,0.0,1.0,,0.0,0.03161688894033432,0.998234748840332,1.0079985857009888,,,,,,,
5758,,,,,,,,,,,,,,,0.0,1.0,,0.0,0.02378786727786064,0.9981564879417419,1.0079985857009888,,,,,,,
5759,143.0,0.3348033130168915,,0.13650217652320862,0.3348033130168915,0.0,0.3348033130168915,2.3508968353271484,0.21767672896385193,5.105250358581543,6.525321960449219,0.9772796034812927,0.974125862121582,0.688575804233551,0.0,1.0,,0.0,0.031642187386751175,0.9982350468635559,1.0079985857009888,0.04421519488096237,,,,,,
5760,,,,,,,,,,,,,,,0.0,1.0,,0.0,0.024898860603570938,0.9981675744056702,1.0079985857009888,,,,,,,
5761,,,,,,,,,,,,,,,0.0,1.0,,0.0,0.058826230466365814,0.9985068440437317,1.0079985857009888,,,,,,,
5762,,,,,,,,,,,,,,,0.0,1.0,,0.0,0.033947985619306564,0.998258113861084,1.0079985857009888,,,,,,,
5763,,,,,,,,,,,,,,,0.0,1.0,,0.0,0.031130783259868622,0.9982299208641052,1.0079985857009888,,,,,,,
5764,,,,,,,,,,,,,,,0.0,1.0,,0.0,0.03135605528950691,0.9982321858406067,1.0079985857009888,,,,,,,
5765,,,,,,,,,,,,,,,0.0,1.0,,0.0,0.049694038927555084,0.9984155297279358,1.0079985857009888,,,,,,,
5766,,,,,,,,,,,,,,,0.0,1.0,,0.0,0.06835685670375824,0.9986021518707275,1.0079985857009888,,,,,,,
5767,,,,,,,,,,,,,,,0.0,1.0,,0.0,0.031185917556285858,0.9982304573059082,1.0079985857009888,,,,,,,
5768,,,,,,,,,,,,,,,0.0,1.0,,0.0,0.03156248480081558,0.998234212398529,1.0079985857009888,,,,,,,
5769,,,,,,,,,,,,,,,0.0,1.0,,0.0,0.028250446543097496,0.9982011318206787,1.0079985857009888,,,,,,,
5770,,,,,,,,,,,,,,,0.0,1.0,,0.0,0.03554357960820198,0.998274028301239,1.0079985857009888,,,,,,,
5771,,,,,,,,,,,,,,,0.0,1.0,,0.0,0.04766928404569626,0.9983953237533569,1.0079985857009888,,,,,,,
5772,,,,,,,,,,,,,,,0.0,1.0,,0.0,0.024134451523423195,0.9981599450111389,1.0079985857009888,,,,,,,
5773,,,,,,,,,,,,,,,0.0,1.0,,0.0,0.021234681829810143,0.9981309771537781,1.0079985857009888,,,,,,,
5774,,,,,,,,,,,,,,,0.0,1.0,,0.0,0.020139355212450027,0.9981200098991394,1.0079985857009888,,,,,,,
5775,,,,,,,,,,,,,,,0.0,1.0,,0.0,0.0252968892455101,0.9981715679168701,1.0079985857009888,,,,,,,
5776,,,,,,,,,,,,,,,0.0,1.0,,0.0,0.0611523762345314,0.9985301494598389,1.0079985857009888,,,,,,,
5777,,,,,,,,,,,,,,,0.0,1.0,,0.0,0.06189792975783348,0.9985376000404358,1.0079985857009888,,,,,,,
5778,,,,,,,,,,,,,,,0.0,1.0,,0.0,0.03508583456277847,0.9982694387435913,1.0079985857009888,,,,,,,
5779,,,,,,,,,,,,,,,0.0,1.0,,0.0,0.059812262654304504,0.9985167384147644,1.0079985857009888,,,,,,,
5780,,,,,,,,,,,,,,,0.0,1.0,,0.0,0.026525378227233887,0.9981838464736938,1.0079985857009888,,,,,,,
5781,,,,,,,,,,,,,,,0.0,1.0,,0.0,0.02841213345527649,0.9982027411460876,1.0079985857009888,,,,,,,
5782,,,,,,,,,,,,,,,0.0,1.0,,0.0,0.03619655594229698,0.9982805848121643,1.0079985857009888,,,,,,,
5783,,,,,,,,,,,,,,,0.0,1.0,,0.0,0.036243997514247894,0.9982810616493225,1.0079985857009888,,,,,,,
5784,,,,,,,,,,,,,,,0.0,1.0,,0.0,0.026588451117277145,0.9981845021247864,1.0079985857009888,,,,,,,
5785,,,,,,,,,,,,,,,0.0,1.0,,0.0,0.03779284283518791,0.9982965588569641,1.0079985857009888,,,,,,,
5786,,,,,,,,,,,,,,,0.0,1.0,,0.0,0.1104908362030983,0.9990234971046448,1.0079985857009888,,,,,,,
5787,,,,,,,,,,,,,,,0.0,1.0,,0.0,0.026317156851291656,0.9981817603111267,1.0079985857009888,,,,,,,
5788,,,,,,,,,,,,,,,0.0,1.0,,0.0,0.04701131954789162,0.9983887076377869,1.0079985857009888,,,,,,,
5789,,,,,,,,,,,,,,,0.0,1.0,,0.0,0.05125744268298149,0.9984312057495117,1.0079985857009888,,,,,,,
5790,,,,,,,,,,,,,,,0.0,1.0,,0.0,0.023922843858599663,0.9981578588485718,1.0079985857009888,,,,,,,
5791,,,,,,,,,,,,,,,0.0,1.0,,0.0,0.019077161327004433,0.9981094002723694,1.0079985857009888,,,,,,,
5792,,,,,,,,,,,,,,,0.0,1.0,,0.0,0.028989600017666817,0.9982085227966309,1.0079985857009888,,,,,,,
5793,,,,,,,,,,,,,,,0.0,1.0,,0.0,0.04087969660758972,0.998327374458313,1.0079985857009888,,,,,,,
5794,,,,,,,,,,,,,,,0.0,1.0,,0.0,0.058954667299985886,0.9985081553459167,1.0079985857009888,,,,,,,
5795,,,,,,,,,,,,,,,0.0,1.0,,0.0,0.024935325607657433,0.9981679320335388,1.0079985857009888,,,,,,,
5796,,,,,,,,,,,,,,,0.0,1.0,,0.0,0.05593471974134445,0.9984779357910156,1.0079985857009888,,,,,,,
5797,,,,,,,,,,,,,,,0.0,1.0,,0.0,0.07930758595466614,0.9987117052078247,1.0079985857009888,,,,,,,
5798,,,,,,,,,,,,,,,0.0,1.0,,0.0,0.04702583700418472,0.9983888864517212,1.0079985857009888,,,,,,,
5799,144.0,0.24208882451057434,,0.10110863298177719,0.24208882451057434,0.0,0.24208882451057434,2.223505735397339,0.19868038594722748,4.772361755371094,6.188158988952637,0.9789448380470276,0.9760222434997559,0.6151067018508911,0.0,1.0,0.0010000000474974513,0.0,0.08879067003726959,0.9988065361976624,1.0079985857009888,0.04141557216644287,0.08879067003726959,0.08879067003726959,0.02969607152044773,0.08879067003726959,0.0,0.08879067003726959
5800,,,,,,,,,,,,,,,0.0,1.0,,0.0,0.03530137240886688,0.998271644115448,1.0079985857009888,,,,,,,
5801,,,,,,,,,,,,,,,0.0,1.0,,0.0,0.03210091590881348,0.9982396364212036,1.0079985857009888,,,,,,,
5802,,,,,,,,,,,,,,,0.0,1.0,,0.0,0.07025804370641708,0.9986211657524109,1.0079985857009888,,,,,,,
5803,,,,,,,,,,,,,,,0.0,1.0,,0.0,0.052105505019426346,0.9984396696090698,1.0079985857009888,,,,,,,
5804,,,,,,,,,,,,,,,0.0,1.0,,0.0,0.03503628820180893,0.9982689619064331,1.0079985857009888,,,,,,,
5805,,,,,,,,,,,,,,,0.0,1.0,,0.0,0.06180116906762123,0.9985366463661194,1.0079985857009888,,,,,,,
5806,,,,,,,,,,,,,,,0.0,1.0,,0.0,0.030224677175283432,0.9982208609580994,1.0079985857009888,,,,,,,
5807,,,,,,,,,,,,,,,0.0,1.0,,0.0,0.03247881308197975,0.9982433915138245,1.0079985857009888,,,,,,,
5808,,,,,,,,,,,,,,,0.0,1.0,,0.0,0.0763159766793251,0.9986817836761475,1.0079985857009888,,,,,,,
5809,,,,,,,,,,,,,,,0.0,1.0,,0.0,0.04961245134472847,0.9984147548675537,1.0079985857009888,,,,,,,
5810,,,,,,,,,,,,,,,0.0,1.0,,0.0,0.09430850297212601,0.9988616704940796,1.0079985857009888,,,,,,,
5811,,,,,,,,,,,,,,,0.0,1.0,,0.0,0.03506181016564369,0.9982692003250122,1.0079985857009888,,,,,,,
5812,,,,,,,,,,,,,,,0.0,1.0,,0.0,0.03376532718539238,0.998256266117096,1.0079985857009888,,,,,,,
5813,,,,,,,,,,,,,,,0.0,1.0,,0.0,0.15828095376491547,0.9995014071464539,1.0079985857009888,,,,,,,
5814,,,,,,,,,,,,,,,0.0,1.0,,0.0,0.029210321605205536,0.9982107281684875,1.0079985857009888,,,,,,,
5815,,,,,,,,,,,,,,,0.0,1.0,,0.0,0.05217524617910385,0.9984403848648071,1.0079985857009888,,,,,,,
5816,,,,,,,,,,,,,,,0.0,1.0,,0.0,0.11383923888206482,0.9990569949150085,1.0079985857009888,,,,,,,
5817,,,,,,,,,,,,,,,0.0,1.0,,0.0,0.03282349556684494,0.9982468485832214,1.0079985857009888,,,,,,,
5818,,,,,,,,,,,,,,,0.0,1.0,,0.0,0.03372707590460777,0.9982558488845825,1.0079985857009888,,,,,,,
5819,,,,,,,,,,,,,,,0.0,1.0,,0.0,0.03393544629216194,0.9982579350471497,1.0079985857009888,,,,,,,
5820,,,,,,,,,,,,,,,0.0,1.0,,0.0,0.06933277100324631,0.9986119270324707,1.0079985857009888,,,,,,,
5821,,,,,,,,,,,,,,,0.0,1.0,,0.0,0.038442932069301605,0.9983030557632446,1.0079985857009888,,,,,,,
5822,,,,,,,,,,,,,,,0.0,1.0,,0.0,0.05437079071998596,0.9984623193740845,1.0079985857009888,,,,,,,
5823,,,,,,,,,,,,,,,0.0,1.0,,0.0,0.08444656431674957,0.9987630844116211,1.0079985857009888,,,,,,,
5824,,,,,,,,,,,,,,,0.0,1.0,,0.0,0.040817271918058395,0.9983267784118652,1.0079985857009888,,,,,,,
5825,,,,,,,,,,,,,,,0.0,1.0,,0.0,0.030965765938162804,0.9982282519340515,1.0079985857009888,,,,,,,
5826,,,,,,,,,,,,,,,0.0,1.0,,0.0,0.030040092766284943,0.9982190132141113,1.0079985857009888,,,,,,,
5827,,,,,,,,,,,,,,,0.0,1.0,,0.0,0.027826976031064987,0.9981968998908997,1.0079985857009888,,,,,,,
5828,,,,,,,,,,,,,,,0.0,1.0,,0.0,0.03420904278755188,0.9982606768608093,1.0079985857009888,,,,,,,
5829,,,,,,,,,,,,,,,0.0,1.0,,0.0,0.07102975249290466,0.9986289143562317,1.0079985857009888,,,,,,,
5830,,,,,,,,,,,,,,,0.0,1.0,,0.0,0.07828076928853989,0.9987013936042786,1.0079985857009888,,,,,,,
5831,,,,,,,,,,,,,,,0.0,1.0,,0.0,0.022072240710258484,0.9981393218040466,1.0079985857009888,,,,,,,
5832,,,,,,,,,,,,,,,0.0,1.0,,0.0,0.047821760177612305,0.9983968138694763,1.0079985857009888,,,,,,,
5833,,,,,,,,,,,,,,,0.0,1.0,,0.0,0.06730595976114273,0.9985916614532471,1.0079985857009888,,,,,,,
5834,,,,,,,,,,,,,,,0.0,1.0,,0.0,0.04104507341980934,0.9983290433883667,1.0079985857009888,,,,,,,
5835,,,,,,,,,,,,,,,0.0,1.0,,0.0,0.042867906391620636,0.998347282409668,1.0079985857009888,,,,,,,
5836,,,,,,,,,,,,,,,0.0,1.0,,0.0,0.0939071998000145,0.9988576769828796,1.0079985857009888,,,,,,,
5837,,,,,,,,,,,,,,,0.0,1.0,,0.0,0.08583946526050568,0.9987769722938538,1.0079985857009888,,,,,,,
5838,,,,,,,,,,,,,,,0.0,1.0,,0.0,0.06613661348819733,0.9985799789428711,1.0079985857009888,,,,,,,
5839,145.0,0.14132992923259735,,0.06540987640619278,0.14132992923259735,0.0,0.14132992923259735,2.238579750061035,0.19303864240646362,4.807453632354736,6.120504379272461,0.9776659607887268,0.9747337698936462,0.6992678046226501,0.0,1.0,,0.0,0.05476164445281029,0.9984661936759949,1.0079985857009888,0.049219761043787,,,,,,
5840,,,,,,,,,,,,,,,0.0,1.0,,0.0,0.058458924293518066,0.9985032081604004,1.0079985857009888,,,,,,,
5841,,,,,,,,,,,,,,,0.0,1.0,,0.0,0.04025574401021004,0.9983211755752563,1.0079985857009888,,,,,,,
5842,,,,,,,,,,,,,,,0.0,1.0,,0.0,0.06118626147508621,0.9985304474830627,1.0079985857009888,,,,,,,
5843,,,,,,,,,,,,,,,0.0,1.0,,0.0,0.04188159853219986,0.99833744764328,1.0079985857009888,,,,,,,
5844,,,,,,,,,,,,,,,0.0,1.0,,0.0,0.03135300800204277,0.9982321262359619,1.0079985857009888,,,,,,,
5845,,,,,,,,,,,,,,,0.0,1.0,,0.0,0.04419734701514244,0.9983605742454529,1.0079985857009888,,,,,,,
5846,,,,,,,,,,,,,,,0.0,1.0,,0.0,0.02775675803422928,0.9981961846351624,1.0079985857009888,,,,,,,
5847,,,,,,,,,,,,,,,0.0,1.0,,0.0,0.028409523889422417,0.9982026815414429,1.0079985857009888,,,,,,,
5848,,,,,,,,,,,,,,,0.0,1.0,,0.0,0.0684671625494957,0.9986032843589783,1.0079985857009888,,,,,,,
5849,146.0,0.03548320382833481,,,,,,,,,,,,,0.0,1.0,0.0010000000474974513,0.0,0.03548320382833481,0.9982734322547913,1.0079985857009888,,0.03548320382833481,0.03548320382833481,0.013641995377838612,0.03548320382833481,0.0,0.03548320382833481
5850,,,,,,,,,,,,,,,0.0,1.0,,0.0,0.05189253017306328,0.9984375238418579,1.0079985857009888,,,,,,,
5851,,,,,,,,,,,,,,,0.0,1.0,,0.0,0.057256512343883514,0.9984911680221558,1.0079985857009888,,,,,,,
5852,,,,,,,,,,,,,,,0.0,1.0,,0.0,0.032807838171720505,0.9982466697692871,1.0079985857009888,,,,,,,
5853,,,,,,,,,,,,,,,0.0,1.0,,0.0,0.03688079118728638,0.9982874393463135,1.0079985857009888,,,,,,,
5854,,,,,,,,,,,,,,,0.0,1.0,,0.0,0.03979106992483139,0.9983165264129639,1.0079985857009888,,,,,,,
5855,,,,,,,,,,,,,,,0.0,1.0,,0.0,0.06361983716487885,0.9985548257827759,1.0079985857009888,,,,,,,
5856,,,,,,,,,,,,,,,0.0,1.0,,0.0,0.027880705893039703,0.9981974363327026,1.0079985857009888,,,,,,,
5857,,,,,,,,,,,,,,,0.0,1.0,,0.0,0.04815307632088661,0.9984001517295837,1.0079985857009888,,,,,,,
5858,,,,,,,,,,,,,,,0.0,1.0,,0.0,0.04130436107516289,0.9983316659927368,1.0079985857009888,,,,,,,
5859,,,,,,,,,,,,,,,0.0,1.0,,0.0,0.05351676046848297,0.9984537959098816,1.0079985857009888,,,,,,,
5860,,,,,,,,,,,,,,,0.0,1.0,,0.0,0.034107327461242676,0.9982596635818481,1.0079985857009888,,,,,,,
5861,,,,,,,,,,,,,,,0.0,1.0,,0.0,0.03360439091920853,0.998254656791687,1.0079985857009888,,,,,,,
5862,,,,,,,,,,,,,,,0.0,1.0,,0.0,0.05690336599946022,0.998487651348114,1.0079985857009888,,,,,,,
5863,,,,,,,,,,,,,,,0.0,1.0,,0.0,0.03463573753833771,0.9982649683952332,1.0079985857009888,,,,,,,
5864,,,,,,,,,,,,,,,0.0,1.0,,0.0,0.022703565657138824,0.9981456398963928,1.0079985857009888,,,,,,,
5865,,,,,,,,,,,,,,,0.0,1.0,,0.0,0.03643052279949188,0.9982829093933105,1.0079985857009888,,,,,,,
5866,,,,,,,,,,,,,,,0.0,1.0,,0.0,0.02065596543252468,0.9981251358985901,1.0079985857009888,,,,,,,
5867,,,,,,,,,,,,,,,0.0,1.0,,0.0,0.047813914716243744,0.9983967542648315,1.0079985857009888,,,,,,,
5868,,,,,,,,,,,,,,,0.0,1.0,,0.0,0.045992352068424225,0.9983785152435303,1.0079985857009888,,,,,,,
5869,,,,,,,,,,,,,,,0.0,1.0,,0.0,0.05077837035059929,0.9984263777732849,1.0079985857009888,,,,,,,
5870,,,,,,,,,,,,,,,0.0,1.0,,0.0,0.0815647542476654,0.9987342357635498,1.0079985857009888,,,,,,,
5871,,,,,,,,,,,,,,,0.0,1.0,,0.0,0.05462177097797394,0.998464822769165,1.0079985857009888,,,,,,,
5872,,,,,,,,,,,,,,,0.0,1.0,,0.0,0.04070327803492546,0.9983256459236145,1.0079985857009888,,,,,,,
5873,,,,,,,,,,,,,,,0.0,1.0,,0.0,0.041237734258174896,0.9983310103416443,1.0079985857009888,,,,,,,
5874,,,,,,,,,,,,,,,0.0,1.0,,0.0,0.06329511851072311,0.9985515475273132,1.0079985857009888,,,,,,,
5875,,,,,,,,,,,,,,,0.0,1.0,,0.0,0.03696732223033905,0.9982882738113403,1.0079985857009888,,,,,,,
5876,,,,,,,,,,,,,,,0.0,1.0,,0.0,0.03620179742574692,0.9982806444168091,1.0079985857009888,,,,,,,
5877,,,,,,,,,,,,,,,0.0,1.0,,0.0,0.03239231929183006,0.9982425570487976,1.0079985857009888,,,,,,,
5878,,,,,,,,,,,,,,,0.0,1.0,,0.0,0.03755106404423714,0.9982941150665283,1.0079985857009888,,,,,,,
5879,146.0,0.27416738867759705,,0.1154877319931984,0.27416738867759705,0.0,0.27416738867759705,2.3235740661621094,0.20878060162067413,5.045919895172119,6.514348030090332,0.9780008792877197,0.9749807119369507,0.7902293801307678,0.0,1.0,,0.0,0.11063635349273682,0.9990249872207642,1.0079985857009888,0.04452117159962654,,,,,,
5880,,,,,,,,,,,,,,,0.0,1.0,,0.0,0.06255140155553818,0.9985440969467163,1.0079985857009888,,,,,,,
5881,,,,,,,,,,,,,,,0.0,1.0,,0.0,0.050128273665905,0.9984198808670044,1.0079985857009888,,,,,,,
5882,,,,,,,,,,,,,,,0.0,1.0,,0.0,0.08102669566869736,0.99872887134552,1.0079985857009888,,,,,,,
5883,,,,,,,,,,,,,,,0.0,1.0,,0.0,0.038637518882751465,0.9983049631118774,1.0079985857009888,,,,,,,
5884,,,,,,,,,,,,,,,0.0,1.0,,0.0,0.07243827730417252,0.9986429810523987,1.0079985857009888,,,,,,,
5885,,,,,,,,,,,,,,,0.0,1.0,,0.0,0.042764812707901,0.9983462691307068,1.0079985857009888,,,,,,,
5886,,,,,,,,,,,,,,,0.0,1.0,,0.0,0.03561348468065262,0.9982747435569763,1.0079985857009888,,,,,,,
5887,,,,,,,,,,,,,,,0.0,1.0,,0.0,0.030535927042365074,0.9982239603996277,1.0079985857009888,,,,,,,
5888,,,,,,,,,,,,,,,0.0,1.0,,0.0,0.10888765007257462,0.9990074634552002,1.0079985857009888,,,,,,,
5889,,,,,,,,,,,,,,,0.0,1.0,,0.0,0.04420851916074753,0.9983606934547424,1.0079985857009888,,,,,,,
5890,,,,,,,,,,,,,,,0.0,1.0,,0.0,0.04356773570179939,0.9983542561531067,1.0079985857009888,,,,,,,
5891,,,,,,,,,,,,,,,0.0,1.0,,0.0,0.04133375361561775,0.9983319640159607,1.0079985857009888,,,,,,,
5892,,,,,,,,,,,,,,,0.0,1.0,,0.0,0.06359123438596725,0.998554527759552,1.0079985857009888,,,,,,,
5893,,,,,,,,,,,,,,,0.0,1.0,,0.0,0.048720188438892365,0.9984058141708374,1.0079985857009888,,,,,,,
5894,,,,,,,,,,,,,,,0.0,1.0,,0.0,0.07400641590356827,0.9986586570739746,1.0079985857009888,,,,,,,
5895,,,,,,,,,,,,,,,0.0,1.0,,0.0,0.05041665956377983,0.9984228014945984,1.0079985857009888,,,,,,,
5896,,,,,,,,,,,,,,,0.0,1.0,,0.0,0.036690156906843185,0.9982855319976807,1.0079985857009888,,,,,,,
5897,,,,,,,,,,,,,,,0.0,1.0,,0.0,0.05084531381726265,0.9984270334243774,1.0079985857009888,,,,,,,
5898,,,,,,,,,,,,,,,0.0,1.0,,0.0,0.052967190742492676,0.9984482526779175,1.0079985857009888,,,,,,,
5899,147.0,0.02944331057369709,,,,,,,,,,,,,0.0,1.0,0.0010000000474974513,0.0,0.02944331057369709,0.9982130527496338,1.0079985857009888,,0.02944331057369709,0.02944331057369709,0.020508965477347374,0.02944331057369709,0.0,0.02944331057369709
5900,,,,,,,,,,,,,,,0.0,1.0,,0.0,0.041732050478458405,0.9983358979225159,1.0079985857009888,,,,,,,
5901,,,,,,,,,,,,,,,0.0,1.0,,0.0,0.02785346284508705,0.9981971383094788,1.0079985857009888,,,,,,,
5902,,,,,,,,,,,,,,,0.0,1.0,,0.0,0.05088858678936958,0.9984275102615356,1.0079985857009888,,,,,,,
5903,,,,,,,,,,,,,,,0.0,1.0,,0.0,0.057289864867925644,0.9984915256500244,1.0079985857009888,,,,,,,
5904,,,,,,,,,,,,,,,0.0,1.0,,0.0,0.05961661413311958,0.9985147714614868,1.0079985857009888,,,,,,,
5905,,,,,,,,,,,,,,,0.0,1.0,,0.0,0.07477175444364548,0.9986663460731506,1.0079985857009888,,,,,,,
5906,,,,,,,,,,,,,,,0.0,1.0,,0.0,0.033225592225790024,0.9982508420944214,1.0079985857009888,,,,,,,
5907,,,,,,,,,,,,,,,0.0,1.0,,0.0,0.040602486580610275,0.9983246326446533,1.0079985857009888,,,,,,,
5908,,,,,,,,,,,,,,,0.0,1.0,,0.0,0.031312961131334305,0.9982317090034485,1.0079985857009888,,,,,,,
5909,,,,,,,,,,,,,,,0.0,1.0,,0.0,0.042548272758722305,0.9983440637588501,1.0079985857009888,,,,,,,
5910,,,,,,,,,,,,,,,0.0,1.0,,0.0,0.05716358497738838,0.9984902143478394,1.0079985857009888,,,,,,,
5911,,,,,,,,,,,,,,,0.0,1.0,,0.0,0.04392026364803314,0.9983578324317932,1.0079985857009888,,,,,,,
5912,,,,,,,,,,,,,,,0.0,1.0,,0.0,0.027149882167577744,0.9981901049613953,1.0079985857009888,,,,,,,
5913,,,,,,,,,,,,,,,0.0,1.0,,0.0,0.07972682267427444,0.998715877532959,1.0079985857009888,,,,,,,
5914,,,,,,,,,,,,,,,0.0,1.0,,0.0,0.02359740249812603,0.9981545805931091,1.0079985857009888,,,,,,,
5915,,,,,,,,,,,,,,,0.0,1.0,,0.0,0.03391828015446663,0.9982578158378601,1.0079985857009888,,,,,,,
5916,,,,,,,,,,,,,,,0.0,1.0,,0.0,0.06041669100522995,0.9985227584838867,1.0079985857009888,,,,,,,
5917,,,,,,,,,,,,,,,0.0,1.0,,0.0,0.061883747577667236,0.9985374212265015,1.0079985857009888,,,,,,,
5918,,,,,,,,,,,,,,,0.0,1.0,,0.0,0.028075333684682846,0.9981993436813354,1.0079985857009888,,,,,,,
5919,147.0,0.3201351761817932,,0.13203203678131104,0.3201351761817932,0.0,0.3201351761817932,2.276746988296509,0.21143782138824463,4.934813022613525,6.4447197914123535,0.9787096977233887,0.9758564233779907,0.6929175853729248,0.0,1.0,,0.0,0.10208603739738464,0.9989394545555115,1.0079985857009888,0.04684056341648102,,,,,,
5920,,,,,,,,,,,,,,,0.0,1.0,,0.0,0.056745875626802444,0.9984860420227051,1.0079985857009888,,,,,,,
5921,,,,,,,,,,,,,,,0.0,1.0,,0.0,0.060531336814165115,0.9985238909721375,1.0079985857009888,,,,,,,
5922,,,,,,,,,,,,,,,0.0,1.0,,0.0,0.024965815246105194,0.9981682896614075,1.0079985857009888,,,,,,,
5923,,,,,,,,,,,,,,,0.0,1.0,,0.0,0.07283694297075272,0.9986469745635986,1.0079985857009888,,,,,,,
5924,,,,,,,,,,,,,,,0.0,1.0,,0.0,0.04867539182305336,0.9984053373336792,1.0079985857009888,,,,,,,
5925,,,,,,,,,,,,,,,0.0,1.0,,0.0,0.06905317306518555,0.9986091256141663,1.0079985857009888,,,,,,,
5926,,,,,,,,,,,,,,,0.0,1.0,,0.0,0.039180878549814224,0.998310387134552,1.0079985857009888,,,,,,,
5927,,,,,,,,,,,,,,,0.0,1.0,,0.0,0.04692280665040016,0.9983878135681152,1.0079985857009888,,,,,,,
5928,,,,,,,,,,,,,,,0.0,1.0,,0.0,0.03830505535006523,0.9983016848564148,1.0079985857009888,,,,,,,
5929,,,,,,,,,,,,,,,0.0,1.0,,0.0,0.06405554711818695,0.9985591769218445,1.0079985857009888,,,,,,,
5930,,,,,,,,,,,,,,,0.0,1.0,,0.0,0.0508238822221756,0.9984268546104431,1.0079985857009888,,,,,,,
5931,,,,,,,,,,,,,,,0.0,1.0,,0.0,0.03640543669462204,0.9982826709747314,1.0079985857009888,,,,,,,
5932,,,,,,,,,,,,,,,0.0,1.0,,0.0,0.031033100560307503,0.998228907585144,1.0079985857009888,,,,,,,
5933,,,,,,,,,,,,,,,0.0,1.0,,0.0,0.028889412060379982,0.9982075095176697,1.0079985857009888,,,,,,,
5934,,,,,,,,,,,,,,,0.0,1.0,,0.0,0.03239203989505768,0.9982424974441528,1.0079985857009888,,,,,,,
5935,,,,,,,,,,,,,,,0.0,1.0,,0.0,0.05743345990777016,0.998492956161499,1.0079985857009888,,,,,,,
5936,,,,,,,,,,,,,,,0.0,1.0,,0.0,0.058226704597473145,0.9985008835792542,1.0079985857009888,,,,,,,
5937,,,,,,,,,,,,,,,0.0,1.0,,0.0,0.026497503742575645,0.9981836080551147,1.0079985857009888,,,,,,,
5938,,,,,,,,,,,,,,,0.0,1.0,,0.0,0.08356323093175888,0.9987542629241943,1.0079985857009888,,,,,,,
5939,,,,,,,,,,,,,,,0.0,1.0,,0.0,0.05192258581519127,0.9984378218650818,1.0079985857009888,,,,,,,
5940,,,,,,,,,,,,,,,0.0,1.0,,0.0,0.04501042887568474,0.9983686804771423,1.0079985857009888,,,,,,,
5941,,,,,,,,,,,,,,,0.0,1.0,,0.0,0.0759546235203743,0.9986781477928162,1.0079985857009888,,,,,,,
5942,,,,,,,,,,,,,,,0.0,1.0,,0.0,0.030645104125142097,0.9982250332832336,1.0079985857009888,,,,,,,
5943,,,,,,,,,,,,,,,0.0,1.0,,0.0,0.03867357596755028,0.9983053207397461,1.0079985857009888,,,,,,,
5944,,,,,,,,,,,,,,,0.0,1.0,,0.0,0.06572449952363968,0.9985758662223816,1.0079985857009888,,,,,,,
5945,,,,,,,,,,,,,,,0.0,1.0,,0.0,0.04269900545477867,0.9983456134796143,1.0079985857009888,,,,,,,
5946,,,,,,,,,,,,,,,0.0,1.0,,0.0,0.05028172582387924,0.9984214305877686,1.0079985857009888,,,,,,,
5947,,,,,,,,,,,,,,,0.0,1.0,,0.0,0.03179756924510002,0.9982365965843201,1.0079985857009888,,,,,,,
5948,,,,,,,,,,,,,,,0.0,1.0,,0.0,0.06413915753364563,0.9985600113868713,1.0079985857009888,,,,,,,
5949,148.0,0.06716534495353699,,,,,,,,,,,,,0.0,1.0,0.0010000000474974513,0.0,0.06716534495353699,0.9985902309417725,1.0079985857009888,,0.06716534495353699,0.06716534495353699,0.02427363209426403,0.06716534495353699,0.0,0.06716534495353699
5950,,,,,,,,,,,,,,,0.0,1.0,,0.0,0.07051999866962433,0.998623788356781,1.0079985857009888,,,,,,,
5951,,,,,,,,,,,,,,,0.0,1.0,,0.0,0.04586151987314224,0.9983772039413452,1.0079985857009888,,,,,,,
5952,,,,,,,,,,,,,,,0.0,1.0,,0.0,0.04526832327246666,0.9983713030815125,1.0079985857009888,,,,,,,
5953,,,,,,,,,,,,,,,0.0,1.0,,0.0,0.04041505977511406,0.9983227849006653,1.0079985857009888,,,,,,,
5954,,,,,,,,,,,,,,,0.0,1.0,,0.0,0.03034611977636814,0.9982220530509949,1.0079985857009888,,,,,,,
5955,,,,,,,,,,,,,,,0.0,1.0,,0.0,0.045623406767845154,0.9983748197555542,1.0079985857009888,,,,,,,
5956,,,,,,,,,,,,,,,0.0,1.0,,0.0,0.027939464896917343,0.9981979727745056,1.0079985857009888,,,,,,,
5957,,,,,,,,,,,,,,,0.0,1.0,,0.0,0.03926261514425278,0.9983112215995789,1.0079985857009888,,,,,,,
5958,,,,,,,,,,,,,,,0.0,1.0,,0.0,0.055408015847206116,0.9984726905822754,1.0079985857009888,,,,,,,
5959,148.0,0.49037182331085205,,0.19624242186546326,0.49037182331085205,0.0,0.49037182331085205,2.4598464965820312,0.2455577254295349,5.401822090148926,6.987834453582764,0.9776623845100403,0.9745476841926575,0.8042832016944885,0.0,1.0,,0.0,0.06992845237255096,0.9986178874969482,1.0079985857009888,0.04688212275505066,,,,,,
5960,,,,,,,,,,,,,,,0.0,1.0,,0.0,0.04221835359930992,0.9983407855033875,1.0079985857009888,,,,,,,
5961,,,,,,,,,,,,,,,0.0,1.0,,0.0,0.03295644000172615,0.9982481598854065,1.0079985857009888,,,,,,,
5962,,,,,,,,,,,,,,,0.0,1.0,,0.0,0.05113252252340317,0.9984299540519714,1.0079985857009888,,,,,,,
5963,,,,,,,,,,,,,,,0.0,1.0,,0.0,0.047454748302698135,0.998393177986145,1.0079985857009888,,,,,,,
5964,,,,,,,,,,,,,,,0.0,1.0,,0.0,0.036486681550741196,0.9982834458351135,1.0079985857009888,,,,,,,
5965,,,,,,,,,,,,,,,0.0,1.0,,0.0,0.04807892441749573,0.9983993768692017,1.0079985857009888,,,,,,,
5966,,,,,,,,,,,,,,,0.0,1.0,,0.0,0.126590758562088,0.9991844892501831,1.0079985857009888,,,,,,,
5967,,,,,,,,,,,,,,,0.0,1.0,,0.0,0.04607735946774483,0.9983793497085571,1.0079985857009888,,,,,,,
5968,,,,,,,,,,,,,,,0.0,1.0,,0.0,0.04738800972700119,0.9983924627304077,1.0079985857009888,,,,,,,
5969,,,,,,,,,,,,,,,0.0,1.0,,0.0,0.07720261067152023,0.9986906051635742,1.0079985857009888,,,,,,,
5970,,,,,,,,,,,,,,,0.0,1.0,,0.0,0.05612219125032425,0.9984798431396484,1.0079985857009888,,,,,,,
5971,,,,,,,,,,,,,,,0.0,1.0,,0.0,0.057484809309244156,0.9984934329986572,1.0079985857009888,,,,,,,
5972,,,,,,,,,,,,,,,0.0,1.0,,0.0,0.026578940451145172,0.9981843829154968,1.0079985857009888,,,,,,,
5973,,,,,,,,,,,,,,,0.0,1.0,,0.0,0.03733181953430176,0.9982919096946716,1.0079985857009888,,,,,,,
5974,,,,,,,,,,,,,,,0.0,1.0,,0.0,0.03197410702705383,0.9982383251190186,1.0079985857009888,,,,,,,
5975,,,,,,,,,,,,,,,0.0,1.0,,0.0,0.03891868516802788,0.9983077645301819,1.0079985857009888,,,,,,,
5976,,,,,,,,,,,,,,,0.0,1.0,,0.0,0.05969826504588127,0.9985156059265137,1.0079985857009888,,,,,,,
5977,,,,,,,,,,,,,,,0.0,1.0,,0.0,0.042007043957710266,0.9983386993408203,1.0079985857009888,,,,,,,
5978,,,,,,,,,,,,,,,0.0,1.0,,0.0,0.034251559525728226,0.9982610940933228,1.0079985857009888,,,,,,,
5979,,,,,,,,,,,,,,,0.0,1.0,,0.0,0.09565721452236176,0.9988752007484436,1.0079985857009888,,,,,,,
5980,,,,,,,,,,,,,,,0.0,1.0,,0.0,0.02042793482542038,0.9981228709220886,1.0079985857009888,,,,,,,
5981,,,,,,,,,,,,,,,0.0,1.0,,0.0,0.049809496849775314,0.9984167218208313,1.0079985857009888,,,,,,,
5982,,,,,,,,,,,,,,,0.0,1.0,,0.0,0.02896304614841938,0.998208224773407,1.0079985857009888,,,,,,,
5983,,,,,,,,,,,,,,,0.0,1.0,,0.0,0.03724409639835358,0.9982910752296448,1.0079985857009888,,,,,,,
5984,,,,,,,,,,,,,,,0.0,1.0,,0.0,0.03307577595114708,0.998249351978302,1.0079985857009888,,,,,,,
5985,,,,,,,,,,,,,,,0.0,1.0,,0.0,0.06628715991973877,0.9985814690589905,1.0079985857009888,,,,,,,
5986,,,,,,,,,,,,,,,0.0,1.0,,0.0,0.05498788133263588,0.9984684586524963,1.0079985857009888,,,,,,,
5987,,,,,,,,,,,,,,,0.0,1.0,,0.0,0.07067141681909561,0.9986253380775452,1.0079985857009888,,,,,,,
5988,,,,,,,,,,,,,,,0.0,1.0,,0.0,0.04080184921622276,0.9983265995979309,1.0079985857009888,,,,,,,
5989,,,,,,,,,,,,,,,0.0,1.0,,0.0,0.04401155933737755,0.9983587265014648,1.0079985857009888,,,,,,,
5990,,,,,,,,,,,,,,,0.0,1.0,,0.0,0.08429253101348877,0.9987615346908569,1.0079985857009888,,,,,,,
5991,,,,,,,,,,,,,,,0.0,1.0,,0.0,0.03752703219652176,0.9982938766479492,1.0079985857009888,,,,,,,
5992,,,,,,,,,,,,,,,0.0,1.0,,0.0,0.047310721129179,0.9983916878700256,1.0079985857009888,,,,,,,
5993,,,,,,,,,,,,,,,0.0,1.0,,0.0,0.04241123050451279,0.9983426928520203,1.0079985857009888,,,,,,,
5994,,,,,,,,,,,,,,,0.0,1.0,,0.0,0.043686941266059875,0.9983554482460022,1.0079985857009888,,,,,,,
5995,,,,,,,,,,,,,,,0.0,1.0,,0.0,0.04427340626716614,0.998361349105835,1.0079985857009888,,,,,,,
5996,,,,,,,,,,,,,,,0.0,1.0,,0.0,0.046703144907951355,0.9983856081962585,1.0079985857009888,,,,,,,
5997,,,,,,,,,,,,,,,0.0,1.0,,0.0,0.06055983901023865,0.9985241889953613,1.0079985857009888,,,,,,,
5998,,,,,,,,,,,,,,,0.0,1.0,,0.0,0.03261479362845421,0.9982447624206543,1.0079985857009888,,,,,,,
5999,149.0,0.2514808177947998,,0.10495664179325104,0.2514808177947998,0.0,0.2514808177947998,2.182757616043091,0.19997121393680573,4.612635612487793,6.079592704772949,0.9783918857574463,0.975739061832428,0.8387733101844788,0.0,1.0,0.0010000000474974513,0.0,0.08851660788059235,0.9988037943840027,1.0079985857009888,0.04823189973831177,0.08851660788059235,0.08851660788059235,0.034342311322689056,0.08851660788059235,0.0,0.08851660788059235
6000,,,,,,,,,,,,,,,0.0,1.0,,0.0,0.04457147419452667,0.9983643293380737,1.0079985857009888,,,,,,,
6001,,,,,,,,,,,,,,,0.0,1.0,,0.0,0.03900729864835739,0.9983086585998535,1.0079985857009888,,,,,,,
6002,,,,,,,,,,,,,,,0.0,1.0,,0.0,0.05657079070806503,0.9984843134880066,1.0079985857009888,,,,,,,
6003,,,,,,,,,,,,,,,0.0,1.0,,0.0,0.03060954250395298,0.998224675655365,1.0079985857009888,,,,,,,
6004,,,,,,,,,,,,,,,0.0,1.0,,0.0,0.052304957062006,0.9984416365623474,1.0079985857009888,,,,,,,
6005,,,,,,,,,,,,,,,0.0,1.0,,0.0,0.026077259331941605,0.9981793761253357,1.0079985857009888,,,,,,,
6006,,,,,,,,,,,,,,,0.0,1.0,,0.0,0.03138495609164238,0.9982324838638306,1.0079985857009888,,,,,,,
6007,,,,,,,,,,,,,,,0.0,1.0,,0.0,0.03524203971028328,0.9982710480690002,1.0079985857009888,,,,,,,
6008,,,,,,,,,,,,,,,0.0,1.0,,0.0,0.028045590966939926,0.9981990456581116,1.0079985857009888,,,,,,,
6009,,,,,,,,,,,,,,,0.0,1.0,,0.0,0.04750632867217064,0.9983936548233032,1.0079985857009888,,,,,,,
6010,,,,,,,,,,,,,,,0.0,1.0,,0.0,0.03983346000313759,0.9983169436454773,1.0079985857009888,,,,,,,
6011,,,,,,,,,,,,,,,0.0,1.0,,0.0,0.0419476218521595,0.9983381032943726,1.0079985857009888,,,,,,,
6012,,,,,,,,,,,,,,,0.0,1.0,,0.0,0.051860272884368896,0.998437225818634,1.0079985857009888,,,,,,,
6013,,,,,,,,,,,,,,,0.0,1.0,,0.0,0.030146021395921707,0.9982200860977173,1.0079985857009888,,,,,,,
6014,,,,,,,,,,,,,,,0.0,1.0,,0.0,0.024455225095152855,0.9981631636619568,1.0079985857009888,,,,,,,
6015,,,,,,,,,,,,,,,0.0,1.0,,0.0,0.033756110817193985,0.9982561469078064,1.0079985857009888,,,,,,,
6016,,,,,,,,,,,,,,,0.0,1.0,,0.0,0.07553503662347794,0.9986739754676819,1.0079985857009888,,,,,,,
6017,,,,,,,,,,,,,,,0.0,1.0,,0.0,0.03705773130059242,0.998289167881012,1.0079985857009888,,,,,,,
6018,,,,,,,,,,,,,,,0.0,1.0,,0.0,0.06384029984474182,0.9985570311546326,1.0079985857009888,,,,,,,
6019,,,,,,,,,,,,,,,0.0,1.0,,0.0,0.0328146293759346,0.9982467293739319,1.0079985857009888,,,,,,,
6020,,,,,,,,,,,,,,,0.0,1.0,,0.0,0.04134926199913025,0.9983320832252502,1.0079985857009888,,,,,,,
6021,,,,,,,,,,,,,,,0.0,1.0,,0.0,0.03747391328215599,0.9982933402061462,1.0079985857009888,,,,,,,
6022,,,,,,,,,,,,,,,0.0,1.0,,0.0,0.05267702788114548,0.9984453916549683,1.0079985857009888,,,,,,,
6023,,,,,,,,,,,,,,,0.0,1.0,,0.0,0.07895679771900177,0.998708188533783,1.0079985857009888,,,,,,,
6024,,,,,,,,,,,,,,,0.0,1.0,,0.0,0.05228336900472641,0.9984414577484131,1.0079985857009888,,,,,,,
6025,,,,,,,,,,,,,,,0.0,1.0,,0.0,0.03184529393911362,0.9982370734214783,1.0079985857009888,,,,,,,
6026,,,,,,,,,,,,,,,0.0,1.0,,0.0,0.05470142140984535,0.9984655976295471,1.0079985857009888,,,,,,,
6027,,,,,,,,,,,,,,,0.0,1.0,,0.0,0.03725472465157509,0.9982911348342896,1.0079985857009888,,,,,,,
6028,,,,,,,,,,,,,,,0.0,1.0,,0.0,0.028656965121626854,0.9982051849365234,1.0079985857009888,,,,,,,
6029,,,,,,,,,,,,,,,0.0,1.0,,0.0,0.037154313176870346,0.9982901215553284,1.0079985857009888,,,,,,,
6030,,,,,,,,,,,,,,,0.0,1.0,,0.0,0.03392665833234787,0.9982578754425049,1.0079985857009888,,,,,,,
6031,,,,,,,,,,,,,,,0.0,1.0,,0.0,0.04081525653600693,0.9983267784118652,1.0079985857009888,,,,,,,
6032,,,,,,,,,,,,,,,0.0,1.0,,0.0,0.03284816816449165,0.9982470870018005,1.0079985857009888,,,,,,,
6033,,,,,,,,,,,,,,,0.0,1.0,,0.0,0.0685969814658165,0.9986045956611633,1.0079985857009888,,,,,,,
6034,,,,,,,,,,,,,,,0.0,1.0,,0.0,0.03701448068022728,0.9982887506484985,1.0079985857009888,,,,,,,
6035,,,,,,,,,,,,,,,0.0,1.0,,0.0,0.03597157821059227,0.9982783198356628,1.0079985857009888,,,,,,,
6036,,,,,,,,,,,,,,,0.0,1.0,,0.0,0.04011935368180275,0.9983198046684265,1.0079985857009888,,,,,,,
6037,,,,,,,,,,,,,,,0.0,1.0,,0.0,0.03601384907960892,0.9982787370681763,1.0079985857009888,,,,,,,
6038,,,,,,,,,,,,,,,0.0,1.0,,0.0,0.06346923112869263,0.9985532760620117,1.0079985857009888,,,,,,,
6039,150.0,0.1553685963153839,,0.06769641488790512,0.1553685963153839,0.0,0.1553685963153839,1.9163846969604492,0.17166723310947418,3.945850372314453,5.210906028747559,0.9792845249176025,0.9769521355628967,0.709557056427002,0.0,1.0,,0.0,0.05052683874964714,0.9984238743782043,1.0079985857009888,0.04710724577307701,,,,,,
6040,,,,,,,,,,,,,,,0.0,1.0,,0.0,0.06645289063453674,0.9985831379890442,1.0079985857009888,,,,,,,
6041,,,,,,,,,,,,,,,0.0,1.0,,0.0,0.05762496963143349,0.9984948635101318,1.0079985857009888,,,,,,,
6042,,,,,,,,,,,,,,,0.0,1.0,,0.0,0.07024379819631577,0.9986210465431213,1.0079985857009888,,,,,,,
6043,,,,,,,,,,,,,,,0.0,1.0,,0.0,0.04548656940460205,0.9983734488487244,1.0079985857009888,,,,,,,
6044,,,,,,,,,,,,,,,0.0,1.0,,0.0,0.049877624958753586,0.9984173774719238,1.0079985857009888,,,,,,,
6045,,,,,,,,,,,,,,,0.0,1.0,,0.0,0.035228244960308075,0.9982708692550659,1.0079985857009888,,,,,,,
6046,,,,,,,,,,,,,,,0.0,1.0,,0.0,0.053477995097637177,0.9984533786773682,1.0079985857009888,,,,,,,
6047,,,,,,,,,,,,,,,0.0,1.0,,0.0,0.02661152184009552,0.9981847405433655,1.0079985857009888,,,,,,,
6048,,,,,,,,,,,,,,,0.0,1.0,,0.0,0.0835939347743988,0.9987545609474182,1.0079985857009888,,,,,,,
6049,151.0,0.06752245873212814,,,,,,,,,,,,,0.0,1.0,0.0010000000474974513,0.0,0.06752245873212814,0.998593807220459,1.0079985857009888,,0.06752245873212814,0.06752245873212814,0.024688761681318283,0.06752245873212814,0.0,0.06752245873212814
6050,,,,,,,,,,,,,,,0.0,1.0,,0.0,0.04197300970554352,0.9983383417129517,1.0079985857009888,,,,,,,
6051,,,,,,,,,,,,,,,0.0,1.0,,0.0,0.03175223618745804,0.9982361197471619,1.0079985857009888,,,,,,,
6052,,,,,,,,,,,,,,,0.0,1.0,,0.0,0.03889172896742821,0.9983075261116028,1.0079985857009888,,,,,,,
6053,,,,,,,,,,,,,,,0.0,1.0,,0.0,0.03508680313825607,0.9982694983482361,1.0079985857009888,,,,,,,
6054,,,,,,,,,,,,,,,0.0,1.0,,0.0,0.09172310680150986,0.9988358616828918,1.0079985857009888,,,,,,,
6055,,,,,,,,,,,,,,,0.0,1.0,,0.0,0.07859910279512405,0.9987046122550964,1.0079985857009888,,,,,,,
6056,,,,,,,,,,,,,,,0.0,1.0,,0.0,0.05399300158023834,0.9984585642814636,1.0079985857009888,,,,,,,
6057,,,,,,,,,,,,,,,0.0,1.0,,0.0,0.04311835393309593,0.9983497858047485,1.0079985857009888,,,,,,,
6058,,,,,,,,,,,,,,,0.0,1.0,,0.0,0.03196798637509346,0.9982382655143738,1.0079985857009888,,,,,,,
6059,,,,,,,,,,,,,,,0.0,1.0,,0.0,0.042871419340372086,0.9983473420143127,1.0079985857009888,,,,,,,
6060,,,,,,,,,,,,,,,0.0,1.0,,0.0,0.028917698189616203,0.9982078075408936,1.0079985857009888,,,,,,,
6061,,,,,,,,,,,,,,,0.0,1.0,,0.0,0.04718399420380592,0.9983904361724854,1.0079985857009888,,,,,,,
6062,,,,,,,,,,,,,,,0.0,1.0,,0.0,0.06563033908605576,0.9985749125480652,1.0079985857009888,,,,,,,
6063,,,,,,,,,,,,,,,0.0,1.0,,0.0,0.03211994096636772,0.9982398152351379,1.0079985857009888,,,,,,,
6064,,,,,,,,,,,,,,,0.0,1.0,,0.0,0.05918783321976662,0.998510479927063,1.0079985857009888,,,,,,,
6065,,,,,,,,,,,,,,,0.0,1.0,,0.0,0.08253058046102524,0.9987438917160034,1.0079985857009888,,,,,,,
6066,,,,,,,,,,,,,,,0.0,1.0,,0.0,0.06238073483109474,0.9985424280166626,1.0079985857009888,,,,,,,
6067,,,,,,,,,,,,,,,0.0,1.0,,0.0,0.02621648460626602,0.9981807470321655,1.0079985857009888,,,,,,,
6068,,,,,,,,,,,,,,,0.0,1.0,,0.0,0.06791780143976212,0.9985978007316589,1.0079985857009888,,,,,,,
6069,,,,,,,,,,,,,,,0.0,1.0,,0.0,0.024889441207051277,0.9981675148010254,1.0079985857009888,,,,,,,
6070,,,,,,,,,,,,,,,0.0,1.0,,0.0,0.05921196937561035,0.9985107183456421,1.0079985857009888,,,,,,,
6071,,,,,,,,,,,,,,,0.0,1.0,,0.0,0.02833257056772709,0.9982019066810608,1.0079985857009888,,,,,,,
6072,,,,,,,,,,,,,,,0.0,1.0,,0.0,0.033931538462638855,0.9982579350471497,1.0079985857009888,,,,,,,
6073,,,,,,,,,,,,,,,0.0,1.0,,0.0,0.03424985334277153,0.9982610940933228,1.0079985857009888,,,,,,,
6074,,,,,,,,,,,,,,,0.0,1.0,,0.0,0.03146516904234886,0.9982332587242126,1.0079985857009888,,,,,,,
6075,,,,,,,,,,,,,,,0.0,1.0,,0.0,0.03730630874633789,0.9982916712760925,1.0079985857009888,,,,,,,
6076,,,,,,,,,,,,,,,0.0,1.0,,0.0,0.06401564925909042,0.998558759689331,1.0079985857009888,,,,,,,
6077,,,,,,,,,,,,,,,0.0,1.0,,0.0,0.02242475375533104,0.9981428384780884,1.0079985857009888,,,,,,,
6078,,,,,,,,,,,,,,,0.0,1.0,,0.0,0.030934147536754608,0.9982279539108276,1.0079985857009888,,,,,,,
6079,151.0,0.12530389428138733,,0.06058071553707123,0.12530389428138733,0.0,0.12530389428138733,2.0636346340179443,0.1766151636838913,4.411325454711914,5.688899993896484,0.978461742401123,0.9758768677711487,0.5998724102973938,0.0,1.0,,0.0,0.05093102157115936,0.9984279274940491,1.0079985857009888,0.045832641422748566,,,,,,
6080,,,,,,,,,,,,,,,0.0,1.0,,0.0,0.036043740808963776,0.9982790350914001,1.0079985857009888,,,,,,,
6081,,,,,,,,,,,,,,,0.0,1.0,,0.0,0.024354785680770874,0.9981621503829956,1.0079985857009888,,,,,,,
6082,,,,,,,,,,,,,,,0.0,1.0,,0.0,0.038791704922914505,0.9983065128326416,1.0079985857009888,,,,,,,
6083,,,,,,,,,,,,,,,0.0,1.0,,0.0,0.057304747402668,0.998491644859314,1.0079985857009888,,,,,,,
6084,,,,,,,,,,,,,,,0.0,1.0,,0.0,0.03433176502585411,0.9982619285583496,1.0079985857009888,,,,,,,
6085,,,,,,,,,,,,,,,0.0,1.0,,0.0,0.04178418591618538,0.9983364343643188,1.0079985857009888,,,,,,,
6086,,,,,,,,,,,,,,,0.0,1.0,,0.0,0.0564771369099617,0.9984833598136902,1.0079985857009888,,,,,,,
6087,,,,,,,,,,,,,,,0.0,1.0,,0.0,0.028967199847102165,0.9982082843780518,1.0079985857009888,,,,,,,
6088,,,,,,,,,,,,,,,0.0,1.0,,0.0,0.06857432425022125,0.9986043572425842,1.0079985857009888,,,,,,,
6089,,,,,,,,,,,,,,,0.0,1.0,,0.0,0.030647769570350647,0.9982250928878784,1.0079985857009888,,,,,,,
6090,,,,,,,,,,,,,,,0.0,1.0,,0.0,0.04161061346530914,0.9983347058296204,1.0079985857009888,,,,,,,
6091,,,,,,,,,,,,,,,0.0,1.0,,0.0,0.0305500328540802,0.9982240796089172,1.0079985857009888,,,,,,,
6092,,,,,,,,,,,,,,,0.0,1.0,,0.0,0.030989347025752068,0.9982284903526306,1.0079985857009888,,,,,,,
6093,,,,,,,,,,,,,,,0.0,1.0,,0.0,0.04944499209523201,0.9984130263328552,1.0079985857009888,,,,,,,
6094,,,,,,,,,,,,,,,0.0,1.0,,0.0,0.038199711591005325,0.9983006119728088,1.0079985857009888,,,,,,,
6095,,,,,,,,,,,,,,,0.0,1.0,,0.0,0.02966880239546299,0.9982153177261353,1.0079985857009888,,,,,,,
6096,,,,,,,,,,,,,,,0.0,1.0,,0.0,0.03136776387691498,0.9982323050498962,1.0079985857009888,,,,,,,
6097,,,,,,,,,,,,,,,0.0,1.0,,0.0,0.03000052273273468,0.9982185959815979,1.0079985857009888,,,,,,,
6098,,,,,,,,,,,,,,,0.0,1.0,,0.0,0.05388637259602547,0.9984574913978577,1.0079985857009888,,,,,,,
6099,152.0,0.026491738855838776,,,,,,,,,,,,,0.0,1.0,0.0010000000474974513,0.0,0.026491738855838776,0.99818354845047,1.0079985857009888,,0.026491738855838776,0.026491738855838776,0.009766096249222755,0.026491738855838776,0.0,0.026491738855838776
6100,,,,,,,,,,,,,,,0.0,1.0,,0.0,0.04304543882608414,0.9983490705490112,1.0079985857009888,,,,,,,
6101,,,,,,,,,,,,,,,0.0,1.0,,0.0,0.03791934624314308,0.9982978105545044,1.0079985857009888,,,,,,,
6102,,,,,,,,,,,,,,,0.0,1.0,,0.0,0.0317014679312706,0.9982356429100037,1.0079985857009888,,,,,,,
6103,,,,,,,,,,,,,,,0.0,1.0,,0.0,0.03368908539414406,0.9982554912567139,1.0079985857009888,,,,,,,
6104,,,,,,,,,,,,,,,0.0,1.0,,0.0,0.02674780786037445,0.9981861114501953,1.0079985857009888,,,,,,,
6105,,,,,,,,,,,,,,,0.0,1.0,,0.0,0.04807649552822113,0.9983993768692017,1.0079985857009888,,,,,,,
6106,,,,,,,,,,,,,,,0.0,1.0,,0.0,0.035043176263570786,0.9982690215110779,1.0079985857009888,,,,,,,
6107,,,,,,,,,,,,,,,0.0,1.0,,0.0,0.050050221383571625,0.9984191060066223,1.0079985857009888,,,,,,,
6108,,,,,,,,,,,,,,,0.0,1.0,,0.0,0.038559090346097946,0.9983041882514954,1.0079985857009888,,,,,,,
6109,,,,,,,,,,,,,,,0.0,1.0,,0.0,0.03743557631969452,0.9982929825782776,1.0079985857009888,,,,,,,
6110,,,,,,,,,,,,,,,0.0,1.0,,0.0,0.040697984397411346,0.9983255863189697,1.0079985857009888,,,,,,,
6111,,,,,,,,,,,,,,,0.0,1.0,,0.0,0.04477588087320328,0.9983663558959961,1.0079985857009888,,,,,,,
6112,,,,,,,,,,,,,,,0.0,1.0,,0.0,0.03731248527765274,0.9982917308807373,1.0079985857009888,,,,,,,
6113,,,,,,,,,,,,,,,0.0,1.0,,0.0,0.0457155779004097,0.9983757734298706,1.0079985857009888,,,,,,,
6114,,,,,,,,,,,,,,,0.0,1.0,,0.0,0.061525408178567886,0.9985338449478149,1.0079985857009888,,,,,,,
6115,,,,,,,,,,,,,,,0.0,1.0,,0.0,0.053721413016319275,0.998455822467804,1.0079985857009888,,,,,,,
6116,,,,,,,,,,,,,,,0.0,1.0,,0.0,0.04964921995997429,0.9984151124954224,1.0079985857009888,,,,,,,
6117,,,,,,,,,,,,,,,0.0,1.0,,0.0,0.07771007716655731,0.9986957311630249,1.0079985857009888,,,,,,,
6118,,,,,,,,,,,,,,,0.0,1.0,,0.0,0.04485432431101799,0.9983671307563782,1.0079985857009888,,,,,,,
6119,152.0,0.16907106339931488,,0.07438760250806808,0.16907106339931488,0.0,0.16907106339931488,2.0647096633911133,0.18046331405639648,4.362301349639893,5.726626873016357,0.9783324599266052,0.9757445454597473,0.5741560459136963,0.0,1.0,,0.0,0.13807791471481323,0.9992994070053101,1.0079985857009888,0.046379152685403824,,,,,,
6120,,,,,,,,,,,,,,,0.0,1.0,,0.0,0.0816689059138298,0.9987353086471558,1.0079985857009888,,,,,,,
6121,,,,,,,,,,,,,,,0.0,1.0,,0.0,0.04959365725517273,0.9984145164489746,1.0079985857009888,,,,,,,
6122,,,,,,,,,,,,,,,0.0,1.0,,0.0,0.046148546040058136,0.9983800649642944,1.0079985857009888,,,,,,,
6123,,,,,,,,,,,,,,,0.0,1.0,,0.0,0.03828313574194908,0.9983014464378357,1.0079985857009888,,,,,,,
6124,,,,,,,,,,,,,,,0.0,1.0,,0.0,0.03850489482283592,0.9983036518096924,1.0079985857009888,,,,,,,
6125,,,,,,,,,,,,,,,0.0,1.0,,0.0,0.03946245089173317,0.9983132481575012,1.0079985857009888,,,,,,,
6126,,,,,,,,,,,,,,,0.0,1.0,,0.0,0.033522773534059525,0.9982538223266602,1.0079985857009888,,,,,,,
6127,,,,,,,,,,,,,,,0.0,1.0,,0.0,0.06288491189479828,0.9985474348068237,1.0079985857009888,,,,,,,
6128,,,,,,,,,,,,,,,0.0,1.0,,0.0,0.04254908487200737,0.9983441233634949,1.0079985857009888,,,,,,,
6129,,,,,,,,,,,,,,,0.0,1.0,,0.0,0.08286362886428833,0.9987472295761108,1.0079985857009888,,,,,,,
6130,,,,,,,,,,,,,,,0.0,1.0,,0.0,0.1046513095498085,0.9989651441574097,1.0079985857009888,,,,,,,
6131,,,,,,,,,,,,,,,0.0,1.0,,0.0,0.05336778610944748,0.9984523057937622,1.0079985857009888,,,,,,,
6132,,,,,,,,,,,,,,,0.0,1.0,,0.0,0.05978019908070564,0.9985163807868958,1.0079985857009888,,,,,,,
6133,,,,,,,,,,,,,,,0.0,1.0,,0.0,0.06593505293130875,0.9985779523849487,1.0079985857009888,,,,,,,
6134,,,,,,,,,,,,,,,0.0,1.0,,0.0,0.03026982769370079,0.9982212781906128,1.0079985857009888,,,,,,,
6135,,,,,,,,,,,,,,,0.0,1.0,,0.0,0.08112209290266037,0.9987298250198364,1.0079985857009888,,,,,,,
6136,,,,,,,,,,,,,,,0.0,1.0,,0.0,0.05403989553451538,0.998458981513977,1.0079985857009888,,,,,,,
6137,,,,,,,,,,,,,,,0.0,1.0,,0.0,0.06252571940422058,0.9985438585281372,1.0079985857009888,,,,,,,
6138,,,,,,,,,,,,,,,0.0,1.0,,0.0,0.030426230281591415,0.9982228875160217,1.0079985857009888,,,,,,,
6139,,,,,,,,,,,,,,,0.0,1.0,,0.0,0.05857302248477936,0.9985043406486511,1.0079985857009888,,,,,,,
6140,,,,,,,,,,,,,,,0.0,1.0,,0.0,0.04559137299656868,0.9983745217323303,1.0079985857009888,,,,,,,
6141,,,,,,,,,,,,,,,0.0,1.0,,0.0,0.03414491191506386,0.9982600808143616,1.0079985857009888,,,,,,,
6142,,,,,,,,,,,,,,,0.0,1.0,,0.0,0.04460228607058525,0.9983646273612976,1.0079985857009888,,,,,,,
6143,,,,,,,,,,,,,,,0.0,1.0,,0.0,0.054925981909036636,0.9984678626060486,1.0079985857009888,,,,,,,
6144,,,,,,,,,,,,,,,0.0,1.0,,0.0,0.05299697816371918,0.9984485507011414,1.0079985857009888,,,,,,,
6145,,,,,,,,,,,,,,,0.0,1.0,,0.0,0.0668545663356781,0.9985871315002441,1.0079985857009888,,,,,,,
6146,,,,,,,,,,,,,,,0.0,1.0,,0.0,0.03434528410434723,0.9982620477676392,1.0079985857009888,,,,,,,
6147,,,,,,,,,,,,,,,0.0,1.0,,0.0,0.03165537491440773,0.9982351660728455,1.0079985857009888,,,,,,,
6148,,,,,,,,,,,,,,,0.0,1.0,,0.0,0.029214661568403244,0.9982107281684875,1.0079985857009888,,,,,,,
6149,153.0,0.03305401653051376,,,,,,,,,,,,,0.0,1.0,0.0010000000474974513,0.0,0.03305401653051376,0.9982491731643677,1.0079985857009888,,0.03305401653051376,0.03305401653051376,0.01370866596698761,0.03305401653051376,0.0,0.03305401653051376
6150,,,,,,,,,,,,,,,0.0,1.0,,0.0,0.06494791805744171,0.998568058013916,1.0079985857009888,,,,,,,
6151,,,,,,,,,,,,,,,0.0,1.0,,0.0,0.02651897259056568,0.9981837868690491,1.0079985857009888,,,,,,,
6152,,,,,,,,,,,,,,,0.0,1.0,,0.0,0.046688470989465714,0.998385488986969,1.0079985857009888,,,,,,,
6153,,,,,,,,,,,,,,,0.0,1.0,,0.0,0.07894401997327805,0.9987080693244934,1.0079985857009888,,,,,,,
6154,,,,,,,,,,,,,,,0.0,1.0,,0.0,0.04084821045398712,0.9983270764350891,1.0079985857009888,,,,,,,
6155,,,,,,,,,,,,,,,0.0,1.0,,0.0,0.10528866946697235,0.9989715218544006,1.0079985857009888,,,,,,,
6156,,,,,,,,,,,,,,,0.0,1.0,,0.0,0.07987786084413528,0.9987173676490784,1.0079985857009888,,,,,,,
6157,,,,,,,,,,,,,,,0.0,1.0,,0.0,0.02654852718114853,0.998184084892273,1.0079985857009888,,,,,,,
6158,,,,,,,,,,,,,,,0.0,1.0,,0.0,0.05754005163908005,0.998494029045105,1.0079985857009888,,,,,,,
6159,153.0,0.11435539275407791,,0.05617288500070572,0.11435539275407791,0.0,0.11435539275407791,2.0224392414093018,0.16927987337112427,4.307979583740234,5.5773820877075195,0.9787031412124634,0.9761603474617004,0.7937405109405518,0.0,1.0,,0.0,0.04102519899606705,0.9983288645744324,1.0079985857009888,0.05102229118347168,,,,,,
6160,,,,,,,,,,,,,,,0.0,1.0,,0.0,0.04124503955245018,0.9983310699462891,1.0079985857009888,,,,,,,
6161,,,,,,,,,,,,,,,0.0,1.0,,0.0,0.047020070254802704,0.9983888268470764,1.0079985857009888,,,,,,,
6162,,,,,,,,,,,,,,,0.0,1.0,,0.0,0.05878424271941185,0.9985064268112183,1.0079985857009888,,,,,,,
6163,,,,,,,,,,,,,,,0.0,1.0,,0.0,0.05889010801911354,0.9985074996948242,1.0079985857009888,,,,,,,
6164,,,,,,,,,,,,,,,0.0,1.0,,0.0,0.04414766654372215,0.9983600974082947,1.0079985857009888,,,,,,,
6165,,,,,,,,,,,,,,,0.0,1.0,,0.0,0.050571393221616745,0.9984242916107178,1.0079985857009888,,,,,,,
6166,,,,,,,,,,,,,,,0.0,1.0,,0.0,0.08245033025741577,0.9987431168556213,1.0079985857009888,,,,,,,
6167,,,,,,,,,,,,,,,0.0,1.0,,0.0,0.04483449459075928,0.9983669519424438,1.0079985857009888,,,,,,,
6168,,,,,,,,,,,,,,,0.0,1.0,,0.0,0.03298378735780716,0.9982484579086304,1.0079985857009888,,,,,,,
6169,,,,,,,,,,,,,,,0.0,1.0,,0.0,0.0613032802939415,0.9985316395759583,1.0079985857009888,,,,,,,
6170,,,,,,,,,,,,,,,0.0,1.0,,0.0,0.030757896602153778,0.9982261657714844,1.0079985857009888,,,,,,,
6171,,,,,,,,,,,,,,,0.0,1.0,,0.0,0.04430762305855751,0.9983617067337036,1.0079985857009888,,,,,,,
6172,,,,,,,,,,,,,,,0.0,1.0,,0.0,0.04687769338488579,0.9983873963356018,1.0079985857009888,,,,,,,
6173,,,,,,,,,,,,,,,0.0,1.0,,0.0,0.06238505244255066,0.9985424280166626,1.0079985857009888,,,,,,,
6174,,,,,,,,,,,,,,,0.0,1.0,,0.0,0.03572303429245949,0.9982758164405823,1.0079985857009888,,,,,,,
6175,,,,,,,,,,,,,,,0.0,1.0,,0.0,0.048231981694698334,0.9984009265899658,1.0079985857009888,,,,,,,
6176,,,,,,,,,,,,,,,0.0,1.0,,0.0,0.021450849249958992,0.99813312292099,1.0079985857009888,,,,,,,
6177,,,,,,,,,,,,,,,0.0,1.0,,0.0,0.04574872553348541,0.9983760714530945,1.0079985857009888,,,,,,,
6178,,,,,,,,,,,,,,,0.0,1.0,,0.0,0.06276728957891464,0.998546302318573,1.0079985857009888,,,,,,,
6179,,,,,,,,,,,,,,,0.0,1.0,,0.0,0.05264833942055702,0.9984450936317444,1.0079985857009888,,,,,,,
6180,,,,,,,,,,,,,,,0.0,1.0,,0.0,0.031899046152830124,0.9982376098632812,1.0079985857009888,,,,,,,
6181,,,,,,,,,,,,,,,0.0,1.0,,0.0,0.035110052675008774,0.9982696771621704,1.0079985857009888,,,,,,,
6182,,,,,,,,,,,,,,,0.0,1.0,,0.0,0.0669260025024414,0.9985878467559814,1.0079985857009888,,,,,,,
6183,,,,,,,,,,,,,,,0.0,1.0,,0.0,0.038304708898067474,0.99830162525177,1.0079985857009888,,,,,,,
6184,,,,,,,,,,,,,,,0.0,1.0,,0.0,0.029498396441340446,0.9982135891914368,1.0079985857009888,,,,,,,
6185,,,,,,,,,,,,,,,0.0,1.0,,0.0,0.040669407695531845,0.9983252882957458,1.0079985857009888,,,,,,,
6186,,,,,,,,,,,,,,,0.0,1.0,,0.0,0.08622818440198898,0.9987809062004089,1.0079985857009888,,,,,,,
6187,,,,,,,,,,,,,,,0.0,1.0,,0.0,0.04230685904622078,0.9983416795730591,1.0079985857009888,,,,,,,
6188,,,,,,,,,,,,,,,0.0,1.0,,0.0,0.04017258808016777,0.9983203411102295,1.0079985857009888,,,,,,,
6189,,,,,,,,,,,,,,,0.0,1.0,,0.0,0.07039354741573334,0.9986225366592407,1.0079985857009888,,,,,,,
6190,,,,,,,,,,,,,,,0.0,1.0,,0.0,0.02930639684200287,0.998211681842804,1.0079985857009888,,,,,,,
6191,,,,,,,,,,,,,,,0.0,1.0,,0.0,0.03696899861097336,0.9982882738113403,1.0079985857009888,,,,,,,
6192,,,,,,,,,,,,,,,0.0,1.0,,0.0,0.050999391824007034,0.9984285831451416,1.0079985857009888,,,,,,,
6193,,,,,,,,,,,,,,,0.0,1.0,,0.0,0.06312955170869827,0.9985498785972595,1.0079985857009888,,,,,,,
6194,,,,,,,,,,,,,,,0.0,1.0,,0.0,0.035397615283727646,0.9982725977897644,1.0079985857009888,,,,,,,
6195,,,,,,,,,,,,,,,0.0,1.0,,0.0,0.030997885391116142,0.9982286095619202,1.0079985857009888,,,,,,,
6196,,,,,,,,,,,,,,,0.0,1.0,,0.0,0.03798558935523033,0.9982984662055969,1.0079985857009888,,,,,,,
6197,,,,,,,,,,,,,,,0.0,1.0,,0.0,0.03501308336853981,0.998268723487854,1.0079985857009888,,,,,,,
6198,,,,,,,,,,,,,,,0.0,1.0,,0.0,0.038073159754276276,0.9982993602752686,1.0079985857009888,,,,,,,
6199,154.0,0.1919812262058258,,0.08191962540149689,0.1919812262058258,0.0,0.1919812262058258,2.164142370223999,0.188991978764534,4.528860092163086,5.933234214782715,0.9778534173965454,0.9750720262527466,0.7976189851760864,0.0,1.0,0.0010000000474974513,0.0,0.0449804849922657,0.9983683824539185,1.0079985857009888,0.04570282995700836,0.0449804849922657,0.0449804849922657,0.03327235206961632,0.0449804849922657,0.0,0.0449804849922657
6200,,,,,,,,,,,,,,,0.0,1.0,,0.0,0.04041295126080513,0.9983227252960205,1.0079985857009888,,,,,,,
6201,,,,,,,,,,,,,,,0.0,1.0,,0.0,0.04653185233473778,0.9983839392662048,1.0079985857009888,,,,,,,
6202,,,,,,,,,,,,,,,0.0,1.0,,0.0,0.044374480843544006,0.9983623623847961,1.0079985857009888,,,,,,,
6203,,,,,,,,,,,,,,,0.0,1.0,,0.0,0.06027115881443024,0.9985213279724121,1.0079985857009888,,,,,,,
6204,,,,,,,,,,,,,,,0.0,1.0,,0.0,0.038329560309648514,0.9983019232749939,1.0079985857009888,,,,,,,
6205,,,,,,,,,,,,,,,0.0,1.0,,0.0,0.04059257358312607,0.9983245134353638,1.0079985857009888,,,,,,,
6206,,,,,,,,,,,,,,,0.0,1.0,,0.0,0.05918649584054947,0.998510479927063,1.0079985857009888,,,,,,,
6207,,,,,,,,,,,,,,,0.0,1.0,,0.0,0.07764320075511932,0.9986950159072876,1.0079985857009888,,,,,,,
6208,,,,,,,,,,,,,,,0.0,1.0,,0.0,0.023090101778507233,0.9981495141983032,1.0079985857009888,,,,,,,
6209,,,,,,,,,,,,,,,0.0,1.0,,0.0,0.04821321368217468,0.9984007477760315,1.0079985857009888,,,,,,,
6210,,,,,,,,,,,,,,,0.0,1.0,,0.0,0.03501126915216446,0.998268723487854,1.0079985857009888,,,,,,,
6211,,,,,,,,,,,,,,,0.0,1.0,,0.0,0.037033241242170334,0.9982889294624329,1.0079985857009888,,,,,,,
6212,,,,,,,,,,,,,,,0.0,1.0,,0.0,0.04272424429655075,0.9983458518981934,1.0079985857009888,,,,,,,
6213,,,,,,,,,,,,,,,0.0,1.0,,0.0,0.04159557446837425,0.9983345866203308,1.0079985857009888,,,,,,,
6214,,,,,,,,,,,,,,,0.0,1.0,,0.0,0.04382375627756119,0.998356819152832,1.0079985857009888,,,,,,,
6215,,,,,,,,,,,,,,,0.0,1.0,,0.0,0.03429435193538666,0.998261570930481,1.0079985857009888,,,,,,,
6216,,,,,,,,,,,,,,,0.0,1.0,,0.0,0.040096767246723175,0.9983195662498474,1.0079985857009888,,,,,,,
6217,,,,,,,,,,,,,,,0.0,1.0,,0.0,0.03445284813642502,0.9982631206512451,1.0079985857009888,,,,,,,
6218,,,,,,,,,,,,,,,0.0,1.0,,0.0,0.08595894277095795,0.998778223991394,1.0079985857009888,,,,,,,
6219,,,,,,,,,,,,,,,0.0,1.0,,0.0,0.02475852519273758,0.9981662034988403,1.0079985857009888,,,,,,,
6220,,,,,,,,,,,,,,,0.0,1.0,,0.0,0.04933284595608711,0.9984119534492493,1.0079985857009888,,,,,,,
6221,,,,,,,,,,,,,,,0.0,1.0,,0.0,0.03753786161541939,0.9982939958572388,1.0079985857009888,,,,,,,
6222,,,,,,,,,,,,,,,0.0,1.0,,0.0,0.023803502321243286,0.9981566667556763,1.0079985857009888,,,,,,,
6223,,,,,,,,,,,,,,,0.0,1.0,,0.0,0.037165481597185135,0.9982902407646179,1.0079985857009888,,,,,,,
6224,,,,,,,,,,,,,,,0.0,1.0,,0.0,0.047436363995075226,0.9983929991722107,1.0079985857009888,,,,,,,
6225,,,,,,,,,,,,,,,0.0,1.0,,0.0,0.044800158590078354,0.9983665943145752,1.0079985857009888,,,,,,,
6226,,,,,,,,,,,,,,,0.0,1.0,,0.0,0.07412844896316528,0.9986599087715149,1.0079985857009888,,,,,,,
6227,,,,,,,,,,,,,,,0.0,1.0,,0.0,0.04886972904205322,0.9984073042869568,1.0079985857009888,,,,,,,
6228,,,,,,,,,,,,,,,0.0,1.0,,0.0,0.07449699193239212,0.998663604259491,1.0079985857009888,,,,,,,
6229,,,,,,,,,,,,,,,0.0,1.0,,0.0,0.023572390899062157,0.99815434217453,1.0079985857009888,,,,,,,
6230,,,,,,,,,,,,,,,0.0,1.0,,0.0,0.04098330810666084,0.998328447341919,1.0079985857009888,,,,,,,
6231,,,,,,,,,,,,,,,0.0,1.0,,0.0,0.04871348291635513,0.9984057545661926,1.0079985857009888,,,,,,,
6232,,,,,,,,,,,,,,,0.0,1.0,,0.0,0.047418080270290375,0.9983927607536316,1.0079985857009888,,,,,,,
6233,,,,,,,,,,,,,,,0.0,1.0,,0.0,0.04679284617304802,0.998386561870575,1.0079985857009888,,,,,,,
6234,,,,,,,,,,,,,,,0.0,1.0,,0.0,0.033927079290151596,0.9982578754425049,1.0079985857009888,,,,,,,
6235,,,,,,,,,,,,,,,0.0,1.0,,0.0,0.04141663387417793,0.9983327984809875,1.0079985857009888,,,,,,,
6236,,,,,,,,,,,,,,,0.0,1.0,,0.0,0.04182301089167595,0.9983368515968323,1.0079985857009888,,,,,,,
6237,,,,,,,,,,,,,,,0.0,1.0,,0.0,0.07793108373880386,0.9986979365348816,1.0079985857009888,,,,,,,
6238,,,,,,,,,,,,,,,0.0,1.0,,0.0,0.05577436462044716,0.9984763264656067,1.0079985857009888,,,,,,,
6239,155.0,0.14957302808761597,,0.06856746971607208,0.14957302808761597,0.0,0.14957302808761597,2.5977983474731445,0.22387419641017914,5.474587440490723,6.9920854568481445,0.9766013622283936,0.9731014370918274,0.8530053496360779,0.0,1.0,,0.0,0.13806475698947906,0.9992992281913757,1.0079985857009888,0.050389423966407776,,,,,,
6240,,,,,,,,,,,,,,,0.0,1.0,,0.0,0.04165267199277878,0.9983351230621338,1.0079985857009888,,,,,,,
6241,,,,,,,,,,,,,,,0.0,1.0,,0.0,0.040945619344711304,0.9983280897140503,1.0079985857009888,,,,,,,
6242,,,,,,,,,,,,,,,0.0,1.0,,0.0,0.033323612064123154,0.9982518553733826,1.0079985857009888,,,,,,,
6243,,,,,,,,,,,,,,,0.0,1.0,,0.0,0.05982804670929909,0.998516857624054,1.0079985857009888,,,,,,,
6244,,,,,,,,,,,,,,,0.0,1.0,,0.0,0.03172384202480316,0.998235821723938,1.0079985857009888,,,,,,,
6245,,,,,,,,,,,,,,,0.0,1.0,,0.0,0.04528604447841644,0.9983714818954468,1.0079985857009888,,,,,,,
6246,,,,,,,,,,,,,,,0.0,1.0,,0.0,0.05014249309897423,0.9984200596809387,1.0079985857009888,,,,,,,
6247,,,,,,,,,,,,,,,0.0,1.0,,0.0,0.03655070438981056,0.998284101486206,1.0079985857009888,,,,,,,
6248,,,,,,,,,,,,,,,0.0,1.0,,0.0,0.03723297640681267,0.9982909560203552,1.0079985857009888,,,,,,,
6249,156.0,0.046618200838565826,,,,,,,,,,,,,0.0,1.0,0.0010000000474974513,0.0,0.046618200838565826,0.9983847737312317,1.0079985857009888,,0.046618200838565826,0.046618200838565826,0.019201597198843956,0.046618200838565826,0.0,0.046618200838565826
6250,,,,,,,,,,,,,,,0.0,1.0,,0.0,0.04773443564772606,0.9983959794044495,1.0079985857009888,,,,,,,
6251,,,,,,,,,,,,,,,0.0,1.0,,0.0,0.060399577021598816,0.9985225796699524,1.0079985857009888,,,,,,,
6252,,,,,,,,,,,,,,,0.0,1.0,,0.0,0.04821763560175896,0.9984008073806763,1.0079985857009888,,,,,,,
6253,,,,,,,,,,,,,,,0.0,1.0,,0.0,0.03489505127072334,0.9982675313949585,1.0079985857009888,,,,,,,
6254,,,,,,,,,,,,,,,0.0,1.0,,0.0,0.06165900453925133,0.9985352158546448,1.0079985857009888,,,,,,,
6255,,,,,,,,,,,,,,,0.0,1.0,,0.0,0.0311270859092474,0.9982298612594604,1.0079985857009888,,,,,,,
6256,,,,,,,,,,,,,,,0.0,1.0,,0.0,0.04012925177812576,0.9983199238777161,1.0079985857009888,,,,,,,
6257,,,,,,,,,,,,,,,0.0,1.0,,0.0,0.09851294010877609,0.998903751373291,1.0079985857009888,,,,,,,
6258,,,,,,,,,,,,,,,0.0,1.0,,0.0,0.04695456475019455,0.9983881711959839,1.0079985857009888,,,,,,,
6259,,,,,,,,,,,,,,,0.0,1.0,,0.0,0.06190674006938934,0.9985376596450806,1.0079985857009888,,,,,,,
6260,,,,,,,,,,,,,,,0.0,1.0,,0.0,0.024073876440525055,0.9981593489646912,1.0079985857009888,,,,,,,
6261,,,,,,,,,,,,,,,0.0,1.0,,0.0,0.04443150386214256,0.9983628988265991,1.0079985857009888,,,,,,,
6262,,,,,,,,,,,,,,,0.0,1.0,,0.0,0.03273027017712593,0.998245894908905,1.0079985857009888,,,,,,,
6263,,,,,,,,,,,,,,,0.0,1.0,,0.0,0.043811917304992676,0.9983566999435425,1.0079985857009888,,,,,,,
6264,,,,,,,,,,,,,,,0.0,1.0,,0.0,0.02837633527815342,0.998202383518219,1.0079985857009888,,,,,,,
6265,,,,,,,,,,,,,,,0.0,1.0,,0.0,0.03639010339975357,0.9982824921607971,1.0079985857009888,,,,,,,
6266,,,,,,,,,,,,,,,0.0,1.0,,0.0,0.03497147932648659,0.9982683062553406,1.0079985857009888,,,,,,,
6267,,,,,,,,,,,,,,,0.0,1.0,,0.0,0.021155204623937607,0.9981301426887512,1.0079985857009888,,,,,,,
6268,,,,,,,,,,,,,,,0.0,1.0,,0.0,0.029789384454488754,0.9982165098190308,1.0079985857009888,,,,,,,
6269,,,,,,,,,,,,,,,0.0,1.0,,0.0,0.028624333441257477,0.9982048273086548,1.0079985857009888,,,,,,,
6270,,,,,,,,,,,,,,,0.0,1.0,,0.0,0.02569420263171196,0.9981755614280701,1.0079985857009888,,,,,,,
6271,,,,,,,,,,,,,,,0.0,1.0,,0.0,0.021381380036473274,0.9981324076652527,1.0079985857009888,,,,,,,
6272,,,,,,,,,,,,,,,0.0,1.0,,0.0,0.030521048232913017,0.9982238411903381,1.0079985857009888,,,,,,,
6273,,,,,,,,,,,,,,,0.0,1.0,,0.0,0.07039424031972885,0.9986225366592407,1.0079985857009888,,,,,,,
6274,,,,,,,,,,,,,,,0.0,1.0,,0.0,0.045205481350421906,0.9983706474304199,1.0079985857009888,,,,,,,
6275,,,,,,,,,,,,,,,0.0,1.0,,0.0,0.09397507458925247,0.9988583326339722,1.0079985857009888,,,,,,,
6276,,,,,,,,,,,,,,,0.0,1.0,,0.0,0.04176543653011322,0.9983362555503845,1.0079985857009888,,,,,,,
6277,,,,,,,,,,,,,,,0.0,1.0,,0.0,0.07233312726020813,0.9986419081687927,1.0079985857009888,,,,,,,
6278,,,,,,,,,,,,,,,0.0,1.0,,0.0,0.030961720272898674,0.9982282519340515,1.0079985857009888,,,,,,,
6279,156.0,0.12189245223999023,,0.05803116783499718,0.12189245223999023,0.0,0.12189245223999023,2.1323418617248535,0.18042783439159393,4.539684772491455,5.821333408355713,0.9778990745544434,0.9750853180885315,0.7247498035430908,0.0,1.0,,0.0,0.0359174944460392,0.9982777833938599,1.0079985857009888,0.04763329029083252,,,,,,
6280,,,,,,,,,,,,,,,0.0,1.0,,0.0,0.03341254964470863,0.9982527494430542,1.0079985857009888,,,,,,,
6281,,,,,,,,,,,,,,,0.0,1.0,,0.0,0.031713489443063736,0.9982357621192932,1.0079985857009888,,,,,,,
6282,,,,,,,,,,,,,,,0.0,1.0,,0.0,0.0670267790555954,0.9985888600349426,1.0079985857009888,,,,,,,
6283,,,,,,,,,,,,,,,0.0,1.0,,0.0,0.08135046064853668,0.9987320899963379,1.0079985857009888,,,,,,,
6284,,,,,,,,,,,,,,,0.0,1.0,,0.0,0.027479268610477448,0.9981933832168579,1.0079985857009888,,,,,,,
6285,,,,,,,,,,,,,,,0.0,1.0,,0.0,0.03406354412436485,0.9982592463493347,1.0079985857009888,,,,,,,
6286,,,,,,,,,,,,,,,0.0,1.0,,0.0,0.12345828860998154,0.999153196811676,1.0079985857009888,,,,,,,
6287,,,,,,,,,,,,,,,0.0,1.0,,0.0,0.05537499114871025,0.9984723329544067,1.0079985857009888,,,,,,,
6288,,,,,,,,,,,,,,,0.0,1.0,,0.0,0.042286742478609085,0.9983415007591248,1.0079985857009888,,,,,,,
6289,,,,,,,,,,,,,,,0.0,1.0,,0.0,0.06620192527770996,0.9985806345939636,1.0079985857009888,,,,,,,
6290,,,,,,,,,,,,,,,0.0,1.0,,0.0,0.02941129170358181,0.9982126951217651,1.0079985857009888,,,,,,,
6291,,,,,,,,,,,,,,,0.0,1.0,,0.0,0.036309562623500824,0.998281717300415,1.0079985857009888,,,,,,,
6292,,,,,,,,,,,,,,,0.0,1.0,,0.0,0.03059152327477932,0.9982244968414307,1.0079985857009888,,,,,,,
6293,,,,,,,,,,,,,,,0.0,1.0,,0.0,0.06633405387401581,0.9985819458961487,1.0079985857009888,,,,,,,
6294,,,,,,,,,,,,,,,0.0,1.0,,0.0,0.0459778867661953,0.9983783960342407,1.0079985857009888,,,,,,,
6295,,,,,,,,,,,,,,,0.0,1.0,,0.0,0.0289617832750082,0.998208224773407,1.0079985857009888,,,,,,,
6296,,,,,,,,,,,,,,,0.0,1.0,,0.0,0.03176717832684517,0.9982362985610962,1.0079985857009888,,,,,,,
6297,,,,,,,,,,,,,,,0.0,1.0,,0.0,0.0712999552488327,0.9986315965652466,1.0079985857009888,,,,,,,
6298,,,,,,,,,,,,,,,0.0,1.0,,0.0,0.07969153672456741,0.9987155199050903,1.0079985857009888,,,,,,,
6299,157.0,0.0382368229329586,,,,,,,,,,,,,0.0,1.0,0.0010000000474974513,0.0,0.0382368229329586,0.9983009696006775,1.0079985857009888,,0.0382368229329586,0.0382368229329586,0.01875721663236618,0.0382368229329586,0.0,0.0382368229329586
6300,,,,,,,,,,,,,,,0.0,1.0,,0.0,0.02933625690639019,0.9982119798660278,1.0079985857009888,,,,,,,
6301,,,,,,,,,,,,,,,0.0,1.0,,0.0,0.05915001779794693,0.9985101222991943,1.0079985857009888,,,,,,,
6302,,,,,,,,,,,,,,,0.0,1.0,,0.0,0.05809246748685837,0.9984995126724243,1.0079985857009888,,,,,,,
6303,,,,,,,,,,,,,,,0.0,1.0,,0.0,0.1326202154159546,0.9992448091506958,1.0079985857009888,,,,,,,
6304,,,,,,,,,,,,,,,0.0,1.0,,0.0,0.04294430464506149,0.99834805727005,1.0079985857009888,,,,,,,
6305,,,,,,,,,,,,,,,0.0,1.0,,0.0,0.04280339181423187,0.9983466267585754,1.0079985857009888,,,,,,,
6306,,,,,,,,,,,,,,,0.0,1.0,,0.0,0.0443706214427948,0.9983623027801514,1.0079985857009888,,,,,,,
6307,,,,,,,,,,,,,,,0.0,1.0,,0.0,0.07731840759515762,0.9986917972564697,1.0079985857009888,,,,,,,
6308,,,,,,,,,,,,,,,0.0,1.0,,0.0,0.0388980358839035,0.9983075857162476,1.0079985857009888,,,,,,,
6309,,,,,,,,,,,,,,,0.0,1.0,,0.0,0.05553141608834267,0.9984739422798157,1.0079985857009888,,,,,,,
6310,,,,,,,,,,,,,,,0.0,1.0,,0.0,0.03405921906232834,0.9982591867446899,1.0079985857009888,,,,,,,
6311,,,,,,,,,,,,,,,0.0,1.0,,0.0,0.027778450399637222,0.9981963634490967,1.0079985857009888,,,,,,,
6312,,,,,,,,,,,,,,,0.0,1.0,,0.0,0.061061736196279526,0.9985291957855225,1.0079985857009888,,,,,,,
6313,,,,,,,,,,,,,,,0.0,1.0,,0.0,0.06066814064979553,0.9985252618789673,1.0079985857009888,,,,,,,
6314,,,,,,,,,,,,,,,0.0,1.0,,0.0,0.05908692628145218,0.9985094666481018,1.0079985857009888,,,,,,,
6315,,,,,,,,,,,,,,,0.0,1.0,,0.0,0.03318638354539871,0.9982504844665527,1.0079985857009888,,,,,,,
6316,,,,,,,,,,,,,,,0.0,1.0,,0.0,0.06282533705234528,0.998546838760376,1.0079985857009888,,,,,,,
6317,,,,,,,,,,,,,,,0.0,1.0,,0.0,0.029111744835972786,0.9982097148895264,1.0079985857009888,,,,,,,
6318,,,,,,,,,,,,,,,0.0,1.0,,0.0,0.052423372864723206,0.9984428286552429,1.0079985857009888,,,,,,,
6319,157.0,0.2387707531452179,,0.10351916402578354,0.2387707531452179,0.0,0.2387707531452179,2.1701128482818604,0.19284482300281525,4.658666610717773,6.098649978637695,0.9782804250717163,0.9755913615226746,0.7111461758613586,0.0,1.0,,0.0,0.06178981438279152,0.9985365271568298,1.0079985857009888,0.053596239537000656,,,,,,
6320,,,,,,,,,,,,,,,0.0,1.0,,0.0,0.04069605842232704,0.9983255863189697,1.0079985857009888,,,,,,,
6321,,,,,,,,,,,,,,,0.0,1.0,,0.0,0.057043321430683136,0.9984890222549438,1.0079985857009888,,,,,,,
6322,,,,,,,,,,,,,,,0.0,1.0,,0.0,0.058578602969646454,0.9985044002532959,1.0079985857009888,,,,,,,
6323,,,,,,,,,,,,,,,0.0,1.0,,0.0,0.03553481772542,0.9982739686965942,1.0079985857009888,,,,,,,
6324,,,,,,,,,,,,,,,0.0,1.0,,0.0,0.046751853078603745,0.9983861446380615,1.0079985857009888,,,,,,,
6325,,,,,,,,,,,,,,,0.0,1.0,,0.0,0.05641350522637367,0.9984827637672424,1.0079985857009888,,,,,,,
6326,,,,,,,,,,,,,,,0.0,1.0,,0.0,0.030978159978985786,0.9982283711433411,1.0079985857009888,,,,,,,
6327,,,,,,,,,,,,,,,0.0,1.0,,0.0,0.050521329045295715,0.9984238147735596,1.0079985857009888,,,,,,,
6328,,,,,,,,,,,,,,,0.0,1.0,,0.0,0.04271324351429939,0.9983457326889038,1.0079985857009888,,,,,,,
6329,,,,,,,,,,,,,,,0.0,1.0,,0.0,0.024581322446465492,0.9981644153594971,1.0079985857009888,,,,,,,
6330,,,,,,,,,,,,,,,0.0,1.0,,0.0,0.03937024250626564,0.9983122944831848,1.0079985857009888,,,,,,,
6331,,,,,,,,,,,,,,,0.0,1.0,,0.0,0.04946121945977211,0.9984132051467896,1.0079985857009888,,,,,,,
6332,,,,,,,,,,,,,,,0.0,1.0,,0.0,0.03085741028189659,0.9982271790504456,1.0079985857009888,,,,,,,
6333,,,,,,,,,,,,,,,0.0,1.0,,0.0,0.03220946341753006,0.9982407093048096,1.0079985857009888,,,,,,,
6334,,,,,,,,,,,,,,,0.0,1.0,,0.0,0.07402797788381577,0.9986588954925537,1.0079985857009888,,,,,,,
6335,,,,,,,,,,,,,,,0.0,1.0,,0.0,0.055000416934490204,0.9984686374664307,1.0079985857009888,,,,,,,
6336,,,,,,,,,,,,,,,0.0,1.0,,0.0,0.0663415715098381,0.9985820055007935,1.0079985857009888,,,,,,,
6337,,,,,,,,,,,,,,,0.0,1.0,,0.0,0.09316178411245346,0.9988502264022827,1.0079985857009888,,,,,,,
6338,,,,,,,,,,,,,,,0.0,1.0,,0.0,0.025903936475515366,0.9981776475906372,1.0079985857009888,,,,,,,
6339,,,,,,,,,,,,,,,0.0,1.0,,0.0,0.03557365760207176,0.9982743263244629,1.0079985857009888,,,,,,,
6340,,,,,,,,,,,,,,,0.0,1.0,,0.0,0.08695296198129654,0.9987881183624268,1.0079985857009888,,,,,,,
6341,,,,,,,,,,,,,,,0.0,1.0,,0.0,0.07158922404050827,0.9986345171928406,1.0079985857009888,,,,,,,
6342,,,,,,,,,,,,,,,0.0,1.0,,0.0,0.049402493983507156,0.9984126091003418,1.0079985857009888,,,,,,,
6343,,,,,,,,,,,,,,,0.0,1.0,,0.0,0.04568416252732277,0.9983754754066467,1.0079985857009888,,,,,,,
6344,,,,,,,,,,,,,,,0.0,1.0,,0.0,0.03048851154744625,0.9982234835624695,1.0079985857009888,,,,,,,
6345,,,,,,,,,,,,,,,0.0,1.0,,0.0,0.035525843501091,0.9982738494873047,1.0079985857009888,,,,,,,
6346,,,,,,,,,,,,,,,0.0,1.0,,0.0,0.03499266132712364,0.9982685446739197,1.0079985857009888,,,,,,,
6347,,,,,,,,,,,,,,,0.0,1.0,,0.0,0.03829280659556389,0.9983015060424805,1.0079985857009888,,,,,,,
6348,,,,,,,,,,,,,,,0.0,1.0,,0.0,0.07381950318813324,0.9986568093299866,1.0079985857009888,,,,,,,
6349,158.0,0.0372590646147728,,,,,,,,,,,,,0.0,1.0,0.0010000000474974513,0.0,0.0372590646147728,0.9982911944389343,1.0079985857009888,,0.0372590646147728,0.0372590646147728,0.016527535393834114,0.0372590646147728,0.0,0.0372590646147728
6350,,,,,,,,,,,,,,,0.0,1.0,,0.0,0.03630923107266426,0.998281717300415,1.0079985857009888,,,,,,,
6351,,,,,,,,,,,,,,,0.0,1.0,,0.0,0.061498191207647324,0.9985336065292358,1.0079985857009888,,,,,,,
6352,,,,,,,,,,,,,,,0.0,1.0,,0.0,0.07175072282552719,0.9986361265182495,1.0079985857009888,,,,,,,
6353,,,,,,,,,,,,,,,0.0,1.0,,0.0,0.02924479730427265,0.9982110261917114,1.0079985857009888,,,,,,,
6354,,,,,,,,,,,,,,,0.0,1.0,,0.0,0.035365030169487,0.9982722401618958,1.0079985857009888,,,,,,,
6355,,,,,,,,,,,,,,,0.0,1.0,,0.0,0.02796909585595131,0.9981982707977295,1.0079985857009888,,,,,,,
6356,,,,,,,,,,,,,,,0.0,1.0,,0.0,0.05883707478642464,0.9985069632530212,1.0079985857009888,,,,,,,
6357,,,,,,,,,,,,,,,0.0,1.0,,0.0,0.05814925953745842,0.9985001087188721,1.0079985857009888,,,,,,,
6358,,,,,,,,,,,,,,,0.0,1.0,,0.0,0.036709342151880264,0.998285710811615,1.0079985857009888,,,,,,,
6359,158.0,0.5471616387367249,,0.2159929871559143,0.5471616387367249,0.0,0.5471616387367249,2.5459258556365967,0.25930923223495483,5.704638957977295,7.356503963470459,0.9773355722427368,0.9739981293678284,0.8648176193237305,0.0,1.0,,0.0,0.08452829718589783,0.9987638592720032,1.0079985857009888,0.04926376789808273,,,,,,
6360,,,,,,,,,,,,,,,0.0,1.0,,0.0,0.032595496624708176,0.99824458360672,1.0079985857009888,,,,,,,
6361,,,,,,,,,,,,,,,0.0,1.0,,0.0,0.03375212848186493,0.9982561469078064,1.0079985857009888,,,,,,,
6362,,,,,,,,,,,,,,,0.0,1.0,,0.0,0.029893698170781136,0.9982175230979919,1.0079985857009888,,,,,,,
6363,,,,,,,,,,,,,,,0.0,1.0,,0.0,0.04831213131546974,0.9984017014503479,1.0079985857009888,,,,,,,
6364,,,,,,,,,,,,,,,0.0,1.0,,0.0,0.03795843943953514,0.998298168182373,1.0079985857009888,,,,,,,
6365,,,,,,,,,,,,,,,0.0,1.0,,0.0,0.03824564069509506,0.998301088809967,1.0079985857009888,,,,,,,
6366,,,,,,,,,,,,,,,0.0,1.0,,0.0,0.03370017930865288,0.9982556104660034,1.0079985857009888,,,,,,,
6367,,,,,,,,,,,,,,,0.0,1.0,,0.0,0.02260744385421276,0.9981446862220764,1.0079985857009888,,,,,,,
6368,,,,,,,,,,,,,,,0.0,1.0,,0.0,0.046468302607536316,0.9983832836151123,1.0079985857009888,,,,,,,
6369,,,,,,,,,,,,,,,0.0,1.0,,0.0,0.02841889299452305,0.9982028007507324,1.0079985857009888,,,,,,,
6370,,,,,,,,,,,,,,,0.0,1.0,,0.0,0.06382129341363907,0.9985567927360535,1.0079985857009888,,,,,,,
6371,,,,,,,,,,,,,,,0.0,1.0,,0.0,0.044519923627376556,0.9983637928962708,1.0079985857009888,,,,,,,
6372,,,,,,,,,,,,,,,0.0,1.0,,0.0,0.03268224745988846,0.9982454180717468,1.0079985857009888,,,,,,,
6373,,,,,,,,,,,,,,,0.0,1.0,,0.0,0.027193013578653336,0.9981905221939087,1.0079985857009888,,,,,,,
6374,,,,,,,,,,,,,,,0.0,1.0,,0.0,0.07659893482923508,0.9986845850944519,1.0079985857009888,,,,,,,
6375,,,,,,,,,,,,,,,0.0,1.0,,0.0,0.050148751586675644,0.9984201192855835,1.0079985857009888,,,,,,,
6376,,,,,,,,,,,,,,,0.0,1.0,,0.0,0.03627506643533707,0.9982813596725464,1.0079985857009888,,,,,,,
6377,,,,,,,,,,,,,,,0.0,1.0,,0.0,0.031061233952641487,0.9982292056083679,1.0079985857009888,,,,,,,
6378,,,,,,,,,,,,,,,0.0,1.0,,0.0,0.06284654140472412,0.9985470771789551,1.0079985857009888,,,,,,,
6379,,,,,,,,,,,,,,,0.0,1.0,,0.0,0.028717566281557083,0.9982057809829712,1.0079985857009888,,,,,,,
6380,,,,,,,,,,,,,,,0.0,1.0,,0.0,0.05307183042168617,0.9984493255615234,1.0079985857009888,,,,,,,
6381,,,,,,,,,,,,,,,0.0,1.0,,0.0,0.04266812652349472,0.9983453154563904,1.0079985857009888,,,,,,,
6382,,,,,,,,,,,,,,,0.0,1.0,,0.0,0.025544006377458572,0.9981740713119507,1.0079985857009888,,,,,,,
6383,,,,,,,,,,,,,,,0.0,1.0,,0.0,0.05797291919589043,0.9984983205795288,1.0079985857009888,,,,,,,
6384,,,,,,,,,,,,,,,0.0,1.0,,0.0,0.031217044219374657,0.9982307553291321,1.0079985857009888,,,,,,,
6385,,,,,,,,,,,,,,,0.0,1.0,,0.0,0.07339092344045639,0.9986525177955627,1.0079985857009888,,,,,,,
6386,,,,,,,,,,,,,,,0.0,1.0,,0.0,0.04673980921506882,0.998386025428772,1.0079985857009888,,,,,,,
6387,,,,,,,,,,,,,,,0.0,1.0,,0.0,0.029270073398947716,0.9982113242149353,1.0079985857009888,,,,,,,
6388,,,,,,,,,,,,,,,0.0,1.0,,0.0,0.0472213551402092,0.998390793800354,1.0079985857009888,,,,,,,
6389,,,,,,,,,,,,,,,0.0,1.0,,0.0,0.03078513965010643,0.9982264637947083,1.0079985857009888,,,,,,,
6390,,,,,,,,,,,,,,,0.0,1.0,,0.0,0.06455352157354355,0.9985641241073608,1.0079985857009888,,,,,,,
6391,,,,,,,,,,,,,,,0.0,1.0,,0.0,0.036100659519433975,0.9982796311378479,1.0079985857009888,,,,,,,
6392,,,,,,,,,,,,,,,0.0,1.0,,0.0,0.044858045876026154,0.998367190361023,1.0079985857009888,,,,,,,
6393,,,,,,,,,,,,,,,0.0,1.0,,0.0,0.04016012325882912,0.9983202219009399,1.0079985857009888,,,,,,,
6394,,,,,,,,,,,,,,,0.0,1.0,,0.0,0.044491492211818695,0.9983634948730469,1.0079985857009888,,,,,,,
6395,,,,,,,,,,,,,,,0.0,1.0,,0.0,0.03878685459494591,0.9983064532279968,1.0079985857009888,,,,,,,
6396,,,,,,,,,,,,,,,0.0,1.0,,0.0,0.043702248483896255,0.9983556270599365,1.0079985857009888,,,,,,,
6397,,,,,,,,,,,,,,,0.0,1.0,,0.0,0.030796244740486145,0.9982265830039978,1.0079985857009888,,,,,,,
6398,,,,,,,,,,,,,,,0.0,1.0,,0.0,0.04635249823331833,0.9983821511268616,1.0079985857009888,,,,,,,
6399,159.0,0.1232074722647667,,0.05977167561650276,0.1232074722647667,0.0,0.1232074722647667,2.0581424236297607,0.17391765117645264,4.2996039390563965,5.567784309387207,0.9781972169876099,0.9754782915115356,0.6058530211448669,0.0,1.0,0.0010000000474974513,0.0,0.04584904760122299,0.9983770847320557,1.0079985857009888,0.04442065581679344,0.04584904760122299,0.04584904760122299,0.016966622322797775,0.04584904760122299,0.0,0.04584904760122299
6400,,,,,,,,,,,,,,,0.0,1.0,,0.0,0.02830871380865574,0.9982016682624817,1.0079985857009888,,,,,,,
6401,,,,,,,,,,,,,,,0.0,1.0,,0.0,0.043842993676662445,0.9983570575714111,1.0079985857009888,,,,,,,
6402,,,,,,,,,,,,,,,0.0,1.0,,0.0,0.05129219591617584,0.9984315037727356,1.0079985857009888,,,,,,,
6403,,,,,,,,,,,,,,,0.0,1.0,,0.0,0.03927943855524063,0.9983114004135132,1.0079985857009888,,,,,,,
6404,,,,,,,,,,,,,,,0.0,1.0,,0.0,0.050715528428554535,0.9984257817268372,1.0079985857009888,,,,,,,
6405,,,,,,,,,,,,,,,0.0,1.0,,0.0,0.04160688444972038,0.9983346462249756,1.0079985857009888,,,,,,,
6406,,,,,,,,,,,,,,,0.0,1.0,,0.0,0.030402017757296562,0.9982226490974426,1.0079985857009888,,,,,,,
6407,,,,,,,,,,,,,,,0.0,1.0,,0.0,0.08094687759876251,0.9987280964851379,1.0079985857009888,,,,,,,
6408,,,,,,,,,,,,,,,0.0,1.0,,0.0,0.04015479236841202,0.9983201622962952,1.0079985857009888,,,,,,,
6409,,,,,,,,,,,,,,,0.0,1.0,,0.0,0.032528355717659,0.9982438683509827,1.0079985857009888,,,,,,,
6410,,,,,,,,,,,,,,,0.0,1.0,,0.0,0.020281396806240082,0.998121440410614,1.0079985857009888,,,,,,,
6411,,,,,,,,,,,,,,,0.0,1.0,,0.0,0.03543051332235336,0.9982728958129883,1.0079985857009888,,,,,,,
6412,,,,,,,,,,,,,,,0.0,1.0,,0.0,0.04386097565293312,0.9983572363853455,1.0079985857009888,,,,,,,
6413,,,,,,,,,,,,,,,0.0,1.0,,0.0,0.038978882133960724,0.9983084201812744,1.0079985857009888,,,,,,,
6414,,,,,,,,,,,,,,,0.0,1.0,,0.0,0.02384156733751297,0.9981570243835449,1.0079985857009888,,,,,,,
6415,,,,,,,,,,,,,,,0.0,1.0,,0.0,0.042458824813365936,0.9983431696891785,1.0079985857009888,,,,,,,
6416,,,,,,,,,,,,,,,0.0,1.0,,0.0,0.053472522646188736,0.9984533190727234,1.0079985857009888,,,,,,,
6417,,,,,,,,,,,,,,,0.0,1.0,,0.0,0.05166355147957802,0.9984352588653564,1.0079985857009888,,,,,,,
6418,,,,,,,,,,,,,,,0.0,1.0,,0.0,0.033124979585409164,0.9982498288154602,1.0079985857009888,,,,,,,
6419,,,,,,,,,,,,,,,0.0,1.0,,0.0,0.03950624540448189,0.9983136653900146,1.0079985857009888,,,,,,,
6420,,,,,,,,,,,,,,,0.0,1.0,,0.0,0.02477664314210415,0.9981663823127747,1.0079985857009888,,,,,,,
6421,,,,,,,,,,,,,,,0.0,1.0,,0.0,0.06379026174545288,0.9985564947128296,1.0079985857009888,,,,,,,
6422,,,,,,,,,,,,,,,0.0,1.0,,0.0,0.0336315743625164,0.9982548952102661,1.0079985857009888,,,,,,,
6423,,,,,,,,,,,,,,,0.0,1.0,,0.0,0.03482096269726753,0.9982668161392212,1.0079985857009888,,,,,,,
6424,,,,,,,,,,,,,,,0.0,1.0,,0.0,0.034994956105947495,0.9982685446739197,1.0079985857009888,,,,,,,
6425,,,,,,,,,,,,,,,0.0,1.0,,0.0,0.03050483763217926,0.9982236623764038,1.0079985857009888,,,,,,,
6426,,,,,,,,,,,,,,,0.0,1.0,,0.0,0.03557531535625458,0.9982743859291077,1.0079985857009888,,,,,,,
6427,,,,,,,,,,,,,,,0.0,1.0,,0.0,0.028917774558067322,0.9982078075408936,1.0079985857009888,,,,,,,
6428,,,,,,,,,,,,,,,0.0,1.0,,0.0,0.028349516913294792,0.9982020854949951,1.0079985857009888,,,,,,,
6429,,,,,,,,,,,,,,,0.0,1.0,,0.0,0.03370065242052078,0.9982556104660034,1.0079985857009888,,,,,,,
6430,,,,,,,,,,,,,,,0.0,1.0,,0.0,0.04720591381192207,0.9983906745910645,1.0079985857009888,,,,,,,
6431,,,,,,,,,,,,,,,0.0,1.0,,0.0,0.03854050859808922,0.998304009437561,1.0079985857009888,,,,,,,
6432,,,,,,,,,,,,,,,0.0,1.0,,0.0,0.10192517936229706,0.9989378452301025,1.0079985857009888,,,,,,,
6433,,,,,,,,,,,,,,,0.0,1.0,,0.0,0.03712427616119385,0.9982898235321045,1.0079985857009888,,,,,,,
6434,,,,,,,,,,,,,,,0.0,1.0,,0.0,0.03834278881549835,0.9983020424842834,1.0079985857009888,,,,,,,
6435,,,,,,,,,,,,,,,0.0,1.0,,0.0,0.04305306077003479,0.998349130153656,1.0079985857009888,,,,,,,
6436,,,,,,,,,,,,,,,0.0,1.0,,0.0,0.059044111520051956,0.9985090494155884,1.0079985857009888,,,,,,,
6437,,,,,,,,,,,,,,,0.0,1.0,,0.0,0.038189031183719635,0.9983004927635193,1.0079985857009888,,,,,,,
6438,,,,,,,,,,,,,,,0.0,1.0,,0.0,0.06172952800989151,0.9985358715057373,1.0079985857009888,,,,,,,
6439,160.0,0.13132239878177643,,0.062467124313116074,0.13132239878177643,0.0,0.13132239878177643,2.1090598106384277,0.1773196905851364,4.495330333709717,5.810583591461182,0.9778773784637451,0.9750826358795166,0.6131026744842529,0.0,1.0,,0.0,0.021512484177947044,0.9981337189674377,1.0079985857009888,0.043149229139089584,,,,,,
6440,,,,,,,,,,,,,,,0.0,1.0,,0.0,0.049450941383838654,0.9984130859375,1.0079985857009888,,,,,,,
6441,,,,,,,,,,,,,,,0.0,1.0,,0.0,0.04945271089673042,0.9984131455421448,1.0079985857009888,,,,,,,
6442,,,,,,,,,,,,,,,0.0,1.0,,0.0,0.03557044640183449,0.9982743263244629,1.0079985857009888,,,,,,,
6443,,,,,,,,,,,,,,,0.0,1.0,,0.0,0.024431077763438225,0.9981629252433777,1.0079985857009888,,,,,,,
6444,,,,,,,,,,,,,,,0.0,1.0,,0.0,0.03439924493432045,0.9982625842094421,1.0079985857009888,,,,,,,
6445,,,,,,,,,,,,,,,0.0,1.0,,0.0,0.06089453026652336,0.9985275268554688,1.0079985857009888,,,,,,,
6446,,,,,,,,,,,,,,,0.0,1.0,,0.0,0.03903140127658844,0.9983088970184326,1.0079985857009888,,,,,,,
6447,,,,,,,,,,,,,,,0.0,1.0,,0.0,0.06360512971878052,0.9985546469688416,1.0079985857009888,,,,,,,
6448,,,,,,,,,,,,,,,0.0,1.0,,0.0,0.021767646074295044,0.9981362819671631,1.0079985857009888,,,,,,,
6449,161.0,0.07000639289617538,,,,,,,,,,,,,0.0,1.0,0.0010000000474974513,0.0,0.07000639289617538,0.9986186623573303,1.0079985857009888,,0.07000639289617538,0.07000639289617538,0.026451081037521362,0.07000639289617538,0.0,0.07000639289617538
6450,,,,,,,,,,,,,,,0.0,1.0,,0.0,0.04207029938697815,0.9983392953872681,1.0079985857009888,,,,,,,
6451,,,,,,,,,,,,,,,0.0,1.0,,0.0,0.03237724304199219,0.9982423782348633,1.0079985857009888,,,,,,,
6452,,,,,,,,,,,,,,,0.0,1.0,,0.0,0.03473633527755737,0.9982659816741943,1.0079985857009888,,,,,,,
6453,,,,,,,,,,,,,,,0.0,1.0,,0.0,0.06523092836141586,0.9985709190368652,1.0079985857009888,,,,,,,
6454,,,,,,,,,,,,,,,0.0,1.0,,0.0,0.0471271388232708,0.9983898997306824,1.0079985857009888,,,,,,,
6455,,,,,,,,,,,,,,,0.0,1.0,,0.0,0.09207671135663986,0.9988393783569336,1.0079985857009888,,,,,,,
6456,,,,,,,,,,,,,,,0.0,1.0,,0.0,0.030827175825834274,0.9982268810272217,1.0079985857009888,,,,,,,
6457,,,,,,,,,,,,,,,0.0,1.0,,0.0,0.05219162628054619,0.9984405040740967,1.0079985857009888,,,,,,,
6458,,,,,,,,,,,,,,,0.0,1.0,,0.0,0.030735908076167107,0.99822598695755,1.0079985857009888,,,,,,,
6459,,,,,,,,,,,,,,,0.0,1.0,,0.0,0.065027616918087,0.9985688924789429,1.0079985857009888,,,,,,,
6460,,,,,,,,,,,,,,,0.0,1.0,,0.0,0.04379426687955856,0.9983565211296082,1.0079985857009888,,,,,,,
6461,,,,,,,,,,,,,,,0.0,1.0,,0.0,0.034729648381471634,0.9982659220695496,1.0079985857009888,,,,,,,
6462,,,,,,,,,,,,,,,0.0,1.0,,0.0,0.04328736290335655,0.9983514547348022,1.0079985857009888,,,,,,,
6463,,,,,,,,,,,,,,,0.0,1.0,,0.0,0.056189555674791336,0.998480498790741,1.0079985857009888,,,,,,,
6464,,,,,,,,,,,,,,,0.0,1.0,,0.0,0.050471868366003036,0.9984233379364014,1.0079985857009888,,,,,,,
6465,,,,,,,,,,,,,,,0.0,1.0,,0.0,0.061903826892375946,0.9985376596450806,1.0079985857009888,,,,,,,
6466,,,,,,,,,,,,,,,0.0,1.0,,0.0,0.03152013197541237,0.9982337951660156,1.0079985857009888,,,,,,,
6467,,,,,,,,,,,,,,,0.0,1.0,,0.0,0.025861984118819237,0.9981772303581238,1.0079985857009888,,,,,,,
6468,,,,,,,,,,,,,,,0.0,1.0,,0.0,0.0317283570766449,0.9982358813285828,1.0079985857009888,,,,,,,
6469,,,,,,,,,,,,,,,0.0,1.0,,0.0,0.026433533057570457,0.9981829524040222,1.0079985857009888,,,,,,,
6470,,,,,,,,,,,,,,,0.0,1.0,,0.0,0.06130874156951904,0.998531699180603,1.0079985857009888,,,,,,,
6471,,,,,,,,,,,,,,,0.0,1.0,,0.0,0.04814239963889122,0.9984000325202942,1.0079985857009888,,,,,,,
6472,,,,,,,,,,,,,,,0.0,1.0,,0.0,0.0382358655333519,0.9983009696006775,1.0079985857009888,,,,,,,
6473,,,,,,,,,,,,,,,0.0,1.0,,0.0,0.026761185377836227,0.9981862306594849,1.0079985857009888,,,,,,,
6474,,,,,,,,,,,,,,,0.0,1.0,,0.0,0.06004585698246956,0.9985190629959106,1.0079985857009888,,,,,,,
6475,,,,,,,,,,,,,,,0.0,1.0,,0.0,0.05674339458346367,0.9984860420227051,1.0079985857009888,,,,,,,
6476,,,,,,,,,,,,,,,0.0,1.0,,0.0,0.03889242932200432,0.9983075261116028,1.0079985857009888,,,,,,,
6477,,,,,,,,,,,,,,,0.0,1.0,,0.0,0.039886943995952606,0.9983174800872803,1.0079985857009888,,,,,,,
6478,,,,,,,,,,,,,,,0.0,1.0,,0.0,0.04710104316473007,0.9983896017074585,1.0079985857009888,,,,,,,
6479,161.0,0.17280539870262146,,0.07543249428272247,0.17280539870262146,0.0,0.17280539870262146,1.8751463890075684,0.16444586217403412,3.9084861278533936,5.150456428527832,0.9793179035186768,0.9769912958145142,0.6694793105125427,0.0,1.0,,0.0,0.0661950558423996,0.9985805749893188,1.0079985857009888,0.044838376343250275,,,,,,
6480,,,,,,,,,,,,,,,0.0,1.0,,0.0,0.024318981915712357,0.998161792755127,1.0079985857009888,,,,,,,
6481,,,,,,,,,,,,,,,0.0,1.0,,0.0,0.030863620340824127,0.9982272386550903,1.0079985857009888,,,,,,,
6482,,,,,,,,,,,,,,,0.0,1.0,,0.0,0.038683515042066574,0.9983054399490356,1.0079985857009888,,,,,,,
6483,,,,,,,,,,,,,,,0.0,1.0,,0.0,0.04548588767647743,0.9983734488487244,1.0079985857009888,,,,,,,
6484,,,,,,,,,,,,,,,0.0,1.0,,0.0,0.02227754332125187,0.9981414079666138,1.0079985857009888,,,,,,,
6485,,,,,,,,,,,,,,,0.0,1.0,,0.0,0.053491007536649704,0.9984534978866577,1.0079985857009888,,,,,,,
6486,,,,,,,,,,,,,,,0.0,1.0,,0.0,0.04011562466621399,0.9983197450637817,1.0079985857009888,,,,,,,
6487,,,,,,,,,,,,,,,0.0,1.0,,0.0,0.04082956910133362,0.9983268976211548,1.0079985857009888,,,,,,,
6488,,,,,,,,,,,,,,,0.0,1.0,,0.0,0.10787036269903183,0.9989973306655884,1.0079985857009888,,,,,,,
6489,,,,,,,,,,,,,,,0.0,1.0,,0.0,0.07620540261268616,0.9986806511878967,1.0079985857009888,,,,,,,
6490,,,,,,,,,,,,,,,0.0,1.0,,0.0,0.025953931733965874,0.9981781244277954,1.0079985857009888,,,,,,,
6491,,,,,,,,,,,,,,,0.0,1.0,,0.0,0.043706152588129044,0.9983556866645813,1.0079985857009888,,,,,,,
6492,,,,,,,,,,,,,,,0.0,1.0,,0.0,0.022622961550951004,0.9981448650360107,1.0079985857009888,,,,,,,
6493,,,,,,,,,,,,,,,0.0,1.0,,0.0,0.04009150713682175,0.9983195066452026,1.0079985857009888,,,,,,,
6494,,,,,,,,,,,,,,,0.0,1.0,,0.0,0.028514055535197258,0.9982037544250488,1.0079985857009888,,,,,,,
6495,,,,,,,,,,,,,,,0.0,1.0,,0.0,0.04746558889746666,0.9983932375907898,1.0079985857009888,,,,,,,
6496,,,,,,,,,,,,,,,0.0,1.0,,0.0,0.028142264112830162,0.998199999332428,1.0079985857009888,,,,,,,
6497,,,,,,,,,,,,,,,0.0,1.0,,0.0,0.035810686647892,0.9982767105102539,1.0079985857009888,,,,,,,
6498,,,,,,,,,,,,,,,0.0,1.0,,0.0,0.023949790745973587,0.9981580972671509,1.0079985857009888,,,,,,,
6499,162.0,0.03773624449968338,,,,,,,,,,,,,0.0,1.0,0.0010000000474974513,0.0,0.03773624449968338,0.9982959628105164,1.0079985857009888,,0.03773624449968338,0.03773624449968338,0.02125810831785202,0.03773624449968338,0.0,0.03773624449968338
6500,,,,,,,,,,,,,,,0.0,1.0,,0.0,0.031823500990867615,0.9982368350028992,1.0079985857009888,,,,,,,
6501,,,,,,,,,,,,,,,0.0,1.0,,0.0,0.025753958150744438,0.9981761574745178,1.0079985857009888,,,,,,,
6502,,,,,,,,,,,,,,,0.0,1.0,,0.0,0.034094542264938354,0.9982595443725586,1.0079985857009888,,,,,,,
6503,,,,,,,,,,,,,,,0.0,1.0,,0.0,0.0375867635011673,0.998294472694397,1.0079985857009888,,,,,,,
6504,,,,,,,,,,,,,,,0.0,1.0,,0.0,0.05084903910756111,0.9984270930290222,1.0079985857009888,,,,,,,
6505,,,,,,,,,,,,,,,0.0,1.0,,0.0,0.026470458135008812,0.9981833100318909,1.0079985857009888,,,,,,,
6506,,,,,,,,,,,,,,,0.0,1.0,,0.0,0.029857618734240532,0.9982171654701233,1.0079985857009888,,,,,,,
6507,,,,,,,,,,,,,,,0.0,1.0,,0.0,0.03891078755259514,0.9983077049255371,1.0079985857009888,,,,,,,
6508,,,,,,,,,,,,,,,0.0,1.0,,0.0,0.09213604032993317,0.9988399744033813,1.0079985857009888,,,,,,,
6509,,,,,,,,,,,,,,,0.0,1.0,,0.0,0.051058001816272736,0.9984291791915894,1.0079985857009888,,,,,,,
6510,,,,,,,,,,,,,,,0.0,1.0,,0.0,0.030567318201065063,0.9982242584228516,1.0079985857009888,,,,,,,
6511,,,,,,,,,,,,,,,0.0,1.0,,0.0,0.026398569345474243,0.9981825947761536,1.0079985857009888,,,,,,,
6512,,,,,,,,,,,,,,,0.0,1.0,,0.0,0.04752456024289131,0.9983938336372375,1.0079985857009888,,,,,,,
6513,,,,,,,,,,,,,,,0.0,1.0,,0.0,0.07748522609472275,0.9986934661865234,1.0079985857009888,,,,,,,
6514,,,,,,,,,,,,,,,0.0,1.0,,0.0,0.0286855548620224,0.9982054829597473,1.0079985857009888,,,,,,,
6515,,,,,,,,,,,,,,,0.0,1.0,,0.0,0.050094131380319595,0.9984195232391357,1.0079985857009888,,,,,,,
6516,,,,,,,,,,,,,,,0.0,1.0,,0.0,0.04173295944929123,0.9983359575271606,1.0079985857009888,,,,,,,
6517,,,,,,,,,,,,,,,0.0,1.0,,0.0,0.10430401563644409,0.9989616274833679,1.0079985857009888,,,,,,,
6518,,,,,,,,,,,,,,,0.0,1.0,,0.0,0.03617699816823006,0.9982803463935852,1.0079985857009888,,,,,,,
6519,162.0,0.12611497938632965,,0.058926772326231,0.12611497938632965,0.0,0.12611497938632965,1.913402795791626,0.1635926216840744,4.018214225769043,5.228025436401367,0.9790241718292236,0.9766300320625305,0.6601734161376953,0.0,1.0,,0.0,0.0746377632021904,0.9986649751663208,1.0079985857009888,0.044650688767433167,,,,,,
6520,,,,,,,,,,,,,,,0.0,1.0,,0.0,0.047098368406295776,0.9983896017074585,1.0079985857009888,,,,,,,
6521,,,,,,,,,,,,,,,0.0,1.0,,0.0,0.05988374724984169,0.9985174536705017,1.0079985857009888,,,,,,,
6522,,,,,,,,,,,,,,,0.0,1.0,,0.0,0.03483646363019943,0.9982669949531555,1.0079985857009888,,,,,,,
6523,,,,,,,,,,,,,,,0.0,1.0,,0.0,0.04333142936229706,0.9983519315719604,1.0079985857009888,,,,,,,
6524,,,,,,,,,,,,,,,0.0,1.0,,0.0,0.04484130069613457,0.9983670115470886,1.0079985857009888,,,,,,,
6525,,,,,,,,,,,,,,,0.0,1.0,,0.0,0.05635087192058563,0.9984821081161499,1.0079985857009888,,,,,,,
6526,,,,,,,,,,,,,,,0.0,1.0,,0.0,0.05078992247581482,0.9984264969825745,1.0079985857009888,,,,,,,
6527,,,,,,,,,,,,,,,0.0,1.0,,0.0,0.07109586894512177,0.9986295700073242,1.0079985857009888,,,,,,,
6528,,,,,,,,,,,,,,,0.0,1.0,,0.0,0.03663276880979538,0.9982849359512329,1.0079985857009888,,,,,,,
6529,,,,,,,,,,,,,,,0.0,1.0,,0.0,0.05408858880400658,0.99845951795578,1.0079985857009888,,,,,,,
6530,,,,,,,,,,,,,,,0.0,1.0,,0.0,0.03190529718995094,0.998237669467926,1.0079985857009888,,,,,,,
6531,,,,,,,,,,,,,,,0.0,1.0,,0.0,0.046492502093315125,0.9983835220336914,1.0079985857009888,,,,,,,
6532,,,,,,,,,,,,,,,0.0,1.0,,0.0,0.048673663288354874,0.9984053373336792,1.0079985857009888,,,,,,,
6533,,,,,,,,,,,,,,,0.0,1.0,,0.0,0.029395630583167076,0.9982125759124756,1.0079985857009888,,,,,,,
6534,,,,,,,,,,,,,,,0.0,1.0,,0.0,0.035985805094242096,0.9982784390449524,1.0079985857009888,,,,,,,
6535,,,,,,,,,,,,,,,0.0,1.0,,0.0,0.044161126017570496,0.9983602166175842,1.0079985857009888,,,,,,,
6536,,,,,,,,,,,,,,,0.0,1.0,,0.0,0.05032229423522949,0.998421847820282,1.0079985857009888,,,,,,,
6537,,,,,,,,,,,,,,,0.0,1.0,,0.0,0.02772359922528267,0.9981958270072937,1.0079985857009888,,,,,,,
6538,,,,,,,,,,,,,,,0.0,1.0,,0.0,0.06359221786260605,0.998554527759552,1.0079985857009888,,,,,,,
6539,,,,,,,,,,,,,,,0.0,1.0,,0.0,0.028185267001390457,0.9982004761695862,1.0079985857009888,,,,,,,
6540,,,,,,,,,,,,,,,0.0,1.0,,0.0,0.02765352465212345,0.9981951117515564,1.0079985857009888,,,,,,,
6541,,,,,,,,,,,,,,,0.0,1.0,,0.0,0.031555864959955215,0.9982341527938843,1.0079985857009888,,,,,,,
6542,,,,,,,,,,,,,,,0.0,1.0,,0.0,0.03398745134472847,0.9982584714889526,1.0079985857009888,,,,,,,
6543,,,,,,,,,,,,,,,0.0,1.0,,0.0,0.047936610877513885,0.998397946357727,1.0079985857009888,,,,,,,
6544,,,,,,,,,,,,,,,0.0,1.0,,0.0,0.02915322035551071,0.9982101321220398,1.0079985857009888,,,,,,,
6545,,,,,,,,,,,,,,,0.0,1.0,,0.0,0.024322468787431717,0.9981618523597717,1.0079985857009888,,,,,,,
6546,,,,,,,,,,,,,,,0.0,1.0,,0.0,0.025701016187667847,0.9981756210327148,1.0079985857009888,,,,,,,
6547,,,,,,,,,,,,,,,0.0,1.0,,0.0,0.04714738577604294,0.9983900785446167,1.0079985857009888,,,,,,,
6548,,,,,,,,,,,,,,,0.0,1.0,,0.0,0.03552180156111717,0.9982738494873047,1.0079985857009888,,,,,,,
6549,163.0,0.04422760382294655,,,,,,,,,,,,,0.0,1.0,0.0010000000474974513,0.0,0.04422760382294655,0.9983608722686768,1.0079985857009888,,0.04422760382294655,0.04422760382294655,0.017358042299747467,0.04422760382294655,0.0,0.04422760382294655
6550,,,,,,,,,,,,,,,0.0,1.0,,0.0,0.07036538422107697,0.9986222386360168,1.0079985857009888,,,,,,,
6551,,,,,,,,,,,,,,,0.0,1.0,,0.0,0.04080486297607422,0.9983266592025757,1.0079985857009888,,,,,,,
6552,,,,,,,,,,,,,,,0.0,1.0,,0.0,0.017859045416116714,0.9980971813201904,1.0079985857009888,,,,,,,
6553,,,,,,,,,,,,,,,0.0,1.0,,0.0,0.05647805333137512,0.9984833598136902,1.0079985857009888,,,,,,,
6554,,,,,,,,,,,,,,,0.0,1.0,,0.0,0.03057565540075302,0.9982243776321411,1.0079985857009888,,,,,,,
6555,,,,,,,,,,,,,,,0.0,1.0,,0.0,0.05599594488739967,0.9984785914421082,1.0079985857009888,,,,,,,
6556,,,,,,,,,,,,,,,0.0,1.0,,0.0,0.02251761592924595,0.9981437921524048,1.0079985857009888,,,,,,,
6557,,,,,,,,,,,,,,,0.0,1.0,,0.0,0.05351894348859787,0.9984537959098816,1.0079985857009888,,,,,,,
6558,,,,,,,,,,,,,,,0.0,1.0,,0.0,0.030532164499163628,0.9982239007949829,1.0079985857009888,,,,,,,
6559,163.0,0.16867776215076447,,0.07312477380037308,0.16867776215076447,0.0,0.16867776215076447,2.0134124755859375,0.17457951605319977,4.302362442016602,5.639822006225586,0.9790353775024414,0.9765079021453857,0.6656199097633362,0.0,1.0,,0.0,0.042399849742650986,0.9983426332473755,1.0079985857009888,0.0464043989777565,,,,,,
6560,,,,,,,,,,,,,,,0.0,1.0,,0.0,0.03221326321363449,0.9982407093048096,1.0079985857009888,,,,,,,
6561,,,,,,,,,,,,,,,0.0,1.0,,0.0,0.04680440202355385,0.9983866214752197,1.0079985857009888,,,,,,,
6562,,,,,,,,,,,,,,,0.0,1.0,,0.0,0.02586381509900093,0.9981772303581238,1.0079985857009888,,,,,,,
6563,,,,,,,,,,,,,,,0.0,1.0,,0.0,0.05634809657931328,0.9984821081161499,1.0079985857009888,,,,,,,
6564,,,,,,,,,,,,,,,0.0,1.0,,0.0,0.05183492973446846,0.9984369277954102,1.0079985857009888,,,,,,,
6565,,,,,,,,,,,,,,,0.0,1.0,,0.0,0.03214908763766289,0.9982401132583618,1.0079985857009888,,,,,,,
6566,,,,,,,,,,,,,,,0.0,1.0,,0.0,0.0390465185046196,0.9983090758323669,1.0079985857009888,,,,,,,
6567,,,,,,,,,,,,,,,0.0,1.0,,0.0,0.06764176487922668,0.9985949993133545,1.0079985857009888,,,,,,,
6568,,,,,,,,,,,,,,,0.0,1.0,,0.0,0.026450708508491516,0.9981831312179565,1.0079985857009888,,,,,,,
6569,,,,,,,,,,,,,,,0.0,1.0,,0.0,0.025305617600679398,0.9981716871261597,1.0079985857009888,,,,,,,
6570,,,,,,,,,,,,,,,0.0,1.0,,0.0,0.06823241710662842,0.998600959777832,1.0079985857009888,,,,,,,
6571,,,,,,,,,,,,,,,0.0,1.0,,0.0,0.05184917151927948,0.9984371066093445,1.0079985857009888,,,,,,,
6572,,,,,,,,,,,,,,,0.0,1.0,,0.0,0.03467078506946564,0.9982653260231018,1.0079985857009888,,,,,,,
6573,,,,,,,,,,,,,,,0.0,1.0,,0.0,0.046734679490327835,0.9983859658241272,1.0079985857009888,,,,,,,
6574,,,,,,,,,,,,,,,0.0,1.0,,0.0,0.05325258523225784,0.9984511137008667,1.0079985857009888,,,,,,,
6575,,,,,,,,,,,,,,,0.0,1.0,,0.0,0.033877674490213394,0.9982573986053467,1.0079985857009888,,,,,,,
6576,,,,,,,,,,,,,,,0.0,1.0,,0.0,0.03586962819099426,0.9982773065567017,1.0079985857009888,,,,,,,
6577,,,,,,,,,,,,,,,0.0,1.0,,0.0,0.02925056777894497,0.9982110857963562,1.0079985857009888,,,,,,,
6578,,,,,,,,,,,,,,,0.0,1.0,,0.0,0.03808295354247093,0.9982994198799133,1.0079985857009888,,,,,,,
6579,,,,,,,,,,,,,,,0.0,1.0,,0.0,0.022679243236780167,0.9981454014778137,1.0079985857009888,,,,,,,
6580,,,,,,,,,,,,,,,0.0,1.0,,0.0,0.04287189617753029,0.9983473420143127,1.0079985857009888,,,,,,,
6581,,,,,,,,,,,,,,,0.0,1.0,,0.0,0.03630870208144188,0.998281717300415,1.0079985857009888,,,,,,,
6582,,,,,,,,,,,,,,,0.0,1.0,,0.0,0.027038315311074257,0.9981889724731445,1.0079985857009888,,,,,,,
6583,,,,,,,,,,,,,,,0.0,1.0,,0.0,0.046905867755413055,0.9983876347541809,1.0079985857009888,,,,,,,
6584,,,,,,,,,,,,,,,0.0,1.0,,0.0,0.10446417331695557,0.9989632368087769,1.0079985857009888,,,,,,,
6585,,,,,,,,,,,,,,,0.0,1.0,,0.0,0.022781582549214363,0.9981464147567749,1.0079985857009888,,,,,,,
6586,,,,,,,,,,,,,,,0.0,1.0,,0.0,0.017870740965008736,0.99809730052948,1.0079985857009888,,,,,,,
6587,,,,,,,,,,,,,,,0.0,1.0,,0.0,0.03501596301794052,0.9982687830924988,1.0079985857009888,,,,,,,
6588,,,,,,,,,,,,,,,0.0,1.0,,0.0,0.024318985641002655,0.998161792755127,1.0079985857009888,,,,,,,
6589,,,,,,,,,,,,,,,0.0,1.0,,0.0,0.029593437910079956,0.9982145428657532,1.0079985857009888,,,,,,,
6590,,,,,,,,,,,,,,,0.0,1.0,,0.0,0.03899959474802017,0.9983085989952087,1.0079985857009888,,,,,,,
6591,,,,,,,,,,,,,,,0.0,1.0,,0.0,0.03273840621113777,0.9982460141181946,1.0079985857009888,,,,,,,
6592,,,,,,,,,,,,,,,0.0,1.0,,0.0,0.034700725227594376,0.9982656240463257,1.0079985857009888,,,,,,,
6593,,,,,,,,,,,,,,,0.0,1.0,,0.0,0.049089912325143814,0.9984095096588135,1.0079985857009888,,,,,,,
6594,,,,,,,,,,,,,,,0.0,1.0,,0.0,0.03794476389884949,0.9982980489730835,1.0079985857009888,,,,,,,
6595,,,,,,,,,,,,,,,0.0,1.0,,0.0,0.04091636463999748,0.9983277916908264,1.0079985857009888,,,,,,,
6596,,,,,,,,,,,,,,,0.0,1.0,,0.0,0.02854298986494541,0.9982040524482727,1.0079985857009888,,,,,,,
6597,,,,,,,,,,,,,,,0.0,1.0,,0.0,0.0270036943256855,0.9981886148452759,1.0079985857009888,,,,,,,
6598,,,,,,,,,,,,,,,0.0,1.0,,0.0,0.03401961550116539,0.9982588291168213,1.0079985857009888,,,,,,,
6599,164.0,0.21689821779727936,,0.09094832837581635,0.21689821779727936,0.0,0.21689821779727936,1.9384801387786865,0.17321059107780457,4.044379711151123,5.3954620361328125,0.9788004159927368,0.9763761758804321,0.6567057967185974,0.0,1.0,0.0010000000474974513,0.0,0.02470417693257332,0.9981656670570374,1.0079985857009888,0.03962205350399017,0.02470417693257332,0.02470417693257332,0.017628872767090797,0.02470417693257332,0.0,0.02470417693257332
6600,,,,,,,,,,,,,,,0.0,1.0,,0.0,0.03397251293063164,0.9982583522796631,1.0079985857009888,,,,,,,
6601,,,,,,,,,,,,,,,0.0,1.0,,0.0,0.06034884229302406,0.9985221028327942,1.0079985857009888,,,,,,,
6602,,,,,,,,,,,,,,,0.0,1.0,,0.0,0.023246854543685913,0.9981510639190674,1.0079985857009888,,,,,,,
6603,,,,,,,,,,,,,,,0.0,1.0,,0.0,0.025804752483963966,0.998176634311676,1.0079985857009888,,,,,,,
6604,,,,,,,,,,,,,,,0.0,1.0,,0.0,0.02918757125735283,0.9982104897499084,1.0079985857009888,,,,,,,
6605,,,,,,,,,,,,,,,0.0,1.0,,0.0,0.05607405677437782,0.9984793663024902,1.0079985857009888,,,,,,,
6606,,,,,,,,,,,,,,,0.0,1.0,,0.0,0.0733082965016365,0.9986516833305359,1.0079985857009888,,,,,,,
6607,,,,,,,,,,,,,,,0.0,1.0,,0.0,0.07194522023200989,0.9986380338668823,1.0079985857009888,,,,,,,
6608,,,,,,,,,,,,,,,0.0,1.0,,0.0,0.04134557768702507,0.9983320832252502,1.0079985857009888,,,,,,,
6609,,,,,,,,,,,,,,,0.0,1.0,,0.0,0.03137689828872681,0.998232364654541,1.0079985857009888,,,,,,,
6610,,,,,,,,,,,,,,,0.0,1.0,,0.0,0.04027227312326431,0.9983213543891907,1.0079985857009888,,,,,,,
6611,,,,,,,,,,,,,,,0.0,1.0,,0.0,0.041867803782224655,0.9983372688293457,1.0079985857009888,,,,,,,
6612,,,,,,,,,,,,,,,0.0,1.0,,0.0,0.03548545390367508,0.9982734322547913,1.0079985857009888,,,,,,,
6613,,,,,,,,,,,,,,,0.0,1.0,,0.0,0.03768308088183403,0.9982954263687134,1.0079985857009888,,,,,,,
6614,,,,,,,,,,,,,,,0.0,1.0,,0.0,0.03298523649573326,0.9982484579086304,1.0079985857009888,,,,,,,
6615,,,,,,,,,,,,,,,0.0,1.0,,0.0,0.030557747930288315,0.9982241988182068,1.0079985857009888,,,,,,,
6616,,,,,,,,,,,,,,,0.0,1.0,,0.0,0.05784542113542557,0.9984970688819885,1.0079985857009888,,,,,,,
6617,,,,,,,,,,,,,,,0.0,1.0,,0.0,0.02184842713177204,0.9981371164321899,1.0079985857009888,,,,,,,
6618,,,,,,,,,,,,,,,0.0,1.0,,0.0,0.019806135445833206,0.998116672039032,1.0079985857009888,,,,,,,
6619,,,,,,,,,,,,,,,0.0,1.0,,0.0,0.03263464942574501,0.9982449412345886,1.0079985857009888,,,,,,,
6620,,,,,,,,,,,,,,,0.0,1.0,,0.0,0.07207529991865158,0.9986393451690674,1.0079985857009888,,,,,,,
6621,,,,,,,,,,,,,,,0.0,1.0,,0.0,0.038106147199869156,0.9982996582984924,1.0079985857009888,,,,,,,
6622,,,,,,,,,,,,,,,0.0,1.0,,0.0,0.04734170809388161,0.9983920454978943,1.0079985857009888,,,,,,,
6623,,,,,,,,,,,,,,,0.0,1.0,,0.0,0.1332235038280487,0.9992508292198181,1.0079985857009888,,,,,,,
6624,,,,,,,,,,,,,,,0.0,1.0,,0.0,0.05973554030060768,0.9985159635543823,1.0079985857009888,,,,,,,
6625,,,,,,,,,,,,,,,0.0,1.0,,0.0,0.027005497366189957,0.9981886744499207,1.0079985857009888,,,,,,,
6626,,,,,,,,,,,,,,,0.0,1.0,,0.0,0.043671876192092896,0.9983553290367126,1.0079985857009888,,,,,,,
6627,,,,,,,,,,,,,,,0.0,1.0,,0.0,0.07099910080432892,0.9986286163330078,1.0079985857009888,,,,,,,
6628,,,,,,,,,,,,,,,0.0,1.0,,0.0,0.045266445726156235,0.9983712434768677,1.0079985857009888,,,,,,,
6629,,,,,,,,,,,,,,,0.0,1.0,,0.0,0.03716443106532097,0.9982902407646179,1.0079985857009888,,,,,,,
6630,,,,,,,,,,,,,,,0.0,1.0,,0.0,0.06342833489179611,0.9985529184341431,1.0079985857009888,,,,,,,
6631,,,,,,,,,,,,,,,0.0,1.0,,0.0,0.022961342707276344,0.9981482028961182,1.0079985857009888,,,,,,,
6632,,,,,,,,,,,,,,,0.0,1.0,,0.0,0.0315668061375618,0.9982342720031738,1.0079985857009888,,,,,,,
6633,,,,,,,,,,,,,,,0.0,1.0,,0.0,0.03330512344837189,0.9982516765594482,1.0079985857009888,,,,,,,
6634,,,,,,,,,,,,,,,0.0,1.0,,0.0,0.043572716414928436,0.9983543157577515,1.0079985857009888,,,,,,,
6635,,,,,,,,,,,,,,,0.0,1.0,,0.0,0.02572825364768505,0.998175859451294,1.0079985857009888,,,,,,,
6636,,,,,,,,,,,,,,,0.0,1.0,,0.0,0.07476720958948135,0.9986662864685059,1.0079985857009888,,,,,,,
6637,,,,,,,,,,,,,,,0.0,1.0,,0.0,0.038857944309711456,0.9983071684837341,1.0079985857009888,,,,,,,
6638,,,,,,,,,,,,,,,0.0,1.0,,0.0,0.033430080860853195,0.9982529282569885,1.0079985857009888,,,,,,,
6639,165.0,0.2659256160259247,,0.10890976339578629,0.2659256160259247,0.0,0.2659256160259247,2.002420425415039,0.18520234525203705,4.222886085510254,5.661061763763428,0.9794062972068787,0.9770979881286621,0.7840446829795837,0.0,1.0,,0.0,0.052647914737463,0.9984450936317444,1.0079985857009888,0.04485568404197693,,,,,,
6640,,,,,,,,,,,,,,,0.0,1.0,,0.0,0.030555550009012222,0.998224139213562,1.0079985857009888,,,,,,,
6641,,,,,,,,,,,,,,,0.0,1.0,,0.0,0.05149281397461891,0.998433530330658,1.0079985857009888,,,,,,,
6642,,,,,,,,,,,,,,,0.0,1.0,,0.0,0.02440791204571724,0.9981626868247986,1.0079985857009888,,,,,,,
6643,,,,,,,,,,,,,,,0.0,1.0,,0.0,0.03150305896997452,0.9982336163520813,1.0079985857009888,,,,,,,
6644,,,,,,,,,,,,,,,0.0,1.0,,0.0,0.03956100344657898,0.9983142018318176,1.0079985857009888,,,,,,,
6645,,,,,,,,,,,,,,,0.0,1.0,,0.0,0.04390178993344307,0.9983575940132141,1.0079985857009888,,,,,,,
6646,,,,,,,,,,,,,,,0.0,1.0,,0.0,0.05181529000401497,0.9984367489814758,1.0079985857009888,,,,,,,
6647,,,,,,,,,,,,,,,0.0,1.0,,0.0,0.024552129209041595,0.9981641173362732,1.0079985857009888,,,,,,,
6648,,,,,,,,,,,,,,,0.0,1.0,,0.0,0.02790386974811554,0.998197615146637,1.0079985857009888,,,,,,,
6649,166.0,0.02946256846189499,,,,,,,,,,,,,0.0,1.0,0.0010000000474974513,0.0,0.02946256846189499,0.9982132315635681,1.0079985857009888,,0.02946256846189499,0.02946256846189499,0.012550714425742626,0.02946256846189499,0.0,0.02946256846189499
6650,,,,,,,,,,,,,,,0.0,1.0,,0.0,0.023340491577982903,0.9981520175933838,1.0079985857009888,,,,,,,
6651,,,,,,,,,,,,,,,0.0,1.0,,0.0,0.06541081517934799,0.9985727071762085,1.0079985857009888,,,,,,,
6652,,,,,,,,,,,,,,,0.0,1.0,,0.0,0.027997538447380066,0.9981985688209534,1.0079985857009888,,,,,,,
6653,,,,,,,,,,,,,,,0.0,1.0,,0.0,0.04088573530316353,0.9983274340629578,1.0079985857009888,,,,,,,
6654,,,,,,,,,,,,,,,0.0,1.0,,0.0,0.07337814569473267,0.9986523985862732,1.0079985857009888,,,,,,,
6655,,,,,,,,,,,,,,,0.0,1.0,,0.0,0.029883213341236115,0.9982174634933472,1.0079985857009888,,,,,,,
6656,,,,,,,,,,,,,,,0.0,1.0,,0.0,0.046990230679512024,0.9983885288238525,1.0079985857009888,,,,,,,
6657,,,,,,,,,,,,,,,0.0,1.0,,0.0,0.03189094364643097,0.9982374906539917,1.0079985857009888,,,,,,,
6658,,,,,,,,,,,,,,,0.0,1.0,,0.0,0.032628078013658524,0.9982448816299438,1.0079985857009888,,,,,,,
6659,,,,,,,,,,,,,,,0.0,1.0,,0.0,0.03299877420067787,0.9982485771179199,1.0079985857009888,,,,,,,
6660,,,,,,,,,,,,,,,0.0,1.0,,0.0,0.034918129444122314,0.9982677698135376,1.0079985857009888,,,,,,,
6661,,,,,,,,,,,,,,,0.0,1.0,,0.0,0.034624215215444565,0.9982648491859436,1.0079985857009888,,,,,,,
6662,,,,,,,,,,,,,,,0.0,1.0,,0.0,0.059347305446863174,0.9985120892524719,1.0079985857009888,,,,,,,
6663,,,,,,,,,,,,,,,0.0,1.0,,0.0,0.03899744898080826,0.9983085989952087,1.0079985857009888,,,,,,,
6664,,,,,,,,,,,,,,,0.0,1.0,,0.0,0.039693236351013184,0.9983155131340027,1.0079985857009888,,,,,,,
6665,,,,,,,,,,,,,,,0.0,1.0,,0.0,0.06524213403463364,0.9985710382461548,1.0079985857009888,,,,,,,
6666,,,,,,,,,,,,,,,0.0,1.0,,0.0,0.028443368151783943,0.9982030391693115,1.0079985857009888,,,,,,,
6667,,,,,,,,,,,,,,,0.0,1.0,,0.0,0.02438613772392273,0.9981624484062195,1.0079985857009888,,,,,,,
6668,,,,,,,,,,,,,,,0.0,1.0,,0.0,0.023480070754885674,0.9981533885002136,1.0079985857009888,,,,,,,
6669,,,,,,,,,,,,,,,0.0,1.0,,0.0,0.08083285391330719,0.9987269639968872,1.0079985857009888,,,,,,,
6670,,,,,,,,,,,,,,,0.0,1.0,,0.0,0.023754408583045006,0.9981561303138733,1.0079985857009888,,,,,,,
6671,,,,,,,,,,,,,,,0.0,1.0,,0.0,0.029707826673984528,0.9982156753540039,1.0079985857009888,,,,,,,
6672,,,,,,,,,,,,,,,0.0,1.0,,0.0,0.04407439008355141,0.9983593225479126,1.0079985857009888,,,,,,,
6673,,,,,,,,,,,,,,,0.0,1.0,,0.0,0.035792913287878036,0.9982765316963196,1.0079985857009888,,,,,,,
6674,,,,,,,,,,,,,,,0.0,1.0,,0.0,0.029747020453214645,0.9982160925865173,1.0079985857009888,,,,,,,
6675,,,,,,,,,,,,,,,0.0,1.0,,0.0,0.02455039694905281,0.9981641173362732,1.0079985857009888,,,,,,,
6676,,,,,,,,,,,,,,,0.0,1.0,,0.0,0.08095081150531769,0.9987280964851379,1.0079985857009888,,,,,,,
6677,,,,,,,,,,,,,,,0.0,1.0,,0.0,0.028615476563572884,0.99820476770401,1.0079985857009888,,,,,,,
6678,,,,,,,,,,,,,,,0.0,1.0,,0.0,0.0463792122900486,0.9983823895454407,1.0079985857009888,,,,,,,
6679,166.0,0.3001675009727478,,0.1212020143866539,0.3001675009727478,0.0,0.3001675009727478,2.0309810638427734,0.1916314661502838,4.3167595863342285,5.76463508605957,0.9825066924095154,0.9799850583076477,0.5637295842170715,0.0,1.0,,0.0,0.04682018980383873,0.998386800289154,1.0079985857009888,0.04064960032701492,,,,,,
6680,,,,,,,,,,,,,,,0.0,1.0,,0.0,0.06745409220457077,0.9985931515693665,1.0079985857009888,,,,,,,
6681,,,,,,,,,,,,,,,0.0,1.0,,0.0,0.11359184235334396,0.9990545511245728,1.0079985857009888,,,,,,,
6682,,,,,,,,,,,,,,,0.0,1.0,,0.0,0.027358485385775566,0.9981921911239624,1.0079985857009888,,,,,,,
6683,,,,,,,,,,,,,,,0.0,1.0,,0.0,0.056157469749450684,0.9984802007675171,1.0079985857009888,,,,,,,
6684,,,,,,,,,,,,,,,0.0,1.0,,0.0,0.03713207691907883,0.998289942741394,1.0079985857009888,,,,,,,
6685,,,,,,,,,,,,,,,0.0,1.0,,0.0,0.06182439625263214,0.9985368251800537,1.0079985857009888,,,,,,,
6686,,,,,,,,,,,,,,,0.0,1.0,,0.0,0.04732344299554825,0.99839186668396,1.0079985857009888,,,,,,,
6687,,,,,,,,,,,,,,,0.0,1.0,,0.0,0.04630640149116516,0.9983816742897034,1.0079985857009888,,,,,,,
6688,,,,,,,,,,,,,,,0.0,1.0,,0.0,0.05360453948378563,0.9984546303749084,1.0079985857009888,,,,,,,
6689,,,,,,,,,,,,,,,0.0,1.0,,0.0,0.05229286476969719,0.9984415173530579,1.0079985857009888,,,,,,,
6690,,,,,,,,,,,,,,,0.0,1.0,,0.0,0.0385163240134716,0.9983037710189819,1.0079985857009888,,,,,,,
6691,,,,,,,,,,,,,,,0.0,1.0,,0.0,0.024957651272416115,0.9981681704521179,1.0079985857009888,,,,,,,
6692,,,,,,,,,,,,,,,0.0,1.0,,0.0,0.033032529056072235,0.9982489347457886,1.0079985857009888,,,,,,,
6693,,,,,,,,,,,,,,,0.0,1.0,,0.0,0.02989272028207779,0.9982175230979919,1.0079985857009888,,,,,,,
6694,,,,,,,,,,,,,,,0.0,1.0,,0.0,0.02847841940820217,0.9982033967971802,1.0079985857009888,,,,,,,
6695,,,,,,,,,,,,,,,0.0,1.0,,0.0,0.031107105314731598,0.9982296824455261,1.0079985857009888,,,,,,,
6696,,,,,,,,,,,,,,,0.0,1.0,,0.0,0.035709068179130554,0.9982756972312927,1.0079985857009888,,,,,,,
6697,,,,,,,,,,,,,,,0.0,1.0,,0.0,0.052165016531944275,0.9984402656555176,1.0079985857009888,,,,,,,
6698,,,,,,,,,,,,,,,0.0,1.0,,0.0,0.08148013800382614,0.998733401298523,1.0079985857009888,,,,,,,
6699,167.0,0.073945552110672,,,,,,,,,,,,,0.0,1.0,0.0010000000474974513,0.0,0.073945552110672,0.9986580610275269,1.0079985857009888,,0.073945552110672,0.073945552110672,0.02861078269779682,0.073945552110672,0.0,0.073945552110672
6700,,,,,,,,,,,,,,,0.0,1.0,,0.0,0.15685449540615082,0.9994871616363525,1.0079985857009888,,,,,,,
6701,,,,,,,,,,,,,,,0.0,1.0,,0.0,0.07504007965326309,0.9986690282821655,1.0079985857009888,,,,,,,
6702,,,,,,,,,,,,,,,0.0,1.0,,0.0,0.0615793839097023,0.9985343813896179,1.0079985857009888,,,,,,,
6703,,,,,,,,,,,,,,,0.0,1.0,,0.0,0.03441730886697769,0.9982627630233765,1.0079985857009888,,,,,,,
6704,,,,,,,,,,,,,,,0.0,1.0,,0.0,0.08547672629356384,0.9987733960151672,1.0079985857009888,,,,,,,
6705,,,,,,,,,,,,,,,0.0,1.0,,0.0,0.029996078461408615,0.9982185959815979,1.0079985857009888,,,,,,,
6706,,,,,,,,,,,,,,,0.0,1.0,,0.0,0.024163328111171722,0.9981602430343628,1.0079985857009888,,,,,,,
6707,,,,,,,,,,,,,,,0.0,1.0,,0.0,0.05972137302160263,0.9985158443450928,1.0079985857009888,,,,,,,
6708,,,,,,,,,,,,,,,0.0,1.0,,0.0,0.029612742364406586,0.9982147216796875,1.0079985857009888,,,,,,,
6709,,,,,,,,,,,,,,,0.0,1.0,,0.0,0.07789884507656097,0.9986975789070129,1.0079985857009888,,,,,,,
6710,,,,,,,,,,,,,,,0.0,1.0,,0.0,0.049228303134441376,0.9984108805656433,1.0079985857009888,,,,,,,
6711,,,,,,,,,,,,,,,0.0,1.0,,0.0,0.03304976224899292,0.9982491135597229,1.0079985857009888,,,,,,,
6712,,,,,,,,,,,,,,,0.0,1.0,,0.0,0.06501882523298264,0.9985687732696533,1.0079985857009888,,,,,,,
6713,,,,,,,,,,,,,,,0.0,1.0,,0.0,0.031621742993593216,0.9982348084449768,1.0079985857009888,,,,,,,
6714,,,,,,,,,,,,,,,0.0,1.0,,0.0,0.06298022717237473,0.9985483884811401,1.0079985857009888,,,,,,,
6715,,,,,,,,,,,,,,,0.0,1.0,,0.0,0.04053856432437897,0.9983239769935608,1.0079985857009888,,,,,,,
6716,,,,,,,,,,,,,,,0.0,1.0,,0.0,0.061312489211559296,0.9985317587852478,1.0079985857009888,,,,,,,
6717,,,,,,,,,,,,,,,0.0,1.0,,0.0,0.0337618887424469,0.9982562065124512,1.0079985857009888,,,,,,,
6718,,,,,,,,,,,,,,,0.0,1.0,,0.0,0.03444652631878853,0.9982630610466003,1.0079985857009888,,,,,,,
6719,167.0,0.18531925976276398,,0.07848317921161652,0.18531925976276398,0.0,0.18531925976276398,2.216750144958496,0.2005985677242279,4.656116008758545,6.188496112823486,0.9783370494842529,0.9756656885147095,0.7716888785362244,0.0,1.0,,0.0,0.07793696224689484,0.9986979961395264,1.0079985857009888,0.04802039638161659,,,,,,
6720,,,,,,,,,,,,,,,0.0,1.0,,0.0,0.05049820989370346,0.9984235763549805,1.0079985857009888,,,,,,,
6721,,,,,,,,,,,,,,,0.0,1.0,,0.0,0.04728235304355621,0.9983914494514465,1.0079985857009888,,,,,,,
6722,,,,,,,,,,,,,,,0.0,1.0,,0.0,0.06936570256948471,0.9986122846603394,1.0079985857009888,,,,,,,
6723,,,,,,,,,,,,,,,0.0,1.0,,0.0,0.06285057961940765,0.9985471367835999,1.0079985857009888,,,,,,,
6724,,,,,,,,,,,,,,,0.0,1.0,,0.0,0.05384092405438423,0.9984570145606995,1.0079985857009888,,,,,,,
6725,,,,,,,,,,,,,,,0.0,1.0,,0.0,0.07428494840860367,0.998661458492279,1.0079985857009888,,,,,,,
6726,,,,,,,,,,,,,,,0.0,1.0,,0.0,0.03544820472598076,0.9982730746269226,1.0079985857009888,,,,,,,
6727,,,,,,,,,,,,,,,0.0,1.0,,0.0,0.03477371111512184,0.998266339302063,1.0079985857009888,,,,,,,
6728,,,,,,,,,,,,,,,0.0,1.0,,0.0,0.027243372052907944,0.9981910586357117,1.0079985857009888,,,,,,,
6729,,,,,,,,,,,,,,,0.0,1.0,,0.0,0.023687705397605896,0.9981554746627808,1.0079985857009888,,,,,,,
6730,,,,,,,,,,,,,,,0.0,1.0,,0.0,0.05917743965983391,0.9985103607177734,1.0079985857009888,,,,,,,
6731,,,,,,,,,,,,,,,0.0,1.0,,0.0,0.06513580679893494,0.9985699653625488,1.0079985857009888,,,,,,,
6732,,,,,,,,,,,,,,,0.0,1.0,,0.0,0.038669221103191376,0.9983053207397461,1.0079985857009888,,,,,,,
6733,,,,,,,,,,,,,,,0.0,1.0,,0.0,0.06766113638877869,0.9985952377319336,1.0079985857009888,,,,,,,
6734,,,,,,,,,,,,,,,0.0,1.0,,0.0,0.057412464171648026,0.9984927177429199,1.0079985857009888,,,,,,,
6735,,,,,,,,,,,,,,,0.0,1.0,,0.0,0.03569566085934639,0.9982755780220032,1.0079985857009888,,,,,,,
6736,,,,,,,,,,,,,,,0.0,1.0,,0.0,0.05084748938679695,0.9984270930290222,1.0079985857009888,,,,,,,
6737,,,,,,,,,,,,,,,0.0,1.0,,0.0,0.06902676820755005,0.9986088871955872,1.0079985857009888,,,,,,,
6738,,,,,,,,,,,,,,,0.0,1.0,,0.0,0.08044363558292389,0.998723030090332,1.0079985857009888,,,,,,,
6739,,,,,,,,,,,,,,,0.0,1.0,,0.0,0.04468787834048271,0.9983654618263245,1.0079985857009888,,,,,,,
6740,,,,,,,,,,,,,,,0.0,1.0,,0.0,0.03990580141544342,0.9983176589012146,1.0079985857009888,,,,,,,
6741,,,,,,,,,,,,,,,0.0,1.0,,0.0,0.04079586640000343,0.9983265399932861,1.0079985857009888,,,,,,,
6742,,,,,,,,,,,,,,,0.0,1.0,,0.0,0.027387799695134163,0.9981924891471863,1.0079985857009888,,,,,,,
6743,,,,,,,,,,,,,,,0.0,1.0,,0.0,0.0347813181579113,0.9982663989067078,1.0079985857009888,,,,,,,
6744,,,,,,,,,,,,,,,0.0,1.0,,0.0,0.040779758244752884,0.9983264207839966,1.0079985857009888,,,,,,,
6745,,,,,,,,,,,,,,,0.0,1.0,,0.0,0.03469611331820488,0.9982655644416809,1.0079985857009888,,,,,,,
6746,,,,,,,,,,,,,,,0.0,1.0,,0.0,0.031982630491256714,0.9982384443283081,1.0079985857009888,,,,,,,
6747,,,,,,,,,,,,,,,0.0,1.0,,0.0,0.05209891125559807,0.998439610004425,1.0079985857009888,,,,,,,
6748,,,,,,,,,,,,,,,0.0,1.0,,0.0,0.03978963568806648,0.9983165264129639,1.0079985857009888,,,,,,,
6749,168.0,0.04753382131457329,,,,,,,,,,,,,0.0,1.0,0.0010000000474974513,0.0,0.04753382131457329,0.9983939528465271,1.0079985857009888,,0.04753382131457329,0.04753382131457329,0.027248140424489975,0.04753382131457329,0.0,0.04753382131457329
6750,,,,,,,,,,,,,,,0.0,1.0,,0.0,0.042952511459589005,0.9983481168746948,1.0079985857009888,,,,,,,
6751,,,,,,,,,,,,,,,0.0,1.0,,0.0,0.06058476120233536,0.9985244274139404,1.0079985857009888,,,,,,,
6752,,,,,,,,,,,,,,,0.0,1.0,,0.0,0.05109675973653793,0.9984295964241028,1.0079985857009888,,,,,,,
6753,,,,,,,,,,,,,,,0.0,1.0,,0.0,0.05253901332616806,0.9984440207481384,1.0079985857009888,,,,,,,
6754,,,,,,,,,,,,,,,0.0,1.0,,0.0,0.03926960378885269,0.9983112812042236,1.0079985857009888,,,,,,,
6755,,,,,,,,,,,,,,,0.0,1.0,,0.0,0.02913915552198887,0.9982100129127502,1.0079985857009888,,,,,,,
6756,,,,,,,,,,,,,,,0.0,1.0,,0.0,0.035521309822797775,0.9982737898826599,1.0079985857009888,,,,,,,
6757,,,,,,,,,,,,,,,0.0,1.0,,0.0,0.02841821499168873,0.9982028007507324,1.0079985857009888,,,,,,,
6758,,,,,,,,,,,,,,,0.0,1.0,,0.0,0.16207101941108704,0.999539315700531,1.0079985857009888,,,,,,,
6759,168.0,0.2313447743654251,,0.09571187943220139,0.2313447743654251,0.0,0.2313447743654251,2.0510032176971436,0.18489889800548553,4.320962429046631,5.648591041564941,0.9786899089813232,0.9761316180229187,0.6750533580780029,0.0,1.0,,0.0,0.03415649011731148,0.9982602000236511,1.0079985857009888,0.04915723577141762,,,,,,
6760,,,,,,,,,,,,,,,0.0,1.0,,0.0,0.04518260434269905,0.9983704090118408,1.0079985857009888,,,,,,,
6761,,,,,,,,,,,,,,,0.0,1.0,,0.0,0.058627061545848846,0.9985048770904541,1.0079985857009888,,,,,,,
6762,,,,,,,,,,,,,,,0.0,1.0,,0.0,0.029872208833694458,0.9982173442840576,1.0079985857009888,,,,,,,
6763,,,,,,,,,,,,,,,0.0,1.0,,0.0,0.03645622357726097,0.9982831478118896,1.0079985857009888,,,,,,,
6764,,,,,,,,,,,,,,,0.0,1.0,,0.0,0.021468443796038628,0.9981333017349243,1.0079985857009888,,,,,,,
6765,,,,,,,,,,,,,,,0.0,1.0,,0.0,0.03454006835818291,0.9982640147209167,1.0079985857009888,,,,,,,
6766,,,,,,,,,,,,,,,0.0,1.0,,0.0,0.034406691789627075,0.9982626438140869,1.0079985857009888,,,,,,,
6767,,,,,,,,,,,,,,,0.0,1.0,,0.0,0.05555461347103119,0.9984741806983948,1.0079985857009888,,,,,,,
6768,,,,,,,,,,,,,,,0.0,1.0,,0.0,0.04174121841788292,0.9983360171318054,1.0079985857009888,,,,,,,
6769,,,,,,,,,,,,,,,0.0,1.0,,0.0,0.0370124913752079,0.9982887506484985,1.0079985857009888,,,,,,,
6770,,,,,,,,,,,,,,,0.0,1.0,,0.0,0.029349202290177345,0.9982120990753174,1.0079985857009888,,,,,,,
6771,,,,,,,,,,,,,,,0.0,1.0,,0.0,0.04068294167518616,0.9983254075050354,1.0079985857009888,,,,,,,
6772,,,,,,,,,,,,,,,0.0,1.0,,0.0,0.041921187192201614,0.9983378052711487,1.0079985857009888,,,,,,,
6773,,,,,,,,,,,,,,,0.0,1.0,,0.0,0.027901874855160713,0.998197615146637,1.0079985857009888,,,,,,,
6774,,,,,,,,,,,,,,,0.0,1.0,,0.0,0.029482612386345863,0.9982134103775024,1.0079985857009888,,,,,,,
6775,,,,,,,,,,,,,,,0.0,1.0,,0.0,0.036420248448848724,0.998282790184021,1.0079985857009888,,,,,,,
6776,,,,,,,,,,,,,,,0.0,1.0,,0.0,0.04228488728404045,0.99834144115448,1.0079985857009888,,,,,,,
6777,,,,,,,,,,,,,,,0.0,1.0,,0.0,0.06450046598911285,0.9985635876655579,1.0079985857009888,,,,,,,
6778,,,,,,,,,,,,,,,0.0,1.0,,0.0,0.07025519758462906,0.9986211657524109,1.0079985857009888,,,,,,,
6779,,,,,,,,,,,,,,,0.0,1.0,,0.0,0.04849429056048393,0.9984035491943359,1.0079985857009888,,,,,,,
6780,,,,,,,,,,,,,,,0.0,1.0,,0.0,0.07099293172359467,0.998628556728363,1.0079985857009888,,,,,,,
6781,,,,,,,,,,,,,,,0.0,1.0,,0.0,0.06584108620882034,0.9985769987106323,1.0079985857009888,,,,,,,
6782,,,,,,,,,,,,,,,0.0,1.0,,0.0,0.02625015191733837,0.9981811046600342,1.0079985857009888,,,,,,,
6783,,,,,,,,,,,,,,,0.0,1.0,,0.0,0.04805946722626686,0.9983991980552673,1.0079985857009888,,,,,,,
6784,,,,,,,,,,,,,,,0.0,1.0,,0.0,0.02343580313026905,0.9981529712677002,1.0079985857009888,,,,,,,
6785,,,,,,,,,,,,,,,0.0,1.0,,0.0,0.0369575172662735,0.9982881546020508,1.0079985857009888,,,,,,,
6786,,,,,,,,,,,,,,,0.0,1.0,,0.0,0.06450333446264267,0.9985636472702026,1.0079985857009888,,,,,,,
6787,,,,,,,,,,,,,,,0.0,1.0,,0.0,0.02902260795235634,0.9982088208198547,1.0079985857009888,,,,,,,
6788,,,,,,,,,,,,,,,0.0,1.0,,0.0,0.02619875781238079,0.9981805682182312,1.0079985857009888,,,,,,,
6789,,,,,,,,,,,,,,,0.0,1.0,,0.0,0.055354613810777664,0.9984721541404724,1.0079985857009888,,,,,,,
6790,,,,,,,,,,,,,,,0.0,1.0,,0.0,0.04149387404322624,0.9983335733413696,1.0079985857009888,,,,,,,
6791,,,,,,,,,,,,,,,0.0,1.0,,0.0,0.05765341967344284,0.9984951615333557,1.0079985857009888,,,,,,,
6792,,,,,,,,,,,,,,,0.0,1.0,,0.0,0.055819861590862274,0.9984768033027649,1.0079985857009888,,,,,,,
6793,,,,,,,,,,,,,,,0.0,1.0,,0.0,0.1409265100955963,0.9993278980255127,1.0079985857009888,,,,,,,
6794,,,,,,,,,,,,,,,0.0,1.0,,0.0,0.03486194461584091,0.9982672333717346,1.0079985857009888,,,,,,,
6795,,,,,,,,,,,,,,,0.0,1.0,,0.0,0.07727296650409698,0.9986913204193115,1.0079985857009888,,,,,,,
6796,,,,,,,,,,,,,,,0.0,1.0,,0.0,0.050953932106494904,0.9984281659126282,1.0079985857009888,,,,,,,
6797,,,,,,,,,,,,,,,0.0,1.0,,0.0,0.03552309423685074,0.9982738494873047,1.0079985857009888,,,,,,,
6798,,,,,,,,,,,,,,,0.0,1.0,,0.0,0.07283848524093628,0.9986469745635986,1.0079985857009888,,,,,,,
6799,169.0,0.32346269488334656,,0.13032874464988708,0.32346269488334656,0.0,0.32346269488334656,2.2510323524475098,0.2090407907962799,4.826411247253418,6.297863483428955,0.9780374765396118,0.9752731323242188,0.8576034307479858,0.0,1.0,0.0010000000474974513,0.0,0.06687932461500168,0.9985873699188232,1.0079985857009888,0.04476429522037506,0.06687932461500168,0.06687932461500168,0.036523059010505676,0.06687932461500168,0.0,0.06687932461500168
6800,,,,,,,,,,,,,,,0.0,1.0,,0.0,0.03153325244784355,0.9982339143753052,1.0079985857009888,,,,,,,
6801,,,,,,,,,,,,,,,0.0,1.0,,0.0,0.052339330315589905,0.9984419941902161,1.0079985857009888,,,,,,,
6802,,,,,,,,,,,,,,,0.0,1.0,,0.0,0.08009684830904007,0.9987195730209351,1.0079985857009888,,,,,,,
6803,,,,,,,,,,,,,,,0.0,1.0,,0.0,0.04151862487196922,0.9983338117599487,1.0079985857009888,,,,,,,
6804,,,,,,,,,,,,,,,0.0,1.0,,0.0,0.059493038803339005,0.9985135197639465,1.0079985857009888,,,,,,,
6805,,,,,,,,,,,,,,,0.0,1.0,,0.0,0.026992779225111008,0.9981885552406311,1.0079985857009888,,,,,,,
6806,,,,,,,,,,,,,,,0.0,1.0,,0.0,0.03199797496199608,0.9982385635375977,1.0079985857009888,,,,,,,
6807,,,,,,,,,,,,,,,0.0,1.0,,0.0,0.05510528013110161,0.9984696507453918,1.0079985857009888,,,,,,,
6808,,,,,,,,,,,,,,,0.0,1.0,,0.0,0.048501208424568176,0.9984036087989807,1.0079985857009888,,,,,,,
6809,,,,,,,,,,,,,,,0.0,1.0,,0.0,0.048307813704013824,0.9984017014503479,1.0079985857009888,,,,,,,
6810,,,,,,,,,,,,,,,0.0,1.0,,0.0,0.026699088513851166,0.9981855750083923,1.0079985857009888,,,,,,,
6811,,,,,,,,,,,,,,,0.0,1.0,,0.0,0.02320040948688984,0.9981505870819092,1.0079985857009888,,,,,,,
6812,,,,,,,,,,,,,,,0.0,1.0,,0.0,0.08103885501623154,0.9987289905548096,1.0079985857009888,,,,,,,
6813,,,,,,,,,,,,,,,0.0,1.0,,0.0,0.030946655198931694,0.9982280731201172,1.0079985857009888,,,,,,,
6814,,,,,,,,,,,,,,,0.0,1.0,,0.0,0.021657126024365425,0.9981351494789124,1.0079985857009888,,,,,,,
6815,,,,,,,,,,,,,,,0.0,1.0,,0.0,0.030596209689974785,0.9982245564460754,1.0079985857009888,,,,,,,
6816,,,,,,,,,,,,,,,0.0,1.0,,0.0,0.03095008060336113,0.998228132724762,1.0079985857009888,,,,,,,
6817,,,,,,,,,,,,,,,0.0,1.0,,0.0,0.02879284881055355,0.9982065558433533,1.0079985857009888,,,,,,,
6818,,,,,,,,,,,,,,,0.0,1.0,,0.0,0.030505346134305,0.9982236623764038,1.0079985857009888,,,,,,,
6819,,,,,,,,,,,,,,,0.0,1.0,,0.0,0.047443244606256485,0.9983930587768555,1.0079985857009888,,,,,,,
6820,,,,,,,,,,,,,,,0.0,1.0,,0.0,0.049386825412511826,0.9984124898910522,1.0079985857009888,,,,,,,
6821,,,,,,,,,,,,,,,0.0,1.0,,0.0,0.041753605008125305,0.998336136341095,1.0079985857009888,,,,,,,
6822,,,,,,,,,,,,,,,0.0,1.0,,0.0,0.03946291282773018,0.9983132481575012,1.0079985857009888,,,,,,,
6823,,,,,,,,,,,,,,,0.0,1.0,,0.0,0.021829873323440552,0.9981368780136108,1.0079985857009888,,,,,,,
6824,,,,,,,,,,,,,,,0.0,1.0,,0.0,0.02611272782087326,0.9981797337532043,1.0079985857009888,,,,,,,
6825,,,,,,,,,,,,,,,0.0,1.0,,0.0,0.04424988478422165,0.9983611106872559,1.0079985857009888,,,,,,,
6826,,,,,,,,,,,,,,,0.0,1.0,,0.0,0.02498803474009037,0.9981684684753418,1.0079985857009888,,,,,,,
6827,,,,,,,,,,,,,,,0.0,1.0,,0.0,0.05585407465696335,0.9984771609306335,1.0079985857009888,,,,,,,
6828,,,,,,,,,,,,,,,0.0,1.0,,0.0,0.03500073775649071,0.9982686042785645,1.0079985857009888,,,,,,,
6829,,,,,,,,,,,,,,,0.0,1.0,,0.0,0.06661434471607208,0.9985847473144531,1.0079985857009888,,,,,,,
6830,,,,,,,,,,,,,,,0.0,1.0,,0.0,0.03889796510338783,0.9983075857162476,1.0079985857009888,,,,,,,
6831,,,,,,,,,,,,,,,0.0,1.0,,0.0,0.04071105271577835,0.9983257055282593,1.0079985857009888,,,,,,,
6832,,,,,,,,,,,,,,,0.0,1.0,,0.0,0.028240574523806572,0.9982010126113892,1.0079985857009888,,,,,,,
6833,,,,,,,,,,,,,,,0.0,1.0,,0.0,0.048706669360399246,0.9984056949615479,1.0079985857009888,,,,,,,
6834,,,,,,,,,,,,,,,0.0,1.0,,0.0,0.019163506105542183,0.9981102347373962,1.0079985857009888,,,,,,,
6835,,,,,,,,,,,,,,,0.0,1.0,,0.0,0.018613750115036964,0.9981047511100769,1.0079985857009888,,,,,,,
6836,,,,,,,,,,,,,,,0.0,1.0,,0.0,0.04060744866728783,0.9983246922492981,1.0079985857009888,,,,,,,
6837,,,,,,,,,,,,,,,0.0,1.0,,0.0,0.03919367864727974,0.9983105659484863,1.0079985857009888,,,,,,,
6838,,,,,,,,,,,,,,,0.0,1.0,,0.0,0.07331643253564835,0.9986517429351807,1.0079985857009888,,,,,,,
6839,170.0,0.39562585949897766,,0.15521927177906036,0.39562585949897766,0.0,0.39562585949897766,2.191287040710449,0.21426793932914734,4.616539001464844,6.178509712219238,0.9785343408584595,0.9758944511413574,0.9299691319465637,0.0,1.0,,0.0,0.06866747885942459,0.9986052513122559,1.0079985857009888,0.0406479611992836,,,,,,
6840,,,,,,,,,,,,,,,0.0,1.0,,0.0,0.029653407633304596,0.9982151389122009,1.0079985857009888,,,,,,,
6841,,,,,,,,,,,,,,,0.0,1.0,,0.0,0.025251880288124084,0.9981711506843567,1.0079985857009888,,,,,,,
6842,,,,,,,,,,,,,,,0.0,1.0,,0.0,0.024049049243330956,0.9981591105461121,1.0079985857009888,,,,,,,
6843,,,,,,,,,,,,,,,0.0,1.0,,0.0,0.0478958934545517,0.9983975887298584,1.0079985857009888,,,,,,,
6844,,,,,,,,,,,,,,,0.0,1.0,,0.0,0.020201092585921288,0.9981206059455872,1.0079985857009888,,,,,,,
6845,,,,,,,,,,,,,,,0.0,1.0,,0.0,0.04283623397350311,0.9983469843864441,1.0079985857009888,,,,,,,
6846,,,,,,,,,,,,,,,0.0,1.0,,0.0,0.058439068496227264,0.9985029697418213,1.0079985857009888,,,,,,,
6847,,,,,,,,,,,,,,,0.0,1.0,,0.0,0.02423231117427349,0.9981609582901001,1.0079985857009888,,,,,,,
6848,,,,,,,,,,,,,,,0.0,1.0,,0.0,0.05460432544350624,0.9984646439552307,1.0079985857009888,,,,,,,
6849,171.0,0.038825616240501404,,,,,,,,,,,,,0.0,1.0,0.0010000000474974513,0.0,0.038825616240501404,0.9983068704605103,1.0079985857009888,,0.038825616240501404,0.038825616240501404,0.017391499131917953,0.038825616240501404,0.0,0.038825616240501404
6850,,,,,,,,,,,,,,,0.0,1.0,,0.0,0.02885380946099758,0.998207151889801,1.0079985857009888,,,,,,,
6851,,,,,,,,,,,,,,,0.0,1.0,,0.0,0.028331222012639046,0.9982019066810608,1.0079985857009888,,,,,,,
6852,,,,,,,,,,,,,,,0.0,1.0,,0.0,0.05219781771302223,0.9984405636787415,1.0079985857009888,,,,,,,
6853,,,,,,,,,,,,,,,0.0,1.0,,0.0,0.03387435898184776,0.9982573390007019,1.0079985857009888,,,,,,,
6854,,,,,,,,,,,,,,,0.0,1.0,,0.0,0.07054852694272995,0.9986240863800049,1.0079985857009888,,,,,,,
6855,,,,,,,,,,,,,,,0.0,1.0,,0.0,0.029718594625592232,0.9982157945632935,1.0079985857009888,,,,,,,
6856,,,,,,,,,,,,,,,0.0,1.0,,0.0,0.042999058961868286,0.998348593711853,1.0079985857009888,,,,,,,
6857,,,,,,,,,,,,,,,0.0,1.0,,0.0,0.030963752418756485,0.9982282519340515,1.0079985857009888,,,,,,,
6858,,,,,,,,,,,,,,,0.0,1.0,,0.0,0.07608556002378464,0.9986794590950012,1.0079985857009888,,,,,,,
6859,,,,,,,,,,,,,,,0.0,1.0,,0.0,0.07450507581233978,0.9986636638641357,1.0079985857009888,,,,,,,
6860,,,,,,,,,,,,,,,0.0,1.0,,0.0,0.03830774128437042,0.9983016848564148,1.0079985857009888,,,,,,,
6861,,,,,,,,,,,,,,,0.0,1.0,,0.0,0.09755808860063553,0.998894214630127,1.0079985857009888,,,,,,,
6862,,,,,,,,,,,,,,,0.0,1.0,,0.0,0.02341185323894024,0.9981527328491211,1.0079985857009888,,,,,,,
6863,,,,,,,,,,,,,,,0.0,1.0,,0.0,0.03966085612773895,0.9983152151107788,1.0079985857009888,,,,,,,
6864,,,,,,,,,,,,,,,0.0,1.0,,0.0,0.0703321322798729,0.998621940612793,1.0079985857009888,,,,,,,
6865,,,,,,,,,,,,,,,0.0,1.0,,0.0,0.03631526604294777,0.9982817769050598,1.0079985857009888,,,,,,,
6866,,,,,,,,,,,,,,,0.0,1.0,,0.0,0.03249329701066017,0.998243510723114,1.0079985857009888,,,,,,,
6867,,,,,,,,,,,,,,,0.0,1.0,,0.0,0.04770490899682045,0.9983956813812256,1.0079985857009888,,,,,,,
6868,,,,,,,,,,,,,,,0.0,1.0,,0.0,0.03621421754360199,0.9982807636260986,1.0079985857009888,,,,,,,
6869,,,,,,,,,,,,,,,0.0,1.0,,0.0,0.033478815108537674,0.9982534050941467,1.0079985857009888,,,,,,,
6870,,,,,,,,,,,,,,,0.0,1.0,,0.0,0.029225092381238937,0.9982108473777771,1.0079985857009888,,,,,,,
6871,,,,,,,,,,,,,,,0.0,1.0,,0.0,0.03147304058074951,0.9982333183288574,1.0079985857009888,,,,,,,
6872,,,,,,,,,,,,,,,0.0,1.0,,0.0,0.037795767188072205,0.9982965588569641,1.0079985857009888,,,,,,,
6873,,,,,,,,,,,,,,,0.0,1.0,,0.0,0.053580477833747864,0.9984543919563293,1.0079985857009888,,,,,,,
6874,,,,,,,,,,,,,,,0.0,1.0,,0.0,0.027632564306259155,0.9981949329376221,1.0079985857009888,,,,,,,
6875,,,,,,,,,,,,,,,0.0,1.0,,0.0,0.03172420337796211,0.998235821723938,1.0079985857009888,,,,,,,
6876,,,,,,,,,,,,,,,0.0,1.0,,0.0,0.02871187962591648,0.9982057213783264,1.0079985857009888,,,,,,,
6877,,,,,,,,,,,,,,,0.0,1.0,,0.0,0.04451902210712433,0.9983637928962708,1.0079985857009888,,,,,,,
6878,,,,,,,,,,,,,,,0.0,1.0,,0.0,0.033644042909145355,0.9982550740242004,1.0079985857009888,,,,,,,
6879,171.0,0.1613231748342514,,0.07041414827108383,0.1613231748342514,0.0,0.1613231748342514,2.113581895828247,0.18924909830093384,4.3215179443359375,5.640542507171631,0.9777659177780151,0.9749974012374878,0.7228512167930603,0.0,1.0,,0.0,0.10815012454986572,0.9990001320838928,1.0079985857009888,0.04426085203886032,,,,,,
6880,,,,,,,,,,,,,,,0.0,1.0,,0.0,0.03410300984978676,0.9982596635818481,1.0079985857009888,,,,,,,
6881,,,,,,,,,,,,,,,0.0,1.0,,0.0,0.039788633584976196,0.9983164668083191,1.0079985857009888,,,,,,,
6882,,,,,,,,,,,,,,,0.0,1.0,,0.0,0.04141692817211151,0.9983327984809875,1.0079985857009888,,,,,,,
6883,,,,,,,,,,,,,,,0.0,1.0,,0.0,0.04592850059270859,0.9983779191970825,1.0079985857009888,,,,,,,
6884,,,,,,,,,,,,,,,0.0,1.0,,0.0,0.0350211039185524,0.9982688426971436,1.0079985857009888,,,,,,,
6885,,,,,,,,,,,,,,,0.0,1.0,,0.0,0.11757305264472961,0.9990943074226379,1.0079985857009888,,,,,,,
6886,,,,,,,,,,,,,,,0.0,1.0,,0.0,0.07654780894517899,0.9986841082572937,1.0079985857009888,,,,,,,
6887,,,,,,,,,,,,,,,0.0,1.0,,0.0,0.038547031581401825,0.9983040690422058,1.0079985857009888,,,,,,,
6888,,,,,,,,,,,,,,,0.0,1.0,,0.0,0.03315373510122299,0.9982501268386841,1.0079985857009888,,,,,,,
6889,,,,,,,,,,,,,,,0.0,1.0,,0.0,0.050817716866731644,0.9984267950057983,1.0079985857009888,,,,,,,
6890,,,,,,,,,,,,,,,0.0,1.0,,0.0,0.03167184069752693,0.9982353448867798,1.0079985857009888,,,,,,,
6891,,,,,,,,,,,,,,,0.0,1.0,,0.0,0.08862857520580292,0.9988048672676086,1.0079985857009888,,,,,,,
6892,,,,,,,,,,,,,,,0.0,1.0,,0.0,0.055118314921855927,0.9984697699546814,1.0079985857009888,,,,,,,
6893,,,,,,,,,,,,,,,0.0,1.0,,0.0,0.05404387041926384,0.9984590411186218,1.0079985857009888,,,,,,,
6894,,,,,,,,,,,,,,,0.0,1.0,,0.0,0.08077854663133621,0.9987263679504395,1.0079985857009888,,,,,,,
6895,,,,,,,,,,,,,,,0.0,1.0,,0.0,0.07537742704153061,0.998672366142273,1.0079985857009888,,,,,,,
6896,,,,,,,,,,,,,,,0.0,1.0,,0.0,0.03119666501879692,0.9982305765151978,1.0079985857009888,,,,,,,
6897,,,,,,,,,,,,,,,0.0,1.0,,0.0,0.03547177463769913,0.9982733130455017,1.0079985857009888,,,,,,,
6898,,,,,,,,,,,,,,,0.0,1.0,,0.0,0.036585934460163116,0.9982844591140747,1.0079985857009888,,,,,,,
6899,172.0,0.03382275998592377,,,,,,,,,,,,,0.0,1.0,0.0010000000474974513,0.0,0.03382275998592377,0.9982568621635437,1.0079985857009888,,0.03382275998592377,0.03382275998592377,0.01693553663790226,0.03382275998592377,0.0,0.03382275998592377
6900,,,,,,,,,,,,,,,0.0,1.0,,0.0,0.05420332029461861,0.9984606504440308,1.0079985857009888,,,,,,,
6901,,,,,,,,,,,,,,,0.0,1.0,,0.0,0.049294307827949524,0.9984115362167358,1.0079985857009888,,,,,,,
6902,,,,,,,,,,,,,,,0.0,1.0,,0.0,0.04036746546626091,0.9983223080635071,1.0079985857009888,,,,,,,
6903,,,,,,,,,,,,,,,0.0,1.0,,0.0,0.03384946659207344,0.9982571005821228,1.0079985857009888,,,,,,,
6904,,,,,,,,,,,,,,,0.0,1.0,,0.0,0.06341007351875305,0.998552680015564,1.0079985857009888,,,,,,,
6905,,,,,,,,,,,,,,,0.0,1.0,,0.0,0.04097380489110947,0.9983283281326294,1.0079985857009888,,,,,,,
6906,,,,,,,,,,,,,,,0.0,1.0,,0.0,0.02665705420076847,0.9981851577758789,1.0079985857009888,,,,,,,
6907,,,,,,,,,,,,,,,0.0,1.0,,0.0,0.08574771881103516,0.9987760782241821,1.0079985857009888,,,,,,,
6908,,,,,,,,,,,,,,,0.0,1.0,,0.0,0.03987975791096687,0.9983174204826355,1.0079985857009888,,,,,,,
6909,,,,,,,,,,,,,,,0.0,1.0,,0.0,0.03582174330949783,0.9982768297195435,1.0079985857009888,,,,,,,
6910,,,,,,,,,,,,,,,0.0,1.0,,0.0,0.02987080253660679,0.9982172846794128,1.0079985857009888,,,,,,,
6911,,,,,,,,,,,,,,,0.0,1.0,,0.0,0.02964184433221817,0.9982150197029114,1.0079985857009888,,,,,,,
6912,,,,,,,,,,,,,,,0.0,1.0,,0.0,0.04681007191538811,0.9983866810798645,1.0079985857009888,,,,,,,
6913,,,,,,,,,,,,,,,0.0,1.0,,0.0,0.028535623103380203,0.9982039332389832,1.0079985857009888,,,,,,,
6914,,,,,,,,,,,,,,,0.0,1.0,,0.0,0.0817699208855629,0.9987363219261169,1.0079985857009888,,,,,,,
6915,,,,,,,,,,,,,,,0.0,1.0,,0.0,0.04735318198800087,0.9983921647071838,1.0079985857009888,,,,,,,
6916,,,,,,,,,,,,,,,0.0,1.0,,0.0,0.12455439567565918,0.9991641640663147,1.0079985857009888,,,,,,,
6917,,,,,,,,,,,,,,,0.0,1.0,,0.0,0.034514300525188446,0.9982637763023376,1.0079985857009888,,,,,,,
6918,,,,,,,,,,,,,,,0.0,1.0,,0.0,0.03130974993109703,0.9982317090034485,1.0079985857009888,,,,,,,
6919,172.0,0.1190773993730545,,0.059786487370729446,0.1190773993730545,0.0,0.1190773993730545,2.03867769241333,0.17395862936973572,4.226301670074463,5.53191614151001,0.9781320095062256,0.9754531383514404,0.7037264704704285,0.0,1.0,,0.0,0.042685773223638535,0.9983454346656799,1.0079985857009888,0.04754723235964775,,,,,,
6920,,,,,,,,,,,,,,,0.0,1.0,,0.0,0.034096796065568924,0.9982595443725586,1.0079985857009888,,,,,,,
6921,,,,,,,,,,,,,,,0.0,1.0,,0.0,0.04147973284125328,0.9983333945274353,1.0079985857009888,,,,,,,
6922,,,,,,,,,,,,,,,0.0,1.0,,0.0,0.022111255675554276,0.9981397390365601,1.0079985857009888,,,,,,,
6923,,,,,,,,,,,,,,,0.0,1.0,,0.0,0.02230631373822689,0.9981416463851929,1.0079985857009888,,,,,,,
6924,,,,,,,,,,,,,,,0.0,1.0,,0.0,0.05226369947195053,0.998441219329834,1.0079985857009888,,,,,,,
6925,,,,,,,,,,,,,,,0.0,1.0,,0.0,0.07112494111061096,0.9986298680305481,1.0079985857009888,,,,,,,
6926,,,,,,,,,,,,,,,0.0,1.0,,0.0,0.030204251408576965,0.9982206225395203,1.0079985857009888,,,,,,,
6927,,,,,,,,,,,,,,,0.0,1.0,,0.0,0.09865622967481613,0.9989051818847656,1.0079985857009888,,,,,,,
6928,,,,,,,,,,,,,,,0.0,1.0,,0.0,0.054626427590847015,0.9984648823738098,1.0079985857009888,,,,,,,
6929,,,,,,,,,,,,,,,0.0,1.0,,0.0,0.053793687373399734,0.9984565377235413,1.0079985857009888,,,,,,,
6930,,,,,,,,,,,,,,,0.0,1.0,,0.0,0.030395718291401863,0.9982225894927979,1.0079985857009888,,,,,,,
6931,,,,,,,,,,,,,,,0.0,1.0,,0.0,0.05006004124879837,0.9984192252159119,1.0079985857009888,,,,,,,
6932,,,,,,,,,,,,,,,0.0,1.0,,0.0,0.02860252559185028,0.9982046484947205,1.0079985857009888,,,,,,,
6933,,,,,,,,,,,,,,,0.0,1.0,,0.0,0.06569827347993851,0.9985755681991577,1.0079985857009888,,,,,,,
6934,,,,,,,,,,,,,,,0.0,1.0,,0.0,0.046396054327487946,0.998382568359375,1.0079985857009888,,,,,,,
6935,,,,,,,,,,,,,,,0.0,1.0,,0.0,0.02507581003010273,0.9981693625450134,1.0079985857009888,,,,,,,
6936,,,,,,,,,,,,,,,0.0,1.0,,0.0,0.05494128167629242,0.9984680414199829,1.0079985857009888,,,,,,,
6937,,,,,,,,,,,,,,,0.0,1.0,,0.0,0.027697300538420677,0.9981955885887146,1.0079985857009888,,,,,,,
6938,,,,,,,,,,,,,,,0.0,1.0,,0.0,0.027462558820843697,0.9981932044029236,1.0079985857009888,,,,,,,
6939,,,,,,,,,,,,,,,0.0,1.0,,0.0,0.04034116864204407,0.9983220100402832,1.0079985857009888,,,,,,,
6940,,,,,,,,,,,,,,,0.0,1.0,,0.0,0.05498621612787247,0.9984684586524963,1.0079985857009888,,,,,,,
6941,,,,,,,,,,,,,,,0.0,1.0,,0.0,0.02783106081187725,0.9981968998908997,1.0079985857009888,,,,,,,
6942,,,,,,,,,,,,,,,0.0,1.0,,0.0,0.06529857218265533,0.9985715746879578,1.0079985857009888,,,,,,,
6943,,,,,,,,,,,,,,,0.0,1.0,,0.0,0.038619983941316605,0.9983047842979431,1.0079985857009888,,,,,,,
6944,,,,,,,,,,,,,,,0.0,1.0,,0.0,0.053500376641750336,0.9984536170959473,1.0079985857009888,,,,,,,
6945,,,,,,,,,,,,,,,0.0,1.0,,0.0,0.02940020151436329,0.9982126355171204,1.0079985857009888,,,,,,,
6946,,,,,,,,,,,,,,,0.0,1.0,,0.0,0.03213734179735184,0.9982399940490723,1.0079985857009888,,,,,,,
6947,,,,,,,,,,,,,,,0.0,1.0,,0.0,0.06428495049476624,0.998561441898346,1.0079985857009888,,,,,,,
6948,,,,,,,,,,,,,,,0.0,1.0,,0.0,0.035585660487413406,0.9982744455337524,1.0079985857009888,,,,,,,
6949,173.0,0.07807554304599762,,,,,,,,,,,,,0.0,1.0,0.0010000000474974513,0.0,0.07807554304599762,0.9986993670463562,1.0079985857009888,,0.07807554304599762,0.07807554304599762,0.03573139011859894,0.07807554304599762,0.0,0.07807554304599762
6950,,,,,,,,,,,,,,,0.0,1.0,,0.0,0.05276891216635704,0.9984462857246399,1.0079985857009888,,,,,,,
6951,,,,,,,,,,,,,,,0.0,1.0,,0.0,0.04190697893500328,0.9983376860618591,1.0079985857009888,,,,,,,
6952,,,,,,,,,,,,,,,0.0,1.0,,0.0,0.02322339452803135,0.9981508255004883,1.0079985857009888,,,,,,,
6953,,,,,,,,,,,,,,,0.0,1.0,,0.0,0.06088946387171745,0.9985275268554688,1.0079985857009888,,,,,,,
6954,,,,,,,,,,,,,,,0.0,1.0,,0.0,0.026604870334267616,0.9981846809387207,1.0079985857009888,,,,,,,
6955,,,,,,,,,,,,,,,0.0,1.0,,0.0,0.057478565722703934,0.9984933733940125,1.0079985857009888,,,,,,,
6956,,,,,,,,,,,,,,,0.0,1.0,,0.0,0.030401280149817467,0.9982225894927979,1.0079985857009888,,,,,,,
6957,,,,,,,,,,,,,,,0.0,1.0,,0.0,0.05150255188345909,0.9984336495399475,1.0079985857009888,,,,,,,
6958,,,,,,,,,,,,,,,0.0,1.0,,0.0,0.018823834136128426,0.998106837272644,1.0079985857009888,,,,,,,
6959,173.0,0.1315973997116089,,0.06109421327710152,0.1315973997116089,0.0,0.1315973997116089,2.1962480545043945,0.18751771748065948,4.655814170837402,5.932065963745117,0.9776630401611328,0.974781334400177,0.7302985787391663,0.0,1.0,,0.0,0.08609292656183243,0.9987795352935791,1.0079985857009888,0.04313185438513756,,,,,,
6960,,,,,,,,,,,,,,,0.0,1.0,,0.0,0.028444457799196243,0.9982030391693115,1.0079985857009888,,,,,,,
6961,,,,,,,,,,,,,,,0.0,1.0,,0.0,0.02353064902126789,0.9981539249420166,1.0079985857009888,,,,,,,
6962,,,,,,,,,,,,,,,0.0,1.0,,0.0,0.06692565232515335,0.9985878467559814,1.0079985857009888,,,,,,,
6963,,,,,,,,,,,,,,,0.0,1.0,,0.0,0.026011528447270393,0.9981787204742432,1.0079985857009888,,,,,,,
6964,,,,,,,,,,,,,,,0.0,1.0,,0.0,0.0629575178027153,0.9985482096672058,1.0079985857009888,,,,,,,
6965,,,,,,,,,,,,,,,0.0,1.0,,0.0,0.04914255812764168,0.9984100461006165,1.0079985857009888,,,,,,,
6966,,,,,,,,,,,,,,,0.0,1.0,,0.0,0.049174509942531586,0.9984103441238403,1.0079985857009888,,,,,,,
6967,,,,,,,,,,,,,,,0.0,1.0,,0.0,0.03952912986278534,0.9983139038085938,1.0079985857009888,,,,,,,
6968,,,,,,,,,,,,,,,0.0,1.0,,0.0,0.06147488206624985,0.9985333681106567,1.0079985857009888,,,,,,,
6969,,,,,,,,,,,,,,,0.0,1.0,,0.0,0.02385173738002777,0.9981571435928345,1.0079985857009888,,,,,,,
6970,,,,,,,,,,,,,,,0.0,1.0,,0.0,0.03813253343105316,0.9982999563217163,1.0079985857009888,,,,,,,
6971,,,,,,,,,,,,,,,0.0,1.0,,0.0,0.05115712434053421,0.9984301924705505,1.0079985857009888,,,,,,,
6972,,,,,,,,,,,,,,,0.0,1.0,,0.0,0.05660566687583923,0.9984846711158752,1.0079985857009888,,,,,,,
6973,,,,,,,,,,,,,,,0.0,1.0,,0.0,0.04707811772823334,0.9983893632888794,1.0079985857009888,,,,,,,
6974,,,,,,,,,,,,,,,0.0,1.0,,0.0,0.06909678876399994,0.9986096024513245,1.0079985857009888,,,,,,,
6975,,,,,,,,,,,,,,,0.0,1.0,,0.0,0.0327206552028656,0.9982458353042603,1.0079985857009888,,,,,,,
6976,,,,,,,,,,,,,,,0.0,1.0,,0.0,0.0653834342956543,0.9985724687576294,1.0079985857009888,,,,,,,
6977,,,,,,,,,,,,,,,0.0,1.0,,0.0,0.025936903432011604,0.9981779456138611,1.0079985857009888,,,,,,,
6978,,,,,,,,,,,,,,,0.0,1.0,,0.0,0.02461845427751541,0.9981647729873657,1.0079985857009888,,,,,,,
6979,,,,,,,,,,,,,,,0.0,1.0,,0.0,0.04219764843583107,0.9983406066894531,1.0079985857009888,,,,,,,
6980,,,,,,,,,,,,,,,0.0,1.0,,0.0,0.03500993922352791,0.998268723487854,1.0079985857009888,,,,,,,
6981,,,,,,,,,,,,,,,0.0,1.0,,0.0,0.04745635762810707,0.998393177986145,1.0079985857009888,,,,,,,
6982,,,,,,,,,,,,,,,0.0,1.0,,0.0,0.12320816516876221,0.9991506934165955,1.0079985857009888,,,,,,,
6983,,,,,,,,,,,,,,,0.0,1.0,,0.0,0.031069369986653328,0.9982293248176575,1.0079985857009888,,,,,,,
6984,,,,,,,,,,,,,,,0.0,1.0,,0.0,0.0413113534450531,0.9983317255973816,1.0079985857009888,,,,,,,
6985,,,,,,,,,,,,,,,0.0,1.0,,0.0,0.025124400854110718,0.9981698393821716,1.0079985857009888,,,,,,,
6986,,,,,,,,,,,,,,,0.0,1.0,,0.0,0.04464200884103775,0.998365044593811,1.0079985857009888,,,,,,,
6987,,,,,,,,,,,,,,,0.0,1.0,,0.0,0.05009912699460983,0.9984195828437805,1.0079985857009888,,,,,,,
6988,,,,,,,,,,,,,,,0.0,1.0,,0.0,0.05049266293644905,0.9984235167503357,1.0079985857009888,,,,,,,
6989,,,,,,,,,,,,,,,0.0,1.0,,0.0,0.04524882137775421,0.9983710646629333,1.0079985857009888,,,,,,,
6990,,,,,,,,,,,,,,,0.0,1.0,,0.0,0.03922976925969124,0.998310923576355,1.0079985857009888,,,,,,,
6991,,,,,,,,,,,,,,,0.0,1.0,,0.0,0.08982046693563461,0.9988167881965637,1.0079985857009888,,,,,,,
6992,,,,,,,,,,,,,,,0.0,1.0,,0.0,0.07114487886428833,0.9986300468444824,1.0079985857009888,,,,,,,
6993,,,,,,,,,,,,,,,0.0,1.0,,0.0,0.026393193751573563,0.9981825351715088,1.0079985857009888,,,,,,,
6994,,,,,,,,,,,,,,,0.0,1.0,,0.0,0.12694768607616425,0.9991880655288696,1.0079985857009888,,,,,,,
6995,,,,,,,,,,,,,,,0.0,1.0,,0.0,0.09363734722137451,0.9988549947738647,1.0079985857009888,,,,,,,
6996,,,,,,,,,,,,,,,0.0,1.0,,0.0,0.048824045807123184,0.9984068274497986,1.0079985857009888,,,,,,,
6997,,,,,,,,,,,,,,,0.0,1.0,,0.0,0.035390086472034454,0.9982724785804749,1.0079985857009888,,,,,,,
6998,,,,,,,,,,,,,,,0.0,1.0,,0.0,0.04348617047071457,0.9983534812927246,1.0079985857009888,,,,,,,
6999,174.0,0.13439828157424927,,0.06249625235795975,0.13439828157424927,0.0,0.13439828157424927,1.8896549940109253,0.16455288231372833,3.873528242111206,5.174563407897949,0.9788501858711243,0.9764672517776489,0.650980532169342,0.0,1.0,0.0010000000474974513,0.0,0.10208259522914886,0.9989394545555115,1.0079985857009888,0.04841471090912819,0.10208259522914886,0.10208259522914886,0.037540726363658905,0.10208259522914886,0.0,0.10208259522914886
7000,,,,,,,,,,,,,,,0.0,1.0,,0.0,0.04426601901650429,0.9983612895011902,1.0079985857009888,,,,,,,
7001,,,,,,,,,,,,,,,0.0,1.0,,0.0,0.06875723600387573,0.9986062049865723,1.0079985857009888,,,,,,,
7002,,,,,,,,,,,,,,,0.0,1.0,,0.0,0.047787684947252274,0.9983964562416077,1.0079985857009888,,,,,,,
7003,,,,,,,,,,,,,,,0.0,1.0,,0.0,0.03734293580055237,0.9982920289039612,1.0079985857009888,,,,,,,
7004,,,,,,,,,,,,,,,0.0,1.0,,0.0,0.04247603565454483,0.9983433485031128,1.0079985857009888,,,,,,,
7005,,,,,,,,,,,,,,,0.0,1.0,,0.0,0.05663065239787102,0.9984849095344543,1.0079985857009888,,,,,,,
7006,,,,,,,,,,,,,,,0.0,1.0,,0.0,0.06225403770804405,0.9985411167144775,1.0079985857009888,,,,,,,
7007,,,,,,,,,,,,,,,0.0,1.0,,0.0,0.029349492862820625,0.9982120990753174,1.0079985857009888,,,,,,,
7008,,,,,,,,,,,,,,,0.0,1.0,,0.0,0.03741098940372467,0.9982927441596985,1.0079985857009888,,,,,,,
7009,,,,,,,,,,,,,,,0.0,1.0,,0.0,0.05795694515109062,0.9984982013702393,1.0079985857009888,,,,,,,
7010,,,,,,,,,,,,,,,0.0,1.0,,0.0,0.06789170205593109,0.9985975027084351,1.0079985857009888,,,,,,,
7011,,,,,,,,,,,,,,,0.0,1.0,,0.0,0.03407410532236099,0.9982593655586243,1.0079985857009888,,,,,,,
7012,,,,,,,,,,,,,,,0.0,1.0,,0.0,0.070889413356781,0.9986274838447571,1.0079985857009888,,,,,,,
7013,,,,,,,,,,,,,,,0.0,1.0,,0.0,0.07024256885051727,0.9986210465431213,1.0079985857009888,,,,,,,
7014,,,,,,,,,,,,,,,0.0,1.0,,0.0,0.03920326381921768,0.9983106255531311,1.0079985857009888,,,,,,,
7015,,,,,,,,,,,,,,,0.0,1.0,,0.0,0.0295299980789423,0.9982138872146606,1.0079985857009888,,,,,,,
7016,,,,,,,,,,,,,,,0.0,1.0,,0.0,0.05546832084655762,0.9984732866287231,1.0079985857009888,,,,,,,
7017,,,,,,,,,,,,,,,0.0,1.0,,0.0,0.07545776665210724,0.9986732006072998,1.0079985857009888,,,,,,,
7018,,,,,,,,,,,,,,,0.0,1.0,,0.0,0.06654281169176102,0.9985840320587158,1.0079985857009888,,,,,,,
7019,,,,,,,,,,,,,,,0.0,1.0,,0.0,0.10725031793117523,0.9989911317825317,1.0079985857009888,,,,,,,
7020,,,,,,,,,,,,,,,0.0,1.0,,0.0,0.07500317692756653,0.9986686110496521,1.0079985857009888,,,,,,,
7021,,,,,,,,,,,,,,,0.0,1.0,,0.0,0.06959333270788193,0.9986145496368408,1.0079985857009888,,,,,,,
7022,,,,,,,,,,,,,,,0.0,1.0,,0.0,0.0536683015525341,0.998455286026001,1.0079985857009888,,,,,,,
7023,,,,,,,,,,,,,,,0.0,1.0,,0.0,0.03743712976574898,0.9982929825782776,1.0079985857009888,,,,,,,
7024,,,,,,,,,,,,,,,0.0,1.0,,0.0,0.03561420738697052,0.9982747435569763,1.0079985857009888,,,,,,,
7025,,,,,,,,,,,,,,,0.0,1.0,,0.0,0.03555922582745552,0.9982742071151733,1.0079985857009888,,,,,,,
7026,,,,,,,,,,,,,,,0.0,1.0,,0.0,0.03590144217014313,0.9982776045799255,1.0079985857009888,,,,,,,
7027,,,,,,,,,,,,,,,0.0,1.0,,0.0,0.09862834215164185,0.9989048838615417,1.0079985857009888,,,,,,,
7028,,,,,,,,,,,,,,,0.0,1.0,,0.0,0.031678393483161926,0.9982354044914246,1.0079985857009888,,,,,,,
7029,,,,,,,,,,,,,,,0.0,1.0,,0.0,0.040039289742708206,0.9983189702033997,1.0079985857009888,,,,,,,
7030,,,,,,,,,,,,,,,0.0,1.0,,0.0,0.02913595363497734,0.9982099533081055,1.0079985857009888,,,,,,,
7031,,,,,,,,,,,,,,,0.0,1.0,,0.0,0.03364592790603638,0.9982550740242004,1.0079985857009888,,,,,,,
7032,,,,,,,,,,,,,,,0.0,1.0,,0.0,0.046666864305734634,0.9983852505683899,1.0079985857009888,,,,,,,
7033,,,,,,,,,,,,,,,0.0,1.0,,0.0,0.05450219288468361,0.9984636306762695,1.0079985857009888,,,,,,,
7034,,,,,,,,,,,,,,,0.0,1.0,,0.0,0.07917547225952148,0.9987103343009949,1.0079985857009888,,,,,,,
7035,,,,,,,,,,,,,,,0.0,1.0,,0.0,0.01986483670771122,0.9981172680854797,1.0079985857009888,,,,,,,
7036,,,,,,,,,,,,,,,0.0,1.0,,0.0,0.062281280755996704,0.9985414147377014,1.0079985857009888,,,,,,,
7037,,,,,,,,,,,,,,,0.0,1.0,,0.0,0.038957588374614716,0.9983081817626953,1.0079985857009888,,,,,,,
7038,,,,,,,,,,,,,,,0.0,1.0,,0.0,0.046906936913728714,0.9983876943588257,1.0079985857009888,,,,,,,
7039,175.0,0.11256062984466553,,0.05424080789089203,0.11256062984466553,0.0,0.11256062984466553,1.9800738096237183,0.1676662117242813,4.164704322814941,5.3116350173950195,0.9782774448394775,0.9756762385368347,0.6612029075622559,0.0,1.0,,0.0,0.14430487155914307,0.9993616342544556,1.0079985857009888,0.04722991958260536,,,,,,
7040,,,,,,,,,,,,,,,0.0,1.0,,0.0,0.06294070184230804,0.9985480308532715,1.0079985857009888,,,,,,,
7041,,,,,,,,,,,,,,,0.0,1.0,,0.0,0.028300967067480087,0.9982016086578369,1.0079985857009888,,,,,,,
7042,,,,,,,,,,,,,,,0.0,1.0,,0.0,0.04401258006691933,0.9983587265014648,1.0079985857009888,,,,,,,
7043,,,,,,,,,,,,,,,0.0,1.0,,0.0,0.022332346066832542,0.9981419444084167,1.0079985857009888,,,,,,,
7044,,,,,,,,,,,,,,,0.0,1.0,,0.0,0.023259397596120834,0.9981511831283569,1.0079985857009888,,,,,,,
7045,,,,,,,,,,,,,,,0.0,1.0,,0.0,0.02822043001651764,0.9982008337974548,1.0079985857009888,,,,,,,
7046,,,,,,,,,,,,,,,0.0,1.0,,0.0,0.03995533660054207,0.9983181357383728,1.0079985857009888,,,,,,,
7047,,,,,,,,,,,,,,,0.0,1.0,,0.0,0.029499031603336334,0.9982135891914368,1.0079985857009888,,,,,,,
7048,,,,,,,,,,,,,,,0.0,1.0,,0.0,0.09986002743244171,0.9989172220230103,1.0079985857009888,,,,,,,
7049,176.0,0.02680385112762451,,,,,,,,,,,,,0.0,1.0,0.0010000000474974513,0.0,0.02680385112762451,0.9981866478919983,1.0079985857009888,,0.02680385112762451,0.02680385112762451,0.01276958454400301,0.02680385112762451,0.0,0.02680385112762451
7050,,,,,,,,,,,,,,,0.0,1.0,,0.0,0.05182849243283272,0.9984368681907654,1.0079985857009888,,,,,,,
7051,,,,,,,,,,,,,,,0.0,1.0,,0.0,0.03120233491063118,0.9982306361198425,1.0079985857009888,,,,,,,
7052,,,,,,,,,,,,,,,0.0,1.0,,0.0,0.057908911257982254,0.998497724533081,1.0079985857009888,,,,,,,
7053,,,,,,,,,,,,,,,0.0,1.0,,0.0,0.07778895646333694,0.998696506023407,1.0079985857009888,,,,,,,
7054,,,,,,,,,,,,,,,0.0,1.0,,0.0,0.04071611166000366,0.998325765132904,1.0079985857009888,,,,,,,
7055,,,,,,,,,,,,,,,0.0,1.0,,0.0,0.036215756088495255,0.9982807636260986,1.0079985857009888,,,,,,,
7056,,,,,,,,,,,,,,,0.0,1.0,,0.0,0.05593952164053917,0.9984779953956604,1.0079985857009888,,,,,,,
7057,,,,,,,,,,,,,,,0.0,1.0,,0.0,0.04928512126207352,0.9984114766120911,1.0079985857009888,,,,,,,
7058,,,,,,,,,,,,,,,0.0,1.0,,0.0,0.035280026495456696,0.9982714056968689,1.0079985857009888,,,,,,,
7059,,,,,,,,,,,,,,,0.0,1.0,,0.0,0.021406982094049454,0.9981326460838318,1.0079985857009888,,,,,,,
7060,,,,,,,,,,,,,,,0.0,1.0,,0.0,0.04996605962514877,0.9984182715415955,1.0079985857009888,,,,,,,
7061,,,,,,,,,,,,,,,0.0,1.0,,0.0,0.03889615833759308,0.9983075857162476,1.0079985857009888,,,,,,,
7062,,,,,,,,,,,,,,,0.0,1.0,,0.0,0.0634380653500557,0.9985529780387878,1.0079985857009888,,,,,,,
7063,,,,,,,,,,,,,,,0.0,1.0,,0.0,0.04430016875267029,0.9983615875244141,1.0079985857009888,,,,,,,
7064,,,,,,,,,,,,,,,0.0,1.0,,0.0,0.07011370360851288,0.9986197352409363,1.0079985857009888,,,,,,,
7065,,,,,,,,,,,,,,,0.0,1.0,,0.0,0.022358058020472527,0.9981421828269958,1.0079985857009888,,,,,,,
7066,,,,,,,,,,,,,,,0.0,1.0,,0.0,0.02808362804353237,0.998199462890625,1.0079985857009888,,,,,,,
7067,,,,,,,,,,,,,,,0.0,1.0,,0.0,0.0684354305267334,0.9986029863357544,1.0079985857009888,,,,,,,
7068,,,,,,,,,,,,,,,0.0,1.0,,0.0,0.02891615778207779,0.9982077479362488,1.0079985857009888,,,,,,,
7069,,,,,,,,,,,,,,,0.0,1.0,,0.0,0.06018060818314552,0.9985204339027405,1.0079985857009888,,,,,,,
7070,,,,,,,,,,,,,,,0.0,1.0,,0.0,0.12708793580532074,0.9991894960403442,1.0079985857009888,,,,,,,
7071,,,,,,,,,,,,,,,0.0,1.0,,0.0,0.040635846555233,0.998324990272522,1.0079985857009888,,,,,,,
7072,,,,,,,,,,,,,,,0.0,1.0,,0.0,0.053534235805273056,0.9984539747238159,1.0079985857009888,,,,,,,
7073,,,,,,,,,,,,,,,0.0,1.0,,0.0,0.03759480640292168,0.9982945322990417,1.0079985857009888,,,,,,,
7074,,,,,,,,,,,,,,,0.0,1.0,,0.0,0.026415333151817322,0.9981827735900879,1.0079985857009888,,,,,,,
7075,,,,,,,,,,,,,,,0.0,1.0,,0.0,0.04824080690741539,0.9984009861946106,1.0079985857009888,,,,,,,
7076,,,,,,,,,,,,,,,0.0,1.0,,0.0,0.03680882230401039,0.9982866644859314,1.0079985857009888,,,,,,,
7077,,,,,,,,,,,,,,,0.0,1.0,,0.0,0.0412738136947155,0.9983313679695129,1.0079985857009888,,,,,,,
7078,,,,,,,,,,,,,,,0.0,1.0,,0.0,0.05813535302877426,0.9984999299049377,1.0079985857009888,,,,,,,
7079,176.0,0.14874231815338135,,0.0647815689444542,0.14874231815338135,0.0,0.14874231815338135,1.8895624876022339,0.16886474192142487,3.876321315765381,5.189395904541016,0.9798351526260376,0.9777109026908875,0.7492609024047852,0.0,1.0,,0.0,0.029240168631076813,0.9982110261917114,1.0079985857009888,0.046707261353731155,,,,,,
7080,,,,,,,,,,,,,,,0.0,1.0,,0.0,0.031625859439373016,0.9982348680496216,1.0079985857009888,,,,,,,
7081,,,,,,,,,,,,,,,0.0,1.0,,0.0,0.03653489425778389,0.9982839822769165,1.0079985857009888,,,,,,,
7082,,,,,,,,,,,,,,,0.0,1.0,,0.0,0.03467806801199913,0.9982653856277466,1.0079985857009888,,,,,,,
7083,,,,,,,,,,,,,,,0.0,1.0,,0.0,0.04650142788887024,0.998383641242981,1.0079985857009888,,,,,,,
7084,,,,,,,,,,,,,,,0.0,1.0,,0.0,0.03431135043501854,0.9982616901397705,1.0079985857009888,,,,,,,
7085,,,,,,,,,,,,,,,0.0,1.0,,0.0,0.03659065067768097,0.9982845187187195,1.0079985857009888,,,,,,,
7086,,,,,,,,,,,,,,,0.0,1.0,,0.0,0.02210397645831108,0.9981396198272705,1.0079985857009888,,,,,,,
7087,,,,,,,,,,,,,,,0.0,1.0,,0.0,0.03750826418399811,0.9982936978340149,1.0079985857009888,,,,,,,
7088,,,,,,,,,,,,,,,0.0,1.0,,0.0,0.047318246215581894,0.9983918070793152,1.0079985857009888,,,,,,,
7089,,,,,,,,,,,,,,,0.0,1.0,,0.0,0.07872581481933594,0.9987058639526367,1.0079985857009888,,,,,,,
7090,,,,,,,,,,,,,,,0.0,1.0,,0.0,0.03638520836830139,0.9982824325561523,1.0079985857009888,,,,,,,
7091,,,,,,,,,,,,,,,0.0,1.0,,0.0,0.06053319200873375,0.9985239505767822,1.0079985857009888,,,,,,,
7092,,,,,,,,,,,,,,,0.0,1.0,,0.0,0.035972245037555695,0.9982783198356628,1.0079985857009888,,,,,,,
7093,,,,,,,,,,,,,,,0.0,1.0,,0.0,0.04829015955328941,0.9984015226364136,1.0079985857009888,,,,,,,
7094,,,,,,,,,,,,,,,0.0,1.0,,0.0,0.057970356196165085,0.9984983205795288,1.0079985857009888,,,,,,,
7095,,,,,,,,,,,,,,,0.0,1.0,,0.0,0.03501531109213829,0.9982687830924988,1.0079985857009888,,,,,,,
7096,,,,,,,,,,,,,,,0.0,1.0,,0.0,0.03799660876393318,0.9982985854148865,1.0079985857009888,,,,,,,
7097,,,,,,,,,,,,,,,0.0,1.0,,0.0,0.046659328043460846,0.9983851909637451,1.0079985857009888,,,,,,,
7098,,,,,,,,,,,,,,,0.0,1.0,,0.0,0.06560725718736649,0.9985746741294861,1.0079985857009888,,,,,,,
7099,177.0,0.04940876364707947,,,,,,,,,,,,,0.0,1.0,0.0010000000474974513,0.0,0.04940876364707947,0.9984126687049866,1.0079985857009888,,0.04940876364707947,0.04940876364707947,0.021375536918640137,0.04940876364707947,0.0,0.04940876364707947
7100,,,,,,,,,,,,,,,0.0,1.0,,0.0,0.032915230840444565,0.9982477426528931,1.0079985857009888,,,,,,,
7101,,,,,,,,,,,,,,,0.0,1.0,,0.0,0.03221503645181656,0.9982407689094543,1.0079985857009888,,,,,,,
7102,,,,,,,,,,,,,,,0.0,1.0,,0.0,0.03744494542479515,0.9982930421829224,1.0079985857009888,,,,,,,
7103,,,,,,,,,,,,,,,0.0,1.0,,0.0,0.03832336515188217,0.9983018636703491,1.0079985857009888,,,,,,,
7104,,,,,,,,,,,,,,,0.0,1.0,,0.0,0.05943116173148155,0.9985129237174988,1.0079985857009888,,,,,,,
7105,,,,,,,,,,,,,,,0.0,1.0,,0.0,0.054265446960926056,0.9984612464904785,1.0079985857009888,,,,,,,
7106,,,,,,,,,,,,,,,0.0,1.0,,0.0,0.06930513679981232,0.9986116290092468,1.0079985857009888,,,,,,,
7107,,,,,,,,,,,,,,,0.0,1.0,,0.0,0.036400895565748215,0.9982826113700867,1.0079985857009888,,,,,,,
7108,,,,,,,,,,,,,,,0.0,1.0,,0.0,0.059533677995204926,0.99851393699646,1.0079985857009888,,,,,,,
7109,,,,,,,,,,,,,,,0.0,1.0,,0.0,0.042140085250139236,0.9983400106430054,1.0079985857009888,,,,,,,
7110,,,,,,,,,,,,,,,0.0,1.0,,0.0,0.048160988837480545,0.9984002113342285,1.0079985857009888,,,,,,,
7111,,,,,,,,,,,,,,,0.0,1.0,,0.0,0.038410402834415436,0.998302698135376,1.0079985857009888,,,,,,,
7112,,,,,,,,,,,,,,,0.0,1.0,,0.0,0.050295472145080566,0.9984215497970581,1.0079985857009888,,,,,,,
7113,,,,,,,,,,,,,,,0.0,1.0,,0.0,0.03676949068903923,0.9982863068580627,1.0079985857009888,,,,,,,
7114,,,,,,,,,,,,,,,0.0,1.0,,0.0,0.05003002658486366,0.998418927192688,1.0079985857009888,,,,,,,
7115,,,,,,,,,,,,,,,0.0,1.0,,0.0,0.03986537083983421,0.9983172416687012,1.0079985857009888,,,,,,,
7116,,,,,,,,,,,,,,,0.0,1.0,,0.0,0.05706512928009033,0.998489260673523,1.0079985857009888,,,,,,,
7117,,,,,,,,,,,,,,,0.0,1.0,,0.0,0.05525778606534004,0.998471200466156,1.0079985857009888,,,,,,,
7118,,,,,,,,,,,,,,,0.0,1.0,,0.0,0.03181777521967888,0.9982367753982544,1.0079985857009888,,,,,,,
7119,177.0,0.14558471739292145,,0.06597229838371277,0.14558471739292145,0.0,0.14558471739292145,2.140153646469116,0.18663647770881653,4.547987461090088,6.089656829833984,0.9789581298828125,0.9764998555183411,0.8856223225593567,0.0,1.0,,0.0,0.03506653010845184,0.998269259929657,1.0079985857009888,0.05210695043206215,,,,,,
7120,,,,,,,,,,,,,,,0.0,1.0,,0.0,0.0391383059322834,0.9983099699020386,1.0079985857009888,,,,,,,
7121,,,,,,,,,,,,,,,0.0,1.0,,0.0,0.05570545792579651,0.9984756708145142,1.0079985857009888,,,,,,,
7122,,,,,,,,,,,,,,,0.0,1.0,,0.0,0.06008491292595863,0.9985194802284241,1.0079985857009888,,,,,,,
7123,,,,,,,,,,,,,,,0.0,1.0,,0.0,0.025554073974490166,0.9981741309165955,1.0079985857009888,,,,,,,
7124,,,,,,,,,,,,,,,0.0,1.0,,0.0,0.03102288208901882,0.9982288479804993,1.0079985857009888,,,,,,,
7125,,,,,,,,,,,,,,,0.0,1.0,,0.0,0.05427240580320358,0.9984613060951233,1.0079985857009888,,,,,,,
7126,,,,,,,,,,,,,,,0.0,1.0,,0.0,0.033155422657728195,0.9982501864433289,1.0079985857009888,,,,,,,
7127,,,,,,,,,,,,,,,0.0,1.0,,0.0,0.07777460664510727,0.9986963272094727,1.0079985857009888,,,,,,,
7128,,,,,,,,,,,,,,,0.0,1.0,,0.0,0.0621994286775589,0.9985405802726746,1.0079985857009888,,,,,,,
7129,,,,,,,,,,,,,,,0.0,1.0,,0.0,0.07986754179000854,0.9987173080444336,1.0079985857009888,,,,,,,
7130,,,,,,,,,,,,,,,0.0,1.0,,0.0,0.03786978870630264,0.9982972741127014,1.0079985857009888,,,,,,,
7131,,,,,,,,,,,,,,,0.0,1.0,,0.0,0.08192519098520279,0.9987378716468811,1.0079985857009888,,,,,,,
7132,,,,,,,,,,,,,,,0.0,1.0,,0.0,0.04227606952190399,0.9983413815498352,1.0079985857009888,,,,,,,
7133,,,,,,,,,,,,,,,0.0,1.0,,0.0,0.03595779836177826,0.9982782006263733,1.0079985857009888,,,,,,,
7134,,,,,,,,,,,,,,,0.0,1.0,,0.0,0.058031003922224045,0.9984989166259766,1.0079985857009888,,,,,,,
7135,,,,,,,,,,,,,,,0.0,1.0,,0.0,0.03488646075129509,0.9982674717903137,1.0079985857009888,,,,,,,
7136,,,,,,,,,,,,,,,0.0,1.0,,0.0,0.052747759968042374,0.9984461069107056,1.0079985857009888,,,,,,,
7137,,,,,,,,,,,,,,,0.0,1.0,,0.0,0.026281699538230896,0.9981814026832581,1.0079985857009888,,,,,,,
7138,,,,,,,,,,,,,,,0.0,1.0,,0.0,0.051499318331480026,0.9984335899353027,1.0079985857009888,,,,,,,
7139,,,,,,,,,,,,,,,0.0,1.0,,0.0,0.044142644852399826,0.9983600378036499,1.0079985857009888,,,,,,,
7140,,,,,,,,,,,,,,,0.0,1.0,,0.0,0.030575640499591827,0.9982243776321411,1.0079985857009888,,,,,,,
7141,,,,,,,,,,,,,,,0.0,1.0,,0.0,0.06090722233057022,0.9985277056694031,1.0079985857009888,,,,,,,
7142,,,,,,,,,,,,,,,0.0,1.0,,0.0,0.05369189381599426,0.9984555244445801,1.0079985857009888,,,,,,,
7143,,,,,,,,,,,,,,,0.0,1.0,,0.0,0.03359002247452736,0.9982544779777527,1.0079985857009888,,,,,,,
7144,,,,,,,,,,,,,,,0.0,1.0,,0.0,0.05896731838583946,0.9985082745552063,1.0079985857009888,,,,,,,
7145,,,,,,,,,,,,,,,0.0,1.0,,0.0,0.0807361900806427,0.998725950717926,1.0079985857009888,,,,,,,
7146,,,,,,,,,,,,,,,0.0,1.0,,0.0,0.0663786381483078,0.9985823631286621,1.0079985857009888,,,,,,,
7147,,,,,,,,,,,,,,,0.0,1.0,,0.0,0.048842061311006546,0.9984070062637329,1.0079985857009888,,,,,,,
7148,,,,,,,,,,,,,,,0.0,1.0,,0.0,0.03294970467686653,0.9982481002807617,1.0079985857009888,,,,,,,
7149,178.0,0.02522224374115467,,,,,,,,,,,,,0.0,1.0,0.0010000000474974513,0.0,0.02522224374115467,0.9981708526611328,1.0079985857009888,,0.02522224374115467,0.02522224374115467,0.017443262040615082,0.02522224374115467,0.0,0.02522224374115467
7150,,,,,,,,,,,,,,,0.0,1.0,,0.0,0.0408121682703495,0.9983267188072205,1.0079985857009888,,,,,,,
7151,,,,,,,,,,,,,,,0.0,1.0,,0.0,0.030141504481434822,0.9982200264930725,1.0079985857009888,,,,,,,
7152,,,,,,,,,,,,,,,0.0,1.0,,0.0,0.04315871372818947,0.998350203037262,1.0079985857009888,,,,,,,
7153,,,,,,,,,,,,,,,0.0,1.0,,0.0,0.028581708669662476,0.9982044100761414,1.0079985857009888,,,,,,,
7154,,,,,,,,,,,,,,,0.0,1.0,,0.0,0.02788388542830944,0.9981974363327026,1.0079985857009888,,,,,,,
7155,,,,,,,,,,,,,,,0.0,1.0,,0.0,0.07091499865055084,0.998627781867981,1.0079985857009888,,,,,,,
7156,,,,,,,,,,,,,,,0.0,1.0,,0.0,0.0534730963408947,0.9984533190727234,1.0079985857009888,,,,,,,
7157,,,,,,,,,,,,,,,0.0,1.0,,0.0,0.07459904998540878,0.9986646175384521,1.0079985857009888,,,,,,,
7158,,,,,,,,,,,,,,,0.0,1.0,,0.0,0.02754056453704834,0.9981940388679504,1.0079985857009888,,,,,,,
7159,178.0,0.13970448076725006,,0.06414634734392166,0.13970448076725006,0.0,0.13970448076725006,2.228442668914795,0.19253212213516235,4.70563268661499,6.0582275390625,0.9777019023895264,0.9748902320861816,0.8319335579872131,0.0,1.0,,0.0,0.06260208785533905,0.9985446333885193,1.0079985857009888,0.050371862947940826,,,,,,
7160,,,,,,,,,,,,,,,0.0,1.0,,0.0,0.031593844294548035,0.9982345700263977,1.0079985857009888,,,,,,,
7161,,,,,,,,,,,,,,,0.0,1.0,,0.0,0.031639184802770615,0.9982349872589111,1.0079985857009888,,,,,,,
7162,,,,,,,,,,,,,,,0.0,1.0,,0.0,0.058872468769550323,0.9985073208808899,1.0079985857009888,,,,,,,
7163,,,,,,,,,,,,,,,0.0,1.0,,0.0,0.038449570536613464,0.9983031153678894,1.0079985857009888,,,,,,,
7164,,,,,,,,,,,,,,,0.0,1.0,,0.0,0.024593129754066467,0.9981645345687866,1.0079985857009888,,,,,,,
7165,,,,,,,,,,,,,,,0.0,1.0,,0.0,0.045759499073028564,0.998376190662384,1.0079985857009888,,,,,,,
7166,,,,,,,,,,,,,,,0.0,1.0,,0.0,0.04068790748715401,0.9983254671096802,1.0079985857009888,,,,,,,
7167,,,,,,,,,,,,,,,0.0,1.0,,0.0,0.06874386221170425,0.9986060261726379,1.0079985857009888,,,,,,,
7168,,,,,,,,,,,,,,,0.0,1.0,,0.0,0.060738325119018555,0.9985259771347046,1.0079985857009888,,,,,,,
7169,,,,,,,,,,,,,,,0.0,1.0,,0.0,0.030973676592111588,0.9982283711433411,1.0079985857009888,,,,,,,
7170,,,,,,,,,,,,,,,0.0,1.0,,0.0,0.031211376190185547,0.9982306957244873,1.0079985857009888,,,,,,,
7171,,,,,,,,,,,,,,,0.0,1.0,,0.0,0.04103267937898636,0.9983289241790771,1.0079985857009888,,,,,,,
7172,,,,,,,,,,,,,,,0.0,1.0,,0.0,0.03732717037200928,0.9982918500900269,1.0079985857009888,,,,,,,
7173,,,,,,,,,,,,,,,0.0,1.0,,0.0,0.03851611912250519,0.9983037710189819,1.0079985857009888,,,,,,,
7174,,,,,,,,,,,,,,,0.0,1.0,,0.0,0.032166656106710434,0.9982402920722961,1.0079985857009888,,,,,,,
7175,,,,,,,,,,,,,,,0.0,1.0,,0.0,0.02686166949570179,0.998187243938446,1.0079985857009888,,,,,,,
7176,,,,,,,,,,,,,,,0.0,1.0,,0.0,0.03463006392121315,0.9982649087905884,1.0079985857009888,,,,,,,
7177,,,,,,,,,,,,,,,0.0,1.0,,0.0,0.06337609142065048,0.9985523819923401,1.0079985857009888,,,,,,,
7178,,,,,,,,,,,,,,,0.0,1.0,,0.0,0.024446604773402214,0.9981630444526672,1.0079985857009888,,,,,,,
7179,,,,,,,,,,,,,,,0.0,1.0,,0.0,0.01908494345843792,0.9981094598770142,1.0079985857009888,,,,,,,
7180,,,,,,,,,,,,,,,0.0,1.0,,0.0,0.036451369524002075,0.9982831478118896,1.0079985857009888,,,,,,,
7181,,,,,,,,,,,,,,,0.0,1.0,,0.0,0.022777210921049118,0.9981463551521301,1.0079985857009888,,,,,,,
7182,,,,,,,,,,,,,,,0.0,1.0,,0.0,0.04236823692917824,0.9983422756195068,1.0079985857009888,,,,,,,
7183,,,,,,,,,,,,,,,0.0,1.0,,0.0,0.09660513699054718,0.9988846778869629,1.0079985857009888,,,,,,,
7184,,,,,,,,,,,,,,,0.0,1.0,,0.0,0.04910200834274292,0.998409628868103,1.0079985857009888,,,,,,,
7185,,,,,,,,,,,,,,,0.0,1.0,,0.0,0.03502066060900688,0.9982687830924988,1.0079985857009888,,,,,,,
7186,,,,,,,,,,,,,,,0.0,1.0,,0.0,0.02418186143040657,0.9981604218482971,1.0079985857009888,,,,,,,
7187,,,,,,,,,,,,,,,0.0,1.0,,0.0,0.020746268332004547,0.9981260895729065,1.0079985857009888,,,,,,,
7188,,,,,,,,,,,,,,,0.0,1.0,,0.0,0.02958858199417591,0.9982144832611084,1.0079985857009888,,,,,,,
7189,,,,,,,,,,,,,,,0.0,1.0,,0.0,0.06835680454969406,0.9986021518707275,1.0079985857009888,,,,,,,
7190,,,,,,,,,,,,,,,0.0,1.0,,0.0,0.04907570406794548,0.9984093904495239,1.0079985857009888,,,,,,,
7191,,,,,,,,,,,,,,,0.0,1.0,,0.0,0.026149267330765724,0.998180091381073,1.0079985857009888,,,,,,,
7192,,,,,,,,,,,,,,,0.0,1.0,,0.0,0.028602885082364082,0.9982046484947205,1.0079985857009888,,,,,,,
7193,,,,,,,,,,,,,,,0.0,1.0,,0.0,0.022581741213798523,0.9981444478034973,1.0079985857009888,,,,,,,
7194,,,,,,,,,,,,,,,0.0,1.0,,0.0,0.025783346965909004,0.9981764554977417,1.0079985857009888,,,,,,,
7195,,,,,,,,,,,,,,,0.0,1.0,,0.0,0.023583542555570602,0.9981544613838196,1.0079985857009888,,,,,,,
7196,,,,,,,,,,,,,,,0.0,1.0,,0.0,0.053071778267621994,0.9984493255615234,1.0079985857009888,,,,,,,
7197,,,,,,,,,,,,,,,0.0,1.0,,0.0,0.03652854263782501,0.998283863067627,1.0079985857009888,,,,,,,
7198,,,,,,,,,,,,,,,0.0,1.0,,0.0,0.02531113475561142,0.9981717467308044,1.0079985857009888,,,,,,,
7199,179.0,0.15514612197875977,,0.06589285284280777,0.15514612197875977,0.0,0.15514612197875977,2.039998769760132,0.18079279363155365,4.183901786804199,5.512389183044434,0.9782580733299255,0.9756817817687988,0.9144045114517212,0.0,1.0,0.0010000000474974513,0.0,0.04088667780160904,0.9983274936676025,1.0079985857009888,0.04410110041499138,0.04088667780160904,0.04088667780160904,0.017957519739866257,0.04088667780160904,0.0,0.04088667780160904
7200,,,,,,,,,,,,,,,0.0,1.0,,0.0,0.07260439544916153,0.9986446499824524,1.0079985857009888,,,,,,,
7201,,,,,,,,,,,,,,,0.0,1.0,,0.0,0.056291885673999786,0.9984815120697021,1.0079985857009888,,,,,,,
7202,,,,,,,,,,,,,,,0.0,1.0,,0.0,0.033607855439186096,0.998254656791687,1.0079985857009888,,,,,,,
7203,,,,,,,,,,,,,,,0.0,1.0,,0.0,0.043032288551330566,0.9983489513397217,1.0079985857009888,,,,,,,
7204,,,,,,,,,,,,,,,0.0,1.0,,0.0,0.05799206346273422,0.9984984993934631,1.0079985857009888,,,,,,,
7205,,,,,,,,,,,,,,,0.0,1.0,,0.0,0.03115685097873211,0.9982301592826843,1.0079985857009888,,,,,,,
7206,,,,,,,,,,,,,,,0.0,1.0,,0.0,0.038228683173656464,0.9983009099960327,1.0079985857009888,,,,,,,
7207,,,,,,,,,,,,,,,0.0,1.0,,0.0,0.02827940694987774,0.9982013702392578,1.0079985857009888,,,,,,,
7208,,,,,,,,,,,,,,,0.0,1.0,,0.0,0.03568233549594879,0.9982754588127136,1.0079985857009888,,,,,,,
7209,,,,,,,,,,,,,,,0.0,1.0,,0.0,0.03303323686122894,0.9982489347457886,1.0079985857009888,,,,,,,
7210,,,,,,,,,,,,,,,0.0,1.0,,0.0,0.034712567925453186,0.9982657432556152,1.0079985857009888,,,,,,,
7211,,,,,,,,,,,,,,,0.0,1.0,,0.0,0.04778974503278732,0.9983965158462524,1.0079985857009888,,,,,,,
7212,,,,,,,,,,,,,,,0.0,1.0,,0.0,0.0407642163336277,0.9983262419700623,1.0079985857009888,,,,,,,
7213,,,,,,,,,,,,,,,0.0,1.0,,0.0,0.03021853230893612,0.9982208013534546,1.0079985857009888,,,,,,,
7214,,,,,,,,,,,,,,,0.0,1.0,,0.0,0.03606820106506348,0.9982792735099792,1.0079985857009888,,,,,,,
7215,,,,,,,,,,,,,,,0.0,1.0,,0.0,0.04535996913909912,0.9983721971511841,1.0079985857009888,,,,,,,
7216,,,,,,,,,,,,,,,0.0,1.0,,0.0,0.03564866632223129,0.998275101184845,1.0079985857009888,,,,,,,
7217,,,,,,,,,,,,,,,0.0,1.0,,0.0,0.02146083675324917,0.9981332421302795,1.0079985857009888,,,,,,,
7218,,,,,,,,,,,,,,,0.0,1.0,,0.0,0.03389656916260719,0.998257577419281,1.0079985857009888,,,,,,,
7219,,,,,,,,,,,,,,,0.0,1.0,,0.0,0.043679386377334595,0.9983553886413574,1.0079985857009888,,,,,,,
7220,,,,,,,,,,,,,,,0.0,1.0,,0.0,0.04006980359554291,0.9983193278312683,1.0079985857009888,,,,,,,
7221,,,,,,,,,,,,,,,0.0,1.0,,0.0,0.03237054869532585,0.9982423186302185,1.0079985857009888,,,,,,,
7222,,,,,,,,,,,,,,,0.0,1.0,,0.0,0.049134548753499985,0.9984099268913269,1.0079985857009888,,,,,,,
7223,,,,,,,,,,,,,,,0.0,1.0,,0.0,0.042232122272253036,0.998340904712677,1.0079985857009888,,,,,,,
7224,,,,,,,,,,,,,,,0.0,1.0,,0.0,0.03535560891032219,0.998272180557251,1.0079985857009888,,,,,,,
7225,,,,,,,,,,,,,,,0.0,1.0,,0.0,0.032443225383758545,0.9982430338859558,1.0079985857009888,,,,,,,
7226,,,,,,,,,,,,,,,0.0,1.0,,0.0,0.041603997349739075,0.9983346462249756,1.0079985857009888,,,,,,,
7227,,,,,,,,,,,,,,,0.0,1.0,,0.0,0.08743876963853836,0.9987930059432983,1.0079985857009888,,,,,,,
7228,,,,,,,,,,,,,,,0.0,1.0,,0.0,0.0338953398168087,0.998257577419281,1.0079985857009888,,,,,,,
7229,,,,,,,,,,,,,,,0.0,1.0,,0.0,0.028337735682725906,0.9982019662857056,1.0079985857009888,,,,,,,
7230,,,,,,,,,,,,,,,0.0,1.0,,0.0,0.04009750485420227,0.9983195662498474,1.0079985857009888,,,,,,,
7231,,,,,,,,,,,,,,,0.0,1.0,,0.0,0.04545959085226059,0.9983732104301453,1.0079985857009888,,,,,,,
7232,,,,,,,,,,,,,,,0.0,1.0,,0.0,0.02789122425019741,0.9981974959373474,1.0079985857009888,,,,,,,
7233,,,,,,,,,,,,,,,0.0,1.0,,0.0,0.03541727736592293,0.9982727766036987,1.0079985857009888,,,,,,,
7234,,,,,,,,,,,,,,,0.0,1.0,,0.0,0.05767013132572174,0.9984952807426453,1.0079985857009888,,,,,,,
7235,,,,,,,,,,,,,,,0.0,1.0,,0.0,0.023370273411273956,0.9981523156166077,1.0079985857009888,,,,,,,
7236,,,,,,,,,,,,,,,0.0,1.0,,0.0,0.02859445847570896,0.9982045292854309,1.0079985857009888,,,,,,,
7237,,,,,,,,,,,,,,,0.0,1.0,,0.0,0.05133751779794693,0.9984319806098938,1.0079985857009888,,,,,,,
