CMA-ES with LHS + Normalized Space on CUDA
  Loss: L1_STFT_log
  Available losses: MSS, SC+LogMag, CQT_L1, CQT+LogDec, Mel, LSD, L1_STFT, L1_STFT_1024, MultiResCQT, VQT, Gammatone, Envelope, ESR, FreqDecay, Subband, ModalDensity, Dispersion, CentroidTraj, OnsetDisp, NullPattern, GroupDelay, ComplexSTFT, InstFreq, Scattering1D, SoftDTW_Mel, L1, L2, L1_STFT_512, L1_STFT_2048, L1_STFT_8192, L1_STFT_multi, L1_STFT_log, L1_STFT_sc, L1_STFT_log_multi, L1_STFT_sc_multi, L1_STFT_log_sc, SmoothMSS, SmoothMSS_resmatch, L1_STFT_c2, L1_STFT_pow, SOT, SOT_lin, SOT_lin_paper, Mel_linear, L1_STFT_log_masked, L1_STFT_masked, SI-SDR, EDC, EDR, MFCC, SpectralOT_LP
  Trials: 1
  Duration: 0.25s
  Search: normalized [-1, 1] space; expanded to physical bounds for synthesis
  sigma0: 0.6
  tolfun: 1e-05
  tolfunhist: 1e-05
  pruner_min_resource: 15
  pruner_reduction_factor: 3

============================================================
[1/200] random_IR_0001.npz
  GT loss: 0.000000
  terrain_mean=1.092365  early_threshold=0.010377  (alpha=0.0095)
  tolfun=0.00568 tolfunhist=0.00568  (frac=0.0052 of range=1.09)
    --> Trial 0 | pop=41 seed=95072 x0_norm_min=-0.951 x0_norm_max=0.812
        [Trial 0] gen   20  evals=  820  best=0.6641
        [Trial 0] gen   40  evals= 1640  best=0.6565
        [Trial 0] gen   60  evals= 2460  best=0.6565
        [Trial 0] gen   80  evals= 3280  best=0.6565
        [Trial 0] gen  100  evals= 4100  best=0.6565
        [Trial 0] gen  120  evals= 4920  best=0.6565
        [Trial 0] gen  140  evals= 5740  best=0.6565
        [Trial 0] gen  160  evals= 6560  best=0.6565
        [Trial 0] gen  180  evals= 7380  best=0.6565
        [Trial 0] gen  200  evals= 8200  best=0.6565
        [Trial 0] gen  220  evals= 9020  best=0.6565
        [Trial 0] gen  240  evals= 9840  best=0.6545
        [Trial 0] gen  260  evals=10660  best=0.6545
        [Trial 0] gen  280  evals=11480  best=0.6528
        [Trial 0] gen  300  evals=12300  best=0.6512
        [Trial 0] gen  320  evals=13120  best=0.6473
        [Done] Trial 0 best=0.6473

  Winner: Trial 0, loss=0.647349 (598s)
    Restarts run: 1
    mu: 17.281806
    D_mu: 0.475024
    T0_mu: 38.901478
    Ly: 2.409338
    op_x: 0.792054
    op_y: 0.795064
    NMSE: 0.022810
  [Saved] random_IR_0001

============================================================
[2/200] random_IR_0002.npz
  GT loss: 0.000000
  terrain_mean=1.149120  early_threshold=0.010917  (alpha=0.0095)
  tolfun=0.00598 tolfunhist=0.00598  (frac=0.0052 of range=1.15)
    --> Trial 0 | pop=41 seed=95072 x0_norm_min=-0.951 x0_norm_max=0.812
        [Trial 0] gen   20  evals=  820  best=0.7447
        [Trial 0] gen   40  evals= 1640  best=0.7424
        [Trial 0] gen   60  evals= 2460  best=0.7305
        [Trial 0] gen   80  evals= 3280  best=0.7255
        [Trial 0] gen  100  evals= 4100  best=0.7255
        [Trial 0] gen  120  evals= 4920  best=0.7058
        [Trial 0] gen  140  evals= 5740  best=0.7058
        [Trial 0] gen  160  evals= 6560  best=0.7058
        [Trial 0] gen  180  evals= 7380  best=0.7058
        [Trial 0] gen  200  evals= 8200  best=0.7055
        [Trial 0] gen  220  evals= 9020  best=0.7055
        [Trial 0] gen  240  evals= 9840  best=0.7055
        [Trial 0] gen  260  evals=10660  best=0.7027
        [Trial 0] gen  280  evals=11480  best=0.6998
        [Trial 0] gen  300  evals=12300  best=0.6961
        [Trial 0] gen  320  evals=13120  best=0.6915
        [Done] Trial 0 best=0.6915

  Winner: Trial 0, loss=0.691523 (394s)
    Restarts run: 1
    mu: 33.602303
    D_mu: 2.867641
    T0_mu: 3.635932
    Ly: 3.862341
    op_x: 0.899484
    op_y: 0.696705
    NMSE: 0.098986
  [Saved] random_IR_0002

============================================================
[3/200] random_IR_0003.npz
  GT loss: 0.000000
  terrain_mean=1.453290  early_threshold=0.013806  (alpha=0.0095)
  tolfun=0.00756 tolfunhist=0.00756  (frac=0.0052 of range=1.45)
    --> Trial 0 | pop=41 seed=95072 x0_norm_min=-0.951 x0_norm_max=0.812
        [Trial 0] gen   20  evals=  820  best=0.6593
        [Trial 0] gen   40  evals= 1640  best=0.6271
        [Trial 0] gen   60  evals= 2460  best=0.6147
        [Trial 0] gen   80  evals= 3280  best=0.6147
        [Trial 0] gen  100  evals= 4100  best=0.6097
        [Trial 0] gen  120  evals= 4920  best=0.6097
        [Trial 0] gen  140  evals= 5740  best=0.6097
        [Trial 0] gen  160  evals= 6560  best=0.6097
        [Trial 0] gen  180  evals= 7380  best=0.6097
        [Trial 0] gen  200  evals= 8200  best=0.6097
        [Trial 0] gen  220  evals= 9020  best=0.6097
        [Trial 0] gen  240  evals= 9840  best=0.6090
        [Trial 0] gen  260  evals=10660  best=0.6070
        [Trial 0] gen  280  evals=11480  best=0.6070
        [Trial 0] gen  300  evals=12300  best=0.6070
        [Trial 0] gen  320  evals=13120  best=0.6070
        [Done] Trial 0 best=0.6070

  Winner: Trial 0, loss=0.606986 (326s)
    Restarts run: 1
    mu: 28.705714
    D_mu: 4.111610
    T0_mu: 0.028457
    Ly: 3.838174
    op_x: 0.987472
    op_y: 0.759126
    NMSE: 0.166048
  [Saved] random_IR_0003

============================================================
[4/200] random_IR_0004.npz
  GT loss: 0.000000
  terrain_mean=1.207536  early_threshold=0.011472  (alpha=0.0095)
  tolfun=0.00628 tolfunhist=0.00628  (frac=0.0052 of range=1.21)
    --> Trial 0 | pop=41 seed=95072 x0_norm_min=-0.951 x0_norm_max=0.812
        [Trial 0] gen   20  evals=  820  best=0.6458
        [Trial 0] gen   40  evals= 1640  best=0.6406
        [Trial 0] gen   60  evals= 2460  best=0.6406
        [Trial 0] gen   80  evals= 3280  best=0.6238
        [Trial 0] gen  100  evals= 4100  best=0.6238
        [Trial 0] gen  120  evals= 4920  best=0.6194
        [Trial 0] gen  140  evals= 5740  best=0.6194
        [Trial 0] gen  160  evals= 6560  best=0.6194
        [Trial 0] gen  180  evals= 7380  best=0.6194
        [Trial 0] gen  200  evals= 8200  best=0.6114
        [Trial 0] gen  220  evals= 9020  best=0.6114
        [Trial 0] gen  240  evals= 9840  best=0.6114
        [Trial 0] gen  260  evals=10660  best=0.6114
        [Trial 0] gen  280  evals=11480  best=0.6114
        [Trial 0] gen  300  evals=12300  best=0.6114
        [Trial 0] gen  320  evals=13120  best=0.6114
        [Trial 0] gen  340  evals=13940  best=0.6114
        [Trial 0] gen  360  evals=14760  best=0.6085
        [Trial 0] gen  380  evals=15580  best=0.6066
        [Trial 0] gen  400  evals=16400  best=0.6066
        [Done] Trial 0 best=0.6066

  Winner: Trial 0, loss=0.606607 (251s)
    Restarts run: 1
    mu: 3.734602
    D_mu: 2.429865
    T0_mu: 196.375663
    Ly: 1.645216
    op_x: 0.934710
    op_y: 0.913286
    NMSE: 0.174126
  [Saved] random_IR_0004

============================================================
[5/200] random_IR_0005.npz
  GT loss: 0.000000
  terrain_mean=1.190019  early_threshold=0.011305  (alpha=0.0095)
  tolfun=0.00619 tolfunhist=0.00619  (frac=0.0052 of range=1.19)
    --> Trial 0 | pop=41 seed=95072 x0_norm_min=-0.951 x0_norm_max=0.812
        [Trial 0] gen   20  evals=  820  best=0.6511
        [Trial 0] gen   40  evals= 1640  best=0.6511
        [Trial 0] gen   60  evals= 2460  best=0.6511
        [Trial 0] gen   80  evals= 3280  best=0.6511
        [Trial 0] gen  100  evals= 4100  best=0.6482
        [Trial 0] gen  120  evals= 4920  best=0.6405
        [Trial 0] gen  140  evals= 5740  best=0.6405
        [Trial 0] gen  160  evals= 6560  best=0.6376
        [Trial 0] gen  180  evals= 7380  best=0.6290
        [Trial 0] gen  200  evals= 8200  best=0.6256
        [Done] Trial 0 best=0.6256

  Winner: Trial 0, loss=0.625606 (293s)
    Restarts run: 1
    mu: 21.240879
    D_mu: 0.715162
    T0_mu: 17.280240
    Ly: 2.670769
    op_x: 0.554909
    op_y: 0.623542
    NMSE: 0.054578
  [Saved] random_IR_0005

============================================================
[6/200] random_IR_0006.npz
  GT loss: 0.000000
  terrain_mean=1.035155  early_threshold=0.009834  (alpha=0.0095)
  tolfun=0.00538 tolfunhist=0.00538  (frac=0.0052 of range=1.04)
    --> Trial 0 | pop=41 seed=95072 x0_norm_min=-0.951 x0_norm_max=0.812
        [Trial 0] gen   20  evals=  820  best=0.5758
        [Trial 0] gen   40  evals= 1640  best=0.5749
        [Trial 0] gen   60  evals= 2460  best=0.5749
        [Trial 0] gen   80  evals= 3280  best=0.5749
        [Trial 0] gen  100  evals= 4100  best=0.5749
        [Trial 0] gen  120  evals= 4920  best=0.5749
        [Trial 0] gen  140  evals= 5740  best=0.5749
        [Trial 0] gen  160  evals= 6560  best=0.5749
        [Trial 0] gen  180  evals= 7380  best=0.5749
        [Trial 0] gen  200  evals= 8200  best=0.5749
        [Trial 0] gen  220  evals= 9020  best=0.5749
        [Trial 0] gen  240  evals= 9840  best=0.5749
        [Trial 0] gen  260  evals=10660  best=0.5749
        [Trial 0] gen  280  evals=11480  best=0.5749
        [Trial 0] gen  300  evals=12300  best=0.5749
        [Trial 0] gen  320  evals=13120  best=0.5749
        [Trial 0] gen  340  evals=13940  best=0.5749
        [Trial 0] gen  360  evals=14760  best=0.5749
        [Trial 0] gen  380  evals=15580  best=0.5749
        [Trial 0] gen  400  evals=16400  best=0.5749
        [Done] Trial 0 best=0.5749

  Winner: Trial 0, loss=0.574860 (283s)
    Restarts run: 1
    mu: 8.271278
    D_mu: 0.791637
    T0_mu: 105.144734
    Ly: 3.713420
    op_x: 0.684806
    op_y: 0.540581
    NMSE: 0.104389
  [Saved] random_IR_0006

============================================================
[7/200] random_IR_0007.npz
  GT loss: 0.000000
  terrain_mean=1.125584  early_threshold=0.010693  (alpha=0.0095)
  tolfun=0.00585 tolfunhist=0.00585  (frac=0.0052 of range=1.13)
    --> Trial 0 | pop=41 seed=95072 x0_norm_min=-0.951 x0_norm_max=0.812
        [Trial 0] gen   20  evals=  820  best=0.6123
        [Trial 0] gen   40  evals= 1640  best=0.6012
        [Trial 0] gen   60  evals= 2460  best=0.6005
        [Trial 0] gen   80  evals= 3280  best=0.6005
        [Trial 0] gen  100  evals= 4100  best=0.6005
        [Trial 0] gen  120  evals= 4920  best=0.5960
        [Trial 0] gen  140  evals= 5740  best=0.5950
        [Trial 0] gen  160  evals= 6560  best=0.5950
        [Trial 0] gen  180  evals= 7380  best=0.5950
        [Trial 0] gen  200  evals= 8200  best=0.5950
        [Trial 0] gen  220  evals= 9020  best=0.5915
        [Trial 0] gen  240  evals= 9840  best=0.5874
        [Trial 0] gen  260  evals=10660  best=0.5874
        [Trial 0] gen  280  evals=11480  best=0.5874
        [TRIAL TIMEOUT] Trial 0 total >600s, stopping
        [Done] Trial 0 best=0.5874

  Winner: Trial 0, loss=0.587397 (600s)
    Restarts run: 1
    mu: 21.293946
    D_mu: 0.535636
    T0_mu: 36.782954
    Ly: 3.163949
    op_x: 0.569413
    op_y: 0.704936
    NMSE: 0.001284
  [Saved] random_IR_0007

============================================================
[8/200] random_IR_0008.npz
  GT loss: 0.000000
  terrain_mean=1.072284  early_threshold=0.010187  (alpha=0.0095)
  tolfun=0.00558 tolfunhist=0.00558  (frac=0.0052 of range=1.07)
    --> Trial 0 | pop=41 seed=95072 x0_norm_min=-0.951 x0_norm_max=0.812
        [Trial 0] gen   20  evals=  820  best=0.5858
        [Trial 0] gen   40  evals= 1640  best=0.5858
        [Trial 0] gen   60  evals= 2460  best=0.5858
        [Trial 0] gen   80  evals= 3280  best=0.5788
        [Trial 0] gen  100  evals= 4100  best=0.5788
        [Trial 0] gen  120  evals= 4920  best=0.5788
        [Trial 0] gen  140  evals= 5740  best=0.5788
        [Trial 0] gen  160  evals= 6560  best=0.5788
        [Trial 0] gen  180  evals= 7380  best=0.5788
        [Trial 0] gen  200  evals= 8200  best=0.5788
        [Trial 0] gen  220  evals= 9020  best=0.5788
        [Trial 0] gen  240  evals= 9840  best=0.5788
        [Trial 0] gen  260  evals=10660  best=0.5788
        [Trial 0] gen  280  evals=11480  best=0.5768
        [Done] Trial 0 best=0.5725

  Winner: Trial 0, loss=0.572522 (206s)
    Restarts run: 1
    mu: 53.956220
    D_mu: 3.746633
    T0_mu: 12.010799
    Ly: 2.500596
    op_x: 0.600328
    op_y: 0.551830
    NMSE: 0.006939
  [Saved] random_IR_0008

============================================================
[9/200] random_IR_0009.npz
  GT loss: 0.000000
  terrain_mean=1.247103  early_threshold=0.011847  (alpha=0.0095)
  tolfun=0.00648 tolfunhist=0.00648  (frac=0.0052 of range=1.25)
    --> Trial 0 | pop=41 seed=95072 x0_norm_min=-0.951 x0_norm_max=0.812
        [Trial 0] gen   20  evals=  820  best=0.6555
        [Trial 0] gen   40  evals= 1640  best=0.6270
        [Trial 0] gen   60  evals= 2460  best=0.6230
        [Trial 0] gen   80  evals= 3280  best=0.6139
        [Trial 0] gen  100  evals= 4100  best=0.6139
        [Trial 0] gen  120  evals= 4920  best=0.6139
        [Trial 0] gen  140  evals= 5740  best=0.6139
        [Trial 0] gen  160  evals= 6560  best=0.6139
        [Trial 0] gen  180  evals= 7380  best=0.6139
        [Trial 0] gen  200  evals= 8200  best=0.6139
        [Trial 0] gen  220  evals= 9020  best=0.6115
        [Trial 0] gen  240  evals= 9840  best=0.6115
        [Trial 0] gen  260  evals=10660  best=0.6084
        [Trial 0] gen  280  evals=11480  best=0.6084
        [Trial 0] gen  300  evals=12300  best=0.6084
        [Trial 0] gen  320  evals=13120  best=0.6045
        [Done] Trial 0 best=0.6045

  Winner: Trial 0, loss=0.604479 (403s)
    Restarts run: 1
    mu: 35.942087
    D_mu: 1.571769
    T0_mu: 24.294198
    Ly: 3.066506
    op_x: 0.566225
    op_y: 0.770550
    NMSE: 0.010171
  [Saved] random_IR_0009

============================================================
[10/200] random_IR_0010.npz
  GT loss: 0.000000
  terrain_mean=0.948378  early_threshold=0.009010  (alpha=0.0095)
  tolfun=0.00493 tolfunhist=0.00493  (frac=0.0052 of range=0.948)
    --> Trial 0 | pop=41 seed=95072 x0_norm_min=-0.951 x0_norm_max=0.812
        [Trial 0] gen   20  evals=  820  best=0.6233
        [Trial 0] gen   40  evals= 1640  best=0.6058
        [Trial 0] gen   60  evals= 2460  best=0.6043
        [Trial 0] gen   80  evals= 3280  best=0.6008
        [Trial 0] gen  100  evals= 4100  best=0.6008
        [Trial 0] gen  120  evals= 4920  best=0.6008
        [Trial 0] gen  140  evals= 5740  best=0.5961
        [Trial 0] gen  160  evals= 6560  best=0.5961
        [Trial 0] gen  180  evals= 7380  best=0.5961
        [Trial 0] gen  200  evals= 8200  best=0.5945
        [Trial 0] gen  220  evals= 9020  best=0.5911
        [Trial 0] gen  240  evals= 9840  best=0.5911
        [Trial 0] gen  260  evals=10660  best=0.5904
        [Done] Trial 0 best=0.5904

  Winner: Trial 0, loss=0.590379 (381s)
    Restarts run: 1
    mu: 8.371395
    D_mu: 1.517920
    T0_mu: 119.429390
    Ly: 3.434646
    op_x: 0.578386
    op_y: 0.612583
    NMSE: 0.177584
  [Saved] random_IR_0010

============================================================
[11/200] random_IR_0011.npz
  GT loss: 0.000000
  terrain_mean=0.995414  early_threshold=0.009456  (alpha=0.0095)
  tolfun=0.00518 tolfunhist=0.00518  (frac=0.0052 of range=0.995)
    --> Trial 0 | pop=41 seed=95072 x0_norm_min=-0.951 x0_norm_max=0.812
        [Trial 0] gen   20  evals=  820  best=0.6084
        [Trial 0] gen   40  evals= 1640  best=0.6084
        [Trial 0] gen   60  evals= 2460  best=0.6084
        [Trial 0] gen   80  evals= 3280  best=0.5956
        [Trial 0] gen  100  evals= 4100  best=0.5956
        [Trial 0] gen  120  evals= 4920  best=0.5956
        [Trial 0] gen  140  evals= 5740  best=0.5956
        [Trial 0] gen  160  evals= 6560  best=0.5956
        [Trial 0] gen  180  evals= 7380  best=0.5956
        [Trial 0] gen  200  evals= 8200  best=0.5956
        [Trial 0] gen  220  evals= 9020  best=0.5956
        [Trial 0] gen  240  evals= 9840  best=0.5956
        [Trial 0] gen  260  evals=10660  best=0.5956
        [Trial 0] gen  280  evals=11480  best=0.5956
        [Trial 0] gen  300  evals=12300  best=0.5956
        [Done] Trial 0 best=0.5956

  Winner: Trial 0, loss=0.595562 (554s)
    Restarts run: 1
    mu: 16.394893
    D_mu: 0.635029
    T0_mu: 59.669831
    Ly: 3.083076
    op_x: 0.514213
    op_y: 0.610357
    NMSE: 0.025377
  [Saved] random_IR_0011

============================================================
[12/200] random_IR_0012.npz
  GT loss: 0.000000
  terrain_mean=1.062735  early_threshold=0.010096  (alpha=0.0095)
  tolfun=0.00553 tolfunhist=0.00553  (frac=0.0052 of range=1.06)
    --> Trial 0 | pop=41 seed=95072 x0_norm_min=-0.951 x0_norm_max=0.812
        [Trial 0] gen   20  evals=  820  best=0.6417
        [Trial 0] gen   40  evals= 1640  best=0.6417
        [Trial 0] gen   60  evals= 2460  best=0.6308
        [Trial 0] gen   80  evals= 3280  best=0.6300
        [Trial 0] gen  100  evals= 4100  best=0.6300
        [Trial 0] gen  120  evals= 4920  best=0.6300
        [Trial 0] gen  140  evals= 5740  best=0.6300
        [Trial 0] gen  160  evals= 6560  best=0.6300
        [Trial 0] gen  180  evals= 7380  best=0.6300
        [Trial 0] gen  200  evals= 8200  best=0.6300
        [Trial 0] gen  220  evals= 9020  best=0.6300
        [Trial 0] gen  240  evals= 9840  best=0.6300
        [Trial 0] gen  260  evals=10660  best=0.6300
        [Trial 0] gen  280  evals=11480  best=0.6300
        [Trial 0] gen  300  evals=12300  best=0.6300
        [Trial 0] gen  320  evals=13120  best=0.6300
        [Done] Trial 0 best=0.6269

  Winner: Trial 0, loss=0.626861 (345s)
    Restarts run: 1
    mu: 16.923077
    D_mu: 2.070651
    T0_mu: 25.494799
    Ly: 2.891164
    op_x: 0.669373
    op_y: 0.913143
    NMSE: 0.055906
  [Saved] random_IR_0012

============================================================
[13/200] random_IR_0013.npz
  GT loss: 0.000000
  terrain_mean=1.282618  early_threshold=0.012185  (alpha=0.0095)
  tolfun=0.00667 tolfunhist=0.00667  (frac=0.0052 of range=1.28)
    --> Trial 0 | pop=41 seed=95072 x0_norm_min=-0.951 x0_norm_max=0.812
        [Trial 0] gen   20  evals=  820  best=0.6654
        [Trial 0] gen   40  evals= 1640  best=0.6654
        [Trial 0] gen   60  evals= 2460  best=0.6654
        [Trial 0] gen   80  evals= 3280  best=0.6393
        [Trial 0] gen  100  evals= 4100  best=0.6393
        [Trial 0] gen  120  evals= 4920  best=0.6393
        [Trial 0] gen  140  evals= 5740  best=0.6393
        [Trial 0] gen  160  evals= 6560  best=0.6393
        [Trial 0] gen  180  evals= 7380  best=0.6319
        [Trial 0] gen  200  evals= 8200  best=0.6319
        [Trial 0] gen  220  evals= 9020  best=0.6319
        [Trial 0] gen  240  evals= 9840  best=0.6319
        [Trial 0] gen  260  evals=10660  best=0.6319
        [Trial 0] gen  280  evals=11480  best=0.6319
        [Trial 0] gen  300  evals=12300  best=0.6319
        [Trial 0] gen  320  evals=13120  best=0.6319
        [Trial 0] gen  340  evals=13940  best=0.6319
        [Trial 0] gen  360  evals=14760  best=0.6319
        [Trial 0] gen  380  evals=15580  best=0.6293
        [Done] Trial 0 best=0.6261

  Winner: Trial 0, loss=0.626080 (475s)
    Restarts run: 1
    mu: 5.384154
    D_mu: 1.596450
    T0_mu: 144.522042
    Ly: 3.986342
    op_x: 0.770296
    op_y: 0.992802
    NMSE: 0.138878
  [Saved] random_IR_0013

============================================================
[14/200] random_IR_0014.npz
  GT loss: 0.000000
  terrain_mean=1.033631  early_threshold=0.009819  (alpha=0.0095)
  tolfun=0.00537 tolfunhist=0.00537  (frac=0.0052 of range=1.03)
    --> Trial 0 | pop=41 seed=95072 x0_norm_min=-0.951 x0_norm_max=0.812
        [Trial 0] gen   20  evals=  820  best=0.5846
        [Trial 0] gen   40  evals= 1640  best=0.5846
        [Trial 0] gen   60  evals= 2460  best=0.5846
        [Trial 0] gen   80  evals= 3280  best=0.5846
        [Trial 0] gen  100  evals= 4100  best=0.5846
        [Trial 0] gen  120  evals= 4920  best=0.5846
        [Trial 0] gen  140  evals= 5740  best=0.5846
        [Trial 0] gen  160  evals= 6560  best=0.5846
        [Trial 0] gen  180  evals= 7380  best=0.5736
        [Trial 0] gen  200  evals= 8200  best=0.5736
        [Trial 0] gen  220  evals= 9020  best=0.5736
        [Trial 0] gen  240  evals= 9840  best=0.5724
        [Trial 0] gen  260  evals=10660  best=0.5692
        [Done] Trial 0 best=0.5692

  Winner: Trial 0, loss=0.569206 (271s)
    Restarts run: 1
    mu: 16.608920
    D_mu: 0.680367
    T0_mu: 59.984900
    Ly: 2.143251
    op_x: 0.521781
    op_y: 0.621567
    NMSE: 0.076027
  [Saved] random_IR_0014

============================================================
[15/200] random_IR_0015.npz
  GT loss: 0.000000
  terrain_mean=1.434425  early_threshold=0.013627  (alpha=0.0095)
  tolfun=0.00746 tolfunhist=0.00746  (frac=0.0052 of range=1.43)
    --> Trial 0 | pop=41 seed=95072 x0_norm_min=-0.951 x0_norm_max=0.812
        [Trial 0] gen   20  evals=  820  best=0.7172
        [Trial 0] gen   40  evals= 1640  best=0.7082
        [Trial 0] gen   60  evals= 2460  best=0.7030
        [Trial 0] gen   80  evals= 3280  best=0.6993
        [Trial 0] gen  100  evals= 4100  best=0.6869
        [Trial 0] gen  120  evals= 4920  best=0.6779
        [Trial 0] gen  140  evals= 5740  best=0.6779
        [Trial 0] gen  160  evals= 6560  best=0.6743
        [Trial 0] gen  180  evals= 7380  best=0.6728
        [Trial 0] gen  200  evals= 8200  best=0.6728
        [Trial 0] gen  220  evals= 9020  best=0.6712
        [Trial 0] gen  240  evals= 9840  best=0.6709
        [Done] Trial 0 best=0.6693

  Winner: Trial 0, loss=0.669310 (168s)
    Restarts run: 1
    mu: 75.883196
    D_mu: 7.648498
    T0_mu: 3.919834
    Ly: 3.742887
    op_x: 0.976064
    op_y: 0.689404
    NMSE: 0.082770
  [Saved] random_IR_0015

============================================================
[16/200] random_IR_0016.npz
  GT loss: 0.000000
  terrain_mean=1.085248  early_threshold=0.010310  (alpha=0.0095)
  tolfun=0.00564 tolfunhist=0.00564  (frac=0.0052 of range=1.09)
    --> Trial 0 | pop=41 seed=95072 x0_norm_min=-0.951 x0_norm_max=0.812
        [Trial 0] gen   20  evals=  820  best=0.7023
        [Trial 0] gen   40  evals= 1640  best=0.6907
        [Trial 0] gen   60  evals= 2460  best=0.6907
        [Trial 0] gen   80  evals= 3280  best=0.6907
        [Trial 0] gen  100  evals= 4100  best=0.6907
        [Trial 0] gen  120  evals= 4920  best=0.6870
        [Trial 0] gen  140  evals= 5740  best=0.6870
        [Trial 0] gen  160  evals= 6560  best=0.6805
        [Trial 0] gen  180  evals= 7380  best=0.6805
        [Trial 0] gen  200  evals= 8200  best=0.6763
        [Trial 0] gen  220  evals= 9020  best=0.6672
        [Trial 0] gen  240  evals= 9840  best=0.6672
        [Trial 0] gen  260  evals=10660  best=0.6644
        [Trial 0] gen  280  evals=11480  best=0.6644
        [Trial 0] gen  300  evals=12300  best=0.6644
        [Done] Trial 0 best=0.6644

  Winner: Trial 0, loss=0.664359 (339s)
    Restarts run: 1
    mu: 8.773044
    D_mu: 2.883325
    T0_mu: 106.382029
    Ly: 3.727345
    op_x: 0.851424
    op_y: 0.526511
    NMSE: 0.151452
  [Saved] random_IR_0016

============================================================
[17/200] random_IR_0017.npz
  GT loss: 0.000000
  terrain_mean=0.955341  early_threshold=0.009076  (alpha=0.0095)
  tolfun=0.00497 tolfunhist=0.00497  (frac=0.0052 of range=0.955)
    --> Trial 0 | pop=41 seed=95072 x0_norm_min=-0.951 x0_norm_max=0.812
        [Trial 0] gen   20  evals=  820  best=0.6448
        [Trial 0] gen   40  evals= 1640  best=0.6345
        [Trial 0] gen   60  evals= 2460  best=0.6344
        [Trial 0] gen   80  evals= 3280  best=0.6272
        [Trial 0] gen  100  evals= 4100  best=0.6272
        [Trial 0] gen  120  evals= 4920  best=0.6272
        [Trial 0] gen  140  evals= 5740  best=0.6216
        [Trial 0] gen  160  evals= 6560  best=0.6216
        [Trial 0] gen  180  evals= 7380  best=0.6216
        [Trial 0] gen  200  evals= 8200  best=0.6216
        [Trial 0] gen  220  evals= 9020  best=0.6212
        [Trial 0] gen  240  evals= 9840  best=0.6125
        [Trial 0] gen  260  evals=10660  best=0.6101
        [Trial 0] gen  280  evals=11480  best=0.6071
        [Trial 0] gen  300  evals=12300  best=0.6071
        [Trial 0] gen  320  evals=13120  best=0.6071
        [Done] Trial 0 best=0.6071

  Winner: Trial 0, loss=0.607059 (422s)
    Restarts run: 1
    mu: 5.863592
    D_mu: 2.304059
    T0_mu: 166.200624
    Ly: 3.817104
    op_x: 0.660880
    op_y: 0.681406
    NMSE: 0.089312
  [Saved] random_IR_0017

============================================================
[18/200] random_IR_0018.npz
  GT loss: 0.000000
  terrain_mean=1.050532  early_threshold=0.009980  (alpha=0.0095)
  tolfun=0.00546 tolfunhist=0.00546  (frac=0.0052 of range=1.05)
    --> Trial 0 | pop=41 seed=95072 x0_norm_min=-0.951 x0_norm_max=0.812
        [Trial 0] gen   20  evals=  820  best=0.6794
        [Trial 0] gen   40  evals= 1640  best=0.6532
        [Trial 0] gen   60  evals= 2460  best=0.6443
        [Trial 0] gen   80  evals= 3280  best=0.6443
        [Trial 0] gen  100  evals= 4100  best=0.6443
        [Trial 0] gen  120  evals= 4920  best=0.6443
        [Trial 0] gen  140  evals= 5740  best=0.6443
        [Trial 0] gen  160  evals= 6560  best=0.6429
        [Trial 0] gen  180  evals= 7380  best=0.6367
        [Done] Trial 0 best=0.6361

  Winner: Trial 0, loss=0.636120 (226s)
    Restarts run: 1
    mu: 10.406209
    D_mu: 1.063001
    T0_mu: 91.179466
    Ly: 2.547399
    op_x: 0.580145
    op_y: 0.572784
    NMSE: 0.139157
  [Saved] random_IR_0018

============================================================
[19/200] random_IR_0019.npz
  GT loss: 0.000000
  terrain_mean=1.106212  early_threshold=0.010509  (alpha=0.0095)
  tolfun=0.00575 tolfunhist=0.00575  (frac=0.0052 of range=1.11)
    --> Trial 0 | pop=41 seed=95072 x0_norm_min=-0.951 x0_norm_max=0.812
        [Trial 0] gen   20  evals=  820  best=0.6341
        [Trial 0] gen   40  evals= 1640  best=0.6319
        [Trial 0] gen   60  evals= 2460  best=0.6244
        [Trial 0] gen   80  evals= 3280  best=0.6244
        [Trial 0] gen  100  evals= 4100  best=0.6244
        [Trial 0] gen  120  evals= 4920  best=0.6244
        [Trial 0] gen  140  evals= 5740  best=0.6244
        [Trial 0] gen  160  evals= 6560  best=0.6244
        [Trial 0] gen  180  evals= 7380  best=0.6133
        [Trial 0] gen  200  evals= 8200  best=0.6133
        [Trial 0] gen  220  evals= 9020  best=0.6133
        [Trial 0] gen  240  evals= 9840  best=0.6133
        [Trial 0] gen  260  evals=10660  best=0.6133
        [Trial 0] gen  280  evals=11480  best=0.6133
        [Trial 0] gen  300  evals=12300  best=0.6133
        [Trial 0] gen  320  evals=13120  best=0.6133
        [Done] Trial 0 best=0.6133

  Winner: Trial 0, loss=0.613277 (275s)
    Restarts run: 1
    mu: 40.687739
    D_mu: 2.395409
    T0_mu: 23.249815
    Ly: 2.116541
    op_x: 0.623078
    op_y: 0.517782
    NMSE: 0.036008
  [Saved] random_IR_0019

============================================================
[20/200] random_IR_0020.npz
  GT loss: 0.000000
  terrain_mean=1.080591  early_threshold=0.010266  (alpha=0.0095)
  tolfun=0.00562 tolfunhist=0.00562  (frac=0.0052 of range=1.08)
    --> Trial 0 | pop=41 seed=95072 x0_norm_min=-0.951 x0_norm_max=0.812
        [Trial 0] gen   20  evals=  820  best=0.6622
        [Trial 0] gen   40  evals= 1640  best=0.6579
        [Trial 0] gen   60  evals= 2460  best=0.6579
        [Trial 0] gen   80  evals= 3280  best=0.6577
        [Trial 0] gen  100  evals= 4100  best=0.6401
        [Trial 0] gen  120  evals= 4920  best=0.6401
        [Trial 0] gen  140  evals= 5740  best=0.6401
        [Trial 0] gen  160  evals= 6560  best=0.6401
        [Trial 0] gen  180  evals= 7380  best=0.6389
        [Trial 0] gen  200  evals= 8200  best=0.6363
        [Done] Trial 0 best=0.6363

  Winner: Trial 0, loss=0.636262 (408s)
    Restarts run: 1
    mu: 13.244158
    D_mu: 1.001785
    T0_mu: 65.286321
    Ly: 3.999857
    op_x: 0.643952
    op_y: 0.696470
    NMSE: 0.123600
  [Saved] random_IR_0020

============================================================
[21/200] random_IR_0021.npz
  GT loss: 0.000000
  terrain_mean=1.026391  early_threshold=0.009751  (alpha=0.0095)
  tolfun=0.00534 tolfunhist=0.00534  (frac=0.0052 of range=1.03)
    --> Trial 0 | pop=41 seed=95072 x0_norm_min=-0.951 x0_norm_max=0.812
        [Trial 0] gen   20  evals=  820  best=0.6235
        [Trial 0] gen   40  evals= 1640  best=0.6157
        [Trial 0] gen   60  evals= 2460  best=0.6098
        [Trial 0] gen   80  evals= 3280  best=0.6013
        [Trial 0] gen  100  evals= 4100  best=0.6013
        [Trial 0] gen  120  evals= 4920  best=0.6013
        [Trial 0] gen  140  evals= 5740  best=0.6010
        [Trial 0] gen  160  evals= 6560  best=0.6010
        [Trial 0] gen  180  evals= 7380  best=0.6010
        [Trial 0] gen  200  evals= 8200  best=0.5994
        [Trial 0] gen  220  evals= 9020  best=0.5965
        [Done] Trial 0 best=0.5965

  Winner: Trial 0, loss=0.596486 (428s)
    Restarts run: 1
    mu: 14.662002
    D_mu: 0.727399
    T0_mu: 63.407552
    Ly: 3.151830
    op_x: 0.664323
    op_y: 0.517512
    NMSE: 0.051980
  [Saved] random_IR_0021

============================================================
[22/200] random_IR_0022.npz
  GT loss: 0.000000
  terrain_mean=1.014203  early_threshold=0.009635  (alpha=0.0095)
  tolfun=0.00527 tolfunhist=0.00527  (frac=0.0052 of range=1.01)
    --> Trial 0 | pop=41 seed=95072 x0_norm_min=-0.951 x0_norm_max=0.812
        [Trial 0] gen   20  evals=  820  best=0.6379
        [Trial 0] gen   40  evals= 1640  best=0.6284
        [Trial 0] gen   60  evals= 2460  best=0.6284
        [Trial 0] gen   80  evals= 3280  best=0.6220
        [Trial 0] gen  100  evals= 4100  best=0.6220
        [Trial 0] gen  120  evals= 4920  best=0.6220
        [Trial 0] gen  140  evals= 5740  best=0.6220
        [Trial 0] gen  160  evals= 6560  best=0.6220
        [Trial 0] gen  180  evals= 7380  best=0.6220
        [Trial 0] gen  200  evals= 8200  best=0.6220
        [Trial 0] gen  220  evals= 9020  best=0.6220
        [Trial 0] gen  240  evals= 9840  best=0.6220
        [Trial 0] gen  260  evals=10660  best=0.6220
        [Trial 0] gen  280  evals=11480  best=0.6220
        [Trial 0] gen  300  evals=12300  best=0.6186
        [Done] Trial 0 best=0.6186

  Winner: Trial 0, loss=0.618590 (342s)
    Restarts run: 1
    mu: 5.727833
    D_mu: 2.885976
    T0_mu: 115.073906
    Ly: 3.555282
    op_x: 0.590159
    op_y: 0.757020
    NMSE: 0.019778
  [Saved] random_IR_0022

============================================================
[23/200] random_IR_0023.npz
  GT loss: 0.000000
  terrain_mean=1.008231  early_threshold=0.009578  (alpha=0.0095)
  tolfun=0.00524 tolfunhist=0.00524  (frac=0.0052 of range=1.01)
    --> Trial 0 | pop=41 seed=95072 x0_norm_min=-0.951 x0_norm_max=0.812
        [Trial 0] gen   20  evals=  820  best=0.6492
        [Trial 0] gen   40  evals= 1640  best=0.6296
        [Trial 0] gen   60  evals= 2460  best=0.6296
        [Trial 0] gen   80  evals= 3280  best=0.6296
        [Trial 0] gen  100  evals= 4100  best=0.6296
        [Trial 0] gen  120  evals= 4920  best=0.6296
        [Trial 0] gen  140  evals= 5740  best=0.6296
        [Trial 0] gen  160  evals= 6560  best=0.6296
        [Trial 0] gen  180  evals= 7380  best=0.6296
        [Trial 0] gen  200  evals= 8200  best=0.6296
        [Trial 0] gen  220  evals= 9020  best=0.6287
        [Trial 0] gen  240  evals= 9840  best=0.6287
        [Trial 0] gen  260  evals=10660  best=0.6271
        [Trial 0] gen  280  evals=11480  best=0.6240
        [Trial 0] gen  300  evals=12300  best=0.6153
        [Trial 0] gen  320  evals=13120  best=0.6113
        [Trial 0] gen  340  evals=13940  best=0.6113
        [Done] Trial 0 best=0.6113

  Winner: Trial 0, loss=0.611327 (330s)
    Restarts run: 1
    mu: 7.660693
    D_mu: 1.201317
    T0_mu: 99.349816
    Ly: 2.268540
    op_x: 0.618439
    op_y: 0.601735
    NMSE: 0.107150
  [Saved] random_IR_0023

============================================================
[24/200] random_IR_0024.npz
  GT loss: 0.000000
  terrain_mean=0.959201  early_threshold=0.009112  (alpha=0.0095)
  tolfun=0.00499 tolfunhist=0.00499  (frac=0.0052 of range=0.959)
    --> Trial 0 | pop=41 seed=95072 x0_norm_min=-0.951 x0_norm_max=0.812
        [Trial 0] gen   20  evals=  820  best=0.6115
        [Trial 0] gen   40  evals= 1640  best=0.6115
        [Trial 0] gen   60  evals= 2460  best=0.6115
        [Trial 0] gen   80  evals= 3280  best=0.6058
        [Trial 0] gen  100  evals= 4100  best=0.6058
        [Trial 0] gen  120  evals= 4920  best=0.5989
        [Trial 0] gen  140  evals= 5740  best=0.5989
        [Trial 0] gen  160  evals= 6560  best=0.5989
        [Trial 0] gen  180  evals= 7380  best=0.5989
        [Trial 0] gen  200  evals= 8200  best=0.5989
        [Trial 0] gen  220  evals= 9020  best=0.5989
        [Trial 0] gen  240  evals= 9840  best=0.5989
        [Trial 0] gen  260  evals=10660  best=0.5989
        [Trial 0] gen  280  evals=11480  best=0.5989
        [Trial 0] gen  300  evals=12300  best=0.5989
        [Trial 0] gen  320  evals=13120  best=0.5989
        [Trial 0] gen  340  evals=13940  best=0.5989
        [Trial 0] gen  360  evals=14760  best=0.5989
        [Trial 0] gen  380  evals=15580  best=0.5989
        [Trial 0] gen  400  evals=16400  best=0.5989
        [Trial 0] gen  420  evals=17220  best=0.5989
        [Done] Trial 0 best=0.5989

  Winner: Trial 0, loss=0.598925 (370s)
    Restarts run: 1
    mu: 23.957302
    D_mu: 0.902909
    T0_mu: 35.154709
    Ly: 1.809074
    op_x: 0.557013
    op_y: 0.710811
    NMSE: 0.060035
  [Saved] random_IR_0024

============================================================
[25/200] random_IR_0025.npz
  GT loss: 0.000000
  terrain_mean=1.096232  early_threshold=0.010414  (alpha=0.0095)
  tolfun=0.0057 tolfunhist=0.0057  (frac=0.0052 of range=1.1)
    --> Trial 0 | pop=41 seed=95072 x0_norm_min=-0.951 x0_norm_max=0.812
        [Trial 0] gen   20  evals=  820  best=0.6621
        [Trial 0] gen   40  evals= 1640  best=0.6621
        [Trial 0] gen   60  evals= 2460  best=0.6480
        [Trial 0] gen   80  evals= 3280  best=0.6480
        [Trial 0] gen  100  evals= 4100  best=0.6480
        [Trial 0] gen  120  evals= 4920  best=0.6480
        [Trial 0] gen  140  evals= 5740  best=0.6480
        [Trial 0] gen  160  evals= 6560  best=0.6480
        [Trial 0] gen  180  evals= 7380  best=0.6461
        [Trial 0] gen  200  evals= 8200  best=0.6461
        [Trial 0] gen  220  evals= 9020  best=0.6461
        [Trial 0] gen  240  evals= 9840  best=0.6434
        [Trial 0] gen  260  evals=10660  best=0.6415
        [Trial 0] gen  280  evals=11480  best=0.6371
        [TRIAL TIMEOUT] Trial 0 total >600s, stopping
        [Done] Trial 0 best=0.6345

  Winner: Trial 0, loss=0.634459 (602s)
    Restarts run: 1
    mu: 22.467364
    D_mu: 0.435876
    T0_mu: 43.115382
    Ly: 2.793485
    op_x: 0.561673
    op_y: 0.736835
    NMSE: 0.029646
  [Saved] random_IR_0025

============================================================
[26/200] random_IR_0026.npz
  GT loss: 0.000000
  terrain_mean=1.080889  early_threshold=0.010268  (alpha=0.0095)
  tolfun=0.00562 tolfunhist=0.00562  (frac=0.0052 of range=1.08)
    --> Trial 0 | pop=41 seed=95072 x0_norm_min=-0.951 x0_norm_max=0.812
        [Trial 0] gen   20  evals=  820  best=0.6106
        [Trial 0] gen   40  evals= 1640  best=0.6106
        [Trial 0] gen   60  evals= 2460  best=0.6106
        [Trial 0] gen   80  evals= 3280  best=0.6071
        [Trial 0] gen  100  evals= 4100  best=0.5992
        [Trial 0] gen  120  evals= 4920  best=0.5992
        [Trial 0] gen  140  evals= 5740  best=0.5992
        [Trial 0] gen  160  evals= 6560  best=0.5992
        [Trial 0] gen  180  evals= 7380  best=0.5935
        [Trial 0] gen  200  evals= 8200  best=0.5898
        [Trial 0] gen  220  evals= 9020  best=0.5884
        [Done] Trial 0 best=0.5884

  Winner: Trial 0, loss=0.588448 (369s)
    Restarts run: 1
    mu: 19.798498
    D_mu: 0.791486
    T0_mu: 15.394167
    Ly: 3.116337
    op_x: 0.703139
    op_y: 0.515365
    NMSE: 0.112787
  [Saved] random_IR_0026

============================================================
[27/200] random_IR_0027.npz
  GT loss: 0.000000
  terrain_mean=1.148500  early_threshold=0.010911  (alpha=0.0095)
  tolfun=0.00597 tolfunhist=0.00597  (frac=0.0052 of range=1.15)
    --> Trial 0 | pop=41 seed=95072 x0_norm_min=-0.951 x0_norm_max=0.812
        [Trial 0] gen   20  evals=  820  best=0.6515
        [Trial 0] gen   40  evals= 1640  best=0.6515
        [Trial 0] gen   60  evals= 2460  best=0.6498
        [Trial 0] gen   80  evals= 3280  best=0.6498
        [Trial 0] gen  100  evals= 4100  best=0.6392
        [Trial 0] gen  120  evals= 4920  best=0.6344
        [Trial 0] gen  140  evals= 5740  best=0.6344
        [Trial 0] gen  160  evals= 6560  best=0.6344
        [Trial 0] gen  180  evals= 7380  best=0.6344
        [Trial 0] gen  200  evals= 8200  best=0.6344
        [Trial 0] gen  220  evals= 9020  best=0.6320
        [Trial 0] gen  240  evals= 9840  best=0.6280
        [Trial 0] gen  260  evals=10660  best=0.6280
        [Done] Trial 0 best=0.6280

  Winner: Trial 0, loss=0.628001 (422s)
    Restarts run: 1
    mu: 17.613613
    D_mu: 0.422005
    T0_mu: 24.182854
    Ly: 2.146525
    op_x: 0.530135
    op_y: 0.859831
    NMSE: 0.059632
  [Saved] random_IR_0027

============================================================
[28/200] random_IR_0028.npz
  GT loss: 0.000000
  terrain_mean=1.153486  early_threshold=0.010958  (alpha=0.0095)
  tolfun=0.006 tolfunhist=0.006  (frac=0.0052 of range=1.15)
    --> Trial 0 | pop=41 seed=95072 x0_norm_min=-0.951 x0_norm_max=0.812
        [Trial 0] gen   20  evals=  820  best=0.6796
        [Trial 0] gen   40  evals= 1640  best=0.6753
        [Trial 0] gen   60  evals= 2460  best=0.6753
        [Trial 0] gen   80  evals= 3280  best=0.6658
        [Trial 0] gen  100  evals= 4100  best=0.6658
        [Trial 0] gen  120  evals= 4920  best=0.6534
        [Trial 0] gen  140  evals= 5740  best=0.6465
        [Trial 0] gen  160  evals= 6560  best=0.6403
        [Trial 0] gen  180  evals= 7380  best=0.6403
        [Trial 0] gen  200  evals= 8200  best=0.6308
        [Trial 0] gen  220  evals= 9020  best=0.6308
        [Trial 0] gen  240  evals= 9840  best=0.6287
        [Trial 0] gen  260  evals=10660  best=0.6241
        [Trial 0] gen  280  evals=11480  best=0.6194
        [Done] Trial 0 best=0.6194

  Winner: Trial 0, loss=0.619357 (253s)
    Restarts run: 1
    mu: 14.525601
    D_mu: 0.959628
    T0_mu: 14.203787
    Ly: 2.092089
    op_x: 0.930313
    op_y: 0.643725
    NMSE: 0.012091
  [Saved] random_IR_0028

============================================================
[29/200] random_IR_0029.npz
  GT loss: 0.000000
  terrain_mean=1.483186  early_threshold=0.014090  (alpha=0.0095)
  tolfun=0.00771 tolfunhist=0.00771  (frac=0.0052 of range=1.48)
    --> Trial 0 | pop=41 seed=95072 x0_norm_min=-0.951 x0_norm_max=0.812
        [Trial 0] gen   20  evals=  820  best=0.7713
        [Trial 0] gen   40  evals= 1640  best=0.7425
        [Trial 0] gen   60  evals= 2460  best=0.7388
        [Trial 0] gen   80  evals= 3280  best=0.7388
        [Trial 0] gen  100  evals= 4100  best=0.7374
        [Trial 0] gen  120  evals= 4920  best=0.7374
        [Trial 0] gen  140  evals= 5740  best=0.7374
        [Trial 0] gen  160  evals= 6560  best=0.7374
        [Trial 0] gen  180  evals= 7380  best=0.7374
        [Trial 0] gen  200  evals= 8200  best=0.7374
        [Trial 0] gen  220  evals= 9020  best=0.7374
        [Trial 0] gen  240  evals= 9840  best=0.7374
        [Trial 0] gen  260  evals=10660  best=0.7374
        [Trial 0] gen  280  evals=11480  best=0.7374
        [TRIAL TIMEOUT] Trial 0 total >600s, stopping
        [Done] Trial 0 best=0.7374

  Winner: Trial 0, loss=0.737363 (601s)
    Restarts run: 1
    mu: 31.689179
    D_mu: 0.971972
    T0_mu: 2.854296
    Ly: 3.874529
    op_x: 0.660535
    op_y: 0.695181
    NMSE: 0.115571
  [Saved] random_IR_0029

============================================================
[30/200] random_IR_0030.npz
  GT loss: 0.000000
  terrain_mean=0.946623  early_threshold=0.008993  (alpha=0.0095)
  tolfun=0.00492 tolfunhist=0.00492  (frac=0.0052 of range=0.947)
    --> Trial 0 | pop=41 seed=95072 x0_norm_min=-0.951 x0_norm_max=0.812
        [Trial 0] gen   20  evals=  820  best=0.6147
        [Trial 0] gen   40  evals= 1640  best=0.6078
        [Trial 0] gen   60  evals= 2460  best=0.6078
        [Trial 0] gen   80  evals= 3280  best=0.6078
        [Trial 0] gen  100  evals= 4100  best=0.6078
        [Trial 0] gen  120  evals= 4920  best=0.6078
        [Trial 0] gen  140  evals= 5740  best=0.6078
        [Trial 0] gen  160  evals= 6560  best=0.6038
        [Trial 0] gen  180  evals= 7380  best=0.6038
        [Trial 0] gen  200  evals= 8200  best=0.5977
        [Trial 0] gen  220  evals= 9020  best=0.5964
        [Done] Trial 0 best=0.5964

  Winner: Trial 0, loss=0.596385 (290s)
    Restarts run: 1
    mu: 7.123375
    D_mu: 1.030811
    T0_mu: 104.348793
    Ly: 2.523793
    op_x: 0.567645
    op_y: 0.625918
    NMSE: 0.129359
  [Saved] random_IR_0030

============================================================
[31/200] random_IR_0031.npz
  GT loss: 0.000000
  terrain_mean=1.007046  early_threshold=0.009567  (alpha=0.0095)
  tolfun=0.00524 tolfunhist=0.00524  (frac=0.0052 of range=1.01)
    --> Trial 0 | pop=41 seed=95072 x0_norm_min=-0.951 x0_norm_max=0.812
        [Trial 0] gen   20  evals=  820  best=0.6371
        [Trial 0] gen   40  evals= 1640  best=0.6371
        [Trial 0] gen   60  evals= 2460  best=0.6286
        [Trial 0] gen   80  evals= 3280  best=0.6254
        [Trial 0] gen  100  evals= 4100  best=0.6254
        [Trial 0] gen  120  evals= 4920  best=0.6193
        [Trial 0] gen  140  evals= 5740  best=0.6193
        [Trial 0] gen  160  evals= 6560  best=0.6151
        [Trial 0] gen  180  evals= 7380  best=0.6146
        [Trial 0] gen  200  evals= 8200  best=0.6084
        [Trial 0] gen  220  evals= 9020  best=0.6033
        [Done] Trial 0 best=0.6033

  Winner: Trial 0, loss=0.603263 (456s)
    Restarts run: 1
    mu: 14.549532
    D_mu: 0.425090
    T0_mu: 55.592401
    Ly: 2.953073
    op_x: 0.536090
    op_y: 0.580335
    NMSE: 0.108724
  [Saved] random_IR_0031

============================================================
[32/200] random_IR_0032.npz
  GT loss: 0.000000
  terrain_mean=1.023946  early_threshold=0.009727  (alpha=0.0095)
  tolfun=0.00532 tolfunhist=0.00532  (frac=0.0052 of range=1.02)
    --> Trial 0 | pop=41 seed=95072 x0_norm_min=-0.951 x0_norm_max=0.812
        [Trial 0] gen   20  evals=  820  best=0.6721
        [Trial 0] gen   40  evals= 1640  best=0.6631
        [Trial 0] gen   60  evals= 2460  best=0.6603
        [Trial 0] gen   80  evals= 3280  best=0.6597
        [Trial 0] gen  100  evals= 4100  best=0.6597
        [Trial 0] gen  120  evals= 4920  best=0.6597
        [Trial 0] gen  140  evals= 5740  best=0.6597
        [Trial 0] gen  160  evals= 6560  best=0.6597
        [Trial 0] gen  180  evals= 7380  best=0.6597
        [Trial 0] gen  200  evals= 8200  best=0.6597
        [Trial 0] gen  220  evals= 9020  best=0.6529
        [Done] Trial 0 best=0.6529

  Winner: Trial 0, loss=0.652882 (364s)
    Restarts run: 1
    mu: 13.830571
    D_mu: 0.498943
    T0_mu: 65.522962
    Ly: 2.181755
    op_x: 0.740244
    op_y: 0.512257
    NMSE: 0.132285
  [Saved] random_IR_0032

============================================================
[33/200] random_IR_0033.npz
  GT loss: 0.000000
  terrain_mean=1.212494  early_threshold=0.011519  (alpha=0.0095)
  tolfun=0.0063 tolfunhist=0.0063  (frac=0.0052 of range=1.21)
    --> Trial 0 | pop=41 seed=95072 x0_norm_min=-0.951 x0_norm_max=0.812
        [Trial 0] gen   20  evals=  820  best=0.8110
        [Trial 0] gen   40  evals= 1640  best=0.7676
        [Trial 0] gen   60  evals= 2460  best=0.7404
        [Trial 0] gen   80  evals= 3280  best=0.7362
        [Trial 0] gen  100  evals= 4100  best=0.7266
        [Trial 0] gen  120  evals= 4920  best=0.7228
        [Trial 0] gen  140  evals= 5740  best=0.7199
        [Trial 0] gen  160  evals= 6560  best=0.7149
        [Done] Trial 0 best=0.7149

  Winner: Trial 0, loss=0.714863 (154s)
    Restarts run: 1
    mu: 2.588780
    D_mu: 2.360479
    T0_mu: 385.953858
    Ly: 3.009470
    op_x: 0.574401
    op_y: 0.511129
    NMSE: 0.268096
  [Saved] random_IR_0033

============================================================
[34/200] random_IR_0034.npz
  GT loss: 0.000000
  terrain_mean=1.063653  early_threshold=0.010105  (alpha=0.0095)
  tolfun=0.00553 tolfunhist=0.00553  (frac=0.0052 of range=1.06)
    --> Trial 0 | pop=41 seed=95072 x0_norm_min=-0.951 x0_norm_max=0.812
        [Trial 0] gen   20  evals=  820  best=0.6527
        [Trial 0] gen   40  evals= 1640  best=0.6492
        [Trial 0] gen   60  evals= 2460  best=0.6492
        [Trial 0] gen   80  evals= 3280  best=0.6492
        [Trial 0] gen  100  evals= 4100  best=0.6492
        [Trial 0] gen  120  evals= 4920  best=0.6492
        [Trial 0] gen  140  evals= 5740  best=0.6492
        [Trial 0] gen  160  evals= 6560  best=0.6480
        [Trial 0] gen  180  evals= 7380  best=0.6480
        [Trial 0] gen  200  evals= 8200  best=0.6371
        [Trial 0] gen  220  evals= 9020  best=0.6371
        [Trial 0] gen  240  evals= 9840  best=0.6371
        [Done] Trial 0 best=0.6371

  Winner: Trial 0, loss=0.637119 (381s)
    Restarts run: 1
    mu: 24.815187
    D_mu: 0.947694
    T0_mu: 37.075484
    Ly: 2.804409
    op_x: 0.590393
    op_y: 0.510001
    NMSE: 0.069373
  [Saved] random_IR_0034

============================================================
[35/200] random_IR_0035.npz
  GT loss: 0.000000
  terrain_mean=1.335245  early_threshold=0.012685  (alpha=0.0095)
  tolfun=0.00694 tolfunhist=0.00694  (frac=0.0052 of range=1.34)
    --> Trial 0 | pop=41 seed=95072 x0_norm_min=-0.951 x0_norm_max=0.812
        [Trial 0] gen   20  evals=  820  best=0.8293
        [Trial 0] gen   40  evals= 1640  best=0.8201
        [Trial 0] gen   60  evals= 2460  best=0.8201
        [Trial 0] gen   80  evals= 3280  best=0.8163
        [Trial 0] gen  100  evals= 4100  best=0.8163
        [Trial 0] gen  120  evals= 4920  best=0.8076
        [Trial 0] gen  140  evals= 5740  best=0.8076
        [Trial 0] gen  160  evals= 6560  best=0.8076
        [Trial 0] gen  180  evals= 7380  best=0.8076
        [Trial 0] gen  200  evals= 8200  best=0.8076
        [Trial 0] gen  220  evals= 9020  best=0.8024
        [Trial 0] gen  240  evals= 9840  best=0.8024
        [Done] Trial 0 best=0.8024

  Winner: Trial 0, loss=0.802358 (250s)
    Restarts run: 1
    mu: 6.525533
    D_mu: 0.993341
    T0_mu: 23.695362
    Ly: 2.476608
    op_x: 0.510604
    op_y: 0.511105
    NMSE: 0.100505
  [Saved] random_IR_0035

============================================================
[36/200] random_IR_0036.npz
  GT loss: 0.000000
  terrain_mean=1.462679  early_threshold=0.013895  (alpha=0.0095)
  tolfun=0.00761 tolfunhist=0.00761  (frac=0.0052 of range=1.46)
    --> Trial 0 | pop=41 seed=95072 x0_norm_min=-0.951 x0_norm_max=0.812
        [Trial 0] gen   20  evals=  820  best=0.8691
        [Trial 0] gen   40  evals= 1640  best=0.7924
        [Trial 0] gen   60  evals= 2460  best=0.7924
        [Trial 0] gen   80  evals= 3280  best=0.7781
        [Trial 0] gen  100  evals= 4100  best=0.7781
        [Trial 0] gen  120  evals= 4920  best=0.7781
        [Trial 0] gen  140  evals= 5740  best=0.7781
        [Trial 0] gen  160  evals= 6560  best=0.7781
        [Trial 0] gen  180  evals= 7380  best=0.7725
        [Trial 0] gen  200  evals= 8200  best=0.7725
        [Trial 0] gen  220  evals= 9020  best=0.7725
        [Trial 0] gen  240  evals= 9840  best=0.7725
        [Trial 0] gen  260  evals=10660  best=0.7725
        [Trial 0] gen  280  evals=11480  best=0.7725
        [TRIAL TIMEOUT] Trial 0 total >600s, stopping
        [Done] Trial 0 best=0.7725

  Winner: Trial 0, loss=0.772452 (600s)
    Restarts run: 1
    mu: 14.402739
    D_mu: 0.722407
    T0_mu: 58.725299
    Ly: 3.999955
    op_x: 0.792731
    op_y: 0.818875
    NMSE: 0.089959
  [Saved] random_IR_0036

============================================================
[37/200] random_IR_0037.npz
  GT loss: 0.000000
  terrain_mean=1.259555  early_threshold=0.011966  (alpha=0.0095)
  tolfun=0.00655 tolfunhist=0.00655  (frac=0.0052 of range=1.26)
    --> Trial 0 | pop=41 seed=95072 x0_norm_min=-0.951 x0_norm_max=0.812
        [Trial 0] gen   20  evals=  820  best=0.6705
        [Trial 0] gen   40  evals= 1640  best=0.6455
        [Trial 0] gen   60  evals= 2460  best=0.6377
        [Trial 0] gen   80  evals= 3280  best=0.6377
        [Trial 0] gen  100  evals= 4100  best=0.6342
        [Trial 0] gen  120  evals= 4920  best=0.6342
        [Trial 0] gen  140  evals= 5740  best=0.6342
        [Trial 0] gen  160  evals= 6560  best=0.6342
        [Trial 0] gen  180  evals= 7380  best=0.6310
        [Trial 0] gen  200  evals= 8200  best=0.6310
        [Trial 0] gen  220  evals= 9020  best=0.6295
        [Trial 0] gen  240  evals= 9840  best=0.6243
        [Done] Trial 0 best=0.6243

  Winner: Trial 0, loss=0.624316 (153s)
    Restarts run: 1
    mu: 8.424485
    D_mu: 1.717681
    T0_mu: 118.336778
    Ly: 1.571973
    op_x: 0.969348
    op_y: 0.818913
    NMSE: 0.115407
  [Saved] random_IR_0037

============================================================
[38/200] random_IR_0038.npz
  GT loss: 0.000000
  terrain_mean=1.021197  early_threshold=0.009701  (alpha=0.0095)
  tolfun=0.00531 tolfunhist=0.00531  (frac=0.0052 of range=1.02)
    --> Trial 0 | pop=41 seed=95072 x0_norm_min=-0.951 x0_norm_max=0.812
        [Trial 0] gen   20  evals=  820  best=0.7055
        [Trial 0] gen   40  evals= 1640  best=0.6944
        [Trial 0] gen   60  evals= 2460  best=0.6774
        [Trial 0] gen   80  evals= 3280  best=0.6774
        [Trial 0] gen  100  evals= 4100  best=0.6774
        [Trial 0] gen  120  evals= 4920  best=0.6774
        [Trial 0] gen  140  evals= 5740  best=0.6774
        [Trial 0] gen  160  evals= 6560  best=0.6701
        [Trial 0] gen  180  evals= 7380  best=0.6701
        [Trial 0] gen  200  evals= 8200  best=0.6701
        [Trial 0] gen  220  evals= 9020  best=0.6636
        [Trial 0] gen  240  evals= 9840  best=0.6636
        [Done] Trial 0 best=0.6636

  Winner: Trial 0, loss=0.663622 (451s)
    Restarts run: 1
    mu: 8.484640
    D_mu: 0.720671
    T0_mu: 117.811507
    Ly: 3.999759
    op_x: 0.770006
    op_y: 0.606558
    NMSE: 0.156867
  [Saved] random_IR_0038

============================================================
[39/200] random_IR_0039.npz
  GT loss: 0.000000
  terrain_mean=1.130177  early_threshold=0.010737  (alpha=0.0095)
  tolfun=0.00588 tolfunhist=0.00588  (frac=0.0052 of range=1.13)
    --> Trial 0 | pop=41 seed=95072 x0_norm_min=-0.951 x0_norm_max=0.812
        [Trial 0] gen   20  evals=  820  best=0.6948
        [Trial 0] gen   40  evals= 1640  best=0.6894
        [Trial 0] gen   60  evals= 2460  best=0.6780
        [Trial 0] gen   80  evals= 3280  best=0.6780
        [Trial 0] gen  100  evals= 4100  best=0.6780
        [Trial 0] gen  120  evals= 4920  best=0.6780
        [Trial 0] gen  140  evals= 5740  best=0.6780
        [Trial 0] gen  160  evals= 6560  best=0.6780
        [Trial 0] gen  180  evals= 7380  best=0.6660
        [Trial 0] gen  200  evals= 8200  best=0.6660
        [Trial 0] gen  220  evals= 9020  best=0.6660
        [Trial 0] gen  240  evals= 9840  best=0.6660
        [Trial 0] gen  260  evals=10660  best=0.6660
        [Trial 0] gen  280  evals=11480  best=0.6660
        [Trial 0] gen  300  evals=12300  best=0.6660
        [Trial 0] gen  320  evals=13120  best=0.6660
        [Done] Trial 0 best=0.6660

  Winner: Trial 0, loss=0.666028 (135s)
    Restarts run: 1
    mu: 6.896760
    D_mu: 3.513814
    T0_mu: 99.379412
    Ly: 1.382021
    op_x: 0.731333
    op_y: 0.973922
    NMSE: 0.123474
  [Saved] random_IR_0039

============================================================
[40/200] random_IR_0040.npz
  GT loss: 0.000000
  terrain_mean=0.979057  early_threshold=0.009301  (alpha=0.0095)
  tolfun=0.00509 tolfunhist=0.00509  (frac=0.0052 of range=0.979)
    --> Trial 0 | pop=41 seed=95072 x0_norm_min=-0.951 x0_norm_max=0.812
        [Trial 0] gen   20  evals=  820  best=0.5799
        [Trial 0] gen   40  evals= 1640  best=0.5799
        [Trial 0] gen   60  evals= 2460  best=0.5799
        [Trial 0] gen   80  evals= 3280  best=0.5799
        [Trial 0] gen  100  evals= 4100  best=0.5799
        [Trial 0] gen  120  evals= 4920  best=0.5799
        [Trial 0] gen  140  evals= 5740  best=0.5799
        [Trial 0] gen  160  evals= 6560  best=0.5665
        [Trial 0] gen  180  evals= 7380  best=0.5665
        [Trial 0] gen  200  evals= 8200  best=0.5665
        [Trial 0] gen  220  evals= 9020  best=0.5665
        [Trial 0] gen  240  evals= 9840  best=0.5665
        [Trial 0] gen  260  evals=10660  best=0.5665
        [Trial 0] gen  280  evals=11480  best=0.5625
        [Trial 0] gen  300  evals=12300  best=0.5606
        [Trial 0] gen  320  evals=13120  best=0.5593
        [Done] Trial 0 best=0.5593

  Winner: Trial 0, loss=0.559285 (527s)
    Restarts run: 1
    mu: 4.422424
    D_mu: 1.509064
    T0_mu: 169.380585
    Ly: 3.713686
    op_x: 0.510706
    op_y: 0.939145
    NMSE: 0.105513
  [Saved] random_IR_0040

============================================================
[41/200] random_IR_0041.npz
  GT loss: 0.000000
  terrain_mean=1.283571  early_threshold=0.012194  (alpha=0.0095)
  tolfun=0.00667 tolfunhist=0.00667  (frac=0.0052 of range=1.28)
    --> Trial 0 | pop=41 seed=95072 x0_norm_min=-0.951 x0_norm_max=0.812
        [Trial 0] gen   20  evals=  820  best=0.8219
        [Trial 0] gen   40  evals= 1640  best=0.7819
        [Trial 0] gen   60  evals= 2460  best=0.7819
        [Trial 0] gen   80  evals= 3280  best=0.7819
        [Trial 0] gen  100  evals= 4100  best=0.7819
        [Trial 0] gen  120  evals= 4920  best=0.7819
        [Trial 0] gen  140  evals= 5740  best=0.7819
        [Trial 0] gen  160  evals= 6560  best=0.7819
        [Trial 0] gen  180  evals= 7380  best=0.7819
        [Trial 0] gen  200  evals= 8200  best=0.7819
        [Trial 0] gen  220  evals= 9020  best=0.7819
        [Trial 0] gen  240  evals= 9840  best=0.7819
        [Trial 0] gen  260  evals=10660  best=0.7819
        [Done] Trial 0 best=0.7819

  Winner: Trial 0, loss=0.781876 (150s)
    Restarts run: 1
    mu: 26.476115
    D_mu: 20.633867
    T0_mu: 14.105153
    Ly: 2.967165
    op_x: 0.880653
    op_y: 0.993658
    NMSE: 0.100113
  [Saved] random_IR_0041

============================================================
[42/200] random_IR_0042.npz
  GT loss: 0.000000
  terrain_mean=1.003718  early_threshold=0.009535  (alpha=0.0095)
  tolfun=0.00522 tolfunhist=0.00522  (frac=0.0052 of range=1)
    --> Trial 0 | pop=41 seed=95072 x0_norm_min=-0.951 x0_norm_max=0.812
        [Trial 0] gen   20  evals=  820  best=0.6604
        [Trial 0] gen   40  evals= 1640  best=0.6604
        [Trial 0] gen   60  evals= 2460  best=0.6362
        [Trial 0] gen   80  evals= 3280  best=0.6345
        [Trial 0] gen  100  evals= 4100  best=0.6345
        [Trial 0] gen  120  evals= 4920  best=0.6248
        [Trial 0] gen  140  evals= 5740  best=0.6248
        [Trial 0] gen  160  evals= 6560  best=0.6248
        [Trial 0] gen  180  evals= 7380  best=0.6248
        [Trial 0] gen  200  evals= 8200  best=0.6224
        [Trial 0] gen  220  evals= 9020  best=0.6198
        [Trial 0] gen  240  evals= 9840  best=0.6141
        [Done] Trial 0 best=0.6141

  Winner: Trial 0, loss=0.614076 (222s)
    Restarts run: 1
    mu: 5.716555
    D_mu: 2.594299
    T0_mu: 167.389634
    Ly: 2.995899
    op_x: 0.854148
    op_y: 0.554531
    NMSE: 0.037487
  [Saved] random_IR_0042

============================================================
[43/200] random_IR_0043.npz
  GT loss: 0.000000
  terrain_mean=1.393129  early_threshold=0.013235  (alpha=0.0095)
  tolfun=0.00724 tolfunhist=0.00724  (frac=0.0052 of range=1.39)
    --> Trial 0 | pop=41 seed=95072 x0_norm_min=-0.951 x0_norm_max=0.812
        [Trial 0] gen   20  evals=  820  best=0.6459
        [Trial 0] gen   40  evals= 1640  best=0.6459
        [Trial 0] gen   60  evals= 2460  best=0.6191
        [Trial 0] gen   80  evals= 3280  best=0.6191
        [Trial 0] gen  100  evals= 4100  best=0.6191
        [Trial 0] gen  120  evals= 4920  best=0.6078
        [Trial 0] gen  140  evals= 5740  best=0.6078
        [Trial 0] gen  160  evals= 6560  best=0.6078
        [Trial 0] gen  180  evals= 7380  best=0.6059
        [Trial 0] gen  200  evals= 8200  best=0.6059
        [Trial 0] gen  220  evals= 9020  best=0.6059
        [Trial 0] gen  240  evals= 9840  best=0.6013
        [Trial 0] gen  260  evals=10660  best=0.6013
        [Trial 0] gen  280  evals=11480  best=0.6012
        [Trial 0] gen  300  evals=12300  best=0.5978
        [Trial 0] gen  320  evals=13120  best=0.5975
        [Trial 0] gen  340  evals=13940  best=0.5975
        [Trial 0] gen  360  evals=14760  best=0.5975
        [Done] Trial 0 best=0.5960

  Winner: Trial 0, loss=0.595978 (435s)
    Restarts run: 1
    mu: 67.538895
    D_mu: 4.370986
    T0_mu: 2.302391
    Ly: 3.975250
    op_x: 0.832064
    op_y: 0.995526
    NMSE: 0.071007
  [Saved] random_IR_0043

============================================================
[44/200] random_IR_0044.npz
  GT loss: 0.000000
  terrain_mean=1.011232  early_threshold=0.009607  (alpha=0.0095)
  tolfun=0.00526 tolfunhist=0.00526  (frac=0.0052 of range=1.01)
    --> Trial 0 | pop=41 seed=95072 x0_norm_min=-0.951 x0_norm_max=0.812
        [Trial 0] gen   20  evals=  820  best=0.5853
        [Trial 0] gen   40  evals= 1640  best=0.5843
        [Trial 0] gen   60  evals= 2460  best=0.5842
        [Trial 0] gen   80  evals= 3280  best=0.5766
        [Trial 0] gen  100  evals= 4100  best=0.5766
        [Trial 0] gen  120  evals= 4920  best=0.5766
        [Trial 0] gen  140  evals= 5740  best=0.5737
        [Trial 0] gen  160  evals= 6560  best=0.5737
        [Trial 0] gen  180  evals= 7380  best=0.5737
        [Trial 0] gen  200  evals= 8200  best=0.5737
        [Trial 0] gen  220  evals= 9020  best=0.5737
        [Trial 0] gen  240  evals= 9840  best=0.5737
        [Trial 0] gen  260  evals=10660  best=0.5737
        [Trial 0] gen  280  evals=11480  best=0.5737
        [Trial 0] gen  300  evals=12300  best=0.5737
        [Trial 0] gen  320  evals=13120  best=0.5737
        [Trial 0] gen  340  evals=13940  best=0.5737
        [Trial 0] gen  360  evals=14760  best=0.5737
        [Done] Trial 0 best=0.5737

  Winner: Trial 0, loss=0.573677 (567s)
    Restarts run: 1
    mu: 18.636147
    D_mu: 1.108255
    T0_mu: 35.191128
    Ly: 3.369057
    op_x: 0.591323
    op_y: 0.518337
    NMSE: 0.001842
  [Saved] random_IR_0044

============================================================
[45/200] random_IR_0045.npz
  GT loss: 0.000000
  terrain_mean=0.962150  early_threshold=0.009140  (alpha=0.0095)
  tolfun=0.005 tolfunhist=0.005  (frac=0.0052 of range=0.962)
    --> Trial 0 | pop=41 seed=95072 x0_norm_min=-0.951 x0_norm_max=0.812
        [Trial 0] gen   20  evals=  820  best=0.6331
        [Trial 0] gen   40  evals= 1640  best=0.6082
        [Trial 0] gen   60  evals= 2460  best=0.5987
        [Trial 0] gen   80  evals= 3280  best=0.5987
        [Trial 0] gen  100  evals= 4100  best=0.5987
        [Trial 0] gen  120  evals= 4920  best=0.5987
        [Trial 0] gen  140  evals= 5740  best=0.5976
        [Trial 0] gen  160  evals= 6560  best=0.5976
        [Trial 0] gen  180  evals= 7380  best=0.5976
        [Trial 0] gen  200  evals= 8200  best=0.5976
        [Trial 0] gen  220  evals= 9020  best=0.5927
        [Trial 0] gen  240  evals= 9840  best=0.5895
        [Trial 0] gen  260  evals=10660  best=0.5863
        [Done] Trial 0 best=0.5863

  Winner: Trial 0, loss=0.586258 (524s)
    Restarts run: 1
    mu: 9.825040
    D_mu: 0.856891
    T0_mu: 84.334674
    Ly: 3.656329
    op_x: 0.521436
    op_y: 0.782589
    NMSE: 0.010579
  [Saved] random_IR_0045

============================================================
[46/200] random_IR_0046.npz
  GT loss: 0.000000
  terrain_mean=1.275836  early_threshold=0.012120  (alpha=0.0095)
  tolfun=0.00663 tolfunhist=0.00663  (frac=0.0052 of range=1.28)
    --> Trial 0 | pop=41 seed=95072 x0_norm_min=-0.951 x0_norm_max=0.812
        [Trial 0] gen   20  evals=  820  best=0.7006
        [Trial 0] gen   40  evals= 1640  best=0.6868
        [Trial 0] gen   60  evals= 2460  best=0.6867
        [Trial 0] gen   80  evals= 3280  best=0.6867
        [Trial 0] gen  100  evals= 4100  best=0.6772
        [Trial 0] gen  120  evals= 4920  best=0.6772
        [Trial 0] gen  140  evals= 5740  best=0.6732
        [Trial 0] gen  160  evals= 6560  best=0.6732
        [Trial 0] gen  180  evals= 7380  best=0.6603
        [Trial 0] gen  200  evals= 8200  best=0.6589
        [Trial 0] gen  220  evals= 9020  best=0.6589
        [Done] Trial 0 best=0.6589

  Winner: Trial 0, loss=0.658885 (463s)
    Restarts run: 1
    mu: 28.122386
    D_mu: 0.714746
    T0_mu: 0.000356
    Ly: 3.998142
    op_x: 0.849453
    op_y: 0.545187
    NMSE: 0.132684
  [Saved] random_IR_0046

============================================================
[47/200] random_IR_0047.npz
  GT loss: 0.000000
  terrain_mean=0.975608  early_threshold=0.009268  (alpha=0.0095)
  tolfun=0.00507 tolfunhist=0.00507  (frac=0.0052 of range=0.976)
    --> Trial 0 | pop=41 seed=95072 x0_norm_min=-0.951 x0_norm_max=0.812
        [Trial 0] gen   20  evals=  820  best=0.6372
        [Trial 0] gen   40  evals= 1640  best=0.6335
        [Trial 0] gen   60  evals= 2460  best=0.6335
        [Trial 0] gen   80  evals= 3280  best=0.6300
        [Trial 0] gen  100  evals= 4100  best=0.6251
        [Trial 0] gen  120  evals= 4920  best=0.6251
        [Trial 0] gen  140  evals= 5740  best=0.6251
        [Trial 0] gen  160  evals= 6560  best=0.6251
        [Trial 0] gen  180  evals= 7380  best=0.6251
        [Trial 0] gen  200  evals= 8200  best=0.6251
        [Trial 0] gen  220  evals= 9020  best=0.6251
        [Trial 0] gen  240  evals= 9840  best=0.6251
        [Trial 0] gen  260  evals=10660  best=0.6226
        [Trial 0] gen  280  evals=11480  best=0.6177
        [Trial 0] gen  300  evals=12300  best=0.6177
        [Trial 0] gen  320  evals=13120  best=0.6177
        [Trial 0] gen  340  evals=13940  best=0.6161
        [Trial 0] gen  360  evals=14760  best=0.6092
        [Trial 0] gen  380  evals=15580  best=0.6088
        [Trial 0] gen  400  evals=16400  best=0.6088
        [Done] Trial 0 best=0.6088

  Winner: Trial 0, loss=0.608777 (316s)
    Restarts run: 1
    mu: 12.289698
    D_mu: 1.886978
    T0_mu: 52.624542
    Ly: 1.969149
    op_x: 0.603344
    op_y: 0.761495
    NMSE: 0.065319
  [Saved] random_IR_0047

============================================================
[48/200] random_IR_0048.npz
  GT loss: 0.000000
  terrain_mean=1.030146  early_threshold=0.009786  (alpha=0.0095)
  tolfun=0.00536 tolfunhist=0.00536  (frac=0.0052 of range=1.03)
    --> Trial 0 | pop=41 seed=95072 x0_norm_min=-0.951 x0_norm_max=0.812
        [Trial 0] gen   20  evals=  820  best=0.7162
        [Trial 0] gen   40  evals= 1640  best=0.7098
        [Trial 0] gen   60  evals= 2460  best=0.6747
        [Trial 0] gen   80  evals= 3280  best=0.6747
        [Trial 0] gen  100  evals= 4100  best=0.6747
        [Trial 0] gen  120  evals= 4920  best=0.6747
        [Trial 0] gen  140  evals= 5740  best=0.6747
        [Trial 0] gen  160  evals= 6560  best=0.6747
        [Trial 0] gen  180  evals= 7380  best=0.6747
        [Trial 0] gen  200  evals= 8200  best=0.6716
        [Trial 0] gen  220  evals= 9020  best=0.6716
        [Trial 0] gen  240  evals= 9840  best=0.6716
        [Trial 0] gen  260  evals=10660  best=0.6716
        [Trial 0] gen  280  evals=11480  best=0.6716
        [Trial 0] gen  300  evals=12300  best=0.6716
        [Trial 0] gen  320  evals=13120  best=0.6716
        [Trial 0] gen  340  evals=13940  best=0.6703
        [Trial 0] gen  360  evals=14760  best=0.6648
        [Trial 0] gen  380  evals=15580  best=0.6648
        [Trial 0] gen  400  evals=16400  best=0.6623
        [Trial 0] gen  420  evals=17220  best=0.6623
        [Done] Trial 0 best=0.6623

  Winner: Trial 0, loss=0.662329 (215s)
    Restarts run: 1
    mu: 13.423325
    D_mu: 4.376089
    T0_mu: 69.855936
    Ly: 2.124773
    op_x: 0.911076
    op_y: 0.556726
    NMSE: 0.082717
  [Saved] random_IR_0048

============================================================
[49/200] random_IR_0049.npz
  GT loss: 0.000000
  terrain_mean=1.025062  early_threshold=0.009738  (alpha=0.0095)
  tolfun=0.00533 tolfunhist=0.00533  (frac=0.0052 of range=1.03)
    --> Trial 0 | pop=41 seed=95072 x0_norm_min=-0.951 x0_norm_max=0.812
        [Trial 0] gen   20  evals=  820  best=0.6227
        [Trial 0] gen   40  evals= 1640  best=0.6227
        [Trial 0] gen   60  evals= 2460  best=0.6227
        [Trial 0] gen   80  evals= 3280  best=0.6227
        [Trial 0] gen  100  evals= 4100  best=0.6227
        [Trial 0] gen  120  evals= 4920  best=0.6227
        [Trial 0] gen  140  evals= 5740  best=0.6227
        [Trial 0] gen  160  evals= 6560  best=0.6227
        [Trial 0] gen  180  evals= 7380  best=0.6194
        [Trial 0] gen  200  evals= 8200  best=0.6144
        [Done] Trial 0 best=0.6144

  Winner: Trial 0, loss=0.614368 (269s)
    Restarts run: 1
    mu: 21.569054
    D_mu: 0.638591
    T0_mu: 38.865167
    Ly: 2.161872
    op_x: 0.708326
    op_y: 0.848687
    NMSE: 0.018473
  [Saved] random_IR_0049

============================================================
[50/200] random_IR_0050.npz
  GT loss: 0.000000
  terrain_mean=1.343050  early_threshold=0.012759  (alpha=0.0095)
  tolfun=0.00698 tolfunhist=0.00698  (frac=0.0052 of range=1.34)
    --> Trial 0 | pop=41 seed=95072 x0_norm_min=-0.951 x0_norm_max=0.812
        [Trial 0] gen   20  evals=  820  best=0.8103
        [Trial 0] gen   40  evals= 1640  best=0.7977
        [Trial 0] gen   60  evals= 2460  best=0.7682
        [Trial 0] gen   80  evals= 3280  best=0.7682
        [Trial 0] gen  100  evals= 4100  best=0.7642
        [Trial 0] gen  120  evals= 4920  best=0.7610
        [Trial 0] gen  140  evals= 5740  best=0.7610
        [Trial 0] gen  160  evals= 6560  best=0.7610
        [Trial 0] gen  180  evals= 7380  best=0.7610
        [Trial 0] gen  200  evals= 8200  best=0.7575
        [Trial 0] gen  220  evals= 9020  best=0.7491
        [Trial 0] gen  240  evals= 9840  best=0.7491
        [Trial 0] gen  260  evals=10660  best=0.7480
        [Done] Trial 0 best=0.7480

  Winner: Trial 0, loss=0.747995 (129s)
    Restarts run: 1
    mu: 34.523955
    D_mu: 17.987986
    T0_mu: 27.307046
    Ly: 3.998074
    op_x: 0.970096
    op_y: 0.829914
    NMSE: 0.194340
  [Saved] random_IR_0050

============================================================
[51/200] random_IR_0051.npz
  GT loss: 0.000000
  terrain_mean=0.933371  early_threshold=0.008867  (alpha=0.0095)
  tolfun=0.00485 tolfunhist=0.00485  (frac=0.0052 of range=0.933)
    --> Trial 0 | pop=41 seed=95072 x0_norm_min=-0.951 x0_norm_max=0.812
        [Trial 0] gen   20  evals=  820  best=0.6033
        [Trial 0] gen   40  evals= 1640  best=0.6024
        [Trial 0] gen   60  evals= 2460  best=0.5965
        [Trial 0] gen   80  evals= 3280  best=0.5930
        [Trial 0] gen  100  evals= 4100  best=0.5930
        [Trial 0] gen  120  evals= 4920  best=0.5908
        [Trial 0] gen  140  evals= 5740  best=0.5908
        [Trial 0] gen  160  evals= 6560  best=0.5908
        [Trial 0] gen  180  evals= 7380  best=0.5908
        [Trial 0] gen  200  evals= 8200  best=0.5902
        [Trial 0] gen  220  evals= 9020  best=0.5902
        [Trial 0] gen  240  evals= 9840  best=0.5902
        [Trial 0] gen  260  evals=10660  best=0.5879
        [Trial 0] gen  280  evals=11480  best=0.5787
        [Trial 0] gen  300  evals=12300  best=0.5775
        [Done] Trial 0 best=0.5774

  Winner: Trial 0, loss=0.577380 (280s)
    Restarts run: 1
    mu: 12.260787
    D_mu: 0.944060
    T0_mu: 79.777606
    Ly: 1.512805
    op_x: 0.582905
    op_y: 0.685655
    NMSE: 0.092914
  [Saved] random_IR_0051

============================================================
[52/200] random_IR_0052.npz
  GT loss: 0.000000
  terrain_mean=0.956010  early_threshold=0.009082  (alpha=0.0095)
  tolfun=0.00497 tolfunhist=0.00497  (frac=0.0052 of range=0.956)
    --> Trial 0 | pop=41 seed=95072 x0_norm_min=-0.951 x0_norm_max=0.812
        [Trial 0] gen   20  evals=  820  best=0.6345
        [Trial 0] gen   40  evals= 1640  best=0.6345
        [Trial 0] gen   60  evals= 2460  best=0.6345
        [Trial 0] gen   80  evals= 3280  best=0.6345
        [Trial 0] gen  100  evals= 4100  best=0.6345
        [Trial 0] gen  120  evals= 4920  best=0.6345
        [Trial 0] gen  140  evals= 5740  best=0.6320
        [Trial 0] gen  160  evals= 6560  best=0.6320
        [Trial 0] gen  180  evals= 7380  best=0.6320
        [Trial 0] gen  200  evals= 8200  best=0.6320
        [Trial 0] gen  220  evals= 9020  best=0.6320
        [Trial 0] gen  240  evals= 9840  best=0.6320
        [Trial 0] gen  260  evals=10660  best=0.6256
        [Trial 0] gen  280  evals=11480  best=0.6256
        [Trial 0] gen  300  evals=12300  best=0.6179
        [Done] Trial 0 best=0.6179

  Winner: Trial 0, loss=0.617882 (588s)
    Restarts run: 1
    mu: 16.541388
    D_mu: 0.406367
    T0_mu: 50.301018
    Ly: 2.571495
    op_x: 0.754696
    op_y: 0.576003
    NMSE: 0.043318
  [Saved] random_IR_0052

============================================================
[53/200] random_IR_0053.npz
  GT loss: 0.000000
  terrain_mean=1.095629  early_threshold=0.010408  (alpha=0.0095)
  tolfun=0.0057 tolfunhist=0.0057  (frac=0.0052 of range=1.1)
    --> Trial 0 | pop=41 seed=95072 x0_norm_min=-0.951 x0_norm_max=0.812
        [Trial 0] gen   20  evals=  820  best=0.6558
        [Trial 0] gen   40  evals= 1640  best=0.6086
        [Trial 0] gen   60  evals= 2460  best=0.6086
        [Trial 0] gen   80  evals= 3280  best=0.6086
        [Trial 0] gen  100  evals= 4100  best=0.6086
        [Trial 0] gen  120  evals= 4920  best=0.6086
        [Trial 0] gen  140  evals= 5740  best=0.6086
        [Trial 0] gen  160  evals= 6560  best=0.6086
        [Trial 0] gen  180  evals= 7380  best=0.6086
        [Trial 0] gen  200  evals= 8200  best=0.6086
        [Trial 0] gen  220  evals= 9020  best=0.6086
        [Trial 0] gen  240  evals= 9840  best=0.6086
        [TRIAL TIMEOUT] Trial 0 total >600s, stopping
        [Done] Trial 0 best=0.6086

  Winner: Trial 0, loss=0.608634 (602s)
    Restarts run: 1
    mu: 17.196705
    D_mu: 0.925365
    T0_mu: 57.959659
    Ly: 3.637609
    op_x: 0.514375
    op_y: 0.730604
    NMSE: 0.091363
  [Saved] random_IR_0053

============================================================
[54/200] random_IR_0054.npz
  GT loss: 0.000000
  terrain_mean=1.339762  early_threshold=0.012728  (alpha=0.0095)
  tolfun=0.00697 tolfunhist=0.00697  (frac=0.0052 of range=1.34)
    --> Trial 0 | pop=41 seed=95072 x0_norm_min=-0.951 x0_norm_max=0.812
        [Trial 0] gen   20  evals=  820  best=0.6633
        [Trial 0] gen   40  evals= 1640  best=0.6608
        [Trial 0] gen   60  evals= 2460  best=0.6488
        [Trial 0] gen   80  evals= 3280  best=0.6442
        [Trial 0] gen  100  evals= 4100  best=0.6442
        [Trial 0] gen  120  evals= 4920  best=0.6315
        [Trial 0] gen  140  evals= 5740  best=0.6315
        [Trial 0] gen  160  evals= 6560  best=0.6315
        [Trial 0] gen  180  evals= 7380  best=0.6315
        [Trial 0] gen  200  evals= 8200  best=0.6314
        [Trial 0] gen  220  evals= 9020  best=0.6314
        [Trial 0] gen  240  evals= 9840  best=0.6314
        [Trial 0] gen  260  evals=10660  best=0.6244
        [Trial 0] gen  280  evals=11480  best=0.6244
        [Trial 0] gen  300  evals=12300  best=0.6244
        [Trial 0] gen  320  evals=13120  best=0.6244
        [Trial 0] gen  340  evals=13940  best=0.6244
        [Trial 0] gen  360  evals=14760  best=0.6244
        [Trial 0] gen  380  evals=15580  best=0.6209
        [Trial 0] gen  400  evals=16400  best=0.6166
        [Done] Trial 0 best=0.6137

  Winner: Trial 0, loss=0.613650 (379s)
    Restarts run: 1
    mu: 5.401210
    D_mu: 1.417428
    T0_mu: 182.420431
    Ly: 2.179152
    op_x: 0.592364
    op_y: 0.989421
    NMSE: 0.100435
  [Saved] random_IR_0054

============================================================
[55/200] random_IR_0055.npz
  GT loss: 0.000000
  terrain_mean=1.008110  early_threshold=0.009577  (alpha=0.0095)
  tolfun=0.00524 tolfunhist=0.00524  (frac=0.0052 of range=1.01)
    --> Trial 0 | pop=41 seed=95072 x0_norm_min=-0.951 x0_norm_max=0.812
        [Trial 0] gen   20  evals=  820  best=0.6322
        [Trial 0] gen   40  evals= 1640  best=0.6322
        [Trial 0] gen   60  evals= 2460  best=0.6285
        [Trial 0] gen   80  evals= 3280  best=0.6285
        [Trial 0] gen  100  evals= 4100  best=0.6285
        [Trial 0] gen  120  evals= 4920  best=0.6285
        [Trial 0] gen  140  evals= 5740  best=0.6285
        [Trial 0] gen  160  evals= 6560  best=0.6285
        [Trial 0] gen  180  evals= 7380  best=0.6226
        [Trial 0] gen  200  evals= 8200  best=0.6177
        [Trial 0] gen  220  evals= 9020  best=0.6177
        [Trial 0] gen  240  evals= 9840  best=0.6177
        [Trial 0] gen  260  evals=10660  best=0.6177
        [Trial 0] gen  280  evals=11480  best=0.6137
        [Trial 0] gen  300  evals=12300  best=0.6111
        [Trial 0] gen  320  evals=13120  best=0.6069
        [Done] Trial 0 best=0.6069

  Winner: Trial 0, loss=0.606920 (398s)
    Restarts run: 1
    mu: 4.337736
    D_mu: 2.025999
    T0_mu: 221.703308
    Ly: 3.159148
    op_x: 0.733458
    op_y: 0.740279
    NMSE: 0.090150
  [Saved] random_IR_0055

============================================================
[56/200] random_IR_0056.npz
  GT loss: 0.000000
  terrain_mean=1.065861  early_threshold=0.010126  (alpha=0.0095)
  tolfun=0.00554 tolfunhist=0.00554  (frac=0.0052 of range=1.07)
    --> Trial 0 | pop=41 seed=95072 x0_norm_min=-0.951 x0_norm_max=0.812
        [Trial 0] gen   20  evals=  820  best=0.6380
        [Trial 0] gen   40  evals= 1640  best=0.6268
        [Trial 0] gen   60  evals= 2460  best=0.6263
        [Trial 0] gen   80  evals= 3280  best=0.6237
        [Trial 0] gen  100  evals= 4100  best=0.6237
        [Trial 0] gen  120  evals= 4920  best=0.6237
        [Trial 0] gen  140  evals= 5740  best=0.6237
        [Trial 0] gen  160  evals= 6560  best=0.6237
        [Trial 0] gen  180  evals= 7380  best=0.6237
        [Trial 0] gen  200  evals= 8200  best=0.6237
        [Trial 0] gen  220  evals= 9020  best=0.6237
        [Trial 0] gen  240  evals= 9840  best=0.6237
        [Trial 0] gen  260  evals=10660  best=0.6236
        [TRIAL TIMEOUT] Trial 0 total >600s, stopping
        [Done] Trial 0 best=0.6236

  Winner: Trial 0, loss=0.623636 (600s)
    Restarts run: 1
    mu: 27.080832
    D_mu: 0.604913
    T0_mu: 26.161604
    Ly: 3.673215
    op_x: 0.594860
    op_y: 0.707119
    NMSE: 0.021093
  [Saved] random_IR_0056

============================================================
[57/200] random_IR_0057.npz
  GT loss: 0.000000
  terrain_mean=0.999128  early_threshold=0.009492  (alpha=0.0095)
  tolfun=0.0052 tolfunhist=0.0052  (frac=0.0052 of range=0.999)
    --> Trial 0 | pop=41 seed=95072 x0_norm_min=-0.951 x0_norm_max=0.812
        [Trial 0] gen   20  evals=  820  best=0.6199
        [Trial 0] gen   40  evals= 1640  best=0.6199
        [Trial 0] gen   60  evals= 2460  best=0.6199
        [Trial 0] gen   80  evals= 3280  best=0.6199
        [Trial 0] gen  100  evals= 4100  best=0.6139
        [Trial 0] gen  120  evals= 4920  best=0.6139
        [Trial 0] gen  140  evals= 5740  best=0.6136
        [Trial 0] gen  160  evals= 6560  best=0.6136
        [Trial 0] gen  180  evals= 7380  best=0.6136
        [Trial 0] gen  200  evals= 8200  best=0.6127
        [Trial 0] gen  220  evals= 9020  best=0.6127
        [Trial 0] gen  240  evals= 9840  best=0.6127
        [Trial 0] gen  260  evals=10660  best=0.6127
        [Done] Trial 0 best=0.6127

  Winner: Trial 0, loss=0.612731 (266s)
    Restarts run: 1
    mu: 11.350518
    D_mu: 1.703767
    T0_mu: 67.325470
    Ly: 2.784385
    op_x: 0.576705
    op_y: 0.648873
    NMSE: 0.137691
  [Saved] random_IR_0057

============================================================
[58/200] random_IR_0058.npz
  GT loss: 0.000000
  terrain_mean=1.154542  early_threshold=0.010968  (alpha=0.0095)
  tolfun=0.006 tolfunhist=0.006  (frac=0.0052 of range=1.15)
    --> Trial 0 | pop=41 seed=95072 x0_norm_min=-0.951 x0_norm_max=0.812
        [Trial 0] gen   20  evals=  820  best=0.6670
        [Trial 0] gen   40  evals= 1640  best=0.6670
        [Trial 0] gen   60  evals= 2460  best=0.6649
        [Trial 0] gen   80  evals= 3280  best=0.6555
        [Trial 0] gen  100  evals= 4100  best=0.6555
        [Trial 0] gen  120  evals= 4920  best=0.6555
        [Trial 0] gen  140  evals= 5740  best=0.6515
        [Trial 0] gen  160  evals= 6560  best=0.6515
        [Trial 0] gen  180  evals= 7380  best=0.6515
        [Trial 0] gen  200  evals= 8200  best=0.6493
        [Trial 0] gen  220  evals= 9020  best=0.6493
        [Trial 0] gen  240  evals= 9840  best=0.6493
        [Trial 0] gen  260  evals=10660  best=0.6493
        [Trial 0] gen  280  evals=11480  best=0.6493
        [Trial 0] gen  300  evals=12300  best=0.6461
        [Trial 0] gen  320  evals=13120  best=0.6461
        [Trial 0] gen  340  evals=13940  best=0.6461
        [Done] Trial 0 best=0.6459

  Winner: Trial 0, loss=0.645939 (168s)
    Restarts run: 1
    mu: 15.974025
    D_mu: 1.198976
    T0_mu: 55.709867
    Ly: 1.100730
    op_x: 0.915438
    op_y: 0.920797
    NMSE: 0.035026
  [Saved] random_IR_0058

============================================================
[59/200] random_IR_0059.npz
  GT loss: 0.000000
  terrain_mean=1.037914  early_threshold=0.009860  (alpha=0.0095)
  tolfun=0.0054 tolfunhist=0.0054  (frac=0.0052 of range=1.04)
    --> Trial 0 | pop=41 seed=95072 x0_norm_min=-0.951 x0_norm_max=0.812
        [Trial 0] gen   20  evals=  820  best=0.6167
        [Trial 0] gen   40  evals= 1640  best=0.6167
        [Trial 0] gen   60  evals= 2460  best=0.6167
        [Trial 0] gen   80  evals= 3280  best=0.6167
        [Trial 0] gen  100  evals= 4100  best=0.6078
        [Trial 0] gen  120  evals= 4920  best=0.6047
        [Trial 0] gen  140  evals= 5740  best=0.6047
        [Trial 0] gen  160  evals= 6560  best=0.6047
        [Trial 0] gen  180  evals= 7380  best=0.6047
        [Trial 0] gen  200  evals= 8200  best=0.6047
        [Trial 0] gen  220  evals= 9020  best=0.6047
        [Trial 0] gen  240  evals= 9840  best=0.6047
        [Trial 0] gen  260  evals=10660  best=0.6047
        [Trial 0] gen  280  evals=11480  best=0.6047
        [Trial 0] gen  300  evals=12300  best=0.6047
        [Trial 0] gen  320  evals=13120  best=0.6047
        [Trial 0] gen  340  evals=13940  best=0.6047
        [Trial 0] gen  360  evals=14760  best=0.6032
        [TRIAL TIMEOUT] Trial 0 total >600s, stopping
        [Done] Trial 0 best=0.5969

  Winner: Trial 0, loss=0.596899 (601s)
    Restarts run: 1
    mu: 33.113725
    D_mu: 0.753676
    T0_mu: 26.976101
    Ly: 3.332931
    op_x: 0.514916
    op_y: 0.619104
    NMSE: 0.083508
  [Saved] random_IR_0059

============================================================
[60/200] random_IR_0060.npz
  GT loss: 0.000000
  terrain_mean=1.022730  early_threshold=0.009716  (alpha=0.0095)
  tolfun=0.00532 tolfunhist=0.00532  (frac=0.0052 of range=1.02)
    --> Trial 0 | pop=41 seed=95072 x0_norm_min=-0.951 x0_norm_max=0.812
        [Trial 0] gen   20  evals=  820  best=0.6283
        [Trial 0] gen   40  evals= 1640  best=0.6184
        [Trial 0] gen   60  evals= 2460  best=0.6013
        [Trial 0] gen   80  evals= 3280  best=0.6013
        [Trial 0] gen  100  evals= 4100  best=0.6013
        [Trial 0] gen  120  evals= 4920  best=0.6013
        [Trial 0] gen  140  evals= 5740  best=0.6013
        [Trial 0] gen  160  evals= 6560  best=0.6013
        [Trial 0] gen  180  evals= 7380  best=0.6013
        [Trial 0] gen  200  evals= 8200  best=0.6013
        [Trial 0] gen  220  evals= 9020  best=0.5993
        [Trial 0] gen  240  evals= 9840  best=0.5993
        [Trial 0] gen  260  evals=10660  best=0.5993
        [Done] Trial 0 best=0.5993

  Winner: Trial 0, loss=0.599289 (514s)
    Restarts run: 1
    mu: 20.886097
    D_mu: 0.571363
    T0_mu: 47.765172
    Ly: 3.134194
    op_x: 0.682915
    op_y: 0.572722
    NMSE: 0.085739
  [Saved] random_IR_0060

============================================================
[61/200] random_IR_0061.npz
  GT loss: 0.000000
  terrain_mean=1.522005  early_threshold=0.014459  (alpha=0.0095)
  tolfun=0.00791 tolfunhist=0.00791  (frac=0.0052 of range=1.52)
    --> Trial 0 | pop=41 seed=95072 x0_norm_min=-0.951 x0_norm_max=0.812
        [Trial 0] gen   20  evals=  820  best=0.6613
        [Trial 0] gen   40  evals= 1640  best=0.6426
        [Trial 0] gen   60  evals= 2460  best=0.6426
        [Trial 0] gen   80  evals= 3280  best=0.6426
        [Trial 0] gen  100  evals= 4100  best=0.6413
        [Trial 0] gen  120  evals= 4920  best=0.6413
        [Trial 0] gen  140  evals= 5740  best=0.6413
        [Trial 0] gen  160  evals= 6560  best=0.6413
        [Trial 0] gen  180  evals= 7380  best=0.6413
        [Trial 0] gen  200  evals= 8200  best=0.6413
        [Trial 0] gen  220  evals= 9020  best=0.6413
        [Trial 0] gen  240  evals= 9840  best=0.6413
        [Trial 0] gen  260  evals=10660  best=0.6413
        [Trial 0] gen  280  evals=11480  best=0.6413
        [Trial 0] gen  300  evals=12300  best=0.6413
        [Trial 0] gen  320  evals=13120  best=0.6413
        [Trial 0] gen  340  evals=13940  best=0.6413
        [Trial 0] gen  360  evals=14760  best=0.6413
        [Trial 0] gen  380  evals=15580  best=0.6405
        [Trial 0] gen  400  evals=16400  best=0.6399
        [Trial 0] gen  420  evals=17220  best=0.6372
        [Trial 0] gen  440  evals=18040  best=0.6372
        [Trial 0] gen  460  evals=18860  best=0.6351
        [Trial 0] gen  480  evals=19680  best=0.6316
        [Trial 0] gen  500  evals=20500  best=0.6250
        [Done] Trial 0 best=0.6221

  Winner: Trial 0, loss=0.622139 (414s)
    Restarts run: 1
    mu: 18.125258
    D_mu: 0.917719
    T0_mu: 20.615274
    Ly: 1.474602
    op_x: 0.586673
    op_y: 0.999941
    NMSE: 0.156223
  [Saved] random_IR_0061

============================================================
[62/200] random_IR_0062.npz
  GT loss: 0.000000
  terrain_mean=1.044287  early_threshold=0.009921  (alpha=0.0095)
  tolfun=0.00543 tolfunhist=0.00543  (frac=0.0052 of range=1.04)
    --> Trial 0 | pop=41 seed=95072 x0_norm_min=-0.951 x0_norm_max=0.812
        [Trial 0] gen   20  evals=  820  best=0.7389
        [Trial 0] gen   40  evals= 1640  best=0.7389
        [Trial 0] gen   60  evals= 2460  best=0.7204
        [Trial 0] gen   80  evals= 3280  best=0.7204
        [Trial 0] gen  100  evals= 4100  best=0.7204
        [Trial 0] gen  120  evals= 4920  best=0.7204
        [Trial 0] gen  140  evals= 5740  best=0.7204
        [Trial 0] gen  160  evals= 6560  best=0.7075
        [Trial 0] gen  180  evals= 7380  best=0.7075
        [Trial 0] gen  200  evals= 8200  best=0.7075
        [Trial 0] gen  220  evals= 9020  best=0.7075
        [Trial 0] gen  240  evals= 9840  best=0.7054
        [Trial 0] gen  260  evals=10660  best=0.7046
        [Done] Trial 0 best=0.7046

  Winner: Trial 0, loss=0.704563 (509s)
    Restarts run: 1
    mu: 13.191739
    D_mu: 0.706591
    T0_mu: 75.420746
    Ly: 3.265243
    op_x: 0.806828
    op_y: 0.517664
    NMSE: 0.182727
  [Saved] random_IR_0062

============================================================
[63/200] random_IR_0063.npz
  GT loss: 0.000000
  terrain_mean=1.011880  early_threshold=0.009613  (alpha=0.0095)
  tolfun=0.00526 tolfunhist=0.00526  (frac=0.0052 of range=1.01)
    --> Trial 0 | pop=41 seed=95072 x0_norm_min=-0.951 x0_norm_max=0.812
        [Trial 0] gen   20  evals=  820  best=0.6136
        [Trial 0] gen   40  evals= 1640  best=0.6131
        [Trial 0] gen   60  evals= 2460  best=0.6131
        [Trial 0] gen   80  evals= 3280  best=0.6127
        [Trial 0] gen  100  evals= 4100  best=0.6078
        [Trial 0] gen  120  evals= 4920  best=0.6074
        [Trial 0] gen  140  evals= 5740  best=0.6053
        [Trial 0] gen  160  evals= 6560  best=0.6053
        [Trial 0] gen  180  evals= 7380  best=0.6053
        [Trial 0] gen  200  evals= 8200  best=0.5995
        [Trial 0] gen  220  evals= 9020  best=0.5989
        [Trial 0] gen  240  evals= 9840  best=0.5937
        [Trial 0] gen  260  evals=10660  best=0.5903
        [Trial 0] gen  280  evals=11480  best=0.5901
        [Done] Trial 0 best=0.5901

  Winner: Trial 0, loss=0.590071 (282s)
    Restarts run: 1
    mu: 6.785486
    D_mu: 1.470179
    T0_mu: 135.395934
    Ly: 2.256425
    op_x: 0.715786
    op_y: 0.651590
    NMSE: 0.018790
  [Saved] random_IR_0063

============================================================
[64/200] random_IR_0064.npz
  GT loss: 0.000000
  terrain_mean=1.427166  early_threshold=0.013558  (alpha=0.0095)
  tolfun=0.00742 tolfunhist=0.00742  (frac=0.0052 of range=1.43)
    --> Trial 0 | pop=41 seed=95072 x0_norm_min=-0.951 x0_norm_max=0.812
        [Trial 0] gen   20  evals=  820  best=0.6673
        [Trial 0] gen   40  evals= 1640  best=0.6673
        [Trial 0] gen   60  evals= 2460  best=0.6668
        [Trial 0] gen   80  evals= 3280  best=0.6623
        [Trial 0] gen  100  evals= 4100  best=0.6618
        [Trial 0] gen  120  evals= 4920  best=0.6412
        [Trial 0] gen  140  evals= 5740  best=0.6412
        [Trial 0] gen  160  evals= 6560  best=0.6412
        [Trial 0] gen  180  evals= 7380  best=0.6412
        [Trial 0] gen  200  evals= 8200  best=0.6412
        [Trial 0] gen  220  evals= 9020  best=0.6412
        [Trial 0] gen  240  evals= 9840  best=0.6412
        [Trial 0] gen  260  evals=10660  best=0.6328
        [Trial 0] gen  280  evals=11480  best=0.6328
        [Trial 0] gen  300  evals=12300  best=0.6328
        [Trial 0] gen  320  evals=13120  best=0.6328
        [Trial 0] gen  340  evals=13940  best=0.6328
        [Trial 0] gen  360  evals=14760  best=0.6328
        [Trial 0] gen  380  evals=15580  best=0.6328
        [Trial 0] gen  400  evals=16400  best=0.6328
        [Trial 0] gen  420  evals=17220  best=0.6328
        [TRIAL TIMEOUT] Trial 0 total >600s, stopping
        [Done] Trial 0 best=0.6328

  Winner: Trial 0, loss=0.632771 (601s)
    Restarts run: 1
    mu: 12.058615
    D_mu: 1.034637
    T0_mu: 82.415118
    Ly: 3.349036
    op_x: 0.988527
    op_y: 0.808124
    NMSE: 0.045807
  [Saved] random_IR_0064

============================================================
[65/200] random_IR_0065.npz
  GT loss: 0.000000
  terrain_mean=0.984660  early_threshold=0.009354  (alpha=0.0095)
  tolfun=0.00512 tolfunhist=0.00512  (frac=0.0052 of range=0.985)
    --> Trial 0 | pop=41 seed=95072 x0_norm_min=-0.951 x0_norm_max=0.812
        [Trial 0] gen   20  evals=  820  best=0.6698
        [Trial 0] gen   40  evals= 1640  best=0.6332
        [Trial 0] gen   60  evals= 2460  best=0.6291
        [Trial 0] gen   80  evals= 3280  best=0.6264
        [Trial 0] gen  100  evals= 4100  best=0.6259
        [Trial 0] gen  120  evals= 4920  best=0.6208
        [Trial 0] gen  140  evals= 5740  best=0.6180
        [Trial 0] gen  160  evals= 6560  best=0.6142
        [Trial 0] gen  180  evals= 7380  best=0.6137
        [Trial 0] gen  200  evals= 8200  best=0.6076
        [Trial 0] gen  220  evals= 9020  best=0.6014
        [Trial 0] gen  240  evals= 9840  best=0.6014
        [Done] Trial 0 best=0.6014

  Winner: Trial 0, loss=0.601394 (315s)
    Restarts run: 1
    mu: 4.237459
    D_mu: 2.931702
    T0_mu: 151.122537
    Ly: 3.997501
    op_x: 0.851827
    op_y: 0.794529
    NMSE: 0.237529
  [Saved] random_IR_0065

============================================================
[66/200] random_IR_0066.npz
  GT loss: 0.000000
  terrain_mean=1.044032  early_threshold=0.009918  (alpha=0.0095)
  tolfun=0.00543 tolfunhist=0.00543  (frac=0.0052 of range=1.04)
    --> Trial 0 | pop=41 seed=95072 x0_norm_min=-0.951 x0_norm_max=0.812
        [Trial 0] gen   20  evals=  820  best=0.6445
        [Trial 0] gen   40  evals= 1640  best=0.6422
        [Trial 0] gen   60  evals= 2460  best=0.6406
        [Trial 0] gen   80  evals= 3280  best=0.6406
        [Trial 0] gen  100  evals= 4100  best=0.6340
        [Trial 0] gen  120  evals= 4920  best=0.6321
        [Trial 0] gen  140  evals= 5740  best=0.6321
        [Trial 0] gen  160  evals= 6560  best=0.6267
        [Trial 0] gen  180  evals= 7380  best=0.6259
        [Trial 0] gen  200  evals= 8200  best=0.6259
        [Trial 0] gen  220  evals= 9020  best=0.6249
        [Trial 0] gen  240  evals= 9840  best=0.6237
        [Done] Trial 0 best=0.6237

  Winner: Trial 0, loss=0.623662 (365s)
    Restarts run: 1
    mu: 19.273855
    D_mu: 0.460012
    T0_mu: 36.467535
    Ly: 2.351149
    op_x: 0.656817
    op_y: 0.559275
    NMSE: 0.048465
  [Saved] random_IR_0066

============================================================
[67/200] random_IR_0067.npz
  GT loss: 0.000000
  terrain_mean=1.110445  early_threshold=0.010549  (alpha=0.0095)
  tolfun=0.00577 tolfunhist=0.00577  (frac=0.0052 of range=1.11)
    --> Trial 0 | pop=41 seed=95072 x0_norm_min=-0.951 x0_norm_max=0.812
        [Trial 0] gen   20  evals=  820  best=0.6369
        [Trial 0] gen   40  evals= 1640  best=0.6369
        [Trial 0] gen   60  evals= 2460  best=0.6292
        [Trial 0] gen   80  evals= 3280  best=0.6292
        [Trial 0] gen  100  evals= 4100  best=0.6273
        [Trial 0] gen  120  evals= 4920  best=0.6173
        [Trial 0] gen  140  evals= 5740  best=0.6101
        [Trial 0] gen  160  evals= 6560  best=0.6101
        [Trial 0] gen  180  evals= 7380  best=0.6101
        [Trial 0] gen  200  evals= 8200  best=0.6101
        [Trial 0] gen  220  evals= 9020  best=0.6101
        [Done] Trial 0 best=0.6101

  Winner: Trial 0, loss=0.610059 (319s)
    Restarts run: 1
    mu: 15.043771
    D_mu: 1.673213
    T0_mu: 66.413882
    Ly: 3.632669
    op_x: 0.930852
    op_y: 0.555836
    NMSE: 0.193684
  [Saved] random_IR_0067

============================================================
[68/200] random_IR_0068.npz
  GT loss: 0.000000
  terrain_mean=1.587054  early_threshold=0.015077  (alpha=0.0095)
  tolfun=0.00825 tolfunhist=0.00825  (frac=0.0052 of range=1.59)
    --> Trial 0 | pop=41 seed=95072 x0_norm_min=-0.951 x0_norm_max=0.812
        [Trial 0] gen   20  evals=  820  best=0.6431
        [Trial 0] gen   40  evals= 1640  best=0.6367
        [Trial 0] gen   60  evals= 2460  best=0.6367
        [Trial 0] gen   80  evals= 3280  best=0.6366
        [Trial 0] gen  100  evals= 4100  best=0.6330
        [Trial 0] gen  120  evals= 4920  best=0.6144
        [Trial 0] gen  140  evals= 5740  best=0.6144
        [Trial 0] gen  160  evals= 6560  best=0.6144
        [Trial 0] gen  180  evals= 7380  best=0.6144
        [Trial 0] gen  200  evals= 8200  best=0.6144
        [Trial 0] gen  220  evals= 9020  best=0.6144
        [Trial 0] gen  240  evals= 9840  best=0.6144
        [Trial 0] gen  260  evals=10660  best=0.6144
        [Trial 0] gen  280  evals=11480  best=0.6144
        [Trial 0] gen  300  evals=12300  best=0.6144
        [Done] Trial 0 best=0.6144

  Winner: Trial 0, loss=0.614383 (272s)
    Restarts run: 1
    mu: 15.968050
    D_mu: 5.181288
    T0_mu: 40.037143
    Ly: 3.686282
    op_x: 0.981821
    op_y: 0.845602
    NMSE: 0.084064
  [Saved] random_IR_0068

============================================================
[69/200] random_IR_0069.npz
  GT loss: 0.000000
  terrain_mean=1.009691  early_threshold=0.009592  (alpha=0.0095)
  tolfun=0.00525 tolfunhist=0.00525  (frac=0.0052 of range=1.01)
    --> Trial 0 | pop=41 seed=95072 x0_norm_min=-0.951 x0_norm_max=0.812
        [Trial 0] gen   20  evals=  820  best=0.5968
        [Trial 0] gen   40  evals= 1640  best=0.5940
        [Trial 0] gen   60  evals= 2460  best=0.5940
        [Trial 0] gen   80  evals= 3280  best=0.5940
        [Trial 0] gen  100  evals= 4100  best=0.5889
        [Trial 0] gen  120  evals= 4920  best=0.5889
        [Trial 0] gen  140  evals= 5740  best=0.5889
        [Trial 0] gen  160  evals= 6560  best=0.5889
        [Trial 0] gen  180  evals= 7380  best=0.5800
        [Trial 0] gen  200  evals= 8200  best=0.5786
        [Trial 0] gen  220  evals= 9020  best=0.5786
        [Trial 0] gen  240  evals= 9840  best=0.5715
        [Trial 0] gen  260  evals=10660  best=0.5715
        [Trial 0] gen  280  evals=11480  best=0.5714
        [Done] Trial 0 best=0.5713

  Winner: Trial 0, loss=0.571325 (203s)
    Restarts run: 1
    mu: 9.404691
    D_mu: 4.638056
    T0_mu: 78.913069
    Ly: 2.860209
    op_x: 0.514507
    op_y: 0.621174
    NMSE: 0.049520
  [Saved] random_IR_0069

============================================================
[70/200] random_IR_0070.npz
  GT loss: 0.000000
  terrain_mean=1.572694  early_threshold=0.014941  (alpha=0.0095)
  tolfun=0.00818 tolfunhist=0.00818  (frac=0.0052 of range=1.57)
    --> Trial 0 | pop=41 seed=95072 x0_norm_min=-0.951 x0_norm_max=0.812
        [Trial 0] gen   20  evals=  820  best=0.6536
        [Trial 0] gen   40  evals= 1640  best=0.6317
        [Trial 0] gen   60  evals= 2460  best=0.6275
        [Trial 0] gen   80  evals= 3280  best=0.6193
        [Trial 0] gen  100  evals= 4100  best=0.6193
        [Trial 0] gen  120  evals= 4920  best=0.6026
        [Trial 0] gen  140  evals= 5740  best=0.5965
        [Trial 0] gen  160  evals= 6560  best=0.5965
        [Trial 0] gen  180  evals= 7380  best=0.5965
        [Trial 0] gen  200  evals= 8200  best=0.5965
        [Trial 0] gen  220  evals= 9020  best=0.5965
        [Trial 0] gen  240  evals= 9840  best=0.5936
        [Trial 0] gen  260  evals=10660  best=0.5936
        [Trial 0] gen  280  evals=11480  best=0.5936
        [Trial 0] gen  300  evals=12300  best=0.5936
        [Trial 0] gen  320  evals=13120  best=0.5936
        [Trial 0] gen  340  evals=13940  best=0.5936
        [Trial 0] gen  360  evals=14760  best=0.5936
        [Done] Trial 0 best=0.5936

  Winner: Trial 0, loss=0.593636 (286s)
    Restarts run: 1
    mu: 40.846948
    D_mu: 2.112214
    T0_mu: 18.492722
    Ly: 2.089378
    op_x: 0.885228
    op_y: 0.994214
    NMSE: 0.051364
  [Saved] random_IR_0070

============================================================
[71/200] random_IR_0071.npz
  GT loss: 0.000000
  terrain_mean=0.992244  early_threshold=0.009426  (alpha=0.0095)
  tolfun=0.00516 tolfunhist=0.00516  (frac=0.0052 of range=0.992)
    --> Trial 0 | pop=41 seed=95072 x0_norm_min=-0.951 x0_norm_max=0.812
        [Trial 0] gen   20  evals=  820  best=0.6387
        [Trial 0] gen   40  evals= 1640  best=0.6346
        [Trial 0] gen   60  evals= 2460  best=0.6346
        [Trial 0] gen   80  evals= 3280  best=0.6276
        [Trial 0] gen  100  evals= 4100  best=0.6195
        [Trial 0] gen  120  evals= 4920  best=0.6195
        [Trial 0] gen  140  evals= 5740  best=0.6195
        [Trial 0] gen  160  evals= 6560  best=0.6187
        [Trial 0] gen  180  evals= 7380  best=0.6150
        [Trial 0] gen  200  evals= 8200  best=0.6150
        [Trial 0] gen  220  evals= 9020  best=0.6132
        [Trial 0] gen  240  evals= 9840  best=0.6060
        [Done] Trial 0 best=0.6011

  Winner: Trial 0, loss=0.601129 (497s)
    Restarts run: 1
    mu: 21.265049
    D_mu: 0.290990
    T0_mu: 46.082829
    Ly: 2.427540
    op_x: 0.670208
    op_y: 0.578121
    NMSE: 0.026561
  [Saved] random_IR_0071

============================================================
[72/200] random_IR_0072.npz
  GT loss: 0.000000
  terrain_mean=1.208633  early_threshold=0.011482  (alpha=0.0095)
  tolfun=0.00628 tolfunhist=0.00628  (frac=0.0052 of range=1.21)
    --> Trial 0 | pop=41 seed=95072 x0_norm_min=-0.951 x0_norm_max=0.812
        [Trial 0] gen   20  evals=  820  best=0.7293
        [Trial 0] gen   40  evals= 1640  best=0.7004
        [Trial 0] gen   60  evals= 2460  best=0.6958
        [Trial 0] gen   80  evals= 3280  best=0.6926
        [Trial 0] gen  100  evals= 4100  best=0.6885
        [Trial 0] gen  120  evals= 4920  best=0.6885
        [Trial 0] gen  140  evals= 5740  best=0.6855
        [Trial 0] gen  160  evals= 6560  best=0.6816
        [Done] Trial 0 best=0.6782

  Winner: Trial 0, loss=0.678226 (205s)
    Restarts run: 1
    mu: 29.645139
    D_mu: 0.901776
    T0_mu: 32.223768
    Ly: 2.202066
    op_x: 0.562682
    op_y: 0.700634
    NMSE: 0.053678
  [Saved] random_IR_0072

============================================================
[73/200] random_IR_0073.npz
  GT loss: 0.000000
  terrain_mean=1.046998  early_threshold=0.009946  (alpha=0.0095)
  tolfun=0.00544 tolfunhist=0.00544  (frac=0.0052 of range=1.05)
    --> Trial 0 | pop=41 seed=95072 x0_norm_min=-0.951 x0_norm_max=0.812
        [Trial 0] gen   20  evals=  820  best=0.6531
        [Trial 0] gen   40  evals= 1640  best=0.6491
        [Trial 0] gen   60  evals= 2460  best=0.6486
        [Trial 0] gen   80  evals= 3280  best=0.6446
        [Trial 0] gen  100  evals= 4100  best=0.6318
        [Trial 0] gen  120  evals= 4920  best=0.6318
        [Trial 0] gen  140  evals= 5740  best=0.6318
        [Trial 0] gen  160  evals= 6560  best=0.6318
        [Trial 0] gen  180  evals= 7380  best=0.6291
        [Trial 0] gen  200  evals= 8200  best=0.6260
        [Trial 0] gen  220  evals= 9020  best=0.6242
        [Done] Trial 0 best=0.6242

  Winner: Trial 0, loss=0.624203 (184s)
    Restarts run: 1
    mu: 12.772089
    D_mu: 1.591503
    T0_mu: 70.067986
    Ly: 2.000791
    op_x: 0.589642
    op_y: 0.535149
    NMSE: 0.029402
  [Saved] random_IR_0073

============================================================
[74/200] random_IR_0074.npz
  GT loss: 0.000000
  terrain_mean=1.043674  early_threshold=0.009915  (alpha=0.0095)
  tolfun=0.00543 tolfunhist=0.00543  (frac=0.0052 of range=1.04)
    --> Trial 0 | pop=41 seed=95072 x0_norm_min=-0.951 x0_norm_max=0.812
        [Trial 0] gen   20  evals=  820  best=0.6320
        [Trial 0] gen   40  evals= 1640  best=0.6320
        [Trial 0] gen   60  evals= 2460  best=0.6152
        [Trial 0] gen   80  evals= 3280  best=0.6152
        [Trial 0] gen  100  evals= 4100  best=0.6152
        [Trial 0] gen  120  evals= 4920  best=0.6152
        [Trial 0] gen  140  evals= 5740  best=0.6152
        [Trial 0] gen  160  evals= 6560  best=0.6152
        [Trial 0] gen  180  evals= 7380  best=0.6152
        [Trial 0] gen  200  evals= 8200  best=0.6152
        [Trial 0] gen  220  evals= 9020  best=0.6152
        [Trial 0] gen  240  evals= 9840  best=0.6152
        [Trial 0] gen  260  evals=10660  best=0.6152
        [Trial 0] gen  280  evals=11480  best=0.6152
        [Trial 0] gen  300  evals=12300  best=0.6152
        [Trial 0] gen  320  evals=13120  best=0.6128
        [TRIAL TIMEOUT] Trial 0 total >600s, stopping
        [Done] Trial 0 best=0.6128

  Winner: Trial 0, loss=0.612807 (601s)
    Restarts run: 1
    mu: 27.569882
    D_mu: 1.078351
    T0_mu: 13.779933
    Ly: 3.570096
    op_x: 0.511100
    op_y: 0.681209
    NMSE: 0.062656
  [Saved] random_IR_0074

============================================================
[75/200] random_IR_0075.npz
  GT loss: 0.000000
  terrain_mean=1.050302  early_threshold=0.009978  (alpha=0.0095)
  tolfun=0.00546 tolfunhist=0.00546  (frac=0.0052 of range=1.05)
    --> Trial 0 | pop=41 seed=95072 x0_norm_min=-0.951 x0_norm_max=0.812
        [Trial 0] gen   20  evals=  820  best=0.6220
        [Trial 0] gen   40  evals= 1640  best=0.6220
        [Trial 0] gen   60  evals= 2460  best=0.6156
        [Trial 0] gen   80  evals= 3280  best=0.6152
        [Trial 0] gen  100  evals= 4100  best=0.6152
        [Trial 0] gen  120  evals= 4920  best=0.6152
        [Trial 0] gen  140  evals= 5740  best=0.6152
        [Trial 0] gen  160  evals= 6560  best=0.6152
        [Trial 0] gen  180  evals= 7380  best=0.6152
        [Trial 0] gen  200  evals= 8200  best=0.6152
        [Trial 0] gen  220  evals= 9020  best=0.6152
        [Trial 0] gen  240  evals= 9840  best=0.6152
        [Trial 0] gen  260  evals=10660  best=0.6152
        [Trial 0] gen  280  evals=11480  best=0.6152
        [Trial 0] gen  300  evals=12300  best=0.6152
        [Trial 0] gen  320  evals=13120  best=0.6152
        [Trial 0] gen  340  evals=13940  best=0.6152
        [Trial 0] gen  360  evals=14760  best=0.6152
        [Trial 0] gen  380  evals=15580  best=0.6152
        [Trial 0] gen  400  evals=16400  best=0.6152
        [Trial 0] gen  420  evals=17220  best=0.6152
        [Trial 0] gen  440  evals=18040  best=0.6152
        [Trial 0] gen  460  evals=18860  best=0.6152
        [Done] Trial 0 best=0.6152

  Winner: Trial 0, loss=0.615228 (336s)
    Restarts run: 1
    mu: 13.297546
    D_mu: 1.256498
    T0_mu: 25.601031
    Ly: 3.454996
    op_x: 0.823274
    op_y: 0.642797
    NMSE: 0.023833
  [Saved] random_IR_0075

============================================================
[76/200] random_IR_0076.npz
  GT loss: 0.000000
  terrain_mean=1.000990  early_threshold=0.009509  (alpha=0.0095)
  tolfun=0.00521 tolfunhist=0.00521  (frac=0.0052 of range=1)
    --> Trial 0 | pop=41 seed=95072 x0_norm_min=-0.951 x0_norm_max=0.812
        [Trial 0] gen   20  evals=  820  best=0.6191
        [Trial 0] gen   40  evals= 1640  best=0.6191
        [Trial 0] gen   60  evals= 2460  best=0.6191
        [Trial 0] gen   80  evals= 3280  best=0.6191
        [Trial 0] gen  100  evals= 4100  best=0.6191
        [Trial 0] gen  120  evals= 4920  best=0.6191
        [Trial 0] gen  140  evals= 5740  best=0.6191
        [Trial 0] gen  160  evals= 6560  best=0.6191
        [Trial 0] gen  180  evals= 7380  best=0.6191
        [Trial 0] gen  200  evals= 8200  best=0.6191
        [Trial 0] gen  220  evals= 9020  best=0.6191
        [Done] Trial 0 best=0.6191

  Winner: Trial 0, loss=0.619103 (291s)
    Restarts run: 1
    mu: 14.948026
    D_mu: 0.646521
    T0_mu: 65.448338
    Ly: 2.162537
    op_x: 0.643137
    op_y: 0.604638
    NMSE: 0.016952
  [Saved] random_IR_0076

============================================================
[77/200] random_IR_0077.npz
  GT loss: 0.000000
  terrain_mean=0.985328  early_threshold=0.009361  (alpha=0.0095)
  tolfun=0.00512 tolfunhist=0.00512  (frac=0.0052 of range=0.985)
    --> Trial 0 | pop=41 seed=95072 x0_norm_min=-0.951 x0_norm_max=0.812
        [Trial 0] gen   20  evals=  820  best=0.6473
        [Trial 0] gen   40  evals= 1640  best=0.6333
        [Trial 0] gen   60  evals= 2460  best=0.6320
        [Trial 0] gen   80  evals= 3280  best=0.6303
        [Trial 0] gen  100  evals= 4100  best=0.6288
        [Trial 0] gen  120  evals= 4920  best=0.6264
        [Trial 0] gen  140  evals= 5740  best=0.6264
        [Trial 0] gen  160  evals= 6560  best=0.6264
        [Trial 0] gen  180  evals= 7380  best=0.6264
        [Trial 0] gen  200  evals= 8200  best=0.6242
        [Trial 0] gen  220  evals= 9020  best=0.6242
        [Trial 0] gen  240  evals= 9840  best=0.6242
        [Trial 0] gen  260  evals=10660  best=0.6175
        [Trial 0] gen  280  evals=11480  best=0.6145
        [Done] Trial 0 best=0.6145

  Winner: Trial 0, loss=0.614465 (389s)
    Restarts run: 1
    mu: 5.463371
    D_mu: 1.125924
    T0_mu: 162.403086
    Ly: 2.888439
    op_x: 0.843602
    op_y: 0.625348
    NMSE: 0.052244
  [Saved] random_IR_0077

============================================================
[78/200] random_IR_0078.npz
  GT loss: 0.000000
  terrain_mean=1.293913  early_threshold=0.012292  (alpha=0.0095)
  tolfun=0.00673 tolfunhist=0.00673  (frac=0.0052 of range=1.29)
    --> Trial 0 | pop=41 seed=95072 x0_norm_min=-0.951 x0_norm_max=0.812
        [Trial 0] gen   20  evals=  820  best=0.6560
        [Trial 0] gen   40  evals= 1640  best=0.6560
        [Trial 0] gen   60  evals= 2460  best=0.6560
        [Trial 0] gen   80  evals= 3280  best=0.6426
        [Trial 0] gen  100  evals= 4100  best=0.6322
        [Trial 0] gen  120  evals= 4920  best=0.6322
        [Trial 0] gen  140  evals= 5740  best=0.6322
        [Trial 0] gen  160  evals= 6560  best=0.6322
        [Trial 0] gen  180  evals= 7380  best=0.6322
        [Trial 0] gen  200  evals= 8200  best=0.6322
        [Trial 0] gen  220  evals= 9020  best=0.6322
        [Trial 0] gen  240  evals= 9840  best=0.6305
        [Trial 0] gen  260  evals=10660  best=0.6257
        [Done] Trial 0 best=0.6257

  Winner: Trial 0, loss=0.625664 (153s)
    Restarts run: 1
    mu: 4.051022
    D_mu: 2.624773
    T0_mu: 181.602468
    Ly: 1.716833
    op_x: 0.819838
    op_y: 0.983528
    NMSE: 0.278203
  [Saved] random_IR_0078

============================================================
[79/200] random_IR_0079.npz
  GT loss: 0.000000
  terrain_mean=1.008391  early_threshold=0.009580  (alpha=0.0095)
  tolfun=0.00524 tolfunhist=0.00524  (frac=0.0052 of range=1.01)
    --> Trial 0 | pop=41 seed=95072 x0_norm_min=-0.951 x0_norm_max=0.812
        [Trial 0] gen   20  evals=  820  best=0.6159
        [Trial 0] gen   40  evals= 1640  best=0.6159
        [Trial 0] gen   60  evals= 2460  best=0.6159
        [Trial 0] gen   80  evals= 3280  best=0.6075
        [Trial 0] gen  100  evals= 4100  best=0.6075
        [Trial 0] gen  120  evals= 4920  best=0.6075
        [Trial 0] gen  140  evals= 5740  best=0.6075
        [Trial 0] gen  160  evals= 6560  best=0.6045
        [Trial 0] gen  180  evals= 7380  best=0.6045
        [Trial 0] gen  200  evals= 8200  best=0.6045
        [Trial 0] gen  220  evals= 9020  best=0.6045
        [Trial 0] gen  240  evals= 9840  best=0.6040
        [Trial 0] gen  260  evals=10660  best=0.6040
        [Trial 0] gen  280  evals=11480  best=0.6040
        [Trial 0] gen  300  evals=12300  best=0.6034
        [Trial 0] gen  320  evals=13120  best=0.5984
        [Trial 0] gen  340  evals=13940  best=0.5938
        [Done] Trial 0 best=0.5938

  Winner: Trial 0, loss=0.593775 (314s)
    Restarts run: 1
    mu: 12.185028
    D_mu: 1.133944
    T0_mu: 81.884422
    Ly: 1.761265
    op_x: 0.534928
    op_y: 0.598193
    NMSE: 0.067190
  [Saved] random_IR_0079

============================================================
[80/200] random_IR_0080.npz
  GT loss: 0.000000
  terrain_mean=1.023976  early_threshold=0.009728  (alpha=0.0095)
  tolfun=0.00532 tolfunhist=0.00532  (frac=0.0052 of range=1.02)
    --> Trial 0 | pop=41 seed=95072 x0_norm_min=-0.951 x0_norm_max=0.812
        [Trial 0] gen   20  evals=  820  best=0.6562
        [Trial 0] gen   40  evals= 1640  best=0.6392
        [Trial 0] gen   60  evals= 2460  best=0.6203
        [Trial 0] gen   80  evals= 3280  best=0.6203
        [Trial 0] gen  100  evals= 4100  best=0.6135
        [Trial 0] gen  120  evals= 4920  best=0.6115
        [Trial 0] gen  140  evals= 5740  best=0.6115
        [Trial 0] gen  160  evals= 6560  best=0.6115
        [Trial 0] gen  180  evals= 7380  best=0.6115
        [Trial 0] gen  200  evals= 8200  best=0.6115
        [Trial 0] gen  220  evals= 9020  best=0.6084
        [Trial 0] gen  240  evals= 9840  best=0.6040
        [Done] Trial 0 best=0.6040

  Winner: Trial 0, loss=0.604002 (274s)
    Restarts run: 1
    mu: 3.394830
    D_mu: 1.946507
    T0_mu: 267.363776
    Ly: 3.107815
    op_x: 0.588421
    op_y: 0.710326
    NMSE: 0.156862
  [Saved] random_IR_0080

============================================================
[81/200] random_IR_0081.npz
  GT loss: 0.000000
  terrain_mean=1.129396  early_threshold=0.010729  (alpha=0.0095)
  tolfun=0.00587 tolfunhist=0.00587  (frac=0.0052 of range=1.13)
    --> Trial 0 | pop=41 seed=95072 x0_norm_min=-0.951 x0_norm_max=0.812
        [Trial 0] gen   20  evals=  820  best=0.7331
        [Trial 0] gen   40  evals= 1640  best=0.6951
        [Trial 0] gen   60  evals= 2460  best=0.6951
        [Trial 0] gen   80  evals= 3280  best=0.6788
        [Trial 0] gen  100  evals= 4100  best=0.6788
        [Trial 0] gen  120  evals= 4920  best=0.6697
        [Trial 0] gen  140  evals= 5740  best=0.6697
        [Trial 0] gen  160  evals= 6560  best=0.6697
        [Trial 0] gen  180  evals= 7380  best=0.6697
        [Trial 0] gen  200  evals= 8200  best=0.6691
        [Trial 0] gen  220  evals= 9020  best=0.6679
        [Done] Trial 0 best=0.6661

  Winner: Trial 0, loss=0.666143 (285s)
    Restarts run: 1
    mu: 15.270519
    D_mu: 1.404222
    T0_mu: 44.883687
    Ly: 2.810763
    op_x: 0.945120
    op_y: 0.885958
    NMSE: 0.011821
  [Saved] random_IR_0081

============================================================
[82/200] random_IR_0082.npz
  GT loss: 0.000000
  terrain_mean=0.944901  early_threshold=0.008977  (alpha=0.0095)
  tolfun=0.00491 tolfunhist=0.00491  (frac=0.0052 of range=0.945)
    --> Trial 0 | pop=41 seed=95072 x0_norm_min=-0.951 x0_norm_max=0.812
        [Trial 0] gen   20  evals=  820  best=0.6036
        [Trial 0] gen   40  evals= 1640  best=0.5935
        [Trial 0] gen   60  evals= 2460  best=0.5935
        [Trial 0] gen   80  evals= 3280  best=0.5901
        [Trial 0] gen  100  evals= 4100  best=0.5871
        [Trial 0] gen  120  evals= 4920  best=0.5867
        [Trial 0] gen  140  evals= 5740  best=0.5867
        [Trial 0] gen  160  evals= 6560  best=0.5848
        [Trial 0] gen  180  evals= 7380  best=0.5848
        [Trial 0] gen  200  evals= 8200  best=0.5848
        [Trial 0] gen  220  evals= 9020  best=0.5848
        [Trial 0] gen  240  evals= 9840  best=0.5848
        [Trial 0] gen  260  evals=10660  best=0.5848
        [Trial 0] gen  280  evals=11480  best=0.5848
        [Trial 0] gen  300  evals=12300  best=0.5848
        [Trial 0] gen  320  evals=13120  best=0.5848
        [Trial 0] gen  340  evals=13940  best=0.5848
        [Trial 0] gen  360  evals=14760  best=0.5848
        [Trial 0] gen  380  evals=15580  best=0.5847
        [Done] Trial 0 best=0.5812

  Winner: Trial 0, loss=0.581174 (506s)
    Restarts run: 1
    mu: 20.209188
    D_mu: 0.414688
    T0_mu: 40.035395
    Ly: 1.601761
    op_x: 0.511401
    op_y: 0.641567
    NMSE: 0.167533
  [Saved] random_IR_0082

============================================================
[83/200] random_IR_0083.npz
  GT loss: 0.000000
  terrain_mean=1.009526  early_threshold=0.009590  (alpha=0.0095)
  tolfun=0.00525 tolfunhist=0.00525  (frac=0.0052 of range=1.01)
    --> Trial 0 | pop=41 seed=95072 x0_norm_min=-0.951 x0_norm_max=0.812
        [Trial 0] gen   20  evals=  820  best=0.6193
        [Trial 0] gen   40  evals= 1640  best=0.6193
        [Trial 0] gen   60  evals= 2460  best=0.6193
        [Trial 0] gen   80  evals= 3280  best=0.6193
        [Trial 0] gen  100  evals= 4100  best=0.6151
        [Trial 0] gen  120  evals= 4920  best=0.6151
        [Trial 0] gen  140  evals= 5740  best=0.6099
        [Trial 0] gen  160  evals= 6560  best=0.6067
        [Trial 0] gen  180  evals= 7380  best=0.6067
        [Trial 0] gen  200  evals= 8200  best=0.6067
        [Trial 0] gen  220  evals= 9020  best=0.6067
        [Trial 0] gen  240  evals= 9840  best=0.6067
        [Trial 0] gen  260  evals=10660  best=0.5995
        [Trial 0] gen  280  evals=11480  best=0.5995
        [Trial 0] gen  300  evals=12300  best=0.5995
        [Trial 0] gen  320  evals=13120  best=0.5981
        [Done] Trial 0 best=0.5981

  Winner: Trial 0, loss=0.598058 (236s)
    Restarts run: 1
    mu: 8.584237
    D_mu: 5.616871
    T0_mu: 43.502513
    Ly: 3.036372
    op_x: 0.510015
    op_y: 0.963228
    NMSE: 0.267196
  [Saved] random_IR_0083

============================================================
[84/200] random_IR_0084.npz
  GT loss: 0.000000
  terrain_mean=1.028129  early_threshold=0.009767  (alpha=0.0095)
  tolfun=0.00535 tolfunhist=0.00535  (frac=0.0052 of range=1.03)
    --> Trial 0 | pop=41 seed=95072 x0_norm_min=-0.951 x0_norm_max=0.812
        [Trial 0] gen   20  evals=  820  best=0.5902
        [Trial 0] gen   40  evals= 1640  best=0.5801
        [Trial 0] gen   60  evals= 2460  best=0.5754
        [Trial 0] gen   80  evals= 3280  best=0.5674
        [Trial 0] gen  100  evals= 4100  best=0.5674
        [Trial 0] gen  120  evals= 4920  best=0.5674
        [Trial 0] gen  140  evals= 5740  best=0.5674
        [Trial 0] gen  160  evals= 6560  best=0.5674
        [Trial 0] gen  180  evals= 7380  best=0.5674
        [Trial 0] gen  200  evals= 8200  best=0.5674
        [Trial 0] gen  220  evals= 9020  best=0.5674
        [Trial 0] gen  240  evals= 9840  best=0.5674
        [Trial 0] gen  260  evals=10660  best=0.5674
        [Trial 0] gen  280  evals=11480  best=0.5674
        [Trial 0] gen  300  evals=12300  best=0.5674
        [TRIAL TIMEOUT] Trial 0 total >600s, stopping
        [Done] Trial 0 best=0.5674

  Winner: Trial 0, loss=0.567384 (600s)
    Restarts run: 1
    mu: 40.999927
    D_mu: 1.441208
    T0_mu: 23.629852
    Ly: 3.151116
    op_x: 0.554390
    op_y: 0.510384
    NMSE: 0.001936
  [Saved] random_IR_0084

============================================================
[85/200] random_IR_0085.npz
  GT loss: 0.000000
  terrain_mean=1.046291  early_threshold=0.009940  (alpha=0.0095)
  tolfun=0.00544 tolfunhist=0.00544  (frac=0.0052 of range=1.05)
    --> Trial 0 | pop=41 seed=95072 x0_norm_min=-0.951 x0_norm_max=0.812
        [Trial 0] gen   20  evals=  820  best=0.6461
        [Trial 0] gen   40  evals= 1640  best=0.6450
        [Trial 0] gen   60  evals= 2460  best=0.6368
        [Trial 0] gen   80  evals= 3280  best=0.6368
        [Trial 0] gen  100  evals= 4100  best=0.6320
        [Trial 0] gen  120  evals= 4920  best=0.6320
        [Trial 0] gen  140  evals= 5740  best=0.6320
        [Trial 0] gen  160  evals= 6560  best=0.6294
        [Trial 0] gen  180  evals= 7380  best=0.6294
        [Trial 0] gen  200  evals= 8200  best=0.6227
        [Trial 0] gen  220  evals= 9020  best=0.6227
        [Trial 0] gen  240  evals= 9840  best=0.6220
        [Trial 0] gen  260  evals=10660  best=0.6163
        [Done] Trial 0 best=0.6163

  Winner: Trial 0, loss=0.616301 (277s)
    Restarts run: 1
    mu: 14.225496
    D_mu: 1.032522
    T0_mu: 70.103578
    Ly: 2.213914
    op_x: 0.626254
    op_y: 0.554011
    NMSE: 0.131679
  [Saved] random_IR_0085

============================================================
[86/200] random_IR_0086.npz
  GT loss: 0.000000
  terrain_mean=0.947605  early_threshold=0.009002  (alpha=0.0095)
  tolfun=0.00493 tolfunhist=0.00493  (frac=0.0052 of range=0.948)
    --> Trial 0 | pop=41 seed=95072 x0_norm_min=-0.951 x0_norm_max=0.812
        [Trial 0] gen   20  evals=  820  best=0.6151
        [Trial 0] gen   40  evals= 1640  best=0.6151
        [Trial 0] gen   60  evals= 2460  best=0.6151
        [Trial 0] gen   80  evals= 3280  best=0.6105
        [Trial 0] gen  100  evals= 4100  best=0.6075
        [Trial 0] gen  120  evals= 4920  best=0.6031
        [Trial 0] gen  140  evals= 5740  best=0.6031
        [Trial 0] gen  160  evals= 6560  best=0.6031
        [Trial 0] gen  180  evals= 7380  best=0.6031
        [Trial 0] gen  200  evals= 8200  best=0.5983
        [Trial 0] gen  220  evals= 9020  best=0.5983
        [Trial 0] gen  240  evals= 9840  best=0.5983
        [Trial 0] gen  260  evals=10660  best=0.5920
        [Trial 0] gen  280  evals=11480  best=0.5920
        [Done] Trial 0 best=0.5883

  Winner: Trial 0, loss=0.588345 (387s)
    Restarts run: 1
    mu: 12.048812
    D_mu: 0.559809
    T0_mu: 58.415237
    Ly: 2.147027
    op_x: 0.612953
    op_y: 0.689039
    NMSE: 0.072030
  [Saved] random_IR_0086

============================================================
[87/200] random_IR_0087.npz
  GT loss: 0.000000
  terrain_mean=0.961844  early_threshold=0.009138  (alpha=0.0095)
  tolfun=0.005 tolfunhist=0.005  (frac=0.0052 of range=0.962)
    --> Trial 0 | pop=41 seed=95072 x0_norm_min=-0.951 x0_norm_max=0.812
        [Trial 0] gen   20  evals=  820  best=0.5849
        [Trial 0] gen   40  evals= 1640  best=0.5849
        [Trial 0] gen   60  evals= 2460  best=0.5849
        [Trial 0] gen   80  evals= 3280  best=0.5825
        [Trial 0] gen  100  evals= 4100  best=0.5825
        [Trial 0] gen  120  evals= 4920  best=0.5825
        [Trial 0] gen  140  evals= 5740  best=0.5825
        [Trial 0] gen  160  evals= 6560  best=0.5825
        [Trial 0] gen  180  evals= 7380  best=0.5825
        [Trial 0] gen  200  evals= 8200  best=0.5813
        [Trial 0] gen  220  evals= 9020  best=0.5800
        [Trial 0] gen  240  evals= 9840  best=0.5800
        [Trial 0] gen  260  evals=10660  best=0.5800
        [Trial 0] gen  280  evals=11480  best=0.5735
        [Trial 0] gen  300  evals=12300  best=0.5696
        [Trial 0] gen  320  evals=13120  best=0.5631
        [Trial 0] gen  340  evals=13940  best=0.5631
        [Done] Trial 0 best=0.5631

  Winner: Trial 0, loss=0.563133 (406s)
    Restarts run: 1
    mu: 14.718039
    D_mu: 1.064567
    T0_mu: 58.361889
    Ly: 2.422773
    op_x: 0.695424
    op_y: 0.586491
    NMSE: 0.033307
  [Saved] random_IR_0087

============================================================
[88/200] random_IR_0088.npz
  GT loss: 0.000000
  terrain_mean=1.170660  early_threshold=0.011121  (alpha=0.0095)
  tolfun=0.00609 tolfunhist=0.00609  (frac=0.0052 of range=1.17)
    --> Trial 0 | pop=41 seed=95072 x0_norm_min=-0.951 x0_norm_max=0.812
        [Trial 0] gen   20  evals=  820  best=0.6472
        [Trial 0] gen   40  evals= 1640  best=0.6351
        [Trial 0] gen   60  evals= 2460  best=0.6295
        [Trial 0] gen   80  evals= 3280  best=0.6255
        [Trial 0] gen  100  evals= 4100  best=0.6251
        [Trial 0] gen  120  evals= 4920  best=0.6229
        [Trial 0] gen  140  evals= 5740  best=0.6190
        [Trial 0] gen  160  evals= 6560  best=0.6190
        [Trial 0] gen  180  evals= 7380  best=0.6179
        [Trial 0] gen  200  evals= 8200  best=0.6179
        [Trial 0] gen  220  evals= 9020  best=0.6179
        [Trial 0] gen  240  evals= 9840  best=0.6179
        [Trial 0] gen  260  evals=10660  best=0.6174
        [Trial 0] gen  280  evals=11480  best=0.6116
        [Done] Trial 0 best=0.6092

  Winner: Trial 0, loss=0.609242 (542s)
    Restarts run: 1
    mu: 27.074770
    D_mu: 0.730304
    T0_mu: 23.446210
    Ly: 3.133633
    op_x: 0.638050
    op_y: 0.578058
    NMSE: 0.045559
  [Saved] random_IR_0088

============================================================
[89/200] random_IR_0089.npz
  GT loss: 0.000000
  terrain_mean=1.017660  early_threshold=0.009668  (alpha=0.0095)
  tolfun=0.00529 tolfunhist=0.00529  (frac=0.0052 of range=1.02)
    --> Trial 0 | pop=41 seed=95072 x0_norm_min=-0.951 x0_norm_max=0.812
        [Trial 0] gen   20  evals=  820  best=0.6042
        [Trial 0] gen   40  evals= 1640  best=0.6042
        [Trial 0] gen   60  evals= 2460  best=0.6042
        [Trial 0] gen   80  evals= 3280  best=0.6038
        [Trial 0] gen  100  evals= 4100  best=0.5963
        [Trial 0] gen  120  evals= 4920  best=0.5962
        [Trial 0] gen  140  evals= 5740  best=0.5962
        [Trial 0] gen  160  evals= 6560  best=0.5962
        [Trial 0] gen  180  evals= 7380  best=0.5861
        [Trial 0] gen  200  evals= 8200  best=0.5861
        [Trial 0] gen  220  evals= 9020  best=0.5835
        [Trial 0] gen  240  evals= 9840  best=0.5730
        [Trial 0] gen  260  evals=10660  best=0.5730
        [Done] Trial 0 best=0.5730

  Winner: Trial 0, loss=0.573011 (321s)
    Restarts run: 1
    mu: 9.395964
    D_mu: 1.366687
    T0_mu: 92.498441
    Ly: 2.610025
    op_x: 0.585301
    op_y: 0.825363
    NMSE: 0.133313
  [Saved] random_IR_0089

============================================================
[90/200] random_IR_0090.npz
  GT loss: 0.000000
  terrain_mean=1.014084  early_threshold=0.009634  (alpha=0.0095)
  tolfun=0.00527 tolfunhist=0.00527  (frac=0.0052 of range=1.01)
    --> Trial 0 | pop=41 seed=95072 x0_norm_min=-0.951 x0_norm_max=0.812
        [Trial 0] gen   20  evals=  820  best=0.6419
        [Trial 0] gen   40  evals= 1640  best=0.6258
        [Trial 0] gen   60  evals= 2460  best=0.6097
        [Trial 0] gen   80  evals= 3280  best=0.6097
        [Trial 0] gen  100  evals= 4100  best=0.6097
        [Trial 0] gen  120  evals= 4920  best=0.6079
        [Trial 0] gen  140  evals= 5740  best=0.6079
        [Trial 0] gen  160  evals= 6560  best=0.6079
        [Trial 0] gen  180  evals= 7380  best=0.6079
        [Trial 0] gen  200  evals= 8200  best=0.6079
        [Trial 0] gen  220  evals= 9020  best=0.6016
        [Trial 0] gen  240  evals= 9840  best=0.6016
        [Trial 0] gen  260  evals=10660  best=0.6016
        [Trial 0] gen  280  evals=11480  best=0.6016
        [Trial 0] gen  300  evals=12300  best=0.5984
        [Trial 0] gen  320  evals=13120  best=0.5940
        [Done] Trial 0 best=0.5937

  Winner: Trial 0, loss=0.593690 (284s)
    Restarts run: 1
    mu: 10.962770
    D_mu: 1.242065
    T0_mu: 89.335115
    Ly: 2.053683
    op_x: 0.749677
    op_y: 0.581189
    NMSE: 0.129990
  [Saved] random_IR_0090

============================================================
[91/200] random_IR_0091.npz
  GT loss: 0.000000
  terrain_mean=1.258283  early_threshold=0.011954  (alpha=0.0095)
  tolfun=0.00654 tolfunhist=0.00654  (frac=0.0052 of range=1.26)
    --> Trial 0 | pop=41 seed=95072 x0_norm_min=-0.951 x0_norm_max=0.812
        [Trial 0] gen   20  evals=  820  best=0.6883
        [Trial 0] gen   40  evals= 1640  best=0.6883
        [Trial 0] gen   60  evals= 2460  best=0.6801
        [Trial 0] gen   80  evals= 3280  best=0.6801
        [Trial 0] gen  100  evals= 4100  best=0.6801
        [Trial 0] gen  120  evals= 4920  best=0.6708
        [Trial 0] gen  140  evals= 5740  best=0.6708
        [Trial 0] gen  160  evals= 6560  best=0.6699
        [Trial 0] gen  180  evals= 7380  best=0.6594
        [Trial 0] gen  200  evals= 8200  best=0.6558
        [Trial 0] gen  220  evals= 9020  best=0.6516
        [Trial 0] gen  240  evals= 9840  best=0.6497
        [Trial 0] gen  260  evals=10660  best=0.6476
        [Done] Trial 0 best=0.6476

  Winner: Trial 0, loss=0.647551 (105s)
    Restarts run: 1
    mu: 60.070759
    D_mu: 5.691096
    T0_mu: 12.386611
    Ly: 1.597815
    op_x: 0.654461
    op_y: 0.992381
    NMSE: 0.220854
  [Saved] random_IR_0091

============================================================
[92/200] random_IR_0092.npz
  GT loss: 0.000000
  terrain_mean=1.663057  early_threshold=0.015799  (alpha=0.0095)
  tolfun=0.00865 tolfunhist=0.00865  (frac=0.0052 of range=1.66)
    --> Trial 0 | pop=41 seed=95072 x0_norm_min=-0.951 x0_norm_max=0.812
        [Trial 0] gen   20  evals=  820  best=0.8194
        [Trial 0] gen   40  evals= 1640  best=0.8032
        [Trial 0] gen   60  evals= 2460  best=0.7585
        [Trial 0] gen   80  evals= 3280  best=0.7511
        [Trial 0] gen  100  evals= 4100  best=0.7511
        [Trial 0] gen  120  evals= 4920  best=0.7511
        [Trial 0] gen  140  evals= 5740  best=0.7511
        [Trial 0] gen  160  evals= 6560  best=0.7511
        [Trial 0] gen  180  evals= 7380  best=0.7511
        [Trial 0] gen  200  evals= 8200  best=0.7511
        [Trial 0] gen  220  evals= 9020  best=0.7488
        [Trial 0] gen  240  evals= 9840  best=0.7488
        [Trial 0] gen  260  evals=10660  best=0.7446
        [Done] Trial 0 best=0.7417

  Winner: Trial 0, loss=0.741689 (170s)
    Restarts run: 1
    mu: 18.516610
    D_mu: 3.428058
    T0_mu: 0.884115
    Ly: 2.408390
    op_x: 0.999844
    op_y: 0.664498
    NMSE: 0.050281
  [Saved] random_IR_0092

============================================================
[93/200] random_IR_0093.npz
  GT loss: 0.000000
  terrain_mean=1.201427  early_threshold=0.011414  (alpha=0.0095)
  tolfun=0.00625 tolfunhist=0.00625  (frac=0.0052 of range=1.2)
    --> Trial 0 | pop=41 seed=95072 x0_norm_min=-0.951 x0_norm_max=0.812
        [Trial 0] gen   20  evals=  820  best=0.6993
        [Trial 0] gen   40  evals= 1640  best=0.6993
        [Trial 0] gen   60  evals= 2460  best=0.6961
        [Trial 0] gen   80  evals= 3280  best=0.6961
        [Trial 0] gen  100  evals= 4100  best=0.6961
        [Trial 0] gen  120  evals= 4920  best=0.6919
        [Trial 0] gen  140  evals= 5740  best=0.6901
        [Trial 0] gen  160  evals= 6560  best=0.6889
        [Trial 0] gen  180  evals= 7380  best=0.6889
        [Trial 0] gen  200  evals= 8200  best=0.6870
        [Trial 0] gen  220  evals= 9020  best=0.6803
        [Trial 0] gen  240  evals= 9840  best=0.6739
        [Done] Trial 0 best=0.6739

  Winner: Trial 0, loss=0.673866 (218s)
    Restarts run: 1
    mu: 71.001180
    D_mu: 6.442356
    T0_mu: 2.679785
    Ly: 3.587491
    op_x: 0.647331
    op_y: 0.692814
    NMSE: 0.081835
  [Saved] random_IR_0093

============================================================
[94/200] random_IR_0094.npz
  GT loss: 0.000000
  terrain_mean=1.143653  early_threshold=0.010865  (alpha=0.0095)
  tolfun=0.00595 tolfunhist=0.00595  (frac=0.0052 of range=1.14)
    --> Trial 0 | pop=41 seed=95072 x0_norm_min=-0.951 x0_norm_max=0.812
        [Trial 0] gen   20  evals=  820  best=0.6229
        [Trial 0] gen   40  evals= 1640  best=0.6060
        [Trial 0] gen   60  evals= 2460  best=0.6060
        [Trial 0] gen   80  evals= 3280  best=0.6054
        [Trial 0] gen  100  evals= 4100  best=0.6037
        [Trial 0] gen  120  evals= 4920  best=0.6037
        [Trial 0] gen  140  evals= 5740  best=0.6035
        [Trial 0] gen  160  evals= 6560  best=0.6035
        [Trial 0] gen  180  evals= 7380  best=0.5970
        [Trial 0] gen  200  evals= 8200  best=0.5970
        [Trial 0] gen  220  evals= 9020  best=0.5970
        [Trial 0] gen  240  evals= 9840  best=0.5970
        [TRIAL TIMEOUT] Trial 0 total >600s, stopping
        [Done] Trial 0 best=0.5970

  Winner: Trial 0, loss=0.597049 (600s)
    Restarts run: 1
    mu: 20.477187
    D_mu: 0.450292
    T0_mu: 10.715266
    Ly: 3.882296
    op_x: 0.771015
    op_y: 0.520109
    NMSE: 0.030052
  [Saved] random_IR_0094

============================================================
[95/200] random_IR_0095.npz
  GT loss: 0.000000
  terrain_mean=0.991067  early_threshold=0.009415  (alpha=0.0095)
  tolfun=0.00515 tolfunhist=0.00515  (frac=0.0052 of range=0.991)
    --> Trial 0 | pop=41 seed=95072 x0_norm_min=-0.951 x0_norm_max=0.812
        [Trial 0] gen   20  evals=  820  best=0.5985
        [Trial 0] gen   40  evals= 1640  best=0.5985
        [Trial 0] gen   60  evals= 2460  best=0.5985
        [Trial 0] gen   80  evals= 3280  best=0.5985
        [Trial 0] gen  100  evals= 4100  best=0.5985
        [Trial 0] gen  120  evals= 4920  best=0.5985
        [Trial 0] gen  140  evals= 5740  best=0.5985
        [Trial 0] gen  160  evals= 6560  best=0.5944
        [Trial 0] gen  180  evals= 7380  best=0.5944
        [Trial 0] gen  200  evals= 8200  best=0.5944
        [Trial 0] gen  220  evals= 9020  best=0.5944
        [Trial 0] gen  240  evals= 9840  best=0.5944
        [Trial 0] gen  260  evals=10660  best=0.5855
        [Trial 0] gen  280  evals=11480  best=0.5855
        [Trial 0] gen  300  evals=12300  best=0.5855
        [Trial 0] gen  320  evals=13120  best=0.5855
        [Trial 0] gen  340  evals=13940  best=0.5819
        [Trial 0] gen  360  evals=14760  best=0.5819
        [Trial 0] gen  380  evals=15580  best=0.5819
        [Trial 0] gen  400  evals=16400  best=0.5806
        [Done] Trial 0 best=0.5794

  Winner: Trial 0, loss=0.579442 (449s)
    Restarts run: 1
    mu: 9.058258
    D_mu: 1.361355
    T0_mu: 76.543077
    Ly: 2.745093
    op_x: 0.791709
    op_y: 0.590618
    NMSE: 0.136938
  [Saved] random_IR_0095

============================================================
[96/200] random_IR_0096.npz
  GT loss: 0.000000
  terrain_mean=1.132570  early_threshold=0.010759  (alpha=0.0095)
  tolfun=0.00589 tolfunhist=0.00589  (frac=0.0052 of range=1.13)
    --> Trial 0 | pop=41 seed=95072 x0_norm_min=-0.951 x0_norm_max=0.812
        [Trial 0] gen   20  evals=  820  best=0.7181
        [Trial 0] gen   40  evals= 1640  best=0.7147
        [Trial 0] gen   60  evals= 2460  best=0.6862
        [Trial 0] gen   80  evals= 3280  best=0.6862
        [Trial 0] gen  100  evals= 4100  best=0.6862
        [Trial 0] gen  120  evals= 4920  best=0.6862
        [Trial 0] gen  140  evals= 5740  best=0.6862
        [Trial 0] gen  160  evals= 6560  best=0.6862
        [Trial 0] gen  180  evals= 7380  best=0.6862
        [Trial 0] gen  200  evals= 8200  best=0.6813
        [Trial 0] gen  220  evals= 9020  best=0.6793
        [Done] Trial 0 best=0.6789

  Winner: Trial 0, loss=0.678917 (341s)
    Restarts run: 1
    mu: 19.041428
    D_mu: 0.712575
    T0_mu: 28.200993
    Ly: 2.497543
    op_x: 0.792549
    op_y: 0.579004
    NMSE: 0.045562
  [Saved] random_IR_0096

============================================================
[97/200] random_IR_0097.npz
  GT loss: 0.000000
  terrain_mean=0.970678  early_threshold=0.009221  (alpha=0.0095)
  tolfun=0.00505 tolfunhist=0.00505  (frac=0.0052 of range=0.971)
    --> Trial 0 | pop=41 seed=95072 x0_norm_min=-0.951 x0_norm_max=0.812
        [Trial 0] gen   20  evals=  820  best=0.5999
        [Trial 0] gen   40  evals= 1640  best=0.5758
        [Trial 0] gen   60  evals= 2460  best=0.5758
        [Trial 0] gen   80  evals= 3280  best=0.5758
        [Trial 0] gen  100  evals= 4100  best=0.5758
        [Trial 0] gen  120  evals= 4920  best=0.5758
        [Trial 0] gen  140  evals= 5740  best=0.5758
        [Trial 0] gen  160  evals= 6560  best=0.5758
        [Trial 0] gen  180  evals= 7380  best=0.5758
        [Trial 0] gen  200  evals= 8200  best=0.5758
        [Trial 0] gen  220  evals= 9020  best=0.5758
        [Trial 0] gen  240  evals= 9840  best=0.5758
        [Trial 0] gen  260  evals=10660  best=0.5758
        [Trial 0] gen  280  evals=11480  best=0.5758
        [Trial 0] gen  300  evals=12300  best=0.5758
        [Trial 0] gen  320  evals=13120  best=0.5758
        [TRIAL TIMEOUT] Trial 0 total >600s, stopping
        [Done] Trial 0 best=0.5758

  Winner: Trial 0, loss=0.575808 (601s)
    Restarts run: 1
    mu: 20.525137
    D_mu: 0.329722
    T0_mu: 40.273860
    Ly: 1.862347
    op_x: 0.612189
    op_y: 0.514021
    NMSE: 0.040388
  [Saved] random_IR_0097

============================================================
[98/200] random_IR_0098.npz
  GT loss: 0.000000
  terrain_mean=1.029902  early_threshold=0.009784  (alpha=0.0095)
  tolfun=0.00536 tolfunhist=0.00536  (frac=0.0052 of range=1.03)
    --> Trial 0 | pop=41 seed=95072 x0_norm_min=-0.951 x0_norm_max=0.812
        [Trial 0] gen   20  evals=  820  best=0.6439
        [Trial 0] gen   40  evals= 1640  best=0.6376
        [Trial 0] gen   60  evals= 2460  best=0.6376
        [Trial 0] gen   80  evals= 3280  best=0.6376
        [Trial 0] gen  100  evals= 4100  best=0.6376
        [Trial 0] gen  120  evals= 4920  best=0.6343
        [Trial 0] gen  140  evals= 5740  best=0.6343
        [Trial 0] gen  160  evals= 6560  best=0.6329
        [Trial 0] gen  180  evals= 7380  best=0.6329
        [Trial 0] gen  200  evals= 8200  best=0.6329
        [Trial 0] gen  220  evals= 9020  best=0.6302
        [Trial 0] gen  240  evals= 9840  best=0.6272
        [Trial 0] gen  260  evals=10660  best=0.6253
        [TRIAL TIMEOUT] Trial 0 total >600s, stopping
        [Done] Trial 0 best=0.6253

  Winner: Trial 0, loss=0.625276 (601s)
    Restarts run: 1
    mu: 10.321360
    D_mu: 0.826666
    T0_mu: 64.593482
    Ly: 3.964733
    op_x: 0.585666
    op_y: 0.715040
    NMSE: 0.068783
  [Saved] random_IR_0098

============================================================
[99/200] random_IR_0099.npz
  GT loss: 0.000000
  terrain_mean=1.243355  early_threshold=0.011812  (alpha=0.0095)
  tolfun=0.00647 tolfunhist=0.00647  (frac=0.0052 of range=1.24)
    --> Trial 0 | pop=41 seed=95072 x0_norm_min=-0.951 x0_norm_max=0.812
        [Trial 0] gen   20  evals=  820  best=0.7679
        [Trial 0] gen   40  evals= 1640  best=0.7679
        [Trial 0] gen   60  evals= 2460  best=0.7617
        [Trial 0] gen   80  evals= 3280  best=0.7386
        [Trial 0] gen  100  evals= 4100  best=0.7386
        [Trial 0] gen  120  evals= 4920  best=0.7386
        [Trial 0] gen  140  evals= 5740  best=0.7386
        [Trial 0] gen  160  evals= 6560  best=0.7386
        [Trial 0] gen  180  evals= 7380  best=0.7386
        [Trial 0] gen  200  evals= 8200  best=0.7379
        [Trial 0] gen  220  evals= 9020  best=0.7379
        [Trial 0] gen  240  evals= 9840  best=0.7368
        [Trial 0] gen  260  evals=10660  best=0.7362
        [Trial 0] gen  280  evals=11480  best=0.7327
        [Done] Trial 0 best=0.7327

  Winner: Trial 0, loss=0.732727 (527s)
    Restarts run: 1
    mu: 19.752476
    D_mu: 0.718676
    T0_mu: 38.816288
    Ly: 3.304816
    op_x: 0.775986
    op_y: 0.516400
    NMSE: 0.101091
  [Saved] random_IR_0099

============================================================
[100/200] random_IR_0100.npz
  GT loss: 0.000000
  terrain_mean=0.987891  early_threshold=0.009385  (alpha=0.0095)
  tolfun=0.00514 tolfunhist=0.00514  (frac=0.0052 of range=0.988)
    --> Trial 0 | pop=41 seed=95072 x0_norm_min=-0.951 x0_norm_max=0.812
        [Trial 0] gen   20  evals=  820  best=0.6508
        [Trial 0] gen   40  evals= 1640  best=0.6341
        [Trial 0] gen   60  evals= 2460  best=0.6341
        [Trial 0] gen   80  evals= 3280  best=0.6341
        [Trial 0] gen  100  evals= 4100  best=0.6341
        [Trial 0] gen  120  evals= 4920  best=0.6335
        [Trial 0] gen  140  evals= 5740  best=0.6230
        [Trial 0] gen  160  evals= 6560  best=0.6230
        [Trial 0] gen  180  evals= 7380  best=0.6230
        [Trial 0] gen  200  evals= 8200  best=0.6207
        [Trial 0] gen  220  evals= 9020  best=0.6207
        [Trial 0] gen  240  evals= 9840  best=0.6207
        [Trial 0] gen  260  evals=10660  best=0.6207
        [Trial 0] gen  280  evals=11480  best=0.6195
        [Trial 0] gen  300  evals=12300  best=0.6195
        [Done] Trial 0 best=0.6195

  Winner: Trial 0, loss=0.619535 (438s)
    Restarts run: 1
    mu: 9.869937
    D_mu: 0.618621
    T0_mu: 88.422965
    Ly: 2.487762
    op_x: 0.565802
    op_y: 0.611974
    NMSE: 0.101495
  [Saved] random_IR_0100

============================================================
[101/200] random_IR_0101.npz
  GT loss: 0.000000
  terrain_mean=1.091545  early_threshold=0.010370  (alpha=0.0095)
  tolfun=0.00568 tolfunhist=0.00568  (frac=0.0052 of range=1.09)
    --> Trial 0 | pop=41 seed=95072 x0_norm_min=-0.951 x0_norm_max=0.812
        [Trial 0] gen   20  evals=  820  best=0.6375
        [Trial 0] gen   40  evals= 1640  best=0.6375
        [Trial 0] gen   60  evals= 2460  best=0.6309
        [Trial 0] gen   80  evals= 3280  best=0.6271
        [Trial 0] gen  100  evals= 4100  best=0.6235
        [Trial 0] gen  120  evals= 4920  best=0.6235
        [Trial 0] gen  140  evals= 5740  best=0.6235
        [Trial 0] gen  160  evals= 6560  best=0.6229
        [Trial 0] gen  180  evals= 7380  best=0.6178
        [Trial 0] gen  200  evals= 8200  best=0.6160
        [Done] Trial 0 best=0.6160

  Winner: Trial 0, loss=0.615966 (239s)
    Restarts run: 1
    mu: 27.338715
    D_mu: 1.061238
    T0_mu: 27.564370
    Ly: 2.216353
    op_x: 0.534521
    op_y: 0.535689
    NMSE: 0.014472
  [Saved] random_IR_0101

============================================================
[102/200] random_IR_0102.npz
  GT loss: 0.000000
  terrain_mean=1.038377  early_threshold=0.009865  (alpha=0.0095)
  tolfun=0.0054 tolfunhist=0.0054  (frac=0.0052 of range=1.04)
    --> Trial 0 | pop=41 seed=95072 x0_norm_min=-0.951 x0_norm_max=0.812
        [Trial 0] gen   20  evals=  820  best=0.6623
        [Trial 0] gen   40  evals= 1640  best=0.6623
        [Trial 0] gen   60  evals= 2460  best=0.6623
        [Trial 0] gen   80  evals= 3280  best=0.6542
        [Trial 0] gen  100  evals= 4100  best=0.6513
        [Trial 0] gen  120  evals= 4920  best=0.6513
        [Trial 0] gen  140  evals= 5740  best=0.6446
        [Trial 0] gen  160  evals= 6560  best=0.6446
        [Trial 0] gen  180  evals= 7380  best=0.6446
        [Trial 0] gen  200  evals= 8200  best=0.6446
        [Trial 0] gen  220  evals= 9020  best=0.6446
        [Trial 0] gen  240  evals= 9840  best=0.6446
        [Trial 0] gen  260  evals=10660  best=0.6446
        [Done] Trial 0 best=0.6446

  Winner: Trial 0, loss=0.644570 (268s)
    Restarts run: 1
    mu: 24.199219
    D_mu: 3.053492
    T0_mu: 37.437068
    Ly: 3.913266
    op_x: 0.936820
    op_y: 0.573176
    NMSE: 0.167622
  [Saved] random_IR_0102

============================================================
[103/200] random_IR_0103.npz
  GT loss: 0.000000
  terrain_mean=1.104026  early_threshold=0.010488  (alpha=0.0095)
  tolfun=0.00574 tolfunhist=0.00574  (frac=0.0052 of range=1.1)
    --> Trial 0 | pop=41 seed=95072 x0_norm_min=-0.951 x0_norm_max=0.812
        [Trial 0] gen   20  evals=  820  best=0.6744
        [Trial 0] gen   40  evals= 1640  best=0.6744
        [Trial 0] gen   60  evals= 2460  best=0.6704
        [Trial 0] gen   80  evals= 3280  best=0.6704
        [Trial 0] gen  100  evals= 4100  best=0.6660
        [Trial 0] gen  120  evals= 4920  best=0.6660
        [Trial 0] gen  140  evals= 5740  best=0.6633
        [Trial 0] gen  160  evals= 6560  best=0.6633
        [Trial 0] gen  180  evals= 7380  best=0.6612
        [Trial 0] gen  200  evals= 8200  best=0.6612
        [Trial 0] gen  220  evals= 9020  best=0.6612
        [Trial 0] gen  240  evals= 9840  best=0.6564
        [Trial 0] gen  260  evals=10660  best=0.6491
        [Trial 0] gen  280  evals=11480  best=0.6491
        [Trial 0] gen  300  evals=12300  best=0.6491
        [Done] Trial 0 best=0.6491

  Winner: Trial 0, loss=0.649133 (562s)
    Restarts run: 1
    mu: 11.314561
    D_mu: 0.717719
    T0_mu: 69.872688
    Ly: 3.427316
    op_x: 0.536514
    op_y: 0.837876
    NMSE: 0.163892
  [Saved] random_IR_0103

============================================================
[104/200] random_IR_0104.npz
  GT loss: 0.000000
  terrain_mean=1.298287  early_threshold=0.012334  (alpha=0.0095)
  tolfun=0.00675 tolfunhist=0.00675  (frac=0.0052 of range=1.3)
    --> Trial 0 | pop=41 seed=95072 x0_norm_min=-0.951 x0_norm_max=0.812
        [Trial 0] gen   20  evals=  820  best=0.7013
        [Trial 0] gen   40  evals= 1640  best=0.6592
        [Trial 0] gen   60  evals= 2460  best=0.6592
        [Trial 0] gen   80  evals= 3280  best=0.6490
        [Trial 0] gen  100  evals= 4100  best=0.6490
        [Trial 0] gen  120  evals= 4920  best=0.6490
        [Trial 0] gen  140  evals= 5740  best=0.6490
        [Trial 0] gen  160  evals= 6560  best=0.6490
        [Trial 0] gen  180  evals= 7380  best=0.6490
        [Trial 0] gen  200  evals= 8200  best=0.6490
        [Trial 0] gen  220  evals= 9020  best=0.6490
        [Trial 0] gen  240  evals= 9840  best=0.6490
        [Done] Trial 0 best=0.6476

  Winner: Trial 0, loss=0.647637 (181s)
    Restarts run: 1
    mu: 39.779444
    D_mu: 8.021751
    T0_mu: 24.100292
    Ly: 3.894086
    op_x: 0.972740
    op_y: 0.751673
    NMSE: 0.067927
  [Saved] random_IR_0104

============================================================
[105/200] random_IR_0105.npz
  GT loss: 0.000000
  terrain_mean=1.092917  early_threshold=0.010383  (alpha=0.0095)
  tolfun=0.00568 tolfunhist=0.00568  (frac=0.0052 of range=1.09)
    --> Trial 0 | pop=41 seed=95072 x0_norm_min=-0.951 x0_norm_max=0.812
        [Trial 0] gen   20  evals=  820  best=0.6162
        [Trial 0] gen   40  evals= 1640  best=0.6152
        [Trial 0] gen   60  evals= 2460  best=0.6089
        [Trial 0] gen   80  evals= 3280  best=0.6089
        [Trial 0] gen  100  evals= 4100  best=0.6071
        [Trial 0] gen  120  evals= 4920  best=0.6015
        [Trial 0] gen  140  evals= 5740  best=0.6015
        [Trial 0] gen  160  evals= 6560  best=0.6015
        [Trial 0] gen  180  evals= 7380  best=0.6015
        [Trial 0] gen  200  evals= 8200  best=0.6015
        [Trial 0] gen  220  evals= 9020  best=0.6015
        [Trial 0] gen  240  evals= 9840  best=0.6015
        [Trial 0] gen  260  evals=10660  best=0.6006
        [Trial 0] gen  280  evals=11480  best=0.6006
        [Trial 0] gen  300  evals=12300  best=0.6006
        [TRIAL TIMEOUT] Trial 0 total >600s, stopping
        [Done] Trial 0 best=0.6004

  Winner: Trial 0, loss=0.600414 (600s)
    Restarts run: 1
    mu: 21.338188
    D_mu: 0.424630
    T0_mu: 13.593079
    Ly: 3.222417
    op_x: 0.637844
    op_y: 0.735758
    NMSE: 0.000632
  [Saved] random_IR_0105

============================================================
[106/200] random_IR_0106.npz
  GT loss: 0.000000
  terrain_mean=1.233187  early_threshold=0.011715  (alpha=0.0095)
  tolfun=0.00641 tolfunhist=0.00641  (frac=0.0052 of range=1.23)
    --> Trial 0 | pop=41 seed=95072 x0_norm_min=-0.951 x0_norm_max=0.812
        [Trial 0] gen   20  evals=  820  best=0.6565
        [Trial 0] gen   40  evals= 1640  best=0.6294
        [Trial 0] gen   60  evals= 2460  best=0.6235
        [Trial 0] gen   80  evals= 3280  best=0.6199
        [Trial 0] gen  100  evals= 4100  best=0.6199
        [Trial 0] gen  120  evals= 4920  best=0.6190
        [Trial 0] gen  140  evals= 5740  best=0.6189
        [Trial 0] gen  160  evals= 6560  best=0.6189
        [Trial 0] gen  180  evals= 7380  best=0.6189
        [Trial 0] gen  200  evals= 8200  best=0.6169
        [Trial 0] gen  220  evals= 9020  best=0.6169
        [Trial 0] gen  240  evals= 9840  best=0.6156
        [Trial 0] gen  260  evals=10660  best=0.6156
        [Trial 0] gen  280  evals=11480  best=0.6156
        [Trial 0] gen  300  evals=12300  best=0.6156
        [Trial 0] gen  320  evals=13120  best=0.6156
        [Trial 0] gen  340  evals=13940  best=0.6144
        [Trial 0] gen  360  evals=14760  best=0.6088
        [Done] Trial 0 best=0.6088

  Winner: Trial 0, loss=0.608776 (532s)
    Restarts run: 1
    mu: 11.535179
    D_mu: 2.482188
    T0_mu: 46.173581
    Ly: 3.989677
    op_x: 0.971849
    op_y: 0.929677
    NMSE: 0.152627
  [Saved] random_IR_0106

============================================================
[107/200] random_IR_0107.npz
  GT loss: 0.000000
  terrain_mean=1.426440  early_threshold=0.013551  (alpha=0.0095)
  tolfun=0.00742 tolfunhist=0.00742  (frac=0.0052 of range=1.43)
    --> Trial 0 | pop=41 seed=95072 x0_norm_min=-0.951 x0_norm_max=0.812
        [Trial 0] gen   20  evals=  820  best=0.6882
        [Trial 0] gen   40  evals= 1640  best=0.6853
        [Trial 0] gen   60  evals= 2460  best=0.6853
        [Trial 0] gen   80  evals= 3280  best=0.6652
        [Trial 0] gen  100  evals= 4100  best=0.6652
        [Trial 0] gen  120  evals= 4920  best=0.6652
        [Trial 0] gen  140  evals= 5740  best=0.6652
        [Trial 0] gen  160  evals= 6560  best=0.6555
        [Trial 0] gen  180  evals= 7380  best=0.6555
        [Trial 0] gen  200  evals= 8200  best=0.6547
        [Trial 0] gen  220  evals= 9020  best=0.6547
        [Trial 0] gen  240  evals= 9840  best=0.6547
        [Trial 0] gen  260  evals=10660  best=0.6547
        [Trial 0] gen  280  evals=11480  best=0.6547
        [Trial 0] gen  300  evals=12300  best=0.6547
        [Trial 0] gen  320  evals=13120  best=0.6547
        [Trial 0] gen  340  evals=13940  best=0.6547
        [Trial 0] gen  360  evals=14760  best=0.6547
        [Trial 0] gen  380  evals=15580  best=0.6547
        [Done] Trial 0 best=0.6547

  Winner: Trial 0, loss=0.654749 (369s)
    Restarts run: 1
    mu: 24.094244
    D_mu: 2.320508
    T0_mu: 25.650979
    Ly: 2.986213
    op_x: 0.984820
    op_y: 0.705007
    NMSE: 0.143140
  [Saved] random_IR_0107

============================================================
[108/200] random_IR_0108.npz
  GT loss: 0.000000
  terrain_mean=1.009191  early_threshold=0.009587  (alpha=0.0095)
  tolfun=0.00525 tolfunhist=0.00525  (frac=0.0052 of range=1.01)
    --> Trial 0 | pop=41 seed=95072 x0_norm_min=-0.951 x0_norm_max=0.812
        [Trial 0] gen   20  evals=  820  best=0.5956
        [Trial 0] gen   40  evals= 1640  best=0.5807
        [Trial 0] gen   60  evals= 2460  best=0.5807
        [Trial 0] gen   80  evals= 3280  best=0.5807
        [Trial 0] gen  100  evals= 4100  best=0.5807
        [Trial 0] gen  120  evals= 4920  best=0.5807
        [Trial 0] gen  140  evals= 5740  best=0.5807
        [Trial 0] gen  160  evals= 6560  best=0.5807
        [Trial 0] gen  180  evals= 7380  best=0.5788
        [Trial 0] gen  200  evals= 8200  best=0.5788
        [Trial 0] gen  220  evals= 9020  best=0.5788
        [Trial 0] gen  240  evals= 9840  best=0.5788
        [Trial 0] gen  260  evals=10660  best=0.5783
        [Done] Trial 0 best=0.5778

  Winner: Trial 0, loss=0.577765 (325s)
    Restarts run: 1
    mu: 9.622729
    D_mu: 1.413513
    T0_mu: 93.643909
    Ly: 2.812005
    op_x: 0.569017
    op_y: 0.741467
    NMSE: 0.056737
  [Saved] random_IR_0108

============================================================
[109/200] random_IR_0109.npz
  GT loss: 0.000000
  terrain_mean=1.207966  early_threshold=0.011476  (alpha=0.0095)
  tolfun=0.00628 tolfunhist=0.00628  (frac=0.0052 of range=1.21)
    --> Trial 0 | pop=41 seed=95072 x0_norm_min=-0.951 x0_norm_max=0.812
        [Trial 0] gen   20  evals=  820  best=0.6809
        [Trial 0] gen   40  evals= 1640  best=0.6809
        [Trial 0] gen   60  evals= 2460  best=0.6809
        [Trial 0] gen   80  evals= 3280  best=0.6790
        [Trial 0] gen  100  evals= 4100  best=0.6790
        [Trial 0] gen  120  evals= 4920  best=0.6790
        [Trial 0] gen  140  evals= 5740  best=0.6787
        [Trial 0] gen  160  evals= 6560  best=0.6787
        [Trial 0] gen  180  evals= 7380  best=0.6787
        [Trial 0] gen  200  evals= 8200  best=0.6707
        [Trial 0] gen  220  evals= 9020  best=0.6592
        [Trial 0] gen  240  evals= 9840  best=0.6506
        [Trial 0] gen  260  evals=10660  best=0.6506
        [Trial 0] gen  280  evals=11480  best=0.6477
        [Done] Trial 0 best=0.6477

  Winner: Trial 0, loss=0.647733 (400s)
    Restarts run: 1
    mu: 17.977734
    D_mu: 0.717433
    T0_mu: 30.272092
    Ly: 2.713348
    op_x: 0.668229
    op_y: 0.612261
    NMSE: 0.019419
  [Saved] random_IR_0109

============================================================
[110/200] random_IR_0110.npz
  GT loss: 0.000000
  terrain_mean=1.481407  early_threshold=0.014073  (alpha=0.0095)
  tolfun=0.0077 tolfunhist=0.0077  (frac=0.0052 of range=1.48)
    --> Trial 0 | pop=41 seed=95072 x0_norm_min=-0.951 x0_norm_max=0.812
        [Trial 0] gen   20  evals=  820  best=0.6436
        [Trial 0] gen   40  evals= 1640  best=0.6381
        [Trial 0] gen   60  evals= 2460  best=0.6306
        [Trial 0] gen   80  evals= 3280  best=0.6296
        [Trial 0] gen  100  evals= 4100  best=0.6288
        [Trial 0] gen  120  evals= 4920  best=0.6286
        [Trial 0] gen  140  evals= 5740  best=0.6243
        [Trial 0] gen  160  evals= 6560  best=0.6146
        [Trial 0] gen  180  evals= 7380  best=0.6146
        [Trial 0] gen  200  evals= 8200  best=0.6146
        [Trial 0] gen  220  evals= 9020  best=0.6146
        [Trial 0] gen  240  evals= 9840  best=0.6146
        [Trial 0] gen  260  evals=10660  best=0.6146
        [Trial 0] gen  280  evals=11480  best=0.6093
        [Done] Trial 0 best=0.6012

  Winner: Trial 0, loss=0.601216 (168s)
    Restarts run: 1
    mu: 28.080298
    D_mu: 4.166047
    T0_mu: 33.880807
    Ly: 2.362625
    op_x: 0.801846
    op_y: 0.998403
    NMSE: 0.102326
  [Saved] random_IR_0110

============================================================
[111/200] random_IR_0111.npz
  GT loss: 0.000000
  terrain_mean=0.978335  early_threshold=0.009294  (alpha=0.0095)
  tolfun=0.00509 tolfunhist=0.00509  (frac=0.0052 of range=0.978)
    --> Trial 0 | pop=41 seed=95072 x0_norm_min=-0.951 x0_norm_max=0.812
        [Trial 0] gen   20  evals=  820  best=0.6128
        [Trial 0] gen   40  evals= 1640  best=0.6128
        [Trial 0] gen   60  evals= 2460  best=0.6045
        [Trial 0] gen   80  evals= 3280  best=0.6045
        [Trial 0] gen  100  evals= 4100  best=0.6045
        [Trial 0] gen  120  evals= 4920  best=0.6045
        [Trial 0] gen  140  evals= 5740  best=0.6015
        [Trial 0] gen  160  evals= 6560  best=0.6015
        [Trial 0] gen  180  evals= 7380  best=0.6004
        [Trial 0] gen  200  evals= 8200  best=0.6004
        [Trial 0] gen  220  evals= 9020  best=0.5986
        [Trial 0] gen  240  evals= 9840  best=0.5986
        [Trial 0] gen  260  evals=10660  best=0.5969
        [Trial 0] gen  280  evals=11480  best=0.5969
        [Trial 0] gen  300  evals=12300  best=0.5969
        [Trial 0] gen  320  evals=13120  best=0.5960
        [Done] Trial 0 best=0.5942

  Winner: Trial 0, loss=0.594250 (589s)
    Restarts run: 1
    mu: 17.250263
    D_mu: 0.427358
    T0_mu: 43.999936
    Ly: 2.306522
    op_x: 0.747964
    op_y: 0.510081
    NMSE: 0.053391
  [Saved] random_IR_0111

============================================================
[112/200] random_IR_0112.npz
  GT loss: 0.000000
  terrain_mean=1.142996  early_threshold=0.010858  (alpha=0.0095)
  tolfun=0.00594 tolfunhist=0.00594  (frac=0.0052 of range=1.14)
    --> Trial 0 | pop=41 seed=95072 x0_norm_min=-0.951 x0_norm_max=0.812
        [Trial 0] gen   20  evals=  820  best=0.7006
        [Trial 0] gen   40  evals= 1640  best=0.6831
        [Trial 0] gen   60  evals= 2460  best=0.6688
        [Trial 0] gen   80  evals= 3280  best=0.6643
        [Trial 0] gen  100  evals= 4100  best=0.6643
        [Trial 0] gen  120  evals= 4920  best=0.6589
        [Trial 0] gen  140  evals= 5740  best=0.6589
        [Trial 0] gen  160  evals= 6560  best=0.6574
        [Trial 0] gen  180  evals= 7380  best=0.6574
        [Trial 0] gen  200  evals= 8200  best=0.6574
        [Trial 0] gen  220  evals= 9020  best=0.6551
        [Trial 0] gen  240  evals= 9840  best=0.6551
        [Trial 0] gen  260  evals=10660  best=0.6536
        [Trial 0] gen  280  evals=11480  best=0.6536
        [Trial 0] gen  300  evals=12300  best=0.6442
        [Trial 0] gen  320  evals=13120  best=0.6430
        [Done] Trial 0 best=0.6422

  Winner: Trial 0, loss=0.642232 (430s)
    Restarts run: 1
    mu: 7.074111
    D_mu: 1.364410
    T0_mu: 128.796590
    Ly: 3.372096
    op_x: 0.936754
    op_y: 0.730376
    NMSE: 0.053228
  [Saved] random_IR_0112

============================================================
[113/200] random_IR_0113.npz
  GT loss: 0.000000
  terrain_mean=1.019635  early_threshold=0.009687  (alpha=0.0095)
  tolfun=0.0053 tolfunhist=0.0053  (frac=0.0052 of range=1.02)
    --> Trial 0 | pop=41 seed=95072 x0_norm_min=-0.951 x0_norm_max=0.812
        [Trial 0] gen   20  evals=  820  best=0.6454
        [Trial 0] gen   40  evals= 1640  best=0.6454
        [Trial 0] gen   60  evals= 2460  best=0.6391
        [Trial 0] gen   80  evals= 3280  best=0.6316
        [Trial 0] gen  100  evals= 4100  best=0.6316
        [Trial 0] gen  120  evals= 4920  best=0.6291
        [Trial 0] gen  140  evals= 5740  best=0.6291
        [Trial 0] gen  160  evals= 6560  best=0.6291
        [Trial 0] gen  180  evals= 7380  best=0.6291
        [Trial 0] gen  200  evals= 8200  best=0.6291
        [Trial 0] gen  220  evals= 9020  best=0.6258
        [Trial 0] gen  240  evals= 9840  best=0.6240
        [Trial 0] gen  260  evals=10660  best=0.6231
        [Done] Trial 0 best=0.6231

  Winner: Trial 0, loss=0.623109 (413s)
    Restarts run: 1
    mu: 14.324485
    D_mu: 1.450949
    T0_mu: 57.123601
    Ly: 3.378343
    op_x: 0.672789
    op_y: 0.510448
    NMSE: 0.141105
  [Saved] random_IR_0113

============================================================
[114/200] random_IR_0114.npz
  GT loss: 0.000000
  terrain_mean=1.187229  early_threshold=0.011279  (alpha=0.0095)
  tolfun=0.00617 tolfunhist=0.00617  (frac=0.0052 of range=1.19)
    --> Trial 0 | pop=41 seed=95072 x0_norm_min=-0.951 x0_norm_max=0.812
        [Trial 0] gen   20  evals=  820  best=0.6875
        [Trial 0] gen   40  evals= 1640  best=0.6839
        [Trial 0] gen   60  evals= 2460  best=0.6589
        [Trial 0] gen   80  evals= 3280  best=0.6589
        [Trial 0] gen  100  evals= 4100  best=0.6589
        [Trial 0] gen  120  evals= 4920  best=0.6589
        [Trial 0] gen  140  evals= 5740  best=0.6589
        [Trial 0] gen  160  evals= 6560  best=0.6589
        [Trial 0] gen  180  evals= 7380  best=0.6589
        [Trial 0] gen  200  evals= 8200  best=0.6589
        [Trial 0] gen  220  evals= 9020  best=0.6544
        [Trial 0] gen  240  evals= 9840  best=0.6544
        [Trial 0] gen  260  evals=10660  best=0.6544
        [Trial 0] gen  280  evals=11480  best=0.6544
        [Trial 0] gen  300  evals=12300  best=0.6544
        [TRIAL TIMEOUT] Trial 0 total >600s, stopping
        [Done] Trial 0 best=0.6544

  Winner: Trial 0, loss=0.654397 (600s)
    Restarts run: 1
    mu: 28.281212
    D_mu: 0.559954
    T0_mu: 5.731305
    Ly: 2.803980
    op_x: 0.588936
    op_y: 0.663351
    NMSE: 0.056906
  [Saved] random_IR_0114

============================================================
[115/200] random_IR_0115.npz
  GT loss: 0.000000
  terrain_mean=1.080253  early_threshold=0.010262  (alpha=0.0095)
  tolfun=0.00562 tolfunhist=0.00562  (frac=0.0052 of range=1.08)
    --> Trial 0 | pop=41 seed=95072 x0_norm_min=-0.951 x0_norm_max=0.812
        [Trial 0] gen   20  evals=  820  best=0.6508
        [Trial 0] gen   40  evals= 1640  best=0.6508
        [Trial 0] gen   60  evals= 2460  best=0.6508
        [Trial 0] gen   80  evals= 3280  best=0.6508
        [Trial 0] gen  100  evals= 4100  best=0.6508
        [Trial 0] gen  120  evals= 4920  best=0.6375
        [Trial 0] gen  140  evals= 5740  best=0.6375
        [Trial 0] gen  160  evals= 6560  best=0.6355
        [Trial 0] gen  180  evals= 7380  best=0.6355
        [Trial 0] gen  200  evals= 8200  best=0.6355
        [Trial 0] gen  220  evals= 9020  best=0.6355
        [Trial 0] gen  240  evals= 9840  best=0.6353
        [Trial 0] gen  260  evals=10660  best=0.6302
        [Done] Trial 0 best=0.6300

  Winner: Trial 0, loss=0.630048 (575s)
    Restarts run: 1
    mu: 11.052411
    D_mu: 0.721149
    T0_mu: 52.701174
    Ly: 3.999984
    op_x: 0.730179
    op_y: 0.555708
    NMSE: 0.197998
  [Saved] random_IR_0115

============================================================
[116/200] random_IR_0116.npz
  GT loss: 0.000000
  terrain_mean=0.992712  early_threshold=0.009431  (alpha=0.0095)
  tolfun=0.00516 tolfunhist=0.00516  (frac=0.0052 of range=0.993)
    --> Trial 0 | pop=41 seed=95072 x0_norm_min=-0.951 x0_norm_max=0.812
        [Trial 0] gen   20  evals=  820  best=0.6269
        [Trial 0] gen   40  evals= 1640  best=0.6208
        [Trial 0] gen   60  evals= 2460  best=0.6059
        [Trial 0] gen   80  evals= 3280  best=0.6059
        [Trial 0] gen  100  evals= 4100  best=0.6059
        [Trial 0] gen  120  evals= 4920  best=0.6059
        [Trial 0] gen  140  evals= 5740  best=0.6059
        [Trial 0] gen  160  evals= 6560  best=0.6059
        [Trial 0] gen  180  evals= 7380  best=0.6059
        [Trial 0] gen  200  evals= 8200  best=0.6059
        [Trial 0] gen  220  evals= 9020  best=0.6059
        [Trial 0] gen  240  evals= 9840  best=0.6059
        [Trial 0] gen  260  evals=10660  best=0.6051
        [Trial 0] gen  280  evals=11480  best=0.6051
        [Trial 0] gen  300  evals=12300  best=0.6051
        [Trial 0] gen  320  evals=13120  best=0.6051
        [Trial 0] gen  340  evals=13940  best=0.6051
        [Trial 0] gen  360  evals=14760  best=0.6051
        [Trial 0] gen  380  evals=15580  best=0.6019
        [TRIAL TIMEOUT] Trial 0 total >600s, stopping
        [Done] Trial 0 best=0.6019

  Winner: Trial 0, loss=0.601879 (600s)
    Restarts run: 1
    mu: 15.641398
    D_mu: 1.090477
    T0_mu: 63.675371
    Ly: 2.996319
    op_x: 0.546080
    op_y: 0.729097
    NMSE: 0.116670
  [Saved] random_IR_0116

============================================================
[117/200] random_IR_0117.npz
  GT loss: 0.000000
  terrain_mean=1.119804  early_threshold=0.010638  (alpha=0.0095)
  tolfun=0.00582 tolfunhist=0.00582  (frac=0.0052 of range=1.12)
    --> Trial 0 | pop=41 seed=95072 x0_norm_min=-0.951 x0_norm_max=0.812
        [Trial 0] gen   20  evals=  820  best=0.7017
        [Trial 0] gen   40  evals= 1640  best=0.6969
        [Trial 0] gen   60  evals= 2460  best=0.6969
        [Trial 0] gen   80  evals= 3280  best=0.6911
        [Trial 0] gen  100  evals= 4100  best=0.6911
        [Trial 0] gen  120  evals= 4920  best=0.6911
        [Trial 0] gen  140  evals= 5740  best=0.6911
        [Trial 0] gen  160  evals= 6560  best=0.6814
        [Trial 0] gen  180  evals= 7380  best=0.6814
        [Trial 0] gen  200  evals= 8200  best=0.6807
        [Trial 0] gen  220  evals= 9020  best=0.6807
        [Trial 0] gen  240  evals= 9840  best=0.6807
        [Trial 0] gen  260  evals=10660  best=0.6807
        [Trial 0] gen  280  evals=11480  best=0.6790
        [Trial 0] gen  300  evals=12300  best=0.6760
        [Trial 0] gen  320  evals=13120  best=0.6734
        [Done] Trial 0 best=0.6734

  Winner: Trial 0, loss=0.673353 (402s)
    Restarts run: 1
    mu: 19.938137
    D_mu: 0.550950
    T0_mu: 26.058610
    Ly: 1.948033
    op_x: 0.532318
    op_y: 0.669338
    NMSE: 0.055234
  [Saved] random_IR_0117

============================================================
[118/200] random_IR_0118.npz
  GT loss: 0.000000
  terrain_mean=1.130348  early_threshold=0.010738  (alpha=0.0095)
  tolfun=0.00588 tolfunhist=0.00588  (frac=0.0052 of range=1.13)
    --> Trial 0 | pop=41 seed=95072 x0_norm_min=-0.951 x0_norm_max=0.812
        [Trial 0] gen   20  evals=  820  best=0.6793
        [Trial 0] gen   40  evals= 1640  best=0.6772
        [Trial 0] gen   60  evals= 2460  best=0.6474
        [Trial 0] gen   80  evals= 3280  best=0.6474
        [Trial 0] gen  100  evals= 4100  best=0.6429
        [Trial 0] gen  120  evals= 4920  best=0.6429
        [Trial 0] gen  140  evals= 5740  best=0.6429
        [Trial 0] gen  160  evals= 6560  best=0.6429
        [Trial 0] gen  180  evals= 7380  best=0.6429
        [Trial 0] gen  200  evals= 8200  best=0.6301
        [Trial 0] gen  220  evals= 9020  best=0.6301
        [Trial 0] gen  240  evals= 9840  best=0.6301
        [Trial 0] gen  260  evals=10660  best=0.6301
        [TRIAL TIMEOUT] Trial 0 total >600s, stopping
        [Done] Trial 0 best=0.6301

  Winner: Trial 0, loss=0.630085 (601s)
    Restarts run: 1
    mu: 12.191728
    D_mu: 1.309266
    T0_mu: 75.854401
    Ly: 3.907352
    op_x: 0.524856
    op_y: 0.796233
    NMSE: 0.069010
  [Saved] random_IR_0118

============================================================
[119/200] random_IR_0119.npz
  GT loss: 0.000000
  terrain_mean=1.065135  early_threshold=0.010119  (alpha=0.0095)
  tolfun=0.00554 tolfunhist=0.00554  (frac=0.0052 of range=1.07)
    --> Trial 0 | pop=41 seed=95072 x0_norm_min=-0.951 x0_norm_max=0.812
        [Trial 0] gen   20  evals=  820  best=0.6902
        [Trial 0] gen   40  evals= 1640  best=0.6832
        [Trial 0] gen   60  evals= 2460  best=0.6743
        [Trial 0] gen   80  evals= 3280  best=0.6743
        [Trial 0] gen  100  evals= 4100  best=0.6743
        [Trial 0] gen  120  evals= 4920  best=0.6743
        [Trial 0] gen  140  evals= 5740  best=0.6713
        [Trial 0] gen  160  evals= 6560  best=0.6713
        [Trial 0] gen  180  evals= 7380  best=0.6713
        [Trial 0] gen  200  evals= 8200  best=0.6656
        [Trial 0] gen  220  evals= 9020  best=0.6609
        [Done] Trial 0 best=0.6609

  Winner: Trial 0, loss=0.660904 (217s)
    Restarts run: 1
    mu: 4.183208
    D_mu: 2.877622
    T0_mu: 237.739520
    Ly: 3.365590
    op_x: 0.539674
    op_y: 0.514531
    NMSE: 0.196884
  [Saved] random_IR_0119

============================================================
[120/200] random_IR_0120.npz
  GT loss: 0.000000
  terrain_mean=1.020667  early_threshold=0.009696  (alpha=0.0095)
  tolfun=0.00531 tolfunhist=0.00531  (frac=0.0052 of range=1.02)
    --> Trial 0 | pop=41 seed=95072 x0_norm_min=-0.951 x0_norm_max=0.812
        [Trial 0] gen   20  evals=  820  best=0.5960
        [Trial 0] gen   40  evals= 1640  best=0.5864
        [Trial 0] gen   60  evals= 2460  best=0.5853
        [Trial 0] gen   80  evals= 3280  best=0.5853
        [Trial 0] gen  100  evals= 4100  best=0.5853
        [Trial 0] gen  120  evals= 4920  best=0.5853
        [Trial 0] gen  140  evals= 5740  best=0.5853
        [Trial 0] gen  160  evals= 6560  best=0.5853
        [Trial 0] gen  180  evals= 7380  best=0.5852
        [Trial 0] gen  200  evals= 8200  best=0.5823
        [Trial 0] gen  220  evals= 9020  best=0.5823
        [Trial 0] gen  240  evals= 9840  best=0.5770
        [Trial 0] gen  260  evals=10660  best=0.5770
        [Trial 0] gen  280  evals=11480  best=0.5770
        [Trial 0] gen  300  evals=12300  best=0.5770
        [Trial 0] gen  320  evals=13120  best=0.5770
        [Trial 0] gen  340  evals=13940  best=0.5770
        [Trial 0] gen  360  evals=14760  best=0.5714
        [Trial 0] gen  380  evals=15580  best=0.5711
        [Trial 0] gen  400  evals=16400  best=0.5665
        [Done] Trial 0 best=0.5665

  Winner: Trial 0, loss=0.566547 (505s)
    Restarts run: 1
    mu: 13.159067
    D_mu: 1.074446
    T0_mu: 43.276449
    Ly: 2.813625
    op_x: 0.668114
    op_y: 0.881288
    NMSE: 0.078698
  [Saved] random_IR_0120

============================================================
[121/200] random_IR_0121.npz
  GT loss: 0.000000
  terrain_mean=0.977379  early_threshold=0.009285  (alpha=0.0095)
  tolfun=0.00508 tolfunhist=0.00508  (frac=0.0052 of range=0.977)
    --> Trial 0 | pop=41 seed=95072 x0_norm_min=-0.951 x0_norm_max=0.812
        [Trial 0] gen   20  evals=  820  best=0.6571
        [Trial 0] gen   40  evals= 1640  best=0.6515
        [Trial 0] gen   60  evals= 2460  best=0.6403
        [Trial 0] gen   80  evals= 3280  best=0.6279
        [Trial 0] gen  100  evals= 4100  best=0.6279
        [Trial 0] gen  120  evals= 4920  best=0.6279
        [Trial 0] gen  140  evals= 5740  best=0.6279
        [Trial 0] gen  160  evals= 6560  best=0.6279
        [Trial 0] gen  180  evals= 7380  best=0.6279
        [Trial 0] gen  200  evals= 8200  best=0.6279
        [Trial 0] gen  220  evals= 9020  best=0.6279
        [Trial 0] gen  240  evals= 9840  best=0.6279
        [Trial 0] gen  260  evals=10660  best=0.6232
        [Trial 0] gen  280  evals=11480  best=0.6166
        [Trial 0] gen  300  evals=12300  best=0.6161
        [Trial 0] gen  320  evals=13120  best=0.6161
        [Done] Trial 0 best=0.6161

  Winner: Trial 0, loss=0.616116 (239s)
    Restarts run: 1
    mu: 8.229188
    D_mu: 9.838837
    T0_mu: 33.368925
    Ly: 3.982188
    op_x: 0.863267
    op_y: 0.756678
    NMSE: 0.076936
  [Saved] random_IR_0121

============================================================
[122/200] random_IR_0122.npz
  GT loss: 0.000000
  terrain_mean=1.000814  early_threshold=0.009508  (alpha=0.0095)
  tolfun=0.0052 tolfunhist=0.0052  (frac=0.0052 of range=1)
    --> Trial 0 | pop=41 seed=95072 x0_norm_min=-0.951 x0_norm_max=0.812
        [Trial 0] gen   20  evals=  820  best=0.6220
        [Trial 0] gen   40  evals= 1640  best=0.6192
        [Trial 0] gen   60  evals= 2460  best=0.6180
        [Trial 0] gen   80  evals= 3280  best=0.6180
        [Trial 0] gen  100  evals= 4100  best=0.6180
        [Trial 0] gen  120  evals= 4920  best=0.6180
        [Trial 0] gen  140  evals= 5740  best=0.6180
        [Trial 0] gen  160  evals= 6560  best=0.6180
        [Trial 0] gen  180  evals= 7380  best=0.6180
        [Trial 0] gen  200  evals= 8200  best=0.6170
        [Trial 0] gen  220  evals= 9020  best=0.6170
        [Trial 0] gen  240  evals= 9840  best=0.6170
        [Trial 0] gen  260  evals=10660  best=0.6170
        [Trial 0] gen  280  evals=11480  best=0.6170
        [Trial 0] gen  300  evals=12300  best=0.6143
        [Trial 0] gen  320  evals=13120  best=0.6143
        [Trial 0] gen  340  evals=13940  best=0.6143
        [Trial 0] gen  360  evals=14760  best=0.6124
        [Trial 0] gen  380  evals=15580  best=0.6090
        [Done] Trial 0 best=0.6090

  Winner: Trial 0, loss=0.608962 (367s)
    Restarts run: 1
    mu: 12.125073
    D_mu: 0.565989
    T0_mu: 37.376007
    Ly: 1.315685
    op_x: 0.584995
    op_y: 0.597365
    NMSE: 0.087184
  [Saved] random_IR_0122

============================================================
[123/200] random_IR_0123.npz
  GT loss: 0.000000
  terrain_mean=1.138479  early_threshold=0.010816  (alpha=0.0095)
  tolfun=0.00592 tolfunhist=0.00592  (frac=0.0052 of range=1.14)
    --> Trial 0 | pop=41 seed=95072 x0_norm_min=-0.951 x0_norm_max=0.812
        [Trial 0] gen   20  evals=  820  best=0.7036
        [Trial 0] gen   40  evals= 1640  best=0.6902
        [Trial 0] gen   60  evals= 2460  best=0.6902
        [Trial 0] gen   80  evals= 3280  best=0.6601
        [Trial 0] gen  100  evals= 4100  best=0.6601
        [Trial 0] gen  120  evals= 4920  best=0.6601
        [Trial 0] gen  140  evals= 5740  best=0.6600
        [Trial 0] gen  160  evals= 6560  best=0.6566
        [Trial 0] gen  180  evals= 7380  best=0.6553
        [Trial 0] gen  200  evals= 8200  best=0.6553
        [Done] Trial 0 best=0.6553

  Winner: Trial 0, loss=0.655287 (479s)
    Restarts run: 1
    mu: 15.516527
    D_mu: 0.715063
    T0_mu: 42.831521
    Ly: 3.996634
    op_x: 0.727396
    op_y: 0.818981
    NMSE: 0.032549
  [Saved] random_IR_0123

============================================================
[124/200] random_IR_0124.npz
  GT loss: 0.000000
  terrain_mean=1.009831  early_threshold=0.009593  (alpha=0.0095)
  tolfun=0.00525 tolfunhist=0.00525  (frac=0.0052 of range=1.01)
    --> Trial 0 | pop=41 seed=95072 x0_norm_min=-0.951 x0_norm_max=0.812
        [Trial 0] gen   20  evals=  820  best=0.6104
        [Trial 0] gen   40  evals= 1640  best=0.5950
        [Trial 0] gen   60  evals= 2460  best=0.5931
        [Trial 0] gen   80  evals= 3280  best=0.5931
        [Trial 0] gen  100  evals= 4100  best=0.5931
        [Trial 0] gen  120  evals= 4920  best=0.5865
        [Trial 0] gen  140  evals= 5740  best=0.5865
        [Trial 0] gen  160  evals= 6560  best=0.5849
        [Trial 0] gen  180  evals= 7380  best=0.5799
        [Trial 0] gen  200  evals= 8200  best=0.5799
        [Trial 0] gen  220  evals= 9020  best=0.5799
        [Trial 0] gen  240  evals= 9840  best=0.5799
        [Trial 0] gen  260  evals=10660  best=0.5799
        [Trial 0] gen  280  evals=11480  best=0.5799
        [Trial 0] gen  300  evals=12300  best=0.5799
        [TRIAL TIMEOUT] Trial 0 total >600s, stopping
        [Done] Trial 0 best=0.5781

  Winner: Trial 0, loss=0.578093 (601s)
    Restarts run: 1
    mu: 16.769877
    D_mu: 0.623859
    T0_mu: 31.279692
    Ly: 3.999991
    op_x: 0.618604
    op_y: 0.608277
    NMSE: 0.005337
  [Saved] random_IR_0124

============================================================
[125/200] random_IR_0125.npz
  GT loss: 0.000000
  terrain_mean=1.020244  early_threshold=0.009692  (alpha=0.0095)
  tolfun=0.00531 tolfunhist=0.00531  (frac=0.0052 of range=1.02)
    --> Trial 0 | pop=41 seed=95072 x0_norm_min=-0.951 x0_norm_max=0.812
        [Trial 0] gen   20  evals=  820  best=0.6352
        [Trial 0] gen   40  evals= 1640  best=0.6352
        [Trial 0] gen   60  evals= 2460  best=0.6352
        [Trial 0] gen   80  evals= 3280  best=0.6352
        [Trial 0] gen  100  evals= 4100  best=0.6352
        [Trial 0] gen  120  evals= 4920  best=0.6352
        [Trial 0] gen  140  evals= 5740  best=0.6352
        [Trial 0] gen  160  evals= 6560  best=0.6352
        [Trial 0] gen  180  evals= 7380  best=0.6352
        [Trial 0] gen  200  evals= 8200  best=0.6352
        [Trial 0] gen  220  evals= 9020  best=0.6352
        [Trial 0] gen  240  evals= 9840  best=0.6352
        [Trial 0] gen  260  evals=10660  best=0.6347
        [Trial 0] gen  280  evals=11480  best=0.6315
        [Done] Trial 0 best=0.6311

  Winner: Trial 0, loss=0.631076 (408s)
    Restarts run: 1
    mu: 8.804917
    D_mu: 2.526999
    T0_mu: 82.651175
    Ly: 3.699590
    op_x: 0.512114
    op_y: 0.602194
    NMSE: 0.023482
  [Saved] random_IR_0125

============================================================
[126/200] random_IR_0126.npz
  GT loss: 0.000000
  terrain_mean=1.184911  early_threshold=0.011257  (alpha=0.0095)
  tolfun=0.00616 tolfunhist=0.00616  (frac=0.0052 of range=1.18)
    --> Trial 0 | pop=41 seed=95072 x0_norm_min=-0.951 x0_norm_max=0.812
        [Trial 0] gen   20  evals=  820  best=0.6866
        [Trial 0] gen   40  evals= 1640  best=0.6866
        [Trial 0] gen   60  evals= 2460  best=0.6866
        [Trial 0] gen   80  evals= 3280  best=0.6866
        [Trial 0] gen  100  evals= 4100  best=0.6866
        [Trial 0] gen  120  evals= 4920  best=0.6661
        [Trial 0] gen  140  evals= 5740  best=0.6661
        [Trial 0] gen  160  evals= 6560  best=0.6661
        [Done] Trial 0 best=0.6661

  Winner: Trial 0, loss=0.666136 (261s)
    Restarts run: 1
    mu: 21.528558
    D_mu: 0.486804
    T0_mu: 29.361755
    Ly: 2.661114
    op_x: 0.519952
    op_y: 0.604516
    NMSE: 0.102935
  [Saved] random_IR_0126

============================================================
[127/200] random_IR_0127.npz
  GT loss: 0.000000
  terrain_mean=0.976749  early_threshold=0.009279  (alpha=0.0095)
  tolfun=0.00508 tolfunhist=0.00508  (frac=0.0052 of range=0.977)
    --> Trial 0 | pop=41 seed=95072 x0_norm_min=-0.951 x0_norm_max=0.812
        [Trial 0] gen   20  evals=  820  best=0.6816
        [Trial 0] gen   40  evals= 1640  best=0.6678
        [Trial 0] gen   60  evals= 2460  best=0.6611
        [Trial 0] gen   80  evals= 3280  best=0.6610
        [Trial 0] gen  100  evals= 4100  best=0.6588
        [Trial 0] gen  120  evals= 4920  best=0.6572
        [Trial 0] gen  140  evals= 5740  best=0.6572
        [Trial 0] gen  160  evals= 6560  best=0.6572
        [Trial 0] gen  180  evals= 7380  best=0.6572
        [Trial 0] gen  200  evals= 8200  best=0.6572
        [Trial 0] gen  220  evals= 9020  best=0.6572
        [Trial 0] gen  240  evals= 9840  best=0.6572
        [Trial 0] gen  260  evals=10660  best=0.6572
        [Trial 0] gen  280  evals=11480  best=0.6572
        [Trial 0] gen  300  evals=12300  best=0.6572
        [Trial 0] gen  320  evals=13120  best=0.6547
        [Trial 0] gen  340  evals=13940  best=0.6538
        [Trial 0] gen  360  evals=14760  best=0.6520
        [Trial 0] gen  380  evals=15580  best=0.6469
        [Done] Trial 0 best=0.6469

  Winner: Trial 0, loss=0.646942 (343s)
    Restarts run: 1
    mu: 4.912122
    D_mu: 2.040687
    T0_mu: 154.910586
    Ly: 2.261057
    op_x: 0.512444
    op_y: 0.756007
    NMSE: 0.152563
  [Saved] random_IR_0127

============================================================
[128/200] random_IR_0128.npz
  GT loss: 0.000000
  terrain_mean=1.000555  early_threshold=0.009505  (alpha=0.0095)
  tolfun=0.0052 tolfunhist=0.0052  (frac=0.0052 of range=1)
    --> Trial 0 | pop=41 seed=95072 x0_norm_min=-0.951 x0_norm_max=0.812
        [Trial 0] gen   20  evals=  820  best=0.6446
        [Trial 0] gen   40  evals= 1640  best=0.6412
        [Trial 0] gen   60  evals= 2460  best=0.6245
        [Trial 0] gen   80  evals= 3280  best=0.6245
        [Trial 0] gen  100  evals= 4100  best=0.6245
        [Trial 0] gen  120  evals= 4920  best=0.6245
        [Trial 0] gen  140  evals= 5740  best=0.6245
        [Trial 0] gen  160  evals= 6560  best=0.6243
        [Trial 0] gen  180  evals= 7380  best=0.6168
        [Trial 0] gen  200  evals= 8200  best=0.6168
        [Trial 0] gen  220  evals= 9020  best=0.6168
        [Trial 0] gen  240  evals= 9840  best=0.6134
        [Done] Trial 0 best=0.6120

  Winner: Trial 0, loss=0.611991 (385s)
    Restarts run: 1
    mu: 14.993231
    D_mu: 0.403946
    T0_mu: 55.947624
    Ly: 2.091643
    op_x: 0.525095
    op_y: 0.617350
    NMSE: 0.122243
  [Saved] random_IR_0128

============================================================
[129/200] random_IR_0129.npz
  GT loss: 0.000000
  terrain_mean=1.011488  early_threshold=0.009609  (alpha=0.0095)
  tolfun=0.00526 tolfunhist=0.00526  (frac=0.0052 of range=1.01)
    --> Trial 0 | pop=41 seed=95072 x0_norm_min=-0.951 x0_norm_max=0.812
        [Trial 0] gen   20  evals=  820  best=0.6402
        [Trial 0] gen   40  evals= 1640  best=0.6234
        [Trial 0] gen   60  evals= 2460  best=0.6234
        [Trial 0] gen   80  evals= 3280  best=0.6223
        [Trial 0] gen  100  evals= 4100  best=0.6223
        [Trial 0] gen  120  evals= 4920  best=0.6221
        [Trial 0] gen  140  evals= 5740  best=0.6153
        [Trial 0] gen  160  evals= 6560  best=0.6153
        [Trial 0] gen  180  evals= 7380  best=0.6153
        [Trial 0] gen  200  evals= 8200  best=0.6153
        [Trial 0] gen  220  evals= 9020  best=0.6149
        [Trial 0] gen  240  evals= 9840  best=0.6116
        [Trial 0] gen  260  evals=10660  best=0.6066
        [Trial 0] gen  280  evals=11480  best=0.6066
        [Done] Trial 0 best=0.6022

  Winner: Trial 0, loss=0.602223 (482s)
    Restarts run: 1
    mu: 9.553519
    D_mu: 0.951814
    T0_mu: 85.509233
    Ly: 3.443587
    op_x: 0.595992
    op_y: 0.552950
    NMSE: 0.025968
  [Saved] random_IR_0129

============================================================
[130/200] random_IR_0130.npz
  GT loss: 0.000000
  terrain_mean=1.086838  early_threshold=0.010325  (alpha=0.0095)
  tolfun=0.00565 tolfunhist=0.00565  (frac=0.0052 of range=1.09)
    --> Trial 0 | pop=41 seed=95072 x0_norm_min=-0.951 x0_norm_max=0.812
        [Trial 0] gen   20  evals=  820  best=0.6954
        [Trial 0] gen   40  evals= 1640  best=0.6880
        [Trial 0] gen   60  evals= 2460  best=0.6880
        [Trial 0] gen   80  evals= 3280  best=0.6880
        [Trial 0] gen  100  evals= 4100  best=0.6877
        [Trial 0] gen  120  evals= 4920  best=0.6877
        [Trial 0] gen  140  evals= 5740  best=0.6877
        [Trial 0] gen  160  evals= 6560  best=0.6861
        [Trial 0] gen  180  evals= 7380  best=0.6861
        [Trial 0] gen  200  evals= 8200  best=0.6817
        [Trial 0] gen  220  evals= 9020  best=0.6760
        [Done] Trial 0 best=0.6760

  Winner: Trial 0, loss=0.676023 (343s)
    Restarts run: 1
    mu: 28.266670
    D_mu: 1.295452
    T0_mu: 21.433026
    Ly: 3.405077
    op_x: 0.786423
    op_y: 0.551571
    NMSE: 0.124825
  [Saved] random_IR_0130

============================================================
[131/200] random_IR_0131.npz
  GT loss: 0.000000
  terrain_mean=1.047815  early_threshold=0.009954  (alpha=0.0095)
  tolfun=0.00545 tolfunhist=0.00545  (frac=0.0052 of range=1.05)
    --> Trial 0 | pop=41 seed=95072 x0_norm_min=-0.951 x0_norm_max=0.812
        [Trial 0] gen   20  evals=  820  best=0.6673
        [Trial 0] gen   40  evals= 1640  best=0.6437
        [Trial 0] gen   60  evals= 2460  best=0.6232
        [Trial 0] gen   80  evals= 3280  best=0.6232
        [Trial 0] gen  100  evals= 4100  best=0.6232
        [Trial 0] gen  120  evals= 4920  best=0.6232
        [Trial 0] gen  140  evals= 5740  best=0.6232
        [Trial 0] gen  160  evals= 6560  best=0.6232
        [Trial 0] gen  180  evals= 7380  best=0.6232
        [Trial 0] gen  200  evals= 8200  best=0.6232
        [Trial 0] gen  220  evals= 9020  best=0.6232
        [Trial 0] gen  240  evals= 9840  best=0.6190
        [Trial 0] gen  260  evals=10660  best=0.6162
        [Trial 0] gen  280  evals=11480  best=0.6127
        [Trial 0] gen  300  evals=12300  best=0.6107
        [Done] Trial 0 best=0.6107

  Winner: Trial 0, loss=0.610655 (553s)
    Restarts run: 1
    mu: 9.362129
    D_mu: 0.910722
    T0_mu: 98.537428
    Ly: 3.560486
    op_x: 0.561779
    op_y: 0.602408
    NMSE: 0.049501
  [Saved] random_IR_0131

============================================================
[132/200] random_IR_0132.npz
  GT loss: 0.000000
  terrain_mean=1.065274  early_threshold=0.010120  (alpha=0.0095)
  tolfun=0.00554 tolfunhist=0.00554  (frac=0.0052 of range=1.07)
    --> Trial 0 | pop=41 seed=95072 x0_norm_min=-0.951 x0_norm_max=0.812
        [Trial 0] gen   20  evals=  820  best=0.6409
        [Trial 0] gen   40  evals= 1640  best=0.6153
        [Trial 0] gen   60  evals= 2460  best=0.6153
        [Trial 0] gen   80  evals= 3280  best=0.6153
        [Trial 0] gen  100  evals= 4100  best=0.6153
        [Trial 0] gen  120  evals= 4920  best=0.6153
        [Trial 0] gen  140  evals= 5740  best=0.6153
        [Trial 0] gen  160  evals= 6560  best=0.6153
        [Trial 0] gen  180  evals= 7380  best=0.6153
        [Trial 0] gen  200  evals= 8200  best=0.6114
        [Trial 0] gen  220  evals= 9020  best=0.6114
        [Trial 0] gen  240  evals= 9840  best=0.6114
        [Trial 0] gen  260  evals=10660  best=0.6114
        [Trial 0] gen  280  evals=11480  best=0.6114
        [Trial 0] gen  300  evals=12300  best=0.6077
        [Done] Trial 0 best=0.6077

  Winner: Trial 0, loss=0.607734 (169s)
    Restarts run: 1
    mu: 4.265148
    D_mu: 1.942122
    T0_mu: 224.026045
    Ly: 1.300739
    op_x: 0.844611
    op_y: 0.881590
    NMSE: 0.117492
  [Saved] random_IR_0132

============================================================
[133/200] random_IR_0133.npz
  GT loss: 0.000000
  terrain_mean=1.122904  early_threshold=0.010668  (alpha=0.0095)
  tolfun=0.00584 tolfunhist=0.00584  (frac=0.0052 of range=1.12)
    --> Trial 0 | pop=41 seed=95072 x0_norm_min=-0.951 x0_norm_max=0.812
        [Trial 0] gen   20  evals=  820  best=0.7707
        [Trial 0] gen   40  evals= 1640  best=0.7391
        [Trial 0] gen   60  evals= 2460  best=0.7389
        [Trial 0] gen   80  evals= 3280  best=0.7389
        [Trial 0] gen  100  evals= 4100  best=0.7345
        [Trial 0] gen  120  evals= 4920  best=0.7345
        [Trial 0] gen  140  evals= 5740  best=0.7176
        [Trial 0] gen  160  evals= 6560  best=0.7169
        [Trial 0] gen  180  evals= 7380  best=0.7142
        [Trial 0] gen  200  evals= 8200  best=0.7014
        [Trial 0] gen  220  evals= 9020  best=0.7014
        [Trial 0] gen  240  evals= 9840  best=0.7014
        [Trial 0] gen  260  evals=10660  best=0.7014
        [Trial 0] gen  280  evals=11480  best=0.7014
        [Trial 0] gen  300  evals=12300  best=0.7014
        [Trial 0] gen  320  evals=13120  best=0.7014
        [Done] Trial 0 best=0.7013

  Winner: Trial 0, loss=0.701326 (535s)
    Restarts run: 1
    mu: 8.279903
    D_mu: 0.723252
    T0_mu: 87.124109
    Ly: 2.824371
    op_x: 0.851634
    op_y: 0.769281
    NMSE: 0.101753
  [Saved] random_IR_0133

============================================================
[134/200] random_IR_0134.npz
  GT loss: 0.000000
  terrain_mean=1.050814  early_threshold=0.009983  (alpha=0.0095)
  tolfun=0.00546 tolfunhist=0.00546  (frac=0.0052 of range=1.05)
    --> Trial 0 | pop=41 seed=95072 x0_norm_min=-0.951 x0_norm_max=0.812
        [Trial 0] gen   20  evals=  820  best=0.6269
        [Trial 0] gen   40  evals= 1640  best=0.6235
        [Trial 0] gen   60  evals= 2460  best=0.6184
        [Trial 0] gen   80  evals= 3280  best=0.6184
        [Trial 0] gen  100  evals= 4100  best=0.6184
        [Trial 0] gen  120  evals= 4920  best=0.6184
        [Trial 0] gen  140  evals= 5740  best=0.6184
        [Trial 0] gen  160  evals= 6560  best=0.6184
        [Trial 0] gen  180  evals= 7380  best=0.6184
        [Trial 0] gen  200  evals= 8200  best=0.6184
        [Trial 0] gen  220  evals= 9020  best=0.6128
        [Trial 0] gen  240  evals= 9840  best=0.6117
        [Trial 0] gen  260  evals=10660  best=0.6117
        [Trial 0] gen  280  evals=11480  best=0.6117
        [Trial 0] gen  300  evals=12300  best=0.6117
        [Trial 0] gen  320  evals=13120  best=0.6054
        [Trial 0] gen  340  evals=13940  best=0.6054
        [Trial 0] gen  360  evals=14760  best=0.6054
        [Trial 0] gen  380  evals=15580  best=0.6054
        [Trial 0] gen  400  evals=16400  best=0.6054
        [Trial 0] gen  420  evals=17220  best=0.6054
        [Trial 0] gen  440  evals=18040  best=0.6008
        [TRIAL TIMEOUT] Trial 0 total >600s, stopping
        [Done] Trial 0 best=0.6008

  Winner: Trial 0, loss=0.600838 (601s)
    Restarts run: 1
    mu: 21.403199
    D_mu: 1.023853
    T0_mu: 29.980401
    Ly: 3.836561
    op_x: 0.720155
    op_y: 0.562035
    NMSE: 0.139690
  [Saved] random_IR_0134

============================================================
[135/200] random_IR_0135.npz
  GT loss: 0.000000
  terrain_mean=1.044741  early_threshold=0.009925  (alpha=0.0095)
  tolfun=0.00543 tolfunhist=0.00543  (frac=0.0052 of range=1.04)
    --> Trial 0 | pop=41 seed=95072 x0_norm_min=-0.951 x0_norm_max=0.812
        [Trial 0] gen   20  evals=  820  best=0.6321
        [Trial 0] gen   40  evals= 1640  best=0.6210
        [Trial 0] gen   60  evals= 2460  best=0.6210
        [Trial 0] gen   80  evals= 3280  best=0.6210
        [Trial 0] gen  100  evals= 4100  best=0.6180
        [Trial 0] gen  120  evals= 4920  best=0.6180
        [Trial 0] gen  140  evals= 5740  best=0.6180
        [Trial 0] gen  160  evals= 6560  best=0.6180
        [Trial 0] gen  180  evals= 7380  best=0.6180
        [Trial 0] gen  200  evals= 8200  best=0.6162
        [Trial 0] gen  220  evals= 9020  best=0.6124
        [Trial 0] gen  240  evals= 9840  best=0.6070
        [Done] Trial 0 best=0.6070

  Winner: Trial 0, loss=0.606953 (182s)
    Restarts run: 1
    mu: 3.459129
    D_mu: 3.238184
    T0_mu: 263.252681
    Ly: 2.567373
    op_x: 0.539778
    op_y: 0.687064
    NMSE: 0.151055
  [Saved] random_IR_0135

============================================================
[136/200] random_IR_0136.npz
  GT loss: 0.000000
  terrain_mean=1.337448  early_threshold=0.012706  (alpha=0.0095)
  tolfun=0.00695 tolfunhist=0.00695  (frac=0.0052 of range=1.34)
    --> Trial 0 | pop=41 seed=95072 x0_norm_min=-0.951 x0_norm_max=0.812
        [Trial 0] gen   20  evals=  820  best=0.6618
        [Trial 0] gen   40  evals= 1640  best=0.6618
        [Trial 0] gen   60  evals= 2460  best=0.6540
        [Trial 0] gen   80  evals= 3280  best=0.6515
        [Trial 0] gen  100  evals= 4100  best=0.6476
        [Trial 0] gen  120  evals= 4920  best=0.6416
        [Trial 0] gen  140  evals= 5740  best=0.6394
        [Trial 0] gen  160  evals= 6560  best=0.6394
        [Trial 0] gen  180  evals= 7380  best=0.6394
        [Trial 0] gen  200  evals= 8200  best=0.6394
        [Trial 0] gen  220  evals= 9020  best=0.6350
        [Trial 0] gen  240  evals= 9840  best=0.6350
        [Trial 0] gen  260  evals=10660  best=0.6312
        [Trial 0] gen  280  evals=11480  best=0.6257
        [Done] Trial 0 best=0.6257

  Winner: Trial 0, loss=0.625714 (137s)
    Restarts run: 1
    mu: 14.940108
    D_mu: 4.374861
    T0_mu: 46.517434
    Ly: 2.280124
    op_x: 0.580538
    op_y: 0.993782
    NMSE: 0.039622
  [Saved] random_IR_0136

============================================================
[137/200] random_IR_0137.npz
  GT loss: 0.000000
  terrain_mean=1.126698  early_threshold=0.010704  (alpha=0.0095)
  tolfun=0.00586 tolfunhist=0.00586  (frac=0.0052 of range=1.13)
    --> Trial 0 | pop=41 seed=95072 x0_norm_min=-0.951 x0_norm_max=0.812
        [Trial 0] gen   20  evals=  820  best=0.6829
        [Trial 0] gen   40  evals= 1640  best=0.6829
        [Trial 0] gen   60  evals= 2460  best=0.6829
        [Trial 0] gen   80  evals= 3280  best=0.6821
        [Trial 0] gen  100  evals= 4100  best=0.6709
        [Trial 0] gen  120  evals= 4920  best=0.6709
        [Trial 0] gen  140  evals= 5740  best=0.6709
        [Trial 0] gen  160  evals= 6560  best=0.6686
        [Trial 0] gen  180  evals= 7380  best=0.6645
        [Trial 0] gen  200  evals= 8200  best=0.6637
        [Done] Trial 0 best=0.6637

  Winner: Trial 0, loss=0.663681 (305s)
    Restarts run: 1
    mu: 20.806009
    D_mu: 0.705562
    T0_mu: 43.106641
    Ly: 2.201764
    op_x: 0.820300
    op_y: 0.817692
    NMSE: 0.019733
  [Saved] random_IR_0137

============================================================
[138/200] random_IR_0138.npz
  GT loss: 0.000000
  terrain_mean=0.955271  early_threshold=0.009075  (alpha=0.0095)
  tolfun=0.00497 tolfunhist=0.00497  (frac=0.0052 of range=0.955)
    --> Trial 0 | pop=41 seed=95072 x0_norm_min=-0.951 x0_norm_max=0.812
        [Trial 0] gen   20  evals=  820  best=0.6386
        [Trial 0] gen   40  evals= 1640  best=0.6253
        [Trial 0] gen   60  evals= 2460  best=0.6163
        [Trial 0] gen   80  evals= 3280  best=0.6163
        [Trial 0] gen  100  evals= 4100  best=0.6115
        [Trial 0] gen  120  evals= 4920  best=0.6021
        [Trial 0] gen  140  evals= 5740  best=0.6021
        [Trial 0] gen  160  evals= 6560  best=0.6021
        [Trial 0] gen  180  evals= 7380  best=0.6021
        [Trial 0] gen  200  evals= 8200  best=0.6021
        [Trial 0] gen  220  evals= 9020  best=0.6021
        [Trial 0] gen  240  evals= 9840  best=0.6005
        [Done] Trial 0 best=0.6005

  Winner: Trial 0, loss=0.600539 (311s)
    Restarts run: 1
    mu: 10.615579
    D_mu: 0.904810
    T0_mu: 71.071034
    Ly: 2.404176
    op_x: 0.756898
    op_y: 0.611462
    NMSE: 0.040096
  [Saved] random_IR_0138

============================================================
[139/200] random_IR_0139.npz
  GT loss: 0.000000
  terrain_mean=1.151821  early_threshold=0.010942  (alpha=0.0095)
  tolfun=0.00599 tolfunhist=0.00599  (frac=0.0052 of range=1.15)
    --> Trial 0 | pop=41 seed=95072 x0_norm_min=-0.951 x0_norm_max=0.812
        [Trial 0] gen   20  evals=  820  best=0.6694
        [Trial 0] gen   40  evals= 1640  best=0.6185
        [Trial 0] gen   60  evals= 2460  best=0.6185
        [Trial 0] gen   80  evals= 3280  best=0.6185
        [Trial 0] gen  100  evals= 4100  best=0.6185
        [Trial 0] gen  120  evals= 4920  best=0.6185
        [Trial 0] gen  140  evals= 5740  best=0.6185
        [Trial 0] gen  160  evals= 6560  best=0.6185
        [Trial 0] gen  180  evals= 7380  best=0.6185
        [Trial 0] gen  200  evals= 8200  best=0.6185
        [Trial 0] gen  220  evals= 9020  best=0.6185
        [Trial 0] gen  240  evals= 9840  best=0.6185
        [Trial 0] gen  260  evals=10660  best=0.6185
        [Trial 0] gen  280  evals=11480  best=0.6185
        [Trial 0] gen  300  evals=12300  best=0.6185
        [Done] Trial 0 best=0.6185

  Winner: Trial 0, loss=0.618515 (82s)
    Restarts run: 1
    mu: 8.175557
    D_mu: 3.822885
    T0_mu: 100.132984
    Ly: 2.343057
    op_x: 0.915964
    op_y: 0.944406
    NMSE: 0.149573
  [Saved] random_IR_0139

============================================================
[140/200] random_IR_0140.npz
  GT loss: 0.000000
  terrain_mean=1.044412  early_threshold=0.009922  (alpha=0.0095)
  tolfun=0.00543 tolfunhist=0.00543  (frac=0.0052 of range=1.04)
    --> Trial 0 | pop=41 seed=95072 x0_norm_min=-0.951 x0_norm_max=0.812
        [Trial 0] gen   20  evals=  820  best=0.7028
        [Trial 0] gen   40  evals= 1640  best=0.6864
        [Trial 0] gen   60  evals= 2460  best=0.6864
        [Trial 0] gen   80  evals= 3280  best=0.6864
        [Trial 0] gen  100  evals= 4100  best=0.6864
        [Trial 0] gen  120  evals= 4920  best=0.6864
        [Trial 0] gen  140  evals= 5740  best=0.6864
        [Trial 0] gen  160  evals= 6560  best=0.6864
        [Trial 0] gen  180  evals= 7380  best=0.6797
        [Trial 0] gen  200  evals= 8200  best=0.6766
        [Trial 0] gen  220  evals= 9020  best=0.6766
        [Done] Trial 0 best=0.6766

  Winner: Trial 0, loss=0.676571 (78s)
    Restarts run: 1
    mu: 38.764495
    D_mu: 41.249344
    T0_mu: 2.895674
    Ly: 3.707610
    op_x: 0.670676
    op_y: 0.510003
    NMSE: 0.094609
  [Saved] random_IR_0140

============================================================
[141/200] random_IR_0141.npz
  GT loss: 0.000000
  terrain_mean=1.028944  early_threshold=0.009775  (alpha=0.0095)
  tolfun=0.00535 tolfunhist=0.00535  (frac=0.0052 of range=1.03)
    --> Trial 0 | pop=41 seed=95072 x0_norm_min=-0.951 x0_norm_max=0.812
        [Trial 0] gen   20  evals=  820  best=0.6695
        [Trial 0] gen   40  evals= 1640  best=0.6695
        [Trial 0] gen   60  evals= 2460  best=0.6676
        [Trial 0] gen   80  evals= 3280  best=0.6501
        [Trial 0] gen  100  evals= 4100  best=0.6501
        [Trial 0] gen  120  evals= 4920  best=0.6501
        [Trial 0] gen  140  evals= 5740  best=0.6501
        [Trial 0] gen  160  evals= 6560  best=0.6501
        [Trial 0] gen  180  evals= 7380  best=0.6501
        [Trial 0] gen  200  evals= 8200  best=0.6484
        [Done] Trial 0 best=0.6484

  Winner: Trial 0, loss=0.648437 (418s)
    Restarts run: 1
    mu: 32.527427
    D_mu: 0.706097
    T0_mu: 21.890713
    Ly: 3.213986
    op_x: 0.862782
    op_y: 0.692077
    NMSE: 0.067042
  [Saved] random_IR_0141

============================================================
[142/200] random_IR_0142.npz
  GT loss: 0.000000
  terrain_mean=1.019798  early_threshold=0.009688  (alpha=0.0095)
  tolfun=0.0053 tolfunhist=0.0053  (frac=0.0052 of range=1.02)
    --> Trial 0 | pop=41 seed=95072 x0_norm_min=-0.951 x0_norm_max=0.812
        [Trial 0] gen   20  evals=  820  best=0.6112
        [Trial 0] gen   40  evals= 1640  best=0.6112
        [Trial 0] gen   60  evals= 2460  best=0.6081
        [Trial 0] gen   80  evals= 3280  best=0.6081
        [Trial 0] gen  100  evals= 4100  best=0.6081
        [Trial 0] gen  120  evals= 4920  best=0.6014
        [Trial 0] gen  140  evals= 5740  best=0.6014
        [Trial 0] gen  160  evals= 6560  best=0.6014
        [Trial 0] gen  180  evals= 7380  best=0.6014
        [Trial 0] gen  200  evals= 8200  best=0.6000
        [Trial 0] gen  220  evals= 9020  best=0.6000
        [Trial 0] gen  240  evals= 9840  best=0.6000
        [Trial 0] gen  260  evals=10660  best=0.6000
        [Trial 0] gen  280  evals=11480  best=0.6000
        [Trial 0] gen  300  evals=12300  best=0.6000
        [Trial 0] gen  320  evals=13120  best=0.6000
        [Trial 0] gen  340  evals=13940  best=0.6000
        [TRIAL TIMEOUT] Trial 0 total >600s, stopping
        [Done] Trial 0 best=0.5972

  Winner: Trial 0, loss=0.597218 (600s)
    Restarts run: 1
    mu: 21.328442
    D_mu: 0.412512
    T0_mu: 32.902576
    Ly: 2.843007
    op_x: 0.626724
    op_y: 0.793960
    NMSE: 0.029792
  [Saved] random_IR_0142

============================================================
[143/200] random_IR_0143.npz
  GT loss: 0.000000
  terrain_mean=1.125721  early_threshold=0.010694  (alpha=0.0095)
  tolfun=0.00585 tolfunhist=0.00585  (frac=0.0052 of range=1.13)
    --> Trial 0 | pop=41 seed=95072 x0_norm_min=-0.951 x0_norm_max=0.812
        [Trial 0] gen   20  evals=  820  best=0.6656
        [Trial 0] gen   40  evals= 1640  best=0.6533
        [Trial 0] gen   60  evals= 2460  best=0.6533
        [Trial 0] gen   80  evals= 3280  best=0.6521
        [Trial 0] gen  100  evals= 4100  best=0.6521
        [Trial 0] gen  120  evals= 4920  best=0.6473
        [Trial 0] gen  140  evals= 5740  best=0.6460
        [Trial 0] gen  160  evals= 6560  best=0.6418
        [Trial 0] gen  180  evals= 7380  best=0.6406
        [Trial 0] gen  200  evals= 8200  best=0.6406
        [Trial 0] gen  220  evals= 9020  best=0.6385
        [Trial 0] gen  240  evals= 9840  best=0.6385
        [Trial 0] gen  260  evals=10660  best=0.6385
        [Done] Trial 0 best=0.6385

  Winner: Trial 0, loss=0.638510 (371s)
    Restarts run: 1
    mu: 32.971489
    D_mu: 0.727886
    T0_mu: 18.718192
    Ly: 2.072251
    op_x: 0.659690
    op_y: 0.729188
    NMSE: 0.053828
  [Saved] random_IR_0143

============================================================
[144/200] random_IR_0144.npz
  GT loss: 0.000000
  terrain_mean=1.186662  early_threshold=0.011273  (alpha=0.0095)
  tolfun=0.00617 tolfunhist=0.00617  (frac=0.0052 of range=1.19)
    --> Trial 0 | pop=41 seed=95072 x0_norm_min=-0.951 x0_norm_max=0.812
        [Trial 0] gen   20  evals=  820  best=0.7414
        [Trial 0] gen   40  evals= 1640  best=0.7407
        [Trial 0] gen   60  evals= 2460  best=0.7407
        [Trial 0] gen   80  evals= 3280  best=0.7407
        [Trial 0] gen  100  evals= 4100  best=0.7407
        [Trial 0] gen  120  evals= 4920  best=0.7407
        [Trial 0] gen  140  evals= 5740  best=0.7407
        [Trial 0] gen  160  evals= 6560  best=0.7407
        [Trial 0] gen  180  evals= 7380  best=0.7407
        [Trial 0] gen  200  evals= 8200  best=0.7389
        [Trial 0] gen  220  evals= 9020  best=0.7389
        [Trial 0] gen  240  evals= 9840  best=0.7389
        [Trial 0] gen  260  evals=10660  best=0.7357
        [Trial 0] gen  280  evals=11480  best=0.7357
        [Trial 0] gen  300  evals=12300  best=0.7357
        [Trial 0] gen  320  evals=13120  best=0.7357
        [Done] Trial 0 best=0.7357

  Winner: Trial 0, loss=0.735670 (497s)
    Restarts run: 1
    mu: 23.358518
    D_mu: 1.425738
    T0_mu: 22.042389
    Ly: 3.234478
    op_x: 0.622968
    op_y: 0.625905
    NMSE: 0.122966
  [Saved] random_IR_0144

============================================================
[145/200] random_IR_0145.npz
  GT loss: 0.000000
  terrain_mean=1.031450  early_threshold=0.009799  (alpha=0.0095)
  tolfun=0.00536 tolfunhist=0.00536  (frac=0.0052 of range=1.03)
    --> Trial 0 | pop=41 seed=95072 x0_norm_min=-0.951 x0_norm_max=0.812
        [Trial 0] gen   20  evals=  820  best=0.6878
        [Trial 0] gen   40  evals= 1640  best=0.6878
        [Trial 0] gen   60  evals= 2460  best=0.6878
        [Trial 0] gen   80  evals= 3280  best=0.6878
        [Trial 0] gen  100  evals= 4100  best=0.6878
        [Trial 0] gen  120  evals= 4920  best=0.6878
        [Trial 0] gen  140  evals= 5740  best=0.6878
        [Trial 0] gen  160  evals= 6560  best=0.6878
        [Trial 0] gen  180  evals= 7380  best=0.6878
        [Trial 0] gen  200  evals= 8200  best=0.6878
        [Done] Trial 0 best=0.6878

  Winner: Trial 0, loss=0.687766 (337s)
    Restarts run: 1
    mu: 25.645822
    D_mu: 0.926764
    T0_mu: 29.174766
    Ly: 2.927420
    op_x: 0.819929
    op_y: 0.653767
    NMSE: 0.055754
  [Saved] random_IR_0145

============================================================
[146/200] random_IR_0146.npz
  GT loss: 0.000000
  terrain_mean=1.025973  early_threshold=0.009747  (alpha=0.0095)
  tolfun=0.00534 tolfunhist=0.00534  (frac=0.0052 of range=1.03)
    --> Trial 0 | pop=41 seed=95072 x0_norm_min=-0.951 x0_norm_max=0.812
        [Trial 0] gen   20  evals=  820  best=0.6422
        [Trial 0] gen   40  evals= 1640  best=0.6294
        [Trial 0] gen   60  evals= 2460  best=0.6262
        [Trial 0] gen   80  evals= 3280  best=0.6177
        [Trial 0] gen  100  evals= 4100  best=0.6177
        [Trial 0] gen  120  evals= 4920  best=0.6177
        [Trial 0] gen  140  evals= 5740  best=0.6177
        [Trial 0] gen  160  evals= 6560  best=0.6177
        [Trial 0] gen  180  evals= 7380  best=0.6177
        [Trial 0] gen  200  evals= 8200  best=0.6145
        [Trial 0] gen  220  evals= 9020  best=0.6061
        [Done] Trial 0 best=0.6061

  Winner: Trial 0, loss=0.606067 (224s)
    Restarts run: 1
    mu: 17.606950
    D_mu: 1.080631
    T0_mu: 51.152830
    Ly: 2.041401
    op_x: 0.552801
    op_y: 0.690944
    NMSE: 0.025532
  [Saved] random_IR_0146

============================================================
[147/200] random_IR_0147.npz
  GT loss: 0.000000
  terrain_mean=1.736292  early_threshold=0.016495  (alpha=0.0095)
  tolfun=0.00903 tolfunhist=0.00903  (frac=0.0052 of range=1.74)
    --> Trial 0 | pop=41 seed=95072 x0_norm_min=-0.951 x0_norm_max=0.812
        [Trial 0] gen   20  evals=  820  best=0.6657
        [Trial 0] gen   40  evals= 1640  best=0.6353
        [Trial 0] gen   60  evals= 2460  best=0.6353
        [Trial 0] gen   80  evals= 3280  best=0.6190
        [Trial 0] gen  100  evals= 4100  best=0.6190
        [Trial 0] gen  120  evals= 4920  best=0.6190
        [Trial 0] gen  140  evals= 5740  best=0.6190
        [Trial 0] gen  160  evals= 6560  best=0.6190
        [Trial 0] gen  180  evals= 7380  best=0.6190
        [Trial 0] gen  200  evals= 8200  best=0.6190
        [Trial 0] gen  220  evals= 9020  best=0.6190
        [Trial 0] gen  240  evals= 9840  best=0.6190
        [Trial 0] gen  260  evals=10660  best=0.6190
        [Trial 0] gen  280  evals=11480  best=0.6190
        [Trial 0] gen  300  evals=12300  best=0.6190
        [Trial 0] gen  320  evals=13120  best=0.6190
        [Done] Trial 0 best=0.6160

  Winner: Trial 0, loss=0.615976 (100s)
    Restarts run: 1
    mu: 43.607986
    D_mu: 10.443652
    T0_mu: 19.572910
    Ly: 1.631268
    op_x: 0.984796
    op_y: 0.899174
    NMSE: 0.174753
  [Saved] random_IR_0147

============================================================
[148/200] random_IR_0148.npz
  GT loss: 0.000000
  terrain_mean=1.243427  early_threshold=0.011813  (alpha=0.0095)
  tolfun=0.00647 tolfunhist=0.00647  (frac=0.0052 of range=1.24)
    --> Trial 0 | pop=41 seed=95072 x0_norm_min=-0.951 x0_norm_max=0.812
        [Trial 0] gen   20  evals=  820  best=0.7536
        [Trial 0] gen   40  evals= 1640  best=0.7483
        [Trial 0] gen   60  evals= 2460  best=0.7483
        [Trial 0] gen   80  evals= 3280  best=0.7398
        [Trial 0] gen  100  evals= 4100  best=0.7398
        [Trial 0] gen  120  evals= 4920  best=0.7398
        [Trial 0] gen  140  evals= 5740  best=0.7351
        [Trial 0] gen  160  evals= 6560  best=0.7303
        [Trial 0] gen  180  evals= 7380  best=0.7302
        [Trial 0] gen  200  evals= 8200  best=0.7302
        [Trial 0] gen  220  evals= 9020  best=0.7290
        [Trial 0] gen  240  evals= 9840  best=0.7242
        [Trial 0] gen  260  evals=10660  best=0.7232
        [Trial 0] gen  280  evals=11480  best=0.7212
        [Trial 0] gen  300  evals=12300  best=0.7199
        [Done] Trial 0 best=0.7199

  Winner: Trial 0, loss=0.719870 (213s)
    Restarts run: 1
    mu: 83.715471
    D_mu: 6.480219
    T0_mu: 6.336301
    Ly: 3.569319
    op_x: 0.832455
    op_y: 0.660444
    NMSE: 0.097952
  [Saved] random_IR_0148

============================================================
[149/200] random_IR_0149.npz
  GT loss: 0.000000
  terrain_mean=1.003029  early_threshold=0.009529  (alpha=0.0095)
  tolfun=0.00522 tolfunhist=0.00522  (frac=0.0052 of range=1)
    --> Trial 0 | pop=41 seed=95072 x0_norm_min=-0.951 x0_norm_max=0.812
        [Trial 0] gen   20  evals=  820  best=0.6164
        [Trial 0] gen   40  evals= 1640  best=0.6080
        [Trial 0] gen   60  evals= 2460  best=0.6080
        [Trial 0] gen   80  evals= 3280  best=0.6080
        [Trial 0] gen  100  evals= 4100  best=0.6080
        [Trial 0] gen  120  evals= 4920  best=0.6035
        [Trial 0] gen  140  evals= 5740  best=0.6025
        [Trial 0] gen  160  evals= 6560  best=0.6025
        [Trial 0] gen  180  evals= 7380  best=0.6025
        [Trial 0] gen  200  evals= 8200  best=0.6025
        [Trial 0] gen  220  evals= 9020  best=0.6025
        [Trial 0] gen  240  evals= 9840  best=0.6025
        [Trial 0] gen  260  evals=10660  best=0.6022
        [Trial 0] gen  280  evals=11480  best=0.5982
        [Trial 0] gen  300  evals=12300  best=0.5982
        [Trial 0] gen  320  evals=13120  best=0.5982
        [Trial 0] gen  340  evals=13940  best=0.5982
        [Trial 0] gen  360  evals=14760  best=0.5982
        [Trial 0] gen  380  evals=15580  best=0.5971
        [Trial 0] gen  400  evals=16400  best=0.5971
        [Trial 0] gen  420  evals=17220  best=0.5971
        [TRIAL TIMEOUT] Trial 0 total >600s, stopping
        [Done] Trial 0 best=0.5971

  Winner: Trial 0, loss=0.597107 (601s)
    Restarts run: 1
    mu: 18.645699
    D_mu: 0.539102
    T0_mu: 35.115921
    Ly: 2.161036
    op_x: 0.702375
    op_y: 0.576666
    NMSE: 0.044769
  [Saved] random_IR_0149

============================================================
[150/200] random_IR_0150.npz
  GT loss: 0.000000
  terrain_mean=1.208153  early_threshold=0.011477  (alpha=0.0095)
  tolfun=0.00628 tolfunhist=0.00628  (frac=0.0052 of range=1.21)
    --> Trial 0 | pop=41 seed=95072 x0_norm_min=-0.951 x0_norm_max=0.812
        [Trial 0] gen   20  evals=  820  best=0.6268
        [Trial 0] gen   40  evals= 1640  best=0.6268
        [Trial 0] gen   60  evals= 2460  best=0.6268
        [Trial 0] gen   80  evals= 3280  best=0.6268
        [Trial 0] gen  100  evals= 4100  best=0.6268
        [Trial 0] gen  120  evals= 4920  best=0.6268
        [Trial 0] gen  140  evals= 5740  best=0.6268
        [Trial 0] gen  160  evals= 6560  best=0.6268
        [Trial 0] gen  180  evals= 7380  best=0.6268
        [Trial 0] gen  200  evals= 8200  best=0.6268
        [Trial 0] gen  220  evals= 9020  best=0.6268
        [Trial 0] gen  240  evals= 9840  best=0.6260
        [Done] Trial 0 best=0.6220

  Winner: Trial 0, loss=0.622014 (533s)
    Restarts run: 1
    mu: 13.993552
    D_mu: 1.118570
    T0_mu: 53.754999
    Ly: 3.982525
    op_x: 0.833672
    op_y: 0.875599
    NMSE: 0.026635
  [Saved] random_IR_0150

============================================================
[151/200] random_IR_0151.npz
  GT loss: 0.000000
  terrain_mean=1.122539  early_threshold=0.010664  (alpha=0.0095)
  tolfun=0.00584 tolfunhist=0.00584  (frac=0.0052 of range=1.12)
    --> Trial 0 | pop=41 seed=95072 x0_norm_min=-0.951 x0_norm_max=0.812
        [Trial 0] gen   20  evals=  820  best=0.6655
        [Trial 0] gen   40  evals= 1640  best=0.6455
        [Trial 0] gen   60  evals= 2460  best=0.6417
        [Trial 0] gen   80  evals= 3280  best=0.6417
        [Trial 0] gen  100  evals= 4100  best=0.6390
        [Trial 0] gen  120  evals= 4920  best=0.6390
        [Trial 0] gen  140  evals= 5740  best=0.6390
        [Trial 0] gen  160  evals= 6560  best=0.6390
        [Trial 0] gen  180  evals= 7380  best=0.6390
        [Trial 0] gen  200  evals= 8200  best=0.6390
        [Trial 0] gen  220  evals= 9020  best=0.6390
        [Trial 0] gen  240  evals= 9840  best=0.6390
        [Trial 0] gen  260  evals=10660  best=0.6390
        [Trial 0] gen  280  evals=11480  best=0.6390
        [Trial 0] gen  300  evals=12300  best=0.6390
        [TRIAL TIMEOUT] Trial 0 total >600s, stopping
        [Done] Trial 0 best=0.6385

  Winner: Trial 0, loss=0.638492 (600s)
    Restarts run: 1
    mu: 24.084788
    D_mu: 0.748913
    T0_mu: 24.596968
    Ly: 3.147789
    op_x: 0.689790
    op_y: 0.713831
    NMSE: 0.042873
  [Saved] random_IR_0151

============================================================
[152/200] random_IR_0152.npz
  GT loss: 0.000000
  terrain_mean=1.214308  early_threshold=0.011536  (alpha=0.0095)
  tolfun=0.00631 tolfunhist=0.00631  (frac=0.0052 of range=1.21)
    --> Trial 0 | pop=41 seed=95072 x0_norm_min=-0.951 x0_norm_max=0.812
        [Trial 0] gen   20  evals=  820  best=0.6866
        [Trial 0] gen   40  evals= 1640  best=0.6604
        [Trial 0] gen   60  evals= 2460  best=0.6529
        [Trial 0] gen   80  evals= 3280  best=0.6420
        [Trial 0] gen  100  evals= 4100  best=0.6376
        [Trial 0] gen  120  evals= 4920  best=0.6375
        [Trial 0] gen  140  evals= 5740  best=0.6190
        [Trial 0] gen  160  evals= 6560  best=0.6129
        [Trial 0] gen  180  evals= 7380  best=0.6129
        [Trial 0] gen  200  evals= 8200  best=0.6129
        [Trial 0] gen  220  evals= 9020  best=0.6129
        [Trial 0] gen  240  evals= 9840  best=0.6124
        [Trial 0] gen  260  evals=10660  best=0.6124
        [Trial 0] gen  280  evals=11480  best=0.6124
        [Done] Trial 0 best=0.6124

  Winner: Trial 0, loss=0.612432 (161s)
    Restarts run: 1
    mu: 46.166869
    D_mu: 12.294695
    T0_mu: 6.016601
    Ly: 3.490898
    op_x: 0.534552
    op_y: 0.510060
    NMSE: 0.003759
  [Saved] random_IR_0152

============================================================
[153/200] random_IR_0153.npz
  GT loss: 0.000000
  terrain_mean=1.148751  early_threshold=0.010913  (alpha=0.0095)
  tolfun=0.00597 tolfunhist=0.00597  (frac=0.0052 of range=1.15)
    --> Trial 0 | pop=41 seed=95072 x0_norm_min=-0.951 x0_norm_max=0.812
        [Trial 0] gen   20  evals=  820  best=0.5928
        [Trial 0] gen   40  evals= 1640  best=0.5834
        [Trial 0] gen   60  evals= 2460  best=0.5619
        [Trial 0] gen   80  evals= 3280  best=0.5619
        [Trial 0] gen  100  evals= 4100  best=0.5619
        [Trial 0] gen  120  evals= 4920  best=0.5619
        [Trial 0] gen  140  evals= 5740  best=0.5619
        [Trial 0] gen  160  evals= 6560  best=0.5619
        [Trial 0] gen  180  evals= 7380  best=0.5619
        [Trial 0] gen  200  evals= 8200  best=0.5615
        [Trial 0] gen  220  evals= 9020  best=0.5514
        [Done] Trial 0 best=0.5514

  Winner: Trial 0, loss=0.551418 (135s)
    Restarts run: 1
    mu: 26.199970
    D_mu: 1.314674
    T0_mu: 1.480503
    Ly: 1.100461
    op_x: 0.510156
    op_y: 0.512716
    NMSE: 0.047395
  [Saved] random_IR_0153

============================================================
[154/200] random_IR_0154.npz
  GT loss: 0.000000
  terrain_mean=1.068992  early_threshold=0.010155  (alpha=0.0095)
  tolfun=0.00556 tolfunhist=0.00556  (frac=0.0052 of range=1.07)
    --> Trial 0 | pop=41 seed=95072 x0_norm_min=-0.951 x0_norm_max=0.812
        [Trial 0] gen   20  evals=  820  best=0.6519
        [Trial 0] gen   40  evals= 1640  best=0.6249
        [Trial 0] gen   60  evals= 2460  best=0.6249
        [Trial 0] gen   80  evals= 3280  best=0.6199
        [Trial 0] gen  100  evals= 4100  best=0.5960
        [Trial 0] gen  120  evals= 4920  best=0.5960
        [Trial 0] gen  140  evals= 5740  best=0.5960
        [Trial 0] gen  160  evals= 6560  best=0.5956
        [Trial 0] gen  180  evals= 7380  best=0.5956
        [Trial 0] gen  200  evals= 8200  best=0.5956
        [Trial 0] gen  220  evals= 9020  best=0.5956
        [Trial 0] gen  240  evals= 9840  best=0.5956
        [Trial 0] gen  260  evals=10660  best=0.5956
        [Trial 0] gen  280  evals=11480  best=0.5925
        [Trial 0] gen  300  evals=12300  best=0.5925
        [Trial 0] gen  320  evals=13120  best=0.5925
        [Trial 0] gen  340  evals=13940  best=0.5899
        [Trial 0] gen  360  evals=14760  best=0.5899
        [TRIAL TIMEOUT] Trial 0 total >600s, stopping
        [Done] Trial 0 best=0.5880

  Winner: Trial 0, loss=0.587971 (601s)
    Restarts run: 1
    mu: 6.976757
    D_mu: 1.143548
    T0_mu: 129.651627
    Ly: 3.779639
    op_x: 0.853271
    op_y: 0.923536
    NMSE: 0.059890
  [Saved] random_IR_0154

============================================================
[155/200] random_IR_0155.npz
  GT loss: 0.000000
  terrain_mean=1.486692  early_threshold=0.014124  (alpha=0.0095)
  tolfun=0.00773 tolfunhist=0.00773  (frac=0.0052 of range=1.49)
    --> Trial 0 | pop=41 seed=95072 x0_norm_min=-0.951 x0_norm_max=0.812
        [Trial 0] gen   20  evals=  820  best=0.6246
        [Trial 0] gen   40  evals= 1640  best=0.6133
        [Trial 0] gen   60  evals= 2460  best=0.6090
        [Trial 0] gen   80  evals= 3280  best=0.6087
        [Trial 0] gen  100  evals= 4100  best=0.6066
        [Trial 0] gen  120  evals= 4920  best=0.5937
        [Trial 0] gen  140  evals= 5740  best=0.5937
        [Trial 0] gen  160  evals= 6560  best=0.5935
        [Trial 0] gen  180  evals= 7380  best=0.5910
        [Trial 0] gen  200  evals= 8200  best=0.5868
        [Trial 0] gen  220  evals= 9020  best=0.5868
        [Trial 0] gen  240  evals= 9840  best=0.5868
        [Trial 0] gen  260  evals=10660  best=0.5868
        [Trial 0] gen  280  evals=11480  best=0.5868
        [Trial 0] gen  300  evals=12300  best=0.5868
        [Done] Trial 0 best=0.5868

  Winner: Trial 0, loss=0.586813 (433s)
    Restarts run: 1
    mu: 14.815124
    D_mu: 1.179102
    T0_mu: 63.118979
    Ly: 2.892904
    op_x: 0.986941
    op_y: 0.902329
    NMSE: 0.025625
  [Saved] random_IR_0155

============================================================
[156/200] random_IR_0156.npz
  GT loss: 0.000000
  terrain_mean=1.102712  early_threshold=0.010476  (alpha=0.0095)
  tolfun=0.00573 tolfunhist=0.00573  (frac=0.0052 of range=1.1)
    --> Trial 0 | pop=41 seed=95072 x0_norm_min=-0.951 x0_norm_max=0.812
        [Trial 0] gen   20  evals=  820  best=0.6440
        [Trial 0] gen   40  evals= 1640  best=0.6281
        [Trial 0] gen   60  evals= 2460  best=0.6236
        [Trial 0] gen   80  evals= 3280  best=0.6236
        [Trial 0] gen  100  evals= 4100  best=0.5914
        [Trial 0] gen  120  evals= 4920  best=0.5914
        [Trial 0] gen  140  evals= 5740  best=0.5914
        [Trial 0] gen  160  evals= 6560  best=0.5914
        [Trial 0] gen  180  evals= 7380  best=0.5914
        [Trial 0] gen  200  evals= 8200  best=0.5914
        [Trial 0] gen  220  evals= 9020  best=0.5914
        [Trial 0] gen  240  evals= 9840  best=0.5914
        [Trial 0] gen  260  evals=10660  best=0.5914
        [Trial 0] gen  280  evals=11480  best=0.5914
        [Trial 0] gen  300  evals=12300  best=0.5914
        [Trial 0] gen  320  evals=13120  best=0.5914
        [Trial 0] gen  340  evals=13940  best=0.5914
        [Trial 0] gen  360  evals=14760  best=0.5914
        [Trial 0] gen  380  evals=15580  best=0.5914
        [Done] Trial 0 best=0.5914

  Winner: Trial 0, loss=0.591357 (596s)
    Restarts run: 1
    mu: 35.904700
    D_mu: 0.999872
    T0_mu: 21.432647
    Ly: 2.950222
    op_x: 0.667929
    op_y: 0.577359
    NMSE: 0.002964
  [Saved] random_IR_0156

============================================================
[157/200] random_IR_0157.npz
  GT loss: 0.000000
  terrain_mean=1.583127  early_threshold=0.015040  (alpha=0.0095)
  tolfun=0.00823 tolfunhist=0.00823  (frac=0.0052 of range=1.58)
    --> Trial 0 | pop=41 seed=95072 x0_norm_min=-0.951 x0_norm_max=0.812
        [Trial 0] gen   20  evals=  820  best=0.7762
        [Trial 0] gen   40  evals= 1640  best=0.7762
        [Trial 0] gen   60  evals= 2460  best=0.7494
        [Trial 0] gen   80  evals= 3280  best=0.7494
        [Trial 0] gen  100  evals= 4100  best=0.7381
        [Trial 0] gen  120  evals= 4920  best=0.7276
        [Trial 0] gen  140  evals= 5740  best=0.7276
        [Trial 0] gen  160  evals= 6560  best=0.7276
        [Trial 0] gen  180  evals= 7380  best=0.7276
        [Trial 0] gen  200  evals= 8200  best=0.7221
        [Trial 0] gen  220  evals= 9020  best=0.7221
        [Trial 0] gen  240  evals= 9840  best=0.7221
        [Trial 0] gen  260  evals=10660  best=0.7221
        [Trial 0] gen  280  evals=11480  best=0.7221
        [Trial 0] gen  300  evals=12300  best=0.7158
        [Trial 0] gen  320  evals=13120  best=0.7090
        [Trial 0] gen  340  evals=13940  best=0.7050
        [Trial 0] gen  360  evals=14760  best=0.7013
        [Done] Trial 0 best=0.6997

  Winner: Trial 0, loss=0.699713 (257s)
    Restarts run: 1
    mu: 12.903602
    D_mu: 2.785697
    T0_mu: 72.088846
    Ly: 2.557880
    op_x: 0.999998
    op_y: 0.832544
    NMSE: 0.077433
  [Saved] random_IR_0157

============================================================
[158/200] random_IR_0158.npz
  GT loss: 0.000000
  terrain_mean=1.451190  early_threshold=0.013786  (alpha=0.0095)
  tolfun=0.00755 tolfunhist=0.00755  (frac=0.0052 of range=1.45)
    --> Trial 0 | pop=41 seed=95072 x0_norm_min=-0.951 x0_norm_max=0.812
        [Trial 0] gen   20  evals=  820  best=0.6532
        [Trial 0] gen   40  evals= 1640  best=0.6504
        [Trial 0] gen   60  evals= 2460  best=0.6356
        [Trial 0] gen   80  evals= 3280  best=0.6157
        [Trial 0] gen  100  evals= 4100  best=0.6152
        [Trial 0] gen  120  evals= 4920  best=0.6152
        [Trial 0] gen  140  evals= 5740  best=0.6152
        [Trial 0] gen  160  evals= 6560  best=0.6152
        [Trial 0] gen  180  evals= 7380  best=0.6152
        [Trial 0] gen  200  evals= 8200  best=0.6152
        [Trial 0] gen  220  evals= 9020  best=0.6152
        [Trial 0] gen  240  evals= 9840  best=0.6152
        [Trial 0] gen  260  evals=10660  best=0.6152
        [Trial 0] gen  280  evals=11480  best=0.6082
        [Done] Trial 0 best=0.6082

  Winner: Trial 0, loss=0.608232 (149s)
    Restarts run: 1
    mu: 27.261271
    D_mu: 6.267758
    T0_mu: 0.176739
    Ly: 2.343914
    op_x: 0.597015
    op_y: 0.999853
    NMSE: 0.124214
  [Saved] random_IR_0158

============================================================
[159/200] random_IR_0159.npz
  GT loss: 0.000000
  terrain_mean=1.124064  early_threshold=0.010679  (alpha=0.0095)
  tolfun=0.00585 tolfunhist=0.00585  (frac=0.0052 of range=1.12)
    --> Trial 0 | pop=41 seed=95072 x0_norm_min=-0.951 x0_norm_max=0.812
        [Trial 0] gen   20  evals=  820  best=0.6318
        [Trial 0] gen   40  evals= 1640  best=0.6224
        [Trial 0] gen   60  evals= 2460  best=0.6224
        [Trial 0] gen   80  evals= 3280  best=0.6224
        [Trial 0] gen  100  evals= 4100  best=0.6224
        [Trial 0] gen  120  evals= 4920  best=0.6224
        [Trial 0] gen  140  evals= 5740  best=0.6224
        [Trial 0] gen  160  evals= 6560  best=0.6224
        [Trial 0] gen  180  evals= 7380  best=0.6224
        [Trial 0] gen  200  evals= 8200  best=0.6224
        [Trial 0] gen  220  evals= 9020  best=0.6222
        [Trial 0] gen  240  evals= 9840  best=0.6222
        [Trial 0] gen  260  evals=10660  best=0.6179
        [Done] Trial 0 best=0.6179

  Winner: Trial 0, loss=0.617891 (352s)
    Restarts run: 1
    mu: 41.443605
    D_mu: 1.887004
    T0_mu: 4.791830
    Ly: 3.603266
    op_x: 0.561535
    op_y: 0.849157
    NMSE: 0.068289
  [Saved] random_IR_0159

============================================================
[160/200] random_IR_0160.npz
  GT loss: 0.000000
  terrain_mean=1.277876  early_threshold=0.012140  (alpha=0.0095)
  tolfun=0.00664 tolfunhist=0.00664  (frac=0.0052 of range=1.28)
    --> Trial 0 | pop=41 seed=95072 x0_norm_min=-0.951 x0_norm_max=0.812
        [Trial 0] gen   20  evals=  820  best=0.6411
        [Trial 0] gen   40  evals= 1640  best=0.6332
        [Trial 0] gen   60  evals= 2460  best=0.6212
        [Trial 0] gen   80  evals= 3280  best=0.6195
        [Trial 0] gen  100  evals= 4100  best=0.6195
        [Trial 0] gen  120  evals= 4920  best=0.6195
        [Trial 0] gen  140  evals= 5740  best=0.6195
        [Trial 0] gen  160  evals= 6560  best=0.6195
        [Trial 0] gen  180  evals= 7380  best=0.6195
        [Trial 0] gen  200  evals= 8200  best=0.6195
        [Trial 0] gen  220  evals= 9020  best=0.6195
        [Trial 0] gen  240  evals= 9840  best=0.6195
        [Trial 0] gen  260  evals=10660  best=0.6195
        [Trial 0] gen  280  evals=11480  best=0.6195
        [Trial 0] gen  300  evals=12300  best=0.6157
        [Done] Trial 0 best=0.6140

  Winner: Trial 0, loss=0.613954 (138s)
    Restarts run: 1
    mu: 20.136973
    D_mu: 20.794312
    T0_mu: 11.871804
    Ly: 3.150637
    op_x: 0.764954
    op_y: 0.985310
    NMSE: 0.082074
  [Saved] random_IR_0160

============================================================
[161/200] random_IR_0161.npz
  GT loss: 0.000000
  terrain_mean=1.910076  early_threshold=0.018146  (alpha=0.0095)
  tolfun=0.00993 tolfunhist=0.00993  (frac=0.0052 of range=1.91)
    --> Trial 0 | pop=41 seed=95072 x0_norm_min=-0.951 x0_norm_max=0.812
        [Trial 0] gen   20  evals=  820  best=0.7386
        [Trial 0] gen   40  evals= 1640  best=0.6697
        [Trial 0] gen   60  evals= 2460  best=0.6378
        [Trial 0] gen   80  evals= 3280  best=0.6378
        [Trial 0] gen  100  evals= 4100  best=0.6378
        [Trial 0] gen  120  evals= 4920  best=0.6378
        [Trial 0] gen  140  evals= 5740  best=0.6378
        [Trial 0] gen  160  evals= 6560  best=0.6378
        [Trial 0] gen  180  evals= 7380  best=0.6378
        [Trial 0] gen  200  evals= 8200  best=0.6378
        [Trial 0] gen  220  evals= 9020  best=0.6378
        [Trial 0] gen  240  evals= 9840  best=0.6378
        [Trial 0] gen  260  evals=10660  best=0.6378
        [Trial 0] gen  280  evals=11480  best=0.6378
        [Trial 0] gen  300  evals=12300  best=0.6378
        [Trial 0] gen  320  evals=13120  best=0.6378
        [Trial 0] gen  340  evals=13940  best=0.6378
        [Trial 0] gen  360  evals=14760  best=0.6378
        [Trial 0] gen  380  evals=15580  best=0.6378
        [Trial 0] gen  400  evals=16400  best=0.6378
        [Trial 0] gen  420  evals=17220  best=0.6378
        [Trial 0] gen  440  evals=18040  best=0.6378
        [Trial 0] gen  460  evals=18860  best=0.6378
        [Trial 0] gen  480  evals=19680  best=0.6378
        [Done] Trial 0 best=0.6378

  Winner: Trial 0, loss=0.637823 (169s)
    Restarts run: 1
    mu: 18.729323
    D_mu: 3.944091
    T0_mu: 46.033605
    Ly: 1.354186
    op_x: 0.998559
    op_y: 0.997521
    NMSE: 0.050281
  [Saved] random_IR_0161

============================================================
[162/200] random_IR_0162.npz
  GT loss: 0.000000
  terrain_mean=1.452424  early_threshold=0.013798  (alpha=0.0095)
  tolfun=0.00755 tolfunhist=0.00755  (frac=0.0052 of range=1.45)
    --> Trial 0 | pop=41 seed=95072 x0_norm_min=-0.951 x0_norm_max=0.812
        [Trial 0] gen   20  evals=  820  best=0.7255
        [Trial 0] gen   40  evals= 1640  best=0.7149
        [Trial 0] gen   60  evals= 2460  best=0.7149
        [Trial 0] gen   80  evals= 3280  best=0.7106
        [Trial 0] gen  100  evals= 4100  best=0.7047
        [Trial 0] gen  120  evals= 4920  best=0.7047
        [Trial 0] gen  140  evals= 5740  best=0.6789
        [Trial 0] gen  160  evals= 6560  best=0.6789
        [Trial 0] gen  180  evals= 7380  best=0.6765
        [Trial 0] gen  200  evals= 8200  best=0.6729
        [Trial 0] gen  220  evals= 9020  best=0.6729
        [Trial 0] gen  240  evals= 9840  best=0.6672
        [Trial 0] gen  260  evals=10660  best=0.6621
        [Done] Trial 0 best=0.6621

  Winner: Trial 0, loss=0.662115 (270s)
    Restarts run: 1
    mu: 21.354994
    D_mu: 0.983412
    T0_mu: 36.477577
    Ly: 2.254970
    op_x: 0.653866
    op_y: 0.999906
    NMSE: 0.173967
  [Saved] random_IR_0162

============================================================
[163/200] random_IR_0163.npz
  GT loss: 0.000000
  terrain_mean=1.230394  early_threshold=0.011689  (alpha=0.0095)
  tolfun=0.0064 tolfunhist=0.0064  (frac=0.0052 of range=1.23)
    --> Trial 0 | pop=41 seed=95072 x0_norm_min=-0.951 x0_norm_max=0.812
        [Trial 0] gen   20  evals=  820  best=0.7107
        [Trial 0] gen   40  evals= 1640  best=0.7107
        [Trial 0] gen   60  evals= 2460  best=0.7107
        [Trial 0] gen   80  evals= 3280  best=0.7107
        [Trial 0] gen  100  evals= 4100  best=0.7107
        [Trial 0] gen  120  evals= 4920  best=0.7107
        [Trial 0] gen  140  evals= 5740  best=0.7064
        [Trial 0] gen  160  evals= 6560  best=0.7051
        [Trial 0] gen  180  evals= 7380  best=0.7031
        [Trial 0] gen  200  evals= 8200  best=0.7012
        [Done] Trial 0 best=0.7012

  Winner: Trial 0, loss=0.701151 (225s)
    Restarts run: 1
    mu: 11.317522
    D_mu: 2.365767
    T0_mu: 76.044569
    Ly: 3.207085
    op_x: 0.528966
    op_y: 0.534330
    NMSE: 0.106830
  [Saved] random_IR_0163

============================================================
[164/200] random_IR_0164.npz
  GT loss: 0.000000
  terrain_mean=1.113449  early_threshold=0.010578  (alpha=0.0095)
  tolfun=0.00579 tolfunhist=0.00579  (frac=0.0052 of range=1.11)
    --> Trial 0 | pop=41 seed=95072 x0_norm_min=-0.951 x0_norm_max=0.812
        [Trial 0] gen   20  evals=  820  best=0.6869
        [Trial 0] gen   40  evals= 1640  best=0.6855
        [Trial 0] gen   60  evals= 2460  best=0.6855
        [Trial 0] gen   80  evals= 3280  best=0.6715
        [Trial 0] gen  100  evals= 4100  best=0.6715
        [Trial 0] gen  120  evals= 4920  best=0.6715
        [Trial 0] gen  140  evals= 5740  best=0.6694
        [Trial 0] gen  160  evals= 6560  best=0.6689
        [Trial 0] gen  180  evals= 7380  best=0.6602
        [Trial 0] gen  200  evals= 8200  best=0.6542
        [Done] Trial 0 best=0.6542

  Winner: Trial 0, loss=0.654191 (355s)
    Restarts run: 1
    mu: 19.379470
    D_mu: 0.406135
    T0_mu: 32.744001
    Ly: 2.414826
    op_x: 0.525904
    op_y: 0.657736
    NMSE: 0.022323
  [Saved] random_IR_0164

============================================================
[165/200] random_IR_0165.npz
  GT loss: 0.000000
  terrain_mean=1.065841  early_threshold=0.010125  (alpha=0.0095)
  tolfun=0.00554 tolfunhist=0.00554  (frac=0.0052 of range=1.07)
    --> Trial 0 | pop=41 seed=95072 x0_norm_min=-0.951 x0_norm_max=0.812
        [Trial 0] gen   20  evals=  820  best=0.6825
        [Trial 0] gen   40  evals= 1640  best=0.6732
        [Trial 0] gen   60  evals= 2460  best=0.6601
        [Trial 0] gen   80  evals= 3280  best=0.6601
        [Trial 0] gen  100  evals= 4100  best=0.6601
        [Trial 0] gen  120  evals= 4920  best=0.6601
        [Trial 0] gen  140  evals= 5740  best=0.6597
        [Trial 0] gen  160  evals= 6560  best=0.6597
        [Trial 0] gen  180  evals= 7380  best=0.6597
        [Trial 0] gen  200  evals= 8200  best=0.6552
        [Trial 0] gen  220  evals= 9020  best=0.6492
        [Trial 0] gen  240  evals= 9840  best=0.6465
        [Trial 0] gen  260  evals=10660  best=0.6390
        [Done] Trial 0 best=0.6390

  Winner: Trial 0, loss=0.638998 (567s)
    Restarts run: 1
    mu: 19.530583
    D_mu: 0.470115
    T0_mu: 39.154360
    Ly: 3.029695
    op_x: 0.615860
    op_y: 0.723968
    NMSE: 0.060255
  [Saved] random_IR_0165

============================================================
[166/200] random_IR_0166.npz
  GT loss: 0.000000
  terrain_mean=0.992518  early_threshold=0.009429  (alpha=0.0095)
  tolfun=0.00516 tolfunhist=0.00516  (frac=0.0052 of range=0.993)
    --> Trial 0 | pop=41 seed=95072 x0_norm_min=-0.951 x0_norm_max=0.812
        [Trial 0] gen   20  evals=  820  best=0.6447
        [Trial 0] gen   40  evals= 1640  best=0.6391
        [Trial 0] gen   60  evals= 2460  best=0.6356
        [Trial 0] gen   80  evals= 3280  best=0.6356
        [Trial 0] gen  100  evals= 4100  best=0.6213
        [Trial 0] gen  120  evals= 4920  best=0.6213
        [Trial 0] gen  140  evals= 5740  best=0.6213
        [Trial 0] gen  160  evals= 6560  best=0.6213
        [Trial 0] gen  180  evals= 7380  best=0.6213
        [Trial 0] gen  200  evals= 8200  best=0.6209
        [Trial 0] gen  220  evals= 9020  best=0.6205
        [Trial 0] gen  240  evals= 9840  best=0.6205
        [Trial 0] gen  260  evals=10660  best=0.6152
        [Done] Trial 0 best=0.6152

  Winner: Trial 0, loss=0.615227 (253s)
    Restarts run: 1
    mu: 6.197061
    D_mu: 4.227867
    T0_mu: 130.611411
    Ly: 3.786497
    op_x: 0.667734
    op_y: 0.736244
    NMSE: 0.049523
  [Saved] random_IR_0166

============================================================
[167/200] random_IR_0167.npz
  GT loss: 0.000000
  terrain_mean=1.153593  early_threshold=0.010959  (alpha=0.0095)
  tolfun=0.006 tolfunhist=0.006  (frac=0.0052 of range=1.15)
    --> Trial 0 | pop=41 seed=95072 x0_norm_min=-0.951 x0_norm_max=0.812
        [Trial 0] gen   20  evals=  820  best=0.7978
        [Trial 0] gen   40  evals= 1640  best=0.7854
        [Trial 0] gen   60  evals= 2460  best=0.7756
        [Trial 0] gen   80  evals= 3280  best=0.7756
        [Trial 0] gen  100  evals= 4100  best=0.7756
        [Trial 0] gen  120  evals= 4920  best=0.7574
        [Trial 0] gen  140  evals= 5740  best=0.7574
        [Trial 0] gen  160  evals= 6560  best=0.7574
        [Trial 0] gen  180  evals= 7380  best=0.7574
        [Done] Trial 0 best=0.7574

  Winner: Trial 0, loss=0.757397 (314s)
    Restarts run: 1
    mu: 12.632292
    D_mu: 0.727739
    T0_mu: 66.591918
    Ly: 2.983738
    op_x: 0.865652
    op_y: 0.713130
    NMSE: 0.095645
  [Saved] random_IR_0167

============================================================
[168/200] random_IR_0168.npz
  GT loss: 0.000000
  terrain_mean=1.500344  early_threshold=0.014253  (alpha=0.0095)
  tolfun=0.0078 tolfunhist=0.0078  (frac=0.0052 of range=1.5)
    --> Trial 0 | pop=41 seed=95072 x0_norm_min=-0.951 x0_norm_max=0.812
        [Trial 0] gen   20  evals=  820  best=0.6686
        [Trial 0] gen   40  evals= 1640  best=0.5886
        [Trial 0] gen   60  evals= 2460  best=0.5886
        [Trial 0] gen   80  evals= 3280  best=0.5886
        [Trial 0] gen  100  evals= 4100  best=0.5886
        [Trial 0] gen  120  evals= 4920  best=0.5886
        [Trial 0] gen  140  evals= 5740  best=0.5886
        [Trial 0] gen  160  evals= 6560  best=0.5886
        [Trial 0] gen  180  evals= 7380  best=0.5886
        [Trial 0] gen  200  evals= 8200  best=0.5886
        [Trial 0] gen  220  evals= 9020  best=0.5886
        [Trial 0] gen  240  evals= 9840  best=0.5886
        [Trial 0] gen  260  evals=10660  best=0.5886
        [Trial 0] gen  280  evals=11480  best=0.5886
        [Trial 0] gen  300  evals=12300  best=0.5886
        [Done] Trial 0 best=0.5886

  Winner: Trial 0, loss=0.588561 (150s)
    Restarts run: 1
    mu: 4.126802
    D_mu: 6.066623
    T0_mu: 37.476652
    Ly: 3.575546
    op_x: 0.999948
    op_y: 0.938157
    NMSE: 0.013554
  [Saved] random_IR_0168

============================================================
[169/200] random_IR_0169.npz
  GT loss: 0.000000
  terrain_mean=1.385133  early_threshold=0.013159  (alpha=0.0095)
  tolfun=0.0072 tolfunhist=0.0072  (frac=0.0052 of range=1.39)
    --> Trial 0 | pop=41 seed=95072 x0_norm_min=-0.951 x0_norm_max=0.812
        [Trial 0] gen   20  evals=  820  best=0.6532
        [Trial 0] gen   40  evals= 1640  best=0.6532
        [Trial 0] gen   60  evals= 2460  best=0.6399
        [Trial 0] gen   80  evals= 3280  best=0.6398
        [Trial 0] gen  100  evals= 4100  best=0.6398
        [Trial 0] gen  120  evals= 4920  best=0.6352
        [Trial 0] gen  140  evals= 5740  best=0.6352
        [Trial 0] gen  160  evals= 6560  best=0.6352
        [Trial 0] gen  180  evals= 7380  best=0.6352
        [Trial 0] gen  200  evals= 8200  best=0.6256
        [Trial 0] gen  220  evals= 9020  best=0.6256
        [Trial 0] gen  240  evals= 9840  best=0.6256
        [Trial 0] gen  260  evals=10660  best=0.6256
        [Trial 0] gen  280  evals=11480  best=0.6256
        [Trial 0] gen  300  evals=12300  best=0.6256
        [Trial 0] gen  320  evals=13120  best=0.6256
        [Trial 0] gen  340  evals=13940  best=0.6256
        [Trial 0] gen  360  evals=14760  best=0.6255
        [Done] Trial 0 best=0.6255

  Winner: Trial 0, loss=0.625535 (125s)
    Restarts run: 1
    mu: 41.221616
    D_mu: 41.329331
    T0_mu: 10.676090
    Ly: 3.355325
    op_x: 0.958602
    op_y: 0.825115
    NMSE: 0.049875
  [Saved] random_IR_0169

============================================================
[170/200] random_IR_0170.npz
  GT loss: 0.000000
  terrain_mean=1.336839  early_threshold=0.012700  (alpha=0.0095)
  tolfun=0.00695 tolfunhist=0.00695  (frac=0.0052 of range=1.34)
    --> Trial 0 | pop=41 seed=95072 x0_norm_min=-0.951 x0_norm_max=0.812
        [Trial 0] gen   20  evals=  820  best=0.6197
        [Trial 0] gen   40  evals= 1640  best=0.5881
        [Trial 0] gen   60  evals= 2460  best=0.5881
        [Trial 0] gen   80  evals= 3280  best=0.5881
        [Trial 0] gen  100  evals= 4100  best=0.5881
        [Trial 0] gen  120  evals= 4920  best=0.5832
        [Trial 0] gen  140  evals= 5740  best=0.5832
        [Trial 0] gen  160  evals= 6560  best=0.5818
        [Trial 0] gen  180  evals= 7380  best=0.5801
        [Trial 0] gen  200  evals= 8200  best=0.5788
        [Trial 0] gen  220  evals= 9020  best=0.5696
        [Trial 0] gen  240  evals= 9840  best=0.5696
        [Done] Trial 0 best=0.5696

  Winner: Trial 0, loss=0.569553 (173s)
    Restarts run: 1
    mu: 47.681306
    D_mu: 9.485519
    T0_mu: 14.691606
    Ly: 3.920518
    op_x: 0.783874
    op_y: 0.986908
    NMSE: 0.080955
  [Saved] random_IR_0170

============================================================
[171/200] random_IR_0171.npz
  GT loss: 0.000000
  terrain_mean=1.214973  early_threshold=0.011542  (alpha=0.0095)
  tolfun=0.00632 tolfunhist=0.00632  (frac=0.0052 of range=1.21)
    --> Trial 0 | pop=41 seed=95072 x0_norm_min=-0.951 x0_norm_max=0.812
        [Trial 0] gen   20  evals=  820  best=0.6660
        [Trial 0] gen   40  evals= 1640  best=0.6660
        [Trial 0] gen   60  evals= 2460  best=0.6660
        [Trial 0] gen   80  evals= 3280  best=0.6652
        [Trial 0] gen  100  evals= 4100  best=0.6652
        [Trial 0] gen  120  evals= 4920  best=0.6652
        [Trial 0] gen  140  evals= 5740  best=0.6652
        [Trial 0] gen  160  evals= 6560  best=0.6652
        [Trial 0] gen  180  evals= 7380  best=0.6652
        [Trial 0] gen  200  evals= 8200  best=0.6652
        [Trial 0] gen  220  evals= 9020  best=0.6652
        [Trial 0] gen  240  evals= 9840  best=0.6652
        [Trial 0] gen  260  evals=10660  best=0.6652
        [Trial 0] gen  280  evals=11480  best=0.6641
        [Trial 0] gen  300  evals=12300  best=0.6641
        [Trial 0] gen  320  evals=13120  best=0.6641
        [Trial 0] gen  340  evals=13940  best=0.6641
        [Trial 0] gen  360  evals=14760  best=0.6641
        [Trial 0] gen  380  evals=15580  best=0.6641
        [Trial 0] gen  400  evals=16400  best=0.6641
        [Trial 0] gen  420  evals=17220  best=0.6641
        [Trial 0] gen  440  evals=18040  best=0.6641
        [Trial 0] gen  460  evals=18860  best=0.6641
        [TRIAL TIMEOUT] Trial 0 total >600s, stopping
        [Done] Trial 0 best=0.6641

  Winner: Trial 0, loss=0.664104 (601s)
    Restarts run: 1
    mu: 33.659408
    D_mu: 1.773432
    T0_mu: 15.957938
    Ly: 3.474480
    op_x: 0.530655
    op_y: 0.883806
    NMSE: 0.050221
  [Saved] random_IR_0171

============================================================
[172/200] random_IR_0172.npz
  GT loss: 0.000000
  terrain_mean=1.090464  early_threshold=0.010359  (alpha=0.0095)
  tolfun=0.00567 tolfunhist=0.00567  (frac=0.0052 of range=1.09)
    --> Trial 0 | pop=41 seed=95072 x0_norm_min=-0.951 x0_norm_max=0.812
        [Trial 0] gen   20  evals=  820  best=0.6701
        [Trial 0] gen   40  evals= 1640  best=0.6701
        [Trial 0] gen   60  evals= 2460  best=0.6616
        [Trial 0] gen   80  evals= 3280  best=0.6526
        [Trial 0] gen  100  evals= 4100  best=0.6194
        [Trial 0] gen  120  evals= 4920  best=0.6194
        [Trial 0] gen  140  evals= 5740  best=0.6194
        [Trial 0] gen  160  evals= 6560  best=0.6194
        [Trial 0] gen  180  evals= 7380  best=0.6194
        [Trial 0] gen  200  evals= 8200  best=0.6194
        [Trial 0] gen  220  evals= 9020  best=0.6194
        [Trial 0] gen  240  evals= 9840  best=0.6194
        [Trial 0] gen  260  evals=10660  best=0.6194
        [Trial 0] gen  280  evals=11480  best=0.6194
        [Trial 0] gen  300  evals=12300  best=0.6194
        [Trial 0] gen  320  evals=13120  best=0.6194
        [Trial 0] gen  340  evals=13940  best=0.6194
        [Trial 0] gen  360  evals=14760  best=0.6194
        [Trial 0] gen  380  evals=15580  best=0.6194
        [Trial 0] gen  400  evals=16400  best=0.6194
        [Trial 0] gen  420  evals=17220  best=0.6194
        [Done] Trial 0 best=0.6194

  Winner: Trial 0, loss=0.619406 (336s)
    Restarts run: 1
    mu: 11.135007
    D_mu: 1.168873
    T0_mu: 42.809398
    Ly: 3.972954
    op_x: 0.953932
    op_y: 0.787560
    NMSE: 0.097131
  [Saved] random_IR_0172

============================================================
[173/200] random_IR_0173.npz
  GT loss: 0.000000
  terrain_mean=1.371057  early_threshold=0.013025  (alpha=0.0095)
  tolfun=0.00713 tolfunhist=0.00713  (frac=0.0052 of range=1.37)
    --> Trial 0 | pop=41 seed=95072 x0_norm_min=-0.951 x0_norm_max=0.812
        [Trial 0] gen   20  evals=  820  best=0.7277
        [Trial 0] gen   40  evals= 1640  best=0.7277
        [Trial 0] gen   60  evals= 2460  best=0.7204
        [Trial 0] gen   80  evals= 3280  best=0.7184
        [Trial 0] gen  100  evals= 4100  best=0.7153
        [Trial 0] gen  120  evals= 4920  best=0.7130
        [Trial 0] gen  140  evals= 5740  best=0.7130
        [Trial 0] gen  160  evals= 6560  best=0.7061
        [Trial 0] gen  180  evals= 7380  best=0.7061
        [Trial 0] gen  200  evals= 8200  best=0.7061
        [Trial 0] gen  220  evals= 9020  best=0.7061
        [Trial 0] gen  240  evals= 9840  best=0.7061
        [Trial 0] gen  260  evals=10660  best=0.7054
        [Done] Trial 0 best=0.7051

  Winner: Trial 0, loss=0.705108 (599s)
    Restarts run: 1
    mu: 32.646131
    D_mu: 0.721305
    T0_mu: 6.856192
    Ly: 3.578035
    op_x: 0.727149
    op_y: 0.739083
    NMSE: 0.059875
  [Saved] random_IR_0173

============================================================
[174/200] random_IR_0174.npz
  GT loss: 0.000000
  terrain_mean=1.048555  early_threshold=0.009961  (alpha=0.0095)
  tolfun=0.00545 tolfunhist=0.00545  (frac=0.0052 of range=1.05)
    --> Trial 0 | pop=41 seed=95072 x0_norm_min=-0.951 x0_norm_max=0.812
        [Trial 0] gen   20  evals=  820  best=0.5993
        [Trial 0] gen   40  evals= 1640  best=0.5932
        [Trial 0] gen   60  evals= 2460  best=0.5926
        [Trial 0] gen   80  evals= 3280  best=0.5901
        [Trial 0] gen  100  evals= 4100  best=0.5901
        [Trial 0] gen  120  evals= 4920  best=0.5901
        [Trial 0] gen  140  evals= 5740  best=0.5901
        [Trial 0] gen  160  evals= 6560  best=0.5901
        [Trial 0] gen  180  evals= 7380  best=0.5842
        [Trial 0] gen  200  evals= 8200  best=0.5842
        [Trial 0] gen  220  evals= 9020  best=0.5807
        [Trial 0] gen  240  evals= 9840  best=0.5793
        [Done] Trial 0 best=0.5793

  Winner: Trial 0, loss=0.579298 (300s)
    Restarts run: 1
    mu: 18.686651
    D_mu: 0.383899
    T0_mu: 45.101577
    Ly: 1.406060
    op_x: 0.532210
    op_y: 0.559782
    NMSE: 0.116764
  [Saved] random_IR_0174

============================================================
[175/200] random_IR_0175.npz
  GT loss: 0.000000
  terrain_mean=0.971400  early_threshold=0.009228  (alpha=0.0095)
  tolfun=0.00505 tolfunhist=0.00505  (frac=0.0052 of range=0.971)
    --> Trial 0 | pop=41 seed=95072 x0_norm_min=-0.951 x0_norm_max=0.812
        [Trial 0] gen   20  evals=  820  best=0.6604
        [Trial 0] gen   40  evals= 1640  best=0.6524
        [Trial 0] gen   60  evals= 2460  best=0.6472
        [Trial 0] gen   80  evals= 3280  best=0.6416
        [Trial 0] gen  100  evals= 4100  best=0.6416
        [Trial 0] gen  120  evals= 4920  best=0.6405
        [Trial 0] gen  140  evals= 5740  best=0.6405
        [Trial 0] gen  160  evals= 6560  best=0.6358
        [Trial 0] gen  180  evals= 7380  best=0.6358
        [Trial 0] gen  200  evals= 8200  best=0.6358
        [Trial 0] gen  220  evals= 9020  best=0.6358
        [Trial 0] gen  240  evals= 9840  best=0.6358
        [Trial 0] gen  260  evals=10660  best=0.6311
        [Trial 0] gen  280  evals=11480  best=0.6303
        [Trial 0] gen  300  evals=12300  best=0.6274
        [Trial 0] gen  320  evals=13120  best=0.6274
        [Trial 0] gen  340  evals=13940  best=0.6258
        [Trial 0] gen  360  evals=14760  best=0.6188
        [Trial 0] gen  380  evals=15580  best=0.6154
        [Trial 0] gen  400  evals=16400  best=0.6154
        [Done] Trial 0 best=0.6154

  Winner: Trial 0, loss=0.615449 (367s)
    Restarts run: 1
    mu: 5.930308
    D_mu: 1.529380
    T0_mu: 168.616371
    Ly: 2.120296
    op_x: 0.899953
    op_y: 0.865878
    NMSE: 0.197586
  [Saved] random_IR_0175

============================================================
[176/200] random_IR_0176.npz
  GT loss: 0.000000
  terrain_mean=1.037799  early_threshold=0.009859  (alpha=0.0095)
  tolfun=0.0054 tolfunhist=0.0054  (frac=0.0052 of range=1.04)
    --> Trial 0 | pop=41 seed=95072 x0_norm_min=-0.951 x0_norm_max=0.812
        [Trial 0] gen   20  evals=  820  best=0.6226
        [Trial 0] gen   40  evals= 1640  best=0.6226
        [Trial 0] gen   60  evals= 2460  best=0.6212
        [Trial 0] gen   80  evals= 3280  best=0.6212
        [Trial 0] gen  100  evals= 4100  best=0.6212
        [Trial 0] gen  120  evals= 4920  best=0.6212
        [Trial 0] gen  140  evals= 5740  best=0.6212
        [Trial 0] gen  160  evals= 6560  best=0.6212
        [Trial 0] gen  180  evals= 7380  best=0.6212
        [Trial 0] gen  200  evals= 8200  best=0.6212
        [Trial 0] gen  220  evals= 9020  best=0.6212
        [Trial 0] gen  240  evals= 9840  best=0.6212
        [Trial 0] gen  260  evals=10660  best=0.6212
        [Trial 0] gen  280  evals=11480  best=0.6212
        [Trial 0] gen  300  evals=12300  best=0.6212
        [Trial 0] gen  320  evals=13120  best=0.6212
        [Trial 0] gen  340  evals=13940  best=0.6212
        [Trial 0] gen  360  evals=14760  best=0.6212
        [Done] Trial 0 best=0.6212

  Winner: Trial 0, loss=0.621237 (200s)
    Restarts run: 1
    mu: 38.721984
    D_mu: 1.072794
    T0_mu: 18.467922
    Ly: 2.208044
    op_x: 0.681822
    op_y: 0.547593
    NMSE: 0.016335
  [Saved] random_IR_0176

============================================================
[177/200] random_IR_0177.npz
  GT loss: 0.000000
  terrain_mean=1.129106  early_threshold=0.010727  (alpha=0.0095)
  tolfun=0.00587 tolfunhist=0.00587  (frac=0.0052 of range=1.13)
    --> Trial 0 | pop=41 seed=95072 x0_norm_min=-0.951 x0_norm_max=0.812
        [Trial 0] gen   20  evals=  820  best=0.6410
        [Trial 0] gen   40  evals= 1640  best=0.6410
        [Trial 0] gen   60  evals= 2460  best=0.6123
        [Trial 0] gen   80  evals= 3280  best=0.6123
        [Trial 0] gen  100  evals= 4100  best=0.6123
        [Trial 0] gen  120  evals= 4920  best=0.6123
        [Trial 0] gen  140  evals= 5740  best=0.6123
        [Trial 0] gen  160  evals= 6560  best=0.6123
        [Trial 0] gen  180  evals= 7380  best=0.6123
        [Trial 0] gen  200  evals= 8200  best=0.6123
        [Trial 0] gen  220  evals= 9020  best=0.6123
        [Trial 0] gen  240  evals= 9840  best=0.6123
        [Trial 0] gen  260  evals=10660  best=0.6123
        [Trial 0] gen  280  evals=11480  best=0.6123
        [Trial 0] gen  300  evals=12300  best=0.6123
        [Trial 0] gen  320  evals=13120  best=0.6123
        [Trial 0] gen  340  evals=13940  best=0.6123
        [Trial 0] gen  360  evals=14760  best=0.6112
        [Done] Trial 0 best=0.6112

  Winner: Trial 0, loss=0.611250 (325s)
    Restarts run: 1
    mu: 22.302681
    D_mu: 0.616500
    T0_mu: 0.492754
    Ly: 1.406132
    op_x: 0.512173
    op_y: 0.605778
    NMSE: 0.028724
  [Saved] random_IR_0177

============================================================
[178/200] random_IR_0178.npz
  GT loss: 0.000000
  terrain_mean=0.980326  early_threshold=0.009313  (alpha=0.0095)
  tolfun=0.0051 tolfunhist=0.0051  (frac=0.0052 of range=0.98)
    --> Trial 0 | pop=41 seed=95072 x0_norm_min=-0.951 x0_norm_max=0.812
        [Trial 0] gen   20  evals=  820  best=0.6113
        [Trial 0] gen   40  evals= 1640  best=0.6030
        [Trial 0] gen   60  evals= 2460  best=0.6030
        [Trial 0] gen   80  evals= 3280  best=0.5980
        [Trial 0] gen  100  evals= 4100  best=0.5980
        [Trial 0] gen  120  evals= 4920  best=0.5980
        [Trial 0] gen  140  evals= 5740  best=0.5980
        [Trial 0] gen  160  evals= 6560  best=0.5980
        [Trial 0] gen  180  evals= 7380  best=0.5980
        [Trial 0] gen  200  evals= 8200  best=0.5980
        [Trial 0] gen  220  evals= 9020  best=0.5980
        [Trial 0] gen  240  evals= 9840  best=0.5980
        [Trial 0] gen  260  evals=10660  best=0.5980
        [Trial 0] gen  280  evals=11480  best=0.5939
        [Trial 0] gen  300  evals=12300  best=0.5939
        [Trial 0] gen  320  evals=13120  best=0.5921
        [Trial 0] gen  340  evals=13940  best=0.5909
        [Done] Trial 0 best=0.5909

  Winner: Trial 0, loss=0.590885 (272s)
    Restarts run: 1
    mu: 6.479965
    D_mu: 1.355403
    T0_mu: 84.293578
    Ly: 1.589501
    op_x: 0.581400
    op_y: 0.726861
    NMSE: 0.105405
  [Saved] random_IR_0178

============================================================
[179/200] random_IR_0179.npz
  GT loss: 0.000000
  terrain_mean=0.996509  early_threshold=0.009467  (alpha=0.0095)
  tolfun=0.00518 tolfunhist=0.00518  (frac=0.0052 of range=0.997)
    --> Trial 0 | pop=41 seed=95072 x0_norm_min=-0.951 x0_norm_max=0.812
        [Trial 0] gen   20  evals=  820  best=0.6338
        [Trial 0] gen   40  evals= 1640  best=0.6338
        [Trial 0] gen   60  evals= 2460  best=0.6289
        [Trial 0] gen   80  evals= 3280  best=0.6289
        [Trial 0] gen  100  evals= 4100  best=0.6217
        [Trial 0] gen  120  evals= 4920  best=0.6217
        [Trial 0] gen  140  evals= 5740  best=0.6217
        [Trial 0] gen  160  evals= 6560  best=0.6217
        [Trial 0] gen  180  evals= 7380  best=0.6217
        [Trial 0] gen  200  evals= 8200  best=0.6217
        [Trial 0] gen  220  evals= 9020  best=0.6217
        [Trial 0] gen  240  evals= 9840  best=0.6217
        [Trial 0] gen  260  evals=10660  best=0.6217
        [Trial 0] gen  280  evals=11480  best=0.6217
        [Trial 0] gen  300  evals=12300  best=0.6217
        [Trial 0] gen  320  evals=13120  best=0.6217
        [Trial 0] gen  340  evals=13940  best=0.6217
        [Trial 0] gen  360  evals=14760  best=0.6217
        [Trial 0] gen  380  evals=15580  best=0.6217
        [Done] Trial 0 best=0.6217

  Winner: Trial 0, loss=0.621740 (374s)
    Restarts run: 1
    mu: 17.824945
    D_mu: 0.695001
    T0_mu: 50.114236
    Ly: 2.264489
    op_x: 0.592135
    op_y: 0.707233
    NMSE: 0.032735
  [Saved] random_IR_0179

============================================================
[180/200] random_IR_0180.npz
  GT loss: 0.000000
  terrain_mean=1.053308  early_threshold=0.010006  (alpha=0.0095)
  tolfun=0.00548 tolfunhist=0.00548  (frac=0.0052 of range=1.05)
    --> Trial 0 | pop=41 seed=95072 x0_norm_min=-0.951 x0_norm_max=0.812
        [Trial 0] gen   20  evals=  820  best=0.6537
        [Trial 0] gen   40  evals= 1640  best=0.6218
        [Trial 0] gen   60  evals= 2460  best=0.6206
        [Trial 0] gen   80  evals= 3280  best=0.6206
        [Trial 0] gen  100  evals= 4100  best=0.6206
        [Trial 0] gen  120  evals= 4920  best=0.6206
        [Trial 0] gen  140  evals= 5740  best=0.6162
        [Trial 0] gen  160  evals= 6560  best=0.6151
        [Trial 0] gen  180  evals= 7380  best=0.6151
        [Done] Trial 0 best=0.6151

  Winner: Trial 0, loss=0.615105 (327s)
    Restarts run: 1
    mu: 5.756038
    D_mu: 1.425941
    T0_mu: 126.895216
    Ly: 3.998673
    op_x: 0.573683
    op_y: 0.828483
    NMSE: 0.094489
  [Saved] random_IR_0180

============================================================
[181/200] random_IR_0181.npz
  GT loss: 0.000000
  terrain_mean=1.716820  early_threshold=0.016310  (alpha=0.0095)
  tolfun=0.00893 tolfunhist=0.00893  (frac=0.0052 of range=1.72)
    --> Trial 0 | pop=41 seed=95072 x0_norm_min=-0.951 x0_norm_max=0.812
        [Trial 0] gen   20  evals=  820  best=0.6608
        [Trial 0] gen   40  evals= 1640  best=0.6371
        [Trial 0] gen   60  evals= 2460  best=0.6371
        [Trial 0] gen   80  evals= 3280  best=0.6310
        [Trial 0] gen  100  evals= 4100  best=0.6142
        [Trial 0] gen  120  evals= 4920  best=0.6142
        [Trial 0] gen  140  evals= 5740  best=0.6142
        [Trial 0] gen  160  evals= 6560  best=0.6142
        [Trial 0] gen  180  evals= 7380  best=0.6142
        [Trial 0] gen  200  evals= 8200  best=0.6142
        [Trial 0] gen  220  evals= 9020  best=0.6142
        [Trial 0] gen  240  evals= 9840  best=0.6142
        [Trial 0] gen  260  evals=10660  best=0.6113
        [Trial 0] gen  280  evals=11480  best=0.6094
        [Trial 0] gen  300  evals=12300  best=0.6006
        [Done] Trial 0 best=0.5974

  Winner: Trial 0, loss=0.597386 (261s)
    Restarts run: 1
    mu: 10.540942
    D_mu: 1.032214
    T0_mu: 52.835550
    Ly: 1.935103
    op_x: 0.720895
    op_y: 0.999889
    NMSE: 0.085815
  [Saved] random_IR_0181

============================================================
[182/200] random_IR_0182.npz
  GT loss: 0.000000
  terrain_mean=1.089562  early_threshold=0.010351  (alpha=0.0095)
  tolfun=0.00567 tolfunhist=0.00567  (frac=0.0052 of range=1.09)
    --> Trial 0 | pop=41 seed=95072 x0_norm_min=-0.951 x0_norm_max=0.812
        [Trial 0] gen   20  evals=  820  best=0.6671
        [Trial 0] gen   40  evals= 1640  best=0.6554
        [Trial 0] gen   60  evals= 2460  best=0.6530
        [Trial 0] gen   80  evals= 3280  best=0.6380
        [Trial 0] gen  100  evals= 4100  best=0.6297
        [Trial 0] gen  120  evals= 4920  best=0.6297
        [Trial 0] gen  140  evals= 5740  best=0.6231
        [Trial 0] gen  160  evals= 6560  best=0.6231
        [Trial 0] gen  180  evals= 7380  best=0.6231
        [Trial 0] gen  200  evals= 8200  best=0.6231
        [Trial 0] gen  220  evals= 9020  best=0.6231
        [Trial 0] gen  240  evals= 9840  best=0.6231
        [Trial 0] gen  260  evals=10660  best=0.6143
        [Trial 0] gen  280  evals=11480  best=0.6143
        [Trial 0] gen  300  evals=12300  best=0.6143
        [Trial 0] gen  320  evals=13120  best=0.6143
        [Trial 0] gen  340  evals=13940  best=0.6143
        [Trial 0] gen  360  evals=14760  best=0.6143
        [Trial 0] gen  380  evals=15580  best=0.6121
        [Trial 0] gen  400  evals=16400  best=0.6121
        [Done] Trial 0 best=0.6121

  Winner: Trial 0, loss=0.612069 (144s)
    Restarts run: 1
    mu: 68.684812
    D_mu: 22.550865
    T0_mu: 6.427934
    Ly: 3.364006
    op_x: 0.859250
    op_y: 0.792215
    NMSE: 0.038257
  [Saved] random_IR_0182

============================================================
[183/200] random_IR_0183.npz
  GT loss: 0.000000
  terrain_mean=0.952137  early_threshold=0.009045  (alpha=0.0095)
  tolfun=0.00495 tolfunhist=0.00495  (frac=0.0052 of range=0.952)
    --> Trial 0 | pop=41 seed=95072 x0_norm_min=-0.951 x0_norm_max=0.812
        [Trial 0] gen   20  evals=  820  best=0.6661
        [Trial 0] gen   40  evals= 1640  best=0.6481
        [Trial 0] gen   60  evals= 2460  best=0.6410
        [Trial 0] gen   80  evals= 3280  best=0.6410
        [Trial 0] gen  100  evals= 4100  best=0.6405
        [Trial 0] gen  120  evals= 4920  best=0.6405
        [Trial 0] gen  140  evals= 5740  best=0.6405
        [Trial 0] gen  160  evals= 6560  best=0.6405
        [Trial 0] gen  180  evals= 7380  best=0.6401
        [Trial 0] gen  200  evals= 8200  best=0.6401
        [Trial 0] gen  220  evals= 9020  best=0.6397
        [Trial 0] gen  240  evals= 9840  best=0.6397
        [Trial 0] gen  260  evals=10660  best=0.6332
        [Trial 0] gen  280  evals=11480  best=0.6277
        [Trial 0] gen  300  evals=12300  best=0.6235
        [Trial 0] gen  320  evals=13120  best=0.6234
        [Done] Trial 0 best=0.6215

  Winner: Trial 0, loss=0.621522 (270s)
    Restarts run: 1
    mu: 6.950146
    D_mu: 2.276816
    T0_mu: 142.426921
    Ly: 2.374342
    op_x: 0.529999
    op_y: 0.732798
    NMSE: 0.090660
  [Saved] random_IR_0183

============================================================
[184/200] random_IR_0184.npz
  GT loss: 0.000000
  terrain_mean=1.370450  early_threshold=0.013019  (alpha=0.0095)
  tolfun=0.00713 tolfunhist=0.00713  (frac=0.0052 of range=1.37)
    --> Trial 0 | pop=41 seed=95072 x0_norm_min=-0.951 x0_norm_max=0.812
        [Trial 0] gen   20  evals=  820  best=0.7205
        [Trial 0] gen   40  evals= 1640  best=0.7009
        [Trial 0] gen   60  evals= 2460  best=0.6994
        [Trial 0] gen   80  evals= 3280  best=0.6906
        [Trial 0] gen  100  evals= 4100  best=0.6893
        [Trial 0] gen  120  evals= 4920  best=0.6846
        [Trial 0] gen  140  evals= 5740  best=0.6769
        [Trial 0] gen  160  evals= 6560  best=0.6740
        [Done] Trial 0 best=0.6740

  Winner: Trial 0, loss=0.673983 (278s)
    Restarts run: 1
    mu: 21.205804
    D_mu: 0.724121
    T0_mu: 6.345633
    Ly: 3.379293
    op_x: 0.799613
    op_y: 0.617662
    NMSE: 0.040553
  [Saved] random_IR_0184

============================================================
[185/200] random_IR_0185.npz
  GT loss: 0.000000
  terrain_mean=1.122157  early_threshold=0.010660  (alpha=0.0095)
  tolfun=0.00584 tolfunhist=0.00584  (frac=0.0052 of range=1.12)
    --> Trial 0 | pop=41 seed=95072 x0_norm_min=-0.951 x0_norm_max=0.812
        [Trial 0] gen   20  evals=  820  best=0.6544
        [Trial 0] gen   40  evals= 1640  best=0.6378
        [Trial 0] gen   60  evals= 2460  best=0.6283
        [Trial 0] gen   80  evals= 3280  best=0.6283
        [Trial 0] gen  100  evals= 4100  best=0.6283
        [Trial 0] gen  120  evals= 4920  best=0.6283
        [Trial 0] gen  140  evals= 5740  best=0.6283
        [Trial 0] gen  160  evals= 6560  best=0.6283
        [Trial 0] gen  180  evals= 7380  best=0.6258
        [Trial 0] gen  200  evals= 8200  best=0.6258
        [Trial 0] gen  220  evals= 9020  best=0.6258
        [Trial 0] gen  240  evals= 9840  best=0.6258
        [Trial 0] gen  260  evals=10660  best=0.6258
        [Trial 0] gen  280  evals=11480  best=0.6258
        [Trial 0] gen  300  evals=12300  best=0.6250
        [Trial 0] gen  320  evals=13120  best=0.6250
        [Trial 0] gen  340  evals=13940  best=0.6250
        [Trial 0] gen  360  evals=14760  best=0.6250
        [Trial 0] gen  380  evals=15580  best=0.6250
        [TRIAL TIMEOUT] Trial 0 total >600s, stopping
        [Done] Trial 0 best=0.6231

  Winner: Trial 0, loss=0.623111 (601s)
    Restarts run: 1
    mu: 27.148471
    D_mu: 0.521379
    T0_mu: 1.999082
    Ly: 2.402117
    op_x: 0.698056
    op_y: 0.585923
    NMSE: 0.035440
  [Saved] random_IR_0185

============================================================
[186/200] random_IR_0186.npz
  GT loss: 0.000000
  terrain_mean=1.151249  early_threshold=0.010937  (alpha=0.0095)
  tolfun=0.00599 tolfunhist=0.00599  (frac=0.0052 of range=1.15)
    --> Trial 0 | pop=41 seed=95072 x0_norm_min=-0.951 x0_norm_max=0.812
        [Trial 0] gen   20  evals=  820  best=0.6608
        [Trial 0] gen   40  evals= 1640  best=0.6145
        [Trial 0] gen   60  evals= 2460  best=0.6141
        [Trial 0] gen   80  evals= 3280  best=0.6141
        [Trial 0] gen  100  evals= 4100  best=0.6043
        [Trial 0] gen  120  evals= 4920  best=0.6043
        [Trial 0] gen  140  evals= 5740  best=0.5964
        [Trial 0] gen  160  evals= 6560  best=0.5929
        [Trial 0] gen  180  evals= 7380  best=0.5923
        [Trial 0] gen  200  evals= 8200  best=0.5923
        [Trial 0] gen  220  evals= 9020  best=0.5921
        [Trial 0] gen  240  evals= 9840  best=0.5914
        [Trial 0] gen  260  evals=10660  best=0.5819
        [Done] Trial 0 best=0.5819

  Winner: Trial 0, loss=0.581942 (230s)
    Restarts run: 1
    mu: 16.814412
    D_mu: 2.264154
    T0_mu: 22.300252
    Ly: 2.607104
    op_x: 0.958176
    op_y: 0.589746
    NMSE: 0.076063
  [Saved] random_IR_0186

============================================================
[187/200] random_IR_0187.npz
  GT loss: 0.000000
  terrain_mean=1.244629  early_threshold=0.011824  (alpha=0.0095)
  tolfun=0.00647 tolfunhist=0.00647  (frac=0.0052 of range=1.24)
    --> Trial 0 | pop=41 seed=95072 x0_norm_min=-0.951 x0_norm_max=0.812
        [Trial 0] gen   20  evals=  820  best=0.7918
        [Trial 0] gen   40  evals= 1640  best=0.7409
        [Trial 0] gen   60  evals= 2460  best=0.7409
        [Trial 0] gen   80  evals= 3280  best=0.7409
        [Trial 0] gen  100  evals= 4100  best=0.7409
        [Trial 0] gen  120  evals= 4920  best=0.7372
        [Trial 0] gen  140  evals= 5740  best=0.7372
        [Trial 0] gen  160  evals= 6560  best=0.7372
        [Trial 0] gen  180  evals= 7380  best=0.7184
        [Trial 0] gen  200  evals= 8200  best=0.7184
        [Trial 0] gen  220  evals= 9020  best=0.7184
        [Trial 0] gen  240  evals= 9840  best=0.7160
        [Trial 0] gen  260  evals=10660  best=0.7125
        [Trial 0] gen  280  evals=11480  best=0.7100
        [Done] Trial 0 best=0.7086

  Winner: Trial 0, loss=0.708576 (454s)
    Restarts run: 1
    mu: 21.324005
    D_mu: 0.403848
    T0_mu: 41.429545
    Ly: 2.185243
    op_x: 0.880794
    op_y: 0.617671
    NMSE: 0.208965
  [Saved] random_IR_0187

============================================================
[188/200] random_IR_0188.npz
  GT loss: 0.000000
  terrain_mean=0.984451  early_threshold=0.009352  (alpha=0.0095)
  tolfun=0.00512 tolfunhist=0.00512  (frac=0.0052 of range=0.984)
    --> Trial 0 | pop=41 seed=95072 x0_norm_min=-0.951 x0_norm_max=0.812
        [Trial 0] gen   20  evals=  820  best=0.6554
        [Trial 0] gen   40  evals= 1640  best=0.6369
        [Trial 0] gen   60  evals= 2460  best=0.6291
        [Trial 0] gen   80  evals= 3280  best=0.6291
        [Trial 0] gen  100  evals= 4100  best=0.6291
        [Trial 0] gen  120  evals= 4920  best=0.6291
        [Trial 0] gen  140  evals= 5740  best=0.6291
        [Trial 0] gen  160  evals= 6560  best=0.6233
        [Trial 0] gen  180  evals= 7380  best=0.6216
        [Trial 0] gen  200  evals= 8200  best=0.6162
        [Done] Trial 0 best=0.6162

  Winner: Trial 0, loss=0.616230 (186s)
    Restarts run: 1
    mu: 2.435175
    D_mu: 2.908047
    T0_mu: 314.046468
    Ly: 2.952149
    op_x: 0.834809
    op_y: 0.671178
    NMSE: 0.146229
  [Saved] random_IR_0188

============================================================
[189/200] random_IR_0189.npz
  GT loss: 0.000000
  terrain_mean=1.101586  early_threshold=0.010465  (alpha=0.0095)
  tolfun=0.00573 tolfunhist=0.00573  (frac=0.0052 of range=1.1)
    --> Trial 0 | pop=41 seed=95072 x0_norm_min=-0.951 x0_norm_max=0.812
        [Trial 0] gen   20  evals=  820  best=0.6145
        [Trial 0] gen   40  evals= 1640  best=0.5974
        [Trial 0] gen   60  evals= 2460  best=0.5921
        [Trial 0] gen   80  evals= 3280  best=0.5921
        [Trial 0] gen  100  evals= 4100  best=0.5921
        [Trial 0] gen  120  evals= 4920  best=0.5913
        [Trial 0] gen  140  evals= 5740  best=0.5873
        [Trial 0] gen  160  evals= 6560  best=0.5869
        [Trial 0] gen  180  evals= 7380  best=0.5864
        [Trial 0] gen  200  evals= 8200  best=0.5831
        [Trial 0] gen  220  evals= 9020  best=0.5831
        [Trial 0] gen  240  evals= 9840  best=0.5817
        [Trial 0] gen  260  evals=10660  best=0.5817
        [Trial 0] gen  280  evals=11480  best=0.5817
        [Done] Trial 0 best=0.5809

  Winner: Trial 0, loss=0.580938 (216s)
    Restarts run: 1
    mu: 25.228406
    D_mu: 3.747966
    T0_mu: 11.851328
    Ly: 2.270042
    op_x: 0.511122
    op_y: 0.511890
    NMSE: 0.132388
  [Saved] random_IR_0189

============================================================
[190/200] random_IR_0190.npz
  GT loss: 0.000000
  terrain_mean=1.023855  early_threshold=0.009727  (alpha=0.0095)
  tolfun=0.00532 tolfunhist=0.00532  (frac=0.0052 of range=1.02)
    --> Trial 0 | pop=41 seed=95072 x0_norm_min=-0.951 x0_norm_max=0.812
        [Trial 0] gen   20  evals=  820  best=0.6641
        [Trial 0] gen   40  evals= 1640  best=0.6495
        [Trial 0] gen   60  evals= 2460  best=0.6495
        [Trial 0] gen   80  evals= 3280  best=0.6487
        [Trial 0] gen  100  evals= 4100  best=0.6487
        [Trial 0] gen  120  evals= 4920  best=0.6459
        [Trial 0] gen  140  evals= 5740  best=0.6427
        [Trial 0] gen  160  evals= 6560  best=0.6391
        [Done] Trial 0 best=0.6391

  Winner: Trial 0, loss=0.639077 (150s)
    Restarts run: 1
    mu: 5.296834
    D_mu: 3.937572
    T0_mu: 146.107575
    Ly: 3.994594
    op_x: 0.920859
    op_y: 0.605294
    NMSE: 0.387144
  [Saved] random_IR_0190

============================================================
[191/200] random_IR_0191.npz
  GT loss: 0.000000
  terrain_mean=1.045949  early_threshold=0.009937  (alpha=0.0095)
  tolfun=0.00544 tolfunhist=0.00544  (frac=0.0052 of range=1.05)
    --> Trial 0 | pop=41 seed=95072 x0_norm_min=-0.951 x0_norm_max=0.812
        [Trial 0] gen   20  evals=  820  best=0.6598
        [Trial 0] gen   40  evals= 1640  best=0.6598
        [Trial 0] gen   60  evals= 2460  best=0.6402
        [Trial 0] gen   80  evals= 3280  best=0.6402
        [Trial 0] gen  100  evals= 4100  best=0.6402
        [Trial 0] gen  120  evals= 4920  best=0.6335
        [Trial 0] gen  140  evals= 5740  best=0.6335
        [Trial 0] gen  160  evals= 6560  best=0.6335
        [Trial 0] gen  180  evals= 7380  best=0.6335
        [Trial 0] gen  200  evals= 8200  best=0.6335
        [Trial 0] gen  220  evals= 9020  best=0.6335
        [Trial 0] gen  240  evals= 9840  best=0.6335
        [Trial 0] gen  260  evals=10660  best=0.6335
        [Trial 0] gen  280  evals=11480  best=0.6335
        [Trial 0] gen  300  evals=12300  best=0.6335
        [Trial 0] gen  320  evals=13120  best=0.6325
        [Trial 0] gen  340  evals=13940  best=0.6325
        [Trial 0] gen  360  evals=14760  best=0.6325
        [Trial 0] gen  380  evals=15580  best=0.6325
        [TRIAL TIMEOUT] Trial 0 total >600s, stopping
        [Done] Trial 0 best=0.6314

  Winner: Trial 0, loss=0.631430 (600s)
    Restarts run: 1
    mu: 18.719185
    D_mu: 0.630392
    T0_mu: 48.416923
    Ly: 2.187688
    op_x: 0.621955
    op_y: 0.717480
    NMSE: 0.029649
  [Saved] random_IR_0191

============================================================
[192/200] random_IR_0192.npz
  GT loss: 0.000000
  terrain_mean=1.117193  early_threshold=0.010613  (alpha=0.0095)
  tolfun=0.00581 tolfunhist=0.00581  (frac=0.0052 of range=1.12)
    --> Trial 0 | pop=41 seed=95072 x0_norm_min=-0.951 x0_norm_max=0.812
        [Trial 0] gen   20  evals=  820  best=0.6250
        [Trial 0] gen   40  evals= 1640  best=0.6123
        [Trial 0] gen   60  evals= 2460  best=0.6056
        [Trial 0] gen   80  evals= 3280  best=0.6056
        [Trial 0] gen  100  evals= 4100  best=0.6056
        [Trial 0] gen  120  evals= 4920  best=0.6056
        [Trial 0] gen  140  evals= 5740  best=0.6048
        [Trial 0] gen  160  evals= 6560  best=0.5988
        [Trial 0] gen  180  evals= 7380  best=0.5905
        [Trial 0] gen  200  evals= 8200  best=0.5901
        [Trial 0] gen  220  evals= 9020  best=0.5901
        [Trial 0] gen  240  evals= 9840  best=0.5868
        [Done] Trial 0 best=0.5863

  Winner: Trial 0, loss=0.586330 (346s)
    Restarts run: 1
    mu: 2.438229
    D_mu: 2.446450
    T0_mu: 363.838177
    Ly: 3.999026
    op_x: 0.859387
    op_y: 0.807585
    NMSE: 0.175809
  [Saved] random_IR_0192

============================================================
[193/200] random_IR_0193.npz
  GT loss: 0.000000
  terrain_mean=0.980602  early_threshold=0.009316  (alpha=0.0095)
  tolfun=0.0051 tolfunhist=0.0051  (frac=0.0052 of range=0.981)
    --> Trial 0 | pop=41 seed=95072 x0_norm_min=-0.951 x0_norm_max=0.812
        [Trial 0] gen   20  evals=  820  best=0.6202
        [Trial 0] gen   40  evals= 1640  best=0.6170
        [Trial 0] gen   60  evals= 2460  best=0.6032
        [Trial 0] gen   80  evals= 3280  best=0.6032
        [Trial 0] gen  100  evals= 4100  best=0.6032
        [Trial 0] gen  120  evals= 4920  best=0.6032
        [Trial 0] gen  140  evals= 5740  best=0.6032
        [Trial 0] gen  160  evals= 6560  best=0.6032
        [Trial 0] gen  180  evals= 7380  best=0.6032
        [Trial 0] gen  200  evals= 8200  best=0.6032
        [Trial 0] gen  220  evals= 9020  best=0.6032
        [Trial 0] gen  240  evals= 9840  best=0.6032
        [Trial 0] gen  260  evals=10660  best=0.6032
        [Trial 0] gen  280  evals=11480  best=0.6032
        [Trial 0] gen  300  evals=12300  best=0.6032
        [Trial 0] gen  320  evals=13120  best=0.6032
        [Trial 0] gen  340  evals=13940  best=0.6032
        [Trial 0] gen  360  evals=14760  best=0.5998
        [Trial 0] gen  380  evals=15580  best=0.5922
        [Trial 0] gen  400  evals=16400  best=0.5922
        [Done] Trial 0 best=0.5922

  Winner: Trial 0, loss=0.592173 (471s)
    Restarts run: 1
    mu: 2.729041
    D_mu: 3.396461
    T0_mu: 365.761639
    Ly: 3.695720
    op_x: 0.671459
    op_y: 0.576419
    NMSE: 0.182478
  [Saved] random_IR_0193

============================================================
[194/200] random_IR_0194.npz
  GT loss: 0.000000
  terrain_mean=1.088818  early_threshold=0.010344  (alpha=0.0095)
  tolfun=0.00566 tolfunhist=0.00566  (frac=0.0052 of range=1.09)
    --> Trial 0 | pop=41 seed=95072 x0_norm_min=-0.951 x0_norm_max=0.812
        [Trial 0] gen   20  evals=  820  best=0.6476
        [Trial 0] gen   40  evals= 1640  best=0.6476
        [Trial 0] gen   60  evals= 2460  best=0.6343
        [Trial 0] gen   80  evals= 3280  best=0.6220
        [Trial 0] gen  100  evals= 4100  best=0.6220
        [Trial 0] gen  120  evals= 4920  best=0.6220
        [Trial 0] gen  140  evals= 5740  best=0.6220
        [Trial 0] gen  160  evals= 6560  best=0.6220
        [Trial 0] gen  180  evals= 7380  best=0.6220
        [Trial 0] gen  200  evals= 8200  best=0.6190
        [Done] Trial 0 best=0.6190

  Winner: Trial 0, loss=0.618963 (359s)
    Restarts run: 1
    mu: 16.907751
    D_mu: 0.981277
    T0_mu: 51.909121
    Ly: 3.657965
    op_x: 0.609302
    op_y: 0.511082
    NMSE: 0.085459
  [Saved] random_IR_0194

============================================================
[195/200] random_IR_0195.npz
  GT loss: 0.000000
  terrain_mean=0.963251  early_threshold=0.009151  (alpha=0.0095)
  tolfun=0.00501 tolfunhist=0.00501  (frac=0.0052 of range=0.963)
    --> Trial 0 | pop=41 seed=95072 x0_norm_min=-0.951 x0_norm_max=0.812
        [Trial 0] gen   20  evals=  820  best=0.6102
        [Trial 0] gen   40  evals= 1640  best=0.6102
        [Trial 0] gen   60  evals= 2460  best=0.6102
        [Trial 0] gen   80  evals= 3280  best=0.5949
        [Trial 0] gen  100  evals= 4100  best=0.5949
        [Trial 0] gen  120  evals= 4920  best=0.5949
        [Trial 0] gen  140  evals= 5740  best=0.5949
        [Trial 0] gen  160  evals= 6560  best=0.5949
        [Trial 0] gen  180  evals= 7380  best=0.5918
        [Trial 0] gen  200  evals= 8200  best=0.5918
        [Trial 0] gen  220  evals= 9020  best=0.5918
        [Trial 0] gen  240  evals= 9840  best=0.5918
        [Trial 0] gen  260  evals=10660  best=0.5918
        [Trial 0] gen  280  evals=11480  best=0.5918
        [Trial 0] gen  300  evals=12300  best=0.5918
        [Trial 0] gen  320  evals=13120  best=0.5918
        [Trial 0] gen  340  evals=13940  best=0.5872
        [Done] Trial 0 best=0.5858

  Winner: Trial 0, loss=0.585751 (325s)
    Restarts run: 1
    mu: 2.490879
    D_mu: 4.097131
    T0_mu: 367.616660
    Ly: 2.893910
    op_x: 0.677331
    op_y: 0.605520
    NMSE: 0.213358
  [Saved] random_IR_0195

============================================================
[196/200] random_IR_0196.npz
  GT loss: 0.000000
  terrain_mean=0.967723  early_threshold=0.009193  (alpha=0.0095)
  tolfun=0.00503 tolfunhist=0.00503  (frac=0.0052 of range=0.968)
    --> Trial 0 | pop=41 seed=95072 x0_norm_min=-0.951 x0_norm_max=0.812
        [Trial 0] gen   20  evals=  820  best=0.6529
        [Trial 0] gen   40  evals= 1640  best=0.6430
        [Trial 0] gen   60  evals= 2460  best=0.6430
        [Trial 0] gen   80  evals= 3280  best=0.6376
        [Trial 0] gen  100  evals= 4100  best=0.6376
        [Trial 0] gen  120  evals= 4920  best=0.6376
        [Trial 0] gen  140  evals= 5740  best=0.6376
        [Trial 0] gen  160  evals= 6560  best=0.6357
        [Trial 0] gen  180  evals= 7380  best=0.6357
        [Trial 0] gen  200  evals= 8200  best=0.6357
        [Trial 0] gen  220  evals= 9020  best=0.6357
        [Trial 0] gen  240  evals= 9840  best=0.6357
        [Trial 0] gen  260  evals=10660  best=0.6357
        [Trial 0] gen  280  evals=11480  best=0.6357
        [Trial 0] gen  300  evals=12300  best=0.6312
        [Trial 0] gen  320  evals=13120  best=0.6265
        [Trial 0] gen  340  evals=13940  best=0.6231
        [Trial 0] gen  360  evals=14760  best=0.6207
        [Done] Trial 0 best=0.6207

  Winner: Trial 0, loss=0.620685 (450s)
    Restarts run: 1
    mu: 7.457017
    D_mu: 2.492732
    T0_mu: 127.885372
    Ly: 3.325864
    op_x: 0.768624
    op_y: 0.739814
    NMSE: 0.122847
  [Saved] random_IR_0196

============================================================
[197/200] random_IR_0197.npz
  GT loss: 0.000000
  terrain_mean=1.332087  early_threshold=0.012655  (alpha=0.0095)
  tolfun=0.00693 tolfunhist=0.00693  (frac=0.0052 of range=1.33)
    --> Trial 0 | pop=41 seed=95072 x0_norm_min=-0.951 x0_norm_max=0.812
        [Trial 0] gen   20  evals=  820  best=0.6443
        [Trial 0] gen   40  evals= 1640  best=0.6279
        [Trial 0] gen   60  evals= 2460  best=0.6251
        [Trial 0] gen   80  evals= 3280  best=0.6251
        [Trial 0] gen  100  evals= 4100  best=0.6251
        [Trial 0] gen  120  evals= 4920  best=0.6243
        [Trial 0] gen  140  evals= 5740  best=0.6227
        [Trial 0] gen  160  evals= 6560  best=0.6227
        [Trial 0] gen  180  evals= 7380  best=0.6208
        [Trial 0] gen  200  evals= 8200  best=0.6208
        [Trial 0] gen  220  evals= 9020  best=0.6173
        [TRIAL TIMEOUT] Trial 0 total >600s, stopping
        [Done] Trial 0 best=0.6173

  Winner: Trial 0, loss=0.617312 (603s)
    Restarts run: 1
    mu: 24.430621
    D_mu: 0.462496
    T0_mu: 0.242629
    Ly: 3.745953
    op_x: 0.610446
    op_y: 0.648608
    NMSE: 0.017459
  [Saved] random_IR_0197

============================================================
[198/200] random_IR_0198.npz
  GT loss: 0.000000
  terrain_mean=1.068256  early_threshold=0.010148  (alpha=0.0095)
  tolfun=0.00555 tolfunhist=0.00555  (frac=0.0052 of range=1.07)
    --> Trial 0 | pop=41 seed=95072 x0_norm_min=-0.951 x0_norm_max=0.812
        [Trial 0] gen   20  evals=  820  best=0.6149
        [Trial 0] gen   40  evals= 1640  best=0.6062
        [Trial 0] gen   60  evals= 2460  best=0.6062
        [Trial 0] gen   80  evals= 3280  best=0.6062
        [Trial 0] gen  100  evals= 4100  best=0.6062
        [Trial 0] gen  120  evals= 4920  best=0.6062
        [Trial 0] gen  140  evals= 5740  best=0.6062
        [Trial 0] gen  160  evals= 6560  best=0.6062
        [Trial 0] gen  180  evals= 7380  best=0.6062
        [Trial 0] gen  200  evals= 8200  best=0.6020
        [Trial 0] gen  220  evals= 9020  best=0.6020
        [Trial 0] gen  240  evals= 9840  best=0.6020
        [Trial 0] gen  260  evals=10660  best=0.5978
        [Trial 0] gen  280  evals=11480  best=0.5978
        [Trial 0] gen  300  evals=12300  best=0.5969
        [TRIAL TIMEOUT] Trial 0 total >600s, stopping
        [Done] Trial 0 best=0.5902

  Winner: Trial 0, loss=0.590198 (602s)
    Restarts run: 1
    mu: 19.829245
    D_mu: 0.762954
    T0_mu: 12.018363
    Ly: 3.998275
    op_x: 0.662146
    op_y: 0.626562
    NMSE: 0.151198
  [Saved] random_IR_0198

============================================================
[199/200] random_IR_0199.npz
  GT loss: 0.000000
  terrain_mean=0.981369  early_threshold=0.009323  (alpha=0.0095)
  tolfun=0.0051 tolfunhist=0.0051  (frac=0.0052 of range=0.981)
    --> Trial 0 | pop=41 seed=95072 x0_norm_min=-0.951 x0_norm_max=0.812
        [Trial 0] gen   20  evals=  820  best=0.6006
        [Trial 0] gen   40  evals= 1640  best=0.6003
        [Trial 0] gen   60  evals= 2460  best=0.5943
        [Trial 0] gen   80  evals= 3280  best=0.5943
        [Trial 0] gen  100  evals= 4100  best=0.5943
        [Trial 0] gen  120  evals= 4920  best=0.5943
        [Trial 0] gen  140  evals= 5740  best=0.5943
        [Trial 0] gen  160  evals= 6560  best=0.5943
        [Trial 0] gen  180  evals= 7380  best=0.5943
        [Trial 0] gen  200  evals= 8200  best=0.5943
        [Trial 0] gen  220  evals= 9020  best=0.5943
        [Trial 0] gen  240  evals= 9840  best=0.5943
        [Trial 0] gen  260  evals=10660  best=0.5943
        [Trial 0] gen  280  evals=11480  best=0.5896
        [Trial 0] gen  300  evals=12300  best=0.5892
        [Trial 0] gen  320  evals=13120  best=0.5826
        [Trial 0] gen  340  evals=13940  best=0.5798
        [Done] Trial 0 best=0.5798

  Winner: Trial 0, loss=0.579835 (363s)
    Restarts run: 1
    mu: 16.156045
    D_mu: 0.813693
    T0_mu: 46.490684
    Ly: 1.431669
    op_x: 0.518275
    op_y: 0.683471
    NMSE: 0.097719
  [Saved] random_IR_0199

============================================================
[200/200] random_IR_0200.npz
  GT loss: 0.000000
  terrain_mean=1.229815  early_threshold=0.011683  (alpha=0.0095)
  tolfun=0.0064 tolfunhist=0.0064  (frac=0.0052 of range=1.23)
    --> Trial 0 | pop=41 seed=95072 x0_norm_min=-0.951 x0_norm_max=0.812
        [Trial 0] gen   20  evals=  820  best=0.6652
        [Trial 0] gen   40  evals= 1640  best=0.6478
        [Trial 0] gen   60  evals= 2460  best=0.6478
        [Trial 0] gen   80  evals= 3280  best=0.6457
        [Trial 0] gen  100  evals= 4100  best=0.6253
        [Trial 0] gen  120  evals= 4920  best=0.6253
        [Trial 0] gen  140  evals= 5740  best=0.6253
        [Trial 0] gen  160  evals= 6560  best=0.6253
        [Trial 0] gen  180  evals= 7380  best=0.6253
        [Trial 0] gen  200  evals= 8200  best=0.6253
        [Trial 0] gen  220  evals= 9020  best=0.6253
        [Trial 0] gen  240  evals= 9840  best=0.6253
        [Trial 0] gen  260  evals=10660  best=0.6253
        [Trial 0] gen  280  evals=11480  best=0.6253
        [Trial 0] gen  300  evals=12300  best=0.6253
        [Done] Trial 0 best=0.6253

  Winner: Trial 0, loss=0.625282 (139s)
    Restarts run: 1
    mu: 5.769317
    D_mu: 1.712602
    T0_mu: 156.392617
    Ly: 1.208899
    op_x: 0.893583
    op_y: 0.977241
    NMSE: 0.234782
  [Saved] random_IR_0200
