f0,sigma,gain
5.86461230466722,1.151609323973295,7.909493055776843e-12
9.07347140747221,1.1520508143250776,-3.1205560759787444e-12
14.421565827251245,1.1532081274640966,-1.9938003572892592e-11
20.214523556456786,1.1550561399078698,-6.748427001862788e-12
21.90889571869185,1.1557135072194247,9.97702278174528e-12
23.42337899276496,1.1563458428781723,2.6624771436569696e-12
28.7714711565042,1.1589168437147248,1.7011223579640394e-11
31.535461589372247,1.1604520949517632,2.2809972801597354e-11
36.258799916337296,1.1634013862465997,-8.512454968824695e-12
43.301263743903675,1.1685619295534422,-1.473826058019711e-11
44.131030326678285,1.1692301249728927,3.699129157109577e-14
45.885365228940096,1.1706846118344985,-1.9461602860638712e-11
47.33988540397706,1.1719335156407287,-1.459428473302303e-14
52.68797717099609,1.176860662639837,-9.324648209868164e-14
57.20630234079515,1.1814339474484217,-1.6422738584126925e-11
57.65116709792504,1.1819045593707513,1.2574769664779097e-11
60.175305600962744,1.1846438097992902,4.6660748227700344e-14
69.80187067421244,1.196168098479789,1.0667814011150512e-13
71.55620554118893,1.1984521652793176,1.401197492909408e-11
73.25057746349951,1.2007119825922894,1.2210591758877683e-11
77.61413790358208,1.206775216929462,-8.647377253662819e-12
80.82299291070824,1.211457770373845,3.41167541899523e-12
81.56767238008358,1.2125715675736648,-6.892818089550579e-14
86.17108458345261,1.2196835220005313,2.179803347050499e-11
87.60048057694962,1.2219712635157858,-1.0418146051849027e-11
91.43408915796006,1.2282927664722627,5.718770103627727e-12
93.6584129152026,1.2320847156385937,-1.0907783567000773e-11
95.47271071476776,1.2352451535048763,-7.680616299143501e-14
103.28497789962864,1.2495464926487334,-2.493791786881824e-11
105.78399221985096,1.254358585567373,-4.87928651284282e-12
111.51698567842483,1.2658326902290118,5.710670333924816e-14
111.75683745074133,1.2663259281071881,-1.5088272282914467e-12
115.05077953176887,1.2732068919232808,1.6113188975385243e-11
120.66384709925035,1.285392928643115,5.2365305601716235e-12
123.87270208604231,1.292620119943058,-2.0659838281635973e-12
126.10674048075204,1.2977637604529253,1.2873396403441802e-12
128.95581780834192,1.3044568498861955,1.7954804000267962e-11
129.2207937290725,1.3050869346623448,-1.3200077608254194e-11
129.7004972730295,1.3062309092332884,2.6745633569888094e-14
134.21882235792188,1.3172139940475405,2.6134295836075985e-12
136.7081220263066,1.3234256166300478,6.605346781752973e-12
145.00009272754906,1.344940200493065,-1.3349702622054573e-11
146.33468697552766,1.3485213072068682,1.5101470066049264e-11
148.56872536747994,1.3545893147229184,-2.229792108846927e-12
150.02324550111936,1.3585894395365532,-7.056504515517434e-15
158.10048857467999,1.3815120452851366,-9.757542340860267e-12
158.82004388963753,1.383612388375424,-1.2968430154138889e-11
163.18360428867845,1.3965536752311076,-6.252263620847799e-12
172.0055268220793,1.423788767288812,-1.0872752545532704e-11
172.48523036518324,1.4253108076892804,1.2222520041243704e-14
173.16994688564174,1.427490672459456,1.1064732388099357e-11
173.28015812592935,1.4278423480838276,-1.438585301516983e-13
176.48901310520301,1.438179652318344,5.675692568986514e-14
181.83710473676203,1.4558299885952537,3.6263388204615206e-13
183.50635249171293,1.4614469031191688,1.6495819333387464e-12
185.56050205250995,1.4684294327045726,-4.388199833988924e-12
188.0498017164882,1.4769953071734832,8.08407439521867e-12
189.3244330198612,1.4814256007436286,-1.8146273246644172e-13
197.08645186741646,1.5090504377735745,-6.065089188847306e-14
198.95099795362674,1.5158516301241698,-4.1486897406092836e-13
199.91040503927192,1.5193761552762717,3.744034433552318e-12
205.96833733702513,1.542022410707724,-2.857227946443762e-12
206.23331325709387,1.5430283964263671,3.7861328565766854e-12
210.71679953716793,1.5602461156292082,2.6806003096464903e-13
214.44019685100136,1.5748263461803471,2.3949533077410383e-11
223.82691000965815,1.6127166514031692,-2.0522770820846082e-14
224.62183776966546,1.615999993682703,2.9869708903257343e-13
226.55606144343463,1.62403766406631,-9.989236624981944e-13
228.79009983130035,1.6334069823187272,-2.043385998351255e-11
230.56955882517119,1.6409356220788778,1.4178202455000647e-11
235.46307105813602,1.661940138326015,8.912688655211725e-12
238.67192603413352,1.675953030574119,-3.51634876990509e-12
240.6661126504268,1.684757098240242,-2.2208623141136468e-13
244.0200176605674,1.6997293468736734,-2.2466809335208388e-11
245.45912828820232,1.7062172454797393,4.106258026904922e-13
249.01804627531118,1.7224256366437871,1.7302271529212636e-12
251.50734593712545,1.7339013310537514,1.124243492061646e-11
252.70660479340893,1.739470667723426,1.1200733109727228e-13
257.3100169567644,1.761094858846363,4.7975533706590024e-12
258.8496241789098,1.7684141607890433,-1.0401285299942753e-13
259.80903126387966,1.7729972702638133,-3.5034789908516825e-13
261.1339108634245,1.779354124475054,2.5702998140980106e-11
272.8997124390502,1.8372257660299112,-1.6607519006580668e-11
273.6192677527048,1.840847738240902,-8.585769310278658e-12
278.61729636630525,1.8662691448113693,-2.5611778473926283e-11
279.17237235472015,1.8691208103479524,2.7442474311748414e-14
283.7255362198772,1.8927266034113357,1.9204164560008807e-15
286.18971173240453,1.9056613401555413,-2.618364432801145e-11
286.8047506635933,1.9089071921422829,-1.8505615230465115e-11
292.9671993386114,1.9418140333201512,2.185208756486841e-11
300.3597258757115,1.98221229047139,-2.9052107852587165e-12
301.6343571775958,1.9892795734674453,-4.7532852148635453e-14
302.8490255366777,1.9960422367677575,1.3759225599036934e-11
307.2125859273981,2.0205605375485325,-3.46465324918308e-12
310.4214409017892,2.038814492889237,1.366919511113598e-12
313.9147010868987,2.0589019559154864,4.3556333927674215e-12
315.7695325256703,2.0696592476764586,8.733580517748717e-12
316.88370429003123,2.0761514726755195,-1.1978120823959024e-13
317.20864315264356,2.078049182683404,-4.4893025428333587e-13
321.0325370579776,2.1005276313935517,6.444053846117958e-12
323.25686079889607,2.113727045739271,-4.370299631656669e-12
326.235578647382,2.1315458742296247,2.3586838402231244e-13
328.26460405670144,2.1437771832279893,-3.716245721035419e-12
329.2394206444921,2.14968051248061,1.5855783254161104e-11
332.8834257212829,2.1719030284383747,-9.991587382373763e-12
341.35528522722706,2.224513005038512,-1.7001811188569644e-12
344.64922729262395,2.2453252346661,6.455877946078139e-12
350.3668112179715,2.2819254006385714,2.800089697625439e-11
351.3513424511553,2.2882884880639676,1.710623934922649e-11
352.1811090046453,2.2936651872562255,2.0370422015527495e-14
352.9760367640075,2.298828034248226,7.981194761690801e-14
358.55426551270546,2.335384600846407,7.193726131549788e-12
360.25835205923966,2.346666520945555,2.718543205298023e-13
363.8172700442201,2.3704008842531135,2.9448660379955635e-12
365.7012454190693,2.3830595292592047,-1.4595115976732267e-11
374.5985403813192,2.4437249609348832,-5.348649689016774e-12
381.8557315274607,2.4942872726686094,-4.355897842956484e-13
385.6642159288139,2.521209905761294,-4.76193064854566e-12
388.4184915088064,2.5408466931194615,-1.4613058512217865e-11
388.52870274889244,2.541635359034674,3.0862104105359567e-13
389.6177503643402,2.549440556425332,8.00023956806296e-14
390.927220459956,2.5588544480603206,-4.356830080246286e-12
391.7375577224229,2.5646958525469916,-1.217611247753379e-13
392.7820518982734,2.5722430464187473,-2.505007826848193e-12
393.41652012015646,2.5768373300748464,-1.6956220282169364e-11
397.08564934492165,2.6035515042869033,-7.779612371755732e-13
404.5729776163154,2.658834558083481,3.8929312401865303e-13
405.27712342642405,2.664086778217306,3.7172650241621096e-12
412.87466293777146,2.721337706167766,-7.468371774041216e-15
413.104800063399,2.7230884863168434,6.609138467000876e-13
414.1995425365092,2.731430155297426,8.900202095968233e-13
415.1589496208842,2.7387587532512874,-4.944689197226489e-12
423.1008572855357,2.800075507323447,-1.870190319028045e-11
425.9653441053935,2.8224763348210695,-5.750697388265011e-13
428.7139248274406,2.8441128516087306,2.883632401627751e-12
429.1936283696155,2.8479032869863454,-2.0375993600190894e-14
432.64233511397214,2.875278440239682,-3.065265264972821e-12
435.5667848765538,2.8986638071796484,-1.1447612312480982e-12
439.87038232285073,2.9333640330783695,-6.407946817407432e-13
444.0386443803916,2.967298283793954,2.698661728588968e-11
446.03283099499646,2.983646348954318,4.658203129441612e-13
446.99223807931884,2.9915375344374278,2.6152960524827468e-12
455.91465718876213,3.0657370840249145,4.764407686303508e-13
460.16800633762267,3.101624433089265,5.680547198094298e-12
462.6767352884477,3.122947912128538,4.763227970233134e-12
466.15056618127875,3.152665894819087,1.1325107753013774e-11
470.9087430208748,3.1937319832744024,-1.4335602405050482e-14
474.0981687030134,3.221492219147923,2.2313802299997804e-13
475.057575787298,3.2298794014244527,4.626966372919121e-13
476.4966864137226,3.242491966468816,-2.5912217117830215e-12
479.4114215306522,3.2681539911721718,-8.682242247453577e-12
481.33023569920726,3.2851331127685124,-7.921892281058941e-14
482.6202765036884,3.2965864979351167,3.425428963740382e-12
486.90846444651646,3.334878685659428,1.922151877434289e-12
487.9683681253877,3.34439550509274,2.1885888606704095e-11
490.84658937818926,3.3703432997863367,2.2108396979547807e-12
494.4209168654985,3.40277906746624,-5.887203454861263e-14
495.45569639571033,3.4122132564741148,-1.0951732706997018e-11
504.3918499378133,3.494505724511705,3.3511839396481445e-12
505.08226131460407,3.5009248934399406,-2.503835612774276e-11
505.7264441818417,3.506922166509421,-2.88441401267044e-12
508.2157438415969,3.5301691203514034,-2.8859477443635687e-11
514.7630943184461,3.591858147156269,-1.2118591689053155e-14
515.7881592031697,3.601587784035499,-1.0490514189253564e-11
516.8480628820076,3.6116684548825497,1.617805341104265e-11
516.882901676123,3.6120001555303416,1.0197149246364421e-13
518.7668770504833,3.6299708068822265,-3.111222145488327e-13
522.4902743596134,3.665679426146115,-9.225926336017525e-12
530.7531010978536,3.745834877225902,1.802703987801946e-11
536.8401773233816,3.8056884736624235,7.871591411171772e-12
541.4841231348051,3.851810907422331,-5.060036765411676e-13
543.5131485432989,3.872087352315055,4.907932428877056e-12
546.7973759620719,3.905067994425585,-1.3403375135819312e-11
546.8070906075371,3.9051658448944684,-1.7986400722358105e-13
547.4415588292842,3.911560271014871,-2.029336979912688e-12
548.2462012338552,3.9196804463397115,2.832919313961187e-12
558.3427550489064,4.022585138098969,7.924026104728075e-14
560.7566822625967,4.047466178030335,-4.3147659467472235e-14
564.9808874745924,4.091264537968812,-6.277381705677643e-12
568.2245812414772,4.1251196447559435,-1.7121854630236912e-13
570.6230989519656,4.150278116201603,1.3549778732891589e-11
579.86074227725,4.2481633974531965,1.5367222574759518e-12
579.9652586595905,4.249279882444958,1.1218529988551357e-11
580.9497898924267,4.259806906587286,1.9275259839007473e-11
583.0695972499864,4.2825333925457825,-6.062871861018167e-13
584.9730019151742,4.303010352995713,-1.1560713498109894e-11
585.3036356353483,4.306574136874436,1.6562033783803585e-12
588.4176888711979,4.34023821358614,-3.873713622915715e-12
591.295910123743,4.371511710202201,-1.7154962231008181e-12
594.2397891767617,4.40365647701095,1.0086465685552888e-11
595.9050171408619,4.421910104403343,1.9384117143432926e-12
597.1042759960837,4.435087586676536,9.344572864533832e-13
600.0578696945564,4.467654710753878,5.5749640622508465e-14
605.5315820589481,4.528434206358091,4.431684421155213e-12
607.7656204442774,4.553399317692927,-2.8686860850477832e-12
608.8895068535467,4.565993372826627,6.336933198221874e-14
615.2626633593152,4.637849808427214,-1.907856058623217e-12
617.2973836254205,4.660948558342716,-2.8634464461833223e-12
620.5256678890103,4.697753489971602,-4.909244598807876e-12
620.8951601910363,4.701978231096933,1.4207870994603458e-11
628.1232073985827,4.785128849861106,1.6021622201427332e-14
631.2024218402386,4.820844096781176,-3.1907073024325208e-12
632.3668419013233,4.834395504506391,1.4235001520282414e-11
635.2450631537922,4.867999132247857,-1.2122196216648815e-11
637.28949806534,4.891960883469803,-6.10793233395373e-12
642.3726137666928,4.951871113455445,-1.4813599860634364e-11
643.9122209875097,4.970111026713713,4.7127809079937346e-14
647.24669670336,5.009764655629061,2.372337245765818e-12
652.699304706707,5.075048432113116,-7.49284562050633e-12
659.1073000064366,5.152471018928562,4.816751153724806e-12
659.1615680914776,5.153129926006795,6.644703120972998e-14
661.2813754489422,5.1789104485182715,-9.993041380302264e-13
662.2407825330852,5.19060570680314,-3.4539048957062315e-12
665.4302082147407,5.229606966373586,1.1110675418375265e-12
673.306458077033,5.326722862825388,-2.2089084894846564e-11
685.4223226541815,5.4783450877477,8.97047489961932e-12
685.7529563743377,5.4825206580336,-2.931400914550548e-13
687.6563610394197,5.506597903412141,1.8846464563418415e-11
687.9869947595755,5.510787080104803,-2.6288292800092344e-11
689.8766649914444,5.534768116474366,-5.12418566890347e-13
689.9058089278379,5.535138485376871,1.6779586807379493e-13
692.2751827017703,5.565301460306168,1.908361732612038e-12
692.6446750037834,5.570014550134847,-1.5533050600334362e-11
693.0855199639902,5.575641074975604,2.0216585248456032e-13
696.5787801471399,5.6203522943882795,1.6994438400928405e-13
698.433611584891,5.64418416836372,1.2916855944553882e-12
705.9209398541325,5.741029640467783,-6.463610555088394e-13
706.095133824688,5.743295058948664,-2.9197459082314435e-12
708.2149411821094,5.770908257159576,5.077432637595562e-13
711.5728659765408,5.814818929564124,-1.0330561731329506e-13
715.5475047716966,5.867062632648491,-1.4777391881020678e-12
719.0059261607045,5.9127578047121006,-4.5072215253982066e-13
727.3133063375614,6.023421183798179,9.548118359894578e-13
727.8569926101239,6.03070800091187,-1.1223157053100605e-11
732.8161626380177,6.097425187833618,-2.5195223376406315e-12
733.990297344515,6.113287497341513,1.3426284956772517e-12
734.0154214931615,6.113627196743009,6.674326443668018e-13
735.6943838903617,6.136354517497548,9.406134624584095e-12
738.0386335156068,6.1681743836733745,-2.464347913854512e-13
741.2183445517019,6.211496230340806,1.0639357879032182e-12
742.2068955722073,6.225002656013466,9.575623595864807e-12
745.0559728881491,6.264029879042441,2.4149313755117435e-11
752.0887217638568,6.361005945806571,-1.0395575850312821e-11
752.1640942097956,6.362050206959081,2.8112505682737874e-11
757.2626194140912,6.432931606231962,-7.910511358635186e-13
759.5566207420272,6.46497977166946,-8.525393195919043e-13
766.1234005088613,6.5572563730235185,-5.248810270594909e-14
773.5912994869992,6.663160862385965,-1.699889828196331e-13
775.446130924701,6.68962404295886,-3.7048295226115964e-13
777.8446486349554,6.7239380450859105,1.134984610932071e-12
784.5467637904477,6.820382532412923,2.230310823136042e-11
787.4614989068264,6.862584198585987,-4.78088289406978e-12
788.1056817739625,6.871932264712626,-1.4623752155042057e-11
788.3106947508769,6.874908916064875,-2.584028480975552e-13
788.4363154941068,6.8767332278124655,4.652882281992639e-12
795.7688790835032,6.983723169540349,9.774680745600127e-14
798.8966667522798,7.02966227710837,-1.902905714154696e-11
799.6065074198875,7.040113089703132,1.2269910645264738e-11
800.2215463506287,7.049175664306878,1.5267529484557832e-11
809.4591896749779,7.1861302619367216,7.960885102225484e-12
812.6680446473982,7.234071658925629,-3.140828551605691e-12
815.306414128651,7.27363189565229,-1.1959563273792772e-13
818.0161362680931,7.314395483126523,-2.006749340277093e-11
818.2308638904701,7.317631512526903,-1.693055070163617e-13
819.455246894229,7.336099672939623,7.977522177548782e-14
822.813171688545,7.386891143441517,1.0430637023207178e-13
823.838236573108,7.402437502937756,4.041037377545628e-12
824.8981402517804,7.4185325888647,-1.8776217856059545e-11
825.5034645370539,7.427733978368476,1.0041794552733897e-11
835.1300294542691,7.574972286012189,2.2957983108086104e-11
840.7219926337026,7.661285174544654,4.0173939718699913e-13
842.6562163050553,7.69127431891784,-7.430105801381414e-12
842.8320853455748,7.694004496000625,8.401264083921154e-13
843.3757716181192,7.702448241916715,4.5224332177669275e-12
846.8958310197249,7.757248444949992,-1.483383623836604e-11
850.4936075850397,7.813494408911243,1.6008973118527918e-11
852.6134149423714,7.846746121259557,-4.975744464174433e-12
856.2962785990825,7.904713069173459,-2.438321756306249e-11
857.7256745797418,7.927278551285031,-3.85854782577019e-12
859.1607654181183,7.949971798408745,-1.0109944853581225e-13
860.800869233405,7.975953391605843,-1.652916070933835e-11
864.4740182446458,8.03432108459873,4.78212356899423e-12
869.5725434487928,8.115750441575253,2.8427607318439145e-13
871.9710611589912,8.15422316782707,-5.934887032572064e-12
876.8451440952924,8.232730959935335,1.2289652274031364e-11
881.6421795156812,8.31042502540629,2.1150332281133237e-14
887.9108196385138,8.412592484512508,8.461862713939325e-13
895.0286556053683,8.529477881425683,5.75576257323826e-12
895.2725271641334,8.533499148637624,2.0411742590635074e-13
898.4522382001011,8.586030568396144,-1.5514842756370664e-12
899.3459874837029,8.600829567169729,1.476536438007394e-11
902.9049054671237,8.659905271612946,-2.4889146935793798e-11
904.3440160932336,8.683859811543043,-1.2657079750301193e-11
905.1543533554056,8.69736497005372,-3.599573141431901e-13
906.1891328854146,8.714628290123205,3.3644544422373135e-12
915.1252864258062,8.864531602041593,-4.944211250718542e-12
915.3514037636136,8.868343785095728,-1.5185768777253416e-12
918.6939190546805,8.924806160663241,1.0799038338868603e-11
922.2431223926245,8.984985234215504,-6.223096140933156e-12
925.3474609826409,9.037811571970359,3.3232675164763206e-12
929.4711695994791,9.10825899314029,-2.6600678513260202e-14
937.8133885700098,9.251731197495959,2.6302970547559716e-12
938.6083163289958,9.26546952264576,4.363321778492848e-13
941.8171713013306,9.321044833201347,-1.7214723078467193e-13
942.6104239903455,9.334812701037638,-5.919405962636792e-14
947.1652629218851,9.414091846680043,-1.0998888874856375e-12
950.0434841740827,9.464385707304901,2.844116584161764e-12
951.9622983422132,9.497999725400314,-4.056287346831388e-13
953.2871779405202,9.52124870751724,5.286520028901256e-13
954.6525911906535,9.545242806910917,5.503853199874198e-13
957.4554399969124,9.594604241936896,-1.2645763504553922e-11
958.1749953099604,9.607299794056468,2.9939856490638082e-12
962.4146100245381,9.682295542708463,-1.3052022589910431e-11
962.6293376469088,9.686102730016309,1.6591364364711215e-12
964.2791561076286,9.71538285525467,1.2583139647940927e-12
964.9233389747408,9.726829090436622,-8.464031280949757e-13
967.4514972158704,9.771824820943326,-1.6417131157292912e-13
974.6544202740274,9.90066679409635,9.675030984740587e-12
976.0449576728012,9.925650030603638,-8.130335907533234e-13
976.0935309001202,9.926523370427327,1.3837498254505819e-11
981.8014001771691,10.02945268489442,1.400711421725934e-13
989.1550681271809,10.162945142346983,-4.416445830082709e-12
989.9499958861605,10.177435269381771,-9.059526198767942e-13
996.0370721106481,10.288777735542197,1.012625483206254e-11
997.9267423423745,10.32348169076446,-2.8215600856455334e-13
1003.559239173471,10.427313205260962,5.543233769207968e-13
1005.7179051126011,10.467261749986973,-7.677882098646441e-16
1005.9942707476955,10.47238240554467,6.735873184504577e-13
1006.6384536148039,10.484323644246428,-5.954843572978341e-13
1010.7913061679824,10.561488689420903,-8.224958145430288e-14
1014.1452111744351,10.624040206939622,2.5130032253410875e-11
1018.0347628779217,10.696841215556882,2.4103457946664986e-11
1019.143239783876,10.717639681697852,-8.3793397312501e-12
1024.177782257393,10.812388170579537,3.1546904565233347e-13
1029.204954803219,10.90746383699451,4.915715031289338e-12
1032.6982149860976,10.973803747300629,-2.8028094564529114e-12
1035.3633836858626,11.024568684656609,-1.1081227814654776e-12
1039.2010120220777,11.097895953982084,1.794818382740906e-13
1044.169896695112,11.193241671765128,-1.487191649356813e-11
1044.5005304152407,11.199602193505235,-8.32319726636341e-14
1047.0481179472704,11.248678601161629,2.39135915135058e-12
1049.0536942767446,11.287397879015142,4.1326061278499144e-13
1050.4928049028233,11.31522673526654,-5.033873541585143e-13
1055.9705370542677,11.421501555278164,-8.618035425529272e-13
1066.962515221225,11.636427000872224,1.4416428334435208e-13
1070.9646228825045,11.715232649437368,-1.3108025941058053e-14
1071.7595506414762,11.730920722819182,2.301935757372801e-13
1072.9742189997196,11.754914951209306,5.0956239036446195e-12
1074.939261677362,11.79378941849627,2.822273193883937e-13
1077.3240449542757,11.841063162511402,7.310923940415281e-13
1080.5328999265505,11.90483786171268,-2.8843966608737164e-13
1082.2118623236368,11.9382821469304,-2.5775831412467587e-11
1082.250720905491,11.939056809745294,-1.0868565720204867e-13
1085.8809915470065,12.011550522934199,-1.8429078625547327e-12
1085.894725980217,12.011825249966508,-9.768636536721354e-12
1091.563736675333,12.125518016762616,-7.153690045324252e-13
1093.3683198156398,12.161833390005029,9.221922369998568e-13
1094.4419579274763,12.183467710435337,-1.5594067920246176e-11
1096.4863928387945,12.224722762895352,-1.7922678763753206e-12
1100.0841694039718,12.297509965329631,1.8522374117977522e-12
1102.9948847324451,12.356571604285865,2.108353331107227e-12
1104.4477297917256,12.386109829888929,3.0641919411261974e-12
1110.52107158292,12.51000974709375,-4.378665851729336e-13
1114.4340723650373,12.590197284179553,-1.5803297244880193e-12
1114.7606862974171,12.596903204669045,-1.3622680497286645e-12
1116.6543763168638,12.635822496618577,1.9855979514888262e-13
1117.5092670185845,12.653413931042884,4.3834809038082005e-12
1118.3041947775525,12.669783562790144,-2.4206086663869583e-13
1128.6657245105478,12.88421912757852,-1.5179561193127495e-12
1133.9424634727907,12.994183156865736,-1.426120362849704e-11
1134.8670317627261,13.01350340524657,2.9857609507193087e-15
1138.3505773001018,13.086438774103495,8.662433272433407e-15
1144.619217422715,13.218249024062892,2.632207544007661e-12
1144.7099993718298,13.220163206969888,1.1286186705243393e-12
1144.72373380504,13.220452817600533,-1.9807857617601306e-12
1146.8532558077454,13.265398943546119,2.424396443897702e-11
1147.1838895278704,13.272384858100162,1.3210837524618424e-12
1147.4974386748438,13.279011655381865,-1.855526594671344e-12
1154.9459083615777,13.436966040624489,1.7215390851157203e-11
1160.5087276043607,13.555599420890296,1.6785040155176328e-13
1162.893510881254,13.606632174330358,5.285786564260843e-13
1167.2108427594392,13.699286667764259,8.701381708994448e-13
1169.609360469542,13.750909747276642,1.6688050563743557e-11
1171.8336842091035,13.798878372862545,-2.0249680102319435e-12
1178.2028209262762,13.936736019369674,2.2650317175479647e-14
1183.216259038812,14.045775658678783,-1.3945771568774003e-13
1183.9592634305154,14.061975006194501,-1.4238245697508929e-11
1194.5217863526063,14.293364182478713,-4.384571898327859e-12
1194.891278654584,14.301495713230805,2.7600166164686674e-12
1197.049944593671,14.349052403560334,-1.8497681775850049e-13
1200.1137495317614,14.41669721388614,5.0974075581697374e-14
1201.4037903359238,14.445231360622374,1.2317888489094469e-11
1205.6782438444943,14.53999618656563,2.4155135135389083e-13
1205.6919782777043,14.540301222016371,5.543646472189636e-12
1206.502315539847,14.558304590709813,5.976158209323997e-13
1207.8757683654342,14.588846396231666,7.804559117951112e-14
1211.3609889727588,14.666504060807295,-1.4127397931649597e-12
1214.8833930919661,14.745217593322241,1.2262213058444058e-12
1225.606375551361,14.98624602054803,-6.781768970800021e-12
1226.0398505838366,14.996034101877875,1.7643750478618935e-13
1228.815230523593,15.058785583474021,2.6756273277924568e-12
1230.2794652982916,15.091949182073012,-1.1986193767213996e-12
1234.1633221439781,15.180106350903378,1.7095197318636694e-11
1236.2369009916624,15.227286960940692,-3.084739938700781e-12
1241.2737881828493,15.342222262919607,-8.4188304945726e-12
1241.358875274246,15.344167855149234,-1.8244258493366088e-11
1241.650650412514,15.350840566665191,-8.554443369913538e-12
1246.6583936673085,15.46560889415327,2.402524292789951e-13
1247.3025765344016,15.48040592239238,-4.290964865296392e-12
1251.2772153291974,15.571873372120152,-1.955750406181947e-11
1254.6351401233185,15.649375303007158,-8.776843091374559e-13
1255.6236911437438,15.672230936984414,7.182943575042029e-12
1257.0199234001946,15.704542966814651,-4.0557865062934556e-13
1258.093561512016,15.729413848720627,-2.447832800201938e-11
1262.2966623623827,15.826983168476174,-3.1579910332455877e-12
1263.0430168940236,15.84434280616059,1.2636659665639586e-11
1267.499703948607,15.94821552345256,-3.368607334033562e-14
1268.799459398226,15.978578042865445,7.190445985228334e-14
1276.948055106988,16.16963980521047,1.408083992762824e-11
1279.5401960785366,16.230674685599826,-3.937259465013635e-14
1280.0912522787396,16.2436658778772,-2.6076462398132905e-12
1284.0950350099167,16.338223328679486,9.435494783241003e-13
1284.408584156887,16.345640895812735,1.1047814282510948e-11
1285.8996181501948,16.380938759935923,2.2135030604044078e-12
1287.008095056122,16.40720673155438,-4.937965247667263e-13
1292.9923299680847,16.549408203225372,-1.046926379771407e-11
1301.8531110621693,16.761175641072526,-2.1801511001675646e-12
1304.907201354773,16.834501752243987,-9.202988899851171e-13
1311.175841477308,16.985544731692514,-4.9031823626763085e-12
1313.0233029871838,17.030197446526934,9.203890489161858e-12
1315.07745254393,17.07991957956809,-2.258104954103486e-11
1316.918549548283,17.124550678113806,3.795100513762906e-14
1316.9225693360295,17.12464819242907,-4.963447890500958e-12
1323.670913000575,17.28877307118943,-2.4031122677804625e-13
1326.0848402138315,17.347685332686616,-9.28426178156855e-12
1329.4273555047557,17.429437143858856,1.926613596389451e-11
1329.682616778944,17.435688826327922,2.0869457689008057e-12
1331.498589634652,17.48019901963076,1.2936310289330134e-12
1334.0461771666203,17.542743757330825,1.227576504919981e-12
1337.0248950132861,17.616024606192155,-3.0349897831070905e-13
1350.0767175944518,17.939045735556935,-2.3670658439693666e-12
1350.1155761763057,17.94001213644519,-6.404826942125421e-15
1353.3438604394391,18.020395709517533,-1.0560534056456176e-13
1353.9605744401092,18.035773593590562,-2.240664038676482e-12
1356.0730118696315,18.088500732631285,-5.573410495277376e-12
1357.318499234209,18.11962703041358,1.4307742452822826e-12
1358.5428822378883,18.150253756327768,4.3324248985191264e-12
1365.3860276392777,18.321936726018272,-1.6906917892222128e-13
1374.2176647969345,18.54478262229898,1.3635233558040818e-11
1377.89081380797,18.6378890738675,1.3891194219438708e-11
1378.561795893673,18.65492387765403,1.1118543639251415e-11
1383.4553081206398,18.779410510874445,-2.342971416699888e-12
1385.3741222886931,18.828343844005545,4.0254557770552094e-13
1386.66416309284,18.861280412604142,9.243778505904958e-13
1386.8269673479438,18.86543921430523,2.4686688671921728e-11
1391.0203535528149,18.9727266620633,1.4585800664760827e-11
1392.0122547131737,18.998151744706373,5.906060241058524e-12
1399.2078078433724,19.183135649361898,1.8802570381435417e-11
1399.4995829816382,19.190656751010206,-2.95539337675308e-12
1401.4321315829002,19.24051174012718,-8.112373949495205e-13
1405.3022539953374,19.34055819343491,3.762192189613267e-12
1405.3702565135814,19.342318591659044,-1.2444589447534424e-11
1408.6893227258186,19.428343631882846,1.5310917467964717e-13
1409.1261478982312,19.439680572876323,-6.7567320027749995e-12
1409.2403789260177,19.44264579503275,-1.4292017299572616e-13
1411.869033761625,19.510947127040836,7.26945179783318e-13
1415.3622939443983,19.601910793733385,-1.0934506237835766e-13
1417.3718900615622,19.654342052746284,8.784796144131605e-13
1420.89194946295,19.746361249197076,4.365713347897494e-12
1422.8107636310006,19.79661781273153,1.5809240601484235e-12
1424.4897260280447,19.840647941175927,1.4297234970729444e-11
1429.28676144817,19.966734432826012,6.821368395836333e-14
1429.8766762302223,19.98226917108747,-1.494899002770372e-11
1434.181948745095,20.09583776007855,-2.0532661215307013e-11
1434.7969876757913,20.11208971639642,4.864644303877798e-12
1440.9982949278428,20.276344072687305,1.8017640341174007e-13
1450.8412625367503,20.538509808429918,-3.616914252633056e-12
1455.2339668607897,20.65608467763125,-5.088516177633444e-13
1462.386641621367,20.848293348538373,-4.0264229686389234e-13
1462.769868356549,20.85861812332531,-1.5945862031586838e-11
1465.2008801429397,20.924176694261934,-3.5203639340205617e-13
1468.5588049370215,21.014910929182303,-1.4445912450154027e-12
1469.0247740458235,21.02751825678482,-1.6939461314151514e-12
1469.102491209531,21.02962137277807,1.8733521000562912e-11
1470.872235555684,21.077542807356046,-9.485503675421587e-12
1470.9573226470793,21.079848263500836,-7.308918448687991e-12
1476.9010239071602,21.241224381310758,-2.2227628702652114e-11
1478.340134533194,21.280395212447875,-2.458593299262172e-12
1482.492987086223,21.393644667834224,4.106684434558979e-13
1482.748248360409,21.40061607813363,7.225993668754246e-14
1483.4523941702455,21.419853142757795,-1.598341249865289e-11
1489.3475222030058,21.581264690479955,4.4692164772765526e-13
1498.3590481888655,21.829242010193706,2.195703666509072e-11
1503.3667914435905,21.96769067074382,7.473176437768724e-13
1504.1017562597872,21.988049055761223,-2.8327531303290394e-13
1505.8195772386794,22.03567117602248,9.65598141316054e-12
1506.2450126956558,22.047473666071586,3.076016174989378e-12
1507.368899104751,22.078668717898083,8.761129508442941e-14
1511.809507008293,22.202151636065803,-7.741000012306512e-13
1527.387812760399,22.638220221426142,-2.9291691347733334e-13
1531.4515584342782,22.752707932228354,-1.1293342446427424e-11
1533.6564528828662,22.814953619614098,-3.7340273858411645e-12
1536.4107284616798,22.892834517624475,3.841205346036808e-12
1540.8520060130209,23.01871203596002,-2.0480291007835475e-11
1541.447615652787,23.035620815083956,-3.18892183182358e-14
1542.6217503591688,23.068972497229712,3.687188639595837e-12
1544.6758999158928,23.12738236761992,-2.5441908171511403e-11
1547.9561075462561,23.22081643626685,-2.394620600147046e-13
1549.323865514101,23.25983447161683,-1.4515205588281279e-11
1550.870842662395,23.304006622713874,-9.372428290312164e-13
1552.2734394243469,23.344094261892252,6.510310550828457e-13
1553.638852674416,23.383153968832108,7.835983834918725e-13
1554.0796976345725,23.39577233832632,3.697724655102026e-13
1558.4358880945156,23.520652678887473,-2.652620833310582e-13
1559.4277892548673,23.54913669356644,2.362559464870025e-12
1563.1511865631612,23.656221656769688,1.299750015941715e-12
1563.6737684747704,23.671271557059555,1.2384346053034438e-11
1566.9151175232787,23.76473193226332,-1.1822244700922402e-12
1571.093094224937,23.885484331795,-1.466467494472014e-11
1573.6309671114143,23.958991228735,-2.0327590530789704e-12
1576.5416824398042,24.043443195777638,-2.7028444324838123e-12
1583.9017148950206,24.25768460980915,1.2401777417299976e-11
1587.5902734092033,24.365429324638182,-6.788335889065385e-14
1588.1413296093983,24.381547480985272,2.244215641366562e-11
1588.3074840044421,24.386408523001748,1.7463818755358333e-12
1588.3560572317595,24.387829685892168,8.197817356248965e-13
1592.0308813127322,24.49547427264681,-7.093544024400005e-12
1593.9496954807694,24.551779889453655,-8.525761573828569e-13
1602.2125222171903,24.7950188503596,1.9459633982737054e-12
1606.0501505532636,24.90841766388938,-1.2182414788647677e-12
1606.6943334203452,24.927479337837596,-5.444191412411506e-13
1610.6689722150718,25.045259853539907,3.734906740739111e-12
1616.42541471918,25.216356508623406,9.889712818021474e-12
1618.2567970780456,25.270918011806785,-1.4468426494877089e-12
1620.618800924012,25.341379294994738,1.6433598346398423e-11
1621.0733803173769,25.3549517121138,1.58686089902297e-11
1623.0498127103879,25.414006481932834,-1.2161991674466978e-13
1623.9378671362203,25.440564514787173,-3.284300521438717e-13
1631.6844764665464,25.672849616015693,-8.852681782607843e-12
1636.4403085870044,25.816002738830502,-6.776136289723752e-13
1636.5180257507116,25.818345527415442,-3.406920051436586e-13
1642.0825200633224,25.986376712251626,1.252120276122077e-12
1643.156158175125,26.018863032923882,-1.831423938199974e-11
1646.034379427176,26.10605749200044,7.5530876847191e-12
1646.9703374325202,26.134444812169686,4.5505383577323264e-12
1651.4635383511034,26.270946902231774,1.0632959479417306e-14
1652.3840868532666,26.29895878918396,2.627652759667722e-12
1656.207980756124,26.41548529883639,7.58559962276881e-12
1656.763056744064,26.432422660449625,1.7877768577192064e-13
1660.6006850801307,26.54967774544055,-6.189584098496403e-13
1664.1230891992611,26.657540232351927,-9.609173651577568e-12
1669.950884361545,26.83649991048242,-4.14013414979758e-14
1674.0802878358725,26.96368415542346,3.597737287762595e-13
1679.225041549221,27.122580303214615,-3.0965514894833945e-13
1691.5053854499358,27.503830635097714,-1.290008813178925e-12
1692.3545812939126,27.53029709912245,1.312904324555933e-12
1692.3683157271225,27.530725262523095,-6.388011355631074e-12
1696.238438139517,27.65151264059392,2.22123639004655e-12
1697.7415314960376,27.698498904127977,-8.809071278100087e-13
1698.7009385800532,27.728511451853304,2.1106613305355828e-11
1703.4339912696335,27.876820809222735,9.678085378597402e-12
1703.826263002471,27.889131091207574,1.5365546639938733e-12
1707.9385819036436,28.018354607901383,-1.2735477880424257e-11
1714.8205858867934,28.235308248416153,9.239083426942941e-12
1716.1843240668843,28.278403360942363,5.8508556932965484e-12
1716.7102561184333,28.29503234762804,1.8152747596777993e-13
1716.7394000548231,28.295953973322558,2.639752962005262e-13
1717.290456255016,28.31338310054217,1.2299918321690677e-12
1727.852979176839,28.648541920394024,5.205011618989954e-12
1728.942026791819,28.683215299988692,-5.066249191916755e-12
1730.534227027479,28.733947502548137,-4.991934058451861e-12
1730.5667211038108,28.734983346042235,5.199235746468596e-13
1731.0618341489985,28.75076892496821,-2.053544143717143e-12
1736.409925769264,28.92156876181124,-1.3120550304970444e-11
1742.2320260738193,29.108105807168187,7.908425205549584e-12
1743.6054788993727,29.15220154008788,3.2413890673719044e-12
1743.8972540376349,29.1615736747522,6.565518149518546e-12
1744.7658791725373,29.1894841420594,-2.041134441415366e-12
1746.4837001514156,29.24472170108691,-5.860517789800582e-12
1753.523818954109,29.471668805151765,1.5010314874246096e-11
1754.450731961792,29.50161703039851,2.7362662907288014e-14
1759.4464158532369,29.663298286863977,-2.8375405058934918e-12
1765.2896205186858,29.852992191902285,-9.698567452418548e-12
1768.5179047817694,29.95806500031283,1.2903060554507635e-12
1770.4504533830063,30.02105662130162,-8.204470324480889e-12
1771.0460630227685,30.04048444783178,-1.6518469186363849e-13
1773.6844325038064,30.126622394755863,5.689983444360731e-13
1776.1194640779183,30.206235513782396,2.4940149003029276e-13
1778.9223128840279,30.298009598100116,-1.6353811670237796e-11
1779.194658731363,30.306934771427716,-1.0806936410687324e-11
1784.0962105337514,30.46779939679564,-1.199601735478975e-13
1787.933838869805,30.59405588225455,-6.3963597616775315e-12
1788.624250246425,30.61679894252137,2.4780776270258456e-11
1790.36485065617,30.67417558583678,-1.1614528444370139e-11
1790.465347250745,30.67749003034977,-4.864996824199695e-14
1795.2389335921382,30.835140377683633,8.035052446300891e-12
1799.1000110068633,30.962961674044934,1.609950215530034e-13
1799.3164136991936,30.970133830587372,-1.037046724181694e-12
1802.823408315131,31.08648515889619,-4.727093208954137e-13
1810.233019419783,31.33305834040525,9.077782063874149e-13
1813.4224451010093,31.43950574215726,3.763127752811035e-12
1815.26990661085,31.501250661608797,-1.6351961629064625e-12
1817.1733112756947,31.564931041202,4.033140889095866e-13
1823.6235152963318,31.781225590708246,3.0343576522212415e-12
1830.9835477514973,32.02896557098183,3.873278830258162e-12
1833.7451932579743,32.122180493867454,-9.92840508814057e-13
1836.2927807898966,32.20829480914396,-2.820048596605105e-12
1837.0877085488369,32.23518966728103,-6.979914162481176e-13
1840.6369118865662,32.35541217106137,-1.2178316598156353e-11
1841.0898162099575,32.370770136885774,-2.2107138795670503e-15
1850.6718276868394,32.696581344863425,6.3569667958442235e-12
1851.7665701595333,32.73391284904365,7.307935741958961e-13
1853.6214015970604,32.7972143219809,-1.0807802839410523e-12
1854.0873707058568,32.81312682213274,7.673708591596556e-13
1856.00618487388,32.878695051762925,2.060808594218836e-12
1856.20717806303,32.88556715936467,1.7196646427313863e-12
1858.9209199899935,32.97842487967964,-5.160222851742549e-13
1861.2829238359452,33.059357391171226,-9.97395085025687e-12
1864.567151254026,33.17206008008077,-1.6006431979546363e-11
1874.5729231179043,33.51664638370859,5.167809952284361e-13
1880.8083995161737,33.73232116273103,-8.533214870484231e-12
1883.5998586068424,33.82910518455028,-1.0640313246298014e-13
1889.073570970308,34.019303587295774,-4.385857656868882e-12
1891.6017292113008,34.107337359908165,8.382903877759125e-12
1893.0482097650054,34.157758654835206,1.8933215687042524e-11
1896.3575613317273,34.27326070653586,-2.0265680470564592e-12
1900.080958639987,34.403454844893666,2.732116522251119e-12
1900.1951896677713,34.40745314068948,-9.05322168370027e-15
1903.678735205028,34.529499066552575,1.8635877494063085e-12
1905.951632171837,34.60925045799303,-7.1522631166829965e-12
1907.5488576174032,34.66535082558026,-2.887375836539425e-12
1914.4017176641314,34.90658154334703,4.077413373513135e-12
1914.8351926965952,34.92186959017421,4.178621098766208e-13
1917.6105726362775,35.019835311961984,-1.6086700422572604e-12
1917.6226319995158,35.020261294535985,-3.1293326905399936e-13
1922.9586642565205,35.20901308887295,-1.0278146433946586e-11
1925.285829308362,35.29149629296175,5.45223642204227e-13
1929.8681371060557,35.454201579975226,3.920416805150932e-14
1930.4459925248598,35.47474711790901,5.1431773833076164e-12
1931.9879444632252,35.529601026895804,-5.662300725916328e-13
1933.03243863863,35.56678309064462,3.877011619927459e-12
1935.9334393215295,35.670158778080385,5.161384067466508e-13
1936.428552366715,35.68781736705773,1.5758139849115553e-11
1940.0725574412945,35.817922540430864,1.1758501356581129e-11
1942.6492889096014,35.91006952346717,-2.0557815463006916e-11
1945.7827714358145,36.022291386034354,6.591863984467425e-12
1947.5987442914848,36.087411026683206,9.619436411327976e-12
1948.2137832221715,36.10947970561808,-4.012447931346244e-12
1951.8383590058238,36.239677395330844,-7.59747646519459e-12
1963.3512440139432,36.65483466361584,-9.164435078736526e-12
1965.0164719777501,36.71508528198998,2.8329099863313847e-12
1965.4419074347218,36.73048641119084,-1.5455690811181302e-13
1965.7433972184458,36.74140261903289,-8.465719961438994e-12
1967.447483764106,36.803134903840416,2.70174555624695e-13
1970.2389428547704,36.90437395733794,8.596596872011472e-15
1973.2039262681647,37.01206349230395,1.6789921544572173e-11
1975.8034371673375,37.10661212794102,-1.1694522574744064e-12
1977.6485539593968,37.17379769864835,3.6312146901544946e-13
1981.7876720791594,37.324742045492634,6.294329517559447e-12
1982.5192867554047,37.351455211540824,4.027717113436944e-12
1996.8691897159167,37.87740100048377,-3.4364317277344466e-12
1998.4858444524073,37.93689159876762,-4.20720475280536e-12
1999.089493667659,37.95911737704775,1.4623720566126427e-12
1999.9711835879623,37.991592406197235,2.9478752864568552e-12
2000.6056518095745,38.01497045013696,-1.685107411935778e-11
2004.288515466003,38.15081817366192,-1.911557807338158e-11
2006.4009528954832,38.22885122178041,5.549453397924037e-12
2014.3485554148888,38.523170585748424,-3.4533363163590387e-13
2017.5322862383853,38.6413984136129,-2.5623415361899505e-12
2020.293931744853,38.744103330165565,-7.777480746832568e-13
2020.785694650096,38.76240660722943,1.883632109028135e-14
2021.5029052453274,38.789108970106554,3.0695601321736916e-13
2022.8706632131552,38.840058032584984,1.5928462295863407e-11
2032.4218556836436,39.196801035188855,-5.325733225660653e-13
2032.8278618496884,39.212002853499754,1.0213629433366929e-13
2035.9030565031167,39.327243917687575,2.8656829818106134e-12
2038.9109182861064,39.44013024471479,-1.51681977397086e-14
2042.7559165498294,39.584677343948115,1.3471081328511519e-12
2043.0986096331812,39.597573608064295,3.638427976846578e-12
2044.8683539793074,39.664207256176034,-8.470018878063164e-12
2050.8971423306916,39.89163361633557,6.540775904242271e-12
2054.26880155793,40.01911596953885,-4.4032058536092966e-12
2059.017263750656,40.1990103424389,-1.5244886164741132e-13
2063.1175232885594,40.35468188035952,-3.875976984305569e-12
2067.3571380028893,40.51596987162697,-6.6845248950618015e-12
2067.496493179317,40.521276991853334,1.0928704002383827e-12
2073.3396978447304,40.74412811576418,1.1254330788287385e-11
2075.032394674954,40.80880253908011,-9.44570998264163e-13
2075.576080947455,40.829586858888476,-2.1302844002626935e-11
2089.9259839079455,41.38013081376852,1.8175489024431832e-11
2094.0975961040313,41.54088923481588,-2.2618316469739443e-12
2097.3185104394065,41.66523060027763,2.6663231860249363e-12
2098.8484030145287,41.7243580805692,2.282325293996544e-13
2102.353052912671,41.859968739862545,9.201895309296205e-13
2104.157636052902,41.929884417678586,-2.589510080876525e-13
2104.1713704861118,41.930416766267605,2.070174999558893e-13
2105.231274164694,41.97150926487036,9.71445495246868e-12
2105.4476768570235,41.97990174784682,3.323173022001886e-12
2110.5170581243947,42.17674820610943,1.1026167725010516e-12
2112.9155758344127,42.27004875117026,-2.8663115338519043e-12
2113.72591309653,42.30159421384416,-4.350174832121677e-13
2113.8424888420886,42.30613336374261,-9.962631476266779e-14
2115.6293177613643,42.375739060818745,-1.6050087106888922e-12
2118.672018338458,42.494402425478405,-2.2717784603514378e-11
2119.074004716755,42.510092389288076,-2.7794210854252833e-12
2121.200176579441,42.59312868866573,9.444436066912462e-12
2122.9772908532523,42.66259665266019,1.2344142646515897e-11
2123.319983936604,42.67599932542314,-2.81909174053193e-12
2124.0857677591507,42.70595682889578,1.0847484876613579e-11
2126.5613329850707,42.80287497627029,1.3908195402063678e-12
2136.1878979014746,43.18082711615148,3.1797348866154412e-12
2147.325595749877,43.620238446571925,2.3288762136877312e-11
2147.953699465966,43.64508684782395,-2.0545082191920734e-12
2149.9348212945056,43.723509587415684,-7.324633493259089e-14
2153.1145323302503,43.84952964143169,-1.2131487520299255e-12
2153.996222250551,43.88450624183691,2.1164079167867333e-13
2154.630690472162,43.90968442824095,-2.016544460792052e-12
2161.8587376785454,44.197045107711695,-2.289295861606936e-12
2162.1374480314,44.20814488035794,-6.603727411628724e-12
2165.901378991467,44.35818537146446,-1.6829069566969637e-12
2170.772111787461,44.55273334457695,-1.1810824393954351e-12
2171.543590467724,44.583588021547094,1.7112268507926045e-13
2174.0174806236714,44.682603240057176,-4.642066102585219e-13
2177.9030125392096,44.83834572977028,1.7021072800763e-12
2185.122014747932,45.12844094047308,1.0076935578423735e-12
2185.4874872621513,45.143152963857474,-1.8439379738039175e-14
2187.1543902959243,45.21028501655465,-1.320022695850829e-11
2187.1932488777775,45.211850598922126,1.4069505736916216e-13
2189.731121764221,45.314159775290996,-6.420305786346984e-12
2190.3753046312945,45.340147575121925,-1.410228470277304e-11
2192.9496913818166,45.44408049863976,-3.6711533570314525e-12
2194.6149193456176,45.511373965052215,1.46737480279095e-11
2196.086524047959,45.570885445486944,7.971607615798107e-13
2198.4850417579746,45.66796664884302,-1.7046319048344107e-12
2205.680594888022,45.95984609150262,-1.7193025023185648e-12
2209.0385196820444,46.096382892140674,-5.523521263652228e-15
2212.117734123211,46.221769594027485,4.537709801995359e-12
2216.4092722047913,46.39681388388054,-2.1031731505858383e-13
2218.312676869623,46.47455901578373,2.616339725407682e-12
2220.96645585382,46.58306479845708,-1.339001942709722e-12
2222.4517949893707,46.64385288855366,2.244816053891658e-12
2233.3359066335483,47.09052944400686,9.399567728059795e-13
2238.8712570097046,47.31853357150148,3.642820258871634e-13
2241.068781530571,47.409207328566595,1.5417112007669703e-12
2242.5216265897893,47.46920313734086,1.2911829761701791e-12
2242.991615486329,47.48861983736265,3.8740185792217116e-13
2244.478629691849,47.55007981237486,-6.069063115462982e-12
2247.8211449826895,47.68837842139317,-1.2450626082876448e-12
2252.439966644438,47.87982366762164,2.401932011238881e-12
2259.888436330887,48.18938266710579,8.815988681109329e-12
2263.4724784626987,48.33869993243197,-1.8076109142078569e-12
2268.1073792754305,48.5321486087637,2.6203494971550598e-11
2272.6970570007893,48.72409973727038,1.8845983744363037e-11
2272.8632113958306,48.73105598330149,1.3292790567982635e-12
2274.2658081577615,48.78979758564428,3.269945135801068e-13
2276.37020601174,48.877999016346216,5.187081235493781e-13
2281.934700324283,49.111616184264044,3.747376466463291e-12
2282.457282235884,49.13358532075494,-2.2356676206168672e-11
2283.8672489255027,49.19288485829186,-1.7638515485225487e-12
2285.571335471156,49.26460318893916,-7.818620266966635e-13
2290.180442487439,49.458850461270444,1.136286978739633e-12
2290.212936563771,49.46022128828567,-6.116369793504753e-13
2292.6114542737837,49.56146121576649,8.913101227106809e-12
2299.464314320472,49.85130005901458,-2.2452949525024165e-12
2305.1745283149626,50.09347189636847,-2.400001256920146e-11
2306.373787169968,50.14440913258104,1.2254465196467942e-13
2312.733209241444,50.41496150851504,-7.777414703349315e-13
2315.6965175848536,50.54128560424182,5.732569436608206e-13
2316.1990005577236,50.56272219832223,-3.3147721383239414e-12
2319.0926313129194,50.68625885820794,3.3380540365504377e-12
2319.4078555298506,50.69972592025572,1.3077829681759865e-12
2319.8259210591327,50.71758940970899,-1.5872629447028874e-12
2323.7640459897266,50.886019248711776,8.042007820908951e-13
2324.755947150062,50.92848695269763,8.35570529242133e-12
2329.5529825700874,51.13412516107424,-2.6415000626047575e-12
2332.2432754183583,51.249637539477014,-4.1811839085060925e-12
2338.1876463261315,51.505342134905575,2.147837562810807e-14
2339.8568940776754,51.57726398200316,-2.8646101913122252e-11
2341.1794289581244,51.63428366861518,-1.579633730794214e-12
2341.869840334738,51.664062821954566,-9.55914477842021e-12
2342.883515503776,51.70780105347958,9.34565913272033e-12
2345.0421814427864,51.80100661743022,4.860436858323133e-14
2350.1115627101426,52.0202267588758,5.72309170474318e-14
2352.9184313039727,52.141810502037245,-1.4601951367181443e-11
2353.6356418992004,52.17290083902259,6.1764022359380595e-12
2365.148526907256,52.67326933806702,-9.198473122504442e-12
2365.183365701362,52.674787193492115,1.5710811887262796e-13
2367.5406801117447,52.777542527105076,6.882228581319507e-12
2367.5818834113743,52.77933948913795,-3.9814313254557865e-12
2376.8195267348574,53.183001887225956,-9.180234767371191e-14
2376.9240431171784,53.187577990318246,9.329010254242046e-12
2381.931786371812,53.40707079230331,3.3969330428588862e-12
2382.906602958996,53.44985138188679,1.7346309942588728e-11
2383.26973075544,53.465792004497885,-3.569534190747487e-12
2383.5849549723707,53.47963172015762,-5.116977416768637e-12
2385.033780243841,53.54326499777433,-1.3352965463069738e-12
2386.5368736003434,53.60932262870201,-2.085995031770766e-12
2388.3819903923927,53.69046833369016,-5.356004184121559e-13
2389.3511121218603,53.73311409743048,-1.4300211111604923e-11
2395.2948133818245,53.995042417507406,-1.4529219463770619e-11
2400.1963651841656,54.21153467710419,-3.7886402787740745e-13
2400.3705591547,54.21923663831447,-1.3306079976456e-12
2401.7684664810768,54.281065149667405,-2.3964689475967564e-12
2401.8461836447837,54.28450358438581,1.0328575219975913e-12
2405.848291305871,54.46171892275296,-1.8619742933705315e-14
2410.2888992093312,54.658696575138755,8.29765371572286e-13
2418.567135448808,55.026874506814416,6.070292967069119e-13
2422.091214637863,55.18399244465332,6.322664874545116e-13
2431.0273681776207,55.583428445890405,-4.754087935635478e-12
2435.2790422551707,55.773989916788956,-8.905340988359958e-12
2435.5229138139175,55.784930420201924,-4.765159976740578e-13
2439.3313982135437,55.955927818248014,4.352554787630325e-12
2444.553199442726,56.1908161316658,-1.0951208292563505e-12
2449.3502348627453,56.407040183269075,1.498943192032593e-12
2449.8453479079276,56.42938129737487,-7.381804844528091e-12
2456.003776790246,56.707647075097256,2.3839579139760027e-12
2456.066084450771,56.71046598801597,-4.4194925631817075e-12
2458.2401598929596,56.8088699324953,-8.309421621165445e-13
2461.0155398326215,56.93461690056409,7.213943729209222e-12
2462.47977460727,57.00101565396873,1.3473631310704049e-12
2465.5978476302826,57.142542719400176,1.6279642516119156e-12
2469.1544208956666,57.30419163478697,5.434108846214615e-12
2469.195624195295,57.306065720920294,-2.0588088422778808e-11
2472.120073956847,57.43916093734474,5.172172390909159e-13
2477.674853623915,57.692399432104224,-5.483294153378725e-13
2479.160192759461,57.76021130989345,6.981886212148201e-12
2482.067557947861,57.8930621883197,-8.002591025336446e-13
2482.3811070948223,57.90739899165402,-2.635633621831488e-12
2483.545527155719,57.96065709033878,1.7565621390790016e-11
2486.8354494314885,58.11126611509336,3.060887732023e-14
2495.5796547797518,58.51253541614994,-6.071549671407081e-13
2495.8948789966826,58.52702727563058,1.838722181998125e-12
2497.7058266424274,58.61031776002297,2.952059343232297e-11
2506.5351190820834,59.01726658013848,1.4668820773208283e-11
2507.4620320897543,59.060071997876975,-9.628303491072321e-14
2512.457715981144,59.29104828946238,1.9441565726429307e-14
2519.778889854385,59.63037453649326,5.885491930503713e-12
2524.7745737457726,59.862484273341934,-1.0034937356899116e-11
2529.4322539893615,60.07930378424512,7.320692470041592e-12
2531.447544964195,60.17324138473087,-5.545618498239319e-12
2534.6563999363157,60.322968295942204,2.187922133095517e-12
2534.8192041914153,60.33056988641934,1.9348565768330714e-11
2534.997417949696,60.33889153094094,7.240265181557455e-14
2537.294769417324,60.44621813430757,-4.271506456031551e-13
2540.004491556516,60.5729346438471,1.397909607414403e-11
2540.5619122622234,60.59901844668798,1.7304482658100831e-12
2540.945138997397,60.61695438129603,2.2507109280825472e-11
2547.2000446865386,60.910081460573025,-4.940070250855588e-12
2547.4918198247965,60.92377267227467,-6.995116530332324e-12
2549.1228786422903,61.00033711128733,2.3374538243502367e-11
2553.4361907325574,61.20304684527966,-4.606879074744852e-14
2555.7935051429354,61.31397674459809,-1.7204848413326673e-13
2556.515405173713,61.347968205355585,7.821676881971481e-13
2557.1183847411567,61.376367522585625,-1.599242588783054e-11
2564.428168898961,61.72117871794956,-4.880545308253217e-13
2565.364126904291,61.765400050386454,2.9742919512592203e-12
2568.8841863055954,61.93185723367227,1.0333094937922145e-11
2569.4553414445118,61.958887639528776,-1.1474841063670024e-11
2572.948601627202,62.124339936863215,5.6406047824887855e-12
2575.613770326824,62.2507222682403,-5.427960834303861e-13
2577.7044337475877,62.349953129453155,3.3190153219161907e-13
2581.1491207029617,62.513626731436986,-3.610778382815431e-13
2581.84355186732,62.54664896093871,-1.138106062134849e-11
2582.789224518113,62.59163274195857,1.151392504748124e-11
2583.9948478786373,62.64900575346144,-1.3628865908395505e-11
2587.2985045876135,62.80635684761387,-4.812523842520853e-12
2588.95167318817,62.88517170360764,1.0730759330040158e-11
2597.1803307781524,63.27822209918319,-4.4853976271286545e-12
2598.833499378708,63.357337881400106,-8.560658624009862e-12
2606.4179741016173,63.72095381364945,-4.754938648263836e-13
2610.7621051982424,63.92969801983743,-1.249735552296002e-11
2611.2150095216293,63.951480990705676,2.6379022441442078e-14
2617.0170108873795,64.2308693834841,-4.009265109542386e-12
2618.8644723972,64.31996183032302,2.4920765252712733e-12
2620.783286565205,64.41256176676424,-1.3407469180099207e-12
2624.2490778814745,64.57998906211081,-1.8248502991133763e-12
2626.33237137455,64.6807363902386,-8.3238818046487e-12
2627.1427086366625,64.71994560693652,-1.2855491403366152e-12
2636.394086393335,65.16844282949909,-5.7823072691131655e-12
2636.6111587334676,65.1789852023432,3.743933986603015e-13
2637.3397590441273,65.21437687722938,1.0577726612224704e-12
2644.3189094818163,65.55388375050696,1.2959178974885645e-12
2644.6981164292433,65.57235630389971,-6.166347787325271e-12
2645.090388162076,65.59146807795608,-2.193276819409788e-13
2648.928016498084,65.77858972824312,3.225511423768697e-13
2649.5721993651555,65.81002649018653,-4.136840801216651e-12
2650.7714582201584,65.86857187200266,1.0220662889200431e-12
2659.8017438489505,66.3102628891865,-1.832117560365931e-12
2661.685719222848,66.40260162937952,-7.166626625464628e-12
2666.5313278701747,66.64039838410761,-2.6078937760032544e-13
2668.929845580181,66.75826493455963,1.7434971811951585e-12
2675.275533218425,67.07061205773618,1.8879588576127032e-12
2678.840815707101,67.24642766725071,7.65937874661078e-12
2684.402965301848,67.5211828434375,9.091146798328981e-12
2687.7478253104496,67.68668430006156,3.733938876687e-12
2688.844242853103,67.74097916319123,-1.605055244925033e-11
2689.439852492858,67.77048317934626,-1.0796175671478046e-13
2692.668136755901,67.93051260866386,6.683982260228991e-12
2693.083857567405,67.95113427698281,1.1490313831579188e-11
2693.190718667501,67.95643559441254,-6.534923268359349e-12
2695.1962949968693,68.05597009828851,8.432032978713023e-12
2698.794071561875,68.23470939101567,-2.319388568865083e-11
2701.261597212288,68.35743511221723,1.8252160128508388e-12
2703.143897516214,68.45112927163353,-8.176782785480027e-13
2711.143423402818,68.85004506159608,3.076135123836441e-12
2714.6155792246077,69.02355940721742,-1.9759816975397908e-12
2717.107223601498,69.14821143152292,3.582002101824594e-14
2725.547594448248,69.57131627829763,1.9795666750755553e-12
2735.5671007452315,70.07528467169966,-2.605905747149953e-14
2740.02311815186,70.30001076280766,-1.6788149628226077e-11
2740.3641361652394,70.31722406716119,-1.0257338270759245e-13
2741.6541769693513,70.38235984583231,-2.875068089750701e-11
2742.9767118497953,70.44916811495914,1.2840863474545138e-12
2744.768230204611,70.53971861651883,-2.293514663035648e-13
2750.2459623557675,70.81695185035352,-1.5529310280002925e-13
2750.590330509087,70.83439911634304,-8.373258740563354e-12
2751.912865389531,70.90142508797813,2.3297981352731573e-12
2754.6865702592145,71.04210089489256,-1.843087133016617e-12
2756.262691343868,71.12210120518529,-1.200651240320637e-12
2759.4715463159837,71.28511678075341,4.736947974488922e-13
2759.5881220615415,71.2910426077895,1.379294415484149e-12
2764.8196379361752,71.55723090258634,3.0265344719551992e-12
2768.6110377626396,71.7504587604367,-4.317202905557026e-12
2769.0656171559967,71.77364407638515,1.2435865450658792e-11
2770.5435863638513,71.84905255765777,9.015555482765217e-12
2771.0420495489743,71.87449406374924,-2.8783115796442816e-13
2772.306966204443,71.93907581451316,-1.5144717739061543e-12
2777.9588923261313,72.2280013606142,-3.0775055360539984e-12
2781.933531120788,72.43153665789455,-3.46242347838886e-12
2786.113852540142,72.64591863797305,4.051198439469268e-12
2786.2800069351833,72.6544462870152,9.968022061968858e-13
2786.831063135367,72.68273213947197,1.0854563381085497e-12
2786.872266434996,72.68484733989841,-3.758100478451117e-13
2787.643745115254,72.72445751626374,5.403940643513781e-13
2793.640039390262,73.03270016173838,5.070290856209236e-12
2793.6993326852075,73.03575147162285,2.237153464935858e-12
2801.222169395385,73.42341175855037,3.206380461271542e-13
2802.5470489936038,73.49179226827299,6.354462740069418e-12
2804.200217594158,73.57716197862942,1.795213536091185e-11
2807.6043708977027,73.753111192122,2.4928043180991485e-12
2812.881109859709,74.0262699446047,-6.520164292343185e-12
2822.0725246736192,74.50330291159216,1.2179456120225497e-12
2823.6486457582732,74.58525965334763,-1.853409201789797e-12
2824.3454216404057,74.62150589835029,4.621085484154929e-13
2825.138674329366,74.66278174814444,-1.7575185942690956e-15
2832.509426852072,75.04686329421075,-1.5635628087615036e-12
2832.8246510690024,75.06331158515411,3.86454609079883e-12
2839.4976222874097,75.41193441918837,-3.0528925874830955e-12
2841.1286811049013,75.49727223495262,4.368371829212628e-12
2841.8321572669165,75.5340935867869,-8.680168763208352e-13
2842.103497692081,75.54829852450995,5.088272879054e-12
2846.2563502450157,75.76587365567894,-1.3928339248099147e-13
2846.6931754174175,75.7887781480144,-5.544623804806973e-12
2851.426228106925,76.03717641685536,7.584194336237444e-12
2851.8597031393847,76.0599465155528,-8.030117670041238e-13
2854.7841529009283,76.2136559819119,7.646941905056997e-14
2858.621781236932,76.41560124644161,4.1083548467682683e-13
2860.083671293801,76.4926007846589,2.673502923941127e-12
2862.154905423634,76.6017626214587,2.290102410090517e-13
2874.2828293623234,77.24253595315405,-4.3658469734990665e-14
2874.296563795533,77.24326314157587,-2.4699972237081327e-12
2875.988590977939,77.33287642651399,-8.456690592972048e-14
2876.93426362873,77.3829841946981,-1.1989404100742009e-11
2879.1706467314375,77.5015475777973,-2.1426368903437544e-11
2880.9574756507,77.59634374893561,-5.675453098212513e-12
2884.6168902284244,77.79066928391352,-3.9665687574173626e-13
2889.1991980260705,78.03435096614386,3.1070199317517456e-12
2891.5977157360717,78.16205550169138,1.0972741093436308e-11
2897.042953810892,78.45237028015354,5.664774396622184e-12
2901.6714901180785,78.69957176630747,-2.487742728758784e-13
2908.43926307334,79.06173626123912,8.62863903028635e-12
2909.218111681286,79.1034689982334,1.9682457246332676e-12
2911.3928567712724,79.22005666537473,-4.83313579627758e-12
2915.262979183605,79.42774865575743,2.2202050834334264e-13
2916.510141618117,79.49473701196206,3.053483267184742e-12
2926.914549720233,80.05470153130136,4.29591636304733e-12
2931.229536880459,80.28751882527811,-5.950812566454701e-12
2935.3093617052364,80.50796326591737,2.6491917550974915e-14
2935.9260757058873,80.54131273956948,-5.012279596408088e-12
2935.958569782219,80.54307008603215,6.659857921802255e-13
2936.0265723004613,80.54674786498978,-1.7268138732131007e-12
2941.235308744221,80.82870501088911,-1.443690696656066e-12
2941.578001827571,80.84727305184911,-7.731077817552575e-13
2942.7424218884635,80.91038065308841,2.2588514150962185e-11
2948.028205848125,81.19716616100166,6.299823020447857e-13
2952.1194203883347,81.41949244663215,-1.696503348764445e-12
2954.2878009727997,81.53745239571204,6.8339358432702504e-15
2955.6126805710164,81.60956850035305,2.200008473291253e-13
2958.225256255569,81.75187147531537,2.148195853055702e-12
2963.061150257424,82.01560693233553,7.741971603521308e-13
2963.262143446571,82.02657783496818,-5.535271200956425e-12
2964.838264531222,82.11263376645502,-3.6346383879997336e-12
2968.792468612782,82.32873401954271,-6.19271002440545e-12
2974.366677570758,82.63385796038718,-1.187893007534365e-12
2980.188777875226,82.95316221659779,-3.3539651868913907e-12
2983.6408347582783,83.14277990617488,9.251305542907664e-12
2990.6444396967913,83.52815467463974,1.2148517395330504e-12
2993.853294668902,83.70502438964368,-4.792971918720515e-13
2995.857195928296,83.81557415617917,-6.231533265121571e-14
2999.2013862890867,84.00022874386967,-3.062327730434978e-12
3002.0796075410863,84.1593190866248,1.8158931560962107e-12
3006.688714557344,84.41439998114673,1.532381525321679e-12
3008.3197733748334,84.50476108901545,-1.174237575932419e-12
3008.621263158554,84.52146907244472,9.540121489055236e-13
3008.9964503182337,84.54226356090393,-1.76305729392234e-12
3009.2751606710867,84.5577125677337,2.6199131658787013e-12
3009.3528778347927,84.56202071089503,-1.0263210192264647e-11
3011.842177493903,84.70007043911612,3.749880277824731e-12
3014.1087099551646,84.82586539038068,-2.217750992458525e-12
3016.315279473676,84.94842324283562,3.5033659009624383e-12
3016.470713801087,84.95705979772963,-4.2336275010491693e-13
3022.5651599528846,85.29604249702687,4.049402042233762e-13
3023.702780795164,85.35939453776437,8.756474962575507e-12
3028.081081038081,85.60343656782864,-2.263604722286702e-12
3029.015363973437,85.65555826941306,3.886618152826285e-12
3037.065807805116,86.1053419787321,-1.4845957310092642e-11
3038.1913692841563,86.1683229811508,4.7002123368221545e-12
3041.9861192505573,86.38083089254968,-2.5222748609024076e-12
3043.191742611078,86.44840193375687,-3.9976637283278925e-12
3046.4953993200447,86.63369773299227,-6.188542788774573e-12
3047.6192857291153,86.69678020772074,-4.799690351213022e-14
3048.0731954746666,86.72226424528876,6.4650907932946885e-12
3051.593924523766,86.92005883963961,2.5776407365343653e-13
3053.9787078005556,87.05416570137068,3.719618306085376e-13
3058.030394111107,87.28225005095445,1.8753177133415493e-12
3061.504894650665,87.47808333503825,2.987341532264039e-13
3064.312768666646,87.636506017897,-6.609457973174903e-13
3064.4584883485945,87.6447316126077,-1.0301056814444763e-13
3071.7019450581033,88.05410372590003,2.6353733195685466e-11
3072.103931436398,88.07685074550216,-2.2866836304745254e-14
3076.213905619728,88.3095907745301,8.782758412188918e-13
3078.146454220937,88.4191348834271,8.594859651630039e-12
3081.102392636641,88.58682165852515,1.1219664943800196e-11
3088.2202286029337,88.99126821053918,1.6456121561617675e-13
3093.7750082699795,89.30754781227913,-1.7314514319523427e-12
3094.330084257909,89.33918412073596,1.718280566262797e-12
3094.8811404580924,89.37059693726246,-9.339939659689473e-12
3096.206020056309,89.44614424823726,-9.494558978216589e-12
3096.5366537764203,89.46500269229546,-2.317164186247295e-13
3101.7494100079216,89.76259021090289,-2.595675467610676e-12
3103.51580421409,89.86354424075016,-6.510022527284429e-14
3111.3434808479183,90.31160803925862,-7.180779222322741e-12
3113.008708811707,90.40707289782432,9.588940744980408e-12
3118.9986385811835,90.75088833080106,4.013432244090618e-13
3123.802038506702,91.02707575253332,-1.2952323315325398e-11
3124.152101517739,91.04722040304323,-6.7938455318202625e-12
3126.641401176849,91.19053420309181,6.381492835817545e-12
3137.3506492026154,91.80838819197936,-3.903709379493013e-13
3138.1519414670656,91.8547024961299,1.1050793551774967e-11
3141.325287997264,92.03823655523423,6.610688976000767e-13
3143.5998600340167,92.16990311412899,-1.9914949955156e-12
3146.4780812860145,92.336649289932,-9.95516737156271e-12
3146.9447200426093,92.3636978029858,1.0952294238730878e-12
3147.03550199172,92.36896040535383,-1.9672471095356695e-12
3149.8108819313693,92.52992161361422,-4.335709102461246e-12
3152.3876133996464,92.67948900494817,-8.403247898865642e-12
3153.2076653072195,92.72711489615475,1.3328662578259784e-12
3153.7101482800877,92.75630355909807,-1.893765433770882e-12
3162.0684464010037,93.24250969396492,-6.057269251262494e-14
3169.536345378331,93.67800944742395,-1.4657240691118643e-14
3170.3403181349195,93.72495536389296,-6.73850771488259e-13
3171.1764491934773,93.77379171202516,-4.0041252359594976e-12
3176.6906952086974,94.09618771349187,1.0479067957095053e-12
3176.7684123724034,94.10073552924489,1.866289344805832e-13
3180.4140925169118,94.31419671743704,1.3988251808124981e-13
3183.040402634671,94.46812365522614,4.65075383484614e-13
3191.0908464663444,94.94074845461776,1.2315027364082829e-11
3195.551553308513,95.20314128379957,1.4159334814831091e-11
3198.3909159786585,95.37035244874728,-2.4804798033600503e-12
3198.8893791637797,95.3997224623662,1.5476518553316493e-11
3199.22001288389,95.4192062992383,3.6775513618805106e-12
3200.8510717013764,95.51535205111895,1.4442588250306548e-12
3202.261038390987,95.59850461382716,-3.449974865117544e-12
3204.7366036168855,95.7445892750502,2.579614611761259e-13
3214.678392750138,96.33239752877734,5.299830584787894e-12
3223.61454628985,96.86230133031559,-1.162858688121138e-11
3226.894753920142,97.0571830127454,3.9313162569846385e-13
3230.23894428093,97.25607003684209,6.305087770928803e-14
3234.592790023003,97.515312383153,6.6705643605030385e-12
3237.80164499511,97.70660171267181,-2.631746423658157e-12
3238.6012621895893,97.75429877849925,-8.57388666000408e-12
3238.951325200627,97.77518370020454,-1.1561607275646713e-11
3240.3904358266254,97.86106542301074,2.0451282337841508e-11
3242.2315328309173,97.97099208691077,-1.0906440589295041e-13
3243.1497366152885,98.02583875775585,-1.6814756684037725e-11
3250.637064883538,98.47365576223419,8.414057901403354e-12
3252.836934122164,98.6054261898198,1.4871745704774494e-12
3253.439913689605,98.64155975506478,7.862951485243607e-12
3254.7403387869826,98.71951055841356,-1.7448818682563674e-11
3256.9606427387007,98.85267324893017,-3.6516012420971203e-13
3260.2636297998597,99.05093786746761,1.9236393899392916e-11
3260.4190641272703,99.06027289677166,4.1229943274850326e-13
3261.1905428075274,99.10661272361598,-6.925378383680518e-13
3263.397112326036,99.2392135909129,-3.932481460408425e-12
3269.1924134118826,99.58790163323835,-2.480513392609255e-12
3271.3122207690267,99.71559940901675,-9.541443910076608e-12
3272.0294313642507,99.75882311234834,-1.2429058538722722e-11
3272.790189976878,99.8046816539831,-2.070473303460295e-11
3272.888341853677,99.81059902719036,1.3996532052944707e-12
3274.2617946792084,99.89342026696109,2.3240059673270735e-12
3277.785873868244,100.10608642595169,6.873837950359161e-14
3278.6568437209094,100.15868174259235,9.56420634230644e-14
3279.7070327540177,100.22211816285747,2.2093209096503146e-13
3285.9344695767136,100.59870243330042,-1.3849351509731108e-11
3291.217573044228,100.91874126603402,2.3552659525573787e-13
3295.3178325820913,101.16748036582679,1.8246264548520738e-11
3298.6945170192093,101.37255687319096,6.687428531031458e-13
3299.5574472963813,101.42499899837257,7.510810409615609e-12
3300.3255758366968,101.47169135781124,-2.1943616613091852e-13
3301.9787444372464,101.5722196642794,1.0297010903212526e-11
3310.129684863489,102.06861005508424,-1.562463838623365e-11
3310.700840002404,102.10343915410104,4.49396991433688e-12
3312.139950628403,102.19122291330815,-2.2357034729802334e-11
3320.1622559458488,102.68127153677247,4.822435735649998e-12
3321.0211664352737,102.7338089954911,-2.0555055243096566e-12
3336.131158360449,103.66027269294817,2.6262865471620226e-12
3339.5668003181486,103.87151468619898,2.419597500402953e-12
3340.48500410252,103.9280076797985,-1.2723055459721853e-12
3343.0325916344054,104.08483072780425,1.1734598920959498e-12
3345.926222389582,104.26310033748979,-1.1723466213416706e-12
3347.8296270543988,104.38044860360765,5.594921577651077e-14
3353.400485872424,104.72428540947828,-1.4590759519982716e-11
3353.6728317197544,104.74110941845747,-5.818888506222687e-12
3355.189659509459,104.83483558342652,1.353780262033746e-11
3359.1180697945624,105.07777263780083,1.2025235313433674e-11
3360.1099709548926,105.13915780724561,-1.191744975397276e-12
3360.868384849745,105.18610552207456,-7.296684090114056e-14
3362.8528568182087,105.30899942824973,-4.958360289115294e-13
3362.9469889072607,105.314830619908,2.2036851964964357e-12
3368.9586926854313,105.68757514701284,-3.1680336985147624e-12
3370.5897515029183,105.78882073381006,-6.2146618681788675e-12
3371.293227664932,105.83250311210922,-2.1552138411854554e-12
3373.4679727549137,105.96760164008893,-1.0259796809308534e-11
3375.7070363497533,106.10678675698804,-6.688623625581081e-13
3376.5431674083097,106.15878618452639,5.6723648454569406e-12
3377.6395849509595,106.22699248015783,9.646036554971265e-12
3387.54821036007,106.84439578118301,-1.0934822795445799e-11
3390.513863421234,107.02953633788341,1.0115690395528179e-12
3392.0169567777284,107.12343370421772,-4.0026868232776127e-13
3397.3844776888286,107.45907926907638,5.623687145395887e-14
3401.9393166200466,107.74432189604738,-1.1346653925836475e-12
3407.805970364075,108.1122788409175,-3.7188553041288114e-13
3410.418546048622,108.27634380904968,-7.754308696780337e-13
3414.288668460947,108.51961148523733,-3.699943367135577e-12
3417.422150987122,108.71677766964572,-4.70556322473338e-13
3419.7298867480076,108.86210155394603,-3.1442727816675797e-12
3423.7045255426515,109.11262446903801,3.350525570259539e-12
3425.1500006741703,109.20380544701084,5.671374908200243e-12
3429.926937155432,109.50540971297036,8.86590786419537e-12
3430.8675845963085,109.56484946252446,-1.3145759882600595e-11
3436.6079479493137,109.92793770349796,-9.921319643557309e-13
3438.1726793185276,110.0270150379076,3.845547439260243e-12
3439.0413044534166,110.08203504090775,-3.6762395329171386e-13
3443.1683632098916,110.34363895121626,2.019244067510705e-11
3453.166765145944,110.9787133845532,6.302875101448506e-12
3457.8609592535863,111.27751253557588,-7.473514974884565e-12
3461.2765022725553,111.49517693278798,-3.977629957743967e-13
3469.988883192245,112.0513693488554,2.303806033334887e-11
3470.8843075457467,112.10861186192916,2.4327614081654256e-14
3471.039072225353,112.11850712509727,1.0998369428201158e-12
3473.917293477347,112.30261373329856,7.96010404730454e-12
3474.187294606903,112.31989229579686,3.461942358531315e-13
3478.255060068432,112.58036905580248,1.702248794729148e-12
3479.9437371108916,112.68859194193422,-6.9859086543309595e-12
3479.98494041052,112.69123320990923,-2.3652775913381844e-11
3482.4353814877727,112.848370833939,7.702231970494129e-12
3482.8996755265916,112.87815673894222,1.1259224047696332e-11
3487.849130908413,113.19592647015442,-2.244155775391201e-11
3488.1077423225347,113.21254249588821,1.2089808328215442e-12
3491.3165972946395,113.4188169150009,-4.76980616624159e-13
3493.034418273489,113.52932133260816,1.1498946462290332e-13
3494.334843370864,113.6130115541615,2.0180270299252907e-11
3495.6727877544845,113.69914888117097,2.0308477774340047e-12
3496.6646889148124,113.763029109408,-3.047523270972012e-12
3504.1520171830557,114.24581132293872,1.5249710363985675e-12
3505.692294051431,114.34525629858003,3.108564621268956e-13
3506.466117449462,114.39523319191507,-5.051357664058522e-13
3507.2700902060506,114.44716894581312,-1.416135738565718e-12
3507.3454626519806,114.45203853318769,-2.159205174977977e-11
3513.7785820993686,114.86804869695371,3.4864168967258756e-12
3518.2513483047705,115.15773808642278,-1.1061368148948574e-13
3524.8117635653457,115.5833057198665,-3.106747003558599e-13
3525.5443836637496,115.63087927034522,-2.2526480761888316e-12
3526.5336043319417,115.69513116936874,-2.1866471792777919e-13
3527.525505492271,115.7595752708494,-4.766596986224555e-13
3534.944831242271,116.24218575945902,-3.3825568327692215e-12
3539.4494218761993,116.53569397953731,-2.5100589075494215e-12
3540.2215702042604,116.58604282206277,-4.557724355916911e-12
3540.6550452367173,116.6143128862575,-1.900906895668249e-12
3541.7383979939636,116.68498134541913,-8.954778577040928e-12
3542.6428673451237,116.743997575129,3.671849060672074e-12
3548.3627959850346,117.11756940778689,3.494278665845574e-13
3551.6081648212153,117.32979429623592,3.5240253674952424e-12
3551.7344552122363,117.33805674445408,2.5856673760941217e-11
3555.4029147876086,117.57819100565128,2.0797016760454875e-12
3555.4936967367184,117.58413665848558,1.8662288994797535e-12
3558.2811360396013,117.76677048310928,1.963018828054406e-12
3573.677208245305,118.77810403867716,8.740159344409636e-13
3573.7549254090113,118.78322018153743,2.6081748212457133e-12
3580.0795086863322,119.1999422308927,1.4420028505798597e-11
3581.0549949213146,119.26428187531566,-3.666908544467617e-13
3583.34899624899,119.41565522176687,-1.9925866385280956e-12
3587.3236350436327,119.67815760032913,3.409659394886621e-12
3588.716517160088,119.77021843380938,1.354609151828745e-11
3590.466832215269,119.88595403003657,-3.7789895228729196e-13
3593.77383906417,120.10477636459589,-6.858395419453927e-13
3593.99995640196,120.11974574913097,-2.305915492709671e-13
3594.7841640932584,120.17166904112096,-1.5656863350213026e-11
3597.3488361982927,120.34155803257866,1.4208985887107611e-11
3602.991047674498,120.71573584987281,-5.943076342276338e-12
3605.6749760172283,120.89393330676404,2.1805729659292606e-12
3611.5845081308503,121.28676009569313,4.220946587252333e-13
3613.5900844602097,121.42022381436516,5.509072353350318e-12
3616.4619412066813,121.61146431639739,3.9939303612612067e-13
3617.3409506348376,121.67002901116844,5.070559117849697e-12
3619.655386675605,121.82429820728227,-3.672476428602095e-12
3620.5822996832712,121.88610945075625,2.520931120238054e-12
3623.054514769226,122.051046643892,7.975775010506644e-13
3624.721417802982,122.16231989458629,3.012058025033865e-12
3625.4118291795908,122.20842293926425,9.45149376872291e-12
3625.667090453771,122.22547053918856,-1.2971693237299866e-12
3641.0631626594704,123.25591516455864,-1.9818078850023132e-12
3641.257455568734,123.26894690516843,-2.7793112465858212e-14
3644.4080226680576,123.48036085500095,5.20775238194801e-13
3645.6980634721654,123.56697981710411,-7.751972447426215e-12
3647.400474947834,123.68133406439343,4.300941913933799e-13
3653.9762997115877,124.12354621494978,-2.0207372612131576e-12
3654.742083534126,124.17509555333282,1.9193468107393583e-12
3658.086273894909,124.40033894114474,-3.3899318258039627e-12
3660.466031961781,124.56074976479934,-5.265279140303331e-12
3661.370501312942,124.62174410863291,-2.583640153393444e-12
3667.803620760327,125.05600661522845,-6.705692733170002e-13
3674.740562476188,125.52513346963406,6.496811206709645e-12
3688.9373758268885,126.487989463628,1.7630527622510404e-11
3693.3649189449147,126.78903369128813,6.643344095753479e-13
3695.1922815159946,126.91338777309211,-1.1686212289614442e-11
3696.683315509248,127.01489988755202,3.659620571829231e-12
3697.7981569206563,127.0908269324938,-2.514604856193927e-12
3700.637519590798,127.28430709816634,5.6960508614273994e-12
3701.3547301860194,127.33320283586048,-6.104565733046517e-12
3704.5076420031182,127.5482645689661,2.6467599196355272e-12
3705.2248525983423,127.5972114368113,-2.183950796123768e-12
3709.5833877759583,127.89486847734584,-2.6643882209016078e-11
3711.3605020497525,128.0163332056458,-2.4333698172334196e-13
3712.6368084206497,128.10360389831823,-1.7222601128706402e-12
3713.9372335180256,128.1925546326617,-2.2434992831941854e-11
3715.7783305223147,128.3185412858444,1.397580794333499e-13
3717.7902713571953,128.45629021743076,-3.933973148414022e-12
3717.8495646521405,128.46035090532135,2.4893486109442935e-14
3719.615958858305,128.58135171520226,-2.0709347669083763e-14
3727.7022469062367,129.13600909820656,6.274305351368737e-14
3728.1363915864995,129.16582216576032,1.6803058878111468e-11
3736.3369106622144,129.72961063884426,-1.2323386419463038e-12
3741.7821487370156,130.1046569756219,4.689620416386496e-13
3742.4862945468344,130.15319561917823,-1.4336150940080563e-11
3745.1725676073393,130.33845145019416,1.177788664081949e-12
3750.300236747435,130.692444477422,7.07127322473597e-13
3751.189296595415,130.75387075311315,9.769823734352123e-13
3751.218440531805,130.75588459121587,-7.775374561796996e-12
3754.3981515675173,130.97569573689873,-3.854498582105588e-13
3759.746243187686,131.34582553909394,-2.462713748517557e-12
3760.86041495129,131.42300126140057,-3.9132555116417e-12
3766.402799480723,131.80724733338204,7.858024095712554e-14
3766.8567092262742,131.83874135459808,5.895044616854146e-12
3767.2335714559235,131.864892403528,1.2323331812403896e-12
3769.326579594451,132.01017706534105,3.4223025436788557e-12
3770.4065822117527,132.08517623652853,1.080659892249121e-13
3776.8601363722287,132.53378147156155,2.81737985699474e-12
3779.436867840501,132.71311184839743,-7.839911985623365e-12
3781.3329025776275,132.84514651815707,1.035626910165193e-11
3783.096282418212,132.96800289774444,4.2496138827344354e-13
3788.625937936602,133.35363078208695,-1.8203666678467674e-12
3792.6903532581846,133.6374346928036,-4.830054139113939e-12
3796.157819644408,133.87979628887427,6.654684804166109e-13
3797.5644361940726,133.97817612876366,-1.3997939343018153e-11
3799.35126511333,134.10320086877664,1.1418665427149793e-11
3799.8859063881664,134.14062124613304,-1.8368583121067637e-11
3800.13882294457,134.15832510527213,4.314969205277704e-12
3802.530976149041,134.32583127152813,-2.028377462088695e-12
3807.8140796165476,134.69614443025708,8.383724522518287e-13
3812.9474436143614,135.05645426120716,-1.0319486597199041e-11
3813.113598009401,135.06812471627123,-3.1004779823750157e-12
3814.386554240358,135.15755227522044,3.970365401213062e-12
3818.5752510095485,135.45202677384074,1.5080960663298155e-12
3820.8367582608903,135.61115000818847,8.144085759651464e-13
3828.155587416312,136.12676022680145,6.938942955569019e-13
3829.7866462337956,136.2418024824547,3.121490436597399e-13
3832.589495039858,136.4396081900018,-6.694552835434632e-12
3832.664867485787,136.44492945466482,-1.319133577440862e-11
3833.5944609855906,136.51056698989964,2.6134071028041316e-12
3836.758762518122,136.7341140205119,7.062892227235296e-13
3840.6603735846065,137.01000335101583,1.5810501325507113e-11
3842.935615269159,137.17101887029654,1.1122587352365569e-11
3846.7863083905518,137.44374404227747,6.090020746884621e-12
3849.6233263429162,137.6448504639552,1.1972440987755572e-11
3850.48223683234,137.70576490531673,-2.8081411167144876e-13
3855.420972146526,138.0562866631719,6.4137015148416e-13
3857.0815106747623,138.17424264056052,-1.863398091098504e-13
3858.3316874748502,138.26308218133616,-3.469376737954808e-14
3859.6582421430335,138.35738073677953,6.074091720171771e-12
3862.6490193528375,138.57010000011047,-9.223969012500684e-13
3869.7708751068553,139.0773058837911,-5.472082405799932e-13
3873.170338974837,139.31973907128008,-6.655767536989713e-13
3879.5434954794687,139.77481516053706,3.2274659954351305e-13
3889.123831886231,140.46030806481917,-1.941876739689689e-12
3891.056380487434,140.59879084102795,2.0730543919705946e-12
3892.760467033073,140.72095953638365,-7.760272922201164e-13
3893.687380040737,140.78743387666375,2.9993895084543597e-15
3895.5519261237005,140.92119929384268,-3.0553591844094227e-13
3898.582567337522,141.13875881813996,-6.558377970438867e-12
3902.034624220564,141.386776468745,-1.8612329245315973e-11
3904.144716932241,141.53848700452363,-1.6014801681835219e-12
3904.339009841505,141.55246031602934,2.602110854163123e-12
3907.475842507617,141.77815377548185,-6.579365889117774e-14
3912.5881021445316,142.146366579726,4.710649378040408e-13
3914.8854536121457,142.3119911373508,-4.682407806577044e-13
3916.6032745909934,142.4358987271867,-1.0211675314352224e-11
3920.0074278945244,142.68160320028468,-2.529840813853427e-12
3924.4024769362168,142.99914411016482,-1.3237177744789407e-12
3927.1704869481696,143.19931457955107,-7.011232944601798e-13
3927.39660428596,143.21567263956956,-1.3022844671656824e-11
3930.8851750330796,143.46816649413398,-5.418790817577531e-13
3933.1141882080897,143.62961416542024,2.3344853569074252e-12
3942.018853093618,144.27549315844288,3.70423464728289e-12
3942.0965702573235,144.28113662032936,-5.655143246663687e-13
3950.5392858218083,144.8948702261068,-1.668408871370009e-12
3952.2313130042075,145.01802815904554,-2.518553849401182e-14
3953.5317381015816,145.1127183115936,2.5945791625186876e-11
3956.585158746272,145.33517487267082,-9.455970129390755e-12
3957.734838951786,145.4189791798458,1.8927506379277514e-11
3958.7398048975188,145.49225468997855,-3.9580205294320006e-13
3959.7648697819823,145.56701484851342,2.957286622751118e-12
3968.5023748503045,146.20504529209077,5.229308692300903e-13
3970.2201958291503,146.33064950531852,4.2454484306474594e-13
3984.1131746783467,147.34847855800757,-1.0963699050055337e-11
3984.8447893545826,147.40217674523984,-2.432926032507833e-12
3985.655126616691,147.46166442789462,-2.317600032461833e-13
3990.095734520117,147.78786873198345,1.721573614967804e-11
3990.7838011789504,147.83844618433898,5.070158414261085e-14
3991.6718556047636,147.9037369524261,1.2761555017372678e-12
3994.6854122454342,148.12540534548347,-1.3114458448521055e-11
3996.2541634023924,148.2408642907553,1.16667653786419e-12
3999.1946923149085,148.45740720813933,2.075737603067599e-12
4004.7333928309536,148.8657141285617,-1.4091408243466966e-12
4006.6140180649,149.00448026745266,3.217713557046306e-13
4013.2749299200414,149.49649456278928,1.8789846811722483e-11
4014.2018429277055,149.56502661142935,2.435729725308456e-12
4017.4780307702435,149.80738098666384,-4.2994432312153953e-13
4022.836506683677,150.2041977419361,-1.1662154817754548e-14
4023.1111972487834,150.22455393814587,-1.1377638488348752e-14
4023.837452841665,150.27838047019983,-7.396509836890357e-12
4023.941969223984,150.28612751581935,-3.162223059544398e-12
4026.518700692254,150.47718566835522,-2.4479785512918015e-12
4027.0463078137645,150.51632149373725,2.918151548615831e-12
4029.4843537534125,150.69723276648477,-7.3569193163811e-12
4032.394399433931,150.91331136218565,1.8644623700889423e-11
4039.8817277021635,151.46998231937408,-9.329695284402363e-12
4043.13011090392,151.71181564648487,-7.783119659887969e-13
4043.985001605597,151.77549225119583,2.056182849272181e-11
4049.5082926184627,152.1872195066633,-2.132967540677168e-11
4052.8662174124506,152.4378067500303,2.069408421736633e-12
4053.981058823858,152.52104841609886,-4.591632302332488e-12
4056.431499901107,152.70409553196592,-2.265394812688856e-12
4056.5457309288895,152.71263124923675,-7.136556330542365e-13
4056.594304156206,152.71626087302053,2.6595788636684544e-12
4059.2393739170802,152.91397875469457,5.377496065575598e-13
4061.2740941828274,153.06616096294556,1.378152045151277e-11
4065.4755199630595,153.38063822905067,3.4226235299906e-12
4072.1039377418683,153.87743732368835,3.809741889543869e-12
4074.906786547928,154.08775396581058,1.0160553979833536e-11
4075.179132395259,154.10819762464496,1.535629151157941e-11
4076.537845365411,154.21020991398518,6.519068596467332e-12
4079.309205517307,154.41838929883684,-6.078085042531648e-13
4080.8122988737978,154.53135803256475,-9.47377475463607e-13
4084.8639851843354,154.83607992238854,2.841049563311815e-13
4085.019419511745,154.84777595247814,7.224511640611124e-13
4087.171720945217,155.00977680157143,5.605059486575377e-13
4089.570238655209,155.19041055325243,-2.6156192974342922e-12
4091.2234072557562,155.31497332571695,-1.1417362369117556e-11
4096.67601525824,155.72617271023665,2.1118248289181083e-12
4099.644013037175,155.95022952562894,-1.6104269711837103e-12
4103.138278642009,156.214222748846,2.1697577946257746e-12
4109.406918764319,156.68838479764878,-5.347101868434017e-12
4110.8004705285775,156.793891867043,6.552497155745563e-13
4113.1577849389405,156.97244771901583,1.9776347115380783e-13
4116.407843210667,157.2187927126273,-8.020725773046862e-13
4116.784705440318,157.24737036608892,-4.849949695687705e-12
4117.954820358924,157.33611744413366,-6.67282389730231e-13
4129.729666920946,158.23058166945924,1.4107190132758648e-12
4130.757746170989,158.30879989288607,6.843162816879957e-13
4133.072182211755,158.484957837488,-1.0661570856570327e-11
4136.251893247464,158.72713508924915,-5.378325480414183e-13
4141.418420969409,159.12103199499944,-2.2105858784863763e-12
4152.19165172564,159.943966467699,-2.443404884371344e-12
4152.260323891687,159.94921898394097,4.423795400024188e-14
4154.3891762464855,160.1120912384661,2.559470453509304e-12
4154.674251104857,160.13390781849148,-3.750904266572511e-15
4155.549576519627,160.20090521700203,-3.373081760367925e-12
4156.768934313353,160.29425837512363,-2.808079702789203e-13
4157.267397498474,160.33242824560415,6.196284007372131e-12
4162.712635573271,160.74969601155956,1.2089753994005772e-11
4163.99698151966,160.84819485222275,1.5308309834776301e-12
4164.462950628449,160.88393838767053,1.111454648090428e-13
4173.1341282484955,161.5498163871191,1.1267870275606226e-12
4176.644473004313,161.81977700367304,1.3483793134905531e-11
4176.792873178399,161.83119461644998,1.2124228442258484e-11
4176.987166087661,161.84614373779323,-1.1536750118842322e-12
4177.967007884751,161.92154449606727,-3.7836955141847245e-13
4180.228515136092,162.09563945302455,-2.9643079871603345e-12
4188.157358012271,162.70676042720459,8.767906768486914e-13
4191.183979438345,162.94034473541106,-1.3524449187293915e-11
4195.2614595453315,163.25529752316854,-1.1955431702056363e-12
4196.179663329699,163.32626368383958,-1.382763751306947e-13
4201.683189277275,163.75194586990798,-1.8431124829273277e-11
4201.936105833679,163.7715216604558,-3.5067853942620646e-12
4203.533331279222,163.89517443732603,4.1023584920160425e-12
4210.100111045307,164.40405014402333,-1.7136799861120655e-12
4214.44323671974,164.74104591103105,-2.740458725276482e-12
4219.500558623814,165.1338961126454,-2.838948868680561e-12
4221.8213591701,165.31433243255745,-3.1983272217603e-13
4223.847034438187,165.471904608123,-9.060410169235858e-13
4226.0536039566905,165.64363410467436,-1.2910928491932442e-12
4229.094629463779,165.8804533369276,8.786440822724881e-12
4231.207066893229,166.04505923189095,-5.309126316566531e-13
4232.413026028109,166.1390671494724,-2.238840803630156e-11
4238.085051088498,166.58157682315587,2.501027118190812e-14
4241.767245097074,166.86916473983194,-4.094841864192567e-12
4250.110133714786,167.52168776352974,-1.2648195091837464e-11
4261.426381095704,168.40881533992638,-2.3605112618030296e-12
4263.431957425061,168.5662868695662,-3.8383960999079526e-13
4264.460036675105,168.64703713622694,1.0791241520686512e-11
4266.789882219046,168.83010641696646,3.4052128639266574e-12
4267.814947103511,168.91068329811844,-1.1386678379967504e-12
4274.633638003834,169.44717011856787,-1.6752454438099154e-12
4275.4245459750155,169.5094532877404,-1.6433482397556854e-13
4276.118977139369,169.56414851020565,-2.0486022698261013e-12
4283.579506188983,170.15231973366625,-2.3778714797350093e-11
4283.823377747729,170.1715633205205,1.4583971261549608e-14
4286.192751521331,170.35858454507812,1.0651788046630607e-12
4287.003088783438,170.42257043791554,3.846282441238098e-13
4288.376541608966,170.53104871589616,-5.914934494528321e-14
4291.86176221614,170.80647494944998,6.625135853601003e-13
4292.853663376468,170.88490274023755,-1.684750363244484e-12
4294.936956869529,171.04968391121199,3.705073457377527e-12
4296.590125470076,171.18050061181592,2.393972304531484e-11
4299.7219329262725,171.42846134189287,2.199486623200723e-12
4299.857268314953,171.43918058832296,-3.4626601774975384e-12
4302.132509999502,171.61944173857214,3.261726148560969e-12
4306.0522110613,171.93021253762464,-1.1117110864494145e-12
4309.261066033398,172.1848350759929,4.3860418939869077e-13
4311.8498568649065,172.3903937818444,1.8876239076990217e-12
4314.609157653561,172.60962746915945,2.8023235850577623e-12
4315.947771684983,172.71603438968006,1.6721936582007644e-12
4321.8596485163725,173.18636644029874,1.3826398522894564e-11
4322.096485921789,173.2052219609533,-1.4022702994914673e-12
4325.618890040847,173.48577582041966,6.904208109779154e-13
4328.406329343725,173.70795290099318,3.308051176762063e-13
4328.812335509765,173.74032618046277,1.55980276518323e-12
4328.967769837175,173.75272068496244,-7.034954641503406e-13
4331.7230508380835,173.97250369273522,-3.2058856658470503e-12
4331.8784851654955,173.98490653121306,4.445211432114473e-14
4331.887530163155,173.9856282879619,-4.071036310929792e-12
4343.488852402443,174.91261070339743,2.071382557272371e-12
4343.543790135282,174.91700630037937,1.108797192690089e-11
4346.006290575768,175.11408935616768,-9.034467262641861e-13
4357.393890614867,176.02693392936402,2.308069153477999e-12
4364.9093573973205,176.63069182230018,-8.372114543927806e-12
4366.219832914517,176.73607590170397,1.7532716799932873e-12
4367.508868296457,176.83976669936538,-9.487014782497158e-14
4369.324171504296,176.98584270727594,-1.5987513150006445e-11
4372.7598134619875,177.2624722458765,3.645620434369684e-12
4373.438165475356,177.31711720459052,-1.7160401023918441e-12
4375.80016932127,177.50745565425302,2.236427907606583e-12
4377.73271792247,177.66326355365496,-1.0592519314757139e-11
4382.082543876786,178.014211340178,1.341318436902271e-12
4385.910457567306,178.32333910345545,8.909948311756896e-12
4385.951660866935,178.3266679936737,6.651291298352886e-12
4386.587134510705,178.3780130365026,-1.932131647510678e-12
4386.9435620272625,178.4068149475368,3.0349461090541294e-12
4391.62167698391,178.78505726056414,-8.036726235634946e-13
4398.337526571884,179.3287624776952,1.4051992824572939e-11
4400.30156382725,179.48792503388825,-5.6747727135540074e-12
4400.829170948759,179.530693610939,5.0307370553822356e-12
4406.585613452736,179.99765212805298,-5.9744734884325444e-12
4408.9000494935,180.18556957656162,4.071628508963322e-12
4411.944425140527,180.43290372630355,2.120314073473434e-13
4412.148432695256,180.44948401163197,-1.0874334397494392e-12
4412.728632831826,180.49664274923506,-1.3030553711195526e-12
4417.18465023843,180.85903507911894,-5.865862328417133e-12
4417.5256682518075,180.88678394987025,2.299781768971847e-13
4417.755805377342,180.9055115770113,3.51155994678287e-13
4418.631130792111,180.97675092618354,-2.725601299101437e-12
4424.218068761107,181.43178272608642,3.1104728086124434e-14
4429.417090559379,181.85573692403554,1.2449578186429617e-13
4430.577490832522,181.95042972406597,1.1098529262802918e-12
4434.40640994521,182.26305912835957,-3.6724336999763483e-13
4442.049172540848,182.88789453875088,-6.700015011378184e-13
4449.694615628623,183.5140256448667,-2.5058819069949196e-14
4450.615164130767,183.58948750015412,2.864410008616278e-12
4453.882306975644,183.85743716483742,2.8721145851691773e-12
4457.701175668505,184.17088500802942,-7.27084213342718e-12
4458.391587045114,184.2275817622806,2.6685192769167382e-12
4459.007631397956,184.27817889081408,1.8222643442019103e-12
4460.1321874548275,184.3705592743862,-1.7506494352740598e-11
4466.582391475353,184.9008826624686,-8.864092251468909e-13
4470.001954282059,185.18234340140154,-7.0883002162244685e-12
4472.234317597011,185.3662031651221,-5.538771890105787e-13
4473.1816653177675,185.44425545264372,-1.384721963151299e-12
4479.708581079833,185.98245948608354,-1.424662087955705e-11
4481.106488406198,186.09783179273538,4.939442252700554e-13
4481.485695353622,186.12913476677383,2.901836838446416e-12
4485.748089498767,186.48117133528095,6.165801047170549e-13
4494.469515416096,187.20252797992018,2.421250524893889e-12
4499.0719221524505,187.58376179633476,-3.127556811044236e-14
4500.750884549444,187.72293339258292,4.4026052321957835e-12
4501.392722698735,187.77614999498786,3.82989472081474e-12
4508.102207781186,188.33290652177183,-2.8180888746642248e-12
4508.860621676035,188.3958922624078,-2.4681566129958687e-13
4514.62778424764,188.87519768090536,-3.3649423870111255e-12
4514.9413333945995,188.9012741226951,-4.277752860943952e-13
4523.932424667119,189.6497923963178,2.1316444086705058e-11
4529.871436491483,190.14503836814086,2.7515310360085197e-12
4531.730957364529,190.30023480278837,1.689111952603404e-11
4534.103681278071,190.49835587998058,-2.2251644142963426e-12
4535.734740095552,190.6346084970111,-3.273944019272378e-13
4538.282327627431,190.84752257912868,-1.8186825652587064e-11
4539.4330132551095,190.94373007897195,-4.150565629050214e-14
4540.463103349487,191.02987541525803,8.620086276648077e-12
4543.805618640291,191.3095410188914,-1.9010399071259815e-11
4545.646715644578,191.46367204436444,-5.76902765292576e-14
4551.444361448182,191.9494411628388,-2.182883069307223e-12
4551.458095881392,191.95059266911883,5.537422555141484e-12
4553.221475721974,192.09846476126387,7.160870482530816e-14
4553.36719540392,192.11068696771662,-1.2093720131774505e-13
4554.359096564247,192.19389285361555,1.2137937676005998e-12
4558.840907767298,192.5700766973159,-4.722384246446916e-13
4562.198832561284,192.85216884232085,9.968601659633411e-14
4573.84805838008,193.8324057806976,-2.863857993712668e-12
4578.441755893137,194.21963474823465,-1.0957617253875614e-11
4578.804883689578,194.25026143986673,3.59807536339486e-12
4578.859821422416,194.25489517442202,-1.0293094417320117e-11
4582.327287808633,194.5474718447024,2.826677100179306e-13
4587.377909432821,194.974027679846,3.940072396509404e-12
4588.595927930938,195.07696710309787,-1.2658981055964104e-11
4588.700444313257,195.0858014572632,5.578805449654401e-13
4589.954640901089,195.19182940252568,8.797186626638922e-13
4595.6819394686745,195.67637512365536,-2.3301920172974077e-11
4597.83357125434,195.85856542096877,-3.135670611099524e-12
4601.042426226436,196.13043494924693,1.2371179396298438e-12
4601.159001971993,196.14031537404588,1.4903582560118868e-11
4606.3905178465975,196.5839723255967,7.90417101297092e-12
4613.877846114822,197.219809793847,-3.9552085270622364e-12
4614.102288382642,197.2388857791526,-6.118631563736674e-13
4615.550108231932,197.36196239650508,7.491755963631357e-12
4616.464292228555,197.43969545711872,-1.3569666469529583e-12
4617.981120018254,197.56870527886338,-6.046869106343165e-12
4619.031309051359,197.6580511909657,3.72008214415088e-12
4619.748519646581,197.71908029500614,1.2278149121722039e-11
4623.504411031112,198.03883249535858,-9.042430300363311e-12
4632.774212656484,198.82911531225955,-4.93186083711985e-13
4635.270212595466,199.04217846902384,5.842474589773948e-12
4638.731648349605,199.33784293599794,1.4109631216124607e-11
4638.8679891604515,199.3494932379013,-1.3272688724859089e-11
4641.9997966166475,199.61719998659478,-1.2697605923964774e-12
4649.1752508078835,200.2312386512666,6.510054108716781e-12
4649.668688783092,200.2734994021306,-1.5612093634044754e-12
4651.538929723767,200.43371787149377,-2.4028592087654912e-12
4651.8524788707255,200.46058508313507,2.5464856700720787e-12
4659.015537924362,201.0748622634726,6.447038673367814e-13
4660.880084007323,201.23491380084712,9.256080309129203e-13
4664.05242511534,201.50737286225214,-1.3764759005524622e-11
4665.219525668365,201.60765687604268,-4.840189496596865e-12
4668.808257235691,201.9161785962174,1.5317125808158502e-12
4668.856830463008,201.920356043068,1.5743866075058944e-13
4674.450468711884,202.40171680869992,-5.484483769863424e-13
4677.601035811202,202.67309272535587,7.845516016762418e-13
4677.916260028131,202.70025480764266,1.6647707800902108e-12
4678.402328075651,202.74214166273848,1.174384718729052e-11
4683.403037176912,203.17332987483908,-2.2667996890833265e-12
4687.299623033478,203.50963391712716,-2.9119080173026324e-12
4690.403961623255,203.77776135907627,-1.5567984302289338e-13
4691.114807712955,203.83918342369387,6.119466062533536e-13
4691.279287038024,203.85339691166158,2.063333487507584e-11
4691.347959204071,203.85933136731828,-3.8758281659584343e-13
4695.40936016007,204.2104607206872,-1.9330435623306043e-13
4696.355032810855,204.2922626785673,8.26208556574968e-13
4697.830657300927,204.4199390921184,1.5767988977436038e-11
4699.726692038049,204.5840498134922,2.0244532223544754e-11
4700.964139827092,204.69119245121937,8.967429138396635e-13
4702.318833009497,204.80851895538956,-6.437053553177504e-14
4703.72578533352,204.93040727667463,5.980439344143126e-13
4712.776169900984,205.71533978239447,-2.0247994857277275e-14
4723.516906580875,206.6488330077709,-1.2845237093053545e-12
4723.656931405107,206.66101680389332,1.387225959754216e-11
4726.187770138194,206.8812916081,-1.035823283790465e-12
4731.34123307473,207.33019461949152,-6.739350619826428e-12
4732.8299223502045,207.45996104008793,4.3050522910344124e-13
4732.917354159374,207.467583586024,-6.100156206039961e-13
4735.8019399168825,207.71914867796664,1.5046785819931464e-11
4736.708753985817,207.79826371463682,-3.555281037719916e-12
4745.82982156366,208.59487411390373,1.0482550945216715e-11
4750.78899159093,209.02863829319722,5.139747458102368e-12
4753.530872032072,209.268657080691,2.4009696268059486e-11
4768.615739808555,210.59163334286612,2.5934554762519633e-13
4776.684273635517,211.3009822225428,3.638988902404063e-13
4777.52944969173,211.37535565357993,1.739075731703371e-12
4778.022887666937,211.41878307523785,-3.4564795993659816e-13
4778.052031603327,211.42134817013255,-1.2216114680969702e-11
4778.851648797805,211.4917323433353,-9.111011556219234e-12
4779.530000811172,211.55145170617988,8.607730340161575e-12
4783.493249890372,211.90052952938052,1.0652436602030742e-12
4785.396654555184,212.06828178449902,-2.4183406193795322e-12
4787.603224073685,212.262836314782,-7.244289897442299e-14
4788.164664567132,212.31235316634292,3.53285629608866e-14
4788.439355132239,212.33658191323792,-2.4454656630276774e-12
4793.690300297766,212.8000023754932,-1.832838090448922e-11
4797.320570939082,213.1206876859195,-3.4449891709907305e-12
4799.59581262363,213.32179826971793,1.5505596255350336e-12
4800.419884318945,213.39466220458323,5.190148985992479e-14
4802.519592737353,213.5803737316841,-2.0829364171994323e-11
4805.580047535364,213.85120521464452,2.913518157305461e-12
4806.3116622115995,213.9159741797984,-2.0273783581124502e-11
4806.409144440592,213.92460490839352,-9.490849610055881e-12
4820.661565171906,215.18834707303904,1.7297216258424578e-11
4822.677861568889,215.3674313704569,1.2955383139010454e-12
4822.732799301727,215.3723119021337,5.08639074891376e-12
4824.106252127254,215.4943441075122,-2.454897426818716e-12
4825.280386833605,215.59869431429493,-9.332089603838268e-12
4825.974148350154,215.66036370464582,3.226065295759074e-12
4831.467959652261,216.1490290394654,2.502730647022095e-13
4837.428075837518,216.6798001743151,-1.6271531740702657e-13
4844.578070105749,217.31739785361418,-9.480960315949412e-14
4845.408842080948,217.39154265537545,2.2839747173054815e-13
4845.790393746147,217.42559966839576,-8.504460204509801e-12
4857.575624601424,218.47886111531375,6.9924966226066006e-12
4859.498458557162,218.65095006210976,-7.29479263161732e-12
4860.412642553783,218.7327911864849,-7.4496612261073e-12
4861.348600559107,218.81659754959094,-4.223183031628156e-12
4870.586243882505,219.6446084655531,1.014832384313326e-11
4870.810686150324,219.6647457807602,-1.9025449853311536e-12
4873.263471945345,219.884874082422,2.224979625655622e-12
4876.381544968332,220.16486939783755,1.28454130053151e-12
4878.061177013127,220.31577045928475,2.2161955656556667e-11
4883.282978242265,220.7852380765989,-2.3580598072196954e-12
4891.524700617592,221.5272346205874,-5.226158226410606e-14
4893.164804432731,221.67504130251305,2.7845725374547874e-12
4893.650872480252,221.71885542943144,-1.55036759650054e-11
4899.181533420797,222.2176951609175,7.691999437703242e-12
4902.3903883928915,222.50737715418458,-3.03472776086345e-12
4904.124288522721,222.66398533393362,-1.4218612989743155e-12
4905.883648575555,222.8229496938479,-1.7257444936252828e-12
4906.596503608668,222.88737488141328,8.311473204677608e-13
4907.73848001305,222.99060197218253,-1.9389413315898813e-11
4914.934033143017,223.64158479505357,2.057562376865699e-12
4915.225808281272,223.66800185874027,9.702358473722595e-12
4917.588481774989,223.88197399663116,-1.3400599690114895e-13
4917.889971558709,223.90928538459693,-5.278122311161313e-12
4920.002408988157,224.10069405274743,-8.061709660472401e-13
4921.082747379818,224.1986156479143,-1.9947685850370875e-12
4921.110885894042,224.2011664029166,-1.341929897760467e-11
4921.170179188987,224.20654138508598,1.7884149086353543e-13
4922.3168450289195,224.3105002497441,1.1818349236507718e-11
4924.852373197559,224.54046195521872,2.2181584950266708e-11
4926.880393183418,224.72448005149303,5.918124900151706e-14
4934.122174822926,225.38220176171305,8.184235581859377e-13
4936.618174761907,225.6091203005099,-1.43318942139122e-11
4943.320289916667,226.2189966684714,-6.777172452868087e-12
4944.9124901522955,226.36400469614313,4.92301959624842e-12
4947.87814321345,226.63422304841532,-1.4380006093600049e-11
4950.523212974321,226.87536783103818,-1.5969473563964498e-11
4950.7101359558965,226.8924140348098,1.601172164723957e-11
4951.345609599666,226.9503700596514,2.857365860369579e-12
4959.947779279293,227.73563103835016,1.290911943084724e-12
4962.378791065614,227.95779635562081,1.342713022967817e-11
4965.0600389162,228.20295649588385,-1.36608922148225e-11
4965.400387281772,228.23408575141218,6.02594402300834e-12
4966.567487834796,228.34084838075873,1.187319196090351e-11
4967.299102511031,228.4077869479485,6.171110433133718e-13
4973.494045257373,228.97498406391247,3.1009899180774604e-12
4973.72719674849,228.99634477247952,3.68617530559258e-13
4980.581731865079,229.6247861914313,1.7568339582719907e-12
4982.896167905841,229.837175096227,1.7259636617188161e-12
4984.750999343336,230.00745868115902,5.5605439131152534e-12
4985.424326146792,230.06928941179495,1.5327614625725133e-13
4986.598460853143,230.1771286640501,-1.0378879699063605e-12
4988.976543850039,230.39562322284792,7.48780544794349e-14
4989.175192321409,230.41387944918358,-3.2016828496656726e-12
4994.778545215746,230.9291391948473,1.4397556000759479e-11
4997.4792223572595,231.17768817043387,-2.3378136414488373e-11
5001.6953879928615,231.56597932432365,7.876888945755003e-13
5005.073747499937,231.8773483612578,-1.4670202525927638e-12
5018.505446675873,233.11737056750198,-3.9673336462049954e-12
5022.459650757412,233.48305815346316,-1.750287646386912e-11
5024.611282543076,233.6821635814499,1.2142114954527503e-12
5024.991159138305,233.7173250575269,2.7964811194610953e-12
5027.535732304602,233.95291994760558,2.5408993413111194e-12
5028.044579782988,234.0000470182798,1.5754155090366154e-12
5031.5515743988635,234.3249781516065,-3.977000066036458e-13
5031.566983902042,234.32640637751194,-2.213700971193185e-12
5032.3391322301,234.39797835095496,-6.660460832516839e-12
5035.910109576471,234.72912223104794,-2.2834681146341357e-11
5046.7165040568225,235.73265181869104,-5.366883092575471e-13
5049.151535630886,235.9590765923745,-4.417603521545948e-14
5050.671043912724,236.10042551292668,2.6165155592698368e-12
5052.13695375733,236.2368288642845,-1.2607884659755174e-11
5053.70469949212,236.3827518801968,-1.2712253655619679e-11
5056.304210391254,236.62480955715745,-2.2448076382051343e-13
5060.355896701786,237.00233711020934,-3.26355967927107e-12
5060.402125211326,237.0066463296746,-2.7835093995261864e-12
5065.50935963832,237.4829628005953,1.0598149640073995e-11
5068.465633828372,237.75889362600685,1.0263472409057061e-12
5069.963701974949,237.898780810184,-4.3036671879366315e-13
5075.162723773216,238.38457775793708,-5.48847008529704e-13
5078.8774118581205,238.73198343290824,-4.265966882089232e-12
5081.106425033127,238.94056759664008,7.894400445705487e-12
5084.734350956664,239.28025339807263,-3.1304101683104477e-12
5097.206643048605,240.44989425174973,1.5707529167217466e-13
5097.247846348233,240.45376301067137,1.1785781978213651e-11
5097.928543079375,240.5176811448488,4.137052594974346e-12
5098.531522646814,240.5743086852485,-3.9441269748165735e-12
5105.72707577678,241.25058055105802,-4.96679783719263e-12
5107.65962437798,241.43237301680065,8.875309573213765e-12
5107.757106606972,241.44154487262216,2.328104647830229e-11
5111.597749308535,241.80304051465785,-1.0055393130205352e-11
5113.9275948524755,242.02246669343992,-1.349952820012553e-12
5114.005312016181,242.02978786346827,-1.4269621311631945e-12
5114.45922176173,242.07254962929625,3.65394002574519e-12
5117.979950810813,242.4043580895831,6.027387351054046e-13
5118.056998326712,242.4116219278537,-1.7289294934682322e-12
5118.12567049276,242.4180962522139,-2.9112186539945136e-13
5120.329895293485,242.62595390290593,7.0518638753527505e-12
5135.51425424237,244.06026564647595,5.51155195837593e-14
5136.345026217568,244.1388627567684,1.7977415050436147e-12
5137.5992228054,244.25754301965574,1.5095646052096968e-11
5138.776038003887,244.36892730010328,3.991389846121414e-13
5143.563358778399,244.82230498787928,-6.34690685465492e-13
5147.997266401937,245.2425896658159,7.025975126506489e-13
5148.927529549543,245.33081413166096,1.0515665942409549e-11
5155.551927540595,245.95952092724576,-1.809183588822901e-13
5162.5920463431485,246.62856888824814,-5.365911927722713e-12
5168.997361149738,247.23808234388687,-1.288332289265643e-11
5171.934206048863,247.51779772956013,-2.4893629147593108e-11
5180.30858332073,248.31627517139367,1.80340040483583e-11
5182.853826134832,248.55921415176897,-6.965928299858132e-13
5187.582189388761,249.01084492882262,-1.5575269218487747e-11
5187.867264247133,249.0380870873744,-7.400112504228006e-14
5188.975741153018,249.144028943021,-7.904573714681875e-13
5189.546226644125,249.19856149131235,6.684672890809213e-12
5198.427442450963,250.04828756240286,8.920922063959742e-13
5201.973295648688,250.38794920445918,-1.5526369945218263e-11
5204.423736725933,250.62281530400062,-5.3551328204195775e-12
5204.531603248193,250.63315646981943,1.7761347808025106e-12
5204.586540981033,250.6384234338315,2.081818314624725e-12
5207.231610741903,250.89207607273312,4.233196852998949e-12
5207.37733042385,250.90605380964433,-2.3674233808739593e-12
5207.944465775015,250.9604583432548,-1.3792098453720067e-12
5210.0960975606795,251.16691537326065,9.012666725714168e-13
5211.247452836162,251.27742719760414,3.3877795564640014e-12
5212.04707003064,251.35419211975614,7.80094771129612e-12
5212.864107572627,251.43264159732416,-5.625983639710471e-12
5213.304952532773,251.47497530659567,-3.55576969751248e-13
5214.4271638718665,251.58275580770425,2.3086778266323074e-12
5218.653044152931,251.98883002470683,-2.271842678104994e-12
5219.593691593802,252.07926368654964,3.1164143759787673e-12
5226.1403724211505,252.70911177142312,1.1368167910184424e-12
5228.454472687549,252.93193735843158,-1.8006661683840078e-12
5233.011656336525,253.37103869979398,-1.8956801823099027e-13
5235.766937337434,253.63670568810537,2.5989935092213416e-12
5238.048543527501,253.8568063177983,-2.67134699725938e-12
5244.668252083003,254.495935138894,1.6624112094551147e-11
5245.924793388609,254.61734458829957,-9.734480764410633e-12
5247.532738901779,254.77274981364573,-1.6792507480338694e-12
5252.058098122229,255.21037379631343,-7.0093676843032974e-12
5252.887195027456,255.29059233921518,4.0133676429979134e-12
5259.246617098867,255.9063136856112,7.8565067078524e-12
5260.274696348909,256.00592261027754,8.305256618051682e-12
5261.437777114188,256.11863508446834,-1.8711205651467095e-12
5264.663380885072,256.4313540620538,-2.1428449424334287e-13
5265.275405450166,256.4907108485175,8.745880216566232e-12
5267.639084366047,256.7200154235446,2.3035117997170303e-14
5267.655163517033,256.7215756421883,6.182565334193894e-12
5273.142610313616,257.2543207668692,-1.986317062317732e-12
5277.482051974658,257.67600533452855,1.391162161479131e-12
5279.858459901582,257.9070793980968,2.2233389572276766e-11
5284.19120128274,258.32864860541457,-4.552262134047754e-14
5284.244130072163,258.33380063484617,-4.233693424401019e-12
5285.066526697508,258.4138584369003,-7.206589664369975e-14
5294.648538174221,259.34755624238653,-1.7885974506908715e-12
5295.665563483191,259.44675729531383,6.515181466859105e-13
5304.304247026894,260.29014618079543,-1.7915926225562632e-11
5312.455187453106,261.08717747891944,2.627214871025182e-13
5315.988311639787,261.4330405958428,-1.7188746432537013e-13
5317.674308190104,261.59816651147224,1.0640948584942954e-11
5318.695353286819,261.69819277054063,3.6629705554716e-13
5319.687254447145,261.7953823457464,4.288737520548399e-12
5319.825939975766,261.80897263135324,4.443195267318716e-12
5321.5695547510595,261.97986584033936,-1.166882757128656e-12
5323.346669024848,262.15409999115474,-8.53715328377948e-13
5324.979402912298,262.3142298896151,-3.900862992160866e-12
5325.959244709387,262.41035116492526,-2.978378019046988e-12
5326.846293713033,262.497384833854,1.327414113275289e-11
5327.526990444175,262.5641818793528,2.1422435144895466e-11
5332.885802131961,263.0903423262379,3.9322022733829787e-13
5333.050281457031,263.106500265529,2.107017047440204e-11
5333.374214897257,263.13832394025656,6.242688364976454e-13
5336.149594836891,263.4110603767612,6.862754715794586e-13
5338.450296444445,263.63725776266614,2.9771059401505185e-13
5345.04287000697,264.2859578271561,2.8428998433564693e-12
5348.064466223126,264.58354625171546,8.905674440356337e-13
5352.361699162374,265.00705818380703,-6.097265303002709e-13
5360.724017070998,265.83217784131574,-6.443156185358419e-12
5362.435473544322,266.0012080407718,7.190397295082734e-13
5363.0515178971655,266.062064219866,-1.4772284671233486e-12
5369.813595994671,266.73051823099746,-2.5175459131766963e-12
5373.844847592109,267.1294216669632,1.2778328065224607e-12
5376.5157111494245,267.3938758328878,-8.828735952248672e-12
5377.009149124633,267.4427477182514,-1.0907075305509466e-12
5380.3077806236715,267.7695713455201,-3.934428758941867e-12
5388.522034132574,268.58429869554294,-1.2159491170586925e-11
5389.791975997947,268.71036828905574,-4.998289565103095e-13
5396.740977077027,269.40073514614284,-1.9685051440598614e-12
5398.595808514523,269.5851586733358,-5.159305000883736e-12
5399.50027786568,269.6751118951054,-9.931758103419357e-13
5400.271756545932,269.7518505526137,-2.5982824586849044e-13
5400.427190873343,269.7673128662871,-7.581118657105864e-14
5408.993182463252,270.62012963341726,-1.3608142434090125e-11
5411.090880037326,270.82917916119135,1.6794861474131446e-12
5413.3403279254235,271.05344168291526,1.769866949656747e-13
5415.807183928016,271.29948623246145,-8.962764409526528e-12
5418.67167074679,271.585331189381,2.727751491143626e-12
5422.625874828328,271.9801665353519,-3.9596732479265075e-12
5424.256933645809,272.1431149916105,-1.755886738204438e-11
5429.238883103945,272.6411325336818,-1.159119253158291e-12
5434.136415118493,273.1311569804666,5.4118525331952245e-12
5435.007384971153,273.2183484781124,-9.205555019063175e-15
5435.344718971145,273.25212223770956,-1.7900134472024844e-12
5449.690602143697,274.6903670375189,4.676540530599641e-14
5450.124746823958,274.7339512601767,1.102804791676683e-11
5453.975439945342,275.1206781962415,-3.152512872895294e-12
5456.676117086853,275.39207144194836,1.173866939440734e-12
5457.41108190303,275.4659519117788,6.135899416226355e-13
5461.5089967231015,275.87806679026664,7.207678950038561e-13
5463.770503974438,276.1056321851151,1.6714341412615954e-12
5463.94000850942,276.12269246624714,1.3161987534226333e-11
5464.762405134764,276.20547250015386,6.138765944953329e-13
5467.646990892272,276.49592493510835,-1.3832550462885309e-11
5468.490491878513,276.58088703466774,2.1518011957590976e-12
5469.7969476079625,276.7125063749187,-2.340674809489054e-12
5469.851885340801,276.71804178492255,1.0821408219873741e-11
5475.523240753377,277.289774699345,-1.0963636465476946e-11
5479.911925289539,277.73260739378253,4.594961263712585e-13
5482.848770188664,278.0291428476778,-2.9166673473552774e-12
5487.075320117531,278.45617965164894,-1.747555877189459e-11
5490.323703319282,278.78460932388765,1.3116421270380497e-12
5493.998527400163,279.1563888746543,2.3703079443062046e-13
5496.312963440923,279.3906665279379,5.009182567490171e-12
5496.83554535252,279.44357828069167,2.203170619001555e-11
5511.528141396165,280.9332720022615,-3.0549352260770303e-12
5511.540200759403,280.9344963437227,-1.3029245911347565e-12
5514.212069738885,281.20582712681613,1.3799827308840965e-11
5518.146174881694,281.6055785315981,4.959811349448896e-13
5524.706254367885,282.27279391386764,3.107204775133015e-12
5529.851008081119,282.79661336720187,2.875525219785315e-13
5530.577263673999,282.87059724889247,5.136179639606567e-12
5533.786118646092,283.19760059737445,-2.0263773902099804e-12
5534.935798851603,283.3148066961771,7.173126651212259e-12
5537.270333831095,283.5528797419465,5.686552599166835e-14
5539.134210266248,283.74302767406385,-1.294686589067044e-11
5541.46137531805,283.9805289629305,1.1806776326531175e-12
5546.621538534466,284.5075107227897,6.478529488599373e-12
5547.272755554857,284.574051128784,4.261254407013182e-12
5548.148080969626,284.66350291093147,-5.822524815363657e-14
5549.696397413488,284.8217639601809,-3.5515823470117695e-12
5550.724812437892,284.92690773174706,-8.544171530219937e-12
5555.582816222783,285.4238468985515,1.947749226661361e-12
5556.248103450746,285.4919348849128,1.4811211907729606e-11
5557.7284173763655,285.6434650092715,8.63595433816363e-13
5557.819199325476,285.65275908156696,-3.246391690579819e-12
5559.420444558761,285.81671628322465,6.496479055164501e-14
5564.046300373783,286.2906394433786,3.0301307073372222e-12
5564.156511613822,286.3019354932472,3.578984370180996e-14
5566.623367616411,286.554833306162,-2.1452398043816176e-11
5567.296694419867,286.6238810801282,1.3538681727509322e-11
5568.013905015087,286.6974381993252,-9.569742830517723e-12
5570.794644038081,286.9827203835819,-1.2924218207812271e-11
5577.409327383664,287.66190782174385,4.2090034220556494e-13
5581.918943227492,288.1254116024512,-1.0663153971311323e-11
5584.637374589959,288.4049962453145,-3.2872418415808223e-12
5587.962805307609,288.747194540549,-1.6608646854061246e-14
5595.158694211932,289.4883736553415,-4.960343544099707e-13
5595.391845703048,289.5124042949513,1.966347196822595e-12
5596.310049487416,289.60705217524355,-3.347109162223947e-12
5596.796117534933,289.6571620567821,-7.57964761192825e-13
5597.963218087958,289.7774989282462,7.927946890608627e-12
5605.693412492754,290.57517375404103,-5.690247225893595e-12
5609.906227988413,291.01035544690035,-2.0372659150889547e-11
5615.2650396761965,291.56439038395894,3.1664025104279604e-12
5616.146729596488,291.65559690819765,3.712858813556294e-12
5621.173902141998,292.1759069938096,-1.0898450082671359e-11
5621.445912214965,292.204073189453,3.8822677865330724e-12
5624.667162324658,292.5377319807527,1.1089705107146615e-12
5626.339424441768,292.7110211463156,-2.2170327463748303e-12
5627.700817904054,292.85213439963707,3.737543423428827e-12
5628.588872329864,292.94420278451554,-3.795123578147251e-13
5634.722177063483,293.5804652456246,-1.0358590499965526e-12
5636.469477753077,293.76185517132393,-9.795462396393456e-13
5636.673485307802,293.7830371704125,8.636459059268546e-12
5636.8738088491455,293.80383740630367,-3.489553130205487e-13
5636.926401864208,293.8092984302771,1.0324079748171009e-12
5647.441021206298,294.90211294129637,-8.570542705516171e-13
5649.384959522929,295.1043750818055,9.05149918673366e-12
5649.657305370259,295.1327175762913,8.25596816163294e-12
5653.015230164242,295.48228245382796,-1.7996307615165797e-13
5658.93146255773,296.0986762441759,1.6965775668434794e-12
5661.414061936942,296.35752257027633,9.479055587189221e-14
5663.620631455442,296.5876841531809,1.172521663300822e-12
5664.495621095849,296.6789769029563,-2.350722857611517e-12
5669.452446405339,297.19641751506117,-5.02334768040505e-12
5671.243964760142,297.38354460622577,2.2870464676204172e-12
5677.863673315642,298.07549707681494,2.1655328132797657e-11
5680.7281601344175,298.37516965330434,-2.9496122155738904e-13
5683.532684010443,298.6687155508355,-8.418324625123549e-12
5691.2079406824,299.472815602845,-2.044998671265406e-12
5692.0531167386125,299.56142699523656,-7.3276875407055e-13
5697.923790270365,300.1772933139815,-1.7305619718651134e-11
5698.088939243238,300.1946275411067,8.616938266134257e-13
5704.791054397992,300.8985132039252,-3.2346922677492457e-12
5706.833144591424,301.1131469774491,-1.5964635614639921e-12
5707.643481853529,301.198338718291,-8.258741725111126e-13
5710.273142111218,301.4748814129166,-2.848379546233246e-12
5717.11193195026,302.1946647690287,6.457144289918812e-14
5719.140957358287,302.40838563035146,2.7597646062410767e-12
5719.471591078395,302.44321905492734,1.0674459609034925e-11
5726.721748067751,303.2075547957421,-1.050090937319882e-12
5727.843959406843,303.32594859586567,4.959684526445157e-13
5734.15715296871,303.9924256951062,-5.4557059172233334e-12
5735.511846151113,304.1355348806471,-1.2696581980183554e-12
5736.692681137347,304.26030533976683,4.390553951139309e-12
5739.055354631061,304.51002940336383,-1.1163262527254537e-12
5739.152836860055,304.5203350495645,1.5544600639607603e-11
5743.057462292109,304.9332689662359,-1.512670216388546e-14
5743.674176292757,304.99851527737616,-1.823515233773294e-11
5750.350497651062,305.7052965570945,3.992095569364515e-12
5754.3047017326,306.12429110058235,1.6089031229299412e-11
5759.750945229553,306.7018563546101,1.5525760857891372e-12
5761.578307800627,306.89576759892293,-6.601125387685326e-12
5763.54234505599,307.10425071144664,-1.9653038848070294e-12
5763.958065867492,307.1483887055967,3.296188543407686e-13
5765.97335684231,307.3624017101794,-1.4290254677146252e-11
5769.290078336661,307.7147824819617,-2.6261604549091595e-12
5770.171768256952,307.80849057745615,2.665002779877168e-13
5771.6520821825725,307.9658540557853,-5.75224298486702e-14
5774.854572649144,308.3064301305468,1.5420685849493358e-12
5776.540569199461,308.48580714933973,3.5358558501580023e-12
5779.294844778198,308.77895345074467,-3.999917849310031e-12
5779.405056018236,308.7906864909041,-7.674307830658382e-14
5781.259887455729,308.98818460031134,-7.62435050005381e-13
5790.3193170208415,309.9537221434149,9.879412416087998e-12
5795.116352440816,310.4655936737064,1.4946602490644831e-12
5797.660925607111,310.73728646478475,-1.2286453806839764e-11
5801.676767701368,311.16631432965795,4.740629703864033e-12
5803.329936301912,311.3430150108003,-1.662103008807918e-11
5819.590278080341,313.08370169252845,-2.1409635925062726e-12
5819.920911800446,313.11914690351125,-1.888921438651103e-12
5820.796237215216,313.21299488907175,4.4071981946354835e-13
5820.900753597535,313.22420155279184,-2.6228258464682305e-12
5825.126633878597,313.67748585218027,1.6167878278747658e-12
5832.788825765149,314.5002012121133,2.334764841280722e-12
5833.242735510699,314.5489729615894,3.32969491996832e-12
5838.396198447228,315.1029690279553,-5.262628043282124e-13
5838.627340994932,315.1278282613369,2.8264033682463224e-12
5849.511452638981,316.29952178121346,2.034522317800962e-12
5849.825001785939,316.33330822905594,-6.064822574621188e-13
5851.044359579663,316.4647171862833,1.5546404190285446e-12
5860.625031760762,317.4981695538115,-7.551422840882053e-12
5860.768406724934,317.51364803152023,-1.5934347510688522e-13
5862.024948030539,317.6493179484188,1.7721608297107972e-11
5863.833886732854,317.84468179251945,2.9792621779409995e-12
5869.18197835301,318.4226236862523,1.9034992996958985e-11
5870.287774766757,318.5421873840953,2.1585231223931485e-12
5872.206588934745,318.74971168377175,5.880941544626392e-14
5874.20010590086,318.9653871022981,1.959116411380427e-12
5876.063982336012,319.16710313833795,1.1099408824413737e-11
5876.374850990833,319.2007527931526,-1.511965194909329e-11
5876.669306621225,319.2326274788386,-9.524979805603695e-12
5877.537931756112,319.3266650526358,-2.5133459411521636e-12
5877.771083247226,319.35190845718785,-1.8699300655327656e-12
5881.822769557754,319.7907460424317,8.669455096668333e-13
5883.4538283752345,319.96749116754637,8.815966488135618e-13
5883.794176740806,320.0043782457175,1.177422266132557e-11
5884.700990809738,320.1026694967721,-8.40153444327498e-12
5886.295871537503,320.27557831163955,-2.1775976683970838e-11
5893.381883075233,321.04437401094594,-1.250222749760477e-12
5898.061673101841,321.5526142235471,1.4069757426112892e-11
5900.291355924653,321.7949068262162,8.28730508712262e-14
5900.8424121248345,321.85480247953933,1.1842104910408775e-11
5901.523108855976,321.9287968033416,-6.298019799767988e-12
5907.046399868829,322.5295151505456,8.929668206134674e-12
5907.568981780427,322.5863807525572,6.4363830920993575e-12
5909.574558109779,322.8046675082194,-7.814445972830398e-12
5911.966711314242,323.0651261509856,1.5677297167884824e-11
5913.325424284392,323.21311032734485,2.4820398748704563e-12
5915.639860325153,323.46526534860715,-2.826677503921667e-12
5916.096784436284,323.5150583436814,-1.4539430691155598e-13
5926.015124490817,324.5968505171563,-2.7200236036095856e-12
5928.010986174706,324.8147579279106,-1.1655885749805356e-11
5929.93683449602,325.02509086886437,6.297073943320517e-13
5930.957879592737,325.1366327732185,-7.85926304320565e-13
5931.872063589358,325.2365171580364,1.24065169269849e-12
5932.088466281685,325.2601637214381,-1.2768447224487318e-12
5932.360476354652,325.2898877889275,-1.3845668600089395e-13
5933.774462832,325.4444239853707,-1.9371473979080487e-11
5934.389501762677,325.51165378614456,-3.642970830046312e-12
5946.19449768323,326.803406285809,-5.458733546885352e-12
5951.438742568869,327.3780772049325,-3.1356725671992195e-12
5957.354974962357,328.02699349647975,-1.9885288513639307e-12
5960.07340632482,328.32537823238175,8.910764035963845e-14
5966.517245839815,329.0332208536997,1.4401482002120194e-12
5970.737095488799,329.4971771841725,-3.8196357945603813e-13
5972.0984889510855,329.6469271714581,-8.298045225600003e-12
5976.824171712875,330.1670057834819,1.1729410083053079e-11
5982.989300875017,330.84611913063287,-5.767109688747448e-12
5988.778237455319,331.48443074564386,2.5370844165323266e-12
5988.979230644462,331.50660415813354,-2.4943340747306766e-12
5990.788503220222,331.70623520230305,-3.092964532439927e-12
5993.401078904757,331.9946072964075,1.7972807948800091e-12
5994.132693580992,332.0753843359995,-1.5704770544799948e-12
6000.492115652398,332.77793880011143,-3.754018413376985e-12
6001.20932624762,332.85721908382203,-1.680832570508291e-12
6005.567861425222,333.33921425458976,1.652310908647006e-11
6006.139016564134,333.4024022378254,1.4158999224847506e-12
6013.432051923086,334.2097729086915,3.2252269328217987e-12
6013.58045209717,334.2262116231921,1.2376706587746627e-11
6015.600432507538,334.45001101049445,-3.1575733811941786e-13
6016.371911187789,334.53550516739784,-8.198388398055885e-13
6021.398078311133,335.09276616223667,1.7947172858394481e-12
6022.169556991386,335.17834271042676,1.4767280466421425e-12
6023.243195103163,335.2974546470653,3.894295478435851e-12
6024.944936931022,335.48629338712334,-4.1212277011340923e-13
6026.053413836905,335.60932744738693,1.7340713422797046e-11
6029.4404825672755,335.98541130851953,-3.221901433562304e-13
6029.991538767457,336.0466179327152,6.488816713954029e-13
6035.747981271425,336.6863289003569,-1.5312083605484874e-12
6038.470768195997,336.98912367492005,-7.0167070502072195e-12
6040.320910197939,337.1949515704896,4.18770117601639e-12
6041.643109304013,337.34208456611225,4.066519488930544e-12
6047.202914180943,337.9611265100327,-5.983892299273046e-12
6047.60724527701,338.0061679098411,5.143824575930867e-13
6049.519359165115,338.21921306468766,-9.780512645060518e-12
6055.191719999855,338.851616117477,8.589637029327664e-13
6059.664486205242,339.3506960890647,8.392766364607296e-15
6061.071438529263,339.5077627642241,-7.405976095113604e-12
6062.926269966757,339.71488464152054,1.6190608553049316e-11
6068.9386433927075,340.38669886207106,-2.5185579207082798e-12
6069.20060494677,340.4159852191712,-2.2853654911125557e-11
6080.753018184363,341.7087604297323,1.2733384165672106e-13
6087.455133339115,342.4598888520977,-1.2609975647666796e-13
6089.497223532544,342.6889171822285,-3.379758668871255e-13
6091.623395395201,342.92745722355806,1.9958105204474284e-11
6093.147593112585,343.098511666121,-1.961794469325283e-12
6093.548909843073,343.14355690984206,1.9852133987364925e-11
6095.3357387623255,343.3441530720416,8.787346453822336e-12
6100.219536343661,343.89272668591383,-3.9180674261943713e-13
6103.01099543428,344.2064752617977,6.62270915539996e-14
6107.940016102991,344.76082750368414,4.363256820328309e-12
6108.5754897467605,344.8323298961497,-1.4394279933605675e-12
6108.581854252282,344.83304605689875,-1.9816825244141497e-12
6109.516137187633,344.9381835700979,-1.81839714687517e-12
6112.906556057946,345.31985208551185,-4.899736229278351e-13
6123.692515825195,346.5354647241886,-6.891144592419028e-13
6125.771119882704,346.76997642881724,4.758862483161356e-12
6128.573968688756,347.08632469416875,4.151113479727451e-12
6133.377704388612,347.62884298492605,2.4436004112376505e-11
6134.590697676815,347.7659017222729,-8.16668334318258e-12
6136.197301993458,347.94747714439177,1.187861383666188e-12
6141.292812831567,348.52367681122354,5.737454580856009e-12
6145.607799991769,349.0119889643106,9.21306569241908e-12
6158.6472274348625,350.48970003232455,-6.498231925578964e-12
6161.083934078896,350.7661904969733,1.1662074040242907e-12
6163.372910196651,351.0260177667763,-7.757005962288508e-12
6165.755348755651,351.2965566917403,-2.6779372379563476e-13
6168.675109081625,351.62825402794834,-4.155318164883961e-12
6168.707267383596,351.63190822374895,1.086907066260474e-12
6170.451887581052,351.8301805682376,-1.3694249483610166e-11
6171.682970864571,351.97012428422124,-1.8667842034401796e-14
6178.337852087617,352.72710301734907,3.5467179982632112e-12
6178.668485807726,352.76473317978633,-5.359135507661615e-13
6182.91044523977,353.2476987114847,-2.5572008075115998e-11
6183.902346400098,353.36067878808007,5.988988801603574e-12
6188.744940681806,353.91252288003744,1.1004756465857453e-12
6188.813612847852,353.92035161184646,-3.2628741449112733e-14
6191.789316328826,354.2596697912667,-1.1742667108391735e-12
6197.2603482000595,354.88395481807044,2.1817383140208797e-11
6198.01909786927,354.97057727883265,-1.4321890852514096e-11
6200.239401820979,355.2241186291214,-5.796442760454341e-13
6200.335542853445,355.23509923447585,-1.9777135823217303e-12
6203.448256793071,355.5907052331343,2.2868690028068684e-13
6206.111750422699,355.8951326242524,-1.631803074858215e-11
6208.394362034931,356.1561306059744,-2.1901434479292307e-11
6208.796348413224,356.2021044023753,1.4611168748581732e-12
6209.058643840728,356.2321038310542,1.6261721683880786e-12
6214.52029684086,356.8570556093627,-2.5332640375957506e-12
6216.283676681438,357.0589483806733,-7.311320759100711e-13
6221.060277388318,357.60611836231675,-1.1140898641860598e-13
6221.176853133875,357.61947762088744,-1.19583923817766e-13
6223.653423781928,357.9033449290673,3.4986646367917236e-12
6225.170251571627,358.07726122307207,3.128555182576071e-12
6225.910241597714,358.1621223093892,-1.6715094016939923e-12
6230.383007803101,358.6752680186889,3.5761602365224936e-12
6233.708438520748,359.05702255889423,2.297260246496602e-13
6236.929688630442,359.42701155123876,-3.1866093460793733e-13
6237.6760431620505,359.5127642274151,1.0799833645071222e-12
6238.081043905924,359.5593012304044,-8.620609625988423e-12
6244.689026971625,360.3190247514578,6.908336693663276e-13
6245.687628411832,360.4339044806418,4.155677071924788e-12
6245.920779902946,360.4607290178918,1.3982230741312251e-11
6250.996525675771,361.0449517315598,2.021182746451519e-12
6251.58108137445,361.1122650711752,1.2033744599525298e-12
6252.569632394834,361.2261140051333,-7.275837724094444e-12
6253.719312600345,361.3585424235782,-1.1735032858785763e-11
6254.659960041216,361.46691105769673,2.7952470048253903e-11
6267.625356234909,362.9622686746249,-8.946926976712784e-13
6269.115384805991,363.1343187712371,-5.721137597713406e-14
6278.78717280964,364.25209169707165,-6.276048554135741e-13
6282.706873871431,364.70558400336745,-5.641054561107763e-13
6284.337263041106,364.8942962574661,1.4144620457014626e-11
6285.80886774343,365.0646717692516,-4.1900517471801274e-13
6286.080208168592,365.09609065085476,-2.4411164547669882e-11
6287.402743049026,365.24924820145173,2.9234450054389088e-12
6294.488754586752,366.070400042276,3.4168474475649673e-12
6295.179165963359,366.15045678093827,1.0157020116736758e-12
6297.709668922083,366.4439566413639,-1.692509782954955e-11
6304.31564304437,367.2107050719166,2.1055632200457144e-13
6306.131615900011,367.42162398407385,1.1054355436443597e-13
6308.153271380347,367.65650367272326,-2.3119394699332288e-12
6309.259403568456,367.7850480302684,1.445694538875339e-11
6316.989597973248,368.68400819165464,-1.007920278292177e-11
6317.384214423852,368.7299284780705,-8.976724617344525e-13
6318.273274271828,368.8333961129964,6.939363095211303e-13
6322.7460404772155,369.35415174171067,-7.855581263156783e-13
6328.300820144231,370.00139715509806,-4.729558926783589e-12
6328.593600704653,370.0355278456424,-1.9146062589785405e-13
6329.484669496043,370.13941328720847,-1.0836598485935713e-13
6331.25709433428,370.3460952885488,2.471068937107346e-12
6335.571745720119,370.84946756598987,-1.9430470387019692e-11
6343.897885539022,371.8218127499926,1.8393000088100184e-12
6346.562048816455,372.13320935980147,3.3248431436804225e-12
6350.325979776472,372.5733734598588,4.64904986699949e-13
6351.3178809368,372.6894124684898,2.3949301230282618e-12
6352.530204577197,372.8312625356663,-1.0877657951374486e-11
6353.194822157356,372.90903877803925,9.500105635714409e-13
6353.29096318982,372.92029026488325,-3.568013044414276e-12
6353.3891150666195,372.9317772586125,8.984311252658435e-13
6354.762567892144,373.09253497084194,-1.756645241710421e-12
6360.911951776744,373.81272430993175,-2.836668335859885e-12
6362.419400695339,373.9893765391212,1.81639845705138e-11
6368.0884113901375,374.6540811388264,2.9310575899889526e-12
6373.840834106358,375.32917111850156,1.8967565985579856e-12
6375.76366806209,375.55496604319404,2.983089857017102e-12
6377.250682267595,375.72963014133165,8.797138326060371e-12
6379.286072181141,375.96877226561566,8.622377426986032e-13
6379.93528025812,376.04506510287814,3.2143811722760217e-13
6381.003893159982,376.17066194841783,-4.478642419945707e-13
6384.828456710557,376.62034518532295,1.55481238702813e-14
6385.554712303437,376.7057670599834,3.708480513825652e-12
6386.040780350954,376.7629436048715,-9.02789599212537e-12
6388.8030955051845,377.0879594298624,2.0921943949123408e-13
6394.792355626822,377.7931424946906,1.8675793672881016e-13
6404.06215725218,378.885883455582,6.996089313684251e-14
6408.814975006944,379.4467680393044,-1.754185745923679e-12
6412.508892604387,379.882978176256,-2.8798352438977793e-11
6418.3115636178945,380.5687159237361,-3.634330252535606e-12
6424.1654883508545,381.2611391266976,9.42140211841571e-13
6425.383506848968,381.4052900567299,-1.2918512808680774e-11
6426.742219819117,381.5661242431767,3.3480808447806357e-13
6429.0566558598775,381.84016801292705,-8.202091360299554e-12
6432.469518386695,382.2444524102366,1.094930638390715e-11
6436.021066442134,382.66539317386486,3.438270850231807e-12
6439.833906403829,383.1175617039951,-3.007391077800119e-14
6442.640774997628,383.45060221084356,-1.4071606876421354e-11
6445.505261816404,383.79062886077116,-9.567315707345893e-13
6461.361272498758,385.6755380380369,2.20056452788351e-12
6464.764756154473,386.08073645066634,-3.617226155794368e-12
6465.666545013494,386.18813379855465,8.324299046971789e-12
6468.20039811216,386.4899798518404,-1.8151492940908074e-13
6469.118601896526,386.59939036254553,1.7172755194201724e-11
6470.959698900808,386.8188169533726,1.653616131208474e-13
6472.9920744487745,387.06111311115876,1.8756255847588943e-12
6474.8385305364145,387.28131025055166,-3.481002955016213e-12
6475.655568078402,387.37876522920567,-1.3544280165769736e-11
6478.534458978192,387.72225289793766,-2.539799243528186e-12
6482.44008983241,388.1884875309613,-1.9550255438154017e-13
6483.570676521355,388.3235037450004,-3.3113526513684232e-12
6484.258407405825,388.4056450287344,1.119278814196904e-11
6487.168453086334,388.7533118426437,1.917338232825409e-11
6490.60409504402,389.1639731035307,9.236546322258232e-13
6491.595996204345,389.28257520298763,-1.5619124551529642e-12
6492.164136977676,389.3505162322219,-1.063714566267846e-13
6494.944876000668,389.683136261562,-1.967716540590367e-12
6495.71635468092,389.775442460231,-1.8912790023710815e-12
6508.289479141782,391.2813421725359,-3.18946665822138e-13
6508.3856201742465,391.2928683294221,-3.2494877640375895e-12
6510.427710367677,391.5377306718206,1.698663104347415e-12
6512.352889041184,391.76864476835595,2.312193877153981e-11
6513.977583353144,391.96357061619506,-6.044572109606201e-14
6519.308926174506,392.60355036603505,-2.565740838947512e-12
6525.001385947976,393.2874569300697,-8.580690667207335e-12
6526.7027920014725,393.49198403711,-1.9727007730383298e-11
6528.066865955895,393.6559987507519,2.1054696350583385e-11
6528.300017447012,393.6840360529446,-1.3295611066553782e-11
6532.196939077933,394.1528030782811,-4.621862098473953e-14
6545.726120482848,395.782421697398,-1.2525042978032153e-12
6546.036989137668,395.8199061136795,-1.1461796323305257e-12
6549.420373854653,396.2279883910293,-6.861054369340335e-12
6550.619296935282,396.3726454435402,1.0812594757873717e-13
6552.629228826744,396.61521483542623,2.7068886675494586e-12
6557.410854743537,397.1925862738941,-1.8157498687553897e-12
6557.977320446897,397.26101373864054,1.72947275097402e-11
6560.44451032293,397.55911227665155,5.27903799816351e-12
6565.464648715109,398.16601734450114,-8.654144261381592e-12
6565.5745241807845,398.17930583057716,-9.968112264297138e-13
6568.29496638758,398.50839067406037,-3.668071386741534e-12
6572.5895188346885,399.0281690269961,-7.06955290454778e-12
6574.488234063945,399.2580826712151,-1.5907215815215002e-12
6575.091213631384,399.33111079436907,-1.9785020603782576e-11
6576.160496181053,399.4606303212853,3.744269969242136e-12
6582.617400481449,400.24318661089376,1.0696171580929045e-11
6584.102403842618,400.42327292540836,-2.527407772549961e-11
6585.301998471974,400.5687773925487,3.1897072946460534e-13
6586.857015195718,400.75743212713627,1.2783330101778624e-11
6587.770863417978,400.8683210356302,-9.087370852112506e-13
6587.846235863907,400.87746762651534,1.00958636848697e-11
6590.921430517289,401.2507376315885,-5.252097201215099e-12
6595.251827180668,401.7766605991347,1.6570180580164586e-12
6595.394196722674,401.7939571231425,3.4819008739703005e-13
6600.762053408113,402.44637227922686,1.4243832140978044e-11
6605.819039537814,403.0614894422644,-9.692956813108615e-14
6606.045156875603,403.0890047037638,-1.97082854536856e-12
6609.5012335463825,403.5096772517673,5.670113740442332e-12
6616.482728701789,404.3601337673856,1.6832090811511949e-12
6616.806328268571,404.3995750845966,-1.0590072504786076e-11
6621.155818448514,404.9298916210377,-3.274673127735075e-13
6623.515477576647,405.2177415553572,2.8748926031264337e-12
6624.796809157453,405.37409151265786,1.199752224943533e-12
6627.017113109162,405.6450878623234,2.243889146525087e-13
6627.152112723478,405.6615679955798,1.530325238617737e-11
6628.5848588439485,405.83649175364144,2.959822879007702e-12
6634.989839777088,406.61893727473245,-4.959561448762618e-12
6637.534746816826,406.93003808455614,-1.7804807190360203e-13
6639.307171655061,407.14677769668765,-2.125291488949057e-11
6641.990764223419,407.4750488944488,5.599274258463163e-13
6642.254065073092,407.50726438966285,-1.3919861099635054e-12
6642.3676264530695,407.5211592930948,6.965565201654123e-13
6647.910010982484,408.1995913914862,-1.4552434919351392e-12
6655.312587933665,409.10660847865336,1.308446669945711e-12
6656.457242929264,409.246949970172,2.8036090220555987e-11
6665.619513806721,410.3711684991349,1.7801727450806242e-11
6667.545028254592,410.60762741842916,8.411922886711904e-12
6667.769470522409,410.63519404294675,5.572373134345009e-13
6670.871464394409,411.01628460858853,1.896656261159026e-13
6672.6984911911195,411.2408240479643,1.0499446880923507e-11
6673.333964834889,411.31893742244273,2.1278581014083714e-12
6677.7745727383035,411.86499122290985,-2.2662126172040495e-12
6679.76842357786,412.11028974202435,-4.203524792659288e-13
6680.282965913965,412.17360449585044,-6.402994209488907e-12
6694.322000219429,413.90299822075997,1.0807639249520195e-11
6694.632868874251,413.9413335583067,5.4628545804202655e-12
6696.140317792845,414.12725262843554,-4.58025484085712e-13
6696.286037474791,414.1452269770887,-2.7757175319035165e-12
6696.8136445963,414.2103099571016,-7.130556837378742e-12
6698.136179476734,414.37347379272165,-4.308864051556809e-12
6702.375794191003,414.89674093158396,1.1244704703501664e-11
6705.4101194182,415.2714505789204,-1.160715606467316e-13
6708.713106479342,415.67953014058116,-1.9854603513922257e-11
6712.916207329536,416.19910811295273,2.5689019661161687e-12
6714.848755930733,416.4381146808763,-1.0411394192760694e-11
6716.865052327715,416.6875520307425,6.752154249182777e-13
6718.54937380806,416.8959779542414,-2.994246999529218e-14
6722.633554194917,417.4015907858863,3.1113442294842798e-12
6729.116252291763,418.20476592628955,3.8046551797735516e-12
6729.226127757437,418.21838564008124,1.2960086157956915e-13
6735.242856745494,418.9645342947251,3.676307786398328e-13
6741.951336405765,419.7972548278165,2.603834247374345e-11
6752.032480715392,421.0501816214154,6.9989355331124764e-12
6753.555339137167,421.2396115958636,-1.6484307519360622e-12
6754.677550476259,421.3792319940173,-1.2617713461984786e-12
6756.906563651261,421.656624411011,-4.96099023888117e-12
6757.995947040582,421.7922274261717,-2.0763075112336804e-11
6759.104423946463,421.9302295811155,1.205755890919148e-11
6762.741059093295,422.3831390292683,4.662926917652645e-13
6764.99787690908,422.6643274257155,-9.915405707011346e-13
6765.986427929463,422.7875255679781,-5.45136391641304e-12
6768.704859291928,423.12640281196434,-1.9110237232544476e-12
6769.383211305294,423.21098679525204,2.880963251699505e-12
6769.438149038134,423.2178373741275,3.0366137627010498e-12
6774.331661264931,423.8282674479631,5.813098725640719e-13
6775.693054727217,423.99816981449857,8.828468491171134e-12
6776.250475432918,424.0677459591745,-2.982283268958872e-13
6784.918638687364,425.1504254101054,8.121030779437481e-12
6789.014878437461,425.6625395479076,-3.5596232885440297e-13
6790.931012113311,425.90220173770155,1.1496022888932896e-12
6794.76864044929,426.38240001903625,9.753956915073338e-13
6795.082189596249,426.4216460726945,-4.237786819786466e-12
6804.845095323366,427.64454724699857,3.497997909919703e-13
6813.700851207189,428.755337491135,-1.011998078695161e-11
6815.2699381385055,428.95230098796907,-1.0395629675672266e-12
6819.236201583279,429.4503781733159,7.727535640643957e-12
6820.10884650591,429.5600024554582,-3.64510228054468e-12
6822.173046482401,429.8193693057058,2.220026611164206e-11
6822.211905064253,429.8242526415209,1.5637096560552763e-13
6824.992644087245,430.1737787425966,1.8027347374411373e-12
6831.719213742833,431.01986661528065,-4.987907198070316e-12
6834.266801274706,431.3405273377475,-8.894596073731317e-12
6835.915950087502,431.5481667768333,-1.0051817962273663e-12
6839.790092287556,432.03614562162176,-1.4619198603210252e-11
6840.200787889144,432.08789218823375,9.803903040024297e-14
6841.361188162285,432.2341163648287,1.829136439691407e-12
6847.698500450626,433.03313039604825,1.164038582627491e-13
6850.352279434788,433.3679409985163,-1.1985024364354342e-11
6857.470451175403,434.26663661130675,-3.775094806243523e-12
6859.247229674828,434.49110705773023,8.221709387034378e-12
6860.076326580054,434.59587144389,-1.0343238421068796e-11
6864.702182395074,435.1806253297543,1.022527529480831e-11
6866.805910601223,435.4466877559828,1.211800102651014e-13
6866.922486346781,435.46143369169124,1.6537679456009131e-12
6867.681236015991,435.5574158094966,1.6159972784328488e-12
6869.126711147504,435.740298301459,-1.5920890467607977e-12
6873.136188736236,436.24778156372923,-7.891624811358504e-13
6875.836196229941,436.5896908443397,3.901170442162639e-12
6887.458622830101,438.0630034511209,2.6692123557122563e-12
6888.618687328881,438.2101951736582,-5.6045694429888814e-14
6894.907092516462,439.0085142739819,-1.4824725128808126e-11
6895.016967982136,439.0224695452634,9.012586902083116e-13
6908.16794786179,440.6943803308473,6.995022277881686e-12
6909.881413278526,440.91245125455157,-7.210497037031163e-12
6910.964096387961,441.0502710668213,-2.8143490401859737e-12
6911.376802833881,441.10281209070723,-2.7597416387150054e-12
6911.5345818790665,441.1228995276962,-4.641950954972343e-12
6915.015782698488,441.56622082662676,-5.271733835453363e-12
6915.732993293708,441.65758334653265,9.441339298578863e-12
6916.7248944540315,441.78395318635984,-1.7632399130618914e-11
6920.415797685897,442.2543395203199,6.642160625161487e-13
6920.558167227902,442.27248880110886,6.449969493921779e-13
6922.1017942362105,442.46929446798913,1.3100431235686601e-11
6922.231770541535,442.48586787982293,8.209498782938941e-13
6924.2122227222435,442.7384358616342,8.823102558799684e-12
6924.532806022528,442.7793267922917,2.765453244177503e-12
6927.2870816012655,443.1307172043491,1.0487085515365e-12
6933.484369065374,443.9218779372937,1.6337608821175113e-12
6933.838787638516,443.967145257891,2.0171262325402996e-11
6934.482970505583,444.0494280005352,3.7753372197264e-12
6941.747195801587,444.9778308827963,2.3244976572792254e-13
6945.604589202849,445.4712194140226,-1.3032862356478492e-11
6954.141770729804,446.56416130297634,9.877494097322289e-14
6954.84457724401,446.65419538463,-1.7636590632816274e-12
6956.864557654376,446.91301865868184,1.4100097178748032e-11
6959.509627415242,447.25204926645284,-1.4521843325411101e-11
6959.550830714871,447.2573314999835,1.5712803557761163e-12
6962.228058777708,447.6006172535967,-3.597147812113512e-12
6965.151503117065,447.97562472561305,-7.932158366248384e-12
6967.913148623487,448.3300219099158,-6.381884816744956e-12
6968.892990420576,448.45579707623244,-2.0629606663709955e-11
6969.62460509681,448.5497206646063,-3.7183399345309015e-13
6974.386801722673,449.16132524941753,5.7427691379327274e-12
6975.553902275697,449.31127864913765,1.0796743633121396e-11
6976.198085142763,449.3940563953017,2.6558507996530505e-12
6978.92154171514,449.7441060860047,-1.631185274942531e-12
6979.028402815234,449.7578438786619,-1.0714001412961242e-12
6981.630928079947,450.0924828863829,2.8023951334705062e-12
6985.715108466804,450.6178882333623,2.5133965186345453e-12
6985.899686730602,450.64164037858933,-2.53482838847599e-11
6986.505011015815,450.7195399259132,-2.5684852128467167e-11
6993.737413784212,451.6508042935639,5.056336258897198e-12
6993.815130947917,451.6608166050831,1.2123959801790456e-11
7000.508201105008,452.5235030242332,1.9106413096852166e-12
7005.784940066976,453.2042167409433,6.0510641734331526e-12
7007.054881932347,453.36811927882223,-5.3654031366163853e-14
7014.060161940785,454.27277582875047,-1.3339740338996042e-12
7017.767813971439,454.75194503449933,2.1788032910514182e-13
7020.0524364280045,455.0473309601481,2.2448541346100042e-12
7022.560829603663,455.37175963011924,3.0219662164632296e-12
7024.369768305975,455.6057947142945,-1.5887287243672397e-11
7027.325706721665,455.9883549188651,9.5493149908552e-12
7030.574089923413,456.40894921563034,-2.1501095682965396e-13
7036.52214674542,457.179595781248,2.3104179029103204e-12
7036.910732563946,457.22996470521775,-2.5782512959196794e-12
7037.750549536803,457.33883221263,-3.30707433481387e-13
7049.515345678969,458.8652970273004,-1.4874628290441633e-11
7055.362570132043,459.62491420406496,2.2224195714033584e-12
7060.827237497752,460.33540245555605,1.4131613236490494e-14
7061.123368198115,460.3739195751383,-1.146400434277151e-11
7061.164571497742,460.3792789327691,8.123549504555308e-12
7062.947044854888,460.61115710482585,-2.495724660349473e-13
7064.089021259267,460.75974514840954,-1.143533967780075e-12
7066.046024361302,461.01443609447256,7.991695707985275e-12
7074.036505250184,462.0550761571776,-9.392211603823319e-12
7079.950726799333,462.82607205772246,-1.3496275390658976e-11
7081.766699654973,463.0629370929216,-1.5149618342485017e-11
7082.381738585649,463.14317299802644,9.55052250915997e-13
7084.149138213974,463.3737807763852,5.381061422596191e-13
7085.234166041185,463.5153821627272,-9.036698086307439e-13
7086.349007452588,463.66089695460494,4.4853205173789835e-12
7087.059853542287,463.7536921678657,5.255841602925795e-14
7087.863826298871,463.8586555320355,-3.87883985219749e-12
7092.8574993458815,464.51087552397007,1.65443774164914e-13
7094.310344405079,464.70071681889505,-3.303193643162328e-12
7094.702616137909,464.7519811009258,4.1934510528161054e-13
7095.833202826856,464.8997484023718,9.513029985822568e-13
7096.034196016,464.92602060989253,8.013454812115474e-12
7098.718794006525,465.27700094181847,9.25415567993904e-13
7101.187658952527,465.59989384273297,-1.2256391302186756e-13
7104.442742434159,466.02578470520103,1.4775880904079095e-12
7114.178848942662,467.3008090952054,-1.1735565570647716e-11
7115.654137658368,467.4941628024827,-1.4073050213206905e-12
7116.646038818694,467.62418550042065,8.457225873939084e-12
7116.743521047686,467.63696487108473,2.1167830161636876e-11
7118.729332311751,467.8973316362125,-1.2904037382954232e-12
7136.349728256844,470.21078619520256,-1.0045898815435342e-12
7137.360053285931,470.34360930810055,2.0000390432937445e-12
7141.774867392895,470.92422664412385,1.2049062364143221e-11
7147.762452444561,471.712261708963,3.6289976588941746e-13
7150.156614592441,472.0275458127235,3.3393315572501336e-12
7151.700241600749,472.23088003346174,5.2453670674804264e-12
7153.829763603348,472.5114632982678,7.019286979753622e-12
7154.461887107173,472.59476721143164,-4.997291372640833e-12
7156.397116200508,472.8498456602523,-5.727129290526796e-12
7161.424288746014,473.5127890010286,2.5365397671521155e-11
7161.826275124306,473.5658198532218,1.2001337217637573e-14
7164.45091017208,473.9121401568081,-1.23038534959045e-11
7164.917548928673,473.97372637500007,-2.225199996430105e-12
7169.837860374084,474.6233451387335,2.1489868816121892e-11
7180.920620489497,476.088213059879,-2.2632820079822955e-11
7186.750760369421,476.85972213853086,4.569803293363396e-13
7189.635346126924,477.24167420410095,9.603637919927242e-12
7189.9763641403,477.28683901114215,-5.4936814869580804e-14
7196.364930148091,478.13334381190674,-1.495178713024893e-12
7196.908616420584,478.20541864195485,-1.6743196316708092e-12
7197.230540917396,478.24809775668797,-7.920827538626612e-13
7201.900280524181,478.8674028070812,1.6356503719810244e-12
7210.379509952717,479.9929527002888,2.554510891652812e-12
7211.258519380866,480.10970993599295,1.4284779973324137e-12
7213.572955421627,480.41720037152294,-2.040855731038175e-12
7216.218025182493,480.76873883557295,3.848629074153895e-12
7216.862208049559,480.85437237127417,1.9126154346824148e-11
7225.309613049568,481.9780235299802,-2.9057603666663247e-12
7227.072992890146,482.21274942402283,2.04857858131102e-13
7233.016358375686,483.0043007750002,-4.671331378574941e-13
7234.889949456301,483.2539649208096,-1.9324359645990115e-12
7235.175024314672,483.29195805123055,-7.829594984517075e-15
7239.615632218087,483.8839699000387,-5.231882741951766e-12
7240.896963798892,484.0548616692752,3.784398256456396e-12
7241.13982993547,484.08725624459163,-1.5341200306155506e-12
7245.780761380224,484.70649326565854,-1.3878395408533479e-11
7249.7972731222835,485.24273456560206,3.818907955512952e-13
7252.159276968192,485.5582225910947,3.402964687966299e-12
7253.654666523547,485.7580118453165,1.5113408008485215e-11
7254.279084325327,485.8414484302012,-1.2420379311313418e-12
7254.3698662744355,485.8535795853096,-2.3571532713153593e-12
7258.363264712184,486.3873660203456,-1.902134139942921e-11
7260.89879288082,486.7264354717787,-3.8533049718220325e-12
7261.044512562766,486.74592577660985,-6.678372462421716e-12
7268.658131221997,487.76480692542856,1.830124054805619e-12
7270.809763007657,488.05293935695954,-3.0209860187929023e-12
7271.412742575097,488.13370172812853,9.716284405281012e-12
7271.684752648063,488.1701366281853,-2.3278938188622684e-12
7274.330492056735,488.52459626214977,-3.219057590294692e-12
7276.482123842395,488.81295351499205,1.5893468483394556e-13
7279.3057412349835,489.1914982811935,1.8296451763315009e-13
7279.690978814486,489.2431560653941,-6.270436799421473e-14
7279.807554560044,489.2587886323937,-2.41650823925381e-12
7285.039070434637,489.9605818119501,-4.00627188613236e-13
7292.526398702846,490.96586299848894,2.004702068680836e-13
7293.230544512663,491.06045779591363,-3.8488317925977886e-12
7294.458947304045,491.22550302893643,-1.353567705767216e-13
7302.152963619118,492.25988476637184,4.583117010620894e-13
7305.278070795426,492.6803348476442,-1.0104299704467592e-12
7309.540464940559,493.2540848680074,1.4347741771831998e-12
7311.707840102844,493.54595807145284,-1.1081118709910761e-12
7313.918765183449,493.8437851544909,-2.9611942018866335e-13
7315.947454817112,494.11714306419606,2.3221403162633435e-11
7323.862899034424,495.18444285304076,-1.7821549621421017e-11
7323.899077124141,495.18932367072557,1.3138149552959986e-11
7323.908791769603,495.19063428613686,-1.3225653941806776e-12
7327.536048045333,495.6801136367453,-3.056924986777424e-13
7327.8238033958405,495.7189550992699,-3.2994982290611877e-13
7328.102513748693,495.7565771144274,-1.9305598821566558e-11
7331.894583222933,496.2685958464199,1.4142845430395514e-11
7334.9456591498365,496.680755291699,-2.7075353808528232e-12
7337.6640905123,497.0481233718815,9.748723404091236e-14
7343.868078256292,497.8870384346647,2.453114784885132e-13
7345.136009277332,498.05857774475817,-6.726978044628924e-13
7348.315720313034,498.48889341823735,-7.299706762032244e-13
7350.577227564368,498.7950603567858,-1.3507908208336866e-12
7362.051589764805,500.3499318921625,1.1488407020277842e-13
7362.51253366368,500.4124442958803,-1.9921405627705992e-11
7363.984138366002,500.6120469402088,-1.2193006744701862e-12
7364.2950070208235,500.65421703922266,4.140293513410204e-13
7364.324150957211,500.658170577273,3.043735753570658e-14
7370.731476608125,501.52773999456235,1.0160357097957072e-12
7373.395639885557,501.8895291828514,6.710588138925208e-12
7375.003585398725,502.1079489265863,-1.3394948030798568e-13
7377.090898679527,502.39155596300384,-1.1182209922402347e-11
7378.800010435072,502.6238358345398,-2.2885254145768566e-12
7378.841213734699,502.62943630646345,1.481950051272499e-13
7382.374337921376,503.10978510078166,-3.030887970242483e-14
7386.931521570349,503.72970031475904,-3.913994537957642e-12
7387.745542845839,503.8404721709081,-5.725261284471722e-12
7398.988762498574,505.3716958789602,-5.297989421107588e-13
7402.652196864017,505.87112511340825,2.185709249027243e-11
7404.084273336682,506.0664246607844,1.3805878337176732e-11
7404.836322726008,506.1690005870734,5.2494227409518934e-14
7405.224908544535,506.2220059095518,1.177821305798604e-13
7407.031166754711,506.4684263478682,-2.0920173655067307e-12
7407.582222954891,506.5436166613707,-4.915068703185337e-12
7411.662047779641,507.1004731095099,3.138053094836085e-14
7414.4504925046795,507.4812451158646,2.078321297296863e-12
7416.314368939831,507.73584391269384,5.419960573343366e-12
7418.021469851042,507.96908388495063,3.0645191716249335e-13
7423.98962561178,508.78493062223487,1.8103340732951129e-12
7424.348397846113,508.83399568412983,-2.324732368869095e-12
7424.793598368366,508.894883823834,-8.147109605140517e-12
7426.507063785099,509.1292611059636,-1.885380215182562e-12
7426.779409632429,509.1665190593461,-2.119950891172975e-12
7429.437544178701,509.53023377511926,-2.6046879768945677e-13
7435.648566076018,510.38060032761797,6.150018802017337e-13
7445.096581459648,511.675514400278,1.2723069741799257e-12
7445.145154686966,511.68217593641816,-7.335005565075055e-12
7447.899766040064,512.0600260112434,1.0952397505552402e-11
7456.178002279451,513.1963929865332,-8.812911842878626e-14
7458.233491131728,513.4787489255599,-1.822798228495314e-12
7466.265511094596,514.582828106086,5.456793582910997e-12
7467.087907719941,514.695941580638,-3.697312443437048e-13
7472.33885288546,515.418456961266,2.9711744312927267e-12
7472.926422949718,515.4993365565118,1.1963699928795737e-11
7473.4610642245525,515.5729359780408,2.063466524320962e-12
7476.293056966993,515.9628796401104,-1.1167960349312783e-11
7478.838299781093,516.3134660942865,-1.0606121233387179e-11
7483.877531689837,517.0079312390333,-6.430175710254778e-12
7485.057697028264,517.1706394404607,4.809412076386925e-13
7486.444884286996,517.3619223463255,8.41837426346667e-12
7488.194863567811,517.6032821644983,4.4412185743508275e-12
7489.011901109798,517.7159885488596,-2.233346065357836e-12
7496.107627292983,518.6953268497275,-3.3126083436746725e-12
7497.957769294924,518.950832285104,2.199014417741601e-11
7498.256578586505,518.9921038957038,7.327509471666939e-13
7501.39341125261,519.4254632316278,-2.731204896900244e-13
7507.231926482386,520.2325477446832,2.6035713405395094e-12
7508.712240408005,520.4372780572501,3.255690050074618e-12
7509.4522304340935,520.5396352584735,1.6492476301429798e-12
7511.007247157836,520.7547617835318,1.420358706846355e-13
7516.076628425134,521.4563872535783,8.245182308787872e-15
7523.198484179131,522.442884227035,1.2542940637883519e-11
7534.364320541603,523.99142135381,7.749360050073511e-13
7540.578022931058,524.8541650373127,-2.8578579938707186e-12
7540.811174422174,524.88655088172,-1.2198987922243254e-13
7549.234796470067,526.0573034400952,-5.142212624837452e-13
7552.021899998578,526.4449552991678,1.09271383184105e-11
7556.259169995069,527.0345816356194,4.059024469221279e-12
7556.709729600678,527.0972975446691,3.0606093695621913e-12
7560.501129427111,527.6251918008973,7.548132436143966e-12
7566.303800440615,528.4336374630095,-2.8415971439286234e-12
7566.37180295886,528.4431154563222,-9.322678383261377e-12
7566.40429703519,528.4476444162991,-2.1184271310594151e-13
7570.94473188537,529.080672464632,-5.562666414870748e-12
7571.813357020257,529.2018195741223,-4.513508304871951e-13
7572.157725173573,529.2498524326803,7.408177881186496e-12
7575.609782056601,529.7314699273967,-1.9497658564685226e-11
7576.253964923669,529.8213681088073,2.4244704416957577e-12
7579.572695361432,530.2846307597765,-6.525534165240202e-14
7583.812310075699,530.876735084063,2.1309987916650784e-12
7584.013303264846,530.904814000738,1.161306472874462e-11
7584.532201163057,530.977307911751,8.744098824023665e-14
7585.395131440225,531.0978766976162,-1.0650909203107927e-12
7590.288307892661,531.7818116767533,5.109811778768737e-14
7596.556948014951,532.6586440701559,5.86145877539013e-13
7598.650961575635,532.9517076272211,-1.2186747328231952e-13
7600.288720672998,533.1809732778074,-1.3767492423369626e-11
7600.745644784126,533.2449457149908,7.874651502357519e-14
7601.321825132951,533.3256203070259,4.045414934965308e-12
7602.994087250059,533.559798751158,7.55638035095874e-12
7613.026658332366,534.9658107184383,-3.523078786469127e-13
7613.328148116085,535.0080916186909,-1.6599537304901303e-12
7614.6798269329065,535.1976715158341,5.5764066444154324e-12
7620.963876558379,536.0794836971833,5.52417733120478e-12
7621.968842504107,536.2205734778182,3.433751850805113e-13
7622.830767359109,536.3415961685573,-8.219153618944461e-12
7623.771414799982,536.4736878982225,-1.1943840038720474e-11
7630.1603165821325,537.3712896471219,-9.904931426776888e-12
7643.639919337558,539.2675583617845,-1.6019168947377974e-12
7648.832240855938,539.9988909996629,-2.101943490665316e-12
7653.946845210609,540.7197627934668,-1.2035215209564187e-11
7654.348831588902,540.7764407075861,-4.9269847639267e-13
7654.362901796474,540.7784245849847,8.207751217018841e-12
7657.571756768563,541.2309634010077,-3.238195568091088e-12
7657.5838161318015,541.2326644682031,4.4933037429731227e-13
7659.305656898389,541.475571028714,-1.6800455909442524e-12
7661.544720493216,541.7915258451001,-8.744455795685927e-14
7662.919848388714,541.985616256932,-2.0689277844535532e-11
7663.4772690944155,542.0643025074194,-1.3676912841568186e-12
7666.821123680825,542.5364456335955,7.231764635314227e-12
7670.407176656924,543.0430153965868,1.035271450781091e-11
7670.455414109877,543.0498310865697,1.835286536757731e-12
7673.427097803106,543.4697965003751,-2.3334317900282597e-12
7674.7436020514615,543.6559000109911,-2.9367633797159477e-12
7680.033741573193,544.4040459613327,2.3668170254637588e-11
7680.189175900604,544.426035703478,-3.6340453857278847e-13
7686.850087755721,545.3687922732669,1.9680260488667514e-11
7691.799543137523,546.069845990062,-1.5292194854674096e-11
7695.484751511669,546.5921215546928,-7.631362163628286e-13
7701.108203344728,547.3895712344163,-2.4167909328386333e-12
7703.259835130387,547.6948436179317,-6.15141756891745e-14
7705.704581349913,548.0418064191988,-1.7039226629437164e-11
7706.572870710435,548.1650621094337,-1.9538677062454658e-13
7707.075353683302,548.2363970778042,8.206958244782959e-13
7713.165110399509,549.10129881471,-1.4430002543240773e-11
7715.77098580416,549.4716087013734,5.104252961683952e-12
7719.437434535184,549.9928439708417,-1.9863886820229272e-13
7721.748856210363,550.3215710826988,1.2668311970911211e-11
7724.152733003703,550.6635514294886,-9.813071041942081e-13
7727.916663963719,551.1992296370005,3.0181237956502197e-12
7730.169461991757,551.5199700322197,-2.9865072275434243e-13
7732.094640665265,551.7941399545648,-1.9759634577514996e-11
7732.353252079387,551.8309747098269,-1.9214019838844378e-12
7732.787396759647,551.8928139347947,-1.790156827465209e-11
7739.932367718873,552.9110367120493,5.9327964335714526e-12
7743.386433545316,553.4036094209355,1.1759530276528857e-12
7743.698643396664,553.4481434477874,1.0595018387584969e-12
7745.67909557737,553.7306795904204,3.9899178330609276e-12
7746.109220469888,553.7920518073101,-1.5615411562421625e-11
7746.36213702629,553.8281407070698,-7.966577908173094e-12
7747.114186415616,553.9354582981802,-5.199407757576765e-14
7747.137299719927,553.9387567361257,1.5273018231356314e-11
7751.742386948411,554.5961327413478,-5.900780030690088e-13
7752.660590732777,554.7272530026602,1.786826604142946e-11
7756.059718826383,555.2127864745025,2.615327208347707e-13
7760.255115875441,555.8123529362683,-1.5651938190949463e-12
7770.562041748493,557.2866979980801,9.093094570134502e-12
7770.904734831837,557.335751839575,-3.247404029315494e-13
7771.053804653727,557.3570906968513,-8.371210967013795e-14
7771.507714399277,557.4220689126774,6.787555110478451e-12
7777.180075234012,558.2344003727774,6.391559053158317e-13
7780.172527513776,558.6631844094444,3.3038119159762206e-12
7781.620347363068,558.8706995730364,1.2304167248628624e-11
7782.717100680071,559.027922281907,2.7108672369474944e-12
7783.095971853132,559.0822396919058,-6.594006804448342e-13
7784.829538109516,559.3308086373613,7.278258858523729e-12
7790.35986327569,560.1241492438268,5.476546531894859e-12
7791.091477951926,560.2291436101225,-3.0953531354387446e-12
7792.820018998395,560.4772465154965,1.6927137489292672e-11
7793.107774348904,560.5185542852432,-1.8509667787440054e-13
7804.5369115610465,562.1604597547328,1.9567090975318004e-11
7806.647340047079,562.4639062807017,-1.1164749071892433e-11
7807.31832213276,562.5604001730475,-1.3450880656988024e-11
7809.443488573249,562.8660749581728,-4.4867625515923824e-13
7826.059254346971,565.2588831761564,6.460421123450168e-13
7826.155395379436,565.2727430812622,3.034446187984567e-12
7832.359383123426,566.1674837498443,-8.05764144206005e-12
7834.0587802335085,566.4126949313033,-4.551060478518931e-12
7837.279694568836,566.8775964287946,-3.8268348393024445e-12
7841.2405989302515,567.4495688760512,2.7180494939765615e-13
7846.942437574823,568.2734475300801,-7.35547854797815e-12
7847.586620441887,568.3665654226356,-1.1847457443315252e-11
7847.645913736833,568.3751367684912,-1.7786329803543871e-12
7853.369862164466,569.2028866783575,-4.7819501762928485e-12
7858.633202467582,569.9645598970485,1.9517862216829307e-11
7860.030774019583,570.1668922639046,1.4804830980018254e-12
7861.7325158474405,570.4133092303905,-9.843713060862332e-14
7862.9384749823175,570.58796777582,2.483608805105678e-11
7868.19477923119,571.3495489241812,1.0102057508934039e-12
7869.754821164844,571.5756799237624,-1.4478837700840927e-13
7873.39380102945,572.1033311210846,-5.959105232905116e-13
7880.920657527317,573.1954975573899,1.0824859935807226e-13
7883.072289312978,573.5078967216134,8.677102134237805e-13
7889.943573228345,574.5061214259028,-6.823647704661608e-12
7891.5126601596585,574.734192265066,2.8496259503925157e-13
7891.568267540302,574.742275773611,-3.923715505896363e-13
7892.294523133181,574.8478549979081,-2.571365634653938e-12
7892.780591180698,574.9185224455542,-1.1535971996686718e-11
7893.957406379184,575.0896328232742,4.2578400011844926e-13
7900.02471753797,575.972232146776,5.471427052676869e-12
7900.202931296247,575.9981667885296,3.2541935567910984e-13
7902.669787298834,576.3572172766054,-9.919909089272318e-12
7903.1786347772195,576.4312938900413,8.299435468413642e-13
7904.898800473836,576.6817461860447,-1.6753606421620612e-11
7910.559101945334,577.5062582474937,-4.2688452318484154e-13
7915.692130168767,578.2544749311556,-1.22109254553146e-11
7921.811700469169,579.1471293130371,-1.104414706897057e-12
7922.3238980874985,579.221874250919,1.3723599463079526e-12
7927.115574424112,579.921357087875,-2.6554420748534432e-11
7929.935172028953,580.3331560323019,9.207663564927596e-13
7930.042033129047,580.3487658517421,1.0417941030455488e-11
7930.33648875944,580.3917797784719,2.023575960189846e-11
7934.576103473707,581.0112775586125,-1.2604576286522539e-11
7934.685978939383,581.0273371000886,4.258527810886567e-13
7935.001538930671,581.0734609967859,-2.4714299742744722e-12
7935.489951695965,581.1448535744817,2.4441915754926652e-12
7943.923958037125,582.3783675442809,-4.4296299744089017e-13
7947.39175829678,582.8859301412159,1.3014879866647362e-12
7951.0870170907465,583.4270283679122,-4.7367675796585726e-12
7953.958538062846,583.8476800112272,-5.710110571076645e-14
7955.30452202195,584.0449066744461,1.6625355325782444e-13
7962.385844124123,585.0830805154893,-2.0157159647897182e-11
7962.412979117097,585.0870604813621,4.515433385089828e-12
7966.6773822056475,585.7127010544308,2.4577811991459505e-12
7987.441644970164,588.7638613473717,1.3346930049508811e-11
7991.10374004,589.3028039746983,-4.256450246307561e-14
7993.9082639160215,589.7157067371478,-1.3293483237195528e-11
7995.434806351181,589.9405165076989,-1.5519688236889973e-12
7996.322860776992,590.0713176278102,1.4688131386193287e-12
7997.1981861917575,590.2002581142991,3.448163359793149e-14
7998.474492562651,590.3882907032205,-2.2502606034373576e-13
7999.849620458146,590.5909158130083,1.773171419515746e-11
8000.503182196312,590.6872303537149,-1.681135770178884e-12
8002.387493344554,590.9649628744862,1.6329279106653691e-12
8002.817618237071,591.0283690416395,2.2599918899437713e-12
8006.175543031046,591.5234892635426,3.2369162658243974e-12
8012.65824112789,592.479939484426,-1.618544714858699e-11
8015.125431003921,592.8441493674328,1.34818513357896e-12
8017.118947970033,593.1385169222245,-1.2516144012593873e-11
8025.5325195981,594.3816917987275,1.1216594770263033e-12
8025.568697687819,594.3870402266178,-1.1976817835636508e-11
8028.323978688719,594.7944410785732,-2.3459997919415513e-12
8030.491353851002,595.1150113730416,-8.081255710540123e-12
8034.135358925519,595.6541808416936,7.833932113126523e-12
8035.0398282766755,595.7880446328384,-1.6987797071634693e-11
8039.425498447252,596.4373487896162,-4.515562833899615e-12
8041.810281724025,596.7905677574496,-6.067328142673474e-12
8045.019136696115,597.2660083141727,2.3937354312059472e-12
8050.367228316264,598.0588307379304,1.529389239051059e-11
8055.164263736234,598.770410628941,4.471038384777621e-13
8057.359107764936,599.0961294872999,-2.7283754271879766e-12
8057.407680992253,599.1033388465066,-4.338330178846519e-13
8057.854556584473,599.1696672725519,-7.652906542433792e-12
8057.87365010104,599.1725013488418,1.8894416857922265e-12
8067.481121500742,600.599403059398,-1.749589565734691e-11
8068.550404050412,600.7583180597046,2.1780282873449347e-12
8070.094031058721,600.9877664958749,1.0240444180482277e-11
8071.912684406497,601.2581518291101,1.4709195273312253e-11
8071.953887706124,601.2642783685827,9.31472260512097e-12
8075.279318423773,601.7588414592614,2.4756160606231596e-12
8079.24692306507,602.3491761373609,1.1304217149633122e-11
8081.140613084417,602.6310380155213,-3.1765189629132127e-12
8082.027662088061,602.7630914761262,1.7987726285494826e-12
8083.107664705359,602.9238891762064,2.2197053397772134e-13
8085.976507086239,603.3511251266036,-6.113478559280045e-13
8091.447538957465,604.1663065874628,-1.3117839435665179e-11
8092.879615430131,604.379776434394,1.2538144073287214e-11
8093.151961277459,604.4203774428646,1.2595620593287517e-11
8094.020250637981,604.5498301528963,2.7845139175623465e-13
8097.661241346918,605.0928143659679,3.641199344770483e-12
8100.736100225939,605.5515610272043,2.3790556238890414e-11
8101.274427415076,605.6318934573794,6.414425753571425e-13
8109.1962361379055,606.8146508098645,-9.364558632353003e-12
8113.993271557875,607.5314291060312,9.06436901102455e-14
8115.086003186217,607.6947655421255,-2.029726067724392e-11
8115.451475700432,607.7493995804257,-6.976403289606847e-13
8122.86778708482,608.8585864297189,-2.487921422456353e-11
8124.994964369641,609.17691499259,-2.684893819768045e-12
8126.01801840977,609.330043021437,2.1191779166935e-12
8126.0505124861,609.3349069649349,2.4887156703009034e-13
8127.379747646413,609.5338929698484,-4.3855769173399705e-12
8129.652308838822,609.8741699173554,-9.210648311165721e-14
8131.276333502974,610.1173979598713,8.15958576399558e-13
8133.70734528929,610.4815781986263,1.975786102945484e-11
8134.380672092742,610.5824658696372,7.448961835963727e-13
8139.002508120014,611.2752023588349,1.1124980278539556e-13
8143.577112116498,611.9612470304353,-7.418999463611361e-12
8145.290577533231,612.2183114199404,-1.3749256632037233e-11
8146.295543478963,612.3691076187022,-2.0897618860241903e-12
8147.1390444652025,612.4956901908217,2.969716988633435e-13
8147.7024958029815,612.5802535518345,1.1570016575750569e-12
8155.6085592482705,613.7674204806395,-8.952597770426463e-14
8170.164480607608,615.9561350823736,-2.003883766122784e-12
8170.988552302924,616.0801641202213,-9.558037027448517e-12
8172.359324636311,616.2865034594314,-7.385056096089364e-12
8172.485615027332,616.3055154150939,-2.6003690725691094e-11
8174.961516027578,616.6783008166111,-2.53640452015383e-13
8175.240226380429,616.7202720659518,7.645170099877108e-12
8176.894064628776,616.9693545319693,-2.936639956864519e-13
8176.990205661243,616.9838357596534,6.737507732815502e-12
8179.438302020707,617.3526372503655,1.3413920071326181e-11
8194.765702060295,619.6641929855479,9.942904509160056e-12
8194.959994969558,619.6935224623927,2.339896524940424e-12
8203.553455425876,620.9914434146533,4.943177474423857e-12
8206.334194448862,621.4117261200735,1.9620521853419334e-11
8213.584351438212,622.5081893925361,-1.1618561419673653e-12
8215.535323908165,622.8034062237673,1.5744577528620334e-11
8217.040092334624,623.031152342423,5.34351835835196e-12
8217.380776474558,623.0827205457716,-1.9895061538441218e-11
8219.121376884266,623.3462226953449,1.4035379041504909e-11
8221.50616016104,623.7073355829706,3.364133924001198e-12
8222.342291219593,623.8339705091348,3.779296954637864e-12
8225.289184637626,624.2803903367691,7.554677427633361e-13
8227.942963621785,624.6825436545379,3.536281296801772e-12
8230.373975408102,625.0510527112164,2.254360237597726e-12
8230.70460912821,625.1011807959718,-1.4854230425802199e-12
8234.341244275038,625.6526717030836,1.5144844263086313e-11
8236.03394110524,625.9094500231427,-7.063928470868669e-13
8238.068997145338,626.2182333403314,-3.289266297680975e-15
8242.302581227526,626.8608483556269,-2.5818521812530646e-12
8250.385854909846,628.0887240937876,-1.8358696009483156e-11
8252.434979256603,628.4001840212844,1.161468869032836e-11
8255.099142534034,628.8052434272017,1.7053439303862679e-12
8259.740073978786,629.5111629340677,-5.051628226621021e-12
8268.082962596476,630.7811748032746,1.1743922682330463e-11
8268.151634762518,630.7916338728257,-4.3245978018663613e-13
8268.368037454846,630.8245935122216,-1.5426388682855932e-13
8269.257097302823,630.9600125801663,2.6144669426365623e-12
8269.393438113668,630.9807809124222,1.4714692673560718e-11
8269.950858819371,631.0656944754909,1.5528330394130168e-12
8281.404786306712,632.8117726346759,-3.1473554801017163e-13
8285.032376455882,633.365279499374,3.3952227525206603e-13
8287.562879414605,633.7515335557913,-3.5455401251440473e-12
8287.919306931162,633.8059478594271,7.213869666934755e-12
8288.55478057493,633.9029687779803,-3.0773233560126276e-12
8293.323677480676,634.6312973399599,1.2848024253943908e-11
8298.356209109534,635.4003437569371,-4.758569122319558e-13
8300.094464801467,635.6660837335056,5.357030052543828e-13
8302.269209891438,635.9986314437617,-6.1546114083989445e-12
8303.315714911158,636.1586871543756,-5.614476720834012e-14
8306.139332303746,636.5906405694611,3.691327285795459e-13
8306.783515170811,636.6892074241293,-3.4716284272542006e-12
8311.584906152886,637.4241123110186,-2.4247824187316944e-13
8314.562954351635,637.8801482198437,1.962867396416133e-11
8320.105338881047,638.7293022574108,-6.61408002449075e-12
8321.80473599113,638.9897818634474,-2.2873214116031276e-11
8323.956032002427,639.3196037721968,1.953799033781529e-11
8325.976012412793,639.629370881521,9.871661544587337e-12
8326.185714825237,639.6615333761611,3.3733518819883046e-14
8328.033512109401,639.944968900578,-1.465914911243358e-12
8330.334547590392,640.2980150253437,2.6787212770674656e-11
8331.732454916755,640.5125425084753,-7.477904536178331e-13
8346.3791582252,642.7624384912407,4.0804054253872567e-13
8349.86035904462,643.2977707610316,-3.337729120800102e-12
8355.616465774223,644.1834233454362,1.0970314865801568e-11
8359.668821732552,644.807297594385,-7.884901115106064e-12
8365.146889658025,645.651145999794,8.607170712704314e-14
8370.701669325035,646.5073756334583,3.709569274360318e-14
8371.40581513485,646.6159552753732,1.6497863923677078e-11
8373.301849871968,646.9083702032038,-2.2839617001507314e-11
8376.35527051665,647.379421537944,-1.1619537008234338e-11
8381.520792816413,648.1766979124674,-3.003255346722572e-13
8387.29700038566,649.068813067511,-1.3106892563986233e-11
8387.607869040483,649.1168430778272,-1.2348705710793879e-11
8389.238927857961,649.3688750518708,1.338296501871106e-11
8395.358498158363,650.3149107782498,1.4139175063397605e-12
8400.151513790583,651.0563536967561,-8.915679585853324e-13
8402.084062391781,651.3554239194995,-1.0410538782817494e-11
8402.27132114772,651.3844066748842,-4.193447557992007e-12
8402.718530613383,651.4536256112993,4.774092276436643e-12
8403.92448974826,651.6403019382765,-6.1743548207454795e-12
8409.377097750727,652.4846722593738,-1.6878809315839701e-12
8416.595430311547,653.6033184354387,1.1190523554582343e-13
8416.650368044384,653.6118359773278,1.4303474987742403e-12
8416.799437866275,653.6349480311892,1.1572002040374719e-12
8420.889982758652,654.2693132126865,1.1857896767740206e-11
8421.755593527956,654.4035923804119,3.6540677112507395e-12
8426.872878374763,655.1977008460861,3.3377832062604827e-12
8427.709009433316,655.3274988516565,-5.351546977834154e-12
8432.953254318953,656.141890427231,2.4298817656595177e-12
8433.045041690228,656.1561488229697,2.3086628738970298e-11
8435.157479119674,656.4843410875023,-7.234328965963275e-12
8438.824263625058,657.0542148241178,3.3897377073010047e-13
8440.22686038697,657.2722650498258,3.341494431555691e-13
8442.033118597148,657.55312259662,-1.3373482929934612e-13
8444.62190942865,657.9557619994481,2.3140437285268435e-12
8444.855060919763,657.9920305398405,6.1823299770055e-13
8447.381210217298,658.385057046676,-8.544487613446946e-13
8447.389919440591,658.3864122592374,-2.523967807117996e-13
8451.214482991163,658.9816745906382,4.609207411810318e-13
8451.627189437084,659.045925111916,-1.2780005784559395e-11
8454.868538485505,659.5506504181154,4.275568462055519e-13
8455.189121785788,659.6005804293736,4.878179555854544e-13
8455.334841467733,659.6232765148744,-1.3113050503519316e-13
8462.482157144734,660.7369630450362,-1.909106031244967e-12
8464.495103401772,661.0507878522986,9.774688852405546e-13
8468.587993011924,661.6891127010919,2.3479819593885377e-12
8474.652959452935,662.6355690072212,-8.151875976124872e-12
8476.2609049661,662.886607388118,-6.315480609129053e-13
8477.241750284435,663.039763961841,-2.0010487969971112e-11
8483.400179166685,664.0017923685765,9.270849974396587e-13
8484.765592416721,664.2151826771228,6.010328149406826e-13
8489.688248579903,664.9847931907155,-2.3679454397259636e-12
8490.165943178486,665.0594999619975,-7.036950293312241e-13
8491.591653244714,665.282492090669,1.707220167204532e-11
8491.874049511865,665.3266655031123,4.6804290399041806e-12
8493.244821845252,665.5411073806706,1.065322286616893e-11
8496.307957135396,666.0204254549229,-5.737316639886528e-12
8506.210218038934,667.5711094078931,5.231799242712814e-13
8511.891288096966,668.4615745732561,-1.6853588258120735e-13
8512.442344297146,668.5479801343947,1.9845741780717076e-12
8515.508158178509,669.0288015972222,-9.357282027419271e-14
8517.517754295604,669.3440669681852,8.122382293348814e-12
8524.393729547439,670.4233324572913,2.4501302953248074e-13
8526.075036662205,670.6873659704144,-3.474999966150991e-12
8533.601223512263,671.8699212777985,-7.264985459169507e-12
8533.987800387375,671.9306905070242,-7.792549813212724e-12
8534.065517551082,671.9429078457114,-6.618577170056384e-12
8534.47621315267,672.0074721015925,-5.417448292770613e-13
8536.381962535253,672.3071100549545,-1.7971212519072525e-11
8541.905253548099,673.1759062679023,-1.978334853440241e-11
8544.716477704007,673.6183187392119,-6.463905006253362e-14
8546.980999320918,673.9748005276687,-1.250378034559585e-12
8548.991265085822,674.2913364192624,2.1871731948332893e-11
8550.297720815268,674.4970904870291,1.764253529289013e-12
8551.636334846688,674.7079417858164,-2.4854861450426754e-12
8552.842293981561,674.8979262604915,-1.3096716512909864e-11
8558.435932230424,675.7794875453931,7.064894762541178e-12
8561.956661279502,676.3346524489069,2.9000018778377443e-13
8563.349543395952,676.5543516046198,1.3602931545730448e-12
8567.178462508631,677.1584707802044,1.1195200952440344e-13
8567.567048327155,677.2197961655082,-3.564728759325237e-13
8572.34063466845,677.9733754313377,-7.84826940204357e-12
8574.282897915109,678.2801097609629,-2.607308755195412e-11
8574.499300607436,678.3142897267929,4.939234512824099e-13
8576.813736648195,678.6798998710045,9.571856094584385e-13
8579.490964711029,679.1029431498391,1.7881870506855199e-12
8585.694952455018,680.0837762710586,-4.519468831952248e-13
8588.820059631325,680.5781155026201,-3.2832835191370175e-12
8589.26726909699,680.6488712094093,-3.156651729217189e-12
8591.779683961315,681.046444004351,-5.554831162837011e-13
8592.040973966654,681.0877980696552,-1.3242691260749897e-11
8593.137391509297,681.2613405098057,-5.732244751457935e-12
8599.704171275362,682.3012027120689,7.893021882155846e-13
8606.568756811761,683.3890722310172,-1.0374274883358693e-11
8612.423015418164,684.3175153494687,-2.672080233617498e-12
8615.949775099316,684.8771386747588,-1.6983946681386617e-13
8617.005323215773,685.0446767306448,3.204911479286135e-12
8618.487647985727,685.2799880156658,5.148945756747987e-12
8618.520142062058,685.2851467332661,-1.8794420757189395e-13
8619.131830852792,685.3822612850714,1.837481475314039e-11
8621.453301046875,685.7508913845089,1.621715884454464e-11
8623.481321032734,686.0730052821125,1.0066148144903321e-12
8625.469143141128,686.3888080059143,-1.6481357952687168e-12
8641.632674239268,688.9593894784383,3.5636484314835094e-13
8644.657284821002,689.4409456363702,3.6373690892098625e-13
8647.39983681086,689.8777401860945,1.0256411090464112e-12
8648.514678222264,690.0553358273282,-8.350536670310202e-12
8656.84081804116,691.3824243857289,-1.0876302249540947e-11
8656.896425421804,691.3912918396559,-1.3849010780317023e-12
8661.637853461129,692.1475951080746,2.918591965300733e-13
8663.570402062327,692.4559739466262,1.4992045508710556e-12
8665.531089177746,692.7689131842308,-9.845827810291367e-13
8668.70343028576,693.2753907659954,-1.3762173948839672e-12
8670.583385871892,693.5756210518306,2.811060902078781e-13
8674.73221863705,694.2384230601507,4.613265396215995e-12
8678.41876820772,694.8276384795133,1.7583169079500146e-14
8681.19649286513,695.2717632230974,-2.898974500922579e-12
8682.025253995995,695.404299682942,1.277178278903689e-11
8683.053333246035,695.5687289143947,1.1741359821869181e-12
8684.216414011311,695.7547735290983,-2.674896229279161e-12
8686.139247967045,696.0624017498726,-9.27539557719235e-13
8689.57087013698,696.6115855368586,-4.933122266858504e-13
8696.0348085907,697.646638845346,1.962530722769023e-12
8705.126732232133,699.10380709034,-4.158958754148042e-13
8706.84019764887,699.3785957824823,-2.253019386698451e-11
8706.969838179832,699.3993884535678,-6.435432711400733e-15
8708.37679050385,699.6250653933755,3.154796352862521e-13
8708.493366249408,699.6437659268468,1.781296133283819e-11
8709.252115918616,699.7654871015208,1.690649512857494e-11
8711.576936252644,700.1385086277315,-1.0965790089511651e-12
8714.327861691438,700.5800280740997,1.0184802065558272e-12
8719.286695944334,701.3762657296312,-1.225767825189085e-11
8728.167911751161,702.8034504267212,-1.4766358727098088e-12
8739.719991115298,704.662008946677,3.7476544043418267e-13
8740.452945087143,704.7800133212753,1.5042154539652858e-12
8741.914835143998,705.0154047498397,1.974814873237257e-13
8744.549184837237,705.43968332621,1.978658256928559e-12
8746.874340945624,705.814270542489,1.8646508031454087e-13
8748.582447279003,706.0895132802217,1.915375713304447e-12
8748.737881606412,706.1145624975627,6.188454161847828e-13
8750.986324072343,706.4769628934755,-1.9794191045262773e-12
8751.803361614328,706.6086747789225,-5.3702199377106504e-12
8758.88937315205,707.751502753234,-6.144765552811332e-12
8761.466104620311,708.1673058838365,-7.905695422708563e-12
8763.802650444131,708.5444563679188,8.588382487441071e-12
8765.103075541503,708.754406343204,1.3181669195202576e-11
8767.32337949321,709.112940170947,-4.106330979150874e-13
8771.763651622261,709.8302259994197,-9.333210406696696e-12
8771.79614569859,709.835476462365,-2.705595635710374e-13
8778.424563477376,710.90691715358,-2.9729577606974157e-12
8778.589712450252,710.9336227461698,8.755999081150096e-12
8783.502653967973,711.728305030383,-9.107551387527724e-13
8784.310982286663,711.8590970330577,7.322231713141768e-13
8784.748141332504,711.9298368047364,-1.53771681038293e-12
8784.93540008844,711.9601395345131,-8.873823489107514e-13
8793.905053126598,713.4123900810775,7.3735014995016e-12
8804.246817793754,715.0886346829278,-1.6489702529703193e-12
8807.222521274729,715.5713164834214,-6.719237667868837e-13
8811.66312917814,716.2919202776562,-2.258999113913593e-11
8818.10763834093,717.3383551183779,1.7253073258728623e-11
8819.941365417526,717.6362485467703,-2.903070002522638e-13
8820.492421617706,717.7257810719783,-1.7063931095044925e-11
8822.687265646407,718.0824425466,-9.629469333800268e-12
8823.886860275761,718.2774138062408,-1.8646572042485933e-13
8824.120011766876,718.3153112172271,-2.971895917400661e-12
8824.284491091947,718.3420469717178,1.880676194866387e-11
8836.118964822319,720.2670226688609,2.501559980884246e-14
8842.079081007565,721.237462024546,4.973645670567413e-12
8842.572518982772,721.3178340213486,1.4442330337421327e-12
8845.404847499572,721.7792551518227,-9.095283903743683e-12
8846.804763769349,722.0073732893092,2.70213415426905e-12
8848.435822586825,722.2732019322084,-6.71550672976522e-13
8848.61370247166,722.3021956151828,3.5883471892598855e-12
8853.961794091809,723.1741845500025,2.292638381795352e-11
8859.90582922515,724.1439583407162,-7.797340507951659e-13
8861.449122360016,724.3958542001105,-1.1472097964449783e-11
8861.915425342248,724.4719726689204,1.3987904047730785e-12
8862.304346935134,724.535462600971,7.475204095891338e-12
8864.113285637446,724.8308014021309,9.726876337947697e-12
8865.601974912921,725.0738994663745,-1.3116942947778365e-13
8871.075687276285,725.9680897068681,-2.6227156868910074e-11
8872.144969825951,726.1428330389996,-2.3156209802010422e-12
8873.215593572148,726.3178166521528,-5.574460403521086e-13
8876.654249895411,726.8799762440211,-6.377550487822461e-12
8878.161698814005,727.1264861972162,-2.3468614585602478e-12
8878.984095439348,727.2609886363256,-2.9853957278926734e-13
8879.321429439336,727.3161629982881,-3.4593945763727313e-12
8882.84148884061,727.8920291091671,1.6945477463922615e-11
8883.830709508798,728.0539023088127,7.748621673295088e-12
8884.822610669122,728.2162322354415,3.541803047406318e-12
8889.772066050922,729.0265079073447,-8.701882038384989e-12
8896.746527052996,730.1690633434315,1.888125518800721e-11
8898.301877650183,730.4239828997837,-1.5494812232467017e-12
8900.570754829205,730.7959282742785,3.495525073075066e-14
8902.301976367811,731.07979756579,-1.7701111678288537e-13
8904.330666001471,731.4125131084207,2.38801614488039e-11
8909.456326198137,732.2534855153244,-1.1086693767290215e-13
8911.1376333129,732.5294447334303,3.4314524796857763e-12
8912.790801913441,732.8008362436174,-1.4037709989949911e-11
8918.401858608899,733.7223476800727,-7.914056387747321e-13
8918.896971654074,733.8036886107965,-1.0961376464078679e-12
8929.612584185299,735.5652372431631,-3.2228416974373216e-12
8930.974313421944,735.7892445412114,-6.574050477684956e-12
8931.097923320829,735.809580318294,1.5491603721844673e-12
8932.367865186201,736.0185220756568,1.899235835002709e-12
8933.308512627069,736.173304634169,3.854349496571472e-12
8933.519220461681,736.2079786237302,-2.707129179435533e-12
8934.053861736515,736.2959626295042,-8.170404125597442e-12
8940.28967390903,737.3225568289686,9.67993802477293e-12
8950.788547973567,739.0525919545097,2.1928715982283e-11
8951.29706157851,739.1364378652329,1.7343523000060184e-12
8952.529148383275,739.3396093900602,1.5288880903228867e-11
8955.00471360916,739.7479154584757,-1.6607400768933277e-12
8955.449914131412,739.8213563524893,-3.9467271206424533e-13
8963.57573040897,741.1624437144309,-2.333474979324764e-11
8964.240012214763,741.2721307798827,1.918572183018881e-12
8968.682964835953,742.0059658200821,-1.4849505894419305e-11
8970.051392451564,742.2320599613299,6.021776109469648e-13
8971.931348037699,742.5427259456775,-4.662478381305302e-13
8973.759046383133,742.8448187422317,-3.00381092144387e-12
8977.103570617342,743.3977808225642,4.9469054570134546e-12
8977.879404859703,743.5260816985259,-1.8727789357763282e-11
8977.920608159331,743.5328958602419,-2.6148037412129923e-12
8978.56244630862,743.6390464684733,1.2272026735509814e-11
8981.247044299145,744.0831218180601,2.734363715911746e-14
8986.801823966154,745.0023925587047,1.1695899444515805e-13
8987.151551202827,745.0602885837098,-1.1246950168027233e-12
8990.617342519068,745.6341590602051,2.666188407645582e-12
8991.249466022895,745.7388507947401,-1.1925885845905482e-12
8998.360267835813,746.9170425962903,1.4904236977723087e-11
9003.397155026778,747.7521701436698,1.2552907597609278e-13
9003.582738712747,747.7829492747993,5.795430306647796e-13
9004.69758012415,747.9678595371596,-1.5236732958150094e-11
9006.177894049768,748.2134233275184,2.735983827382512e-13
9009.724752669652,748.8019627841329,-7.734912944133985e-13
9012.751374095718,749.3043611766427,1.773920551204391e-11
9025.100725936556,751.3560177490227,5.042731642342147e-12
9029.719881471687,752.1241419414281,-1.3587546793933324e-13
9031.939515775588,752.4933870546316,-5.385060908552985e-13
9033.479792643957,752.74967166001,1.3082884114258225e-12
9037.935810050549,753.4913485252971,-1.6100694260115937e-11
9039.518631415074,753.7548875044779,1.5068982535066787e-11
9051.2378686955,755.707570551042,-3.879915960221171e-12
9051.36750922646,755.7291856667825,-5.3624415677621076e-14
9053.85479994214,756.1439544767161,6.075829578415597e-13
9053.980420685355,756.1649054195736,-2.7518844950022362e-11
9058.04450023256,756.8428666933802,4.099925479590452e-14
9059.652445745729,757.1111848114052,7.247348153983108e-14
9068.643872792587,758.6124634195758,2.142621821700496e-12
9072.394403192835,759.23912130616,-3.4978912587647265e-14
9073.075435698342,759.3529395129564,-1.0380300939477269e-12
9073.440908212555,759.4140229780133,-9.447004750610816e-15
9084.999352082214,761.3471197246205,-4.717692674162571e-13
9090.753114094041,762.3103274874084,1.4828152681335802e-11
9091.417731674199,762.4216269940156,-4.1204696075528046e-13
9091.513872706662,762.4377278278092,7.2405851804513585e-12
9091.902794299549,762.5028626491705,8.416165480072258e-12
9095.150843627851,763.0469399958924,-1.9371592882519776e-11
9095.38399511897,763.0860024339257,4.392706415017558e-12
9096.310908126628,763.241308285967,1.9171847737089632e-16
9096.960116203609,763.3500936285199,-5.010438877797505e-13
9097.028118721852,763.361489002566,-1.2885311789510038e-12
9105.445710137661,764.7727064490953,-8.58192630804925e-13
9106.266097819593,764.9103150502327,-9.44439461233417e-13
9106.499249310707,764.9494252261613,2.8250970000944053e-12
9110.37808094631,765.6002297197466,5.2793254911189585e-12
9115.220675228014,766.4131268114206,-1.0927619525227654e-11
9115.901371959153,766.527425893722,-8.377857114248278e-12
9116.504351526592,766.6286822400456,-4.858706357919252e-12
9117.600769069237,766.8128171398587,1.9349276442091692e-11
9118.157520127133,766.9063276783723,2.942184996131628e-11
9127.213263777932,768.4281098562965,4.186842280723042e-13
9127.703687387559,768.5105667387821,-3.827346388724953e-12
9129.79401503394,768.8620715705623,-4.481195578553229e-14
9135.433881792344,769.810860523151,1.0427800824883291e-11
9136.029827206454,769.9111500314008,-1.4156319909967419e-12
9142.065649711074,770.9272655439694,-2.411081787739147e-13
9142.250227974871,770.9583494045299,1.508086036634148e-12
9143.427043173358,771.1565454565084,-1.2194152817499305e-11
9153.454924820113,772.8464491925686,-5.00293611712097e-12
9160.686656039778,774.0662938367026,4.989710749143528e-12
9160.816632345104,774.0882269848745,-4.79764368154519e-13
9161.253791390945,774.1619986689096,1.293250714300887e-12
9162.219229107015,774.3249311737468,1.6748555690187864e-13
9163.652309100928,774.5668171839702,-3.2707702038720586e-12
9167.690260978241,775.2485765175926,-3.8975784117875535e-12
9170.410703185038,775.7080596188906,2.3023273751784794e-11
9172.195521259953,776.0095897234132,2.191062774315562e-12
9172.843723914764,776.1191126728112,2.7132039607693917e-14
9187.034172759884,778.5187278551515,-4.903472322946058e-13
9189.076262953315,778.864352093799,-2.748382024579349e-13
9190.891566161146,779.171657076481,-1.964572912495869e-11
9197.822143371459,780.3454633804774,-1.4988466567093458e-11
9203.727655697308,781.3463564028978,7.46313191118357e-13
9205.555018268378,781.6561962513915,-1.2751403009848453e-11
9205.865886923204,781.7089119444405,4.457861047647309e-12
9213.87847759514,783.068264899862,-1.1387077415183343e-11
9217.506403518673,783.6841391676977,9.532166468952916e-13
9220.662999349142,784.2201980041214,3.966756276097322e-13
9222.396565605524,784.5146734539234,-6.5957293819304425e-12
9225.460034769107,785.035190680684,-7.452260307704065e-16
9230.467444150245,785.8863770369143,5.002887858273211e-12
9242.6995486968,787.9675981380642,-2.668282120486811e-13
9244.96842587582,788.3539373591104,2.912628840010382e-13
9250.126244374454,789.2325517131877,1.5013661341092361e-12
9250.897723054704,789.3640122419158,-2.2306115525253303e-12
9252.849031299023,789.6965655217489,1.0818060022527861e-11
9253.136786649533,789.745612393468,8.044923550406025e-14
9255.923890178043,790.2207431673679,7.96550080071608e-12
9256.021372407035,790.2373640157772,5.4084158954029685e-12
9261.552033347567,791.1806356825028,4.8340971591450004e-12
9262.7509564282,791.3851901065862,-3.483743204369159e-12
9263.89762226813,791.5808534266492,9.023428585929887e-12
9264.760888319657,791.7281743118,-1.9071872260059596e-12
9269.885207319792,792.6029488540179,-3.4972166074461627e-12
9270.108979939805,792.6411601898483,-1.2185238328876796e-11
9270.273793138316,792.6693042249561,-6.795836342374082e-12
9272.1825587874,792.9952876782025,3.519259709620875e-12
9274.010255231917,793.3074888419562,7.15191319872114e-12
9276.3354113403,793.70475338329,1.9324505647568642e-13
9277.219445978362,793.8558212493258,6.431313206060401e-12
9277.59630820801,793.920225560476,6.097344744967866e-12
9277.793615482855,793.9539456612102,2.1107116475307012e-12
9279.26857032512,794.2060403100689,6.410744415906166e-12
9280.182754321737,794.3623098837705,-9.138914023246409e-12
9280.836316059907,794.4740384218137,-2.0083317583999586e-11
9281.93273360255,794.6614922944663,3.43910862334242e-12
9287.22287312428,795.566255565045,1.3939538348719393e-11
9287.642947596967,795.6381222572553,4.615927954272912e-14
9293.282814355372,796.6033101646492,3.6007272971931704e-12
9294.19029807211,796.7586686127779,3.724772224397314e-14
9295.021070047307,796.9009075450155,-4.349039535277114e-13
9298.988674688604,797.5803882424466,-9.00637652132997e-12
9301.561050594759,798.0210809792723,-2.319363404153439e-13
9312.893712900988,799.964014529105,-1.0035201590337864e-11
9316.036910072613,800.5033205022128,2.974524190212376e-12
9318.176816368476,800.8705871651176,9.415794362076515e-13
9320.477851849466,801.2656021376456,-2.031457772962759e-11
9320.639316808954,801.2933242235008,-9.05811137629418e-14
9327.67340497942,802.5014802685936,-8.70619611520601e-12
9328.937987761432,802.7187782589763,7.460884106315063e-12
9330.428016332515,802.9748532460915,3.235261823197612e-13
9331.341864554774,803.1319266231707,5.06655287505802e-13
9332.895206208545,803.3989522298587,-1.2579224852592148e-12
9334.745348210485,803.7170569933869,2.2390945646891395e-11
9335.851144624228,803.9072125629788,-8.191161704305426e-12
9337.303655809988,804.1570243137722,-5.407250361884279e-13
9344.268066392238,805.3553461089282,2.6858055469386685e-12
9346.193580840105,805.6868147822703,-4.253807303523334e-13
9347.121499269935,805.8465761635472,3.494022438749074e-12
9351.023110336404,806.5184970925128,1.724584306572292e-11
9352.715471392245,806.8100364059818,8.893819950188026e-14
9359.378727965135,807.9584137385234,6.643273509911914e-13
9359.392462398342,807.9607816407037,-1.7938752611782175e-14
9362.030498005885,808.4156599083432,1.0588858897047878e-11
9364.682601920076,808.8730932047057,6.038400060555922e-12
9367.444247426498,809.3495578718366,-9.217824636946257e-13
9370.723113860244,809.9154407052687,5.27127221228126e-12
9371.498948102602,810.0493669535585,-1.80789038625891e-11
9375.935200443906,810.8153757526613,8.342657632185274e-12
9380.133611858544,811.5406503916595,4.12802401895238e-13
9389.90623223112,813.2301259103954,1.5964746151741911e-12
9397.435433446759,814.5329624105319,-1.641458878822959e-12
9398.280609502972,814.6792750147284,7.963752806735792e-12
9400.411136927733,815.048159538795,-7.012028757451627e-15
9409.985442702382,816.7069094985601,-1.1002537840678482e-12
9410.163322587214,816.737743193524,-1.554870409166211e-11
9411.63861130292,816.9934921671758,-2.138753843852589e-11
9414.507453683798,817.4909357033049,-7.92131557680267e-12
9414.713805956302,817.5267220442171,1.824254477170281e-12
9417.249334124934,817.9665063380726,2.053973193455971e-11
9423.339424714584,819.0233090107737,-1.4478351943417957e-13
9426.966011342505,819.6529487457943,-1.1136785964228958e-11
9430.681033300845,820.2981936270693,9.645421482435657e-13
9434.7652136877,821.0078492986178,-1.4862738023069117e-12
9436.300465346154,821.274689759068,1.4492643158530555e-12
9440.598703707563,822.0219929418972,-4.8752050537569475e-12
9440.708579173233,822.0411006443125,1.5974396725644492e-15
9441.247911784538,822.1348955721793,-2.680102516915615e-12
9441.38961167874,822.159539382781,-2.357734403475962e-14
9450.115727031596,823.6778589713905,-3.9600353463453357e-13
9451.321686166471,823.887802795782,-4.877266107788382e-13
9454.341607312654,824.413654398707,-1.427993789060776e-12
9454.775751992915,824.489264778779,-1.1715218856940398e-11
9455.942516771576,824.6924850446089,-4.779225879878614e-12
9457.751455473886,825.0076049870045,5.624332457490218e-12
9460.435383816604,825.4752605522175,-1.6300855098662953e-11
9460.55899371549,825.4968019007655,5.599250594448997e-12
9460.698348891914,825.5210874974289,1.4395778116113321e-12
9465.657854693536,826.3856195355419,-1.1968512594801765e-13
9470.127606533335,827.1651667361642,1.462559592714065e-11
9470.292419731852,827.1939180220852,4.077433270837562e-12
9472.297996061201,827.5438263219831,-1.3811374733507386e-12
9475.25192553347,828.0593265502653,4.951671562235994e-12
9478.048074059641,828.5474399762309,9.294448679715805e-13
9478.32678441249,828.5961013168252,-7.014553053930865e-12
9485.522337542441,829.8529018481828,8.967841059850312e-12
9494.208924665643,831.3714022763862,-2.2348213055040328e-14
9497.132704779357,831.8828203054211,3.522701921016594e-12
9501.146537930192,832.5851633119362,2.5073252475454897e-13
9503.641196672645,833.0218297845362,2.719360614405544e-13
9505.048148996662,833.2681540715427,-1.429997192981777e-11
9507.242993025364,833.6524924909684,6.968343873915807e-13
9507.661058554642,833.7257098700303,-6.159281835800282e-12
9509.557429066124,834.0578687516472,-1.565426443957808e-12
9512.846681694053,834.6341550764159,2.5338159302497188e-11
9527.692031572951,837.2375817452734,5.223604818375307e-12
9531.59129792164,837.922068656469,-4.4924328365883895e-14
9533.0438091074,838.1771176787273,7.907517699798296e-14
9534.30470597511,838.3985523137045,-1.5636822307354836e-11
9538.72487916543,839.1750401351561,5.229323510383011e-13
9540.100007060926,839.4166810070308,8.646763763802124e-12
9542.679083246961,839.8699765764288,-6.2878288375730415e-12
9546.112380486868,840.4735992129251,1.355402916933925e-12
9546.316388041594,840.5094734859744,-4.830591605253843e-13
9548.143750612666,840.830845303726,-2.103178854158646e-12
9548.701171318371,840.9288891630583,-1.8426155097179427e-12
9552.908627730665,841.6691167642188,8.829989267144861e-12
9553.492847654981,841.7719257188709,-8.736519451622422e-13
9557.271852343814,842.4370934556747,-3.4851264965684934e-12
9557.369334572808,842.4542554313107,-1.325941131334192e-11
9567.397216219562,844.220622755645,1.2871373833256913e-11
9567.669226292528,844.2685619401028,3.290480100465631e-12
9569.602110668086,844.6092536532086,2.6588927343082115e-12
9570.741740453774,844.8101579416118,-3.162683625174998e-12
9575.290214879444,845.6122426130105,2.7801695291501295e-12
9581.144139612397,846.6450931744222,6.721823663830753e-12
9582.896799385344,846.9544504887837,-1.5896997608271305e-11
9585.269523298879,847.3733438296628,1.10769965567524e-11
9590.183134464407,848.2411487151435,7.507156787764743e-13
9600.750346821544,850.1089566462015,1.8050621850843568e-12
9601.447122703672,850.2321875748746,-7.566409432984684e-14
9602.56900016932,850.4306202405976,7.122669104073238e-13
9607.038752009119,851.2214401397207,1.044097811491113e-11
9607.349620663941,851.2764548941375,2.1690142065197207e-12
9623.358051308112,854.1118899533717,8.686754064761274e-14
9624.086987393128,854.2411124769604,-2.557315736244851e-11
9631.017564603435,855.4702230860141,4.153286794914069e-12
9632.040618643563,855.6517326406666,7.948407521521865e-15
9637.680485401967,856.6527000858172,-7.990073446556785e-12
9638.199383300178,856.7448238770862,-7.943178433147563e-14
9638.587969118702,856.8138156465328,3.1034721485674323e-13
9641.120482921759,857.263520902374,-5.159238135144033e-13
9641.324490476482,857.2997522118844,-9.171744730155504e-12
9645.742318949026,858.0845372501758,-2.804395732611681e-12
9646.614629998212,858.2395374800442,-2.6588314929800925e-12
9656.674334172576,860.0280508935311,1.513217274790853e-12
9658.10038001316,860.2817382443101,-1.8916694712640107e-11
9665.062781652,861.5208571230463,-9.75312592707318e-13
9665.153563601105,861.5370197480813,-3.873767605960269e-12
9665.50999111766,861.6004788127603,-2.1267523534348785e-12
9665.898912710547,861.6697258573985,7.501441005510923e-12
9667.357788401825,861.9295018334678,1.1140091893617068e-11
9667.630134249153,861.9780016775902,6.753884355054688e-12
9672.450282973434,862.8366086167529,1.6138903845826888e-11
9674.2334278793,863.1543463909308,-3.592355401066856e-13
9674.35971827032,863.1768522388835,1.7178734368531841e-12
9682.915995214751,864.7023260249508,-5.184379522900065e-12
9683.73001649024,864.8475257688605,-2.7924012412220975e-12
9685.54096413597,865.170594443628,-5.380517434918309e-12
9687.265821169052,865.4783609332022,-8.835397537927071e-13
9688.329744635364,865.6682242785146,-1.8703298901102364e-12
9689.17559033938,865.8191852538448,-3.297058774959243e-13
9689.216793639009,865.8265392842642,-4.6269948392449935e-12
9690.47467614114,866.0510632035155,3.4858107214565853e-13
9695.822767761289,867.0059884832572,2.2271224050113385e-12
9696.366787907225,867.1031551959989,-8.845636685160871e-14
9696.928564175034,867.203499027545,2.7401512156398255e-13
9696.983501907873,867.2133122543228,1.7083528383965296e-11
9699.628571668738,867.6858523781042,-1.952379130378596e-11
9703.310096029494,868.3437690162559,-1.1144234233405775e-12
9710.181379944857,869.5723880043242,-6.065970820552176e-13
9712.936660945761,870.0652899438732,-2.5477518664136352e-12
9722.49153742948,871.7756788489296,1.1650514178268828e-12
9722.763883276812,871.824455287819,2.9961068974641608e-12
9724.074358794005,872.0591771778267,-2.196046002381844e-11
9724.702462510086,872.1716893050002,1.6461064929031685e-12
9728.163898264216,872.7918661660686,2.4052156025958463e-12
9729.470687867106,873.026057809145,-8.72773832761565e-12
9729.849894814532,873.0940219198085,2.0675469512739236e-11
9732.184095920575,873.5124320369982,-1.580815157611319e-12
9738.60750072247,874.664358036062,1.8341415786000615e-12
9739.813124082983,874.8806503437906,-4.1061715774179256e-13
9740.162851319656,874.943397428566,-1.2671466264675134e-13
9741.08105510402,875.1081497118608,1.932979548767372e-11
9742.056541338998,875.2831971355005,-2.6492865974438366e-15
9743.884239684434,875.6112180817363,1.4506424278981244e-11
9748.037092237335,876.3567681970358,-9.632937667482968e-13
9752.129981847485,877.091864170293,-4.4624665343186925e-12
9754.651775582912,877.5449399710137,-1.3636276847792143e-12
9757.290478937339,878.0191456505585,2.0909906123882673e-12
9766.722750944342,879.7152832818314,2.19607428861503e-13
9772.835287091415,880.8153318413424,-6.386013044911316e-13
9772.899603695352,880.826910301047,-1.2518123678831603e-11
9772.958896990298,880.8375845177485,-4.550477070282767e-13
9774.822773425449,881.173160042036,-8.133293847021405e-12
9778.177683853843,881.7773451548934,-5.627419294668302e-12
9783.946185721044,882.8166781675861,-1.758422555677135e-11
9793.158035247976,884.4776832760673,1.6847326163795156e-13
9795.048039353014,884.8186665621464,4.1095388615419724e-13
9797.365825533714,885.236917569192,4.3150132596668614e-13
9799.346277714421,885.5943741138801,4.968244648808255e-12
9806.991720802174,886.974996226968,1.8811478520360216e-13
9815.620020052596,888.5343968017386,-2.917849078662398e-13
9819.270389632631,889.1945443250941,-1.2171720632914456e-12
9822.724455459074,889.8194175020247,1.556499494242802e-11
9823.979993243433,890.0466106237552,6.220549122276438e-13
9824.229223885532,890.0917130692463,-6.255271069257713e-12
9825.51591454969,890.3245794276851,3.4382629278396497e-13
9826.310508435172,890.4684009291309,8.263245944226443e-12
9828.805167177623,890.920009763203,5.035429419574947e-13
9829.920008589026,891.1218669070036,1.5441754507927876e-12
9832.925525654193,891.6661705559371,-8.502576156504133e-13
9835.132095172688,892.0658895322772,-1.8251878061359545e-12
9837.439830933563,892.4840306750639,-2.4786597449435662e-12
9837.893740679112,892.5662866191499,3.820582253091509e-12
9838.606595712226,892.6954753874475,-1.8619946930598296e-13
9838.769066093877,892.7249207602705,3.6043209122552934e-13
9839.60519715243,892.8764649367589,2.30029226050688e-12
9840.221241505275,892.9881278424382,1.4477588322643203e-12
9843.566101513843,893.5945321680224,1.1246305993782237e-13
9844.027045412722,893.6781148643062,1.5414846449054697e-11
9849.883984511254,894.7404911303705,4.942430230941332e-13
9854.832434470887,895.6385711864725,5.898736514692733e-12
9861.639066007949,896.8746242546724,4.114045325170051e-14
9862.35627660317,897.0049161098933,-4.546202895729892e-12
9862.397479902795,897.0124015832107,1.2280012411323843e-11
9866.96169960601,897.8417847197802,4.89833235711091e-13
9868.283898712083,898.082118642273,-1.5526571979412516e-12
9872.238438567974,898.8011209378288,3.210810032313028e-12
9876.582569664557,899.5912895541717,8.662895436420029e-12
9876.74738286307,899.6212748256996,-1.0476761392680239e-11
9879.99777690915,900.2127371584082,-1.6410161751126555e-11
9887.698827377544,901.6148459627973,-2.1296259054643014e-11
9888.445181909156,901.7507907220715,1.174801717300828e-12
9895.841394354808,903.0985286529099,-2.6730567734902844e-12
9898.978560894351,903.6704875371008,-4.668597677624174e-12
9900.66388779686,903.9778261883549,5.74223854744798e-14
9902.062130897584,904.2328515334603,7.987270860685965e-13
9902.67381968832,904.3444286820472,-1.0336067829472487e-11
9909.011131976657,905.5008130224294,-5.351650743917192e-12
9910.664300577195,905.8025922663596,4.275704998071757e-12
9911.656201737518,905.9836839774069,-8.9983514827399e-12
9916.605657119317,906.8875784679742,2.6995783279109744e-11
9922.511169445166,907.966663317865,-1.2196031836376506e-12
9926.860325751662,908.7617737585042,-4.582504399409334e-14
9927.547386988328,908.8874137975541,-6.389904301425399e-12
9928.235117872795,909.0131850005774,-3.1282833204610948e-12
9928.993867542003,909.1519541220091,-1.3465540519993383e-11
9929.489314460627,909.242573042682,5.2363540819912085e-12
9933.763767968996,910.0245728641279,6.882167739871425e-13
9934.146994704164,910.0946996089378,-1.342166121228122e-11
9939.624392981832,911.0973055890333,-2.121336832825425e-12
9939.935931284457,911.1543474787045,-5.146850000429617e-13
9947.306683807106,912.504435493006,2.5206857488464717e-13
9949.458315592767,912.8987348800661,1.5266451598244596e-13
9959.448342178914,914.7305841445619,8.276157174065244e-12
9960.018493796579,914.8351870507721,2.8578416217687962e-12
9971.168251008059,916.8819815867504,7.581027105121339e-13
9977.196703584985,917.9895966003138,8.126219223277178e-12
9982.283505199797,918.9247216860568,-6.186990802839422e-13
9983.544402067508,919.1565906221686,-6.8402112548292306e-12
9988.709924367271,920.1067949595353,7.723740700655041e-13
9990.564755804764,920.4481134733021,1.1343040853179273e-11
9990.788192650412,920.4892336869879,2.253787053019991e-15
9994.596007402193,921.1901464910692,3.500941617148736e-12
9995.31589848955,921.3226884414531,-4.859457043386872e-13
