f0,sigma,gain
3.5915470505830287,1.1514113526136471,3.913075951673151e-11
5.896011394722279,1.1516127251022343,-1.359647720208265e-11
9.733443095043995,1.1521651333562368,-6.810294847535591e-11
11.368956304362015,1.152483012163398,-3.8465063998233134e-11
13.670675137282988,1.1530138426819536,1.3365172776621138e-11
15.104178175959614,1.1533937585351899,2.177501338882855e-11
17.506619929073796,1.1541153476525698,6.69443744956145e-11
22.008642305888024,1.155753854262443,1.6672625282040238e-11
22.876678324169607,1.1561127082347824,-2.1404574371194746e-11
24.323397016279053,1.156741638457103,1.127913846576803e-14
26.624786425139995,1.1578215656922726,-3.919079206429055e-15
29.78083112088033,1.1594611780519408,-1.6388988306999656e-11
30.447057333327773,1.1598307466251605,1.271559120089089e-11
30.460400506337542,1.1598382318572453,-1.9630146576750868e-14
35.830210419132776,1.1631168181115568,6.276478393861339e-15
38.21909453521828,1.1647460831912086,-1.2499271486895183e-11
40.41953118809326,1.16633983417432,4.176152903148029e-11
42.458208328383066,1.167896022060942,-3.9784831908392915e-11
42.73419854548168,1.1681125780785568,4.805754385949668e-15
44.75952915468366,1.1697446846993709,1.3823742408937692e-11
48.19148966814621,1.1726828222035646,-4.105107375089173e-11
48.59505640327522,1.1730425765364427,6.924128540135825e-11
51.17235788377124,1.1754108378454091,3.665169862942988e-15
51.92611856138256,1.176126587924714,-5.3028386016079333e-11
53.96478222251285,1.178114878731693,-2.2138979574560373e-11
59.69803363062316,1.1841168661038002,5.212625481892787e-11
60.86869987709608,1.1854168449084714,-1.6951303892172997e-11
61.144687811963784,1.1857269959630918,1.2037433573063098e-14
64.96684885246752,1.1901665513549489,-3.862728363111014e-11
65.77397776236752,1.191138469767567,3.778831020128734e-11
68.0752781830709,1.193975506495901,-1.3130025427451502e-11
69.30680480655626,1.1955338011539418,-1.292812724132568e-11
71.91077674405602,1.1989206884828145,-6.576654693752746e-11
72.6511905141357,1.1999065234463968,-1.5285015308967823e-14
72.73873866984312,1.2000237583705222,3.797014571909501e-11
77.28047090422422,1.2062991968878432,2.1027977091382735e-11
79.2790945608258,1.209181146019082,-4.2459549476763084e-11
79.54173879225567,1.2095653404074451,3.1859409242166574e-11
84.18435809317442,1.2165662853343366,1.6100633940544185e-11
85.69186895665668,1.218924963773931,-1.1134009524891168e-14
87.3136132221636,1.221509114946151,-3.131740677820944e-11
90.7855682335147,1.2272043505186843,5.391471556289776e-11
92.62243614545731,1.2303072799094585,1.2279351987789626e-11
94.27086509594426,1.2331448045961022,-4.510658845899911e-14
95.65079839564262,1.2355586434884374,-1.1431846857175965e-12
96.57215787009697,1.237189854100987,1.5672853166342412e-14
100.26672598543166,1.2438879328881145,9.18322200937617e-15
100.40764507315399,1.2441483907154847,7.850322850068972e-14
102.59470348814297,1.248237579164187,4.0328787990727844e-11
103.422663064231,1.2498086242369217,1.123736403298165e-12
103.82622585450814,1.2505789581313553,3.9272901281360495e-11
105.77732574653051,1.2543455955991314,-2.510035970977622e-14
112.68119882510214,1.2682367223752764,-1.9218761200670855e-14
113.29403392531351,1.2695122214679748,3.9412118953616323e-11
114.10115913322326,1.2712026541133146,-5.120908998460982e-11
116.37576401822062,1.2760311191951825,-3.295138721145423e-16
118.40106793114788,1.2804105847995155,-3.23919007610581e-11
121.06589218193858,1.2862880471128832,-3.874162313050502e-11
121.11926329573892,1.2864070971310837,-1.465742968386706e-14
127.14180256744304,1.3001780482354472,-3.730204748850603e-11
127.9489273999632,1.3020743657921439,4.0426617451458126e-11
130.25021681627655,1.3075470667602245,-1.4046737748587439e-11
131.09151830218244,1.3095721184175315,-4.8139047128159894e-14
132.4714494478717,1.3129219076799208,1.4847444404877015e-11
134.01898500067463,1.3167202835651837,1.1360227357276166e-14
134.0856988684149,1.316885022480049,-7.035822973430743e-11
134.51009515892076,1.3179349189293994,1.1622913321296426e-12
139.45537314723634,1.3304134141111534,2.2496103347633143e-11
140.24330336286818,1.3324432169078984,-1.4594852422205073e-11
141.71663361512987,1.3362693774730057,3.076635566768052e-11
142.5979631907562,1.3385772572494117,6.112647022992823e-14
146.35923917067856,1.3485874952768868,1.7224741047284183e-11
152.1533082612193,1.3645177213910564,-4.0070822933948943e-11
153.1830476912511,1.367413607921952,-7.055967664658689e-11
153.19639045970706,1.3674512593319816,4.279656120761101e-15
154.79729644418364,1.3719925920644134,1.3136663602752784e-11
155.63859750990076,1.374398057105331,4.4526121086560494e-14
157.8256523158035,1.3807123302322248,-1.103963091497163e-12
160.95489858735579,1.389900039419645,6.93592762695689e-11
164.7695445093646,1.401344103024711,4.314442526458419e-11
166.80818904239032,1.4075700088277594,-3.710097270310457e-11
169.10947680431835,1.414689999945682,1.2891200084624365e-11
170.21342098255852,1.4181401339277098,-3.6724692943823045e-14
171.33070791144644,1.4216548255183499,-1.5095588523780678e-11
172.94495626627923,1.426773439248576,6.4570292182606e-11
173.9079815811997,1.429849952293253,-2.033825415758533e-14
175.42883053784882,1.4347433004555605,-8.196574913083338e-13
175.46885883134905,1.4348726673831536,3.805990868306602e-11
176.27598297524332,1.4374874991725717,-5.4784341547519e-11
178.3146272355355,1.4441455078959775,-2.0645485894228192e-11
183.20067928516323,1.460414492909614,8.057129650018037e-13
185.21848947597084,1.467261459511236,-1.58077647038659e-11
186.32243346792026,1.4710391761227828,1.317760810558135e-15
189.31661153218104,1.4813983239866024,-3.990634120909552e-11
192.0422947021816,1.4909721371089564,7.17389106099361e-11
193.65654273280973,1.4967066201815153,-1.2055987269370707e-11
194.6462533826221,1.5002462222596553,1.4338028804011458e-11
196.1537592839597,1.5056723407104895,-2.3625957433932376e-16
199.20879931910406,1.516797036006052,1.647445813044592e-11
203.62878675497618,1.5331963884577937,-3.9595179816522455e-11
203.89142995222545,1.5341821934092232,3.291433862128013e-11
203.96563492333686,1.5344609445605992,-4.5430726778328524e-14
206.9806465049686,1.5458726281031117,-1.619418308640122e-11
210.84866181792617,1.5607581054014898,1.0145200183949092e-13
213.14994869055627,1.5697450253558993,-3.525077387588599e-14
214.2880691389214,1.574225634424368,8.333557785707236e-13
215.1352213122729,1.5775762353548628,5.0277537277775987e-11
215.3578362095593,1.578458900659407,-6.813873851930474e-11
216.9854267409417,1.5849400127196054,-1.765663858515435e-13
219.93372428138147,1.5968044753089976,4.74862696356446e-15
220.0004380807972,1.5970747958466691,-1.1810368510921601e-12
222.35509587076467,1.6066682486521442,5.645473088620783e-14
223.1430253718201,1.6099012725750224,-1.711477885735402e-14
224.52295499746447,1.6155909377625466,4.6509498180660264e-12
228.17584620629697,1.6308217043513298,3.662345984986783e-11
229.25895595625838,1.6353849867768642,4.322605888288922e-14
232.29480102757907,1.6482905681892577,-4.571824219865671e-12
237.6036075479857,1.6712666808439,-7.915341716867798e-13
237.6436358241695,1.6714418921689895,4.071706242157549e-11
237.6970068590704,1.6716755531809302,3.296688333025969e-14
238.06803164538422,1.67330136818989,-1.6749776251877902e-11
242.7506612754435,1.6940384113896148,-3.020664479092169e-11
243.85460487684134,1.6989860659637293,8.133469180566595e-14
245.2478771299808,1.7052624792778963,1.3405977117742164e-15
247.66924843686547,1.7162553464153198,1.0827229697804172e-13
251.3712982821803,1.7332712013779776,5.5041371810272176e-11
256.821023135982,1.7587793157100466,1.5339031102670984e-11
258.8596663952144,1.768462044875952,1.0838787231385042e-12
259.1431434426098,1.769814508820986,-5.4104960201231833e-11
259.1756805523995,1.7699698374948252,-1.3748297950480288e-13
260.0703519916081,1.7742485434383466,-4.105534542749338e-11
261.3835676174019,1.7805556135384408,1.5909192138511502e-11
262.3716383524891,1.785322030915889,1.4265195396298108e-11
263.3821825733644,1.790215461594643,-4.7286736950791086e-12
266.1003735240931,1.803471302988211,9.448248127205467e-16
266.207115582687,1.8039946308181498,7.14524397346915e-11
271.57678362867205,1.8305915243046647,-2.2845955596782738e-11
272.0962182665691,1.8331925482701203,1.5865215243802574e-14
272.2163030803222,1.833794569898053,-1.0014613771220594e-13
276.50286147534706,1.8554583656803918,-3.7367458050227314e-11
277.5326000047479,1.8607129722675184,-7.289577120659378e-11
278.4806424217177,1.8655679649987835,-1.749260808058925e-11
279.75382970496474,1.872114094969094,-2.803434767056614e-11
286.6977166155714,1.9083418219321484,4.491365060495404e-12
286.7911159114962,1.9088351595674236,8.259945975575518e-14
286.91869188299745,1.9095092789876695,-1.334094952425756e-11
287.5256742011873,1.9127207181150452,2.7557400466983165e-11
289.8803314090154,1.925243034373774,-1.8990203791246185e-14
290.2305222136014,1.9271141102915599,-5.5961165735399974e-11
295.6802464551714,1.9565232071367968,-1.4077155589132815e-11
296.890931928833,1.9631308648223014,-4.3815332442360634e-11
299.7783664432873,1.9789988401028964,-8.467937886780729e-13
300.47874803637376,1.9828709504024178,-8.080664345806007e-15
302.9001189550356,1.996327294909172,-2.963843586773612e-15
308.3973624755204,2.027278193517471,5.563621716007515e-11
309.67054967061307,2.034525959116458,-5.5746581280415196e-11
313.5460547170869,2.056771501677958,5.315273901656049e-11
314.4732631386069,2.0621347270898136,3.640344483689673e-11
315.1944786287106,2.0663173833095385,-5.361171790313545e-15
316.3918212983006,2.0732824750428436,6.689893000533303e-11
316.77454918843046,2.0755144207771345,-1.2648833449883977e-11
317.44239365271125,2.0794155366519975,5.4798161664561427e-11
318.61305080603483,2.0862735823973906,2.8502815281067256e-11
320.5433121385058,2.0976367367933473,1.0218049546171081e-13
320.61002591655983,2.098030697695693,-6.335629522844164e-11
321.4379834433292,2.1029268085517843,4.0526840425602435e-11
323.55832248033977,2.115522969941486,1.7019854919439168e-11
325.97969329223,2.130008739005024,2.0257319922481222e-11
330.39546671421834,2.156704026255351,-1.6068477868013786e-14
332.88355127535607,2.171903798328477,1.5510548511454474e-11
336.0127947594625,2.1911823258676626,-3.342609308886179e-11
338.63758598740435,2.2074921476600244,7.771311971158696e-13
339.72069540682065,2.2142593185538124,3.849366000247219e-14
341.1214584915973,2.223043206864447,1.973515100854582e-11
341.32159981906864,2.2243012017532173,1.1829305507446276e-11
341.92858207411354,2.228120920892617,-2.7072386059006936e-11
342.04281527700965,2.2288405454484375,-6.344638435919335e-14
348.52976854880853,2.2701002184926966,5.667810629584568e-11
348.8724681542244,2.2723014849724077,4.804915975585248e-12
348.8933020708679,2.2724353774762203,-1.9399393831620234e-11
351.2938388724268,2.287916347830222,3.885067063441139e-11
352.121796359945,2.293280433871341,1.1993986294010439e-12
360.4322687203405,2.3478209459882446,-1.8293352436781487e-13
361.84637452048236,2.3572281888732967,5.6884878602402364e-15
362.41754051949675,2.361038275713645,-1.561968840562813e-11
362.8002683830461,2.363594707574283,-4.933213244235155e-11
369.7649881905385,2.410586893432867,-4.1350057168688434e-11
370.42534144170435,2.4150887889072203,3.231525717974473e-14
371.84529881820754,2.424796420156688,-5.383366914957414e-11
374.05739741879484,2.4399935767338485,-1.8026329386806043e-13
374.10655641216664,2.4403323237212495,-4.15261163913405e-12
375.7208035082443,2.451480580848594,5.686339527718045e-11
375.84088829942857,2.452311824464008,-3.593477358700678e-11
376.3586832708621,2.4558991153175933,6.263473857723433e-14
379.98067560588026,2.481130431621855,-2.006491501214097e-11
380.1941596780993,2.482625133730191,3.137289004371822e-13
381.87839967229183,2.494446726095903,4.081962177855888e-12
382.6780320525918,2.5000775973581355,-2.1250458056050213e-15
385.5638266220011,2.520496813131178,-1.0031056634276946e-13
387.73168490193945,2.535936982392825,-4.409629804213313e-12
388.94237020686506,2.544597537886106,-1.5577477941845443e-11
390.41569857285543,2.5551733144418156,2.9638596954683445e-11
392.4676840781826,2.5699694071439034,-7.680540387797355e-14
394.8314716331642,2.5871099237644444,-1.196954314768938e-15
400.34205720320745,2.627468454266449,6.425913992992843e-14
400.9057320177067,2.6316282418555312,-5.857654844501829e-14
403.2962050625636,2.6493344125145484,1.905793499496171e-11
404.10332858748137,2.6553365256867965,-2.896232034935767e-11
406.45798538791104,2.6729153233887906,4.271162827371259e-14
406.52469915878004,2.6734148659139416,-1.063494900743417e-12
408.62584362543214,2.6891898676588735,3.1852021067088324e-11
409.65394237394565,2.696938273028733,7.402885896059686e-11
410.877970408547,2.7061887158170395,-1.9238133838731685e-13
412.96577211331305,2.7220307072930554,4.221997337190708e-12
414.5800191492019,2.734334463350498,-5.218538983492022e-11
416.3976866301307,2.748246140483052,-3.131011084418783e-11
422.38439921705924,2.7944963000432206,2.442835295221436e-13
424.1678900177225,2.808402239750435,3.6664671974224427e-11
429.3507581970437,2.849145788900802,9.181066271193079e-15
431.7721287192174,2.8683502472693303,1.2058011429231515e-14
431.79296263412124,2.868515954570499,-2.2748701184552066e-14
431.8997046653561,2.8693650771222403,8.59955247787925e-13
434.020043436652,2.8862756600675743,-5.759177475928739e-11
435.4250184093524,2.8975265380126802,1.7794224657914985e-13
436.28130090432944,2.9044013834743865,-4.010110429303542e-12
438.8227561990328,2.9248855289748787,4.1670130539505194e-11
441.1240419205708,2.943536551141693,-1.4478807716915486e-11
442.96254328032904,2.958506986703414,2.6579652415957338e-11
443.3452711157154,2.9616312692851605,1.3812384048091835e-11
444.6793202856702,2.9725424691131375,4.139684058196e-11
444.95951811513345,2.9748383755260734,-7.252237426915388e-11
447.48505818441373,2.995597603478304,-3.238421611909126e-11
449.99982795247564,3.0163850456678394,-1.4676470972339542e-13
450.3291847711493,3.0191161832875553,2.318804346225455e-11
452.45116308402504,3.0367602510734857,-4.069253604940303e-11
455.67965706217257,3.0637640008919353,-1.728436668082235e-11
457.2330418732353,3.076825228049489,1.775452751952234e-11
458.62046204602365,3.0885285646526883,1.4269944286067385e-13
464.0568424243781,3.1347278603157935,-6.564057116126724e-11
464.77805779935443,3.1408977753275638,4.786707903038117e-15
465.40423433068077,3.146262414718187,1.193227322617826e-14
465.47094809874534,3.146834397035305,2.0388344700368723e-11
465.6710894029236,3.148550835899038,1.354069702720323e-11
466.10882781537117,3.1523075114149335,5.2662228937612005e-15
470.8005864268008,3.1927938910082108,3.075895808887824e-11
472.87925731702444,3.2108608930321334,5.285379739330941e-11
475.64332733948083,3.235008405387181,4.44713248421743e-11
480.99379955184014,3.2821511675269353,-4.87958410710299e-12
482.26698651731294,3.293446830983673,-6.010375542672037e-11
483.53853391389896,3.3047577506134207,-4.2088489289326e-11
483.7520179695742,3.3066596961240102,-1.815563478700532e-13
486.3026039207115,3.3294479911038244,-7.625124295451634e-13
487.00298537273846,3.3357265436556127,-7.268125471208598e-14
487.1497556607573,3.3370434075287085,-5.6469140429220854e-11
490.0388291475383,3.363045760766838,5.908117386704969e-11
498.45604261421823,3.439679222098181,-4.290047358347221e-12
499.2973427565506,3.4474104745096454,-3.6715718899039784e-14
500.19037434400786,3.455631385802229,-4.113352294022055e-11
502.929398389666,3.4809374331289344,-6.839621551744428e-14
502.9919001317963,3.4815165041162337,-1.7324370368055066e-14
504.3301612822423,3.4939325953810347,-1.8711020703371165e-11
506.85406170140647,3.517438565551838,3.9976191449272434e-11
507.842132127062,3.526672772680176,-5.774696376724216e-11
508.76934037833655,3.535354536643802,-3.569604809740038e-11
510.08255558669714,3.5476777123745626,1.532584090029468e-11
511.07062601093577,3.556970681080332,1.2403037264687042e-11
514.7651833666359,3.5918779561501615,3.392644124702417e-11
514.9061020601207,3.593214375914238,6.212511605736797e-11
516.9196987072639,3.6123505248586665,-1.4452702904463505e-13
520.2757685184097,3.6444108023050545,-1.9863658350284805e-11
521.1261993812639,3.652567851598038,6.110791759925463e-11
521.3888424216062,3.6550897286339312,-2.167829364293669e-11
523.6409690535054,3.6767666282273823,3.250390607390972e-13
527.1796253757869,3.711015213876133,-1.5209122678069748e-11
529.1606849137481,3.7302894449265587,2.130946500937717e-11
530.8741827068286,3.7470188069787413,-1.2173507110490362e-12
532.9753270205777,3.7676066932282044,3.29061433402801e-11
535.3508175566752,3.7909806825525654,-4.771793549629437e-14
535.3966974087779,3.7914331473171243,4.326666290246512e-12
535.6176726201155,3.7936129367146374,-1.1599411543635416e-11
536.2246547847661,3.7996050844684044,2.94123035736438e-11
537.3152551991833,3.8103885792583068,3.9371083402284e-12
542.1137556814365,3.8580948324583892,-6.248572292342719e-15
544.4417267894585,3.881392110004905,-5.804106918584334e-11
545.5899102376135,3.892919369371545,-3.80956052265702e-11
545.8867299422753,3.895903259680846,3.775807892793059e-15
548.3706020598704,3.9209369213062275,5.1164661792336267e-14
548.5173723440627,3.9224196991580187,4.1968911712088715e-11
557.0963382133582,4.00977998286165,4.8373313943474015e-11
560.2480546535033,4.042214681795604,2.2040462047885577e-11
562.0448880815976,4.06078800989117,1.3053716145060188e-11
562.2450293772852,4.062860491584445,5.120348037360172e-11
566.1413675251877,4.103354443472185,5.848647295698084e-11
567.6947522594758,4.119576466021854,1.581059144970109e-11
569.0288013522246,4.133543440861197,4.2766762467160355e-11
569.6666810403852,4.14023337821463,-7.58904308234798e-14
569.816730459496,4.1418081513799025,-1.2831622050330879e-11
570.1369565317867,4.145170320663555,3.5236308637819855e-11
571.834539090605,4.163025402635956,-3.019896238386657e-11
572.9384822446616,4.174665102355957,6.928120603755154e-14
581.3556954423157,4.264152218506482,-1.0765884856277076e-14
582.7698010472161,4.2793142475719135,3.762614422141924e-15
583.5635817436644,4.287841299730857,-2.093430025870239e-11
583.8971505675671,4.291428068797993,2.8146439329865944e-13
584.7117651771683,4.300195998719682,-2.9062476546077087e-11
586.1984361378902,4.3162289741908815,-9.779830801242761e-14
588.4063224361098,4.340115013367928,-7.51365682477139e-11
590.0339120850168,4.357780603952056,-4.898582802376597e-13
590.6275514858571,4.364236013293274,-2.6079489538395845e-11
594.9808223352704,4.411773107017855,-2.142475339922357e-14
595.4035784039669,4.416408139241048,1.5662547608101134e-13
597.5922703510764,4.440457262735894,-2.0705045229584203e-11
600.8207641340235,4.476092705436267,1.0428211311415982e-12
600.9040997873104,4.4770150890333795,-1.3271789290924784e-11
602.3074350880356,4.4925668336812095,1.1992431213469472e-13
604.2351235659205,4.513988595046468,-6.3804463336157394e-12
606.6164656404682,4.540546167896794,-6.209261328158397e-11
607.8880129783673,4.554769695949802,-3.924832764116367e-11
610.6520828590375,4.585791319457728,-8.728214881274509e-13
610.745482129037,4.586842013359702,9.146162547562028e-14
612.0069658486522,4.601048800417954,6.27188945601552e-12
612.0603368600624,4.60165050928327,2.498839036613222e-14
615.8749788671735,4.644792974431439,8.257795246027844e-14
618.4639533874789,4.674226201683359,-3.595187896691162e-11
620.5442637308796,4.697966053024173,-5.185912483364154e-11
620.7177195175894,4.699949076827505,3.003846250322085e-13
621.8291538171226,4.712668641743456,-2.535488372688645e-13
624.2196266094231,4.740102982556953,1.2605702701448747e-11
624.9600362858637,4.748621669747886,-1.839104693218806e-15
630.5773632670343,4.813580027767719,4.356678494622243e-12
632.2241472434223,4.832733495099411,-3.814244303848192e-13
634.4320335153925,4.858491435016564,1.7542935984721813e-11
637.641332923548,4.896092320794821,-1.3543838248818293e-11
643.0943348308582,4.9604159936024415,6.487032534702081e-12
645.2647652956888,4.986170811654027,-2.778387990271509e-13
645.4756768831531,4.988678162099479,5.6984199942479445e-11
645.7383199136436,4.99180164969844,-2.239559173934433e-11
647.9595489316902,5.018268476854713,5.860987906281995e-11
650.2116754785856,5.04519625050818,1.291400414539585e-13
651.9284523473301,5.06578581951692,1.0732303790220156e-13
651.9951661109739,5.066587023821521,1.8358856391190075e-11
652.7163814376677,5.07525375116176,-1.5046887816296776e-14
655.7313911346405,5.111588384795597,-5.761268273633593e-11
658.352902729339,5.14331696856833,6.436425318787312e-11
659.7461743943204,5.160231483233554,4.95257196333106e-12
659.8395736632694,5.161366642433771,2.291579396176602e-13
664.2061871935058,5.214617110721299,-4.2269965943901993e-11
665.0966462789713,5.225519296539671,-3.341716348306126e-11
666.4098614259251,5.241624078774274,-6.161457822658005e-12
666.5074727191784,5.242822415757194,1.4687224843896627e-11
668.6844614452278,5.269594091741192,1.6893749624605548e-14
670.3429485929773,5.2900480449233775,7.356628068555962e-11
675.7126148115022,5.3566191793793845,-2.3521806459632525e-11
675.9485723350494,5.35955667584488,-8.222651659413896e-15
680.1283873144365,5.411762273892588,2.567950777719283e-13
680.5986627931902,5.417656123265374,7.476847565244783e-13
682.616471370154,5.442991072748562,-1.8010070118447882e-11
684.5975308243146,5.467937576448433,2.0553073862771958e-11
684.9802586265384,5.472765411193501,-3.8629992828276234e-12
686.3943641972947,5.490626734093395,1.3485613071305e-11
686.5945054868733,5.493157659761632,5.861061396333647e-11
686.8187598252445,5.495994388257678,-5.958892256410304e-11
689.5161158956194,5.530187456662553,-1.5582098879281878e-13
691.0545182632823,5.549749051118077,-1.373557865275553e-11
693.2181642267453,5.57733472053461,2.271566996684836e-12
693.5917613001651,5.582106672757403,2.8348065142223123e-13
694.906616008079,5.598921748282507,7.35466481155709e-15
700.990006362414,5.677133969731537,-2.232917923717003e-12
701.0267554843617,5.6776085130389085,-4.511132665236937e-11
701.1501193936676,5.679201699487564,-4.343082793588544e-11
704.3786131047448,5.720995835611264,-1.5027788483442386e-11
710.134286227082,5.7959815811377045,5.659821725370044e-11
711.579289321274,5.814903124941059,-9.090898235542688e-14
712.533183026184,5.827414929525846,5.728174479283572e-11
712.7691405482086,5.830512466505203,1.0679313263377403e-13
713.9430765658743,5.845938578770541,6.547576906115861e-16
714.9770267858639,5.859546232717543,-2.985212390153355e-11
719.4995412793538,5.919297773112126,2.963045757609382e-11
725.2535748198086,5.995864786823924,-1.2376123920139346e-11
725.5738008810571,6.000143844057497,4.1725392894446394e-11
728.5845985143843,6.040468341372735,-6.591536154419821e-12
728.6379695245665,6.041184661231792,-5.62015083202407e-14
729.6927536549676,6.055352228795119,-4.242513849062061e-12
732.0773748056698,6.087457338217794,-2.3095104885194446e-12
733.480710069391,6.1063999628859555,-5.075116546540052e-13
738.631040598226,6.176231493400399,-6.755880055775342e-14
738.7377826184307,6.177683939511034,6.305663215885697e-11
740.0109694913968,6.195024463768679,-6.209453541645812e-11
740.1486090410027,6.196900872576281,-3.4414561335706014e-11
744.564381497221,6.257285289161787,1.9128699405746694e-14
744.8937382856974,6.261803542681859,-5.936092468648172e-11
747.7828115700092,6.301522692908296,6.103803244051623e-11
749.6964505615922,6.327916163924032,3.497904188383685e-11
751.9977360545807,6.359745507289576,-1.2153901695482636e-11
755.3929010423137,6.406882554865954,2.1935976208201175e-12
755.5530140722431,6.4091107400132135,3.8509380096883344e-11
755.7264698546629,6.411525140161157,-5.895484593556599e-15
755.8332118746114,6.413011200338513,-6.087720659258749e-11
756.2576074979422,6.418921703488431,1.234863594212816e-12
756.5410844361223,6.422871498469874,-5.020747769656743e-11
760.7358816823602,6.4814922685184495,-1.789815497363999e-14
761.2028780193095,6.488038424230373,1.9464645804540934e-11
767.4438088861936,6.575906713517032,6.0492327619283605e-12
768.1067344854508,6.585282432588508,1.4903598069628294e-11
769.294013246212,6.60209428105189,3.3841960375710264e-14
772.3090228855185,6.644903464291357,6.054878283743381e-11
773.900796243867,6.667572097664003,-4.257260837784014e-11
776.3446399821888,6.702466002698948,2.1014564259931525e-11
776.5447812690535,6.705328551500081,1.1366390050975448e-11
777.859635960828,6.724152791973529,2.2743245398939002e-11
778.8701798023999,6.738641981165312,6.313169372153041e-11
779.0836638416549,6.7417053245267695,-1.467232033407288e-13
779.5064198957934,6.7477740490561064,1.184938285718689e-13
783.889655231827,6.810890051734141,-2.6183995101467323e-15
784.9236054417121,6.825829912752273,2.5572136184114462e-11
786.5170183654902,6.848892179516069,3.733026214747988e-11
788.3379647598039,6.875304916703254,5.635372779406157e-12
793.0781752709854,6.9443478884368535,-1.603798800893227e-11
793.140677008791,6.945261014796399,-5.591120079292362e-11
796.109806789779,6.988721764472208,-5.539489268304425e-12
798.0234457696102,7.016818787651264,-4.7401436167887085e-11
802.1857058972083,7.078164137641542,-5.996312669921653e-11
804.8205601854152,7.117162812759927,3.345211505685188e-14
809.062876824259,7.180222371131251,1.6243415377326171e-15
809.329731872384,7.184200098277,-4.4217954458881645e-12
811.0640634758698,7.2100839193842745,-3.452832370922571e-11
811.1682330386667,7.211640349282643,-5.556723232701747e-11
811.4842470720026,7.21636323641393,-1.6541345082467237e-14
813.7897445718468,7.250874981604662,7.621707478652224e-11
814.8403166663985,7.26663381222288,5.0850128060436795e-11
815.1371363549656,7.271089861471831,-1.906894121344013e-13
817.5676373291666,7.307639168067958,2.346708364779033e-12
818.5156794284854,7.3219251047023075,-1.3694923663917432e-11
825.6388714784623,7.42979319065752,2.8478497462369916e-11
827.1971748415531,7.453515527246562,-5.729495306715103e-12
830.6824599297967,7.506734560966255,7.15752664187516e-14
831.6688907170355,7.521837626925555,3.9588436604036863e-13
832.262530093113,7.530935372825125,-2.01660156303309e-11
836.0355041394387,7.5889093554289175,8.853713027798089e-13
838.1991500610657,7.622273361948478,-7.884315818862269e-12
840.3679408950726,7.655803246142979,-4.0495210666170104e-13
841.7478697714434,7.677182289877232,-1.0218651099886417e-12
842.6692263636952,7.6914762665248215,1.4070561689822694e-13
843.8490139543827,7.7098023873880255,3.3916544597284657e-11
845.9709920493764,7.742828467033412,7.750166227980271e-12
846.2912181059039,7.747819609926076,-1.8001611455168593e-11
846.5047021435832,7.7511480879342525,7.047748022793453e-13
850.5127008140804,7.813793539610796,5.441930527276861e-12
851.8743682330451,7.835143891530807,-2.2534196091294338e-13
852.7247990383431,7.848495602896605,2.7685888503364227e-13
855.2086710127263,7.887568520072799,1.5194588504911022e-13
856.4268472911268,7.906772759339464,-2.15363525085496e-12
858.778224629776,7.943918930937835,-1.7253872324494416e-13
858.9240620169901,7.94622616921909,-2.2725765720482112e-15
859.3910583488513,7.953616977913466,3.522934511791763e-11
859.81545396726,7.960337060634933,-1.779513626422944e-11
860.0514114850243,7.964074759669733,-2.0163530153613256e-13
860.7059130289392,7.974447797988448,6.6938279930185815e-12
864.3604418618753,8.032512590385059,-6.414841020294072e-11
867.2162713309172,8.078058532242494,-1.3158847892938784e-13
872.9185733296682,8.169450661926655,1.2143024650595589e-11
877.0583599457506,8.236175259071688,8.015993917227713e-12
877.1885083331292,8.23827809399577,-4.3217156341750376e-13
878.5684372048097,8.26059308810008,1.3271618751281061e-11
879.0094547106029,8.267732231243073,-6.495782069772173e-15
879.2763097569049,8.272053791370043,3.787819050394727e-12
879.9024862271744,8.282199500467843,4.407973310002952e-11
885.129594049368,8.367174220411822,-5.0237590213773724e-12
888.6949356326709,8.425423087212454,5.487650680983823e-13
889.5945254200946,8.440157154578316,1.7189882409819536e-11
889.9681224845807,8.446280551573025,-4.009509101987281e-13
891.8466518935952,8.47710932416454,9.985718581618842e-14
897.3663673725499,8.568070155665877,-1.6897398195146642e-11
899.2800063336215,8.599736526234755,-6.307045560944044e-11
900.3738858124419,8.617868043383865,-7.613665512669933e-12
900.4672850784823,8.6194171972472,5.8890055904180235e-15
901.7355532254857,8.640469055371147,3.9973321665166336e-13
903.219651656253,8.665141081370011,5.887061837050021e-11
904.4303367695269,8.685297864586838,-6.148827071490052e-11
910.3194372824936,8.783731017855931,4.954812510978568e-15
911.9779243804068,8.81156703041252,-5.945291832013944e-11
912.6874364984664,8.823490941388995,5.821757017012754e-12
913.7955916169249,8.842132914526795,-2.9053719411914533e-11
915.1088067231118,8.864253802392064,-5.935282473364646e-12
916.31036110729,8.884521614414274,-3.2969440416588785e-13
917.4901486904881,8.904448140416084,-6.399858918548784e-11
921.4190237116857,8.970991415679816,1.4194173445845587e-13
921.5257657298437,8.972803270578975,-7.326537688202833e-13
928.4537351346531,9.09084853171466,-1.7476960721649434e-11
928.8706395905771,9.09798034517474,9.088076799530669e-15
932.4193592736585,9.158816452748068,1.1830083503305694e-14
932.5026949229938,9.160247873102893,-6.012923247595668e-14
936.2206583601726,9.2242398913414,4.285371697970599e-11
938.521943810332,9.263976227426188,-1.4890052500640216e-11
940.3604449556146,9.295791758753774,3.028105357886288e-11
942.3574195597655,9.330420241673856,-7.458218390195706e-11
942.5240908583174,9.333313722130537,6.094853784256216e-11
945.3057153883498,9.38167937185806,1.4725643962626028e-11
947.2600892786776,9.415746405619656,-1.6097856038091808e-13
947.7270856072461,9.423897115243944,2.3846612991908642e-11
949.688950657314,9.458182369716186,-2.383114441851659e-12
949.8490636842267,9.460983609832148,-3.775970882111885e-11
950.0625477201077,9.46471933124258,-4.078481709077732e-13
950.295932779782,9.468804257907367,-5.991149397220561e-11
951.5466461455896,9.490712525520623,-5.342769457017581e-12
951.7692609093991,9.494615004034713,1.659977139246689e-11
954.4041151630435,9.540873837498287,-2.9866717801455115e-14
954.6309419510969,9.5448621017598,1.825875218875038e-11
956.6120013446572,9.579735082596201,-2.308292272390231e-11
958.8332302781788,9.618921786976244,5.452035714938868e-11
962.5486212522195,9.68467150368991,-8.14506047148883e-12
963.0689885892313,9.693900527308582,1.3925225426310682e-11
963.2490026397802,9.697094344579545,1.7567801352939006e-14
969.2399264421705,9.803726083231677,-1.536446812496534e-13
970.2771557708189,9.822254746016151,6.021368142005806e-11
970.6198553043724,9.828380953261117,4.157204459214952e-12
973.0412255192001,9.871727790441279,4.573412573476716e-11
974.6929281291453,9.901358170002743,2.9390009093696146e-14
980.266014584186,10.001706257835215,-1.981435942084814e-14
981.3833004254045,10.02189277271324,-6.196635098365796e-11
984.5476527382444,10.079189362172674,-5.8072490616095335e-11
987.4367259577098,10.131662580185733,5.4822596889704265e-11
988.923396836018,10.158724375000446,2.290865237314078e-13
989.951495435464,10.177462614513022,7.301620569862965e-13
995.5870836220384,10.2805233553365,1.4609504619267238e-14
996.4817546990441,10.29693845105901,6.514341973473475e-11
996.9878463942453,10.30623056460674,-3.887447250027773e-11
997.2680441904995,10.31137717483545,1.3899419343688705e-11
997.4681854735351,10.315054210441085,4.919776190337675e-11
997.5882702433552,10.317260785981377,-4.230132838661567e-11
1001.4078307696354,10.387584374401442,7.474916071880319e-12
1001.7280568224135,10.393492405244022,-2.1316388476333073e-11
1004.0918439995946,10.4371616808979,2.1130553089257877e-12
1004.6988261199874,10.448391849101109,5.885615619910007e-11
1004.7596882888138,10.449518273759486,3.8213013724819394e-11
1012.1630780313312,10.58704767780981,3.4889527661120344e-11
1012.19725469575,10.587684903348121,8.481872011474407e-15
1013.9439961350397,10.620281632361767,1.775832693347695e-11
1017.7127581053854,10.69080364939152,-1.1205169357044606e-14
1018.4173515148854,10.704017207618977,-2.699706468681722e-13
1024.9768687285666,10.827469658622116,2.977322979358786e-13
1025.8507058918688,10.843975411514709,-2.5057786839416662e-11
1026.558578436816,10.857356600951007,1.9773315899387936e-11
1028.2720760988404,10.889785726064204,-1.2519040487118656e-12
1033.1955797042672,10.98326739676227,-7.025375655773564e-14
1034.7131481073334,11.01217122194558,4.485290088556696e-12
1035.8470558330037,11.033795482069026,3.9523623748355684e-11
1035.9772042189804,11.036279000462276,-1.7047740720488668e-13
1037.2546030827157,11.060671149709034,-3.42526335435499e-11
1039.4582772292158,11.102821337424906,-6.793760336497638e-12
1039.5558885186797,11.104690440183413,1.1901498823477347e-11
1043.391364244674,11.178272711747063,5.961292817774347e-11
1044.80874890111,11.205533318761642,-5.912042843794853e-12
1045.448268116635,11.217845329007876,-2.0439721682309036e-14
1045.9152644424776,11.226840691614608,4.316000099237639e-11
1048.7610302597934,11.281743145559522,-1.9060397953682746e-11
1050.8846478920084,11.32281062183955,-5.776118012865449e-11
1052.8032055379292,11.359983983086426,-1.6297226169440888e-11
1052.9857920439351,11.36352525447232,-3.7063562606116814e-11
1055.6648865627997,11.415556995244144,-1.4594063382309642e-11
1055.7674165558187,11.41755089706256,-4.9827195676054424e-11
1059.1625814574577,11.483686078584649,-3.75398470636755e-11
1060.7576339150708,11.514829775687634,3.643291028787989e-11
1061.2913440013376,11.525261029044602,-4.8127522284139333e-14
1062.5645308391722,11.550166391262923,-4.3227130206726064e-13
1063.6759650831918,11.571932051170302,-1.0463289234837282e-14
1064.1029331521456,11.580299586888083,-1.1130308797355224e-11
1065.092643058818,11.599708407794894,1.6259235609140997e-11
1066.8735611576062,11.634678754942334,6.296384464565264e-11
1067.2146211214406,11.641382519955215,-1.1906520085205623e-11
1069.2324296230177,11.681087754092834,-3.440345642665452e-11
1073.7107036937432,11.769476504757273,-1.0683187910760044e-14
1074.075170026009,11.776686319042327,-3.655486444162833e-11
1083.1827004622996,11.957644563119457,6.240602707405753e-11
1085.581597182327,12.005562662721664,4.6416783032705736e-11
1085.8042119444688,12.010014780402724,-7.726832439697409e-11
1087.2183174622394,12.038317080129003,1.7639424160562898e-11
1087.6593349622322,12.047151261957508,4.480947682273296e-14
1088.139674039263,12.056777184748036,-5.695567773757432e-13
1091.8450013706124,12.131174232247421,3.7682439851e-11
1094.669933269539,12.188064255434224,8.271354133563051e-12
1096.843642769913,12.231939681707747,4.456377154623774e-14
1098.622214618838,12.2679041614047,3.381102618976214e-11
1099.2116419599438,12.279835819947527,5.242067395313159e-12
1101.68638316678,12.330001348286325,-1.5591064636454243e-13
1105.2859013673694,12.403168632121599,-4.4712397673414226e-11
1105.7327704591353,12.412268779113353,-5.778332266022949e-11
1108.0499710961128,12.459515787699607,-8.975808152119486e-13
1109.4048540118554,12.487187257489447,5.819663555007331e-12
1110.4687688371164,12.508939838339236,2.860177051815721e-13
1110.5179278213704,12.5099454366565,7.987848090317352e-12
1113.1970223331216,12.564816431033858,-2.78868312864404e-11
1115.160526933516,12.605115264950733,-3.57910566737284e-11
1116.5221943294757,12.633103735689332,2.9009077703453884e-13
1118.2897696720152,12.66948640862102,-7.851929983290748e-12
1120.2034086083838,12.708940446222238,-3.711596889482967e-12
1121.337316329509,12.732350371433208,-4.01597710062587e-11
1128.4413138914626,12.879553917137816,2.4186759537441026e-12
1129.3060203226414,12.897535160015375,1.000633015104785e-12
1131.242839417495,12.937860555606004,2.3024133043330407e-15
1131.8299205105452,12.950097480410834,1.8040487316900454e-11
1142.342425710733,13.170291377519577,9.388161720029599e-14
1142.8735633387148,13.181470558931508,6.491691403496722e-11
1143.4697751593555,13.194025587662079,5.505921119475626e-13
1143.6572803682436,13.197975425886327,4.2722002909589206e-14
1145.7710605842612,13.242547471212692,-1.9130998190789259e-13
1146.0653078099892,13.248758616150724,-1.8033628452324834e-11
1146.438904868985,13.25664702244904,5.768423854066987e-13
1146.949208584786,13.267426109219292,-3.44972842071679e-11
1149.0728262077637,13.312334557831974,-7.334004139698433e-12
1149.377137049816,13.31877666817764,-8.121219412028164e-12
1149.6065362919799,13.323634064570069,-9.582445404268806e-13
1149.773207588729,13.327163840973876,1.5800481972635685e-13
1153.1292771086376,13.398347806308587,-5.345811442056637e-11
1154.722689991885,13.432217553314262,2.846897345284397e-11
1154.9762022818345,13.437610548893742,3.063851832914677e-13
1157.1440601847075,13.483775981725538,5.093009622855551e-12
1158.7957627797284,13.519007779272112,-2.5957265417954197e-14
1160.1965255411224,13.548926262483816,3.685548377198807e-11
1161.8800585528966,13.584932177807058,2.345912937198862e-13
1166.1265871169078,13.675985111979474,-1.2995806416882321e-11
1169.5842537387748,13.75036882855231,-1.8296845393331637e-11
1170.3181051040037,13.766184277397196,1.7891333581183383e-13
1172.692662558529,13.817427053128576,7.713589208223094e-12
1175.2341175185725,13.872386537162496,-6.611527738875414e-11
1177.3352616593666,13.9179140542998,-3.8288876012286044e-11
1177.3560955714388,13.918365889952682,1.798550996107395e-11
1177.8898056550934,13.929943458071552,-2.0420887131326076e-13
1180.290341933781,13.982082246215114,5.875982385488818e-13
1181.9954155357598,14.019180309886014,2.341405662634955e-11
1183.9923901157106,14.062697487296637,6.027227025400622e-11
1184.5326584707177,14.074483399253753,-4.5887354057295823e-14
1186.8381559163624,14.124838074093608,6.175956437605569e-11
1190.3091652877501,14.200833519330759,-5.273870790223419e-15
1190.7761616107352,14.211075031840908,3.699960863743022e-11
1191.7967690406676,14.233471555275626,-7.461224776018642e-13
1198.387890412609,14.378571231631343,-2.0718781658022314e-12
1198.9948725277538,14.391973828448917,-6.393976570984436e-11
1200.4682006396479,14.424534190566863,1.598995147831536e-11
1201.189415931368,14.440487533477935,-9.20732120114505e-15
1204.236962579391,14.508005306807874,-1.0077887471323549e-13
1204.8373864229425,14.52132774805732,-5.434920385941636e-13
1208.4434628808403,14.60148050725272,1.8602325913732046e-11
1208.6569469140745,14.606233156579082,3.631591153466603e-14
1209.0839149805386,14.615740973823177,7.174239706865161e-13
1210.8748966853948,14.65565952806504,4.296852651205452e-14
1212.3749103008545,14.689138265240887,-3.069827370554263e-11
1216.1944707910366,14.77457400566322,3.513849134373952e-11
1219.412194078755,14.846756440502626,4.482638563001782e-13
1222.6514579575478,14.91961473281237,-1.4098758196964963e-11
1223.5611113455984,14.940109633339837,6.000221414952754e-12
1228.257081446709,15.046154406243737,4.2151028742281684e-13
1228.363823463258,15.048569584701795,-5.371881881332434e-11
1230.1847698068698,15.089803220016591,5.1226518857501345e-11
1231.7589883417015,15.12549916051122,-1.7668604995614946e-11
1232.8638643068898,15.150579861893485,-1.4419498317985215e-11
1234.8673971549345,15.196117448471309,8.251899970698444e-12
1235.5211920061547,15.210993321017781,-1.608455578581943e-14
1237.9566116237036,15.266476009539469,-5.0354848834523294e-11
1242.2916207376416,15.365504656138857,-6.1043113477912e-11
1245.1806939247829,15.431694671140228,5.663537199404559e-11
1245.3941779577683,15.43659179040153,-3.2958003730863826e-13
1250.9096813143005,15.563403185788376,1.4765490659737178e-14
1253.16438020312,15.61540415047282,5.54522037129349e-13
1253.3977652595763,15.62079214568995,5.6693666736052e-11
1253.4586274277717,15.622197392330387,4.0782113059878266e-11
1254.8661746653286,15.654715287843208,-4.3420115690287086e-11
1257.1674600815168,15.707959403156698,1.508685009722093e-11
1258.1780038929603,15.731370861493655,-4.070763940296081e-12
1260.0523212431442,15.774843325334103,-7.917761014039947e-14
1260.234907747694,15.77908165167513,-9.608377387606692e-14
1260.2557416597106,15.779565302125377,2.1090105086305496e-14
1261.0029357748176,15.796916382785543,7.55678768752692e-11
1264.8416906034197,15.886220748001657,6.8911658407898246e-12
1266.3726017447177,15.921911407889265,-2.416175730282235e-11
1267.4856755480848,15.947887987260383,-1.937513092165863e-11
1269.0439788727379,15.984293539329503,-5.208173547861952e-11
1272.3417586675885,16.061484762201626,2.0889919547519815e-13
1273.2764579905117,16.08339973209122,-1.850003326691247e-11
1273.4222953745711,16.086820488279972,-8.394690760386054e-12
1273.5156946389247,16.08901146370825,1.6336466976010637e-14
1273.72660621537,16.093959653580775,-7.572931752341405e-12
1273.7425214237833,16.094333073034917,2.1609940467571038e-11
1281.4476494703651,16.275666875516826,-4.283370373097326e-13
1281.7145045113155,16.281966681478583,-1.4109225079804392e-11
1285.0263337364042,16.360260168276618,-4.817464024585415e-11
1291.6867413060788,16.518327654602317,-4.633836778926012e-11
1292.3194760350923,16.53338647337002,3.224014175256605e-11
1292.3595042912227,16.534339376955494,4.9467527492520325e-11
1293.053327397482,16.550861062001857,-9.92744200862914e-13
1293.507687646319,16.561685334981583,-5.139875464254341e-12
1293.9337228232002,16.571838271340784,-1.890162069248846e-11
1300.091317837945,16.71895462970204,-3.169153737356505e-11
1303.193168373606,16.793328122477224,5.883965778616139e-11
1306.727612357203,16.878290001437257,-4.547040819745202e-12
1307.8615200713243,16.905595923202835,-3.616035560022918e-11
1308.1417178641227,16.91234708734391,1.16667049061749e-11
1308.5661134729748,16.922575348208767,-6.33005126019364e-11
1309.4565725146408,16.944046880260547,3.888210529384874e-11
1312.9818857698453,17.02919571307494,-2.807302533099083e-13
1313.0443875058033,17.030707417299517,9.292867570840076e-15
1313.408853835004,17.03952405035913,2.453659890854138e-11
1315.299086390735,17.08528902813502,-1.1532105038653672e-14
1316.2337857125738,17.107943628581904,4.286007608133873e-11
1317.7670430989606,17.14514052050487,2.0707636103669084e-14
1319.0353112215967,17.17594148631057,6.218910899153642e-13
1320.3084980477806,17.206891709329803,-4.4656126065890527e-13
1320.856257560528,17.22021652168549,-5.904680085847535e-14
1324.817669607547,17.316746457056876,1.8302463026284305e-11
1330.8085933215516,17.463279788858774,-3.535030615304347e-11
1331.1786850335423,17.47235362672865,-3.277835149703316e-11
1332.7929318200252,17.51196092362952,1.7346374384863976e-11
1339.079035645315,17.666654711326416,2.3178343708089086e-13
1341.2468935360362,17.720171999317884,3.487696538516393e-11
1343.325564186681,17.771568848321742,4.8790642590213073e-11
1343.3688715784835,17.772640505765544,7.191001669515879e-12
1346.9175911990255,17.86057229171408,1.2684349567282305e-12
1350.3319504105318,17.94539380524349,-5.702422587518254e-12
1353.8247265660352,18.0323855986524,-2.4533331559134195e-12
1354.494210414398,18.049085564782075,3.113304515962762e-11
1354.5342386704658,18.050084312765062,5.291956948139403e-11
1355.9883724317733,18.086386523397056,-5.694125953275245e-11
1358.1571632101152,18.140602398146203,2.2430134725788914e-13
1363.7602142222413,18.281069685224864,5.597232467049475e-11
1363.8594650784582,18.283563095570933,-3.447562814390801e-11
1364.3931751592424,18.29697423476515,6.543463421120563e-14
1364.5607793434165,18.301186898017868,-4.3729809396255334e-11
1366.988707792633,18.362269937168595,-8.379724302046225e-12
1367.4456404969894,18.373777819803195,1.7905513281448014e-13
1368.6354916738544,18.40376235325473,4.0527071779347213e-14
1371.4438016599054,18.474635849121576,3.3516988682034956e-11
1373.7450870691473,18.532821834884594,-1.1645886226969277e-11
1374.7764647895067,18.558930975208842,-1.727240670122256e-11
1376.713283869934,18.608014148648664,-1.641268504848873e-14
1376.8333686380759,18.611059630690114,-4.74323590820058e-14
1377.3003649586244,18.622905697112618,4.532760715961342e-11
1377.5805627509512,18.630015265262642,-5.833256952022082e-11
1377.7472340465804,18.63424496720831,6.48926851335258e-11
1382.9502287049238,18.76654132141526,1.8651007244746414e-11
1382.9909636403313,18.767579054478936,-3.7161860542269703e-14
1383.7381577531044,18.786619441104005,-1.6473851782113928e-11
1389.8540849305232,18.942855256965792,1.4280589535240365e-11
1391.2415049306107,18.978393794104182,7.743721458897066e-13
1393.3934476103682,19.033585605666296,-4.856524085937794e-11
1394.0563731866923,19.050605133713976,5.2380934895245105e-11
1394.7642457226186,19.068787538566088,-1.56781051623527e-11
1394.8475813704015,19.070928704234642,5.7891764406796016e-11
1398.2921314270677,19.159542398001413,1.0891221995596215e-11
1398.8132054347996,19.172966458850993,-1.350624989154901e-13
1400.6175298826138,19.21948863701508,6.706234762077372e-11
1404.449726426446,19.318495826770153,7.828802319882294e-11
1407.7615556417059,19.40427691652862,3.634356564518928e-12
1408.2643681937473,19.417318143073086,3.576959064588918e-11
1414.8880266235092,19.5895477977211,-6.58098416484198e-11
1416.6689447024244,19.635993435064808,3.3305579870401995e-11
1418.1631067177557,19.675005658775444,-5.498585852410589e-11
1418.4966755178525,19.683720678093177,-5.6699775481501774e-14
1419.6240249575974,19.71318965746024,-3.9440740453420123e-13
1419.7707952296357,19.71702796319562,-4.541958195581136e-11
1421.191459004291,19.754201377345993,-7.479602537218583e-12
1421.3916002843364,19.759441307723453,7.430047295730099e-12
1423.443585427277,19.81320721798427,1.7071263460600012e-13
1426.0550332657153,19.881744280447585,1.9194349727988225e-11
1426.695485361796,19.898572033277816,9.094233655471958e-13
1428.9633007837567,19.958219183356242,7.352325123101321e-12
1432.2109886937028,20.043803518735885,-4.138973658321903e-11
1432.8114125337042,20.059647401847602,-3.3084582325727594e-11
1437.4338843695255,20.18184677208772,1.3279785874770568e-13
1439.3149861921834,20.23168813797409,2.030120631643927e-12
1441.0034378947335,20.27648058871602,6.601540195459864e-14
1441.9163704135158,20.300721387084096,-2.1559110642464814e-15
1442.2808367416599,20.310403230253076,-2.7876403240595252e-11
1446.6598599049723,20.4269208352902,6.563364576761041e-14
1447.3862201048375,20.44628207497147,2.728761567971506e-11
1447.6938100801126,20.454483860920963,-5.5587751604585075e-11
1448.9445234228822,20.48785167344313,-6.086144072830311e-12
1449.540735238477,20.50376816541391,-7.842719049877566e-13
1450.475434557524,20.528734111352293,-1.8278453021776036e-11
1454.009878529421,20.62328507650676,-2.3736009829667412e-11
1455.5281535912852,20.66397156201176,-3.056509893985181e-11
1460.0506678896925,20.785416779095762,7.604449448805738e-12
1463.4952179418488,20.87816767097346,-9.791298076218671e-13
1469.8920495805814,21.0509940389191,1.2361888507445698e-13
1475.7895740120305,21.21099818418271,-5.160172330228856e-12
1478.334308087905,21.280236546818028,-3.6229319798757596e-11
1480.337840924224,21.334833573024493,-5.882279954586065e-11
1480.4579256921152,21.33810827705342,-1.7019024698950123e-11
1480.975720563291,21.352231552547394,-3.679124068750935e-14
1480.991635771629,21.352665731009537,2.776402130864394e-13
1481.1384060434941,21.356669950723596,3.375586808677033e-11
1483.3661932071448,21.417497666183866,-7.22273574331644e-12
1484.727860589188,21.454721780496154,-6.063988931752639e-13
1486.1077894267553,21.492479955706344,-5.549365673915399e-11
1486.6555489375655,21.507477699954354,-5.3738954110334575e-11
1487.9287357591968,21.542359114928917,-1.0791545030613262e-11
1488.208933550905,21.55003968410498,-3.94612551053992e-11
1493.2026561902894,21.687166386592818,-7.182141027360141e-13
1494.6659206752709,21.727434381296867,1.4292556075355172e-11
1495.503941593941,21.750513881492004,2.495522144742239e-13
1495.7005775288624,21.75593120380824,1.0607907313412168e-11
1498.805707187147,21.8415719905467,8.514862045016038e-12
1499.3394172664875,21.856309827097004,1.2499709147439224e-12
1499.5685902974262,21.862639807018343,8.357778074022476e-14
1500.3157844084913,21.883284747555773,1.2716466319396658e-11
1502.157564652381,21.934216972831788,3.545482407339269e-11
1502.63790372376,21.947510447422005,-6.106687653643253e-11
1504.7090832076237,22.004879404567347,-3.996602654678344e-13
1508.6536471426307,22.11435721231791,-3.1105393334342243e-15
1511.6129394169286,22.196677867526393,-3.060093283865445e-13
1511.8629463597185,22.203639871367564,8.621382370843124e-15
1513.9767265555452,22.262548839755322,-5.841930842633568e-14
1515.9219696791304,22.31683356912311,5.2600217975625606e-11
1519.1970497672262,22.408386727450406,5.398263104785521e-11
1520.0509858938722,22.43229054206131,-2.3338070810577275e-13
1521.027353035532,22.459637967267657,-6.043189044880338e-11
1522.8216138629234,22.50993986327027,4.382981484185485e-13
1526.787944597116,22.6213459310241,1.0971661843764415e-11
1529.9864735176036,22.711397099410114,-2.350207754645655e-14
1530.0232226378212,22.71243282672305,-7.664822334061337e-13
1531.020423691213,22.740547169186907,3.110287036710378e-11
1534.4347828903087,22.836947797057093,5.036235968058053e-12
1536.8561530601373,22.905442632382506,-6.985856533333073e-12
1540.0420459074905,22.99572854088557,8.427269552393935e-14
1541.0584413047545,23.02457179341769,4.7648570583906626e-11
1541.5296496480526,23.037950192526445,9.732647653027375e-13
1543.2731119232978,23.087485588120717,-7.019989957497902e-13
1545.5409273405276,23.15200273389241,-7.726728812879413e-12
1545.7410686201254,23.157701108244833,8.504503946913492e-12
1548.4960075888316,23.236214049623282,4.48089689536943e-13
1548.790254811591,23.24460805800956,-3.3821153657916976e-11
1550.1034698878148,23.28208966671945,-1.0420920434857675e-11
1550.201081175824,23.284876943399773,-1.856437576473212e-11
1554.5702669237583,23.409818182950065,7.089461309353034e-13
1555.0438215141737,23.42338107253178,1.8971588417529495e-11
1556.200202702328,23.456517888321788,-2.2627044386247206e-12
1558.155509440846,23.512604446763962,3.3802814029369304e-11
1560.9371339129577,23.592514690058007,6.184740234788321e-11
1563.2374864255578,23.658706670266472,-1.4761094757252341e-13
1563.9720444632408,23.679863898756842,2.2241999245501726e-12
1567.0530610704745,23.768713660840298,1.4109425041145837e-11
1569.1450744640601,23.82914241393634,-5.847265964588239e-13
1576.7792766795712,24.05034368314041,6.424317315626319e-13
1576.925114062714,24.054579776526047,-6.521982697203086e-16
1577.2853683658159,24.0650456511483,-2.7955361992170555e-13
1578.6002230093213,24.10326424242311,1.2438869640010926e-14
1580.5805756832522,24.160886822518567,6.416999863982247e-11
1584.2959665828712,24.26918894463646,-7.045968289180913e-12
1584.4001361422472,24.2722291092305,7.090936039863319e-12
1584.5494788702115,24.27658799104925,5.823548523611795e-13
1585.2540722680205,24.29715857389152,2.0981047870260316e-14
1592.3672004757625,24.50533830861549,3.983213177793287e-12
1592.3880343876351,24.505949423079645,-2.1894576011873276e-11
1595.0594114977816,24.5843743121956,2.3004676690814444e-12
1595.6998635920136,24.603195904871292,-1.142365663001386e-11
1600.6425614622137,24.748705972855674,-2.35939925798136e-13
1602.8972603346517,24.815232423685636,-7.233288612089076e-13
1603.1306453894167,24.822123959540082,-6.582098740229305e-11
1603.1931471250255,24.823969719136915,2.998806691643293e-11
1604.8073939032397,24.87166550854847,-1.9480080396782272e-11
1612.2782039555627,25.09302899738065,-1.1148059334510643e-11
1612.4591508909489,25.098403289397694,5.973317262132938e-11
1615.6876444469199,25.194393927646683,-7.285011116373485e-12
1618.3749367644891,25.27443981255814,-2.184990290839637e-12
1619.2155301378898,25.29950572709923,4.713836162278929e-11
1620.1427382944476,25.327169531579,4.3967756245411545e-11
1622.074638662931,25.38485979665257,-2.7249123341736884e-13
1622.137140398523,25.386727366932814,-8.455014132425183e-13
1622.4440236935595,25.395898174301003,-1.5277129139982833e-11
1625.1062700748168,25.475528741833397,-5.830273335269228e-14
1625.373125113968,25.483517853760052,4.606911987117893e-12
1625.8391885439896,25.497474016923736,2.487018971084703e-12
1626.0058598388928,25.50246592216428,6.960842739362272e-11
1626.2794993585846,25.510662699610695,-7.652091263733305e-11
1628.4405727573908,25.575445369080366,-1.9389542751549205e-14
1631.649165289284,25.671788288667617,2.44664569314635e-11
1633.2833130902325,25.720928975018573,-2.6652740964612227e-13
1633.7777015919694,25.735805492841713,-6.8423883044308e-11
1635.6913405045798,25.793430753518404,1.536181821742652e-11
1637.8900959117623,25.859724986432713,5.5835977686726104e-12
1638.5530214853263,25.879730195095107,1.8733314166521632e-11
1642.7862072518094,26.007666598589978,1.2949464581233167e-12
1646.7307711786332,26.127177304348212,2.0063808465193558e-14
1646.8716898580744,26.131452100632796,2.6080985336741613e-15
1646.9910679462955,26.13507374498035,1.428712056694333e-11
1647.598050055621,26.153492184408282,-2.4008700095824197e-11
1651.1374127200495,26.261026787064147,1.023073178738119e-11
1656.963304671693,26.43853433687429,4.692255148088877e-11
1657.5943998285002,26.45780053896925,4.198160942228821e-11
1659.892406090762,26.528016540071206,-3.533603019180488e-11
1661.2589921727201,26.56981895263747,-3.049507700620967e-13
1662.7772672296724,26.616301710778338,-1.4849073654829625e-13
1664.865068596278,26.68029014724997,-7.077007166410879e-11
1665.0319661002252,26.68540880775937,1.504255580794255e-14
1665.4079094020553,26.696940674872724,5.4538675425961714e-11
1666.86204315552,26.74156998899558,-5.29632964074669e-11
1668.4697316609477,26.790957441791765,-5.958133952967362e-11
1672.6319916418536,26.919041353280534,-6.79827946071385e-11
1674.7539696719994,26.984463132873007,1.6686729551924995e-11
1674.967453703182,26.991049558099206,8.156854389213622e-14
1677.5147602277655,27.0697040211232,-4.774072469852147e-11
1677.662237178561,27.074261401367025,7.846283562436849e-12
1680.5496707731702,27.163570515665157,-2.3374478647375364e-12
1681.5103489134199,27.19331860321134,-4.34002467101941e-11
1681.6145184726597,27.196545309970936,-5.1289172394966533e-11
1688.1805938414218,27.400336328339623,6.72175559875792e-11
1688.6209046556635,27.41403065124071,5.446604534710377e-11
1688.8119152071122,27.41997247488604,-3.023388326682133e-13
1690.815448037169,27.4823374798103,5.744053246286821e-14
1695.1778492961153,27.618383983172144,-2.7975004529867976e-14
1695.9458773169108,27.642372112448935,-4.592400718946446e-11
1696.0851564284128,27.64672343707546,3.5795750657699736e-11
1697.3457071735577,27.686121513560018,-1.1009453514505647e-11
1701.9150341918664,27.829179595990432,1.8362440328724357e-13
1705.117548919601,27.929674283166463,1.0822100331877192e-11
1708.9656606531848,28.050677650288364,1.690065039565144e-11
1712.194154205178,28.152407631790346,-1.284415179940659e-12
1713.5923444937036,28.19652425415269,4.002533967049301e-11
1714.1260545714104,28.213373723159098,-8.535276728002193e-14
1716.677346909861,28.29399167063631,-8.023370368136733e-14
1718.0706184947592,28.33806809288799,-3.1733432067733232e-15
1719.4088795040157,28.380437913127295,2.1451066013721218e-12
1720.958984976465,28.429556041735314,6.169643998954742e-12
1726.3628275646124,28.601133487011804,-1.7783768717370378e-13
1726.4461632119594,28.603783689438057,2.6225586508009757e-13
1726.8731312740622,28.61736394070468,-1.9877965377294054e-12
1727.5426151183062,28.63866446953827,3.4324307105588535e-11
1729.8373422429263,28.711736948226058,4.4280614869308566e-11
1732.0651293986589,28.78277061024196,-6.957012461247775e-12
1733.5335387913956,28.829641273792873,6.667540402980412e-11
1735.3544851174495,28.88781985229976,-4.671800614183487e-11
1736.2049158967359,28.915011733290786,1.119316929237414e-11
1740.9743841920763,29.06775874823151,-1.0100850584983576e-12
1741.950751330798,29.099079557411955,-3.556117451060406e-12
1743.0846590364283,29.13547613780498,-3.4739190122972695e-11
1744.1052664551344,29.168256217282817,-8.975084970791686e-14
1744.3995136771327,29.177710473629652,1.1320510227325815e-11
1749.0147205408364,29.326207219716462,1.6681301880745752e-11
1749.881773207633,29.354148882916547,-1.3157054101703883e-13
1750.35532779684,29.369415513385622,7.190752679226023e-11
1752.2640480031987,29.430991431628694,-3.277224170582512e-11
1754.5653333985933,29.505320860860156,1.1387110644595157e-11
1758.4008090574569,29.62942003035229,5.7036365039764724e-11
1759.5204411224577,29.665697511167497,-1.0631287254114327e-11
1763.4493160446639,29.79318066471775,-5.865591315592664e-15
1763.7704749796,29.803614121264623,-1.8236548770053527e-11
1769.3569040680882,29.98540381822,5.144598454360524e-13
1769.7262890980614,29.997444352059215,-7.927362944471872e-11
1770.2197447105045,30.01353303207627,-4.4534662607292195e-11
1770.6743311647606,30.028358387220496,-1.3963234162433155e-11
1770.8201685475478,30.033115364898222,-8.631634294560716e-12
1771.1244793856947,30.04304275001957,-8.626026076176244e-12
1772.6553905132866,30.09301079946648,2.404807191540407e-11
1773.6659343154352,30.12601801631646,5.433641578777732e-11
1776.470032259586,30.217706300465988,2.7276158682094378e-11
1777.9915864502218,30.26751863929838,4.377678440890604e-11
1779.1123776126083,30.304238154307093,-1.0649173729246007e-11
1779.2923916591405,30.310137956108942,-6.305305778124248e-13
1787.8296889617964,30.590625809269493,8.244214687696171e-13
1788.017194168204,30.596801249537254,1.2689941108906316e-14
1789.0846143227473,30.631968821075382,-3.4974586040616314e-11
1789.2145364972346,30.636250712059617,-6.599040687250666e-11
1790.9446560150225,30.693300511712675,-1.2836575376714871e-14
1791.2115110536517,30.702104827329585,-6.062152803458487e-11
1791.6492494110482,30.716549916083125,3.444865566016459e-14
1791.9720479137404,30.72720432351582,-9.20869415846389e-13
1797.4891907846022,30.909601948247612,-2.940225934299648e-11
1798.8024058567023,30.953099662588162,-1.0037466866131553e-11
1799.0826036472406,30.962384785676587,-3.312033824491014e-11
1799.2736141984556,30.968715273705136,1.0229895155300468e-12
1800.5910412947223,31.012395858540163,4.441001814214431e-11
1809.0789534028786,31.29458743988536,4.5277763119508546e-11
1810.4822886026288,31.34137097419413,3.683586789695292e-13
1812.5235034385946,31.409484509886273,3.544903888418585e-11
1812.6709803891704,31.414408658361527,2.373597230391661e-12
1813.3114324817393,31.435797537296985,-1.4480384821384786e-11
1813.6316585280229,31.446494810180024,3.234912762749736e-11
1815.7519969870052,31.517373184811596,1.8508439438878788e-11
1821.6951750297526,31.71648228764564,-1.1373043031270927e-11
1821.9929275963434,31.7264747469526,-4.931183835741383e-12
1822.2155423549193,31.733946677843203,1.8818856479503807e-11
1828.2064660220906,31.935371291937386,-2.6680962965012912e-11
1830.1908045051723,32.002233743962975,1.9758324309705892e-11
1830.7245145822228,32.02022952773129,-3.6214700582127085e-13
1832.3944786110708,32.07657173060907,-4.3004849810086034e-11
1833.0883017112214,32.099995437169156,3.195175071311196e-14
1833.2549730057317,32.10562363835686,1.804443006069829e-13
1833.756145986877,32.12255046539224,4.021602137410081e-13
1841.066136316987,32.36996705913564,5.2250793912560965e-12
1844.3154637763262,32.480260992218525,9.573595399470125e-13
1844.6279724534986,32.49087891974427,3.03248543273345e-12
1850.1111648669362,32.677470888572465,-5.146708243931244e-11
1852.3998141875124,32.755517003268686,-2.9808787396868032e-12
1855.5016646959948,32.86144840757549,7.077622947771281e-12
1856.4145972096735,32.892659755494954,-7.962935206740291e-12
1856.6147384885185,32.899504239784775,7.137886068096293e-12
1858.3865258287974,32.96012847042562,4.9701889620998455e-14
1860.5543837025375,33.034383480964735,1.0437167031470094e-11
1860.8912316362982,33.04592920690292,5.133231047761565e-14
1861.1580866747477,33.055077355501034,5.1928406534572876e-11
1861.958651790092,33.08252967189343,-3.300523729800446e-11
1863.7096052184772,33.14261306580667,7.620032937448884e-14
1865.3528837429699,33.1990530028535,8.740765166461236e-16
1867.0738725317597,33.258215298210125,-2.1045753338730182e-12
1867.914465902826,33.2871321421409,6.183475096841101e-11
1871.8541111164423,33.42283141522325,6.898953319038342e-12
1872.6169942231556,33.44914161596373,2.3182830747108667e-13
1875.1451063984787,33.53640740810803,6.672286112341742e-11
1879.8811047028705,33.70020223866436,-8.733992512148534e-13
1881.1360300627248,33.74367316429602,-1.2433651744516473e-11
1882.4766373169914,33.79014418020233,-7.30193179878031e-11
1883.4871811180742,33.825195709064914,-3.0830814295491963e-12
1889.2330165437907,34.024852211888,-1.8562793281327314e-11
1889.5665853417677,34.036461750516935,9.076061107524375e-13
1889.754090547996,34.042988587327095,3.8341866956548385e-13
1890.7913198528518,34.07910502583971,-5.5317363519666105e-11
1891.867870734095,34.1166116049445,-3.1535864813824677e-13
1894.5692124748048,34.210819208012516,-4.600525506472231e-11
1895.7033463878727,34.25041148309682,-1.5795848111481982e-12
1896.2969857436751,34.271144701944124,-3.1493831419487866e-11
1898.228886106349,34.33866244590326,-5.844713104363627e-13
1899.2260871553756,34.37354040305687,-6.501255925353295e-11
1901.0730123029484,34.438186566133396,5.050491305632292e-13
1901.8475985935372,34.46531737522393,5.908768880624534e-11
1904.5948201818026,34.561631201193094,-2.8539372963114256e-14
1906.802706310413,34.639137428695534,2.928310689720089e-12
1907.9768684791136,34.6803921076776,3.867023618471627e-13
1915.6810635607194,34.95171221752258,-1.6349634130930447e-11
1916.414914916104,34.9776134338166,2.9492154840630574e-13
1920.5703904059314,35.12446769105899,-2.847667777642269e-11
1923.1518735878767,35.215857333746456,-1.1488756370440846e-11
1923.249484875469,35.21931537620236,-1.5041199191035596e-11
1924.0933573818263,35.249218282938656,6.863818277907803e-13
1926.2136958387075,35.324411079125866,-6.262453430590508e-11
1926.3611727891323,35.32964408130833,6.82103804203713e-12
1926.3871516136014,35.33056594310132,9.685965721814965e-13
1926.6579924669575,35.340177504641495,1.0421074819266816e-14
1928.2080979362863,35.39521342390142,7.92632891392335e-14
1928.3422321347934,35.399977889572355,2.7992056125735915e-11
1929.6088606781982,35.4449850556943,-4.255657460880228e-11
1929.889058468404,35.45494532766009,1.1177439042660637e-11
1933.4284211225133,35.58088458940993,4.221948005893341e-11
1934.282357245018,35.611304298456886,-7.595977300440435e-13
1935.2994593170529,35.647553984764535,-3.4953457814355776e-15
1936.285890070195,35.682728743009804,-4.094396421485122e-13
1936.8795294257966,35.70390574174754,6.47432554247023e-11
1937.8935785712417,35.74009510654664,-1.2299034192048686e-12
1941.2953016818042,35.86163408080544,-8.208045678980985e-15
1944.4846998592823,35.97578058895984,-2.5196586826701355e-12
1947.286225342724,36.0761999668427,-8.263178945053693e-14
1947.8733064268815,36.09726193816554,-1.3795484572582239e-11
1950.934195788614,36.207176467631115,-8.958850859692632e-13
1952.9260254294609,36.27879445797048,-3.4814176402078286e-11
1953.816484462745,36.31083533625567,1.1548840755648743e-11
1957.6645961871216,36.44946768673052,2.216958182364342e-11
1959.4295990453693,36.5131450553244,2.8951765854196983e-11
1965.5090032652672,36.73291564229717,7.389088538830074e-13
1968.9774401346442,36.85860471651748,3.1326099370906723e-12
1971.8700186337137,36.963595326367184,1.1028283273158306e-12
1972.0792906400923,36.97119715617989,-5.4632205922165755e-12
1973.1874457279882,37.01146446409366,-3.8945693757645605e-12
1976.1790488732356,37.12028405742772,-5.332893654218773e-11
1976.2815788643297,37.1240165087468,4.577395751205454e-11
1977.4688575751597,37.1672517227937,-1.1544472449227944e-13
1978.0692814110896,37.189126275490466,-1.1089274710062153e-13
1981.6180010007167,37.318548318951045,-2.6513315422393282e-14
1982.745124223344,37.359703119921896,-2.7498366381601535e-11
1985.6068051941118,37.46429719306744,-4.057325433233384e-11
1990.6496867881438,37.64898101026625,-4.664753415904617e-12
1991.2775028071903,37.67200610296693,6.887457388554416e-11
1991.423340189693,37.67735571426006,-2.4088615041910515e-12
1993.0984491289546,37.738830205381575,9.841231835157008e-12
1996.4636493271717,37.86248524337043,-3.205839799521489e-13
1998.046998570867,37.920737932979236,3.37611844836714e-11
1999.261188994446,37.96544025846278,9.14053023026728e-13
2000.0357752844338,37.99397205637597,-4.608913140397264e-11
2001.48897614471,38.047530362580645,-5.3781693815026806e-14
2005.8188402950657,38.2073398851682,-3.3186621721336764e-11
2006.3525503713356,38.22706232133213,1.892712338004737e-13
2007.83664875954,38.28193247942642,-2.8748238184972624e-12
2008.2193765406482,38.296089290304,-1.0239870151679472e-11
2010.9918702717184,38.39872230499761,3.9775974394307767e-13
2011.2418772131143,38.40798409761705,3.2823092297185636e-14
2015.8037130582331,38.577184690202245,5.0183119228175826e-11
2016.5949212357284,38.60656997513972,6.14863371909666e-11
2018.4385672459146,38.67508729416625,3.4433942594850373e-13
2018.7719098344255,38.68748233252728,9.731232018475798e-15
2025.1689676410344,38.92574760770507,3.577949825182826e-11
2026.6905218284196,38.982530496088835,4.6716189012456576e-11
2028.4182950955148,39.04706098312922,2.3474195955703673e-11
2029.4646551269725,39.086168148505486,2.41769442048487e-13
2030.642803109619,39.130224958900925,3.40137040311556e-11
2032.0503503309637,39.18289366824525,-4.4495091384291406e-11
2034.351635720742,39.269083586555574,1.5460351995926656e-11
2036.9062071875287,39.364874065622644,-3.432439298577598e-11
2038.1871113702907,39.4129502378458,7.74385981083402e-11
2038.4162843998602,39.42155497577816,2.88079364997895e-11
2039.1501357545612,39.449115331859126,-1.6363814182796858e-12
2039.6044959986434,39.46618415522445,-6.250535457399645e-12
2043.1389399463067,39.599091465156626,8.744052266479293e-12
2043.5567772794886,39.61481880327548,-2.475985073530356e-11
2044.9198580116886,39.66614732765546,-2.9416784970630525e-11
2050.460633448166,39.87514453646793,-1.895793546563516e-11
2051.647912158364,39.92000208217541,-2.395073861571993e-13
2051.877085187912,39.92866364518996,7.860892387728964e-15
2058.3350051605394,40.17313758493398,4.6677653894988966e-11
2058.8986798761107,40.19451276351035,-1.44584089105855e-11
2060.221732352464,40.24470739124694,3.260125916732918e-11
2061.0623257222696,40.276614994945895,1.944917334028519e-12
2061.2224387450897,40.28269410948284,4.6500098830419295e-11
2061.228997016476,40.28294312167544,7.410377175458341e-11
2061.3699156953667,40.28829387989673,2.0634189176826427e-12
2061.39589451981,40.28928034980291,-1.9008714988591753e-14
2066.953065634139,40.50058344065219,-5.299001470163644e-13
2067.803496410987,40.532969983716036,5.0703852891944315e-14
2068.226252447638,40.54907455438834,-7.759478918017961e-14
2068.8709165630657,40.57363888295369,-4.748502465824274e-11
2077.0577969510778,40.886258304927615,5.625901051056077e-11
2080.3773435087364,41.01336836581277,6.029543761666144e-11
2081.093413878023,41.040814313446816,-4.142120645795256e-11
2081.7980072723817,41.067829584595735,8.076482556411231e-12
2082.394219083692,41.09069647048423,8.571974077255849e-13
2083.7790666157994,41.1438356655092,2.6996010212362225e-11
2084.8296386710476,41.18417164947885,-5.5301555614769024e-11
2085.1758435410757,41.1974683987229,3.8205276729696154e-13
2086.640747584555,41.253755653087374,3.24284418038658e-11
2088.718485326898,41.3336581324193,-3.891406263790702e-14
2089.4656794332523,41.36241202834255,8.744747374476335e-12
2089.7859054788323,41.3747382748346,-1.6524231001383512e-11
2093.4179607127894,41.51467675556618,4.3920311582877285e-11
2093.838144293038,41.530881578191675,1.1706428202145733e-13
2097.7827082034646,41.68316641744166,1.6215933129136766e-14
2098.8101000996407,41.72287721849912,-6.751142345450558e-11
2101.0987494158603,41.81140810173304,-3.1810060997141067e-12
2102.085180167835,41.84959555340111,-5.087842520708826e-11
2102.2052649349175,41.85424558935492,-2.002853451450369e-11
2107.855128631704,42.073325208093316,-5.316396554802029e-11
2107.992768174859,42.07866966815632,-3.6224600064567035e-11
2110.4899828177663,42.175695601808194,1.0785622204321344e-13
2115.917005547065,42.38695139938227,-5.719745733943442e-11
2122.396466108153,42.63988562838531,3.4875609980923935e-11
2122.7709960497386,42.65452953833928,3.4768956539675857e-12
2124.10176589455,42.70658279198947,1.299799456601727e-12
2127.8195030220027,42.85217548287681,-7.381754434704193e-14
2129.0877711314724,42.901901187123556,-3.3349298799499705e-13
2131.175572489469,42.983823329493454,-6.347679698061824e-11
2132.568844069512,43.0385378530962,-1.1720297099460781e-11
2136.4977189798924,43.19301947060886,-1.626932639778098e-14
2136.857973281064,43.20719874142828,-5.467273559306987e-13
2137.3383123492913,43.22610815471176,1.2763906497866118e-12
2137.562566675177,43.234937785801264,-1.0753067094709546e-12
2137.9319517040626,43.24948371011743,-2.434945688083837e-11
2139.232530700143,43.30071890209332,5.432602104128829e-11
2140.677533719851,43.35768009524559,2.0510132633924342e-13
2140.8610531106883,43.3649170773952,-1.906533738969199e-11
2141.744953871442,43.39978188793564,-4.481085658885572e-11
2144.1728822980294,43.495623784916255,-6.988724622970411e-12
2148.535283540139,43.66810136605059,1.1652506900368337e-11
2155.501641439516,43.944259253207186,2.820454544665644e-12
2156.1821217860956,43.97128253979085,4.824748103228858e-12
2157.290276872629,44.015307933420026,-2.6668364625732186e-11
2157.602785549078,44.02772753879053,-4.17541794744761e-11
2160.9223321050904,44.15976278932873,-1.6880997747452206e-11
2161.2556746932955,44.17303273461705,-3.200557573319125e-11
2162.805780160117,44.23476735551913,5.6073484701639134e-11
2165.3746272652043,44.33717191439066,4.1043567130636174e-11
2165.720832135063,44.35098232555035,-6.500924305667174e-13
2167.2882661687877,44.41353624886391,-6.68307425171669e-12
2167.7292836606102,44.43114474859391,-6.484547687573014e-14
2177.041167226777,44.803776667683294,2.9871124119115086e-11
2178.3276967913093,44.855385067434966,-1.2035094538081564e-14
2178.5879935577673,44.865830432164984,1.4661770802217467e-11
2179.7153429880727,44.91108388104161,3.201850656369717e-11
2181.6339005950354,44.988151401966384,8.02223472058722e-11
2182.0166283757185,45.00353350192133,-1.1125211707486862e-11
2182.82117930427,45.03587777022293,-4.167492728351027e-14
2185.852104021729,45.157832990827224,-5.5724513562262014e-11
2191.221769926004,45.3743075289188,1.7817086244256904e-11
2192.7566668636987,45.43628349553074,5.889889798836346e-13
2192.8559177189572,45.44029253380308,-5.2124497174902e-13
2193.3437479468985,45.4600000905127,-3.465892994444598e-11
2193.7906170306774,45.478056729920155,-6.759629091173567e-11
2195.6375421745,45.55272445490448,-1.2926848470688092e-12
2196.4619941262627,45.58607578848964,4.245061822544199e-11
2198.1256260884093,45.65341236981947,1.3642046189230814e-11
2201.407264426067,45.78638827812965,5.811582994973589e-11
2202.5154195123155,45.83133685127538,1.0039507453556518e-11
2203.239207250075,45.86070707178064,1.6007859873403882e-11
2203.879659340802,45.886703704110104,9.318864769292655e-13
2205.2961110792235,45.94422582281305,8.75155113741366e-14
2205.4428813500135,45.95018827808962,-4.7409488708565565e-11
2206.0433051850623,45.97458427264868,-6.749997845233392e-12
2206.303375742352,45.98515333588185,5.004909365003377e-13
2206.5636725087697,45.99573283961634,1.0404201442822424e-11
2215.0857612551267,46.34279401999035,-1.396574233758564e-14
2216.5359091868777,46.40198433686042,3.4169974112419714e-11
2216.8067500397106,46.41304347168031,2.443179573630201e-12
2219.7775192685394,46.534436384347366,-4.031947357779621e-11
2220.7782256602086,46.57536430493287,-7.166233409517426e-12
2224.9404856221113,46.74579462596996,3.5289794774900664e-11
2227.088442467035,46.83387095581857,4.576190685077694e-13
2227.659608341906,46.85730574648521,-1.872979334207665e-11
2228.0423361224916,46.873012332566475,-4.338824913879851e-11
2229.613982179854,46.937538669139144,1.1391739313479627e-12
2230.9314092719696,46.99166271251688,5.0319653098907124e-11
2231.444059226613,47.01273262408011,-2.648533191763e-11
2234.0255424032566,47.11890514187868,-9.642116193896829e-12
2239.6819643671533,47.35197443891831,-1.719144801868423e-11
2240.266472993874,47.376092346172626,-5.333320943597967e-11
2241.082953315341,47.40979237021314,-3.160477747165152e-11
2247.4538060797813,47.67316948425396,1.6898863100609655e-11
2248.2543711929998,47.706318485919034,4.311334520042201e-11
2248.274272216267,47.707142678027225,4.812671597804283e-14
2250.388052397289,47.794725492537836,1.1233436044810365e-13
2252.973747597855,47.90197365228077,-5.2875463259111386e-12
2254.517775262754,47.96607478089834,-3.541410868569997e-11
2255.657760765127,48.013430065742824,2.6066968870901704e-11
2257.438678828269,48.08745776174072,1.4716338702018245e-11
2257.9597528311942,48.10912837312197,7.736574686573585e-14
2260.0735330121106,48.19708831380078,-9.628833804055945e-14
2260.4068756001375,48.21096708685751,-4.95520586784015e-15
2263.8397224407636,48.354013303537364,-4.481676826840243e-11
2264.5026480108822,48.381662321175966,6.582606469219121e-11
2270.053260847297,48.613482574796016,1.8148833417059617e-11
2271.766758471524,48.68516110756175,-9.35325669522039e-13
2275.389456764909,48.83688281480978,4.0610480930093786e-11
2277.6432227358696,48.93139444731095,-7.915760526035932e-14
2277.9409753015148,48.94388769269628,-1.0338231354479461e-13
2278.541172927209,48.9690760372951,1.7478169454924464e-11
2279.822077108158,49.022853617149806,-6.257370950580023e-11
2279.851108859131,49.02407283868697,3.228196436827902e-12
2281.9522529672895,49.11235400877484,-4.313208889044668e-11
2284.306909361234,49.211383324421355,1.458332245573719e-13
2286.612406771787,49.30844412612447,-7.515900410417296e-11
2288.6093813211337,49.392595335491876,-6.232588986214365e-11
2289.409946434188,49.42635125653998,3.2245511888134626e-11
2291.0281790180907,49.49462027244526,1.3114433021715988e-13
2294.5928138091904,49.64517308682315,7.385460134459165e-13
2301.8566980596306,49.95268864235944,-1.6600701183257613e-11
2302.297008871782,49.97136038462138,-2.021656292625953e-12
2304.252315597482,50.05431991785726,4.110377064968773e-11
2308.204596872321,50.222221909209,3.187004401374971e-11
2308.5873246527526,50.23849634601139,1.2147408264680717e-11
2308.920667240699,50.25267301302437,3.1399982404759564e-11
2309.4543773160162,50.275375335025544,-2.5730417002646167e-13
2309.761260609324,50.28843154611302,2.5511696821106046e-12
2310.3682427154304,50.314260434604755,5.217675028849171e-11
2310.709302672366,50.32877652517739,-1.0928105713235977e-11
2320.811461519231,50.75971323206228,3.9582498000140784e-11
2323.295333407382,50.86595788212493,-1.13718725268866e-11
2324.6970290343506,50.92596389960936,1.1162043202110852e-13
2325.974427870199,50.98068034250709,-2.820531693108357e-11
2327.802158668882,51.05902212350445,1.4463524501466402e-13
2329.298893126838,51.12322228177363,-5.7727177808694667e-11
2330.353450995719,51.168480725069614,1.981515082974853e-14
2330.6462848577553,51.181051905321496,9.598324446236955e-13
2331.06717511682,51.19912323588279,1.1178329170314836e-11
2332.56156332755,51.26331260136042,-1.1185080430722335e-12
2333.5285735252646,51.304871100800874,-5.901291318246939e-11
2334.862848713401,51.36224156349618,3.886388930315409e-13
2338.121306889856,51.502484869038916,6.337229550959455e-11
2338.698324356432,51.527339954495474,1.94663333443258e-12
2344.020244631931,51.75687135252329,-3.2777883878446417e-15
2344.0679902565626,51.75893295551784,-6.224069067298444e-13
2349.797684248206,52.006639662127895,-2.7652338888850317e-12
2350.517259961263,52.037791174463464,-3.2019708958379885e-13
2350.9718464136804,52.057475820186625,-4.765594054580084e-13
2351.54465185605,52.0822850420882,-6.705750256822519e-13
2352.8995347466935,52.14099148395208,5.341317565193674e-12
2353.812467257438,52.18056749133316,-8.186700591956439e-12
2355.7935265979454,52.26650004938317,-3.031409140423825e-11
2356.554063455108,52.299509117426496,-6.973542547287206e-11
2357.9522537370485,52.360221626486776,1.1887113446330943e-11
2359.409892827645,52.423553874589,-3.634511505081713e-13
2361.7844502439907,52.52680867066398,-8.858317446714759e-12
2362.1545419518075,52.54291102261265,1.1561518557185095e-11
2364.0314317335346,52.624611624671225,-1.7758698942247662e-11
2364.831996846307,52.6594797912424,-3.327857564896465e-11
2364.851897869563,52.660346719588055,-1.0823340330498527e-13
2368.233946157307,52.8077814721954,-1.3935321028808896e-12
2368.5047870099397,52.819597439569144,-1.5547933224436874e-13
2369.3821294982845,52.85788251727595,-1.1936628260581304e-12
2369.5722071602822,52.866178909683946,-2.2434173822376434e-11
2370.054892475137,52.887249851123094,7.203655235513523e-13
2372.102665574897,52.976690201731664,6.219161967315393e-11
2375.3246008399865,53.11757067768041,1.3477728822531312e-11
2379.19753228163,53.28716931663764,-3.1533279550180004e-13
2380.888556425401,53.36130721926221,1.5156845559126019e-12
2385.4700670752213,53.56243455294355,-1.0981078939544157e-11
2387.931465483068,53.670649079462635,5.232381040668901e-11
2389.6433235385152,53.745976123474286,4.981374259393875e-11
2392.9684954735676,53.89244822716886,2.340332358179568e-14
2393.9291736087735,53.934803524026435,1.1040508472972393e-12
2396.6239570698285,54.05370444387497,-4.906302196397497e-11
2400.638740078238,54.231095311739395,3.8048473331010385e-12
2402.557297683127,54.31597051665231,4.720400045944852e-12
2402.8906402709335,54.33072419663632,1.6297210428443917e-11
2404.8810565478507,54.41886224526278,6.328613172483396e-12
2407.3557977073706,54.52854856280838,-5.026053180742861e-13
2408.4428926716596,54.576766817688316,-2.2984478865397557e-11
2408.503981048155,54.57947704751109,-9.105975295857738e-13
2413.9668200006595,54.82211776653505,1.3107369170576649e-14
2414.073562015673,54.82686435927722,4.379768653464307e-11
2416.2147343781844,54.922122118554995,2.2593288742823407e-11
2420.549743431296,55.11523917320589,-1.1811436614050822e-11
2420.8299412206998,55.127733404119056,-3.1727327228699896e-11
2420.850775132436,55.12866246173229,2.029010309064034e-11
2424.612978743278,55.296563478122316,3.2673701813696674e-14
2424.925487419318,55.31052195937057,2.180269121416992e-14
2425.7401019631175,55.34691590772471,2.5966625176094337e-11
2427.4870695703908,55.42500513991805,4.502712653342706e-11
2429.1678038885025,55.50018681371022,-6.62496015629955e-15
2430.82629093615,55.57442434233446,4.8083943569942485e-11
2432.127096139473,55.63268669963361,-1.1180088044464802e-12
2432.189597874679,55.63548690315115,4.5335892506987993e-13
2433.2701345674814,55.68390849713703,3.5939066543566525e-11
2437.0765784579316,55.854656247915955,-3.620610288312776e-11
2441.8825696413523,56.070622470164736,-1.9014927004963893e-12
2442.256166693857,56.08742857673023,-1.1264301706081092e-12
2443.4425125131324,56.14081289031319,-9.836172843953551e-12
2446.93107660563,56.2979448126635,-4.456262173513459e-14
2447.3021012017985,56.31466969372017,2.3367753290740874e-11
2447.515585231797,56.32429418078462,-2.5908470266051207e-13
2447.644800726374,56.33012000263278,-1.1747049075557345e-11
2448.011839507496,56.34667002498765,3.0263715109871424e-13
2454.7422398872013,56.65058821223196,-8.853913841224001e-12
2454.8464094458686,56.65529865368724,6.5431729047089465e-12
2455.869589316031,56.701576430333155,-2.2933177584944493e-11
2461.433544899589,56.95356817666864,-4.2434402834931073e-13
2462.774152149247,57.01436958044017,-7.199476768510092e-13
2468.4764539549237,57.273359555281196,-3.883315580317569e-11
2470.6176263169677,57.37076306537755,-2.2194569810932537e-11
2473.130049484251,57.48516273391077,-4.705423499588534e-11
2478.3620758384463,57.723768918163906,6.8375709702274095e-12
2481.451290262759,57.864889080919,-5.6805334789930896e-11
2482.1451133601595,57.89660818373528,2.016574256104042e-12
2485.786299314747,58.063215523565255,-4.5601613367362727e-11
2486.5040092504264,58.09608411670881,1.0780286973536162e-11
2486.5908502421635,58.100061772493945,7.130692753111407e-13
2488.6753724608798,58.19558270050395,5.1976574120740366e-11
2488.8212098429944,58.20226853328604,-2.476483135228569e-12
2490.2020715572567,58.26559277902431,-1.479192517077271e-13
2490.5890113615633,58.28334355788268,4.5000430013275075e-11
2492.8902967458953,58.38897149996113,-1.5635931058326286e-11
2495.124642161717,58.491620267350086,6.548880904992727e-11
2495.8584935147,58.52535442589414,-8.006802780650933e-13
2496.1527407352505,58.53888336067772,1.8032662603836364e-11
2496.7257723864036,58.56523485753158,-7.831798992026917e-11
2499.1143792326466,58.67514275170143,2.649212585107869e-14
2500.8679051107883,58.75589531652726,-2.04735289720388e-13
2502.0954382830223,58.81245881175355,2.5040997556023976e-11
2502.896483865576,58.84938515401224,-6.437418766800056e-11
2503.216709910505,58.86415013855898,-3.078483023698419e-11
2504.39087207524,58.91830457619163,2.3425056694921084e-14
2505.234518369731,58.95723071569876,-3.2740983330882526e-12
2506.13761347285,58.998914373408056,1.9303191238037737e-11
2508.9992944356595,59.1310986162504,1.9173176486447025e-11
2510.7177107616526,59.21054667753632,6.831550727743832e-11
2512.2809327687055,59.28286684137125,5.98873324999426e-11
2515.849553371507,59.448132492159914,1.887623502865239e-14
2516.316549687006,59.469776819933166,-3.9787687004350636e-11
2517.237199566129,59.51245883265872,1.6143214129493712e-11
2517.437340844199,59.5217395971093,1.462254042569926e-11
2521.5836855924367,59.714176012858005,9.440195532164545e-12
2527.4095775084998,59.985097152881245,4.802398180582558e-11
2528.060573684714,60.015409227978026,1.922844757985075e-13
2528.1708210444936,60.020543404762954,-4.708139587225636e-13
2530.544445570746,60.13113648046167,-2.9477260160016426e-14
2532.792359947256,60.23596809193742,-2.374266915636172e-11
2533.9264938562515,60.28889381767321,1.3587185573267043e-12
2533.9838506787764,60.291571072359304,-6.658076474146713e-11
2534.113999061797,60.2976462565269,1.138659949963484e-13
2537.002365528056,60.432552345038914,-4.716953429568734e-12
2537.428400699422,60.45246405077002,-1.5661509273970112e-11
2538.916004428398,60.522016754580946,-6.09796591320028e-11
2542.5887945894906,60.693912107684085,6.798283087825641e-13
2543.5859956349327,60.74062639054476,-3.57500882816368e-11
2549.839562289726,61.03399485415609,2.4639301274377973e-11
2550.222290069778,61.05197284312179,-3.3967051466465157e-12
2550.5556326573937,61.06763324483047,-1.5988604552516486e-11
2551.9566216037115,61.1334739456871,-4.441860024074737e-11
2553.4849602675777,61.205340792638395,-1.3291351708211686e-13
2557.299375786388,61.38489320140311,6.323800860309708e-11
2558.6268664928275,61.44744379621328,7.618291011776872e-11
2559.0671773045165,61.46819815632879,6.843905073825853e-11
2561.061579395283,61.562250426600386,-1.0517126544840731e-13
2566.5314290342358,61.82057434214211,3.663547637593215e-11
2571.6515684590436,62.06288194155759,2.1788657868881343e-11
2578.344513036396,62.380349832892335,2.427241033823239e-13
2579.1851064041075,62.42028020615312,5.2658532011657e-14
2579.7661096851766,62.447886981816396,1.1928215900804501e-11
2580.333289744145,62.474842935470924,-1.572915538853983e-12
2581.1769360384083,62.51494926107469,3.074490926646166e-11
2582.227508091191,62.5649110140534,-5.1298413836753213e-11
2582.640426719748,62.584553632352154,-1.3145383324631414e-12
2583.3405818791393,62.617867325315856,1.8171850812023134e-11
2584.7415708252984,62.68455411292643,2.6053129599265364e-11
2585.7961286931104,62.734774702310396,-7.548276755055108e-14
2586.8635488425575,62.78562868637979,6.599136840786497e-12
2589.855151978417,62.92826635316265,1.9793034864894234e-12
2590.4956040680763,62.95882411159732,-1.483619379189259e-11
2590.7247770970303,62.96976043262287,2.7091882215255125e-12
2591.1124235805564,62.98826143646013,-1.786256028191102e-11
2592.825921202523,63.07007381397209,-4.444638809991145e-11
2598.028915803532,63.318826591794206,4.384672903526214e-11
2600.120929181276,63.41898535013322,-1.4650968466777672e-13
2600.283614660012,63.42677757718734,4.531882925562422e-11
2604.0654930824667,63.608057482077996,5.237778329732065e-15
2606.988036211618,63.748326624996295,4.605909368529003e-13
2607.2548912489615,63.76114232539413,6.313828677960951e-11
2608.715809473845,63.83132610137721,8.011145456366846e-13
2610.139752369681,63.89977138549973,7.916828033102764e-14
2613.530931381957,64.06292706099578,-4.3650500056155945e-11
2615.6920047661283,64.16701067226049,-5.95780921316573e-14
2619.460992854777,64.34874200998154,1.707229682279732e-11
2619.474109397516,64.34937491432675,6.764878748120559e-11
2620.795041832308,64.41312927250846,3.3859135857528446e-11
2622.199790384208,64.48096425273569,-1.8474820491541118e-11
2625.977909200474,64.6635890821465,-1.4393969255476555e-12
2627.798855516532,64.75170298498197,-1.5173592154458263e-13
2629.966713381099,64.85668325909123,-1.2048956283713058e-11
2632.6858360963283,64.9884813701511,7.251433491955704e-12
2634.1690015915283,65.06042902492443,-1.0576095659103325e-11
2638.25892240409,65.25903907960051,-1.438731406453153e-11
2638.632519456331,65.2771966309379,1.5929779404159722e-12
2640.172561303777,65.35207283653236,-8.113112215136e-11
2645.515315484881,65.61217405522582,1.7547257950396745e-11
2653.797687100409,66.01642399551577,-3.125588764887969e-11
2656.098972483447,66.12897055622355,1.0860225727367099e-11
2657.3553111968317,66.19045416788846,4.0446318966843555e-13
2658.333317898016,66.23833669292428,-6.208123451108712e-11
2658.3827030904354,66.24075502476755,-4.915814016679893e-11
2658.6535439427757,66.25401856542098,-3.644955957793627e-11
2659.1872540173727,66.28015921723434,3.3558055955312266e-13
2659.6608086040137,66.30335789924074,-6.088822219133812e-11
2659.9344481218077,66.31676494484287,5.439719729368906e-11
2660.1636211507102,66.32799440355716,2.759458591202449e-11
2662.41832000674,66.43852603510135,-9.424390595366826e-13
2662.7724965059506,66.45589726609427,3.807188848791378e-11
2664.91366886655,66.56096417197112,2.410872306113037e-11
2665.304114015436,66.5801323425333,-1.73926780709544e-11
2666.6671947437017,66.64707224287727,-2.5440140063502576e-11
2669.5288757049575,66.78771865987441,-4.161553238656601e-11
2670.083419691254,66.81499093719731,-5.639215470808019e-13
2672.207970164256,66.91952800291818,-1.3317070477319048e-11
2672.4579771048675,66.93183489271526,8.293339494496006e-12
2673.0907118253763,66.96298715825486,-4.334487975773994e-11
2674.0120683833734,67.00836271256757,-2.094490689178785e-14
2674.30490224503,67.02278765579972,1.306271057909402e-13
2674.905099869796,67.05235821928994,-1.829963799710929e-11
2676.4102583741283,67.12654362257234,-6.66081764172257e-11
2680.6460165681706,67.33553725208462,-1.0156339484342095e-11
2680.8625535245524,67.3462301325679,4.2607124062944835e-11
2681.396263599113,67.37258912787962,-3.136206496270439e-14
2686.1982689633824,67.60998765641384,1.8941801241607812e-11
2690.618253227063,67.82887548858366,-3.335586818861715e-11
2691.1884862123884,67.85714095223886,-5.1009764597603755e-11
2693.753121287622,67.98433953016377,5.236789494611996e-14
2693.815623022771,67.9874409501337,-1.249353727675511e-14
2696.0703218785693,68.09937025321484,-3.1814015697712554e-14
2697.5045545993207,68.17061814506708,-1.772978568420914e-11
2702.124680140799,68.40038818343005,4.235441960804849e-11
2702.3737541929036,68.41278640980156,1.697523378340569e-13
2702.840750508114,68.43603529148714,-4.8738202047891134e-11
2703.0685101782715,68.44737550566366,1.186548832282196e-13
2707.69004907839,68.67768956400643,1.8771116147343787e-11
2711.512408173415,68.86847382365885,5.3473716516690116e-12
2711.949920319434,68.89032840151849,4.4067481868369434e-11
2715.1652973092246,69.05105088010244,3.08516378618011e-11
2719.316560758307,69.25883584484093,-2.137584279809441e-11
2719.7877690976625,69.28244149884436,-9.39504887864453e-13
2721.6688709011405,69.37671793407966,-2.5814612771857175e-12
2723.8325167409175,69.48523542084337,-4.8734690205877954e-11
2724.1660855374757,69.5019732097229,-1.8275009368621516e-13
2727.061010273332,69.64732059789395,8.968529037601942e-12
2729.7401047321714,69.78196919454322,-2.544572140690136e-11
2731.000655469447,69.84536894819588,9.629946105784845e-12
2735.2654454137287,70.06008479351495,-4.185495583217447e-11
2737.5877909170463,70.17714689430893,-9.100949608583664e-13
2737.664342083408,70.18100728816033,-6.073754460063769e-11
2737.900299592751,70.19290705340194,-3.001776737593006e-13
2738.1605963586203,70.20603548123435,1.0675703574075648e-11
2738.3607376365467,70.21613073248943,6.328136702380394e-11
2739.1952532026994,70.25823217222032,1.1965184575750356e-11
2744.143802627505,70.50815083765515,3.016041867021392e-11
2744.851675155525,70.543937699032,1.567506688897574e-11
2745.6522402672153,70.58442180429645,3.253398485072178e-11
2745.8491024094533,70.59437881515862,9.130313772761363e-13
2746.5492575684907,70.62979746501458,-1.7226212595145923e-11
2751.5954182803894,70.88533395288351,-6.869143777211016e-11
2757.3386812246763,71.17674227967184,2.9449892930574806e-13
2758.5184687713304,71.23667893413882,-1.2104738773032923e-11
2763.4922903408733,71.48964550281872,-3.1476802388958606e-11
2763.7621983046465,71.50338594914214,4.995921407269993e-14
2764.375032001759,71.53458900530019,-3.584415680172135e-13
2765.8759784815315,71.61104045593868,9.786739985028075e-13
2766.7432573524793,71.65523465102224,-3.223029295648279e-11
2768.4616736770536,71.74284144235571,7.056286865274948e-11
2772.146873698875,71.93090048146864,3.5234057442224637e-13
2773.641261907249,72.00723173356901,-1.1827737575781695e-12
2775.5614590775385,72.10537309899003,3.984271438125856e-13
2777.2489778741824,72.19167833543227,3.31861958795622e-12
2778.9006804394066,72.27620261124797,1.0584298344888925e-13
2780.350828368005,72.35045395356045,-5.217911957670346e-12
2781.9224744220523,72.43097005728393,-5.91267968829498e-13
2782.6696685262204,72.46926509085735,-1.1857777874804951e-11
2785.0999431937003,72.59389213546015,-1.0331553756203672e-16
2786.127335086922,72.64661059244737,-2.0542359187550346e-11
2789.035602574137,72.79594765090107,-6.401378123849447e-12
2790.589693852121,72.87581278729051,4.7102560664293744e-14
2796.6599673209175,73.18819191983786,-6.408826875550938e-11
2797.4401789910144,73.22839120764567,-4.4774084259648404e-11
2801.6501845683592,73.44549920823866,3.101716851715269e-11
2803.2342404856927,73.5272727578409,3.6441660430408986e-13
2803.3812369652733,73.53486348507222,5.635055885176782e-11
2803.874692574943,73.56034786959546,3.895315117082732e-11
2805.998310158647,73.67007272632165,6.090469741497346e-11
2807.466719542525,73.74599231608535,2.508696403580958e-12
2811.2289231485565,73.94068672634346,1.7171973577986276e-12
2816.788666701573,74.22888135754675,-6.4036518582951125e-12
2818.2093304608534,74.302614161179,4.507704545823576e-11
2819.9794782247845,74.39453729378319,-1.2358969260628518e-13
2822.1875905528464,74.50928467539352,1.350604479944348e-12
2823.154600748913,74.55956487637924,5.025752373615342e-11
2824.075250627161,74.60745055480025,4.7929097503526014e-11
2824.4888759347787,74.62896949341729,-4.692833334681029e-13
2825.6269956578017,74.6881966637248,6.545809516856895e-13
2826.5497655741156,74.7362346554036,-3.4611978427579474e-13
2828.1108675415658,74.81753895198074,2.2687495991216392e-11
2828.324351571302,74.82866097756326,-2.3505672746959576e-12
2828.4650440406103,74.8359911896805,1.0368627316312153e-11
2828.491022864969,74.83734475113883,1.412606483020215e-12
2833.6940174623705,75.10868430899096,7.515579200045036e-13
2834.8152890886986,75.16722466733177,-3.491405676365004e-13
2836.2993874715207,75.24474342449761,4.108902020284512e-11
2837.215825325572,75.29263189025713,-1.5478441793762296e-13
2839.8113579276514,75.42834541875926,-1.906033688664489e-11
2840.5978736079214,75.46949474132376,5.754458794412768e-13
2843.6660279078897,75.6301249077966,-2.446534686420275e-11
2845.591369990474,75.7310128273375,1.0442326648378279e-12
2846.727850145594,75.79059643339154,5.751103364424805e-11
2849.0359200078747,75.91167760064883,4.3886680991336655e-13
2849.406944603567,75.93115067754039,-1.3156205759372913e-11
2850.350774640659,75.98069864799577,6.193372040533318e-13
2853.1913954796128,76.1299209054216,-3.1162710266262356e-11
2855.0465184580544,76.22745365116727,4.13137542849314e-16
2855.772878650372,76.26565917344237,-9.235534362426469e-12
2857.193542409511,76.34041217804891,-3.433244777697023e-11
2859.0081566621316,76.4359482855171,1.4413434307235704e-12
2859.182319115635,76.4451208089947,-6.684463163842404e-12
2861.0959580141284,76.54594223295892,-4.7736716929519954e-12
2864.965384104732,76.75001179475942,3.374806887776118e-11
2865.5824298258476,76.78257965049397,-3.0157037709372844e-13
2866.6498499744266,76.83893496226288,8.958818287765469e-12
2869.3338631357897,76.98073235017242,1.8575311699048776e-12
2870.51458357058,77.04315226694341,-1.8301791670309675e-12
2874.7210838023257,77.26574164970809,-3.714060738824896e-12
2877.2723761244224,77.40090354894983,-7.717315503178523e-11
2877.9184535964328,77.43515034965434,-9.89581779644045e-15
2878.282919920734,77.45447310547063,-2.652340035599998e-12
2880.339823744752,77.56356897139655,-1.1235173493083104e-13
2882.954776899542,77.70237566617097,-9.009564095928579e-13
2883.555200733093,77.73426508840636,-1.3331306063249165e-12
2888.7244991364437,78.0090890843776,-3.7025865486571755e-13
2891.006816383254,78.13058434635313,-3.729229082941595e-13
2894.2142497934083,78.30148876357222,1.6899656802191728e-11
2895.6152387383177,78.37619832074455,3.661446149663692e-11
2896.052750884123,78.39953663329989,3.490469940779858e-11
2898.130008149528,78.51039236584838,1.099534338631432e-12
2900.2885090756454,78.62566798882749,1.855915126149741e-11
2901.56941325383,78.6941157758809,-4.39525108577604e-11
2903.592847093529,78.80230376584616,-8.175098131773361e-14
2903.699589108376,78.80801309093575,-3.72990739255729e-11
2908.862555449239,79.08441598304717,3.619387238662036e-11
2910.0898624108477,79.1501929257374,-6.261012544433486e-13
2910.79445580288,79.18796781625338,1.3716114623320195e-13
2913.612603161869,79.33914668731771,2.0956373985856596e-11
2913.826087191561,79.350604950282,-5.817852878358775e-13
2914.2390058197298,79.37276978767565,-3.945292798046566e-14
2916.1266658936124,79.47413647735954,-5.077447832341658e-11
2918.045223495364,79.57722961157816,-1.9531729872313095e-11
2918.2486439088802,79.58816432395773,1.531067080295321e-11
2919.3682759671333,79.64836295248874,-3.315215598214956e-11
2924.044344969647,79.90002814064324,-1.9363742087406973e-12
2927.5837076080898,80.09078381050664,3.397845664484632e-13
2929.5614878092183,80.19747773626747,4.5463727148182534e-11
2929.951932957828,80.21854932417551,2.238572942944265e-11
2930.34777728019,80.2399151620049,6.970709193867867e-11
2930.668003324714,80.25720158841393,3.69445574109769e-11
2931.6687097138497,80.31123384577344,4.758461809608646e-11
2931.8821937435323,80.32276311475825,1.3601399771336458e-12
2933.197048376053,80.39379074170671,1.822712336995769e-13
2938.952721181053,80.70508341655179,-8.589487935015927e-13
2947.8650288446333,81.18830513023997,3.957122866882347e-14
2948.612222948492,81.22888416791756,1.2205455798819839e-11
2951.059571920758,81.36186818043002,5.123841924348562e-13
2951.5462430497573,81.38832606056168,9.128154740260723e-12
2953.798369447714,81.51081974210744,-8.367867999351548e-14
2954.225337507057,81.53405317031637,2.490609030834011e-11
2959.3180847432322,81.81143345650091,-8.972779993570688e-12
2959.8686429140666,81.84144863517253,4.451277312014603e-11
2964.4536589003646,82.09163014650797,4.607821641778915e-12
2969.256370940443,82.35410551094515,-6.908504454615932e-11
2970.9747872641533,82.44812273303033,-6.924869893090107e-11
2971.6241438717025,82.48366420125289,-9.290881420109794e-16
2971.771140351223,82.49171089048872,-2.434949771649935e-12
2972.271154232053,82.519084976777,2.6310527851799738e-15
2972.531450997768,82.53333717619867,-6.392143361919958e-11
2976.9214706187777,82.77389482681131,-1.6742465981997683e-12
2977.5317318592424,82.80736310374365,1.9788741660214683e-13
2978.849158947952,82.87963754298437,-4.286409125605822e-11
2981.543009515653,83.02752250579918,-3.54641475245634e-11
2983.9018779282874,83.15712764791965,1.2276303472294668e-11
2983.9643796633886,83.16056312326181,-4.0309876122894786e-11
2984.4980897375303,83.18990200441081,4.26314146988547e-14
2985.7787677063416,83.2603242856751,-1.5356754616618837e-11
2988.7404061995544,83.42329541886873,-1.6522915794239233e-13
2990.4054515157754,83.51498941195621,-9.280288183033913e-12
2991.319543122293,83.56535012191627,-1.5757660739649277e-11
2993.850001531999,83.70484277714336,5.956703204082335e-11
2994.0168990347297,83.71404722319578,-2.8284887983120608e-14
2994.3710755336338,83.7335818604089,4.317758745338291e-13
2995.75872172637,83.81013987487628,-4.548193610444045e-11
2996.4848557093214,83.85021564721058,1.8511014704156844e-13
2998.060007107352,83.9371825889027,1.580322836439442e-11
3000.294352519928,84.06062321368528,-5.970911414624009e-11
3001.8954827422954,84.14913723305303,7.915589250485755e-11
3007.2651486311634,84.44632898848687,-2.5308875609528786e-11
3008.378222417829,84.50800009162316,-2.4916662982913033e-11
3009.6788014097897,84.5800890438319,6.156182914760006e-11
3013.72097659379,84.80433906883114,8.814322538628831e-12
3014.1690047739025,84.82921310882756,-1.9378254829571545e-11
3014.3148421557976,84.83731064022774,-6.4464013267280405e-12
3017.7968479710785,85.0307632292765,5.684876451342485e-13
3018.5637168889098,85.07339879096936,1.934203079076877e-11
3020.4022179791064,85.17565793463851,3.254522663567057e-11
3020.84580792592,85.20034014454139,3.759597529590206e-13
3021.4862600148385,85.23598254255569,4.937076597269869e-11
3022.180083111167,85.27460366688575,-6.488660162641751e-14
3022.607051170445,85.29837492016222,-1.4778918365424983e-11
3024.3046335822555,85.39292026991498,3.3155589272259413e-12
3025.4385412805805,85.45610182662095,4.416648066778598e-11
3031.701945334148,85.8055266510915,-2.9527004129175674e-11
3032.5792878207103,85.85452982104191,-4.853746288645995e-11
3037.734536791112,86.14275802009432,-8.396123859715359e-12
3040.9838642327322,86.32467832839544,-2.6975904112652006e-11
3042.2177294653425,86.39380977042097,-1.0520980330699488e-14
3043.1109871600615,86.44387503192,1.604865355969658e-13
3043.5484993057203,86.46840205275755,1.995939757580228e-13
3044.085714724603,86.49852328248132,6.163151501260882e-11
3045.8031981595514,86.59485684198427,4.1490047485031096e-14
3047.4331339235364,86.68633010936313,6.9836267898118e-11
3049.0342641457432,86.77623443563475,1.5003086246717908e-11
3055.2049756153997,87.12316492321767,-6.864752956066348e-11
3055.5511804841817,87.14265007554025,-4.2399080574318396e-13
3057.1263318820156,87.23133084795914,4.489329939712424e-11
3058.823914293704,87.32695563714063,-2.5430554677491944e-11
3060.440507305795,87.41806764077228,-4.0031755837053547e-13
3064.442654233813,87.6438377884564,-8.898971731678313e-14
3065.1898483374844,87.68602138004636,-9.420895785442237e-12
3065.710215659683,87.7154053135929,1.4054193999382394e-11
3068.158045101562,87.85369547335269,2.0129233110892154e-14
3068.9728858529666,87.89975439961242,1.773630267284597e-12
3069.049437019267,87.90408208773346,2.4811903893494525e-11
3069.3921365432316,87.92345733741129,-1.0157986993795528e-11
3069.9593166014683,87.95552882677924,1.8992077334814805e-12
3071.7011392928302,88.05405813341778,-3.702688383825153e-11
3075.2486997693395,88.25490504452358,-3.3333957822746183e-13
3075.4221555434024,88.26473127459255,4.707713186573635e-13
3075.8957101295487,88.29156085597123,9.428999701697952e-12
3076.450254115284,88.32298420206288,1.7776997776007403e-13
3081.4364855444533,88.60578446481543,4.2107052510948264e-11
3086.292342381619,88.88163055033435,-7.100007629829714e-11
3087.810136956915,88.96794082726345,1.3285781298209802e-12
3088.5102921153834,89.00776986298884,-1.6567791247216922e-11
3090.223789735139,89.1052820035618,-4.568837929464559e-11
3091.2244961239317,89.16225546327092,-7.332945665103436e-12
3094.877385256394,89.37038285402909,-3.3049789852809e-11
3095.8944873235814,89.42837711489551,-3.3616580322903827e-12
3098.341836295084,89.56800088197096,-9.672954911514026e-13
3104.471812829221,89.91820659444627,-1.2113352989036395e-11
3104.652759763119,89.92855461497535,4.764155619498403e-11
3105.4533248741304,89.97434469036617,-4.5802682034637726e-11
3108.313846734686,90.13805496135922,-4.613532923480904e-11
3109.607867455018,90.21216246095537,6.743508132566703e-11
3110.7127434022495,90.27546220721864,-4.9201572565243414e-11
3113.664318278528,90.44467195517794,3.6010026152259196e-11
3114.7549185854173,90.50723518095405,-8.652920870556425e-12
3115.6088547038125,90.55623725561489,-1.2763184938961774e-12
3116.1516955054944,90.58739449139776,1.1870098742741926e-12
3117.2998788439418,90.65331423513773,-1.6095776824002516e-13
3118.6397794118066,90.73027159414123,4.982822709665735e-11
3124.6307030443268,91.07476555605986,-1.7254501749809223e-11
3128.2585462406923,91.2836975380757,-1.9234090303353453e-12
3132.4650464700812,91.52625862347992,4.7982739903727166e-11
3134.8328194005426,91.66293582157752,1.6505240635398464e-15
3134.94891835215,91.66964016728663,6.73563439020523e-11
3137.9171151158225,91.84112842178062,4.745882401689604e-13
3138.0638853861647,91.84961231891945,-3.810715455770764e-11
3138.1046203210703,91.85196702823481,-8.049198918506603e-14
3138.9686200555957,91.90191829254296,-9.074366309221797e-12
3144.8542150318044,92.24255385344163,-1.9837765576544323e-11
3145.3422714673466,92.27082933014219,8.199663968468415e-11
3152.626056722179,92.69333572389819,1.950008511527615e-11
3154.5396956194572,92.80450119542222,-2.0530465971908416e-11
3155.7311863490468,92.87375033001047,-7.069393135592662e-11
3158.7953548318687,93.05195911706792,2.365998720291929e-14
3159.709446438076,93.10515520813783,6.808912991071146e-13
3160.0636229368633,93.12577085205788,1.1758860830934478e-13
3163.6380951255915,93.33396042722326,1.3062694786912292e-13
3165.579126205884,93.44711136836982,-5.717926844297251e-15
3167.1610620838683,93.53938045607183,2.2518125664598677e-13
3167.5880301430243,93.56429199087462,9.524886528957204e-13
3168.0672101119626,93.59225383895453,-3.192773034038479e-11
3169.8558455390303,93.69666440997247,6.257728349723636e-12
3171.586897934532,93.79776972085664,1.7305721931605255e-11
3171.7826009789683,93.80920359141821,7.213756650213217e-11
3171.8369048748464,93.81237639943204,3.156653349990738e-11
3172.30296830106,93.83960927195406,-1.8810674609091386e-11
3172.7432791120605,93.86534105143043,-2.5397358761512447e-12
3173.1035334119692,93.88639698187426,-3.17800921861018e-11
3174.511080627418,93.96868738755086,3.048449082041897e-11
3176.812366007579,94.10330763626652,-1.0592189526041232e-11
3178.260421948793,94.18806580189755,3.95180065545279e-11
3178.2864007731328,94.18958675710373,7.470250623454097e-13
3180.207530830165,94.30209561290063,2.61043456906208e-12
3180.6478416411587,94.327891504899,-5.3054601001351084e-11
3183.7134234825535,94.50758957742283,2.0168326353671552e-11
3186.017507528126,94.64276417460779,1.6963383475556296e-11
3186.948701492046,94.69742264173914,2.018569581458653e-13
3191.257731711598,94.95055857058418,3.6515036984140206e-11
3191.3679790711894,94.9570395889825,-1.9143688957806737e-11
3192.6945368870206,95.03504037766564,-1.4326555349134813e-13
3192.9213636684353,95.04838089901627,1.2988352520443404e-11
3198.0349448138513,95.34938102719671,2.0784567563278885e-11
3199.59816681812,95.44149291230758,-3.8151092861179765e-13
3201.3594100620307,95.54532700421161,9.905622686496085e-12
3207.028948551681,95.8799626578498,-1.9155633463815147e-11
3208.0170188677635,95.9383425522379,-9.57408485887912e-12
3210.641809427807,96.09351500597774,-6.619998971068302e-11
3211.331646708844,96.13431788874483,3.253238319852392e-11
3212.242939649514,96.18823299398645,-1.0420276553744969e-11
3212.4721126781187,96.20179403579394,2.5947087416679632e-12
3216.6821182516655,96.45108824765488,-5.404336764530819e-12
3216.9279131677963,96.46565300685845,7.908152747906034e-13
3218.556435572536,96.56218041748863,-4.909298259729825e-13
3222.838073608794,96.81619902363062,-4.130867626130301e-11
3227.0003335577517,97.06345893779532,-7.135419864524574e-11
3227.213817587307,97.07614960463097,1.0988535343609676e-12
3227.651329732813,97.10216036016422,1.5808913470315002e-13
3229.1014776599905,97.18839904925743,-3.0298121296799935e-11
3235.5257014126396,97.57090643266989,2.286455689390172e-14
3235.878690761791,97.59194595234764,-3.0089816306529024e-11
3236.5931215603973,97.63453579309875,9.028189018336082e-12
3241.221444935413,97.91067488144947,5.849510242408085e-11
3241.9552962869902,97.95449480744266,-1.3192998604637358e-12
3242.5489356396106,97.98994961568646,7.812716704329946e-11
3243.5304476842725,98.04858416254476,-6.395513592613173e-11
3243.809486375444,98.06525689424932,-2.208519271189515e-11
3243.947125918077,98.07348146895646,-1.9615691935476142e-11
3245.211181998715,98.1490307596718,2.376594041505481e-13
3249.3135126687644,98.39441898312397,-3.742291903383926e-11
3250.453498167734,98.46266429083833,2.4817309835182537e-11
3251.581328064441,98.5302054599945,2.1709249343692353e-11
3253.388224946609,98.63846204343002,-3.1157454643250326e-13
3254.433171614806,98.70109536316046,5.093025578330894e-12
3254.6822456666005,98.716027643612,1.8101265110541329e-13
3255.916337107842,98.79002972582266,-1.24425601649163e-11
3258.635459819077,98.95318045863335,-5.818852110401106e-11
3259.822738524284,99.02446136992432,8.165004653782302e-13
3262.4199106919164,99.18047889061539,8.488695424297205e-12
3263.267288538725,99.23140951946979,1.4280768451480034e-12
3264.5343975458736,99.30759226328057,-6.3657072468029e-15
3266.5624958265125,99.42958972750884,-8.904798895370302e-13
3269.2036820646917,99.5885802411286,-2.0491371250108235e-11
3269.54474202069,99.60912026954462,3.2678884962632626e-13
3271.485999309749,99.72607154692598,-1.7405537588706461e-12
3271.9129673688267,99.75180360176886,3.257326001066168e-11
3273.336910262432,99.83764454553844,1.5033803133031603e-11
3275.3273265346984,99.95769735211711,6.475405919327007e-12
3282.6686948194056,100.40112609467369,2.2453166766325606e-11
3284.2056837380087,100.49408802322937,3.069922091444016e-11
3286.6336121557038,100.64102544121995,6.529435310728497e-12
3288.4145302134307,100.74887504516477,-2.4364660754329587e-11
3292.4166771397777,100.99145195541142,-3.6541473385378065e-11
3297.472901461902,101.29834012789216,-5.869029039301e-13
3298.1575938301908,101.33993382113357,-4.678154938882522e-11
3300.8549497410636,101.50387682508166,-2.073322068537838e-12
3301.829677305143,101.56315290590774,6.476983210823658e-11
3303.3830619020955,101.65765501133367,1.1564803172811651e-11
3303.9039096942993,101.68935139224583,-7.324716834357875e-11
3304.864587827172,101.74782691653027,1.8928804581590973e-12
3305.984219884577,101.8159992609666,-2.1325726817127948e-11
3307.158382046973,101.88751664966274,-1.7328966401143055e-13
3308.06289050701,101.94262693869814,1.8804715581851183e-11
3313.8887824118674,102.29795058431802,-1.2356204747374843e-11
3320.7701650711474,102.71845444917362,-3.6619849423534525e-11
3322.0040303031274,102.79394505257847,-4.203140494939882e-14
3324.094630318638,102.92191659761941,-5.4958036232525964e-11
3325.1885097608033,102.98890813847615,-9.059116928873057e-12
3325.949753295324,103.03554134438536,1.1101090645623924e-12
3328.324310705475,103.181073525394,-6.235828175335416e-11
3329.4373844914803,103.24932748969874,1.6230789154535506e-11
3331.892931301169,103.39998294664622,-6.771334643608039e-13
3333.2805774930343,103.48516848800577,-2.2928619898841663e-11
3333.6972557267763,103.51075467124045,4.678768061931212e-11
3334.2309658005693,103.54353188220163,-5.559514748072025e-14
3334.480972740814,103.55888758517833,2.5454794836037043e-14
3339.9768011941164,103.89673829683004,-7.477738147645431e-13
3341.063896155768,103.96363231444545,-2.514768561616862e-11
3343.416206295461,104.10845543312442,-1.813040759863418e-12
3344.2989479552757,104.16282890570234,-8.628433210713553e-12
3344.6725450069243,104.18584536234606,-2.576516499902637e-15
3345.699936898958,104.24915387515492,-1.4955423917921344e-11
3346.3403889874967,104.28862876034817,-6.384020022135353e-13
3352.0707896429967,104.64216380542281,8.481553652428495e-12
3352.1033267386883,104.64417289707694,-5.141821525033354e-14
3356.950279054985,104.94367900889537,9.94426536052888e-12
3358.3068015098165,105.02757965603075,6.494318330282885e-11
3358.4446672615495,105.03610852323061,-1.60351679062001e-12
3360.745952640999,105.17852594532218,5.571603885882421e-13
3362.363252331578,105.27867257752698,3.1300056623358215e-11
3364.5814282733963,105.41610510291453,2.7907273870980826e-12
3365.0238591223238,105.44352783200102,-2.487007143344055e-15
3365.8911379921938,105.49729393399068,2.888480886775322e-11
3366.265667932314,105.52051683357121,4.82437294950077e-12
3368.158953387443,105.6379504065545,-2.2812728337913763e-11
3369.9510941587146,105.7491711771671,-8.922913078121893e-13
3370.120337908525,105.75967755024514,1.2830964047482414e-11
3373.8956580530057,105.99418036347618,-2.5000859195526627e-13
3374.670244339314,106.04232600490668,-5.822842423291232e-11
3376.5838832358754,106.16131865194635,1.9750203350511213e-11
3376.8549502969167,106.17817942170338,-6.832002546100466e-13
3379.552079998329,106.34601858923209,-2.4163608512747413e-13
3380.6328428976826,106.41331078254218,4.502549906984546e-13
3381.9476975290936,106.49520738233228,1.0583386179868981e-12
3383.158156392949,106.57062977600316,8.772182173680748e-12
3384.4390605699527,106.65047093360202,6.467303655410034e-11
3385.292996687954,106.70371516261042,-5.210452629391907e-13
3386.762819428836,106.79539232689238,-4.99799860051401e-11
3386.7693777001937,106.79580147473148,9.715313755460638e-12
3390.20900901042,107.01049733681565,4.955790096491552e-11
3395.265233331769,107.32649379843926,-1.7112332770085565e-12
3395.4344770815724,107.33707909049951,3.622223481328411e-12
3400.784948622796,107.67199450057596,-3.700307484963734e-11
3401.3249907587656,107.70582800419008,2.080645248649599e-11
3406.3004518896146,108.01779214091906,4.186908122224868e-11
3406.4736814544517,108.02866194422191,-8.331696793221317e-12
3406.7716602282935,108.04736080020461,2.172872442972944e-12
3407.0181618237048,108.06283058056721,2.0934966907084663e-11
3408.8692989851193,108.17903875812848,4.6278973926024704e-11
3410.1733833209555,108.26094269306611,5.2204382497129e-13
3417.890921112045,108.74628935534481,-3.2156257062190706e-13
3419.1875142880217,108.82793818683913,-3.8713829103519684e-11
3419.812277377451,108.86729171138516,1.5827490270370334e-12
3420.1088708445513,108.8859765071869,-1.8788536671379546e-13
3422.2828065064855,109.02297957676426,4.2865450619183695e-11
3422.8230748515657,109.05704120250918,-2.2006646057429604e-13
3424.9815757755546,109.19317917599575,3.8690215021678794e-13
3427.745645445114,109.36763605956408,7.164993300003294e-11
3429.5134469597365,109.47928632006554,7.002257503588992e-11
3434.3870847791563,109.78739214792334,-1.3054093986778902e-12
3434.970434306307,109.82430015967634,9.94486052674394e-15
3436.8384195642943,109.94252811945591,-4.808929908495102e-11
3437.4910553069785,109.98384969556828,-2.467797708885486e-13
3438.5360019748737,110.05002674235347,-4.497373302434923e-12
3439.4798320108994,110.10981730569591,-2.28077777263903e-13
3442.09783808949,110.27575090993292,2.0098304290665668e-11
3442.1671243050255,110.28014410105888,-5.2417436562249276e-14
3444.9019360145094,110.45361936169444,4.8130935969090855e-11
3446.0100910968004,110.52395135533156,9.209082148083033e-12
3446.322599772053,110.54378963418036,-4.089812934686304e-11
3449.642146315396,110.75462791916681,8.494752118363197e-12
3450.4960824333157,110.80889779822532,4.683986242527166e-14
3450.6653261831057,110.81965527715604,-2.1831937174727924e-11
3451.0585980487685,110.84465447891498,-5.724291178433821e-14
3454.094441458592,111.03773050656278,4.0201917889534006e-11
3455.7278825662406,111.14168566418897,-1.8447597318481532e-11
3456.715952881933,111.20459210990542,-8.321750717940369e-12
3461.171046690534,111.48845328544077,3.4031012205443313e-12
3463.1654487772635,111.61564726769225,-1.5983210742624418e-13
3466.547497055575,111.83150654948592,2.021395371785653e-12
3467.0475109359654,111.86343782091086,-1.1788217804679526e-14
3468.1392703398274,111.93317442316116,-1.6147982137826525e-12
3468.435157127551,111.95207810083309,2.634941642588657e-11
3468.648414947899,111.96570376161208,-8.912626572273811e-12
3474.4260807566275,112.33517439311069,6.981720464329089e-11
3480.582036111274,112.72951253225547,-4.341130566368775e-11
3482.6562684998735,112.8625409267924,7.432711720026501e-11
3483.9772009322182,112.94729864283525,-4.46595891803471e-11
3485.1818082038926,113.02462036779082,4.157941984531965e-11
3487.3166484985845,113.16171785606477,-6.083149811194412e-13
3487.6499910855027,113.18313238947646,-6.188913048904554e-13
3488.3971851886427,113.23114093234808,6.291820565010307e-12
3490.9484775078436,113.39514348567779,1.9053624201995693e-11
3498.5461567405987,113.88424883186926,5.224015278356572e-13
3500.2802620617513,113.99603198952283,2.3163376933126776e-11
3507.5076233785294,114.46251560550118,8.178997059968172e-12
3508.0282169094717,114.49615400273379,2.890818207188585e-12
3508.4973332619898,114.52647045399536,-3.9491516240689144e-11
3509.8590006291693,114.61449060796292,4.4814439914431797e-13
3510.4718343253903,114.65411621200398,-3.2013587122805644e-13
3511.8061095095263,114.74041388869105,7.833987078611775e-14
3511.9727808029793,114.7511960870505,1.612448636624513e-12
3512.0329362908287,114.75508775510687,1.536763269381824e-11
3513.547932199614,114.8531200969037,2.5180520752013515e-11
3515.312002160091,114.96732279745164,9.134203361535222e-14
3515.961584976152,115.00939005538419,1.988075777950692e-11
3516.379422307393,115.03645348558005,1.225550636753564e-11
3517.8000860647967,115.12849429481916,3.705752581180009e-11
3518.884128099616,115.1987513373722,3.72499448831643e-11
3525.4469242804794,115.62455006016228,-3.5720060460451616e-11
3528.779587366173,115.84107927039271,-5.726319749390715e-11
3530.2739755723696,115.93823884142974,3.3580184151607825e-14
3531.8437558471937,116.04034442715749,6.561118018688639e-14
3532.1040526126567,116.05727968968152,-4.653460094378017e-11
3536.9940861097753,116.37566390254352,4.713771441860814e-14
3537.1134641969875,116.38344197445814,-3.1955321727408005e-11
3539.792558651555,116.55806726187343,-1.3717043414549768e-11
3539.975145153165,116.56997319272095,-4.2576711329388585e-11
3545.0180267216097,116.89904743121852,-3.2334701870468376e-12
3547.5594816335806,117.06506810795521,4.593762905322495e-11
3548.313007798891,117.11431511255043,-3.230346414506534e-13
3549.860767012411,117.21550234210936,-1.596155571994217e-11
3549.8804418264817,117.21678889852723,4.913336099677116e-11
3551.5480595974377,117.32586206304224,-2.236395900595432e-14
3552.6028436722045,117.3948783232044,-6.366546914177333e-11
3553.6962426437785,117.46644285313927,-7.99488587213154e-11
3554.0539244871534,117.48985842287787,-6.749122760745918e-13
3554.2039738930785,117.49968207866222,-1.5161833022517143e-11
3554.6831538617294,117.53105651654217,-2.0537267926656946e-11
3557.652283511922,117.7255553822582,-4.8296944430687455e-11
3558.598912213244,117.7876003578072,-2.1413455594244494e-12
3559.065908527662,117.81821482220454,2.556238268812925e-11
3559.1466717180606,117.82350975070925,-1.4625053422297096e-12
3565.9697646640284,118.27127350292847,1.9572326530310116e-11
3566.66078909428,118.31666963085537,-1.0312582715887566e-12
3570.605352987483,118.57597204885391,1.4161876127751415e-14
3570.6720667466834,118.58036005268097,-4.224496080106553e-11
3574.407811052837,118.82620422139826,1.4926899041613525e-11
3574.5618462737934,118.83634658485589,1.2603122006557661e-11
3579.3680636536933,119.15302887026735,-1.905295915874622e-13
3579.5373074034533,119.16418811856234,2.4800742444130703e-11
3580.0773495392905,119.1997998405825,-2.111306714532651e-11
3583.312627546831,119.41325461855472,-2.5501482128803165e-13
3584.380047694039,119.48372237616488,4.902335374244662e-11
3584.650888545875,119.5016057850178,2.5695101608710052e-12
3588.739650252905,119.77174768888057,-4.9951751924487176e-11
3592.722122363447,120.03516315846731,-4.8632371975931096e-11
3593.29235534776,120.07290439305986,-2.5363114814875115e-12
3595.886474587576,120.24467343824304,-6.224832056454271e-11
3596.394205836848,120.27830725867737,7.410469160532655e-12
3597.3071383448328,120.33879491471257,-6.112258388051681e-12
3597.5072796224304,120.35205761465184,9.175479983844837e-12
3600.76972360381,120.56835302216022,9.049570082177949e-12
3601.143320655324,120.59313448810751,3.7058230863181315e-15
3603.2903446039186,120.73560087679003,-3.0662543444966736e-11
3605.7117147491426,120.896373468575,-4.7419436597030306e-11
3606.216393071857,120.9298963792511,-2.2547255836332496e-12
3606.9259051665567,120.97703316698062,1.9432618063555968e-13
3607.5261027902166,121.01691483374466,-1.470633055419144e-11
3608.9270917333824,121.11003295111144,-4.534245332035389e-11
3609.531275172075,121.15020175987975,3.876756590253854e-11
3612.0551753078366,121.31807460913083,4.7443385217721946e-11
3612.1527865948747,121.32456941177166,-9.852429552952337e-12
3614.2672734477605,121.46530498035109,1.0168864621553331e-13
3614.5900719482333,121.48679698090335,3.7883389423892997e-11
3615.5907783362004,121.55343644757423,3.2231027157282945e-11
3616.995526885261,121.64701318448041,-1.5888800911796864e-11
3621.281376943165,121.93273792453648,-9.20393003430338e-13
3623.5018991313877,122.08090653071253,3.739720926398298e-11
3627.730646627969,122.3633290136382,5.019561556107942e-13
3634.598912741509,122.82273721794589,1.1483588586228105e-12
3634.9947570633976,122.84924114554838,9.203724386230563e-13
3639.6108967815094,123.15852986545242,-1.3418609592970093e-12
3640.1186280307543,123.192572629704,-6.806780342102508e-11
3640.551928151837,123.22162863262378,-5.6629124420440365e-14
3647.185876324166,123.66691612213134,3.101704968822452e-11
3647.205777347361,123.66825314908922,7.653384703895319e-13
3650.02392470282,123.85766074641245,1.808451006166431e-11
3653.1784395196905,124.06984912115377,-4.67936515260601e-11
3653.571711385249,124.09631539583839,-1.0600256010184555e-13
3654.4565450307796,124.15587304211957,-7.904213205268294e-11
3654.972474119211,124.19060659005024,4.320698887096373e-11
3655.1726153967943,124.20408188700658,-8.023571931289388e-12
3656.1866645365512,124.27236806513876,-1.0315086979314802e-12
3656.573604339879,124.29842962602088,-2.1015927686139946e-11
3656.7870883693017,124.31280959882147,-2.718611708310528e-13
3657.2540846836623,124.34426871620126,4.6260418970194854e-11
3659.7094052831167,124.50973700494062,2.547190882992743e-11
3662.744315803632,124.71441832381645,-4.247144478331413e-11
3664.044414323993,124.80215185563836,-8.8182106081695e-12
3664.515622662511,124.83395772693218,2.283427367935378e-12
3669.234772841237,125.15271903688947,2.381601499924354e-11
3674.2299087843867,125.49056909860505,5.075111693012765e-11
3675.6973852775063,125.58991040713752,1.2453686357947687e-14
3676.431462837754,125.63961891629287,1.7426860533918795e-11
3679.032620818893,125.81583781755394,-2.3504550786554353e-11
3684.9502724158033,126.21720128813543,1.6254609337192423e-12
3685.377240474634,126.24618525696079,-2.6379824065501256e-12
3691.139471543831,126.63767255925546,-9.727541681242503e-12
3692.3002909537663,126.7166129146644,-1.6876715094877262e-11
3693.6008699443137,126.80508696419895,6.312480838078053e-11
3693.8316825405986,126.82079163057968,-4.39265921181403e-11
3693.961830923303,126.82964745921757,3.549416736580814e-13
3695.9665228347253,126.96609431925452,-8.083329387349112e-13
3696.9960347643387,127.0361955382696,-3.9212227344872136e-13
3697.1430312436873,127.04620637152497,-8.281532572236122e-11
3697.643045123931,127.08026156525817,8.152177586768053e-12
3702.7933753854563,127.43131084848194,4.289381786519536e-11
3703.1838205335675,127.45794372533082,2.9570333128163144e-11
3706.7456566469696,127.70103181886513,3.7897707021253366e-11
3708.0396773661387,127.78940398337762,-7.53754427270191e-11
3708.182461821324,127.79915700840375,5.926929993852012e-13
3713.089117204898,128.1345388625467,-4.657345931273284e-11
3714.756734975521,128.2486255779594,3.9727977928705726e-14
3717.147207592586,128.4122543009356,4.1720740872947217e-11
3717.174119305387,128.41409701668502,5.883555450601858e-11
3719.388789901358,128.56578706015907,-9.619937339951141e-13
3723.2106965709695,128.82777446089176,2.55374443759976e-13
3725.151727649685,128.96093298399884,-1.4258283991518276e-13
3725.7963917620614,129.00517355398918,1.2500757629577323e-11
3728.9516132580097,129.22181348042096,1.7007914536516158e-13
3729.2849558448274,129.24471174852835,3.150967104052443e-13
3730.5948917721216,129.33471486883386,7.02340955798828e-14
3732.1700431683303,129.4429822781303,7.210648539020056e-11
3732.3158805500634,129.45300866463492,-1.8488331419785946e-12
3732.9563326382727,129.49704467593338,1.0161869248223672e-11
3741.8555237477044,130.10971448399087,-2.970443449559581e-11
3743.168738810659,130.20024703292032,1.9334621812494403e-11
3744.1568091259933,130.2683851688942,1.0321144289566232e-11
3745.6439604330626,130.37097424122436,-4.979842942305576e-14
3746.391154535961,130.42253376767363,-7.257286148842432e-11
3746.711380580063,130.4446338558199,-2.8234030023107076e-11
3747.992284756462,130.53305309783954,5.169693131863939e-11
3748.9791959741815,130.6011989809816,2.0132889898415662e-11
3750.153358135879,130.68229784875444,2.1350125855471014e-13
3753.3619506390905,130.90404345198627,-1.65292686776071e-11
3757.1295534127253,131.1646642961473,1.2734605333277996e-13
3757.1962671719107,131.16928152196178,-3.803062819752317e-11
3760.265806773852,131.3818114849578,-1.2655943170297326e-11
3760.715954991516,131.41299361299502,-6.3725197908982735e-12
3761.112025522475,131.44043282326516,2.1013244788685322e-12
3761.598696650846,131.47415267252063,-3.447968226085792e-11
3763.470893932224,131.60391176840355,-1.3045049586164078e-12
3768.4828779714794,131.95160241299797,5.4582059945465426e-12
3768.7038531607113,131.96694252284135,-9.652089970800253e-12
3769.370538334317,132.01322929500867,3.3892697747807125e-11
3774.1458581852767,132.34501065623132,-4.684727317422948e-11
3775.1465645730586,132.41459132525188,-4.966680568670633e-12
3776.2870305414394,132.49391218597268,-1.96600514829245e-11
3778.676089799627,132.66015196418783,-3.1699647510059716e-11
3779.30882451884,132.70419764896485,3.702660705428379e-11
3779.321941061551,132.70511079069155,4.4629370560351486e-11
3779.522082339107,132.7190445316229,-9.182792485874572e-12
3780.497036111692,132.78693090335892,-6.543609343218369e-12
3782.3236078066234,132.91416285953287,-9.938178138851948e-15
3788.314531433386,133.33189890535394,-9.436716239029002e-14
3789.814545021989,133.43659557606506,-3.7557113641029604e-11
3790.182516690549,133.46228528001205,4.02511828884927e-11
3793.529935885735,133.69609773393296,6.236754979972337e-11
3795.3312073837055,133.821999396045,6.459222682079214e-11
3798.029976651514,134.01074441268014,3.1338368512142214e-13
3798.6704287396788,134.0555556901937,5.0564058334088576e-11
3799.52436485723,134.11531581363812,-1.6953290159738785e-12
3800.4579050675475,134.1806621566594,3.505387339688784e-11
3802.1215370229766,134.29715356634182,5.6872740327779396e-11
3803.2231338334223,134.37431801379267,2.931943276668047e-11
3805.460758378926,134.53112753862553,2.141065398167211e-11
3806.351217407178,134.59355528733178,-5.153032890987373e-11
3806.5373092535337,134.606603544135,-6.594966748833565e-13
3812.898324586761,135.05300430598672,2.084206756025334e-13
3812.960826321783,135.05739422524957,-6.091125042744659e-13
3815.575779472616,135.24112454340738,-1.3401903597168712e-12
3816.780386743807,135.325804336656,1.883046770377575e-13
3816.8906341033035,135.33355568610554,3.0801888954077745e-13
3817.7979412281843,135.39735578147207,-2.4181833699309604e-11
3818.1811494775125,135.42430680480933,-4.095556421363653e-11
3818.870986757975,135.4728298553747,4.5620584281756374e-11
3819.782279697887,135.5369435025171,1.4595844148340576e-11
3823.713727047219,135.813714250178,-3.289752424991928e-11
3823.773430116792,135.8179194931809,-3.329354678776168e-11
3824.106998912702,135.8414159396915,-1.5873229042359958e-13
3825.7221785642614,135.9552175092737,-4.7045947861182196e-11
3830.35821930457,136.28212841525666,9.154437455635494e-12
3833.906938874766,136.53263427145643,8.676748019829025e-13
3834.6070940324803,136.58208596726078,-2.013660696797116e-11
3837.112026032886,136.75908231902432,2.461305552391177e-12
3842.9777199801333,137.17399945764487,-6.539059957128104e-11
3849.4686574866755,137.63388270082814,7.865523955930263e-12
3851.5501267730947,137.78151924461594,-2.991289232846694e-11
3852.2701829539856,137.83261069211653,3.9739568401490744e-14
3853.630436961901,137.92915331597766,-6.541415962598948e-11
3856.2250366711805,138.11339686135094,-1.928735846520366e-11
3860.7541091875296,138.4353052402516,4.568784653427158e-11
3862.22158568035,138.53968865527614,1.1198479689213272e-13
3862.9687797831566,138.5928527356378,5.6013869250043955e-11
3864.1295991928755,138.67546733152042,1.768029611416878e-12
3869.759109421952,139.0764671821737,-1.407576450605947e-12
3870.7275049230893,139.1455065342842,-1.126853156648357e-11
3871.573723671614,139.20584974129576,-1.2776753333929158e-12
3873.078655963603,139.31319789276446,-3.442826208050159e-12
3873.4613837426796,139.34050485786273,-8.994560188943169e-12
3876.233877459056,139.53839805992556,8.876979325417056e-13
3877.5309511045402,139.63102833207031,1.3836132852246154e-12
3880.3827946525626,139.8348011837537,-4.086191430667494e-11
3881.5457341003284,139.91793972916898,-4.35249436545842e-11
3881.7535927468266,139.93280216889758,-1.9957799633890137e-11
3884.0139169807862,140.09447267800104,7.818338282957443e-13
3884.1672455223315,140.10544296602208,9.985147183919429e-12
3884.20142218584,140.10788828304112,-7.219454266891698e-13
3885.0813371276313,140.1708530064883,2.315654496419432e-11
3885.1621003180003,140.17663295236468,6.457920710355743e-14
3885.9481635786888,140.23289509271186,-3.5614562234325686e-11
3890.484020575385,140.5577694422753,-4.0570943508967745e-16
3890.848486899102,140.5838902775223,3.0015485904525374e-11
3890.9510168896268,140.59123891180283,-1.771565558649658e-11
3891.4390733246673,140.62622204625922,5.354983714022518e-11
3898.04588357325,141.1002197707422,4.2123113960326954e-13
3904.2451463160187,141.54570967775516,-5.0368521783883416e-15
3904.416029633556,141.55799967896743,2.3835623322906944e-11
3906.2671667938575,141.69116872913716,3.4914396271953976e-11
3908.1808056891728,141.82890044997345,-8.588896188902006e-12
3908.6183178342885,141.86039930335502,1.4310143492314507e-12
3910.9224018776235,142.02634089137186,-4.8327068299406866e-11
3911.4432496694267,142.063866230017,-4.531432892673828e-11
3913.684831977739,142.22542175880227,6.220408400328782e-13
3916.8899191356018,142.4565798841691,-5.345022473221801e-13
3918.0664275442878,142.54147980721817,-4.872293242464418e-12
3920.3382287530367,142.70549107528495,-2.2621800953736313e-13
3924.357223772815,142.99587277037085,4.8029112448764836e-11
3924.596460417364,143.01316755463242,-6.20133871525102e-14
3924.807371990403,143.02841555043892,3.2682781490613656e-11
3929.1058581193447,143.33935606185952,2.7534280271548437e-13
3931.933842880978,143.54411022210212,-1.3591505984074918e-12
3934.683156438328,143.7433095918194,-7.075779876687804e-11
3937.4647808822124,143.94499172263872,-1.2502057713924798e-11
3939.8384054020826,144.11720445637158,-1.275756403432263e-11
3941.3327936075825,144.22567950983037,1.876794637794847e-12
3942.5174998554344,144.31170451902562,-2.5715260923917763e-11
3943.634078985398,144.39280628416964,-6.521135605914045e-13
3946.335420709124,144.58911090876487,-3.638174863391671e-11
3947.4695546150774,144.67156769550795,-3.2663296078670725e-12
3949.0210734338134,144.78440867619642,3.232791930172693e-11
3951.1847192691057,144.94184330245668,1.5541958819402967e-11
3951.492309240659,144.9642316523316,3.728119382570094e-11
3952.5857082117477,145.0438302761392,3.737032750023689e-11
3952.8392204966062,145.06228892500502,1.04435629243622e-12
3954.967756779901,145.21731787217158,-1.986539522850616e-12
3959.0801510623905,145.51707471204602,2.612406493093026e-13
3959.2493948120805,145.52941774507514,4.38562929345664e-12
3959.74307662996,145.56542522628413,7.99630433821949e-13
3960.4305957151087,145.61557802153558,1.6222960257075482e-15
3962.7789200379916,145.78694806095768,-3.5293509657161265e-12
3963.0247149538855,145.80489092985454,1.302752275110347e-12
3965.8461414440726,146.01093293318348,4.0176517507694576e-11
3968.181123015109,146.18156192543248,6.098399274057479e-13
3968.8478081885805,146.23029843699632,-8.936435227858297e-14
3974.91808164587,146.67442870566254,-1.2391171041390733e-11
3978.1533596520185,146.9114144210011,2.002850650163219e-12
3979.4537124330504,147.00672022770806,-3.3935393960736203e-11
3980.054136265596,147.05073716466518,7.638995903430614e-11
3981.6225031809226,147.16574512126752,2.0506961364315697e-13
3984.727632804384,147.39357716453648,-1.200133274311403e-12
3985.1035761029384,147.421173229036,5.2288125232128456e-11
3985.2011873899373,147.42833879745243,-7.98005549663815e-12
3987.2255541148147,147.57698554369978,3.3357651858200534e-11
3988.172182815691,147.6465212224917,-6.306522492177636e-13
3988.346345268892,147.65931631976088,1.4374442321153214e-11
3988.639179129889,147.68083104368728,4.856617806966479e-11
3989.146910378946,147.7181381840238,4.512798774643157e-11
3989.627249444977,147.75343696941206,-4.1766130043932684e-11
3989.659786540643,147.7558281840045,-2.54315227012035e-12
3989.9062881358864,147.7739447003198,-1.9722059947964124e-11
3994.1085763362776,148.0829620409011,-1.4538978953223462e-12
3997.0636565538503,148.30046013000543,-4.824212304787854e-13
4000.1786235842983,148.52990026406349,-9.781277907355141e-15
4002.700403680938,148.7157787579216,-1.85245986899039e-12
4002.8045732392898,148.7234595363112,-2.399572684136873e-12
4004.905491130336,148.87841007831966,9.31204829538879e-12
4006.186395306402,148.97292144311723,4.541407288074504e-11
4009.1105779961154,149.18879517524047,-6.1354242739961705e-12
4015.641543757117,149.6715034161374,3.9715899842717577e-13
4017.275211072849,149.79237175869474,1.5278543225161698e-12
4018.0097691030674,149.84673471611865,2.1271895684792834e-11
4018.069472172631,149.85115364030904,3.61609512044459e-11
4018.312920841317,149.8691731793652,3.450039904990124e-11
4020.7436479222733,150.04915016107952,2.477163957101707e-12
4024.9859643780483,150.3635223905713,-2.5783713440503185e-11
4025.430261003595,150.39646568515346,-1.9892879043630207e-13
4026.226840298589,150.455538812762,-7.050893820010809e-11
4026.3076034889473,150.46152874262984,3.1417455569550315e-13
4026.4976811502975,150.47562662744846,-3.83245971146218e-11
4026.6201121639947,150.48470757520118,-2.9393155716956426e-13
4032.9677847440257,150.95590513567075,1.3342110872398736e-12
4033.384208716316,150.9868428747301,-5.482127343428349e-14
4040.9348489994004,151.5483630530983,-3.706996052895725e-11
4041.628445885621,151.59999659639777,-3.2767797153657796e-11
4043.1895478501497,151.71624237688812,-2.5979198742901395e-12
4043.569703172843,151.74455703158182,-9.66812257672852e-13
4045.144854568559,151.86190551797603,4.30227558954978e-11
4047.926479012161,152.06924764165808,4.2297401798813433e-11
4048.0631856661735,152.07944142218344,-9.29953194387033e-14
4048.772697760544,152.13235301304917,1.7655401127378377e-12
4051.027396611277,152.30055786689772,1.8899482099661126e-12
4055.0501512364785,152.60089565433583,-4.478714203463514e-11
4060.5059514296036,153.0087005369418,1.3375928234735169e-11
4065.3486917177274,153.3711403587268,-2.542977452617125e-11
4070.1251987168926,153.7290463381801,3.911192604073287e-14
4070.2047747576626,153.73501256853154,7.119641524062609e-13
4071.3894810053753,153.82384996327693,5.96500148675871e-12
4071.959713989402,153.8666191579587,9.507886862777433e-12
4072.4723639419344,153.9050745645285,-3.2060886774479486e-11
4072.9435722802577,153.94042558157517,-3.329949973393711e-13
4077.008220937846,154.24553367754305,-3.6481188853263e-15
4077.475217252006,154.28060770098287,-2.1698590646126254e-11
4079.377379172151,154.4235121590746,-1.4973198343593852e-11
4080.577774418881,154.5137290214853,2.282941230405766e-13
4081.0880781242167,154.55208942899512,-6.105004107057951e-11
4090.195608347292,155.23752492253138,4.5980353005277596e-11
4090.3957496247867,155.25260477340004,-7.704942858361334e-12
4090.6825056846337,155.27421199028672,-1.8201882650833154e-11
4090.916343155401,155.29183288542924,-3.383359969453484e-12
4091.4163570354494,155.32951496606114,1.2825819608204815e-13
4094.8559883429143,155.58885750734512,2.541911610598723e-12
4096.686065382099,155.7269311293017,-2.3260303178663108e-11
4098.4543473656295,155.86040111106024,1.7891993418221014e-11
4099.1816404450865,155.91531393330672,1.2707865968316544e-12
4102.6769890070545,156.17935923860543,-9.271492113784518e-12
4103.803179334761,156.264481743958,-3.505196234394295e-11
4105.5084791130475,156.39342040594317,-6.385912133609074e-11
4106.0047333871835,156.43095252940893,1.5311771586221228e-11
4106.929142869555,156.5008784830617,4.413717124796042e-11
4108.460053985526,156.61671721615713,3.8039056625314625e-11
4110.9074029538015,156.80198929585248,1.1110866199312377e-12
4111.407416833842,156.83985550606025,-5.246366122053056e-15
4111.667713599143,156.85956968569155,7.34602627958077e-11
4112.36246958293,156.9121947538764,3.1504534861795646e-12
4112.995204301942,156.96012968828998,7.991499058175524e-11
4113.162101804414,156.97277479585222,-3.930141133828503e-14
4113.435515112423,156.99349125771684,4.74224371095718e-11
4125.648881637681,157.92029978753337,-3.9803986599161677e-13
4126.229884917194,157.96445755444302,1.4761943915805065e-12
4129.541714089101,158.21628396585285,1.850490027866454e-11
4130.177954152906,158.2646858202416,3.531086391731458e-13
4132.05648349585,158.40763813003278,1.5874488125867414e-13
4132.219168974162,158.42002122669598,-3.0653497850901507e-13
4136.942050704624,158.77972435052578,7.898959483249535e-13
4138.126756952269,158.87001815921667,8.605648011013226e-12
4142.662387738801,159.21594566920342,3.216638092012763e-11
4143.182981269392,159.25567500194268,-2.306748789398262e-13
4145.991291216427,159.47007856019292,-4.6365385663844445e-11
4146.8817502443935,159.53809198403556,-2.4163806007237307e-11
4148.194965306839,159.63842224509952,-7.483680078196622e-12
4148.292576593824,159.6458810626546,1.6110175389665672e-11
4152.128052222811,159.9391020208638,8.069319331744958e-11
4152.857239131176,159.99487879723074,-1.7575569516089943e-11
4157.1072729554335,160.3201661930085,1.9215853251180172e-11
4157.497718103371,160.35006661598004,-2.580033726879062e-11
4160.142183474457,160.55265459814822,-3.9384129161891547e-11
4161.7433136943255,160.6753770633051,2.1235573467476667e-11
4162.256189855946,160.71469767263915,2.229884241205484e-13
4162.693702000963,160.74824418852748,7.942406234212113e-13
4164.401574235486,160.8792301016267,-1.9754486908783396e-11
4167.899269044458,161.1476548375673,-3.0245011791700886e-11
4172.839620619129,161.52717780389085,-1.5065792474656763e-11
4173.589867648277,161.58485188623348,-8.652502748318443e-14
4174.1626730885755,161.6288924003901,2.7574848841649186e-11
4174.57629839537,161.66069800568627,-1.9622100244363523e-12
4176.430488481776,161.80331417642714,-2.4155900079917824e-11
4178.509159102132,161.96327170113867,1.7341211077167698e-11
4180.632776681493,162.12677017052206,-1.308814711544168e-12
4181.067235899953,162.16022965761056,8.918878063519292e-14
4181.353991959778,162.18231582321317,2.0978323983603436e-14
4182.811857254271,162.29462512132355,-4.9479388235479427e-11
4182.935221156434,162.30413047998792,-3.140299671087971e-11
4184.335051001185,162.4120089369716,-1.2638630210976404e-11
4186.053467322064,162.54448874356683,4.73915774243024e-11
4186.702823928545,162.59456448561494,-8.795200851904947e-14
4187.303247760983,162.64087364244688,9.812130794205556e-13
4189.104519258295,162.77984095784518,2.638825884997958e-12
4191.919387476578,162.99712649855343,6.873957906313183e-11
4192.419401356585,163.03573887742334,-3.651969283733672e-11
4193.04416444549,163.08399118858623,3.227091792890472e-13
4194.318284140872,163.18241752493952,6.282719818860115e-11
4196.821830833725,163.3759047734263,-3.66921480170481e-11
4199.8836530654435,163.61269543593826,2.038255760239323e-11
4202.81275445819,163.8393835544909,-1.0113152274049687e-11
4203.445489177155,163.88837272353598,7.047780948283e-11
4206.398223147008,164.1170841831126,1.8042427039780684e-12
4207.358901278894,164.19153055821747,4.57639658260772e-11
4209.262250348421,164.33907807452303,-2.632797697525378e-13
4210.486984851493,164.43405471203744,-5.302309995348559e-11
4211.217330857433,164.490705287778,-6.927789097336565e-11
4215.031972574559,164.78675438304546,-1.880066634857753e-11
4217.487038911583,164.9774304742607,-1.3439764744543163e-12
4220.522882318943,165.213366944633,4.55910942126153e-11
4221.93370866829,165.32306983709975,-3.77447236811337e-11
4222.343828630267,165.35496678193172,-5.944970797228543e-11
4223.8972132256,165.47580884895854,-2.8833953912191993e-11
4224.170400324458,165.49706542189205,2.031394434182721e-14
4225.037679193509,165.56455713484652,-2.935914520253353e-11
4235.269986384391,166.36188218106113,3.105094399459628e-13
4235.924487903487,166.41294808111758,3.558929217150722e-11
4237.177999896287,166.51077235498937,2.6639894266919857e-12
4238.042706309009,166.57827104999262,1.3543247792796273e-12
4239.779384085162,166.71387714979878,-2.5772918594186753e-13
4240.216896230151,166.7480484461583,6.480390830645238e-15
4242.304697578074,166.91116191644443,-7.165096458866963e-11
4243.789022167032,167.02717644665185,-5.4747539768267374e-11
4244.439537871093,167.0780334223497,-7.0354022566394e-13
4247.403748815719,167.30987256246618,-2.672379184604266e-12
4249.53228509848,167.47645111590504,8.124567645183544e-13
4253.173471041689,167.7616026337675,4.5946915793519276e-11
4253.89118097513,167.81783733219996,1.7252908626366186e-11
4253.978021966596,167.82464222452654,6.567619675183097e-15
4255.685894200997,167.95849995776612,-4.6689901044636686e-11
4257.209087947825,168.07792849250032,-5.1121022772722623e-11
4259.644733731815,168.26898815333433,1.6442845329526465e-11
4265.620222618068,168.7381870782277,6.805252160767462e-11
4266.7684059549,168.82841844753983,3.14282883977035e-11
4268.132645777352,168.9356604446698,1.9511176888866566e-11
4274.863272344192,169.46525239375404,-1.7588567322433314e-11
4276.203879589523,169.57083625960422,-5.5500307752412014e-11
4276.919949955114,169.62724626491428,-9.437065555896456e-12
4277.4644303238665,169.67014521533528,1.930497789156008e-11
4278.854648970612,169.779703635506,9.460145781934084e-13
4281.429347655742,169.98270093681973,6.2137495000173675e-12
4283.090887624365,170.11376677602294,4.227330880413549e-13
4283.970802565854,170.18319695208982,-7.281657469344037e-11
4284.478533814786,170.22326625680594,-3.741261784404065e-11
4284.724328730614,170.24266568815102,-2.7871151729520725e-13
4289.633782777017,170.63037880798038,-4.861507934768487e-11
4290.3273796630965,170.68518985986276,-3.155388837861074e-11
4294.11697544417,170.984816730261,-8.122786170127907e-14
4294.409809305093,171.00798084182878,-5.320972774569026e-13
4295.574840738535,171.10015426375423,8.358335041818031e-11
4295.977243331528,171.13199683123344,4.387186827090546e-11
4297.369101546094,171.2421591307709,-2.4942909266231384e-12
4297.931617161056,171.286691042375,-4.717424895829765e-14
4298.699645175247,171.34750188766327,-7.736825649227725e-11
4300.300775394943,171.47431095391917,-9.900530613360984e-12
4304.982243562559,171.84535281795604,-1.4978672819763666e-12
4306.516660023094,171.96705480790195,-3.71821574592479e-13
4311.83973937617,172.3895901788884,-1.990467678472487e-13
4315.579017076411,172.68671865655423,-4.662620282406463e-11
4317.742662911041,172.85876275354636,4.375284210468514e-12
4317.820599383958,172.86496154602804,9.709098110971132e-13
4319.39037965756,172.98984016161089,7.805454925785999e-12
4325.514504590648,173.4774583999434,-4.300791302496227e-12
4327.008892795669,173.5965502092803,-9.631543270660537e-13
4327.794956056063,173.65921021178994,7.279587753446045e-11
4331.617315141816,173.96406679690742,3.480699423771513e-12
4332.004961624256,173.9949990130945,-1.5190381953830464e-11
4332.297795485171,174.0183675000013,6.60797580822167e-12
4333.718459241428,174.13176056132002,-3.409827686103033e-11
4338.467574056563,174.51109033764928,1.2610946997571216e-15
4340.495672334787,174.673208818544,-1.423200823127944e-11
4341.600548280391,174.76156029130078,-1.9513705508879925e-11
4341.896208858726,174.78520662143083,-2.477837591749819e-13
4342.491007308224,174.83278226667855,4.838901207495293e-12
4346.359020032298,175.14232875058536,1.5266734366684056e-12
4346.796532177253,175.17735900116932,6.290270375783212e-13
4347.15328113187,175.20592540149568,1.908875440149856e-11
4347.543726279753,175.2371926857953,8.777382688015016e-12
4348.147429247794,175.28554342271235,6.60714237630437e-11
4349.91149920682,175.4268667422285,1.5623370432541385e-13
4351.746014478926,175.57389438606623,1.2905422383574215e-11
4351.832855470386,175.58085581385137,1.5907985209963055e-12
4355.831016577059,175.90151052602397,2.891586075738868e-11
4356.601871308642,175.9633673572302,-4.44810579003553e-12
4358.132301954088,176.08620839529473,-1.0047139427633734e-11
4361.967777582461,176.3942549648525,-5.032443607578823e-11
4366.654164453384,176.7710103782866,-6.68028622719043e-11
4366.914687427762,176.79196662276166,-5.50872685582951e-12
4367.337443462167,176.82597541585682,1.6090413071367966e-11
4374.241299593189,177.38182500193093,1.2319903368683577e-11
4374.788126209097,177.42588913217193,-7.79549826852706e-14
4374.928818678106,177.4372272387462,1.282979021409533e-12
4377.9538917896025,177.68109964550104,7.541907720480953e-12
4378.94360167222,177.76092371282388,-4.472920854303076e-11
4379.9173963466865,177.8394817654787,4.224709048597988e-12
4380.91810273394,177.92022904095117,-4.019988361491903e-13
4381.091558507729,177.93422711119217,1.5159811879075309e-12
4382.158978654133,178.02038128133364,-9.244379190778073e-12
4382.412490938902,178.0408459810327,1.984040795372777e-12
4382.679345975503,178.06238904916196,9.39578795648207e-12
4383.6795999445,178.1431507046257,-3.10272219951031e-13
4386.215429471555,178.34797908436744,-4.4446428536956125e-11
4386.64872959234,178.38299019556644,-5.078360788813719e-13
4392.651582609081,178.86838295610087,3.0857814781724694e-11
4393.763016825997,178.95832673606344,-6.518965149903957e-11
4396.120726136834,179.14920174466266,2.1976191371371893e-11
4401.069275549854,179.5501585261376,3.857886380587191e-11
4401.0961872626385,179.55234028398806,3.984280933914955e-11
4401.556172887079,179.5896338137135,-1.6924273187082844e-11
4404.1580094938945,179.80065219376266,-3.9182135406700285e-11
4406.019690739819,179.9517178257818,-1.6048591157286311e-12
4407.559732583115,180.07673236468773,-3.2683070996746704e-11
4407.830799643869,180.0987410440566,1.516574508626047e-12
4408.41414917045,180.14610938541406,-5.0426289481561534e-15
4410.694600635732,180.33134360144962,1.8265721955019275e-13
4413.350514929208,180.54719628689926,8.678201390109695e-12
4414.676846534093,180.65503916481924,-3.611150403028024e-11
4415.2772703664305,180.70386976351347,5.971349018402036e-11
4415.79763768779,180.74619498739827,-1.4038235894256974e-11
4417.198626629908,180.86017230562578,-2.8540630616444116e-11
4420.000152095889,181.08819857313014,-2.8804355317861664e-12
4420.41776321764,181.12220183125288,3.5502783418847366e-11
4421.755091327156,181.23111305900574,3.6230878414074824e-11
4422.145536475018,181.26291689932316,3.3201563586677155e-11
4422.205239544562,181.26778028038322,3.720716024048915e-11
4431.474041884833,182.02360847220453,-1.7225066312448154e-12
4431.773434017079,182.0480489076326,2.3539411864150128e-11
4433.554352072635,182.19346565116092,2.0153644936771636e-11
4433.57402688669,182.1950724788719,-2.195596870630139e-11
4436.893573426798,182.46627951703377,2.608216089743842e-11
4441.149232633029,182.8142639025166,-1.67233023793212e-13
4441.34586856567,182.83035084611066,2.1582141685029592e-11
4442.0921297796385,182.89140955628176,4.5191637629732055e-12
4444.5937826431,183.09616834724838,2.3979613593658127e-12
4447.8824316553655,183.36551768818953,-8.446204039867334e-13
4450.056621576182,183.54369917758618,-1.0115100187098381e-14
4452.062246374748,183.7081434531211,6.601822442206045e-11
4454.298938030545,183.89162065188611,-6.3283952921381445e-15
4459.122003503164,184.28757330224101,-1.038852046886143e-12
4459.916264602674,184.35281976920376,-7.391088988304207e-11
4461.140292426168,184.45339319940638,8.379742431456865e-14
4463.230892439209,184.62523319547262,2.507357790366546e-11
4465.362934066448,184.8005624663157,-3.2682206781498894e-13
4465.525619544719,184.81394440816644,2.911796542582555e-11
4469.30749795637,185.12516597681906,4.206256001465515e-13
4472.433235281185,185.38259068676442,2.232135861642585e-11
4473.736612936289,185.48998544644752,-3.850206087182643e-11
4478.266844547959,185.86350756787218,4.7082227577747924e-11
4479.977543499513,186.00465473801566,3.574650496756936e-11
4480.087790858948,186.01375292907858,1.2519835039521739e-11
4480.951338173914,186.08502513355393,-4.147110036831265e-12
4482.501443633287,186.21299633899977,5.37336970737449e-11
4483.513146525106,186.2965428105018,-2.3370199548746776e-11
4484.169061402799,186.35071836578706,-1.2121402218278492e-13
4484.623421644344,186.38825108046584,3.093074678555077e-11
4484.702997685088,186.39482490089722,1.0969019485168689e-11
4485.03634027169,186.42236378280015,3.874505283378024e-11
4486.483915740584,186.54197803702112,7.145127128593474e-11
4486.564678930913,186.54865269729595,1.1909972215349726e-12
4491.740761804084,186.9766798075482,-4.465654579040035e-13
4494.825990403137,187.23204213800847,-2.417281271820242e-12
4495.075997343086,187.25274272694105,2.446461614948997e-11
4495.748760317405,187.30845325753808,-2.1200291493994865e-11
4499.411006380775,187.61186478881618,-9.285366558337255e-12
4499.778045160634,187.6422870161926,6.255092379276428e-13
4505.41456607642,188.10978507217965,-5.212623166946775e-11
4507.695498011785,188.29913392590717,-3.0785361345545966e-11
4512.698351320236,188.7147754695427,-1.6961334298450022e-11
4513.039411275791,188.74312782351845,2.995921795693797e-13
4514.319156353752,188.84953228570072,6.552993769185039e-11
4515.933629325043,188.98381075023482,-3.792360756292753e-13
4516.49823692601,189.03078145697327,4.9172070647138775e-12
4523.575322620991,189.62003485931422,-7.43094598516544e-11
4524.245513138978,189.67588418722647,2.5304714471625664e-14
4524.429258738032,189.6911977980218,7.485517804366322e-13
4524.991774352907,189.73808248892902,1.1339304485265859e-14
4525.905639748614,189.81426399517886,-1.936868829586787e-11
4526.593837460839,189.87164358151693,-4.272612408649239e-12
4526.899787864418,189.89715548778227,-4.428022445232998e-11
4527.660324718655,189.9605809002752,-6.055006267211829e-13
4530.365652256189,190.18627961975986,1.5188759313782853e-12
4537.036123334023,190.74335638509305,-1.279364101213445e-12
4540.9476696578795,191.07040593891554,-4.556969936996939e-11
4541.968277068207,191.155786635276,-3.0571763117074437e-13
4548.359257036949,191.69087150142656,2.6248576186831323e-12
4550.939581104475,191.9071223705306,-2.424922090640121e-12
4551.017517577379,191.9136559505078,-3.771448959957391e-11
4551.4402736117345,191.94909843590918,1.2169550820038763e-11
4557.92349374563,192.49304281507509,-2.2677845923531818e-11
4558.711422782867,192.5592030972978,2.383633940067934e-12
4559.057627651051,192.58827660537833,-1.0032372181344216e-12
4559.751224537004,192.64652995822559,-2.43859424342644e-13
4564.047138207512,193.0075297106673,6.455873704653515e-11
4568.089313384142,193.3475174085303,1.0236100301988882e-11
4568.643857368939,193.39418362817312,4.903301242688168e-13
4570.768407836201,193.57302212055686,2.269766986120073e-11
4570.851969691974,193.58005781449586,-2.169906956384143e-12
4571.66449224677,193.64847683562058,-6.98937503321006e-16
4573.153255068677,193.77387068926248,7.539583003456859e-13
4573.903275888488,193.83705807131844,-3.2445851719942885e-13
4574.213438316214,193.86319151033214,-4.58835472113968e-12
4576.455020623375,194.05211379574888,5.9772448560632776e-12
4576.754412755593,194.07735380227058,3.4354614324746884e-12
4576.988730696508,194.09710893464654,3.7764493557904704e-12
4582.358396575458,194.55009773180768,-1.2074571621821744e-12
4583.535385453768,194.64946031172298,-4.29424874126247e-11
4584.558565320388,194.73585891485146,-1.8765844731965405e-11
4585.029773658534,194.7756548290317,-2.095576852147063e-12
4585.6926992257895,194.8316491522461,2.8080770322761753e-12
4586.192713105658,194.87388841801467,-5.745175085493255e-13
4587.07098847913,194.94809292154102,-4.901300666027007e-11
4587.593475838499,194.99224403474923,4.725050675042183e-11
4588.807666254867,195.09486471069846,-1.5339273361866177e-12
4589.26225270551,195.13329233436917,-9.245099097174066e-13
4589.7987894960615,195.17865237606506,2.465272801743824e-12
4592.102873538183,195.3735051681652,-5.815991433494034e-12
4595.565458794138,195.66651450841485,9.557544852631801e-12
4595.8522148538805,195.6907901538616,1.658989461803419e-11
4596.7827021370495,195.76957199655595,2.081078503784727e-11
4596.945613824435,195.7833669293099,-4.344330084061734e-11
4597.700299086645,195.8472780684181,-7.050779727941682e-13
4598.366984259799,195.9037455757395,3.5635117554613657e-13
4603.602742150168,196.34749319501248,4.0654766945737994e-11
4605.85792147022,196.53878261822976,2.8693757819176442e-11
4607.67253571884,196.69277033250546,-2.3156276094177887e-12
4611.65362251909,197.03081688115068,-1.888182199069571e-11
4611.79126206153,197.0425095071133,-2.0617866034458003e-11
4613.114314530572,197.15492202542399,-2.34145435177551e-12
4615.855910717542,197.38796306677742,-1.2567194992656444e-12
4618.164913463141,197.58434022858253,-8.074243712588844e-11
4619.178962602069,197.67061459764622,2.9402970177762614e-12
4624.658649631179,198.1371490729725,7.115698053868401e-11
4627.850394035478,198.40914556564192,-1.3030920257030512e-11
4628.616330063411,198.47444560191485,4.06805842162992e-12
4630.951311633293,198.67358163232154,1.0882568584488436e-13
4631.985261795391,198.76179288225154,-2.0705716948229194e-11
4632.219579736299,198.78178640731878,2.1417370933955768e-12
4634.457204280327,198.97276597788678,3.6339551794916536e-13
4638.668623206389,199.33245756266118,7.499415125711432e-11
4640.060255211514,199.45138678338253,3.661761529588967e-11
4640.823138312893,199.5165981033676,-5.690211332662591e-14
4641.611067350091,199.58396160671643,2.794761150504417e-15
4644.5921263905575,199.8389288801756,-4.791004201074626e-11
4646.794387121497,200.0273913774656,-1.766434884656876e-12
4647.164478827872,200.0590714216661,-1.3187664096965458e-12
4648.245015516794,200.15158036585697,-2.69074400368749e-11
4650.341947591817,200.33116823600335,-8.295698708758741e-15
4652.25722605389,200.49526949522723,3.243192854413751e-13
4654.47774824016,200.68560865313302,9.36199626622193e-12
4658.840149460434,201.0598103163334,-8.390550902294196e-12
4661.901971691193,201.32265920456837,-4.117128641523802e-11
4662.903384757624,201.40866519649305,6.338156602595336e-14
4663.215893432527,201.43550867067069,1.0444010466451909e-13
4663.780501033445,201.48401118016582,2.566324670186886e-11
4663.976204077578,201.5008243837241,7.83076953605463e-11
4669.839325564743,202.0048629720042,-5.2195454091373825e-11
4670.980017741438,202.10299914451215,-1.3079503247833435e-13
4671.240314506638,202.12539638724584,5.3464601171763765e-11
4675.289047954364,202.473930459188,-2.5046343911428615e-12
4677.611167242584,202.67396569698644,5.1306723769499134e-11
4677.744114290629,202.68542121318492,-2.974581135107213e-12
4680.546572644639,202.92697362527105,-2.1850517877471575e-12
4680.779957697056,202.94709631873377,-4.619868126783111e-11
4688.200449594051,203.5874216840549,-2.0142128851675932e-14
4688.627417652529,203.62429625793035,-3.7761133196009954e-11
4689.504760137466,203.70007740765044,1.2769299429112808e-11
4689.750555053228,203.72131068015256,6.90168103158688e-13
4690.044802272786,203.74673102343507,2.3024909410241868e-11
4690.564236705575,203.79160943233424,-1.5044327798410794e-14
4693.352871837505,204.03262857500738,1.457443812211905e-11
4694.219698288034,204.10757676384358,-3.770489061746993e-11
4697.589110490117,204.39903683546353,4.529963358121157e-11
4699.723950782496,204.5838124971334,-8.231287455309993e-13
4700.210621910505,204.6259468272005,-7.628439804218635e-12
4701.541391748439,204.74118262709993,4.9175561519366895e-11
4704.436542685846,204.99199609094833,-1.5452192777638104e-11
4706.527396959681,205.17322753637575,1.4546902060077385e-14
4708.615198306963,205.35427471256003,-6.423465277515955e-11
4708.698533953602,205.36150296861382,5.3063884199446495e-11
4710.833374245969,205.54671551070945,2.328945122923245e-12
4712.143083963108,205.66038367225374,-7.376489228735961e-12
4713.544072904971,205.78200882777827,-2.1442573698654066e-11
4714.148256343103,205.83447143831083,2.2984241445020235e-12
4720.43551917115,206.38080771787796,3.911609412888343e-12
4725.550513667326,206.8258160574469,-3.0297333672519836e-11
4726.071107197711,206.8711351049826,2.699358493844817e-13
4726.337962234255,206.89436747907678,-3.066525929847378e-12
4726.671304820808,206.9233900956753,-1.972431937881794e-11
4727.1116156311045,206.96172908446314,-1.7591197586891637e-12
4727.255813444885,206.9742855333314,-4.4834136545942414e-11
4732.01405898651,207.38883861261777,-5.0398689597578676e-11
4733.412475472037,207.51075228235018,4.0453980971218687e-13
4735.243711608026,207.67045355502626,2.94641463083342e-11
4737.404784985762,207.85899924773616,6.554498662753332e-13
4739.158310857977,208.0120511446465,-9.806613658122357e-13
4742.68127781055,208.31971526576612,4.5437338225271525e-14
4743.160457778714,208.36158018029104,-7.945250870935723e-13
4744.447694016334,208.47406416090993,-2.041394699826134e-11
4746.626774588296,208.66455072561084,7.552231762435195e-12
4751.289048410763,209.0724019524144,1.9639939381570245e-11
4752.965796907678,209.2191801933568,4.655563367948032e-12
4758.188692515987,209.67671091578333,-6.284477425333679e-15
4759.456253939545,209.7878263002052,1.4834181123470315e-11
4760.5108118041,209.8802921873653,6.015581737524392e-14
4760.85724288137,209.9106724747484,2.3519878021078104e-11
4761.397285016671,209.958035901017,-2.22427051792819e-11
4762.378797059868,210.0441314081973,5.164876241853905e-11
4766.461226700641,210.40242119152327,-9.132126231896145e-13
4774.14458781879,211.0775752431024,6.002837367267013e-11
4775.932290354455,211.23482059032477,-3.776298455505474e-13
4776.0364599127515,211.24398510341007,3.0589404631750585e-13
4783.74300118971,211.92253699007227,5.064253848169446e-13
4790.273260267823,212.49837489923843,2.3471126293842162e-11
4790.351196740717,212.50525207690848,-6.93684862208009e-11
4791.054150563375,212.567286349007,4.6762943940068136e-11
4791.241655768304,212.58383484698456,2.808914635201504e-11
4791.775365841372,212.63094161833845,-2.577991299833549e-13
4792.825711681752,212.72366345840751,4.0662708531792773e-13
4793.355435939789,212.77043386795611,-1.6248301414754764e-11
4794.188792406139,212.8440230321021,-5.3910895744840344e-11
4794.842587245647,212.90176504350805,6.068909774069452e-13
4795.2536400959525,212.93807254040897,3.0132438525642204e-11
4796.097512596708,213.01261990695505,-5.835839446094239e-11
4796.910713778778,213.08447019245813,3.0565872889499145e-11
4796.917272050128,213.08504969719365,5.4111459305656306e-11
4797.190911567139,213.10922985364425,-8.138495953319742e-11
4798.0451019451475,213.1847192611223,-2.30714751594364e-11
4801.146952431151,213.458959526931,-5.441820495820712e-11
4802.380110982068,213.56803456251808,-1.5391754353549503e-12
4802.560577445416,213.58399948723104,2.6021480626228207e-11
4804.031813543121,213.71417443617003,1.0107503944626624e-13
4807.410356472671,214.01325877953056,2.542949036242346e-12
4807.800801620442,214.04783635486626,3.327192676165225e-11
4809.464433574607,214.19519802233978,1.9923772189557537e-11
4810.28467349825,214.26787223398048,-1.3046193868388168e-11
4810.998171407283,214.33109905797295,6.7650900977412684e-15
4814.166735652396,214.61199558923136,-3.4961970282064086e-11
4816.22199990391,214.79429579815536,3.5069919328556797e-13
4816.6349185311765,214.8309307195846,1.162539734843424e-12
4817.902479954695,214.94341078505767,1.519486363027971e-11
4818.623695232683,215.00742274186453,-3.050751254597772e-12
4822.912372003829,215.38826508265154,-3.987610937090131e-12
4824.086534164557,215.4925919074416,-1.8673911169453926e-12
4827.327663760776,215.78070502428517,8.232627991003036e-13
4827.874716585661,215.82935317393563,4.9903152314681193e-11
4829.132468654125,215.94122308035648,-2.3861593211231346e-11
4833.048000792359,216.28967400229996,4.9472236639422695e-11
4833.901936909248,216.36570497239924,1.5803921355777208e-13
4834.498374926406,216.41881733510576,-4.4375324121674256e-11
4835.609809143028,216.51780721005983,-2.6883321913772207e-12
4836.279292981539,216.57744576142588,3.777624008116082e-11
4836.779306861339,216.6219930790786,-1.6249977736207762e-11
4836.787024230298,216.62268067225452,-3.5165766497710624e-12
4837.513158211788,216.6873818223021,2.1122900807988309e-13
4839.38114346748,216.85387065998847,-6.336508255475581e-11
4842.773735828149,217.1564082794799,4.413016139469426e-13
4847.006214874515,217.53414083021835,1.5537619737364648e-12
4848.773790177809,217.69198783953797,-6.053160103498397e-12
4849.206383619119,217.7306278203984,-3.538072984731184e-11
4852.421760600126,218.0179387866949,-4.615560405376756e-11
4852.447993685525,218.02028363506543,2.26630906722803e-11
4860.352556201503,218.7274115618615,-2.476093420050496e-11
4861.813248212785,218.85820843370414,-2.254579484763455e-12
4864.0520318541385,219.0587553804818,-7.604360844356474e-11
4866.996567983567,219.32266316999713,3.8067585454874606e-11
4868.25711871745,219.43569045162897,-8.557603294140873e-12
4868.79716085272,219.4841222858197,-2.3361968340212403e-11
4873.620226324179,219.91690067805462,-1.600420614729332e-11
4876.922924766809,220.21350222398053,3.0894949214238454e-12
4877.088436962463,220.22837146965765,-1.3526940841277208e-13
4880.257227416596,220.51314583440174,2.918710817750163e-12
4880.944746501305,220.57495654511908,-2.7050599929313643e-14
4882.402611795149,220.70605326274742,7.348109200075925e-11
4883.105565617773,220.76927949830167,-1.3659035082023113e-12
4885.644221861499,220.99769131263284,3.894471665382628e-11
4889.879980043448,221.37906163481233,1.369780551401117e-11
4893.518593528893,221.70693138648198,1.6576168892772446e-11
4895.432232422876,221.87946424436902,-2.636623336684535e-11
4895.6457164520925,221.89871605490762,1.9370544162872616e-12
4898.040174882037,222.11470382099637,3.14381735226384e-14
4899.9481883931485,222.2868883175335,-6.671260882083178e-11
4900.748753502705,222.3591535324783,4.7088850059351105e-11
4901.468809683052,222.42416147185205,-4.842815088333992e-13
4903.414052784193,222.59982919539414,1.2300499146104937e-12
4906.23898461736,222.8550624741246,-4.785175662079788e-11
4907.8401148364665,222.99979025007949,1.3863999273181951e-11
4908.373824909503,223.04804333619535,-1.0936633097836195e-12
4911.0452019921,223.289643191095,9.252054194950555e-14
4912.074713920759,223.38278753947125,-3.710654066159474e-11
4912.24138521402,223.39786884064247,5.954909783728698e-11
4912.30247359028,223.40339656854917,-5.181196798435624e-13
4912.729441648709,223.4420337143169,3.301942183954811e-11
4914.276267972025,223.58203706913187,9.636317659075844e-12
4914.622727101247,223.61340114976315,2.4242370323984855e-11
4917.724577587064,223.89430245092748,4.1999414124179024e-11
4919.926131638325,224.093781105861,1.773876387074393e-11
4920.013226890858,224.10167447811466,-5.853511119720385e-11
4921.397367735943,224.22713679868178,1.1163007561684768e-14
4926.310100916127,224.67272532210015,5.4735238522164244e-11
4927.4507930926675,224.77625054224143,1.8809675258508857e-13
4930.729604697003,225.07395744511757,-6.66819902941161e-12
4932.9662963521905,225.27715640094584,1.71638370356391e-14
4933.400048891091,225.31657261856125,1.6159160067162186e-12
4934.720981321835,225.43663052067592,-1.8614585946549035e-12
4935.925588592055,225.5461437944139,7.490465242264853e-13
4938.743735944699,225.80245166269012,2.0010064912403056e-11
4940.490703545383,225.9614101869588,-2.925575551439869e-13
4940.637700024591,225.97478812424743,-8.429663515234532e-11
4941.131155633015,226.01969971733612,-3.461327044087562e-11
4941.358915302534,226.040430652371,2.3011089238901413e-13
4949.542290299766,226.78592438529893,6.291780969170488e-11
4951.100593597917,226.92802339970208,-6.053963997395549e-11
4953.481935485099,227.14526030446945,-2.22463737676952e-11
4956.466499869873,227.41767342862877,-4.709715716152147e-12
4960.842017632152,227.81734104017357,-9.6731585458979e-12
4962.88345866146,228.00393056589917,-9.79189505192252e-13
4965.151274053549,228.21130091867337,-8.762286643447863e-12
4968.440629744202,228.51224986846603,-3.881200305397737e-11
4973.4933487138815,228.9749202499833,9.060044315736638e-12
4974.416118627904,229.059467781176,5.749883120188506e-11
4975.878195945839,229.1934607304795,-1.7649168683197963e-12
4976.190704620691,229.2221058825019,-1.4375021471007325e-12
4978.349205541842,229.4200073936752,-4.7206618449183064e-12
4979.996922287719,229.57113557383684,-1.0353616025651999e-11
4980.590787848513,229.62561703978037,9.328513578377928e-12
4980.712992653009,229.63682896377887,-4.85281500647502e-11
4980.850858404547,229.64947806289518,-2.845965810949284e-12
4982.113981594677,229.76538514858237,7.511755024332449e-11
4986.162715041746,230.1371043110681,-2.5801523565775074e-12
4986.663407548887,230.18309448154153,1.967998777443481e-11
4990.206049315063,230.50862912134332,-3.9143149334891776e-11
4990.718925476421,230.55577665557345,-1.7745818386719751e-12
4992.473864707121,230.71714086723333,1.84527548467246e-11
4997.522371652586,231.1816603809366,6.082698815273152e-14
5000.190922017648,231.42738674930015,4.3259344780245736e-11
5002.052603262941,231.59889239772812,1.2357505432269375e-12
5002.912871441983,231.67816536838694,-6.863034012573117e-14
5009.62922236558,232.2975400014202,-1.9768979850700988e-14
5011.931666839351,232.5100602009566,-2.2936364688786154e-12
5011.977546686821,232.51429599436347,5.555630512072915e-12
5012.865207048863,232.59625564081534,3.8184133206881495e-11
5013.108655717393,232.61873633158442,2.965398539217505e-11
5013.871538818623,232.68919003583835,-1.577580200761317e-13
5015.539382796775,232.84325593634645,2.356678779202442e-12
5016.437559193219,232.92624556918253,-2.8118946411514146e-11
5018.738844569375,233.1389473710006,9.77023641541542e-12
5022.574320196297,233.49366716147063,4.893742354264129e-11
5022.816609767217,233.5160841486493,3.693130744975787e-11
5023.303507104272,233.56113587586628,-1.990192406765208e-11
5027.943986073976,233.99073012175188,-1.5646915378199822e-11
5030.575334900947,234.23450455701828,-2.4424518976833885e-11
5030.821129816667,234.2572820980566,-4.589836172353365e-13
5031.888549962675,234.35621164455748,-1.2640948390677028e-11
5031.986161249608,234.36525940181002,-2.033680480625105e-11
5033.309213718359,234.48791271148323,-2.801954486760776e-11
5034.847842202401,234.63059150546792,-1.1980308858019577e-11
5035.743700403621,234.71368555708972,-2.034206928555567e-11
5036.590852039951,234.79227550058033,6.150544795691265e-11
5038.825876075213,234.99968130001798,6.5744228465985e-11
5039.483430520546,235.06071856723764,-8.99816263885362e-13
5040.213776526122,235.1285220222603,-7.282831602727597e-13
5040.297112172748,235.1362593150718,2.402747415724374e-13
5043.285888581557,235.4138366387058,-9.136774552790894e-12
5043.515542080004,235.4351721088369,1.9995681772880177e-11
5045.449534415277,235.6148840963646,1.6764821340301076e-12
5046.7440356034085,235.73521126708968,-2.4612892894607302e-11
5048.251059880277,235.87533188402315,3.824173351027449e-13
5049.51932798301,235.9932857667022,3.3298744154128345e-12
5052.190705065429,236.24183119198383,4.500805046417097e-13
5053.258125211426,236.34118092001637,-3.000707575989997e-11
5056.109290129791,236.6066549236939,2.209952447020948e-12
5056.468611540581,236.6401222221264,-5.863188554944662e-15
5058.26988303695,236.80792900671793,-5.918055572961187e-13
5058.6409076317295,236.84250114965715,1.8310156856890144e-11
5062.865669308697,237.2363440823331,-4.584689095764907e-11
5063.839463982788,237.32717030219823,3.9058179562926695e-12
5064.76455209199,237.41346982041472,3.810177683902156e-11
5067.208395714013,237.64152666662187,-3.348375760062879e-11
5069.216847229325,237.82903555275666,-6.522097583117493e-11
5070.3299210136565,237.9329840408265,2.084172624566209e-11
5074.602908785261,238.33224468752417,2.0680398643896217e-11
5075.450060421576,238.4114410332283,-5.644128263429909e-11
5075.883812960446,238.45199569854387,-7.920540146342121e-11
5077.805169223222,238.63167888337918,2.775358755332917e-11
5084.915724900212,239.29724195874405,-7.209967907557733e-11
5088.641179376747,239.64632420307944,1.200933410421224e-12
5091.481800208684,239.9126676231548,-2.212826201836888e-11
5092.242337062694,239.9840026075048,-4.5823664602187523e-11
5092.379976605097,239.9969137248523,-2.289019151337336e-11
5092.96332613146,240.05163802312524,7.208751976050374e-12
5093.336923182551,240.08668863411157,1.0218162606655694e-14
5094.180569474058,240.16584839054852,2.36883790937401e-11
5094.244230306634,240.1718222505206,4.31333281725039e-11
5097.125105603165,240.4422384347556,-6.657880431352022e-11
5097.918433813918,240.51673181182304,-1.9641631848114684e-11
5100.16001612047,240.72727864736206,-2.6502080471174096e-12
5101.146927337245,240.82000636708017,2.1821680572248245e-11
5105.062459474971,241.1880768125833,-5.5535521514641154e-11
5107.317384533338,241.40017392341835,-8.758743321136602e-13
5108.488974237588,241.51041003324042,8.21322001428512e-13
5119.323825293356,242.53107074091096,-4.765873154621051e-13
5119.4904965866,242.54678833802922,1.543238265710109e-13
5121.025619725784,242.6915790632389,1.5587164638439268e-12
5124.337448895696,243.0040941301429,1.5904705336137847e-11
5125.064741974697,243.07275094792837,1.8204479067969213e-12
5126.132162120661,243.1735335694134,-2.8314624059965015e-11
5126.4151866263965,243.20025941804212,2.3444126854669526e-14
5127.661914138074,243.3180047780325,7.449069999576521e-12
5128.576005742618,243.40435301746376,2.356844296524412e-11
5129.297221020497,243.47249235791563,-7.230932585074738e-13
5129.442832192958,243.4862506461681,-2.946981972798912e-11
5129.776400988571,243.51776986224056,-5.109421939338024e-13
5131.237092999668,243.65581610561657,-1.7423053847173036e-14
5136.066490532757,244.11250982532943,7.705699602964176e-11
5139.379478800257,244.42605221058417,4.598261040464386e-11
5140.569329959827,244.53870949286707,4.158348946422445e-12
5141.883251700847,244.66314430436958,-3.914315352775397e-13
5144.575462694812,244.91820918217783,-7.912304056072002e-13
5145.309540254281,244.98778016670505,-1.0666336571279267e-11
5145.32265679698,244.98902335557554,-5.216543374917142e-11
5149.761835391459,245.4099517404428,4.840067708640244e-11
5154.510950204437,245.8606705643025,-4.521023768959047e-14
5159.447315961199,246.32960095622138,5.66526466316843e-12
5160.080050679811,246.3897400877703,-4.9708634803326955e-11
5160.093167222508,246.3909868454271,-2.1010226910624743e-11
5160.73104685376,246.45162260128595,-1.0804415452006075e-13
5160.7802058369,246.45629588191736,-1.9235119129689004e-13
5161.561096132314,246.53053690025436,-4.958874399780223e-12
5166.021108638414,246.95477573091327,5.0687552736508044e-11
5166.423511231212,246.99307050718352,5.5074752068775964e-11
5167.917899435533,247.13531056361575,2.4519812020435785e-12
5168.552047512853,247.19568298662614,1.890757323954708e-13
5168.712160534745,247.21092730290835,-6.244508243519181e-11
5168.958407868702,247.23437336472006,2.623198123509858e-11
5169.965672526873,247.3302901517265,8.152092221691654e-11
5171.487452914199,247.47523715150209,3.5340789911874084e-13
5173.304893879722,247.64840121574258,2.2497314670993546e-11
5175.009034559301,247.81082540914443,4.7567127190684175e-11
5179.670827910578,248.25542122833076,-1.9599394483482307e-11
5181.505116972721,248.4304673548516,-5.54412664102619e-17
5186.155433349124,248.87452458929644,9.786333114645146e-13
5188.2668672730215,249.07627624029942,5.887852539867769e-13
5190.430513106606,249.28310203506138,-5.817319625280146e-12
5194.986977801971,249.71894260053742,3.4166400082896215e-11
5195.377422949673,249.75630772979574,4.38363307840103e-11
5196.080376772197,249.82358664109947,3.803372016508959e-11
5198.952375602035,250.09855694944983,1.928027219502952e-11
5199.472969132304,250.14841577276,-1.2394628909549124e-13
5199.639414216416,250.16435777715986,1.9554998001950795e-13
5211.546123650972,251.30609884212004,2.6161730439276323e-12
5212.046816158063,251.354167745589,-1.183352210998333e-11
5215.211875057784,251.65813557659345,-3.2460842732951443e-12
5222.954939243823,252.40254656034355,-1.8572736939971185e-13
5223.115052265711,252.4179513320171,5.536337688004172e-11
5223.5488048045545,252.4596858431312,5.698522032438246e-11
5225.496394152604,252.64712040631144,2.4972533023501123e-11
5226.184591864584,252.7133687538326,8.172972793518768e-12
5227.030810612362,252.7948407247347,-7.910700693865264e-13
5230.0526045868,253.08587966693602,1.5430317075691173e-12
5230.265862406857,253.10642558502917,-1.9960349299408435e-13
5230.55261846651,253.1340538714874,-2.5561297456013405e-13
5230.720222648227,253.15020285009356,3.757708839796e-11
5231.84101380144,253.25820648875253,1.992596621895079e-11
5232.13384766221,253.2864288704347,4.94273922454662e-11
5233.538596209628,253.4218359619442,-1.4473463894230442e-11
5237.100432319238,253.76533284469588,-6.158012559507005e-11
5237.360955293493,253.79046636997077,-3.340577269572776e-12
5237.603244864392,253.81384197971937,-1.2029826895696945e-12
5241.305519181836,254.17116445475472,-1.2892203729681143e-11
5241.825886502967,254.22140758916186,1.2682102006343661e-11
5242.99281176474,254.33409610180888,-5.271670812052596e-14
5247.0021955832535,254.7214684308741,2.482232509393618e-12
5247.969205776795,254.81494182046507,4.37079118609219e-11
5249.30348095918,254.94394415424796,-8.624787260835561e-13
5250.136837425354,255.02453257381245,-3.750132846676628e-13
5250.36366420636,255.046469713951,4.783509153772808e-12
5251.201685114943,255.12752560300595,6.313692251640852e-13
5251.364370593148,255.1432625285471,-4.110278207941107e-13
5251.451692054795,255.1517095274219,2.2168267696670979e-16
5252.9095573483955,255.29275616130812,-9.446558048876814e-12
5253.138956585718,255.31495381397735,-4.3200050980827075e-12
5258.508622462863,255.83482259122204,1.381248017446996e-12
5260.470487451191,256.02489469840845,-1.2579895040641566e-13
5264.209284679272,256.387318309098,-3.953162825071413e-11
5265.412478590603,256.5040057396053,1.0575737425605147e-12
5269.721508802298,256.92212029116007,-7.175785791265815e-11
5270.342314127768,256.982386566922,2.2686397723493933e-13
5271.515543399775,257.0963002060324,4.842830402604331e-11
5272.260165045583,257.16861172688476,2.5043943152838546e-11
5273.850524968928,257.32308858521424,8.06557253305724e-13
5275.415386538206,257.47513418097367,1.1637988099423071e-12
5280.508133762678,257.97026964734357,-2.6017068307431087e-13
5282.699171779183,258.1834373457333,-2.741159677693637e-13
5283.8227615978185,258.2927865265996,2.6488999176673833e-12
5285.129672649158,258.42000601764056,-1.9866788734254692e-13
5287.350901514108,258.6363007209261,-2.6546771648625443e-11
5292.214475710361,259.11021419042953,2.1331060139138778e-11
5292.59180431535,259.1469998310871,2.0133537983893523e-11
5293.721499987076,259.2571491681636,-2.7249560167458715e-12
5294.45605801673,259.3287837955303,1.7134757285307954e-12
5294.755450148842,259.35798358270625,4.4961401326984974e-11
5295.122743189659,259.3938080172831,2.609470830912623e-11
5295.329188477259,259.4139450347766,-3.363462754448954e-12
5295.442969233425,259.42504373498764,-2.1389327811227335e-11
5297.036382083301,259.58049763471445,-2.1645715996008535e-12
5298.5448197187225,259.7277044183137,-4.104302866035303e-11
5307.263290094356,260.5793516546299,3.438476657220448e-12
5308.075812648858,260.65879270492235,-7.651551397941263e-15
5308.369805607228,260.6875396532235,-2.449965553987172e-12
5308.8433601924,260.7338476786387,-2.587968439080283e-11
5311.975881996357,261.0402752225139,2.1635933269803637e-11
5313.71255977148,261.210237289555,2.2537361105111757e-12
5314.179556085304,261.2559499260137,-5.2145005054013964e-11
5315.454382459242,261.3807586744996,1.3179335967691587e-11
5320.96988571783,261.9210854357677,-1.6185849778264362e-11
5322.508514201683,262.07191727651895,4.0033234208564346e-11
5322.944612987702,262.11467599788284,2.020643345895379e-12
5323.288725869667,262.14841813543194,3.451977636563576e-11
5323.98888102671,262.21707888647137,1.8230946228149507e-13
5326.210109891626,262.4349635744099,2.698818741600637e-11
5328.514193932925,262.6610717222757,-3.243557427322709e-11
5330.44586807275,262.85070929187117,5.631020496950231e-11
5332.2895140715755,263.0317690128022,-9.46029620465349e-13
5339.053610618659,263.696589757161,-7.250250664473488e-14
5341.949015816307,263.98142718254246,2.015400183175137e-11
5343.315601885157,264.1159196467758,9.896819837854619e-13
5344.182880753674,264.2012906747537,-3.9365497338303836e-11
5346.617367438619,264.44100461946306,-1.891191686083643e-11
5347.29784778161,264.50802825800133,-2.900100592614671e-11
5347.464519074839,264.5244457806615,6.335694421525775e-11
5349.2192040441705,264.69731751569617,-2.8674645400385827e-11
5349.4994018324605,264.72492788069803,1.5582342179956995e-11
5349.525634917854,264.72751293253833,-2.5632520517127906e-11
5351.397605988149,264.91201280133356,-3.822724590584215e-12
5352.8919941923605,265.0593447595282,-1.3796188239702543e-12
5353.959414338224,265.16460705843787,-1.4171450106840134e-11
5355.590282987217,265.32547365540364,-3.1202925054716064e-13
5356.696798500067,265.4346466919279,2.4994797744233756e-12
5358.924585636303,265.65451707454696,-3.5790220264286915e-13
5359.362097781028,265.6977078659572,2.577287806719326e-14
5364.261714417585,266.18163430595405,-5.270655275163978e-11
5366.195028125222,266.3727059402853,-2.400343228508292e-11
5368.029317187227,266.5540545056129,-4.984749440965647e-16
5370.570772095863,266.80542005637176,1.686301493891767e-13
5372.576396893501,267.0038727032705,-6.056876527911346e-11
5372.749626458077,267.021016905887,9.783550261361335e-12
5375.874176631899,267.3303426355174,9.415715084599453e-13
5376.395024423231,267.3819232647774,-1.9902877723751293e-12
5378.022387727408,267.54311660232696,3.059472183947594e-14
5378.141765814462,267.554943142651,-3.864357045123632e-11
5386.944504724923,268.42773566235206,2.981708338634909e-12
5387.707868296264,268.5034905011368,2.5054913798676926e-14
5388.587783237235,268.5908250075349,3.5503031194238193e-12
5391.689633722422,268.89880781762906,-7.615755475754428e-12
5396.585745014121,269.3853034937272,-4.474437870351272e-12
5400.601941364845,269.78469724696185,2.66348337260799e-11
5401.928499178195,269.91668309303617,6.253023023310866e-13
5403.636851881776,270.0867033677614,-3.608972655586776e-11
5405.217148188888,270.244026960597,-2.7336096411429052e-11
5405.45146612971,270.26735798334005,4.365111676371729e-13
5406.201486949221,270.3420443092874,9.363667373987098e-14
5410.593372337065,270.7795918745028,-1.335324700578818e-11
5411.700368320124,270.8899339230214,-2.7418371216625643e-11
5414.573045777099,271.1763791151723,2.854333097927414e-13
5415.455787435484,271.2644310523805,-4.303532845912775e-11
5415.936126501111,271.31235006483104,-4.65897900801298e-11
5417.250981130468,271.4435427629904,2.0170022094888534e-13
5417.411094152343,271.4595205896326,-5.4265925627767346e-11
5418.831503646699,271.60128524481865,-5.197483901903153e-14
5419.92515687793,271.7104631573941,-1.8017929407887034e-11
5421.463785361729,271.8640996462333,-2.2869119659714407e-11
5423.2276291106555,272.0402781790724,4.230246490886956e-11
5425.661861534424,272.28351146579786,-5.163233976126083e-13
5431.902792094734,272.90761616784624,-2.2987166457641137e-12
5434.711102039766,273.18868646589823,-3.8115719978287974e-11
5435.414055862224,273.2590644821868,6.995113781624819e-11
5435.6015610671,273.2778385822078,8.335279622816405e-12
5435.84735598278,273.3024499644033,1.1364290684892066e-12
5436.180698569225,273.33582925060307,-1.2404019095683891e-14
5438.535581161401,273.571693910451,1.0465293206242387e-11
5442.611452529601,273.9801739395174,1.0445981687947705e-12
5450.559576695812,274.7776077500934,2.5160675490193515e-11
5450.879802739561,274.80976035574787,-2.532059610236985e-11
5454.31499581112,275.15479305753877,4.375082252158101e-11
5454.71199923013,275.19468231421195,-7.803182875687893e-11
5456.846839521778,275.4092319935132,-9.51615857053495e-13
5457.5172562485905,275.4766256405175,-2.971986716444808e-11
5457.612775549417,275.4862283928665,6.143642019144101e-14
5458.526640944714,275.5781096621772,-1.5554242911180684e-11
5462.749282582933,276.00285956233773,5.8907922896839554e-12
5464.530200637584,276.1820982138131,-3.3335518059881636e-11
5467.228969902556,276.4538243986105,1.9182165092632152e-11
5467.925591662784,276.5239857010121,2.948870470475405e-13
5469.056700693146,276.63792607973,6.213183498994973e-13
5470.966834241862,276.8303936965069,-2.164234992208022e-11
5471.653872856171,276.89963706275523,-1.7882500663659087e-13
5473.816105330806,277.11761497058654,5.653097127547437e-13
5474.77327811724,277.21413649912864,4.6369289445418394e-11
5477.630520836239,277.5023619066719,-4.155308541171735e-11
5480.672668251811,277.80940493958957,2.71087943014763e-12
5482.74805973503,278.01897140615944,-4.712790886531072e-11
5483.5605822894795,278.1010389753502,-2.6509325458852387e-12
5485.04934511075,278.2514406897757,1.6375101621739504e-11
5486.302178475348,278.3780393532746,-1.5774451427535302e-12
5487.283690518231,278.4772412278812,-7.58814062666986e-11
5488.8848207369465,278.6391062832424,8.20199891666825e-11
5491.678628832493,278.9216573018474,-1.4913609853936302e-12
5492.538897011363,279.00868924170396,4.278225197775398e-13
5493.9333276813895,279.14979049409266,-1.0824734152004144e-13
5494.206740989191,279.17746115396005,-8.831984754412978e-12
5494.254486613613,279.18229336771935,-2.6224480053190216e-11
5494.600012854268,279.21726445524195,-6.87947676942042e-14
5494.773921046214,279.23486672495613,3.489616924499528e-12
5495.104917385461,279.2683703481046,4.3146651314386535e-11
5498.379997435094,279.59998444518163,6.731105697180941e-11
5501.158342740741,279.8814571968296,-2.0079161969107458e-11
5506.127273644455,280.3852116210219,4.959727430399566e-14
5506.607612710068,280.4339329104287,5.392743386329806e-13
5507.391555931925,280.5134582127623,2.7336721577940263e-11
5508.475597965225,280.62344499385836,3.371344702318065e-11
5509.596389118319,280.7371830966605,-1.5313334303029868e-11
5509.776403163362,280.75545311346093,-3.373713524675387e-12
5510.263074291194,280.8048494126517,2.8797780805465892e-11
5512.447780245289,281.026647137814,1.705863536551855e-12
5519.568625746332,281.75018646576285,-5.0292090208897045e-11
5520.414618284891,281.83620868192673,-7.038756807661816e-12
5521.815607226253,281.97869303831186,-1.3491911909064417e-11
5523.156440679849,282.11509327946595,-1.7772640784199398e-12
5527.465470891129,282.55366632752055,-7.409644907714782e-11
5531.075052624768,282.9213127751517,6.385872847443075e-11
5531.237992364059,282.9379143252852,8.853955322321503e-16
5534.226768772285,283.2425205443576,1.5560910518283885e-11
5534.4224718163405,283.2624716921638,8.00582641494995e-11
5536.370061164162,283.4610591346261,2.094959846770972e-11
5539.805254235617,283.8115015398342,-4.4447994484274354e-11
5540.913409316231,283.92459673395274,1.8536845929642767e-11
5540.939388140521,283.92724833113977,9.992724337208265e-13
5542.006808286314,284.03620813180726,3.9517162555797665e-11
5543.821676795261,284.2215139263916,2.7836672432965845e-11
5544.115669753606,284.2515375683054,4.651500420883526e-11
5545.0948636012545,284.3515479270091,5.8181446334274634e-11
5552.8667052760675,285.14595452272255,-5.7190630215305646e-11
5553.073150563648,285.1670717051222,-3.5338758723210394e-12
5558.690477132825,285.74196646116656,-3.836384503069532e-11
5563.583083079434,286.24316464836915,8.840744996755257e-12
5563.738984077146,286.25914238407074,3.329671343938965e-12
5564.240157054401,286.3105088431844,2.1516136715064375e-12
5565.8197747340455,286.4724380426226,1.6769546957443823e-14
5569.009172889797,286.79952857119235,-4.84395068563643e-12
5571.289624353798,287.03351644587354,6.022225089136328e-11
5572.7713764854225,287.1856043662227,6.292932584467098e-13
5572.847927651556,287.19346272215927,-6.423926530646791e-11
5573.444139459402,287.2546705083138,-3.082820827551409e-13
5574.799474762406,287.3938351421413,1.376527195020733e-12
5574.8828104090135,287.40239307710414,-9.36929912264026e-12
5575.499629919385,287.46573971146296,-2.105326987994377e-11
5575.79246378012,287.4958158561256,6.723953368793704e-12
5578.33112002312,287.75662032545364,-5.5701304158770483e-11
5578.664462609549,287.79087451858084,4.0787953126630104e-11
5579.354299889277,287.86176850992547,-1.7848922771366378e-11
5580.2854938513865,287.9574804254876,3.332326435304174e-13
5582.416122118785,288.17653517837584,3.7769764528857035e-11
5582.883825111918,288.22463198293724,-2.2953729356638976e-12
5582.96294873437,288.2327691551216,-1.2331521632294309e-14
5583.954071975118,288.33470727727524,-5.9148631309003e-11
5584.524050697568,288.3933384149694,1.250960480913588e-12
5584.594524062582,288.40058810754454,2.118462612940054e-12
5592.442662642321,289.2085093720996,-4.7454854522756465e-11
5594.526958644,289.4232664737821,7.022744017025311e-13
5595.996781382502,289.5747589466016,-3.802795753067155e-11
5596.003339653851,289.5754349871849,-2.046417749144232e-13
5598.224568518551,289.80444956769435,-2.4679590293198305e-11
5601.7442563341465,290.16752481226234,-7.2674038376458484e-12
5602.46032669926,290.24141936262754,-5.705759362947152e-11
5607.269596999191,290.73795453347316,5.6177344424914375e-11
5611.6200407725455,291.18748498437554,-1.787654176482811e-11
5616.041212172012,291.6446808906821,-1.46140498056903e-13
5617.073042295593,291.75143486663484,4.579158053385811e-12
5617.509141081567,291.79655989451567,-2.6320435947046597e-13
5618.423486947045,291.89118258922,1.1755292734744822e-12
5620.238101194842,292.07901675514944,2.0511647878660717e-12
5621.017606183386,292.15972342093994,6.584296388732316e-11
5622.438269938743,292.3068417557451,-3.3360088022527134e-11
5622.704898766056,292.33445692896026,-1.1152288612355812e-13
5625.653646918725,292.6399508080147,-9.406385043132382e-12
5627.041547369319,292.78379441074344,-2.4248938034626096e-13
5630.320358972732,293.1237551551727,1.2753923888755339e-11
5631.843552718506,293.28175354888,-2.273913546781109e-11
5632.331609153051,293.33238788476666,8.495086311589333e-11
5635.078830721647,293.6174854328358,-5.265678607661781e-13
5635.766349806146,293.6888556342354,-6.705251448874605e-14
5644.5508272604775,294.6015238448505,2.3768256153632362e-11
5647.565610544856,294.915074076783,-7.97364105587508e-13
5652.028421715598,295.37953270173284,2.018719236535505e-12
5654.577367783809,295.64497405153446,9.86782673232737e-13
5657.808688023877,295.9816482995277,1.2219281049965144e-13
5658.338186072594,296.03683553250914,5.314965521095657e-11
5658.826242507138,296.0877080639394,2.1552237027736056e-11
5660.797464431974,296.29322290570514,-4.2059648390313675e-11
5665.249759568295,296.7576718643764,5.0212226775935564e-11
5665.949914725254,296.8307430012852,1.7527667781187878e-13
5666.036049037303,296.8397329641406,5.085042423567358e-11
5669.444330395842,297.1955699188078,6.009089008965551e-11
5671.926562704929,297.4548586588979,4.512578466802845e-11
5673.260837887111,297.5942811256027,2.458336742734365e-13
5675.781458883825,297.8577579644561,-1.1810155336988787e-12
5676.268130011631,297.90864246800425,2.6234657276571608e-11
5677.049020306896,297.9902985382624,2.0506286008386038e-11
5677.770235584628,298.06572449428506,-4.4201348648650674e-13
5678.140327290837,298.10443305256433,4.644890461574227e-13
5678.357316664787,298.12712953540444,-1.983246084378491e-11
5683.423152175758,298.65724827616924,-4.8978357888334324e-11
5684.039971686108,298.721828171426,-2.578787635501645e-11
5684.840536795412,298.80565635203794,2.4306350419619184e-11
5685.58679800895,298.88380893518047,3.738371822942279e-12
5688.081892599618,299.1451834670568,2.623444195748051e-12
5690.809693615223,299.43106646413577,-3.404624362004361e-14
5693.04847725583,299.6658011568562,-1.2901884642349395e-12
5696.35024280889,300.01215715197884,2.1943490347579392e-11
5696.993041143525,300.07961020417287,7.561565503343874e-15
5697.631146983775,300.14657837019735,-5.559442257474566e-11
5698.591825114939,300.2474141177683,2.6738480260091588e-12
5701.562594328769,300.5593428130975,-4.8861349138986786e-11
5703.494268468342,300.7622544716171,4.559669862264613e-11
5703.67145579595,300.78087045956534,-5.598632479304387e-12
5706.056076818105,301.0314642595334,-1.6299684810199482e-12
5707.225574536004,301.15440210379523,-2.0395473723944704e-11
5707.952867614847,301.23086800995503,-2.1297797660818315e-12
5708.219722651281,301.2589269725204,-4.1973692659467065e-11
5708.303538768115,301.26774024266206,-5.51426285770313e-11
5715.12733838382,301.9856973568113,-2.6670714886691613e-11
5722.574035310973,302.7701705584962,-2.8242369755382187e-11
5722.894261354691,302.80392771806294,2.5656317789982028e-11
5723.675151649944,302.8862544833434,2.7313913916741846e-11
5725.669553733583,303.0965688933873,-3.808644957137481e-12
5725.976437025481,303.12893696588867,-9.490512591355183e-12
5725.996111839523,303.13101219769294,4.007369021184054e-11
5726.329454425936,303.1661731125448,-4.000775013318485e-11
5728.118089849384,303.35487300616467,2.8338675910740724e-11
5729.811912651369,303.5336245575704,-4.75362814505865e-11
5729.978583944575,303.55121647440586,7.26995006730087e-11
5730.519785177267,303.6083430196703,-6.625259127991553e-11
5730.798823867912,303.63779908205186,-2.5312657578110743e-11
5735.181578527607,304.1006424395484,1.519889972826015e-11
5736.302850150845,304.21911182382354,-2.5548662459756754e-11
5736.836560223708,304.27550977798444,1.012355400089341e-12
5738.442863406906,304.4452819361338,2.5330899279332e-11
5741.077717577969,304.7238658366435,-1.381838128390933e-15
5742.0854346541855,304.83044586544577,1.1637254837642687e-11
5749.0096722741455,305.56328569049015,-6.151987801599852e-13
5750.523481031093,305.72362016134963,8.875122509900054e-12
5752.343974922785,305.91649297749706,1.5077124371659603e-13
5752.848879453933,305.96999606580204,4.4551721175349774e-11
5754.251988433255,306.1187036108111,1.41083396600116e-11
5755.726023195839,306.27496723756843,-3.254830779136588e-14
5756.5340794649555,306.36064692575496,4.1518389499160404e-13
5758.9023048087,306.6118234838361,3.374239179839648e-11
5760.49571765832,306.78088072581113,2.914766993987308e-11
5763.287886185779,307.07723582343874,9.386989569954053e-13
5764.791405117446,307.23687575608784,-1.373588871233442e-12
5766.939616212671,307.4650397651595,-3.0234569759931033e-14
5768.3974815060055,307.61992976079546,-8.224665748953675e-11
5770.134159280855,307.8044931139113,3.139681485699535e-13
5772.002144535853,308.00307302984504,-3.701041211997724e-11
5773.422808291141,308.1541425686336,-5.512862363584535e-12
5775.28448953589,308.3521649951055,1.165117622116015e-12
5781.840501226547,309.05002001935327,-1.81553104160258e-11
5782.361094756706,309.10546855745986,1.450047075244123e-13
5783.641772722431,309.24189511263023,-2.0115238713338134e-11
5784.442337831712,309.3271921164471,-4.63644748796913e-11
5785.042761663674,309.3911726169299,-2.695852638145976e-11
5785.913573928838,309.483977210279,1.9808448138026278e-13
5788.819014690214,309.7937181926432,6.709249031709058e-11
5790.049374575198,309.92493031504665,3.908177127847088e-11
5792.520610379565,310.18856029743074,2.4189637919357067e-11
5795.052227880815,310.45874841555536,1.5790508621648222e-11
5797.437075112029,310.71338039610424,-2.8340102740879297e-12
5799.617569041766,310.94628510300805,2.223435704215122e-11
5800.617596800983,311.0531301831339,2.7095461962784666e-11
5801.17587233941,311.1127855346577,-4.042870292761742e-12
5801.418161910259,311.13867752865207,-1.875858548235836e-11
5801.565638859651,311.1544380112378,-6.100678327314283e-11
5802.206090947071,311.22288612776674,2.6843448093114754e-12
5805.44744675116,311.56942090298554,8.270412326183843e-13
5807.3456509065545,311.7724485999262,-8.00896029657932e-14
5808.975586666813,311.94683587102196,-1.7728712781683827e-11
5809.709438016982,312.0253668038138,-7.327899539019893e-13
5815.313648043006,312.6254119220124,-4.2568564241091515e-11
5815.7265666701105,312.6696461764861,-7.977862357347433e-13
5816.74742834097,312.77902032083847,1.7426782113730363e-11
5819.98855793592,313.1263990784819,7.896539579705089e-11
5820.2699148217725,313.15656355913615,-2.375006849486136e-11
5821.386748211701,313.27631447854355,2.074868010721123e-13
5823.92820311995,313.5489041067743,-2.050274765948257e-11
5829.70049779786,314.16846693091014,-5.109907385762516e-15
5831.088143987264,314.31749989907775,3.523671210438429e-11
5831.288285264579,314.3389979655957,-9.88833466513314e-12
5833.369754548683,314.56262159823353,2.7503098140227813e-11
5839.346882998279,315.20522084464903,1.5198743491824345e-11
5839.47680517169,315.21919604552926,-2.4864198412027987e-11
5839.73732814589,315.24722038135786,1.3006743878448455e-11
5840.160084180011,315.29269871290217,-7.952974068933327e-12
5840.440281968256,315.3228430368515,-4.419970448706675e-11
5844.002118077116,315.7061596166062,-3.3648283961409956e-11
5844.862386255889,315.79877473006565,6.509010129821186e-11
5847.637678634678,316.0976512543712,-4.0420708990116096e-13
5847.834795037424,316.1188844918032,1.8023350578123708e-11
5849.352589609354,316.28240420719516,3.9762759556568045e-11
5849.969635328799,316.34889380814667,-2.674274683991043e-12
5850.678921213384,316.42533138870505,-4.57830191102731e-11
5851.037055474485,316.4639299487104,5.655693021222521e-12
5852.547132677461,316.6267072015845,1.0360569822425545e-11
5853.255005203334,316.7030260688231,4.9970413588085165e-12
5855.9685305785,316.9956687480354,5.408741297870649e-11
5858.303512147184,317.24759558984516,-1.3615025267042726e-12
5859.57178024954,317.38447421096515,-1.7834134543982966e-12
5865.420626093517,318.0160979221941,-7.846424278466418e-13
5866.0210499254645,318.080974060012,2.4017875701591656e-12
5867.255141364347,318.21433919635234,-1.3304267261949306e-11
5867.648413229377,318.2568449853888,-1.9070438600446184e-13
5871.150320059576,318.63546531031005,-1.7117917163218995e-11
5872.511987424675,318.78274751054215,2.1014383882040467e-13
5873.258701056423,318.8635288923368,-4.923421575997975e-11
5878.842331431794,319.4679057935754,-1.3995842553075852e-12
5883.517241324621,319.97436372404405,6.798364839214782e-14
5887.77428583486,320.43590227967576,-3.83260719829822e-11
5891.362100767959,320.82514380300034,3.712633695952032e-12
5894.007499025278,321.1122945497887,1.7577495059401672e-11
5895.5044596855405,321.27484264875176,-5.718995722405176e-13
5895.858636183586,321.3133070903922,3.158946317985545e-11
5897.972416354156,321.5429168805481,9.524716011931718e-12
5898.209787221488,321.56870647832136,1.5953029779406792e-12
5899.647072864217,321.72488520945024,2.0431649005545734e-14
5902.4324288591115,322.0276566630343,-1.232957156010808e-11
5906.877006626152,322.51108342849574,-1.716668771238997e-13
5908.431550317847,322.6802535575024,-1.6673234802279646e-12
5912.611365034552,323.1353343490231,5.260732647470569e-11
5915.5526500791075,323.4557621082683,-2.6779417850299983e-13
5918.783716057814,323.80794269730666,-2.071648886839625e-12
5919.284408564786,323.8625345215549,1.1494069603772917e-11
5920.625496279317,324.00877960065395,3.9213087274595275e-11
5921.105835344866,324.06116844186033,5.777583125901403e-11
5923.17701480364,324.28711315325177,4.0187517029279346e-13
5923.240675636198,324.29405915735197,3.1494115376950095e-12
5923.82775671631,324.3581188221302,-4.9806804386919054e-11
5930.143372664783,325.0476521432938,3.29500329821341e-13
5932.738905259591,325.33124310660327,-2.7508246373518646e-11
5933.311936908529,325.3938699458913,-4.686500097370863e-11
5933.325053451223,325.39530352846907,-1.8310296437763266e-11
5934.285731582319,325.50031019675174,4.901817870036886e-12
5935.286437968876,325.60971022065917,-2.7822168571957856e-13
5935.7801197862445,325.6636876940698,1.613955149826211e-12
5936.620713150953,325.75560561409117,1.4387779643474766e-13
5937.714366382001,325.8752148236705,-2.8116583029701704e-11
5938.185574719885,325.9267561008942,-7.419666686828143e-13
5943.217233566991,326.47737940418233,6.366263233085025e-12
5943.705290001493,326.5308130927582,-1.0570694663583891e-11
5944.598547694128,326.628620633935,3.244726308810517e-12
5945.896328017513,326.7707477014251,-5.2015221504667156e-11
5947.957443860128,326.99653560765427,2.863466725035305e-11
5950.989075240849,327.32878223908045,-6.257839204664621e-12
5952.109866393789,327.45165635829915,-5.884478796199101e-11
5952.402700254489,327.48376401354153,-2.6886786470911037e-11
5955.361992493238,327.8083231051668,-4.371094936852778e-11
5957.038740989364,327.9922913649298,-2.1814595251315038e-11
5961.415417847648,328.4727323990863,7.230789682554663e-11
5963.442130817656,328.6953303317468,-6.821761195108889e-13
5963.942144697239,328.75025949095453,1.834931735341765e-15
5968.36470140297,329.2363011595089,-2.2233815412605233e-11
5969.783471329241,329.39230116695654,-2.813050142586073e-12
5971.44687707354,329.5752471815453,3.839704533485963e-11
5972.08475670461,329.64541648711736,9.77424237473532e-13
5972.184261820449,329.6563631228387,1.6802439595253562e-11
5975.920232330223,330.067492141492,4.895741392481276e-12
5976.64941923795,330.1477663118237,-4.2082075240145955e-13
5977.937814572556,330.28962613331333,1.300466260273107e-11
5978.2372067046,330.3225953270736,5.1285990388966655e-11
5980.317997361239,330.5517785285406,6.189471738708913e-11
5981.289898206075,330.65885331123974,-1.5653273494430147e-12
5982.07644193611,330.74551995037103,-6.472051610253742e-12
5983.413515783615,330.8928738253264,-3.9325757879033675e-12
5983.934363574848,330.95028341231966,-1.2306432554305192e-12
5987.019592171949,331.2904501058221,-3.581713747079207e-12
5987.141796976401,331.3039275973585,2.4388196969355668e-11
5988.19375433216,331.4199552499842,-1.198514410069572e-12
5988.44376127195,331.4475332425125,4.1364410793656996e-13
5994.496960417178,332.1156064468136,6.8665631993065605e-12
5995.753299126377,332.2543493151828,-3.091438447539173e-13
5996.6318007084665,332.35138328381225,-9.14043143405848e-13
5997.54849282103,332.45265070423676,1.9869980130061202e-15
5999.829396702987,332.7046904325023,-1.9555528650596194e-11
6000.537269228828,332.78292978590696,2.607776279375249e-11
6005.3919669573825,333.3197559241224,6.146909145387005e-12
6006.604037334985,333.45385281127494,-3.0018966513312612e-12
6007.904390114667,333.5977468746918,3.845773604364088e-11
6009.825746376819,333.81041677510956,2.787673648202347e-11
6014.790917673853,334.3603135295564,2.6891153807549063e-12
6016.224697971736,334.51919036425744,-4.59410891925333e-14
6017.6392558738335,334.67597427985385,6.106792383794518e-11
6018.110464211705,334.72820930338713,3.811670058670721e-12
6027.935704359015,335.8183018683501,1.7695727214244802e-12
6028.104948108524,335.8370947345667,-2.664550686383459e-11
6029.746106582439,336.0193567273867,-3.88835852053142e-11
6031.151081338611,336.1754283036274,2.7764313930759055e-12
6031.7405086659,336.2409156468524,3.56862078731922e-13
6033.4477022715355,336.4306266657373,-2.369115366126085e-11
6033.888719760961,336.47964323522785,-7.336832410594799e-15
6036.869778799778,336.8110648417823,5.6295663099367216e-11
6037.683460451695,336.9015549846256,-4.45883640257515e-11
6039.084449392837,337.0573885859394,7.659767758212578e-11
6039.592180641366,337.11387303896834,-8.086293679254546e-11
6040.542568947161,337.21961528785096,4.438177283942689e-14
6041.193310859812,337.29202783041995,-1.570142215943047e-11
6041.53976998889,337.33058391026435,-2.5978861572767023e-11
6045.725888715687,337.79661542793815,-2.2898905352057426e-12
6045.874779023778,337.8131970077071,-1.1477005245964972e-12
6046.725916474837,337.9079941166874,-1.2074890424854638e-13
6049.5770533402365,338.2256423187198,-8.110476349804689e-12
6050.1170954752715,338.28582585715907,-2.4596286154615213e-11
6050.264572424651,338.30226196168337,-5.301253191658353e-11
6052.111497558722,338.50813317098505,8.359338066448533e-13
6055.181037156755,338.8504245461591,5.96728328921615e-13
6061.197006711861,339.52178247924286,1.3764355513885096e-11
6061.55118320989,339.56132792759,8.601256754156794e-12
6061.834886342917,339.5930063647256,8.21629391667354e-14
6062.397401957434,339.65582153056715,-7.593716072411666e-13
6062.962009558042,339.7188761662498,3.362980927596058e-11
6065.446361904911,339.99639514065063,1.8589107556671125e-11
6065.823690509807,340.0385552453283,2.6575023703745894e-11
6066.407040035974,340.10373987320565,-3.6527976695720556e-12
6067.566700346731,340.2333412229333,6.575060222763083e-12
6069.398643161138,340.43812601644305,1.7767537348971658e-11
6076.062329754296,341.18355151757544,4.641840322474032e-11
6078.993070712346,341.51165440806943,-5.416752457797866e-11
6079.47807422028,341.56596687485995,-2.832502216318298e-12
6079.773961007517,341.5991034876406,3.8429195396972006e-11
6081.601691797765,341.8038283612793,-4.992227131222342e-13
6083.3835427405575,342.00347345291596,7.673861399889566e-12
6086.764912385918,342.38249526673553,5.3244972302288666e-11
6089.412402629185,342.67940266008316,1.62927598669218e-12
6090.560585965077,342.8082078151091,9.819658434917265e-13
6093.401206796047,343.12697783973005,-2.102289847193299e-13
6094.1820970912195,343.214634173579,-2.8960264042174935e-12
6095.335905809975,343.34417182819095,-1.995536911416302e-12
6096.520612056527,343.4772038530096,3.254332137060456e-11
6098.655452347757,343.71699279167484,-1.0670172131283746e-12
6099.717981841839,343.83636922488995,-1.5612548430313496e-14
6106.425908714556,344.5904927427102,-6.033589454947066e-12
6111.491263754679,345.16050310119465,2.7908346716003737e-11
6117.852279080056,345.87698507309875,5.5067506513068344e-11
6119.133183254784,346.0213516853209,2.0625581422499832e-11
6119.220024246179,346.0311403496477,1.463165412052603e-14
6119.367020725327,346.04771002096817,5.070536151873642e-12
6119.849253619788,346.10207085616963,-1.648063796043273e-11
6122.451090224709,346.3954429020079,-3.280357911699971e-11
6122.457648496056,346.3961825423899,7.083500644630802e-12
6123.355824892156,346.49748616075175,-5.726694007761154e-12
6123.452503290571,346.50839122046773,1.2510201149503583e-13
6124.1191884633245,346.5835961773747,2.7421742842848935e-13
6125.392375269099,346.72723987675386,4.179326955386758e-13
6127.107964871024,346.9208436461501,-7.04839535360998e-11
6127.30038877937,346.9425620077517,2.1251567000748754e-11
6128.701377720479,347.100708368367,2.221172947878933e-11
6132.997065179162,347.58583932368083,1.088314319058776e-12
6137.013261528975,348.0397135748142,2.296721637586287e-11
6140.4386171928,348.4270511172653,-3.986525424530028e-11
6141.167804100495,348.5095351181545,-5.2300959909844766e-11
6141.612779352963,348.5598745410012,5.889869027046489e-14
6141.961810938349,348.5993625445758,4.94999834773725e-11
6143.442856390373,348.7669469230747,-6.786347960921469e-11
6146.698742095561,349.13550142249994,1.738228427634347e-11
6150.466344864288,349.5622241662574,1.6496948863600234e-14
6155.569381912622,350.14061655988536,-2.7667261835145857e-11
6158.1173950919865,350.4295950065549,2.0049008701109667e-11
6159.442313337193,350.57990554720544,9.55228798359941e-13
6161.552588162814,350.81938070934245,-3.8404514473126895e-11
6162.886863344811,350.97083733039,-2.9664273892860145e-13
6163.50789487923,351.0413432213883,-6.590732522751415e-11
6164.754848599605,351.18293169404274,2.886523961557799e-11
6165.392728230645,351.2553724024995,-1.1837462789906821e-12
6167.482649614842,351.49276653072184,-2.716316090728075e-12
6169.66455690307,351.7406951830765,6.242531791786961e-14
6172.366577251167,352.0478454753408,-2.7314923996708183e-12
6175.613812698895,352.41715064776093,-2.8553956552534787e-13
6177.415084194585,352.6220913943244,-8.215114836209448e-13
6179.433373116168,352.8517944311925,8.159735648988639e-14
6181.4378388157,353.079998503711,-2.3903275002756763e-11
6182.238403924895,353.17116178792253,1.8328849581913342e-11
6182.422149523826,353.1920872387735,1.3115857426128637e-11
6185.92662881005,353.591305961595,3.85828569721076e-12
6190.706867358342,354.13621972865184,-3.341656029218344e-13
6193.258159673357,354.42722149007795,-3.848047730316304e-12
6194.435148550925,354.56150988516515,1.6799777988491568e-13
6196.859317357985,354.8381755189693,2.2333821517256465e-12
6198.720998602518,355.05071903817964,4.0082926510668843e-14
6199.688008795765,355.16114538150003,-6.675129296649525e-12
6200.0784539433425,355.20573658722066,-3.909175043373241e-11
6202.34250972856,355.46436085350604,-4.1905456464249065e-11
6203.34253748767,355.57862460711044,-5.5943684931275034e-11
6203.709576267277,355.62056729306306,1.0113685036921066e-13
6205.701405894334,355.84822325903593,-6.275293636406044e-11
6208.645942022356,356.18490259340433,-8.913144502188307e-12
6212.038534381362,356.57301085638386,1.401274882916223e-12
6216.303098103038,357.06117229572993,-6.709513370866978e-12
6217.050518414071,357.1467634456475,-5.068411860496611e-11
6217.555196736032,357.20456271511154,-3.954397126296631e-12
6218.344539131463,357.294973100653,5.4186463829945466e-11
6219.159379880952,357.3883160781711,7.465885387736011e-11
6219.4494150761875,357.42154361829085,-6.642163772735644e-11
6219.971902435225,357.48140567652996,-2.9012691031092066e-11
6221.073018774045,357.60757847775636,4.745776035928956e-11
6223.374304149264,357.87134627421955,-1.6489700387631153e-11
6224.074939776342,357.95167081685076,6.595237591768777e-12
6227.209779774628,358.3111760557646,-8.259389642861066e-11
6231.896166641883,358.8489511638354,-7.985475717283008e-11
6232.5794456501335,358.92739300355123,2.640793329208423e-11
6233.380491229545,359.01936563978467,-4.951998415769384e-11
6235.968532664321,359.3165943017478,2.5566017908296493e-11
6237.028009231818,359.4383075457632,-1.933861271051624e-15
6239.483301775771,359.7204523712025,2.0219582610849065e-11
6240.390382690385,359.82471577502344,-2.460615727798354e-12
6241.46436110731,359.9481826221202,-1.5113096895369192e-11
6242.2017458541695,360.03296624572806,5.133648546847916e-11
6243.022664404768,360.1273662692499,-3.671640952240455e-11
6244.19872039384,360.2626263023232,-1.8859294456517887e-11
6245.937716363683,360.462677629995,2.013959667897702e-12
6247.9213481515335,360.6909394848055,1.5420385707255246e-11
6248.588033324266,360.76767301804335,-3.949719035589682e-11
6252.224074351669,361.1863149082205,4.4451765643318266e-13
6254.090900508812,361.40134979258954,5.917984677397468e-12
6255.162306469415,361.52479127303303,6.8209753104940846e-12
6256.565641657671,361.6865077932941,1.884444804043505e-13
6257.893584777415,361.8395697429116,5.0643512942833164e-11
6261.028452827654,362.20103110477044,-5.433421985009592e-13
6264.598006305074,362.61283365209374,6.085346096013299e-13
6264.910514979789,362.6488974775944,-1.4058955593600864e-12
6266.798175048578,362.866773661369,-1.4838352576501886e-11
6267.4863727603315,362.94622266478683,-6.774894735241075e-12
6269.4000116534025,363.16718861653544,-6.430472172395199e-11
6272.801734740024,363.56014868409875,-2.096977066234927e-11
6275.383217903427,363.85849857834154,-1.2858138369825877e-11
6275.854426241269,363.91297081388313,4.004480416189349e-12
6278.477831489067,364.2163143054531,-6.4782864123039136e-12
6279.876247973808,364.37806454726115,-4.2951280235551206e-13
6280.085519978765,364.40227345150356,5.0863225293514436e-11
6282.120402735815,364.63771384771246,9.099559094803027e-12
6282.440628779483,364.6747716491554,-4.683967945475342e-11
6286.242182002431,365.1148464706281,-1.403630901044636e-13
6286.382394001098,365.1310827609219,-5.846289661725878e-11
6287.010210015971,365.2037871361053,2.2512596947761058e-11
6291.191664300106,365.68820661003986,5.191873758510688e-11
6296.388326820126,366.2906863364315,-2.3457038696318727e-12
6297.015436155642,366.36342445671414,3.863145145116114e-11
6299.6039580606075,366.6637425734679,2.0241521934212133e-12
6299.994403208174,366.70905240121317,4.928978432922247e-11
6300.650318085395,366.7851754069586,-2.6998534477051197e-15
6305.157369534944,367.30846111450194,-2.310499086156106e-11
6305.170486077639,367.3099845407539,-3.437257917698715e-11
6306.391234764559,367.45178277261965,-3.725153225129725e-13
6306.9745842906905,367.5195524660427,7.732332801784932e-15
6307.305326368758,367.5579786798199,-1.4175368242801423e-12
6308.334838296925,367.6776021387602,-4.190769536233755e-13
6308.415601487196,367.6869871902295,9.662599541601326e-13
6313.124433781867,368.23438272761786,-1.386122253341837e-12
6313.67502000324,368.2984143199036,-2.930046113580265e-14
6314.145295452597,368.35311042239346,1.6152771730350718e-11
6315.765620014744,368.54159593834464,-1.5390279357524357e-11
6317.34755588927,368.72566251779847,9.477512255405205e-12
6319.540940152274,368.9809506093173,-5.074767262905494e-13
6321.0058441869705,369.1515002133924,2.3184441732408506e-11
6321.596430611827,369.22026967365014,-1.3738924730277259e-11
6324.310634614039,369.53640145057375,-4.447269686962669e-12
6330.7676216581385,370.2890122227365,4.778537773315777e-11
6335.4638459323,370.8368751697356,5.6794693803832806e-11
6336.457994047408,370.9529048936851,9.98709755530596e-12
6336.874672280356,371.0015419552276,-2.8294968492472206e-11
6337.472043185681,371.07127607608174,2.461258956392157e-12
6340.290416746123,371.4003677133141,2.9824935484045924e-13
6340.652564874185,371.44266509404736,-6.9294697875307844e-12
6343.654684033547,371.79339303006253,-2.695646905095077e-12
6346.176011709156,372.0880799088067,-1.0980327431174016e-12
6346.193340276005,372.0901056363253,-4.956927957532547e-12
6348.076788320602,372.31031564817266,-4.703051644244387e-11
6349.9449997844395,372.528808775404,1.8000945470784322e-11
6350.278342370796,372.5678009843552,2.4857695598235446e-11
6353.92046119923,372.9939652907482,5.054766465783635e-13
6355.147315739231,373.1375745526757,6.443643332505774e-11
6356.748445957554,373.32503629842046,-1.6122268263713407e-12
6362.9191574122815,374.04795037493795,-6.333892971148009e-11
6368.035056741946,374.6478224234591,4.084772376528017e-11
6368.468356862385,374.69865179102464,1.688780238523891e-12
6368.742929267724,374.73086299227975,-2.066103929972814e-11
6368.826264914313,374.7406397093138,4.08016785556318e-11
6370.65656816075,374.9553982914181,-8.554149382631709e-11
6374.809697373327,375.442934472337,-2.2874827623333637e-12
6375.872226867336,375.56771593908604,1.857228180160539e-14
6378.440367278857,375.8693994000469,6.7720823477533505e-12
6379.51177323943,375.99529504493887,6.358784421202453e-12
6379.561158431679,376.00109856578393,5.7448310244509063e-11
6381.86315048617,376.2716679475027,-6.009367012792973e-13
6382.073581588731,376.2964062703824,2.0291200579606676e-11
6389.273098292214,377.1432742604598,-1.2734188094142767e-13
6389.8667376436115,377.213145747202,-5.035244647987253e-11
6392.902326787049,377.5705367490401,-9.93636577043791e-13
6394.006524104348,377.70058003568585,-6.550673737203302e-11
6401.153348427917,378.5428173986864,-4.013474475231992e-11
6401.844372857073,378.62430297642675,-1.089643445304235e-12
6402.278125395761,378.67545555487953,-2.8495994224852235e-12
6403.587835112106,378.82993108034503,-1.7373735017299935e-11
6406.816328634101,379.2108551637048,2.6287316978621846e-11
6410.863168250343,379.6886055873248,-2.972685823159877e-12
6411.34656024238,379.74569269076494,3.276653521095445e-11
6411.796708459431,379.7988576773805,2.742648257445111e-11
6411.880270315148,379.80872720407365,-1.6756997974903458e-13
6412.046715399198,379.8283864877526,2.128614251833486e-13
6412.986785827658,379.9394303553669,-1.1576874731430014e-12
6413.2936691195,379.9756838315874,1.5829807101804937e-12
6413.460340412675,379.99537417320664,8.291562405613874e-11
6414.720891145897,380.14431065691684,-1.713160376469184e-11
6416.6822756633155,380.37611019899566,1.9970064859929922e-11
6417.322049123255,380.4517349715303,6.221556500068263e-11
6418.50370244317,380.59143277332345,4.35652626448259e-11
6419.644394619145,380.7263124524217,5.182155050092502e-13
6421.6724928956555,380.9661815157685,-7.324701654575833e-11
6422.364930683519,381.04809549102174,2.3409775671077626e-11
6423.5522093862955,381.1885686904159,-1.7386004671682003e-14
6427.2210137183065,381.6228083543785,-3.725897061830281e-13
6429.289140250272,381.86770107916175,4.141645271563098e-11
6432.85776083907,382.2904568281753,3.1281372724053134e-12
6434.029350542834,382.4293000609342,5.35883256545802e-12
6436.906494284228,382.770373079864,-5.604297257204617e-14
6438.481645678239,382.957165097006,4.7332061109984397e-11
6441.996414789524,383.37413476447335,5.637433587967158e-12
6445.818801923979,383.82785656963836,-7.425893644705948e-14
6448.386942335461,384.1328489858504,-5.800188947844094e-12
6448.450829377138,384.1404377611773,4.3156154827488745e-12
6449.110730069366,384.21882797938895,3.758253145328709e-11
6449.45085713619,384.259235123405,2.4929853590964553e-13
6460.086471746661,385.5238228126409,-4.326681231747704e-11
6462.024704157196,385.75450550134474,2.4872321233012054e-11
6465.686950217831,386.19056410261254,1.3420368367628649e-11
6466.443048838232,386.28062249440495,-3.886490022324379e-11
6468.844744165655,386.5667566411267,6.67111999614884e-11
6469.582128912477,386.6546288018068,1.912031841530668e-11
6472.773873314641,387.03509591840367,7.034826772848347e-12
6473.560388992607,387.12888016198764,1.4848990576993878e-12
6473.587300705371,387.13208932014425,3.2408006510710128e-12
6476.136246773025,387.4361055882663,4.6712920830884487e-11
6477.543793985367,387.60403695272703,-2.650104210010487e-11
6477.7158644522815,387.62456880538747,6.357951434897152e-11
6479.496782506425,387.8371041692559,6.654835800544745e-11
6479.845079360453,387.8786768641792,9.208064880196252e-12
6483.680554985593,388.3366268373726,4.6121495639801025e-11
6484.800187040778,388.4703603048779,-1.3112284297078161e-11
6487.572680753678,388.80161776925763,1.5564095502371692e-12
6487.822687693438,388.8314955505642,1.5733447476192003e-12
6489.050220860782,388.9782120534666,-1.4746521622307377e-11
6493.858332061963,389.5531515992204,3.5660383637263355e-12
6495.5060488070385,389.7502786094873,1.0669352698489461e-11
6495.5257236210755,389.75263273688176,-4.163895784138028e-12
6495.954076986019,389.80388776608487,-1.1290860528227834e-11
6497.227263791679,389.95625209707197,-3.397566343725148e-11
6499.699206274958,390.2521587321515,8.093497861924196e-13
6500.766626420471,390.3799702490748,7.730624999256845e-12
6502.630880121195,390.603243930263,2.709250630127538e-13
6503.297565293886,390.6831054989721,4.09297300610663e-12
6504.392123361293,390.8142393013143,-8.61092289964674e-12
6508.413464623393,391.296206576766,3.926214482985419e-12
6509.834128378417,391.46654770040396,-3.0733864444931735e-11
6513.0364168669275,391.8506464184135,-2.7095657820126357e-13
6514.216204409855,391.99220373494944,-5.761902535808396e-11
6514.364359986595,392.0099820577056,-2.8279896996109838e-11
6515.210352524922,392.11150693028566,-6.69223165517805e-12
6516.250634748541,392.2363659628337,-1.2001432718612367e-15
6518.35599087048,392.48912062585447,-6.106754505654174e-11
6519.957121088746,392.68139603333634,1.1195070970689795e-12
6521.073700217375,392.81551095708176,8.678703631732039e-13
6523.514745172846,393.10879054637127,4.572613736394315e-14
6525.346687987058,393.32896159557606,3.7219538207902403e-13
6525.870786861921,393.39196150627424,3.590842260744477e-11
6527.143973667574,393.54502747288996,-6.755569825616925e-11
6527.176765024307,393.54897013305344,-6.23684378928131e-12
6528.22872237993,393.6754624593932,-9.37106509957179e-13
6528.624340492088,393.72303872641663,-1.6427138496083586e-13
6528.784453513914,393.74229442747975,6.668862311075931e-11
6532.134190899797,394.14525278223886,4.453116092076674e-11
6532.407377998394,394.1781250783828,-2.006313748511133e-12
6534.384931985001,394.41612291903255,4.233049409984126e-12
6535.722005832329,394.5770800474009,2.0393666571975745e-12
6538.6174110289885,394.92574218213093,2.93754866016928e-11
6538.911403987255,394.9611531904983,2.615572558070197e-11
6538.9376370726395,394.96431300343477,-1.9588599318529075e-11
6542.039487556824,395.3380247305543,-5.6855467517712395e-11
6550.834509095449,396.3986148471813,2.712083963049683e-11
6553.486211362586,396.7186627263204,-2.1572138772857532e-11
6555.072387313157,396.91016854794407,-1.581907553054369e-11
6555.325899597716,396.94078046828554,-6.03973342456334e-13
6555.806238663191,396.9987852481852,-1.2061890299026748e-12
6557.6742239178175,397.22439979464303,-5.303315593923545e-11
6557.700457003201,397.2275686743611,-4.020368151915528e-12
6558.274647749663,397.2969324065731,-5.49241879284584e-12
6558.594873793311,397.3356191816252,2.3913807506126027e-11
6562.396427016025,397.7950323111329,1.6696869110866147e-13
6565.299295320521,398.1460197025125,-1.865039598729249e-12
6569.038092547185,398.5983084259118,1.6206779563358256e-12
6569.595208987902,398.6657258021469,7.74021396552537e-13
6570.418954255862,398.76541875187513,4.579944210940678e-13
6577.671841966331,399.6437317871606,-2.0843506903649974e-11
6578.749806198202,399.7743542338837,-5.0806714568328773e-11
6579.390258285501,399.8519712299121,2.746744841314024e-12
6580.186611370467,399.9484925542548,-1.1848180635644226e-12
6584.162779464416,400.4305955346661,4.934965216770479e-11
6586.197209803073,400.67737905183884,4.7986024755313395e-15
6586.760884515133,400.7457682547432,3.087895068712112e-14
6587.238396863185,400.80370817884744,-2.6683674409091445e-11
6589.66632527593,401.09837074261486,-9.595982962623271e-12
6591.392939434278,401.30798522768714,8.16158401066075e-11
6591.579964168865,401.33069370878565,-5.031441049423113e-12
6591.913306755205,401.3711696524325,-1.2652165757863065e-11
6595.449390248254,401.8006627037406,2.5946132918123532e-11
6598.65447740215,402.1901519058881,9.009163581537095e-13
6599.390901208495,402.2796704719213,-3.601346266730772e-12
6603.823775790805,402.81873506689334,-6.865725264370293e-12
6606.41577498842,403.13410568975615,-1.0051827650454672e-11
6608.889130830351,403.4351562713658,2.8667240891073884e-11
6609.670021125431,403.53022765713575,1.1973447307114417e-11
6609.689695939468,403.5326231602331,-1.7893142444154685e-11
6610.82382984405,403.67072146219505,-2.069804785665538e-12
6611.618090942923,403.7674491130163,-6.755965430687619e-11
6614.143376381441,404.0750636394583,-4.206613681130746e-12
6617.234004151821,404.4517045048309,-3.171639237350241e-11
6619.875190384525,404.7737133907111,-4.300337442604484e-12
6626.099244794205,405.5330476123433,3.8589498290154874e-11
6627.127343363591,405.6585442406709,4.776673794560289e-11
6629.651723965594,405.9667697173193,2.6987025364216232e-11
6632.082451043764,406.26367108453377,3.6106335023881592e-12
6637.4383217487175,406.9182484787877,2.4168444046735112e-12
6637.516258221563,406.92777752583066,-7.72627967468189e-11
6638.8437489229445,407.0901028160848,-4.985023846658603e-11
6644.310093196366,407.758868319341,-3.1073989101472104e-12
6645.2101634213,407.8690378193928,-2.3756776979762906e-12
6645.743873494041,407.93437151660896,1.830970570994453e-13
6646.704551624974,408.0519853942029,-1.2453872982496762e-13
6647.131519683167,408.10426368563714,-4.999110302404579e-11
6648.732649901389,408.3003371867878,2.1977443921340813e-11
6649.373101988678,408.3787798098528,5.548496145530074e-13
6650.383193363831,408.502511238046,3.519143236647942e-15
6651.526231786944,408.64255072007745,-7.136858734932286e-12
6652.286768640598,408.7357413131203,-2.2779043112906814e-11
6655.195036118779,409.0921972955188,-2.266978210083278e-11
6658.1632328755795,409.45615924744567,6.965966821439205e-16
6658.734398747453,409.5262145464501,3.946159755549836e-12
6659.290582299679,409.5944379916122,-3.890492843294464e-13
6659.401988756633,409.60810418736116,-1.630190550939077e-13
6660.905761949069,409.79259395221135,-4.969422802733217e-11
6662.152715669303,409.94560752273384,5.014858352718716e-11
6662.599584750662,410.00044975599207,4.2447749542625434e-11
6664.593986833833,410.2452586009538,-4.729925617832418e-13
6666.020982651029,410.420464435656,5.989595686377732e-11
6666.722296905418,410.5065851975048,4.761780794952932e-11
6673.153050863663,411.29669844802754,-1.1151315097263211e-11
6675.526675380612,411.58852581206173,-8.367936636264815e-12
6676.240173289209,411.67626773022624,5.423447255429947e-13
6676.297530111511,411.683321553512,-2.4569774907256615e-12
6684.964975723706,412.7499527994082,8.164890319407477e-13
6688.347023995983,413.16652900406154,-4.836209442577037e-14
6688.814020309627,413.22406678227446,-2.3180540351947462e-11
6689.314034189127,413.28567704892714,5.680287510388269e-12
6689.802090623542,413.3458183952588,-6.897423296846196e-12
6690.434825341873,413.4237944303133,8.069674256357218e-11
6698.290002660959,414.39245336550863,5.911660104269303e-11
6698.467189988524,414.4143162783839,-3.1479430958090674e-12
6699.143938777334,414.49782475000535,3.519281968791572e-13
6699.6130551290435,414.5557170443847,2.333528254660469e-12
6699.740376794133,414.5714301428574,-7.280323670949816e-11
6702.108149719079,414.86369758264834,-1.7113732752860622e-14
6702.774834891743,414.9460088907542,-1.0789420586576108e-14
6706.194791381404,415.36837753326665,4.455696072010814e-12
6708.0248684185835,415.5944826890448,-3.390065204045899e-11
6709.333164776137,415.7561599046142,-6.152272629296898e-11
6709.923072573566,415.82907010006886,-2.2908011763456683e-11
6710.183595547712,415.86127171669744,7.883268280055314e-12
6717.063338625319,416.7120862031433,-2.7070692968988148e-11
6720.791846026599,417.17355319939645,3.8097567084213184e-11
6721.472806839563,417.257861481887,6.112565788857729e-12
6724.855081320945,417.67674013293606,2.3058876302680187e-12
6725.31551936324,417.7337794965749,-3.7251429048463005e-11
6725.605102140189,417.7696551994301,-2.965470949103104e-13
6725.732197596154,417.7854012327663,-2.143562764764166e-11
6727.0552500642325,417.9493337198397,-1.975993332392128e-12
6728.1098079281055,418.0800215430829,-2.785231382106951e-15
6731.331262708309,418.4793725142105,-6.823323133181072e-13
6738.862228168663,419.413702248077,-2.6256089786992888e-11
6739.195796964122,419.45511064507855,3.1615288803750163e-12
6739.599612915446,419.5052420910717,5.84150223175991e-11
6740.880517089999,419.66427891049267,1.4473213128968799e-11
6741.497082339084,419.74084231020635,-1.09850607456061e-12
6741.596587454905,419.75319924176443,-1.9371589308374e-11
6745.3325579640195,420.21727853952564,-5.502211653502094e-12
6750.702223838926,420.8847445141962,1.759232530861745e-12
6751.996498817271,421.04570631154877,4.365653323029759e-12
6753.698038987789,421.25736437071737,1.8971899296707393e-11
6753.757742057282,421.2647919260262,3.9888168622419386e-11
6754.521784255721,421.3598508873207,-4.0432679465647936e-13
6757.606079963797,421.74369548784114,1.3469775899560047e-12
6760.674234254611,422.1257051285691,-1.6910398253832197e-11
6761.787788508617,422.2643943888525,2.4960206536968172e-12
6762.535915498917,422.35758379843634,6.248874874680831e-13
6766.044126338627,422.7947167865477,1.0272653221723276e-12
6771.46786990014,423.4709767584149,-3.871470124199239e-11
6773.0612827493715,423.6697545710552,-2.5806191734536185e-11
6776.016362963408,424.03852380886667,3.373729642555848e-12
6776.953888987458,424.1555528096378,4.856457308393332e-13
6777.323274014212,424.2016666539633,-2.1537662180695302e-13
6779.518269792865,424.47574068622004,1.5808594635505075e-11
6779.985520367603,424.5340945102093,-6.574585454218253e-14
6780.885110122289,424.6464534812959,-1.2920508322453332e-11
6783.057632421455,424.9178634973168,3.188397370769569e-11
6783.299921992249,424.9481377659163,-3.6747598809952216e-11
6783.614748862148,424.98747724139184,3.7722759968345236e-11
6784.408077072511,425.08661638052627,1.6974098347757093e-11
6785.501476042246,425.22327319513505,4.018547620449955e-11
6785.688981247055,425.2467104613425,-5.276183401998321e-11
6787.522789838134,425.4759620258133,-4.283790617639123e-12
6787.769291433081,425.5067828747013,-2.5802891538287566e-11
6788.6569517946555,425.6177790391023,1.2700424203964095e-11
6790.370449410242,425.8320818409429,6.853881780554652e-11
6794.926659842447,426.402178630039,-1.6389467467872294e-12
6796.361373028564,426.58177658460306,-6.437234999621696e-11
6796.600609672809,426.61172800922935,-4.818836595804184e-14
6798.041626869166,426.7921596201062,-1.1658157437438569e-12
6798.20829816233,426.8130312143963,1.3758622296595304e-12
6799.602728831886,426.9876703638673,-1.4304582983417706e-13
6800.563406962793,427.108006980866,-3.1203122836317227e-12
6800.646996870477,427.11847843716504,-2.2904420166270683e-12
6801.167590400511,427.1836970108831,1.6678749127773097e-12
6801.610021248575,427.239127495824,-3.724017994285475e-15
6804.38296737955,427.5866215321336,5.656137004730652e-13
6804.731998964887,427.6303707499539,5.009083950887959e-12
6806.399390523897,427.839400212985,-3.870418693935125e-12
6806.934259694231,427.9064639476478,9.492544453112943e-13
6815.065648986292,428.9266545216426,-1.335330407881456e-11
6815.138214337373,428.9357642899667,2.5734978051832226e-12
6815.482327219199,428.97896513465696,5.112194881463086e-11
6816.138242096352,429.06131647093855,3.6814093679522775e-13
6818.723937283616,429.38603252408046,-2.6580698518188632e-11
6819.74431848401,429.51420764202686,1.3135030182617649e-11
6821.70850166671,429.76099237757774,-7.72613999405477e-12
6825.089871311522,430.1860023345549,-4.832883637497292e-11
6825.8838781492595,430.2858329052897,3.349764833317171e-11
6830.593417122781,430.87820250465677,5.560922673880057e-12
6831.247211961865,430.9604696415224,-9.233849638946253e-14
6835.1367652733625,431.45005568297427,6.836640687419915e-11
6842.630529195537,432.39409677360015,1.5479763543549234e-11
6843.059843500907,432.44821178450354,-1.2475051705856452e-11
6844.687433013579,432.6534000597193,6.262411879656642e-15
6845.95499443629,432.81323382152175,-4.25278500778568e-11
6847.35598337718,432.98992662369614,4.817456812879963e-11
6848.0507393602,433.07756269697813,2.8095118210756933e-12
6848.890399836251,433.1834887964025,3.1832784376934557e-12
6853.643500461983,433.7833538664831,-5.603338157020778e-11
6855.778340752861,434.0529168227796,-1.2330287097512557e-12
6857.465859544145,434.2660565999745,-2.1707276362085217e-12
6860.317024461016,434.6262883130253,-5.870178309380403e-11
6861.918154679175,434.8286494879564,1.6281489196073772e-12
6864.5122739147255,435.15661126222716,6.695375130972076e-11
6865.432923790163,435.27303431490463,7.096317234855231e-11
6865.983510011475,435.34266751544095,1.916251897173329e-14
6868.067777960522,435.60631758794136,1.1991489126638569e-12
6869.408385204538,435.77594037456424,4.3998999071601766e-12
6871.556596299205,436.0478157462736,1.4889833070414124e-14
6875.83823432603,436.5899489847032,6.9558455379613405e-12
6876.909640286493,436.7256612873882,7.235359684403021e-12
6879.9014696202585,437.1047407621014,6.900768047422693e-14
6882.570019983843,437.44299832537007,-2.1547952092264213e-11
6883.110062118778,437.5114684309794,1.4985303722446093e-11
6888.258752804635,438.16452317888377,-1.007939630353528e-11
6888.779346334659,438.2305819219364,-5.698396769414778e-12
6889.27936021414,438.29403398842726,4.3568807102292943e-13
6889.659741745515,438.34230772134106,-1.2735968813818445e-11
6890.547628316198,438.4549986402906,6.278167351229737e-13
6893.909096937803,438.88176914444017,-2.5339117373496363e-12
6900.3398508957725,439.69879468554075,8.979029482195197e-12
6903.893969634815,440.1506713558099,-2.9722016952450695e-11
6904.725432271677,440.2564185073649,-2.0034268107277153e-12
6905.0587748579965,440.2988172886153,7.872240733435305e-13
6905.234576878822,440.32117886658233,-1.3343687032976809e-11
6906.766647090684,440.5160784706363,4.2268746727430983e-13
6908.70790437562,440.7630941867961,-4.371256474604608e-12
6909.270419990035,440.83468458355213,-6.252251774561077e-13
6909.444582443022,440.8568511217167,1.604895655858761e-13
6910.691536163199,441.0155735634196,2.7500253704950907e-12
6911.025104958646,441.05803777664914,-6.619136453325253e-14
6912.938998112568,441.3017211883378,4.967709478955853e-11
6915.76135748771,441.6611967397987,5.593738523576004e-13
6918.623490857198,442.02588803725445,-2.8002310202768163e-11
6920.563362835395,442.2731511446361,-2.5133466165072553e-11
6921.710613282602,442.419416461569,-4.699510649221283e-13
6925.866088741915,442.94940951977264,-6.048142804254826e-11
6927.5346393984955,443.1623074666175,-2.9024214241502705e-11
6930.748857279853,443.57256865552085,-4.4288797002626685e-12
6932.510100519806,443.7974535862815,-2.6727740074574573e-11
6933.408276915752,443.9121595391653,2.0381065012683353e-11
6933.6379304140755,443.941490933467,5.945117729917657e-11
6934.805053832468,444.09057120280505,1.3303043291613184e-12
6935.444827292343,444.1723020847347,4.627730447067563e-13
6935.571922748302,444.188539391649,1.3365347403349504e-11
6940.692062153511,444.84291939403647,-6.743149132798909e-11
6940.748231826227,444.8501008434044,-6.957911161902619e-13
6944.093785239667,445.27794400090164,1.2244638372704988e-11
6945.057262035991,445.40119562220735,-4.9683573831175e-11
6946.590999867657,445.59743248333547,-1.743225870402514e-14
6948.311988643023,445.8176790954796,2.246460496125352e-12
6948.845698715731,445.8859926785327,-2.4876454397436925e-13
6950.260256617543,446.0670780109651,3.565231460365459e-11
6956.211151980238,446.8292885355309,4.0652207213986504e-11
6957.484338785787,446.9924472608054,-7.516432389743421e-11
6960.119192956103,447.33019832359304,3.7553514592979944e-13
6962.399898680432,447.622655817874,-5.9860423889874504e-12
6963.171658247796,447.72164112418477,2.7877162077608884e-12
6964.72529710262,447.9209429599437,6.148546895400466e-11
6966.388929055681,448.13440408122534,1.912172798269875e-11
6967.077126767336,448.2227218458262,1.2952934549496045e-11
6967.940674081564,448.3335549113803,-3.4781295554000665e-12
6971.612757548857,448.8050064801262,3.924781526758612e-11
6975.695187186825,449.32943316014223,1.2687177607029101e-12
6976.872176064201,449.4806855225984,-5.5583582974138654e-12
6982.065333238705,450.14835190562223,1.6680416222314753e-11
6985.166250834148,450.54726311433814,3.3327689252801334e-12
6986.967522329535,450.77906533466614,4.443911268139784e-12
6988.040822118916,450.9172146700845,-5.839600752129801e-11
6988.134221381641,450.9292375209303,-3.347858880678122e-14
6990.282404424284,451.20580744120167,-4.776837120509991e-11
6995.333003352937,451.8563865955627,1.4660935110754448e-11
6998.801213989022,452.303406828679,1.485190240037623e-12
6999.585157210591,452.404480552301,4.047958224837586e-11
7000.6954323288755,452.54764758605603,3.7932091264557975e-12
7005.8113316578965,453.207622617208,6.8206618004978145e-12
7006.029027711134,453.2357171242482,-4.774986359795395e-11
7007.896108129098,453.4767068332149,-1.1122230754968148e-14
7008.330313085988,453.5327601817383,1.659118222622484e-11
7009.817464390835,453.724769130758,-1.7615178618248457e-12
7010.8848845362445,453.862610901848,-2.4159323787221667e-11
7011.61407144381,453.9567868407661,-5.918087140833966e-11
7012.1657887107385,454.0280487316614,8.310209590986438e-11
7012.394961738831,454.0576512358494,2.2434962831931174e-11
7013.622268696923,454.21620013995516,-2.814115817041216e-12
7015.350041952741,454.43944850414084,-2.263246744851509e-12
7015.753857904044,454.49163414135484,-6.948386335774844e-11
7016.537574916485,454.592923436777,6.969953503500865e-14
7017.535454585387,454.7219079551771,-2.657037428179283e-11
7019.169602369354,454.93317520741107,2.6574836821267965e-12
7022.033403358605,455.3035341480254,2.420554631523673e-12
7024.439310709929,455.61479310590886,-2.034391164722934e-11
7025.322052367952,455.72902259909625,-3.187484136727385e-11
7027.13644040602,455.96385507942614,-2.0452860167774605e-11
7031.998855502459,456.59348639692416,-4.8178593647987466e-11
7032.877357084356,456.7072895099436,-1.551516183617232e-11
7034.697850975512,456.9431657257078,-1.0641987050789977e-12
7035.3485928880245,457.027495316007,2.7154669049997068e-12
7035.989044975269,457.1104990651773,-8.8272005685304e-12
7036.015278060651,457.1138990815836,2.2147437496480246e-11
7037.355885304629,457.28766931459324,1.3546144930467762e-11
7037.928916953427,457.361956085378,-2.7755216747692534e-12
7040.670513138247,457.7174552786073,-1.0909598308580975e-12
7042.849593708663,458.0001125658323,-5.0954609375988725e-11
7044.112264479797,458.16393868597515,2.239827243385068e-11
7045.266751825703,458.31375417259807,-4.500110042683114e-12
7046.747118650072,458.50589430508126,-4.443340662719428e-15
7050.215555495255,458.95622859926715,-6.246187452998694e-11
7053.0713848544365,459.3271896184235,6.928406370539748e-14
7054.356020582845,459.4941077445903,6.46994930716677e-11
7055.672514779498,459.6651969152378,-9.541389838694428e-12
7060.242096015283,460.2592990392045,1.9612463907534382e-11
7062.376936306087,460.5369865289442,-3.6143119426539977e-12
7064.194377270686,460.7734547362501,2.3032297527996692e-11
7067.39663770689,461.1902505896955,4.7127030139030353e-11
7072.381257607717,461.8394084420484,3.544120172472605e-11
7072.661455395886,461.87591279425084,2.5705823422514727e-12
7075.823235158375,462.2879317761033,-2.990347330611536e-14
7076.063857109345,462.3192953307782,-3.9617714211568224e-11
7076.701736740265,462.40244408140416,-5.726522539121748e-13
7076.717651948399,462.40451875308224,1.5929675157297532e-12
7078.179276847206,462.5950728646657,4.314101327264139e-12
7080.153099279686,462.8524653503177,-3.483747380729749e-11
7081.971445080788,463.0896467170905,-3.886826079779459e-11
7082.55479460683,463.1657505591869,6.515826111717253e-12
7082.587331702456,463.1699955367597,-9.465582482284505e-13
7082.841550666343,463.20316308369894,2.1048372791774964e-11
7083.08734558192,463.23523269031114,8.93239892200703e-14
7083.7720379487655,463.324572443739,1.7451646261740295e-11
7088.0304958166,463.880416706248,1.9158951944045546e-13
7088.357053922438,463.9230551873596,4.850876787874668e-11
7089.0747638551375,464.0167730130265,5.7317086647529547e-11
7089.8956824055995,464.12397934744536,-4.0251988468359745e-11
7091.75877700851,464.3673327860419,-1.2009408148138541e-11
7093.106168732944,464.54336605781043,1.0215026887175014e-14
7093.84024629203,464.6392854804988,5.737819543741061e-11
7093.937857578906,464.6520407637118,-1.076076991963093e-11
7098.080442704531,465.19353181518176,1.394611764638119e-12
7101.244116295946,465.6072789843963,5.748591740235933e-11
7105.154249257805,466.11890332072227,-8.352358450256304e-11
7107.067888150558,466.36939750996834,2.0799963163941575e-11
7109.702742320809,466.7144087311014,-3.3515637069873163e-13
7110.749809024786,466.8515485106975,-1.3526983418430553e-11
7111.2404659674585,466.9158193550928,-3.602946882285132e-11
7112.648013179634,467.1002176876471,4.729067098547726e-11
7115.723630578106,467.50327164483934,-4.807776824364912e-11
7116.443686757991,467.5976588448341,1.4055018247300413e-12
7116.606372236117,467.61898548517166,-2.63546059573786e-13
7119.235148605245,467.96366261411555,-6.677785347246176e-13
7121.903698968722,468.31368498678285,-3.962404023793638e-11
7133.115199996037,469.7856830497537,-1.5671267695313153e-13
7134.555990983184,469.9750175489575,3.421904664611803e-11
7134.9010087014985,470.02036203939684,-1.8110976281853768e-11
7135.768061360499,470.1343254635572,1.3115156224732382e-12
7136.330576974892,470.20826863961645,1.5024856051456316e-13
7141.2669427290575,470.85740830300017,-5.20323220110684e-12
7142.608030443239,471.0338409314183,-2.201621320050463e-12
7144.222022942907,471.2462206646273,2.570519945451948e-12
7148.92409880832,471.8652242229998,-7.330104376140647e-12
7150.36511600459,472.05500809096594,-2.6298232733899176e-11
7150.592875673966,472.0850078409021,-1.0027313970451579e-12
7151.342896493157,472.1838048556545,5.945839333177117e-14
7155.612577074696,472.7464289046521,8.606378190891808e-11
7156.132265768189,472.81493221094695,4.489887845547118e-12
7156.828661319009,472.9067361156615,-5.973458782738997e-11
7159.997451771054,473.32458182893816,7.37383223909256e-11
7161.637931617203,473.54097282803514,6.512916242702407e-11
7163.052743780064,473.727636462424,-4.084264630922058e-14
7163.972913185228,473.8490590567778,-1.7988299533518735e-12
7164.120163925448,473.86849123839136,3.590014935867125e-11
7165.871117340059,474.0995892441069,-4.798197962698197e-13
7167.162311339789,474.2700424967473,-1.5355371526557713e-12
7170.440670523786,474.70296360784323,2.986908780120433e-11
7173.317814264787,475.08306565073417,-6.131731673338654e-13
7176.494095876649,475.5028641570761,1.3208154972178034e-11
7176.819721094001,475.5459114544848,-1.5135034055450416e-11
7177.858335697684,475.6832282188666,9.99696101795282e-13
7180.275493814671,476.00288118409605,3.340466553698939e-12
7181.542602819058,476.17049085714416,-1.0536226471797667e-12
7182.336863917851,476.27556859737416,6.340907374823957e-11
7184.578446223148,476.5721841380532,3.087960964004227e-11
7189.230882635187,477.18810938405886,2.1776646596317035e-13
7189.824748195617,477.2667585613934,-8.231316856146628e-11
7191.91560246787,477.5437146315957,-6.653539618783297e-13
7194.483742878996,477.88400257048426,-7.042211659142652e-12
7195.604534031644,478.0325495523009,-8.148795275300743e-11
7195.897367892269,478.0713648652993,-2.7335667788970774e-11
7196.368576230026,478.1338271437271,-3.671356060218364e-12
7196.730724358027,478.1818354347375,3.6601434857700464e-11
7198.9322784078695,478.47373718808245,5.044949809900161e-11
7201.137592063611,478.76622693457716,1.927192795036171e-12
7201.6382845704475,478.8326460327657,-2.0091692271742276e-11
7208.004218597938,479.6775182322272,-7.50600870972468e-12
7209.424882352778,479.8661673614718,-2.5238854777150237e-11
7211.8593690366,480.18952790079766,-1.6568814386198176e-11
7213.955113960381,480.4679825322418,4.1969443107052435e-11
7214.461205640951,480.5352373721481,-4.7025458816336456e-11
7216.108243758433,480.75414596003503,-1.3742036668897339e-11
7217.735833271001,480.9705187137745,1.7356235574569018e-14
7217.863154936079,480.98744699240723,-4.849484906316283e-12
7218.86318269499,481.1204178468576,-7.599664709178314e-13
7220.430616719817,481.32887216841834,4.179854163503845e-11
7224.604099373148,481.8841276858282,5.736860979571455e-14
7226.952423692967,482.1966984695384,-5.671721226310786e-12
7228.202458391602,482.3631242099488,-4.1086499009076645e-11
7235.5899327169955,483.3472573213702,-3.358661006915101e-11
7236.739755620462,483.50052306003903,-5.6215472520787496e-11
7240.343005290442,483.9809762626855,2.3913816536081077e-12
7241.155527844553,484.0893501395436,1.2047353324444966e-14
7241.2032734689565,484.09571880682,-1.6940342275375938e-12
7241.449520802782,484.1285657785033,2.132282635204387e-12
7241.6225241581515,484.1516433920971,-3.714589481993837e-12
7249.3681327445265,485.1854261946352,5.341978394020157e-11
7249.958040541902,485.2642046817928,5.857357915905635e-12
7252.161940838916,485.55857845687956,-7.538716787469046e-13
7252.519848890785,485.60639248739267,1.2295885912354605e-11
7253.8007530652285,485.7775317248375,-6.711635573265234e-11
7256.985006307108,486.20310486492446,-1.7489254436423547e-12
7258.503281348812,486.406086984234,-2.3102626451489026e-12
7259.289825078643,486.51125874776915,-4.2492228265805475e-11
7261.593909118844,486.8194122045201,-1.4103470614159486e-11
7262.282106830469,486.9114723034125,-3.80842772911154e-12
7270.459149760222,488.005981712064,-4.482832741731865e-11
7276.275684715958,488.78528327063543,-1.5735567970803673e-12
7277.262595932168,488.9175718514321,2.685794543349929e-11
7278.043486227153,489.0222574758987,2.5680676555645275e-11
7279.630368856876,489.23502849402047,9.18300928259697e-14
7280.344771601905,489.3308315644377,-8.923013406021542e-12
7282.032064183945,489.55713874940784,-4.1157033389569985e-13
7282.1832726872135,489.5774220667801,3.4181689045087054e-11
7282.579117008445,489.6305231649729,7.787298790460358e-11
7282.605350093826,489.6340423414178,4.035700475544675e-11
7284.180247226489,489.8453384994422,-4.4693668155360986e-11
7286.054818804198,490.0969000520147,1.1769564279067198e-11
7287.245829060712,490.2567634743342,2.3378026351680192e-11
7287.7683164196405,490.32690261691636,7.039262154742606e-11
7288.136288087654,490.3763024610647,-3.7091517692927656e-11
7289.549913100903,490.566103462072,1.4289973717185893e-11
7292.811197979098,491.00412177233494,2.936485822240567e-11
7293.759240037462,491.1314886428688,-4.853047284317882e-11
7296.32387510375,491.4761233581261,2.7832092759449894e-13
7296.453769225144,491.4935817059505,1.0941273601101785e-11
7297.641047927733,491.65317164947476,1.053005620453948e-12
7298.044863879018,491.7074571266036,-2.6059574879442716e-12
7298.578573951698,491.77920903946915,3.2422321695307184e-13
7301.422700126785,492.16166147679183,-9.939229567326716e-13
7303.777582717922,492.47843761205763,6.7092407616957884e-12
7304.891815599207,492.62835855716463,8.344288493140766e-12
7305.558500771804,492.7180725277239,-4.025293523244385e-11
7309.901707644774,493.30272621202255,-5.0580747007208935e-12
7311.061367955243,493.4588907619869,5.434473560566467e-12
7311.1021028900495,493.4643767435089,-4.816861158264912e-14
7312.099982558903,493.5987758359465,6.796468374152689e-11
7312.143289950028,493.60460909286957,5.327562133940338e-12
7314.8640522230835,493.9711494142652,2.7404127873454522e-11
7315.801578247048,494.09748424326307,3.005116149042247e-11
7320.0373364261195,494.66846892737624,4.147657544720044e-11
7320.460318669236,494.72550553084716,3.552581343085162e-12
7322.172176716835,494.95637291986316,4.079646882199626e-12
7323.776359861416,495.1727678754316,-3.6368779428185263e-12
7326.37047909677,495.52279974826746,-3.479628016351228e-11
7327.99128412884,495.74156249361494,9.65984772925846e-12
7328.852032777572,495.8577588406136,-3.715617460583677e-11
7330.2595799897,496.0477994010406,5.99145982776578e-11
7331.627325155498,496.2325010334271,1.9772146859457225e-14
7332.294010328091,496.3225433372906,4.299320251150539e-14
7334.298702236307,496.59334576243873,1.3828926551365827e-12
7336.133217506573,496.8412248629074,8.132111315152795e-12
7336.895874398203,496.944293054877,-1.5665412115154384e-13
7339.411096220258,497.28428510264973,-2.534552956134629e-11
7339.831279797927,497.341094266349,-5.146311067125318e-13
7343.55088268028,497.8441294453814,-2.4058334768415837e-11
7344.780083467248,498.010421293288,4.316656207483915e-11
7346.081341083088,498.1864916428643,4.839984629850634e-11
7353.985903593537,499.25671109335445,2.0903821411014565e-11
7356.173210055004,499.5530595612188,-9.412783565814041e-14
7361.0892223675855,500.21942992824,-6.432534041909462e-11
7361.182621630304,500.2320946006507,-9.278362669864434e-14
7363.538663319028,500.5516202556869,-1.1613872600098613e-11
7364.705588580188,500.7099161676658,5.78615343027205e-13
7369.527494950694,501.3642840708327,-8.324968615627854e-14
7370.014166078318,501.4303526916396,-1.1123497038569453e-11
7370.0949012166,501.4413134087881,-7.500377250872682e-13
7370.795056373296,501.5363725039243,2.1604404270235115e-11
7374.356892481018,502.0200978728963,5.460057564877656e-11
7376.535973051323,502.3161493805927,5.0617946960051e-12
7377.786007749927,502.486019505118,1.0934001767658228e-11
7383.254924478974,503.2295417653009,3.29407896171944e-11
7383.53512226713,503.2676506714156,2.155958801959297e-12
7383.5557019176695,503.2704497083025,4.726747168428071e-12
7383.639291825347,503.28181884622717,-3.9610878919084e-11
7384.055715797112,503.3384589599302,-1.9504853251920713e-12
7386.201100174179,503.63031510398616,2.6022074912528032e-11
7387.057608746774,503.74685743419394,-2.2123308823327573e-11
7387.375262334061,503.7900829578621,5.358009205002808e-13
7387.738089089434,503.8394578098203,2.5856706896928505e-11
7388.802258151082,503.9842879905477,-5.624918035599116e-11
7390.739077202588,504.2479367212927,-3.206057442540842e-15
7393.228320200345,504.58688541952864,-3.261225762092651e-11
7399.230720792926,505.404673981099,6.813323606237566e-11
7399.664473331536,505.46379569345373,5.132106981177525e-11
7399.718777227285,505.4711977139596,3.414631487340705e-11
7401.005306784562,505.64657704569555,-2.6361813410031266e-12
7406.9154672120285,506.4526401297853,9.740243818757085e-12
7408.8733744362735,506.7198131307301,1.1308074616373608e-11
7411.05525367201,507.01763219955234,-3.8821861385008996e-11
7413.718913383834,507.3813315356583,-1.642996945057765e-12
7416.468226937445,507.7568632194025,-4.117231455238489e-11
7417.421187699302,507.8870616460177,-7.653743368465204e-12
7421.280776371123,508.414549683665,1.6433443031612677e-11
7424.445835269117,508.84732146472425,1.8934913461502e-12
7424.932506396741,508.91388241820783,-2.188083010819036e-11
7425.518654588195,508.9940544254795,-1.984224469041899e-11
7425.733071505744,509.02338346141755,2.5378660737709296e-11
7427.62703558437,509.28248627448056,-4.628575699111562e-11
7427.679727964259,509.2896957740249,1.0830092033640033e-13
7428.146724277844,509.3535935804908,-4.548537165430544e-12
7428.814314286935,509.4449450405539,1.831731429488535e-13
7431.035797411839,509.74898672321183,5.5092126456313474e-11
7431.061776236116,509.7525428339833,1.3435930850185227e-12
7432.188899450942,509.9068410402227,-1.073983113792654e-11
7432.820220810482,509.9932763799144,-1.1641668357612758e-13
7440.471271036317,511.0413790380821,-1.8648600326970978e-11
7441.491652236608,511.1812405912273,1.3930959984522878e-11
7442.839043960969,511.36595418846036,-1.6308815489898584e-13
7443.906464106308,511.51231029212727,4.871105447552294e-11
7445.527495347478,511.734613255829,7.416247111127506e-13
7446.8372050635835,511.91425794906513,-4.623577978656542e-11
7447.108724542322,511.9515045326962,-5.044995220506592e-11
7447.658123613998,512.0268743236579,6.192989689401302e-11
7449.872794206447,512.3307522221677,-5.376428138610741e-13
7454.112538200466,512.9127451779435,7.72923181047389e-13
7460.545185986803,513.7963920488227,-5.1523219146188797e-11
7460.685652246542,513.8156962727896,1.2818637968287386e-14
7463.466570007279,514.1979515553982,-2.16176605529923e-11
7467.569607347449,514.7622009439201,7.420847687229178e-12
7470.931980805252,515.2248254840179,2.6256844784777004e-11
7473.652743078246,515.5993240235721,1.0805408526113887e-11
7474.206608435177,515.6755773659474,-2.4953248706253836e-14
7475.607116905698,515.8684174007855,-5.006479636724466e-12
7476.901391883891,516.0466619646062,-4.3820446363380465e-11
7477.19538484211,516.0871542971784,-4.047577629266416e-11
7483.084485148743,516.8986091273994,-1.085199822680547e-12
7484.6963856622415,517.1208230829244,7.323984624541008e-11
7486.690561536014,517.3958031242656,1.016476068180332e-11
7487.613557658552,517.5231013075551,2.3428352087984263e-12
7488.427239310242,517.6353360249575,-1.7916645501159548e-12
7488.654066091124,517.666625422185,3.3891075200350193e-12
7489.742093938972,517.8167255299902,5.470624050127403e-15
7490.295224564573,517.8930416496627,-3.0954991023840385e-11
7494.363632823015,518.4545381676766,-1.1487467648249922e-11
7495.017427662029,518.5447993189066,9.039196623623036e-13
7497.085554193607,518.8303711346482,-1.4575736768290782e-11
7498.966882199751,519.0902178018825,3.050270121497298e-12
7499.85454256122,519.2128429772167,2.6020630203275234e-11
7506.163600236368,520.0848212120986,-4.343086895792469e-13
7507.604391223435,520.2840565466965,3.769267223907338e-11
7507.962525484418,520.3335859714074,-4.681469196910381e-11
7509.792828730485,520.5867510243273,3.897017667274873e-11
7518.798535631286,521.8333069406375,-5.0334223870181e-13
7521.131905683327,522.1565320769345,1.5977974130323126e-11
7522.384004316022,522.3300177322832,1.6203418305018468e-13
7522.733035901316,522.3783832655358,-2.3271439108304245e-11
7523.413516243963,522.4726843205846,-3.96047372916869e-11
7523.818237031742,522.5287746255996,2.641321182239761e-11
7523.934109773934,522.5448339991436,4.542999324174183e-13
7525.815211570947,522.8055797527522,3.609528428357084e-11
7526.929924922424,522.9601246219985,2.5029917910632496e-11
7526.981910622955,522.9673325252542,-1.152529236882396e-11
7528.9037473547705,523.2338333010476,-1.570577230106475e-11
7529.180666007243,523.2722391718871,3.6346134867781904e-12
7531.304283584144,523.5668108221226,3.884886599868265e-11
7533.222841180285,523.8330095803555,1.0541205123405723e-11
7541.856816807155,525.0318078682801,4.605227626281213e-15
7543.098625614576,525.2043417715048,2.80252942685102e-12
7551.829505848947,526.418191038801,-4.2599478032784934e-13
7554.197731191816,526.7476861442976,-1.8382908176342173e-11
7555.23917251286,526.8926163019203,-3.5267180276975513e-12
7556.20618270587,527.0272062845105,-6.743588611320621e-11
7557.54045788752,527.2129410601947,1.225393878823797e-12
7557.639963003328,527.2267937600647,1.4785074119285094e-11
7558.290478706666,527.3173604196253,-2.871122040672962e-12
7559.760301444546,527.522022055589,7.124572697663489e-12
7559.9911140404565,527.5541645691982,-1.624306455707154e-11
7561.375933511952,527.7470324447586,6.1377609296290756e-12
7562.23504259282,527.8667008455004,6.057783726018363e-13
7562.439395894222,527.895167955104,-4.730737601223033e-11
7564.474278650803,528.1786760085492,-1.5902984642196782e-11
7564.703451678874,528.2106100958302,2.1074342268629037e-12
7566.697853761752,528.4885606527721,-7.177111723868713e-13
7566.745599386153,528.4952156367714,-1.9624343101814287e-12
7568.596057916471,528.7531726060267,9.904508534674183e-13
7570.059322383005,528.9571987441625,2.639955332745783e-12
7573.461724096208,529.4317554709868,-6.881620044879695e-11
7573.545540213011,529.4434485813806,-6.584748903131185e-11
7573.649455510123,529.4579458898565,-1.5025579453986114e-12
7573.79529289162,529.4782921182388,-6.355110560553427e-13
7577.263277318275,529.9622368825245,-2.8820846849767906e-14
7577.550966266248,530.0023927928402,-3.228215447851311e-11
7582.087501883851,530.6358085301007,-1.1459145600176632e-12
7583.306639054635,530.8060957105944,1.5426809574921692e-11
7584.1144410623465,530.9189433170998,-3.6551274336666637e-11
7584.147232419071,530.9235244287663,-5.726590768303144e-12
7584.46205928893,530.9675082782729,-5.393547326542971e-12
7586.472630841038,531.2484443801844,6.520878484091833e-11
7588.714213146203,531.5617472815519,4.817170236757501e-11
7590.888403064908,531.8657192669519,-1.9233802843590704e-13
7591.571455863866,531.9612343806257,-3.5040599703733185e-11
7592.059738507335,532.0295189560554,-3.763382929741117e-12
7592.189660680701,532.0476888455205,-4.983851419922386e-12
7592.705589768263,532.1198456835899,2.059890808106674e-12
7596.040825304122,532.5864235370935,-1.6224107998833707e-11
7596.178464846442,532.6056828203405,-1.298775298981928e-11
7603.566165380572,533.6399226387354,4.7785338371976275e-12
7604.485429949171,533.7686852509404,-1.700454642792308e-11
7606.413824952311,534.038848684635,-7.126273278319603e-11
7606.664510519406,534.073974152065,7.772163740040478e-12
7608.014955170285,534.2632151703643,1.0620701424259492e-12
7608.861173917582,534.3818149351996,8.055571783459204e-13
7611.803391849642,534.7942771154881,-1.8412797063331027e-14
7614.685426241987,535.1984569176913,-3.850188213958392e-12
7615.565341182516,535.3218876842027,1.2938479272006362e-11
7616.312789545338,535.4267477995937,7.549187803652449e-13
7616.606782503552,535.4679951216191,3.480667680262775e-12
7617.653396789199,535.6148484204685,1.3339397959682777e-13
7625.190666258731,536.6730191131447,1.3853809297519416e-12
7626.484941236898,536.8548299621096,1.1661382798109865e-11
7631.181589876267,537.514842020649,-2.8706889954102607e-12
7634.642309352196,538.0014310636654,-2.1239243460076792e-11
7635.39583551613,538.1074086778963,-5.840757346761446e-14
7636.751170818536,538.2980524078419,5.004018135917797e-11
7638.664809711142,538.5672856708849,-9.037922217545754e-12
7640.645869042185,538.8460754990161,-1.9786356279760145e-11
7643.528383904748,539.2518541702352,1.2352405696844484e-11
7644.648015959714,539.4095087854562,-4.079529397794798e-11
7645.481372425422,539.5268681231248,1.6500657983678563e-11
7647.290587498708,539.7816990242311,1.0300131182912882e-13
7647.769541257363,539.8491705380795,-2.2002223975282575e-13
7648.55043155231,539.9591857311149,-2.7222033832955575e-12
7650.388932637525,540.2182460489013,-7.138486857500253e-11
7651.84541262357,540.4235205710917,-1.4503452411349934e-12
7652.678769089276,540.5409903959486,2.5448928271979286e-13
7655.653750326068,540.9604477356988,4.445267796048496e-11
7661.998369971276,541.855551685765,6.031433357008517e-11
7663.529507294483,542.0716768147595,7.881190319075771e-13
7664.933775370869,542.269931893236,-3.5508471111413974e-12
7671.093264110452,543.13995985625,-2.109504537875416e-12
7671.962889225705,543.2628507289796,-5.394792751022735e-11
7672.5876523138795,543.3511475799178,-1.7821159824767032e-13
7673.783835534942,543.5202224619887,-4.5858065740888153e-11
7678.1202298752405,544.1333724113991,4.911282516830365e-12
7680.887832936055,544.5248822232616,-1.0338323667400407e-11
7681.5556772062255,544.6193777354227,4.5076802346859614e-11
7683.06971217171,544.833634015808,2.087808658040026e-11
7684.111153492735,544.9810364609971,-1.3376042032940243e-12
7684.340580781905,545.0135115889765,-1.5141404455473134e-11
7685.92859445717,545.238319397133,3.0973554331585863e-11
7685.941710999859,545.240176439315,1.6158067850679235e-11
7691.881609857274,546.0814739365595,-5.308701543772218e-12
7692.272055004746,546.1367973946894,-5.786116912064333e-11
7694.508746658348,546.4537757181906,-1.321735474317953e-14
7694.94249919694,546.5152567069996,-4.093267909450876e-13
7695.536138548202,546.5994060032475,-6.061406398545356e-11
7695.6475450051375,546.6151987642764,-2.7663262516037782e-12
7696.530286663076,546.7403425747056,-6.337416331604269e-12
7699.331812126239,547.1376020518059,-1.6435286819187961e-12
7704.128898769854,547.8181700877417,-3.45779309515122e-11
7704.718806567188,547.9018902342144,-2.968806090367961e-11
7704.822721864297,547.9166386333121,6.356296185722568e-12
7705.402085575259,547.9988697037329,-1.3037623469590308e-11
7705.9060852697085,548.0704091308528,1.2267268186632277e-13
7712.1065071012135,548.9509009248743,1.0934853674534305e-12
7712.643043891283,549.0271252008581,4.661878099052339e-11
7713.506110735187,549.1497498108337,-1.4112476071286522e-11
7717.709558027529,549.7471721076691,2.56011641620263e-11
7718.122476654479,549.8058764461786,2.3453830643562147e-11
7718.8303491800925,549.9065214715237,2.059917358027416e-11
7719.123183040694,549.9481591687177,2.713146968682966e-11
7721.210531967994,550.2450025812881,4.736742162070066e-11
7721.850984055172,550.3360978301802,-1.877771433061231e-12
7722.99145002177,550.4983316866027,5.499233588689308e-11
7725.600325367508,550.8695401811942,-3.80716442853204e-11
7727.068480485545,551.0784943884428,7.383282432523067e-14
7728.381016919019,551.265333884742,4.139819694857762e-14
7730.829298772732,551.6139314899683,2.0435029299060337e-12
7732.583983741125,551.8638395130035,-3.1320564933185725e-12
7732.987799692387,551.9213603413058,-3.8209816467486145e-11
7735.9585689049945,552.3446184902181,-4.427600378289049e-11
7736.403544157337,552.4080300095671,3.1874644368711448e-12
7738.527161734178,552.7107079040998,4.13162955381684e-12
7739.00071631909,552.7782146728495,1.0844420513607627e-11
7740.471952415647,552.9879705863586,5.1184129513306904e-14
7742.440347622227,553.268669435874,7.560870329408353e-11
7744.417675399315,553.5507139547411,1.2236564810740259e-12
7746.792232804343,553.8895141811603,4.604674824963916e-12
7747.405292708533,553.9770020185271,8.222476398974938e-11
7750.848429356463,554.4684897771143,-1.4838692386187644e-12
7756.710844159249,555.3058178927442,-3.9387474021477513e-11
7762.634375390225,556.1525182762207,6.24391034656969e-13
7764.455321699439,556.4129314092896,5.284589708182026e-14
7766.263603884218,556.6715938931129,-2.1758458777121254e-11
7773.673551688538,557.7321657217078,-2.7331636326380235e-12
7774.340236861095,557.8276367045313,-3.0361715895388543e-11
7776.16256847704,558.0886409225155,-4.188817780950243e-13
7777.212914316589,558.2391049409181,2.560876300255546e-13
7777.308433617369,558.2527892686268,3.3899138374008475e-14
7777.602680836678,558.2949448983459,-1.6750330910123877e-11
7782.432304575866,558.9870938201448,-2.711792233901498e-11
7788.419016169127,559.8456651352609,8.941529326509736e-13
7788.581927856365,559.8690379904239,-2.9856838387140855e-12
7790.767340488765,560.1826252738394,-6.8608775572315315e-12
7795.8326955273515,560.9097969632508,-1.4204632087524679e-11
7797.133274515734,561.0965815967402,3.907565020540461e-11
7797.364087111634,561.129733354985,-5.087281393097021e-11
7798.13330227456,561.2402232973184,-4.735783477459288e-11
7798.553938270456,561.3006479938639,-3.003330947884352e-11
7800.728128189103,561.6130240724951,3.0012806112158827e-13
7802.4437177905165,561.8595723523694,1.3623422143241445e-11
7803.010897847263,561.9410940202999,-4.956810137387611e-12
7805.237299675563,562.2611554880049,-1.1829498499484763e-11
7807.492224732483,562.5854104484383,-6.708242639063411e-14
7810.811771269245,563.0629268719748,-2.1700281753830848e-13
7810.9782163532545,563.0868753240527,1.5276682967241054e-13
7811.06177820895,563.0988985636385,1.2171368971080146e-12
7814.54005246077,563.599481746539,1.1276763558028465e-11
7818.478058075447,564.1664971304217,3.161122583600514e-11
7826.743101093556,565.3574717460023,1.1462241006621994e-12
7827.657446958623,565.4893042882763,4.516475269020207e-11
7827.969955633255,565.5343660569515,-3.5678907174734456e-11
7828.938351132962,565.674013970295,1.3729278041569166e-11
7829.184146048515,565.7094616866007,1.4697099383510047e-13
7829.932499247822,565.8173935211336,3.842231099756634e-11
7831.393417467114,566.0281253385837,2.524437415150399e-12
7832.005572534794,566.11643803394,1.484984678157256e-11
7832.846165899204,566.2377176815016,-7.507324190471973e-12
7834.887606927059,566.5323081575049,8.295090019373149e-11
7835.741797304388,566.6555950183936,3.507104400664378e-11
7836.488737144983,566.7634132280642,8.55234887587564e-12
7836.992510630295,566.8361370097763,4.345659151528859e-11
7837.42626316888,566.8987564462856,2.0060179216173656e-11
7837.616086568876,566.9261617204293,4.8001481878236246e-11
7839.917371943452,567.258456787126,-1.667859625863823e-11
7840.628523604731,567.3611635607832,9.597490555791663e-12
7840.750728409138,567.3788137033864,-4.041189578437406e-11
7843.479208050952,567.7729619494485,8.406609881895417e-11
7843.7528475677445,567.8124986857267,-8.353982497816272e-11
7844.7503028702495,567.9566274399047,-1.178014976332977e-12
7846.114062220929,568.1537154885885,6.4336311002714e-13
7848.694866756262,568.5267824811746,-1.0283472185516515e-14
7849.122513441753,568.5886125973913,2.671028032064421e-11
7852.3837983197,569.0602472805779,2.1355947524132566e-11
7854.33161387571,569.342026450137,-6.979624521614258e-13
7856.02636956547,569.5872537757429,2.0450983266153075e-11
7858.487089334455,569.943408555871,-6.60573469123883e-11
7861.310127336583,570.3521412179479,5.019395408055841e-12
7861.702466312984,570.4089575112603,5.103675182409354e-12
7863.369857871729,570.6504512805486,-3.5533312264878666e-12
7864.464415938896,570.8090075468685,1.55967736479355e-11
7866.829163988849,571.1516372358606,3.6270674961051816e-11
7870.031424424686,571.6157787632933,2.452395978551685e-11
7874.056751500935,572.1994850461609,-1.6541090397959114e-12
7874.4366525620235,572.2545893093192,5.122245995776014e-11
7875.183874715694,572.3629808810317,1.0131369162454712e-11
7877.678262625928,572.7248896825874,-2.8995493145296326e-11
7878.678969012125,572.8701136074762,-4.179714605966803e-12
7881.032946766574,573.2117989183621,-1.1881457150309418e-13
7881.037158790728,573.2124103948856,-4.5061941534015816e-11
7885.94307943485,573.9248445341102,-6.50393357541397e-11
7886.754188630178,574.0426759164772,2.0373881597539884e-12
7887.591276649785,574.1642939996567,2.752987631432812e-11
7888.704830903602,574.3260990639352,-2.6724869577783132e-12
7890.144689002118,574.5353515892441,-3.444787907781503e-11
7891.589692013268,574.7453902119022,-7.352000640212107e-14
7892.023896970101,574.8085116517791,-2.0921908592403555e-11
7892.761027455651,574.9156780714366,-1.776767243537419e-12
7895.135584860636,575.2609669790517,5.04612911385017e-12
7898.983696557366,575.8207487647195,-4.7374356531660995e-11
7902.11178012626,576.2759896134131,3.607401316888531e-11
7902.445122712533,576.3245127431547,-4.921323623065519e-11
7903.9903094668625,576.5494651262101,4.0589611050681996e-11
7904.400429428358,576.6091788630525,-6.879097501032545e-11
7905.180386834799,576.7227497248913,-1.4734330417317737e-12
7905.784570272416,576.8107335566725,9.873828161158696e-14
7909.149544238322,577.3008787810339,-3.6586496259347717e-13
7911.551239565189,577.6508395079002,4.754303677365744e-13
7913.558503929566,577.9434076170899,3.907204670530248e-11
7914.81905466248,578.127176684059,-1.3293653987125481e-11
7916.493230701687,578.371291263468,-2.7335234675676835e-12
7917.186827586987,578.4724409821855,-1.617004795606159e-12
7918.641441796025,578.6846013643445,4.1115402833646294e-14
7920.755221965802,578.9929727940009,-1.8121323208654975e-13
7922.403391128755,579.2334750942414,3.838916748434862e-11
7925.746117824303,579.7214023845578,3.7382316945300485e-13
7929.667501551443,580.2940567796276,-1.4019158558251662e-12
7930.254610683316,580.3798189110005,4.807400539356251e-11
7932.3086877836095,580.6799187684109,-2.355853214361184e-11
7937.548911954428,581.4458655151176,2.108070104244291e-11
7941.7013344865845,582.0531710118681,-5.3150495579297124e-11
7944.9534605848585,582.5290269743653,-7.416934613708129e-11
7947.310689422987,582.8740620132023,4.8329272890856714e-11
7950.311677535923,583.3134742344962,-7.98676801851768e-14
7952.319422370521,583.6075459004077,-3.6845475964741e-11
7956.355039272,584.1988618688368,1.69916194379446e-11
7959.521031058256,584.6629666181203,5.2783687348518877e-11
7959.75744098504,584.6976295080706,-1.1935973182334236e-11
7960.265398442523,584.772110715284,-2.86704562615451e-12
7961.184663011082,584.9069134865045,1.8169425610108097e-11
7961.872860722643,585.0078423465799,7.2792240764623e-12
7964.23079624012,585.3537157300335,-2.4150063606999392e-12
7964.384124781439,585.3762102483186,-6.519030611682786e-12
7964.959983147587,585.4606971248877,-1.2503729670078162e-12
7964.967474307411,585.4617962282614,5.593815177065068e-12
7965.780901697949,585.5811484891884,4.124534911654558e-12
7966.488067544188,585.6849191511482,1.8205597231345323e-11
7966.527417172257,585.6906936498763,3.7279835690030805e-11
7967.662003494853,585.8572047535781,1.4876600295020684e-12
7971.667910018124,586.4452984857139,-7.2026580865421725e-12
7971.690383497601,586.4485985758632,7.209164328164771e-11
7974.2730257578805,586.8279054351274,-7.842427891910668e-11
7977.533830165552,587.3069879404189,-2.5606775435587645e-11
7979.368119226539,587.5765706490432,-6.598844261546587e-15
7983.6902659783555,588.2120351444362,5.739841133977037e-11
7984.657502380437,588.354290391843,-4.261940505470494e-11
7985.091254919014,588.4180896741509,-1.4430064308004267e-11
7985.128710718143,588.4235990911573,7.61169251713271e-14
7987.199635915039,588.728254099263,-8.6512800468665e-11
7987.693091523097,588.8008582951065,-5.37643724959116e-11
7991.178630725543,589.3138280529049,3.3810135082502986e-11
7991.462107649346,589.3555574325729,-5.6420483467500896e-11
7996.318869310293,590.0707296940507,-3.725764642188502e-12
7999.417214448976,590.5271970285429,4.729949279467114e-11
8004.415177100981,591.2639004398447,1.6543504763858478e-14
8005.002258180874,591.350466827105,3.870639654043059e-11
8005.230017850225,591.384052197045,-7.457608797415186e-13
8005.282455969007,591.3917848410445,2.0622880220409675e-12
8007.203812230477,591.6751473246595,3.171677453214252e-11
8007.777550558555,591.7597756956307,-2.2600421792787615e-14
8009.445394535526,592.0058228358081,-1.0049040278018958e-12
8012.150722070431,592.4050327446,1.6566941906643224e-12
8013.574891169918,592.6152435040389,2.253065884243115e-12
8014.454806110404,592.74513972317,-4.066022497973608e-11
8022.549474333237,593.9407729568178,-5.835026977321919e-11
8024.684314623758,594.2563033876345,2.1249469588256932e-12
8026.301614310882,594.4953969575747,-1.455240128192173e-11
8027.90274452877,594.7321475753624,2.3495482677539926e-11
8027.915606810357,594.7340496438007,2.595381243064714e-12
8028.415620689759,594.8079938342112,-8.671520773568345e-13
8030.144326833815,595.0636777758937,1.5259809470529246e-12
8030.620708136128,595.1341465336819,1.1991463452136537e-11
8031.263958888729,595.22930610702,-2.6222296688628185e-11
8032.084198811707,595.3506597046794,6.652468531141408e-11
8032.151619250141,595.3606350358621,1.4286108441028406e-11
8033.225343405641,595.5195114115087,2.0196193303388e-11
8033.906530427598,595.6203160237576,5.408767792001118e-12
8035.219066861025,595.814574193535,-9.243995394294677e-14
8043.241594099049,597.0026149720665,-4.023529407439821e-12
8043.370809593053,597.021759950004,-7.893881395448298e-12
8044.241621857847,597.1507902812682,2.1100332374079277e-13
8045.864999346084,597.391367290285,5.5417771826137906e-11
8055.415158562434,598.8076393867777,4.5088730074814305e-11
8055.998508088399,598.8942035584787,-3.2990103686818643e-12
8057.198903333559,599.0723518552034,-4.3147043024312144e-13
8058.539482525371,599.2713359495542,5.701170886417179e-12
8060.271015386839,599.528398852519,-4.9864773823852877e-11
8062.10131863278,599.8001852246222,3.660253917930066e-12
8062.48896511479,599.8577557529875,-2.1756795118591895e-11
8062.781798975381,599.9012472131622,3.689565897829597e-12
8065.653797803402,600.3278779907743,3.41693619561876e-11
8065.736200561488,600.3401210293853,-8.482079997040454e-13
8073.028381794419,601.4240564797682,1.950600042883343e-12
8074.36175213948,601.6223592632654,-6.614397897299491e-14
8083.152787861015,602.9306078679436,4.6090592967176464e-11
8084.440730776894,603.1223942102235,3.740235478344693e-11
8085.387811894702,603.2634426455971,6.746421933731164e-11
8091.5845021720015,604.1867211235129,-4.583038366467879e-12
8094.899384266248,604.6809137770214,-2.8276433158534412e-12
8099.94998319413,605.4342614916326,-4.693546490882525e-11
8100.596060664144,605.5306643540865,-2.1642860322058013e-12
8101.429417129806,605.6550229471736,1.147190474598607e-13
8102.27001049419,605.7804744349073,-1.5486191738551013e-13
8103.811691903687,606.0105912420275,-5.3716108175489306e-11
8105.9388148252365,606.328164992487,-9.105839597738066e-13
8106.036199902969,606.3427063188248,-3.0928485567727815e-11
8107.443747114959,606.5528976930837,6.127696323911413e-11
8108.039732713379,606.6419082150046,5.92746484489203e-11
8109.006969115448,606.7863790158798,-4.87659556450529e-11
8112.068791343441,607.2438202443078,-4.658135493318333e-12
8112.642982089767,607.3296245061653,-5.161201749139601e-12
8112.947292925209,607.3751016939985,-9.715777410947965e-12
8113.684423410739,607.4852679099097,-1.1744150395469634e-12
8113.770331513622,607.4981077677545,-3.43585137648069e-11
8113.830034583103,607.5070310913751,-2.5305451203530066e-11
8116.110966516194,607.8479922800998,-9.920509061084832e-12
8117.1327330231325,608.0007603708983,-2.706207668476771e-12
8119.332901765973,608.3297810301276,5.181108188391886e-12
8121.845324922333,608.7056063188533,3.993381686496015e-11
8123.786582206941,608.996072374462,2.985574206976695e-12
8125.174228395762,609.2037453657679,-2.485323961167461e-11
8127.041308813439,609.4832257150499,-4.4176543103400756e-14
8127.475513770262,609.5482303795735,8.63550495533943e-12
8128.518368449943,609.7043699576649,-1.5951624636435168e-11
8131.310989394428,610.122588856689,4.325353459200107e-11
8131.753420242408,610.1888598472478,-1.0242694110564358e-11
8136.680655268258,610.9271459782741,-1.3829491370966044e-11
8137.937474447213,611.1155366030498,5.039011387510276e-13
8138.043735991511,611.131465987101,-3.436498490904725e-11
8138.843622473068,611.2513815071214,-3.315847119977395e-11
8140.944766570329,611.5664320795202,1.0722470193921302e-11
8141.178604040792,611.6014992581411,3.356995864967778e-12
8143.584511391748,611.962356997952,-1.0588674423421748e-11
8143.687041382119,611.9777376566071,-6.831556078011693e-11
8145.118249223161,612.1924552440925,-9.553797885740702e-13
8146.898941067722,612.4596570009746,-5.439144842236796e-11
8148.716608241183,612.732467333038,-1.053978027181647e-11
8148.729244313646,612.7343640709919,-1.1024137812437551e-11
8152.022557764897,613.2288072418102,-8.075356997838215e-12
8152.239094720489,613.2613241199059,5.1885302702376684e-11
8152.9392498771185,613.366470790411,2.221346220790462e-13
8153.0516172745065,613.3833465448305,4.5646804918678914e-11
8155.87465527654,613.8073972344731,5.739587786252764e-13
8156.787587782861,613.9445609355733,-6.019012892714182e-13
8157.692096240874,614.080474104883,1.4161752314843119e-11
8161.669677692593,614.6783319492785,3.0904513053738993e-15
8161.994794387698,614.7272121083992,-2.6520815416379224e-11
8163.257465158642,614.9170687122969,2.999262871258505e-11
8164.03835545354,615.0344989572529,1.125102025615717e-11
8171.28982980357,616.1255117909008,7.422005665748982e-12
8171.829871938409,616.206802008681,1.655203760375715e-11
8172.013617537282,616.234461667599,2.2250969936476625e-11
8173.501221260149,616.4584170687343,3.3674560648173636e-11
8175.137941500178,616.7048687251989,2.4182275049953417e-11
8177.132597844012,617.0052838723077,6.686879086724845e-11
8178.953544153139,617.2796005485088,4.176521213551472e-11
8179.803974924533,617.4077347188075,-1.0900256938478598e-11
8181.738447728658,617.699250822917,-1.7224017126145e-11
8186.541838382241,618.4233976662936,2.4528358490610867e-11
8190.939377202446,619.0867319928739,1.487106919792224e-13
8194.948761018439,619.6918266228968,5.753116060109332e-13
8195.2928739002,619.7437738017514,-4.618850813852839e-11
8198.427741949463,620.2171130046069,1.6416279803706636e-13
8199.599077391802,620.3940214462133,-5.2715771792743484e-12
8201.116645753971,620.6232595170198,-2.0229752147641836e-11
8203.119499936978,620.9258679484184,1.0352429030486625e-11
8205.865760563778,621.3409167415705,1.228999031188018e-12
8206.655102958954,621.4602376085778,-1.5742046722883597e-11
8206.782452675994,621.4794894914864,1.1481762148202736e-13
8208.123031867784,621.6821674590384,-5.087813030269121e-12
8212.251369404477,622.3065258226098,4.970023821187705e-13
8213.799128615072,622.5406855645489,-6.085315170726296e-11
8215.200117555696,622.7526785527955,4.544095050314447e-11
8215.520343599266,622.8011391695017,4.073400634782106e-11
8216.967919066681,623.0202279939635,3.9885261595800594e-11
8217.22564337533,623.0592383093193,7.258477047349454e-13
8221.990447184135,623.7806809497948,-1.0328504134531484e-12
8222.224765124824,623.816169999786,-2.379312994809557e-12
8223.524863642911,624.0130971596939,-8.682580846605895e-13
8231.616252729887,625.2394074611296,-1.2356136737629006e-14
8232.614132398628,625.3907270974353,-6.228602172240089e-11
8233.07411802257,625.4604860301328,2.1415126954724987e-11
8233.777071844635,625.5670997354745,-4.8539701438137676e-11
8234.043700671818,625.6075404587331,-1.4759372801842643e-12
8234.868831246311,625.7326998040618,-2.502262693808412e-11
8240.16104111748,626.5357430786274,-6.017000243401637e-11
8241.114228088365,626.6804351021717,1.4870911896704088e-12
8242.642312484924,626.9124304160973,3.9020943311682734e-11
8243.52341457497,627.0462197750159,4.289771787985147e-13
8244.163866662111,627.1434770432652,3.0017056440861524e-11
8244.190099747488,627.1474608875491,3.470790236044402e-12
8244.753774459408,627.2330654814408,7.589247944737225e-12
8244.85768975651,627.2488476103492,-2.0428350183405616e-13
8253.981389436765,628.6352843172742,2.703456222357983e-12
8254.046209366905,628.6451398345813,-9.425981214041645e-12
8254.08134697082,628.650482348213,-3.2924067364504004e-13
8254.085558994972,628.6511227689472,-3.647401598991411e-11
8255.108738860607,628.8067026890916,-4.40781602272714e-11
8255.475777640091,628.8625175800656,2.0836416623356155e-13
8256.64736734353,629.0406956068624,1.5762875592773015e-11
8263.193089205983,630.0366491392838,-3.794026650135039e-11
8265.294233303217,630.3565125961873,1.1072875452703924e-11
8267.086374070634,630.6293998144552,-2.4235002954499134e-12
8267.228706107324,630.6510750863152,1.4249311318414174e-11
8270.488097156182,631.1475390144856,2.361477839468309e-13
8271.431672929171,631.2912991162983,-2.54355885190966e-11
8272.179121291932,631.4051895322956,-1.8092392970477438e-13
8274.757777737103,631.7981843066754,4.4792049003166824e-11
8278.695783351579,632.3985842268113,5.070802896591008e-11
8279.50994547342,632.5227494139995,3.065239299688431e-11
8289.19542603662,634.0007868334928,1.8277511280539238e-12
8289.479129169542,634.0441069502064,8.12794151763111e-13
8290.835651621428,634.2512619585859,4.4005803778580314e-12
8291.650492370647,634.3757128645634,5.583377907062817e-12
8291.796329752135,634.3979879480504,-1.820160217985486e-13
8293.710222905696,634.6903507457573,-5.1600165618492224e-11
8294.53114145603,634.8157734312472,6.786446440397178e-11
8294.563932812753,634.8207836623872,5.334258348959743e-11
8294.748837509229,634.8490358458282,-3.9193474276965445e-11
8295.964921753362,635.0348609616636,-2.0265460127568884e-11
8297.003536356897,635.193589198606,5.202882110027254e-13
8299.73345740926,635.6108892897447,5.042094628247778e-12
8302.635166615408,636.0545997018047,-1.2146895390699415e-11
8303.416056910295,636.1740348296013,1.2606308745665238e-11
8304.153441656912,636.2868262090631,-1.0160637178747602e-11
8307.505299079985,636.7996571473303,-4.956184641829758e-12
8316.28344446774,638.1436855940807,-7.36135435961608e-11
8318.572093769733,638.4943356907571,-2.0435312000270645e-12
8320.458368531179,638.7834094370173,1.4532403657221277e-15
8320.783485226275,638.8332405610978,-1.045653214504037e-11
8323.647766685264,639.2723374211025,-3.918109920279724e-11
8326.466140244842,639.7045440712409,-2.082388486129804e-11
8327.429617040989,639.852329896723,-2.4246583215815124e-11
8328.850987474985,640.0703823544733,1.898333395344227e-12
8331.685050033566,640.5052670086174,-2.4896123210598052e-11
8331.691608304911,640.5062735417436,-1.4882950060844864e-13
8333.139664242539,640.7285338639841,3.2493490995466696e-11
8334.233063212037,640.8963839189475,2.7359420844442568e-11
8334.390377568378,640.9205354002758,4.9432226714935024e-11
8336.341924678209,641.2201820299142,4.1079801028681935e-11
8337.334913695406,641.3726755905437,5.83015623168926e-11
8338.59266576282,641.5658549493714,-5.125683196912098e-12
8339.977485234189,641.7785844190018,-5.066407148844274e-13
8345.837101371142,642.6791021320652,-8.290333554248903e-11
8346.097624345228,642.7191545173404,-2.9517590013408717e-12
8348.193877790913,643.0414746714555,2.7779937078213982e-14
8354.148052288176,643.9574306645303,-2.640903969625772e-13
8355.405295833383,644.1509212932682,-2.6547621239038264e-11
8357.136828694798,644.4174530323737,6.157080270331491e-12
8357.900192265688,644.5349737551053,-1.6491720933001834e-13
8358.417732869066,644.614655847563,6.92090698157889e-11
8360.30072849483,644.9046090939701,5.861119104314845e-13
8361.601986110505,645.1050215252826,5.598327714376931e-12
8361.90819077488,645.1521859911853,4.868067768439704e-12
8363.68277676631,645.4255580985105,1.995083184574364e-12
8371.30714148766,646.6007391985393,-1.0454099392072701e-12
8372.945953713745,646.8534772629865,-3.492922392161906e-11
8374.626688024215,647.112731949647,1.6424459753463993e-12
8375.076129561778,647.1820675042235,-5.035695306591515e-11
8381.49263593015,648.1723506846558,-9.608551704096075e-14
8383.597992051516,648.497443336298,-7.287660314108908e-11
8384.961751402112,648.708067980166,5.224650709762643e-12
8386.102697838856,648.8843067952658,-2.0143372787681204e-12
8388.256732473097,649.2170998901422,-1.2497669169583566e-12
8389.838668347118,649.4615595562748,7.087174806252811e-13
8390.404943567326,649.5490783854788,-5.8102689840323775e-15
8390.588689166192,649.5774778595969,8.2772840248933e-13
8392.418766202944,649.8603660640898,-5.459102998828708e-12
8393.166186513723,649.9759179547515,-3.006307840686972e-11
8394.514511126414,650.1843962478713,1.9185922369673425e-11
8396.061337448498,650.4236081722016,1.5983684739474297e-11
8397.415541705153,650.63306787129,-1.1240035636283745e-11
8397.428177777618,650.6350224976653,-1.4451342166842892e-11
8401.328473331812,651.2384850661529,1.7788868549090207e-11
8403.669108334312,651.6007679612446,9.705898598373316e-12
8407.614831317691,652.2117144243919,4.9683051057916977e-11
8407.954958384415,652.2643923253664,1.5391928798338059e-12
8408.095170383036,652.2861085763963,3.933429042570679e-11
8408.267467059026,652.3127946477641,-2.561492341144151e-13
8415.469075746412,653.4287007648298,1.1053177237680274e-12
8417.913597994035,653.8077023885058,3.907537466239824e-12
8418.913399543668,653.962744521662,6.103464336509229e-11
8419.880635945707,654.1127542062076,-4.089471943967908e-11
8420.214883368464,654.1645969881066,-1.3577123218061078e-12
8423.620818478112,654.6929851098866,9.089325090910246e-12
8424.050358992514,654.7596381082146,-6.800509019317689e-12
8424.082924140113,654.764691471497,5.20682495365651e-12
8429.420024866182,655.5931509299891,2.1743314144636202e-12
8430.206568595899,655.7152877208997,7.276177631908182e-12
8430.694625030197,655.7910802686617,-1.0919751997491924e-11
8431.245183199417,655.8765842674198,3.536975353440405e-11
8432.941832718008,656.1401161884944,-8.852686583205649e-13
8436.323880989465,656.6655907070538,1.6647949937406535e-12
8437.011400073612,656.7724374711951,7.748035668664579e-14
8438.251569313068,656.9651931511718,-7.811489302813678e-12
8440.225391745205,657.272036713172,3.023438524282021e-11
8441.23404170942,657.4288656314565,-1.5449400483477424e-12
8442.426945794708,657.6143673037626,5.125856584456742e-11
8442.913843131397,657.6900894490057,-1.3350800981679806e-11
8444.028076012528,657.8633910840214,-1.196535910182816e-11
8444.76192736236,657.9775427654954,1.2696395690271457e-12
8451.818433399563,659.0756992127178,9.96460649060849e-12
8453.752906203636,659.3769083632502,1.7446973239841596e-11
8454.734163984862,659.5297225038645,4.16970241756037e-12
8456.20118805715,659.7582195286265,6.940164158853043e-11
8457.155307916495,659.906850192781,-2.07290487689002e-11
8458.262303898899,660.0793165732417,-2.0536813158457797e-11
8459.160480294664,660.2192661277962,2.9177867103337754e-11
8459.173596837354,660.2213099948992,1.4070183528256557e-11
8460.056338495218,660.3588692751136,4.716940487871684e-12
8460.134274968044,660.3710149507406,-5.1456469717129796e-12
8461.308437127778,660.5540107616342,-4.678748586163301e-12
8462.69608331655,660.7703112798323,-1.2520103290122674e-11
8462.94213249319,660.8086681047117,-4.777848633574645e-12
8466.240590856969,661.322975393177,-5.294433718651882e-12
8467.828180165821,661.5705893754539,-4.636568243709567e-12
8471.697125773951,662.174217602541,-4.620571557597246e-11
8471.991118732138,662.2200973015667,-2.274154925766489e-11
8479.281207978675,663.3582769769106,-3.856429265243823e-12
8480.781249616808,663.5925954030648,1.3595220461565565e-15
8481.975991427076,663.7792532229337,7.174497177873078e-11
8484.450506365962,664.1659371673791,-2.4855316279585903e-13
8487.212003573433,664.597600019018,-1.3910519159037833e-12
8488.576497655351,664.8109424759085,3.845807197159357e-11
8488.672695583498,664.8259845845798,-1.1543778210227842e-13
8488.859974579138,664.8552691866129,-5.2272158170846074e-11
8490.358094336354,665.0895517125123,1.3111487602311003e-11
8493.856015349973,665.6367328710082,3.180582557323385e-12
8494.163605321075,665.6848600720845,-5.47683311719159e-12
8494.856043108726,665.7932090350108,8.994661418919127e-13
8495.681173683197,665.9223325888983,2.6341480341234573e-12
8498.915546848162,666.4285961485125,-4.795126126163496e-12
8504.628590872207,667.323306998145,3.349379768571157e-11
8505.815869574622,667.5093203072527,-3.5802920174283015e-12
8506.982568626503,667.6921346568221,1.3062955046034549e-14
8509.884277832589,668.1469228362225,-1.5596596268548244e-13
8509.965012970859,668.159578763876,-1.1411973733778361e-13
8510.552122102697,668.2516167837454,4.73300348622404e-13
8511.402552874064,668.3849456161169,-4.9332942128265625e-14
8515.625194509843,669.0471602128539,7.825489501345692e-15
8522.231071859858,670.0837839185901,4.554117294499935e-12
8523.405234019581,670.268122812799,5.5764552304401514e-14
8523.976399891311,670.35780281563,4.708741225010812e-12
8526.581515630918,670.766913947783,-8.352481011311547e-11
8527.234603790503,670.8694954527058,2.780237362920433e-12
8527.608200841323,670.9281804163838,3.9341165295585425e-12
8528.529104977666,671.0728478533368,-1.76844231831744e-11
8529.549486177828,671.2331606680798,1.0767567297012343e-11
8530.200454299344,671.3354447525896,-2.0202494534312535e-11
8531.262983793014,671.5024126406337,5.242119885756299e-11
8537.253907409946,672.444226872317,-6.715792697673012e-11
8540.768676520162,672.997080373734,-1.3708962590738444e-11
8542.409156366033,673.2551965608469,-6.764070181033146e-11
8545.264985724678,673.7046563953085,1.9062816510365656e-13
8546.7060029207,673.9315054586501,1.8675903857323e-12
8546.78557896136,673.9440336618655,1.48197156257771e-12
8548.627359182063,674.2340303781602,3.4926584283198426e-12
8549.053168142536,674.3010848389026,-4.089621384085813e-11
8549.524376480216,674.3752924803737,-1.2979749254305065e-12
8550.727824651862,674.5648345363164,-5.435543880737698e-15
8551.001916586885,674.6080075112665,-3.7887999123759654e-11
8554.786847921045,675.2043239609396,-1.3940802790850998e-11
8555.676826477624,675.3445785245859,5.1683793253175275e-11
8556.204232539985,675.4277010157526,-5.285382773572461e-12
8558.629560443771,675.8100138076154,2.7485867345206593e-12
8561.984244584175,676.3390028139137,-6.476404184761394e-13
8562.718322143128,676.4547847119742,-3.504551124648663e-11
8563.98777739449,676.6550321284399,4.1206430706558804e-13
8565.982405686273,676.9697303305888,-6.190082455543147e-11
8566.253925164976,677.012574401342,-2.6253190076667386e-11
8566.763295981138,677.0929535848583,2.1075820771259585e-11
8567.497147330962,677.208764406119,-7.042277427875033e-12
8574.027406403335,678.2397569781707,-7.598768404872707e-11
8574.066756031401,678.2459718499267,-3.181575074988525e-11
8575.965638813283,678.5459148847132,2.581661386136785e-11
8576.167900128572,678.5778675180914,1.1401420703975225e-11
8577.269016467,678.7518317790812,-2.3801776883936914e-11
8579.703503150417,679.1365331544587,-2.3703380436011168e-11
8580.224096680327,679.218812323589,2.4374071981983523e-13
8584.40580522413,679.8799073409373,4.871007136296669e-12
8586.367189740931,680.190097681337,-3.328685552893392e-11
8587.70146492243,680.4011520191294,-5.433485386035237e-13
8588.27475083222,680.49184389353,3.5654725423774084e-11
8589.74290595012,680.7241286274057,-8.180032035064203e-14
8593.415243677757,681.3053228408464,-5.051758860099491e-12
8603.841586280081,682.9567782380553,3.811194531572671e-11
8604.625303292367,683.0809941221495,3.32936995301215e-12
8606.404836039239,683.363084666852,-5.007123320134033e-11
8607.57243992761,683.5482042816689,-2.484265058609962e-12
8610.607124233573,684.0294605856552,4.685622995813959e-12
8613.522854818822,684.4920123764508,1.6439834191652447e-12
8621.280675110116,685.7234764093806,1.2295380155974877e-11
8621.913409828281,685.8239646080958,-6.696583972889178e-11
8622.354399265556,685.8940050094752,6.895151244185014e-12
8623.265013576618,686.0386451879242,-4.469686312573007e-12
8624.002596480363,686.1558125962665,2.372085817412162e-11
8625.916235372762,686.4598469963603,-2.7702006895185774e-11
8627.563499699088,686.7216144638908,-6.077413339512184e-13
8628.435216800339,686.8601596198357,-8.453854457438001e-11
8629.685251498764,687.0588565898772,6.582477000804189e-11
8630.432191339296,687.177598778945,-3.721607808828666e-11
8631.546904690638,687.3548256088562,2.8113501633436022e-11
8638.836993937064,688.5144317764438,4.640762126109853e-13
8639.274506081512,688.5840562725346,3.0953360512551676e-12
8642.195890101602,689.0490477800279,1.0798198764651056e-12
8642.638320949556,689.1194824198898,-1.9300944779809036e-14
8642.963437644647,689.1712430380933,1.3744437301536677e-11
8644.29680798963,689.3835443324274,-6.186673191637989e-11
8646.114475163004,689.6730088714725,-9.764522168933959e-12
8650.49722982051,690.3712153527238,-4.485898504821772e-11
8656.166514035105,691.2749007519981,-2.288368151695047e-12
8657.213580738888,691.4418682321991,-1.6691597588419137e-12
8657.934796016247,691.5568864980017,1.0015044614307748e-12
8660.772618180637,692.0095508887003,6.807565303246728e-11
8661.00201741781,692.0461491145903,2.2401595568641755e-13
8662.157437651967,692.2304989489814,-7.174074408889289e-13
8664.738242187077,692.6423607875562,3.682215746462123e-13
8665.685323304831,692.7935330230367,5.491562395007757e-12
8665.888997978831,692.8260455498764,-2.7327596984014153e-12
8666.852022356694,692.979783189504,-2.9808495143359605e-13
8667.305449709274,693.0521744489768,1.2220382780894325e-14
8667.810354240171,693.1327886762142,-3.081160781308447e-11
8668.427173750202,693.2312778809671,-3.0277287417804373e-11
8669.974000072245,693.4782945614488,3.2078792512215634e-12
8670.191243707188,693.5129902869072,-2.3197569796630507e-14
8671.621716816822,693.7414711739185,6.3268814908103145e-12
8671.641391630854,693.7446139766993,-3.387036610359451e-12
8672.215582377146,693.8363368292287,-9.645268008581211e-12
8674.530464764439,694.2061842813575,5.03980857244838e-11
8683.619479258654,695.6592856492827,-8.27515497401758e-12
8684.088143191986,695.7342543031012,-6.46539865596004e-11
8684.109203312753,695.7376232276341,-1.8304963968753283e-12
8688.924325202055,696.5080983546504,3.96325067113551e-11
8689.725116520072,696.6362756368559,-2.5748560976445196e-12
8693.331192906857,697.2136224050014,2.850731213653641e-12
8694.067842922117,697.3315923843476,-2.796751017417246e-12
8695.635276946672,697.5826405876547,-4.887603997775383e-12
8699.775063406049,698.2459074462772,1.3368050725322582e-11
8703.292433024504,698.809700203778,-7.666312524806437e-12
8704.740008491852,699.0417956297817,-2.240937028266808e-13
8707.438777755222,699.4746029057178,4.000858378575456e-11
8710.033603669515,699.890867082032,-7.637419196417081e-13
8712.584895983566,700.3002684861117,7.716729307041636e-14
8712.597984474278,700.3023690824009,7.891251723593029e-11
8713.626083043377,700.4673803986866,1.1572602921595663e-11
8715.834195364165,700.8218514554385,-4.820979219859256e-11
8716.006265831025,700.8494779167579,4.49943094680468e-11
8716.527113622033,700.9331050120187,-4.944454566913853e-12
8718.135480738534,701.1913752795218,1.67509616274818e-11
8721.223762260846,701.6874225760483,1.6429766166694616e-12
8721.242277977271,701.6903971453178,7.697388717893177e-14
8721.970956362478,701.8074651071001,8.390217090121501e-11
8722.957867578518,701.9660358155642,2.6402222072046036e-11
8723.610955738091,702.070979792506,2.1025684984760943e-11
8723.984552788905,702.131016200956,-5.560782690857168e-12
8725.809711122092,702.4243529919148,4.04418368074506e-12
8727.340622235997,702.670446119333,-2.6826080740602188e-11
8728.00637452,702.7774789057522,1.1168970703399396e-12
8729.191080766077,702.9679639496666,4.297656822570494e-11
8729.78706636446,703.0638003000855,5.118107788994859e-11
8730.558825931657,703.1879113772503,2.559113659015476e-14
8733.64312163894,703.684024179439,2.712436513422545e-12
8734.244478359087,703.7807735698433,-2.0539594954501602e-11
8734.956590960759,703.8953505561138,5.361207035629598e-12
8737.858300166785,704.3623242795891,-9.487683607884863e-12
8742.68252473175,705.1390327847195,-1.5664304134164537e-11
8746.262876555344,705.7157527769773,-6.915252413273973e-11
8752.654761353979,706.7459391625115,-5.144405338073128e-11
8755.435452905187,707.1943408859065,1.9683853846742682e-12
8760.590956122278,708.0260708227605,-3.895453398463075e-11
8761.805146537417,708.2220256532702,2.1820139541921255e-13
8762.372552803237,708.313607090698,-7.050388521776194e-12
8764.16118822577,708.6023381742342,6.53204266323486e-11
8766.90818358375,709.0458875923501,-4.0233104220874034e-11
8767.508607415417,709.1428548084156,4.8393633472323836e-11
8769.534133234942,709.4700220587441,-3.7143790250501074e-11
8770.300775941474,709.5938715393822,1.7501963027123554e-12
8770.697779360244,709.6580108428758,-3.876997744975427e-12
8770.93000531483,709.6955302812021,4.383365710250675e-12
8772.398414693811,709.9327959068445,-1.7659891435704368e-11
8772.649100260873,709.9733056565068,5.406396815904441e-11
8773.99954491158,710.1915518354301,1.532094784112504e-11
8774.436576585793,710.2621879842883,2.4582534301765617e-11
8776.540519348373,710.602291326844,7.453586891739318e-11
8777.201805347122,710.7092053633668,4.7578874244135115e-11
8781.824277118987,711.456772793208,-4.599037923655363e-12
8785.122084907267,711.9903500311697,6.345490160610751e-11
8785.30467140852,712.0198979336242,6.750212203986529e-12
8785.805363915262,712.1009279581485,-1.6094329749292757e-11
8788.420543270953,712.5242329247075,-4.141337701723327e-13
8791.776612718026,713.0676463458512,-3.924051308664163e-11
8793.07651307889,713.2781814355332,-6.635187909980505e-12
8793.282958366355,713.3116206910414,3.0926266146451e-12
8797.239451645088,713.9526307575715,7.653364186261397e-12
8800.8139238247,714.5319957260627,2.189164866904545e-11
8801.134630338478,714.5839886459983,2.0457225843031985e-11
8801.551308571281,714.6515433249107,-1.1556685789511143e-11
8804.903165994197,715.1950853461051,-4.591478855611576e-12
8806.029582529494,715.3777931324256,1.9455484952628785e-15
8807.885610338475,715.6788968100936,1.4079521561665528e-12
8809.335786314103,715.9142032419394,1.46076235505081e-11
8811.833000941517,716.3194935901363,-1.395188495949089e-12
8812.230937248765,716.3840880550861,6.134819842883353e-11
8812.653919491811,716.4527512653341,4.518949155291571e-12
8813.553989716487,716.5988717027251,1.9656795064431435e-12
8813.653947250536,716.6151000667585,-6.428970101062762e-13
8814.792745597193,716.7999999149903,-1.4393760218944156e-12
8820.458552518883,717.7202780491516,-5.923439020247154e-13
8821.04563359873,717.8156694829299,-2.952935535472562e-11
8822.939823886187,718.123488875331,3.1761692225976225e-12
8823.377336030628,718.1945971061174,2.450617423184887e-12
8823.447328925375,718.2059732795926,1.0312675364903225e-11
8824.163879760315,718.3224418148675,-6.862064106858968e-12
8824.487611148666,718.3750643803178,1.1827090719960547e-13
8825.528798208466,718.5443225169643,-4.8537052558460126e-11
8829.162521039296,719.1351866203886,-1.734888812886284e-13
8830.514124787605,719.3550271769054,-2.1701068644139707e-14
8830.644018908977,719.3761564402517,-1.4779752405777525e-12
8831.004273207973,719.4347589322447,-4.753233353632627e-11
8831.31070408146,719.4846078603965,-3.0921824772550246e-11
8836.973684285724,720.4061497993697,4.673699830980211e-11
8842.136650610622,721.246838825979,7.36146667232927e-11
8843.95898222637,721.5436874627804,-2.8939030019741895e-12
8844.706176327996,721.6654192997975,-1.8283739035776612e-11
8847.057327364797,722.0485326925558,-3.680560458714439e-12
8847.179532169193,722.0684484026968,2.0284906916791303e-11
8847.47940477133,722.1173197896514,6.51714783179393e-12
8849.974499360675,722.5240191452394,2.8331350864332664e-12
8858.993294750879,723.9950353682123,4.127421322700417e-12
8859.617153002471,724.0968455619421,2.0322934700789069e-13
8861.585548208825,724.4181236983347,3.933989129941147e-11
8861.62489783689,724.4245470057284,3.112576814895011e-11
8864.929688262771,724.964112211561,-1.3743548296338237e-11
8865.41774469705,725.0438130643898,8.688346935776681e-11
8866.50110810233,725.2207447344064,5.3225255321827935e-12
8875.976157562509,726.769102879797,-7.778479029428054e-15
8878.136976677128,727.1224431005197,-2.1574977817259402e-11
8878.384184951363,727.1628724325575,7.019461273695244e-11
8880.030968807429,727.4322221259393,3.619452219052894e-14
8882.387010495753,727.817665634789,1.546518287832235e-11
8882.596989179989,727.8520226724319,1.0033143746675202e-12
8884.994952952698,728.2444388193634,-2.406327432373747e-13
8887.00221731688,728.5730001811737,-4.530980657718878e-11
8887.041566944943,728.5794419117619,9.560555338328546e-12
8887.663503315624,728.6812597890038,1.0092013591920027e-12
8888.976039748937,728.896159936571,1.3627088176144442e-11
8890.564053424003,729.1562060940136,-5.2205454563269445e-11
8893.1989075937,729.5877807415696,-3.3531030680059933e-12
8895.279472040276,729.9286561357322,5.0153278259176504e-12
8896.580955865016,730.1419291062518,-5.9917797530926045e-12
8897.580983623735,730.3058239437331,-1.8562757766671185e-12
8898.374990461267,730.4359670729934,2.718974001145612e-12
8899.036050250881,730.5443281347934,1.4484402769367382e-13
8899.939852029478,730.6924925416465,-2.36574132579838e-12
8900.449675263875,730.7760768609552,4.5457865016504844e-11
8903.170918006677,731.222299185703,-1.7771554568246345e-12
8907.627877582983,731.9534345195511,5.1100703179733035e-12
8909.654138133814,732.2859504245495,6.970572648568609e-12
8909.912541069825,732.3283606189244,-3.5696959221564193e-12
8911.443452183705,732.5796455243639,-2.0282382566709346e-11
8916.311266452793,733.3789391135879,6.266427170044841e-11
8917.730036378418,733.6119828431969,-6.514058048786242e-13
8922.999744717803,734.477897068919,3.455477628113135e-11
8925.05034452507,734.8149882326168,5.0681259398254626e-11
8925.470980520919,734.884144734731,4.886989913754673e-11
8932.664871839019,736.0673924509141,-2.758116225196642e-11
8932.787076643412,736.0875008718289,-6.222881061018864e-11
8935.376277174793,736.5136104355311,-7.344821771319983e-12
8935.702807228585,736.5673568648126,-2.1608250773151882e-12
8936.757591301293,736.74098639366,-5.725448032882998e-12
8944.534351675073,738.0217627185602,9.763220147916434e-12
8948.5133464852,738.6775052793807,-6.3962354813953025e-12
8950.230123236002,738.9605219690952,4.85861404709924e-11
8954.316764897156,739.6344376671852,6.837048424642213e-11
8957.000778049947,740.0772175216139,-1.0507199814895996e-11
8958.001964906265,740.2424166298186,-4.775820218718301e-11
8958.348169774086,740.2995458625276,8.174649910302442e-13
8959.415589919252,740.475700824567,-5.01182807553045e-11
8959.77372418018,740.5348079593693,4.993431826778546e-12
8960.339999400358,740.6282718808999,-5.434134971375948e-12
8963.605920668373,741.1674285925446,-6.775083318023811e-11
8963.884959358871,741.2135029848064,-1.5296942379054146e-11
8965.22604707277,741.4349611105142,-4.295238674569574e-12
8966.40020923245,741.6288814837998,-6.86383464015179e-14
8967.840067330813,741.8667179028769,-5.001558290944689e-13
8969.068759595357,742.0697040520806,-4.4054034872176654e-11
8969.094992680733,742.0740381930915,-3.482247956809322e-11
8970.95503435669,742.3813802580681,1.4003494211518839e-14
8971.789521867915,742.5192866499121,-7.188178159208599e-12
8972.8309631888,742.6914119707669,6.711027287363331e-13
8973.476814449636,742.7981657610036,-9.67607006042758e-13
8975.278085944597,743.0959414124966,-1.3802543265605342e-12
8976.358848841573,743.274635491722,1.3009680280939846e-12
8977.71305309816,743.498570923608,-1.1064837161763025e-13
8979.886988755447,743.8581303348093,-1.3705613864186277e-11
8981.84837327218,744.1826094253872,-4.316119786158121e-13
8982.515058444653,744.292917755167,-4.756301490785006e-12
8986.557233617074,744.9619028877628,-1.2436471101836567e-11
8989.089331587264,745.3811216444104,-4.939108698025057e-11
8990.899960019009,745.6809650103329,8.351962073850866e-11
8991.988440284937,745.8612483891347,3.450412264335669e-11
8992.291592022744,745.9114628493426,2.4183446027960653e-11
8992.37119611538,745.9246488585807,3.08079758782182e-13
8992.55378261663,745.9548938159901,1.7487575816479002e-14
9000.476352319876,747.2678373725553,-4.095793216908009e-11
9000.826316793598,747.3258608260177,1.2072718842104043e-12
9003.600676282535,747.7859242617967,-2.235916403871085e-11
9005.001212804802,748.0182247464827,-2.1692663911651994e-12
9005.345325686536,748.0753066805772,-5.1108304447569976e-11
9010.734892583087,748.9696203188668,-2.918945299240555e-13
9011.16909753987,749.0416930747434,-1.0885096853239046e-11
9012.404856597961,749.2468330956377,4.6908407352739353e-11
9013.616926975015,749.4480680450135,-4.982483562196412e-12
9017.345208166093,750.0672285435847,-5.0070186309990134e-11
9018.549080703968,750.2672119072712,-6.357979448109514e-13
9018.936020506586,750.331494749588,2.4019239737634804e-11
9021.237305880895,750.7138674368401,-8.345716245419831e-12
9021.905150150975,750.8248521240106,6.86043242505837e-11
9022.070662346485,750.8523587875941,-3.824427531664567e-11
9025.072781504741,751.3513720363662,-4.180198046313364e-11
9025.606745838424,751.4401451566149,1.9986262798999946e-11
9029.028822365144,752.0091999998234,-5.869641012536545e-11
9030.442447378124,752.2443337293262,1.3365357875985404e-11
9031.113118365622,752.3559019100123,-1.066542847801364e-12
9034.891010958056,752.9845207483263,-2.2989224600923314e-13
9037.346303501039,753.3932077693428,1.0233280064270308e-11
9039.568239043812,753.763147896141,9.680609182747958e-13
9040.353849885007,753.893969570308,3.3859097309399684e-14
9040.901609388755,753.9851904347694,-5.598696792128556e-14
9041.627969578723,754.1061630021622,-3.9107423705156854e-11
9041.775446528038,754.1307259223018,-7.075551351469564e-12
9044.663558721077,754.61183417669,-2.907067195676365e-11
9045.78434987349,754.7985794825045,7.804294112166008e-12
9045.830257772901,754.8062291124972,4.495497625155801e-12
9053.356050266477,756.060776210217,-2.4284211084579706e-11
9054.63299667761,756.2737462808935,-6.996199187233635e-11
9055.756586495465,756.4611642673608,2.5630504398597108e-11
9057.136543367193,756.6913768294166,-7.119991400474946e-11
9057.284698943886,756.7160951036518,-1.222120866940302e-11
9058.891454544482,756.9841921549286,-9.128017758208381e-13
9062.273502815751,757.5486631042146,5.839452681906667e-12
9064.098661148884,757.8533733925847,-3.858732758163807e-11
9064.201191139247,757.8704926007404,6.258756655535148e-11
9064.374420703709,757.8994168020682,-5.9749063955008814e-12
9067.26301336697,758.3818075949277,-3.2543956650992545e-11
9071.152114259165,759.0315245901492,6.248301254291574e-11
9073.565767030837,759.4348918944121,1.1705456818466817e-11
9074.579589959609,759.6043530010508,5.017180355699447e-11
9074.666883369217,759.618945031781,-4.1330932146907014e-11
9079.236464603944,760.3829955968483,3.942831442122063e-11
9079.487150171,760.4249222628879,-6.823576593934612e-11
9080.303630487993,760.561485008683,-2.3704717563550163e-11
9086.34114063143,761.5716871332614,5.109197969833703e-12
9089.054666005239,762.0259355730225,6.774421450802526e-11
9094.878437858533,763.0013021245696,1.9550348302884815e-11
9096.178338219368,763.2190950024672,6.272582653134051e-12
9098.513319786889,763.6103895863816,-9.147647867000817e-15
9100.831933728025,763.9990406734449,-4.0059096023425035e-11
9101.981756631256,764.1918132087321,-4.9178150907147274e-11
9103.520385114061,764.449808696184,1.2968222516810437e-11
9105.197133609396,764.731013647881,5.183738936967737e-12
9106.397528854439,764.932361926972,9.639870530331289e-13
9107.532115176915,765.1226961477718,2.2628605210894262e-13
9107.839705148,765.1743004478491,2.0293332122138731e-13
9109.846997564124,765.511106240982,3.6689104880448406e-13
9110.987435478588,765.7024946309938,-7.014663352360352e-13
9111.038007820403,765.7109822405554,1.4149860792220375e-12
9113.161625396955,766.0674337477454,-8.853576505806325e-14
9113.438798310486,766.1139636499543,-4.603779734873617e-11
9114.128635589805,766.2297749812161,4.920720086324879e-12
9116.689765310788,766.6598195043679,-4.156912720811715e-12
9118.19187088295,766.9120973338573,1.3330702391882154e-13
9118.562415007207,766.9743364128947,2.4607397121227002e-11
9118.678542010486,766.9938424045996,9.26600341231103e-12
9119.071785823346,767.0598978833198,1.9790530509537145e-12
9120.662880476903,767.3271925003978,-5.083474076095339e-12
9120.860421245825,767.3603814511167,-3.918445875313287e-11
9123.560377658685,767.8140749055583,8.045656066277136e-13
9124.427656526621,767.9598386217818,2.760286691994624e-12
9124.461606980947,767.9655449625922,4.086074114767994e-12
9126.335896245202,768.2806055977121,3.938237134592739e-11
9127.083118398781,768.4062287371685,6.09769069272357e-11
9128.630623348145,768.6664282888247,2.4181952618138708e-11
9134.120854458042,769.5899189661769,-5.160414799901403e-11
9136.501743924966,769.9905718384675,-5.2027992391822834e-14
9137.414676431203,770.1442265866771,-1.1981033845462015e-15
9137.674973196148,770.1880396850524,1.7862128931567362e-11
9142.504596934688,771.0011873797666,1.7193828914035954e-11
9144.03901339334,771.2596219181431,-1.844484945728269e-12
9145.723733518718,771.5434213461542,3.3021161289697604e-12
9147.034828541326,771.7643179561721,2.914388172410999e-11
9147.808001467201,771.8945989313975,9.109235403536655e-12
9153.711631674209,772.8897338791578,3.2393518929291153e-11
9154.32491778744,772.9931481756241,-6.184636691213252e-12
9155.54897366154,773.1995731671885,4.2257705805269995e-12
9155.762457690565,773.2355779768651,-3.105391013185576e-14
9156.913892109653,773.4297857942182,-5.0919845142468275e-11
9157.479234441338,773.5251487531784,1.2586888511460328e-13
9160.032138271155,773.9558504718018,5.063112999204159e-11
9163.386822411388,774.5220034904899,8.376811162431736e-13
9163.82057494992,774.5952208401363,7.206084535258304e-13
9166.398072297276,775.0303734097266,-2.8313707609902462e-11
9168.519569835753,775.3886324645089,-4.328654539300503e-11
9169.0195837151,775.4730822972552,1.0986187492899799e-11
9173.735228540396,776.2697575525615,2.207464874626627e-12
9174.56035911482,776.4091997081383,2.3456641441126104e-11
9174.599708742882,776.4158498743644,-9.352865648193591e-12
9177.645361501345,776.9306578505303,-6.241539580875267e-12
9178.135311764549,777.0134903058984,2.389402436365395e-11
9178.864498671932,777.1367770109186,-4.013352581214588e-12
9190.004791600375,779.0215311874961,-6.954109223041927e-11
9190.76532845379,779.150284866421,-5.02796650870804e-13
9194.501553222895,779.7829568654655,7.392002080715206e-11
9195.014203174704,779.8697862842963,-1.8580090210821832e-11
9195.814089656182,780.0052756865118,-3.04240312776297e-11
9202.210921210066,781.089232050893,-4.806746947015311e-13
9202.651910647317,781.1639863979187,5.61189703021534e-13
9206.153138848376,781.7576244022943,4.205382259418258e-12
9206.700898352115,781.8505181986479,-5.0926940912311795e-11
9207.361251462356,781.9625139408873,4.790079426940933e-15
9208.4621415916,782.1492425228989,7.738191314643089e-12
9209.993278914571,782.4089850312745,1.574901900858401e-12
9214.545277321304,783.1814421878582,1.0104904467864264e-11
9216.283368453935,783.4764904665828,-5.020118849863431e-11
9220.227932339429,784.1463032289545,3.0540684229836785e-11
9220.52780494156,784.1972352820992,7.176797224573684e-12
9221.028497448284,784.2822794117182,-2.6006916244399975e-11
9222.856228237713,784.5927641854792,-2.1340043864201683e-12
9225.084015372444,784.9712915271748,-1.2622223301920764e-12
9230.720762491153,785.9294497238822,5.254139893477882e-12
9232.092493471708,786.1627109232453,-5.0543312598038834e-12
9232.354457856463,786.2072615927748,5.503990140757657e-12
9233.623404585549,786.4230814402225,2.6657765077714252e-11
9234.95677493047,786.6498902821512,-6.342510476045288e-11
9237.09161522075,787.013098886364,2.868728259718838e-12
9238.319148387664,787.2219818487748,2.409465744692669e-13
9239.85941643829,787.4841205520108,2.8524715869225088e-12
9240.747076799602,787.6352115975628,4.117066529255252e-11
9241.039232032783,787.6849432963403,-4.292541107204657e-12
9242.11131662033,787.8674508036488,2.084135068264759e-11
9248.496925460444,788.9549506119105,2.881381473212748e-11
9248.881292806738,789.0204341810131,-4.723885437011255e-11
9248.985208103833,789.0381384012891,9.86956336117294e-13
9249.904472672284,789.194763682501,-4.186055257664778e-11
9252.51309375653,789.6393080972657,-7.850095638132389e-13
9254.827976143715,790.0339004272311,1.717189800646685e-12
9255.207877204753,790.0986673773406,-9.132723218039943e-12
9255.9810781826,790.2304937762271,-2.5650760097926867e-13
9261.103790042762,791.1041653905141,4.514732959552966e-11
9264.472721771292,791.678995650631,4.3613160604606027e-11
9264.906474309815,791.7530206783345,8.403048800140582e-11
9266.707745804737,792.0604661545311,3.3753981978983006e-11
9267.874444856541,792.2596331287249,-1.475436025748808e-11
9269.796281588018,792.5877641826767,-1.3308370675041358e-11
9269.955914139562,792.615022626625,3.4006529655573264e-11
9272.490810775136,793.0479379665786,2.2022870855913895e-11
9274.279446197595,793.3534763663158,-1.6049760329551463e-11
9279.898440383167,794.3137079327486,3.938837945755805e-12
9280.814878234196,794.4703734298806,1.502878674568926e-13
9282.519951800972,794.7618977558744,7.216625003874451e-11
9283.350707758253,794.9039553531519,-4.378542865959134e-11
9284.68359763294,795.1319034017667,2.411700872314411e-11
9287.636331598906,795.6369903615781,-1.9163417295423845e-12
9290.326903022968,796.0973723289223,-5.1260456974754633e-11
9290.474379972278,796.1226108710005,-6.1463108969218655e-12
9291.158818077854,796.2397477756083,1.1575056002081947e-11
9292.455439303001,796.4616792961788,-2.3706014041116916e-11
9295.09026542064,796.912755263536,-1.719015537041474e-11
9296.824624999337,797.2097432937336,-4.867008858677271e-14
9298.062221782382,797.4217006001383,-2.587170451037396e-13
9303.171817099841,798.2970953592658,2.2588900589925312e-13
9303.908467115065,798.4233406287387,1.7112182019843241e-12
9305.408508753093,798.6804449805763,6.950982542949994e-15
9310.48274025751,799.5504660910872,6.151421636976636e-13
9314.113636370777,800.1733059144135,-1.4262326783848995e-13
9316.469678059028,800.5775885640373,7.843660133376764e-12
9317.57294248743,800.7669372869634,6.516777178224479e-13
9318.936701837916,801.0010246663518,1.4575582262877048e-12
9320.687909513223,801.3016672491557,-2.235116599729243e-13
9321.859244955449,801.5027904696923,3.991448341575205e-12
9321.945153058325,801.5175422469583,-1.3173784657943692e-11
9323.542805983203,801.7919092455256,-2.4516432001520948e-11
9323.938876513474,801.8599342218121,-1.0768882337659688e-14
9325.006975285987,802.043394219606,-3.417894546411915e-11
9325.724685218509,802.1666821352425,1.3782854549366428e-11
9327.219073421693,802.4234179702031,-4.302768357864139e-12
9329.520358795948,802.8188591593105,1.495037875276319e-12
9330.580542042359,803.0010684866286,-3.1157595432577782e-12
9331.137658482881,803.0968260930562,2.3072685632998096e-11
9333.355834419703,803.478144595262,7.488334296282766e-12
9333.388399567302,803.4837434256087,-4.397755350259464e-12
9334.085021327077,803.6035162408473,-1.1443343208259389e-12
9338.394051535673,804.3445827728625,-2.8716540371543347e-12
9338.725500292961,804.401599459218,-2.3942453790998173e-12
9345.629356415715,805.589679004801,-1.8331691491205918e-12
9346.85833099331,805.8012643978193,2.3284019518157225e-11
9347.306359172124,805.8784057192925,-7.43026955725373e-11
9348.907489389821,806.1541179302168,1.6803088555384707e-12
9351.50160862463,806.6009215895897,3.668969332449665e-11
9351.534399981349,806.6065702722326,4.894027977962261e-11
9351.75933293325,806.6453180550847,-3.240055457370441e-11
9352.935388921833,806.8479249880194,-2.0634562004932514e-11
9353.188901206304,806.8916025616473,-2.045774486404372e-12
9354.067402787969,807.0429685580991,-1.3980439861017855e-12
9356.457875400767,807.4549194357853,1.2098441758198656e-11
9356.838030722905,807.5204414198757,6.066175694399472e-12
9357.525549807002,807.6389460994834,-1.2897064714412922e-12
9360.194100169829,808.0989950261411,-7.203929071565755e-11
9362.327555153355,808.4668897040075,-2.3863752567245092e-11
9364.039639409715,808.7621835176625,-4.5913859737384195e-12
9365.602182782655,809.0317322126267,4.845048912100011e-14
9368.010210171418,809.4472203536227,-5.970029727724778e-11
9373.160540423647,810.3362320514548,4.3571082485142685e-12
9375.047946230556,810.6621443440705,2.989721902913154e-11
9375.355083783383,810.7151862604763,-2.7790252061628234e-14
9375.546066280953,810.7481693545061,5.8298362910424426e-12
9385.453256763429,812.4600842111763,5.165503143413609e-11
9387.214500002892,812.7646078517106,-5.184155344539885e-12
9387.975036856295,812.8961243610601,-1.4894982454282684e-11
9388.586683401678,813.0019016121091,4.246391799867707e-12
9389.442965764973,813.1499973975818,-2.5454018544923354e-12
9390.216619161069,813.2838139485242,-2.7615806975804184e-12
9392.211275504687,813.6288746436036,-1.1847329679852996e-11
9392.6773389297,813.7095107086787,5.1487277502707945e-12
9396.267472056175,814.3307924977711,-2.717247119289408e-13
9396.54628453754,814.3790516514433,3.3977780422386474e-11
9398.464842133324,814.7111701826472,1.2569688872959352e-11
9401.343144971246,815.2095558903774,-1.0061038293052987e-12
9403.161490771885,815.5244859064131,-3.5021840140445427e-12
9405.452712529988,815.9214028178465,-2.7915963652308983e-12
9407.098817758606,816.2066234755156,3.6840787738029206e-13
9408.686831433608,816.4818259122205,-3.475800882470145e-12
9409.033064353398,816.5418341727421,2.4903661674505796e-11
9410.872244065677,816.8606334158603,2.785054448345721e-11
9411.301784580042,816.9350979706786,-3.868415087624831e-12
9412.506391849212,817.1439451663732,2.9149867026945796e-12
9412.855423434441,817.2044630513631,-6.905536280537413e-11
9413.894038037875,817.3845596239946,-2.038745423626298e-11
9414.523974090558,817.4938007017889,-1.973929027672395e-11
9419.270488391572,818.3171579258251,1.256580727657786e-13
9422.448211413364,818.8686156650082,3.819183132752273e-11
9423.962246378596,819.1314246629689,1.9521607631302215e-11
9425.490358826975,819.3967200730777,-6.132895510108007e-12
9427.563432113639,819.7566948258285,-3.8626128835047935e-12
9429.742512683486,820.135162346796,3.116856557135537e-11
9431.08311992711,820.3680454297496,1.0243182288958192e-11
9432.046596723167,820.5354358852152,-2.722360636214654e-11
9433.838058863028,820.8467225306024,2.200882249973653e-12
9436.913676260729,821.3812834312145,-4.33185529437428e-12
9439.60356905739,821.8489459033848,7.066546681000927e-14
9444.513023097585,822.7028430295244,-3.9877972495988004e-11
9445.911213372614,822.9461102922614,-7.2740899130233845e-12
9446.41190587933,823.033233154876,1.563165407137948e-11
9446.848004665044,823.1091201674768,4.4297758621405066e-12
9447.892272703313,823.2908509900892,-2.2851550553819363e-11
9452.245515139493,824.0486490768353,7.629683143406053e-11
9454.211620202514,824.3910165960788,-2.838149611325753e-11
9455.399831793322,824.5979602294076,-4.423788812825031e-11
9456.026234449228,824.7070674643228,8.276880065894305e-14
9456.091054379356,824.7183582559155,-1.6317868448523626e-12
9457.293795871561,824.927874274795,-6.179648118923065e-11
9458.602092228688,825.155808072837,4.0500556279630713e-11
9458.681696321322,825.1696778618747,6.909243360397374e-13
9460.015717241624,825.402127862381,2.5368034465106037e-11
9460.02227551297,825.4032707066787,8.493614162987945e-11
9461.282826245704,825.6229489757259,-2.656045841512975e-11
9461.98346187248,825.745062565365,2.789781198887034e-11
9467.299728686457,826.6719278536121,-3.6874848601593914e-12
9472.209889405998,827.5284530000202,2.551030789633185e-12
9473.293252811229,827.7174939908982,-1.0482843959313914e-12
9474.936531322417,828.004278374553,-8.180077254529781e-15
9476.802622747444,828.3300083057256,7.754133450030535e-12
9477.562933391717,828.4627404171227,3.5999736547014366e-11
9479.4936746417,828.7998496616243,-3.2713806554303976e-12
9481.67416857025,829.1806485258339,-2.3852252922974588e-11
9482.827977288474,829.382183740528,2.7651872417969184e-12
9487.147551583394,830.1368994653114,1.9122624713847938e-14
9487.177035752462,830.1420521183375,7.408262104318959e-12
9487.68476700075,830.2307857373049,4.800613372937274e-12
9491.932708833096,830.9733630842162,6.247652278130368e-14
9493.07082855231,831.1723728142094,2.8851467977533054e-11
9493.711280639385,831.2843716973208,-4.113868526558861e-12
9497.553993161819,831.956523667244,-7.933338975191567e-11
9497.603378354044,831.9651636987179,-3.682644176296278e-11
9499.048381364984,832.2179895589064,9.00681984513714e-14
9499.971151278218,832.3794627006218,-2.8735841327525856e-14
9500.572507998331,832.4847010132546,-6.9230806617523325e-12
9508.78890055426,833.9232491144023,9.141603967221085e-12
9513.011542189703,834.6630443443909,-1.4081244138414155e-13
9514.125775070735,834.8583096578059,-1.1205980112215482e-11
9516.064233689665,835.1980720759764,-3.501043657856007e-12
9516.386353562139,835.254538191126,-2.7401093044565433e-11
9521.377249419926,836.1296632453635,-4.690843926948197e-11
9522.828330231974,836.3841880661831,-1.8101308996546741e-12
9524.831863042138,836.7356787136059,7.945570098308551e-13
9526.058717581645,836.9509489743567,4.977813386219723e-11
9530.527634602826,837.735322772906,3.487191358350578e-13
9531.362122114015,837.8818308185247,-1.3430589791284522e-11
9531.401471742076,837.8887396114153,6.017533074396861e-12
9536.725229715852,838.823718947344,-1.328064792149481e-11
9541.154372742692,839.6019803430476,-2.527802087439572e-11
9542.766018994762,839.885258441718,4.727752245047349e-12
9544.883106351877,840.257450328322,3.270405031519357e-14
9546.129833862567,840.4766683200883,-9.040993769776066e-12
9547.231430671134,840.6703911207251,1.3336545417682679e-11
9548.142469348408,840.8306199507452,-5.109726811642215e-13
9549.392504046744,841.0504945507156,-1.1864049308253376e-12
9549.582581707811,841.0839307435696,-1.8052996210778185e-11
9549.686497004903,841.1022105633991,-3.023694557657921e-12
9550.433691106486,841.2336559097138,9.684159883996675e-12
9550.999966326639,841.3332811087465,-5.570582049076974e-12
9551.91289883285,841.4939064065076,-4.41934587520991e-12
9554.5344102506,841.9552318145938,-7.309126308063688e-11
9557.84739851549,842.5384222467545,5.0516582071331056e-11
9559.370592260344,842.8066202375273,4.045923927695211e-11
9559.750747582479,842.8735631625217,-1.0572329757496991e-12
9561.145178251601,843.1191362914572,2.7493302253333817e-13
9561.772287586857,843.2295881674062,-1.0374160774995799e-11
9563.777459964851,843.5828049423436,1.726010347380096e-12
9569.830885316203,844.6495822065868,2.1717700880486597e-11
9571.148086191859,844.8817980445749,2.725619804533008e-13
9574.990798714272,845.5594314082451,-6.046441662051465e-12
9576.064098503353,845.7487483260361,4.794106052073313e-11
9576.634331486557,845.849339061744,2.971100785425081e-11
9577.381271327033,845.9811104560856,7.995798536980663e-12
9577.727730455943,846.0422345334615,2.7781801422354946e-11
9578.5610869215,846.1892685650437,-2.930699082246788e-11
9583.898187647072,847.131228268053,-1.8196226142301486e-12
9585.769932506924,847.4617019835997,-2.2007769162256332e-11
9589.83458115864,848.1795752081521,-9.734774814649779e-13
9592.789661371735,848.7016743431527,-2.7516735151120964e-12
9595.557264432055,849.190796170735,2.240909125734553e-11
9597.73914366732,849.5765017841759,-7.410696600809718e-12
9599.47302277575,849.8830739051904,-4.424092769246976e-13
9599.926450128298,849.9632548260748,6.610335248021913e-14
9600.233333420018,850.01752406947,6.414690882445884e-11
9601.829064463951,850.2997411212878,-2.111006724007889e-11
9602.995989724852,850.5061503336609,1.1172457188031935e-12
9603.373318329564,850.5728987068003,3.079307555280965e-12
9604.23615896419,850.7255426536301,-5.4315517929117824e-11
9609.503294846989,851.6576417774909,6.819640675374099e-12
9610.836665191877,851.8936828269564,-5.2354483118105076e-11
9614.001243618963,852.4540261870086,1.2465845085642968e-12
9617.420295270967,853.0596357567623,2.6891962646618335e-11
9618.798330261727,853.3037851389022,1.3321351951046215e-11
9619.571503187575,853.4407851452344,-3.9075967447227636e-12
9621.156265778862,853.7216267112035,-3.0779482446721915e-12
9621.859473861947,853.846259602248,3.784753821448902e-12
9622.072957890969,853.8840981878245,-6.964176905565444e-14
9622.952872831333,854.0400659604929,-6.3020732506159e-11
9625.273833019572,854.4515320945567,-5.79026103225956e-11
9628.697294852876,855.0586338473302,-5.0373728230439166e-12
9629.5973650775,855.2182842073757,-2.7859193606930938e-12
9630.54775338283,855.3868759573733,-1.958085281311331e-13
9633.045674689449,855.830067777404,5.691578882788326e-11
9633.290028194273,855.8734281869906,6.122520551876926e-12
9639.582237771518,856.9903565064246,-1.9429334795052554e-11
9640.683354109851,857.1858903327592,4.8371903709477526e-11
9642.984639484059,857.5946196624088,-1.680727390820975e-11
9644.498702501241,857.86358430681,5.0933960864473746e-12
9645.998744139237,858.1300997758605,-1.668858901526214e-14
9646.820115107732,858.2760519992638,-8.41841029645006e-11
9652.189780980874,859.2305125244848,2.6916167178368083e-11
9654.758628070707,859.6873140755134,-7.483355026346737e-11
9655.141383901135,859.7553874876567,-1.1094014946127043e-13
9655.568351959177,859.8313272619704,5.840001791366365e-11
9659.09363710348,860.4584564916938,2.0608515364317273e-11
9661.460731400246,860.879678275177,-7.352284797303495e-14
9663.295925297467,861.2063200075447,3.588872220139577e-11
9663.795939176796,861.2953270254275,-4.915972055892957e-11
9664.133041368923,861.3553368804922,5.886126165933132e-11
9664.74092830839,861.4635562618604,-2.167201395863465e-12
9666.437125408562,861.7655586084147,-3.2160753870020715e-12
9667.531683475556,861.9604692269796,1.5716814320904322e-11
9667.57759137496,861.9686446405625,4.298323975386866e-12
9675.520062100979,863.383647531596,5.248082505594592e-11
9676.97654208675,863.6432550113427,-1.3793137433937023e-12
9677.50392009709,863.7372661288919,5.161630629613834e-11
9677.77476094839,863.7855485766189,1.4295689588242272e-12
9678.64438606348,863.9405846540261,3.697589864667132e-12
9681.473077499992,864.4449778780802,-4.788061292113403e-12
9682.593868652357,864.6448705850926,-8.40693817756163e-11
9682.67720429891,864.6597343925117,3.7142417110783744e-11
9682.886702512908,864.6971012136025,-1.497439720148489e-11
9687.14236171414,865.4563302238731,7.314082284099077e-13
9687.448566378484,865.5109713980914,-5.5902189161737164e-11
9687.486474595862,865.5177361098694,-6.828038041691261e-11
9689.010346968082,865.789692668446,-6.553885123593686e-11
9696.326923560397,867.0960348930682,4.33102947725521e-11
9696.987276670618,867.2139865215898,-2.9834362432861485e-14
9697.247573435552,867.2604826830675,1.298484843871103e-11
9697.726018671907,867.3459494169181,4.559574804286588e-13
9698.976053370234,867.5692684010036,3.156821022053845e-13
9699.529183995715,867.668094499722,-2.3463510390606776e-11
9699.695855288826,867.6978742372722,7.0468614504189e-11
9702.05096408853,868.1187243891203,-4.7737732480362494e-11
9702.234511530227,868.1515280014655,5.180684419498473e-11
9706.633407604635,868.9378846921978,3.204901645438143e-12
9707.419951334274,869.0785266075121,4.770936208480663e-11
9708.5545376567,869.2814221082359,1.390716807218343e-12
9709.222381926747,869.400862272393,4.7721214726492596e-11
9709.242282949903,869.4044215836996,3.7376757203063856e-12
9709.992303768895,869.5385686275682,-2.6171056068749935e-12
9710.682395309292,869.6620060082128,2.9747263855954753e-11
9711.322847396355,869.7765721775835,-5.210910199119147e-12
9713.936867654258,870.2442550473968,-8.224580594780713e-13
9715.945319167902,870.6036791516779,6.672085239449074e-14
9716.62577145843,870.7254669068574,3.937130919360685e-11
9717.753601352362,870.9273453551456,1.4826564377021578e-11
9717.925671819205,870.9581475554523,7.367191020359295e-12
9719.906731149871,871.3128147304169,2.563877454484388e-11
9722.579267327656,871.7913908982678,-2.808818006515443e-11
9727.782488116793,872.7235190358266,2.4555860938924298e-12
9728.032495056457,872.7683189489298,1.0561968168556028e-14
9732.245299284818,873.523404210136,-3.496887317892728e-12
9732.354641807622,873.5430066554962,-4.779212216751908e-11
9732.734769077779,873.6111559100638,-1.412636337973758e-12
9744.454001350372,875.7134870123837,-2.0705824652886957e-12
9746.708700197774,876.1182510967452,-8.422261819695234e-13
9747.58041729895,876.2747670637409,-4.396795414638154e-11
9749.62329973715,876.6416194804972,-5.979023040005864e-11
9750.37795694657,876.7771571596089,4.869820082928286e-11
9754.586803411874,877.5332653342075,-3.4713740365051435e-11
9755.34734026526,877.6699285849895,-3.8009311993764205e-11
9757.487833990304,878.0546178038372,1.1981869728308737e-11
9760.262900158445,878.5534779275318,-7.80453808899496e-12
9761.783521446961,878.8268927704194,-9.383890667270117e-13
9765.085286998055,879.4207123600203,-2.6370995802296652e-11
9765.220326032055,879.4450032843918,4.548892157998913e-11
9766.804381943968,879.729969550366,4.338756358604789e-13
9767.353781015521,879.8288153686344,5.90426216758885e-11
9767.68712360174,879.8887918254248,-3.1489821461285436e-11
9768.298770147108,879.9988472719497,-4.544131192149049e-12
9769.555335064799,880.2249664888271,1.83443071260716e-11
9769.568451607483,880.2273269678279,4.2654749176647455e-11
9770.302302957241,880.3593973590012,-5.659103649095923e-12
9773.044153402385,880.8529328324075,1.4890921965230396e-11
9777.296307258797,881.6185981498178,4.479117266437064e-12
9783.029252305434,882.6514297993092,5.594235032590347e-12
9786.998409708316,883.3668569889791,-5.012330915029145e-13
9788.482508086188,883.6344352400204,5.4863093514050636e-11
9789.33644420227,883.788415613929,-9.206717957657262e-14
9789.85330617821,883.8816218518468,-2.1957089668399766e-11
9790.266903432459,883.9562098035158,-8.717058861334083e-11
9791.321461295971,884.1464025768578,1.5385148162233985e-12
9794.342096170487,884.6912967981518,-1.5229884649978399e-13
9796.891042237143,885.1512335344439,-5.217688165786567e-12
9797.870236084156,885.327952976914,4.0294272256206724e-11
9803.111138881515,886.2741021213271,-1.6697901517939197e-11
9803.674333123136,886.3758066479528,3.448897127920249e-12
9805.642077753948,886.731198012009,-3.9607523614968465e-11
9805.88643125877,886.7753353052585,6.5966235171326806e-12
9808.349723483656,887.2203383843242,1.8663514542352577e-12
9810.757977081474,887.6555065817076,-1.2581748083136443e-11
9812.512662049545,887.9726430819364,-1.0125277126263805e-12
9817.248914577141,888.8289423144387,4.0730713984497895e-11
9818.243062691829,889.0087335680101,5.790995936537628e-12
9818.595147203594,889.0724122642115,1.1613527280816237e-14
9818.659740924599,889.0840950593323,-3.078139111909454e-11
9818.920263898657,889.1312155359614,6.952405474573505e-12
9818.959613526717,889.1383327644895,-5.886354985646881e-12
9822.752460386617,889.8244847564386,-9.801608444689512e-12
9823.198170370204,889.9051341470993,-2.406624963918647e-11
9824.66940646649,890.1713742509788,1.305537042185874e-13
9827.900472443474,890.7562193507166,4.020765727134697e-12
9832.063411009356,891.5100232811336,4.1145245700383424e-11
9832.52294421499,891.5932528019479,-1.4999567876338153e-13
9835.50538855904,892.1335203144673,-7.431895129063014e-13
9835.942900703452,892.2127890860808,1.002182558945565e-13
9836.29261091605,892.2761523748143,2.0349046880375135e-11
9836.729444433082,892.3553045240877,-4.096128041359446e-11
9845.008282619796,893.8560550854261,2.378915498348336e-12
9849.899503256518,894.7433068780664,-3.7262384495024915e-11
9850.093792941734,894.7785595064629,-4.53384308026505e-13
9850.37071159415,894.8288058375573,1.6908464616671146e-13
9853.535516230315,895.4031535797354,-4.824363892194681e-12
9854.603190636513,895.5969564132315,1.4573263612487588e-12
9856.420631600597,895.9269041664846,4.030196420440919e-11
9857.003500656245,896.0327341540745,-1.2694521590658179e-11
9857.78439095104,896.1745281410579,1.1832678112008707e-11
9859.622892035884,896.5084073515073,4.1546434345160037e-11
9860.04496944239,896.5850670984299,3.890201012437262e-11
9861.606750031973,896.868753805339,5.744210312131783e-12
9862.786565626415,897.0830889884409,-3.70533189242661e-12
9864.981108986078,897.4818363210028,1.7308188289255078e-13
9869.65717797396,898.3317714127526,1.3229663970703491e-12
9870.628626400043,898.5083950667399,-3.3121127629598464e-11
9872.44581310302,898.8388330883344,5.1906844606996907e-11
9873.179918713873,898.9723404225837,7.397241059965166e-11
9874.934829891065,899.2915357036188,1.0174349789439235e-12
9880.450333145598,900.295102598448,-1.5886689358257662e-12
9880.950347024922,900.3861097378588,3.023710675330784e-13
9881.744608123505,900.5306820542028,6.0687874090383e-11
9881.818784990419,900.5441844059263,2.2446592335811506e-11
9882.851123635557,900.7321106486512,5.302357474846711e-11
9885.664324230176,901.2443234602804,-1.4322516184128492e-12
9888.4550793973,901.7525935691627,6.797214749643483e-11
9888.541722231503,901.7683758102577,-4.643055990867253e-14
9889.434753714537,901.9310521176916,-3.0171418135870356e-11
9889.609142376594,901.9628208013431,-8.926915150510372e-12
9890.969170173106,902.2105986337328,1.2131207183216273e-12
9891.794300747493,902.3609423628465,2.8116427102837467e-11
9897.32619968038,903.3692113521216,4.2562510540834835e-11
9899.107117733813,903.6939295049663,7.493736411057043e-11
9902.242664410025,904.2657816383095,-1.0720198118395956e-12
9904.930889586787,904.7561967354117,1.0516346765085746e-11
9911.07420885591,905.8774271542259,6.854594834003306e-11
9912.72240607056,906.1783614531959,2.6176364127468663e-11
9913.241840502811,906.2732121953663,-3.277316683607737e-12
9916.276524808478,906.8274566601676,5.6337059200855305e-12
9916.83759901203,906.9299479344035,-3.461645397321044e-11
9918.025131975419,907.146893387766,6.969238537709178e-11
9920.266714280113,907.5564695238758,2.7441316622988272e-11
9922.219702800388,907.9133899988167,4.160748903267798e-11
9923.520960415908,908.1512417077352,4.870348779849456e-11
9925.07926371266,908.4361188171988,-4.2353786067159934e-11
9925.174783013419,908.4535823813511,9.458303810928722e-14
9927.854556089897,908.9435873501114,6.999465194180131e-13
9936.147499811694,910.4608164009375,-5.379968589669472e-11
9942.419299843456,911.6091100227128,-6.283089827462387e-11
9945.290139573424,912.13496912317,-2.598512648162346e-11
9945.637503538832,912.1986069706641,2.4155110074890265e-12
9946.754308876149,912.4032232416401,-6.8826876459288e-11
9947.534520543557,912.546183899961,-2.8216507218644952e-11
9948.234675700081,912.6744850962804,-2.2750952187873825e-13
9949.659325269571,912.9355754605695,-8.612136822811627e-14
9951.367197501711,913.2486202907997,2.0796503752392557e-11
9951.79651180694,913.327320004987,-9.975664262044041e-12
9953.458051773403,913.6319370551972,4.2881796589984497e-14
9953.975592376715,913.7268303190807,-1.104312855943213e-11
9954.55894190259,913.833795842847,5.044068096677645e-12
9957.86045319254,914.439293542519,3.727938341472224e-11
9959.328862571392,914.7086645689567,-2.317928024791947e-11
9959.381328742144,914.7182899129904,2.5838725286364712e-11
9960.082388735174,914.8469099132608,2.0558560306426822e-12
9961.07891114902,915.0297525195783,-3.817863138109068e-11
9961.630147945552,915.130901677835,8.053856948316956e-12
9965.46562356915,915.8348469800712,4.0340056345856835e-11
9966.202527845448,915.970125986428,-1.914040235453281e-12
9970.514130510179,916.7618394827033,-2.2472055722249272e-13
9970.835289442186,916.8208256568257,-1.2897909300404223e-11
9971.578978198948,916.9574237476745,-6.4285151195152454e-12
9972.000829396326,917.0349123953308,2.159033792415286e-11
9977.739145564658,918.0892929617213,-9.875348000876235e-12
9978.205208989655,918.1749559039183,2.4362692982790204e-11
9979.072035439285,918.3342901482977,-4.141080002851803e-11
9979.405604234624,918.3956082227425,-1.7681574358744838e-12
9979.772671066035,918.4630864213602,-2.1222354640199276e-11
9982.70807646503,919.0027937048316,2.361914054472726e-12
9983.885065342047,919.2192409222754,-4.236532083040547e-11
9986.177191936564,919.6408342208452,-7.531296351329393e-12
9989.757543759839,920.2995658173337,-5.707705136882839e-11
9991.619196951524,920.6421756853716,-5.0859863238383014e-11
9992.283309667635,920.7644113049815,-9.812205766608052e-14
9992.725740515545,920.8458489917863,6.222710734647876e-15
9995.731619279508,921.3992327625299,2.663425541047416e-13
9996.149428557903,921.4761648327486,-2.4733840800733792e-11
