f0,sigma,gain
13.011147880187345,1.1528517647345489,3.0502033670360825e-11
16.424632945786406,1.1537772068244725,-9.526210688422914e-12
22.11115865818668,1.1557955126416992,-3.72807601505159e-11
30.06991748687457,1.1596205356872598,5.163369262476829e-12
40.30094653377769,1.1662516708625978,-1.721786228730377e-11
46.62804495784855,1.1713174343755246,-4.610920224962669e-12
50.03806449447569,1.1743534694668993,1.4400546502244692e-12
52.80447504836756,1.176973854469569,2.489574496281032e-11
55.72133529766157,1.1798894302865444,5.635643540992139e-12
63.67776819809848,1.1886391703354908,-7.805341218052141e-13
67.58070189429095,1.1933575642104413,3.3398752057637666e-11
73.907297928534,1.201602084515182,2.602782486987436e-12
84.62976459463157,1.2172588191878952,-1.8178000003273236e-11
86.40988928905468,1.2200631091274738,-3.763428731013071e-12
101.18552985605866,1.2455927218746339,-5.0488064202862125e-12
102.63693187198857,1.2483174015025902,5.38725713187722e-13
103.95175286100596,1.250819179905024,4.439600209874906e-12
106.04667672800882,1.2548710915963832,-1.6825153521197285e-13
111.7295746555866,1.2662698107533923,-6.58451088279786e-13
118.23422032838609,1.2800469418593434,2.747922467407351e-12
119.68561344698853,1.2832274124746486,9.119516565394099e-14
125.546724816106,1.2964657482653323,-3.090017233649349e-11
129.91478056087598,1.306743291661595,-3.041008927494329e-13
137.55596736407148,1.3255673295846946,-6.71122997702899e-13
142.41706521722523,1.3381023846160875,4.397070089019058e-13
149.41471857696857,1.3569111675727383,-1.9490546822834235e-11
157.19245938312122,1.3788751690403944,5.898862343141861e-13
159.1507794375858,1.3845809869541932,4.6710985273105555e-12
174.24095783515233,1.4309176640371961,-3.2105825715359506e-13
175.55575962420323,1.4351536225315722,3.2759708658267234e-11
181.04646333013753,1.453187442703904,-9.279290036123407e-12
183.01866482849215,1.4598005572717567,2.9463341844407416e-12
184.45615766405527,1.464665849801083,2.89805105211881e-12
190.13897960696443,1.4842724306304018,1.1341498379770812e-11
193.5625577005211,1.4963714301095852,7.841177658421477e-14
198.0949265903081,1.5127210386928915,-1.5707917754489565e-12
203.96986535584801,1.534476839246576,1.2122748224643721e-12
208.32399561127696,1.5510110688899956,5.237986221995541e-12
209.1596308222703,1.5542242252417153,-4.952196311060178e-12
215.1572578292682,1.5776635691610674,-5.457553240580758e-13
220.82618362013656,1.6004274575235695,-7.573730844570289e-12
234.65704790410885,1.6584500852229043,2.6132636926845567e-11
235.60148782465726,1.6625406822958815,-1.0160487131724492e-11
237.5736835126047,1.6711357169688112,-1.832562240432782e-13
239.02505820730386,1.6775067244955597,-3.4423951033888157e-13
252.64990587762202,1.7392067623096126,5.530060339027985e-12
265.1659594950988,1.798899080817393,5.785971597231763e-13
267.6173159003661,1.8109281693661252,7.099028549363064e-13
268.2608278657207,1.814104299958199,-3.950396573447651e-12
271.9714359521241,1.8325672580678543,-1.3506009322020498e-12
281.8578927174258,1.8829976452028887,-2.7865880311543263e-11
285.26757276896944,1.9008078313044212,8.702899881977524e-12
290.9503723264199,1.9309673771409952,3.405871722622506e-11
293.566076731946,1.945049271474113,9.400337044025478e-12
293.5799627023397,1.9451243642313099,2.1410996978418647e-14
298.9062906603898,1.9741901362136423,-4.717113487730723e-12
301.2210678773847,1.9869847831154468,-1.0731395059927819e-13
302.8506756009906,1.9960514419822175,-4.17162040847192e-11
309.1353268629248,2.031475503423806,1.572975183590459e-11
317.43382735038864,2.079365445832306,5.929332704325738e-12
321.6374799337559,2.104108415073341,-2.2744016286077047e-11
324.26706897638945,2.1197518422424633,4.615497717407527e-13
336.4127488619227,2.1936593488645175,-3.0512061461311235e-11
336.4544067455145,2.1939175167465335,6.306114166552705e-12
340.3571316194921,2.218245794777573,3.4277378393081712e-12
343.57468730634605,2.238513965846764,-9.966003382978869e-12
353.46113269267806,2.3019843239000144,1.660682382938775e-11
357.2272794745251,2.3266363237564227,1.2538156686642513e-14
371.98865637763845,2.4257785576222286,-3.6879176843770584e-13
372.78263057456667,2.4312249006829245,-4.055864153605675e-12
373.96084702740075,2.4393283925578517,-5.181606342745884e-13
380.1366874119982,2.482222660858997,-1.408457969627252e-11
392.4605952930323,2.569918159079167,-7.367819551153335e-13
394.3772417861747,2.5838081811167535,2.8229252971954946e-11
402.6757345430188,2.644728488663855,-7.94991403901341e-12
405.0715424702009,2.66255240685823,-4.892049448304976e-13
408.48121730602674,2.688101433965083,1.5278544449003074e-13
413.7403907719815,2.727928843656204,2.129121600340277e-12
414.164008518671,2.7311590481438586,5.979242320148356e-13
418.24496574530104,2.762446808505419,1.7805793968506038e-11
422.11991585283556,2.7924391028955866,-8.281214133418366e-14
422.18934560527134,2.7929790147337052,1.5621107290083545e-11
429.9670174326257,2.8540232399170877,6.053982851055148e-14
432.3489389793871,2.872940993121712,2.7614636574065687e-13
435.6359219177525,2.8992185678772104,-2.1596188833502532e-13
444.3858020049128,2.9701389675532512,-2.9927888422280804e-11
444.85107751877786,2.9739496551240903,-3.992862356649447e-13
455.79303962681666,3.0647158445488087,-2.3613922486891073e-12
459.6263310654256,3.097035566604988,-5.356589946854735e-13
466.5151082223176,3.1557973723093284,4.0269828080950083e-11
469.74654678586563,3.1836629993769887,-2.487578717600452e-13
470.86921870357,3.1933891455682755,1.2690592619270392e-11
472.7997502405202,3.2101683843649926,-1.1074796251788938e-12
476.67469921046984,3.2440547466670884,2.9154328898695764e-13
495.9961815609967,3.4171487558134808,-7.120318799828933e-14
500.11879492283254,3.4549719111432955,-6.0874558350183245e-12
503.48681023301435,3.4861043264457967,-2.3873516701398993e-11
508.37562515161693,3.5316661134434404,-1.0427581074443608e-12
511.79918413714563,3.563834411966087,2.7589515422592413e-13
513.1139768401738,3.5762457908939065,-1.6600847179283695e-11
517.5907777546696,3.6187446959476732,4.95581335164576e-13
536.4469818500437,3.8018016027012345,-6.485306088780684e-13
541.4584874694839,3.8515552103735833,3.1259092537059727e-13
546.71765774076,3.9042651007477054,2.5094931551657682e-12
548.1551415361587,3.9187609046095084,4.28468259660493e-12
550.6875250307411,3.9443904361638777,-2.6782063011713907e-11
554.0971976097894,3.9790853662770185,8.364405544594675e-12
556.1249301693172,3.9998199935920145,7.11232039412891e-13
559.7799851691597,4.037386152132941,3.273400191695344e-11
561.9859527019955,4.060177869195892,1.5129803377564499e-12
567.5993104289909,4.11857848379554,-5.254005390949725e-13
567.73588760485,4.120006647232674,-4.533637100264919e-12
571.6802650279905,4.16140056343728,3.810962022593857e-11
577.9649047798694,4.2279462464776625,1.511791157348281e-11
590.2077681366713,4.359670493573699,-4.752097006292229e-12
590.4670365317342,4.362489886169763,-2.1859311444715386e-11
595.5896289629898,4.4184490120704885,-2.28711893793645e-13
596.0132464037194,4.423098242318286,-1.944238540951077e-14
602.7237854733592,4.497187801562808,-2.9319801856808557e-13
605.2422826807232,4.525208044011243,-2.932514377964791e-11
609.1866597557513,4.569327100360331,-3.1313788009983703e-12
613.1310367978467,4.613732747324154,-2.33609241818973e-11
622.290643038176,4.717956739104782,1.596078864894275e-11
626.7002952097016,4.768683753446977,-4.191114393134005e-13
634.5335052261967,4.85967739624364,-1.225044618176382e-11
641.6121174142048,4.942877531953473,-3.898075318909675e-12
646.7347093140135,5.003662785220517,3.5313858623652285e-12
648.9661660608695,5.030292646577187,1.2866782508660203e-11
651.5957505590111,5.0617914345869215,2.6721649858935926e-14
659.6604567050117,5.159189826087179,-1.1385257532355778e-14
663.2067056243612,5.2023975244608245,2.7130959835469672e-11
666.5492299237194,5.243335106787972,-2.8271408783123088e-11
681.1323530642161,5.424349669927375,5.050111449281506e-12
687.0744074949733,5.499229359930748,1.7112992212234982e-11
691.0187839981425,5.549294176595065,-1.4270389693482822e-11
694.8937307851263,5.59875681054487,6.690309570744665e-13
700.15289939201,5.666331101707067,4.2736827383650584e-12
702.7408258652206,5.699770032773229,-4.1259045194571653e-13
713.2152228670496,5.836371223067578,-2.8763346304128764e-11
718.7058878038764,5.908784752249046,1.7052161078397877e-11
722.1155592812615,5.954032647369438,-5.325622468963001e-12
722.2405327251973,5.955695170497034,3.2426956192378253e-11
727.7983450441742,6.0299217082374525,-2.0841752070901417e-11
730.0043118926876,6.059540913333354,-4.602592287469886e-13
732.4001173777523,6.091810598526449,-5.4972610584194877e-14
735.344513640555,6.131614206321601,-3.678761489943333e-11
735.7542450451123,6.137165788354116,2.886566937469064e-12
741.62915159879,6.217106839976058,-1.0643824214377535e-12
745.9832592206187,6.2767642826208725,-9.62556804143128e-12
755.8441996935921,6.413164184439832,-4.9018574090211316e-12
756.159011769823,6.417548277631001,-4.993162904652906e-13
758.4853874940195,6.450002127339575,1.3917802337376214e-11
772.179616437601,6.643062623138711,2.258810642742318e-13
772.3161935668492,6.6450054781613375,-2.2944407622449283e-11
773.2606297785526,6.658449800212493,1.8671271162870808e-11
780.2049457301375,6.757808702761446,4.6957743897704205e-12
781.1493819342322,6.771390266570442,7.1065314495751455e-12
781.9433550722669,6.782820793064829,1.5165259117360664e-11
790.30898598066,6.903963320342308,-1.0162195913373961e-11
805.2763486665638,7.123921946528991,-6.232887998360066e-13
809.6304560032362,7.188684248232114,2.4818918558133214e-12
811.8503085982138,7.2218363920699336,5.72708415414777e-13
813.8086106332682,7.251157797728913,-7.098414547270982e-13
814.2322279414341,7.257509858888875,-2.505213586206465e-13
830.8153083833296,7.508767535533201,-1.3821350619378146e-12
831.225039748646,7.515039685785416,-1.7274167556156074e-11
834.5675633917323,7.5663224111479295,8.600297696503031e-12
840.4424693733976,7.656957009291716,2.0352811924821116e-11
840.5096168113711,7.6579965953849936,3.662619026940171e-11
855.0927371213805,7.885742276306127,-1.0895751624024882e-11
858.5579518835701,7.94043482168458,-6.458171387347788e-13
869.8147166309473,8.119630140400126,8.293420015076911e-14
874.0461325588202,8.187593247284818,-3.0766506671656357e-12
878.0159979316538,8.25165531643574,-3.0094761390947174e-12
881.2335480302609,8.303790204498583,1.831343685297346e-11
881.9603736658096,8.315593573835594,2.1340506649420978e-11
890.2588564488199,8.451047569975495,-9.864396527870399e-12
902.9531040157406,8.660706937198784,1.0284582236733775e-11
905.1567882719482,8.697405568833853,2.6622983820582253e-13
909.1266535613441,8.763742684878206,-1.282255813571171e-12
909.6474723901471,8.772467196467522,6.776840631011526e-13
912.5363244501835,8.820950607006823,4.004658698875582e-13
917.7954919732108,8.909609542788024,1.2365831296954033e-11
918.219109248687,8.916773046221875,1.5672170998011372e-12
926.1750079331388,9.051923856024395,-2.1705824855790757e-13
930.0522361103036,9.118210828332089,3.59459427112487e-13
935.3785510110233,9.209723589481277,2.5826142984348072e-11
936.4040204715466,9.227402431315815,7.238034959285132e-13
936.5567657635114,9.230037380218489,-1.5546765308738552e-12
940.3345101231581,9.295342519718101,1.46084955767848e-11
948.2232612708988,9.43256150736325,-1.4284656221279804e-12
948.9061468247572,9.444493708398003,-1.0465609849360538e-12
954.0287371247756,9.534275699045152,-2.4263658506538202e-14
959.84809889553,9.636856248949078,-1.3714726124099812e-11
963.6813869477577,9.704768164973222,-1.4040004664682414e-12
967.73684995842,9.77691087499399,-4.3610620171450205e-11
973.2946611594307,9.876270983155887,3.9684138997766897e-13
980.7297407910935,10.010081820144148,7.641530312029425e-13
991.0698405076372,10.197867805379945,-2.962208132056358e-11
992.5628672459194,10.225145302976767,1.8163983446822763e-13
1000.0512083023207,10.362576234413883,-1.8662720993276885e-13
1001.3405104958273,10.386342585041266,6.592425872449355e-12
1004.1738186699926,10.43867795082652,-3.535499469243201e-11
1005.1737984677361,10.457184352427353,3.746358926699221e-13
1008.4607780064478,10.518145529021696,-6.191347118920514e-12
1008.5279254374746,10.519392937086865,-2.331945050093414e-11
1021.6457894274215,10.764678509685929,1.2989382071868874e-12
1034.7937074545362,11.013706752589075,-7.200950673868449e-13
1045.5134841121248,11.219101289264195,8.193090154046341e-13
1046.0343029041883,11.229134273217415,1.916091862496333e-12
1049.0342422404206,11.287021985841704,-4.289570215637475e-12
1050.772651278113,11.3206427057284,1.457460211866545e-11
1057.3466102195755,11.448285952845492,-7.702215256066623e-13
1058.591972331711,11.472556210489728,4.533806853824473e-13
1068.3973669672873,11.664646791664891,1.0885350554548662e-13
1070.9714067884518,11.715366482061782,-3.128567172251742e-12
1071.654292303083,11.728842757853027,-1.3770810162632804e-12
1085.8137935146112,12.010206424654347,-7.873131893133803e-12
1099.6445967098787,12.288604112363158,-1.3282963316728404e-12
1100.0682139488729,12.297186641557156,-5.0958416855671434e-14
1104.1236767179546,12.379518041296217,-9.392571441766251e-12
1109.2717562894866,12.484467436577056,-1.8592082594556474e-11
1114.283258750958,12.587101496141964,-5.200172958838562e-13
1121.949834339602,12.745005874451106,2.1691722662275634e-11
1124.403465189267,12.79577070785001,-1.2717804220723516e-14
1125.3595048912205,12.815580885588911,-6.77461693706255e-12
1127.8663972314766,12.867606365904882,8.73192641752076e-12
1130.7552490008086,12.927702207881739,-1.0984823618559382e-12
1131.0422891352612,12.933681806485946,-2.6512347101373267e-11
1135.7551477358459,13.032076754994835,1.3266278702856934e-11
1137.7273353587454,13.073373471401533,1.4198310457576803e-12
1138.9981870590107,13.100022490643243,3.671935150316617e-12
1149.2271986451985,13.315602332962234,-1.2244441754742968e-11
1150.7896549622324,13.34870131083968,2.0509105573243298e-11
1161.7293238724928,13.581706269744785,1.770444720542821e-11
1163.7153974135574,13.624244265732342,-2.984031601532243e-14
1171.7823827298914,13.797771004696944,-9.394793256232844e-12
1172.192114024626,13.806616612876642,2.250983716195428e-11
1172.2476577616774,13.807815973694176,-7.53034206264375e-14
1175.726757930358,13.883053753827994,6.499160085382686e-12
1176.5045627160862,13.899904778693157,2.375114288014208e-11
1193.5529151483533,14.27205387891004,-1.2926975990051862e-11
1193.73343229265,14.276023039302496,-1.6588445075038682e-13
1198.9486591455707,14.390953165414954,1.7534910413416302e-12
1202.8120009549204,14.476414277732609,2.1905070052196443e-13
1204.2078260377182,14.507358982667231,2.4819837905859277e-11
1209.3304158254907,14.621231636963781,-9.824466115094482e-13
1212.8743811395375,14.700295130898517,3.1571180373467743e-12
1218.7909438703493,14.832805222877683,-9.279335220571937e-12
1232.4851694009035,15.141980948856855,-3.263830652294517e-13
1234.468960658448,15.187055636562096,-2.1973716331844317e-11
1236.4550341593424,15.232254798635957,-1.440788620624372e-13
1236.5661216314847,15.234785078712713,3.983727976186795e-11
1249.6029512468685,15.533308444297377,4.480342680782537e-11
1258.3366536731317,15.735048039204692,-1.3859955457809e-11
1259.899109943299,15.771287350755506,-2.8467691033920633e-11
1265.3365116499565,15.897751959915535,1.1478291310634182e-13
1267.662886750678,15.952025794616429,8.456947611648738e-13
1272.141966540642,16.05680252158727,2.8571773871471306e-12
1276.23452242152,16.15286059850216,5.920114359426104e-13
1283.2066085014035,16.317215842464606,-6.772710416375193e-12
1284.4774601515048,16.34727052353065,2.329552932419077e-11
1294.995793705672,16.597163268740957,-1.6492458763919507e-13
1303.6229730589391,16.8036475885361,6.577850197152706e-13
1312.8913800619177,17.027006815644693,8.620409995125293e-13
1317.863506689341,17.147482179414606,-4.1223762579146866e-12
1318.2871239028887,17.157767539520762,-6.565853432169763e-13
1318.8079426526854,17.17041746820178,-1.305761407985846e-11
1325.7522568005638,17.339562208217796,-1.2417198872236062e-11
1339.2127033664633,17.669952023802093,7.912797281642061e-13
1343.5784133736506,17.777826183051985,1.8582489574282743e-11
1343.7450445778718,17.78195049927141,-1.977004916295626e-12
1357.17543698417,18.11605027200273,1.9642416209440042e-11
1359.3559135023554,18.170606183417426,1.877043972912185e-12
1359.7795307123965,18.181215321857813,6.993368403208827e-13
1360.5851073314577,18.201399434150698,-6.134588894978487e-12
1362.6128385782542,18.252258137599423,-1.6925906546406076e-12
1366.2678912387037,18.34412394006466,-2.4007594939500583e-11
1372.2261115677989,18.494404925142998,-1.580208599282992e-11
1372.9529370719035,18.51278200547928,8.579762551282285e-12
1374.223788698686,18.544937643245657,3.3250267313389683e-12
1376.5385600573234,18.603583434658102,5.047925717982359e-13
1378.1010162887542,18.64322477435504,-1.7867300824231336e-11
1384.4527997015412,18.804839938595116,-1.1087629154585901e-11
1396.9549242350035,19.125115762414914,1.6031772440091875e-11
1404.1746747061168,19.311380682503025,-3.086491958630497e-12
1409.2116664262503,19.441900450046166,6.977419582848875e-13
1411.7301622846867,19.5073355924073,2.1507159226665476e-11
1411.7718200852225,19.508418920769,-2.9662771652226214e-11
1415.362007534587,19.601903326475597,-2.193012999867773e-13
1417.6212351424738,19.660852764898,-1.3628858907271329e-11
1426.8363804564265,19.90227503811917,1.1547267094042373e-14
1427.9173934911587,19.93069838834977,1.8124499652579678e-11
1428.7785138344068,19.953355447674966,-1.1705628930467433e-11
1437.778330929003,20.190968296736038,4.665685724095262e-13
1440.6116387562788,20.266081982687755,-9.028489313909797e-12
1444.5560137252282,20.370897342254825,-5.9366918125313105e-12
1448.0999788665283,20.465316888721013,2.8588265426791437e-12
1449.2781934315487,20.4967585330911,2.4372888340598214e-12
1458.0836074290876,20.732548075569436,-6.359016146932494e-14
1469.694557362319,21.045647017448918,-1.9897548796360193e-11
1484.8702050627662,21.45861504546735,-1.5554608204559906e-11
1485.8817884210248,21.486293622132216,2.624578966328254e-12
1489.0576800725812,21.57331370473118,-1.0014638784089648e-11
1493.5622493023095,21.69705847716262,-1.2550380151565552e-11
1493.7705383023203,21.702789413980447,3.777196502322665e-12
1493.7844242356534,21.703171504849823,-5.4510660498125954e-14
1496.166342971741,21.768765888837205,1.506152516481742e-13
1505.3953741078938,22.023906192924084,3.828374168161902e-11
1509.2286615722742,22.13034015427814,9.818346382674537e-13
1518.4322030692408,22.386988152975736,-4.092558532475028e-11
1518.4738608690982,22.3881533607347,2.3513047244442423e-12
1519.7030546666335,22.42254945256645,2.109436778570969e-11
1531.1102799867774,22.74308141019647,1.1106948384370956e-11
1546.1192963582394,23.168471932200834,1.1375464233907535e-11
1548.1169734353518,23.225403669765146,7.805857883974495e-13
1562.6468288443039,23.641701367681502,1.1881932923596892e-12
1567.7694182907483,23.789396886724493,-1.0421652474091112e-13
1567.8388479567304,23.791402016825366,-3.507298244520936e-11
1572.1929541181858,23.917326083432556,9.388770032337213e-13
1572.452222360342,23.924835334975775,6.321285566606402e-13
1574.479953541411,23.98360773723906,-2.7470974082318746e-13
1575.4359931548086,24.011344165394597,2.8632139223762653e-11
1578.8040055887448,24.10919039626385,1.6826558769025927e-11
1594.5815051500429,24.570334533155414,1.1342364251650622e-11
1601.4425033993991,24.77229809512803,5.301784024384523e-12
1608.6299173057516,24.984800165666567,5.748087398239775e-12
1611.7641511075724,25.077764440968156,4.570913027696785e-13
1614.8034656206419,25.16808613920338,1.7532954994933228e-12
1618.2131358383313,25.26961651436247,-5.475773977913339e-13
1618.3381092363527,25.273341938689253,-1.3628146012148411e-12
1622.0348195595432,25.383670027633613,-1.180306772896709e-11
1623.895919531567,25.43930970862831,-2.142932240449846e-12
1631.8518166960428,25.67787957550193,2.9679361471147015e-13
1641.6456064441682,25.97316258589401,-7.184314418881043e-13
1641.7821835307464,25.977292880154987,8.245050484621538e-12
1642.0808273258551,25.986325509884768,-9.896864533552895e-13
1646.9974099732926,26.135266154184013,-2.6859642471862135e-11
1652.888482644548,26.314313951568582,4.7315144270031265e-12
1653.0806034632049,26.320163857692133,2.930510823259044e-11
1654.5829514136235,26.365932448078688,1.4310008424445086e-12
1657.448595515307,26.453348743357903,-6.19421580362699e-13
1669.3581889506345,26.818270867785955,1.919732465778576e-12
1670.9067591859875,26.86591259562195,1.0756924002742958e-12
1673.0039200098165,26.930502119707636,2.8192999186924468e-12
1673.4136512681962,26.943130711040734,-2.4373655984442997e-11
1676.3025027419671,27.032257631611486,-1.9734602969793638e-13
1684.5037821682465,27.286121427617847,2.206957131430615e-12
1686.4065399270105,27.345196788109238,-1.0448443900350516e-12
1686.6842585872678,27.353824761031063,-4.4298818615356774e-12
1705.7280043318904,27.94885176955165,2.5517831483171553e-13
1713.3852576363092,28.189987841174325,-5.705044848631867e-12
1717.7949074609794,28.329343081859175,1.9910965483297928e-13
1722.0518120211968,28.46421100946849,-1.660865820099013e-11
1724.283267675797,28.535041694376428,-9.068187483256538e-12
1727.3225821536219,28.63166291401669,-1.7760473034196908e-12
1735.8571239302948,28.903889738103143,1.066869405911866e-11
1736.5400093567696,28.925729752158702,-8.553341223429841e-13
1740.4704982515325,29.05160149823512,-4.0244790065588497e-13
1740.5954716480062,29.05560837058312,1.0005318328696658e-11
1742.6903502135847,29.1228167843214,5.175538911130288e-13
1751.1902733799554,29.396342864808258,-1.120239070773457e-12
1753.6994476871319,29.47734209094669,1.4207945093514862e-11
1766.3358664804384,29.88702392896699,1.005722486145498e-11
1774.199126492005,30.143441160959302,-1.5124436117547733e-12
1775.4699780541573,30.184989950682507,-2.009931386437756e-11
1777.3310779982392,30.245889806630718,1.882864758425385e-12
1787.261444694077,30.57191477214674,-3.9328361693425674e-11
1796.2173213684089,30.867504011533782,4.9491230888952244e-14
1799.0506290781796,30.961325147441844,-4.322030946304449e-13
1805.7449959956014,31.18358746558879,6.96741894737003e-14
1809.80045826273,31.318635998561856,-5.249228306589542e-12
1810.6615785678646,31.347350647297166,2.592598780105369e-11
1821.0988780193534,31.696475704151293,-8.914136806416097e-12
1830.205217686219,32.002719662645056,1.7670211040482474e-13
1830.3834525689379,32.00872889941422,1.4008099551099491e-11
1831.161257275653,32.034959642173696,2.3053069711332926e-11
1836.4320273591284,32.21300510918762,1.5019143184125031e-12
1836.6680882172363,32.22099116658719,3.203618887171828e-11
1857.2604039250082,32.921589906674996,-1.0687458122073538e-11
1863.4107447207641,33.13235376858569,1.0899606832466774e-11
1863.8343619051545,33.146896205972254,1.8326644207453817e-12
1863.9871071659675,33.15214063882861,-2.117517232507743e-12
1869.392172076025,33.33799754633279,4.0799164397697863e-14
1876.9128481919595,33.59749655323209,2.494114819360092e-13
1881.403531309507,33.752943224733556,3.6321102551540203e-12
1889.1256496781239,34.02111584825216,3.3382444929519005e-12
1894.8339228551854,34.22005804835857,1.7272381459728538e-11
1898.2435929874878,34.33917669852974,-5.394391261494934e-12
1903.9263765395203,34.53818368448241,-2.1110818880658646e-11
1904.6254301337551,34.5627051273303,-2.3974352767244927e-12
1906.1323425400528,34.61559530580893,9.740147680153812e-13
1908.6137449512464,34.70277965222852,-3.043436245847643e-12
1911.8822735086083,34.81779285971758,2.9238210598260334e-12
1919.9931979777125,35.104050722244715,2.473936713777989e-13
1921.9098416323368,35.17187160774416,-2.67674697317905e-11
1922.111283891075,35.179003619136694,-9.74974692613432e-12
1922.4445462769297,35.19080432950169,1.833971308350312e-11
1930.891207837953,35.490580857661676,3.026004861046238e-14
1934.6134076823034,35.62310089904162,1.4097268498376107e-11
1941.8331577326164,35.88087046740491,2.7092226427359943e-12
1942.131801520168,35.891553743886476,1.969875634563063e-13
1949.3631552555153,36.15073987462838,1.4468490387065941e-11
1949.3886448768164,36.15165517713462,1.891189469694353e-11
1955.2797174001043,36.36351773086317,2.5038226517293056e-11
1956.0482006555142,36.39120207995525,-2.7722967108990924e-12
1957.2773944024223,36.435505984807826,-1.50386830541542e-11
1959.8814879554566,36.52945742666871,5.623726140947856e-13
1966.436995468366,36.76652247251835,-1.0293073658557382e-11
1981.9112862236036,37.32925482910818,-8.094006381403902e-13
1985.7584594500356,37.46984434569597,2.5138319921959935e-12
1998.40172476158,37.93379492625067,-4.260982795406205e-12
2000.2211668779219,38.000802573822284,3.946871819749326e-13
2007.353036814343,38.264047898570915,-1.749628786670086e-11
2009.4247079618656,38.34069121693311,-9.138830730217429e-12
2010.6955595027478,38.387746625180974,-1.8199280200100726e-11
2011.8737740031333,38.43139856841336,7.310934296892614e-12
2012.054291127786,38.43808884843665,3.2389213832187186e-13
2016.7787528169986,38.61339908756228,-4.262718725939177e-11
2022.5286837453236,38.8273160469187,1.3653083698727463e-11
2023.963884232978,38.88080535750263,8.976752408366237e-13
2031.2207275533556,39.15184577444714,-1.1035725515287316e-11
2031.4290165431064,39.159639612464154,-6.939149117389272e-12
2045.1232406811162,39.67380889295871,-4.698819184118362e-13
2050.3824070018086,39.872189911056,6.443669757516205e-12
2057.3615316587984,40.13623615802897,1.8548464933829796e-11
2066.3868378328225,40.47902744983807,2.087369659737054e-11
2068.289595537849,40.55148784497742,2.3140584656288497e-12
2071.824239027304,40.68627036716667,-2.73095227167142e-13
2076.6575059174943,40.870944318118376,-3.100026855951508e-11
2085.7754491221644,41.220502775421124,6.863716362372437e-13
2090.4628174824766,41.40080041153402,-5.578536670302301e-12
2099.2126872327212,41.73844333806989,-1.2794831281902817e-11
2105.4973227739465,41.98182722684165,3.078479612498891e-11
2106.3884971719694,42.016398467937634,-7.528232322322723e-13
2109.8514287472817,42.150874506450236,-1.724795832487103e-12
2113.3860722290437,42.28836314171303,-6.927969642016676e-12
2114.888420128466,42.34687034884063,-9.539184819409611e-13
2116.4624799348217,42.40821489412879,1.4795546180809155e-11
2124.351229385544,42.7163442230892,3.0226389254768457e-12
2132.6381063896206,43.04125875461756,-1.6042427682944054e-13
2143.7143509961866,43.477515053655196,-5.118580526723394e-13
2145.70042428907,43.555978791807775,-1.8825915236540233e-12
2146.9897262414893,43.60695410024786,1.047253895903661e-12
2149.422624088112,43.70322732305753,4.0191613218901853e-13
2163.760357995798,44.27280646780067,8.693608824562847e-14
2184.5887341548446,45.10697825064489,1.3100527385553734e-11
2184.6558815734415,45.109680412513306,-2.3617246989211053e-11
2184.7970231429595,45.11536053479534,1.2966165384188901e-11
2190.5469540214676,45.34707359113573,-8.692031480988943e-12
2190.73907483288,45.354826268288846,-2.572163668749711e-11
2191.2737794694967,45.37640685647077,-1.6751102322231148e-11
2197.266810399585,45.618644882409065,-2.5509970049000735e-11
2200.676480473791,45.75675886959331,7.967094784274803e-12
2202.9958161421055,45.85082954886468,-1.2235190671761558e-13
2206.3592639296407,45.987424750567726,3.1179009104027176e-11
2212.266504548538,46.227832001471505,-3.937481568214499e-12
2213.0443092377423,46.259534246336,-6.676214234487924e-12
2214.3151607654167,46.31135637883337,-4.318248019490102e-12
2214.9054091315575,46.33543534196644,-1.342276446247112e-12
2221.849722666772,46.619207943259056,5.217423916492694e-13
2222.162252382366,46.63200005420251,1.940525183327487e-12
2222.4260851002005,46.64280035556111,-2.2460116955223935e-13
2224.5441709787474,46.729553149291675,1.4399571686811526e-11
2237.046294566648,47.24329999824449,-2.08204694201936e-11
2245.8701584072573,47.6076301570484,5.952013941020194e-13
2247.0993521356236,47.65849637961607,6.61966135741008e-12
2251.8215315255616,47.85416740339407,-2.7931211660939606e-11
2261.9417365066633,48.27489768123196,-7.973371444910405e-12
2268.323573528196,48.54118165284721,-1.624365952684375e-12
2268.869881851412,48.564011383843116,1.5201935312760414e-11
2273.5155923744633,48.75837358623525,-1.959856577928777e-11
2278.253939935832,48.957020973775755,-8.781680754436598e-12
2281.4043417692833,49.08932526415167,2.1073074928225587e-12
2284.6473806415074,49.225710908873374,4.619432099237665e-12
2285.607984694692,49.266146198852546,3.8934350195765086e-11
2288.191345539661,49.37497350009472,-3.7126925662846816e-12
2300.2721341644133,49.88552345843428,1.2968354970929386e-13
2301.8762480667992,49.95351760073539,-6.953791938906254e-14
2303.994333938396,50.04337026810887,8.842917324398885e-12
2309.7859225853686,50.28948085405237,2.5840295173783403e-11
2311.8830833236675,50.37875099851408,-2.8068912302601424e-11
2313.420049807097,50.44422671775571,-1.5792566047233723e-12
2314.4871768307207,50.489712581105636,-2.9404837499649116e-13
2324.014851178901,50.89675562335268,1.8630582354926186e-12
2333.6536129832607,51.31024608902004,1.6298631294316235e-11
2347.023703528368,51.88663913237566,2.3872477417153176e-13
2348.3200446699643,51.94270033074089,2.279546173163444e-11
2358.5235652075326,52.38503959538026,3.184400800961829e-11
2358.757343814955,52.395196752863825,1.63751018768831e-11
2359.7944167277897,52.44026738970197,-2.739408408490715e-11
2368.041918095811,52.79940468721822,-1.2294679056125085e-11
2378.9399277155767,53.27588003725067,-4.634541827869935e-13
2380.2847733852377,53.33483010912053,1.1976707836989465e-12
2380.9676587863405,53.364776515647705,6.535302558480555e-13
2381.9792420775775,53.409153017792946,2.69780543682496e-13
2382.215302928893,53.4195113333322,6.32772386411872e-12
2388.2083338132093,53.68282848220297,-1.0136933106419922e-12
2394.9188686941475,53.97845592643599,-9.396864448033466e-12
2403.0297929717913,54.33688367446769,-2.789036615881883e-14
2408.8213815977692,54.59355985796794,6.834491607188457e-13
2416.8467080329683,54.95025388288386,4.6526526226153517e-11
2418.895364233631,55.04149863402817,-2.185126432570876e-11
2434.672862936468,55.74680040137014,-8.825205160300093e-12
2442.21674621882,56.08565514187849,1.1692579159265973e-12
2443.7908060041404,56.156490653902694,8.563855113266151e-13
2446.272208351454,56.268250893536944,5.5906253376387e-12
2448.269885308686,56.35830696713801,-6.044836686723251e-12
2450.450361631049,56.45668761854783,-7.033067526008155e-12
2451.8555079830912,56.52013265408313,-5.935799169777563e-13
2460.1030093251347,56.893256293932524,-1.609613236307243e-11
2463.936296537145,57.06710383461395,1.4735532437138845e-12
2481.0957341909602,57.848637769427334,3.596294546527289e-12
2481.4383180124073,57.86429612061997,4.803618849336583e-13
2487.0887650556115,58.12287089267387,3.4879568119855e-11
2494.935856593572,58.482943653249855,-1.3222348131434893e-11
2504.727363597889,58.93382884272031,5.908189150400389e-13
2505.4286994167337,58.966192154265,1.1107559365989285e-13
2506.4564508802914,59.013634362379904,8.216757334664937e-13
2513.0952738294664,59.320558963756696,-2.1935651993763833e-12
2519.8729561009945,59.634740800888686,4.182537467082474e-12
2522.102129415716,59.738259834930915,1.1391324239510352e-12
2522.5464792514636,59.758905630574866,-5.8698146120561415e-12
2524.5951354452486,59.85413924150673,-2.865886936668257e-12
2525.511799449288,59.89677622112922,-3.5576567817631543e-13
2531.194582837806,60.16144610046034,-1.3922782477335445e-12
2536.06018599225,60.38852935217047,7.827033689978586e-12
2539.150479580133,60.53298332642536,1.9282833125561386e-13
2548.354020456523,60.96423960598673,-1.6001024214749347e-11
2549.1780474215884,61.00292767644812,-1.2311829936471674e-12
2549.3794896746945,61.01238729392576,-6.430018639219005e-13
2554.437213635442,61.25014022063546,3.7411616486096764e-11
2556.150132738875,61.330767749283815,8.872947247863643e-13
2561.8816131195026,61.60094293926333,9.29720565731157e-13
2564.3746191461496,61.71864913368855,1.1775506152434138e-11
2569.5110942106667,61.9615265088297,-2.5051929102050845e-12
2576.656849912182,62.30022074014037,1.247242284628621e-12
2582.2492784981773,62.56594655805592,1.4423959341224576e-12
2584.864975670401,62.69042989096821,-1.4151853184199787e-11
2593.70520005,63.11207671565955,-6.788267154719575e-13
2593.7491400910917,63.11417609261566,2.8832070040990478e-11
2593.790797888108,63.116166460854316,-1.105422349608996e-11
2604.0452975875337,63.60708873502304,1.83521734729283e-11
2604.309130301893,63.61974497951444,6.312831081858903e-14
2606.427216152594,63.721397543726525,-1.3059629154737194e-11
2612.15622181327,63.99676179819087,-1.0366269601532091e-13
2613.026663529899,64.03865242632398,1.6578601614029709e-13
2628.121276745373,64.76731101408065,1.0247047175682315e-11
2630.519363485302,64.88345963594777,-8.612945872301768e-12
2634.621240348535,65.08237497403714,-1.1538652781158093e-12
2636.567938053623,65.1768860701184,-4.136368884646315e-14
2636.6929114445275,65.18295584366558,-4.20335395729392e-13
2650.752926459033,65.86766698752827,-3.366520331780809e-11
2651.0445310377027,65.881906435444,6.0801787928616314e-12
2658.4889305023157,66.24595700210294,-7.277921440443262e-13
2662.0096879816024,66.41848680466889,2.6574723616216454e-12
2664.1230168730726,66.52215719970266,1.3019508042998728e-12
2669.8984372780924,66.80589293783235,-7.990420975027996e-12
2676.759435114313,67.14375961237755,-2.492442637864409e-11
2684.629733987443,67.5323966952258,1.2232394312806517e-12
2685.675935866394,67.5841442915362,-4.2493976380987934e-11
2690.564746377061,67.82622355388412,1.7853930892560934e-12
2697.351750060124,68.16302552240188,1.387756447684721e-11
2705.4626742664927,68.56663938463421,2.531926782865409e-14
2705.8978951237755,68.58833099789861,-5.39502905951013e-13
2713.0436507999484,68.94497777951035,4.5264694537738006e-14
2720.1291057897006,69.29954365701963,-1.521066064947147e-13
2722.24719163418,69.40571512063468,1.151769011651694e-11
2722.455480618578,69.41616030598433,-2.381665684499605e-11
2726.480888610868,69.61818168018233,-5.884772469856632e-13
2740.765360754934,70.33747911552219,-8.381068584232439e-12
2743.73068093574,70.48726952246177,9.757257705657124e-13
2746.223686950756,70.61332674705577,-1.2647273825329025e-12
2748.3208476615714,70.71945697345255,-1.98605856815027e-12
2749.9249615422564,70.80069044787581,3.4555665699922215e-12
2762.001185510282,71.4137606794414,2.082469532866322e-11
2774.3690140528024,72.04441918632402,1.2668977909029493e-12
2776.690824390641,72.16312673298567,2.6505039850311484e-14
2777.500965418645,72.20457030488288,3.732894448137589e-13
2784.7578085411674,72.57634053003154,5.819776227172058e-12
2791.3757063101634,72.91622310358704,5.36100206066313e-12
2797.3687371260744,73.22470980159882,1.9526904037092406e-11
2798.5376301486417,73.28495478448677,2.6197381909024666e-12
2808.8893313228123,73.81958196194253,-7.459190757137376e-13
2811.924081160425,73.97668976138804,-1.5574649629307704e-12
2818.541978925508,74.31988407131453,-7.704208510006262e-13
2819.062797619313,74.34692719599843,-3.8706841257591945e-12
2829.016371241508,74.86471937779055,-1.0008437965112922e-11
2830.37510282679,74.93554315538584,-1.4801098944440966e-13
2849.4304512408544,75.93238449937516,1.2796877992598935e-13
2849.5160490784406,75.93687746456146,7.1096567269831525e-12
2849.541538698888,75.93821542137069,-2.4676853249019045e-11
2850.786900581497,76.00359936754032,2.3630322902850712e-11
2851.0785051588236,76.01891330884878,1.3859372450976912e-12
2851.377148936218,76.03459854518427,2.573227840863071e-12
2853.2844710788036,76.13481282721825,-3.930092317141271e-11
2869.3398807146355,76.98105041013554,-2.9891405447614884e-11
2872.7495507191006,77.16137625734885,9.335464997709674e-12
2878.4323340593537,77.46239523837163,3.653403049521946e-11
2886.3882307346203,77.88482120670496,-5.059899496840815e-12
2886.888124295389,77.91140246706794,5.940790677162964e-12
2889.2099346277178,78.03492238005398,-5.258019786693188e-13
2896.6172407438285,78.42965355725033,1.6872624263743108e-11
2899.3485898428526,78.57546066932755,7.866255375195008e-12
2906.4781773127233,78.95670566778992,-2.7102310973200713e-11
2908.7836269999757,79.0801867992958,2.549190009587277e-12
2909.11936408562,79.09817722630956,-2.4396192624933198e-11
2911.9850080182264,79.25181687056092,-2.2566265442620596e-11
2912.8761823933105,79.29962744377906,1.7906340279428444e-12
2914.589101482251,79.39156484515834,9.410397163862911e-14
2916.598382104081,79.49947772456387,-4.074407480606253e-13
2917.9432277547266,79.57174719364063,-2.1998224565599627e-12
2923.89460075837,79.89196269158492,-3.2728003380065055e-11
2927.5264456748982,80.08769581431606,-7.131296918567609e-13
2931.2625313168537,80.2893003779316,5.83137538243399e-13
2939.304025821382,80.72410331165352,9.953570090162205e-12
2940.942950760199,80.81286597217907,1.7812568076468295e-11
2942.8942129401644,80.91860905120959,-6.940575616870316e-13
2954.5051618965376,81.54928161068116,-4.083019036857005e-11
2960.264414089001,81.86302862859513,-4.3502507422875885e-12
2964.4425673157466,82.09102446665779,-3.924500553838616e-12
2968.0766944735747,82.28959507035621,2.350757229406114e-11
2975.5882413041872,82.70080100891575,1.5032069812490645e-12
2981.8589907424594,83.04487776273658,3.027750878813187e-11
2985.9283387538776,83.2685509109233,-5.314170257266531e-12
2997.2267579923537,83.89117171287879,1.885426206170765e-11
3001.680347616526,84.13724134125474,-3.5534366635602585e-12
3005.726680718076,84.36112601790737,1.909725266161611e-11
3005.9488556334773,84.37342774919215,-1.7725040853696227e-13
3009.4834990190607,84.56926176569281,2.910116854014523e-13
3009.594586476754,84.57542020527737,7.654385691715391e-12
3019.0967710316495,85.10304134982886,-8.822849074256287e-13
3021.3027369446118,85.22576835623128,1.1953694039093956e-11
3022.187064585746,85.27499233031436,-6.19652277459831e-13
3022.5619847553785,85.29586570940066,1.3807899173048521e-13
3024.6800705868523,85.41383706985434,-1.700895856206735e-11
3031.3651157418253,85.78671710603388,1.3030877949688631e-11
3031.8674840131935,85.81477157881183,-3.2097658795008964e-11
3057.531408645781,87.25414399316155,3.676916340489028e-12
3057.6864361440353,87.26287564381114,4.1514389199861137e-13
3060.204931763982,87.4047874870919,5.151039166617551e-12
3060.281400625023,87.40909817155466,-1.187735365554116e-12
3071.059001157692,88.01772794083598,5.647143686424109e-14
3084.741621164768,88.79349170725953,6.436885455190871e-12
3085.1420309543423,88.81624568565704,1.6448025337282584e-11
3086.644378811088,88.90164552812676,-8.932185292006363e-13
3087.1906871226224,88.93271032449056,-8.594392625728371e-12
3090.9684305506676,89.14767506364106,-2.560270998075159e-11
3108.363928807454,90.14092254657342,1.653891108140662e-13
3118.7456840304626,90.73635564960537,-2.4863018395679562e-12
3122.113696223182,90.9299504693565,3.589287214702161e-11
3122.2040510163297,90.93514698058941,-8.718912007185228e-13
3122.5234274566,90.9535162568813,2.599222971542496e-11
3123.928573787152,91.03435706397654,-6.954798414372216e-13
3125.699318842582,91.13628327441933,-3.028648272704745e-11
3131.407591777638,91.46525152539151,2.5346180740111562e-11
3132.8079811520097,91.54604777118915,1.343592104945536e-13
3136.0949599949417,91.7358337546135,-7.149960873628741e-12
3151.9744169199294,92.65549661907788,3.644140627558146e-11
3159.161830331446,93.07328452286716,4.0866942897911685e-11
3168.1778147692053,93.59870861319997,7.558082948993186e-12
3169.613015207171,93.68248587083451,-2.0139432879376897e-12
3174.5295975365625,93.96977019761907,9.01160601339773e-12
3174.751772451356,93.98276277391149,2.9047097032231346e-13
3175.62221415813,94.03367413108401,-1.0551043441968794e-12
3196.6682001804884,95.26888333201929,-3.357805470403565e-12
3204.4804805347962,95.72947005524178,7.993948050958291e-12
3207.556888147626,95.91115360312676,-7.0242334460564e-12
3209.5174717630725,96.02703083733896,6.633223597949013e-14
3219.0312599759277,96.59033388352786,6.016807697368435e-13
3222.306635126514,96.78465178492682,-4.922080421325778e-12
3228.2231970357916,97.13616404851697,-3.279093212366362e-12
3231.313490579734,97.3200196152294,1.2101209992631334e-12
3236.4476833312087,97.62586492453967,1.3796572685440472e-11
3236.9059190925545,97.65318576088525,-2.146879367584986e-11
3238.0841335501495,97.72345077424094,-1.2083720716782307e-12
3238.9800648764017,97.77689842286945,-7.747053049704041e-12
3242.389734859577,97.9804407930987,2.419501640143443e-12
3245.3270906812545,98.15595978844382,6.300322757691896e-13
3248.0725181645057,98.32015397914809,9.46863055747048e-12
3253.16029616232,98.62480283516341,-5.002718695823745e-12
3254.854764821441,98.72637103843047,1.6826473265447014e-12
3256.028414790649,98.7967518345187,-1.3113872050713546e-12
3266.257424737259,99.41123375411193,4.372914648525651e-12
3266.5906871090083,99.43128606927367,1.1797583664857447e-11
3278.423810919764,100.14460820552515,7.354422534798872e-12
3278.5002797805532,100.14922627493557,-1.530091305671579e-11
3278.7595480033883,100.16488467422967,-6.322801983780883e-12
3285.979297754216,100.60141586328095,-1.7458771404212212e-12
3288.361216288052,100.74564558915284,7.847536267155661e-12
3289.27788027797,100.80117919733568,1.752279790991044e-13
3293.5347845878987,101.05927507257422,-8.4821519408747e-12
3294.090221873942,101.09297582363165,1.4117192960099053e-13
3310.583134489471,102.09626096824817,4.616490331616574e-12
3312.944127890362,102.24029323030747,-1.9541403431185304e-12
3321.1870645965146,102.74395814707395,-2.7973149856546747e-12
3322.8259895255023,102.84424989911464,-3.9442309826495885e-11
3326.0920432273842,103.04425910263215,2.4184423526576956e-11
3329.9045977066226,103.27798392175468,-1.1274528464362065e-12
3336.1960797751262,103.66426239985482,-4.8113535719888494e-12
3342.3696276538544,104.04400883343008,5.744539916215577e-13
3349.5153832498527,104.4844341831134,7.594395858935757e-13
3351.499174237717,104.60687103499723,7.846984385733495e-12
3353.9712550944814,104.75954592058463,-1.5021313816732225e-11
3359.6956961873857,105.11351763868306,-3.655732047355767e-12
3359.9642858540014,105.13014074866537,-5.429723161849624e-12
3360.1193133515735,105.13973606048506,-3.7684231485300003e-13
3360.924889883523,105.1896037489401,-2.741979500477704e-11
3366.674820596161,105.5458894841684,-8.79792100322895e-12
3369.424812563087,105.71650385438483,1.625880682392425e-11
3372.498745457154,105.90738098000212,-2.4313641063878645e-12
3375.366864080982,106.08563495127974,4.949393038001509e-12
3390.9429202227416,107.05633502198737,3.448585205565094e-11
3401.507667234525,107.71727385530656,-8.318646173711425e-12
3412.025999492594,108.37735141967352,3.837311140222756e-13
3415.701784422597,108.60850571649341,4.270913662090434e-13
3418.2967488904096,108.77184173945471,-1.4817208103869469e-12
3418.643897193639,108.79370185919805,2.4652577071319185e-13
3422.3406072554853,109.02662341177874,-1.1219026954403602e-12
3429.9215836963504,109.50507147318244,-3.078201737758619e-13
3432.1576037045793,109.64639259974926,8.042248168788034e-13
3433.8404686717263,109.7528139161783,-3.742849918771668e-11
3446.442075680217,110.55137452741458,-4.681670417253735e-12
3449.643456672465,110.75471118550374,-1.983651415566229e-11
3449.9767190434427,110.77588929275045,-3.8734013563692815e-11
3457.5322058616366,111.25657320473536,-4.456151488347837e-12
3460.608613464373,111.45259707241244,-6.63531079667481e-12
3469.441798504653,112.01640269443305,2.2876870586667935e-11
3473.3097042378263,112.26373633057568,-7.300450401734564e-12
3476.8097290035976,112.4877832955273,-1.6270583760071067e-12
3477.1846491708297,112.51179642803379,-2.6366793827259204e-13
3483.5803719529404,112.92183270785405,5.8550466718294376e-12
3493.568756536442,113.56370546190227,-1.8024269383187857e-13
3494.110307889005,113.59855911265124,-7.355644177529623e-12
3505.7351426847795,114.34802336190693,-2.0626939413343578e-11
3509.9897647394255,114.62294518720522,1.037252868404851e-11
3522.8599614031,115.45661140082925,2.7683842323547363e-11
3524.2186929739664,115.54480122270422,1.052844027291253e-12
3525.7672631063083,115.64535417135943,3.30508255718163e-11
3526.616779677066,115.70053439912964,3.617196536427717e-13
3528.8020129103516,115.84253699195784,1.0591144943328904e-11
3534.885205982364,116.238303228402,1.6573219769251032e-11
3539.5864601072108,116.54462891741893,-6.840306134841504e-13
3543.8665717804615,116.82386774058646,-2.686396955951603e-14
3556.4126350449756,117.6443299461771,-2.532493816629412e-12
3558.961184756385,117.81134918911619,-2.1952793394485613e-11
3566.3083825838603,118.2935175542855,-8.70209415314202e-13
3576.134507993303,118.9399226319188,-1.4568042000771467e-11
3578.551237583133,119.09917808155284,-3.175091498394433e-11
3588.4121740555183,119.75010019865974,2.5780722484226068e-12
3594.921266530778,120.18074791438012,-2.2086054638419077e-11
3596.5230981463287,120.28684627321103,-1.2814344383087487e-13
3606.0878655547062,120.92135858199212,3.5755000748121637e-12
3609.738160856645,121.16395798807609,2.202106286999166e-12
3613.1965278209796,121.39402822616334,-3.503751538433514e-13
3617.9949834666654,121.71361369803316,1.1780770539271156e-11
3618.55289546253,121.7507991290118,-2.446981955052619e-12
3622.400068525302,122.00737341537865,5.658021525396811e-12
3622.8004783121087,122.03409306600486,-1.4432094402226804e-11
3631.0226823247394,122.58341999861447,-3.2415665633840868e-12
3631.4670321518392,122.6131425595349,-4.1695079452112775e-12
3634.4323522920527,122.81158595386066,1.0123812483580583e-12
3636.5156270422563,122.95109850091407,-4.597558339738647e-12
3636.8627753446576,122.97435406662186,3.519669313114313e-13
3640.1151355706506,123.1923384482716,3.961913042091165e-12
3648.0710321601496,123.72639133534832,-5.487166565914563e-13
3648.140461820623,123.73105704958489,-3.965337030501327e-12
3657.566177435232,124.36529502418321,-1.0156823295269112e-12
3658.3000420600183,124.41474400999238,1.8297319639067968e-12
3665.744248936842,124.91690743273045,-2.57265868794723e-13
3669.107696618646,125.14413012885628,1.2991432352721303e-11
3670.802165269581,125.25868140850554,-2.6456059940884223e-12
3673.753407008676,125.45832068428007,1.313046551777569e-11
3684.799597123129,126.20697376497037,2.4242278601399733e-13
3685.577401788025,126.25977400859007,-3.5491191689072425e-12
3692.4661713793525,126.72789547297147,-1.0221676363473492e-11
3696.753129778089,127.01965396462329,-1.9925683752136902e-11
3702.625751614408,127.41987782934872,1.9316358279457045e-12
3704.565410086414,127.5522066678603,1.3933936436329389e-12
3712.188044300912,128.0729150903496,7.921040853170806e-12
3715.160211170916,128.276236286789,-3.976692356521306e-13
3718.1346602848703,128.47987651953858,-3.876699699896078e-13
3718.8059419809097,128.52585713692017,3.537275297861349e-11
3721.9472147476645,128.74113443128454,-4.717482904450047e-13
3738.169062907508,129.85574102707227,-2.1062510468802987e-13
3739.0649942286586,129.91744190945977,4.213522646591509e-12
3739.4399143948863,129.94326625142415,-6.117731583237796e-12
3742.138927110566,130.1292495164022,-7.013992169707321e-12
3743.541791186617,130.22597091630087,3.2833199102601154e-12
3744.15277219822,130.26810674246994,4.430763163769502e-12
3749.381884200276,130.6290096195949,1.6503913102242072e-12
3752.076332427645,130.81517169750938,2.929124171926268e-11
3758.6757796850734,131.2716989111206,1.6710667980207117e-12
3759.263745788382,131.3124113197916,-1.0067997035572627e-11
3760.992833034148,131.432175031072,2.992131003365618e-11
3767.409480929988,131.8770999277019,2.070907292756192e-12
3787.9369303663416,133.30554995775842,-3.8398986763316565e-13
3790.8187424418697,133.50670885362706,9.186945149953815e-12
3793.5502839764067,133.6975196501919,-3.4806432121847402e-12
3794.1751509198125,133.74118881015104,2.4606663204243463e-14
3804.2491333089974,134.44620713863108,1.0369651089903284e-11
3814.0406400998886,135.1332482055533,-2.2599863735369863e-13
3821.964200324419,135.69051380987548,-1.287958630289385e-13
3824.0474750710127,135.8372229549303,4.2688915192266873e-11
3834.825075505152,136.59748376012746,-4.630965596044512e-13
3835.2694253314166,136.62887448969823,-7.854336219105389e-12
3837.31808148154,136.77364716573416,-2.4472291606162575e-11
3839.081979790246,136.89835875797627,5.928523833912147e-12
3842.019335592783,137.10616363193864,6.208834885997376e-13
3844.9637305952224,137.314626004518,1.3303667852519567e-11
3849.6859098382074,137.64928846354684,-5.952726337961373e-12
3852.651229972503,137.85965167425786,-2.776284203513166e-12
3863.7504890856253,138.64848363662065,-2.1219142701904588e-11
3864.174106247624,138.6786353573689,-9.871276033069807e-13
3866.692601843502,138.85796210056236,-3.774666505443701e-12
3868.8730781137797,139.01331491396587,1.1872577149625357e-12
3872.583674091128,139.2778857936847,-4.237866407365371e-13
3885.611372919081,140.20878805224467,-7.541504205446819e-14
3891.1043176239905,140.60222679995107,7.048195574480944e-13
3892.5001424982697,140.70229299162247,7.174187778778413e-12
3898.5833355495133,141.13881398693988,-2.4100501550978726e-11
3910.1571910604894,141.9712190792783,4.464814313618781e-12
3913.2474845818733,142.1938939489046,-1.1510054309690296e-13
3915.194182250311,142.33425593622283,-9.063805894267779e-14
3920.8446291625255,142.74206329414184,4.431397555695252e-12
3924.832943779526,143.03026433604597,-8.354636203733913e-12
3924.879166063767,143.03360613880398,-1.3870313058764774e-13
3948.1914184883767,144.72406288160678,-8.228087160517784e-12
3958.350998701174,145.46390329165573,-3.6409851926914655e-13
3960.4342734454594,145.61584632616618,9.192564674975179e-12
3962.205018484499,145.74505795382308,-2.7912365276874385e-11
3968.1771240759517,146.18126961673335,2.3351233309536857e-13
3968.2465537362314,146.18634472795625,4.5257015014890915e-11
3973.394632380208,146.5629020648968,-1.2724413402381515e-12
3974.6654838650857,146.65593390777323,-5.538339731845189e-12
3981.2394414902556,147.13765112066494,-6.906535563866798e-13
3987.6351642424256,147.60707189158254,3.3983844747044936e-11
3993.943006913911,148.07078065576647,-5.800087828963761e-13
3995.190651022542,148.1625856033929,-3.916628690680631e-12
3998.1304815333415,148.37901947789317,1.4959914011799776e-12
4001.850206483036,148.65309827928047,-6.841016025150983e-12
4003.2876891522683,148.75908394080082,2.3887953299313768e-12
4006.1558077586014,148.97066419223935,-1.1914230568517613e-12
4014.620919320958,149.59601655236082,-1.1696078525612377e-11
4018.6208376231198,149.89196607111572,2.670105799138141e-12
4031.768752868817,150.86684228475556,1.3507104253463256e-11
4032.0373425336934,150.88679054628813,-6.3602226668706205e-12
4040.1830776573265,151.4924088273614,-1.6590879948152396e-12
4045.4677333749983,151.88596557348774,-3.833511734306661e-12
4048.8774033302993,152.1401621757518,1.1972523249133117e-12
4054.5601865889475,152.56429908185925,4.685393908671023e-12
4057.856294375743,152.81057804921295,7.992092831577462e-13
4062.5160831506655,153.1590901453111,-6.489163472641029e-13
4066.393310307053,153.4493782292306,-5.163544754840459e-12
4072.745093015069,153.92553476100883,2.163850624346608e-12
4076.911642500087,154.23828060042754,-1.3077069365607e-12
4076.9972403363836,154.2447090215732,1.6694698341885118e-11
4084.508787071427,154.809353855968,-4.2766950991787564e-12
4084.9114791007023,154.83965366922445,-5.388903260496526e-12
4085.2472161816663,154.86491786525426,-3.1287007633095023e-12
4094.071079728293,155.52965749750788,-2.2258259632726256e-12
4096.608025739867,155.72104202164587,-2.2334350600414443e-14
4100.022452649869,155.9788099357497,-4.197187137998953e-12
4100.577889931568,156.02076229160397,-3.356513578716335e-13
4103.496795308129,156.24132155455848,2.5001884445495854e-12
4104.098647341877,156.28681840717968,7.172442237755011e-12
4105.913524887094,156.4240540144298,-4.3841765939172504e-11
4106.682008105335,156.4821826999949,-1.5311478021095455e-11
4113.792952585775,157.0205762876099,1.278111936734915e-11
4117.070802418989,157.26906699159778,2.2843451399908473e-12
4124.320606219325,157.8193707439509,-3.3683833608814245e-13
4128.903926131927,158.16777183969148,-2.6089971204822108e-12
4131.107609773944,158.33542262102114,1.7629020431103192e-12
4136.264817387991,158.7281198143418,-1.3764210515446225e-11
4136.39226548825,158.73783059330165,-5.578858574083659e-13
4137.10044802224,158.79179529494021,-3.779258693765881e-13
4155.653427870905,160.20885493498108,-2.16323227309939e-11
4157.986841856792,160.38752784276477,3.8828140616765595e-12
4162.153391339375,160.70681604400298,1.0925523627275788e-12
4179.979545763195,162.07646872122908,-1.606568093664255e-13
4181.854531523675,162.22087138329098,2.4490195754921916e-12
4182.062820504199,162.23691682610487,1.2149572210635478e-11
4193.106535862224,163.08880871330197,4.4151469076126176e-14
4193.687655231502,163.1336974121335,1.1062194633637185e-11
4194.062575396414,163.1626615075181,1.1680488674831729e-11
4195.224621667076,163.25245072020286,-8.926697975540874e-13
4197.430587552148,163.42297014283588,-2.5268316530037533e-11
4201.016210132289,163.70032720566502,3.5585565907262684e-11
4207.995334487893,164.24085939958488,-4.1161305563779536e-12
4222.189451574814,165.34295979370776,-1.0154137913911127e-12
4227.312040589645,165.74161393579942,1.2589245330634043e-13
4231.1245950375205,166.03863129670077,2.480403329724042e-12
4232.293488039982,166.12974762984743,-4.942167636692847e-13
4236.409250748372,166.4507756177509,-1.5231034821601606e-13
4237.0757754858105,166.50279366189045,-4.132729616147243e-11
4241.020150053791,166.8107946828295,-1.4186927988825091e-11
4242.223854120194,166.90484437242594,-1.2224440882009485e-12
4249.668253430881,167.48709478900815,3.7298383345041093e-13
4260.485229383662,168.33494461822687,3.0196865524128823e-12
4260.744497604144,168.3552928764682,1.826415678704289e-13
4267.096280303985,168.8541893052944,-3.283137807926994e-12
4271.5150588041715,169.2016975862318,-7.603858411129324e-13
4274.623802737803,169.44639567426978,2.1444770517293363e-12
4281.811216070577,170.01281903627688,-8.135714281195913e-12
4284.542757595292,170.2283350289456,3.001543738563916e-12
4297.623525401572,171.2623000374881,5.783022696389478e-12
4298.651276839282,171.34367186379583,2.6296833756897076e-11
4300.056423153556,171.45495527112084,-8.918271507658904e-14
4312.222809221204,172.4200176279279,1.511309270922733e-11
4313.401023667061,172.5136207937788,5.676551225591568e-12
4330.074453248314,173.84098170400785,2.3820656436801726e-12
4330.629890529195,173.88528784439575,-2.505293108930041e-13
4335.289679295871,174.25721386553624,5.2403558273770365e-12
4339.456228773842,174.59011017935904,5.221526050640524e-13
4340.234033434916,174.6522901408731,-3.44244380368468e-12
4341.180751524263,174.72798856911027,1.5216472274151588e-11
4342.53948308619,174.8366599453249,-4.80876013684913e-13
4346.074126423099,175.1195200918987,1.6262214302944433e-12
4360.289168630056,176.25940398971767,-7.253818047853132e-13
4372.32601681719,177.22753200095315,-2.2830595221141703e-12
4372.796048729684,177.26539098024705,-4.3056245456443173e-13
4372.927868849919,177.27600923515382,6.8905187610674525e-12
4380.816617979371,177.9120393674943,-2.6466993846158297e-12
4396.503953913043,179.18023670498178,3.2864594256446817e-12
4398.198422554844,179.3174923967934,-4.984594728880191e-13
4401.677522162561,179.59947290746496,-1.6481037601263297e-12
4404.351045245394,179.81631306200595,-3.3173487792772256e-12
4409.038413406249,180.19680696979543,4.314648793144891e-12
4410.242117471455,180.29458213636616,7.781295125730504e-13
4412.575531453721,180.48419804835996,1.7690632066997255e-12
4414.420270635633,180.634174671994,4.0007075248585117e-13
4424.149386924893,181.4261853984696,3.4307147531989976e-11
4429.288144109638,181.84521596522157,1.0573792599856428e-11
4431.51731736761,182.02714110037184,6.835477594006224e-13
4435.012585150719,182.31257780387713,1.7172539162343087e-11
4454.628127466695,183.91863204438218,-1.961916465068771e-12
4455.058591359078,183.95395644830353,-2.2547779410478675e-12
4458.435924953576,184.23122310241706,-2.1602674155779897e-12
4470.426358382183,185.2172906972191,-4.6738258196713564e-14
4472.231914479383,185.36600519249876,6.116005349484871e-13
4475.553704345529,185.63976104095255,-1.136044426458508e-11
4482.315218265788,186.1976198942417,2.8345184318203253e-11
4485.7248882118565,186.47925420552463,-8.852540193679366e-12
4491.407671455168,186.94912062666359,-3.4643987759640195e-11
4495.539409865555,187.2911163553247,-4.007226367628193e-14
4497.657495666661,187.46655825906416,1.3180210988912683e-12
4498.95383676731,187.57397548422153,-5.0572689173453475e-12
4499.363567995518,187.6079330111594,4.798106155736062e-12
4505.904996778928,188.15048950631726,-3.970227266793998e-11
4509.39113558456,188.43995736741988,-2.8662302409755796e-11
4509.592577832621,188.45669075391368,-1.5999543956209548e-11
4509.8493713408325,188.4780231376924,1.2954663849331454e-11
4512.323926885948,188.68365198995207,-4.867227082450295e-12
4520.946540629666,189.40104910485508,-1.0915125248243864e-12
4522.094700966119,189.4966787912283,2.313360757389021e-11
4522.886199090535,189.56261640467812,-4.063205773658471e-11
4525.851519211654,189.80975197876336,-1.5886201492864204e-12
4536.869937395573,190.72946760080546,3.1033910153922715e-11
4540.946132076961,191.07027732437217,-4.386022128746655e-12
4545.5526593542645,191.45579642518584,2.0846465740250405e-12
4548.626592219181,191.71327053683777,5.138652433133439e-12
4548.834881199261,191.73072321975764,8.049287538526807e-13
4551.702999795951,191.97112619998407,3.148206103870414e-12
4553.9182871204775,192.1569132017479,-1.6890345598025712e-11
4556.489851721183,192.3726930842383,6.141863179543427e-12
4558.897259849703,192.57480900273518,-2.7502131530458636e-11
4569.8508128597905,193.49577143810345,1.3485760744935452e-12
4573.239750140256,193.78115715455866,4.124968486309448e-12
4585.730269581722,194.83482279261867,4.627983605013746e-12
4594.424595226262,195.5699484659836,-1.8997642838283304e-13
4594.83432645427,195.60462656114123,-2.8709138829213354e-11
4596.9059975023765,195.78001227847662,-9.784830544323125e-12
4600.662815746494,196.0982626432311,-5.849511772694262e-14
4601.08415066247,196.13397129205336,-3.88265952018861e-11
4612.4959394263,197.10237806789755,-7.175206666607805e-13
4618.70201606182,197.6300340647995,-1.810772693769644e-11
4622.458834305538,197.94979278265055,-2.58163829103532e-13
4622.569921761541,197.95925186415386,-4.735781436868476e-12
4630.12540851265,198.60313402147312,7.824539302612388e-13
4633.062764300302,198.85374074594526,2.2737866723108493e-13
4641.155237910955,199.54498935784045,-2.193254421968975e-12
4644.842818962156,199.860377850238,3.043397993937034e-11
4645.569644382015,199.92257074672375,2.933047128591095e-12
4649.645839061216,200.27154232683307,2.4167714558025137e-12
4652.787111808411,200.54068209561962,7.640915097640585e-14
4667.228893392518,201.7803721319068,1.546199905544395e-11
4670.238153551536,202.03917226629832,1.554511749077573e-11
4673.256735154474,202.29894164356128,1.1261513660181536e-12
4673.923259890328,202.35632323081867,2.5271453050798375e-11
4685.055047766238,203.3158763966752,-1.0343074690690524e-11
4686.693972677552,203.4573434755557,-1.3697934773850479e-11
4686.916147589491,203.47652475544572,9.435119836659001e-13
4690.904462187884,203.8210071322438,1.2357121361048403e-11
4698.987806820256,204.5200879489156,3.5492565773226672e-12
4700.832545999493,204.67979724852856,-2.3372011058999764e-12
4703.9437646379265,204.94929471227454,2.4274709285209056e-11
4706.783918900594,205.19546793766824,4.897914309712297e-12
4710.820930494544,205.54563568373433,3.942806641159474e-12
4721.339262648927,206.45939902155106,-1.467110905383891e-13
4722.117067308467,206.52705048517012,9.965395561872608e-13
4731.366830227124,207.33242553321898,3.297114547278005e-13
4735.089029872821,207.65696144253153,-2.2205297574507644e-11
4736.903907411629,207.81529186528329,6.593909814781166e-13
4754.679082539735,209.3692102954688,-4.070571539992087e-12
4756.838633666278,209.55839629395672,2.730416461356117e-13
4772.137163474665,210.90107345289363,-3.8745413324168124e-11
4772.859231938182,210.96455241630403,4.2418570277282377e-14
4778.678592249508,211.4764985030479,1.244489455164108e-11
4778.755061109397,211.48322984397336,-1.793166884338903e-11
4791.715419982512,212.6256503645006,3.710161847027222e-11
4793.720136080682,212.80263697398274,-6.894777799854645e-13
4793.78956574063,212.80876790648202,8.889361074963538e-12
4794.122828108377,212.83819761852556,-2.4895483304508186e-11
4806.2545955493415,213.91092178245125,4.58522128284944e-13
4809.173500914612,214.16942402762962,1.396046027493717e-12
4809.643532826086,214.21106536681194,3.183410944257715e-12
4812.643471539225,214.47693355069333,-5.894052887597143e-13
4813.485948902477,214.55162753342054,9.892281474541893e-13
4813.844700890151,214.58343842810635,2.3155778265106736e-11
4814.756800381222,214.664325871028,7.1861409816370235e-12
4822.492804241568,215.3509917463829,-5.883707472729905e-14
4835.247156376456,216.48550504477973,-4.702293556596579e-12
4847.448353475219,217.57361904379047,-3.500168315862193e-12
4849.423015464924,217.74997904014492,-1.3079668780932779e-11
4849.881251220466,217.7909150244052,1.3280745039018089e-11
4864.343957923839,219.08491249298612,-1.8997166851010987e-12
4867.596318123918,219.37643611617057,-4.752540053780152e-12
4872.880973817535,219.8505390202998,-2.554389737803216e-12
4873.089262797309,219.86923581044638,4.1674075117413134e-11
4879.031314249993,220.40295295083135,-7.4266215745364e-12
4891.475611390192,221.5228114473998,1.4505428937128047e-11
4903.454441106502,222.60347725432257,4.089029559195141e-13
4914.928812782834,223.6411121625266,6.511935993802353e-13
4918.475059797882,223.96229219666455,2.321634443085127e-12
4920.280615891325,224.1259085998414,-9.362643445012773e-12
4925.002795104605,224.55410830865202,6.991972744513716e-12
4925.919459083286,224.63727754946416,1.733212940937746e-12
4927.86615674051,224.81395344264197,1.3870732005135118e-12
4935.391589373507,225.49759355139932,-1.290635687128857e-12
4935.801320600895,225.5348451044844,3.7390614162735034e-11
4936.058114108607,225.55819358822072,-1.4118307652065054e-11
4941.565137180336,226.059202018264,1.2520904203081814e-13
4943.745613437095,226.25772800724678,1.3170073883694326e-12
4944.18996326048,226.298195502094,-5.575782638731061e-12
4944.974807119216,226.36968110056668,-3.9104256291188366e-14
4946.6968551527025,226.52656942812965,-7.921323556642939e-12
4950.657590350581,226.88762214007193,-1.5303244829595872e-13
4958.613486874278,227.61373899028078,2.1194581197482355e-14
4962.733621587914,227.9902327136039,3.1514482922521543e-12
4966.5461760217995,228.33889861929774,-2.535290106119874e-12
4966.946585805192,228.37553245049597,9.291556296291631e-12
4968.842496690095,228.54903104609457,-7.06743363105335e-14
4969.6965777407695,228.62721134309177,6.772284777925908e-12
4981.344619797761,229.69478324381512,1.0218719015732805e-13
4981.862963769005,229.74234883629111,-7.0420484536523915e-12
4982.400143096027,229.79164806870654,-1.541257825430954e-11
4996.119856196951,231.05256606114492,1.3708450269521e-13
4996.3372741526855,231.07257589035137,-4.763638813178076e-13
4999.594198839081,231.37242769445655,-1.0494305159351204e-13
5000.175318206014,231.42594953250295,5.472199060340238e-12
5013.168205887285,232.62423551718658,-7.460861499327427e-14
5022.168022019205,233.4560782841253,3.2732430451136447e-13
5031.272078874581,234.2990739387746,1.4045548507096576e-12
5031.619227173984,234.33124856451394,-2.186389682730953e-13
5032.4896688683275,234.41193317244299,1.8220885012997776e-14
5037.521903071051,234.87866400846067,3.278374026131788e-11
5048.711516901972,235.91815275796915,8.954468409619816e-13
5051.750831164156,236.20089620094,-2.221366121483387e-12
5052.343361751051,236.25603836932245,5.5650443958176056e-14
5054.0842451396,236.41808612881786,-1.2681399923707803e-13
5056.334151055294,236.6275982557972,-3.5491424104782908e-12
5059.2715068376565,236.90126632213875,-2.477973645814337e-13
5060.544640559172,237.01993123481572,3.5640532329939963e-11
5067.2321603139735,237.64374489352252,9.03463076060989e-14
5068.577005939339,237.76929195142702,3.8485446980084495e-12
5077.167090842237,238.57199893321953,3.212591478036835e-11
5077.951934700575,238.64540702961503,-7.998507966386031e-14
5082.417127935556,239.06326185479782,-2.168472773407423e-11
5082.673921443122,239.0873038769194,-2.1143127616344633e-11
5086.2850336277315,239.4255191029248,4.5153901293699005e-12
5086.493322607329,239.44503468704372,-1.4777334671189002e-12
5102.863543869303,240.98133812512046,1.6493742795015794e-12
5104.092737550685,241.0968940595389,1.3443167723465278e-13
5113.895655489944,242.01945795012585,2.737511552462057e-11
5130.751884369295,243.60995592710557,-9.583966223612293e-13
5132.50665368932,243.775830944694,4.974360635169963e-15
5135.8352902779525,244.09063649828516,-2.6240257645620502e-11
5136.562115696345,244.15940310577022,1.1782958919647393e-12
5137.117552975177,244.211960850955,5.954522682860453e-13
5139.5921085136215,244.44618246665112,-3.207788729797403e-13
5147.49930803589,245.1953707499376,-4.137935134799179e-12
5148.395239349792,245.28033074564567,-4.6460391890616716e-12
5152.314124280907,245.65212726977396,-1.960731130219913e-11
5163.193683115837,246.68578695258574,1.0722399414493475e-13
5169.730547392656,247.30789868637038,1.5433992686237284e-12
5177.908618821426,248.08731206366753,-8.353955755962228e-13
5179.415531141857,248.23106318203205,-5.047119659996305e-12
5185.832178986506,248.8436442499468,3.718590752026477e-12
5191.526565900787,249.3879080921464,3.0094122024856284e-11
5196.153825829564,249.8306168921196,2.912582263057505e-15
5203.505395603699,250.53478260068258,4.834059046666034e-13
5204.887334536294,250.6672619550274,-1.3562099589072232e-11
5205.887314105832,250.7631467740662,-3.710906361808734e-13
5207.896594688842,250.95586590521336,1.3659291798477956e-11
5208.165184352132,250.98163318195867,-8.152197878398509e-13
5212.4173316496535,251.38974199872126,1.7746598867566867e-12
5228.562903281075,252.94238060049733,-2.2685174421680162e-11
5231.3870818297955,253.21446111360152,-1.7114040693786896e-13
5231.5628419894465,253.23139865092386,-2.877483048311524e-12
5242.72944090469,254.3086605155604,1.079746496416565e-11
5249.490954803088,254.96207240069174,4.357483193616605e-12
5249.838103102223,254.99564247239542,-3.121068167744173e-13
5267.330802600089,256.6901026408001,-3.222162717925134e-11
5268.893451115808,256.841745508738,1.4061182418771638e-14
5269.3794587345665,256.88891793331317,-1.3717584522661872e-11
5271.073927369996,257.0534189197193,-3.106655312732986e-12
5273.1572021004185,257.2557381402398,-4.546452163476092e-11
5276.914020334337,257.6207872172061,1.1108117912232915e-13
5281.91391818081,258.1070292789491,-8.325042167662753e-12
5282.041366280382,258.1194296762009,-5.619202326253459e-12
5300.934455128556,259.96099212567725,4.870507886453547e-12
5306.339519713456,260.4890485785477,7.989645178606472e-14
5308.672933686854,260.7171815106356,-5.777268737572169e-14
5309.728456983902,260.8204107296314,1.8884438637071056e-11
5312.392658612481,261.08105850255373,2.90795441836067e-11
5331.781268989295,262.9818493222842,-2.18747275594478e-11
5339.336755719441,263.7244375336579,1.7546260282712304e-12
5349.940685684557,264.7684144119236,-1.0069388303189542e-11
5350.725529542173,264.84576609380184,6.406973028584934e-14
5351.50314173198,264.92241623622516,-2.0309833771112514e-11
5354.776234590351,265.24517093863625,-5.050335276858776e-14
5356.940542667969,265.45869845153095,-5.689851926748071e-13
5358.190661480187,265.5820726840102,1.5571532989384362e-12
5358.588789019017,265.6213699369535,-1.0605306225614512e-12
5362.357210939862,265.99347733966687,-1.463374211622853e-12
5372.2390724422985,266.97048992607665,9.541477586036219e-12
5372.905597176378,267.0364535060161,8.632179655015836e-12
5378.856970062395,267.6258024467545,5.735108177138532e-12
5382.724875750731,268.00918087196044,-2.4994886954039315e-11
5388.717906432447,268.6037413811989,-6.666193476525862e-12
5395.05123868099,269.2327817741441,1.6515100692789403e-13
5418.98360091867,271.6164675893357,1.7052245919225449e-12
5423.039062921909,272.021440830154,-2.2797154332599886e-11
5423.21749026123,272.03926531357723,3.193286521843664e-11
5426.6271601944445,272.3799962289007,-9.9730024985949e-12
5432.309943416392,272.94835699010724,-3.902877561344947e-11
5435.349065206814,273.25255739495,9.79880856342052e-12
5436.61306995069,273.3791278423004,3.870040559341891e-13
5437.02280117737,273.42016237853875,-4.0454675152994903e-11
5437.0435338413645,273.42223883470365,-4.5032408667585753e-13
5438.217183793572,273.5397973094562,9.971012479964466e-13
5440.2658399269585,273.74506145069796,5.4053714682998694e-12
5441.650061102524,273.88379660897056,-6.807537457416718e-14
5447.642899315293,274.4848428914583,1.606354718713394e-12
5448.3767639328735,274.5584906455654,-1.4846107189666378e-12
5450.494849725981,274.77110900557426,-1.8024430456819076e-11
5456.642715434126,275.3887140620973,3.4459301721778202e-12
5457.939056529863,275.5190313604591,-8.226370602707752e-12
5462.996972813254,276.0277845910377,2.606124607512688e-11
5477.149432026661,277.4538213677858,8.752017490271314e-13
5477.772209188531,277.51665868479085,3.4961156407989334e-11
5486.829851278406,278.4313692810332,8.414203293154557e-12
5489.737152948704,278.7252914275516,-1.878413577492356e-12
5490.521996805989,278.80466419698973,6.203679851170778e-15
5494.820558851525,279.2395873059366,-1.9027639596731508e-11
5500.39206214882,279.80381149873676,-2.7640293522492256e-12
5504.079643188233,280.1775660169293,-6.679007403903901e-13
5505.938268294005,280.3660417775754,-4.3868747494626353e-13
5510.329467375006,280.81158853695337,-2.016527485200217e-11
5512.6488029471275,281.04705996639495,-4.0256091287752437e-13
5514.142021801904,281.1987120149775,4.6469041877898354e-12
5517.308591691078,281.52044632938566,1.9500709546985565e-12
5519.521404295544,281.7453852825259,1.292693131736281e-11
5535.7365980393015,283.39645991381747,-3.234145561512294e-11
5536.160022729939,283.4396390431572,2.941949421647722e-11
5539.370725126666,283.76716089387315,3.9986577337746344e-13
5540.437852110926,283.8760599308711,-1.9434147178618356e-12
5541.667045790596,284.0015236783104,-9.577681399551214e-14
5559.604287563318,285.8355436457602,-2.0398548249811977e-11
5563.326294730176,286.21684830486925,-6.4886589630448e-13
5570.02066120625,286.9033014626593,2.5945554429936716e-12
5573.409598474036,287.25112431256065,-8.710646440071419e-12
5581.020436458725,288.03303210411616,5.725875995445003e-12
5585.166253251701,288.4594060620704,-9.114304648794929e-12
5585.745090373515,288.5189613955101,3.428385198964528e-11
5586.369957311327,288.58325956746137,7.867505740514661e-13
5591.057325450336,289.0658143196351,6.932688679765235e-12
5594.214766362784,289.39109439747324,6.122952344605888e-13
5595.085208055557,289.4807997344418,-1.1589642965911224e-13
5597.075845748328,289.68600185959554,8.186599662349467e-12
5600.277226700587,290.01616486498074,4.3964621945475765e-12
5614.15900646943,291.4499968891719,1.2685943698179264e-12
5614.624088955824,291.4980961451267,-8.654994748043414e-13
5631.806733443776,293.27793384173077,-2.8835457076156967e-11
5634.2141415627175,293.52773586549864,3.2293254785958645e-11
5634.772053552591,293.5856422195875,4.516455268135672e-12
5642.7973797183595,294.41923487922674,-1.177881586716675e-11
5644.846035850565,294.63221939425085,2.73448037790339e-11
5645.012667033956,294.6495462781452,6.026498617203805e-12
5650.776483600089,295.24920258829354,1.3291653163853674e-13
5651.554095789226,295.33015070428786,-2.40089784598463e-11
5659.373415219422,296.1447477940115,5.16340071497245e-13
5668.410324640762,297.08759335035415,1.7592484824613472e-12
5670.630176444229,297.31942673120307,1.0110912107612515e-13
5677.806178516404,298.06948371965245,7.427764930603118e-13
5685.518974978499,298.8767057102007,-3.672921274805007e-12
5691.868282929821,299.54204720904113,2.081425062242788e-11
5705.270901809187,300.9489406343385,1.433212189611998e-13
5708.740872423421,301.3137280041759,1.924545637958886e-14
5709.594953472089,301.4035489403619,3.8383856647381847e-11
5709.942101770757,301.4400612427326,-9.716835602276462e-13
5713.039434466401,301.76593021568266,-4.364449094532949e-11
5713.553213948427,301.82000181085,2.975460001264236e-13
5717.073971334471,302.1906670324143,-4.43433105305301e-12
5718.888848867201,302.38182646779615,4.1539299041599044e-11
5724.962720423063,303.02202326911487,-1.700222290401946e-12
5731.379368257341,303.69908747983135,7.339282532120342e-13
5741.274923213623,304.74472159001533,-1.1786860961565789e-11
5748.497147568352,305.5090113992362,1.4858108765934144e-12
5749.03869891422,305.56635963893336,-1.7412381824789342e-12
5750.545803699996,305.72598477404784,3.585877402908572e-12
5760.371928996074,306.7677453731568,1.2144244875728452e-11
5768.978374524789,307.68165728779945,8.340489779215613e-14
5773.033836524143,308.112776667561,-1.253819970714113e-12
5774.878575696637,308.308983502094,1.7816486128619295e-12
5776.149427171377,308.4441879919865,1.0972223077025744e-11
5790.325286216609,309.9543588278549,-1.473305089344845e-11
5795.038143973013,310.45724497702673,-1.1510914540732243e-11
5804.989242655497,311.5204223560069,2.8258572832075038e-11
5815.081675369061,312.6005630324719,3.6530694409675366e-13
5819.57235821409,313.08178067122697,1.5281064507136073e-11
5824.387174449657,313.5981448226522,-2.2955891176914963e-11
5830.259796224698,314.2285312211205,4.170626195703476e-13
5830.884663162116,314.29564387328395,-2.0813444168892378e-13
5831.488989903441,314.3605572862748,4.214032703708685e-14
5832.377882015644,314.45604935161083,1.6338769300183252e-11
5835.164774783827,314.7555345314381,9.000635653872051e-13
5842.794255651231,315.5761460630659,-8.131789980435415e-13
5849.849656352972,316.33596495554104,-5.227744746230742e-12
5850.051098600072,316.3576723858414,2.5548131130394227e-11
5856.470028676382,317.04976812902026,2.1798553693074954e-12
5858.831022042234,317.30452382325325,-1.3223653340050931e-13
5862.821811336895,317.7353710809774,-1.7551644387895846e-12
5867.032300830691,318.1902553087172,-2.6099684918186323e-11
5873.460552350664,318.88536744275075,-2.860801740505415e-12
5876.7035910965,319.2363388612236,4.2115678129976736e-11
5888.802829675584,320.5474646076509,-1.1614279340521806e-12
5896.272718558643,321.35828038811366,-1.7866751138886325e-13
5903.80252318947,322.1766399565801,4.1135742515825814e-11
5909.293185601117,322.7740384801736,3.584342648463255e-12
5922.765234133053,324.2421857572451,1.6430806251151646e-11
5923.302413458559,324.30079541400096,-1.7359952802113224e-11
5927.272277620772,324.73409745883987,-5.1500931366877584e-12
5930.681947549474,325.1064872691852,1.6084323939217662e-12
5931.413337454239,325.18639449437296,1.6725112400900472e-13
5936.3647307639185,325.72761285542805,6.294500767584911e-12
5937.406175659354,325.8415068017281,-6.217878673295623e-12
5941.452508681042,326.2842093471877,-1.605977607943255e-11
5944.320627264016,326.59818807106944,-8.717685176809464e-13
5954.156073999467,327.67604504328256,-1.4415053668643216e-11
5954.549637049646,327.71921231101095,2.906941229243936e-12
5954.882899416171,327.75576783576633,-2.297543724908474e-12
5959.049448869245,328.21296902415963,-1.4413636154813242e-12
5960.697502749777,328.393900498421,1.9992550817593465e-11
5963.329560489677,328.6829645232276,-2.949736406712719e-15
5966.7160230422405,329.05506828509874,2.120854327426337e-12
5967.0517601206475,329.09197051155434,-4.203090437004594e-12
5972.174349101203,329.65527260865156,1.5819895400742022e-12
5973.0075050174855,329.74693574827245,-1.798562254871566e-11
5973.063048745235,329.753047078885,-9.175040528290646e-14
5981.826996476833,330.7180331504019,-5.63842744197289e-12
5982.590722733408,330.8021930035666,-1.5169168825450506e-13
5985.3013391089025,331.10097979966673,1.4112365103908364e-12
5993.412263103443,331.99584206136655,7.263776797793433e-13
5998.87534611798,332.5992562466564,3.0687079943786912e-12
6009.993055546319,333.82893900815736,-1.148610171733236e-12
6010.104143001813,333.84123740998575,1.0761251499685055e-11
6011.374994475856,333.98194851840316,9.931089458019022e-12
6018.196809043834,334.73778136082063,-7.494326318112199e-13
6019.506843601772,334.88302665810437,6.546002110340226e-12
6023.319398023807,335.30590958528404,-2.442362637751389e-11
6032.659515695843,336.34303316292886,-3.846944262602897e-14
6034.839991945576,336.5853838919068,-4.92662027802652e-12
6037.124708918761,336.8394144983366,-3.2498447747857197e-11
6039.791385254112,337.13603559479833,5.215866525108252e-12
6049.217100761436,338.1855313586444,5.33935649818867e-12
6060.790956166289,339.4764478960893,-7.804142765194077e-12
6063.659074748507,339.79673159189355,3.2897582465213906e-12
6068.603236388948,340.34920341394036,1.1899879757705859e-11
6071.654154330282,340.6903445578337,2.2360408169433544e-12
6071.8207855135015,340.70898151208416,-1.2509090838170953e-11
6076.737560225747,341.25913102540795,-2.955392393850507e-11
6079.235130665766,341.53876062539183,9.943707714416181e-12
6085.207236204962,342.2078672953367,-5.420318635510867e-13
6089.799877526679,342.7228675368104,-5.529068180493052e-12
6102.206888846577,344.1160822541585,-1.7987237588782713e-12
6104.262584176462,344.34719531993,2.6614885588441784e-14
6118.213793588267,345.9177271556536,-2.045891110745641e-13
6118.678876074103,345.9701447174589,-5.021276063097699e-12
6122.366457107928,346.38589806902814,2.7149644018699558e-11
6122.824692861733,346.4375789872153,-8.00697510012284e-12
6124.660303056722,346.64464225196565,-2.328545368854454e-12
6128.715765052793,347.10233262601787,-1.2724441022742835e-11
6132.428835706399,347.5216471519329,3.389371928801643e-11
6133.317535350126,347.6220450605798,1.8886557990214583e-13
6140.539759698378,348.438491547441,6.214461092311619e-13
6145.824415372193,349.03651161772876,8.67635970887323e-13
6148.900822932887,349.38487971592826,-4.409930459371887e-12
6152.483970775168,349.7908501550411,-3.7713763124974556e-11
6157.9908013597715,350.41523477709836,1.487150370238849e-11
6158.212976270693,350.44043750558063,2.101275727634663e-13
6163.428202284658,351.03229530057286,1.3518833637597226e-12
6172.631742878616,352.077995241104,-3.7555715083578845e-11
6178.1387659308775,352.70444554834387,1.834478183903826e-13
6181.8609655601385,353.12818002654035,-1.1978765605797909e-13
6182.402516905479,353.18985139287895,-2.360677226813932e-11
6190.393224465142,354.10045372916886,4.907534684902378e-12
6194.027351546826,354.5149794492196,-5.946839280631963e-12
6209.881318566379,356.32620355787253,9.267887800378323e-12
6213.638136791292,356.75607689269276,5.1836897538877176e-14
6217.094221469593,357.15176843779534,7.03850019000172e-12
6222.816187764467,357.8073673554785,1.942205113876735e-11
6235.677062814556,359.28311371362605,-1.8898150739619246e-11
6236.621498653697,359.39160494479523,-3.618628134181047e-12
6244.704843247987,360.3208441225368,4.930350278111617e-13
6248.512640712345,360.7589951360946,9.117167650683312e-13
6250.630726501362,361.0028320628264,2.126774550287631e-11
6254.288060958455,361.4240639436839,-5.083430300279509e-14
6254.600590660816,361.4600708414001,-5.782860316960568e-13
6262.62115985932,362.3847452032119,-1.493609295051528e-12
6269.00299662215,363.1213401457893,8.86011966820428e-13
6269.2807152607365,363.15341161091516,2.8565392012678714e-12
6278.933362630391,364.26900014044924,1.0336052127280094e-11
6286.697138321767,365.16753089039184,3.195801441476958e-12
6287.734211196303,365.28763927038455,-2.083210307894002e-12
6294.380073133347,366.0577986704609,2.3759446354420525e-12
6295.845135185768,366.22768764628495,-6.591168859357175e-13
6299.669293293564,366.67132430878587,1.297347383351604e-11
6306.287190898721,367.4396963024787,3.780325362052504e-11
6306.879721483626,367.5085315051305,2.0238083464380653e-12
6311.092685685334,367.9981445973032,-4.160290718866014e-12
6313.141341814452,368.2363490000164,1.0745393895690761e-11
6319.136462258804,368.93386674502716,9.56416551152044e-13
6325.286802666183,369.6501319574559,-3.337006585229229e-13
6332.710469258587,370.51561614286413,-1.2633633430522902e-14
6336.432668886725,370.94994889948555,-2.6348695758861344e-12
6337.432455985513,371.0666546590255,-1.0864036872900646e-11
6344.342150628551,371.87373090535056,-2.9215624408071224e-13
6345.858384388407,372.050949923987,1.9771423939231688e-13
6358.758634987226,373.56045787438717,8.870237747880246e-13
6376.2513344369645,375.6122426533076,-2.2858921450958462e-11
6377.925070403816,375.8088569292505,-4.555797020708469e-11
6380.758377920467,376.1418040443811,-6.791716151405923e-12
6391.73038128896,377.43253920708406,1.698223939823891e-11
6403.695325023877,378.84261052983624,5.746661268311198e-12
6404.690740102405,378.96003924378135,-2.2927289238606973e-11
6405.024002468624,378.99935814856684,1.033832454898029e-12
6413.405990830685,379.9889533241985,-6.365756923191943e-14
6415.618803430632,380.2504185639627,1.3267549760175921e-12
6425.257564865718,381.3903837174598,1.1819367738516739e-11
6427.357200234092,381.63893216245606,2.799497011620949e-12
6430.431133081232,382.0029614517635,-2.0216287150936715e-12
6432.444978146145,382.2415446312106,1.4215838981453175e-11
6438.627654904101,382.974482164928,-1.5626798388439357e-13
6441.460962420441,383.3105974361207,-3.607115254991122e-11
6444.981912268867,383.7284937804402,-7.521355691920034e-13
6446.951624826067,383.9623756687232,-6.578327573805926e-12
6449.285038793071,384.239535614397,-5.823850492416374e-12
6453.729499348379,384.7677204433455,4.226812914878977e-12
6457.13916927345,385.1731762107134,-1.3200805378443186e-12
6458.041754848545,385.2805416642257,1.757835774427124e-11
6460.645848254091,385.59039104613015,-1.906663047650309e-13
6462.821952481856,385.8494117253275,-5.166047144052632e-12
6470.777848973529,386.79714084068877,7.154799956653423e-13
6471.2777425228,386.8567285202386,4.158768718050996e-12
6476.229135827102,387.44718685241844,-2.551118352470057e-13
6477.117835470244,387.5532129274488,-2.4020536385715427e-13
6477.319277717083,387.5772479638341,1.6831819480203211e-12
6481.006858748374,388.01736295169843,-2.3857865677865696e-12
6486.064582552088,388.6214126794842,-3.946504630377336e-11
6493.508981806266,389.5113629946585,3.4495534475845962e-12
6494.63374229208,389.6459127099222,1.825513982680554e-14
6496.374625674191,389.8542122074019,-1.4351242173399872e-13
6504.506282324504,390.8279174152798,1.7252809178919853e-11
6508.2842181470605,391.2807114472712,4.627545830295157e-12
6514.311867409027,392.00368302489755,-9.808955294857682e-12
6525.3325677705825,393.3272643286392,-2.518527336279832e-12
6527.374184699006,393.5727072543776,3.938514696990457e-12
6531.959594349058,394.1242444958481,-1.6171771014738225e-11
6544.654030676637,395.6531631992658,6.150661952363979e-13
6549.033433591727,396.1813074464502,8.72369073592527e-12
6552.042693734492,396.54442093612226,-6.115115269770409e-12
6554.984806461641,396.89959332748606,7.34609691969931e-13
6560.875878647913,397.6112439267978,-1.3594980505943704e-12
6564.507723483103,398.0502949268141,1.8055032140729177e-13
6565.054031783953,398.11635875099154,2.20472844434293e-12
6566.248606865002,398.26083516105416,-4.280688894501906e-12
6573.042264626076,399.08298556013744,-3.143701412209314e-13
6576.644055353342,399.51920955309447,-3.9060194425754134e-11
6580.792346849301,400.02191804984244,4.765764627575808e-12
6581.61637378857,400.1218150535892,1.198902630967648e-13
6582.671897082489,400.2497946941029,-6.4128870533174834e-12
6585.914935823743,400.64313367533543,6.786177400173226e-12
6586.069963318886,400.66194137296975,-2.487106920444653e-12
6590.116296335438,401.1529928573085,-2.6999076014181274e-12
6606.261675445967,403.1153528146032,-1.0434392704559023e-11
6609.479224567258,403.5069976297406,2.2957038907915337e-11
6610.247707778801,403.6005667505286,5.904093163709008e-12
6611.476901455625,403.7502537575121,-2.068866147812144e-11
6612.5695180572375,403.8833322400673,9.297289229720674e-14
6616.257099087678,404.33263447273293,4.5376852274558575e-12
6627.719674556906,405.7308570116453,3.027881003949262e-13
6636.4836222774875,406.8015294617228,-5.465521086482727e-12
6637.3723219203885,406.91017897516656,4.944391746807134e-13
6644.671015121441,407.8030437334322,1.6790445624183408e-13
6659.791117512465,409.6558402858667,4.6774235877804104e-11
6662.957687393808,410.04440073837293,1.0777176705165973e-12
6666.2537951504255,410.44905259731127,-6.897101431401383e-13
6669.131235173314,410.8024696652761,4.092542990729608e-14
6673.85322189747,411.3827708027972,-9.438053032699412e-13
6675.358044436428,411.5677899069116,3.6191661194595527e-12
6675.927367645124,411.6377995153018,9.792394703225347e-12
6681.552324879746,412.3298207604581,-3.644063876466828e-12
6689.940967501988,413.36293246902886,4.0615060266630865e-12
6691.579892404203,413.56492727836377,7.662077275886866e-12
6694.4480109830665,413.91853725432895,-7.913533104932451e-13
6695.649240328,414.06668169014387,1.3063030789375341e-11
6703.135297375332,414.99051627330124,-1.7398972790280535e-12
6707.123611951549,415.4831251671055,3.384254483925627e-11
6708.318187032321,415.6307278020768,9.830728354935479e-14
6715.669756780444,416.539672196069,1.5681951896499757e-12
6735.940412474665,419.0510829520047,-1.2961174861090553e-11
6743.551442908782,419.99599776923327,-5.776308642269359e-12
6744.662317462214,420.1340028700302,1.1877370342512183e-11
6750.092871649376,420.80897344737497,-5.274840926602469e-13
6750.537221470746,420.8642263029393,5.878603821349716e-12
6754.68551296554,421.38022273337094,-3.4294382900388005e-12
6758.919209827939,421.9071693863781,5.728768631417202e-14
6767.185161305909,422.9369418295164,-1.4636175121319452e-11
6773.203681589301,423.6875210635775,1.0485086907921835e-12
6773.335501708576,423.70396802742636,1.6570194946397336e-11
6774.279937546832,423.82181298357386,6.6407633755378835e-12
6781.05781206547,424.66802570008815,4.745799477315188e-13
6782.705865943473,424.8739119294678,-1.4612958078779192e-12
6784.140873886823,425.0532237434475,-8.885705877435978e-13
6797.066614095915,426.6700728357603,-1.6563709785156877e-14
6799.899921610577,427.0248955569093,-1.725470875112106e-12
6802.085154813151,427.2986591956244,3.682338991030691e-12
6814.362820709829,428.838427310663,-3.2211349195614394e-12
6817.196128224415,429.1941527459601,-1.7326792002091119e-12
6820.837294502022,429.65152302774754,-1.9498410052331516e-12
6822.473744692015,429.8571586033541,-8.454595602938135e-13
6824.557019415212,430.11901331643224,-4.4142207045477656e-11
6840.14696124312,432.0811099953535,1.038014877396872e-13
6844.538160311934,432.6345793951897,1.777640465366201e-12
6845.4732747061835,432.75248765590914,3.5658106916986095e-11
6850.195453896933,433.34815170017873,-8.360092577351557e-12
6850.9802977519885,433.4471931022116,7.498808994349351e-14
6851.466305369037,433.508529303327,-1.2876642698660214e-11
6862.889890218069,434.951486726719,2.1623101635009612e-12
6869.104903323531,435.7375388748559,-1.84564020096727e-12
6881.979856759205,437.36817968060774,7.346056501854509e-12
6885.722789047876,437.84280306101977,4.915787300854986e-12
6886.132520273308,437.89477479345,4.3042968104050896e-11
6889.889338493869,438.37144684048195,-9.839249862613564e-14
6895.058342217467,439.0277245401564,-1.62301915230854e-11
6907.215599213232,440.5731993129103,5.573578992116275e-12
6918.555483534081,442.0172208352452,-1.7875359709576998e-12
6925.166534400412,442.8601654661678,3.675787314248467e-12
6926.70350082275,443.0562523152333,2.918311671907921e-11
6930.51605523863,443.54284752481306,-3.521447743902884e-13
6941.353763766197,444.9275234817525,-1.0545650004520198e-11
6942.682441209789,445.09743036752025,-9.064460352015727e-13
6944.0853052688435,445.27685928665,-2.5573339300946137e-12
6945.314498945034,445.43410523949376,-1.7426175777782797e-13
6949.03669856943,445.91044146722544,1.212774045007775e-13
6953.814421487122,446.52222884362914,-2.2973660112101912e-12
6959.807259681149,447.29020621292693,-2.4382082747423463e-12
6960.307153230033,447.3542970608164,-4.411114584761549e-12
6964.700634542086,447.9177788828066,-4.991189691894626e-13
6968.686666872731,448.42931135280656,6.257914800657587e-13
6978.026976997101,449.62911136019926,-3.658944629790633e-11
6991.832287868922,451.40540148612376,-5.429255391757053e-12
6995.700193544218,451.9037035233142,1.543967308056415e-11
6998.082112036952,452.2107030385822,-1.9281387853804428e-11
7000.51500976932,452.52438103002,-2.9397753246427133e-12
7002.589155515959,452.7918905670224,-1.0678522694808602e-11
7002.686357039347,452.80442891758423,2.0935152217021682e-13
7005.998825438082,453.2318193534141,3.3350184280621523e-12
7011.681608641586,453.9655098997344,1.3051355190369202e-11
7012.723053535017,454.100032858026,2.917424140178072e-11
7016.313240571953,454.5639288211807,5.15297687978696e-13
7018.366653654616,454.8293615771254,1.5816128410000189e-12
7019.366440752303,454.9586263503461,-5.366480980128648e-12
7019.637505126415,454.99367605948413,-1.807565100059729e-12
7024.813163113195,455.66316900770175,-1.3056746368744348e-12
7029.8665148924965,456.317317227565,6.027358485332527e-12
7031.95891859109,456.5883132155136,-1.5102940987516986e-12
7041.921813406666,457.879755766341,-2.831620294698385e-14
7042.368637939733,457.93771834027865,-8.714792819186408e-12
7053.831405869508,459.4259386748844,-3.2320130216093453e-12
7057.143874268009,459.8564498753274,-1.169077887299148e-11
7061.22006892163,460.38649759199086,1.984633977527727e-12
7063.268725048273,460.6530100319065,3.0566295659649776e-11
7067.969979105754,461.26489478811146,4.095084736115541e-12
7074.1922238771895,462.075367851814,6.362644946968536e-12
7085.421020740105,463.53976979479495,-7.56602062877681e-12
7089.969722014303,464.1336490230204,-1.0941984326885327e-12
7093.51368676712,464.59661383024144,-1.5538566636435518e-12
7094.7217628433655,464.754483372914,-8.873744091155923e-12
7097.3306132022435,465.09549568117274,1.383296135315907e-11
7099.805168730013,465.419069682608,-7.964895178711605e-12
7105.142893411147,466.1174170485081,1.6138962956843612e-13
7107.249567977201,466.39318279703866,-3.910822628428667e-12
7110.700703226688,466.8451164172069,5.768760752003458e-13
7114.302493951053,467.3170126692166,3.424596857111661e-11
7115.108262937624,467.4226149125132,1.08143547553925e-11
7117.580343753451,467.7466748112994,-2.0565273611509007e-12
7131.774460716131,469.6095307043882,7.925992413562688e-13
7138.746545810179,470.5259161611674,-2.4394459735204366e-14
7138.975952388516,470.5560837419334,6.82077103968296e-12
7140.802241136507,470.79628019227147,-1.6090115759575737e-14
7142.579832888869,471.03013093851484,-9.417964973740187e-14
7146.971031955824,471.6080637931985,-2.6237962048220837e-12
7149.135340025525,471.8930425776452,-1.8170933117584247e-11
7150.783586370548,472.1101283577938,1.0433847864618449e-11
7162.940843362026,473.71287150695713,4.4849931637018014e-12
7163.845903648035,473.8322983590231,-7.541727323709561e-12
7165.116755119585,474.00001850320615,-1.1463476188301203e-11
7176.301611941417,475.47741890999555,5.74635763789072e-13
7177.523766417323,475.63899215270095,8.43897406704866e-12
7182.794536150251,476.33612218053537,3.279067539817043e-13
7193.530671130608,477.7577029224363,-4.2417137842673694e-13
7194.127766202698,477.8368271140603,1.539886730950693e-12
7194.1971958622435,477.8460280276816,-1.1433495397406494e-11
7194.752633138604,477.91963853332464,2.8497006790036056e-15
7195.532720037398,478.0230308032398,-2.664026145656428e-11
7210.051162856308,479.9493425994224,-7.7488697135557e-12
7220.905232023576,481.3920005689496,6.493743033198786e-13
7224.217700421349,481.8327062671291,-9.142913272299444e-12
7236.918791000106,483.5243897869785,-9.992973834551576e-13
7237.12707997873,483.5521569758943,2.580233324200593e-12
7239.9951985553735,483.9345896806474,2.089784633998822e-12
7240.571560963504,484.0114596817769,1.4605105124905132e-11
7241.9557821342,484.1960995682027,-6.452126874815877e-15
7247.948620325918,484.9958854841265,2.6402744391715316e-11
7257.177842991554,486.22888334619,-2.4834675890531943e-13
7273.161155391654,488.3679199415686,-4.90733169744228e-14
7281.142733961446,489.43785128872645,2.8141154797745603e-12
7282.32075592958,489.59586462426813,-2.1794393958538334e-11
7285.855399237619,490.07013550269636,2.777441334641914e-11
7288.195659933724,490.3842733082455,-5.1538560598671146e-12
7292.411098840958,490.95037450992476,1.4592163372744935e-11
7298.133065126167,491.71931452890175,-2.2788512551311516e-11
7301.121400133866,492.1211383145842,-4.335677560177176e-14
7304.84359975651,492.62187060270986,-1.285456091584402e-11
7318.417606735883,494.45008862480614,5.193485301745179e-13
7318.746112145761,494.4943755100169,-4.675219672406489e-13
7319.459051628902,494.5904960444325,-4.198163731151563e-12
7322.5586665596575,495.0085038122199,-1.4725739870823874e-13
7322.570270247561,495.01006899448737,-3.632875300909332e-11
7322.917418545229,495.05689580285394,8.604381500911804e-13
7329.447436060582,495.93814300380944,-6.315194189450869e-13
7329.917467969289,496.0016056500403,-1.1988778669047182e-12
7332.632648826744,496.36828288917206,1.9117348289764084e-11
7343.0490224354835,497.7762435206853,-6.749319991989327e-13
7343.653349175236,497.8579905133991,1.4217757897275637e-12
7344.597592544876,497.9857313357328,-1.3400863349041423e-11
7345.382436399411,498.09192048645315,1.9004583452997156e-13
7358.530351509153,499.8725168805793,-3.0225967325406574e-12
7369.696950376254,501.3872881996429,4.925618787059735e-12
7373.97211256294,501.9678304731221,-1.473240785655785e-13
7375.465138944653,502.17065413171787,4.904170696402e-13
7379.196660010859,502.6777508932175,3.960495889595633e-11
7399.113128189154,505.3886463698147,2.6167742465091157e-12
7408.437077664547,506.6602706314785,-6.027830478633217e-12
7411.749546061563,507.11241913324017,-5.4622981326994e-12
7412.749333158748,507.24892874429224,7.637164042194486e-12
7426.966849959891,509.19216240669635,-4.4425181299541124e-11
7437.362490903543,510.6153831671227,2.1725133354468387e-11
7451.0822039318355,512.4967350807419,-2.397108043787843e-14
7451.5682115485015,512.5634437488206,2.6819253818352737e-11
7453.262680176633,512.7960579717134,8.299023667485263e-13
7453.87366118044,512.8799455411414,-8.445185154585813e-12
7456.075255024909,513.1822809667394,-1.4079497592688915e-11
7456.213921876073,513.2013264786673,3.279913030370873e-12
7462.824972737816,514.109747184437,3.2282310881425522e-12
7464.361939159091,514.3210562017391,-2.558424364750953e-11
7466.97078951677,514.679832233699,3.5827941020288893e-12
7468.841018303743,514.9371082191307,-2.3686527027522263e-11
7471.806338402916,515.3451613144159,1.1708538628663708e-13
7472.741452796397,515.4738745477262,1.637997812867344e-12
7475.493919428985,515.8528295728768,-9.951310001873028e-14
7482.0817629147805,516.7603996353873,5.899169340550329e-12
7482.415025280483,516.8063325570245,4.840010974992576e-12
7497.185504644757,518.8441745258443,-2.585432977188001e-15
7502.444670687746,519.5707372519448,3.5802615176000313e-12
7502.674077265981,519.602441757449,5.803347133712913e-12
7505.576621969652,520.0036636968806,2.355233518742205e-12
7513.944531918662,521.1612377000519,7.330431925332538e-13
7523.539353298883,522.4901237706675,-1.5068554769421073e-11
7523.5741643625815,522.4949482024664,-7.218611909637503e-12
7544.823874468158,525.4440908089057,-1.2977586215997272e-12
7551.546012784464,526.3787551040772,-5.288342987687931e-13
7554.427824824061,526.7797049580498,1.519754806496785e-11
7554.684618330325,526.8154403599256,-2.5353282195453505e-11
7558.45075799158,527.3396761576935,-4.182337703440084e-13
7559.0550847311815,527.4238210261874,-3.5165630405910974e-14
7567.32351091237,528.5757706826386,-4.9279925310746784e-12
7573.851246181872,529.486098440435,-2.5169525434194373e-11
7577.260916101583,529.9619073078514,7.860709318394936e-12
7579.823159239454,530.319601326822,-1.212741156019924e-11
7582.94369930107,530.7553979892125,3.076227986694947e-11
7586.239807053641,531.2159082230645,-4.780971390688051e-12
7590.899595780296,531.8672843380201,-4.260455493982596e-12
7601.128605539197,533.2985657491748,1.420653114716998e-11
7602.691061580034,533.5173601467328,8.164159883092922e-12
7606.767256230946,534.0883709720753,6.682766592795325e-13
7607.276471223323,534.1597254974815,1.8972220550346476e-11
7608.5728123140025,534.3413988226356,1.8199637826234904e-12
7613.6307285777,535.0505271589789,-2.0540773638147277e-11
7616.4269427816835,535.4427633522781,8.978070069724651e-13
7622.454592034476,536.2887757859997,-4.101750185017287e-12
7622.968371514851,536.3609184064079,1.016903319273764e-12
7623.079458970069,536.3765174501553,-6.644558534120593e-12
7628.405964895713,537.1247390451344,-2.75550779956254e-11
7632.380201067309,537.6833458975356,1.6281606560151722e-11
7636.859280211126,538.3132607129651,7.202115667216163e-12
7642.801331628373,539.149490808229,-1.4148132910895166e-13
7645.454314493127,539.5230574267445,1.499664534393079e-11
7646.634618704769,539.6892977795444,-2.465044943311253e-13
7654.099750611002,540.741321280544,-3.0647022360184474e-11
7654.838372181552,540.8454673140847,-1.6821461622779944e-12
7656.1092236523655,541.0246815669248,9.878731918357907e-12
7664.775777369821,542.2476238643119,-3.6623967012139715e-12
7669.30107879719,542.8867415393096,-3.4211137689600946e-14
7670.155159843062,543.0074074871706,-2.25626118172543e-11
7670.377334753486,543.0387989192506,6.812543984146176e-13
7673.766272008929,543.5177397493891,7.38455495320578e-12
7677.898010387136,544.1019429859299,-4.4492796329688365e-13
7685.5645845396275,545.1867840799898,-2.7693591388878258e-11
7686.3703535256545,545.3008654597396,2.548900038410485e-11
7687.703402988157,545.489625866437,4.632340964804796e-12
7690.303124369185,545.8578417571067,6.1880052425570875e-12
7710.23804296048,548.6854948563325,1.6076192194519874e-11
7711.800499001134,548.9074295875637,-1.1328941157129478e-11
7721.490047190716,550.2847587381971,-2.640670502685082e-13
7723.608132975254,550.5860662082146,-1.644765918332386e-12
7736.378845674131,552.4045102387947,-2.7018631151844442e-11
7737.003712609645,552.4935632251357,-1.7403693951184298e-13
7737.6702373408625,552.5885610049828,2.1621297888007605e-11
7743.709490280779,553.4496906939834,-5.411317081667332e-13
7744.6263467219605,553.5804828736409,-2.354592228750057e-12
7748.836836203257,554.1813200150633,1.0257401457408581e-11
7749.170098568861,554.2288905246455,6.633728243492511e-13
7764.792761666427,556.4611953332303,-9.9973621681631e-13
7765.257844151135,556.527719360814,-4.764494896821891e-12
7766.452419230292,556.698606118905,-1.7146445598888051e-12
7769.764887626008,557.1725999729592,-1.6402757463606815e-12
7776.403517881424,558.1231555819579,-1.1967442100912668e-12
7781.8201861296175,558.8993453780289,-1.603874101949227e-13
7785.607058453873,559.4423120685937,2.3186320236101188e-11
7795.377832457994,560.8444784646625,2.2335729822527987e-11
7795.47979093718,560.8591194071448,-2.154891880887445e-11
7810.819593504374,563.0640523394051,9.003645057520984e-14
7819.0440796436715,564.2480194630541,-3.0701742728869987e-12
7822.118012485038,564.6908515397726,9.318399859235666e-12
7822.800897859982,564.789251927171,-1.2236400531739086e-12
7823.513837342727,564.8919921276478,-2.4347298208563746e-11
7827.034787184616,565.3995260614295,4.8445173732798125e-11
7828.439933486191,565.6021372694443,-5.853235063274954e-13
7830.002389526658,565.8274740288216,-7.108167969690845e-12
7836.687434533252,566.7920962466238,-3.0819831040719096e-12
7837.451160787696,566.9023509393252,-1.0817764135453156e-12
7841.631596160796,567.5060463110709,8.310968435672978e-12
7844.874827364646,567.974622074587,-4.261122226195753e-13
7859.013400587911,570.0195992304363,1.4980957601037361e-12
7859.457750408667,570.0839288512769,4.1675813969602776e-12
7860.883629374104,570.2903814316061,3.794313242165283e-13
7863.6731893132455,570.694389270434,3.439168870375234e-11
7867.70772616736,571.2789588536485,9.808023314014138e-13
7875.235248531507,572.3704335120434,-1.2562113783671798e-12
7892.5130047027515,574.8796186022619,-3.5912088072254454e-12
7893.179529433867,574.9765257001893,-3.902561075959885e-12
7896.61240672824,575.4757668416653,9.591193910550308e-14
7901.179558418123,576.1403013018208,-2.8255622098448403e-12
7919.262506171124,578.7751975687929,-3.576485495586386e-11
7920.790151147768,578.9980691720946,-2.5061096458511246e-11
7922.9289695957905,579.3101784910272,2.797432543247769e-11
7925.512330332421,579.6872704661458,9.806399687958235e-12
7925.570348771896,579.695740802467,-2.146958427965257e-12
7931.021635615095,580.4918718597501,7.161816414597256e-12
7931.2413358135755,580.5239693647233,1.4674498961161032e-13
7932.111777503002,580.6511468855927,-8.46571480480726e-13
7932.7345546622755,580.7421474793626,-6.110412597513862e-12
7940.959040800591,581.9445847967111,1.1608780662482708e-11
7950.407771189818,583.3275472498815,6.706544396328107e-12
7957.296733153966,584.3368860817917,1.5225239134737582e-11
7970.206112700972,586.2306626600441,-2.6664317876648804e-11
7983.011636460416,588.1122367296128,-1.2873506332269863e-11
7991.532099188296,589.3658608042083,1.54940339016114e-11
7998.809867245287,590.4377049545063,2.794242378342876e-13
8000.684852987115,590.7140043386976,-5.650158535457393e-12
8001.2402902629865,590.7958664491375,-6.766570799228139e-15
8006.499456303246,591.571260701328,2.0762967363819038e-11
8006.798100072963,591.6153070500349,5.917239582292121e-14
8008.538983451696,591.8720990222592,-4.8399437875416755e-12
8009.64985800343,592.0359896456985,-2.5269635308171093e-12
8013.677740592857,592.6304257709398,6.709250285275611e-14
8024.353574879973,594.2074143973229,2.5134871623988605e-13
8027.337345397349,594.6485396164328,-3.318211125298212e-11
8027.628949967173,594.691659681137,1.1636941079170525e-12
8031.436554954432,595.2548404762443,-1.312991795869691e-11
8035.6240295266425,595.8745159310448,2.0687410481052743e-11
8039.795335922938,596.4921199063784,-5.843292787525711e-12
8040.707435407968,596.6272081371335,-8.963794682663721e-12
8045.420293148198,597.325459068102,-1.3448160067326552e-11
8046.142361606799,597.4324759456059,4.909156792828782e-13
8065.040207319076,600.236717354298,1.9845952396346506e-12
8073.93616761114,601.5590615144794,1.367699150918859e-11
8088.039929767658,603.6585094822067,-3.4218925763928017e-11
8090.093150379969,603.9644519032415,2.1259499005283195e-13
8093.683529880449,604.4996270201667,3.2778074329173813e-12
8093.78073140372,604.5141189950791,4.04307087579464e-12
8094.683316976932,604.6486956448998,3.771355380725788e-12
8110.460815096281,607.0035644421923,-7.58601723613508e-12
8117.481597178477,608.0529247455489,-1.0649237321523769e-11
8121.046294591198,608.5860693354455,-2.3183050217725395e-13
8122.808103101533,608.849656022461,-1.2463114303472983e-12
8123.641259015246,608.9743255812689,3.137924450345651e-11
8126.509377589182,609.4035952203013,6.612189727644989e-13
8133.016187723281,610.3780275479733,3.259979373907246e-14
8135.93509306889,610.8154038522067,-3.120674947844732e-13
8140.879447162925,611.5566367065333,4.288792469788031e-12
8150.953429421446,613.068271251262,-8.720299020921643e-12
8165.2865981550785,615.222232963037,-2.2675943918802733e-12
8167.515771393875,615.5575689847815,-2.3059489472926828e-12
8170.925441311596,616.0706649952238,7.201716654934244e-13
8173.851193389116,616.5111105103131,1.2859716187288075e-12
8173.953151868265,616.5264622804866,1.9240358706063983e-11
8174.517718120057,616.6114718332782,-1.32128824369104e-11
8176.6082245077705,616.926300914961,2.8183323170324545e-12
8178.418152609949,617.1989400857105,-2.235391137588022e-12
8181.29559262764,617.6325085234419,1.380055921708293e-12
8181.952795914687,617.7315563453766,-1.164416963785208e-12
8184.564120982371,618.1251905974948,-3.9032723735012934e-13
8188.684255670659,618.7465200539592,-7.950992077130029e-13
8191.758188510965,619.2102826120029,2.6863231162655144e-11
8194.793130735346,619.6683334377267,1.3015467471118288e-12
8199.454816767475,620.372232196276,3.992119827512794e-12
8207.295253766637,621.5570143719578,-1.881859403360554e-12
8214.063421894376,622.5806747778256,1.143968823380934e-13
8222.070490076168,623.7928038778914,-2.524471257019487e-12
8223.514626993147,624.011546482999,3.462516824474971e-11
8227.371313911071,624.5959049700652,2.3280769322630438e-11
8227.662918480843,624.6400995281622,2.6513737311848866e-13
8233.67420708631,625.5514981520638,-1.331241702381368e-13
8239.118839663859,626.3775579746296,1.3739188137678126e-12
8239.162779703543,626.3842267800457,-1.5628802428514385e-11
8250.347636512699,628.0829157622333,-4.375586831213946e-13
8252.840642457313,628.4618526191259,-9.89747251082963e-12
8254.627748119348,628.7335630962875,9.860082340168152e-14
8257.11827935207,629.1123201001342,-5.2336015366371855e-12
8258.440302529607,629.3134182226755,-3.355291471653121e-13
8263.472536702478,630.0791855796673,-4.088126293378924e-11
8270.849596057084,631.2026138601925,1.872026457629467e-11
8271.08356712315,631.2382609512632,1.931701811965392e-12
8273.458446412686,631.6001471075009,1.7703680196826144e-12
8279.349518586763,632.4982822712552,2.21970353505571e-11
8280.0348786733,632.6028117239324,2.335153032815813e-12
8283.062589229685,633.064694314107,-2.669805831825034e-11
8285.222140340911,633.3942408240424,-1.631688006764908e-12
8286.828536420404,633.6394318485254,5.824941236880095e-13
8300.265773843437,635.692276024012,1.1984362815227185e-11
8303.902568094822,636.2484511217048,1.472797920981768e-12
8304.555206893796,636.348284984549,-7.247047001718169e-12
8313.124366614817,637.6598333130848,6.113604407952286e-13
8315.312074525536,637.9948885667068,4.330534991298426e-12
8330.043370794037,640.2533346006967,-2.475258155582074e-12
8331.089572641878,640.4138791970374,-7.809224558709687e-12
8339.846288677201,641.7584291046568,-6.905237724874221e-12
8341.026977823838,641.9398260769219,-3.865460260352217e-12
8352.311318399286,643.674808422083,3.3638977653604614e-13
8358.457286770803,644.6207458870127,-9.158819979910622e-14
8359.776450300582,644.8238715093472,-1.7094671208751036e-11
8363.14465488995,645.34265516386,2.528400353257446e-12
8364.938414815948,645.6190221572209,9.92968043279485e-13
8378.264757250852,647.6740854216704,2.4446498904173593e-11
8378.512421780912,647.7123088808052,-1.578797904230122e-13
8379.290033966876,647.8323294838067,-7.284559688049054e-12
8389.144316024967,649.3542542481579,-1.97413240575898e-12
8391.532888778283,649.7234218984391,-1.0527556818556892e-11
8393.734482620754,650.0637839599339,1.0761768106162833e-12
8394.775927512655,650.2248203915519,1.9685529709446545e-11
8401.264479693256,651.2285815642199,-1.675080908626644e-11
8412.875235901549,653.0266691312956,1.5268047793334706e-12
8413.254913018513,653.085509359305,3.302003624524642e-13
8417.865812278105,653.80029257967,2.136447128619634e-11
8419.914468401841,654.1180016284329,1.571574015911651e-11
8422.10445855637,654.4577144930387,-5.36220247376008e-14
8423.479165813651,654.6710052165131,2.103070321502096e-13
8431.83794677934,655.9686491859595,-2.443062815088866e-12
8436.789340072031,656.7379263606452,9.849592543912386e-13
8437.3308914158,656.822092315932,-5.574095618829054e-12
8437.53233366217,656.8534011213336,4.174742413569688e-11
8449.288988388927,658.6819532765049,1.0351717823478499e-13
8451.469464631637,659.021369997888,-3.2292355646983285e-12
8457.337714364836,659.9352669719597,3.1506267051818653e-12
8457.478855927753,659.9572555879487,-5.875296167457268e-12
8458.448588916142,660.1083413931431,-2.2004788637620168e-11
8463.775094837672,660.9385276231128,-8.462765102371414e-12
8474.4300039889,662.6007641380413,5.422196328347207e-12
8492.3438458383,665.4001559434205,-3.160352030219418e-11
8493.281434942763,665.5468355615999,8.12606610597683e-12
8494.84408345019,665.7913375766287,-2.588476836795248e-13
8495.330091066373,665.8673906179923,1.7100458854876342e-11
8504.670208707837,667.3298269078481,-5.936390104824094e-14
8507.475551885536,667.7693895459762,3.772197574440326e-13
8528.47759744159,671.0647559762839,1.6697408759583423e-12
8528.558823256812,671.0775166421112,3.5878067124632064e-11
8534.623565812246,672.0306377401515,1.0634614000495258e-12
8544.762220771063,673.6255186941053,1.4448732680862235e-12
8547.308295730763,674.02633145655,4.6355374409733144e-12
8550.197146967592,674.4812499674032,1.2846713939383234e-12
8554.086170236278,675.0939121916462,-9.546324410673444e-13
8555.324492886393,675.2890514037441,5.068014177560017e-12
8557.398638629686,675.6159658207437,1.2223164601753664e-11
8569.094992671906,677.4609584822726,1.150787598856477e-11
8572.782573694185,678.043163092591,2.3057215938460793e-12
8576.676161450807,678.6581644370356,-1.1793085511872319e-12
8577.67594854689,678.8161282205596,4.4160271230802807e-13
8577.761546382231,678.8296533135562,-1.6786756426333213e-11
8580.726866478331,679.2982792126129,-3.3242043811863655e-13
8585.884074036912,680.1136870005237,-6.495639702614591e-12
8589.261407601685,680.6479438030583,-8.596043245651597e-13
8595.615664950408,681.6536865511274,5.922903239346341e-13
8597.58537750264,681.9656008426282,1.147222353412612e-11
8614.49011081041,684.6454925559926,-2.1921500809336753e-11
8614.668538148853,684.6738065507539,8.30879790469033e-12
8615.55723778979,684.8148398458878,-5.54587420208809e-13
8621.001870365675,685.6792001831886,-3.0396938032118697e-12
8630.001493973135,687.1091288937695,1.7813023079713222e-11
8632.341754666211,687.4812117551323,3.311293154826136e-12
8633.101108900008,687.601964725139,5.676494834943824e-15
8642.64038654283,689.1198112691561,-1.0210481198871483e-11
8648.09376315885,689.9882808372942,3.3134213211155693e-12
8648.98969446753,690.131013469315,5.7480746615406894e-12
8652.966597815264,690.76476048447,-5.424169054394932e-13
8655.008214738742,691.0902194139372,1.4055915974136328e-12
8664.945619918191,692.675460821473,7.723856871302035e-12
8667.600692556653,693.0993130359193,1.2528854967149301e-12
8686.695031081867,696.1513324487534,-1.9499624150513833e-11
8699.667186016366,698.2286195783445,-1.9280977985111454e-12
8704.099850404396,698.9391518238552,-3.870520477031219e-13
8706.916989737445,699.390912206845,9.232964852108958e-15
8710.305926989804,699.9345606116459,-1.308009775968691e-11
8716.47262802352,700.9243565939349,-1.1416740230145776e-13
8730.155247728051,703.1230082857938,-3.4851608492512696e-12
8731.888899437987,703.4018338657277,-2.8869168868227836e-12
8736.280098498131,704.1083241434768,2.5130044601593054e-11
8736.548688159895,704.1515484658611,-5.343289877870127e-12
8737.113254411437,704.2424088404197,-7.322951790946902e-12
8737.728992370408,704.3415114000585,-3.4835730071628883e-13
8744.749774449074,705.471994781554,-7.011846859534566e-13
8754.120138664457,706.9822215173385,-2.1749496066162726e-13
8760.112976847555,707.9489385200723,-4.002990569038879e-11
8760.881460057286,708.0729519773332,3.247243297159344e-11
8761.173064626937,708.1200123143348,-3.034633996580327e-11
8763.02027850382,708.4181596265709,-2.171782945815276e-11
8763.805122357324,708.5448554218019,-3.198888128000112e-14
8767.527321974856,709.1458772780611,6.589338077446178e-12
8767.61767676607,709.1604699973451,1.7624759433405883e-12
8782.508372544351,711.5674412922648,6.664906617509248e-12
8783.582731191369,711.7412614318979,-2.7178604643184814e-11
8786.992401107433,712.2930516473663,8.488151405387473e-12
8792.675184300857,713.2131779088149,3.321763071302202e-11
8800.63108077161,714.502354069744,-4.6004934919374475e-12
8806.971067251705,715.5305224137314,-1.443415111756894e-12
8808.508033671116,715.7798868516245,1.643595611028076e-11
8809.908423015653,716.0071302885241,-3.4218143989682987e-13
8810.42486967526,716.0909440384045,-3.6826581516419585e-11
8810.86009051966,716.1615795250557,1.5340311936424647e-11
8812.987112810351,716.5068412533185,-1.51897108153882e-11
8813.387522591089,716.5718457431019,2.321850566267594e-12
8819.94322218509,717.6365502145729,-4.878174021915872e-12
8821.035838784084,717.8140779276589,2.132561714746753e-12
8823.362213544951,718.1921392110512,-2.2179931267911965e-11
8838.13744984743,720.5956036054333,-2.975375629899543e-11
8846.282992408469,721.922345762031,-2.886792364360516e-12
8846.991174934725,722.0377519494882,-3.5094530067389774e-13
8850.102393549003,722.5448689332235,-2.439573467159428e-12
8855.185799427025,723.3738287273044,1.619312008600567e-11
8857.546792783614,723.7590018825697,6.405842899843441e-12
8860.164772114053,724.1862198610834,-4.023726326635126e-11
8874.507262283658,726.5289561371677,-3.954554449357112e-12
8876.727114077343,726.8918906077859,-2.445557960953911e-12
8882.319542479207,727.806626585797,-3.94024893791845e-12
8883.319329575068,727.9702193297452,2.0007590313573018e-11
8885.324045658437,728.2983016484324,3.397231053663065e-12
8886.574164464022,728.5029276346164,1.0203974540148627e-11
8887.62949528743,728.6756921136995,1.5887587015189454e-12
8896.101838417237,730.0634129369265,2.7522015830918415e-11
8896.782249079693,730.17491762836,1.8427082485942852e-13
8902.997262172381,731.193819477857,4.0994927013881365e-14
8912.004309913682,732.6717159408091,-6.384896740562671e-12
8914.09671360845,733.0152561072093,3.835183916093571e-14
8919.969527827669,733.9799117698851,1.7358227991313198e-11
8924.913689450821,734.792521558394,-1.1577703075803446e-11
8927.533951025142,735.2233636207194,5.503062459543718e-13
8929.191326343402,735.4959463678908,1.9310408729906853e-11
8934.691502645624,736.4009038020365,-3.5407336080079063e-13
8934.774625769063,736.4145845269886,-4.886362907427629e-12
8946.110330514843,738.2814508207475,-2.917291351576233e-11
8950.552123878118,739.0136109547316,5.889006604248441e-12
8955.52424983282,739.8336192283293,-1.872352523024639e-11
8963.246560172507,741.1080937138826,-8.079352239155845e-13
8964.99657252593,741.3970648914109,2.5357317993885176e-12
8967.225553295486,741.7652075221778,2.9706650592919976e-12
8974.524246478642,742.9713138156185,-1.079432902547952e-12
8981.40578430154,744.1093841047973,-7.059143133726548e-13
8986.32255899648,744.9230557098956,-1.5129107293711678e-11
8986.94742593135,745.026496141152,9.088202841652324e-14
8992.171973371765,745.8916488534488,-3.744233445134529e-11
8994.929004488706,746.3483988161211,-1.5343390635337774e-12
8995.171912062771,746.3886473751328,-3.9278730068138775e-13
8998.245844901197,746.8980764378854,-1.9651297482140654e-11
8999.384876251605,747.0868871778663,-2.756157614809755e-12
9005.211275718948,748.0530700220033,-2.326638857318394e-11
9006.338510913583,748.2400698912205,1.4836395672220594e-11
9006.532721492104,748.272290334156,3.510917302296175e-13
9014.558047621133,749.6043370135352,-3.4909536838792415e-11
9032.032489067042,752.5088555167374,1.0177063746570142e-14
9038.171418235626,753.5305742488076,-6.319638329786062e-13
9041.032305139806,754.0069566052542,2.4030126719047816e-12
9045.692093860733,754.7832069871022,1.277575466464661e-11
9048.161699960225,755.1947682070071,5.276525322629813e-12
9057.439619606363,756.7419424971505,-7.751595602997479e-13
9070.615114092085,758.9417962381789,-1.354756568792573e-12
9071.219440830913,759.0427746863958,-1.185162010703129e-12
9073.404674028538,759.407966846337,3.713146018325992e-11
9082.216741318789,760.8815159175318,-2.119088368185827e-12
9085.716766025367,761.4671850318568,-1.4487462325962485e-12
9091.987515312709,762.5170517091233,1.8382838572859447e-11
9102.945825184548,764.3534620339226,2.410600338321149e-12
9104.167787190425,764.5583773805188,-6.163631542639078e-13
9110.91104309754,765.6896737062987,-3.0505993233816627e-12
9110.940904737428,765.6946853691555,-2.425344276135953e-11
9114.75345914529,766.3346792376368,1.446638089628284e-12
9118.723323291873,767.0013644363893,-1.3391325589378493e-12
9119.612022932504,767.1506493363205,-1.4511192330108451e-12
9122.22334799837,767.5893872336359,3.286252143755309e-12
9123.542511527425,767.811072287299,1.1914253708323758e-11
9128.660728468183,768.6714906414047,2.8799595427395924e-11
9129.753152599076,768.8551994633829,-1.0365249400597958e-11
9136.514666458086,769.9927467098472,1.4244352655274324e-11
9140.357082505776,770.6395644635708,-9.302811880621836e-12
9146.33394497932,771.6462273793737,-3.411085746088853e-12
9150.690525442476,772.3804062617985,1.2533090395431562e-11
9152.148548290352,772.6261930139906,1.921084981612066e-11
9167.65993144739,775.2434546236473,1.563815780948461e-11
9169.555842319309,775.5636588002588,-5.77318082733671e-14
9181.465434758631,777.5766080166295,-1.1529131413755136e-12
9182.576309309372,777.7645003106586,1.0613427997693152e-11
9185.777690246276,778.3061060716046,5.328547612921503e-12
9189.280189664503,778.8988709554895,5.4249939787168206e-14
9192.743121063193,779.4851614873442,-1.3898220217767862e-11
9199.013677882233,780.5473583221216,-6.034116250189035e-13
9201.826252726347,781.0240278784338,1.3696588116613146e-12
9205.430133219968,781.6350193139197,-3.7185226912864745e-14
9213.902476348041,783.072338115434,-2.4056924380898662e-11
9218.001685901458,783.768236781228,-4.317635844184146e-12
9237.068829959524,787.0092218988431,-3.582256055969016e-11
9240.334883599857,787.5650492848887,-4.0501164752644644e-12
9245.457472560367,788.4372235334303,-8.152058371109833e-12
9251.605338236253,789.4846000237864,6.526024654631175e-13
9255.87384615194,790.2122106630168,-1.7526465069976582e-12
9258.61014460454,790.6788171340229,7.07442869665342e-13
9259.60993170016,790.8493399312274,2.1799822738224976e-13
9261.334454433489,791.1435162651899,-1.0054388889322367e-12
9283.130472807974,794.8662943813455,2.1326401812871928e-11
9283.387266313879,794.9102070846503,3.186024262403184e-11
9283.667652131307,794.9581555536039,1.476498334909624e-11
9289.380296962785,795.9353839623666,-1.3410551680282965e-13
9293.984541955459,796.7234424625036,-5.404661287131414e-12
9294.553865162678,796.8209144474761,-2.99782685641211e-12
9299.769091158201,797.7140742778842,4.0139495094699744e-12
9301.41733750007,797.9964572117045,-8.211219290053275e-12
9302.979793538758,798.2641884756722,5.491845445020979e-13
9307.611425459401,799.058095945776,-7.623164395261412e-14
9309.352308836444,799.3566027336497,-1.0767290379732513e-14
9313.963208093182,800.147496795197,-8.95306551212388e-13
9320.166809964228,801.2122003883785,-1.2224182007273557e-11
9330.213212818258,802.9379347819495,-4.89393481791856e-13
9332.435154387422,803.3198628600228,2.4530447976733767e-11
9332.539587578369,803.3378160503346,-1.3454211089906519e-12
9350.64555021969,806.4534628404424,-1.3334588533668067e-11
9351.04596000029,806.5224330024545,-2.0346567748443486e-12
9359.268163885852,807.9393519263635,1.241837345115239e-12
9364.219557175404,808.7932181882861,6.484721966640289e-12
9375.582648846148,810.7544873200093,-8.417302769759033e-12
9378.434599241615,811.2471072277997,4.695838904951189e-11
9383.684636300528,812.1543425291434,2.0769861463518663e-11
9386.019947568686,812.5580603237844,1.3126574288326668e-12
9391.205311924046,813.4548412741335,-1.1492984162420459e-11
9404.089394305436,815.6852184533815,-3.372895575548769e-12
9406.406447621564,816.0866504179558,-1.6174657510311328e-11
9406.600658200037,816.120302100352,5.59069693910235e-13
9408.776762421216,816.4974123233383,3.2317621410894125e-12
9422.052125607068,818.799869324253,1.6185333975599644e-11
9423.718437432939,819.0891010015172,3.3624435797522146e-11
9425.461795521747,819.3917608067488,-5.054837884760215e-12
9431.144578712869,820.3787225132436,-1.9781631556354477e-11
9432.019392421447,820.5307092882705,2.9016677221782458e-12
9432.954506813436,820.6931880609259,3.79796530296379e-11
9435.776210633163,821.1835647224526,1.0820074667494745e-12
9437.102798297612,821.4141596715405,2.513078416011403e-11
9439.100475180407,821.7614682972371,2.7396618058039805e-12
9443.405691467511,822.510207012348,4.752292770096917e-13
9449.329484924332,823.5409975536312,-9.135357353666642e-12
9451.421888618403,823.9052481130342,-1.6525081368526646e-13
9455.477350599482,824.6114621151897,2.8391685424411253e-12
9457.322089763671,824.9328033551633,-5.082254995914246e-12
9461.627690986494,825.6830542259873,4.759764975850934e-12
9461.831607944603,825.7185952187281,1.3208396509351903e-11
9470.092802445522,827.1590953065535,-2.307513813366864e-11
9476.606844241174,828.2958317702296,1.7718623990141854e-11
9480.238689065858,828.9299482438328,9.34550242481282e-13
9483.266399619739,829.458769188036,-1.5042494344221295e-11
9486.830904561122,830.0815632450356,3.940406991791007e-12
9490.377344018374,830.7014331529039,2.4381739844869132e-12
9492.794073569441,831.1239777004357,-2.8818818265236555e-11
9493.655193813987,831.2745632272381,-9.643101819917594e-12
9510.587506507825,834.2383197870842,9.185820061039845e-13
9512.106214974565,834.5044058390035,2.0399749213804724e-12
9512.976656662982,834.656931150258,2.354949170142045e-12
9513.32817698014,834.718531128965,5.936643045759844e-13
9513.684839188942,834.7810344926687,2.5933867469709158e-12
9519.064221654504,835.7240300022655,1.294667741997073e-12
9521.795763150809,836.2030680867091,-4.332905580704739e-12
9525.842096155728,836.9129374398547,2.260521271329459e-12
9526.786339523665,837.0786343924234,1.51344499025986e-11
9534.571232788081,838.4453626411913,-1.638934952366056e-11
9535.904282248694,838.6795068742706,-1.725056303336244e-11
9550.758462115828,841.2907923801384,-4.172390839908445e-12
9552.216484963361,841.5473240662577,3.059013259284304e-11
9558.438922189209,842.6425703433429,-1.033675209532166e-11
9558.661097099308,842.6816897902171,2.3223526035555246e-13
9567.660720701366,844.2670628900333,2.219504313179751e-11
9577.600600586939,846.0198053801295,3.495301231269172e-11
9583.181425298528,847.0046943923483,2.5198280042968892e-11
9584.579724866273,847.2515524414165,1.7372226749854583e-11
9591.736699080277,848.5156200995112,-1.0222429543000061e-11
9595.764581665157,849.227441275939,6.28653561445359e-14
9606.847672452808,851.187625472061,-5.714795337772519e-12
9610.044296433049,851.753409107388,6.91438257609725e-14
9610.995963936586,851.9218850163595,-1.808032946764057e-11
9612.993640819188,852.2755926615175,6.427884220838538e-13
9613.45872330325,852.3579504772196,-7.129136149687537e-13
9614.215602824697,852.4919888640645,5.9826416737221655e-15
9618.808244128642,853.3055417264649,-2.3313074009931573e-13
9620.079095597555,853.5307324139338,2.992369761011071e-12
9630.974630070728,855.4626060918466,-2.6032582838621977e-13
9631.708302216404,855.5927711711399,-5.522299119299119e-13
9633.210650039282,855.8593424517053,-7.506861713463603e-13
9639.35661840557,856.9502942708482,1.1700454051842459e-12
9643.680670047845,857.7182602711506,1.3854722021214901e-11
9645.180543158825,857.9847231941735,1.0982892192915904e-12
9651.208192402271,859.0559950413625,-1.4711194482765306e-11
9653.078421186025,859.3885199430498,1.9675614190638686e-11
9665.31195454329,861.5652196978747,8.346801868026246e-14
9673.506579031533,863.0248224562098,-9.13417061925791e-12
9674.207914825432,863.1497998185306,5.678993932440567e-12
9676.640812552136,863.583410079221,3.7631995367117147e-13
9686.596475677245,865.358923013287,-1.2531247124605101e-12
9692.547656061277,866.4211403540252,-3.0685983280919875e-11
9709.484918177051,869.4478176431174,-9.728582876836436e-14
9711.874068331956,869.8751824360359,-2.2110724299411244e-11
9720.234746598915,871.3715460014969,-1.9464461640845526e-11
9721.318041753435,871.5655244268239,-9.749951979968916e-15
9722.32525298444,871.7458984054413,2.6375068955642585e-12
9723.41063791508,871.9402928505073,-1.552763166462319e-11
9723.43612753484,871.9448583492667,4.67737946074549e-12
9730.325089490356,873.1791933592668,2.9108722638484613e-12
9736.616571439254,874.3072381967075,-2.965090870569739e-11
9738.29030740048,874.6074570882008,3.872323700143676e-11
9742.380387976687,875.3413141012899,9.411829171041196e-14
9749.380437387179,876.5980032333007,1.816526621195805e-12
9749.512257506092,876.6216769980925,1.3136962975529633e-12
9755.660123180247,877.7261366193354,3.783236058300039e-12
9762.011905812456,878.8679610300129,1.3693323263577002e-11
9766.792103430364,879.7277605098168,3.3216131418530224e-12
9773.088342335019,880.8608880127572,3.226623855422058e-12
9773.713209269603,880.9733844913026,1.4671546810735267e-12
9783.01395135187,882.6486724157276,-2.836396105642078e-11
9789.159919717682,883.7565839041222,-7.462943641479228e-12
9791.004658881535,884.0892641286055,-2.7436391235865803e-12
9794.92810827508,884.7970273559948,1.02939015023592e-12
9799.726563844903,885.6630211345768,1.6788531407478096e-13
9802.594682415593,886.1808428793861,9.833340206333312e-12
9805.347149043242,886.6779268422441,6.392379324615562e-13
9807.56700083571,887.0789244551114,-2.203119933149344e-12
9815.761047919708,888.5598962903651,-5.384529622870585e-13
9825.288721867722,890.2834596880228,1.9793950650625956e-12
9831.212515323334,891.3559214230077,8.275729903488544e-12
9838.337153184651,892.6466439545873,2.545316480171039e-11
9841.97128025264,893.3053743282351,2.5579107807603456e-11
9842.844196652792,893.4636374329234,1.3645323524252124e-11
9853.670301465312,895.4276184576278,1.989579857850477e-12
9874.241883115505,899.1654910137275,1.2937303558144391e-12
9874.67710395963,899.2446551896522,8.335792649953358e-12
9875.538224204005,899.4012983058652,2.1330380906418517e-11
9875.574932575879,899.407976090059,-3.866199749444078e-12
9882.489384150622,900.6662575983107,-7.567086973600316e-12
9890.676776970195,902.1573258517071,-5.318155921643807e-12
9891.269307552986,902.2652840094147,1.2805357956238961e-14
9892.324830843654,902.457614745874,-2.0972245718685377e-11
9895.08186195918,902.9600802223732,-7.519626376313321e-13
9900.537520815064,903.9547799083564,5.039585549863701e-13
9910.655443101463,905.8009752358339,1.4626038182852019e-12
9913.24108607854,906.273074430964,-7.388362408631582e-12
9922.137046359558,907.8982826100025,-8.791632984388655e-12
9922.308049562216,907.9295375654101,1.6444822517200156e-12
9923.67838479808,908.1800188000075,-2.4072338197823303e-12
9931.581019780035,909.625202877491,4.5161101318219223e-13
9933.074238626681,909.898402550524,-4.210675321259543e-11
9936.240808498627,910.4778948261679,-5.11891824774128e-12
9946.280172149458,912.3163511431372,-5.766412520772209e-12
9957.636417084686,914.3981989342226,-8.159119894946521e-12
9958.636204179926,914.5815955296824,-1.4048794212553593e-11
9961.376874651607,915.0844266170255,-2.9461331523730866e-11
9961.453343510875,915.0984583504569,-1.568261115551762e-13
9971.008981789846,916.8527279341281,8.011044884336608e-13
9976.487848021285,917.8593229643354,-1.479582184343e-12
9977.668537166695,918.0763154137591,-3.810218113207564e-11
9977.913726984623,918.1213807395773,-8.777143810269555e-13
9984.869836354655,919.4003590511439,-1.052474907755602e-12
