f0,sigma,gain
6.583116445462606,1.151691698905726,6.078259468179414e-11
7.507413660769821,1.151811652884255,-2.2022016255080735e-11
8.91376293375116,1.1520243556537124,-1.200956933411521e-10
10.709828277309112,1.1523489764219603,4.5869977344978e-11
12.845652749625637,1.1528123520800073,6.353393505665627e-11
14.379056060440691,1.1531968511732713,-2.0302598975766782e-11
15.039668956514372,1.1533758485121006,7.355792664113332e-12
15.301391266203186,1.1534489872020062,-8.267440055448432e-12
16.123579143855324,1.1536869568820582,4.011435682667823e-11
17.61172932305315,1.1541493454910068,-1.53214872399534e-11
18.073310619263424,1.1543010540452552,3.6134158192564504e-11
19.486278165970116,1.1547898512299544,-2.1221601311109187e-11
21.165019336608776,1.1554183925501977,-7.282770709318857e-11
21.73343442684946,1.155642978673054,2.7614898353528396e-12
24.34405903050685,1.156750900077604,-1.2069529299232337e-11
24.582856748460557,1.1568585103404223,-7.415630652556649e-11
25.00769144021072,1.1570525518134902,9.742347549445716e-13
25.60279814048566,1.15732995475282,-3.529729792775914e-13
26.591136153076445,1.1578050724569449,-1.9249161354611032e-12
27.31299056902612,1.1581634553840476,2.432590608555531e-11
27.968225709456256,1.1584970741337277,7.3521253204479e-13
28.3336775401112,1.1586865827226625,1.0267004312960774e-10
29.72905032644716,1.1594327966741764,1.0183337221241365e-12
30.637961977142872,1.1599381522159735,2.4769684595428872e-11
31.86878034036197,1.160646744652444,-1.3251206440120682e-13
32.423882891341854,1.1609754526867972,3.5151487118817136e-11
34.31858548900177,1.1621401658801152,-3.429384071708997e-11
34.383260828534546,1.162181090325829,5.791649883523129e-13
36.85906777966354,1.1638056309058502,-2.6705600658798613e-11
37.26923839513029,1.1640856736347744,-1.167295973870915e-12
38.35557415187971,1.1648423393663514,-1.1741297190282504e-11
38.969360341238556,1.1652794711178482,-3.8990867627269924e-11
39.54349048969949,1.1656946418978786,1.4126700570032637e-11
40.49941742150452,1.1663993726698376,7.703908039123633e-11
40.524381393554314,1.166418002202869,-1.1885909875259232e-12
41.64395771089751,1.1672652957359908,7.717893162102309e-12
41.835843840199374,1.1674128326415882,-2.942470890265994e-11
42.750208479412834,1.1681251833477062,8.920202712948001e-12
43.551193709803826,1.1687618587041386,-4.0755797476825906e-11
44.147174479827406,1.1692432513368463,1.6456143908853974e-12
45.64378412447818,1.1704809554316415,5.303403668931166e-12
46.782470456054625,1.1714502932165327,-8.86364073114089e-11
47.5039990198884,1.1720768761803484,-2.5779300617240878e-12
48.11197659044354,1.1726122950813953,-2.3179366319915175e-11
48.136758712616846,1.1726342640265852,5.634145058753809e-13
50.95428895627288,1.1752057175938433,4.671756943813291e-11
52.27782246455928,1.1764641370699358,-1.9065632269077355e-12
52.49276518721899,1.1766715509451093,-4.2804227134329686e-13
52.61848737432345,1.1767932639035925,2.960632538164472e-11
54.16946238333759,1.1783187305925742,4.756983854416231e-11
56.5118092168711,1.1807065474943967,-4.009620752563672e-11
57.07795397389655,1.1812988483553277,1.4527173923088555e-11
57.215167839137315,1.181443290448588,1.2370380516843554e-13
57.756487826377594,1.1820165093843213,-6.586084713168802e-11
58.02120955463465,1.1822987959287878,7.922303631185118e-11
58.09513797806523,1.1823778602398975,6.368300818833147e-13
58.13264247009722,1.182418008701804,1.227286251566816e-10
59.341129381509774,1.1837255594226401,-3.025886015481487e-11
61.03714641540893,1.1856059757278923,-4.191116947219193e-11
61.714601866922905,1.1863718969589638,-2.2548998135473006e-11
62.30416512909651,1.1870453285763354,-1.4206805248872612e-12
63.10861956587673,1.1879745494186975,5.453747943490119e-12
63.93528618848455,1.188941846594868,-4.099380404678707e-11
64.34907625279426,1.189430757200887,-1.7959038355897514e-11
65.55488001556456,1.1908734527523541,-2.383646938643587e-11
66.04326296315074,1.1914654039895254,1.7131124681034422e-11
67.7600910664682,1.1935811790508108,-3.055874255977327e-14
68.37527211169127,1.1943525256693057,4.804194713468797e-11
70.14011961321839,1.1966040720572537,5.998676245644305e-12
70.74211777361917,1.197385208832175,-4.950878444876781e-12
70.92887696634452,1.1976288993390798,-4.003786556899902e-11
71.5691854214284,1.19846927579314,4.8918375763429185e-11
73.58335168571584,1.2011620232776183,1.9671166786306006e-12
75.13607661762545,1.2032888784305917,-6.77279066889786e-11
75.81096469455844,1.204227157526227,5.685852897077188e-11
76.71067799677851,1.205491053398949,1.337344375595027e-11
77.75094802407976,1.2069709874677728,-1.895515932407487e-12
77.87348028698939,1.207146619571422,-8.17065659557598e-12
78.31362284195832,1.2077797806498047,6.867604491343135e-13
79.07548157484652,1.2088841765715388,-2.3188228898076212e-11
79.25129048043496,1.2091405487584328,3.745205216252451e-12
79.77438172867613,1.2099067103455081,-2.878507149374039e-13
80.56377442428968,1.2110724610015202,-1.4304632196306172e-12
81.24971916816183,1.2120947637941406,1.223023097900481e-12
82.25084450066271,1.213602354270075,-1.981316719532656e-12
83.38701917898602,1.2153356808890055,1.7616766198048084e-11
83.64786267565508,1.2157369750749938,2.7291618340016548e-12
84.31223128411533,1.2167647331382498,2.5782152887003617e-13
85.18406569134142,1.2181257700360986,-6.893600330815174e-11
86.33361645371969,1.2199417570263744,-6.417341240751727e-13
86.74764154285819,1.2206017698633433,-1.126849812829506e-12
87.05838320224768,1.2210992090415203,-7.872801218380028e-11
88.07038887534577,1.2227315697391605,-5.091228202640625e-12
89.55677322948057,1.2251633043857988,2.271144141786846e-12
90.95245029140766,1.2274836892235734,2.302599598232291e-11
92.73932881517584,1.2305068443292047,2.3125765310620006e-12
92.86160586128953,1.2307158705544399,6.648675468087825e-11
93.1253640265886,1.2311676891613186,5.847037834100075e-11
93.23702004262091,1.2313593423571156,1.152037093688448e-11
93.26147429005889,1.2314013477752572,-1.3096075048158747e-13
96.29502617323492,1.2366975650002947,-3.201781747510623e-12
98.55178289844866,1.2407475528779386,1.257693819589714e-12
98.62510774887573,1.2408807156660175,-2.2207897828133406e-11
99.78573400439939,1.2430016805128212,2.56835036326405e-11
100.22360664163956,1.2438083093889474,-1.096204638844126e-12
100.55834699685316,1.2444273347303414,-1.104918583202698e-12
100.906906278781,1.2450741086309207,9.522781053251107e-11
102.74311818790441,1.2485182656792004,-2.3582704076551114e-11
103.30411896434107,1.2495829134225331,8.544200590749743e-12
104.2390662942962,1.2513701057999962,4.6595263824669394e-11
104.34953869819277,1.251582342294625,-8.095982031127389e-11
104.52484026301481,1.2519195881681868,8.328182452309875e-13
105.54788224306944,1.2538990120194526,-1.779683791922395e-11
106.66640680204232,1.2560852419068016,-3.180798124784158e-11
106.70465496402035,1.256160407963677,5.241315141189373e-12
107.23046342196002,1.25719646897191,-2.46501772478661e-11
108.22459484916232,1.2591692377129573,1.0656615364086414e-12
109.19852847146281,1.261119579694182,-2.406836485577602e-13
109.28668604875809,1.2612969812315218,3.2076377224863154e-12
109.32063687672405,1.2613653394531619,-7.496191820520111e-11
110.51856967554578,1.2637909065001276,1.184695375749909e-11
111.71641162403084,1.2662427210555862,-1.4019488179200992e-11
113.99392679974102,1.270977376847868,4.422108336607084e-11
114.24450465876697,1.2715041300062473,2.7641391840571765e-12
114.51949277025622,1.2720835283845464,2.8256008176861222e-11
115.07683747535577,1.2732621231335461,2.503876994918538e-11
116.26054507779983,1.27578424422758,1.52632821642196e-12
117.05884992706434,1.277499762266341,2.641158581397586e-11
117.69577882421443,1.278876910841991,2.877148042731608e-11
118.10335733147043,1.2797620858919287,-3.341920771893766e-11
119.66263311831128,1.2831767528268418,5.945644105508922e-14
121.24512085528431,1.2866880437346537,-3.9834356294308045e-11
121.65369903062427,1.2876021069867245,-4.264993488749309e-11
123.85682000190076,1.2925838822170164,1.1162679083481633e-11
123.9703812528477,1.292843094048305,5.3898969452180145e-12
124.6664923300528,1.29443720946183,-1.2015028398367187e-12
125.16737588531791,1.295589770052413,-1.363822016155845e-11
125.45280685704311,1.2962486295615703,-3.827308733660351e-12
127.25553729824728,1.3004445385011318,-5.890783363998758e-12
129.46241019194517,1.3056626004682934,1.0361348306090668e-11
129.68412096040146,1.3061917858847212,-6.108674650286294e-11
131.2531862033519,1.3099627539842047,4.547466872018419e-11
131.5173665422922,1.310602124886489,5.854630378120873e-11
131.61494471028658,1.3108386092991817,5.600549378757871e-13
132.07748907065482,1.3119619894313228,-2.121178972441638e-11
133.00671522082553,1.3142307097111232,1.9676385914858613e-12
133.0110007770936,1.3142412098112877,-1.1567716802497678e-10
133.44270031453644,1.3153006562864729,-5.35648922744185e-13
134.13010167245224,1.3169947133384632,-2.9944192601434328e-12
134.31786403179632,1.3174589552342466,4.418233977352915e-11
135.99802832632673,1.3216420625912075,6.119640408672263e-11
136.77757263662687,1.3236005555178272,-2.893604481619856e-11
138.05143224905532,1.3268250364563232,-7.963264825119128e-12
138.0853377303828,1.3269112687294788,4.808657480781784e-11
138.14898811474077,1.327073208811571,1.248585797484339e-12
138.907302314341,1.32900826189537,-4.385897870086817e-11
139.17034132090717,1.3296819547022372,3.438950351580165e-11
140.47800576896037,1.3330500490868924,3.480470785788722e-11
142.52683351149852,1.3383904638529223,9.665213207023213e-12
142.58940407571995,1.338554775255419,-9.441850344203008e-14
143.27767267740035,1.3403669404233582,-7.014821542256172e-11
144.58303392331365,1.3438278382820743,7.3971578053035e-13
145.05489780945283,1.3450866125537786,2.5480288899139113e-13
146.45035304156175,1.348833218089309,-7.14279213768383e-11
146.66979845872999,1.3494256628622152,1.0407517075440417e-10
146.85748779361955,1.349933078391763,2.1437752687400234e-11
146.93277744458084,1.3501368052862763,-6.281843493075814e-11
149.9959655400077,1.3585140573914787,9.889255285431779e-11
150.36809810486815,1.3595435454835791,-4.76167164950063e-11
152.1068125401152,1.3643874246057242,-4.637919462376507e-13
152.33265065460785,1.3650206726639886,2.1497769519765295e-12
152.41744240400513,1.3652586705626144,-3.476317159084382e-11
153.91442957641428,1.369482301319746,3.385816843631974e-11
155.32966608828767,1.373513239344544,4.944973110448505e-11
156.00070142439546,1.3754374054254843,3.778819179274937e-12
156.52546587328573,1.376947925395501,6.967814031308157e-12
156.93249965800143,1.3781230541376426,2.9880960519431397e-11
158.20566709797941,1.3818184605471346,-2.5723023533452467e-11
159.98223668990724,1.3870249089635318,-2.073396417743733e-12
161.9951111102513,1.3929941302575894,1.6681347869494683e-12
162.67877302677817,1.3950385234435458,-9.980833322777312e-12
162.8696040761048,1.3956107134298137,7.433927566696062e-12
163.055081797432,1.3961674947897351,1.5534035077228878e-11
164.08958677618116,1.3992845759640342,-1.5596101437116535e-13
164.0980265192189,1.3993100869409385,2.204546785471446e-11
164.64921610278023,1.4009790195505691,5.6505910762735916e-14
165.51509996552588,1.4036121080676984,1.856188929785531e-11
165.5819183010728,1.403815871666703,3.081514448321146e-13
166.88767382190494,1.4078143015202982,-1.1769696499933776e-13
167.5659194365392,1.4099035906306003,-1.0967209949361801e-10
167.90617163553262,1.4109549060070976,-8.537517314006142e-11
168.00365650040274,1.411256508956883,-2.9696885939201103e-12
168.56645620629652,1.4130011460023628,-1.6302058475998334e-13
169.95690194612527,1.417336438121321,3.17007989368976e-12
170.61823292834254,1.4194109096870497,2.1213273421044843e-14
172.25446417253895,1.4245780858143609,4.789371574985777e-13
173.04296639062696,1.4270857648316577,-9.27159621172909e-14
173.2379186252315,1.4277075386293705,3.885940494559037e-12
173.3110255513662,1.4279408837822074,3.6632654986037406e-11
173.315306841936,1.4279545520014454,-1.836413797642305e-12
175.40079558881732,1.434652712238606,-6.676211562433934e-11
175.84061501757782,1.43607555137663,1.8686722105388057e-13
176.39691891762865,1.4378803278316628,2.3376942100146194e-12
177.23089269237713,1.4405966075284438,2.6746023973105728e-11
178.5702662383887,1.4449858013107244,-2.1170590934576817e-12
179.01113439103503,1.4464377769455545,1.902762104367714e-13
179.0969531758809,1.4467208328184618,1.1821295614148733e-10
182.55447837536312,1.4582376168451654,-2.634389875930122e-13
182.74940230362577,1.458893452646896,1.9088077235474126e-11
182.88501744441456,1.4593501525625299,-1.7578430917943613e-12
184.3143737826635,1.4641842805482361,7.071396797520012e-13
184.87702946698948,1.466097522832433,-2.5795748645791558e-11
185.16203905601378,1.4670688884586367,1.0421807651199984e-12
185.25106073289965,1.4673725975468959,-1.7298249322122547e-11
185.65789140204197,1.4687624115415536,-1.9168029049310776e-11
186.4706001859397,1.4715479140653414,-9.019446746469714e-14
189.94571940938692,1.4835958828307965,7.282857782781174e-12
190.7594533637411,1.4864491792791064,6.85233248395147e-14
191.7775861956561,1.4900363629586426,-3.8564690382209116e-11
192.63253630356877,1.4930633549137153,-6.865466702038615e-11
192.89529552475582,1.4939963715377647,-3.694678620024126e-11
193.88690012443038,1.497528859471732,-3.393258137880537e-14
194.2990366665875,1.4990023813917155,1.8370452102868925e-13
195.42099262889863,1.5030295908426294,-1.9803169740826075e-14
195.68896902666043,1.5039949103944128,-2.4326187190098717e-12
196.28648178078274,1.5061520672630322,7.035241454989583e-11
198.6764926257823,1.5148463135087422,-7.870018246108712e-12
200.4551745964502,1.5213849947952243,2.2743010538278764e-13
200.46895958521424,1.521435897902818,6.27771112365496e-11
201.02829599556824,1.5235042827712546,-2.2744644420906544e-11
201.2856807680205,1.524458008832059,2.9083952047825504e-11
201.69243383619028,1.5259676995267433,9.559244586049952e-12
201.96051601056558,1.526964370357224,-1.24036491879122e-10
202.8873774191361,1.5304204390331753,-1.9711396839460574e-11
203.26560883876522,1.531835329868589,4.7375141669226715e-11
203.80793477957428,1.5338686648679545,9.023724882484436e-13
204.94355978493414,1.5381439981963578,6.561871074233418e-11
205.26022683304143,1.5393404031947497,1.1673086840510413e-13
205.86195834718356,1.541618904859351,4.892004754220796e-15
205.94774912105743,1.5419443013353793,-6.63994868962403e-11
206.99435063782187,1.5459248799146834,-8.538722955046322e-12
207.28665283774959,1.5470402083726782,1.3580500423418202e-12
207.43494335039986,1.5476066376566642,-3.1929768999185286e-12
209.41796013525305,1.5552201472808642,3.7319835992655194e-11
210.04818065677142,1.5576549575860812,1.2966081069554581e-11
211.64130585481826,1.5638425024406133,-3.149063129781159e-13
212.2143644850881,1.5660796402353432,-7.52174014830528e-11
213.51397995314665,1.5711755662917664,7.234673175896174e-11
213.59133037932392,1.571479846259884,6.404033433919158e-11
213.68875860252388,1.571863264807555,-3.2455902483959864e-12
213.81054376402915,1.5723427834176367,9.891256554485658e-11
215.38353791938144,1.578560866401709,-7.658957705201646e-11
217.00509934646198,1.5850186480675088,1.532171671403944e-13
217.79318227744116,1.5881746366277616,4.6080629722843217e-14
218.65848296781203,1.5916530315232729,-4.671803448746804e-12
218.92545325934017,1.5927290010866955,1.0603889739500614e-10
219.18279522197722,1.5937674083537423,2.2855224031252397e-12
219.55241233214883,1.595260994354062,-3.30387537311982e-11
221.6072162048777,1.6036101357867312,9.172380869743958e-11
222.84008247027958,1.6086568872801812,3.630488182780368e-11
223.9415346394105,1.6131893748138628,-9.318392235100671e-13
224.31755612595046,1.6147418241926896,1.0273207580092427e-13
224.51239538700574,1.6155472656591252,1.3965472968641607e-12
226.3001659512255,1.622970334205693,-4.6941272787011707e-11
227.12739718842192,1.6264250356551904,-2.7581858610079018e-11
228.68952818937146,1.6329832193720977,1.1226682516552914e-11
229.12160813437245,1.6348051261090815,1.5853869810122335e-12
229.9953909868673,1.6385000251035422,-7.220358954819356e-11
230.40204342594478,1.6402244010507427,-6.132057892436859e-12
231.2143993253464,1.6436782495904378,2.0964857421350788e-14
231.78736920475822,1.6461216245678916,7.971127940831135e-12
232.04147738465923,1.6472071801888233,1.567931330587948e-11
234.5662899973214,1.6580578561733699,3.4201288019696006e-12
235.88267220481129,1.6637617337880335,-4.804236767100554e-12
236.81997089494965,1.6678425000575992,-9.154465436494291e-11
238.48368718622044,1.675125764959191,1.7688086543155328e-13
238.56838621398919,1.6754979165613482,-4.037934227538428e-11
238.7558431730687,1.6763220370810816,-3.218948703635317e-11
239.16140228603774,1.678107219276274,-1.0324395733058364e-10
240.66104622078632,1.6847346378104084,-1.708278693004069e-11
241.22020035962368,1.6872163262009465,6.189228894850317e-12
241.6098337166393,1.6889490370216844,-7.523824339685049e-13
242.15211967719594,1.6913652529904186,3.3752571082500905e-11
242.2251755880656,1.6916911758467728,-1.969118586631212e-12
242.51739890912395,1.69299584897416,-6.345035789983568e-11
243.45679790519094,1.6972005873866873,-1.2891631950740204e-11
244.90222772111065,1.7037020625463097,3.448552218474343e-11
245.13422646832862,1.7047491662807606,-1.7856036190760544e-11
245.56305184994633,1.7066872378557107,6.602055208369922e-14
246.12539830402832,1.7092338901202795,-1.705963271016241e-13
247.18439467455948,1.714045494246792,2.3235406356504274e-12
247.62485583094886,1.7160528350144175,-6.305885044857118e-12
247.8885647566909,1.7172563622732606,-5.674018643563349e-12
248.00295787057107,1.7177788333410164,1.2675535915318894e-10
248.81937822103293,1.7215146935248402,-1.1593284447462471e-11
249.60728994585705,1.725131743542079,-1.0155400565124954e-11
252.39434196593217,1.7380179736978878,4.397829803276903e-11
252.40289808055766,1.738057754107066,2.0468010788795865e-11
254.13951440297473,1.7461598125781783,-2.4434199682765824e-13
254.1532938251826,1.7462243216290796,-1.8548266531968793e-11
254.4698478560519,1.7477072481906792,-1.654810978020947e-12
255.004608123196,1.7502165749957408,3.011184774058816e-11
255.57120353743693,1.7528810335653406,2.084140338867595e-11
256.93184703037946,1.7593037165136691,-2.2711606886255263e-13
257.3935507888315,1.761490858917135,-2.7871264166094018e-11
258.1347420219116,1.7650101764950288,-1.468962023166624e-11
259.11218973151716,1.7696667572236369,-2.885509215989812e-11
259.4425148456452,1.7712444115490653,4.255081850716149e-11
259.7389886494321,1.7726621013573487,-6.524899718333051e-11
260.676161206883,1.7771541574828575,-4.1351469072680334e-11
262.5260201399069,1.786068387520508,1.923422881269754e-13
263.0258393319276,1.7884877680718336,-9.879211006579337e-12
265.9990633193627,1.8029748002221864,1.6461525767718103e-11
267.2707989249628,1.8092210529329047,1.0024539133912139e-10
267.31213455292476,1.8094245767829544,7.505519033951816e-12
267.57153956044965,1.8107025253573896,-8.438723308672299e-12
267.7017146043558,1.8113442946845735,7.048912702656872e-13
267.8637243228628,1.8121434465008475,6.62288357351228e-11
268.6727017292745,1.81614115648317,-2.9810514008180563e-13
270.43780796248427,1.824905599603659,8.213808226478401e-13
271.284902881763,1.8291321378180339,8.574918356603002e-14
271.7390898508604,1.8314037247866324,-5.4984745863382425e-12
271.97105743032,1.8325653617131685,-2.1690868862479808e-12
272.2251100805519,1.8338387325190446,3.096543120003286e-11
274.8394102853188,1.8470112773908614,-7.119764696884728e-11
277.0025900769487,1.8580059689017903,2.491094033545599e-11
277.5203090103865,1.8606501379239173,2.8781379988420807e-11
279.9756353343649,1.8732575692839668,2.969499442594569e-11
280.41615246807675,1.8755312540246667,1.5114947479065724e-14
280.7856412778743,1.8774410897832858,-3.0845883231726128e-12
281.09479581793664,1.8790409985579875,-2.8211152402323494e-11
281.3054912182158,1.8801323792550197,2.638479732024208e-13
281.80527029527946,1.8827244543414032,-2.825616502504148e-12
282.4067149123268,1.8858499120712786,5.358323926322185e-13
282.4797566545065,1.8862299334046022,6.866800223971733e-11
284.66935728365496,1.8976676109109598,3.991363145859297e-12
285.0832566962243,1.8998395958848664,6.810622465372772e-11
285.22839345061925,1.9006019650637995,-1.4461024398297504e-12
285.7153328610459,1.9031625778559182,-9.918714038501531e-12
286.16011782597207,1.9055053347904412,-7.886228702662667e-12
287.46452660780153,1.9123968892987473,3.012106995660325e-12
288.14208270690494,1.9159889751766634,-1.0563625226791981e-10
288.18341486318207,1.916208372627238,-3.449239738914131e-11
289.14161457642155,1.9213034654797259,4.1720311341695004e-12
289.9197609679762,1.9254535943774622,7.424590333158121e-14
290.4925637947137,1.9285156809030877,9.835191080169984e-11
291.1913751929312,1.9322595679075298,-5.428911212451889e-13
293.27068999866265,1.9434527161162327,1.4638630653771411e-12
293.5449150964985,1.9449348400982243,-3.708811555647499e-12
293.6138007198871,1.9453073688394578,2.37279110581291e-12
294.32411894578837,1.9491538190011715,5.83266560114135e-11
294.3326735330142,1.9492001996584185,5.047314120832212e-12
294.6978664424866,1.9511814339188127,-1.0559720528845202e-11
295.2812289605987,1.9543513723368147,4.759560872288084e-13
296.40888236002553,1.960496708215953,-4.782313720599964e-12
298.3134623600328,1.970929226523322,-2.9010851229462033e-11
298.87781863474896,1.9740333750739385,-7.742111223107598e-11
299.1361231609405,1.9754560936607786,-2.039151852070182e-12
299.5766104085466,1.9778850936606038,-4.869555943335892e-12
299.7957224391418,1.979094684796621,-2.6704237715439887e-13
300.0635258240853,1.980574273820829,-1.948225325859667e-11
300.85447534016987,1.9849519099367146,1.12524709835978e-11
303.1169744142668,1.9975377004801442,6.741939291123542e-12
305.6567558876623,2.0117782888931943,-3.837624328179369e-11
306.12787110930026,2.0144329028673735,3.2196604946957725e-12
307.0299633449679,2.0195273716644526,2.3082593427803055e-12
307.63550982908856,2.0229555387879192,-3.451553138581186e-11
307.7488056250599,2.023597687917166,2.2963265954774714e-12
308.67297598585344,2.028844623018121,-1.9048707525059923e-11
309.0445681230909,2.030958755174888,-1.0394922480867099e-10
309.6289738016796,2.034288812047901,9.348688211286657e-13
310.0440326944031,2.0366577188854897,-7.667032826330028e-14
310.5024347118812,2.0392776900290452,7.014846440488318e-12
311.3155657524859,2.0439346178865536,-1.7536504744797488e-12
311.91575838154625,2.0473798271860635,-1.0859054850969561e-11
314.7837175106634,2.0639340184824513,3.472108965000413e-11
315.0156507280758,2.0652793857379574,1.9374142790379735e-11
315.9737699334715,2.070847617502615,5.068030478211414e-13
316.76562766286935,2.075462362598942,-6.0840272776829465e-12
318.1408062515168,2.0835040004285292,1.821233563880469e-11
319.35720666805025,2.090646185105215,-1.3714617311978578e-12
320.66468908008,2.09835355793056,2.8140294084760153e-13
321.00456408227103,2.100362216551952,-5.820393548935372e-12
322.2410226384447,2.1076876286173896,9.207456092891678e-12
322.6549980404612,2.1101465232204193,-1.8685779190207657e-11
323.02016058606307,2.1123181039738537,-3.741530321373131e-11
324.1370307927346,2.1189752512893496,-5.4131181277537986e-11
324.34876703192555,2.1202399041893667,-1.6661143765660712e-12
325.89017367728144,2.129471268307888,-1.958867552592487e-11
326.2681639439315,2.131741704744061,-2.988525343119648e-11
326.407936432989,2.1325819287570233,-1.2519620094362745e-13
329.8759514456647,2.153544685325018,1.8080880675306744e-11
330.666836030885,2.1583562878690272,-2.6763292674337792e-11
330.99707966809433,2.160368842089592,4.005670416499312e-11
331.6576902688492,2.164400730901466,5.432067401759365e-15
332.18387538844576,2.1676179355234337,8.059081003511262e-12
332.4961895010589,2.1695299005452124,-3.759623636878291e-11
332.9587175510866,2.172364765581409,-5.133519271208863e-13
333.0551467076634,2.1729562827005537,1.3621413674455059e-11
333.9867404377426,2.1786796990980317,7.428352137034924e-11
334.35189294024116,2.1809274414448834,9.527243929092692e-11
335.29096829816007,2.1867193189455083,-2.8372231771750933e-11
336.14311188678863,2.191989091143478,1.0748913494887182e-10
336.96782699413836,2.1971019791339925,-3.929801647357391e-11
337.7394530871564,2.2018970825870996,6.668119424976225e-11
338.33236963441357,2.205589085939933,-1.1792949123901194e-12
339.0173123828165,2.209862184237637,5.113706649630477e-12
339.05115425074996,2.2100735348714013,2.1067649602700976e-11
339.4406457985815,2.212507522245444,-8.67622926665004e-13
339.6015496229234,2.2135138485119352,8.386601863154231e-11
340.23673493281274,2.217491088006738,-3.847589962921021e-11
341.4394195392883,2.2250421065137393,-2.2350258817114822e-11
343.0230360688199,2.235025434450992,-1.8686746041368032e-14
344.2255893875783,2.242637348944889,-1.7062739809863423e-11
344.23414283319363,2.242691585902744,4.504650374637389e-11
344.85340823815363,2.2466218967784153,-2.629117165283215e-12
345.34026655731714,2.2497168155159097,-2.8012900949760452e-11
346.39046599263423,2.256407715400539,3.086111675585769e-11
346.8350521513835,2.2592463282137434,-4.521373729423532e-11
346.93242345392855,2.259868514730754,-9.260366795128757e-13
347.4014760137016,2.262868130028239,4.5868269835849086e-11
347.8079433213864,2.265470787098306,9.392283233413252e-12
350.9414123005842,2.2856369141969575,-6.350498328166796e-11
351.74698073086756,2.2908505524939207,-5.365320127257236e-13
352.83088336253815,2.297884432342091,3.472398344456738e-11
354.76072724962796,2.310461532915062,-2.452760266982801e-14
354.85394447903695,2.311070781398779,-2.174240277092013e-11
354.9046435754451,2.3114022073835123,1.3442173554705048e-12
354.9554667621587,2.3117344920837013,6.857137174835133e-11
355.4381626933698,2.3148927556931644,8.877826070109363e-12
356.93719490626165,2.3247282351036542,1.6555705895383767e-12
357.01022192875257,2.3252084388017353,-1.1326947217421272e-10
357.8263483337583,2.330581723746074,-6.386754312955724e-12
359.013077174195,2.338416905224635,-4.526728236111287e-12
359.1390649959483,2.3392502423067265,1.6518322255849987e-11
359.6905071828733,2.342901156309331,-9.944430280960897e-11
361.1766977365657,2.352768617905646,-2.9653685363294706e-12
361.2783429107877,2.353444970671192,-1.818912656821976e-12
363.79676605544915,2.3702634752769702,-4.773776421033842e-12
366.4389016711963,2.3880337371244997,8.132300612821785e-12
366.65168821132517,2.389470474791886,4.3658928977362645e-12
366.87076538568937,2.39095055831275,-2.537947646571382e-13
368.0023764100104,2.398609790316703,-2.1864991991645795e-12
368.29447860676345,2.400590694406207,-5.379822930959577e-11
368.82703971176744,2.4042063263488243,5.4824561167251856e-11
370.0463918618051,2.4125043540230107,3.5708282461505754e-11
370.74079057458147,2.4172421684540923,1.4229513776647765e-13
371.646904068716,2.4234378493667093,2.7496966942585978e-11
371.7993690327032,2.4244818369279426,-1.1521078594505634e-11
372.9182651905273,2.432156460800155,4.235975053265617e-11
374.22987795766346,2.4411823092447467,1.1792718101544746e-12
374.66280510363816,2.444168448700152,6.253185967072354e-12
375.9964933268925,2.45338933920381,3.241647915890275e-12
376.3130572353717,2.4555828190810445,-2.924967042014102e-11
377.3852763202431,2.463025969027897,-9.18452747398275e-12
379.3531527162412,2.476741710346271,1.2044414897895351e-13
379.36692708447816,2.476837966598224,7.521730712805416e-12
380.0052728070039,2.4813026053703426,-7.591161613420726e-11
383.04641975404803,2.502675682137051,-4.9224104139249665e-12
384.1302635982956,2.5103340776299676,-5.69493150974469e-12
384.1430928495909,2.510424858170491,-4.0902048710998335e-11
384.70199565679957,2.5143826305685346,1.481913544341993e-11
385.5095311576435,2.520111214992045,-5.5323207883317444e-11
385.63349928783657,2.520991697370516,8.081521996195832e-11
386.1446635620488,2.5246252266084386,-2.262959234646721e-11
386.15321637033475,2.524686063814362,1.1108235749522077e-11
386.51833346533857,2.527284444437867,1.5855676072861793e-11
386.55965611563977,2.5275786745766333,-8.397847273013145e-12
386.9376021871247,2.530271227784298,-3.086698159537978e-11
386.9491141075304,2.5303532819908536,4.40725495548749e-13
388.2278042909446,2.539482673749381,3.954713252314034e-12
388.61430220819506,2.5422480587008875,-4.275346110006573e-11
390.66359664402194,2.556956694694439,5.563350730682993e-12
391.08689101989984,2.560004493812841,1.6880756666709287e-12
391.10387242468374,2.560126831982224,9.87277234105303e-12
391.8025247183991,2.5651646979733496,-2.194486154641513e-12
392.2078920214466,2.5680918564009874,2.649080356867742e-13
392.67370092262445,2.5714592013486994,2.4764670123445124e-11
393.08548226463705,2.5744393080222503,-2.431549769042255e-11
393.96603050940087,2.580822413099476,-1.3209519126510586e-12
395.87995536106405,2.5947457386247645,4.9007400799140856e-11
397.17869366635716,2.604232164897759,3.08225903215965e-11
399.0470117944859,2.6179334941255705,4.9901420606937896e-11
399.56671896263964,2.6217562024283945,5.053801577548598e-12
400.33826093577756,2.6274404585470443,-1.7638700265931364e-11
400.4907193433742,2.6285649776572626,2.860208028703224e-11
400.86224351699224,2.6313070985886484,4.033022662462086e-11
400.93111320636166,2.631815686762958,-3.8682033296659995e-13
401.3449039437861,2.6348732838413245,-5.856360850223551e-12
402.586647049466,2.644067749831402,-6.908890723099296e-11
403.21321162553306,2.648717918487775,1.0215663985593569e-10
403.5296389025628,2.6510690922106104,6.338672832205429e-14
405.18089080346084,2.663368440741139,-1.1895593775991053e-10
405.43498651359255,2.6652655315454084,-1.1284141950703583e-13
406.4988562900071,2.6732213487321372,-2.3654186548680497e-11
406.54955126735416,2.6736009756656642,-2.6153525711176977e-12
406.8322632637001,2.675718919191632,4.26389897341114e-11
408.17016601665193,2.685761819014057,5.949842913458035e-13
410.432179073315,2.7028165067429333,-1.900093358623449e-12
410.78363441722365,2.7054748015008006,1.7970757148238528e-11
410.9189857323486,2.7064991620203394,3.9733618368326856e-11
414.47032691580233,2.7334968714597423,-4.1124013714021115e-11
414.8354301325459,2.736285598576287,5.6179922794252743e-11
415.4409761274475,2.740916286493561,-5.1935279382057806e-12
415.6949445095428,2.7428604258170948,-4.848077633335294e-11
415.9521199897065,2.7448303263528047,2.100180688905564e-11
416.9184912502632,2.7522433813742486,-2.536861174093865e-12
417.5525280127182,2.757116437104521,-1.8138687265552296e-11
419.03443974226354,2.768534938531183,-4.2237658213337445e-14
419.5340700067342,2.7723938335783087,-2.0467927757452134e-12
420.30571680468086,2.778362683833474,6.8341170690685575e-12
420.47087596965616,2.779641649749732,5.964520206455496e-11
420.4823873836855,2.779730811013319,-1.906643139822429e-12
422.38448835784254,2.7944969936128006,-2.7685390747652827e-13
422.4809033593185,2.7952472467372003,-5.890113898019696e-11
422.5061883173587,2.7954440299250862,1.988033520259078e-11
425.8733284012163,2.821754404991774,1.2829632506889288e-12
428.2441649604321,2.8404050953735935,-6.64042194163852e-12
428.54907143971155,2.842811221355543,-1.0662987642989065e-10
429.5524730538461,2.8507415129960254,-1.0012326267064095e-10
430.55172149411516,2.8586574116379277,1.962137000772303e-12
430.86398641065387,2.8611349002116273,4.636604970846846e-11
431.27040312456904,2.8643620729264416,-2.686551260440151e-12
431.4143035594224,2.8655054510682882,-3.253830495477097e-11
431.64832784106005,2.867365733625291,-8.258639003782235e-11
433.0062555123012,2.878179947793111,-7.619256704440367e-14
433.8709733957358,2.885084058011541,7.630759031046041e-11
434.1324197766032,2.887174218998445,-2.60877078787955e-12
437.79586871954933,2.916594484739032,1.2084961635169025e-11
437.8073799163321,2.9166873179820842,3.186448801964067e-13
438.5917156440463,2.9230184241879194,-8.574891232751924e-13
439.611142116143,2.931264103360709,-4.592551054136982e-12
439.61957028038324,2.9313323547537884,2.067069337768631e-11
440.170006491127,2.935792628241655,1.6639175143067784e-12
440.203719128618,2.9360659885674716,9.556197020840516e-11
441.10144641661526,2.943352949181806,9.074068965095942e-12
441.17018881686766,2.943911551442786,-7.201623364738537e-12
441.7755932401076,2.94883484017163,4.542053310082538e-11
442.4054608526584,2.953964235389026,-3.4657965592914876e-12
443.3791634439661,2.961908069077526,-2.7798574134712574e-11
444.0820483616588,2.967653323754323,-4.800430264533902e-12
444.3159455244326,2.969567175104893,2.6942176329819624e-11
444.64185519490314,2.972235594400712,-5.213878580990436e-11
445.94158898332034,2.9828967604254863,-3.191957129432516e-11
446.131207126188,2.9844547188518487,6.246623142376279e-13
447.24880429089535,2.9936506815856188,-3.4444133796984345e-12
447.35043781333377,2.9944880974491337,-1.496566563536724e-13
448.552934971181,3.0044105929389024,-2.730184549308637e-12
448.74764958449146,3.006019800917594,3.643606053741518e-12
451.08459437981907,3.025387841423057,7.847058809311566e-11
451.195724620073,3.0263113680420224,-1.2752790551074627e-11
451.2085528424472,3.0264179891779115,5.498171076956374e-12
451.3472293900092,3.0275707859559278,5.502632169358647e-12
452.16111499951256,3.0343436322176833,-1.390166064734295e-13
454.5140875738602,3.053992805526512,5.603013783890877e-12
455.17124559632475,3.0594988116078357,-1.2332713041387179e-13
455.37451112405523,3.061203485017006,1.700135079408275e-11
455.50463502401317,3.062295160383156,1.5316808693321315e-12
455.86034956490306,3.0652810217337807,1.319244813483702e-11
458.05350644380155,3.083741826957391,-7.757415782773979e-12
458.24821934940854,3.085385096940099,1.789768986012956e-11
458.27350339353524,3.0855985316176886,-1.748833067446561e-11
458.47368539626666,3.0872887790962755,4.638813372190173e-11
460.1035834739537,3.1010783839577263,8.077911616889331e-11
461.96548268486896,3.1168906932384415,-2.6559306087160327e-12
462.06699075968794,3.117754593300339,2.6671645270433577e-13
463.4556317393741,3.129591894438465,-1.0668249327396522e-11
463.5244967871208,3.130179850615403,4.782279643186416e-13
464.0112766495246,3.134338372125411,5.8414450057890694e-12
466.11133807662657,3.1523290646813136,-4.473994213022134e-11
466.2500127815146,3.153519915042687,2.0177856946262797e-12
468.1212750115681,3.169623768741507,-6.437309151445407e-11
468.40906580296956,3.1721061839614584,-1.3114276649242468e-11
468.7139605566832,3.174737798280565,2.9015806214190596e-11
468.8927607184521,3.1762818587319424,-6.130085433443567e-11
469.34582662966,3.1801970263264683,3.0668752492872614e-11
470.9070930537513,3.193717670726298,-5.831376586798006e-13
472.12308985582314,3.204279367772504,3.7096210427111255e-12
473.57416957963227,3.2169185531659243,-2.803054225442502e-13
474.12150596959316,3.2216960334374987,-6.408015308446379e-11
475.2603314088142,3.231654070971872,6.277057837027329e-13
475.9367196933602,3.2375798063285885,6.697058309093793e-12
475.93766461257127,3.237588090517587,8.551048253613046e-12
476.7155593685008,3.244413541708278,1.2292741312514063e-11
477.1559185395377,3.248282308830959,1.3889149014903354e-13
478.3668124122283,3.2589390099251614,-1.848209470250779e-11
480.0347949605213,3.2736626338436423,-1.5343452341539006e-12
481.3388887995693,3.2852098355720183,1.4405313966492911e-13
481.93999590435664,3.2905429337863876,-1.2359698223490558e-11
482.45324507699587,3.2951018131059073,-4.106016206548862e-12
482.50418437904193,3.2955545405524567,5.0442878994584504e-11
483.68954156231104,3.3061030022179607,6.023923502979954e-11
486.1058469587365,3.3276857938799007,-6.303845868919344e-11
486.962096171013,3.3353597450306953,1.1218368320025775e-11
487.1135964136644,3.3367189398621906,-9.272929042288064e-12
487.3686165425103,3.3390078253061595,6.495063816311557e-12
488.98482778828173,3.353541681777554,6.783474179993061e-11
489.44725928636626,3.3577089722650317,-6.199646312921233e-13
491.259368844509,3.3740771088969477,2.2488201917220382e-11
492.0159989746751,3.3809293789629336,1.9702976264573493e-13
492.14410511570577,3.382090590613967,2.6484828333339667e-11
492.61722537221533,3.3863817852083753,-2.1518585997612725e-13
493.26083855206116,3.3922259682878546,1.3569182006451207e-12
495.52990361925436,3.41289056915492,-3.959525707410838e-11
495.5384554586695,3.412968631002901,-4.62635515130099e-12
496.98630252402904,3.4262041117011064,4.6152361987371185e-11
498.4056579437286,3.43921661849257,-1.073576804711962e-10
498.901100556696,3.4437675238063665,-2.6893144184957697e-11
499.4599371749594,3.448906163410414,9.743598378670219e-12
499.7806112374353,3.451857437620907,3.0251088096540644e-12
499.84935027954043,3.4524903133204843,-3.0823801419167342e-12
499.97531775975415,3.4536503132683216,1.3094483089755392e-12
500.3870551546588,3.4574439290248864,3.963976003120091e-12
500.39133105990203,3.4574833422224036,5.313609650562132e-11
501.26750983791226,3.4655666336826574,1.3225590272128052e-11
501.6952814988795,3.469518229450195,-2.0295073269431007e-11
503.37178750527124,3.4850376619847987,-2.8110443943615768e-11
504.17494978000695,3.492490886127774,1.1536357261879705e-11
505.4037442664287,3.503916909570821,-7.885513592408146e-12
505.42084782928697,3.5040761444003667,3.657908376889623e-12
506.67291052758605,3.515747532316387,6.17342968265428e-13
507.14376402461494,3.520144172351665,-2.9800811564603717e-12
507.84246097147917,3.5266758489541967,-1.598746091613435e-11
508.4509154726854,3.532371231283105,-2.277896025457204e-14
508.7229112577816,3.5349194284636765,3.8091406390319325e-12
509.50933938969143,3.542294760364904,-8.345484400295386e-12
509.88723935666013,3.5458428591733253,1.9471369170413246e-11
510.636625198692,3.552886615586733,3.222240440863595e-11
510.8301372690465,3.5547071880898624,-6.346381955943206e-13
511.33827931464594,3.5594911010502455,-4.504603248518084e-12
512.702531089697,3.5723584024002086,-6.7794637392065536e-12
513.4941779670878,3.5798407486345276,-5.590605549303622e-11
513.8033385621355,3.582765951921564,3.2810218153960934e-11
513.9377325417835,3.5840381045124783,5.2085289717490595e-12
514.3101625299058,3.587565207593964,-7.713140131360553e-12
514.7165512039476,3.59141683195645,-8.848791772285753e-11
517.342598917243,3.616379033265423,-4.5425996019178564e-11
519.7599177618184,3.6394694252624684,-7.003317034136301e-11
520.4540851211577,3.6461200518544947,2.955669381941892e-11
521.2544039449443,3.6537987026081895,-1.5552638269389117e-11
521.5750734844245,3.6568786740305117,-5.023466668417636e-12
522.6163853007517,3.6668933433376227,-8.10903041713186e-12
523.0737097917217,3.671297909459253,-5.912587846914556e-12
523.8526481441596,3.678808859990335,-1.639210709384482e-11
524.2177172128714,3.682332902668,2.539944993122452e-11
524.6569930222739,3.68657652358882,-7.055236987620417e-14
525.2126135281344,3.6919491829817983,5.453698606887321e-13
525.5387511739827,3.6951054706228863,1.181577846277574e-11
525.6740890737892,3.6964158159666747,-1.145770834504415e-10
525.9281577871636,3.6988766276138385,2.8878089741764874e-12
528.9551039577278,3.7282859338112146,8.661574437708043e-11
529.5849296658929,3.734426428374962,-7.195012735487184e-12
530.0050869478262,3.7385268208956592,-2.0107149900322037e-11
530.0165973239721,3.7386391985455463,-1.4182962733804143e-12
530.1956380038927,3.740387515665684,-3.4147454867174694e-12
532.0063826266129,3.758102468788462,-3.707595269063438e-11
534.27551583366,3.7803872157948355,8.892926803221392e-11
535.181606861795,3.789312270514413,-6.117934086155189e-11
535.2250617282713,3.7897406837758942,3.921672086754684e-11
537.9672975205851,3.8168462227334508,5.6637986779469095e-12
538.5683824065057,3.8228061356802843,2.92138198708149e-11
539.5262294976801,3.8323171917130265,1.0809346915384718e-12
540.01298387547,3.8371569533033876,-2.970411205602727e-11
540.6227437580203,3.8432259073593897,7.379915704928607e-11
540.6270195579915,3.843268488675979,8.435481299522607e-13
541.2354621448189,3.849331206342334,-1.0147086301835943e-14
541.4301637301439,3.8512727158251248,2.6119400062617358e-11
542.9976443544509,3.866928632706067,1.914850896125957e-11
543.4040262377149,3.8709949423210697,5.6762958122645554e-11
543.6538166211471,3.8734958867879734,-3.8334631739330623e-13
544.7884383389533,3.88487038287315,9.168892996911498e-12
546.4015086440248,3.9010821117715424,-5.43005230760224e-11
546.7221736221204,3.9043105799767432,2.52500699804139e-12
547.661968507993,3.913783383917947,2.9034039343026127e-11
549.5753909200436,3.933120296011952,1.425370117518999e-12
550.0749700303957,3.9381801102339926,6.7850848011001344e-12
551.6128852980293,3.953785213623297,1.4245820937374168e-12
552.5485260995775,3.963300402151332,7.945855782714766e-12
553.4967456272011,3.9729599651325698,1.9498981370998834e-12
553.6565430634625,3.9745894609189842,1.5212968596339554e-11
554.2068100134701,3.980204274035202,6.779661677258975e-11
555.849554695805,3.996999690658748,4.4508071694550864e-13
558.1863268875042,4.020976491443603,3.0521931233310777e-13
559.0680690212778,4.030049876587244,1.771446092872403e-11
559.9442179358136,4.039079891394461,-2.2645392793939132e-11
560.5147930054266,4.044968117055212,6.385817366959351e-11
560.6162945204137,4.046016221589115,5.837190220664061e-11
560.6935826446863,4.046814425948099,9.20441026293338e-11
560.9941836024494,4.049919972354007,2.8398441534332166e-11
562.0135217323315,4.060463275314547,5.608529884023696e-11
562.4673815378451,4.065163834085869,1.2347683578203817e-12
562.5723379099182,4.066251391881897,-2.0320146095246294e-11
562.9626816771658,4.070297914211993,-5.7046060799901236e-11
562.9755089301883,4.070430936340161,-4.9006711536244706e-12
563.5036978707884,4.0759110322993894,-1.1081462673854324e-10
564.8076011157625,4.089461365774888,4.2325105523350785e-11
565.3494376284649,4.0951014130165255,2.1862718232170303e-12
565.9601345091857,4.1014647195343175,3.615042206110772e-12
566.4840469528849,4.106929229199397,5.862395458542022e-11
567.8397058322422,4.1210924859904114,3.829967097351842e-12
568.5159315452867,4.1281700145631,-4.7693078793071646e-12
568.5330345041702,4.128349127147075,-7.628518546866118e-12
569.1171311721063,4.134469376873815,-2.356958018005951e-11
569.5065288622341,4.138553033854206,1.0866530384128236e-12
570.954562714062,4.153763231875216,3.334163181976039e-11
573.2247196854447,4.1776867831307385,3.050014278299492e-11
573.7400789006311,4.183131004994719,-2.7201289865650257e-11
573.7486303594578,4.1832213833242635,-6.71993802308149e-11
574.5104451667002,4.19127822772581,-5.136099416364923e-11
574.710612266091,4.193396939845909,-6.432451377841938e-12
575.2218194757908,4.198811272970271,-7.86341785518486e-12
575.5095912057122,4.201861258475734,-5.1009269801425315e-14
576.9152360611237,4.216781089117808,-6.842525198365141e-11
577.572342282842,4.223768246470596,4.084361235541667e-12
578.7619092447239,4.236437410642165,-1.684452755172305e-11
580.1747864289136,4.251518746311563,-5.866302117267319e-11
580.2477981351506,4.252299087175977,1.715557332965394e-11
580.4543782963036,4.254507524562584,9.473527178987322e-11
580.8618217114275,4.258865587197837,-2.941644800555097e-11
581.6533159632119,4.2673402428743215,2.7594724805941837e-12
582.5551099920309,4.277009960087639,-6.825720330485416e-12
582.893693056908,4.280644371705898,-4.348994526320785e-11
584.3660554123159,4.296473532648466,3.243480365261975e-11
584.950147931157,4.302764092395295,-2.4950071470548362e-12
585.4666974673717,4.308332464123335,-2.257657096726312e-12
586.8181931576167,4.322924756159614,-6.655850921244875e-11
587.3292735833736,4.328451732091461,1.5362060467562254e-11
587.3378249910857,4.328544250488118,-1.018170181987486e-11
588.6502656409185,4.342759624048481,-2.4641633434338246e-11
588.8714378032732,4.3451583192400856,-4.2132592895082225e-11
589.8100210734493,4.355347633120569,-8.232206234003084e-13
593.2052589513095,4.392342054704972,-2.4519409559004346e-13
593.3070071132208,4.393453977118799,7.1214009718784155e-12
594.5229169359683,4.406756417122875,-1.228555242270871e-10
595.186431744583,4.414026965598071,-1.8091931701102622e-13
596.0840690096062,4.423875847762206,8.286263866341815e-12
597.2026292133041,4.4361694694208085,1.1840193981862107e-11
597.2535652457503,4.43672983444511,3.316609479224253e-11
597.642958182535,4.441015260908486,-3.5544629465078182e-12
598.3362778749229,4.448652437898733,-8.178587779648245e-11
599.298249686757,4.459263584983491,3.1586836795401594e-11
600.1056475748632,4.468182843357591,-4.472265356302073e-11
600.9237344034891,4.477232429379346,6.04305758975552e-14
601.1555946553394,4.479799484017096,-7.727682650454421e-12
601.2116270713547,4.480419998835297,-2.773234357988019e-12
601.3080303050643,4.48148772397021,-1.8366767232902442e-11
603.1970691647044,4.502444535851048,3.294686944402694e-11
603.7380759016684,4.50845852011074,-1.7592066068696197e-12
606.0082014044099,4.533752655683671,1.478594280247781e-11
606.5150021850181,4.539412480817913,3.433127711203538e-11
607.073931686698,4.5456599528565205,1.5995386120052695e-13
609.5123991143076,4.572983405160429,1.1324288564285176e-10
610.4858766779951,4.583921982542453,-2.8997977100269518e-15
611.2733338638475,4.592783095080714,4.4871725265827427e-14
611.8459101204469,4.599233363893949,2.053201970314683e-11
612.1507801545281,4.602670293702902,6.947283934231047e-11
613.1032506523912,4.61341892962033,5.506957770453351e-12
615.1353437360372,4.636406973509681,2.606304276092251e-12
615.6506940820285,4.642248963558933,-3.607577888516547e-11
615.6592453938814,4.642345942136545,-1.6570954403263718e-11
616.0157473725126,4.646390152599707,-3.8137553604601444e-11
616.2347793232535,4.648876044066538,-5.6564154657370666e-11
617.7334727525888,4.66590909595603,-1.1114215068601919e-12
618.4362832599435,4.673910976059063,-5.50253348443098e-13
620.4088854912018,4.696418733775463,3.3880732757487266e-11
621.1423215613983,4.704805655333922,-2.1142173595229773e-12
621.9720358558164,4.714305474419122,1.8893528481066747e-11
622.1786125961561,4.716672647810986,-3.6943216932035415e-11
623.872818115821,4.7361162953788485,1.1605545683315828e-13
624.6349897974234,4.744880646160196,1.2802370546431511e-11
625.375783069237,4.753409417386357,-2.959292747091755e-11
626.073123038777,4.7614471464244215,-3.4502485013805894e-11
628.9359878007206,4.794539175073691,5.829503493440718e-13
628.9488147076348,4.794687781808918,-6.224255193909737e-13
629.0704985655556,4.79609770663879,-7.539109697904164e-12
629.5076155693766,4.8011647375797715,2.255096710085252e-13
629.5413243821673,4.801555634050065,9.869438769775764e-11
629.7138195642299,4.803556262235498,-3.154079547795588e-14
630.1711216655226,4.8088627817057565,-7.222433083994241e-13
630.3658157537179,4.811123175055375,6.429379124372028e-11
630.4389500997542,4.811972443336435,1.229802642709501e-12
631.5341040761516,4.824701638534409,-9.066173076310823e-13
631.742817942201,4.827130068286772,-4.697170965642389e-13
633.4192186019295,4.846664449321791,-6.505990264199607e-13
634.5071372525172,4.859369199555417,-4.6046591036441786e-11
634.6837837038901,4.861434140112056,3.343098838985794e-11
635.2012683138635,4.867486678177698,-8.523014363941118e-11
635.4681514502495,4.870610091015644,8.466004196515823e-14
636.3349011483622,4.880762970758143,-6.36075224322293e-11
637.6554966897052,4.896258687228918,-2.8493191296355013e-11
637.8896157299992,4.899009165625629,-3.7001991155264734e-13
638.9732571343285,4.911753158785505,-1.1076911301951674e-11
640.6836105620025,4.9319115130921904,7.457675413686605e-13
641.0845071719709,4.936644306296591,1.193449757143528e-13
641.4454056910054,4.940907433418457,1.6016764405942531e-12
642.2784450109986,4.950756901815673,-7.473266658706938e-12
643.392710870303,4.9639514463930094,9.517279925885745e-12
643.8501349524503,4.969374641038916,7.593719949104689e-13
643.9718182050744,4.970817959990374,6.134748329202925e-11
644.7517838780269,4.980075827298689,-1.3220381846728686e-11
644.9209474120271,4.982085206703857,3.6284556355480244e-11
645.1411701567945,4.984701873802241,1.8055475171900578e-12
645.4533949260676,4.988413231943769,3.348069049986271e-11
646.003641500855,4.994958282276114,-2.6303488364881624e-11
647.3891878010921,5.0114637247725415,-1.0513560874859852e-12
647.6091622413511,5.014087442540618,-1.8061553338888625e-11
648.5267195504454,5.025041106485006,1.0159364558295261e-13
651.3007679101177,5.058251607282942,-3.5995594770334747e-13
651.9812476218408,5.066419861839957,8.786676054760193e-11
652.0065290455314,5.066723496068278,-5.5870952259785486e-12
652.9432012360198,5.077981388335145,-1.9981629186842573e-11
652.9547110109019,5.078119825194142,-4.566923522495811e-13
654.7582515707267,5.099842536091032,3.546605668300049e-12
654.7591964053083,5.099853931836746,8.565516089177437e-11
655.3689275675642,5.107211390676502,4.8522667042232713e-11
655.584873993596,5.109818799243143,2.7346863414427615e-13
659.4485919181111,5.156615786866045,1.24369599347733e-10
660.2415046873422,5.166253479009315,-7.903207994172901e-14
660.3631873209001,5.167733531494518,-6.916727562647548e-11
660.9134313620357,5.174429675391497,-5.187188460528423e-11
661.7187983614843,5.184240570022794,2.596798836024558e-13
662.1208853076271,5.189143221820313,5.641908708197749e-15
662.1325191156009,5.189285117335524,3.731301362358261e-11
665.1857671579749,5.226611237081848,-4.154186230480172e-11
665.2706585590744,5.2276514926207724,9.076454406901378e-13
666.0494261818709,5.237200671998149,1.2695647361329951e-11
666.3065626139446,5.240356109421251,1.9926838907550647e-11
666.3414639948544,5.24078449392378,1.8277698063370597e-11
666.3585663344334,5.240994418658497,9.366568531478219e-13
667.2856144308956,5.252381644153219,-3.924765878651825e-11
667.6105397803569,5.256376551917192,7.80048645124691e-12
667.7120371950333,5.257624845828072,2.2704232264594345e-13
669.1176352699885,5.274931491824816,-3.083580239565672e-11
669.7017103535615,5.282133711090944,-2.6856333992523268e-11
670.6723341187354,5.294116353799971,1.952336586562111e-14
674.6895357989144,5.3438944669419755,6.530048456132359e-11
674.7477046277164,5.344617434302494,1.993410859984804e-12
676.4465298288445,5.365759243952521,-1.2567494475072078e-12
676.7459249654047,5.369490714249078,-5.49100337304697e-12
677.7206983131738,5.381651107897451,-3.222169323909648e-12
678.2445894906905,5.388193933384766,-5.435396672501078e-12
678.6688731504208,5.393496475635304,-7.811035162811212e-12
680.8353082306105,5.420623484362663,-3.322725273200467e-12
681.6140724377236,5.4303959024419175,7.158548733896249e-12
682.0004959336108,5.4352491320408145,6.994665279907177e-11
682.5932441147653,5.442699012167164,1.839014795015011e-13
683.1687658775834,5.449938576954043,1.7639333059915992e-12
683.5529273644644,5.4547743909899715,1.8795762173836137e-11
684.8621186425364,5.471274872738336,-4.0892967686006525e-11
686.9818911253691,5.498058516591241,7.019231785923579e-14
687.269775743976,5.501702365946663,-2.2817445426034717e-13
687.3512118248955,5.502733405949627,-2.3910942189425674e-12
687.7440480657273,5.507708714411422,-2.669908708841432e-11
687.7693292302483,5.508029000129445,4.914838353221687e-12
688.134374293711,5.51265504881945,-7.978009090036795e-11
689.1124753747749,5.525062175215801,4.0998911999516425e-13
689.4553217599781,5.529415322729292,-4.2293055793079035e-12
692.9508757655892,5.573922225050181,-1.7007047530589982e-11
694.4325556604892,5.592855536179098,-1.2437269539178316e-12
694.9922904389912,5.600018504541655,-4.946993729105453e-11
695.9913953387725,5.6128184702228765,1.3054051191244775e-12
696.0042219898323,5.612982917553472,8.366765571113815e-14
696.9130915282029,5.624643025323458,1.1473806172731205e-13
697.0878451048261,5.626886725482162,3.6424379814313996e-11
697.616009145195,5.633671360824987,9.602921739202109e-11
699.7072868696536,5.6605857353297395,6.450756534653149e-11
700.2660760763534,5.667790892544295,-2.3371598923004408e-11
701.197391247079,5.679812267373798,-1.274555241923717e-10
701.5624350520982,5.684528595173093,-4.376187156531319e-11
702.5012321226194,5.696669029026108,4.8681011390694744e-11
703.2684823329566,5.706603091318357,7.05904466188994e-13
704.0472420100975,5.716697262760018,-9.138791709956865e-11
704.1519450933835,5.71805526110367,-7.339436703715289e-11
704.1775983429606,5.718388014392234,6.742743084858196e-11
704.5890525130925,5.723726722917355,8.885496359335499e-13
705.3457375410187,5.733553019040768,-8.204136946987938e-11
706.2093872923452,5.744781245816327,-3.454688204378521e-12
706.2264894501144,5.7450037280463295,-8.774081343212028e-12
707.1999383167741,5.757676220205905,-1.7395213832680618e-13
707.8604709517787,5.766285066228804,2.757082665645172e-11
708.0296315044619,5.768491060200642,2.194550579301528e-11
708.4022809500641,5.77335257780129,-2.2435570787301085e-12
708.6479048916852,5.7765583422456945,3.834848760883503e-11
709.5282839034654,5.788057752011619,-2.4460096559745626e-12
709.8890514277479,5.792774180143491,2.4515141793732378e-11
710.2996842693972,5.798145430854868,-4.5920347098355536e-12
710.9052547781384,5.806072216331792,-6.808228263711273e-13
711.4418440251216,5.813101696930769,-7.72905837365136e-11
712.547661439475,5.827604965644646,-5.643254569906813e-11
713.6863658075463,5.842563101051763,6.27488579687068e-12
714.0420366863641,5.847240124931069,2.0768167507175545e-11
714.6083061225929,5.854691299725143,-7.87005279958787e-11
715.6674640704932,5.868643933367185,-1.7425787998024292e-13
718.1472903764252,5.901392325935554,1.0896144590302313e-10
718.4774317849807,5.905760691909363,-1.0119296727538865e-10
718.914537708715,5.911547480098248,-9.751285571423206e-13
719.4508778183051,5.918652825404166,-1.176373384596941e-12
722.0587959050166,5.953277618551873,3.7305453838614146e-11
722.7444831129777,5.962402147347186,-4.4067644645219665e-12
723.6047986137235,5.973862727745159,9.184358968242256e-11
725.0218861609786,5.992769998467267,1.1127625438189396e-11
726.3428217591618,6.010427688247129,-2.8341996516393697e-11
726.3817499973622,6.010948551491085,-3.878417610471532e-12
726.4781496182163,6.012238507033354,7.357466701043038e-11
726.8941252769276,6.0178067793885806,4.567797292941323e-11
727.0622161995448,6.020057757681583,2.0993768200190912e-12
727.2963295251602,6.023193737805343,7.676050586138089e-13
727.5025279074767,6.025956629654063,1.317815489481047e-13
727.5109548808467,6.02606956095191,-4.722190110006797e-12
728.3799445554378,6.037722061378782,-5.9737793478853795e-12
729.449787959146,6.052086964347158,1.1054650864540108e-11
729.4668900244097,6.052316766836306,-1.9533769393499355e-12
730.9993669286968,6.07293071337749,8.190799040546476e-12
731.7537854913104,6.083094583071356,-1.1483339144403941e-12
732.7992920236023,6.0971974544937115,-7.012325287857945e-13
732.8373994534901,6.097711867177164,4.7080686668600404e-11
736.0284303493862,6.140882539982272,-9.406737498755298e-11
736.0506286522481,6.141183512323851,3.422096923532781e-13
736.7150602475608,6.150196309833127,-5.4481408606370274e-11
737.4591612887751,6.160299450617872,7.853674039321486e-12
740.1186995523472,6.196493093614139,-1.9457159029106225e-11
740.8288441321879,6.206179487662409,6.719760119237942e-12
741.4300109099678,6.214386681783932,-2.0233798380109396e-12
742.3610691516719,6.227110729374905,3.36490490142085e-14
743.5347907207691,6.243173821058884,7.00182850744196e-11
743.8004732351798,6.246813369698485,-1.2296028853073897e-11
744.2068274529958,6.252382476081102,2.4868094476545212e-11
744.5846941826924,6.257563889218243,-1.8502322235601783e-11
745.177433545559,6.265696994207675,6.03209517528694e-14
747.2041074592756,6.293554320188074,1.3024808719614417e-10
748.1775473864874,6.3069614830225404,4.642004447837989e-16
748.54686280787,6.312052622139225,-2.2323642126657745e-13
750.0485842628632,6.332780243870534,4.841512118057206e-11
750.1936553672381,6.334784798914191,8.071749262148184e-13
750.3448915885922,6.336874954689078,-4.6467344300364164e-11
751.2423644516915,6.349287120811622,-4.8252276694200676e-11
752.5463147351645,6.367347361097577,4.089761192792443e-12
752.5632926545392,6.367582718723604,8.820116920441166e-12
753.3507188133626,6.378504304283448,-1.9059337272351332e-11
753.7157583521151,6.383571270359395,-7.282993023738216e-12
754.6767426973176,6.396922041693879,2.963010822374149e-13
755.74752498403,6.411818252616621,-1.3466983792434963e-12
756.0819392145478,6.416474791513716,1.5520992335082985e-11
758.135082342078,6.445108858037186,-2.7444015274975666e-11
759.8698437625507,6.46936315084195,-4.249079143792577e-11
761.1619101529745,6.487463993379842,-2.6610640434039078e-12
761.4952551546686,6.492138887273265,-5.910513787468271e-11
763.764212773605,6.524013564339796,-2.4992081979642583e-11
763.8372205336304,6.525040763749457,-5.304398846611955e-11
764.5485546415507,6.535054180702652,-1.0657125876110114e-12
764.6702342226217,6.536767992038953,9.126432069293128e-11
765.643670768727,6.550488299749091,-7.44783736970274e-13
766.7614810783382,6.566265044318621,-8.671215921417708e-12
767.6853006227353,6.579321180059148,-1.3137775015511715e-11
768.0059428202989,6.583856419953689,-6.336293272431129e-12
769.0059764453692,6.598013298895955,-2.5999269996990764e-12
769.2249995029841,6.601116336725896,1.4513138162345614e-13
771.0843951379397,6.627495162008916,2.2887719460158786e-12
772.9586302369484,6.65414896262692,-1.3848683844938661e-12
773.4073647136577,6.660540089058038,-2.7773345137387418e-12
773.9999766541255,6.668986082322732,3.394363462975779e-11
774.0256295201058,6.669351836851641,-7.315908017538613e-11
774.2891726997707,6.673110096033854,-1.3950578166493565e-11
774.7928679585738,6.680296604837348,-3.0597530004350416e-13
774.8479529127532,6.681082816932314,5.054404242741491e-12
775.7792531394472,6.69438346456832,2.7563870391301625e-11
777.083073188406,6.713031208149738,-1.0527884471848042e-11
777.1496675526781,6.713984507310684,-4.331149487824622e-11
778.1115923899891,6.727763585763537,8.004335912872337e-11
778.759412793528,6.737052884567575,-1.4582034038782567e-11
779.0300656378851,6.740936149686663,2.980764539540943e-11
779.5624958417276,6.748579274707081,1.081651715291881e-11
779.7369981877773,6.751085421400079,-1.1337830275981492e-11
779.9275335521634,6.753822469760195,1.1978993178060228e-10
780.8082716159493,6.766482998395981,1.897505852297384e-12
781.6622878415623,6.7787730482623445,7.055963361207076e-11
782.027325413437,6.784030360831336,-2.58050308021867e-11
783.2296492464342,6.8013637218922565,-8.293343921711124e-12
783.694043710174,6.808065816608476,-1.905306774017321e-11
783.8380450151471,6.8101448360367165,-6.707406788767623e-13
784.5120901875412,6.8198814445482885,-1.8684736604213912e-13
785.4096812788144,6.832860175384459,1.1230181713868799e-12
786.0235452082323,6.841744894996845,1.671506171487229e-11
788.1907497599946,6.8731673010154815,-5.810332836441598e-12
789.189958960364,6.887684025333337,1.701997823155451e-11
789.2986875319164,6.8892647667233025,5.440522501465462e-13
789.6714547968855,6.894685866055207,1.0106109073739856e-10
790.0015914455673,6.899489131924154,-9.526023996876231e-11
790.6448868878199,6.908854414861835,7.310726351743319e-14
792.7288899012949,6.939246288208466,-2.3564279429198337e-11
793.9943509167357,6.957740065930434,-6.54681263228569e-14
795.4337409001835,6.9788115459524285,-1.3377091948792731e-11
795.9447922600133,6.986302096233532,2.8475119768571126e-11
796.2410970492332,6.990647279734489,3.0652490158246936e-11
796.3989932859954,6.992963421313618,2.1678157915932945e-14
796.6403373729513,6.996504526612103,-8.067771348829857e-12
796.7418318716143,6.997994018477046,4.5989348487471163e-11
798.002195816787,7.016506414632479,-7.60303088715548e-12
798.0274763897967,7.016878038462256,1.1177642637113379e-10
798.053129146514,7.017255145417845,-7.955359803227722e-11
800.042620886026,7.04653848588034,-2.0774546223606513e-12
800.9243006650315,7.059539251217281,6.1293106884875566e-12
802.0924169105244,7.076785704466154,6.894941469751366e-12
802.6850258601306,7.085544788583865,-2.1773991024890675e-11
803.2260047857532,7.09354640094787,4.057739153741284e-11
803.7644737516453,7.101516242032513,-3.7335485486909594e-11
803.996321827045,7.10494945393541,1.4434091898116079e-11
805.5594017491637,7.128121419869929,-5.841745312843262e-11
805.5807790195569,7.128438640380168,-1.7713623243070193e-12
806.8073096625603,7.146653409221029,-3.5466161875802775e-11
807.7479763620598,7.160641690954735,5.839299932914532e-12
807.7608027197028,7.160832539277607,-7.457443149927675e-14
810.6097716356161,7.203298540140075,2.0343238440243655e-11
811.8288192380677,7.221515026480512,2.3948712605948733e-11
812.4372120567875,7.230616609211193,-3.1910460005383354e-13
813.1283557640944,7.2409644212127695,-6.430161898211251e-11
813.3261239575428,7.24392702817725,1.7915643863091277e-12
815.9339951338163,7.283060848018664,-6.2515823197924255e-12
816.0112776742457,7.284222464219464,4.3758095279901317e-13
816.6196700873334,7.293370913701368,-2.987861525915089e-13
816.8143556471632,7.296299857365138,2.4489509294735282e-11
816.8229065398139,7.296428517133485,1.5188484256121738e-11
817.2767338277812,7.303258896417205,1.4490623872875556e-12
818.8546504024664,7.32703703716839,-8.145032963521815e-13
819.4951083773689,7.336701393612353,-9.788370085712126e-14
819.8959886652514,7.342754425389819,-2.2391132317134146e-11
821.785296263397,7.371321594023936,-2.8167757123172104e-11
822.4273954242171,7.381045388670515,-6.333945338017142e-11
824.6297352926159,7.414454789302193,-7.069160382613219e-11
824.6710486612516,7.415082365051994,5.0844048404974877e-14
825.4331843703359,7.426665320047812,-3.070823707592834e-11
826.712409790746,7.446131067187933,-7.170175588336901e-11
826.9791572158546,7.450193913812088,-2.9426707745277435e-11
827.2882868421152,7.45490392600912,-3.7103879990143565e-11
827.6776573125093,7.460839022078844,4.4516713948215595e-12
827.9318265029401,7.464714778642241,4.12181623537418e-12
828.1643703681501,7.4682618189738825,2.115659966009252e-11
830.7922957545403,7.508415350915797,2.739846308580129e-11
831.1954371282662,7.514586426493953,1.176749295766307e-11
831.6019091157073,7.520811516336931,-1.012830841462167e-12
833.5691923545322,7.55098333139976,8.987321438183999e-12
834.4508674696534,7.5645285348462785,9.189154687617797e-12
834.6019774141604,7.566851479237966,-1.8367210376160162e-14
835.3048762075782,7.577662351228668,1.1044895618044174e-10
835.9989759393613,7.588346820903892,5.4729284904353864e-11
837.7259842445602,7.6149696496737995,-1.0152113009606917e-12
840.9315473261054,7.664530883665801,-1.0585156618300305e-12
841.3424182221535,7.67089704709108,1.875256370394755e-12
842.1369422620153,7.683216474376033,1.802809813024274e-11
843.1202340966344,7.698478925913383,-3.927702022008159e-12
843.9233087911437,7.710957297472616,-7.373398952144526e-11
844.0812038516377,7.71341210715355,4.806610312396505e-13
845.1341715546843,7.729794440412748,5.381565111081129e-11
845.549069510113,7.736255135164578,3.1710840867453006e-11
845.7182257190295,7.738890106372795,1.589628384369544e-11
847.1997380523738,7.7619903661935155,-6.662827380366557e-11
847.5394914245672,7.767293619098593,2.0220644901760308e-12
847.9797936764711,7.774169515436071,-3.3724653124349942e-12
848.6064778057273,7.78396216751484,1.582154121780916e-11
848.7713585154908,7.786539818155601,1.2844407311750606e-10
849.6349851977361,7.800049444428517,-8.271477369326352e-12
850.8911874974112,7.81972461855862,-1.501988151491038e-12
851.1122212888984,7.8231895510617395,4.0630648553786575e-11
852.6946535095328,7.848022092194697,7.128598284893778e-12
852.9366921822354,7.85182438547019,2.225512782336308e-11
853.2534266944178,7.8568017390172535,-2.582747204214558e-12
854.1847152398246,7.871447263193435,-1.4084846324207487e-11
855.4885190023081,7.89197783393109,5.37963741916627e-12
855.5560573321247,7.893042190930711,-5.500211328176466e-11
856.1657631748812,7.902654533142043,-1.163879546691183e-10
856.2430452570201,7.903873415938882,-1.5259375641168988e-11
856.9329915627417,7.914760033447578,1.0571759034997784e-12
857.1391852564209,7.91801525208929,1.8831300710581902e-13
857.1648377823557,7.918420288121235,7.451264483973557e-12
859.2136713256768,7.950809130338019,-9.69605267629974e-13
859.3246604930924,7.95256590272697,-1.2165088094589903e-11
859.8485331404175,7.960860991425422,-9.590942914007771e-11
861.6350193248353,7.989186532838742,4.2378100206815216e-12
862.4982723006461,8.00289486445896,-1.0679246853696951e-12
864.2521196085519,8.030787979867688,-2.185567983569202e-11
864.4288814212038,8.033602335563849,-8.541216934892407e-12
864.958794654119,8.042042925555934,-3.485690903737138e-12
865.791670780756,8.055319638053035,-1.3169218733713435e-11
867.1378544730169,8.076805901995517,8.00745506353626e-12
867.1549561340211,8.077079074130689,-2.2466917328283713e-12
867.595257207218,8.084114046136923,-8.697025096859033e-12
868.3230608930963,8.095750461545753,4.1782230467898124e-11
868.4470002290687,8.09773302533214,2.664257751271407e-11
868.585655393649,8.099951322444193,-7.219822560862601e-12
868.6543865182099,8.101051059757818,-1.1879495134005343e-14
870.1572712872882,8.125119830287524,-4.503182515215485e-13
870.8216878908466,8.135773756368783,-4.475607041717536e-11
870.9360075067714,8.137607692364464,7.393057068499439e-12
871.1341462289046,8.1407868398647,1.204109094897699e-11
872.3445082639523,8.160222871960402,1.9822097782812643e-11
872.6336998930273,8.164870714488869,1.7204420630649037e-11
874.9353797845556,8.201917877438056,-4.994431356126748e-11
875.0455479886534,8.203693559737063,4.1225430387572306e-12
875.4856004901877,8.21078852081072,-4.1931608194288623e-11
875.8844639550477,8.217222473451292,4.274033053283487e-11
875.9015655966064,8.2174984006667,-1.7496210683851307e-12
878.0814430482619,8.252713842450587,-6.620962365098549e-12
878.5166473572699,8.259754954783302,7.728779498947484e-12
879.3294619482028,8.27291471642703,-3.132010374857477e-12
880.0488377761154,8.284571822595444,-5.3865085194246825e-15
881.387785147416,8.306294142673197,7.669981192256418e-12
883.754042123875,8.344763700425034,-1.6855812595848384e-13
883.9858875318088,8.348538488290776,9.051465349655501e-13
886.6525959826968,8.392027658005878,1.3212602875779373e-12
887.6314825239303,8.408024387203668,5.954094851372318e-11
887.6429917658381,8.408212573461874,3.1771052930886703e-13
888.9299363600611,8.429270643700987,-3.49515744894692e-11
889.0148241295585,8.430660721367609,-1.0395167888104243e-11
889.3584788563129,8.436289587650473,1.975207233528777e-12
889.701436896772,8.44190921145865,-3.714097509596133e-12
889.8188387329728,8.44383342607911,-4.3366211906886785e-11
890.2508358539536,8.450916039435803,1.0144512843381706e-11
890.3947108295974,8.453275639618028,7.737898449860468e-11
890.5143744167799,8.45523845497458,1.3519789750957258e-12
892.8509490410722,8.49361763163253,5.262760740876595e-11
893.095248215163,8.49763615085523,4.3951698684872226e-11
893.4731059799053,8.50385376358581,-7.579857276217893e-11
894.4162711008022,8.519384929379992,-2.2359894555519123e-13
894.4763271416409,8.520374431309333,3.269353814785444e-11
895.7876060986717,8.541996031592177,3.17662343561964e-11
897.7233032307264,8.573971514294911,-3.040614001105104e-13
897.8617097689053,8.576260474583478,-2.2244158643689643e-11
900.0134667578321,8.611891509630075,6.6410192621464626e-12
900.1902277776604,8.614822293733527,1.4393404375253283e-11
901.0291411510946,8.628739735285729,-1.2715364026618315e-11
902.3575206745852,8.650803860107274,1.049681582677819e-10
903.330937065781,8.666992753269852,1.1922412937866826e-13
903.5986265539527,8.671447758527373,7.42997687894366e-12
905.0920092599886,8.696325507876214,-9.28725425152172e-13
906.2265256846271,8.71525248681586,8.191096649133449e-12
906.336693468583,8.717091663516971,-2.1062009174469324e-12
907.1884324231697,8.731318415725053,-5.983773805262797e-11
909.8850612422142,8.776448832559879,-2.3885885019157206e-11
910.1728105244014,8.78127247520756,-8.795280041090149e-12
911.0944727795546,8.796732890953212,-2.0117618703760315e-12
911.1209458622467,8.79717719463627,-1.8709062759589516e-12
912.0650538246846,8.813030810015093,-5.972326116668163e-13
912.8556674619172,8.826319555502206,-4.695551862776274e-12
913.1601460339936,8.831440345294842,-3.565315004444821e-13
914.1306027928641,8.84777310319542,2.077765913933077e-12
914.2184487355472,8.849252404017125,2.4573961408035192e-11
914.8367009120877,8.859667616499921,-4.9814917287725485e-11
916.3826556576173,8.88574192664992,2.1681429353963635e-12
916.462074858087,8.8870826120065,1.1189638312569896e-13
918.2398737956202,8.917124266330195,-1.3075746967506172e-11
918.5034114999393,8.921582541799955,1.0765972711498362e-10
919.7471490294636,8.94264015414428,-9.582341200481893e-13
920.1291569594845,8.949113617367347,-6.857839886590678e-12
922.4308238221201,8.98817429556522,2.5369890386731406e-11
923.7513460205653,9.010628410358176,7.359109871321323e-11
923.9038952714853,9.013224422370877,2.9914400102285936e-12
926.5462560187584,9.058258905177352,1.426904918203876e-11
926.7792931799415,9.062236793386669,1.0643783751694788e-12
926.9854851218951,9.065757274309089,-8.709114392208423e-14
927.0111374299834,9.066195311581382,-8.084620993548438e-12
927.1178503013995,9.068017664261431,-4.561809281882874e-11
927.68837570267,9.07776417599911,-1.0956392710845909e-10
927.8671498038863,9.080819478658041,-4.227751955772664e-11
929.488246042084,9.108551369995983,-2.458084105472263e-11
930.7457530198112,9.130096725338968,2.5170246895469046e-11
932.9129144525833,9.167295901071505,8.16627672225326e-12
933.6314650922213,9.179648870899323,2.0625922329278018e-11
934.6476319126324,9.197134547634832,7.797359063113968e-12
934.9238712333513,9.201891220202267,-3.5920742181656765e-11
935.4826388629264,9.211517155189128,1.3014367054351734e-11
936.4139181726523,9.227573159639148,7.097301424060139e-11
937.5090074798802,9.246473818468228,3.498413851415879e-11
937.7177090536348,9.25007840276018,-2.710779069042631e-11
938.990503257715,9.272078805113082,2.5849908497916496e-11
939.0076047746935,9.272374610082922,3.6487754946449845e-12
939.0497382722867,9.273103416253303,1.1795249675915025e-12
939.2751691522346,9.277003373119925,-6.181407353858919e-13
939.3940113543304,9.27905972144323,-3.754663941893148e-11
939.6646581964136,9.283743744070224,-4.7989316563897056e-11
940.9125442263763,9.305358073673355,4.6670205630534643e-11
941.4428248814395,9.31455162026246,4.885803863098263e-12
941.7348485563706,9.319616685444368,4.858730133809073e-13
941.8660206265422,9.321892337893875,5.542690158253595e-13
942.6566317203002,9.335615049809109,1.1167988950548953e-11
942.902943168313,9.339892653403517,-6.10066014445798e-11
943.0882541085563,9.343111619488706,6.685280221155109e-12
943.756940481985,9.354732376582952,1.467346447635593e-11
943.8641494010409,9.35659627147516,-2.1354160852432084e-11
945.9339666917183,9.392622856933365,7.736974446480513e-12
946.6579846399522,9.405243515021786,4.303885778563484e-11
947.419736562035,9.418532353861062,3.455899869669345e-11
949.8243302873002,9.460550858525911,4.382396424899723e-11
950.0134202365741,9.463859583263107,5.7407654188829903e-11
951.0124838488156,9.481352283592862,-2.867907929556856e-13
951.0381360928255,9.481801673291837,-8.791249149551568e-12
952.4358114963552,9.506305219421604,-4.7206761020745944e-11
953.0964427274552,9.517899694336336,-1.6714371629453703e-12
953.3631859962896,9.52258347729428,-6.067457196637226e-11
954.5092057073339,9.542721512274301,1.7469065958908103e-11
955.0773436909078,9.552713890228363,4.700388375537847e-13
955.7503046301588,9.564557580835023,-1.917525840513147e-11
955.9568681318277,9.568194642268924,-1.0975304421099726e-10
956.5409146192985,9.578482478369594,-5.899838080185561e-13
957.274551386145,9.59141421431676,-2.077332541948741e-11
957.3252355486986,9.592307984704087,-8.58731494958837e-13
958.9284046824961,9.620602875075086,1.762258964471231e-11
959.7921442700747,9.635866940953777,-3.9192657370898106e-12
961.558426044213,9.667123580266383,1.5782069598831273e-11
962.6450859031854,9.68638198491167,-6.71860081946719e-12
963.3191151880508,9.698338446043286,3.505534489630947e-11
964.1350046302109,9.712822530296128,-7.690412654142495e-12
964.3732610506783,9.717054492666078,-5.438384600835798e-12
964.7921804628386,9.724497966036285,6.936708175228268e-13
964.8305347182915,9.725179616350804,-2.19386638876388e-12
965.3117714389525,9.733734690315858,9.201350607348866e-13
966.2148095281971,9.749799753499326,-4.560994893948746e-12
967.6749242353872,9.775806999366026,-6.417421151198824e-11
968.0940916327794,9.783280373255353,1.2173382564577485e-13
968.4783594137285,9.790134362236746,3.151237254900058e-11
968.9186554948624,9.797991043348848,-6.908443655783342e-13
969.6464509448099,9.810985717908935,-4.854469230118047e-11
971.2437013685072,9.839538580054882,5.238079983648205e-11
973.1569373829486,9.873801942667821,-9.090258296178423e-14
973.2786135365968,9.875983271706328,1.8342242142799407e-11
975.4119350626797,9.91427234668405,1.625131911101622e-13
976.6451010707042,9.93644357365553,1.1267051734186488e-12
976.647935417846,9.936494564959967,-1.1403165569165878e-10
976.9371237425801,9.941697983506831,-2.2700550635234926e-11
977.6142345832744,9.953887389253975,-4.819149166778564e-12
978.4176690157024,9.968361838714092,-3.393476819054442e-12
978.697810334134,9.973411581997086,-3.682549393586243e-11
979.8228226420574,9.99370527587746,1.3058598772341497e-11
980.720267187893,10.009910673607893,-7.692041169094751e-11
982.3848052282677,10.040006962706194,3.8088759340616196e-11
982.4190081180071,10.040625915706865,-7.252771213478565e-11
982.5743908235088,10.043438072004891,-5.122012032740567e-12
982.8200046575299,10.047884161678628,6.189607945637575e-11
983.1850327900057,10.054493936171847,1.751711891147422e-11
987.3460281611649,10.130012930448821,1.1543707019714957e-10
988.2891840893774,10.147174852969721,1.220538108887017e-11
988.5654219738539,10.152204455297646,1.0613048699947083e-11
989.1409159615197,10.162687278858863,3.805977428728211e-11
989.36112561619,10.166700088318755,-2.8154807832750703e-13
989.4162090437699,10.167703995506644,1.0773034712376402e-11
989.6519550538325,10.172001148178564,8.630095242280521e-12
990.6816391038465,10.190782118239937,-2.294892851640648e-12
990.9728406824261,10.196097045661388,8.816821473008201e-11
991.9462482994413,10.213874739144215,-1.8277093544713863e-12
992.8193566820069,10.229835480616618,1.9091983232767823e-11
995.084342084481,10.271305709199753,2.3660662676014076e-11
995.9084076903687,10.286417194286747,-3.7869192798349006e-11
997.5341407939957,10.316266116401042,-1.1031015143388699e-10
998.5331999833179,10.334633279719077,3.5042671065603136e-12
1000.1838404952356,10.365019696828645,1.7095121093456022e-13
1000.5235881168112,10.37128029297862,1.378468673971917e-13
1001.9757678815126,10.39806386186823,4.828495047141014e-12
1002.2677898960706,10.403454519735604,2.3694418895411435e-11
1002.3692818614667,10.405328405449524,3.914729781140323e-11
1002.8761690696637,10.414690101816634,3.880292072489455e-12
1002.8845957184916,10.414845773530661,-4.4274234297817155e-12
1003.4771904016071,10.425796493619487,-9.539071088820698e-12
1003.6548943657939,10.429081594793663,-2.665853937691044e-11
1005.3322551082998,10.460118564565498,7.314827203004832e-11
1005.9377997836154,10.471335965873703,-4.0493089921212175e-14
1009.0395493099015,10.528900179083488,-1.6135168445610104e-11
1009.1497159777856,10.53094798024865,-1.2861664759473933e-11
1009.239698784529,10.532620765441271,4.073800115241648e-11
1009.3917505553402,10.535447754954399,8.90446270233927e-12
1010.5602100126123,10.557186294769295,1.917187339512215e-11
1011.7453985830244,10.5792617628497,-6.541367493210542e-11
1012.6207672209775,10.595583099888222,-5.744336153193379e-11
1015.491865605226,10.649214091262213,-1.0092947339679388e-11
1015.5413566074527,10.650139895055828,-2.8551206215306453e-11
1016.8761342036001,10.675125939740202,-3.9290492336486366e-11
1016.9435473151983,10.676388733709489,-1.790220839376224e-12
1018.3362423871032,10.702495665767609,-2.1424803934867326e-11
1018.9531714411601,10.714071802083273,-4.272853278522749e-13
1020.1387313678573,10.736337483528073,-2.482746232470214e-13
1020.9769382326888,10.75209524456318,-4.139585530442385e-11
1021.5357014250048,10.762606829954544,1.4998043245228554e-11
1021.9260082556111,10.76995278618107,-3.93423956959529e-11
1022.4669733562118,10.780138918412069,8.179086211035523e-11
1022.5428130723205,10.781567377378092,7.522140750783574e-11
1022.8869594665817,10.788050787232612,1.2180080109570184e-12
1023.5504208699454,10.800555963078308,1.3668294517325583e-14
1023.7707539426495,10.804710679143607,-3.123961255280202e-11
1023.8054052582136,10.80536416391572,-3.0510772313106013e-12
1024.8850735417682,10.82573657226949,-5.627490795649901e-11
1025.3282017975941,10.834104234955795,-5.085838160848298e-14
1025.4213909944972,10.835864401990515,4.539285400798453e-11
1025.4470430678327,10.836348949040168,-4.326956817818478e-11
1027.4787392036515,10.874764554605179,1.1341540490677206e-11
1027.4958405830816,10.875088232675914,5.63050677940724e-12
1027.5040190989478,10.87524302947539,-3.141209930727462e-11
1028.079883378054,10.886145653307539,8.899721936438766e-11
1029.0884355090582,10.905254912838124,-3.77787682186775e-12
1029.9171463083208,10.920970702308129,-2.4608997895477238e-11
1031.0342996979718,10.942176579792202,4.151257799371362e-11
1031.5002454652085,10.951027986210141,8.540817581765752e-13
1032.3391482338625,10.966974406471744,1.7100737926639035e-11
1032.3519742635272,10.967218312767484,-8.368280321741516e-11
1032.7109600330405,10.974046197877268,4.959890775558791e-11
1033.2665161974587,10.984617518216767,4.4298628562014666e-11
1035.8772815174098,11.03437222700691,5.0503675625714547e-11
1036.5172278613682,11.04658717649192,-6.88100618860086e-11
1036.7711431539262,11.051435864607654,-1.3865995167495813e-11
1039.4161104935297,11.102013965003799,-6.99226682040564e-11
1040.20860429043,11.117193431978597,-2.0355687818537134e-13
1041.8032112555222,11.147771674906524,-2.2272477942477553e-11
1041.855211998239,11.148769631731602,-2.999316824021047e-11
1042.0204615668085,11.15194130045279,1.9748961947500638e-11
1043.0574989777983,11.171856854898142,-6.81489269851021e-12
1043.234257599696,11.17525335263077,1.1210355878604e-12
1043.3274466668154,11.177044254857805,-2.3939619012251685e-11
1043.577907206875,11.181858384106636,3.5560013252324153e-12
1043.9114887455166,11.188271985509523,9.420957981808672e-12
1044.2255831332593,11.194312791114424,7.088030761694206e-11
1044.5971464772563,11.20146121220446,4.2733558061063865e-12
1046.2904101893082,11.234069722542136,-3.653125504926431e-11
1046.3325432869187,11.23488178616104,6.653670009507743e-13
1047.4596869525408,11.256618232261856,2.228755968963239e-12
1047.6112897174953,11.259543607241957,1.818758757299251e-11
1048.3306537315782,11.273430453817735,-1.2984158921716102e-12
1049.5496693024566,11.296984506527872,1.7585395947754448e-11
1050.845020543882,11.32204352967781,5.707267095318303e-14
1051.1469090458975,11.327888109531475,3.481125222495502e-12
1051.9033098952275,11.342539449008038,1.7800001408634706e-11
1052.26763930221,11.349600200512423,-5.256185169593048e-12
1054.516209201831,11.393231892317425,-4.816654232633482e-12
1055.3407671207456,11.409255114809035,1.1599664942032121e-11
1057.296495055701,11.447309880708515,6.036470987370373e-11
1057.399055414222,11.4493074555602,-1.3385693218123841e-11
1057.902733922281,11.459120447377906,-9.784647661196834e-13
1058.7861538623201,11.476343094666756,-1.6193350555997872e-12
1059.7184919764024,11.494535014743843,-2.662919652250364e-11
1060.1155828432254,11.502287973027835,2.9179053655025366e-11
1060.6458580328708,11.512645803689875,1.7099529910822205e-11
1061.6615173463092,11.532499072304633,2.0471145138023926e-11
1062.1568931470638,11.542189163149397,2.2721968184806342e-11
1062.6978565925692,11.552776161552693,1.2984379374750013e-12
1064.5229854036756,11.588534866377117,5.408888497798432e-13
1065.4745621305713,11.607202900893197,-8.164009189810684e-11
1066.0163461658378,11.617839073292808,2.1526190676390575e-12
1067.8197733985446,11.653282472447145,-5.5048683185887295e-12
1068.4375208550796,11.665437059392355,4.424087656383818e-11
1068.471723509095,11.666110224450563,-8.358239194501932e-11
1070.4873806119942,11.705819760635672,5.529292105381348e-11
1070.5173079299464,11.706409908848196,-6.150217590206508e-11
1070.5847207675033,11.707739308776288,8.313281887314195e-13
1071.4864341222801,11.725529395896727,7.33927572991916e-12
1071.6123846388537,11.728015491525742,2.8738885391661327e-11
1072.1131042536028,11.737901920625392,2.3855746311273986e-11
1074.0843661072245,11.776868266088691,-2.5954830330810042e-14
1074.618095385096,11.787430918490875,1.2230687748157233e-11
1075.9693480688243,11.814196048379925,1.7906323604578157e-13
1076.6750639121706,11.82818798546343,1.8724199349295992e-11
1076.6921652293634,11.828527160079297,4.196617045588493e-12
1076.7342982347827,11.829362817290113,-1.8881512586787709e-13
1076.9289784605894,11.833224488764097,-2.7383898546599822e-11
1077.0529153224797,11.835683260566256,4.9383479939511294e-11
1080.671275825053,11.907592292930472,-1.2107507725935206e-11
1080.7612581452952,11.909383618609773,-1.7657783448291273e-11
1081.1369717858147,11.916864760445522,2.7267010402331537e-11
1082.8310517885764,11.950629269165852,8.003789106184433e-14
1085.0311949263744,11.994558975340325,8.204691828221648e-11
1086.9104591501386,12.032152381811638,7.831411984918955e-11
1087.1782683322742,12.037515018900145,-2.2972466703308055e-11
1087.1996449635064,12.03794312357795,1.2422733521619385e-11
1087.4702884628664,12.043363964092949,1.0387593153271956e-12
1087.8080202282642,12.050130438124178,-9.395905303725959e-12
1088.0283522638194,12.054545934769545,5.564450745551968e-12
1091.3777080947925,12.121777794261105,6.480910312893483e-11
1092.6472795336388,12.14731600265711,-2.6158410642520573e-11
1093.6412354990996,12.167330758563859,-1.2623167632157926e-10
1093.8952738148294,12.17244911132752,5.157348889367248e-12
1094.4084464741195,12.182792117617202,-1.2586493298980824e-13
1095.2665844171688,12.200098745311124,-2.0993218869674428e-11
1095.2922363609027,12.200616293601124,4.694724536109079e-11
1095.4442871623182,12.203684287858218,1.0342706344746904e-11
1095.88564766665,12.212592220383216,-4.158877077849436e-12
1097.1216364287607,12.237557145993051,-1.0983090974188318e-10
1097.963989872325,12.254587414746455,-1.2945401610933175e-12
1099.9620931253967,12.295036312344257,-1.4125629438320055e-12
1101.8192822326525,12.332698539770714,-5.5704882441905125e-12
1102.2086420315245,12.340602484260534,1.2552246805826265e-12
1102.3666572036343,12.343810964771832,1.2510394175688004e-12
1102.658677043431,12.349741605585248,-1.9246579212270453e-11
1102.9286236099663,12.355225356761602,-4.5279096313681525e-11
1102.996036300968,12.356595001771321,-1.4729247765185757e-13
1103.8776880351081,12.374515506195527,2.5023620014069764e-11
1104.6807425036761,12.390850898797941,1.0681987346745493e-12
1104.9603085081687,12.39654049924865,6.254946318021359e-11
1107.491766805689,12.448125130389942,1.9304390977845598e-12
1109.972168972695,12.498783866162574,-5.40813668721219e-13
1110.85394437381,12.516820197900621,-7.0920151734127324e-12
1110.9375135368753,12.518530311755438,-6.485223504231491e-11
1110.9627932831895,12.519047648064625,2.1096177180986847e-11
1111.4127039878365,12.52825679593669,2.5694927004980493e-12
1112.34396996774,12.547330572135388,1.4012562330746789e-11
1113.0674820599597,12.56216025257388,7.600042919857274e-11
1113.2200289174173,12.56528820540541,4.05412435341707e-13
1113.6477422485368,12.574060695704564,-5.35202815284518e-12
1113.7281049078142,12.575709326794726,-4.30365985216546e-12
1115.324020739708,12.608474003535237,-7.413021915277281e-12
1115.4072177079224,12.610183351304308,-1.4963296829243296e-11
1115.5945396914801,12.614032496913389,-5.023635709202145e-11
1117.3728053256466,12.650605000201558,9.646286916441195e-13
1118.4902000243233,12.673615575497811,-2.0373796611842624e-12
1119.2932537576205,12.690167113053572,-6.91304700785523e-11
1119.31890566228,12.69069601377026,5.105053585072569e-11
1119.7940958662323,12.700495857960826,-4.2160580237175415e-12
1120.657328461103,12.718308938967317,-4.374809094159364e-12
1121.1440276334974,12.728358183525089,4.998026371905557e-12
1121.4607542592014,12.734900220552536,3.482307633295257e-12
1122.5878921975193,12.758196416753483,8.497373682901515e-12
1122.8235118387174,12.763069267332133,-1.61056068023201e-11
1123.2437431133176,12.771762610164856,3.1265378384775056e-11
1124.1283521076848,12.79007318653147,-2.5676446031867155e-11
1125.2619028373224,12.813557693666427,-4.738566264403739e-11
1125.2968020220844,12.81428109833613,1.2605150486072971e-11
1125.4620506554645,12.817706744665722,-5.648819755096138e-12
1125.7157162905949,12.822966276728305,5.049777052568917e-14
1125.7541941325342,12.823764184203112,8.652379105962729e-12
1127.3359659013902,12.856588680542194,6.2511305586256845e-12
1128.0727995033815,12.871894985676839,2.2759051587693736e-11
1128.6568382465205,12.884034375847856,1.0140583537083994e-10
1129.2930014621797,12.897264335616455,-1.1979273697135072e-11
1129.6302361063988,12.90428065478313,2.9257381704558634e-13
1130.705373058503,12.926663350754033,-2.398328181324961e-13
1132.4040952110245,12.962071529743394,9.060157030851479e-13
1132.5087927203595,12.964255584555122,5.544771480187453e-12
1132.8049632742297,12.970434979023713,-5.166009241968268e-11
1133.2043139562288,12.978769713983386,-4.101376758234394e-12
1134.6942134679755,13.00989090984931,-6.310269142218705e-12
1135.8022356610331,13.03306191993324,6.839884623460905e-12
1137.1991945756404,13.062307418029079,4.011708703710238e-12
1137.488131364409,13.06836082997693,3.115928324777958e-12
1137.5684939080559,13.070044750403884,-5.84498743325864e-11
1139.329159718297,13.106967677304452,5.928702484258786e-11
1142.1444534175607,13.166125861953258,-9.004983932979992e-13
1143.6923933403182,13.198715160315976,3.9173482220879595e-11
1144.0912475408534,13.207119523282616,9.598540692267006e-12
1144.2764315481697,13.21102258090536,-1.2220104338517775e-10
1145.8014773570121,13.243189452578175,1.3015142019408553e-12
1145.9359779026463,13.246028447325076,-1.6691540130186703e-13
1146.698090394417,13.262121169064033,1.9705786252487456e-11
1146.7233700866213,13.262655156862925,-1.8557691568982902e-11
1146.8978657898767,13.266341384224617,-2.2838763150290745e-11
1147.088393905466,13.270366937368486,-5.501983057914649e-11
1147.1732798288645,13.272160655951682,1.0341780633219013e-11
1150.01323166384,13.332247986741654,4.081747506811887e-11
1150.0474341414617,13.332972543711437,2.773862220564926e-11
1150.5162105211505,13.342905434333142,-1.2189915837381462e-11
1150.575196456782,13.344155572525263,6.282516576709176e-13
1151.2707169663213,13.358901152856555,-9.075609402448025e-13
1151.5075290960365,13.363923789278939,3.99832108192056e-11
1151.9606451982077,13.373536976313112,-9.105300347653336e-13
1152.5746102951248,13.38656872569466,2.2245046187739105e-13
1153.2251159257264,13.400383644073301,-2.0680774305519364e-11
1153.8399016924438,13.413447137116155,-2.4421662028506705e-12
1155.4178918032694,13.447009488132114,-1.5860232163545326e-13
1156.5694864765383,13.471531764701911,-7.087611815736629e-11
1156.6368989515113,13.47296801567044,6.839835057949464e-14
1158.3484444981,13.509461252587798,-1.431946581845305e-11
1159.574561065519,13.535637443329787,-1.958646917321296e-12
1161.301642508085,13.57255563951887,9.870568376880862e-12
1162.8988708468873,13.606746991973734,6.100880438754236e-11
1164.4947821058702,13.640957085719851,2.0953800275540537e-12
1165.162388532154,13.655281873742394,1.3044337768988717e-11
1165.6026783738907,13.664733637236477,-6.347820743477283e-12
1165.963302446396,13.672477864753562,-1.1776449432507581e-10
1166.813382341778,13.690742398546053,-2.0349112318938527e-11
1166.9825337180412,13.694378316639135,-5.218559864891822e-11
1168.2197101406473,13.720987516419502,2.7298864090443924e-11
1168.4640038333418,13.726245120344323,4.120737840855971e-11
1169.252463859374,13.743221582756608,-3.1668539791380864e-12
1170.9244616579151,13.779259532403255,-7.520779087444007e-11
1171.013622774229,13.781182741862702,4.671424551345126e-12
1171.3180951815102,13.787751329828103,-1.4605418824875224e-12
1171.8896787511596,13.800087098479692,-6.941532277775684e-13
1172.9604137783554,13.823211620961224,7.838855937075417e-11
1173.5181025592653,13.83526431605855,3.408563036627477e-11
1176.1228035316683,13.891632630259291,-2.5987474364735104e-11
1177.4297775142531,13.919963931882947,7.468701943827553e-11
1177.9049661480935,13.930272405471399,9.533096852004675e-13
1178.6993425054047,13.947514445831922,-3.03834110146695e-11
1178.6994665621376,13.947517139406965,3.5104693537581086e-12
1179.2548934655676,13.959579657750554,-1.1385248698640956e-11
1179.2591687684612,13.959672528946625,-1.5596748655740874e-12
1179.4867332764945,13.964616334342649,-1.613281731259602e-11
1181.0616387779132,13.998857069810631,9.834693202054865e-12
1182.3365476552517,14.026608905987453,4.666186475610009e-13
1183.973893341388,14.062294076801924,-4.2015942620628144e-11
1184.016026076268,14.063212991461272,-1.0650946984029834e-13
1185.1688118629197,14.088367928684127,8.043067238603329e-12
1185.5411926407314,14.096498880121263,-4.562257111224005e-12
1188.4015703202745,14.159040525706336,-2.6287441722704796e-11
1188.4186715237306,14.159414893682241,1.4417167324221403e-12
1188.8162078172652,14.16811900743154,5.463267785479268e-13
1189.7192317199413,14.18790166131976,-9.727325844410698e-12
1190.1707818415698,14.19779945804402,8.061011558658917e-11
1191.7890120738812,14.233301261647618,3.24686169059139e-11
1192.191195769027,14.242132117291401,5.258700928007279e-13
1192.8051595461138,14.255618831322217,-7.757275404665867e-12
1192.969911335478,14.259239054266109,-2.7531150766683588e-11
1193.608085891889,14.273266894067769,-1.2259268951443042e-11
1195.3235312179934,14.311011620263642,4.261723528238271e-11
1196.8930913160377,14.345593940906108,1.0410677811896728e-12
1197.2071827374596,14.35251980701252,4.831945579595989e-12
1199.7800639068332,14.409321480596697,-4.9596006318552225e-12
1200.8140088184307,14.432182300890137,-1.111056839778612e-11
1202.2020400678246,14.462903035392971,-2.1864973076964475e-11
1202.3535173444948,14.46625776857625,-2.564329566185611e-12
1203.132232514524,14.483510469890764,5.004575743030555e-11
1203.1578843006837,14.484078984040373,-9.389717456687599e-11
1203.2351641439188,14.485791791228076,-2.1930003459043006e-11
1203.6881549531934,14.495833955589926,-1.7547056950624685e-11
1204.5549622102128,14.51506038095436,-3.0199607432876244e-11
1205.113718913157,14.52746135387533,1.0941554306128562e-11
1206.0449800506285,14.548142421548867,5.966905688901465e-11
1206.120818888933,14.549827323011929,3.204532912843173e-11
1207.1959513948862,14.573724797329572,5.80528137048568e-12
1207.3487455716383,14.577122753182824,-2.2790296912942236e-11
1207.3832724309746,14.577890647928843,7.542873296740504e-11
1208.869014768512,14.610955109678684,-1.671623344212251e-11
1209.0250154051334,14.614429185668202,-3.1566530399897844e-11
1209.195359295354,14.618223192575513,8.746040772298601e-12
1210.1930877668735,14.640455966307485,1.1474117352391247e-10
1211.0737894603217,14.660096223579174,4.107633678391487e-12
1211.2056556695638,14.66303816110281,3.810740388817485e-12
1211.5139542081574,14.669917556962263,-6.509779855660156e-12
1211.7676186630854,14.675579156866783,4.154745880979284e-15
1212.8651961760024,14.700089921479641,1.8523697242122055e-15
1213.0970355949898,14.705270127056595,3.224442912540493e-12
1213.4950676270864,14.714166039173021,-1.795304290367497e-11
1214.6980387529766,14.741069868871797,-9.287299069007966e-13
1216.2888497764882,14.776688472390195,3.618396539121145e-11
1217.949210588444,14.813914029249112,3.899107509777777e-12
1218.0295727906973,14.815717051187747,-3.446558964533456e-11
1218.4303149737223,14.824709956186187,8.021366179659996e-13
1219.1246401575818,14.84029805009861,1.375718113774137e-11
1219.4123828181341,14.846760680042898,-2.2484628505679544e-11
1219.455135761344,14.84772103085428,3.684401310440201e-11
1220.0950749670865,14.862099881051778,4.4829907971172317e-11
1220.3489874307659,14.867807152870109,4.287131237895882e-11
1221.3016243541529,14.889230464689344,4.013280002903458e-12
1222.7143612229788,14.921031481139684,9.436497394047007e-11
1222.993925416885,14.927328889872012,-5.1010762536600303e-11
1223.4687408035431,14.938027788110048,3.769339413572705e-12
1223.6203419812869,14.941444654797998,-6.735843334158054e-11
1226.3800445029858,15.003718273519686,-8.444303798302751e-12
1226.9052185614828,15.015584892433266,-1.746469186290459e-11
1227.0755623066514,15.019435001464842,6.872904222072746e-13
1229.6734712450493,15.07821917247889,4.637483421058138e-13
1231.1890149974415,15.112569549211074,1.3268402817753905e-11
1231.8161279766675,15.126795679704745,-3.210293425225257e-11
1232.357086134154,15.139073197906605,6.6043156775601e-12
1232.743484809834,15.1478461539143,6.142390520895951e-11
1233.1188230804787,15.15637062321205,3.3684321371676e-12
1233.1273736636579,15.156564849426049,7.491599170204753e-12
1233.9116799194962,15.174386067458968,5.791374873083484e-13
1235.8453145118485,15.2183710385616,-3.8345468817941036e-12
1235.879841324729,15.219157056303045,-1.441197199967222e-11
1236.0650244616236,15.22337320477881,4.7410050308338854e-11
1236.0992267897122,15.224151973806128,3.196635267640751e-11
1236.5744140575873,15.234973967459757,3.376016137833205e-12
1237.979544112685,15.26699896694258,2.0556294277966663e-11
1238.8555971993446,15.286983923336079,-1.1251202256548137e-12
1239.7405730009655,15.307186783137604,-2.820962384052219e-12
1239.8916778396372,15.3106377542813,-2.0093104328845173e-13
1240.4472271445907,15.323329147905966,-1.0629318583374087e-12
1240.8741168774757,15.333085206524153,4.403787410360513e-11
1242.6433239463004,15.373554121464997,7.194019985144705e-11
1245.0136672579165,15.427863824732281,-4.55131872764878e-11
1245.239093397449,15.433034215696813,-1.3336970758869076e-11
1246.2754218537257,15.4568155668212,9.47249193446673e-13
1246.445765448746,15.460726453154063,-1.2142567008094132e-11
1246.6223979196275,15.464782289072968,-1.394925164292779e-11
1247.8298906063146,15.49252413725382,3.1986089387917885e-11
1248.1005317333452,15.49874573527672,-1.6723333030570916e-12
1248.4168840974687,15.50601987040377,5.398943653543208e-14
1248.9506082076523,15.518296381372002,7.030731527115712e-11
1249.0264468944818,15.520041218642405,-3.301272745242541e-11
1250.102770134442,15.544815844782377,-7.48720205930247e-12
1250.7790483938368,15.560393219800131,4.785045195503593e-12
1252.0492291876176,15.589673300858342,-6.097582026840043e-11
1254.8935655153573,15.65534844765081,-6.77116373849322e-11
1255.3306469683794,15.6654537793271,2.9172864210800376e-13
1256.689616088671,15.696895652151099,-3.486228807300299e-12
1258.1955386148002,15.731777257724335,8.922643263367407e-12
1258.5520098384404,15.740040296888537,9.08634277262219e-12
1260.5063984676542,15.785384820613025,-1.1665859646545687e-11
1261.633528379335,15.811567786056527,-1.5015964249657833e-11
1261.8026789824078,15.81549913470659,-2.1607529216494392e-12
1262.174485820781,15.824142412564134,-2.994827882948368e-11
1262.944772332299,15.84205712606457,-5.449974927887363e-11
1263.2887897943049,15.850061542373693,-4.955609516396727e-11
1263.477875824481,15.85446202451558,5.3220924585052344e-11
1263.943815294769,15.86530835642192,2.331233863614527e-12
1264.71434986059,15.883253954191058,1.98920690382057e-11
1264.7488766295733,15.884058331829841,-1.1769835734358122e-10
1265.3065629725002,15.897053913623383,-1.322410671831159e-11
1267.3059655880663,15.94369242573736,1.279544438342638e-11
1268.3882046815295,15.96896769378227,3.8391357448868895e-14
1269.2146422888372,15.98828334721592,-1.77767970035817e-11
1270.061263413319,16.008083779523815,-1.5606337725801475e-12
1270.7555869956336,16.024332192811045,1.4966554883703152e-11
1271.2751678058464,16.036497121947395,-3.5504241066495226e-11
1271.6056626410282,16.04423757471357,4.05942486063596e-12
1275.5505293754773,16.13678484066359,5.0334802633087425e-12
1275.7708592268598,16.141962270134183,-1.1209882122601396e-11
1276.2245452019752,16.152626043880275,8.087703592993145e-11
1277.1092714611077,16.173432216374415,-1.7503670716554245e-12
1277.1220973113038,16.173733948864854,-1.2733557988615799e-12
1277.7359346441608,16.188178223940977,2.030613501545481e-11
1277.8025260189124,16.189745610370395,1.9368174780895927e-12
1278.2948135608435,16.201335302882477,2.46996048246062e-13
1278.7759166604073,16.212665998577457,8.530280723625889e-13
1278.8694766639405,16.21486997143004,3.4249329812891744e-11
1279.012975446244,16.218250654652586,-2.221987914185392e-12
1279.1201820064591,16.22077657812443,-5.245839898155175e-12
1281.6377230685987,16.280153921792,1.1205843034278115e-11
1283.6187062648153,16.326958383669812,-1.9197445385182414e-13
1285.6599917879723,16.375263224093356,-4.944734490766229e-11
1286.5057916300061,16.39530066416182,-3.3032349040516954e-11
1288.2578941352965,16.436850811284017,4.550641310494444e-13
1289.6561596251058,16.47005048023925,-8.496823314434164e-13
1289.7397280362795,16.472035824516936,-2.0221419987781603e-11
1292.1616944787252,16.529630648891672,-3.4139689262012567e-11
1293.9903794674044,16.57318871995297,3.282964440411624e-11
1294.209392221682,16.578409589977696,-7.522571054571822e-11
1294.5146072338173,16.585686840413352,-4.731146429304458e-11
1294.9205681289898,16.595368836990186,-1.941609055082455e-11
1295.3240668938759,16.604995121039707,-1.6247647052512396e-11
1296.6445562416443,16.63651904868991,-4.951415760137455e-11
1297.2572002148584,16.65115555313029,3.1353085731760347e-13
1297.2923472181412,16.651995449976887,-2.0407288537761602e-11
1297.9091423994666,16.66673851340564,7.052357357289064e-11
1299.2860309551093,16.699675135536236,-7.329224720927763e-14
1299.7041209607146,16.7096832001326,-2.050713728455705e-12
1299.9461514785373,16.715478297494546,2.512681051250498e-11
1300.047765737264,16.717911636766406,-1.050415623050326e-13
1300.694487807307,16.733403037039228,-1.4974677180449483e-12
1301.0839677668107,16.742736248578773,-4.286904654964501e-11
1301.3900034040626,16.750071822143582,-1.1152596547793387e-12
1302.0800508269983,16.766618362580754,5.341267593363965e-11
1302.638805142381,16.780023072626832,-1.935183039583893e-11
1302.895923164933,16.786193355372284,3.724272648880891e-11
1303.5700623076825,16.802377035508872,-1.0553394816551394e-10
1304.0810918725147,16.814650613830338,-3.971850128834643e-11
1304.488245491095,16.824432809914168,2.725656545912313e-12
1304.665125648487,16.828683450695273,-6.002016348434673e-11
1304.7210287548533,16.830026988758213,-1.545295242700953e-11
1304.87382228252,16.833699420434737,4.030815988643073e-11
1306.550085010599,16.874017064295437,5.5830280421483234e-11
1308.5988504199538,16.923364471665113,-7.264983452070623e-12
1309.371969773234,16.942006236566613,-3.5107188619062695e-11
1309.507414049964,16.945273256883613,-1.2057218238609374e-12
1310.058934580902,16.95857984661593,2.801979214544728e-11
1311.020118423251,16.98178381480108,3.1752721142500466e-11
1311.6497391089129,16.996992731909376,1.6603323557254045e-11
1311.9004441259735,17.003050715336332,-2.3367804295047787e-12
1313.4963445268786,17.04164086061457,-1.1539884702745441e-11
1313.8138889181575,17.049324933643767,-6.399690783949471e-11
1316.3818614693787,17.111534063833346,-2.2007706626819875e-11
1316.9801617877683,17.126045335816773,-6.51642953300876e-11
1317.2212473817629,17.131894528361407,-1.5557716419102223e-11
1318.1430087115396,17.154268074076256,1.441460050419152e-12
1318.7949503724951,17.170101843875475,7.078550499424172e-11
1320.5189369010895,17.21201019662683,9.022035429103896e-11
1320.7760547483306,17.21826516057853,2.9266444059956642e-12
1321.8224479233004,17.243733566488384,7.514381779900717e-13
1322.893175781037,17.269815138436353,4.8255107497741034e-11
1322.9060016082187,17.27012768731202,-3.862532372013473e-11
1323.6043509053327,17.28715013379933,4.820160150885797e-11
1324.4302141135756,17.307292359063815,3.0888980247715644e-11
1324.7378908930898,17.31479959247252,3.131496661651043e-11
1324.907041070997,17.31892755568926,-1.3068382128694598e-12
1324.9155916218128,17.319136238451932,1.6487076669278614e-11
1325.3133736614445,17.32884590345786,-8.292689578537196e-11
1325.9751826294507,17.345006795354404,5.47649096256542e-12
1326.0840304073954,17.34766555123867,-3.023390834282901e-11
1326.2109240485954,17.350765377539318,1.6804355312617818e-12
1326.4986654186457,17.357795577769117,-8.745323809909136e-14
1328.7139932677148,17.41197233380075,-2.3467196802350503e-11
1328.849313390301,17.415284572914278,7.028881035562545e-11
1330.2748697637626,17.450198499616807,1.4375866085151064e-11
1330.4067353108937,17.453429968126905,-1.6596458214380528e-12
1331.0501261269087,17.469201358031423,2.7699150016361347e-11
1332.2396929089557,17.498381200112814,-1.0632288856967316e-13
1333.3702741936606,17.526138299193804,6.781980505956617e-12
1333.5899832713285,17.531535147671146,-1.2619963507117932e-10
1333.8813031868958,17.53869238813659,3.686106011512189e-11
1334.830357006362,17.56201988687027,2.947453544944575e-11
1336.9543860816368,17.61428809393866,-4.6429516808895275e-12
1337.5226349767058,17.62828568014278,1.1786054386150635e-11
1338.3990567098997,17.64988610128229,-7.788767531642938e-11
1338.8265173551188,17.66042649374845,1.2045077360804134e-11
1340.1034311043186,17.691932880560824,4.9622618809147466e-11
1340.1461838347418,17.6929882749444,-5.1705869484412484e-11
1340.6113775747922,17.704474229181677,-1.3291565800607477e-12
1343.8003406239588,17.783319253788672,-1.6753538378495968e-12
1344.7313482546099,17.80637313655157,-2.1494055098666835e-14
1344.8783012421495,17.810013488338463,4.2049498608790876e-12
1346.1706743922853,17.84204557335662,-1.174683500227719e-11
1347.8754204837546,17.884345577080833,1.3196680805778413e-10
1348.7642955424233,17.906422539931356,1.0311964977551544e-10
1349.3401499803515,17.920732787781056,-5.710886272480837e-11
1349.5399235602158,17.925698680339053,7.672306780133671e-11
1349.5741257331408,17.926548938118557,1.0784495904898698e-10
1350.3899966406814,17.94683768016468,-1.484516571456304e-11
1352.0503483553034,17.98816449086524,-5.130748555266108e-12
1352.0998384575053,17.989397098459317,-5.559415676202629e-12
1352.2945160407335,17.994246204114283,-2.567351991860738e-11
1353.590791958661,18.02655215417896,3.244302552982602e-12
1353.9971241316498,18.036685187200078,5.319517423426222e-11
1355.2659828804508,18.06834731821377,-2.0647902106576323e-11
1355.7204118252828,18.079694003360693,-1.5781039962955164e-11
1356.1126012271616,18.08948968082565,-1.2840176965088145e-13
1356.138252850999,18.090130477718642,-1.0376049730121263e-11
1356.789821453246,18.106411216498696,9.067376294235199e-11
1358.1965098638962,18.14158679405243,4.15161523986398e-14
1359.9742593173078,18.1860932457855,-8.768711816227762e-12
1360.363614376678,18.195848629364658,5.1419603761013565e-12
1361.0063078617518,18.211957576564107,5.4485928445976604e-11
1361.1381732657453,18.21526368978166,2.3458429158990634e-12
1362.239198679539,18.242880966286965,-3.518211406806839e-11
1362.5265675149883,18.250092780369172,-3.0286747732120424e-11
1362.831409593558,18.25774476606282,3.520087920784211e-11
1363.8645268549265,18.28369026392964,-5.646499531747999e-11
1365.1714904316004,18.316541251659384,-6.04534677645647e-12
1365.6466752900756,18.328492989456404,-1.9204795533332516e-12
1368.0127320016395,18.388065408239225,4.757438732842022e-13
1369.1304860671755,18.41624401135242,-7.179701022161959e-12
1370.0392958366547,18.439172087685755,7.595785555792046e-12
1371.2073606019312,18.46866317049469,5.4702670871355145e-11
1371.995117179726,18.488566493112334,1.0517652080002257e-12
1372.0878084700475,18.49090916701427,1.4533234757282852e-12
1373.1631818688131,18.518099656518146,-5.843365907844371e-11
1373.7472141963444,18.532875662559974,3.434054970954455e-11
1375.6946088183147,18.58219011109816,1.0427730582759524e-11
1376.3942737523769,18.59992499069524,-6.057505285836486e-11
1376.5463225541175,18.603780267115948,1.79363906330493e-11
1378.3612313902274,18.64983110377782,-4.3368222336997685e-12
1379.242871922464,18.6722234265049,1.2979876075206177e-11
1379.615497828662,18.68169185995674,-3.4643364521435377e-12
1380.0459162088437,18.692631985103848,1.0014766126628954e-12
1381.3753242335633,18.72644365630526,-1.872390416709843e-11
1381.9308705184415,18.7405828595827,1.0333311726087072e-11
1383.356424278772,18.776890626462144,-3.618138521017898e-12
1383.9497035936954,18.79201202958504,5.125961002168319e-11
1384.0305614930573,18.794073424136766,5.842262250635917e-11
1385.4735407045314,18.830881046725477,-5.816454063015106e-11
1385.4906417703135,18.831317491973937,9.840109013534841e-12
1385.9973945846718,18.844253040740092,2.9184973566890175e-11
1386.099008532133,18.846847443109922,-8.642327359125321e-15
1388.6387368321134,18.911753448325943,3.298927822256162e-11
1388.8600105341675,18.917414007747166,-9.824592183098502e-13
1391.6665992295768,18.989289611747918,-3.4752099376657914e-13
1392.0393490416693,18.998846499181457,8.367733440623405e-11
1392.2420806742582,19.004045385590143,2.585994874035799e-12
1392.4453085281116,19.00925775706012,5.16830851611735e-11
1392.5756564408491,19.012601310200587,-7.787671512862698e-11
1393.956815649881,19.048048640484204,-6.8045754374574675e-12
1394.3754768515994,19.05880048373354,-1.1019040555071331e-11
1395.090228846202,19.07716384094946,-4.749024330054177e-12
1395.6234538002218,19.090869547442345,7.949687638622589e-12
1397.9345500343763,19.15033317547889,-6.146740213105865e-11
1397.9516510933552,19.150773545935486,-2.69292080337843e-12
1400.369705139869,19.213095242948373,-7.263347585919628e-12
1400.4206361460156,19.21440907101694,-6.586925729775994e-11
1400.661721048723,19.22062880159791,6.538338100874954e-12
1402.6837593662653,19.272837357910824,-5.981285047662333e-11
1402.9886010462121,19.280714831941626,-9.578608913496509e-12
1403.4292587270709,19.292104979752747,-1.3948714321609542e-12
1403.9251990376035,19.304928354670686,-2.7930361429974853e-11
1403.9367079022502,19.305225989607163,5.287536457682768e-13
1403.9880110695224,19.306552789164122,5.053728215048112e-13
1404.9192649520414,19.330645250988347,2.756017697318047e-12
1404.9951032002152,19.33260796515653,8.614402908860266e-12
1406.2230203423655,19.36440153443325,-1.0526470182655776e-12
1407.1965305731733,19.389627668593352,-4.9139379353048086e-11
1407.8992771955088,19.407848476389855,-1.4580068703198446e-12
1408.1697926635466,19.414864823814955,-4.843312890880017e-11
1408.6706284425165,19.427858536839867,1.2126969219381416e-11
1409.1744225500438,19.440933662513988,-2.936541721093634e-11
1409.9480354539373,19.461020581432322,1.8972490890709368e-13
1411.3795046245707,19.498217861731003,-3.255419218467323e-11
1412.3692950477948,19.523960021817935,-8.292216422224917e-13
1414.6810867303964,19.584154676193915,-7.245335652032847e-11
1414.9004707322467,19.589872132450026,8.10012279951657e-11
1415.1630558951779,19.596716637487145,1.6712776993699269e-12
1415.484502285594,19.605097139455584,2.2275754967803456e-12
1415.6929500149886,19.610532644957367,-1.144379923377892e-12
1415.92478763055,19.61657900779947,-6.022438386691688e-12
1416.4578881848463,19.630486113115097,-1.365477295229187e-13
1417.1012771595153,19.647277307127652,3.217272868391045e-11
1417.322426609722,19.6530506362383,-2.116163947658675e-11
1417.7288819997545,19.66366391302094,-8.023442097454833e-12
1418.3007079946358,19.67860046422651,-5.17619871493734e-12
1418.329317902452,19.679347936063536,1.7017637673394464e-12
1419.1810304926341,19.70160696434231,2.3395272096137056e-11
1419.67532915534,19.714531309096024,2.3320097421730627e-11
1420.8601209636324,19.745528185848553,-7.06867400223326e-12
1421.868080964614,19.771919092853857,-2.356101700042075e-12
1422.431680847517,19.78668370147309,3.478627583159278e-12
1422.4530571551682,19.78724381111229,-2.8538917750723282e-11
1423.0784002082264,19.80363299774273,1.828661826064612e-11
1423.7184585533478,19.82041530709495,-2.827570930176856e-12
1423.7569359056308,19.821424422507974,6.315031421864375e-12
1425.7793449656895,19.87450295084796,-8.066646090699079e-13
1426.596855278164,19.895980055033466,2.361070131999878e-12
1427.799492218375,19.92759733439155,-2.5425812104607857e-11
1430.0631097791747,19.987180020718892,6.128448899875789e-13
1431.6765534492233,20.029706517714466,1.0895111813242212e-12
1432.0014542375202,20.038275921940357,2.0138819186781795e-12
1432.221782885568,20.044088295431976,-1.3537111569401755e-11
1432.5266242934558,20.05213162984287,5.129055049083985e-11
1432.6024624785273,20.054132909610313,-1.4063620723209306e-11
1434.532628439164,20.10510336203498,-2.1761328712609773e-11
1434.7193752685055,20.110038480822823,-1.7711111015233255e-13
1436.1580769737823,20.148080283869277,-1.1329700379308887e-13
1436.5986101595588,20.15973638090093,-2.1213910305277617e-14
1436.6661459271068,20.16152363032506,9.253969967093018e-12
1437.6408481409862,20.187327259035325,-2.5395052445815238e-11
1437.670774958299,20.188119798929314,9.144932109136969e-11
1438.364846366088,20.20650524176336,5.2283625474486895e-11
1438.765833373542,20.21713113796418,-4.930454773995906e-11
1439.2157377488177,20.229056838655897,-9.783876322588904e-12
1439.7481412875604,20.243174177199037,2.0340326389564186e-12
1440.0917844446888,20.252289073430426,6.484725349067741e-13
1444.616880169504,20.372517014512027,-1.6426505479464916e-12
1445.1494076811941,20.386690623570033,4.375176939072535e-14
1445.7504156939212,20.40269316590237,-2.1847828266395746e-11
1445.7849422448708,20.403612677865045,-7.987059873726479e-11
1446.9702293707269,20.435192590629704,2.2379773578977923e-12
1447.189240998149,20.441030607017538,1.9300453508586738e-13
1447.9145559506262,20.460371051443158,2.6255815309519343e-11
1448.5776315323271,20.47806036891909,-3.517819913436622e-11
1448.5947325654395,20.47851669192198,-2.0520938528337724e-11
1449.543782897425,20.503849542647473,4.534342099229778e-12
1449.9155873025686,20.513778582147594,-6.507050240545583e-11
1450.9231742857887,20.54069900134138,-2.816364232090329e-12
1452.7905272917483,20.590639847794918,5.4961870773880406e-11
1453.4539749485664,20.608398683658564,1.611103462067387e-11
1455.0470336924,20.651073994134155,-1.0356867080672592e-12
1455.5673078677344,20.665021373521853,-1.0287368477121536e-12
1457.0694409298308,20.705318159601855,4.1212074560453877e-13
1457.6449212531757,20.72076722316128,-6.632448364004578e-12
1457.9211525650155,20.728184960893493,-5.2544003578551954e-11
1458.5308349314555,20.744561953219556,-9.636617624229118e-11
1459.1907038731422,20.762294748860985,-5.381388313510461e-12
1459.346703069288,20.766488120026178,-8.177809668819206e-12
1459.3802848482064,20.76739088115731,-3.135994043935158e-12
1459.8003862181286,20.778685998641564,-5.26905998816173e-11
1462.4196497196851,20.84918253592296,3.6015920356679665e-11
1462.5887991535878,20.853739476376077,-9.465780575663106e-13
1463.5882074345034,20.88067461512334,9.187781739736205e-13
1464.2746725813624,20.899186255548567,5.044317189085538e-11
1464.8631026146784,20.915061130413125,6.82139285821707e-13
1465.534976506777,20.93319498239475,7.557428137285881e-11
1466.7539688077366,20.966116769776093,4.6628374975906035e-12
1467.1531900336972,20.976904638944262,1.6841462681552756e-11
1467.9818837462306,20.99930720754627,1.1908144951291812e-11
1468.7519167270434,21.020135304392646,2.5822828578573076e-13
1469.5196116374423,21.040911033228163,-1.8601967319239636e-12
1470.4794736142917,21.066902552360872,1.8749727937621408e-13
1471.2508234675745,21.08780176547643,-3.2077708012703093e-12
1473.3154861387086,21.143796362649116,-1.475187205033901e-11
1474.4835472861032,21.175509494312053,6.788970730829464e-11
1476.5840532238824,21.23260195370038,3.285868324965055e-12
1477.2612709717266,21.251026286141034,8.733181432629826e-11
1477.7432392775986,21.264143823452653,1.5819118486402632e-12
1477.8499489091278,21.26704867509783,-4.0057434023278886e-11
1478.2930677483434,21.279113508676705,2.1276283123694602e-13
1479.0637207922407,21.300104758678234,-3.3409532704665026e-12
1480.4264585847031,21.33725014534015,-1.2798652487140086e-11
1480.8808858064383,21.349644488121744,6.399190890156493e-12
1482.1376105617942,21.383941020545038,-1.0334740856989183e-11
1483.5218485696585,21.42175111220194,-7.768628161053693e-11
1485.3795042273653,21.472547948219994,-1.5257008378051815e-12
1486.4202998271264,21.501035864031184,-1.0063004418700009e-10
1486.4206719930467,21.50104605426055,-8.370301879577249e-12
1486.4459513503502,21.501738231211622,1.1859964621595114e-10
1487.1315953738463,21.520516417518557,1.2232918602766655e-13
1487.6567646283365,21.534905431889104,-2.897529476593058e-11
1487.7886295330527,21.538519171779786,2.2042915917801544e-13
1487.8271068165052,21.539573696899524,-4.613496881204038e-13
1488.2966977638796,21.552445707529472,1.0067425751623144e-11
1490.0069046291492,21.599358716834573,-2.0293702873376996e-13
1490.0619867030632,21.600870579239285,-4.817306786240482e-13
1491.2809782076724,21.634343090615676,1.1792636696639263e-11
1492.1570236561404,21.65841548749132,3.361232309093586e-11
1492.6146571781037,21.670996182236237,8.399318745817233e-12
1492.9476117061924,21.680151780732075,-1.495580459294348e-11
1493.3882682616966,21.692272114167377,-2.185224326631158e-12
1494.7762848949644,21.730473125467785,-2.1079909313544975e-11
1498.151235232535,21.823506605424633,3.0346256493976785e-11
1499.347781407717,21.8565408357262,-1.0627607015657244e-11
1500.744844554447,21.89514430889159,5.2959737857193123e-11
1500.8550086717541,21.89818987923263,1.4582776400260536e-11
1501.7182281483044,21.922061973452504,-1.6129018990413152e-12
1501.7695311744847,21.923481176482422,1.720167753628898e-12
1502.3705382716817,21.94011053354723,5.1639122621722835e-11
1504.7209254944817,22.00520764759071,8.690987409921598e-11
1504.775883492372,22.006731000303404,1.3877076314087314e-11
1505.2319518327604,22.01937467260609,2.6960758146509068e-11
1506.570354116089,22.056501583042994,2.211613356413311e-13
1508.6026260221413,22.112939337559883,6.594560253997348e-11
1509.1100737062898,22.12704342024766,3.1773346664774675e-11
1509.161376722905,22.12846960857676,-2.389260661234985e-11
1509.769369176995,22.1453750696352,-2.326382476849284e-13
1510.0926278734796,22.154366173076827,-1.302967654034199e-10
1510.5232927560285,22.1663476580359,7.668740640460971e-13
1510.8447383022487,22.175292789393037,-6.720544130052705e-11
1511.396379447883,22.190648200267905,4.976618759366172e-11
1512.64775915508,22.22550222329976,2.742387685203529e-12
1513.072631409876,22.237342527041022,6.893045514696019e-11
1513.3432701453787,22.24488639791051,1.0662487557207937e-11
1514.6256453603548,22.28065007855361,-8.563915565238485e-11
1515.103910544453,22.29399599220623,6.45511007102938e-11
1515.1213837130952,22.294483657970332,-8.969658108538831e-12
1515.2553861510864,22.298223773418393,-5.9160420806020325e-12
1515.5231905995652,22.30569940130711,2.277323921712112e-13
1517.1654884963002,22.351572222138767,8.22174694198289e-11
1517.199690500541,22.35252808388737,-4.124483718266673e-11
1517.456806809916,22.359714541107735,2.689068336139445e-11
1517.5426363012211,22.362113765313133,3.920325422034505e-11
1518.6597652813941,22.39335367126464,-1.836334743855622e-11
1518.8250113832087,22.397976640605307,1.0689396303183235e-13
1519.649552793647,22.42105174938171,1.351757062661381e-13
1519.759096582912,22.424118316924712,-1.1803113162664847e-11
1520.3363891081844,22.44028268900987,-7.901327358569875e-11
1520.3824244187442,22.441571956460773,-5.024052004592891e-13
1522.0971532593753,22.48962255527117,-2.319167410422365e-12
1523.018784800139,22.515471144288455,8.393586774189341e-13
1523.5026420584043,22.529047936684123,-8.045455729778546e-11
1523.678900746602,22.533994738854677,2.1139386852558053e-11
1524.390071569434,22.553959972671063,-3.095016359455266e-11
1524.415723068083,22.554680280581763,6.02517125559638e-11
1525.4958155917054,22.58502086088276,3.94246096794334e-12
1527.0413950670606,22.62847468364262,1.113897788844022e-10
1527.378624558034,22.63796170732225,-1.0519589555290537e-10
1529.1483110722831,22.687781308756918,6.639912638415307e-13
1530.0509519446803,22.713214358511593,-9.071442791672434e-11
1530.9526480403965,22.738635772875266,3.8136799017581385e-11
1532.3140671265949,22.777046482160525,6.638033577218486e-11
1532.915569992135,22.794027995737995,-4.1661702608662153e-11
1535.0570121712676,22.854538881007137,-1.8918067395309592e-13
1535.236400876046,22.85961171505506,-2.8973550763747103e-11
1535.6160106215739,22.87034844371322,-7.06944946847496e-11
1536.9291325848553,22.90750872715073,3.4943170805971147e-12
1536.9970403400343,22.9094313251545,-7.788713968920303e-12
1539.0195673750936,22.966731862081716,-2.3881842855341944e-12
1539.7909158926982,22.98860490906906,-1.1147820386053826e-11
1539.8712772224364,22.99088433705441,3.341996678432212e-11
1539.8926534633938,22.991490688538185,8.373304199838823e-12
1541.3313512066925,23.032319667093837,-6.808123047453084e-12
1541.4119606437926,23.034608420126144,-7.534097058236647e-13
1541.6181459926431,23.040463209118787,-8.463917246731946e-14
1543.2747095791974,23.087531006531886,3.864088327881234e-11
1543.7516575112802,23.101091858934307,1.1303586448324693e-12
1543.9719855143737,23.10735776386951,-6.055173003298656e-11
1544.921405683955,23.134368539363944,-9.616319530310981e-11
1545.2415340411605,23.143479857389966,-6.250485977315947e-12
1545.5550490985154,23.15240478099285,-8.605614521851538e-12
1546.1019183145193,23.167976998392547,9.36391637191541e-11
1546.406758815391,23.176659787913202,-2.2932877097357628e-11
1546.411034062929,23.17678157220663,7.163188991700024e-13
1548.4426837377523,23.234693047589325,7.5713336736651e-12
1548.7468275755743,23.24336910628853,-4.410158455624917e-12
1549.2633214840273,23.25810660295947,-6.856660890095199e-13
1550.3226574117787,23.2883487812548,-2.0684569489746496e-12
1553.3486933507693,23.37485064984005,3.138036266457966e-12
1553.4703661465646,23.378332299980684,1.1690942450828027e-10
1554.3763369935396,23.40426510481461,-2.083155727317241e-12
1554.3848874870412,23.40450992894898,-2.4592745632153494e-11
1554.7826668614675,23.41590093460335,2.3303448936624498e-11
1556.0964085138696,23.45354259561637,1.3314951075717127e-10
1556.87096316072,23.475750230699894,1.4463570933665132e-11
1557.8571711784355,23.50404227664648,2.0400913794953486e-12
1559.2070805928477,23.54279712667685,-3.9049935328534954e-11
1559.8795731803798,23.56211639267664,2.516584943308517e-12
1560.7597683631486,23.587415095101296,2.103165781092446e-11
1561.023297277216,23.59499225885099,-2.5648047327418653e-11
1561.2900326242711,23.60266291886966,1.6834577378261307e-11
1562.2426588506269,23.630068831537386,-1.9483865122591138e-11
1563.900738999308,23.67780967583446,-4.6162169385927264e-11
1564.9505793257872,23.708063749293,-1.3659312648588454e-11
1565.65282680652,23.728312299037363,7.785886615774352e-12
1567.6603891489076,23.786248302199926,-4.939064186834201e-12
1567.6732148853052,23.786618677270294,-5.877231293097007e-13
1568.4638014999907,23.809454684176096,2.461535254949432e-13
1568.7614082762973,23.818054005789747,-4.34371360429691e-11
1568.76826968038,23.81825228469808,1.8738275784529343e-12
1570.8397124506018,23.878151901450426,2.6090681372898222e-11
1570.8683222453392,23.87897976020289,4.8578672435136116e-14
1572.6204097801733,23.929707251826883,9.231273958575934e-12
1573.8393988724285,23.965033514036413,1.813575556787822e-14
1573.9251041958419,23.96751828127161,1.5517157275847453e-11
1574.5347848110778,23.98519803583596,-3.464234445803317e-11
1575.6526566394402,24.017632302828495,-8.86431850159952e-12
1576.0205091112825,24.028310317979685,-3.367072571393938e-11
1576.2959189134856,24.036306540635973,-1.4339906810213965e-12
1577.9506680556747,24.084379790944528,3.4068075976225084e-11
1578.207784002192,24.091853969886,3.904068856755678e-11
1581.5268250167792,24.188445468968236,-1.9645155257485783e-12
1581.7636335335806,24.19534488079975,3.829549050241478e-11
1582.153930987811,24.206718444335866,-7.499376586879334e-11
1582.2295684604996,24.208922902190977,-1.6711353334798335e-13
1582.9164037834012,24.228945574791833,-7.478810380582548e-11
1583.0812774749772,24.233753277831873,-7.348043330550617e-11
1584.2019833625209,24.26644623752488,3.4970987146272736e-11
1584.7350816164821,24.282005770391613,-3.2913538913704725e-11
1585.1809572152788,24.295023556901405,5.1246698670408875e-11
1585.4220409571235,24.30206376456284,1.4533660799946554e-11
1586.2589106147427,24.326510619520676,-2.548033433443582e-11
1586.276011589625,24.327010312169588,-2.3601341572818745e-11
1586.6874371141282,24.339033841875892,3.6806664392546387e-13
1587.5541093991403,24.364371738523722,-8.942688264082598e-12
1590.5526495467896,24.452143341501056,7.213058961246626e-11
1591.7450419489662,24.487092416351604,-5.448286808811593e-12
1593.2908195242924,24.5324382101982,2.9870249667584566e-12
1593.9633116083612,24.552179682976853,-2.193463455327215e-13
1594.306953452435,24.56227074440125,1.167415425261529e-12
1595.107158905413,24.585777251353203,4.6188834273869195e-12
1598.4755644311067,24.684855477214192,5.909121538298422e-11
1598.5613937639657,24.68738279046067,1.0331085869212104e-10
1598.7641243087612,24.693352892050054,-5.444678462518326e-12
1599.3640612470206,24.711024543998242,-7.711888573597642e-11
1599.8946972265937,24.72666040285393,-9.133066606820526e-11
1601.8616432776466,24.784664197539872,-2.5748728251018688e-12
1602.8520015138952,24.813896109849956,-1.4333363042170843e-13
1603.031017782578,24.819181972230083,6.6189938091741726e-12
1604.8757184552367,24.87368533767218,1.231843746603718e-13
1605.245011672482,24.884603973405056,-4.229399853211507e-12
1606.0067397642279,24.907133393148243,-2.2662665268847987e-12
1606.0695514728006,24.908991634579582,-2.269630916700745e-12
1606.433128463632,24.91974923898009,-4.133521749784474e-14
1606.8913333632777,24.9333101850562,-9.692050627599657e-11
1606.942636265523,24.93482877685828,-8.132434740241169e-11
1609.5148628910997,25.011030137585763,-1.493832408629495e-12
1610.1718951813964,25.030514043118465,-7.29981140465321e-12
1610.1932713892218,25.031148075536034,1.5288181931158647e-11
1611.5465097610943,25.071303150746143,4.579160029765892e-12
1612.164740370727,25.08965933121351,7.808053144154722e-11
1614.290890972284,25.15284162679703,1.0322240742216039e-11
1614.9809322620804,25.17336531279224,-4.7559725814051826e-11
1615.3987704004676,25.185797207715968,3.979851275468268e-12
1615.4663058735887,25.187806885578418,4.652181751298012e-11
1615.6963768787737,25.19465382356464,-3.625548071360059e-11
1615.7967973599398,25.19764265361396,-9.875446740723212e-12
1616.2376530973277,25.210766107770464,5.7364545149111184e-12
1617.600186113166,25.251348809208274,-1.0932224535508118e-11
1618.107632548568,25.26647171283243,-9.270325233642671e-12
1618.158935439003,25.268000904070863,3.960830192157393e-12
1618.5482878395178,25.279607956701366,1.0770986512684437e-12
1619.0901843013107,25.295767174980437,2.1600127137370822e-11
1620.3939326790073,25.334666791144823,-8.250058334389774e-12
1620.39865645523,25.33480779020986,-3.645683844337278e-12
1621.313176477689,25.362112860863927,2.729187177375252e-13
1622.01032717524,25.382938225561595,-2.1286270679203746e-11
1622.0701805426822,25.384726589455052,-1.1427040327523724e-11
1624.1189278546944,25.445981074485275,1.486957182447821e-12
1624.8226154282283,25.46703812113368,-6.3906949999196784e-12
1625.9219441398864,25.499952532690912,3.851306920018088e-11
1626.5401745693023,25.51847241849279,-6.49897167841366e-12
1627.7470332055025,25.554645704454586,7.1100115357695955e-12
1627.781235125828,25.555671232736344,4.336234032428817e-11
1629.3339206328178,25.60225046141805,1.3098528990803715e-11
1630.2403385472946,25.629462748243707,5.9532881903417254e-12
1630.4396621052151,25.6354488278837,7.368417822162374e-11
1631.399520496461,25.66428551672758,2.368983404435506e-12
1631.475358317505,25.66656460920017,-3.780501539552548e-12
1631.8997332316949,25.679319959149606,5.405514593668458e-11
1632.500165983789,25.69737271088462,1.3337457764664499e-11
1633.4477712075252,25.725877142367796,5.8990086275890704e-12
1633.490523603091,25.727163545433815,-4.746946243188869e-11
1633.8471149424745,25.737894552649387,-1.0373631709147871e-11
1634.3213517360714,25.752169527802465,-3.139146815934526e-11
1635.3369885915306,25.78275509269975,-4.54824043265731e-12
1636.0389105532067,25.803904342199257,-1.846578095551929e-11
1636.3654511446314,25.813746261912048,-3.5806637837397e-11
1637.3082084667235,25.84217194947053,-3.411768019585957e-13
1637.6385757538267,25.852136941701318,7.224410602775557e-11
1638.4259547825447,25.8758950562117,6.090935424355454e-11
1639.3993353851438,25.90528130622506,2.5818056377348604e-13
1639.424986819489,25.906055956148883,1.3105543991454935e-11
1639.950154264732,25.921918198351815,-6.322174787101383e-12
1640.2300393669182,25.930373968405902,-1.136799445444105e-11
1642.765600264472,26.007043009506393,1.6637803797342458e-11
1644.1925856226271,26.050243569491165,1.1290597110411182e-10
1644.233897034952,26.051494790015358,4.803125095078276e-12
1644.6232492342183,26.06328884972674,-1.0090959297173376e-12
1645.2577120064698,26.082513657611923,-4.535636187935802e-11
1646.2708865456357,26.113229156978843,7.799937873945568e-12
1646.5700101866025,26.122301034234464,5.1284245547665806e-11
1647.3406602897162,26.145681046678792,1.9400101399938387e-11
1648.691884097109,26.186700933686325,-4.2498500655442633e-13
1648.8901387736464,26.192722295546,-1.3880942426870521e-12
1650.328833184126,26.236439801447553,1.9863636954287533e-12
1650.6899477546312,26.24741895065602,-1.2403279881187813e-12
1650.6938508282065,26.247537630900904,1.3654470504822799e-11
1651.5567429690136,26.273782367623102,8.687076869697151e-12
1653.775830654464,26.341338582275444,-7.908427811924777e-12
1653.9188793840858,26.345696560983107,1.5941561898705865e-11
1654.4363169068206,26.361463439803156,3.241615869611765e-11
1654.4823520840941,26.362866420166558,2.7886702207742595e-13
1656.8390202659148,26.43474102178526,-1.2940332913233878e-11
1658.2194738463866,26.476890158450466,-3.7771191855772777e-13
1659.3201187633333,26.510521100049107,3.429006937057209e-13
1660.8531925899424,26.55740238466627,5.103948136216907e-12
1661.140931409866,26.56620624203828,-1.5077553345389333e-11
1661.4615552073067,26.5760180676178,-2.544530288990695e-13
1662.0890323303188,26.595225790006666,2.165940396224036e-12
1662.4746053793242,26.60703217661132,2.415825209196297e-11
1662.5757224134857,26.610128870136965,4.322312254598833e-12
1663.8236911803663,26.648363227213228,-7.426350098038548e-12
1665.052545406621,26.686040000024917,-1.1897624828891983e-10
1665.0596549068619,26.68625805882581,-1.2098632871999257e-10
1665.093856802574,26.68730709414962,-2.2072998728049517e-11
1666.1347723162712,26.71924420322387,-1.3803422916858083e-11
1667.0966436131096,26.748773840447456,5.061105010983579e-11
1667.9039574097199,26.773571687153776,1.4041394236290289e-11
1669.1318667883868,26.81131177141663,-8.467849881196187e-11
1669.9954552747733,26.837871002814417,-6.1061864248105476e-12
1671.2400933874487,26.876173392373378,3.2299571157369286e-12
1672.136891293081,26.903789064250766,-2.074078866900138e-13
1672.1881941299148,26.905369313333598,-6.813500992013991e-13
1672.7380202288439,26.9223083057296,3.0282486146413466e-14
1673.9412228347148,26.959395888962263,1.1259939786294685e-10
1673.971149488548,26.9603186896775,2.745301818980225e-11
1674.0770379565975,26.963583936723424,5.991168098583887e-12
1675.7317838540127,27.01463761238354,-1.0391999063692407e-10
1676.0412709394773,27.024191779126078,-2.2966462620371837e-12
1676.4430764496867,27.036598537579636,1.6577823527745003e-14
1677.7588283984066,27.077246511492294,7.200832284989571e-12
1678.0461949639964,27.086128467902395,-5.607488184638275e-11
1679.050818408764,27.11719143099797,3.4744961540011376e-12
1679.341391394479,27.12617941580798,3.4694146923638593e-12
1682.9225130224706,27.237078139958065,-4.527337698886162e-12
1684.650061711061,27.29066063596141,1.4694903172619625e-12
1685.522524903997,27.317742274418137,8.300811495795058e-12
1686.5294098854124,27.349013852494032,-1.3382909218004067e-12
1686.7418834175821,27.355615187731022,-1.688542408984693e-11
1687.402493322737,27.37614497375942,7.90059630919943e-12
1688.5948834661651,27.413221254154983,-7.811885859092146e-12
1688.8066603459872,27.419809001323408,1.966800962600797e-11
1688.9385246764198,27.423911324753746,6.637862153286126e-13
1690.7546125653842,27.480442734022983,-2.2137276561312587e-11
1691.295563529572,27.497293266368438,-4.873936217235721e-12
1691.8202342482355,27.513641821285944,-4.0203131173904085e-12
1691.9137931965574,27.51655761791888,1.2398060609572684e-11
1692.0401894213533,27.520497055568754,-8.540570720592004e-11
1692.0658408305442,27.521296578400793,-2.828419655127465e-11
1694.3102061071377,27.591297604247842,-4.640983691984976e-13
1694.7507367068447,27.605048504724753,2.1103714340565288e-14
1695.0034527727748,27.612938499914026,-1.1272793024969481e-10
1695.9995254430582,27.644048132038737,-1.0451027550798166e-10
1697.6248402667543,27.694849679997365,-2.0053797557261868e-11
1697.776887885392,27.699604635619377,2.852709479787464e-11
1698.20031752057,27.712848712613926,5.579205454583589e-11
1699.13621237405,27.742133448260887,1.0369992184129946e-11
1699.5500227219493,27.75508697718607,-1.195750480906177e-11
1701.2431209174422,27.80811898173291,2.3850692497567306e-12
1702.732620539749,27.854817439047146,8.536027630738913e-12
1704.5667536768215,27.912376914938154,-8.017292248668989e-13
1706.449183560928,27.971516495135273,-2.9994632375593434e-13
1707.3380507089453,27.9994643825647,-1.3688838901828754e-12
1707.5587501505704,28.006405901267442,-1.7126432015241564e-11
1707.9903580167463,28.01998358114893,4.3953864834660906e-11
1708.0248843662032,28.021069872049896,-8.612988996178278e-12
1709.070446476512,28.05397644170821,-1.2188965887445931e-11
1709.8948606012855,28.079937105807954,-2.040129264393232e-11
1711.2424279117554,28.122398734649526,1.0730081822382198e-10
1713.0030611141954,28.177926405872643,-1.3172034271757851e-11
1713.320726298029,28.187951159316732,1.7465962152491994e-11
1713.7385636681015,28.20113993790334,2.324037352784722e-12
1713.7975485506036,28.203002018342076,8.258232927527736e-12
1713.831750416554,28.204081758681376,4.9970472671067905e-11
1715.796926772536,28.26615784269398,6.597981041628609e-12
1715.888672545331,28.269057650639215,2.827780858933154e-11
1715.9399753424182,28.270679245350614,1.3481597124936761e-11
1716.3293270347717,28.28298757453442,1.242005254173243e-12
1719.4445126449489,28.38156652196463,4.404369854349368e-11
1720.7236760121677,28.42209696669621,5.4785018434163515e-11
1720.7407769431331,28.422639015913795,-1.4899856094296822e-12
1721.6510200374303,28.451498819495317,-6.603656544462894e-11
1722.551395735004,28.480060786380978,5.682525254935085e-12
1723.7211397552508,28.517190032627568,-5.092171699932565e-11
1723.7671748755192,28.51865176466241,4.035280005505172e-13
1724.2446173171038,28.533814077215514,3.144307618487447e-11
1724.693698154531,28.548079532306343,6.010273741738895e-12
1726.9038603111012,28.618341445559302,1.0577764734716783e-12
1727.546548129508,28.63878962797291,-4.417266254424834e-11
1727.6138353533881,28.640930922969304,6.192122203452948e-11
1729.676473208322,28.70661112995406,-6.100373924924647e-11
1730.4219669915626,28.7303690360206,1.0355055452113108e-11
1730.980715158918,28.7481823169691,-3.751717234038835e-12
1731.0144207962812,28.749257060098177,8.395561825505245e-11
1731.788028050613,28.773930172065953,-1.924234739499426e-12
1731.9119620930014,28.777883898021834,-2.0459742465824936e-11
1733.0629159218242,28.81461497583934,1.531834131292221e-13
1733.2157077765887,28.81949294838667,7.814493748380453e-12
1733.3505303209386,28.823797596959036,-2.0682838163837832e-11
1733.8199184413681,28.838786952688555,1.0594208002367784e-12
1734.891952185643,28.873036304954624,1.0823745060803423e-11
1736.5723477253428,28.926764209580377,-1.1199775828484433e-10
1736.740427361813,28.93214114318567,-1.4293445495835445e-12
1736.9406952893921,28.93854847229982,-1.4084525339885526e-12
1737.215608030092,28.947345174728827,3.323583421953836e-12
1737.9337612502648,28.97033132642196,5.633742110718067e-11
1739.2547317849749,29.01263684707056,-2.6079879415518066e-12
1739.3619370504287,29.01607162267959,6.155854514452377e-12
1739.6367257255677,29.024876610752795,2.616403943136591e-11
1740.5328259231485,29.05359979976667,2.2943579089957517e-14
1742.116007481355,29.10438253486008,4.371404019392308e-12
1742.1556774248268,29.10565559603437,-1.2406982549709678e-11
1742.481024533971,29.11609751067655,-2.0501452341995212e-11
1742.7815886368626,29.125745755121915,1.2073096047194125e-10
1742.9116873943512,29.12992250046955,9.924740021401455e-13
1743.3186360551863,29.142989364734305,5.2039347733759516e-12
1745.321916362281,29.207357899987738,-1.2633295018803226e-11
1746.0496887572635,29.230760673734217,3.742006006261026e-11
1747.1956704453873,29.267631464228504,-1.7180560534897068e-12
1747.4752305349778,29.276629695160526,-3.367538489119204e-11
1747.619223782825,29.28126498317804,-2.0369232210647182e-13
1748.626184071308,29.313690725905158,5.020331756273517e-12
1748.860653806267,29.321243709846428,1.7490860985442903e-11
1749.0806087672481,29.328330049332507,-1.5364159089476895e-11
1749.2273122158817,29.333056923449274,3.3167540664050024e-12
1749.7960516445776,29.351385800576463,4.770671510758087e-11
1751.0994247843473,29.393412336203824,-2.354149295627272e-11
1752.7718896942145,29.447385868600318,5.988387938295153e-12
1753.1898508464078,29.460882294363778,-1.8717029803004607e-11
1753.6550399557843,29.475907546762333,6.264235377093901e-12
1753.8582661420864,29.482472848255256,4.616554915674443e-11
1756.297304806226,29.561326303792324,-3.972045845394209e-11
1757.0556239577047,29.585864886922458,-4.549537389857855e-12
1758.968303294124,29.647804668266577,2.663266902126781e-12
1759.0067803647378,29.649051392610097,-1.4506925444362054e-11
1759.8699953601479,29.67702823621625,-6.606881244978116e-12
1760.0215942866303,29.681942982394798,3.1636623102855065e-11
1761.5251110082015,29.73070901169364,-2.2194505650655012e-11
1761.7118565226747,29.736768943168975,1.314807577784253e-12
1761.931563329463,29.74389929804379,1.2509966027138601e-12
1763.392251337553,29.791327008367457,1.785695848942596e-11
1763.43356266399,29.792668935180345,-5.3737983874575955e-12
1763.5599587378179,29.79677488772727,9.808519776003622e-11
1763.8229140540939,29.805317884404335,-6.308828571165713e-13
1765.143387822634,29.8482372179521,8.628015784036456e-12
1766.6428773029843,29.897014041716407,6.116626722506347e-12
1766.7405873096477,29.900193883379227,-1.5099897956862338e-11
1767.5192900472061,29.925542009652247,1.0799530222065478e-11
1767.7764050919618,29.933914003759998,2.5511357777376073e-11
1769.2966503846596,29.983440017896317,-3.276227487357571e-11
1770.8208463909632,30.03313747596011,3.936267284649863e-11
1772.1418162339664,30.076243221275625,-3.2479654122313515e-13
1773.5073801623473,30.12083794533542,-4.084597735311084e-11
1774.0497713557797,30.138560148470486,1.9723313554148833e-11
1774.7096359747873,30.16012800965081,-9.963330244660908e-12
1774.9889478340015,30.169259812631573,5.4612454910667214e-14
1775.319314330619,30.180062647586727,8.308778296057282e-11
1776.8652108193228,30.230639477949314,-9.23498202193479e-12
1777.3096438850457,30.2451880655332,-1.246320492504819e-11
1777.36094663121,30.246867703388173,3.221193818453464e-11
1777.9155432060472,30.26502813826381,2.090760334480194e-11
1778.85780199552,30.295895681705684,1.5721102267320106e-12
1780.3990986920933,30.346422419961666,-9.073498008842479e-14
1781.170443670219,30.371725055801818,-8.349908357757596e-13
1781.8305563264237,30.393387611069485,3.3274777999976604e-11
1782.9384324794983,30.429762216029786,-3.2852227281741046e-11
1783.675251120681,30.453966506505296,-2.310980495245851e-11
1783.8272985255924,30.45896246687128,3.3133954766312476e-11
1783.8443994392858,30.459524393843278,3.1072453442122947e-12
1784.0617681316398,30.46666748343252,-3.059423120034558e-12
1785.0384767688643,30.498774463203823,3.8072684539115893e-13
1785.131167192173,30.50182235397262,-6.849389326838564e-12
1786.33046447927,30.541272491373068,-3.478523039213185e-11
1788.4500716672146,30.61106044250276,8.986293866257337e-14
1790.5804909120993,30.681287773553656,-6.820643500587395e-12
1791.1726960455444,30.700824126995258,-3.4893880553606825e-13
1791.4045317934622,30.708473954526564,6.730563666238503e-12
1791.7021373551036,30.718295423756565,6.32698481113929e-11
1792.2434119076959,30.736162549446867,-6.29184505199195e-11
1793.2086116573369,30.768036566176978,-7.749322846374859e-13
1793.7462312427122,30.785797944741578,4.755634139784224e-12
1794.021515902712,30.7948946057915,-9.524705190916155e-12
1794.5419105160843,30.812094631623456,-1.930931580317136e-12
1795.9644929107847,30.859139127102093,-1.1710391658575217e-11
1796.399678749911,30.87353807603315,-1.309721746609639e-12
1797.3477775296126,30.904919801749976,2.729239159669368e-12
1797.4717114446646,30.909023193082252,-1.3919038702812886e-12
1799.8785602165694,30.988768881266132,-6.020512135940194e-11
1803.706597848501,31.115822391451104,8.560811955787092e-12
1803.8154444023817,31.119438982116744,-1.5875259464199893e-11
1804.735429622747,31.15001559415649,-1.1743461278170057e-11
1805.5141319133704,31.175908712493804,-7.773761296583793e-11
1805.6152487079992,31.1792718298547,2.010962518468424e-11
1806.4158233416517,31.205905375273705,-1.1275789827928859e-10
1807.6757464401976,31.247844452455368,6.223100820477424e-11
1807.7013978016437,31.248698613396897,-7.609984218337908e-11
1808.1333771454956,31.263084851294405,-1.7190850524142836e-12
1809.4534778672974,31.3070695595279,-6.47012909967945e-11
1809.4962301352639,31.30849456780335,2.8095219054548873e-11
1809.8175497898512,31.31920579442094,3.319988670907751e-14
1811.3213134884388,31.36935920319813,-2.1981957286453557e-11
1812.3716453362197,31.404414496597695,1.1326162098997815e-11
1812.5107429421948,31.409058464993898,-8.225653485046697e-11
1812.934171802747,31.423197424370194,3.6681030287234664e-11
1814.2030173987098,31.46558596247275,4.90938539192807e-11
1814.6689504046692,31.48115890935239,-4.561154650423083e-13
1815.176395126848,31.498123857696598,-9.64967876777169e-13
1816.979777719177,31.558453127237627,-2.4919570479376672e-12
1817.0220337644685,31.55986745370535,2.5129391309131284e-12
1818.0381637158841,31.593887628455636,-1.3369125522646695e-11
1819.4008924564594,31.639541837297656,-2.4022893070025622e-11
1820.2395718024188,31.667656321006636,-1.7787779178469453e-11
1820.380358471716,31.672377087910366,1.622216968098905e-11
1820.7863142165338,31.68599137582063,-5.123206822722764e-13
1821.480628296078,31.709283195772496,1.31411543086965e-11
1821.5020044263676,31.710000431423826,-5.871771199678139e-11
1821.7726415855147,31.719081877689213,3.715392622836422e-13
1825.070292206206,31.829845558696434,7.812452037993028e-11
1826.3398342251826,31.87254118368993,-1.08390622195138e-11
1826.6152428094747,31.881807294388267,-2.4487139568275056e-13
1826.9197095913719,31.892052693083013,7.675647716728015e-12
1828.5619979079609,31.947345635083302,3.8619602014760386e-11
1828.7615689129254,31.9540682232821,-1.2769774203904181e-11
1830.4879970979562,32.01225391847341,-3.058654357474406e-12
1830.9148803782302,32.02664960375951,1.415231802301105e-11
1832.1000342748068,32.06663386863245,4.3122445100451e-11
1832.3626171605943,32.07549629003516,-2.1924602175759848e-12
1832.6840607649578,32.08634704557918,-1.2964770994348624e-10
1832.7182625680111,32.08750168487208,8.441536213541703e-12
1836.569640399714,32.2176605026926,-2.3807192506766846e-11
1836.9606804480673,32.230891133374314,9.097110027497514e-11
1837.515276540896,32.24966042558367,-5.69293135033956e-12
1841.014339224563,32.368210453232024,7.299175431145559e-12
1842.3063258912662,32.412040631940876,7.952042369646456e-12
1844.4102714425574,32.48348202764859,-4.01074427147193e-11
1844.9341202085568,32.50128247032006,-6.939176585563295e-11
1844.9989452211817,32.50348558334607,5.95588086835763e-11
1845.0186322659906,32.504154673508815,2.1911750221939447e-13
1845.0442836139032,32.50502647908423,-3.125430166208622e-12
1845.5694492904227,32.52287781027609,1.8566392395161658e-11
1845.7720549283106,32.529766100422876,3.971390641582392e-11
1846.1498970899324,32.54261419155935,-1.3363217365227825e-11
1846.6414812343319,32.559333885368986,-1.0034829613749776e-12
1847.0679922557863,32.5738439274362,-3.39720709157386e-11
1847.3692525328436,32.584094918266736,-4.347488888894551e-11
1847.6267394415124,32.592857756710806,1.2308345527483117e-11
1848.0843222051597,32.60843330511583,5.96378884672827e-11
1848.5579847415918,32.62456025164038,6.712274740804907e-11
1849.200871805218,32.64645545346625,5.339531933662534e-13
1849.861728141858,32.668970581432795,-2.5637187640643335e-11
1849.8962544162,32.67014709980388,-1.7968183563690108e-11
1849.8963784706507,32.67015132712668,5.419894934054332e-12
1850.4287776460997,32.68829615874763,4.012272498065662e-13
1850.7724179892095,32.700010625329966,-3.448252537585625e-14
1851.478116482693,32.72407422948376,5.981526394216301e-12
1851.5379696225393,32.726115582979055,-3.5509704066650206e-11
1851.8674673727598,32.73735462754897,-3.8158166781408465e-13
1852.7060222856285,32.76596644215202,-6.177261746258531e-11
1852.7918512490608,32.768895689975686,9.629855127487616e-12
1853.5867091583152,32.7960297608533,4.620741471698383e-12
1855.3469663822882,32.856161100924645,-3.805297913804458e-11
1856.0079467183953,32.87875528731286,-2.019564607731209e-11
1856.140182869895,32.883276460875116,-4.929162744879183e-12
1856.871160492689,32.90827450545798,4.5361049253279896e-11
1858.793131818901,32.97404923228717,-7.90856060770241e-12
1858.8016822666095,32.97434200229816,4.070385253042111e-11
1859.3059202599325,32.991609650813885,6.770078616389075e-11
1861.0032895371062,33.049770542259,-5.871268106075719e-13
1861.9251635247683,33.08138108341774,3.6162430702419134e-11
1861.9679157615149,33.08284741343278,4.144631428563884e-11
1865.2530633699912,33.19562315980834,1.5271522999550068e-11
1865.3000908283304,33.19723900749098,-4.5119746233640386e-11
1865.50664715652,33.20433669602348,-5.738262230569997e-11
1866.0113813224975,33.22168367802224,1.7728747015609202e-11
1866.806563570493,33.249022460239956,1.877413453103032e-12
1868.867431715327,33.319930398122395,-2.8202405369483794e-13
1868.9955166753198,33.32433997776158,2.9825896867773355e-11
1869.4178764000187,33.33888269306011,-1.9646221994793197e-11
1872.389310004052,33.44128815365696,-2.9602279416655384e-12
1872.422891516653,33.44244641344035,4.866861358102591e-12
1873.5500047568628,33.48133371986298,-3.959101550210467e-12
1873.6303656133093,33.48410719856345,-3.391396712256203e-11
1873.6331998673365,33.48420501879644,-2.217444504702443e-11
1873.7016034355424,33.48656591521571,1.492575360861885e-11
1874.7254146635648,33.52191226962237,-7.229775120898944e-11
1874.8696557541698,33.52689364244491,-3.555510431170436e-12
1876.037708054982,33.5672465012446,-7.649515733179632e-11
1876.255076465597,33.574758730413706,5.090052595779426e-12
1876.2588554708373,33.57488934013041,-1.4591949875049986e-11
1878.3578282019212,33.64747454084643,-4.313513180586118e-12
1878.392354463191,33.648669182212934,3.4331078866932785e-12
1879.3698825054496,33.68250169094462,7.406673879209923e-12
1880.5921957176545,33.724831045952406,-1.5886517551803244e-13
1881.1310075103447,33.743499124016424,-5.448165301800572e-13
1881.350962051537,33.75112137140701,-8.819648308254851e-11
1881.7944497121603,33.76649258725056,-1.2169875448152396e-12
1882.0147764146611,33.77413042480263,-1.3494895908537277e-11
1882.463111882051,33.78967516712707,1.5704244570799467e-11
1883.3865506334594,33.82170441599162,4.953849825981478e-11
1884.0303821518219,33.8440448496394,9.446815342844193e-11
1885.5716765766326,33.897557540948874,4.289623909151532e-12
1885.97372890422,33.91152371986259,-1.58932723578355e-13
1886.30668103035,33.923091804055986,3.6362726778497977e-12
1886.3579836980898,33.9248744448203,-5.339913786790899e-12
1886.8712681714853,33.94271247933603,-1.8681879350573754e-11
1887.6785792278724,33.97077855847511,9.083972793324538e-13
1888.787770660119,34.009359054373704,1.065565390172583e-12
1888.9310192894352,34.01434325805256,-3.5541190829633824e-13
1891.538752790004,34.10514300875937,5.3094538819496295e-11
1891.6655207981312,34.109560189175745,2.3357051720690422e-11
1892.6444896424491,34.14368193607178,7.940728810433301e-12
1894.5614882077177,34.2105496373983,-6.85919011473839e-11
1895.459351856037,34.24189170671268,-1.3975317779211354e-12
1897.405780687548,34.30988743178533,3.645312985175686e-11
1897.5761215999607,34.31584137047681,-1.3037181924996257e-11
1897.859956311566,34.325763453758825,-3.6062344637844203e-13
1900.1739874579785,34.40671100623518,-1.898461316223321e-13
1900.2639675355178,34.4098606083243,6.736429386543468e-11
1900.6991527550663,34.4250956438951,-1.0488512417116378e-11
1900.707703198131,34.42539501415415,1.0037094252994529e-11
1902.3166088299492,34.48175039041174,1.422416343585366e-11
1902.5203308067296,34.488889591437484,-1.2902852709009098e-10
1903.4976104400416,34.52314785602975,7.423936143402906e-13
1906.8622200487996,34.64122785780462,2.0300736254155736e-12
1907.0198593318437,34.64676527687542,-4.9689515190781844e-11
1907.2264155495066,34.65402170141318,2.2376577953563227e-11
1907.2609417981264,34.65523470267702,2.8036970119823558e-11
1907.5137811219063,34.66411830678904,8.364057855663325e-11
1907.5308820065832,34.66471919527867,1.5143673418008426e-11
1908.479924108225,34.6980749487246,3.1266237207527204e-12
1908.80897308191,34.70964382695095,5.530206799301689e-12
1909.2211407566356,34.72413785033488,1.2405642599213133e-12
1911.0692391712867,34.789165364050554,-4.1874254682531216e-11
1911.8620829264253,34.81708178805636,7.700709070404574e-13
1914.1176251764796,34.89656388363039,4.566436436256747e-12
1914.7605116953532,34.91923545086576,7.601298798179232e-12
1915.4128170310883,34.94224695668245,1.8692344921005653e-11
1916.5382405809758,34.98196717549209,-2.516469451875928e-13
1916.8059190939173,34.99141794133886,1.3986772606460178e-11
1916.9245087838021,34.99560533879832,6.394442278217175e-11
1919.5266492401126,35.08755202643022,1.4627203973229195e-11
1919.8414792234012,35.098685008810506,2.1563468209698663e-11
1920.3143969962243,35.11541170500354,-1.0426955791929142e-12
1920.3489232392956,35.11663302998808,-5.7984857834014076e-11
1920.954821377148,35.13806953340013,1.6283109768004328e-12
1921.3813319904025,35.15316341294399,3.8526906660044155e-11
1921.5077277885346,35.15763710579605,2.399918100518225e-11
1921.5248286702774,35.15824240241408,3.5736057962978087e-12
1921.974728938516,35.174168844531096,7.387592809234544e-12
1926.355542659575,35.329444297105134,-7.865222914616745e-11
1926.367051406426,35.32985268368033,-6.711602104856811e-13
1926.4183540486308,35.33167318179286,-2.0401758038858775e-12
1927.2700583029398,35.36190338689423,1.574838986529952e-11
1928.2975714760341,35.39839149986304,9.181228867278536e-12
1928.3565561769308,35.40048670115765,9.236175128284285e-12
1928.4384820005064,35.403396902627215,-2.5029924360923653e-11
1929.017535899571,35.42396980917529,-3.715785468347784e-11
1930.2878968967912,35.469125447135035,-8.495830385272176e-13
1930.49897638452,35.47663125666658,9.733872203360905e-12
1933.0609980434738,35.567800034973615,1.6848508760262292e-11
1933.4194772404485,35.58056605318157,-5.0099777473039306e-11
1936.5020164954856,35.69043790663986,-7.820300613049693e-12
1937.0262368094614,35.70914025982879,-5.322021556663049e-11
1937.5351216885924,35.72730034033422,1.036514064502492e-10
1939.362339590835,35.792545806179085,3.043021500913735e-11
1939.752634798698,35.80649026136644,2.686091913228624e-11
1940.5611381898557,35.83538537263259,6.914779784705809e-13
1941.0734775709464,35.85370210802322,-7.126203386280116e-12
1942.9656443833874,35.92139120130921,8.488996243924002e-13
1943.2650147936674,35.93210671822559,1.3163484077719324e-11
1943.5955045972057,35.94393802461294,2.307862591471005e-11
1945.4074346229622,36.008839620092104,4.189389407921396e-11
1945.5396706261542,36.01357855475758,-7.995782485250229e-12
1945.9576306761683,36.02855908501488,-1.508063599477369e-11
1946.3469811033312,36.04251708380503,-1.5553418732599708e-12
1946.7458267175195,36.05681837527181,7.771095745667075e-12
1948.0990580036844,36.105362634270136,8.915672796802138e-13
1948.8777588368102,36.13331214061106,1.0854142893621259e-10
1950.2295968056906,36.18185948889878,1.0925154223396837e-10
1951.883391276307,36.241296512875046,5.646215705426057e-11
1952.8567672738923,36.27630299355132,1.5446163194361643e-13
1952.8705376808618,36.27679835747366,1.0128972460110181e-10
1954.1611292406167,36.323240412835965,1.867683464590452e-11
1954.6144361739973,36.33955998527968,-3.6254833880235146e-11
1954.6486379240914,36.34079144130119,-2.4523074885948926e-11
1955.601258068483,36.37509980095802,-1.8968524678102628e-11
1956.7936436129064,36.41806680440136,-1.754218488926038e-12
1956.9626674904023,36.42415961280526,2.7622013701908745e-11
1957.0399459049704,36.42694544526855,-2.292918099091141e-11
1957.0812571238794,36.428434730761154,-1.7399932597192167e-11
1958.3908389961396,36.475661960137394,-1.758598689481253e-11
1959.6805620940356,36.522203902489935,-3.908188487063947e-11
1960.4390795896925,36.54959065923853,6.016269737580192e-12
1961.7887797694534,36.59834865057786,-1.5963776930354123e-12
1963.2873205608598,36.652522828614316,3.292131215482518e-12
1964.1755642281628,36.68465350658834,1.739700712147673e-12
1965.4200729706645,36.7296959036601,8.60272653924073e-12
1965.488924995587,36.7321886919001,-5.607193338304823e-12
1966.11557863224,36.75488070722833,-1.1481940328446156e-11
1966.6481010942655,36.77416978488933,1.1782735731254565e-12
1967.2491034138231,36.795945620810144,-1.6858359832034738e-11
1967.538281912152,36.806425661010934,-4.156274230364089e-11
1968.0970282616972,36.82667940085183,1.505850438816634e-11
1969.0282721697765,36.86044841339192,8.212055282073087e-11
1970.332013624666,36.90775186783904,-3.1365520110516444e-11
1971.5833836407155,36.95318458632373,-6.520290440025507e-12
1971.61450302502,36.95431478618154,7.490941351159281e-12
1971.8894148880918,36.964299863628106,-2.311896019239571e-12
1972.0082526100025,36.96861660108422,-4.344393225528917e-11
1972.3932036489218,36.98260159515413,6.288298331684917e-12
1972.7860084802564,36.99687472566422,1.6171119643497746e-11
1974.0395160707653,37.042441740301456,4.451019835935924e-11
1974.0398882335467,37.04245527331441,1.3333032319518792e-11
1974.0569891048237,37.043077117701586,5.653191544315677e-12
1974.4416920263898,37.05706761531762,-9.281946167656651e-13
1976.4782230836324,37.13117558994846,-2.4708121505085583e-11
1977.561141763209,37.170613374828505,-6.962562669102103e-11
1977.9924235305623,37.186325829889185,-4.944348661470832e-12
1977.9971472813256,37.186497944521385,1.3057866663123901e-12
1978.093540102592,37.19001020413723,8.002297478590509e-12
1979.2719545164648,37.23296185776528,4.9798634260758935e-11
1981.8100888796557,37.325560395105235,-8.83088956929515e-12
1982.3997064121809,37.34708834625643,9.565931968674384e-13
1982.4381833689743,37.34849342877563,5.0706982003383196e-11
1982.614440719627,37.354930256318625,-7.980636159112767e-11
1982.657192893739,37.35649162990586,-5.816272784513264e-11
1985.2106625852464,37.44980923564167,2.803908421426494e-12
1985.6622039142562,37.46632349761075,-1.4326064453672989e-11
1985.9769096025282,37.47783547828625,-7.020404898700573e-11
1986.3141365505735,37.49017331486545,7.762940405870876e-11
1987.058759364069,37.51742361831721,3.8869121448320564e-11
1987.3217139081557,37.52704917377716,4.1504237022781556e-15
1989.18904912116,37.5954403588565,-6.217189533626093e-11
1989.547776197012,37.60858609923685,6.107934179394703e-14
1989.8881331743128,37.62106084928701,-2.403591896748052e-11
1991.275193375503,37.67192139147484,-5.551393280300028e-11
1992.795434238461,37.727706092606354,-1.2983000371988138e-11
1992.8510120586025,37.72974630771909,-4.294555771716668e-11
1992.900873694843,37.73157673494259,-1.6698935115245957e-11
1993.0272693891445,37.7362169426917,-2.756195523458941e-11
1994.1034505674854,37.775737362270576,-2.1356609581669344e-11
1994.1718540374522,37.77825005245096,1.826071837267865e-11
1994.5685618285922,37.7928241671657,-7.111062014814837e-13
1994.7711670984254,37.80026852840826,-7.159842454725346e-11
1994.895100702925,37.8048226154798,1.4320443145276307e-11
1994.9293024376216,37.806079448540395,-6.447117780591468e-11
1996.1016282875248,37.84917268525248,-7.72808109760767e-13
1997.4054934071926,37.89713087821228,2.5943560434491924e-12
1998.8280721411318,37.94949126613422,-5.277310144447655e-12
1999.1793175503406,37.96242517895262,5.057927860798278e-12
2001.0624364766918,38.03180603706508,4.065335494801899e-12
2002.3565582353663,38.07952399661586,6.229936571650524e-13
2002.856071611427,38.09795073115606,1.6245378149534544e-11
2003.5170507759392,38.122340902060884,6.128960828455665e-11
2003.8567874307396,38.13488033637614,6.060719935453613e-11
2004.1769134477993,38.146697901814974,1.4861038629945363e-11
2006.2902259996001,38.22475894930732,-3.3769657142787627e-13
2007.378039814955,38.2649724355176,5.220660937671202e-12
2008.367819437019,38.3015808068831,1.2976079011311089e-12
2009.2579998480073,38.33452077689917,1.303651074292296e-12
2010.5232637847582,38.3813653441542,-4.626216249443449e-11
2011.5171945356722,38.418184874307336,2.1389501020632708e-11
2012.0346294228461,38.4373601221709,-9.597405514337223e-11
2013.294549302442,38.48407121305989,5.2814610860858426e-11
2013.3202005984188,38.48502252965302,1.814814441448894e-11
2013.520467795091,38.49245015423228,9.934636669906337e-12
2013.7179771123167,38.499776216604275,-8.797570131029809e-11
2014.5057240284632,38.52900266023041,1.1830960642940952e-12
2014.9032524289828,38.543755824934976,3.995939035838825e-12
2015.0317093311671,38.54852376910892,-8.391777779571127e-11
2015.6737744175418,38.57235990216991,3.145725368639442e-11
2015.7421301878824,38.57489800063724,-2.4933205028955625e-11
2015.8056381551378,38.57725617385223,-3.3847002631704505e-12
2015.8936045594585,38.58052265869569,6.754922562824184e-13
2017.8378930849526,38.652756943887844,1.844114610325682e-12
2021.1779158151087,38.77700816209412,1.2279735226005569e-11
2023.294062237338,38.85583665531977,-8.582893367822744e-12
2025.6122412295613,38.94228573469139,-9.689805194395298e-11
2025.8668933431368,38.95178820610392,-4.069912524326785e-12
2025.880043468152,38.952278942053546,-2.458485180419246e-11
2026.460165542339,38.9739310892055,-1.2210180442214277e-11
2026.6112677344227,38.97957175933841,5.689025701529564e-14
2027.6966192315504,39.020100472626694,2.737628595242129e-11
2028.2341131957412,39.04017936728178,-1.770523017492985e-11
2028.8383215270755,39.0627568308972,-3.5746471881985568e-12
2029.3457649237853,39.081723673011126,1.6917589212355955e-11
2029.7236062613292,39.09584942651986,8.705625298307811e-12
2029.7864175780953,39.09819790830489,6.536388620822915e-13
2031.3489137568995,39.15664220084123,3.2365725834281436e-11
2031.5394376276588,39.16377171546713,-4.032977701348175e-11
2031.590740209868,39.16569160235182,9.645156433664824e-11
2032.9521485084995,39.216657043078534,-2.5639664500843112e-11
2034.5878195092084,39.27793488516167,5.586735673901902e-12
2037.008431652862,39.368709746370364,6.439595113602619e-12
2037.1429291855404,39.37375667492805,-9.282182483868044e-11
2037.6005586101908,39.39093140401736,-5.341988048055809e-12
2038.5112464460121,39.42512079018727,7.235827095890884e-14
2039.019310063393,39.444201345071995,8.839106674412039e-12
2040.4448464808768,39.497763386141344,3.309022297376691e-11
2040.6645525124457,39.5060217858016,-4.210926296786344e-11
2040.6987542307402,39.50730745388067,-2.8259896432073925e-11
2040.910033886364,39.515250091285274,-1.5530800448292973e-12
2041.089049006284,39.521980451313205,-5.1710109587729765e-11
2041.1189755096639,39.52310564370991,-4.0816890109914114e-11
2041.8515165739773,39.550653251837225,4.71351278345436e-11
2043.320253630162,39.60591569158534,-9.21983443276785e-12
2044.5167892089044,39.65096569950091,5.866921406409554e-12
2045.1940005667575,39.676474645274595,9.619334731325944e-11
2046.5319426813176,39.72689658420155,-1.7182621392339054e-11
2048.868042677298,39.81501434105083,-3.829169902072976e-11
2049.487710349111,39.838405092474694,-4.546016561947268e-11
2049.555121346323,39.84095009892922,-6.695345502335484e-12
2049.7067197195743,39.84667378598978,-5.527474826314326e-11
2050.349605273063,39.87095101804925,1.6078635355067756e-12
2051.5193443076596,39.91514330162694,7.35304404337297e-11
2051.577508233764,39.91734136982329,-2.853024517468848e-12
2053.986611232363,40.008438330464394,-1.2120734586071157e-12
2054.2956005157803,40.020130076315,6.215674010763226e-11
2057.1911904792605,40.12978083526375,1.7258446957803884e-11
2057.496400755408,40.14134759457856,-6.511137038367687e-11
2058.7788889780168,40.189969668310326,1.4284229628117506e-11
2062.185376561165,40.31926455172341,2.623167436470342e-11
2062.943521070961,40.34806937385456,-2.28987037197411e-11
2064.0472422544726,40.39002290832892,1.074313881435239e-13
2064.53820488745,40.40869209493904,-5.375749051134721e-12
2064.598057880237,40.410968349169764,3.1444697279109444e-12
2064.772549635924,40.41760477820317,2.9815690077578724e-11
2064.9245965190985,40.42338802073277,5.7456482294656804e-11
2065.588409511861,40.4486417443183,-9.844310505384323e-12
2065.8775877114017,40.459645613336455,5.1254352782295695e-11
2066.0367440545024,40.46570252082619,6.689777840211727e-12
2067.887845273359,40.536182926770394,7.218569817696744e-11
2068.4497974452183,40.55759166225956,1.102357589033878e-12
2069.3479074693587,40.59181910701422,1.0453781997505623e-10
2070.2748751770187,40.62716191518981,1.795598572146054e-12
2070.481431024497,40.635039495621236,-1.0887186917480942e-11
2071.104753507275,40.6588163925495,-1.6491873943605063e-13
2071.5056121448847,40.67411109433844,6.3917876554558e-11
2071.820441608608,40.68612544104454,-5.5704086031621485e-11
2073.3269108257655,40.74363975123941,-3.95263511651558e-12
2073.7410913114604,40.75945975090237,-1.642141805415738e-13
2074.5028143084605,40.788562702118604,3.948809922570465e-13
2074.6100191209107,40.79265950630725,1.51207207285617e-12
2074.6312711335468,40.79347167161908,2.284983697929493e-11
2075.0365290249674,40.80896056860363,5.7694114818013125e-11
2075.172543843011,40.814159713012884,3.955405494079627e-12
2076.188670706947,40.853011780702246,1.3299132408007761e-11
2077.042511195408,40.88567346155536,3.4997114204945994e-11
2078.845516069041,40.954687337436,-1.507947404550682e-11
2079.835991618325,40.992625395802044,-8.61623771913086e-14
2083.0366670090675,41.11534400843439,-2.2102552532075196e-12
2083.757450936414,41.14300595998041,4.027696794948936e-12
2084.8140205018713,41.1835718518504,-6.065498437461626e-11
2085.17809124432,41.19755473385687,9.774450438952926e-13
2088.2601770013034,41.316026371698904,-2.4575416469069676e-11
2088.2947031821823,41.317354507286645,1.902508112500624e-11
2088.798615393156,41.336741245247325,9.818182860028957e-11
2090.813643942531,41.41431108210982,4.683231201061809e-12
2091.1044634620357,41.425512545313076,1.1047045687146638e-11
2091.8328530106164,41.45357468241723,-9.368420237455722e-12
2092.3915986443403,41.47510769506465,3.3942513256928457e-12
2092.4940320094765,41.47905590933604,-1.962153393606577e-13
2092.5400669154765,41.48083035188024,3.021612683633934e-12
2093.221553169782,41.507103207067225,3.4483549887796024e-12
2093.25612703288,41.508436336657496,1.978424654558965e-11
2093.322841360696,41.51100882894892,1.8510323111582472e-11
2094.6265811499284,41.561297253277864,-7.069921628245145e-12
2096.2771667235693,41.62500927868922,1.683614703594174e-12
2096.3028179984153,41.625999804942566,-9.79244624211679e-12
2096.573330243754,41.63644639718401,-5.331147506378112e-11
2097.128869443338,41.657904334693114,-2.0134584792715068e-11
2098.351551888704,41.70515098851713,1.2742531702844042e-12
2100.379482265017,41.78357458873247,-4.3241817822019096e-11
2100.498071722763,41.78816299417573,-4.1657121071586395e-11
2100.772782799559,41.79879297625885,-5.5693138920071376e-12
2101.8477699564946,41.84040311231113,7.119202967470916e-12
2101.855700110505,41.840710148364494,-2.784701076857207e-13
2101.8563203810004,41.84073416376093,-9.198733286111029e-12
2103.1002070957556,41.8889087529266,6.2309566354742016e-12
2103.1272993343173,41.889958327570504,-7.115803984193081e-11
2103.194710296755,41.89256993998383,3.109058143203916e-12
2103.566510706017,41.90697560810819,1.1224818742602915e-11
2103.8366507708074,41.91744397194888,-1.3393065833253308e-11
2104.070747323548,41.92651667866923,1.0300790286734298e-12
2104.1924191322632,41.9312326215361,1.0783637073774672e-10
2104.861327784431,41.95716408128122,6.239017570205288e-12
2106.732735579453,42.029756391688736,1.1429562213093719e-11
2107.389763328773,42.05525793993481,6.735512352859696e-13
2107.528860460336,42.0606578067512,3.7435341083794786e-11
2109.2635091106017,42.1280282523555,-7.498827276736765e-12
2109.5733189258485,42.14006650854076,4.473528692195246e-12
2109.628524518897,42.14221181362443,9.41498111507522e-12
2110.017874286399,42.157343650778934,-1.5630024265239186e-12
2110.2714573876538,42.167200502307224,-1.582427836145248e-11
2110.4315584128485,42.17342428739343,3.5460589862320922e-12
2113.1971727158684,42.281009610405256,-5.563517956877454e-11
2113.3709677507863,42.28777512632282,-2.0429971594743135e-11
2113.5401154113783,42.29436026291598,-6.134562578208107e-11
2114.182676094903,42.31938078295352,-5.417792857664949e-12
2115.8249590555656,42.383363815224484,-1.6593444119352203e-11
2116.9930082879114,42.42890102542112,-3.654684149204231e-11
2117.3989626595267,42.44473332358162,3.7592038233917517e-11
2118.466391662073,42.48637774430066,4.116038488343821e-12
2119.134431848419,42.51245118305485,-2.1466368487844605e-13
2119.1857343873266,42.51445384801415,-4.8157573163453003e-14
2119.7707037360733,42.53729235681683,-2.0802158035583323e-11
2120.37906269106,42.5610507344926,6.4510596474209676e-12
2121.0313666147013,42.58653287879878,1.590986862795227e-11
2121.132483041806,42.590483676882066,3.723011200769271e-11
2123.122604046724,42.66827956470479,-1.1895263907609586e-12
2123.9871321912224,42.702097594200914,7.498348120804906e-11
2124.338377167857,42.71584129168223,-2.0259861744680378e-11
2125.0693526321897,42.744450568731445,1.018597720061872e-11
2126.742382605141,42.80996748196712,-2.956198914056732e-11
2128.151313203213,42.86518209020527,1.3661096715379038e-11
2130.166092917353,42.94420286420748,-3.2592343698700215e-11
2130.5732400977763,42.96018048380195,-4.841352857796402e-12
2131.466005589319,42.99522584330525,1.6763405987175713e-13
2132.5199885536763,43.03661866578265,8.591179237914286e-12
2133.552519082807,43.07718883452452,2.938479026367659e-13
2134.958691719737,43.13247172588206,-3.090135877431071e-11
2134.975792563622,43.13314426017442,1.4474331772387957e-12
2135.592329695672,43.15739475316511,-8.818513858346587e-12
2136.4440321113916,43.19090661058911,-6.59858437628108e-11
2137.4092280333666,43.22890023850475,1.208191337812153e-13
2137.968221543482,43.25091210692298,-5.852318380469363e-11
2138.1879273726545,43.259565188843375,1.1208592725459857e-10
2138.2758936734026,43.263029977997235,-8.24860348374951e-12
2139.3262216338044,43.30441097906814,-1.891538011499145e-11
2140.036641641553,43.33241174928437,-9.972102020947665e-14
2140.5361543502745,43.35210530378531,1.1766505466858114e-11
2140.5874568794015,43.354128193579335,-1.5989012332711842e-11
2141.6594853504325,43.39641001693512,3.3858573247922233e-12
2141.856994424357,43.40420227226706,1.7091286650670527e-11
2142.4667942247033,43.42826502139054,1.0658992795465816e-12
2143.2540439507443,43.45934008862101,-2.8509439512738368e-11
2143.507579292779,43.469350306292746,7.0427259643353025e-12
2144.456991223224,43.50684601383876,5.723507306444768e-12
2144.879721859728,43.523546516511075,5.8085117012330686e-11
2145.4724208016646,43.54696737292489,2.7678972381657822e-12
2146.0822969529986,43.5710737522004,-9.33235548568389e-11
2146.336948775225,43.58114132089613,-4.979243212937476e-12
2147.081322315479,43.6105767117787,-1.4558022616503431e-12
2149.2442454108777,43.696164921465936,-2.3523989256889067e-12
2149.729987699672,43.715397895132185,8.834594997272949e-12
2151.619192226752,43.790242303080056,-7.568244567411976e-12
2151.9911165291373,43.8049845328667,6.170712905428055e-12
2153.937864620044,43.88219075466253,8.318500273725444e-11
2155.952519825207,43.962163616013676,-4.677145913004851e-12
2156.324892646063,43.97695334944392,2.0855430860106478e-12
2156.7283847934373,43.99298194940244,-1.9897071690726705e-12
2156.7497608442395,43.99383119001514,1.348791433995275e-10
2157.82343055398,44.036497415252555,1.472200470294658e-11
2158.070600732696,44.04632264070196,-6.535531628238612e-12
2158.324260096275,44.056406986867756,1.8885053301452324e-13
2158.805354974898,44.07553639361556,1.1288058631879664e-13
2158.882308756401,44.07859664334856,1.2592697799925326e-12
2159.3530877696726,44.097320662959795,1.6275132321680222e-11
2159.9658457772093,44.121697645619456,3.024726382749291e-11
2160.516040649864,44.14359161001791,-1.2189310358239717e-11
2163.1117618201556,44.246958635729584,1.74105748250531e-11
2166.1203461622945,44.366922029015,-7.786112725658969e-13
2166.145997421204,44.36794555650868,1.0624418826852943e-11
2166.6958201028724,44.38988730162978,-9.72119745647246e-12
2169.8875704163192,44.51737030657445,5.6628954489406146e-11
2170.176748342297,44.52892975161098,-6.762457014162407e-11
2170.764427622008,44.5524260776281,4.176406881895375e-13
2171.1201957735343,44.566653329697594,-1.196698901481147e-12
2172.1909070531747,44.60948539303309,-4.517658098505009e-12
2172.731854809403,44.63113315801241,-1.9633985848291096e-11
2172.762477916793,44.632358801396414,4.050216903715204e-11
2173.782182459012,44.673180792168374,-1.0246872559566303e-11
2174.822967248212,44.714866443565256,-1.0675171821159167e-10
2175.424464565618,44.738966792700005,-4.6861854176175904e-11
2176.3688567036916,44.77681944402651,4.013829934359378e-11
2177.419184321352,44.81893744470556,-2.9783940508806716e-12
2178.3445861095342,44.85606277555841,-3.0499616016311494e-11
2178.5900671730055,44.86591364861097,2.485970464993011e-13
2178.913322698783,44.87888721477921,7.763356502763208e-12
2179.657944140829,44.90877924202995,3.7774660657810404e-11
2180.8171178289235,44.95533334916276,9.23418602273306e-12
2181.790863803153,44.99445953783216,-1.4676313383379052e-11
2182.65539151006,45.029211853325435,3.209249512435789e-11
2183.1788662202516,45.050261200420934,-2.3202570219346076e-11
2183.550990847666,45.06522770622556,1.1110680859603721e-10
2183.84016874068,45.076859932985286,1.6216451877798766e-12
2184.5172551838314,45.10410186871162,-2.7491273799521184e-12
2185.008217285155,45.12386054856727,-5.177431524554776e-12
2186.44777028251,45.1818206915756,-9.133052606948281e-12
2187.086876045503,45.20756498549218,-3.1436825999068575e-11
2188.6277934946197,45.26966676543746,-1.953770307369357e-11
2189.2876550211095,45.29627376222029,-3.7111697008109206e-11
2189.4009003755873,45.30084085812657,-4.6456565681317754e-12
2190.146390131192,45.330911768767216,-2.563931961970574e-12
2190.1720413849703,45.331946648687605,1.1552891790627278e-11
2191.255578122207,45.375672166603245,-4.96060677906603e-12
2191.89846285289,45.40162564216043,-7.408701191193236e-12
2194.886863286787,45.522368333751594,1.371227038236288e-11
2195.5065301419504,45.54742581323063,7.058439638382219e-11
2195.6233063754617,45.55214868791161,5.195884982683095e-12
2195.8577749039264,45.56163224480505,2.0935184455986144e-12
2196.8935876547425,45.60353991862638,1.323864750013193e-11
2198.1717990683155,45.65528197821774,1.0629214982705331e-11
2198.848761378111,45.68269763573909,1.7808159159933133e-12
2198.9257151339725,45.68581464760549,5.150422544713801e-12
2201.449377201409,45.7880960273214,-7.95941506045053e-11
2201.490688322987,45.78977129974532,3.252700776329554e-14
2205.2036506790155,45.94046987757236,9.153762552366332e-14
2207.4591863457827,46.03213964386282,-1.5364115586895003e-11
2207.5603026986437,46.03625142227259,-1.193578159347311e-11
2208.051884977991,46.056243725139716,9.078546409766152e-13
2208.1614276930677,46.06069935620837,-1.2521017375955837e-11
2208.730164144033,46.083836166395145,-3.0066147796463194e-11
2209.4534093637158,46.11326716570433,1.6015870462962595e-11
2210.4353333657855,46.15323999542064,-2.1961556025468277e-13
2212.234309036869,46.22651999707348,-7.127102990877303e-11
2212.792357448922,46.24926381913361,-3.406642877622011e-11
2214.5163165199933,46.319561732341924,6.463633848987315e-11
2214.544926066868,46.32072880621009,1.4528622028063605e-12
2214.6688594185866,46.32578461357388,-6.743189274925521e-12
2214.9222705559746,46.336123291804284,-1.0006172028023226e-10
2214.943770650502,46.33700050800295,1.7450082932058186e-12
2215.2313834521383,46.348736094255194,-2.7387352426841602e-11
2216.433633364766,46.39780850112451,-3.6960412058134875e-12
2216.5255026542177,46.40155943808516,-1.0921994968611752e-11
2217.5159770172286,46.442009451549694,1.3791732506751293e-14
2217.550550843332,46.44342173952738,4.459424852859687e-12
2217.817856400986,46.45434150641277,4.443420618942229e-11
2219.9517201532294,46.541559705444165,-3.346173240695154e-11
2220.5104651713013,46.564411353138276,1.212344486129028e-11
2221.4417068626362,46.602510212100384,6.611439427771477e-11
2222.3256731527604,46.638689723733805,7.125928039306802e-12
2222.3262934226195,46.63871511557057,-1.1253940931256698e-11
2222.5367520420227,46.64733101818012,1.0169376872547457e-11
2222.7454452190696,46.65587545153834,-2.525204722861715e-11
2223.966885811948,46.705900447685394,-3.782287691502921e-11
2224.035289136822,46.70870276869559,-2.2096945955952195e-12
2224.272095640224,46.71840483180476,-2.0614891159522776e-11
2224.3066217807136,46.719819468740546,-1.2898954819879239e-11
2224.3579242742358,46.72192152247196,2.276683177843487e-12
2224.421680229201,46.72453390834314,-3.497624242679118e-11
2226.47041187842,46.80852008708895,4.551322704118399e-12
2227.421712654929,46.84754421668864,-1.603921423025569e-11
2228.2168919745623,46.88017674435636,4.547463492912638e-12
2228.891640148947,46.907876160033055,-1.9892233403713552e-11
2229.44429679466,46.93056978463152,-7.32903255813921e-11
2229.7035481280577,46.941217306741834,1.263352831249502e-11
2230.020266655674,46.95422670215486,3.867118714813982e-12
2231.6853650198727,47.022651967115934,4.0092313934789377e-11
2232.322781480425,47.04885936685215,2.5894141507537183e-11
2233.8524377693157,47.11178176901093,-1.5069546268206614e-11
2234.851586467213,47.15290501596114,4.0823600741273975e-11
2235.2942041799456,47.17112827955652,-2.732245094214267e-12
2236.2949178844215,47.21234253119174,-2.0300785216496684e-11
2237.665370336502,47.26881435022689,-4.6049682872994755e-12
2238.390304463967,47.29870048187542,-5.6520441244097566e-11
2239.264651421456,47.334759185363495,-6.062235488131149e-13
2239.315953909038,47.33687537458959,1.52827820880334e-12
2239.6595928828547,47.351051475136885,2.1788496883099861e-13
2240.7773308536234,47.397176440421724,5.0421424561154125e-11
2240.983886397576,47.4057027530015,6.646572330521628e-11
2241.872375869058,47.44238726783794,1.2401903856229464e-10
2242.3015189801827,47.46011120784865,-1.9351023269223862e-11
2242.761237496367,47.47910169915183,-7.87750686617433e-11
2242.778338325106,47.47980819161061,-2.2928817199837918e-12
2243.8122611978015,47.52253301391035,1.4250803774237064e-11
2243.95530889955,47.52844572856487,5.12256991124179e-12
2246.5168266700434,47.63438697030261,1.4917382183483797e-11
2246.585229983031,47.63721770455387,1.4701473533326628e-11
2247.6389638433848,47.680835262744374,-5.039108737685203e-11
2248.281523810704,47.707443001428565,1.690146073474821e-11
2248.921325901673,47.73394409602361,4.898254260197657e-11
2249.3995861861963,47.75375892977296,2.3085350576229097e-11
2250.4787231578207,47.79848420493781,-3.464675017396715e-12
2250.6360374366923,47.805005951376565,-3.9874162765530724e-11
2251.177309333218,47.82744883425486,-4.338212528097419e-11
2251.2414374368827,47.83010815034719,-4.2486936025905635e-12
2252.023094350884,47.862528620820804,8.041407163472584e-13
2252.650194857127,47.88854675384191,2.4262006267802295e-11
2253.4085098629266,47.920018596798116,1.5144495829231632e-11
2253.848169215897,47.93827033738216,-5.551247227110722e-12
2255.078904254656,47.98938122888795,2.722768320034635e-11
2256.2701413034,48.03887839126803,4.8794040258567075e-11
2256.814371474169,48.06150043098928,3.4360442764076846e-14
2258.304978032166,48.12348847636364,-1.1107838198374296e-11
2259.2701729992805,48.163648699263334,3.262548051996889e-13
2260.506576474409,48.215118546684515,2.5518123100351604e-12
2261.671341541618,48.263631941038746,1.0495513314611282e-12
2262.2412229297997,48.287377060349996,-8.286053366225993e-13
2263.9775107503465,48.359759453292035,6.782884800912682e-12
2264.4594736015406,48.3798613748349,-4.5466039365278803e-13
2264.755264545246,48.39220047429362,-9.845329186129434e-11
2264.907807385124,48.3985645217082,1.7982129370191958e-12
2265.349651987363,48.41700058192618,7.106250831833505e-11
2265.7463588126125,48.43355632268041,-2.235911893768325e-11
2267.4108364569006,48.50305146133844,-1.0015312499271548e-10
2267.4450381080496,48.50447998106498,-6.756099353652207e-11
2269.860177295621,48.6054089505851,2.494940544970167e-11
2270.13118536717,48.61674111671029,-6.71193525124613e-11
2270.491925086685,48.631827498651965,3.2885185635582746e-11
2270.6313178232112,48.63765764038398,-1.1223323410232517e-12
2271.2924958388976,48.665316478335185,3.680932021655198e-11
2273.053241925282,48.739012454741605,-3.974934199797653e-12
2273.136808870567,48.74251156634502,-3.622686098532454e-11
2273.3370756091012,48.75089765030063,1.1545477774112562e-11
2273.5912309567825,48.761541360435494,9.886231456816183e-12
2274.488022516098,48.79910738308206,1.3245526855736026e-13
2275.33758637786,48.8347087326336,-4.310412874371139e-11
2275.955811885418,48.860624103778584,-9.486427087730123e-12
2275.9985639466713,48.86241648604827,-5.33930887506795e-11
2278.334659354667,48.96040858470733,5.711337990629326e-11
2280.0530254522837,49.03255298611016,-1.5780049879061598e-12
2280.109920039586,49.03494259592219,2.2040223861676573e-11
2280.1465837685464,49.0364825280688,-3.8889227712759485e-11
2280.397284591284,49.047013005867335,-5.355774483585871e-11
2280.4357614451683,49.04862929632477,3.700508695171368e-11
2282.364958202863,49.12970368912641,-1.4731222658003125e-12
2282.7380272922674,49.14538980888894,2.7077013874463494e-12
2283.9527300469963,49.196481149664216,2.8169842233377734e-11
2287.0011053060202,49.32481787198007,4.497791105068387e-12
2287.495721955824,49.34565739345244,2.662794037227328e-11
2287.909901701753,49.36311135999075,-1.2869420124835462e-12
2289.9754850921986,49.45020437555829,5.102077481516763e-13
2290.8945973209698,49.48898298211767,1.1794401291023212e-12
2293.146552958903,49.58406185364881,-1.383025655165294e-11
2293.438564850944,49.5963976069597,6.315419163622995e-11
2293.6381349204084,49.604829150566694,-8.746433092536452e-12
2294.0047911712486,49.62032175317221,1.5105427106091617e-12
2294.0646440492055,49.622850997004754,9.771073732145786e-12
2294.2647867035503,49.63130904074737,3.7947704836538366e-11
2294.416833295103,49.63773503443703,-2.3413648921663488e-11
2294.471094058132,49.640028377509694,-1.5242707563075655e-11
2294.834667956542,49.65539630739524,1.888548877234989e-12
2295.3185201946494,49.67585206712406,1.2121131085067743e-10
2295.894365719774,49.70020263573975,-5.733165318583092e-11
2296.4852508319195,49.725195527501555,-1.8068347605588325e-14
2299.059965392099,49.83417427508612,-6.361464929688317e-12
2301.9009641776606,49.954565622045365,-3.6599191242791126e-11
2301.9712092740388,49.95754424100565,1.674876595802851e-12
2302.6667128369186,49.98704074362356,-5.83606303056699e-12
2303.8677691095804,50.03799885951329,5.120459783868333e-11
2304.0208844921112,50.04449711047667,1.070073106052101e-10
2305.9161273912073,50.12496739735449,3.0247196525769784e-11
2306.949725308586,50.168880905236094,7.233705149030508e-12
2308.3120751716433,50.226791853165274,-2.4035586446716227e-11
2308.6425638785495,50.240845463626236,7.430368805662111e-12
2309.688939707736,50.28535452978197,8.741918177453944e-13
2309.909637671978,50.29474480337857,-5.241999126331777e-11
2310.4117358503777,50.31611145703809,-2.258030786563322e-11
2310.445937490971,50.317567067643,1.3194415486068971e-11
2310.648542202653,50.32619029960864,6.494347802863906e-11
2311.6527862362677,50.368943949254955,-1.0103111392179331e-11
2311.725464721889,50.37203880902162,-6.068892618332046e-12
2312.245732515268,50.39419615516974,-1.9485345923002362e-11
2312.503218249993,50.4051638918657,-6.868098836194524e-12
2314.2805684224845,50.48090434267947,9.046867386729306e-11
2314.311687712324,50.48223098632769,-3.080888983996773e-14
2315.7534532743534,50.54371432308089,1.467344486287969e-11
2315.8639883326914,50.54842961305521,-1.687912056190231e-12
2316.4489567702417,50.57338739611399,-2.681939973963064e-11
2318.2908071283878,50.65201143993459,4.1263919574969646e-11
2319.717036848265,50.71293659467394,-6.86847958322303e-11
2319.8008518736005,50.71651813969091,1.5909837141794447e-11
2321.2138838027217,50.77691864928333,4.848005945962964e-13
2321.761119699316,50.800320305945164,-7.30180619773174e-11
2321.7953213372202,50.80178306674551,3.645910851987236e-11
2324.186621487462,50.90410937095466,1.052953221889749e-11
2327.0444724871604,51.02653805458417,1.8395958860851577e-11
2327.800601802571,51.05895536556578,-1.1795800808788652e-11
2327.929058363372,51.064463692704024,-1.8796710926416236e-11
2331.3142864614215,51.20973472094671,2.2122015720533687e-11
2331.682956164488,51.22556827058157,3.0700898590605154e-12
2332.652673939598,51.26722746136628,-3.9280275793616444e-13
2332.817422049958,51.27430678117609,7.272599312022811e-12
2333.0244736724944,51.283204615942694,-6.776953704049144e-12
2333.303163654873,51.295182283826676,3.763330760565894e-12
2333.3544661076858,51.29738734046745,-3.774080409215566e-13
2334.5994193407237,51.350912167731146,-1.94024625049323e-11
2334.9712190687196,51.366902654974815,5.6445896218253083e-11
2335.3577339032404,51.38352871399822,-9.632207897883267e-12
2336.170633687075,51.41850483788127,3.242617149492285e-12
2336.528615367252,51.433911349341464,-2.8504748198530716e-13
2337.511034669554,51.47620400525364,6.068086243171846e-11
2337.985840140666,51.49665051414408,-3.5292233775785383e-13
2339.4070978254654,51.55787883672168,3.1628182459753316e-12
2342.12498327842,51.67506999130427,-1.3167026131538842e-12
2344.436743292049,51.77485671623256,-3.6427255521716586e-11
2344.4666697206167,51.77614913083969,4.175109413770439e-12
2344.4880457410195,51.77707229423081,-7.225004705689601e-11
2344.505146557339,51.777810831003855,-2.7033743445657527e-12
2345.2401478710626,51.80955858830741,-1.3726865510946322e-11
2345.262344584646,51.8105175112938,-6.338045855645899e-13
2345.6692906655444,51.828099648062924,1.5927880413572384e-11
2346.620590624658,51.86921253674306,-2.536652961346266e-12
2346.865451111072,51.87979751373952,5.991875732174632e-11
2347.4494746783557,51.90504849585559,6.420292689782423e-13
2349.5463005557936,51.995759132975046,-1.42218652881831e-12
2350.4978485981046,52.03695070224669,4.943779779362046e-11
2350.5323747072093,52.03844561677273,2.0514593000867258e-12
2350.598964845606,52.04132890449171,-5.55296019182072e-11
2351.8093918261216,52.09375344300642,-1.9952167732796187e-11
2351.894895903538,52.09745771199735,5.053917958227665e-11
2352.453640389782,52.121667356978385,-1.8310735698961695e-11
2353.1861319012282,52.15341393753838,-2.1444938113375435e-13
2353.384881195603,52.16202954475199,-9.985636518628721e-11
2354.6886183141346,52.21856344452605,3.8139613863670554e-11
2355.5404433587364,52.255518011049304,-5.728778029988537e-11
2356.3648517357865,52.29129589319155,5.2826618184606976e-11
2356.541805162017,52.298976994519755,3.8195050414370674e-11
2356.635487482681,52.30304374097751,8.35337195541988e-12
2356.776273414465,52.30915555767598,-4.851979543306087e-12
2358.4135814482665,52.380261395322684,-6.874122058183417e-12
2359.9419958254684,52.446682708984795,-2.6147905634516287e-11
2360.5892026496804,52.47482177252684,-4.575820142129237e-12
2360.8348074366118,52.485502123176744,3.004436975137239e-11
2361.139024535213,52.49873282481991,-1.3835385016268917e-12
2361.250008091445,52.50356003355122,9.807320663048746e-12
2361.453729218248,52.51242143582099,8.131511852057145e-11
2362.7472267904805,52.56870345387063,1.0290411161886734e-14
2363.011125242917,52.58018985646295,-6.20616168946407e-12
2363.62852968322,52.60706791669413,-6.055368917791948e-11
2365.784091701709,52.7009631204438,-1.6447705176057618e-11
2366.447158776673,52.72986320427225,-6.171814132059463e-11
2366.7519961333683,52.74315239839484,-1.6925512633343975e-11
2366.794748167896,52.745016283498465,-6.165818224089958e-11
2368.7584698883725,52.83066608196715,2.615390855390375e-12
2369.6315468177468,52.868769066723786,2.149425305118527e-11
2370.05390457692,52.88720672144753,-4.968363318863613e-11
2370.3334628678936,52.89941239889648,8.536598740996567e-11
2372.8437999847006,53.00907968163379,-9.432036523138243e-13
2372.8607767440008,53.00982172821893,1.1473295216969676e-10
2372.97402194727,53.01477176142318,-1.9789349811607665e-12
2374.24467375797,53.07032910587803,2.922692775091196e-11
2374.930309667468,53.10031986141198,-8.987675074579134e-12
2376.1327586350367,53.15293771514383,-4.1183792386010604e-13
2376.4002356285237,53.16464583753289,6.036742664329378e-11
2376.944465346131,53.188472172447064,9.703534931506253e-14
2377.060096255686,53.19353518746929,-9.515856368088524e-12
2377.215473218378,53.20033891101236,-8.198223282346352e-12
2377.284200946781,53.203348536747086,-8.792618186792016e-13
2377.6697709267523,53.22023447551993,6.877859967017064e-11
2378.5283808104477,53.25784691511619,-2.2204448693597872e-11
2378.5673061702137,53.25955240914177,2.1178017707437204e-11
2378.774806261996,53.268644386738586,-1.3589476611994077e-11
2380.289001550059,53.33501549936981,-6.101904683532298e-12
2380.441048053403,53.34168242596058,-9.059587557596676e-11
2381.208237271554,53.37532859135793,-1.0039574408259327e-12
2383.1845839952703,53.46205400496707,6.41703531899827e-12
2384.9882811899643,53.54126606387291,4.883032613099982e-12
2385.2250874247457,53.551670214181016,-9.482028209390592e-11
2385.7913133955385,53.57655170363844,3.3241795256966495e-12
2387.2898487666816,53.64242986925078,-2.1958144672990346e-11
2387.388875072378,53.646784691286165,1.165292855286636e-12
2388.213283280078,53.68304622147003,-7.369629872299225e-11
2389.3553067208827,53.733298716467644,3.976668358096116e-11
2389.64391159836,53.746002009199536,1.6017546264723638e-11
2389.9824543170575,53.760905331914444,-3.787651515235277e-11
2393.342726463275,53.908945659766076,-4.235058761318237e-13
2393.6144786302757,53.9209270783475,-1.5851941141643316e-12
2393.742066759002,53.92655284508989,8.772044780534854e-12
2394.8499362223088,53.975414942799155,1.3703738284903398e-11
2395.0919623918994,53.98609241017293,-1.3282789803223754e-11
2395.1475400267404,53.98854448076521,-2.4120249548855437e-11
2395.7644481249945,54.015766124388776,6.114214936263209e-13
2396.365448264763,54.0422925561767,-2.485028408115538e-11
2396.468377605991,54.046836231022844,-6.532175494886235e-11
2397.7026423214834,54.1013363582545,-1.1734410817897091e-11
2398.295588264058,54.12752842663132,-2.245423067019775e-11
2398.495358617818,54.13635429630548,6.51845426373183e-11
2398.685881926968,54.144772315715116,1.8520017571851792e-11
2398.7500099657263,54.14760587835647,-4.0086614580202895e-12
2399.3881700091115,54.1758077570051,1.0204098838471959e-10
2400.7308320976035,54.23516782785964,1.2189591342285609e-12
2404.315008247173,54.39378951352396,-2.0093254969091747e-11
2404.6530547195844,54.408762346542716,6.373781302341879e-13
2404.73000836324,54.41217108937378,8.34096969080702e-12
2405.534357377759,54.447807106531585,-1.493170000523703e-11
2406.1657324292573,54.47578800445763,-1.314116526154942e-11
2410.02601217003,54.647025247333715,5.943559126661822e-11
2410.2834977400385,54.658456754695614,2.8693838779323783e-11
2410.4836402403994,54.66734326307972,-5.261582978576828e-12
2412.0530406954003,54.73705164369881,-3.328850775516393e-11
2413.017366281412,54.77990679421662,-3.12197730550083e-11
2413.276617286372,54.7914309707154,-3.905716053254483e-11
2414.37712906564,54.84036449426194,-2.0020488436582793e-14
2414.5344431692292,54.8473611836232,1.195403971975093e-11
2415.3963356266972,54.88570273371699,-2.935796614837037e-12
2416.014436502062,54.91320756605484,6.568354889879963e-11
2416.9550480292583,54.955077283467,4.623565700721672e-13
2417.5266178909983,54.98052770139784,6.162276735878779e-13
2417.732801024203,54.98970994043972,2.5258323657760705e-13
2418.038583029316,55.00332919586847,-2.5508837328001003e-11
2418.9442199193154,55.04367555296187,-6.793247571270023e-12
2419.8166763048935,55.08255799810551,2.9684563932402804e-12
2420.188599883641,55.099137643102054,-1.2922580032904673e-11
2421.036025319652,55.13692377265046,7.979654142340821e-11
2422.589765827723,55.206238377474946,-5.4442676324114375e-11
2423.142917954053,55.230926025597135,-9.520881100518127e-13
2423.266851126629,55.236458040976686,-1.24974055091907e-11
2424.35322032523,55.284962503746414,-2.045203444156283e-11
2424.8454985023322,55.306949011106596,9.669939264403952e-12
2425.0896622282294,55.317855695750744,8.281770602460533e-12
2426.2078950049718,55.367820686458934,-5.731436709648929e-11
2426.351391061306,55.374234059409254,-1.6725742364085144e-12
2426.3859171538606,55.37577721562632,2.913098904665753e-11
2428.7135075145743,55.47986034900294,1.1385897672873483e-11
2428.9333369320666,55.48969564482819,-1.048219954411534e-12
2430.516507563253,55.560553908960976,4.811244391012408e-12
2430.9570347697513,55.580278878522485,1.0107256503762661e-13
2431.6336238193826,55.610580673544376,7.236184529489721e-11
2432.97300287236,55.67059112717218,-8.40250031490287e-12
2433.84406590612,55.709636564011305,5.527761451104583e-11
2435.034185045546,55.76300629754878,-1.07318536206737e-10
2435.068386658642,55.764540421244426,2.5836748716249916e-11
2435.248546398894,55.77262189655824,-2.6231530952970357e-11
2436.0196860818446,55.80721987923487,-1.3679299611108972e-12
2436.49424314917,55.828516819602385,-4.8005002280082394e-11
2437.370278005255,55.867841981512385,-2.4170159462662897e-11
2437.421208262815,55.87012867311261,3.61631231710828e-12
2439.235965022002,55.951639693272675,-2.4907509019757853e-13
2441.8527325748896,56.06928037312348,7.917253612391104e-11
2443.364417514246,56.137297900391246,6.9712379906272804e-12
2446.175363190142,56.26388694332323,3.5747064679972405e-13
2446.9313678810754,56.297957941653365,1.1598112047894373e-12
2447.297002651393,56.31443984635821,6.224743345849607e-11
2447.9195026638236,56.34250626177344,5.6825399043203836e-11
2450.2338949618857,56.446916968983075,-6.232293396859716e-11
2450.8938793445086,56.47670936030343,3.713873840156383e-14
2451.784056637748,56.51690561198547,2.706426808103801e-11
2451.9603133203623,56.52486627233049,1.0404376854742807e-10
2452.003065332462,56.52679725980961,3.159967678097813e-11
2452.2232668809766,56.53674367430593,-4.2367799256060015e-12
2453.433196881859,56.5914116581451,1.0627765069517603e-11
2453.4844992959393,56.59373023905271,1.1976896851079088e-11
2453.949685219407,56.614756242357885,7.31868897625904e-12
2454.064943913231,56.61996645228683,-1.016658154164514e-10
2454.217486563306,56.62686244052024,2.436754822947977e-13
2455.017560137872,56.66303834784457,1.959148000346382e-11
2456.2829436796446,56.72027765513668,-1.2400485999296532e-12
2456.3214204895667,56.722018606055634,-1.0573133086181821e-11
2456.7098245231946,56.739594156585675,-2.642612254035293e-11
2456.998381599349,56.75265336255874,7.294154030864347e-12
2458.8936226472483,56.83846426462369,-7.759938299347893e-14
2458.9875530162894,56.842718874460836,-2.778431104167116e-11
2460.3168928065193,56.90294922425877,-4.641738860704452e-11
2461.143113773782,56.94040043413058,-2.420532797267044e-11
2461.789079657668,56.969689742451564,-3.8621319369928964e-11
2463.109916708231,57.02960290585327,-1.096571428546951e-11
2463.389226732935,57.042276523914715,-2.4950465492574026e-12
2464.275128760779,57.08248360023706,2.993396935990076e-11
2464.7604978056734,57.104518430648284,-4.354934941187543e-12
2467.919232732638,57.24802499955609,6.183352727637529e-13
2468.1137066859606,57.256866280110735,-4.897479867086174e-12
2468.7993422050945,57.288042572532056,-6.093402373696154e-13
2469.456368223819,57.31792609741265,-7.912078376749088e-12
2470.9676043895206,57.38669185606189,6.048257709155923e-11
2473.4215893568307,57.498445122654715,1.59175162062728e-11
2473.930471980028,57.52163327355013,-1.2364308852564947e-10
2474.2844262615636,57.5377646491229,-1.0071235158458139e-10
2474.6750919092156,57.5555718150523,-1.7190650351980083e-11
2474.7392199189753,57.55849514106744,-9.060187643168757e-12
2476.719544941183,57.64880711229498,9.009574670582284e-12
2477.075312339831,57.66503940428347,-6.904897133343797e-11
2477.52685190591,57.68564476773672,-4.773243014934711e-11
2477.6123559175358,57.68954704416976,-2.405662747677853e-11
2478.6279835380005,57.735909084602355,-3.5631001982957294e-12
2479.0173322683845,57.75368737090194,-1.796070577220742e-12
2480.021079025593,57.799532933593824,3.363973567786419e-11
2481.1417735219793,57.850741946244966,-1.542744990761436e-11
2485.7479119792724,58.06145778581318,1.8328401363188725e-11
2487.4407486531,58.13899776388231,3.735172608960434e-11
2487.483500656533,58.14095669255813,8.652438391802824e-11
2487.662391118381,58.14915395209906,-2.4648862412582623e-12
2488.1698327393888,58.1724095491628,-3.846701801060081e-12
2488.2211351432993,58.174760956607194,8.930473235738032e-13
2488.2786786102315,58.17739847621109,-6.386185113137422e-11
2488.7078210299196,58.19707025301886,-1.6343488348652498e-11
2489.1523751809546,58.21745207692597,4.870173237607636e-12
2489.582166553671,58.23716052123967,-1.6142109355958153e-12
2490.4561112255433,58.27724648226327,-1.860136934205111e-12
2490.5236460536216,58.28034474508341,-6.07832741657254e-11
2490.5909327741715,58.28343170914728,-1.4204140096361186e-11
2491.280843406571,58.31508807551488,2.269615337268941e-13
2492.1323432689596,58.354171009510104,-2.576448062759331e-12
2492.875522160687,58.38829304214057,4.0602633930770866e-13
2493.109866166132,58.39905473344156,5.7795456189963185e-12
2493.8885635628967,58.43482182564941,4.394943663175566e-11
2494.1810713008113,58.448260163240626,3.352631118728356e-13
2494.221513965106,58.45011829682997,2.7664060774022958e-11
2495.212606773911,58.495663358838584,-6.947702049493552e-11
2495.2257568519385,58.496267784237546,3.123405862859676e-11
2496.075815734408,58.53534633958338,6.849125446569441e-11
2496.6022953084453,58.55955611571212,-1.465316942118235e-12
2497.414201861029,58.59690104996037,-2.4830576996132834e-12
2497.7271408474558,58.611298418879215,2.4841715743721872e-11
2498.21760569349,58.63386684074973,-1.5167681684692012e-12
2498.561244087924,58.64968177861177,-2.256464226099752e-12
2499.396015276974,58.688108706865044,2.9533098326516416e-12
2499.597426897337,58.697382187522294,1.0010868886043825e-10
2500.426930451627,58.73558242398657,-1.6471259699709338e-15
2500.936433266674,58.7590522935711,-2.8905030397202583e-11
2502.5622311893103,58.833975444322974,3.0071773603135353e-12
2502.967688237757,58.8526680823519,6.46031337810439e-11
2503.048917037286,58.85641330810274,-3.210131639099904e-11
2503.0689761296776,58.85733819373242,-3.0630608699800325e-12
2504.1439601904813,58.90691445426427,3.998406732628355e-12
2504.803820317968,58.93735651658599,-6.870355676134267e-11
2506.1009430262025,58.997221503392645,-4.16344763717901e-12
2507.5132767006376,59.062438967470165,3.431653438437595e-13
2508.343276433891,59.1007830844195,-9.117561139379031e-11
2509.8250344043804,59.16926851264097,3.829901918212362e-11
2510.0121507662793,59.17791972706395,-1.425447768935094e-12
2510.452181557846,59.19826683241516,-4.6338324081554606e-11
2511.1586966990426,59.23094368433498,5.2816555126864385e-12
2513.228428354363,59.3267232395873,4.285477491482492e-11
2514.295854386095,59.37615062600992,1.0829490677746234e-12
2516.390368828083,59.47319855442435,-4.737643657866018e-12
2517.1358569583062,59.50775974928962,1.9031721776420703e-11
2517.30771432289,59.51572859292324,-5.866460574723275e-11
2517.3761175171585,59.51890052782527,-3.998936938690744e-12
2517.7625078720016,59.536819512120196,5.720989147019984e-11
2518.544163456011,59.573077465158654,4.1174947468193246e-11
2518.9520538601782,59.59200237858667,-3.1296974212254343e-13
2519.331907358614,59.609629218148584,-1.759992600278809e-12
2520.1776432459897,59.64888455533858,6.6433371581837e-11
2520.3907352723477,59.65877742733702,8.242277524409436e-13
2520.7625345836427,59.676040343556004,-1.4723475631720488e-11
2523.044365725172,59.78204321613729,1.959503076321633e-11
2523.420068069487,59.799505731525194,-2.807266871346844e-11
2523.874489442474,59.820630554595866,2.9580589656683504e-12
2523.9807491610923,59.825570830833584,3.5942929846354e-12
2524.9695324721492,59.8715517768033,-2.5252923826586265e-11
2526.5367942983776,59.94447034575405,-2.249955482900094e-11
2528.314886475398,60.02725281344918,4.5010034729443616e-11
2528.716688536646,60.045967540854704,4.285903551717642e-13
2529.3819402594877,60.07695949647306,7.731257115170121e-14
2529.4142046784955,60.07846280010963,8.033372813232391e-12
2530.032429206012,60.10727158433381,-1.3227833806917872e-11
2530.693033563692,60.13806301671929,6.0544523667216e-12
2530.7532108318787,60.1408683391054,3.510415456340242e-11
2532.1738466100355,60.20711440595369,1.0115612180476949e-12
2532.605451004378,60.22724803502165,-9.402721772098143e-13
2532.848593465342,60.23859173855548,2.979142857685948e-11
2533.4184738823174,60.2651835237073,-1.0010488634864881e-11
2535.1556271241684,60.34627955691076,-4.976708228557314e-12
2535.382317739893,60.356866321575495,-8.499024928221885e-12
2536.3817126190343,60.40355072776863,2.8024879558764314e-12
2536.759056321437,60.421182245555116,6.629743008693994e-13
2537.778262174532,60.4688181087979,3.584900851496672e-11
2538.2025090112766,60.48865228929327,-6.4633916149786795e-12
2538.8285872697347,60.517928450233356,2.6944292536245255e-12
2539.9121215224172,60.56861285676187,4.099914447565378e-11
2541.212030541097,60.629447146724324,3.1405162014779026e-12
2541.3018097221543,60.63364986123537,7.282435181969892e-13
2541.534340544281,60.64453571051974,-1.07843645974577e-11
2542.332724664693,60.68191936519904,-1.0202114613675744e-13
2542.4266549905783,60.68631834446754,7.946788036551012e-12
2545.219629949004,60.817194229501936,2.3387874345683683e-11
2545.6145706447737,60.83571233355355,1.2571751483146918e-11
2545.990969582872,60.85336371986782,3.7631088542058414e-11
2547.8204880187523,60.93919692621886,1.6235345629105313e-12
2548.307173749022,60.96204052857591,-4.615552098487376e-11
2550.0200689390877,61.042473511957255,-4.5020723625280023e-11
2551.4267338073223,61.10856715388557,1.2365244265428506e-13
2552.1033224029024,61.14037036923476,6.969104676327693e-11
2552.1542526280414,61.14276469841273,2.3774955687100817e-12
2552.9841281107138,61.18178549517034,-1.8785649295764188e-12
2554.2329063925813,61.24052703556958,4.673630045090102e-11
2554.5327715802173,61.2546367334124,8.222698796046909e-11
2554.711661977624,61.26305493631622,3.3131758255334313e-13
2556.06583157311,61.326798407895495,-1.7557344217935222e-12
2556.2933905400623,61.33751337878967,-1.0318714389846811e-11
2556.4336800932933,61.34411960775569,-7.474111399516755e-11
2557.2671341178143,61.38337439639699,-1.8939138157560577e-12
2560.7034882672133,61.545358122348674,6.676787647705426e-11
2561.9753315608637,61.60536574366563,2.7953124820945443e-12
2562.0328750051026,61.60808144089688,-2.3520774396261995e-11
2562.8206187279156,61.64526424047871,-1.1727213560291174e-12
2562.8551447943114,61.646894189088314,1.3810164851840734e-11
2563.125083578369,61.65963854507355,-7.956914650372528e-11
2563.2009206700764,61.663219209083856,3.869718338187993e-11
2564.138248655282,61.70748409103206,-4.88582515065243e-12
2565.6226400040264,61.77761689724117,-7.816868150254562e-13
2566.0708489027506,61.79880133115037,3.907114096899904e-11
2566.3053168706624,61.80988485037791,-1.1344127210970773e-11
2566.4401383648237,61.81625844654604,-2.2301666240718436e-11
2566.525022067132,61.82027143869578,-1.1109297627686235e-12
2567.011383273137,61.84326738325607,-3.902226539944734e-11
2568.9918313679177,61.936951168844566,7.25775782804354e-12
2569.611496729072,61.96627886808843,-2.695975664353304e-12
2571.8446587223934,62.072029274369136,-5.319243538912252e-13
2572.472750417717,62.10178883317016,3.8659086979390286e-11
2576.001221489081,62.26910610040258,1.0701505341215556e-12
2576.078175059092,62.27275773236259,6.1002486464926355e-12
2576.3315856165364,62.28478344380073,-8.936832511870954e-11
2576.915608407531,62.31250301136926,-1.804002243671953e-13
2577.6201574414326,62.345951497089125,-3.861366587945134e-12
2578.664842532602,62.3955647829102,4.106386290588757e-11
2579.363303240327,62.428746691861676,1.985698533843943e-12
2579.8624900095483,62.45246716138392,-8.58255911658329e-11
2580.341818116972,62.475248302457544,-1.513246186359954e-11
2580.442934230434,62.48005461263014,7.642506576789391e-12
2581.868465111523,62.54783382350394,-1.6379353345642092e-11
2582.9268441508552,62.59818040929347,2.049620520667762e-11
2584.1892685294633,62.65826031930438,8.490915890483049e-11
2584.2353032796905,62.660451709194376,1.8293379145200433e-12
2584.6110055051895,62.6783377026149,-1.8564330200825798e-13
2584.963814408651,62.695136184746964,-6.605885161279794e-11
2585.950011278339,62.742104674937956,1.17333997625166e-11
2586.001313655795,62.744548485855304,3.0395840816887567e-12
2586.0079268766826,62.74486351301746,6.087851596948126e-11
2586.101609074247,62.74932624148913,2.5956404648130062e-11
2589.3867370909975,62.905921754209835,-4.282900282281947e-11
2591.448785886674,63.00431706979329,3.374848637690037e-12
2591.452564869937,63.00449746441741,5.92321172396515e-12
2593.0860917294367,63.08250060286446,3.6558213467904126e-11
2593.891260598566,63.120966601056935,1.9473489699380202e-11
2594.754096952967,63.16220085137454,-9.699495793451795e-11
2594.7549653287524,63.16224235725772,1.3550823470824016e-12
2595.236058838629,63.18523938901463,-1.1476811398573836e-12
2595.26171002618,63.18646567612902,1.3632675765240109e-11
2596.8494789013753,63.26239454822708,2.544314066698823e-11
2596.917882067627,63.26566670706926,-2.176372123738496e-12
2597.2084524729325,63.279567499799754,6.086351444784316e-12
2599.4687063065517,63.3877504029648,-4.4416186893593654e-11
2599.545984344968,63.391450838256816,5.460954173163638e-12
2603.881112415728,63.599213301850305,2.3885728418730094e-13
2604.4717483473455,63.62754652248558,4.886754063843352e-12
2604.7058441093823,63.638778038877376,-3.9782448926168097e-13
2604.9376782186146,63.64990203990195,1.149637548320561e-11
2606.5966844189174,63.72953434637582,-4.404234167787534e-11
2606.6821883726543,63.73363991044935,1.3683930500855672e-11
2609.0941162505997,63.84950669484059,2.275877054058282e-11
2609.755092504355,63.88127808998979,-1.8960384963219483e-11
2609.9327899992963,63.889820915190164,4.791555380691284e-12
2610.2083971945162,63.90307190990647,-1.6322631848267495e-12
2611.887958648261,63.98385425564179,-8.391636173326885e-12
2612.685197316751,64.02221745775329,-1.622310648872431e-11
2613.379754871054,64.05564917787012,1.1732764128762078e-12
2613.8664404415404,64.07908051676709,6.546323904709232e-11
2614.0893519844035,64.08981398670761,3.509578144642129e-12
2614.817738953137,64.1248931133782,-1.3700438492950308e-11
2615.2573973476615,64.14607179773625,-4.957967446490371e-12
2615.643787509838,64.1646874499388,5.043956902957378e-11
2615.6822642873412,64.1665413493267,-8.499809529782391e-11
2616.0672134883434,64.18509058598737,-7.282036423809774e-11
2616.9647475441084,64.22834993737817,-3.787151788572098e-12
2618.8213861621925,64.31788331288196,-1.1173773802212707e-11
2619.2883848005245,64.34041355659818,1.3762144879197752e-12
2619.769478253089,64.36362800246889,7.832450700722546e-14
2620.6507798790076,64.40616495457337,2.468414511302154e-11
2620.8965847319373,64.41803153665319,4.214838651909602e-14
2620.9431156885844,64.42027801065659,7.472202088108267e-11
2623.2508926480573,64.53174551123736,-4.219916613814175e-12
2625.221969108303,64.62702778389907,-7.724568131560095e-14
2627.1687112731215,64.72120397843683,-1.8703226997080242e-11
2627.2542152184124,64.72534194388804,6.70564763907321e-11
2627.2617731836262,64.7257077182712,2.5837542521407947e-13
2627.6310625346214,64.74358108342514,-2.0820196126886657e-12
2627.8129588415904,64.75238567016346,-2.4295078537782556e-11
2628.744198210265,64.7974713267611,-1.3249156203972903e-10
2630.047933319508,64.86061808288879,5.060444819147971e-11
2631.123365216063,64.9127304781731,-3.1146878885610566e-12
2631.187493173834,64.91583861113418,-1.0940272209650048e-11
2631.664311402002,64.93895125729603,1.4487124890814853e-11
2631.724164162436,64.94185277543754,7.009146335930483e-11
2633.154991001081,65.01123547046434,-3.1346615301741375e-12
2633.494525699145,65.02770549555537,-1.2115649177558288e-12
2633.772890730224,65.0412099089815,-9.120726962880809e-12
2633.781068963506,65.04160668386035,-6.24354184172352e-11
2634.746261775509,65.08844259747531,-1.0444562436233198e-11
2634.9918661883457,65.1003632733545,4.848370855276332e-11
2636.1941130121236,65.15873165577798,3.98634785131113e-11
2636.6093130324484,65.17889556004928,5.0863703419849014e-12
2637.2770264723968,65.21132926516307,1.1512906961132503e-10
2637.3112280488867,65.21299080350774,-7.461255093162608e-12
2637.6377654118364,65.22885531945984,6.622830531872009e-11
2637.777358270684,65.23563790878033,-5.649911414439848e-11
2637.8457614234962,65.23896163744345,-4.89228872371552e-12
2638.987830995486,65.29446785576744,-8.034383585911923e-11
2641.256014502466,65.4047760683029,-7.056435249483095e-12
2641.553617909805,65.41925640100285,-1.3248716310918587e-10
2642.154044665789,65.44847601657342,-8.180926936995699e-11
2642.853201797268,65.48250868942793,1.2528928819466563e-11
2643.2591547725033,65.50227327892189,9.91739282374911e-13
2644.1106539758853,65.54373999211064,4.446758297823014e-12
2645.6927540066663,65.62082131350272,1.1326519794753756e-10
2646.682729570582,65.6690772561603,-7.99895658746536e-12
2647.543103631427,65.71103049083352,7.962174794952789e-11
2648.612494805614,65.76319474610352,4.626375416327307e-11
2648.8810402005233,65.77629753743675,-5.258748865943251e-11
2649.6039589999427,65.81157658954515,3.877882009392479e-11
2649.705447240641,65.81653007259379,-8.640597230863046e-11
2650.3649347235473,65.84872325230087,-3.223464979803655e-12
2651.217130537107,65.8903354415367,-3.656941664436632e-11
2652.303746533825,65.94341362570977,2.8566523603061224e-12
2652.4898703329086,65.95250743999911,-2.5902368774433618e-11
2652.9992487038962,65.97739839779256,-1.3631145494780973e-11
2653.8876596256705,66.02082235537377,-2.9461252454215324e-11
2654.349142453898,66.04338455898815,-1.545291900081169e-11
2654.5556974892884,66.05348444349318,-1.2352098936980634e-11
2655.0472784303643,66.07752434946853,7.912395515786193e-12
2655.0992774290944,66.0800675298728,8.583717402864245e-14
2655.5803708008366,66.10359933038764,-1.2204532677638393e-12
2658.1795383992676,66.2308065886637,3.537911721803726e-11
2658.5438558621713,66.24864678934476,8.514230589706428e-12
2660.3817519484674,66.33868369255435,5.015818649223663e-11
2661.0996511911967,66.37386984046736,-2.0332387364500824e-11
2662.8023536636238,66.45736177033854,2.610618563162588e-12
2663.57254768608,66.49514573749741,-9.778143438931576e-11
2663.5938759851347,66.49619221083137,-1.0399686502518957e-10
2663.910221531655,66.51171469399011,7.415115775755994e-13
2664.791522976073,66.5549682257755,-4.4994932629171554e-11
2665.0621582656463,66.56825364895737,2.910454507466009e-13
2666.46039600892,66.63691430549466,-2.952834838822921e-13
2666.492660406191,66.63849907825332,8.80687220119552e-12
2666.9470814585766,66.66082151062422,9.623619746713557e-12
2668.701983304858,66.74706290474765,-3.9699389076977073e-13
2668.973735072392,66.76042271355422,-2.103259738448151e-12
2669.114148602915,66.76732622992131,9.77350335611372e-12
2670.2850279026366,66.824907361888,1.5050240161147144e-13
2670.7945302858925,66.84997139449675,3.6954069798107265e-11
2671.1666537988467,66.86828034793474,-4.913725316029535e-11
2671.39930852765,66.8797285545031,-1.5238324013354658e-13
2674.0451309379127,67.00999128893868,9.604994651225082e-12
2674.7474179945134,67.0445888989207,1.3538945047893167e-10
2675.4578355969597,67.07959629733105,4.12277293959933e-11
2675.720788856327,67.09255625808939,2.7870945613914183e-14
2677.295731542375,67.1702058214009,-2.96763724608356e-11
2677.946840287195,67.20232085315418,-2.790323188418308e-12
2678.1940096649228,67.21451418331213,-3.875748876290787e-13
2678.798539779287,67.24434153275827,-2.03467825842151e-11
2679.39148483965,67.2736038185111,2.8967794089225046e-11
2679.6485978845535,67.28629455413724,4.996092110198674e-11
2680.2500933351016,67.31598827406698,6.971007726298253e-11
2680.8935964243146,67.34776314268566,-1.9811580241764622e-11
2681.1731065639074,67.36156715885544,6.430312773284239e-11
2682.184954163361,67.4115507640348,5.501955777122535e-14
2682.9505007614716,67.44938003764584,3.7215425936588106e-11
2683.2902358056745,67.46617140948966,-1.4347008803429012e-12
2685.3856168859725,67.56978241332912,-6.764433835797963e-12
2686.3112639062365,67.61557894465668,1.72503248343525e-12
2687.082603016283,67.65375312384566,1.0426633886337004e-12
2687.1629633665702,67.65773085116425,-5.7926323235614744e-11
2687.412270332186,67.67007196162106,-4.416760635599045e-11
2690.3001183461593,67.81310869534427,-4.010311284643628e-12
2693.092022521075,67.95153932819437,7.435837754443385e-12
2693.1257278743765,67.9532114136553,1.229592343369957e-11
2693.1855806180324,67.95618069393336,-1.407524536612018e-11
2694.226486159912,68.00783032164334,6.4952756243242436e-12
2694.303439687093,68.01164954018185,-9.013358273689769e-12
2694.505671805754,68.02168687962858,-3.0517080099521094e-11
2695.747587920206,68.08334313051986,-1.9413220618957217e-11
2696.081158258547,68.09990842631876,7.379202841115965e-12
2696.2581113610026,68.10869685171225,-1.895796304276666e-12
2696.766792993598,68.13396387975232,8.713650213970171e-12
2698.862374372798,68.23810501424384,-4.107057285579883e-12
2700.407934424623,68.31496435136191,5.4256299273852286e-11
2701.5671044566398,68.37263773050624,-7.604529172019873e-11
2701.6934995268007,68.37892789104568,5.812416016089177e-11
2702.778722001263,68.43294704129326,1.9031625068973575e-12
2703.7504036752885,68.48133287616258,2.8298258087125407e-11
2704.196646421749,68.50355979586712,2.178804889006699e-11
2705.0806102068973,68.54760000727143,4.750415356562774e-12
2706.571212940515,68.6218963507628,3.175488600226844e-11
2706.6171236109058,68.62418533315457,-6.057761768223593e-11
2708.0939560021875,68.6978369317359,-1.1071479834954667e-11
2708.4234515504654,68.71427479541896,1.970779750724341e-13
2709.203264607128,68.75318605241551,7.334284302652942e-11
2710.607743133045,68.82329523862062,-2.4589286543522445e-11
2711.5824307472053,68.87197134964043,1.672712053423143e-11
2711.612357116627,68.8734661559291,-6.206875293039345e-12
2711.8534381415298,68.88550862708105,-2.489661703968797e-11
2712.2847176876553,68.90705455906449,2.2854973809944113e-11
2712.9869569423354,68.94214447059672,5.85992594891598e-12
2713.680769857319,68.97682225086855,-1.7129064055098875e-13
2714.011133772955,68.99333743699103,-1.0277676031390168e-10
2715.0101556401087,69.04329166124549,-2.598923088145221e-12
2715.540041471806,69.06979507519779,-1.4426369669399128e-12
2715.6298205785265,69.07428608854454,4.185813574069123e-12
2717.2119201036244,69.15345169341428,1.0504674616573993e-10
2717.414648416616,69.16359921056575,1.9015972167346573e-12
2718.185290783983,69.20218043855509,4.3892652997204296e-12
2720.331802153603,69.30970046710995,-4.318795440500508e-13
2721.4832423865973,69.36741176710473,1.3707356528183986e-13
2721.5384477666075,69.37017932776531,2.481811201506238e-12
2721.6814950768553,69.37735084851317,2.6892729963781865e-12
2721.8089589349047,69.38374142747224,-7.887345408177363e-12
2722.7535197106395,69.43110763056862,-4.5383719763653885e-12
2723.380170006055,69.46254087623709,4.869131052805745e-11
2723.4812860526777,69.46761361024491,3.555493119428584e-11
2724.941342032595,69.5408818866862,4.706348251221784e-12
2725.5930709100203,69.57359950869002,-8.269048125096796e-11
2728.8534140259762,69.73739037216659,-1.782985113694856e-12
2728.860771564171,69.73776021652105,3.287031739886432e-12
2730.2246833003587,69.80633774657036,-2.3195976276513113e-11
2730.393830307846,69.8148448524084,3.651762790826144e-12
2733.6099040756835,69.97669483954621,1.2424060168013128e-11
2734.252786747917,70.00907097439995,-2.2844496646324525e-12
2734.269763475186,70.00992604044171,1.0246922878197866e-10
2734.3467169891032,70.01380202111356,-3.6864370654665755e-11
2737.2668288057243,70.16096229173029,-4.214080241300884e-11
2738.011447776506,70.19851281327672,-1.241927317923659e-10
2739.0188958785147,70.24933384881169,-8.11078493139552e-12
2739.9762821709064,70.29764682627855,-1.915829026625957e-11
2740.398839538054,70.31897588274973,-1.7947804328241913e-11
2742.4495022914507,70.42253209491103,-6.673801385156319e-13
2742.9361875801883,70.44712054012095,-4.893328487985677e-11
2743.4728583026217,70.47423942123882,-6.4979953368338435e-12
2743.7480931717064,70.48814956380934,4.1482578499638187e-11
2744.205720467725,70.5112807576795,1.4146560654474069e-11
2745.8093198303973,70.59236661058836,-9.887074972298954e-11
2746.697806761355,70.63731326318025,-5.8041387089031853e-11
2746.773643788889,70.64115036968758,1.648357209607812e-11
2747.7313545274924,70.68961652948897,-6.611539119485022e-12
2748.8905243260824,70.74830037965731,-2.0792026259639495e-12
2750.012858747754,70.80514299502947,6.894489384361546e-11
2750.034234722439,70.80622584431572,-8.91547002743676e-12
2750.1319439379877,70.81117563709547,7.066996965304277e-12
2750.549901615205,70.83235069045746,2.1962112008859665e-11
2752.3706961866333,70.92463542691155,4.354048483580488e-11
2752.445960628044,70.92845142704978,-4.907745618088219e-12
2752.885990913634,70.95076359440951,-4.4743888455689994e-11
2752.936921091484,70.95334628934854,-5.701826575884064e-12
2752.9714948113533,70.95509956730284,-3.191839203562592e-11
2753.309168526101,70.97222459489137,-1.9905495681087417e-12
2754.25064683453,71.01998249479202,-7.638287599753216e-11
2756.3667829847777,71.12738627024247,1.5087165788033453e-12
2756.418085322677,71.1299911272127,-1.2038715874748626e-12
2757.448999235561,71.18234567029926,-1.2536760744502867e-14
2759.498344938387,71.2864789973722,-4.1102120496502795e-11
2760.0532615717902,71.3146892659619,-3.834217939141015e-13
2760.172098649923,71.32073131788545,1.4059453597554349e-11
2760.7522179195576,71.35023014612936,5.769642796158394e-11
2761.154019544647,71.37066522870356,-7.207921540030295e-14
2762.1397670994256,71.4208116023867,-1.1027044695201458e-12
2762.2375526800697,71.42578706918557,-2.675003447317433e-11
2762.8426264751733,71.45657798522578,1.1480063336794453e-10
2762.8646990866405,71.45770134088386,-3.7304368348674346e-11
2763.130362429259,71.4712226208495,1.6523348045728708e-11
2766.6946733899063,71.65275857681425,7.966465075504703e-11
2769.082064869166,71.77448304504223,4.455572186317042e-11
2770.6703764099498,71.8555234736197,-8.05427829190674e-12
2770.759163067342,71.86005500718953,-2.3645992780106743e-12
2771.2291196819783,71.88404328390263,2.918127042303649e-12
2772.1603584658883,71.93158908051277,1.591380690108631e-11
2773.0862532531273,71.97887786861105,3.2959972809699364e-11
2773.21264828535,71.98533454404755,-6.675136800494259e-11
2773.464092757478,71.99818003265798,-6.078193520877551e-12
2774.6855295479686,72.06059587582625,-3.4882155691322953e-11
2775.1403225508757,72.08384297722921,-8.418813975958217e-12
2775.786039348294,72.11685584331401,-4.8489540119124186e-14
2777.1715748999527,72.18771854603756,-8.835830572262889e-11
2777.1890478385562,72.18861241880073,1.0955070777823264e-12
2777.882860568241,72.2241107248117,-2.756660376420852e-13
2778.6491034942974,72.26332516099065,4.328241043491974e-11
2779.6102686113486,72.31253052962973,-4.788074097576465e-12
2779.79080020836,72.32177446520987,-6.125788496056983e-12
2780.738891630644,72.37033037115722,-7.564495114266897e-13
2780.781147360344,72.3724948572125,4.439652459100512e-12
2780.8238993043615,72.37468479457074,7.942403205406487e-11
2782.4039848584616,72.45564714965671,9.650241006181376e-12
2783.1657044691274,72.49469349957404,2.826031228910517e-11
2783.26965472585,72.50002290078662,9.73742789354844e-12
2783.702375103497,72.52221007874516,-1.2097159608741811e-10
2783.9046071464095,72.53258044798604,8.192143325592102e-11
2784.67574551624,72.57213099402662,1.130546352410012e-11
2784.912055059442,72.58425315356418,-4.7701371234623375e-12
2785.472735473163,72.6130189406426,4.214102744084221e-12
2785.570196567499,72.61801978650523,9.826254967500033e-12
2785.7592785488478,72.62772230919248,-3.206269302157981e-11
2788.5875207587114,72.77292887816502,2.222538177790435e-11
2789.0062990622214,72.79444216350356,-3.252473533222799e-12
2789.1089037244888,72.79971361548206,-1.3604478888699768e-11
2790.169371700356,72.85420793844568,-1.8760349855187975e-11
2790.254255317304,72.85857075272311,1.2721101503426762e-11
2790.754586785579,72.88428928671125,-3.8511803543091404e-12
2791.4830972458053,72.92174514870118,-8.155009345863837e-11
2791.567608701585,72.92609087965113,9.957311310871999e-12
2792.2351976420205,72.96042412729224,-1.4205290288346289e-11
2793.0201063139084,73.000801479577,-4.657790082464097e-12
2793.5314502392707,73.0271121910523,-1.3376561981805296e-11
2793.7810815710172,73.03995848154244,5.046072930648406e-12
2794.6909919838704,73.08679314459764,-2.335151271403722e-12
2795.536726797567,73.13033825415137,6.227365287782738e-11
2797.2354012127585,73.21783924087552,1.3095039384752243e-11
2797.303804318718,73.22136388946322,3.5386402668331126e-12
2798.567372666469,73.28648804822613,1.5607054457131711e-13
2798.8899304000406,73.30311734670147,-1.4534748505687374e-11
2800.5588024879585,73.38918580105613,2.1944444553687352e-12
2801.197285737749,73.42212775708626,-1.1371177718207007e-12
2801.5897162183505,73.4423785729497,-1.1868736867474986e-13
2801.959997720387,73.46148902349672,-1.0226581795499649e-12
2803.4200532328546,73.53686797841233,4.552887292777447e-11
2803.8392036726245,73.55851490492297,9.954516983803745e-14
2804.51579149953,73.59346395333888,-4.8675648447624286e-11
2804.9389690243643,73.61532741493136,3.872677031564742e-12
2806.006269569541,73.67048413611155,1.3331464094902211e-11
2806.0521038512143,73.67285326282138,8.03301313033783e-12
2806.9886864989385,73.72127272771694,1.1744684679318707e-11
2807.584217369698,73.75206889602862,-3.2337571020595985e-13
2809.4041908337176,73.84622408589736,-8.993925909848539e-12
2809.530958008475,73.85278457942093,4.0971652710922845e-11
2810.5099204218577,73.90345811096154,-1.03635484280245e-11
2811.952875110239,73.97818122524572,-6.24616562152578e-12
2812.3898706329824,74.00081851584628,2.526258137706821e-13
2812.392704867688,74.00096534666866,6.368640833082366e-11
2812.9597503281007,74.03034477197441,1.6208280700450396e-13
2813.5952752588278,74.06327925437627,1.1841938194070002e-11
2815.2369787592315,74.1483908457012,1.0567518209036684e-11
2815.47378448838,74.16067177141845,-9.079771589899971e-11
2816.017364059713,74.18886612959751,-3.3998219241352164e-12
2817.3284556614185,74.25689215987424,1.021645152899252e-11
2817.691780452293,74.27574888160727,-3.003373576256882e-12
2817.785710661938,74.28062429775225,1.0543739156493967e-11
2818.1635500997572,74.30023756929033,-1.6261832834158665e-11
2822.5864682745955,74.53002244398321,-8.989698474889739e-11
2824.3097248751737,74.61964873713788,2.3795981615523546e-12
2824.8851966433876,74.64959111334514,3.11220446390682e-11
2827.140924948611,74.76701775204855,-7.2191757609313416e-12
2827.513296327318,74.78641133383445,1.2330133624791954e-12
2828.435039773613,74.83442790810484,4.555416391809745e-12
2828.5634960052944,74.8411208479861,-1.3544688743532897e-11
2828.9003489276743,74.85867329968727,8.324191600302858e-11
2829.162805806009,74.87235063297051,-6.4231082260982485e-12
2829.797758113111,74.90544495229146,4.8179817002782416e-11
2829.891812371966,74.91034778140931,1.0909800305541255e-10
2830.828394933862,74.9591785361608,5.3050343566988084e-12
2830.865182609799,74.96109687090613,7.1574127697931536e-12
2831.8484201366414,75.01237813511727,-3.5988990492563627e-13
2831.905963512408,75.015379891394,7.469747912355317e-12
2833.937587572217,75.1213988675233,-1.3730679503347431e-12
2834.1503071359703,75.13250389634146,4.3831174931635035e-12
2834.502170912118,75.15087478107252,-2.5471597343869083e-12
2834.636992247485,75.15791443682878,-2.7804272546260833e-11
2834.6711937955365,75.15970031368813,2.4728334524923326e-11
2835.0646930239986,75.18024892105029,-2.839295090976201e-13
2836.139475034447,75.23638878440475,-3.290686553087033e-11
2837.7195602492147,75.31896115081419,1.08260690395232e-12
2837.921792249785,75.3295327454631,4.7771886956719174e-11
2838.5599509309386,75.36289716756623,3.6273983740464697e-11
2839.3900734707086,75.40630913332998,-6.053424133788973e-13
2839.3986238575676,75.40675634914577,1.4888422493622218e-11
2841.6130410639753,75.52262362819084,3.870925429244612e-13
2842.3704089368066,75.56227291349485,-5.177430458249787e-11
2844.1980641712235,75.6579967789255,1.3341929219695373e-12
2844.220757043428,75.65918571009304,1.0264872033568133e-10
2844.9832207934382,75.69913843323614,9.133900984156486e-12
2845.553100417949,75.72900683670085,-3.694147197119231e-13
2846.102920980065,75.7578295792726,-3.1544492513852624e-14
2846.2217580182237,75.76405999695716,1.6201361417203557e-11
2846.3036833289866,75.76835534893829,1.567686912617193e-11
2847.166518748533,75.81360140160702,6.774573582162306e-11
2848.0519706672508,75.86004769414909,-1.1146551965639597e-12
2850.0653009790485,75.96571048933734,6.4240858356537724e-12
2850.197164018705,75.97263347792497,-3.036398756554949e-13
2852.619376537603,76.099859903248,-8.809302252704657e-12
2854.0623309958078,76.17570228351823,9.829304894779553e-11
2854.0794317685913,76.1766013383243,1.5199396499001978e-11
2854.5186411881914,76.19969414885567,-5.228265436602862e-12
2855.2215003116135,76.23665656139413,-1.1387226457816982e-10
2855.322988465951,76.24199443829174,-7.353924723368215e-11
2856.63452840384,76.31099333852248,2.7894957105165134e-11
2857.583564290789,76.36094099626897,-5.339628857237027e-11
2858.4809733798907,76.40818680282415,-1.1960706653915238e-10
2859.97001018626,76.48661270363351,-5.465077562314025e-12
2860.628027451698,76.52128274835432,-1.2617292369516763e-11
2863.0867317581374,76.65089915117505,-1.1435216703257747e-11
2863.370564568225,76.66586923745513,-2.0801507085026667e-11
2864.628015600399,76.73220835090977,-1.6031099385407912e-13
2866.7770354831327,76.84565122365179,-2.3183709219064103e-11
2866.811561504108,76.84747448421263,3.0718737353452535e-12
2866.988314062058,76.85680883071726,-1.1356186530505683e-11
2868.0946636783146,76.91524850348323,-6.842640816537506e-11
2868.4450864512573,76.93376326017574,4.8504882615719044e-11
2869.0091735046803,76.96357182374268,9.932049229296975e-12
2869.7484481007195,77.00264685600087,-9.564160837769671e-12
2871.949218788854,77.11903018990871,1.1784219630092102e-10
2872.47947645244,77.14708513847933,-6.409689285036557e-11
2874.7934920462535,77.26957602726729,-5.490889109468382e-11
2874.878995903672,77.27410400721729,7.390462522611021e-11
2874.903530579062,77.27540330116396,-8.241135884330975e-12
2875.0559488798967,77.28347523475044,-3.777569533874871e-12
2876.9704246565084,77.38490056357625,-1.7586174218824543e-11
2877.762814664529,77.4268996522838,4.427819824156702e-12
2877.918515728328,77.43515364346602,3.207996311270405e-13
2878.0782915614013,77.44362410968996,-1.2999019087507863e-11
2878.30408477599,77.45559526875658,-7.851707786377202e-12
2878.5189419012895,77.46698748761185,2.307332078003292e-12
2878.5445930581723,77.46834762775705,-1.7216324401759853e-11
2879.9678604815717,77.54383468572239,-5.028361132304683e-11
2880.640172922572,77.57950567497016,2.7526848727499023e-12
2881.5765548853506,77.62920131729925,4.821995700444193e-12
2881.9556634551777,77.64932595205742,-4.128422464782064e-11
2882.041167310387,77.65386521259128,1.8155602852712036e-11
2882.401285619254,77.67298478563872,1.0075947992844796e-12
2882.434990947153,77.67477440724414,1.2696708414128667e-11
2883.28504835797,77.719916063446,1.5090002022186025e-11
2885.266114041835,77.82517071649492,4.239797939963627e-11
2885.9106854011006,77.85943258653185,3.5760643958640806e-11
2886.8889508983075,77.91144642453163,7.804808906051636e-13
2890.1897345594616,78.08707736370998,3.946139861843496e-11
2890.2012432321476,78.08769007817479,-1.320880448424585e-13
2890.258137641614,78.090719136444,-3.9384525223508465e-12
2890.988613688755,78.1296149774038,3.186084789247466e-13
2892.6114505120804,78.21606175070323,5.8020584341508724e-12
2894.527939710966,78.31821354489784,9.043378182393484e-13
2894.807497296303,78.3331200445465,5.634124790289998e-11
2895.8278467367572,78.38753907844502,-2.595709365820242e-12
2896.009742843494,78.39724228907556,3.2750445158043004e-11
2896.3875821722113,78.41739999872323,3.833748652663629e-12
2898.1677613991315,78.51240785612596,5.920948011476589e-13
2898.8975884718307,78.55137547290066,-8.058544634664925e-13
2899.4050291630624,78.5784750084542,7.018868716326876e-12
2900.479314707019,78.63586217008641,1.3518291278865482e-11
2902.6207286729077,78.75031759142988,7.606171603755928e-12
2902.9430381746733,78.7675518731731,9.7556299799612e-12
2903.586741118833,78.80197718106925,5.28634909474987e-12
2903.7391594040682,78.81012964620473,9.37786387967505e-12
2905.9140782470577,78.92650712576587,-6.300144595753898e-13
2906.2287821048853,78.94335379415898,-3.922488289947504e-11
2906.2587084516317,78.94495590077881,-1.3788805925923849e-11
2906.482316363785,78.95692726987147,-1.6153203208070441e-12
2910.3508130049763,79.16418202774655,6.432713839683875e-11
2910.660249237425,79.1807719850884,-2.2953016559399354e-11
2911.8572747807316,79.24496531466565,2.706266693007e-13
2912.3649635559314,79.27219929877447,-4.011526517008289e-11
2912.759903632123,79.29338837996002,-1.8689063910096022e-11
2912.794105170483,79.29522347496768,4.037888560794711e-11
2915.1084925935206,79.41945277132756,-4.268185066643943e-11
2916.502329701207,79.49431732430166,-3.958849147231303e-12
2916.591116310077,79.49908736498023,-3.873557970132324e-12
2917.9108818678847,79.57000859566604,1.3634446842274316e-11
2918.131531483833,79.58186893993307,-7.662345287114375e-12
2918.4696248319033,79.6000438521967,-4.939864905094646e-12
2919.2486452493827,79.6419297329839,-3.2000583037403886e-11
2919.4008631028655,79.65011539255299,-2.6939214974244115e-11
2920.686627533848,79.7192756244434,-3.229308387796537e-11
2920.704596677174,79.72024238594284,1.0289288402362315e-11
2920.720829071267,79.7211157133603,2.849553215776559e-11
2920.7966660487955,79.72519592206172,5.436098247695134e-12
2920.839417970552,79.72749612323122,-3.0739024772734816e-11
2921.279199869306,79.75115986408503,3.14779915812441e-11
2922.059212707351,79.79313948085452,3.0370508216736692e-12
2922.224828719796,79.80205423394366,8.518611259869502e-12
2922.380825549803,79.81045166925725,1.425153637783521e-11
2922.591483819458,79.82179228539842,-3.454848495842325e-12
2922.651336509545,79.82501455527832,-4.373455191228684e-11
2923.562019497389,79.8740508407341,-3.095538371811241e-13
2924.429549714304,79.92077774707032,-1.8544960191029785e-12
2925.0643777491937,79.95497963440536,-1.1464138570789275e-10
2925.7238645072034,79.99051789271134,-3.021582808169432e-12
2926.8507691628242,80.05126279163935,8.105345196727673e-12
2927.015841274879,80.06016283679615,-1.0514203725986951e-11
2927.1184458848875,80.06569513057836,1.452998757648041e-11
2927.3206778204653,80.0765997550214,-1.2824033221793079e-10
2927.7139764942576,80.0978091183498,1.0261957733256122e-11
2929.644483886118,80.20195664290488,-1.6336113341866384e-11
2931.5826732746755,80.30658765944601,1.4901906944769975e-11
2932.810693873562,80.3729168084904,-1.6634069917421337e-11
2932.8621966009728,80.37569923529571,7.791262447812542e-11
2933.585439060675,80.41477745705102,-4.4911850115534046e-11
2934.6571383508845,80.47270120848738,7.088677290789603e-13
2935.702566217888,80.52922541388456,-1.154975625295812e-12
2935.781981746019,80.53352007629194,-1.503439590205922e-13
2936.0958171968186,80.5504929229926,2.7754572896134323e-12
2936.246794506407,80.55865872316218,-2.4980673772702724e-14
2936.3493991131795,80.56420846370267,2.302991368758781e-11
2936.5769100335224,80.57651490484227,5.045257340469933e-13
2938.1070569659846,80.65930784857846,2.8047655586285914e-13
2940.073483576448,80.76577027089961,3.667343651171298e-11
2940.1504370305315,80.76993798253612,-5.969810116392475e-11
2940.260599591662,80.7759044515316,7.88479137264379e-12
2941.831017353557,80.86098350767676,2.5698070295160714e-13
2944.5442952943918,81.00808528265017,-5.990272726341244e-12
2945.2123323923183,81.04432406613931,-1.5695875158499972e-12
2945.5680990603105,81.06362657550378,-2.6804951838839087e-12
2945.643936031413,81.06774149471627,4.4305352486132825e-12
2946.5255609798864,81.11558629906592,-2.5483143357415344e-11
2947.5882136255677,81.1732743043943,-1.1361227682598905e-11
2949.2004862054714,81.26083913541459,1.7311733279221236e-12
2949.2135122041686,81.26154679103777,5.721944382748782e-11
2949.369833496768,81.27003940802027,8.016794306096011e-11
2949.468162907235,81.27538167495479,-9.648498365770231e-13
2949.9624057743877,81.30223673851492,-2.019182333332142e-11
2950.724869238975,81.34367459831397,1.7463783704046678e-11
2951.147225849187,81.36663316487059,8.356076585025521e-12
2952.210699169317,81.42445626798646,5.733502214232478e-13
2952.857407975103,81.45962926421628,-3.0528944165931494e-12
2953.0956545456543,81.4725888860546,-4.982614745006753e-13
2953.1531978965886,81.47571916161263,-1.0441917462229564e-10
2954.2291723077515,81.53426185586413,-1.9881597761668707e-11
2955.6089908034555,81.60936761330633,9.248934495941999e-11
2956.7852127889964,81.67341897328652,-4.869072684343205e-11
2956.827964705535,81.67574751585421,-4.7003847442541586e-11
2958.5291002017816,81.76842954885625,-7.386152866588335e-11
2958.9835207381734,81.79319651570812,2.556353717732635e-11
2959.630353582864,81.82845695772131,-4.2764904144414024e-13
2959.8681039340404,81.84141924847752,1.821416099388112e-11
2961.2017636708597,81.91415047404331,-1.2664136963720001e-12
2961.899354912179,81.95220671131038,4.453764218007361e-11
2963.05852379049,82.01546357562235,-1.629366962432129e-11
2965.095242790096,82.12666907246462,-6.5705426314235034e-15
2965.4040300112515,82.14353562239165,2.7528282444330213e-11
2966.5723982129593,82.2073700289597,8.071795119491384e-13
2966.6897942425217,82.2137854125556,3.1970819000965174e-12
2967.1723279883336,82.24015727622213,-2.0763800664685557e-11
2967.4771644927664,82.25681968278455,3.4894916922873586e-11
2968.0273569802757,82.28689761500218,-4.217081564404058e-11
2969.8645542195836,82.38737394229749,-2.860568271112933e-11
2971.440039022565,82.4735867355664,9.79049832072421e-12
2971.550201572209,82.47961669896397,-4.028219094474032e-12
2971.906664846436,82.49912994799762,1.60488265452363e-12
2972.5788530215514,82.53593274461383,1.0054747174864572e-11
2973.159095893302,82.56770816158009,2.5850665732127027e-12
2973.307859218611,82.575855777863,-1.3103805307401399e-11
2973.7639974844824,82.60084054885837,1.4085793757218518e-11
2977.353632376638,82.79759496671653,-3.2870847704988673e-12
2978.0688682439154,82.83682670421013,-8.9804373151543e-12
2978.2464414248716,82.84656831411205,-2.3676860036318947e-11
2978.3733325769895,82.85352987938491,3.425851425323709e-12
2979.6514147454,82.9236651954509,2.0503357929109692e-13
2980.015607702003,82.94365595143528,6.824022045300454e-11
2981.8774635892023,83.04589244005003,-2.135505502646679e-13
2982.351695035442,83.07194319719714,6.673253818393217e-11
2982.569061840361,83.08388510132482,9.058684420272128e-12
2982.6369686870626,83.08761601063489,-1.8673338115479234e-11
2982.78901477114,83.09596997043344,-7.498224943755666e-11
2983.3250647524806,83.12542588547973,-6.759089221994337e-13
2983.690698663031,83.14552048394971,-1.0907710992301654e-10
2984.8830765608054,83.21106859240945,8.253540133060642e-13
2984.9600300034754,83.21529982258521,-1.8326515275276228e-12
2985.786449511842,83.2607467861161,6.21862803189186e-12
2986.941295424772,83.32427584773399,8.674836334049532e-12
2987.246504070018,83.34106974073248,-2.8362389002454215e-11
2987.643581642652,83.36292122585003,3.03232165457947e-11
2988.139265406014,83.39020316153277,3.1743956202833707e-12
2988.206676037537,83.39391372448853,-9.81566865328725e-13
2989.0396323775326,83.43977003089603,-5.0424805498445054e-12
2991.090169205965,83.5527116123153,3.586538310871492e-12
2992.2236868269565,83.61517790622733,-1.546198352500778e-11
2993.1034985217234,83.6636791980844,2.988603911160028e-11
2994.313921892145,83.73042938972745,3.207967814421108e-11
2994.906866242916,83.76313783784109,-5.9278990690819845e-12
2995.3729958173553,83.78885537945605,-7.936787314348204e-12
2996.7098617932343,83.86263583977305,-2.6449684042706458e-11
2996.710558430553,83.86267429515763,2.7050810411213747e-11
2998.637534511555,83.96908036618802,1.3677223038054416e-11
2999.859838689434,84.03661047495784,1.491249166869265e-11
3000.0374118579207,84.04642336284631,1.0334464938091391e-10
3004.2196186187443,84.27770462837411,4.361115704649174e-12
3004.26175026128,84.28003620015102,-1.1333604594092799e-11
3004.9225537514985,84.3166094482757,2.5942799300592985e-11
3006.6629100216587,84.41297079654456,-6.148996014249904e-11
3007.0009555870274,84.43169442750093,-4.0696877473927254e-13
3007.868485565034,84.47975471628128,2.1358692126667216e-11
3009.256482041846,84.55667716041619,-1.903387004259029e-11
3010.5948652867983,84.63088365868953,4.881559594013406e-12
3010.646167577699,84.63372876468948,-3.6043539434708016e-12
3011.4580723804715,84.67876157591738,-8.152727628897758e-12
3011.8611141784577,84.70112105314728,-5.8259276295514044e-12
3012.7353337227332,84.74963025766716,-2.7359512793807055e-12
3013.0654491672667,84.76795155795537,-1.2211610100244128e-11
3013.299916714348,84.78096565013507,-1.2803816177011658e-11
3013.9204780329324,84.81541471630022,2.781707412807053e-11
3014.10722184263,84.82578276751474,4.880314171311359e-13
3014.3777327206917,84.84080272126864,-7.602737603705291e-12
3014.9973969765283,84.87521428677167,1.1063434643313931e-12
3015.14800208676,84.88357884814998,-9.98046991459317e-11
3016.249627426973,84.94477548538521,-1.6813074161698803e-11
3017.029019753957,84.98808518679854,-1.2793620824850499e-11
3018.2095166969484,85.05370499952357,8.595425906454784e-11
3018.3623070846547,85.06219997413464,5.436291813077572e-11
3020.8846417244754,85.20250110539155,3.333652024436642e-11
3021.1681499061606,85.21827815503852,-1.311779054562271e-10
3021.4943146280457,85.23643084547615,-3.111919164571042e-11
3022.2008759596806,85.27576122152097,5.948251687833522e-12
3024.9263108147115,85.42755731283128,1.3020691184327792e-11
3025.0023958732877,85.43179691705569,-9.287663798869818e-11
3025.0032642476062,85.43184530514038,-7.495454490873795e-12
3025.457188473021,85.45714104974545,-2.1806699952225382e-12
3027.127700621993,85.55026603301125,1.2701545004752774e-12
3027.4375088959373,85.56754236946226,7.908524852592995e-12
3027.7295197696144,85.58382785949706,2.2580384181386766e-11
3027.880621087754,85.59225541925252,2.1141920010393886e-14
3029.7942751939704,85.69902439673147,1.1817760005283085e-11
3030.4457075593277,85.73538531432175,-1.5996576136490148e-12
3030.522660990906,85.73968113049334,-8.84102583773495e-12
3030.5746599158592,85.74258395848544,-2.747778896597741e-12
3031.061344700447,85.76975543900005,3.4843239555281836e-11
3032.8078178236965,85.86729648505559,-3.690572571463123e-13
3034.129395998475,85.94114436610074,-1.3212045533363044e-12
3034.954822950827,85.98728435543204,1.3149956253551546e-12
3035.2631138893394,86.00452052363313,6.593617484810082e-11
3035.8471356223117,86.03717726210652,6.809175297252976e-13
3038.489175460554,86.18499068542638,2.1922498572383924e-11
3038.86984884426,86.20629870494015,-2.794558303050037e-11
3039.4257573555296,86.2374202264174,-3.933653644248757e-12
3041.748646519412,86.3675245193804,3.03154255375561e-11
3043.12078262285,86.44442412898948,-5.3503642360588765e-11
3043.62802265035,86.47286052650335,-6.489797864650213e-12
3043.831199253818,86.48425214523203,6.402049448996493e-11
3044.403263774347,86.51633049827672,-1.4114283647685204e-11
3044.7368336862723,86.53503811728316,-6.098422535177223e-11
3048.318241871067,86.73602356128303,-2.952598568323e-11
3048.4031254119204,86.74079001647708,-1.265317454463214e-11
3048.9355203598116,86.7706885523863,2.9667766658103815e-13
3049.279157975805,86.78998952019684,-7.40536742253745e-13
3050.739832511094,86.87205496450214,1.2671769677615028e-10
3050.875646175451,86.87968741475136,2.081603760545742e-12
3053.4991441732795,87.02718931226838,2.3341777731084713e-11
3053.7668207861366,87.04224612128104,-7.726321391097236e-12
3054.308090582847,87.07269657923833,8.611093360458524e-11
3055.832272683288,87.15847217124731,3.665159280899084e-11
3056.1826952379593,87.17819876680396,1.0537632452699735e-10
3056.716235340773,87.20823807754647,6.392176571352552e-13
3057.1560647303377,87.23300524207347,1.7560959337877486e-11
3058.3659916459933,87.30115563354856,-2.3388602515306438e-11
3059.263400134847,87.35172051776064,7.678960187275874e-11
3059.7210269192724,87.3775114157249,-2.8948931065600073e-12
3059.813592463497,87.38272868719437,1.635976786991521e-11
3061.0411163443114,87.45193053653058,6.583396987523134e-11
3062.6411353567973,87.54217352544637,7.967571899561687e-11
3063.742760536638,87.60433391699921,6.701560609779292e-12
3064.212668988112,87.63085581093597,-8.509632959328915e-12
3065.3420352154276,87.69461450334278,-4.4324286804167866e-12
3066.007485931945,87.73219371378255,-8.270762973703085e-12
3066.8575428315858,87.78020983601756,1.1007069775401663e-11
3067.108242726493,87.79437335539788,-4.1586236937975045e-12
3067.64528499495,87.82471794496317,1.744357324905013e-12
3068.025586184724,87.84620938019529,-5.409979353972341e-11
3068.377774161291,87.86611446831344,-2.6613084751914714e-11
3068.480378724912,87.87191394013746,1.3769544737416817e-11
3068.8557080864302,87.89313016581724,-1.8808914177190182e-12
3068.890234084383,87.8950819456594,-6.937140910779177e-12
3068.9757378872723,87.89991563251563,-3.175864094604835e-11
3069.534480580216,87.93150569753418,1.150639935206706e-11
3070.4657183997256,87.98416858537034,6.274935721235943e-11
3071.549126312302,88.04545702221864,7.332301169697061e-15
3071.6166609798784,88.04927817746328,1.0222578545372606e-11
3071.7694513427073,88.05792346523197,-2.3966777833876038e-11
3073.445679404841,88.15279717401009,-3.319601479473003e-11
3074.18885653375,88.19487720564187,3.657973545586404e-12
3074.2487091948333,88.19826661412067,-1.9284027180435655e-11
3074.2562671473415,88.19869461963806,-8.075382050896137e-14
3074.3588717091716,88.20450520198229,-2.4596423153614245e-11
3075.494402580583,88.26882421627877,4.3196654519530785e-12
3075.8791030050043,88.29061989729229,1.5432463407033897e-11
3076.948492479107,88.35122180996447,-3.4939019139438964e-12
3077.752839165196,88.39681772542056,4.217487734719639e-11
3077.915620863181,88.40604676429544,-1.887972468675236e-11
3077.93883861786,88.40736315328616,1.2770323734870342e-12
3080.709334244683,88.5645146580005,3.8051589474729604e-11
3080.9756939314125,88.57963089421551,-1.0903698436169682e-11
3082.0754582495256,88.64205769474194,3.1121657923596454e-12
3083.5664311318965,88.72672655647088,7.170315735142089e-12
3083.8755427159495,88.74428540501748,3.874560980880082e-11
3084.1363103058566,88.75909947843958,1.9580212870117644e-12
3084.16196144557,88.76055677423635,4.105338438599661e-12
3084.8231369350788,88.79812374238497,-9.692740425092502e-12
3085.3474776590506,88.82792169618727,-4.747915546417144e-13
3086.5838763035454,88.89820550478194,-4.531073147238431e-12
3087.4142462666764,88.94542418065316,-5.364338702767032e-11
3088.4967857509882,89.00700145434503,-4.0613239599389e-11
3090.6263652832977,89.12819971716792,-5.285423096236215e-11
3090.926229844114,89.1452722670744,-3.8608508382980405e-11
3091.3243284043638,89.16794025065603,-5.110857574976656e-11
3091.325444885408,89.16800382789741,-1.836597464440445e-11
3091.929850042053,89.20242463258943,1.030658847891066e-12
3092.0864193718126,89.21134233541893,-2.160993458271784e-12
3092.5951002830843,89.24031833730186,2.2923831226015936e-12
3092.6868451277505,89.24554490825722,1.808119620765121e-11
3092.6872172880962,89.24556611000898,1.3554683184209342e-11
3095.6091385595614,89.41210485742332,1.3953085385263183e-11
3096.708578353913,89.47480959626697,1.6332995547673404e-12
3099.024977967149,89.60699451144875,-1.1108848999170115e-11
3099.2140597471307,89.61778879154059,-2.9717223336141187e-11
3100.2653272754405,89.6778154475869,-4.032404410918289e-12
3100.4850320200885,89.69036300995374,8.348295914697374e-11
3102.3468872204853,89.79673115734916,5.4644230267192606e-12
3104.2933014609616,89.90799845041556,2.078537895154191e-11
3104.369138394587,89.91233510161399,2.315513756127108e-12
3104.521556582457,89.92105128759233,-6.0207119967933815e-12
3105.294011018273,89.9652314444276,4.63099885946787e-11
3106.13024982353,90.01307210756538,-1.153748669356259e-11
3106.4916084074157,90.033749176517,1.2235732627732721e-11
3106.9342242809475,90.0590790945073,3.8718216276045726e-11
3107.151466949789,90.07151272759477,-6.560588490029683e-11
3107.7274343924933,90.10448176640764,5.614569969346049e-12
3108.442173760916,90.1454027665573,2.1437858569869964e-12
3108.534243078136,90.15067469883111,-5.2556283958063395e-11
3110.423438437849,90.25888538520857,-1.472463258447073e-13
3110.506756951986,90.26365927649226,6.541958944819822e-11
3110.5883100316196,90.26833213771936,3.250342866793201e-11
3110.6951897722256,90.27445636166786,9.96117903582152e-13
3110.8931464018574,90.28579985977163,8.353674876885806e-11
3111.4212660621142,90.31606620401915,6.157191766096442e-11
3111.498219475169,90.3204768047846,-4.3659109089079665e-11
3111.540351104093,90.32289163401003,-6.3926655922292585e-12
3113.48708977002,90.43450715868808,9.113272979729022e-12
3114.0135680453404,90.46470458409875,1.1547218232238112e-12
3114.579668193318,90.49718031381353,2.8202231418236656e-11
3114.85601919079,90.51303601392145,-1.175930745052965e-12
3116.2433949550077,90.59265826722506,-2.1851285444066893e-11
3116.4688635204348,90.60560138071322,-6.412128252408415e-11
3119.2789330277888,90.76699311345492,-2.307112182213444e-11
3119.70959169071,90.7917401417318,-1.4195838538842837e-12
3120.0310325973155,90.81021339402331,7.674300632257846e-11
3120.5482638467797,90.83994273907724,2.2182112887344563e-11
3121.0044019081292,90.86616466775837,1.0818492964954305e-13
3121.4616564498365,90.89245462607539,-9.285975393477568e-13
3122.6150322450376,90.9587853506525,9.382876500779022e-12
3125.1371179967564,91.10391606112654,1.1295454358035142e-11
3125.804458085658,91.14233703197398,1.0485366067208412e-12
3126.025155241798,91.1550451005664,2.120734748085559e-12
3127.317131204367,91.22945698703016,-2.0899982125007453e-11
3129.1336959272007,91.3341347882576,2.0918003121398072e-11
3129.5685820839685,91.35920370433602,-2.484489408228588e-12
3129.725895717496,91.36827287190458,-2.3285409199598828e-11
3129.9449038066746,91.3808994982866,4.200315161981839e-11
3130.681715714012,91.42338591644639,-9.756781393279425e-11
3131.059554763056,91.4451769404228,-3.642099395244477e-12
3132.3800160752407,91.52135225444708,-4.0478919305897325e-11
3133.0268485778424,91.55867871352916,-1.0526881307128013e-11
3134.953031869426,91.6698777143987,6.003486455334261e-13
3135.6174136548266,91.70824847858452,-9.61181918500283e-11
3135.8045295575,91.71905665439007,-5.040118254785349e-12
3136.02485454715,91.73178387798347,4.2687669161959646e-12
3136.2270863519348,91.7434667234529,-2.0458318544304354e-11
3138.6056000032695,91.88092898306007,9.286779786658887e-11
3139.189946036348,91.91471624103055,-4.1963852570971296e-11
3139.291233674869,91.92057339610565,2.4936099731622445e-13
3139.948257924446,91.95857169253162,-1.203016516202186e-12
3142.101551108971,92.08316084208154,-5.38763552129627e-11
3143.288508084209,92.1518744719684,3.60153430629027e-11
3145.8779279200985,92.30186755729828,-2.3152757971414323e-11
3147.2909546987507,92.3837697368033,3.544539473838361e-12
3147.567181617447,92.39978476199087,2.2333146380015186e-11
3147.635584644333,92.40375083516949,-5.238099023688153e-13
3148.3500281421166,92.44518010651072,-5.409872601931217e-13
3150.1522021801597,92.54972665426604,-5.1468677262416235e-11
3150.2377059631553,92.55468833067633,9.805235673807074e-11
3150.7447740961366,92.5841156207318,-8.844338882446824e-12
3150.9246565168273,92.59455609003365,-3.4735404013158993e-11
3152.329132897578,92.67609312481532,-9.120175872545277e-12
3153.157813641546,92.72421932334349,-4.792122375427523e-12
3154.107220792262,92.77937233840287,-1.402507272052888e-11
3154.4273447639157,92.79797274181198,-3.090932720922218e-11
3155.1894355954964,92.84226067361371,4.506415440498679e-12
3155.6553645252798,92.86934280600336,-2.2486192643557346e-12
3156.151296147885,92.89817323926219,-6.549717700425232e-12
3156.3998583842827,92.91262483280276,-4.3152511305063954e-11
3157.336439959369,92.96708860642539,-4.354442461021517e-11
3157.967984778905,93.00382310763993,-2.9009585318903387e-13
3158.6409169001768,93.04297303198457,-3.157642086038084e-11
3158.74486702778,93.04902139857197,-3.3583914766973334e-11
3158.9332998226214,93.05998591968373,-4.975039998549429e-11
3159.101501839255,93.06977380545325,9.862103022716596e-12
3159.3392520476164,93.08360967644266,-3.418765416909935e-11
3159.735957257104,93.10669825029412,-2.1005328669968586e-11
3161.0482402468638,93.18309486991474,4.630209380145101e-11
3162.6817159936177,93.27823454995186,-1.0680868925252496e-10
3163.0040252358435,93.29701284037709,-5.2623396884493816e-11
3164.0628505267887,93.35871529071633,6.266425515940219e-13
3164.3803883651253,93.37722365561478,-1.9466228298017224e-11
3164.4815042596388,93.38311779941067,1.1217612786447369e-11
3164.5841087952113,93.38909891006158,1.57556507875854e-11
3166.347309838921,93.49191122152426,9.379054743497158e-12
3167.3144379784067,93.54832881610622,3.9162356815316406e-11
3167.4146091283023,93.55417330291752,-1.2059276860302069e-11
3168.125025505372,93.595627857848,2.5603801303939623e-13
3170.1661901817306,93.7147866008395,7.475011826416455e-11
3172.541573589899,93.85355293025636,2.741870275931176e-12
3172.697570300767,93.86266966074558,3.69142487443809e-12
3174.0425661143695,93.94129224766947,-5.382784189425282e-13
3176.0680709602384,94.05975730217192,1.7459002339766598e-11
3177.434194598979,94.1397000138153,-2.0399446862274026e-12
3178.3487035396493,94.19323438302796,-6.83266425036806e-13
3180.28229180291,94.30647528085485,-1.9292971951731002e-11
3180.5039336698205,94.31946017099534,2.974192956747764e-12
3180.7402429069803,94.33330534583767,-5.4373373348167125e-12
3181.9051271765143,94.40157004468213,-2.6330872741323926e-12
3183.110530368592,94.47223555401679,7.673253672030634e-11
3185.194198743446,94.59445156843478,3.0774518253563943e-12
3185.2743108488326,94.59915208079096,6.272026149526001e-11
3186.6661332698936,94.68083499361015,6.658859188627493e-12
3187.4280522981726,94.72556541363983,2.1542624241932038e-11
3187.7749438540704,94.7459341190105,-5.5354459183048384e-11
3188.355386780576,94.78002140220761,5.8132467953669045e-11
3188.824149899969,94.80755467004417,7.523556334958612e-14
3189.308000232637,94.83597834560288,-9.256291108667568e-11
3189.3251009874284,94.83698300437813,-2.3010136600910245e-12
3190.467168329501,94.90409094798414,-5.662753407481532e-11
3191.9736288213667,94.99264740267769,1.3801831456889442e-12
3192.524069050935,95.02501515796754,-5.062632226113529e-11
3193.201028191537,95.06483030786312,-7.559976560680494e-11
3193.819251170603,95.10119828276494,1.6067123029458105e-12
3194.6073175299252,95.1475677788334,-1.6595396048665702e-11
3194.6928213026745,95.15259947313174,1.511653003609802e-11
3194.725658224216,95.15453188389957,2.0663537719191813e-12
3195.9104774362136,95.22427026452308,2.3040809389097267e-12
3196.1553370409474,95.23868590896696,5.095482722400647e-12
3197.4928988740216,95.31745181745363,1.184863755903019e-11
3199.330094872638,95.42569374174853,4.2662588800536e-11
3199.5986397493457,95.44152078629737,-1.2656621420179457e-11
3201.007190711737,95.52455734216495,1.3079046978825138e-11
3201.781935276834,95.57024547575654,-5.5990881964180447e-11
3201.8161367852913,95.57226265739475,-3.675931225773337e-11
3202.2929540514956,95.60038725870938,-2.5378770482284514e-11
3203.3610739289825,95.66340446644,1.5611802921295073e-12
3203.412376191454,95.66643173928668,-8.507197557878909e-14
3204.4570588987567,95.72808751128872,-1.0305520389616189e-10
3204.563938611924,95.7343965421831,-5.436940745327941e-11
3204.637962407096,95.73876623572984,2.2152828132538448e-11
3205.5073813792337,95.79009640185697,-1.7125405185177573e-11
3205.704889427491,95.80175914292629,-6.221493225027685e-11
3207.3554657337613,95.89925285665274,1.0668859057078481e-11
3211.1406403668916,96.12301926084177,-1.9946622008679212e-13
3211.6054527464457,96.1505155521299,-7.353661397360287e-13
3212.280197889133,96.19043764021126,1.4662497834885388e-11
3212.918355822144,96.22820271988947,1.6467701603139e-11
3213.092102223402,96.2384860298375,-3.563584432180184e-12
3214.807550644587,96.34004596919225,-1.5609764091373234e-11
3215.6181380696216,96.3880541518249,-2.0439870111573573e-13
3215.720742591284,96.39413191221092,-2.330893971571944e-11
3217.664646475125,96.50931534985673,2.3161784056551695e-12
3218.835523570437,96.57872770425784,4.8095130713997464e-11
3219.6834425153256,96.62901010420401,-3.635490689862242e-11
3222.1168651325493,96.77338792356353,-5.000783989333713e-14
3222.65316284997,96.80522176533987,1.709989690366821e-13
3223.864950009574,96.8771711747736,-4.1386023708603196e-11
3224.3723902035154,96.90730828167081,-1.841861406425253e-11
3224.4236924631923,96.91035541052022,1.4994473471959326e-11
3224.77883857181,96.93145085868294,1.881630997014327e-11
3224.881271354084,96.93753573111225,6.710887648361264e-11
3225.3549298841094,96.96567524956988,8.177132451490445e-11
3225.4236573734884,96.9697586154455,5.7291745622010936e-11
3225.62588912991,96.98177449070907,5.491833187498982e-11
3225.6722959341096,96.98453192046406,1.0472281569365475e-12
3226.658662269657,97.0431498611304,-3.1232112799083144e-11
3226.6933123059625,97.04520937502735,1.8829271382723883e-12
3228.275036980416,97.13924679098659,3.824367051996566e-12
3228.3348896161065,97.14280608209283,-4.325911364888397e-11
3228.6643845916087,97.16240153086159,5.457606277712615e-13
3229.5160824897384,97.21306225954919,-1.7859395339204723e-11
3230.383611918676,97.26467841703132,5.629135759169756e-12
3230.729835485195,97.28528185395862,4.659950759703477e-12
3230.806788873455,97.2898615772324,-1.2137823387106671e-11
3230.9761360250795,97.29994031024279,6.300286991026788e-11
3232.186606255007,97.37199709582683,-6.236138215876947e-11
3232.804829171535,97.40880903820307,-2.460295082844226e-11
3233.616733462966,97.45716438818492,2.5735163568424086e-11
3235.59854136782,97.57524778554863,4.958659255437547e-11
3236.038647332738,97.60148073345118,-6.843606217304041e-12
3236.1031473156236,97.60532561799273,-1.6280328541089974e-12
3236.412258770931,97.62375300991269,1.1059176344934508e-12
3237.257992400047,97.67417962929987,2.3096959964945177e-11
3238.4342611054135,97.74433621162625,-1.8479428025219948e-11
3238.764748499642,97.76405216669157,5.049098867672897e-11
3238.8456812841196,97.7688806972918,-2.008627326171137e-12
3239.6243764851715,97.81534459452611,9.528114541704308e-11
3239.658577990294,97.81738561727347,-2.283181020885173e-11
3241.4737775815192,97.92574111606734,-2.768262977170731e-12
3242.3034505581004,97.9752873569386,-6.990487542371155e-11
3242.5309612742944,97.98887601056339,-1.9462676790386915e-11
3243.031788238732,98.01879252886935,-8.209296358200212e-13
3243.843243979088,98.06727402887641,1.1338694048389344e-11
3244.6135128475335,98.11330598601421,2.8041771257228192e-11
3246.2146475333,98.20902619927959,-2.393344111577734e-11
3246.2653295231435,98.21205687839675,1.8804906781286684e-11
3247.773354808727,98.30225534924645,-3.804392617078339e-12
3247.7850638923123,98.3029558604399,5.543182840359058e-12
3249.1005529707827,98.38167279034975,7.080772171605517e-11
3250.3467419764643,98.45627230841386,-1.3754138113684713e-12
3250.4142766110863,98.4603158920968,5.138495908489873e-11
3250.4983394143683,98.46534920438758,1.8182822385796045e-11
3250.5310522778022,98.4673079424838,1.3028465872073213e-11
3251.9501669728606,98.55229881422724,8.227034098354192e-11
3253.2485552856247,98.63009187257947,-7.0374517820649414e-12
3253.6050659556613,98.65145767703706,-3.1412706831323175e-11
3254.0196925096557,98.67630933084087,-5.248314345898935e-12
3254.9141422329967,98.72993114102105,5.243824803300009e-12
3255.1545261894694,98.74434455061876,-5.25478552447509e-12
3256.3385532139046,98.81535428338488,-7.004237001555884e-11
3256.59320369057,98.83062982793352,3.946493188375514e-12
3257.2360852696424,98.86919924139458,-6.2863404340553036e-12
3257.7612464395206,98.90071171749587,2.668189216629138e-12
3259.506945458247,99.00549949778275,-4.993448400007724e-12
3260.183207845827,99.04610808401237,6.034835639888178e-11
3260.8270341627476,99.08477675867125,1.0630021873493764e-10
3262.075188988982,99.159763591156,2.3395366716219502e-11
3262.0963645052534,99.16103602455448,1.9905974519241503e-12
3263.1033146857944,99.22155303565012,2.3248518809987397e-12
3263.4837397269134,99.24442117928999,-1.6782576149480984e-13
3264.322659670382,99.29485983051629,6.113456638425922e-11
3265.584384369749,99.370743318291,1.2980797248849362e-12
3265.7276318494096,99.37936045734469,5.083202580742837e-13
3266.2575167260907,99.41123928877509,-4.734275624834336e-13
3267.409451122807,99.48055958668878,8.906072790696823e-13
3270.8840251111733,99.689798113886,-4.305874905293003e-12
3271.0492687949372,99.69975461300324,-3.7907879504540104e-13
3271.3580557466425,99.7183614348602,-8.355888935177233e-11
3271.6130306904547,99.73372698754068,-5.166801111815954e-11
3271.6362484330166,99.73512621763555,-1.1226288817471834e-12
3272.5564732974613,99.79059207420241,1.9894902072455966e-11
3273.008011511557,99.81781390290047,8.47940022595721e-12
3274.097631189819,99.88351913694058,1.1718698466961024e-11
3274.28288622386,99.89469238924947,-3.3268052582572073e-13
3274.3726651670495,99.90010743732599,-4.529126645617879e-12
3274.404929498548,99.9020535079304,6.698771201773977e-11
3275.396019431395,99.96184189625336,1.3710969411613393e-10
3277.504221961042,100.0890812828086,1.2227179443541777e-11
3277.805107485608,100.1072477368482,3.411985832665558e-11
3278.2998937847447,100.13712489223929,6.1652836116208514e-12
3279.2142307524196,100.1923480445468,-3.2343184893559496e-11
3280.2811575718943,100.25680662593476,1.3453716955452115e-11
3281.517603255822,100.33153295191588,5.664402265082162e-11
3283.074993491446,100.42569608625938,-1.2950836788351277e-11
3283.633039225638,100.45944759412367,-7.705566968137032e-12
3284.022882996637,100.48302937890821,2.725902551072214e-11
3284.0916104759513,100.48718701822251,2.4519873057763396e-11
3285.021731277682,100.54346283311489,4.4929088953215115e-11
3288.5943863250823,100.75977009724868,-6.551549036906163e-12
3288.7288829982263,100.76791782313312,-1.1452322850625039e-10
3289.1865094993523,100.79564305134767,-8.994685474367393e-12
3289.279074986288,100.80125158560718,2.6073830161109478e-11
3290.583551484699,100.8803064805383,4.768921790622049e-11
3290.9140388362953,100.90033990761412,5.562785975021876e-12
3292.1066161320327,100.97264808833133,-2.2386101410659345e-11
3292.868706693825,101.01886877730871,5.182365913070838e-12
3293.65361414911,101.06648449143313,-1.1776882254210188e-11
3294.1606820948377,101.09725135218065,-2.1172688436237252e-11
3294.875917326666,101.14065702566796,8.86695546698218e-13
3295.5328172584186,101.18053079085146,-4.307034261047513e-11
3296.9426847850086,101.26613645721348,5.392881419334441e-11
3297.0594604383964,101.27322859345776,6.647359014045123e-12
3297.1452886656825,101.27844135970335,-6.524605500369274e-11
3297.5594666454926,101.3035983129396,7.8916605293188e-12
3298.177689462089,101.34115472106441,4.693288602054939e-11
3298.304084287057,101.34883394512953,1.5343571998959047e-11
3298.771081842782,101.37720932732657,2.566419197144395e-12
3299.141639572173,101.39972775810243,-4.138844683062793e-12
3299.815764300607,101.44070014484186,6.75497080908637e-11
3302.231637153858,101.58760237600218,4.6201691877889666e-11
3303.163370608891,101.6442871166,9.598918288389013e-13
3303.2392075029707,101.64890158050355,6.223566421683376e-13
3305.6941296068335,101.79833397910208,-3.9671801568489967e-11
3305.813834855327,101.80562333908044,-4.526492914939365e-11
3306.6397574133416,101.85592445791342,-1.521772550478315e-12
3310.1662535876176,102.07083983958219,-2.297139193293929e-11
3310.7706583964127,102.10769709911536,-1.2582554777060854e-13
3311.4307646937746,102.14795878369975,1.325106840353186e-11
3311.7218305989513,102.16571423752751,8.615506065564796e-14
3311.824435096193,102.17197363674042,-2.6670841393248695e-11
3312.954945745588,102.2409534092405,-2.347940120162216e-11
3312.993422431944,102.24330153520387,-6.19340027080035e-11
3313.582091074371,102.27922975786403,-8.978083950590686e-12
3313.6188786969437,102.28147522934155,-5.1862544186158e-13
3313.822474996581,102.29390294916671,-6.4831465982948e-11
3315.565616340694,102.40033727840373,-2.0579863611091168e-11
3315.6586780353014,102.40602109890683,-1.1801351014838543e-11
3316.3583298079157,102.44875802188326,-8.50566969737176e-11
3316.5146509387764,102.4583078388707,-3.6809098863424626e-11
3317.2169365171467,102.50121673335383,-9.472497976957769e-11
3320.0954075620043,102.677183154243,-8.090874124475305e-11
3320.9918229988884,102.73201390489014,-6.358536436748294e-13
3322.152307618356,102.80301887418845,5.617967677123048e-11
3322.2036098657177,102.80615840651079,5.103379325022269e-11
3323.265965597902,102.87118205282202,2.1840855197390704e-12
3323.490689722502,102.8849394145481,4.4086300366861225e-12
3323.5419919697038,102.88808021166163,2.6996080744049717e-12
3323.676813108226,102.89633438614138,-1.5311850773081706e-11
3323.7623168535206,102.90156936808027,-8.59827712592249e-12
3324.028676370112,102.91787813983895,8.229133907306172e-12
3327.824814674265,103.15045172189603,1.027468177622248e-11
3329.14544705867,103.23142360503984,4.4572311990638305e-12
3330.95723944193,103.34256223398351,2.2751404246721428e-11
3333.8360348708025,103.51927713331531,-2.5799960428813722e-11
3333.8773457855345,103.52181411548203,-1.1124198648892589e-11
3333.883061929602,103.5221651572814,6.801409126295173e-12
3333.9870120113155,103.52854908033753,8.979189472955176e-12
3334.377304265619,103.55252001296473,2.5447694691356212e-11
3336.08748456242,103.6575887893615,5.2301800706511624e-12
3336.399678279731,103.67677492833288,6.17079437750002e-11
3336.73016559551,103.69708727271525,-3.4954358374904037e-12
3337.0093506654503,103.71424805657279,4.906174045568403e-11
3337.730874552253,103.75860491314248,-1.551018052077569e-11
3339.9722088391004,103.89645575400601,-1.8380541315780197e-11
3340.083363703766,103.9032946221387,4.0103270407967754e-12
3340.90878998194,103.95408657753046,2.836467623293363e-11
3340.971600884831,103.95795211078355,-2.4880619611140792e-12
3341.0955336269685,103.96557944143254,-3.6221838484778213e-12
3343.0038421457557,104.08306031499383,2.3142604953628123e-12
3343.977210902016,104.14300948498757,-8.194019124692782e-12
3344.2228147376386,104.15813882830788,-2.214440294866369e-11
3344.84173412312,104.1962695611865,-2.2532481409507685e-11
3346.8389531796356,104.31936347783245,2.1424822122104935e-11
3348.0538509969374,104.39427680041686,-3.4677303923023966e-11
3348.124716059375,104.3986473382157,2.717197263236484e-11
3348.6853955148404,104.43322999126033,-8.031200644285049e-13
3349.5819826291654,104.48854342921356,1.9698827261224505e-11
3349.614819538199,104.49056952832517,-2.3771449554499224e-12
3351.587208140942,104.61230604633157,2.6168483701378528e-11
3352.0719266531814,104.64223401288677,-3.0464406944996575e-11
3352.897028432083,104.69318821141195,6.720323603127864e-11
3354.556526679332,104.79570857841667,2.3957421274360806e-14
3355.2331133904963,104.83752126261456,-4.2723831437011864e-11
3355.28404347384,104.84066905483685,-4.7187105729866445e-12
3355.422195046052,104.8492079118211,1.21615369800323e-10
3355.49059803727,104.85343588641419,6.589266030366857e-12
3355.6562902178584,104.8636776427201,1.2708632772122844e-12
3357.098794031493,104.95286297859256,-4.3682208191596323e-13
3358.681835111771,105.05078139169765,-6.874143298073885e-12
3359.453096195486,105.09850418112808,-7.085044512041603e-11
3360.332410803277,105.15292629150473,-2.7369452027411186e-14
3361.1588294701196,105.20408757548545,-4.0621633714716494e-11
3362.517766698348,105.28824295684845,3.644148979213267e-12
3364.278876967218,105.39735445735697,1.1475489025171506e-11
3364.904953424862,105.43615747006766,-3.920766337240779e-12
3366.2847703623643,105.52170135770555,-5.1222249711716e-11
3366.78547312554,105.55275187311433,5.4292362955952e-11
3367.44495907061,105.59365619500606,-1.1206617498999404e-12
3369.696704379547,105.7333800714858,-2.0341549649870577e-11
3369.823099183519,105.74122581044801,-1.762066177225028e-11
3370.7198866780122,105.79690079512037,1.9492321595001283e-12
3370.8992727868203,105.80803934629684,-2.4029987732704404e-11
3371.601186117202,105.85162867242843,3.448225862458419e-11
3372.6215341812804,105.91500921151531,1.2370581945887997e-12
3374.201292446195,106.01317623473487,9.01229467758279e-13
3374.708035820532,106.04467527723813,1.1581618593286677e-11
3375.6024852886453,106.10028557768443,7.49007034571598e-12
3375.9238019346258,106.12026628545077,-2.201940085159183e-12
3376.7733619394817,106.17310436352341,-5.514327430148401e-11
3376.8078879099767,106.17525197494088,-6.745438149197239e-11
3377.062538314235,106.19109261677274,4.8279495901478855e-12
3379.1523226926156,106.32113370973474,-8.909651960936505e-13
3379.6176310975584,106.35009942399195,7.675919128406027e-11
3380.3128071576516,106.39338196157313,7.465853300803456e-11
3381.5224849530127,106.4687192485947,1.3039401876373413e-11
3381.8715139384663,106.49046136730925,2.8272006086778278e-11
3382.1378734197156,106.50705525101404,-1.8744544302045134e-11
3382.5785231282835,106.53451008116174,-1.1394964560809595e-11
3383.1372653699686,106.56932784987666,4.12848281088867e-12
3383.3434477603823,106.58217746437792,2.7558883876163297e-12
3383.892771254264,106.6164160006583,-4.9262143935720605e-11
3383.9530723976327,106.62017482200666,4.294336677082919e-12
3384.0685024379027,106.6273702438735,2.2514394218187968e-11
3384.1053664243464,106.62966824101734,-7.801079946536876e-11
3385.3722343297754,106.70865643236007,-8.599249715246095e-12
3387.0484610423587,106.81321325222738,-1.1910685702952336e-11
3388.029387648254,106.874423830724,6.712953396960674e-11
3388.2102910766785,106.88571428032249,9.435823185222618e-12
3389.0971825715105,106.94107520804967,1.5498897699261656e-12
3389.2013807469298,106.94758034566641,-6.52647633431927e-11
3389.9381921782465,106.99358551257467,3.741604818700093e-11
3391.3014045056257,107.07872838035966,1.4411522746218287e-12
3391.5183989121824,107.09228447208412,-6.774015996364473e-12
3394.312110058428,107.2668908842712,1.3652846412588008e-11
3394.582248505506,107.2837821085977,-1.1755880300276104e-11
3396.362921464494,107.39515771141117,3.1846156056671898e-12
3396.6644271729556,107.41402174591953,1.1016162008146555e-11
3397.020937723196,107.43632937918242,3.772897166277912e-12
3397.33004906104,107.45567303663901,-4.3801256900659526e-11
3397.478316003412,107.46495195223453,1.3901853977403627e-11
3397.480281859792,107.46507498315722,1.5390099828045983e-11
3397.8837717778565,107.49032845516274,5.946153966963087e-11
3399.00446261268,107.56048555516749,-2.70558670148291e-11
3399.352050627968,107.58224984042667,-1.3450577628481253e-12
3400.089682732757,107.62844417838085,-2.981487942200096e-12
3400.9144122630173,107.68010487540822,-9.964186192953671e-14
3401.0170167394226,107.6865328512808,-1.924714029048671e-11
3401.315268371382,107.7052188515843,-8.022037474693689e-11
3402.0774827954156,107.7529803986763,7.823541043762073e-12
3402.154436152524,107.75780301107895,-8.876589392274519e-12
3402.662496398854,107.78964552449824,-4.957607033923737e-12
3404.9282122578825,107.93170642439995,-6.5896717010782504e-12
3405.439555260803,107.9637808259901,-3.5254769416456296e-12
3405.522749660167,107.96899971724162,1.4560744750718966e-11
3405.811353433364,107.98710518995262,1.276693449321061e-11
3406.1413444842065,108.00780896145092,1.0815375357685851e-11
3408.3350024231977,108.14549093312091,-4.537720181661328e-11
3408.893372473202,108.18055042668757,-1.3919125833420142e-11
3409.2119025493635,108.20055318226497,5.006333837036135e-12
3409.31548045344,108.20705797387205,1.7968325156636113e-13
3409.655834991348,108.22843395655462,-1.1003646719812288e-11
3411.1245623336213,108.32070191834212,-1.453235385245728e-11
3411.2593834455206,108.32917360221289,-4.8635396154350096e-12
3411.585595519437,108.3496730052985,-1.0609351256695684e-11
3411.7512113095654,108.36008117177228,-2.7520667206603437e-11
3413.161078462316,108.44870508995412,-4.636586838429579e-12
3413.868087603601,108.49316130323204,-1.4468162257140694e-12
3413.964107560632,108.49919967748096,1.2320785353478206e-10
3414.39608281231,108.52636725832478,-6.5070928819577424e-12
3417.1890494990575,108.70210414182013,1.877144425797261e-11
3417.7055360481845,108.73461785097587,2.22106528963711e-12
3418.8118839492317,108.8042808746914,-1.6467861362724268e-11
3418.896767409512,108.80962663334044,1.6615892640817144e-11
3420.8204395960765,108.93081052402606,2.3337726880110885e-13
3421.337918567939,108.96342132816972,-1.9837037978416944e-11
3422.3495920946075,109.02718983334606,-3.792242215031947e-12
3423.2846557392713,109.08614617726978,4.992131153883414e-12
3424.297941955211,109.15005268631263,3.5740402741474647e-13
3425.620740334141,109.23350814528163,-7.599251218383671e-12
3426.1634505748025,109.267757104015,-3.8205877253496395e-11
3426.3505663444885,109.27956672617682,-2.325764699436042e-12
3426.408109622408,109.28319864151021,-1.3170040038149556e-10
3426.502163720592,109.28913511385838,-6.732988049770188e-11
3427.475408243158,109.35057357469692,6.504776038415524e-11
3429.364602111357,109.46988340378813,-1.4360434147030885e-11
3430.071611228031,109.51455064355432,-2.3006500738880577e-11
3431.758354006475,109.62115243218445,-4.044756135378913e-11
3432.1911499315306,109.64851349246847,-2.2045360350630108e-12
3434.2059178770573,109.77593115297246,-9.340058405912672e-12
3434.252944925371,109.77890612373763,6.1816818997978786e-12
3435.5224751856176,109.85923307367914,-5.35902053350541e-11
3436.217775214539,109.90323935415411,3.3665418540742645e-12
3436.8208629492055,109.941416632248,-2.997536151180452e-12
3437.287163722551,109.97093947467373,-1.3959214518042228e-11
3438.362516477566,110.0390384179872,-6.981534751851645e-11
3438.980739097957,110.07819829080123,3.1952435447722874e-11
3440.8938949736244,110.19942730133202,1.9935505655496056e-11
3440.90692095522,110.20025293660493,3.46355718015733e-11
3440.9753239336114,110.20458862367539,-9.47843985874423e-13
3441.2826221256137,110.22406762248237,-4.923160242678518e-11
3441.7370420793263,110.25287555449665,-1.8522835951987843e-12
3442.621624141656,110.30896450280743,6.872728260750986e-11
3442.7364339005626,110.316245334884,7.505296789738087e-12
3442.83208169165,110.3223111675974,4.2766691430179834e-12
3443.483513368489,110.36362842399612,7.536892943558026e-12
3445.647492936081,110.50093561400023,-7.232217641777234e-11
3445.845621139779,110.51351140492905,5.72597706169291e-13
3445.940619977272,110.51954152235801,-2.0653258618176322e-12
3446.143223790094,110.53240249594363,1.1761856787387507e-10
3446.5450246027613,110.55791042068199,-8.517939181750237e-13
3446.697814822239,110.56761093616385,1.0536042069944188e-11
3446.972724638342,110.58506579943517,-7.483061138661627e-14
3447.208337089607,110.60002666094373,-4.717882827260518e-11
3449.6275872712076,110.75370277019897,1.5316153040918852e-12
3451.4158179652463,110.86736442746025,-9.604602449502714e-12
3451.8318089183526,110.89381365653863,7.027587449360925e-11
3452.983943252324,110.96708444978435,4.619653897217892e-12
3455.641468344407,111.13618487493974,1.8647164926002193e-11
3455.971258937066,111.15717878531659,-1.242817812618622e-11
3455.9957935731136,111.15874069874698,-5.550195958815933e-11
3456.098722513925,111.16529343747129,-2.8197002710596047e-12
3456.6312409679813,111.1991981397123,1.2321836337684242e-13
3456.891235310883,111.21575351223724,1.2922138691373021e-11
3457.7404230072852,111.26983497423198,1.188245015536607e-11
3457.977228303083,111.28491855122697,4.886124644230892e-11
3458.6710396591548,111.32911758496313,1.0177176784263649e-13
3460.822365336955,111.46622348393105,1.5197776469201005e-11
3461.732426742865,111.52424816726537,1.853860850978168e-11
3462.8891320292437,111.59802065756367,6.212269789983149e-11
3463.1334188979213,111.61360396733949,-7.343843276684985e-11
3463.511257643822,111.63770885328151,9.71769629193075e-12
3464.527378003325,111.70254708082017,-1.2462890007679465e-11
3465.0553731554537,111.73624574613916,-2.993452200766009e-11
3469.1354666712605,111.99682605062709,-5.07855471611166e-12
3471.293481874241,112.1347743949904,-8.895761711404592e-13
3471.6662247381,112.1586101911383,1.0325938119530617e-11
3471.99633979628,112.17972220307479,2.902592765982145e-11
3472.0953657078117,112.18605564768023,-2.926509446010242e-11
3472.4501394542463,112.20874755401395,-4.540363087266694e-13
3472.536015331617,112.2142406634521,-1.7850177074871355e-11
3474.2961327561834,112.32685770851153,9.75207786565463e-11
3475.891502780037,112.42898307713514,1.1712123171207186e-10
3475.959905753449,112.43336284548937,8.060950417647776e-12
3478.6514317826936,112.60576676235448,-1.1204592660412959e-11
3479.895310810709,112.68548769567737,3.983267102911828e-12
3479.989813428171,112.69154558854852,1.0799613888640719e-12
3479.9964266300035,112.6919695201956,2.0764096378702727e-11
3480.2101382365586,112.7056696889881,-1.0381934357982593e-11
3480.801717261753,112.74359776571423,7.003279343807924e-13
3480.9171472782227,112.7509991153208,1.405122846376168e-11
3481.1233296257037,112.76422009701503,-1.1513165513665905e-11
3482.6435593996907,112.86172560265634,1.6688997123142218e-11
3483.388052683159,112.90949193599675,-4.400114789102902e-11
3483.9332726112575,112.94447946257426,6.851872349927962e-11
3484.3025609694932,112.96818032434442,-3.941908132340219e-11
3484.3239368983177,112.96955230460419,4.211867560318963e-11
3484.6789587425433,112.99234005221342,3.560197226117369e-11
3484.8396026850464,113.00265205004631,-1.0149457629866563e-10
3485.803924557746,113.06456344243293,1.9679100585930215e-11
3486.419685047992,113.1041054583401,-2.77958220902016e-13
3488.276814791396,113.22340622646689,2.1847538888135857e-11
3488.878385134754,113.2620643243629,-4.634847845660205e-12
3489.6707738250057,113.31299495929697,6.264182477200606e-12
3489.9862501975067,113.3332753632256,5.420798392325633e-12
3490.9765953343713,113.3969516279979,-6.016773426230334e-12
3492.548127306277,113.49803356972669,8.432850239410716e-14
3492.5686825449775,113.49935599724407,7.22337683634368e-12
3492.6199847732973,113.50265657561934,-2.0211618586569667e-11
3495.0030483901905,113.6560267049926,-4.0962917640346695e-11
3495.9294374689175,113.71567584883284,3.069774885453505e-13
3497.3088818609735,113.80452600727497,-5.648608047896399e-12
3497.903638568646,113.84284516389778,-4.990336795094064e-11
3498.7968949532574,113.90040838593453,1.1041694352409722e-12
3499.137898380448,113.92238720304799,-1.5011030884717265e-11
3500.9843401121343,114.04143377966035,2.847946086356522e-11
3501.3562622637637,114.0654205047218,1.0881608953188413e-12
3501.7967878080685,114.09383502931547,-4.055415585043725e-14
3501.8888570383538,114.09977407734254,3.661033486724853e-11
3502.7620543908456,114.15610859583964,4.4131392662667394e-11
3502.826182174931,114.1602463674996,4.136390208210241e-11
3506.841326904341,114.41946982740315,-4.0259817470333966e-13
3506.9610321003142,114.42720272405174,-3.969872571889036e-11
3507.368176844893,114.4535060494972,-1.681664219301077e-12
3508.295510643726,114.51342725347054,5.423704614117826e-12
3508.3990885264498,114.52012109279464,-3.1198411374498063e-13
3509.670679816078,114.60231524224197,-7.984123367842928e-11
3509.7006061149054,114.60425000136453,6.152127460439285e-12
3512.5779594806063,114.79035024170888,1.3447469411219743e-13
3513.792704128524,114.86896276398177,-2.4516404735216554e-11
3514.080439463495,114.8875876143298,2.8309150396799374e-11
3514.71181202094,114.92846113885743,-3.319720981270418e-11
3515.969632995093,115.00991129724189,9.132361567274119e-12
3517.296830363143,115.09588552098107,8.827172895345385e-11
3517.3310318470003,115.0981014801636,7.52181853637194e-12
3518.1666208766414,115.15224708782517,-1.950733561690238e-11
3518.744429557286,115.1896962239233,-3.888538689545025e-11
3518.961796066069,115.20378584924298,-1.0243511943060712e-11
3521.6745737366487,115.37970041345268,7.074930353295695e-11
3522.1390136293217,115.40983137907939,-6.452774443639847e-15
3522.842739852688,115.4554938372468,-1.2678872382905891e-11
3522.8771417592834,115.4577262966251,-1.0499643577564269e-10
3522.9231763725,115.46071367690242,1.7306717295621862e-12
3525.992044633182,115.659953530001,1.4022635981886806e-11
3526.956414110153,115.72259902516322,3.991120160810723e-11
3527.769434347321,115.7754261746801,4.767272682289285e-11
3528.070691866926,115.79500390346762,-2.8850416312723257e-12
3528.4102256317447,115.81707108260183,-5.600658765688102e-12
3528.606989215639,115.829860229659,-6.596246275756147e-12
3529.784774482874,115.90642827439426,-4.597713177444873e-12
3531.156536784768,115.99563901512698,-8.433683687443244e-12
3531.626120227392,116.02618571496119,2.2588336467039424e-11
3533.354020814014,116.13862171255138,-4.493905922572555e-12
3533.929491461654,116.17608029781401,4.559719740482668e-11
3533.9495504853944,116.17738609154985,-2.480083435290253e-12
3534.408121485686,116.20723997165307,-6.419086920325551e-12
3534.499370020339,116.21318089401865,1.440710562335574e-12
3535.119033476309,116.25352940734169,6.559697778478703e-14
3535.1594760001217,116.25616301121092,1.1146134548481734e-11
3535.524489135368,116.27993390980618,2.582481848033772e-13
3535.6001255683213,116.28485991890929,-1.6141998296089544e-13
3536.7606096550962,116.3604525173065,3.6841697044530864e-11
3538.8421674439496,116.49610495301748,-4.9401684910860585e-12
3538.9237204410992,116.50142128141063,-3.220988182209329e-13
3539.0263248883157,116.50811009908698,2.0555792466240664e-11
3539.681086880667,116.55079881617951,8.110615263167905e-11
3540.6710597600745,116.61535737627091,-3.1861867523893933e-13
3543.6937692498327,116.812587391294,4.156331692585373e-11
3543.753946319911,116.81651561838996,6.1070814633406444e-12
3544.2611857286665,116.84962974490679,-6.3865913754588325e-12
3544.731093635752,116.88031098691333,1.255728399228585e-10
3545.1164615776856,116.90547547851821,-3.663157261262463e-11
3545.6752036311545,116.94196614244169,1.3271898418208913e-11
3546.242448370973,116.97901798768453,-2.2329221104116147e-12
3546.6064403855958,117.00279669511936,7.237737149624483e-11
3547.7819162821866,117.07960432553428,2.1531055883798147e-11
3547.910171839004,117.08798630575912,-2.764413868337036e-11
3549.5863979885735,117.19756181125194,-3.828945789677884e-11
3550.0149186251997,117.2255826662502,3.9679329736581336e-13
3550.2551306892774,117.24129155130514,-3.523046968736878e-11
3551.6351188307067,117.3315577161721,4.982452926383663e-12
3552.219139828367,117.36976957678054,-5.707805162610549e-11
3552.7343857024443,117.40348677229724,2.6556250871308084e-13
3553.219104010429,117.43521073744697,2.0675558374663818e-11
3554.0563343610147,117.4900161927767,-2.17765230349237e-11
3555.1392448068573,117.56092312321229,-1.949666276852648e-11
3555.4999827428555,117.5845483583968,-8.641073816666109e-11
3555.6525248223065,117.59453927503056,-4.05053308347996e-12
3556.8500445743307,117.67298708100633,4.388998611226992e-11
3557.379929115446,117.70770748978036,-1.4798027387651617e-11
3558.059349769016,117.7522337419594,-6.527171964691572e-11
3558.4996271578148,117.78109213306638,-3.735306245577888e-14
3560.0162494647125,117.8805278884845,4.469046442082134e-11
3561.3760068208408,117.96971498074434,-1.3649798116856647e-12
3561.802838384959,117.99771807721167,-5.824892637694008e-12
3563.2423832971804,118.09218690447624,-3.1723021906741685e-12
3563.2999265592052,118.09596392222396,-8.738983018617761e-12
3563.342678410212,118.09877010259714,-3.456294760857813e-11
3563.554949025455,118.112703790518,-6.187400853863246e-11
3563.7959817729657,118.12852646429266,2.180187096707827e-11
3565.4052935499963,118.23419769016611,-4.985535002134535e-11
3565.865009688593,118.26439250206178,-9.202815298549901e-11
3565.941963020026,118.26944728703882,6.326825448193063e-11
3566.052125405591,118.27668364407634,2.787602093664918e-11
3566.9153313225193,118.33339373338642,1.549023771517675e-11
3567.4661432490993,118.36958763009673,-2.118388958970788e-11
3568.0501642291215,118.40796980072524,-6.041997207423633e-12
3570.3520466624095,118.55931192765244,-4.542325609646963e-11
3571.7498321274425,118.6512599178936,1.6093911384423558e-11
3572.211313693103,118.6816246267441,-2.7312727869195065e-11
3572.402580539573,118.69421081262246,4.620483409943008e-11
3573.109589453306,118.74074090690532,-1.7915989401247335e-12
3573.3570349739834,118.75702811504239,-1.0461635771140502e-12
3573.6795920224854,118.77826096174896,2.7974221081916512e-12
3573.7687029577605,118.78412717307731,1.255386826179153e-14
3573.807179622903,118.7866601537646,1.1737670255402538e-11
3575.643305283897,118.90756695819663,-2.546519863005189e-12
3576.406015651556,118.95780883226493,-4.651093099934799e-12
3576.4650762381057,118.96169976599587,-5.3450686227006596e-11
3577.590041851418,119.03582519322508,4.330488228618724e-11
3578.2097052562954,119.07666556694092,1.4536269787062974e-11
3579.140321686526,119.13801331884228,-2.604117144579873e-12
3579.3849806591143,119.15414428544398,-1.4551404695574992e-11
3580.236677902293,119.2103073755397,-7.1757552739537694e-12
3581.4346938117906,119.28933021924982,5.3415240894310895e-11
3581.778330990017,119.31200189861438,8.385244000422357e-12
3582.57671247087,119.36468401756639,-1.973452616716265e-11
3584.2536828299994,119.47537906567437,-1.8713250733569405e-11
3584.8875173710253,119.5172313065987,-3.4168723386564464e-11
3585.215666500315,119.5389019767522,-1.8537932055760245e-11
3585.671804073157,119.5690281822855,4.3150802770022793e-13
3586.742509166056,119.63975936450008,4.186877594893936e-11
3586.8358665978008,119.64592759257097,1.1489491195628162e-12
3587.0802297767304,119.66207369633914,2.5360716423144527e-12
3588.2155588535475,119.73710409421933,1.6044635181809151e-12
3591.7382262832,119.97005745097829,6.061065400395683e-13
3591.873047346221,119.97897768504613,-1.9088204176387754e-11
3591.9585510436377,119.98463508286144,-4.643412972583544e-11
3592.5753325196274,120.02544874822128,-1.2566919799565162e-10
3592.6095339985513,120.02771213363387,-7.395912295079452e-11
3592.715745670129,120.03474114680884,-3.772638579413705e-12
3593.319949697281,120.07473089466265,-6.981654358756785e-12
3594.8316287699554,120.17481209546223,1.503450451302236e-11
3596.660644945312,120.29595897843377,2.6546848043829303e-11
3597.2535884229856,120.33524646378173,-1.813803284673625e-11
3597.69423793927,120.36444738998722,8.797454903440587e-12
3598.120697314394,120.39271137093718,-2.892650888977136e-11
3598.6274404578253,120.42630058678753,1.5618091621915895e-13
3598.7556960023408,120.43480269152724,1.08224358773417e-11
3599.288414730438,120.47012004473564,-5.4747306355980324e-11
3600.253604762505,120.53412202018977,1.8168304830272675e-12
3600.8296956036475,120.57233091584476,-2.691347549461446e-12
3601.1010267878332,120.59032891925267,-1.4511699206309521e-11
3603.9524040653573,120.77954915107371,4.305460304572599e-11
3604.037907760865,120.78522557418775,4.419770572953419e-11
3605.274352596814,120.86732578302299,2.4127297630793397e-11
3606.549226409233,120.95200717229939,8.820385285847266e-12
3608.9726556523406,121.1130620091616,1.4238018124417073e-13
3609.649862278207,121.15808674884832,2.9640130864819144e-11
3609.6755133865913,121.15979235373524,3.33791323814245e-11
3610.545303747283,121.21763401399568,1.9349019918945657e-11
3610.751486043137,121.23134732248292,-1.6449613864009222e-11
3611.8870154934375,121.30688610152913,-3.539888322439596e-11
3612.165503768985,121.3254155925762,4.9236855042519424e-12
3613.0379566175266,121.38347434858603,8.836626207037841e-12
3613.358080259816,121.40478099940793,7.346677274067122e-11
3614.1201703076867,121.45551145512843,-3.324475718575029e-12
3615.386493730111,121.53983114144931,-9.900309539457777e-12
3616.0589766336893,121.58462124263286,8.668635619387267e-13
3616.7244264929386,121.62895111462662,-7.259018417737613e-12
3616.8303136834356,121.63600568999574,6.837018313113518e-12
3617.7782025227443,121.69916656313626,8.09526431244925e-11
3619.429149505252,121.80921397232508,4.1540793835520446e-11
3619.5811953533325,121.81935143907181,-2.937831944079969e-11
3620.606562410985,121.88772762460839,4.949754110283741e-12
3623.7688639012053,122.09872638384608,-8.241849126817129e-12
3624.6430821637723,122.15708949332046,1.1408960752832636e-12
3624.8548565417036,122.17122974128823,-3.590937212244715e-11
3624.9475460169133,122.17741890931191,4.750666180901045e-13
3624.986719314682,122.18003468128796,2.0353082748453515e-12
3626.945584622723,122.31087271122736,2.4527601203577772e-11
3627.0652897914188,122.3188704420909,-4.0064426513789205e-11
3627.310597695174,122.33526075618572,-3.877177276921143e-13
3628.8683589614893,122.43936886707489,7.982971738398222e-12
3629.219725789386,122.46285755038262,4.710935526139575e-11
3629.4743760646393,122.47988220556974,3.88635451080517e-12
3630.1514586120106,122.52515439905068,-7.124064744543189e-12
3631.692615345303,122.6282332117646,-2.6240132452307865e-12
3631.873146525904,122.64031073203714,1.7404334925476824e-11
3632.187973860102,122.66137408967376,2.6816599146507337e-11
3632.7923782667954,122.70181656658596,1.0212277065433795e-12
3633.659906945491,122.7598772236974,4.705126425860517e-13
3633.964370793689,122.78025720960152,-1.7995115433908654e-11
3634.768716445354,122.83410614478684,-6.246986416655902e-11
3634.9880487621376,122.84879196429601,-4.090927580979261e-12
3635.073924612715,122.85454218937812,-5.738289581202229e-11
3635.099203560035,122.85623488713205,-1.3528776334871883e-11
3635.606643305629,122.89021593251906,3.360319916278438e-11
3635.6907824099862,122.89585082293013,-8.056462678555462e-13
3637.364918377658,123.00799670229021,-3.084949175900863e-12
3637.8761370925304,123.04225216293032,1.88974720544657e-12
3638.1937986518437,123.06354027795618,5.634727761304312e-13
3638.333018941258,123.07287072272756,-1.901275526255618e-11
3640.7717069808705,123.2363677633199,7.630768521146077e-12
3643.4550539538186,123.41639406937439,4.517040457305615e-11
3645.3046538868402,123.54056133402256,-5.730758596738554e-11
3646.3587543388844,123.61135335201996,1.4849617258555797e-11
3646.959551495826,123.65171126661849,4.5746440816391325e-11
3648.2387003968015,123.73765889169918,5.831972089512386e-11
3649.845454488917,123.84566142978416,2.5320971629740527e-11
3649.847391658063,123.84579167081043,-1.3805969371666364e-12
3651.3334671530533,123.94572483976273,-5.564839370052549e-12
3652.2086777988766,124.00459860495052,2.0137419968898427e-11
3652.7926986883517,124.04389243509836,-6.502937769117209e-11
3652.861426115095,124.0485169360266,9.445908870272644e-14
3655.5429122311893,124.22901552010437,-1.9551236177781673e-11
3656.4235909042677,124.28832544206658,-4.4717157799304046e-11
3656.8471396360455,124.31685471583945,2.2564002023349326e-12
3656.9408215322846,124.32316536037624,-1.0413973707638502e-11
3657.2084977711365,124.3411975856222,2.9445546589102436e-12
3658.260785085179,124.41209856036066,-3.1472806342380873e-11
3659.8181741058447,124.5170696921463,1.0327890271325247e-15
3660.2259390003856,124.54456124122362,-7.781252263326827e-12
3661.2236413387964,124.61183934556288,6.032092652972864e-11
3661.334796131525,124.61933598666033,3.5495629219810502e-12
3661.6100303106655,124.63789965525096,7.331712185067503e-11
3661.6128645390477,124.6380908221853,1.171432588057633e-10
3662.067656459934,124.66876817012219,-8.857574900638292e-12
3665.6745102036302,124.91219833438166,-1.0930189526487387e-11
3665.872018057278,124.9255352574056,-6.886308356156649e-11
3667.3494954583225,125.0253262472942,-3.9127842704961627e-11
3667.5054920013818,125.03586482947345,4.997717262073698e-11
3667.9596636511437,125.06654963391226,1.8465646269189715e-11
3668.0476294053424,125.0724932269463,1.3764496910745076e-12
3670.2736745833645,125.22294814115045,9.752971044092883e-12
3670.7988353009396,125.25845624054112,9.655394677021026e-13
3670.833408934916,125.26079407274098,1.743552010091612e-11
3670.8586878806404,125.26250342198462,1.1900421150473874e-11
3672.297364134225,125.35980536505424,1.3287496256737434e-11
3673.9073722302414,125.46874019700243,2.953169941536581e-11
3674.710400922615,125.52309180557246,-1.7844367335393572e-12
3676.577225544333,125.64949050796699,-9.24239731039485e-13
3676.6736176123695,125.65601875168268,-7.518976371610602e-11
3676.9105468629828,125.67206573600332,1.8775501892578246e-12
3678.5286091014004,125.78168313931997,-6.285904703695475e-11
3678.5752639678226,125.7848445398236,2.6682401335170826e-11
3678.9688863938054,125.81151855479196,9.557784420443571e-13
3679.460714002855,125.8448515027112,-2.0269803535740912e-12
3680.0994438860853,125.88814720363442,3.490018045769713e-11
3680.285443084821,125.90075639622988,-8.152527437225458e-13
3680.388047505476,125.90771239194801,1.9479278696671836e-11
3680.594229775747,125.92169096271594,7.607018928399359e-12
3680.7045161917363,125.92916838911253,-6.270996275130809e-11
3680.8148789774727,125.93665121766834,1.203808169842441e-10
3683.096873660352,126.09142553016773,-9.741278617497107e-12
3683.8119365881907,126.1399437923376,-4.2281991905790495e-11
3684.251717663448,126.16978838020553,-7.218005902944469e-12
3684.673825418821,126.19843696544078,5.289120341534472e-12
3685.461070262244,126.25187628768619,1.5593529228202933e-11
3689.297171109984,126.51243973042325,-8.364730860026792e-12
3690.2960185639113,126.58032995860412,-7.514186539530838e-11
3690.948117884235,126.62466212937844,-1.8004347965271738e-11
3694.969301833488,126.89821045952087,-4.7173447800879e-12
3695.033429594784,126.9025752797144,5.532301727653649e-11
3695.3258121777353,126.92247709669886,1.4875663717676574e-11
3695.4740790345572,126.93256988594605,1.0143548145564814e-11
3696.150169077405,126.97859767366023,-4.1569409289625137e-13
3697.3478125788934,127.06015316358673,7.529382011039312e-11
3698.007794309575,127.10510698912049,-6.932033008356355e-13
3701.4359584730732,127.33874116095659,-1.1498324731156444e-11
3701.564213994245,127.34748615482522,6.608032894042911e-11
3702.5033805876383,127.41153166523175,3.276263528776914e-12
3702.773891033607,127.42998186380197,-8.36464656586003e-12
3702.8337436100223,127.43406429832804,8.629609880800964e-11
3703.5441591698873,127.48252548145264,-1.0582963462579543e-10
3703.994055607495,127.51322009253461,-5.694999418530209e-13
3704.620131648673,127.55594092859631,2.5049191069752815e-11
3706.1403607913876,127.65970512123276,6.612440771550187e-12
3706.868125189838,127.70939420443608,-5.7483856918798166e-12
3707.505910300446,127.7529478535047,-7.727001100692469e-11
3708.1081483496323,127.79408091073009,2.6942347541656306e-11
3709.3577429872776,127.87944994937975,-7.598840593467879e-12
3709.360577215428,127.8796436091307,1.237586002766783e-11
3709.446529424669,127.88551670112075,-1.3642583005965698e-13
3709.461692991648,127.88655283781075,-3.09661126463097e-11
3710.0970160311554,127.92996869306326,2.4054680712132867e-12
3710.5286188786163,127.95946723184215,2.911091056873757e-11
3710.932604766744,127.98708135754323,-1.5715165636447154e-11
3711.036182611003,127.99416182076979,1.674416315006517e-13
3711.4787692077675,128.02441876179805,4.7475092297448466e-11
3712.0375110936225,128.06262168317025,-1.7200587716116024e-11
3712.552804503205,128.09785899442238,1.275563182157669e-12
3712.9687475688797,128.1263059982624,-9.380219824572759e-11
3713.9483566549175,128.19331560376938,-5.120225615416818e-11
3714.2724786317913,128.21549087628247,3.5827230093906226e-11
3715.948704279911,128.33020315412142,4.962372219887818e-11
3716.27675796605,128.35265952011915,-9.65550338795975e-13
3717.116745930164,128.41016852689665,-6.492880453520997e-11
3717.997424510105,128.47047733635353,-6.457334166366431e-12
3719.684987060166,128.58608142362635,1.710242308538817e-11
3719.7576651866007,128.59106131424173,-6.697406145438727e-11
3720.4186393185446,128.63635559523584,2.8222697662545262e-11
3721.230542791441,128.692003558236,-4.0978890461327005e-11
3722.377580671758,128.7706423698224,6.350501644853891e-11
3723.212348700727,128.82788777070905,-5.6882063587535704e-11
3723.913889392189,128.87600684482283,-4.387968901597058e-12
3726.3785526514685,129.04513137039652,-5.7919482433522694e-11
3726.763624677835,129.07156501558995,-1.6635271270215469e-12
3726.7741409006917,129.07228695029076,-9.002246993022477e-12
3727.291619573015,129.10781418090383,6.020950587310181e-11
3728.1509985885314,129.16682530081818,-6.693738300852488e-13
3728.303292514461,129.1772843118794,-8.179525113700381e-11
3728.371695456005,129.1819821243045,6.488755481065482e-12
3728.540221744333,129.19355662722967,-3.652760415566688e-12
3729.01852712443,129.22640982358013,-1.4194004271582433e-11
3729.1960999933576,129.23860778255593,2.7392835165013456e-11
3729.246037613419,129.2420382369157,-8.206598874215527e-13
3729.4419040668704,129.2554936853767,-3.643170150853139e-12
3729.9172511649217,129.28815156960513,8.018958218147933e-11
3730.119110550572,129.302021221831,2.8544453149040774e-11
3730.9997891114303,129.36254096342338,9.669761192312408e-12
3731.329579535177,129.38520765496264,-1.6487881613657538e-11
3733.82844423458,129.5570212113248,2.745461032195577e-11
3734.0293588762443,129.57084042420485,2.99571644612431e-12
3735.6474686419256,129.68216357036246,-5.75940691834008e-12
3735.991105726951,129.70581141492,1.5093488627511136e-11
3736.306581957328,129.72752324783517,1.1311124609189641e-13
3737.331624331628,129.79808178514892,1.9916432643636226e-12
3738.1121318532855,129.85182080622843,-2.0857922819963228e-11
3739.280173460525,129.9322630470599,-3.737109851588269e-12
3739.5409406731264,129.95022534146375,-1.4713630067927715e-14
3739.804837903678,129.96840451453227,-2.1554481507822134e-12
3742.6315081334,130.1632067139288,3.2843807374363664e-11
3742.7683140132444,130.17263853267232,6.0278764559346206e-12
3742.9671387435883,130.18634673661995,-5.152264345935994e-12
3743.952339867045,130.25428332609013,3.096963887074563e-11
3744.69355003724,130.3054067985346,-1.6483904653573328e-11
3746.7962825491795,130.45049359922163,2.3369921459085585e-11
3746.847584753774,130.45403442662658,-6.050822438121088e-11
3747.368174429733,130.48996775312472,-6.739463839093556e-11
3747.6594881912033,130.51007765358813,8.448398761571257e-11
3747.7535422328233,130.51657070306032,-5.959336321855753e-11
3747.796990706033,130.51957023669556,-6.922681476027095e-11
3748.1346635382133,130.54288319669848,-5.391446110196761e-12
3749.767688725831,130.65565703017552,-1.2648785385717873e-12
3751.0372182398137,130.74336243381126,8.448436949629227e-11
3752.498711173328,130.84436638568417,-4.9140103603270865e-11
3753.1981619226153,130.8927194320209,-1.4890517516099895e-12
3753.398952504625,130.90660175442028,-4.544340753921785e-11
3753.789416176971,130.93359988091348,-1.4930560838254145e-11
3753.9242372020058,130.94292256579752,-3.313124868981968e-11
3756.0758861877375,131.09175138883504,4.1107750547988396e-11
3758.0722352827984,131.22991444111895,9.837131835898206e-12
3758.971827653353,131.29219730005377,9.585186629898565e-11
3759.5431469397395,131.3317600648501,-7.409999994717849e-13
3759.841398370197,131.35241579307367,3.3773987233289126e-11
3760.197908676013,131.37710845323693,-1.3464765189880472e-10
3760.232110144997,131.3794774426186,2.8280904241296957e-11
3761.416880284717,131.46155470122216,-5.869328849621813e-12
3761.8160947422343,131.48921688433566,3.831431871953867e-11
3762.0186984369484,131.50325672864443,-1.0666570277865111e-10
3762.0824540313,131.5076749615341,-6.426889814222906e-11
3762.6266812574677,131.54539270146458,-7.603561750815091e-14
3762.6523323591045,131.5471705890949,3.6879734181180524e-12
3762.9969618551204,131.57105816613335,3.528474917403717e-12
3765.0282090326377,131.71189605855724,-8.838349064987601e-11
3765.1179878880166,131.7181226898829,-1.4025994256159848e-11
3766.6563387255856,131.82483840308237,-5.660299711919415e-11
3766.7760438657733,131.83314420126337,-4.612815659563467e-11
3770.535639420914,132.09413985912215,3.0465454329438435e-12
3771.6366426158083,132.17062211828025,-3.126922520304969e-11
3772.392968634637,132.22317397992768,1.8906359896638223e-11
3772.5323606292,132.23286051507188,1.3144368032260611e-11
3773.0831723582914,132.27114065642272,6.220063735095197e-11
3776.389044837752,132.50100857763513,3.43626642782006e-13
3776.491649242029,132.50814621218018,2.2288403861001417e-11
3777.2471545656335,132.5607086104348,3.431410778739189e-11
3778.1203514878525,132.62147220681862,2.288485767359271e-11
3778.4038115039352,132.64120050224972,-9.793091793586404e-12
3778.5277918253682,132.64982976970086,-6.381143860030007e-12
3778.9327987808347,132.67802100152537,4.441748012685951e-12
3780.287412061522,132.77233322989514,-2.642654684142415e-14
3780.875708009006,132.81330268087513,1.5965861180377017e-12
3781.4465787457484,132.8530647195398,-9.11326075294983e-13
3781.9540183659437,132.8884137215309,-9.072216165423257e-13
3782.0821021333736,132.8973369778343,1.1281264359801413e-10
3783.6192313937954,133.0044482710233,-9.144751234318095e-13
3783.757382853225,133.01407716723884,-9.183397465692843e-12
3784.6044801361104,133.07312593748284,-6.057495594597754e-11
3784.7245097491486,133.08149393355438,-1.0959129764295697e-12
3785.791435504796,133.1558874962829,-5.383724193963744e-11
3786.3067288523043,133.19182487954114,-2.6494768755400396e-11
3787.076996883128,133.24555372586244,3.4944567382513064e-11
3787.5245839306835,133.27677948349222,1.83382085760009e-11
3789.4387310112534,133.41036093859452,3.755617243317339e-11
3789.8108533947184,133.43633786013277,-1.99543248945164e-11
3790.375311348243,133.47574611004777,-5.494354589297428e-12
3792.647762825676,133.63445917416777,-1.4329025934497332e-12
3792.766599588074,133.64276161522412,1.6254942584862697e-11
3792.917576595702,133.65330988553794,-6.623906440153121e-12
3793.3078685065598,133.6805802520615,1.7540940104478264e-11
3793.427573641665,133.68894481784767,5.1923829077178905e-11
3793.812645626229,133.71585405819346,-3.724825685855571e-12
3794.0101534378787,133.72965717417745,1.3377041742291916e-11
3795.339487745691,133.8225782981834,3.630810241286232e-11
3796.165705309223,133.88034771672778,4.915930879444109e-12
3797.692347000015,133.98712411642606,-2.4248297372749177e-12
3798.5017883033192,134.04375549018042,4.864893836125402e-12
3798.902768169146,134.0718139287434,6.936688828252659e-11
3798.9586700290934,134.0757258788484,3.060403132019323e-11
3799.9027796064124,134.1418023147256,-9.917063311084475e-12
3801.4362062230416,134.2491589218997,7.436866754876442e-11
3801.638933958243,134.26335531874986,3.3583255778364215e-12
3803.179345928492,134.3712503401977,3.276940122414687e-11
3804.4486749111584,134.46019075402822,-4.984330511152217e-12
3805.7344366747593,134.55031285197427,1.9862861494125532e-11
3807.0552682750345,134.64292478813778,-6.458125096799132e-11
3807.7504437802186,134.6916808891553,1.2308897027275895e-13
3808.0054184555697,134.70956575722929,2.4256079696524737e-11
3808.0513289925216,134.7127862195589,-5.148189159068763e-11
3808.105589473054,134.7165924510578,-9.529693005754311e-12
3809.4003978089336,134.80743597462939,-4.940667564086827e-12
3809.8173332355004,134.83669466362656,-5.854115232011805e-11
3811.506136068161,134.95524015015613,-1.7904266153883603e-11
3812.5493765342076,135.0284966482933,3.733638152094517e-11
3813.871324599792,135.12135283241074,-1.7889050634388913e-11
3814.589670131983,135.1718243083461,-3.005057732811112e-13
3818.126154183484,135.42043882137455,2.1431857172906964e-13
3818.570954665144,135.45172456589907,-2.60982177111015e-11
3819.0520465204117,135.48556702416258,5.513954883154562e-11
3819.7368108473624,135.53374419728908,5.12018424048084e-12
3822.7851699775197,135.74831889375383,-2.1691499851647734e-11
3822.9174048667087,135.75763081158735,-2.278246214842387e-12
3823.7247085466615,135.81448773770245,-1.6582628818323918e-12
3824.9995818908696,135.90429919164808,-1.091611347016339e-13
3825.47344027731,135.93768889336295,-1.710228055083067e-12
3825.6134048430317,135.947552072309,-1.826907858137563e-11
3826.975919438591,136.04358612369703,-8.355074330916557e-11
3827.697070497622,136.09442881927112,-4.600252033899429e-12
3828.092658682819,136.1223227031809,2.489047775821218e-13
3828.2123638114494,136.1307639707147,-3.5136777632449716e-11
3828.79638453171,136.17195124755645,3.84824961988451e-11
3828.8768210087333,136.17762441431788,3.732855162286814e-11
3829.572120543722,136.22666870301762,3.276489180726179e-12
3829.8298053848202,136.24484726019884,1.513968584580318e-11
3830.2265100480136,136.27283545887306,6.792648612677087e-12
3830.3370445436776,136.28063437471744,1.648931011589735e-11
3830.621449279158,136.30070198289346,1.170101272657722e-11
3831.5054104561364,136.36308382709655,-4.28441104384843e-12
3831.6588208362627,136.37391158555707,-1.7718134034676542e-11
3833.114721498352,136.4766911449578,-3.671934184449258e-12
3833.583684429499,136.5098059783852,1.7649891443665895e-12
3833.8578974187612,136.52917083024275,-1.0994984273705977e-12
3834.4175839375202,136.56870004912884,-4.930925366028417e-11
3835.0344892149155,136.61227716701367,8.206527011887022e-14
3837.195680718148,136.76499528197974,-2.2596509944420035e-11
3837.5333535026957,136.7888643130784,1.4472472927890091e-11
3838.548156284341,136.86061018315377,-5.662440419372993e-11
3839.115076263009,136.90069930108996,-8.327407600432161e-12
3841.832948300952,137.09297283649727,-2.295578157103896e-11
3842.925897220234,137.17033093543833,6.261907889511003e-11
3843.0358878172474,137.1781172054517,-5.3771853729953037e-11
3844.051310856672,137.2500098568471,-1.509486722710779e-11
3844.7124852808734,137.29683167188333,6.955477085241102e-13
3844.8773566213144,137.30850847679338,-1.8581703979144276e-11
3846.2494903387105,137.40570754250783,-1.036451734939288e-11
3847.066785311522,137.46361947994512,8.127232894287615e-11
3847.1408090117448,137.46886526353342,-3.560981306542906e-11
3848.010599028902,137.5305115994104,-2.3030207346918588e-12
3848.419957493474,137.55952968853273,-3.2843500346467005e-12
3849.037855183765,137.60333629075086,3.7111585975674e-12
3850.214819112567,137.68679802516357,1.9384318903070627e-11
3850.9216559580454,137.73693402494678,1.2095227403200978e-10
3851.4469405752106,137.77419847023066,5.859165188744266e-11
3855.684716866462,138.0750183164173,-5.83440446463685e-11
3856.410792029545,138.12659217920088,-3.6578223793006195e-11
3856.5209543610717,138.13441797095732,-1.1692770617096597e-11
3856.5979076547314,138.13988476757163,1.2862729998342956e-11
3857.310384262147,138.19050460677065,2.333368071769271e-11
3858.011924804875,138.24035660006606,3.260793178895515e-11
3858.4424110716354,138.27095176310036,2.195792342816756e-11
3860.314178273421,138.40402013973906,-9.799526023380529e-12
3861.33835207533,138.47685840555695,5.407382176359503e-11
3862.588070462171,138.56576336079885,1.1979786345654097e-12
3864.96300202474,138.734795256972,-1.3358932517566622e-12
3865.4496859312876,138.7694470207219,7.113041897672205e-12
3865.629844883067,138.78227539632817,-3.37736458261794e-12
3866.3753300952358,138.83536467798882,2.307893226175847e-12
3866.821571499812,138.86714838965017,7.417896485748855e-12
3866.9251493185016,138.87452628321336,1.3134790922858158e-13
3867.2655035758853,138.8987712582321,2.8588930534157652e-11
3867.9264775540546,138.94586152374288,-8.564021106022605e-11
3871.014658696324,139.16598177001785,1.768084212085149e-11
3872.005747498073,139.23666211375752,-8.460791414788887e-11
3873.1897731132494,139.3211256312378,-3.775887766336548e-11
3873.4704465439913,139.34115150576525,-5.051866506290851e-11
3873.4789492262357,139.34175818949552,-1.5000020133830623e-11
3873.982609804861,139.37769777550727,7.166471996258515e-13
3874.7453197924933,139.43213118352526,1.9802591969583408e-12
3878.915065170915,139.72990875983123,-1.6531306438375154e-12
3878.9264020804853,139.7307188087804,1.261210155811052e-11
3879.310653325638,139.75817586727828,4.035371301763603e-11
3879.3961569823614,139.7642859868526,5.863402680719273e-11
3879.7223210992574,139.7875950191498,2.707703988308177e-13
3880.083106521886,139.81338051537298,3.3060322853806754e-11
3880.369524774286,139.83385266386315,9.26500279420806e-12
3881.6654494476793,139.92649959407285,-3.818900373526645e-12
3882.224191183877,139.96645413513392,1.3836166517243618e-12
3882.791435601743,140.0070225692493,-1.134701929488176e-12
3883.0958993267122,140.02879978341346,1.945555539294749e-12
3883.155427409851,140.03305781637422,7.545455830433193e-12
3883.231264221264,140.03848250425247,-2.5549049036087087e-11
3884.330902639941,140.11715271659975,4.190978363814898e-12
3884.4591581240757,140.12632980700175,-2.8819447966260237e-12
3884.551227293846,140.13291783762088,5.605833916697473e-12
3886.005037932696,140.23696629173583,1.657714916381874e-11
3886.1353833244116,140.24629694390745,-3.991735073136557e-12
3886.34604113295,140.26137734646386,-6.101023912790722e-12
3886.6181165091693,140.2808556703722,4.308043586513684e-11
3886.6641510939103,140.28415149692472,-1.596568494868252e-13
3887.1255560478576,140.31718774519663,-5.4510178846021765e-11
3888.1841030081164,140.3929937316655,5.194282567841769e-13
3888.4874502514813,140.41472121821238,-6.051913936912931e-13
3889.301462416121,140.4730338613863,-5.347641976669534e-12
3890.2761470960713,140.54287251168876,5.686805820467273e-12
3890.6053171718454,140.56646234253307,-2.2702347048699725e-12
3891.0780590324985,140.60034467474378,-3.291128536766074e-11
3891.6254161681295,140.6395799720746,2.4893312484938776e-11
3893.1363978625814,140.7479178219604,-6.43792185753258e-12
3893.3990258116596,140.76675261645082,4.575594110075463e-12
3894.024929929738,140.8116454799453,9.706076482248308e-11
3894.1691696638413,140.8219920728023,-4.869774183606681e-12
3895.2150438044864,140.89702609565896,4.288233379833103e-12
3895.7513408202544,140.9355094031485,1.1312283544003284e-11
3896.565228923024,140.99392206104213,4.65904305009802e-12
3897.1837755216916,141.03832324170133,2.86234791994044e-13
3900.103926500823,141.24803585161382,-6.450448206247937e-12
3900.2640264320576,141.25953807809753,2.9998396671059546e-12
3900.650415256572,141.28729975858727,4.694428268341083e-11
3901.872917466305,141.37515352982507,2.422047448237008e-11
3902.009723312547,141.38498664365116,7.464182817827172e-12
3902.6312281868636,141.42966252691255,1.8898897445515556e-11
3903.2571322965478,141.47466183321876,-5.286692338449756e-11
3903.6136425240948,141.50029632218732,1.6171682703727324e-11
3904.014002060195,141.52908653999646,9.334373673969976e-12
3904.015118539364,141.52916683115583,-2.2084476293349028e-12
3904.853989778737,141.58950041567007,3.477583779240812e-11
3905.07369415985,141.60530421148,-7.410251318008693e-11
3905.504972399744,141.636329543463,-1.656266034590404e-11
3905.5609983039562,141.64036019134926,-1.6659372075002647e-11
3906.1388066059635,141.68193258232492,1.1213061043061912e-10
3908.2988050323816,141.83739551034105,1.6778098700867285e-12
3909.398443410954,141.91657349011894,1.3443064038773719e-12
3910.126951898,141.9690410286443,-8.287413753991446e-11
3910.2371142208285,141.9769758241049,-5.972709900386597e-12
3911.5228757805035,142.06960346496345,-1.9862620429039124e-12
3912.1752993506293,142.1166164048713,-5.4318258690475945e-12
3912.954985973054,142.17281006752583,-4.848818050185363e-13
3914.1157938030765,142.25649268773765,7.723284530861852e-11
3916.7050855858333,142.44324412944502,4.9926765745283505e-11
3917.060231220853,142.46886847121274,3.663586539787142e-12
3917.9836613540047,142.53550634874932,5.568596361053843e-12
3919.082803504332,142.6148446820267,2.4906401691606015e-11
3919.6331188982795,142.65457593554828,1.452018103585572e-13
3921.716984685709,142.80507585566247,7.700318171078124e-12
3922.0809764733,142.83137209621216,-2.382043441841748e-12
3923.3381286353356,142.9222126295465,4.059017917281534e-13
3923.3848311673178,142.925587867734,1.197790915332645e-13
3925.489452590168,143.0777326418556,-1.2700176157236958e-11
3926.594358550119,143.15763984365046,-3.6651947305758405e-11
3927.0152256130737,143.18808301746003,7.96988972777388e-11
3928.108174395681,143.26715606964018,-7.424168275713049e-12
3928.422009154943,143.28986556618256,-9.699972548353062e-12
3928.8962396286915,143.324184950018,7.838967520305522e-11
3929.1584954045497,143.34316580588558,-7.710306067235653e-12
3929.7770419742624,143.38793835373772,-6.523689132758758e-13
3929.997366613719,143.40388791823779,-1.0345576767803358e-11
3930.9011385653203,143.46932240915956,-1.8324644440017816e-11
3930.9267896604247,143.47117980780757,-2.1411725779466483e-11
3930.9403118438986,143.47215895549488,4.389863065403074e-11
3931.2316255239534,143.4932539344618,6.16209006117463e-11
3932.7518541333197,143.60336403871148,-2.6620771566750726e-11
3932.854458513469,143.61079720393775,-4.5106277883400254e-12
3935.058878746951,143.77054307296126,7.68914835215336e-12
3935.176398581991,143.7790617973758,3.040009583100081e-14
3935.304654056735,143.7883590122927,1.12824784261631e-12
3936.223637246722,143.8549847925468,-3.403463366240378e-11
3937.6154576315867,143.955920634157,9.300372416724753e-12
3938.745966983897,144.03793227025866,5.891335896370877e-11
3939.0294746152117,144.05850273153362,7.164896787160755e-11
3939.3556387040876,144.0821700486134,4.059648818953514e-11
3939.445417535882,144.08868497877478,-8.061172398345163e-11
3939.5621930507864,144.0971591842644,7.473533293352449e-12
3939.613495240368,144.100882178516,-1.4280642638546843e-12
3940.1171080874165,144.1374318813418,1.1773901399601286e-12
3940.2060185464734,144.1438850432023,4.93085927238159e-12
3941.2302399132154,144.21823399998527,-9.135522092936777e-11
3941.8233071144064,144.2612940037273,2.5152883198954193e-12
3942.3129015636955,144.2968461876583,1.2773968167192788e-12
3943.0468780479355,144.35015258586662,-6.433358467105137e-12
3943.2543771359383,144.36522438978176,-2.653557960287332e-11
3943.4135323149385,144.3767852462526,1.4385152231093488e-11
3943.6093987043564,144.39101340497098,2.4539514401873206e-11
3944.7343636461273,144.472746980239,-7.426548477907396e-11
3945.7904007681013,144.5494938643031,9.621055705714122e-12
3948.7144545675997,144.7621049646444,5.132972963624736e-13
3951.879540950129,144.99241931134776,7.664074186790538e-12
3952.668970742345,145.04989262817926,3.43370601058723e-11
3952.7940485133945,145.058999791496,-1.5299552078749904e-12
3953.7084320222607,145.12558664242098,-1.1529313173791887e-13
3954.1234301920213,145.15581254568565,3.4122201455644502e-12
3955.513237004034,145.25706059168834,1.1609323799747114e-11
3955.698367750723,145.27055013459187,-5.112291419668858e-11
3955.965099122045,145.28998661314634,-5.844300749324747e-11
3955.9780964058746,145.29093374718227,4.330649342547381e-12
3956.2393120624056,145.30996963320973,1.3425000337973965e-11
3956.3504668039063,145.31807032901062,-1.1973921673267984e-11
3962.4677677412533,145.76423574190346,-6.6224411027452194e-12
3962.563911660149,145.77125350183164,-1.7671144010686072e-11
3962.7428013682647,145.7843115153565,4.0745784283443826e-12
3962.8943986041363,145.79537778252867,3.1607608603014256e-11
3963.614232618322,145.84792987116208,-4.176732798550732e-12
3964.9758308838227,145.94736060241172,1.4647690056623935e-11
3965.3662944323037,145.9758805091197,-3.627794854818582e-13
3966.2650181512754,146.04153499461552,1.28524419446776e-11
3966.463842814736,146.05606174742337,3.38892224286963e-14
3970.3275112686806,146.33849803577706,-2.4461810700190744e-12
3971.5468546549737,146.42768979285788,-1.0909890308376629e-10
3971.6228631935846,146.4332505240884,-5.982183548828494e-12
3972.1693518941693,146.47323438634066,-5.3910161396086234e-11
3972.7060210112754,146.5125051524182,9.988601022827892e-11
3972.71357894998,146.51305824251554,-1.3134595998329575e-14
3972.9082524826354,146.52730481792025,-5.2570701902815626e-11
3973.0661384365567,146.53885972178222,-1.2442909384158978e-12
3974.0439530178337,146.61043143590933,-5.755545120664489e-11
3974.4250741940605,146.63833259506362,9.602986904756743e-13
3976.489701501696,146.78952655630982,-4.831325739401376e-12
3977.674843419771,146.87635072026552,2.8684553670445092e-11
3979.2328519351313,146.99053066462923,-3.9298280610430475e-12
3980.003988119868,147.04706056114887,4.709022243294285e-12
3980.23355974425,147.06389194851832,2.3184057047724393e-11
3981.2131684336073,147.1357243361701,6.765089415640476e-11
3981.401600927396,147.14954367231724,-3.8406246783233726e-11
3981.807552503982,147.17931773065987,6.614929479259282e-11
3982.5307933091,147.23237052978564,-1.9934371411966643e-11
3982.864114471002,147.25682430294003,-7.242186643035003e-11
3983.8350200529726,147.32806548128238,-1.6745600017212333e-11
3983.8687252976915,147.33053894954665,1.0789425546118906e-11
3986.239009108072,147.50453533326362,-4.70306335388178e-11
3986.3943853083438,147.51594471132026,4.928607415198407e-12
3986.547795654208,147.52721017167957,-2.3088108042862397e-11
3986.9497965219525,147.55673256337073,-2.259653304192286e-11
3987.3943487883457,147.5893833375391,-3.3608369285080272e-12
3987.5097787072723,147.59786184763067,1.0595100851235448e-11
3988.7576073849577,147.68953250521426,2.0993268216675376e-12
3991.559121684106,147.89544782175471,6.443431924828718e-12
3992.109933235487,147.93595026717915,1.0532661894635564e-11
3992.4535701887626,147.96122151689457,-4.457215484860295e-13
3993.48962460236,148.03742669138762,1.754410612863255e-11
3993.658971512814,148.0498845879942,-3.636259995911859e-11
3993.9425554923864,148.07074744416812,-2.4851521133438807e-12
3994.089877539652,148.08158629513855,-4.206316494679765e-11
3994.454890402719,148.10844292554935,1.780020285265523e-13
3994.5745955026805,148.1172510280057,4.553691875264336e-11
3995.6140567228695,148.1937474293377,-7.1409463801521535e-12
3996.081053690247,148.2281213165159,4.778995407047867e-13
3996.1214961837873,148.23109832509846,1.590239723722622e-11
3996.51084323665,148.25976005556606,1.0842936335095063e-12
3996.5621454222082,148.26353686720637,-1.1197487397470964e-13
3997.39214171277,148.32464703721053,-1.074226217821305e-11
3997.8837209762314,148.36084654683845,3.700415991184488e-13
4000.117571073864,148.52540158229561,-3.934375818933182e-12
4004.554295176159,148.85250240516874,3.633964894667481e-11
4006.7123084555183,149.01173463523867,-5.1172188502391666e-11
4007.382328880681,149.0611905442585,1.8176488954731741e-12
4007.6624583620282,149.081870064103,-2.9959310641377256e-11
4008.4875591920477,149.14278847139252,3.308918307718903e-11
4008.9282084231572,149.17532738902278,5.336933472992056e-12
4009.0455565095576,149.18399334189425,5.286605394940311e-12
4009.288125407824,149.2019074388787,-8.115362832598397e-11
4009.8963084303728,149.24682748304753,-4.339468586968521e-11
4010.5484074354213,149.29499870545263,-7.40332320096733e-12
4010.57368636805,149.29686624384848,-7.602671420979761e-11
4014.5699616037327,149.59224814861173,-6.354803385818934e-11
4017.2534310849264,149.7907600233946,-6.5374898884640085e-12
4018.801276461371,149.90532348797666,-3.09172943781152e-11
4019.276003089212,149.9404691274471,-6.199549012097447e-11
4019.310529021382,149.94302536248966,1.6059228459095888e-11
4020.7332202643934,150.04837783931976,3.669740427277113e-12
4020.800630750488,150.05337061476064,-3.667896112432438e-12
4021.985448121733,150.141138091038,-3.351995607263813e-12
4022.1202690936952,150.15112683551024,-4.1300399808602284e-11
4022.8118658379785,150.20237177740418,-7.042113940201159e-12
4023.1666392614843,150.2286626879145,-1.489743327747112e-13
4024.374149440812,150.3181640546215,-4.225947186468093e-11
4024.7953886070545,150.34939286922943,6.78857241688923e-11
4024.9956542099644,150.3642408244641,5.144495172303913e-12
4026.1665295497783,150.4510658489635,9.686094996387126e-14
4027.106191899805,150.5207637842233,-4.462359476302932e-11
4027.497027575229,150.54975817785007,-1.876943760028678e-12
4028.7543036088923,150.64304908659452,-1.0897398749847437e-10
4029.3593755962734,150.68795630104543,2.3845645066341873e-11
4029.367305694061,150.6885449015761,-1.6701343945965323e-11
4029.7917989274774,150.7200540148574,-4.733413242875895e-12
4030.719131940092,150.78889926338076,-2.3294404051041975e-11
4032.592864543882,150.92805360415093,-7.089608374202936e-11
4034.1045425794287,151.04036679069026,-3.8614874926128344e-11
4034.2958092866725,151.05458033870738,5.950763254862042e-11
4034.493765559414,151.06929171613746,-7.87836713927511e-11
4034.972070723526,151.10484056459813,4.3080039531083484e-11
4035.1995811098072,151.12175119041882,3.1654718782978276e-11
4035.783601658703,151.16516523526573,-1.0416787501817989e-10
4036.7750623925517,151.23888134514604,-7.786290036303668e-12
4037.892173464398,151.32196137997514,-1.2993726239577722e-11
4037.9848628806863,151.32885576486564,-2.2380783155988427e-12
4038.1131183375146,151.33839586891148,6.888829087678611e-12
4039.8326675826665,151.46633141640157,6.547148789973391e-11
4040.102309520245,151.4863978866287,-3.715310848133363e-12
4040.702734157096,151.53108567001985,-1.060058479095461e-12
4041.520229329627,151.59194003065568,3.4793812429490256e-11
4043.8178825499754,151.76304331586394,1.2894433858943384e-10
4045.178259134167,151.86439464680913,1.3084167420289724e-11
4045.6728730162254,151.90125302244488,2.8858494723445618e-11
4047.4844150237755,152.0362866921037,7.675152040684849e-11
4048.140493388485,152.08520616561796,-2.1094709412128394e-12
4048.5428376967775,152.1152102719564,5.3289001956360345e-11
4048.7280924735546,152.1290263178071,1.2498419047240478e-12
4049.101703357386,152.15689162554835,1.329763837364267e-13
4049.201950710255,152.16436888844603,-1.4384890131850048e-12
4050.853764971008,152.2876012858315,-2.7373847436177244e-11
4051.081275352587,152.30457846983325,-1.6695791788433057e-12
4052.8825492360447,152.4390260301683,-1.3407530718130466e-12
4053.5426546715444,152.48831143960862,9.953402088410479e-12
4055.6636798143177,152.6467277330693,6.930462065268811e-12
4055.676505359708,152.64768590653043,6.779933943630483e-11
4056.235246961945,152.68943142952057,-2.4564215359100188e-11
4057.16648296478,152.75902008064287,-1.3395920699913108e-10
4057.557795840505,152.7882665594776,-3.711866910217445e-13
4057.9655604908553,152.81874563468298,7.232388369396994e-11
4058.4702133668698,152.85647102910488,5.11649675862501e-11
4059.691646517622,152.94779884865605,2.1103793333295815e-11
4059.7429486989126,152.95163536717462,4.5315409426449544e-11
4060.0313804181405,152.97320598864994,9.142446287270292e-12
4060.1464381663436,152.98181111179792,7.086775950244423e-11
4060.462782620143,153.0054716444136,-4.574413190520296e-13
4061.3016536805894,153.06822273547527,1.3911328750821352e-11
4062.195157360795,153.13507483329604,-9.221732060024884e-12
4062.498504531781,153.15777466431078,-3.8985988249511035e-11
4063.875037067927,153.26080353570578,3.6205760972715857e-13
4064.466739586122,153.30510122308982,6.681847025195018e-11
4064.6163709472903,153.31630436585647,4.030487791898139e-11
4066.528780527283,153.45952589439943,1.0919418498137244e-13
4067.4100789223726,153.52554954941965,-8.123332982703498e-11
4067.5479822194543,153.535882054989,-5.980619877037616e-12
4067.5486788552475,153.53593425182552,4.913745829650511e-12
4068.0987937157847,153.57715550386757,-5.3553245111593105e-11
4068.1233283272336,153.5789940632483,4.088738215208605e-12
4068.166080144513,153.58219779871,5.1399603311471423e-11
4068.666037989073,153.61966613613401,9.095758804434584e-12
4069.3683226458224,153.6723052269419,1.774600453278701e-11
4070.5762812820676,153.76286789160926,-8.27148310281653e-11
4071.867186116628,153.85967888115846,2.1464929866470846e-11
4072.196356110799,153.88436978984305,-6.004113545703611e-13
4072.2884252569197,153.89127621661711,-5.419319526166415e-11
4072.9992125903386,153.94460010187268,-2.624350317165554e-11
4073.6396311618014,153.99265283132644,5.678459359636781e-13
4074.0123736611886,154.02062441557598,8.54398190981552e-12
4074.114978021885,154.028324567732,1.1451870919965483e-10
4075.418460289269,154.12616391653273,1.3745886771481596e-11
4078.0261691368282,154.3219924207777,3.920789561629905e-11
4079.9919707714485,154.46969906742365,-2.044468699358487e-13
4080.0945751313675,154.47741052121194,7.63513711779139e-12
4080.542782259057,154.5110987763704,1.8083995416076223e-11
4081.676621834973,154.59633722883353,6.871069832141786e-11
4082.2414517149828,154.63880817938008,1.218641094516108e-11
4082.3098546214005,154.64395196141945,-2.978715587112405e-11
4082.342567436074,154.6464119398229,1.982303077381379e-11
4084.3024238140993,154.79382759385587,-6.21252700989303e-12
4084.6459366727568,154.81967308736748,1.0971982086911157e-11
4084.886320272903,154.83776055250704,-1.3481006184893927e-11
4085.215814737782,154.8625548203889,-2.81733740838387e-13
4086.8292286575715,154.98399215634933,3.4435347648920065e-11
4086.966034469611,154.99429136801345,8.608391972539764e-12
4087.907538546905,155.06518038107782,3.499336588205519e-11
4088.027243632277,155.07419455014397,-4.08259521088082e-11
4088.4431864704075,155.1055184048859,3.08708477111921e-12
4088.67999152356,155.12335316143464,-2.1661911735016592e-11
4089.947831359013,155.21885693212732,-8.845215667707555e-12
4090.7265253693986,155.2775290303274,-2.8266937384947832e-11
4091.994708674982,155.37310648659883,-9.886253143654059e-11
4093.1827610099294,155.462671697395,3.36076916226131e-13
4093.9183787251227,155.51814167811477,1.5438003903711716e-11
4096.463152636804,155.71010975614686,9.441628598769113e-12
4096.780985714536,155.73409425615424,2.948240605495529e-12
4097.263346601887,155.77049800209,-1.3104612178529133e-11
4097.395877230561,155.78050083089823,-2.126507073874951e-12
4097.7111051905395,155.80429415053285,-8.205224353663602e-12
4098.326865078311,155.85077681730425,-3.9317547548223056e-13
4098.33076810025,155.8510714720687,8.617746018887863e-13
4099.702032966719,155.95461111922245,-4.807387461211112e-12
4100.479782225408,156.01335177187752,5.493164752266304e-11
4101.682349153803,156.10419933574536,6.514889164192837e-11
4101.733651332366,156.10807553615788,5.293254435879767e-12
4102.334075922019,156.1534449728317,-1.1083812671296504e-10
4102.654895963395,156.17768958114362,1.0608105068236338e-11
4102.710921852782,156.181923693589,3.2481280975918898e-12
4103.169540128931,156.21658558231726,1.3688543887881573e-10
4104.1117885063595,156.2878118846282,8.141575573527404e-11
4105.391680856429,156.38458751615144,-9.285564368681667e-11
4106.024197991013,156.43242474604028,-4.530559304456289e-13
4106.10115125844,156.438245219516,1.49087753633467e-11
4108.328187425385,156.60673763183394,3.092777716188537e-11
4108.434399013648,156.61477563775895,6.763180671469539e-12
4108.775774271173,156.64061204467575,-6.017838555997943e-11
4109.31569736221,156.68147958994453,-2.0030415233914807e-11
4109.63204179637,156.7054266441234,6.4843087006890244e-12
4109.707878584588,156.711167710306,1.1209781909889717e-11
4110.402185424616,156.76373368920778,1.5127731503031723e-11
4114.498879229347,157.07407519839242,-1.561705741438394e-11
4114.669218538971,157.08698580049273,1.162899753630859e-11
4115.834348922074,157.175309370552,-4.465529975429558e-11
4116.121711825553,157.19709697222316,-1.1996527810312177e-11
4116.323943259163,157.2124308929274,8.228864946299693e-11
4116.43082279589,157.2205351912968,8.449643821671071e-13
4118.394038216047,157.36943632472665,-2.788294194438245e-11
4119.409661296162,157.44649467029913,1.8131811473865847e-11
4119.642935477965,157.46419655999318,7.303776064008182e-11
4119.67713692958,157.46679200357846,2.3012041625229082e-11
4120.153953403486,157.50297839202952,-4.4495676522896925e-11
4121.607763582023,157.6133362949964,8.702211570986563e-12
4122.712669255457,157.69723509453829,1.5517946722849416e-11
4122.7254947997635,157.6982091085948,-9.112845223331895e-12
4122.855592043645,157.70808929283197,-2.7620286144528827e-12
4123.565883119294,157.76203756824347,1.0533562387179348e-11
4124.48511418794,157.83186912308406,4.118966973039374e-15
4127.5696393454355,158.06630609199746,4.0409284652731536e-11
4129.001625074403,158.17520263766886,1.0893990019648919e-13
4129.98913498609,158.25032065621102,-7.688432535954888e-11
4130.101387184004,158.25886060644956,2.8455259905893548e-12
4130.953083715443,158.32366374562886,-6.297215699732749e-12
4133.158992013765,158.4915670846372,5.23870464871511e-13
4134.189902686449,158.57006587811023,-1.7354023872459452e-13
4135.672322207847,158.6829791727736,-1.2999967435857634e-11
4136.290544133597,158.7300800135722,-5.004584472624527e-11
4136.451636440211,158.74235440503165,-1.033832774200151e-12
4136.61954236468,158.75514846733137,1.8645277741944454e-11
4137.625269471454,158.831793533222,7.415172178340667e-11
4139.537182664533,158.97754915990322,3.806722650424304e-11
4139.69367531304,158.989482433924,7.544698486782531e-13
4139.745177912124,158.99340983929213,-7.583938449609441e-11
4140.406151648251,159.04381768731275,7.459054365617244e-11
4140.429989621761,159.04563579332887,-4.9971570941467774e-11
4140.987986845572,159.08819685208178,-3.1654013646609045e-12
4141.640410218028,159.13796750841553,-1.6875778023211473e-11
4142.283290801685,159.18701785490438,3.8661273576640965e-12
4144.391366112035,159.3479126852746,-5.884500058911464e-11
4144.554147478404,159.36034006745587,-4.086261512128268e-11
4145.026812809729,159.3964280003623,8.270870502303184e-13
4145.2611557795735,159.41432157980557,-6.356611423187952e-12
4145.633898245854,159.44278492713218,1.0620477137283012e-10
4145.874234144412,159.46113880580612,5.0110780811622314e-11
4146.041939644046,159.47394670461935,2.13688609962293e-11
4146.635703322689,159.51929741468606,-2.478389271512048e-12
4147.066609265346,159.55221338080625,-4.6473354071225086e-12
4147.969980114504,159.62123101340154,-4.3644628159420655e-12
4149.226311215209,159.71723983860025,-5.179129390375557e-11
4150.047556558803,159.78001512406325,3.405883928177887e-11
4150.420174969733,159.80850185115716,-1.8648918483993675e-12
4150.7125096781065,159.83085266889637,1.2306316052429208e-11
4151.778566521284,159.91237272310858,-7.137555074163431e-12
4154.015021298902,160.08345969312927,-8.360163508764703e-11
4156.252773974983,160.2547381668168,-1.0031505202361781e-10
4156.480332010169,160.27216071572266,-2.2390758590854735e-11
4157.485314773644,160.3491167215602,-5.96469783411116e-11
4157.653840959849,160.36202334366175,8.814089037849715e-13
4158.472128015594,160.42469950942407,-1.3650070916157288e-11
4160.366243799973,160.56982539726587,2.732690458987667e-11
4161.246921826819,160.63732486749413,2.0921560477105977e-11
4161.33961122882,160.64442986745152,3.4249503748672383e-13
4162.162249831907,160.7074952226802,-9.283415891787772e-12
4162.551396379831,160.73733242957897,-3.9038869628344295e-11
4162.768638619831,160.75399035408398,-3.727037888978469e-11
4164.761207615716,160.9068191693265,-3.662919817448748e-12
4165.64598908248,160.97470481103153,-7.230722337944071e-12
4166.961476057783,161.07566337299775,-1.1988201515913227e-11
4168.35970879844,161.1830073017852,3.4573993438993986e-12
4168.391973080351,161.18548469275098,2.2841913573792713e-11
4168.494529745656,161.19335956396753,-3.338310929343947e-12
4169.287041650457,161.2542195696116,-2.0931620268189746e-11
4169.383061490663,161.2615940844093,1.287594814939512e-10
4170.051965299677,161.31297194055887,1.1920116352594796e-11
4170.521872759986,161.34907000795852,6.984885672731884e-11
4171.4659818582495,161.42160831511484,1.715599479868937e-11
4171.894750197517,161.4545571005502,-6.569525675304353e-12
4173.049965552453,161.54334669998948,7.807240739353512e-12
4174.725073636129,161.67213880793966,-1.3707035075608935e-11
4175.359451515487,161.72092698402062,-2.230998109376571e-13
4175.703088389121,161.7473582019367,6.67783715572514e-13
4176.910598338305,161.84025244350494,9.594512596952597e-12
4177.120683483689,161.85641712391896,-1.9759783032372833e-11
4179.474734361518,162.03760156534065,6.527866414336416e-12
4179.936091454308,162.07312284075843,4.134121323488471e-11
4180.160815256825,162.09042642479713,2.5816320491228186e-11
4180.190741524807,162.09273079781164,9.351468362926224e-13
4181.393356020484,162.18534779076506,-3.2269568804713196e-11
4182.512556798979,162.27156477393152,1.0965418203600998e-11
4183.173530501348,162.32249333725792,-3.581951263426803e-13
4184.324966872572,162.4112316704167,2.0605227137595135e-12
4188.760325364017,162.75328192892115,2.6721383491890303e-13
4189.184742143741,162.78603150888972,7.754206142496915e-11
4190.387308943241,162.87884406408034,1.3318010662371298e-11
4191.264456076923,162.9465579506487,1.1606302456500375e-10
4191.934953562981,162.99832848298107,-1.4095192570610726e-11
4192.617627639544,163.0510477039638,-3.4434502012549977e-12
4193.2569009526105,163.1004231026045,-7.488159361985328e-11
4193.363112530015,163.10862726984902,-1.712725908465428e-11
4193.685421174502,163.13352482997735,1.1860746310516955e-11
4194.440926067264,163.19189324827886,2.334313375861327e-11
4194.560755190374,163.20115191268394,3.3992798217568505e-12
4194.991241265471,163.23441584267866,4.273880654209832e-12
4195.236844756571,163.2533953084091,-4.2684156809836946e-13
4195.665985243443,163.2865606031647,-2.1359070057570398e-11
4195.721562597253,163.29085603987082,-3.090328987377554e-11
4196.794604737707,163.3737999766441,1.4246328988834154e-11
4200.46113652189,163.65737535103347,5.231185083788148e-12
4200.782748528034,163.68226114638722,-1.684799305490637e-11
4201.508050354706,163.73839077380455,3.332220947923111e-11
4201.561766910241,163.7425481737745,2.2637263612358633e-11
4201.729844558399,163.75555690908843,-6.3486350606285235e-12
4201.918276999906,163.7701416666581,6.37571920248961e-11
4203.46629375845,163.88998363306325,-9.848761361563648e-12
4203.932918444871,163.92611671957005,-2.5066066683069227e-12
4207.466471058295,164.19986758248749,2.120549445868142e-12
4208.367456146164,164.26970536478828,4.951341298320651e-11
4210.019270085401,164.39778075252374,-5.266409004450328e-12
4210.027772763904,164.39844014798894,-7.62219548618486e-12
4210.678258915528,164.4488902723976,-1.9005871128790327e-11
4210.729561087385,164.45286947571947,-8.773930707825836e-13
4211.19568955712,164.48902650089835,-2.722136219225341e-11
4212.021534497843,164.55309612755914,2.7617907195668977e-11
4212.1241388413955,164.56105712151896,-1.2230032337012785e-10
4212.329204478022,164.5769685913631,1.0799967136465131e-10
4212.783996042265,164.6122595800453,-2.1313215300851763e-12
4212.969250781864,164.6266360991005,-6.663146758297214e-13
4214.183870085712,164.72091114318792,-1.840394857505762e-11
4214.90502077338,164.77689751652073,-6.906096583620867e-11
4215.420313821974,164.81690804599617,-4.309943940942934e-12
4216.19058140619,164.87672549084934,1.8127275066610687e-11
4217.002484320581,164.93978808374877,-7.2562166245940405e-12
4217.0275151403675,164.9417324850137,-1.0175438128123986e-13
4218.456294331882,165.05273959414868,1.2476165258608937e-11
4218.96751262033,165.09246715723987,1.2724611353280809e-11
4220.948945003743,165.24649281935876,6.719787691727472e-11
4220.990007751932,165.24968557660438,-1.9071528107395307e-12
4223.112721524268,165.4147755227616,-2.3607846174259254e-12
4223.995613446733,165.48346517025104,-1.0834857919412533e-12
4225.079143081598,165.56778420507524,-2.218555328105436e-11
4225.092293100442,165.56880765730176,-1.0755180211134957e-10
4225.850279029628,165.62780629371053,-5.574733051222432e-13
4227.293553813378,165.7401743743169,-3.0323903497340966e-13
4229.291590688784,165.89579752554533,2.3415101169542296e-11
4230.41297667919,165.98317228695836,4.072323059883643e-12
4231.159081803155,166.04131921290556,-1.778317813426025e-11
4231.886024982216,166.09798263526832,-1.857209452028672e-11
4233.5119396853615,166.22475389847574,-5.3446099989381034e-12
4234.070681167403,166.2683297656353,1.9363926944848992e-12
4234.219148335799,166.27990958591425,5.3244801879249546e-11
4234.460972847705,166.29877175913663,6.940332281257457e-11
4234.4737983903215,166.2997721741854,8.121137808678476e-12
4235.001916970017,166.34096899037297,1.0559979549781865e-11
4235.272875745178,166.36210759911654,-1.3451236136660375e-10
4236.305647092027,166.44269074189677,-4.033324555697477e-12
4236.386207579001,166.44897739033675,-9.976262554899066e-12
4237.827965020994,166.56150713093902,-8.289472511256371e-12
4237.922018999813,166.56884941174332,-2.3442112862865685e-11
4237.956220446655,166.57151937243702,4.418704085434432e-11
4237.981871531785,166.57352185709772,-5.586491157972393e-12
4239.878620944267,166.7216276017319,-3.970397572689285e-12
4240.030590287177,166.73349684054995,7.269471637906446e-13
4242.0537820060035,166.891554412778,-1.726596509858566e-12
4242.45180335562,166.92265786451063,-3.177224325086749e-12
4243.5689141484945,167.00997028248602,-2.8226688045704734e-11
4243.599661103122,167.01237376305485,-3.711562640413879e-12
4243.703238871233,167.0204705354367,7.251074499542058e-14
4245.2455107340775,167.1410547689205,6.4036035164864935e-12
4245.749743653291,167.1804882823779,1.3311797529964782e-11
4246.0705636401935,167.20558043337942,2.5393565213324334e-11
4246.207369426293,167.21628094012604,1.065933266360446e-11
4246.454814703552,167.2356361862679,-6.920119018314427e-11
4246.895091646568,167.27007757374628,1.7056520733147791e-12
4247.622855501538,167.32701592672956,4.187641925765321e-12
4248.071682805592,167.362135872615,-3.866022943028951e-13
4248.266356271675,167.37736988220067,-4.927075955513712e-11
4248.411712419049,167.3887450614028,6.520388360180655e-12
4251.619549421988,167.63988078560894,-3.4752771657394605e-11
4251.950408406586,167.66579391726444,-9.027477332982006e-12
4254.269713739614,167.8475003170948,2.5024741246555584e-11
4254.389418801351,167.85688132108356,5.2909077752658637e-11
4254.659060669036,167.8780134866517,4.440364544071928e-12
4254.870138221144,167.89455682917836,-8.306187437577128e-12
4255.860482213622,167.97218665219256,-3.952642943806087e-11
4255.861598692292,167.9722741794953,-3.0907463818866557e-12
4257.790240185734,168.12350596236496,9.30134820042309e-11
4258.265787364416,168.16080587370305,3.912856907928335e-12
4258.313434618674,168.16454335260286,1.1029327361365005e-10
4258.629778997417,168.18935865394297,-2.483187014303794e-13
4258.76957174702,168.20032513612796,-3.699855869101925e-11
4260.145283271329,168.3082663587684,2.3481116110227127e-12
4260.772379945109,168.3574812518588,-2.6108918933541215e-11
4260.864620807212,168.36472097675735,-1.2638859948637503e-12
4262.109567156222,168.46244863428134,-2.0644094194382856e-11
4263.3617946468985,168.56077665874477,2.03062869898603e-11
4263.526866320608,168.57374065291418,-3.106804208199657e-11
4264.038752532463,168.61394510812028,-1.709259455493741e-11
4264.664656355161,168.66311126876676,-4.720510869528197e-11
4264.801462138423,168.67385863343995,-6.78596447380865e-13
4265.248676742476,168.70899389906617,2.9264814276651394e-11
4265.985487156717,168.7668891976731,4.7636969244337693e-11
4266.5110959678495,168.8081953212545,2.057838377670942e-11
4266.993055912998,168.84607567538598,1.88807343685837e-13
4267.357247965359,168.8747027262213,-4.036885621416247e-11
4268.657151388689,168.97690061085194,1.9796011250354537e-13
4269.115521469104,169.0129449053083,4.1649285916573295e-12
4269.812986881581,169.06779807560963,9.229984546747518e-14
4269.83013528787,169.06914684954913,7.793294934290648e-12
4270.791993953726,169.1448086113179,-5.234115076420302e-11
4271.319740352411,169.1863294585107,1.101034086727114e-12
4272.75023720396,169.2989006811405,-1.4250368480778181e-11
4273.087909797598,169.32547891735717,1.490796971539982e-12
4273.14480404807,169.32995727501427,2.9538304332382795e-12
4274.69035861555,169.45163642340987,-4.0081315281923337e-11
4275.231302713548,169.4942345208185,1.676316589987721e-13
4275.57826998671,169.52156022910538,7.46910654870383e-12
4276.196816288432,169.57027987969448,2.436955765367005e-12
4279.019581454336,169.79270376800622,-7.177847855093452e-11
4279.087984344883,169.79809549476772,1.5613092166670329e-12
4279.256510507584,169.81137961433996,-1.198440476138652e-12
4279.781794834951,169.8527886477629,1.1353917782861725e-11
4280.035204344709,169.87276715653766,-2.9185071186469254e-11
4280.530934566609,169.91185336673337,1.0546247978011582e-11
4281.0049644089195,169.9492328286537,-1.079061699476191e-11
4283.643047417492,170.15733358365654,-1.1511810184398525e-10
4284.145514884454,170.19698442147052,2.7973733435855e-11
4286.473370496143,170.38074142598543,-5.966332756847878e-11
4287.151120367042,170.43426062214334,1.5789878173087917e-12
4289.427721487235,170.6140966533379,9.007864372963235e-11
4290.75817140919,170.71923736432768,-1.757246929877312e-12
4292.899254956699,170.88850801784832,-1.2482284347446738e-12
4293.515864079287,170.93727181396682,2.462776255085504e-12
4293.669770580576,170.94944441805941,3.5201536925020866e-12
4295.003875411071,171.0549782572042,-1.3778471135608039e-11
4295.210057507312,171.07129113604242,7.38762601172965e-12
4295.363792271661,171.0834549548469,-1.411820898382167e-13
4296.866594995819,171.20238280468735,4.903517096513504e-11
4297.368070030102,171.2420774754959,-6.5014087430390546e-12
4298.045275996769,171.29568962528322,3.142405189989489e-11
4299.018643273125,171.37276268092126,-5.48155087597109e-14
4299.383207472252,171.40163405382705,-2.207542306909981e-12
4299.443060000152,171.40637426131784,-5.3246090852594815e-11
4299.895990722469,171.44224766068152,-5.359857877202318e-11
4300.560915041799,171.49491840085693,7.183604077897476e-13
4301.524615475781,171.57127058956155,2.8509773172694112e-12
4302.464277516789,171.64573473406156,-4.1822243623914645e-11
4303.64268171801,171.7391411485523,-4.38178225838094e-13
4303.683248249709,171.74235711720704,-6.135283168717763e-11
4303.726000055154,171.745746359308,-3.245331364665578e-11
4304.4543841304785,171.80349575996243,5.8184408548013946e-12
4305.8901008528,171.9173541309725,-8.75614131144905e-11
4306.876293662496,171.99558536479006,-1.242999429142832e-12
4307.3501517545765,172.03318124572584,-2.263659294116758e-12
4307.79890265945,172.06878893677307,-2.0433641092609867e-11
4307.824553742605,172.0708244226742,6.060744384906782e-12
4307.9509483606835,172.08085436962878,-9.404827493926237e-11
4309.229475823832,172.1823274694384,-6.837166923356193e-12
4310.007845159538,172.24411918273324,5.618305426329188e-11
4310.462636674365,172.28022847716196,1.8353943355244425e-11
4310.592733890183,172.29055856743807,-5.999886590090189e-12
4312.442952378129,172.43750494335364,7.358864944861116e-12
4312.798718104617,172.46576747485616,-1.546411252246159e-11
4312.887504469748,172.4728211525644,9.636202360946181e-13
4313.368596018286,172.5110442392339,-7.211524955636349e-13
4314.223126596928,172.5789478507622,-6.152966438572882e-12
4315.340981620781,172.6677963348578,2.6980883923069356e-11
4315.4606866745235,172.6773120033324,-5.845331599234312e-12
4316.409719751182,172.75276247180926,-4.4138934093957204e-11
4317.3725994799715,172.82933073895865,-5.218360353495542e-11
4319.959752378624,173.03514592070175,2.0551923256081663e-12
4320.191585552138,173.0535949113087,7.941242118143895e-12
4321.030952570038,173.12039895782607,1.496398065887898e-11
4321.116456179334,173.1272047988055,-2.7763266850018654e-11
4321.264722910641,173.13900672272138,-1.0748045213987938e-11
4322.198993272686,173.21338327883194,-6.113769127182133e-12
4323.469313828726,173.31453833033595,-8.372047497366747e-12
4323.549874307988,173.32095432721383,8.309693683953517e-13
4324.43117243862,173.39115047151512,3.3107950774736834e-11
4324.717542847973,173.41396319754654,-2.9002975173860806e-12
4326.161485423969,173.52901299043336,9.015366741562005e-11
4327.430813549244,173.63018165407016,-1.5828984444791104e-12
4327.60838627672,173.6443370162142,3.2256319885742675e-11
4327.938873074377,173.67068360098474,1.0173217795513985e-11
4328.658706769966,173.72807609282407,1.0979779506912394e-12
4329.120063785781,173.7648652038408,-8.593715629441026e-12
4329.520795270122,173.79682315079535,-9.861818122773456e-14
4331.591958517492,173.96204356380494,5.238203918287886e-13
4331.824784113542,173.9806214205449,-6.728561648772461e-11
4331.850435196037,173.98266825887256,6.590254044330299e-12
4335.350606555031,174.26207948893037,2.2062842995375998e-11
4337.828141035762,174.4599921983946,-2.223347044851777e-11
4338.772202273918,174.53543632586485,6.502878046356825e-11
4340.60405076695,174.6818743118132,2.937994038549241e-12
4342.906255155508,174.86600021133438,3.9468063771417545e-12
4343.524152460351,174.91543507326531,6.818464420399136e-11
4344.26876885404,174.97501743780143,2.2296206936387547e-11
4345.242508241942,175.05294906939895,1.5144917517762386e-11
4345.5482886932405,175.07742530884255,-2.713941414039101e-11
4346.881944920645,175.184198147968,1.182841381249333e-12
4347.097173578864,175.20143247663881,-7.717578564806847e-13
4347.898063949798,175.26557087352134,2.134857178450359e-11
4348.213539925717,175.29083865295902,-4.715884882148374e-14
4349.57625403954,175.4000051416453,-3.60819137266325e-11
4349.730160531629,175.41233667971142,5.178700823734247e-13
4349.950685481151,175.43000668713142,8.974987208562929e-13
4350.008228679017,175.43461759957066,1.2419178781392338e-10
4351.847234239984,175.58200847146855,3.9240759587356387e-11
4351.964009696432,175.59136978341883,1.6659889264030595e-11
4352.113593324339,175.60336153150405,-3.869507786741728e-12
4353.030934671346,175.67691152433108,3.27253603618977e-11
4353.383121837802,175.70515307401067,6.989991423889399e-11
4353.485726165453,175.71338124601215,-1.1589080818885025e-10
4354.093908940798,175.76215736608444,-4.549575081658276e-11
4354.706538632715,175.81129701632162,1.6285492358053394e-14
4355.350039328319,175.86292030604986,-6.017593060160166e-12
4355.859291686787,175.90377925390004,8.160260333680892e-12
4356.223159228349,175.93297643834876,3.8126828947558656e-11
4356.8071795582,175.9798440552723,8.307859469644032e-11
4357.034689858937,175.99810345175922,6.439681840078139e-11
4359.228764479926,176.1742432208045,2.5437806760846396e-12
4359.619056107216,176.2055850263838,9.704334825209211e-11
4360.02406275902,176.23811146742,3.607624643556777e-12
4360.11613187464,176.2455060407269,4.058567615897291e-12
4360.116628087327,176.24554589469977,9.660960166593844e-13
4360.803081005043,176.3006836045158,1.669320864122708e-11
4364.172382044242,176.5714406149739,-1.8553182201764328e-12
4365.0689677442715,176.6435254633194,-8.270915946247875e-11
4365.908134299726,176.7110072691979,2.4857776377706373e-12
4366.161543786231,176.73138781176021,-8.040976071584776e-11
4367.690446008451,176.85437538145916,7.866682791549267e-12
4368.571744098297,176.9252881054413,-6.034817945566492e-11
4369.099862601397,176.96778946101256,-9.149135657836277e-12
4370.453033899805,177.07671197910338,4.720357853403615e-12
4371.028503860567,177.12304422827674,-1.197851655255005e-10
4372.164528333714,177.21452576140135,-8.925157949054387e-12
4372.6214097254515,177.25132411032183,-6.795087597767902e-12
4374.903898510912,177.43521894894917,4.990720301457855e-12
4375.506985403836,177.4838242923895,-6.003282101345596e-12
4376.765129300471,177.58524503984677,4.001021651231703e-11
4378.25938153512,177.705736692261,8.95722222312432e-11
4379.343454885304,177.7931785939389,-2.626755455560615e-12
4379.469849493889,177.80337505579055,1.0800241691842993e-10
4379.593037717306,177.81331313643247,3.275648178719972e-11
4380.994027985777,177.9263562234306,4.0105049574144844e-11
4381.150425225222,177.9389778454976,1.9185826343287647e-13
4381.337664781665,177.95408910711086,2.815404182035104e-12
4381.782464947533,177.9899895152408,5.585494731482173e-12
4382.950505576087,178.08428096617644,4.325628954233114e-11
4384.030256057411,178.17146744531976,9.349563885705345e-11
4384.299897887749,178.1932435321939,5.790643455530877e-13
4385.091588915446,178.25718768850035,5.555071033345057e-12
4386.04797943518,178.3344498696239,-2.3172266637969883e-11
4386.326171625311,178.35692683932456,-1.9198854718727096e-12
4386.403124868438,178.36314464773398,-4.652713002562617e-12
4387.386359316121,178.44259941786845,1.694772280245627e-12
4387.826388086401,178.47816372950567,-4.9382801614299384e-11
4389.526822379954,178.61563093692033,-1.7480983935211576e-12
4389.959541320639,178.65062148087017,9.64080093472617e-12
4391.03849979177,178.73788330542692,-6.554786509792618e-12
4392.156726885535,178.8283436477205,-6.104351943177486e-11
4392.989805123508,178.8957514983673,-2.2532438571232252e-11
4396.4265165082725,179.17396536841798,-3.724443530947974e-11
4399.43150137007,179.41740774488485,-7.645548207086933e-12
4399.711630723615,179.44011029700147,7.68358706559704e-11
4399.861262027654,179.45223747449788,9.896926499589071e-12
4400.574511162832,179.51004988949245,-5.29234621518268e-12
4400.948121896125,179.54033665077588,1.860979214232261e-13
4401.248634724454,179.56469959484326,5.739145806493513e-11
4402.282226576731,179.64850685603275,-7.771231410582082e-12
4402.343672792111,179.65348975092917,-5.428228738305068e-11
4404.318367538887,179.8136618921129,-5.7264340504753587e-11
4404.647537408972,179.84036862022793,-5.582601510677139e-12
4405.087194012061,179.8760426451813,-4.4608352441509735e-12
4405.214781465533,179.8863958413669,4.621843757070637e-12
4406.009134965379,179.95086110028774,2.386861765381167e-12
4406.13739036803,179.96127067671958,-1.1930921602088101e-11
4407.23715213957,180.05054293601825,2.2863745690490033e-12
4408.664318348108,180.16642519748603,7.005310814444275e-11
4409.5479544140835,180.23819300229434,-5.1078699651577476e-12
4410.766925011111,180.33721986026805,-2.3859694402838623e-13
4411.9775933528545,180.43559935087413,1.7474556458872527e-11
4412.203509946872,180.45396043095158,2.0907304078429446e-12
4412.309196600238,180.46255030030886,-6.401793620596167e-13
4414.426270173086,180.63466253447163,-4.7295305548592294e-11
4414.6285015396315,180.65110770599637,-3.523451483951208e-11
4415.1694455581655,180.69510021875783,-9.90237924767649e-12
4415.1717548848255,180.69528803732985,1.6923331546431353e-11
4415.6612726893345,180.73510295716673,-3.4021009488158645e-11
4415.730496258771,180.74073361089884,-6.131450973973523e-12
4415.788039452768,180.74541424862798,-6.628972298473025e-11
4416.0647619938145,180.76792406950943,3.06525504813318e-11
4416.165877676926,180.7761496129759,1.7114695908392023e-12
4416.6617318813205,180.8164890129857,-3.34374285261782e-11
4416.921506441347,180.83762435128554,7.90115904465022e-11
4417.965461751435,180.92257341279839,1.2771235737403339e-11
4418.54006331232,180.96933863850617,3.4089705886629643e-11
4419.487779386562,181.04648390652264,1.4025497748945377e-12
4419.641685867662,181.05901364722783,1.7689225219425562e-11
4421.690404228136,181.22584422084824,-2.3018259118768815e-12
4423.905959660835,181.40634763404933,-3.4809923778356104e-11
4424.042765421214,181.41749629380504,-8.402614261306345e-13
4424.111616830581,181.42310730591683,1.0060450470116994e-11
4424.575979763327,181.46095261774585,-4.255846362731108e-12
4424.584358386713,181.4616355072122,-2.6854993551467165e-11
4425.194525968663,181.5113699469315,-4.392813978024118e-12
4426.328040630093,181.60378033687013,-2.64277095588752e-12
4426.905323672318,181.65085274237418,-2.0276541962265378e-11
4427.226763863649,181.67706605183008,1.6379345924838879e-12
4427.936234011949,181.73492977395517,-9.875527177548214e-14
4428.206372043027,181.75696441658806,2.2861968927012945e-11
4430.033048130387,181.90599816948338,3.0313067277315823e-13
4430.071524750261,181.9091380378437,-2.064632766402207e-11
4430.43850328246,181.93908653684716,2.3760316201591287e-13
4430.47697990232,181.9422266925789,6.872799797776612e-11
4431.1948763551345,182.00082069325546,1.7835505507919046e-12
4431.6532463576095,182.0382373668281,1.3388255901335728e-11
4432.572353061003,182.113275567941,2.0779603590803062e-11
4432.640755940606,182.11886077457123,4.408437244605383e-12
4433.610220060927,182.19802836763225,2.858483186181135e-11
4433.942997152086,182.22520733202884,-7.636272799981782e-12
4434.692260816687,182.28640954785504,-5.925305668421367e-12
4435.157368063542,182.32440617468606,-1.49434333525131e-11
4436.148828347067,182.4054161632835,-8.69426848421903e-12
4437.380328661927,182.50606449667137,-5.2380186302527833e-14
4437.521409600435,182.51759657472965,9.786614374649534e-12
4437.955798583885,182.55310620870154,3.735066260564033e-12
4440.194590678076,182.7361740000804,-2.725836092775406e-12
4441.805093364516,182.867923169809,-7.435115191228123e-12
4443.504038928382,183.00695930462453,3.6642555672406304e-13
4444.385336950994,183.07910278936635,-1.1113235423782408e-11
4444.876915961618,183.11934990210244,3.22401525280947e-12
4445.64705930512,183.1824128987106,-2.2897615426851867e-12
4446.27452801692,183.23380109557988,-1.7206460615799538e-11
4446.461271348516,183.2490963312264,2.1487228070227692e-12
4447.098884113488,183.30132492465742,9.603336915172585e-11
4448.627385365595,183.4265591084464,4.125977775347193e-12
4449.4866395349945,183.4969789907547,-2.946181298096702e-11
4449.557504479428,183.50278731017895,3.474405465225262e-11
4449.5892438526935,183.50538880158317,-1.3259994813504606e-10
4450.507653904397,183.58067355690596,-3.6252535225893565e-11
4451.021954399088,183.62283905770622,3.4718089532614077e-12
4451.366583596208,183.65109659393707,1.1295176221605893e-11
4451.489943547399,183.66121190502116,-2.467685211457042e-11
4452.478722328988,183.74230025088428,-2.6212204080340843e-11
4454.730168194367,183.92700532510722,-1.8251997003700484e-12
4454.942763026563,183.9444510952071,-1.4168108790775686e-11
4455.051608376912,183.95338338884073,-6.000699618898843e-11
4456.889497264684,184.10424100466648,-1.4664738128016254e-11
4456.891109955758,184.10437340491575,-5.307921743458903e-13
4457.0890661339645,184.120625763827,-2.1116360521439707e-11
4457.541595937325,184.15778153005144,-4.42911250953533e-11
4458.1563631554,184.20826413169522,-1.4659394694938954e-11
4460.038769266686,184.3628842405702,2.6175482899526242e-11
4461.478436464398,184.48118199667914,9.074586045632343e-12
4462.664770567821,184.57869201231586,3.416760641832954e-11
4462.814506918459,184.59100134389064,4.6467019092790414e-11
4463.37518543329,184.63709654416002,-1.573022197094677e-12
4463.607218995859,184.65617447046665,1.9009410298811894e-11
4464.118360782585,184.69820432619272,7.864948008083568e-12
4465.288090376256,184.7944062482992,-4.566837338021908e-11
4465.550345987042,184.81597836202903,1.1356227681961406e-14
4465.64241509293,184.82355190455635,3.774461839499252e-11
4466.9102257147015,184.92785703012848,2.2159921839480353e-11
4467.199802467568,184.9516851990739,1.578345056516554e-14
4467.292988051733,184.95935341467046,-1.3210083256794749e-11
4468.810925377453,185.08428657631003,-4.999733485744828e-12
4468.826413405693,185.08556153038174,-2.990781808718704e-11
4469.841835674846,185.16915939473324,-6.1165850564436e-12
4473.360471850463,185.45898923578685,5.408746146223367e-11
4473.500064146142,185.4704921477821,4.0032420113820056e-11
4474.099372012797,185.51988137056267,-1.507998538746324e-11
4474.161037643924,185.5249636375372,2.6480915664114117e-11
4474.701981630892,185.5695493630501,-3.865364647028327e-12
4475.175667905453,185.60859599503132,-4.166913735129598e-13
4475.329574378169,185.6212836136704,-1.114626813013839e-11
4476.005339267447,185.67699694274887,-3.61765525332379e-11
4476.919798591881,185.75240279029632,1.173787837954709e-11
4477.73137680808,185.81933801632795,7.34735341896626e-11
4478.495279094014,185.88235223641018,3.686708602508461e-12
4481.160405918434,186.1022824422838,1.4793876661836163e-12
4481.656460514174,186.14323204383422,3.852094101430839e-11
4482.220717563139,186.18981730885187,-2.2746261191687024e-12
4483.802439090302,186.32043607036837,-3.4549708866804237e-11
4484.055972600278,186.341377184887,5.843653513373686e-12
4484.335157188756,186.364438372088,-2.580509292206477e-11
4484.603701511228,186.38662200747333,1.0651643817200472e-10
4485.756731208561,186.48188540505902,3.355652468341627e-11
4486.5962698229105,186.5512635539402,3.550386850527808e-12
4486.6521716356765,186.5558836527458,2.8008240767314757e-12
4486.939782529808,186.57965464605147,-8.188942659294723e-12
4487.255258461915,186.6057304325369,-2.6130554691714948e-11
4488.298020852321,186.6919334103112,-1.4468107428338345e-12
4489.4843549252,186.79002951399266,-1.9190812483210648e-11
4489.541898115059,186.7947883293492,-2.4413527146953192e-11
4490.833250882556,186.9015991020857,3.862731650162508e-13
4491.493355997305,186.9562097866107,-1.1208428380910184e-11
4491.497631177037,186.95656349961052,-1.1535276497064625e-10
4494.121991021706,187.17375713479208,-2.0021439576051063e-12
4495.133662985432,187.257517608838,-7.128665049840806e-13
4497.120486456855,187.42206974891414,1.8508716174282772e-11
4498.097136291457,187.50298422671236,9.359114169395643e-12
4498.186915065248,187.51042319160337,8.719844656031323e-11
4498.912989670995,187.57059034581232,1.9678450850082142e-11
4501.054397242479,187.7480975360579,5.378348538748962e-13
4501.928337705007,187.82056514707637,3.921279996437415e-12
4502.266554115768,187.84861400889707,-2.60984183205213e-12
4502.347114580593,187.8552953359041,1.6555908940575312e-12
4502.595676270965,187.87591069156758,-1.4985806627999433e-12
4502.669671226861,187.88204794856708,-1.9492459594125115e-11
4502.984899047958,187.90819456553808,1.3720978140980351e-11
4503.5317595769975,187.95355833293536,-6.352707670582355e-12
4505.043236397302,188.0789686511205,-1.69627793958621e-12
4505.129112150294,188.08609520112063,2.6509318441676485e-11
4506.736112561666,188.21948000545785,5.1132043858370187e-11
4508.014687452649,188.3256387019336,1.7883825822838366e-12
4508.132035473337,188.33538349046998,5.42801975861802e-12
4510.43577579998,188.52674155944052,6.862509335353002e-11
4511.088523391277,188.58097921155456,-8.402455319095663e-12
4512.119929859856,188.66669612442192,-1.1129696530549798e-11
4512.408609541978,188.69069088501516,-1.080791034903203e-10
4513.510231997394,188.7822707257999,-2.086742006951371e-11
4514.43985484091,188.859569323692,-2.1524712470486742e-11
4514.521083254045,188.86632426256253,-1.6616325615984543e-11
4515.520473555517,188.9494433103958,2.2872613920370855e-11
4516.487876378513,189.02991949178084,2.737847229216685e-13
4516.607581408166,189.03987869692565,-5.126099525223163e-12
4516.895640823313,189.06384571251868,-4.5560434137676136e-11
4518.922610934105,189.2325361682905,-1.4370355765005352e-11
4519.061258482008,189.2440775933253,2.1342069945634685e-12
4519.9923699585315,189.3215951941335,-8.86858746819569e-12
4521.108134846188,189.41450673604237,1.3701038953778321e-11
4522.263845989735,189.51076884582275,-9.30287582687417e-12
4522.585286151617,189.5375467846673,-4.941018293967372e-11
4522.885474468531,189.56255603305956,-1.297100989652687e-11
4522.9808740072685,189.57050429409517,3.924653309311524e-12
4523.396816649355,189.60516072556976,4.605111681817318e-11
4524.005171059552,189.65585468673567,3.072690863603195e-13
4524.099100957613,189.66368243999833,9.218650258037003e-11
4526.977566803995,189.90364141849568,-4.610065485018181e-11
4527.535935958329,189.95020669858204,-5.650520051314639e-12
4528.577705884064,190.03710061254347,-4.765501626492729e-12
4528.848216048539,190.05966710489332,-6.8582116337455264e-12
4529.627730378185,190.12470326905597,1.2975755088466426e-11
4529.805598859816,190.13954469779014,-7.805815349599087e-12
4531.236047654018,190.25892319913027,6.104881920311218e-12
4531.321102716319,190.266022680198,9.135449924080589e-12
4531.389954118604,190.27176975174294,-1.6397847209338766e-12
4531.649728649983,190.29345408792102,-2.213419785646651e-11
4531.929285385431,190.31679110615374,6.236583547765081e-11
4533.246909444762,190.42680396382613,-1.7492154559842067e-11
4537.441606050122,190.7772462366128,1.604266655865755e-11
4537.83937917357,190.8104946706969,5.636430248891164e-11
4539.919092353807,190.98437792021468,-4.413002004917856e-11
4540.853982779286,191.06256936088582,2.1753758798879773e-13
4540.888556375006,191.0654613017976,-8.054625709425709e-12
4543.67958141938,191.29899185073555,1.2074255983057854e-11
4543.688131778426,191.2997074965471,1.7285618484793009e-12
4544.05426089609,191.33035294328826,5.247979853926315e-11
4544.658664591148,191.38094766096842,-8.153080734061793e-13
4544.761268899606,191.38953735008877,-6.3796129794716675e-12
4546.407118026909,191.52734883219844,4.757125800026529e-12
4547.080125015658,191.5837159353663,-6.144211133346212e-11
4547.356150886522,191.60683664997518,-5.197375391574324e-11
4547.977655297779,191.65890077068542,1.4152612390780912e-11
4548.640966761994,191.71447496440902,-6.03235211979039e-11
4548.675492674004,191.71736786920704,2.2015946040887716e-11
4549.41620589794,191.77943706063837,-4.032998528070323e-12
4550.759652749683,191.89203902190695,2.896979632896488e-11
4550.833676388494,191.89824433268367,7.692924096169772e-13
4551.969004028108,191.99343010097382,-4.492762523485246e-13
4552.684018489425,192.05338903526967,-1.046335250519159e-12
4554.770516570054,192.2284102450583,1.5489604515466685e-11
4555.32033535117,192.27454391017991,-5.9972048151774515e-12
4555.516201604771,192.2909798124906,6.4656423074437786e-12
4556.054187272276,192.3361279272555,-3.5268586391894304e-13
4558.977246628757,192.5815261906708,1.9352282037642402e-13
4559.102543734348,192.5920487190831,-9.861906010236423e-11
4559.20365940368,192.6005406863848,7.961329076710561e-12
4559.901620825915,192.659162510572,8.627874820095324e-11
4560.337126237433,192.6957451842571,-1.236731468216998e-10
4560.663709939561,192.72318067187499,-3.3344579190236507e-12
4561.003243233107,192.75170610567437,8.317344310034318e-12
4561.5849541204,192.80058270066522,-4.002840019847345e-11
4561.865627326512,192.82416769409443,-7.370064997553694e-12
4563.40591384317,192.95362393451546,-2.8969175014404105e-12
4564.514722021129,193.04684283063827,-3.1380803909537226e-11
4564.785728389292,193.06963012047984,1.1949166088410035e-10
4564.819929824817,193.07250600891317,-2.498057094051158e-11
4567.705829444358,193.31524961918072,4.438672304547234e-11
4569.315139089389,193.45068119000865,-6.162714157655324e-11
4571.619327815508,193.64467341438626,-3.052655550244831e-11
4572.362703512535,193.70727991112415,-7.744982843805654e-12
4572.499509253697,193.71880268845598,1.546173627734753e-11
4573.73376726586,193.82277648663245,6.926773157071108e-11
4574.28395819698,193.8691335701324,7.569719467204223e-12
4574.3745576530255,193.87676768495183,-9.366388321067109e-12
4574.376647559264,193.8769437869565,-1.6133732719720562e-12
4574.504902941374,193.88775113863178,4.606121447840725e-12
4574.610494211532,193.89664894190446,4.26935966116404e-12
4577.392491596305,194.13115202156956,6.155205756133402e-12
4577.542724143513,194.1438196403792,-1.3017177943149167e-11
4577.696630601605,194.1567974747362,-7.80153028463766e-13
4578.33971131555,194.21102860714078,1.2496265940224798e-11
4578.658488972473,194.23791401832946,9.910766721864047e-11
4579.0412512697085,194.27019830777851,-5.749943419400035e-11
4580.152120652062,194.36391045847714,5.419480677503158e-13
4581.183030842808,194.45089764493295,-5.864457930383468e-14
4582.607906486873,194.57115947701223,-5.892584888831349e-13
4582.7081537820495,194.57962192065605,-1.1737387807638296e-12
4585.209850105929,194.79086427093827,-6.913083215216128e-11
4586.499685435683,194.89982255142428,-9.602881212009211e-11
4587.66891868384,194.99861950513295,-4.0384351428020045e-13
4589.572576412001,195.15952716040658,-7.964283449300711e-12
4592.570747108487,195.41308445105298,9.744096667009184e-13
4593.900127838584,195.52556405065766,-2.416270476090967e-12
4593.9689792369645,195.5313904902052,2.0270554094119415e-12
4593.980688296657,195.5323813593559,-1.4010940010652357e-12
4595.894337327041,195.694356205134,3.148052434635682e-12
4596.435605729207,195.74018241705045,-3.47997131948867e-11
4597.4132955836185,195.8229717055941,-1.3174889126331127e-13
4597.793595808834,195.8551797063624,9.022305152927177e-12
4597.959783906055,195.86925517653643,-2.1844183184619084e-11
4598.015361237135,195.8739624687221,-1.7350320606023075e-11
4598.586928052894,195.92237637131885,7.555373481184606e-11
4598.606614888908,195.9240440290821,-1.9118728731478184e-11
4598.741435776575,195.9354648016688,-7.22222415957875e-12
4598.856569828217,195.94521815353392,-6.920490852921622e-13
4599.444168565959,195.99499921342272,-2.443800956807314e-13
4600.493496357338,196.08391353928243,3.365123828655522e-11
4600.655953170892,196.09768105863057,-2.929145465978974e-11
4601.16339229579,196.14068748261897,-2.2420466200360043e-11
4601.214694447412,196.1450357008493,1.0612515032004946e-11
4601.974922735728,196.2094760783467,6.993693778945093e-11
4602.145929907665,196.22397288401902,5.787458609216628e-11
4602.966382864917,196.29353270514085,4.2788658348260825e-11
4603.4496595507335,196.33451177734767,-2.210486691434165e-11
4604.36033980124,196.4117438957948,-6.303973180136131e-13
4604.804271500874,196.4493979786207,-3.1566756912455426e-11
4605.125883375334,196.47667921772623,-3.061707782646891e-11
4605.302835789375,196.49169030042822,-8.168126014845953e-11
4605.702546055326,196.525600318301,2.6605902246020023e-12
4606.225845363672,196.56999964600735,3.231464882380115e-11
4606.3616586755725,196.58152355038308,4.6899155007039437e-14
4607.1746013798165,196.6505097097289,3.9840734134086716e-12
4607.7115469138525,196.69608147884088,-2.336007520123118e-11
4607.767124244452,196.7007987545705,7.083903846977098e-11
4608.028263342503,196.72296440111325,-6.629658619779748e-12
4609.59581356217,196.85604542561293,-1.7412944010785066e-11
4610.476119023777,196.93080096607562,-3.47506601468126e-13
4610.60686515359,196.94190514504268,-3.7649009606060843e-13
4611.103215480234,196.98406270403987,-6.096447364813422e-11
4612.389519920024,197.09333620531874,3.509526880013037e-11
4615.410364356219,197.3500813319579,8.44879450339575e-11
4615.555720450652,197.36243955646998,3.573529661546883e-11
4617.272587146445,197.50843759319218,1.1209293911739508e-12
4617.5149841483,197.52905480030228,2.360391492373974e-11
4617.808606931297,197.55403049331875,2.7529366183968758e-11
4618.887860960385,197.6458459990996,-5.723562677128903e-11
4618.991810849338,197.6546904731241,-5.430801991039316e-12
4619.09441515097,197.66342065437328,-4.947548938724678e-11
4619.296274319403,197.68059659318843,-2.0155737626120027e-11
4619.822751319715,197.72539738042224,-2.849709814163618e-13
4620.694057885879,197.7995528054263,-4.712234659204386e-11
4620.6941819390195,197.7995633643745,2.916003751860506e-12
4621.404472648178,197.86002535116933,1.7914514531947694e-11
4623.0056040175505,197.99635234201872,-1.6938962287622655e-11
4623.90370682108,198.0728412270688,5.739835297622566e-11
4627.289287046611,198.3613151300791,1.286891351883258e-11
4627.424604143451,198.37284943288992,1.0452524729777743e-11
4630.06452806001,198.5979415580331,4.793243809280722e-13
4630.28716185402,198.61693021496063,-1.3064405096346826e-11
4630.65804333792,198.64856509169192,-4.486073558267896e-11
4630.670868875494,198.64965910993897,-6.254959323852369e-11
4631.945464234037,198.75839719691075,-3.719070558165622e-12
4632.957508230868,198.8447578560968,2.932027108412141e-12
4633.384138779869,198.88116913543678,4.803867288648297e-12
4633.655097448058,198.90429615835907,-9.446653443258689e-12
4634.179809011632,198.9490854923004,1.3860946274550247e-11
4634.71861533011,198.99508323111098,-9.959795100266528e-12
4635.465569529555,199.05885933967372,-4.683810111772158e-12
4635.474119887902,199.0595894420338,3.8036357967983685e-12
4636.161068839106,199.1182513899446,8.655607293957316e-12
4636.9741355753695,199.18769438855287,4.2711380970826926e-11
4637.54528252879,199.23648260696973,3.0215849772475315e-11
4638.733381871418,199.33799106302845,-8.60774958844657e-14
4639.561287679794,199.40874079040316,-2.016056939814583e-13
4640.237873156642,199.46656862475902,-3.974743709113319e-11
4640.35621358848,199.47668406078415,5.351465762324181e-12
4641.189167579904,199.54789012573755,-1.0268157968165108e-11
4641.4425770005655,199.56955566771998,-2.6057996401782356e-11
4641.519530225294,199.57613511000122,-1.0666469500146339e-10
4642.375301065825,199.64931021872792,9.187094521857764e-13
4643.138210812457,199.714556350612,-2.873354124313235e-11
4644.34756199193,199.81800534516944,-2.1300115732411093e-12
4644.474281045034,199.8288465670357,-7.861922996664112e-12
4644.745583183828,199.8520583306837,-1.7468093786996293e-12
4645.186432536648,199.88977891602403,4.6631189386404206e-12
4646.163578453485,199.9733996397814,1.0667694323060756e-10
4646.463442261297,199.99906446067254,2.5093419062573936e-11
4647.867915356112,200.11929291274825,-4.613095618241272e-11
4648.1489607002895,200.14335586884164,-5.913819089775328e-11
4648.427152822228,200.16717596643488,1.6043396457641688e-12
4649.189862142081,200.23248998211074,9.00317852798509e-12
4649.21439673858,200.2345911609751,2.752864064690309e-11
4649.317325513485,200.24340625320832,-8.389468514293831e-12
4650.16454599005,200.31597186747496,4.477404359526885e-11
4653.426966633311,200.59552622767993,1.065592238085872e-12
4654.295114473331,200.66995018798266,8.653665957800701e-12
4656.005119813931,200.81658491429513,-3.636495550067328e-11
4656.361753795396,200.8471734353414,1.2239181214879461e-11
4657.579607635911,200.95164650354755,7.603403796918497e-12
4657.671352249802,200.95951788242266,-6.4225761551479655e-12
4659.865874779046,201.14784673497607,-4.495546903581839e-12
4660.607208196044,201.21148630164396,-6.302947862750826e-11
4660.642755215959,201.21453808030472,-7.37057425748039e-11
4660.8137623792045,201.22921969292295,1.9292234803054887e-11
4661.1086830550485,201.25454101550315,5.996933392969e-13
4662.4390561310975,201.36878420672323,-8.396404553569771e-12
4664.1486893004385,201.51564348705747,1.162737227253293e-11
4664.622346807779,201.55634068787057,-4.642443066593458e-11
4665.449384225882,201.6274106070768,1.4077174487606571e-11
4665.977378529147,201.672789403054,-1.0948572151470287e-11
4666.379379103031,201.7073430336304,2.4618913862769216e-11
4667.704904411858,201.82129856811744,3.936976684814868e-12
4668.373435726887,201.8787845458586,-7.013858035664671e-12
4668.897479325743,201.923852003611,-1.4300993406454792e-11
4668.902203033879,201.92425826288593,-2.1807158596869712e-12
4669.608266218044,201.9849873645626,7.171486869119732e-11
4669.957790791465,202.01505367190046,4.581135860079925e-12
4670.1254962021585,202.02948058791097,2.1955224418197557e-11
4670.393172107874,202.05250857374614,5.5366054154149214e-12
4671.259211032086,202.12702238791937,-7.96574434299218e-11
4674.96854056494,202.4463286657044,3.3215893439986716e-11
4675.065333361538,202.4546641704337,3.464538648458846e-11
4675.940418852931,202.53003173603418,-1.1813342818507955e-12
4676.797878728827,202.60389496160212,-8.893323086359454e-11
4678.058159862514,202.71248255886684,7.352329788826517e-11
4679.642142754756,202.84900225052962,1.1099128256068473e-11
4680.4451704652865,202.91823094026626,-5.917335112842335e-12
4680.505022971425,202.92339127595793,1.536536140982062e-12
4682.025622494156,203.0545157569198,-3.174883498932938e-11
4682.604670831805,203.1044595055052,-3.2035286727614245e-11
4682.888455025642,203.12893855396058,5.5317831363978266e-11
4683.926321789144,203.21847693072405,8.263712025003679e-12
4684.957231887259,203.3074347882701,-7.514999252570741e-13
4686.1249000287,203.40821722518538,-7.022483113088557e-12
4687.1037349720655,203.49272065870719,4.137703017515188e-12
4687.1042311846,203.4927635015218,-7.169075580580094e-12
4687.996541436222,203.5698125903588,5.326131737870667e-13
4689.325874373621,203.68462485780756,4.727818530464402e-11
4689.342975089533,203.68610203017153,2.8065452357900396e-12
4689.986475584219,203.7416919894534,-1.8269359842244754e-11
4690.253206743863,203.76473628140243,3.3402295308556595e-11
4690.613295205525,203.79584827502424,-4.588287390119103e-11
4692.279479909341,203.93983935085762,7.404813192300851e-11
4692.77180312862,203.9823955320048,3.974330062708083e-12
4693.760906171108,204.0679066167461,-2.7129671985294434e-11
4694.20287198386,204.1061217837739,8.47331887032863e-11
4696.264043209641,204.28439123925884,1.2771854311637466e-11
4696.552646475186,204.3093586075516,1.5517636790140887e-11
4696.656224197863,204.3183195980683,-3.097215467883142e-14
4696.757960120778,204.32712143830528,1.9698724699538234e-11
4697.782629176033,204.41578289205432,9.086673891653467e-13
4698.267346776771,204.4577307499299,1.623108483870171e-11
4698.943111531567,204.51621920774593,6.838211136223021e-11
4698.943483690966,204.51625142102029,-1.0800131500019385e-12
4698.994413678894,204.5206598294491,3.611773663970984e-11
4700.059849671527,204.6128930133939,1.9968123107351944e-13
4700.281491027266,204.63208279807665,1.5303059402689863e-12
4701.652134786298,204.75077370651812,1.500501874646333e-12
4703.80370502247,204.9371587487952,-2.0790113668087043e-11
4703.81653055925,204.93827004801156,1.385750193641842e-10
4704.615607550624,205.007513954713,1.1551982335938445e-11
4706.443676451751,205.16596924733707,-1.3475618129588708e-11
4706.535745537823,205.17395133735843,4.8616834889990295e-11
4707.298951032938,205.24012478113826,-2.0507024512712748e-11
4707.748026244434,205.27906669165066,1.6101587551907726e-11
4708.201328951219,205.31837896023805,-1.4350700234024807e-11
4708.369855045024,205.33299519898674,2.891544260882657e-13
4709.170048511578,205.40240297841612,-3.452652159797421e-12
4710.625375150138,205.52866642205709,4.595960358560882e-12
4712.980865742562,205.73311033531934,-2.8926105800746335e-11
4714.470346124217,205.86244196824774,6.747073184370344e-12
4714.561594521218,205.87036639819752,-4.422364703824251e-12
4715.221699505496,205.9276975153305,-9.42692850091496e-12
4716.762978243508,206.06159115705822,-1.174178387515724e-11
4716.8741328944125,206.07124905218276,2.8381673659948634e-12
4717.542664182063,206.12934053685413,4.180524674057955e-12
4717.754438275874,206.14774419222593,3.4786365856172564e-12
4719.683078916607,206.31538551670488,-8.862225784383815e-11
4719.74330358019,206.32062146882475,-1.4741732737428482e-11
4722.444024537069,206.55549171708643,6.734828440057887e-11
4723.594639610352,206.65559664517264,3.4816777715395925e-11
4724.178659742269,206.70641644637686,-1.1042379191685444e-10
4725.419702521661,206.81442938510224,2.9601267788680164e-11
4725.911529514977,206.85724291386103,3.222117164855675e-11
4725.97993237656,206.8631977343831,7.975895186648538e-12
4726.3727336208385,206.89739476928244,1.3941073311943758e-11
4727.5700321845425,207.00164838121168,2.2982278499622174e-12
4728.02840206504,207.04156748407797,-1.6966511811031807e-11
4728.066878674614,207.04491856037643,-1.5062746533950817e-11
4729.097788735165,207.13471464672955,-7.114308134207986e-12
4729.902133313842,207.2047896361576,3.298820297303021e-11
4731.182024856316,207.31631913608229,3.237291751862905e-11
4732.281337775488,207.41213713947081,8.020325331689686e-12
4732.988173927573,207.47375795169737,1.2465991428378943e-11
4734.224741096448,207.58158197580343,-1.6966312164939686e-11
4734.980741803821,207.64751627929223,-1.4204113298708746e-12
4736.2438284154805,207.75769936886996,-5.014134239772215e-11
4736.912235639452,207.8160185620522,-3.01078402940932e-11
4736.937886712318,207.8182568075739,7.773832444995842e-12
4739.460910918673,208.03846852613617,-6.643325997548822e-12
4741.069600061988,208.17893751334543,3.983232196489739e-12
4742.5577635086165,208.30892477472676,4.64541975108504e-13
4742.686018872352,208.32012946133574,-1.2436672283473127e-12
4743.1343497521175,208.35929906968553,-5.328489291767834e-12
4743.333622781084,208.37671027140107,-3.021437248048517e-12
4743.525385560923,208.39346596626876,2.3336210864869643e-11
4743.909092546072,208.42699524220563,8.055156169669778e-11
4744.184374051492,208.45105169939666,-1.5507331012248788e-11
4745.403344281537,208.55759254120844,-4.1118061068643636e-11
4746.381978754498,208.64314728541203,-5.138817222712635e-12
4746.487417269872,208.6523660445486,-1.4395768377903277e-11
4746.737000018604,208.6741885188662,-4.868182669058506e-11
4747.510597645946,208.74183595829726,-2.7854728252885223e-12
4748.366196674447,208.8166668695663,5.6846270294860376e-11
4748.515827931437,208.82975504318168,-8.17712521323298e-11
4749.457331380205,208.91211735592944,-1.4132577227405722e-11
4749.671042635114,208.93081499755235,4.4528425597440467e-11
4751.27779459862,209.07141699767442,3.237273649936427e-11
4752.428734120977,209.17216146400844,2.8591588151050567e-11
4752.445834836006,209.1736585141268,-5.8523667814607966e-12
4753.598587470738,209.27458650847447,-7.583785953013932e-11
4754.95155787307,209.39307557478145,-1.7939735494727011e-13
4756.493828986482,209.52818415274598,-7.812336469046703e-12
4757.000895885521,209.572614634552,-1.7554189020612967e-11
4757.103500175321,209.58160565760494,5.283571829623741e-11
4758.932838215983,209.7419396981744,-1.2627582858089282e-12
4759.202479954961,209.76557791294312,2.2024042364318566e-12
4759.356386389387,209.77907076184664,2.4702351628462775e-12
4759.41392956571,209.78411563624863,7.751584660504927e-12
4759.876650982842,209.82468515588167,-6.1725449486710175e-12
4761.132981327964,209.93485494910453,-1.3645191890398806e-11
4763.685235101044,210.1587560507187,-2.1858797350510374e-13
4765.000969415311,210.2742281087953,6.027587607126976e-12
4765.576067010937,210.32471009433243,5.845580887414778e-11
4765.992057249682,210.36122945587027,-7.94374494210375e-11
4766.89801366849,210.4407734824183,-2.0263801246286377e-12
4768.092077122918,210.54563673700858,1.0198945968086068e-12
4768.201867184837,210.55527987406194,1.3955732792734535e-12
4768.38699777277,210.57154086172818,9.334253157645465e-12
4769.307096626883,210.65236732186352,-3.6670374860721465e-11
4771.424217209364,210.83840586923742,2.3388992212301555e-12
4772.180217894199,210.9048582124227,6.002483389700188e-11
4773.144538172679,210.989637095052,-3.3919637688792066e-12
4773.610838128151,211.0306383215688,-1.8907588868110766e-12
4775.559881147823,211.2020588236437,7.650741247632752e-12
4776.302560081658,211.26739667443016,3.848834623225138e-11
4776.422265084588,211.27792878110736,-5.955647435217395e-12
4779.095893892452,211.51323371532578,7.628601953241505e-11
4779.121544964452,211.51549189298112,-2.9964066171019876e-11
4779.453148103547,211.54468547941218,-3.5084450690852867e-12
4780.197516095389,211.61022532174619,-4.962826942054457e-12
4781.111851124758,211.69074432850644,-7.097738070001718e-11
4781.717743335528,211.744109445547,1.3544021800064062e-11
4782.230201881196,211.78925049208638,-1.2236917162787082e-12
4784.832517224189,212.01855586103514,-2.5480760998081e-11
4784.935121511727,212.02759948679036,1.2810149394063347e-11
4785.091442324803,212.04137810379754,-5.678938755609133e-11
4785.244232277958,212.05484593450075,-3.228272853018502e-11
4786.610352658184,212.1752831601153,2.763336991433058e-12
4787.056145087375,212.21459167746596,6.106673543158611e-11
4789.964536538201,212.47113396603257,-4.0848363260863534e-11
4790.523277726726,212.5204370391412,1.479966956303805e-11
4791.186713107898,212.57898574915188,-4.604968431144961e-12
4791.283505895363,212.5875284688221,7.220562901618161e-11
4791.454513040389,212.60262160712742,8.070892569827198e-11
4792.097393216372,212.6593672098718,1.3225426787727842e-12
4792.135869823982,212.66276369587715,1.1003237311206434e-12
4792.7582424783795,212.7177068391992,-3.082630905726186e-11
4794.0902091050875,212.83531701132802,-4.616828823526088e-12
4794.393556053011,212.86210655074498,1.2226892877048208e-12
4794.434466039558,212.86571957224749,-4.269699437990699e-11
4794.70510019596,212.88962177506394,-5.176686724274314e-11
4796.483183722464,213.04669431084653,5.5559819767227776e-12
4796.723194992896,213.06790091370624,4.511685631361915e-12
4796.7865306698195,213.07349722181388,2.2281176118550995e-11
4797.256285106833,213.11500679073004,-3.201518893296512e-11
4797.582448901053,213.14383044966937,-3.5311685292912446e-13
4797.611058250388,213.14635880086357,-3.3348891132681773e-13
4798.7547642742875,213.24744616767205,2.387755026637939e-11
4798.904395525313,213.2606732272534,-2.4283183195725856e-11
4799.363118541903,213.30122586065363,9.043551983755597e-12
4799.457048417954,213.30953005079266,1.2228448974971266e-10
4800.075269943322,213.36419008226878,6.076087200368238e-12
4801.086941641134,213.45365218211396,-1.5373780987598245e-11
4801.698101446006,213.5077061614088,4.894201995845979e-11
4801.836205064572,213.51992167778315,2.7199835590454687e-12
4802.86823154274,213.61121742024915,-1.470020215893573e-11
4802.954059590396,213.6188108759133,-4.2953024683923224e-11
4803.292772126466,213.64877907824663,-4.7647977554012326e-11
4803.748909023163,213.689139951907,2.3516364822971315e-11
4804.864301482125,213.7878506209361,4.983455668221221e-11
4807.007674345403,213.97760044661206,-2.0743467711888598e-11
4807.7790102935305,214.04590645474687,-4.893322179657974e-11
4808.402995630936,214.1011717811422,-6.899588428938898e-11
4808.506201184958,214.1103132138151,8.574157867474704e-11
4809.0843524055435,214.16152659044639,-3.3096194923348896e-11
4811.469053430386,214.3728315415562,3.4377855419047215e-11
4812.3141838894,214.44774248501696,-2.3622167966372442e-11
4813.075156363889,214.51520506305457,-2.683803609699736e-12
4813.468406110061,214.55007205741163,5.964046284795383e-12
4813.61145285498,214.56275582378936,-1.914767404672384e-12
4813.619382946477,214.56345898558007,1.8906412135895255e-13
4814.830795177673,214.67088860119136,-8.353836315538329e-11
4815.551945456684,214.7348539840344,-1.1667365322236967e-11
4815.7713251495725,214.75431466639864,2.2611921931007112e-11
4816.597866254163,214.82764324323333,1.7946290248122193e-11
4817.125316597022,214.8744438433565,7.924603888134988e-13
4817.396618697721,214.89851843927417,1.589185210746472e-14
4817.633175474119,214.9195109379918,-9.371383771123073e-12
4818.358476876989,214.98388199085767,3.781333844223892e-11
4818.4963800709875,214.9961221009236,1.9096520349445883e-11
4819.373106838151,215.07394743382275,6.494100623016286e-14
4820.351044618897,215.16077377711278,-3.601387468511664e-12
4821.189915043673,215.2352670428332,-5.113452776298137e-11
4821.254042721574,215.2409622341475,-5.186412591747263e-12
4822.584892840802,215.35917238630944,7.923052466338528e-12
4823.763296483249,215.46386901328748,-2.5973056601780375e-14
4823.860757217327,215.47252916957828,7.106547302451151e-13
4824.690628753785,215.54627690064018,-3.0142220390888346e-12
4824.988879827624,215.5727845114487,-5.0318689765016264e-11
4826.282713287678,215.6877953037988,5.95629344829552e-11
4826.405328880146,215.69869638693493,5.530976410233748e-12
4827.987049941596,215.8393434031637,4.525017392741037e-11
4828.62237216737,215.89584938099327,4.9732072734997963e-11
4829.3829724729685,215.9635074528566,-3.4814943099623387e-12
4829.583237913399,215.98132354035326,1.1120249729251228e-11
4831.094466209304,216.11578980794303,5.6220650649914366e-12
4831.439868298232,216.1465289463161,-1.964694420460883e-11
4831.6838779482305,216.16824596590965,1.2811809474338183e-12
4834.436921919354,216.41334468763975,2.26514734141551e-11
4834.530975845986,216.42172061167432,1.4462234758471118e-11
4837.457536698694,216.68242540188578,-8.247078406831664e-11
4838.442536185437,216.77020691422555,4.968379449303904e-12
4838.881200196588,216.8093056716291,2.7244287549339767e-11
4839.872660133416,216.897688988395,-4.1626134505416854e-11
4840.152169113186,216.9226089814127,-8.534147850912543e-11
4841.845913169849,217.07364775709905,-2.1183578509902172e-11
4842.384347238368,217.12167341449845,1.2451431150383747e-10
4843.603689534243,217.2304524608158,1.206790838412671e-11
4844.098799235384,217.27462963260882,2.6585759003525647e-11
4844.420239310393,217.30331319564033,-9.527984507476793e-11
4844.6178232633865,217.32094545689048,-9.100030181321836e-12
4846.023164505823,217.4463779273753,-2.378675907200724e-12
4846.984373712286,217.5321907430778,7.153305599893457e-12
4848.084011007622,217.63038272313673,1.2711399848460746e-12
4848.800389877431,217.69436367041777,-5.7247919205027426e-11
4849.951329312461,217.7971757142204,-7.609633741094554e-11
4850.122336449778,217.8124536594716,2.69038351210178e-11
4850.611930438871,217.85619744517237,-4.702863015367529e-11
4850.869414572417,217.8792046683568,5.5653628711590216e-11
4852.6820239256385,218.04120302504614,1.3166998516441017e-10
4853.697646285239,218.1319987098601,6.4792854804331325e-12
4854.178861652745,218.17502554585397,4.3666304804415555e-13
4854.831160526451,218.2333562552336,-5.8096403015997876e-11
4855.44132788127,218.2879265205785,2.4290263883505816e-11
4855.441948146857,218.28798199746768,-7.929022965492127e-12
4856.540965169601,218.38628980464554,-1.726017478503052e-12
4857.013477439924,218.42856318230827,5.490277045030112e-12
4857.2157087288015,218.44665709020381,-2.5407002858384386e-11
4857.508090923589,218.47281825397317,3.1385139916099096e-11
4857.656357583606,218.48608515046223,1.8826054560669606e-11
4857.8538651649615,218.50375875218347,-4.8658768606627794e-11
4858.6372822997,218.57386846779488,-2.256524967782335e-11
4858.641557478105,218.574251093892,5.2951680215771926e-11
4859.090308160229,218.61441590357865,4.9880342220298357e-11
4859.860947442489,218.6833995626582,2.5026386346561906e-12
4862.164763458822,218.88969054241755,-4.8651685712820634e-12
4862.594428576325,218.928174934691,1.2570270055112088e-11
4863.1588858661235,218.97873760666465,1.770435042024427e-12
4863.754414568669,219.03208994061276,-1.497218668984831e-12
4864.277112499037,219.07892288146408,4.632091250195831e-11
4864.930508848615,219.13747327995145,-7.463823944511676e-12
4864.939059205385,219.13823952368332,-5.671846662050652e-12
4865.668883866853,219.20364802361917,-1.6086767451821115e-12
4866.1763228824575,219.2491316128196,6.592965783161911e-12
4866.782711266173,219.3034906115489,-7.055462077408833e-11
4867.564315282386,219.37356660881076,-1.7475676652112187e-11
4869.359174947643,219.53453030477775,8.791459491524932e-12
4869.410477088094,219.53913197253388,-1.430280470085779e-11
4870.881864149033,219.67113217716786,-2.9592382772254757e-11
4871.9132416212115,219.76368227676025,-4.467448151447175e-11
4872.659699466077,219.8306774905595,2.2732592490234278e-13
4873.6610266352745,219.9205635577275,2.6575278917541343e-11
4873.990196371511,219.95011614856807,1.672240506466085e-12
4875.4206447572005,220.07856382248735,4.5900868731065445e-12
4875.433470292255,220.07971566692908,-9.514331340525011e-13
4877.155279755776,220.23437661983897,-1.219956840385439e-11
4877.46998257941,220.2626505974413,-2.1473327624947854e-11
4877.821224841676,220.2942095575068,-5.7085131014937525e-12
4879.921864800288,220.4829985557013,-6.398545208200829e-11
4880.603221538006,220.5442509989937,3.4196648828005866e-12
4880.660764708966,220.54942439267697,-1.0834837693943438e-10
4881.6518524554,220.63853727635285,-1.0923318478159088e-11
4882.835876810776,220.7450216253002,2.5673754730892045e-11
4883.751499983137,220.8273852204156,-2.8092675287721787e-11
4884.774184038479,220.91939758416902,-1.797046549737059e-11
4888.302982029857,221.2370365734748,5.036755501560067e-11
4890.1076899277095,221.39957306153502,2.0705574405152686e-11
4890.124790640929,221.40111348129943,-6.729588236794288e-12
4890.566059750525,221.4408645435175,-5.453753160806587e-11
4890.994579694732,221.479470549296,2.208044553886684e-12
4891.553568946648,221.5298358152554,-7.421497392183877e-11
4893.6219733102025,221.71625033934558,8.698037813071101e-12
4894.198759909442,221.76824716702748,1.241019099659119e-11
4897.056593303269,222.0259688529515,2.2454259622855492e-11
4898.3624125427405,222.14377874581925,-4.442758149073255e-11
4898.46501682144,222.1530369469139,5.0065092957834416e-11
4898.929455935737,222.19494669618257,9.220278191173978e-15
4899.038997880479,222.20483204875947,1.1462958840428353e-11
4899.414173460472,222.2386905526528,-1.101445328906182e-11
4899.564978550572,222.25230100358402,7.346170579666702e-11
4900.390822967941,222.32684248754373,2.599577014250775e-11
4901.249427857066,222.4043542828023,5.537759573282558e-11
4901.368512583066,222.41510590061154,-2.6038914212297703e-12
4901.728753724693,222.44763202376387,-6.7523645451367975e-12
4902.782480492403,222.54278659157268,1.576406811969185e-11
4902.829507453324,222.54703373862134,-9.309383601547688e-13
4903.274307418396,222.58720698342273,3.901700153614425e-11
4903.815251210783,222.63606861477356,-6.287071092426546e-13
4904.559867238647,222.70333608995307,5.802055908343866e-11
4904.775620690413,222.72282883581326,-3.8288120469111005e-12
4904.809822116486,222.725918921691,-3.991852419682234e-11
4905.808467776952,222.81615567845338,-8.495032574574922e-13
4906.18269861364,222.8499755846855,3.957926551919726e-12
4907.166581571997,222.93890314442666,2.539274856950159e-11
4907.946964031053,223.0094501374353,-2.927116793555706e-12
4908.991644225046,223.10390734798742,-9.149623238861031e-11
4909.0130201162765,223.10584030922502,-4.8980371713770975e-12
4909.384941626407,223.1394734641387,-1.2798699002861501e-11
4911.949896593132,223.37149374183366,7.119529876777042e-12
4913.551027592351,223.5163900255132,2.60704613746343e-11
4914.091303431683,223.5652935960654,-2.53340173523411e-12
4914.336658653675,223.5875039277639,1.8372470242469678e-13
4915.681297953856,223.7092446269136,1.9441313941154205e-11
4915.819401560608,223.72175011121473,-1.0106139306606333e-11
4916.560114563088,223.78882875629444,-8.11931943169757e-12
4916.696920266208,223.8012189265468,2.2078224490148772e-11
4918.597619213754,223.9733964213938,-2.4614353237977857e-11
4919.2567316693385,224.03311859249283,-5.963708334771978e-13
4921.744408934113,224.25859909772797,-1.1041734425151312e-10
4921.821362141831,224.26557587494284,3.3285705325118665e-11
4922.414304700609,224.31933724220616,-1.9841122388748765e-11
4923.22583493233,224.3929281806767,-4.323189009114455e-11
4924.2179914425005,224.48291509884388,2.8766547854565808e-11
4924.705295076426,224.52711935478328,-2.1869566173564477e-11
4925.552391316587,224.60397150555607,-6.992379971625968e-11
4926.351143695345,224.67644980506753,6.445681679997358e-12
4926.4317041319955,224.6837604619745,1.81340371788685e-12
4927.722111690968,224.80087799490272,-7.352837449927309e-12
4929.00953228511,224.91775499738068,-4.039004798774674e-11
4929.119322333684,224.9277235739193,1.0156881841542737e-13
4930.667166325141,225.06828636630516,-1.0568404833613987e-11
4931.2619219933495,225.1223090487859,1.1558526783760114e-11
4931.866325498412,225.1772147363511,6.29376600658416e-14
4932.0725074784705,225.19594641749836,-1.9568136191967972e-13
4932.098158547521,225.19827687789717,-3.310404263533709e-12
4932.175111754666,225.20526833181557,-2.1682596363288273e-11
4933.260081647121,225.30385305353622,2.6259974451577583e-12
4934.08846447897,225.37913784274792,-4.83740788670698e-12
4935.795978694289,225.5343594142164,-2.0075370170133028e-11
4936.661273121101,225.61303950429254,-5.418920319040766e-11
4938.153558785397,225.7487634908986,2.4736232158020264e-11
4940.133052709736,225.92886256325747,-4.206431334834356e-11
4942.212765211447,226.1181575140355,-2.4774893400948698e-11
4942.872621974513,226.1782341737033,-1.4685906723727988e-11
4944.840530888874,226.35745007136694,-4.275449642233353e-12
4944.931979692571,226.365779975638,-7.561015072028342e-12
4945.017483255281,226.37356847813422,4.052923739858945e-12
4946.185151162365,226.47994459259058,9.859321545683194e-11
4946.227902943683,226.4838398138952,-3.6476953164910506e-11
4946.412060079216,226.500619214181,7.36810766015052e-11
4946.614291354881,226.5190461518706,6.819820237616636e-11
4949.148003105381,226.74997710080413,2.4895812805950265e-11
4949.259529895897,226.76014474206485,-1.8436521166476903e-13
4950.147393052646,226.84109735875052,1.4948043178756468e-12
4950.59753697522,226.882145636773,4.073746454338919e-12
4952.353748192533,227.04232887516284,1.0273719543303997e-10
4953.255429306533,227.12459287887637,-6.008683407299498e-11
4954.6350429989425,227.25048958655347,4.251192007450841e-12
4955.387961249612,227.31921196268644,1.2670491756147754e-12
4957.242625610346,227.4885404108859,-4.911837706377097e-12
4957.40063546342,227.5029694344194,1.4222739661706812e-12
4958.081992162964,227.56519431453242,1.8857361740766448e-11
4958.78850371831,227.62972549224855,1.6727764023569284e-12
4959.350279483723,227.68104339048196,2.6235551780245708e-11
4959.380205730367,227.68377729926752,6.146467612757893e-11
4959.569286994023,227.70105117754477,2.6643350843925653e-11
4959.874494701304,227.72893539731055,2.807040205799292e-11
4961.044023392715,227.8358011240056,-1.3241782951495771e-11
4961.677856919144,227.89372821323414,-2.1824453058129966e-11
4963.354452429591,228.0469907141803,7.064928227576122e-13
4963.618349309106,228.07111901656094,4.148857658346299e-11
4964.700885798631,228.17010961671372,1.4551687455510762e-12
4965.305909554875,228.22544432863108,-8.899305083903032e-12
4965.966262519587,228.2858470764942,-3.574255513519041e-13
4968.101103769142,228.48117681401686,8.196002920288859e-11
4968.404450677983,228.50893869790178,7.875956615560654e-11
4968.697577167814,228.5357668337211,2.182609543199375e-11
4968.761704838772,228.54163627158454,-4.89262872484991e-12
4971.100743208787,228.7557741031938,-1.2028589446231354e-12
4971.338492806103,228.77754560638527,6.807850573911017e-11
4972.014133367081,228.83942189195912,-9.115551847746671e-13
4972.540409799363,228.88762498827916,4.080549022753966e-12
4972.709632494505,228.90312564127981,4.39783794554211e-12
4973.369737349573,228.96359571911418,-1.483349658449226e-11
4974.855438471512,229.09972537234157,-4.702858569656242e-11
4974.866947104922,229.1007800273025,4.270310903352482e-13
4975.414675796033,229.15097688640714,-1.1904799391777796e-11
4976.078731352021,229.21184198843136,-6.662800495764694e-11
4977.620009785634,229.3531416995136,-1.9044206097633796e-12
4978.382919334044,229.4230991133434,-1.4285324623371124e-11
4978.92225040706,229.47256125762868,2.1073767188542083e-11
4980.495268196958,229.61685359001225,-6.42175649763807e-12
4981.893652637882,229.74516514120003,4.5561238135700485e-11
4983.097506788531,229.8556560313065,-1.3143381066366062e-11
4983.288229425635,229.87316318784855,4.999129896310299e-12
4983.6562478974165,229.90694689754525,4.7619457042444716e-12
4984.58748307841,229.9924444540817,2.596892393531803e-11
4985.738422400276,230.0981353215885,9.38450179638721e-13
4985.891212330787,230.11216787012373,-9.918679798968773e-12
4987.228274634316,230.2349848311514,-9.688918544364932e-12
4987.413529245257,230.25200414374828,2.502506458787068e-12
4987.567435653538,230.2661439825623,-1.3738192190927495e-11
4988.252399567728,230.32907894385067,-1.7090184875646985e-11
4988.671672490848,230.36760629608514,1.225244379142326e-12
4989.15803136118,230.41230229094896,3.836808109604775e-11
4989.616153045367,230.45440729597172,1.7876934125896972e-12
4990.824960005511,230.56552477211267,-4.446616928005311e-12
4990.859161429493,230.568669070048,-4.599642383401518e-11
4991.857807028913,230.6604887618583,-6.988408831272765e-14
4991.872321622922,230.6618234303429,-5.3469099405414355e-12
4992.037364504687,230.67699998260906,-7.813358347527388e-12
4992.601325529495,230.72886292172166,-6.644636572874027e-11
4993.1287758046055,230.77737356423359,-5.816359799304056e-12
4993.244205610361,230.78799055469952,3.9815145785979964e-12
4993.620602699031,230.82261247135222,2.3728379987912705e-12
4994.3491103923025,230.88962978867346,-5.863970696169079e-11
4994.361935926265,230.89080973046967,6.39333338891246e-11
4994.465885784879,230.90037316986906,1.872517980423655e-11
4994.5684900565675,230.90981300979064,5.728222628457283e-11
4994.831070029633,230.93397188241497,1.5747583458147154e-11
4996.193783392782,231.05936977390687,-2.9806499473407204e-12
4997.997269618058,231.22538050301299,1.6034761962616284e-11
4999.0563402862645,231.322895776063,-5.0318202252389574e-14
5001.535963267532,231.55129101970974,-2.2200102475226686e-11
5001.73782237609,231.56988901727289,-6.787758425011468e-13
5001.7634734438825,231.5722523951246,-4.839448893294291e-12
5002.618003516092,231.65099200782655,-6.5219674492018915e-12
5004.100870383753,231.78766085802312,-4.3584191741641924e-13
5004.689165570916,231.84189247507402,-4.4904229440875725e-11
5005.079876827735,231.87791346641498,3.1532892455032154e-11
5005.260035570156,231.89452385705985,4.375749127498835e-11
5005.44715097535,231.9117762754952,-7.600661828990537e-12
5005.462266837507,231.91317001668347,-1.7574044045145245e-11
5006.505725425716,232.00939112398956,-5.657225930990492e-11
5008.560807874273,232.19895639190196,-2.1430188003132998e-11
5009.730832738537,232.30691678104242,5.7743910854292545e-12
5010.398867667057,232.36856892636868,-2.996642938549667e-12
5011.778309568063,232.49590198459222,-2.6129066507396644e-12
5011.889464194404,232.5061639344201,-9.572889507873888e-12
5012.396903156984,232.55301429689823,4.089456646847936e-11
5012.954899935967,232.60453799104957,-2.5391204572681695e-12
5014.323081307671,232.7308958934821,1.667866724568484e-11
5014.387008553844,232.73680071470753,-1.6687773891878457e-12
5014.606712690954,232.757094883788,7.663701423770662e-12
5017.930922082873,233.0642620914775,6.935255270743509e-11
5018.831486677879,233.14751208198356,-5.434607236341311e-11
5019.415678417753,233.20152392252976,1.9164930714209785e-11
5019.508071958079,233.21006680525113,1.1038502632720858e-11
5020.102255007294,233.26500985910587,-1.57313018689346e-11
5020.193999595853,233.27349389827526,6.051435446492342e-11
5020.219650663324,233.27586599682786,-9.81486768846014e-12
5020.472067585615,233.29920905649644,-1.084546899413838e-10
5020.7612433628565,233.3259529509565,-2.1319211527598158e-11
5020.995261669972,233.34759683505544,-1.2698822162454995e-10
5024.076329802985,233.63265272467842,1.301216875762556e-11
5024.770139845469,233.69686713113796,-6.742605961650604e-12
5024.816842326491,233.70118991823168,4.1223176132063655e-13
5025.452364884959,233.760017953733,-6.463980301504627e-11
5026.208689904884,233.8300379338555,3.6225594834908505e-11
5026.496548780319,233.85669045232558,-8.307626663734984e-13
5026.535025381362,233.86025307171187,-9.282430831877407e-12
5028.0724007429135,234.0026238028274,2.4203205035259363e-12
5028.189748714862,234.0134927594252,2.8127540757625353e-11
5029.582932187984,234.14255102066804,-4.601397034924596e-11
5030.309455013719,234.20986701705576,-5.279887507629603e-12
5030.590500276018,234.23590988321888,-2.65357214429401e-11
5031.15446128596,234.28817333197765,-2.954097080928128e-11
5031.292564881553,234.30097257463612,-5.3373024653681536e-12
5033.5232540641255,234.50775830834857,4.956243820566978e-11
5033.671072176601,234.52146434169913,1.0196977437024172e-11
5035.769727054137,234.71609984298155,-1.7382763431519303e-12
5036.47258365927,234.78130299274815,3.093141405881129e-11
5036.736652262046,234.80580266658006,3.882956857032663e-12
5037.016161202468,234.83173625857617,-2.700474011667942e-12
5037.502844532596,234.87689548268298,-4.570696667983326e-11
5040.933962005485,235.19539182161662,5.478145479719054e-11
5041.520663484857,235.24987458656958,-7.924052550331066e-12
5043.07636107603,235.39437177870798,-5.9483493596979655e-12
5043.101391877599,235.3966970683393,-7.434738479837573e-13
5043.2552982800335,235.41099478508715,8.656543686159169e-12
5043.847496470106,235.46601334292794,-2.137541044189624e-12
5044.618011598282,235.53760822260475,5.561473250060161e-12
5044.686366760296,235.54396018943027,-2.0257765313940348e-11
5044.750494427911,235.54991939066738,-1.1057186775080004e-11
5045.429541761043,235.6130259704643,7.082300274473839e-11
5045.84951130298,235.65205966781096,-2.3384436292712295e-13
5047.538111561764,235.80903791793537,7.962008041562813e-11
5047.648894026115,235.81933848348405,8.420500953530714e-12
5048.001080987627,235.85208636711917,-2.9686195877856285e-11
5048.511478214991,235.89954938800471,6.4831079156420426e-12
5049.087568116465,235.9531270877649,1.617033338825544e-11
5049.155178959672,235.959415454166,6.956742641451154e-11
5050.069485124333,236.04446174191247,1.5757048355870517e-12
5050.146438325194,236.0516204231952,1.7665435598488487e-12
5051.355245235572,236.16408572541835,-1.0335246038475375e-11
5052.015598161359,236.225535186784,-2.9403424374586355e-14
5052.541578775219,236.27448631472294,5.006687225622466e-12
5053.5322178729975,236.36669537788325,7.097508824575505e-12
5053.700743923622,236.3823836458652,-2.6825661484382056e-12
5055.318803739678,236.5330371677622,-7.065913855068241e-11
5056.928112775619,236.68292376328245,7.067488779153437e-11
5057.397075122547,236.7266105967593,-4.9639252904111386e-11
5057.410072392504,236.7278214330424,1.4904140728559352e-11
5058.719021499504,236.8497801379812,-1.9945535407022105e-11
5059.423347733802,236.91541738100378,-1.2696675622619997e-10
5062.251254553544,237.17904635929122,9.959416973069981e-12
5063.273089106644,237.27434216500598,1.5973231885473043e-11
5063.3115657067365,237.27793085023507,3.4586218452029294e-11
5065.046200476703,237.43974733445,-1.43743789432299e-11
5065.2369231032,237.4575423954972,-3.997458560919446e-12
5066.087349697577,237.5368982055005,-5.918654173819959e-12
5066.365045519481,237.56281370581695,7.153699562412603e-11
5066.4077972972755,237.5668035704923,1.872428413248205e-11
5066.696973065605,237.5937921552396,-4.462035283125622e-11
5068.346104276214,237.74773393029017,-7.653392615759955e-12
5069.388866185097,237.84509868448382,5.849990096051585e-12
5069.638448875039,237.86840568759933,-1.2608246572816441e-11
5073.054822572302,238.18755531492252,-2.0587827987639812e-11
5073.060042491406,238.18804311203732,-3.917572993114067e-11
5073.460773725716,238.22549261213518,-3.138264960290484e-12
5074.498096291995,238.32244716418393,2.0668969019225216e-11
5075.37939386679,238.40483423368886,4.622509540454323e-11
5077.194092838841,238.57452429826674,1.410269038856751e-12
5078.556605703631,238.70197091852063,-1.0298819116527483e-10
5080.038356017767,238.84060957871944,2.5656709295292255e-11
5080.732910352928,238.9056088640036,-7.879018862116482e-12
5080.784212485794,238.9104102835314,-1.9763927848487304e-13
5081.435938673591,238.97141022964763,1.6206150366521318e-11
5081.747339702187,239.00055935180848,-2.158225767254985e-11
5083.239501165149,239.14025996756564,5.049873194699069e-11
5083.505860087895,239.16520160007624,4.524899903159035e-12
5084.8982991911325,239.2956097370331,1.9063460062906453e-11
5085.474961660783,239.34962720956614,1.9906555775345486e-12
5086.150726222657,239.41293562782093,1.506058878911721e-11
5087.242929455528,239.5152755276171,-7.029707955127653e-11
5087.399326604379,239.52993180445904,3.3817050461229517e-12
5087.483961787102,239.53786331768043,7.208816951086772e-12
5087.77355739416,239.5650035186365,6.981657171011065e-11
5088.347538378036,239.61880019570222,1.183452889532163e-11
5088.776354053121,239.65899513654725,2.5711944669064414e-11
5088.977268408544,239.6778289637674,5.564354930996886e-12
5089.587884192178,239.73507300250978,-3.091454736438787e-11
5090.112595575815,239.78426915808006,2.4857281900264194e-11
5090.188680402963,239.79140317884404,-1.108091123627152e-10
5090.189548774641,239.7914846014961,7.224826591862569e-12
5092.059328826894,239.9668362730622,3.905017737542575e-11
5092.563561379045,240.01413522441075,5.959230087468711e-11
5094.395408724929,240.1860089601326,1.1129544509193917e-11
5094.532214411346,240.19884728339406,-1.74031124116542e-12
5095.631975568867,240.30206523556137,1.5342794065529364e-11
5097.044998547533,240.43471704099468,-3.4591324059203727e-13
5098.846270692572,240.6038702372926,-1.1580402830905483e-11
5099.161746472569,240.63350197030036,1.0892377382313965e-11
5099.315652869309,240.64795862102173,1.273491641621672e-12
5100.346763074277,240.7448235497053,-4.7155487969770964e-11
5100.372414140381,240.74723352112176,1.9218045840887265e-11
5102.859566198214,240.98096423126324,3.635563138420918e-11
5103.130200295232,241.00640400947563,-1.8030778138376203e-12
5103.399841967436,241.0317518408913,-3.4322886426792144e-13
5103.446544446024,241.03614227222,-2.11217107333393e-13
5104.081742495537,241.09586029608062,4.2601664395045225e-11
5106.03615771262,241.27965088632652,1.1724896561187632e-12
5106.770009323244,241.3486794792925,-8.484629447813503e-14
5106.909229389797,241.36177611452615,3.208554258729343e-11
5108.010851334926,241.46541989171024,-2.040872459895525e-11
5108.814250951254,241.54102014646173,6.255379302739538e-12
5110.430449912405,241.69314119204262,1.3843762967341014e-11
5110.477476866626,241.69756821738324,4.490130556118175e-12
5112.258022059435,241.86521522473362,4.2070657473696036e-11
5112.326873430792,241.87169908967738,1.7880431544242108e-12
5112.545880918506,241.89232402310324,-6.834210368233325e-14
5113.096691889168,241.944200308397,7.224080630345767e-14
5114.934951977169,242.1173711234378,2.290547946313563e-11
5116.601183846467,242.27439003380178,2.4232235264878597e-11
5118.3180688939165,242.43623579108493,-5.6324430941042435e-11
5118.68534301393,242.4708647037361,-2.2498455738543437e-11
5120.048056264761,242.59937158794776,1.9528718798442385e-12
5120.233186806195,242.61683244817016,-3.952089830178174e-11
5120.997088706597,242.68888766043662,-5.509071855614863e-12
5121.326134333533,242.71992827280118,5.376925302994526e-12
5122.165128634222,242.79908406360124,2.8014496603890473e-12
5123.586377468103,242.93320285153942,2.8439009415700933e-11
5123.637679599543,242.9380447683252,-4.2812543313714774e-11
5123.814631944596,242.95474597723216,8.074512089663399e-12
5124.598545147299,243.02874062124482,2.4745618578713907e-12
5124.924756549547,243.05953549898734,-1.871000139530298e-12
5125.326308458582,243.09744533256583,3.745797991518796e-12
5127.640315783322,243.3159647092324,1.4235696584313195e-11
5128.503892351864,243.39754037911348,-3.22012526602207e-12
5128.928929050603,243.4376954864484,-6.459380866010295e-12
5129.881368293,243.52768874139085,-1.728265003753749e-11
5130.528199017037,243.58881545080928,-8.461477697468994e-12
5130.919234717173,243.62577279149733,5.83747767383201e-13
5131.253500260929,243.6573669368739,8.71961260163307e-11
5133.211742092599,243.8424975895058,-6.454290069182043e-11
5133.804808619523,243.8985795716753,-3.3370475047688493e-12
5133.99943425582,243.9169853126407,2.7454440676087964e-11
5134.149065471525,243.93113640695185,-5.962160944547031e-12
5134.791945492053,243.99194028342748,-1.8342800277351823e-11
5135.303287431836,244.04030866605254,1.2131696006754532e-11
5139.5450090543545,244.44172335588507,2.3707345107693035e-11
5140.941131705646,244.57391770939836,-1.0443813693839828e-10
5141.414789047288,244.61877495326573,2.2117073706702035e-11
5143.124965511599,244.78076989971262,-1.224789721109874e-11
5143.395103389272,244.80636339735844,1.0674981687534317e-10
5143.566110491914,244.8225657071319,-3.2637564388857444e-11
5145.936391733224,245.04719683444034,-6.4604567985456895e-12
5148.017573587551,245.2445153921896,6.690394414657482e-12
5148.255695316183,245.26709699514726,3.258010022624988e-11
5148.674596035661,245.30682479908856,6.729511162267064e-13
5148.675588460399,245.30691892273498,-5.255045133785235e-12
5148.87781970867,245.32609933756083,2.7506859321244163e-11
5149.131725246806,245.35018181398357,-3.565612955862104e-11
5150.352555921227,245.46599195539778,-1.8465786431697787e-11
5150.533583018083,245.48316684101556,4.576250974971629e-13
5151.976360453385,245.62007144830667,-5.129656444612291e-11
5152.69072563739,245.68787148451077,6.446408170264935e-11
5153.59031672547,245.7732645895424,1.2555732010629521e-11
5154.200111795627,245.83115747144112,-1.2920046858654631e-11
5155.59459305761,245.963572835945,-7.205310653046225e-13
5155.6877785917,245.9724227052848,-1.4527862166056255e-11
5155.781832497427,245.9813552064435,1.2798038262591106e-11
5158.6927616299645,246.25789295521966,1.7109498506715123e-12
5158.744063760265,246.26276804813884,1.2961224683964986e-12
5158.872147349474,246.27493967243032,1.2680385560388639e-10
5159.749293752074,246.35830192596103,-1.6659559116293146e-11
5160.132055882339,246.39468332092753,-1.684066589363713e-11
5161.322664516075,246.50786747237206,-1.2349822510162966e-13
5161.394521845682,246.51469936107625,-7.371245511128601e-11
5161.463249161799,246.52123375042558,6.979142120609901e-12
5161.894650934521,246.5622521384929,-1.5742309135987602e-12
5163.545423420552,246.71924195154514,-7.27626982730071e-12
5163.867035161424,246.74983333354888,2.4724427271254562e-11
5163.930370822104,246.75585798179415,-3.311158279980404e-11
5164.314621588461,246.79241047065898,1.171172628163024e-11
5164.535566234968,246.81342942667771,4.716552758117265e-12
5166.928540233131,247.0411359806397,-2.6557283328615462e-12
5169.437793394526,247.28002052539685,-4.972492108532687e-13
5169.445150902055,247.2807211413362,6.902314252979373e-11
5171.1101134967785,247.43929223483428,1.1258314871831395e-11
5171.31629544387,247.4589325637218,-2.2024212577842155e-11
5172.078212470185,247.53151749135822,-6.847374785967387e-11
5172.197220804782,247.54285592685054,-5.039502058239466e-12
5172.484659810221,247.5702425522419,7.523090561579289e-13
5173.448655341843,247.6621012693276,2.7819296693171787e-13
5173.533290519924,247.67016693625249,8.371953647031135e-12
5173.628212796234,247.67921311265283,-2.066234451364917e-12
5174.151511884357,247.7290869555835,3.556719665482574e-11
5174.431068483374,247.7557326042975,-3.354565719908483e-11
5175.0714864230595,247.8167788057039,-9.432076244132725e-12
5176.607296629805,247.96320676732378,7.34546500967793e-11
5176.629369152291,247.96531153317852,2.3152430664458194e-11
5177.85348255848,248.08205316173797,9.437472177400787e-12
5180.054865552745,248.29206479434035,-3.9652403458680184e-11
5180.613606589413,248.34538281594942,1.4366363014199937e-11
5181.38666008391,248.41916114701203,-5.487828102357977e-11
5181.544841650097,248.43425896476967,7.83459079401168e-11
5182.848570734153,248.55871241000906,-2.9923761685504974e-11
5183.877018397285,248.65690969457728,7.988037235875818e-11
5184.524793840683,248.71876998855862,-4.144688010419968e-11
5184.540453596875,248.72026553630772,8.708844720985348e-14
5185.734268595633,248.8342912955146,-2.1379452180056913e-11
5186.556038099457,248.91279684614003,-7.84195133280422e-11
5186.573510968529,248.91446620499246,5.393308014373482e-12
5188.617580757072,249.1097955544976,-1.3604730628644806e-10
5188.994722116282,249.14584323156785,-2.3572184975472295e-11
5189.034172140761,249.14961406919974,-7.484492500072446e-12
5189.288077672542,249.17388436080734,-7.041229099639435e-11
5190.246156640338,249.26547579343915,3.291967299692737e-12
5190.610023937933,249.3002655892348,7.779773389588188e-12
5190.953660512256,249.33312334017847,-9.561929723717748e-12
5190.990448049407,249.33664101005917,-1.0056000611227142e-11
5191.142741747062,249.35120378733507,-6.779811934063553e-11
5191.177267642398,249.3545053157581,-5.23980686249203e-12
5191.78842728228,249.41295090822533,4.750900296199453e-11
5194.954626464611,249.7158467425884,4.837538135093496e-11
5195.638817281369,249.78132442108642,5.199145474918557e-12
5198.212818324974,250.0277358867803,1.0145856440707226e-11
5198.493319661108,250.05459590996375,-6.697561916550532e-11
5198.830543467641,250.08688943683995,1.0009741385979657e-11
5199.575159348611,250.15820342627083,-2.6395373739377564e-11
5201.133862742495,250.30751796861074,-3.669786719775193e-12
5201.197990403686,250.31366197679387,-1.334942757447126e-11
5201.879346994035,250.37894676026775,3.107623287029734e-11
5202.216399063339,250.41124486348178,-2.0782907899261017e-11
5202.404506869367,250.4292712533414,-2.2930473804437414e-11
5205.415358691044,250.71789019470657,-2.1349217586577745e-12
5205.586365787098,250.7342878718229,2.7226974675617744e-11
5206.688188086732,250.8399532833943,1.7420782536701153e-11
5207.29599828744,250.8982522126439,3.917316645597768e-11
5207.430370585815,250.91114163010081,-5.759028782639198e-12
5207.800774698761,250.94667369061975,4.451698055997612e-12
5209.78059274678,251.13663618351248,-1.1196915694214779e-10
5210.322357116787,251.1886307700917,-3.328534285371273e-12
5211.063861976376,251.25980375383526,2.2314486851881508e-11
5211.151980327922,251.26826242432494,7.130975746803826e-13
5211.207557633947,251.2735974832739,-5.542300133628997e-11
5211.344363310311,251.28673017847865,-5.03453895536462e-12
5211.358534429197,251.28809055829495,-6.793704498878642e-11
5211.37563513874,251.28973217390015,4.316090083221915e-12
5211.76165132329,251.326789975498,-1.8319547240936533e-11
5211.824462083543,251.33282010846656,-1.1724080605819954e-13
5212.399931659595,251.38807131926936,-1.402692680859263e-11
5212.476884852495,251.3954601081216,6.766024625415346e-12
5212.528387403825,251.4004052722122,4.776769316187279e-11
5214.323323021781,251.57278165089576,5.022141781309092e-12
5215.448162578776,251.68083570201796,-6.8331381798618795e-12
5215.905043664869,251.72473115250958,-5.318154416631825e-12
5216.373032536968,251.76969778463356,5.7818706656564326e-11
5217.755757007684,251.90258020252372,6.988767196441335e-11
5217.85836126455,251.91244206792757,3.794590459520886e-11
5218.8914562422815,252.01174937455554,-6.416655124610711e-11
5219.617978980006,252.0815988869823,-7.153200827140163e-13
5219.894252818558,252.10816302018753,-9.197518561896667e-12
5220.289840466739,252.146201798428,-7.085606526389717e-12
5220.375344013996,252.15442399738458,5.375903243313868e-12
5220.7130163449465,252.1868965872167,-3.4217788128421727e-14
5221.774195763341,252.28895961558186,1.2436620328449504e-12
5223.749862670313,252.47903226967404,5.4791943104369064e-11
5224.2873995418195,252.5307594317481,-9.504926290062669e-12
5225.810708646087,252.67737634954932,5.1343541983564364e-11
5225.836359710179,252.67984560375342,2.339985107052822e-12
5225.91692013093,252.68760068862693,-6.841556711410762e-14
5226.277705090693,252.72233283259314,-1.760892997659538e-11
5227.00477172096,252.792333564192,1.3714543265062322e-11
5227.114561747995,252.8029048064442,-5.684550133809215e-12
5227.547852985826,252.84462685272882,-8.005558206259076e-11
5229.0014423491475,252.9846196867721,5.1651716213072426e-11
5232.074331877057,253.28069280339489,1.2797519663872609e-11
5233.014937951343,253.37135503324407,1.748579562023556e-12
5233.604225476701,253.42816301366003,1.3307525344245757e-11
5233.694004200601,253.4368183451635,1.1714481356870471e-11
5234.098466675964,253.47581335367298,1.369426101665159e-12
5234.72392147168,253.53612059165093,5.5359604920080475e-14
5235.1810506586335,253.5802021938524,-4.140912503146129e-11
5236.957415902982,253.75153610281185,1.1742384540680308e-11
5237.819503776123,253.83470711725118,3.6301927724706246e-12
5237.883431013159,253.84087512327034,-3.5576904590634978e-12
5238.128289970431,253.86450098464564,6.579845100108359e-11
5239.228423188645,253.97066386388565,5.16214964720423e-12
5240.212649403614,254.0656606096575,2.6115887705483668e-11
5241.176969371247,254.15875332641153,-5.7891992496628777e-11
5241.243186936097,254.16514641096975,-8.117010116373371e-12
5244.863929090334,254.51483991757343,4.146174818355159e-12
5245.561518000312,254.58224122942772,-2.4885541573382047e-12
5247.103788590595,254.73128783066588,5.329474297510775e-12
5247.471635263347,254.76684337937732,5.571076484418683e-11
5248.727593026555,254.88826129698174,-7.690784815085592e-12
5248.795671387378,254.894843505196,-5.985994988151514e-11
5249.93694368136,255.00520099906052,3.046627204870992e-11
5251.04855683698,255.11271361196034,-1.8522407231363856e-11
5251.308331229382,255.13784166210206,1.4081949534365103e-12
5251.8519563821255,255.19043069883696,-6.417542047487859e-12
5253.214669520946,255.3222803346192,-3.643640137828046e-12
5253.604960873068,255.36004936932656,9.109635442659912e-11
5254.009967239403,255.39924536299634,1.436089061760354e-13
5254.367421757063,255.43384186032705,4.49641827570325e-11
5255.395869375665,255.5333940441952,-8.253548372660815e-12
5258.962799624374,255.87881850197672,-2.0680684776273046e-12
5259.581345432598,255.93874283130296,-3.937465061991725e-13
5261.383886613231,256.11341208344413,-3.7223366392529783e-11
5261.823666977732,256.1560366181457,2.609879478308059e-11
5261.883843935138,256.16186938577255,2.7054396103267665e-11
5262.003548898321,256.1734722184622,-4.336592142784196e-11
5263.864158131292,256.3538523748474,1.0279576695730113e-10
5263.915460258311,256.35882685653866,-6.126692085639604e-11
5264.515884244848,256.41705023245765,5.089216024366249e-11
5265.277352699255,256.49089971215835,8.645672602428307e-13
5266.192975640341,256.57971369656576,-1.2604906214910445e-11
5266.708793138976,256.6297539827783,-3.37198447902723e-11
5267.215659437512,256.6789306729627,-2.0567196825453452e-12
5267.43598380481,256.7003082455981,-6.323328908325675e-11
5267.808105650379,256.7364164130967,-1.1630336804109966e-12
5267.867958131759,256.7422243280643,-2.1017593438516475e-11
5269.577762304842,256.9081667419533,2.6770987832507967e-12
5270.01217000947,256.9503360925759,-6.211117337089052e-11
5270.398835132107,256.98787384158067,-8.168498598491169e-11
5270.959064775318,257.04226625429885,-3.4453127233697966e-12
5271.055857531259,257.051664399751,-2.22815213333e-11
5271.24284885178,257.06982091279525,-4.373938531998009e-11
5271.919434023959,257.13552146912934,-7.707826751538172e-12
5271.95363544181,257.1388428597861,5.932108861278217e-11
5272.342609889142,257.17661871902857,6.656824486953098e-14
5273.544727073089,257.29338181794867,3.884715537777246e-13
5274.206816650189,257.3577027490213,2.6583907611333916e-11
5276.191902221536,257.5505989992985,5.510213092580427e-12
5276.627283351904,257.5929158928997,7.751204343995862e-12
5277.053913704996,257.63438564140586,3.6502022306135065e-12
5277.134846282543,257.64225290876334,-1.1091549256883351e-11
5277.457402742535,257.6736090696576,3.749537116941123e-12
5278.285785389611,257.7541460771343,7.538562817317704e-13
5278.393285085405,257.76459833785566,4.8892108562720005e-11
5280.820116863561,258.0006173130347,-1.6468938769076574e-11
5280.906488779317,258.00901932225776,2.246366042527657e-11
5280.965472888666,258.0147572041482,1.421252480675998e-13
5281.592569043301,258.075764099766,1.9706521256503358e-11
5282.299576664147,258.14455385016834,7.829229900291988e-12
5283.105762734724,258.22300460622944,-1.8640694458746384e-14
5283.944308423532,258.3046170111742,1.4015797545263744e-11
5287.146894120833,258.6164314771722,2.1796462682533682e-11
5287.688162253564,258.66914981888186,-6.967816247207507e-12
5287.83889093578,258.68383142615886,-1.6398302855007776e-12
5290.369643853479,258.93039990196473,7.412500905066603e-11
5291.183530900293,259.0097210945929,4.431057975785767e-13
5291.716124624309,259.06163412755365,3.093883863674903e-11
5293.3902577163935,259.2248494352892,5.94077354631309e-11
5293.494951873808,259.2350580386478,3.5322190615170394e-11
5293.91770789098,259.27628253119565,-7.11773590950172e-12
5294.624839559837,259.3452448972799,7.067058094583981e-11
5295.915542601388,259.47114327501674,8.894546817942388e-12
5295.992495790473,259.47865044939743,1.1697503100546355e-11
5296.272997110267,259.50601570107966,3.841973485429904e-12
5296.3716793472,259.51564332395094,-2.738177116600362e-13
5296.491212571449,259.5273054482308,7.460167952463143e-13
5297.201302515963,259.5965899990937,8.281516017033665e-13
5297.329557831008,259.6091050546597,-5.895987549678435e-11
5301.249371533265,259.9917436249653,7.393242958360014e-13
5301.707741233125,260.0365065632196,-6.1832154569604686e-12
5305.21186062849,260.3788356901206,-3.365844349316027e-12
5305.771594048033,260.43353886781483,1.8871723894011935e-11
5306.6504104356645,260.51943791335776,-2.767235024730893e-12
5307.815663691399,260.63335638726096,5.923931081433315e-11
5308.571664102094,260.7072785162711,-3.4962750419729446e-11
5309.028917322296,260.7519940929959,1.3525397622807392e-11
5309.088769802245,260.757847454735,-6.873106116854548e-12
5311.2122070110545,260.96555483488953,6.0626891497414546e-12
5311.450996665131,260.98891761915206,-1.812248498646948e-11
5311.611793022709,261.00465026024307,-8.293287847166765e-11
5312.946192564113,261.1352289886805,-5.970171238057844e-11
5313.701076494858,261.2091132823603,7.671364039180066e-13
5315.642684928279,261.39919650329796,-6.787506870343795e-11
5316.352030546481,261.46865866944034,9.09358312816825e-12
5316.4033326719355,261.47368275307304,-1.0103136633666567e-12
5316.995855237524,261.53171276938946,5.5418886806998326e-12
5319.102735624001,261.73810717174536,-1.8248132613586657e-12
5319.108327701554,261.73865509214284,-3.5911646812935886e-11
5320.022834136313,261.82826759530076,-8.821427557490355e-12
5320.107717413158,261.8365860905606,-2.0292911846142383e-11
5320.2033650024205,261.84595963912216,9.186276932712782e-12
5322.143856950901,262.0361659618609,-1.6584601868594172e-11
5322.380661754216,262.0593822322955,5.1293581546287445e-11
5323.776755565795,262.196275838885,-1.0098805937092376e-12
5323.868824612793,262.2053049066921,4.182867231269137e-12
5325.884408948797,262.4030092450554,-2.055837106726493e-12
5325.886269744981,262.40319180113255,-1.9487139725375567e-11
5326.494079902996,262.46282530101206,-1.2042337072157162e-11
5326.524006142672,262.4657616014791,-9.133907274890066e-11
5327.128085019124,262.52503609335963,3.9293341162903356e-12
5327.281991394533,262.54013904037197,-1.9183333485668974e-12
5327.373440175955,262.54911318392004,-8.65349819565217e-13
5327.596073860642,262.5709615400193,2.04551656858492e-11
5328.725264889502,262.68178977254604,5.0365272241697075e-12
5329.811627777107,262.78843666214607,7.031345650291225e-11
5330.573344308887,262.8632263894555,-1.4305670991935104e-11
5332.449708589678,263.04750426002875,-1.7915129867349004e-11
5332.70361409993,263.07244532015403,1.1020796634437901e-10
5332.874621183175,263.08924396256043,-4.5512722688294966e-11
5333.647722291361,263.1651951946193,3.618788823928432e-11
5334.735354392923,263.2720653151432,3.626408109586622e-14
5336.309965523691,263.4268243317812,4.7783185438741465e-12
5336.502348491947,263.445735622605,7.152201623103373e-11
5336.821851297393,263.4771443295296,1.0765228966683951e-11
5337.326083774559,263.52671670292335,9.064073684986853e-13
5337.584560250769,263.55212999645664,1.3131624135912782e-12
5338.193610935529,263.61201645853663,1.6184220741815188e-11
5338.546418099456,263.64671024836434,-8.372811903868097e-11
5339.259666726242,263.71685556076824,-1.0595182929825284e-11
5339.684207158864,263.7586119600878,2.236115846152775e-11
5341.722885107934,263.9591758632589,6.703807871148109e-11
5342.561554821613,264.0417059081522,2.2441431691833167e-13
5343.485479969844,264.13264058959106,-5.94138399558724e-12
5345.871000840309,264.36750134918486,-2.292861673137017e-13
5347.49092116282,264.5270464966849,1.3805949132370443e-12
5349.037447841886,264.67940824370555,-7.811818537172574e-11
5351.21486861119,264.8939995185339,3.3321026378644705e-13
5351.802667459174,264.95194380877757,-1.3487755180350549e-11
5353.175543563423,265.0873045779775,3.4477885121307944e-11
5353.856900093121,265.1544968336765,1.5956092174172153e-11
5353.914443246516,265.1601718671351,-1.3660411168824547e-10
5355.192969664955,265.2862787122905,-1.4164047253432802e-12
5355.692153955212,265.335523690629,-8.274172524985789e-11
5356.022640489357,265.36812900932114,-4.781594123133883e-12
5356.74247361118,265.4391536571281,6.307410752662289e-12
5356.972044956223,265.461807058955,-1.0081555421432856e-11
5357.309717260331,265.49512929868195,-1.0831518257764918e-11
5358.288351330628,265.59171490858944,-7.2665825040961695e-12
5358.391929006481,265.6019384677877,5.476141233360426e-15
5358.851987751091,265.6473506200252,-4.749243806949978e-12
5359.2564501971265,265.6872781119582,9.176228497578508e-12
5359.594046131161,265.7206070212202,4.511481029162266e-13
5360.061462382162,265.76675581102614,-8.544819237645949e-13
5361.712234674808,265.92977153132324,-9.92896739600612e-12
5363.337575323836,266.09032488988896,-1.6333719715373438e-11
5363.54124749984,266.1104473353044,-1.575778172620725e-11
5363.790877828641,266.13511140594943,-6.456094558352468e-13
5364.945719896504,266.2492274896148,-1.6028180003277934e-11
5366.452844223514,266.3981914070742,1.0723682706023115e-11
5367.346299224647,266.4865201050013,1.8434845376413704e-11
5369.649665956439,266.71430323682665,-9.229488345028217e-11
5370.338379986529,266.78243010243006,1.4309170800841856e-11
5370.448742586399,266.7933478666743,-4.0867377352197997e-11
5370.585548250097,266.8068818569616,-6.233546561962884e-12
5372.859962166224,267.0319369105644,-2.998699868273207e-11
5372.911264290044,267.03701439516493,1.0154873205420132e-11
5373.3006108741865,267.0755504674423,-1.5489092392653487e-12
5373.848959694707,267.1298287236629,1.214434832746805e-13
5376.466313508803,267.388983558509,9.436001709186825e-12
5377.009938622518,267.442825916577,2.57015147502519e-11
5380.490219919726,267.78765301585224,-3.1692820356957685e-11
5380.67415758514,267.8058838111786,8.142957474405105e-11
5380.688175963355,267.80727325408975,1.990454094257825e-11
5380.836614309861,267.82198606313807,4.423232026483095e-11
5380.844172239191,267.82273519559305,-2.2523838699762595e-11
5381.39535528092,267.87737060235753,-1.6025700453937748e-11
5381.466869128208,267.8844597431832,-2.4784986449088307e-11
5382.3265902323,267.96969094719526,-8.739497624702862e-11
5382.691602653037,268.00588173951337,-6.449881707019526e-11
5383.630319163431,268.0989662668592,3.3379996792966435e-11
5385.050899827677,268.2398640305342,1.4138180467499325e-12
5385.306542073507,268.2652233982403,4.623404453644101e-11
5386.177304280158,268.3516108743312,6.097133921171573e-12
5386.651858610911,268.39869683048994,-5.0667180261183624e-12
5387.355258961497,268.46849684591274,-6.016240534015941e-12
5387.363437156174,268.4693084403561,-5.378447990290279e-11
5387.903712833601,268.5229274938003,-2.011310472040744e-12
5388.277151554041,268.55999214334946,-1.1199475016129827e-12
5389.596912394443,268.69100201545325,2.511094030443085e-11
5389.7764698261435,268.7088287821336,2.6294790794404178e-11
5390.080685027,268.73903313928037,7.397698293251539e-13
5392.172726260943,268.94679003853804,-6.653426417104869e-11
5392.570174665963,268.9862690468436,-5.299631758111133e-11
5393.35247505385,269.0639843467075,7.292481474432518e-11
5393.71107470697,269.0996121283931,-9.944830317754243e-11
5393.779477537942,269.106408391515,3.63820157249191e-11
5394.330908681894,269.1611997858269,-4.295173146572791e-12
5394.723862489566,269.2002479462819,-2.204071522799761e-12
5394.894869566897,269.2172419560311,3.796752895315852e-11
5394.947517276678,269.22247398650114,3.1477149344437984e-12
5395.170150952967,269.2445994673825,3.060859844653133e-11
5395.693621709938,269.29662593203113,-2.9910107603336e-12
5395.736373479248,269.30087514766615,-5.396274879659803e-11
5396.065743528396,269.3336132693028,-7.543089424420622e-11
5396.738874163826,269.400526092128,-7.80223298757843e-13
5396.841478410115,269.4107262417774,1.8114108007214038e-11
5397.500590667172,269.4762548953621,4.460585376378362e-13
5397.590369382636,269.4851812754115,-1.2726748961067158e-12
5399.1724620179175,269.642507510694,1.07100221606168e-11
5399.275066264068,269.6527122599082,7.471129609690556e-11
5399.447695719908,269.6698819704327,3.3217288416985115e-11
5401.125407252316,269.8367756041907,1.0091152369059514e-10
5402.99814523406,270.0231311152948,1.3340328510541475e-11
5403.185136540609,270.04174210313715,6.605100175226903e-11
5403.186253018271,270.0418532265593,2.5578932713739665e-11
5405.074326276313,270.2298066877802,-3.344581186376784e-13
5407.401530909031,270.4615650448813,1.3327088587812867e-11
5407.46993373949,270.4683785582927,-1.9432867721789322e-11
5407.496033329771,270.4709783258919,-7.408840329343442e-12
5407.931414427859,270.51434827761545,-6.111786524815817e-12
5408.021193142814,270.5232919079547,6.73195456160994e-11
5408.0777438699,270.52892548871245,-9.392609308334303e-11
5409.008730701518,270.6216788206929,-1.593921116666545e-12
5409.3529874977885,270.65598084110707,-1.9796726276527114e-11
5411.76179264529,270.89605717705206,3.0476195557685604e-11
5412.024372551222,270.9222339660421,-2.0645533517623763e-11
5412.126108425143,270.9323764334647,5.616021619526555e-12
5412.185168899769,270.9382645023965,3.784520845580848e-11
5413.742555202284,271.0935522368909,7.165008725522069e-13
5415.956763426201,271.3144089163381,-5.856075701565539e-12
5416.313273169892,271.34997749918006,1.9124652768272736e-11
5416.840723308137,271.402604910406,7.0057490136348635e-12
5417.1547770724255,271.4339426981142,-6.449666444774489e-11
5420.784670486549,271.7962826924052,2.9832059538543943e-15
5421.244729215379,271.84222359629797,-2.8674942296592132e-11
5422.359281542364,271.95353759715863,5.549246687408583e-12
5422.394179592317,271.9570233494653,6.379006366502666e-11
5422.555939678336,271.973180865964,-1.3873021574306416e-12
5423.613521435272,272.07883001816543,1.6891600614499415e-11
5423.79138980407,272.0966005429835,-7.326995060577644e-12
5423.867226510004,272.1041774359061,-1.3119374932415764e-11
5424.274122319609,272.14483246092504,8.625720547246896e-11
5425.306892699692,272.2480354844543,-4.391281018293545e-12
5425.991656007725,272.31647357335754,-9.185550715396412e-13
5427.745900856752,272.49183949666724,4.823631317745743e-11
5427.870978466013,272.50434524714666,2.3849125188007103e-12
5428.329596239658,272.5502021184197,8.930177572268273e-11
5430.090330221392,272.72629267217184,3.778096774503438e-12
5432.973641977278,273.01477526968233,3.671204460622841e-11
5433.023579515626,273.0197729951939,-8.699767406313173e-12
5434.475746752969,273.1651253045698,-1.3067464137455777e-11
5434.840759163351,273.2016667351645,-1.0733008484271601e-11
5434.8743403127155,273.2050286708235,1.1536437491134562e-11
5434.880209182258,273.2056162276455,5.997154587545914e-13
5435.767098645464,273.2944136953296,1.0048866777343025e-12
5435.905249890843,273.3082470285805,-1.8690181037902627e-11
5436.481339658654,273.3659357253236,2.5676722633039484e-11
5436.532641780694,273.3710733332229,3.20571109304561e-11
5436.782224416103,273.39606826816254,1.8736063558092523e-11
5437.851982743893,273.50321428073715,-1.554111904457124e-11
5438.104170493624,273.52847624489044,-8.347334369636709e-11
5439.604042309904,273.6787444951579,6.559589015638954e-11
5440.994391214653,273.8180769411864,-2.913216804416512e-11
5443.346206755218,274.0538428782062,8.188999735033901e-12
5444.338362944959,274.1533355873047,1.7049100222906756e-12
5444.802973637138,274.1999326471748,9.155172450567178e-11
5444.83717505168,274.2033629564461,2.5165503104852077e-11
5445.369892783224,274.25679588407434,-1.6520555229234132e-11
5446.979898080053,274.41831523639354,-2.0714909735644785e-11
5447.182129293355,274.43860690203985,-1.1776425580535859e-11
5447.885529620891,274.5091912127244,-5.9450037786563394e-12
5448.528781683262,274.57374778684874,-2.6555643782406547e-12
5448.806477442106,274.6016196011154,8.187171275839825e-12
5448.809282979299,274.60190119498867,-1.9360721479681376e-11
5449.754689013628,274.69680056464665,1.0565212665044189e-11
5451.007860093932,274.82261860700305,-4.611569938744103e-11
5451.04238598414,274.8260854066565,-1.37756542690083e-11
5451.050611861969,274.8269113833963,5.4230162859508136e-11
5452.444443933182,274.9668868307516,-1.6242997371316889e-12
5454.62773344901,275.1862153953596,1.4511747925980886e-11
5455.149161967676,275.23860997132226,-5.0157306074080874e-11
5455.292657182621,275.2530296451539,-2.955485271169434e-13
5456.524156585714,275.3767972402099,-2.786395223431341e-13
5457.116602735939,275.43634894737835,-1.2006982259065497e-12
5457.221296883849,275.44687330220233,5.44138043784029e-11
5457.874587933449,275.51254979356213,5.604289200415672e-13
5460.267561528063,275.75318675262633,-4.8044021027091066e-12
5460.638318749822,275.7904794642954,3.100846259758628e-12
5461.675984551989,275.8948668097978,-9.53662048622396e-12
5462.6251408581675,275.99036762535803,-4.4999383189703863e-13
5462.785288250806,276.00648273680105,4.837442310497196e-11
5462.9579177007545,276.02385440619594,-1.817505881029216e-11
5463.030595705957,276.0311681445289,2.745088454754473e-13
5463.150300655691,276.04321451388876,-3.802698740015039e-11
5463.691568735611,276.0976876970829,7.640361931479225e-11
5464.6458972752425,276.1937444030197,-6.598317315957297e-11
5464.939720311479,276.22332215880317,3.844411892973789e-11
5465.1943701217415,276.2489578202104,-7.865929917105674e-12
5467.2627737458615,276.4572287968787,1.4930751603361305e-11
5467.275799698869,276.4585406513144,-7.123067768533469e-12
5467.339726927663,276.46497886038844,8.553311590405876e-12
5467.490531964523,276.48016696476424,8.085017847260097e-11
5470.547885379541,276.788174093589,1.3948383659105856e-11
5470.793908465898,276.81296669666534,6.928459175331148e-11
5472.5189523570225,276.9868366930465,8.721242481603144e-13
5475.065212030811,277.24357854213497,2.50342204463887e-12
5477.269428875477,277.4659283210048,6.683308401038917e-11
5477.863812184895,277.5259018976656,6.776919108915435e-11
5478.471994451673,277.58727453235576,7.321530769015815e-11
5478.860968854465,277.6265301271026,-1.4010909331419727e-13
5479.175022608386,277.6582267061026,-5.4538776468715513e-11
5479.444540168469,277.6854298185483,6.773655613833273e-12
5482.645312407565,278.00859443928056,-6.522736357472805e-11
5482.653815077597,278.0094531591047,2.0309728473515283e-11
5482.803446263225,278.02456524953493,4.925582032134234e-11
5482.813838415483,278.02561482643887,6.47147876576299e-13
5483.5499038233975,278.0999603347299,3.669420106790065e-14
5485.497008786631,278.296673731519,3.8576438073048924e-11
5485.65091514876,278.312225662623,-4.669390122189504e-12
5485.731475557773,278.32036630534043,-9.617042479535279e-12
5485.9044007952125,278.3378408330453,-3.490313352235357e-11
5486.005688136294,278.3480764279773,-2.2376374590612053e-12
5486.523165945407,278.4003731107898,1.911427369362687e-11
5487.191820948887,278.46795517538885,1.0701376087602222e-11
5487.928630673529,278.5424352879839,-2.431377104179535e-11
5489.25796290775,278.67683559549823,-3.769205832524995e-11
5490.748434955888,278.8275664318899,2.176143085428557e-11
5490.805978105031,278.83338656776306,-9.063369924493093e-12
5491.458849300483,278.89942474844844,4.0347746669651985e-12
5492.33027940645,278.9875824840236,1.333914015425319e-12
5492.470072023792,279.0017258273641,-5.566270415620176e-12
5492.949817559187,279.0502662198035,3.5289410719795234e-11
5495.4023001106825,279.2984733047306,-2.2810515110454623e-11
5497.054732656413,279.4657726328628,-4.285685871966109e-12
5497.272948093592,279.48786945537665,3.267028888765144e-13
5497.329966344064,279.4936433534936,1.6405094495144818e-11
5497.332800567386,279.4939303599459,-6.528967695154642e-11
5497.787591676351,279.53998651036704,1.7927165926282845e-11
5499.288579923131,279.69201682869095,-2.7838378297788153e-11
5500.009729889746,279.7650745712084,-4.6894241816371874e-11
5502.014005825945,279.96817262878756,-8.630115656960973e-12
5503.114262935746,280.0796957646001,-3.589118642991691e-11
5505.711824689173,280.3430756304462,-1.4088519782856603e-12
5506.0790987272885,280.38032542373486,-1.9208829645236398e-11
5506.553328551959,280.4284265989766,-2.1051216607808946e-11
5507.440695196798,280.5184434085875,3.0505294904039456e-12
5508.084891980211,280.58380151417316,4.7936640907165524e-11
5508.408316770757,280.6166180214699,-5.4672437110982934e-11
5510.081734032316,280.7864431720592,1.6292121902190327e-12
5510.284957663473,280.80707064055434,2.455637782540127e-11
5511.030813944915,280.8827825635978,1.0927265918466083e-12
5513.0801509612065,281.0908636662918,-3.540196575833512e-11
5514.180112275177,281.2025810395864,-9.576349760050296e-11
5514.248515101777,281.2095290964695,4.450321855586888e-11
5514.295169885864,281.2142681327304,2.1773649516834957e-11
5514.735818560569,281.2590297227653,-1.316347636159142e-12
5516.275483806864,281.4154587398628,-7.177708573473104e-11
5516.381666588345,281.4262484530382,6.599643955276752e-12
5516.424418354921,281.4305927122455,7.571388807328838e-11
5516.681931067867,281.456760810314,-1.1723499095956124e-13
5518.430011174479,281.63443066765075,-2.0531581412163792e-11
5519.2442225957975,281.71720400049657,-4.1576880654938376e-12
5519.881834873835,281.7820326603701,-1.476888315393909e-11
5520.825942970052,281.87803776322414,-2.3356864401764056e-11
5521.104010877622,281.9063172508598,9.669785743286521e-11
5524.148538677733,282.21603869423615,-1.6966457629016019e-12
5524.239309811714,282.22527551151524,-5.787276018692554e-12
5525.571104085143,282.36081556412853,-4.125756027424531e-11
5526.007525264101,282.40523835258887,-1.4643545326555427e-11
5526.666141263916,282.47228472799395,1.3196063830195922e-12
5526.6680020599,282.47247416627266,2.1737670055720427e-11
5526.840631504127,282.4900489790478,-3.229858666784962e-11
5527.158464214642,282.52240787505974,8.108663015059499e-13
5527.275812152149,282.53435566732236,2.8873804901033445e-11
5527.7257078121565,282.58016419045543,-2.6620920753682452e-12
5528.992696796035,282.7091894578738,3.11819046718467e-11
5530.753306631978,282.8885322624275,-1.1196742357113153e-10
5531.908520756361,283.00623804713155,5.245649887902133e-11
5533.042358996959,283.1217897288644,-1.1273203158492351e-10
5533.26991678517,283.1449834432684,-1.4296859993058309e-11
5536.401665844383,283.4642823062223,1.5498367142511237e-12
5536.478619023436,283.4721303759049,8.528946747564877e-12
5536.700384311655,283.4947477181508,-1.8542557677075224e-11
5537.181475422647,283.54381623132684,3.461685740322689e-11
5537.284079661343,283.55428182234476,-7.978187811219115e-11
5538.129190738403,283.64049018858344,-4.892064548601977e-13
5538.8118641012,283.7101381616939,8.699036282490321e-13
5538.9518284517035,283.7244187207604,-3.220868189789565e-12
5539.34097457888,283.7641251864851,-2.7615316744920416e-11
5540.442796674096,283.8765645664734,-1.7924091923366493e-11
5541.253706336976,283.95933103162406,-7.632618504153151e-14
5542.066600848556,284.04231224021146,-1.7482278660967616e-11
5542.587981660186,284.09554180166054,-1.286187121813367e-12
5546.308445546629,284.47552211839974,1.1093110165040628e-11
5546.687629052037,284.51426339937217,2.550849458571911e-13
5547.4849114918,284.59573060025866,7.274879327972947e-12
5547.899040728081,284.6380514039883,8.843210270837394e-12
5548.112503767972,284.6598669089386,-3.395286788452821e-11
5548.27265115355,284.6762342094314,-1.5400342354174951e-12
5548.530411968454,284.7025787394181,8.154863840939662e-11
5549.007227899981,284.7513150965942,-2.1107304767711732e-11
5549.66820090034,284.8188814609286,2.8536380556897102e-11
5549.787113842912,284.83103790267427,-6.202572462391155e-11
5552.646062573995,285.12338596201454,-2.2776795726632217e-11
5553.325109706734,285.19284554020464,-8.207443211896997e-12
5554.778918229423,285.3415838454757,-2.0765672114084662e-11
5555.171347105556,285.3817396888327,1.0344479109718798e-11
5557.018777349873,285.57081873056086,-2.577815484356262e-12
5559.379066732773,285.81247886579894,5.822374642144672e-11
5559.633716530678,285.8385575241853,5.2977097163182725e-12
5559.963086551548,285.8722900442491,-4.3578060409033056e-13
5560.038178933735,285.8799809306844,4.018521563576943e-12
5561.054297063557,285.98406094237384,-1.0376456962381394e-11
5562.3591423498265,286.11774289504376,5.351382346860602e-12
5564.023112154842,286.2882628061366,-6.674486301391675e-11
5564.091514979714,286.2952736663496,-1.3132159036697288e-11
5564.246022603759,286.3111100452507,5.938563751562298e-11
5565.838927095665,286.4744016646511,-2.020822532050082e-11
5565.974291791957,286.4882803076304,5.48508655617813e-11
5566.981859565668,286.5915946098991,3.9073849433264774e-14
5566.9969754228505,286.59314470681227,-6.378154620940833e-11
5569.360146700627,286.8355343330836,9.539172761858974e-12
5571.187718372101,287.0230582416876,-9.995803634037433e-11
5571.367275786747,287.0414856309423,6.953420172518761e-12
5571.729482634305,287.0786595405091,-8.05829433285707e-12
5573.76353199409,287.2874624046997,-1.726988067952896e-11
5573.967251830954,287.30837921567763,7.753665521972744e-11
5574.931571623092,287.40740054101326,3.055405507621526e-11
5576.6719220133045,287.58615204074766,-7.500041668377048e-11
5577.21219763728,287.64165513326753,-2.7248498938284474e-13
5577.353278462654,287.6561494026597,9.469989988225803e-12
5577.690330462229,287.6907787144323,5.2397470901957754e-11
5578.2957261583,287.7529833817769,1.4354777024021308e-12
5578.9606498497515,287.82131235582693,-7.954042670394671e-12
5583.019558937105,288.2385910898671,-1.026678886668135e-10
5583.473328915649,288.2852600617217,7.194731216239062e-11
5583.9294655912445,288.332176264418,-4.637356047291799e-11
5584.238900678891,288.3640055719618,4.347988899332422e-11
5585.276022519844,288.47069951685324,-3.907283648331174e-12
5585.359216725286,288.4792589820248,-4.493995874940235e-11
5585.442754403709,288.48785391382035,-5.436518521268637e-12
5586.001495315055,288.54534433289064,1.9696912269607765e-12
5586.817300401286,288.6292951338416,-2.644437294219715e-12
5586.932730166954,288.64117447747964,1.0741565074721873e-11
5587.324042559251,288.68144784342905,6.1864242262571e-14
5587.43358445858,288.69272225953165,1.214836362779815e-11
5587.467785870619,288.69624242773256,-1.213517658968353e-11
5587.985215969678,288.74950136603115,-3.0589851074674504e-11
5588.027767312023,288.7538813835014,1.2215846835903549e-11
5588.031250486725,288.7542399251608,-3.0150752915476276e-12
5588.218489881448,288.7735137987544,-1.0994592298499905e-11
5588.236458958893,288.77536351679515,-4.102677101042573e-12
5589.058877231673,288.86002875946144,7.188712245912627e-13
5589.912681690156,288.94793828772833,-5.682544842985599e-12
5591.09583716683,289.06978069664734,1.5010642092467006e-11
5591.288220109198,289.08959490140717,-1.2957714284312563e-11
5591.96139835982,289.15893329485334,7.394453800774059e-13
5592.26474515725,289.1901812091028,-6.414871502746866e-12
5592.980102590605,289.2638772690726,1.2822476826437948e-11
5593.817035450367,289.3501099845268,1.45337305725778e-13
5594.382608966759,289.40839071042734,-3.231845109864368e-12
5595.19451103232,289.49206518620394,7.068628575828962e-12
5595.951875911147,289.5701300162256,-3.414332514350835e-11
5596.881994280933,289.6660157419388,-5.8053981356727914e-11
5597.176313509645,289.6963603743907,6.513679848619794e-12
5597.802216710884,289.7608969797756,1.3006617034336683e-10
5597.9323138040645,289.77431214003326,-3.8796596802041295e-12
5598.3046836896265,289.8127113522104,3.2299748053392188e-12
5599.684373226412,289.9550087930359,2.74919430366063e-12
5600.342511986955,290.0228997943674,6.632460335774539e-12
5600.656871200086,290.0553306678792,-7.202803791004539e-13
5601.07027510429,290.0979822596362,4.249781647183236e-11
5601.8518787726825,290.1786302569472,-6.2433871235180555e-12
5601.868655002828,290.18036139747045,-2.6990319268917518e-11
5602.37609379198,290.2327264965044,3.154508235022864e-11
5603.88120439696,290.3880741456637,-9.182622627396905e-12
5604.018935787838,290.40229196089706,-9.388287561478352e-13
5604.963244267021,290.4997809906379,-5.394387547161036e-12
5606.966546670247,290.7066533947869,1.390342501816576e-11
5607.792390737737,290.79195627127007,-3.1438566867330465e-12
5608.802916766883,290.8963523618394,-7.509362642718797e-11
5608.981682176409,290.91482233501534,-6.228352758582428e-11
5609.446168776517,290.9628156633046,6.153242830887912e-12
5610.19784620651,291.0404915586248,-1.3957086819847046e-13
5610.808881653027,291.1036416389692,-2.893707951438164e-12
5611.199172930059,291.1439815653278,-3.2610581254992826e-11
5611.620411552883,291.18752331188875,-4.753827767852212e-11
5612.076071007163,291.23462668185874,2.3884549620035374e-12
5612.889938917435,291.318769032361,-3.750934476345109e-11
5614.042318771463,291.43792956601186,2.8826195679251522e-11
5614.123547123998,291.4463298147212,-7.990848507531517e-12
5616.73224520293,291.7161735557866,-6.902537267349187e-13
5617.801831696071,291.82684782318887,-7.986323914235751e-11
5618.327115505403,291.8812086945466,-3.4772522318672444e-11
5620.3584069651215,292.0914719778397,-1.996606513789321e-11
5620.467080491263,292.10272314674353,8.93186530868944e-12
5621.423842333009,292.20178783867226,-1.1333906860367502e-11
5621.760913322532,292.2366927390926,7.927149658616286e-12
5622.026451476386,292.26419163363147,3.1986297543855665e-11
5623.175901735303,292.383242658179,2.7935266551058128e-11
5625.841121837356,292.65937885192625,4.470225116714425e-11
5627.047638024356,292.7844257314518,1.1397760427753884e-11
5627.162075363277,292.79628774549917,1.7051031772562575e-13
5631.007893483044,293.1950666926492,-4.7181910945675544e-11
5631.04994861226,293.1994289612713,-1.097455880348792e-10
5631.237063949994,293.2188383410891,-2.6857002685206023e-11
5631.252179806701,293.2204063294534,2.964219271373382e-11
5631.88541181703,293.28609612802967,-9.94850715716358e-12
5632.462971166962,293.3460170342404,-1.989116090566694e-11
5632.935731322287,293.3950697564122,-1.0975883340780247e-11
5633.7497232774,293.4795377080255,1.6115846858479444e-13
5633.87797856965,293.49284787376854,-6.145148008174724e-12
5634.221491007959,293.52849863596055,1.08843151888491e-12
5635.055265152058,293.6150392849765,1.3574852170020054e-12
5635.622480033074,293.6739200343536,1.1972432512950516e-11
5635.982596964475,293.7113056885715,1.839864755190285e-11
5636.952308381322,293.81198846612995,9.357468627848e-13
5637.602793834775,293.87953649534745,8.046647186007441e-12
5638.11495632034,293.9327262075826,1.1091626905051642e-12
5638.541958750784,293.9770754692994,1.0029369248560413e-11
5639.0818811965,294.0331576209201,1.606092212983516e-12
5640.688460533427,294.2000659903462,7.819924475799004e-13
5641.573040579411,294.2919857711707,9.311436576846804e-11
5642.038147437495,294.34032241983823,1.8684886466479285e-11
5643.029606892646,294.4433740365939,6.200049523925767e-13
5643.198829521969,294.46096472982845,-1.4058752627643769e-12
5643.27918950195,294.4693183349093,5.2278126961622785e-11
5643.3005653838945,294.4715404271205,2.312410621444227e-11
5644.146716524717,294.5595073416685,-4.9110419424303105e-11
5644.5698923063455,294.6035061643438,-2.7766222454287403e-11
5645.4860876447665,294.6987769733488,-8.011293113144808e-12
5645.600524982674,294.7106778557949,3.5805663351555798e-12
5646.090118737206,294.7615957600984,1.3539555646993571e-11
5646.237440585933,294.7769181428759,-3.288002534531515e-11
5646.529774958676,294.8073239081624,5.6175140003318816e-11
5647.963848909036,294.95650507221967,2.8235945475838367e-11
5648.109204905929,294.9716280086431,7.788008082135728e-13
5649.0073071128245,295.06507580219125,8.452430466295176e-11
5649.591002430265,295.1258174344406,2.1596429380512774e-11
5649.87737256678,295.1556205328996,-2.1292589795177786e-12
5649.986914462785,295.16702117103966,-1.1057689535942081e-11
5650.984462202983,295.2708517185469,-1.329837731174322e-11
5651.824105209287,295.35826083434887,8.842262080686734e-12
5652.286454211614,295.4063981647284,1.401242172608272e-12
5652.49166267739,295.4277646454917,7.306860177167449e-13
5653.40045282333,295.5223979763193,-1.5457822072970729e-12
5655.45647925217,295.7365504438378,-2.8533835302862105e-12
5655.72353472462,295.7643722343368,3.693438955184572e-12
5659.755294277055,296.18455984214876,6.164709199194234e-12
5661.768568936174,296.3944942350199,-1.0501403222650725e-10
5662.009648873977,296.4196378724567,-2.6268375495588453e-12
5662.095152400991,296.4285557928183,-2.5448655147957498e-12
5663.932018661173,296.62017137201025,4.2418158902842794e-11
5664.297031029343,296.65825561102224,2.5803546981011642e-11
5664.596474799008,296.6895004618678,3.045772094410617e-11
5665.284568459583,296.76130445336,-1.7722832293304565e-13
5666.34110028992,296.87157270411956,-2.3679041927530395e-11
5667.156657238373,296.9567049195317,-6.526380588993715e-12
5667.310563586619,296.97277186518227,1.478389060319107e-11
5667.391419777907,296.98121296558725,-5.9455756268330045e-12
5670.137228911468,297.26793721388213,3.49060048888962e-11
5670.196136639122,297.2740900276732,3.771697143266324e-12
5670.288205669563,297.2837066121947,5.009881011098017e-11
5674.080555319937,297.67995215246424,-2.480280321782725e-13
5675.400039176014,297.81788120331163,-8.515584717141257e-12
5675.622825559834,297.84117280329343,-1.4130439583841878e-12
5675.936335387431,297.873950796142,1.5847681066195e-11
5676.2324964035815,297.9049166038769,-3.7662256253769524e-11
5676.500296191748,297.9329184281105,1.4922545155285347e-11
5677.1431760213545,298.0001449638827,-5.65217518979063e-12
5677.14514187303,298.0003505464783,1.7432281319568906e-11
5677.273397162633,298.0137632357818,-4.2310710241008044e-12
5678.542924487311,298.14654428380413,8.760714632312777e-11
5678.645528718925,298.15727705286383,-7.559475429516918e-11
5678.670015615892,298.1598384984004,7.092816379543285e-12
5678.974154402443,298.19165377821514,-1.6635295830020493e-11
5680.25235613179,298.3253822373582,3.189800640939053e-12
5680.5969850400315,298.3614432721472,-4.157170492028363e-12
5683.4804681697615,298.6632488624708,5.7663663442053965e-11
5683.665722706993,298.682644139132,-4.312210284775579e-13
5683.781152467282,298.6947294105095,6.7032110166436105e-12
5686.68611653004,298.99895431015324,-1.5284874932224828e-11
5686.797271113865,299.0105981588805,6.834738317207101e-11
5687.187934535904,299.05152338512966,3.02667067401355e-11
5689.827904344427,299.32815575857467,2.1769126869636576e-12
5690.132367605129,299.3600675599483,-4.554169727912878e-12
5692.5347596474585,299.6119301100518,2.9883364924422525e-12
5693.028132355205,299.66366759443,9.435933365073733e-13
5693.731532596559,299.73743735048544,-3.9364361806685e-11
5694.110716074859,299.7772083520902,9.838394595588096e-11
5695.87987612179,299.96280330786607,7.293592767782392e-12
5695.965379647444,299.9717745748166,1.0079002931354319e-10
5696.142455990197,299.990354343852,8.77927417146004e-14
5696.981001498364,300.07834673516595,5.070133630971841e-12
5698.041312277047,300.18962850812034,-2.0895274155428994e-11
5698.8447116332445,300.27396069538776,-4.5328644237344403e-13
5698.988407253507,300.28904556307924,-6.869874751986292e-12
5699.390207142808,300.3312276994528,2.207175787196038e-13
5700.28798485227,300.4254897948951,1.1492347211493608e-11
5701.169282121545,300.5180359687365,-1.4394097613043126e-11
5701.494128837554,300.55215215410976,-8.142943013849984e-12
5701.660860712137,300.56966349249234,5.267410586117325e-13
5702.388623794309,300.6461042169124,-4.9366207376666774e-11
5702.691970575732,300.67796918075,-4.49999684366884e-11
5703.036399057684,300.71415161337677,-5.794882523318012e-11
5703.453686961587,300.7579909024971,9.618652925109437e-12
5704.728281448766,300.8919166736186,7.1956466780707295e-12
5705.828242659894,301.0075172174607,-4.3274404807802755e-11
5706.235682307785,301.05034278859773,-2.4091328085731362e-11
5706.310202102834,301.0581758200152,1.4084871198557428e-13
5706.886788005256,301.11878620085366,1.4913713645672703e-12
5708.588537646011,301.297708861343,8.825405233254789e-12
5708.866605528182,301.32695010389824,-1.1493550876086784e-10
5708.909357290751,301.3314459477772,2.1041458421358577e-11
5709.190030287032,301.36096280604255,6.098551268596838e-11
5710.4124829706,301.4895384552328,9.982739309766388e-11
5711.159455656756,301.5681174160682,2.5873410816290646e-12
5714.961825226736,301.96827295726627,6.146796683942947e-11
5714.987104125041,301.97093416093014,-3.565648515006104e-11
5715.441895185629,302.0188137186421,2.2092278871160026e-13
5716.914149886248,302.1738360882818,3.44781645256736e-13
5717.316493667863,302.2162081817683,-6.674589014680026e-11
5718.6762481986725,302.3594302911252,-1.199664793089215e-13
5718.946385992348,302.3878877942439,2.00421606616754e-11
5720.7237242122455,302.57515393514245,1.1909814461531368e-11
5721.03054447661,302.60748740669953,-9.305756120767947e-12
5722.125581551763,302.72289923656996,1.0032500438050262e-11
5722.539911175922,302.76657341756754,-6.105439731824729e-12
5722.845118750335,302.7987471462127,3.858617865369971e-11
5722.964823684754,302.8113664171049,-4.4176291494936354e-11
5725.0210217832255,303.0281716283857,6.455529424132013e-12
5725.741055193053,303.10411025166525,-7.544832674564365e-11
5726.408393218187,303.17449986161785,7.192810905382157e-11
5727.344971978176,303.27330233386647,5.5690282652889565e-12
5728.649445001423,303.4109419889313,-3.850804872288932e-11
5729.144554443685,303.46319097880337,-2.303309697860703e-11
5729.3284920768365,303.4826031012182,6.023627148946888e-11
5729.820318767155,303.53451179882643,3.980982226590223e-11
5730.284757657326,303.5835340056904,-5.714879604467413e-13
5730.666870719078,303.6238695798209,3.5709268960465208e-12
5731.274127166847,303.68797665798974,-2.6717063966342595e-12
5732.648673069208,303.8331103289586,2.8308755803654667e-12
5733.59656003231,303.9332147956289,5.876157391316495e-11
5735.458409339952,304.1298891992312,1.860864557580965e-11
5736.369957304112,304.22620285025425,-9.499485012776096e-11
5736.896958829664,304.28189252092534,-5.985513206391253e-12
5738.335756424536,304.43396018854986,1.152696043728047e-13
5740.410124007393,304.65326887736273,1.3420714471621838e-12
5741.224507077952,304.73938969404844,1.99937492521315e-11
5741.772836799872,304.79738231428877,4.2892846919152445e-12
5741.890203722482,304.80979603122535,9.805722515254497e-12
5741.926743142795,304.81366080070046,1.0350898000553121e-12
5742.095269129419,304.831486089491,-1.799810518213645e-11
5743.265742042615,304.9553034947036,3.346536913369689e-11
5743.670204410243,304.99809504286554,2.2871387746394635e-11
5743.9499326610585,305.02769166009995,1.3890067435389846e-12
5745.778945134027,305.2212456498851,-7.32821742223595e-12
5746.065811469935,305.2516086734604,1.2066780799567848e-11
5750.568823348853,305.72842322658374,-2.716232809084123e-11
5750.748705223942,305.7474783023376,-6.4025994165080514e-12
5752.29634806568,305.91144635698004,-3.832709517201715e-12
5752.878774138389,305.97316405537583,1.8928025451248847e-13
5754.858343513581,306.182978961391,-1.7695057758583682e-11
5755.048741592258,306.20316309253764,1.0064660553910224e-10
5755.282759803948,306.2279723158288,7.648637076078912e-11
5755.420863344183,306.2426137076696,5.140314302053466e-13
5756.130953121955,306.3179011967976,-1.9675821136263175e-12
5757.732083345374,306.48769560924524,2.2720218697582946e-11
5757.800486163958,306.4949505472477,2.875466438301507e-12
5758.90768080058,306.6123937849156,1.079865524040673e-12
5760.161920485287,306.74546178210966,8.581523716061064e-12
5760.581813492382,306.7900166169694,-7.430171403630975e-12
5760.620290077786,306.794099528774,2.5183345369360402e-11
5760.880064401644,306.82166598507604,2.3518797242760653e-11
5761.037950129863,306.8384209427558,-1.0916923861578103e-12
5762.477243921217,306.99118110494516,-1.6070622256490813e-11
5762.734727917532,307.01851332085425,-4.441106106894207e-11
5762.837332145176,307.0294052153513,-1.638949198240536e-11
5763.115524073522,307.05893749986984,2.7419341828368067e-12
5763.939154122904,307.14638073490454,1.1787664156584232e-13
5764.2398384093185,307.1783069270941,-6.511224534756421e-13
5764.66666907827,307.2236300070034,-4.185500767161303e-12
5766.591405471381,307.4280501228398,6.686504297291277e-11
5766.659808289693,307.4353162237937,3.581568397618364e-11
5769.804802371131,307.76948683321285,-2.4130624058636113e-11
5770.141854340124,307.8053110207612,-2.2871524151600045e-11
5770.455936735946,307.8386957286447,-1.0647837478529418e-11
5771.943125830052,307.9967979447303,6.886944588454016e-11
5773.215859481706,308.13213387890937,-4.530606635707854e-11
5774.465451823076,308.2650381153525,1.3179375280471454e-11
5774.646354806839,308.28428099199664,-3.69231935702603e-11
5774.667683004057,308.2865497387369,-4.6394162732314266e-11
5774.748959033935,308.29519539988326,-8.648940712229619e-11
5775.637442042008,308.3897148790078,-1.0251918877285801e-11
5775.925501221146,308.420362597345,-3.49027057098548e-12
5775.973396529893,308.42545851071606,-8.546190155774389e-13
5776.4966954517295,308.4811386576725,2.941673106826873e-11
5778.472037313229,308.6913648005064,-3.3632322644170715e-11
5780.359785745995,308.8923359624053,-5.5209477872658865e-11
5781.385570599772,309.00156933988484,2.6228436416249218e-12
5781.461407292407,309.00964577749835,-1.842194645651542e-12
5781.914337543537,309.05788403884645,1.1117764913772275e-12
5782.004116241957,309.0674461547901,1.6033181210542566e-12
5782.28856819284,309.09774343695,1.7880166743525914e-11
5783.442665701504,309.22068289079164,2.4852381553693303e-11
5784.985059917263,309.38502369412157,3.6852281681675535e-11
5786.096405663472,309.50346380977265,1.8440811880761905e-11
5788.0794484946155,309.7148603382608,-8.842767436887442e-12
5788.741270794383,309.7854281067377,-5.18500697108057e-11
5792.069925680517,310.1404731315385,1.4453852760849981e-11
5792.450597778472,310.18108984591294,-2.406227993212554e-11
5792.468519170777,310.18300207725787,9.16176511135673e-12
5793.873287057479,310.3329106906247,6.81282661435596e-11
5794.203153254226,310.36811735211603,1.3673214889877713e-11
5794.430663330832,310.39240069972686,7.866450787814805e-12
5794.432027914382,310.39254635178594,-2.4683377988742463e-11
5794.5495762596665,310.40509328174124,6.3457878810363935e-12
5795.192255631985,310.47369639153175,-3.4668496585133134e-11
5795.36326267558,310.4919518998598,-1.3460896094008297e-10
5795.634221147834,310.5208786221737,6.466458043342422e-11
5795.657438826799,310.5233573355792,-8.848751803276131e-13
5796.53873605799,310.6174517421908,-4.5993315928548496e-11
5796.666991340611,310.63114650405413,5.1413088792784115e-11
5798.3432139088345,310.81015700126,7.121134146073686e-11
5798.5201661903175,310.82905746183377,5.913737495968146e-11
5800.391930379425,311.02901789605176,-9.266427193288019e-12
5800.557994297873,311.04676160943046,4.1964203067746906e-12
5800.940384139863,311.08762139758477,3.1193097934281593e-12
5802.813140751369,311.28777136068624,4.050015309392892e-11
5802.859871898677,311.29276655576933,-1.3519581137586823e-11
5802.963449551656,311.30383834222397,2.836251456157664e-14
5803.96477618579,311.4108839240328,-1.0427064614527684e-11
5805.606845023485,311.5864672351044,-8.162673579400402e-11
5806.403459417352,311.6716655964532,1.8562825937123324e-11
5806.773023730155,311.71119467881823,1.3831138438908056e-11
5807.888787692007,311.83055351590485,1.0908478252258564e-10
5807.984187151771,311.8407599362272,1.1386458505148868e-12
5808.773043194398,311.92516302692945,-8.31152207107019e-11
5809.04288518761,311.9540372101164,3.541337238911453e-11
5809.666870159161,312.02081125932256,-2.784140738489994e-11
5809.720634335668,312.02656502158965,7.841472524183331e-13
5809.763386096294,312.0311402894795,6.94748766290169e-11
5809.801194732186,312.0351865751659,-4.8015317252491835e-12
5811.48156841373,312.21504700180907,-6.657672809472787e-12
5812.311735262563,312.3039239114682,1.1507275318745499e-10
5813.409033933943,312.4214191916105,9.229448843118413e-12
5814.82402222183,312.5729644151296,1.2623510164375641e-11
5816.2229212262555,312.72282273171066,3.939747238453169e-11
5816.932591142275,312.79886054328335,-3.769591849123028e-11
5816.983893254864,312.8043576842161,-3.3157651993544806e-12
5818.186086476398,312.93318936929506,6.3226634258073776e-12
5818.250214117099,312.94006228375497,-1.626326136580186e-11
5818.523682333798,312.9693722376061,-1.0718572773693e-12
5818.973997774534,313.017639439841,1.4382439278066116e-11
5819.193701814864,313.0411898423644,-6.798205695102367e-12
5819.202204483529,313.0421012739235,1.0317966544787709e-11
5820.293338493635,313.1590748941432,-5.233029456597193e-13
5820.506601083575,313.1819399983298,-2.993108868816694e-11
5821.958424575606,313.3376205785235,-1.0520734312836688e-11
5822.045397735754,313.34694803582624,7.506783916003906e-12
5822.436356923448,313.3888782681237,-1.619467909440835e-12
5822.635009558974,313.4101847706396,-6.761513064274126e-12
5823.058185306099,313.455574939052,2.183273569177696e-14
5823.256809255372,313.47688063990773,1.1729050289477468e-11
5824.689241714258,313.6305542111643,-1.962992101907001e-12
5825.162774832451,313.68136388968196,8.64995885032525e-12
5826.252744678861,313.7983323717921,3.641578476724903e-11
5826.632567396994,313.8390976198693,-3.93129986221984e-12
5827.829340273812,313.9675610886555,-1.2713743593026174e-11
5827.8368982014845,313.9683724522448,7.0360838009327885e-12
5828.1943526148325,314.00674733367975,-8.102085128013812e-11
5829.378376332381,314.13387621212763,2.573792999887575e-11
5830.101616090691,314.2115433236672,-3.65852936809031e-11
5830.191442470633,314.22119025180604,-9.93395409130418e-11
5831.732052228618,314.38666758464325,-4.914777984651428e-12
5831.7895953684365,314.3928491566862,1.1312476075128512e-10
5834.419497330263,314.6754314823516,1.058435140859034e-11
5835.456122838958,314.7868516477487,-3.433476911151409e-11
5835.592603995709,314.80152259842487,-2.1367590430646242e-12
5837.417665694086,314.997739357658,1.0859857885349329e-12
5839.295375089409,315.19968043401775,-1.1415444970589606e-11
5839.680742198074,315.24113335083825,-1.8167306511313814e-11
5840.228594681101,315.30006909695874,-1.4714790773513158e-12
5840.892230078043,315.37146770392513,-5.069783755086955e-12
5841.366259405097,315.4224721109438,1.3754479205697542e-10
5842.354741497233,315.52884370404615,-5.976692310162126e-11
5843.63537651008,315.6666809433251,5.48272197330867e-12
5844.117335923336,315.71856299731644,-4.278592492304601e-12
5844.1763200159885,315.72491282145353,1.8663913942890934e-12
5844.206942882836,315.7282094952014,-6.6952606507692e-11
5844.7179124732,315.78321995832266,4.945475650645716e-12
5845.510423413981,315.868550389562,1.881526141453071e-11
5846.104959358635,315.9325722538571,1.0837850363303874e-10
5846.267788205581,315.95010741169943,8.93626161307869e-12
5847.138550216576,316.0438887001376,8.695794486372802e-12
5847.287017215483,316.05988002713144,1.7214396530327997e-12
5847.384153416273,316.0703427520735,-3.3360812394569995e-13
5847.51240869605,316.0841576384517,-2.012680842104986e-11
5848.526541841512,316.1934046242147,-1.851692618199411e-11
5850.357739501395,316.39071746526537,-4.663229305126559e-12
5851.841579111124,316.5506475366197,-3.62000757763222e-11
5852.794609571501,316.6533877304767,-2.5585958176917808e-11
5853.860044826432,316.7682653824463,3.653566554767915e-11
5854.031051865659,316.78670569772055,-4.4869983918185834e-11
5854.197115780234,316.8046134933134,-2.6543190790061086e-12
5857.282457700005,317.137419185085,4.4738146997580765e-12
5857.3743263000315,317.1473314373781,-2.43431449087261e-12
5858.804773889072,317.30169103295196,-2.9491589598081513e-12
5860.922188910854,317.5302504732052,-9.156610191038521e-12
5861.124420084192,317.5520841675157,-3.138906896511691e-11
5861.402612000555,317.58212012141854,1.737046089780927e-12
5861.843136550553,317.62968579653614,-1.2697221815616809e-11
5864.044518768855,317.8674337915381,-1.668160649323242e-11
5865.078729884079,317.97915880892657,-2.878272949619777e-11
5865.116538519066,317.9832436194845,3.6296535177221875e-12
5865.540954788899,318.0290989743505,-5.25173878458295e-11
5867.963634731805,318.29091695651266,9.145702414814775e-14
5868.185819828411,318.314933817044,-7.72531593772715e-11
5868.286887731346,318.32585894489,-1.296061202305575e-10
5868.538130688276,318.35301834705126,-5.213416926081382e-12
5869.633167691989,318.47140559315494,4.8011390221960295e-12
5869.8238902368,318.4920273529801,-8.637815371194722e-12
5870.2131126738095,318.5341138726413,-6.427232452772936e-11
5871.5029469747005,318.67360326296176,5.8041205089074225e-11
5872.145702695193,318.7431256507753,2.141568397800657e-11
5872.239756566036,318.75329943800153,-7.699853444372097e-11
5872.893620068755,318.82403221835733,4.780830921937843e-11
5874.5848820670635,319.00702385002205,-9.425650687386838e-12
5874.788057980167,319.0290106785447,-6.951786962718666e-11
5875.82194461495,319.14090524905816,7.450703371225689e-11
5877.84364537776,319.35976499219805,-7.680721044052599e-13
5878.614980850311,319.4432859573298,-8.88146092328935e-12
5879.004499075381,319.48546753929054,1.1345454977928893e-12
5879.451713178272,319.5339005511335,3.106055178484476e-12
5880.897591395614,319.6905134817265,-2.6473741143234367e-11
5881.213811364257,319.7247705552464,-3.8559697495484794e-13
5881.288903735335,319.7329058114423,-1.3183982915065618e-11
5881.32380177763,319.7366865839163,4.3952504135304284e-11
5881.832481032687,319.7917982542174,-5.884052274320133e-13
5883.165267509162,319.9362185086613,-1.5715415238876928e-11
5883.20374409251,319.940388303092,-5.432350087805453e-11
5883.251639399025,319.9455788639734,9.290984950267332e-12
5883.525355714175,319.9752431491485,3.6162628098646587e-11
5883.678470045842,319.99183767313576,8.649066351521224e-11
5883.830563266941,320.00832195675224,1.0671305102152595e-10
5884.262165301757,320.0551024983359,-6.432119419835842e-11
5885.45091269555,320.18396635758495,1.189354978195705e-14
5885.555606822242,320.19531676887686,-4.1073403670389e-12
5886.522732013356,320.3001771710939,-4.3337308829036385e-11
5888.533468034938,320.51824606806747,1.095916246751183e-11
5890.248167119969,320.7042679212954,-2.7941897111922748e-11
5891.99791698514,320.8941481464065,-7.148561152433964e-11
5892.211675780706,320.9173487953138,-8.400122845784632e-11
5892.71479164365,320.97195859301047,6.1305132348802e-11
5893.809828636162,321.0908335132333,-2.2623758359862033e-12
5893.984318846703,321.10977784495583,-6.501446375840485e-11
5894.036737434999,321.11546901947753,1.0033804489537161e-11
5895.521493071923,321.27669246365184,-1.5882915893621524e-11
5895.801994308649,321.3071554877856,-1.3674440739518202e-12
5895.927444049189,321.32078006244814,6.068200723951486e-12
5898.337641906197,321.5825979175642,4.8380767288349055e-12
5898.602063549546,321.61132834185815,-5.40839153876004e-11
5900.218929793874,321.7870350678879,-7.8656640812096e-13
5900.828800999476,321.8533229854815,-5.31627958239527e-11
5900.965282152425,321.86815828761365,-3.7448283290049617e-11
5903.8180944510505,322.1783333656096,6.463917319368826e-11
5904.295559256206,322.23026088410086,-3.6809909580098945e-11
5905.6374399674705,322.3762219492614,-8.342049685026105e-12
5906.365651513013,322.4554459540381,-2.446075179411503e-11
5906.609937806483,322.4820246755445,2.7776209024599485e-11
5908.6843052371705,322.70776331679406,-7.790747960681328e-12
5910.091382378134,322.8609306242057,-6.6008405548255745e-12
5912.222624995019,323.09299638136014,4.5805340137460215e-11
5912.900326429755,323.166807153765,4.392843464747098e-11
5913.032188933211,323.1811697315287,-3.3792514977366555e-12
5913.796138203432,323.26438604899096,-7.495414287746262e-12
5914.205171506457,323.30894610347474,7.487492485703007e-12
5914.628595343165,323.3550771079986,3.986237780872309e-11
5917.959244587105,323.7180584617584,-1.529968089287893e-11
5917.960733223623,323.7182207422702,-2.465657232472182e-11
5918.061848807864,323.72924373600694,4.4340774635496225e-12
5919.082862212859,323.84055883606396,3.026531506947767e-11
5919.5899764537335,323.895853663327,-3.2423164167971315e-11
5920.477342929014,323.99262190922553,1.1034688356397274e-12
5920.804374885107,324.0282887452936,-1.0783178459758709e-12
5921.595196741221,324.1145456866117,-4.360940168232655e-11
5921.705358889199,324.1265622650644,-2.2306194501194028e-11
5921.782312054652,324.1349565127858,-1.2389422559945023e-11
5922.548503965843,324.21854063225186,2.8091493897081994e-11
5922.905013623902,324.2574360707995,8.193854209530602e-11
5923.118381260355,324.28071574041036,-2.5266663148484935e-12
5923.119373684701,324.2808240217287,-2.388203339723456e-11
5923.432463635482,324.3149855087954,-7.256491629014701e-13
5923.586369966273,324.3317790097535,-3.277163910993953e-12
5923.746517324371,324.34925396411256,4.92764809810391e-11
5924.094056787992,324.3871783894024,-2.944123251894261e-11
5925.464699558363,324.53676824345996,2.4735493126024853e-11
5926.445795424483,324.64386479547045,1.5749366030731895e-11
5927.520277210235,324.76117570928307,7.341488458916824e-13
5929.46106437499,324.9731229308977,1.1661462079934374e-10
5929.627128284294,324.99126146710404,-7.934146960959082e-13
5931.929005758413,325.242739208689,-1.247217609340013e-11
5932.305402657778,325.28386946689625,2.2427381840187425e-12
5932.525726952756,325.3079463148653,4.290238438434941e-12
5933.336311994673,325.39653404212436,1.4160883883534184e-13
5934.853055056474,325.5623293227802,3.3663289301042915e-13
5935.7664447402885,325.66219245108056,-2.763571896350336e-13
5937.401604509989,325.8410068504525,-4.610942920981735e-11
5937.890873725453,325.8945209085522,-4.203977329465888e-11
5938.4002496033445,325.9502388277901,-3.171779481121041e-12
5939.704646137541,326.09294162052123,3.348032620141218e-11
5940.905722819196,326.22436879422554,-2.938116909456592e-11
5942.736223773199,326.4247214933888,-2.2107188428098777e-11
5944.047433914124,326.56827451489295,-3.732891019595317e-11
5944.068017791546,326.5705283175217,6.396982314633433e-11
5944.42661735093,326.6097939229167,-9.164936676553204e-11
5944.451896246715,326.6125619776211,1.0015683655850438e-11
5944.8340092730405,326.65440502382614,-2.4048595589991577e-11
5945.830612142288,326.7635500484373,-2.457321696895471e-12
5946.104328450315,326.79352985856957,-4.358361276643009e-11
5948.216132321696,327.0248795352814,1.4629194138119788e-13
5948.415624631765,327.04673831221845,2.4608360143909567e-11
5949.438308085929,327.158807324044,-7.299002124297714e-12
5949.778337302016,327.1960731100632,-5.428274219713183e-12
5950.19246646265,327.241462817977,2.455846861204402e-11
5950.320721736898,327.2555205934841,-1.2287970168934655e-10
5950.522952902683,327.2776873175888,8.425227649652768e-11
5951.382578407349,327.3719199820612,-6.460673751786882e-11
5952.145783347247,327.4555943737604,-2.2853846215692448e-11
5953.671802069978,327.6229324478262,5.800276671510244e-12
5955.396368360353,327.81209421130524,-4.65585630017231e-11
5956.202554165839,327.90054075964633,-1.2324442706466343e-12
5957.297066231223,328.0206387081013,3.245818152335087e-11
5958.115581351303,328.11046665499396,-3.021280503873109e-11
5958.239513765919,328.12406869436484,3.021492054246158e-11
5961.309291168448,328.4610783787557,-2.3719495348537898e-12
5962.406589770854,328.58158533720757,-3.534072558595787e-13
5964.72084421271,328.8358129066826,-1.3148514574885368e-13
5964.882136731672,328.8535350357466,-7.66309644774475e-11
5965.3974291554605,328.9101563646388,-4.345447015175661e-11
5966.573971247216,329.03945542023513,1.0436043630422756e-10
5966.672300290151,329.0502626925711,-1.4085283823743428e-12
5966.762078981523,329.06013035763976,-7.279521987179354e-11
5968.385882842471,329.23862987949843,4.891882776851397e-13
5969.19832866813,329.32795765929046,1.7806372108548014e-11
5969.214560999945,329.3297425153037,-1.810757025632875e-11
5969.668235533221,329.37962909969514,-5.6995112518185575e-11
5971.2376262680145,329.552230390344,6.834408416384831e-12
5971.323129783451,329.56163535375487,1.3367896429644814e-10
5972.313100458419,329.67053703326604,-3.781246690831106e-11
5972.670354427464,329.7098411729892,8.15947800269095e-12
5974.151159316233,329.8727804912626,8.386291907035818e-13
5975.256387999265,329.9944198720685,3.10530346287882e-11
5975.421430794944,330.0125861012947,5.752667039771921e-12
5975.697036581481,330.0429230965129,-9.127847721383218e-13
5976.864703841112,330.17146827122326,1.5797735925792937e-11
5977.282659644218,330.2174859432864,2.148137176531368e-11
5977.952555027616,330.29124932008676,-1.5855790076095285e-11
5978.712782686329,330.3749693586731,-8.091183667223925e-11
5978.901214895412,330.39572209410795,-1.6386101716234615e-11
5979.149852726994,330.42310649811304,-1.4282119882816418e-12
5979.355061163376,330.44570854531463,1.0629906630248962e-11
5981.759046596791,330.7105458414871,-3.355286167800243e-11
5981.761136501246,330.7107761240734,-1.1905489960581374e-11
5983.015003907878,330.8489518868817,3.6305154373977495e-11
5983.150817107604,330.86392019374557,1.6267440291971037e-14
5984.403911509099,331.00204284052023,1.070956453366169e-11
5984.44940212244,331.0070575989471,2.7025780849932312e-11
5984.766118289745,331.04197256308527,1.2497085657157172e-11
5985.723996455057,331.1475808227966,-8.598015041920461e-12
5985.766748212523,331.1522946958956,-4.110669434691715e-11
5988.432645526365,331.4463070522974,-2.339901696687843e-12
5991.160427829742,331.74727999437994,4.1248112106607414e-11
5991.380255907292,331.77154094166286,-2.4826501594910055e-12
5991.971957593257,331.83684750210693,7.099547100852795e-11
5993.204496799503,331.9729044909877,1.2067582425747337e-10
5994.010434486613,332.06188511293135,-1.2968205474789627e-12
5994.061736595403,332.0675495955193,-1.6006717485447602e-12
5995.780958888009,332.25740422831666,-6.6054642147584765e-12
5996.509962408402,332.3379249133679,1.1081205423910048e-10
5996.676026313187,332.3562685523418,-1.7764357852122592e-12
5998.558010760024,332.5641905484493,-1.3344805977271998e-12
5999.081481369168,332.62203527745163,-2.779828785048922e-13
6002.1553621605,332.9618081545454,9.705466257521156e-11
6002.79973053596,333.03305578704266,-8.957522329502054e-12
6004.0085368505715,333.16673379822385,-1.7767741472827533e-11
6005.34326042549,333.3143678634145,1.272956080493355e-11
6006.0427098722375,333.39174722347246,2.3541360077605943e-11
6006.128213386481,333.40120700590506,-2.8329741395337174e-12
6006.686954193664,333.4630272713973,1.026407569320266e-12
6007.185145905968,333.51815310662994,-2.0705774690752446e-11
6007.3958797351215,333.54147257091705,5.1899679253576086e-11
6007.497167052152,333.5526811524839,-1.2242260910492015e-11
6007.618188872027,333.5660738266897,5.597436666209589e-12
6007.936823204374,333.60133624432194,5.014583153343498e-11
6008.047977772806,333.6136378660141,6.047560495572254e-11
6008.7167089871955,333.6876520290013,-4.2735799072247464e-11
6008.921917421155,333.71036584099,-2.137907261582415e-12
6008.988507120313,333.71773659123454,-5.2586868621235114e-11
6009.82457145495,333.8102867053013,1.5507899842220597e-11
6010.173275067222,333.84889107945963,3.397239790790743e-12
6010.422857636584,333.8765233095991,-7.767933001005185e-11
6010.598139840474,333.89593015118925,-2.961176326213031e-12
6011.3538442074905,333.97960647675154,1.016956727858654e-12
6011.7448033644205,334.0229000547896,-2.258208867580151e-12
6012.6468561292395,334.12280126186164,3.8532513622738935e-13
6013.6935015520585,334.23873470898684,3.392144274300308e-12
6013.821756823032,334.25294250846747,-4.409637702206982e-13
6014.36948521357,334.31362190555507,-8.538724756097595e-12
6015.068066286548,334.39102134526433,-1.6841144200093783e-12
6015.655244685162,334.45608485532273,9.246639774643367e-12
6015.931270309808,334.4866726368551,4.33875473703512e-11
6017.063791404252,334.6121876623006,1.4619483521338836e-11
6017.8617703113305,334.7006402413379,3.3942767683089503e-12
6018.9677719795045,334.82325523285203,-1.515916895036104e-11
6019.837560501426,334.9196986843088,-8.640955736657907e-12
6021.027968202359,335.05171545770594,3.456171324425475e-12
6021.423555695371,335.0955920751308,1.6004216642071192e-11
6021.839545639669,335.14173474150545,-1.1565744974418491e-10
6022.042148958765,335.16420917309784,5.277161044213723e-12
6022.867200874188,335.255738547237,7.43444936144117e-12
6024.566659958244,335.44431216967513,-4.785056474752854e-12
6024.605737807336,335.4486489113126,5.336867761594382e-11
6025.649195840681,335.5644591353732,2.1951019868702177e-11
6025.835938987137,335.5851873034465,-5.909074812140726e-12
6028.336764780179,335.86283656925576,-2.8088525511080447e-12
6028.477845577435,335.8785032202355,-1.638259794167166e-12
6028.976037285453,335.9338290306664,9.037397816889466e-11
6030.117309148077,336.0605882182548,7.370696311073663e-11
6030.550523846674,336.1087109441735,3.4939757312851196e-13
6030.778606482641,336.1340484039473,2.6648804709671933e-13
6031.385118534976,336.20142985115706,4.321170991735764e-11
6032.098366928614,336.280678016411,-1.3503693489145327e-11
6032.435437857774,336.3181328199041,1.5625646969569559e-12
6032.691633611103,336.34660229808435,4.410698817042231e-11
6032.761525058227,336.35436912005974,1.2446199617081155e-12
6033.297525397794,336.4139361835872,-1.0449990482228705e-12
6034.368724385978,336.53299707351476,2.6372388611706e-12
6034.460468926303,336.54319521540003,-4.099736490009274e-12
6035.063077961212,336.6101838992491,4.926443610140489e-11
6035.413403948474,336.64913075919276,1.1188319712906236e-10
6036.237806908181,336.7407911914704,2.203795430416561e-11
6037.417698398755,336.8719980475043,-3.5968979013522253e-13
6037.448970214554,336.87547589971734,3.5369402050122547e-12
6040.937800792827,337.2635945322013,1.30627903870878e-11
6041.074606413735,337.27881818599434,-1.290721600511429e-11
6041.411457921831,337.3163043049475,-5.646438021178985e-11
6042.103053642144,337.39327426216096,-3.5677334884700606e-11
6042.446365597004,337.4314858486083,4.1308176502355e-12
6042.766488561431,337.46711839127994,-7.742559391867506e-12
6045.575432462876,337.7798598672373,-5.457325006070719e-12
6045.640008626289,337.78705134064273,2.522828997322781e-12
6046.786347658764,337.91472526612097,-2.4992753467157814e-13
6046.9148033507245,337.92903357363537,1.9264427166691782e-11
6047.575776205256,338.00266223156757,4.99658605306297e-13
6047.847526650804,338.0329360370945,8.885241125090836e-14
6048.659104079591,338.1233562672172,1.8439575640005566e-11
6050.873884239002,338.3701731780214,-1.0982968795268896e-12
6051.071019533215,338.39214647557463,3.522459930541792e-11
6051.139422343398,338.3997710274689,5.201547421547559e-12
6051.312051747297,338.41901362962705,1.8228290455001715e-12
6052.729520957094,338.577036417927,1.6868721869172183e-12
6053.621181557834,338.6764597943683,-5.719493834862317e-12
6053.805319588482,338.6969936741669,-3.6230095539091583e-12
6053.864847571641,338.7036319826496,-6.956241934790762e-12
6054.490750648086,338.7734339933627,-4.241954243267945e-11
6058.673810719041,339.2401228150812,-1.689654360460445e-11
6058.732794806524,339.24670576007424,2.0866374287770745e-12
6059.088264337432,339.28637945013486,-3.1016465161055016e-12
6059.767330315623,339.36217596951843,8.369280452601789e-13
6060.664115463581,339.4622870541427,-3.5920099757808643e-12
6060.873083859617,339.4856170138045,-8.746764959920962e-14
6061.695024747665,339.5773891620754,-1.039112106810655e-11
6062.627623989365,339.68153171584464,3.3262082119166505e-11
6064.350577515731,339.8739745925295,-2.296438592860406e-12
6065.010681994547,339.9477185245959,5.2369728700174534e-12
6065.19914288342,339.96877400856886,-1.174868270045948e-13
6065.301747098132,339.9802375713794,-7.504644092186711e-12
6066.285972921559,340.0902110793169,1.865816250775827e-12
6066.590436133593,340.1242342104102,1.4483550012636184e-11
6066.990995429984,340.1689984802174,-6.296125214256212e-11
6069.684824350428,340.47012253022245,3.5374894488641576e-12
6069.835629346341,340.4869839034029,6.686420789465083e-11
6069.938233560871,340.49845622933543,-1.0771681128224583e-10
6070.498692099393,340.5611253335485,3.138535653331866e-11
6071.819521318906,340.70884011563464,8.91120050742302e-11
6071.896474479748,340.7174471541229,-6.100075333011502e-11
6072.769669788092,340.8151197328958,5.1947847324156214e-11
6072.833797422104,340.8222933797779,5.0425434486215156e-11
6072.971900944065,340.83774260710084,1.9861038950375446e-11
6073.177109372878,340.8606993082185,3.8075658082673387e-13
6073.675301072246,340.9164353241846,-5.332714762122371e-11
6074.258528757539,340.98169069006093,3.5005161439172247e-12
6074.864048375355,341.04944685428814,-5.564255598253863e-13
6075.569738830055,341.1284204125661,-3.044246120524371e-11
6075.732195502703,341.146602177823,4.8357220822770796e-11
6076.968637685006,341.28499778324925,6.533083636323043e-11
6078.321187245264,341.4364215990479,8.346435015946568e-13
6080.440739666682,341.6737825083617,3.212392934306117e-12
6081.789634314733,341.82488336866214,2.071290504354281e-11
6082.105482098712,341.8602689374608,-1.0537962612273296e-10
6085.959124496806,342.29215441263636,-1.1975160792981814e-12
6087.169591145122,342.42787030984374,3.2281922673589323e-12
6087.414450002713,342.45532683866645,5.589754877394739e-12
6087.867380196713,342.50611774659774,2.3972788229059087e-11
6088.076863799932,342.5296101995678,-3.098199588762009e-12
6088.868258185201,342.6183680945061,7.90526738616847e-12
6089.481335726502,342.6871350067029,3.0946375427505896e-11
6090.10283956577,342.75685413638155,-2.0343078328910503e-11
6091.392549699455,342.9015540918415,1.4667153293403656e-11
6091.468386382408,342.9100635968043,3.5995950354097825e-12
6091.682145160908,342.93404967523185,-1.164278722581411e-10
6092.010770786981,342.9709267149294,-6.017311861135218e-12
6092.25612585626,342.99846076634475,-5.681471438398291e-12
6092.478759461517,343.023445946398,-4.791373790341763e-11
6093.509296573919,343.13911044103304,-5.181727719126537e-11
6093.543822454139,343.1429858643115,3.277819149345209e-12
6094.280431557036,343.22567318974717,2.3678827232967428e-12
6094.466554433362,343.2465678107233,-4.008756255843392e-11
6095.7959339919025,343.3958258505154,1.943404400364058e-12
6095.864785329628,343.4035571221258,-2.3705594810838788e-11
6096.085481769448,343.42833956934106,-4.437407846833259e-12
6096.583673464455,343.4842858156437,1.5252945164734582e-12
6099.181788119292,343.77612463278757,-7.791155947927753e-11
6099.233090225982,343.7818885041478,7.566000367294441e-11
6101.531064529245,344.0401192086682,4.728632463661002e-11
6101.6104797526705,344.04904508963256,3.412263638223178e-11
6102.2301417907875,344.1186960483025,-1.4562605592281298e-11
6103.937034696564,344.31058999149934,5.558425597427196e-11
6104.466593571922,344.3701354728692,3.492988249885896e-12
6106.768146411392,344.6289902652772,-6.062718242971822e-11
6107.198631930455,344.67741764391064,-4.689147891121348e-11
6108.424185736443,344.8153047565545,-7.944334679287438e-12
6108.86384187149,344.86477723072863,-5.975563575514757e-12
6109.070395883644,344.88802102904714,5.671559413145266e-12
6109.179069387048,344.90025051876137,-1.3614914253580445e-13
6109.236087622074,344.90666710931083,2.3193293118058533e-11
6111.769797839148,345.1918605783985,2.028190539034721e-12
6112.502656659756,345.27437294055926,1.701589360054592e-13
6112.810574354148,345.3090442561774,-3.3370298518315e-11
6113.220199203914,345.3551704330231,1.5571952267218703e-12
6113.912195750483,345.4331003514938,2.383916990227383e-12
6114.738612220082,345.52617966840717,-1.605321322534974e-11
6116.037865117067,345.6725400062213,2.63621592640314e-11
6116.265375163796,345.69817212449834,1.5999340202145312e-11
6118.547193491024,345.9553029029232,1.1146182338154305e-11
6118.739576389707,345.9769862979365,-3.737489178870046e-11
6119.550485847916,346.0683910527958,7.112065186247998e-12
6119.864539512515,346.1037940643599,-3.375891552741129e-11
6119.9910103523525,346.1180515313588,1.2625240130448161e-11
6120.262636737346,346.1486738485938,-4.146829830618754e-11
6122.226641430703,346.37013009455234,9.39268356608482e-11
6122.346298661855,346.3836246403566,2.7447958049268946e-13
6122.741886139457,346.42823956179706,-4.4246055011007054e-13
6128.108225358361,347.03374776102754,-5.348445109247766e-13
6128.352606997259,347.0613350697326,-6.056206641461617e-12
6129.011222823635,347.1356891694909,1.2591509285144488e-12
6129.620893551369,347.2045247589339,2.3878673985109324e-11
6131.437948578452,347.4097221034529,1.7186010146521062e-11
6131.689296564826,347.4381112492344,2.0753114247307353e-13
6131.7593884319485,347.44602816323186,5.6308203502184045e-11
6131.844891942054,347.45568595310675,1.348235717944404e-12
6133.231566508652,347.6123323788939,3.669685445676828e-12
6133.7899351294,347.6754187883417,-2.134940015296042e-11
6135.068508774393,347.8198980733815,6.16321380618754e-12
6135.412765457927,347.85880434886826,-6.077300933594956e-11
6135.614996609106,347.88166058281905,-4.371723483403559e-11
6136.074711717221,347.93362054451416,-4.14138507910453e-11
6137.3613394999875,348.07906419596736,2.1168676798099792e-12
6137.599585167058,348.10599943346745,4.8868383027533216e-12
6137.922017444078,348.14245418522563,-4.732549832374441e-12
6138.057630213022,348.1577873719079,9.942456306921792e-12
6138.234582470131,348.17779515654684,-2.9338270763874353e-12
6138.746744847214,348.23570800786797,-9.887982159835647e-13
6141.493669915237,348.54639950078155,2.1404841101225948e-11
6141.6873983984015,348.5683164454903,-1.2866190310844208e-11
6141.715979040694,348.5715498971937,-4.849121405461284e-12
6142.781089697023,348.6920612025937,-5.6172968197485855e-11
6143.321365189584,348.7531983372529,2.6913495287058673e-12
6143.517899208939,348.77543930052946,2.4659027156751614e-11
6145.278632627142,348.97472614965795,-7.352770712560679e-12
6145.372886910428,348.98539583668713,7.423532273537867e-11
6145.615684544529,349.0128815457649,5.765811444907443e-11
6147.280646355567,349.20139145128616,3.882481841932713e-12
6148.161943461325,349.3011941282249,-1.4886447032799612e-11
6148.65352196074,349.3568692550889,4.587811408442092e-12
6149.933565237835,349.5018650989203,-2.1650555577683402e-12
6149.942115588787,349.5028337343336,3.427633979657416e-12
6151.959559953845,349.7314196662208,-1.3921926589298108e-12
6152.786377257006,349.8251236138952,-1.3205043502757328e-11
6153.040282671637,349.8539014699414,-7.254455237422713e-11
6153.240051758082,349.8765443031559,3.711839907066933e-11
6154.261112752463,349.9922879738774,3.079320216481372e-11
6154.494090818319,350.0187001904715,-1.8183723267959933e-12
6156.681530777142,350.2667342652012,2.278585839593288e-11
6157.900872219949,350.40503379513336,-7.973429095512167e-11
6157.917972921803,350.40697357705494,4.326316770318681e-12
6158.7035271049,350.4960870605932,2.20106748131916e-11
6160.27900601271,350.674844083354,4.241481273348619e-12
6162.575634677462,350.93550612147476,5.1096293560276004e-12
6162.895137362167,350.9717766352944,-1.5649777122407986e-11
6164.839035363675,351.192491922456,-1.921905458591382e-12
6166.044434799191,351.32939110578616,-5.254945243314772e-12
6167.260989698723,351.4675843711102,-2.2109265167374072e-11
6167.355644826534,351.47833776322267,-6.698356492531785e-11
6167.3836052034,351.48151426186445,2.722139021238667e-11
6167.5437525462785,351.49970842203226,8.119782814301405e-11
6168.021217302112,351.5539554618802,-8.352745004028402e-11
6168.128096688304,351.56609911206783,-3.4046422764269996e-11
6169.32693061997,351.70232520135465,1.6159807043217843e-14
6170.837089043089,351.87396544467805,4.428612413668859e-12
6171.039692350715,351.8969959473661,-9.511484970038592e-12
6171.182567255158,351.91323740471296,-1.7458056442135098e-12
6171.2082183078155,351.91615335533317,4.341364885261739e-12
6171.9442834938245,351.99983265793327,-1.6746392723804763e-12
6172.378691016025,352.04922280199486,1.7353864418007946e-11
6173.564203207382,352.1840277919249,9.863118969315696e-14
6173.959790677481,352.2290159369025,-7.173044139790356e-11
6174.409934317773,352.280211983192,-7.836391898088941e-11
6174.891893667706,352.3350306532802,-1.0794940465142526e-11
6176.229079219087,352.4871462448569,-1.893360104549742e-12
6176.864276935758,352.5594166237875,4.296527212831147e-12
6179.737796855288,352.88644764698756,1.0404811534795763e-12
6180.418208388821,352.96390654230095,1.6535637095820699e-12
6180.537913300815,352.97753478052516,2.8599827931694454e-11
6181.266248821256,353.06046045831465,2.5123258181350194e-12
6182.37510364059,353.1867294658149,-2.7773243713085668e-11
6184.925265539342,353.47721087422417,-3.392897699683238e-13
6185.668144330085,353.56185253425923,3.0058368942984564e-12
6186.154827382162,353.61730943564316,-5.523150959771078e-13
6187.7855590788995,353.80316099620933,-1.3320515132373652e-10
6187.832538325067,353.8085158623962,7.827493907391023e-12
6189.77865026619,354.03037653933717,1.0046560364173433e-11
6189.812851669501,354.0342761919409,-3.710668851767995e-11
6190.257403231866,354.08496603308174,2.0684426413154957e-12
6190.372832968022,354.09812846494447,5.052092008057888e-12
6191.403942624682,354.2157166004784,6.859266311038249e-13
6191.942099517124,354.2770959944313,-4.6009205970841184e-11
6195.715859011162,354.70766137140805,2.6502582558139395e-14
6196.658821668971,354.81528923270844,-4.453277410458626e-13
6198.551942440066,355.03141568088995,1.399745823539783e-14
6199.481707411624,355.1375856451345,4.737088700243739e-12
6199.756988698915,355.1690231008879,-2.7021775608375402e-11
6200.1245871025185,355.21100545951396,-1.5543639704379275e-11
6200.702394421492,355.27700020630266,-1.0189922494186684e-11
6202.599761679022,355.4937528511266,1.5757828066825e-11
6203.001933644487,355.53970494515016,4.595325645188682e-13
6203.701755197993,355.6196735287838,-1.6707491603889703e-11
6204.596479079682,355.72192673460546,1.2944129995578906e-11
6204.830945777614,355.74872511766375,5.6984249440234245e-12
6204.877648231239,355.75406309789844,-7.265303194908908e-13
6205.106522853851,355.7802235080546,2.2260782618348458e-11
6206.747427268537,355.9678074336153,6.672583449875372e-11
6208.177550185692,356.1313358178324,2.2727054346174147e-11
6208.228852290315,356.1372026921019,-1.2540021836406328e-11
6208.694035408472,356.19040293431067,4.167159598632765e-12
6208.764871591796,356.19850439939677,-4.607809091991947e-12
6209.101303236225,356.2369830198867,-1.0606509787558324e-12
6209.220311512219,356.2505948257713,-3.405871609054319e-12
6209.498379337577,356.28240039774147,1.0246138420944045e-10
6211.319957592928,356.4907888856362,1.0226343353653861e-11
6211.7912289979695,356.54471226995577,2.544774981620761e-12
6212.25057193419,356.5972747231149,-8.863458664977283e-12
6213.68912114624,356.7619125575734,5.375095031089255e-11
6213.73187290001,356.7668059565409,-3.127723454742089e-11
6213.978296752099,356.7950124785232,-6.338171128560843e-11
6215.06050808184,356.91889935411456,1.4508024181270827e-12
6215.3119514273585,356.947686590126,7.325402357960099e-12
6216.36604964099,357.0683808206024,1.7477054327870775e-11
6216.7129401141,357.10810425097225,-4.839548659373848e-11
6216.941146787174,357.13423806525327,-9.58673196288807e-11
6217.432973380337,357.19056441630266,-4.564368385694958e-11
6217.762142886684,357.2282649831606,-4.0185905696848506e-14
6218.985215582277,357.36836389530396,-7.286421661585308e-11
6220.191731471392,357.506593278909,-1.2467182513201874e-11
6221.243415303249,357.6271055739915,2.1866753119894105e-12
6222.207534409359,357.73760174013194,2.016959008868809e-11
6222.766275171063,357.8016459721956,-7.307591906401684e-12
6222.799980361853,357.80550952748,1.0699987267441077e-10
6223.697509773652,357.90839913844013,-3.985140081118969e-11
6225.001238216757,358.0578804080733,1.5221001010598833e-11
6225.5501880969005,358.12083058587194,3.257122432981446e-11
6226.311160002431,358.2081033194875,-1.090670672453475e-12
6226.523554186998,358.2324638378443,-3.2817691617499358e-12
6226.677460499859,358.2501166179864,2.1082327491383007e-11
6226.8881179420005,358.27427935898,-7.381053428395041e-12
6227.507779951592,358.3453603080772,1.0540103520767557e-12
6227.65838451605,358.3626371094515,6.768227510768332e-11
6227.875626457594,358.3875590414977,1.2347903969192003e-10
6228.726176622292,358.48514227275365,-2.743352072137004e-12
6230.967829218518,358.7423898923317,-6.234638774065652e-13
6231.1473865832395,358.7629995446321,1.1990180083881232e-11
6232.074918589424,358.86947142553265,-1.0796145794002616e-11
6233.279573677487,359.0077780662048,-3.2132683683699596e-11
6233.4733021541915,359.0300225583153,-2.830983682925042e-11
6233.582118702892,359.04251750816974,-1.1107095183093879e-11
6233.941090381742,359.08373827356235,-2.4165804271374152e-11
6234.0944527986685,359.101349623878,4.80928050069183e-12
6234.883862292961,359.1920082002698,-5.6337125751652294e-12
6235.081989997925,359.2147636882464,-1.1641281196215044e-11
6235.23589631032,359.2324407320057,-1.1478389976842032e-11
6237.107288016691,359.4474159671677,-2.4606460105531116e-11
6240.392398555922,359.82494750331784,-6.6062756035306515e-12
6240.645979486839,359.854097800755,3.4067542546434596e-11
6240.8659315967725,359.879383269435,-1.958067105146585e-11
6241.856274329882,359.9932430925843,1.4396980696125338e-11
6242.9139797603275,360.1148675648801,-1.2426073857629602e-11
6242.965281864318,360.1207672656867,2.2864943612410472e-12
6244.383199502144,360.2838458439253,5.7133469596785344e-11
6244.557164790793,360.3038566173145,1.1663700487619675e-11
6246.1275764729035,360.4845222076235,1.5387554161777235e-12
6246.148131661764,360.48688724883095,6.216375556248815e-12
6247.317984073301,360.6215010841244,-2.0485166729383888e-12
6247.34542924003,360.62465947673496,-5.1557783433880804e-14
6247.773423987471,360.67391495163207,8.490026879856497e-12
6248.398334594795,360.7458384100988,1.191643630808595e-10
6248.840843927015,360.7967729275189,-8.861151871818291e-12
6250.308899505092,360.96577757544026,2.3350454364790604e-11
6252.158295059763,361.178739132315,-5.309554215985126e-12
6253.497016893831,361.3329349097245,2.5608335200619068e-12
6254.13495344848,361.40642491227766,-3.980267922524716e-11
6254.169154851005,361.41036511010697,8.436903654460437e-12
6255.631064766637,361.57880566595736,-5.097084822153047e-11
6255.745502075875,361.5919927390503,-6.392766374438383e-13
6258.5256836894205,361.91243840997026,-2.9409596249071945e-11
6259.304376552443,362.0022166165523,1.3762857585695528e-11
6259.667699772946,362.04410923496397,-2.488908240041075e-12
6260.8285056161985,362.17797107996773,5.194490641296839e-11
6260.914009122309,362.1878321574829,-7.66754592090292e-13
6261.978499467691,362.31061058297183,2.7169618828853176e-11
6262.753737842238,362.40003979256005,2.050313030785244e-12
6263.695984845575,362.5087495294367,1.909912500126536e-12
6263.925231622486,362.5352008605578,-1.273460756201703e-11
6263.926844311834,362.535386941979,-6.325895955800135e-13
6264.976495595573,362.6565119391647,-5.551724831162662e-12
6265.040623225064,362.6639126345804,6.742863940293169e-11
6265.702569453375,362.740309444026,-3.2857803272034715e-11
6265.787080535124,362.75006365265995,8.559089893546728e-14
6265.966637897643,362.7707884717784,1.62232231959775e-11
6266.157360413275,362.7928026424831,5.313363373104124e-14
6266.896631955749,362.8781394868864,1.3215266065172798e-11
6267.372102157195,362.9330300878802,-1.6155222291466427e-11
6267.557232597559,362.9544035760029,6.601440737616067e-11
6267.629614788113,362.96276034147724,1.130682770735857e-13
6267.972430502272,363.0023408707875,2.439864368833401e-11
6268.291207853969,363.0391479414673,-4.203175056504465e-11
6269.700498758983,363.2018916871564,4.072022757237592e-11
6270.411113289961,363.2839667390204,4.192591779119083e-12
6271.773625371801,363.44136112417783,7.454604470366437e-11
6272.204110865075,363.4910969662702,-6.414053539779653e-13
6273.7535664980105,363.67014050104945,-4.761765593692884e-11
6274.439197924823,363.74938106861356,-8.180211562751902e-12
6274.882527940771,363.80062271438794,-1.3831024704877276e-12
6274.964357539085,363.81008126357364,1.069600062813451e-11
6275.040194216968,363.8188472110335,1.5328798880978377e-12
6275.151348774359,363.83169573703844,-5.4028420711150656e-11
6275.846647028639,363.9120714945909,-5.958548526060314e-12
6276.353913939943,363.9707166422862,8.251950083378198e-11
6277.0814287477615,364.0548329318672,-7.643593933518607e-11
6277.453225946963,364.09782441360505,7.903276413043474e-13
6277.455535271046,364.0980914522562,-6.1527838014966926e-12
6277.513078400892,364.1047454828207,1.2872017159192768e-10
6278.115315222657,364.17438911914707,-4.432852780480664e-11
6278.281379110015,364.19359418974466,6.553960041832967e-12
6281.34879913565,364.5484286417457,4.102507488244714e-11
6282.211382808602,364.64824222297847,9.74958212117012e-13
6282.365289118449,364.66605288105455,-1.3283758613299292e-11
6284.07442455622,364.8638702454117,-2.215476950109615e-11
6284.126843136706,364.86993808460534,9.738282349087302e-12
6285.1028716926885,364.98292986911633,-3.079518302923475e-11
6286.6990297709535,365.1677499301535,4.709807882583156e-13
6289.223540523691,365.46016029295777,-2.7165805784780356e-12
6289.256425025928,365.46397003100236,-2.7108110791572442e-12
6291.125583742425,365.6805487043993,-2.623115308596007e-13
6292.50305892787,365.8401973936681,-5.877074189821442e-12
6293.260423588808,365.92799047315475,5.344376243122916e-11
6294.291285101877,366.04750405797756,-7.859927373332334e-11
6296.045653345641,366.250942860205,-2.0681996061766794e-13
6296.520054748461,366.3059647965726,-2.2870739696752303e-11
6297.069872986014,366.36973890107595,1.7882910427982176e-11
6297.298747601191,366.39628799521876,-9.906129330755945e-11
6298.378821311613,366.5215878622354,7.90832309768945e-12
6298.592188917794,366.546343281994,6.369462716080236e-12
6299.3260401132775,366.6314928543528,1.5502921136256077e-11
6299.963451759459,366.705460488669,5.0006843088059597e-11
6300.887204780167,366.81266953085117,1.592232051530816e-12
6301.189749798422,366.84778575508284,-1.8745986213188778e-13
6301.945749873815,366.93554161462026,-4.528657348235959e-12
6302.118999527015,366.955653772962,-3.444868514944261e-11
6303.93704686599,367.1667400989929,4.841286314182584e-12
6304.156178283307,367.1921866975864,2.2057721124418574e-11
6304.596531022097,367.24332525927326,3.801600787979854e-12
6304.93420318545,367.2825418526154,2.4850571734339736e-13
6309.079282509443,367.7641145059265,-1.0940148970849849e-10
6311.211641282145,368.01197386575507,-9.504747169140222e-11
6312.078919963937,368.112807850565,3.2527617433992625e-12
6312.164795627604,368.12279292154847,3.1592230018281104e-11
6312.995115054551,368.21934414178236,7.952486075032476e-11
6313.95943455237,368.3314931004051,3.6445475270016095e-11
6314.89116533739,368.4398683100717,-1.1618125916248336e-11
6315.3255538404055,368.49040011429224,-3.715513779866682e-12
6316.750952999217,368.6562392117451,-2.7459014197446766e-11
6316.854673681784,368.66830813044885,9.955067798112865e-11
6316.921960008125,368.67613766043746,-2.974215224765519e-11
6317.031625927616,368.68889871722763,-5.844450271232451e-12
6317.306859520129,368.7209267029864,5.864914104517133e-11
6317.375262323681,368.7288867182768,8.613846603583904e-12
6319.02093806111,368.92041952840486,-3.581149915551462e-13
6319.023046962528,368.92066500597815,2.520987030801297e-12
6319.521238617555,368.978657152387,4.168847027678777e-11
6320.545906778368,369.0979483236463,-2.4868393570125794e-11
6321.0490225596695,369.15652780070434,1.1875399433897786e-11
6321.475528659878,369.20619100452404,-1.869087992162682e-11
6321.755085110605,369.23874492195466,5.6032105979861803e-11
6322.487571716999,369.32404868500066,9.171719855474003e-12
6323.016806075154,369.3856882928869,-4.4358433587658526e-11
6324.470614134224,369.55503899757844,4.1489882711607146e-12
6325.9369042453245,369.7258831433691,1.5889132708900182e-11
6325.99712885733,369.7329010342244,1.173313613438524e-12
6327.216422543637,369.874998012543,8.161705338810336e-11
6328.545601568357,370.02993227144094,-1.9552218586767357e-11
6329.299511732496,370.11782542675076,-1.108647106655809e-11
6329.8484615927155,370.1818302695477,-5.625920247569393e-11
6331.075236834034,370.32488626839324,-5.0875314137875775e-11
6332.048602888414,370.43841158728736,-4.4010046456194945e-13
6332.089512842284,370.44318336613986,-7.832639408835777e-11
6332.629788298562,370.50620453987483,3.645924152613417e-13
6333.39471087531,370.59543918135233,-4.2411785096927484e-15
6333.717591658594,370.633109170842,-4.7894912010420176e-11
6334.48154080809,370.7222455550806,-3.905641009996504e-12
6336.1391736903715,370.9156925216938,2.946937020185335e-11
6336.612086450412,370.9708910657736,-5.290276131753295e-11
6336.783093458166,370.99085207820275,7.589036155433843e-11
6338.271704179876,371.16463482936587,-1.428336003648097e-11
6338.3812460455465,371.1774245310314,-1.1716331871885294e-11
6338.425610486769,371.18260442141553,-1.9541592272918483e-12
6339.251034465991,371.27898564419974,7.872951392209589e-12
6340.1842348820655,371.38796657545254,-4.622287053985092e-11
6340.218436283577,371.3919609853395,9.721015076842204e-12
6340.556852760976,371.43148608623596,-3.457262538344954e-12
6342.235880513004,371.62761808293163,-2.2180529848023612e-11
6342.275330516642,371.6322269742186,9.373150720838507e-12
6344.596293185418,371.90343240416684,6.302496607710137e-12
6345.434046476372,372.00134858889714,1.7613099842263947e-11
6346.1545472363205,372.0855706972385,-8.280291887501804e-11
6347.9242030378555,372.29247316587794,-9.598765071438249e-12
6348.123972110574,372.315833147428,-3.0306011325294615e-12
6348.329610050538,372.3398801723686,1.0296133397184508e-11
6348.737049594952,372.387527906989,3.59879633600879e-11
6349.498517680115,372.47658546148506,1.525112665050182e-12
6350.2398504194425,372.56329834617935,3.360840671913069e-11
6350.312528397405,372.5717999551508,-4.1342402644096793e-13
6351.593020112144,372.7216032383515,5.439691110628285e-11
6351.655830839887,372.72895217174374,-6.09669131888801e-13
6352.6992887491515,372.8510486789206,3.011302048726881e-11
6352.8676142728855,372.87074656864667,-4.710927495230694e-11
6354.641373509159,373.07834820648765,-1.1719092783186828e-11
6357.084006924041,373.36433005952875,-5.748979051975903e-11
6357.795289382313,373.44762718605796,3.452329224445416e-11
6360.393823637705,373.7520165020991,-7.113093121744145e-12
6362.4748802715,373.99587877915246,1.1318811043053403e-11
6362.551833424323,374.004897829278,-1.239796394370396e-11
6362.643902429405,374.0156886282376,1.8111587135711547e-11
6362.6621196072365,374.01782376163135,-4.995882664804476e-11
6363.314866511839,374.0943326046572,2.064131361289207e-11
6365.667721241437,374.37017720441656,-6.169422479800935e-13
6366.1726978104225,374.429393071618,5.99097016758663e-12
6366.516009725137,374.4696540827227,-1.2804312077732031e-12
6366.826093665564,374.50602023572486,3.3728210602799288e-12
6367.326919112228,374.56475999076446,1.3537369042525486e-13
6368.038869516594,374.6482696755593,9.911698546858628e-12
6368.867328132537,374.7454571842162,1.1474409371240761e-10
6368.965657160933,374.7569931239391,-3.911347226024402e-12
6369.726629028851,374.8462761967644,1.7069907555304688e-12
6371.254756418001,375.0256000742812,2.2770449031255843e-11
6371.849139504995,375.09536182118023,-3.256417549557159e-11
6372.1498237206515,375.1306551025112,-9.979214633250869e-12
6372.486875611185,375.17021907647506,-1.8913624288815446e-11
6373.160349438054,375.24927934705437,-1.9356652872137156e-11
6376.32543044443,375.62094564229363,-8.627282906084902e-11
6377.757414073106,375.78915996315806,-2.024979160936206e-13
6378.654943437041,375.8946114956679,-3.637790862608084e-11
6379.398318389888,375.9819625225599,-6.725024350738488e-12
6379.716799940039,376.0193891345088,-1.2514821051356597e-11
6380.817056649234,376.14870105140983,-3.2089483629213345e-11
6382.556337675721,376.3531622555351,-6.218976118887192e-11
6383.091984785896,376.4161414820127,-1.8414860454460483e-13
6383.678170682143,376.4850689118337,8.561632693075892e-13
6384.394224521334,376.56927562077084,-1.557654786389369e-11
6385.349669170104,376.68164898932866,-1.367681664930268e-11
6385.476063628504,376.69651596709673,-8.918347658145065e-11
6386.256073357678,376.78827007165376,-2.1897747313846543e-12
6386.371503085999,376.80184925345344,1.8631496621094165e-11
6387.619329704059,376.94865955332324,3.670927725560446e-12
6389.185761923781,377.1329952977971,2.891386497522326e-11
6389.643511139899,377.1868711753539,-7.022021751076347e-13
6390.879905500692,377.33241082864237,1.0782836195562428e-11
6391.212682214015,377.3715877736691,2.9788605022708936e-11
6391.772911579573,377.43754674121345,7.133245190049116e-13
6392.614539187217,377.53664717995935,1.5240337121693257e-12
6393.250061331859,377.6114876435675,9.564178438899579e-12
6394.704518308054,377.7827956433201,9.44817064741572e-13
6396.296926050421,377.9703963666207,1.2398689743618101e-11
6396.548168957664,377.9999994283911,5.65452050388397e-12
6396.820396584143,378.0320763577963,9.986884938001295e-11
6398.002454195841,378.1713755510517,5.645149070593455e-13
6398.632307894828,378.24561096573314,1.0579855624541697e-12
6398.803314899046,378.26576734550514,-6.330745325765131e-11
6399.835245169261,378.3874110973648,-2.0242143215768023e-11
6400.040453574241,378.41160336492095,5.538869420976216e-12
6400.538645215764,378.4703390088621,3.0140256766381847e-11
6400.628376209511,378.48091857167776,1.4259318747052263e-11
6400.773713165779,378.4980545648175,-1.4293911629995443e-12
6401.004572621311,378.5252749112696,2.4155621654824408e-12
6401.374833485276,378.56893395145755,-3.0563995661961425e-13
6401.834892023543,378.62318493733824,-2.1916565949552214e-12
6403.323874872074,378.79879538205824,-3.218925934638705e-12
6403.356139107945,378.80260107392775,6.757548905033013e-11
6403.381417999473,378.805582830713,-3.7779628734302204e-11
6405.710806918287,379.08039504898505,-9.732260495276002e-12
6407.0469999387415,379.2380790009364,6.106932800116545e-12
6408.536851155876,379.4139349143265,1.0651096514604474e-11
6408.6651064086245,379.4290755485744,4.9456997495741705e-12
6409.882959108503,379.57285912419525,-4.644549833261238e-13
6410.329199696054,379.6255505512767,3.481534237947041e-12
6412.558570523719,379.8888462928765,2.4816373698774773e-12
6412.738127877331,379.9100565677514,3.1704925951435047e-12
6412.9572879728585,379.93594573512206,2.533360171740961e-12
6413.04279147457,379.9460464199379,-6.327268896339914e-11
6413.397239850355,379.98791949017624,-8.992636622912122e-14
6414.159156447879,380.0779370108335,5.7205119332761237e-11
6417.361416084683,380.4563886110304,-9.256352142544335e-13
6418.455660862911,380.5857526844507,3.668913522809431e-12
6419.865199802616,380.75242404618876,-7.233190866225207e-12
6420.22170939555,380.7945854306684,-3.188835882851173e-11
6420.92854492749,380.87818383358587,-1.5457439173284217e-11
6421.31900781485,380.9243683583135,5.9477812349938005e-12
6424.844176903914,381.3414576768181,3.280507207819154e-11
6425.207748210163,381.38448755961394,-3.473366856769338e-12
6425.87640295481,381.46363144699535,1.1432740613033313e-11
6426.730064076736,381.56468518738126,-5.260255276612933e-12
6428.289434562531,381.7493132573732,-1.175646973399402e-12
6429.433015586534,381.884740696759,-2.687896428301287e-11
6430.0921275559795,381.9628063162538,1.6650899147800219e-12
6431.014859426223,382.0721086794935,-4.1776954180854725e-12
6431.268268604342,382.1021290526,-2.3409690057976942e-11
6431.369012010484,382.1140640501247,5.882411391657371e-11
6432.193138061764,382.211704679899,-3.462570740302218e-11
6433.6784659856185,382.3877146376997,4.417951604498577e-11
6433.864464786776,382.4097581833462,-1.4872832908136164e-11
6434.061227895167,382.43307814860793,2.0623845942241128e-11
6434.13460250583,382.4417745414781,9.354715594055773e-11
6435.054872311692,382.5508537676077,-4.449200928782215e-12
6435.456548033171,382.59846912701005,8.66791122918069e-12
6435.636706653325,382.6198264179475,5.6252245227961545e-12
6437.219943759249,382.8075403784737,-2.644036169717317e-11
6437.3227196969265,382.81972743817204,-1.5567910691894848e-11
6437.693600821616,382.8637077393946,-3.8951185665756346e-11
6437.706750822414,382.86526715616776,1.230139313957586e-10
6438.135566230088,382.91612075714505,-9.659453851211714e-11
6438.75706999337,382.98983145406874,-1.504692363190662e-11
6441.944519231206,383.36797655306634,-2.286199564295944e-11
6442.012597556287,383.3760551104276,1.391818008871793e-10
6442.111251057973,383.3877620418927,-2.6586236437488156e-11
6442.669991778009,383.4540696027676,9.632389919029474e-12
6443.601226311179,383.564594983698,5.25295067807151e-11
6444.699746255156,383.6949954953536,-5.7024276761938674e-11
6444.904954657149,383.71935735389155,-2.006332434423325e-11
6445.134926741013,383.7466600202265,-4.88425247247013e-12
6446.126385883057,383.86437884386777,3.312810971982511e-12
6446.462340285487,383.9042717932075,-1.7693779657014124e-12
6446.581176815449,383.9183835502393,-2.7789335863707554e-11
6448.6298927854805,384.1617080773154,3.6161053759298974e-12
6450.173756252152,384.34512271919846,-3.423935966851478e-11
6451.051102566507,384.44937310737697,-1.5804659364495193e-11
6451.509825200343,384.5038863188373,1.8392670084825944e-11
6452.40327979029,384.6100728892161,2.7807068975926815e-12
6453.120822249692,384.69536304960184,8.141897566083383e-13
6453.844806157664,384.7814284803645,3.185375066073441e-11
6453.863700972428,384.7836747788687,1.0850679280194806e-13
6454.573666508365,384.868083363694,1.78913901590371e-11
6455.040586329907,384.92360103692516,-1.8889391080192417e-11
6456.412717471501,385.08677333498207,5.685293506711846e-11
6456.827171031884,385.13606650789467,2.881717889924516e-11
6457.0110035579555,385.15793170390185,3.243458434444916e-11
6457.521724925906,385.2186806021391,-2.7321709294079172e-12
6458.1734506999355,385.2962085633379,2.169327674192652e-11
6460.310284965127,385.5504568658235,-5.975988904460074e-12
6460.549694766255,385.5789479532957,-4.490553367812473e-11
6461.025021886702,385.6355176326965,5.763370830978909e-13
6462.923877612867,385.86154596503854,4.8938845993329784e-11
6462.938048723901,385.8632330583101,4.2208158320814916e-11
6462.939537360122,385.86341028303076,1.0647902612489396e-11
6463.143209441278,385.8876581819467,-7.575017254526913e-12
6463.39728656529,385.9179080549661,1.4584263785163164e-11
6463.747612499518,385.95961905340033,-1.1081474692122995e-12
6464.175979374951,386.0106249442476,8.010690510170177e-12
6464.460879781303,386.0445500715356,-1.537429669831803e-11
6464.615139243658,386.0629194720096,-1.4578515149119005e-11
6466.325391055055,386.26660766411453,3.5755804906829145e-11
6466.389518680233,386.2742462073504,-5.10051171369883e-11
6466.866334436015,386.33104435166297,-3.697339058915252e-11
6468.358619001359,386.508831888476,-1.4910952077124408e-12
6468.7445586017175,386.5548185692947,1.1680163127159008e-11
6468.7540823786585,386.5559534108031,-5.849579285718914e-11
6468.84813622885,386.56716084125975,4.7483665245989604e-11
6469.727448389045,386.67194731515,7.042823068543044e-14
6469.871315703071,386.68909314956727,2.8675472941804705e-13
6470.65721327516,386.7827616659887,5.7203866501891e-11
6471.559265893074,386.89028833964545,-5.72276574194625e-13
6471.978166362892,386.94022730168547,1.9854601893630547e-12
6473.263925625904,387.09352848901597,6.755898963313765e-12
6473.400731225987,387.1098416249296,-3.3755138040656398e-12
6473.833802806543,387.1614847339914,4.93823078596549e-13
6473.909639479411,387.1705284941564,4.1189422664832084e-13
6474.782882348555,387.2746730677634,-3.0574471831793173e-13
6475.9565136335295,387.4146646499917,8.038595876751835e-11
6476.9933106319595,387.5383556482264,5.4588462250746936e-12
6477.261959711067,387.570409002749,3.459335090806603e-11
6477.863080015743,387.6421353454543,-3.347081296274233e-11
6477.957458341302,387.65339727669766,8.16887179314605e-12
6478.429397652473,387.709715084479,3.876567979866263e-11
6481.729919567366,388.1036900634797,-1.221085992602655e-11
6483.256758687418,388.2860128852164,-1.1476097378288982e-11
6483.393564287067,388.3023512035399,7.573040308043606e-12
6483.830557879413,388.3545424616657,8.338350969639266e-13
6484.908493935897,388.48329815176623,-1.0862063909801332e-11
6485.690793966729,388.5767545565391,2.2434334997928015e-11
6486.5835995956895,388.6834261361386,1.769598716659569e-11
6486.7118548452245,388.69875115927505,-8.21266403729055e-11
6486.914458131099,388.72296053268633,8.62265674162002e-12
6489.08956852902,388.9829154016329,-4.148088220991816e-11
6489.604211904924,389.0444349378953,-5.367451051441979e-11
6490.370203236199,389.13600918805463,1.8432317246035e-12
6490.961828447703,389.20674536941425,9.84687181393674e-12
6491.357740350833,389.25408518202255,-1.2942813086388554e-12
6491.511646650044,389.27248878108963,2.5442746827810633e-12
6493.229828531748,389.4779728336937,1.1574819884569436e-11
6494.027110670164,389.5733413766166,5.3945307252334694e-11
6495.750359726999,389.77951136225636,7.854130834337134e-12
6496.154821979476,389.827909262324,-1.8708152067342187e-12
6496.361375964081,389.85262664743993,4.10483645338318e-11
6497.866486040425,390.0327601200431,-6.568168855283821e-12
6498.169832729588,390.0690700871628,1.2951835901376456e-11
6499.867306681366,390.2722854664759,-8.225778022543065e-12
6500.3751651340235,390.3330947403767,2.0106072061520618e-11
6500.466613869913,390.3440450111789,-1.180088306876936e-11
6501.668854470369,390.48801824412595,-1.0219427255580722e-12
6501.788559369367,390.50235485323526,2.5304221285021765e-11
6502.269001343511,390.55989825152096,1.7509686326094278e-11
6505.292676968849,390.92214689920746,-2.0549528124029935e-12
6505.302840007989,390.92336475664735,1.9340422474172745e-11
6505.945051684314,391.00032613348077,-8.587472247075191e-11
6506.059364931044,391.01402600334603,-2.834591604700656e-11
6506.230371929378,391.0345207846713,-4.14712544880461e-11
6507.656715740017,391.205485676682,-3.714625166948735e-12
6508.687624863936,391.3290761775974,-3.5102156174713533e-12
6508.954928354403,391.3611250424771,2.6501157198660153e-11
6509.160136752219,391.38572979014407,3.5731921229871655e-12
6509.55363427339,391.4329128128275,4.119076743472973e-12
6509.620223960813,391.44089765034073,2.3490253034932692e-12
6512.092067846048,391.73735676962525,4.206720093472638e-12
6513.61612041281,391.920199194067,2.887223199882574e-11
6513.776763949008,391.939474285486,-8.870168245059192e-11
6516.205531605958,392.2309520812102,6.619743360530751e-12
6516.423765950761,392.25714783026376,3.014650966845991e-11
6517.7299086464045,392.4139489440274,-1.17299028239097e-10
6518.203565696696,392.4708187598281,2.6892833441671218e-11
6518.607054519429,392.5192670601269,-1.1187215611732133e-10
6518.92339846788,392.5572536709028,-2.8943321006631652e-12
6520.016345308224,392.6885090157272,-3.446700570318016e-11
6521.500881189245,392.86682673397996,-5.578456663514193e-13
6521.843820927756,392.90802533454104,7.819500622998052e-12
6522.822330467967,393.0255891610218,3.373881173745441e-12
6523.790228440145,393.14189540358996,7.088901131268847e-12
6524.043761663837,393.17236375676094,-1.6917331580415522e-11
6524.0598889366665,393.1743018917016,-2.907482860401173e-11
6524.127299311488,393.1824031522587,-5.123447248034855e-12
6525.22233605412,393.3140144705104,-2.51991878756163e-11
6525.502837227061,393.34773116617544,-5.898076334473688e-11
6525.971799258817,393.40410439971146,7.468047858110584e-12
6528.075023657922,393.6569797267449,-2.6488932600783507e-12
6529.0240555003975,393.7711106062548,6.473474676538979e-11
6529.109558998955,393.78139409964643,-4.139418715588492e-12
6529.42819327305,393.81971738369276,-7.455653353380222e-11
6529.780379995254,393.8620783166878,5.650637993461894e-12
6529.865263228713,393.8722883929952,-4.683420071495522e-13
6529.9678674269535,393.8846301911378,6.268162599871377e-12
6530.749022283442,393.97859815852166,-6.570302099692486e-11
6532.068505707347,394.1373491619619,-4.164247032227471e-11
6532.901086715421,394.2375359799574,-5.199010907175389e-11
6533.188029336268,394.27206755253223,2.4116173715744588e-12
6534.499239201561,394.4298819496941,1.148275059817834e-10
6535.102344343737,394.50248102013757,-1.7947865591450674e-11
6535.4815277007965,394.5481288289664,-2.442452238519792e-12
6538.183286270968,394.8734554211892,-5.211277539433814e-11
6538.452555610022,394.9058862922863,2.2874116434616586e-13
6539.341410525027,395.0129496967605,-2.7114285940129694e-13
6540.44961626011,395.1464544962325,3.277959622907303e-11
6541.144771403773,395.23021091502045,2.5186090148490525e-12
6542.176023989854,395.354478746798,-6.568708145016943e-11
6542.271423423836,395.3659755438559,-5.257147225512942e-12
6542.91492330637,395.44352951912316,8.754990470150124e-11
6543.0175275042,395.4558959815852,2.4740005474648116e-11
6543.330121173611,395.4935728078045,1.2648183034584952e-11
6546.215693260972,395.8414549901694,7.712620479202043e-12
6546.3595605715645,395.8588035282603,-6.9398673623896284e-12
6547.327305797514,395.97551100194937,1.953188198103829e-12
6548.909025525446,396.16629929173956,5.988275319486184e-11
6549.037977407174,396.18185560187646,-3.1555930535486957e-12
6549.203220592151,396.2017904173839,1.4613318385074587e-11
6550.560837109804,396.36559131104616,2.780570516096018e-11
6550.7606061695315,396.38969696999385,1.0176324973750118e-11
6552.726853219472,396.62699856726994,1.0851296700890288e-11
6553.298419444804,396.6959928714238,-1.1116535728054247e-12
6555.401643826231,396.9499269067914,4.935346874623564e-11
6556.357909110768,397.06540910610204,-4.173427721382628e-12
6556.554443102782,397.089145378322,3.7975754248895065e-11
6556.740022054301,397.11155921537693,-6.333055406107971e-12
6557.351057277072,397.1853632529413,-2.1457133417529216e-11
6557.955088158506,397.2583280292524,4.625334967811385e-12
6558.162586879868,397.2833946857282,-4.764337650127932e-11
6558.329318700561,397.3035371159699,2.5758175756604613e-12
6558.547534045313,397.3298999082572,-1.0191230174980433e-12
6559.305518905919,397.4214795569252,1.9274111807931065e-12
6561.630088639598,397.7023998178246,-6.516041831481997e-11
6563.436407781178,397.9207591093642,-7.691966561549768e-13
6564.461524390125,398.04470842736487,2.0941878766069487e-13
6565.822919864277,398.2093479570995,-4.776132063651276e-12
6566.237917305993,398.25954220896296,-5.1519948499393865e-12
6566.39182360164,398.2781580973037,2.943314588008811e-12
6567.034903636975,398.355947200097,1.1414683833023272e-12
6567.827910582331,398.45188245022797,1.2652319144954073e-11
6567.931488206275,398.46441376991004,-8.243547107452284e-11
6568.168416939084,398.4930792918935,2.6160795095339852e-11
6569.338889492314,398.63470754056607,2.3904755937087955e-12
6569.608082459201,398.66728370503085,-5.622148937217878e-14
6569.648973412729,398.67223220676925,-7.364581262938795e-11
6569.936708031852,398.7070538666247,1.1158394299133501e-11
6572.630784594927,399.03316515319085,3.632175988140836e-11
6573.5826029631535,399.14841236812276,6.5205725732783866e-12
6574.78447137749,399.29395975815635,-9.20635236110657e-11
6575.027039867832,399.32333825647464,-6.408429078254249e-12
6575.0426519311295,399.32522913677775,1.7227550229067792e-11
6576.363900765555,399.4852705953075,-1.8660428261488036e-11
6577.698996234348,399.6470219460779,-4.5505782474549945e-11
6577.766406608062,399.6551898125938,2.3788912042300054e-12
6578.494169450761,399.74337548379236,4.031609383101489e-11
6578.57830836487,399.75357153128806,-1.991118852939937e-12
6579.005138905453,399.80529734121274,-2.3341368090369774e-11
6579.052165828943,399.81099654283673,-6.75502069239246e-13
6579.627635065522,399.88074106628744,6.567884621032537e-11
6580.5802931166445,399.9962127433144,1.2504694390240563e-10
6582.595303814397,400.2405072554434,9.115837735874532e-12
6586.927927569036,400.76603628302394,4.9278150259305485e-11
6587.370389169008,400.8197244725325,3.0811439230940554e-11
6587.942575653403,400.88915879712357,-1.3064778713544913e-11
6589.571770813807,401.0868932238226,4.597340067270315e-12
6590.012295248618,401.1403678044463,8.42002440057211e-15
6590.196433245504,401.1627210908447,-1.801831493599803e-12
6590.97097490277,401.25675280134914,5.274739244179496e-13
6593.76119519931,401.59558563334144,4.5874863705541855e-12
6593.886349119275,401.61078716920304,4.6060370324468666e-11
6595.0042026655765,401.7465775021631,3.053439982748391e-11
6596.290830250879,401.90289801538563,-5.0285964761529704e-12
6596.355406402128,401.9107445835946,8.272782572377395e-13
6596.401984796729,401.9164043143556,-4.7802027326484116e-11
6597.112770988998,402.0027767506326,7.431067177294002e-11
6597.501745218722,402.0500475793611,4.8845576829928066e-14
6598.331740094164,402.1509235943821,7.701793613469816e-11
6598.558648836189,402.17850386465096,4.795029434814934e-11
6599.171277743182,402.2529723296821,1.3110163800161942e-12
6599.622967328647,402.3078821491674,-1.538483972801765e-11
6600.423160032733,402.4051671117432,1.4746288604377282e-11
6600.616888486234,402.42872179346057,4.853003868125213e-11
6602.616535214711,402.67189138111286,2.4445459828870393e-12
6604.978636750776,402.959232640497,-7.085517571050122e-11
6605.025615990486,402.9649485404886,7.415551129121538e-11
6605.1447006206345,402.9794375870863,-3.70416437280021e-12
6607.5501551710195,403.272165570407,-4.588831366887151e-14
6608.321910285592,403.36610567128383,7.768566785503876e-12
6608.752395732125,403.4185102803366,-1.24800504475443e-13
6609.075276487147,403.4578180068346,-2.4828389661869136e-11
6609.183997655719,403.47105422930264,7.382331475789666e-13
6609.547215779308,403.5152756776298,9.255828131562794e-13
6611.058194670329,403.6992619499321,2.6323693439714298e-12
6611.513634530773,403.75472741421527,-3.4820483438611703e-12
6614.814404416934,404.1568238452279,-4.248151938767492e-11
6614.917008612534,404.16932620025386,4.6515729021958473e-11
6614.94079886624,404.17222507819815,2.5049470897357512e-11
6615.184808306404,404.20195859476115,1.5941213892514188e-11
6615.679421374293,404.26223252058935,3.395005524636907e-11
6615.829653760681,404.28054084608453,6.562023607664115e-12
6616.119745383052,404.31589453192015,-3.943302990297151e-11
6616.830359834717,404.4025042032355,5.020840519550799e-11
6618.031903757835,404.5489695072055,-9.869156850145054e-12
6618.112836289839,404.55883594348256,1.9460128665168223e-12
6620.5037952449675,404.8503707458587,-1.1433919784713509e-11
6620.622708138144,404.8648728012801,-1.1254036154322772e-11
6620.908276479273,404.899700432713,-3.183984001393974e-12
6621.278537317837,404.944859313596,-8.011066438590924e-11
6621.312738716306,404.9490308162042,-1.2535101509719848e-11
6621.4025173872815,404.9599811130681,2.447599714841866e-11
6621.730570373175,404.9999949703291,-6.461867199329132e-12
6622.164977830983,405.0529843334116,-1.0477593555763427e-11
6622.350232303214,405.0755828768189,-8.628626200492299e-13
6622.569440067867,405.10232407989986,-2.954451320717391e-11
6624.160702533648,405.29646906998016,-1.85368938162186e-12
6626.725655437828,405.609509192414,1.9440976452579087e-11
6627.561242380579,405.71151471658044,1.3071038191590777e-11
6627.7859658498155,405.7389503643696,-1.0488021870124695e-11
6628.589364928296,405.8370419604504,2.788619400945771e-12
6629.749473998975,405.97870730311627,-7.452978114580489e-11
6632.476587751674,406.3118232011208,1.3259383293736344e-12
6632.505025339086,406.3152975632402,4.981193538041451e-12
6632.641830932505,406.3320119942365,-4.1790631447225844e-12
6632.895488200864,406.3630038681828,1.4448381576049585e-13
6632.974779357162,406.37269191384445,3.8620976764160875e-11
6633.440706729016,406.4296227417404,6.589890688192762e-12
6636.805432479161,406.8408712448268,-1.2534678499583912e-11
6638.001584743288,406.9871193887122,1.697003042120372e-11
6638.5827700972695,407.05818781531644,2.1025628202131958e-11
6639.779294519809,407.2045206393671,-3.038062374589014e-11
6640.652861820353,407.3113730333282,1.1544624951458167e-10
6643.8820701839295,407.7064831081388,1.846906494058055e-11
6644.267437181948,407.7536475506842,-3.9246185754605196e-11
6644.512744522495,407.7836717435886,-1.62895760553503e-11
6644.747879135346,407.81245189421924,-4.324069876215603e-11
6648.7936365686965,408.3078065132051,5.427055233800888e-12
6650.438119287006,408.5092399432912,-2.6962016108269742e-11
6651.134161776039,408.5945135064089,3.167522204941987e-11
6651.683111580586,408.66177274405914,-1.144156824458393e-10
6652.247940551226,408.7309833464938,1.484683343495458e-11
6653.579905978419,408.89421731248007,-6.090559676772919e-13
6653.791679868625,408.92017346865134,-6.335671836289827e-12
6653.8426098068,408.9264158412338,2.5804257456228245e-12
6654.26747448688,408.9784924497935,-5.787257005083547e-12
6654.7645496120795,409.03942427403103,-5.0945585694430015e-12
6654.89280485507,409.05514663210135,2.2171471792376e-11
6655.130678322424,409.0843075039838,6.543873121770623e-11
6657.22642108405,409.3412693323635,2.0520197711865672e-11
6658.921537946976,409.5491690676366,-5.8520795491100615e-12
6659.631875597479,409.6363050579298,7.512928815507498e-12
6659.894455372387,409.66851765442,2.6608464582972714e-14
6660.813560954001,409.78128111422916,-1.4361364700276335e-12
6661.01876934242,409.8064598982773,-6.987054309776913e-12
6663.218042038048,410.07635630664,5.579713213680273e-14
6663.525959676249,410.114151302514,-3.074824570960705e-11
6663.705517015974,410.13619166756183,-5.458548877378697e-11
6663.79002808699,410.146565466626,1.8403437083063334e-11
6664.101428898415,410.1847912916109,8.467431139104358e-11
6665.839364186107,410.39816332789025,-3.993354571390373e-11
6666.398104867912,410.46677357981696,1.4468217943719681e-11
6667.107030250341,410.5538339558605,-8.572318160887839e-11
6667.269811366499,410.5738257801733,-1.5415830686538903e-11
6667.329339337385,410.58113677916685,7.890132073433175e-11
6668.030783163809,410.6672903585545,-7.306974466313731e-13
6668.1504880568045,410.68199380258665,-3.2787930190185015e-11
6668.50481235175,410.7255172750981,3.761623850644945e-11
6668.574035835405,410.73402062108227,-2.7298367868477727e-11
6668.633067594225,410.7412720951477,-3.013587397310329e-11
6669.200110519054,410.81093104087535,-5.79645641810615e-12
6669.838046988936,410.8893060538531,-2.8282458032286293e-11
6670.077456774798,410.9187211760546,4.513114280196895e-11
6670.309289638011,410.94720636465064,-4.1740629709842727e-11
6672.358005468197,411.1989740922496,5.431525507867002e-12
6673.211666525627,411.30390375258764,-1.263914451949051e-11
6674.599657744972,411.47454045821075,-1.5170875098187058e-11
6674.7792150841215,411.49661745020194,-2.3739184048499154e-11
6675.19292429891,411.5474862198628,-1.0493306623052058e-11
6675.870625553863,411.6308216790935,6.036663391998514e-11
6676.43085487017,411.699718255414,-3.3308833035944464e-13
6676.73251248428,411.7368182745952,-8.99366118259794e-12
6676.916669473679,411.7594680473489,7.402884781763998e-12
6677.020247094276,411.77220750473606,4.338982969183351e-14
6677.572918485003,411.84018627844813,4.784550142522522e-11
6678.038053849316,411.89740245073773,2.5633955657620975e-13
6678.643077133187,411.97183216068066,4.522920370575368e-12
6679.399077118607,412.0648444377845,1.3571179504472171e-12
6680.408629312913,412.1890681960641,-2.4879069168463905e-11
6680.739115669941,412.2297380846117,4.8717920499742106e-11
6682.455980554003,412.441049085378,-1.0736462081844385e-11
6683.300986203688,412.5450719603611,-1.9223598176009208e-11
6684.038396853043,412.6358602970806,-5.025223349971743e-12
6684.277806637922,412.6653380439997,-6.744971580429846e-11
6684.450436005214,412.68659399077495,-8.713692229226703e-11
6684.8778867975125,412.7392285990623,5.230115837769628e-12
6685.672239301114,412.8370509791271,-1.7866199919145844e-11
6686.330377792124,412.9181077734536,-1.0513315777121046e-11
6687.475724154343,413.05918845309526,1.2684621253803836e-11
6687.638552952951,413.0792472277722,4.074198519549999e-12
6688.000883699901,413.1238842713449,3.868554823626012e-12
6688.188991387806,413.1470589996016,-2.309273443665658e-11
6688.468872282051,413.18154132549705,7.674896349059459e-12
6689.514544039035,413.31038458744734,1.3349116546933648e-12
6689.631147606035,413.3247532352294,1.8459683710158775e-11
6689.683566179806,413.3312126734637,2.8034687218652348e-11
6692.472669918344,413.6749814620906,1.7544008847290373e-11
6692.505382679981,413.67901429801,2.01460560170453e-11
6692.78451925582,413.7134271136963,-5.431261600957018e-11
6692.934150370993,413.73187468874397,5.137504865560812e-11
6693.140704343396,413.7573407911362,6.428352248881143e-12
6694.35572271514,413.90715668600313,-1.8397274476495775e-11
6694.808748184926,413.9630232261249,-6.0169446632961e-11
6696.442218468909,414.16449215037676,8.817249107883632e-12
6696.897009366752,414.220593888035,-7.1953261973722185e-12
6697.128842228172,414.24919360982295,-5.0701362326657544e-12
6698.966728895772,414.47595684512953,3.414858036104363e-12
6699.210394857113,414.5060256564557,-5.206225549949089e-12
6699.363184669634,414.52488074792535,-1.3341955346127467e-11
6702.1575083158095,414.8697912888377,5.822733864384748e-11
6702.673077402258,414.93344502193406,-2.308754782411869e-12
6703.955429772298,415.0917893947668,3.255465800397536e-11
6706.2969473664,415.3809972313003,8.230311533308759e-11
6706.449489072593,415.39984161741523,-1.3122464822356073e-11
6706.625945084861,415.42164081498265,-3.1045912913560025e-11
6706.726688482574,415.4340868098119,5.511604833370697e-11
6707.558668179667,415.53687801285764,1.2524473789634136e-12
6709.734599121392,415.8057748539742,8.386073919200665e-12
6709.994373356702,415.83788301999664,-5.584963635084661e-11
6710.865526259943,415.94556682951037,-1.2979182943913356e-11
6711.569851982989,416.03263923679856,-9.917470830226937e-11
6713.332321818038,416.2505649632881,-8.062081337694253e-11
6713.3521613719895,416.2530184085176,-1.7463460158098537e-11
6714.320803607458,416.37281372436826,-4.7912220242901103e-11
6714.355329480621,416.3770839768188,4.4351041122755284e-11
6715.270951874607,416.49033861926495,-7.759278897435175e-11
6718.382812284507,416.87536451345363,1.090111589644827e-11
6719.232694368023,416.9805501802318,-6.092216019942747e-11
6719.350213988506,416.99509604465356,2.728407402339435e-13
6719.4784692291105,417.010970989218,1.179714628920676e-11
6721.875096557917,417.3076721137705,-9.767319844194178e-14
6722.1795597039,417.34537205559315,-7.601404831208748e-11
6722.659658173667,417.4048233910693,3.2728033084913485e-13
6724.6320410939215,417.64911116884707,2.422543069007595e-11
6725.206536879152,417.7202783229054,-2.5492618933257844e-11
6725.6329188728105,417.7731014278032,-2.932476983616994e-11
6725.997110410965,417.8182226074192,2.630007184622877e-11
6726.284472857879,417.85382684107566,6.578571344002648e-11
6726.2920307831655,417.85476328924494,1.1432358986543578e-12
6726.644589643897,417.8984474916101,-2.269222704916688e-11
6727.491685186852,418.0034171778264,-7.26626755354691e-11
6728.019135052953,418.0687839524569,1.1739956339463038e-12
6730.45317015436,418.37049991125645,3.411808269390347e-13
6731.028639365493,418.44184936321034,-2.640092276937393e-12
6731.133581567584,418.454861261885,1.523612157172269e-12
6732.55775900946,418.63146664178845,6.419973587274004e-11
6732.811292217502,418.6629099905326,-3.380083478309023e-12
6732.888245361572,418.67245400234674,5.367037837567389e-12
6733.96966451117,418.80658711833587,-5.781728454938874e-12
6734.098368279869,418.8225522404835,-3.755398124629365e-12
6734.689001024358,418.89582148225713,-9.339702568469925e-11
6734.757403819051,418.90430740888485,-6.3828094204179966e-12
6735.28338404519,418.96956244108003,-5.196106226223032e-11
6735.30883467059,418.972720068089,-2.1132506768290004e-11
6736.010898748421,419.0598289774572,-5.265711246926007e-11
6737.447157394284,419.23806168755755,1.3653370244381645e-11
6739.46525032792,419.4885614091111,5.135628239189966e-12
6739.545810698056,419.4985626793587,-1.84102396847812e-11
6739.920041220209,419.54502357402174,4.543091319942439e-11
6740.1518740788,419.57380702613864,4.528089804984515e-11
6740.425618999123,419.6077953890171,3.119596686510768e-11
6740.528223190998,419.6205351536912,-8.923470837863493e-12
6741.115821289838,419.6934975213002,-6.3994925027347315e-12
6741.12375137412,419.69448224756826,1.1314458299179166e-11
6741.68306462554,419.76393846064735,1.8535278163433185e-11
6745.085121679595,420.1865342499703,2.0723817390081283e-12
6745.155957850844,420.1953356238501,2.1617603486210217e-12
6745.18884234841,420.19942154461796,2.9469537567454024e-11
6745.2133769192715,420.2024699943956,5.153896440905357e-13
6746.862831401455,420.40744211817906,-1.181358120946703e-13
6747.623574072697,420.50199392174,-3.0404495780946727e-12
6747.78799656041,420.5224311986166,-4.3671172046935605e-11
6747.960625924586,420.5438891042623,4.7675917460309085e-11
6749.505558046389,420.7359492840663,1.2868565577290279e-12
6749.648604660764,420.7537345277696,-1.9133792424260934e-11
6749.986648936527,420.7957656804783,-1.496920622354099e-12
6751.267655703549,420.95506034203373,1.7798983710111703e-13
6752.278505779697,421.08078204686205,-6.619324675478084e-12
6753.508487242353,421.23378300204064,4.751604143504434e-12
6753.593370470229,421.2443429004756,5.360932941191006e-12
6755.006039278874,421.42010545634304,2.365702437079538e-11
6755.7966128040625,421.5184837072846,-6.254806002874368e-11
6755.887317215001,421.52977161797855,-3.284394137999511e-11
6756.262740582108,421.5764936195966,5.814072918643374e-12
6758.132691028792,421.80925043164046,2.3932702458945622e-11
6758.356250329125,421.8370816561815,5.995412420649535e-11
6759.191064236063,421.9410169991905,-1.2751489943564284e-10
6761.9412715056105,422.2835119466677,2.3468255231678764e-11
6762.763908839035,422.3859855250209,6.193904221196429e-11
6763.372090805942,422.4617530269322,5.990757313696811e-11
6764.177722807325,422.5621294073309,4.9235756931186634e-11
6765.065785662174,422.67278997627403,-1.2576829973965935e-12
6765.117259494174,422.6792045212246,2.2465400860161772e-11
6765.672297567214,422.74837512942173,-2.601881285732834e-11
6768.747647212319,423.13173780436495,1.892723819388624e-11
6768.809312768807,423.1394266055651,-1.5790370332126635e-12
6769.700582003483,423.25056278486613,-6.390452815639637e-11
6770.46453105085,423.3458345110368,-3.6650559213342395e-11
6770.568108668702,423.35875245462125,4.4231597430437516e-11
6771.568070380252,423.4834753625642,2.66267439482434e-11
6771.626978084342,423.4908233585403,1.297024636766185e-11
6772.854373424447,423.64394004767814,-5.332047044267687e-11
6772.931326567656,423.65354082162565,2.19495444166227e-11
6775.82428465062,424.0145491576083,-1.1056908964135217e-11
6776.7450028910835,424.1294766850639,-2.716699513848436e-12
6777.23682939753,424.1908747254331,-4.463790443564301e-12
6778.57598054356,424.35807263391445,2.22663076875185e-11
6779.744888019775,424.504042000679,-8.430263664709227e-12
6780.581944564852,424.60858636678614,6.16028967564774e-11
6782.057424082423,424.79289814072297,3.868934664796811e-12
6782.332657635637,424.82728379778223,-1.3789291945075446e-10
6782.860775442109,424.89326686225826,-5.844559014575047e-12
6783.194744962744,424.9349956821982,4.754703753681543e-11
6784.570406827164,425.10690352705893,8.15317065721603e-11
6785.418170304868,425.2128605786717,-1.7018320533816784e-11
6785.7973536342615,425.26025679391944,2.2750613157534396e-12
6786.196863040218,425.31019654285086,-2.9808733530507275e-11
6786.295516531792,425.3225289469536,-3.879562417234318e-12
6790.004699169406,425.7863338456246,3.750892722227103e-11
6790.098753010661,425.7980978532051,4.201041671149545e-11
6790.353402691703,425.8299495847278,-5.12773409533579e-12
6790.531175599487,425.8521862323701,2.4841011625729316e-13
6790.718414910923,425.8756076105153,1.3838201693516583e-11
6791.556015348904,425.9803892228601,1.9004044828631278e-11
6791.5888521626375,425.9844972851683,-1.9684440162048385e-12
6792.835161306067,426.1404319567948,-5.1994578809276394e-12
6793.173205577785,426.1827320319309,1.1023671797043965e-11
6795.068635316537,426.41994948465776,-1.855612570853163e-11
6795.0985615387135,426.4236953518505,1.3739368030403798e-11
6795.287642647789,426.44736302807786,-1.4834872937320794e-11
6797.489224583719,426.72298810052996,-1.1100711373387252e-12
6798.060790768548,426.7945594142511,-1.6905883937209228e-14
6799.113695942897,426.9264195779893,1.0979766431783741e-10
6800.164015001032,427.05797621664675,1.3603572268328448e-11
6800.821036993832,427.1402811657104,-3.663438204992969e-12
6801.204791285633,427.188357630011,-3.535326817452559e-11
6801.427100364278,427.21620959395693,-6.835056264828009e-11
6801.616210159217,427.2399029065657,2.9120553279294433e-12
6802.498995717291,427.3505146406269,-1.2015504217387755e-11
6804.225403315871,427.5668724657719,6.485812339141074e-11
6804.363506805054,427.5841823206254,1.213359625232629e-11
6805.649065519607,427.74533076709736,-5.96472127899262e-11
6806.091574775239,427.80080760569035,-5.99438903093044e-14
6807.222578253003,427.942616505343,-3.0042357718287237e-13
6808.317614905497,428.07993821838596,5.128494354116322e-12
6808.545697483332,428.10854341062975,1.2501370103239863e-12
6810.57378167906,428.36293965213264,-3.833862748596799e-11
6810.629358948578,428.36991214945556,5.085271915503263e-11
6811.385683381616,428.4648031806157,1.992303441954182e-11
6811.668818330551,428.5003289632486,3.8264655817079853e-13
6811.670679125641,428.50056244761726,-1.9623530737223517e-11
6811.84330848677,428.5222234966429,8.472115379616869e-11
6813.269947959691,428.70125523851067,1.814989896600453e-11
6813.575155415985,428.73956117979805,4.641497911172834e-11
6813.810223336974,428.7690652263192,6.7307564065187255e-12
6814.505721898497,428.8563651993178,4.149457427683814e-12
6817.077908113692,429.1793071013261,-2.1717201987733323e-13
6817.233503456914,429.19884624310276,2.946155206499175e-12
6817.629090846663,429.2485247900613,-6.971935585617586e-12
6819.0749686029,429.43012513627383,-1.728036337990739e-12
6820.08350933647,429.55681932622844,-9.469480926075767e-12
6820.946713131727,429.66527098334035,-9.559951374430875e-13
6822.158496393046,429.8175408114336,-2.008434260658667e-11
6822.286751629995,429.833658645127,7.202212621591955e-11
6822.946607840745,429.91658755492966,1.1686359083020188e-11
6823.351070054616,429.96742321598396,-1.2936980063310376e-11
6824.275939404662,430.0836786366523,2.9433313500750827e-11
6825.546582684699,430.24342328904015,8.411876140819664e-12
6826.297935305489,430.3378969660922,2.7779610918465222e-11
6826.474887523902,430.36014812091145,3.6227258122687656e-11
6826.628793808063,430.3795017949037,-4.2773141084040876e-13
6827.137472900024,430.4434711586954,-1.8740344679092816e-11
6827.217909215209,430.45358693109347,1.0354651007382971e-11
6827.453845506364,430.48325926399195,-1.2027464333741684e-11
6827.590651092249,430.50046497523607,1.0810775209803022e-11
6827.8309866109485,430.53069223327515,-1.5469279381655583e-11
6833.275317874261,431.2157167154561,1.3902390932751992e-12
6833.570238237723,431.25284019942137,1.7792870306197644e-11
6834.332154740259,431.3487548455631,3.82594274121863e-11
6835.451248740155,431.4896525380198,2.0057775189593688e-11
6835.818226805759,431.535861331689,-2.7008067901146636e-11
6836.023435184119,431.56170164579436,5.1976164101415775e-11
6837.5808206331885,431.7578365099632,-4.746329981696421e-12
6838.336820585099,431.8530621553252,2.636909545038915e-12
6839.454177841722,431.99382359405854,2.3792848577466407e-11
6841.325941357467,432.2296744847428,-1.8104480290728373e-12
6842.004339215647,432.3151716977347,3.0989383391589527e-12
6843.151002427928,432.4597027920818,3.597945464672583e-12
6843.203650108249,432.46633934727237,5.478553912959678e-12
6844.63637785528,432.6469628552574,-4.782386047503409e-12
6845.294373266985,432.7299287873256,1.045484167739342e-11
6845.380745128785,432.740819914416,4.7764037482132805e-12
6847.336475812808,432.9874660803936,4.835732305442583e-12
6848.5558646739455,433.14128446178427,-9.439592258055011e-12
6849.307541765687,433.23611753526296,-1.2447690489560436e-12
6850.041392838338,433.32871168351204,3.7280712776133295e-12
6851.542008166006,433.51808370569165,3.9342110373763085e-11
6853.344395456402,433.7455930487711,-8.68603543063957e-12
6853.40982097676,433.75385261977095,8.740681589216792e-11
6854.058015818846,433.8356875066517,4.724065788173886e-11
6855.157976583232,433.97457575258153,-8.993036636676312e-11
6855.2263793756665,433.9832134729706,-7.807054944247999e-12
6855.749849838148,434.0493187666536,-7.362954423425823e-11
6855.912306470148,434.06983526452177,-7.298798074005484e-11
6856.1903742397235,434.1049533143013,6.038416192910853e-11
6856.369931569807,434.1276309288667,-6.277001188227197e-12
6858.867302201852,434.4431037898531,-2.6103894554894822e-11
6859.576771441728,434.53274632039194,-1.1709347356020609e-11
6860.747243897899,434.68065758354516,5.551384493121768e-11
6862.4687560298025,434.8982489536134,1.8119237216737237e-11
6866.040903897715,435.34992650011515,-1.218304168274609e-12
6867.147668576591,435.48991822161946,-9.218847788593626e-13
6867.331806559048,435.5132115347609,3.0223371545329237e-12
6867.4663028198,435.5302256030013,-2.5300250347611574e-11
6868.311556532221,435.63715965546953,6.708273150906255e-12
6868.475979014523,435.6579624683032,-6.494795628658642e-11
6868.8124105902825,435.70052950769383,1.7517896880489846e-12
6869.241550419433,435.75482949422707,4.0402456296293905e-11
6869.449220858817,435.7811077000797,8.755075899197883e-11
6870.346750091723,435.894688406738,4.120043728047387e-11
6870.769305422524,435.9481671598178,-4.049092748299922e-12
6871.037849415169,435.98215589247087,-4.175056413887605e-11
6872.57627335658,436.1768947702509,1.859755575316689e-12
6873.08860735177,436.2417574079158,3.9407865934651664e-11
6873.221137761475,436.258536843422,9.24104687058731e-11
6873.6894031118845,436.3178256637935,1.0213916490251362e-10
6874.061524719272,436.3649442470258,2.0844426911856688e-13
6874.121377162346,436.37252308920586,-7.937148825514068e-11
6875.780822888239,436.58267741893457,7.644139077090101e-12
6876.098483703909,436.622912175576,-3.937246762665633e-11
6876.981622406087,436.73477983977136,4.82800126434502e-11
6877.356301442817,436.78224497966073,-2.6622931524620907e-12
6878.063308616356,436.87181720076495,7.510482799110634e-14
6878.101785186864,436.8766921423376,-2.791398175490099e-11
6879.878378367312,437.1018143555252,6.4247078491975605e-12
6880.95452018603,437.2382066732689,3.082150353644958e-11
6882.44909489863,437.4276673812408,8.963167797473843e-12
6882.718240158244,437.4617901222878,-1.6126221901555268e-11
6882.816368749049,437.4742313811029,9.019066678759371e-12
6882.9078174748765,437.485825891182,-1.3502624568606874e-12
6884.2207162679315,437.6523013790268,9.99504993318625e-12
6885.4572821846805,437.80912689910133,6.240237774377117e-12
6886.946140768382,437.9979864117952,-6.3868060402832e-13
6887.6654772515885,438.0892478124505,2.3954288968129063e-13
6887.768081439351,438.1022658656862,1.5102146023675847e-11
6889.103797055799,438.27175439184276,7.640196602051906e-12
6889.182095782412,438.281690711877,-7.29325006624014e-11
6889.250498574225,438.29037130346205,-8.56027631118599e-12
6890.968680259271,438.50844379754705,-1.0753307844024798e-10
6892.279269725885,438.67482104000976,7.738070921690784e-13
6892.51012914807,438.7041315530203,2.3713060262640734e-12
6892.663491534099,438.72360338336955,1.0344637247423138e-12
6893.3918745772,438.8160892829455,-1.4584404710281105e-11
6893.566145309788,438.83821862950094,-2.3782320863858062e-11
6893.80555508086,438.8686204111493,6.778726143259878e-11
6893.950615223876,438.8870415881642,5.2840370407679415e-12
6894.881849634821,439.00530820966725,2.8816089586491787e-11
6895.21857699765,439.0480764634057,-1.4512310315925989e-11
6896.1855778097615,439.17090831666263,-1.1006126747736762e-11
6896.320398545093,439.1880350900873,-4.024580132577154e-11
6896.923933156565,439.2647084138854,1.1372531636952453e-11
6897.4349502488385,439.32963351388196,2.313616605560413e-11
6897.861799748316,439.38386874604123,-1.524437580052707e-11
6897.944993914242,439.3944397358862,-1.672696868039481e-11
6899.41478594432,439.58121852572185,7.394492922526398e-12
6899.910515449992,439.6442240023772,1.9836835348218173e-12
6902.30836419378,439.94904604899403,4.770658439515745e-11
6902.331724914193,439.9520162579278,-8.669943208712387e-12
6904.51426892449,440.22956110623346,-9.228840898370776e-13
6905.12542814021,440.3072953526337,1.747396494973653e-11
6905.356717093003,440.33671513194037,-2.8181177532985095e-12
6905.664711080237,440.3758932632286,-3.0968153818818615e-11
6907.029083695476,440.549468217013,-2.887393015093026e-11
6907.477738597609,440.6065534111807,8.29200082974856e-12
6907.542238373637,440.61476042951944,-5.370112827667039e-12
6908.203812314242,440.69894420746743,1.76655030108558e-11
6908.291625127228,440.710118794118,1.77925814065243e-11
6911.83031587433,441.16055175768804,-2.4633731147186387e-11
6913.190222579288,441.33371295507675,-2.2119759925198115e-12
6915.046001837698,441.57007012777865,-2.4310839591269145e-11
6915.136954350747,441.58165572186937,-2.8464853571730687e-11
6915.282310282367,441.6001715774528,-1.076078390125724e-12
6915.741500380487,441.65866708633325,-8.433838353599397e-12
6915.756616230284,441.6605927368464,-1.814503735268921e-11
6917.465598603302,441.87833193374894,1.2015758031666533e-11
6918.5518080825495,442.01675241928046,-3.422129310926211e-12
6919.224117640801,442.1024386935249,-9.148132148287224e-12
6919.36202070316,442.1200155542655,-4.181582085272505e-12
6920.02517864457,442.20454529072686,6.407351838446699e-12
6920.62448576126,442.28094322060286,-2.3376309204111753e-11
6920.625106026273,442.2810222936118,-1.0807398290566774e-11
6921.124814914247,442.3447287946043,-1.62585136498645e-11
6921.8674931140995,442.43941927800944,-3.1118092281910606e-11
6922.119680723351,442.47157517382084,-4.712896738624761e-12
6922.874564181353,442.56783573035204,-3.184448862077513e-11
6922.961184147391,442.57888192939214,8.478282804399213e-11
6923.997389434089,442.7110345795088,-9.641048068445409e-11
6924.4889678151385,442.7737350446278,-3.623559480535193e-13
6924.681350665342,442.798274549225,-1.8516937957050464e-12
6926.118038769401,442.9815536793426,-5.7433055346182197e-11
6926.353173363997,443.01155355581665,1.7296406783851965e-11
6926.45675097752,443.02476892973766,3.469012148880976e-11
6926.813260518001,443.0702571699227,-1.365949313986203e-10
6928.281812007005,443.2576592332406,4.857643052582728e-11
6929.2812010947155,443.3852141328271,1.217558358095615e-11
6929.710016441463,443.43995070786707,2.1265533158307752e-11
6930.122208305186,443.4925685541778,-6.756225971073923e-12
6930.80915649637,443.5802670364376,1.9631781642381418e-11
6930.890508863772,443.5906533722625,-8.08467936932016e-12
6932.266046620963,443.7662880724074,-6.374569032400758e-11
6932.9502369595375,443.85366147841444,-4.981301111938666e-12
6934.39350955859,444.03800052102235,2.807285724144699e-13
6934.593622069573,444.06356251138,-1.9494740419839945e-11
6935.111175971497,444.1296772803754,4.57413102049502e-13
6936.191402215505,444.267686356778,-8.21707799563562e-11
6936.75163149198,444.33926938776005,-3.080148663285405e-13
6936.792522441309,444.344494435875,1.2624056802606297e-10
6936.8267238367935,444.3488647160274,2.563820475468622e-12
6937.546880998253,444.44089194574036,5.556018398407046e-12
6937.954368155324,444.4929680258432,6.953473687505686e-13
6939.282506832243,444.6627228423598,-8.73140457836227e-12
6940.726151587944,444.8472778164042,-9.687444444662757e-12
6940.8848292539,444.86756544815574,-2.944394847921099e-11
6942.186200406222,445.0339689268689,-7.90563015863565e-12
6942.33841762707,445.0534346473716,-2.32525269200175e-11
6942.515990105075,445.0761433678978,5.789038667052741e-11
6943.388440855879,445.18772450236946,-3.787739153764448e-13
6943.90882897845,445.2542856479053,-1.5053317571446982e-12
6944.812618216353,445.3698982333308,-2.6693921059530014e-12
6945.53660202216,445.46252098873293,3.865220909695048e-11
6945.6235274660685,445.47364243108115,-1.2611588181207826e-11
6947.030976287028,445.6537340602966,4.308494916785037e-12
6948.686671705153,445.8656370616011,-2.268892407481586e-12
6948.934631821642,445.8973764084356,-3.8289877324064876e-11
6952.377904111344,446.3382385997827,1.276734428204645e-12
6953.549617069148,446.48830963357017,9.605175088496323e-12
6954.181264780971,446.5692205063004,-3.905294038253846e-12
6954.423289350277,446.6002245753561,7.57842720907568e-13
6954.478866617685,446.60734434138277,5.883510628938997e-11
6956.054020664409,446.80915424763333,3.809783770862753e-11
6956.460668134722,446.8612616460888,-5.44338827438709e-11
6957.044363184147,446.93606106763656,-6.484750469408992e-12
6958.625538835231,447.1387172775075,1.5298132700641993e-13
6958.805096160511,447.1617337027555,-8.370486451341631e-12
6960.167808384611,447.33643133594495,1.0867873160880826e-11
6960.440751598418,447.3714263524311,1.9601202868159423e-12
6961.044534305876,447.44884434808176,8.372019867063521e-13
6961.235228095667,447.47329680972734,-1.5389802276512368e-11
6962.064554939208,447.57964829925265,-1.3545176007210993e-12
6962.162759897587,447.5922427780764,-7.434522761705277e-11
6962.738725284947,447.6661121143177,-2.94118113268202e-12
6963.6481352786905,447.7827591905802,6.823707308408688e-11
6963.984318740118,447.82588421180884,-3.636461831142419e-14
6964.153713027332,447.84761460086423,2.6232076390642034e-11
6964.520337918774,447.8946481122226,1.8502805342062355e-11
6965.092524343389,447.9680576139506,-3.8842953868796906e-11
6965.599590727852,448.03311748441354,3.493963352518146e-11
6966.7665132980765,448.18285912876667,-3.096335364888443e-11
6967.704379872909,448.303226069018,1.6537231203076882e-11
6968.584188120296,448.4161564619288,3.912431436008831e-11
6968.767505410299,448.43968849052914,-1.872696614981488e-11
6969.170994181903,448.49148561822216,3.217620945126399e-12
6971.4459219299515,448.7835813971821,5.301991629189347e-12
6973.576467174033,449.0572252252087,2.73518664664737e-11
6975.340501890594,449.28385830315193,-1.5949324681616258e-11
6976.659345888036,449.45333327479705,7.385769467088313e-11
6977.369759846787,449.544636641251,1.4553299567072045e-12
6977.445396086225,449.5543580610196,1.0279689588523134e-12
6978.657179297847,449.7101212263853,-1.9076615981337075e-11
6978.734132436863,449.7200137312977,3.553271795395011e-11
6979.113315746897,449.768760220299,-5.942934041509482e-11
6979.164617839566,449.77535564251025,3.834647380578052e-11
6979.519762792232,449.82101458141193,-1.7592971531683345e-12
6980.81568490796,449.98764352286537,-4.0896958606574025e-12
6980.871586650591,449.99483203371307,-5.528576174470047e-12
6983.3491176493535,450.3134802423372,-2.284341160222647e-11
6984.634504567059,450.478845119515,-4.1434594713266755e-11
6984.888581653451,450.51153570962776,1.1241308901001313e-11
6985.020940322916,450.5285659848343,-2.9610947573134685e-11
6985.352027920543,450.5711676518298,-5.232739443893691e-11
6985.667274347837,450.6117328821444,5.593262478759877e-11
6986.88167235891,450.7680161079974,-1.9739050844413325e-13
6986.927506430505,450.7739151152107,-1.315211814667799e-10
6987.694566447943,450.8726441969521,-4.1812288614037e-11
6988.357629010944,450.9579963934501,5.496632907166034e-11
6989.755410990848,451.1379512888911,3.327947641658816e-11
6991.500035679097,451.3626103112032,-1.5434451351246876e-11
6991.7302271469825,451.3922567417622,1.7981561133068056e-11
6994.192623292249,451.709450571755,-5.504885490459469e-11
6994.579612631551,451.75931080209,1.496512017748231e-12
6994.957450354288,451.8079945873673,-6.157138460304461e-11
6994.959435202286,451.80825033879574,6.301650751746217e-13
6997.281246803354,452.10746986005745,-6.3093720632337045e-12
6997.35819994201,452.117388765083,2.086537758672914e-11
6997.450593405735,452.12929800098146,4.648764888552851e-11
6998.451719217822,452.2583501501794,1.2394259646882655e-12
6999.964415692865,452.453382374864,1.7822078779738616e-11
7000.4838303811775,452.5203603242969,8.016262386987254e-12
7001.183756822339,452.61062292511735,-6.100652027323899e-11
7002.578332416964,452.79049446994566,2.5306491978151574e-11
7003.118607767537,452.86018849682995,9.11755461530824e-13
7005.145126854563,453.12165176672835,-2.9089010591256847e-11
7005.274823037991,453.13838785775823,1.546988499339275e-11
7005.288994146847,453.14021652685955,1.6484288038634657e-11
7005.3218499559625,453.144456322433,2.2431278238037175e-11
7005.425799726402,453.15787039111274,-8.520360525731774e-13
7005.726312150619,453.19665076215284,-3.1236915543090236e-11
7005.816090812194,453.2082367949113,-3.082884648798368e-11
7008.134447920176,453.50747469174104,-6.128321575213219e-12
7008.288354197063,453.5273433802797,1.354114952018071e-12
7008.914428823413,453.6081716234238,3.701533541162207e-11
7009.609927349554,453.6979711804954,1.4129846132440626e-12
7010.023607840898,453.7513879208038,-5.827063958323815e-12
7011.368551401548,453.92507634542557,-2.7295818270637807e-11
7011.656285985667,453.9622392327088,7.475119216268919e-12
7011.741169207756,453.97320277206035,-5.330028792616805e-12
7012.347557020382,454.05152784263925,-4.680465348834612e-11
7015.613877045166,454.4735439008511,7.07420889326502e-14
7015.653021562719,454.47860265426647,3.764387142509322e-12
7017.104844480193,454.666245650567,-1.226500496978111e-11
7018.361545696578,454.82870120475934,1.0455070160318016e-10
7019.10851804964,454.92527716859485,6.940514900228196e-12
7019.987333861657,455.03891231649743,-4.873511952075084e-13
7020.764213437611,455.1393784615917,6.231134714061136e-11
7020.93522041139,455.1614945936354,-3.4710142721100896e-11
7021.788881388941,455.2719056265518,1.9351037751005941e-13
7022.220483263987,455.3277333750269,-3.476087552378945e-12
7025.830010074482,455.79476039935076,-1.929897174701958e-12
7025.99525323772,455.8161465154773,7.900988385913713e-14
7026.227086078793,455.8461516549766,-1.8047139861832324e-11
7026.328201626937,455.859238920783,-9.382166607501528e-12
7026.500830978434,455.88158256882554,-2.081288321513599e-11
7027.5526386103165,456.01773130028914,-1.436173307627716e-12
7028.979602478882,456.2024738145155,-2.4962457081565886e-11
7029.0536260283625,456.2120583297386,2.0993296956905776e-12
7029.958092884217,456.32917619013693,-1.2382651914873496e-13
7032.244977749581,456.62536820468875,-3.4684917157178874e-12
7032.834465284385,456.701732877538,-2.184835301068541e-11
7033.312769600305,456.763699116679,-2.0973856408498046e-11
7035.113773226237,456.99706415602975,1.6752777607892296e-11
7036.061860195009,457.11993652774294,9.98693152729566e-13
7036.283797101083,457.1487020127907,1.1574842284807363e-12
7036.406116784208,457.1645563884986,1.967450835053589e-11
7036.9815859488435,457.2391490992269,-5.692034079974417e-11
7037.934568356496,457.36268875301624,1.469679172872322e-11
7038.83234565669,457.4790872091067,-3.516853374618054e-11
7039.223180634643,457.5297643118607,-7.1667452014588925e-12
7039.321614699899,457.5425280788883,-5.3691093254358e-11
7040.049997715802,457.63698173265914,-4.088918608580772e-12
7040.4725530282585,457.69178141217526,8.800609647359582e-13
7040.600808257968,457.7084150225366,2.4138338626966523e-13
7041.133525678776,457.7775071755108,1.188488767925974e-12
7042.073062297494,457.8993755284347,2.5292712230608254e-13
7042.33795136905,457.933737526685,1.4407774731032857e-11
7042.803058001885,457.99407531849084,-2.595485350008169e-12
7043.366398277237,458.06716219304997,6.586766549767668e-11
7044.10529749181,458.1630346685713,2.5100314393499898e-11
7046.0112623035475,458.41038081249246,5.947261696806431e-11
7047.041150163379,458.5440621203826,2.4700925925418382e-11
7047.479813748385,458.6010073808231,-1.4931742334394268e-11
7049.447301060291,458.8564610086353,-3.9968176334354584e-11
7049.646869670077,458.88237648064927,-2.427854373155329e-12
7049.8392525142035,458.9073595219167,2.6303304616000517e-11
7051.0562843050275,459.0654203664588,-7.283176512665266e-12
7052.428863745852,459.24371555154477,1.2818601882674466e-11
7052.596568970751,459.2655024870088,4.769354341640446e-12
7053.5807944944845,459.3933757194072,7.52767750125745e-14
7055.220257542112,459.60641879441727,3.7072531790261685e-12
7055.5440066291385,459.64849482566444,9.449970187450348e-11
7055.939593994565,459.69990993548004,5.771734816530195e-11
7058.0836039788865,459.9786204226387,-2.206147941079692e-11
7059.468016516275,460.15863206243665,-1.1076267934130767e-10
7059.751523606074,460.1955001232466,7.80673159706842e-11
7060.2240164251425,460.25694771078065,-7.334874219588688e-11
7060.518335503643,460.2952259210729,8.96969651915227e-12
7060.82781811477,460.33547797365344,5.077306945429942e-13
7061.528861022457,460.4266638247501,-6.191705582003473e-11
7063.474600297096,460.67979689582813,-9.751054118628286e-12
7063.585754828885,460.6942597715473,4.830521230857067e-11
7066.2900037564405,461.04619333698605,4.983720647689831e-11
7066.657153536726,461.0939849499105,-4.1099150708070636e-11
7068.4595407281095,461.32863636124597,1.244193820342354e-11
7069.155640511799,461.41927707882013,-2.1846533844243457e-12
7071.098965403493,461.6723690235314,-4.836463852868996e-11
7072.188877433473,461.8143458637235,-1.7465783973024686e-12
7072.216198540556,461.81790511507785,-1.8290699716428303e-13
7073.537647619221,461.9900730257094,8.112937388688599e-13
7073.870223845557,462.0334085201114,-9.447563595586687e-11
7074.759078630285,462.1492384684701,-1.5586587049930097e-11
7075.581887633176,462.2564747187673,2.883504648479699e-12
7076.74199656488,462.4076922729989,-8.405599563420523e-11
7077.072482887216,462.4507749488262,-1.3046256617939877e-11
7077.664060319283,462.5278988640011,-6.668577130756913e-13
7078.231303605124,462.6018563922207,9.414824747143026e-12
7078.282605696533,462.6085454826963,-2.822682833385963e-12
7079.094507343206,462.7144127987189,-3.9137685135920866e-12
7079.721154540222,462.79613230027655,6.289631523129952e-12
7079.77357310859,462.8029684031825,2.720546411861619e-11
7081.498864106953,463.02799834834065,-2.0352019457228393e-11
7081.70407247243,463.0547673527433,-3.640271495362136e-12
7082.616717506182,463.1738293953352,-4.858758542765858e-11
7083.22693195394,463.2534454422322,6.562923713760688e-12
7083.922430467367,463.344197056463,-2.2924252327956322e-12
7084.526957474281,463.4230855586937,-2.0234453396010052e-11
7085.1698369966,463.506986306101,9.549013219753568e-12
7085.697830708748,463.5758992611212,2.557661106819326e-11
7087.691417576557,463.8361455580937,-1.9428096124531925e-12
7089.768990606697,464.1074334570404,1.3945026636405641e-11
7090.250424927073,464.1703101298484,-5.4304492667368734e-11
7091.8186986334495,464.3751606820453,3.913161714759762e-11
7092.435554950028,464.4557479075051,-6.390127134612121e-12
7093.214247623745,464.557487736432,2.2055975061743713e-11
7093.402679767154,464.582108953111,5.4148229036202484e-11
7093.856525876951,464.64141279110544,1.051993233418951e-12
7094.765935841138,464.76025634249686,-6.270843325670133e-11
7096.0284772134355,464.9252730838906,-2.371963267556547e-11
7096.941866562015,465.04467324647067,3.4066332249572756e-12
7097.059262117896,465.06002055316793,7.209922690743239e-13
7097.102013860543,465.06560961916114,4.488779503472924e-11
7098.950865062912,465.3073477993847,-7.367010577179467e-12
7099.582283643176,465.3899205053816,-7.268937397901249e-11
7100.952725480692,465.56916300651886,1.66435120173024e-11
7101.655581493103,465.6611042036231,3.683962473455925e-11
7101.663139417651,465.6620929116606,5.8191319035755e-15
7103.526228407139,465.90584946862896,6.474177953583871e-13
7104.0137320145,465.96964237663076,-9.74885030558034e-13
7105.439254903904,466.1562061145811,-2.269137941279552e-11
7105.644415584788,466.18305937404824,1.1313368518918214e-11
7106.446325925038,466.2880279886366,-1.35600432429509e-11
7106.608782546728,466.3092947098412,2.813530304297473e-11
7106.9609692135455,466.3554001057238,8.841655928807073e-11
7107.0732212239145,466.37009570034735,8.155547588870493e-13
7107.569151126375,466.4350236835383,6.278329279990181e-11
7107.637553914438,466.4439794479981,-6.282140748419819e-12
7107.845224341332,466.4711696196449,-9.26542148378263e-11
7108.284384131849,466.52867117917157,-1.416867428632046e-12
7108.507017668595,466.55782314570905,1.1256303001424728e-11
7108.511894110612,466.55846168450034,3.53501281618424e-13
7108.7427535202705,466.5886917440722,-7.364359441340251e-12
7110.199844002956,466.77951420943623,6.954885846477291e-13
7112.41380275543,467.06953198565395,-3.125508297011375e-12
7112.550093122194,467.0873883078258,-2.416934031766665e-11
7112.784559757488,467.11810816719276,-1.6876877135351296e-11
7112.831882463619,467.12430851920726,1.1475388649268106e-11
7115.252471533851,467.44151582358467,-1.5161621950797162e-12
7117.581688251836,467.7468510894069,-7.0512990512284e-11
7119.636768918893,468.0163330526663,6.313491343121659e-11
7121.358051829692,468.2421041093034,2.4756515248853657e-11
7121.897334740615,468.31285006207014,-1.4147284174601436e-11
7122.455378720779,468.38606283003566,2.2668365418897213e-11
7124.7687829511815,468.68963185999587,-4.2458091804094937e-11
7125.327523565533,468.7629655807465,1.538287795181827e-11
7126.060010004097,468.8591118458644,-4.2946242559046696e-13
7126.258757922621,468.88520122813645,8.388933420464611e-11
7126.646987779381,468.93616575830333,4.377656118047844e-12
7126.89965259057,468.9693355987755,3.686034048422026e-11
7127.357277658981,469.02941561889685,-1.7327691725003045e-11
7127.562486022198,469.05635797137325,-3.204100701908812e-11
7127.56720972501,469.05697816802825,-1.0419138495763578e-11
7129.2387078639185,469.2764626473483,-4.437937923966955e-11
7130.342943726276,469.42148812750537,1.5793128946724975e-11
7131.270322750414,469.54330336159035,-8.065764379252604e-12
7131.287423447337,469.54554976063537,5.774892170352455e-12
7133.047660136185,469.77680856775737,7.109797199312994e-11
7133.708632771911,469.86366148349185,-2.5239900699133883e-11
7134.581579693511,469.97838050974235,-1.0545004747592801e-11
7134.631068672699,469.9848845644537,2.4362121949135983e-11
7134.949674208333,470.0267581558097,3.204292179965839e-11
7136.502335836997,470.23084765585793,5.0870116499313085e-11
7136.844111357923,470.2757782789315,9.493843376880238e-11
7136.950370448547,470.28974779026163,2.974612789453961e-12
7137.877701787833,470.4116696288841,1.05554460490484e-11
7137.995049659162,470.4270991896873,-2.342058588126363e-12
7139.068109080748,470.5682028672466,5.679449407528285e-12
7139.107186916504,470.5733418705023,-1.4547600488835539e-11
7139.320945627595,470.6014531039736,1.01302087148394e-10
7139.523176718335,470.6280491243394,-5.3981489943911685e-11
7139.668532641865,470.6471657853578,5.1797655232301224e-11
7141.233180106673,470.85296694186434,5.999764521178768e-11
7141.686281893319,470.9125727309906,1.7294591613552107e-13
7141.827362642552,470.93113275319314,-3.440523668037488e-11
7142.967813429472,471.0811793835639,1.8952691066763132e-11
7143.207223185676,471.1126810472978,-7.171354439861856e-11
7143.409082117246,471.1392425738499,-1.7768459888341587e-11
7143.434733162551,471.1426179101091,-2.7536898754242395e-12
7144.601655681901,471.29618220451476,4.243650566105105e-11
7145.093930670698,471.3609719730041,6.349896737659623e-13
7147.1184074675,471.62746628466783,-2.4552521458655645e-11
7147.2443820565895,471.64405158845346,-1.1954722140284491e-11
7148.177601256772,471.76692454977746,-3.946948628502492e-12
7148.345506900395,471.7890336671076,1.4692602670737917e-11
7148.446250286567,471.8022993867796,2.0427496634826116e-11
7150.004303561449,472.00748502592046,-3.201893459518796e-11
7150.081256697245,472.0176204199619,2.5978690012542472e-11
7150.427059285295,472.06316696031314,3.167880693178371e-12
7151.402085486313,472.1916020081409,1.8653022714145084e-11
7151.713934786571,472.2326839643554,-3.741325950897237e-11
7154.826415110325,472.64280960210135,7.259058835954085e-11
7155.295548798791,472.7046419354979,-2.3917150242438032e-11
7155.762296794113,472.76616385519714,-2.5248903606370325e-11
7156.058257240998,472.8051763960735,-5.390631224700197e-12
7156.117317678488,472.812961743446,-4.312040026491662e-11
7157.858039280935,473.0424525351462,-9.165012336426148e-13
7158.121592448354,473.0772033499399,-3.213271788550811e-12
7159.578358438405,473.2693083774118,1.3254736963138149e-11
7160.141450591952,473.34357431632134,-6.876833119413781e-13
7160.891877406077,473.4425568073556,1.9003344399628338e-11
7161.0869227303365,473.4682852945044,6.190796318817652e-11
7161.602491755516,473.5362975334536,1.4536630274824187e-12
7161.65038704267,473.54261597716584,7.969221834074776e-13
7162.14611651613,473.6080160998433,-7.119626272237332e-12
7162.227946093661,473.6188120691847,3.31184790816856e-12
7163.023119186281,473.72372755548986,7.048316319254103e-12
7164.344692289306,473.8981222551768,2.0757029263607435e-11
7166.03677428332,474.1214562504941,-1.2436154221887157e-10
7166.29142394008,474.1550714365794,7.963054208158723e-12
7166.488081953027,474.1810322171566,1.33161480085313e-12
7167.96555586281,474.37609600123284,-2.659827014627746e-11
7168.167786952187,474.4027987293049,-1.4600761988371266e-11
7168.308867700545,474.42142757161855,-1.5840571728691008e-12
7169.2646842998,474.54764691232,5.8054367641006836e-11
7169.3657998444605,474.56100060196155,-4.363669010212713e-11
7171.169160418419,474.79919064521033,3.68532810856662e-11
7171.7733916234,474.8790116314059,4.153852343805428e-11
7171.929387797899,474.8996203460451,4.008136031079579e-11
7171.99383988631,474.90813526710946,-7.025342078434221e-11
7172.261734907669,474.94352834543514,-8.571677447934576e-11
7172.445872876134,474.96785658746614,1.2627335724634095e-12
7173.740678454178,475.13894347108413,-1.5981201969282632e-13
7176.002408407434,475.43786731297905,2.479294294899282e-12
7176.29474262989,475.47651083992156,9.23387511617173e-12
7176.487125468191,475.5019426980581,-1.398373300143355e-11
7178.151371141822,475.7219744600075,6.372423291883442e-13
7178.407881592779,475.7558925284293,1.2542817347223217e-11
7178.529208847781,475.77193590765705,4.009557059415402e-11
7179.422014308987,475.8900019462361,2.2546270121779175e-11
7181.138897968391,476.1170866861767,2.02844552860728e-11
7181.334420506485,476.1429510464535,-1.9931988487806867e-12
7184.9265220067755,476.6182512829107,2.796240523655583e-11
7185.000125711095,476.6279928741687,-8.555053149277049e-12
7187.085351984586,476.90401802753104,2.697344820341697e-12
7187.5207328047045,476.9616602776342,-3.0140479244307516e-12
7187.525179715276,476.96224904443915,-3.774467247032421e-11
7188.820605553749,477.1337777243474,-5.834075349788487e-11
7190.062992559866,477.2983125171126,-1.1232299186029513e-12
7190.182697436652,477.31416706383334,3.688792350442639e-12
7190.958059658763,477.4168678230514,-9.547513684982923e-13
7191.200628109501,477.448999550223,2.4920625058841262e-11
7191.612447787869,477.50355355172894,8.052631174430472e-12
7191.817656147996,477.5307387933345,5.706261547955862e-12
7193.721015779684,477.78292577455744,-4.5817829451121045e-11
7193.772317869692,477.7897240048712,-2.3432755334377365e-12
7194.3153987308615,477.8616926380757,6.293854479091441e-11
7194.719860907135,477.91529516592794,7.976870386398649e-11
7195.371958709407,478.00172267206585,-7.021884157627051e-11
7195.711119423787,478.04667733044494,8.14117081574481e-12
7195.990628122413,478.083726899289,3.5763943777263222e-12
7196.106057824868,478.0990278115261,1.8967607941529977e-12
7197.922119857128,478.3397902356786,-2.3255976769760428e-12
7198.2322037259055,478.3809053353558,-2.983543718382256e-11
7199.0812840146855,478.4934969118387,4.814281088426774e-11
7202.961750025081,479.0082318744283,4.012356777916693e-11
7203.064354204873,479.02184584885424,-3.726219470969849e-11
7203.389868708625,479.06503783026415,-7.896006553632048e-12
7203.660827058441,479.1009923343613,-1.1106332460612642e-11
7204.792250265854,479.25113983909733,-1.481652124211244e-11
7206.056432980552,479.41893332088097,-1.7254040388629816e-11
7206.28662443655,479.4494895298218,1.2976762216013359e-11
7206.717405605008,479.5066751582447,-4.643127654057574e-11
7206.96271290969,479.5392409049235,-3.127606734922818e-13
7208.749020454736,479.7764154094088,-4.447452121683716e-11
7210.072588080615,479.95218817447596,6.432036771061257e-11
7210.243595046659,479.9749006391525,-4.839572528790893e-11
7211.528857841131,480.14562136747315,-4.708667776899913e-13
7211.929712790023,480.19887292823745,8.202582301466696e-11
7212.244539357738,480.24069812713975,-3.854747803926097e-11
7212.329050416772,480.25192586353495,3.882697225065175e-12
7212.437895621174,480.2663867123103,-1.7920494246343445e-11
7213.6832122089645,480.43185128680204,2.123693039740301e-11
7214.530975595204,480.5445095150498,-8.823403794653312e-12
7214.72602091704,480.57043072005706,-6.650111910434272e-11
7214.816725317443,480.5824854255846,7.801118035945356e-11
7217.543838654943,480.9449922924748,-4.097936952165684e-12
7217.873628331759,480.9888395146664,7.676967181647357e-11
7220.777493445825,481.3750097013373,-1.3730112195698298e-12
7221.745114445778,481.50372317802214,-2.0104143220150172e-11
7222.132103763969,481.55520553784595,-1.488715763024598e-13
7222.301498040629,481.57774143902543,4.1266788767136584e-11
7223.1071299487785,481.68492845246357,5.2347389733879044e-11
7223.875659561432,481.78719025453455,-1.6380131467008516e-11
7223.995192700889,481.8030965064756,7.918664299398628e-13
7225.73032220233,482.03401949604495,-7.599757051961638e-12
7226.846686927742,482.1826223251076,-1.0436056655813726e-11
7227.9078655453295,482.3239004402367,-1.5651735911398134e-13
7228.818096168493,482.4450988917884,-4.878767213914754e-11
7229.049928998385,482.4759701885528,3.369086601561324e-11
7229.070512867686,482.4787112232554,5.94306683171115e-11
7229.429112285624,482.52646508397316,5.535384476105282e-11
7230.934222066624,482.7269229318,1.1529838288569527e-12
7231.8607326981355,482.85034087833475,2.3336686579424144e-11
7232.715834585369,482.9642606929868,2.3056736112055765e-11
7232.963976110209,482.99732153990664,3.877461000374598e-12
7233.240994057626,483.03423104324816,3.491436441141274e-12
7233.983175989184,483.1331253449372,4.5012898724510765e-12
7235.983070493105,483.39965791372725,1.7995287452824542e-11
7236.49918340475,483.4684539520471,2.1189746569596055e-11
7237.303154937985,483.5756303085756,8.729454524378257e-12
7237.5760981335825,483.61201870367483,-2.1280724603460343e-12
7237.912825468233,483.65691259946317,-2.218232166733943e-11
7238.191017264644,483.6940038681838,-2.478703814024169e-12
7238.79201339353,483.7741394547219,2.7033093009298675e-12
7239.2317934356,483.8327830358324,3.456844009468386e-13
7239.5797526008055,483.8791850546346,9.485723065010926e-12
7240.177418295919,483.9588918388119,1.6408611603624206e-11
7240.346440412906,483.98143441210874,1.6188051194629976e-11
7240.986829162943,484.0668481882242,4.113431969339399e-12
7241.909265040796,484.1898941262151,1.3738795588969056e-11
7243.11955953973,484.3513619913049,-1.6069386069167004e-11
7244.410910610172,484.5236735334521,7.04029874861886e-12
7244.968410679084,484.5980730969437,-1.1546348506334176e-13
7245.071014857896,484.611766465459,-4.42369007515936e-12
7246.190710011982,484.7612115650958,-5.656744340735248e-14
7247.70732841009,484.96367061849224,3.068964803407783e-11
7248.291347894222,485.0416448596735,7.054446971954695e-11
7249.723331180302,485.2328599505105,1.1866939726083373e-13
7249.861759129773,485.2513464652223,-3.245404198194912e-11
7250.22890889424,485.3003795991473,-1.750067721986082e-11
7250.485419340959,485.3346382403696,2.020496854546751e-11
7251.674786495557,485.49350181094906,1.1836394351829126e-11
7252.8941275520065,485.65639604166086,6.735085820258068e-11
7253.216435671479,485.6994584098127,2.7644308104886243e-11
7253.779575496305,485.77470198331315,-6.5908942227545665e-12
7254.529439401683,485.8749036456566,5.540438108581019e-15
7255.40337872285,485.99169813755697,-3.0783702883525333e-12
7256.240110692996,486.10353336966705,1.9813020978612814e-12
7257.822650813496,486.31508647557695,4.8237116247264127e-11
7258.043099072056,486.3445595401394,-8.094344340622939e-11
7258.180601277951,486.36294349723056,-5.07026915304498e-11
7258.266104760039,486.37437543378627,-2.472772204585804e-12
7259.348640243373,486.5191236058189,3.2994288728810056e-12
7260.356503229864,486.6539065606908,-7.266970624417074e-11
7266.134879763042,487.42701826636153,7.609025964901253e-12
7267.914879578724,487.665295352263,-2.2173070497428283e-13
7268.948765766819,487.8037218178747,-1.1239019908569857e-10
7269.451881415951,487.8710908237797,-7.087285404897636e-11
7269.660048047024,487.89896645264685,-5.358884647687819e-13
7269.937247417508,487.93608750654306,1.4020863263957833e-12
7270.355546530252,487.992106561154,-9.478810813054809e-13
7270.600080827259,488.02485634279134,-2.086352121567051e-11
7270.769226996077,488.04751025169674,3.7099639729803035e-11
7272.5390827700585,488.28458034360324,8.697777828393774e-12
7275.830729163068,488.72564594320056,-9.098287535829781e-13
7276.541391177223,488.8208976077988,-8.090149688853278e-11
7277.582787604155,488.9604951716497,-2.672776386679157e-11
7277.617189419421,488.9651070221028,-5.968336808355514e-11
7277.6597407376985,488.9708114116088,-6.50943847016219e-12
7277.987268769998,489.014720626416,2.907776874960286e-11
7278.718810442267,489.1128000407455,-2.282475294933513e-12
7279.936662855417,489.27610208062123,-1.9238928519070595e-13
7280.55517951737,489.35904954770626,-3.034290455800277e-11
7281.216152130677,489.44769844795746,7.657297356340413e-11
7281.743926398988,489.51848871511635,-8.655943849372994e-13
7282.280470435197,489.59046052925567,4.8790674865593305e-11
7282.4258263539605,489.60995943014905,-5.895087005603262e-12
7282.5226190385265,489.6229439880409,2.276696563225586e-11
7284.7961056644535,489.92797760625393,-6.968282233588625e-12
7285.1247311759325,489.9720771551704,-2.280046322976858e-13
7285.404287552297,490.0095934899517,-8.604609579561467e-11
7285.895865890664,490.0755665641284,3.275735300089557e-13
7286.5057368368325,490.1574214780058,-1.1974295993948977e-10
7286.760386486599,490.19160176137467,9.739700448357434e-12
7287.013919659424,490.22563337258634,3.874747728151447e-12
7287.304011231681,490.2645736490976,2.8510433576465217e-11
7288.996837496195,490.4918401325035,3.4948985587996394e-12
7290.345731666952,490.6729705960435,1.182591083688619e-11
7292.187616441289,490.92035431620906,1.8687174009931517e-11
7292.204717137578,490.922651405159,1.4780807327821155e-12
7292.939293451689,491.0213300831024,-3.028575156368286e-11
7293.261553884873,491.0646237983066,2.6354301305390568e-11
7294.209640796338,491.1920045603227,4.0884759767765195e-12
7295.9171533753315,491.4214601584778,3.922827928015794e-11
7295.944274058413,491.42510507008353,2.093560762605417e-12
7297.7833246088885,491.6722977367387,2.5914693489200652e-11
7298.236254642915,491.733187072617,-1.4859062405029526e-11
7300.109983799716,491.9851207086897,2.204635780682633e-11
7300.415191219535,492.02616372261093,3.3924108954565746e-11
7300.657711980862,492.05877812103626,-7.770095277406119e-11
7301.708030909313,492.200038411268,-5.516272616729104e-12
7302.286954524797,492.27790813266466,-1.3181425426999466e-11
7302.993789889271,492.3729913480258,-1.5916189516303878e-12
7303.130595459245,492.3913954425276,-8.650133283429094e-12
7303.234173063429,492.40532969526714,1.9141497299739858e-11
7303.565775845352,492.4499414110487,-5.084547911908072e-12
7304.308654399757,492.5498908885748,-1.0475648077538897e-12
7304.432586764103,492.566566171523,-7.625487533138398e-12
7304.624969596814,492.5924521267266,-4.764526815594944e-12
7305.315725374799,492.6854019694862,-3.643415144211017e-12
7306.027131702245,492.78113978973624,1.652956628266681e-11
7306.158994149709,492.79888626090394,-1.0778050967366796e-14
7309.071533607299,493.1909468314857,5.2575390993358285e-11
7309.770982782927,493.2851238267992,2.3022445189037842e-11
7312.209664863912,493.6135494797125,-4.573323262293091e-12
7312.79930509937,493.69297479218557,6.725053999040313e-11
7313.978499511502,493.85183303582807,-8.156248816539323e-11
7315.188622254574,494.01488450052693,-1.099320945730734e-12
7315.299328251319,494.02980232996225,-6.673581174882962e-12
7315.40894645733,494.0445738001105,-4.8336279048274786e-11
7318.363292908942,494.44276659224175,7.864457476813459e-11
7318.535922248672,494.4660388957363,-2.2462628714479484e-11
7319.013234108815,494.530388558068,3.189512931133123e-13
7319.19279141877,494.55459698811745,-1.3815791379526558e-13
7320.1000637488005,494.67692712024814,3.852386572870668e-12
7321.240266383461,494.83068541573664,6.388602946663332e-12
7321.566801988679,494.87472371755626,1.5251426635262973e-12
7322.318421621837,494.9760985413075,-2.290124424960048e-11
7322.678939199524,495.0247271027448,-6.19456708340495e-12
7325.094279552764,495.35058302967536,8.71744020400498e-12
7326.279094721432,495.5104668885683,-4.9510942149442865e-12
7326.303629288758,495.51377795782963,3.467759332478412e-12
7326.395698269788,495.52620325128964,1.865123963969532e-11
7327.311320523886,495.64978078506476,5.953712799565435e-11
7327.40537435274,495.6624756939191,-6.90511981058702e-11
7328.096950814795,495.7558261818484,1.0778538991410363e-12
7328.6464157344335,495.8300004267596,9.706427225277598e-12
7331.017668447456,496.15016814410455,-1.3408302552752126e-13
7332.661549614074,496.37218658646884,-5.7209861225188164e-12
7334.760574767095,496.65574798779386,5.1008560867977114e-12
7335.581646978875,496.7666903169047,-9.726800866840821e-11
7335.997636762147,496.82290311573877,1.305509290887811e-10
7336.141876202279,496.8423949700181,-4.6943391414753015e-12
7336.314505541338,496.86572380842705,-4.780045443010962e-12
7337.653675500712,497.0467156302594,-8.737221127843278e-12
7339.312672513222,497.27097860700627,-4.4642966757574644e-11
7339.883914146805,497.3482107026212,3.276864704187434e-11
7340.384367302897,497.4158771077896,4.190827507553059e-12
7341.482390773801,497.56435732081377,-4.3136156731318616e-11
7342.014783681919,497.63635814134267,-3.850559089100315e-11
7343.362332251288,497.8186239517347,1.1715611911834825e-10
7347.916767998484,498.43489230875343,-1.3864135221585534e-11
7348.288565087973,498.4852176672102,1.7844138331765147e-13
7349.898073119877,498.7031053027605,6.770369002650022e-11
7350.013130659388,498.71868307944976,-4.400593208833607e-11
7351.575783512903,498.9302766485624,-4.211936952556539e-12
7351.993443355964,498.9868381815463,-5.848980404082377e-11
7352.2527403350505,499.021955059831,-7.214300659363069e-11
7352.331487581556,499.0326201321927,9.547461024001697e-13
7352.434091757928,499.04651642076084,-1.2611870135802397e-11
7352.495537885789,499.05483852499077,8.969171019430437e-11
7352.734947630648,499.08726422345404,7.206953317717658e-11
7353.495547138073,499.1902869615867,-3.068460828393745e-12
7354.534729590794,499.3310608154077,-3.21098668967949e-11
7355.147358379734,499.41406048589636,-4.0431168044501734e-11
7355.345142550199,499.44085799475414,-1.2836968875008724e-10
7356.364342401516,499.5789594235724,-5.4951707197950594e-11
7356.54389971001,499.60329139475,2.816052637561892e-11
7356.821967446119,499.640973773944,-5.38176639296544e-11
7356.856493313778,499.6456526500197,-1.0549438128496749e-11
7358.549491288877,499.8751112646033,-1.4469258902402627e-11
7358.677746509171,499.89249634592613,4.8126580040829845e-11
7358.692242092434,499.89446125103984,-4.435668192219188e-11
7358.822806636116,499.9121597088057,-2.945622934687721e-12
7359.700754007988,500.03117654753015,3.328450273059036e-13
7359.970089970533,500.0676912800935,4.082657205089919e-11
7360.5288305551,500.1434457786165,-1.479176557141262e-11
7361.012707911067,500.2090549069128,-8.973678097628733e-11
7361.098335444207,500.2206656282439,-8.556625381231766e-12
7361.289057902276,500.2465272500633,-9.218412874764404e-12
7361.460064862564,500.269716055627,-8.066574121296055e-11
7361.733857424371,500.30684386774476,9.098163848804121e-11
7362.763792892698,500.4465212803326,3.0809771872229804e-11
7364.44001464519,500.67388828962453,4.267401221885811e-11
7364.594102334706,500.6947917358385,-2.133155020407044e-11
7365.414353853656,500.8060739400922,-1.9795329817087375e-12
7365.958474801339,500.87990079148636,-3.069788258237912e-11
7366.488730119634,500.9518515880765,-5.552979191254529e-12
7366.659670399111,500.97504772443193,1.4471614258322653e-12
7368.909939315541,501.2804533479464,2.4269996027320717e-11
7369.060248042863,501.30085651339726,-1.876200226416559e-12
7370.080812474048,501.43940069242205,-9.985338305946312e-12
7370.798784291628,501.5368786623972,1.850376296555761e-12
7371.703642232328,501.65974340917415,-4.891529492155562e-11
7371.841745702514,501.67849690354967,3.197279161656079e-12
7371.842241914469,501.67856428632854,-1.1677681266886304e-11
7372.569307975133,501.77730062002905,-4.667649933676387e-12
7373.634742735286,501.92200536789585,-8.190448141272867e-13
7373.971813532603,501.96778985475976,5.36249089274867e-12
7374.8698388693265,502.0897792793837,-4.980717498132215e-11
7375.3463587223005,502.1545166513439,-4.625074754907564e-13
7377.020767358825,502.3820257904593,1.71218076663372e-13
7377.14902257861,502.39945451099805,2.515224389197875e-14
7377.633739617582,502.4653258946714,9.48741925688625e-12
7378.169119482244,502.53808721278034,-1.054704071436227e-11
7378.4085292257805,502.5706261338818,6.895771240227593e-11
7379.55449565589,502.72639260946937,-1.1490066552605409e-11
7379.726504728384,502.7497751790514,-2.096791914569316e-12
7380.795537023579,502.8951095124505,-2.5046807854069603e-11
7380.8994867849815,502.9092425465052,2.9366855923166064e-12
7381.586110427728,503.00260105838254,-1.3765278905178485e-12
7382.319713300843,503.1023568156578,2.3608999905469645e-11
7383.080684962394,503.2058446723332,-3.2671421149882564e-12
7383.42399678362,503.2525366366724,-1.5322809480256937e-12
7384.388115578919,503.38367277416654,1.127664111895082e-11
7386.6033910935885,503.6850518353854,-1.7936203697240135e-11
7386.612914868247,503.6863477006468,9.891495521128805e-12
7386.739309292941,503.7035458869741,-1.7518515677767099e-12
7391.259562602997,504.3187993714205,5.183471706213439e-12
7392.208250761987,504.44797348205515,-8.865760994067541e-16
7392.310854937481,504.46194513913235,7.486452486805263e-12
7392.475926350402,504.4844233952044,5.851430243300247e-13
7392.668309179441,504.51062135989696,2.4556712695440838e-11
7393.5230101912575,504.62701954783796,-2.0726104380880695e-11
7393.64433744045,504.64354369366424,-4.1885030230833975e-11
7394.994395740805,504.82743296976287,8.37228445728756e-11
7395.096999916239,504.84140989275375,-7.019618940988704e-11
7395.12079016527,504.8446506704206,6.057516019257159e-11
7395.5014620745005,504.8965083351719,3.492752130299737e-11
7396.288227827968,505.0036952698021,-5.952883876929667e-11
7396.817166243352,505.07576288338515,2.1201420123695565e-11
7399.741042529836,505.4742326542061,1.348904745230111e-10
7401.689386767316,505.7398430442531,-1.2804401346393538e-12
7402.0369547639375,505.7872330224496,-2.8077680137365703e-14
7403.376372810364,505.9698799463418,-1.556878235698888e-11
7403.54962241187,505.9935071774957,-2.922782885249102e-11
7404.536481655748,506.1281024557216,-2.3766111415177837e-11
7404.585178630608,506.13474457949013,-2.6084863570915475e-11
7404.866967953504,506.17318066990106,3.046592483680676e-11
7406.948396166122,506.4571329802676,2.262662641364164e-11
7407.004421956227,506.4647772257811,1.9418084245444083e-11
7407.428838028057,506.52268708954944,4.974815096932486e-11
7407.463039419777,506.5273538761792,8.242258641822758e-11
7407.864018404346,506.5820691447101,-4.0708303643390655e-11
7409.479967862841,506.8026022621102,4.9513084312187794e-11
7410.662445000436,506.9640086838756,2.120333693914665e-12
7411.05375715992,507.0174279007066,2.1947640309522565e-12
7413.408252607889,507.3389068029264,-3.7042604574586265e-11
7413.609185783992,507.3663466146686,-1.2060776070623427e-11
7414.001366314144,507.4199056665058,1.655550111810331e-11
7414.01364794067,507.4215829813243,1.1696882913632813e-12
7414.069225202138,507.42917326186665,-3.976403263766749e-11
7414.237302572192,507.45212821862884,4.298459348330264e-12
7414.464812535295,507.48320093644276,-1.3629461324240754e-11
7415.422394510316,507.6139954390008,1.1236798524534718e-12
7415.644703556121,507.64436267148693,3.282982000179966e-13
7416.269365857606,507.72969590010564,3.194608902384973e-12
7416.373086509468,507.74386556062944,-2.130596846328803e-11
7418.199788704939,507.99345055854417,-3.989864087833869e-11
7418.962697525096,508.09770610493956,-2.7634904164348835e-11
7419.956818900384,508.2335741639839,9.714523480669817e-12
7420.127825858533,508.25694777649346,-2.688774640006808e-11
7421.077134276661,508.38671116415696,2.5010320829455472e-11
7422.287924940186,508.5522413154979,-1.7856363000817498e-11
7422.577520292008,508.59183660588724,7.254678912852648e-11
7423.083097986892,508.66096605778847,-9.892928325215163e-11
7423.291541403184,508.68946864465823,6.097292818008544e-13
7427.018959641888,509.1992915461092,-5.486953222475409e-12
7427.071559631504,509.2064878153654,-1.9392949172867274e-11
7427.221190719661,509.2269593072277,-3.092787994232776e-11
7427.696889879827,509.29204392008586,4.447861786727302e-11
7428.36690903193,509.38372224145456,4.077500556223865e-12
7428.520319082041,509.4047144106774,-2.2253396423410064e-11
7428.54015863252,509.40742922667056,3.568236717387655e-13
7428.647037981171,509.4220545701325,6.223970709216165e-11
7429.509917175415,509.5401384513296,-9.32839397023324e-13
7432.6322455572645,509.96753958326593,1.155473437643334e-12
7433.268263739711,510.05462319511315,6.475248780207672e-11
7433.45637139315,510.0803803235315,6.391571731951062e-11
7434.022593523384,510.1579156914581,-3.894032416102777e-12
7434.060402140514,510.16309320746046,-6.049689036443765e-12
7434.282587132464,510.1935197756535,-4.6292508781053664e-11
7434.434632599526,510.21434178604966,1.1629374596747395e-11
7435.256926326473,510.3269589580381,5.389489694664644e-12
7435.876588130737,510.4118329208353,-1.0749386442791786e-12
7436.299143405179,510.4697136129432,1.0024497261531258e-12
7436.301500411936,510.4700364797689,-1.6242007426776013e-11
7437.6614069502575,510.6563358710928,1.2479894971994537e-13
7437.663515851043,510.65662480485287,3.777678357711572e-11
7439.364644302576,510.8897176663289,-1.4446660397502757e-11
7439.482192588606,510.90582639454584,-8.159681415743111e-12
7441.614846503697,511.1981278736913,-5.902261049720744e-11
7441.91870832859,511.23978198494774,4.464672138973664e-11
7443.9871105806205,511.52336874372423,1.1142152086550817e-12
7446.026903513707,511.8031102244486,2.1666526100451042e-11
7447.639198050256,512.0242779112173,9.972562302192822e-12
7447.725569899744,512.0361273843965,1.9747463219425572e-12
7448.237903825637,512.1064180075977,-7.482014316612191e-13
7449.098301956605,512.2244728368617,-4.702158372134319e-12
7449.841447591017,512.3264504810052,1.6148777461245928e-11
7449.9273232285195,512.3382353614966,6.394514262630653e-11
7450.233628118192,512.3802712827113,2.6935741447080294e-12
7452.358056156212,512.6718659027903,-1.9416561029481762e-11
7452.546163808898,512.6976891785919,-7.327556538382398e-11
7453.122005078208,512.7767442827751,-5.852528698100287e-11
7453.666507863723,512.8515026617703,5.4620537033395565e-14
7454.779637467111,513.0043485618345,2.989827318224902e-11
7456.602407946754,513.2546858618524,1.2303814075735542e-11
7458.30843183043,513.4890447604877,-5.033537166795964e-11
7460.773738304189,513.8278020911853,-4.775496570266289e-11
7461.0518060341665,513.8660183553022,5.0340514147252305e-11
7461.812920733307,513.970629508979,-1.810788697094083e-11
7461.947245238896,513.9890928032584,5.268873021156329e-12
7464.202762710658,514.2991698917955,3.949706371422714e-12
7464.218374770474,514.3013164850722,-1.2151827728452657e-11
7465.775759988403,514.5154730367957,-1.7247651611454602e-13
7466.094365500672,514.559290090235,-1.482562647231503e-11
7466.4556463824665,514.608978447426,2.2059467428809627e-11
7466.777086116168,514.6531893186468,-4.395470529396651e-11
7466.7884230020645,514.6547486304526,-1.681443564685927e-11
7467.062034132426,514.6923827047915,-2.2439701162763874e-11
7468.696477535592,514.9172223284837,-9.708640113026567e-14
7468.9529879702095,514.9525132485043,-6.195034502974176e-12
7470.297606915059,515.1375268759739,-6.297173994895047e-11
7471.157232037991,515.255824947793,1.4482434271043744e-12
7471.734189781956,515.335231132143,-8.219243420406298e-12
7473.320680527303,515.5536100637522,-9.700682729269587e-12
7474.191442113005,515.6734892692274,1.5256438053545162e-11
7474.3453483736,515.6946792543151,1.7603113572527794e-11
7474.565300409935,515.7249632526176,-9.533930523599407e-11
7474.616926972353,515.7320715620392,-1.963468599939946e-11
7475.970096263443,515.9184029669877,-8.745766304268035e-11
7476.188130132537,515.9484293849621,-3.955321638002749e-12
7476.349451266785,515.9706462025642,8.068287342416342e-13
7476.40634542698,515.9784816646215,6.371702251064676e-13
7476.944502129635,516.0525995392076,4.151966262379247e-11
7477.275809109893,516.0982315956105,4.333766103403753e-14
7477.290924957725,516.1003136018488,-6.582435411821204e-11
7478.492840783724,516.265874933593,6.123676184525126e-12
7478.525181380143,516.2703301491542,6.79499073279598e-13
7478.997072887093,516.335339749883,1.1679746957823542e-11
7479.957288648131,516.4676354556321,-1.851453758296086e-12
7481.203597587466,516.6393735672806,4.672904631780451e-12
7483.935634892382,517.0159412683228,8.83155334712571e-11
7484.994456444208,517.161919874535,1.0375366490050041e-11
7485.156464523713,517.1842575785737,-1.9186730684608305e-11
7485.161188226151,517.1849088907957,3.72878884160458e-12
7485.686719828723,517.2573726592367,-1.9428320512339762e-11
7485.704793950975,517.259864929084,6.153602853903197e-12
7485.824823295603,517.276416121539,-1.1878084710808693e-11
7487.2873339934295,517.4781072562163,7.684830356230451e-11
7489.049927550799,517.7212344122835,1.2619550955340847e-11
7489.563702424751,517.7921138330486,7.063052180235778e-13
7489.734890805783,517.8157317419287,-3.2289591302479253e-11
7494.043150752148,518.4102961536041,-6.317905271189767e-11
7494.624087877918,518.4904949461521,-4.935217307993222e-13
7495.557803218871,518.6194080535356,6.987632631527403e-11
7496.779310484592,518.7880793075129,4.375380340481765e-12
7497.659118625817,518.909584226896,2.1390230369365654e-11
7498.321703897317,519.0010992374588,1.3548635384984373e-11
7499.40193000163,519.1503153408144,-2.0902134914328115e-12
7499.433049065268,519.1546142644218,-9.366725113091263e-12
7500.314345841844,519.2763678632302,-6.154989945876115e-11
7501.715334039816,519.4699477257699,4.367251113728802e-11
7501.732434735342,519.4723108172004,-2.759369105019575e-12
7502.107667301971,519.524164383528,6.941720524525209e-11
7504.896522385481,519.9096388637863,7.630872979973783e-13
7505.076079688379,519.9344621144543,-2.487933401341863e-11
7505.47199148963,519.9891978145129,9.90743375279802e-12
7505.801380300803,520.0347387614618,2.006151978241142e-11
7506.944741587738,520.1928341869536,-3.320318064791445e-11
7507.208266048868,520.2292757881762,-1.6867719609375061e-12
7508.376677111015,520.3908654586257,-2.7530206225245278e-11
7508.528894312137,520.4119187432595,1.5600712422288715e-11
7509.967443018333,520.6109066592966,1.360010195430159e-11
7510.138449973299,520.634563810645,6.911738406473954e-11
7510.578229989748,520.6954055786512,-1.508502873176695e-11
7512.677207380758,520.985839602719,2.2681055174970283e-14
7512.9912609239445,521.0293019502076,5.100637341992223e-12
7514.321088484516,521.2133589433885,1.8110840582297307e-11
7514.541784836963,521.2439079404934,5.480492282453294e-13
7514.937372161897,521.2986677562646,1.2578789115722307e-11
7514.971573552855,521.3034022745543,-4.053265227744341e-11
7516.149975913325,521.4665423544076,-4.167299528485842e-13
7516.417451072272,521.5035756443016,-7.36294034879792e-11
7516.619682146315,521.5315764352143,8.300953153662818e-11
7517.262561607098,521.6205941364568,-3.982781864188621e-12
7517.48176932359,521.6509489497014,-2.7151299486692543e-11
7517.686977669236,521.6793660006531,-3.4155681929179164e-11
7518.47569025608,521.7885933682408,-8.20589600126379e-12
7518.680898601683,521.8170141762846,8.29963613259795e-11
7519.7400923049645,521.963722011494,6.8244649663914565e-12
7519.857440166484,521.9799770152493,3.975721045897675e-12
7521.548329183136,522.2142268053819,-1.6643733158379115e-12
7522.969299975364,522.4111238052288,-9.664469158842252e-12
7526.730404319229,522.9324612229517,4.16534952176593e-12
7526.858659535019,522.9502436392082,-1.2991786191236915e-11
7527.406015530966,523.0261372310254,-1.4212597488192845e-12
7527.848257608363,523.0874602936285,3.468131093913881e-12
7527.979003572792,523.1055907441643,-1.569550900103369e-12
7531.920161426715,523.6522561276462,-7.316671748063665e-12
7532.445444918324,523.7251381272507,-1.4361379899296465e-11
7533.68845209716,523.8976230504687,1.1489910752815137e-11
7535.736795340468,524.1819218999578,-4.098987647919857e-11
7536.001856119281,524.2187165354089,-1.3869930322393811e-11
7536.179304520308,524.2433499080018,-2.7424127373200966e-11
7537.701619953682,524.454701445066,-8.34720143597903e-12
7538.409819865923,524.553039335539,-1.0053235100339834e-11
7538.7670736745085,524.6026497182852,4.889080184869166e-12
7538.916886184585,524.6234542716403,8.359262536244458e-11
7539.137334429968,524.6540688038091,1.0436409524978397e-10
7539.171535820762,524.6588185683646,7.836935404090197e-12
7539.715761804554,524.7344015897104,4.492927902665947e-15
7541.4734122210075,524.9785443042683,1.3691189463682249e-11
7541.530974328771,524.9865408094977,-2.978616188235645e-11
7541.546090176404,524.9886407071867,3.059001026244326e-11
7542.263985598838,525.088375782418,-1.888736328678444e-11
7542.832717462319,525.1673947478085,-5.898579901619282e-12
7543.375101648157,525.2427585471321,-1.7433229322067755e-11
7545.955837772935,525.6014237669473,-1.766141878013086e-12
7546.08409298823,525.6192516041517,1.094746435559631e-10
7546.182746462172,525.6329649218699,6.525547240043338e-12
7548.25246556955,525.9207073848778,-5.427950299407279e-12
7550.500625500463,526.2333469704175,6.417018078686969e-12
7550.704946476635,526.2617654117507,1.9841840597589685e-11
7551.034440340575,526.3075954249804,-6.56961791787849e-13
7551.159737281325,526.3250237719469,-4.4643016223195606e-13
7552.374478610831,526.4940048481351,1.4578217741408518e-11
7552.837676712843,526.5584468882014,-1.952576113430106e-11
7553.034334709354,526.5858079590793,8.046098133158344e-11
7553.69530728465,526.67777444184,-6.666729586518803e-11
7554.092039769506,526.7329789195817,-2.081370297029486e-12
7557.3261905397785,527.1831122456629,2.020748238983131e-11
7558.054525788561,527.2845094775706,8.706364022340372e-13
7558.055518212435,527.284647647307,-2.580952259971468e-11
7560.482348071737,527.622576132717,-2.1361104396845675e-13
7561.149905143181,527.7155503975355,-3.4605775590935236e-12
7561.877667809887,527.816919172261,-6.507839071134298e-12
7562.559023829288,527.9118328901121,-9.296587824105359e-12
7562.606671006328,527.9184705194409,6.63964740948335e-11
7563.69434996466,528.0700041909333,-1.7143426369733544e-12
7564.419879677286,528.1710959323849,2.6291848567004445e-11
7565.178188825225,528.2767653626729,1.8386403344100623e-11
7565.375696194925,528.3042895060775,5.113772725769891e-11
7566.329127019503,528.4371673979969,2.319235087921024e-14
7567.196653522261,528.5580875131891,-1.6440242194105176e-11
7567.6550228647775,528.6219828864998,2.99835868343739e-11
7568.6191703096665,528.7563949105672,1.3660379013949976e-11
7569.541901912782,528.8850491782723,6.240656874376735e-11
7571.479462781014,529.1552497147628,5.740327684161849e-11
7571.7612520942685,529.1945521105271,1.219980218110641e-11
7572.50413060698,529.2981716572853,-3.7810985081827196e-14
7572.950371062055,529.3604198763234,1.1831817267866291e-12
7573.310287353206,529.4106289965232,-2.9316594124276947e-11
7575.0510087990015,529.6534971744592,5.328817953905594e-11
7575.085210189547,529.6582695650579,-3.1508793718464656e-11
7575.467599829275,529.7116288838806,2.923494108383464e-11
7576.047668574644,529.7925778327476,-1.8082818196228077e-12
7576.059549355626,529.7942358677884,-1.0927775789702265e-11
7576.213455613053,529.8157146544356,-1.051016696170821e-12
7577.576167647891,530.0059104994533,-1.0630751326017162e-11
7578.262791262856,530.1017565888457,-4.822613799272704e-11
7578.692532289863,530.1617487445692,4.416993342524019e-11
7580.826703466611,530.4597309695749,-9.744558731663248e-12
7581.52076095191,530.5566563618228,4.847023104045279e-11
7581.629730200741,530.5718747648905,2.7035725558707217e-11
7582.33563978071,530.6704658257585,4.1516178127042464e-13
7582.402229450349,530.6797665645609,-6.719011848749928e-11
7583.535694786505,530.8380929135587,8.108431209242923e-11
7584.255527367278,530.9386538992956,3.1977803062221074e-12
7584.965817176462,531.0378911107571,1.449447807441055e-11
7586.23021920855,531.2145683829483,1.757548164322509e-11
7586.2447147911325,531.2165940486896,4.412407349219122e-12
7587.69683331428,531.4195380188233,-4.9911785251654575e-11
7587.936243047507,531.453000974654,-6.929859460983929e-11
7590.199690544587,531.7694214241027,-8.574906268561632e-12
7593.449901879669,532.2239523663052,-2.738797005888697e-11
7594.37084905309,532.3527790603925,9.384365688028009e-12
7598.195059840411,532.887895916414,-3.5900989084296344e-12
7598.9957962457265,532.9999760324097,-7.288577087380344e-12
7599.50323471724,533.0710089691744,1.0907842950370383e-11
7599.554536802813,533.078190670945,2.6407046243560432e-12
7599.703003725484,533.0989746052381,8.626207982353727e-12
7600.333553866162,533.1872500550913,-4.6960270501168034e-11
7600.485771064491,533.2085611813097,1.4400875609783209e-11
7601.159769577537,533.3029292832975,2.951756814572576e-11
7601.29787304122,533.3222665039569,-6.2723331534275634e-12
7601.584290688346,533.3623717681988,-1.483284793846922e-11
7601.789499030554,533.3911067327113,-5.5003230351943e-12
7602.3092191278465,533.4638856971633,5.447661518637334e-11
7602.377621908572,533.4734648459051,-7.237177192022928e-11
7602.6639918722385,533.5135691290212,1.2780076701394179e-12
7603.465720700718,533.6258541620406,-7.618388545780308e-12
7603.53102215685,533.6350003895161,-3.128235405604055e-11
7604.291764675202,533.741557003865,-1.4862545200402814e-11
7604.446644358425,533.763252187066,4.7820263954055675e-11
7604.523597486709,533.7740317653187,-3.761796495081789e-11
7605.514436074615,533.912837973872,9.913467755350756e-13
7606.173748270873,534.0052107942832,7.526419335867886e-12
7607.4899295979085,534.1896380977191,-2.4047705985742037e-11
7607.508146769921,534.1921909667852,-5.562820708486031e-11
7607.935645151799,534.2521003404627,-4.332805086976722e-12
7608.348533587105,534.3099654806156,-9.620760989997224e-13
7609.010622632027,534.402761932883,2.7618464671228535e-11
7609.138582056351,534.4206972803731,-5.026970121730666e-13
7610.067831468556,534.5509539536978,-3.6066955006244527e-11
7610.7293479317395,534.6436911017529,8.7326087450738e-12
7610.79427722883,534.6527938914112,-1.0741166733033897e-10
7611.169452414928,534.7053932525638,2.9530540876249113e-12
7612.111899507072,534.8375352699353,-2.3235750117748565e-13
7613.895544413832,535.0876677653667,8.891828926157201e-12
7614.028256226539,535.1062811759033,-1.2910638710507344e-13
7614.755789776914,535.2083266937401,1.1048265903414345e-11
7616.077591861122,535.3937506228663,3.0720996324092904e-11
7616.203986279898,535.4114830643955,4.920053057925861e-13
7616.530894024151,535.457347787122,3.587698597448102e-11
7616.791307465994,535.4938848561429,9.881238577557802e-13
7617.434234597387,535.5840955066107,-1.231067542810266e-11
7619.092859355374,535.8168562909799,-2.656694806433215e-11
7619.702234047325,535.902384764886,-4.306053226335577e-12
7620.353959631877,535.9938649466088,-9.949246559569467e-12
7621.345418481636,536.1330471684743,-4.214795001135296e-12
7623.562115844519,536.4442953904698,1.9679917394149802e-12
7624.484723384696,536.5738661179191,1.6933238918470057e-11
7625.629096065736,536.734603261631,3.2020580987337342e-12
7626.09192200212,536.7996180601679,-1.721530622822855e-12
7626.236905751541,536.819985252596,-1.9765989746892176e-11
7627.135627676531,536.9462455749998,6.187434595258496e-11
7627.522664645084,537.0006244994191,1.5898849245099893e-11
7627.67657090096,537.0222491867665,-1.2726843694778914e-12
7628.194048352975,537.0949608548655,6.17185317939996e-11
7628.724303642859,537.1694730764162,1.992914462669957e-11
7629.010673605056,537.2097163414883,-1.733335808687773e-11
7630.285267348764,537.3888519644372,-9.253780856109648e-13
7631.156897278029,537.5113709492157,7.471688818017204e-11
7631.295821428384,537.5308998482889,7.770502889132296e-12
7631.723940073192,537.5910837429342,-2.3370484356744273e-12
7632.419438503973,537.688862445721,1.1125888261615042e-11
7633.905014086287,537.8977463232143,-2.1819991590502e-11
7634.04985478529,537.9181142656838,-4.155615990544479e-11
7634.237962431123,537.944567115507,-7.128461312530612e-11
7635.3139323297155,538.0958891229313,1.0627366815876073e-11
7636.370320473364,538.2444779431946,-1.189961240318099e-10
7636.963386469503,538.3279060800623,3.5347764043107625e-12
7637.080734328303,538.3444144765303,-2.4031395710595337e-12
7638.40665884139,538.5309620291973,-6.36927405272488e-13
7638.628595718239,538.5621900335418,4.785248607646856e-13
7639.47736114149,538.6816253808399,6.889624938613372e-11
7639.951714695735,538.7483805600189,-1.1056816366085987e-11
7640.484231624277,538.8233259360802,-2.724747662353165e-12
7640.713478318743,538.8555912694745,-1.5474410306744058e-11
7640.715091007514,538.8558182508368,2.2859004038752405e-13
7642.984082871081,539.1752198597982,6.535272528422888e-11
7643.065311172551,539.1866559694444,3.9142933610637795e-11
7643.929488231766,539.3083307386204,2.031835612846418e-11
7646.488743381007,539.6687505295587,-1.4714449342539256e-11
7647.019599936711,539.743526143821,-6.978756637878875e-12
7647.7499677038095,539.8464130757335,-6.202276069331441e-11
7647.79011432876,539.852068817049,-8.86077026017055e-12
7650.360162466255,540.2141916094334,5.196176621783072e-11
7651.619468621021,540.3916737367227,6.006470926266158e-13
7651.828436925845,540.4211278117805,9.775767362056872e-13
7651.939591443459,540.4367953647773,-3.817222116212804e-11
7652.634889448964,540.5348048081856,2.1531424495841075e-12
7653.511119023773,540.6583311099723,5.506811256466671e-12
7653.649222486052,540.6778015101631,5.494340533214406e-11
7653.967999722782,540.722745391537,3.286142694996409e-11
7656.072788547319,541.0195431091882,-8.126726719726328e-12
7656.1559826990815,541.0312760501978,-2.4742715658173658e-11
7656.205748464908,541.0382946188411,-3.946684594450424e-11
7656.687211412745,541.1061986875465,7.084549725247864e-11
7657.778812363116,541.2601705786257,-6.975702231626801e-11
7658.162690632468,541.3143223798819,1.7466146409910726e-11
7658.28439003412,541.331490476856,5.505194279333525e-11
7658.352792814106,541.3411401556522,-1.5104194833254758e-12
7659.153529210084,541.4541076034899,4.800114862427833e-12
7659.5931374772235,541.5161323167433,-3.63281278120057e-11
7660.152374239678,541.5950406633937,-1.9385416002888483e-11
7660.1847148349325,541.5996040998785,-1.1494060051241406e-13
7663.890757027806,542.1226747133168,-1.4685209071076577e-12
7664.317138928188,542.1828704623715,5.326187720318523e-12
7664.866956971777,542.2604976242225,-2.644054032313118e-12
7665.819395354018,542.3949827233106,-2.9805498073244146e-11
7665.839454323333,542.3978152462851,6.89312433195776e-12
7666.04466266299,542.4267930999265,9.79553555722639e-13
7667.565861580794,542.6416286339476,-2.608512479440516e-14
7667.678380680873,542.6575211488517,-4.728122081530214e-11
7671.113722340119,543.142850746254,-1.183310497511149e-11
7671.173899248003,543.1513542061634,2.426830717260405e-11
7672.864807211632,543.3903197774438,-3.632403392399341e-11
7673.308289806232,543.4530031496333,8.26432390723564e-12
7673.74608496086,543.5148861928038,-5.7505689483725706e-11
7675.398516360043,543.7484918179886,2.1898309561512666e-11
7676.215017551739,543.8639398493793,-7.810107618041267e-11
7677.675438291098,544.0704646014626,1.7871127602006651e-12
7677.721472778314,544.076975186812,3.3489402375682305e-12
7677.926681117502,544.1059979553354,1.1920810526820771e-12
7678.149467366328,544.1375076589522,4.8507264083543915e-12
7679.800037969408,544.3709840767598,-1.2799918183903744e-11
7680.098632182298,544.4132261686547,-2.6759471853029682e-11
7680.944410638294,544.532887272432,-7.970505279784679e-12
7681.333461136729,544.587934730893,5.251646330724315e-11
7681.722435265557,544.642974171019,8.611253179061492e-14
7681.822730111832,544.6571662408226,-6.03035546964198e-11
7685.443469237453,545.1696375182653,1.146533742980688e-12
7685.540977545701,545.1834419643446,-2.7196148268715522e-11
7685.649651002976,545.1988272892579,1.7013332269645912e-11
7685.679405482685,545.2030397848578,-4.520304744242367e-11
7686.007105223861,545.2494350111468,3.8064206688744596e-11
7686.224251715822,545.2801793678161,6.778895244208255e-11
7686.820123241473,545.3645493958712,3.963898659659606e-12
7687.979287280493,545.5286952952684,3.581689094953321e-11
7688.323295715136,545.5774141070664,5.627454430570618e-11
7688.713243270083,545.6326414981622,1.0512466339969925e-13
7688.9530251575825,545.6666026558268,-1.1415724907064754e-11
7690.043738733161,545.8210976471114,-3.1972076303518415e-13
7690.516479594068,545.8880662095208,-1.4137969277526932e-11
7691.960868428007,546.0927041171676,-2.264244580550529e-11
7693.404684680047,546.2972993101049,-5.358027079770898e-12
7693.591599477337,546.3237887766875,-4.671995604524453e-11
7694.248993495352,546.4169594226663,-2.320060615375084e-11
7697.282831277831,546.8470400497614,-3.326469605845103e-11
7697.334133362441,546.8543141550055,8.986050411788913e-12
7697.645534098277,546.8984686004003,-2.3678395726755283e-11
7697.7859468826355,546.9183787350275,-1.3725378779910698e-11
7698.263754917852,546.9861332800624,-2.2711400501660784e-11
7699.805031792762,547.2047194083983,-3.1339308194754247e-11
7699.886584568897,547.2162865606904,-2.103196885649397e-11
7701.5218962678255,547.4482591462809,1.0864806791522086e-12
7702.580145192845,547.5984003532776,4.166192090666822e-11
7704.154277870622,547.8217717763442,5.956779016117225e-12
7704.496969404828,547.8704061896838,1.516251237306684e-11
7705.930870723244,548.0739273829577,1.2986301439411933e-10
7706.087735251142,548.0961942928386,4.006012133430144e-12
7707.989854148808,548.3662360225369,1.08251177740772e-12
7708.652687498972,548.4603534037146,1.2615739870223258e-13
7708.83682544675,548.4865010523455,6.278379639653892e-13
7709.158265165098,548.5321470939688,6.599685383653134e-11
7709.507789301884,548.5817834229357,-1.097884835800291e-11
7709.7524476298395,548.6165289754128,2.670329622960663e-11
7710.856683356743,548.773362536442,-2.254451722832035e-13
7711.656751796449,548.8870095365728,5.195970766347274e-13
7713.291758013429,549.1192932773158,1.0607936557160495e-12
7714.907335214655,549.3488651254476,-4.348131323529216e-11
7715.213830821891,549.39242325988,7.061168917133192e-13
7716.752006367377,549.6110497767589,-1.145621432818786e-10
7716.931563662848,549.636573752738,4.647718697602303e-13
7717.260189145325,549.6832892319601,8.378074429943446e-12
7717.597259919417,549.7312073111912,-6.267963489486216e-13
7718.260894958637,549.8255559779033,3.82829317390024e-11
7718.352143244896,549.8385293362496,5.648646371946921e-12
7718.883018790574,549.9140103840813,-3.5104225124594323e-12
7719.0635495126,549.9396798204358,5.977389273443164e-12
7720.357753675041,550.1237186618107,1.8448796812321952e-11
7722.393271323097,550.4132364296458,-2.8736672801655558e-12
7724.712420072832,550.7431889143676,3.4684037195456782e-12
7724.97972348455,550.7812253674384,3.279044915003793e-11
7725.045148992148,550.7905354163735,-4.2309734743316436e-11
7726.844234183104,551.0465761124443,-1.5272241458646178e-13
7728.994857042842,551.3527248870763,3.518287466858476e-14
7729.244439494677,551.3882593497548,3.5157490623038444e-11
7729.267800210819,551.3915854055207,1.594867081184312e-11
7729.402620921271,551.4107811265411,-4.3317910687694284e-11
7729.698581332611,551.4529210306055,3.9440456145914324e-11
7729.702064505022,551.453416986783,-5.296372833970129e-11
7730.467110864917,551.562354554667,1.6959906105428176e-12
7730.621017117783,551.584271095062,-3.901349927556919e-12
7731.26322860354,551.6757279297015,-1.034202608127906e-10
7731.399709686079,551.6951650726052,1.210908172145868e-10
7732.11718523983,551.7973509930755,-4.4711484506949274e-11
7734.2514040371825,552.1013715684727,-8.225476284543272e-11
7734.497207527011,552.1363917913901,3.3028596260985537e-12
7734.58350300204,552.1486867822205,-1.2474525067187246e-11
7735.487845667786,552.2775417057409,3.8025110482458015e-12
7735.903787734156,552.3368121121013,-8.085727593432576e-11
7736.5465431145985,552.4284089535366,3.757434292748745e-11
7736.933723125306,552.4835883076827,2.6532376924437e-12
7741.133366780271,553.0822822257852,-5.074616133954156e-12
7741.4150320313765,553.1224475611899,-5.129798640676863e-11
7742.248757960652,553.2413450606499,2.2318787236376684e-11
7743.496584158101,553.4193212452906,2.3575819628132652e-12
7744.11512944792,553.5075543652143,4.690818815643209e-14
7744.333640520295,553.5387258186055,6.342774316267681e-11
7744.82707960753,553.6091200570428,-3.5814372143045944e-12
7745.312598301225,553.6783887463304,1.5667529732622115e-11
7745.434889279599,553.6958366186376,6.0755886453857365e-12
7745.655537938759,553.727318375594,1.2878312382537955e-10
7746.634543402851,553.8670119454912,2.817373283123548e-11
7747.940361236068,554.0533656116943,-2.5485541011024216e-11
7748.042965404309,554.0680096152131,1.608691439755856e-11
7751.116968777684,554.5068314000384,1.9866167065084156e-11
7753.151446306869,554.7973539556896,-2.1135569107278382e-12
7753.882186218296,554.9017219258602,-7.980400561077861e-11
7754.411124596193,554.9772737170948,-4.744431237077934e-12
7755.010431603241,555.062882955998,-2.093495973695538e-12
7755.443149887254,555.1246996001204,1.3144507947457606e-11
7756.082946991078,555.2161051314934,3.614433105457517e-11
7756.186524585787,555.2309036023679,-8.17134530039927e-12
7757.640332120207,555.4386347093634,-9.887485299775282e-12
7758.266234909348,555.528080461967,-5.675692781480479e-11
7758.338912861716,555.5384671017871,-4.55157125620703e-12
7758.837104336046,555.6096678664255,2.8784822967996313e-11
7759.235697599988,555.6666374992067,3.3652985767286176e-11
7759.293240708129,555.6748621893752,1.1710981249340496e-10
7759.619404125646,555.7214821838287,1.1775090219020246e-12
7762.026718817615,556.0656310350096,5.885013156142648e-11
7763.619746286715,556.2934283690771,-9.849521835141564e-12
7763.770722950532,556.3150199269579,2.7547195034482744e-13
7764.331696443763,556.3952498559156,3.8639355708692364e-11
7764.648565195775,556.4405707043312,-9.257020945707796e-13
7765.2014655562925,556.5196549205815,1.1511790767285004e-11
7766.431713839104,556.6956439404235,2.5372661848043256e-13
7767.76333544868,556.8861660002418,-1.9656752678556754e-11
7769.580313321331,557.1461832077907,4.335910900510767e-11
7769.910799595289,557.1934837260436,9.800610712072644e-12
7771.203142950851,557.3784683959263,1.3336417356591155e-11
7772.907849830455,557.6225254037943,-8.670798735021775e-11
7773.170629960174,557.660151491067,-3.170146863348775e-12
7777.3011454879625,558.2517451475319,4.602713319382933e-11
7777.3243631537,558.2550713891563,9.43214161503762e-13
7777.561912083622,558.2891040259381,2.0390584458941124e-12
7777.792771460914,558.3221792746041,-8.72809053182725e-13
7778.010118371725,558.353319487931,-2.629332434531969e-11
7779.785737773398,558.6077526002134,1.428855791019884e-11
7779.926942556886,558.627988693019,5.3237624812875765e-12
7780.2127399294395,558.6689475098873,5.7035512137567504e-12
7781.60828871785,558.8689710550802,2.3360025182071955e-11
7782.302346176683,558.9684634383813,-3.110632033371433e-11
7783.679200578458,559.1658602841037,1.2711377528047628e-12
7783.73428162398,559.1737578692346,-1.426953962219045e-11
7786.6711549449765,559.5949311535311,-2.961779213471345e-13
7787.102756749664,559.6568400122079,-2.280996716952979e-11
7787.558664010643,559.7222389663729,-3.9517521951688284e-11
7788.896593319778,559.9141842651468,6.410279760045411e-11
7789.526322750463,560.0045394669991,-1.145578452467433e-12
7789.947017201039,560.0649058612328,3.18439916151864e-13
7790.0571792919545,560.0807138063968,-2.654483128445186e-13
7790.709801912647,560.1743678720447,-3.774772419744185e-11
7790.8466074692315,560.1940010342042,-2.1939522902922206e-11
7791.548146480768,560.2946853234926,-5.570575785485785e-11
7793.754995523288,560.6114695586095,6.66718542467904e-11
7793.957226586562,560.6405034952404,2.4613230760311545e-11
7794.657047853215,560.7409813437187,2.793520192012123e-12
7795.071224487179,560.800451601337,-4.990467783787771e-12
7795.467260319322,560.8573200363705,5.4685608608032134e-12
7796.653392276179,561.0276589501893,-5.1099769402815425e-12
7797.321922744258,561.1236771871319,-4.975792317683146e-12
7797.761578683468,561.186827619565,4.500344938605193e-11
7798.055897716186,561.229104425791,3.3655718772899187e-12
7798.414869251543,561.2806702576461,-2.955357641596216e-12
7798.779060700944,561.3329883496378,8.003241338558331e-11
7799.42653977612,561.4260082903229,-4.259378333236697e-12
7800.102628167305,561.5231466240375,-1.1086962369653989e-10
7800.411738571243,561.5675614761574,-2.971065783455097e-11
7800.576981707295,561.5913053311596,-2.845660847897522e-11
7800.6409088892715,561.6004911894812,-1.789487994288995e-11
7801.115138376238,561.6686367734051,5.237362584997044e-11
7801.63236770547,561.7429660496271,-1.1853212376017416e-11
7802.291679877386,561.8377207147945,-7.375603720161247e-11
7805.592620584453,562.3122439038787,2.556100470903713e-12
7805.815254088838,562.344255569588,-1.7611471913571757e-11
7806.693201383113,562.4705013325575,6.526967419615388e-11
7806.880316599046,562.4974096843974,5.769476442737451e-13
7806.962537321857,562.509233748472,-1.1730490217286333e-11
7807.919651697686,562.646884387315,-3.881565988620748e-11
7808.133410379186,562.677629119766,-1.0808121777607132e-10
7809.182192881882,562.8284868260118,-2.689337912405508e-12
7809.336099132523,562.8506265279059,4.0288277693856584e-12
7810.974092280553,563.0862819380462,-6.273798116623657e-11
7814.008130420217,563.5229146282659,-2.9674194269888985e-11
7814.110906323602,563.5377082221901,5.624996860732093e-12
7814.430485241047,563.5837097492393,4.5016078827952024e-11
7814.481787324546,563.5910945611199,-4.7326656545155413e-11
7814.782671855969,563.634407143796,-1.481398963275197e-11
7815.073364665227,563.676254203327,1.3219011514718395e-13
7815.293688846044,563.7079722928762,4.0506374249482964e-11
7817.31113233753,563.9984470574944,-3.000947401863764e-11
7817.607092744104,564.0410662198138,5.1162283431725615e-11
7819.406874539009,564.3002747913034,-1.4376187366350232e-11
7821.313440307028,564.574927711679,-2.3419557197576865e-12
7825.400974953835,565.1639887285338,8.245024828512272e-12
7826.961938602472,565.3890228520737,1.2371272619064209e-11
7828.019815344148,565.5415556774163,-2.2321687874322345e-11
7828.953912473383,565.6762581414918,-1.8348541199928475e-12
7831.347676293549,566.021526754547,1.1045532603485218e-12
7831.803116025152,566.0872298338184,-2.5897681973246927e-12
7831.883676375483,566.0988521053238,-5.660184038314104e-12
7832.076059188003,566.1266072507808,-1.3737489815504054e-11
7832.870535536954,566.2412338932613,-7.034005643189903e-12
7833.9318954498585,566.3943845019522,-3.383604215253164e-11
7834.207300674945,566.4341279256595,1.0863816978371301e-11
7836.713889067738,566.7959151534081,-3.961713958081433e-11
7838.201678549983,567.010709266512,-1.6490488916218686e-11
7838.843956703749,567.1034484040943,8.759782210348475e-12
7839.20069528287,567.1549615004435,-1.7385322655756196e-13
7840.185464539645,567.2971744743467,-5.269506582650403e-12
7840.258944181164,567.3077865680482,3.016578362773634e-11
7840.515454597469,567.344833154055,-1.463349374811503e-12
7841.060949766157,567.4236204702419,2.8431924939910155e-12
7841.2479409279595,567.450629361963,-5.3220183190930624e-11
7841.845902340022,567.5370028742301,6.799412367808311e-11
7842.404642871724,567.6177170150183,-2.4634765400225046e-11
7843.335877091104,567.7522533624707,-1.343437487936741e-10
7843.765665780116,567.8143507557139,-7.288601412884605e-11
7843.938295101887,567.8392938098649,5.508048910123818e-12
7844.211906212434,567.8788287556483,-2.655591781145299e-11
7844.639604997975,567.9406310857951,5.1311735371082614e-11
7845.636312406538,568.084668045977,3.354447628793259e-11
7846.161920342459,568.1606324804673,1.6584129005776724e-11
7846.315826592081,568.1828770218826,7.107085675611434e-11
7846.6438794853,568.2302929670467,1.7714638985687233e-12
7846.659491543969,568.2325495443982,-4.0904577685912225e-13
7847.059000855814,568.2902964137364,-5.995609486772641e-12
7847.980940409356,568.4235689163283,3.684703566194843e-12
7848.364541873086,568.4790256753074,-9.248130311837375e-12
7850.785750840581,568.8291192183265,4.042010042051366e-11
7851.51975449164,568.935273452849,-4.22323668855094e-12
7851.627578571977,568.9508681931936,3.080145809956652e-12
7853.499322675361,569.2216151623145,-2.642994109328741e-13
7853.579453494088,569.2332074908803,-8.146519755545944e-11
7853.781484132634,569.2624352917604,-1.972345099314042e-12
7853.812584196954,569.2669346092162,-2.2826154472335226e-11
7854.430804998858,569.3563777242381,-1.3171160734920418e-10
7854.651253231103,569.3882734955566,-2.1343141136872437e-11
7856.184304190251,569.6101092546921,-5.050787018479752e-12
7856.745649833055,569.6913480005928,-8.295051210853014e-11
7856.874210519148,569.7099543042365,-3.5332803625879695e-15
7856.976814685369,569.7248041966459,-6.2513579658697886e-12
7856.987330882977,569.7263262160042,2.5328137220838982e-11
7857.317817151722,569.7741588483833,-4.193085420254656e-11
7857.6330635207405,569.8197876225064,-3.277081329258737e-11
7858.584881604293,569.9575649240247,6.055840846830605e-12
7858.709357850345,569.9755843082587,2.7285364676363627e-11
7859.80899389812,570.1347818124173,-1.5355469807391535e-11
7860.284339856852,570.2036059227704,1.148443670116501e-10
7860.839902692712,570.2840497021049,8.466881610437648e-12
7861.644246284122,570.4005262395075,7.996987904524612e-11
7861.824128050389,570.4265764462762,-7.975114471232238e-12
7862.13470808942,570.4715555832677,7.289910677626836e-12
7863.395331094344,570.6541410478137,-5.934396384232122e-11
7863.514520745673,570.6714056917805,6.19492631079295e-11
7863.79631004351,570.7122239665739,3.238735183424057e-11
7864.05444283641,570.7496167883603,5.674632714175298e-12
7864.195523564783,570.7700541004031,3.9319148228132606e-11
7866.122844920609,571.0492874758093,5.9407067586633455e-12
7866.8847612509535,571.1596939941517,1.0577340149794344e-11
7867.698695295887,571.2776500234525,-4.275720826817208e-12
7867.749997378902,571.2850851747495,-3.557761576562709e-12
7868.409309543015,571.3806428360122,-3.117073722261693e-11
7868.410798178738,571.3808586010614,1.0287051933544542e-12
7868.479200956079,571.390773044164,-2.9871474716279164e-11
7870.01799672357,571.6138321331796,4.0104876812726856e-12
7872.282016683099,571.9420967823922,1.3372655340205753e-12
7873.1353720298985,572.0658509324093,8.632696278146317e-12
7873.14954313617,572.067906148731,4.987309817839867e-11
7874.351735663643,572.2422719687229,7.739399367707686e-13
7875.532600006366,572.4135702705801,6.997089801070334e-11
7878.164036785329,572.795383611178,-9.914086424372413e-11
7880.004509079376,573.062506255578,-2.69095586456571e-12
7881.293102133899,573.2495673348999,3.0360796138790893e-12
7882.091004275867,573.365411661432,-6.9878074751582e-12
7882.495666818578,573.4241675332464,5.666283551389586e-11
7882.73321574402,573.4586603793354,-9.637396469409542e-11
7882.951249596242,573.4903204907126,5.963637321719088e-11
7883.565195221389,573.5794745941927,-2.1324757240056475e-12
7883.706132899084,573.5999418365564,-1.2757318547958633e-12
7883.765985329094,573.6086338329849,-1.0234303186387455e-11
7884.094610801627,573.6563592437846,1.0876581877770817e-11
7884.220776105398,573.6746824266354,-7.019702897249873e-12
7884.239670913726,573.6774265742143,-7.047198419906404e-12
7884.625238225404,573.7334250646818,4.033213820611958e-11
7885.715150071854,573.8917349813671,6.3783297537885545e-12
7886.3570847474675,573.9849863625906,-1.4935959656831867e-11
7886.6262299488,574.0240863092558,-3.2785931451737454e-11
7886.788686544461,574.0476877630716,-4.245176133134145e-11
7887.44965907846,574.1437178875672,-2.365676786049612e-11
7887.618805226584,574.1682937657174,-2.205522830201291e-12
7889.113379614706,574.3854689851526,-4.369348598553964e-11
7889.338847337029,574.4182350628591,1.3726839360328544e-10
7889.385855249063,574.4250666016766,-3.7985123901300065e-12
7893.019343388801,574.953235247564,-6.765663906566709e-12
7894.991725793651,575.24004520291,1.8997699615702698e-11
7895.48499313113,575.3117838662662,-2.008625767126898e-11
7896.499125700531,575.4592889909934,-1.4147524516103452e-11
7896.804504820907,575.5037099576092,1.2453024874550907e-11
7899.491280429349,575.8946069548131,2.804595995199538e-13
7901.849726354394,576.2378451018359,-4.926679126713609e-12
7902.003632602506,576.2602475211854,-4.477933182838438e-11
7902.708654772453,576.3628753280451,-1.406195394554291e-11
7902.87966171477,576.3877696377095,4.546193975707202e-11
7902.89934852429,576.3906355765934,-2.821701863801073e-11
7904.786227454608,576.665354138245,7.172732443730948e-11
7905.128871292965,576.7152481177382,5.14146294862803e-13
7905.167347854972,576.7208510058078,6.937857822422042e-12
7905.84641350488,576.8197398177355,1.942426311079433e-12
7906.090079400337,576.8552256903406,6.502305526239007e-12
7906.709617095897,576.9454559455478,8.054338345003625e-11
7908.61687946892,577.2232764420163,2.7550752680897284e-11
7908.8947657499,577.2637602120719,-9.138056965401772e-12
7910.654381895493,577.5201423238061,-1.1137455298122669e-13
7911.475501698548,577.6398018149143,-7.789620170531481e-11
7911.89049901135,577.700282936765,6.484557420252248e-12
7913.093435848526,577.8756151771337,-9.931529612370366e-12
7914.749130928318,578.1169821035261,2.361692387715107e-11
7914.899582689972,578.1389174366658,-2.2491703397384533e-12
7915.003160281738,578.1540189244565,-1.5092777406766756e-13
7915.688915482941,578.2540061900743,-1.9037895401224427e-11
7916.129563836729,578.3182599629503,3.867605283475703e-13
7916.158392571995,578.3224637910639,-7.709614911765816e-11
7917.186467135171,578.4723884139045,4.384140936985189e-11
7917.507286576548,578.5191776577573,-4.1843887859632164e-11
7917.977040457588,578.587691355543,-3.4844121816724294e-11
7920.485747402965,578.9536555872402,-7.888374239400372e-12
7921.537554839634,579.1071252592301,-5.711290845092914e-14
7923.003844378992,579.3211061986864,4.9178691019394706e-12
7923.180567446565,579.3468987098536,-3.44386642941283e-11
7923.585029563823,579.4059316161615,1.9526416498115255e-11
7923.794513067408,579.4365077779831,7.435511900343716e-11
7925.899406844251,579.7437824359588,-3.716336025052342e-11
7926.027662050475,579.7625079069007,7.853302110808548e-12
7926.585037991185,579.8438892302615,-1.6619891522318017e-11
7927.025562291161,579.908213332941,-2.418051226051097e-11
7927.348986844485,579.9554411400669,-1.0046102021676071e-11
7927.625814020145,579.9958661334958,3.6610747189105853e-13
7927.905370361261,580.0366910987584,4.624872912245868e-11
7929.006819506959,580.1975550573185,2.8477955923060203e-11
7929.987542683402,580.3408060906535,6.3961343505764025e-12
7930.046774848052,580.3494585069581,3.7851734095872297e-13
7930.18420066614,580.3695334128819,4.831086927099528e-11
7930.441713191169,580.4071512965788,-6.873625244568296e-13
7931.803127234684,580.6060493603331,1.06494740874376e-10
7932.044808281434,580.641361725876,6.637029146081876e-11
7932.18979202274,580.6625460252963,5.996162937651702e-11
7933.528169826088,580.8581213838526,-2.1942210163498925e-12
7934.584729648606,581.0125383635508,2.58030040442768e-12
7934.899432118069,581.0585363309475,5.5057872563065754e-11
7935.873837900011,581.2009703141788,4.413761764824733e-11
7936.101347840472,581.2342291491857,4.472908254365591e-12
7937.351311581472,581.416973725463,2.2428404714902906e-11
7937.454517013912,581.4320636358229,-1.6137278278641466e-12
7938.472495218171,581.5809151487417,2.0456139225861877e-11
7939.767300597335,581.7702726575837,9.06302637565004e-12
7940.184235072317,581.8312533933025,-8.382878041412243e-11
7940.844215176381,581.9277884702698,3.873811729319339e-13
7943.179968317567,582.269502776366,-1.0633993729960032e-12
7943.432213244684,582.3064115329713,-1.5148368814949263e-11
7943.654522268134,582.3389410067251,-5.034448250087166e-12
7943.8539667882305,582.3681255958752,-1.2130264137169422e-13
7944.359544433,582.4421097324584,-3.672474711916388e-11
7944.719632435868,582.4948063890047,-5.823259696715051e-11
7946.471318488398,582.7511889009337,-1.5690816969228402e-11
7948.528211921669,583.0523147178004,1.8563977736784e-11
7948.664225473195,583.072229625245,-2.2239295475447818e-11
7948.707769209684,583.0786053081591,4.924660656760929e-11
7948.9378365787325,583.1122923997617,-3.737112500910626e-11
7950.52465165724,583.3446647449588,5.141792223195668e-12
7951.335064523624,583.4633590618375,6.074399622504322e-11
7951.830793918586,583.5359703163433,1.93330621171326e-11
7951.967599471283,583.5560095111281,-6.314449710303014e-12
7954.8402974188175,583.9768801995785,7.414110494417333e-11
7956.6568553889365,584.2430973234323,-5.952074591936806e-12
7957.910025505666,584.4267852169412,7.217423482860205e-11
7958.06393175229,584.4493465702643,-6.587188786134159e-12
7958.331263839053,584.4885362290665,1.5407100662162368e-12
7958.67062492453,584.5382869052884,-1.5877522352931955e-11
7959.3834434278015,584.6427937221953,-3.2934589601858045e-12
7959.669641636398,584.6847560741509,4.447543685033361e-12
7960.642062566601,584.8273436036878,-1.5576920164581143e-11
7960.644667679079,584.8277256186059,4.642599008253633e-11
7961.0328974705,584.884657215186,1.7643053415547232e-12
7961.872263123448,585.0077547008218,-1.8055033992347493e-11
7961.964007617635,585.021210310921,-1.3688585423298383e-11
7963.44309398117,585.2381603617206,-3.5371742097725084e-12
7964.070838544892,585.3302491236219,3.0929058990463573e-12
7964.7288527958735,585.4267861751819,2.812091524896973e-13
7964.899859736367,585.4518758521899,-3.792264000837363e-11
7966.070732761243,585.6236776549215,1.2388256345625737e-10
7967.471377364856,585.8292269372904,2.0210384394313582e-11
7967.562520591298,585.8426037630475,-3.235584411247109e-11
7968.967488051461,586.0488261031695,-1.8732974991836262e-11
7971.332623500676,586.3960648587691,8.83132313017665e-11
7973.194843791538,586.6695403351112,-1.3026655573888575e-11
7973.952208142111,586.7807809902312,3.535534980334404e-12
7974.418135373599,586.849221003637,3.240015776507819e-11
7975.959412172367,587.0756475217718,-4.736522971616545e-13
7976.499887836846,587.1550583031611,-5.61549943898596e-12
7977.433603094004,587.2922595040318,1.163715117773618e-10
7979.8109914788465,587.6416682074257,5.428350399126792e-11
7981.67632278036,587.9158919256321,-7.363352284448145e-13
7981.835124464736,587.9392404378698,-1.8026837753334518e-12
7983.674356196118,588.209695374491,7.219435482485686e-11
7984.235329667598,588.2921976774398,-5.09246612557684e-11
7985.787991031993,588.5205776291249,-1.3810830063010772e-11
7985.9617368262825,588.5461365478612,-7.124311569724234e-12
7985.972128970677,588.547665304499,-1.0529798756872269e-12
7986.318246287549,588.5985827028944,-1.9101602524356697e-11
7986.887751108555,588.6823674913409,2.1447157188814012e-11
7987.677179258592,588.7985169868202,3.3410236273326845e-11
7988.30077269921,588.8902751414681,-4.81151368135833e-12
7988.80920355857,588.9650930919031,4.944244622199768e-12
7988.957670470721,588.9869415823601,3.023231935946071e-11
7990.52706036893,589.2179188842615,-9.143642929414163e-12
7991.178117961429,589.3137525725168,4.2291505641428636e-14
7991.491379475558,589.3598664924972,-1.6527390799544036e-11
7991.6025339863745,589.3762295185942,-5.161084222723726e-11
7991.669075967644,589.3860252549382,-7.933415885379618e-11
7991.728928396545,589.3948362827775,1.5971893151925072e-11
7992.702666220783,589.5381919669154,-7.0238656069565824e-12
7992.9078745484,589.5684053869952,1.4246475815344482e-11
7994.820032331631,589.8499752399607,-6.971393109169979e-12
7997.405692366884,590.2308270412536,2.649868471077824e-11
7997.410835911193,590.2315847763939,-3.899055649630156e-12
7997.463254469825,590.2393069859105,3.5789728012602178e-12
7997.598075173876,590.2591687665195,-5.3974737331548164e-11
7998.293249083197,590.3615870726995,-1.2262134361652968e-10
7998.865416387874,590.4458897892893,2.953531126668578e-11
8001.193315793504,590.7889429825923,7.122220236070214e-11
8001.762047609055,590.8727698810427,3.713329246117795e-12
8002.201827585546,590.9375943091676,-7.91575540344497e-14
8004.381708606611,591.2589656285518,1.7905196690149645e-14
8005.7211265007145,591.4564741774036,-6.4358210388229414e-12
8006.486296876252,591.569319882591,-4.216787099707571e-11
8006.534993845581,591.5765019734455,-9.160224146000841e-12
8006.966719686654,591.6401771319738,-1.2715178425901617e-12
8007.407243980605,591.7051535116184,-1.4548525938303448e-11
8007.474778385492,591.7151150061505,-4.18867624355793e-11
8008.109126438349,591.8086870397706,8.337078606377832e-11
8009.281812565895,591.9816882906391,-2.3669401938692605e-12
8009.608997079063,592.0299609094212,-1.0906985603795042e-10
8010.228830553012,592.1214161974489,-2.3807905042976277e-12
8010.736268986701,592.1962930727034,-1.9885484189405467e-11
8011.286707261084,592.2775203048849,-5.934936926883896e-11
8011.3038079550015,592.2800439143487,1.5497199545280478e-11
8011.767006018129,592.3484017284648,4.637065226926777e-11
8013.462637580876,592.5986732498975,8.198080115388713e-12
8014.342817796971,592.7286068120964,-4.774005916405965e-12
8016.135814611312,592.9933359147486,-9.198338033175639e-13
8016.3482087023585,593.0246990106501,-1.3336366732002845e-12
8016.8095649677,593.092827878046,-1.2998875876330774e-11
8017.187078135574,593.1485784815527,-1.38333352328343e-11
8018.092708969416,593.2823314478886,3.346821359891943e-11
8018.318501162291,593.3156811366723,3.894995474404365e-12
8019.514280899614,593.4923144237206,-2.0090235354565233e-11
8020.352157908597,593.6160961973902,5.088647432062553e-11
8020.388220090982,593.6214240486912,4.4935331054389915e-12
8020.642869704707,593.6590468372918,8.142166797815641e-12
8021.300864952202,593.7562667945127,-1.8279720565861126e-11
8023.349208012514,594.0589641485116,1.8108120733388167e-11
8025.42784944533,594.3662179067583,-8.177563002361697e-11
8025.530453608576,594.3813863716098,7.495614476232419e-11
8026.331514427559,594.4998176962536,2.922604041685309e-11
8027.121543840032,594.6166296808976,1.5318228683947497e-13
8027.510021733052,594.6740733713307,-1.7021069217587466e-11
8027.922280183279,594.7350365003994,-1.1443482769360819e-11
8030.272500185317,595.0826374222812,4.798385116996582e-12
8030.408790527095,595.1027980813134,-4.231174702422956e-11
8031.86259799173,595.3178728843942,1.3727509884770876e-11
8032.376420497603,595.3938965769935,1.0686735780319974e-11
8034.380694920207,595.6904897107537,-1.711992675520932e-11
8034.944655347252,595.7739580849973,4.6767407694268986e-11
8035.218075715222,595.814427489886,2.273897361715803e-11
8035.472105063449,595.8520280316594,3.861046017429691e-12
8035.823967189383,595.9041114049293,-4.656845220661632e-12
8037.192118444353,596.1066497105722,-5.12659632392207e-11
8037.5620070072,596.1614131759105,5.2326037168590086e-11
8039.128314565535,596.3933391396331,8.10467722227298e-12
8041.889552482746,596.8023106383014,-4.4720376928190127e-13
8043.134916552448,596.9868095197628,-2.159080506937066e-11
8043.601044201087,597.0558730029072,5.343089032061403e-12
8044.482464942504,597.1864790417633,1.1057469960374137e-10
8045.292925479476,597.3065830591623,2.6570656259781292e-11
8045.988223436244,597.4096305107955,2.094096132683235e-12
8047.274354392065,597.6002665335309,-1.0975253774852214e-10
8047.426896053669,597.6228789550473,-7.862661498060456e-12
8048.204920630437,597.7382181790422,2.6388859001514155e-13
8048.3716523950825,597.7629369883166,8.956409370351363e-12
8049.948476147877,597.9967342352678,2.3796850691720474e-11
8051.387769029228,598.2101796240867,-1.843047830305288e-11
8052.774166137412,598.4158167156636,9.270395248168733e-12
8052.808367525005,598.4208900775745,-4.919294272092919e-11
8054.702804330502,598.7019405010125,-5.934370214667947e-11
8055.5272068632075,598.824265927442,-2.9482601189488234e-11
8055.572267920773,598.8309524796422,-8.151356572210412e-12
8056.187186954467,598.9222032596352,-1.9356489114528595e-12
8056.961003037274,599.0370434313036,-5.2473669677511657e-11
8058.596266949971,599.2797652740597,2.473497847196609e-12
8059.104325644455,599.3551863375304,-4.5562296082312073e-11
8059.19278738749,599.3683189258253,1.2406436195964763e-11
8059.313809143249,599.3862854443955,2.4926973707872526e-13
8060.826505291545,599.6108784353704,-3.2040254027239027e-12
8061.6659949834475,599.7355373184623,1.8119507427717955e-12
8062.605703145182,599.8750934063072,8.894252461923036e-12
8063.452922496309,600.000927921774,-3.9988926757591183e-11
8064.426660308928,600.1455701112702,-1.4718773471834848e-12
8065.425505266747,600.2939599451482,3.239722640706112e-11
8067.666336172626,600.6269278488364,4.63113263581503e-12
8067.725568335906,600.6357304858278,-6.056766352357439e-14
8068.961513682629,600.8194220973181,-5.021706130226136e-11
8068.9971560224085,600.8247198354219,2.2704914560244236e-11
8069.812034779738,600.9458466129995,-1.154072158129977e-10
8070.197955240989,601.0032156136156,-2.3905802779205835e-11
8071.148103229055,601.1444715412978,-9.293157872653412e-11
8072.03601309621,601.2764897276801,3.961844452658141e-13
8073.1191686751545,601.4375575343114,5.967416013915923e-11
8074.698130008258,601.6723915484753,1.6773176237354532e-11
8075.133310330478,601.7371226389483,-1.855272450838899e-12
8075.35561934902,601.7701914389681,4.6258876452046454e-12
8075.716728453949,601.8239089004804,1.4070189040452904e-12
8075.76932843724,601.8317337099783,-1.539920063036515e-11
8077.437047301766,602.0798511336889,-7.228218897287777e-12
8078.089793943095,602.1769784638664,5.630573269081138e-11
8078.694196777313,602.2669193352589,-5.145067900173897e-13
8080.100776900106,602.4762578441771,-1.1540575560279794e-10
8080.602251096285,602.5509000595251,4.043910211678153e-14
8082.246132030118,602.7956169454225,-1.4055314102097498e-11
8083.035560167666,602.9131531219199,4.915729257549062e-11
8083.237590798322,602.943234852139,4.740674681221488e-12
8083.277241208286,602.949138762665,-3.636309926135157e-11
8083.45493769767,602.975597966479,3.0771007189301175e-11
8084.115910209693,603.0740226102351,-6.62845315402323e-11
8084.259157205691,603.0953544139314,-8.04846976827441e-13
8084.300067142588,603.1014466372053,2.6486318882138936e-11
8084.490016570756,603.129733917459,-7.322719464871434e-12
8085.1855149456,603.2333132492031,-1.1967098273648118e-11
8086.451987770427,603.4219496724925,-3.7756758874708934e-11
8087.602324589112,603.5933136751055,5.6351241726423066e-12
8088.434905305312,603.717357219045,3.371524196194736e-11
8088.5204087737975,603.7300968309582,-5.510105322964391e-13
8089.079149282019,603.8133498362394,1.996351108071827e-13
8089.6320782977,603.8957425835279,7.32914700679583e-11
8089.8867279085225,603.933690182118,1.8840528121010904e-12
8089.976506550411,603.9470691791596,-2.0406516171504858e-11
8090.010383462275,603.9521176245133,1.088694215981926e-12
8090.086220107143,603.9634191196157,7.94256924454788e-11
8090.902845292248,604.0851227446104,1.650430128242792e-11
8091.1434288530245,604.1209798367496,4.9767536811657146e-11
8091.314111314398,604.1464193649881,-4.1581973488143445e-13
8091.394671661166,604.158426744179,5.216555734272667e-12
8092.99033283815,604.396281894554,-5.759434853704652e-13
8095.039048033228,604.701739717786,7.494491446579763e-14
8095.342394612442,604.7469744332287,3.2976002173750775e-12
8096.138311878012,604.8656688176746,1.9271851286873243e-13
8096.387894313914,604.9028912121776,-5.222330972300609e-11
8096.631579198784,604.9392351608161,1.8399258046073198e-11
8097.4602568992605,605.0628350069411,-3.275559611345583e-13
8097.644595257093,605.0903313639778,3.2210171141454444e-11
8098.4066832939425,605.204012908993,4.7450587145539525e-11
8098.611891617976,605.2346258978713,6.209660207486221e-13
8098.9975829686855,605.2921654535124,-3.1140555249615126e-11
8100.2539594358095,605.4796176019597,6.601765736723097e-13
8102.421014901393,605.8030119514007,1.0593868004710489e-11
8102.858810023031,605.8683555626851,-1.4976378561460766e-11
8103.4201556423695,605.9521450104652,6.722130264975966e-13
8104.057471648287,606.0472812402617,2.437664916260711e-11
8104.549049910213,606.1206673775868,-1.5124110028010493e-11
8106.958845518372,606.4804824077647,-9.306735957934554e-13
8107.491190666626,606.559983153623,-8.982573133121215e-11
8107.948815646933,606.6283293170931,-1.0542441819938614e-11
8110.600091870772,607.0243726001228,3.318895896186211e-11
8110.87002906318,607.0647026368479,-3.186336367234453e-13
8111.545497153486,607.1656270049185,-7.75394695697043e-12
8111.647061208115,607.1808028202594,-1.0819004290479227e-12
8111.96867264029,607.2288596159005,-4.758845545526422e-13
8112.138019204577,607.2541649959262,-7.63846456889082e-11
8114.558283323536,607.6158816878642,-5.114902113386826e-12
8114.854444137674,607.660151337023,3.312136866213821e-11
8115.153706276089,607.7048862083876,2.420716839257762e-13
8115.171255498205,607.7075095857468,-8.054006164898399e-13
8117.092011273143,607.9946715434427,1.8566800961165378e-11
8117.760866180117,608.0946844283728,-1.4159170713759093e-11
8119.809877156336,608.4011213007404,-6.99573871782297e-14
8120.282446245431,608.4718066624557,-7.247020251319355e-12
8120.820431148636,608.5522817181934,-2.507962901584904e-11
8120.899846332088,608.5641615762083,-4.5647095742381386e-11
8121.9256305342715,608.7176208944107,-1.3826891309043843e-11
8121.976932615086,608.7252962947373,-1.0646047073586983e-11
8122.65093106574,608.8261389668669,2.274601450748144e-11
8122.802976513589,608.8488889433718,3.718808971128905e-11
8124.838541703089,609.1535037599454,8.034143688155818e-13
8124.941098181274,609.1688529779584,6.518641374810957e-11
8126.055401497226,609.335638788432,8.367381502446287e-13
8126.293647047389,609.3713016854003,4.458092531026683e-13
8126.774737796607,609.4433191866322,2.1349619265127973e-12
8128.0963106524105,609.6411756849055,-5.80394917139097e-12
8128.325881802732,609.6755487262252,1.7735177068308116e-11
8129.967949612707,609.9214392181209,7.155704744825296e-13
8130.239699915452,609.9621370997248,1.7281074735715828e-14
8130.29657507167,609.970655011689,3.029447867662595e-12
8130.4840624362105,609.9987344926323,7.2147378318738135e-12
8134.027972210581,610.5296181725016,-8.118672780974736e-11
8134.79018429594,610.6438290623943,-5.936512397869319e-12
8134.906787826637,610.6613020369714,-3.9553870728373875e-11
8135.043593375189,610.6818025920514,-3.1313535962937486e-11
8135.732306825363,610.7850127655552,-4.18639458562812e-11
8135.88870381586,610.808451539591,1.565675194984659e-12
8136.013351792468,610.8271325014848,-1.1123896656013379e-12
8136.604757364488,610.9157702108929,-1.1250108764304558e-12
8136.72446221944,610.9337119218285,2.7335688791068002e-11
8137.001833280751,610.9752861155812,1.0603854526392183e-10
8138.282467511671,611.16725434969,-3.265017261456736e-13
8139.365002814161,611.329550936567,1.1203846832535658e-11
8139.654598127883,611.3729715001235,-1.1616903058548399e-10
8140.914505442355,611.5618940764128,6.584239966685337e-11
8141.902986929868,611.7101369330592,1.1233997889556152e-12
8141.905343936323,611.7104904355139,-8.115667697671474e-12
8142.159497333114,611.7486088143137,1.6277404228192262e-13
8144.213785587451,612.0567583002958,-6.632447650478991e-12
8144.470295990604,612.0952411002826,-2.8909801273128038e-11
8144.645511418809,612.1215283732755,2.0345837786036882e-13
8145.529489574776,612.2541587377658,-1.2724146778378548e-11
8146.626444087584,612.4187636749181,1.1389708327242986e-10
8146.676772741636,612.426316338423,7.48971272113294e-11
8147.356191525938,612.5282791542472,3.124165619662583e-11
8148.678136536311,612.7266925549836,3.6288033719521177e-13
8149.1677299471785,612.8001847892168,-6.959691875133147e-12
8149.445797642375,612.841927137668,5.3311236590223104e-11
8149.709322073029,612.8814876271705,4.0113399956443833e-13
8150.315585694838,612.9725052435385,-1.4205710274862869e-11
8152.363060341345,613.2799401531568,-3.8043155962891526e-11
8152.468498723594,613.295774156434,1.527312741281594e-11
8152.749171531039,613.3379246456545,7.042141588802446e-12
8153.024405004953,613.3792596834535,1.309636025706529e-11
8153.379177714874,613.4325421194885,4.1893023497351556e-13
8154.169751006306,613.5512847070091,7.866947812269097e-12
8154.74059170816,613.6370310401027,-6.049161581930514e-11
8155.569269400913,613.7615179079493,7.405244122720309e-14
8158.376121907089,614.1832671165191,-2.695969637122662e-11
8159.452196762662,614.3449933689394,1.0189257696866734e-11
8159.733737940591,614.3873104880588,3.5836896780102766e-11
8160.747374253514,614.5396774463235,1.9477423063051282e-11
8161.358485629094,614.6315471336443,9.148530141558006e-11
8161.509462282661,614.6542448383778,-9.893775611938944e-11
8161.9240874193365,614.7165813970823,1.8254687803573063e-12
8162.2062488620095,614.7590045947787,6.147828059264964e-12
8162.827084433295,614.8523528809583,-2.0372055588957118e-13
8162.832895925716,614.8532267253493,6.247667091767144e-13
8167.720432033393,615.5883608094753,4.2269285865575274e-11
8170.199078919618,615.9613421390629,9.371556941446436e-11
8170.468720320125,616.0019240090539,-1.5651142319229128e-11
8170.469016109459,616.0019685270048,-6.025536552925172e-13
8171.075107992909,616.0931921337451,-4.243817756859295e-11
8171.87348731104,616.2133674774296,4.431727015659875e-11
8172.075718361361,616.2438099919169,-1.8021032149473347e-11
8172.2210742558445,616.265691364847,1.1276291897965358e-12
8173.646625534528,616.4803095428032,3.033946851000384e-12
8173.836651329553,616.508920944843,-2.9946245669811415e-11
8174.252688731495,616.5715643068856,7.722080304499335e-12
8174.361362179587,616.5879279526094,-2.592262874991168e-13
8175.30952530423,616.7307080769864,-7.305567143716916e-11
8175.681322336778,616.7867000375539,8.444098847352083e-11
8176.260217171535,616.8738856214369,1.7983498717140096e-11
8178.3255368209175,617.1849874081067,-5.150410189217334e-12
8178.477629950815,617.2079005004199,-8.630036948713912e-13
8178.558190296458,617.2200372280486,-4.3445023966966346e-13
8179.094486136482,617.3008353173498,-2.2917295856223777e-12
8180.977414282671,617.5845583775181,-8.188573602215515e-11
8182.87964738903,617.8712566612634,2.165433120895318e-14
8183.844911205839,618.0167635251486,6.468816456477047e-11
8184.128370549602,618.0594963265863,-9.719339030901748e-12
8184.529101371384,618.1199108686404,3.839039872570065e-13
8185.876153518863,618.3230153562412,2.6029165573304968e-11
8186.030059759744,618.3462230058553,9.9199587564684e-12
8186.644978780549,618.4389515089533,8.960139002741611e-11
8186.858737448408,618.471187500783,6.793244827508084e-13
8187.310550930542,618.5393262476612,4.429864229762201e-11
8188.194510083332,618.6726484811539,1.5494347565253965e-12
8189.430455406195,618.8590827999781,-4.8349885745152534e-11
8190.358903033826,618.9991515984976,2.3669775883961172e-11
8190.360744831165,618.9994294741522,-4.44037810093628e-12
8191.293792107535,619.140208220234,1.4374542037499366e-12
8192.51937397193,619.3251491312765,-7.51223104335911e-11
8192.732464691344,619.3573074500906,-2.5650990840244568e-12
8193.290508555854,619.4415279038606,5.116164130699574e-12
8194.321760765923,619.5971804582881,-4.270089883565189e-11
8194.40005947172,619.6089993117312,4.411611547362161e-11
8195.612338600798,619.7920020509642,3.0284464528255374e-13
8195.845936816075,619.8272685860778,-4.463833168098881e-11
8197.734781505464,620.1124661114452,1.3634189425397744e-12
8197.914338786155,620.1395809682427,1.2832065511634762e-11
8198.3796457358,620.209849505904,6.019468130368262e-11
8198.946564422027,620.2954683753123,-1.4185549404818196e-11
8200.139137744474,620.475596034639,-8.247810918222571e-12
8200.34434606519,620.5065935795296,-5.452973317656707e-11
8201.012704751462,620.6075572335324,-5.541192455823545e-11
8201.25699089991,620.6444616608896,-4.927754776284729e-11
8202.233534225981,620.7919995170132,3.072309818940926e-11
8203.365558486546,620.9630496864804,-5.90703752762959e-12
8203.925539514254,621.0476721913826,6.76974278752717e-12
8204.58485164158,621.1473126919466,-8.10696057961898e-11
8204.738433406494,621.1705243415176,5.338059732001401e-14
8207.363438284736,621.5673228206197,1.982277574920104e-11
8207.96336551061,621.6580262661531,-7.647976965691526e-11
8210.10081920128,621.9812433766398,-5.072906893238143e-12
8211.0817427551,622.1296028463341,1.1083321495418809e-11
8213.553633391755,622.5035417664776,-3.551092920628835e-12
8213.98051146361,622.5681297766255,-3.085119388513732e-11
8214.151518397168,622.5940046113249,8.063413134706192e-11
8214.237021863946,622.6069422306804,2.6220177547771735e-13
8216.534575132924,622.9546378571969,-7.165236613385642e-12
8218.741099542367,623.28864934906,1.7531204406353554e-12
8218.80950231574,623.2990052167532,4.418467556668665e-12
8220.989259207667,623.6290555963509,1.3279003618452401e-11
8221.133727733033,623.6509335557612,2.2279606731447635e-11
8221.193580159712,623.6599975732023,4.960261186452773e-11
8221.937947223467,623.7727296114297,1.2878476964171608e-13
8222.698689659857,623.8879521939122,-4.112593609755987e-12
8223.549067685966,624.0167636643552,1.4156301280872612e-12
8224.021808503694,624.0883780958493,-1.1526555057761624e-11
8224.108103971554,624.1014512443726,-9.430378593429612e-13
8224.130777740274,624.1048861815392,-4.340786168534454e-11
8224.663867196487,624.1856486996737,1.94390463954397e-11
8225.343925234534,624.2886844092336,3.4099065719787398e-12
8228.077403129018,624.7029200522251,1.50439557966955e-11
8228.109743721114,624.7078218214912,-2.0492574094483408e-13
8228.436651430644,624.7573713517106,1.0977618758805534e-12
8228.840111414993,624.8185266544083,1.0417987239579689e-11
8230.400483380075,625.0550715672343,-6.492901435739311e-12
8230.639893086449,625.0913689001027,2.6207440783580182e-11
8231.337853507359,625.1971939510375,-5.163632188941266e-11
8231.946035288322,625.2894140434697,-1.0090519439600612e-10
8232.978432655103,625.445974583594,7.335059866890858e-11
8234.35167972766,625.6542545761979,-2.7074568302497527e-13
8234.601262158109,625.6921124028428,3.704398557325763e-11
8235.757964026401,625.8675813169758,-1.328980844020114e-10
8235.999645061174,625.9042468661767,-1.4592438881779864e-11
8236.394583384586,625.9641654700757,-3.963131840541433e-11
8236.46743306746,625.9752182724845,-3.1986259228809586e-11
8236.939429566428,626.0468322642733,6.24398693115739e-11
8237.126544768922,626.0752235823225,-3.188319881521051e-12
8238.412303526631,626.2703314572311,-4.417652115514174e-11
8238.839152910661,626.3351105868564,-2.1672619335312122e-11
8239.425462612437,626.4240950599739,-1.986344845153235e-12
8239.961510341442,626.5054567933632,3.115563068038703e-13
8241.33438525361,626.7138569328808,7.473107527052149e-12
8242.046535775995,626.8219738795398,5.8495707293945445e-12
8243.116694069418,626.9844602558027,-2.8686269842289518e-12
8243.79891837837,627.0880560883922,9.364935047823303e-12
8244.382613278372,627.1766970255571,-5.958793252064871e-12
8244.96774913056,627.2655630874423,9.936823805926948e-13
8246.046705876075,627.4294435144618,-7.031569586738944e-12
8246.50507516422,627.4990707331767,-1.4900397154728723e-11
8247.134804546715,627.5947342065972,-1.4882833649402275e-11
8248.876327478063,627.8593305379742,-2.3471107673331217e-13
8249.639112131168,627.9752409618985,-2.599705741200691e-11
8250.90943056514,628.1682984549855,-5.605832086372372e-11
8252.762604213516,628.449989071751,3.786688985417715e-11
8253.078919355312,628.4980766972634,2.2209137583199726e-11
8253.346948063743,628.5388250483517,-1.2468548078154038e-11
8253.440305242208,628.553018432313,5.303968081504513e-11
8254.173163681591,628.6644427708566,2.9876614686123246e-12
8255.956312178494,628.9355953070758,1.9180870427823472e-14
8256.66643016838,629.0435949336717,2.2255623235932548e-12
8256.802042868034,629.0642209018438,-1.1221405995424552e-10
8257.70837030162,629.2020771672434,8.507347877166576e-11
8257.935880230205,629.236684772917,9.094696212774277e-12
8258.269849649227,629.2874881596686,-5.1831845862598905e-11
8259.529155672735,629.4790721161705,4.562922362260206e-12
8260.898108569172,629.6873702889187,-2.5350106800110053e-13
8263.0328997577,630.0122663563227,1.1081120010514491e-12
8265.114451701755,630.3291407232297,-5.2048278508751625e-12
8265.554975977526,630.3962119063192,1.4462702659570852e-11
8265.884641536675,630.4464068455795,-1.2124117649339879e-11
8266.53569910043,630.5455428720174,1.2442284487317659e-12
8267.095384333355,630.6307719462943,1.096617225014449e-10
8267.211682383348,630.6484825804372,-1.092926772928275e-12
8267.317368869653,630.6645774317509,-6.598124614121071e-14
8267.33051886508,630.6665800410692,1.0362309471002291e-11
8269.067318089272,630.9311047277132,-1.1035411450328382e-12
8269.298177447621,630.9662701429377,-8.565759401847384e-13
8270.258545813389,631.1125678070591,-2.1342307805358416e-12
8270.354193317415,631.1271391948109,-1.5161510979070795e-11
8270.55679652356,631.1580052706075,-1.2821258028393501e-11
8270.687361045628,631.1778968393731,-7.884294116163229e-12
8270.77236829979,631.1908479048828,1.0675001712575809e-10
8272.393384682264,631.4378392328507,4.929156830661513e-11
8272.937438859897,631.5207466307565,1.8679805546081997e-11
8275.393020781072,631.89501600599,-1.77436734721379e-12
8276.502199523993,632.0641087400534,1.3922393091329943e-11
8277.001908276934,632.1402960391254,-1.0438559790313231e-11
8277.432813411991,632.2059969975927,8.519980978744254e-12
8279.050919202184,632.4527433258038,-8.660143042929208e-14
8279.203289121833,632.475980829096,-4.2392813687554913e-11
8280.417238296033,632.6611320433246,-1.2732284083354621e-11
8285.446647034636,633.4285053723368,2.6868109833489436e-13
8286.430528851151,633.5786778410027,-1.0919818358098872e-11
8286.949122721462,633.6578393634791,-2.372754881178929e-11
8287.629190441994,633.7616568068214,-1.5872836800463982e-11
8288.838310857123,633.9462591547833,-1.953464630188938e-11
8290.291154524657,634.1681075480803,-9.950415670213962e-12
8290.758074156292,634.2394141634815,2.2757947171094178e-11
8291.156963174184,634.3003345212535,-8.960561397946282e-13
8291.591055691071,634.3666346666558,-6.060709147327573e-13
8291.834043934077,634.403748445402,8.781578661227143e-12
8294.25364003698,634.773374446144,1.4595416405479196e-11
8298.426162622083,635.4110369918025,1.4102476218021711e-11
8298.512162299632,635.4241831993063,-1.4261712579293484e-12
8298.654187758348,635.4458939993507,3.844874269057997e-11
8298.706787739797,635.4539348188022,9.385299903392488e-12
8299.188250635028,635.5275371410321,-1.137454067386997e-10
8299.602875762896,635.5909252445425,-2.9209468770799654e-13
8299.825060720641,635.6248942987058,-6.535752008627274e-11
8300.264220411447,635.6920385096486,-2.2162448618357173e-11
8300.689705208812,635.7570953207429,-1.4016939676410518e-12
8302.094176382217,635.9718632474068,5.4239025019636315e-11
8302.107001902063,635.9738246585745,1.0300936008877966e-10
8302.422229250957,636.0220334380757,5.8885112954296044e-12
8302.906077838497,636.0960335921816,-6.443938079995562e-11
8302.908062685989,636.0963371650788,1.68922589635989e-12
8303.073783022986,636.1216835512046,-3.5638062645457716e-11
8303.244789954215,636.1478390350665,2.4500125616491488e-11
8303.6355007837,636.207600217802,4.252265084669416e-13
8303.866617935744,636.2429520700792,-6.927988486445515e-13
8304.39363809828,636.3235691479774,9.650679602125153e-12
8307.27674702458,636.7646823295975,1.3730291150495916e-11
8308.81039913805,636.9993921703272,1.1903587240590399e-11
8310.334575161478,637.2326947183004,1.0323516639687029e-12
8311.330356750997,637.3851401083851,8.462870934926863e-12
8311.50298605957,637.4115699926784,5.4549529575952194e-11
8312.09716846422,637.5025446757599,1.10377539302777e-11
8312.741889633093,637.6012646560172,5.420544671649572e-11
8312.853044138234,637.618285455079,-4.565254151710307e-11
8312.878695177882,637.6222133641066,2.467692648027583e-12
8312.919586116104,637.6284749632633,4.901853100065799e-11
8312.959255521862,637.6345495394905,7.809942973659105e-12
8314.691101923614,637.8997754416474,-4.420183275338557e-12
8314.742404002896,637.907633008821,-2.5117055902669915e-13
8316.449725530232,638.1691587111375,-7.539673979114937e-12
8316.486532028735,638.1747972828348,9.352146086473118e-13
8316.562368670928,638.1864151562419,-3.483458161095888e-11
8318.371425985528,638.463586982393,-5.711832458521992e-13
8319.252722635896,638.5986352783602,-6.688478767401897e-11
8321.408269407115,638.9290076369053,1.8267735776001064e-11
8322.411561234387,639.0828075041059,-4.36857440874901e-12
8322.443825456441,639.0877537636844,-4.5660020798110125e-11
8325.287484389022,639.5237756043394,-7.636639112307122e-11
8325.425587835593,639.5449549741812,6.036141045533706e-13
8325.814065710354,639.6045333336798,7.284563762444678e-12
8326.087676799394,639.6464969796408,-4.4222923563438104e-11
8327.160716983642,639.8110821214689,-2.6115618589958134e-11
8327.441218047179,639.8541094566086,2.1760582560625432e-11
8328.87820154292,640.074557628097,-1.8267520385548472e-11
8329.710056907259,640.2021902514208,-3.9835078921558306e-13
8330.788765533016,640.3677168656243,-4.960168980561791e-12
8330.827242092386,640.3736214458962,2.2030827952351195e-11
8330.884785195072,640.382452012676,-3.909249911072445e-11
8331.756863549044,640.516288657693,2.2858862056748466e-11
8335.501257828126,641.091094818565,-3.849749913734963e-12
8335.934777760687,641.1576616309654,1.1755884665847265e-10
8336.664525177797,641.2697218738172,4.3555797415285335e-11
8337.506028367183,641.3989555462294,-3.048544480326092e-11
8338.023257650879,641.4783953957074,5.558967592768188e-12
8338.749980113145,641.5900190631955,-4.020023033385482e-14
8339.019316028402,641.6313911961145,2.3311353386711354e-11
8339.578056514878,641.7172224281287,-8.445871851037333e-12
8340.509290658903,641.8602872609578,-4.605888663584954e-11
8340.772347556136,641.9007033967591,5.185814158373922e-14
8340.941741797826,641.9267298504766,1.6722580266674665e-11
8341.662519025584,642.0374790471803,6.066628758237862e-11
8341.813018460325,642.0606048638098,1.7591892320241346e-11
8341.829250782577,642.0630991553003,1.8222525075907347e-11
8342.222748147455,642.1235662417647,-2.974936751952932e-14
8342.40688607575,642.1518629230557,-3.294531077083808e-12
8343.083146143072,642.2557899226624,-1.7819026633813927e-12
8343.22057195208,642.2769104193151,7.43774785835663e-11
8343.306075417186,642.2900513263112,-1.4909992621737035e-13
8343.489239918923,642.3182020735752,2.436616915990043e-11
8344.672394497875,642.5000572494964,5.916842035534324e-12
8345.132805999045,642.5708311468106,1.8716115279973096e-11
8345.271100178781,642.5920903229121,-9.882367697789298e-11
8345.537955034424,642.6331133948287,-3.1706584386781302e-12
8346.531007453437,642.785784912909,5.58491629677654e-11
8346.54810814645,642.7884141263418,-2.3444039279187103e-12
8347.959163806489,643.0053809998273,1.3857748942701967e-11
8348.966711805837,643.1603261346354,2.350547967830038e-11
8350.752866234712,643.4350547285111,-2.7929757437007372e-11
8352.29327457085,643.6720322871614,-1.785160164923425e-11
8353.919062318642,643.9221920885044,-2.8438968156240914e-11
8354.361676491775,643.9903055200293,2.3241083306418533e-12
8355.90134050929,644.2272709134437,-7.21856429457518e-11
8355.952642588256,644.235167425036,2.7081627499470273e-11
8356.062432510043,644.2520666572801,-2.0931223746134227e-12
8357.274587556389,644.4386603779407,-2.68949117290179e-13
8357.35514789984,644.4510624356984,-8.653325076797013e-13
8357.457752057751,644.4668582551136,3.9373510942695764e-11
8358.539791111974,644.6334490171488,-6.813557577270361e-12
8359.253039101286,644.7432724905636,6.156862979469193e-11
8359.761221824961,644.8215264362923,9.408185338434756e-12
8360.761927531425,644.9756368256972,-5.7156708164597974e-11
8361.36893545146,645.0691260713282,1.3480257637807765e-11
8361.676604874827,645.1165148362579,-4.060430454413923e-12
8363.774389110322,645.4396724068813,1.212539704872564e-11
8364.549130899224,645.5590396273205,5.331952104759897e-11
8364.827017159932,645.6018572450936,9.931022640438386e-11
8365.652612499132,645.729076047822,-1.0241188711506832e-11
8368.194003329374,646.1207664433136,-1.865311282542282e-12
8368.466946468465,646.1628407221075,2.40433841167259e-11
8370.00097072691,646.3993366197448,1.1111216796401833e-12
8370.308783200064,646.4467963629506,2.9596458503089764e-12
8371.615593322713,646.6483049444273,-5.282420141950053e-13
8372.63827616124,646.8060233754904,-1.6302609870237278e-11
8373.764259791687,646.9796951664991,2.4593062580096664e-11
8374.23861328729,647.052866473419,5.215659179709819e-11
8374.618216337272,647.1114250543005,7.178470385314825e-11
8375.337447553495,647.2223828627535,-3.39895591805117e-11
8376.051640281388,647.3325727985429,-6.912125233372956e-12
8376.091090267022,647.3386596526715,-3.198552264379289e-11
8376.906341144491,647.4644535222724,-3.70380299600569e-11
8377.10720760588,647.4954492595504,-4.794607673148817e-12
8377.261113842296,647.5191990595532,-3.126441131913941e-12
8377.64029704982,647.5777139845494,-4.9852144670549505e-14
8379.637356914545,647.8859406651936,-4.722945076603647e-11
8379.669077241066,647.8908369804316,-6.014328971191009e-13
8379.671558300402,647.8912199548444,2.779611140460483e-11
8380.73860555861,648.0559390609532,-7.310994217669864e-13
8381.856191580406,648.2284822768116,3.301320400803908e-13
8382.104151627793,648.2667677496817,-4.048800254253105e-11
8383.174309898755,648.4320150844576,1.4356554182364155e-11
8383.953002383174,648.5522693042775,1.9307816699749748e-11
8384.128284485589,648.5793398259063,-1.8424542460393854e-12
8384.62647590874,648.6562834680357,-7.214157624224412e-11
8384.647059773693,648.6594626607374,-2.966439887284503e-11
8384.755427740021,648.6762002995501,7.570576774922256e-11
8385.025069131745,648.7178478648817,1.8698585314739116e-11
8385.702445671532,648.8224782283523,-1.3369983856956757e-11
8386.115334052543,648.8862588102224,-4.510936594067576e-12
8386.329092713953,648.9192802315727,9.413812809098802e-13
8386.512257214536,648.9475761389554,4.7061132622104474e-11
8386.988576559508,649.0211625487575,5.443126890114397e-12
8387.592807628545,649.1145160097366,-1.1026847439082698e-13
8388.190768987877,649.2069074240354,7.424043475329614e-12
8388.25489658628,649.2168162137173,-1.9776813100341755e-11
8388.529185309995,649.2591992776114,-1.846218073661394e-12
8388.916842493767,649.3191023871285,-1.5188728239611803e-11
8389.015868112385,649.3344048626149,-9.051456630856883e-13
8390.212019939463,649.5192610367692,3.1027505445647907e-11
8391.691478362049,649.7479365508468,2.0189181853079275e-11
8392.658402520337,649.8974129458484,-6.886369140084494e-12
8394.404744482305,650.1674228493899,3.666157636138585e-11
8394.859640277225,650.2377655876625,1.3822620738366964e-11
8396.257421879121,650.4539351728888,-6.052537973043562e-11
8396.383816281283,650.4734840821052,1.189389479627047e-12
8397.153834364792,650.592586011473,5.291134851051181e-15
8397.230787482777,650.6044892735695,4.2091300966077245e-12
8399.177041475026,650.9055759984045,-1.5352117672619034e-11
8401.415085727873,651.2518891128603,4.901959324323085e-13
8401.805128603464,651.312253465664,2.819829707804633e-12
8402.361512078432,651.3983661013899,-1.0432456339127812e-11
8402.985620687648,651.4949674837559,-7.396643582328635e-12
8405.056331916203,651.8155297073305,-5.73489578557154e-11
8406.06817407756,651.9721994810786,-3.1328811605567134e-12
8407.422335574267,652.1819021821,-1.0841866684865956e-12
8407.637067661533,652.2151582602093,5.234703730045317e-11
8409.032988466344,652.4313686020595,-2.4494959767649232e-12
8409.300043742034,652.4727361510544,1.4557585448126072e-12
8410.100780037792,652.5967801375538,7.575675970183433e-12
8410.539271773223,652.6647129523117,-2.1175212908663888e-13
8410.760092144705,652.6989246287582,-1.2169776086778151e-11
8411.901783192943,652.8758210275927,1.0679224621624912e-11
8412.317477107215,652.9402356204585,-7.820416102077992e-12
8412.849869914022,653.022738147588,-1.4241377087779194e-12
8413.331800326834,653.097425246009,-2.64315170827771e-11
8413.972198629499,653.1966775033449,2.0063883175404178e-11
8413.98519588549,653.1986919638474,-7.530734828228374e-13
8415.34507350606,653.4094782441817,-1.3263274118432018e-10
8416.873572362196,653.6464421294577,-7.594261971575009e-13
8417.817956490822,653.7928719474974,-1.691132144001245e-11
8417.921534074343,653.8089329870535,1.4435422867566139e-12
8418.049789270597,653.828820882444,-6.412788442542352e-11
8419.802171827057,654.1005844833591,-6.871777098613635e-11
8420.003085970586,654.1317463349742,5.985699246986747e-12
8420.07181321741,654.1424061248849,7.472244334158743e-12
8420.9679202217,654.2814028130169,2.5491746397619795e-11
8423.54272041594,654.680866781146,-3.431256058179956e-11
8423.881804684543,654.7334826614851,5.541248845171387e-13
8425.03455582253,654.9123714875489,4.5374152380034594e-11
8425.729729685607,655.0202633571653,-2.0199828486605104e-13
8426.406314220209,655.1252786875223,-3.3522854697817827e-12
8427.657050868715,655.319432613997,2.1546168202731803e-11
8427.734003986361,655.3313791152293,1.1915971677329225e-11
8427.749119831713,655.3337257706611,-2.1774192153098022e-13
8428.976533760944,655.5242893696068,3.6510363353863014e-11
8429.603782067054,655.6216842607431,-2.5614045097490487e-11
8431.129074540153,655.8585516398028,5.1525539165757875e-11
8432.119416778738,656.0123678908177,5.758566254057295e-11
8432.448042222642,656.0634127573625,-1.7113440461460253e-13
8432.704552614616,656.1032574902159,-8.038647487391761e-14
8432.796001312718,656.1174628566922,-6.858669085688995e-12
8434.820305892017,656.4319517056676,-1.2478991399483937e-11
8434.871607970397,656.4399227971078,7.968407686283524e-12
8435.51580422962,656.5400193068767,-2.7927608495483167e-11
8435.54560638904,656.5446502113223,5.2428801005672933e-11
8437.357640943308,656.8262497709665,-2.8739577938557083e-11
8438.740287694089,657.0411609240128,5.770069988219632e-11
8439.59538939451,657.1740909439801,-2.8788923056814626e-11
8440.217761258855,657.2708503661521,-7.81535030769836e-11
8441.841564138416,657.5233346843999,3.3749868432829604e-11
8445.943641642256,658.1613810485048,-2.4509601786286095e-12
8446.111241767476,658.1874565399664,-1.2812167874882381e-11
8446.775621045355,658.2908268054697,-6.315011530411207e-11
8448.783378512066,658.6032616730457,-1.0292817054781248e-14
8448.908026482786,658.6226610716681,-2.48964486442648e-13
8448.988586825166,658.6351991111172,7.322058299170847e-13
8449.194224669513,658.6672041770947,-1.5520640495556224e-11
8450.420674857425,658.8581026271818,6.231763487234882e-11
8451.328443217299,658.999415710495,5.1605338446081095e-11
8452.164678795736,659.1296066563854,-1.2563668496057062e-11
8452.966684302393,659.2544805289205,4.017258541410398e-12
8453.350438468282,659.3142360164621,-2.7581536033838374e-11
8453.761857206895,659.378302248976,-1.5834690314855752e-11
8454.128510679993,659.4354002503044,-5.4589932433599646e-12
8454.367920378425,659.4726842426197,3.935800124726839e-11
8455.01930239961,659.5741312679461,3.2609870712453122e-12
8455.237336232081,659.6080898671606,-2.258321326474929e-12
8455.844029357275,659.702586456287,1.6852515621453796e-13
8456.050211096679,659.7347022110704,9.139465574733094e-14
8456.371049508098,659.7846789397333,4.21543979353865e-11
8456.775511591499,659.8476843591437,-1.0886191080922212e-10
8456.995959802622,659.8820261324754,-6.522539265816943e-11
8459.332037230766,660.2459990001738,2.4153607336239587e-11
8460.01492946614,660.352416107944,-2.370434666552241e-12
8461.011092881763,660.5076665914813,-8.149689049618268e-11
8462.002551592812,660.6622020046091,1.1880530532592043e-10
8462.485827587634,660.7375352109851,1.8061995016244414e-11
8464.041370741335,660.9800429525887,-1.0016572958127745e-11
8464.735924335713,661.0883376107862,-1.1092706013437911e-11
8465.464288159345,661.2019134988112,2.1752218755460024e-11
8465.483993964333,661.204986418031,-3.58049705969461e-14
8465.955866394359,661.2785722451933,1.3669916701058757e-11
8466.747708864541,661.4020648004489,2.7221035789012335e-11
8467.87694654299,661.578196130946,-7.037260744887574e-11
8468.194005992553,661.627653276341,-3.180852391354028e-11
8469.056837348377,661.7622531086488,4.665172600724659e-12
8469.59897334347,661.8468321710699,2.1360418931604447e-12
8470.21600123869,661.9431017652249,-6.308508533984361e-11
8470.696299961786,662.0180435283411,-3.417675481179182e-11
8472.280452426678,662.2652514437377,-4.36156812628531e-12
8472.522849084622,662.3030816613524,2.5311587787056452e-11
8473.642047780215,662.4777661341068,-1.2804501316039716e-13
8474.300186032095,662.5804990910244,4.6938688381426044e-12
8474.389964668751,662.5945138239601,2.5697054067373707e-11
8474.607006076903,662.6283952967634,3.9896110198729305e-11
8475.60836071779,662.7847240324837,-3.247949084077879e-11
8475.642065891316,662.7899863129032,1.3692921876321701e-11
8476.30873549214,662.8940755955894,-1.3061768235223519e-12
8478.579387414307,663.2486612595627,8.642653257152344e-14
8479.214909270218,663.3479215481705,5.914681032791936e-11
8479.281451246483,663.3583149739154,3.5044241418739145e-11
8479.942099243317,663.4615083372518,-8.11764875007328e-12
8479.984850975025,663.4681864441766,4.7276962688482827e-11
8480.230158223263,663.506505730714,1.1506565403931532e-11
8480.314220734483,663.5196373362173,7.863275252787963e-13
8482.432455056856,663.8505747412053,1.0769353025061218e-12
8483.234317509898,663.9758734197986,-8.64362977260967e-12
8484.850581454139,664.2284661186958,1.1454140383921726e-11
8485.299885170773,664.2986926768882,-5.040722755370231e-13
8485.530744521815,664.334777638674,2.6598628177130477e-12
8486.257466968584,664.4483759455284,2.0371201451494538e-13
8489.694172749087,664.9857196471942,5.2273398566365125e-11
8489.984884524289,665.0311836615606,1.3883076079069435e-10
8491.058544947899,665.1991054293151,1.5561931210828436e-11
8491.912205689785,665.3326341386543,-1.001271799239612e-11
8492.382112267831,665.406142156426,-3.678336259867284e-11
8492.553119194354,665.4328939729206,3.415661919944414e-11
8492.909628627784,665.4886669836595,-8.179529025408767e-11
8493.326219594188,665.5538422295122,-1.5940177674519455e-11
8494.538202880238,665.7434739987713,-7.811356853817513e-12
8495.296635963115,665.8621552471072,2.3384141067272134e-12
8495.364046309978,665.8727042766504,-2.7964446568213667e-12
8495.466650465854,665.8887609378692,-4.20385829029441e-11
8497.29551859422,666.1749954855215,3.788784978122442e-12
8498.109233138559,666.3023690406525,1.2752917408548185e-12
8499.753409757917,666.5597749207734,-1.7997070253775106e-13
8499.818835257302,666.570018712024,-4.7084616301076226e-11
8502.064208291911,666.921628703072,-2.2949687276826056e-11
8502.325127596436,666.962492896602,3.1785203453049543e-13
8504.054635941588,667.233393651251,5.083914508943931e-12
8506.015538223704,667.5406053411376,-3.329180924843271e-11
8506.455213110446,667.6094982832539,-8.114621938286856e-13
8506.904020613862,667.6798258936709,5.375201572392651e-11
8511.419053134223,668.3875326255941,-8.798991699613793e-12
8512.07985386722,668.4911410390064,2.7171545977535126e-12
8512.148256637643,668.5018665205915,7.990334696680454e-12
8514.614383356,668.8886101337234,-1.9868374938960627e-11
8514.838610526616,668.9237795058528,-2.8233915920171763e-11
8516.31115995135,669.1547675643442,-3.812010979069527e-11
8516.768908956557,669.2265794411425,9.977407818611343e-12
8517.446858065048,669.3329435040013,-8.650421693103229e-13
8517.816269386256,669.3909043515023,2.7913865170780383e-12
8518.02116291082,669.4230533464433,6.73085007336718e-11
8519.506490170954,669.656133022312,-7.65469937256739e-11
8520.527550610374,669.8163828561959,-1.3828786646938552e-10
8520.958035887892,669.883950913887,1.3666288481081543e-12
8521.881912507615,670.0289721565516,2.199311778759408e-13
8522.15038004503,670.0711165499794,2.281317508946584e-11
8524.117866818275,670.3800157757939,-7.876680934907593e-11
8524.72189745298,670.474864059002,-1.0112174467803342e-11
8524.996682383222,670.5180145564253,-1.3473724506934468e-11
8525.348544483,670.5732707986617,1.5028923097526957e-11
8526.595626205697,670.7691302331957,-1.746174105168191e-11
8527.594642830185,670.9260506667346,7.92889050406888e-12
8527.938279059053,670.980031541545,2.540894631188689e-12
8528.120174340125,671.0086058539125,5.020852017802159e-11
8528.121662975691,671.0088397093198,1.4493167990321665e-11
8528.222778495525,671.0247244253965,-2.4267558539930936e-11
8529.549819291586,671.2332130069503,3.66373450956758e-12
8529.797264124689,671.2720921313032,1.401051660697781e-11
8529.970513692642,671.2993141893311,3.02588555341648e-13
8530.07311784802,671.3154362580237,3.714843418880022e-11
8530.948202134356,671.4529450893634,4.5961710551457294e-12
8532.391474294818,671.6797685388494,-2.4134925330173695e-13
8532.538423872877,671.7028651643202,1.0008025966204021e-11
8534.284908850343,671.9773973244623,4.91700141680686e-12
8534.389507542051,671.9938411070802,6.329133767866343e-11
8534.594715852681,672.0261021425076,5.8252771789857544e-12
8534.684122329685,672.0401580805822,-8.191637071775954e-11
8534.832617915623,672.0635039714064,-8.466271740131588e-16
8535.05343828322,672.0982212305088,-2.7422022215593813e-12
8535.512799975768,672.1704447058391,1.582975048939668e-13
8536.374887005675,672.3059974569263,5.369398979544679e-13
8537.679855300164,672.5112139726824,-6.863431057219297e-12
8538.88279202059,672.7004130081118,3.0902998948301032e-12
8539.000139862068,672.7188710155938,2.112135131771285e-11
8539.672821371618,672.8246840801147,7.2673041562857284e-12
8540.538486939773,672.9608658778811,2.2636964869524115e-11
8541.655862824693,673.1366657816172,3.790823808719912e-11
8542.111999139755,673.2084376069078,3.745966979772987e-12
8542.384226640483,673.2512736999511,-7.306893363969223e-11
8543.079400492063,673.360668297862,9.671255167901133e-12
8545.260970391691,673.7040243435051,3.775543835819565e-11
8545.381276506985,673.7229618051795,2.7827622711782332e-11
8545.914365938179,673.8068789577295,-1.2010509988748009e-11
8546.275102858699,673.8636679251316,-7.561043245833214e-12
8549.853509588558,674.4271280125196,5.904524182107025e-12
8550.072717267169,674.461652375953,-3.132683283226084e-11
8551.763624989742,674.7279935646745,3.349208566642376e-11
8552.796948051526,674.8907820654571,3.1609288045438786e-11
8553.951235487559,675.0726504089192,-1.1126214766215596e-13
8554.134399983792,675.1015118752053,-1.798946066110481e-11
8554.228931007214,675.1164074924618,6.48804136392978e-11
8554.939344755709,675.2283553884162,4.061830438140703e-13
8555.47536377394,675.3128280959985,-3.092135841352735e-12
8555.836129380163,675.3696851174099,3.628097177938727e-13
8556.539853576704,675.4805996561969,-2.4634833498016906e-12
8556.573883225354,675.4859633278255,2.2182010133109156e-11
8557.592481597478,675.6465222363621,2.3429651556127667e-12
8558.122393334108,675.7300583490322,2.8420666504750677e-12
8558.301950605324,675.7583652106315,2.1175839110848869e-13
8560.56994970594,676.1159620735098,-5.8535881382328594e-12
8564.313151016446,676.7063622516006,1.3632020975270577e-11
8565.557274458528,676.902650017107,2.736607203667124e-11
8565.78552869476,676.9386652254977,1.0841382723478872e-11
8566.878102910618,677.1110708839884,-1.120582285271681e-11
8566.985430767054,677.1280081550998,-3.9564757733858726e-11
8569.221566489121,677.4809381250076,-1.4519694583138854e-11
8570.40638140198,677.667975148407,5.193222162368615e-11
8570.508985556784,677.6841736423514,-3.2354169058083905e-11
8571.164518687568,677.7876696375101,3.407393664326709e-13
8572.762164597882,678.0399401635573,3.5835568677994855e-13
8574.083441577128,678.2486071700256,2.039379854915722e-11
8574.218262269387,678.2699009787489,-9.42955943073617e-12
8574.265289173652,678.2773285665064,-3.062887903829772e-12
8574.960444024977,678.3871284185575,-8.59320618651791e-12
8576.519145850769,678.6333580499783,-2.3380015147925363e-12
8576.634575524828,678.6515943668154,3.973189168764785e-13
8576.833199338238,678.6829747994447,7.708420462808066e-12
8578.721270918593,678.9813061500856,-5.016992407079236e-11
8579.955527112803,679.1763646093099,8.672072961854368e-13
8580.208955172613,679.2164191563693,1.6852421375585154e-11
8580.873334438067,679.3214305504447,-5.185494933461939e-11
8581.387634116132,679.4027260368833,-6.361546146064459e-12
8581.480027552649,679.417331208165,-7.846511737668398e-11
8581.749363458606,679.4599076085552,2.254045900627789e-12
8586.431414164648,680.2002558863328,-1.493039340777132e-11
8587.995879796672,680.4477266912422,1.3365383350753018e-11
8588.938126316118,680.596795186988,9.84798059672807e-11
8589.117015638365,680.6250982925528,1.3447355004641705e-12
8589.23244531223,680.6433613961236,8.864521279922822e-12
8589.98844500932,680.7629805608196,5.525813409308175e-12
8590.47117710031,680.8393670639241,2.382370815228766e-11
8591.318940279887,680.9735257016938,3.186647272355558e-12
8591.945587304177,681.0727011877518,8.008054144981979e-13
8593.180167971661,681.2681116745055,1.0452030265640203e-11
8593.342624549601,681.2938275313343,-2.3665724179395918e-11
8593.804973198561,681.3670170817653,6.307734984192611e-12
8593.90136501592,681.3822763523219,8.574262442060666e-12
8594.073622158645,681.4095458810302,4.88089858351247e-11
8594.610290125009,681.4945077345566,-8.868329410639493e-11
8594.832599126354,681.5297038334397,4.675904982957256e-11
8596.05443064362,681.723161208175,8.18463901388085e-12
8596.136326880767,681.736129143896,-1.7859312626842842e-11
8597.543909007974,681.9590333529932,-1.3064272006423234e-11
8597.812548278958,682.0015791205815,-2.4736563135746772e-11
8598.341314849842,682.0853264550699,-3.4149131616323625e-12
8599.157863603788,682.2146635487728,8.885924088390435e-12
8599.243367065792,682.2282075647108,-2.2628923103308476e-13
8599.84379046939,682.3233203039251,6.998507716967647e-11
8599.861263320676,682.3260882680703,3.218855416539403e-12
8600.20748566115,682.3809362876217,1.3114687931173657e-11
8601.171632942562,682.5336866780115,3.7754021079759645e-12
8602.28247200561,682.7096987586199,-1.4068396087092025e-11
8603.143070392087,682.8460759135453,2.5007356320120973e-11
8603.365379393179,682.881306954833,-7.092760086185448e-11
8603.397099718703,682.8863339964352,6.883183792032707e-12
8603.538008694575,682.9086654945783,5.886420266593992e-11
8604.523503154862,683.0648585847403,2.5927523386164333e-12
8604.526680848505,683.0653622530266,3.787626151466257e-11
8605.076174333395,683.1524604321704,2.835430020074096e-11
8605.417949764176,683.2066367967185,-1.4264939643434497e-11
8605.541309519162,683.2261916361721,-1.754039653221262e-12
8606.21707334946,683.3333178765978,6.722567817740686e-11
8607.465672380082,683.5312756079102,-7.057694382795826e-13
8607.773484842952,683.5800818017226,1.1377988706153213e-11
8608.242370303611,683.6544307963457,2.8871241402618614e-11
8609.311412063931,683.8239589370049,8.107262459143814e-13
8609.656584607903,683.8787007330501,-1.478448971785185e-11
8609.819470716726,683.9045340196102,-3.9942854779171876e-11
8611.320829857279,684.1426684420207,-9.270832462688872e-14
8611.416000141997,684.1577650443127,9.266903146053138e-11
8611.50150360386,684.1713283671852,-8.047464859115601e-13
8611.781059915784,684.2156750264526,-3.99719745708998e-11
8612.107595448324,684.2674759301145,3.561040382522281e-11
8613.987517518539,684.5657409805436,2.08998596726472e-13
8614.308355922942,684.6166511273584,-4.831525461845386e-11
8615.504135553381,684.8064123117355,1.2909899641544499e-11
8615.692243169375,684.8362659654804,-1.3685147164351246e-11
8618.69722308731,685.3132602299897,-4.9618046720806175e-12
8619.676657947626,685.4687663671182,-4.6250466802297145e-11
8619.975920063807,685.5162841241029,1.0396842155600456e-11
8620.287769282282,685.5658022550657,-5.758585520851121e-11
8620.438373766854,685.5897171863633,1.1745255317227457e-10
8620.438745925743,685.5897762830908,7.2918412966855e-11
8621.539994532637,685.7646595096501,-7.94309024952839e-12
8622.114490103802,685.8559008543591,2.234743401783957e-11
8624.32427813627,686.2069158967397,2.2018919813750988e-11
8624.632090598436,686.2558176806758,-3.0046273326927675e-12
8624.691151020468,686.2652007362093,3.593923307551661e-11
8625.07930440329,686.3268690929048,4.9813273561948377e-11
8625.816113501234,686.4439381989718,-5.0601167664227286e-11
8626.174989623398,686.5009624341363,-3.923068613494792e-11
8627.016864937295,686.6347429624511,-1.1154600644106037e-11
8628.552520825828,686.8788042419874,1.247167699364805e-10
8629.660754772569,687.0549624812384,3.4506123080037676e-11
8631.317394411617,687.3183341960745,-7.899679243942721e-15
8631.429913494329,687.3362242552221,-6.134698073604691e-13
8632.324341103196,687.4784427643807,-8.779919785864519e-12
8633.18197152335,687.6148241742312,8.207886331476745e-12
8633.350497387324,687.641624950418,-2.513928961373574e-11
8634.238808025662,687.7829022073726,-5.031011821660098e-11
8635.06191258546,687.9138220395137,7.42210042280175e-13
8635.254925327818,687.9445237071901,4.766133777743007e-12
8635.736016041174,688.0210516272863,1.882447852892114e-12
8636.725384825208,688.1784456062157,-7.075909421897179e-12
8636.827988979097,688.1947694454763,-3.9825351084649086e-11
8639.027260810872,688.5447098974402,2.1642698745018544e-13
8640.835564036306,688.8325075369065,-4.777629795574042e-11
8641.366420507276,688.9170065958484,3.3164265261599e-11
8641.545977776466,688.9455887923366,-2.5396763204019322e-11
8642.485514121163,689.0951552864663,2.3861656334406324e-11
8642.838320955621,689.1513234455284,-5.032917548315805e-11
8642.976424396007,689.1733106508527,2.3314366618562733e-11
8643.383863740111,689.2381803979135,-2.1420828950245346e-12
8645.602221109652,689.5914259609253,-2.3416685168706896e-11
8646.291134931036,689.7011452857362,7.740782851447118e-11
8646.447999435552,689.7261294112001,1.935345377592126e-13
8646.981709124257,689.8111378225059,6.99101340590191e-12
8649.121453005546,690.1520054361043,-7.533578716854363e-11
8649.401181052417,690.1965731858853,-4.756162089688957e-12
8650.319417900346,690.3428816615832,-8.411490449884937e-11
8650.357942141376,690.3490203116686,-1.9946534740296285e-12
8651.730816972968,690.5677990729115,4.647173073213387e-13
8651.794152567853,690.577892952463,2.5180643032316434e-11
8651.913981466778,690.5969904485579,-2.073781866002938e-11
8652.950854367076,690.7622510828904,-7.066661477221986e-11
8652.997862273627,690.7697438460173,-1.4665994657117958e-12
8653.500347848405,690.8498394130839,1.5585395431598085e-11
8654.268008898129,690.9722125969834,-2.4918803097837886e-11
8654.723916097526,691.0448941010018,1.644564878074374e-11
8655.30155136534,691.1369872001632,2.165780648836609e-14
8656.72461179618,691.3638936927575,-6.662962061910954e-14
8657.290709757654,691.4541681879388,-2.2691160524790525e-11
8657.418964949662,691.4746216038254,-9.173422049633183e-12
8659.688080496611,691.836537478536,2.065161786048518e-11
8660.391480207802,691.9487464930958,3.18048343717554e-12
8661.007420296412,692.0470110985025,2.1794757893757937e-11
8661.472898951404,692.1212763279827,-5.9810556944422715e-12
8661.601602671797,692.1418111883589,2.569568273798176e-11
8663.171192834627,692.3922660671216,-9.79110680728144e-12
8663.293684217928,692.4118135653187,-1.343227015435589e-10
8666.331300496166,692.8966527989983,-7.746666347737595e-11
8666.892646069224,692.9862687525476,-8.129068524330798e-11
8667.372467564759,693.0628744047713,3.2127596838147106e-11
8667.655106201431,693.108000914679,2.6833107649584553e-11
8667.75945678533,693.1246620578172,-3.846127658081758e-13
8669.72723930906,693.438885744717,-3.6779844945593606e-11
8671.53557121331,693.7277105869099,-6.028507491126235e-12
8672.40421403713,693.8664707089837,1.636854488353234e-15
8673.941539977257,694.1120827386574,-5.547629676461348e-11
8674.366061014705,694.1799143307925,-7.058789631690365e-12
8674.571269321452,694.2127044877183,-9.358863719714606e-12
8675.171520982654,694.3086229243115,-2.8657186764536605e-11
8675.291225828245,694.3277521976555,-2.587903744780007e-11
8675.536533069946,694.3669540192409,2.606661369499744e-13
8675.953820660381,694.4336420560626,2.395074577000196e-11
8677.151833234315,694.6251180212101,-6.384892839513121e-11
8677.477996605126,694.6772526423058,-1.533329471579765e-12
8677.71907635709,694.7157885830557,-5.406826292969492e-12
8677.72168146929,694.7162050089814,-7.432986622117802e-11
8679.57204947058,695.0120170190075,-1.9286962382717497e-12
8680.022116490289,695.0839772315835,1.3515878962292498e-11
8680.063007426405,695.090515377117,-8.400305260856158e-11
8680.099069605263,695.0962814671404,6.330560323268971e-11
8681.920351079156,695.3875227850748,1.4371762780796568e-11
8683.203447270926,695.5927395229677,3.4007517618604652e-12
8683.299839087133,695.6081575295295,-3.7065026533734367e-11
8684.590817676568,695.8146678667853,-5.809191428724897e-12
8685.136035982548,695.9018924892027,-3.3206693708625686e-11
8685.6219267638,695.9796304436014,-3.4674875974196856e-11
8685.685853937035,695.9898585137067,1.098696134106086e-11
8686.603842674642,696.1367410273231,5.13164547967964e-13
8686.912628560744,696.1861517097225,-1.2297876802316167e-11
8687.365558487098,696.2586309224929,-3.661897157931333e-12
8687.896853794291,696.3436552160595,-5.692566919894813e-13
8690.47572864456,696.7564317983916,2.288594241494144e-11
8690.875314274388,696.8204007263256,6.351439191049223e-11
8691.680945976943,696.9493817654889,2.9176161850845174e-11
8693.45010468417,697.2326647198546,5.11723778211732e-13
8693.514909917032,697.2430426211497,-5.805215169805659e-14
8695.511969694433,697.562889431058,4.280348312148509e-11
8695.868708226759,697.6200320002289,-4.601833031521423e-11
8697.34158209099,697.8559825445641,1.0489859463142571e-10
8699.40692058312,698.1869116796801,1.0532430757461318e-11
8699.46687806147,698.1965198385911,-3.9481353893350484e-12
8700.434546496468,698.3515974284039,1.3006785860554983e-11
8700.710753375135,698.3958652349617,-3.841650543364603e-11
8700.97581410377,698.4383479641994,6.217493963278016e-12
8701.79243921614,698.5692410625245,2.6618830501285883e-12
8702.865002129496,698.7411759211894,2.2111524560860805e-11
8703.067032741874,698.7735643696228,1.788014845835883e-12
8703.106683148253,698.7799209952774,-2.039693948810276e-13
8703.794423115405,698.8901818629041,3.503504404484454e-11
8704.884888410763,699.0650269177532,-1.5367629198826872e-12
8704.95888325163,699.0768920339179,-8.157114446713824e-11
8705.417252509998,699.1503940610429,6.065292276673245e-11
8705.61948354484,699.1828241482168,-5.3143896377414516e-11
8706.447369170732,699.3155930454983,1.2831611884749844e-11
8707.604070961635,699.5011156834964,5.736136761502324e-12
8707.908209514972,699.549900357779,-2.9274313870357968e-12
8709.186410264525,699.7549459600208,-1.6984203024254902e-12
8709.560640644464,699.8149847088288,2.292623208476431e-12
8710.312393842598,699.9355982170401,1.2488955143797552e-11
8712.224226946995,700.2423852812294,-4.555473061451681e-11
8712.276225657806,700.2507303244921,-8.586393521061069e-12
8712.698952579307,700.3185737479872,-2.684255466603158e-11
8714.868488911416,700.6668143296208,2.57753165395653e-13
8715.982887499164,700.8457244191251,1.514724950959054e-12
8716.008395487193,700.8498198432533,-6.157127207750361e-13
8718.034389046275,701.175140655394,-1.6996273935840283e-12
8718.610974513242,701.2677388046054,5.682493945806267e-12
8719.02465487649,701.33417858445,3.5117137092576712e-12
8719.059228419632,701.3397314650009,1.1261182937782897e-11
8720.590790541806,701.5857388033946,-8.405676937463546e-11
8724.70470098535,702.2467500416565,-4.8013378490811e-12
8724.899421780707,702.2780449434804,8.78398647025187e-11
8726.015786217164,702.4574769365965,-7.369312694961468e-11
8726.754408416331,702.5762074665931,4.22561422216122e-11
8728.159051242556,702.8020258455514,-1.934062849218558e-11
8728.380816344736,702.8376813881267,-2.48112595657192e-11
8728.70800082323,702.8902879833169,-3.657010556450646e-11
8728.93030982063,702.9260332228397,-4.050201310566361e-11
8728.952983587731,702.929679006946,2.028943601532114e-11
8729.393832310288,703.0005662985186,2.4640885323722944e-11
8729.846809917528,703.0734076113132,2.3364009994155163e-11
8731.407773350724,703.3244481475205,2.6887137021808515e-12
8731.935289693685,703.4092956346735,1.4600879200222615e-11
8732.641256515974,703.52285371216,9.257457563033413e-12
8732.78233722579,703.5455483072839,5.749027187027306e-12
8732.828743864256,703.5530134751162,2.98188174249192e-12
8732.93134801685,703.5695189532038,-4.5559536936624995e-11
8733.609898373268,703.6786792421965,-6.535524179637736e-11
8734.456449693349,703.8148782061934,-5.346430251686096e-12
8735.337421817263,703.9566290416531,-1.0216469897965169e-11
8735.431475623776,703.9717634021939,1.4797978734040223e-11
8736.48868427077,704.141891882682,3.733560735603753e-13
8736.659366716185,704.1693604300636,-1.1249810837217968e-12
8736.672516710743,704.1714767288313,-1.3148795792773586e-11
8737.265458550644,704.2669053319115,2.2064823200507312e-11
8738.025685722554,704.389266464447,1.0648108558050424e-11
8738.393703764092,704.4485040362312,1.2144520961379424e-11
8739.17202405166,704.5737936224461,1.2768170690083917e-12
8739.17388484607,704.5740931759492,-1.1628081955989502e-11
8739.836975884531,704.6808426369334,1.056220169254012e-11
8740.907305839297,704.8531696179658,1.1308228303168759e-10
8744.58111186813,705.444826159256,-1.2975616081369564e-11
8746.603679620222,705.7706613497019,2.5337839311300525e-11
8749.789953494525,706.2841221856156,4.2676929009451824e-11
8750.252302133937,706.3586441614979,7.61361150524912e-12
8750.542374636942,706.4054004481007,-4.6930871192371584e-11
8751.790477432,706.6065976676182,4.405938429175808e-11
8752.657755664182,706.7464219348059,2.4139317305917637e-11
8754.269124112043,707.0062466460888,8.20769748769496e-11
8754.639012636182,707.0658959804448,1.8162208729191647e-11
8754.73622513883,707.0815731788213,-2.2186423598362814e-13
8755.674091408775,707.232829286307,5.292212651215023e-12
8756.119492094931,707.3046677756538,2.7621162178352796e-12
8757.355437318254,707.5040320004808,-5.3171203313043077e-11
8758.32273358712,707.6600814171541,8.74807868474408e-12
8758.822738095787,707.7407515806472,-6.474757328752634e-14
8759.817307779982,707.9012280225452,-4.510530657890151e-11
8760.778515764518,708.0563387808088,8.237830969323604e-13
8761.176040173772,708.1204925283148,-4.072256974430134e-12
8761.796875692107,708.2206907525735,9.716016585648286e-12
8761.835352249189,708.2269008156877,4.056057210756812e-11
8763.999124759013,708.5761745958831,-9.806967238753864e-11
8764.268766136764,708.6197058540558,-1.1638828047309087e-12
8764.930110742676,708.7264798666786,1.8502887283121574e-11
8765.830970092653,708.8719364698816,-1.0532361654005412e-12
8767.637937391768,709.1637422033281,1.1977345113158921e-12
8767.945749848164,709.2134565912747,3.659530538506578e-11
8769.34413264658,709.4393295463723,-7.145361634518796e-13
8769.486158096024,709.4622721381719,-4.7274031317902946e-12
8770.003120245821,709.545784616101,-6.356860026479459e-12
8770.259630626075,709.587224327223,8.995044687805025e-12
8771.554559898488,709.7964409729145,2.2009648022591848e-11
8771.671163418578,709.815281662431,-3.994896102235781e-11
8772.139571654532,709.8909691581811,-2.8337663442604682e-12
8772.289384134956,709.9151773812096,2.2260281645007094e-11
8772.60421061826,709.9660515910422,1.84951382395921e-11
8773.414795122464,710.0970459435765,-3.0120374627724787e-13
8774.83966864246,710.3273416912726,-3.308467196101412e-11
8774.999815893669,710.3532278921773,1.051569501378921e-11
8775.378999080594,710.4145209442249,1.7902934689289225e-11
8778.04031403213,710.844783627406,-4.507058755254973e-13
8778.205557143605,710.8715032733093,-2.790661933854927e-13
8778.344777058197,710.894015384698,-1.918653432341716e-11
8778.824875338896,710.9716508814894,4.003038168457599e-14
8780.52992542846,711.2474045990547,6.402189899140283e-11
8781.355625776474,711.3809624093946,-4.283158773218487e-11
8781.358603047514,711.3814440085181,6.637861994704628e-13
8781.439163386289,711.3944753961764,-9.471699722573836e-13
8781.865993740676,711.4635211895428,-1.6725538191498748e-11
8782.261580984892,711.5275159683289,5.035165588686006e-11
8783.873121163013,711.7882471820689,-3.719353999504152e-12
8784.403977624102,711.8741449661461,1.261381608341457e-12
8785.742355258513,712.0907306412132,-7.881675043340605e-12
8786.01169115724,712.1343204574831,-6.696707730971746e-12
8787.092241512513,712.3092121449342,1.4306303964357481e-11
8790.68613613197,712.8910540588042,1.574138654104307e-11
8790.789284179033,712.907756963673,-5.978474090473678e-12
8791.025220383755,712.9459631740598,3.0349636054960637e-12
8791.47404686739,713.0186464951561,-1.0984459110387651e-12
8792.496605594426,713.1842543340383,1.4900043660211434e-11
8793.05728321013,713.275066691423,1.1062928535047341e-12
8793.109701762669,713.2835571646523,9.992746749182208e-12
8795.113355699266,713.6081361205019,1.4782821582350143e-11
8795.979164288361,713.748414384491,-3.848367703810719e-11
8796.315595744376,713.8029267173654,1.8119865606253852e-12
8796.653267729973,713.8576421510282,-6.864741998343186e-13
8797.662819512056,714.0212396536497,-1.1105757256930236e-10
8797.865050544502,714.0540133766957,3.037097945884824e-11
8797.993305734175,714.074798905824,-4.5996583901278915e-12
8801.5647080071,714.6537157846872,6.955030064640514e-13
8802.079351142984,714.7371577344159,1.0773694764180477e-11
8802.483813207646,714.8027388390499,-2.520341038681592e-11
8804.010451189513,715.0503012096679,5.316533772207192e-11
8804.26696156866,715.0919016085073,-1.898551231652603e-14
8804.450126058853,715.1216076427556,4.706888130819232e-12
8804.888293295438,715.1926731107717,7.181361030496551e-13
8805.460279107527,715.2854476676596,5.936074538724114e-11
8807.163220291028,715.5616958186853,-1.2715877886613075e-10
8808.457701028938,715.7717199651495,1.826251261949669e-11
8809.746694750236,715.9808845370521,1.2122408212828443e-10
8810.03870441501,716.0282730979682,2.747275448113872e-11
8810.05617726582,716.0311087157523,7.263053318325136e-11
8810.190177266579,716.0528553703681,-2.4906461304499307e-14
8812.286987947557,716.3931866422126,3.738444902325375e-12
8813.98384084561,716.668660450737,1.4850364682985943e-12
8814.387625272515,716.7342202233458,6.944493849626374e-11
8815.16865572045,716.8610394284041,1.4311419737454883e-11
8815.322561947722,716.8860311563797,1.610707584330574e-12
8818.77537584611,717.4468235309758,1.0201477685185493e-11
8820.111090990209,717.6638240111621,-1.7283149591894722e-11
8820.775021706384,717.7716985215582,-4.0235519537115113e-13
8821.179684192623,717.8374514845901,-3.6986923447283706e-11
8821.308731383067,717.85842079143,4.0165234222372764e-11
8823.261054550669,718.1756976974084,-1.51600238195714e-11
8823.411859453798,718.2002082994098,8.440987944440546e-11
8823.670784210904,718.2422927999279,-3.852489027942023e-12
8824.126223874682,718.3163209727066,-6.099965058577566e-12
8825.472703319892,718.5352030737871,-4.007869265463848e-11
8826.475451182765,718.698230273303,-3.5874007885009934e-11
8827.248551548366,718.8239339241613,2.8249789964595194e-11
8827.547813656496,718.8725959431279,4.201899526043e-13
8828.440275392528,719.0177259821952,-1.012307318369749e-11
8829.874348199548,719.2509622757673,-1.6606336215739223e-12
8830.30763899418,719.3214397476712,-7.582021257202779e-11
8830.422076240744,719.3400542626155,6.217578058200176e-12
8830.917805571877,719.4206930417973,-2.5899186590239874e-11
8831.931441789024,719.5855922467484,1.1496060414892931e-11
8832.017441460275,719.5995836176755,6.313813476537733e-12
8833.03942760069,719.765861975261,-9.27827198383716e-12
8833.167883212327,719.7867632167915,-3.2828873411729266e-11
8833.891122453764,719.9044484362554,5.476906278359675e-11
8834.169008696797,719.9496685443261,-2.972479770370908e-11
8834.532255349039,720.0087813984012,-1.710816746224332e-11
8835.020360077051,720.0882168278885,1.2059466587704504e-10
8835.045037688404,720.0922330429186,-6.728603757423796e-11
8837.976843368673,720.5694563841995,2.8634950143261617e-11
8838.036371314734,720.5791476587154,-7.255663335968678e-11
8838.344317510318,720.6292829877294,-1.3914423586311603e-11
8841.033421065036,721.0671580195618,-4.3033440309806605e-11
8842.30618245993,721.2744521291397,-1.9863824157845255e-13
8842.444476630328,721.2969778394399,-3.38775279372247e-11
8843.513690094553,721.4711459708583,8.271970698709111e-11
8844.926883245891,721.7013785353297,8.09960716282095e-12
8845.155757738596,721.7386694414689,8.864890161898173e-11
8845.484383164363,721.7922146223601,-6.187326163216678e-14
8847.08551218937,722.053125947434,-4.4460296587298484e-11
8847.846111509585,722.1770856432171,1.1193802263093666e-11
8848.1282729251,722.2230739888146,-6.403449578530909e-12
8848.282809105496,722.2482618361331,1.3353831788102352e-12
8849.903004671924,722.5123639455002,-3.298250126431716e-11
8851.133252752763,722.7129344504638,-6.356564236776003e-12
8851.201159308297,722.7240062425764,-3.0691739066467324e-13
8851.490334750713,722.7711556663716,-3.862885360492866e-11
8852.049075198318,722.8622614385722,1.3995511237212841e-11
8852.980309277576,723.0141171717128,7.632338595194373e-11
8853.13735520324,723.0397281223871,-1.1502475197253462e-12
8853.687173145936,723.1293956658585,9.85175348777815e-14
8853.788908926248,723.1459879457204,-3.282128078916849e-11
8854.284036988356,723.2267420350006,-2.9151212948117384e-11
8855.960258330479,723.5001628653268,-4.0376732537597024e-11
8856.481495647611,723.5851962793299,-3.463982830353503e-11
8858.00897330371,723.8344141672651,5.254037709545272e-12
8859.463057387684,724.0716973487157,1.5247103911068686e-11
8860.430181907768,724.2295381130734,-2.2963399933073387e-11
8861.544809583647,724.4114736855465,-6.842139446291785e-12
8861.547290642824,724.4118786830047,4.628319920872915e-11
8861.78235847475,724.450250661915,3.5928467329122355e-12
8861.788971656708,724.4513301985618,-1.3985766758020924e-11
8862.000392295453,724.485842954532,3.4044182618930646e-11
8862.096784109463,724.5015784331044,-1.1550623013412095e-11
8862.37299098245,724.546668763062,-7.107979486820048e-12
8862.389118247815,724.5493015567442,-3.144588545055268e-11
8862.492695825184,724.5662108235571,7.472275193530135e-12
8863.223884142315,724.6855845426912,4.628181742677044e-11
8864.295683718708,724.8605842146194,1.3057143490187847e-10
8864.329885102337,724.8661688448607,8.554107770758012e-12
8864.583418208544,724.9075680948786,-1.3977053074444305e-11
8866.390080006973,725.2026109637432,4.7125587929427085e-11
8868.109606660286,725.4834797858454,2.374156568873363e-12
8868.38321772919,725.528176653639,-7.89131571450775e-12
8869.0984028334,725.6450151875814,-9.273584810498855e-12
8869.330436021743,725.682924066199,1.8842473868801626e-11
8869.468539458116,725.7054874576094,-1.4581748501072237e-13
8869.67374775976,725.7390151160351,3.813610987274354e-13
8869.928769501303,725.7806825515355,-6.524492858881417e-11
8872.12339393547,726.1393068750086,4.390898306763172e-12
8872.69886291457,726.233359138383,-4.632926682218693e-11
8873.14147705673,726.3057023085242,1.6612405184860004e-11
8873.839952624814,726.4198721490579,-2.2337802485024614e-11
8875.226998521326,726.6466194047324,-1.010597385076195e-12
8876.318084057788,726.825009459375,-2.9068826864546753e-13
8876.437788900312,726.8445822693892,-2.2686469381963888e-11
8876.979056495531,726.9330876466692,-6.815906682771376e-11
8877.670632780993,727.046178604012,-1.1392157664403574e-13
8878.123629376978,727.120260266984,1.6970405687052286e-11
8878.451930325919,727.1739519517656,2.469688738320291e-11
8879.440411711248,727.3356242433027,-3.355210052557055e-11
8879.777482425769,727.3907583747673,3.521214080319579e-12
8881.86397731512,727.7320896665658,8.983881703034482e-12
8881.928801543647,727.7426955960498,2.595231538050352e-11
8882.642994222997,727.8595501973123,3.313658303390376e-11
8882.779799757203,727.8819350836694,-4.9043467632479e-12
8882.793970861367,727.8842538586659,6.4280186145464056e-12
8883.197087336635,727.9502161399607,3.014254503747023e-11
8883.996163209948,728.0809784319501,-1.8919109016508856e-12
8885.109492980651,728.263185438027,-2.1077937468181187e-11
8885.26548910967,728.28871751199,-1.8018721515921293e-11
8886.128692576915,728.4300071641924,9.139302388598016e-12
8887.808463764857,728.7049924451537,5.6323091864361444e-11
8889.298066126172,728.9488898094327,-1.8052650077403795e-12
8889.345074031306,728.956587229547,6.148359314412431e-12
8889.567707499693,728.9930434239647,9.266358928819332e-12
8890.01907240934,729.0669571568338,-3.9649849439278895e-11
8890.777056924435,729.1910901467169,6.759126280496814e-12
8891.056069331104,729.2367858878534,4.5591488919727265e-12
8891.151287295792,729.2523807034703,4.0429482646235966e-11
8892.322933167778,729.4442867490516,-1.7987925036453993e-11
8893.021189314477,729.5586674411595,7.27788136769557e-11
8893.209621399257,729.5895358651594,1.211481798480353e-12
8893.883724832718,729.6999709841455,7.705084757996794e-12
8898.752212898622,730.4978004692836,-1.7094194700913715e-11
8898.983272659667,730.535676525092,-7.798342253650265e-11
8899.625331292851,730.640929995159,5.726199981361353e-13
8901.532917864868,730.9536878298303,-9.400201719793153e-11
8901.824555367446,731.0015090840928,-4.123754125716165e-11
8902.09389126228,731.0456748242182,7.81551195357361e-11
8902.229704372498,731.067945985042,-1.9659426363390894e-11
8903.518297233766,731.2792713480892,2.9407900301864996e-12
8903.721969215663,731.31267574136,-5.6206879537018605e-11
8903.976046215865,731.3543481703756,4.051888507336714e-12
8904.87290716937,731.5014562909595,1.5426843027710055e-12
8905.039638913731,731.5288061920928,4.3760993833983544e-11
8905.129417545308,731.5435332740401,1.1411156041974528e-11
8905.533879604802,731.6098821489006,-1.6541777801425684e-12
8906.237279294015,731.7252766088312,2.105236772929171e-11
8907.651493544286,731.9573095395273,2.311584844751026e-11
8908.265916291875,732.0581305757771,4.688096480959748e-12
8909.596363824618,732.2764684262186,-2.607351581723489e-11
8910.331855996632,732.397182994399,-5.872815739469302e-12
8911.648056055352,732.6132326287756,2.5439409698074695e-11
8912.967195390433,732.8297967537244,9.902624769221268e-12
8913.057775712025,732.8446685712756,2.058167457305892e-11
8913.297185395995,732.8839764804056,4.1831817546258446e-11
8913.418512615397,732.9038972110329,-1.5212727574400255e-11
8915.26425222694,733.206982857956,4.674005555272737e-11
8916.049204676408,733.3358975345957,-1.4564846012151042e-12
8917.421335143916,733.5612731660043,8.729801503371734e-11
8918.539188188923,733.744908773754,5.19137043589622e-12
8919.051875156209,733.8291382617812,-1.2036426480625717e-11
8919.239982764904,733.8600437285965,6.427893401793295e-11
8920.716091653565,734.1025862321933,3.641608107616524e-13
8921.695764893066,734.2635805266397,-3.2614851314821975e-11
8922.903100779573,734.4620120102397,-6.924543193358719e-14
8924.39355250801,734.7070119837899,-1.6030734027864072e-11
8924.396157620125,734.7074402471021,6.023022237800603e-13
8924.645740027028,734.7484705343691,-1.4242708565725646e-11
8925.8028139451,734.938703561113,4.3798527929092924e-11
8927.467555339103,735.2124448075763,5.945979235491266e-11
8927.492834217748,735.2166019258057,2.4092902110894582e-11
8927.535958105833,735.2236936876903,-4.712277629498292e-11
8927.822328010905,735.270788343234,9.365509481041877e-13
8928.931506655705,735.4532113842274,-1.2260571818548054e-11
8929.300173639433,735.5138498743086,2.2160875294511597e-13
8929.505381939578,735.5476037006489,-1.079316181390462e-11
8930.175381933494,735.657814504624,1.0787868429242054e-11
8930.879926783398,735.773716640672,-7.207212707905242e-13
8932.57131163755,736.0519975963512,3.0403336255042847e-13
8932.648264750074,736.0646598272532,-3.0085295837147836e-11
8933.438933322912,736.1947665106738,-4.224120537773142e-11
8934.332043998304,736.3417441737134,1.0983926430565373e-13
8934.42597374952,736.357202882632,3.805235360601406e-11
8935.350842743408,736.5094240431023,3.6627614290241475e-11
8936.177058284637,736.6454214799808,-5.9776511336238994e-12
8937.526744090997,736.8676106657463,-3.452322534414495e-12
8937.719756825942,736.8993877235605,1.9171796972970245e-12
8939.730987646142,737.2305517739655,-2.1756066533473161e-13
8941.259114237675,737.4822189500057,-3.735750611813492e-11
8941.447546321351,737.5132548099418,-6.049954714316625e-11
8941.688855174007,737.5530007363279,-7.256478116661944e-11
8941.834211053058,737.5769427878541,7.728111688011816e-12
8943.286405641617,737.8161599684314,5.1098543209516625e-11
8943.354808408216,737.8274287806792,1.2681103895001848e-11
8943.762849004397,737.8946520170501,-5.3442732794036983e-11
8943.948990762425,737.9253192280576,-2.164789617788593e-11
8944.442906975686,738.0066959634812,-1.0826628359120204e-11
8945.917097693131,738.249607662797,-1.6678274241022426e-11
8946.57707770162,738.3583697028395,1.2822868341863914e-12
8947.490466760744,738.5089057671865,3.3338514759100037e-12
8948.06265298532,738.6032158669273,2.548768591423357e-11
8948.623435646014,738.695652235894,3.599614268997799e-11
8948.861528429812,738.7348999094951,-4.0920595479581025e-11
8949.499464625347,738.8400636893173,1.7850556633090388e-11
8949.539477500408,738.846660061491,-1.7917139622456372e-13
8949.828652939357,738.8943333141037,4.7622871186694996e-11
8949.98780776344,738.9205721198784,1.653994785845028e-11
8952.052258822283,739.260966825415,1.3449188346809802e-12
8952.12809545801,739.27347255929,-1.2152243912052603e-12
8952.950035824666,739.4090202772323,-1.4508449212419676e-11
8953.73021688583,739.5376929026846,-1.0692131623538025e-11
8954.158841344897,739.6083892580883,2.7568501369857243e-12
8955.242865160575,739.7872008136882,-2.912673615444157e-11
8956.578084070501,740.0074771749057,8.35906286342458e-12
8957.461222442711,740.1531900602597,-7.39713160966194e-12
8958.304490989973,740.2923380564309,5.858669094858364e-14
8958.308642109921,740.2930230663796,5.436267720566808e-11
8958.582253175826,740.3381745460305,2.1230342294230972e-11
8959.060490651487,740.41709692329,-8.565411907875681e-13
8960.323575516657,740.6255610300218,5.724469117026227e-11
8960.400528628923,740.6382626005122,-1.9745760496713277e-11
8962.797154958633,741.0338946821618,1.9510124726370685e-12
8965.367374318594,741.458300862593,-1.0903931958488402e-11
8967.708347029611,741.844958696276,3.742133382710188e-12
8967.92656227282,741.8810063929142,-9.010536114767702e-13
8968.872463654792,742.0372731077241,-1.7077732980504433e-12
8969.83958816202,742.1970630085987,-2.375339898334909e-11
8970.30618327556,742.2741607816713,-1.5376896751935004e-12
8970.632718793258,742.3281182139345,-1.4227091404471966e-11
8970.663942905476,742.3332778563766,-4.4206393994780084e-11
8972.445927069713,742.6277723892601,3.427881845467351e-11
8974.156101665027,742.9104545244531,-2.5201641731970613e-12
8974.785353770914,743.0144798775709,-1.361939219471259e-10
8975.055290930955,743.059107006938,2.0104702951911373e-13
8976.2911120679,743.2634352150628,-3.938588119044408e-12
8976.950424125816,743.3724560671964,-4.236475718643766e-11
8976.962877485632,743.3745153753546,5.932352872574139e-11
8977.20693449953,743.4148736230776,1.8381042852107002e-11
8979.126325462566,743.7323100651655,2.1396152260586463e-11
8979.605774780448,743.8116138759599,-1.2920911511110646e-12
8980.333537287794,743.9319982788035,4.2310027071361905e-12
8982.841919374578,744.3470024698746,-6.843416690581925e-12
8985.875155302541,744.8489969504074,3.1943105703831082e-12
8987.050923594914,745.0436298318765,1.540390691082385e-11
8987.078015584348,745.0481148523554,-6.610925781082602e-11
8987.158251445606,745.0613978056273,4.7590838326992276e-11
8987.254643258155,745.0773555146069,4.625018118051174e-11
8987.6337787518,745.140123230791,-4.449909198803924e-12
8987.996777291348,745.2002218773194,1.3319742511371068e-11
8988.43118455425,745.2721462622064,-3.312874800213722e-12
8989.655773861794,745.4749190256352,3.524831453263421e-11
8989.86953250623,745.5103169329747,1.1866251361016829e-11
8990.977718719141,745.6938433451264,-3.253077343676822e-11
8991.458160460006,745.7734161986513,-2.9004887821215503e-11
8991.467684232224,745.7749936102622,-3.773201913138115e-11
8992.556679850322,745.9553737398223,2.9584712078286346e-11
8992.865465724646,746.0065246941515,3.730148560878436e-11
8992.99186011691,746.0274626668938,3.1352888131743884e-13
8993.31839563373,746.0815565535055,-7.893069892686591e-11
8994.119504027136,746.2142765218931,3.2080344857570196e-12
8997.321590282794,746.7448855777126,-1.8979871859033747e-11
8999.498493726907,747.1057222105179,-3.373323322511476e-15
9000.349988140244,747.2468869829189,6.81434170833261e-13
9000.943597909023,747.3453063197384,-6.650725623574932e-13
9001.24694445016,747.3956030880508,-6.651659795722577e-12
9001.313486421937,747.4066363930364,5.3848822613431506e-11
9001.373338842297,747.4165605751238,-9.770597665144494e-11
9001.754010654176,747.4796816452103,6.912677756145045e-11
9001.93356791525,747.5094558465006,-4.1907661481840897e-13
9002.879793768887,747.6663689145007,2.45407200898203e-12
9003.885022669276,747.8330845523938,2.947167115397483e-11
9004.026103374372,747.8564840557705,3.798504157483294e-11
9004.575596831557,747.9476259810739,-7.72901322757734e-12
9004.641022326698,747.9584781743528,6.994810600203411e-11
9005.460872785168,748.0944742867706,-8.647997634031608e-12
9005.785719243506,748.1483629720702,1.9308383271969883e-11
9007.52035202317,748.4361536070735,2.2337370127408414e-11
9007.711074430934,748.4677994921329,-1.5677319680321843e-11
9007.937658593555,748.5053966604357,6.965909939214066e-11
9008.511810664111,748.6006700953778,8.438424247554877e-13
9009.321622140973,748.7350586166239,2.7390541859925507e-12
9009.917598604265,748.8339688529677,4.616871550992371e-12
9010.690031004488,748.9621740389402,1.6662049240816895e-12
9010.820252040923,748.98378867919,1.2027589607654956e-11
9011.726207223925,749.1341716111039,-7.505276522034726e-11
9013.69995389417,749.4618536457398,-6.6515530388569005e-12
9014.246441393598,749.5525943551512,3.263151197857458e-11
9014.267196993194,749.5560407964579,-2.7456005360330043e-12
9015.34940769018,749.735751520542,1.8227930298572482e-14
9017.50134703781,750.0931643149112,-1.0924415447396301e-11
9018.92622051528,750.3298666294944,1.344612228793494e-12
9019.363194894262,750.4024650220011,-7.430213624381964e-12
9021.20572810281,750.7086199351011,2.0565998059843127e-12
9021.961231546864,750.834172299662,2.373430978955648e-11
9022.269043993681,750.8853287283387,-3.7149921237455445e-11
9024.48653288751,751.2539125508731,2.9085525080092398e-11
9025.525199853362,751.4265875601238,8.109564515938617e-11
9025.545726344233,751.4300002228033,-1.6795324486797594e-12
9027.204398431866,751.7057909038708,-5.187702551361296e-13
9028.150824705219,751.8631777763263,-9.998298265444471e-12
9029.166245322975,752.0320564779291,3.476024350505752e-13
9030.078660946718,752.1838202040836,4.924553315490055e-12
9030.287276046578,752.2185216815413,-4.625382854299698e-12
9030.691738100033,752.2858030398257,-1.1082160696379025e-11
9031.089186126594,752.3519205659157,8.455168169194098e-11
9031.26181541871,752.3806392441148,-2.7086977916740976e-11
9031.417811544996,752.406591294344,8.161339177849476e-12
9031.8574864022,752.4797395227301,-2.8080466784102302e-11
9031.87198198159,752.4821511971631,1.1397038639819963e-11
9032.993613972409,752.6687723218292,-4.42628642637713e-11
9033.639346500617,752.7762221105222,5.576561256714292e-11
9035.226161335264,753.0403004723511,-2.1226239023888854e-12
9035.548698469689,753.0939829038163,2.0727851811579995e-11
9036.329700210534,753.2239791996739,4.195510678396771e-11
9036.393827803511,753.2346536181313,-6.198123792816382e-11
9038.852444118247,753.6439620227167,-7.789418121564858e-11
9039.749973005504,753.7934096310721,2.742113522187272e-11
9040.334984742423,753.8908279713506,6.798185851529739e-12
9040.661520257428,753.9452066268627,-5.707029016343854e-11
9040.822841352414,753.9720724976277,1.2997412473261746e-12
9041.105002761375,754.0190638590179,-1.9231004582211595e-12
9041.884019654415,754.1488094994726,2.4428027081729395e-11
9042.020825186019,754.1715956809128,-6.070865541611078e-12
9043.839100621215,754.4744784132319,-2.595418446100505e-11
9048.772346146727,755.2965500552517,-8.860704952019492e-12
9049.4004340871,755.4012462421914,-1.4994712152721465e-11
9051.68130624904,755.7815066890809,-7.336084075695206e-12
9052.76533005225,755.9622656157125,5.149887507514704e-11
9053.837692496749,756.1411013309968,1.0303663616707485e-12
9054.126867932137,756.1893301596275,-6.281438225602086e-11
9054.208277641721,756.2029079909533,-5.2015681635577394e-11
9054.765844226782,756.2959044187769,8.031513317413631e-13
9054.800971352677,756.301763457378,-2.8097724505142328e-12
9054.860375244229,756.3116717974881,-5.780443995832651e-11
9057.410535611201,756.7370900089312,-3.6852855603925314e-12
9058.610590348324,756.937324806986,-7.321790957340724e-11
9058.773419075653,756.9644955927425,-4.778204291548869e-12
9061.032171053117,757.3414577547173,-2.375279598579466e-12
9062.294635638356,757.5521908790239,-7.538354643543958e-11
9062.463161493335,757.5803237743871,6.060764924078306e-12
9063.625083146784,757.7743036226362,3.753050586336311e-12
9064.231776224608,757.8755993630211,-5.1453354980280756e-11
9064.453464948105,757.9126150310277,-2.034668942845701e-11
9064.787730120595,757.9684294536161,-1.1995533670535254e-10
9065.588790823918,758.1021961282811,-2.6493436239988118e-11
9066.034191493276,758.1765773359583,2.273245145374839e-12
9066.043686579236,758.1781630400853,8.157919722179335e-12
9066.605404283426,758.2719743173877,2.9808661577754536e-11
9067.304338052796,758.3887098728026,-9.008992806919597e-12
9070.192542549405,758.8711917115604,-1.8551887287268275e-12
9070.221600388657,758.876046677581,-6.7098937461279e-11
9070.250085646514,758.880805992149,3.4952142029995817e-13
9070.470905999167,758.9177011457709,1.9599637051364985e-11
9071.41812426889,759.0759746625004,-5.3486791900804524e-11
9073.59077151855,759.4390711817074,2.5816413790160747e-11
9074.07068835678,759.5192874282593,1.2010492837530344e-11
9074.949007648742,759.6661060943342,-1.9213904189611352e-13
9075.051611797053,759.6832581921203,-1.603295752015412e-11
9075.228563944522,759.7128393283135,-7.714847778571333e-11
9075.720142141208,759.7950196092509,1.330130767066763e-13
9076.0636542933,759.8524493816846,3.6122362414308307e-12
9076.234661207129,759.8810398302686,4.137283529876659e-11
9077.58434699122,760.1067111428301,1.5389689346450188e-11
9078.046695612205,760.1840248672771,-1.7775411709341767e-11
9078.309752484069,760.228014874341,-1.5487300250186158e-12
9078.605913259296,760.2775422475257,3.408420182894499e-11
9078.653388689017,760.2854817791002,8.327266487362329e-13
9079.366655608626,760.4047696407963,-2.009286868702885e-11
9079.456434238351,760.4197850215792,6.555889871229975e-11
9080.843480100932,760.6517858404616,2.408590795799408e-13
9080.924040436788,760.665261656086,3.57173241378653e-14
9083.424540096583,761.083594831741,-3.695243561791135e-11
9085.57897017528,761.4441229921813,-2.6411060388699214e-11
9085.752935362638,761.473238528217,-2.7144297520573917e-12
9086.117126744195,761.5341929150597,-4.722224283323276e-11
9086.205865266818,761.549045372663,6.631078621576904e-12
9086.970787421547,761.6770789169301,3.6815143171970093e-13
9088.207849071889,761.8841625195657,-4.411378619209256e-11
9091.187130093069,762.383008613125,9.222717378440834e-12
9091.253595694583,762.3941393726461,2.084663253501961e-11
9091.837615004377,762.4919465225987,1.995984759446239e-12
9092.4523812113,762.5949097187931,-2.5283447790109895e-12
9092.679957795337,762.6330268072702,-2.792442370306088e-11
9092.826611573719,762.6575905386674,4.0996801005222525e-12
9093.829407087886,762.8255640942446,-7.703200619610458e-11
9093.983313310016,762.8513458406056,5.929197371920673e-11
9095.709348042858,763.1405140674331,-5.15550437937292e-11
9096.739264231966,763.3130854274298,1.3704954324856832e-13
9096.767768486949,763.3178618396117,3.439068266030546e-11
9100.475231844624,763.9392430861689,-2.6992088309338416e-11
9101.243761222771,764.0680824462054,-9.545723402780337e-12
9101.700040555941,764.1445800984269,1.2983579078402224e-11
9102.606100785148,764.2964972742811,2.6461729397458638e-11
9103.192305363991,764.3947929960267,2.829537819803606e-12
9105.2759659774,764.7442357796534,-3.0255261829630878e-12
9105.811965961477,764.8341392276434,-2.9687285756367056e-13
9106.004348738872,764.8664089427796,9.017823284112627e-12
9106.275974952776,764.9119718772122,-1.0451872033632702e-11
9107.408867447428,765.1020193930591,1.4085875585996301e-12
9107.660043540172,765.1441584487347,7.51092624353795e-11
9107.965250871883,765.1953637264731,-1.1687850711958536e-11
9108.050706645097,765.2097011292576,-5.187561826000125e-11
9108.051078803963,765.209763568769,-1.1598290331287463e-10
9108.221761241684,765.2384003392928,-3.750302163630825e-13
9112.18029563139,765.902706160728,6.55286648535899e-11
9113.396659051163,766.1068895066899,-2.5087444936435793e-11
9113.462447015378,766.1179336990949,-1.5688933929632512e-11
9114.021187445598,766.2117357847497,5.684213151462923e-12
9114.952421495884,766.3680853736464,3.099839245814071e-11
9116.25614916612,766.5870016349929,-1.1839629484602255e-11
9116.32368356065,766.5983425687697,-3.4559789922195485e-11
9117.311048441601,766.764158634473,-3.14529807575488e-11
9117.778464234429,766.8426617624383,-4.581209659599951e-12
9117.93237045614,766.8685114056801,-1.6398819020342526e-11
9119.115524916157,767.0672451723206,2.6861844183680964e-11
9119.981085365729,767.2126491902818,2.1339020964370314e-12
9120.244485709023,767.2569001018396,-1.8853190038675115e-11
9121.189890862417,767.415737450998,-9.992863154536832e-13
9122.222937058581,767.5893181803165,8.454192419447724e-11
9122.402293894633,767.6194571610562,-9.326471750821068e-12
9122.957684894498,767.712788383476,1.2037952841536001e-12
9123.49370387471,767.802869604154,-2.4461781052824694e-11
9123.879643277678,767.8677323244398,-5.339619334261845e-12
9124.714036987478,768.0079736806068,-8.379847941418206e-11
9124.728208091237,768.0103556103838,-3.094224040935203e-11
9125.19599604254,768.0889851579427,1.879712638848553e-11
9125.725879055468,768.1780570101068,4.2751367238106416e-11
9126.062930762979,768.2347171505397,-2.3868391628655164e-11
9128.362191809098,768.6212906885655,1.9139812885160425e-11
9128.767646281627,768.6894696340219,6.571556218928602e-11
9128.940275571804,768.7184989244239,-1.4429989008865794e-11
9129.044721516591,768.7360627901638,2.898127132927976e-12
9131.900881193911,769.2164389282314,-2.649887876640906e-11
9132.128391096323,769.2547101721963,1.0366837624292647e-11
9132.141913249117,769.2569848707159,5.790024191995908e-12
9132.97436979425,769.3970273186955,-5.768313059051542e-12
9133.071162450218,769.4133113760323,-5.515742673445737e-11
9134.58549006241,769.6680990192712,-3.702931492660873e-11
9135.81206419653,769.8745027199301,-9.072375116733444e-12
9135.818333905585,769.8755578363207,-4.662825075174433e-13
9135.972535916282,769.9015084022022,1.4627921193142406e-14
9136.132387371257,769.9284101721224,-4.0845297010506195e-11
9136.252092210114,769.9485558836689,-2.6345313641839074e-11
9136.343121057773,769.9638757493849,-4.817589934054431e-11
9137.93574736538,770.231934391538,1.3521619543540785e-10
9138.112823564536,770.2617413851922,7.245374892514082e-14
9139.028321503527,770.4158551098301,6.72817158154539e-11
9139.940966224462,770.5695038944194,-1.8531169905179895e-11
9140.095740816467,770.5955625743344,6.89243331836997e-12
9140.407590014975,770.6480685171874,-3.410207486170452e-12
9141.119540030459,770.7679460110598,-1.3950520100236148e-11
9141.989308970089,770.9144095822943,7.335225017857781e-12
9144.444098610697,771.3278557499348,-4.167479145574412e-12
9144.751911053183,771.3797066698008,-1.9918714046313815e-12
9144.788727236692,771.3859084624784,1.1731166572109013e-11
9144.82608731541,771.3922019014021,-7.556872799424579e-14
9145.994125927864,771.5889751522974,7.807658089619284e-11
9146.188598607403,771.62173937047,-4.926679849557626e-11
9146.792400086417,771.7234706099201,2.3470723724206605e-11
9148.259013849982,771.9706003831672,-1.1451567092374122e-11
9148.49842352737,772.0109455496648,-4.0217296086242465e-11
9148.516497645038,772.0139914313366,-3.7377230222122075e-11
9149.298988011236,772.145863835308,6.598971593391588e-11
9149.404979963592,772.1637274319223,-8.628141814567836e-11
9149.631888597998,772.201970694407,7.98030001039818e-11
9149.780574906095,772.2270308523683,2.2875277745878672e-11
9149.907169718592,772.2483679463016,-4.375639873612555e-11
9150.124211108252,772.2849501678793,-2.4223519370068535e-11
9151.578495564658,772.5300914983003,1.0266426628899405e-11
9153.513889700878,772.8563914624183,1.5530018119036532e-12
9153.552967523712,772.862980542824,-4.9538383430232064e-11
9154.112204163217,772.9572789285916,-1.3444513477161604e-12
9154.235640279438,772.9780934813571,2.878304756610645e-11
9154.950873042982,773.0987059285683,2.652870888310776e-11
9155.181732374578,773.1376386357598,4.920355990379908e-13
9155.817254176349,773.2448197264995,-9.236789921567686e-11
9156.27083302788,773.3213205915102,-7.730368768446932e-11
9156.55299443312,773.3689120053582,1.995708779727535e-11
9157.283991991382,773.4922142408445,1.2410910281704584e-12
9157.339569237862,773.5015892284646,4.2144440509854995e-11
9158.180776548767,773.6434943206074,-2.312973786242608e-13
9160.95538345796,774.1116412013807,-3.167244925080541e-11
9164.095804122004,774.6416812715834,-7.07366939703711e-13
9164.384979553763,774.6904974234338,3.4361990690485504e-11
9167.101528155523,775.1491573983196,4.634562139035403e-12
9168.479556133088,775.3818745501318,5.837602999874521e-12
9168.765124340063,775.4301048114172,5.3925349016622684e-11
9170.427403625185,775.7108807467824,1.7300493157179478e-11
9171.153477058562,775.8335379313294,1.0816137358320536e-10
9171.790659230992,775.9411865198381,3.8274516363107076e-11
9173.227470833817,776.1839557559364,1.500708439254953e-11
9173.466260245765,776.2243062221733,1.3609085171521371e-12
9173.620166466511,776.2503137433489,1.0332033011622985e-11
9173.693770147114,776.262751661777,-3.3786299232561866e-12
9174.587224270304,776.4137399703187,-2.3417000397624283e-12
9174.895036711756,776.4657618049906,-2.5479099257563676e-11
9175.202706103026,776.5177612075854,1.0669941907074044e-12
9177.226390227414,776.8598288225681,7.029371580628573e-14
9177.953904612308,776.9828205552127,3.732250365004466e-12
9178.501613633798,777.0754212831413,-2.0796210227188074e-13
9178.876340204397,777.1387791895619,-1.3886685894875052e-11
9179.843464688227,777.3023103248162,-5.323436126442849e-11
9180.124442935536,777.3498241829773,8.530365882014376e-12
9180.511298390116,777.4152444209226,2.108436119761861e-12
9181.720103878584,777.6196805077208,-2.322392869158451e-12
9182.906436023546,777.8203420192282,2.1054394474828175e-11
9183.481036611038,777.9175418453517,7.31949221022126e-11
9183.623462898511,777.9416357135866,4.391324134897851e-12
9183.732279382233,777.9600441544065,-2.6289557348583964e-12
9183.743167736735,777.9618861449665,6.6088534138928554e-12
9184.885183148484,778.155093818962,3.926041605559373e-11
9185.189044892262,778.2065055961855,-1.5901522370351263e-11
9187.29296487382,778.5625242298257,1.0098632912611547e-10
9187.71062459728,778.6332089770425,1.1804516182795978e-10
9187.774923925499,778.6440912831798,1.7788429089889567e-11
9187.95294486391,778.6742207410063,-7.209912287662328e-12
9188.036138997004,778.6883012743336,1.6187183196220386e-11
9188.323081474819,778.7368670127222,1.696725472872936e-11
9189.2127279494,778.8874515642248,3.694337057322945e-12
9190.167380075396,779.0490554070158,-9.048426217720871e-11
9191.218318955847,779.2269781181036,5.465236436223421e-11
9191.269621029327,779.2356640193649,-3.3407695917117936e-11
9192.591565856143,779.4594978575145,1.3514196360335745e-13
9195.411043071768,779.9370038499418,-1.7155920397189162e-11
9195.417933045552,779.9381709136259,-2.34984835964309e-13
9195.674443412836,779.9816207483055,-5.6349136625468286e-12
9195.903995533241,780.0205052011751,3.022288360435579e-11
9198.272279590748,780.4217318917139,2.1975567443279426e-11
9199.445891270916,780.6205995065098,-2.913106791717017e-11
9200.038355863435,780.7210018223692,7.579440350983592e-12
9200.877998165328,780.8633033104907,8.91112910320007e-13
9202.124306779713,781.0745500221938,-4.932939148667825e-13
9203.419655827993,781.2941393087124,-2.457137517701741e-11
9204.477484680683,781.4734867839763,6.736753678444347e-11
9205.465021288228,781.6409353049685,-1.450213557437933e-12
9205.487714051249,781.6447833426923,2.0665117297177692e-11
9206.809658875989,781.8689634070306,-1.52293106591155e-11
9209.658365662319,782.352166575644,2.539487721585468e-12
9209.689589773678,782.3574636981789,3.231152706777673e-12
9209.783519521914,782.373398843974,5.045047490677404e-11
9210.995130541014,782.5789627580724,3.761234983585031e-12
9211.800762193207,782.7156625146802,1.9341605301566322e-11
9211.877915725772,782.7287545704357,-1.7451768396250033e-11
9213.886293264528,783.0695914220538,-2.3532404378219894e-12
9214.02309879347,783.0928110575475,-4.2275450323960796e-12
9214.833511518951,783.2303673059955,8.369703331163093e-11
9215.186165589817,783.2902291899115,-4.3556074694020475e-11
9217.046772874926,783.6060991658397,1.922057690942916e-11
9217.20818933347,783.6335053823668,-3.5058035615016527e-12
9217.251981168263,783.6409406952058,9.297390563925738e-12
9217.323618998471,783.6531039904056,-2.01515571840673e-11
9217.521126319707,783.6866389944619,3.987505316050427e-11
9218.850457328277,783.9123663886876,5.803753433463243e-11
9219.141169077111,783.9617351098118,3.673740872237109e-11
9219.690662520845,784.055054436893,1.1068953073948801e-11
9220.554362166395,784.201745990715,8.622506319113366e-12
9221.222224551457,784.3151857824619,7.488678285896287e-11
9221.459821115992,784.3555447377556,1.1035589791846484e-12
9222.252159723292,784.4901415670802,-1.480927754596927e-11
9222.456480648625,784.5248520236386,9.73607751948004e-13
9223.226498651722,784.6556711665504,3.8604239338923714e-14
9223.30345176167,784.6687454090894,-6.112496445492264e-12
9223.980980968667,784.7838615297287,1.8654538930149953e-11
9225.55416856075,785.0511877886281,-8.504816794215494e-12
9225.996782684757,785.1264078745482,-3.286128268099049e-11
9226.668920242195,785.2406412362013,2.0993793219562614e-11
9228.12896849447,785.488812894155,7.231276298327805e-11
9228.45388162519,785.5440453354232,-2.5098228357974966e-12
9228.93236719198,785.62538731225,2.396539004446715e-11
9229.361506846566,785.6983441301459,-3.408222952723664e-11
9229.485983068767,785.7195066150264,-1.5301987012576205e-13
9229.526549526714,785.7264034722223,-1.99362701855154e-11
9229.680455746506,785.7525699273712,1.519831195828403e-12
9230.287148812997,785.855721450773,3.767141628198151e-13
9234.308245735336,786.5395701369256,-1.319314308803846e-11
9235.253001925774,786.700283505854,4.776538551805649e-12
9235.695138834712,786.775501481273,-1.0388860511937535e-11
9236.060303636572,786.8376273907397,5.967888432441473e-11
9238.034994996888,787.173626468748,-8.571993318254266e-13
9238.080657314851,787.1813968853917,-1.2000684645828635e-12
9238.509023965107,787.2542944713364,-6.169401928240673e-11
9239.179042932452,787.3683221828858,7.46527460270365e-12
9241.481539015422,787.7602373498863,-4.83109706449788e-11
9242.622810102193,787.9545329233973,9.452540265654352e-12
9242.665561829852,787.9618116528961,-2.7240679640984023e-11
9242.691661394874,787.9662552717117,7.518401169537452e-12
9244.48651870555,788.2718713759264,1.5436329757877543e-12
9245.402341109218,788.4278342551686,7.548958064809898e-11
9246.144475120642,788.5542296517301,-1.3239767963160577e-11
9246.516272100958,788.6175554890162,1.9049034887956163e-11
9248.74330370779,788.9969250584511,2.130878018377091e-11
9249.050123723104,789.0491982831793,-2.6849577264322903e-11
9249.730811624375,789.1651739346844,-2.3605734318401e-12
9249.93736550225,789.2003682865413,3.52040310214164e-11
9250.70056989886,789.3304161577506,-3.0778618318728755e-13
9251.107217212033,789.3997120916297,3.238137939108781e-12
9251.361866783453,789.4431079533664,-7.870963349126823e-12
9251.425851324713,789.4540120051887,-3.5376883321628827e-11
9251.44247480116,789.4568449400625,2.8134237991233182e-11
9254.809412909575,790.0307357659517,-6.945497054469548e-12
9254.989819538963,790.0614917679671,-2.277203260004755e-11
9256.922551168727,790.3910244703811,-4.888444290835469e-12
9257.094560191685,790.4203555176501,2.8210437000952013e-12
9258.080922944615,790.5885610115862,3.685850777403006e-12
9258.95416535569,790.7374909293286,-3.1874899037437053e-12
9259.283487399993,790.793659857416,6.354024418695938e-11
9259.29369811729,790.7954014218545,-7.708465978908974e-12
9259.420292928255,790.8169938960368,1.827864945979104e-11
9259.653566635652,790.8567826863328,-3.613539649502343e-11
9259.687768017717,790.8626163968214,-2.7962648164999277e-11
9260.636455905626,791.0244421441289,-1.9260957981000498e-13
9262.177608381926,791.2873649483806,2.4850162900516184e-11
9262.72329417596,791.3804702092541,-1.2615277664970528e-11
9263.644909072182,791.5377291901576,-2.7804943025061457e-12
9264.015665944784,791.6009973897563,6.19409057640294e-12
9264.359922407377,791.6597456659,-2.2350832488448883e-11
9265.01331789642,791.7712553386638,3.301666805689425e-11
9268.967949203368,792.4463278124383,1.8916934646216664e-11
9268.985422053243,792.4493111418586,-4.571194751269172e-11
9269.909766113806,792.6071424601979,2.8291243375854883e-11
9271.391514698445,792.8601831786509,-9.476763857020251e-12
9273.047209469372,793.1429768267839,-2.6305299146053314e-11
9273.489718535351,793.2185661890728,2.623046582691105e-11
9277.703274582123,793.9385061806512,2.1945223036751797e-11
9278.783824875256,794.1231847193878,8.78629959786245e-12
9279.68716522996,794.2775925368069,1.018678264633946e-11
9279.998565895246,794.3308236850257,9.273767147045937e-11
9280.313812202065,794.3847140306267,-4.51857677718299e-13
9280.416740823497,794.4023097449468,-6.063590056206774e-11
9280.898327711413,794.48463992718,5.460981609193295e-13
9281.95322696769,794.6649962440603,3.509413837144759e-11
9281.955164131545,794.6653274601716,2.4019042975464585e-12
9282.407645497427,794.742694579404,-6.941554788496835e-11
9283.35635238022,794.9049206156354,2.2249451245924497e-12
9283.441235570399,794.9194361950531,-8.516107569079726e-12
9283.955057990095,795.007306015081,1.7937712935815237e-11
9285.477373030193,795.2676687638956,-3.4799889283974955e-11
9285.959332076705,795.3501074988989,1.3186564321915235e-12
9286.180772688818,795.3879861848542,2.850523782460323e-11
9288.03049160519,795.7044264931142,4.540323438288401e-12
9288.344850543856,795.7582116539222,-4.216012854964012e-13
9289.226147085756,795.9090065616112,-1.873774639346716e-12
9289.354402268085,795.930952953611,-4.4745896501027243e-13
9290.706950927079,796.1624128326969,5.36207865827217e-13
9292.028523580704,796.388604378351,-1.9850974879492042e-11
9292.25938290883,796.4281200194522,-1.8785415422993196e-12
9292.476729773354,796.4653236615931,-1.2129751524866752e-11
9296.490889011515,797.1525907506687,5.749085210663866e-11
9296.768956664988,797.2002099063441,-2.7975613355615884e-11
9296.965614611068,797.2338884889937,-7.711145207183146e-11
9296.96835346499,797.2343575354226,7.751811578757027e-11
9297.49586977283,797.3247006875654,7.24730171072593e-11
9298.48268104989,797.4937170771958,1.1095940571627182e-11
9298.970537645817,797.577281484281,5.3197643852195536e-12
9300.462620996032,797.8328859710599,1.8338455762501027e-12
9301.730286463408,798.0500783006784,1.6872472070367054e-11
9301.811514745441,798.0639963567735,-1.2063076753185993e-11
9302.381391624325,798.1616453007913,-9.529635313442633e-12
9302.849379988998,798.2418400247493,3.162996521472274e-12
9303.094658526239,798.2838726908586,-3.01728213917178e-11
9303.508367547165,798.354771307732,-5.181442350513544e-12
9303.898009533848,798.4215483642216,1.8808325849944045e-12
9303.992931704744,798.4378166013514,-2.4656031368933803e-12
9304.336567901097,798.4967120820555,-4.3586840956710854e-11
9305.451319573036,798.6877832839835,-1.944694134855598e-13
9305.656527864408,798.7229589889587,3.577043039347548e-12
9306.015079481887,798.7844218464146,-6.176885929014816e-11
9306.834586439958,798.924910482088,-5.394887779130974e-13
9308.832247340035,799.2674226834838,1.2434226922082857e-10
9308.977603213038,799.2923477803203,4.2323807168707243e-11
9309.089129863012,799.3114722288065,-8.152985554675643e-13
9310.299548022937,799.5190479371934,-3.0410129194687156e-14
9310.63630393432,799.5768033127272,-8.711495262570017e-11
9312.12349184518,799.8318886927094,-1.2858255996808564e-12
9312.718151389174,799.9338972633916,2.418650085895402e-11
9313.669539750446,800.0971130462332,-1.7242392897188547e-11
9314.115932831164,800.1736999234839,3.299071988906346e-11
9314.735594460491,800.2800202657484,-1.3816398663650659e-11
9315.260305232816,800.3700546543421,-7.38483337953175e-12
9316.098974097811,800.5139712048967,-2.5511211161685193e-11
9316.642856466757,800.6073089762849,3.5912883260639886e-11
9316.92074269432,800.6550002172323,-1.1202745617495513e-10
9316.921114853178,800.6550640886335,-7.798928508971218e-12
9318.353030995795,800.9008341914874,3.9251153505302843e-13
9318.940132617548,801.0016135980643,1.7349629349013556e-11
9319.711267089191,801.1339929599781,-5.2946716921048556e-14
9321.35514775419,801.416231762737,2.153445560661829e-11
9322.282679191903,801.575502128062,-8.04131167016218e-12
9324.18188706299,801.9016726298559,-2.2595770875298345e-12
9325.316020060014,802.0964806399573,2.2536104067971848e-11
9327.525826904131,802.4761232952819,-3.388790142458609e-12
9328.577510086645,802.6568330297897,1.2106367909062193e-11
9329.866875889325,802.8784113470374,-1.819930374262441e-11
9331.34235475554,803.1320108836206,-1.0188858177029535e-11
9332.070718501709,803.2572139799413,-3.944190017482062e-11
9332.369980592443,803.3086588845279,1.8044210443432863e-11
9335.458431177083,803.8396779784813,-1.780386462794916e-11
9335.676464985969,803.8771727091515,2.5949836968226876e-11
9335.732042231371,803.8867303295758,2.5118817910465065e-11
9337.124661129352,804.1262376151433,-2.1090862579297393e-11
9337.381171492703,804.1703570269814,2.6247057026102337e-11
9339.842526579201,804.5937681589804,-5.636035725367685e-11
9339.97438898541,804.6164547526046,8.201230215291151e-13
9340.5722739044,804.7193233599079,-7.253585598070878e-11
9340.657777358818,804.7340351259443,-4.804280942952874e-13
9340.738337692368,804.7478964994125,5.018614358483815e-12
9341.42853966983,804.8666589434164,2.6625785574079704e-11
9342.764607895211,805.0965799561993,2.5668406943336815e-11
9342.925404086809,805.1242532324347,1.190707299619824e-12
9343.143791057166,805.1618387345258,2.320358803912357e-13
9346.775665788113,805.7870315382775,-5.009995711558058e-11
9347.60764509915,805.9302830949548,-8.018303050213598e-12
9349.931345282606,806.330449126001,1.5041682699454338e-11
9349.985309839547,806.3397435818061,3.1392477320052354e-12
9350.105014675615,806.3603608481087,-8.561822213853636e-12
9350.190518129952,806.3750876285011,-5.621021227215058e-12
9350.258920893417,806.3868691497772,-1.313850726002061e-11
9350.586105348151,806.4432237758472,-1.0228314260380462e-10
9350.688709493345,806.4608968377568,4.8794085485986045e-11
9351.20593871142,806.549989992273,-1.169647985973217e-11
9352.031982477594,806.6922869242932,-1.3661236350815932e-11
9353.198904587145,806.8933260661283,-6.057311497892184e-12
9353.287690790554,806.9086233171239,-1.9440206596911632e-12
9354.652062845926,807.143713480845,-1.134107888544046e-11
9354.915463182471,807.1891030180213,5.613183536151112e-11
9356.023324874772,807.3800253822146,-1.3179882882796038e-11
9356.299531732207,807.427628767539,1.458050944594055e-12
9356.320058222325,807.4311664998113,2.3994814335625816e-11
9358.720635142918,807.8449584923741,1.5864540987732457e-11
9359.700069917068,808.0138160111281,-4.393693228200846e-11
9361.12608850316,808.2596975238929,3.982035206011783e-12
9361.303660909827,808.2903181009232,5.145647032017631e-11
9362.03614708728,808.4166341208274,-4.870071920259887e-13
9363.379591806266,808.648334609169,7.350933075121911e-12
9364.833055541749,808.8990472389409,1.0202424737085972e-11
9365.545702174193,809.0219881640714,-9.301932598077468e-12
9368.248079613451,809.4882688448274,-4.244862137244486e-12
9368.279179671325,809.4936357753908,-1.0529756598113608e-11
9368.390334161748,809.51281782848,-3.642817454872895e-11
9369.593070339331,809.7203898928249,-1.1053582401576493e-11
9370.42338927662,809.8637045440571,4.10432393878677e-12
9371.38850020706,810.0303005130553,6.789960557686512e-13
9371.45392569954,810.0415947822412,2.2777901417365867e-11
9371.597172671401,810.0663234898365,2.336851681998857e-14
9372.096804985711,810.1525779148037,4.031524916255514e-12
9374.229553654497,810.520818399102,-6.468350738106835e-11
9374.367657082952,810.5446662319566,1.4232140210136995e-11
9374.471377704456,810.5625770396524,-5.6407730156069223e-11
9374.634015692576,810.5906622851002,6.801250200062492e-11
9374.888665260642,810.6346375880443,-1.5814372368885073e-11
9378.16922181109,811.2012620279658,6.831304808200008e-11
9379.258961700089,811.389527995491,-4.4973283407219015e-11
9379.475688297858,811.4269727884466,-9.338560282859869e-11
9379.817702114135,811.4860657568398,1.629414173686169e-11
9379.861055108717,811.4935564184568,-6.475587222034783e-11
9380.04916270766,811.5260586197468,-4.33976310972848e-11
9380.577929229352,811.6174251182451,-4.6571753986939863e-11
9380.748936137472,811.646974805226,8.885876279583012e-11
9381.105378851937,811.7085691985154,4.927019571726287e-12
9381.908777536319,811.8474075353253,2.646922959968278e-12
9382.052663769993,811.8722743098583,-3.393900755028034e-11
9382.216589970893,811.900604905798,-7.65691255859304e-12
9383.40824705892,812.1065682857636,-2.6883380364796225e-11
9383.728885011547,812.1619911076273,-4.7008188870686405e-11
9383.754517050547,812.166421731423,1.8121739458721813e-12
9383.969592584706,812.2035990703581,1.3012210829875876e-10
9384.606211850112,812.3136482415009,4.8005545082199255e-11
9384.982608473121,812.3787175448571,-9.352069773166591e-13
9385.777599861938,812.516159703107,6.116955729563276e-12
9386.471409060701,812.6361184830275,-6.187890238393219e-13
9387.524065663101,812.8181384820227,7.17852391834578e-12
9388.198808320927,812.9348222685547,-2.6734872032062903e-11
9389.104620415948,813.0914782636581,-4.066906232652223e-11
9390.992510388232,813.4180286439108,5.3883035956374036e-11
9391.408481044626,813.4899883670444,-6.021540113725215e-12
9391.500549996765,813.5059160182088,-2.240434240859548e-13
9392.16263887256,813.6204599966588,3.2934697979199517e-11
9392.493125072157,813.677638429753,8.097730376045538e-11
9392.923610304508,813.7521210200241,-1.1166068317532508e-12
9393.278755116655,813.8135707744007,-1.0299763773066783e-11
9393.516132257095,813.8546447998301,-2.532567848470335e-11
9393.818677094989,813.906996477332,-4.539168582386357e-13
9394.158706063534,813.9658363367994,5.486534707728575e-11
9394.399785795284,814.0075549478332,-4.300014996511613e-11
9396.557593916714,814.3810092018747,-1.5038822659571896e-11
9397.697395346462,814.5783105225264,-7.596049231028845e-11
9398.405203911365,814.7008452814141,-5.4494618767291664e-11
9398.779930473112,814.765721118888,1.829955193721433e-11
9398.997897599955,814.8034586246122,4.3761248665824393e-13
9399.343070111672,814.8632214891044,1.3975170077822336e-11
9399.942376981762,814.9669901658037,-4.898441660361729e-12
9400.290908612093,815.0273406996527,-6.729082703752062e-13
9401.608578236608,815.2555240440826,-2.6006450579155965e-11
9402.192454476502,815.356645224297,-9.616542639970704e-13
9402.491716565039,815.4084766823864,7.484293115007656e-13
9402.591791967268,815.4258098641282,4.1423868395718175e-12
9404.447494088767,815.7472531626872,2.4589637729352068e-11
9405.259023274346,815.8878455620575,-7.512323682415064e-11
9405.29683188043,815.8943959643876,1.1485204042791295e-11
9405.892254733522,815.9975574121403,1.9757520925840132e-11
9410.548424836712,816.8044988050559,-5.7098007041434165e-12
9411.271091449347,816.9297769388593,2.6800550845576768e-11
9412.005867948461,817.0571642497498,2.5496659852830346e-11
9413.088078598044,817.2448039089879,-6.545332717825688e-12
9413.155135775813,817.256431362622,-3.5881088626760767e-12
9414.594676506362,817.5060620979756,2.992288544005644e-11
9414.700687452905,817.5244469636133,3.2573379132687444e-11
9415.105149489284,817.5945923781262,-2.7605569686978013e-11
9415.577088545642,817.6764440688688,6.557311067154045e-11
9416.793948137258,817.8875114646914,1.0144328203722536e-12
9417.237879151342,817.9645192204586,-3.4213616730915566e-11
9417.879937747188,818.0759021626976,-9.618762450664145e-12
9418.052757765525,818.1058839042988,-9.952249279753488e-12
9418.203486288898,818.1320335443044,3.511033259149806e-12
9419.329765563722,818.3274431032505,-2.0984829068929442e-11
9419.631995614305,818.3798840215978,2.5407998767466987e-11
9420.978245859736,818.6134967173015,1.4104434403365741e-12
9421.546137884283,818.7120521423939,-6.53171908652069e-11
9423.226710661229,819.0037437346815,-4.5457698715457373e-14
9423.413949888673,819.036245464123,-1.1134456155654187e-11
9424.214686085217,819.1752477226986,2.838307186838084e-12
9424.282296847063,819.1869850234818,-2.9919429523459665e-11
9424.992710521994,819.3103186902517,9.135139665896399e-14
9426.023619097932,819.4893094461479,6.745638163523075e-14
9426.357082567196,819.547210990235,1.3955489054083227e-11
9426.48367737593,819.5691930495938,-6.012493313240951e-11
9426.75189677838,819.6157679317591,-9.079052356599193e-11
9427.565888023899,819.7571213245061,1.8601180646648672e-13
9428.175558348483,819.863001426482,-1.3008227895000873e-11
9428.91050658266,819.9906473688798,-4.6401127292581654e-11
9429.218319015736,820.0441112442816,2.5864126603183885e-11
9430.596146532112,820.2834472009395,-3.764924238538611e-12
9431.375163391986,820.4187820419116,2.360265626693089e-11
9432.898041300914,820.6833765613311,1.3285175157982949e-11
9433.753667796156,820.8320573090862,1.821244915746108e-11
9433.967426430134,820.86920388548,-8.182592036893389e-13
9435.374082675244,821.1136709757232,1.147311057949672e-13
9437.364987316781,821.4597386821175,9.964897919100352e-11
9437.751098443036,821.5268626510717,-6.348289934354426e-12
9438.026331871737,821.574712625299,-1.099245720676818e-10
9439.24567251956,821.786714628862,4.9075694123338816e-11
9439.416679426644,821.8164491227892,2.9617203273853016e-11
9439.924346873786,821.9047249564636,-1.3686051820270044e-11
9441.815567268637,822.2336218971699,-2.1620117877822088e-11
9442.738575416128,822.394163631516,-1.5903559310310277e-11
9443.090437477382,822.4553682472952,-5.716729480687122e-12
9443.092727802845,822.4557666452303,4.6220171274915575e-11
9444.125497171133,822.6354248379795,1.3014765934538478e-10
9444.454122574702,822.6925958807539,2.950409040400307e-12
9445.660962179167,822.9025671326774,4.5713110066836484e-12
9445.90037184893,822.9442238669784,4.3303647173065746e-11
9445.97867054231,822.9578478894441,-2.7365899967787496e-11
9446.30781115483,823.015119800588,6.0439153942461205e-12
9446.511387757613,823.0505440218001,5.968477522723827e-11
9447.271509811859,823.1828190717214,3.347000298026377e-12
9447.829009692477,823.2798409471801,-1.8903973909110826e-13
9448.085377002719,823.3244585506516,-5.654985127555791e-13
9450.763792440814,823.7906764878983,2.564635831485377e-12
9452.453211347362,824.0848128726007,-8.938285865997757e-12
9452.508416433238,824.0944252446077,-2.3686658028097598e-11
9453.571436484695,824.279530446866,5.099119328631559e-11
9453.859151958288,824.3296343332643,-6.117470315302981e-12
9454.361637486218,824.4171427654594,-7.693956494507137e-12
9455.22198768067,824.5669845398945,-2.1934937352469433e-13
9455.663628367545,824.6439076127025,2.798197013130396e-12
9456.419971460216,824.7756525405779,3.586772163980257e-11
9457.49263933593,824.9625151170742,-7.1890148645203106e-12
9457.646545552021,824.9893278685145,-2.288508468539453e-12
9460.201830353577,825.4345602391513,-2.0382888412315173e-11
9460.862802748143,825.5497475318241,-4.453705955392719e-13
9460.90369368056,825.5568738362767,-8.04611300631407e-11
9461.046940651107,825.5818385753479,1.147021176781463e-12
9461.207555415427,825.6098305814446,-4.9178041911933375e-11
9461.277799975156,825.6220729810894,2.6433395728039486e-12
9461.808656395371,825.7145949205038,1.3733251424162849e-11
9462.355516026886,825.8099114568844,-2.714858982032154e-11
9463.61271296093,826.029059249203,-5.935533313897675e-12
9463.680619511793,826.0408971818587,8.792819566309262e-12
9464.133597080881,826.1198654914207,-1.3333839987932832e-11
9465.815629799747,826.4131300415621,-2.976702334072236e-13
9467.18639560105,826.6521633498251,-2.3047435607244335e-11
9467.218736188117,826.6578032997045,2.68287778085959e-13
9468.607423367146,826.8999978484065,8.778347819732615e-12
9469.21616794617,827.006177391828,-7.04346380662892e-11
9469.749486427756,827.0992064384909,-4.5341972118218485e-11
9470.655441565357,827.257248116364,5.5305849403522176e-11
9471.958691971246,827.484623508747,-4.6682236409805443e-11
9473.85001741567,827.8146547808021,-7.087677175410533e-12
9476.768453472268,828.3240434149648,1.4037466192265677e-12
9477.597274076034,828.4687357332044,5.544328274598263e-11
9477.838353805726,828.510824882275,1.8066300759024108e-11
9479.877449497853,828.8668652948329,8.633290851288878e-12
9480.01525713552,828.8909302381667,7.262106608947442e-14
9480.477777472783,828.9717013646576,-4.273935306911985e-11
9480.540044268419,828.9825754776936,-5.047124606155361e-11
9481.099280888455,829.0802423238398,9.970193601531754e-12
9481.37418984048,829.1282554018488,-3.83714780422478e-14
9482.916458757756,829.3976397686715,3.976860314465649e-12
9483.381565209622,829.4788873824131,-5.426246057199279e-11
9484.029044136523,829.5919995602482,6.202438213045944e-12
9485.55749511181,829.8590449338817,-5.953233178170482e-12
9485.817269223076,829.9044359966214,9.026590628329113e-12
9486.35087380409,829.9976781284439,2.4716644961462823e-11
9486.50657413338,830.0248862121322,-1.1638382063962177e-12
9487.336568585237,830.1699323519758,-1.4397934249271813e-11
9488.33327577339,830.3441292374716,-5.472544878209119e-12
9488.925797720198,830.4476943801097,-8.564446278425292e-11
9489.958567083686,830.6282245147709,1.0132183598366818e-13
9490.425982857885,830.7099361782498,-1.019311129826758e-12
9491.922847251873,830.9716388087187,2.785681408810902e-11
9492.12378036662,831.0067718696102,4.69961350093891e-12
9492.878663507276,831.1387694783054,5.286532043629172e-11
9493.393306603044,831.2287651304812,-3.456559785636864e-11
9494.00148828815,831.3351241678928,1.2280471711134125e-11
9494.477931622057,831.4184495134144,-4.921144174046774e-11
9495.476967129367,831.5931847681007,4.35663235455231e-12
9496.289841892654,831.7353733391518,1.7633615128064937e-11
9496.460848798748,831.7652875256694,-5.687917120958084e-11
9497.070223329778,831.87188960856,-2.508626767791932e-12
9498.036326671292,832.040910737541,6.377542130460205e-14
9498.2859090624,832.0845783200077,5.900064445874822e-11
9498.713407330337,832.1593771916688,4.991094127320418e-12
9499.629229709655,832.3196288925949,-7.885104119585289e-11
9500.438697670597,832.4612834323952,1.0249790283403528e-11
9501.096835841838,832.576464595112,-7.063737634448465e-12
9501.199439985448,832.5944221277748,1.3019787503789028e-11
9501.536491679466,832.6534134767663,6.013951233921108e-11
9501.609169614521,832.6661339643041,1.8600897380344174e-14
9502.51182300295,832.8241293791469,7.386474540724302e-12
9502.768333361932,832.8690302603567,-2.7582397407075387e-11
9504.975554050869,833.2554435104116,2.139936504844688e-11
9505.765755048287,833.3938040686972,-2.8559156222733505e-11
9506.576167748944,833.535715550473,-1.0268269768798338e-10
9506.851525228678,833.583936191064,4.266894570027619e-13
9507.374441876944,833.6755132727577,3.065842972502205e-11
9509.27594003723,834.0085603384958,-3.738954542915394e-15
9511.41784028893,834.3837935546034,5.5898901776803595e-11
9512.19029164433,834.5191377737765,-9.271562122054765e-12
9512.468779133831,834.5679353502046,4.83351487290403e-11
9513.137509869117,834.6851185815192,-3.581479955135998e-11
9514.846634567553,834.9846498812974,-7.696478779083656e-11
9515.402397703076,835.0820613043077,1.7006578010565917e-11
9515.415394957343,835.0843394670575,-2.5864288961288885e-12
9515.517130730155,835.1021718523031,1.5406871628192837e-11
9516.541798274013,835.2817876097206,-1.305233141682376e-11
9520.291268874187,835.9392037075988,6.884376868075663e-13
9521.00155848926,836.0637720188845,-4.2252238566622535e-12
9521.396496749614,836.133039042752,-3.677389466372629e-11
9521.792599169883,836.2025131310019,-4.538189647256442e-12
9521.941342844475,836.2286026631745,-3.7665688322364967e-11
9522.537214218932,836.3331221547771,-9.501488070211282e-11
9523.921654903776,836.5759867884243,1.0323132987175178e-10
9524.695394471093,836.7117349439083,-5.12340732816646e-12
9525.09020867835,836.7810070743609,-2.209642884479446e-11
9529.256270190644,837.5121384408903,1.8538937478410624e-11
9529.384525369793,837.5346519149629,5.3714180906500426e-12
9529.658270160553,837.5827051498029,-3.448053724279278e-11
9530.629517042205,837.753209228009,-1.4534197494720738e-13
9530.647066261166,837.7562901837234,-1.1016861562016977e-11
9530.812681517493,837.7853660175057,1.9114154689815542e-11
9531.710191360005,837.9429439063755,5.3080567350139455e-12
9532.02655413516,837.9984919910315,-2.2276604926202165e-11
9532.166842831099,838.0231249619048,7.413249983447264e-11
9535.70627638215,838.644725950889,8.109716136637148e-11
9535.993991853367,838.6952651445304,-5.6658027733973985e-12
9536.521508148211,838.7879309565925,-1.2935766402222348e-11
9538.711857247872,839.1727520581144,-2.601435913934406e-12
9539.219295581248,839.261916198962,1.6545104226750544e-12
9539.721733421482,839.3502063552868,7.741151475472465e-11
9541.258734733527,839.620322538998,-2.837723374141142e-11
9541.531210308292,839.6682125709934,-7.708913686789656e-12
9542.081028209008,839.7648521743616,-4.491759695390225e-12
9542.38884063857,839.8189577389685,-2.4625840513251323e-11
9544.033475272672,840.1080720840944,-6.918088560354842e-11
9544.325484913494,840.1594103817346,9.80309737338259e-12
9544.328462184281,840.1599338246436,4.652477105234319e-11
9545.046357402713,840.286153903202,-5.0184282003777435e-11
9545.6078366612,840.3848796002355,1.5047829802674917e-12
9546.222898627706,840.4930334860946,8.389060472973231e-11
9546.492539981713,840.5404500281608,-1.72554317860337e-12
9546.694837677811,840.5760250398508,1.5653944953868572e-12
9547.205186600975,840.665775674247,2.9442447544720613e-11
9548.863486436652,840.9574395922758,-1.2718358119889028e-11
9549.168693754074,841.0111253692098,-6.287070058077566e-11
9550.182826102056,841.1895229405246,-1.53615012005648e-11
9550.766845383332,841.2922672613824,-7.524407027382552e-12
9551.636633282584,841.4452974294798,-3.0731371404184624e-13
9552.604731155003,841.6156406061929,-6.621336959961702e-11
9552.72373935429,841.6365820717908,1.246151712269232e-12
9552.827040131679,841.6547597676192,3.0153064129481642e-12
9555.294655183836,842.0890410277187,-5.9951628626390206e-12
9557.27422291889,842.4375107989143,-2.793610988602965e-12
9557.698638857797,842.512231519461,-5.078171887696267e-11
9558.055892564158,842.5751305378996,-5.38484670142761e-12
9558.110353331755,842.584719249068,6.88800924640389e-11
9558.659846756109,842.6814696334966,4.4244894991668885e-11
9560.393267589103,842.9867128853132,-1.3176266715106588e-11
9560.454780377582,842.9975458728876,4.50634558323321e-12
9560.529080689514,843.0106309580035,9.472096262712432e-12
9560.798416564892,843.0580647587493,1.28638312127992e-12
9561.405109610529,843.1649167532368,5.460042117975382e-13
9563.047377546542,843.4541902892562,6.080201863093809e-11
9563.595200909936,843.5506964352415,9.077097220596244e-13
9564.583682220738,843.7248441449042,-2.484181760910489e-12
9564.961519788892,843.7914152033926,7.842176966197772e-12
9565.419144684867,843.872047482423,1.0686138393530865e-10
9566.218220498255,844.0128517461292,-5.4208746988030315e-11
9566.269694306058,844.021922292008,4.000724140360922e-11
9566.98030839336,844.1471493676843,7.299273876742688e-11
9567.236818750698,844.1923548683499,-1.3306847382950476e-12
9569.520229217793,844.5948197687378,-8.878970800584089e-13
9569.789441039984,844.642276309371,-7.067651858602687e-12
9569.814576866704,844.646707309903,-6.80857756925051e-11
9570.653741921666,844.7946439088518,1.884092434669905e-11
9571.204924403244,844.8918190524593,-4.576771288682465e-12
9572.582398738346,845.1346964254227,-2.523298644454085e-11
9573.71064384567,845.333655540482,-1.497939250769626e-11
9574.702102426265,845.5085125456999,-4.631789360769849e-12
9575.072239022236,845.5737957356436,-1.6334200923334008e-13
9575.160051797262,845.5892841667418,-2.9276732121151522e-12
9575.759978921476,845.6951032075893,-2.051412109084041e-11
9576.240277581903,845.7798261819856,7.467354958999853e-11
9578.893213686317,846.2478712282975,-3.1673381723646897e-12
9579.331380885165,846.3251874821789,3.2597774894410514e-12
9579.771160772334,846.4027918571375,2.854038817222236e-13
9581.660348610158,846.7362019728192,8.766013895284208e-12
9581.895483104046,846.7777038862843,-7.312779333573256e-11
9585.291402565877,847.3772069947589,2.219694154961005e-12
9585.665632908785,847.4432852354386,1.0342655189904226e-11
9585.764143304219,847.4606797472916,-4.094144751290274e-13
9587.69687486815,847.8019887423976,6.983703322661102e-11
9589.496656238482,848.119881389813,1.456589882724335e-11
9590.517668866989,848.3002478246344,2.945067793188338e-11
9590.848832697082,848.3587535166176,-3.2184312345511075e-12
9591.15664512517,848.4131355999992,2.032259134492067e-11
9592.900753884172,848.7213051387525,3.509565449895936e-14
9593.812301082346,848.8823902573178,-3.1177242911105976e-11
9594.055985921177,848.92545589859,1.0909544402606563e-10
9594.297666915612,848.9681684872654,1.6250571586379052e-11
9594.374018755074,848.9816624683413,3.4702811182368814e-11
9595.27234927923,849.1404362570813,-3.317043932993254e-11
9595.33647686839,849.1517709392364,9.578809446129415e-13
9596.89950136654,849.428062131119,-1.477279076873361e-11
9596.933378271959,849.4340509491968,1.064552406555885e-13
9597.704140562946,849.5703133555148,1.0201353551896945e-11
9597.743790965318,849.5773234122015,-3.2697095876839474e-11
9597.921487420688,849.6087398986691,1.4192673165166147e-11
9597.981339837219,849.6193218537209,6.02066198707556e-11
9602.24903203584,850.3740233457655,5.686417995601606e-12
9604.417403990801,850.7576082042759,-1.3690849918488624e-12
9607.225047991767,851.254408922928,7.632250217247238e-11
9608.291455831624,851.4431433259695,3.4954436831416383e-12
9609.22537131505,851.6084462461373,-5.887612088643164e-13
9609.766190338498,851.7041784894068,5.176543168097414e-11
9609.864967836813,851.7216640174387,9.230092839691797e-12
9612.340512955669,852.1599420885124,3.5452095243407885e-11
9613.043912590825,852.2844947038844,-1.6103963477770107e-11
9613.255190162012,852.3219078965137,1.1545322171101685e-11
9613.370448085956,852.3423182037857,-6.567346987463022e-11
9614.028071040862,852.4587772347535,-1.1675210605181575e-12
9614.171012530986,852.4840919236932,-2.1511359401471003e-11
9615.707498622814,852.7562247009779,-4.003755051889665e-11
9615.861404836487,852.7834860001773,8.661870864071027e-12
9616.21617748185,852.8463282910561,6.276592866982231e-12
9616.370083695514,852.8735910323869,4.789357803952366e-12
9616.749266846984,852.9407608916584,-4.43972201376158e-13
9616.887561005618,852.9652594725378,2.279643485029368e-11
9617.483861905714,853.0708972226835,-1.8133685186229667e-11
9618.50132467932,853.2511610727349,6.825501930270214e-12
9619.616715577618,853.448796756877,-2.2144497575965452e-11
9620.04553073949,853.5247844493229,2.956661404375371e-11
9620.448570812794,853.5962077851125,-3.250902192860052e-11
9621.887367195859,853.8512034574313,-2.8722123372687928e-11
9622.50792586265,853.9611958868439,2.747903445304188e-11
9622.725892984612,853.9998316826164,-5.007840892224904e-12
9623.589096382513,854.1528475295883,5.6022187208134956e-14
9624.305846432673,854.2799127375573,2.26270565746007e-11
9625.342843271585,854.4637679387923,1.6267997434537738e-12
9627.265211372056,854.80464815825,6.704557876620569e-11
9629.232650209735,855.1535909456833,-1.4124610487584516e-11
9629.674290888994,855.2319296499284,-4.965802820790122e-11
9629.74485992301,855.244447594888,9.564255185774306e-14
9630.082703613847,855.3043775410426,-7.970091183456424e-11
9630.374111984684,855.3560720347659,-6.69553043787166e-11
9630.64404912576,855.4039590275164,-1.0543155295309405e-12
9630.71988575595,855.4174127276632,4.067463683026353e-11
9632.156697290415,855.6723284534185,-5.657240064829708e-11
9632.37838600062,855.7116633297599,1.5784687985989678e-11
9633.821657977136,855.9677694308139,4.000661960540394e-12
9634.044587216791,856.0073312576465,-1.2167811316265124e-11
9636.294044394206,856.4065792642625,-6.347141099940625e-12
9636.44347501247,856.4331044650482,-2.2908433076342206e-11
9636.661194028242,856.4717521711951,6.821853741695175e-11
9636.974531846003,856.5273748807647,-2.2420022181424623e-12
9638.107071116074,856.7284346478932,-4.626656320517837e-12
9638.196849740521,856.7443740634059,-7.083064618282562e-11
9640.056464521127,857.0745659152603,-2.6309185244564206e-12
9640.79468579988,857.2056616135454,6.281257347051898e-13
9641.241279288337,857.2849739885816,-2.078003907406919e-11
9642.342728189882,857.4806005351572,5.005987396032201e-12
9642.4102625807,857.4925959355097,-4.606386305911043e-11
9643.16745503284,857.6270935585871,-8.285060943287714e-13
9643.883136288501,857.7542273920608,1.2294463518175576e-10
9644.39057461667,857.8443746057415,9.938569606291208e-11
9645.927203754185,858.1173881079188,1.7675942798765967e-11
9646.566475798225,858.2309806344931,1.9930818254489072e-11
9648.013097202373,858.4880592109648,-2.194835068319959e-11
9648.879879136462,858.6421131896631,3.7279491376849144e-11
9649.43861953545,858.7414259889457,-1.3506625092251346e-11
9650.369853533693,858.9069601005558,-7.36572621470634e-11
9650.66402944396,858.9592554848925,3.436547493983626e-12
9651.502898703064,859.1083892652633,-2.3864864837470425e-11
9651.6735811311,859.1387346937009,2.8132892361318944e-11
9652.180771352996,859.2289106142388,6.404370060483485e-13
9652.99058277451,859.3729009149057,-3.165910741146016e-11
9653.33864687044,859.4347929288186,5.551938327931843e-11
9653.349802327524,859.4367766052724,3.896625633456737e-11
9654.18437741661,859.5851882266909,-2.305400985757921e-12
9654.227129142475,859.5927910671597,4.0321262589353095e-11
9654.449762592414,859.6323840855314,-2.1680631712242973e-11
9654.53099087155,859.6468299082974,2.0173905358758748e-11
9655.398517122789,859.8011203398437,-5.0704954961299815e-12
9655.701863642824,859.8550741001851,-4.1929163478892014e-11
9656.371882581616,859.9742508864119,-1.746327864815375e-11
9656.380261190448,859.9757412483895,-5.410172164336328e-12
9657.819725516674,860.2318080696725,2.2161188875189233e-11
9658.375116485586,860.3306169711531,6.915993150438642e-11
9660.613427508923,860.7288896346992,-4.466495144850915e-11
9662.354100768114,861.0386791831853,-4.310834497882965e-11
9662.59518049343,861.0815888093363,4.0133419811167324e-11
9663.779623099239,861.2924225425477,-4.5479196672859195e-11
9664.727213468846,861.4611145955247,8.063790433400322e-14
9664.807773799776,861.475456879852,2.504352540193902e-12
9665.303503085717,861.5637149872861,-2.3178918312725875e-12
9666.842966440756,861.8378251342411,-1.8253457743754973e-11
9667.064731519793,861.8773152567029,-2.647327173064656e-11
9667.078902622749,861.8798387623096,-1.2077127917640756e-11
9667.318312287283,861.9224719685242,6.296544132865723e-11
9668.917952533602,862.2073572068166,-3.0374291600333254e-11
9669.388956526858,862.2912488532137,3.842954069539131e-12
9669.628366191337,862.3338922469616,6.502548132400985e-11
9669.648950053164,862.3375586717374,-2.7523401219183738e-11
9671.04138747919,862.5855995950585,1.030000328405644e-11
9671.229495072683,862.619110755619,2.1557349972491543e-11
9671.618049254563,862.6883333187968,-3.207005262117632e-13
9672.59469746088,862.8623395884496,2.8879711388359346e-13
9673.918732125265,863.0982666424015,9.161570073130791e-12
9674.115390063862,863.1333114764019,-4.6287006359292264e-11
9675.213909374588,863.3290828966777,8.983234832988128e-12
9675.218633075567,863.3299247738918,-1.0897678648955497e-13
9675.513171455019,863.3824194145046,-1.6377459369671248e-11
9676.672783711158,863.5891089576767,1.322871508872312e-11
9676.898060647663,863.629265241783,-2.647185388946649e-13
9677.067597912577,863.6594863801095,7.682286907329271e-11
9677.549986471211,863.7454782263653,-9.007271282181794e-13
9677.641578206152,863.7618060928194,-7.628781931305198e-12
9677.779681630434,863.7864257927306,3.995981579282823e-11
9678.830620458299,863.9737881856687,-6.261713961480978e-11
9679.371563531085,864.0702359722226,-4.738869775768581e-12
9680.169341433846,864.2124861235382,4.732981448222484e-12
9683.697991635854,864.841813155989,-4.4345935312710105e-12
9684.466291858675,864.9788682239644,3.461284894204228e-11
9685.198005008666,865.1094067287579,-5.4354986561975206e-11
9687.089979364511,865.4469829458895,3.0370570707875616e-11
9687.36600478753,865.4962383947297,4.2213435183291405e-11
9687.96929102381,865.6038968946128,5.102259879098701e-12
9690.599162178954,866.0732847438871,-1.1691467253400296e-12
9691.273637713392,866.1936878303625,1.644638603468123e-11
9691.418621421964,866.2195704949872,1.897685493171895e-11
9691.478845996804,866.2303219717639,1.5953770630096545e-12
9692.153588634288,866.3507836752208,4.0002868559279507e-11
9693.033749666587,866.5079312993325,-1.1197745220564918e-10
9694.30193029293,866.7343826546248,-1.2217258942864666e-11
9695.159169454486,866.8874714555998,8.139076076459946e-13
9696.06402709279,867.049078817946,4.2815824484161543e-13
9696.37281294414,867.1042313503306,7.525815730188184e-11
9697.346178399179,867.2780965675736,4.6594541841491815e-14
9697.413712789647,867.2901603937752,5.802952491234684e-12
9698.770364829319,867.532520117762,3.7401834804733354e-11
9699.182871298752,867.6062192462299,1.9192000012992507e-13
9700.077298800155,867.7660299970087,-1.3556790417801814e-12
9701.381150444351,867.9990205096949,1.984258957102604e-12
9702.518957303626,868.2023653971779,-1.1012350964534632e-11
9703.74325072943,868.4211934986689,-8.310365952553775e-13
9704.127844524042,868.48994083119,-2.465468995758843e-11
9704.95071056794,868.6370398375265,2.5226724717640902e-11
9706.73269459349,868.9556375741167,1.223109451606884e-11
9707.612072931752,869.1128816096871,-6.197312369468296e-11
9707.999062107367,869.1820847118244,2.982557240852989e-13
9708.331390093643,869.2415152620058,-1.7946844413249263e-12
9708.715611729247,869.3102285417597,2.364427316682652e-12
9709.037595256765,869.3678134012002,-2.4550282078987195e-11
9709.111198933333,869.3809772538666,2.4144996410707106e-11
9709.527188573855,869.4553779450001,8.848975074865373e-11
9710.355074107585,869.6034566359523,2.6067776123350917e-11
9710.741586068518,869.6725939284246,-1.3438313272055864e-11
9710.933968833864,869.7070074041338,-1.9812259664445796e-11
9712.201309773614,869.9337266975402,-1.3269851225845427e-11
9712.37251709863,869.9643568755699,-7.800115341217845e-12
9712.509322620634,869.9888327205155,-1.255744909581587e-11
9713.22995668123,870.117766888093,1.065385882616386e-10
9713.369672793366,870.1427656765678,-8.977439527899249e-13
9713.919042156565,870.2410654033638,8.584268113789429e-11
9714.174063874916,870.2866988239542,-9.875125647950715e-13
9715.537720249853,870.5307309398726,-1.3913953727091958e-14
9715.928726802884,870.6007095468535,-5.009916407791076e-12
9716.314494445929,870.6697533038333,1.2591585212383349e-11
9716.409149509798,870.6866948563911,-6.745368831597451e-12
9717.121299905608,870.8141622498598,-5.190404986433298e-11
9717.688342540207,870.9156635686359,-1.3238882963822796e-13
9717.883387789674,870.9505782737001,-3.3873145964337585e-12
9718.212709818734,871.0095312180323,-3.998728999622117e-11
9718.392066643757,871.0416392725181,1.45665484203902e-11
9719.95634134197,871.3216973239709,-1.3650096671887312e-11
9720.123073071793,871.3515505982236,-1.8929631027761314e-12
9721.71682544926,871.6369374023554,7.182305426466247e-11
9721.717941925788,871.6371373417003,-4.386764103267967e-11
9721.92054509672,871.6734200298399,2.0982186380944942e-11
9723.192351941263,871.9011956862747,-4.2267535241118126e-11
9723.443050803447,871.9460983923593,-6.559898050663465e-12
9725.30229341018,872.2791437106694,-7.673305137165066e-13
9726.28196656567,872.4546577521811,4.738617949829352e-11
9727.27862604732,872.6332331329367,-1.4461547538895123e-12
9728.760374563839,872.8987576387988,3.3652150859480432e-12
9729.179522899629,872.9738749931817,-9.797300067971108e-13
9730.828470671158,873.269421339286,4.076454575848025e-11
9731.149414091045,873.3269509096614,-8.388214474659499e-13
9732.689077859028,873.6029642431082,-5.093969090194545e-11
9733.754512259782,873.7939887163678,-1.1199382222323215e-11
9734.011022613025,873.8399822403226,1.1665814669221966e-13
9734.383220420077,873.9067212291516,-3.9442594250217285e-12
9736.445380982057,874.2765345841353,1.7199525528405072e-11
9736.548958549694,874.29511152188,1.1418549961800828e-11
9737.96955674738,874.5499198794016,2.6516304311140577e-11
9738.025133990563,874.5598893553058,1.409051535365929e-11
9738.171787759162,874.5861964606971,-1.772943271887814e-11
9738.837082991784,874.7055436933919,5.838446032268179e-11
9738.92667088183,874.7216154772183,7.385400330733264e-11
9739.646522247827,874.8507598997704,-2.0316444830258622e-11
9739.810448442948,874.8801702966073,7.337043334993632e-12
9740.503265193947,875.004475699673,-8.63211025737578e-11
9740.882448340946,875.07251260505,-8.331551130580555e-11
9741.56345099501,875.1947116927008,-4.65522523994627e-11
9743.254215438914,875.4981393279033,-8.42041712324436e-12
9744.333916308251,875.6919319430426,2.2409447080736583e-11
9745.693221137237,875.9359404590051,-4.222951602582596e-12
9747.21818890232,876.2097276037798,-4.595782948723201e-11
9748.535190533863,876.4462117414217,-2.697720008130809e-12
9750.46616632936,876.7930003949773,-1.312001146251113e-11
9750.831350109494,876.8585923639416,-1.6333257073970157e-11
9751.749586844866,877.0235310126886,-7.12898462042552e-11
9752.878824356476,877.226392057162,-2.037377149383553e-11
9753.386262679429,877.3175580917795,-2.8986450623887652e-11
9755.522713859347,877.701443527479,-1.3216077863621828e-11
9755.971788401908,877.7821455933205,-2.0488004651532732e-11
9756.222487263325,877.8271996761373,-2.9217950691899564e-12
9756.694359623347,877.9120048625454,1.65699043859598e-11
9756.936927981886,877.9556009910509,1.9611986543180696e-12
9759.302062897781,878.380736839538,-3.939129228845701e-11
9759.960926373069,878.4991866931193,3.491091574579378e-12
9760.65950693068,878.624785580284,1.161679543923354e-11
9761.174798964059,878.7174364990864,8.454615299277203e-12
9761.267860336433,878.7341697101372,-8.96340052300038e-15
9761.423455605858,878.7621473938682,2.6134787840680418e-12
9761.601323794795,878.7941305316219,-3.202272199890279e-11
9762.023878931219,878.8701140723276,-3.206409325054234e-11
9763.725006827814,879.1760428604248,7.510301084597511e-11
9763.913438895122,879.2099335353961,-4.6611670200663324e-11
9764.986727003577,879.4029835251393,-4.26113493785529e-11
9765.097881489663,879.4229778525677,-3.6112754115671763e-12
9766.703591007456,879.7118362270658,-1.0378855761697554e-11
9768.906211992342,880.1081529743207,-2.1460848553740485e-11
9769.211667409241,880.1631205061768,7.698479168618196e-13
9770.667764884758,880.4251728259629,-4.517442142643221e-11
9771.192475633366,880.5196140361859,-1.3231658772499e-11
9773.170945848351,880.8757589333603,8.788041023199408e-11
9773.94156507631,881.014497797239,-7.539261403043382e-15
9774.596468164662,881.1324122397585,-1.7738223440696792e-11
9775.81086565197,881.3510838235005,5.623216805699066e-13
9778.14853641771,881.7720951064288,1.2993433054353472e-11
9779.371550930291,881.9923984433913,1.2065225332464062e-10
9780.076572931626,882.1194075750834,-8.190415750301043e-12
9780.247579833054,882.1502157070184,4.824439828291966e-11
9781.128380120072,882.3089067913212,6.147989439285975e-12
9781.933696939532,882.4540107572916,-1.361295551044527e-10
9782.154145117152,882.4937337350523,-7.115812822766409e-11
9782.52676276477,882.5608784553293,-2.8505734947270803e-12
9783.533833380487,882.7423627293671,1.0740034171844772e-11
9783.764692697341,882.7839685370266,-1.843029981571872e-12
9783.885151534943,882.8056781967442,-4.339964233484092e-12
9784.46754842595,882.9106442808138,6.379708379690268e-11
9784.633469156497,882.9405495149098,-1.099819293825644e-13
9784.819591900843,882.9740965247001,4.3429391419505193e-11
9785.13310145058,883.0306053436045,-6.248132317354523e-12
9785.135954668349,883.0311196327954,-1.940226458520027e-11
9785.968067685406,883.1811134374027,4.1862897674107126e-12
9786.173275967014,883.2181055306472,-5.271873696771509e-11
9788.034007198294,883.5535676683166,-8.505732695089785e-12
9788.495038886476,883.6366946764732,-1.8559355097537226e-11
9789.105205401484,883.7467176826224,-2.7066587265618436e-12
9790.174237332129,883.9394981647652,-3.635775558813418e-11
9790.49189800129,883.9967865510223,-1.4685888220040778e-11
9790.999937590006,884.0884126109715,2.9062671229801028e-11
9792.305478281049,884.3238915604021,4.8382298967190076e-11
9793.446176723613,884.5296637941308,2.0824816961031017e-13
9794.387650112225,884.699515588772,1.1204204693391596e-11
9794.70926147834,884.7575414351156,1.018637116937045e-12
9794.71112227254,884.757877169336,1.831598756795117e-11
9796.053879989224,885.0001611676705,7.950400024739198e-11
9797.366978601147,885.2371256680667,6.771449810323453e-12
9797.520884812187,885.2649019818119,-2.741600543489211e-11
9797.599756084252,885.2791364900144,3.6074043738219703e-12
9797.681032045686,885.2938051109801,1.647296886378785e-11
9799.074490564828,885.545314324828,7.216083315630949e-11
9800.228711158565,885.7536699021698,4.464523474630496e-12
9800.330446928609,885.772036039087,-3.8465251299169426e-11
9801.591098306997,885.999634504596,4.1553112341405635e-11
9803.312380527781,886.3104427069054,-7.490031246428811e-12
9804.784805684993,886.5763586398504,-5.580915425357378e-13
9805.327189703408,886.6743217666118,-6.722230247752307e-11
9806.300555148602,886.8501405399677,1.8894392510671707e-11
9806.391507620505,886.8665701553376,-3.10860698375981e-11
9806.53686348637,886.8928274927373,-8.520828051412262e-12
9806.831611973688,886.9460725688805,-8.33406259294276e-12
9807.509360560834,887.0685110748793,3.912913157620438e-12
9807.809624750114,887.1227579336171,9.243847592354056e-13
9808.185343720512,887.1906390763896,-7.058810816921036e-11
9810.61657206306,887.6299519320858,-5.832427887733311e-12
9811.608030621448,887.8091356272754,4.50373210077395e-12
9812.804334990979,888.0253646722272,9.196153981457397e-12
9812.928314994142,888.0477752576469,-2.5819703314767337e-11
9813.224647483416,888.1013413700853,2.1872103943040014e-11
9813.5026674393,888.1515987147178,-1.07805085340775e-10
9813.654388380472,888.1790257336196,-5.810600766615102e-11
9814.094063202176,888.2585093758072,-3.8396138059454826e-11
9814.503792818996,888.3325827818795,-2.3637819705124704e-13
9815.121688990357,888.4442956489399,-1.305768765500426e-12
9816.31575071751,888.6601966016113,-1.297570596386965e-12
9816.807529299389,888.7491238150747,7.221210160610988e-11
9817.552144327516,888.8837793531007,4.320066098586619e-11
9818.295318403623,889.0181844943564,-1.1562729572428909e-10
9819.391375637913,889.216428123623,5.871863046611248e-11
9820.49657479569,889.4163476577285,9.744146972596723e-12
9822.898096347593,889.8508365828334,-6.713718705751798e-11
9823.762273155677,890.0072114754935,-2.4220760736949836e-11
9824.041457271198,890.0577334594004,-8.569720628079553e-12
9824.674688704677,890.1723302153771,-6.098561068668274e-11
9825.791921378413,890.3745353482144,-3.323819516647188e-12
9826.251283004362,890.4576807244118,1.2917072669627593e-11
9827.386093582583,890.6631003788152,4.407024765868361e-11
9827.676805313755,890.7157278709868,4.463545659769741e-12
9829.2089111466,890.9931104352761,-5.404092520631088e-13
9829.335505950412,891.0160319291234,4.760277862794518e-11
9830.916232371792,891.3022660920585,-3.4770508801434395e-12
9831.276969240382,891.3675939127031,1.980095856282281e-11
9831.871151539463,891.4752028743123,-8.237466877149415e-12
9836.273664317736,892.2727194211244,-6.3110507877782395e-12
9837.756061770315,892.541336525538,-9.814819446212057e-13
9839.41035349104,892.8411494390748,5.858429559842124e-12
9840.730437437896,893.0804289050824,-8.839276627138223e-13
9842.506037368543,893.4023261870044,-9.009680350310383e-12
9843.813314794712,893.6393587256694,1.688020036485083e-11
9843.911825187757,893.6572216792415,-6.43885183118643e-13
9844.689715851167,893.798283377721,-9.07889837419281e-12
9845.075712598327,893.868283672216,-4.0509188084994445e-13
9845.17210440232,893.8857647002948,-6.377086357676677e-11
9845.479916823064,893.9415888244062,-2.0628783908102047e-11
9846.010152959023,894.0377552740478,2.871433242023247e-13
9847.432239777809,894.295698084838,-4.5030429439242375e-12
9849.016869210272,894.5831672954654,5.034791698658295e-12
9850.060326469602,894.7724871782497,1.0032987094122076e-11
9850.506719526862,894.8534847199626,1.6395295338405296e-11
9851.42234145304,895.0196348230648,8.605159223401228e-11
9851.516395248216,895.0367028378938,6.061609295376971e-11
9852.396079053007,895.1963476265514,1.172174013554281e-11
9852.48976068934,895.2133497854652,1.1960292194559338e-11
9852.526576870221,895.2200315507282,-2.8988704257413768e-12
9853.096453718312,895.3234616315631,1.861067715332245e-12
9855.128688050323,895.692351713524,3.783653647361476e-13
9855.231292190481,895.7109783792749,2.4175706063893916e-11
9855.23885011193,895.7123504453845,-5.046780104105903e-13
9856.105231184334,895.869640359351,-1.076827030929657e-10
9857.101938337504,896.0506078403256,5.548529273797753e-13
9860.349686623265,896.6404133514058,1.435809947020409e-11
9861.03104243152,896.7641752490713,1.4999098400729473e-11
9861.835061343329,896.910228749664,-6.947339773035623e-12
9863.045183648504,897.1300751308272,7.050206145030391e-14
9863.265507771555,897.1701049473248,3.089614183415804e-11
9863.500642259241,897.2128265866331,2.9241228346936834e-11
9863.635816093843,897.2373868128566,1.4822338502869906e-11
9863.994930584115,897.3026372671459,-2.8765340457000318e-11
9865.698921371632,897.6122816947417,1.9290736943795573e-11
9865.921106288812,897.6526604565671,-3.9102021275630483e-11
9866.895445155029,897.829742606188,9.480835564594394e-12
9867.35791779188,897.9138012582719,3.147444940191275e-11
9867.95662336742,898.0226273506415,1.7429413569337377e-12
9868.258280823638,898.0774618155631,1.0323342059966203e-12
9869.372431166556,898.280003537298,-4.950839821365523e-12
9869.93437793351,898.3821686819683,-5.039363170524408e-12
9870.629876157698,898.5086223023137,-1.7188875946880295e-11
9870.774287282538,898.5348798625635,-2.4536713909194184e-12
9870.935083465878,898.5641170889312,-1.6045145822190866e-11
9871.191593815907,898.6107588035769,-2.6283127753084084e-11
9872.017294067724,898.7609055195006,4.822838091632411e-12
9872.13699889773,898.7826738884921,9.626810708499017e-13
9872.459430948815,898.8413095929737,3.850547320713003e-11
9873.238123300256,898.9829261623759,-3.1372395885218826e-11
9876.143103774812,899.5113378207307,-8.73601207472635e-12
9876.210638164168,899.5236240753703,2.915477323340404e-11
9876.276063653451,899.5355267465845,-3.38322444900482e-11
9876.60654983763,899.595652353273,-5.714117248373059e-11
9876.845959497537,899.6392095942169,-6.326402695518774e-11
9877.048562665594,899.6760712332975,5.424921706307536e-13
9878.561210795679,899.9513064704714,-9.577633837542154e-11
9878.933456281204,900.0190451915613,2.375602478211296e-13
9879.112841789763,900.0516894671026,3.5630405476848456e-13
9880.535902030677,900.3106765984012,1.2792832351548234e-12
9880.873573977326,900.3721360355745,4.977432079901183e-12
9881.142909844617,900.4211591760552,4.459725355469818e-11
9881.736777354545,900.5292566319326,2.2928110491934457e-13
9882.342048427181,900.6394364816799,-1.1556336781428545e-10
9882.684062226868,900.7016975691467,6.534371481567364e-11
9886.746546032633,901.4414075589516,2.405290427508274e-11
9888.303930733473,901.7250617369729,5.448478753882431e-13
9888.375740295252,901.7381418451463,5.7229299522447386e-11
9890.069481987255,902.0466843541755,2.6946818017906272e-11
9890.419807714767,902.1105084605337,1.197039972319934e-10
9890.689449060066,902.1596346192466,2.68728473923051e-13
9892.318891428005,902.4565324459379,-9.5071233151108e-12
9893.556620925789,902.6820896453181,-3.6007280381801063e-12
9893.926757510744,902.7495468369497,1.900461414127986e-11
9894.821328046359,902.9125922516318,-3.705554124747741e-11
9895.030811498435,902.9507750673481,-5.973303701822278e-12
9895.261976291207,902.9929107068446,3.1425538158214645e-12
9896.680312829185,903.2514600191287,-6.746034901992561e-12
9896.80164003618,903.2735785399213,-6.936396250993513e-11
9897.18076580544,903.3426966993183,2.3741623603783134e-11
9898.617453251556,903.6046422314145,1.2509234067105876e-11
9898.94236636079,903.6638876235093,1.025155052814079e-12
9900.168940401014,903.8875614389533,-2.876506974597556e-11
9902.23997575233,904.2652912109443,-6.566460403015712e-11
9903.665498052014,904.525333749773,1.0085916945777e-11
9904.67851388985,904.7101499704852,2.789400181118831e-11
9907.014590937311,905.1364196419829,1.3424833743368955e-12
9907.313853011381,905.1910339856921,3.2135891752020486e-11
9909.316609654557,905.5565729456216,4.449720838841269e-11
9909.326133425884,905.558311380986,6.374224116058898e-12
9909.528736593355,905.5952942388359,-9.775945382042821e-12
9910.817968581578,905.830646296527,4.560392935170934e-11
9911.176844653413,905.8961653388448,1.027334260451663e-10
9913.154045627773,906.2571801616027,8.697734559001913e-12
9913.73918136575,906.364033223602,2.14493660880577e-13
9915.22607340027,906.6355865747834,-3.4109487529384717e-12
9915.879468847721,906.7549300582411,3.3954889580135705e-13
9917.634007690533,907.075437651444,1.8192991992299474e-11
9918.680976801084,907.2667180836974,2.524449735224856e-12
9919.231787105975,907.3673587985415,5.324448675680559e-11
9919.86710843692,907.4834477956646,6.824040084713269e-12
9921.781947249945,907.8333814126864,-3.678387485817737e-12
9921.997375934641,907.8727548743085,-7.100906314345813e-11
9922.168382833883,907.9040100653906,-5.005653317856919e-11
9922.325199633287,907.9326721838296,-9.335121764032137e-12
9922.498353807727,907.9643208847224,3.1441775302752997e-11
9922.883940018239,908.0347993832866,3.382180849413832e-12
9923.815173993095,908.2050241618537,1.844444139485734e-11
9924.567270565933,908.3425152056957,1.6298560017220334e-11
9924.794780450342,908.3841084218565,-1.682810821432398e-11
9924.913693278728,908.4058483709059,2.6651513708081207e-11
9925.118901557767,908.4433656887388,-7.04472840873996e-12
9925.34907392636,908.4854480031314,1.6343768006596558e-11
9926.795122712128,908.7498508008333,-9.757497981398767e-12
9927.065632427175,908.7993164278607,-4.957329776886638e-11
9927.316359970893,908.8451658745972,1.3858927316030244e-11
9927.536636409302,908.8854478167855,6.043750338420081e-12
9928.553421516739,909.0713988477481,2.3713315480198927e-11
9928.696172269167,909.0975068223025,7.360248161326169e-11
9928.843837456008,909.1245140027104,1.2696969800248375e-12
9929.54190279398,909.2521918925386,-2.1592760544706432e-12
9930.562991759889,909.4389677767797,-4.621099449224383e-13
9931.124938523793,909.5417663314305,-3.3318826200062674e-14
9931.265045789209,909.567397466628,-5.549356434411532e-12
9931.304495767854,909.5746144862024,-5.702350625123216e-12
9931.975010901504,909.6972835973066,3.573245751569061e-11
9932.623835386237,909.8159923412389,-5.169151374738242e-13
9934.058747711493,910.0785510325261,1.118449276428617e-11
9934.328885267534,910.127984749981,-1.4879892382365993e-11
9934.59803040001,910.1772381961074,-2.500586629513446e-11
9935.089656237573,910.267208962563,-7.641926422541085e-14
9937.13713045051,910.6419581117678,3.10389331381875e-12
9937.224943222587,910.6580322080291,1.1388382740050396e-11
9937.357654994617,910.6823253195917,-2.0257636507317387e-12
9937.591921110146,910.7252089151935,1.7445028876814507e-13
9938.789561362424,910.9444588069142,-3.513399898250347e-11
9940.763632322181,911.3059061684429,-1.5767082707609522e-11
9942.310777612805,911.5892347044321,-5.766170964620285e-11
9942.469283469773,911.6182643535344,3.791854534349736e-11
9943.73632859363,911.850334719636,3.292204745697358e-12
9944.673698533426,912.0220412320289,-1.895073788878558e-11
9944.67481500993,912.0222457567578,-5.398141598929133e-12
9945.10920323325,912.1018220654784,1.0605626124669739e-11
9946.688507683595,912.3911667931621,-6.367828219855855e-11
9947.194085203519,912.4838034739589,6.302159404642606e-11
9947.788467918976,912.5927179018105,-4.9256649521991716e-11
9947.855009884346,912.6049114273972,5.389559415869216e-11
9948.515982248518,912.7260361657591,9.218208831798135e-11
9948.958491285453,912.8071314836467,4.101051454153169e-12
9949.030281849637,912.8202883428715,8.780718252405186e-12
9949.120260894031,912.8367786888986,-4.775879032995444e-11
9949.338094267543,912.8767013542035,1.714322739451274e-11
9949.495588703645,912.905566151898,1.729398084242652e-11
9949.681730442453,912.93968187403,-8.11810438811357e-12
9950.802293536053,913.1450701427856,1.99758252987687e-13
9951.333522090617,913.2424472293723,-8.864898974078592e-11
9952.255585453488,913.4114788065201,-7.78658686939202e-12
9953.084606442724,913.563467335084,3.2563219619840985e-12
9953.137206414156,913.5731111757709,2.0706924968049975e-11
9953.407143547243,913.622603082626,3.626020602011087e-11
9953.614661148331,913.6606515274657,-1.185177119956447e-12
9955.232203732798,913.9572558727056,-5.776396983033814e-12
9955.421656906597,913.9919985344111,-5.748665624114545e-12
9955.561392012878,914.0176241267079,9.470858173585677e-12
9956.537419929216,914.1966249210828,5.058632232105993e-11
9958.267729685702,914.5140020288728,-8.795339913437373e-11
9958.643324598117,914.5829017342545,1.3610923713230719e-11
9960.173369196458,914.863602311007,2.5826394138835754e-11
9961.441034583078,915.0961997035835,-2.7843131284265874e-11
9961.774498035451,915.1573901124945,-3.315822040634132e-11
9961.890929804556,915.1787557775858,8.259831256836666e-13
9963.142677658223,915.4084719641061,1.3355743021984653e-13
9964.044481634322,915.5739856177353,2.9276351771321384e-13
9964.793228775006,915.7114191875788,2.771735458590509e-13
9965.1045243639,915.76856096134,-8.555306531278021e-12
9966.47906906159,916.0208952983995,-7.345009043387565e-12
9967.456833718225,916.2004112610056,1.340943866416349e-11
9969.818132256423,916.6340143593135,-1.884522092995388e-11
9970.623773537753,916.7819770329063,-3.21670553281019e-11
9970.637763215029,916.7845464582618,-1.2781127784237886e-11
9971.449292357045,916.9336027826922,5.037274299960754e-11
9973.941766347312,917.3914798270579,-1.4894770347690772e-14
9973.99945248937,917.4020783478206,7.82355652979472e-12
9974.481411503823,917.4906297854063,-5.09967056969753e-12
9974.571619656695,917.5072044120756,2.1187900134544613e-11
9975.964276463865,917.7631068080779,2.757575373062799e-12
9975.97976446543,917.7659529482286,-3.121905593033341e-12
9976.995184986177,917.9525605249571,-4.732708085781423e-12
9977.232981955689,917.9962640964712,5.1369189041485166e-11
9977.502623298937,918.0458214538586,-1.860056947467744e-11
9978.178663820749,918.1700767668099,-1.1092435874014289e-11
9981.171438043011,918.7202456588133,-2.3486536385633574e-12
9982.343427255995,918.9357402142389,-6.32624882965109e-11
9982.48291425606,918.9613894808008,6.147570403023352e-12
9983.00477177702,919.0573533057419,4.7432733172795625e-11
9983.114561678545,919.0775430927813,2.0760384378092755e-12
9984.01755849914,919.243607895096,1.4199558604128718e-12
9984.104732008926,919.2596402544872,1.4269924150935646e-11
9984.188565397459,919.2750584535213,4.175309277745324e-11
9984.241213052132,919.2847412014183,-7.044219057345501e-12
9984.429645115724,919.3193972978122,7.733759480131764e-11
9984.50988096887,919.3341543344869,-4.934553776141277e-12
9988.108527524024,919.9961419712456,-5.904429779331669e-14
9988.237899174217,920.0199449253216,3.77176138043826e-13
9988.313735801934,920.0338981701592,5.707857987745514e-12
9988.329347856425,920.036770658329,-1.0680461992575266e-11
9988.809789548775,920.1251701286003,2.8279074786357075e-11
9989.168837354493,920.1912363549749,-1.2384724969811792e-11
9989.374045632383,920.228996561937,1.254518766401609e-12
9990.639401693239,920.4618508317011,-1.2601029929981595e-11
9991.44921308984,920.6108900091481,-3.360070353486091e-11
9992.207197518972,920.7504018015152,2.320910978359584e-11
9992.539124651737,920.8114984059822,-1.555780023772885e-11
9993.063959442909,920.9081069539434,5.437454531435524e-12
9995.228409309455,921.3065799583478,-3.6151609379964342e-12
9995.388508856762,921.3360575488061,-1.1406076973474024e-11
9996.637670592178,921.5660699036245,1.0584083218430654e-11
9997.22509665124,921.6742445777242,3.0823992070638414e-11
9998.544064103224,921.917155964347,-4.542649554268187e-14
9999.766362960321,922.1422927136948,4.905130183794824e-12
9999.99722227274,922.184818067916,5.722243847534036e-12
