CMA-ES with LHS + Normalized Space on CUDA
  Loss: EDR
  Available losses: MSS, SC+LogMag, CQT_L1, CQT+LogDec, Mel, LSD, L1_STFT, L1_STFT_1024, MultiResCQT, VQT, Gammatone, Envelope, ESR, FreqDecay, Subband, ModalDensity, Dispersion, CentroidTraj, OnsetDisp, NullPattern, GroupDelay, ComplexSTFT, InstFreq, Scattering1D, SoftDTW_Mel, L1, L2, L1_STFT_512, L1_STFT_2048, L1_STFT_8192, L1_STFT_multi, L1_STFT_log, L1_STFT_sc, L1_STFT_log_multi, L1_STFT_sc_multi, L1_STFT_log_sc, SmoothMSS, SmoothMSS_resmatch, L1_STFT_c2, L1_STFT_pow, SOT, SOT_lin, SOT_lin_paper, Mel_linear, L1_STFT_log_masked, L1_STFT_masked, SI-SDR, EDC, EDR, MFCC, SpectralOT_LP
  Trials: 20
  Duration: 0.25s
  Search: normalized [-1, 1] space; expanded to physical bounds for synthesis
  sigma0: 0.6
  tolfun: 1e-05
  tolfunhist: 1e-05
  pruner_min_resource: 15
  pruner_reduction_factor: 3

============================================================
[1/50] random_IR_0001.npz
  GT loss: 0.066924
  terrain_mean=194.383163  early_threshold=1.912928  (alpha=0.0095)
  tolfun=1.01 tolfunhist=1.01  (frac=0.0052 of range=194)
    --> Trial 0 | pop=39 seed=32745 x0_norm_min=-0.944 x0_norm_max=0.730
        [Trial 0] gen   20  evals=  780  best=27.3377
        [Trial 0] gen   40  evals= 1560  best=27.3377
        [Trial 0] gen   60  evals= 2340  best=27.3377
        [Trial 0] gen   80  evals= 3120  best=27.3377
        [Trial 0] gen  100  evals= 3900  best=24.9941
        [Trial 0] gen  120  evals= 4680  best=24.6120
        [Trial 0] gen  140  evals= 5460  best=24.4255
        [Trial 0] gen  160  evals= 6240  best=23.1721
        [Trial 0] gen  180  evals= 7020  best=23.1721
        [Trial 0] gen  200  evals= 7800  best=22.5512
        [Trial 0] gen  220  evals= 8580  best=22.5512
        [Done] Trial 0 best=22.5512
    --> Trial 1 | pop=47 seed=49139 x0_norm_min=-0.937 x0_norm_max=0.907
        [Pruned] Trial 1 at gen 15 (loss=29.9717)
    --> Trial 2 | pop=30 seed=74199 x0_norm_min=-0.344 x0_norm_max=0.824
        [Trial 2] gen   20  evals=  600  best=25.5385
        [Trial 2] gen   40  evals= 1200  best=25.5385
        [Trial 2] gen   60  evals= 1800  best=25.5385
        [Trial 2] gen   80  evals= 2400  best=25.5385
        [Trial 2] gen  100  evals= 3000  best=24.5822
        [Trial 2] gen  120  evals= 3600  best=24.5822
        [Pruned] Trial 2 at gen 135 (loss=24.5822)
    --> Trial 3 | pop=49 seed=22661 x0_norm_min=-0.797 x0_norm_max=0.622
        [Trial 3] gen   20  evals=  980  best=24.0548
        [Trial 3] gen   40  evals= 1960  best=21.3897
        [Trial 3] gen   60  evals= 2940  best=21.3897
        [Trial 3] gen   80  evals= 3920  best=21.3897
        [Trial 3] gen  100  evals= 4900  best=21.3897
        [Trial 3] gen  120  evals= 5880  best=21.3897
        [Trial 3] gen  140  evals= 6860  best=21.3897
        [Trial 3] gen  160  evals= 7840  best=21.3897
        [Trial 3] gen  180  evals= 8820  best=21.3897
        [Trial 3] gen  200  evals= 9800  best=21.2904
        [Trial 3] gen  220  evals=10780  best=21.2270
        [Done] Trial 3 best=21.2270
    --> Trial 4 | pop=34 seed=65345 x0_norm_min=-0.947 x0_norm_max=0.785
        [Pruned] Trial 4 at gen 15 (loss=29.9802)
    --> Trial 5 | pop=38 seed=53362 x0_norm_min=-0.748 x0_norm_max=0.981
        [Pruned] Trial 5 at gen 15 (loss=28.8970)
    --> Trial 6 | pop=42 seed=1399 x0_norm_min=-0.929 x0_norm_max=0.732
        [Pruned] Trial 6 at gen 15 (loss=30.7575)
    --> Trial 7 | pop=30 seed=8640 x0_norm_min=-0.779 x0_norm_max=0.922
        [Pruned] Trial 7 at gen 15 (loss=26.9219)
    --> Trial 8 | pop=48 seed=25061 x0_norm_min=-0.814 x0_norm_max=0.843
        [Trial 8] gen   20  evals=  960  best=23.0869
        [Trial 8] gen   40  evals= 1920  best=23.0869
        [Pruned] Trial 8 at gen 45 (loss=23.0869)
    --> Trial 9 | pop=45 seed=65280 x0_norm_min=-0.955 x0_norm_max=0.770
        [Pruned] Trial 9 at gen 15 (loss=29.2325)
    --> Trial 10 | pop=59 seed=99715 x0_norm_min=-0.841 x0_norm_max=0.672
        [Pruned] Trial 10 at gen 15 (loss=27.4840)
    --> Trial 11 | pop=55 seed=29315 x0_norm_min=-0.781 x0_norm_max=0.859
        [Trial 11] gen   20  evals= 1100  best=23.2877
        [Trial 11] gen   40  evals= 2200  best=23.2877
        [Pruned] Trial 11 at gen 45 (loss=23.2877)
    --> Trial 12 | pop=53 seed=27924 x0_norm_min=-0.402 x0_norm_max=0.428
        [Pruned] Trial 12 at gen 15 (loss=27.6824)
    --> Trial 13 | pop=40 seed=39695 x0_norm_min=-0.863 x0_norm_max=0.955
        [Pruned] Trial 13 at gen 15 (loss=27.2588)
    --> Trial 14 | pop=53 seed=17904 x0_norm_min=-0.897 x0_norm_max=-0.091
        [Trial 14] gen   20  evals= 1060  best=25.4533
        [Trial 14] gen   40  evals= 2120  best=25.2878
        [Pruned] Trial 14 at gen 45 (loss=25.2878)
    --> Trial 15 | pop=36 seed=39776 x0_norm_min=-0.690 x0_norm_max=0.990
        [Pruned] Trial 15 at gen 15 (loss=25.7542)
    --> Trial 16 | pop=43 seed=16111 x0_norm_min=-0.776 x0_norm_max=0.982
        [Pruned] Trial 16 at gen 15 (loss=29.8563)
    --> Trial 17 | pop=50 seed=40919 x0_norm_min=-0.863 x0_norm_max=0.835
        [Pruned] Trial 17 at gen 15 (loss=31.9400)
    --> Trial 18 | pop=34 seed=13584 x0_norm_min=-0.933 x0_norm_max=0.907
        [Pruned] Trial 18 at gen 15 (loss=28.3153)
    --> Trial 19 | pop=58 seed=28818 x0_norm_min=-0.948 x0_norm_max=0.822
        [Pruned] Trial 19 at gen 15 (loss=29.2009)

  Winner: Trial 3, loss=21.226974 (684s)
    Restarts run: 20
    mu: 31.258967
    D_mu: 2.969081
    T0_mu: 4.527864
    Ly: 3.988455
    op_x: 0.897082
    op_y: 0.694717
    NMSE: 0.042784
  [Saved] random_IR_0001

============================================================
[2/50] random_IR_0002.npz
  GT loss: 57.803020
  terrain_mean=631.064636  early_threshold=63.249006  (alpha=0.0095)
  tolfun=2.98 tolfunhist=2.98  (frac=0.0052 of range=573)
    --> Trial 0 | pop=38 seed=61010 x0_norm_min=-0.944 x0_norm_max=0.730
        [Trial 0] gen   20  evals=  760  best=22.8262
        [Trial 0] gen   40  evals= 1520  best=20.2963
        [Trial 0] gen   60  evals= 2280  best=18.4758
        [Trial 0] gen   80  evals= 3040  best=18.4758
        [Trial 0] gen  100  evals= 3800  best=18.4758
        [Trial 0] gen  120  evals= 4560  best=18.4758
        [Trial 0] gen  140  evals= 5320  best=15.2528
        [Trial 0] gen  160  evals= 6080  best=15.2528
        [Trial 0] gen  180  evals= 6840  best=15.2528
        [Trial 0] gen  200  evals= 7600  best=15.2528
        [Trial 0] gen  220  evals= 8360  best=15.2528
        [Trial 0] gen  240  evals= 9120  best=14.3541
        [Trial 0] gen  260  evals= 9880  best=14.3541
        [Trial 0] gen  280  evals=10640  best=14.3541
        [Trial 0] gen  300  evals=11400  best=14.3541
        [Trial 0] gen  320  evals=12160  best=14.3541
        [Trial 0] gen  340  evals=12920  best=14.3541
        [Trial 0] gen  360  evals=13680  best=14.3541
        [Trial 0] gen  380  evals=14440  best=14.3541
        [Done] Trial 0 best=14.3541
    --> Early stop triggered: trial 0 reached loss=14.354128 < 63.249006

  Winner: Trial 0, loss=14.354128 (145s)
    Restarts run: 1
    mu: 64.805225
    D_mu: 32.775379
    T0_mu: 8.665194
    Ly: 3.931323
    op_x: 0.972368
    op_y: 0.994672
    NMSE: 0.032044
  [Saved] random_IR_0002

============================================================
[3/50] random_IR_0003.npz
  GT loss: 0.009604
  terrain_mean=152.098801  early_threshold=1.454451  (alpha=0.0095)
  tolfun=0.791 tolfunhist=0.791  (frac=0.0052 of range=152)
    --> Trial 0 | pop=54 seed=85755 x0_norm_min=-0.944 x0_norm_max=0.730
        [Trial 0] gen   20  evals= 1080  best=16.7804
        [Trial 0] gen   40  evals= 2160  best=16.7804
        [Trial 0] gen   60  evals= 3240  best=16.7804
        [Trial 0] gen   80  evals= 4320  best=16.7804
        [Trial 0] gen  100  evals= 5400  best=16.7804
        [Trial 0] gen  120  evals= 6480  best=16.7804
        [Trial 0] gen  140  evals= 7560  best=16.0025
        [Trial 0] gen  160  evals= 8640  best=15.4756
        [Trial 0] gen  180  evals= 9720  best=15.4756
        [Trial 0] gen  200  evals=10800  best=15.4756
        [Trial 0] gen  220  evals=11880  best=15.4756
        [Trial 0] gen  240  evals=12960  best=14.7311
        [Trial 0] gen  260  evals=14040  best=14.7311
        [Trial 0] gen  280  evals=15120  best=14.7311
        [Trial 0] gen  300  evals=16200  best=14.4730
        [Done] Trial 0 best=14.2378
    --> Trial 1 | pop=42 seed=46626 x0_norm_min=-0.937 x0_norm_max=0.907
        [Pruned] Trial 1 at gen 15 (loss=20.8526)
    --> Trial 2 | pop=45 seed=75538 x0_norm_min=-0.344 x0_norm_max=0.824
        [Pruned] Trial 2 at gen 15 (loss=22.4652)
    --> Trial 3 | pop=43 seed=14037 x0_norm_min=-0.797 x0_norm_max=0.622
        [Pruned] Trial 3 at gen 15 (loss=18.8718)
    --> Trial 4 | pop=46 seed=30858 x0_norm_min=-0.947 x0_norm_max=0.785
        [Pruned] Trial 4 at gen 15 (loss=20.4142)
    --> Trial 5 | pop=38 seed=60174 x0_norm_min=-0.748 x0_norm_max=0.981
        [Pruned] Trial 5 at gen 15 (loss=20.1007)
    --> Trial 6 | pop=38 seed=89858 x0_norm_min=-0.929 x0_norm_max=0.732
        [Trial 6] gen   20  evals=  760  best=17.5939
        [Trial 6] gen   40  evals= 1520  best=17.5939
        [Pruned] Trial 6 at gen 45 (loss=17.5939)
    --> Trial 7 | pop=59 seed=15664 x0_norm_min=-0.779 x0_norm_max=0.922
        [Pruned] Trial 7 at gen 15 (loss=20.7761)
    --> Trial 8 | pop=59 seed=18971 x0_norm_min=-0.814 x0_norm_max=0.843
        [Pruned] Trial 8 at gen 15 (loss=18.9453)
    --> Trial 9 | pop=43 seed=62726 x0_norm_min=-0.955 x0_norm_max=0.770
        [Trial 9] gen   20  evals=  860  best=15.4384
        [Trial 9] gen   40  evals= 1720  best=15.4384
        [Trial 9] gen   60  evals= 2580  best=15.4384
        [Trial 9] gen   80  evals= 3440  best=15.4384
        [Trial 9] gen  100  evals= 4300  best=15.4384
        [Trial 9] gen  120  evals= 5160  best=15.4384
        [Trial 9] gen  140  evals= 6020  best=15.4384
        [Trial 9] gen  160  evals= 6880  best=15.4384
        [Trial 9] gen  180  evals= 7740  best=15.4384
        [Trial 9] gen  200  evals= 8600  best=15.4384
        [Trial 9] gen  220  evals= 9460  best=15.4384
        [Trial 9] gen  240  evals=10320  best=15.4384
        [Trial 9] gen  260  evals=11180  best=15.4384
        [Trial 9] gen  280  evals=12040  best=15.4384
        [Trial 9] gen  300  evals=12900  best=15.4384
        [Trial 9] gen  320  evals=13760  best=15.4384
        [Trial 9] gen  340  evals=14620  best=15.4384
        [Trial 9] gen  360  evals=15480  best=15.4384
        [Trial 9] gen  380  evals=16340  best=15.4384
        [Trial 9] gen  400  evals=17200  best=15.4384
        [Trial 9] gen  420  evals=18060  best=15.4384
        [Trial 9] gen  440  evals=18920  best=15.4384
        [Done] Trial 9 best=15.4384
    --> Trial 10 | pop=31 seed=96744 x0_norm_min=-0.841 x0_norm_max=0.672
        [Pruned] Trial 10 at gen 15 (loss=21.3089)
    --> Trial 11 | pop=52 seed=69048 x0_norm_min=-0.781 x0_norm_max=0.859
        [Trial 11] gen   20  evals= 1040  best=18.6894
        [Trial 11] gen   40  evals= 2080  best=18.6894
        [Pruned] Trial 11 at gen 45 (loss=18.6894)
    --> Trial 12 | pop=52 seed=81117 x0_norm_min=-0.402 x0_norm_max=0.428
        [Pruned] Trial 12 at gen 15 (loss=18.8167)
    --> Trial 13 | pop=51 seed=53460 x0_norm_min=-0.863 x0_norm_max=0.955
        [Pruned] Trial 13 at gen 15 (loss=20.2330)
    --> Trial 14 | pop=33 seed=40210 x0_norm_min=-0.897 x0_norm_max=-0.091
        [Pruned] Trial 14 at gen 15 (loss=22.6107)
    --> Trial 15 | pop=55 seed=68174 x0_norm_min=-0.690 x0_norm_max=0.990
        [Pruned] Trial 15 at gen 15 (loss=20.2844)
    --> Trial 16 | pop=49 seed=84914 x0_norm_min=-0.776 x0_norm_max=0.982
        [Pruned] Trial 16 at gen 15 (loss=23.5062)
    --> Trial 17 | pop=37 seed=96942 x0_norm_min=-0.863 x0_norm_max=0.835
        [Trial 17] gen   20  evals=  740  best=18.5504
        [Trial 17] gen   40  evals= 1480  best=15.9057
        [Pruned] Trial 17 at gen 45 (loss=15.9057)
    --> Trial 18 | pop=56 seed=63987 x0_norm_min=-0.933 x0_norm_max=0.907
        [Pruned] Trial 18 at gen 15 (loss=19.1885)
    --> Trial 19 | pop=47 seed=77028 x0_norm_min=-0.948 x0_norm_max=0.822
        [Pruned] Trial 19 at gen 15 (loss=21.1360)

  Winner: Trial 0, loss=14.237849 (928s)
    Restarts run: 20
    mu: 35.995828
    D_mu: 2.780849
    T0_mu: 27.747202
    Ly: 2.450517
    op_x: 0.846178
    op_y: 0.998661
    NMSE: 0.034463
  [Saved] random_IR_0003

============================================================
[4/50] random_IR_0004.npz
  GT loss: 0.000245
  terrain_mean=330.515778  early_threshold=3.140142  (alpha=0.0095)
  tolfun=1.72 tolfunhist=1.72  (frac=0.0052 of range=331)
    --> Trial 0 | pop=42 seed=4445 x0_norm_min=-0.944 x0_norm_max=0.730
        [Trial 0] gen   20  evals=  840  best=15.9406
        [Trial 0] gen   40  evals= 1680  best=14.4492
        [Trial 0] gen   60  evals= 2520  best=14.4492
        [Trial 0] gen   80  evals= 3360  best=14.4492
        [Trial 0] gen  100  evals= 4200  best=14.0330
        [Trial 0] gen  120  evals= 5040  best=12.4604
        [Trial 0] gen  140  evals= 5880  best=12.4604
        [Trial 0] gen  160  evals= 6720  best=12.4444
        [Trial 0] gen  180  evals= 7560  best=12.4444
        [Trial 0] gen  200  evals= 8400  best=12.4444
        [Trial 0] gen  220  evals= 9240  best=11.7527
        [Done] Trial 0 best=11.5280
    --> Trial 1 | pop=42 seed=47539 x0_norm_min=-0.937 x0_norm_max=0.907
        [Trial 1] gen   20  evals=  840  best=16.4436
        [Trial 1] gen   40  evals= 1680  best=14.4312
        [Trial 1] gen   60  evals= 2520  best=14.4312
        [Trial 1] gen   80  evals= 3360  best=14.4238
        [Trial 1] gen  100  evals= 4200  best=14.2358
        [Done] Trial 1 best=14.2358
    --> Trial 2 | pop=48 seed=96876 x0_norm_min=-0.344 x0_norm_max=0.824
        [Pruned] Trial 2 at gen 15 (loss=18.9207)
    --> Trial 3 | pop=53 seed=71030 x0_norm_min=-0.797 x0_norm_max=0.622
        [Trial 3] gen   20  evals= 1060  best=13.5801
        [Trial 3] gen   40  evals= 2120  best=13.4923
        [Trial 3] gen   60  evals= 3180  best=13.4923
        [Trial 3] gen   80  evals= 4240  best=13.4923
        [Trial 3] gen  100  evals= 5300  best=13.4923
        [Trial 3] gen  120  evals= 6360  best=13.4920
        [Pruned] Trial 3 at gen 135 (loss=12.7898)
    --> Trial 4 | pop=30 seed=72086 x0_norm_min=-0.947 x0_norm_max=0.785
        [Pruned] Trial 4 at gen 15 (loss=18.8024)
    --> Trial 5 | pop=46 seed=33628 x0_norm_min=-0.748 x0_norm_max=0.981
        [Trial 5] gen   20  evals=  920  best=12.7716
        [Trial 5] gen   40  evals= 1840  best=12.7716
        [Trial 5] gen   60  evals= 2760  best=12.7716
        [Trial 5] gen   80  evals= 3680  best=12.7716
        [Trial 5] gen  100  evals= 4600  best=12.7716
        [Trial 5] gen  120  evals= 5520  best=12.7716
        [Pruned] Trial 5 at gen 135 (loss=12.7716)
    --> Trial 6 | pop=48 seed=66598 x0_norm_min=-0.929 x0_norm_max=0.732
        [Trial 6] gen   20  evals=  960  best=14.9614
        [Trial 6] gen   40  evals= 1920  best=14.5432
        [Pruned] Trial 6 at gen 45 (loss=14.5432)
    --> Trial 7 | pop=34 seed=62344 x0_norm_min=-0.779 x0_norm_max=0.922
        [Pruned] Trial 7 at gen 15 (loss=20.1656)
    --> Trial 8 | pop=41 seed=80138 x0_norm_min=-0.814 x0_norm_max=0.843
        [Pruned] Trial 8 at gen 15 (loss=15.8646)
    --> Trial 9 | pop=35 seed=40985 x0_norm_min=-0.955 x0_norm_max=0.770
        [Pruned] Trial 9 at gen 15 (loss=18.0091)
    --> Trial 10 | pop=59 seed=632 x0_norm_min=-0.841 x0_norm_max=0.672
        [Pruned] Trial 10 at gen 15 (loss=16.6520)
    --> Trial 11 | pop=41 seed=3540 x0_norm_min=-0.781 x0_norm_max=0.859
        [Pruned] Trial 11 at gen 15 (loss=19.4510)
    --> Trial 12 | pop=41 seed=24583 x0_norm_min=-0.402 x0_norm_max=0.428
        [Trial 12] gen   20  evals=  820  best=15.2949
        [Trial 12] gen   40  evals= 1640  best=15.2949
        [Pruned] Trial 12 at gen 45 (loss=15.2949)
    --> Trial 13 | pop=44 seed=48626 x0_norm_min=-0.863 x0_norm_max=0.955
        [Pruned] Trial 13 at gen 15 (loss=19.8342)
    --> Trial 14 | pop=37 seed=17511 x0_norm_min=-0.897 x0_norm_max=-0.091
        [Pruned] Trial 14 at gen 15 (loss=18.8281)
    --> Trial 15 | pop=52 seed=49180 x0_norm_min=-0.690 x0_norm_max=0.990
        [Trial 15] gen   20  evals= 1040  best=13.2863
        [Trial 15] gen   40  evals= 2080  best=13.2863
        [Trial 15] gen   60  evals= 3120  best=13.2863
        [Trial 15] gen   80  evals= 4160  best=13.2863
        [Trial 15] gen  100  evals= 5200  best=13.2863
        [Trial 15] gen  120  evals= 6240  best=13.2863
        [Pruned] Trial 15 at gen 135 (loss=13.2863)
    --> Trial 16 | pop=37 seed=12894 x0_norm_min=-0.776 x0_norm_max=0.982
        [Pruned] Trial 16 at gen 15 (loss=20.9570)
    --> Trial 17 | pop=52 seed=97579 x0_norm_min=-0.863 x0_norm_max=0.835
        [Pruned] Trial 17 at gen 15 (loss=20.9926)
    --> Trial 18 | pop=44 seed=31444 x0_norm_min=-0.933 x0_norm_max=0.907
        [Pruned] Trial 18 at gen 15 (loss=18.1089)
    --> Trial 19 | pop=30 seed=55012 x0_norm_min=-0.948 x0_norm_max=0.822
        [Pruned] Trial 19 at gen 15 (loss=16.5085)

  Winner: Trial 0, loss=11.528020 (1842s)
    Restarts run: 20
    mu: 13.418685
    D_mu: 1.349992
    T0_mu: 11.016037
    Ly: 3.720617
    op_x: 0.848022
    op_y: 0.937658
    NMSE: 0.057127
  [Saved] random_IR_0004

============================================================
[5/50] random_IR_0005.npz
  GT loss: 0.553333
  terrain_mean=310.169312  early_threshold=3.494685  (alpha=0.0095)
  tolfun=1.61 tolfunhist=1.61  (frac=0.0052 of range=310)
    --> Trial 0 | pop=35 seed=42019 x0_norm_min=-0.944 x0_norm_max=0.730
        [Trial 0] gen   20  evals=  700  best=24.8005
        [Trial 0] gen   40  evals= 1400  best=24.0031
        [Trial 0] gen   60  evals= 2100  best=23.4853
        [Trial 0] gen   80  evals= 2800  best=21.9298
        [Trial 0] gen  100  evals= 3500  best=21.9298
        [Trial 0] gen  120  evals= 4200  best=21.6486
        [Trial 0] gen  140  evals= 4900  best=21.6486
        [Trial 0] gen  160  evals= 5600  best=21.4836
        [Trial 0] gen  180  evals= 6300  best=21.1707
        [Trial 0] gen  200  evals= 7000  best=21.1707
        [Trial 0] gen  220  evals= 7700  best=21.1707
        [Trial 0] gen  240  evals= 8400  best=21.1707
        [Trial 0] gen  260  evals= 9100  best=21.1707
        [Trial 0] gen  280  evals= 9800  best=21.1707
        [Trial 0] gen  300  evals=10500  best=21.1707
        [Trial 0] gen  320  evals=11200  best=21.1707
        [Trial 0] gen  340  evals=11900  best=21.1707
        [Trial 0] gen  360  evals=12600  best=21.1707
        [Done] Trial 0 best=21.1707
    --> Trial 1 | pop=59 seed=46194 x0_norm_min=-0.937 x0_norm_max=0.907
        [Trial 1] gen   20  evals= 1180  best=21.5515
        [Trial 1] gen   40  evals= 2360  best=21.5515
        [Trial 1] gen   60  evals= 3540  best=21.5515
        [Trial 1] gen   80  evals= 4720  best=21.5515
        [Trial 1] gen  100  evals= 5900  best=19.3315
        [Trial 1] gen  120  evals= 7080  best=19.3315
        [Trial 1] gen  140  evals= 8260  best=19.3315
        [Trial 1] gen  160  evals= 9440  best=19.3315
        [Trial 1] gen  180  evals=10620  best=19.3315
        [Trial 1] gen  200  evals=11800  best=19.3315
        [Trial 1] gen  220  evals=12980  best=19.3315
        [Trial 1] gen  240  evals=14160  best=19.3315
        [Trial 1] gen  260  evals=15340  best=19.3315
        [Trial 1] gen  280  evals=16520  best=19.3315
        [Trial 1] gen  300  evals=17700  best=19.3315
        [Trial 1] gen  320  evals=18880  best=19.3315
        [TRIAL TIMEOUT] Trial 1 total >600s, stopping
        [Done] Trial 1 best=19.3315
    --> Trial 2 | pop=31 seed=46064 x0_norm_min=-0.344 x0_norm_max=0.824
        [Pruned] Trial 2 at gen 15 (loss=25.8815)
    --> Trial 3 | pop=39 seed=13053 x0_norm_min=-0.797 x0_norm_max=0.622
        [Pruned] Trial 3 at gen 15 (loss=21.9586)
    --> Trial 4 | pop=57 seed=3746 x0_norm_min=-0.947 x0_norm_max=0.785
        [Trial 4] gen   20  evals= 1140  best=16.3870
        [Trial 4] gen   40  evals= 2280  best=16.3870
        [Trial 4] gen   60  evals= 3420  best=16.3870
        [Trial 4] gen   80  evals= 4560  best=16.3870
        [Trial 4] gen  100  evals= 5700  best=16.3870
        [Trial 4] gen  120  evals= 6840  best=16.3870
        [Trial 4] gen  140  evals= 7980  best=16.3870
        [Trial 4] gen  160  evals= 9120  best=16.3870
        [Trial 4] gen  180  evals=10260  best=16.3870
        [Trial 4] gen  200  evals=11400  best=16.3870
        [Trial 4] gen  220  evals=12540  best=16.3870
        [Trial 4] gen  240  evals=13680  best=16.3870
        [Trial 4] gen  260  evals=14820  best=16.3870
        [Done] Trial 4 best=16.3870
    --> Trial 5 | pop=36 seed=7607 x0_norm_min=-0.748 x0_norm_max=0.981
        [Pruned] Trial 5 at gen 15 (loss=24.1582)
    --> Trial 6 | pop=45 seed=51807 x0_norm_min=-0.929 x0_norm_max=0.732
        [Trial 6] gen   20  evals=  900  best=21.0315
        [Trial 6] gen   40  evals= 1800  best=21.0315
        [Pruned] Trial 6 at gen 45 (loss=21.0315)
    --> Trial 7 | pop=33 seed=46314 x0_norm_min=-0.779 x0_norm_max=0.922
        [Pruned] Trial 7 at gen 15 (loss=25.4018)
    --> Trial 8 | pop=34 seed=75679 x0_norm_min=-0.814 x0_norm_max=0.843
        [Pruned] Trial 8 at gen 15 (loss=22.7598)
    --> Trial 9 | pop=37 seed=77062 x0_norm_min=-0.955 x0_norm_max=0.770
        [Pruned] Trial 9 at gen 15 (loss=24.7659)
    --> Trial 10 | pop=59 seed=99599 x0_norm_min=-0.841 x0_norm_max=0.672
        [Pruned] Trial 10 at gen 15 (loss=22.1245)
    --> Trial 11 | pop=60 seed=24330 x0_norm_min=-0.781 x0_norm_max=0.859
        [Pruned] Trial 11 at gen 15 (loss=22.6465)
    --> Trial 12 | pop=52 seed=27542 x0_norm_min=-0.402 x0_norm_max=0.428
        [Pruned] Trial 12 at gen 15 (loss=23.1442)
    --> Trial 13 | pop=54 seed=66470 x0_norm_min=-0.863 x0_norm_max=0.955
        [Pruned] Trial 13 at gen 15 (loss=24.4403)
    --> Trial 14 | pop=54 seed=733 x0_norm_min=-0.897 x0_norm_max=-0.091
        [Pruned] Trial 14 at gen 15 (loss=24.0424)
    --> Trial 15 | pop=49 seed=27011 x0_norm_min=-0.690 x0_norm_max=0.990
        [Pruned] Trial 15 at gen 15 (loss=23.0017)
    --> Trial 16 | pop=57 seed=97228 x0_norm_min=-0.776 x0_norm_max=0.982
        [Trial 16] gen   20  evals= 1140  best=20.0839
        [Trial 16] gen   40  evals= 2280  best=19.8809
        [Pruned] Trial 16 at gen 45 (loss=19.8809)
    --> Trial 17 | pop=47 seed=60860 x0_norm_min=-0.863 x0_norm_max=0.835
        [Pruned] Trial 17 at gen 15 (loss=26.0904)
    --> Trial 18 | pop=56 seed=34236 x0_norm_min=-0.933 x0_norm_max=0.907
        [Pruned] Trial 18 at gen 15 (loss=22.3917)
    --> Trial 19 | pop=51 seed=19330 x0_norm_min=-0.948 x0_norm_max=0.822
        [Pruned] Trial 19 at gen 15 (loss=23.9057)

  Winner: Trial 4, loss=16.387014 (1267s)
    Restarts run: 20
    mu: 12.816022
    D_mu: 77.702485
    T0_mu: 49.276736
    Ly: 2.240586
    op_x: 0.542133
    op_y: 0.628770
    NMSE: 0.093081
  [Saved] random_IR_0005

============================================================
[6/50] random_IR_0006.npz
  GT loss: 0.000446
  terrain_mean=294.777069  early_threshold=2.800823  (alpha=0.0095)
  tolfun=1.53 tolfunhist=1.53  (frac=0.0052 of range=295)
    --> Trial 0 | pop=54 seed=37926 x0_norm_min=-0.944 x0_norm_max=0.730
        [Trial 0] gen   20  evals= 1080  best=15.6229
        [Trial 0] gen   40  evals= 2160  best=14.5637
        [Trial 0] gen   60  evals= 3240  best=14.5637
        [Trial 0] gen   80  evals= 4320  best=13.8542
        [Trial 0] gen  100  evals= 5400  best=13.5975
        [Trial 0] gen  120  evals= 6480  best=13.5975
        [Trial 0] gen  140  evals= 7560  best=13.5975
        [Trial 0] gen  160  evals= 8640  best=12.8664
        [Trial 0] gen  180  evals= 9720  best=12.8664
        [Trial 0] gen  200  evals=10800  best=12.8664
        [Trial 0] gen  220  evals=11880  best=12.8664
        [Trial 0] gen  240  evals=12960  best=12.1217
        [Done] Trial 0 best=12.1217
    --> Trial 1 | pop=33 seed=34809 x0_norm_min=-0.937 x0_norm_max=0.907
        [Pruned] Trial 1 at gen 15 (loss=15.7241)
    --> Trial 2 | pop=54 seed=74363 x0_norm_min=-0.344 x0_norm_max=0.824
        [Trial 2] gen   20  evals= 1080  best=15.3139
        [Trial 2] gen   40  evals= 2160  best=14.4027
        [Trial 2] gen   60  evals= 3240  best=13.8047
        [Trial 2] gen   80  evals= 4320  best=13.5585
        [Trial 2] gen  100  evals= 5400  best=13.5585
        [Trial 2] gen  120  evals= 6480  best=13.5585
        [Trial 2] gen  140  evals= 7560  best=13.5585
        [Trial 2] gen  160  evals= 8640  best=13.5585
        [Trial 2] gen  180  evals= 9720  best=13.5585
        [Trial 2] gen  200  evals=10800  best=13.5585
        [Trial 2] gen  220  evals=11880  best=13.5585
        [Trial 2] gen  240  evals=12960  best=13.5585
        [Done] Trial 2 best=13.5585
    --> Trial 3 | pop=34 seed=42299 x0_norm_min=-0.797 x0_norm_max=0.622
        [Trial 3] gen   20  evals=  680  best=15.1354
        [Trial 3] gen   40  evals= 1360  best=12.0719
        [Trial 3] gen   60  evals= 2040  best=12.0719
        [Trial 3] gen   80  evals= 2720  best=12.0719
        [Trial 3] gen  100  evals= 3400  best=12.0719
        [Trial 3] gen  120  evals= 4080  best=12.0719
        [Trial 3] gen  140  evals= 4760  best=12.0719
        [Trial 3] gen  160  evals= 5440  best=12.0719
        [Trial 3] gen  180  evals= 6120  best=11.9546
        [Trial 3] gen  200  evals= 6800  best=11.9546
        [Trial 3] gen  220  evals= 7480  best=11.9546
        [Trial 3] gen  240  evals= 8160  best=11.9546
        [Trial 3] gen  260  evals= 8840  best=11.9546
        [Done] Trial 3 best=11.9546
    --> Trial 4 | pop=56 seed=57622 x0_norm_min=-0.947 x0_norm_max=0.785
        [Trial 4] gen   20  evals= 1120  best=14.3235
        [Trial 4] gen   40  evals= 2240  best=14.3235
        [Pruned] Trial 4 at gen 45 (loss=13.7166)
    --> Trial 5 | pop=51 seed=86489 x0_norm_min=-0.748 x0_norm_max=0.981
        [Trial 5] gen   20  evals= 1020  best=14.1355
        [Trial 5] gen   40  evals= 2040  best=12.9962
        [Pruned] Trial 5 at gen 45 (loss=12.9962)
    --> Trial 6 | pop=34 seed=44008 x0_norm_min=-0.929 x0_norm_max=0.732
        [Pruned] Trial 6 at gen 15 (loss=16.3396)
    --> Trial 7 | pop=57 seed=41856 x0_norm_min=-0.779 x0_norm_max=0.922
        [Pruned] Trial 7 at gen 15 (loss=14.6449)
    --> Trial 8 | pop=36 seed=68477 x0_norm_min=-0.814 x0_norm_max=0.843
        [Pruned] Trial 8 at gen 15 (loss=16.0148)
    --> Trial 9 | pop=46 seed=87636 x0_norm_min=-0.955 x0_norm_max=0.770
        [Trial 9] gen   20  evals=  920  best=14.0328
        [Trial 9] gen   40  evals= 1840  best=14.0328
        [Pruned] Trial 9 at gen 45 (loss=14.0328)
    --> Trial 10 | pop=43 seed=77 x0_norm_min=-0.841 x0_norm_max=0.672
        [Pruned] Trial 10 at gen 15 (loss=15.7618)
    --> Trial 11 | pop=40 seed=18233 x0_norm_min=-0.781 x0_norm_max=0.859
        [Pruned] Trial 11 at gen 15 (loss=14.7644)
    --> Trial 12 | pop=30 seed=26606 x0_norm_min=-0.402 x0_norm_max=0.428
        [Pruned] Trial 12 at gen 15 (loss=14.9624)
    --> Trial 13 | pop=60 seed=57884 x0_norm_min=-0.863 x0_norm_max=0.955
        [Pruned] Trial 13 at gen 15 (loss=14.8351)
    --> Trial 14 | pop=45 seed=16874 x0_norm_min=-0.897 x0_norm_max=-0.091
        [Pruned] Trial 14 at gen 15 (loss=15.0081)
    --> Trial 15 | pop=49 seed=53368 x0_norm_min=-0.690 x0_norm_max=0.990
        [Pruned] Trial 15 at gen 15 (loss=14.8401)
    --> Trial 16 | pop=41 seed=99402 x0_norm_min=-0.776 x0_norm_max=0.982
        [Pruned] Trial 16 at gen 15 (loss=16.5161)
    --> Trial 17 | pop=37 seed=29912 x0_norm_min=-0.863 x0_norm_max=0.835
        [Trial 17] gen   20  evals=  740  best=13.7540
        [Trial 17] gen   40  evals= 1480  best=13.7540
        [Pruned] Trial 17 at gen 45 (loss=13.7540)
    --> Trial 18 | pop=49 seed=6526 x0_norm_min=-0.933 x0_norm_max=0.907
        [Trial 18] gen   20  evals=  980  best=13.7213
        [Trial 18] gen   40  evals= 1960  best=13.7213
        [Pruned] Trial 18 at gen 45 (loss=13.7213)
    --> Trial 19 | pop=52 seed=46535 x0_norm_min=-0.948 x0_norm_max=0.822
        [Pruned] Trial 19 at gen 15 (loss=15.6764)

  Winner: Trial 3, loss=11.954576 (1228s)
    Restarts run: 20
    mu: 9.608038
    D_mu: 2.538871
    T0_mu: 96.540895
    Ly: 3.942197
    op_x: 0.694521
    op_y: 0.825892
    NMSE: 0.092552
  [Saved] random_IR_0006

============================================================
[7/50] random_IR_0007.npz
  GT loss: 0.003638
  terrain_mean=194.367767  early_threshold=1.850097  (alpha=0.0095)
  tolfun=1.01 tolfunhist=1.01  (frac=0.0052 of range=194)
    --> Trial 0 | pop=40 seed=48199 x0_norm_min=-0.944 x0_norm_max=0.730
        [Trial 0] gen   20  evals=  800  best=15.7131
        [Trial 0] gen   40  evals= 1600  best=15.7131
        [Trial 0] gen   60  evals= 2400  best=15.7131
        [Trial 0] gen   80  evals= 3200  best=15.7131
        [Trial 0] gen  100  evals= 4000  best=15.7131
        [Trial 0] gen  120  evals= 4800  best=15.7131
        [Trial 0] gen  140  evals= 5600  best=15.7131
        [Trial 0] gen  160  evals= 6400  best=15.7131
        [Trial 0] gen  180  evals= 7200  best=15.7131
        [Trial 0] gen  200  evals= 8000  best=15.7131
        [Trial 0] gen  220  evals= 8800  best=15.7131
        [Trial 0] gen  240  evals= 9600  best=15.7131
        [Trial 0] gen  260  evals=10400  best=14.7667
        [Trial 0] gen  280  evals=11200  best=14.7667
        [Trial 0] gen  300  evals=12000  best=14.7667
        [Trial 0] gen  320  evals=12800  best=14.7667
        [Trial 0] gen  340  evals=13600  best=14.7667
        [Trial 0] gen  360  evals=14400  best=14.7667
        [Trial 0] gen  380  evals=15200  best=14.7667
        [Trial 0] gen  400  evals=16000  best=14.7667
        [Trial 0] gen  420  evals=16800  best=14.7667
        [Trial 0] gen  440  evals=17600  best=14.7667
        [Trial 0] gen  460  evals=18400  best=14.7667
        [Trial 0] gen  480  evals=19200  best=14.7667
        [Trial 0] gen  500  evals=20000  best=14.7667
        [Trial 0] gen  520  evals=20800  best=14.7667
        [Done] Trial 0 best=14.7667
    --> Trial 1 | pop=38 seed=25294 x0_norm_min=-0.937 x0_norm_max=0.907
        [Pruned] Trial 1 at gen 15 (loss=17.9912)
    --> Trial 2 | pop=47 seed=27052 x0_norm_min=-0.344 x0_norm_max=0.824
        [Trial 2] gen   20  evals=  940  best=14.4593
        [Trial 2] gen   40  evals= 1880  best=14.4593
        [Trial 2] gen   60  evals= 2820  best=14.4593
        [Trial 2] gen   80  evals= 3760  best=14.4593
        [Trial 2] gen  100  evals= 4700  best=14.4593
        [Trial 2] gen  120  evals= 5640  best=14.4593
        [Trial 2] gen  140  evals= 6580  best=14.4593
        [Trial 2] gen  160  evals= 7520  best=14.4593
        [Trial 2] gen  180  evals= 8460  best=14.4593
        [Trial 2] gen  200  evals= 9400  best=14.4593
        [Trial 2] gen  220  evals=10340  best=14.4593
        [Trial 2] gen  240  evals=11280  best=14.4593
        [Trial 2] gen  260  evals=12220  best=14.4593
        [Trial 2] gen  280  evals=13160  best=14.4593
        [Trial 2] gen  300  evals=14100  best=14.4593
        [Trial 2] gen  320  evals=15040  best=14.4593
        [Trial 2] gen  340  evals=15980  best=14.4593
        [Trial 2] gen  360  evals=16920  best=14.4593
        [Trial 2] gen  380  evals=17860  best=14.4593
        [Trial 2] gen  400  evals=18800  best=14.4593
        [Trial 2] gen  420  evals=19740  best=14.4593
        [Trial 2] gen  440  evals=20680  best=14.4593
        [Trial 2] gen  460  evals=21620  best=14.4593
        [Trial 2] gen  480  evals=22560  best=14.4593
        [Trial 2] gen  500  evals=23500  best=14.4593
        [Trial 2] gen  520  evals=24440  best=14.4593
        [Trial 2] gen  540  evals=25380  best=14.4593
        [Trial 2] gen  560  evals=26320  best=14.4593
        [Trial 2] gen  580  evals=27260  best=14.4593
        [Trial 2] gen  600  evals=28200  best=14.4593
        [Trial 2] gen  620  evals=29140  best=14.4593
        [Done] Trial 2 best=14.4593
    --> Trial 3 | pop=53 seed=21158 x0_norm_min=-0.797 x0_norm_max=0.622
        [Pruned] Trial 3 at gen 15 (loss=19.5309)
    --> Trial 4 | pop=37 seed=80189 x0_norm_min=-0.947 x0_norm_max=0.785
        [Pruned] Trial 4 at gen 15 (loss=17.4283)
    --> Trial 5 | pop=48 seed=89537 x0_norm_min=-0.748 x0_norm_max=0.981
        [Pruned] Trial 5 at gen 15 (loss=18.1349)
    --> Trial 6 | pop=34 seed=54312 x0_norm_min=-0.929 x0_norm_max=0.732
        [Pruned] Trial 6 at gen 15 (loss=17.4831)
    --> Trial 7 | pop=46 seed=47692 x0_norm_min=-0.779 x0_norm_max=0.922
        [Pruned] Trial 7 at gen 15 (loss=16.2044)
    --> Trial 8 | pop=56 seed=75803 x0_norm_min=-0.814 x0_norm_max=0.843
        [Trial 8] gen   20  evals= 1120  best=10.3058
        [Trial 8] gen   40  evals= 2240  best=10.3058
        [Trial 8] gen   60  evals= 3360  best=10.3058
        [Trial 8] gen   80  evals= 4480  best=10.3058
        [Trial 8] gen  100  evals= 5600  best=10.3058
        [Trial 8] gen  120  evals= 6720  best=10.3058
        [Trial 8] gen  140  evals= 7840  best=10.3058
        [Trial 8] gen  160  evals= 8960  best=10.3058
        [Trial 8] gen  180  evals=10080  best=10.3058
        [Trial 8] gen  200  evals=11200  best=10.3058
        [Trial 8] gen  220  evals=12320  best=10.3058
        [Done] Trial 8 best=10.3058
    --> Trial 9 | pop=33 seed=53198 x0_norm_min=-0.955 x0_norm_max=0.770
        [Pruned] Trial 9 at gen 15 (loss=19.4981)
    --> Trial 10 | pop=59 seed=6803 x0_norm_min=-0.841 x0_norm_max=0.672
        [Pruned] Trial 10 at gen 15 (loss=16.9894)
    --> Trial 11 | pop=60 seed=72807 x0_norm_min=-0.781 x0_norm_max=0.859
        [Trial 11] gen   20  evals= 1200  best=15.0357
        [Trial 11] gen   40  evals= 2400  best=15.0357
        [Pruned] Trial 11 at gen 45 (loss=15.0357)
    --> Trial 12 | pop=52 seed=96421 x0_norm_min=-0.402 x0_norm_max=0.428
        [Pruned] Trial 12 at gen 15 (loss=18.4263)
    --> Trial 13 | pop=45 seed=29618 x0_norm_min=-0.863 x0_norm_max=0.955
        [Pruned] Trial 13 at gen 15 (loss=21.0438)
    --> Trial 14 | pop=55 seed=70395 x0_norm_min=-0.897 x0_norm_max=-0.091
        [Pruned] Trial 14 at gen 15 (loss=17.4553)
    --> Trial 15 | pop=43 seed=8133 x0_norm_min=-0.690 x0_norm_max=0.990
        [Trial 15] gen   20  evals=  860  best=15.4880
        [Trial 15] gen   40  evals= 1720  best=14.1559
        [Pruned] Trial 15 at gen 45 (loss=14.1559)
    --> Trial 16 | pop=50 seed=35832 x0_norm_min=-0.776 x0_norm_max=0.982
        [Pruned] Trial 16 at gen 15 (loss=15.7314)
    --> Trial 17 | pop=56 seed=63731 x0_norm_min=-0.863 x0_norm_max=0.835
        [Pruned] Trial 17 at gen 15 (loss=16.5991)
    --> Trial 18 | pop=57 seed=36817 x0_norm_min=-0.933 x0_norm_max=0.907
        [Pruned] Trial 18 at gen 15 (loss=17.7522)
    --> Trial 19 | pop=51 seed=99691 x0_norm_min=-0.948 x0_norm_max=0.822
        [Pruned] Trial 19 at gen 15 (loss=16.6200)

  Winner: Trial 8, loss=10.305831 (1841s)
    Restarts run: 20
    mu: 22.439926
    D_mu: 0.906748
    T0_mu: 32.284105
    Ly: 1.907234
    op_x: 0.570928
    op_y: 0.791437
    NMSE: 0.040709
  [Saved] random_IR_0007

============================================================
[8/50] random_IR_0008.npz
  GT loss: 0.002179
  terrain_mean=178.675003  early_threshold=1.699571  (alpha=0.0095)
  tolfun=0.929 tolfunhist=0.929  (frac=0.0052 of range=179)
    --> Trial 0 | pop=44 seed=12722 x0_norm_min=-0.944 x0_norm_max=0.730
        [Trial 0] gen   20  evals=  880  best=18.2837
        [Trial 0] gen   40  evals= 1760  best=18.2837
        [Trial 0] gen   60  evals= 2640  best=18.2837
        [Trial 0] gen   80  evals= 3520  best=16.1035
        [Trial 0] gen  100  evals= 4400  best=16.1035
        [Trial 0] gen  120  evals= 5280  best=15.8272
        [Trial 0] gen  140  evals= 6160  best=15.8272
        [Trial 0] gen  160  evals= 7040  best=15.8272
        [Trial 0] gen  180  evals= 7920  best=15.8272
        [Trial 0] gen  200  evals= 8800  best=15.8272
        [Trial 0] gen  220  evals= 9680  best=15.0644
        [Trial 0] gen  240  evals=10560  best=15.0644
        [Trial 0] gen  260  evals=11440  best=15.0644
        [Trial 0] gen  280  evals=12320  best=15.0644
        [Trial 0] gen  300  evals=13200  best=15.0644
        [Trial 0] gen  320  evals=14080  best=15.0644
        [Trial 0] gen  340  evals=14960  best=14.8379
        [Trial 0] gen  360  evals=15840  best=14.8379
        [Trial 0] gen  380  evals=16720  best=14.8379
        [Trial 0] gen  400  evals=17600  best=14.8379
        [Trial 0] gen  420  evals=18480  best=14.8379
        [Trial 0] gen  440  evals=19360  best=14.8379
        [Trial 0] gen  460  evals=20240  best=14.8379
        [Done] Trial 0 best=14.8379
    --> Trial 1 | pop=52 seed=86063 x0_norm_min=-0.937 x0_norm_max=0.907
        [Pruned] Trial 1 at gen 15 (loss=20.2283)
    --> Trial 2 | pop=56 seed=72049 x0_norm_min=-0.344 x0_norm_max=0.824
        [Trial 2] gen   20  evals= 1120  best=18.2115
        [Trial 2] gen   40  evals= 2240  best=18.2115
        [Trial 2] gen   60  evals= 3360  best=18.2115
        [Trial 2] gen   80  evals= 4480  best=18.2115
        [Trial 2] gen  100  evals= 5600  best=18.2115
        [Trial 2] gen  120  evals= 6720  best=17.5690
        [Pruned] Trial 2 at gen 135 (loss=17.5690)
    --> Trial 3 | pop=32 seed=89349 x0_norm_min=-0.797 x0_norm_max=0.622
        [Pruned] Trial 3 at gen 15 (loss=20.2786)
    --> Trial 4 | pop=53 seed=9930 x0_norm_min=-0.947 x0_norm_max=0.785
        [Trial 4] gen   20  evals= 1060  best=17.4406
        [Trial 4] gen   40  evals= 2120  best=17.4406
        [Trial 4] gen   60  evals= 3180  best=17.4406
        [Trial 4] gen   80  evals= 4240  best=17.4406
        [Trial 4] gen  100  evals= 5300  best=17.4406
        [Trial 4] gen  120  evals= 6360  best=17.4406
        [Pruned] Trial 4 at gen 135 (loss=17.4406)
    --> Trial 5 | pop=46 seed=88190 x0_norm_min=-0.748 x0_norm_max=0.981
        [Pruned] Trial 5 at gen 15 (loss=18.7486)
    --> Trial 6 | pop=40 seed=54716 x0_norm_min=-0.929 x0_norm_max=0.732
        [Pruned] Trial 6 at gen 15 (loss=18.7113)
    --> Trial 7 | pop=55 seed=70282 x0_norm_min=-0.779 x0_norm_max=0.922
        [Pruned] Trial 7 at gen 15 (loss=18.5077)
    --> Trial 8 | pop=37 seed=8858 x0_norm_min=-0.814 x0_norm_max=0.843
        [Trial 8] gen   20  evals=  740  best=15.5085
        [Trial 8] gen   40  evals= 1480  best=15.5085
        [Trial 8] gen   60  evals= 2220  best=15.5085
        [Trial 8] gen   80  evals= 2960  best=15.5085
        [Trial 8] gen  100  evals= 3700  best=15.5085
        [Trial 8] gen  120  evals= 4440  best=15.5085
        [Trial 8] gen  140  evals= 5180  best=15.5085
        [Trial 8] gen  160  evals= 5920  best=15.5085
        [Trial 8] gen  180  evals= 6660  best=15.0207
        [Trial 8] gen  200  evals= 7400  best=15.0207
        [Trial 8] gen  220  evals= 8140  best=15.0207
        [Trial 8] gen  240  evals= 8880  best=15.0207
        [Trial 8] gen  260  evals= 9620  best=15.0207
        [Trial 8] gen  280  evals=10360  best=15.0207
        [Done] Trial 8 best=15.0207
    --> Trial 9 | pop=51 seed=3327 x0_norm_min=-0.955 x0_norm_max=0.770
        [Trial 9] gen   20  evals= 1020  best=17.3580
        [Trial 9] gen   40  evals= 2040  best=16.0030
        [Pruned] Trial 9 at gen 45 (loss=16.0030)
    --> Trial 10 | pop=43 seed=32950 x0_norm_min=-0.841 x0_norm_max=0.672
        [Trial 10] gen   20  evals=  860  best=17.1917
        [Trial 10] gen   40  evals= 1720  best=17.1917
        [Pruned] Trial 10 at gen 45 (loss=17.1917)
    --> Trial 11 | pop=35 seed=21567 x0_norm_min=-0.781 x0_norm_max=0.859
        [Pruned] Trial 11 at gen 15 (loss=20.0369)
    --> Trial 12 | pop=39 seed=34119 x0_norm_min=-0.402 x0_norm_max=0.428
        [Pruned] Trial 12 at gen 15 (loss=18.4549)
    --> Trial 13 | pop=45 seed=19192 x0_norm_min=-0.863 x0_norm_max=0.955
        [Pruned] Trial 13 at gen 15 (loss=19.7698)
    --> Trial 14 | pop=30 seed=428 x0_norm_min=-0.897 x0_norm_max=-0.091
        [Pruned] Trial 14 at gen 15 (loss=22.0282)
    --> Trial 15 | pop=60 seed=39713 x0_norm_min=-0.690 x0_norm_max=0.990
        [Pruned] Trial 15 at gen 15 (loss=22.8600)
    --> Trial 16 | pop=36 seed=18628 x0_norm_min=-0.776 x0_norm_max=0.982
        [Pruned] Trial 16 at gen 15 (loss=19.6766)
    --> Trial 17 | pop=48 seed=48802 x0_norm_min=-0.863 x0_norm_max=0.835
        [Pruned] Trial 17 at gen 15 (loss=20.7539)
    --> Trial 18 | pop=41 seed=10993 x0_norm_min=-0.933 x0_norm_max=0.907
        [Pruned] Trial 18 at gen 15 (loss=19.5132)
    --> Trial 19 | pop=37 seed=29767 x0_norm_min=-0.948 x0_norm_max=0.822
        [Pruned] Trial 19 at gen 15 (loss=20.1554)

  Winner: Trial 0, loss=14.837872 (674s)
    Restarts run: 20
    mu: 10.186982
    D_mu: 8.634224
    T0_mu: 58.550553
    Ly: 1.695336
    op_x: 0.679660
    op_y: 0.510052
    NMSE: 0.067906
  [Saved] random_IR_0008

============================================================
[9/50] random_IR_0009.npz
  GT loss: 0.000248
  terrain_mean=285.431000  early_threshold=2.711841  (alpha=0.0095)
  tolfun=1.48 tolfunhist=1.48  (frac=0.0052 of range=285)
    --> Trial 0 | pop=52 seed=26280 x0_norm_min=-0.944 x0_norm_max=0.730
        [Trial 0] gen   20  evals= 1040  best=16.2427
        [Trial 0] gen   40  evals= 2080  best=16.2427
        [Trial 0] gen   60  evals= 3120  best=14.2648
        [Trial 0] gen   80  evals= 4160  best=14.2648
        [Trial 0] gen  100  evals= 5200  best=14.2648
        [Trial 0] gen  120  evals= 6240  best=14.2648
        [Trial 0] gen  140  evals= 7280  best=14.2648
        [Trial 0] gen  160  evals= 8320  best=14.2648
        [Trial 0] gen  180  evals= 9360  best=14.2648
        [Trial 0] gen  200  evals=10400  best=14.2648
        [Trial 0] gen  220  evals=11440  best=14.2648
        [Trial 0] gen  240  evals=12480  best=12.8849
        [Trial 0] gen  260  evals=13520  best=12.8849
        [Trial 0] gen  280  evals=14560  best=12.8849
        [Trial 0] gen  300  evals=15600  best=12.8849
        [Trial 0] gen  320  evals=16640  best=12.8849
        [Trial 0] gen  340  evals=17680  best=12.8849
        [Trial 0] gen  360  evals=18720  best=12.7813
        [TRIAL TIMEOUT] Trial 0 total >600s, stopping
        [Done] Trial 0 best=12.1683
    --> Trial 1 | pop=34 seed=40319 x0_norm_min=-0.937 x0_norm_max=0.907
        [Pruned] Trial 1 at gen 15 (loss=19.7448)
    --> Trial 2 | pop=47 seed=80660 x0_norm_min=-0.344 x0_norm_max=0.824
        [Trial 2] gen   20  evals=  940  best=15.6986
        [Trial 2] gen   40  evals= 1880  best=15.6100
        [Trial 2] gen   60  evals= 2820  best=15.6100
        [Trial 2] gen   80  evals= 3760  best=15.6100
        [Trial 2] gen  100  evals= 4700  best=13.9203
        [Trial 2] gen  120  evals= 5640  best=13.9203
        [Trial 2] gen  140  evals= 6580  best=13.9203
        [Trial 2] gen  160  evals= 7520  best=13.9203
        [Trial 2] gen  180  evals= 8460  best=13.9203
        [Trial 2] gen  200  evals= 9400  best=13.9203
        [Trial 2] gen  220  evals=10340  best=13.9203
        [Trial 2] gen  240  evals=11280  best=13.9203
        [Trial 2] gen  260  evals=12220  best=13.9203
        [Trial 2] gen  280  evals=13160  best=13.9203
        [Trial 2] gen  300  evals=14100  best=13.9203
        [Done] Trial 2 best=13.9203
    --> Trial 3 | pop=32 seed=70265 x0_norm_min=-0.797 x0_norm_max=0.622
        [Pruned] Trial 3 at gen 15 (loss=17.1879)
    --> Trial 4 | pop=45 seed=66436 x0_norm_min=-0.947 x0_norm_max=0.785
        [Pruned] Trial 4 at gen 15 (loss=19.3598)
    --> Trial 5 | pop=58 seed=44532 x0_norm_min=-0.748 x0_norm_max=0.981
        [Pruned] Trial 5 at gen 15 (loss=16.9277)
    --> Trial 6 | pop=47 seed=8835 x0_norm_min=-0.929 x0_norm_max=0.732
        [Pruned] Trial 6 at gen 15 (loss=17.5106)
    --> Trial 7 | pop=39 seed=68633 x0_norm_min=-0.779 x0_norm_max=0.922
        [Trial 7] gen   20  evals=  780  best=15.9749
        [Trial 7] gen   40  evals= 1560  best=15.7948
        [Pruned] Trial 7 at gen 45 (loss=15.7948)
    --> Trial 8 | pop=43 seed=167 x0_norm_min=-0.814 x0_norm_max=0.843
        [Pruned] Trial 8 at gen 15 (loss=16.4711)
    --> Trial 9 | pop=38 seed=39077 x0_norm_min=-0.955 x0_norm_max=0.770
        [Pruned] Trial 9 at gen 15 (loss=17.6985)
    --> Trial 10 | pop=58 seed=23399 x0_norm_min=-0.841 x0_norm_max=0.672
        [Pruned] Trial 10 at gen 15 (loss=17.8321)
    --> Trial 11 | pop=53 seed=93765 x0_norm_min=-0.781 x0_norm_max=0.859
        [Pruned] Trial 11 at gen 15 (loss=17.8615)
    --> Trial 12 | pop=51 seed=83829 x0_norm_min=-0.402 x0_norm_max=0.428
        [Pruned] Trial 12 at gen 15 (loss=17.2288)
    --> Trial 13 | pop=51 seed=52932 x0_norm_min=-0.863 x0_norm_max=0.955
        [Pruned] Trial 13 at gen 15 (loss=17.2761)
    --> Trial 14 | pop=54 seed=23532 x0_norm_min=-0.897 x0_norm_max=-0.091
        [Trial 14] gen   20  evals= 1080  best=14.5242
        [Trial 14] gen   40  evals= 2160  best=14.1934
        [Trial 14] gen   60  evals= 3240  best=14.1934
        [Trial 14] gen   80  evals= 4320  best=14.1934
        [Trial 14] gen  100  evals= 5400  best=14.1934
        [Trial 14] gen  120  evals= 6480  best=14.1934
        [Pruned] Trial 14 at gen 135 (loss=14.1934)
    --> Trial 15 | pop=48 seed=98371 x0_norm_min=-0.690 x0_norm_max=0.990
        [Trial 15] gen   20  evals=  960  best=16.1304
        [Trial 15] gen   40  evals= 1920  best=16.1304
        [Pruned] Trial 15 at gen 45 (loss=16.0524)
    --> Trial 16 | pop=41 seed=80078 x0_norm_min=-0.776 x0_norm_max=0.982
        [Pruned] Trial 16 at gen 15 (loss=18.2915)
    --> Trial 17 | pop=48 seed=24399 x0_norm_min=-0.863 x0_norm_max=0.835
        [Pruned] Trial 17 at gen 15 (loss=18.0495)
    --> Trial 18 | pop=60 seed=50704 x0_norm_min=-0.933 x0_norm_max=0.907
        [Pruned] Trial 18 at gen 15 (loss=18.4565)
    --> Trial 19 | pop=54 seed=58550 x0_norm_min=-0.948 x0_norm_max=0.822
        [Pruned] Trial 19 at gen 15 (loss=17.0411)

  Winner: Trial 0, loss=12.168283 (1249s)
    Restarts run: 20
    mu: 11.743963
    D_mu: 1.558155
    T0_mu: 26.951972
    Ly: 3.073356
    op_x: 0.637622
    op_y: 0.823830
    NMSE: 0.004086
  [Saved] random_IR_0009

============================================================
[10/50] random_IR_0010.npz
  GT loss: 0.006002
  terrain_mean=170.872269  early_threshold=1.629232  (alpha=0.0095)
  tolfun=0.889 tolfunhist=0.889  (frac=0.0052 of range=171)
    --> Trial 0 | pop=43 seed=390 x0_norm_min=-0.944 x0_norm_max=0.730
        [Trial 0] gen   20  evals=  860  best=17.0298
        [Trial 0] gen   40  evals= 1720  best=17.0298
        [Trial 0] gen   60  evals= 2580  best=17.0298
        [Trial 0] gen   80  evals= 3440  best=17.0298
        [Trial 0] gen  100  evals= 4300  best=17.0298
        [Trial 0] gen  120  evals= 5160  best=17.0298
        [Trial 0] gen  140  evals= 6020  best=17.0298
        [Trial 0] gen  160  evals= 6880  best=17.0298
        [Trial 0] gen  180  evals= 7740  best=17.0298
        [Trial 0] gen  200  evals= 8600  best=16.7881
        [Trial 0] gen  220  evals= 9460  best=16.7881
        [Trial 0] gen  240  evals=10320  best=16.7881
        [Trial 0] gen  260  evals=11180  best=16.7881
        [Trial 0] gen  280  evals=12040  best=16.7881
        [Trial 0] gen  300  evals=12900  best=16.7881
        [Trial 0] gen  320  evals=13760  best=16.7881
        [Trial 0] gen  340  evals=14620  best=16.7881
        [Trial 0] gen  360  evals=15480  best=16.7881
        [Trial 0] gen  380  evals=16340  best=16.7881
        [Trial 0] gen  400  evals=17200  best=16.7881
        [Trial 0] gen  420  evals=18060  best=16.7881
        [Trial 0] gen  440  evals=18920  best=16.7881
        [Trial 0] gen  460  evals=19780  best=15.8716
        [Trial 0] gen  480  evals=20640  best=15.8716
        [Trial 0] gen  500  evals=21500  best=15.8716
        [Trial 0] gen  520  evals=22360  best=15.8716
        [Trial 0] gen  540  evals=23220  best=15.8716
        [Done] Trial 0 best=15.8716
    --> Trial 1 | pop=30 seed=45813 x0_norm_min=-0.937 x0_norm_max=0.907
        [Pruned] Trial 1 at gen 15 (loss=18.7455)
    --> Trial 2 | pop=40 seed=18731 x0_norm_min=-0.344 x0_norm_max=0.824
        [Trial 2] gen   20  evals=  800  best=14.0609
        [Trial 2] gen   40  evals= 1600  best=14.0609
        [Trial 2] gen   60  evals= 2400  best=14.0609
        [Trial 2] gen   80  evals= 3200  best=14.0609
        [Trial 2] gen  100  evals= 4000  best=14.0609
        [Trial 2] gen  120  evals= 4800  best=14.0609
        [Trial 2] gen  140  evals= 5600  best=14.0609
        [Trial 2] gen  160  evals= 6400  best=14.0609
        [Trial 2] gen  180  evals= 7200  best=14.0609
        [Trial 2] gen  200  evals= 8000  best=14.0609
        [Trial 2] gen  220  evals= 8800  best=14.0609
        [Trial 2] gen  240  evals= 9600  best=14.0609
        [Trial 2] gen  260  evals=10400  best=14.0609
        [Trial 2] gen  280  evals=11200  best=14.0609
        [Trial 2] gen  300  evals=12000  best=14.0609
        [Trial 2] gen  320  evals=12800  best=14.0609
        [Trial 2] gen  340  evals=13600  best=14.0609
        [Trial 2] gen  360  evals=14400  best=14.0609
        [Trial 2] gen  380  evals=15200  best=14.0609
        [Trial 2] gen  400  evals=16000  best=14.0609
        [Done] Trial 2 best=14.0609
    --> Trial 3 | pop=37 seed=14014 x0_norm_min=-0.797 x0_norm_max=0.622
        [Pruned] Trial 3 at gen 15 (loss=17.5260)
    --> Trial 4 | pop=50 seed=25422 x0_norm_min=-0.947 x0_norm_max=0.785
        [Pruned] Trial 4 at gen 15 (loss=20.5494)
    --> Trial 5 | pop=32 seed=5612 x0_norm_min=-0.748 x0_norm_max=0.981
        [Pruned] Trial 5 at gen 15 (loss=21.6277)
    --> Trial 6 | pop=32 seed=85650 x0_norm_min=-0.929 x0_norm_max=0.732
        [Trial 6] gen   20  evals=  640  best=14.3204
        [Trial 6] gen   40  evals= 1280  best=14.3204
        [Pruned] Trial 6 at gen 45 (loss=14.3204)
    --> Trial 7 | pop=33 seed=37684 x0_norm_min=-0.779 x0_norm_max=0.922
        [Pruned] Trial 7 at gen 15 (loss=18.8576)
    --> Trial 8 | pop=49 seed=16999 x0_norm_min=-0.814 x0_norm_max=0.843
        [Trial 8] gen   20  evals=  980  best=15.8278
        [Trial 8] gen   40  evals= 1960  best=15.8278
        [Pruned] Trial 8 at gen 45 (loss=15.8278)
    --> Trial 9 | pop=54 seed=60342 x0_norm_min=-0.955 x0_norm_max=0.770
        [Pruned] Trial 9 at gen 15 (loss=18.9702)
    --> Trial 10 | pop=60 seed=99030 x0_norm_min=-0.841 x0_norm_max=0.672
        [Pruned] Trial 10 at gen 15 (loss=18.2118)
    --> Trial 11 | pop=42 seed=1631 x0_norm_min=-0.781 x0_norm_max=0.859
        [Pruned] Trial 11 at gen 15 (loss=19.7900)
    --> Trial 12 | pop=41 seed=30090 x0_norm_min=-0.402 x0_norm_max=0.428
        [Pruned] Trial 12 at gen 15 (loss=18.1231)
    --> Trial 13 | pop=43 seed=334 x0_norm_min=-0.863 x0_norm_max=0.955
        [Pruned] Trial 13 at gen 15 (loss=18.0793)
    --> Trial 14 | pop=46 seed=50420 x0_norm_min=-0.897 x0_norm_max=-0.091
        [Pruned] Trial 14 at gen 15 (loss=17.6108)
    --> Trial 15 | pop=37 seed=20986 x0_norm_min=-0.690 x0_norm_max=0.990
        [Pruned] Trial 15 at gen 15 (loss=19.8314)
    --> Trial 16 | pop=36 seed=68366 x0_norm_min=-0.776 x0_norm_max=0.982
        [Pruned] Trial 16 at gen 15 (loss=20.4343)
    --> Trial 17 | pop=46 seed=11498 x0_norm_min=-0.863 x0_norm_max=0.835
        [Pruned] Trial 17 at gen 15 (loss=18.0285)
    --> Trial 18 | pop=40 seed=34345 x0_norm_min=-0.933 x0_norm_max=0.907
        [Trial 18] gen   20  evals=  800  best=17.3595
        [Trial 18] gen   40  evals= 1600  best=17.3595
        [Pruned] Trial 18 at gen 45 (loss=17.3595)
    --> Trial 19 | pop=53 seed=9346 x0_norm_min=-0.948 x0_norm_max=0.822
        [Pruned] Trial 19 at gen 15 (loss=17.7895)

  Winner: Trial 2, loss=14.060884 (738s)
    Restarts run: 20
    mu: 24.061587
    D_mu: 13.789674
    T0_mu: 18.638781
    Ly: 2.601288
    op_x: 0.747839
    op_y: 0.840475
    NMSE: 0.102114
  [Saved] random_IR_0010

============================================================
[11/50] random_IR_0011.npz
  GT loss: 0.028425
  terrain_mean=178.725189  early_threshold=1.726044  (alpha=0.0095)
  tolfun=0.929 tolfunhist=0.929  (frac=0.0052 of range=179)
    --> Trial 0 | pop=55 seed=538 x0_norm_min=-0.944 x0_norm_max=0.730
        [Trial 0] gen   20  evals= 1100  best=19.4998
        [Trial 0] gen   40  evals= 2200  best=19.4998
        [Trial 0] gen   60  evals= 3300  best=19.4998
        [Trial 0] gen   80  evals= 4400  best=18.6731
        [Trial 0] gen  100  evals= 5500  best=18.6731
        [Trial 0] gen  120  evals= 6600  best=18.6731
        [Trial 0] gen  140  evals= 7700  best=18.6731
        [Trial 0] gen  160  evals= 8800  best=18.6731
        [Trial 0] gen  180  evals= 9900  best=18.6731
        [Trial 0] gen  200  evals=11000  best=18.6731
        [Trial 0] gen  220  evals=12100  best=18.6731
        [Trial 0] gen  240  evals=13200  best=18.6731
        [Trial 0] gen  260  evals=14300  best=18.6731
        [Trial 0] gen  280  evals=15400  best=18.6731
        [Trial 0] gen  300  evals=16500  best=18.0561
        [Trial 0] gen  320  evals=17600  best=17.5080
        [Trial 0] gen  340  evals=18700  best=17.5080
        [Trial 0] gen  360  evals=19800  best=17.5080
        [Trial 0] gen  380  evals=20900  best=17.5080
        [Trial 0] gen  400  evals=22000  best=17.5080
        [Trial 0] gen  420  evals=23100  best=17.5080
        [Trial 0] gen  440  evals=24200  best=17.5080
        [Trial 0] gen  460  evals=25300  best=17.5080
        [Trial 0] gen  480  evals=26400  best=17.5080
        [Trial 0] gen  500  evals=27500  best=17.5080
        [Done] Trial 0 best=17.5080
    --> Trial 1 | pop=59 seed=29428 x0_norm_min=-0.937 x0_norm_max=0.907
        [Trial 1] gen   20  evals= 1180  best=17.7487
        [Trial 1] gen   40  evals= 2360  best=17.7487
        [Trial 1] gen   60  evals= 3540  best=17.7487
        [Trial 1] gen   80  evals= 4720  best=17.7487
        [Trial 1] gen  100  evals= 5900  best=17.7487
        [Trial 1] gen  120  evals= 7080  best=17.7487
        [Trial 1] gen  140  evals= 8260  best=17.7487
        [Trial 1] gen  160  evals= 9440  best=17.7487
        [Trial 1] gen  180  evals=10620  best=17.7047
        [Done] Trial 1 best=16.8998
    --> Trial 2 | pop=36 seed=25256 x0_norm_min=-0.344 x0_norm_max=0.824
        [Pruned] Trial 2 at gen 15 (loss=22.2411)
    --> Trial 3 | pop=32 seed=48864 x0_norm_min=-0.797 x0_norm_max=0.622
        [Pruned] Trial 3 at gen 15 (loss=21.8070)
    --> Trial 4 | pop=40 seed=41251 x0_norm_min=-0.947 x0_norm_max=0.785
        [Pruned] Trial 4 at gen 15 (loss=23.1872)
    --> Trial 5 | pop=54 seed=25605 x0_norm_min=-0.748 x0_norm_max=0.981
        [Trial 5] gen   20  evals= 1080  best=18.1462
        [Trial 5] gen   40  evals= 2160  best=18.1462
        [Pruned] Trial 5 at gen 45 (loss=18.1462)
    --> Trial 6 | pop=32 seed=51451 x0_norm_min=-0.929 x0_norm_max=0.732
        [Pruned] Trial 6 at gen 15 (loss=19.7722)
    --> Trial 7 | pop=55 seed=72195 x0_norm_min=-0.779 x0_norm_max=0.922
        [Pruned] Trial 7 at gen 15 (loss=21.3970)
    --> Trial 8 | pop=47 seed=64491 x0_norm_min=-0.814 x0_norm_max=0.843
        [Pruned] Trial 8 at gen 15 (loss=19.5921)
    --> Trial 9 | pop=59 seed=68917 x0_norm_min=-0.955 x0_norm_max=0.770
        [Pruned] Trial 9 at gen 15 (loss=20.8439)
    --> Trial 10 | pop=45 seed=98207 x0_norm_min=-0.841 x0_norm_max=0.672
        [Pruned] Trial 10 at gen 15 (loss=20.5378)
    --> Trial 11 | pop=60 seed=555 x0_norm_min=-0.781 x0_norm_max=0.859
        [Trial 11] gen   20  evals= 1200  best=19.2690
        [Trial 11] gen   40  evals= 2400  best=19.2690
        [Pruned] Trial 11 at gen 45 (loss=19.2690)
    --> Trial 12 | pop=52 seed=4093 x0_norm_min=-0.402 x0_norm_max=0.428
        [Pruned] Trial 12 at gen 15 (loss=20.6418)
    --> Trial 13 | pop=50 seed=17974 x0_norm_min=-0.863 x0_norm_max=0.955
        [Pruned] Trial 13 at gen 15 (loss=20.1917)
    --> Trial 14 | pop=57 seed=12415 x0_norm_min=-0.897 x0_norm_max=-0.091
        [Pruned] Trial 14 at gen 15 (loss=20.1694)
    --> Trial 15 | pop=49 seed=32946 x0_norm_min=-0.690 x0_norm_max=0.990
        [Pruned] Trial 15 at gen 15 (loss=19.8972)
    --> Trial 16 | pop=56 seed=9942 x0_norm_min=-0.776 x0_norm_max=0.982
        [Pruned] Trial 16 at gen 15 (loss=22.0132)
    --> Trial 17 | pop=43 seed=34763 x0_norm_min=-0.863 x0_norm_max=0.835
        [Pruned] Trial 17 at gen 15 (loss=20.6807)
    --> Trial 18 | pop=52 seed=20168 x0_norm_min=-0.933 x0_norm_max=0.907
        [Pruned] Trial 18 at gen 15 (loss=21.9226)
    --> Trial 19 | pop=59 seed=84871 x0_norm_min=-0.948 x0_norm_max=0.822
        [Pruned] Trial 19 at gen 15 (loss=20.1695)

  Winner: Trial 1, loss=16.899841 (795s)
    Restarts run: 20
    mu: 50.170691
    D_mu: 19.052987
    T0_mu: 3.326984
    Ly: 3.041882
    op_x: 0.990667
    op_y: 0.734102
    NMSE: 0.171114
  [Saved] random_IR_0011

============================================================
[12/50] random_IR_0012.npz
  GT loss: 0.001011
  terrain_mean=186.416428  early_threshold=1.771958  (alpha=0.0095)
  tolfun=0.969 tolfunhist=0.969  (frac=0.0052 of range=186)
    --> Trial 0 | pop=54 seed=80772 x0_norm_min=-0.944 x0_norm_max=0.730
        [Trial 0] gen   20  evals= 1080  best=19.0130
        [Trial 0] gen   40  evals= 2160  best=18.9747
        [Trial 0] gen   60  evals= 3240  best=18.9747
        [Trial 0] gen   80  evals= 4320  best=18.7480
        [Trial 0] gen  100  evals= 5400  best=18.7480
        [Trial 0] gen  120  evals= 6480  best=18.7480
        [Trial 0] gen  140  evals= 7560  best=18.7480
        [Trial 0] gen  160  evals= 8640  best=18.7480
        [Trial 0] gen  180  evals= 9720  best=18.7480
        [Trial 0] gen  200  evals=10800  best=18.7480
        [Trial 0] gen  220  evals=11880  best=18.7480
        [Trial 0] gen  240  evals=12960  best=18.7480
        [Trial 0] gen  260  evals=14040  best=17.3968
        [Done] Trial 0 best=17.2941
    --> Trial 1 | pop=54 seed=70958 x0_norm_min=-0.937 x0_norm_max=0.907
        [Trial 1] gen   20  evals= 1080  best=17.4300
        [Trial 1] gen   40  evals= 2160  best=17.4300
        [Trial 1] gen   60  evals= 3240  best=17.4300
        [Trial 1] gen   80  evals= 4320  best=17.4300
        [Trial 1] gen  100  evals= 5400  best=17.4300
        [Trial 1] gen  120  evals= 6480  best=17.4300
        [Trial 1] gen  140  evals= 7560  best=17.4300
        [Trial 1] gen  160  evals= 8640  best=17.4300
        [Trial 1] gen  180  evals= 9720  best=17.4300
        [Trial 1] gen  200  evals=10800  best=17.4300
        [Trial 1] gen  220  evals=11880  best=17.4300
        [Trial 1] gen  240  evals=12960  best=17.4300
        [Trial 1] gen  260  evals=14040  best=17.4300
        [Trial 1] gen  280  evals=15120  best=17.4042
        [Done] Trial 1 best=17.1139
    --> Trial 2 | pop=55 seed=2176 x0_norm_min=-0.344 x0_norm_max=0.824
        [Pruned] Trial 2 at gen 15 (loss=19.4279)
    --> Trial 3 | pop=39 seed=76625 x0_norm_min=-0.797 x0_norm_max=0.622
        [Pruned] Trial 3 at gen 15 (loss=21.3506)
    --> Trial 4 | pop=60 seed=42662 x0_norm_min=-0.947 x0_norm_max=0.785
        [Pruned] Trial 4 at gen 15 (loss=19.0530)
    --> Trial 5 | pop=30 seed=47738 x0_norm_min=-0.748 x0_norm_max=0.981
        [Pruned] Trial 5 at gen 15 (loss=19.2927)
    --> Trial 6 | pop=41 seed=35411 x0_norm_min=-0.929 x0_norm_max=0.732
        [Pruned] Trial 6 at gen 15 (loss=20.0569)
    --> Trial 7 | pop=44 seed=11043 x0_norm_min=-0.779 x0_norm_max=0.922
        [Trial 7] gen   20  evals=  880  best=18.4462
        [Trial 7] gen   40  evals= 1760  best=18.4462
        [Pruned] Trial 7 at gen 45 (loss=18.4462)
    --> Trial 8 | pop=42 seed=22736 x0_norm_min=-0.814 x0_norm_max=0.843
        [Trial 8] gen   20  evals=  840  best=17.7316
        [Trial 8] gen   40  evals= 1680  best=17.7316
        [Trial 8] gen   60  evals= 2520  best=15.1003
        [Trial 8] gen   80  evals= 3360  best=15.1003
        [Trial 8] gen  100  evals= 4200  best=15.1003
        [Trial 8] gen  120  evals= 5040  best=15.1003
        [Trial 8] gen  140  evals= 5880  best=15.1003
        [Trial 8] gen  160  evals= 6720  best=15.1003
        [Trial 8] gen  180  evals= 7560  best=15.1003
        [Trial 8] gen  200  evals= 8400  best=15.1003
        [Trial 8] gen  220  evals= 9240  best=15.1003
        [Trial 8] gen  240  evals=10080  best=15.1003
        [Trial 8] gen  260  evals=10920  best=15.1003
        [Trial 8] gen  280  evals=11760  best=15.1003
        [Trial 8] gen  300  evals=12600  best=15.1003
        [Trial 8] gen  320  evals=13440  best=15.1003
        [Trial 8] gen  340  evals=14280  best=15.1003
        [Trial 8] gen  360  evals=15120  best=15.1003
        [Trial 8] gen  380  evals=15960  best=15.1003
        [Trial 8] gen  400  evals=16800  best=15.1003
        [TRIAL TIMEOUT] Trial 8 total >600s, stopping
        [Done] Trial 8 best=15.1003
    --> Trial 9 | pop=56 seed=47806 x0_norm_min=-0.955 x0_norm_max=0.770
        [Pruned] Trial 9 at gen 15 (loss=21.2952)
    --> Trial 10 | pop=31 seed=98084 x0_norm_min=-0.841 x0_norm_max=0.672
        [Pruned] Trial 10 at gen 15 (loss=20.9532)
    --> Trial 11 | pop=47 seed=22321 x0_norm_min=-0.781 x0_norm_max=0.859
        [Pruned] Trial 11 at gen 15 (loss=19.4803)
    --> Trial 12 | pop=50 seed=60475 x0_norm_min=-0.402 x0_norm_max=0.428
        [Trial 12] gen   20  evals= 1000  best=18.5941
        [Trial 12] gen   40  evals= 2000  best=18.5941
        [Pruned] Trial 12 at gen 45 (loss=18.5941)
    --> Trial 13 | pop=36 seed=67626 x0_norm_min=-0.863 x0_norm_max=0.955
        [Pruned] Trial 13 at gen 15 (loss=19.6995)
    --> Trial 14 | pop=50 seed=97159 x0_norm_min=-0.897 x0_norm_max=-0.091
        [Trial 14] gen   20  evals= 1000  best=18.4474
        [Trial 14] gen   40  evals= 2000  best=18.4474
        [Pruned] Trial 14 at gen 45 (loss=18.4474)
    --> Trial 15 | pop=35 seed=30332 x0_norm_min=-0.690 x0_norm_max=0.990
        [Trial 15] gen   20  evals=  700  best=18.2369
        [Trial 15] gen   40  evals= 1400  best=18.2369
        [Pruned] Trial 15 at gen 45 (loss=18.2369)
    --> Trial 16 | pop=60 seed=22361 x0_norm_min=-0.776 x0_norm_max=0.982
        [Pruned] Trial 16 at gen 15 (loss=20.7150)
    --> Trial 17 | pop=46 seed=59206 x0_norm_min=-0.863 x0_norm_max=0.835
        [Pruned] Trial 17 at gen 15 (loss=19.6268)
    --> Trial 18 | pop=42 seed=82988 x0_norm_min=-0.933 x0_norm_max=0.907
        [Pruned] Trial 18 at gen 15 (loss=19.1954)
    --> Trial 19 | pop=51 seed=4229 x0_norm_min=-0.948 x0_norm_max=0.822
        [Pruned] Trial 19 at gen 15 (loss=20.5040)

  Winner: Trial 8, loss=15.100321 (1736s)
    Restarts run: 20
    mu: 10.084111
    D_mu: 0.992653
    T0_mu: 78.780245
    Ly: 1.999110
    op_x: 0.587919
    op_y: 0.736550
    NMSE: 0.022672
  [Saved] random_IR_0012

============================================================
[13/50] random_IR_0013.npz
  GT loss: 0.000419
  terrain_mean=217.439529  early_threshold=2.066091  (alpha=0.0095)
  tolfun=1.13 tolfunhist=1.13  (frac=0.0052 of range=217)
    --> Trial 0 | pop=30 seed=26231 x0_norm_min=-0.944 x0_norm_max=0.730
        [Trial 0] gen   20  evals=  600  best=19.2360
        [Trial 0] gen   40  evals= 1200  best=19.2360
        [Trial 0] gen   60  evals= 1800  best=16.9717
        [Trial 0] gen   80  evals= 2400  best=16.9717
        [Trial 0] gen  100  evals= 3000  best=16.9717
        [Trial 0] gen  120  evals= 3600  best=16.9717
        [Trial 0] gen  140  evals= 4200  best=16.9717
        [Trial 0] gen  160  evals= 4800  best=16.9717
        [Trial 0] gen  180  evals= 5400  best=16.9717
        [Trial 0] gen  200  evals= 6000  best=16.9717
        [Trial 0] gen  220  evals= 6600  best=16.9717
        [Trial 0] gen  240  evals= 7200  best=16.9717
        [Trial 0] gen  260  evals= 7800  best=16.9717
        [Trial 0] gen  280  evals= 8400  best=16.9717
        [Trial 0] gen  300  evals= 9000  best=16.9717
        [Trial 0] gen  320  evals= 9600  best=16.9717
        [Trial 0] gen  340  evals=10200  best=16.9717
        [Trial 0] gen  360  evals=10800  best=16.9717
        [Trial 0] gen  380  evals=11400  best=16.9717
        [Trial 0] gen  400  evals=12000  best=16.9717
        [Trial 0] gen  420  evals=12600  best=16.9717
        [Trial 0] gen  440  evals=13200  best=16.9717
        [Trial 0] gen  460  evals=13800  best=16.9717
        [Trial 0] gen  480  evals=14400  best=16.9717
        [Trial 0] gen  500  evals=15000  best=16.9717
        [Trial 0] gen  520  evals=15600  best=16.9717
        [Trial 0] gen  540  evals=16200  best=16.9717
        [Trial 0] gen  560  evals=16800  best=16.9717
        [Trial 0] gen  580  evals=17400  best=16.9717
        [Trial 0] gen  600  evals=18000  best=16.9717
        [Trial 0] gen  620  evals=18600  best=16.9717
        [Trial 0] gen  640  evals=19200  best=16.9717
        [Trial 0] gen  660  evals=19800  best=16.9717
        [Done] Trial 0 best=16.9717
    --> Trial 1 | pop=37 seed=28602 x0_norm_min=-0.937 x0_norm_max=0.907
        [Pruned] Trial 1 at gen 15 (loss=20.7252)
    --> Trial 2 | pop=55 seed=85023 x0_norm_min=-0.344 x0_norm_max=0.824
        [Trial 2] gen   20  evals= 1100  best=15.5766
        [Trial 2] gen   40  evals= 2200  best=15.5766
        [Trial 2] gen   60  evals= 3300  best=15.5766
        [Trial 2] gen   80  evals= 4400  best=15.5766
        [Trial 2] gen  100  evals= 5500  best=15.5766
        [Trial 2] gen  120  evals= 6600  best=15.5766
        [Trial 2] gen  140  evals= 7700  best=15.5766
        [Trial 2] gen  160  evals= 8800  best=15.5766
        [Trial 2] gen  180  evals= 9900  best=15.5766
        [Trial 2] gen  200  evals=11000  best=15.5766
        [Trial 2] gen  220  evals=12100  best=15.5766
        [Trial 2] gen  240  evals=13200  best=15.5766
        [Done] Trial 2 best=15.5766
    --> Trial 3 | pop=46 seed=70893 x0_norm_min=-0.797 x0_norm_max=0.622
        [Pruned] Trial 3 at gen 15 (loss=18.6944)
    --> Trial 4 | pop=57 seed=7312 x0_norm_min=-0.947 x0_norm_max=0.785
        [Pruned] Trial 4 at gen 15 (loss=18.7689)
    --> Trial 5 | pop=47 seed=3874 x0_norm_min=-0.748 x0_norm_max=0.981
        [Trial 5] gen   20  evals=  940  best=16.7847
        [Trial 5] gen   40  evals= 1880  best=16.7847
        [Pruned] Trial 5 at gen 45 (loss=16.7847)
    --> Trial 6 | pop=54 seed=78271 x0_norm_min=-0.929 x0_norm_max=0.732
        [Pruned] Trial 6 at gen 15 (loss=17.7672)
    --> Trial 7 | pop=41 seed=77416 x0_norm_min=-0.779 x0_norm_max=0.922
        [Pruned] Trial 7 at gen 15 (loss=21.6668)
    --> Trial 8 | pop=54 seed=39041 x0_norm_min=-0.814 x0_norm_max=0.843
        [Trial 8] gen   20  evals= 1080  best=17.2056
        [Trial 8] gen   40  evals= 2160  best=17.2056
        [Pruned] Trial 8 at gen 45 (loss=17.2056)
    --> Trial 9 | pop=33 seed=47507 x0_norm_min=-0.955 x0_norm_max=0.770
        [Pruned] Trial 9 at gen 15 (loss=19.0382)
    --> Trial 10 | pop=59 seed=97477 x0_norm_min=-0.841 x0_norm_max=0.672
        [Pruned] Trial 10 at gen 15 (loss=19.6932)
    --> Trial 11 | pop=32 seed=59185 x0_norm_min=-0.781 x0_norm_max=0.859
        [Pruned] Trial 11 at gen 15 (loss=20.3041)
    --> Trial 12 | pop=46 seed=98362 x0_norm_min=-0.402 x0_norm_max=0.428
        [Trial 12] gen   20  evals=  920  best=15.8357
        [Trial 12] gen   40  evals= 1840  best=15.8357
        [Pruned] Trial 12 at gen 45 (loss=15.8357)
    --> Trial 13 | pop=40 seed=23903 x0_norm_min=-0.863 x0_norm_max=0.955
        [Pruned] Trial 13 at gen 15 (loss=17.7458)
    --> Trial 14 | pop=30 seed=54834 x0_norm_min=-0.897 x0_norm_max=-0.091
        [Pruned] Trial 14 at gen 15 (loss=18.2778)
    --> Trial 15 | pop=49 seed=20043 x0_norm_min=-0.690 x0_norm_max=0.990
        [Pruned] Trial 15 at gen 15 (loss=18.6289)
    --> Trial 16 | pop=51 seed=88524 x0_norm_min=-0.776 x0_norm_max=0.982
        [Pruned] Trial 16 at gen 15 (loss=18.6047)
    --> Trial 17 | pop=42 seed=37648 x0_norm_min=-0.863 x0_norm_max=0.835
        [Pruned] Trial 17 at gen 15 (loss=18.7358)
    --> Trial 18 | pop=37 seed=63449 x0_norm_min=-0.933 x0_norm_max=0.907
        [Pruned] Trial 18 at gen 15 (loss=20.3449)
    --> Trial 19 | pop=60 seed=16473 x0_norm_min=-0.948 x0_norm_max=0.822
        [Pruned] Trial 19 at gen 15 (loss=19.0811)

  Winner: Trial 2, loss=15.576629 (874s)
    Restarts run: 20
    mu: 15.195947
    D_mu: 1.280767
    T0_mu: 18.056320
    Ly: 2.939764
    op_x: 0.654715
    op_y: 0.873958
    NMSE: 0.100842
  [Saved] random_IR_0013

============================================================
[14/50] random_IR_0014.npz
  GT loss: 0.000648
  terrain_mean=246.114304  early_threshold=2.338727  (alpha=0.0095)
  tolfun=1.28 tolfunhist=1.28  (frac=0.0052 of range=246)
    --> Trial 0 | pop=56 seed=70816 x0_norm_min=-0.944 x0_norm_max=0.730
        [Trial 0] gen   20  evals= 1120  best=19.5808
        [Trial 0] gen   40  evals= 2240  best=19.5808
        [Trial 0] gen   60  evals= 3360  best=19.5808
        [Trial 0] gen   80  evals= 4480  best=19.5808
        [Trial 0] gen  100  evals= 5600  best=19.5808
        [Trial 0] gen  120  evals= 6720  best=19.5808
        [Trial 0] gen  140  evals= 7840  best=19.5808
        [Trial 0] gen  160  evals= 8960  best=19.3968
        [Trial 0] gen  180  evals=10080  best=19.3968
        [Trial 0] gen  200  evals=11200  best=19.3968
        [Trial 0] gen  220  evals=12320  best=19.3968
        [Trial 0] gen  240  evals=13440  best=19.3968
        [Trial 0] gen  260  evals=14560  best=17.8286
        [Trial 0] gen  280  evals=15680  best=17.8286
        [Trial 0] gen  300  evals=16800  best=17.8286
        [Trial 0] gen  320  evals=17920  best=17.8286
        [Trial 0] gen  340  evals=19040  best=17.8286
        [Trial 0] gen  360  evals=20160  best=17.8286
        [Trial 0] gen  380  evals=21280  best=17.8286
        [Trial 0] gen  400  evals=22400  best=17.8286
        [Done] Trial 0 best=17.8286
    --> Trial 1 | pop=50 seed=55544 x0_norm_min=-0.937 x0_norm_max=0.907
        [Pruned] Trial 1 at gen 15 (loss=19.8772)
    --> Trial 2 | pop=43 seed=96427 x0_norm_min=-0.344 x0_norm_max=0.824
        [Pruned] Trial 2 at gen 15 (loss=24.1092)
    --> Trial 3 | pop=35 seed=5162 x0_norm_min=-0.797 x0_norm_max=0.622
        [Pruned] Trial 3 at gen 15 (loss=21.5469)
    --> Trial 4 | pop=40 seed=52803 x0_norm_min=-0.947 x0_norm_max=0.785
        [Pruned] Trial 4 at gen 15 (loss=20.6475)
    --> Trial 5 | pop=54 seed=94846 x0_norm_min=-0.748 x0_norm_max=0.981
        [Pruned] Trial 5 at gen 15 (loss=22.1691)
    --> Trial 6 | pop=58 seed=56605 x0_norm_min=-0.929 x0_norm_max=0.732
        [Pruned] Trial 6 at gen 15 (loss=21.4279)
    --> Trial 7 | pop=37 seed=56760 x0_norm_min=-0.779 x0_norm_max=0.922
        [Pruned] Trial 7 at gen 15 (loss=22.9819)
    --> Trial 8 | pop=51 seed=20132 x0_norm_min=-0.814 x0_norm_max=0.843
        [Trial 8] gen   20  evals= 1020  best=18.3015
        [Trial 8] gen   40  evals= 2040  best=16.3214
        [Trial 8] gen   60  evals= 3060  best=16.3214
        [Trial 8] gen   80  evals= 4080  best=16.3214
        [Trial 8] gen  100  evals= 5100  best=16.3214
        [Trial 8] gen  120  evals= 6120  best=16.3214
        [Trial 8] gen  140  evals= 7140  best=16.3214
        [Trial 8] gen  160  evals= 8160  best=16.3214
        [Trial 8] gen  180  evals= 9180  best=16.3214
        [Trial 8] gen  200  evals=10200  best=16.3214
        [Trial 8] gen  220  evals=11220  best=16.3214
        [Trial 8] gen  240  evals=12240  best=16.3214
        [Trial 8] gen  260  evals=13260  best=16.3214
        [Trial 8] gen  280  evals=14280  best=16.3214
        [Trial 8] gen  300  evals=15300  best=16.3214
        [Trial 8] gen  320  evals=16320  best=16.3214
        [Trial 8] gen  340  evals=17340  best=16.3214
        [Trial 8] gen  360  evals=18360  best=16.3214
        [Trial 8] gen  380  evals=19380  best=16.3214
        [Trial 8] gen  400  evals=20400  best=16.3214
        [Trial 8] gen  420  evals=21420  best=16.3214
        [Trial 8] gen  440  evals=22440  best=16.3214
        [Trial 8] gen  460  evals=23460  best=16.3214
        [Trial 8] gen  480  evals=24480  best=16.3214
        [Done] Trial 8 best=16.3214
    --> Trial 9 | pop=54 seed=84981 x0_norm_min=-0.955 x0_norm_max=0.770
        [Pruned] Trial 9 at gen 15 (loss=21.8628)
    --> Trial 10 | pop=30 seed=3045 x0_norm_min=-0.841 x0_norm_max=0.672
        [Pruned] Trial 10 at gen 15 (loss=20.7851)
    --> Trial 11 | pop=47 seed=26659 x0_norm_min=-0.781 x0_norm_max=0.859
        [Trial 11] gen   20  evals=  940  best=20.3633
        [Trial 11] gen   40  evals= 1880  best=20.3633
        [Pruned] Trial 11 at gen 45 (loss=20.3633)
    --> Trial 12 | pop=60 seed=24275 x0_norm_min=-0.402 x0_norm_max=0.428
        [Trial 12] gen   20  evals= 1200  best=20.0300
        [Trial 12] gen   40  evals= 2400  best=19.9133
        [Pruned] Trial 12 at gen 45 (loss=19.9133)
    --> Trial 13 | pop=49 seed=78073 x0_norm_min=-0.863 x0_norm_max=0.955
        [Pruned] Trial 13 at gen 15 (loss=21.0930)
    --> Trial 14 | pop=54 seed=31966 x0_norm_min=-0.897 x0_norm_max=-0.091
        [Trial 14] gen   20  evals= 1080  best=17.6530
        [Trial 14] gen   40  evals= 2160  best=17.6530
        [Pruned] Trial 14 at gen 45 (loss=17.6530)
    --> Trial 15 | pop=45 seed=39380 x0_norm_min=-0.690 x0_norm_max=0.990
        [Trial 15] gen   20  evals=  900  best=19.5475
        [Trial 15] gen   40  evals= 1800  best=19.2397
        [Pruned] Trial 15 at gen 45 (loss=19.2397)
    --> Trial 16 | pop=57 seed=72155 x0_norm_min=-0.776 x0_norm_max=0.982
        [Pruned] Trial 16 at gen 15 (loss=20.8274)
    --> Trial 17 | pop=51 seed=14236 x0_norm_min=-0.863 x0_norm_max=0.835
        [Trial 17] gen   20  evals= 1020  best=18.0674
        [Trial 17] gen   40  evals= 2040  best=17.5812
        [Trial 17] gen   60  evals= 3060  best=17.5812
        [Trial 17] gen   80  evals= 4080  best=17.5812
        [Trial 17] gen  100  evals= 5100  best=17.5812
        [Trial 17] gen  120  evals= 6120  best=17.5812
        [Pruned] Trial 17 at gen 135 (loss=17.5812)
    --> Trial 18 | pop=52 seed=43639 x0_norm_min=-0.933 x0_norm_max=0.907
        [Pruned] Trial 18 at gen 15 (loss=22.3017)
    --> Trial 19 | pop=56 seed=69374 x0_norm_min=-0.948 x0_norm_max=0.822
        [Pruned] Trial 19 at gen 15 (loss=21.0361)

  Winner: Trial 8, loss=16.321373 (930s)
    Restarts run: 20
    mu: 23.684000
    D_mu: 0.817366
    T0_mu: 38.541619
    Ly: 1.467751
    op_x: 0.658465
    op_y: 0.566888
    NMSE: 0.066197
  [Saved] random_IR_0014

============================================================
[15/50] random_IR_0015.npz
  GT loss: 22.212269
  terrain_mean=921.307373  early_threshold=30.753672  (alpha=0.0095)
  tolfun=4.68 tolfunhist=4.68  (frac=0.0052 of range=899)
    --> Trial 0 | pop=46 seed=142 x0_norm_min=-0.944 x0_norm_max=0.730
        [Trial 0] gen   20  evals=  920  best=23.3670
        [Trial 0] gen   40  evals= 1840  best=20.8889
        [Trial 0] gen   60  evals= 2760  best=20.8889
        [Trial 0] gen   80  evals= 3680  best=20.8889
        [Trial 0] gen  100  evals= 4600  best=20.8889
        [Trial 0] gen  120  evals= 5520  best=20.8889
        [Trial 0] gen  140  evals= 6440  best=20.8889
        [Trial 0] gen  160  evals= 7360  best=20.8889
        [Trial 0] gen  180  evals= 8280  best=20.8889
        [Trial 0] gen  200  evals= 9200  best=20.8889
        [Trial 0] gen  220  evals=10120  best=16.9594
        [Trial 0] gen  240  evals=11040  best=16.9594
        [Trial 0] gen  260  evals=11960  best=16.9594
        [Trial 0] gen  280  evals=12880  best=16.9167
        [Trial 0] gen  300  evals=13800  best=16.9167
        [Trial 0] gen  320  evals=14720  best=16.9167
        [Trial 0] gen  340  evals=15640  best=16.9167
        [Trial 0] gen  360  evals=16560  best=16.2058
        [Trial 0] gen  380  evals=17480  best=16.2058
        [Trial 0] gen  400  evals=18400  best=16.2058
        [Trial 0] gen  420  evals=19320  best=16.2058
        [Trial 0] gen  440  evals=20240  best=16.2058
        [Trial 0] gen  460  evals=21160  best=16.2058
        [Trial 0] gen  480  evals=22080  best=16.2058
        [Done] Trial 0 best=16.2058
    --> Early stop triggered: trial 0 reached loss=16.205772 < 30.753672

  Winner: Trial 0, loss=16.205772 (199s)
    Restarts run: 1
    mu: 8.746261
    D_mu: 9.671786
    T0_mu: 114.264716
    Ly: 2.065838
    op_x: 0.974486
    op_y: 0.999955
    NMSE: 0.135953
  [Saved] random_IR_0015

============================================================
[16/50] random_IR_0016.npz
  GT loss: 0.670706
  terrain_mean=364.531403  early_threshold=4.127382  (alpha=0.0095)
  tolfun=1.89 tolfunhist=1.89  (frac=0.0052 of range=364)
    --> Trial 0 | pop=43 seed=13699 x0_norm_min=-0.944 x0_norm_max=0.730
        [Trial 0] gen   20  evals=  860  best=18.8466
        [Trial 0] gen   40  evals= 1720  best=18.3009
        [Trial 0] gen   60  evals= 2580  best=18.3009
        [Trial 0] gen   80  evals= 3440  best=18.3009
        [Trial 0] gen  100  evals= 4300  best=15.8995
        [Trial 0] gen  120  evals= 5160  best=15.8995
        [Trial 0] gen  140  evals= 6020  best=15.8995
        [Trial 0] gen  160  evals= 6880  best=15.8995
        [Trial 0] gen  180  evals= 7740  best=15.8995
        [Trial 0] gen  200  evals= 8600  best=15.8995
        [Trial 0] gen  220  evals= 9460  best=15.8995
        [Trial 0] gen  240  evals=10320  best=15.8995
        [Trial 0] gen  260  evals=11180  best=15.8995
        [Done] Trial 0 best=15.8995
    --> Trial 1 | pop=46 seed=90592 x0_norm_min=-0.937 x0_norm_max=0.907
        [Trial 1] gen   20  evals=  920  best=20.3437
        [Trial 1] gen   40  evals= 1840  best=20.3437
        [Pruned] Trial 1 at gen 45 (loss=20.3437)
    --> Trial 2 | pop=59 seed=30252 x0_norm_min=-0.344 x0_norm_max=0.824
        [Trial 2] gen   20  evals= 1180  best=18.2654
        [Trial 2] gen   40  evals= 2360  best=18.2654
        [Trial 2] gen   60  evals= 3540  best=18.2654
        [Trial 2] gen   80  evals= 4720  best=18.2654
        [Trial 2] gen  100  evals= 5900  best=18.2654
        [Trial 2] gen  120  evals= 7080  best=18.2654
        [Pruned] Trial 2 at gen 135 (loss=18.2654)
    --> Trial 3 | pop=56 seed=78006 x0_norm_min=-0.797 x0_norm_max=0.622
        [Pruned] Trial 3 at gen 15 (loss=23.4858)
    --> Trial 4 | pop=43 seed=50541 x0_norm_min=-0.947 x0_norm_max=0.785
        [Pruned] Trial 4 at gen 15 (loss=25.8726)
    --> Trial 5 | pop=55 seed=18260 x0_norm_min=-0.748 x0_norm_max=0.981
        [Pruned] Trial 5 at gen 15 (loss=22.9753)
    --> Trial 6 | pop=35 seed=29812 x0_norm_min=-0.929 x0_norm_max=0.732
        [Pruned] Trial 6 at gen 15 (loss=22.9603)
    --> Trial 7 | pop=52 seed=1651 x0_norm_min=-0.779 x0_norm_max=0.922
        [Pruned] Trial 7 at gen 15 (loss=23.2969)
    --> Trial 8 | pop=54 seed=33557 x0_norm_min=-0.814 x0_norm_max=0.843
        [Pruned] Trial 8 at gen 15 (loss=21.0767)
    --> Trial 9 | pop=31 seed=38748 x0_norm_min=-0.955 x0_norm_max=0.770
        [Trial 9] gen   20  evals=  620  best=20.4653
        [Trial 9] gen   40  evals= 1240  best=20.3143
        [Pruned] Trial 9 at gen 45 (loss=20.3143)
    --> Trial 10 | pop=40 seed=63446 x0_norm_min=-0.841 x0_norm_max=0.672
        [Pruned] Trial 10 at gen 15 (loss=22.1112)
    --> Trial 11 | pop=60 seed=6561 x0_norm_min=-0.781 x0_norm_max=0.859
        [Pruned] Trial 11 at gen 15 (loss=21.0853)
    --> Trial 12 | pop=47 seed=16523 x0_norm_min=-0.402 x0_norm_max=0.428
        [Pruned] Trial 12 at gen 15 (loss=25.0813)
    --> Trial 13 | pop=37 seed=21143 x0_norm_min=-0.863 x0_norm_max=0.955
        [Pruned] Trial 13 at gen 15 (loss=25.0085)
    --> Trial 14 | pop=49 seed=50206 x0_norm_min=-0.897 x0_norm_max=-0.091
        [Pruned] Trial 14 at gen 15 (loss=23.1654)
    --> Trial 15 | pop=60 seed=44527 x0_norm_min=-0.690 x0_norm_max=0.990
        [Pruned] Trial 15 at gen 15 (loss=22.0596)
    --> Trial 16 | pop=43 seed=11827 x0_norm_min=-0.776 x0_norm_max=0.982
        [Pruned] Trial 16 at gen 15 (loss=22.9683)
    --> Trial 17 | pop=30 seed=25858 x0_norm_min=-0.863 x0_norm_max=0.835
        [Trial 17] gen   20  evals=  600  best=20.4601
        [Trial 17] gen   40  evals= 1200  best=20.4601
        [Pruned] Trial 17 at gen 45 (loss=20.4601)
    --> Trial 18 | pop=50 seed=62386 x0_norm_min=-0.933 x0_norm_max=0.907
        [Trial 18] gen   20  evals= 1000  best=19.2281
        [Trial 18] gen   40  evals= 2000  best=19.2281
        [Pruned] Trial 18 at gen 45 (loss=19.2281)
    --> Trial 19 | pop=36 seed=1739 x0_norm_min=-0.948 x0_norm_max=0.822
        [Pruned] Trial 19 at gen 15 (loss=21.7984)

  Winner: Trial 0, loss=15.899538 (418s)
    Restarts run: 20
    mu: 10.236222
    D_mu: 77.165214
    T0_mu: 97.592648
    Ly: 3.996017
    op_x: 0.997800
    op_y: 0.791937
    NMSE: 0.107740
  [Saved] random_IR_0016

============================================================
[17/50] random_IR_0017.npz
  GT loss: 0.036992
  terrain_mean=143.631912  early_threshold=1.401144  (alpha=0.0095)
  tolfun=0.747 tolfunhist=0.747  (frac=0.0052 of range=144)
    --> Trial 0 | pop=37 seed=57517 x0_norm_min=-0.944 x0_norm_max=0.730
        [Trial 0] gen   20  evals=  740  best=19.5547
        [Trial 0] gen   40  evals= 1480  best=15.5233
        [Trial 0] gen   60  evals= 2220  best=15.5233
        [Trial 0] gen   80  evals= 2960  best=15.5233
        [Trial 0] gen  100  evals= 3700  best=15.5233
        [Trial 0] gen  120  evals= 4440  best=15.5233
        [Trial 0] gen  140  evals= 5180  best=15.5233
        [Trial 0] gen  160  evals= 5920  best=15.5233
        [Trial 0] gen  180  evals= 6660  best=15.5233
        [Trial 0] gen  200  evals= 7400  best=14.5508
        [Trial 0] gen  220  evals= 8140  best=14.5508
        [Trial 0] gen  240  evals= 8880  best=14.5508
        [Trial 0] gen  260  evals= 9620  best=13.8451
        [Trial 0] gen  280  evals=10360  best=12.4508
        [Done] Trial 0 best=12.3971
    --> Trial 1 | pop=36 seed=87893 x0_norm_min=-0.937 x0_norm_max=0.907
        [Pruned] Trial 1 at gen 15 (loss=19.9419)
    --> Trial 2 | pop=51 seed=41810 x0_norm_min=-0.344 x0_norm_max=0.824
        [Trial 2] gen   20  evals= 1020  best=16.1050
        [Trial 2] gen   40  evals= 2040  best=16.1050
        [Pruned] Trial 2 at gen 45 (loss=16.1050)
    --> Trial 3 | pop=33 seed=37323 x0_norm_min=-0.797 x0_norm_max=0.622
        [Pruned] Trial 3 at gen 15 (loss=19.0830)
    --> Trial 4 | pop=58 seed=35486 x0_norm_min=-0.947 x0_norm_max=0.785
        [Pruned] Trial 4 at gen 15 (loss=20.9616)
    --> Trial 5 | pop=48 seed=52510 x0_norm_min=-0.748 x0_norm_max=0.981
        [Trial 5] gen   20  evals=  960  best=16.2621
        [Trial 5] gen   40  evals= 1920  best=16.2621
        [Pruned] Trial 5 at gen 45 (loss=16.2621)
    --> Trial 6 | pop=59 seed=18540 x0_norm_min=-0.929 x0_norm_max=0.732
        [Pruned] Trial 6 at gen 15 (loss=19.1130)
    --> Trial 7 | pop=43 seed=37384 x0_norm_min=-0.779 x0_norm_max=0.922
        [Pruned] Trial 7 at gen 15 (loss=19.4732)
    --> Trial 8 | pop=47 seed=76939 x0_norm_min=-0.814 x0_norm_max=0.843
        [Trial 8] gen   20  evals=  940  best=18.9539
        [Trial 8] gen   40  evals= 1880  best=18.2464
        [Pruned] Trial 8 at gen 45 (loss=18.2464)
    --> Trial 9 | pop=55 seed=31097 x0_norm_min=-0.955 x0_norm_max=0.770
        [Pruned] Trial 9 at gen 15 (loss=19.2263)
    --> Trial 10 | pop=39 seed=6241 x0_norm_min=-0.841 x0_norm_max=0.672
        [Pruned] Trial 10 at gen 15 (loss=21.4860)
    --> Trial 11 | pop=51 seed=62830 x0_norm_min=-0.781 x0_norm_max=0.859
        [Trial 11] gen   20  evals= 1020  best=19.0686
        [Trial 11] gen   40  evals= 2040  best=16.8900
        [Pruned] Trial 11 at gen 45 (loss=16.8900)
    --> Trial 12 | pop=30 seed=58511 x0_norm_min=-0.402 x0_norm_max=0.428
        [Pruned] Trial 12 at gen 15 (loss=20.9765)
    --> Trial 13 | pop=42 seed=52161 x0_norm_min=-0.863 x0_norm_max=0.955
        [Pruned] Trial 13 at gen 15 (loss=20.2306)
    --> Trial 14 | pop=53 seed=71978 x0_norm_min=-0.897 x0_norm_max=-0.091
        [Pruned] Trial 14 at gen 15 (loss=21.5709)
    --> Trial 15 | pop=45 seed=94840 x0_norm_min=-0.690 x0_norm_max=0.990
        [Pruned] Trial 15 at gen 15 (loss=21.7685)
    --> Trial 16 | pop=39 seed=46300 x0_norm_min=-0.776 x0_norm_max=0.982
        [Pruned] Trial 16 at gen 15 (loss=21.7134)
    --> Trial 17 | pop=49 seed=19217 x0_norm_min=-0.863 x0_norm_max=0.835
        [Pruned] Trial 17 at gen 15 (loss=19.4838)
    --> Trial 18 | pop=30 seed=71342 x0_norm_min=-0.933 x0_norm_max=0.907
        [Trial 18] gen   20  evals=  600  best=18.8427
        [Trial 18] gen   40  evals= 1200  best=18.8427
        [Pruned] Trial 18 at gen 45 (loss=18.8427)
    --> Trial 19 | pop=36 seed=21400 x0_norm_min=-0.948 x0_norm_max=0.822
        [Trial 19] gen   20  evals=  720  best=17.3880
        [Trial 19] gen   40  evals= 1440  best=17.3880
        [Pruned] Trial 19 at gen 45 (loss=17.3880)

  Winner: Trial 0, loss=12.397066 (487s)
    Restarts run: 20
    mu: 17.579006
    D_mu: 7.294050
    T0_mu: 24.582054
    Ly: 3.557950
    op_x: 0.710557
    op_y: 0.851378
    NMSE: 0.014722
  [Saved] random_IR_0017

============================================================
[18/50] random_IR_0018.npz
  GT loss: 0.261159
  terrain_mean=282.791046  early_threshold=2.945192  (alpha=0.0095)
  tolfun=1.47 tolfunhist=1.47  (frac=0.0052 of range=283)
    --> Trial 0 | pop=33 seed=48311 x0_norm_min=-0.944 x0_norm_max=0.730
        [Trial 0] gen   20  evals=  660  best=19.3777
        [Trial 0] gen   40  evals= 1320  best=19.3777
        [Trial 0] gen   60  evals= 1980  best=19.3777
        [Trial 0] gen   80  evals= 2640  best=19.3777
        [Trial 0] gen  100  evals= 3300  best=19.3777
        [Trial 0] gen  120  evals= 3960  best=19.3777
        [Trial 0] gen  140  evals= 4620  best=19.3777
        [Trial 0] gen  160  evals= 5280  best=19.0675
        [Trial 0] gen  180  evals= 5940  best=16.1230
        [Trial 0] gen  200  evals= 6600  best=16.1230
        [Trial 0] gen  220  evals= 7260  best=16.1230
        [Trial 0] gen  240  evals= 7920  best=16.1230
        [Trial 0] gen  260  evals= 8580  best=16.1230
        [Done] Trial 0 best=16.1230
    --> Trial 1 | pop=46 seed=35486 x0_norm_min=-0.937 x0_norm_max=0.907
        [Pruned] Trial 1 at gen 15 (loss=24.0790)
    --> Trial 2 | pop=54 seed=82316 x0_norm_min=-0.344 x0_norm_max=0.824
        [Pruned] Trial 2 at gen 15 (loss=23.4256)
    --> Trial 3 | pop=35 seed=56956 x0_norm_min=-0.797 x0_norm_max=0.622
        [Pruned] Trial 3 at gen 15 (loss=22.6987)
    --> Trial 4 | pop=34 seed=96263 x0_norm_min=-0.947 x0_norm_max=0.785
        [Pruned] Trial 4 at gen 15 (loss=22.2105)
    --> Trial 5 | pop=36 seed=13794 x0_norm_min=-0.748 x0_norm_max=0.981
        [Trial 5] gen   20  evals=  720  best=18.1121
        [Trial 5] gen   40  evals= 1440  best=18.1121
        [Trial 5] gen   60  evals= 2160  best=18.1121
        [Trial 5] gen   80  evals= 2880  best=18.1121
        [Trial 5] gen  100  evals= 3600  best=17.8838
        [Trial 5] gen  120  evals= 4320  best=17.8838
        [Trial 5] gen  140  evals= 5040  best=15.6727
        [Trial 5] gen  160  evals= 5760  best=15.6727
        [Trial 5] gen  180  evals= 6480  best=15.6727
        [Trial 5] gen  200  evals= 7200  best=15.6727
        [Trial 5] gen  220  evals= 7920  best=15.6727
        [Trial 5] gen  240  evals= 8640  best=15.6727
        [Trial 5] gen  260  evals= 9360  best=15.6727
        [Trial 5] gen  280  evals=10080  best=15.6727
        [Trial 5] gen  300  evals=10800  best=15.6727
        [Trial 5] gen  320  evals=11520  best=15.6727
        [Trial 5] gen  340  evals=12240  best=15.6727
        [Trial 5] gen  360  evals=12960  best=15.6727
        [Trial 5] gen  380  evals=13680  best=15.6727
        [Trial 5] gen  400  evals=14400  best=15.6727
        [Trial 5] gen  420  evals=15120  best=15.6727
        [Trial 5] gen  440  evals=15840  best=15.6727
        [Trial 5] gen  460  evals=16560  best=15.6727
        [Trial 5] gen  480  evals=17280  best=15.6727
        [Trial 5] gen  500  evals=18000  best=15.6727
        [Trial 5] gen  520  evals=18720  best=15.6727
        [Trial 5] gen  540  evals=19440  best=15.6727
        [Trial 5] gen  560  evals=20160  best=15.6727
        [Trial 5] gen  580  evals=20880  best=15.6727
        [Trial 5] gen  600  evals=21600  best=15.6727
        [Trial 5] gen  620  evals=22320  best=15.6727
        [Done] Trial 5 best=15.6727
    --> Trial 6 | pop=47 seed=23263 x0_norm_min=-0.929 x0_norm_max=0.732
        [Pruned] Trial 6 at gen 15 (loss=23.0969)
    --> Trial 7 | pop=46 seed=56590 x0_norm_min=-0.779 x0_norm_max=0.922
        [Trial 7] gen   20  evals=  920  best=21.3499
        [Trial 7] gen   40  evals= 1840  best=21.3499
        [Pruned] Trial 7 at gen 45 (loss=21.3499)
    --> Trial 8 | pop=32 seed=54728 x0_norm_min=-0.814 x0_norm_max=0.843
        [Trial 8] gen   20  evals=  640  best=16.2540
        [Trial 8] gen   40  evals= 1280  best=16.2540
        [Trial 8] gen   60  evals= 1920  best=16.2540
        [Trial 8] gen   80  evals= 2560  best=16.2540
        [Trial 8] gen  100  evals= 3200  best=16.2540
        [Trial 8] gen  120  evals= 3840  best=16.2540
        [Pruned] Trial 8 at gen 135 (loss=16.2540)
    --> Trial 9 | pop=52 seed=90507 x0_norm_min=-0.955 x0_norm_max=0.770
        [Trial 9] gen   20  evals= 1040  best=20.1687
        [Trial 9] gen   40  evals= 2080  best=20.1687
        [Pruned] Trial 9 at gen 45 (loss=20.1687)
    --> Trial 10 | pop=60 seed=4267 x0_norm_min=-0.841 x0_norm_max=0.672
        [Trial 10] gen   20  evals= 1200  best=18.5944
        [Trial 10] gen   40  evals= 2400  best=18.5944
        [Pruned] Trial 10 at gen 45 (loss=18.5944)
    --> Trial 11 | pop=39 seed=883 x0_norm_min=-0.781 x0_norm_max=0.859
        [Pruned] Trial 11 at gen 15 (loss=24.9829)
    --> Trial 12 | pop=39 seed=30144 x0_norm_min=-0.402 x0_norm_max=0.428
        [Pruned] Trial 12 at gen 15 (loss=22.3470)
    --> Trial 13 | pop=30 seed=71308 x0_norm_min=-0.863 x0_norm_max=0.955
        [Pruned] Trial 13 at gen 15 (loss=22.1914)
    --> Trial 14 | pop=40 seed=13105 x0_norm_min=-0.897 x0_norm_max=-0.091
        [Trial 14] gen   20  evals=  800  best=20.6173
        [Trial 14] gen   40  evals= 1600  best=20.6173
        [Pruned] Trial 14 at gen 45 (loss=20.6173)
    --> Trial 15 | pop=36 seed=44412 x0_norm_min=-0.690 x0_norm_max=0.990
        [Pruned] Trial 15 at gen 15 (loss=21.1153)
    --> Trial 16 | pop=42 seed=18468 x0_norm_min=-0.776 x0_norm_max=0.982
        [Pruned] Trial 16 at gen 15 (loss=23.1098)
    --> Trial 17 | pop=30 seed=41972 x0_norm_min=-0.863 x0_norm_max=0.835
        [Pruned] Trial 17 at gen 15 (loss=21.6011)
    --> Trial 18 | pop=36 seed=70296 x0_norm_min=-0.933 x0_norm_max=0.907
        [Pruned] Trial 18 at gen 15 (loss=23.6373)
    --> Trial 19 | pop=43 seed=11860 x0_norm_min=-0.948 x0_norm_max=0.822
        [Trial 19] gen   20  evals=  860  best=20.3274
        [Trial 19] gen   40  evals= 1720  best=20.3274
        [Pruned] Trial 19 at gen 45 (loss=20.3274)

  Winner: Trial 5, loss=15.672748 (609s)
    Restarts run: 20
    mu: 14.366231
    D_mu: 1.354635
    T0_mu: 38.223871
    Ly: 3.086049
    op_x: 0.998947
    op_y: 0.803904
    NMSE: 0.122237
  [Saved] random_IR_0018

============================================================
[19/50] random_IR_0019.npz
  GT loss: 0.003612
  terrain_mean=161.625473  early_threshold=1.539020  (alpha=0.0095)
  tolfun=0.84 tolfunhist=0.84  (frac=0.0052 of range=162)
    --> Trial 0 | pop=59 seed=48292 x0_norm_min=-0.944 x0_norm_max=0.730
        [Trial 0] gen   20  evals= 1180  best=18.0457
        [Trial 0] gen   40  evals= 2360  best=18.0457
        [Trial 0] gen   60  evals= 3540  best=17.8159
        [Trial 0] gen   80  evals= 4720  best=16.9083
        [Trial 0] gen  100  evals= 5900  best=16.9083
        [Trial 0] gen  120  evals= 7080  best=15.2304
        [Trial 0] gen  140  evals= 8260  best=15.2304
        [Trial 0] gen  160  evals= 9440  best=15.2304
        [Trial 0] gen  180  evals=10620  best=15.2304
        [Trial 0] gen  200  evals=11800  best=15.2304
        [Trial 0] gen  220  evals=12980  best=15.2304
        [Trial 0] gen  240  evals=14160  best=15.2304
        [Trial 0] gen  260  evals=15340  best=13.6383
        [Trial 0] gen  280  evals=16520  best=13.6383
        [Trial 0] gen  300  evals=17700  best=13.6383
        [Done] Trial 0 best=13.6383
    --> Trial 1 | pop=60 seed=53025 x0_norm_min=-0.937 x0_norm_max=0.907
        [Pruned] Trial 1 at gen 15 (loss=20.4584)
    --> Trial 2 | pop=40 seed=25945 x0_norm_min=-0.344 x0_norm_max=0.824
        [Pruned] Trial 2 at gen 15 (loss=21.8621)
    --> Trial 3 | pop=43 seed=62399 x0_norm_min=-0.797 x0_norm_max=0.622
        [Pruned] Trial 3 at gen 15 (loss=18.5727)
    --> Trial 4 | pop=36 seed=54179 x0_norm_min=-0.947 x0_norm_max=0.785
        [Pruned] Trial 4 at gen 15 (loss=18.6555)
    --> Trial 5 | pop=42 seed=98712 x0_norm_min=-0.748 x0_norm_max=0.981
        [Pruned] Trial 5 at gen 15 (loss=18.7637)
    --> Trial 6 | pop=42 seed=16983 x0_norm_min=-0.929 x0_norm_max=0.732
        [Trial 6] gen   20  evals=  840  best=15.4553
        [Trial 6] gen   40  evals= 1680  best=15.4553
        [Trial 6] gen   60  evals= 2520  best=15.4553
        [Trial 6] gen   80  evals= 3360  best=15.4553
        [Trial 6] gen  100  evals= 4200  best=14.7918
        [Trial 6] gen  120  evals= 5040  best=14.7918
        [Trial 6] gen  140  evals= 5880  best=14.7918
        [Trial 6] gen  160  evals= 6720  best=14.7918
        [Trial 6] gen  180  evals= 7560  best=14.7918
        [Trial 6] gen  200  evals= 8400  best=14.7918
        [Trial 6] gen  220  evals= 9240  best=14.7918
        [Trial 6] gen  240  evals=10080  best=14.7918
        [Trial 6] gen  260  evals=10920  best=14.7918
        [Trial 6] gen  280  evals=11760  best=14.7918
        [Trial 6] gen  300  evals=12600  best=14.7918
        [Trial 6] gen  320  evals=13440  best=14.7918
        [Trial 6] gen  340  evals=14280  best=14.7918
        [Trial 6] gen  360  evals=15120  best=14.7918
        [Trial 6] gen  380  evals=15960  best=14.7918
        [Trial 6] gen  400  evals=16800  best=14.7918
        [Done] Trial 6 best=14.7918
    --> Trial 7 | pop=42 seed=72988 x0_norm_min=-0.779 x0_norm_max=0.922
        [Pruned] Trial 7 at gen 15 (loss=20.0014)
    --> Trial 8 | pop=59 seed=57201 x0_norm_min=-0.814 x0_norm_max=0.843
        [Pruned] Trial 8 at gen 15 (loss=20.4406)
    --> Trial 9 | pop=30 seed=19892 x0_norm_min=-0.955 x0_norm_max=0.770
        [Pruned] Trial 9 at gen 15 (loss=21.2772)
    --> Trial 10 | pop=51 seed=1590 x0_norm_min=-0.841 x0_norm_max=0.672
        [Pruned] Trial 10 at gen 15 (loss=18.8339)
    --> Trial 11 | pop=52 seed=32394 x0_norm_min=-0.781 x0_norm_max=0.859
        [Trial 11] gen   20  evals= 1040  best=15.8532
        [Trial 11] gen   40  evals= 2080  best=15.8532
        [Pruned] Trial 11 at gen 45 (loss=15.8532)
    --> Trial 12 | pop=53 seed=3810 x0_norm_min=-0.402 x0_norm_max=0.428
        [Pruned] Trial 12 at gen 15 (loss=20.6537)
    --> Trial 13 | pop=47 seed=38199 x0_norm_min=-0.863 x0_norm_max=0.955
        [Pruned] Trial 13 at gen 15 (loss=20.6626)
    --> Trial 14 | pop=31 seed=82505 x0_norm_min=-0.897 x0_norm_max=-0.091
        [Trial 14] gen   20  evals=  620  best=18.2495
        [Trial 14] gen   40  evals= 1240  best=18.2495
        [Pruned] Trial 14 at gen 45 (loss=18.2495)
    --> Trial 15 | pop=36 seed=16148 x0_norm_min=-0.690 x0_norm_max=0.990
        [Pruned] Trial 15 at gen 15 (loss=20.5066)
    --> Trial 16 | pop=56 seed=44449 x0_norm_min=-0.776 x0_norm_max=0.982
        [Trial 16] gen   20  evals= 1120  best=16.9698
        [Trial 16] gen   40  evals= 2240  best=16.9698
        [Pruned] Trial 16 at gen 45 (loss=16.9698)
    --> Trial 17 | pop=47 seed=12432 x0_norm_min=-0.863 x0_norm_max=0.835
        [Pruned] Trial 17 at gen 15 (loss=21.0433)
    --> Trial 18 | pop=47 seed=39851 x0_norm_min=-0.933 x0_norm_max=0.907
        [Trial 18] gen   20  evals=  940  best=17.8153
        [Trial 18] gen   40  evals= 1880  best=17.8153
        [Pruned] Trial 18 at gen 45 (loss=17.8153)
    --> Trial 19 | pop=36 seed=71630 x0_norm_min=-0.948 x0_norm_max=0.822
        [Pruned] Trial 19 at gen 15 (loss=22.0802)

  Winner: Trial 0, loss=13.638251 (803s)
    Restarts run: 20
    mu: 38.391624
    D_mu: 3.012987
    T0_mu: 0.905690
    Ly: 2.251907
    op_x: 0.510605
    op_y: 0.639578
    NMSE: 0.065376
  [Saved] random_IR_0019

============================================================
[20/50] random_IR_0020.npz
  GT loss: 0.002461
  terrain_mean=237.073105  early_threshold=2.254632  (alpha=0.0095)
  tolfun=1.23 tolfunhist=1.23  (frac=0.0052 of range=237)
    --> Trial 0 | pop=52 seed=11048 x0_norm_min=-0.944 x0_norm_max=0.730
        [Trial 0] gen   20  evals= 1040  best=23.3194
        [Trial 0] gen   40  evals= 2080  best=19.3395
        [Trial 0] gen   60  evals= 3120  best=19.3395
        [Trial 0] gen   80  evals= 4160  best=19.3395
        [Trial 0] gen  100  evals= 5200  best=19.3395
        [Trial 0] gen  120  evals= 6240  best=19.3395
        [Trial 0] gen  140  evals= 7280  best=19.3395
        [Trial 0] gen  160  evals= 8320  best=19.3395
        [Trial 0] gen  180  evals= 9360  best=19.3395
        [Trial 0] gen  200  evals=10400  best=19.3395
        [Trial 0] gen  220  evals=11440  best=19.3395
        [Trial 0] gen  240  evals=12480  best=18.1983
        [Trial 0] gen  260  evals=13520  best=18.1983
        [Trial 0] gen  280  evals=14560  best=17.8835
        [Done] Trial 0 best=17.8835
    --> Trial 1 | pop=32 seed=52106 x0_norm_min=-0.937 x0_norm_max=0.907
        [Trial 1] gen   20  evals=  640  best=21.8905
        [Trial 1] gen   40  evals= 1280  best=21.8905
        [Pruned] Trial 1 at gen 45 (loss=21.8905)
    --> Trial 2 | pop=48 seed=58865 x0_norm_min=-0.344 x0_norm_max=0.824
        [Trial 2] gen   20  evals=  960  best=20.8557
        [Trial 2] gen   40  evals= 1920  best=20.8557
        [Pruned] Trial 2 at gen 45 (loss=20.8557)
    --> Trial 3 | pop=31 seed=88314 x0_norm_min=-0.797 x0_norm_max=0.622
        [Pruned] Trial 3 at gen 15 (loss=24.1318)
    --> Trial 4 | pop=39 seed=82467 x0_norm_min=-0.947 x0_norm_max=0.785
        [Pruned] Trial 4 at gen 15 (loss=21.6639)
    --> Trial 5 | pop=49 seed=59760 x0_norm_min=-0.748 x0_norm_max=0.981
        [Pruned] Trial 5 at gen 15 (loss=22.6091)
    --> Trial 6 | pop=44 seed=17851 x0_norm_min=-0.929 x0_norm_max=0.732
        [Trial 6] gen   20  evals=  880  best=19.4157
        [Trial 6] gen   40  evals= 1760  best=18.9360
        [Trial 6] gen   60  evals= 2640  best=18.9360
        [Trial 6] gen   80  evals= 3520  best=18.9360
        [Trial 6] gen  100  evals= 4400  best=18.9360
        [Trial 6] gen  120  evals= 5280  best=18.9360
        [Trial 6] gen  140  evals= 6160  best=18.9360
        [Trial 6] gen  160  evals= 7040  best=18.9360
        [Trial 6] gen  180  evals= 7920  best=18.9360
        [Trial 6] gen  200  evals= 8800  best=18.9360
        [Trial 6] gen  220  evals= 9680  best=18.9360
        [Trial 6] gen  240  evals=10560  best=18.9360
        [Done] Trial 6 best=18.9360
    --> Trial 7 | pop=44 seed=16614 x0_norm_min=-0.779 x0_norm_max=0.922
        [Pruned] Trial 7 at gen 15 (loss=22.4712)
    --> Trial 8 | pop=54 seed=59151 x0_norm_min=-0.814 x0_norm_max=0.843
        [Pruned] Trial 8 at gen 15 (loss=22.4400)
    --> Trial 9 | pop=45 seed=32925 x0_norm_min=-0.955 x0_norm_max=0.770
        [Pruned] Trial 9 at gen 15 (loss=23.2459)
    --> Trial 10 | pop=60 seed=807 x0_norm_min=-0.841 x0_norm_max=0.672
        [Trial 10] gen   20  evals= 1200  best=20.8594
        [Trial 10] gen   40  evals= 2400  best=20.8594
        [Pruned] Trial 10 at gen 45 (loss=20.8594)
    --> Trial 11 | pop=55 seed=22266 x0_norm_min=-0.781 x0_norm_max=0.859
        [Trial 11] gen   20  evals= 1100  best=21.2600
        [Trial 11] gen   40  evals= 2200  best=20.7947
        [Pruned] Trial 11 at gen 45 (loss=20.7947)
    --> Trial 12 | pop=40 seed=233 x0_norm_min=-0.402 x0_norm_max=0.428
        [Pruned] Trial 12 at gen 15 (loss=22.8074)
    --> Trial 13 | pop=52 seed=33529 x0_norm_min=-0.863 x0_norm_max=0.955
        [Trial 13] gen   20  evals= 1040  best=20.9284
        [Trial 13] gen   40  evals= 2080  best=19.3894
        [Pruned] Trial 13 at gen 45 (loss=19.3894)
    --> Trial 14 | pop=60 seed=16669 x0_norm_min=-0.897 x0_norm_max=-0.091
        [Pruned] Trial 14 at gen 15 (loss=23.1671)
    --> Trial 15 | pop=38 seed=41615 x0_norm_min=-0.690 x0_norm_max=0.990
        [Trial 15] gen   20  evals=  760  best=20.2028
        [Trial 15] gen   40  evals= 1520  best=19.8059
        [Trial 15] gen   60  evals= 2280  best=19.1450
        [Trial 15] gen   80  evals= 3040  best=19.1450
        [Trial 15] gen  100  evals= 3800  best=19.1450
        [Trial 15] gen  120  evals= 4560  best=19.1450
        [Pruned] Trial 15 at gen 135 (loss=19.1450)
    --> Trial 16 | pop=43 seed=7903 x0_norm_min=-0.776 x0_norm_max=0.982
        [Pruned] Trial 16 at gen 15 (loss=21.6656)
    --> Trial 17 | pop=35 seed=23087 x0_norm_min=-0.863 x0_norm_max=0.835
        [Pruned] Trial 17 at gen 15 (loss=22.2934)
    --> Trial 18 | pop=49 seed=34557 x0_norm_min=-0.933 x0_norm_max=0.907
        [Pruned] Trial 18 at gen 15 (loss=21.7643)
    --> Trial 19 | pop=56 seed=9144 x0_norm_min=-0.948 x0_norm_max=0.822
        [Trial 19] gen   20  evals= 1120  best=20.4200
        [Trial 19] gen   40  evals= 2240  best=20.3978
        [Pruned] Trial 19 at gen 45 (loss=20.3978)

  Winner: Trial 0, loss=17.883543 (1100s)
    Restarts run: 20
    mu: 13.608456
    D_mu: 1.280411
    T0_mu: 54.116076
    Ly: 2.556495
    op_x: 0.624421
    op_y: 0.708513
    NMSE: 0.052081
  [Saved] random_IR_0020

============================================================
[21/50] random_IR_0021.npz
  GT loss: 0.045176
  terrain_mean=183.673264  early_threshold=1.789643  (alpha=0.0095)
  tolfun=0.955 tolfunhist=0.955  (frac=0.0052 of range=184)
    --> Trial 0 | pop=53 seed=24561 x0_norm_min=-0.944 x0_norm_max=0.730
        [Trial 0] gen   20  evals= 1060  best=20.0032
        [Trial 0] gen   40  evals= 2120  best=18.6706
        [Trial 0] gen   60  evals= 3180  best=18.6706
        [Trial 0] gen   80  evals= 4240  best=18.6706
        [Trial 0] gen  100  evals= 5300  best=17.4070
        [Trial 0] gen  120  evals= 6360  best=17.4070
        [Trial 0] gen  140  evals= 7420  best=17.4070
        [Trial 0] gen  160  evals= 8480  best=17.4070
        [Trial 0] gen  180  evals= 9540  best=17.4070
        [Trial 0] gen  200  evals=10600  best=17.4070
        [Trial 0] gen  220  evals=11660  best=17.4070
        [Trial 0] gen  240  evals=12720  best=17.4070
        [Trial 0] gen  260  evals=13780  best=17.4070
        [Trial 0] gen  280  evals=14840  best=16.5245
        [Trial 0] gen  300  evals=15900  best=16.5245
        [Trial 0] gen  320  evals=16960  best=16.3951
        [Trial 0] gen  340  evals=18020  best=16.3951
        [Trial 0] gen  360  evals=19080  best=16.3951
        [Trial 0] gen  380  evals=20140  best=16.3951
        [Trial 0] gen  400  evals=21200  best=15.9810
        [Trial 0] gen  420  evals=22260  best=15.9810
        [Done] Trial 0 best=15.9810
    --> Trial 1 | pop=52 seed=91615 x0_norm_min=-0.937 x0_norm_max=0.907
        [Trial 1] gen   20  evals= 1040  best=18.0928
        [Trial 1] gen   40  evals= 2080  best=18.0928
        [Trial 1] gen   60  evals= 3120  best=18.0928
        [Trial 1] gen   80  evals= 4160  best=16.7885
        [Trial 1] gen  100  evals= 5200  best=16.7885
        [Trial 1] gen  120  evals= 6240  best=16.7885
        [Trial 1] gen  140  evals= 7280  best=16.7885
        [Trial 1] gen  160  evals= 8320  best=16.7885
        [Trial 1] gen  180  evals= 9360  best=16.7885
        [Trial 1] gen  200  evals=10400  best=16.7885
        [Trial 1] gen  220  evals=11440  best=16.7885
        [Trial 1] gen  240  evals=12480  best=16.7885
        [Trial 1] gen  260  evals=13520  best=16.7885
        [Trial 1] gen  280  evals=14560  best=16.7885
        [Trial 1] gen  300  evals=15600  best=16.7885
        [Trial 1] gen  320  evals=16640  best=15.6001
        [Trial 1] gen  340  evals=17680  best=15.6001
        [Trial 1] gen  360  evals=18720  best=15.6001
        [Trial 1] gen  380  evals=19760  best=15.6001
        [Trial 1] gen  400  evals=20800  best=15.6001
        [Trial 1] gen  420  evals=21840  best=15.6001
        [Trial 1] gen  440  evals=22880  best=15.6001
        [Trial 1] gen  460  evals=23920  best=15.6001
        [Done] Trial 1 best=15.6001
    --> Trial 2 | pop=56 seed=40874 x0_norm_min=-0.344 x0_norm_max=0.824
        [Trial 2] gen   20  evals= 1120  best=17.9965
        [Trial 2] gen   40  evals= 2240  best=17.9965
        [Trial 2] gen   60  evals= 3360  best=17.9965
        [Trial 2] gen   80  evals= 4480  best=17.9965
        [Trial 2] gen  100  evals= 5600  best=17.9797
        [Trial 2] gen  120  evals= 6720  best=17.8837
        [Pruned] Trial 2 at gen 135 (loss=17.8837)
    --> Trial 3 | pop=49 seed=93208 x0_norm_min=-0.797 x0_norm_max=0.622
        [Pruned] Trial 3 at gen 15 (loss=20.2352)
    --> Trial 4 | pop=35 seed=88444 x0_norm_min=-0.947 x0_norm_max=0.785
        [Pruned] Trial 4 at gen 15 (loss=23.0738)
    --> Trial 5 | pop=51 seed=45043 x0_norm_min=-0.748 x0_norm_max=0.981
        [Pruned] Trial 5 at gen 15 (loss=20.2409)
    --> Trial 6 | pop=34 seed=88857 x0_norm_min=-0.929 x0_norm_max=0.732
        [Pruned] Trial 6 at gen 15 (loss=20.3885)
    --> Trial 7 | pop=35 seed=90203 x0_norm_min=-0.779 x0_norm_max=0.922
        [Pruned] Trial 7 at gen 15 (loss=20.0076)
    --> Trial 8 | pop=35 seed=77973 x0_norm_min=-0.814 x0_norm_max=0.843
        [Trial 8] gen   20  evals=  700  best=19.3657
        [Trial 8] gen   40  evals= 1400  best=19.2278
        [Pruned] Trial 8 at gen 45 (loss=19.2278)
    --> Trial 9 | pop=38 seed=70253 x0_norm_min=-0.955 x0_norm_max=0.770
        [Pruned] Trial 9 at gen 15 (loss=20.8055)
    --> Trial 10 | pop=43 seed=2715 x0_norm_min=-0.841 x0_norm_max=0.672
        [Pruned] Trial 10 at gen 15 (loss=21.8779)
    --> Trial 11 | pop=60 seed=6998 x0_norm_min=-0.781 x0_norm_max=0.859
        [Trial 11] gen   20  evals= 1200  best=19.3924
        [Trial 11] gen   40  evals= 2400  best=18.3876
        [Pruned] Trial 11 at gen 45 (loss=18.3876)
    --> Trial 12 | pop=50 seed=26252 x0_norm_min=-0.402 x0_norm_max=0.428
        [Trial 12] gen   20  evals= 1000  best=17.9958
        [Trial 12] gen   40  evals= 2000  best=17.9958
        [Trial 12] gen   60  evals= 3000  best=17.9958
        [Trial 12] gen   80  evals= 4000  best=17.9958
        [Trial 12] gen  100  evals= 5000  best=17.9958
        [Trial 12] gen  120  evals= 6000  best=17.9958
        [Pruned] Trial 12 at gen 135 (loss=17.9958)
    --> Trial 13 | pop=45 seed=60193 x0_norm_min=-0.863 x0_norm_max=0.955
        [Pruned] Trial 13 at gen 15 (loss=22.3503)
    --> Trial 14 | pop=57 seed=21570 x0_norm_min=-0.897 x0_norm_max=-0.091
        [Pruned] Trial 14 at gen 15 (loss=21.6564)
    --> Trial 15 | pop=53 seed=53195 x0_norm_min=-0.690 x0_norm_max=0.990
        [Trial 15] gen   20  evals= 1060  best=18.3396
        [Trial 15] gen   40  evals= 2120  best=18.3396
        [Pruned] Trial 15 at gen 45 (loss=18.3396)
    --> Trial 16 | pop=46 seed=31638 x0_norm_min=-0.776 x0_norm_max=0.982
        [Pruned] Trial 16 at gen 15 (loss=20.5350)
    --> Trial 17 | pop=41 seed=65398 x0_norm_min=-0.863 x0_norm_max=0.835
        [Pruned] Trial 17 at gen 15 (loss=21.8748)
    --> Trial 18 | pop=30 seed=14527 x0_norm_min=-0.933 x0_norm_max=0.907
        [Pruned] Trial 18 at gen 15 (loss=20.6263)
    --> Trial 19 | pop=54 seed=38476 x0_norm_min=-0.948 x0_norm_max=0.822
        [Trial 19] gen   20  evals= 1080  best=19.0065
        [Trial 19] gen   40  evals= 2160  best=18.0672
        [Pruned] Trial 19 at gen 45 (loss=18.0672)

  Winner: Trial 1, loss=15.600130 (969s)
    Restarts run: 20
    mu: 9.924049
    D_mu: 1.482536
    T0_mu: 50.210781
    Ly: 2.349628
    op_x: 0.510069
    op_y: 0.610977
    NMSE: 0.144053
  [Saved] random_IR_0021

============================================================
[22/50] random_IR_0022.npz
  GT loss: 0.007505
  terrain_mean=196.621002  early_threshold=1.875333  (alpha=0.0095)
  tolfun=1.02 tolfunhist=1.02  (frac=0.0052 of range=197)
    --> Trial 0 | pop=47 seed=11270 x0_norm_min=-0.944 x0_norm_max=0.730
        [Trial 0] gen   20  evals=  940  best=15.2638
        [Trial 0] gen   40  evals= 1880  best=15.2638
        [Trial 0] gen   60  evals= 2820  best=15.2638
        [Trial 0] gen   80  evals= 3760  best=14.2946
        [Trial 0] gen  100  evals= 4700  best=14.2946
        [Trial 0] gen  120  evals= 5640  best=14.2946
        [Trial 0] gen  140  evals= 6580  best=14.2946
        [Trial 0] gen  160  evals= 7520  best=14.2946
        [Trial 0] gen  180  evals= 8460  best=14.2946
        [Trial 0] gen  200  evals= 9400  best=14.2946
        [Trial 0] gen  220  evals=10340  best=14.0381
        [Trial 0] gen  240  evals=11280  best=13.3697
        [Trial 0] gen  260  evals=12220  best=12.6238
        [Trial 0] gen  280  evals=13160  best=12.4440
        [Done] Trial 0 best=12.4440
    --> Trial 1 | pop=60 seed=46581 x0_norm_min=-0.937 x0_norm_max=0.907
        [Pruned] Trial 1 at gen 15 (loss=18.6545)
    --> Trial 2 | pop=55 seed=59312 x0_norm_min=-0.344 x0_norm_max=0.824
        [Pruned] Trial 2 at gen 15 (loss=17.7911)
    --> Trial 3 | pop=56 seed=64828 x0_norm_min=-0.797 x0_norm_max=0.622
        [Pruned] Trial 3 at gen 15 (loss=18.2392)
    --> Trial 4 | pop=33 seed=44538 x0_norm_min=-0.947 x0_norm_max=0.785
        [Pruned] Trial 4 at gen 15 (loss=20.1017)
    --> Trial 5 | pop=52 seed=46010 x0_norm_min=-0.748 x0_norm_max=0.981
        [Pruned] Trial 5 at gen 15 (loss=17.9051)
    --> Trial 6 | pop=33 seed=94491 x0_norm_min=-0.929 x0_norm_max=0.732
        [Trial 6] gen   20  evals=  660  best=17.4649
        [Trial 6] gen   40  evals= 1320  best=17.4649
        [Pruned] Trial 6 at gen 45 (loss=17.4649)
    --> Trial 7 | pop=43 seed=55688 x0_norm_min=-0.779 x0_norm_max=0.922
        [Pruned] Trial 7 at gen 15 (loss=18.4170)
    --> Trial 8 | pop=52 seed=62178 x0_norm_min=-0.814 x0_norm_max=0.843
        [Pruned] Trial 8 at gen 15 (loss=19.5545)
    --> Trial 9 | pop=32 seed=59342 x0_norm_min=-0.955 x0_norm_max=0.770
        [Pruned] Trial 9 at gen 15 (loss=18.7983)
    --> Trial 10 | pop=43 seed=6550 x0_norm_min=-0.841 x0_norm_max=0.672
        [Pruned] Trial 10 at gen 15 (loss=21.3660)
    --> Trial 11 | pop=46 seed=89636 x0_norm_min=-0.781 x0_norm_max=0.859
        [Pruned] Trial 11 at gen 15 (loss=17.9283)
    --> Trial 12 | pop=38 seed=762 x0_norm_min=-0.402 x0_norm_max=0.428
        [Trial 12] gen   20  evals=  760  best=15.2418
        [Trial 12] gen   40  evals= 1520  best=15.2418
        [Trial 12] gen   60  evals= 2280  best=15.2418
        [Trial 12] gen   80  evals= 3040  best=15.2418
        [Trial 12] gen  100  evals= 3800  best=15.2418
        [Trial 12] gen  120  evals= 4560  best=15.2418
        [Pruned] Trial 12 at gen 135 (loss=15.2418)
    --> Trial 13 | pop=38 seed=2130 x0_norm_min=-0.863 x0_norm_max=0.955
        [Pruned] Trial 13 at gen 15 (loss=20.9793)
    --> Trial 14 | pop=39 seed=20808 x0_norm_min=-0.897 x0_norm_max=-0.091
        [Pruned] Trial 14 at gen 15 (loss=20.6897)
    --> Trial 15 | pop=49 seed=22207 x0_norm_min=-0.690 x0_norm_max=0.990
        [Pruned] Trial 15 at gen 15 (loss=19.2309)
    --> Trial 16 | pop=38 seed=19351 x0_norm_min=-0.776 x0_norm_max=0.982
        [Trial 16] gen   20  evals=  760  best=15.7828
        [Trial 16] gen   40  evals= 1520  best=15.7828
        [Pruned] Trial 16 at gen 45 (loss=15.7828)
    --> Trial 17 | pop=42 seed=12849 x0_norm_min=-0.863 x0_norm_max=0.835
        [Pruned] Trial 17 at gen 15 (loss=20.1551)
    --> Trial 18 | pop=48 seed=31678 x0_norm_min=-0.933 x0_norm_max=0.907
        [Pruned] Trial 18 at gen 15 (loss=18.4760)
    --> Trial 19 | pop=36 seed=31650 x0_norm_min=-0.948 x0_norm_max=0.822
        [Pruned] Trial 19 at gen 15 (loss=18.2410)

  Winner: Trial 0, loss=12.444035 (498s)
    Restarts run: 20
    mu: 56.594721
    D_mu: 13.967789
    T0_mu: 0.055988
    Ly: 3.986664
    op_x: 0.601651
    op_y: 0.817472
    NMSE: 0.029484
  [Saved] random_IR_0022

============================================================
[23/50] random_IR_0023.npz
  GT loss: 0.002953
  terrain_mean=225.323395  early_threshold=2.143497  (alpha=0.0095)
  tolfun=1.17 tolfunhist=1.17  (frac=0.0052 of range=225)
    --> Trial 0 | pop=50 seed=73152 x0_norm_min=-0.944 x0_norm_max=0.730
        [Trial 0] gen   20  evals= 1000  best=19.4032
        [Trial 0] gen   40  evals= 2000  best=19.4032
        [Trial 0] gen   60  evals= 3000  best=19.4032
        [Trial 0] gen   80  evals= 4000  best=19.4032
        [Trial 0] gen  100  evals= 5000  best=16.9959
        [Trial 0] gen  120  evals= 6000  best=16.9959
        [Trial 0] gen  140  evals= 7000  best=16.9959
        [Trial 0] gen  160  evals= 8000  best=16.9959
        [Trial 0] gen  180  evals= 9000  best=16.9959
        [Trial 0] gen  200  evals=10000  best=16.9959
        [Trial 0] gen  220  evals=11000  best=16.9959
        [Trial 0] gen  240  evals=12000  best=16.9959
        [Trial 0] gen  260  evals=13000  best=16.9959
        [Trial 0] gen  280  evals=14000  best=16.9959
        [Trial 0] gen  300  evals=15000  best=16.9959
        [Trial 0] gen  320  evals=16000  best=16.9959
        [Trial 0] gen  340  evals=17000  best=16.9959
        [Trial 0] gen  360  evals=18000  best=16.9959
        [Trial 0] gen  380  evals=19000  best=16.9959
        [Done] Trial 0 best=16.9959
    --> Trial 1 | pop=59 seed=61648 x0_norm_min=-0.937 x0_norm_max=0.907
        [Trial 1] gen   20  evals= 1180  best=18.4615
        [Trial 1] gen   40  evals= 2360  best=18.4615
        [Trial 1] gen   60  evals= 3540  best=18.4615
        [Trial 1] gen   80  evals= 4720  best=18.4615
        [Trial 1] gen  100  evals= 5900  best=18.4615
        [Trial 1] gen  120  evals= 7080  best=18.4615
        [Trial 1] gen  140  evals= 8260  best=14.9104
        [Trial 1] gen  160  evals= 9440  best=14.0453
        [Done] Trial 1 best=14.0453
    --> Trial 2 | pop=53 seed=20941 x0_norm_min=-0.344 x0_norm_max=0.824
        [Trial 2] gen   20  evals= 1060  best=17.8142
        [Trial 2] gen   40  evals= 2120  best=17.8142
        [Trial 2] gen   60  evals= 3180  best=17.8142
        [Trial 2] gen   80  evals= 4240  best=17.8142
        [Trial 2] gen  100  evals= 5300  best=17.8142
        [Trial 2] gen  120  evals= 6360  best=17.8142
        [Pruned] Trial 2 at gen 135 (loss=17.8142)
    --> Trial 3 | pop=37 seed=14552 x0_norm_min=-0.797 x0_norm_max=0.622
        [Pruned] Trial 3 at gen 15 (loss=20.5213)
    --> Trial 4 | pop=45 seed=18935 x0_norm_min=-0.947 x0_norm_max=0.785
        [Pruned] Trial 4 at gen 15 (loss=18.4463)
    --> Trial 5 | pop=45 seed=52230 x0_norm_min=-0.748 x0_norm_max=0.981
        [Pruned] Trial 5 at gen 15 (loss=21.5475)
    --> Trial 6 | pop=47 seed=91461 x0_norm_min=-0.929 x0_norm_max=0.732
        [Pruned] Trial 6 at gen 15 (loss=21.0033)
    --> Trial 7 | pop=36 seed=1669 x0_norm_min=-0.779 x0_norm_max=0.922
        [Pruned] Trial 7 at gen 15 (loss=21.3469)
    --> Trial 8 | pop=49 seed=60384 x0_norm_min=-0.814 x0_norm_max=0.843
        [Pruned] Trial 8 at gen 15 (loss=21.2655)
    --> Trial 9 | pop=41 seed=78109 x0_norm_min=-0.955 x0_norm_max=0.770
        [Pruned] Trial 9 at gen 15 (loss=21.3674)
    --> Trial 10 | pop=60 seed=41902 x0_norm_min=-0.841 x0_norm_max=0.672
        [Pruned] Trial 10 at gen 15 (loss=20.8600)
    --> Trial 11 | pop=60 seed=71607 x0_norm_min=-0.781 x0_norm_max=0.859
        [Pruned] Trial 11 at gen 15 (loss=21.1254)
    --> Trial 12 | pop=55 seed=94238 x0_norm_min=-0.402 x0_norm_max=0.428
        [Trial 12] gen   20  evals= 1100  best=19.9358
        [Trial 12] gen   40  evals= 2200  best=19.9358
        [Pruned] Trial 12 at gen 45 (loss=19.9358)
    --> Trial 13 | pop=54 seed=42257 x0_norm_min=-0.863 x0_norm_max=0.955
        [Trial 13] gen   20  evals= 1080  best=18.9872
        [Trial 13] gen   40  evals= 2160  best=18.9872
        [Pruned] Trial 13 at gen 45 (loss=18.9872)
    --> Trial 14 | pop=30 seed=73630 x0_norm_min=-0.897 x0_norm_max=-0.091
        [Pruned] Trial 14 at gen 15 (loss=20.4665)
    --> Trial 15 | pop=56 seed=60175 x0_norm_min=-0.690 x0_norm_max=0.990
        [Pruned] Trial 15 at gen 15 (loss=21.4791)
    --> Trial 16 | pop=50 seed=78667 x0_norm_min=-0.776 x0_norm_max=0.982
        [Pruned] Trial 16 at gen 15 (loss=20.5326)
    --> Trial 17 | pop=58 seed=38976 x0_norm_min=-0.863 x0_norm_max=0.835
        [Pruned] Trial 17 at gen 15 (loss=21.7037)
    --> Trial 18 | pop=52 seed=99964 x0_norm_min=-0.933 x0_norm_max=0.907
        [Trial 18] gen   20  evals= 1040  best=20.1130
        [Trial 18] gen   40  evals= 2080  best=20.1130
        [Pruned] Trial 18 at gen 45 (loss=20.1130)
    --> Trial 19 | pop=57 seed=62807 x0_norm_min=-0.948 x0_norm_max=0.822
        [Pruned] Trial 19 at gen 15 (loss=20.1524)

  Winner: Trial 1, loss=14.045302 (941s)
    Restarts run: 20
    mu: 2.576393
    D_mu: 7.371404
    T0_mu: 302.541646
    Ly: 1.545954
    op_x: 0.646512
    op_y: 0.763761
    NMSE: 0.142156
  [Saved] random_IR_0023

============================================================
[24/50] random_IR_0024.npz
  GT loss: 0.001349
  terrain_mean=188.142303  early_threshold=1.788689  (alpha=0.0095)
  tolfun=0.978 tolfunhist=0.978  (frac=0.0052 of range=188)
    --> Trial 0 | pop=40 seed=73275 x0_norm_min=-0.944 x0_norm_max=0.730
        [Trial 0] gen   20  evals=  800  best=19.3339
        [Trial 0] gen   40  evals= 1600  best=17.6698
        [Trial 0] gen   60  evals= 2400  best=17.6698
        [Trial 0] gen   80  evals= 3200  best=17.6698
        [Trial 0] gen  100  evals= 4000  best=17.6698
        [Trial 0] gen  120  evals= 4800  best=17.6698
        [Trial 0] gen  140  evals= 5600  best=16.5343
        [Trial 0] gen  160  evals= 6400  best=16.5343
        [Trial 0] gen  180  evals= 7200  best=16.5343
        [Trial 0] gen  200  evals= 8000  best=16.5343
        [Trial 0] gen  220  evals= 8800  best=16.4716
        [Done] Trial 0 best=16.4716
    --> Trial 1 | pop=35 seed=40348 x0_norm_min=-0.937 x0_norm_max=0.907
        [Trial 1] gen   20  evals=  700  best=17.6155
        [Trial 1] gen   40  evals= 1400  best=17.6155
        [Trial 1] gen   60  evals= 2100  best=16.9809
        [Trial 1] gen   80  evals= 2800  best=16.9809
        [Trial 1] gen  100  evals= 3500  best=16.9809
        [Trial 1] gen  120  evals= 4200  best=16.9058
        [Pruned] Trial 1 at gen 135 (loss=16.9058)
    --> Trial 2 | pop=42 seed=48411 x0_norm_min=-0.344 x0_norm_max=0.824
        [Pruned] Trial 2 at gen 15 (loss=18.6418)
    --> Trial 3 | pop=33 seed=58624 x0_norm_min=-0.797 x0_norm_max=0.622
        [Trial 3] gen   20  evals=  660  best=17.3739
        [Trial 3] gen   40  evals= 1320  best=17.3739
        [Trial 3] gen   60  evals= 1980  best=17.3739
        [Trial 3] gen   80  evals= 2640  best=17.3739
        [Trial 3] gen  100  evals= 3300  best=17.3739
        [Trial 3] gen  120  evals= 3960  best=17.3739
        [Pruned] Trial 3 at gen 135 (loss=17.3739)
    --> Trial 4 | pop=40 seed=5137 x0_norm_min=-0.947 x0_norm_max=0.785
        [Pruned] Trial 4 at gen 15 (loss=18.3813)
    --> Trial 5 | pop=54 seed=48552 x0_norm_min=-0.748 x0_norm_max=0.981
        [Pruned] Trial 5 at gen 15 (loss=19.1726)
    --> Trial 6 | pop=54 seed=26752 x0_norm_min=-0.929 x0_norm_max=0.732
        [Pruned] Trial 6 at gen 15 (loss=19.2404)
    --> Trial 7 | pop=45 seed=19392 x0_norm_min=-0.779 x0_norm_max=0.922
        [Pruned] Trial 7 at gen 15 (loss=20.8062)
    --> Trial 8 | pop=52 seed=12360 x0_norm_min=-0.814 x0_norm_max=0.843
        [Pruned] Trial 8 at gen 15 (loss=18.4641)
    --> Trial 9 | pop=46 seed=87617 x0_norm_min=-0.955 x0_norm_max=0.770
        [Pruned] Trial 9 at gen 15 (loss=20.4612)
    --> Trial 10 | pop=31 seed=94092 x0_norm_min=-0.841 x0_norm_max=0.672
        [Pruned] Trial 10 at gen 15 (loss=19.7516)
    --> Trial 11 | pop=36 seed=74870 x0_norm_min=-0.781 x0_norm_max=0.859
        [Pruned] Trial 11 at gen 15 (loss=18.6560)
    --> Trial 12 | pop=39 seed=34816 x0_norm_min=-0.402 x0_norm_max=0.428
        [Pruned] Trial 12 at gen 15 (loss=20.0478)
    --> Trial 13 | pop=35 seed=67134 x0_norm_min=-0.863 x0_norm_max=0.955
        [Trial 13] gen   20  evals=  700  best=18.3002
        [Trial 13] gen   40  evals= 1400  best=17.0168
        [Trial 13] gen   60  evals= 2100  best=17.0168
        [Trial 13] gen   80  evals= 2800  best=17.0168
        [Trial 13] gen  100  evals= 3500  best=16.0553
        [Trial 13] gen  120  evals= 4200  best=16.0553
        [Trial 13] gen  140  evals= 4900  best=16.0553
        [Trial 13] gen  160  evals= 5600  best=16.0553
        [Trial 13] gen  180  evals= 6300  best=16.0553
        [Trial 13] gen  200  evals= 7000  best=16.0553
        [Trial 13] gen  220  evals= 7700  best=16.0553
        [Trial 13] gen  240  evals= 8400  best=16.0553
        [Trial 13] gen  260  evals= 9100  best=16.0553
        [Trial 13] gen  280  evals= 9800  best=16.0553
        [Trial 13] gen  300  evals=10500  best=16.0553
        [Trial 13] gen  320  evals=11200  best=16.0553
        [Trial 13] gen  340  evals=11900  best=16.0553
        [Trial 13] gen  360  evals=12600  best=16.0553
        [Trial 13] gen  380  evals=13300  best=16.0553
        [Done] Trial 13 best=16.0553
    --> Trial 14 | pop=59 seed=69639 x0_norm_min=-0.897 x0_norm_max=-0.091
        [Trial 14] gen   20  evals= 1180  best=17.9986
        [Trial 14] gen   40  evals= 2360  best=17.9986
        [Pruned] Trial 14 at gen 45 (loss=17.9986)
    --> Trial 15 | pop=46 seed=68145 x0_norm_min=-0.690 x0_norm_max=0.990
        [Pruned] Trial 15 at gen 15 (loss=19.3900)
    --> Trial 16 | pop=30 seed=83152 x0_norm_min=-0.776 x0_norm_max=0.982
        [Pruned] Trial 16 at gen 15 (loss=21.9457)
    --> Trial 17 | pop=38 seed=98648 x0_norm_min=-0.863 x0_norm_max=0.835
        [Pruned] Trial 17 at gen 15 (loss=20.4350)
    --> Trial 18 | pop=42 seed=60078 x0_norm_min=-0.933 x0_norm_max=0.907
        [Pruned] Trial 18 at gen 15 (loss=18.5429)
    --> Trial 19 | pop=49 seed=78880 x0_norm_min=-0.948 x0_norm_max=0.822
        [Pruned] Trial 19 at gen 15 (loss=20.6938)

  Winner: Trial 13, loss=16.055305 (1033s)
    Restarts run: 20
    mu: 49.922849
    D_mu: 6.927491
    T0_mu: 0.013752
    Ly: 3.441097
    op_x: 0.606834
    op_y: 0.710313
    NMSE: 0.041998
  [Saved] random_IR_0024

============================================================
[25/50] random_IR_0025.npz
  GT loss: 0.785990
  terrain_mean=236.469177  early_threshold=3.024981  (alpha=0.0095)
  tolfun=1.23 tolfunhist=1.23  (frac=0.0052 of range=236)
    --> Trial 0 | pop=53 seed=22491 x0_norm_min=-0.944 x0_norm_max=0.730
        [Trial 0] gen   20  evals= 1060  best=19.0601
        [Trial 0] gen   40  evals= 2120  best=19.0601
        [Trial 0] gen   60  evals= 3180  best=17.9049
        [Trial 0] gen   80  evals= 4240  best=16.2825
        [Trial 0] gen  100  evals= 5300  best=16.2825
        [Trial 0] gen  120  evals= 6360  best=16.2825
        [Trial 0] gen  140  evals= 7420  best=16.2825
        [Trial 0] gen  160  evals= 8480  best=16.2825
        [Trial 0] gen  180  evals= 9540  best=16.2825
        [Trial 0] gen  200  evals=10600  best=16.2825
        [Trial 0] gen  220  evals=11660  best=15.6871
        [Trial 0] gen  240  evals=12720  best=15.6871
        [Trial 0] gen  260  evals=13780  best=15.6871
        [Trial 0] gen  280  evals=14840  best=15.6871
        [Trial 0] gen  300  evals=15900  best=15.6871
        [Trial 0] gen  320  evals=16960  best=15.6871
        [Trial 0] gen  340  evals=18020  best=15.6871
        [Trial 0] gen  360  evals=19080  best=15.6871
        [Trial 0] gen  380  evals=20140  best=15.6871
        [Trial 0] gen  400  evals=21200  best=15.6871
        [Trial 0] gen  420  evals=22260  best=15.6871
        [Trial 0] gen  440  evals=23320  best=15.6871
        [Trial 0] gen  460  evals=24380  best=15.6040
        [Trial 0] gen  480  evals=25440  best=14.8125
        [Trial 0] gen  500  evals=26500  best=13.2217
        [Done] Trial 0 best=13.2217
    --> Trial 1 | pop=33 seed=30577 x0_norm_min=-0.937 x0_norm_max=0.907
        [Pruned] Trial 1 at gen 15 (loss=19.8861)
    --> Trial 2 | pop=40 seed=54902 x0_norm_min=-0.344 x0_norm_max=0.824
        [Pruned] Trial 2 at gen 15 (loss=22.3471)
    --> Trial 3 | pop=37 seed=30973 x0_norm_min=-0.797 x0_norm_max=0.622
        [Pruned] Trial 3 at gen 15 (loss=19.3281)
    --> Trial 4 | pop=46 seed=15718 x0_norm_min=-0.947 x0_norm_max=0.785
        [Pruned] Trial 4 at gen 15 (loss=20.8019)
    --> Trial 5 | pop=34 seed=6606 x0_norm_min=-0.748 x0_norm_max=0.981
        [Pruned] Trial 5 at gen 15 (loss=21.7976)
    --> Trial 6 | pop=45 seed=81592 x0_norm_min=-0.929 x0_norm_max=0.732
        [Trial 6] gen   20  evals=  900  best=19.0757
        [Trial 6] gen   40  evals= 1800  best=18.0308
        [Trial 6] gen   60  evals= 2700  best=18.0308
        [Trial 6] gen   80  evals= 3600  best=16.8177
        [Trial 6] gen  100  evals= 4500  best=16.8177
        [Trial 6] gen  120  evals= 5400  best=16.6490
        [Pruned] Trial 6 at gen 135 (loss=16.6490)
    --> Trial 7 | pop=49 seed=93683 x0_norm_min=-0.779 x0_norm_max=0.922
        [Pruned] Trial 7 at gen 15 (loss=20.3530)
    --> Trial 8 | pop=38 seed=68408 x0_norm_min=-0.814 x0_norm_max=0.843
        [Pruned] Trial 8 at gen 15 (loss=21.0287)
    --> Trial 9 | pop=48 seed=20068 x0_norm_min=-0.955 x0_norm_max=0.770
        [Pruned] Trial 9 at gen 15 (loss=22.6455)
    --> Trial 10 | pop=60 seed=49916 x0_norm_min=-0.841 x0_norm_max=0.672
        [Pruned] Trial 10 at gen 15 (loss=21.5979)
    --> Trial 11 | pop=56 seed=98507 x0_norm_min=-0.781 x0_norm_max=0.859
        [Trial 11] gen   20  evals= 1120  best=18.9252
        [Trial 11] gen   40  evals= 2240  best=18.9252
        [Pruned] Trial 11 at gen 45 (loss=18.9252)
    --> Trial 12 | pop=54 seed=77519 x0_norm_min=-0.402 x0_norm_max=0.428
        [Trial 12] gen   20  evals= 1080  best=18.5954
        [Trial 12] gen   40  evals= 2160  best=18.5954
        [Pruned] Trial 12 at gen 45 (loss=18.5954)
    --> Trial 13 | pop=43 seed=28 x0_norm_min=-0.863 x0_norm_max=0.955
        [Trial 13] gen   20  evals=  860  best=19.2382
        [Trial 13] gen   40  evals= 1720  best=19.2382
        [Pruned] Trial 13 at gen 45 (loss=19.2382)
    --> Trial 14 | pop=53 seed=51984 x0_norm_min=-0.897 x0_norm_max=-0.091
        [Trial 14] gen   20  evals= 1060  best=18.3998
        [Trial 14] gen   40  evals= 2120  best=18.3998
        [Trial 14] gen   60  evals= 3180  best=18.3998
        [Trial 14] gen   80  evals= 4240  best=18.3998
        [Trial 14] gen  100  evals= 5300  best=18.3998
        [Trial 14] gen  120  evals= 6360  best=18.3998
        [Pruned] Trial 14 at gen 135 (loss=18.3998)
    --> Trial 15 | pop=43 seed=79435 x0_norm_min=-0.690 x0_norm_max=0.990
        [Pruned] Trial 15 at gen 15 (loss=20.5235)
    --> Trial 16 | pop=50 seed=39504 x0_norm_min=-0.776 x0_norm_max=0.982
        [Pruned] Trial 16 at gen 15 (loss=22.3801)
    --> Trial 17 | pop=44 seed=64918 x0_norm_min=-0.863 x0_norm_max=0.835
        [Pruned] Trial 17 at gen 15 (loss=20.4867)
    --> Trial 18 | pop=52 seed=86019 x0_norm_min=-0.933 x0_norm_max=0.907
        [Pruned] Trial 18 at gen 15 (loss=20.1624)
    --> Trial 19 | pop=59 seed=38453 x0_norm_min=-0.948 x0_norm_max=0.822
        [Trial 19] gen   20  evals= 1180  best=18.2806
        [Trial 19] gen   40  evals= 2360  best=18.2806
        [Trial 19] gen   60  evals= 3540  best=18.2806
        [Trial 19] gen   80  evals= 4720  best=18.2806
        [Trial 19] gen  100  evals= 5900  best=18.2806
        [Trial 19] gen  120  evals= 7080  best=17.4336
        [Pruned] Trial 19 at gen 135 (loss=17.4336)

  Winner: Trial 0, loss=13.221655 (940s)
    Restarts run: 20
    mu: 21.348224
    D_mu: 0.965099
    T0_mu: 20.100320
    Ly: 1.889674
    op_x: 0.998809
    op_y: 0.812870
    NMSE: 0.208442
  [Saved] random_IR_0025

============================================================
[26/50] random_IR_0026.npz
  GT loss: 0.015542
  terrain_mean=182.581482  early_threshold=1.749918  (alpha=0.0095)
  tolfun=0.949 tolfunhist=0.949  (frac=0.0052 of range=183)
    --> Trial 0 | pop=35 seed=46609 x0_norm_min=-0.944 x0_norm_max=0.730
        [Trial 0] gen   20  evals=  700  best=19.7114
        [Trial 0] gen   40  evals= 1400  best=19.7114
        [Trial 0] gen   60  evals= 2100  best=19.6596
        [Trial 0] gen   80  evals= 2800  best=19.6596
        [Trial 0] gen  100  evals= 3500  best=19.6596
        [Trial 0] gen  120  evals= 4200  best=19.6596
        [Trial 0] gen  140  evals= 4900  best=19.6596
        [Trial 0] gen  160  evals= 5600  best=19.0968
        [Trial 0] gen  180  evals= 6300  best=19.0968
        [Trial 0] gen  200  evals= 7000  best=19.0968
        [Trial 0] gen  220  evals= 7700  best=19.0968
        [Trial 0] gen  240  evals= 8400  best=19.0968
        [Trial 0] gen  260  evals= 9100  best=19.0968
        [Trial 0] gen  280  evals= 9800  best=19.0968
        [Trial 0] gen  300  evals=10500  best=19.0968
        [Trial 0] gen  320  evals=11200  best=19.0968
        [Trial 0] gen  340  evals=11900  best=19.0968
        [Trial 0] gen  360  evals=12600  best=19.0333
        [Trial 0] gen  380  evals=13300  best=19.0333
        [Trial 0] gen  400  evals=14000  best=19.0333
        [Trial 0] gen  420  evals=14700  best=19.0333
        [Trial 0] gen  440  evals=15400  best=17.1170
        [Trial 0] gen  460  evals=16100  best=17.1170
        [Trial 0] gen  480  evals=16800  best=17.1170
        [Trial 0] gen  500  evals=17500  best=17.1170
        [Done] Trial 0 best=17.1170
    --> Trial 1 | pop=53 seed=35716 x0_norm_min=-0.937 x0_norm_max=0.907
        [Pruned] Trial 1 at gen 15 (loss=21.1016)
    --> Trial 2 | pop=34 seed=15630 x0_norm_min=-0.344 x0_norm_max=0.824
        [Trial 2] gen   20  evals=  680  best=19.6611
        [Trial 2] gen   40  evals= 1360  best=19.6611
        [Pruned] Trial 2 at gen 45 (loss=19.6611)
    --> Trial 3 | pop=39 seed=1855 x0_norm_min=-0.797 x0_norm_max=0.622
        [Trial 3] gen   20  evals=  780  best=17.3385
        [Trial 3] gen   40  evals= 1560  best=17.3385
        [Trial 3] gen   60  evals= 2340  best=17.3385
        [Trial 3] gen   80  evals= 3120  best=17.3385
        [Trial 3] gen  100  evals= 3900  best=17.3385
        [Trial 3] gen  120  evals= 4680  best=17.3385
        [Trial 3] gen  140  evals= 5460  best=15.7314
        [Done] Trial 3 best=15.6757
    --> Trial 4 | pop=49 seed=49484 x0_norm_min=-0.947 x0_norm_max=0.785
        [Pruned] Trial 4 at gen 15 (loss=20.6268)
    --> Trial 5 | pop=56 seed=48135 x0_norm_min=-0.748 x0_norm_max=0.981
        [Trial 5] gen   20  evals= 1120  best=18.2261
        [Trial 5] gen   40  evals= 2240  best=17.7028
        [Pruned] Trial 5 at gen 45 (loss=17.7028)
    --> Trial 6 | pop=31 seed=28005 x0_norm_min=-0.929 x0_norm_max=0.732
        [Pruned] Trial 6 at gen 15 (loss=22.3757)
    --> Trial 7 | pop=37 seed=32024 x0_norm_min=-0.779 x0_norm_max=0.922
        [Pruned] Trial 7 at gen 15 (loss=20.0190)
    --> Trial 8 | pop=40 seed=27873 x0_norm_min=-0.814 x0_norm_max=0.843
        [Pruned] Trial 8 at gen 15 (loss=20.5791)
    --> Trial 9 | pop=44 seed=78756 x0_norm_min=-0.955 x0_norm_max=0.770
        [Pruned] Trial 9 at gen 15 (loss=21.8755)
    --> Trial 10 | pop=60 seed=99117 x0_norm_min=-0.841 x0_norm_max=0.672
        [Trial 10] gen   20  evals= 1200  best=18.4786
        [Trial 10] gen   40  evals= 2400  best=18.4786
        [Pruned] Trial 10 at gen 45 (loss=18.4786)
    --> Trial 11 | pop=42 seed=2444 x0_norm_min=-0.781 x0_norm_max=0.859
        [Trial 11] gen   20  evals=  840  best=19.0424
        [Trial 11] gen   40  evals= 1680  best=19.0424
        [Pruned] Trial 11 at gen 45 (loss=19.0424)
    --> Trial 12 | pop=30 seed=72447 x0_norm_min=-0.402 x0_norm_max=0.428
        [Pruned] Trial 12 at gen 15 (loss=19.5515)
    --> Trial 13 | pop=37 seed=2136 x0_norm_min=-0.863 x0_norm_max=0.955
        [Pruned] Trial 13 at gen 15 (loss=19.1869)
    --> Trial 14 | pop=47 seed=62572 x0_norm_min=-0.897 x0_norm_max=-0.091
        [Trial 14] gen   20  evals=  940  best=19.0611
        [Trial 14] gen   40  evals= 1880  best=18.9374
        [Pruned] Trial 14 at gen 45 (loss=18.9374)
    --> Trial 15 | pop=37 seed=15886 x0_norm_min=-0.690 x0_norm_max=0.990
        [Pruned] Trial 15 at gen 15 (loss=21.0021)
    --> Trial 16 | pop=34 seed=99378 x0_norm_min=-0.776 x0_norm_max=0.982
        [Pruned] Trial 16 at gen 15 (loss=20.4841)
    --> Trial 17 | pop=45 seed=60607 x0_norm_min=-0.863 x0_norm_max=0.835
        [Pruned] Trial 17 at gen 15 (loss=20.4373)
    --> Trial 18 | pop=41 seed=85467 x0_norm_min=-0.933 x0_norm_max=0.907
        [Pruned] Trial 18 at gen 15 (loss=19.3079)
    --> Trial 19 | pop=34 seed=46982 x0_norm_min=-0.948 x0_norm_max=0.822
        [Pruned] Trial 19 at gen 15 (loss=20.1300)

  Winner: Trial 3, loss=15.675663 (407s)
    Restarts run: 20
    mu: 9.360079
    D_mu: 93.400417
    T0_mu: 94.431921
    Ly: 3.606939
    op_x: 0.740154
    op_y: 0.562181
    NMSE: 0.179225
  [Saved] random_IR_0026

============================================================
[27/50] random_IR_0027.npz
  GT loss: 0.285264
  terrain_mean=179.450897  early_threshold=1.987337  (alpha=0.0095)
  tolfun=0.932 tolfunhist=0.932  (frac=0.0052 of range=179)
    --> Trial 0 | pop=58 seed=41557 x0_norm_min=-0.944 x0_norm_max=0.730
        [Trial 0] gen   20  evals= 1160  best=21.6958
        [Trial 0] gen   40  evals= 2320  best=20.1641
        [Trial 0] gen   60  evals= 3480  best=20.1641
        [Trial 0] gen   80  evals= 4640  best=20.1641
        [Trial 0] gen  100  evals= 5800  best=20.0598
        [Trial 0] gen  120  evals= 6960  best=19.1302
        [Trial 0] gen  140  evals= 8120  best=19.1302
        [Trial 0] gen  160  evals= 9280  best=17.7814
        [Trial 0] gen  180  evals=10440  best=17.7814
        [Trial 0] gen  200  evals=11600  best=16.3690
        [Trial 0] gen  220  evals=12760  best=16.3690
        [Trial 0] gen  240  evals=13920  best=16.3690
        [Trial 0] gen  260  evals=15080  best=16.3690
        [Trial 0] gen  280  evals=16240  best=16.3690
        [Done] Trial 0 best=16.3690
    --> Trial 1 | pop=47 seed=61376 x0_norm_min=-0.937 x0_norm_max=0.907
        [Pruned] Trial 1 at gen 15 (loss=22.3043)
    --> Trial 2 | pop=37 seed=61590 x0_norm_min=-0.344 x0_norm_max=0.824
        [Pruned] Trial 2 at gen 15 (loss=24.0785)
    --> Trial 3 | pop=60 seed=45730 x0_norm_min=-0.797 x0_norm_max=0.622
        [Pruned] Trial 3 at gen 15 (loss=23.2570)
    --> Trial 4 | pop=58 seed=68437 x0_norm_min=-0.947 x0_norm_max=0.785
        [Pruned] Trial 4 at gen 15 (loss=24.5097)
    --> Trial 5 | pop=56 seed=46345 x0_norm_min=-0.748 x0_norm_max=0.981
        [Trial 5] gen   20  evals= 1120  best=21.6335
        [Trial 5] gen   40  evals= 2240  best=17.6525
        [Trial 5] gen   60  evals= 3360  best=17.6525
        [Trial 5] gen   80  evals= 4480  best=17.6525
        [Trial 5] gen  100  evals= 5600  best=17.6525
        [Trial 5] gen  120  evals= 6720  best=17.6525
        [Trial 5] gen  140  evals= 7840  best=17.6525
        [Trial 5] gen  160  evals= 8960  best=17.6525
        [Trial 5] gen  180  evals=10080  best=17.6525
        [Trial 5] gen  200  evals=11200  best=17.6525
        [Trial 5] gen  220  evals=12320  best=17.6525
        [Trial 5] gen  240  evals=13440  best=17.6525
        [Done] Trial 5 best=17.6525
    --> Trial 6 | pop=44 seed=23455 x0_norm_min=-0.929 x0_norm_max=0.732
        [Pruned] Trial 6 at gen 15 (loss=21.8645)
    --> Trial 7 | pop=35 seed=8536 x0_norm_min=-0.779 x0_norm_max=0.922
        [Pruned] Trial 7 at gen 15 (loss=22.4156)
    --> Trial 8 | pop=44 seed=74967 x0_norm_min=-0.814 x0_norm_max=0.843
        [Pruned] Trial 8 at gen 15 (loss=26.7918)
    --> Trial 9 | pop=55 seed=45437 x0_norm_min=-0.955 x0_norm_max=0.770
        [Pruned] Trial 9 at gen 15 (loss=24.4163)
    --> Trial 10 | pop=30 seed=98611 x0_norm_min=-0.841 x0_norm_max=0.672
        [Trial 10] gen   20  evals=  600  best=21.6097
        [Trial 10] gen   40  evals= 1200  best=21.6097
        [Pruned] Trial 10 at gen 45 (loss=20.2278)
    --> Trial 11 | pop=52 seed=34427 x0_norm_min=-0.781 x0_norm_max=0.859
        [Pruned] Trial 11 at gen 15 (loss=23.8342)
    --> Trial 12 | pop=52 seed=24987 x0_norm_min=-0.402 x0_norm_max=0.428
        [Pruned] Trial 12 at gen 15 (loss=23.7925)
    --> Trial 13 | pop=55 seed=49072 x0_norm_min=-0.863 x0_norm_max=0.955
        [Trial 13] gen   20  evals= 1100  best=19.0721
        [Trial 13] gen   40  evals= 2200  best=19.0721
        [Pruned] Trial 13 at gen 45 (loss=19.0721)
    --> Trial 14 | pop=50 seed=2251 x0_norm_min=-0.897 x0_norm_max=-0.091
        [Trial 14] gen   20  evals= 1000  best=20.4915
        [Trial 14] gen   40  evals= 2000  best=20.4915
        [Pruned] Trial 14 at gen 45 (loss=20.4915)
    --> Trial 15 | pop=57 seed=84656 x0_norm_min=-0.690 x0_norm_max=0.990
        [Pruned] Trial 15 at gen 15 (loss=22.5055)
    --> Trial 16 | pop=60 seed=32527 x0_norm_min=-0.776 x0_norm_max=0.982
        [Pruned] Trial 16 at gen 15 (loss=24.7648)
    --> Trial 17 | pop=49 seed=54306 x0_norm_min=-0.863 x0_norm_max=0.835
        [Pruned] Trial 17 at gen 15 (loss=25.2599)
    --> Trial 18 | pop=56 seed=34305 x0_norm_min=-0.933 x0_norm_max=0.907
        [Pruned] Trial 18 at gen 15 (loss=22.9771)
    --> Trial 19 | pop=53 seed=19083 x0_norm_min=-0.948 x0_norm_max=0.822
        [Trial 19] gen   20  evals= 1060  best=19.3286
        [Trial 19] gen   40  evals= 2120  best=18.9229
        [Trial 19] gen   60  evals= 3180  best=18.9229
        [Trial 19] gen   80  evals= 4240  best=18.9229
        [Trial 19] gen  100  evals= 5300  best=18.3561
        [Trial 19] gen  120  evals= 6360  best=17.0289
        [Trial 19] gen  140  evals= 7420  best=17.0289
        [Trial 19] gen  160  evals= 8480  best=17.0289
        [Trial 19] gen  180  evals= 9540  best=17.0289
        [Done] Trial 19 best=17.0289

  Winner: Trial 0, loss=16.368998 (897s)
    Restarts run: 20
    mu: 12.166133
    D_mu: 33.892042
    T0_mu: 72.054383
    Ly: 3.531817
    op_x: 0.974188
    op_y: 0.898136
    NMSE: 0.042039
  [Saved] random_IR_0027

============================================================
[28/50] random_IR_0028.npz
  GT loss: 0.000037
  terrain_mean=339.906250  early_threshold=3.229146  (alpha=0.0095)
  tolfun=1.77 tolfunhist=1.77  (frac=0.0052 of range=340)
    --> Trial 0 | pop=36 seed=11698 x0_norm_min=-0.944 x0_norm_max=0.730
        [Trial 0] gen   20  evals=  720  best=17.8576
        [Trial 0] gen   40  evals= 1440  best=16.9221
        [Trial 0] gen   60  evals= 2160  best=16.9221
        [Trial 0] gen   80  evals= 2880  best=16.9221
        [Trial 0] gen  100  evals= 3600  best=16.9221
        [Trial 0] gen  120  evals= 4320  best=16.9221
        [Trial 0] gen  140  evals= 5040  best=16.5067
        [Trial 0] gen  160  evals= 5760  best=16.5067
        [Trial 0] gen  180  evals= 6480  best=16.1561
        [Done] Trial 0 best=14.8229
    --> Trial 1 | pop=42 seed=31932 x0_norm_min=-0.937 x0_norm_max=0.907
        [Pruned] Trial 1 at gen 15 (loss=18.8902)
    --> Trial 2 | pop=50 seed=73461 x0_norm_min=-0.344 x0_norm_max=0.824
        [Trial 2] gen   20  evals= 1000  best=18.0008
        [Trial 2] gen   40  evals= 2000  best=17.8702
        [Pruned] Trial 2 at gen 45 (loss=17.8702)
    --> Trial 3 | pop=45 seed=57109 x0_norm_min=-0.797 x0_norm_max=0.622
        [Trial 3] gen   20  evals=  900  best=17.2787
        [Trial 3] gen   40  evals= 1800  best=16.1997
        [Trial 3] gen   60  evals= 2700  best=16.1997
        [Trial 3] gen   80  evals= 3600  best=16.1997
        [Trial 3] gen  100  evals= 4500  best=16.1997
        [Trial 3] gen  120  evals= 5400  best=16.1997
        [Trial 3] gen  140  evals= 6300  best=16.1997
        [Trial 3] gen  160  evals= 7200  best=16.1997
        [Trial 3] gen  180  evals= 8100  best=16.1611
        [Trial 3] gen  200  evals= 9000  best=15.8089
        [Trial 3] gen  220  evals= 9900  best=15.8089
        [Done] Trial 3 best=15.8089
    --> Trial 4 | pop=33 seed=62437 x0_norm_min=-0.947 x0_norm_max=0.785
        [Pruned] Trial 4 at gen 15 (loss=19.6916)
    --> Trial 5 | pop=58 seed=6759 x0_norm_min=-0.748 x0_norm_max=0.981
        [Trial 5] gen   20  evals= 1160  best=16.4752
        [Trial 5] gen   40  evals= 2320  best=16.4752
        [Pruned] Trial 5 at gen 45 (loss=16.4752)
    --> Trial 6 | pop=49 seed=27855 x0_norm_min=-0.929 x0_norm_max=0.732
        [Trial 6] gen   20  evals=  980  best=17.2370
        [Trial 6] gen   40  evals= 1960  best=17.2370
        [Pruned] Trial 6 at gen 45 (loss=17.2370)
    --> Trial 7 | pop=36 seed=3636 x0_norm_min=-0.779 x0_norm_max=0.922
        [Trial 7] gen   20  evals=  720  best=15.6834
        [Trial 7] gen   40  evals= 1440  best=15.6834
        [Trial 7] gen   60  evals= 2160  best=15.6834
        [Trial 7] gen   80  evals= 2880  best=15.6834
        [Trial 7] gen  100  evals= 3600  best=15.6834
        [Trial 7] gen  120  evals= 4320  best=15.6834
        [Trial 7] gen  140  evals= 5040  best=15.6834
        [Trial 7] gen  160  evals= 5760  best=15.6834
        [Trial 7] gen  180  evals= 6480  best=15.6834
        [Trial 7] gen  200  evals= 7200  best=15.6834
        [Trial 7] gen  220  evals= 7920  best=15.6834
        [Trial 7] gen  240  evals= 8640  best=15.6834
        [Trial 7] gen  260  evals= 9360  best=15.6834
        [Done] Trial 7 best=14.5291
    --> Trial 8 | pop=51 seed=54112 x0_norm_min=-0.814 x0_norm_max=0.843
        [Pruned] Trial 8 at gen 15 (loss=17.5001)
    --> Trial 9 | pop=38 seed=28253 x0_norm_min=-0.955 x0_norm_max=0.770
        [Trial 9] gen   20  evals=  760  best=15.9769
        [Trial 9] gen   40  evals= 1520  best=15.9769
        [Trial 9] gen   60  evals= 2280  best=15.9769
        [Trial 9] gen   80  evals= 3040  best=15.9769
        [Trial 9] gen  100  evals= 3800  best=15.9769
        [Trial 9] gen  120  evals= 4560  best=15.9769
        [Pruned] Trial 9 at gen 135 (loss=15.9769)
    --> Trial 10 | pop=59 seed=95745 x0_norm_min=-0.841 x0_norm_max=0.672
        [Trial 10] gen   20  evals= 1180  best=16.3321
        [Trial 10] gen   40  evals= 2360  best=16.3321
        [Pruned] Trial 10 at gen 45 (loss=16.3321)
    --> Trial 11 | pop=30 seed=1975 x0_norm_min=-0.781 x0_norm_max=0.859
        [Trial 11] gen   20  evals=  600  best=16.6983
        [Trial 11] gen   40  evals= 1200  best=15.2468
        [Trial 11] gen   60  evals= 1800  best=15.2468
        [Trial 11] gen   80  evals= 2400  best=15.2468
        [Trial 11] gen  100  evals= 3000  best=15.2468
        [Trial 11] gen  120  evals= 3600  best=15.2468
        [Trial 11] gen  140  evals= 4200  best=15.2468
        [Trial 11] gen  160  evals= 4800  best=15.0010
        [Done] Trial 11 best=14.5954
    --> Trial 12 | pop=30 seed=1428 x0_norm_min=-0.402 x0_norm_max=0.428
        [Pruned] Trial 12 at gen 15 (loss=17.2541)
    --> Trial 13 | pop=30 seed=15731 x0_norm_min=-0.863 x0_norm_max=0.955
        [Pruned] Trial 13 at gen 15 (loss=16.7066)
    --> Trial 14 | pop=39 seed=296 x0_norm_min=-0.897 x0_norm_max=-0.091
        [Pruned] Trial 14 at gen 15 (loss=20.9819)
    --> Trial 15 | pop=35 seed=17992 x0_norm_min=-0.690 x0_norm_max=0.990
        [Pruned] Trial 15 at gen 15 (loss=19.8818)
    --> Trial 16 | pop=33 seed=40915 x0_norm_min=-0.776 x0_norm_max=0.982
        [Pruned] Trial 16 at gen 15 (loss=18.0260)
    --> Trial 17 | pop=41 seed=18189 x0_norm_min=-0.863 x0_norm_max=0.835
        [Pruned] Trial 17 at gen 15 (loss=17.9508)
    --> Trial 18 | pop=44 seed=388 x0_norm_min=-0.933 x0_norm_max=0.907
        [Pruned] Trial 18 at gen 15 (loss=19.8850)
    --> Trial 19 | pop=34 seed=38651 x0_norm_min=-0.948 x0_norm_max=0.822
        [Pruned] Trial 19 at gen 15 (loss=18.6136)

  Winner: Trial 7, loss=14.529123 (1419s)
    Restarts run: 20
    mu: 32.075185
    D_mu: 8.756395
    T0_mu: 2.477373
    Ly: 3.961826
    op_x: 0.538386
    op_y: 0.876241
    NMSE: 0.169447
  [Saved] random_IR_0028

============================================================
[29/50] random_IR_0029.npz
  GT loss: 71.721092
  terrain_mean=520.723267  early_threshold=75.986613  (alpha=0.0095)
  tolfun=2.33 tolfunhist=2.33  (frac=0.0052 of range=449)
    --> Trial 0 | pop=44 seed=2876 x0_norm_min=-0.944 x0_norm_max=0.730
        [Trial 0] gen   20  evals=  880  best=43.7423
        [Trial 0] gen   40  evals= 1760  best=43.7423
        [Trial 0] gen   60  evals= 2640  best=40.5795
        [Trial 0] gen   80  evals= 3520  best=40.5795
        [Trial 0] gen  100  evals= 4400  best=40.5795
        [Trial 0] gen  120  evals= 5280  best=39.2364
        [Trial 0] gen  140  evals= 6160  best=39.2364
        [Trial 0] gen  160  evals= 7040  best=33.3444
        [Trial 0] gen  180  evals= 7920  best=33.3444
        [Trial 0] gen  200  evals= 8800  best=33.3444
        [Trial 0] gen  220  evals= 9680  best=33.3444
        [Trial 0] gen  240  evals=10560  best=33.3444
        [Trial 0] gen  260  evals=11440  best=33.3444
        [Trial 0] gen  280  evals=12320  best=33.3444
        [Done] Trial 0 best=33.3444
    --> Early stop triggered: trial 0 reached loss=33.344376 < 75.986613

  Winner: Trial 0, loss=33.344376 (71s)
    Restarts run: 1
    mu: 12.142804
    D_mu: 99.710235
    T0_mu: 17.278101
    Ly: 2.663831
    op_x: 0.991832
    op_y: 0.996397
    NMSE: 0.132371
  [Saved] random_IR_0029

============================================================
[30/50] random_IR_0030.npz
  GT loss: 0.020738
  terrain_mean=147.208572  early_threshold=1.419022  (alpha=0.0095)
  tolfun=0.765 tolfunhist=0.765  (frac=0.0052 of range=147)
    --> Trial 0 | pop=47 seed=75357 x0_norm_min=-0.944 x0_norm_max=0.730
        [Trial 0] gen   20  evals=  940  best=17.8252
        [Trial 0] gen   40  evals= 1880  best=16.8605
        [Trial 0] gen   60  evals= 2820  best=16.8605
        [Trial 0] gen   80  evals= 3760  best=16.8605
        [Trial 0] gen  100  evals= 4700  best=16.8605
        [Trial 0] gen  120  evals= 5640  best=16.8605
        [Trial 0] gen  140  evals= 6580  best=16.8605
        [Trial 0] gen  160  evals= 7520  best=16.8605
        [Trial 0] gen  180  evals= 8460  best=16.8605
        [Trial 0] gen  200  evals= 9400  best=16.8605
        [Trial 0] gen  220  evals=10340  best=16.8605
        [Trial 0] gen  240  evals=11280  best=16.8605
        [Trial 0] gen  260  evals=12220  best=16.8605
        [Trial 0] gen  280  evals=13160  best=16.8605
        [Trial 0] gen  300  evals=14100  best=16.8605
        [Done] Trial 0 best=16.8605
    --> Trial 1 | pop=32 seed=97793 x0_norm_min=-0.937 x0_norm_max=0.907
        [Trial 1] gen   20  evals=  640  best=15.3947
        [Trial 1] gen   40  evals= 1280  best=15.3947
        [Trial 1] gen   60  evals= 1920  best=15.3947
        [Trial 1] gen   80  evals= 2560  best=15.3947
        [Trial 1] gen  100  evals= 3200  best=15.2014
        [Trial 1] gen  120  evals= 3840  best=15.2014
        [Trial 1] gen  140  evals= 4480  best=15.2014
        [Trial 1] gen  160  evals= 5120  best=15.2014
        [Trial 1] gen  180  evals= 5760  best=14.7783
        [Trial 1] gen  200  evals= 6400  best=14.7783
        [Trial 1] gen  220  evals= 7040  best=14.7783
        [Trial 1] gen  240  evals= 7680  best=14.7783
        [Trial 1] gen  260  evals= 8320  best=14.7783
        [Trial 1] gen  280  evals= 8960  best=14.7783
        [Trial 1] gen  300  evals= 9600  best=14.7783
        [Trial 1] gen  320  evals=10240  best=14.7783
        [Trial 1] gen  340  evals=10880  best=14.7783
        [Trial 1] gen  360  evals=11520  best=14.7783
        [Trial 1] gen  380  evals=12160  best=14.7783
        [Trial 1] gen  400  evals=12800  best=14.7783
        [Trial 1] gen  420  evals=13440  best=14.7783
        [Trial 1] gen  440  evals=14080  best=14.7783
        [Trial 1] gen  460  evals=14720  best=14.7783
        [Done] Trial 1 best=14.7783
    --> Trial 2 | pop=43 seed=24045 x0_norm_min=-0.344 x0_norm_max=0.824
        [Pruned] Trial 2 at gen 15 (loss=18.0131)
    --> Trial 3 | pop=46 seed=99318 x0_norm_min=-0.797 x0_norm_max=0.622
        [Trial 3] gen   20  evals=  920  best=15.3838
        [Trial 3] gen   40  evals= 1840  best=15.3838
        [Trial 3] gen   60  evals= 2760  best=15.3838
        [Trial 3] gen   80  evals= 3680  best=15.3838
        [Trial 3] gen  100  evals= 4600  best=15.3838
        [Trial 3] gen  120  evals= 5520  best=15.3838
        [Pruned] Trial 3 at gen 135 (loss=15.3838)
    --> Trial 4 | pop=39 seed=52051 x0_norm_min=-0.947 x0_norm_max=0.785
        [Pruned] Trial 4 at gen 15 (loss=17.0907)
    --> Trial 5 | pop=44 seed=81802 x0_norm_min=-0.748 x0_norm_max=0.981
        [Trial 5] gen   20  evals=  880  best=14.0755
        [Trial 5] gen   40  evals= 1760  best=14.0755
        [Trial 5] gen   60  evals= 2640  best=14.0755
        [Trial 5] gen   80  evals= 3520  best=14.0755
        [Trial 5] gen  100  evals= 4400  best=14.0755
        [Trial 5] gen  120  evals= 5280  best=14.0755
        [Trial 5] gen  140  evals= 6160  best=14.0755
        [Trial 5] gen  160  evals= 7040  best=14.0755
        [Trial 5] gen  180  evals= 7920  best=14.0755
        [Trial 5] gen  200  evals= 8800  best=14.0755
        [Trial 5] gen  220  evals= 9680  best=14.0755
        [Trial 5] gen  240  evals=10560  best=14.0755
        [Done] Trial 5 best=14.0755
    --> Trial 6 | pop=41 seed=36258 x0_norm_min=-0.929 x0_norm_max=0.732
        [Trial 6] gen   20  evals=  820  best=15.0036
        [Trial 6] gen   40  evals= 1640  best=15.0036
        [Pruned] Trial 6 at gen 45 (loss=15.0036)
    --> Trial 7 | pop=46 seed=26145 x0_norm_min=-0.779 x0_norm_max=0.922
        [Pruned] Trial 7 at gen 15 (loss=16.6249)
    --> Trial 8 | pop=32 seed=17703 x0_norm_min=-0.814 x0_norm_max=0.843
        [Pruned] Trial 8 at gen 15 (loss=19.5276)
    --> Trial 9 | pop=52 seed=75914 x0_norm_min=-0.955 x0_norm_max=0.770
        [Pruned] Trial 9 at gen 15 (loss=19.0257)
    --> Trial 10 | pop=57 seed=172 x0_norm_min=-0.841 x0_norm_max=0.672
        [Pruned] Trial 10 at gen 15 (loss=17.2861)
    --> Trial 11 | pop=30 seed=99193 x0_norm_min=-0.781 x0_norm_max=0.859
        [Pruned] Trial 11 at gen 15 (loss=19.6963)
    --> Trial 12 | pop=36 seed=77897 x0_norm_min=-0.402 x0_norm_max=0.428
        [Pruned] Trial 12 at gen 15 (loss=20.3067)
    --> Trial 13 | pop=35 seed=85213 x0_norm_min=-0.863 x0_norm_max=0.955
        [Pruned] Trial 13 at gen 15 (loss=19.1625)
    --> Trial 14 | pop=60 seed=57170 x0_norm_min=-0.897 x0_norm_max=-0.091
        [Pruned] Trial 14 at gen 15 (loss=18.2463)
    --> Trial 15 | pop=52 seed=62876 x0_norm_min=-0.690 x0_norm_max=0.990
        [Trial 15] gen   20  evals= 1040  best=15.2512
        [Trial 15] gen   40  evals= 2080  best=13.7017
        [Trial 15] gen   60  evals= 3120  best=13.7017
        [Trial 15] gen   80  evals= 4160  best=13.7017
        [Trial 15] gen  100  evals= 5200  best=13.7017
        [Trial 15] gen  120  evals= 6240  best=13.7017
        [Trial 15] gen  140  evals= 7280  best=13.7017
        [Trial 15] gen  160  evals= 8320  best=13.7017
        [Trial 15] gen  180  evals= 9360  best=13.7017
        [Trial 15] gen  200  evals=10400  best=13.7017
        [Trial 15] gen  220  evals=11440  best=13.7017
        [Trial 15] gen  240  evals=12480  best=13.7017
        [Trial 15] gen  260  evals=13520  best=13.7017
        [Trial 15] gen  280  evals=14560  best=13.7017
        [Trial 15] gen  300  evals=15600  best=13.7017
        [Trial 15] gen  320  evals=16640  best=13.7017
        [Trial 15] gen  340  evals=17680  best=13.7017
        [Trial 15] gen  360  evals=18720  best=13.7017
        [Trial 15] gen  380  evals=19760  best=13.7017
        [Trial 15] gen  400  evals=20800  best=13.7017
        [TRIAL TIMEOUT] Trial 15 total >600s, stopping
        [Done] Trial 15 best=13.7017
    --> Trial 16 | pop=52 seed=60979 x0_norm_min=-0.776 x0_norm_max=0.982
        [Trial 16] gen   20  evals= 1040  best=13.5869
        [Trial 16] gen   40  evals= 2080  best=13.5869
        [Trial 16] gen   60  evals= 3120  best=13.5869
        [Trial 16] gen   80  evals= 4160  best=13.5869
        [Trial 16] gen  100  evals= 5200  best=13.5869
        [Trial 16] gen  120  evals= 6240  best=13.5869
        [Trial 16] gen  140  evals= 7280  best=13.5869
        [Trial 16] gen  160  evals= 8320  best=13.5869
        [Trial 16] gen  180  evals= 9360  best=13.5869
        [Trial 16] gen  200  evals=10400  best=13.5869
        [Trial 16] gen  220  evals=11440  best=13.5869
        [Trial 16] gen  240  evals=12480  best=13.5869
        [Trial 16] gen  260  evals=13520  best=13.5869
        [Trial 16] gen  280  evals=14560  best=13.5869
        [Trial 16] gen  300  evals=15600  best=13.5869
        [Trial 16] gen  320  evals=16640  best=13.5869
        [Trial 16] gen  340  evals=17680  best=13.5869
        [Trial 16] gen  360  evals=18720  best=13.5869
        [Trial 16] gen  380  evals=19760  best=13.5869
        [Trial 16] gen  400  evals=20800  best=13.5869
        [Trial 16] gen  420  evals=21840  best=13.5869
        [Trial 16] gen  440  evals=22880  best=13.5869
        [Done] Trial 16 best=13.5869
    --> Trial 17 | pop=52 seed=61601 x0_norm_min=-0.863 x0_norm_max=0.835
        [Pruned] Trial 17 at gen 15 (loss=18.9139)
    --> Trial 18 | pop=51 seed=42449 x0_norm_min=-0.933 x0_norm_max=0.907
        [Trial 18] gen   20  evals= 1020  best=14.5009
        [Trial 18] gen   40  evals= 2040  best=14.5009
        [Pruned] Trial 18 at gen 45 (loss=14.5009)
    --> Trial 19 | pop=56 seed=63606 x0_norm_min=-0.948 x0_norm_max=0.822
        [Pruned] Trial 19 at gen 15 (loss=17.0841)

  Winner: Trial 16, loss=13.586856 (1859s)
    Restarts run: 20
    mu: 30.597272
    D_mu: 10.245095
    T0_mu: 9.933790
    Ly: 3.353424
    op_x: 0.778178
    op_y: 0.962153
    NMSE: 0.063002
  [Saved] random_IR_0030

============================================================
[31/50] random_IR_0031.npz
  GT loss: 0.171040
  terrain_mean=233.643158  early_threshold=2.389025  (alpha=0.0095)
  tolfun=1.21 tolfunhist=1.21  (frac=0.0052 of range=233)
    --> Trial 0 | pop=53 seed=81040 x0_norm_min=-0.944 x0_norm_max=0.730
        [Trial 0] gen   20  evals= 1060  best=22.2980
        [Trial 0] gen   40  evals= 2120  best=21.4391
        [Trial 0] gen   60  evals= 3180  best=21.4391
        [Trial 0] gen   80  evals= 4240  best=20.0853
        [Trial 0] gen  100  evals= 5300  best=20.0853
        [Trial 0] gen  120  evals= 6360  best=20.0853
        [Trial 0] gen  140  evals= 7420  best=20.0853
        [Trial 0] gen  160  evals= 8480  best=20.0853
        [Trial 0] gen  180  evals= 9540  best=20.0853
        [Done] Trial 0 best=20.0853
    --> Trial 1 | pop=46 seed=31293 x0_norm_min=-0.937 x0_norm_max=0.907
        [Trial 1] gen   20  evals=  920  best=21.2236
        [Trial 1] gen   40  evals= 1840  best=19.4999
        [Trial 1] gen   60  evals= 2760  best=19.4999
        [Trial 1] gen   80  evals= 3680  best=19.4999
        [Trial 1] gen  100  evals= 4600  best=19.4999
        [Trial 1] gen  120  evals= 5520  best=19.4999
        [Trial 1] gen  140  evals= 6440  best=19.4999
        [Trial 1] gen  160  evals= 7360  best=18.7179
        [Trial 1] gen  180  evals= 8280  best=18.7179
        [Trial 1] gen  200  evals= 9200  best=18.7179
        [Trial 1] gen  220  evals=10120  best=18.7179
        [Trial 1] gen  240  evals=11040  best=18.7179
        [Trial 1] gen  260  evals=11960  best=18.7179
        [Done] Trial 1 best=18.7179
    --> Trial 2 | pop=60 seed=30180 x0_norm_min=-0.344 x0_norm_max=0.824
        [Pruned] Trial 2 at gen 15 (loss=21.8328)
    --> Trial 3 | pop=45 seed=5876 x0_norm_min=-0.797 x0_norm_max=0.622
        [Pruned] Trial 3 at gen 15 (loss=21.9966)
    --> Trial 4 | pop=42 seed=84290 x0_norm_min=-0.947 x0_norm_max=0.785
        [Trial 4] gen   20  evals=  840  best=21.1404
        [Trial 4] gen   40  evals= 1680  best=21.1404
        [Pruned] Trial 4 at gen 45 (loss=20.5393)
    --> Trial 5 | pop=52 seed=66756 x0_norm_min=-0.748 x0_norm_max=0.981
        [Pruned] Trial 5 at gen 15 (loss=21.3216)
    --> Trial 6 | pop=45 seed=21792 x0_norm_min=-0.929 x0_norm_max=0.732
        [Trial 6] gen   20  evals=  900  best=18.7857
        [Trial 6] gen   40  evals= 1800  best=18.7857
        [Trial 6] gen   60  evals= 2700  best=18.7857
        [Trial 6] gen   80  evals= 3600  best=18.7857
        [Trial 6] gen  100  evals= 4500  best=18.7857
        [Trial 6] gen  120  evals= 5400  best=18.7857
        [Trial 6] gen  140  evals= 6300  best=18.7857
        [Trial 6] gen  160  evals= 7200  best=18.7857
        [Trial 6] gen  180  evals= 8100  best=18.7857
        [Trial 6] gen  200  evals= 9000  best=18.7857
        [Trial 6] gen  220  evals= 9900  best=18.7857
        [Trial 6] gen  240  evals=10800  best=18.7857
        [Trial 6] gen  260  evals=11700  best=18.7857
        [Trial 6] gen  280  evals=12600  best=18.7857
        [Trial 6] gen  300  evals=13500  best=18.7857
        [Trial 6] gen  320  evals=14400  best=18.7857
        [TRIAL TIMEOUT] Trial 6 total >600s, stopping
        [Done] Trial 6 best=18.7857
    --> Trial 7 | pop=42 seed=71660 x0_norm_min=-0.779 x0_norm_max=0.922
        [Trial 7] gen   20  evals=  840  best=19.5820
        [Trial 7] gen   40  evals= 1680  best=19.5820
        [Pruned] Trial 7 at gen 45 (loss=19.5820)
    --> Trial 8 | pop=38 seed=15234 x0_norm_min=-0.814 x0_norm_max=0.843
        [Pruned] Trial 8 at gen 15 (loss=21.7525)
    --> Trial 9 | pop=41 seed=13629 x0_norm_min=-0.955 x0_norm_max=0.770
        [Pruned] Trial 9 at gen 15 (loss=22.9708)
    --> Trial 10 | pop=31 seed=47438 x0_norm_min=-0.841 x0_norm_max=0.672
        [Pruned] Trial 10 at gen 15 (loss=21.1680)
    --> Trial 11 | pop=48 seed=35673 x0_norm_min=-0.781 x0_norm_max=0.859
        [Pruned] Trial 11 at gen 15 (loss=21.7220)
    --> Trial 12 | pop=36 seed=48594 x0_norm_min=-0.402 x0_norm_max=0.428
        [Trial 12] gen   20  evals=  720  best=20.0468
        [Trial 12] gen   40  evals= 1440  best=19.4380
        [Trial 12] gen   60  evals= 2160  best=19.4380
        [Trial 12] gen   80  evals= 2880  best=18.4859
        [Trial 12] gen  100  evals= 3600  best=18.4859
        [Trial 12] gen  120  evals= 4320  best=18.2041
        [Trial 12] gen  140  evals= 5040  best=18.2041
        [Trial 12] gen  160  evals= 5760  best=18.2041
        [Trial 12] gen  180  evals= 6480  best=18.1671
        [Trial 12] gen  200  evals= 7200  best=15.9113
        [Trial 12] gen  220  evals= 7920  best=15.9113
        [Trial 12] gen  240  evals= 8640  best=15.9113
        [Trial 12] gen  260  evals= 9360  best=15.3338
        [Trial 12] gen  280  evals=10080  best=15.3338
        [Trial 12] gen  300  evals=10800  best=15.2945
        [Done] Trial 12 best=15.2945
    --> Trial 13 | pop=32 seed=50699 x0_norm_min=-0.863 x0_norm_max=0.955
        [Pruned] Trial 13 at gen 15 (loss=23.8943)
    --> Trial 14 | pop=36 seed=49834 x0_norm_min=-0.897 x0_norm_max=-0.091
        [Trial 14] gen   20  evals=  720  best=20.8602
        [Trial 14] gen   40  evals= 1440  best=18.6653
        [Trial 14] gen   60  evals= 2160  best=18.6653
        [Trial 14] gen   80  evals= 2880  best=18.6653
        [Trial 14] gen  100  evals= 3600  best=18.6653
        [Trial 14] gen  120  evals= 4320  best=18.6653
        [Pruned] Trial 14 at gen 135 (loss=18.6653)
    --> Trial 15 | pop=35 seed=36745 x0_norm_min=-0.690 x0_norm_max=0.990
        [Pruned] Trial 15 at gen 15 (loss=22.2398)
    --> Trial 16 | pop=60 seed=60124 x0_norm_min=-0.776 x0_norm_max=0.982
        [Pruned] Trial 16 at gen 15 (loss=23.4145)
    --> Trial 17 | pop=53 seed=97851 x0_norm_min=-0.863 x0_norm_max=0.835
        [Trial 17] gen   20  evals= 1060  best=18.7589
        [Trial 17] gen   40  evals= 2120  best=18.7589
        [Trial 17] gen   60  evals= 3180  best=18.7589
        [Trial 17] gen   80  evals= 4240  best=18.7589
        [Trial 17] gen  100  evals= 5300  best=18.7589
        [Trial 17] gen  120  evals= 6360  best=18.7589
        [Pruned] Trial 17 at gen 135 (loss=18.7589)
    --> Trial 18 | pop=49 seed=41035 x0_norm_min=-0.933 x0_norm_max=0.907
        [Trial 18] gen   20  evals=  980  best=19.6903
        [Trial 18] gen   40  evals= 1960  best=19.6888
        [Trial 18] gen   60  evals= 2940  best=16.2284
        [Trial 18] gen   80  evals= 3920  best=16.2284
        [Trial 18] gen  100  evals= 4900  best=14.8267
        [Trial 18] gen  120  evals= 5880  best=14.8267
        [Trial 18] gen  140  evals= 6860  best=14.8267
        [Trial 18] gen  160  evals= 7840  best=14.8267
        [Trial 18] gen  180  evals= 8820  best=14.8267
        [Done] Trial 18 best=14.8267
    --> Trial 19 | pop=56 seed=45038 x0_norm_min=-0.948 x0_norm_max=0.822
        [Trial 19] gen   20  evals= 1120  best=19.3295
        [Trial 19] gen   40  evals= 2240  best=17.5124
        [Trial 19] gen   60  evals= 3360  best=17.5124
        [Trial 19] gen   80  evals= 4480  best=17.3060
        [Trial 19] gen  100  evals= 5600  best=17.3060
        [Trial 19] gen  120  evals= 6720  best=17.3060
        [Trial 19] gen  140  evals= 7840  best=17.3060
        [Trial 19] gen  160  evals= 8960  best=17.3060
        [Done] Trial 19 best=17.3060

  Winner: Trial 18, loss=14.826691 (1637s)
    Restarts run: 20
    mu: 13.523580
    D_mu: 1.377197
    T0_mu: 63.104610
    Ly: 3.388729
    op_x: 0.996272
    op_y: 0.627547
    NMSE: 0.017171
  [Saved] random_IR_0031

============================================================
[32/50] random_IR_0032.npz
  GT loss: 0.268623
  terrain_mean=230.215469  early_threshold=2.453118  (alpha=0.0095)
  tolfun=1.2 tolfunhist=1.2  (frac=0.0052 of range=230)
    --> Trial 0 | pop=59 seed=92501 x0_norm_min=-0.944 x0_norm_max=0.730
        [Trial 0] gen   20  evals= 1180  best=21.4648
        [Trial 0] gen   40  evals= 2360  best=21.4648
        [Trial 0] gen   60  evals= 3540  best=21.4648
        [Trial 0] gen   80  evals= 4720  best=21.4648
        [Trial 0] gen  100  evals= 5900  best=21.4648
        [Trial 0] gen  120  evals= 7080  best=21.4648
        [Trial 0] gen  140  evals= 8260  best=21.4648
        [Trial 0] gen  160  evals= 9440  best=21.4648
        [Trial 0] gen  180  evals=10620  best=21.4648
        [Trial 0] gen  200  evals=11800  best=21.4648
        [Trial 0] gen  220  evals=12980  best=21.4648
        [Trial 0] gen  240  evals=14160  best=21.4648
        [Trial 0] gen  260  evals=15340  best=21.4648
        [Trial 0] gen  280  evals=16520  best=21.4648
        [Trial 0] gen  300  evals=17700  best=21.4648
        [Trial 0] gen  320  evals=18880  best=21.4648
        [Trial 0] gen  340  evals=20060  best=21.4648
        [Trial 0] gen  360  evals=21240  best=21.4648
        [Trial 0] gen  380  evals=22420  best=21.4648
        [Trial 0] gen  400  evals=23600  best=21.4648
        [Done] Trial 0 best=21.4648
    --> Trial 1 | pop=47 seed=6326 x0_norm_min=-0.937 x0_norm_max=0.907
        [Trial 1] gen   20  evals=  940  best=21.3342
        [Trial 1] gen   40  evals= 1880  best=21.3342
        [Trial 1] gen   60  evals= 2820  best=20.2044
        [Trial 1] gen   80  evals= 3760  best=20.2044
        [Trial 1] gen  100  evals= 4700  best=19.5559
        [Trial 1] gen  120  evals= 5640  best=19.5559
        [Trial 1] gen  140  evals= 6580  best=19.5559
        [Trial 1] gen  160  evals= 7520  best=19.5559
        [Trial 1] gen  180  evals= 8460  best=19.5559
        [Trial 1] gen  200  evals= 9400  best=19.5559
        [Trial 1] gen  220  evals=10340  best=17.7104
        [Trial 1] gen  240  evals=11280  best=17.7104
        [Trial 1] gen  260  evals=12220  best=17.7104
        [Trial 1] gen  280  evals=13160  best=17.7104
        [Done] Trial 1 best=17.7104
    --> Trial 2 | pop=31 seed=13152 x0_norm_min=-0.344 x0_norm_max=0.824
        [Pruned] Trial 2 at gen 15 (loss=22.7458)
    --> Trial 3 | pop=39 seed=40455 x0_norm_min=-0.797 x0_norm_max=0.622
        [Pruned] Trial 3 at gen 15 (loss=23.3219)
    --> Trial 4 | pop=44 seed=57349 x0_norm_min=-0.947 x0_norm_max=0.785
        [Pruned] Trial 4 at gen 15 (loss=23.6098)
    --> Trial 5 | pop=36 seed=64653 x0_norm_min=-0.748 x0_norm_max=0.981
        [Trial 5] gen   20  evals=  720  best=16.8194
        [Trial 5] gen   40  evals= 1440  best=16.8194
        [Trial 5] gen   60  evals= 2160  best=16.8194
        [Trial 5] gen   80  evals= 2880  best=16.8194
        [Trial 5] gen  100  evals= 3600  best=16.8194
        [Trial 5] gen  120  evals= 4320  best=16.8194
        [Trial 5] gen  140  evals= 5040  best=16.8194
        [Trial 5] gen  160  evals= 5760  best=16.8194
        [Trial 5] gen  180  evals= 6480  best=16.8194
        [Trial 5] gen  200  evals= 7200  best=16.8194
        [Trial 5] gen  220  evals= 7920  best=16.8194
        [Trial 5] gen  240  evals= 8640  best=16.8194
        [Trial 5] gen  260  evals= 9360  best=16.8194
        [Trial 5] gen  280  evals=10080  best=16.8194
        [Trial 5] gen  300  evals=10800  best=16.8194
        [Trial 5] gen  320  evals=11520  best=16.8194
        [Trial 5] gen  340  evals=12240  best=16.8194
        [Trial 5] gen  360  evals=12960  best=16.8194
        [Trial 5] gen  380  evals=13680  best=16.8194
        [Trial 5] gen  400  evals=14400  best=16.8194
        [Trial 5] gen  420  evals=15120  best=16.8194
        [Trial 5] gen  440  evals=15840  best=16.8194
        [Trial 5] gen  460  evals=16560  best=16.8194
        [Trial 5] gen  480  evals=17280  best=16.2206
        [Trial 5] gen  500  evals=18000  best=16.2206
        [Trial 5] gen  520  evals=18720  best=16.2206
        [Trial 5] gen  540  evals=19440  best=16.2206
        [Trial 5] gen  560  evals=20160  best=16.2206
        [Trial 5] gen  580  evals=20880  best=16.2206
        [Trial 5] gen  600  evals=21600  best=16.2206
        [Trial 5] gen  620  evals=22320  best=16.2206
        [Done] Trial 5 best=16.2206
    --> Trial 6 | pop=50 seed=98952 x0_norm_min=-0.929 x0_norm_max=0.732
        [Trial 6] gen   20  evals= 1000  best=19.4969
        [Trial 6] gen   40  evals= 2000  best=19.4969
        [Pruned] Trial 6 at gen 45 (loss=19.4969)
    --> Trial 7 | pop=31 seed=54299 x0_norm_min=-0.779 x0_norm_max=0.922
        [Pruned] Trial 7 at gen 15 (loss=21.7590)
    --> Trial 8 | pop=45 seed=24722 x0_norm_min=-0.814 x0_norm_max=0.843
        [Pruned] Trial 8 at gen 15 (loss=22.4752)
    --> Trial 9 | pop=33 seed=66040 x0_norm_min=-0.955 x0_norm_max=0.770
        [Pruned] Trial 9 at gen 15 (loss=21.7095)
    --> Trial 10 | pop=58 seed=77432 x0_norm_min=-0.841 x0_norm_max=0.672
        [Trial 10] gen   20  evals= 1160  best=20.8794
        [Trial 10] gen   40  evals= 2320  best=20.8794
        [Pruned] Trial 10 at gen 45 (loss=20.8794)
    --> Trial 11 | pop=52 seed=6565 x0_norm_min=-0.781 x0_norm_max=0.859
        [Pruned] Trial 11 at gen 15 (loss=24.3449)
    --> Trial 12 | pop=38 seed=32779 x0_norm_min=-0.402 x0_norm_max=0.428
        [Pruned] Trial 12 at gen 15 (loss=25.1723)
    --> Trial 13 | pop=38 seed=44471 x0_norm_min=-0.863 x0_norm_max=0.955
        [Trial 13] gen   20  evals=  760  best=19.8062
        [Trial 13] gen   40  evals= 1520  best=19.8062
        [Pruned] Trial 13 at gen 45 (loss=19.8062)
    --> Trial 14 | pop=45 seed=79347 x0_norm_min=-0.897 x0_norm_max=-0.091
        [Pruned] Trial 14 at gen 15 (loss=25.0104)
    --> Trial 15 | pop=53 seed=19731 x0_norm_min=-0.690 x0_norm_max=0.990
        [Pruned] Trial 15 at gen 15 (loss=23.6036)
    --> Trial 16 | pop=41 seed=694 x0_norm_min=-0.776 x0_norm_max=0.982
        [Pruned] Trial 16 at gen 15 (loss=24.6618)
    --> Trial 17 | pop=35 seed=80320 x0_norm_min=-0.863 x0_norm_max=0.835
        [Pruned] Trial 17 at gen 15 (loss=21.8907)
    --> Trial 18 | pop=48 seed=28798 x0_norm_min=-0.933 x0_norm_max=0.907
        [Trial 18] gen   20  evals=  960  best=20.6879
        [Trial 18] gen   40  evals= 1920  best=20.6879
        [Pruned] Trial 18 at gen 45 (loss=20.6879)
    --> Trial 19 | pop=55 seed=46151 x0_norm_min=-0.948 x0_norm_max=0.822
        [Trial 19] gen   20  evals= 1100  best=16.1224
        [Trial 19] gen   40  evals= 2200  best=16.1224
        [Trial 19] gen   60  evals= 3300  best=16.1224
        [Trial 19] gen   80  evals= 4400  best=16.1224
        [Trial 19] gen  100  evals= 5500  best=16.1224
        [Trial 19] gen  120  evals= 6600  best=16.1224
        [Trial 19] gen  140  evals= 7700  best=16.1224
        [Trial 19] gen  160  evals= 8800  best=16.1224
        [Trial 19] gen  180  evals= 9900  best=16.1224
        [Trial 19] gen  200  evals=11000  best=16.1224
        [Done] Trial 19 best=16.1224

  Winner: Trial 19, loss=16.122383 (659s)
    Restarts run: 20
    mu: 6.106839
    D_mu: 4.449965
    T0_mu: 8.519776
    Ly: 2.667396
    op_x: 0.859294
    op_y: 0.922607
    NMSE: 0.063987
  [Saved] random_IR_0032

============================================================
[33/50] random_IR_0033.npz
  GT loss: 0.582029
  terrain_mean=527.342529  early_threshold=5.586254  (alpha=0.0095)
  tolfun=2.74 tolfunhist=2.74  (frac=0.0052 of range=527)
    --> Trial 0 | pop=47 seed=23012 x0_norm_min=-0.944 x0_norm_max=0.730
        [Trial 0] gen   20  evals=  940  best=21.1266
        [Trial 0] gen   40  evals= 1880  best=20.3088
        [Trial 0] gen   60  evals= 2820  best=19.6841
        [Trial 0] gen   80  evals= 3760  best=19.1691
        [Trial 0] gen  100  evals= 4700  best=19.1691
        [Trial 0] gen  120  evals= 5640  best=18.8354
        [Trial 0] gen  140  evals= 6580  best=18.5938
        [Trial 0] gen  160  evals= 7520  best=18.3332
        [Trial 0] gen  180  evals= 8460  best=18.3332
        [Done] Trial 0 best=17.8661
    --> Trial 1 | pop=36 seed=71483 x0_norm_min=-0.937 x0_norm_max=0.907
        [Pruned] Trial 1 at gen 15 (loss=24.1300)
    --> Trial 2 | pop=30 seed=50020 x0_norm_min=-0.344 x0_norm_max=0.824
        [Pruned] Trial 2 at gen 15 (loss=25.3474)
    --> Trial 3 | pop=44 seed=11826 x0_norm_min=-0.797 x0_norm_max=0.622
        [Pruned] Trial 3 at gen 15 (loss=25.1135)
    --> Trial 4 | pop=39 seed=27702 x0_norm_min=-0.947 x0_norm_max=0.785
        [Pruned] Trial 4 at gen 15 (loss=24.8855)
    --> Trial 5 | pop=59 seed=10135 x0_norm_min=-0.748 x0_norm_max=0.981
        [Pruned] Trial 5 at gen 15 (loss=25.7644)
    --> Trial 6 | pop=37 seed=87315 x0_norm_min=-0.929 x0_norm_max=0.732
        [Trial 6] gen   20  evals=  740  best=20.9893
        [Trial 6] gen   40  evals= 1480  best=20.9893
        [Pruned] Trial 6 at gen 45 (loss=20.9893)
    --> Trial 7 | pop=46 seed=68796 x0_norm_min=-0.779 x0_norm_max=0.922
        [Trial 7] gen   20  evals=  920  best=19.6535
        [Trial 7] gen   40  evals= 1840  best=19.6535
        [Trial 7] gen   60  evals= 2760  best=15.9704
        [Trial 7] gen   80  evals= 3680  best=15.9704
        [Trial 7] gen  100  evals= 4600  best=15.9704
        [Trial 7] gen  120  evals= 5520  best=15.9704
        [Trial 7] gen  140  evals= 6440  best=15.9704
        [Trial 7] gen  160  evals= 7360  best=15.9704
        [Trial 7] gen  180  evals= 8280  best=15.9704
        [Trial 7] gen  200  evals= 9200  best=15.9704
        [Trial 7] gen  220  evals=10120  best=15.9704
        [Trial 7] gen  240  evals=11040  best=15.9704
        [Trial 7] gen  260  evals=11960  best=15.9704
        [Trial 7] gen  280  evals=12880  best=15.9704
        [Done] Trial 7 best=15.9704
    --> Trial 8 | pop=30 seed=55650 x0_norm_min=-0.814 x0_norm_max=0.843
        [Pruned] Trial 8 at gen 15 (loss=25.1159)
    --> Trial 9 | pop=34 seed=67156 x0_norm_min=-0.955 x0_norm_max=0.770
        [Pruned] Trial 9 at gen 15 (loss=23.2033)
    --> Trial 10 | pop=56 seed=99814 x0_norm_min=-0.841 x0_norm_max=0.672
        [Pruned] Trial 10 at gen 15 (loss=26.3903)
    --> Trial 11 | pop=48 seed=34439 x0_norm_min=-0.781 x0_norm_max=0.859
        [Trial 11] gen   20  evals=  960  best=21.3745
        [Trial 11] gen   40  evals= 1920  best=21.3745
        [Pruned] Trial 11 at gen 45 (loss=21.3745)
    --> Trial 12 | pop=49 seed=33196 x0_norm_min=-0.402 x0_norm_max=0.428
        [Trial 12] gen   20  evals=  980  best=21.3851
        [Trial 12] gen   40  evals= 1960  best=21.3851
        [Pruned] Trial 12 at gen 45 (loss=21.3851)
    --> Trial 13 | pop=52 seed=705 x0_norm_min=-0.863 x0_norm_max=0.955
        [Pruned] Trial 13 at gen 15 (loss=22.6928)
    --> Trial 14 | pop=43 seed=46323 x0_norm_min=-0.897 x0_norm_max=-0.091
        [Pruned] Trial 14 at gen 15 (loss=23.2095)
    --> Trial 15 | pop=46 seed=75493 x0_norm_min=-0.690 x0_norm_max=0.990
        [Pruned] Trial 15 at gen 15 (loss=23.0282)
    --> Trial 16 | pop=53 seed=21626 x0_norm_min=-0.776 x0_norm_max=0.982
        [Trial 16] gen   20  evals= 1060  best=19.0504
        [Trial 16] gen   40  evals= 2120  best=19.0504
        [Trial 16] gen   60  evals= 3180  best=19.0504
        [Trial 16] gen   80  evals= 4240  best=19.0504
        [Trial 16] gen  100  evals= 5300  best=16.7178
        [Trial 16] gen  120  evals= 6360  best=16.7178
        [Pruned] Trial 16 at gen 135 (loss=16.7178)
    --> Trial 17 | pop=41 seed=61865 x0_norm_min=-0.863 x0_norm_max=0.835
        [Pruned] Trial 17 at gen 15 (loss=26.4027)
    --> Trial 18 | pop=51 seed=83490 x0_norm_min=-0.933 x0_norm_max=0.907
        [Pruned] Trial 18 at gen 15 (loss=23.7567)
    --> Trial 19 | pop=45 seed=42157 x0_norm_min=-0.948 x0_norm_max=0.822
        [Pruned] Trial 19 at gen 15 (loss=24.6050)

  Winner: Trial 7, loss=15.970408 (300s)
    Restarts run: 20
    mu: 34.443217
    D_mu: 44.256469
    T0_mu: 4.708045
    Ly: 1.327371
    op_x: 0.981895
    op_y: 0.665101
    NMSE: 0.014205
  [Saved] random_IR_0033

============================================================
[34/50] random_IR_0034.npz
  GT loss: 0.106352
  terrain_mean=247.629379  early_threshold=2.457821  (alpha=0.0095)
  tolfun=1.29 tolfunhist=1.29  (frac=0.0052 of range=248)
    --> Trial 0 | pop=45 seed=18396 x0_norm_min=-0.944 x0_norm_max=0.730
        [Trial 0] gen   20  evals=  900  best=18.5372
        [Trial 0] gen   40  evals= 1800  best=17.7252
        [Trial 0] gen   60  evals= 2700  best=17.7252
        [Trial 0] gen   80  evals= 3600  best=17.7252
        [Trial 0] gen  100  evals= 4500  best=17.7252
        [Trial 0] gen  120  evals= 5400  best=16.4633
        [Trial 0] gen  140  evals= 6300  best=16.4633
        [Trial 0] gen  160  evals= 7200  best=16.4633
        [Trial 0] gen  180  evals= 8100  best=16.4633
        [Trial 0] gen  200  evals= 9000  best=16.4633
        [Trial 0] gen  220  evals= 9900  best=16.4633
        [Trial 0] gen  240  evals=10800  best=16.4633
        [Trial 0] gen  260  evals=11700  best=15.3721
        [Trial 0] gen  280  evals=12600  best=15.2440
        [Done] Trial 0 best=15.1471
    --> Trial 1 | pop=54 seed=63200 x0_norm_min=-0.937 x0_norm_max=0.907
        [Trial 1] gen   20  evals= 1080  best=15.5859
        [Trial 1] gen   40  evals= 2160  best=15.5859
        [Trial 1] gen   60  evals= 3240  best=15.5859
        [Trial 1] gen   80  evals= 4320  best=15.5859
        [Trial 1] gen  100  evals= 5400  best=15.5859
        [Trial 1] gen  120  evals= 6480  best=15.5859
        [Trial 1] gen  140  evals= 7560  best=15.5859
        [Trial 1] gen  160  evals= 8640  best=15.5859
        [Trial 1] gen  180  evals= 9720  best=15.5859
        [Trial 1] gen  200  evals=10800  best=15.5859
        [Trial 1] gen  220  evals=11880  best=15.5859
        [Trial 1] gen  240  evals=12960  best=15.5859
        [Trial 1] gen  260  evals=14040  best=15.5859
        [Trial 1] gen  280  evals=15120  best=15.5859
        [Done] Trial 1 best=15.5859
    --> Trial 2 | pop=56 seed=62136 x0_norm_min=-0.344 x0_norm_max=0.824
        [Pruned] Trial 2 at gen 15 (loss=22.9048)
    --> Trial 3 | pop=34 seed=37227 x0_norm_min=-0.797 x0_norm_max=0.622
        [Pruned] Trial 3 at gen 15 (loss=21.2194)
    --> Trial 4 | pop=39 seed=70742 x0_norm_min=-0.947 x0_norm_max=0.785
        [Pruned] Trial 4 at gen 15 (loss=18.6242)
    --> Trial 5 | pop=44 seed=11946 x0_norm_min=-0.748 x0_norm_max=0.981
        [Pruned] Trial 5 at gen 15 (loss=19.4000)
    --> Trial 6 | pop=44 seed=96948 x0_norm_min=-0.929 x0_norm_max=0.732
        [Pruned] Trial 6 at gen 15 (loss=20.9948)
    --> Trial 7 | pop=50 seed=4588 x0_norm_min=-0.779 x0_norm_max=0.922
        [Pruned] Trial 7 at gen 15 (loss=19.0263)
    --> Trial 8 | pop=44 seed=94420 x0_norm_min=-0.814 x0_norm_max=0.843
        [Pruned] Trial 8 at gen 15 (loss=20.0482)
    --> Trial 9 | pop=34 seed=44634 x0_norm_min=-0.955 x0_norm_max=0.770
        [Pruned] Trial 9 at gen 15 (loss=21.0356)
    --> Trial 10 | pop=30 seed=23175 x0_norm_min=-0.841 x0_norm_max=0.672
        [Pruned] Trial 10 at gen 15 (loss=25.6422)
    --> Trial 11 | pop=59 seed=70388 x0_norm_min=-0.781 x0_norm_max=0.859
        [Trial 11] gen   20  evals= 1180  best=17.3164
        [Trial 11] gen   40  evals= 2360  best=17.3164
        [Pruned] Trial 11 at gen 45 (loss=17.3164)
    --> Trial 12 | pop=52 seed=49737 x0_norm_min=-0.402 x0_norm_max=0.428
        [Trial 12] gen   20  evals= 1040  best=17.5220
        [Trial 12] gen   40  evals= 2080  best=17.5220
        [Pruned] Trial 12 at gen 45 (loss=17.5220)
    --> Trial 13 | pop=51 seed=24715 x0_norm_min=-0.863 x0_norm_max=0.955
        [Pruned] Trial 13 at gen 15 (loss=20.3680)
    --> Trial 14 | pop=48 seed=82623 x0_norm_min=-0.897 x0_norm_max=-0.091
        [Pruned] Trial 14 at gen 15 (loss=20.3738)
    --> Trial 15 | pop=60 seed=29483 x0_norm_min=-0.690 x0_norm_max=0.990
        [Pruned] Trial 15 at gen 15 (loss=20.0218)
    --> Trial 16 | pop=55 seed=55163 x0_norm_min=-0.776 x0_norm_max=0.982
        [Trial 16] gen   20  evals= 1100  best=16.0528
        [Trial 16] gen   40  evals= 2200  best=15.7983
        [Pruned] Trial 16 at gen 45 (loss=15.7983)
    --> Trial 17 | pop=47 seed=13578 x0_norm_min=-0.863 x0_norm_max=0.835
        [Pruned] Trial 17 at gen 15 (loss=22.1250)
    --> Trial 18 | pop=56 seed=583 x0_norm_min=-0.933 x0_norm_max=0.907
        [Pruned] Trial 18 at gen 15 (loss=22.4456)
    --> Trial 19 | pop=40 seed=81667 x0_norm_min=-0.948 x0_norm_max=0.822
        [Pruned] Trial 19 at gen 15 (loss=21.1786)

  Winner: Trial 0, loss=15.147066 (478s)
    Restarts run: 20
    mu: 4.490699
    D_mu: 6.155468
    T0_mu: 137.229153
    Ly: 2.346808
    op_x: 0.518872
    op_y: 0.514759
    NMSE: 0.085461
  [Saved] random_IR_0034

============================================================
[35/50] random_IR_0035.npz
  GT loss: 128.610443
  terrain_mean=1668.440430  early_threshold=143.238828  (alpha=0.0095)
  tolfun=8.01 tolfunhist=8.01  (frac=0.0052 of range=1.54e+03)
    --> Trial 0 | pop=58 seed=42127 x0_norm_min=-0.944 x0_norm_max=0.730
        [Trial 0] gen   20  evals= 1160  best=41.8104
        [Trial 0] gen   40  evals= 2320  best=38.9338
        [Trial 0] gen   60  evals= 3480  best=34.8302
        [Trial 0] gen   80  evals= 4640  best=33.1712
        [Trial 0] gen  100  evals= 5800  best=30.9076
        [Trial 0] gen  120  evals= 6960  best=30.5723
        [Trial 0] gen  140  evals= 8120  best=30.5723
        [Trial 0] gen  160  evals= 9280  best=30.5723
        [Trial 0] gen  180  evals=10440  best=30.5723
        [Trial 0] gen  200  evals=11600  best=30.5723
        [Trial 0] gen  220  evals=12760  best=30.5723
        [Trial 0] gen  240  evals=13920  best=30.5723
        [Trial 0] gen  260  evals=15080  best=30.5723
        [Trial 0] gen  280  evals=16240  best=30.5723
        [Trial 0] gen  300  evals=17400  best=30.5723
        [Trial 0] gen  320  evals=18560  best=30.5723
        [Trial 0] gen  340  evals=19720  best=30.5723
        [Done] Trial 0 best=30.5723
    --> Early stop triggered: trial 0 reached loss=30.572344 < 143.238828

  Winner: Trial 0, loss=30.572344 (96s)
    Restarts run: 1
    mu: 26.085228
    D_mu: 12.698367
    T0_mu: 6.605690
    Ly: 1.319725
    op_x: 0.997853
    op_y: 0.999606
    NMSE: 0.149895
  [Saved] random_IR_0035

============================================================
[36/50] random_IR_0036.npz
  GT loss: 2.275269
  terrain_mean=332.338348  early_threshold=5.410868  (alpha=0.0095)
  tolfun=1.72 tolfunhist=1.72  (frac=0.0052 of range=330)
    --> Trial 0 | pop=39 seed=75762 x0_norm_min=-0.944 x0_norm_max=0.730
        [Trial 0] gen   20  evals=  780  best=44.5496
        [Trial 0] gen   40  evals= 1560  best=33.6202
        [Trial 0] gen   60  evals= 2340  best=33.6202
        [Trial 0] gen   80  evals= 3120  best=33.6202
        [Trial 0] gen  100  evals= 3900  best=33.6202
        [Trial 0] gen  120  evals= 4680  best=33.6202
        [Trial 0] gen  140  evals= 5460  best=30.3854
        [Trial 0] gen  160  evals= 6240  best=30.3854
        [Trial 0] gen  180  evals= 7020  best=27.3264
        [Trial 0] gen  200  evals= 7800  best=22.8474
        [Trial 0] gen  220  evals= 8580  best=22.8474
        [Trial 0] gen  240  evals= 9360  best=22.8474
        [Trial 0] gen  260  evals=10140  best=22.8474
        [Trial 0] gen  280  evals=10920  best=22.8474
        [Trial 0] gen  300  evals=11700  best=22.8474
        [Trial 0] gen  320  evals=12480  best=22.8474
        [Trial 0] gen  340  evals=13260  best=22.8474
        [Trial 0] gen  360  evals=14040  best=22.8474
        [Trial 0] gen  380  evals=14820  best=22.8474
        [Trial 0] gen  400  evals=15600  best=22.8474
        [Trial 0] gen  420  evals=16380  best=22.8474
        [Trial 0] gen  440  evals=17160  best=22.8474
        [Trial 0] gen  460  evals=17940  best=22.8474
        [Trial 0] gen  480  evals=18720  best=22.8474
        [Trial 0] gen  500  evals=19500  best=22.8474
        [Done] Trial 0 best=22.8474
    --> Trial 1 | pop=47 seed=55040 x0_norm_min=-0.937 x0_norm_max=0.907
        [Trial 1] gen   20  evals=  940  best=41.8092
        [Trial 1] gen   40  evals= 1880  best=31.4977
        [Trial 1] gen   60  evals= 2820  best=31.2414
        [Trial 1] gen   80  evals= 3760  best=30.9425
        [Trial 1] gen  100  evals= 4700  best=30.9425
        [Trial 1] gen  120  evals= 5640  best=30.9425
        [Pruned] Trial 1 at gen 135 (loss=30.9425)
    --> Trial 2 | pop=60 seed=70965 x0_norm_min=-0.344 x0_norm_max=0.824
        [Trial 2] gen   20  evals= 1200  best=27.2350
        [Trial 2] gen   40  evals= 2400  best=27.2350
        [Trial 2] gen   60  evals= 3600  best=27.2350
        [Trial 2] gen   80  evals= 4800  best=27.2350
        [Trial 2] gen  100  evals= 6000  best=27.2350
        [Trial 2] gen  120  evals= 7200  best=27.2350
        [Trial 2] gen  140  evals= 8400  best=27.2350
        [Trial 2] gen  160  evals= 9600  best=27.2350
        [Trial 2] gen  180  evals=10800  best=27.2350
        [Trial 2] gen  200  evals=12000  best=23.4236
        [Trial 2] gen  220  evals=13200  best=23.4236
        [Trial 2] gen  240  evals=14400  best=23.4236
        [Trial 2] gen  260  evals=15600  best=23.4236
        [Trial 2] gen  280  evals=16800  best=23.4236
        [Trial 2] gen  300  evals=18000  best=22.9259
        [Trial 2] gen  320  evals=19200  best=21.8788
        [Trial 2] gen  340  evals=20400  best=21.8788
        [Trial 2] gen  360  evals=21600  best=21.8788
        [Trial 2] gen  380  evals=22800  best=21.8788
        [Trial 2] gen  400  evals=24000  best=21.8788
        [Done] Trial 2 best=21.8788
    --> Trial 3 | pop=55 seed=24881 x0_norm_min=-0.797 x0_norm_max=0.622
        [Pruned] Trial 3 at gen 15 (loss=37.7048)
    --> Trial 4 | pop=60 seed=29483 x0_norm_min=-0.947 x0_norm_max=0.785
        [Pruned] Trial 4 at gen 15 (loss=52.4828)
    --> Trial 5 | pop=59 seed=46151 x0_norm_min=-0.748 x0_norm_max=0.981
        [Pruned] Trial 5 at gen 15 (loss=40.5334)
    --> Trial 6 | pop=42 seed=16723 x0_norm_min=-0.929 x0_norm_max=0.732
        [Pruned] Trial 6 at gen 15 (loss=43.8374)
    --> Trial 7 | pop=55 seed=57552 x0_norm_min=-0.779 x0_norm_max=0.922
        [Pruned] Trial 7 at gen 15 (loss=50.9684)
    --> Trial 8 | pop=41 seed=67540 x0_norm_min=-0.814 x0_norm_max=0.843
        [Trial 8] gen   20  evals=  820  best=32.3695
        [Trial 8] gen   40  evals= 1640  best=32.3695
        [Trial 8] gen   60  evals= 2460  best=22.5802
        [Trial 8] gen   80  evals= 3280  best=22.5802
        [Trial 8] gen  100  evals= 4100  best=22.5802
        [Trial 8] gen  120  evals= 4920  best=22.5802
        [Trial 8] gen  140  evals= 5740  best=22.5802
        [Trial 8] gen  160  evals= 6560  best=22.5802
        [Trial 8] gen  180  evals= 7380  best=22.5802
        [Trial 8] gen  200  evals= 8200  best=22.5802
        [Trial 8] gen  220  evals= 9020  best=22.5802
        [Trial 8] gen  240  evals= 9840  best=22.5802
        [Trial 8] gen  260  evals=10660  best=22.5802
        [Trial 8] gen  280  evals=11480  best=22.5802
        [Trial 8] gen  300  evals=12300  best=22.5802
        [Trial 8] gen  320  evals=13120  best=22.5802
        [Trial 8] gen  340  evals=13940  best=22.5802
        [Trial 8] gen  360  evals=14760  best=22.5802
        [Trial 8] gen  380  evals=15580  best=22.5802
        [Trial 8] gen  400  evals=16400  best=22.0079
        [Pruned] Trial 8 at gen 405 (loss=22.0079)
    --> Trial 9 | pop=56 seed=57534 x0_norm_min=-0.955 x0_norm_max=0.770
        [Trial 9] gen   20  evals= 1120  best=36.2231
        [Trial 9] gen   40  evals= 2240  best=21.0561
        [Trial 9] gen   60  evals= 3360  best=21.0561
        [Trial 9] gen   80  evals= 4480  best=21.0561
        [Trial 9] gen  100  evals= 5600  best=21.0561
        [Trial 9] gen  120  evals= 6720  best=21.0561
        [Trial 9] gen  140  evals= 7840  best=21.0561
        [Trial 9] gen  160  evals= 8960  best=19.5246
        [Trial 9] gen  180  evals=10080  best=19.5246
        [Trial 9] gen  200  evals=11200  best=19.5246
        [Trial 9] gen  220  evals=12320  best=19.5246
        [Trial 9] gen  240  evals=13440  best=19.5246
        [TRIAL TIMEOUT] Trial 9 total >600s, stopping
        [Done] Trial 9 best=19.5246
    --> Trial 10 | pop=32 seed=97619 x0_norm_min=-0.841 x0_norm_max=0.672
        [Pruned] Trial 10 at gen 15 (loss=51.0319)
    --> Trial 11 | pop=51 seed=86448 x0_norm_min=-0.781 x0_norm_max=0.859
        [Pruned] Trial 11 at gen 15 (loss=44.3950)
    --> Trial 12 | pop=54 seed=1611 x0_norm_min=-0.402 x0_norm_max=0.428
        [Pruned] Trial 12 at gen 15 (loss=45.0784)
    --> Trial 13 | pop=49 seed=42889 x0_norm_min=-0.863 x0_norm_max=0.955
        [Trial 13] gen   20  evals=  980  best=30.4513
        [Trial 13] gen   40  evals= 1960  best=27.0090
        [Pruned] Trial 13 at gen 45 (loss=27.0090)
    --> Trial 14 | pop=60 seed=70532 x0_norm_min=-0.897 x0_norm_max=-0.091
        [Trial 14] gen   20  evals= 1200  best=30.6979
        [Trial 14] gen   40  evals= 2400  best=30.6979
        [Pruned] Trial 14 at gen 45 (loss=30.6979)
    --> Trial 15 | pop=55 seed=85165 x0_norm_min=-0.690 x0_norm_max=0.990
        [Trial 15] gen   20  evals= 1100  best=31.8001
        [Trial 15] gen   40  evals= 2200  best=31.8001
        [Pruned] Trial 15 at gen 45 (loss=31.8001)
    --> Trial 16 | pop=52 seed=59591 x0_norm_min=-0.776 x0_norm_max=0.982
        [Pruned] Trial 16 at gen 15 (loss=54.3532)
    --> Trial 17 | pop=47 seed=41378 x0_norm_min=-0.863 x0_norm_max=0.835
        [Pruned] Trial 17 at gen 15 (loss=45.3919)
    --> Trial 18 | pop=57 seed=81076 x0_norm_min=-0.933 x0_norm_max=0.907
        [Pruned] Trial 18 at gen 15 (loss=43.8600)
    --> Trial 19 | pop=57 seed=96962 x0_norm_min=-0.948 x0_norm_max=0.822
        [Trial 19] gen   20  evals= 1140  best=32.0737
        [Trial 19] gen   40  evals= 2280  best=32.0737
        [Pruned] Trial 19 at gen 45 (loss=30.0667)

  Winner: Trial 9, loss=19.524588 (1595s)
    Restarts run: 20
    mu: 23.789448
    D_mu: 1.242552
    T0_mu: 38.118188
    Ly: 3.884980
    op_x: 0.985011
    op_y: 0.637803
    NMSE: 0.196852
  [Saved] random_IR_0036

============================================================
[37/50] random_IR_0037.npz
  GT loss: 0.003933
  terrain_mean=174.271912  early_threshold=1.659479  (alpha=0.0095)
  tolfun=0.906 tolfunhist=0.906  (frac=0.0052 of range=174)
    --> Trial 0 | pop=49 seed=66235 x0_norm_min=-0.944 x0_norm_max=0.730
        [Trial 0] gen   20  evals=  980  best=14.4998
        [Trial 0] gen   40  evals= 1960  best=14.4998
        [Trial 0] gen   60  evals= 2940  best=14.4998
        [Trial 0] gen   80  evals= 3920  best=14.4998
        [Trial 0] gen  100  evals= 4900  best=14.4998
        [Trial 0] gen  120  evals= 5880  best=14.4998
        [Trial 0] gen  140  evals= 6860  best=14.4998
        [Trial 0] gen  160  evals= 7840  best=14.4998
        [Trial 0] gen  180  evals= 8820  best=14.4998
        [Trial 0] gen  200  evals= 9800  best=14.4998
        [Trial 0] gen  220  evals=10780  best=14.4998
        [Done] Trial 0 best=14.3824
    --> Trial 1 | pop=51 seed=62630 x0_norm_min=-0.937 x0_norm_max=0.907
        [Pruned] Trial 1 at gen 15 (loss=16.6328)
    --> Trial 2 | pop=34 seed=85772 x0_norm_min=-0.344 x0_norm_max=0.824
        [Pruned] Trial 2 at gen 15 (loss=16.2120)
    --> Trial 3 | pop=37 seed=89777 x0_norm_min=-0.797 x0_norm_max=0.622
        [Trial 3] gen   20  evals=  740  best=13.1460
        [Trial 3] gen   40  evals= 1480  best=13.1460
        [Trial 3] gen   60  evals= 2220  best=13.1460
        [Trial 3] gen   80  evals= 2960  best=13.1460
        [Trial 3] gen  100  evals= 3700  best=13.1460
        [Trial 3] gen  120  evals= 4440  best=13.1460
        [Trial 3] gen  140  evals= 5180  best=13.1460
        [Trial 3] gen  160  evals= 5920  best=12.6568
        [Trial 3] gen  180  evals= 6660  best=12.6568
        [Trial 3] gen  200  evals= 7400  best=12.2890
        [Done] Trial 3 best=12.1123
    --> Trial 4 | pop=60 seed=5274 x0_norm_min=-0.947 x0_norm_max=0.785
        [Pruned] Trial 4 at gen 15 (loss=18.1309)
    --> Trial 5 | pop=31 seed=99223 x0_norm_min=-0.748 x0_norm_max=0.981
        [Pruned] Trial 5 at gen 15 (loss=17.2799)
    --> Trial 6 | pop=44 seed=85439 x0_norm_min=-0.929 x0_norm_max=0.732
        [Pruned] Trial 6 at gen 15 (loss=16.2872)
    --> Trial 7 | pop=40 seed=46226 x0_norm_min=-0.779 x0_norm_max=0.922
        [Pruned] Trial 7 at gen 15 (loss=16.5973)
    --> Trial 8 | pop=47 seed=27308 x0_norm_min=-0.814 x0_norm_max=0.843
        [Trial 8] gen   20  evals=  940  best=15.9300
        [Trial 8] gen   40  evals= 1880  best=14.4209
        [Pruned] Trial 8 at gen 45 (loss=14.4209)
    --> Trial 9 | pop=33 seed=41184 x0_norm_min=-0.955 x0_norm_max=0.770
        [Pruned] Trial 9 at gen 15 (loss=16.9552)
    --> Trial 10 | pop=58 seed=2398 x0_norm_min=-0.841 x0_norm_max=0.672
        [Pruned] Trial 10 at gen 15 (loss=17.2922)
    --> Trial 11 | pop=53 seed=68598 x0_norm_min=-0.781 x0_norm_max=0.859
        [Trial 11] gen   20  evals= 1060  best=15.8076
        [Trial 11] gen   40  evals= 2120  best=14.1375
        [Pruned] Trial 11 at gen 45 (loss=14.1375)
    --> Trial 12 | pop=39 seed=73554 x0_norm_min=-0.402 x0_norm_max=0.428
        [Pruned] Trial 12 at gen 15 (loss=16.2614)
    --> Trial 13 | pop=38 seed=98411 x0_norm_min=-0.863 x0_norm_max=0.955
        [Trial 13] gen   20  evals=  760  best=15.6732
        [Trial 13] gen   40  evals= 1520  best=15.6020
        [Pruned] Trial 13 at gen 45 (loss=15.6020)
    --> Trial 14 | pop=45 seed=52875 x0_norm_min=-0.897 x0_norm_max=-0.091
        [Pruned] Trial 14 at gen 15 (loss=15.9829)
    --> Trial 15 | pop=55 seed=82041 x0_norm_min=-0.690 x0_norm_max=0.990
        [Trial 15] gen   20  evals= 1100  best=15.0617
        [Trial 15] gen   40  evals= 2200  best=15.0617
        [Trial 15] gen   60  evals= 3300  best=14.0070
        [Trial 15] gen   80  evals= 4400  best=14.0070
        [Trial 15] gen  100  evals= 5500  best=14.0070
        [Trial 15] gen  120  evals= 6600  best=14.0070
        [Pruned] Trial 15 at gen 135 (loss=14.0070)
    --> Trial 16 | pop=49 seed=57795 x0_norm_min=-0.776 x0_norm_max=0.982
        [Pruned] Trial 16 at gen 15 (loss=18.6410)
    --> Trial 17 | pop=42 seed=28973 x0_norm_min=-0.863 x0_norm_max=0.835
        [Pruned] Trial 17 at gen 15 (loss=17.1686)
    --> Trial 18 | pop=36 seed=77596 x0_norm_min=-0.933 x0_norm_max=0.907
        [Trial 18] gen   20  evals=  720  best=14.2769
        [Trial 18] gen   40  evals= 1440  best=14.2769
        [Pruned] Trial 18 at gen 45 (loss=14.2769)
    --> Trial 19 | pop=56 seed=93144 x0_norm_min=-0.948 x0_norm_max=0.822
        [Pruned] Trial 19 at gen 15 (loss=16.0542)

  Winner: Trial 3, loss=12.112349 (940s)
    Restarts run: 20
    mu: 8.396746
    D_mu: 0.981586
    T0_mu: 67.811289
    Ly: 2.895291
    op_x: 0.639378
    op_y: 0.700231
    NMSE: 0.088042
  [Saved] random_IR_0037

============================================================
[38/50] random_IR_0038.npz
  GT loss: 0.181446
  terrain_mean=176.208908  early_threshold=1.853707  (alpha=0.0095)
  tolfun=0.915 tolfunhist=0.915  (frac=0.0052 of range=176)
    --> Trial 0 | pop=41 seed=56607 x0_norm_min=-0.944 x0_norm_max=0.730
        [Trial 0] gen   20  evals=  820  best=20.5242
        [Trial 0] gen   40  evals= 1640  best=19.6599
        [Trial 0] gen   60  evals= 2460  best=19.6599
        [Trial 0] gen   80  evals= 3280  best=19.6599
        [Trial 0] gen  100  evals= 4100  best=19.6599
        [Trial 0] gen  120  evals= 4920  best=19.6599
        [Trial 0] gen  140  evals= 5740  best=18.9352
        [Trial 0] gen  160  evals= 6560  best=17.9729
        [Trial 0] gen  180  evals= 7380  best=17.9729
        [Trial 0] gen  200  evals= 8200  best=17.9729
        [Trial 0] gen  220  evals= 9020  best=17.9729
        [Trial 0] gen  240  evals= 9840  best=17.9729
        [Trial 0] gen  260  evals=10660  best=17.9729
        [Done] Trial 0 best=17.9729
    --> Trial 1 | pop=46 seed=81142 x0_norm_min=-0.937 x0_norm_max=0.907
        [Pruned] Trial 1 at gen 15 (loss=21.7851)
    --> Trial 2 | pop=44 seed=46421 x0_norm_min=-0.344 x0_norm_max=0.824
        [Pruned] Trial 2 at gen 15 (loss=21.8106)
    --> Trial 3 | pop=30 seed=65514 x0_norm_min=-0.797 x0_norm_max=0.622
        [Pruned] Trial 3 at gen 15 (loss=20.9338)
    --> Trial 4 | pop=60 seed=84831 x0_norm_min=-0.947 x0_norm_max=0.785
        [Pruned] Trial 4 at gen 15 (loss=23.1319)
    --> Trial 5 | pop=44 seed=44963 x0_norm_min=-0.748 x0_norm_max=0.981
        [Pruned] Trial 5 at gen 15 (loss=21.3969)
    --> Trial 6 | pop=47 seed=72991 x0_norm_min=-0.929 x0_norm_max=0.732
        [Pruned] Trial 6 at gen 15 (loss=22.8269)
    --> Trial 7 | pop=58 seed=58283 x0_norm_min=-0.779 x0_norm_max=0.922
        [Pruned] Trial 7 at gen 15 (loss=23.2431)
    --> Trial 8 | pop=48 seed=71303 x0_norm_min=-0.814 x0_norm_max=0.843
        [Trial 8] gen   20  evals=  960  best=19.6736
        [Trial 8] gen   40  evals= 1920  best=19.6736
        [Pruned] Trial 8 at gen 45 (loss=19.6736)
    --> Trial 9 | pop=48 seed=3125 x0_norm_min=-0.955 x0_norm_max=0.770
        [Trial 9] gen   20  evals=  960  best=20.6144
        [Trial 9] gen   40  evals= 1920  best=20.6144
        [Pruned] Trial 9 at gen 45 (loss=20.6144)
    --> Trial 10 | pop=31 seed=12662 x0_norm_min=-0.841 x0_norm_max=0.672
        [Pruned] Trial 10 at gen 15 (loss=23.1662)
    --> Trial 11 | pop=38 seed=96350 x0_norm_min=-0.781 x0_norm_max=0.859
        [Pruned] Trial 11 at gen 15 (loss=25.4255)
    --> Trial 12 | pop=52 seed=36384 x0_norm_min=-0.402 x0_norm_max=0.428
        [Pruned] Trial 12 at gen 15 (loss=21.5615)
    --> Trial 13 | pop=40 seed=26241 x0_norm_min=-0.863 x0_norm_max=0.955
        [Pruned] Trial 13 at gen 15 (loss=24.5582)
    --> Trial 14 | pop=53 seed=57475 x0_norm_min=-0.897 x0_norm_max=-0.091
        [Trial 14] gen   20  evals= 1060  best=21.3541
        [Trial 14] gen   40  evals= 2120  best=21.3541
        [Pruned] Trial 14 at gen 45 (loss=21.3541)
    --> Trial 15 | pop=37 seed=92922 x0_norm_min=-0.690 x0_norm_max=0.990
        [Pruned] Trial 15 at gen 15 (loss=22.1018)
    --> Trial 16 | pop=52 seed=72756 x0_norm_min=-0.776 x0_norm_max=0.982
        [Pruned] Trial 16 at gen 15 (loss=21.7575)
    --> Trial 17 | pop=41 seed=53019 x0_norm_min=-0.863 x0_norm_max=0.835
        [Trial 17] gen   20  evals=  820  best=20.5629
        [Trial 17] gen   40  evals= 1640  best=20.5629
        [Pruned] Trial 17 at gen 45 (loss=20.5629)
    --> Trial 18 | pop=34 seed=28977 x0_norm_min=-0.933 x0_norm_max=0.907
        [Pruned] Trial 18 at gen 15 (loss=23.2069)
    --> Trial 19 | pop=50 seed=68498 x0_norm_min=-0.948 x0_norm_max=0.822
        [Trial 19] gen   20  evals= 1000  best=21.2065
        [Trial 19] gen   40  evals= 2000  best=21.2065
        [Pruned] Trial 19 at gen 45 (loss=21.2065)

  Winner: Trial 0, loss=17.972944 (375s)
    Restarts run: 20
    mu: 69.315457
    D_mu: 24.914970
    T0_mu: 4.688016
    Ly: 2.068296
    op_x: 0.974216
    op_y: 0.845120
    NMSE: 0.078363
  [Saved] random_IR_0038

============================================================
[39/50] random_IR_0039.npz
  GT loss: 0.028468
  terrain_mean=168.725082  early_threshold=1.631086  (alpha=0.0095)
  tolfun=0.877 tolfunhist=0.877  (frac=0.0052 of range=169)
    --> Trial 0 | pop=50 seed=34684 x0_norm_min=-0.944 x0_norm_max=0.730
        [Trial 0] gen   20  evals= 1000  best=24.7772
        [Trial 0] gen   40  evals= 2000  best=20.5283
        [Trial 0] gen   60  evals= 3000  best=20.5283
        [Trial 0] gen   80  evals= 4000  best=20.5283
        [Trial 0] gen  100  evals= 5000  best=20.0013
        [Trial 0] gen  120  evals= 6000  best=20.0013
        [Trial 0] gen  140  evals= 7000  best=20.0013
        [Trial 0] gen  160  evals= 8000  best=20.0013
        [Trial 0] gen  180  evals= 9000  best=20.0013
        [Trial 0] gen  200  evals=10000  best=20.0013
        [Trial 0] gen  220  evals=11000  best=19.9674
        [Done] Trial 0 best=19.9674
    --> Trial 1 | pop=38 seed=61330 x0_norm_min=-0.937 x0_norm_max=0.907
        [Pruned] Trial 1 at gen 15 (loss=25.8015)
    --> Trial 2 | pop=40 seed=94960 x0_norm_min=-0.344 x0_norm_max=0.824
        [Pruned] Trial 2 at gen 15 (loss=25.2749)
    --> Trial 3 | pop=32 seed=60410 x0_norm_min=-0.797 x0_norm_max=0.622
        [Trial 3] gen   20  evals=  640  best=21.2413
        [Trial 3] gen   40  evals= 1280  best=21.2413
        [Pruned] Trial 3 at gen 45 (loss=21.2413)
    --> Trial 4 | pop=39 seed=55780 x0_norm_min=-0.947 x0_norm_max=0.785
        [Pruned] Trial 4 at gen 15 (loss=25.6456)
    --> Trial 5 | pop=42 seed=71928 x0_norm_min=-0.748 x0_norm_max=0.981
        [Trial 5] gen   20  evals=  840  best=23.2997
        [Trial 5] gen   40  evals= 1680  best=18.7562
        [Trial 5] gen   60  evals= 2520  best=18.7562
        [Trial 5] gen   80  evals= 3360  best=18.7562
        [Trial 5] gen  100  evals= 4200  best=18.7562
        [Trial 5] gen  120  evals= 5040  best=18.7562
        [Trial 5] gen  140  evals= 5880  best=18.7562
        [Trial 5] gen  160  evals= 6720  best=18.7562
        [Trial 5] gen  180  evals= 7560  best=18.7562
        [Trial 5] gen  200  evals= 8400  best=18.7562
        [Trial 5] gen  220  evals= 9240  best=18.7562
        [Trial 5] gen  240  evals=10080  best=18.7562
        [Trial 5] gen  260  evals=10920  best=18.7562
        [Trial 5] gen  280  evals=11760  best=18.7562
        [Trial 5] gen  300  evals=12600  best=18.7562
        [Trial 5] gen  320  evals=13440  best=18.7562
        [Done] Trial 5 best=18.7562
    --> Trial 6 | pop=43 seed=74915 x0_norm_min=-0.929 x0_norm_max=0.732
        [Trial 6] gen   20  evals=  860  best=20.2878
        [Trial 6] gen   40  evals= 1720  best=20.2878
        [Pruned] Trial 6 at gen 45 (loss=20.2878)
    --> Trial 7 | pop=45 seed=96347 x0_norm_min=-0.779 x0_norm_max=0.922
        [Pruned] Trial 7 at gen 15 (loss=25.7710)
    --> Trial 8 | pop=50 seed=39511 x0_norm_min=-0.814 x0_norm_max=0.843
        [Trial 8] gen   20  evals= 1000  best=22.5662
        [Trial 8] gen   40  evals= 2000  best=21.0890
        [Pruned] Trial 8 at gen 45 (loss=21.0890)
    --> Trial 9 | pop=57 seed=95934 x0_norm_min=-0.955 x0_norm_max=0.770
        [Pruned] Trial 9 at gen 15 (loss=23.5070)
    --> Trial 10 | pop=30 seed=3614 x0_norm_min=-0.841 x0_norm_max=0.672
        [Pruned] Trial 10 at gen 15 (loss=25.2467)
    --> Trial 11 | pop=52 seed=22097 x0_norm_min=-0.781 x0_norm_max=0.859
        [Pruned] Trial 11 at gen 15 (loss=24.8509)
    --> Trial 12 | pop=48 seed=35285 x0_norm_min=-0.402 x0_norm_max=0.428
        [Trial 12] gen   20  evals=  960  best=22.3720
        [Trial 12] gen   40  evals= 1920  best=22.2390
        [Pruned] Trial 12 at gen 45 (loss=21.6084)
    --> Trial 13 | pop=60 seed=864 x0_norm_min=-0.863 x0_norm_max=0.955
        [Pruned] Trial 13 at gen 15 (loss=22.8329)
    --> Trial 14 | pop=56 seed=77342 x0_norm_min=-0.897 x0_norm_max=-0.091
        [Trial 14] gen   20  evals= 1120  best=21.7068
        [Trial 14] gen   40  evals= 2240  best=19.6511
        [Trial 14] gen   60  evals= 3360  best=19.6511
        [Trial 14] gen   80  evals= 4480  best=19.6511
        [Trial 14] gen  100  evals= 5600  best=19.6511
        [Trial 14] gen  120  evals= 6720  best=19.6511
        [Pruned] Trial 14 at gen 135 (loss=19.6511)
    --> Trial 15 | pop=35 seed=25225 x0_norm_min=-0.690 x0_norm_max=0.990
        [Pruned] Trial 15 at gen 15 (loss=28.2222)
    --> Trial 16 | pop=45 seed=44026 x0_norm_min=-0.776 x0_norm_max=0.982
        [Pruned] Trial 16 at gen 15 (loss=25.3207)
    --> Trial 17 | pop=53 seed=78362 x0_norm_min=-0.863 x0_norm_max=0.835
        [Trial 17] gen   20  evals= 1060  best=19.2862
        [Trial 17] gen   40  evals= 2120  best=19.2862
        [Trial 17] gen   60  evals= 3180  best=19.2862
        [Trial 17] gen   80  evals= 4240  best=19.2862
        [Trial 17] gen  100  evals= 5300  best=19.2862
        [Trial 17] gen  120  evals= 6360  best=19.2862
        [Pruned] Trial 17 at gen 135 (loss=19.2862)
    --> Trial 18 | pop=48 seed=16381 x0_norm_min=-0.933 x0_norm_max=0.907
        [Trial 18] gen   20  evals=  960  best=21.6236
        [Trial 18] gen   40  evals= 1920  best=20.3435
        [Pruned] Trial 18 at gen 45 (loss=20.3435)
    --> Trial 19 | pop=42 seed=52728 x0_norm_min=-0.948 x0_norm_max=0.822
        [Trial 19] gen   20  evals=  840  best=22.0750
        [Trial 19] gen   40  evals= 1680  best=22.0750
        [Pruned] Trial 19 at gen 45 (loss=22.0750)

  Winner: Trial 5, loss=18.756216 (1017s)
    Restarts run: 20
    mu: 31.116576
    D_mu: 2.002206
    T0_mu: 21.823713
    Ly: 3.999893
    op_x: 0.829249
    op_y: 0.542939
    NMSE: 0.109075
  [Saved] random_IR_0039

============================================================
[40/50] random_IR_0040.npz
  GT loss: 0.001038
  terrain_mean=268.939301  early_threshold=2.555951  (alpha=0.0095)
  tolfun=1.4 tolfunhist=1.4  (frac=0.0052 of range=269)
    --> Trial 0 | pop=54 seed=17566 x0_norm_min=-0.944 x0_norm_max=0.730
        [Trial 0] gen   20  evals= 1080  best=9.5354
        [Trial 0] gen   40  evals= 2160  best=9.5354
        [Trial 0] gen   60  evals= 3240  best=9.5354
        [Trial 0] gen   80  evals= 4320  best=9.5354
        [Trial 0] gen  100  evals= 5400  best=9.4230
        [Trial 0] gen  120  evals= 6480  best=9.4230
        [Trial 0] gen  140  evals= 7560  best=9.2969
        [Trial 0] gen  160  evals= 8640  best=9.2969
        [Trial 0] gen  180  evals= 9720  best=9.2969
        [Trial 0] gen  200  evals=10800  best=9.2969
        [Trial 0] gen  220  evals=11880  best=9.2969
        [Trial 0] gen  240  evals=12960  best=8.5487
        [Done] Trial 0 best=8.5487
    --> Trial 1 | pop=30 seed=44688 x0_norm_min=-0.937 x0_norm_max=0.907
        [Pruned] Trial 1 at gen 15 (loss=11.8268)
    --> Trial 2 | pop=45 seed=73795 x0_norm_min=-0.344 x0_norm_max=0.824
        [Pruned] Trial 2 at gen 15 (loss=12.0619)
    --> Trial 3 | pop=59 seed=73104 x0_norm_min=-0.797 x0_norm_max=0.622
        [Pruned] Trial 3 at gen 15 (loss=10.7088)
    --> Trial 4 | pop=39 seed=8658 x0_norm_min=-0.947 x0_norm_max=0.785
        [Pruned] Trial 4 at gen 15 (loss=13.4561)
    --> Trial 5 | pop=37 seed=23200 x0_norm_min=-0.748 x0_norm_max=0.981
        [Pruned] Trial 5 at gen 15 (loss=12.4827)
    --> Trial 6 | pop=56 seed=64646 x0_norm_min=-0.929 x0_norm_max=0.732
        [Trial 6] gen   20  evals= 1120  best=10.0503
        [Trial 6] gen   40  evals= 2240  best=9.8697
        [Pruned] Trial 6 at gen 45 (loss=9.8697)
    --> Trial 7 | pop=33 seed=85684 x0_norm_min=-0.779 x0_norm_max=0.922
        [Pruned] Trial 7 at gen 15 (loss=13.0923)
    --> Trial 8 | pop=53 seed=61063 x0_norm_min=-0.814 x0_norm_max=0.843
        [Pruned] Trial 8 at gen 15 (loss=11.9234)
    --> Trial 9 | pop=32 seed=89680 x0_norm_min=-0.955 x0_norm_max=0.770
        [Trial 9] gen   20  evals=  640  best=10.1309
        [Trial 9] gen   40  evals= 1280  best=10.1309
        [Pruned] Trial 9 at gen 45 (loss=10.1309)
    --> Trial 10 | pop=48 seed=38562 x0_norm_min=-0.841 x0_norm_max=0.672
        [Pruned] Trial 10 at gen 15 (loss=10.9305)
    --> Trial 11 | pop=60 seed=1312 x0_norm_min=-0.781 x0_norm_max=0.859
        [Trial 11] gen   20  evals= 1200  best=10.3099
        [Trial 11] gen   40  evals= 2400  best=10.3099
        [Pruned] Trial 11 at gen 45 (loss=10.3099)
    --> Trial 12 | pop=54 seed=45675 x0_norm_min=-0.402 x0_norm_max=0.428
        [Pruned] Trial 12 at gen 15 (loss=11.6047)
    --> Trial 13 | pop=53 seed=25940 x0_norm_min=-0.863 x0_norm_max=0.955
        [Pruned] Trial 13 at gen 15 (loss=11.8549)
    --> Trial 14 | pop=49 seed=62227 x0_norm_min=-0.897 x0_norm_max=-0.091
        [Pruned] Trial 14 at gen 15 (loss=17.3387)
    --> Trial 15 | pop=56 seed=99639 x0_norm_min=-0.690 x0_norm_max=0.990
        [Trial 15] gen   20  evals= 1120  best=10.6093
        [Trial 15] gen   40  evals= 2240  best=10.6093
        [Pruned] Trial 15 at gen 45 (loss=10.6093)
    --> Trial 16 | pop=49 seed=22608 x0_norm_min=-0.776 x0_norm_max=0.982
        [Pruned] Trial 16 at gen 15 (loss=14.0859)
    --> Trial 17 | pop=44 seed=56287 x0_norm_min=-0.863 x0_norm_max=0.835
        [Trial 17] gen   20  evals=  880  best=9.8442
        [Trial 17] gen   40  evals= 1760  best=9.8442
        [Trial 17] gen   60  evals= 2640  best=9.8442
        [Trial 17] gen   80  evals= 3520  best=9.8442
        [Trial 17] gen  100  evals= 4400  best=9.0551
        [Trial 17] gen  120  evals= 5280  best=9.0551
        [Trial 17] gen  140  evals= 6160  best=9.0551
        [Trial 17] gen  160  evals= 7040  best=9.0551
        [Trial 17] gen  180  evals= 7920  best=9.0551
        [Trial 17] gen  200  evals= 8800  best=8.8553
        [Trial 17] gen  220  evals= 9680  best=8.8553
        [Trial 17] gen  240  evals=10560  best=8.8553
        [Trial 17] gen  260  evals=11440  best=8.8553
        [Trial 17] gen  280  evals=12320  best=8.8553
        [Trial 17] gen  300  evals=13200  best=8.8553
        [Trial 17] gen  320  evals=14080  best=8.8553
        [Trial 17] gen  340  evals=14960  best=8.8553
        [Trial 17] gen  360  evals=15840  best=8.8553
        [TRIAL TIMEOUT] Trial 17 total >600s, stopping
        [Done] Trial 17 best=8.8553
    --> Trial 18 | pop=45 seed=34571 x0_norm_min=-0.933 x0_norm_max=0.907
        [Pruned] Trial 18 at gen 15 (loss=11.5239)
    --> Trial 19 | pop=42 seed=11182 x0_norm_min=-0.948 x0_norm_max=0.822
        [Pruned] Trial 19 at gen 15 (loss=10.9088)

  Winner: Trial 0, loss=8.548732 (1562s)
    Restarts run: 20
    mu: 9.383457
    D_mu: 0.890041
    T0_mu: 68.882803
    Ly: 3.325163
    op_x: 0.594447
    op_y: 0.881163
    NMSE: 0.058893
  [Saved] random_IR_0040

============================================================
[41/50] random_IR_0041.npz
  GT loss: 0.016892
  terrain_mean=252.086121  early_threshold=2.411549  (alpha=0.0095)
  tolfun=1.31 tolfunhist=1.31  (frac=0.0052 of range=252)
    --> Trial 0 | pop=51 seed=35529 x0_norm_min=-0.944 x0_norm_max=0.730
        [Trial 0] gen   20  evals= 1020  best=35.5304
        [Trial 0] gen   40  evals= 2040  best=27.9704
        [Trial 0] gen   60  evals= 3060  best=25.6092
        [Trial 0] gen   80  evals= 4080  best=25.6092
        [Trial 0] gen  100  evals= 5100  best=19.5548
        [Trial 0] gen  120  evals= 6120  best=19.5548
        [Trial 0] gen  140  evals= 7140  best=19.5548
        [Trial 0] gen  160  evals= 8160  best=19.5548
        [Trial 0] gen  180  evals= 9180  best=19.5548
        [Trial 0] gen  200  evals=10200  best=19.5548
        [Trial 0] gen  220  evals=11220  best=19.5548
        [Trial 0] gen  240  evals=12240  best=19.5548
        [Trial 0] gen  260  evals=13260  best=19.5548
        [Trial 0] gen  280  evals=14280  best=19.5548
        [TRIAL TIMEOUT] Trial 0 total >600s, stopping
        [Done] Trial 0 best=19.5548
    --> Trial 1 | pop=60 seed=75041 x0_norm_min=-0.937 x0_norm_max=0.907
        [Trial 1] gen   20  evals= 1200  best=28.1344
        [Trial 1] gen   40  evals= 2400  best=25.5020
        [Trial 1] gen   60  evals= 3600  best=25.5020
        [Trial 1] gen   80  evals= 4800  best=25.5020
        [Trial 1] gen  100  evals= 6000  best=25.5020
        [Trial 1] gen  120  evals= 7200  best=21.5058
        [Pruned] Trial 1 at gen 135 (loss=21.5058)
    --> Trial 2 | pop=33 seed=52775 x0_norm_min=-0.344 x0_norm_max=0.824
        [Pruned] Trial 2 at gen 15 (loss=33.8095)
    --> Trial 3 | pop=30 seed=28869 x0_norm_min=-0.797 x0_norm_max=0.622
        [Trial 3] gen   20  evals=  600  best=27.3141
        [Trial 3] gen   40  evals= 1200  best=27.3141
        [Trial 3] gen   60  evals= 1800  best=21.4103
        [Trial 3] gen   80  evals= 2400  best=21.4103
        [Trial 3] gen  100  evals= 3000  best=21.4103
        [Trial 3] gen  120  evals= 3600  best=21.4103
        [Pruned] Trial 3 at gen 135 (loss=21.4103)
    --> Trial 4 | pop=31 seed=40725 x0_norm_min=-0.947 x0_norm_max=0.785
        [Trial 4] gen   20  evals=  620  best=24.7326
        [Trial 4] gen   40  evals= 1240  best=23.7356
        [Pruned] Trial 4 at gen 45 (loss=23.7356)
    --> Trial 5 | pop=42 seed=77349 x0_norm_min=-0.748 x0_norm_max=0.981
        [Trial 5] gen   20  evals=  840  best=22.9059
        [Trial 5] gen   40  evals= 1680  best=22.9059
        [Pruned] Trial 5 at gen 45 (loss=22.9059)
    --> Trial 6 | pop=45 seed=31734 x0_norm_min=-0.929 x0_norm_max=0.732
        [Pruned] Trial 6 at gen 15 (loss=36.2069)
    --> Trial 7 | pop=54 seed=87736 x0_norm_min=-0.779 x0_norm_max=0.922
        [Trial 7] gen   20  evals= 1080  best=22.5999
        [Trial 7] gen   40  evals= 2160  best=22.5999
        [Trial 7] gen   60  evals= 3240  best=22.5999
        [Trial 7] gen   80  evals= 4320  best=22.5999
        [Trial 7] gen  100  evals= 5400  best=21.9933
        [Trial 7] gen  120  evals= 6480  best=21.9933
        [Pruned] Trial 7 at gen 135 (loss=21.9933)
    --> Trial 8 | pop=51 seed=51220 x0_norm_min=-0.814 x0_norm_max=0.843
        [Pruned] Trial 8 at gen 15 (loss=33.3250)
    --> Trial 9 | pop=32 seed=61951 x0_norm_min=-0.955 x0_norm_max=0.770
        [Pruned] Trial 9 at gen 15 (loss=30.2023)
    --> Trial 10 | pop=40 seed=528 x0_norm_min=-0.841 x0_norm_max=0.672
        [Trial 10] gen   20  evals=  800  best=24.5410
        [Trial 10] gen   40  evals= 1600  best=24.5410
        [Pruned] Trial 10 at gen 45 (loss=24.5410)
    --> Trial 11 | pop=49 seed=14986 x0_norm_min=-0.781 x0_norm_max=0.859
        [Pruned] Trial 11 at gen 15 (loss=34.1723)
    --> Trial 12 | pop=60 seed=25903 x0_norm_min=-0.402 x0_norm_max=0.428
        [Pruned] Trial 12 at gen 15 (loss=31.2518)
    --> Trial 13 | pop=38 seed=15246 x0_norm_min=-0.863 x0_norm_max=0.955
        [Pruned] Trial 13 at gen 15 (loss=27.2192)
    --> Trial 14 | pop=55 seed=37608 x0_norm_min=-0.897 x0_norm_max=-0.091
        [Pruned] Trial 14 at gen 15 (loss=32.3735)
    --> Trial 15 | pop=36 seed=20834 x0_norm_min=-0.690 x0_norm_max=0.990
        [Trial 15] gen   20  evals=  720  best=21.1770
        [Trial 15] gen   40  evals= 1440  best=21.1770
        [Trial 15] gen   60  evals= 2160  best=21.1770
        [Trial 15] gen   80  evals= 2880  best=21.1770
        [Trial 15] gen  100  evals= 3600  best=21.1770
        [Trial 15] gen  120  evals= 4320  best=21.1770
        [Pruned] Trial 15 at gen 135 (loss=21.1770)
    --> Trial 16 | pop=45 seed=7075 x0_norm_min=-0.776 x0_norm_max=0.982
        [Pruned] Trial 16 at gen 15 (loss=32.5333)
    --> Trial 17 | pop=37 seed=19241 x0_norm_min=-0.863 x0_norm_max=0.835
        [Trial 17] gen   20  evals=  740  best=25.2595
        [Trial 17] gen   40  evals= 1480  best=22.6376
        [Pruned] Trial 17 at gen 45 (loss=22.6376)
    --> Trial 18 | pop=35 seed=44696 x0_norm_min=-0.933 x0_norm_max=0.907
        [Trial 18] gen   20  evals=  700  best=24.7465
        [Trial 18] gen   40  evals= 1400  best=24.7465
        [Pruned] Trial 18 at gen 45 (loss=24.7465)
    --> Trial 19 | pop=46 seed=99438 x0_norm_min=-0.948 x0_norm_max=0.822
        [Pruned] Trial 19 at gen 15 (loss=33.1693)

  Winner: Trial 0, loss=19.554806 (1079s)
    Restarts run: 20
    mu: 13.885505
    D_mu: 0.797210
    T0_mu: 49.071860
    Ly: 3.927757
    op_x: 0.682402
    op_y: 0.514333
    NMSE: 0.266306
  [Saved] random_IR_0041

============================================================
[42/50] random_IR_0042.npz
  GT loss: 0.034088
  terrain_mean=182.116013  early_threshold=1.763866  (alpha=0.0095)
  tolfun=0.947 tolfunhist=0.947  (frac=0.0052 of range=182)
    --> Trial 0 | pop=39 seed=55625 x0_norm_min=-0.944 x0_norm_max=0.730
        [Trial 0] gen   20  evals=  780  best=18.1022
        [Trial 0] gen   40  evals= 1560  best=18.1022
        [Trial 0] gen   60  evals= 2340  best=18.1022
        [Trial 0] gen   80  evals= 3120  best=18.1022
        [Trial 0] gen  100  evals= 3900  best=18.1022
        [Trial 0] gen  120  evals= 4680  best=18.1022
        [Trial 0] gen  140  evals= 5460  best=18.1022
        [Trial 0] gen  160  evals= 6240  best=18.1022
        [Trial 0] gen  180  evals= 7020  best=18.1022
        [Trial 0] gen  200  evals= 7800  best=18.1022
        [Trial 0] gen  220  evals= 8580  best=18.1022
        [Trial 0] gen  240  evals= 9360  best=18.1022
        [Trial 0] gen  260  evals=10140  best=14.6251
        [Trial 0] gen  280  evals=10920  best=14.6251
        [Trial 0] gen  300  evals=11700  best=14.6251
        [Trial 0] gen  320  evals=12480  best=14.6251
        [Trial 0] gen  340  evals=13260  best=14.6251
        [Trial 0] gen  360  evals=14040  best=14.6251
        [Trial 0] gen  380  evals=14820  best=13.2060
        [Trial 0] gen  400  evals=15600  best=13.2060
        [Trial 0] gen  420  evals=16380  best=13.2060
        [Trial 0] gen  440  evals=17160  best=13.2060
        [Trial 0] gen  460  evals=17940  best=13.2060
        [Trial 0] gen  480  evals=18720  best=13.2060
        [Trial 0] gen  500  evals=19500  best=13.2060
        [Trial 0] gen  520  evals=20280  best=13.2060
        [Trial 0] gen  540  evals=21060  best=13.2060
        [Trial 0] gen  560  evals=21840  best=13.2060
        [Trial 0] gen  580  evals=22620  best=13.2060
        [Trial 0] gen  600  evals=23400  best=13.2060
        [Trial 0] gen  620  evals=24180  best=13.2060
        [Done] Trial 0 best=13.2060
    --> Trial 1 | pop=51 seed=56385 x0_norm_min=-0.937 x0_norm_max=0.907
        [Pruned] Trial 1 at gen 15 (loss=20.6876)
    --> Trial 2 | pop=33 seed=43187 x0_norm_min=-0.344 x0_norm_max=0.824
        [Trial 2] gen   20  evals=  660  best=16.8429
        [Trial 2] gen   40  evals= 1320  best=16.8429
        [Trial 2] gen   60  evals= 1980  best=16.8429
        [Trial 2] gen   80  evals= 2640  best=16.8429
        [Trial 2] gen  100  evals= 3300  best=16.8429
        [Trial 2] gen  120  evals= 3960  best=16.8429
        [Trial 2] gen  140  evals= 4620  best=16.8429
        [Trial 2] gen  160  evals= 5280  best=16.8429
        [Trial 2] gen  180  evals= 5940  best=16.8429
        [Trial 2] gen  200  evals= 6600  best=16.8429
        [Trial 2] gen  220  evals= 7260  best=16.7386
        [Trial 2] gen  240  evals= 7920  best=16.7386
        [Trial 2] gen  260  evals= 8580  best=16.7386
        [Trial 2] gen  280  evals= 9240  best=16.7386
        [Trial 2] gen  300  evals= 9900  best=16.7386
        [Trial 2] gen  320  evals=10560  best=16.7386
        [Trial 2] gen  340  evals=11220  best=16.7386
        [Trial 2] gen  360  evals=11880  best=16.7386
        [Trial 2] gen  380  evals=12540  best=16.7386
        [Trial 2] gen  400  evals=13200  best=16.7386
        [Pruned] Trial 2 at gen 405 (loss=16.7386)
    --> Trial 3 | pop=35 seed=83764 x0_norm_min=-0.797 x0_norm_max=0.622
        [Pruned] Trial 3 at gen 15 (loss=19.5535)
    --> Trial 4 | pop=35 seed=55360 x0_norm_min=-0.947 x0_norm_max=0.785
        [Pruned] Trial 4 at gen 15 (loss=20.8163)
    --> Trial 5 | pop=41 seed=26980 x0_norm_min=-0.748 x0_norm_max=0.981
        [Trial 5] gen   20  evals=  820  best=18.0052
        [Trial 5] gen   40  evals= 1640  best=18.0052
        [Pruned] Trial 5 at gen 45 (loss=18.0052)
    --> Trial 6 | pop=41 seed=80704 x0_norm_min=-0.929 x0_norm_max=0.732
        [Pruned] Trial 6 at gen 15 (loss=21.1663)
    --> Trial 7 | pop=58 seed=43387 x0_norm_min=-0.779 x0_norm_max=0.922
        [Trial 7] gen   20  evals= 1160  best=17.5657
        [Trial 7] gen   40  evals= 2320  best=17.5657
        [Pruned] Trial 7 at gen 45 (loss=17.5657)
    --> Trial 8 | pop=56 seed=18448 x0_norm_min=-0.814 x0_norm_max=0.843
        [Pruned] Trial 8 at gen 15 (loss=20.8755)
    --> Trial 9 | pop=59 seed=50185 x0_norm_min=-0.955 x0_norm_max=0.770
        [Pruned] Trial 9 at gen 15 (loss=19.9722)
    --> Trial 10 | pop=47 seed=4368 x0_norm_min=-0.841 x0_norm_max=0.672
        [Pruned] Trial 10 at gen 15 (loss=19.9573)
    --> Trial 11 | pop=30 seed=70683 x0_norm_min=-0.781 x0_norm_max=0.859
        [Pruned] Trial 11 at gen 15 (loss=19.9046)
    --> Trial 12 | pop=39 seed=32195 x0_norm_min=-0.402 x0_norm_max=0.428
        [Pruned] Trial 12 at gen 15 (loss=21.2853)
    --> Trial 13 | pop=31 seed=66404 x0_norm_min=-0.863 x0_norm_max=0.955
        [Pruned] Trial 13 at gen 15 (loss=20.1270)
    --> Trial 14 | pop=45 seed=40202 x0_norm_min=-0.897 x0_norm_max=-0.091
        [Pruned] Trial 14 at gen 15 (loss=19.8860)
    --> Trial 15 | pop=36 seed=97252 x0_norm_min=-0.690 x0_norm_max=0.990
        [Pruned] Trial 15 at gen 15 (loss=20.0856)
    --> Trial 16 | pop=44 seed=12276 x0_norm_min=-0.776 x0_norm_max=0.982
        [Pruned] Trial 16 at gen 15 (loss=21.7589)
    --> Trial 17 | pop=34 seed=64948 x0_norm_min=-0.863 x0_norm_max=0.835
        [Pruned] Trial 17 at gen 15 (loss=20.1650)
    --> Trial 18 | pop=38 seed=34870 x0_norm_min=-0.933 x0_norm_max=0.907
        [Trial 18] gen   20  evals=  760  best=19.8744
        [Trial 18] gen   40  evals= 1520  best=19.8744
        [Pruned] Trial 18 at gen 45 (loss=19.8744)
    --> Trial 19 | pop=32 seed=24700 x0_norm_min=-0.948 x0_norm_max=0.822
        [Pruned] Trial 19 at gen 15 (loss=22.3868)

  Winner: Trial 0, loss=13.205960 (896s)
    Restarts run: 20
    mu: 14.814384
    D_mu: 1.815277
    T0_mu: 38.961970
    Ly: 2.220123
    op_x: 0.677537
    op_y: 0.640942
    NMSE: 0.043918
  [Saved] random_IR_0042

============================================================
[43/50] random_IR_0043.npz
  GT loss: 0.000410
  terrain_mean=234.648560  early_threshold=2.229567  (alpha=0.0095)
  tolfun=1.22 tolfunhist=1.22  (frac=0.0052 of range=235)
    --> Trial 0 | pop=38 seed=87253 x0_norm_min=-0.944 x0_norm_max=0.730
        [Trial 0] gen   20  evals=  760  best=16.7812
        [Trial 0] gen   40  evals= 1520  best=16.7812
        [Trial 0] gen   60  evals= 2280  best=16.7812
        [Trial 0] gen   80  evals= 3040  best=16.6594
        [Trial 0] gen  100  evals= 3800  best=15.6796
        [Trial 0] gen  120  evals= 4560  best=15.6796
        [Trial 0] gen  140  evals= 5320  best=15.6796
        [Trial 0] gen  160  evals= 6080  best=15.6796
        [Trial 0] gen  180  evals= 6840  best=15.6796
        [Trial 0] gen  200  evals= 7600  best=15.6796
        [Trial 0] gen  220  evals= 8360  best=15.1969
        [Trial 0] gen  240  evals= 9120  best=15.1969
        [Trial 0] gen  260  evals= 9880  best=15.0065
        [Trial 0] gen  280  evals=10640  best=15.0065
        [Trial 0] gen  300  evals=11400  best=15.0065
        [Trial 0] gen  320  evals=12160  best=15.0065
        [Trial 0] gen  340  evals=12920  best=13.8353
        [Trial 0] gen  360  evals=13680  best=13.8353
        [Trial 0] gen  380  evals=14440  best=13.8353
        [Trial 0] gen  400  evals=15200  best=13.8353
        [Done] Trial 0 best=13.8353
    --> Trial 1 | pop=55 seed=97418 x0_norm_min=-0.937 x0_norm_max=0.907
        [Pruned] Trial 1 at gen 15 (loss=18.2591)
    --> Trial 2 | pop=60 seed=15184 x0_norm_min=-0.344 x0_norm_max=0.824
        [Pruned] Trial 2 at gen 15 (loss=17.1545)
    --> Trial 3 | pop=48 seed=75540 x0_norm_min=-0.797 x0_norm_max=0.622
        [Trial 3] gen   20  evals=  960  best=14.8847
        [Trial 3] gen   40  evals= 1920  best=14.8847
        [Trial 3] gen   60  evals= 2880  best=14.8847
        [Trial 3] gen   80  evals= 3840  best=14.8847
        [Trial 3] gen  100  evals= 4800  best=14.8611
        [Trial 3] gen  120  evals= 5760  best=14.8611
        [Trial 3] gen  140  evals= 6720  best=14.8611
        [Trial 3] gen  160  evals= 7680  best=14.8611
        [Trial 3] gen  180  evals= 8640  best=14.1874
        [Trial 3] gen  200  evals= 9600  best=14.1874
        [Trial 3] gen  220  evals=10560  best=14.1874
        [Trial 3] gen  240  evals=11520  best=14.0845
        [Trial 3] gen  260  evals=12480  best=14.0845
        [Trial 3] gen  280  evals=13440  best=14.0845
        [Done] Trial 3 best=14.0845
    --> Trial 4 | pop=41 seed=15285 x0_norm_min=-0.947 x0_norm_max=0.785
        [Pruned] Trial 4 at gen 15 (loss=21.9996)
    --> Trial 5 | pop=54 seed=77827 x0_norm_min=-0.748 x0_norm_max=0.981
        [Trial 5] gen   20  evals= 1080  best=14.6718
        [Trial 5] gen   40  evals= 2160  best=14.6718
        [Trial 5] gen   60  evals= 3240  best=14.6718
        [Trial 5] gen   80  evals= 4320  best=14.6718
        [Trial 5] gen  100  evals= 5400  best=14.6718
        [Trial 5] gen  120  evals= 6480  best=14.6718
        [Trial 5] gen  140  evals= 7560  best=14.6718
        [Trial 5] gen  160  evals= 8640  best=14.6718
        [Trial 5] gen  180  evals= 9720  best=14.6718
        [Trial 5] gen  200  evals=10800  best=14.6718
        [Trial 5] gen  220  evals=11880  best=14.6718
        [Trial 5] gen  240  evals=12960  best=14.6718
        [Trial 5] gen  260  evals=14040  best=14.6718
        [Done] Trial 5 best=14.6718
    --> Trial 6 | pop=46 seed=93034 x0_norm_min=-0.929 x0_norm_max=0.732
        [Pruned] Trial 6 at gen 15 (loss=15.9571)
    --> Trial 7 | pop=42 seed=89998 x0_norm_min=-0.779 x0_norm_max=0.922
        [Pruned] Trial 7 at gen 15 (loss=20.2701)
    --> Trial 8 | pop=51 seed=2407 x0_norm_min=-0.814 x0_norm_max=0.843
        [Pruned] Trial 8 at gen 15 (loss=16.1436)
    --> Trial 9 | pop=30 seed=82875 x0_norm_min=-0.955 x0_norm_max=0.770
        [Pruned] Trial 9 at gen 15 (loss=22.4183)
    --> Trial 10 | pop=30 seed=52613 x0_norm_min=-0.841 x0_norm_max=0.672
        [Pruned] Trial 10 at gen 15 (loss=21.8003)
    --> Trial 11 | pop=36 seed=61869 x0_norm_min=-0.781 x0_norm_max=0.859
        [Pruned] Trial 11 at gen 15 (loss=20.4495)
    --> Trial 12 | pop=47 seed=62254 x0_norm_min=-0.402 x0_norm_max=0.428
        [Pruned] Trial 12 at gen 15 (loss=18.3865)
    --> Trial 13 | pop=38 seed=69079 x0_norm_min=-0.863 x0_norm_max=0.955
        [Pruned] Trial 13 at gen 15 (loss=19.1969)
    --> Trial 14 | pop=35 seed=42247 x0_norm_min=-0.897 x0_norm_max=-0.091
        [Pruned] Trial 14 at gen 15 (loss=22.1029)
    --> Trial 15 | pop=46 seed=40391 x0_norm_min=-0.690 x0_norm_max=0.990
        [Pruned] Trial 15 at gen 15 (loss=22.6963)
    --> Trial 16 | pop=42 seed=76503 x0_norm_min=-0.776 x0_norm_max=0.982
        [Pruned] Trial 16 at gen 15 (loss=21.4694)
    --> Trial 17 | pop=49 seed=82663 x0_norm_min=-0.863 x0_norm_max=0.835
        [Pruned] Trial 17 at gen 15 (loss=18.3078)
    --> Trial 18 | pop=58 seed=49443 x0_norm_min=-0.933 x0_norm_max=0.907
        [Pruned] Trial 18 at gen 15 (loss=18.8566)
    --> Trial 19 | pop=33 seed=99744 x0_norm_min=-0.948 x0_norm_max=0.822
        [Pruned] Trial 19 at gen 15 (loss=19.6757)

  Winner: Trial 0, loss=13.835302 (1212s)
    Restarts run: 20
    mu: 6.744988
    D_mu: 1.091957
    T0_mu: 139.661708
    Ly: 2.309025
    op_x: 0.766280
    op_y: 0.886532
    NMSE: 0.067772
  [Saved] random_IR_0043

============================================================
[44/50] random_IR_0044.npz
  GT loss: 0.002459
  terrain_mean=196.070862  early_threshold=1.865109  (alpha=0.0095)
  tolfun=1.02 tolfunhist=1.02  (frac=0.0052 of range=196)
    --> Trial 0 | pop=57 seed=42642 x0_norm_min=-0.944 x0_norm_max=0.730
        [Trial 0] gen   20  evals= 1140  best=21.8348
        [Trial 0] gen   40  evals= 2280  best=16.7867
        [Trial 0] gen   60  evals= 3420  best=16.7867
        [Trial 0] gen   80  evals= 4560  best=16.7867
        [Trial 0] gen  100  evals= 5700  best=16.7867
        [Trial 0] gen  120  evals= 6840  best=16.7867
        [Trial 0] gen  140  evals= 7980  best=16.5585
        [Trial 0] gen  160  evals= 9120  best=16.5585
        [Trial 0] gen  180  evals=10260  best=16.5585
        [Trial 0] gen  200  evals=11400  best=16.5585
        [Trial 0] gen  220  evals=12540  best=16.5585
        [Trial 0] gen  240  evals=13680  best=16.5585
        [Done] Trial 0 best=16.5585
    --> Trial 1 | pop=55 seed=95313 x0_norm_min=-0.937 x0_norm_max=0.907
        [Trial 1] gen   20  evals= 1100  best=20.0338
        [Trial 1] gen   40  evals= 2200  best=20.0338
        [Pruned] Trial 1 at gen 45 (loss=20.0338)
    --> Trial 2 | pop=45 seed=36282 x0_norm_min=-0.344 x0_norm_max=0.824
        [Pruned] Trial 2 at gen 15 (loss=23.4345)
    --> Trial 3 | pop=60 seed=58581 x0_norm_min=-0.797 x0_norm_max=0.622
        [Pruned] Trial 3 at gen 15 (loss=22.4019)
    --> Trial 4 | pop=34 seed=41860 x0_norm_min=-0.947 x0_norm_max=0.785
        [Trial 4] gen   20  evals=  680  best=19.7876
        [Trial 4] gen   40  evals= 1360  best=18.5982
        [Pruned] Trial 4 at gen 45 (loss=18.5982)
    --> Trial 5 | pop=42 seed=34065 x0_norm_min=-0.748 x0_norm_max=0.981
        [Pruned] Trial 5 at gen 15 (loss=25.6215)
    --> Trial 6 | pop=38 seed=25662 x0_norm_min=-0.929 x0_norm_max=0.732
        [Pruned] Trial 6 at gen 15 (loss=23.5157)
    --> Trial 7 | pop=53 seed=76645 x0_norm_min=-0.779 x0_norm_max=0.922
        [Pruned] Trial 7 at gen 15 (loss=21.4067)
    --> Trial 8 | pop=50 seed=96784 x0_norm_min=-0.814 x0_norm_max=0.843
        [Trial 8] gen   20  evals= 1000  best=17.6284
        [Trial 8] gen   40  evals= 2000  best=17.6284
        [Pruned] Trial 8 at gen 45 (loss=17.6284)
    --> Trial 9 | pop=48 seed=75978 x0_norm_min=-0.955 x0_norm_max=0.770
        [Pruned] Trial 9 at gen 15 (loss=21.2106)
    --> Trial 10 | pop=31 seed=4373 x0_norm_min=-0.841 x0_norm_max=0.672
        [Pruned] Trial 10 at gen 15 (loss=23.4454)
    --> Trial 11 | pop=52 seed=94538 x0_norm_min=-0.781 x0_norm_max=0.859
        [Trial 11] gen   20  evals= 1040  best=17.9163
        [Trial 11] gen   40  evals= 2080  best=16.4591
        [Trial 11] gen   60  evals= 3120  best=16.4591
        [Trial 11] gen   80  evals= 4160  best=16.4591
        [Trial 11] gen  100  evals= 5200  best=16.4591
        [Trial 11] gen  120  evals= 6240  best=13.3974
        [Trial 11] gen  140  evals= 7280  best=13.3974
        [Trial 11] gen  160  evals= 8320  best=13.3974
        [Trial 11] gen  180  evals= 9360  best=13.3974
        [Trial 11] gen  200  evals=10400  best=13.3974
        [Trial 11] gen  220  evals=11440  best=13.3974
        [Trial 11] gen  240  evals=12480  best=13.3974
        [Trial 11] gen  260  evals=13520  best=13.3974
        [Trial 11] gen  280  evals=14560  best=13.3974
        [Trial 11] gen  300  evals=15600  best=13.3974
        [Trial 11] gen  320  evals=16640  best=13.3974
        [Done] Trial 11 best=13.3974
    --> Trial 12 | pop=60 seed=987 x0_norm_min=-0.402 x0_norm_max=0.428
        [Pruned] Trial 12 at gen 15 (loss=22.5425)
    --> Trial 13 | pop=55 seed=57440 x0_norm_min=-0.863 x0_norm_max=0.955
        [Pruned] Trial 13 at gen 15 (loss=20.4130)
    --> Trial 14 | pop=51 seed=77991 x0_norm_min=-0.897 x0_norm_max=-0.091
        [Trial 14] gen   20  evals= 1020  best=16.5777
        [Trial 14] gen   40  evals= 2040  best=16.5777
        [Trial 14] gen   60  evals= 3060  best=15.1955
        [Trial 14] gen   80  evals= 4080  best=14.1404
        [Trial 14] gen  100  evals= 5100  best=14.1404
        [Trial 14] gen  120  evals= 6120  best=14.1404
        [Trial 14] gen  140  evals= 7140  best=13.1816
        [Trial 14] gen  160  evals= 8160  best=13.1816
        [Trial 14] gen  180  evals= 9180  best=12.8425
        [Trial 14] gen  200  evals=10200  best=12.7333
        [Trial 14] gen  220  evals=11220  best=12.2794
        [Done] Trial 14 best=12.2794
    --> Trial 15 | pop=49 seed=79949 x0_norm_min=-0.690 x0_norm_max=0.990
        [Pruned] Trial 15 at gen 15 (loss=21.0430)
    --> Trial 16 | pop=43 seed=86365 x0_norm_min=-0.776 x0_norm_max=0.982
        [Trial 16] gen   20  evals=  860  best=19.3462
        [Trial 16] gen   40  evals= 1720  best=16.3133
        [Trial 16] gen   60  evals= 2580  best=16.3133
        [Trial 16] gen   80  evals= 3440  best=16.3133
        [Trial 16] gen  100  evals= 4300  best=16.3133
        [Trial 16] gen  120  evals= 5160  best=16.3133
        [Pruned] Trial 16 at gen 135 (loss=16.3133)
    --> Trial 17 | pop=51 seed=66240 x0_norm_min=-0.863 x0_norm_max=0.835
        [Pruned] Trial 17 at gen 15 (loss=23.7746)
    --> Trial 18 | pop=46 seed=99811 x0_norm_min=-0.933 x0_norm_max=0.907
        [Pruned] Trial 18 at gen 15 (loss=22.4149)
    --> Trial 19 | pop=53 seed=84886 x0_norm_min=-0.948 x0_norm_max=0.822
        [Pruned] Trial 19 at gen 15 (loss=22.9534)

  Winner: Trial 14, loss=12.279408 (945s)
    Restarts run: 20
    mu: 11.350711
    D_mu: 1.424993
    T0_mu: 85.636902
    Ly: 1.416921
    op_x: 0.565183
    op_y: 0.525578
    NMSE: 0.082791
  [Saved] random_IR_0044

============================================================
[45/50] random_IR_0045.npz
  GT loss: 0.030031
  terrain_mean=181.899017  early_threshold=1.757786  (alpha=0.0095)
  tolfun=0.946 tolfunhist=0.946  (frac=0.0052 of range=182)
    --> Trial 0 | pop=55 seed=1635 x0_norm_min=-0.944 x0_norm_max=0.730
        [Trial 0] gen   20  evals= 1100  best=14.7802
        [Trial 0] gen   40  evals= 2200  best=14.7802
        [Trial 0] gen   60  evals= 3300  best=14.6058
        [Trial 0] gen   80  evals= 4400  best=14.6058
        [Trial 0] gen  100  evals= 5500  best=14.6058
        [Trial 0] gen  120  evals= 6600  best=13.6569
        [Trial 0] gen  140  evals= 7700  best=13.6569
        [Trial 0] gen  160  evals= 8800  best=13.6569
        [Trial 0] gen  180  evals= 9900  best=13.6569
        [Trial 0] gen  200  evals=11000  best=13.0113
        [Trial 0] gen  220  evals=12100  best=13.0113
        [Trial 0] gen  240  evals=13200  best=13.0113
        [Trial 0] gen  260  evals=14300  best=13.0113
        [Done] Trial 0 best=13.0113
    --> Trial 1 | pop=57 seed=80266 x0_norm_min=-0.937 x0_norm_max=0.907
        [Pruned] Trial 1 at gen 15 (loss=17.6026)
    --> Trial 2 | pop=58 seed=36633 x0_norm_min=-0.344 x0_norm_max=0.824
        [Pruned] Trial 2 at gen 15 (loss=15.4486)
    --> Trial 3 | pop=58 seed=58137 x0_norm_min=-0.797 x0_norm_max=0.622
        [Pruned] Trial 3 at gen 15 (loss=15.3435)
    --> Trial 4 | pop=31 seed=40740 x0_norm_min=-0.947 x0_norm_max=0.785
        [Trial 4] gen   20  evals=  620  best=14.6943
        [Trial 4] gen   40  evals= 1240  best=14.6709
        [Trial 4] gen   60  evals= 1860  best=12.9781
        [Trial 4] gen   80  evals= 2480  best=12.8184
        [Trial 4] gen  100  evals= 3100  best=12.6483
        [Trial 4] gen  120  evals= 3720  best=12.6483
        [Trial 4] gen  140  evals= 4340  best=12.6483
        [Trial 4] gen  160  evals= 4960  best=12.6483
        [Done] Trial 4 best=12.6483
    --> Trial 5 | pop=43 seed=15770 x0_norm_min=-0.748 x0_norm_max=0.981
        [Pruned] Trial 5 at gen 15 (loss=15.1362)
    --> Trial 6 | pop=48 seed=91022 x0_norm_min=-0.929 x0_norm_max=0.732
        [Trial 6] gen   20  evals=  960  best=13.3806
        [Trial 6] gen   40  evals= 1920  best=13.3806
        [Pruned] Trial 6 at gen 45 (loss=13.3806)
    --> Trial 7 | pop=40 seed=13495 x0_norm_min=-0.779 x0_norm_max=0.922
        [Trial 7] gen   20  evals=  800  best=14.3715
        [Trial 7] gen   40  evals= 1600  best=14.2824
        [Pruned] Trial 7 at gen 45 (loss=14.2566)
    --> Trial 8 | pop=48 seed=66177 x0_norm_min=-0.814 x0_norm_max=0.843
        [Pruned] Trial 8 at gen 15 (loss=15.1720)
    --> Trial 9 | pop=51 seed=62477 x0_norm_min=-0.955 x0_norm_max=0.770
        [Trial 9] gen   20  evals= 1020  best=13.2201
        [Trial 9] gen   40  evals= 2040  best=13.2201
        [Pruned] Trial 9 at gen 45 (loss=13.2201)
    --> Trial 10 | pop=31 seed=39002 x0_norm_min=-0.841 x0_norm_max=0.672
        [Pruned] Trial 10 at gen 15 (loss=17.6809)
    --> Trial 11 | pop=30 seed=1010 x0_norm_min=-0.781 x0_norm_max=0.859
        [Pruned] Trial 11 at gen 15 (loss=17.6178)
    --> Trial 12 | pop=37 seed=35293 x0_norm_min=-0.402 x0_norm_max=0.428
        [Pruned] Trial 12 at gen 15 (loss=14.7114)
    --> Trial 13 | pop=36 seed=20162 x0_norm_min=-0.863 x0_norm_max=0.955
        [Pruned] Trial 13 at gen 15 (loss=15.3473)
    --> Trial 14 | pop=53 seed=49448 x0_norm_min=-0.897 x0_norm_max=-0.091
        [Trial 14] gen   20  evals= 1060  best=14.1670
        [Trial 14] gen   40  evals= 2120  best=14.1670
        [Pruned] Trial 14 at gen 45 (loss=14.1670)
    --> Trial 15 | pop=44 seed=25131 x0_norm_min=-0.690 x0_norm_max=0.990
        [Pruned] Trial 15 at gen 15 (loss=15.9030)
    --> Trial 16 | pop=34 seed=6683 x0_norm_min=-0.776 x0_norm_max=0.982
        [Pruned] Trial 16 at gen 15 (loss=19.2351)
    --> Trial 17 | pop=54 seed=78511 x0_norm_min=-0.863 x0_norm_max=0.835
        [Pruned] Trial 17 at gen 15 (loss=16.6000)
    --> Trial 18 | pop=42 seed=47009 x0_norm_min=-0.933 x0_norm_max=0.907
        [Trial 18] gen   20  evals=  840  best=14.1208
        [Trial 18] gen   40  evals= 1680  best=14.1208
        [Pruned] Trial 18 at gen 45 (loss=14.1208)
    --> Trial 19 | pop=48 seed=28302 x0_norm_min=-0.948 x0_norm_max=0.822
        [Pruned] Trial 19 at gen 15 (loss=15.8118)

  Winner: Trial 4, loss=12.648265 (852s)
    Restarts run: 20
    mu: 6.660178
    D_mu: 1.718926
    T0_mu: 92.005910
    Ly: 3.980228
    op_x: 0.540108
    op_y: 0.836445
    NMSE: 0.014547
  [Saved] random_IR_0045

============================================================
[46/50] random_IR_0046.npz
  GT loss: 3.461466
  terrain_mean=311.345398  early_threshold=6.386364  (alpha=0.0095)
  tolfun=1.6 tolfunhist=1.6  (frac=0.0052 of range=308)
    --> Trial 0 | pop=55 seed=44922 x0_norm_min=-0.944 x0_norm_max=0.730
        [Trial 0] gen   20  evals= 1100  best=26.7847
        [Trial 0] gen   40  evals= 2200  best=24.9267
        [Trial 0] gen   60  evals= 3300  best=21.6071
        [Trial 0] gen   80  evals= 4400  best=21.6071
        [Trial 0] gen  100  evals= 5500  best=21.6071
        [Trial 0] gen  120  evals= 6600  best=21.6071
        [Trial 0] gen  140  evals= 7700  best=20.8143
        [Trial 0] gen  160  evals= 8800  best=20.6594
        [Trial 0] gen  180  evals= 9900  best=20.0899
        [Done] Trial 0 best=20.0899
    --> Trial 1 | pop=31 seed=91152 x0_norm_min=-0.937 x0_norm_max=0.907
        [Trial 1] gen   20  evals=  620  best=23.7112
        [Trial 1] gen   40  evals= 1240  best=23.7112
        [Pruned] Trial 1 at gen 45 (loss=23.7112)
    --> Trial 2 | pop=46 seed=81388 x0_norm_min=-0.344 x0_norm_max=0.824
        [Trial 2] gen   20  evals=  920  best=22.9511
        [Trial 2] gen   40  evals= 1840  best=22.9511
        [Pruned] Trial 2 at gen 45 (loss=22.9511)
    --> Trial 3 | pop=57 seed=45140 x0_norm_min=-0.797 x0_norm_max=0.622
        [Pruned] Trial 3 at gen 15 (loss=24.4731)
    --> Trial 4 | pop=32 seed=75555 x0_norm_min=-0.947 x0_norm_max=0.785
        [Pruned] Trial 4 at gen 15 (loss=31.7168)
    --> Trial 5 | pop=31 seed=64878 x0_norm_min=-0.748 x0_norm_max=0.981
        [Pruned] Trial 5 at gen 15 (loss=26.0113)
    --> Trial 6 | pop=32 seed=829 x0_norm_min=-0.929 x0_norm_max=0.732
        [Pruned] Trial 6 at gen 15 (loss=26.5362)
    --> Trial 7 | pop=45 seed=89855 x0_norm_min=-0.779 x0_norm_max=0.922
        [Pruned] Trial 7 at gen 15 (loss=30.2989)
    --> Trial 8 | pop=37 seed=65306 x0_norm_min=-0.814 x0_norm_max=0.843
        [Pruned] Trial 8 at gen 15 (loss=28.5754)
    --> Trial 9 | pop=40 seed=75398 x0_norm_min=-0.955 x0_norm_max=0.770
        [Trial 9] gen   20  evals=  800  best=24.0248
        [Trial 9] gen   40  evals= 1600  best=24.0248
        [Pruned] Trial 9 at gen 45 (loss=24.0248)
    --> Trial 10 | pop=58 seed=20053 x0_norm_min=-0.841 x0_norm_max=0.672
        [Trial 10] gen   20  evals= 1160  best=21.2262
        [Trial 10] gen   40  evals= 2320  best=21.2262
        [Trial 10] gen   60  evals= 3480  best=21.2262
        [Trial 10] gen   80  evals= 4640  best=21.2262
        [Trial 10] gen  100  evals= 5800  best=20.2421
        [Trial 10] gen  120  evals= 6960  best=18.9112
        [Trial 10] gen  140  evals= 8120  best=18.9112
        [Trial 10] gen  160  evals= 9280  best=18.9112
        [Trial 10] gen  180  evals=10440  best=18.9112
        [Trial 10] gen  200  evals=11600  best=18.9112
        [Trial 10] gen  220  evals=12760  best=18.9112
        [Trial 10] gen  240  evals=13920  best=18.9112
        [Trial 10] gen  260  evals=15080  best=18.9112
        [Trial 10] gen  280  evals=16240  best=18.9112
        [Done] Trial 10 best=18.9112
    --> Trial 11 | pop=60 seed=24901 x0_norm_min=-0.781 x0_norm_max=0.859
        [Pruned] Trial 11 at gen 15 (loss=27.5202)
    --> Trial 12 | pop=54 seed=28834 x0_norm_min=-0.402 x0_norm_max=0.428
        [Pruned] Trial 12 at gen 15 (loss=28.8652)
    --> Trial 13 | pop=52 seed=38362 x0_norm_min=-0.863 x0_norm_max=0.955
        [Pruned] Trial 13 at gen 15 (loss=25.6079)
    --> Trial 14 | pop=50 seed=6376 x0_norm_min=-0.897 x0_norm_max=-0.091
        [Pruned] Trial 14 at gen 15 (loss=28.8304)
    --> Trial 15 | pop=60 seed=14227 x0_norm_min=-0.690 x0_norm_max=0.990
        [Pruned] Trial 15 at gen 15 (loss=26.8726)
    --> Trial 16 | pop=55 seed=49576 x0_norm_min=-0.776 x0_norm_max=0.982
        [Pruned] Trial 16 at gen 15 (loss=28.0238)
    --> Trial 17 | pop=49 seed=23980 x0_norm_min=-0.863 x0_norm_max=0.835
        [Trial 17] gen   20  evals=  980  best=22.4484
        [Trial 17] gen   40  evals= 1960  best=21.7377
        [Pruned] Trial 17 at gen 45 (loss=21.7377)
    --> Trial 18 | pop=56 seed=53707 x0_norm_min=-0.933 x0_norm_max=0.907
        [Pruned] Trial 18 at gen 15 (loss=27.0310)
    --> Trial 19 | pop=58 seed=35339 x0_norm_min=-0.948 x0_norm_max=0.822
        [Trial 19] gen   20  evals= 1160  best=24.3747
        [Trial 19] gen   40  evals= 2320  best=24.3747
        [Pruned] Trial 19 at gen 45 (loss=24.3747)

  Winner: Trial 10, loss=18.911192 (559s)
    Restarts run: 20
    mu: 13.453689
    D_mu: 4.333919
    T0_mu: 5.881696
    Ly: 1.360278
    op_x: 0.999727
    op_y: 0.962179
    NMSE: 0.217637
  [Saved] random_IR_0046

============================================================
[47/50] random_IR_0047.npz
  GT loss: 0.003405
  terrain_mean=165.916855  early_threshold=1.579583  (alpha=0.0095)
  tolfun=0.863 tolfunhist=0.863  (frac=0.0052 of range=166)
    --> Trial 0 | pop=38 seed=87735 x0_norm_min=-0.944 x0_norm_max=0.730
        [Trial 0] gen   20  evals=  760  best=20.4267
        [Trial 0] gen   40  evals= 1520  best=16.9037
        [Trial 0] gen   60  evals= 2280  best=16.9037
        [Trial 0] gen   80  evals= 3040  best=16.9037
        [Trial 0] gen  100  evals= 3800  best=16.9037
        [Trial 0] gen  120  evals= 4560  best=16.9037
        [Trial 0] gen  140  evals= 5320  best=16.9037
        [Trial 0] gen  160  evals= 6080  best=16.7929
        [Trial 0] gen  180  evals= 6840  best=15.0448
        [Trial 0] gen  200  evals= 7600  best=15.0448
        [Trial 0] gen  220  evals= 8360  best=15.0448
        [Done] Trial 0 best=15.0448
    --> Trial 1 | pop=58 seed=27023 x0_norm_min=-0.937 x0_norm_max=0.907
        [Trial 1] gen   20  evals= 1160  best=18.6606
        [Trial 1] gen   40  evals= 2320  best=18.1395
        [Pruned] Trial 1 at gen 45 (loss=18.1395)
    --> Trial 2 | pop=52 seed=76385 x0_norm_min=-0.344 x0_norm_max=0.824
        [Trial 2] gen   20  evals= 1040  best=17.0686
        [Trial 2] gen   40  evals= 2080  best=17.0686
        [Pruned] Trial 2 at gen 45 (loss=17.0686)
    --> Trial 3 | pop=47 seed=5173 x0_norm_min=-0.797 x0_norm_max=0.622
        [Pruned] Trial 3 at gen 15 (loss=19.9554)
    --> Trial 4 | pop=54 seed=35622 x0_norm_min=-0.947 x0_norm_max=0.785
        [Pruned] Trial 4 at gen 15 (loss=17.8552)
    --> Trial 5 | pop=43 seed=59508 x0_norm_min=-0.748 x0_norm_max=0.981
        [Pruned] Trial 5 at gen 15 (loss=18.3003)
    --> Trial 6 | pop=48 seed=90711 x0_norm_min=-0.929 x0_norm_max=0.732
        [Trial 6] gen   20  evals=  960  best=17.0280
        [Trial 6] gen   40  evals= 1920  best=17.0280
        [Pruned] Trial 6 at gen 45 (loss=17.0280)
    --> Trial 7 | pop=39 seed=50220 x0_norm_min=-0.779 x0_norm_max=0.922
        [Trial 7] gen   20  evals=  780  best=16.4500
        [Trial 7] gen   40  evals= 1560  best=16.4500
        [Trial 7] gen   60  evals= 2340  best=16.4500
        [Trial 7] gen   80  evals= 3120  best=16.4500
        [Trial 7] gen  100  evals= 3900  best=16.4500
        [Trial 7] gen  120  evals= 4680  best=16.4500
        [Trial 7] gen  140  evals= 5460  best=16.4500
        [Trial 7] gen  160  evals= 6240  best=15.8120
        [Trial 7] gen  180  evals= 7020  best=15.8120
        [Trial 7] gen  200  evals= 7800  best=15.8120
        [Trial 7] gen  220  evals= 8580  best=14.2754
        [Trial 7] gen  240  evals= 9360  best=14.2754
        [Trial 7] gen  260  evals=10140  best=14.2754
        [Trial 7] gen  280  evals=10920  best=14.2754
        [Trial 7] gen  300  evals=11700  best=14.2754
        [Done] Trial 7 best=14.2754
    --> Trial 8 | pop=48 seed=19439 x0_norm_min=-0.814 x0_norm_max=0.843
        [Pruned] Trial 8 at gen 15 (loss=18.0940)
    --> Trial 9 | pop=33 seed=6655 x0_norm_min=-0.955 x0_norm_max=0.770
        [Pruned] Trial 9 at gen 15 (loss=19.0533)
    --> Trial 10 | pop=30 seed=51360 x0_norm_min=-0.841 x0_norm_max=0.672
        [Pruned] Trial 10 at gen 15 (loss=20.7681)
    --> Trial 11 | pop=38 seed=94981 x0_norm_min=-0.781 x0_norm_max=0.859
        [Pruned] Trial 11 at gen 15 (loss=18.4360)
    --> Trial 12 | pop=38 seed=69014 x0_norm_min=-0.402 x0_norm_max=0.428
        [Trial 12] gen   20  evals=  760  best=17.0825
        [Trial 12] gen   40  evals= 1520  best=17.0825
        [Pruned] Trial 12 at gen 45 (loss=17.0825)
    --> Trial 13 | pop=39 seed=44960 x0_norm_min=-0.863 x0_norm_max=0.955
        [Trial 13] gen   20  evals=  780  best=16.7698
        [Trial 13] gen   40  evals= 1560  best=16.7698
        [Trial 13] gen   60  evals= 2340  best=16.7698
        [Trial 13] gen   80  evals= 3120  best=16.7698
        [Trial 13] gen  100  evals= 3900  best=16.7698
        [Trial 13] gen  120  evals= 4680  best=16.7698
        [Pruned] Trial 13 at gen 135 (loss=16.7698)
    --> Trial 14 | pop=35 seed=80445 x0_norm_min=-0.897 x0_norm_max=-0.091
        [Pruned] Trial 14 at gen 15 (loss=18.3014)
    --> Trial 15 | pop=42 seed=65056 x0_norm_min=-0.690 x0_norm_max=0.990
        [Pruned] Trial 15 at gen 15 (loss=18.6486)
    --> Trial 16 | pop=44 seed=99134 x0_norm_min=-0.776 x0_norm_max=0.982
        [Pruned] Trial 16 at gen 15 (loss=17.1888)
    --> Trial 17 | pop=35 seed=51038 x0_norm_min=-0.863 x0_norm_max=0.835
        [Pruned] Trial 17 at gen 15 (loss=18.1390)
    --> Trial 18 | pop=30 seed=84381 x0_norm_min=-0.933 x0_norm_max=0.907
        [Pruned] Trial 18 at gen 15 (loss=18.6919)
    --> Trial 19 | pop=40 seed=71706 x0_norm_min=-0.948 x0_norm_max=0.822
        [Pruned] Trial 19 at gen 15 (loss=17.8684)

  Winner: Trial 7, loss=14.275439 (881s)
    Restarts run: 20
    mu: 10.512228
    D_mu: 0.890389
    T0_mu: 88.270677
    Ly: 1.459142
    op_x: 0.711309
    op_y: 0.864638
    NMSE: 0.055586
  [Saved] random_IR_0047

============================================================
[48/50] random_IR_0048.npz
  GT loss: 0.222574
  terrain_mean=210.823608  early_threshold=2.223284  (alpha=0.0095)
  tolfun=1.1 tolfunhist=1.1  (frac=0.0052 of range=211)
    --> Trial 0 | pop=37 seed=8162 x0_norm_min=-0.944 x0_norm_max=0.730
        [Trial 0] gen   20  evals=  740  best=17.7284
        [Trial 0] gen   40  evals= 1480  best=17.7284
        [Trial 0] gen   60  evals= 2220  best=17.7284
        [Trial 0] gen   80  evals= 2960  best=17.7284
        [Trial 0] gen  100  evals= 3700  best=17.7284
        [Trial 0] gen  120  evals= 4440  best=17.7284
        [Trial 0] gen  140  evals= 5180  best=17.7284
        [Trial 0] gen  160  evals= 5920  best=14.7351
        [Trial 0] gen  180  evals= 6660  best=14.7351
        [Trial 0] gen  200  evals= 7400  best=14.7351
        [Trial 0] gen  220  evals= 8140  best=14.7351
        [Trial 0] gen  240  evals= 8880  best=14.7351
        [Trial 0] gen  260  evals= 9620  best=14.7351
        [Trial 0] gen  280  evals=10360  best=14.7351
        [Trial 0] gen  300  evals=11100  best=14.7351
        [Trial 0] gen  320  evals=11840  best=14.7351
        [Done] Trial 0 best=14.7351
    --> Trial 1 | pop=59 seed=11618 x0_norm_min=-0.937 x0_norm_max=0.907
        [Pruned] Trial 1 at gen 15 (loss=20.7655)
    --> Trial 2 | pop=56 seed=83179 x0_norm_min=-0.344 x0_norm_max=0.824
        [Trial 2] gen   20  evals= 1120  best=19.7729
        [Trial 2] gen   40  evals= 2240  best=17.5097
        [Trial 2] gen   60  evals= 3360  best=17.5097
        [Trial 2] gen   80  evals= 4480  best=17.0981
        [Trial 2] gen  100  evals= 5600  best=17.0981
        [Trial 2] gen  120  evals= 6720  best=17.0981
        [Trial 2] gen  140  evals= 7840  best=17.0981
        [Trial 2] gen  160  evals= 8960  best=17.0981
        [Trial 2] gen  180  evals=10080  best=17.0981
        [Trial 2] gen  200  evals=11200  best=17.0981
        [Trial 2] gen  220  evals=12320  best=17.0981
        [Done] Trial 2 best=17.0981
    --> Trial 3 | pop=44 seed=72135 x0_norm_min=-0.797 x0_norm_max=0.622
        [Pruned] Trial 3 at gen 15 (loss=21.4242)
    --> Trial 4 | pop=40 seed=6028 x0_norm_min=-0.947 x0_norm_max=0.785
        [Trial 4] gen   20  evals=  800  best=19.2129
        [Trial 4] gen   40  evals= 1600  best=19.2129
        [Pruned] Trial 4 at gen 45 (loss=19.2129)
    --> Trial 5 | pop=36 seed=42247 x0_norm_min=-0.748 x0_norm_max=0.981
        [Pruned] Trial 5 at gen 15 (loss=20.2826)
    --> Trial 6 | pop=50 seed=62732 x0_norm_min=-0.929 x0_norm_max=0.732
        [Trial 6] gen   20  evals= 1000  best=18.9049
        [Trial 6] gen   40  evals= 2000  best=18.1531
        [Pruned] Trial 6 at gen 45 (loss=18.1531)
    --> Trial 7 | pop=45 seed=46587 x0_norm_min=-0.779 x0_norm_max=0.922
        [Pruned] Trial 7 at gen 15 (loss=19.8062)
    --> Trial 8 | pop=31 seed=68714 x0_norm_min=-0.814 x0_norm_max=0.843
        [Pruned] Trial 8 at gen 15 (loss=22.0356)
    --> Trial 9 | pop=33 seed=88344 x0_norm_min=-0.955 x0_norm_max=0.770
        [Pruned] Trial 9 at gen 15 (loss=24.3186)
    --> Trial 10 | pop=52 seed=25983 x0_norm_min=-0.841 x0_norm_max=0.672
        [Trial 10] gen   20  evals= 1040  best=19.3556
        [Trial 10] gen   40  evals= 2080  best=19.3556
        [Pruned] Trial 10 at gen 45 (loss=19.3556)
    --> Trial 11 | pop=57 seed=97851 x0_norm_min=-0.781 x0_norm_max=0.859
        [Trial 11] gen   20  evals= 1140  best=18.9998
        [Trial 11] gen   40  evals= 2280  best=18.9998
        [Pruned] Trial 11 at gen 45 (loss=18.9998)
    --> Trial 12 | pop=52 seed=28271 x0_norm_min=-0.402 x0_norm_max=0.428
        [Pruned] Trial 12 at gen 15 (loss=19.9951)
    --> Trial 13 | pop=39 seed=49091 x0_norm_min=-0.863 x0_norm_max=0.955
        [Pruned] Trial 13 at gen 15 (loss=20.6488)
    --> Trial 14 | pop=47 seed=23717 x0_norm_min=-0.897 x0_norm_max=-0.091
        [Pruned] Trial 14 at gen 15 (loss=21.9448)
    --> Trial 15 | pop=56 seed=83060 x0_norm_min=-0.690 x0_norm_max=0.990
        [Pruned] Trial 15 at gen 15 (loss=19.8231)
    --> Trial 16 | pop=40 seed=1026 x0_norm_min=-0.776 x0_norm_max=0.982
        [Pruned] Trial 16 at gen 15 (loss=21.4967)
    --> Trial 17 | pop=60 seed=37724 x0_norm_min=-0.863 x0_norm_max=0.835
        [Trial 17] gen   20  evals= 1200  best=18.6394
        [Trial 17] gen   40  evals= 2400  best=16.5230
        [Trial 17] gen   60  evals= 3600  best=16.5230
        [Trial 17] gen   80  evals= 4800  best=16.5230
        [Trial 17] gen  100  evals= 6000  best=16.5230
        [Trial 17] gen  120  evals= 7200  best=16.5230
        [Trial 17] gen  140  evals= 8400  best=16.5230
        [Trial 17] gen  160  evals= 9600  best=16.5230
        [Trial 17] gen  180  evals=10800  best=16.5230
        [Trial 17] gen  200  evals=12000  best=16.5230
        [Trial 17] gen  220  evals=13200  best=16.5230
        [Trial 17] gen  240  evals=14400  best=16.5230
        [Trial 17] gen  260  evals=15600  best=16.5230
        [Trial 17] gen  280  evals=16800  best=16.5230
        [Trial 17] gen  300  evals=18000  best=16.2896
        [Trial 17] gen  320  evals=19200  best=16.2896
        [Trial 17] gen  340  evals=20400  best=16.2896
        [Trial 17] gen  360  evals=21600  best=16.2896
        [Trial 17] gen  380  evals=22800  best=16.2896
        [Trial 17] gen  400  evals=24000  best=16.2896
        [Trial 17] gen  420  evals=25200  best=16.2896
        [Trial 17] gen  440  evals=26400  best=16.2896
        [Trial 17] gen  460  evals=27600  best=16.2896
        [Trial 17] gen  480  evals=28800  best=16.2896
        [Done] Trial 17 best=16.2896
    --> Trial 18 | pop=35 seed=15069 x0_norm_min=-0.933 x0_norm_max=0.907
        [Pruned] Trial 18 at gen 15 (loss=19.8974)
    --> Trial 19 | pop=48 seed=36100 x0_norm_min=-0.948 x0_norm_max=0.822
        [Trial 19] gen   20  evals=  960  best=17.0429
        [Trial 19] gen   40  evals= 1920  best=17.0429
        [Trial 19] gen   60  evals= 2880  best=17.0429
        [Trial 19] gen   80  evals= 3840  best=16.7510
        [Trial 19] gen  100  evals= 4800  best=16.7510
        [Trial 19] gen  120  evals= 5760  best=16.7510
        [Pruned] Trial 19 at gen 135 (loss=16.7510)

  Winner: Trial 0, loss=14.735125 (943s)
    Restarts run: 20
    mu: 68.442486
    D_mu: 15.073823
    T0_mu: 8.316847
    Ly: 3.609990
    op_x: 0.998250
    op_y: 0.883623
    NMSE: 0.122331
  [Saved] random_IR_0048

============================================================
[49/50] random_IR_0049.npz
  GT loss: 0.001027
  terrain_mean=234.034805  early_threshold=2.224348  (alpha=0.0095)
  tolfun=1.22 tolfunhist=1.22  (frac=0.0052 of range=234)
    --> Trial 0 | pop=37 seed=63937 x0_norm_min=-0.944 x0_norm_max=0.730
        [Trial 0] gen   20  evals=  740  best=17.5571
        [Trial 0] gen   40  evals= 1480  best=17.5571
        [Trial 0] gen   60  evals= 2220  best=17.5571
        [Trial 0] gen   80  evals= 2960  best=17.5571
        [Trial 0] gen  100  evals= 3700  best=17.5571
        [Trial 0] gen  120  evals= 4440  best=17.5571
        [Trial 0] gen  140  evals= 5180  best=17.5571
        [Trial 0] gen  160  evals= 5920  best=17.3578
        [Trial 0] gen  180  evals= 6660  best=17.0831
        [Trial 0] gen  200  evals= 7400  best=17.0237
        [Trial 0] gen  220  evals= 8140  best=15.9333
        [Trial 0] gen  240  evals= 8880  best=15.9333
        [Trial 0] gen  260  evals= 9620  best=15.9333
        [Trial 0] gen  280  evals=10360  best=13.9696
        [Trial 0] gen  300  evals=11100  best=12.8695
        [Done] Trial 0 best=12.8606
    --> Trial 1 | pop=59 seed=98137 x0_norm_min=-0.937 x0_norm_max=0.907
        [Trial 1] gen   20  evals= 1180  best=15.2192
        [Trial 1] gen   40  evals= 2360  best=15.2192
        [Trial 1] gen   60  evals= 3540  best=15.2192
        [Trial 1] gen   80  evals= 4720  best=15.2192
        [Trial 1] gen  100  evals= 5900  best=15.2192
        [Trial 1] gen  120  evals= 7080  best=15.2192
        [Trial 1] gen  140  evals= 8260  best=15.2192
        [Trial 1] gen  160  evals= 9440  best=15.2192
        [Trial 1] gen  180  evals=10620  best=15.2192
        [Trial 1] gen  200  evals=11800  best=15.2192
        [Done] Trial 1 best=15.2192
    --> Trial 2 | pop=42 seed=44964 x0_norm_min=-0.344 x0_norm_max=0.824
        [Pruned] Trial 2 at gen 15 (loss=18.7909)
    --> Trial 3 | pop=41 seed=49251 x0_norm_min=-0.797 x0_norm_max=0.622
        [Pruned] Trial 3 at gen 15 (loss=20.2982)
    --> Trial 4 | pop=52 seed=42897 x0_norm_min=-0.947 x0_norm_max=0.785
        [Pruned] Trial 4 at gen 15 (loss=16.2130)
    --> Trial 5 | pop=31 seed=55369 x0_norm_min=-0.748 x0_norm_max=0.981
        [Pruned] Trial 5 at gen 15 (loss=17.3472)
    --> Trial 6 | pop=51 seed=76165 x0_norm_min=-0.929 x0_norm_max=0.732
        [Pruned] Trial 6 at gen 15 (loss=18.5845)
    --> Trial 7 | pop=36 seed=21020 x0_norm_min=-0.779 x0_norm_max=0.922
        [Pruned] Trial 7 at gen 15 (loss=19.6403)
    --> Trial 8 | pop=60 seed=38660 x0_norm_min=-0.814 x0_norm_max=0.843
        [Pruned] Trial 8 at gen 15 (loss=18.0139)
    --> Trial 9 | pop=60 seed=77127 x0_norm_min=-0.955 x0_norm_max=0.770
        [Trial 9] gen   20  evals= 1200  best=16.5984
        [Trial 9] gen   40  evals= 2400  best=15.8548
        [Pruned] Trial 9 at gen 45 (loss=15.8548)
    --> Trial 10 | pop=30 seed=2178 x0_norm_min=-0.841 x0_norm_max=0.672
        [Pruned] Trial 10 at gen 15 (loss=19.7526)
    --> Trial 11 | pop=50 seed=97816 x0_norm_min=-0.781 x0_norm_max=0.859
        [Trial 11] gen   20  evals= 1000  best=15.6440
        [Trial 11] gen   40  evals= 2000  best=15.6440
        [Pruned] Trial 11 at gen 45 (loss=15.6440)
    --> Trial 12 | pop=45 seed=99733 x0_norm_min=-0.402 x0_norm_max=0.428
        [Pruned] Trial 12 at gen 15 (loss=19.1181)
    --> Trial 13 | pop=55 seed=77240 x0_norm_min=-0.863 x0_norm_max=0.955
        [Pruned] Trial 13 at gen 15 (loss=17.1010)
    --> Trial 14 | pop=46 seed=62096 x0_norm_min=-0.897 x0_norm_max=-0.091
        [Trial 14] gen   20  evals=  920  best=14.9213
        [Trial 14] gen   40  evals= 1840  best=14.9213
        [Trial 14] gen   60  evals= 2760  best=14.9213
        [Trial 14] gen   80  evals= 3680  best=14.9213
        [Trial 14] gen  100  evals= 4600  best=14.9213
        [Trial 14] gen  120  evals= 5520  best=14.9213
        [Trial 14] gen  140  evals= 6440  best=14.9213
        [Trial 14] gen  160  evals= 7360  best=14.9213
        [Trial 14] gen  180  evals= 8280  best=14.9213
        [Trial 14] gen  200  evals= 9200  best=14.9213
        [Trial 14] gen  220  evals=10120  best=14.9213
        [Trial 14] gen  240  evals=11040  best=14.9213
        [Trial 14] gen  260  evals=11960  best=14.9213
        [Trial 14] gen  280  evals=12880  best=14.9213
        [Trial 14] gen  300  evals=13800  best=14.9213
        [Trial 14] gen  320  evals=14720  best=14.9213
        [Trial 14] gen  340  evals=15640  best=14.9213
        [Trial 14] gen  360  evals=16560  best=14.9213
        [Done] Trial 14 best=14.9213
    --> Trial 15 | pop=37 seed=60821 x0_norm_min=-0.690 x0_norm_max=0.990
        [Pruned] Trial 15 at gen 15 (loss=19.3689)
    --> Trial 16 | pop=47 seed=62027 x0_norm_min=-0.776 x0_norm_max=0.982
        [Pruned] Trial 16 at gen 15 (loss=21.0691)
    --> Trial 17 | pop=36 seed=28480 x0_norm_min=-0.863 x0_norm_max=0.835
        [Pruned] Trial 17 at gen 15 (loss=17.6344)
    --> Trial 18 | pop=40 seed=68426 x0_norm_min=-0.933 x0_norm_max=0.907
        [Pruned] Trial 18 at gen 15 (loss=18.3763)
    --> Trial 19 | pop=46 seed=82465 x0_norm_min=-0.948 x0_norm_max=0.822
        [Pruned] Trial 19 at gen 15 (loss=19.2469)

  Winner: Trial 0, loss=12.860585 (833s)
    Restarts run: 20
    mu: 26.075609
    D_mu: 29.136391
    T0_mu: 31.310982
    Ly: 3.359802
    op_x: 0.803502
    op_y: 0.929520
    NMSE: 0.100607
  [Saved] random_IR_0049

============================================================
[50/50] random_IR_0050.npz
  GT loss: 23.547327
  terrain_mean=732.307800  early_threshold=30.280552  (alpha=0.0095)
  tolfun=3.69 tolfunhist=3.69  (frac=0.0052 of range=709)
    --> Trial 0 | pop=40 seed=88676 x0_norm_min=-0.944 x0_norm_max=0.730
        [Trial 0] gen   20  evals=  800  best=31.7708
        [Trial 0] gen   40  evals= 1600  best=29.5690
        [Trial 0] gen   60  evals= 2400  best=27.5994
        [Trial 0] gen   80  evals= 3200  best=27.5994
        [Trial 0] gen  100  evals= 4000  best=27.5994
        [Trial 0] gen  120  evals= 4800  best=27.5994
        [Trial 0] gen  140  evals= 5600  best=26.3728
        [Trial 0] gen  160  evals= 6400  best=26.3728
        [Trial 0] gen  180  evals= 7200  best=26.3728
        [Trial 0] gen  200  evals= 8000  best=25.3168
        [Trial 0] gen  220  evals= 8800  best=25.3168
        [Trial 0] gen  240  evals= 9600  best=25.3168
        [Trial 0] gen  260  evals=10400  best=25.3168
        [Done] Trial 0 best=25.3168
    --> Early stop triggered: trial 0 reached loss=25.316847 < 30.280552

  Winner: Trial 0, loss=25.316847 (60s)
    Restarts run: 1
    mu: 73.106075
    D_mu: 8.045123
    T0_mu: 11.985950
    Ly: 1.332825
    op_x: 0.999151
    op_y: 0.677843
    NMSE: 0.100889
  [Saved] random_IR_0050
