main_loss,sub_loss,lambda,input_len,n_fft,n_targets,monotonicity,autocorr_length,entropy,metamodel_r2,metamodel_slope,skewness,kurtosis,fdc_7d_global,fdc_6d_global,fdc_7d_q0,fdc_6d_q0,fdc_7d_q1,fdc_6d_q1,fdc_7d_q2,fdc_6d_q2,fdc_7d_q3,fdc_6d_q3,fdc_7d_q4,fdc_6d_q4
l1_stft,l1_cqt,0.25,4096,1024,20,0.6893939393939394,26.5,1.1322785622181861,0.1152839634786219,0.26165235520346686,1.1179146766662598,1.5992090702056885,0.09338345864661653,0.16917293233082706,0.11278195488721804,0.1533834586466165,0.06992481203007518,0.09022556390977443,0.029323308270676685,0.08721804511278194,0.08345864661654134,0.15639097744360902,0.1714285714285714,0.3586466165413534
l1_stft,l1_cqt,0.5,4096,1024,20,0.6893939393939394,26.75,1.1378025895412969,0.11795986981109921,0.26247522872211115,1.0924850106239319,1.5196971893310547,0.08,0.16962406015037593,0.11203007518796992,0.16466165413533831,0.06691729323308271,0.0819548872180451,0.029323308270676685,0.09022556390977443,0.05037593984962405,0.1601503759398496,0.14135338345864662,0.3511278195488722
l1_stft,l1_cqt,1.0,4096,1024,20,0.6818181818181819,26.5,1.1389398690425812,0.12187514604285424,0.26815611587657007,1.0391398668289185,1.4442191123962402,0.06812030075187969,0.15744360902255636,0.07894736842105263,0.14661654135338342,0.051127819548872175,0.08796992481203006,0.047368421052631574,0.07894736842105263,0.020300751879699243,0.16466165413533831,0.14285714285714285,0.3090225563909774
l1_stft,l1_cqt,0.25,4096,2048,20,0.6641414141414141,26.5,1.142510577078176,0.11887612475022426,0.3478070855622712,1.4400326013565063,2.0714943408966064,0.09278195488721803,0.1831578947368421,0.1601503759398496,0.19999999999999996,0.07142857142857142,0.13909774436090222,0.003759398496240601,0.08496240601503759,0.05263157894736842,0.16616541353383457,0.17593984962406012,0.3255639097744361
l1_stft,l1_cqt,0.5,4096,2048,20,0.6691919191919192,26.75,1.1453011698042954,0.12090201320724832,0.3516599732428811,1.4093869924545288,2.0231144428253174,0.08872180451127819,0.1822556390977444,0.14812030075187968,0.19398496240601504,0.06992481203007518,0.14060150375939848,0.005263157894736841,0.08796992481203007,0.05263157894736842,0.16315789473684209,0.1676691729323308,0.3255639097744361
l1_stft,l1_cqt,1.0,4096,2048,20,0.6767676767676767,26.75,1.14249410413781,0.12418862766617693,0.35936575833499773,1.3164617419242859,1.9279532432556152,0.08015037593984961,0.18030075187969924,0.1330827067669173,0.1857142857142857,0.057142857142857134,0.12406015037593984,0.012781954887218044,0.11804511278195487,0.047368421052631574,0.15037593984962405,0.15037593984962405,0.3233082706766917
l1_stft,l1_cqt,0.25,4096,4096,20,0.6590909090909091,28.75,1.1519170854899325,0.12498398535389951,0.5070696519028303,1.5528220534324646,2.335052728652954,0.0738345864661654,0.18496240601503758,0.14736842105263157,0.21804511278195488,0.06165413533834586,0.12406015037593984,-0.03909774436090225,0.09774436090225563,0.013533834586466164,0.15789473684210525,0.18571428571428572,0.3270676691729323
l1_stft,l1_cqt,0.5,4096,4096,20,0.6590909090909091,28.75,1.1516362085117064,0.1268750450873481,0.5111550808629433,1.5185492634773254,2.2879347801208496,0.07278195488721804,0.19037593984962403,0.14661654135338345,0.22255639097744362,0.05639097744360902,0.13533834586466165,-0.03834586466165413,0.08496240601503759,0.013533834586466165,0.1827067669172932,0.18571428571428572,0.32631578947368417
l1_stft,l1_cqt,1.0,4096,4096,20,0.6565656565656566,29.0,1.147852598253826,0.12901151582254186,0.5193260101977479,1.4562899470329285,2.195611000061035,0.07774436090225563,0.18601503759398494,0.15187969924812028,0.218796992481203,0.05563909774436089,0.13909774436090225,-0.03007518796992481,0.08796992481203006,0.013533834586466162,0.17218045112781954,0.1977443609022556,0.3120300751879699
l1_stft,l1_cqt,0.25,8192,1024,20,0.6590909090909091,26.25,1.1229006041214016,0.0929121631345255,0.1855222781881208,1.1168184876441956,1.0317962169647217,0.0769924812030075,0.1837593984962406,0.15488721804511274,0.11428571428571428,0.048120300751879695,0.07293233082706767,0.05037593984962406,0.17819548872180452,-0.013533834586466164,0.22030075187969922,0.14511278195488722,0.3330827067669173
l1_stft,l1_cqt,0.5,8192,1024,20,0.6565656565656566,26.0,1.1213665920882177,0.09507772028391892,0.19469323483792414,1.0663344860076904,0.9071522951126099,0.09037593984962405,0.18857142857142856,0.1827067669172932,0.175187969924812,0.05563909774436089,0.09248120300751879,0.05263157894736841,0.15338345864661654,0.012030075187969924,0.20751879699248119,0.14887218045112782,0.3142857142857143
l1_stft,l1_cqt,1.0,8192,1024,20,0.6565656565656566,27.25,1.1259572740643156,0.09752973878248418,0.2130351499183653,0.9180037081241608,0.7276427745819092,0.09293233082706767,0.18045112781954886,0.1631578947368421,0.19172932330827064,0.04962406015037593,0.10375939849624059,0.06541353383458647,0.11052631578947368,-0.0022556390977443606,0.2037593984962406,0.18872180451127818,0.2924812030075188
l1_stft,l1_cqt,0.25,8192,2048,20,0.6717171717171717,27.5,1.1281082002753884,0.08799788826961441,0.2605966940755593,1.286871612071991,1.5992066860198975,0.09323308270676692,0.18270676691729323,0.1406015037593985,0.14060150375939848,0.1233082706766917,0.13157894736842105,-0.017293233082706763,0.11954887218045111,0.02631578947368421,0.23082706766917294,0.19323308270676692,0.29097744360902256
l1_stft,l1_cqt,0.5,8192,2048,20,0.6641414141414141,27.5,1.1364340032427116,0.08862987584128758,0.26380362185803763,1.2251856923103333,1.3357219696044922,0.09578947368421051,0.17729323308270675,0.12706766917293233,0.15563909774436088,0.11879699248120301,0.11954887218045113,-0.010526315789473682,0.10300751879699248,0.021804511278195486,0.218796992481203,0.22180451127819548,0.28947368421052627
l1_stft,l1_cqt,1.0,8192,2048,20,0.6565656565656566,24.5,1.1299978394985408,0.09689501763210151,0.27021751719430775,1.1508060693740845,0.9529449939727783,0.09699248120300752,0.1676691729323308,0.12631578947368421,0.09924812030075188,0.08045112781954887,0.1383458646616541,-0.018045112781954885,0.11278195488721804,0.054887218045112776,0.2045112781954887,0.2413533834586466,0.2834586466165413
l1_stft,l1_cqt,0.25,8192,4096,20,0.6590909090909091,27.25,1.1435234424127159,0.0991858659638679,0.36665130473823404,1.4051461219787598,1.7245540618896484,0.09398496240601503,0.15172932330827066,0.1601503759398496,0.12180451127819547,0.05187969924812029,0.11954887218045113,-0.02781954887218045,0.034586466165413526,0.05338345864661653,0.16917293233082703,0.23233082706766917,0.3135338345864661
l1_stft,l1_cqt,0.5,8192,4096,20,0.6590909090909091,25.25,1.1518479488337228,0.09924906433447556,0.37057420968479965,1.3569405674934387,1.4906389713287354,0.0969924812030075,0.15157894736842104,0.15413533834586463,0.13308270676691727,0.07443609022556391,0.13458646616541353,-0.016541353383458645,0.024060150375939844,0.047368421052631574,0.15864661654135337,0.22556390977443608,0.3075187969924812
l1_stft,l1_cqt,1.0,8192,4096,20,0.6515151515151516,24.25,1.14539585565114,0.10093605242579054,0.3793371983160727,1.262328326702118,1.261821985244751,0.1051127819548872,0.1481203007518797,0.1639097744360902,0.14962406015037594,0.06466165413533834,0.1263157894736842,0.0,-0.007518796992481202,0.07518796992481203,0.1601503759398496,0.2218045112781955,0.3120300751879699
l1_stft,l1_cqt,0.25,16384,1024,20,0.6287878787878788,20.25,1.1071970984403863,0.09418308309366372,0.15398318320482768,0.9972140491008759,0.7700070142745972,0.0762406015037594,0.15894736842105261,0.17368421052631577,0.18496240601503755,0.03759398496240601,0.09849624060150375,0.027819548872180452,0.11879699248120301,-0.039097744360902256,0.12030075187969924,0.18120300751879698,0.2721804511278195
l1_stft,l1_cqt,0.5,16384,1024,20,0.6287878787878788,21.25,1.1090762973188246,0.09925616978247352,0.16286264239192164,0.8900996148586273,0.37651073932647705,0.08646616541353383,0.15909774436090224,0.1827067669172932,0.15037593984962405,0.03759398496240601,0.1308270676691729,0.05187969924812029,0.15112781954887217,-0.012030075187969924,0.09699248120300752,0.17218045112781954,0.2661654135338346
l1_stft,l1_cqt,1.0,16384,1024,20,0.6212121212121212,22.5,1.1167464766150674,0.10504882337437255,0.17935344080744814,0.7997680306434631,0.12480700016021729,0.09654135338345864,0.1469172932330827,0.2195488721804511,0.16616541353383457,0.012781954887218044,0.10676691729323308,0.07067669172932331,0.137593984962406,0.005263157894736841,0.07142857142857141,0.1744360902255639,0.25263157894736843
l1_stft,l1_cqt,0.25,16384,2048,20,0.6388888888888888,21.75,1.1282534932681805,0.08050385415598357,0.20025594460783763,1.1148521900177002,0.9651082754135132,0.0902255639097744,0.16962406015037593,0.20526315789473681,0.13684210526315788,0.09323308270676692,0.14060150375939848,-0.03458646616541353,0.16466165413533834,0.007518796992481202,0.14135338345864662,0.17969924812030072,0.2646616541353383
l1_stft,l1_cqt,0.5,16384,2048,20,0.6363636363636364,22.25,1.1184081463971536,0.08904292157261903,0.20848721280160704,1.050565481185913,0.8235137462615967,0.08902255639097743,0.16992481203007517,0.19398496240601498,0.15187969924812028,0.060902255639097735,0.13007518796992482,-0.02781954887218045,0.19999999999999998,0.018045112781954885,0.10827067669172932,0.2,0.2593984962406015
l1_stft,l1_cqt,1.0,16384,2048,20,0.6313131313131313,24.5,1.1165159141199483,0.10095758149295958,0.2249497780314832,0.9449170529842377,0.5282634496688843,0.09774436090225562,0.16721804511278196,0.2007518796992481,0.1330827067669173,0.024060150375939848,0.137593984962406,0.037593984962406006,0.18496240601503755,0.013533834586466164,0.11052631578947367,0.21278195488721802,0.2699248120300752
l1_stft,l1_cqt,0.25,16384,4096,20,0.643939393939394,28.0,1.1321083426801624,0.09638012938511191,0.2836729363200504,1.2201915979385376,0.9454300403594971,0.08015037593984961,0.1699248120300752,0.17368421052631577,0.15864661654135337,0.019548872180451128,0.12406015037593984,-0.018796992481203003,0.15864661654135337,0.010526315789473682,0.137593984962406,0.21578947368421048,0.2706766917293233
l1_stft,l1_cqt,0.5,16384,4096,20,0.6464646464646465,26.75,1.1260284150571742,0.10035880966905314,0.2918547232170623,1.1379032135009766,0.810025691986084,0.08586466165413532,0.1649624060150376,0.19548872180451124,0.14210526315789473,0.025563909774436087,0.10902255639097744,-0.0007518796992481203,0.16541353383458646,0.024060150375939844,0.1195488721804511,0.18496240601503755,0.28872180451127816
l1_stft,l1_cqt,1.0,16384,4096,20,0.6313131313131314,25.25,1.125983979533352,0.1106803561384831,0.30821832450220304,1.037700593471527,0.6373645067214966,0.08766917293233083,0.15488721804511277,0.19849624060150375,0.08796992481203006,0.014285714285714284,0.1263157894736842,0.016541353383458645,0.14285714285714285,0.024812030075187966,0.12406015037593984,0.18421052631578946,0.29323308270676685
l1_stft,waveform_l2,0.25,4096,1024,20,0.6994949494949495,26.75,1.1299890490959192,0.11113168182269392,0.2599322577103408,0.9445541799068451,1.233386516571045,0.10812030075187969,0.15473684210526314,0.17293233082706766,0.16917293233082703,0.03533834586466165,0.06315789473684211,0.0030075187969924796,0.08646616541353383,0.11729323308270675,0.10375939849624059,0.2120300751879699,0.3511278195488722
l1_stft,waveform_l2,0.5,4096,1024,20,0.7045454545454546,24.0,1.1427851317830844,0.10965476366093971,0.2590350220106259,0.5754605233669281,0.6372100114822388,0.09097744360902255,0.1270676691729323,0.15639097744360902,0.1323308270676692,0.060902255639097735,0.03684210526315789,0.006015037593984959,0.05338345864661654,0.10225563909774435,0.08120300751879697,0.12932330827067667,0.33157894736842103
l1_stft,waveform_l2,1.0,4096,1024,20,0.7146464646464646,23.25,1.1276667366710558,0.08995318377251971,0.2791693272765109,0.3102389872074127,0.06568694114685059,0.07112781954887218,0.09082706766917292,0.16842105263157892,0.09398496240601503,0.009774436090225562,0.02330827067669173,-0.06466165413533834,0.06315789473684211,0.1150375939849624,0.04511278195488721,0.12706766917293233,0.22857142857142854
l1_stft,waveform_l2,0.25,4096,2048,20,0.6792929292929293,29.25,1.1346484207298673,0.11956036892540642,0.3398417276902494,1.2893191576004028,1.8480963706970215,0.10857142857142857,0.17879699248120298,0.17969924812030075,0.23909774436090225,0.06541353383458645,0.11127819548872178,-0.009774436090225564,0.09097744360902255,0.09172932330827067,0.13233082706766913,0.21578947368421053,0.3203007518796992
l1_stft,waveform_l2,0.5,4096,2048,20,0.6893939393939394,27.75,1.1476595774864962,0.12019898532951062,0.3343795775757219,1.065980076789856,1.483175277709961,0.11157894736842104,0.15924812030075186,0.17819548872180446,0.20601503759398493,0.10225563909774435,0.13834586466165413,-0.03157894736842105,0.1,0.10827067669172931,0.07368421052631578,0.20075187969924813,0.2781954887218045
l1_stft,waveform_l2,1.0,4096,2048,20,0.7121212121212122,27.0,1.1372142545077846,0.10520689715473408,0.3511567302300798,0.6624152958393097,0.5652804374694824,0.07699248120300752,0.12150375939849622,0.13233082706766916,0.12330827067669173,0.030827067669172925,0.06616541353383458,-0.05263157894736842,0.06466165413533834,0.10751879699248118,0.08571428571428569,0.16691729323308271,0.26766917293233083
l1_stft,waveform_l2,0.25,4096,4096,20,0.6666666666666666,28.75,1.155968739262764,0.12834754717457572,0.49887175386327054,1.4985740184783936,2.2380764484405518,0.09097744360902256,0.19052631578947365,0.15639097744360902,0.20827067669172927,0.04586466165413533,0.1300751879699248,-0.027819548872180452,0.08646616541353383,0.051127819548872175,0.17669172932330823,0.22932330827067668,0.3511278195488722
l1_stft,waveform_l2,0.5,4096,4096,20,0.6767676767676767,27.25,1.1430328170521717,0.1305235680676995,0.46745290157572783,1.3117737174034119,2.023183822631836,0.09669172932330825,0.18195488721804512,0.16992481203007517,0.17518796992481203,0.060902255639097735,0.09699248120300752,-0.021804511278195486,0.14285714285714285,0.04511278195488721,0.1548872180451128,0.22932330827067665,0.33984962406015035
l1_stft,waveform_l2,1.0,4096,4096,20,0.6868686868686869,24.25,1.1412365102950504,0.11125630513015256,0.4367853699874331,1.0433688759803772,1.085416316986084,0.08962406015037593,0.14902255639097745,0.16992481203007515,0.15187969924812028,0.048120300751879695,0.10375939849624059,-0.03909774436090225,0.13909774436090225,0.06390977443609022,0.08872180451127819,0.20526315789473681,0.2616541353383458
l1_stft,waveform_l2,0.25,8192,1024,20,0.6691919191919191,25.25,1.11442802761732,0.08661782529801035,0.17102672329698243,0.8982448875904083,0.7765069007873535,0.06796992481203008,0.16105263157894736,0.21654135338345867,0.10902255639097744,-0.004511278195488721,0.054887218045112776,-0.0037593984962406013,0.0706766917293233,0.017293233082706763,0.2233082706766917,0.11428571428571427,0.34736842105263155
l1_stft,waveform_l2,0.5,8192,1024,20,0.6691919191919191,25.0,1.1254862577702012,0.08801565387751217,0.1750418097177765,0.5782431364059448,0.4181854724884033,0.07248120300751879,0.1514285714285714,0.19999999999999998,0.10751879699248121,-0.017293233082706763,0.08571428571428572,0.03984962406015038,0.0857142857142857,0.023308270676691726,0.16541353383458646,0.11654135338345864,0.31278195488721805
l1_stft,waveform_l2,1.0,8192,1024,20,0.6717171717171717,23.5,1.1092211784488737,0.08244704524090807,0.17401303107083937,0.2336069792509079,0.015056252479553223,0.0869172932330827,0.11563909774436087,0.23684210526315785,0.09473684210526315,0.03609022556390977,0.0744360902255639,0.04962406015037594,0.012781954887218045,0.05639097744360902,0.1270676691729323,0.0556390977443609,0.269172932330827
l1_stft,waveform_l2,0.25,8192,2048,20,0.6843434343434344,26.0,1.130063811802977,0.08942196265694,0.2435864427744324,1.2206677198410034,1.4926722049713135,0.09488721804511277,0.1855639097744361,0.1969924812030075,0.16165413533834586,0.07744360902255638,0.10827067669172931,0.012781954887218044,0.10300751879699246,0.03609022556390977,0.2578947368421053,0.15112781954887217,0.2969924812030075
l1_stft,waveform_l2,0.5,8192,2048,20,0.6868686868686869,25.5,1.1302437394509348,0.0939278742727206,0.2297831602407739,0.9736375212669373,0.9628638029098511,0.09067669172932329,0.16962406015037595,0.1827067669172932,0.13609022556390976,0.07669172932330827,0.11428571428571427,0.04210526315789473,0.10075187969924812,0.03834586466165413,0.2112781954887218,0.11353383458646617,0.2857142857142857
l1_stft,waveform_l2,1.0,8192,2048,20,0.6868686868686869,26.25,1.1189288189733992,0.10028642103658428,0.22571716998781358,0.5191033631563187,0.2912600040435791,0.08285714285714285,0.12135338345864662,0.15338345864661654,0.10827067669172931,0.035338345864661655,0.11954887218045113,0.030827067669172932,0.03834586466165413,0.061654135338345864,0.14962406015037594,0.13308270676691727,0.19097744360902252
l1_stft,waveform_l2,0.25,8192,4096,20,0.6691919191919192,27.5,1.1323969104580338,0.10734410377653363,0.35322497013734766,1.354593575000763,1.6629259586334229,0.10556390977443608,0.15157894736842104,0.22781954887218045,0.10977443609022555,0.06917293233082705,0.1007518796992481,-0.041353383458646614,0.06165413533834586,0.06992481203007518,0.1819548872180451,0.20225563909774436,0.30375939849624056
l1_stft,waveform_l2,0.5,8192,4096,20,0.6767676767676768,27.0,1.1362947794942397,0.11055096425389788,0.34463867710502116,1.2738076448440552,1.360180377960205,0.12390977443609019,0.1777443609022556,0.2969924812030075,0.14360902255639096,0.04586466165413534,0.14661654135338342,0.018045112781954885,0.08646616541353383,0.06165413533834586,0.2082706766917293,0.1969924812030075,0.30375939849624056
l1_stft,waveform_l2,1.0,8192,4096,20,0.6818181818181819,26.75,1.128046060922899,0.11296657889,0.3274661249291164,0.95278000831604,0.9879924058914185,0.1255639097744361,0.16541353383458643,0.2421052631578947,0.12857142857142856,0.028571428571428564,0.13984962406015033,0.0669172932330827,0.08345864661654134,0.08045112781954886,0.22105263157894733,0.20977443609022556,0.25413533834586466
l1_stft,waveform_l2,0.25,16384,1024,20,0.6313131313131313,19.25,1.109173965541598,0.07129842715784009,0.12236304957058813,0.8300663828849792,0.953210711479187,0.06646616541353383,0.1488721804511278,0.16992481203007517,0.13909774436090225,0.05864661654135338,0.10225563909774435,0.05037593984962406,0.060902255639097735,-0.040601503759398486,0.118796992481203,0.09398496240601503,0.32330827067669166
l1_stft,waveform_l2,0.5,16384,1024,20,0.643939393939394,19.25,1.1092240780917786,0.07401026758155502,0.11436880964585774,0.589381605386734,0.6698607206344604,0.061203007518796995,0.16015037593984963,0.1481203007518797,0.09022556390977443,0.07368421052631578,0.11879699248120301,0.06541353383458645,0.09548872180451128,-0.05639097744360902,0.13533834586466165,0.07518796992481203,0.36090225563909767
l1_stft,waveform_l2,1.0,16384,1024,20,0.6414141414141414,18.5,1.1022176657385334,0.054820083675266695,0.11591002975112716,0.2631327509880066,0.21524810791015625,0.06616541353383458,0.1318796992481203,0.15639097744360902,0.0593984962406015,0.050375939849624046,0.10601503759398495,0.10977443609022555,0.09774436090225563,-0.017293233082706763,0.0962406015037594,0.03157894736842105,0.3
l1_stft,waveform_l2,0.25,16384,2048,20,0.6414141414141414,22.0,1.1278694950373045,0.07307018338479392,0.17663392983663379,1.126691997051239,1.0758144855499268,0.07563909774436091,0.1676691729323308,0.21729323308270676,0.10601503759398495,0.07368421052631578,0.1308270676691729,-0.06015037593984962,0.15037593984962405,-0.012781954887218044,0.18796992481203006,0.16015037593984963,0.26315789473684204
l1_stft,waveform_l2,0.5,16384,2048,20,0.6515151515151516,21.25,1.1118266040433329,0.06496701793097431,0.16124320438005854,0.954378604888916,0.8756957054138184,0.08210526315789474,0.15308270676691726,0.218796992481203,0.05338345864661653,0.1007518796992481,0.09849624060150375,-0.018796992481203006,0.13157894736842105,-0.03308270676691729,0.1864661654135338,0.14285714285714285,0.29548872180451125
l1_stft,waveform_l2,1.0,16384,2048,20,0.6565656565656566,19.5,1.1112184941644527,0.06601120535837887,0.15452046148216433,0.42941156029701233,0.4221947193145752,0.06541353383458645,0.14030075187969926,0.15037593984962405,0.05263157894736842,0.09699248120300752,0.13458646616541353,0.014285714285714287,0.03609022556390977,0.0030075187969924805,0.1533834586466165,0.06240601503759398,0.324812030075188
l1_stft,waveform_l2,0.25,16384,4096,20,0.648989898989899,27.0,1.1259702433795251,0.09808744323177773,0.2601004087486791,1.1929320693016052,1.0960097312927246,0.08150375939849623,0.16646616541353382,0.2007518796992481,0.13082706766917293,0.04210526315789473,0.12631578947368421,-0.06240601503759398,0.15037593984962405,0.041353383458646614,0.14812030075187968,0.18571428571428572,0.2766917293233082
l1_stft,waveform_l2,0.5,16384,4096,20,0.6616161616161617,25.75,1.1255548165838163,0.10035667009482481,0.24470969110238822,1.0754289031028748,0.9371576309204102,0.09172932330827069,0.15939849624060148,0.21654135338345865,0.1300751879699248,0.05037593984962406,0.11729323308270675,-0.017293233082706763,0.13834586466165413,0.031578947368421054,0.13383458646616542,0.1774436090225564,0.2774436090225564
l1_stft,waveform_l2,1.0,16384,4096,20,0.6616161616161615,21.5,1.123326796363564,0.09503080607384973,0.2227976768160017,0.7928246259689331,0.5670658349990845,0.09052631578947368,0.14210526315789473,0.18345864661654132,0.10601503759398495,0.044360902255639094,0.10451127819548871,0.017293233082706767,0.045112781954887216,0.02932330827067669,0.13609022556390976,0.1781954887218045,0.31879699248120297
l1_stft,waveform_l1,0.25,4096,1024,20,0.6944444444444444,25.75,1.1371875910456795,0.11024600159990625,0.26683857359466556,0.9518128931522369,1.1671419143676758,0.1100751879699248,0.15503759398496236,0.16240601503759394,0.1526315789473684,0.06541353383458647,0.0744360902255639,-0.0037593984962406013,0.07669172932330826,0.12481203007518797,0.12932330827067667,0.2015037593984962,0.3421052631578947
l1_stft,waveform_l1,0.5,4096,1024,20,0.702020202020202,25.5,1.132744519283455,0.10943716125867424,0.2794428513188531,0.7282082736492157,0.7121706008911133,0.096390977443609,0.14075187969924813,0.1571428571428571,0.15789473684210525,0.03308270676691729,0.04586466165413533,0.015037593984962407,0.06240601503759398,0.08796992481203006,0.10827067669172932,0.18872180451127818,0.3293233082706767
l1_stft,waveform_l1,1.0,4096,1024,20,0.696969696969697,26.0,1.1347922125426237,0.10241586729027038,0.2920987662903587,0.32260961830616,0.14767217636108398,0.0906766917293233,0.11353383458646613,0.12706766917293233,0.1112781954887218,0.016541353383458645,0.021804511278195486,0.0330827067669173,0.04436090225563909,0.09323308270676692,0.0706766917293233,0.18345864661654132,0.3195488721804511
l1_stft,waveform_l1,0.25,4096,2048,20,0.6767676767676768,28.25,1.1348844509051337,0.11881601673194933,0.34338668128096206,1.267918050289154,1.8682539463043213,0.11819548872180448,0.1813533834586466,0.17669172932330823,0.22180451127819545,0.0932330827067669,0.10601503759398495,0.0015037593984962403,0.09924812030075188,0.08796992481203006,0.14661654135338345,0.23157894736842102,0.3330827067669173
l1_stft,waveform_l1,0.5,4096,2048,20,0.6868686868686869,28.0,1.1450289593428322,0.11965031631856943,0.34281918068150896,1.0730237364768982,1.5766963958740234,0.12225563909774435,0.1657142857142857,0.1969924812030075,0.20977443609022556,0.08045112781954886,0.11353383458646615,-0.0037593984962406013,0.08270676691729323,0.09849624060150375,0.10977443609022555,0.23909774436090225,0.312781954887218
l1_stft,waveform_l1,1.0,4096,2048,20,0.702020202020202,27.0,1.1368630718286479,0.11702113580851953,0.3599926709563184,0.6316198110580444,0.8778271675109863,0.09909774436090224,0.1518796992481203,0.16466165413533831,0.15037593984962402,0.03834586466165413,0.10977443609022555,-0.016541353383458645,0.06541353383458645,0.09699248120300752,0.11428571428571427,0.2120300751879699,0.31954887218045114
l1_stft,waveform_l1,0.25,4096,4096,20,0.6691919191919191,29.0,1.1479537710910936,0.12950484611353938,0.502416705406378,1.5129084587097168,2.248605489730835,0.08812030075187968,0.198796992481203,0.1571428571428571,0.22556390977443608,0.0481203007518797,0.14436090225563908,-0.03007518796992481,0.11278195488721804,0.04135338345864661,0.17067669172932332,0.22406015037593985,0.34060150375939846
l1_stft,waveform_l1,0.5,4096,4096,20,0.6818181818181819,28.0,1.1552632339958255,0.13151649859049286,0.5012468376820995,1.425761640071869,2.0766873359680176,0.09714285714285711,0.18842105263157893,0.16466165413533831,0.20601503759398496,0.035338345864661655,0.09624060150375939,-0.008270676691729324,0.13007518796992482,0.05413533834586466,0.17669172932330823,0.2398496240601503,0.3330827067669173
l1_stft,waveform_l1,1.0,4096,4096,20,0.6919191919191919,27.5,1.1471594612218579,0.12997559932229685,0.4660077199063848,1.0901915431022644,1.660266637802124,0.10030075187969922,0.16676691729323306,0.15864661654135337,0.14135338345864662,0.06466165413533834,0.11052631578947367,-0.010526315789473684,0.11654135338345864,0.07218045112781954,0.1300751879699248,0.2165413533834586,0.33533834586466166
l1_stft,waveform_l1,0.25,8192,1024,20,0.6641414141414141,25.75,1.1142066524545444,0.08982286975607595,0.17333682574739936,0.9338992238044739,0.7765539884567261,0.08345864661654134,0.16751879699248118,0.21804511278195488,0.11654135338345863,0.019548872180451125,0.09398496240601503,-0.012030075187969924,0.07293233082706765,0.03458646616541353,0.20827067669172933,0.1571428571428571,0.34586466165413526
l1_stft,waveform_l1,0.5,8192,1024,20,0.6717171717171717,24.75,1.1143690967209534,0.0864559440923852,0.1804062324700743,0.6035171747207642,0.43300163745880127,0.0869172932330827,0.15097744360902254,0.20827067669172927,0.08796992481203006,0.009774436090225564,0.08721804511278194,0.0,0.04812030075187969,0.029323308270676685,0.18646616541353384,0.18721804511278195,0.3451127819548872
l1_stft,waveform_l1,1.0,8192,1024,20,0.6792929292929293,25.0,1.1257337470795108,0.08132698909283625,0.19365133766700637,0.2759176716208458,0.019962430000305176,0.0849624060150376,0.12962406015037592,0.25112781954887214,0.08872180451127819,0.012781954887218044,0.10601503759398495,0.021804511278195486,0.003007518796992481,0.057894736842105256,0.137593984962406,0.08120300751879699,0.31278195488721805
l1_stft,waveform_l1,0.25,8192,2048,20,0.6818181818181819,26.75,1.139414965815783,0.08922903781058752,0.25167801206408413,1.2487547397613525,1.5588417053222656,0.09849624060150375,0.18090225563909773,0.18872180451127818,0.16466165413533831,0.08721804511278194,0.10526315789473684,0.016541353383458645,0.09097744360902255,0.026315789473684206,0.24661654135338343,0.17368421052631577,0.2969924812030075
l1_stft,waveform_l1,0.5,8192,2048,20,0.6843434343434344,25.5,1.138556750457234,0.09208429906882781,0.2459663097168432,1.0288835763931274,1.0165657997131348,0.09353383458646616,0.1705263157894737,0.20526315789473681,0.1150375939849624,0.07443609022556391,0.09172932330827067,0.0022556390977443615,0.08270676691729323,0.02932330827067669,0.2601503759398496,0.15639097744360902,0.30300751879699245
l1_stft,waveform_l1,1.0,8192,2048,20,0.6893939393939394,27.25,1.1321519346767381,0.09659113021674784,0.2461122596451052,0.6102662682533264,0.44214022159576416,0.09082706766917292,0.1463157894736842,0.19548872180451127,0.11503759398496238,0.028571428571428567,0.11729323308270675,0.023308270676691726,0.054887218045112776,0.04586466165413534,0.1857142857142857,0.16090225563909774,0.25864661654135335
l1_stft,waveform_l1,0.25,8192,4096,20,0.6742424242424243,27.25,1.1390942435123192,0.10648234508519744,0.3593926768671719,1.3657538294792175,1.6684939861297607,0.10616541353383457,0.15052631578947367,0.22406015037593985,0.10827067669172931,0.06992481203007518,0.09849624060150375,-0.03308270676691729,0.054887218045112776,0.06090225563909774,0.18045112781954886,0.20902255639097744,0.31052631578947365
l1_stft,waveform_l1,0.5,8192,4096,20,0.6742424242424242,27.25,1.1350194040815118,0.10953582331521186,0.3569740800321497,1.2850085496902466,1.4161391258239746,0.12345864661654135,0.1649624060150376,0.29172932330827067,0.10150375939849622,0.05639097744360902,0.1398496240601504,0.02932330827067669,0.07593984962406014,0.05639097744360902,0.1969924812030075,0.18345864661654132,0.31052631578947365
l1_stft,waveform_l1,1.0,8192,4096,20,0.6919191919191919,27.25,1.136480338930644,0.11618433353890983,0.3521369156478459,0.9982258677482605,1.0612459182739258,0.1162406015037594,0.17488721804511279,0.24962406015037591,0.10977443609022555,0.007518796992481203,0.14586466165413534,0.047368421052631574,0.09473684210526315,0.09022556390977443,0.23233082706766917,0.1864661654135338,0.29172932330827067
l1_stft,waveform_l1,0.25,16384,1024,20,0.6363636363636364,19.25,1.109253668033988,0.07445689634326985,0.12389936532362933,0.8440751433372498,0.9675838947296143,0.06526315789473684,0.1532330827067669,0.14962406015037594,0.1639097744360902,0.07293233082706765,0.0781954887218045,0.04661654135338345,0.07443609022556391,-0.04586466165413534,0.1308270676691729,0.10300751879699248,0.31879699248120297
l1_stft,waveform_l1,0.5,16384,1024,20,0.638888888888889,19.0,1.1043582847980353,0.07442096633361171,0.1229869252023712,0.5595497190952301,0.6792322397232056,0.06526315789473684,0.1476691729323308,0.1451127819548872,0.10751879699248118,0.07894736842105263,0.09624060150375939,0.06015037593984962,0.05187969924812029,-0.06165413533834586,0.1308270676691729,0.1037593984962406,0.3518796992481203
l1_stft,waveform_l1,1.0,16384,1024,20,0.6363636363636364,18.0,1.0971613398862352,0.0695120923082097,0.12032214073698141,0.2327449694275856,0.23336756229400635,0.062406015037593986,0.14090225563909775,0.15563909774436088,0.10225563909774435,0.03007518796992481,0.10977443609022555,0.10977443609022555,0.0744360902255639,-0.025563909774436087,0.09022556390977443,0.042105263157894736,0.32781954887218046
l1_stft,waveform_l1,0.25,16384,2048,20,0.6414141414141414,21.75,1.123717634509641,0.07500744740570225,0.18184376403090913,1.126606047153473,1.0707507133483887,0.07278195488721803,0.16616541353383457,0.19548872180451124,0.10075187969924812,0.09172932330827066,0.12857142857142856,-0.05563909774436089,0.14736842105263157,-0.027067669172932324,0.1819548872180451,0.15939849624060148,0.2721804511278195
l1_stft,waveform_l1,0.5,16384,2048,20,0.6565656565656566,22.0,1.1188990986922456,0.06439818964065759,0.17166288712232625,0.9351601004600525,0.9197045564651489,0.08556390977443609,0.14977443609022556,0.20827067669172933,0.06541353383458647,0.09022556390977443,0.10451127819548872,-0.03533834586466165,0.09022556390977442,-0.007518796992481202,0.1819548872180451,0.17218045112781954,0.306766917293233
l1_stft,waveform_l1,1.0,16384,2048,20,0.6540404040404041,19.5,1.1116977560004182,0.0650400376266212,0.1635692185501854,0.519094854593277,0.45609915256500244,0.07909774436090225,0.14045112781954888,0.1473684210526316,0.06541353383458645,0.12030075187969924,0.10225563909774435,0.04586466165413533,0.017293233082706763,-0.02857142857142857,0.18721804511278195,0.11052631578947368,0.33007518796992485
l1_stft,waveform_l1,0.25,16384,4096,20,0.648989898989899,27.0,1.13059353060422,0.09980457300073703,0.26531023668953985,1.1891974210739136,1.1108007431030273,0.08616541353383458,0.16421052631578947,0.19624060150375938,0.12481203007518797,0.05112781954887218,0.12481203007518796,-0.054135338345864654,0.15187969924812028,0.02932330827067669,0.14210526315789473,0.20827067669172933,0.2774436090225564
l1_stft,waveform_l1,0.5,16384,4096,20,0.6565656565656566,26.0,1.1345594503989762,0.10010118494047135,0.2551293556239821,1.0788789987564087,0.971356987953186,0.09233082706766918,0.15714285714285714,0.20751879699248119,0.118796992481203,0.047368421052631574,0.11203007518796991,-0.015037593984962403,0.14210526315789473,0.030075187969924807,0.137593984962406,0.19172932330827067,0.275187969924812
l1_stft,waveform_l1,1.0,16384,4096,20,0.6666666666666667,21.25,1.1278674862577138,0.09140762717235587,0.23802698038139752,0.8206759393215179,0.654879093170166,0.08481203007518796,0.156390977443609,0.175187969924812,0.12406015037593983,0.03834586466165413,0.09999999999999998,-0.006766917293233083,0.07894736842105263,0.03684210526315789,0.1669172932330827,0.18045112781954886,0.3120300751879699
l1_stft,group_delay,0.25,4096,1024,20,0.6186868686868687,16.25,1.0970464240640663,0.09929591753888192,0.28054580740762214,0.5624347031116486,0.7199361324310303,0.08165413533834585,0.1526315789473684,0.17819548872180452,0.16240601503759397,-0.0406015037593985,0.07518796992481203,0.006766917293233082,0.06240601503759398,0.05563909774436089,0.14210526315789473,0.20827067669172927,0.3210526315789473
l1_stft,group_delay,0.5,4096,1024,20,0.5858585858585859,9.75,1.084068621757702,0.0752877999599564,0.2878485699796587,0.022960069589316845,0.013071537017822266,0.06481203007518796,0.13338345864661655,0.12481203007518796,0.17293233082706766,-0.09999999999999999,0.060150375939849614,0.011278195488721804,0.040601503759398486,0.0518796992481203,0.09849624060150375,0.23609022556390974,0.29473684210526313
l1_stft,group_delay,1.0,4096,1024,20,0.5757575757575758,6.0,1.075507228637303,0.048436735454372715,0.3519424155511538,-0.36869658529758453,-0.1078498363494873,0.03924812030075188,0.09218045112781953,0.08120300751879699,0.16917293233082703,-0.07969924812030074,0.02330827067669173,-0.05563909774436089,0.06015037593984962,0.05864661654135338,0.017293233082706767,0.19172932330827067,0.19097744360902252
l1_stft,group_delay,0.25,4096,2048,20,0.6262626262626263,21.75,1.1142833057925887,0.12197475204924348,0.3979293458996934,0.9341951012611389,1.4478607177734375,0.09984962406015037,0.15864661654135337,0.2045112781954887,0.14436090225563908,0.021052631578947364,0.08421052631578946,0.016541353383458645,0.09248120300751879,0.07368421052631577,0.12781954887218044,0.18345864661654135,0.3443609022556391
l1_stft,group_delay,0.5,4096,2048,20,0.6111111111111112,17.0,1.1066982694170404,0.10988046870479934,0.46263439960964114,0.4462393969297409,0.5062673091888428,0.09022556390977443,0.12736842105263158,0.1639097744360902,0.12857142857142856,0.0030075187969924805,0.07218045112781954,0.034586466165413526,0.09172932330827066,0.06917293233082705,0.06917293233082705,0.18045112781954886,0.275187969924812
l1_stft,group_delay,1.0,4096,2048,20,0.5984848484848484,10.75,1.0858794418078466,0.09078528910264352,0.566724501038208,-0.10272391885519028,-0.17076611518859863,0.06526315789473684,0.11248120300751878,0.17593984962406015,0.16466165413533831,-0.047368421052631574,0.05864661654135338,0.014285714285714284,0.09022556390977443,0.06466165413533834,0.023308270676691722,0.11879699248120301,0.22556390977443608
l1_stft,group_delay,0.25,4096,4096,20,0.6338383838383839,25.25,1.1283423799826757,0.1377291328676707,0.5136141627104728,1.2680174708366394,1.6879546642303467,0.09142857142857144,0.16526315789473683,0.22030075187969922,0.19323308270676692,-0.017293233082706763,0.054887218045112776,0.012030075187969926,0.13082706766917293,0.060902255639097735,0.13157894736842102,0.181203007518797,0.3157894736842105
l1_stft,group_delay,0.5,4096,4096,20,0.6186868686868687,21.5,1.1207762689639575,0.13391466959750697,0.5651421031827657,0.8377798497676849,1.0735020637512207,0.0869172932330827,0.14796992481203003,0.20977443609022556,0.19999999999999996,-0.051879699248120296,0.051127819548872175,0.029323308270676692,0.10751879699248118,0.0781954887218045,0.11578947368421051,0.16917293233082709,0.26541353383458643
l1_stft,group_delay,1.0,4096,4096,20,0.5959595959595959,19.5,1.0971798791042415,0.11175918539284296,0.6312264072988345,0.18099457770586014,0.26236844062805176,0.09308270676691728,0.1407518796992481,0.1827067669172932,0.21729323308270676,0.012030075187969926,-0.004511278195488721,0.05263157894736842,0.09774436090225562,0.09473684210526315,0.12180451127819547,0.12330827067669173,0.2714285714285714
l1_stft,group_delay,0.25,8192,1024,20,0.5984848484848484,17.75,1.0839480123051253,0.07976739353408374,0.20346874322313546,0.5409471690654755,0.5033200979232788,0.08992481203007519,0.15443609022556387,0.15037593984962405,0.051127819548872175,0.05187969924812029,0.09398496240601503,0.007518796992481203,0.19999999999999998,0.003007518796992481,0.13157894736842105,0.23684210526315785,0.29548872180451125
l1_stft,group_delay,0.5,8192,1024,20,0.5757575757575758,8.5,1.073239476744935,0.04776055044265415,0.20784931852659483,0.024688125122338533,0.1846827268600464,0.06180451127819549,0.08045112781954886,0.11654135338345864,-0.015037593984962405,0.014285714285714285,0.09699248120300752,0.05789473684210525,0.11954887218045113,-0.017293233082706763,0.04060150375939849,0.137593984962406,0.1601503759398496
l1_stft,group_delay,1.0,8192,1024,20,0.5631313131313131,3.25,1.0704440457842135,0.0325299254585205,0.22309242918219074,-0.27063220739364624,0.10994434356689453,0.03609022556390977,0.06180451127819549,0.04586466165413534,-0.06390977443609022,-0.016541353383458645,0.12556390977443607,0.08721804511278194,0.11428571428571428,-0.009022556390977442,-0.02857142857142857,0.07293233082706765,0.16165413533834588
l1_stft,group_delay,0.25,8192,2048,20,0.6212121212121212,22.75,1.1023936149306919,0.09456655461544222,0.28479665551244093,0.9155027866363525,1.0787767171859741,0.08030075187969923,0.16932330827067668,0.1413533834586466,0.20075187969924813,0.05037593984962405,0.04962406015037593,0.03157894736842105,0.09774436090225563,0.012781954887218042,0.19624060150375938,0.16541353383458643,0.30225563909774433
l1_stft,group_delay,0.5,8192,2048,20,0.5959595959595959,13.5,1.0866730237647653,0.08626458615385901,0.31220365785333964,0.38455432653427124,0.407517671585083,0.09909774436090224,0.14285714285714285,0.1533834586466165,0.16992481203007517,-0.013533834586466164,0.005263157894736841,0.12631578947368421,0.11954887218045113,0.03233082706766917,0.11804511278195487,0.1969924812030075,0.3015037593984962
l1_stft,group_delay,1.0,8192,2048,20,0.5858585858585859,6.25,1.0759121957811744,0.07161616106888172,0.36701758059405143,-0.07388024777173996,0.00993049144744873,0.08526315789473685,0.12661654135338343,0.11278195488721804,0.1526315789473684,0.008270676691729323,0.03684210526315789,0.11954887218045113,0.07593984962406014,0.030827067669172932,0.1263157894736842,0.15488721804511277,0.2413533834586466
l1_stft,group_delay,0.25,8192,4096,20,0.6338383838383839,21.25,1.113726815289204,0.11980007895224178,0.37705812376078685,1.1676456332206726,1.3276951313018799,0.0831578947368421,0.16902255639097744,0.21428571428571427,0.11578947368421053,0.0022556390977443615,0.10225563909774435,-0.021804511278195486,0.14360902255639096,0.039097744360902256,0.1714285714285714,0.1819548872180451,0.3120300751879699
l1_stft,group_delay,0.5,8192,4096,20,0.6161616161616161,20.25,1.1020932452188303,0.12374744171408995,0.39230505639386437,0.7043833434581757,0.7301307916641235,0.08992481203007519,0.16601503759398495,0.2308270676691729,0.17593984962406015,-0.034586466165413526,0.07894736842105261,-0.004511278195488721,0.1406015037593985,0.05263157894736842,0.11052631578947368,0.20526315789473681,0.3240601503759398
l1_stft,group_delay,1.0,8192,4096,20,0.5959595959595959,12.5,1.0870933196039807,0.09965514762516921,0.476418863354577,0.05498974584043026,0.1554720401763916,0.10661654135338346,0.1481203007518797,0.19849624060150378,0.16466165413533834,0.006766917293233082,0.057142857142857134,0.03909774436090225,0.12481203007518797,0.08270676691729321,0.06015037593984962,0.20601503759398496,0.3338345864661654
l1_stft,group_delay,0.25,16384,1024,20,0.5656565656565656,10.5,1.0789396860936753,0.07948264929924898,0.1414165688156494,0.557192474603653,0.6109576225280762,0.08646616541353383,0.1475187969924812,0.18045112781954883,0.18120300751879698,0.06466165413533834,0.07744360902255638,0.07593984962406014,0.09022556390977442,-0.027819548872180445,0.12481203007518796,0.13909774436090225,0.2639097744360902
l1_stft,group_delay,0.5,16384,1024,20,0.5606060606060606,4.0,1.0649344039147022,0.061317115275295,0.14152552438491195,0.13539324700832367,0.1289830207824707,0.08661654135338345,0.10390977443609022,0.15714285714285714,0.11503759398496241,0.06315789473684211,0.09097744360902255,0.10526315789473684,0.08721804511278194,-0.024812030075187966,0.010526315789473682,0.13233082706766916,0.21578947368421048
l1_stft,group_delay,1.0,16384,1024,20,0.5555555555555556,2.0,1.0584669770969584,0.037695571703445625,0.17762824966553586,-0.20768874883651733,-0.014899969100952148,0.047969924812030065,0.049774436090225554,0.09548872180451126,0.06917293233082705,0.06015037593984962,0.07744360902255638,0.0443609022556391,0.018796992481203006,-0.048120300751879695,-0.0556390977443609,0.08796992481203006,0.13909774436090225
l1_stft,group_delay,0.25,16384,2048,20,0.5934343434343434,16.0,1.0865582950023573,0.08603401812361289,0.21211402153062056,0.8260355591773987,0.6254876852035522,0.10045112781954883,0.1506766917293233,0.16992481203007515,0.15112781954887217,0.14661654135338345,0.06616541353383458,0.047368421052631574,0.1338345864661654,-0.021804511278195486,0.13308270676691727,0.1601503759398496,0.26917293233082706
l1_stft,group_delay,0.5,16384,2048,20,0.5808080808080809,9.0,1.0708093466589093,0.08816528294864132,0.23220338495789342,0.3333577513694763,0.1696261167526245,0.07894736842105263,0.12556390977443607,0.12105263157894736,0.14210526315789473,0.12330827067669173,0.060902255639097735,-0.020300751879699243,0.06315789473684211,-0.0037593984962405996,0.137593984962406,0.1744360902255639,0.22406015037593982
l1_stft,group_delay,1.0,16384,2048,20,0.5707070707070707,4.0,1.0643664546455598,0.06938518743759078,0.2658098211975135,-0.022797677665948868,0.005475640296936035,0.07488721804511277,0.07593984962406014,0.05789473684210525,0.0819548872180451,0.1894736842105263,0.06466165413533834,-0.040601503759398486,0.012781954887218042,0.060902255639097735,0.02180451127819549,0.10676691729323307,0.19849624060150375
l1_stft,group_delay,0.25,16384,4096,20,0.6085858585858586,21.75,1.1019876266387492,0.10894227024143904,0.2630964767436872,0.9565665125846863,0.6924872398376465,0.10691729323308267,0.157593984962406,0.25187969924812026,0.19022556390977444,0.09699248120300752,0.1037593984962406,0.003759398496240601,0.1451127819548872,0.010526315789473682,0.09172932330827066,0.17142857142857143,0.2571428571428571
l1_stft,group_delay,0.5,16384,4096,20,0.5934343434343434,16.0,1.0864936876361095,0.12007038186695873,0.25924418097751295,0.5583368092775345,0.46941637992858887,0.08195488721804509,0.1482706766917293,0.24360902255639094,0.23684210526315785,0.05263157894736842,0.08120300751879699,0.0030075187969924814,0.14285714285714285,-0.023308270676691726,0.054887218045112776,0.1338345864661654,0.22556390977443608
l1_stft,group_delay,1.0,16384,4096,20,0.5757575757575758,8.5,1.0699985222051458,0.09052262217954668,0.3294127685942836,-0.10378217697143555,0.06173884868621826,0.06676691729323307,0.09533834586466164,0.26090225563909775,0.14360902255639096,0.024060150375939848,0.037593984962406006,-0.03609022556390977,0.14436090225563908,-0.06466165413533834,-0.0015037593984962416,0.14962406015037594,0.1526315789473684
l1_cqt,l1_stft,0.25,4096,1024,20,0.6691919191919191,25.25,1.122265539339933,0.11601162621219188,0.07769972306762307,0.7454343438148499,0.4285191297531128,0.06992481203007518,0.13954887218045112,0.06616541353383458,0.17593984962406017,-0.06992481203007518,0.017293233082706763,0.06992481203007518,0.05789473684210526,0.03984962406015037,0.16541353383458643,0.24360902255639094,0.28120300751879695
l1_cqt,l1_stft,0.5,4096,1024,20,0.6717171717171717,28.25,1.1315068776715878,0.12477020582009232,0.1415633013841267,0.9171358644962311,1.294663667678833,0.05714285714285714,0.14406015037593983,0.06315789473684211,0.162406015037594,-0.012781954887218044,0.016541353383458645,0.05864661654135338,0.08045112781954886,0.018796992481203006,0.16240601503759397,0.15789473684210523,0.2984962406015037
l1_cqt,l1_stft,1.0,4096,1024,20,0.6818181818181819,26.5,1.1389398690425812,0.12187514604285424,0.26815611587657007,1.0391398668289185,1.4442191123962402,0.06812030075187969,0.15744360902255636,0.07894736842105263,0.14661654135338342,0.051127819548872175,0.08796992481203006,0.047368421052631574,0.07894736842105263,0.020300751879699243,0.16466165413533831,0.14285714285714285,0.3090225563909774
l1_cqt,l1_stft,0.25,4096,2048,20,0.6717171717171717,25.25,1.1290906150605513,0.11404610320687385,0.10066448269080147,0.9378620386123657,0.9290169477462769,0.08541353383458646,0.1568421052631579,0.0887218045112782,0.15864661654135337,-0.012030075187969924,0.07894736842105263,0.03383458646616541,0.08571428571428572,0.04962406015037594,0.16616541353383457,0.26691729323308266,0.29473684210526313
l1_cqt,l1_stft,0.5,4096,2048,20,0.6666666666666667,27.5,1.1402805162625087,0.12717478426672274,0.18738867121638736,1.1787889003753662,1.7473721504211426,0.098796992481203,0.16436090225563907,0.13609022556390976,0.17669172932330823,0.047368421052631574,0.12180451127819548,0.02330827067669173,0.08496240601503759,0.060902255639097735,0.15939849624060148,0.2263157894736842,0.2789473684210526
l1_cqt,l1_stft,1.0,4096,2048,20,0.6767676767676767,26.75,1.14249410413781,0.12418862766617693,0.35936575833499773,1.3164617419242859,1.9279532432556152,0.08015037593984961,0.18030075187969924,0.1330827067669173,0.1857142857142857,0.057142857142857134,0.12406015037593984,0.012781954887218044,0.11804511278195487,0.047368421052631574,0.15037593984962405,0.15037593984962405,0.3233082706766917
l1_cqt,l1_stft,0.25,4096,4096,20,0.6590909090909091,27.25,1.132387852456593,0.1250602823520661,0.13546138428895055,1.1952182054519653,1.3085458278656006,0.07233082706766918,0.19082706766917293,0.0744360902255639,0.20827067669172933,0.016541353383458645,0.15563909774436088,-0.014285714285714285,0.12030075187969924,0.010526315789473682,0.15037593984962405,0.2744360902255639,0.31954887218045114
l1_cqt,l1_stft,0.5,4096,4096,20,0.6641414141414141,27.25,1.1350633237975076,0.13027663224705616,0.26783387993652996,1.3411265015602112,2.0200178623199463,0.07052631578947369,0.1888721804511278,0.09248120300751878,0.22406015037593985,0.024060150375939848,0.137593984962406,-0.018796992481203006,0.08796992481203006,0.045112781954887216,0.1774436090225564,0.20977443609022556,0.31729323308270674
l1_cqt,l1_stft,1.0,4096,4096,20,0.6565656565656566,29.0,1.147852598253826,0.12901151582254186,0.5193260101977479,1.4562899470329285,2.195611000061035,0.07774436090225563,0.18601503759398494,0.15187969924812028,0.218796992481203,0.05563909774436089,0.13909774436090225,-0.03007518796992481,0.08796992481203006,0.013533834586466162,0.17218045112781954,0.1977443609022556,0.3120300751879699
l1_cqt,l1_stft,0.25,8192,1024,20,0.6262626262626263,18.75,1.1119648057297868,0.10261395985788258,0.07345668658139401,0.6008458137512207,0.20736169815063477,0.0950375939849624,0.1688721804511278,0.09548872180451128,0.20225563909774436,0.04285714285714286,0.0631578947368421,0.09323308270676692,0.16766917293233083,0.011278195488721802,0.1225563909774436,0.23233082706766917,0.28872180451127816
l1_cqt,l1_stft,0.5,8192,1024,20,0.6414141414141414,24.0,1.1160803754144384,0.10353258592430697,0.115594950383208,0.7184757590293884,0.06466639041900635,0.09428571428571428,0.16526315789473683,0.12556390977443607,0.19924812030075184,0.036842105263157884,0.09924812030075188,0.10451127819548872,0.09022556390977443,-0.006766917293233082,0.16541353383458646,0.2112781954887218,0.2721804511278195
l1_cqt,l1_stft,1.0,8192,1024,20,0.6565656565656566,27.25,1.1259572740643156,0.09752973878248418,0.2130351499183653,0.9180037081241608,0.7276427745819092,0.09293233082706767,0.18045112781954886,0.1631578947368421,0.19172932330827064,0.04962406015037593,0.10375939849624059,0.06541353383458647,0.11052631578947368,-0.0022556390977443606,0.2037593984962406,0.18872180451127818,0.2924812030075188
l1_cqt,l1_stft,0.25,8192,2048,20,0.6287878787878788,22.25,1.117751045205897,0.10772027487520429,0.08301903279489994,0.7470606565475464,0.15287232398986816,0.09127819548872179,0.1864661654135338,0.10676691729323308,0.21278195488721802,0.018045112781954885,0.10676691729323308,0.060902255639097735,0.15939849624060148,0.054887218045112776,0.14360902255639096,0.21578947368421048,0.3097744360902255
l1_cqt,l1_stft,0.5,8192,2048,20,0.6439393939393939,24.0,1.1322494437235542,0.10912632630649699,0.14272275917577557,0.9416506886482239,0.3682512044906616,0.10631578947368421,0.1700751879699248,0.12330827067669173,0.17669172932330823,0.08270676691729323,0.13157894736842102,0.03458646616541353,0.09849624060150375,0.04586466165413533,0.1639097744360902,0.24511278195488723,0.2796992481203007
l1_cqt,l1_stft,1.0,8192,2048,20,0.6565656565656566,24.5,1.1299978394985408,0.09689501763210151,0.27021751719430775,1.1508060693740845,0.9529449939727783,0.09699248120300752,0.1676691729323308,0.12631578947368421,0.09924812030075188,0.08045112781954887,0.1383458646616541,-0.018045112781954885,0.11278195488721804,0.054887218045112776,0.2045112781954887,0.2413533834586466,0.2834586466165413
l1_cqt,l1_stft,0.25,8192,4096,20,0.6262626262626263,24.75,1.1210148536267364,0.11058685374664742,0.10810155565010852,0.8909444808959961,0.37072598934173584,0.10120300751879699,0.15729323308270676,0.13383458646616542,0.15488721804511277,0.054887218045112776,0.1037593984962406,0.018796992481203003,0.10902255639097744,0.09323308270676692,0.15714285714285714,0.20526315789473681,0.2616541353383458
l1_cqt,l1_stft,0.5,8192,4096,20,0.643939393939394,26.0,1.1338970196067009,0.11314796385064844,0.1984315703982844,1.0875760316848755,0.9600191116333008,0.09458646616541351,0.15293233082706764,0.1383458646616541,0.1977443609022556,0.04285714285714285,0.12406015037593984,-0.004511278195488723,0.03684210526315789,0.08796992481203006,0.13909774436090222,0.2082706766917293,0.26691729323308266
l1_cqt,l1_stft,1.0,8192,4096,20,0.6515151515151516,24.25,1.14539585565114,0.10093605242579054,0.3793371983160727,1.262328326702118,1.261821985244751,0.1051127819548872,0.1481203007518797,0.1639097744360902,0.14962406015037594,0.06466165413533834,0.1263157894736842,0.0,-0.007518796992481202,0.07518796992481203,0.1601503759398496,0.2218045112781955,0.3120300751879699
l1_cqt,l1_stft,0.25,16384,1024,20,0.6060606060606061,19.75,1.108713420717374,0.08485646343412198,0.0870684308233549,0.7870518565177917,0.2869601249694824,0.09218045112781956,0.13774436090225564,0.2142857142857143,0.12706766917293233,-0.04285714285714285,0.05789473684210526,0.051127819548872175,0.17593984962406012,0.03609022556390977,0.07368421052631578,0.20225563909774436,0.25413533834586466
l1_cqt,l1_stft,0.5,16384,1024,20,0.6111111111111112,21.5,1.1095811725175004,0.09892822503384334,0.11299577966039194,0.7228825688362122,0.17901921272277832,0.07609022556390976,0.1526315789473684,0.20977443609022556,0.15413533834586463,-0.06015037593984962,0.09097744360902255,0.05639097744360902,0.16240601503759397,0.005263157894736841,0.09398496240601503,0.16917293233082703,0.2616541353383458
l1_cqt,l1_stft,1.0,16384,1024,20,0.6212121212121212,22.5,1.1167464766150674,0.10504882337437255,0.17935344080744814,0.7997680306434631,0.12480700016021729,0.09654135338345864,0.1469172932330827,0.2195488721804511,0.16616541353383457,0.012781954887218044,0.10676691729323308,0.07067669172932331,0.137593984962406,0.005263157894736841,0.07142857142857141,0.1744360902255639,0.25263157894736843
l1_cqt,l1_stft,0.25,16384,2048,20,0.6111111111111112,22.0,1.1096373593348445,0.08892473283159194,0.0946204851169482,0.7886192798614502,0.35112547874450684,0.08781954887218044,0.136390977443609,0.2120300751879699,0.13533834586466165,-0.04210526315789473,0.028571428571428567,0.05789473684210526,0.16917293233082709,0.009022556390977442,0.09022556390977443,0.20225563909774436,0.25864661654135335
l1_cqt,l1_stft,0.5,16384,2048,20,0.6262626262626263,23.75,1.120537183803589,0.10153106218316751,0.13182727806095051,0.782900869846344,0.3637213706970215,0.08676691729323308,0.15458646616541355,0.2338345864661654,0.12030075187969924,-0.025563909774436087,0.14210526315789473,0.03082706766917293,0.14360902255639096,0.016541353383458645,0.10751879699248118,0.1781954887218045,0.25939849624060146
l1_cqt,l1_stft,1.0,16384,2048,20,0.6313131313131313,24.5,1.1165159141199483,0.10095758149295958,0.2249497780314832,0.9449170529842377,0.5282634496688843,0.09774436090225562,0.16721804511278196,0.2007518796992481,0.1330827067669173,0.024060150375939848,0.137593984962406,0.037593984962406006,0.18496240601503755,0.013533834586466164,0.11052631578947367,0.21278195488721802,0.2699248120300752
l1_cqt,l1_stft,0.25,16384,4096,20,0.6161616161616161,24.5,1.111829553444247,0.09858776068851471,0.11749041780841554,0.8001635074615479,0.3224691152572632,0.09323308270676692,0.1401503759398496,0.19849624060150375,0.1338345864661654,0.019548872180451125,0.04962406015037593,0.05037593984962406,0.14661654135338345,0.016541353383458645,0.09999999999999999,0.18120300751879698,0.2706766917293233
l1_cqt,l1_stft,0.5,16384,4096,20,0.6287878787878788,24.5,1.1163856530278913,0.11068870537991551,0.1807295536700389,0.8631598651409149,0.38387107849121094,0.08556390977443609,0.161203007518797,0.2045112781954887,0.10751879699248121,-0.0030075187969924805,0.14285714285714285,0.027067669172932327,0.13684210526315788,0.0022556390977443606,0.11729323308270677,0.1969924812030075,0.3015037593984963
l1_cqt,l1_stft,1.0,16384,4096,20,0.6313131313131314,25.25,1.125983979533352,0.1106803561384831,0.30821832450220304,1.037700593471527,0.6373645067214966,0.08766917293233083,0.15488721804511277,0.19849624060150375,0.08796992481203006,0.014285714285714284,0.1263157894736842,0.016541353383458645,0.14285714285714285,0.024812030075187966,0.12406015037593984,0.18421052631578946,0.29323308270676685
l1_cqt,waveform_l2,0.25,4096,1024,20,0.6666666666666666,18.75,1.1165633856366197,0.06840515952893586,0.033954434684985366,0.18661844730377197,-0.34998857975006104,0.02857142857142857,0.041203007518796984,0.08045112781954886,0.04060150375939849,-0.04586466165413534,-0.02631578947368421,-0.10526315789473684,0.0406015037593985,0.09849624060150375,0.035338345864661655,0.1150375939849624,0.11578947368421051
l1_cqt,waveform_l2,0.5,4096,1024,20,0.6944444444444444,24.75,1.1255755297688799,0.05841238586388844,0.06083806317187771,0.3035406470298767,-0.4805842638015747,0.03368421052631579,0.034736842105263156,0.0819548872180451,0.04285714285714286,0.013533834586466165,0.025563909774436087,-0.07368421052631578,0.0669172932330827,0.11203007518796992,-0.04962406015037593,0.034586466165413526,0.08796992481203006
l1_cqt,waveform_l2,1.0,4096,1024,20,0.7171717171717171,26.25,1.1302890123285123,0.05196627379744266,0.1108563553358406,0.3846715986728668,-0.5297579765319824,0.04977443609022556,0.02120300751879699,0.10902255639097744,0.03157894736842105,0.02481203007518797,0.06015037593984962,0.028571428571428567,0.05187969924812029,0.11729323308270674,-0.05413533834586466,-0.03082706766917293,0.016541353383458645
l1_cqt,waveform_l2,0.25,4096,2048,20,0.6666666666666666,18.5,1.111428211734169,0.06831025746706945,0.03396906419604086,0.19617945700883865,-0.34387826919555664,0.030225563909774433,0.040751879699248116,0.08947368421052632,0.028571428571428567,-0.048120300751879695,-0.03233082706766917,-0.09548872180451128,0.054887218045112776,0.09248120300751879,0.035338345864661655,0.11278195488721804,0.11729323308270675
l1_cqt,waveform_l2,0.5,4096,2048,20,0.6944444444444444,24.5,1.1232611549924414,0.05855320524055353,0.06071180542235234,0.30321313440799713,-0.47903192043304443,0.03308270676691728,0.03593984962406015,0.08421052631578946,0.03834586466165413,0.018796992481203006,0.03007518796992481,-0.08270676691729323,0.05563909774436089,0.1112781954887218,-0.03383458646616541,0.03383458646616541,0.0894736842105263
l1_cqt,waveform_l2,1.0,4096,2048,20,0.7095959595959596,26.25,1.125631934751791,0.052033032271066974,0.11137950256941442,0.38208599388599396,-0.5324070453643799,0.05007518796992481,0.02496240601503759,0.10902255639097744,0.03233082706766917,0.02481203007518797,0.06015037593984962,0.028571428571428567,0.05187969924812029,0.11729323308270674,-0.05413533834586466,-0.02932330827067669,0.034586466165413526
l1_cqt,waveform_l2,0.25,4096,4096,20,0.6666666666666666,18.25,1.1071737695991106,0.06908303611681524,0.032804174389475,0.19819028675556183,-0.3271777629852295,0.026315789473684202,0.04090225563909774,0.07218045112781954,0.02706766917293233,-0.05413533834586466,-0.024812030075187966,-0.09323308270676692,0.05714285714285714,0.09774436090225563,0.03533834586466165,0.10902255639097744,0.10977443609022557
l1_cqt,waveform_l2,0.5,4096,4096,20,0.6919191919191919,24.5,1.1120086450749582,0.058441625977292584,0.059252031864791666,0.30413520336151123,-0.47257137298583984,0.03248120300751879,0.030827067669172932,0.0819548872180451,0.03684210526315789,0.022556390977443608,0.02706766917293233,-0.09398496240601503,0.05864661654135338,0.11729323308270675,-0.03082706766917293,0.034586466165413526,0.06240601503759398
l1_cqt,waveform_l2,1.0,4096,4096,20,0.7121212121212122,26.5,1.1231344033354502,0.05187318357545291,0.11252379080708831,0.3761366456747055,-0.5395978689193726,0.0512781954887218,0.023308270676691726,0.11503759398496238,0.03233082706766917,0.02857142857142857,0.06015037593984962,0.028571428571428567,0.05187969924812029,0.11729323308270674,-0.06315789473684211,-0.03308270676691729,0.035338345864661655
l1_cqt,waveform_l2,0.25,8192,1024,20,0.6363636363636364,15.0,1.1013299915708852,0.057469072252177775,0.0370994809365183,0.23809980601072311,-0.04215049743652344,0.050977443609022545,0.08330827067669172,0.16691729323308271,0.12706766917293233,-0.05789473684210526,0.03609022556390977,-0.04285714285714286,0.11353383458646615,0.1150375939849624,0.018045112781954885,0.07368421052631577,0.12180451127819548
l1_cqt,waveform_l2,0.5,8192,1024,20,0.6565656565656566,17.0,1.1066839453060857,0.048276460992870515,0.05108739207388992,0.03145205695182085,-0.2633103132247925,0.05548872180451127,0.06436090225563909,0.17894736842105258,0.1458646616541353,-0.024060150375939848,0.021804511278195486,0.0007518796992481199,0.05037593984962406,0.11203007518796992,0.009774436090225562,0.009774436090225562,0.09398496240601503
l1_cqt,waveform_l2,1.0,8192,1024,20,0.6717171717171717,19.0,1.1089557812644348,0.030090804070238522,0.0761217137242138,0.20033256709575653,-0.14579832553863525,0.04406015037593984,0.030225563909774433,0.19548872180451127,0.09624060150375939,-0.05639097744360902,0.03609022556390977,0.010526315789473682,0.051127819548872175,0.1300751879699248,-0.027819548872180445,-0.05939849624060149,-0.004511278195488722
l1_cqt,waveform_l2,0.25,8192,2048,20,0.6338383838383839,15.0,1.0973086683951307,0.056346012780187124,0.03697948459745744,0.2373172864317894,-0.042080044746398926,0.04887218045112782,0.08105263157894735,0.16691729323308271,0.12932330827067667,-0.06616541353383458,0.03157894736842105,-0.04210526315789473,0.10902255639097744,0.11203007518796992,0.020300751879699246,0.07368421052631577,0.1150375939849624
l1_cqt,waveform_l2,0.5,8192,2048,20,0.6590909090909092,17.0,1.1063516234555573,0.048151353114398804,0.05105839099436641,0.029339570552110672,-0.26558423042297363,0.061353383458646604,0.06601503759398494,0.17894736842105258,0.1458646616541353,-0.024060150375939848,0.021804511278195486,0.006766917293233082,0.045112781954887216,0.1225563909774436,0.02330827067669173,0.022556390977443604,0.09398496240601503
l1_cqt,waveform_l2,1.0,8192,2048,20,0.6666666666666667,19.0,1.1046656657672322,0.03039116016039474,0.07626419991622857,0.1993936002254486,-0.14416289329528809,0.0463157894736842,0.03067669172932331,0.19999999999999996,0.09624060150375939,-0.05639097744360902,0.03609022556390977,0.017293233082706763,0.04962406015037593,0.1300751879699248,-0.027819548872180445,-0.05939849624060149,-0.0007518796992481208
l1_cqt,waveform_l2,0.25,8192,4096,20,0.6287878787878788,15.0,1.1067547986513058,0.05474360640539436,0.03659289724085088,0.24423671513795853,-0.04611003398895264,0.04105263157894736,0.09007518796992478,0.18045112781954883,0.13308270676691727,-0.06240601503759398,0.03609022556390977,-0.07218045112781954,0.09548872180451126,0.10075187969924812,0.024812030075187966,0.05864661654135338,0.1609022556390977
l1_cqt,waveform_l2,0.5,8192,4096,20,0.6565656565656566,17.75,1.1070939767866221,0.04716185879047933,0.05101557919524133,0.020397413056343794,-0.2663041353225708,0.06015037593984962,0.0637593984962406,0.1744360902255639,0.14285714285714285,-0.03233082706766917,0.021804511278195486,0.0022556390977443615,0.04060150375939849,0.1225563909774436,0.015789473684210523,0.033834586466165405,0.09774436090225563
l1_cqt,waveform_l2,1.0,8192,4096,20,0.6717171717171717,19.0,1.1115757532895048,0.0306612481613429,0.07591509443870906,0.19647176563739777,-0.133558988571167,0.046466165413533836,0.030375939849624056,0.20300751879699247,0.09624060150375939,-0.055639097744360905,0.030827067669172932,0.014285714285714284,0.054887218045112776,0.137593984962406,-0.027819548872180445,-0.06691729323308271,-0.0022556390977443615
l1_cqt,waveform_l2,0.25,16384,1024,20,0.6136363636363636,16.25,1.102205147225991,0.06725976698519529,0.062255863784901354,0.6931580007076263,0.32806992530822754,0.06045112781954885,0.08842105263157894,0.24285714285714283,0.11954887218045113,-0.1,0.021052631578947364,-0.0022556390977443606,0.10451127819548872,0.08496240601503759,0.02481203007518797,0.07669172932330826,0.17218045112781954
l1_cqt,waveform_l2,0.5,16384,1024,20,0.6111111111111112,15.25,1.1011464700482778,0.07376490537400812,0.06696773396559375,0.4461289197206497,0.20128941535949707,0.04526315789473683,0.06360902255639098,0.18345864661654132,0.1150375939849624,-0.07518796992481203,-0.028571428571428567,-0.011278195488721804,0.07669172932330826,0.09849624060150375,0.009022556390977444,0.030827067669172932,0.14586466165413534
l1_cqt,waveform_l2,1.0,16384,1024,20,0.6262626262626263,15.0,1.0916035970858367,0.05807089802221517,0.07927567675469763,0.02748835552483797,0.13299942016601562,0.026917293233082708,0.03894736842105263,0.14360902255639096,0.06766917293233082,-0.08345864661654134,0.030827067669172932,0.002255639097744361,0.006015037593984964,0.08796992481203006,-0.03233082706766917,-0.01578947368421052,0.1225563909774436
l1_cqt,waveform_l2,0.25,16384,2048,20,0.6161616161616161,16.25,1.1022287122662848,0.06628242113510158,0.06163800719967148,0.6930137276649475,0.323106050491333,0.06345864661654135,0.08902255639097743,0.24736842105263157,0.11127819548872181,-0.10300751879699248,0.015037593984962405,-0.0022556390977443606,0.10451127819548872,0.09398496240601503,0.02481203007518797,0.08120300751879699,0.1894736842105263
l1_cqt,waveform_l2,0.5,16384,2048,20,0.6111111111111112,15.25,1.1016338254132598,0.07444694926841729,0.06691981264811508,0.4419719874858856,0.1910855770111084,0.04646616541353383,0.06947368421052631,0.18421052631578946,0.12932330827067667,-0.07518796992481203,-0.030075187969924807,-0.010526315789473682,0.07894736842105263,0.10300751879699246,0.016541353383458645,0.030827067669172932,0.1526315789473684
l1_cqt,waveform_l2,1.0,16384,2048,20,0.6287878787878788,15.0,1.0918594545155464,0.05787597221438363,0.07913844762965569,0.02542249672114849,0.12935161590576172,0.02571428571428571,0.03924812030075188,0.14436090225563908,0.06165413533834586,-0.07368421052631578,0.03308270676691729,0.002255639097744361,0.005263157894736843,0.08646616541353383,-0.03233082706766917,-0.03082706766917293,0.12857142857142856
l1_cqt,waveform_l2,0.25,16384,4096,20,0.6161616161616161,16.5,1.1018288561482885,0.064095470610099,0.060090718416127606,0.6924861073493958,0.3089776039123535,0.061353383458646604,0.0894736842105263,0.24285714285714283,0.11578947368421051,-0.1,0.024060150375939844,-0.013533834586466164,0.09699248120300752,0.09924812030075186,0.02481203007518797,0.0781954887218045,0.1857142857142857
l1_cqt,waveform_l2,0.5,16384,4096,20,0.6111111111111112,15.5,1.0967148804769606,0.07310444436487687,0.06625774245161589,0.4278056472539902,0.17177820205688477,0.04240601503759398,0.07067669172932331,0.18120300751879698,0.12481203007518797,-0.08872180451127819,-0.03383458646616541,-0.014285714285714284,0.08270676691729323,0.10150375939849623,0.016541353383458645,0.03233082706766917,0.1631578947368421
l1_cqt,waveform_l2,1.0,16384,4096,20,0.6262626262626263,15.25,1.092317904384514,0.05664343713828533,0.07964071694067287,0.02115202322602272,0.11103689670562744,0.031578947368421054,0.0393984962406015,0.14436090225563908,0.06766917293233082,-0.07293233082706765,0.02781954887218045,0.022556390977443608,-0.006015037593984962,0.09097744360902255,-0.03308270676691729,-0.027067669172932327,0.1406015037593985
l1_cqt,waveform_l1,0.25,4096,1024,20,0.6717171717171717,16.0,1.1143336820220806,0.07362844929720624,0.032650358274784706,0.061625950038433075,-0.2899188995361328,0.030676691729323302,0.0512781954887218,0.04285714285714286,0.07293233082706767,-0.04661654135338346,0.007518796992481202,-0.035338345864661655,0.057894736842105256,0.07969924812030074,0.010526315789473682,0.11278195488721804,0.10751879699248118
l1_cqt,waveform_l1,0.5,4096,1024,20,0.7045454545454546,22.0,1.1232206511594032,0.06351336888753611,0.05315154733889883,0.025896748527884483,-0.5342974662780762,0.04406015037593984,0.047518796992481196,0.0744360902255639,0.07368421052631578,-0.025563909774436087,0.016541353383458645,-0.017293233082706763,0.057142857142857134,0.09473684210526315,-0.04210526315789473,0.09398496240601503,0.13233082706766916
l1_cqt,waveform_l1,1.0,4096,1024,20,0.7247474747474747,27.0,1.1297988971869364,0.0626663350788393,0.10501357271875889,0.043176498264074326,-0.6801474094390869,0.04857142857142857,0.021353383458646614,0.10075187969924812,0.07218045112781954,0.003007518796992483,0.022556390977443608,0.019548872180451128,0.008270676691729323,0.1225563909774436,-0.05037593984962406,-0.0030075187969924814,0.05413533834586466
l1_cqt,waveform_l1,0.25,4096,2048,20,0.6742424242424242,16.0,1.10929921362274,0.07361088735087798,0.03266498490424859,0.06930573843419552,-0.28300487995147705,0.0281203007518797,0.05308270676691729,0.035338345864661655,0.07142857142857142,-0.0631578947368421,0.0022556390977443606,-0.035338345864661655,0.05864661654135338,0.07969924812030074,0.015037593984962403,0.12406015037593984,0.11804511278195487
l1_cqt,waveform_l1,0.5,4096,2048,20,0.7045454545454546,21.5,1.1184792562665966,0.06362983502449358,0.053025289537942055,0.022173132747411728,-0.5311510562896729,0.04466165413533834,0.04827067669172932,0.0744360902255639,0.07744360902255638,-0.025563909774436087,0.023308270676691726,-0.015789473684210527,0.057142857142857134,0.09548872180451126,-0.045112781954887216,0.09473684210526315,0.12857142857142856
l1_cqt,waveform_l1,1.0,4096,2048,20,0.7222222222222222,27.0,1.1300440696478495,0.06295425243516019,0.10488731192531892,0.04009669087827206,-0.6804133653640747,0.04902255639097744,0.019248120300751875,0.10225563909774435,0.07218045112781954,0.006766917293233084,0.022556390977443608,0.019548872180451128,0.008270676691729323,0.11954887218045113,-0.05037593984962406,-0.0030075187969924814,0.04360902255639097
l1_cqt,waveform_l1,0.25,4096,4096,20,0.6742424242424242,15.5,1.1071557487632093,0.07217718478312016,0.031500091542754134,0.07710128091275692,-0.25655031204223633,0.0312781954887218,0.05969924812030075,0.054887218045112776,0.07443609022556391,-0.06691729323308271,0.0022556390977443597,-0.04285714285714285,0.06541353383458647,0.08571428571428572,0.021804511278195486,0.12556390977443607,0.13458646616541353
l1_cqt,waveform_l1,0.5,4096,4096,20,0.696969696969697,21.25,1.125978179200179,0.06337312761567115,0.05156551165218856,0.01384422555565834,-0.5254297256469727,0.03759398496240601,0.04721804511278195,0.06315789473684211,0.0706766917293233,-0.03984962406015037,0.018045112781954885,-0.019548872180451125,0.05338345864661653,0.10075187969924812,-0.04285714285714285,0.08345864661654134,0.13684210526315788
l1_cqt,waveform_l1,1.0,4096,4096,20,0.7247474747474747,26.75,1.1272008091834782,0.06299300537054225,0.10342754301491311,0.03668695781379938,-0.6896915435791016,0.05172932330827068,0.013834586466165413,0.0924812030075188,0.06390977443609022,0.02481203007518797,0.022556390977443608,0.019548872180451128,0.007518796992481202,0.11954887218045113,-0.06390977443609022,0.0022556390977443615,0.039097744360902256
l1_cqt,waveform_l1,0.25,8192,1024,20,0.6287878787878788,15.0,1.1066429048372823,0.057466805716436004,0.03692370221853447,0.2831173539161682,0.011451363563537598,0.044812030075187956,0.09233082706766917,0.16165413533834583,0.10300751879699246,-0.041353383458646614,0.018045112781954885,-0.04661654135338346,0.10150375939849623,0.08796992481203006,0.10451127819548871,0.06240601503759398,0.13458646616541353
l1_cqt,waveform_l1,0.5,8192,1024,20,0.6515151515151516,17.25,1.1069994168230206,0.05575063641552534,0.04905798575990922,-0.05020374804735184,-0.14054572582244873,0.07563909774436088,0.08285714285714285,0.22180451127819545,0.16842105263157892,-0.018045112781954885,0.05413533834586466,-0.014285714285714285,0.06992481203007517,0.15037593984962405,-0.01804511278195489,0.038345864661654135,0.1398496240601504
l1_cqt,waveform_l1,1.0,8192,1024,20,0.6691919191919192,21.0,1.103789343730048,0.04311359891007731,0.08291609942103373,-0.13858660776168108,-0.21623146533966064,0.05894736842105264,0.053233082706766896,0.2413533834586466,0.1263157894736842,-0.02330827067669173,0.04285714285714286,-0.023308270676691726,0.008270676691729323,0.13834586466165413,-0.006015037593984963,-0.03834586466165413,0.09473684210526315
l1_cqt,waveform_l1,0.25,8192,2048,20,0.6287878787878788,15.0,1.099379801746963,0.05777386769763935,0.036803712312374504,0.282624289393425,0.011953473091125488,0.04165413533834586,0.08962406015037594,0.14736842105263157,0.10150375939849623,-0.057142857142857134,0.018045112781954885,-0.051879699248120296,0.09473684210526315,0.09624060150375939,0.10225563909774435,0.07368421052631577,0.13157894736842105
l1_cqt,waveform_l1,0.5,8192,2048,20,0.6515151515151516,17.25,1.1020815910577215,0.05602628711177539,0.04902898811170106,-0.04971341975033283,-0.14237868785858154,0.07624060150375939,0.08676691729323308,0.21428571428571427,0.16842105263157892,-0.017293233082706767,0.06315789473684211,-0.011278195488721804,0.07593984962406014,0.1488721804511278,-0.012030075187969922,0.04661654135338346,0.13834586466165413
l1_cqt,waveform_l1,1.0,8192,2048,20,0.6666666666666666,21.0,1.1064098324901974,0.042994962294430325,0.08278681625097617,-0.14031552243977785,-0.2134075164794922,0.057293233082706764,0.05744360902255637,0.2413533834586466,0.1263157894736842,-0.03007518796992481,0.051127819548872175,-0.022556390977443608,0.008270676691729323,0.13834586466165413,-0.006015037593984963,-0.040601503759398486,0.10751879699248118
l1_cqt,waveform_l1,0.25,8192,4096,20,0.6262626262626263,15.0,1.106922947439065,0.05728243035421004,0.03622281965621581,0.2869452089071274,0.04352271556854248,0.039999999999999994,0.08751879699248119,0.15864661654135337,0.1150375939849624,-0.05939849624060149,0.005263157894736841,-0.07894736842105263,0.06992481203007518,0.09473684210526315,0.09473684210526315,0.08496240601503759,0.1526315789473684
l1_cqt,waveform_l1,0.5,8192,4096,20,0.6540404040404041,17.25,1.0997656844638977,0.05683935204258777,0.048986171845693455,-0.05155925825238228,-0.13016772270202637,0.08300751879699246,0.08330827067669172,0.22932330827067665,0.16842105263157892,-0.014285714285714285,0.06390977443609022,-0.011278195488721804,0.05864661654135338,0.14661654135338345,-0.01729323308270676,0.06466165413533834,0.14285714285714285
l1_cqt,waveform_l1,1.0,8192,4096,20,0.6691919191919192,21.0,1.1065841326384234,0.04217843374351251,0.08224382579900794,-0.14320428483188152,-0.20879137516021729,0.05804511278195488,0.058947368421052616,0.256390977443609,0.1308270676691729,-0.03233082706766917,0.057142857142857134,-0.02330827067669173,0.009774436090225562,0.13157894736842105,-0.003007518796992483,-0.04210526315789473,0.09999999999999998
l1_cqt,waveform_l1,0.25,16384,1024,20,0.6136363636363636,17.5,1.1017927768685798,0.0697501236314999,0.0648942754035198,0.6844503879547119,0.3036782741546631,0.06481203007518796,0.09744360902255637,0.25037593984962403,0.137593984962406,-0.10300751879699248,0.04135338345864661,0.0,0.08120300751879697,0.0819548872180451,0.045112781954887216,0.09473684210526315,0.1819548872180451
l1_cqt,waveform_l1,0.5,16384,1024,20,0.6186868686868687,15.25,1.0946007205779944,0.07547854035784049,0.07033369441420481,0.40672269463539124,0.2532613277435303,0.042255639097744366,0.0781954887218045,0.20375939849624058,0.14285714285714285,-0.08120300751879697,0.017293233082706767,-0.021804511278195486,0.07669172932330826,0.06917293233082707,-0.02406015037593985,0.041353383458646614,0.17819548872180446
l1_cqt,waveform_l1,1.0,16384,1024,20,0.6313131313131313,14.25,1.0934900552417104,0.06176900596940282,0.0821895883716704,-0.1328544318675995,0.14503717422485352,0.03233082706766917,0.0637593984962406,0.1789473684210526,0.14360902255639096,-0.09999999999999998,0.07518796992481203,0.03157894736842105,-0.020300751879699246,0.054135338345864654,-0.006015037593984962,-0.0030075187969924805,0.12631578947368421
l1_cqt,waveform_l1,0.25,16384,2048,20,0.6136363636363636,17.5,1.1018117533774188,0.07002599403531483,0.06427643120037083,0.687397688627243,0.29889917373657227,0.0651127819548872,0.0980451127819549,0.25037593984962403,0.13533834586466165,-0.10300751879699248,0.03834586466165413,0.0,0.08721804511278194,0.08045112781954886,0.04360902255639097,0.09774436090225563,0.1857142857142857
l1_cqt,waveform_l1,0.5,16384,2048,20,0.6186868686868687,15.25,1.0991881991424575,0.07487193941916817,0.07077274413440734,0.40073324739933014,0.25557947158813477,0.039548872180451125,0.07488721804511278,0.2045112781954887,0.1383458646616541,-0.0932330827067669,0.017293233082706767,-0.021804511278195486,0.060902255639097735,0.06917293233082707,-0.012030075187969922,0.03909774436090225,0.16992481203007517
l1_cqt,waveform_l1,1.0,16384,2048,20,0.6313131313131313,14.5,1.096730468966057,0.06172076248477301,0.08214165388756348,-0.13431043177843094,0.14733588695526123,0.034586466165413526,0.06646616541353383,0.1789473684210526,0.14511278195488722,-0.09398496240601503,0.06842105263157894,0.03533834586466165,-0.020300751879699246,0.054135338345864654,-0.004511278195488721,-0.0015037593984962403,0.14360902255639096
l1_cqt,waveform_l1,0.25,16384,4096,20,0.6111111111111112,17.5,1.106937810786632,0.07093937737472097,0.06160763772727195,0.6928305327892303,0.2886803150177002,0.06180451127819549,0.10315789473684207,0.243609022556391,0.13909774436090225,-0.10676691729323308,0.04135338345864661,0.0,0.08646616541353383,0.08045112781954886,0.05789473684210525,0.09172932330827066,0.19097744360902252
l1_cqt,waveform_l1,0.5,16384,4096,20,0.6161616161616161,15.25,1.0963907745189903,0.07428571263306014,0.07183401745381399,0.3910086899995804,0.2480393648147583,0.04,0.07593984962406014,0.20300751879699247,0.13533834586466165,-0.08872180451127819,0.012781954887218044,-0.021804511278195486,0.060902255639097735,0.06390977443609022,-0.011278195488721804,0.04360902255639097,0.1819548872180451
l1_cqt,waveform_l1,1.0,16384,4096,20,0.6287878787878788,14.5,1.0971851903803613,0.061727785975648174,0.08264395010003198,-0.13880900293588638,0.21916019916534424,0.034736842105263156,0.06466165413533834,0.19248120300751878,0.13609022556390976,-0.10150375939849623,0.06842105263157894,0.03233082706766917,-0.025563909774436087,0.054135338345864654,0.0,-0.003759398496240601,0.14436090225563908
l1_cqt,group_delay,0.25,4096,1024,20,0.5757575757575758,3.5,1.0706864259184974,0.01954619180170751,0.04725733913829008,-0.31753478944301605,0.09492027759552002,0.0037593984962406013,0.02646616541353384,0.04285714285714286,0.08571428571428572,-0.13458646616541353,0.018045112781954885,-0.048120300751879695,0.027819548872180445,0.08045112781954887,-0.07218045112781954,0.0781954887218045,0.07293233082706767
l1_cqt,group_delay,0.5,4096,1024,20,0.5631313131313131,3.0,1.0703498284689197,0.01270812276492236,0.06313578475971979,-0.3351677358150482,0.019124507904052734,-0.00827067669172932,0.019849624060150374,0.004511278195488723,0.07894736842105263,-0.14812030075187968,0.019548872180451125,-0.0007518796992481202,0.034586466165413526,0.09022556390977443,-0.07669172932330827,0.012781954887218044,0.04285714285714286
l1_cqt,group_delay,1.0,4096,1024,20,0.5732323232323232,3.0,1.0700633531801245,0.010023017925218702,0.0947915107813471,-0.32102809846401215,0.02246534824371338,-0.00977443609022556,0.005263157894736845,0.0015037593984962398,0.09924812030075188,-0.09849624060150375,0.005263157894736841,-0.02932330827067669,0.009022556390977442,0.08496240601503759,-0.10827067669172931,-0.007518796992481202,0.021052631578947364
l1_cqt,group_delay,0.25,4096,2048,20,0.5808080808080809,6.75,1.081287948851576,0.030302177784239832,0.06009855109622665,-0.30751892924308777,-0.062158942222595215,0.041353383458646614,0.04992481203007519,0.1218045112781955,0.11804511278195487,0.012030075187969924,0.05263157894736842,-0.048120300751879695,0.07744360902255638,0.14285714285714285,-0.06992481203007517,-0.02180451127819549,0.07142857142857142
l1_cqt,group_delay,0.5,4096,2048,20,0.5808080808080809,6.25,1.0816165342571247,0.025976032751387605,0.10983494573154487,-0.28283634781837463,-0.09819173812866211,0.024511278195488716,0.03443609022556391,0.11428571428571428,0.15338345864661654,0.03533834586466165,0.019548872180451125,-0.045112781954887216,0.06240601503759398,0.03984962406015037,-0.08796992481203006,-0.021804511278195486,0.02481203007518797
l1_cqt,group_delay,1.0,4096,2048,20,0.5757575757575758,6.0,1.0837184083417157,0.024730625812698075,0.20339132012629696,-0.2930350750684738,-0.0964881181716919,0.003909774436090224,0.038646616541353374,0.07744360902255637,0.15864661654135337,0.041353383458646614,0.022556390977443604,-0.04661654135338345,0.07894736842105263,-0.011278195488721804,-0.10451127819548872,-0.041353383458646614,0.03759398496240601
l1_cqt,group_delay,0.25,4096,4096,20,0.5858585858585859,10.25,1.0867907000267412,0.043945235947622896,0.07408943029169462,-0.2898737043142319,0.06614279747009277,0.040601503759398486,0.02616541353383458,0.1451127819548872,0.18345864661654132,-0.08270676691729321,-0.047368421052631574,-0.0015037593984962405,0.07744360902255638,0.07894736842105261,-0.0556390977443609,0.0631578947368421,-0.02706766917293233
l1_cqt,group_delay,0.5,4096,4096,20,0.5732323232323232,10.25,1.0883459683372092,0.03818073581174994,0.12861726967784728,-0.23543867468833923,0.0003306865692138672,0.010827067669172926,0.031127819548872178,0.1609022556390977,0.17368421052631577,-0.07218045112781954,-0.03233082706766917,-0.020300751879699246,0.04210526315789473,0.040601503759398486,-0.03233082706766917,-0.054887218045112776,0.004511278195488721
l1_cqt,group_delay,1.0,4096,4096,20,0.5732323232323233,9.75,1.0868819592165604,0.025921720828887433,0.21908476927907541,-0.1611381247639656,-0.025751471519470215,0.013834586466165416,0.03548872180451128,0.19248120300751878,0.18796992481203006,-0.06015037593984962,-0.03007518796992481,-0.024812030075187966,0.08421052631578946,0.027067669172932327,-0.07067669172932331,-0.06541353383458645,0.006015037593984963
l1_cqt,group_delay,0.25,8192,1024,20,0.5606060606060606,3.0,1.0648234231428577,0.021015942194041362,0.03561076442640619,-0.21582728624343872,0.0050193071365356445,0.030977443609022548,0.06601503759398494,0.1308270676691729,0.05338345864661653,-0.007518796992481202,0.12330827067669173,-0.08270676691729323,0.14360902255639096,0.015789473684210527,-0.1037593984962406,0.09849624060150375,0.11353383458646615
l1_cqt,group_delay,0.5,8192,1024,20,0.5555555555555556,2.0,1.0643142631053935,0.010459984129821858,0.05113390438544947,-0.2744918391108513,0.18904900550842285,0.028721804511278193,0.01939849624060151,0.13082706766917293,0.021052631578947368,-0.006766917293233081,0.1406015037593985,-0.02330827067669173,0.08270676691729323,-0.02406015037593985,-0.14436090225563908,0.0669172932330827,-0.003007518796992481
l1_cqt,group_delay,1.0,8192,1024,20,0.553030303030303,2.0,1.0592439667250206,0.008307891228019403,0.07419627380520644,-0.24388772249221802,0.17633628845214844,0.005263157894736842,0.004661654135338351,0.10300751879699246,-0.0030075187969924805,0.015037593984962405,0.12631578947368421,-0.06541353383458645,0.08270676691729323,-0.05263157894736842,-0.1609022556390977,0.02631578947368421,-0.021804511278195486
l1_cqt,group_delay,0.25,8192,2048,20,0.5782828282828283,5.0,1.0706864351322807,0.03129567280804195,0.046998882798430994,-0.27791254222393036,-0.006209969520568848,0.021052631578947364,0.08661654135338345,0.04962406015037593,0.137593984962406,-0.03233082706766917,0.06691729323308271,-0.018796992481203006,0.1413533834586466,0.06842105263157894,0.01804511278195489,0.03834586466165413,0.06917293233082705
l1_cqt,group_delay,0.5,8192,2048,20,0.5732323232323232,4.0,1.0701009064988423,0.020612194870749615,0.07685264434929265,-0.32796327769756317,0.06399524211883545,0.02902255639097744,0.06872180451127818,0.05338345864661653,0.10451127819548872,-0.03533834586466165,-0.0037593984962406013,0.03984962406015037,0.12105263157894737,0.04661654135338345,0.048120300751879695,0.040601503759398486,0.07368421052631577
l1_cqt,group_delay,1.0,8192,2048,20,0.5707070707070707,3.25,1.0706659497179607,0.015323597515790356,0.1282137508895668,-0.3189682513475418,0.11082208156585693,0.01924812030075188,0.041503759398496244,0.010526315789473686,0.11203007518796992,-0.03609022556390977,-0.022556390977443604,0.03383458646616541,0.06466165413533835,0.04962406015037594,0.041353383458646614,0.03834586466165413,0.012030075187969922
l1_cqt,group_delay,0.25,8192,4096,20,0.5934343434343434,9.0,1.0807773941774748,0.05096276545107973,0.07362338858359158,-0.3263881951570511,-0.09537148475646973,0.06150375939849624,0.05458646616541354,0.19999999999999998,0.15789473684210525,0.03684210526315789,0.017293233082706767,-0.026315789473684206,0.047368421052631574,0.054135338345864654,0.0037593984962405996,0.04285714285714285,0.04661654135338346
l1_cqt,group_delay,0.5,8192,4096,20,0.5833333333333334,7.25,1.0758479706796478,0.03275912278482416,0.10804715622609645,-0.33059659600257874,-0.045481324195861816,0.04105263157894737,0.02526315789473684,0.13834586466165413,0.12030075187969924,0.040601503759398486,-0.006766917293233082,-0.0857142857142857,0.04285714285714286,0.12406015037593984,0.0007518796992481216,-0.012030075187969924,-0.030827067669172925
l1_cqt,group_delay,1.0,8192,4096,20,0.5808080808080809,7.0,1.0815930743771802,0.01894676417329077,0.16540787912196145,-0.29981034994125366,-0.0964057445526123,0.019398496240601505,0.03443609022556391,0.15413533834586465,0.10225563909774435,0.03533834586466165,0.012781954887218044,-0.12406015037593981,0.09172932330827067,0.07894736842105263,-0.015037593984962405,-0.047368421052631574,-0.019548872180451125
l1_cqt,group_delay,0.25,16384,1024,20,0.5580808080808081,6.25,1.064855507718407,0.0484699587844047,0.06075782077591968,0.20200929790735245,-0.03039228916168213,0.06210526315789474,0.07413533834586465,0.16766917293233083,0.09699248120300752,0.017293233082706763,0.08045112781954886,-0.048120300751879695,0.09097744360902255,0.02481203007518797,-0.06240601503759398,0.14887218045112782,0.16466165413533831
l1_cqt,group_delay,0.5,16384,1024,20,0.553030303030303,2.0,1.0530477915572551,0.03929005906667489,0.0722947646508195,-0.18251319974660873,-0.1918724775314331,0.049774436090225554,0.05624060150375939,0.13533834586466162,0.04135338345864661,0.042105263157894736,0.10751879699248118,-0.08646616541353382,0.12781954887218044,0.038345864661654135,-0.13609022556390976,0.1195488721804511,0.1406015037593985
l1_cqt,group_delay,1.0,16384,1024,20,0.5454545454545454,1.0,1.0524078746584902,0.02604125847318067,0.11781297281052966,-0.2458990216255188,0.042555928230285645,0.03639097744360903,-0.011879699248120299,0.07593984962406015,-0.019548872180451125,0.04661654135338346,0.08721804511278194,-0.08496240601503759,0.057142857142857134,0.0518796992481203,-0.2045112781954887,0.0924812030075188,0.020300751879699243
l1_cqt,group_delay,0.25,16384,2048,20,0.5707070707070707,6.75,1.0706308104603157,0.04667451748155156,0.066853830384586,0.18566899001598358,0.00015401840209960938,0.05819548872180451,0.09729323308270676,0.13383458646616542,0.19548872180451127,0.042105263157894736,0.13458646616541353,-0.017293233082706763,0.016541353383458645,0.018045112781954885,-0.012781954887218044,0.11428571428571427,0.15263157894736842
l1_cqt,group_delay,0.5,16384,2048,20,0.5631313131313131,3.5,1.0646390399500123,0.028370337307524893,0.0792751214796128,-0.0719449445605278,-0.19091331958770752,0.04601503759398496,0.06601503759398496,0.07593984962406014,0.10676691729323307,0.12255639097744361,0.17969924812030075,-0.06842105263157894,-0.04511278195488721,0.024060150375939848,-0.03984962406015037,0.07593984962406014,0.12857142857142856
l1_cqt,group_delay,1.0,16384,2048,20,0.5606060606060606,2.0,1.0590920964027377,0.02162198334329177,0.11328267040250499,-0.10848177596926689,0.053269147872924805,0.06872180451127821,0.054736842105263174,0.04060150375939849,0.10075187969924812,0.1924812030075188,0.19398496240601504,-0.03609022556390977,-0.057894736842105256,0.10601503759398495,-0.021052631578947364,0.0406015037593985,0.05789473684210525
l1_cqt,group_delay,0.25,16384,4096,20,0.5757575757575758,9.0,1.0707771521265192,0.04402568091020684,0.07126715735447475,0.08759240061044693,0.0007669925689697266,0.06451127819548871,0.06977443609022556,0.21052631578947367,0.17218045112781954,-0.015037593984962403,0.057142857142857134,-0.06917293233082705,0.04360902255639097,0.05037593984962406,-0.07142857142857142,0.1458646616541353,0.14736842105263157
l1_cqt,group_delay,0.5,16384,4096,20,0.5707070707070707,5.25,1.070759597326469,0.037706284974308536,0.10943688262947848,-0.32988907396793365,-0.1071021556854248,0.039548872180451125,0.04165413533834586,0.20676691729323307,0.15639097744360902,-0.005263157894736841,0.06165413533834585,-0.05714285714285714,0.03909774436090225,-0.018045112781954885,-0.11428571428571428,0.07142857142857142,0.06541353383458645
l1_cqt,group_delay,1.0,16384,4096,20,0.5681818181818181,3.75,1.0649989150246912,0.01749142980048688,0.13994295200950835,-0.45086829364299774,-0.004203200340270996,0.03503759398496241,0.03278195488721804,0.19548872180451127,0.15563909774436085,0.03383458646616541,0.030827067669172925,-0.06842105263157894,0.07894736842105263,-0.03759398496240601,-0.12556390977443607,0.051879699248120296,0.024060150375939848
waveform_l2,waveform_l1,0.25,4096,NA,20,0.7247474747474747,28.75,1.1388329294913653,0.03974954320233244,0.0909533620964014,0.49147188663482666,-0.33750760555267334,0.04496240601503758,0.01774436090225564,0.10827067669172932,0.027819548872180445,0.013533834586466164,0.04812030075187969,0.044360902255639094,0.06015037593984962,0.10902255639097744,-0.07894736842105263,-0.05037593984962406,0.031578947368421054
waveform_l2,waveform_l1,0.5,4096,NA,20,0.7247474747474747,28.5,1.1411279498831393,0.039553144551743774,0.11256685762271879,0.4390283674001694,-0.39407217502593994,0.039548872180451125,0.015639097744360897,0.1142857142857143,0.05263157894736842,0.028571428571428567,0.021052631578947364,0.018045112781954885,0.06466165413533834,0.09774436090225563,-0.07819548872180451,-0.060902255639097735,0.018045112781954885
waveform_l2,waveform_l1,1.0,4096,NA,20,0.7222222222222222,28.25,1.1448333679390217,0.0401896837384686,0.15579384204740532,0.3674119859933853,-0.44335508346557617,0.04045112781954887,0.019398496240601505,0.1,0.05413533834586466,0.034586466165413526,0.031578947368421054,0.018045112781954885,0.054887218045112776,0.09398496240601503,-0.05864661654135338,-0.044360902255639094,0.015037593984962403
waveform_l2,waveform_l1,0.25,8192,NA,20,0.6666666666666667,22.25,1.1247942328195726,0.018663003004084404,0.03831138223061602,0.49722059071063995,0.23430824279785156,0.03428571428571429,0.009473684210526311,0.2263157894736842,0.08496240601503759,-0.023308270676691726,0.057142857142857134,0.020300751879699246,-0.009774436090225564,0.04812030075187969,0.009022556390977442,-0.09999999999999998,-0.09398496240601503
waveform_l2,waveform_l1,0.5,8192,NA,20,0.6666666666666666,22.25,1.1316086940950891,0.01721132747578216,0.04572090591171008,0.43330614268779755,0.2922602891921997,0.03789473684210526,0.01368421052631578,0.24360902255639097,0.09624060150375938,-0.015789473684210523,0.05037593984962406,0.011278195488721804,-0.014285714285714284,0.04135338345864661,0.024060150375939844,-0.09097744360902255,-0.08796992481203007
waveform_l2,waveform_l1,1.0,8192,NA,20,0.6717171717171717,21.75,1.1219272911070073,0.01541018835947961,0.06053993277124391,0.35234545171260834,0.2762629985809326,0.02962406015037594,0.0037593984962406013,0.20751879699248119,0.06766917293233082,-0.011278195488721804,0.047368421052631574,0.006766917293233082,-0.03759398496240601,0.03609022556390977,0.024812030075187966,-0.09097744360902255,-0.08345864661654134
waveform_l2,waveform_l1,0.25,16384,NA,20,0.6313131313131313,18.5,1.1041853307070784,0.021633267439714825,0.015579024958816667,0.37637950479984283,-0.0979996919631958,0.009473684210526311,-0.03473684210526316,0.14285714285714285,0.07593984962406014,-0.045112781954887216,0.0706766917293233,0.057894736842105256,-0.10526315789473684,0.06466165413533834,-0.11052631578947368,-0.17293233082706766,-0.10451127819548872
waveform_l2,waveform_l1,0.5,16384,NA,20,0.6363636363636364,18.75,1.1018457869102891,0.021309659332066536,0.019135024383126455,0.34475091099739075,-0.08835291862487793,0.0022556390977443554,-0.03503759398496241,0.12857142857142856,0.0781954887218045,-0.0406015037593985,0.04887218045112781,0.045112781954887216,-0.08421052631578946,0.05789473684210526,-0.11278195488721804,-0.17969924812030075,-0.10526315789473684
waveform_l2,waveform_l1,1.0,16384,NA,20,0.638888888888889,18.75,1.1071026492694498,0.02084711699937925,0.026247036820270735,0.31401993334293365,-0.08181917667388916,-0.0031578947368421095,-0.029172932330827062,0.11578947368421053,0.10601503759398495,-0.047368421052631574,0.060902255639097735,0.04360902255639097,-0.10676691729323307,0.06240601503759398,-0.11203007518796991,-0.19022556390977444,-0.09398496240601503
waveform_l1,waveform_l2,0.25,4096,NA,20,0.7272727272727273,28.25,1.136584414158215,0.04821942728625517,0.10155249591442841,0.2634533420205116,-0.4366893768310547,0.0506766917293233,0.027218045112781954,0.11954887218045111,0.06917293233082705,0.034586466165413526,0.03007518796992481,0.044360902255639094,0.06842105263157894,0.0819548872180451,-0.060150375939849614,-0.027067669172932324,0.028571428571428567
waveform_l1,waveform_l2,0.5,4096,NA,20,0.7297979797979798,28.25,1.1413119208033313,0.04506203612626331,0.12040110528070594,0.30579929053783417,-0.43075430393218994,0.04706766917293233,0.018195488721804508,0.10827067669172932,0.057894736842105256,0.03909774436090225,0.03759398496240601,0.04360902255639097,0.04210526315789473,0.08120300751879699,-0.051127819548872175,-0.03684210526315789,0.004511278195488721
waveform_l1,waveform_l2,1.0,4096,NA,20,0.7222222222222222,28.25,1.1448333679390217,0.0401896837384686,0.15579384204740532,0.3674119859933853,-0.44335508346557617,0.04045112781954887,0.019398496240601505,0.1,0.05413533834586466,0.034586466165413526,0.031578947368421054,0.018045112781954885,0.054887218045112776,0.09398496240601503,-0.05864661654135338,-0.044360902255639094,0.015037593984962403
waveform_l1,waveform_l2,0.25,8192,NA,20,0.6742424242424243,22.0,1.1212901521158165,0.01395958107679797,0.03736354172458767,0.2320968508720398,0.1770329475402832,0.04195488721804511,-0.006165413533834589,0.20751879699248116,0.08496240601503759,-0.007518796992481202,0.045112781954887216,0.04360902255639097,-0.06466165413533834,0.028571428571428567,-0.003007518796992481,-0.06240601503759398,-0.09323308270676692
waveform_l1,waveform_l2,0.5,8192,NA,20,0.6717171717171717,22.0,1.130478621826614,0.013883086288750155,0.04508900447393471,0.27112945914268494,0.20155572891235352,0.028872180451127816,-0.0019548872180451065,0.20601503759398493,0.08571428571428572,-0.015789473684210523,0.047368421052631574,0.013533834586466164,-0.06015037593984962,0.017293233082706767,0.006015037593984961,-0.07669172932330827,-0.08872180451127817
waveform_l1,waveform_l2,1.0,8192,NA,20,0.6717171717171717,21.75,1.1219272911070073,0.01541018835947961,0.06053993277124391,0.35234545171260834,0.2762629985809326,0.02962406015037594,0.0037593984962406013,0.20751879699248119,0.06766917293233082,-0.011278195488721804,0.047368421052631574,0.006766917293233082,-0.03759398496240601,0.03609022556390977,0.024812030075187966,-0.09097744360902255,-0.08345864661654134
waveform_l1,waveform_l2,0.25,16384,NA,20,0.6464646464646465,18.25,1.1071089808480417,0.019838531231426905,0.017229766733156855,0.25193916261196136,-0.07105803489685059,-0.005263157894736847,-0.037142857142857144,0.10977443609022555,0.11353383458646615,-0.04060150375939849,0.024060150375939844,0.054887218045112776,-0.11428571428571428,0.021052631578947364,-0.11729323308270675,-0.17142857142857143,-0.09172932330827066
waveform_l1,waveform_l2,0.5,16384,NA,20,0.6464646464646465,18.5,1.104349687949601,0.02031598234249737,0.020235523099662228,0.2781869024038315,-0.08114290237426758,-0.006165413533834585,-0.037142857142857144,0.12030075187969924,0.10601503759398495,-0.02932330827067669,0.03684210526315789,0.03308270676691729,-0.11654135338345864,0.03233082706766917,-0.1293233082706767,-0.18721804511278195,-0.08270676691729323
waveform_l1,waveform_l2,1.0,16384,NA,20,0.638888888888889,18.75,1.1071026492694498,0.02084711699937925,0.026247036820270735,0.31401993334293365,-0.08181917667388916,-0.0031578947368421095,-0.029172932330827062,0.11578947368421053,0.10601503759398495,-0.047368421052631574,0.060902255639097735,0.04360902255639097,-0.10676691729323307,0.06240601503759398,-0.11203007518796991,-0.19022556390977444,-0.09398496240601503
group_delay,l1_stft,0.25,4096,1024,20,0.5707070707070707,3.0,1.0708473923432265,0.014617231660402534,0.16288119025756115,-0.3489505350589752,0.05309724807739258,0.002857142857142858,0.03172932330827068,0.06390977443609022,0.1300751879699248,-0.05037593984962405,-0.0007518796992481208,-0.015789473684210523,-0.000751879699248119,0.023308270676691726,-0.03458646616541353,-0.006766917293233082,0.06466165413533834
group_delay,l1_stft,0.5,4096,1024,20,0.5757575757575758,3.75,1.0707478897441551,0.026272256471497796,0.22568856473369084,-0.4370056390762329,0.039185404777526855,0.030827067669172932,0.055338345864661645,0.09473684210526315,0.1458646616541353,-0.057142857142857134,-0.009774436090225562,-0.03984962406015037,0.03157894736842105,0.04285714285714285,-0.045864661654135344,0.11353383458646615,0.15488721804511277
group_delay,l1_stft,1.0,4096,1024,20,0.5757575757575758,6.0,1.075507228637303,0.048436735454372715,0.3519424155511538,-0.36869658529758453,-0.1078498363494873,0.03924812030075188,0.09218045112781953,0.08120300751879699,0.16917293233082703,-0.07969924812030074,0.02330827067669173,-0.05563909774436089,0.06015037593984962,0.05864661654135338,0.017293233082706767,0.19172932330827067,0.19097744360902252
group_delay,l1_stft,0.25,4096,2048,20,0.5757575757575758,7.0,1.081595166373629,0.04261761613427792,0.2937460500961322,-0.29628516733646393,-0.17776775360107422,0.019548872180451125,0.06466165413533835,0.12030075187969924,0.14962406015037594,0.03233082706766917,0.02706766917293233,-0.034586466165413526,0.0631578947368421,-0.006766917293233082,-0.0631578947368421,-0.013533834586466164,0.14661654135338345
group_delay,l1_stft,0.5,4096,2048,20,0.5858585858585859,7.5,1.0869024556629485,0.05686108625231924,0.3743848363157698,-0.28010132163763046,-0.17425012588500977,0.05518796992481203,0.08135338345864661,0.12781954887218044,0.13984962406015036,-0.0007518796992481216,0.03759398496240601,-0.011278195488721804,0.05639097744360902,0.08195488721804511,-0.03157894736842105,0.07819548872180451,0.2045112781954887
group_delay,l1_stft,1.0,4096,2048,20,0.5984848484848484,10.75,1.0858794418078466,0.09078528910264352,0.566724501038208,-0.10272391885519028,-0.17076611518859863,0.06526315789473684,0.11248120300751878,0.17593984962406015,0.16466165413533831,-0.047368421052631574,0.05864661654135338,0.014285714285714284,0.09022556390977443,0.06466165413533834,0.023308270676691722,0.11879699248120301,0.22556390977443608
group_delay,l1_stft,0.25,4096,4096,20,0.5732323232323233,10.0,1.084047722300642,0.04920919669344065,0.298478681439284,-0.24414339661598206,-0.16860222816467285,0.05007518796992481,0.10526315789473681,0.19248120300751878,0.22105263157894733,-0.04661654135338345,0.017293233082706763,-0.012030075187969924,0.060902255639097735,0.05714285714285714,0.04586466165413533,0.05939849624060149,0.18120300751879698
group_delay,l1_stft,0.5,4096,4096,20,0.5833333333333334,14.0,1.091137391751795,0.0714842446037886,0.4371952413851297,-0.23958167433738708,-0.2109745740890503,0.06270676691729324,0.1282706766917293,0.1631578947368421,0.1977443609022556,-0.027819548872180452,-0.005263157894736841,-0.004511278195488721,0.09248120300751879,0.059398496240601506,0.10075187969924812,0.12330827067669171,0.2556390977443609
group_delay,l1_stft,1.0,4096,4096,20,0.5959595959595959,19.5,1.0971798791042415,0.11175918539284296,0.6312264072988345,0.18099457770586014,0.26236844062805176,0.09308270676691728,0.1407518796992481,0.1827067669172932,0.21729323308270676,0.012030075187969926,-0.004511278195488721,0.05263157894736842,0.09774436090225562,0.09473684210526315,0.12180451127819547,0.12330827067669173,0.2714285714285714
group_delay,l1_stft,0.25,8192,1024,20,0.547979797979798,2.0,1.0588863303598568,0.010275541476943022,0.08046833524633051,-0.23541726171970367,0.11575281620025635,0.010676691729323307,0.007218045112781948,0.08345864661654134,-0.03308270676691729,-0.003759398496240601,0.12556390977443607,-0.009022556390977442,0.054135338345864654,-0.051127819548872175,-0.12706766917293233,0.03383458646616541,0.016541353383458645
group_delay,l1_stft,0.5,8192,1024,20,0.5555555555555556,2.0,1.0592498075171273,0.014983390958066709,0.14210834584098647,-0.3042503744363785,0.09854531288146973,0.015639097744360904,0.031127819548872178,0.08120300751879699,-0.0518796992481203,-0.018045112781954885,0.13458646616541353,0.003759398496240601,0.07593984962406014,-0.04586466165413533,-0.08571428571428572,0.05714285714285714,0.08270676691729323
group_delay,l1_stft,1.0,8192,1024,20,0.5631313131313131,3.25,1.0704440457842135,0.0325299254585205,0.22309242918219074,-0.27063220739364624,0.10994434356689453,0.03609022556390977,0.06180451127819549,0.04586466165413534,-0.06390977443609022,-0.016541353383458645,0.12556390977443607,0.08721804511278194,0.11428571428571428,-0.009022556390977442,-0.02857142857142857,0.07293233082706765,0.16165413533834588
group_delay,l1_stft,0.25,8192,2048,20,0.5707070707070707,3.5,1.0707625251576474,0.027067279893692023,0.1667783629820193,-0.3042050004005432,0.1097484827041626,0.025112781954887215,0.059548872180451115,0.02481203007518797,0.11729323308270675,0.017293233082706767,0.012781954887218044,0.013533834586466162,0.04135338345864661,0.06165413533834586,0.06165413533834585,0.00827067669172932,0.06466165413533834
group_delay,l1_stft,0.5,8192,2048,20,0.5757575757575758,4.75,1.0704673993967673,0.0471120290479729,0.21764992074566225,-0.2837798744440079,0.07193410396575928,0.06345864661654135,0.0944360902255639,0.05939849624060149,0.1150375939849624,0.034586466165413526,0.047368421052631574,0.054135338345864654,0.05939849624060149,0.09398496240601503,0.09548872180451126,0.07518796992481203,0.15488721804511277
group_delay,l1_stft,1.0,8192,2048,20,0.5858585858585859,6.25,1.0759121957811744,0.07161616106888172,0.36701758059405143,-0.07388024777173996,0.00993049144744873,0.08526315789473685,0.12661654135338343,0.11278195488721804,0.1526315789473684,0.008270676691729323,0.03684210526315789,0.11954887218045113,0.07593984962406014,0.030827067669172932,0.1263157894736842,0.15488721804511277,0.2413533834586466
group_delay,l1_stft,0.25,8192,4096,20,0.5858585858585859,8.25,1.0813583727713727,0.04189552474010852,0.23081363402515953,-0.30871234834194183,-0.05800199508666992,0.02496240601503759,0.04616541353383459,0.15864661654135337,0.0962406015037594,0.024060150375939848,0.002255639097744361,-0.118796992481203,0.10902255639097744,0.03308270676691729,-0.04661654135338346,0.02781954887218045,0.06992481203007518
group_delay,l1_stft,0.5,8192,4096,20,0.5909090909090908,10.25,1.0839837652828277,0.06279239417667618,0.30773488536412585,-0.2829236090183258,-0.08610308170318604,0.056992481203007504,0.0762406015037594,0.15939849624060148,0.1218045112781955,-0.0037593984962406013,0.022556390977443608,-0.03984962406015037,0.12857142857142856,0.03834586466165413,-0.044360902255639094,0.1308270676691729,0.1526315789473684
group_delay,l1_stft,1.0,8192,4096,20,0.5959595959595959,12.5,1.0870933196039807,0.09965514762516921,0.476418863354577,0.05498974584043026,0.1554720401763916,0.10661654135338346,0.1481203007518797,0.19849624060150378,0.16466165413533834,0.006766917293233082,0.057142857142857134,0.03909774436090225,0.12481203007518797,0.08270676691729321,0.06015037593984962,0.20601503759398496,0.3338345864661654
group_delay,l1_stft,0.25,16384,1024,20,0.5454545454545454,1.0,1.0530361063487697,0.00985750334157343,0.06794309963988472,-0.2182774692773819,0.18879282474517822,0.0025563909774436095,-0.027218045112781954,0.03609022556390977,-0.030075187969924807,0.04661654135338346,0.04586466165413533,-0.0744360902255639,-0.005263157894736841,-0.05413533834586466,-0.12406015037593984,0.05864661654135338,-0.022556390977443608
group_delay,l1_stft,0.5,16384,1024,20,0.5454545454545454,1.0,1.0531061666513248,0.016536298665292454,0.11465525057802975,-0.21511715650558472,0.12999844551086426,0.026766917293233085,0.006917293233082706,0.07218045112781954,0.014285714285714282,0.05563909774436089,0.06616541353383458,-0.05864661654135338,0.003007518796992481,-0.021052631578947364,-0.12330827067669171,0.08571428571428572,0.0744360902255639
group_delay,l1_stft,1.0,16384,1024,20,0.5555555555555556,2.0,1.0584669770969584,0.037695571703445625,0.17762824966553586,-0.20768874883651733,-0.014899969100952148,0.047969924812030065,0.049774436090225554,0.09548872180451126,0.06917293233082705,0.06015037593984962,0.07744360902255638,0.0443609022556391,0.018796992481203006,-0.048120300751879695,-0.0556390977443609,0.08796992481203006,0.13909774436090225
group_delay,l1_stft,0.25,16384,2048,20,0.5555555555555556,2.0,1.0585586401874219,0.022659654918794327,0.1283636640413513,-0.1287350431084633,0.38028883934020996,0.0669172932330827,0.027218045112781957,0.024812030075187966,0.07819548872180451,0.19624060150375938,0.12631578947368421,-0.014285714285714284,-0.06917293233082705,0.05338345864661653,-0.03834586466165413,0.0744360902255639,0.03909774436090225
group_delay,l1_stft,0.5,16384,2048,20,0.5606060606060606,2.0,1.0618725880989537,0.04283220943388476,0.17636984154341834,-0.16094418615102768,0.1760486364364624,0.07022556390977444,0.05413533834586466,0.03233082706766917,0.08195488721804511,0.2082706766917293,0.12932330827067667,-0.005263157894736841,-0.02781954887218045,0.04436090225563909,-0.030075187969924807,0.07142857142857142,0.11729323308270674
group_delay,l1_stft,1.0,16384,2048,20,0.5707070707070707,4.0,1.0643664546455598,0.06938518743759078,0.2658098211975135,-0.022797677665948868,0.005475640296936035,0.07488721804511277,0.07593984962406014,0.05789473684210525,0.0819548872180451,0.1894736842105263,0.06466165413533834,-0.040601503759398486,0.012781954887218042,0.060902255639097735,0.02180451127819549,0.10676691729323307,0.19849624060150375
group_delay,l1_stft,0.25,16384,4096,20,0.5681818181818181,3.5,1.0702092667624723,0.016995929594774264,0.11943642115581124,-0.3697572648525238,-0.04503333568572998,0.03804511278195488,0.03578947368421051,0.1676691729323308,0.1451127819548872,0.03308270676691729,0.020300751879699243,-0.05413533834586466,0.12255639097744359,-0.004511278195488721,-0.08345864661654134,0.048120300751879695,-0.025563909774436084
group_delay,l1_stft,0.5,16384,4096,20,0.5757575757575758,5.0,1.0650193067932492,0.03815098375228291,0.20260068531189862,-0.3533123731613159,-0.012869119644165039,0.04872180451127819,0.04436090225563909,0.22180451127819545,0.1338345864661654,0.021052631578947368,0.02631578947368421,-0.07894736842105263,0.13684210526315788,-0.054887218045112776,-0.08195488721804511,0.13458646616541353,0.006766917293233082
group_delay,l1_stft,1.0,16384,4096,20,0.5757575757575758,8.5,1.0699985222051458,0.09052262217954668,0.3294127685942836,-0.10378217697143555,0.06173884868621826,0.06676691729323307,0.09533834586466164,0.26090225563909775,0.14360902255639096,0.024060150375939848,0.037593984962406006,-0.03609022556390977,0.14436090225563908,-0.06466165413533834,-0.0015037593984962416,0.14962406015037594,0.1526315789473684
group_delay,l1_cqt,0.25,4096,1024,20,0.5656565656565656,3.0,1.07061680646777,0.008830477607362726,0.0902473954876411,-0.2856084108352661,-0.07422411441802979,0.0006015037593984946,-0.0021052631578947316,0.04962406015037593,0.09323308270676692,-0.07293233082706767,-0.008270676691729323,-0.009022556390977442,0.0015037593984962398,0.05263157894736842,-0.11879699248120298,-0.017293233082706763,0.021804511278195483
group_delay,l1_cqt,0.5,4096,1024,20,0.5681818181818182,3.0,1.0651012221636058,0.00865522839637924,0.092620647950412,-0.3023693710565567,-0.035025596618652344,-0.0063157894736842165,-0.0021052631578947385,0.04360902255639097,0.09548872180451126,-0.0962406015037594,-0.003007518796992481,-0.019548872180451128,-0.0045112781954887195,0.060150375939849614,-0.1150375939849624,-0.019548872180451128,0.016541353383458645
group_delay,l1_cqt,1.0,4096,1024,20,0.5732323232323232,3.0,1.0700633531801245,0.010023017925218702,0.0947915107813471,-0.32102809846401215,0.02246534824371338,-0.00977443609022556,0.005263157894736845,0.0015037593984962398,0.09924812030075188,-0.09849624060150375,0.005263157894736841,-0.02932330827067669,0.009022556390977442,0.08496240601503759,-0.10827067669172931,-0.007518796992481202,0.021052631578947364
group_delay,l1_cqt,0.25,4096,2048,20,0.5757575757575758,6.0,1.0817418402378314,0.020517054961437575,0.1773667320538242,-0.27414675056934357,-0.14347362518310547,0.009022556390977439,0.04165413533834587,0.08872180451127817,0.15789473684210525,0.02932330827067669,0.02180451127819549,-0.03308270676691729,0.06616541353383458,-0.042105263157894736,-0.08421052631578946,0.002255639097744358,0.04661654135338346
group_delay,l1_cqt,0.5,4096,2048,20,0.5732323232323233,6.0,1.0840183994779218,0.022220263584960917,0.18649247259818658,-0.288078710436821,-0.12755095958709717,0.006466165413533831,0.035338345864661655,0.06917293233082705,0.14736842105263157,0.04586466165413533,0.026315789473684206,-0.04436090225563909,0.06616541353383458,-0.0406015037593985,-0.09999999999999999,0.0022556390977443615,0.036842105263157884
group_delay,l1_cqt,1.0,4096,2048,20,0.5757575757575758,6.0,1.0837184083417157,0.024730625812698075,0.20339132012629696,-0.2930350750684738,-0.0964881181716919,0.003909774436090224,0.038646616541353374,0.07744360902255637,0.15864661654135337,0.041353383458646614,0.022556390977443604,-0.04661654135338345,0.07894736842105263,-0.011278195488721804,-0.10451127819548872,-0.041353383458646614,0.03759398496240601
group_delay,l1_cqt,0.25,4096,4096,20,0.5707070707070707,10.0,1.0811873236762999,0.024451880669941226,0.1834364744223892,-0.1095777302980423,-0.025734901428222656,0.02150375939849624,0.03969924812030074,0.18796992481203006,0.1969924812030075,-0.04586466165413533,-0.006015037593984961,-0.01804511278195488,0.06917293233082707,0.03233082706766917,-0.05789473684210526,-0.04887218045112782,-0.0037593984962406048
group_delay,l1_cqt,0.5,4096,4096,20,0.5681818181818181,10.0,1.0867553699212942,0.026149886296796293,0.1960905174176497,-0.12663397938013077,-0.025047779083251953,0.012781954887218042,0.039849624060150385,0.1864661654135338,0.19398496240601504,-0.06691729323308271,-0.012781954887218044,-0.024812030075187966,0.08195488721804511,0.027819548872180445,-0.05864661654135338,-0.05864661654135338,-0.005263157894736841
group_delay,l1_cqt,1.0,4096,4096,20,0.5732323232323233,9.75,1.0868819592165604,0.025921720828887433,0.21908476927907541,-0.1611381247639656,-0.025751471519470215,0.013834586466165416,0.03548872180451128,0.19248120300751878,0.18796992481203006,-0.06015037593984962,-0.03007518796992481,-0.024812030075187966,0.08421052631578946,0.027067669172932327,-0.07067669172932331,-0.06541353383458645,0.006015037593984963
group_delay,l1_cqt,0.25,8192,1024,20,0.5454545454545454,2.0,1.0591096149630284,0.007289993044433903,0.05401715860363999,-0.1899375468492508,0.11103701591491699,-0.01263157894736842,-0.004661654135338348,0.07969924812030074,-0.03233082706766917,-0.009774436090225562,0.11052631578947367,-0.08270676691729323,0.04812030075187969,-0.05338345864661654,-0.1819548872180451,0.0030075187969924805,0.03233082706766917
group_delay,l1_cqt,0.5,8192,1024,20,0.5505050505050505,2.0,1.0591329800387776,0.008821457390436823,0.05749977008178141,-0.21430911868810654,0.1335381269454956,0.0019548872180451113,-0.00045112781954887023,0.10601503759398495,-0.0037593984962406013,-0.005263157894736841,0.11729323308270677,-0.07142857142857142,0.060902255639097735,-0.04586466165413533,-0.18345864661654132,0.026315789473684206,0.006766917293233081
group_delay,l1_cqt,1.0,8192,1024,20,0.553030303030303,2.0,1.0592439667250206,0.008307891228019403,0.07419627380520644,-0.24388772249221802,0.17633628845214844,0.005263157894736842,0.004661654135338351,0.10300751879699246,-0.0030075187969924805,0.015037593984962405,0.12631578947368421,-0.06541353383458645,0.08270676691729323,-0.05263157894736842,-0.1609022556390977,0.02631578947368421,-0.021804511278195486
group_delay,l1_cqt,0.25,8192,2048,20,0.5656565656565656,3.0,1.0700438929614045,0.008083134878680403,0.10260894920804725,-0.25057073682546616,0.061193227767944336,0.013533834586466167,0.010526315789473682,0.025563909774436098,0.08796992481203006,-0.03909774436090225,-0.0037593984962406013,0.04962406015037594,0.018796992481203003,0.024060150375939848,-0.016541353383458645,0.007518796992481203,-0.033834586466165405
group_delay,l1_cqt,0.5,8192,2048,20,0.5656565656565656,3.25,1.06479139248208,0.010160588991161519,0.11621512146335461,-0.2814558893442154,0.0941087007522583,0.007218045112781957,0.02781954887218045,0.016541353383458652,0.07293233082706765,-0.04661654135338345,0.0,0.03684210526315789,0.041353383458646614,0.044360902255639094,0.02631578947368421,-0.015037593984962405,-0.0015037593984962403
group_delay,l1_cqt,1.0,8192,2048,20,0.5707070707070707,3.25,1.0706659497179607,0.015323597515790356,0.1282137508895668,-0.3189682513475418,0.11082208156585693,0.01924812030075188,0.041503759398496244,0.010526315789473686,0.11203007518796992,-0.03609022556390977,-0.022556390977443604,0.03383458646616541,0.06466165413533835,0.04962406015037594,0.041353383458646614,0.03834586466165413,0.012030075187969922
group_delay,l1_cqt,0.25,8192,4096,20,0.5757575757575758,6.75,1.0818159532792162,0.014024680309380862,0.12620898460969276,-0.21517860144376755,-0.046181321144104004,0.022255639097744355,0.01082706766917293,0.1639097744360902,0.09473684210526315,0.03909774436090225,-0.015037593984962405,-0.10827067669172931,0.10451127819548871,0.06842105263157894,-0.060150375939849614,-0.05187969924812029,-0.06992481203007517
group_delay,l1_cqt,0.5,8192,4096,20,0.5732323232323233,6.75,1.081272597239495,0.016261249091872914,0.1421645702225014,-0.24263185262680054,-0.06180107593536377,0.024661654135338336,0.01218045112781955,0.16616541353383457,0.09849624060150375,0.0631578947368421,-0.007518796992481203,-0.11654135338345864,0.08646616541353383,0.07368421052631578,-0.06090225563909774,-0.0631578947368421,-0.05563909774436089
group_delay,l1_cqt,1.0,8192,4096,20,0.5808080808080809,7.0,1.0815930743771802,0.01894676417329077,0.16540787912196145,-0.29981034994125366,-0.0964057445526123,0.019398496240601505,0.03443609022556391,0.15413533834586465,0.10225563909774435,0.03533834586466165,0.012781954887218044,-0.12406015037593981,0.09172932330827067,0.07894736842105263,-0.015037593984962405,-0.047368421052631574,-0.019548872180451125
group_delay,l1_cqt,0.25,16384,1024,20,0.5429292929292929,1.0,1.052717682813575,0.010840046248883316,0.05834428750000947,-0.1743238866329193,0.1689084768295288,0.009022556390977442,-0.03308270676691728,0.04812030075187969,-0.02781954887218045,0.04285714285714285,0.05639097744360902,-0.0857142857142857,0.010526315789473686,-0.017293233082706763,-0.15037593984962402,0.057142857142857134,-0.054135338345864654
group_delay,l1_cqt,0.5,16384,1024,20,0.5454545454545454,1.0,1.0530770450085942,0.017437614903053185,0.07825285949054399,-0.19142519682645798,0.13292920589447021,0.009774436090225562,-0.02857142857142857,0.041353383458646614,-0.03383458646616541,0.034586466165413526,0.04210526315789473,-0.09924812030075188,0.013533834586466164,0.012030075187969924,-0.14285714285714285,0.06015037593984962,-0.021804511278195486
group_delay,l1_cqt,1.0,16384,1024,20,0.5454545454545454,1.0,1.0524078746584902,0.02604125847318067,0.11781297281052966,-0.2458990216255188,0.042555928230285645,0.03639097744360903,-0.011879699248120299,0.07593984962406015,-0.019548872180451125,0.04661654135338346,0.08721804511278194,-0.08496240601503759,0.057142857142857134,0.0518796992481203,-0.2045112781954887,0.0924812030075188,0.020300751879699243
group_delay,l1_cqt,0.25,16384,2048,20,0.5555555555555556,1.75,1.0590570449731593,0.01633812417566429,0.08992474603012379,-0.031961302272975445,0.17844510078430176,0.07744360902255638,-0.00496240601503759,0.04210526315789473,0.06240601503759398,0.20526315789473681,0.11503759398496241,-0.006015037593984961,-0.07819548872180451,0.10225563909774435,-0.09999999999999999,0.04360902255639097,-0.024060150375939848
group_delay,l1_cqt,0.5,16384,2048,20,0.5555555555555556,1.5,1.0591563433979139,0.01627665242997188,0.09682003248978768,-0.07127199321985245,0.15076470375061035,0.08375939849624059,0.018646616541353377,0.061654135338345864,0.0781954887218045,0.20300751879699247,0.13533834586466165,-0.007518796992481202,-0.07067669172932331,0.09849624060150375,-0.06390977443609022,0.0631578947368421,0.014285714285714284
group_delay,l1_cqt,1.0,16384,2048,20,0.5606060606060606,2.0,1.0590920964027377,0.02162198334329177,0.11328267040250499,-0.10848177596926689,0.053269147872924805,0.06872180451127821,0.054736842105263174,0.04060150375939849,0.10075187969924812,0.1924812030075188,0.19398496240601504,-0.03609022556390977,-0.057894736842105256,0.10601503759398495,-0.021052631578947364,0.0406015037593985,0.05789473684210525
group_delay,l1_cqt,0.25,16384,4096,20,0.5656565656565656,3.25,1.0668991939460206,0.0038788227077500284,0.05775160782859538,-0.29432809352874756,0.011187076568603516,0.04225563909774435,-0.0006015037593984946,0.1609022556390977,0.11654135338345864,0.021052631578947364,-0.022556390977443608,-0.003007518796992482,0.08721804511278194,0.012781954887218044,-0.09924812030075186,0.019548872180451125,-0.08496240601503759
group_delay,l1_cqt,0.5,16384,4096,20,0.5656565656565656,3.5,1.0646177593434034,0.0069245724822459154,0.08498897270221759,-0.35738976299762726,0.021840333938598633,0.027368421052631577,0.0070676691729323225,0.1714285714285714,0.15488721804511274,0.018045112781954885,-0.006015037593984962,-0.06616541353383458,0.07969924812030074,-0.007518796992481201,-0.11278195488721804,0.021052631578947368,-0.08045112781954886
group_delay,l1_cqt,1.0,16384,4096,20,0.5681818181818181,3.75,1.0649989150246912,0.01749142980048688,0.13994295200950835,-0.45086829364299774,-0.004203200340270996,0.03503759398496241,0.03278195488721804,0.19548872180451127,0.15563909774436085,0.03383458646616541,0.030827067669172925,-0.06842105263157894,0.07894736842105263,-0.03759398496240601,-0.12556390977443607,0.051879699248120296,0.024060150375939848
group_delay,waveform_l2,0.25,4096,1024,20,0.5707070707070707,3.0,1.0675688888893353,0.00829795536066935,0.10242437025511206,-0.2736334651708603,-0.03051459789276123,-0.002406015037593988,0.00917293233082706,0.0819548872180451,0.12105263157894736,-0.06541353383458647,0.0007518796992481202,-0.030827067669172932,0.03984962406015037,0.051127819548872175,-0.13157894736842105,-0.04887218045112782,0.015789473684210523
group_delay,waveform_l2,0.5,4096,1024,20,0.5732323232323233,3.25,1.0698491642350458,0.009375824075729572,0.131882706209503,-0.28903189301490784,0.022611379623413086,0.00045112781954887435,0.01398496240601504,0.07443609022556391,0.12406015037593984,-0.035338345864661655,-0.012781954887218044,-0.03233082706766917,0.03834586466165413,0.06240601503759398,-0.10902255639097744,-0.0669172932330827,0.02932330827067669
group_delay,waveform_l2,1.0,4096,1024,20,0.5757575757575757,3.75,1.0702327215278553,0.01219164052605057,0.14914800425833652,-0.2637941986322403,-0.006055355072021484,-0.012030075187969927,0.023157894736842103,0.09548872180451126,0.12857142857142856,-0.03684210526315789,0.03082706766917293,-0.05639097744360902,0.024060150375939848,0.025563909774436087,-0.09999999999999998,-0.08796992481203007,0.03233082706766917
group_delay,waveform_l2,0.25,4096,2048,20,0.5782828282828283,6.25,1.0816517076570453,0.021404522375882626,0.19154711947297792,-0.2715694010257721,-0.16140151023864746,0.015187969924812028,0.04766917293233082,0.118796992481203,0.14060150375939845,0.04360902255639097,0.044360902255639094,-0.04661654135338345,0.057142857142857134,-0.025563909774436087,-0.06315789473684211,-0.014285714285714284,0.05939849624060149
group_delay,waveform_l2,0.5,4096,2048,20,0.5782828282828283,6.75,1.0844297549576094,0.025525916490518948,0.1968586354716021,-0.22775150835514069,-0.058827996253967285,0.012631578947368428,0.04421052631578947,0.12481203007518797,0.09398496240601503,0.03759398496240601,0.03233082706766917,-0.06240601503759398,0.0631578947368421,0.011278195488721804,-0.047368421052631574,-0.048120300751879695,0.07894736842105263
group_delay,waveform_l2,1.0,4096,2048,20,0.5909090909090908,7.5,1.0814229501605037,0.02360924252066089,0.21916567702849588,-0.15716078132390976,0.062029480934143066,0.005263157894736845,0.048120300751879695,0.13383458646616542,0.06766917293233082,0.012030075187969922,0.03609022556390977,-0.0819548872180451,0.11353383458646615,0.027067669172932327,-0.06466165413533834,-0.06466165413533834,0.08796992481203007
group_delay,waveform_l2,0.25,4096,4096,20,0.5707070707070707,10.25,1.0815981806764023,0.029665703548738813,0.20196475901651337,-0.05909166485071182,-0.1699216365814209,0.01969924812030075,0.04962406015037593,0.1932330827067669,0.1819548872180451,-0.04962406015037593,0.02030075187969925,-0.024060150375939844,0.08796992481203006,0.05263157894736841,-0.07218045112781954,-0.07368421052631578,0.030075187969924807
group_delay,waveform_l2,0.5,4096,4096,20,0.5757575757575758,10.5,1.088945552465773,0.03357720248223889,0.22453057113980943,-0.07265143468976021,-0.21245181560516357,0.02120300751879699,0.05022556390977443,0.19999999999999996,0.19398496240601504,-0.039097744360902256,-0.007518796992481202,-0.007518796992481203,0.09172932330827067,0.014285714285714284,-0.051127819548872175,-0.06165413533834586,0.024060150375939844
group_delay,waveform_l2,1.0,4096,4096,20,0.5833333333333334,13.0,1.0893651038076935,0.030687063993548667,0.26526604231141726,-0.08682635612785816,-0.14720773696899414,0.029774436090225558,0.04165413533834587,0.2413533834586466,0.16917293233082709,-0.025563909774436087,-0.03759398496240601,-0.055639097744360905,0.10751879699248118,0.05263157894736842,-0.07443609022556391,-0.06390977443609022,0.04360902255639097
group_delay,waveform_l2,0.25,8192,1024,20,0.5505050505050505,2.0,1.0591972392438713,0.007703273855045705,0.06717045449771884,-0.1793164759874344,0.18906819820404053,-0.020150375939849623,-0.006466165413533831,0.015037593984962403,0.024812030075187966,0.006015037593984962,0.11353383458646615,-0.07067669172932331,0.01804511278195489,-0.028571428571428567,-0.21503759398496236,-0.022556390977443608,0.02631578947368421
group_delay,waveform_l2,0.5,8192,1024,20,0.5505050505050505,2.0,1.0555773376359157,0.00726545182915363,0.06308812487641917,-0.1819913387298584,0.20036768913269043,-0.02090225563909774,-0.009924812030075187,0.044360902255639094,0.04887218045112782,-0.015789473684210527,0.08345864661654134,-0.07518796992481201,0.00827067669172932,-0.011278195488721804,-0.2015037593984962,-0.04661654135338346,0.011278195488721802
group_delay,waveform_l2,1.0,8192,1024,20,0.5580808080808081,2.5,1.0638090629336068,0.009091073980566912,0.07705094004331056,-0.28178806602954865,0.33640146255493164,-0.02962406015037593,-0.018646616541353377,0.05338345864661653,0.06390977443609022,-0.026315789473684206,0.0368421052631579,-0.08120300751879697,-0.0015037593984962403,-0.007518796992481203,-0.17669172932330823,-0.08646616541353382,-0.015789473684210523
group_delay,waveform_l2,0.25,8192,2048,20,0.5707070707070707,3.25,1.070128116526408,0.005567615114639428,0.08734690070319029,-0.2161591425538063,0.024598121643066406,0.016541353383458645,0.010075187969924812,0.05939849624060149,0.11052631578947368,-0.054887218045112776,-0.012030075187969922,0.05714285714285714,-0.007518796992481201,0.03984962406015037,-0.035338345864661655,-0.018796992481203006,-0.005263157894736841
group_delay,waveform_l2,0.5,8192,2048,20,0.5707070707070707,3.5,1.0690878218499937,0.005930502259744452,0.08619594848795048,-0.17513972520828247,0.05351841449737549,0.026315789473684202,0.004360902255639102,0.060150375939849614,0.1218045112781955,-0.020300751879699246,-0.012781954887218044,0.06766917293233082,0.007518796992481203,0.033834586466165405,-0.03759398496240601,-0.009774436090225562,-0.057142857142857134
group_delay,waveform_l2,1.0,8192,2048,20,0.5757575757575757,4.0,1.0707830048142029,0.011176535796490642,0.10241190232012613,-0.13321762718260288,0.10751903057098389,0.030075187969924803,-0.0022556390977443593,0.07368421052631578,0.11353383458646615,-0.02631578947368421,-0.024060150375939844,0.0819548872180451,-0.0015037593984962403,0.054135338345864654,-0.05338345864661653,-0.03308270676691729,-0.04586466165413534
group_delay,waveform_l2,0.25,8192,4096,20,0.5757575757575758,7.25,1.0817514358096156,0.017247359728268012,0.12441515539718387,-0.21286843717098236,-0.0003459453582763672,0.012481203007518796,0.006466165413533833,0.15789473684210525,0.08496240601503757,0.03909774436090225,-0.014285714285714284,-0.12481203007518796,0.07443609022556391,0.037593984962406006,-0.06541353383458645,-0.047368421052631574,-0.047368421052631574
group_delay,waveform_l2,0.5,8192,4096,20,0.5808080808080809,7.5,1.0754639164213837,0.020794635546142623,0.13950486505951515,-0.1939087137579918,0.0670093297958374,0.013834586466165418,0.00902255639097744,0.16466165413533834,0.08721804511278194,0.03759398496240601,-0.0007518796992481203,-0.11654135338345863,0.08496240601503757,0.03909774436090225,-0.0556390977443609,-0.05563909774436089,-0.0706766917293233
group_delay,waveform_l2,1.0,8192,4096,20,0.5883838383838383,7.75,1.078318559031013,0.020178368029912942,0.15454203725123156,-0.2335485816001892,0.13160908222198486,0.0036090225563909797,0.0073684210526315744,0.12706766917293233,0.0932330827067669,0.006766917293233081,-0.006766917293233083,-0.11654135338345864,0.07368421052631578,0.054887218045112776,-0.027067669172932324,-0.054135338345864654,-0.0962406015037594
group_delay,waveform_l2,0.25,16384,1024,20,0.547979797979798,1.0,1.052930923812991,0.00397497125253697,0.03833016729482444,-0.10527050122618675,0.29912269115448,-0.008120300751879698,-0.053984962406015025,0.015789473684210527,-0.030827067669172932,0.035338345864661655,0.04285714285714286,-0.08270676691729323,-0.047368421052631574,-0.022556390977443608,-0.11804511278195487,0.013533834586466164,-0.11654135338345864
group_delay,waveform_l2,0.5,16384,1024,20,0.5454545454545454,1.0,1.0529253997234524,0.004542888269837845,0.05084406794546578,-0.1315438710153103,0.3585401773452759,-0.000902255639097744,-0.042706766917293235,0.051879699248120296,-0.03007518796992481,0.016541353383458645,0.024812030075187966,-0.06842105263157894,0.018045112781954885,-0.006015037593984961,-0.12706766917293233,0.0015037593984962405,-0.09924812030075186
group_delay,waveform_l2,1.0,16384,1024,20,0.5454545454545454,1.0,1.0531237134857427,0.003903961335765262,0.04505212860925327,-0.13602958992123604,0.45435118675231934,-0.0010526315789473716,-0.036390977443609016,0.07293233082706765,0.025563909774436087,0.012030075187969922,0.024060150375939844,-0.09774436090225563,0.006015037593984961,0.023308270676691726,-0.11654135338345864,-0.015789473684210523,-0.12105263157894736
group_delay,waveform_l2,0.25,16384,2048,20,0.5555555555555556,2.0,1.0590117043443228,0.009949769078631123,0.07198478131500693,0.029729480855166912,0.28613460063934326,0.0469172932330827,0.00646616541353383,0.021052631578947368,0.07142857142857141,0.1458646616541353,0.12857142857142856,0.0007518796992481199,-0.06390977443609022,0.06992481203007518,-0.09172932330827066,-0.0030075187969924814,-0.012030075187969924
group_delay,waveform_l2,0.5,16384,2048,20,0.5555555555555556,2.0,1.0591505026058075,0.00933936556658559,0.06210229105364283,0.05171828344464302,0.32294225692749023,0.039999999999999994,0.015488721804511274,0.04210526315789473,0.04586466165413533,0.08646616541353383,0.10526315789473684,0.0015037593984962407,-0.048120300751879695,0.060902255639097735,-0.048120300751879695,0.009022556390977442,0.022556390977443608
group_delay,waveform_l2,1.0,16384,2048,20,0.553030303030303,2.0,1.058735726233547,0.007094296700783565,0.05577721658207094,0.0051784031093120575,0.359153151512146,0.021654135338345863,0.01744360902255639,0.05939849624060149,0.11278195488721804,0.012030075187969922,0.11278195488721804,-0.004511278195488721,-0.07368421052631578,0.05639097744360902,-0.057894736842105256,-0.015037593984962405,-0.006766917293233084
group_delay,waveform_l2,0.25,16384,4096,20,0.5656565656565656,3.0,1.0649520407472424,0.003585520785484876,0.024240295082949562,-0.20926760882139206,0.0804818868637085,0.01368421052631579,0.0021052631578947377,0.10526315789473684,0.10225563909774435,-0.006015037593984959,-0.02481203007518797,-0.019548872180451125,0.07293233082706765,-0.006766917293233082,-0.08872180451127819,-0.004511278195488721,-0.051127819548872175
group_delay,waveform_l2,0.5,16384,4096,20,0.5656565656565656,3.25,1.0722762920478357,0.0043355047797006135,0.030289007182329356,-0.20186474919319153,0.010468602180480957,0.005714285714285715,-0.012030075187969924,0.10225563909774435,0.07593984962406014,0.03007518796992481,-0.011278195488721804,-0.03383458646616541,0.054887218045112776,-0.04511278195488721,-0.1007518796992481,-0.024812030075187966,-0.07894736842105263
group_delay,waveform_l2,1.0,16384,4096,20,0.5656565656565657,3.5,1.0729836963437993,0.0073852273825755,0.05233004046697278,-0.18761976808309555,0.028557419776916504,0.012330827067669173,-0.039097744360902256,0.1631578947368421,0.060150375939849614,0.027819548872180445,-0.034586466165413526,-0.03458646616541353,0.023308270676691726,-0.0518796992481203,-0.12706766917293233,-0.04285714285714286,-0.11729323308270675
group_delay,waveform_l1,0.25,4096,1024,20,0.5656565656565656,3.25,1.069887664927555,0.007667013331642186,0.10218236278398954,-0.26008711755275726,-0.016436338424682617,-0.003909774436090227,0.008120300751879694,0.0631578947368421,0.12857142857142856,-0.05714285714285714,0.012781954887218044,-0.02932330827067669,0.022556390977443608,0.05263157894736842,-0.11954887218045113,-0.04887218045112782,-0.0037593984962406013
group_delay,waveform_l1,0.5,4096,1024,20,0.5732323232323233,3.5,1.0649607727194854,0.008680869857396734,0.1236783145783831,-0.289127379655838,0.03687894344329834,-0.003909774436090226,0.00992481203007518,0.07894736842105263,0.1300751879699248,-0.05263157894736842,-0.010526315789473682,-0.05413533834586466,0.05037593984962405,0.0593984962406015,-0.12781954887218044,-0.051127819548872175,0.007518796992481201
group_delay,waveform_l1,1.0,4096,1024,20,0.5757575757575758,3.5,1.0675367347009888,0.01166603590801368,0.1575416259113571,-0.25816845148801804,0.06334829330444336,-0.005714285714285712,0.027218045112781957,0.09849624060150375,0.13458646616541353,-0.05413533834586465,0.0022556390977443606,-0.04586466165413534,0.03684210526315789,0.03233082706766917,-0.08646616541353383,-0.05939849624060149,0.04887218045112782
group_delay,waveform_l1,0.25,4096,2048,20,0.5757575757575758,6.5,1.083435464705879,0.02129388092229724,0.19845339377214608,-0.27778618037700653,-0.1784954071044922,0.012781954887218042,0.05443609022556389,0.12105263157894736,0.15187969924812028,0.03834586466165413,0.04812030075187969,-0.05639097744360902,0.06992481203007517,-0.03233082706766917,-0.06616541353383458,-0.006766917293233082,0.06842105263157894
group_delay,waveform_l1,0.5,4096,2048,20,0.5782828282828283,6.75,1.0843387543969343,0.025588424172675248,0.2054156766681935,-0.23858686536550522,-0.10020339488983154,0.008270676691729317,0.05669172932330827,0.10751879699248118,0.14135338345864662,0.030827067669172932,0.03834586466165413,-0.05263157894736842,0.0669172932330827,-0.01804511278195489,-0.048120300751879695,-0.026315789473684206,0.08496240601503759
group_delay,waveform_l1,1.0,4096,2048,20,0.5883838383838383,7.5,1.0891176372873383,0.02814036464754566,0.24864267038868398,-0.20050090551376343,0.02120029926300049,0.01894736842105263,0.054285714285714284,0.13533834586466165,0.11654135338345864,0.04661654135338345,0.045112781954887216,-0.06165413533834586,0.06917293233082705,0.020300751879699246,-0.05037593984962405,-0.04586466165413534,0.09097744360902255
group_delay,waveform_l1,0.25,4096,4096,20,0.5732323232323232,10.25,1.0837562289935239,0.026462248268726306,0.19740155174423188,-0.07594900205731392,-0.11376070976257324,0.016842105263157898,0.04842105263157894,0.17744360902255638,0.20977443609022556,-0.051127819548872175,0.011278195488721802,-0.023308270676691726,0.08796992481203006,0.05037593984962405,-0.07142857142857142,-0.06917293233082705,0.004511278195488716
group_delay,waveform_l1,0.5,4096,4096,20,0.5782828282828283,10.5,1.0906919719133406,0.03359882802886629,0.22382249234113288,-0.08018432557582855,-0.1439145803451538,0.02045112781954888,0.04466165413533833,0.20827067669172933,0.19548872180451127,-0.03759398496240601,-0.0037593984962405996,-0.038345864661654135,0.0819548872180451,0.028571428571428567,-0.0669172932330827,-0.05864661654135338,0.01654135338345865
group_delay,waveform_l1,1.0,4096,4096,20,0.5909090909090908,12.0,1.0922473724413047,0.03872680530607136,0.26916183560572104,-0.12891453504562378,-0.07814669609069824,0.011729323308270673,0.05488721804511278,0.22406015037593982,0.18796992481203006,-0.03834586466165413,-0.006766917293233081,-0.05263157894736842,0.09473684210526315,0.025563909774436087,-0.054887218045112776,-0.1,0.05338345864661653
group_delay,waveform_l1,0.25,8192,1024,20,0.5505050505050505,2.0,1.0642639491230725,0.007495245178654077,0.07248472683605606,-0.19141746312379837,0.17367935180664062,-0.02421052631578947,-0.008120300751879701,0.009774436090225562,0.009774436090225564,0.005263157894736841,0.11428571428571428,-0.07969924812030074,0.009022556390977442,-0.03233082706766917,-0.20300751879699247,-0.024060150375939848,0.02932330827067669
group_delay,waveform_l1,0.5,8192,1024,20,0.553030303030303,2.0,1.058807009247321,0.007230665019778287,0.06864084976749568,-0.21012595295906067,0.16961801052093506,-0.025263157894736838,-0.005864661654135336,0.015037593984962403,0.06541353383458647,-0.009022556390977444,0.09624060150375939,-0.06165413533834586,-0.006766917293233083,-0.028571428571428567,-0.20526315789473681,-0.042105263157894736,0.021052631578947364
group_delay,waveform_l1,1.0,8192,1024,20,0.5555555555555556,2.25,1.063552702506512,0.011092335104549314,0.08777979812454936,-0.25259310752153397,0.27633965015411377,-0.0281203007518797,-0.009473684210526315,0.039097744360902256,0.08345864661654134,-0.012781954887218044,0.062406015037593986,-0.05263157894736842,-0.010526315789473682,-0.03609022556390977,-0.17669172932330826,-0.07819548872180451,-0.006015037593984962
group_delay,waveform_l1,0.25,8192,2048,20,0.5707070707070707,3.25,1.0702648261004755,0.005659992887584395,0.08853653357543981,-0.21530843526124954,0.0504610538482666,0.01684210526315789,0.009924812030075189,0.057894736842105256,0.10075187969924812,-0.06090225563909774,-0.0022556390977443597,0.034586466165413526,-0.012030075187969922,0.04360902255639097,-0.02180451127819549,0.009022556390977442,-0.015037593984962405
group_delay,waveform_l1,0.5,8192,2048,20,0.5732323232323233,3.5,1.0705752049853063,0.005775479774148667,0.08807028492985464,-0.16858409345149994,0.0645742416381836,0.020150375939849623,0.007218045112781957,0.04887218045112782,0.11654135338345864,-0.033834586466165405,-0.0112781954887218,0.05789473684210526,-0.0022556390977443597,0.051127819548872175,-0.02631578947368421,-0.02330827067669173,-0.040601503759398486
group_delay,waveform_l1,1.0,8192,2048,20,0.5833333333333334,4.0,1.0705605653482195,0.01183451548828185,0.10524430522018849,-0.16560691595077515,0.1195751428604126,0.01774436090225564,0.009624060150375936,0.05639097744360902,0.1300751879699248,-0.015789473684210523,-0.005263157894736842,0.0406015037593985,0.031578947368421054,0.03383458646616541,-0.05037593984962406,-0.026315789473684206,-0.057894736842105256
group_delay,waveform_l1,0.25,8192,4096,20,0.5757575757575758,7.5,1.0786469211513483,0.016836571433357858,0.12386812934195165,-0.2187987044453621,0.0006920099258422852,0.006466165413533828,0.012781954887218044,0.1451127819548872,0.08721804511278194,0.024812030075187966,-0.012781954887218044,-0.13157894736842105,0.08421052631578946,0.04661654135338346,-0.050375939849624046,-0.05263157894736842,-0.044360902255639094
group_delay,waveform_l1,0.5,8192,4096,20,0.5808080808080809,7.5,1.0754134711764975,0.020429750258705616,0.1364374402870314,-0.21396849304437637,0.04871523380279541,0.005263157894736845,0.008571428571428568,0.13984962406015036,0.08721804511278194,0.018045112781954885,0.0015037593984962407,-0.12781954887218044,0.08721804511278194,0.061654135338345864,-0.0781954887218045,-0.06541353383458645,-0.054887218045112776
group_delay,waveform_l1,1.0,8192,4096,20,0.5858585858585859,7.5,1.081270398124813,0.020089853477107015,0.15131911032119047,-0.2284659668803215,0.12849903106689453,0.0046616541353383415,0.009774436090225557,0.14661654135338345,0.09398496240601503,0.012781954887218044,-0.009774436090225564,-0.10526315789473684,0.09172932330827066,0.027819548872180445,-0.03609022556390978,-0.05864661654135338,-0.09097744360902255
group_delay,waveform_l1,0.25,16384,1024,20,0.5454545454545454,1.0,1.0588993081011608,0.003955628690546599,0.038536488139655004,-0.11543424054980278,0.31782543659210205,-0.011879699248120303,-0.04360902255639097,0.011278195488721804,-0.023308270676691726,0.04285714285714285,0.04360902255639097,-0.09699248120300752,-0.031578947368421054,-0.04210526315789473,-0.10676691729323308,0.025563909774436087,-0.09999999999999999
group_delay,waveform_l1,0.5,16384,1024,20,0.5454545454545454,1.0,1.052741286403875,0.005323810112878361,0.05014908604506628,-0.12882071733474731,0.4047243595123291,-0.008721804511278195,-0.042556390977443605,0.03458646616541353,-0.02631578947368421,0.02706766917293233,0.03533834586466165,-0.07894736842105263,0.008270676691729323,-0.03383458646616541,-0.12857142857142856,0.007518796992481203,-0.10150375939849623
group_delay,waveform_l1,1.0,16384,1024,20,0.5454545454545454,1.0,1.0531236897905214,0.004325336529380282,0.057715343361427696,-0.16410664469003677,0.4398385286331177,-0.005864661654135338,-0.01443609022556391,0.07293233082706767,0.05939849624060149,0.011278195488721804,0.051127819548872175,-0.08195488721804511,0.015037593984962402,-0.006015037593984963,-0.10225563909774435,-0.025563909774436087,-0.09548872180451128
group_delay,waveform_l1,0.25,16384,2048,20,0.5555555555555556,2.0,1.058355947647716,0.009830961784023838,0.07420550972921044,0.012194772716611624,0.2674744129180908,0.05488721804511278,0.005714285714285711,0.018045112781954885,0.06842105263157894,0.14436090225563908,0.1263157894736842,0.015037593984962403,-0.07593984962406014,0.0857142857142857,-0.08045112781954887,0.011278195488721804,-0.009774436090225562
group_delay,waveform_l1,0.5,16384,2048,20,0.5580808080808081,2.0,1.0590453626266303,0.00908496112795503,0.06654376557931556,0.026712807826697826,0.2854961156845093,0.03428571428571428,0.002406015037593983,0.03533834586466165,0.034586466165413526,0.07819548872180451,0.09548872180451126,-0.003759398496240603,-0.07218045112781954,0.06842105263157894,-0.051127819548872175,-0.006766917293233082,0.005263157894736841
group_delay,waveform_l1,1.0,16384,2048,20,0.5555555555555556,2.0,1.0589694040916222,0.009028143597829455,0.059765510930622656,-0.004689984023571014,0.3570438623428345,0.013834586466165413,0.026315789473684216,0.015789473684210523,0.11428571428571428,0.019548872180451128,0.11654135338345864,0.011278195488721804,-0.09774436090225563,0.023308270676691726,-0.038345864661654135,-0.0007518796992481203,0.03684210526315789
group_delay,waveform_l1,0.25,16384,4096,20,0.5631313131313131,3.0,1.0700307167375356,0.0034189906241516767,0.028222686360307093,-0.21196206659078598,0.08797156810760498,0.013082706766917288,-0.001804511278195492,0.11127819548872178,0.10375939849624058,0.005263157894736841,-0.021804511278195486,-0.030827067669172932,0.07293233082706765,-0.015037593984962403,-0.09473684210526315,-0.005263157894736843,-0.06917293233082705
group_delay,waveform_l1,0.5,16384,4096,20,0.5631313131313131,3.25,1.0649492108027878,0.0038826394613084457,0.03397025124292283,-0.20663873851299286,0.03365457057952881,0.008721804511278197,-0.01172932330827067,0.10827067669172931,0.09097744360902255,0.030827067669172932,-0.021052631578947364,-0.03609022556390977,0.06390977443609022,-0.040601503759398486,-0.10827067669172931,-0.018796992481203006,-0.08421052631578946
group_delay,waveform_l1,1.0,16384,4096,20,0.5707070707070707,3.75,1.069471217463388,0.008551283602971627,0.05965473561146051,-0.20616113394498825,0.12735998630523682,0.0013533834586466134,-0.021203007518796994,0.12406015037593983,0.09624060150375939,0.006766917293233083,0.0022556390977443606,-0.038345864661654135,0.017293233082706767,-0.06766917293233082,-0.11954887218045113,-0.018045112781954885,-0.10225563909774435
