/home/bhpark3/dafxenv/lib/python3.12/site-packages/cma/utilities/utils.py:369: UserWarning: 
        geno-pheno transformation introduced based on the
        current covariance matrix with condition 1.1e+12 -> 1.0e+00,
        injected solutions become "invalid" in this iteration (time=Jul  6 01:36:19 2026 class=CMAEvolutionStrategy method=alleviate_conditioning iteration=497)
  warnings.warn(msg + ' (time={}'.format(time.asctime()[4:]) +
CMA-ES with LHS + Normalized Space on CUDA
  Loss: MSS
  Available losses: MSS, SC+LogMag, CQT_L1, CQT+LogDec, Mel, LSD, L1_STFT, L1_STFT_1024, MultiResCQT, VQT, Gammatone, Envelope, ESR, FreqDecay, Subband, ModalDensity, Dispersion, CentroidTraj, OnsetDisp, NullPattern, GroupDelay, ComplexSTFT, InstFreq, Scattering1D, SoftDTW_Mel, L1, L2
  Trials: 20
  Duration: 0.25s
  Search: normalized [-1, 1] space; expanded to physical bounds for synthesis
  sigma0: 0.6
  tolfun: 1e-05
  tolfunhist: 1e-05
  pruner_min_resource: 15
  pruner_reduction_factor: 3

============================================================
[1/50] random_IR_0001.npz
  GT loss: 0.776716
    --> Trial 0 | pop=46 seed=12755 x0_norm_min=-0.944 x0_norm_max=0.730
        [Trial 0] gen   20  evals=  920  best=1.5916
        [Trial 0] gen   40  evals= 1840  best=1.5066
        [Trial 0] gen   60  evals= 2760  best=1.4409
        [Trial 0] gen   80  evals= 3680  best=1.4409
        [Trial 0] gen  100  evals= 4600  best=1.4187
        [Trial 0] gen  120  evals= 5520  best=1.4014
        [Trial 0] gen  140  evals= 6440  best=1.3889
        [Trial 0] gen  160  evals= 7360  best=1.3784
        [Trial 0] gen  180  evals= 8280  best=1.3640
        [Trial 0] gen  200  evals= 9200  best=1.3551
        [Trial 0] gen  220  evals=10120  best=1.3543
        [Trial 0] gen  240  evals=11040  best=1.3527
        [Trial 0] gen  260  evals=11960  best=1.3508
        [Trial 0] gen  280  evals=12880  best=1.3495
        [Trial 0] gen  300  evals=13800  best=1.3488
        [Trial 0] gen  320  evals=14720  best=1.3486
        [Trial 0] gen  340  evals=15640  best=1.3483
        [Trial 0] gen  360  evals=16560  best=1.3480
        [Trial 0] gen  380  evals=17480  best=1.3477
        [Trial 0] gen  400  evals=18400  best=1.3474
        [Trial 0] gen  420  evals=19320  best=1.3473
        [Trial 0] gen  440  evals=20240  best=1.3473
        [Trial 0] gen  460  evals=21160  best=1.3473
        [Trial 0] gen  480  evals=22080  best=1.3473
        [Trial 0] gen  500  evals=23000  best=1.3473
        [Trial 0] gen  520  evals=23920  best=1.3473
        [Done] Trial 0 best=1.3473
    --> Trial 1 | pop=56 seed=55668 x0_norm_min=-0.937 x0_norm_max=0.907
        [Trial 1] gen   20  evals= 1120  best=1.4443
        [Trial 1] gen   40  evals= 2240  best=1.4443
        [Trial 1] gen   60  evals= 3360  best=1.4443
        [Trial 1] gen   80  evals= 4480  best=1.4210
        [Trial 1] gen  100  evals= 5600  best=1.4118
        [Trial 1] gen  120  evals= 6720  best=1.3826
        [Trial 1] gen  140  evals= 7840  best=1.3749
        [Trial 1] gen  160  evals= 8960  best=1.3657
        [Trial 1] gen  180  evals=10080  best=1.3605
        [Trial 1] gen  200  evals=11200  best=1.3605
        [Trial 1] gen  220  evals=12320  best=1.3576
        [Trial 1] gen  240  evals=13440  best=1.3562
NOTE (module=cma, iteration=257):  
condition in coordinate system exceeded 1.1e+08, rescaled to 1.0e+00, 
condition changed from 2.6e+09 to 5.2e+08
        [Trial 1] gen  260  evals=14560  best=1.3562
        [Trial 1] gen  280  evals=15680  best=1.3558
        [Trial 1] gen  300  evals=16800  best=1.3554
        [Trial 1] gen  320  evals=17920  best=1.3554
        [Trial 1] gen  340  evals=19040  best=1.3551
        [Trial 1] gen  360  evals=20160  best=1.3549
        [Trial 1] gen  380  evals=21280  best=1.3549
        [Trial 1] gen  400  evals=22400  best=1.3545
        [Pruned] Trial 1 at gen 405 (loss=1.3545)
    --> Trial 2 | pop=41 seed=58414 x0_norm_min=-0.344 x0_norm_max=0.824
        [Pruned] Trial 2 at gen 15 (loss=1.5907)
    --> Trial 3 | pop=56 seed=78674 x0_norm_min=-0.797 x0_norm_max=0.622
        [Trial 3] gen   20  evals= 1120  best=1.4230
        [Trial 3] gen   40  evals= 2240  best=1.4230
        [Trial 3] gen   60  evals= 3360  best=1.4230
        [Trial 3] gen   80  evals= 4480  best=1.4050
        [Trial 3] gen  100  evals= 5600  best=1.3999
        [Trial 3] gen  120  evals= 6720  best=1.3855
        [Pruned] Trial 3 at gen 135 (loss=1.3806)
    --> Trial 4 | pop=46 seed=77049 x0_norm_min=-0.947 x0_norm_max=0.785
        [Pruned] Trial 4 at gen 15 (loss=1.5059)
    --> Trial 5 | pop=32 seed=35205 x0_norm_min=-0.748 x0_norm_max=0.981
        [Pruned] Trial 5 at gen 15 (loss=1.4921)
    --> Trial 6 | pop=51 seed=65110 x0_norm_min=-0.929 x0_norm_max=0.732
        [Pruned] Trial 6 at gen 15 (loss=1.5256)
    --> Trial 7 | pop=48 seed=6977 x0_norm_min=-0.779 x0_norm_max=0.922
        [Pruned] Trial 7 at gen 15 (loss=1.6113)
    --> Trial 8 | pop=34 seed=39353 x0_norm_min=-0.814 x0_norm_max=0.843
        [Pruned] Trial 8 at gen 15 (loss=1.6423)
    --> Trial 9 | pop=38 seed=91722 x0_norm_min=-0.955 x0_norm_max=0.770
        [Trial 9] gen   20  evals=  760  best=1.4407
        [Trial 9] gen   40  evals= 1520  best=1.4407
        [Pruned] Trial 9 at gen 45 (loss=1.4407)
    --> Trial 10 | pop=60 seed=1605 x0_norm_min=-0.841 x0_norm_max=0.672
        [Pruned] Trial 10 at gen 15 (loss=1.4857)
    --> Trial 11 | pop=54 seed=28314 x0_norm_min=-0.781 x0_norm_max=0.859
        [Pruned] Trial 11 at gen 15 (loss=1.5135)
    --> Trial 12 | pop=44 seed=22491 x0_norm_min=-0.402 x0_norm_max=0.428
        [Trial 12] gen   20  evals=  880  best=1.3407
        [Trial 12] gen   40  evals= 1760  best=1.1650
        [Trial 12] gen   60  evals= 2640  best=1.1109
        [Trial 12] gen   80  evals= 3520  best=1.1109
        [Trial 12] gen  100  evals= 4400  best=1.1010
        [Trial 12] gen  120  evals= 5280  best=1.0753
        [Trial 12] gen  140  evals= 6160  best=1.0695
        [Trial 12] gen  160  evals= 7040  best=1.0684
        [Trial 12] gen  180  evals= 7920  best=1.0679
        [Trial 12] gen  200  evals= 8800  best=1.0678
        [Trial 12] gen  220  evals= 9680  best=1.0635
NOTE (module=cma, iteration=222):  
condition in coordinate system exceeded 1.1e+08, rescaled to 1.0e+00, 
condition changed from 3.1e+08 to 1.8e+08
        [Trial 12] gen  240  evals=10560  best=1.0635
        [Trial 12] gen  260  evals=11440  best=1.0625
        [Trial 12] gen  280  evals=12320  best=1.0614
        [Trial 12] gen  300  evals=13200  best=1.0614
        [Trial 12] gen  320  evals=14080  best=1.0614
        [Trial 12] gen  340  evals=14960  best=1.0614
        [Trial 12] gen  360  evals=15840  best=1.0614
        [Trial 12] gen  380  evals=16720  best=1.0614
        [Trial 12] gen  400  evals=17600  best=1.0609
        [Trial 12] gen  420  evals=18480  best=1.0609
        [Trial 12] gen  440  evals=19360  best=1.0609
        [Trial 12] gen  460  evals=20240  best=1.0606
        [Trial 12] gen  480  evals=21120  best=1.0606
        [Trial 12] gen  500  evals=22000  best=1.0606
        [Trial 12] gen  520  evals=22880  best=1.0606
        [Trial 12] gen  540  evals=23760  best=1.0606
        [Trial 12] gen  560  evals=24640  best=1.0606
        [Trial 12] gen  580  evals=25520  best=1.0606
        [Trial 12] gen  600  evals=26400  best=1.0606
        [Done] Trial 12 best=1.0606
    --> Trial 13 | pop=43 seed=18449 x0_norm_min=-0.863 x0_norm_max=0.955
        [Pruned] Trial 13 at gen 15 (loss=1.4982)
    --> Trial 14 | pop=38 seed=16810 x0_norm_min=-0.897 x0_norm_max=-0.091
        [Pruned] Trial 14 at gen 15 (loss=1.5817)
    --> Trial 15 | pop=47 seed=44541 x0_norm_min=-0.690 x0_norm_max=0.990
        [Pruned] Trial 15 at gen 15 (loss=1.5474)
    --> Trial 16 | pop=43 seed=14461 x0_norm_min=-0.776 x0_norm_max=0.982
        [Pruned] Trial 16 at gen 15 (loss=1.5620)
    --> Trial 17 | pop=50 seed=27470 x0_norm_min=-0.863 x0_norm_max=0.835
        [Trial 17] gen   20  evals= 1000  best=1.4621
        [Trial 17] gen   40  evals= 2000  best=1.4267
        [Trial 17] gen   60  evals= 3000  best=1.4120
        [Trial 17] gen   80  evals= 4000  best=1.3930
        [Trial 17] gen  100  evals= 5000  best=1.3930
        [Trial 17] gen  120  evals= 6000  best=1.3901
        [Pruned] Trial 17 at gen 135 (loss=1.3901)
    --> Trial 18 | pop=37 seed=27048 x0_norm_min=-0.933 x0_norm_max=0.907
        [Pruned] Trial 18 at gen 15 (loss=1.6187)
    --> Trial 19 | pop=44 seed=11350 x0_norm_min=-0.948 x0_norm_max=0.822
        [Pruned] Trial 19 at gen 15 (loss=1.5531)

  Winner: Trial 12, loss=1.060650 (816s)
    Restarts run: 20
    mu: 57.783376
    D_mu: 13.891874
    T0_mu: 15.315570
    Ly: 2.739001
    op_x: 0.713423
    op_y: 0.731946
    NMSE: 0.010181
  [Saved] random_IR_0001

============================================================
[2/50] random_IR_0002.npz
  GT loss: 1.099803
    --> Trial 0 | pop=54 seed=53245 x0_norm_min=-0.944 x0_norm_max=0.730
        [Trial 0] gen   20  evals= 1080  best=1.9187
        [Trial 0] gen   40  evals= 2160  best=1.8510
        [Trial 0] gen   60  evals= 3240  best=1.8246
        [Trial 0] gen   80  evals= 4320  best=1.8219
        [Trial 0] gen  100  evals= 5400  best=1.8070
        [Trial 0] gen  120  evals= 6480  best=1.7860
        [Trial 0] gen  140  evals= 7560  best=1.7702
        [Trial 0] gen  160  evals= 8640  best=1.7617
        [Trial 0] gen  180  evals= 9720  best=1.7592
        [Trial 0] gen  200  evals=10800  best=1.7583
        [Trial 0] gen  220  evals=11880  best=1.7578
        [Trial 0] gen  240  evals=12960  best=1.7575
        [Trial 0] gen  260  evals=14040  best=1.7565
        [Trial 0] gen  280  evals=15120  best=1.7565
        [Trial 0] gen  300  evals=16200  best=1.7565
        [Trial 0] gen  320  evals=17280  best=1.7565
        [Trial 0] gen  340  evals=18360  best=1.7565
        [Trial 0] gen  360  evals=19440  best=1.7565
        [Trial 0] gen  380  evals=20520  best=1.7565
        [Trial 0] gen  400  evals=21600  best=1.7565
        [Trial 0] gen  420  evals=22680  best=1.7565
        [Done] Trial 0 best=1.7565
    --> Trial 1 | pop=58 seed=27244 x0_norm_min=-0.937 x0_norm_max=0.907
        [Pruned] Trial 1 at gen 15 (loss=1.9428)
    --> Trial 2 | pop=54 seed=22968 x0_norm_min=-0.344 x0_norm_max=0.824
        [Pruned] Trial 2 at gen 15 (loss=1.9569)
    --> Trial 3 | pop=45 seed=74354 x0_norm_min=-0.797 x0_norm_max=0.622
        [Pruned] Trial 3 at gen 15 (loss=2.0133)
    --> Trial 4 | pop=51 seed=67006 x0_norm_min=-0.947 x0_norm_max=0.785
        [Pruned] Trial 4 at gen 15 (loss=1.9571)
    --> Trial 5 | pop=32 seed=79829 x0_norm_min=-0.748 x0_norm_max=0.981
        [Pruned] Trial 5 at gen 15 (loss=1.9574)
    --> Trial 6 | pop=54 seed=44433 x0_norm_min=-0.929 x0_norm_max=0.732
        [Trial 6] gen   20  evals= 1080  best=1.7728
        [Trial 6] gen   40  evals= 2160  best=1.7336
        [Trial 6] gen   60  evals= 3240  best=1.4504
        [Trial 6] gen   80  evals= 4320  best=1.4038
        [Trial 6] gen  100  evals= 5400  best=1.3722
        [Trial 6] gen  120  evals= 6480  best=1.3489
        [Trial 6] gen  140  evals= 7560  best=1.3444
        [Trial 6] gen  160  evals= 8640  best=1.3441
        [Trial 6] gen  180  evals= 9720  best=1.3431
        [Trial 6] gen  200  evals=10800  best=1.3425
        [Trial 6] gen  220  evals=11880  best=1.3425
NOTE (module=cma, iteration=226):  
condition in coordinate system exceeded 1.1e+08, rescaled to 1.0e+00, 
condition changed from 2.0e+08 to 8.2e+07
        [Trial 6] gen  240  evals=12960  best=1.3411
        [Trial 6] gen  260  evals=14040  best=1.3411
        [Trial 6] gen  280  evals=15120  best=1.3411
        [Trial 6] gen  300  evals=16200  best=1.3407
        [Trial 6] gen  320  evals=17280  best=1.3402
        [Trial 6] gen  340  evals=18360  best=1.3402
        [Trial 6] gen  360  evals=19440  best=1.3401
        [Trial 6] gen  380  evals=20520  best=1.3398
        [Trial 6] gen  400  evals=21600  best=1.3398
        [Trial 6] gen  420  evals=22680  best=1.3393
        [Trial 6] gen  440  evals=23760  best=1.3393
        [Trial 6] gen  460  evals=24840  best=1.3393
        [Trial 6] gen  480  evals=25920  best=1.3388
        [Trial 6] gen  500  evals=27000  best=1.3388
        [Trial 6] gen  520  evals=28080  best=1.3388
        [Done] Trial 6 best=1.3388
    --> Trial 7 | pop=37 seed=5690 x0_norm_min=-0.779 x0_norm_max=0.922
        [Pruned] Trial 7 at gen 15 (loss=1.9535)
    --> Trial 8 | pop=30 seed=45695 x0_norm_min=-0.814 x0_norm_max=0.843
        [Trial 8] gen   20  evals=  600  best=1.9009
        [Trial 8] gen   40  evals= 1200  best=1.9009
        [Pruned] Trial 8 at gen 45 (loss=1.9009)
    --> Trial 9 | pop=37 seed=40130 x0_norm_min=-0.955 x0_norm_max=0.770
        [Pruned] Trial 9 at gen 15 (loss=1.9677)
    --> Trial 10 | pop=45 seed=98910 x0_norm_min=-0.841 x0_norm_max=0.672
        [Pruned] Trial 10 at gen 15 (loss=1.9835)
    --> Trial 11 | pop=59 seed=52950 x0_norm_min=-0.781 x0_norm_max=0.859
        [Trial 11] gen   20  evals= 1180  best=1.9425
        [Trial 11] gen   40  evals= 2360  best=1.9261
        [Pruned] Trial 11 at gen 45 (loss=1.9261)
    --> Trial 12 | pop=51 seed=61015 x0_norm_min=-0.402 x0_norm_max=0.428
        [Trial 12] gen   20  evals= 1020  best=1.8170
        [Trial 12] gen   40  evals= 2040  best=1.8170
        [Pruned] Trial 12 at gen 45 (loss=1.8170)
    --> Trial 13 | pop=54 seed=30927 x0_norm_min=-0.863 x0_norm_max=0.955
        [Pruned] Trial 13 at gen 15 (loss=2.0292)
    --> Trial 14 | pop=46 seed=3148 x0_norm_min=-0.897 x0_norm_max=-0.091
        [Pruned] Trial 14 at gen 15 (loss=2.0174)
    --> Trial 15 | pop=55 seed=89398 x0_norm_min=-0.690 x0_norm_max=0.990
        [Trial 15] gen   20  evals= 1100  best=1.8792
        [Trial 15] gen   40  evals= 2200  best=1.8365
        [Pruned] Trial 15 at gen 45 (loss=1.8365)
    --> Trial 16 | pop=48 seed=54691 x0_norm_min=-0.776 x0_norm_max=0.982
        [Pruned] Trial 16 at gen 15 (loss=2.0263)
    --> Trial 17 | pop=60 seed=40624 x0_norm_min=-0.863 x0_norm_max=0.835
        [Pruned] Trial 17 at gen 15 (loss=2.0055)
    --> Trial 18 | pop=50 seed=18680 x0_norm_min=-0.933 x0_norm_max=0.907
        [Pruned] Trial 18 at gen 15 (loss=2.0028)
    --> Trial 19 | pop=41 seed=67693 x0_norm_min=-0.948 x0_norm_max=0.822
        [Trial 19] gen   20  evals=  820  best=1.9278
        [Trial 19] gen   40  evals= 1640  best=1.8231
        [Pruned] Trial 19 at gen 45 (loss=1.8231)

  Winner: Trial 6, loss=1.338767 (730s)
    Restarts run: 20
    mu: 53.242475
    D_mu: 17.965151
    T0_mu: 0.012579
    Ly: 3.684913
    op_x: 0.747199
    op_y: 0.949706
    NMSE: 0.016038
  [Saved] random_IR_0002

============================================================
[3/50] random_IR_0003.npz
  GT loss: 1.402340
    --> Trial 0 | pop=39 seed=95969 x0_norm_min=-0.944 x0_norm_max=0.730
        [Trial 0] gen   20  evals=  780  best=2.2151
        [Trial 0] gen   40  evals= 1560  best=2.1432
        [Trial 0] gen   60  evals= 2340  best=2.1221
        [Trial 0] gen   80  evals= 3120  best=2.1221
        [Trial 0] gen  100  evals= 3900  best=2.1221
        [Trial 0] gen  120  evals= 4680  best=2.1161
        [Trial 0] gen  140  evals= 5460  best=2.1095
        [Trial 0] gen  160  evals= 6240  best=2.1072
        [Trial 0] gen  180  evals= 7020  best=2.0883
        [Trial 0] gen  200  evals= 7800  best=2.0878
        [Trial 0] gen  220  evals= 8580  best=2.0759
        [Trial 0] gen  240  evals= 9360  best=2.0719
        [Trial 0] gen  260  evals=10140  best=2.0714
        [Trial 0] gen  280  evals=10920  best=2.0711
        [Trial 0] gen  300  evals=11700  best=2.0701
        [Trial 0] gen  320  evals=12480  best=2.0682
        [Trial 0] gen  340  evals=13260  best=2.0672
        [Trial 0] gen  360  evals=14040  best=2.0657
        [Trial 0] gen  380  evals=14820  best=2.0652
        [Trial 0] gen  400  evals=15600  best=2.0652
        [Trial 0] gen  420  evals=16380  best=2.0649
        [Trial 0] gen  440  evals=17160  best=2.0649
        [Trial 0] gen  460  evals=17940  best=2.0649
        [Trial 0] gen  480  evals=18720  best=2.0647
        [Trial 0] gen  500  evals=19500  best=2.0647
        [Trial 0] gen  520  evals=20280  best=2.0647
        [Trial 0] gen  540  evals=21060  best=2.0647
        [Trial 0] gen  560  evals=21840  best=2.0647
        [Trial 0] gen  580  evals=22620  best=2.0647
        [Trial 0] gen  600  evals=23400  best=2.0647
        [Trial 0] gen  620  evals=24180  best=2.0647
        [Trial 0] gen  640  evals=24960  best=2.0647
        [Done] Trial 0 best=2.0647
    --> Trial 1 | pop=52 seed=23089 x0_norm_min=-0.937 x0_norm_max=0.907
        [Pruned] Trial 1 at gen 15 (loss=2.2201)
/home/bhpark3/dafxenv/lib/python3.12/site-packages/cma/utilities/utils.py:369: UserWarning: 
        geno-pheno transformation introduced based on the
        current covariance matrix with condition 1.0e+12 -> 1.0e+00,
        injected solutions become "invalid" in this iteration (time=Jul  6 01:54:20 2026 class=CMAEvolutionStrategy method=alleviate_conditioning iteration=473)
  warnings.warn(msg + ' (time={}'.format(time.asctime()[4:]) +
    --> Trial 2 | pop=43 seed=41465 x0_norm_min=-0.344 x0_norm_max=0.824
        [Trial 2] gen   20  evals=  860  best=2.1341
        [Trial 2] gen   40  evals= 1720  best=2.1341
        [Trial 2] gen   60  evals= 2580  best=2.1085
        [Trial 2] gen   80  evals= 3440  best=2.0759
        [Trial 2] gen  100  evals= 4300  best=2.0296
        [Trial 2] gen  120  evals= 5160  best=2.0272
        [Trial 2] gen  140  evals= 6020  best=2.0143
        [Trial 2] gen  160  evals= 6880  best=1.9860
        [Trial 2] gen  180  evals= 7740  best=1.9860
        [Trial 2] gen  200  evals= 8600  best=1.9860
        [Trial 2] gen  220  evals= 9460  best=1.9860
        [Trial 2] gen  240  evals=10320  best=1.9769
        [Trial 2] gen  260  evals=11180  best=1.9718
NOTE (module=cma, iteration=264):  
condition in coordinate system exceeded 1.1e+08, rescaled to 1.0e+00, 
condition changed from 8.4e+08 to 6.4e+07
        [Trial 2] gen  280  evals=12040  best=1.9718
        [Trial 2] gen  300  evals=12900  best=1.9704
        [Trial 2] gen  320  evals=13760  best=1.9699
        [Trial 2] gen  340  evals=14620  best=1.9697
        [Trial 2] gen  360  evals=15480  best=1.9697
        [Trial 2] gen  380  evals=16340  best=1.9697
        [Trial 2] gen  400  evals=17200  best=1.9697
        [Trial 2] gen  420  evals=18060  best=1.9697
        [Trial 2] gen  440  evals=18920  best=1.9697
        [Trial 2] gen  460  evals=19780  best=1.9697
        [Trial 2] gen  480  evals=20640  best=1.9697
        [Trial 2] gen  500  evals=21500  best=1.9697
        [Trial 2] gen  520  evals=22360  best=1.9697
        [Trial 2] gen  540  evals=23220  best=1.9697
        [Trial 2] gen  560  evals=24080  best=1.9697
        [Trial 2] gen  580  evals=24940  best=1.9697
        [Trial 2] gen  600  evals=25800  best=1.9697
        [Trial 2] gen  620  evals=26660  best=1.9697
        [Trial 2] gen  640  evals=27520  best=1.9697
        [Trial 2] gen  660  evals=28380  best=1.9697
        [Trial 2] gen  680  evals=29240  best=1.9697
        [Done] Trial 2 best=1.9697
    --> Trial 3 | pop=60 seed=79031 x0_norm_min=-0.797 x0_norm_max=0.622
        [Pruned] Trial 3 at gen 15 (loss=2.2034)
    --> Trial 4 | pop=52 seed=9431 x0_norm_min=-0.947 x0_norm_max=0.785
        [Pruned] Trial 4 at gen 15 (loss=2.2426)
    --> Trial 5 | pop=60 seed=37067 x0_norm_min=-0.748 x0_norm_max=0.981
        [Pruned] Trial 5 at gen 15 (loss=2.3493)
    --> Trial 6 | pop=31 seed=85757 x0_norm_min=-0.929 x0_norm_max=0.732
        [Pruned] Trial 6 at gen 15 (loss=2.2847)
    --> Trial 7 | pop=46 seed=28137 x0_norm_min=-0.779 x0_norm_max=0.922
        [Trial 7] gen   20  evals=  920  best=2.1072
        [Trial 7] gen   40  evals= 1840  best=2.1072
        [Trial 7] gen   60  evals= 2760  best=2.0389
        [Trial 7] gen   80  evals= 3680  best=2.0213
        [Trial 7] gen  100  evals= 4600  best=2.0060
        [Trial 7] gen  120  evals= 5520  best=2.0060
        [Trial 7] gen  140  evals= 6440  best=2.0060
        [Trial 7] gen  160  evals= 7360  best=2.0060
        [Trial 7] gen  180  evals= 8280  best=2.0060
        [Trial 7] gen  200  evals= 9200  best=1.9975
        [Trial 7] gen  220  evals=10120  best=1.9875
        [Trial 7] gen  240  evals=11040  best=1.9807
        [Trial 7] gen  260  evals=11960  best=1.9770
NOTE (module=cma, iteration=262):  
condition in coordinate system exceeded 1.0e+08, rescaled to 1.0e+00, 
condition changed from 4.9e+08 to 4.0e+07
        [Trial 7] gen  280  evals=12880  best=1.9753
        [Trial 7] gen  300  evals=13800  best=1.9743
        [Trial 7] gen  320  evals=14720  best=1.9737
        [Trial 7] gen  340  evals=15640  best=1.9737
        [Trial 7] gen  360  evals=16560  best=1.9736
        [Trial 7] gen  380  evals=17480  best=1.9733
        [Trial 7] gen  400  evals=18400  best=1.9730
        [Pruned] Trial 7 at gen 405 (loss=1.9730)
    --> Trial 8 | pop=49 seed=73061 x0_norm_min=-0.814 x0_norm_max=0.843
        [Trial 8] gen   20  evals=  980  best=2.1996
        [Trial 8] gen   40  evals= 1960  best=2.1996
        [Pruned] Trial 8 at gen 45 (loss=2.1996)
    --> Trial 9 | pop=48 seed=38908 x0_norm_min=-0.955 x0_norm_max=0.770
        [Pruned] Trial 9 at gen 15 (loss=2.2951)
    --> Trial 10 | pop=31 seed=58283 x0_norm_min=-0.841 x0_norm_max=0.672
        [Pruned] Trial 10 at gen 15 (loss=2.2917)
    --> Trial 11 | pop=39 seed=96392 x0_norm_min=-0.781 x0_norm_max=0.859
        [Pruned] Trial 11 at gen 15 (loss=2.2711)
    --> Trial 12 | pop=40 seed=56737 x0_norm_min=-0.402 x0_norm_max=0.428
        [Pruned] Trial 12 at gen 15 (loss=2.2352)
    --> Trial 13 | pop=40 seed=924 x0_norm_min=-0.863 x0_norm_max=0.955
        [Pruned] Trial 13 at gen 15 (loss=2.3209)
    --> Trial 14 | pop=37 seed=59200 x0_norm_min=-0.897 x0_norm_max=-0.091
        [Pruned] Trial 14 at gen 15 (loss=2.2800)
    --> Trial 15 | pop=43 seed=98853 x0_norm_min=-0.690 x0_norm_max=0.990
        [Pruned] Trial 15 at gen 15 (loss=2.3167)
    --> Trial 16 | pop=36 seed=47145 x0_norm_min=-0.776 x0_norm_max=0.982
        [Pruned] Trial 16 at gen 15 (loss=2.2595)
    --> Trial 17 | pop=34 seed=70236 x0_norm_min=-0.863 x0_norm_max=0.835
        [Pruned] Trial 17 at gen 15 (loss=2.2555)
    --> Trial 18 | pop=44 seed=17746 x0_norm_min=-0.933 x0_norm_max=0.907
        [Pruned] Trial 18 at gen 15 (loss=2.2473)
    --> Trial 19 | pop=43 seed=47013 x0_norm_min=-0.948 x0_norm_max=0.822
        [Pruned] Trial 19 at gen 15 (loss=2.2628)

  Winner: Trial 2, loss=1.969680 (451s)
    Restarts run: 20
    mu: 46.697085
    D_mu: 14.795552
    T0_mu: 0.044794
    Ly: 1.462539
    op_x: 0.674904
    op_y: 0.995404
    NMSE: 0.056367
  [Saved] random_IR_0003

============================================================
[4/50] random_IR_0004.npz
  GT loss: 0.954691
    --> Trial 0 | pop=59 seed=26727 x0_norm_min=-0.944 x0_norm_max=0.730
        [Trial 0] gen   20  evals= 1180  best=1.7908
        [Trial 0] gen   40  evals= 2360  best=1.7908
        [Trial 0] gen   60  evals= 3540  best=1.7524
        [Trial 0] gen   80  evals= 4720  best=1.7524
        [Trial 0] gen  100  evals= 5900  best=1.7453
        [Trial 0] gen  120  evals= 7080  best=1.7353
        [Trial 0] gen  140  evals= 8260  best=1.6911
        [Trial 0] gen  160  evals= 9440  best=1.6684
        [Trial 0] gen  180  evals=10620  best=1.6533
        [Trial 0] gen  200  evals=11800  best=1.6522
        [Trial 0] gen  220  evals=12980  best=1.6499
        [Trial 0] gen  240  evals=14160  best=1.6493
        [Trial 0] gen  260  evals=15340  best=1.6483
        [Trial 0] gen  280  evals=16520  best=1.6476
NOTE (module=cma, iteration=288):  
condition in coordinate system exceeded 1.1e+08, rescaled to 1.0e+00, 
condition changed from 2.2e+09 to 2.8e+08
        [Trial 0] gen  300  evals=17700  best=1.6474
        [Trial 0] gen  320  evals=18880  best=1.6473
        [Trial 0] gen  340  evals=20060  best=1.6472
        [Trial 0] gen  360  evals=21240  best=1.6470
        [Trial 0] gen  380  evals=22420  best=1.6466
        [Trial 0] gen  400  evals=23600  best=1.6466
        [Trial 0] gen  420  evals=24780  best=1.6465
        [Trial 0] gen  440  evals=25960  best=1.6460
        [Trial 0] gen  460  evals=27140  best=1.6460
        [Trial 0] gen  480  evals=28320  best=1.6459
        [Trial 0] gen  500  evals=29500  best=1.6459
        [Done] Trial 0 best=1.6459
    --> Trial 1 | pop=49 seed=51085 x0_norm_min=-0.937 x0_norm_max=0.907
        [Pruned] Trial 1 at gen 15 (loss=1.8348)
    --> Trial 2 | pop=57 seed=84741 x0_norm_min=-0.344 x0_norm_max=0.824
        [Trial 2] gen   20  evals= 1140  best=1.6598
        [Trial 2] gen   40  evals= 2280  best=1.6598
        [Trial 2] gen   60  evals= 3420  best=1.6598
        [Trial 2] gen   80  evals= 4560  best=1.6598
        [Trial 2] gen  100  evals= 5700  best=1.6598
        [Trial 2] gen  120  evals= 6840  best=1.6473
        [Trial 2] gen  140  evals= 7980  best=1.6384
        [Trial 2] gen  160  evals= 9120  best=1.5718
        [Trial 2] gen  180  evals=10260  best=1.5270
        [Trial 2] gen  200  evals=11400  best=1.5183
NOTE (module=cma, iteration=208):  
condition in coordinate system exceeded 1.1e+08, rescaled to 1.0e+00, 
condition changed from 5.0e+08 to 4.8e+07
        [Trial 2] gen  220  evals=12540  best=1.5153
        [Trial 2] gen  240  evals=13680  best=1.5153
        [Trial 2] gen  260  evals=14820  best=1.5151
        [Trial 2] gen  280  evals=15960  best=1.5151
        [Trial 2] gen  300  evals=17100  best=1.5150
        [Trial 2] gen  320  evals=18240  best=1.5150
        [Trial 2] gen  340  evals=19380  best=1.5150
        [Trial 2] gen  360  evals=20520  best=1.5149
        [Trial 2] gen  380  evals=21660  best=1.5149
        [Trial 2] gen  400  evals=22800  best=1.5149
        [Trial 2] gen  420  evals=23940  best=1.5149
        [Trial 2] gen  440  evals=25080  best=1.5148
        [Trial 2] gen  460  evals=26220  best=1.5145
        [Trial 2] gen  480  evals=27360  best=1.5145
        [Trial 2] gen  500  evals=28500  best=1.5145
        [Done] Trial 2 best=1.5145
    --> Trial 3 | pop=31 seed=89092 x0_norm_min=-0.797 x0_norm_max=0.622
        [Pruned] Trial 3 at gen 15 (loss=1.8507)
    --> Trial 4 | pop=49 seed=59237 x0_norm_min=-0.947 x0_norm_max=0.785
        [Pruned] Trial 4 at gen 15 (loss=1.8207)
    --> Trial 5 | pop=35 seed=64703 x0_norm_min=-0.748 x0_norm_max=0.981
        [Pruned] Trial 5 at gen 15 (loss=1.8592)
    --> Trial 6 | pop=47 seed=13723 x0_norm_min=-0.929 x0_norm_max=0.732
        [Trial 6] gen   20  evals=  940  best=1.7727
        [Trial 6] gen   40  evals= 1880  best=1.7604
        [Pruned] Trial 6 at gen 45 (loss=1.7604)
    --> Trial 7 | pop=46 seed=70093 x0_norm_min=-0.779 x0_norm_max=0.922
        [Pruned] Trial 7 at gen 15 (loss=1.7750)
    --> Trial 8 | pop=38 seed=83595 x0_norm_min=-0.814 x0_norm_max=0.843
        [Pruned] Trial 8 at gen 15 (loss=1.8503)
    --> Trial 9 | pop=30 seed=79727 x0_norm_min=-0.955 x0_norm_max=0.770
        [Pruned] Trial 9 at gen 15 (loss=1.8337)
    --> Trial 10 | pop=59 seed=36028 x0_norm_min=-0.841 x0_norm_max=0.672
        [Pruned] Trial 10 at gen 15 (loss=1.8522)
    --> Trial 11 | pop=60 seed=3194 x0_norm_min=-0.781 x0_norm_max=0.859
        [Pruned] Trial 11 at gen 15 (loss=1.8016)
    --> Trial 12 | pop=55 seed=31751 x0_norm_min=-0.402 x0_norm_max=0.428
        [Pruned] Trial 12 at gen 15 (loss=1.8086)
    --> Trial 13 | pop=54 seed=99867 x0_norm_min=-0.863 x0_norm_max=0.955
        [Pruned] Trial 13 at gen 15 (loss=1.8156)
    --> Trial 14 | pop=55 seed=36801 x0_norm_min=-0.897 x0_norm_max=-0.091
        [Pruned] Trial 14 at gen 15 (loss=1.8278)
    --> Trial 15 | pop=53 seed=19398 x0_norm_min=-0.690 x0_norm_max=0.990
        [Trial 15] gen   20  evals= 1060  best=1.6020
        [Trial 15] gen   40  evals= 2120  best=1.6020
        [Trial 15] gen   60  evals= 3180  best=1.6020
        [Trial 15] gen   80  evals= 4240  best=1.6020
        [Trial 15] gen  100  evals= 5300  best=1.6020
        [Trial 15] gen  120  evals= 6360  best=1.5799
        [Trial 15] gen  140  evals= 7420  best=1.5799
        [Trial 15] gen  160  evals= 8480  best=1.5725
        [Trial 15] gen  180  evals= 9540  best=1.5554
        [Trial 15] gen  200  evals=10600  best=1.5508
        [Trial 15] gen  220  evals=11660  best=1.5492
        [Trial 15] gen  240  evals=12720  best=1.5476
NOTE (module=cma, iteration=240):  
condition in coordinate system exceeded 1.3e+08, rescaled to 1.0e+00, 
condition changed from 4.9e+09 to 9.6e+09
        [Trial 15] gen  260  evals=13780  best=1.5476
        [Trial 15] gen  280  evals=14840  best=1.5476
        [Trial 15] gen  300  evals=15900  best=1.5476
        [Trial 15] gen  320  evals=16960  best=1.5476
        [Trial 15] gen  340  evals=18020  best=1.5467
        [Trial 15] gen  360  evals=19080  best=1.5467
        [Trial 15] gen  380  evals=20140  best=1.5467
        [Trial 15] gen  400  evals=21200  best=1.5467
        [Pruned] Trial 15 at gen 405 (loss=1.5467)
    --> Trial 16 | pop=58 seed=48670 x0_norm_min=-0.776 x0_norm_max=0.982
        [Pruned] Trial 16 at gen 15 (loss=1.8454)
    --> Trial 17 | pop=41 seed=99186 x0_norm_min=-0.863 x0_norm_max=0.835
        [Pruned] Trial 17 at gen 15 (loss=1.8191)
    --> Trial 18 | pop=51 seed=244 x0_norm_min=-0.933 x0_norm_max=0.907
        [Pruned] Trial 18 at gen 15 (loss=1.9010)
    --> Trial 19 | pop=57 seed=21455 x0_norm_min=-0.948 x0_norm_max=0.822
        [Pruned] Trial 19 at gen 15 (loss=1.8256)

  Winner: Trial 2, loss=1.514483 (551s)
    Restarts run: 20
    mu: 33.813185
    D_mu: 51.168973
    T0_mu: 17.671905
    Ly: 1.885868
    op_x: 0.838222
    op_y: 0.791640
    NMSE: 0.126444
  [Saved] random_IR_0004

============================================================
[5/50] random_IR_0005.npz
  GT loss: 0.747641
    --> Trial 0 | pop=40 seed=17158 x0_norm_min=-0.944 x0_norm_max=0.730
        [Trial 0] gen   20  evals=  800  best=1.3939
        [Trial 0] gen   40  evals= 1600  best=1.0358
        [Trial 0] gen   60  evals= 2400  best=1.0210
        [Trial 0] gen   80  evals= 3200  best=0.9884
        [Trial 0] gen  100  evals= 4000  best=0.9864
        [Trial 0] gen  120  evals= 4800  best=0.9737
        [Trial 0] gen  140  evals= 5600  best=0.9597
        [Trial 0] gen  160  evals= 6400  best=0.9597
        [Trial 0] gen  180  evals= 7200  best=0.9597
        [Trial 0] gen  200  evals= 8000  best=0.9597
        [Trial 0] gen  220  evals= 8800  best=0.9597
        [Trial 0] gen  240  evals= 9600  best=0.9597
        [Trial 0] gen  260  evals=10400  best=0.9591
        [Trial 0] gen  280  evals=11200  best=0.9591
        [Trial 0] gen  300  evals=12000  best=0.9591
NOTE (module=cma, iteration=315):  
condition in coordinate system exceeded 1.0e+08, rescaled to 1.0e+00, 
condition changed from 1.7e+08 to 1.0e+08
        [Trial 0] gen  320  evals=12800  best=0.9591
        [Trial 0] gen  340  evals=13600  best=0.9588
        [Trial 0] gen  360  evals=14400  best=0.9579
        [Trial 0] gen  380  evals=15200  best=0.9579
        [Trial 0] gen  400  evals=16000  best=0.9570
        [Trial 0] gen  420  evals=16800  best=0.9570
        [Trial 0] gen  440  evals=17600  best=0.9570
        [Trial 0] gen  460  evals=18400  best=0.9570
        [Trial 0] gen  480  evals=19200  best=0.9568
        [Trial 0] gen  500  evals=20000  best=0.9566
        [Trial 0] gen  520  evals=20800  best=0.9565
        [Trial 0] gen  540  evals=21600  best=0.9565
        [Trial 0] gen  560  evals=22400  best=0.9565
        [Trial 0] gen  580  evals=23200  best=0.9565
        [Trial 0] gen  600  evals=24000  best=0.9565
        [Trial 0] gen  620  evals=24800  best=0.9565
        [Done] Trial 0 best=0.9565
    --> Trial 1 | pop=35 seed=46938 x0_norm_min=-0.937 x0_norm_max=0.907
        [Pruned] Trial 1 at gen 15 (loss=1.5536)
    --> Trial 2 | pop=43 seed=26435 x0_norm_min=-0.344 x0_norm_max=0.824
        [Trial 2] gen   20  evals=  860  best=1.4167
        [Trial 2] gen   40  evals= 1720  best=1.1410
        [Pruned] Trial 2 at gen 45 (loss=1.1410)
    --> Trial 3 | pop=45 seed=86309 x0_norm_min=-0.797 x0_norm_max=0.622
        [Trial 3] gen   20  evals=  900  best=1.1637
        [Trial 3] gen   40  evals= 1800  best=1.0148
        [Trial 3] gen   60  evals= 2700  best=0.9878
        [Trial 3] gen   80  evals= 3600  best=0.9878
        [Trial 3] gen  100  evals= 4500  best=0.9776
        [Trial 3] gen  120  evals= 5400  best=0.9675
        [Trial 3] gen  140  evals= 6300  best=0.9635
        [Trial 3] gen  160  evals= 7200  best=0.9635
        [Trial 3] gen  180  evals= 8100  best=0.9631
        [Trial 3] gen  200  evals= 9000  best=0.9614
        [Trial 3] gen  220  evals= 9900  best=0.9614
        [Trial 3] gen  240  evals=10800  best=0.9613
        [Trial 3] gen  260  evals=11700  best=0.9598
        [Trial 3] gen  280  evals=12600  best=0.9593
        [Trial 3] gen  300  evals=13500  best=0.9586
        [Trial 3] gen  320  evals=14400  best=0.9586
        [Trial 3] gen  340  evals=15300  best=0.9586
NOTE (module=cma, iteration=356):  
condition in coordinate system exceeded 1.0e+08, rescaled to 1.0e+00, 
condition changed from 2.1e+09 to 8.1e+08
        [Trial 3] gen  360  evals=16200  best=0.9586
        [Trial 3] gen  380  evals=17100  best=0.9577
        [Trial 3] gen  400  evals=18000  best=0.9572
        [Pruned] Trial 3 at gen 405 (loss=0.9572)
    --> Trial 4 | pop=53 seed=93542 x0_norm_min=-0.947 x0_norm_max=0.785
        [Pruned] Trial 4 at gen 15 (loss=1.4916)
    --> Trial 5 | pop=58 seed=22819 x0_norm_min=-0.748 x0_norm_max=0.981
        [Pruned] Trial 5 at gen 15 (loss=1.4866)
    --> Trial 6 | pop=33 seed=36934 x0_norm_min=-0.929 x0_norm_max=0.732
        [Trial 6] gen   20  evals=  660  best=1.3657
        [Trial 6] gen   40  evals= 1320  best=1.1541
        [Pruned] Trial 6 at gen 45 (loss=1.1023)
    --> Trial 7 | pop=30 seed=15744 x0_norm_min=-0.779 x0_norm_max=0.922
        [Pruned] Trial 7 at gen 15 (loss=1.3760)
    --> Trial 8 | pop=58 seed=21453 x0_norm_min=-0.814 x0_norm_max=0.843
        [Trial 8] gen   20  evals= 1160  best=1.2983
        [Trial 8] gen   40  evals= 2320  best=1.1993
        [Pruned] Trial 8 at gen 45 (loss=1.1993)
    --> Trial 9 | pop=41 seed=23955 x0_norm_min=-0.955 x0_norm_max=0.770
        [Pruned] Trial 9 at gen 15 (loss=1.4806)
    --> Trial 10 | pop=50 seed=687 x0_norm_min=-0.841 x0_norm_max=0.672
        [Trial 10] gen   20  evals= 1000  best=1.2685
        [Trial 10] gen   40  evals= 2000  best=1.1682
        [Pruned] Trial 10 at gen 45 (loss=1.1567)
    --> Trial 11 | pop=43 seed=67152 x0_norm_min=-0.781 x0_norm_max=0.859
        [Pruned] Trial 11 at gen 15 (loss=1.5183)
    --> Trial 12 | pop=48 seed=97217 x0_norm_min=-0.402 x0_norm_max=0.428
        [Pruned] Trial 12 at gen 15 (loss=1.4520)
    --> Trial 13 | pop=38 seed=68660 x0_norm_min=-0.863 x0_norm_max=0.955
        [Pruned] Trial 13 at gen 15 (loss=1.5124)
    --> Trial 14 | pop=47 seed=62008 x0_norm_min=-0.897 x0_norm_max=-0.091
        [Pruned] Trial 14 at gen 15 (loss=1.4211)
    --> Trial 15 | pop=39 seed=85323 x0_norm_min=-0.690 x0_norm_max=0.990
        [Pruned] Trial 15 at gen 15 (loss=1.5759)
    --> Trial 16 | pop=45 seed=52673 x0_norm_min=-0.776 x0_norm_max=0.982
        [Pruned] Trial 16 at gen 15 (loss=1.4035)
    --> Trial 17 | pop=53 seed=79348 x0_norm_min=-0.863 x0_norm_max=0.835
        [Trial 17] gen   20  evals= 1060  best=1.3263
        [Trial 17] gen   40  evals= 2120  best=1.0288
        [Trial 17] gen   60  evals= 3180  best=0.9996
        [Trial 17] gen   80  evals= 4240  best=0.9789
        [Trial 17] gen  100  evals= 5300  best=0.9706
        [Trial 17] gen  120  evals= 6360  best=0.9699
        [Trial 17] gen  140  evals= 7420  best=0.9604
        [Trial 17] gen  160  evals= 8480  best=0.9556
        [Trial 17] gen  180  evals= 9540  best=0.9556
        [Trial 17] gen  200  evals=10600  best=0.9556
        [Trial 17] gen  220  evals=11660  best=0.9556
        [Trial 17] gen  240  evals=12720  best=0.9553
        [Trial 17] gen  260  evals=13780  best=0.9545
        [Trial 17] gen  280  evals=14840  best=0.9528
        [Trial 17] gen  300  evals=15900  best=0.9524
        [Trial 17] gen  320  evals=16960  best=0.9518
        [Trial 17] gen  340  evals=18020  best=0.9511
        [Trial 17] gen  360  evals=19080  best=0.9511
        [Trial 17] gen  380  evals=20140  best=0.9511
        [Trial 17] gen  400  evals=21200  best=0.9511
        [Trial 17] gen  420  evals=22260  best=0.9511
        [Trial 17] gen  440  evals=23320  best=0.9511
        [Trial 17] gen  460  evals=24380  best=0.9500
        [Trial 17] gen  480  evals=25440  best=0.9500
        [Trial 17] gen  500  evals=26500  best=0.9500
        [Trial 17] gen  520  evals=27560  best=0.9500
        [Trial 17] gen  540  evals=28620  best=0.9500
        [Trial 17] gen  560  evals=29680  best=0.9500
        [Done] Trial 17 best=0.9500
    --> Trial 18 | pop=54 seed=6180 x0_norm_min=-0.933 x0_norm_max=0.907
        [Trial 18] gen   20  evals= 1080  best=1.2252
        [Trial 18] gen   40  evals= 2160  best=1.0267
        [Pruned] Trial 18 at gen 45 (loss=1.0245)
    --> Trial 19 | pop=53 seed=37890 x0_norm_min=-0.948 x0_norm_max=0.822
        [Pruned] Trial 19 at gen 15 (loss=1.3995)

  Winner: Trial 17, loss=0.950001 (1458s)
    Restarts run: 20
    mu: 84.694280
    D_mu: 4.931601
    T0_mu: 8.345192
    Ly: 2.597617
    op_x: 0.717207
    op_y: 0.511150
    NMSE: 0.027803
  [Saved] random_IR_0005

============================================================
[6/50] random_IR_0006.npz
  GT loss: 0.734370
    --> Trial 0 | pop=30 seed=88847 x0_norm_min=-0.944 x0_norm_max=0.730
        [Trial 0] gen   20  evals=  600  best=1.4125
        [Trial 0] gen   40  evals= 1200  best=1.4109
        [Trial 0] gen   60  evals= 1800  best=1.3855
        [Trial 0] gen   80  evals= 2400  best=1.3855
        [Trial 0] gen  100  evals= 3000  best=1.3792
        [Trial 0] gen  120  evals= 3600  best=1.3505
        [Trial 0] gen  140  evals= 4200  best=1.3263
        [Trial 0] gen  160  evals= 4800  best=1.3123
        [Trial 0] gen  180  evals= 5400  best=1.3123
        [Trial 0] gen  200  evals= 6000  best=1.2945
        [Trial 0] gen  220  evals= 6600  best=1.2826
        [Trial 0] gen  240  evals= 7200  best=1.2810
        [Trial 0] gen  260  evals= 7800  best=1.2810
        [Trial 0] gen  280  evals= 8400  best=1.2779
        [Trial 0] gen  300  evals= 9000  best=1.2776
        [Trial 0] gen  320  evals= 9600  best=1.2762
        [Trial 0] gen  340  evals=10200  best=1.2762
        [Trial 0] gen  360  evals=10800  best=1.2762
        [Trial 0] gen  380  evals=11400  best=1.2762
        [Trial 0] gen  400  evals=12000  best=1.2762
        [Trial 0] gen  420  evals=12600  best=1.2762
        [Trial 0] gen  440  evals=13200  best=1.2761
        [Trial 0] gen  460  evals=13800  best=1.2761
        [Trial 0] gen  480  evals=14400  best=1.2761
        [Done] Trial 0 best=1.2761
    --> Trial 1 | pop=45 seed=57441 x0_norm_min=-0.937 x0_norm_max=0.907
        [Trial 1] gen   20  evals=  900  best=1.2107
        [Trial 1] gen   40  evals= 1800  best=1.0580
        [Trial 1] gen   60  evals= 2700  best=0.9276
        [Trial 1] gen   80  evals= 3600  best=0.9270
        [Trial 1] gen  100  evals= 4500  best=0.9104
        [Trial 1] gen  120  evals= 5400  best=0.9023
        [Trial 1] gen  140  evals= 6300  best=0.9010
        [Trial 1] gen  160  evals= 7200  best=0.8983
        [Trial 1] gen  180  evals= 8100  best=0.8976
        [Trial 1] gen  200  evals= 9000  best=0.8976
        [Trial 1] gen  220  evals= 9900  best=0.8952
        [Trial 1] gen  240  evals=10800  best=0.8948
        [Trial 1] gen  260  evals=11700  best=0.8911
        [Trial 1] gen  280  evals=12600  best=0.8911
        [Trial 1] gen  300  evals=13500  best=0.8911
        [Trial 1] gen  320  evals=14400  best=0.8908
        [Trial 1] gen  340  evals=15300  best=0.8908
        [Trial 1] gen  360  evals=16200  best=0.8908
        [Trial 1] gen  380  evals=17100  best=0.8908
        [Trial 1] gen  400  evals=18000  best=0.8908
        [Trial 1] gen  420  evals=18900  best=0.8908
        [Trial 1] gen  440  evals=19800  best=0.8908
        [Trial 1] gen  460  evals=20700  best=0.8908
        [Trial 1] gen  480  evals=21600  best=0.8908
        [Trial 1] gen  500  evals=22500  best=0.8908
        [Trial 1] gen  520  evals=23400  best=0.8908
        [Trial 1] gen  540  evals=24300  best=0.8908
        [Trial 1] gen  560  evals=25200  best=0.8908
        [Trial 1] gen  580  evals=26100  best=0.8908
        [Trial 1] gen  600  evals=27000  best=0.8908
        [Trial 1] gen  620  evals=27900  best=0.8908
        [Trial 1] gen  640  evals=28800  best=0.8908
        [Done] Trial 1 best=0.8908
    --> Trial 2 | pop=43 seed=2843 x0_norm_min=-0.344 x0_norm_max=0.824
        [Trial 2] gen   20  evals=  860  best=1.1970
        [Trial 2] gen   40  evals= 1720  best=1.0390
        [Pruned] Trial 2 at gen 45 (loss=0.9912)
    --> Trial 3 | pop=32 seed=31865 x0_norm_min=-0.797 x0_norm_max=0.622
        [Pruned] Trial 3 at gen 15 (loss=1.4843)
    --> Trial 4 | pop=30 seed=45288 x0_norm_min=-0.947 x0_norm_max=0.785
        [Pruned] Trial 4 at gen 15 (loss=1.4657)
    --> Trial 5 | pop=30 seed=72530 x0_norm_min=-0.748 x0_norm_max=0.981
        [Trial 5] gen   20  evals=  600  best=1.4019
        [Trial 5] gen   40  evals= 1200  best=1.3975
        [Pruned] Trial 5 at gen 45 (loss=1.3975)
    --> Trial 6 | pop=37 seed=83038 x0_norm_min=-0.929 x0_norm_max=0.732
        [Pruned] Trial 6 at gen 15 (loss=1.4789)
    --> Trial 7 | pop=51 seed=260 x0_norm_min=-0.779 x0_norm_max=0.922
        [Trial 7] gen   20  evals= 1020  best=1.3413
        [Trial 7] gen   40  evals= 2040  best=1.3413
        [Pruned] Trial 7 at gen 45 (loss=1.3413)
    --> Trial 8 | pop=43 seed=94563 x0_norm_min=-0.814 x0_norm_max=0.843
        [Pruned] Trial 8 at gen 15 (loss=1.4774)
    --> Trial 9 | pop=55 seed=76453 x0_norm_min=-0.955 x0_norm_max=0.770
        [Trial 9] gen   20  evals= 1100  best=1.3129
        [Trial 9] gen   40  evals= 2200  best=1.3129
        [Pruned] Trial 9 at gen 45 (loss=1.3129)
    --> Trial 10 | pop=60 seed=52329 x0_norm_min=-0.841 x0_norm_max=0.672
        [Pruned] Trial 10 at gen 15 (loss=1.4692)
    --> Trial 11 | pop=44 seed=57508 x0_norm_min=-0.781 x0_norm_max=0.859
        [Trial 11] gen   20  evals=  880  best=1.3299
        [Trial 11] gen   40  evals= 1760  best=1.3299
        [Pruned] Trial 11 at gen 45 (loss=1.3299)
    --> Trial 12 | pop=37 seed=94992 x0_norm_min=-0.402 x0_norm_max=0.428
        [Pruned] Trial 12 at gen 15 (loss=1.3511)
    --> Trial 13 | pop=49 seed=27226 x0_norm_min=-0.863 x0_norm_max=0.955
        [Pruned] Trial 13 at gen 15 (loss=1.3639)
    --> Trial 14 | pop=39 seed=64683 x0_norm_min=-0.897 x0_norm_max=-0.091
        [Pruned] Trial 14 at gen 15 (loss=1.4380)
    --> Trial 15 | pop=48 seed=36093 x0_norm_min=-0.690 x0_norm_max=0.990
        [Trial 15] gen   20  evals=  960  best=1.2251
        [Trial 15] gen   40  evals= 1920  best=1.0089
        [Pruned] Trial 15 at gen 45 (loss=1.0089)
    --> Trial 16 | pop=34 seed=17581 x0_norm_min=-0.776 x0_norm_max=0.982
        [Trial 16] gen   20  evals=  680  best=1.2816
        [Trial 16] gen   40  evals= 1360  best=1.2816
        [Pruned] Trial 16 at gen 45 (loss=1.2816)
    --> Trial 17 | pop=56 seed=86122 x0_norm_min=-0.863 x0_norm_max=0.835
        [Trial 17] gen   20  evals= 1120  best=1.2541
        [Trial 17] gen   40  evals= 2240  best=1.1485
        [Pruned] Trial 17 at gen 45 (loss=1.0675)
    --> Trial 18 | pop=40 seed=65802 x0_norm_min=-0.933 x0_norm_max=0.907
        [Pruned] Trial 18 at gen 15 (loss=1.4968)
    --> Trial 19 | pop=46 seed=49462 x0_norm_min=-0.948 x0_norm_max=0.822
        [Pruned] Trial 19 at gen 15 (loss=1.4693)

  Winner: Trial 1, loss=0.890773 (745s)
    Restarts run: 20
    mu: 86.933879
    D_mu: 9.059310
    T0_mu: 8.277401
    Ly: 2.897267
    op_x: 0.722812
    op_y: 0.719064
    NMSE: 0.005627
  [Saved] random_IR_0006

============================================================
[7/50] random_IR_0007.npz
  GT loss: 0.726313
    --> Trial 0 | pop=60 seed=20078 x0_norm_min=-0.944 x0_norm_max=0.730
        [Trial 0] gen   20  evals= 1200  best=1.3126
        [Trial 0] gen   40  evals= 2400  best=1.2331
        [Trial 0] gen   60  evals= 3600  best=1.1786
        [Trial 0] gen   80  evals= 4800  best=1.1786
        [Trial 0] gen  100  evals= 6000  best=1.1786
        [Trial 0] gen  120  evals= 7200  best=1.1786
        [Trial 0] gen  140  evals= 8400  best=1.1786
        [TRIAL TIMEOUT] Trial 0 total >600s, stopping
        [Done] Trial 0 best=1.1786
    --> Trial 1 | pop=46 seed=35981 x0_norm_min=-0.937 x0_norm_max=0.907
        [Pruned] Trial 1 at gen 15 (loss=1.3977)
    --> Trial 2 | pop=44 seed=50999 x0_norm_min=-0.344 x0_norm_max=0.824
        [Pruned] Trial 2 at gen 15 (loss=1.3454)
    --> Trial 3 | pop=55 seed=19628 x0_norm_min=-0.797 x0_norm_max=0.622
        [Trial 3] gen   20  evals= 1100  best=1.3082
        [Trial 3] gen   40  evals= 2200  best=1.2250
        [Trial 3] gen   60  evals= 3300  best=1.1961
        [Trial 3] gen   80  evals= 4400  best=1.1813
        [Trial 3] gen  100  evals= 5500  best=1.1369
        [Trial 3] gen  120  evals= 6600  best=1.1365
        [Trial 3] gen  140  evals= 7700  best=1.1309
        [Trial 3] gen  160  evals= 8800  best=1.1250
        [Trial 3] gen  180  evals= 9900  best=1.1198
        [TRIAL TIMEOUT] Trial 3 total >600s, stopping
        [Done] Trial 3 best=1.1168
    --> Trial 4 | pop=42 seed=20423 x0_norm_min=-0.947 x0_norm_max=0.785
        [Pruned] Trial 4 at gen 15 (loss=1.4359)
    --> Trial 5 | pop=59 seed=93337 x0_norm_min=-0.748 x0_norm_max=0.981
        [Trial 5] gen   20  evals= 1180  best=1.2509
        [Trial 5] gen   40  evals= 2360  best=1.2282
        [Pruned] Trial 5 at gen 45 (loss=1.2282)
    --> Trial 6 | pop=44 seed=96268 x0_norm_min=-0.929 x0_norm_max=0.732
        [Pruned] Trial 6 at gen 15 (loss=1.3948)
    --> Trial 7 | pop=38 seed=97736 x0_norm_min=-0.779 x0_norm_max=0.922
        [Pruned] Trial 7 at gen 15 (loss=1.3582)
    --> Trial 8 | pop=43 seed=21995 x0_norm_min=-0.814 x0_norm_max=0.843
        [Trial 8] gen   20  evals=  860  best=1.2351
        [Trial 8] gen   40  evals= 1720  best=1.2351
        [Pruned] Trial 8 at gen 45 (loss=1.2351)
    --> Trial 9 | pop=41 seed=26263 x0_norm_min=-0.955 x0_norm_max=0.770
        [Pruned] Trial 9 at gen 15 (loss=1.3607)
    --> Trial 10 | pop=31 seed=402 x0_norm_min=-0.841 x0_norm_max=0.672
        [Trial 10] gen   20  evals=  620  best=1.2870
        [Trial 10] gen   40  evals= 1240  best=1.2046
        [Pruned] Trial 10 at gen 45 (loss=1.2046)
    --> Trial 11 | pop=60 seed=3787 x0_norm_min=-0.781 x0_norm_max=0.859
        [Pruned] Trial 11 at gen 15 (loss=1.3963)
    --> Trial 12 | pop=53 seed=50554 x0_norm_min=-0.402 x0_norm_max=0.428
        [Pruned] Trial 12 at gen 15 (loss=1.3415)
    --> Trial 13 | pop=54 seed=44142 x0_norm_min=-0.863 x0_norm_max=0.955
        [Trial 13] gen   20  evals= 1080  best=1.2635
        [Trial 13] gen   40  evals= 2160  best=1.2261
        [Trial 13] gen   60  evals= 3240  best=1.1681
        [Trial 13] gen   80  evals= 4320  best=1.1556
        [Trial 13] gen  100  evals= 5400  best=1.1522
        [Trial 13] gen  120  evals= 6480  best=1.1493
        [Pruned] Trial 13 at gen 135 (loss=1.1483)
    --> Trial 14 | pop=54 seed=13336 x0_norm_min=-0.897 x0_norm_max=-0.091
        [Pruned] Trial 14 at gen 15 (loss=1.3674)
    --> Trial 15 | pop=50 seed=67022 x0_norm_min=-0.690 x0_norm_max=0.990
        [Pruned] Trial 15 at gen 15 (loss=1.3376)
    --> Trial 16 | pop=57 seed=35877 x0_norm_min=-0.776 x0_norm_max=0.982
        [Pruned] Trial 16 at gen 15 (loss=1.4405)
    --> Trial 17 | pop=49 seed=64253 x0_norm_min=-0.863 x0_norm_max=0.835
        [Pruned] Trial 17 at gen 15 (loss=1.3621)
    --> Trial 18 | pop=57 seed=12147 x0_norm_min=-0.933 x0_norm_max=0.907
        [Pruned] Trial 18 at gen 15 (loss=1.3614)
    --> Trial 19 | pop=51 seed=30308 x0_norm_min=-0.948 x0_norm_max=0.822
        [Trial 19] gen   20  evals= 1020  best=1.2429
        [Trial 19] gen   40  evals= 2040  best=1.2010
        [Trial 19] gen   60  evals= 3060  best=1.1314
        [Trial 19] gen   80  evals= 4080  best=1.1018
        [Trial 19] gen  100  evals= 5100  best=1.0976
        [Trial 19] gen  120  evals= 6120  best=1.0917
        [Trial 19] gen  140  evals= 7140  best=1.0830
        [Trial 19] gen  160  evals= 8160  best=1.0830
        [Trial 19] gen  180  evals= 9180  best=1.0821
        [Trial 19] gen  200  evals=10200  best=1.0795
        [Trial 19] gen  220  evals=11220  best=1.0794
        [Trial 19] gen  240  evals=12240  best=1.0761
        [Trial 19] gen  260  evals=13260  best=1.0761
        [Trial 19] gen  280  evals=14280  best=1.0758
        [Trial 19] gen  300  evals=15300  best=1.0746
        [Trial 19] gen  320  evals=16320  best=1.0738
        [Trial 19] gen  340  evals=17340  best=1.0738
        [Trial 19] gen  360  evals=18360  best=1.0732
        [Trial 19] gen  380  evals=19380  best=1.0732
        [Trial 19] gen  400  evals=20400  best=1.0731
        [Trial 19] gen  420  evals=21420  best=1.0731
        [Trial 19] gen  440  evals=22440  best=1.0731
        [Trial 19] gen  460  evals=23460  best=1.0731
        [Trial 19] gen  480  evals=24480  best=1.0731
        [Trial 19] gen  500  evals=25500  best=1.0731
        [Trial 19] gen  520  evals=26520  best=1.0731
        [Trial 19] gen  540  evals=27540  best=1.0731
        [Trial 19] gen  560  evals=28560  best=1.0731
        [Trial 19] gen  580  evals=29580  best=1.0731
        [Done] Trial 19 best=1.0731

  Winner: Trial 19, loss=1.073137 (2583s)
    Restarts run: 20
    mu: 21.137380
    D_mu: 0.819221
    T0_mu: 10.927507
    Ly: 1.104191
    op_x: 0.707881
    op_y: 0.510004
    NMSE: 0.110657
  [Saved] random_IR_0007

============================================================
[8/50] random_IR_0008.npz
  GT loss: 0.600656
    --> Trial 0 | pop=52 seed=64833 x0_norm_min=-0.944 x0_norm_max=0.730
        [Trial 0] gen   20  evals= 1040  best=1.1321
        [Trial 0] gen   40  evals= 2080  best=0.9563
        [Trial 0] gen   60  evals= 3120  best=0.7828
        [Trial 0] gen   80  evals= 4160  best=0.6535
        [Trial 0] gen  100  evals= 5200  best=0.5868
        [Trial 0] gen  120  evals= 6240  best=0.5822
        [Trial 0] gen  140  evals= 7280  best=0.5774
        [Trial 0] gen  160  evals= 8320  best=0.5733
        [Trial 0] gen  180  evals= 9360  best=0.5733
        [Trial 0] gen  200  evals=10400  best=0.5733
        [Trial 0] gen  220  evals=11440  best=0.5733
        [Trial 0] gen  240  evals=12480  best=0.5721
NOTE (module=cma, iteration=259):  
condition in coordinate system exceeded 1.2e+08, rescaled to 1.0e+00, 
condition changed from 2.8e+08 to 6.5e+07
        [Trial 0] gen  260  evals=13520  best=0.5716
        [Trial 0] gen  280  evals=14560  best=0.5716
        [Trial 0] gen  300  evals=15600  best=0.5716
        [Trial 0] gen  320  evals=16640  best=0.5711
        [Trial 0] gen  340  evals=17680  best=0.5711
        [Trial 0] gen  360  evals=18720  best=0.5702
        [Trial 0] gen  380  evals=19760  best=0.5702
        [Trial 0] gen  400  evals=20800  best=0.5702
        [Trial 0] gen  420  evals=21840  best=0.5702
        [Done] Trial 0 best=0.5702
    --> Trial 1 | pop=44 seed=73435 x0_norm_min=-0.937 x0_norm_max=0.907
        [Pruned] Trial 1 at gen 15 (loss=1.1806)
    --> Trial 2 | pop=55 seed=33388 x0_norm_min=-0.344 x0_norm_max=0.824
        [Pruned] Trial 2 at gen 15 (loss=1.1822)
    --> Trial 3 | pop=36 seed=209 x0_norm_min=-0.797 x0_norm_max=0.622
        [Trial 3] gen   20  evals=  720  best=1.0843
        [Trial 3] gen   40  evals= 1440  best=1.0417
        [Pruned] Trial 3 at gen 45 (loss=1.0059)
    --> Trial 4 | pop=32 seed=18330 x0_norm_min=-0.947 x0_norm_max=0.785
        [Pruned] Trial 4 at gen 15 (loss=1.1240)
    --> Trial 5 | pop=49 seed=9884 x0_norm_min=-0.748 x0_norm_max=0.981
        [Pruned] Trial 5 at gen 15 (loss=1.1308)
    --> Trial 6 | pop=52 seed=90037 x0_norm_min=-0.929 x0_norm_max=0.732
        [Trial 6] gen   20  evals= 1040  best=1.0886
        [Trial 6] gen   40  evals= 2080  best=0.9183
        [Trial 6] gen   60  evals= 3120  best=0.8001
        [Trial 6] gen   80  evals= 4160  best=0.6337
        [Trial 6] gen  100  evals= 5200  best=0.5897
        [Trial 6] gen  120  evals= 6240  best=0.5838
        [Pruned] Trial 6 at gen 135 (loss=0.5813)
    --> Trial 7 | pop=47 seed=64260 x0_norm_min=-0.779 x0_norm_max=0.922
        [Pruned] Trial 7 at gen 15 (loss=1.1069)
    --> Trial 8 | pop=39 seed=50157 x0_norm_min=-0.814 x0_norm_max=0.843
        [Trial 8] gen   20  evals=  780  best=1.0845
        [Trial 8] gen   40  evals= 1560  best=0.8729
        [Trial 8] gen   60  evals= 2340  best=0.7219
        [Trial 8] gen   80  evals= 3120  best=0.6139
        [Trial 8] gen  100  evals= 3900  best=0.5928
        [Trial 8] gen  120  evals= 4680  best=0.5836
        [Pruned] Trial 8 at gen 135 (loss=0.5829)
    --> Trial 9 | pop=49 seed=25753 x0_norm_min=-0.955 x0_norm_max=0.770
        [Pruned] Trial 9 at gen 15 (loss=1.1080)
    --> Trial 10 | pop=60 seed=93183 x0_norm_min=-0.841 x0_norm_max=0.672
        [Pruned] Trial 10 at gen 15 (loss=1.1587)
    --> Trial 11 | pop=55 seed=98178 x0_norm_min=-0.781 x0_norm_max=0.859
        [Pruned] Trial 11 at gen 15 (loss=1.1866)
    --> Trial 12 | pop=54 seed=76964 x0_norm_min=-0.402 x0_norm_max=0.428
        [Pruned] Trial 12 at gen 15 (loss=1.1338)
    --> Trial 13 | pop=60 seed=52348 x0_norm_min=-0.863 x0_norm_max=0.955
        [Trial 13] gen   20  evals= 1200  best=1.1054
        [Trial 13] gen   40  evals= 2400  best=0.9642
        [Pruned] Trial 13 at gen 45 (loss=0.9642)
    --> Trial 14 | pop=44 seed=84147 x0_norm_min=-0.897 x0_norm_max=-0.091
        [Pruned] Trial 14 at gen 15 (loss=1.1669)
    --> Trial 15 | pop=53 seed=63426 x0_norm_min=-0.690 x0_norm_max=0.990
        [Trial 15] gen   20  evals= 1060  best=1.1064
        [Trial 15] gen   40  evals= 2120  best=1.0320
        [Pruned] Trial 15 at gen 45 (loss=0.9802)
    --> Trial 16 | pop=50 seed=85367 x0_norm_min=-0.776 x0_norm_max=0.982
        [Pruned] Trial 16 at gen 15 (loss=1.1920)
    --> Trial 17 | pop=43 seed=47328 x0_norm_min=-0.863 x0_norm_max=0.835
        [Pruned] Trial 17 at gen 15 (loss=1.2531)
    --> Trial 18 | pop=57 seed=65312 x0_norm_min=-0.933 x0_norm_max=0.907
        [Pruned] Trial 18 at gen 15 (loss=1.1381)
    --> Trial 19 | pop=51 seed=38823 x0_norm_min=-0.948 x0_norm_max=0.822
        [Trial 19] gen   20  evals= 1020  best=0.9774
        [Trial 19] gen   40  evals= 2040  best=0.7978
        [Trial 19] gen   60  evals= 3060  best=0.7030
        [Trial 19] gen   80  evals= 4080  best=0.6049
        [Trial 19] gen  100  evals= 5100  best=0.5872
        [Trial 19] gen  120  evals= 6120  best=0.5833
        [Pruned] Trial 19 at gen 135 (loss=0.5824)

  Winner: Trial 0, loss=0.570161 (900s)
    Restarts run: 20
    mu: 49.838296
    D_mu: 3.761941
    T0_mu: 6.376288
    Ly: 2.154799
    op_x: 0.612320
    op_y: 0.589063
    NMSE: 0.005649
  [Saved] random_IR_0008

============================================================
[9/50] random_IR_0009.npz
  GT loss: 0.672652
    --> Trial 0 | pop=45 seed=96052 x0_norm_min=-0.944 x0_norm_max=0.730
        [Trial 0] gen   20  evals=  900  best=1.4514
        [Trial 0] gen   40  evals= 1800  best=1.3722
        [Trial 0] gen   60  evals= 2700  best=1.3327
        [Trial 0] gen   80  evals= 3600  best=1.2721
        [Trial 0] gen  100  evals= 4500  best=1.2644
        [Trial 0] gen  120  evals= 5400  best=1.2334
        [Trial 0] gen  140  evals= 6300  best=1.2301
        [Trial 0] gen  160  evals= 7200  best=1.2257
        [Trial 0] gen  180  evals= 8100  best=1.2208
        [Trial 0] gen  200  evals= 9000  best=1.2194
        [Trial 0] gen  220  evals= 9900  best=1.2169
        [Trial 0] gen  240  evals=10800  best=1.2163
        [Trial 0] gen  260  evals=11700  best=1.2155
        [Trial 0] gen  280  evals=12600  best=1.2151
        [Trial 0] gen  300  evals=13500  best=1.2129
        [Trial 0] gen  320  evals=14400  best=1.2129
        [Trial 0] gen  340  evals=15300  best=1.2129
        [Trial 0] gen  360  evals=16200  best=1.2129
        [Trial 0] gen  380  evals=17100  best=1.2129
        [Trial 0] gen  400  evals=18000  best=1.2129
        [Trial 0] gen  420  evals=18900  best=1.2129
        [Trial 0] gen  440  evals=19800  best=1.2129
NOTE (module=cma, iteration=453):  
condition in coordinate system exceeded 1.2e+08, rescaled to 1.0e+00, 
condition changed from 1.6e+09 to 3.9e+08
        [Trial 0] gen  460  evals=20700  best=1.2129
        [Trial 0] gen  480  evals=21600  best=1.2129
        [Trial 0] gen  500  evals=22500  best=1.2127
        [TRIAL TIMEOUT] Trial 0 total >600s, stopping
        [Done] Trial 0 best=1.2123
    --> Trial 1 | pop=49 seed=44869 x0_norm_min=-0.937 x0_norm_max=0.907
        [Pruned] Trial 1 at gen 15 (loss=1.4670)
    --> Trial 2 | pop=55 seed=28649 x0_norm_min=-0.344 x0_norm_max=0.824
        [Pruned] Trial 2 at gen 15 (loss=1.4707)
    --> Trial 3 | pop=43 seed=7692 x0_norm_min=-0.797 x0_norm_max=0.622
        [Trial 3] gen   20  evals=  860  best=1.3866
        [Trial 3] gen   40  evals= 1720  best=1.3364
        [Trial 3] gen   60  evals= 2580  best=1.2811
        [Trial 3] gen   80  evals= 3440  best=1.1085
        [Trial 3] gen  100  evals= 4300  best=1.0967
        [Trial 3] gen  120  evals= 5160  best=1.0710
        [Trial 3] gen  140  evals= 6020  best=1.0465
        [Trial 3] gen  160  evals= 6880  best=1.0278
        [Trial 3] gen  180  evals= 7740  best=1.0239
        [Trial 3] gen  200  evals= 8600  best=1.0163
        [Trial 3] gen  220  evals= 9460  best=1.0155
        [Trial 3] gen  240  evals=10320  best=1.0155
        [Trial 3] gen  260  evals=11180  best=1.0139
        [Trial 3] gen  280  evals=12040  best=1.0128
        [Trial 3] gen  300  evals=12900  best=1.0088
        [Trial 3] gen  320  evals=13760  best=1.0088
        [Trial 3] gen  340  evals=14620  best=1.0088
        [Trial 3] gen  360  evals=15480  best=1.0088
        [Trial 3] gen  380  evals=16340  best=1.0059
        [Trial 3] gen  400  evals=17200  best=1.0059
        [Trial 3] gen  420  evals=18060  best=1.0059
        [Trial 3] gen  440  evals=18920  best=1.0059
        [Trial 3] gen  460  evals=19780  best=1.0059
        [Trial 3] gen  480  evals=20640  best=1.0048
        [Trial 3] gen  500  evals=21500  best=1.0048
        [Trial 3] gen  520  evals=22360  best=1.0048
        [Trial 3] gen  540  evals=23220  best=1.0042
        [Trial 3] gen  560  evals=24080  best=1.0042
        [Trial 3] gen  580  evals=24940  best=1.0036
        [Trial 3] gen  600  evals=25800  best=1.0036
        [Trial 3] gen  620  evals=26660  best=1.0036
        [Trial 3] gen  640  evals=27520  best=1.0036
        [Trial 3] gen  660  evals=28380  best=1.0036
        [Done] Trial 3 best=1.0036
    --> Trial 4 | pop=39 seed=60515 x0_norm_min=-0.947 x0_norm_max=0.785
        [Pruned] Trial 4 at gen 15 (loss=1.5782)
    --> Trial 5 | pop=49 seed=89210 x0_norm_min=-0.748 x0_norm_max=0.981
        [Trial 5] gen   20  evals=  980  best=1.2835
        [Trial 5] gen   40  evals= 1960  best=1.2261
        [Trial 5] gen   60  evals= 2940  best=1.1199
        [Trial 5] gen   80  evals= 3920  best=1.0730
        [Trial 5] gen  100  evals= 4900  best=1.0436
        [Trial 5] gen  120  evals= 5880  best=1.0355
        [Trial 5] gen  140  evals= 6860  best=1.0202
        [Trial 5] gen  160  evals= 7840  best=1.0167
        [Trial 5] gen  180  evals= 8820  best=1.0090
        [Trial 5] gen  200  evals= 9800  best=1.0065
        [Trial 5] gen  220  evals=10780  best=1.0039
        [Trial 5] gen  240  evals=11760  best=1.0017
        [Trial 5] gen  260  evals=12740  best=1.0012
        [Trial 5] gen  280  evals=13720  best=0.9992
        [Trial 5] gen  300  evals=14700  best=0.9989
        [Trial 5] gen  320  evals=15680  best=0.9989
NOTE (module=cma, iteration=331):  
condition in coordinate system exceeded 1.1e+08, rescaled to 1.0e+00, 
condition changed from 3.0e+09 to 1.5e+09
        [Trial 5] gen  340  evals=16660  best=0.9989
        [Trial 5] gen  360  evals=17640  best=0.9976
        [Trial 5] gen  380  evals=18620  best=0.9976
        [Trial 5] gen  400  evals=19600  best=0.9976
        [Trial 5] gen  420  evals=20580  best=0.9976
        [Trial 5] gen  440  evals=21560  best=0.9976
        [Trial 5] gen  460  evals=22540  best=0.9976
        [Trial 5] gen  480  evals=23520  best=0.9976
        [Trial 5] gen  500  evals=24500  best=0.9976
        [Trial 5] gen  520  evals=25480  best=0.9976
        [Trial 5] gen  540  evals=26460  best=0.9976
        [Done] Trial 5 best=0.9976
    --> Trial 6 | pop=43 seed=43015 x0_norm_min=-0.929 x0_norm_max=0.732
        [Pruned] Trial 6 at gen 15 (loss=1.4681)
    --> Trial 7 | pop=34 seed=81214 x0_norm_min=-0.779 x0_norm_max=0.922
        [Pruned] Trial 7 at gen 15 (loss=1.4604)
    --> Trial 8 | pop=35 seed=10295 x0_norm_min=-0.814 x0_norm_max=0.843
        [Trial 8] gen   20  evals=  700  best=1.1937
        [Trial 8] gen   40  evals= 1400  best=1.0973
        [Trial 8] gen   60  evals= 2100  best=1.0717
        [Trial 8] gen   80  evals= 2800  best=0.8529
        [Trial 8] gen  100  evals= 3500  best=0.7416
        [Trial 8] gen  120  evals= 4200  best=0.6821
        [Trial 8] gen  140  evals= 4900  best=0.6744
        [Trial 8] gen  160  evals= 5600  best=0.6691
        [Trial 8] gen  180  evals= 6300  best=0.6657
        [Trial 8] gen  200  evals= 7000  best=0.6657
        [Trial 8] gen  220  evals= 7700  best=0.6640
        [Trial 8] gen  240  evals= 8400  best=0.6640
        [Trial 8] gen  260  evals= 9100  best=0.6640
        [Trial 8] gen  280  evals= 9800  best=0.6640
        [Trial 8] gen  300  evals=10500  best=0.6617
        [Trial 8] gen  320  evals=11200  best=0.6617
        [Trial 8] gen  340  evals=11900  best=0.6594
        [Trial 8] gen  360  evals=12600  best=0.6581
        [Trial 8] gen  380  evals=13300  best=0.6579
        [Trial 8] gen  400  evals=14000  best=0.6577
        [Trial 8] gen  420  evals=14700  best=0.6574
        [Trial 8] gen  440  evals=15400  best=0.6570
        [Trial 8] gen  460  evals=16100  best=0.6569
        [Trial 8] gen  480  evals=16800  best=0.6560
        [Trial 8] gen  500  evals=17500  best=0.6560
        [Trial 8] gen  520  evals=18200  best=0.6555
        [Trial 8] gen  540  evals=18900  best=0.6548
        [Trial 8] gen  560  evals=19600  best=0.6548
        [Trial 8] gen  580  evals=20300  best=0.6545
        [Trial 8] gen  600  evals=21000  best=0.6545
        [Trial 8] gen  620  evals=21700  best=0.6545
        [Trial 8] gen  640  evals=22400  best=0.6545
        [Trial 8] gen  660  evals=23100  best=0.6545
        [Trial 8] gen  680  evals=23800  best=0.6545
        [Trial 8] gen  700  evals=24500  best=0.6545
        [Done] Trial 8 best=0.6545
    --> Trial 9 | pop=48 seed=17990 x0_norm_min=-0.955 x0_norm_max=0.770
        [Trial 9] gen   20  evals=  960  best=1.3179
        [Trial 9] gen   40  evals= 1920  best=1.2580
        [Pruned] Trial 9 at gen 45 (loss=1.2580)
    --> Trial 10 | pop=30 seed=70254 x0_norm_min=-0.841 x0_norm_max=0.672
        [Pruned] Trial 10 at gen 15 (loss=1.6008)
    --> Trial 11 | pop=59 seed=3255 x0_norm_min=-0.781 x0_norm_max=0.859
        [Pruned] Trial 11 at gen 15 (loss=1.4664)
    --> Trial 12 | pop=53 seed=97885 x0_norm_min=-0.402 x0_norm_max=0.428
        [Pruned] Trial 12 at gen 15 (loss=1.5513)
    --> Trial 13 | pop=37 seed=49592 x0_norm_min=-0.863 x0_norm_max=0.955
        [Pruned] Trial 13 at gen 15 (loss=1.4837)
    --> Trial 14 | pop=30 seed=27632 x0_norm_min=-0.897 x0_norm_max=-0.091
        [Pruned] Trial 14 at gen 15 (loss=1.5688)
    --> Trial 15 | pop=60 seed=79062 x0_norm_min=-0.690 x0_norm_max=0.990
        [Pruned] Trial 15 at gen 15 (loss=1.4992)
    --> Trial 16 | pop=39 seed=55867 x0_norm_min=-0.776 x0_norm_max=0.982
        [Trial 16] gen   20  evals=  780  best=1.3645
        [Trial 16] gen   40  evals= 1560  best=1.2450
        [Pruned] Trial 16 at gen 45 (loss=1.2450)
    --> Trial 17 | pop=52 seed=31754 x0_norm_min=-0.863 x0_norm_max=0.835
        [Pruned] Trial 17 at gen 15 (loss=1.5062)
    --> Trial 18 | pop=36 seed=86137 x0_norm_min=-0.933 x0_norm_max=0.907
        [Pruned] Trial 18 at gen 15 (loss=1.4939)
    --> Trial 19 | pop=48 seed=64377 x0_norm_min=-0.948 x0_norm_max=0.822
        [Pruned] Trial 19 at gen 15 (loss=1.4826)

  Winner: Trial 8, loss=0.654452 (2313s)
    Restarts run: 20
    mu: 29.156509
    D_mu: 4.683050
    T0_mu: 32.958570
    Ly: 2.994013
    op_x: 0.564082
    op_y: 0.831604
    NMSE: 0.003492
  [Saved] random_IR_0009

============================================================
[10/50] random_IR_0010.npz
  GT loss: 0.816698
    --> Trial 0 | pop=37 seed=83709 x0_norm_min=-0.944 x0_norm_max=0.730
        [Trial 0] gen   20  evals=  740  best=1.5761
        [Trial 0] gen   40  evals= 1480  best=1.5204
        [Trial 0] gen   60  evals= 2220  best=1.4503
        [Trial 0] gen   80  evals= 2960  best=1.4503
        [Trial 0] gen  100  evals= 3700  best=1.4503
        [Trial 0] gen  120  evals= 4440  best=1.4503
        [Trial 0] gen  140  evals= 5180  best=1.4503
        [Trial 0] gen  160  evals= 5920  best=1.4503
        [Trial 0] gen  180  evals= 6660  best=1.4503
        [Trial 0] gen  200  evals= 7400  best=1.4486
        [Trial 0] gen  220  evals= 8140  best=1.4404
        [Trial 0] gen  240  evals= 8880  best=1.4388
        [Trial 0] gen  260  evals= 9620  best=1.4372
        [Trial 0] gen  280  evals=10360  best=1.4372
        [Trial 0] gen  300  evals=11100  best=1.4372
        [Trial 0] gen  320  evals=11840  best=1.4372
        [Trial 0] gen  340  evals=12580  best=1.4372
        [Trial 0] gen  360  evals=13320  best=1.4360
        [Trial 0] gen  380  evals=14060  best=1.4360
        [Trial 0] gen  400  evals=14800  best=1.4355
        [Trial 0] gen  420  evals=15540  best=1.4352
        [Trial 0] gen  440  evals=16280  best=1.4352
        [Trial 0] gen  460  evals=17020  best=1.4352
        [Trial 0] gen  480  evals=17760  best=1.4347
        [Trial 0] gen  500  evals=18500  best=1.4341
        [Trial 0] gen  520  evals=19240  best=1.4341
        [TRIAL TIMEOUT] Trial 0 total >600s, stopping
        [Done] Trial 0 best=1.4341
    --> Trial 1 | pop=53 seed=12530 x0_norm_min=-0.937 x0_norm_max=0.907
        [Trial 1] gen   20  evals= 1060  best=1.5960
        [Trial 1] gen   40  evals= 2120  best=1.5066
        [Trial 1] gen   60  evals= 3180  best=1.4489
        [Trial 1] gen   80  evals= 4240  best=1.4350
        [Trial 1] gen  100  evals= 5300  best=1.4350
        [Trial 1] gen  120  evals= 6360  best=1.4183
        [Trial 1] gen  140  evals= 7420  best=1.4179
        [Trial 1] gen  160  evals= 8480  best=1.4118
        [Trial 1] gen  180  evals= 9540  best=1.4086
        [Trial 1] gen  200  evals=10600  best=1.4067
        [Trial 1] gen  220  evals=11660  best=1.4067
        [Trial 1] gen  240  evals=12720  best=1.4062
        [Trial 1] gen  260  evals=13780  best=1.4048
        [Trial 1] gen  280  evals=14840  best=1.4048
        [Trial 1] gen  300  evals=15900  best=1.4048
        [Trial 1] gen  320  evals=16960  best=1.4048
        [Trial 1] gen  340  evals=18020  best=1.4035
        [TRIAL TIMEOUT] Trial 1 total >600s, stopping
        [Done] Trial 1 best=1.4035
    --> Trial 2 | pop=38 seed=12014 x0_norm_min=-0.344 x0_norm_max=0.824
        [Pruned] Trial 2 at gen 15 (loss=1.6622)
    --> Trial 3 | pop=46 seed=13506 x0_norm_min=-0.797 x0_norm_max=0.622
        [Trial 3] gen   20  evals=  920  best=1.5438
        [Trial 3] gen   40  evals= 1840  best=1.5403
        [Pruned] Trial 3 at gen 45 (loss=1.5358)
    --> Trial 4 | pop=33 seed=66445 x0_norm_min=-0.947 x0_norm_max=0.785
        [Pruned] Trial 4 at gen 15 (loss=1.5993)
    --> Trial 5 | pop=54 seed=65948 x0_norm_min=-0.748 x0_norm_max=0.981
        [Trial 5] gen   20  evals= 1080  best=1.5682
        [Trial 5] gen   40  evals= 2160  best=1.5141
        [Pruned] Trial 5 at gen 45 (loss=1.5141)
    --> Trial 6 | pop=57 seed=96940 x0_norm_min=-0.929 x0_norm_max=0.732
        [Trial 6] gen   20  evals= 1140  best=1.4662
        [Trial 6] gen   40  evals= 2280  best=1.4662
        [Trial 6] gen   60  evals= 3420  best=1.4236
        [Trial 6] gen   80  evals= 4560  best=1.4236
        [Trial 6] gen  100  evals= 5700  best=1.3920
        [Trial 6] gen  120  evals= 6840  best=1.3649
        [Trial 6] gen  140  evals= 7980  best=1.3565
        [Trial 6] gen  160  evals= 9120  best=1.3478
        [Trial 6] gen  180  evals=10260  best=1.3464
        [Trial 6] gen  200  evals=11400  best=1.3425
        [Trial 6] gen  220  evals=12540  best=1.3412
        [Trial 6] gen  240  evals=13680  best=1.3397
        [Trial 6] gen  260  evals=14820  best=1.3374
        [Trial 6] gen  280  evals=15960  best=1.3374
        [Trial 6] gen  300  evals=17100  best=1.3374
        [Trial 6] gen  320  evals=18240  best=1.3361
        [Trial 6] gen  340  evals=19380  best=1.3361
        [Trial 6] gen  360  evals=20520  best=1.3357
        [Trial 6] gen  380  evals=21660  best=1.3341
        [Trial 6] gen  400  evals=22800  best=1.3341
        [Trial 6] gen  420  evals=23940  best=1.3341
        [TRIAL TIMEOUT] Trial 6 total >600s, stopping
        [Done] Trial 6 best=1.3341
    --> Trial 7 | pop=57 seed=6028 x0_norm_min=-0.779 x0_norm_max=0.922
        [Pruned] Trial 7 at gen 15 (loss=1.5696)
    --> Trial 8 | pop=32 seed=57559 x0_norm_min=-0.814 x0_norm_max=0.843
        [Trial 8] gen   20  evals=  640  best=1.5619
        [Trial 8] gen   40  evals= 1280  best=1.5254
        [Pruned] Trial 8 at gen 45 (loss=1.5186)
    --> Trial 9 | pop=34 seed=64712 x0_norm_min=-0.955 x0_norm_max=0.770
        [Pruned] Trial 9 at gen 15 (loss=1.6289)
    --> Trial 10 | pop=45 seed=37860 x0_norm_min=-0.841 x0_norm_max=0.672
        [Pruned] Trial 10 at gen 15 (loss=1.5787)
    --> Trial 11 | pop=60 seed=94094 x0_norm_min=-0.781 x0_norm_max=0.859
        [Pruned] Trial 11 at gen 15 (loss=1.6294)
    --> Trial 12 | pop=51 seed=37346 x0_norm_min=-0.402 x0_norm_max=0.428
        [Pruned] Trial 12 at gen 15 (loss=1.5684)
    --> Trial 13 | pop=51 seed=27454 x0_norm_min=-0.863 x0_norm_max=0.955
        [Pruned] Trial 13 at gen 15 (loss=1.6489)
    --> Trial 14 | pop=47 seed=47783 x0_norm_min=-0.897 x0_norm_max=-0.091
        [Pruned] Trial 14 at gen 15 (loss=1.6628)
    --> Trial 15 | pop=59 seed=98966 x0_norm_min=-0.690 x0_norm_max=0.990
        [Pruned] Trial 15 at gen 15 (loss=1.6365)
    --> Trial 16 | pop=55 seed=82252 x0_norm_min=-0.776 x0_norm_max=0.982
        [Pruned] Trial 16 at gen 15 (loss=1.5811)
    --> Trial 17 | pop=51 seed=22889 x0_norm_min=-0.863 x0_norm_max=0.835
        [Pruned] Trial 17 at gen 15 (loss=1.6511)
    --> Trial 18 | pop=42 seed=50461 x0_norm_min=-0.933 x0_norm_max=0.907
        [Pruned] Trial 18 at gen 15 (loss=1.5724)
    --> Trial 19 | pop=54 seed=782 x0_norm_min=-0.948 x0_norm_max=0.822
        [Pruned] Trial 19 at gen 15 (loss=1.6224)

  Winner: Trial 6, loss=1.334077 (2173s)
    Restarts run: 20
    mu: 37.450704
    D_mu: 0.911091
    T0_mu: 23.412986
    Ly: 1.818162
    op_x: 0.639553
    op_y: 0.716923
    NMSE: 0.075172
  [Saved] random_IR_0010

============================================================
[11/50] random_IR_0011.npz
  GT loss: 0.721229
    --> Trial 0 | pop=31 seed=7196 x0_norm_min=-0.944 x0_norm_max=0.730
        [Trial 0] gen   20  evals=  620  best=1.3395
        [Trial 0] gen   40  evals= 1240  best=1.2467
        [Trial 0] gen   60  evals= 1860  best=1.2461
        [Trial 0] gen   80  evals= 2480  best=1.2254
        [Trial 0] gen  100  evals= 3100  best=1.2011
        [Trial 0] gen  120  evals= 3720  best=1.2011
        [Trial 0] gen  140  evals= 4340  best=1.2011
        [Trial 0] gen  160  evals= 4960  best=1.1999
        [Trial 0] gen  180  evals= 5580  best=1.1967
        [Trial 0] gen  200  evals= 6200  best=1.1931
        [Trial 0] gen  220  evals= 6820  best=1.1826
        [Trial 0] gen  240  evals= 7440  best=1.1826
        [Trial 0] gen  260  evals= 8060  best=1.1811
        [Trial 0] gen  280  evals= 8680  best=1.1772
        [Trial 0] gen  300  evals= 9300  best=1.1748
        [Trial 0] gen  320  evals= 9920  best=1.1718
        [Trial 0] gen  340  evals=10540  best=1.1718
        [Trial 0] gen  360  evals=11160  best=1.1718
        [Trial 0] gen  380  evals=11780  best=1.1718
        [Trial 0] gen  400  evals=12400  best=1.1718
        [Trial 0] gen  420  evals=13020  best=1.1718
        [Trial 0] gen  440  evals=13640  best=1.1718
        [Trial 0] gen  460  evals=14260  best=1.1712
        [Trial 0] gen  480  evals=14880  best=1.1712
        [Trial 0] gen  500  evals=15500  best=1.1712
        [Trial 0] gen  520  evals=16120  best=1.1712
        [TRIAL TIMEOUT] Trial 0 total >600s, stopping
        [Done] Trial 0 best=1.1712
    --> Trial 1 | pop=40 seed=5644 x0_norm_min=-0.937 x0_norm_max=0.907
        [Trial 1] gen   20  evals=  800  best=1.2484
        [Trial 1] gen   40  evals= 1600  best=1.2023
        [Trial 1] gen   60  evals= 2400  best=1.1950
        [Trial 1] gen   80  evals= 3200  best=1.1795
        [Trial 1] gen  100  evals= 4000  best=1.1458
        [Trial 1] gen  120  evals= 4800  best=1.1458
        [Trial 1] gen  140  evals= 5600  best=1.1458
        [Trial 1] gen  160  evals= 6400  best=1.1458
        [Trial 1] gen  180  evals= 7200  best=1.1458
        [Trial 1] gen  200  evals= 8000  best=1.1437
        [Trial 1] gen  220  evals= 8800  best=1.1437
        [Trial 1] gen  240  evals= 9600  best=1.1437
        [Trial 1] gen  260  evals=10400  best=1.1437
        [Trial 1] gen  280  evals=11200  best=1.1436
        [Trial 1] gen  300  evals=12000  best=1.1436
        [Trial 1] gen  320  evals=12800  best=1.1429
        [Trial 1] gen  340  evals=13600  best=1.1429
        [Trial 1] gen  360  evals=14400  best=1.1415
        [Trial 1] gen  380  evals=15200  best=1.1415
        [Trial 1] gen  400  evals=16000  best=1.1415
        [Trial 1] gen  420  evals=16800  best=1.1415
        [Trial 1] gen  440  evals=17600  best=1.1415
        [Trial 1] gen  460  evals=18400  best=1.1415/home/bhpark3/dafxenv/lib/python3.12/site-packages/cma/utilities/utils.py:369: UserWarning: 
        geno-pheno transformation introduced based on the
        current covariance matrix with condition 1.0e+12 -> 1.0e+00,
        injected solutions become "invalid" in this iteration (time=Jul  6 05:26:13 2026 class=CMAEvolutionStrategy method=alleviate_conditioning iteration=550)
  warnings.warn(msg + ' (time={}'.format(time.asctime()[4:]) +

        [Done] Trial 1 best=1.1415
    --> Trial 2 | pop=48 seed=45885 x0_norm_min=-0.344 x0_norm_max=0.824
        [Pruned] Trial 2 at gen 15 (loss=1.3018)
    --> Trial 3 | pop=49 seed=66685 x0_norm_min=-0.797 x0_norm_max=0.622
        [Pruned] Trial 3 at gen 15 (loss=1.3843)
    --> Trial 4 | pop=36 seed=36925 x0_norm_min=-0.947 x0_norm_max=0.785
        [Pruned] Trial 4 at gen 15 (loss=1.4070)
    --> Trial 5 | pop=31 seed=3728 x0_norm_min=-0.748 x0_norm_max=0.981
        [Pruned] Trial 5 at gen 15 (loss=1.3492)
    --> Trial 6 | pop=46 seed=66977 x0_norm_min=-0.929 x0_norm_max=0.732
        [Trial 6] gen   20  evals=  920  best=1.2613
        [Trial 6] gen   40  evals= 1840  best=1.2173
        [Pruned] Trial 6 at gen 45 (loss=1.2173)
    --> Trial 7 | pop=57 seed=81812 x0_norm_min=-0.779 x0_norm_max=0.922
        [Pruned] Trial 7 at gen 15 (loss=1.2655)
    --> Trial 8 | pop=49 seed=64109 x0_norm_min=-0.814 x0_norm_max=0.843
        [Trial 8] gen   20  evals=  980  best=1.2608
        [Trial 8] gen   40  evals= 1960  best=1.2299
        [Pruned] Trial 8 at gen 45 (loss=1.1990)
    --> Trial 9 | pop=40 seed=21732 x0_norm_min=-0.955 x0_norm_max=0.770
        [Trial 9] gen   20  evals=  800  best=1.2588
        [Trial 9] gen   40  evals= 1600  best=1.2588
        [Pruned] Trial 9 at gen 45 (loss=1.2588)
    --> Trial 10 | pop=60 seed=99280 x0_norm_min=-0.841 x0_norm_max=0.672
        [Pruned] Trial 10 at gen 15 (loss=1.3349)
    --> Trial 11 | pop=31 seed=2552 x0_norm_min=-0.781 x0_norm_max=0.859
        [Pruned] Trial 11 at gen 15 (loss=1.2956)
    --> Trial 12 | pop=39 seed=18977 x0_norm_min=-0.402 x0_norm_max=0.428
        [Pruned] Trial 12 at gen 15 (loss=1.2965)
    --> Trial 13 | pop=36 seed=18319 x0_norm_min=-0.863 x0_norm_max=0.955
        [Pruned] Trial 13 at gen 15 (loss=1.3394)
    --> Trial 14 | pop=42 seed=1286 x0_norm_min=-0.897 x0_norm_max=-0.091
        [Pruned] Trial 14 at gen 15 (loss=1.2815)
    --> Trial 15 | pop=34 seed=32891 x0_norm_min=-0.690 x0_norm_max=0.990
        [Pruned] Trial 15 at gen 15 (loss=1.3085)
    --> Trial 16 | pop=44 seed=12827 x0_norm_min=-0.776 x0_norm_max=0.982
        [Trial 16] gen   20  evals=  880  best=1.2350
        [Trial 16] gen   40  evals= 1760  best=1.1054
        [Trial 16] gen   60  evals= 2640  best=1.0134
        [Trial 16] gen   80  evals= 3520  best=1.0051
        [Trial 16] gen  100  evals= 4400  best=0.9768
        [Trial 16] gen  120  evals= 5280  best=0.9768
        [Trial 16] gen  140  evals= 6160  best=0.9757
        [Trial 16] gen  160  evals= 7040  best=0.9757
        [Trial 16] gen  180  evals= 7920  best=0.9698
        [Trial 16] gen  200  evals= 8800  best=0.9698
        [Trial 16] gen  220  evals= 9680  best=0.9698
        [Trial 16] gen  240  evals=10560  best=0.9670
        [Trial 16] gen  260  evals=11440  best=0.9670
        [Trial 16] gen  280  evals=12320  best=0.9670
        [Trial 16] gen  300  evals=13200  best=0.9670
        [Trial 16] gen  320  evals=14080  best=0.9670
        [Trial 16] gen  340  evals=14960  best=0.9667
        [Trial 16] gen  360  evals=15840  best=0.9667
        [Trial 16] gen  380  evals=16720  best=0.9667
        [Trial 16] gen  400  evals=17600  best=0.9667
        [Trial 16] gen  420  evals=18480  best=0.9666
        [Trial 16] gen  440  evals=19360  best=0.9666
        [Trial 16] gen  460  evals=20240  best=0.9666
        [Trial 16] gen  480  evals=21120  best=0.9666
        [Done] Trial 16 best=0.9666
    --> Trial 17 | pop=43 seed=27146 x0_norm_min=-0.863 x0_norm_max=0.835
        [Pruned] Trial 17 at gen 15 (loss=1.2952)
    --> Trial 18 | pop=52 seed=47844 x0_norm_min=-0.933 x0_norm_max=0.907
        [Pruned] Trial 18 at gen 15 (loss=1.3707)
    --> Trial 19 | pop=44 seed=13334 x0_norm_min=-0.948 x0_norm_max=0.822
        [Pruned] Trial 19 at gen 15 (loss=1.3183)

  Winner: Trial 16, loss=0.966647 (1319s)
    Restarts run: 20
    mu: 52.225228
    D_mu: 10.311353
    T0_mu: 13.104596
    Ly: 3.991260
    op_x: 0.544442
    op_y: 0.649028
    NMSE: 0.002805
  [Saved] random_IR_0011

============================================================
[12/50] random_IR_0012.npz
  GT loss: 0.709286
    --> Trial 0 | pop=47 seed=49769 x0_norm_min=-0.944 x0_norm_max=0.730
        [Trial 0] gen   20  evals=  940  best=1.4349
        [Trial 0] gen   40  evals= 1880  best=1.3830
        [Trial 0] gen   60  evals= 2820  best=1.3525
        [Trial 0] gen   80  evals= 3760  best=1.3006
        [Trial 0] gen  100  evals= 4700  best=1.2738
        [Trial 0] gen  120  evals= 5640  best=1.2738
        [Trial 0] gen  140  evals= 6580  best=1.2738
        [Trial 0] gen  160  evals= 7520  best=1.2667
        [Trial 0] gen  180  evals= 8460  best=1.2625
        [Trial 0] gen  200  evals= 9400  best=1.2625
        [Trial 0] gen  220  evals=10340  best=1.2617
        [Trial 0] gen  240  evals=11280  best=1.2607
        [Trial 0] gen  260  evals=12220  best=1.2606
        [Trial 0] gen  280  evals=13160  best=1.2593
        [Trial 0] gen  300  evals=14100  best=1.2593
        [Trial 0] gen  320  evals=15040  best=1.2593
        [Trial 0] gen  340  evals=15980  best=1.2593
        [Trial 0] gen  360  evals=16920  best=1.2593
        [Trial 0] gen  380  evals=17860  best=1.2593
        [Trial 0] gen  400  evals=18800  best=1.2593
        [Trial 0] gen  420  evals=19740  best=1.2593
        [Trial 0] gen  440  evals=20680  best=1.2593
        [Done] Trial 0 best=1.2593
    --> Trial 1 | pop=54 seed=85036 x0_norm_min=-0.937 x0_norm_max=0.907
        [Trial 1] gen   20  evals= 1080  best=1.4079
        [Trial 1] gen   40  evals= 2160  best=1.2580
        [Trial 1] gen   60  evals= 3240  best=1.2402
        [Trial 1] gen   80  evals= 4320  best=1.2260
        [Trial 1] gen  100  evals= 5400  best=1.2081
        [Trial 1] gen  120  evals= 6480  best=1.1899
        [Trial 1] gen  140  evals= 7560  best=1.1774
        [Trial 1] gen  160  evals= 8640  best=1.1697
        [Trial 1] gen  180  evals= 9720  best=1.1656
        [Trial 1] gen  200  evals=10800  best=1.1650
NOTE (module=cma, iteration=205):  
condition in coordinate system exceeded 1.0e+08, rescaled to 1.0e+00, 
condition changed from 7.9e+08 to 3.2e+08
        [Trial 1] gen  220  evals=11880  best=1.1650
        [Trial 1] gen  240  evals=12960  best=1.1644
        [Trial 1] gen  260  evals=14040  best=1.1642
        [Trial 1] gen  280  evals=15120  best=1.1639
        [Trial 1] gen  300  evals=16200  best=1.1632
        [Trial 1] gen  320  evals=17280  best=1.1631
        [Trial 1] gen  340  evals=18360  best=1.1631
        [Trial 1] gen  360  evals=19440  best=1.1627
        [Trial 1] gen  380  evals=20520  best=1.1627
        [Trial 1] gen  400  evals=21600  best=1.1620
        [Trial 1] gen  420  evals=22680  best=1.1620
        [Trial 1] gen  440  evals=23760  best=1.1620
        [Trial 1] gen  460  evals=24840  best=1.1620
        [Trial 1] gen  480  evals=25920  best=1.1620
        [Trial 1] gen  500  evals=27000  best=1.1620
        [Trial 1] gen  520  evals=28080  best=1.1620
        [Trial 1] gen  540  evals=29160  best=1.1620
        [Done] Trial 1 best=1.1620
    --> Trial 2 | pop=33 seed=14921 x0_norm_min=-0.344 x0_norm_max=0.824
        [Pruned] Trial 2 at gen 15 (loss=1.5130)
    --> Trial 3 | pop=48 seed=78628 x0_norm_min=-0.797 x0_norm_max=0.622
        [Pruned] Trial 3 at gen 15 (loss=1.4491)
    --> Trial 4 | pop=42 seed=25672 x0_norm_min=-0.947 x0_norm_max=0.785
        [Pruned] Trial 4 at gen 15 (loss=1.4458)
    --> Trial 5 | pop=43 seed=38403 x0_norm_min=-0.748 x0_norm_max=0.981
        [Trial 5] gen   20  evals=  860  best=1.4348
        [Trial 5] gen   40  evals= 1720  best=1.3547
        [Pruned] Trial 5 at gen 45 (loss=1.3547)
    --> Trial 6 | pop=50 seed=15687 x0_norm_min=-0.929 x0_norm_max=0.732
        [Trial 6] gen   20  evals= 1000  best=1.3262
        [Trial 6] gen   40  evals= 2000  best=1.2903
        [Pruned] Trial 6 at gen 45 (loss=1.2903)
    --> Trial 7 | pop=43 seed=80268 x0_norm_min=-0.779 x0_norm_max=0.922
        [Trial 7] gen   20  evals=  860  best=1.4108
        [Trial 7] gen   40  evals= 1720  best=1.2693
        [Trial 7] gen   60  evals= 2580  best=1.2479
        [Trial 7] gen   80  evals= 3440  best=1.2479
        [Trial 7] gen  100  evals= 4300  best=1.2479
        [Trial 7] gen  120  evals= 5160  best=1.2304
        [Pruned] Trial 7 at gen 135 (loss=1.2185)
    --> Trial 8 | pop=51 seed=81929 x0_norm_min=-0.814 x0_norm_max=0.843
        [Trial 8] gen   20  evals= 1020  best=1.2359
        [Trial 8] gen   40  evals= 2040  best=1.2359
        [Trial 8] gen   60  evals= 3060  best=1.2359
        [Trial 8] gen   80  evals= 4080  best=1.2338
        [Trial 8] gen  100  evals= 5100  best=1.2338
        [Trial 8] gen  120  evals= 6120  best=1.2286
        [Pruned] Trial 8 at gen 135 (loss=1.2185)
    --> Trial 9 | pop=45 seed=78334 x0_norm_min=-0.955 x0_norm_max=0.770
        [Pruned] Trial 9 at gen 15 (loss=1.4332)
    --> Trial 10 | pop=60 seed=99995 x0_norm_min=-0.841 x0_norm_max=0.672
        [Pruned] Trial 10 at gen 15 (loss=1.4312)
    --> Trial 11 | pop=57 seed=52165 x0_norm_min=-0.781 x0_norm_max=0.859
        [Trial 11] gen   20  evals= 1140  best=1.4005
        [Trial 11] gen   40  evals= 2280  best=1.2546
        [Pruned] Trial 11 at gen 45 (loss=1.2546)
    --> Trial 12 | pop=54 seed=55504 x0_norm_min=-0.402 x0_norm_max=0.428
        [Trial 12] gen   20  evals= 1080  best=1.3651
        [Trial 12] gen   40  evals= 2160  best=1.2580
        [Pruned] Trial 12 at gen 45 (loss=1.2580)
    --> Trial 13 | pop=35 seed=58588 x0_norm_min=-0.863 x0_norm_max=0.955
        [Pruned] Trial 13 at gen 15 (loss=1.4030)
    --> Trial 14 | pop=37 seed=98386 x0_norm_min=-0.897 x0_norm_max=-0.091
        [Pruned] Trial 14 at gen 15 (loss=1.4391)
    --> Trial 15 | pop=53 seed=39489 x0_norm_min=-0.690 x0_norm_max=0.990
        [Pruned] Trial 15 at gen 15 (loss=1.4885)
    --> Trial 16 | pop=47 seed=65686 x0_norm_min=-0.776 x0_norm_max=0.982
        [Pruned] Trial 16 at gen 15 (loss=1.4143)
    --> Trial 17 | pop=39 seed=4415 x0_norm_min=-0.863 x0_norm_max=0.835
        [Pruned] Trial 17 at gen 15 (loss=1.4322)
    --> Trial 18 | pop=55 seed=41634 x0_norm_min=-0.933 x0_norm_max=0.907
        [Trial 18] gen   20  evals= 1100  best=1.3944
        [Trial 18] gen   40  evals= 2200  best=1.2472
        [Trial 18] gen   60  evals= 3300  best=1.2444
        [Trial 18] gen   80  evals= 4400  best=1.2136
        [Trial 18] gen  100  evals= 5500  best=1.2029
        [Trial 18] gen  120  evals= 6600  best=1.1955
        [Pruned] Trial 18 at gen 135 (loss=1.1896)
    --> Trial 19 | pop=60 seed=91684 x0_norm_min=-0.948 x0_norm_max=0.822
        [Pruned] Trial 19 at gen 15 (loss=1.4285)

  Winner: Trial 1, loss=1.162045 (733s)
    Restarts run: 20
    mu: 70.988579
    D_mu: 6.923904
    T0_mu: 10.969881
    Ly: 1.114654
    op_x: 0.726158
    op_y: 0.510139
    NMSE: 0.148669
  [Saved] random_IR_0012

============================================================
[13/50] random_IR_0013.npz
  GT loss: 1.193603
    --> Trial 0 | pop=34 seed=92314 x0_norm_min=-0.944 x0_norm_max=0.730
        [Trial 0] gen   20  evals=  680  best=1.8127
        [Trial 0] gen   40  evals= 1360  best=1.7055
        [Trial 0] gen   60  evals= 2040  best=1.5975
        [Trial 0] gen   80  evals= 2720  best=1.5955
        [Trial 0] gen  100  evals= 3400  best=1.5677
        [Trial 0] gen  120  evals= 4080  best=1.5677
        [Trial 0] gen  140  evals= 4760  best=1.5641
        [Trial 0] gen  160  evals= 5440  best=1.5491
        [Trial 0] gen  180  evals= 6120  best=1.5282
        [Trial 0] gen  200  evals= 6800  best=1.5148
        [Trial 0] gen  220  evals= 7480  best=1.5148
        [Trial 0] gen  240  evals= 8160  best=1.5130
NOTE (module=cma, iteration=248):  
condition in coordinate system exceeded 1.0e+08, rescaled to 1.0e+00, 
condition changed from 7.4e+08 to 5.0e+08
        [Trial 0] gen  260  evals= 8840  best=1.5125
        [Trial 0] gen  280  evals= 9520  best=1.5121
        [Trial 0] gen  300  evals=10200  best=1.5120
        [Trial 0] gen  320  evals=10880  best=1.5120
        [Trial 0] gen  340  evals=11560  best=1.5120
        [Trial 0] gen  360  evals=12240  best=1.5117
        [Trial 0] gen  380  evals=12920  best=1.5114
        [Trial 0] gen  400  evals=13600  best=1.5114
        [Trial 0] gen  420  evals=14280  best=1.5114
        [Trial 0] gen  440  evals=14960  best=1.5112
        [Trial 0] gen  460  evals=15640  best=1.5112
        [Trial 0] gen  480  evals=16320  best=1.5112
        [Trial 0] gen  500  evals=17000  best=1.5112
        [Done] Trial 0 best=1.5112
    --> Trial 1 | pop=59 seed=39140 x0_norm_min=-0.937 x0_norm_max=0.907
        [Trial 1] gen   20  evals= 1180  best=1.6446
        [Trial 1] gen   40  evals= 2360  best=1.5918
        [Trial 1] gen   60  evals= 3540  best=1.5772
        [Trial 1] gen   80  evals= 4720  best=1.5772
        [Trial 1] gen  100  evals= 5900  best=1.5766
        [Trial 1] gen  120  evals= 7080  best=1.5606
        [Trial 1] gen  140  evals= 8260  best=1.5391
        [Trial 1] gen  160  evals= 9440  best=1.5246
        [Trial 1] gen  180  evals=10620  best=1.5162
        [Trial 1] gen  200  evals=11800  best=1.5144
NOTE (module=cma, iteration=201):  
condition in coordinate system exceeded 1.2e+08, rescaled to 1.0e+00, 
condition changed from 2.1e+08 to 1.9e+07
        [Trial 1] gen  220  evals=12980  best=1.5117
        [Trial 1] gen  240  evals=14160  best=1.5117
        [Trial 1] gen  260  evals=15340  best=1.5117
        [Trial 1] gen  280  evals=16520  best=1.5117
        [Trial 1] gen  300  evals=17700  best=1.5117
        [Trial 1] gen  320  evals=18880  best=1.5117
        [Trial 1] gen  340  evals=20060  best=1.5117
        [Trial 1] gen  360  evals=21240  best=1.5117
        [Trial 1] gen  380  evals=22420  best=1.5117
        [Trial 1] gen  400  evals=23600  best=1.5117
        [Pruned] Trial 1 at gen 405 (loss=1.5117)
    --> Trial 2 | pop=50 seed=51638 x0_norm_min=-0.344 x0_norm_max=0.824
        [Trial 2] gen   20  evals= 1000  best=1.6914
        [Trial 2] gen   40  evals= 2000  best=1.5894
        [Trial 2] gen   60  evals= 3000  best=1.5894
        [Trial 2] gen   80  evals= 4000  best=1.5674
        [Trial 2] gen  100  evals= 5000  best=1.5674
        [Trial 2] gen  120  evals= 6000  best=1.5674
        [Pruned] Trial 2 at gen 135 (loss=1.5674)
    --> Trial 3 | pop=49 seed=46177 x0_norm_min=-0.797 x0_norm_max=0.622
        [Pruned] Trial 3 at gen 15 (loss=1.8056)
    --> Trial 4 | pop=33 seed=60623 x0_norm_min=-0.947 x0_norm_max=0.785
        [Pruned] Trial 4 at gen 15 (loss=1.7778)
    --> Trial 5 | pop=31 seed=28180 x0_norm_min=-0.748 x0_norm_max=0.981
        [Pruned] Trial 5 at gen 15 (loss=1.8002)
    --> Trial 6 | pop=46 seed=75544 x0_norm_min=-0.929 x0_norm_max=0.732
        [Pruned] Trial 6 at gen 15 (loss=1.7981)
    --> Trial 7 | pop=52 seed=65297 x0_norm_min=-0.779 x0_norm_max=0.922
        [Pruned] Trial 7 at gen 15 (loss=1.8257)
    --> Trial 8 | pop=59 seed=50139 x0_norm_min=-0.814 x0_norm_max=0.843
        [Pruned] Trial 8 at gen 15 (loss=1.8993)
    --> Trial 9 | pop=48 seed=19033 x0_norm_min=-0.955 x0_norm_max=0.770
        [Trial 9] gen   20  evals=  960  best=1.6989
        [Trial 9] gen   40  evals= 1920  best=1.6925
        [Pruned] Trial 9 at gen 45 (loss=1.6920)
    --> Trial 10 | pop=39 seed=98657 x0_norm_min=-0.841 x0_norm_max=0.672
        [Pruned] Trial 10 at gen 15 (loss=1.8313)
    --> Trial 11 | pop=40 seed=98357 x0_norm_min=-0.781 x0_norm_max=0.859
        [Trial 11] gen   20  evals=  800  best=1.7006
        [Trial 11] gen   40  evals= 1600  best=1.6409
        [Pruned] Trial 11 at gen 45 (loss=1.5957)
    --> Trial 12 | pop=60 seed=2496 x0_norm_min=-0.402 x0_norm_max=0.428
        [Pruned] Trial 12 at gen 15 (loss=1.7608)
    --> Trial 13 | pop=41 seed=81209 x0_norm_min=-0.863 x0_norm_max=0.955
        [Pruned] Trial 13 at gen 15 (loss=1.7333)
    --> Trial 14 | pop=55 seed=30394 x0_norm_min=-0.897 x0_norm_max=-0.091
        [Pruned] Trial 14 at gen 15 (loss=1.8235)
    --> Trial 15 | pop=44 seed=6489 x0_norm_min=-0.690 x0_norm_max=0.990
        [Pruned] Trial 15 at gen 15 (loss=1.7376)
    --> Trial 16 | pop=34 seed=88517 x0_norm_min=-0.776 x0_norm_max=0.982
        [Pruned] Trial 16 at gen 15 (loss=1.7915)
    --> Trial 17 | pop=55 seed=38908 x0_norm_min=-0.863 x0_norm_max=0.835
        [Pruned] Trial 17 at gen 15 (loss=1.7874)
    --> Trial 18 | pop=37 seed=70594 x0_norm_min=-0.933 x0_norm_max=0.907
        [Pruned] Trial 18 at gen 15 (loss=1.8713)
    --> Trial 19 | pop=43 seed=12412 x0_norm_min=-0.948 x0_norm_max=0.822
        [Pruned] Trial 19 at gen 15 (loss=1.7485)

  Winner: Trial 0, loss=1.511223 (477s)
    Restarts run: 20
    mu: 53.781388
    D_mu: 13.997925
    T0_mu: 16.093377
    Ly: 1.958075
    op_x: 0.844459
    op_y: 0.763495
    NMSE: 0.062440
  [Saved] random_IR_0013

============================================================
[14/50] random_IR_0014.npz
  GT loss: 0.755323
    --> Trial 0 | pop=52 seed=81516 x0_norm_min=-0.944 x0_norm_max=0.730
        [Trial 0] gen   20  evals= 1040  best=1.3346
        [Trial 0] gen   40  evals= 2080  best=1.3072
        [Trial 0] gen   60  evals= 3120  best=1.2843
        [Trial 0] gen   80  evals= 4160  best=1.2499
        [Trial 0] gen  100  evals= 5200  best=1.2363
        [Trial 0] gen  120  evals= 6240  best=1.2306
        [Trial 0] gen  140  evals= 7280  best=1.2299
        [Trial 0] gen  160  evals= 8320  best=1.2268
        [Trial 0] gen  180  evals= 9360  best=1.2268
        [Trial 0] gen  200  evals=10400  best=1.2245
        [Trial 0] gen  220  evals=11440  best=1.2245
        [Trial 0] gen  240  evals=12480  best=1.2245
        [Trial 0] gen  260  evals=13520  best=1.2239
        [Trial 0] gen  280  evals=14560  best=1.2233
        [Trial 0] gen  300  evals=15600  best=1.2217
        [Trial 0] gen  320  evals=16640  best=1.2217
        [Trial 0] gen  340  evals=17680  best=1.2217
        [Trial 0] gen  360  evals=18720  best=1.2217
        [Trial 0] gen  380  evals=19760  best=1.2206
        [Trial 0] gen  400  evals=20800  best=1.2206
        [Trial 0] gen  420  evals=21840  best=1.2206
        [Trial 0] gen  440  evals=22880  best=1.2206
        [Trial 0] gen  460  evals=23920  best=1.2206
        [Trial 0] gen  480  evals=24960  best=1.2206
        [Trial 0] gen  500  evals=26000  best=1.2206
        [TRIAL TIMEOUT] Trial 0 total >600s, stopping
        [Done] Trial 0 best=1.2206
    --> Trial 1 | pop=58 seed=9622 x0_norm_min=-0.937 x0_norm_max=0.907
        [Pruned] Trial 1 at gen 15 (loss=1.5179)
    --> Trial 2 | pop=43 seed=49783 x0_norm_min=-0.344 x0_norm_max=0.824
        [Pruned] Trial 2 at gen 15 (loss=1.6146)
    --> Trial 3 | pop=55 seed=87371 x0_norm_min=-0.797 x0_norm_max=0.622
        [Trial 3] gen   20  evals= 1100  best=1.3161
        [Trial 3] gen   40  evals= 2200  best=1.2901
        [Trial 3] gen   60  evals= 3300  best=1.2582
        [Trial 3] gen   80  evals= 4400  best=1.2473
        [Trial 3] gen  100  evals= 5500  best=1.2354
        [Trial 3] gen  120  evals= 6600  best=1.2277
        [Trial 3] gen  140  evals= 7700  best=1.2213
        [Trial 3] gen  160  evals= 8800  best=1.2166
        [Trial 3] gen  180  evals= 9900  best=1.2141
        [Trial 3] gen  200  evals=11000  best=1.2129
        [Trial 3] gen  220  evals=12100  best=1.2126
        [Trial 3] gen  240  evals=13200  best=1.2126
        [Trial 3] gen  260  evals=14300  best=1.2126
        [Trial 3] gen  280  evals=15400  best=1.2126
        [Trial 3] gen  300  evals=16500  best=1.2102
        [Trial 3] gen  320  evals=17600  best=1.2102
        [Trial 3] gen  340  evals=18700  best=1.2102
        [Trial 3] gen  360  evals=19800  best=1.2099
        [Trial 3] gen  380  evals=20900  best=1.2099
        [Trial 3] gen  400  evals=22000  best=1.2099
        [Trial 3] gen  420  evals=23100  best=1.2099
        [Trial 3] gen  440  evals=24200  best=1.2099
        [TRIAL TIMEOUT] Trial 3 total >600s, stopping
        [Done] Trial 3 best=1.2097
    --> Trial 4 | pop=48 seed=66978 x0_norm_min=-0.947 x0_norm_max=0.785
        [Pruned] Trial 4 at gen 15 (loss=1.4218)
    --> Trial 5 | pop=33 seed=88728 x0_norm_min=-0.748 x0_norm_max=0.981
        [Pruned] Trial 5 at gen 15 (loss=1.5315)
    --> Trial 6 | pop=60 seed=18413 x0_norm_min=-0.929 x0_norm_max=0.732
        [Pruned] Trial 6 at gen 15 (loss=1.5257)
    --> Trial 7 | pop=39 seed=64403 x0_norm_min=-0.779 x0_norm_max=0.922
        [Pruned] Trial 7 at gen 15 (loss=1.5007)
    --> Trial 8 | pop=53 seed=91357 x0_norm_min=-0.814 x0_norm_max=0.843
        [Pruned] Trial 8 at gen 15 (loss=1.5708)
    --> Trial 9 | pop=35 seed=19580 x0_norm_min=-0.955 x0_norm_max=0.770
        [Trial 9] gen   20  evals=  700  best=1.3437
        [Trial 9] gen   40  evals= 1400  best=1.2367
        [Trial 9] gen   60  evals= 2100  best=1.2232
        [Trial 9] gen   80  evals= 2800  best=1.2146
        [Trial 9] gen  100  evals= 3500  best=1.1802
        [Trial 9] gen  120  evals= 4200  best=1.1682
        [Trial 9] gen  140  evals= 4900  best=1.1606
        [Trial 9] gen  160  evals= 5600  best=1.1580
        [Trial 9] gen  180  evals= 6300  best=1.1555
        [Trial 9] gen  200  evals= 7000  best=1.1555
        [Trial 9] gen  220  evals= 7700  best=1.1539
        [Trial 9] gen  240  evals= 8400  best=1.1534
        [Trial 9] gen  260  evals= 9100  best=1.1522
        [Trial 9] gen  280  evals= 9800  best=1.1519
        [Trial 9] gen  300  evals=10500  best=1.1514
        [Trial 9] gen  320  evals=11200  best=1.1504
        [Trial 9] gen  340  evals=11900  best=1.1493
        [Trial 9] gen  360  evals=12600  best=1.1493
        [Trial 9] gen  380  evals=13300  best=1.1485
        [Trial 9] gen  400  evals=14000  best=1.1485
        [Trial 9] gen  420  evals=14700  best=1.1485
        [Trial 9] gen  440  evals=15400  best=1.1484
        [Trial 9] gen  460  evals=16100  best=1.1475
        [Trial 9] gen  480  evals=16800  best=1.1475
        [Trial 9] gen  500  evals=17500  best=1.1475
        [Done] Trial 9 best=1.1475
    --> Trial 10 | pop=31 seed=31656 x0_norm_min=-0.841 x0_norm_max=0.672
        [Pruned] Trial 10 at gen 15 (loss=1.4656)
    --> Trial 11 | pop=39 seed=345 x0_norm_min=-0.781 x0_norm_max=0.859
        [Pruned] Trial 11 at gen 15 (loss=1.5897)
    --> Trial 12 | pop=46 seed=37283 x0_norm_min=-0.402 x0_norm_max=0.428
        [Pruned] Trial 12 at gen 15 (loss=1.4684)
    --> Trial 13 | pop=37 seed=61674 x0_norm_min=-0.863 x0_norm_max=0.955
        [Pruned] Trial 13 at gen 15 (loss=1.4675)
    --> Trial 14 | pop=54 seed=98219 x0_norm_min=-0.897 x0_norm_max=-0.091
        [Pruned] Trial 14 at gen 15 (loss=1.5172)
    --> Trial 15 | pop=44 seed=31165 x0_norm_min=-0.690 x0_norm_max=0.990
        [Trial 15] gen   20  evals=  880  best=1.4048
        [Trial 15] gen   40  evals= 1760  best=1.3508
        [Pruned] Trial 15 at gen 45 (loss=1.3282)
    --> Trial 16 | pop=35 seed=50353 x0_norm_min=-0.776 x0_norm_max=0.982
        [Pruned] Trial 16 at gen 15 (loss=1.4416)
    --> Trial 17 | pop=49 seed=78790 x0_norm_min=-0.863 x0_norm_max=0.835
        [Trial 17] gen   20  evals=  980  best=1.3631
        [Trial 17] gen   40  evals= 1960  best=1.3631
        [Pruned] Trial 17 at gen 45 (loss=1.3631)
    --> Trial 18 | pop=30 seed=19162 x0_norm_min=-0.933 x0_norm_max=0.907
        [Pruned] Trial 18 at gen 15 (loss=1.4901)
    --> Trial 19 | pop=56 seed=46236 x0_norm_min=-0.948 x0_norm_max=0.822
        [Pruned] Trial 19 at gen 15 (loss=1.4454)

  Winner: Trial 9, loss=1.147488 (1859s)
    Restarts run: 20
    mu: 15.162964
    D_mu: 3.092096
    T0_mu: 41.777512
    Ly: 3.089175
    op_x: 0.786263
    op_y: 0.518888
    NMSE: 0.000611
  [Saved] random_IR_0014

============================================================
[15/50] random_IR_0015.npz
  GT loss: 1.399796
    --> Trial 0 | pop=54 seed=83223 x0_norm_min=-0.944 x0_norm_max=0.730
        [Trial 0] gen   20  evals= 1080  best=2.1371
        [Trial 0] gen   40  evals= 2160  best=2.0487
        [Trial 0] gen   60  evals= 3240  best=1.9551
        [Trial 0] gen   80  evals= 4320  best=1.9551
        [Trial 0] gen  100  evals= 5400  best=1.9551
        [Trial 0] gen  120  evals= 6480  best=1.9551
        [Trial 0] gen  140  evals= 7560  best=1.9485
        [Trial 0] gen  160  evals= 8640  best=1.9411
        [Trial 0] gen  180  evals= 9720  best=1.9267
        [Trial 0] gen  200  evals=10800  best=1.9098
        [Trial 0] gen  220  evals=11880  best=1.9098
        [Trial 0] gen  240  evals=12960  best=1.9030
        [Trial 0] gen  260  evals=14040  best=1.8912
        [Trial 0] gen  280  evals=15120  best=1.8898
        [Trial 0] gen  300  evals=16200  best=1.8870
        [Trial 0] gen  320  evals=17280  best=1.8831
        [Trial 0] gen  340  evals=18360  best=1.8831
        [Trial 0] gen  360  evals=19440  best=1.8823
        [Trial 0] gen  380  evals=20520  best=1.8817
        [Trial 0] gen  400  evals=21600  best=1.8817
        [Trial 0] gen  420  evals=22680  best=1.8812
        [Trial 0] gen  440  evals=23760  best=1.8812
        [Trial 0] gen  460  evals=24840  best=1.8812
        [Trial 0] gen  480  evals=25920  best=1.8812
        [Trial 0] gen  500  evals=27000  best=1.8812
NOTE (module=cma, iteration=505):  
condition in coordinate system exceeded 1.0e+08, rescaled to 1.0e+00, 
condition changed from 6.2e+10 to 1.6e+08
        [Trial 0] gen  520  evals=28080  best=1.8811
        [Trial 0] gen  540  evals=29160  best=1.8809
        [Done] Trial 0 best=1.8809
    --> Trial 1 | pop=46 seed=93456 x0_norm_min=-0.937 x0_norm_max=0.907
        [Pruned] Trial 1 at gen 15 (loss=2.1783)
    --> Trial 2 | pop=56 seed=29817 x0_norm_min=-0.344 x0_norm_max=0.824
        [Trial 2] gen   20  evals= 1120  best=2.1382
        [Trial 2] gen   40  evals= 2240  best=2.0410
        [Pruned] Trial 2 at gen 45 (loss=2.0408)
    --> Trial 3 | pop=50 seed=31889 x0_norm_min=-0.797 x0_norm_max=0.622
        [Pruned] Trial 3 at gen 15 (loss=2.1665)
    --> Trial 4 | pop=51 seed=29673 x0_norm_min=-0.947 x0_norm_max=0.785
        [Pruned] Trial 4 at gen 15 (loss=2.1766)
    --> Trial 5 | pop=44 seed=60920 x0_norm_min=-0.748 x0_norm_max=0.981
        [Trial 5] gen   20  evals=  880  best=2.1072
        [Trial 5] gen   40  evals= 1760  best=2.0670
        [Pruned] Trial 5 at gen 45 (loss=2.0670)
    --> Trial 6 | pop=40 seed=38615 x0_norm_min=-0.929 x0_norm_max=0.732
        [Trial 6] gen   20  evals=  800  best=2.0677
        [Trial 6] gen   40  evals= 1600  best=2.0677
        [Pruned] Trial 6 at gen 45 (loss=2.0677)
    --> Trial 7 | pop=54 seed=8628 x0_norm_min=-0.779 x0_norm_max=0.922
        [Pruned] Trial 7 at gen 15 (loss=2.1188)
    --> Trial 8 | pop=39 seed=57662 x0_norm_min=-0.814 x0_norm_max=0.843
        [Pruned] Trial 8 at gen 15 (loss=2.1793)
    --> Trial 9 | pop=44 seed=29665 x0_norm_min=-0.955 x0_norm_max=0.770
        [Trial 9] gen   20  evals=  880  best=2.0344
        [Trial 9] gen   40  evals= 1760  best=2.0344
        [Pruned] Trial 9 at gen 45 (loss=2.0136)
    --> Trial 10 | pop=30 seed=96325 x0_norm_min=-0.841 x0_norm_max=0.672
        [Pruned] Trial 10 at gen 15 (loss=2.1846)
    --> Trial 11 | pop=60 seed=76120 x0_norm_min=-0.781 x0_norm_max=0.859
        [Trial 11] gen   20  evals= 1200  best=2.0791
        [Trial 11] gen   40  evals= 2400  best=2.0791
        [Pruned] Trial 11 at gen 45 (loss=2.0791)
    --> Trial 12 | pop=36 seed=73552 x0_norm_min=-0.402 x0_norm_max=0.428
        [Pruned] Trial 12 at gen 15 (loss=2.1644)
    --> Trial 13 | pop=45 seed=3826 x0_norm_min=-0.863 x0_norm_max=0.955
        [Pruned] Trial 13 at gen 15 (loss=2.1417)
    --> Trial 14 | pop=49 seed=49120 x0_norm_min=-0.897 x0_norm_max=-0.091
        [Trial 14] gen   20  evals=  980  best=2.0768
        [Trial 14] gen   40  evals= 1960  best=2.0768
        [Pruned] Trial 14 at gen 45 (loss=2.0768)
    --> Trial 15 | pop=58 seed=16321 x0_norm_min=-0.690 x0_norm_max=0.990
        [Pruned] Trial 15 at gen 15 (loss=2.1760)
    --> Trial 16 | pop=32 seed=80608 x0_norm_min=-0.776 x0_norm_max=0.982
        [Pruned] Trial 16 at gen 15 (loss=2.1850)
    --> Trial 17 | pop=53 seed=17082 x0_norm_min=-0.863 x0_norm_max=0.835
        [Pruned] Trial 17 at gen 15 (loss=2.1504)
    --> Trial 18 | pop=41 seed=46446 x0_norm_min=-0.933 x0_norm_max=0.907
        [Pruned] Trial 18 at gen 15 (loss=2.1841)
    --> Trial 19 | pop=35 seed=64383 x0_norm_min=-0.948 x0_norm_max=0.822
        [Pruned] Trial 19 at gen 15 (loss=2.1894)

  Winner: Trial 0, loss=1.880936 (503s)
    Restarts run: 20
    mu: 66.683491
    D_mu: 2.920830
    T0_mu: 2.584990
    Ly: 1.457055
    op_x: 0.700413
    op_y: 0.990616
    NMSE: 0.288477
  [Saved] random_IR_0015

============================================================
[16/50] random_IR_0016.npz
  GT loss: 0.897503
    --> Trial 0 | pop=42 seed=55391 x0_norm_min=-0.944 x0_norm_max=0.730
        [Trial 0] gen   20  evals=  840  best=1.8014
        [Trial 0] gen   40  evals= 1680  best=1.8014
        [Trial 0] gen   60  evals= 2520  best=1.6939
        [Trial 0] gen   80  evals= 3360  best=1.6814
        [Trial 0] gen  100  evals= 4200  best=1.6700
        [Trial 0] gen  120  evals= 5040  best=1.6564
        [Trial 0] gen  140  evals= 5880  best=1.6293
        [Trial 0] gen  160  evals= 6720  best=1.6293
        [Trial 0] gen  180  evals= 7560  best=1.6047
        [Trial 0] gen  200  evals= 8400  best=1.5930
        [Trial 0] gen  220  evals= 9240  best=1.5819
        [Trial 0] gen  240  evals=10080  best=1.5779
        [Trial 0] gen  260  evals=10920  best=1.5779
        [Trial 0] gen  280  evals=11760  best=1.5765
NOTE (module=cma, iteration=285):  
condition in coordinate system exceeded 1.4e+08, rescaled to 1.0e+00, 
condition changed from 5.7e+08 to 5.8e+07
        [Trial 0] gen  300  evals=12600  best=1.5765
        [Trial 0] gen  320  evals=13440  best=1.5765
        [Trial 0] gen  340  evals=14280  best=1.5765
        [Trial 0] gen  360  evals=15120  best=1.5764
        [Trial 0] gen  380  evals=15960  best=1.5757
        [Trial 0] gen  400  evals=16800  best=1.5757
        [Trial 0] gen  420  evals=17640  best=1.5757
        [Trial 0] gen  440  evals=18480  best=1.5757
        [Trial 0] gen  460  evals=19320  best=1.5752
        [Trial 0] gen  480  evals=20160  best=1.5752
        [Trial 0] gen  500  evals=21000  best=1.5748
        [Trial 0] gen  520  evals=21840  best=1.5748
        [Done] Trial 0 best=1.5748
    --> Trial 1 | pop=52 seed=52265 x0_norm_min=-0.937 x0_norm_max=0.907
        [Pruned] Trial 1 at gen 15 (loss=1.8215)
    --> Trial 2 | pop=36 seed=72840 x0_norm_min=-0.344 x0_norm_max=0.824
        [Trial 2] gen   20  evals=  720  best=1.7639
        [Trial 2] gen   40  evals= 1440  best=1.7639
        [Trial 2] gen   60  evals= 2160  best=1.7639
        [Trial 2] gen   80  evals= 2880  best=1.7639
        [Trial 2] gen  100  evals= 3600  best=1.7483
        [Trial 2] gen  120  evals= 4320  best=1.7483
        [Pruned] Trial 2 at gen 135 (loss=1.7362)
    --> Trial 3 | pop=39 seed=63720 x0_norm_min=-0.797 x0_norm_max=0.622
        [Pruned] Trial 3 at gen 15 (loss=1.8749)
    --> Trial 4 | pop=47 seed=16 x0_norm_min=-0.947 x0_norm_max=0.785
        [Pruned] Trial 4 at gen 15 (loss=1.7952)
    --> Trial 5 | pop=50 seed=9786 x0_norm_min=-0.748 x0_norm_max=0.981
        [Pruned] Trial 5 at gen 15 (loss=1.8064)
    --> Trial 6 | pop=49 seed=83056 x0_norm_min=-0.929 x0_norm_max=0.732
        [Trial 6] gen   20  evals=  980  best=1.7348
        [Trial 6] gen   40  evals= 1960  best=1.7248
        [Trial 6] gen   60  evals= 2940  best=1.7248
        [Trial 6] gen   80  evals= 3920  best=1.7078
        [Trial 6] gen  100  evals= 4900  best=1.7033
        [Trial 6] gen  120  evals= 5880  best=1.7033
        [Pruned] Trial 6 at gen 135 (loss=1.6690)
    --> Trial 7 | pop=33 seed=32841 x0_norm_min=-0.779 x0_norm_max=0.922
        [Pruned] Trial 7 at gen 15 (loss=1.7730)
    --> Trial 8 | pop=41 seed=30693 x0_norm_min=-0.814 x0_norm_max=0.843
        [Pruned] Trial 8 at gen 15 (loss=1.8913)
    --> Trial 9 | pop=57 seed=4016 x0_norm_min=-0.955 x0_norm_max=0.770
        [Pruned] Trial 9 at gen 15 (loss=1.8532)
    --> Trial 10 | pop=30 seed=93387 x0_norm_min=-0.841 x0_norm_max=0.672
        [Pruned] Trial 10 at gen 15 (loss=1.7906)
    --> Trial 11 | pop=43 seed=91872 x0_norm_min=-0.781 x0_norm_max=0.859
        [Pruned] Trial 11 at gen 15 (loss=1.8219)
    --> Trial 12 | pop=46 seed=75433 x0_norm_min=-0.402 x0_norm_max=0.428
        [Trial 12] gen   20  evals=  920  best=1.7782
        [Trial 12] gen   40  evals= 1840  best=1.7605
        [Pruned] Trial 12 at gen 45 (loss=1.7359)
    --> Trial 13 | pop=59 seed=47401 x0_norm_min=-0.863 x0_norm_max=0.955
        [Pruned] Trial 13 at gen 15 (loss=1.8127)
    --> Trial 14 | pop=50 seed=80830 x0_norm_min=-0.897 x0_norm_max=-0.091
        [Pruned] Trial 14 at gen 15 (loss=1.8128)
    --> Trial 15 | pop=55 seed=99539 x0_norm_min=-0.690 x0_norm_max=0.990
        [Pruned] Trial 15 at gen 15 (loss=1.8530)
    --> Trial 16 | pop=45 seed=57858 x0_norm_min=-0.776 x0_norm_max=0.982
        [Trial 16] gen   20  evals=  900  best=1.6143
        [Trial 16] gen   40  evals= 1800  best=1.6143
        [Trial 16] gen   60  evals= 2700  best=1.6143
        [Trial 16] gen   80  evals= 3600  best=1.6143
        [Trial 16] gen  100  evals= 4500  best=1.6143
        [Trial 16] gen  120  evals= 5400  best=1.6143
        [Trial 16] gen  140  evals= 6300  best=1.6143
        [Trial 16] gen  160  evals= 7200  best=1.6143
        [Trial 16] gen  180  evals= 8100  best=1.6143
        [Trial 16] gen  200  evals= 9000  best=1.6143
        [Trial 16] gen  220  evals= 9900  best=1.6143
        [Trial 16] gen  240  evals=10800  best=1.6143
        [Trial 16] gen  260  evals=11700  best=1.6143
        [Trial 16] gen  280  evals=12600  best=1.6143
        [Trial 16] gen  300  evals=13500  best=1.6143
NOTE (module=cma, iteration=316):  
condition in coordinate system exceeded 1.1e+08, rescaled to 1.0e+00, 
condition changed from 5.7e+08 to 5.2e+07
        [Trial 16] gen  320  evals=14400  best=1.6143
        [Trial 16] gen  340  evals=15300  best=1.6143
        [Trial 16] gen  360  evals=16200  best=1.6143
        [Trial 16] gen  380  evals=17100  best=1.6143
        [Trial 16] gen  400  evals=18000  best=1.6143
        [Pruned] Trial 16 at gen 405 (loss=1.6143)
    --> Trial 17 | pop=44 seed=54879 x0_norm_min=-0.863 x0_norm_max=0.835
        [Pruned] Trial 17 at gen 15 (loss=1.8486)
    --> Trial 18 | pop=37 seed=35097 x0_norm_min=-0.933 x0_norm_max=0.907
        [Pruned] Trial 18 at gen 15 (loss=1.8403)
    --> Trial 19 | pop=41 seed=20008 x0_norm_min=-0.948 x0_norm_max=0.822
        [Pruned] Trial 19 at gen 15 (loss=1.8073)

  Winner: Trial 0, loss=1.574812 (323s)
    Restarts run: 20
    mu: 21.956357
    D_mu: 33.603898
    T0_mu: 35.083716
    Ly: 1.162291
    op_x: 0.739363
    op_y: 0.524881
    NMSE: 0.162434
  [Saved] random_IR_0016

============================================================
[17/50] random_IR_0017.npz
  GT loss: 0.885132
    --> Trial 0 | pop=33 seed=84605 x0_norm_min=-0.944 x0_norm_max=0.730
        [Trial 0] gen   20  evals=  660  best=1.5525
        [Trial 0] gen   40  evals= 1320  best=1.5481
        [Trial 0] gen   60  evals= 1980  best=1.5435
        [Trial 0] gen   80  evals= 2640  best=1.4374
        [Trial 0] gen  100  evals= 3300  best=1.2411
        [Trial 0] gen  120  evals= 3960  best=1.2379
        [Trial 0] gen  140  evals= 4620  best=1.2190
        [Trial 0] gen  160  evals= 5280  best=1.2052
        [Trial 0] gen  180  evals= 5940  best=1.1970
        [Trial 0] gen  200  evals= 6600  best=1.1908
        [Trial 0] gen  220  evals= 7260  best=1.1885
        [Trial 0] gen  240  evals= 7920  best=1.1885
        [Trial 0] gen  260  evals= 8580  best=1.1880
        [Trial 0] gen  280  evals= 9240  best=1.1852
        [Trial 0] gen  300  evals= 9900  best=1.1852
        [Trial 0] gen  320  evals=10560  best=1.1844
        [Trial 0] gen  340  evals=11220  best=1.1836
        [Trial 0] gen  360  evals=11880  best=1.1817
        [Trial 0] gen  380  evals=12540  best=1.1817
        [Trial 0] gen  400  evals=13200  best=1.1817
        [Trial 0] gen  420  evals=13860  best=1.1817
        [Trial 0] gen  440  evals=14520  best=1.1817
        [Trial 0] gen  460  evals=15180  best=1.1817
        [Trial 0] gen  480  evals=15840  best=1.1816
        [Trial 0] gen  500  evals=16500  best=1.1816
        [Trial 0] gen  520  evals=17160  best=1.1816
        [Trial 0] gen  540  evals=17820  best=1.1816
        [Trial 0] gen  560  evals=18480  best=1.1814
        [Trial 0] gen  580  evals=19140  best=1.1814
        [Trial 0] gen  600  evals=19800  best=1.1814
        [Done] Trial 0 best=1.1814
    --> Trial 1 | pop=51 seed=82893 x0_norm_min=-0.937 x0_norm_max=0.907
        [Pruned] Trial 1 at gen 15 (loss=1.6637)
    --> Trial 2 | pop=34 seed=13966 x0_norm_min=-0.344 x0_norm_max=0.824
        [Pruned] Trial 2 at gen 15 (loss=1.7169)
    --> Trial 3 | pop=50 seed=65286 x0_norm_min=-0.797 x0_norm_max=0.622
        [Pruned] Trial 3 at gen 15 (loss=1.7069)
    --> Trial 4 | pop=37 seed=93342 x0_norm_min=-0.947 x0_norm_max=0.785
        [Pruned] Trial 4 at gen 15 (loss=1.7173)
    --> Trial 5 | pop=52 seed=34076 x0_norm_min=-0.748 x0_norm_max=0.981
        [Trial 5] gen   20  evals= 1040  best=1.6245
        [Trial 5] gen   40  evals= 2080  best=1.5782
        [Pruned] Trial 5 at gen 45 (loss=1.5782)
    --> Trial 6 | pop=46 seed=318 x0_norm_min=-0.929 x0_norm_max=0.732
        [Trial 6] gen   20  evals=  920  best=1.5752
        [Trial 6] gen   40  evals= 1840  best=1.4430
        [Trial 6] gen   60  evals= 2760  best=1.3479
        [Trial 6] gen   80  evals= 3680  best=1.3387
        [Trial 6] gen  100  evals= 4600  best=1.2967
        [Trial 6] gen  120  evals= 5520  best=1.2528
        [Pruned] Trial 6 at gen 135 (loss=1.2357)
    --> Trial 7 | pop=34 seed=50240 x0_norm_min=-0.779 x0_norm_max=0.922
        [Pruned] Trial 7 at gen 15 (loss=1.6868)
    --> Trial 8 | pop=45 seed=45700 x0_norm_min=-0.814 x0_norm_max=0.843
        [Pruned] Trial 8 at gen 15 (loss=1.6647)
    --> Trial 9 | pop=52 seed=48605 x0_norm_min=-0.955 x0_norm_max=0.770
        [Pruned] Trial 9 at gen 15 (loss=1.6518)
    --> Trial 10 | pop=60 seed=70898 x0_norm_min=-0.841 x0_norm_max=0.672
        [Trial 10] gen   20  evals= 1200  best=1.6230
        [Trial 10] gen   40  evals= 2400  best=1.5779
        [Pruned] Trial 10 at gen 45 (loss=1.5475)
    --> Trial 11 | pop=41 seed=888 x0_norm_min=-0.781 x0_norm_max=0.859
        [Pruned] Trial 11 at gen 15 (loss=1.6612)
    --> Trial 12 | pop=31 seed=17149 x0_norm_min=-0.402 x0_norm_max=0.428
        [Pruned] Trial 12 at gen 15 (loss=1.6397)
    --> Trial 13 | pop=42 seed=97137 x0_norm_min=-0.863 x0_norm_max=0.955
        [Pruned] Trial 13 at gen 15 (loss=1.6477)
    --> Trial 14 | pop=58 seed=31611 x0_norm_min=-0.897 x0_norm_max=-0.091
        [Pruned] Trial 14 at gen 15 (loss=1.6921)
    --> Trial 15 | pop=46 seed=66354 x0_norm_min=-0.690 x0_norm_max=0.990
        [Trial 15] gen   20  evals=  920  best=1.5903
        [Trial 15] gen   40  evals= 1840  best=1.5903
        [Pruned] Trial 15 at gen 45 (loss=1.5903)
    --> Trial 16 | pop=30 seed=2355 x0_norm_min=-0.776 x0_norm_max=0.982
        [Pruned] Trial 16 at gen 15 (loss=1.6774)
    --> Trial 17 | pop=39 seed=84517 x0_norm_min=-0.863 x0_norm_max=0.835
        [Pruned] Trial 17 at gen 15 (loss=1.6777)
    --> Trial 18 | pop=46 seed=27486 x0_norm_min=-0.933 x0_norm_max=0.907
        [Pruned] Trial 18 at gen 15 (loss=1.6880)
    --> Trial 19 | pop=36 seed=59407 x0_norm_min=-0.948 x0_norm_max=0.822
        [Trial 19] gen   20  evals=  720  best=1.6320
        [Trial 19] gen   40  evals= 1440  best=1.6149
        [Pruned] Trial 19 at gen 45 (loss=1.6149)

  Winner: Trial 0, loss=1.181388 (573s)
    Restarts run: 20
    mu: 15.412699
    D_mu: 8.969513
    T0_mu: 39.818780
    Ly: 3.168663
    op_x: 0.731380
    op_y: 0.939685
    NMSE: 0.003437
  [Saved] random_IR_0017

============================================================
[18/50] random_IR_0018.npz
  GT loss: 0.768658
    --> Trial 0 | pop=33 seed=76775 x0_norm_min=-0.944 x0_norm_max=0.730
        [Trial 0] gen   20  evals=  660  best=1.5940
        [Trial 0] gen   40  evals= 1320  best=1.4410
        [Trial 0] gen   60  evals= 1980  best=1.3402
        [Trial 0] gen   80  evals= 2640  best=1.2510
        [Trial 0] gen  100  evals= 3300  best=1.1373
        [Trial 0] gen  120  evals= 3960  best=1.0063
        [Trial 0] gen  140  evals= 4620  best=0.8284
        [Trial 0] gen  160  evals= 5280  best=0.7574
        [Trial 0] gen  180  evals= 5940  best=0.7516
        [Trial 0] gen  200  evals= 6600  best=0.7440
        [Trial 0] gen  220  evals= 7260  best=0.7419
        [Trial 0] gen  240  evals= 7920  best=0.7408
        [Trial 0] gen  260  evals= 8580  best=0.7395
        [Trial 0] gen  280  evals= 9240  best=0.7342
        [Trial 0] gen  300  evals= 9900  best=0.7335
NOTE (module=cma, iteration=317):  
condition in coordinate system exceeded 1.2e+08, rescaled to 1.0e+00, 
condition changed from 8.9e+08 to 1.0e+08
        [Trial 0] gen  320  evals=10560  best=0.7317
        [Trial 0] gen  340  evals=11220  best=0.7305
        [Trial 0] gen  360  evals=11880  best=0.7305
        [Trial 0] gen  380  evals=12540  best=0.7305
        [Trial 0] gen  400  evals=13200  best=0.7305
        [Trial 0] gen  420  evals=13860  best=0.7305
        [Trial 0] gen  440  evals=14520  best=0.7305
        [Trial 0] gen  460  evals=15180  best=0.7305
        [Trial 0] gen  480  evals=15840  best=0.7305
        [Trial 0] gen  500  evals=16500  best=0.7305
        [Trial 0] gen  520  evals=17160  best=0.7305
        [Trial 0] gen  540  evals=17820  best=0.7305
        [Trial 0] gen  560  evals=18480  best=0.7305
        [Done] Trial 0 best=0.7305
    --> Trial 1 | pop=57 seed=67073 x0_norm_min=-0.937 x0_norm_max=0.907
        [Trial 1] gen   20  evals= 1140  best=1.4701
        [Trial 1] gen   40  evals= 2280  best=1.4350
        [Pruned] Trial 1 at gen 45 (loss=1.4350)
    --> Trial 2 | pop=45 seed=53284 x0_norm_min=-0.344 x0_norm_max=0.824
        [Trial 2] gen   20  evals=  900  best=1.3894
        [Trial 2] gen   40  evals= 1800  best=1.3894
        [Trial 2] gen   60  evals= 2700  best=1.3894
        [Trial 2] gen   80  evals= 3600  best=1.3894
        [Trial 2] gen  100  evals= 4500  best=1.3894
        [Trial 2] gen  120  evals= 5400  best=1.3894
        [Pruned] Trial 2 at gen 135 (loss=1.3894)
    --> Trial 3 | pop=53 seed=63952 x0_norm_min=-0.797 x0_norm_max=0.622
        [Pruned] Trial 3 at gen 15 (loss=1.5095)
    --> Trial 4 | pop=36 seed=70975 x0_norm_min=-0.947 x0_norm_max=0.785
        [Pruned] Trial 4 at gen 15 (loss=1.5078)
    --> Trial 5 | pop=31 seed=6793 x0_norm_min=-0.748 x0_norm_max=0.981
        [Pruned] Trial 5 at gen 15 (loss=1.5244)
    --> Trial 6 | pop=39 seed=71227 x0_norm_min=-0.929 x0_norm_max=0.732
        [Pruned] Trial 6 at gen 15 (loss=1.5057)
    --> Trial 7 | pop=58 seed=94077 x0_norm_min=-0.779 x0_norm_max=0.922
        [Pruned] Trial 7 at gen 15 (loss=1.4895)
    --> Trial 8 | pop=43 seed=18933 x0_norm_min=-0.814 x0_norm_max=0.843
        [Pruned] Trial 8 at gen 15 (loss=1.5618)
    --> Trial 9 | pop=44 seed=49513 x0_norm_min=-0.955 x0_norm_max=0.770
        [Pruned] Trial 9 at gen 15 (loss=1.5815)
    --> Trial 10 | pop=50 seed=97748 x0_norm_min=-0.841 x0_norm_max=0.672
        [Pruned] Trial 10 at gen 15 (loss=1.5619)
    --> Trial 11 | pop=30 seed=45900 x0_norm_min=-0.781 x0_norm_max=0.859
        [Pruned] Trial 11 at gen 15 (loss=1.5720)
    --> Trial 12 | pop=45 seed=40180 x0_norm_min=-0.402 x0_norm_max=0.428
        [Trial 12] gen   20  evals=  900  best=1.4810
        [Trial 12] gen   40  evals= 1800  best=1.1930
        [Trial 12] gen   60  evals= 2700  best=1.1055
        [Trial 12] gen   80  evals= 3600  best=1.0763
        [Trial 12] gen  100  evals= 4500  best=1.0655
        [Trial 12] gen  120  evals= 5400  best=1.0571
        [Pruned] Trial 12 at gen 135 (loss=1.0503)
    --> Trial 13 | pop=36 seed=30270 x0_norm_min=-0.863 x0_norm_max=0.955
        [Trial 13] gen   20  evals=  720  best=1.3161
        [Trial 13] gen   40  evals= 1440  best=1.3161
        [Pruned] Trial 13 at gen 45 (loss=1.2026)
    --> Trial 14 | pop=49 seed=85453 x0_norm_min=-0.897 x0_norm_max=-0.091
        [Pruned] Trial 14 at gen 15 (loss=1.5255)
    --> Trial 15 | pop=40 seed=36027 x0_norm_min=-0.690 x0_norm_max=0.990
        [Trial 15] gen   20  evals=  800  best=1.2746
        [Trial 15] gen   40  evals= 1600  best=1.1832
        [Trial 15] gen   60  evals= 2400  best=1.0179
        [Trial 15] gen   80  evals= 3200  best=0.9357
        [Trial 15] gen  100  evals= 4000  best=0.8731
        [Trial 15] gen  120  evals= 4800  best=0.8573
        [Pruned] Trial 15 at gen 135 (loss=0.8518)
    --> Trial 16 | pop=35 seed=3234 x0_norm_min=-0.776 x0_norm_max=0.982
        [Trial 16] gen   20  evals=  700  best=1.3803
        [Trial 16] gen   40  evals= 1400  best=1.1983
        [Pruned] Trial 16 at gen 45 (loss=1.1983)
    --> Trial 17 | pop=40 seed=28256 x0_norm_min=-0.863 x0_norm_max=0.835
        [Pruned] Trial 17 at gen 15 (loss=1.5147)
    --> Trial 18 | pop=33 seed=84246 x0_norm_min=-0.933 x0_norm_max=0.907
        [Pruned] Trial 18 at gen 15 (loss=1.5144)
    --> Trial 19 | pop=40 seed=18056 x0_norm_min=-0.948 x0_norm_max=0.822
        [Pruned] Trial 19 at gen 15 (loss=1.5443)

  Winner: Trial 0, loss=0.730500 (670s)
    Restarts run: 20
    mu: 60.330312
    D_mu: 10.972222
    T0_mu: 6.744381
    Ly: 3.108214
    op_x: 0.717683
    op_y: 0.807133
    NMSE: 0.005752
  [Saved] random_IR_0018

============================================================
[19/50] random_IR_0019.npz
  GT loss: 0.611984
    --> Trial 0 | pop=38 seed=54839 x0_norm_min=-0.944 x0_norm_max=0.730
        [Trial 0] gen   20  evals=  760  best=1.2146
        [Trial 0] gen   40  evals= 1520  best=1.1147
        [Trial 0] gen   60  evals= 2280  best=1.1147
        [Trial 0] gen   80  evals= 3040  best=1.1020
        [Trial 0] gen  100  evals= 3800  best=1.0914
        [Trial 0] gen  120  evals= 4560  best=1.0730
        [Trial 0] gen  140  evals= 5320  best=1.0665
        [Trial 0] gen  160  evals= 6080  best=1.0610
        [Trial 0] gen  180  evals= 6840  best=1.0590
        [Trial 0] gen  200  evals= 7600  best=1.0561
        [Trial 0] gen  220  evals= 8360  best=1.0557
        [Trial 0] gen  240  evals= 9120  best=1.0555
        [Trial 0] gen  260  evals= 9880  best=1.0553
        [Trial 0] gen  280  evals=10640  best=1.0540
        [Trial 0] gen  300  evals=11400  best=1.0530
        [Trial 0] gen  320  evals=12160  best=1.0530
        [Trial 0] gen  340  evals=12920  best=1.0530
        [Trial 0] gen  360  evals=13680  best=1.0529
        [Trial 0] gen  380  evals=14440  best=1.0528
        [Trial 0] gen  400  evals=15200  best=1.0528
        [Trial 0] gen  420  evals=15960  best=1.0528
        [Trial 0] gen  440  evals=16720  best=1.0528
        [Trial 0] gen  460  evals=17480  best=1.0528
        [Trial 0] gen  480  evals=18240  best=1.0521
        [Trial 0] gen  500  evals=19000  best=1.0521
        [Trial 0] gen  520  evals=19760  best=1.0521
        [Trial 0] gen  540  evals=20520  best=1.0521
        [Trial 0] gen  560  evals=21280  best=1.0521
        [Trial 0] gen  580  evals=22040  best=1.0521
        [Done] Trial 0 best=1.0521
    --> Trial 1 | pop=48 seed=92530 x0_norm_min=-0.937 x0_norm_max=0.907
        [Trial 1] gen   20  evals=  960  best=1.1635
        [Trial 1] gen   40  evals= 1920  best=1.0966
        [Trial 1] gen   60  evals= 2880  best=1.0753
        [Trial 1] gen   80  evals= 3840  best=0.7778
        [Trial 1] gen  100  evals= 4800  best=0.6149
        [Trial 1] gen  120  evals= 5760  best=0.5971
        [Trial 1] gen  140  evals= 6720  best=0.5875
        [Trial 1] gen  160  evals= 7680  best=0.5839
NOTE (module=cma, iteration=172):  
condition in coordinate system exceeded 1.1e+08, rescaled to 1.0e+00, 
condition changed from 2.9e+08 to 3.4e+07
        [Trial 1] gen  180  evals= 8640  best=0.5795
        [Trial 1] gen  200  evals= 9600  best=0.5782
        [Trial 1] gen  220  evals=10560  best=0.5765
        [Trial 1] gen  240  evals=11520  best=0.5765
        [Trial 1] gen  260  evals=12480  best=0.5765
        [Trial 1] gen  280  evals=13440  best=0.5764
        [Trial 1] gen  300  evals=14400  best=0.5761
        [Trial 1] gen  320  evals=15360  best=0.5761
        [Trial 1] gen  340  evals=16320  best=0.5761
        [Trial 1] gen  360  evals=17280  best=0.5760
        [Trial 1] gen  380  evals=18240  best=0.5760
        [Trial 1] gen  400  evals=19200  best=0.5759
        [Trial 1] gen  420  evals=20160  best=0.5759
        [Trial 1] gen  440  evals=21120  best=0.5759
        [Trial 1] gen  460  evals=22080  best=0.5759
        [Done] Trial 1 best=0.5759
    --> Trial 2 | pop=40 seed=44943 x0_norm_min=-0.344 x0_norm_max=0.824
        [Pruned] Trial 2 at gen 15 (loss=1.3248)
    --> Trial 3 | pop=32 seed=53738 x0_norm_min=-0.797 x0_norm_max=0.622
        [Pruned] Trial 3 at gen 15 (loss=1.2722)
    --> Trial 4 | pop=48 seed=58301 x0_norm_min=-0.947 x0_norm_max=0.785
        [Trial 4] gen   20  evals=  960  best=1.1638
        [Trial 4] gen   40  evals= 1920  best=1.1322
        [Pruned] Trial 4 at gen 45 (loss=1.1008)
    --> Trial 5 | pop=60 seed=27116 x0_norm_min=-0.748 x0_norm_max=0.981
        [Pruned] Trial 5 at gen 15 (loss=1.2390)
    --> Trial 6 | pop=32 seed=20226 x0_norm_min=-0.929 x0_norm_max=0.732
        [Pruned] Trial 6 at gen 15 (loss=1.3427)
    --> Trial 7 | pop=40 seed=81595 x0_norm_min=-0.779 x0_norm_max=0.922
        [Pruned] Trial 7 at gen 15 (loss=1.3777)
    --> Trial 8 | pop=36 seed=92446 x0_norm_min=-0.814 x0_norm_max=0.843
        [Pruned] Trial 8 at gen 15 (loss=1.4060)
    --> Trial 9 | pop=57 seed=37281 x0_norm_min=-0.955 x0_norm_max=0.770
        [Pruned] Trial 9 at gen 15 (loss=1.3435)
    --> Trial 10 | pop=50 seed=1222 x0_norm_min=-0.841 x0_norm_max=0.672
        [Pruned] Trial 10 at gen 15 (loss=1.4089)
    --> Trial 11 | pop=47 seed=71974 x0_norm_min=-0.781 x0_norm_max=0.859
        [Pruned] Trial 11 at gen 15 (loss=1.2894)
    --> Trial 12 | pop=43 seed=71384 x0_norm_min=-0.402 x0_norm_max=0.428
        [Pruned] Trial 12 at gen 15 (loss=1.3640)
    --> Trial 13 | pop=52 seed=98486 x0_norm_min=-0.863 x0_norm_max=0.955
        [Trial 13] gen   20  evals= 1040  best=1.1246
        [Trial 13] gen   40  evals= 2080  best=1.1246
        [Pruned] Trial 13 at gen 45 (loss=1.1246)
    --> Trial 14 | pop=44 seed=66688 x0_norm_min=-0.897 x0_norm_max=-0.091
        [Pruned] Trial 14 at gen 15 (loss=1.2452)
    --> Trial 15 | pop=37 seed=82165 x0_norm_min=-0.690 x0_norm_max=0.990
        [Pruned] Trial 15 at gen 15 (loss=1.4690)
    --> Trial 16 | pop=53 seed=4133 x0_norm_min=-0.776 x0_norm_max=0.982
        [Pruned] Trial 16 at gen 15 (loss=1.3610)
    --> Trial 17 | pop=30 seed=86627 x0_norm_min=-0.863 x0_norm_max=0.835
        [Pruned] Trial 17 at gen 15 (loss=1.3442)
    --> Trial 18 | pop=44 seed=44464 x0_norm_min=-0.933 x0_norm_max=0.907
        [Pruned] Trial 18 at gen 15 (loss=1.4677)
    --> Trial 19 | pop=55 seed=17807 x0_norm_min=-0.948 x0_norm_max=0.822
        [Pruned] Trial 19 at gen 15 (loss=1.3357)

  Winner: Trial 1, loss=0.575872 (377s)
    Restarts run: 20
    mu: 21.395202
    D_mu: 8.867790
    T0_mu: 37.760065
    Ly: 1.155685
    op_x: 0.720111
    op_y: 0.576364
    NMSE: 0.000248
  [Saved] random_IR_0019

============================================================
[20/50] random_IR_0020.npz
  GT loss: 0.763810
    --> Trial 0 | pop=41 seed=79344 x0_norm_min=-0.944 x0_norm_max=0.730
        [Trial 0] gen   20  evals=  820  best=1.5148
        [Trial 0] gen   40  evals= 1640  best=1.4062
        [Trial 0] gen   60  evals= 2460  best=1.3959
        [Trial 0] gen   80  evals= 3280  best=1.3687
        [Trial 0] gen  100  evals= 4100  best=1.3537
        [Trial 0] gen  120  evals= 4920  best=1.3441
        [Trial 0] gen  140  evals= 5740  best=1.3441
        [Trial 0] gen  160  evals= 6560  best=1.3380
        [Trial 0] gen  180  evals= 7380  best=1.3333
        [Trial 0] gen  200  evals= 8200  best=1.3287
        [Trial 0] gen  220  evals= 9020  best=1.3198
        [Trial 0] gen  240  evals= 9840  best=1.3163
        [Trial 0] gen  260  evals=10660  best=1.3081
        [Trial 0] gen  280  evals=11480  best=1.3081
NOTE (module=cma, iteration=291):  
condition in coordinate system exceeded 1.0e+08, rescaled to 1.0e+00, 
condition changed from 2.9e+08 to 8.8e+07
        [Trial 0] gen  300  evals=12300  best=1.3081
        [Trial 0] gen  320  evals=13120  best=1.3076
        [Trial 0] gen  340  evals=13940  best=1.3070
        [Trial 0] gen  360  evals=14760  best=1.3070
        [Trial 0] gen  380  evals=15580  best=1.3067
        [Trial 0] gen  400  evals=16400  best=1.3067
        [Trial 0] gen  420  evals=17220  best=1.3067
        [Trial 0] gen  440  evals=18040  best=1.3067
        [Trial 0] gen  460  evals=18860  best=1.3067
        [Trial 0] gen  480  evals=19680  best=1.3067
        [Trial 0] gen  500  evals=20500  best=1.3067
        [Done] Trial 0 best=1.3067
    --> Trial 1 | pop=34 seed=77202 x0_norm_min=-0.937 x0_norm_max=0.907
        [Trial 1] gen   20  evals=  680  best=1.2171
        [Trial 1] gen   40  evals= 1360  best=1.2171
        [Trial 1] gen   60  evals= 2040  best=1.2171
        [Trial 1] gen   80  evals= 2720  best=1.2171
        [Trial 1] gen  100  evals= 3400  best=1.2171
        [Trial 1] gen  120  evals= 4080  best=1.2171
        [Trial 1] gen  140  evals= 4760  best=1.2171
        [Trial 1] gen  160  evals= 5440  best=1.2171
        [Trial 1] gen  180  evals= 6120  best=1.2171
        [Trial 1] gen  200  evals= 6800  best=1.2171
        [Trial 1] gen  220  evals= 7480  best=1.2171
        [Trial 1] gen  240  evals= 8160  best=1.2171
NOTE (module=cma, iteration=257):  
condition in coordinate system exceeded 1.1e+08, rescaled to 1.0e+00, 
condition changed from 1.1e+09 to 2.5e+08
        [Trial 1] gen  260  evals= 8840  best=1.2171
        [Trial 1] gen  280  evals= 9520  best=1.2171
        [Trial 1] gen  300  evals=10200  best=1.2171
        [Trial 1] gen  320  evals=10880  best=1.2171
        [Trial 1] gen  340  evals=11560  best=1.2171
        [Trial 1] gen  360  evals=12240  best=1.2171
        [Trial 1] gen  380  evals=12920  best=1.2171
        [Trial 1] gen  400  evals=13600  best=1.2171
        [Trial 1] gen  420  evals=14280  best=1.2171
        [Trial 1] gen  440  evals=14960  best=1.2171
        [Trial 1] gen  460  evals=15640  best=1.2171
        [Done] Trial 1 best=1.2171
    --> Trial 2 | pop=48 seed=66187 x0_norm_min=-0.344 x0_norm_max=0.824
        [Trial 2] gen   20  evals=  960  best=1.3666
        [Trial 2] gen   40  evals= 1920  best=1.3666
        [Pruned] Trial 2 at gen 45 (loss=1.3666)
    --> Trial 3 | pop=49 seed=25618 x0_norm_min=-0.797 x0_norm_max=0.622
        [Pruned] Trial 3 at gen 15 (loss=1.5992)
    --> Trial 4 | pop=41 seed=32098 x0_norm_min=-0.947 x0_norm_max=0.785
        [Trial 4] gen   20  evals=  820  best=1.3794
        [Trial 4] gen   40  evals= 1640  best=1.3794
        [Pruned] Trial 4 at gen 45 (loss=1.3773)
    --> Trial 5 | pop=30 seed=76335 x0_norm_min=-0.748 x0_norm_max=0.981
        [Pruned] Trial 5 at gen 15 (loss=1.4545)
    --> Trial 6 | pop=49 seed=65830 x0_norm_min=-0.929 x0_norm_max=0.732
        [Pruned] Trial 6 at gen 15 (loss=1.5762)
    --> Trial 7 | pop=35 seed=25373 x0_norm_min=-0.779 x0_norm_max=0.922
        [Pruned] Trial 7 at gen 15 (loss=1.4671)
    --> Trial 8 | pop=32 seed=66733 x0_norm_min=-0.814 x0_norm_max=0.843
        [Pruned] Trial 8 at gen 15 (loss=1.5029)
    --> Trial 9 | pop=39 seed=28453 x0_norm_min=-0.955 x0_norm_max=0.770
        [Pruned] Trial 9 at gen 15 (loss=1.4750)
    --> Trial 10 | pop=60 seed=96447 x0_norm_min=-0.841 x0_norm_max=0.672
        [Pruned] Trial 10 at gen 15 (loss=1.5392)
    --> Trial 11 | pop=42 seed=94365 x0_norm_min=-0.781 x0_norm_max=0.859
        [Trial 11] gen   20  evals=  840  best=1.2799
        [Trial 11] gen   40  evals= 1680  best=1.2799
        [Pruned] Trial 11 at gen 45 (loss=1.2799)
    --> Trial 12 | pop=37 seed=48230 x0_norm_min=-0.402 x0_norm_max=0.428
        [Pruned] Trial 12 at gen 15 (loss=1.4670)
    --> Trial 13 | pop=44 seed=82721 x0_norm_min=-0.863 x0_norm_max=0.955
        [Pruned] Trial 13 at gen 15 (loss=1.5083)
    --> Trial 14 | pop=33 seed=47130 x0_norm_min=-0.897 x0_norm_max=-0.091
        [Trial 14] gen   20  evals=  660  best=1.4266
        [Trial 14] gen   40  evals= 1320  best=1.3829
        [Pruned] Trial 14 at gen 45 (loss=1.3829)
    --> Trial 15 | pop=56 seed=3064 x0_norm_min=-0.690 x0_norm_max=0.990
        [Pruned] Trial 15 at gen 15 (loss=1.5595)
    --> Trial 16 | pop=44 seed=75743 x0_norm_min=-0.776 x0_norm_max=0.982
        [Pruned] Trial 16 at gen 15 (loss=1.4791)
    --> Trial 17 | pop=35 seed=87089 x0_norm_min=-0.863 x0_norm_max=0.835
        [Trial 17] gen   20  evals=  700  best=1.4240
        [Trial 17] gen   40  evals= 1400  best=1.4021
        [Pruned] Trial 17 at gen 45 (loss=1.4021)
    --> Trial 18 | pop=38 seed=54950 x0_norm_min=-0.933 x0_norm_max=0.907
        [Pruned] Trial 18 at gen 15 (loss=1.5644)
    --> Trial 19 | pop=46 seed=99334 x0_norm_min=-0.948 x0_norm_max=0.822
        [Trial 19] gen   20  evals=  920  best=1.3676
        [Trial 19] gen   40  evals= 1840  best=1.2410
        [Trial 19] gen   60  evals= 2760  best=1.1646
        [Trial 19] gen   80  evals= 3680  best=1.1089
        [Trial 19] gen  100  evals= 4600  best=1.0892
        [Trial 19] gen  120  evals= 5520  best=1.0853
        [Trial 19] gen  140  evals= 6440  best=1.0824
        [Trial 19] gen  160  evals= 7360  best=1.0757
        [Trial 19] gen  180  evals= 8280  best=1.0747
        [Trial 19] gen  200  evals= 9200  best=1.0730
        [Trial 19] gen  220  evals=10120  best=1.0686
        [Trial 19] gen  240  evals=11040  best=1.0665
        [Trial 19] gen  260  evals=11960  best=1.0656
        [Trial 19] gen  280  evals=12880  best=1.0650
        [Trial 19] gen  300  evals=13800  best=1.0648
        [Trial 19] gen  320  evals=14720  best=1.0641
        [Trial 19] gen  340  evals=15640  best=1.0641
        [Trial 19] gen  360  evals=16560  best=1.0641
        [Trial 19] gen  380  evals=17480  best=1.0641
        [Trial 19] gen  400  evals=18400  best=1.0641
        [Trial 19] gen  420  evals=19320  best=1.0641
        [Trial 19] gen  440  evals=20240  best=1.0641
        [Trial 19] gen  460  evals=21160  best=1.0641
        [Trial 19] gen  480  evals=22080  best=1.0641
        [Done] Trial 19 best=1.0641

  Winner: Trial 19, loss=1.064138 (552s)
    Restarts run: 20
    mu: 94.751614
    D_mu: 12.352869
    T0_mu: 3.562613
    Ly: 1.968771
    op_x: 0.758362
    op_y: 0.751571
    NMSE: 0.045128
  [Saved] random_IR_0020

============================================================
[21/50] random_IR_0021.npz
  GT loss: 0.819183
    --> Trial 0 | pop=30 seed=97864 x0_norm_min=-0.944 x0_norm_max=0.730
        [Trial 0] gen   20  evals=  600  best=1.4213
        [Trial 0] gen   40  evals= 1200  best=1.2222
        [Trial 0] gen   60  evals= 1800  best=1.1542
        [Trial 0] gen   80  evals= 2400  best=1.1120
        [Trial 0] gen  100  evals= 3000  best=1.1048
        [Trial 0] gen  120  evals= 3600  best=1.0970
        [Trial 0] gen  140  evals= 4200  best=1.0885
        [Trial 0] gen  160  evals= 4800  best=1.0868
        [Trial 0] gen  180  evals= 5400  best=1.0868
        [Trial 0] gen  200  evals= 6000  best=1.0858
        [Trial 0] gen  220  evals= 6600  best=1.0834
        [Trial 0] gen  240  evals= 7200  best=1.0834
        [Trial 0] gen  260  evals= 7800  best=1.0834
        [Trial 0] gen  280  evals= 8400  best=1.0834
        [Trial 0] gen  300  evals= 9000  best=1.0834
        [Trial 0] gen  320  evals= 9600  best=1.0832
        [Trial 0] gen  340  evals=10200  best=1.0819
        [Trial 0] gen  360  evals=10800  best=1.0819
        [Trial 0] gen  380  evals=11400  best=1.0814
        [Trial 0] gen  400  evals=12000  best=1.0801
        [Trial 0] gen  420  evals=12600  best=1.0801
        [Trial 0] gen  440  evals=13200  best=1.0801
        [Trial 0] gen  460  evals=13800  best=1.0798
        [Trial 0] gen  480  evals=14400  best=1.0797
        [Trial 0] gen  500  evals=15000  best=1.0789
        [Trial 0] gen  520  evals=15600  best=1.0789
        [Done] Trial 0 best=1.0789
    --> Trial 1 | pop=59 seed=31072 x0_norm_min=-0.937 x0_norm_max=0.907
        [Trial 1] gen   20  evals= 1180  best=1.3215
        [Trial 1] gen   40  evals= 2360  best=1.2345
        [Trial 1] gen   60  evals= 3540  best=1.1393
        [Trial 1] gen   80  evals= 4720  best=1.1081
        [Trial 1] gen  100  evals= 5900  best=1.1038
        [Trial 1] gen  120  evals= 7080  best=1.0912
        [Trial 1] gen  140  evals= 8260  best=1.0866
        [Trial 1] gen  160  evals= 9440  best=1.0834
        [Trial 1] gen  180  evals=10620  best=1.0834
        [Trial 1] gen  200  evals=11800  best=1.0834
        [Trial 1] gen  220  evals=12980  best=1.0823
        [Trial 1] gen  240  evals=14160  best=1.0821
        [Trial 1] gen  260  evals=15340  best=1.0819
        [Trial 1] gen  280  evals=16520  best=1.0817
        [Trial 1] gen  300  evals=17700  best=1.0801
        [Trial 1] gen  320  evals=18880  best=1.0794
        [Trial 1] gen  340  evals=20060  best=1.0784
        [Trial 1] gen  360  evals=21240  best=1.0783
        [Trial 1] gen  380  evals=22420  best=1.0777
        [Trial 1] gen  400  evals=23600  best=1.0773
        [Trial 1] gen  420  evals=24780  best=1.0770
        [Trial 1] gen  440  evals=25960  best=1.0770
        [Trial 1] gen  460  evals=27140  best=1.0770
        [TRIAL TIMEOUT] Trial 1 total >600s, stopping
        [Done] Trial 1 best=1.0770
    --> Trial 2 | pop=39 seed=26131 x0_norm_min=-0.344 x0_norm_max=0.824
        [Pruned] Trial 2 at gen 15 (loss=1.3450)
    --> Trial 3 | pop=38 seed=69226 x0_norm_min=-0.797 x0_norm_max=0.622
        [Pruned] Trial 3 at gen 15 (loss=1.3983)
    --> Trial 4 | pop=31 seed=12588 x0_norm_min=-0.947 x0_norm_max=0.785
        [Trial 4] gen   20  evals=  620  best=1.2584
        [Trial 4] gen   40  evals= 1240  best=1.1542
        [Trial 4] gen   60  evals= 1860  best=1.1268
        [Trial 4] gen   80  evals= 2480  best=1.1019
        [Trial 4] gen  100  evals= 3100  best=1.1019
        [Trial 4] gen  120  evals= 3720  best=1.0998
        [Pruned] Trial 4 at gen 135 (loss=1.0955)
    --> Trial 5 | pop=46 seed=61910 x0_norm_min=-0.748 x0_norm_max=0.981
        [Trial 5] gen   20  evals=  920  best=1.2767
        [Trial 5] gen   40  evals= 1840  best=1.2371
        [Pruned] Trial 5 at gen 45 (loss=1.2371)
    --> Trial 6 | pop=58 seed=74896 x0_norm_min=-0.929 x0_norm_max=0.732
        [Trial 6] gen   20  evals= 1160  best=1.2346
        [Trial 6] gen   40  evals= 2320  best=1.1884
        [Pruned] Trial 6 at gen 45 (loss=1.1774)
    --> Trial 7 | pop=38 seed=27373 x0_norm_min=-0.779 x0_norm_max=0.922
        [Pruned] Trial 7 at gen 15 (loss=1.4773)
    --> Trial 8 | pop=39 seed=6818 x0_norm_min=-0.814 x0_norm_max=0.843
        [Pruned] Trial 8 at gen 15 (loss=1.3935)
    --> Trial 9 | pop=58 seed=58231 x0_norm_min=-0.955 x0_norm_max=0.770
        [Pruned] Trial 9 at gen 15 (loss=1.3588)
    --> Trial 10 | pop=51 seed=43148 x0_norm_min=-0.841 x0_norm_max=0.672
        [Trial 10] gen   20  evals= 1020  best=1.2424
        [Trial 10] gen   40  evals= 2040  best=1.1297
        [Trial 10] gen   60  evals= 3060  best=1.1140
        [Trial 10] gen   80  evals= 4080  best=1.1047
        [Trial 10] gen  100  evals= 5100  best=1.0889
        [Trial 10] gen  120  evals= 6120  best=1.0797
        [Trial 10] gen  140  evals= 7140  best=1.0797
        [Trial 10] gen  160  evals= 8160  best=1.0797
        [Trial 10] gen  180  evals= 9180  best=1.0782
        [Trial 10] gen  200  evals=10200  best=1.0782
        [Trial 10] gen  220  evals=11220  best=1.0775
        [Trial 10] gen  240  evals=12240  best=1.0775
        [Trial 10] gen  260  evals=13260  best=1.0762
        [Trial 10] gen  280  evals=14280  best=1.0762
        [Trial 10] gen  300  evals=15300  best=1.0762
        [Trial 10] gen  320  evals=16320  best=1.0762
        [Trial 10] gen  340  evals=17340  best=1.0754
        [Trial 10] gen  360  evals=18360  best=1.0754
        [Trial 10] gen  380  evals=19380  best=1.0748
        [Trial 10] gen  400  evals=20400  best=1.0748
        [Trial 10] gen  420  evals=21420  best=1.0748
        [Trial 10] gen  440  evals=22440  best=1.0747
        [Trial 10] gen  460  evals=23460  best=1.0745
        [Trial 10] gen  480  evals=24480  best=1.0740
        [Trial 10] gen  500  evals=25500  best=1.0733
        [Trial 10] gen  520  evals=26520  best=1.0733
        [Trial 10] gen  540  evals=27540  best=1.0733
        [TRIAL TIMEOUT] Trial 10 total >600s, stopping
        [Done] Trial 10 best=1.0733
    --> Trial 11 | pop=52 seed=43453 x0_norm_min=-0.781 x0_norm_max=0.859
        [Pruned] Trial 11 at gen 15 (loss=1.3547)
    --> Trial 12 | pop=52 seed=36752 x0_norm_min=-0.402 x0_norm_max=0.428
        [Trial 12] gen   20  evals= 1040  best=1.1887
        [Trial 12] gen   40  evals= 2080  best=1.1646
        [Trial 12] gen   60  evals= 3120  best=1.1354
        [Trial 12] gen   80  evals= 4160  best=1.1204
        [Trial 12] gen  100  evals= 5200  best=1.1179
        [Trial 12] gen  120  evals= 6240  best=1.1069
        [Pruned] Trial 12 at gen 135 (loss=1.1052)
    --> Trial 13 | pop=53 seed=48788 x0_norm_min=-0.863 x0_norm_max=0.955
        [Trial 13] gen   20  evals= 1060  best=1.2221
        [Trial 13] gen   40  evals= 2120  best=1.1635
        [Pruned] Trial 13 at gen 45 (loss=1.1635)
    --> Trial 14 | pop=60 seed=23653 x0_norm_min=-0.897 x0_norm_max=-0.091
        [Pruned] Trial 14 at gen 15 (loss=1.4386)
    --> Trial 15 | pop=47 seed=87041 x0_norm_min=-0.690 x0_norm_max=0.990
        [Pruned] Trial 15 at gen 15 (loss=1.3127)
    --> Trial 16 | pop=55 seed=38735 x0_norm_min=-0.776 x0_norm_max=0.982
        [Pruned] Trial 16 at gen 15 (loss=1.3779)
    --> Trial 17 | pop=48 seed=54186 x0_norm_min=-0.863 x0_norm_max=0.835
        [Pruned] Trial 17 at gen 15 (loss=1.4765)
    --> Trial 18 | pop=49 seed=22236 x0_norm_min=-0.933 x0_norm_max=0.907
        [Pruned] Trial 18 at gen 15 (loss=1.3180)
    --> Trial 19 | pop=43 seed=34576 x0_norm_min=-0.948 x0_norm_max=0.822
        [Pruned] Trial 19 at gen 15 (loss=1.3587)

  Winner: Trial 10, loss=1.073333 (2079s)
    Restarts run: 20
    mu: 17.831326
    D_mu: 5.237708
    T0_mu: 14.541342
    Ly: 3.690078
    op_x: 0.731460
    op_y: 0.567205
    NMSE: 0.024221
  [Saved] random_IR_0021

============================================================
[22/50] random_IR_0022.npz
  GT loss: 0.760836
    --> Trial 0 | pop=53 seed=95764 x0_norm_min=-0.944 x0_norm_max=0.730
        [Trial 0] gen   20  evals= 1060  best=1.2968
        [Trial 0] gen   40  evals= 2120  best=1.1373
        [Trial 0] gen   60  evals= 3180  best=1.1234
        [Trial 0] gen   80  evals= 4240  best=1.0796
        [Trial 0] gen  100  evals= 5300  best=1.0625
        [Trial 0] gen  120  evals= 6360  best=1.0527
        [Trial 0] gen  140  evals= 7420  best=1.0290
        [Trial 0] gen  160  evals= 8480  best=1.0162
        [Trial 0] gen  180  evals= 9540  best=1.0134
        [Trial 0] gen  200  evals=10600  best=1.0134
NOTE (module=cma, iteration=213):  
condition in coordinate system exceeded 1.0e+08, rescaled to 1.0e+00, 
condition changed from 2.6e+09 to 1.4e+09
        [Trial 0] gen  220  evals=11660  best=1.0134
        [Trial 0] gen  240  evals=12720  best=1.0134
        [Trial 0] gen  260  evals=13780  best=1.0134
        [Trial 0] gen  280  evals=14840  best=1.0134
        [Trial 0] gen  300  evals=15900  best=1.0134
        [Trial 0] gen  320  evals=16960  best=1.0134
        [Trial 0] gen  340  evals=18020  best=1.0134
        [Trial 0] gen  360  evals=19080  best=1.0134
        [Trial 0] gen  380  evals=20140  best=1.0134
        [Trial 0] gen  400  evals=21200  best=1.0134
        [Trial 0] gen  420  evals=22260  best=1.0134
        [Trial 0] gen  440  evals=23320  best=1.0131
        [Trial 0] gen  460  evals=24380  best=1.0131
        [Trial 0] gen  480  evals=25440  best=1.0131
        [Trial 0] gen  500  evals=26500  best=1.0131
        [Trial 0] gen  520  evals=27560  best=1.0131
        [Trial 0] gen  540  evals=28620  best=1.0127
        [Trial 0] gen  560  evals=29680  best=1.0127
        [Done] Trial 0 best=1.0127
    --> Trial 1 | pop=49 seed=27964 x0_norm_min=-0.937 x0_norm_max=0.907
        [Pruned] Trial 1 at gen 15 (loss=1.5334)
    --> Trial 2 | pop=40 seed=47041 x0_norm_min=-0.344 x0_norm_max=0.824
        [Pruned] Trial 2 at gen 15 (loss=1.5822)
    --> Trial 3 | pop=38 seed=97508 x0_norm_min=-0.797 x0_norm_max=0.622
        [Pruned] Trial 3 at gen 15 (loss=1.6899)
    --> Trial 4 | pop=34 seed=6223 x0_norm_min=-0.947 x0_norm_max=0.785
        [Pruned] Trial 4 at gen 15 (loss=1.6782)
    --> Trial 5 | pop=58 seed=14920 x0_norm_min=-0.748 x0_norm_max=0.981
        [Pruned] Trial 5 at gen 15 (loss=1.5812)
    --> Trial 6 | pop=44 seed=91188 x0_norm_min=-0.929 x0_norm_max=0.732
        [Pruned] Trial 6 at gen 15 (loss=1.6460)
    --> Trial 7 | pop=34 seed=24133 x0_norm_min=-0.779 x0_norm_max=0.922
        [Pruned] Trial 7 at gen 15 (loss=1.6594)
    --> Trial 8 | pop=39 seed=69845 x0_norm_min=-0.814 x0_norm_max=0.843
        [Pruned] Trial 8 at gen 15 (loss=1.6033)
    --> Trial 9 | pop=40 seed=83344 x0_norm_min=-0.955 x0_norm_max=0.770
        [Pruned] Trial 9 at gen 15 (loss=1.6768)
    --> Trial 10 | pop=60 seed=59531 x0_norm_min=-0.841 x0_norm_max=0.672
        [Pruned] Trial 10 at gen 15 (loss=1.6152)
    --> Trial 11 | pop=52 seed=38896 x0_norm_min=-0.781 x0_norm_max=0.859
        [Pruned] Trial 11 at gen 15 (loss=1.6670)
    --> Trial 12 | pop=50 seed=33348 x0_norm_min=-0.402 x0_norm_max=0.428
        [Pruned] Trial 12 at gen 15 (loss=1.5877)
    --> Trial 13 | pop=52 seed=129 x0_norm_min=-0.863 x0_norm_max=0.955
        [Pruned] Trial 13 at gen 15 (loss=1.6361)
    --> Trial 14 | pop=47 seed=71832 x0_norm_min=-0.897 x0_norm_max=-0.091
        [Pruned] Trial 14 at gen 15 (loss=1.6099)
    --> Trial 15 | pop=56 seed=54609 x0_norm_min=-0.690 x0_norm_max=0.990
        [Trial 15] gen   20  evals= 1120  best=1.3924
        [Trial 15] gen   40  evals= 2240  best=1.0729
        [Trial 15] gen   60  evals= 3360  best=1.0729
        [Trial 15] gen   80  evals= 4480  best=1.0729
        [Trial 15] gen  100  evals= 5600  best=1.0594
        [Trial 15] gen  120  evals= 6720  best=1.0396
        [Trial 15] gen  140  evals= 7840  best=1.0396
        [Trial 15] gen  160  evals= 8960  best=1.0288
        [Trial 15] gen  180  evals=10080  best=1.0205
        [Trial 15] gen  200  evals=11200  best=1.0189
        [Trial 15] gen  220  evals=12320  best=1.0176
        [Trial 15] gen  240  evals=13440  best=1.0173
NOTE (module=cma, iteration=244):  
condition in coordinate system exceeded 1.2e+08, rescaled to 1.0e+00, 
condition changed from 6.8e+09 to 3.7e+09
        [Trial 15] gen  260  evals=14560  best=1.0166
        [Trial 15] gen  280  evals=15680  best=1.0157
        [Trial 15] gen  300  evals=16800  best=1.0154
        [Trial 15] gen  320  evals=17920  best=1.0150
        [Trial 15] gen  340  evals=19040  best=1.0148
        [Trial 15] gen  360  evals=20160  best=1.0144
        [Trial 15] gen  380  evals=21280  best=1.0144
        [Trial 15] gen  400  evals=22400  best=1.0144
        [Pruned] Trial 15 at gen 405 (loss=1.0144)
    --> Trial 16 | pop=56 seed=52437 x0_norm_min=-0.776 x0_norm_max=0.982
        [Pruned] Trial 16 at gen 15 (loss=1.6264)
    --> Trial 17 | pop=55 seed=71815 x0_norm_min=-0.863 x0_norm_max=0.835
        [Pruned] Trial 17 at gen 15 (loss=1.6636)
    --> Trial 18 | pop=54 seed=83723 x0_norm_min=-0.933 x0_norm_max=0.907
        [Pruned] Trial 18 at gen 15 (loss=1.7347)
    --> Trial 19 | pop=46 seed=59268 x0_norm_min=-0.948 x0_norm_max=0.822
        [Pruned] Trial 19 at gen 15 (loss=1.6903)

  Winner: Trial 0, loss=1.012652 (571s)
    Restarts run: 20
    mu: 38.729428
    D_mu: 53.542283
    T0_mu: 8.336526
    Ly: 3.825553
    op_x: 0.585657
    op_y: 0.801444
    NMSE: 0.007168
  [Saved] random_IR_0022

============================================================
[23/50] random_IR_0023.npz
  GT loss: 0.724099
    --> Trial 0 | pop=37 seed=20282 x0_norm_min=-0.944 x0_norm_max=0.730
        [Trial 0] gen   20  evals=  740  best=1.4682
        [Trial 0] gen   40  evals= 1480  best=1.4475
        [Trial 0] gen   60  evals= 2220  best=1.4475
        [Trial 0] gen   80  evals= 2960  best=1.4429
        [Trial 0] gen  100  evals= 3700  best=1.4165
        [Trial 0] gen  120  evals= 4440  best=1.4165
        [Trial 0] gen  140  evals= 5180  best=1.4165
        [Trial 0] gen  160  evals= 5920  best=1.4165
        [Trial 0] gen  180  evals= 6660  best=1.4075
        [Trial 0] gen  200  evals= 7400  best=1.4040
        [Trial 0] gen  220  evals= 8140  best=1.3970
        [Trial 0] gen  240  evals= 8880  best=1.3935
        [Trial 0] gen  260  evals= 9620  best=1.3933
        [Trial 0] gen  280  evals=10360  best=1.3926
        [Trial 0] gen  300  evals=11100  best=1.3922
        [Trial 0] gen  320  evals=11840  best=1.3917
        [Trial 0] gen  340  evals=12580  best=1.3914
        [Trial 0] gen  360  evals=13320  best=1.3914
        [Trial 0] gen  380  evals=14060  best=1.3914
        [Done] Trial 0 best=1.3913/home/bhpark3/dafxenv/lib/python3.12/site-packages/cma/utilities/utils.py:369: UserWarning: 
        geno-pheno transformation introduced based on the
        current covariance matrix with condition 1.2e+12 -> 1.0e+00,
        injected solutions become "invalid" in this iteration (time=Jul  6 07:48:04 2026 class=CMAEvolutionStrategy method=alleviate_conditioning iteration=500)
  warnings.warn(msg + ' (time={}'.format(time.asctime()[4:]) +
/home/bhpark3/dafxenv/lib/python3.12/site-packages/cma/utilities/utils.py:369: UserWarning: 
        geno-pheno transformation introduced based on the
        current covariance matrix with condition 1.2e+12 -> 1.0e+00,
        injected solutions become "invalid" in this iteration (time=Jul  6 07:51:09 2026 class=CMAEvolutionStrategy method=alleviate_conditioning iteration=348)
  warnings.warn(msg + ' (time={}'.format(time.asctime()[4:]) +

    --> Trial 1 | pop=35 seed=68971 x0_norm_min=-0.937 x0_norm_max=0.907
        [Pruned] Trial 1 at gen 15 (loss=1.5239)
    --> Trial 2 | pop=33 seed=70384 x0_norm_min=-0.344 x0_norm_max=0.824
        [Trial 2] gen   20  evals=  660  best=1.4606
        [Trial 2] gen   40  evals= 1320  best=1.4606
        [Pruned] Trial 2 at gen 45 (loss=1.4606)
    --> Trial 3 | pop=45 seed=97328 x0_norm_min=-0.797 x0_norm_max=0.622
        [Trial 3] gen   20  evals=  900  best=1.3909
        [Trial 3] gen   40  evals= 1800  best=1.3540
        [Trial 3] gen   60  evals= 2700  best=1.2873
        [Trial 3] gen   80  evals= 3600  best=1.2470
        [Trial 3] gen  100  evals= 4500  best=1.2469
        [Trial 3] gen  120  evals= 5400  best=1.2198
        [Trial 3] gen  140  evals= 6300  best=1.1872
        [Trial 3] gen  160  evals= 7200  best=1.1790
        [Trial 3] gen  180  evals= 8100  best=1.1790
        [Trial 3] gen  200  evals= 9000  best=1.1790
        [Trial 3] gen  220  evals= 9900  best=1.1790
        [Trial 3] gen  240  evals=10800  best=1.1790
        [Trial 3] gen  260  evals=11700  best=1.1788
        [Trial 3] gen  280  evals=12600  best=1.1781
        [Trial 3] gen  300  evals=13500  best=1.1778
        [Trial 3] gen  320  evals=14400  best=1.1778
        [Trial 3] gen  340  evals=15300  best=1.1778
        [Trial 3] gen  360  evals=16200  best=1.1778
        [Trial 3] gen  380  evals=17100  best=1.1778
        [Trial 3] gen  400  evals=18000  best=1.1778
        [Trial 3] gen  420  evals=18900  best=1.1778
        [Trial 3] gen  440  evals=19800  best=1.1778
        [Trial 3] gen  460  evals=20700  best=1.1778
        [Trial 3] gen  480  evals=21600  best=1.1778
        [Trial 3] gen  500  evals=22500  best=1.1778
        [Trial 3] gen  520  evals=23400  best=1.1778
        [Trial 3] gen  540  evals=24300  best=1.1778
        [Trial 3] gen  560  evals=25200  best=1.1776
        [Trial 3] gen  580  evals=26100  best=1.1776
        [Trial 3] gen  600  evals=27000  best=1.1776
        [Done] Trial 3 best=1.1776
    --> Trial 4 | pop=33 seed=26911 x0_norm_min=-0.947 x0_norm_max=0.785
        [Pruned] Trial 4 at gen 15 (loss=1.4159)
    --> Trial 5 | pop=56 seed=5277 x0_norm_min=-0.748 x0_norm_max=0.981
        [Pruned] Trial 5 at gen 15 (loss=1.4591)
    --> Trial 6 | pop=45 seed=60997 x0_norm_min=-0.929 x0_norm_max=0.732
        [Pruned] Trial 6 at gen 15 (loss=1.4779)
    --> Trial 7 | pop=33 seed=84881 x0_norm_min=-0.779 x0_norm_max=0.922
        [Trial 7] gen   20  evals=  660  best=1.3414
        [Trial 7] gen   40  evals= 1320  best=1.2802
        [Trial 7] gen   60  evals= 1980  best=1.2802
        [Trial 7] gen   80  evals= 2640  best=1.2476
        [Trial 7] gen  100  evals= 3300  best=1.2476
        [Trial 7] gen  120  evals= 3960  best=1.2276
        [Pruned] Trial 7 at gen 135 (loss=1.2098)
    --> Trial 8 | pop=34 seed=11654 x0_norm_min=-0.814 x0_norm_max=0.843
        [Pruned] Trial 8 at gen 15 (loss=1.4322)
    --> Trial 9 | pop=31 seed=30814 x0_norm_min=-0.955 x0_norm_max=0.770
        [Pruned] Trial 9 at gen 15 (loss=1.4189)
    --> Trial 10 | pop=59 seed=96167 x0_norm_min=-0.841 x0_norm_max=0.672
        [Pruned] Trial 10 at gen 15 (loss=1.4575)
    --> Trial 11 | pop=45 seed=42625 x0_norm_min=-0.781 x0_norm_max=0.859
        [Trial 11] gen   20  evals=  900  best=1.3941
        [Trial 11] gen   40  evals= 1800  best=1.2994
        [Pruned] Trial 11 at gen 45 (loss=1.2974)
    --> Trial 12 | pop=42 seed=49572 x0_norm_min=-0.402 x0_norm_max=0.428
        [Trial 12] gen   20  evals=  840  best=1.3524
        [Trial 12] gen   40  evals= 1680  best=1.3068
        [Pruned] Trial 12 at gen 45 (loss=1.3068)
    --> Trial 13 | pop=41 seed=99766 x0_norm_min=-0.863 x0_norm_max=0.955
        [Trial 13] gen   20  evals=  820  best=1.1930
        [Trial 13] gen   40  evals= 1640  best=1.1930
        [Trial 13] gen   60  evals= 2460  best=1.1930
        [Trial 13] gen   80  evals= 3280  best=1.1930
        [Trial 13] gen  100  evals= 4100  best=1.1930
        [Trial 13] gen  120  evals= 4920  best=1.1930
        [Pruned] Trial 13 at gen 135 (loss=1.1930)
    --> Trial 14 | pop=53 seed=20986 x0_norm_min=-0.897 x0_norm_max=-0.091
        [Trial 14] gen   20  evals= 1060  best=1.3846
        [Trial 14] gen   40  evals= 2120  best=1.3358
        [Trial 14] gen   60  evals= 3180  best=1.2693
        [Trial 14] gen   80  evals= 4240  best=1.2125
        [Trial 14] gen  100  evals= 5300  best=1.1951
        [Trial 14] gen  120  evals= 6360  best=1.1919
        [Trial 14] gen  140  evals= 7420  best=1.1843
        [Trial 14] gen  160  evals= 8480  best=1.1823
        [Trial 14] gen  180  evals= 9540  best=1.1795
        [Trial 14] gen  200  evals=10600  best=1.1781
        [Trial 14] gen  220  evals=11660  best=1.1781
        [Trial 14] gen  240  evals=12720  best=1.1780
        [Trial 14] gen  260  evals=13780  best=1.1780
        [Trial 14] gen  280  evals=14840  best=1.1778
        [Trial 14] gen  300  evals=15900  best=1.1774
        [Trial 14] gen  320  evals=16960  best=1.1773
        [Trial 14] gen  340  evals=18020  best=1.1771
        [Trial 14] gen  360  evals=19080  best=1.1771
        [Trial 14] gen  380  evals=20140  best=1.1771
        [Trial 14] gen  400  evals=21200  best=1.1771
        [Trial 14] gen  420  evals=22260  best=1.1771
        [Trial 14] gen  440  evals=23320  best=1.1770
        [Trial 14] gen  460  evals=24380  best=1.1770
        [Trial 14] gen  480  evals=25440  best=1.1764
        [Trial 14] gen  500  evals=26500  best=1.1764
        [Trial 14] gen  520  evals=27560  best=1.1764
        [Done] Trial 14 best=1.1764
    --> Trial 15 | pop=53 seed=45002 x0_norm_min=-0.690 x0_norm_max=0.990
        [Pruned] Trial 15 at gen 15 (loss=1.5214)
    --> Trial 16 | pop=50 seed=82898 x0_norm_min=-0.776 x0_norm_max=0.982
        [Trial 16] gen   20  evals= 1000  best=1.3063
        [Trial 16] gen   40  evals= 2000  best=1.2659
        [Trial 16] gen   60  evals= 3000  best=1.2659
        [Trial 16] gen   80  evals= 4000  best=1.2587
        [Trial 16] gen  100  evals= 5000  best=1.2449
        [Trial 16] gen  120  evals= 6000  best=1.2410
        [Pruned] Trial 16 at gen 135 (loss=1.2220)
    --> Trial 17 | pop=49 seed=1264 x0_norm_min=-0.863 x0_norm_max=0.835
        [Pruned] Trial 17 at gen 15 (loss=1.4841)
    --> Trial 18 | pop=50 seed=84260 x0_norm_min=-0.933 x0_norm_max=0.907
        [Pruned] Trial 18 at gen 15 (loss=1.4503)
    --> Trial 19 | pop=54 seed=58329 x0_norm_min=-0.948 x0_norm_max=0.822
        [Pruned] Trial 19 at gen 15 (loss=1.3963)

  Winner: Trial 14, loss=1.176447 (505s)
    Restarts run: 20
    mu: 17.030264
    D_mu: 17.701285
    T0_mu: 1.661029
    Ly: 1.100000
    op_x: 0.731982
    op_y: 0.510898
    NMSE: 0.133487
  [Saved] random_IR_0023

============================================================
[24/50] random_IR_0024.npz
  GT loss: 0.626351
    --> Trial 0 | pop=46 seed=74293 x0_norm_min=-0.944 x0_norm_max=0.730
        [Trial 0] gen   20  evals=  920  best=1.1582
        [Trial 0] gen   40  evals= 1840  best=1.1449
        [Trial 0] gen   60  evals= 2760  best=1.1159
        [Trial 0] gen   80  evals= 3680  best=1.0983
        [Trial 0] gen  100  evals= 4600  best=1.0983
        [Trial 0] gen  120  evals= 5520  best=1.0983
        [Trial 0] gen  140  evals= 6440  best=1.0908
        [Trial 0] gen  160  evals= 7360  best=1.0772
        [Trial 0] gen  180  evals= 8280  best=1.0701
        [Trial 0] gen  200  evals= 9200  best=1.0678
        [Trial 0] gen  220  evals=10120  best=1.0616
        [Trial 0] gen  240  evals=11040  best=1.0579
        [Trial 0] gen  260  evals=11960  best=1.0547
        [Trial 0] gen  280  evals=12880  best=1.0546
        [Trial 0] gen  300  evals=13800  best=1.0526
        [Trial 0] gen  320  evals=14720  best=1.0526
        [Trial 0] gen  340  evals=15640  best=1.0526
        [Trial 0] gen  360  evals=16560  best=1.0526
        [Trial 0] gen  380  evals=17480  best=1.0526
        [Trial 0] gen  400  evals=18400  best=1.0526
        [Trial 0] gen  420  evals=19320  best=1.0520
        [Trial 0] gen  440  evals=20240  best=1.0520
        [Trial 0] gen  460  evals=21160  best=1.0517
        [Trial 0] gen  480  evals=22080  best=1.0517
        [Trial 0] gen  500  evals=23000  best=1.0517
        [Trial 0] gen  520  evals=23920  best=1.0517
        [Trial 0] gen  540  evals=24840  best=1.0517
        [Done] Trial 0 best=1.0517
    --> Trial 1 | pop=57 seed=4654 x0_norm_min=-0.937 x0_norm_max=0.907
        [Pruned] Trial 1 at gen 15 (loss=1.2083)
    --> Trial 2 | pop=34 seed=42071 x0_norm_min=-0.344 x0_norm_max=0.824
        [Pruned] Trial 2 at gen 15 (loss=1.1792)
    --> Trial 3 | pop=52 seed=91252 x0_norm_min=-0.797 x0_norm_max=0.622
        [Pruned] Trial 3 at gen 15 (loss=1.1650)
    --> Trial 4 | pop=35 seed=49984 x0_norm_min=-0.947 x0_norm_max=0.785
        [Trial 4] gen   20  evals=  700  best=1.1211
        [Trial 4] gen   40  evals= 1400  best=1.1211
        [Trial 4] gen   60  evals= 2100  best=1.1159
        [Trial 4] gen   80  evals= 2800  best=1.1159
        [Trial 4] gen  100  evals= 3500  best=1.1159
        [Trial 4] gen  120  evals= 4200  best=1.0910
        [Pruned] Trial 4 at gen 135 (loss=1.0910)
    --> Trial 5 | pop=55 seed=75657 x0_norm_min=-0.748 x0_norm_max=0.981
        [Pruned] Trial 5 at gen 15 (loss=1.2126)
    --> Trial 6 | pop=47 seed=13543 x0_norm_min=-0.929 x0_norm_max=0.732
        [Trial 6] gen   20  evals=  940  best=1.0775
        [Trial 6] gen   40  evals= 1880  best=1.0775
        [Trial 6] gen   60  evals= 2820  best=1.0775
        [Trial 6] gen   80  evals= 3760  best=1.0775
        [Trial 6] gen  100  evals= 4700  best=1.0775
        [Trial 6] gen  120  evals= 5640  best=1.0775
        [Trial 6] gen  140  evals= 6580  best=1.0775
        [Trial 6] gen  160  evals= 7520  best=1.0775
        [Trial 6] gen  180  evals= 8460  best=1.0653
        [Trial 6] gen  200  evals= 9400  best=1.0546
        [Trial 6] gen  220  evals=10340  best=1.0420
        [Trial 6] gen  240  evals=11280  best=1.0402
NOTE (module=cma, iteration=258):  
condition in coordinate system exceeded 1.2e+08, rescaled to 1.0e+00, 
condition changed from 4.8e+08 to 8.5e+07
        [Trial 6] gen  260  evals=12220  best=1.0395
        [Trial 6] gen  280  evals=13160  best=1.0395
        [Trial 6] gen  300  evals=14100  best=1.0394
        [Trial 6] gen  320  evals=15040  best=1.0394
        [Trial 6] gen  340  evals=15980  best=1.0392
        [Trial 6] gen  360  evals=16920  best=1.0386
        [Trial 6] gen  380  evals=17860  best=1.0386
        [Trial 6] gen  400  evals=18800  best=1.0386
        [Trial 6] gen  420  evals=19740  best=1.0384
        [Trial 6] gen  440  evals=20680  best=1.0384
        [Trial 6] gen  460  evals=21620  best=1.0384
        [Trial 6] gen  480  evals=22560  best=1.0384
        [Trial 6] gen  500  evals=23500  best=1.0383
        [Trial 6] gen  520  evals=24440  best=1.0383
        [Trial 6] gen  540  evals=25380  best=1.0383
        [Trial 6] gen  560  evals=26320  best=1.0383
        [Done] Trial 6 best=1.0383
    --> Trial 7 | pop=48 seed=17056 x0_norm_min=-0.779 x0_norm_max=0.922
        [Pruned] Trial 7 at gen 15 (loss=1.2408)
    --> Trial 8 | pop=44 seed=86737 x0_norm_min=-0.814 x0_norm_max=0.843
        [Trial 8] gen   20  evals=  880  best=1.1358
        [Trial 8] gen   40  evals= 1760  best=1.1349
        [Pruned] Trial 8 at gen 45 (loss=1.1162)
    --> Trial 9 | pop=33 seed=52161 x0_norm_min=-0.955 x0_norm_max=0.770
        [Pruned] Trial 9 at gen 15 (loss=1.2140)
    --> Trial 10 | pop=42 seed=29435 x0_norm_min=-0.841 x0_norm_max=0.672
        [Pruned] Trial 10 at gen 15 (loss=1.1886)
    --> Trial 11 | pop=41 seed=66156 x0_norm_min=-0.781 x0_norm_max=0.859
        [Trial 11] gen   20  evals=  820  best=1.1076
        [Trial 11] gen   40  evals= 1640  best=0.9129
        [Trial 11] gen   60  evals= 2460  best=0.7145
        [Trial 11] gen   80  evals= 3280  best=0.6288
        [Trial 11] gen  100  evals= 4100  best=0.6190
        [Trial 11] gen  120  evals= 4920  best=0.6124
        [Trial 11] gen  140  evals= 5740  best=0.6124
        [Trial 11] gen  160  evals= 6560  best=0.6105
        [Trial 11] gen  180  evals= 7380  best=0.6080
        [Trial 11] gen  200  evals= 8200  best=0.6071
        [Trial 11] gen  220  evals= 9020  best=0.6065
        [Trial 11] gen  240  evals= 9840  best=0.6042
        [Trial 11] gen  260  evals=10660  best=0.6042
        [Trial 11] gen  280  evals=11480  best=0.6042
        [Trial 11] gen  300  evals=12300  best=0.6042
        [Trial 11] gen  320  evals=13120  best=0.6038
        [Trial 11] gen  340  evals=13940  best=0.6038
        [Trial 11] gen  360  evals=14760  best=0.6038
        [Trial 11] gen  380  evals=15580  best=0.6038
        [Trial 11] gen  400  evals=16400  best=0.6038
        [Trial 11] gen  420  evals=17220  best=0.6038
        [Trial 11] gen  440  evals=18040  best=0.6038
        [Trial 11] gen  460  evals=18860  best=0.6032
        [Trial 11] gen  480  evals=19680  best=0.6032
        [Trial 11] gen  500  evals=20500  best=0.6028
NOTE (module=cma, iteration=503):  
condition in coordinate system exceeded 1.0e+08, rescaled to 1.0e+00, 
condition changed from 5.1e+10 to 2.2e+10
        [Trial 11] gen  520  evals=21320  best=0.6028
        [Trial 11] gen  540  evals=22140  best=0.6028
        [Done] Trial 11 best=0.6028
    --> Trial 12 | pop=39 seed=1965 x0_norm_min=-0.402 x0_norm_max=0.428
        [Pruned] Trial 12 at gen 15 (loss=1.2197)
    --> Trial 13 | pop=50 seed=61217 x0_norm_min=-0.863 x0_norm_max=0.955
        [Pruned] Trial 13 at gen 15 (loss=1.1555)
    --> Trial 14 | pop=39 seed=32645 x0_norm_min=-0.897 x0_norm_max=-0.091
        [Pruned] Trial 14 at gen 15 (loss=1.1964)
    --> Trial 15 | pop=30 seed=15704 x0_norm_min=-0.690 x0_norm_max=0.990
        [Pruned] Trial 15 at gen 15 (loss=1.2299)
    --> Trial 16 | pop=41 seed=99344 x0_norm_min=-0.776 x0_norm_max=0.982
        [Pruned] Trial 16 at gen 15 (loss=1.1795)
    --> Trial 17 | pop=53 seed=68239 x0_norm_min=-0.863 x0_norm_max=0.835
        [Trial 17] gen   20  evals= 1060  best=1.1276
        [Trial 17] gen   40  evals= 2120  best=1.0366
        [Trial 17] gen   60  evals= 3180  best=0.9090
        [Trial 17] gen   80  evals= 4240  best=0.8263
        [Trial 17] gen  100  evals= 5300  best=0.6752
        [Trial 17] gen  120  evals= 6360  best=0.6217
        [Pruned] Trial 17 at gen 135 (loss=0.6165)
    --> Trial 18 | pop=59 seed=29331 x0_norm_min=-0.933 x0_norm_max=0.907
        [Pruned] Trial 18 at gen 15 (loss=1.2215)
    --> Trial 19 | pop=46 seed=16766 x0_norm_min=-0.948 x0_norm_max=0.822
        [Trial 19] gen   20  evals=  920  best=1.0970
        [Trial 19] gen   40  evals= 1840  best=1.0970
        [Pruned] Trial 19 at gen 45 (loss=1.0970)

  Winner: Trial 11, loss=0.602777 (810s)
    Restarts run: 20
    mu: 53.282499
    D_mu: 12.805183
    T0_mu: 10.816766
    Ly: 2.415387
    op_x: 0.515728
    op_y: 0.686389
    NMSE: 0.011695
  [Saved] random_IR_0024

============================================================
[25/50] random_IR_0025.npz
  GT loss: 0.759741
    --> Trial 0 | pop=60 seed=42063 x0_norm_min=-0.944 x0_norm_max=0.730
        [Trial 0] gen   20  evals= 1200  best=1.4307
        [Trial 0] gen   40  evals= 2400  best=1.2216
        [Trial 0] gen   60  evals= 3600  best=1.1092
        [Trial 0] gen   80  evals= 4800  best=1.0181
        [Trial 0] gen  100  evals= 6000  best=0.9291
        [Trial 0] gen  120  evals= 7200  best=0.9227
        [Trial 0] gen  140  evals= 8400  best=0.9104
        [Trial 0] gen  160  evals= 9600  best=0.9084
        [Trial 0] gen  180  evals=10800  best=0.9064
        [Trial 0] gen  200  evals=12000  best=0.9043
        [Trial 0] gen  220  evals=13200  best=0.9022
        [Trial 0] gen  240  evals=14400  best=0.9013
NOTE (module=cma, iteration=255):  
condition in coordinate system exceeded 1.0e+08, rescaled to 1.0e+00, 
condition changed from 3.2e+08 to 1.7e+07
        [Trial 0] gen  260  evals=15600  best=0.9004
        [Trial 0] gen  280  evals=16800  best=0.8996
        [Trial 0] gen  300  evals=18000  best=0.8996
        [Trial 0] gen  320  evals=19200  best=0.8996
        [Trial 0] gen  340  evals=20400  best=0.8991
        [Trial 0] gen  360  evals=21600  best=0.8991
        [Trial 0] gen  380  evals=22800  best=0.8991
        [Trial 0] gen  400  evals=24000  best=0.8990
        [Trial 0] gen  420  evals=25200  best=0.8990
        [Trial 0] gen  440  evals=26400  best=0.8982
        [Trial 0] gen  460  evals=27600  best=0.8982
        [Trial 0] gen  480  evals=28800  best=0.8982
        [Trial 0] gen  500  evals=30000  best=0.8982
        [Done] Trial 0 best=0.8982
    --> Trial 1 | pop=58 seed=72587 x0_norm_min=-0.937 x0_norm_max=0.907
        [Pruned] Trial 1 at gen 15 (loss=1.5376)
    --> Trial 2 | pop=43 seed=57648 x0_norm_min=-0.344 x0_norm_max=0.824
        [Trial 2] gen   20  evals=  860  best=1.3287
        [Trial 2] gen   40  evals= 1720  best=1.3165
        [Trial 2] gen   60  evals= 2580  best=1.1503
        [Trial 2] gen   80  evals= 3440  best=1.1262
        [Trial 2] gen  100  evals= 4300  best=1.1039
        [Trial 2] gen  120  evals= 5160  best=1.0987
        [Pruned] Trial 2 at gen 135 (loss=1.0941)
    --> Trial 3 | pop=54 seed=37435 x0_norm_min=-0.797 x0_norm_max=0.622
        [Trial 3] gen   20  evals= 1080  best=1.2972
        [Trial 3] gen   40  evals= 2160  best=1.1929
        [Pruned] Trial 3 at gen 45 (loss=1.1879)
    --> Trial 4 | pop=35 seed=76760 x0_norm_min=-0.947 x0_norm_max=0.785
        [Pruned] Trial 4 at gen 15 (loss=1.5631)
    --> Trial 5 | pop=59 seed=43203 x0_norm_min=-0.748 x0_norm_max=0.981
        [Pruned] Trial 5 at gen 15 (loss=1.4053)
    --> Trial 6 | pop=49 seed=28706 x0_norm_min=-0.929 x0_norm_max=0.732
        [Pruned] Trial 6 at gen 15 (loss=1.4611)
    --> Trial 7 | pop=47 seed=40251 x0_norm_min=-0.779 x0_norm_max=0.922
        [Pruned] Trial 7 at gen 15 (loss=1.5343)
    --> Trial 8 | pop=49 seed=13586 x0_norm_min=-0.814 x0_norm_max=0.843
        [Pruned] Trial 8 at gen 15 (loss=1.5525)
    --> Trial 9 | pop=37 seed=99603 x0_norm_min=-0.955 x0_norm_max=0.770
        [Pruned] Trial 9 at gen 15 (loss=1.5567)
    --> Trial 10 | pop=31 seed=1278 x0_norm_min=-0.841 x0_norm_max=0.672
        [Pruned] Trial 10 at gen 15 (loss=1.6104)
    --> Trial 11 | pop=42 seed=58885 x0_norm_min=-0.781 x0_norm_max=0.859
        [Pruned] Trial 11 at gen 15 (loss=1.5543)
    --> Trial 12 | pop=42 seed=61507 x0_norm_min=-0.402 x0_norm_max=0.428
        [Pruned] Trial 12 at gen 15 (loss=1.4659)
    --> Trial 13 | pop=54 seed=56707 x0_norm_min=-0.863 x0_norm_max=0.955
        [Trial 13] gen   20  evals= 1080  best=1.2281
        [Trial 13] gen   40  evals= 2160  best=1.2281
        [Trial 13] gen   60  evals= 3240  best=1.0741
        [Trial 13] gen   80  evals= 4320  best=1.0158
        [Trial 13] gen  100  evals= 5400  best=1.0158
        [Trial 13] gen  120  evals= 6480  best=0.9920
        [Pruned] Trial 13 at gen 135 (loss=0.9622)
    --> Trial 14 | pop=54 seed=23772 x0_norm_min=-0.897 x0_norm_max=-0.091
        [Pruned] Trial 14 at gen 15 (loss=1.4431)
    --> Trial 15 | pop=55 seed=48824 x0_norm_min=-0.690 x0_norm_max=0.990
        [Pruned] Trial 15 at gen 15 (loss=1.5088)
    --> Trial 16 | pop=60 seed=83657 x0_norm_min=-0.776 x0_norm_max=0.982
        [Trial 16] gen   20  evals= 1200  best=1.4107
        [Trial 16] gen   40  evals= 2400  best=1.1326
        [Pruned] Trial 16 at gen 45 (loss=1.1196)
    --> Trial 17 | pop=52 seed=30670 x0_norm_min=-0.863 x0_norm_max=0.835
        [Pruned] Trial 17 at gen 15 (loss=1.5118)
    --> Trial 18 | pop=57 seed=49050 x0_norm_min=-0.933 x0_norm_max=0.907
        [Pruned] Trial 18 at gen 15 (loss=1.6063)
    --> Trial 19 | pop=52 seed=16607 x0_norm_min=-0.948 x0_norm_max=0.822
        [Pruned] Trial 19 at gen 15 (loss=1.5068)

  Winner: Trial 0, loss=0.898238 (903s)
    Restarts run: 20
    mu: 9.054223
    D_mu: 7.084747
    T0_mu: 89.557930
    Ly: 3.208365
    op_x: 0.520802
    op_y: 0.898887
    NMSE: 0.000166
  [Saved] random_IR_0025

============================================================
[26/50] random_IR_0026.npz
  GT loss: 0.711018
    --> Trial 0 | pop=41 seed=21845 x0_norm_min=-0.944 x0_norm_max=0.730
        [Trial 0] gen   20  evals=  820  best=1.4978
        [Trial 0] gen   40  evals= 1640  best=1.3422
        [Trial 0] gen   60  evals= 2460  best=1.2863
        [Trial 0] gen   80  evals= 3280  best=1.2863
        [Trial 0] gen  100  evals= 4100  best=1.2649
        [Trial 0] gen  120  evals= 4920  best=1.2649
        [Trial 0] gen  140  evals= 5740  best=1.2649
        [Trial 0] gen  160  evals= 6560  best=1.2649
        [Trial 0] gen  180  evals= 7380  best=1.2649
        [Trial 0] gen  200  evals= 8200  best=1.2649
        [Trial 0] gen  220  evals= 9020  best=1.2633
        [Trial 0] gen  240  evals= 9840  best=1.2627
        [Trial 0] gen  260  evals=10660  best=1.2584
        [Trial 0] gen  280  evals=11480  best=1.2580
        [Trial 0] gen  300  evals=12300  best=1.2578
        [Trial 0] gen  320  evals=13120  best=1.2578
        [Trial 0] gen  340  evals=13940  best=1.2578
        [Trial 0] gen  360  evals=14760  best=1.2578
        [Trial 0] gen  380  evals=15580  best=1.2578
        [Trial 0] gen  400  evals=16400  best=1.2559
        [Trial 0] gen  420  evals=17220  best=1.2549
        [Trial 0] gen  440  evals=18040  best=1.2549
        [Trial 0] gen  460  evals=18860  best=1.2549
        [Trial 0] gen  480  evals=19680  best=1.2546
        [TRIAL TIMEOUT] Trial 0 total >600s, stopping
        [Done] Trial 0 best=1.2546
    --> Trial 1 | pop=57 seed=64730 x0_norm_min=-0.937 x0_norm_max=0.907
        [Trial 1] gen   20  evals= 1140  best=1.3540
        [Trial 1] gen   40  evals= 2280  best=1.1873
        [Trial 1] gen   60  evals= 3420  best=1.1710
        [Trial 1] gen   80  evals= 4560  best=1.1662
        [Trial 1] gen  100  evals= 5700  best=1.1511
        [Trial 1] gen  120  evals= 6840  best=1.1508
        [Trial 1] gen  140  evals= 7980  best=1.1458
        [Trial 1] gen  160  evals= 9120  best=1.1458
        [Trial 1] gen  180  evals=10260  best=1.1403
        [Trial 1] gen  200  evals=11400  best=1.1377
        [Trial 1] gen  220  evals=12540  best=1.1373
        [Trial 1] gen  240  evals=13680  best=1.1356
NOTE (module=cma, iteration=243):  
condition in coordinate system exceeded 1.2e+08, rescaled to 1.0e+00, 
condition changed from 4.0e+08 to 3.5e+07
        [Trial 1] gen  260  evals=14820  best=1.1356
        [Trial 1] gen  280  evals=15960  best=1.1341
        [Trial 1] gen  300  evals=17100  best=1.1330
        [Trial 1] gen  320  evals=18240  best=1.1330
        [Trial 1] gen  340  evals=19380  best=1.1316
        [Trial 1] gen  360  evals=20520  best=1.1314
        [Trial 1] gen  380  evals=21660  best=1.1305
        [Trial 1] gen  400  evals=22800  best=1.1305
        [Trial 1] gen  420  evals=23940  best=1.1296
        [Trial 1] gen  440  evals=25080  best=1.1296
        [Trial 1] gen  460  evals=26220  best=1.1296
        [Trial 1] gen  480  evals=27360  best=1.1296
        [Trial 1] gen  500  evals=28500  best=1.1296
        [Trial 1] gen  520  evals=29640  best=1.1296
        [Done] Trial 1 best=1.1296
    --> Trial 2 | pop=33 seed=75260 x0_norm_min=-0.344 x0_norm_max=0.824
        [Pruned] Trial 2 at gen 15 (loss=1.4782)
    --> Trial 3 | pop=53 seed=96986 x0_norm_min=-0.797 x0_norm_max=0.622
        [Pruned] Trial 3 at gen 15 (loss=1.5051)
    --> Trial 4 | pop=42 seed=73501 x0_norm_min=-0.947 x0_norm_max=0.785
        [Pruned] Trial 4 at gen 15 (loss=1.4973)
    --> Trial 5 | pop=30 seed=3716 x0_norm_min=-0.748 x0_norm_max=0.981
        [Trial 5] gen   20  evals=  600  best=1.4301
        [Trial 5] gen   40  evals= 1200  best=1.3686
        [Pruned] Trial 5 at gen 45 (loss=1.3491)
    --> Trial 6 | pop=54 seed=52393 x0_norm_min=-0.929 x0_norm_max=0.732
        [Trial 6] gen   20  evals= 1080  best=1.3382
        [Trial 6] gen   40  evals= 2160  best=1.2930
        [Pruned] Trial 6 at gen 45 (loss=1.2846)
    --> Trial 7 | pop=52 seed=76478 x0_norm_min=-0.779 x0_norm_max=0.922
        [Pruned] Trial 7 at gen 15 (loss=1.4671)
    --> Trial 8 | pop=35 seed=26155 x0_norm_min=-0.814 x0_norm_max=0.843
        [Pruned] Trial 8 at gen 15 (loss=1.4663)
    --> Trial 9 | pop=44 seed=47940 x0_norm_min=-0.955 x0_norm_max=0.770
        [Pruned] Trial 9 at gen 15 (loss=1.4468)
    --> Trial 10 | pop=58 seed=96900 x0_norm_min=-0.841 x0_norm_max=0.672/home/bhpark3/dafxenv/lib/python3.12/site-packages/cma/utilities/utils.py:369: UserWarning: 
        geno-pheno transformation introduced based on the
        current covariance matrix with condition 1.3e+12 -> 1.0e+00,
        injected solutions become "invalid" in this iteration (time=Jul  6 08:52:29 2026 class=CMAEvolutionStrategy method=alleviate_conditioning iteration=720)
  warnings.warn(msg + ' (time={}'.format(time.asctime()[4:]) +

        [Trial 10] gen   20  evals= 1160  best=1.2934
        [Trial 10] gen   40  evals= 2320  best=1.2454
        [Pruned] Trial 10 at gen 45 (loss=1.2452)
    --> Trial 11 | pop=45 seed=1674 x0_norm_min=-0.781 x0_norm_max=0.859
        [Trial 11] gen   20  evals=  900  best=1.3051
        [Trial 11] gen   40  evals= 1800  best=1.3051
        [Pruned] Trial 11 at gen 45 (loss=1.3007)
    --> Trial 12 | pop=39 seed=26275 x0_norm_min=-0.402 x0_norm_max=0.428
        [Trial 12] gen   20  evals=  780  best=1.3642
        [Trial 12] gen   40  evals= 1560  best=1.2693
        [Pruned] Trial 12 at gen 45 (loss=1.2693)
    --> Trial 13 | pop=60 seed=35906 x0_norm_min=-0.863 x0_norm_max=0.955
        [Trial 13] gen   20  evals= 1200  best=1.3434
        [Trial 13] gen   40  evals= 2400  best=1.2048
        [Trial 13] gen   60  evals= 3600  best=1.1819
        [Trial 13] gen   80  evals= 4800  best=1.1556
        [Trial 13] gen  100  evals= 6000  best=1.1539
        [Trial 13] gen  120  evals= 7200  best=1.1539
        [Pruned] Trial 13 at gen 135 (loss=1.1539)
    --> Trial 14 | pop=49 seed=59397 x0_norm_min=-0.897 x0_norm_max=-0.091
        [Pruned] Trial 14 at gen 15 (loss=1.4141)
    --> Trial 15 | pop=48 seed=14075 x0_norm_min=-0.690 x0_norm_max=0.990
        [Pruned] Trial 15 at gen 15 (loss=1.4545)
    --> Trial 16 | pop=38 seed=36765 x0_norm_min=-0.776 x0_norm_max=0.982
        [Pruned] Trial 16 at gen 15 (loss=1.3817)
    --> Trial 17 | pop=56 seed=62869 x0_norm_min=-0.863 x0_norm_max=0.835
        [Pruned] Trial 17 at gen 15 (loss=1.4147)
    --> Trial 18 | pop=47 seed=88633 x0_norm_min=-0.933 x0_norm_max=0.907
        [Pruned] Trial 18 at gen 15 (loss=1.4752)
    --> Trial 19 | pop=40 seed=15185 x0_norm_min=-0.948 x0_norm_max=0.822
        [Pruned] Trial 19 at gen 15 (loss=1.4254)

  Winner: Trial 1, loss=1.129608 (1420s)
    Restarts run: 20
    mu: 46.916132
    D_mu: 1.904813
    T0_mu: 8.850299
    Ly: 1.163029
    op_x: 0.711013
    op_y: 0.510001
    NMSE: 0.082912
  [Saved] random_IR_0026

============================================================
[27/50] random_IR_0027.npz
  GT loss: 0.781239
    --> Trial 0 | pop=33 seed=67485 x0_norm_min=-0.944 x0_norm_max=0.730
        [Trial 0] gen   20  evals=  660  best=1.5669
        [Trial 0] gen   40  evals= 1320  best=1.3807
        [Trial 0] gen   60  evals= 1980  best=1.3560
        [Trial 0] gen   80  evals= 2640  best=1.3560
        [Trial 0] gen  100  evals= 3300  best=1.3338
        [Trial 0] gen  120  evals= 3960  best=1.3051
        [Trial 0] gen  140  evals= 4620  best=1.3051
        [Trial 0] gen  160  evals= 5280  best=1.3051
        [Trial 0] gen  180  evals= 5940  best=1.3004
        [Trial 0] gen  200  evals= 6600  best=1.2984
        [Trial 0] gen  220  evals= 7260  best=1.2936
        [Trial 0] gen  240  evals= 7920  best=1.2933
        [Trial 0] gen  260  evals= 8580  best=1.2926
        [Trial 0] gen  280  evals= 9240  best=1.2926
        [Trial 0] gen  300  evals= 9900  best=1.2911
        [Trial 0] gen  320  evals=10560  best=1.2911
        [Trial 0] gen  340  evals=11220  best=1.2911
        [Trial 0] gen  360  evals=11880  best=1.2892
        [Trial 0] gen  380  evals=12540  best=1.2887
        [Trial 0] gen  400  evals=13200  best=1.2875
        [Trial 0] gen  420  evals=13860  best=1.2873
        [Trial 0] gen  440  evals=14520  best=1.2866
        [Trial 0] gen  460  evals=15180  best=1.2864
        [Trial 0] gen  480  evals=15840  best=1.2864
        [Trial 0] gen  500  evals=16500  best=1.2864
        [Trial 0] gen  520  evals=17160  best=1.2864
        [Trial 0] gen  540  evals=17820  best=1.2860
        [Trial 0] gen  560  evals=18480  best=1.2860
        [Trial 0] gen  580  evals=19140  best=1.2860
        [Trial 0] gen  600  evals=19800  best=1.2860
        [Trial 0] gen  620  evals=20460  best=1.2858
        [Trial 0] gen  640  evals=21120  best=1.2858
        [Trial 0] gen  660  evals=21780  best=1.2858
        [Trial 0] gen  680  evals=22440  best=1.2858
        [Trial 0] gen  700  evals=23100  best=1.2858
        [Trial 0] gen  720  evals=23760  best=1.2858
        [Trial 0] gen  740  evals=24420  best=1.2858
        [Trial 0] gen  760  evals=25080  best=1.2858
        [Trial 0] gen  780  evals=25740  best=1.2858
        [Trial 0] gen  800  evals=26400  best=1.2858
        [Trial 0] gen  820  evals=27060  best=1.2858
        [Trial 0] gen  840  evals=27720  best=1.2858
        [Trial 0] gen  860  evals=28380  best=1.2858
        [Trial 0] gen  880  evals=29040  best=1.2858
        [Trial 0] gen  900  evals=29700  best=1.2858
        [Done] Trial 0 best=1.2858
    --> Trial 1 | pop=54 seed=72352 x0_norm_min=-0.937 x0_norm_max=0.907
        [Trial 1] gen   20  evals= 1080  best=1.4415
        [Trial 1] gen   40  evals= 2160  best=1.4415
        [Trial 1] gen   60  evals= 3240  best=1.2878
        [Trial 1] gen   80  evals= 4320  best=1.2464
        [Trial 1] gen  100  evals= 5400  best=1.1798
        [Trial 1] gen  120  evals= 6480  best=1.1280
        [Trial 1] gen  140  evals= 7560  best=1.1115
        [Trial 1] gen  160  evals= 8640  best=1.1084
        [Trial 1] gen  180  evals= 9720  best=1.1063
        [Trial 1] gen  200  evals=10800  best=1.1011
        [Trial 1] gen  220  evals=11880  best=1.1009
        [Trial 1] gen  240  evals=12960  best=1.1004
        [Trial 1] gen  260  evals=14040  best=1.0975
        [Trial 1] gen  280  evals=15120  best=1.0973
        [Trial 1] gen  300  evals=16200  best=1.0970
        [Trial 1] gen  320  evals=17280  best=1.0970
        [Trial 1] gen  340  evals=18360  best=1.0965
NOTE (module=cma, iteration=348):  
condition in coordinate system exceeded 1.1e+08, rescaled to 1.0e+00, 
condition changed from 1.2e+08 to 8.9e+06
        [Trial 1] gen  360  evals=19440  best=1.0940
        [Trial 1] gen  380  evals=20520  best=1.0940
        [Trial 1] gen  400  evals=21600  best=1.0940
        [Trial 1] gen  420  evals=22680  best=1.0938
        [Trial 1] gen  440  evals=23760  best=1.0938
        [Trial 1] gen  460  evals=24840  best=1.0938
        [Trial 1] gen  480  evals=25920  best=1.0936
        [Trial 1] gen  500  evals=27000  best=1.0936
        [Trial 1] gen  520  evals=28080  best=1.0936
        [Trial 1] gen  540  evals=29160  best=1.0936
        [Done] Trial 1 best=1.0936
    --> Trial 2 | pop=52 seed=84942 x0_norm_min=-0.344 x0_norm_max=0.824
        [Trial 2] gen   20  evals= 1040  best=1.3965
        [Trial 2] gen   40  evals= 2080  best=1.3787
        [Trial 2] gen   60  evals= 3120  best=1.3153
        [Trial 2] gen   80  evals= 4160  best=1.3153
        [Trial 2] gen  100  evals= 5200  best=1.3085
        [Trial 2] gen  120  evals= 6240  best=1.3065
        [Pruned] Trial 2 at gen 135 (loss=1.3003)
    --> Trial 3 | pop=43 seed=53844 x0_norm_min=-0.797 x0_norm_max=0.622
        [Pruned] Trial 3 at gen 15 (loss=1.5671)
    --> Trial 4 | pop=54 seed=1292 x0_norm_min=-0.947 x0_norm_max=0.785
        [Pruned] Trial 4 at gen 15 (loss=1.4830)
    --> Trial 5 | pop=43 seed=97258 x0_norm_min=-0.748 x0_norm_max=0.981
        [Pruned] Trial 5 at gen 15 (loss=1.4878)
    --> Trial 6 | pop=38 seed=75662 x0_norm_min=-0.929 x0_norm_max=0.732
        [Pruned] Trial 6 at gen 15 (loss=1.6024)
    --> Trial 7 | pop=34 seed=61749 x0_norm_min=-0.779 x0_norm_max=0.922
        [Pruned] Trial 7 at gen 15 (loss=1.5858)
    --> Trial 8 | pop=45 seed=30705 x0_norm_min=-0.814 x0_norm_max=0.843
        [Pruned] Trial 8 at gen 15 (loss=1.5050)
    --> Trial 9 | pop=31 seed=20198 x0_norm_min=-0.955 x0_norm_max=0.770
        [Pruned] Trial 9 at gen 15 (loss=1.6292)
    --> Trial 10 | pop=59 seed=44365 x0_norm_min=-0.841 x0_norm_max=0.672
        [Pruned] Trial 10 at gen 15 (loss=1.5048)
    --> Trial 11 | pop=50 seed=68323 x0_norm_min=-0.781 x0_norm_max=0.859
        [Pruned] Trial 11 at gen 15 (loss=1.5060)
    --> Trial 12 | pop=60 seed=85337 x0_norm_min=-0.402 x0_norm_max=0.428
        [Trial 12] gen   20  evals= 1200  best=1.4591
        [Trial 12] gen   40  evals= 2400  best=1.3326
        [Trial 12] gen   60  evals= 3600  best=1.2432
        [Trial 12] gen   80  evals= 4800  best=1.2432
        [Trial 12] gen  100  evals= 6000  best=1.2390/home/bhpark3/dafxenv/lib/python3.12/site-packages/cma/utilities/utils.py:369: UserWarning: 
        geno-pheno transformation introduced based on the
        current covariance matrix with condition 1.0e+12 -> 1.0e+00,
        injected solutions become "invalid" in this iteration (time=Jul  6 09:19:46 2026 class=CMAEvolutionStrategy method=alleviate_conditioning iteration=459)
  warnings.warn(msg + ' (time={}'.format(time.asctime()[4:]) +

        [Trial 12] gen  120  evals= 7200  best=1.2102
        [Pruned] Trial 12 at gen 135 (loss=1.1945)
    --> Trial 13 | pop=39 seed=43873 x0_norm_min=-0.863 x0_norm_max=0.955
        [Pruned] Trial 13 at gen 15 (loss=1.5947)
    --> Trial 14 | pop=47 seed=77879 x0_norm_min=-0.897 x0_norm_max=-0.091
        [Trial 14] gen   20  evals=  940  best=1.4886
        [Trial 14] gen   40  evals= 1880  best=1.4319
        [Pruned] Trial 14 at gen 45 (loss=1.4261)
    --> Trial 15 | pop=30 seed=99752 x0_norm_min=-0.690 x0_norm_max=0.990
        [Pruned] Trial 15 at gen 15 (loss=1.6064)
    --> Trial 16 | pop=36 seed=57298 x0_norm_min=-0.776 x0_norm_max=0.982
        [Pruned] Trial 16 at gen 15 (loss=1.6052)
    --> Trial 17 | pop=56 seed=68953 x0_norm_min=-0.863 x0_norm_max=0.835
        [Pruned] Trial 17 at gen 15 (loss=1.6197)
    --> Trial 18 | pop=50 seed=50676 x0_norm_min=-0.933 x0_norm_max=0.907
        [Pruned] Trial 18 at gen 15 (loss=1.6318)
    --> Trial 19 | pop=41 seed=88591 x0_norm_min=-0.948 x0_norm_max=0.822
        [Pruned] Trial 19 at gen 15 (loss=1.5671)

  Winner: Trial 1, loss=1.093609 (1655s)
    Restarts run: 20
    mu: 25.685993
    D_mu: 3.391545
    T0_mu: 37.773191
    Ly: 2.726026
    op_x: 0.740246
    op_y: 0.859597
    NMSE: 0.002544
  [Saved] random_IR_0027

============================================================
[28/50] random_IR_0028.npz
  GT loss: 0.847070
    --> Trial 0 | pop=40 seed=43303 x0_norm_min=-0.944 x0_norm_max=0.730
        [Trial 0] gen   20  evals=  800  best=1.5221
        [Trial 0] gen   40  evals= 1600  best=1.3421
        [Trial 0] gen   60  evals= 2400  best=1.1175
        [Trial 0] gen   80  evals= 3200  best=1.0763
        [Trial 0] gen  100  evals= 4000  best=1.0394
        [Trial 0] gen  120  evals= 4800  best=1.0144
        [Trial 0] gen  140  evals= 5600  best=1.0105
        [Trial 0] gen  160  evals= 6400  best=1.0044
        [Trial 0] gen  180  evals= 7200  best=0.9964
        [Trial 0] gen  200  evals= 8000  best=0.9926
        [Trial 0] gen  220  evals= 8800  best=0.9885
        [Trial 0] gen  240  evals= 9600  best=0.9866
NOTE (module=cma, iteration=247):  
condition in coordinate system exceeded 1.2e+08, rescaled to 1.0e+00, 
condition changed from 6.0e+08 to 1.8e+08
        [Trial 0] gen  260  evals=10400  best=0.9858
        [Trial 0] gen  280  evals=11200  best=0.9855
        [Trial 0] gen  300  evals=12000  best=0.9855
        [Trial 0] gen  320  evals=12800  best=0.9855
        [Trial 0] gen  340  evals=13600  best=0.9849
        [Trial 0] gen  360  evals=14400  best=0.9849
        [Trial 0] gen  380  evals=15200  best=0.9849
        [Trial 0] gen  400  evals=16000  best=0.9849
        [Trial 0] gen  420  evals=16800  best=0.9849
        [Trial 0] gen  440  evals=17600  best=0.9849
        [Trial 0] gen  460  evals=18400  best=0.9848
        [Trial 0] gen  480  evals=19200  best=0.9845
        [Trial 0] gen  500  evals=20000  best=0.9845
        [Trial 0] gen  520  evals=20800  best=0.9845
        [Trial 0] gen  540  evals=21600  best=0.9845
        [Trial 0] gen  560  evals=22400  best=0.9845
        [Trial 0] gen  580  evals=23200  best=0.9845
        [Done] Trial 0 best=0.9845
    --> Trial 1 | pop=44 seed=70071 x0_norm_min=-0.937 x0_norm_max=0.907
        [Trial 1] gen   20  evals=  880  best=1.5247
        [Trial 1] gen   40  evals= 1760  best=1.5247
        [Pruned] Trial 1 at gen 45 (loss=1.5247)
    --> Trial 2 | pop=52 seed=25845 x0_norm_min=-0.344 x0_norm_max=0.824
        [Pruned] Trial 2 at gen 15 (loss=1.5688)
    --> Trial 3 | pop=42 seed=48592 x0_norm_min=-0.797 x0_norm_max=0.622
        [Pruned] Trial 3 at gen 15 (loss=1.6667)
    --> Trial 4 | pop=57 seed=42168 x0_norm_min=-0.947 x0_norm_max=0.785
        [Trial 4] gen   20  evals= 1140  best=1.4938
        [Trial 4] gen   40  evals= 2280  best=1.3833
        [Pruned] Trial 4 at gen 45 (loss=1.3044)
    --> Trial 5 | pop=35 seed=66123 x0_norm_min=-0.748 x0_norm_max=0.981
        [Pruned] Trial 5 at gen 15 (loss=1.6446)
    --> Trial 6 | pop=46 seed=34786 x0_norm_min=-0.929 x0_norm_max=0.732
        [Pruned] Trial 6 at gen 15 (loss=1.5792)
    --> Trial 7 | pop=54 seed=48215 x0_norm_min=-0.779 x0_norm_max=0.922
        [Pruned] Trial 7 at gen 15 (loss=1.5733)
    --> Trial 8 | pop=58 seed=55223 x0_norm_min=-0.814 x0_norm_max=0.843
        [Pruned] Trial 8 at gen 15 (loss=1.6406)
    --> Trial 9 | pop=33 seed=7744 x0_norm_min=-0.955 x0_norm_max=0.770
        [Pruned] Trial 9 at gen 15 (loss=1.7070)
    --> Trial 10 | pop=30 seed=89114 x0_norm_min=-0.841 x0_norm_max=0.672
        [Trial 10] gen   20  evals=  600  best=1.5295
        [Trial 10] gen   40  evals= 1200  best=1.5295
        [Pruned] Trial 10 at gen 45 (loss=1.5295)
    --> Trial 11 | pop=60 seed=26479 x0_norm_min=-0.781 x0_norm_max=0.859
        [Pruned] Trial 11 at gen 15 (loss=1.5849)
    --> Trial 12 | pop=39 seed=4873 x0_norm_min=-0.402 x0_norm_max=0.428
        [Pruned] Trial 12 at gen 15 (loss=1.6455)
    --> Trial 13 | pop=50 seed=36007 x0_norm_min=-0.863 x0_norm_max=0.955
        [Pruned] Trial 13 at gen 15 (loss=1.6230)
    --> Trial 14 | pop=48 seed=85650 x0_norm_min=-0.897 x0_norm_max=-0.091
        [Trial 14] gen   20  evals=  960  best=1.4979
        [Trial 14] gen   40  evals= 1920  best=1.4979
        [Pruned] Trial 14 at gen 45 (loss=1.4979)
    --> Trial 15 | pop=56 seed=17445 x0_norm_min=-0.690 x0_norm_max=0.990
        [Pruned] Trial 15 at gen 15 (loss=1.6754)
    --> Trial 16 | pop=39 seed=66296 x0_norm_min=-0.776 x0_norm_max=0.982
        [Pruned] Trial 16 at gen 15 (loss=1.6448)
    --> Trial 17 | pop=39 seed=41686 x0_norm_min=-0.863 x0_norm_max=0.835
        [Pruned] Trial 17 at gen 15 (loss=1.6488)
    --> Trial 18 | pop=50 seed=58548 x0_norm_min=-0.933 x0_norm_max=0.907
        [Trial 18] gen   20  evals= 1000  best=1.4658
        [Trial 18] gen   40  evals= 2000  best=1.2211
        [Trial 18] gen   60  evals= 3000  best=1.1755
        [Trial 18] gen   80  evals= 4000  best=0.9608
        [Trial 18] gen  100  evals= 5000  best=0.8765
        [Trial 18] gen  120  evals= 6000  best=0.8619
        [Trial 18] gen  140  evals= 7000  best=0.8400
        [Trial 18] gen  160  evals= 8000  best=0.8369
        [Trial 18] gen  180  evals= 9000  best=0.8334
NOTE (module=cma, iteration=183):  
condition in coordinate system exceeded 1.1e+08, rescaled to 1.0e+00, 
condition changed from 8.0e+08 to 1.8e+07
        [Trial 18] gen  200  evals=10000  best=0.8316
        [Trial 18] gen  220  evals=11000  best=0.8316
        [Trial 18] gen  240  evals=12000  best=0.8310
        [Trial 18] gen  260  evals=13000  best=0.8304
        [Trial 18] gen  280  evals=14000  best=0.8304
        [Trial 18] gen  300  evals=15000  best=0.8303
        [Trial 18] gen  320  evals=16000  best=0.8303
        [Trial 18] gen  340  evals=17000  best=0.8303
        [Trial 18] gen  360  evals=18000  best=0.8302
        [Trial 18] gen  380  evals=19000  best=0.8302
        [Trial 18] gen  400  evals=20000  best=0.8301
        [Trial 18] gen  420  evals=21000  best=0.8297
        [Trial 18] gen  440  evals=22000  best=0.8297
        [Trial 18] gen  460  evals=23000  best=0.8297
        [Trial 18] gen  480  evals=24000  best=0.8297
        [Trial 18] gen  500  evals=25000  best=0.8294
        [Trial 18] gen  520  evals=26000  best=0.8294
        [Trial 18] gen  540  evals=27000  best=0.8294
        [Done] Trial 18 best=0.8294
    --> Trial 19 | pop=42 seed=75207 x0_norm_min=-0.948 x0_norm_max=0.822
        [Trial 19] gen   20  evals=  840  best=1.4307
        [Trial 19] gen   40  evals= 1680  best=1.2937
        [Pruned] Trial 19 at gen 45 (loss=1.2795)

  Winner: Trial 18, loss=0.829422 (459s)
    Restarts run: 20
    mu: 80.412317
    D_mu: 21.310795
    T0_mu: 12.402962
    Ly: 2.004390
    op_x: 0.872306
    op_y: 0.750316
    NMSE: 0.065529
  [Saved] random_IR_0028

============================================================
[29/50] random_IR_0029.npz
  GT loss: 0.908273
    --> Trial 0 | pop=53 seed=45046 x0_norm_min=-0.944 x0_norm_max=0.730
        [Trial 0] gen   20  evals= 1060  best=1.4930
        [Trial 0] gen   40  evals= 2120  best=1.4930
        [Trial 0] gen   60  evals= 3180  best=1.4651
        [Trial 0] gen   80  evals= 4240  best=1.3835
        [Trial 0] gen  100  evals= 5300  best=1.3739
        [Trial 0] gen  120  evals= 6360  best=1.3635
        [Trial 0] gen  140  evals= 7420  best=1.3595
        [Trial 0] gen  160  evals= 8480  best=1.3593
        [Trial 0] gen  180  evals= 9540  best=1.3555
        [Trial 0] gen  200  evals=10600  best=1.3533
        [Trial 0] gen  220  evals=11660  best=1.3528
        [Trial 0] gen  240  evals=12720  best=1.3525
        [Trial 0] gen  260  evals=13780  best=1.3525
        [Trial 0] gen  280  evals=14840  best=1.3524
        [Trial 0] gen  300  evals=15900  best=1.3513
        [Trial 0] gen  320  evals=16960  best=1.3493
        [Trial 0] gen  340  evals=18020  best=1.3485
        [Trial 0] gen  360  evals=19080  best=1.3485
        [Trial 0] gen  380  evals=20140  best=1.3485
        [Trial 0] gen  400  evals=21200  best=1.3468
        [Trial 0] gen  420  evals=22260  best=1.3454
        [Trial 0] gen  440  evals=23320  best=1.3454
        [Trial 0] gen  460  evals=24380  best=1.3454
        [TRIAL TIMEOUT] Trial 0 total >600s, stopping
        [Done] Trial 0 best=1.3454
    --> Trial 1 | pop=32 seed=26763 x0_norm_min=-0.937 x0_norm_max=0.907
        [Pruned] Trial 1 at gen 15 (loss=1.6777)
    --> Trial 2 | pop=32 seed=95083 x0_norm_min=-0.344 x0_norm_max=0.824
        [Trial 2] gen   20  evals=  640  best=1.4759
        [Trial 2] gen   40  evals= 1280  best=1.4430
        [Trial 2] gen   60  evals= 1920  best=1.4399
        [Trial 2] gen   80  evals= 2560  best=1.4316
        [Trial 2] gen  100  evals= 3200  best=1.3865
        [Trial 2] gen  120  evals= 3840  best=1.3865
        [Pruned] Trial 2 at gen 135 (loss=1.3865)
    --> Trial 3 | pop=34 seed=69154 x0_norm_min=-0.797 x0_norm_max=0.622
        [Pruned] Trial 3 at gen 15 (loss=1.6731)
    --> Trial 4 | pop=31 seed=49889 x0_norm_min=-0.947 x0_norm_max=0.785
        [Pruned] Trial 4 at gen 15 (loss=1.5417)
    --> Trial 5 | pop=59 seed=44672 x0_norm_min=-0.748 x0_norm_max=0.981
        [Pruned] Trial 5 at gen 15 (loss=1.7578)
    --> Trial 6 | pop=41 seed=98966 x0_norm_min=-0.929 x0_norm_max=0.732
        [Pruned] Trial 6 at gen 15 (loss=1.7690)
    --> Trial 7 | pop=39 seed=20394 x0_norm_min=-0.779 x0_norm_max=0.922
        [Pruned] Trial 7 at gen 15 (loss=1.7886)
    --> Trial 8 | pop=54 seed=48311 x0_norm_min=-0.814 x0_norm_max=0.843
        [Pruned] Trial 8 at gen 15 (loss=1.6553)
    --> Trial 9 | pop=53 seed=98294 x0_norm_min=-0.955 x0_norm_max=0.770
        [Pruned] Trial 9 at gen 15 (loss=1.5831)
    --> Trial 10 | pop=46 seed=9008 x0_norm_min=-0.841 x0_norm_max=0.672
        [Pruned] Trial 10 at gen 15 (loss=1.7306)
    --> Trial 11 | pop=46 seed=75955 x0_norm_min=-0.781 x0_norm_max=0.859
        [Trial 11] gen   20  evals=  920  best=1.4939
        [Trial 11] gen   40  evals= 1840  best=1.4874
        [Trial 11] gen   60  evals= 2760  best=1.3791
        [Trial 11] gen   80  evals= 3680  best=1.2626
        [Trial 11] gen  100  evals= 4600  best=1.2360
        [Trial 11] gen  120  evals= 5520  best=1.2265
        [Trial 11] gen  140  evals= 6440  best=1.2265
        [Trial 11] gen  160  evals= 7360  best=1.2215
        [Trial 11] gen  180  evals= 8280  best=1.2110
        [Trial 11] gen  200  evals= 9200  best=1.2064
        [Trial 11] gen  220  evals=10120  best=1.2033
        [Trial 11] gen  240  evals=11040  best=1.1972
        [Trial 11] gen  260  evals=11960  best=1.1972
NOTE (module=cma, iteration=275):  
condition in coordinate system exceeded 1.1e+08, rescaled to 1.0e+00, 
condition changed from 1.8e+09 to 2.4e+08
        [Trial 11] gen  280  evals=12880  best=1.1969
        [Trial 11] gen  300  evals=13800  best=1.1958
        [Trial 11] gen  320  evals=14720  best=1.1956
        [Trial 11] gen  340  evals=15640  best=1.1952
        [Trial 11] gen  360  evals=16560  best=1.1952
        [Trial 11] gen  380  evals=17480  best=1.1951
        [Trial 11] gen  400  evals=18400  best=1.1946
        [Trial 11] gen  420  evals=19320  best=1.1942
        [Trial 11] gen  440  evals=20240  best=1.1942
        [Trial 11] gen  460  evals=21160  best=1.1942
        [Trial 11] gen  480  evals=22080  best=1.1942
        [Trial 11] gen  500  evals=23000  best=1.1942
        [Trial 11] gen  520  evals=23920  best=1.1942
        [Trial 11] gen  540  evals=24840  best=1.1942
        [Done] Trial 11 best=1.1942
    --> Trial 12 | pop=48 seed=76036 x0_norm_min=-0.402 x0_norm_max=0.428
        [Pruned] Trial 12 at gen 15 (loss=1.5803)
    --> Trial 13 | pop=48 seed=68894 x0_norm_min=-0.863 x0_norm_max=0.955
        [Trial 13] gen   20  evals=  960  best=1.4043
        [Trial 13] gen   40  evals= 1920  best=1.4021
        [Pruned] Trial 13 at gen 45 (loss=1.3861)
    --> Trial 14 | pop=54 seed=77667 x0_norm_min=-0.897 x0_norm_max=-0.091
        [Trial 14] gen   20  evals= 1080  best=1.4751
        [Trial 14] gen   40  evals= 2160  best=1.4502
        [Pruned] Trial 14 at gen 45 (loss=1.4502)
    --> Trial 15 | pop=60 seed=35695 x0_norm_min=-0.690 x0_norm_max=0.990
        [Pruned] Trial 15 at gen 15 (loss=1.7090)
    --> Trial 16 | pop=44 seed=59215 x0_norm_min=-0.776 x0_norm_max=0.982
        [Pruned] Trial 16 at gen 15 (loss=1.7499)
    --> Trial 17 | pop=51 seed=84365 x0_norm_min=-0.863 x0_norm_max=0.835
        [Trial 17] gen   20  evals= 1020  best=1.5394
        [Trial 17] gen   40  evals= 2040  best=1.5052
        [Pruned] Trial 17 at gen 45 (loss=1.5052)
    --> Trial 18 | pop=40 seed=59339 x0_norm_min=-0.933 x0_norm_max=0.907
        [Pruned] Trial 18 at gen 15 (loss=1.6007)
    --> Trial 19 | pop=57 seed=4199 x0_norm_min=-0.948 x0_norm_max=0.822
        [Trial 19] gen   20  evals= 1140  best=1.4977
        [Trial 19] gen   40  evals= 2280  best=1.4413
        [Pruned] Trial 19 at gen 45 (loss=1.4413)

  Winner: Trial 11, loss=1.194249 (1314s)
    Restarts run: 20
    mu: 39.993756
    D_mu: 3.388867
    T0_mu: 16.023334
    Ly: 1.700521
    op_x: 0.719874
    op_y: 0.699184
    NMSE: 0.017598
  [Saved] random_IR_0029

============================================================
[30/50] random_IR_0030.npz
  GT loss: 0.853623
    --> Trial 0 | pop=46 seed=36839 x0_norm_min=-0.944 x0_norm_max=0.730
        [Trial 0] gen   20  evals=  920  best=1.6749
        [Trial 0] gen   40  evals= 1840  best=1.6186
        [Trial 0] gen   60  evals= 2760  best=1.5726
        [Trial 0] gen   80  evals= 3680  best=1.5726
        [Trial 0] gen  100  evals= 4600  best=1.5726
        [Trial 0] gen  120  evals= 5520  best=1.5633
        [Trial 0] gen  140  evals= 6440  best=1.5520
        [Trial 0] gen  160  evals= 7360  best=1.5413
        [Trial 0] gen  180  evals= 8280  best=1.5372
        [Trial 0] gen  200  evals= 9200  best=1.5371
        [Trial 0] gen  220  evals=10120  best=1.5323
        [Trial 0] gen  240  evals=11040  best=1.5323
        [Trial 0] gen  260  evals=11960  best=1.5323
        [Trial 0] gen  280  evals=12880  best=1.5318
        [Trial 0] gen  300  evals=13800  best=1.5310
        [Trial 0] gen  320  evals=14720  best=1.5307
        [Trial 0] gen  340  evals=15640  best=1.5303
        [Trial 0] gen  360  evals=16560  best=1.5302
        [Trial 0] gen  380  evals=17480  best=1.5302
        [Trial 0] gen  400  evals=18400  best=1.5298
        [Trial 0] gen  420  evals=19320  best=1.5288
        [Trial 0] gen  440  evals=20240  best=1.5284
        [Trial 0] gen  460  evals=21160  best=1.5284
        [Trial 0] gen  480  evals=22080  best=1.5284
        [Trial 0] gen  500  evals=23000  best=1.5284
        [Trial 0] gen  520  evals=23920  best=1.5284
        [Done] Trial 0 best=1.5284
    --> Trial 1 | pop=56 seed=68753 x0_norm_min=-0.937 x0_norm_max=0.907
        [Trial 1] gen   20  evals= 1120  best=1.5992
        [Trial 1] gen   40  evals= 2240  best=1.5777
        [Trial 1] gen   60  evals= 3360  best=1.4716
        [Trial 1] gen   80  evals= 4480  best=1.4192
        [Trial 1] gen  100  evals= 5600  best=1.4192
        [Trial 1] gen  120  evals= 6720  best=1.4036
        [Trial 1] gen  140  evals= 7840  best=1.3961
        [Trial 1] gen  160  evals= 8960  best=1.3913
        [Trial 1] gen  180  evals=10080  best=1.3909
        [Trial 1] gen  200  evals=11200  best=1.3878
        [Trial 1] gen  220  evals=12320  best=1.3871
        [Trial 1] gen  240  evals=13440  best=1.3849
        [Trial 1] gen  260  evals=14560  best=1.3831
        [Trial 1] gen  280  evals=15680  best=1.3827
        [Trial 1] gen  300  evals=16800  best=1.3827
        [Trial 1] gen  320  evals=17920  best=1.3813
        [Trial 1] gen  340  evals=19040  best=1.3813
        [Trial 1] gen  360  evals=20160  best=1.3812
        [Trial 1] gen  380  evals=21280  best=1.3799
        [Trial 1] gen  400  evals=22400  best=1.3799
        [Trial 1] gen  420  evals=23520  best=1.3799
        [Trial 1] gen  440  evals=24640  best=1.3799
        [TRIAL TIMEOUT] Trial 1 total >600s, stopping
        [Done] Trial 1 best=1.3791
    --> Trial 2 | pop=58 seed=5671 x0_norm_min=-0.344 x0_norm_max=0.824
        [Pruned] Trial 2 at gen 15 (loss=1.7065)
    --> Trial 3 | pop=43 seed=1246 x0_norm_min=-0.797 x0_norm_max=0.622
        [Pruned] Trial 3 at gen 15 (loss=1.6462)
    --> Trial 4 | pop=52 seed=79529 x0_norm_min=-0.947 x0_norm_max=0.785
        [Pruned] Trial 4 at gen 15 (loss=1.7607)
    --> Trial 5 | pop=53 seed=60145 x0_norm_min=-0.748 x0_norm_max=0.981
        [Trial 5] gen   20  evals= 1060  best=1.5578
        [Trial 5] gen   40  evals= 2120  best=1.5578
        [Pruned] Trial 5 at gen 45 (loss=1.5578)
    --> Trial 6 | pop=36 seed=97546 x0_norm_min=-0.929 x0_norm_max=0.732
        [Pruned] Trial 6 at gen 15 (loss=1.7287)
    --> Trial 7 | pop=56 seed=3119 x0_norm_min=-0.779 x0_norm_max=0.922
        [Pruned] Trial 7 at gen 15 (loss=1.7444)
    --> Trial 8 | pop=38 seed=56126 x0_norm_min=-0.814 x0_norm_max=0.843
        [Trial 8] gen   20  evals=  760  best=1.6052
        [Trial 8] gen   40  evals= 1520  best=1.4760
        [Trial 8] gen   60  evals= 2280  best=1.3649
        [Trial 8] gen   80  evals= 3040  best=1.3649
        [Trial 8] gen  100  evals= 3800  best=1.3174
        [Trial 8] gen  120  evals= 4560  best=1.3088
        [Trial 8] gen  140  evals= 5320  best=1.2957
        [Trial 8] gen  160  evals= 6080  best=1.2875
        [Trial 8] gen  180  evals= 6840  best=1.2841
        [Trial 8] gen  200  evals= 7600  best=1.2790
        [Trial 8] gen  220  evals= 8360  best=1.2774
        [Trial 8] gen  240  evals= 9120  best=1.2741
        [Trial 8] gen  260  evals= 9880  best=1.2725
        [Trial 8] gen  280  evals=10640  best=1.2725
        [Trial 8] gen  300  evals=11400  best=1.2725
        [Trial 8] gen  320  evals=12160  best=1.2725
        [Trial 8] gen  340  evals=12920  best=1.2718
        [Trial 8] gen  360  evals=13680  best=1.2704
        [Trial 8] gen  380  evals=14440  best=1.2704
        [Trial 8] gen  400  evals=15200  best=1.2689
        [Trial 8] gen  420  evals=15960  best=1.2670
        [TRIAL TIMEOUT] Trial 8 total >600s, stopping
        [Done] Trial 8 best=1.2670
    --> Trial 9 | pop=42 seed=74898 x0_norm_min=-0.955 x0_norm_max=0.770
        [Pruned] Trial 9 at gen 15 (loss=1.6694)
    --> Trial 10 | pop=30 seed=37782 x0_norm_min=-0.841 x0_norm_max=0.672
        [Pruned] Trial 10 at gen 15 (loss=1.7358)
    --> Trial 11 | pop=30 seed=51426 x0_norm_min=-0.781 x0_norm_max=0.859
        [Pruned] Trial 11 at gen 15 (loss=1.6860)
    --> Trial 12 | pop=47 seed=63136 x0_norm_min=-0.402 x0_norm_max=0.428
        [Trial 12] gen   20  evals=  940  best=1.4858
        [Trial 12] gen   40  evals= 1880  best=1.4858
        [Trial 12] gen   60  evals= 2820  best=1.3927
        [Trial 12] gen   80  evals= 3760  best=1.3166
        [Trial 12] gen  100  evals= 4700  best=1.3098
        [Trial 12] gen  120  evals= 5640  best=1.3003
        [Trial 12] gen  140  evals= 6580  best=1.2912
        [Trial 12] gen  160  evals= 7520  best=1.2873
        [Trial 12] gen  180  evals= 8460  best=1.2809
        [Trial 12] gen  200  evals= 9400  best=1.2724
        [Trial 12] gen  220  evals=10340  best=1.2719
        [Trial 12] gen  240  evals=11280  best=1.2714
        [Trial 12] gen  260  evals=12220  best=1.2706
        [Trial 12] gen  280  evals=13160  best=1.2706
NOTE (module=cma, iteration=294):  
condition in coordinate system exceeded 1.0e+08, rescaled to 1.0e+00, 
condition changed from 1.2e+09 to 1.2e+08
        [Trial 12] gen  300  evals=14100  best=1.2685
        [Trial 12] gen  320  evals=15040  best=1.2677
        [Trial 12] gen  340  evals=15980  best=1.2670
        [Trial 12] gen  360  evals=16920  best=1.2668
        [Trial 12] gen  380  evals=17860  best=1.2665
        [Trial 12] gen  400  evals=18800  best=1.2664
        [Trial 12] gen  420  evals=19740  best=1.2664
        [Trial 12] gen  440  evals=20680  best=1.2664
        [Trial 12] gen  460  evals=21620  best=1.2664
        [Trial 12] gen  480  evals=22560  best=1.2664
        [Trial 12] gen  500  evals=23500  best=1.2664
        [Trial 12] gen  520  evals=24440  best=1.2664
        [Trial 12] gen  540  evals=25380  best=1.2664
        [Trial 12] gen  560  evals=26320  best=1.2664
        [Done] Trial 12 best=1.2664
    --> Trial 13 | pop=37 seed=43398 x0_norm_min=-0.863 x0_norm_max=0.955
        [Pruned] Trial 13 at gen 15 (loss=1.8007)
    --> Trial 14 | pop=48 seed=23293 x0_norm_min=-0.897 x0_norm_max=-0.091
        [Pruned] Trial 14 at gen 15 (loss=1.7228)
    --> Trial 15 | pop=38 seed=94379 x0_norm_min=-0.690 x0_norm_max=0.990
        [Pruned] Trial 15 at gen 15 (loss=1.6725)
    --> Trial 16 | pop=49 seed=58970 x0_norm_min=-0.776 x0_norm_max=0.982
        [Pruned] Trial 16 at gen 15 (loss=1.7300)
    --> Trial 17 | pop=41 seed=83390 x0_norm_min=-0.863 x0_norm_max=0.835
        [Pruned] Trial 17 at gen 15 (loss=1.6832)
    --> Trial 18 | pop=34 seed=64305 x0_norm_min=-0.933 x0_norm_max=0.907
        [Trial 18] gen   20  evals=  680  best=1.6177
        [Trial 18] gen   40  evals= 1360  best=1.4466
        [Trial 18] gen   60  evals= 2040  best=1.3990
        [Trial 18] gen   80  evals= 2720  best=1.3198
        [Trial 18] gen  100  evals= 3400  best=1.3183
        [Trial 18] gen  120  evals= 4080  best=1.2981
        [Trial 18] gen  140  evals= 4760  best=1.2885
        [Trial 18] gen  160  evals= 5440  best=1.2830
        [Trial 18] gen  180  evals= 6120  best=1.2829
        [Trial 18] gen  200  evals= 6800  best=1.2810
        [Trial 18] gen  220  evals= 7480  best=1.2810
        [Trial 18] gen  240  evals= 8160  best=1.2810
        [Trial 18] gen  260  evals= 8840  best=1.2810
        [Trial 18] gen  280  evals= 9520  best=1.2802
        [Trial 18] gen  300  evals=10200  best=1.2802
        [Trial 18] gen  320  evals=10880  best=1.2802
        [Trial 18] gen  340  evals=11560  best=1.2778
        [Trial 18] gen  360  evals=12240  best=1.2778
        [Trial 18] gen  380  evals=12920  best=1.2778
        [Trial 18] gen  400  evals=13600  best=1.2755
        [Pruned] Trial 18 at gen 405 (loss=1.2755)
    --> Trial 19 | pop=45 seed=24658 x0_norm_min=-0.948 x0_norm_max=0.822
        [Trial 19] gen   20  evals=  900  best=1.5525
        [Trial 19] gen   40  evals= 1800  best=1.4279
        [Trial 19] gen   60  evals= 2700  best=1.2596
        [Trial 19] gen   80  evals= 3600  best=1.1003
        [Trial 19] gen  100  evals= 4500  best=0.9361
        [Trial 19] gen  120  evals= 5400  best=0.8604
        [Trial 19] gen  140  evals= 6300  best=0.8407
        [Trial 19] gen  160  evals= 7200  best=0.8312
NOTE (module=cma, iteration=173):  
condition in coordinate system exceeded 1.2e+08, rescaled to 1.0e+00, 
condition changed from 3.6e+08 to 7.2e+07
        [Trial 19] gen  180  evals= 8100  best=0.8312
        [Trial 19] gen  200  evals= 9000  best=0.8311
        [Trial 19] gen  220  evals= 9900  best=0.8299
        [Trial 19] gen  240  evals=10800  best=0.8299
        [Trial 19] gen  260  evals=11700  best=0.8283
        [Trial 19] gen  280  evals=12600  best=0.8280
        [Trial 19] gen  300  evals=13500  best=0.8268
        [Trial 19] gen  320  evals=14400  best=0.8268
        [Trial 19] gen  340  evals=15300  best=0.8268
        [Trial 19] gen  360  evals=16200  best=0.8268
        [Trial 19] gen  380  evals=17100  best=0.8266
        [Trial 19] gen  400  evals=18000  best=0.8266
        [Trial 19] gen  420  evals=18900  best=0.8266
        [Trial 19] gen  440  evals=19800  best=0.8266
        [Trial 19] gen  460  evals=20700  best=0.8266
        [Trial 19] gen  480  evals=21600  best=0.8266
        [Trial 19] gen  500  evals=22500  best=0.8266
        [Trial 19] gen  520  evals=23400  best=0.8266
        [Trial 19] gen  540  evals=24300  best=0.8266
        [Trial 19] gen  560  evals=25200  best=0.8266
        [Done] Trial 19 best=0.8266

  Winner: Trial 19, loss=0.826641 (3279s)
    Restarts run: 20
    mu: 16.722546
    D_mu: 0.962750
    T0_mu: 3.974494
    Ly: 1.620797
    op_x: 0.772912
    op_y: 0.949357
    NMSE: 0.000000
  [Saved] random_IR_0030

============================================================
[31/50] random_IR_0031.npz
  GT loss: 0.864834
    --> Trial 0 | pop=34 seed=90938 x0_norm_min=-0.944 x0_norm_max=0.730
        [Trial 0] gen   20  evals=  680  best=1.5041
        [Trial 0] gen   40  evals= 1360  best=1.5041
        [Trial 0] gen   60  evals= 2040  best=1.4179
        [Trial 0] gen   80  evals= 2720  best=1.4179
        [Trial 0] gen  100  evals= 3400  best=1.3954
        [Trial 0] gen  120  evals= 4080  best=1.3626
        [Trial 0] gen  140  evals= 4760  best=1.3626
        [Trial 0] gen  160  evals= 5440  best=1.3553
        [Trial 0] gen  180  evals= 6120  best=1.3485
        [Trial 0] gen  200  evals= 6800  best=1.3451
        [Trial 0] gen  220  evals= 7480  best=1.3449
        [Trial 0] gen  240  evals= 8160  best=1.3434
        [Trial 0] gen  260  evals= 8840  best=1.3431
        [Trial 0] gen  280  evals= 9520  best=1.3420
        [Trial 0] gen  300  evals=10200  best=1.3420
        [Trial 0] gen  320  evals=10880  best=1.3409
        [Trial 0] gen  340  evals=11560  best=1.3408
        [Trial 0] gen  360  evals=12240  best=1.3404
        [Trial 0] gen  380  evals=12920  best=1.3387
        [Trial 0] gen  400  evals=13600  best=1.3386
        [Trial 0] gen  420  evals=14280  best=1.3364
        [Trial 0] gen  440  evals=14960  best=1.3364
        [Trial 0] gen  460  evals=15640  best=1.3364
        [Trial 0] gen  480  evals=16320  best=1.3364
        [Trial 0] gen  500  evals=17000  best=1.3364
        [Trial 0] gen  520  evals=17680  best=1.3358
NOTE (module=cma, iteration=520):  
condition in coordinate system exceeded 1.0e+08, rescaled to 1.0e+00, 
condition changed from 4.2e+09 to 9.5e+07
        [Trial 0] gen  540  evals=18360  best=1.3358
        [Trial 0] gen  560  evals=19040  best=1.3358
        [Trial 0] gen  580  evals=19720  best=1.3358
        [Trial 0] gen  600  evals=20400  best=1.3356
        [Trial 0] gen  620  evals=21080  best=1.3356
        [Trial 0] gen  640  evals=21760  best=1.3356
        [Trial 0] gen  660  evals=22440  best=1.3356
        [Trial 0] gen  680  evals=23120  best=1.3356
        [Done] Trial 0 best=1.3356
    --> Trial 1 | pop=44 seed=90030 x0_norm_min=-0.937 x0_norm_max=0.907
        [Pruned] Trial 1 at gen 15 (loss=1.7350)
    --> Trial 2 | pop=36 seed=97677 x0_norm_min=-0.344 x0_norm_max=0.824
        [Pruned] Trial 2 at gen 15 (loss=1.8190)
    --> Trial 3 | pop=40 seed=90852 x0_norm_min=-0.797 x0_norm_max=0.622
        [Pruned] Trial 3 at gen 15 (loss=1.5552)
    --> Trial 4 | pop=46 seed=2504 x0_norm_min=-0.947 x0_norm_max=0.785
        [Pruned] Trial 4 at gen 15 (loss=1.5735)
    --> Trial 5 | pop=38 seed=16056 x0_norm_min=-0.748 x0_norm_max=0.981
        [Pruned] Trial 5 at gen 15 (loss=1.6957)
    --> Trial 6 | pop=51 seed=24242 x0_norm_min=-0.929 x0_norm_max=0.732
        [Pruned] Trial 6 at gen 15 (loss=1.7712)
    --> Trial 7 | pop=51 seed=84598 x0_norm_min=-0.779 x0_norm_max=0.922
        [Pruned] Trial 7 at gen 15 (loss=1.7330)
    --> Trial 8 | pop=57 seed=92344 x0_norm_min=-0.814 x0_norm_max=0.843
        [Pruned] Trial 8 at gen 15 (loss=1.6822)
    --> Trial 9 | pop=52 seed=17293 x0_norm_min=-0.955 x0_norm_max=0.770
        [Pruned] Trial 9 at gen 15 (loss=1.6445)
    --> Trial 10 | pop=32 seed=57742 x0_norm_min=-0.841 x0_norm_max=0.672
        [Pruned] Trial 10 at gen 15 (loss=1.7515)
    --> Trial 11 | pop=39 seed=70225 x0_norm_min=-0.781 x0_norm_max=0.859
        [Pruned] Trial 11 at gen 15 (loss=1.7374)
    --> Trial 12 | pop=32 seed=71403 x0_norm_min=-0.402 x0_norm_max=0.428
        [Pruned] Trial 12 at gen 15 (loss=1.6899)
    --> Trial 13 | pop=42 seed=59198 x0_norm_min=-0.863 x0_norm_max=0.955
        [Pruned] Trial 13 at gen 15 (loss=1.6690)
    --> Trial 14 | pop=34 seed=77613 x0_norm_min=-0.897 x0_norm_max=-0.091
        [Trial 14] gen   20  evals=  680  best=1.5660
        [Trial 14] gen   40  evals= 1360  best=1.5660
        [Pruned] Trial 14 at gen 45 (loss=1.5660)
    --> Trial 15 | pop=34 seed=47432 x0_norm_min=-0.690 x0_norm_max=0.990
        [Pruned] Trial 15 at gen 15 (loss=1.8017)
    --> Trial 16 | pop=30 seed=75083 x0_norm_min=-0.776 x0_norm_max=0.982
        [Pruned] Trial 16 at gen 15 (loss=1.6758)
    --> Trial 17 | pop=35 seed=41750 x0_norm_min=-0.863 x0_norm_max=0.835
        [Trial 17] gen   20  evals=  700  best=1.5362
        [Trial 17] gen   40  evals= 1400  best=1.5362
        [Pruned] Trial 17 at gen 45 (loss=1.5362)
    --> Trial 18 | pop=36 seed=36319 x0_norm_min=-0.933 x0_norm_max=0.907
        [Pruned] Trial 18 at gen 15 (loss=1.7252)
    --> Trial 19 | pop=30 seed=44034 x0_norm_min=-0.948 x0_norm_max=0.822
        [Pruned] Trial 19 at gen 15 (loss=1.6721)

  Winner: Trial 0, loss=1.335640 (714s)
    Restarts run: 20
    mu: 22.027216
    D_mu: 3.294950
    T0_mu: 45.144163
    Ly: 2.903975
    op_x: 0.704186
    op_y: 0.714030
    NMSE: 0.047065
  [Saved] random_IR_0031

============================================================
[32/50] random_IR_0032.npz
  GT loss: 0.856813
    --> Trial 0 | pop=46 seed=82348 x0_norm_min=-0.944 x0_norm_max=0.730
        [Trial 0] gen   20  evals=  920  best=1.6224
        [Trial 0] gen   40  evals= 1840  best=1.6224
        [Trial 0] gen   60  evals= 2760  best=1.5634
        [Trial 0] gen   80  evals= 3680  best=1.5355
        [Trial 0] gen  100  evals= 4600  best=1.5355
        [Trial 0] gen  120  evals= 5520  best=1.5294
        [Trial 0] gen  140  evals= 6440  best=1.5132
        [Trial 0] gen  160  evals= 7360  best=1.5056
        [Trial 0] gen  180  evals= 8280  best=1.4968
        [Trial 0] gen  200  evals= 9200  best=1.4911
        [Trial 0] gen  220  evals=10120  best=1.4839
        [Trial 0] gen  240  evals=11040  best=1.4820
        [Trial 0] gen  260  evals=11960  best=1.4804
        [Trial 0] gen  280  evals=12880  best=1.4799
        [Trial 0] gen  300  evals=13800  best=1.4794
        [Trial 0] gen  320  evals=14720  best=1.4792
        [Trial 0] gen  340  evals=15640  best=1.4787
        [Trial 0] gen  360  evals=16560  best=1.4765
        [Trial 0] gen  380  evals=17480  best=1.4762
        [Trial 0] gen  400  evals=18400  best=1.4760
        [Trial 0] gen  420  evals=19320  best=1.4760
        [Trial 0] gen  440  evals=20240  best=1.4756
        [Trial 0] gen  460  evals=21160  best=1.4756
        [TRIAL TIMEOUT] Trial 0 total >600s, stopping
        [Done] Trial 0 best=1.4756
    --> Trial 1 | pop=59 seed=12799 x0_norm_min=-0.937 x0_norm_max=0.907
        [Trial 1] gen   20  evals= 1180  best=1.6083
        [Trial 1] gen   40  evals= 2360  best=1.5206
        [Trial 1] gen   60  evals= 3540  best=1.4815
        [Trial 1] gen   80  evals= 4720  best=1.4589
        [Trial 1] gen  100  evals= 5900  best=1.4396
        [Trial 1] gen  120  evals= 7080  best=1.4147
        [Trial 1] gen  140  evals= 8260  best=1.4147
        [Trial 1] gen  160  evals= 9440  best=1.4091
        [Trial 1] gen  180  evals=10620  best=1.4050
        [Trial 1] gen  200  evals=11800  best=1.4035
        [Trial 1] gen  220  evals=12980  best=1.4001
        [Trial 1] gen  240  evals=14160  best=1.4001
        [Trial 1] gen  260  evals=15340  best=1.3994
        [Trial 1] gen  280  evals=16520  best=1.3994
        [Trial 1] gen  300  evals=17700  best=1.3991
        [Trial 1] gen  320  evals=18880  best=1.3984
        [Trial 1] gen  340  evals=20060  best=1.3980
        [Trial 1] gen  360  evals=21240  best=1.3980
        [Trial 1] gen  380  evals=22420  best=1.3980
        [Trial 1] gen  400  evals=23600  best=1.3980
        [Trial 1] gen  420  evals=24780  best=1.3980
        [Trial 1] gen  440  evals=25960  best=1.3973
        [Trial 1] gen  460  evals=27140  best=1.3972
        [Trial 1] gen  480  evals=28320  best=1.3972
        [Done] Trial 1 best=1.3972
    --> Trial 2 | pop=41 seed=33796 x0_norm_min=-0.344 x0_norm_max=0.824
        [Trial 2] gen   20  evals=  820  best=1.5097
        [Trial 2] gen   40  evals= 1640  best=1.3880
        [Trial 2] gen   60  evals= 2460  best=1.2378
        [Trial 2] gen   80  evals= 3280  best=1.1653
        [Trial 2] gen  100  evals= 4100  best=1.1653
        [Trial 2] gen  120  evals= 4920  best=1.1489
        [Trial 2] gen  140  evals= 5740  best=1.1357
        [Trial 2] gen  160  evals= 6560  best=1.1286
        [Trial 2] gen  180  evals= 7380  best=1.1284
        [Trial 2] gen  200  evals= 8200  best=1.1258
        [Trial 2] gen  220  evals= 9020  best=1.1258
        [Trial 2] gen  240  evals= 9840  best=1.1250
        [Trial 2] gen  260  evals=10660  best=1.1238
        [Trial 2] gen  280  evals=11480  best=1.1235
        [Trial 2] gen  300  evals=12300  best=1.1232
        [Trial 2] gen  320  evals=13120  best=1.1228
        [Trial 2] gen  340  evals=13940  best=1.1225
        [Trial 2] gen  360  evals=14760  best=1.1225
        [Trial 2] gen  380  evals=15580  best=1.1215
        [Trial 2] gen  400  evals=16400  best=1.1215
        [Trial 2] gen  420  evals=17220  best=1.1215
        [Trial 2] gen  440  evals=18040  best=1.1215
        [Trial 2] gen  460  evals=18860  best=1.1215
        [Trial 2] gen  480  evals=19680  best=1.1215
        [Done] Trial 2 best=1.1215
    --> Trial 3 | pop=59 seed=97962 x0_norm_min=-0.797 x0_norm_max=0.622
        [Pruned] Trial 3 at gen 15 (loss=1.6446)
    --> Trial 4 | pop=59 seed=7779 x0_norm_min=-0.947 x0_norm_max=0.785
        [Pruned] Trial 4 at gen 15 (loss=1.6078)
    --> Trial 5 | pop=50 seed=23975 x0_norm_min=-0.748 x0_norm_max=0.981
        [Pruned] Trial 5 at gen 15 (loss=1.6172)
    --> Trial 6 | pop=31 seed=93500 x0_norm_min=-0.929 x0_norm_max=0.732
        [Pruned] Trial 6 at gen 15 (loss=1.7007)
    --> Trial 7 | pop=45 seed=70704 x0_norm_min=-0.779 x0_norm_max=0.922
        [Pruned] Trial 7 at gen 15 (loss=1.6242)
    --> Trial 8 | pop=44 seed=89162 x0_norm_min=-0.814 x0_norm_max=0.843
        [Pruned] Trial 8 at gen 15 (loss=1.6697)
    --> Trial 9 | pop=37 seed=61914 x0_norm_min=-0.955 x0_norm_max=0.770
        [Pruned] Trial 9 at gen 15 (loss=1.6721)
    --> Trial 10 | pop=32 seed=45474 x0_norm_min=-0.841 x0_norm_max=0.672
        [Trial 10] gen   20  evals=  640  best=1.5891
        [Trial 10] gen   40  evals= 1280  best=1.5884
        [Pruned] Trial 10 at gen 45 (loss=1.5884)
    --> Trial 11 | pop=53 seed=31204 x0_norm_min=-0.781 x0_norm_max=0.859
        [Trial 11] gen   20  evals= 1060  best=1.5221
        [Trial 11] gen   40  evals= 2120  best=1.5221
        [Pruned] Trial 11 at gen 45 (loss=1.5221)
    --> Trial 12 | pop=38 seed=10276 x0_norm_min=-0.402 x0_norm_max=0.428
        [Trial 12] gen   20  evals=  760  best=1.5922
        [Trial 12] gen   40  evals= 1520  best=1.3224
        [Trial 12] gen   60  evals= 2280  best=1.3224
        [Trial 12] gen   80  evals= 3040  best=1.3208
        [Trial 12] gen  100  evals= 3800  best=1.2999
        [Trial 12] gen  120  evals= 4560  best=1.2845
        [Pruned] Trial 12 at gen 135 (loss=1.2845)
    --> Trial 13 | pop=54 seed=37044 x0_norm_min=-0.863 x0_norm_max=0.955
        [Trial 13] gen   20  evals= 1080  best=1.4845
        [Trial 13] gen   40  evals= 2160  best=1.4591
        [Pruned] Trial 13 at gen 45 (loss=1.4155)
    --> Trial 14 | pop=39 seed=19639 x0_norm_min=-0.897 x0_norm_max=-0.091
        [Pruned] Trial 14 at gen 15 (loss=1.6136)
    --> Trial 15 | pop=49 seed=48947 x0_norm_min=-0.690 x0_norm_max=0.990
        [Pruned] Trial 15 at gen 15 (loss=1.7024)
    --> Trial 16 | pop=42 seed=1907 x0_norm_min=-0.776 x0_norm_max=0.982
        [Pruned] Trial 16 at gen 15 (loss=1.6585)
    --> Trial 17 | pop=55 seed=19392 x0_norm_min=-0.863 x0_norm_max=0.835
        [Pruned] Trial 17 at gen 15 (loss=1.6632)
    --> Trial 18 | pop=35 seed=54948 x0_norm_min=-0.933 x0_norm_max=0.907
        [Pruned] Trial 18 at gen 15 (loss=1.6716)
    --> Trial 19 | pop=49 seed=40265 x0_norm_min=-0.948 x0_norm_max=0.822
        [Pruned] Trial 19 at gen 15 (loss=1.7011)

  Winner: Trial 2, loss=1.121550 (1176s)
    Restarts run: 20
    mu: 53.608641
    D_mu: 14.102559
    T0_mu: 15.247732
    Ly: 2.215472
    op_x: 0.720710
    op_y: 0.881266
    NMSE: 0.004880
  [Saved] random_IR_0032

============================================================
[33/50] random_IR_0033.npz
  GT loss: 0.908181
    --> Trial 0 | pop=58 seed=48628 x0_norm_min=-0.944 x0_norm_max=0.730
        [Trial 0] gen   20  evals= 1160  best=1.5104
        [Trial 0] gen   40  evals= 2320  best=1.4255
        [Trial 0] gen   60  evals= 3480  best=1.3671
        [Trial 0] gen   80  evals= 4640  best=1.3369
        [Trial 0] gen  100  evals= 5800  best=1.2986
        [Trial 0] gen  120  evals= 6960  best=1.2986
        [Trial 0] gen  140  evals= 8120  best=1.2416
        [Trial 0] gen  160  evals= 9280  best=1.2361
        [Trial 0] gen  180  evals=10440  best=1.2361
NOTE (module=cma, iteration=187):  
condition in coordinate system exceeded 1.1e+08, rescaled to 1.0e+00, 
condition changed from 4.1e+08 to 1.8e+07
        [Trial 0] gen  200  evals=11600  best=1.2361
        [Trial 0] gen  220  evals=12760  best=1.2361
        [Trial 0] gen  240  evals=13920  best=1.2361
        [Trial 0] gen  260  evals=15080  best=1.2361
        [Trial 0] gen  280  evals=16240  best=1.2361
        [Trial 0] gen  300  evals=17400  best=1.2358
        [Trial 0] gen  320  evals=18560  best=1.2358
        [Trial 0] gen  340  evals=19720  best=1.2355
        [Trial 0] gen  360  evals=20880  best=1.2355
        [Trial 0] gen  380  evals=22040  best=1.2354
        [Trial 0] gen  400  evals=23200  best=1.2353
        [Trial 0] gen  420  evals=24360  best=1.2353
        [Trial 0] gen  440  evals=25520  best=1.2347
        [Trial 0] gen  460  evals=26680  best=1.2346
        [Trial 0] gen  480  evals=27840  best=1.2346
        [Trial 0] gen  500  evals=29000  best=1.2346
        [Done] Trial 0 best=1.2346
    --> Trial 1 | pop=32 seed=44059 x0_norm_min=-0.937 x0_norm_max=0.907
        [Pruned] Trial 1 at gen 15 (loss=1.5614)
    --> Trial 2 | pop=46 seed=35690 x0_norm_min=-0.344 x0_norm_max=0.824
        [Pruned] Trial 2 at gen 15 (loss=1.5105)
    --> Trial 3 | pop=35 seed=30841 x0_norm_min=-0.797 x0_norm_max=0.622
        [Pruned] Trial 3 at gen 15 (loss=1.5313)
    --> Trial 4 | pop=47 seed=37690 x0_norm_min=-0.947 x0_norm_max=0.785
        [Trial 4] gen   20  evals=  940  best=1.5008
        [Trial 4] gen   40  evals= 1880  best=1.4580
        [Pruned] Trial 4 at gen 45 (loss=1.4580)
    --> Trial 5 | pop=59 seed=64226 x0_norm_min=-0.748 x0_norm_max=0.981
        [Pruned] Trial 5 at gen 15 (loss=1.5937)
    --> Trial 6 | pop=59 seed=74637 x0_norm_min=-0.929 x0_norm_max=0.732
        [Pruned] Trial 6 at gen 15 (loss=1.5206)
    --> Trial 7 | pop=30 seed=81701 x0_norm_min=-0.779 x0_norm_max=0.922
        [Pruned] Trial 7 at gen 15 (loss=1.5520)
    --> Trial 8 | pop=49 seed=67923 x0_norm_min=-0.814 x0_norm_max=0.843
        [Pruned] Trial 8 at gen 15 (loss=1.6485)
    --> Trial 9 | pop=34 seed=14006 x0_norm_min=-0.955 x0_norm_max=0.770
        [Trial 9] gen   20  evals=  680  best=1.5053
        [Trial 9] gen   40  evals= 1360  best=1.5053
        [Pruned] Trial 9 at gen 45 (loss=1.5053)
    --> Trial 10 | pop=40 seed=551 x0_norm_min=-0.841 x0_norm_max=0.672
        [Trial 10] gen   20  evals=  800  best=1.4160
        [Trial 10] gen   40  evals= 1600  best=1.4160
        [Pruned] Trial 10 at gen 45 (loss=1.4160)
    --> Trial 11 | pop=41 seed=1257 x0_norm_min=-0.781 x0_norm_max=0.859
        [Pruned] Trial 11 at gen 15 (loss=1.5574)
    --> Trial 12 | pop=53 seed=99166 x0_norm_min=-0.402 x0_norm_max=0.428
        [Pruned] Trial 12 at gen 15 (loss=1.5787)
    --> Trial 13 | pop=40 seed=14939 x0_norm_min=-0.863 x0_norm_max=0.955
        [Pruned] Trial 13 at gen 15 (loss=1.7928)/home/bhpark3/dafxenv/lib/python3.12/site-packages/cma/utilities/utils.py:369: UserWarning: 
        geno-pheno transformation introduced based on the
        current covariance matrix with condition 1.0e+12 -> 1.0e+00,
        injected solutions become "invalid" in this iteration (time=Jul  6 11:19:57 2026 class=CMAEvolutionStrategy method=alleviate_conditioning iteration=512)
  warnings.warn(msg + ' (time={}'.format(time.asctime()[4:]) +

    --> Trial 14 | pop=53 seed=52959 x0_norm_min=-0.897 x0_norm_max=-0.091
        [Trial 14] gen   20  evals= 1060  best=1.4598
        [Trial 14] gen   40  evals= 2120  best=1.4598
        [Pruned] Trial 14 at gen 45 (loss=1.4505)
    --> Trial 15 | pop=41 seed=19621 x0_norm_min=-0.690 x0_norm_max=0.990
        [Trial 15] gen   20  evals=  820  best=1.4984
        [Trial 15] gen   40  evals= 1640  best=1.4571
        [Pruned] Trial 15 at gen 45 (loss=1.4571)
    --> Trial 16 | pop=54 seed=3602 x0_norm_min=-0.776 x0_norm_max=0.982
        [Pruned] Trial 16 at gen 15 (loss=1.5716)
    --> Trial 17 | pop=38 seed=96094 x0_norm_min=-0.863 x0_norm_max=0.835
        [Pruned] Trial 17 at gen 15 (loss=1.6196)
    --> Trial 18 | pop=44 seed=48885 x0_norm_min=-0.933 x0_norm_max=0.907
        [Pruned] Trial 18 at gen 15 (loss=1.6073)
    --> Trial 19 | pop=56 seed=27102 x0_norm_min=-0.948 x0_norm_max=0.822
        [Pruned] Trial 19 at gen 15 (loss=1.5595)

  Winner: Trial 0, loss=1.234584 (188s)
    Restarts run: 20
    mu: 26.766559
    D_mu: 61.699790
    T0_mu: 17.711064
    Ly: 1.502993
    op_x: 0.593971
    op_y: 0.511234
    NMSE: 0.063519
  [Saved] random_IR_0033

============================================================
[34/50] random_IR_0034.npz
  GT loss: 0.722205
    --> Trial 0 | pop=55 seed=39095 x0_norm_min=-0.944 x0_norm_max=0.730
        [Trial 0] gen   20  evals= 1100  best=1.5120
        [Trial 0] gen   40  evals= 2200  best=1.4512
        [Trial 0] gen   60  evals= 3300  best=1.3678
        [Trial 0] gen   80  evals= 4400  best=1.3243
        [Trial 0] gen  100  evals= 5500  best=1.3113
        [Trial 0] gen  120  evals= 6600  best=1.3013
        [Trial 0] gen  140  evals= 7700  best=1.2988
        [Trial 0] gen  160  evals= 8800  best=1.2927
        [Trial 0] gen  180  evals= 9900  best=1.2927
        [Trial 0] gen  200  evals=11000  best=1.2927
        [Trial 0] gen  220  evals=12100  best=1.2927
        [Trial 0] gen  240  evals=13200  best=1.2919
        [Trial 0] gen  260  evals=14300  best=1.2915
        [Trial 0] gen  280  evals=15400  best=1.2893
        [Trial 0] gen  300  evals=16500  best=1.2893
        [Trial 0] gen  320  evals=17600  best=1.2893
        [Trial 0] gen  340  evals=18700  best=1.2889
        [Trial 0] gen  360  evals=19800  best=1.2887
        [Trial 0] gen  380  evals=20900  best=1.2883
        [Trial 0] gen  400  evals=22000  best=1.2879
        [Trial 0] gen  420  evals=23100  best=1.2875
        [Trial 0] gen  440  evals=24200  best=1.2875
        [Trial 0] gen  460  evals=25300  best=1.2875
        [Trial 0] gen  480  evals=26400  best=1.2875
        [Trial 0] gen  500  evals=27500  best=1.2874
        [Trial 0] gen  520  evals=28600  best=1.2872
NOTE (module=cma, iteration=524):  
condition in coordinate system exceeded 1.2e+08, rescaled to 1.0e+00, 
condition changed from 2.0e+11 to 2.1e+10
        [Trial 0] gen  540  evals=29700  best=1.2868
        [Done] Trial 0 best=1.2868
    --> Trial 1 | pop=50 seed=82475 x0_norm_min=-0.937 x0_norm_max=0.907
        [Trial 1] gen   20  evals= 1000  best=1.3422
        [Trial 1] gen   40  evals= 2000  best=1.3422
        [Trial 1] gen   60  evals= 3000  best=1.2994
        [Trial 1] gen   80  evals= 4000  best=1.2599
        [Trial 1] gen  100  evals= 5000  best=1.2559
        [Trial 1] gen  120  evals= 6000  best=1.2070
        [Trial 1] gen  140  evals= 7000  best=1.1919
        [Trial 1] gen  160  evals= 8000  best=1.1284
        [Trial 1] gen  180  evals= 9000  best=1.1062
        [Trial 1] gen  200  evals=10000  best=1.1062
NOTE (module=cma, iteration=200):  
condition in coordinate system exceeded 1.1e+08, rescaled to 1.0e+00, 
condition changed from 7.5e+08 to 8.4e+07
        [Trial 1] gen  220  evals=11000  best=1.1026
        [Trial 1] gen  240  evals=12000  best=1.1008
        [Trial 1] gen  260  evals=13000  best=1.1008
        [Trial 1] gen  280  evals=14000  best=1.1007
        [Trial 1] gen  300  evals=15000  best=1.1007
        [Trial 1] gen  320  evals=16000  best=1.1007
        [Trial 1] gen  340  evals=17000  best=1.0990
        [Trial 1] gen  360  evals=18000  best=1.0990
        [Trial 1] gen  380  evals=19000  best=1.0990
        [Trial 1] gen  400  evals=20000  best=1.0990
        [Trial 1] gen  420  evals=21000  best=1.0990
        [Trial 1] gen  440  evals=22000  best=1.0990
        [Trial 1] gen  460  evals=23000  best=1.0990
        [Trial 1] gen  480  evals=24000  best=1.0990
        [Trial 1] gen  500  evals=25000  best=1.0990
        [Trial 1] gen  520  evals=26000  best=1.0990
        [Trial 1] gen  540  evals=27000  best=1.0990
        [Trial 1] gen  560  evals=28000  best=1.0990
        [Done] Trial 1 best=1.0990
    --> Trial 2 | pop=30 seed=36176 x0_norm_min=-0.344 x0_norm_max=0.824
        [Pruned] Trial 2 at gen 15 (loss=1.4804)
    --> Trial 3 | pop=48 seed=84848 x0_norm_min=-0.797 x0_norm_max=0.622
        [Pruned] Trial 3 at gen 15 (loss=1.4728)
    --> Trial 4 | pop=46 seed=71895 x0_norm_min=-0.947 x0_norm_max=0.785
        [Trial 4] gen   20  evals=  920  best=1.3230
        [Trial 4] gen   40  evals= 1840  best=1.3135
        [Trial 4] gen   60  evals= 2760  best=1.2796
        [Trial 4] gen   80  evals= 3680  best=1.2542
        [Trial 4] gen  100  evals= 4600  best=1.2542
        [Trial 4] gen  120  evals= 5520  best=1.2443
        [Pruned] Trial 4 at gen 135 (loss=1.2396)
    --> Trial 5 | pop=51 seed=57603 x0_norm_min=-0.748 x0_norm_max=0.981
        [Pruned] Trial 5 at gen 15 (loss=1.5007)
    --> Trial 6 | pop=53 seed=77016 x0_norm_min=-0.929 x0_norm_max=0.732
        [Pruned] Trial 6 at gen 15 (loss=1.3650)
    --> Trial 7 | pop=57 seed=39365 x0_norm_min=-0.779 x0_norm_max=0.922
        [Pruned] Trial 7 at gen 15 (loss=1.3927)
    --> Trial 8 | pop=56 seed=17751 x0_norm_min=-0.814 x0_norm_max=0.843
        [Pruned] Trial 8 at gen 15 (loss=1.4390)
    --> Trial 9 | pop=31 seed=56563 x0_norm_min=-0.955 x0_norm_max=0.770
        [Pruned] Trial 9 at gen 15 (loss=1.5367)
    --> Trial 10 | pop=40 seed=98071 x0_norm_min=-0.841 x0_norm_max=0.672
        [Pruned] Trial 10 at gen 15 (loss=1.4496)
    --> Trial 11 | pop=60 seed=7439 x0_norm_min=-0.781 x0_norm_max=0.859
        [Trial 11] gen   20  evals= 1200  best=1.3373
        [Trial 11] gen   40  evals= 2400  best=1.1706
        [Trial 11] gen   60  evals= 3600  best=1.0242
        [Trial 11] gen   80  evals= 4800  best=0.9663
        [Trial 11] gen  100  evals= 6000  best=0.9589
        [Trial 11] gen  120  evals= 7200  best=0.9320
        [Trial 11] gen  140  evals= 8400  best=0.8953
        [Trial 11] gen  160  evals= 9600  best=0.8786
        [Trial 11] gen  180  evals=10800  best=0.8689
        [Trial 11] gen  200  evals=12000  best=0.8640
        [Trial 11] gen  220  evals=13200  best=0.8640
        [Trial 11] gen  240  evals=14400  best=0.8640
NOTE (module=cma, iteration=242):  
condition in coordinate system exceeded 1.2e+08, rescaled to 1.0e+00, 
condition changed from 9.2e+08 to 5.2e+08
        [Trial 11] gen  260  evals=15600  best=0.8630
        [Trial 11] gen  280  evals=16800  best=0.8618
        [Trial 11] gen  300  evals=18000  best=0.8608
        [Trial 11] gen  320  evals=19200  best=0.8608
        [Trial 11] gen  340  evals=20400  best=0.8608
        [Trial 11] gen  360  evals=21600  best=0.8608
        [Trial 11] gen  380  evals=22800  best=0.8608
        [Trial 11] gen  400  evals=24000  best=0.8604
        [Trial 11] gen  420  evals=25200  best=0.8604
        [Trial 11] gen  440  evals=26400  best=0.8604
        [Trial 11] gen  460  evals=27600  best=0.8604
        [Trial 11] gen  480  evals=28800  best=0.8604
        [Trial 11] gen  500  evals=30000  best=0.8604
        [Done] Trial 11 best=0.8604
    --> Trial 12 | pop=60 seed=9016 x0_norm_min=-0.402 x0_norm_max=0.428
        [Trial 12] gen   20  evals= 1200  best=1.2736
        [Trial 12] gen   40  evals= 2400  best=1.2736
        [Pruned] Trial 12 at gen 45 (loss=1.2736)
    --> Trial 13 | pop=42 seed=21291 x0_norm_min=-0.863 x0_norm_max=0.955
        [Pruned] Trial 13 at gen 15 (loss=1.4322)
    --> Trial 14 | pop=60 seed=2740 x0_norm_min=-0.897 x0_norm_max=-0.091
        [Trial 14] gen   20  evals= 1200  best=1.3605/home/bhpark3/dafxenv/lib/python3.12/site-packages/cma/utilities/utils.py:369: UserWarning: 
        geno-pheno transformation introduced based on the
        current covariance matrix with condition 1.1e+12 -> 1.0e+00,
        injected solutions become "invalid" in this iteration (time=Jul  6 11:28:50 2026 class=CMAEvolutionStrategy method=alleviate_conditioning iteration=446)
  warnings.warn(msg + ' (time={}'.format(time.asctime()[4:]) +

        [Trial 14] gen   40  evals= 2400  best=1.3160
        [Pruned] Trial 14 at gen 45 (loss=1.2938)
    --> Trial 15 | pop=37 seed=56395 x0_norm_min=-0.690 x0_norm_max=0.990
        [Pruned] Trial 15 at gen 15 (loss=1.6106)
    --> Trial 16 | pop=48 seed=91658 x0_norm_min=-0.776 x0_norm_max=0.982
        [Pruned] Trial 16 at gen 15 (loss=1.4463)
    --> Trial 17 | pop=51 seed=28896 x0_norm_min=-0.863 x0_norm_max=0.835
        [Pruned] Trial 17 at gen 15 (loss=1.4156)
    --> Trial 18 | pop=44 seed=71654 x0_norm_min=-0.933 x0_norm_max=0.907
        [Pruned] Trial 18 at gen 15 (loss=1.5042)
    --> Trial 19 | pop=38 seed=48472 x0_norm_min=-0.948 x0_norm_max=0.822
        [Pruned] Trial 19 at gen 15 (loss=1.3950)

  Winner: Trial 11, loss=0.860396 (842s)
    Restarts run: 20
    mu: 99.855792
    D_mu: 17.622244
    T0_mu: 0.004960
    Ly: 1.722608
    op_x: 0.711226
    op_y: 0.746932
    NMSE: 0.100446
  [Saved] random_IR_0034

============================================================
[35/50] random_IR_0035.npz
  GT loss: 0.943196
    --> Trial 0 | pop=43 seed=28008 x0_norm_min=-0.944 x0_norm_max=0.730
        [Trial 0] gen   20  evals=  860  best=1.8066
        [Trial 0] gen   40  evals= 1720  best=1.7528
        [Trial 0] gen   60  evals= 2580  best=1.6734
        [Trial 0] gen   80  evals= 3440  best=1.5882
        [Trial 0] gen  100  evals= 4300  best=1.4515
        [Trial 0] gen  120  evals= 5160  best=1.3904
        [Trial 0] gen  140  evals= 6020  best=1.3904
        [Trial 0] gen  160  evals= 6880  best=1.3658
        [Trial 0] gen  180  evals= 7740  best=1.3471
        [Trial 0] gen  200  evals= 8600  best=1.3406
        [Trial 0] gen  220  evals= 9460  best=1.3391
        [Trial 0] gen  240  evals=10320  best=1.3385
NOTE (module=cma, iteration=251):  
condition in coordinate system exceeded 1.2e+08, rescaled to 1.0e+00, 
condition changed from 2.2e+09 to 3.9e+07
        [Trial 0] gen  260  evals=11180  best=1.3375
        [Trial 0] gen  280  evals=12040  best=1.3375
        [Trial 0] gen  300  evals=12900  best=1.3374
        [Trial 0] gen  320  evals=13760  best=1.3371
        [Trial 0] gen  340  evals=14620  best=1.3371
        [Trial 0] gen  360  evals=15480  best=1.3365
        [Trial 0] gen  380  evals=16340  best=1.3364
        [Trial 0] gen  400  evals=17200  best=1.3364
        [Trial 0] gen  420  evals=18060  best=1.3364
        [Trial 0] gen  440  evals=18920  best=1.3362
        [Trial 0] gen  460  evals=19780  best=1.3354
        [Trial 0] gen  480  evals=20640  best=1.3354
        [Trial 0] gen  500  evals=21500  best=1.3354
        [Trial 0] gen  520  evals=22360  best=1.3354
        [Done] Trial 0 best=1.3354
    --> Trial 1 | pop=50 seed=62884 x0_norm_min=-0.937 x0_norm_max=0.907
        [Trial 1] gen   20  evals= 1000  best=1.6167
        [Trial 1] gen   40  evals= 2000  best=1.5366
        [Trial 1] gen   60  evals= 3000  best=1.4084
        [Trial 1] gen   80  evals= 4000  best=1.4080
        [Trial 1] gen  100  evals= 5000  best=1.3899
        [Trial 1] gen  120  evals= 6000  best=1.3675
        [Trial 1] gen  140  evals= 7000  best=1.3488
        [Trial 1] gen  160  evals= 8000  best=1.3012
        [Trial 1] gen  180  evals= 9000  best=1.2839
NOTE (module=cma, iteration=185):  
condition in coordinate system exceeded 1.5e+08, rescaled to 1.0e+00, 
condition changed from 3.9e+08 to 1.1e+08
        [Trial 1] gen  200  evals=10000  best=1.2737
        [Trial 1] gen  220  evals=11000  best=1.2690
        [Trial 1] gen  240  evals=12000  best=1.2690
        [Trial 1] gen  260  evals=13000  best=1.2690
        [Trial 1] gen  280  evals=14000  best=1.2690
        [Trial 1] gen  300  evals=15000  best=1.2690
        [Trial 1] gen  320  evals=16000  best=1.2687
        [Trial 1] gen  340  evals=17000  best=1.2686
        [Trial 1] gen  360  evals=18000  best=1.2686
        [Trial 1] gen  380  evals=19000  best=1.2686
        [Trial 1] gen  400  evals=20000  best=1.2682
        [Trial 1] gen  420  evals=21000  best=1.2682
        [Trial 1] gen  440  evals=22000  best=1.2682
        [Trial 1] gen  460  evals=23000  best=1.2676
        [Trial 1] gen  480  evals=24000  best=1.2676
        [Trial 1] gen  500  evals=25000  best=1.2676
        [Trial 1] gen  520  evals=26000  best=1.2676
        [Trial 1] gen  540  evals=27000  best=1.2676
        [Trial 1] gen  560  evals=28000  best=1.2676
        [Trial 1] gen  580  evals=29000  best=1.2672
        [Trial 1] gen  600  evals=30000  best=1.2672
        [Done] Trial 1 best=1.2672
    --> Trial 2 | pop=37 seed=11719 x0_norm_min=-0.344 x0_norm_max=0.824
        [Pruned] Trial 2 at gen 15 (loss=1.7590)
    --> Trial 3 | pop=55 seed=74440 x0_norm_min=-0.797 x0_norm_max=0.622
        [Pruned] Trial 3 at gen 15 (loss=1.7616)
    --> Trial 4 | pop=57 seed=68956 x0_norm_min=-0.947 x0_norm_max=0.785
        [Pruned] Trial 4 at gen 15 (loss=1.7651)
    --> Trial 5 | pop=43 seed=84419 x0_norm_min=-0.748 x0_norm_max=0.981
        [Pruned] Trial 5 at gen 15 (loss=1.7966)
    --> Trial 6 | pop=35 seed=93993 x0_norm_min=-0.929 x0_norm_max=0.732
        [Pruned] Trial 6 at gen 15 (loss=1.7949)
    --> Trial 7 | pop=42 seed=60283 x0_norm_min=-0.779 x0_norm_max=0.922
        [Trial 7] gen   20  evals=  840  best=1.7093
        [Trial 7] gen   40  evals= 1680  best=1.5688
        [Pruned] Trial 7 at gen 45 (loss=1.5221)
    --> Trial 8 | pop=43 seed=39549 x0_norm_min=-0.814 x0_norm_max=0.843
        [Pruned] Trial 8 at gen 15 (loss=1.7772)
    --> Trial 9 | pop=35 seed=58069 x0_norm_min=-0.955 x0_norm_max=0.770
        [Pruned] Trial 9 at gen 15 (loss=1.7744)
    --> Trial 10 | pop=50 seed=42396 x0_norm_min=-0.841 x0_norm_max=0.672
        [Trial 10] gen   20  evals= 1000  best=1.6494
        [Trial 10] gen   40  evals= 2000  best=1.5541
        [Pruned] Trial 10 at gen 45 (loss=1.5440)
    --> Trial 11 | pop=50 seed=2522 x0_norm_min=-0.781 x0_norm_max=0.859
        [Trial 11] gen   20  evals= 1000  best=1.5902
        [Trial 11] gen   40  evals= 2000  best=1.5211
        [Trial 11] gen   60  evals= 3000  best=1.4420
        [Trial 11] gen   80  evals= 4000  best=1.4138
        [Trial 11] gen  100  evals= 5000  best=1.3897
        [Trial 11] gen  120  evals= 6000  best=1.3869
        [Pruned] Trial 11 at gen 135 (loss=1.3738)
    --> Trial 12 | pop=49 seed=25518 x0_norm_min=-0.402 x0_norm_max=0.428
        [Trial 12] gen   20  evals=  980  best=1.6974
        [Trial 12] gen   40  evals= 1960  best=1.5209
        [Trial 12] gen   60  evals= 2940  best=1.4320
        [Trial 12] gen   80  evals= 3920  best=1.3835
        [Trial 12] gen  100  evals= 4900  best=1.3758
        [Trial 12] gen  120  evals= 5880  best=1.3656
        [Pruned] Trial 12 at gen 135 (loss=1.3544)
    --> Trial 13 | pop=47 seed=42235 x0_norm_min=-0.863 x0_norm_max=0.955
        [Trial 13] gen   20  evals=  940  best=1.5798
        [Trial 13] gen   40  evals= 1880  best=1.4321
        [Trial 13] gen   60  evals= 2820  best=1.4321
        [Trial 13] gen   80  evals= 3760  best=1.4230
        [Trial 13] gen  100  evals= 4700  best=1.4075
        [Trial 13] gen  120  evals= 5640  best=1.4075
        [Pruned] Trial 13 at gen 135 (loss=1.4075)
    --> Trial 14 | pop=60 seed=24723 x0_norm_min=-0.897 x0_norm_max=-0.091
        [Trial 14] gen   20  evals= 1200  best=1.6713
        [Trial 14] gen   40  evals= 2400  best=1.5133
        [Pruned] Trial 14 at gen 45 (loss=1.5133)
    --> Trial 15 | pop=39 seed=53145 x0_norm_min=-0.690 x0_norm_max=0.990
        [Pruned] Trial 15 at gen 15 (loss=1.8092)
    --> Trial 16 | pop=32 seed=25284 x0_norm_min=-0.776 x0_norm_max=0.982
        [Pruned] Trial 16 at gen 15 (loss=1.7575)
    --> Trial 17 | pop=54 seed=82370 x0_norm_min=-0.863 x0_norm_max=0.835
        [Trial 17] gen   20  evals= 1080  best=1.4980
        [Trial 17] gen   40  evals= 2160  best=1.4980
        [Trial 17] gen   60  evals= 3240  best=1.4646
        [Trial 17] gen   80  evals= 4320  best=1.4328
        [Trial 17] gen  100  evals= 5400  best=1.4039
        [Trial 17] gen  120  evals= 6480  best=1.3766
        [Pruned] Trial 17 at gen 135 (loss=1.3569)
    --> Trial 18 | pop=46 seed=32880 x0_norm_min=-0.933 x0_norm_max=0.907
        [Pruned] Trial 18 at gen 15 (loss=1.6968)
    --> Trial 19 | pop=53 seed=12870 x0_norm_min=-0.948 x0_norm_max=0.822
        [Trial 19] gen   20  evals= 1060  best=1.4934
        [Trial 19] gen   40  evals= 2120  best=1.4896
        [Pruned] Trial 19 at gen 45 (loss=1.4896)

  Winner: Trial 1, loss=1.267206 (452s)
    Restarts run: 20
    mu: 100.290221
    D_mu: 18.013435
    T0_mu: 4.289024
    Ly: 1.127124
    op_x: 0.770493
    op_y: 0.584921
    NMSE: 0.206246
  [Saved] random_IR_0035

============================================================
[36/50] random_IR_0036.npz
  GT loss: 1.300327
    --> Trial 0 | pop=53 seed=39539 x0_norm_min=-0.944 x0_norm_max=0.730
        [Trial 0] gen   20  evals= 1060  best=2.1978
        [Trial 0] gen   40  evals= 2120  best=2.1978
        [Trial 0] gen   60  evals= 3180  best=2.1978
        [Trial 0] gen   80  evals= 4240  best=2.1933
        [Trial 0] gen  100  evals= 5300  best=2.1248
        [Trial 0] gen  120  evals= 6360  best=2.0756
        [Trial 0] gen  140  evals= 7420  best=2.0177
        [Trial 0] gen  160  evals= 8480  best=1.9892
        [Trial 0] gen  180  evals= 9540  best=1.9672
        [Trial 0] gen  200  evals=10600  best=1.9575
        [Trial 0] gen  220  evals=11660  best=1.9365
        [Trial 0] gen  240  evals=12720  best=1.9285
        [Trial 0] gen  260  evals=13780  best=1.9212
        [Trial 0] gen  280  evals=14840  best=1.9212
        [Trial 0] gen  300  evals=15900  best=1.9207
NOTE (module=cma, iteration=313):  
condition in coordinate system exceeded 1.3e+08, rescaled to 1.0e+00, 
condition changed from 1.5e+09 to 1.1e+08
        [Trial 0] gen  320  evals=16960  best=1.9201
        [Trial 0] gen  340  evals=18020  best=1.9201
        [Trial 0] gen  360  evals=19080  best=1.9192
        [Trial 0] gen  380  evals=20140  best=1.9188
        [Trial 0] gen  400  evals=21200  best=1.9188
        [Trial 0] gen  420  evals=22260  best=1.9188
        [Trial 0] gen  440  evals=23320  best=1.9188
        [Trial 0] gen  460  evals=24380  best=1.9188
        [Trial 0] gen  480  evals=25440  best=1.9188
        [Trial 0] gen  500  evals=26500  best=1.9188
        [Trial 0] gen  520  evals=27560  best=1.9188
        [Trial 0] gen  540  evals=28620  best=1.9188
        [Done] Trial 0 best=1.9188
    --> Trial 1 | pop=40 seed=46152 x0_norm_min=-0.937 x0_norm_max=0.907
        [Pruned] Trial 1 at gen 15 (loss=2.3734)
    --> Trial 2 | pop=50 seed=51135 x0_norm_min=-0.344 x0_norm_max=0.824
        [Pruned] Trial 2 at gen 15 (loss=2.2869)
    --> Trial 3 | pop=52 seed=34582 x0_norm_min=-0.797 x0_norm_max=0.622
        [Pruned] Trial 3 at gen 15 (loss=2.4045)
    --> Trial 4 | pop=54 seed=30684 x0_norm_min=-0.947 x0_norm_max=0.785
        [Trial 4] gen   20  evals= 1080  best=2.1513
        [Trial 4] gen   40  evals= 2160  best=2.1513
        [Trial 4] gen   60  evals= 3240  best=2.0628
        [Trial 4] gen   80  evals= 4320  best=2.0363
        [Trial 4] gen  100  evals= 5400  best=1.9602
        [Trial 4] gen  120  evals= 6480  best=1.8445
        [Trial 4] gen  140  evals= 7560  best=1.8445
        [Trial 4] gen  160  evals= 8640  best=1.8236
        [Trial 4] gen  180  evals= 9720  best=1.7765
        [Trial 4] gen  200  evals=10800  best=1.7500
        [Trial 4] gen  220  evals=11880  best=1.7462
        [Trial 4] gen  240  evals=12960  best=1.7442
NOTE (module=cma, iteration=243):  
condition in coordinate system exceeded 1.1e+08, rescaled to 1.0e+00, 
condition changed from 1.4e+08 to 1.1e+07
        [Trial 4] gen  260  evals=14040  best=1.7422
        [Trial 4] gen  280  evals=15120  best=1.7410
        [Trial 4] gen  300  evals=16200  best=1.7408
        [Trial 4] gen  320  evals=17280  best=1.7405
        [Trial 4] gen  340  evals=18360  best=1.7403
        [Trial 4] gen  360  evals=19440  best=1.7403
        [Trial 4] gen  380  evals=20520  best=1.7396
        [Trial 4] gen  400  evals=21600  best=1.7396
        [Trial 4] gen  420  evals=22680  best=1.7396
        [Trial 4] gen  440  evals=23760  best=1.7395
        [Trial 4] gen  460  evals=24840  best=1.7391
        [Trial 4] gen  480  evals=25920  best=1.7391
        [Trial 4] gen  500  evals=27000  best=1.7391
        [Trial 4] gen  520  evals=28080  best=1.7391
        [Trial 4] gen  540  evals=29160  best=1.7391
        [Done] Trial 4 best=1.7391
    --> Trial 5 | pop=50 seed=37577 x0_norm_min=-0.748 x0_norm_max=0.981
        [Pruned] Trial 5 at gen 15 (loss=2.3170)
    --> Trial 6 | pop=58 seed=86376 x0_norm_min=-0.929 x0_norm_max=0.732
        [Pruned] Trial 6 at gen 15 (loss=2.3007)
    --> Trial 7 | pop=54 seed=82445 x0_norm_min=-0.779 x0_norm_max=0.922
        [Pruned] Trial 7 at gen 15 (loss=2.1999)
    --> Trial 8 | pop=42 seed=55093 x0_norm_min=-0.814 x0_norm_max=0.843
        [Trial 8] gen   20  evals=  840  best=2.1858
        [Trial 8] gen   40  evals= 1680  best=2.1564
        [Pruned] Trial 8 at gen 45 (loss=2.1564)
    --> Trial 9 | pop=56 seed=13396 x0_norm_min=-0.955 x0_norm_max=0.770
        [Pruned] Trial 9 at gen 15 (loss=2.3784)
    --> Trial 10 | pop=30 seed=3708 x0_norm_min=-0.841 x0_norm_max=0.672
        [Pruned] Trial 10 at gen 15 (loss=2.2543)
    --> Trial 11 | pop=45 seed=21380 x0_norm_min=-0.781 x0_norm_max=0.859
        [Pruned] Trial 11 at gen 15 (loss=2.2688)
    --> Trial 12 | pop=60 seed=62302 x0_norm_min=-0.402 x0_norm_max=0.428
        [Pruned] Trial 12 at gen 15 (loss=2.3029)
    --> Trial 13 | pop=47 seed=28003 x0_norm_min=-0.863 x0_norm_max=0.955
        [Pruned] Trial 13 at gen 15 (loss=2.2838)
    --> Trial 14 | pop=55 seed=70431 x0_norm_min=-0.897 x0_norm_max=-0.091
        [Trial 14] gen   20  evals= 1100  best=2.2045
        [Trial 14] gen   40  evals= 2200  best=2.1410
        [Trial 14] gen   60  evals= 3300  best=2.0058
        [Trial 14] gen   80  evals= 4400  best=1.9845
        [Trial 14] gen  100  evals= 5500  best=1.9699
        [Trial 14] gen  120  evals= 6600  best=1.9395
        [Pruned] Trial 14 at gen 135 (loss=1.9037)
    --> Trial 15 | pop=36 seed=17897 x0_norm_min=-0.690 x0_norm_max=0.990
        [Pruned] Trial 15 at gen 15 (loss=2.3692)
    --> Trial 16 | pop=47 seed=39468 x0_norm_min=-0.776 x0_norm_max=0.982
        [Pruned] Trial 16 at gen 15 (loss=2.4108)
    --> Trial 17 | pop=60 seed=280 x0_norm_min=-0.863 x0_norm_max=0.835
        [Pruned] Trial 17 at gen 15 (loss=2.2562)
    --> Trial 18 | pop=53 seed=65439 x0_norm_min=-0.933 x0_norm_max=0.907
        [Pruned] Trial 18 at gen 15 (loss=2.3701)
    --> Trial 19 | pop=50 seed=26432 x0_norm_min=-0.948 x0_norm_max=0.822
        [Trial 19] gen   20  evals= 1000  best=2.2277
        [Trial 19] gen   40  evals= 2000  best=2.2277
        [Pruned] Trial 19 at gen 45 (loss=2.2277)

  Winner: Trial 4, loss=1.739053 (643s)
    Restarts run: 20
    mu: 6.188593
    D_mu: 25.684617
    T0_mu: 118.895233
    Ly: 2.277289
    op_x: 0.858694
    op_y: 0.848787
    NMSE: 0.044701
  [Saved] random_IR_0036

============================================================
[37/50] random_IR_0037.npz
  GT loss: 1.223252
    --> Trial 0 | pop=52 seed=72214 x0_norm_min=-0.944 x0_norm_max=0.730
        [Trial 0] gen   20  evals= 1040  best=1.8702
        [Trial 0] gen   40  evals= 2080  best=1.8702
        [Trial 0] gen   60  evals= 3120  best=1.8702
        [Trial 0] gen   80  evals= 4160  best=1.8702
        [Trial 0] gen  100  evals= 5200  best=1.8625
        [Trial 0] gen  120  evals= 6240  best=1.8625
        [Trial 0] gen  140  evals= 7280  best=1.8625
        [Trial 0] gen  160  evals= 8320  best=1.8625
        [Trial 0] gen  180  evals= 9360  best=1.8327
        [Trial 0] gen  200  evals=10400  best=1.8327
        [Trial 0] gen  220  evals=11440  best=1.8327
        [Trial 0] gen  240  evals=12480  best=1.8271
        [Trial 0] gen  260  evals=13520  best=1.8178
NOTE (module=cma, iteration=275):  
condition in coordinate system exceeded 1.1e+08, rescaled to 1.0e+00, 
condition changed from 1.6e+09 to 1.3e+08
        [Trial 0] gen  280  evals=14560  best=1.8151
        [Trial 0] gen  300  evals=15600  best=1.8151
        [Trial 0] gen  320  evals=16640  best=1.8149
        [Trial 0] gen  340  evals=17680  best=1.8145
        [Trial 0] gen  360  evals=18720  best=1.8145
        [Trial 0] gen  380  evals=19760  best=1.8145
        [Trial 0] gen  400  evals=20800  best=1.8145
        [Trial 0] gen  420  evals=21840  best=1.8144
        [Trial 0] gen  440  evals=22880  best=1.8144
        [Trial 0] gen  460  evals=23920  best=1.8144
        [Trial 0] gen  480  evals=24960  best=1.8144
        [Trial 0] gen  500  evals=26000  best=1.8144
        [Done] Trial 0 best=1.8144
    --> Trial 1 | pop=47 seed=47421 x0_norm_min=-0.937 x0_norm_max=0.907
        [Pruned] Trial 1 at gen 15 (loss=1.9210)
    --> Trial 2 | pop=35 seed=78458 x0_norm_min=-0.344 x0_norm_max=0.824
        [Pruned] Trial 2 at gen 15 (loss=2.0068)
    --> Trial 3 | pop=49 seed=36772 x0_norm_min=-0.797 x0_norm_max=0.622
        [Pruned] Trial 3 at gen 15 (loss=1.9626)
    --> Trial 4 | pop=60 seed=87095 x0_norm_min=-0.947 x0_norm_max=0.785
        [Pruned] Trial 4 at gen 15 (loss=1.9568)
    --> Trial 5 | pop=49 seed=19104 x0_norm_min=-0.748 x0_norm_max=0.981
        [Pruned] Trial 5 at gen 15 (loss=1.9930)
    --> Trial 6 | pop=41 seed=58260 x0_norm_min=-0.929 x0_norm_max=0.732
        [Pruned] Trial 6 at gen 15 (loss=1.9757)
    --> Trial 7 | pop=54 seed=44284 x0_norm_min=-0.779 x0_norm_max=0.922
        [Trial 7] gen   20  evals= 1080  best=1.9106
        [Trial 7] gen   40  evals= 2160  best=1.9059
        [Pruned] Trial 7 at gen 45 (loss=1.9059)
    --> Trial 8 | pop=48 seed=65243 x0_norm_min=-0.814 x0_norm_max=0.843
        [Pruned] Trial 8 at gen 15 (loss=2.0116)
    --> Trial 9 | pop=56 seed=91854 x0_norm_min=-0.955 x0_norm_max=0.770
        [Pruned] Trial 9 at gen 15 (loss=1.9570)
    --> Trial 10 | pop=31 seed=603 x0_norm_min=-0.841 x0_norm_max=0.672
        [Pruned] Trial 10 at gen 15 (loss=1.9952)
    --> Trial 11 | pop=55 seed=37408 x0_norm_min=-0.781 x0_norm_max=0.859
        [Pruned] Trial 11 at gen 15 (loss=2.0085)
    --> Trial 12 | pop=54 seed=68658 x0_norm_min=-0.402 x0_norm_max=0.428
        [Pruned] Trial 12 at gen 15 (loss=1.9969)
    --> Trial 13 | pop=43 seed=23577 x0_norm_min=-0.863 x0_norm_max=0.955
        [Pruned] Trial 13 at gen 15 (loss=1.9686)
    --> Trial 14 | pop=60 seed=99990 x0_norm_min=-0.897 x0_norm_max=-0.091
        [Trial 14] gen   20  evals= 1200  best=1.9538
        [Trial 14] gen   40  evals= 2400  best=1.8956
        [Pruned] Trial 14 at gen 45 (loss=1.8956)
    --> Trial 15 | pop=60 seed=99823 x0_norm_min=-0.690 x0_norm_max=0.990
        [Pruned] Trial 15 at gen 15 (loss=2.0085)
    --> Trial 16 | pop=57 seed=77932 x0_norm_min=-0.776 x0_norm_max=0.982
        [Pruned] Trial 16 at gen 15 (loss=1.9756)
    --> Trial 17 | pop=51 seed=98577 x0_norm_min=-0.863 x0_norm_max=0.835
        [Pruned] Trial 17 at gen 15 (loss=1.9640)
    --> Trial 18 | pop=43 seed=81105 x0_norm_min=-0.933 x0_norm_max=0.907
        [Pruned] Trial 18 at gen 15 (loss=2.0640)
    --> Trial 19 | pop=52 seed=62685 x0_norm_min=-0.948 x0_norm_max=0.822
        [Pruned] Trial 19 at gen 15 (loss=2.0715)

  Winner: Trial 0, loss=1.814359 (184s)
    Restarts run: 20
    mu: 19.910025
    D_mu: 54.488644
    T0_mu: 36.556089
    Ly: 1.326140
    op_x: 0.829841
    op_y: 0.903167
    NMSE: 0.084398
  [Saved] random_IR_0037

============================================================
[38/50] random_IR_0038.npz
  GT loss: 0.918401
    --> Trial 0 | pop=49 seed=10370 x0_norm_min=-0.944 x0_norm_max=0.730
        [Trial 0] gen   20  evals=  980  best=1.8408
        [Trial 0] gen   40  evals= 1960  best=1.7385
        [Trial 0] gen   60  evals= 2940  best=1.6756
        [Trial 0] gen   80  evals= 3920  best=1.5650
        [Trial 0] gen  100  evals= 4900  best=1.5049
        [Trial 0] gen  120  evals= 5880  best=1.4797
        [Trial 0] gen  140  evals= 6860  best=1.4611
        [Trial 0] gen  160  evals= 7840  best=1.4592
        [Trial 0] gen  180  evals= 8820  best=1.4511
        [Trial 0] gen  200  evals= 9800  best=1.4511
        [Trial 0] gen  220  evals=10780  best=1.4500
        [Trial 0] gen  240  evals=11760  best=1.4463
        [Trial 0] gen  260  evals=12740  best=1.4434
        [Trial 0] gen  280  evals=13720  best=1.4422
        [Trial 0] gen  300  evals=14700  best=1.4422
        [Trial 0] gen  320  evals=15680  best=1.4422
        [Trial 0] gen  340  evals=16660  best=1.4421
        [Trial 0] gen  360  evals=17640  best=1.4420
        [Trial 0] gen  380  evals=18620  best=1.4420
        [Trial 0] gen  400  evals=19600  best=1.4419
        [Trial 0] gen  420  evals=20580  best=1.4419
        [Trial 0] gen  440  evals=21560  best=1.4419
        [Trial 0] gen  460  evals=22540  best=1.4419
        [Trial 0] gen  480  evals=23520  best=1.4419
        [Trial 0] gen  500  evals=24500  best=1.4419
        [Done] Trial 0 best=1.4419
    --> Trial 1 | pop=42 seed=61158 x0_norm_min=-0.937 x0_norm_max=0.907
        [Trial 1] gen   20  evals=  840  best=1.7269
        [Trial 1] gen   40  evals= 1680  best=1.3946
        [Trial 1] gen   60  evals= 2520  best=1.2477
        [Trial 1] gen   80  evals= 3360  best=1.2405
        [Trial 1] gen  100  evals= 4200  best=1.2405
        [Trial 1] gen  120  evals= 5040  best=1.2259
        [Trial 1] gen  140  evals= 5880  best=1.2067
        [Trial 1] gen  160  evals= 6720  best=1.2018
        [Trial 1] gen  180  evals= 7560  best=1.1954
        [Trial 1] gen  200  evals= 8400  best=1.1941
        [Trial 1] gen  220  evals= 9240  best=1.1929
        [Trial 1] gen  240  evals=10080  best=1.1929
NOTE (module=cma, iteration=243):  
condition in coordinate system exceeded 1.0e+08, rescaled to 1.0e+00, 
condition changed from 5.7e+08 to 6.4e+07
        [Trial 1] gen  260  evals=10920  best=1.1926
        [Trial 1] gen  280  evals=11760  best=1.1926
        [Trial 1] gen  300  evals=12600  best=1.1922
        [Trial 1] gen  320  evals=13440  best=1.1922
        [Trial 1] gen  340  evals=14280  best=1.1918
        [Trial 1] gen  360  evals=15120  best=1.1918
        [Trial 1] gen  380  evals=15960  best=1.1918
        [Trial 1] gen  400  evals=16800  best=1.1918
        [Trial 1] gen  420  evals=17640  best=1.1918
        [Trial 1] gen  440  evals=18480  best=1.1918
        [Trial 1] gen  460  evals=19320  best=1.1918
        [Trial 1] gen  480  evals=20160  best=1.1918
        [Trial 1] gen  500  evals=21000  best=1.1917
        [Trial 1] gen  520  evals=21840  best=1.1917
        [Trial 1] gen  540  evals=22680  best=1.1917
        [Trial 1] gen  560  evals=23520  best=1.1914
        [Trial 1] gen  580  evals=24360  best=1.1914
        [Trial 1] gen  600  evals=25200  best=1.1914
        [Trial 1] gen  620  evals=26040  best=1.1914
        [Done] Trial 1 best=1.1914
    --> Trial 2 | pop=52 seed=84667 x0_norm_min=-0.344 x0_norm_max=0.824
        [Pruned] Trial 2 at gen 15 (loss=1.7496)
    --> Trial 3 | pop=58 seed=57471 x0_norm_min=-0.797 x0_norm_max=0.622
        [Pruned] Trial 3 at gen 15 (loss=1.8446)
    --> Trial 4 | pop=30 seed=88917 x0_norm_min=-0.947 x0_norm_max=0.785
        [Pruned] Trial 4 at gen 15 (loss=1.8026)
    --> Trial 5 | pop=60 seed=53272 x0_norm_min=-0.748 x0_norm_max=0.981
        [Pruned] Trial 5 at gen 15 (loss=1.8114)
    --> Trial 6 | pop=58 seed=85051 x0_norm_min=-0.929 x0_norm_max=0.732
        [Trial 6] gen   20  evals= 1160  best=1.7348
        [Trial 6] gen   40  evals= 2320  best=1.5236
        [Pruned] Trial 6 at gen 45 (loss=1.5236)
    --> Trial 7 | pop=45 seed=59223 x0_norm_min=-0.779 x0_norm_max=0.922
        [Pruned] Trial 7 at gen 15 (loss=1.7512)
    --> Trial 8 | pop=45 seed=77489 x0_norm_min=-0.814 x0_norm_max=0.843
        [Pruned] Trial 8 at gen 15 (loss=1.8120)
    --> Trial 9 | pop=56 seed=43849 x0_norm_min=-0.955 x0_norm_max=0.770
        [Trial 9] gen   20  evals= 1120  best=1.7103
        [Trial 9] gen   40  evals= 2240  best=1.6113
        [Pruned] Trial 9 at gen 45 (loss=1.5670)
    --> Trial 10 | pop=32 seed=2625 x0_norm_min=-0.841 x0_norm_max=0.672
        [Trial 10] gen   20  evals=  640  best=1.7316
        [Trial 10] gen   40  evals= 1280  best=1.5690
        [Pruned] Trial 10 at gen 45 (loss=1.4936)
    --> Trial 11 | pop=43 seed=7416 x0_norm_min=-0.781 x0_norm_max=0.859
        [Trial 11] gen   20  evals=  860  best=1.5692
        [Trial 11] gen   40  evals= 1720  best=1.5692
        [Pruned] Trial 11 at gen 45 (loss=1.5692)
    --> Trial 12 | pop=38 seed=26366 x0_norm_min=-0.402 x0_norm_max=0.428
        [Pruned] Trial 12 at gen 15 (loss=1.8112)
    --> Trial 13 | pop=51 seed=27501 x0_norm_min=-0.863 x0_norm_max=0.955
        [Trial 13] gen   20  evals= 1020  best=1.4205
        [Trial 13] gen   40  evals= 2040  best=1.4205
        [Trial 13] gen   60  evals= 3060  best=1.4205
        [Trial 13] gen   80  evals= 4080  best=1.4205
        [Trial 13] gen  100  evals= 5100  best=1.4205
        [Trial 13] gen  120  evals= 6120  best=1.4205
        [Pruned] Trial 13 at gen 135 (loss=1.4165)
    --> Trial 14 | pop=40 seed=22144 x0_norm_min=-0.897 x0_norm_max=-0.091
        [Trial 14] gen   20  evals=  800  best=1.5874
        [Trial 14] gen   40  evals= 1600  best=1.5043
        [Trial 14] gen   60  evals= 2400  best=1.2893
        [Trial 14] gen   80  evals= 3200  best=1.2893
        [Trial 14] gen  100  evals= 4000  best=1.2517
        [Trial 14] gen  120  evals= 4800  best=1.1968
        [Trial 14] gen  140  evals= 5600  best=1.0422
        [Trial 14] gen  160  evals= 6400  best=0.9442
        [Trial 14] gen  180  evals= 7200  best=0.9326
        [Trial 14] gen  200  evals= 8000  best=0.9313
NOTE (module=cma, iteration=210):  
condition in coordinate system exceeded 1.0e+08, rescaled to 1.0e+00, 
condition changed from 1.0e+09 to 2.6e+08
        [Trial 14] gen  220  evals= 8800  best=0.9291
        [Trial 14] gen  240  evals= 9600  best=0.9291
        [Trial 14] gen  260  evals=10400  best=0.9286
        [Trial 14] gen  280  evals=11200  best=0.9286
        [Trial 14] gen  300  evals=12000  best=0.9277
        [Trial 14] gen  320  evals=12800  best=0.9277
        [Trial 14] gen  340  evals=13600  best=0.9273
        [Trial 14] gen  360  evals=14400  best=0.9273
        [Trial 14] gen  380  evals=15200  best=0.9273
        [Trial 14] gen  400  evals=16000  best=0.9273
        [Trial 14] gen  420  evals=16800  best=0.9273
        [Trial 14] gen  440  evals=17600  best=0.9273
        [Trial 14] gen  460  evals=18400  best=0.9273
        [Trial 14] gen  480  evals=19200  best=0.9273
        [Trial 14] gen  500  evals=20000  best=0.9273
        [Trial 14] gen  520  evals=20800  best=0.9273
        [Trial 14] gen  540  evals=21600  best=0.9273
        [Trial 14] gen  560  evals=22400  best=0.9273
        [Trial 14] gen  580  evals=23200  best=0.9273
        [Done] Trial 14 best=0.9273
    --> Trial 15 | pop=38 seed=34186 x0_norm_min=-0.690 x0_norm_max=0.990
        [Pruned] Trial 15 at gen 15 (loss=1.8712)
    --> Trial 16 | pop=39 seed=71091 x0_norm_min=-0.776 x0_norm_max=0.982
        [Pruned] Trial 16 at gen 15 (loss=1.8693)
    --> Trial 17 | pop=35 seed=20418 x0_norm_min=-0.863 x0_norm_max=0.835
        [Trial 17] gen   20  evals=  700  best=1.5787
        [Trial 17] gen   40  evals= 1400  best=1.3575
        [Trial 17] gen   60  evals= 2100  best=1.2520
        [Trial 17] gen   80  evals= 2800  best=1.2064
        [Trial 17] gen  100  evals= 3500  best=1.2064
        [Trial 17] gen  120  evals= 4200  best=1.1972
        [Pruned] Trial 17 at gen 135 (loss=1.1919)
    --> Trial 18 | pop=43 seed=97772 x0_norm_min=-0.933 x0_norm_max=0.907
        [Pruned] Trial 18 at gen 15 (loss=1.8446)
    --> Trial 19 | pop=40 seed=46101 x0_norm_min=-0.948 x0_norm_max=0.822
        [Trial 19] gen   20  evals=  800  best=1.5989
        [Trial 19] gen   40  evals= 1600  best=1.4696
        [Pruned] Trial 19 at gen 45 (loss=1.4551)

  Winner: Trial 14, loss=0.927348 (616s)
    Restarts run: 20
    mu: 34.222054
    D_mu: 26.148094
    T0_mu: 6.889988
    Ly: 1.936492
    op_x: 0.719220
    op_y: 0.895443
    NMSE: 0.022865
  [Saved] random_IR_0038

============================================================
[39/50] random_IR_0039.npz
  GT loss: 1.073682
    --> Trial 0 | pop=32 seed=18985 x0_norm_min=-0.944 x0_norm_max=0.730
        [Trial 0] gen   20  evals=  640  best=1.6561
        [Trial 0] gen   40  evals= 1280  best=1.6561
        [Trial 0] gen   60  evals= 1920  best=1.6063
        [Trial 0] gen   80  evals= 2560  best=1.5705
        [Trial 0] gen  100  evals= 3200  best=1.5495
        [Trial 0] gen  120  evals= 3840  best=1.5436
        [Trial 0] gen  140  evals= 4480  best=1.5360
        [Trial 0] gen  160  evals= 5120  best=1.5246
        [Trial 0] gen  180  evals= 5760  best=1.5246
        [Trial 0] gen  200  evals= 6400  best=1.5202
        [Trial 0] gen  220  evals= 7040  best=1.5192
        [Trial 0] gen  240  evals= 7680  best=1.5183
        [Trial 0] gen  260  evals= 8320  best=1.5155
        [Trial 0] gen  280  evals= 8960  best=1.5155
        [Trial 0] gen  300  evals= 9600  best=1.5128
        [Trial 0] gen  320  evals=10240  best=1.5128
        [Trial 0] gen  340  evals=10880  best=1.5128
        [Trial 0] gen  360  evals=11520  best=1.5128
        [Trial 0] gen  380  evals=12160  best=1.5128
        [Trial 0] gen  400  evals=12800  best=1.5128
        [Trial 0] gen  420  evals=13440  best=1.5128
        [Trial 0] gen  440  evals=14080  best=1.5128
        [Trial 0] gen  460  evals=14720  best=1.5128
        [Trial 0] gen  480  evals=15360  best=1.5128
        [Trial 0] gen  500  evals=16000  best=1.5128
        [Trial 0] gen  520  evals=16640  best=1.5128
        [Trial 0] gen  540  evals=17280  best=1.5128
        [Trial 0] gen  560  evals=17920  best=1.5128
        [Trial 0] gen  580  evals=18560  best=1.5128
        [Done] Trial 0 best=1.5128
    --> Trial 1 | pop=31 seed=31789 x0_norm_min=-0.937 x0_norm_max=0.907
        [Trial 1] gen   20  evals=  620  best=1.6509
        [Trial 1] gen   40  evals= 1240  best=1.5599
        [Trial 1] gen   60  evals= 1860  best=1.4024
        [Trial 1] gen   80  evals= 2480  best=1.3074
        [Trial 1] gen  100  evals= 3100  best=1.2674
        [Trial 1] gen  120  evals= 3720  best=1.2517
        [Trial 1] gen  140  evals= 4340  best=1.2084
        [Trial 1] gen  160  evals= 4960  best=1.1419
        [Trial 1] gen  180  evals= 5580  best=1.0651
        [Trial 1] gen  200  evals= 6200  best=1.0590
NOTE (module=cma, iteration=204):  
condition in coordinate system exceeded 1.2e+08, rescaled to 1.0e+00, 
condition changed from 3.7e+08 to 2.0e+07
        [Trial 1] gen  220  evals= 6820  best=1.0581
        [Trial 1] gen  240  evals= 7440  best=1.0581
        [Trial 1] gen  260  evals= 8060  best=1.0581
        [Trial 1] gen  280  evals= 8680  best=1.0581
        [Trial 1] gen  300  evals= 9300  best=1.0578
        [Trial 1] gen  320  evals= 9920  best=1.0578
        [Trial 1] gen  340  evals=10540  best=1.0578
        [Trial 1] gen  360  evals=11160  best=1.0578
        [Trial 1] gen  380  evals=11780  best=1.0578
        [Trial 1] gen  400  evals=12400  best=1.0578
        [Trial 1] gen  420  evals=13020  best=1.0578
        [Trial 1] gen  440  evals=13640  best=1.0578
        [Trial 1] gen  460  evals=14260  best=1.0574
        [Trial 1] gen  480  evals=14880  best=1.0574
        [Trial 1] gen  500  evals=15500  best=1.0574
        [Trial 1] gen  520  evals=16120  best=1.0574
        [Done] Trial 1 best=1.0574
    --> Trial 2 | pop=39 seed=16911 x0_norm_min=-0.344 x0_norm_max=0.824
        [Trial 2] gen   20  evals=  780  best=1.5402
        [Trial 2] gen   40  evals= 1560  best=1.4706
        [Trial 2] gen   60  evals= 2340  best=1.4096
        [Trial 2] gen   80  evals= 3120  best=1.3588
        [Trial 2] gen  100  evals= 3900  best=1.2920
        [Trial 2] gen  120  evals= 4680  best=1.2869
        [Pruned] Trial 2 at gen 135 (loss=1.2461)
    --> Trial 3 | pop=55 seed=65521 x0_norm_min=-0.797 x0_norm_max=0.622
        [Pruned] Trial 3 at gen 15 (loss=1.6475)
    --> Trial 4 | pop=30 seed=18925 x0_norm_min=-0.947 x0_norm_max=0.785
        [Pruned] Trial 4 at gen 15 (loss=1.6162)
    --> Trial 5 | pop=30 seed=7835 x0_norm_min=-0.748 x0_norm_max=0.981
        [Pruned] Trial 5 at gen 15 (loss=1.6767)
    --> Trial 6 | pop=48 seed=74172 x0_norm_min=-0.929 x0_norm_max=0.732
        [Pruned] Trial 6 at gen 15 (loss=1.6199)
    --> Trial 7 | pop=55 seed=55121 x0_norm_min=-0.779 x0_norm_max=0.922
        [Pruned] Trial 7 at gen 15 (loss=1.6468)
    --> Trial 8 | pop=57 seed=20183 x0_norm_min=-0.814 x0_norm_max=0.843
        [Trial 8] gen   20  evals= 1140  best=1.5770
        [Trial 8] gen   40  evals= 2280  best=1.3728
        [Trial 8] gen   60  evals= 3420  best=1.3703
        [Trial 8] gen   80  evals= 4560  best=1.3270
        [Trial 8] gen  100  evals= 5700  best=1.3070
        [Trial 8] gen  120  evals= 6840  best=1.2817
        [Pruned] Trial 8 at gen 135 (loss=1.2688)
    --> Trial 9 | pop=57 seed=90552 x0_norm_min=-0.955 x0_norm_max=0.770
        [Pruned] Trial 9 at gen 15 (loss=1.6294)
    --> Trial 10 | pop=43 seed=42656 x0_norm_min=-0.841 x0_norm_max=0.672
        [Trial 10] gen   20  evals=  860  best=1.5894
        [Trial 10] gen   40  evals= 1720  best=1.4283
        [Trial 10] gen   60  evals= 2580  best=1.3179
        [Trial 10] gen   80  evals= 3440  best=1.2609
        [Trial 10] gen  100  evals= 4300  best=1.2468
        [Trial 10] gen  120  evals= 5160  best=1.2247
        [Pruned] Trial 10 at gen 135 (loss=1.2135)
    --> Trial 11 | pop=36 seed=36385 x0_norm_min=-0.781 x0_norm_max=0.859
        [Trial 11] gen   20  evals=  720  best=1.4241
        [Trial 11] gen   40  evals= 1440  best=1.3321
        [Trial 11] gen   60  evals= 2160  best=1.3139
        [Trial 11] gen   80  evals= 2880  best=1.2491
        [Trial 11] gen  100  evals= 3600  best=1.2329
        [Trial 11] gen  120  evals= 4320  best=1.2203
        [Trial 11] gen  140  evals= 5040  best=1.2011
        [Trial 11] gen  160  evals= 5760  best=1.1818
NOTE (module=cma, iteration=173):  
condition in coordinate system exceeded 1.0e+08, rescaled to 1.0e+00, 
condition changed from 3.7e+08 to 8.9e+07
        [Trial 11] gen  180  evals= 6480  best=1.1784
        [Trial 11] gen  200  evals= 7200  best=1.1776
        [Trial 11] gen  220  evals= 7920  best=1.1763
        [Trial 11] gen  240  evals= 8640  best=1.1763
        [Trial 11] gen  260  evals= 9360  best=1.1763
        [Trial 11] gen  280  evals=10080  best=1.1763
        [Trial 11] gen  300  evals=10800  best=1.1763
        [Trial 11] gen  320  evals=11520  best=1.1763
        [Trial 11] gen  340  evals=12240  best=1.1763
        [Trial 11] gen  360  evals=12960  best=1.1763
        [Trial 11] gen  380  evals=13680  best=1.1763
        [Trial 11] gen  400  evals=14400  best=1.1763
        [Pruned] Trial 11 at gen 405 (loss=1.1763)
    --> Trial 12 | pop=35 seed=34949 x0_norm_min=-0.402 x0_norm_max=0.428
        [Pruned] Trial 12 at gen 15 (loss=1.6335)
    --> Trial 13 | pop=34 seed=4096 x0_norm_min=-0.863 x0_norm_max=0.955
        [Trial 13] gen   20  evals=  680  best=1.6043
        [Trial 13] gen   40  evals= 1360  best=1.5789
        [Pruned] Trial 13 at gen 45 (loss=1.5789)
    --> Trial 14 | pop=42 seed=29176 x0_norm_min=-0.897 x0_norm_max=-0.091
        [Pruned] Trial 14 at gen 15 (loss=1.6303)
    --> Trial 15 | pop=32 seed=51146 x0_norm_min=-0.690 x0_norm_max=0.990
        [Trial 15] gen   20  evals=  640  best=1.5620
        [Trial 15] gen   40  evals= 1280  best=1.5620
        [Pruned] Trial 15 at gen 45 (loss=1.5620)
    --> Trial 16 | pop=38 seed=918 x0_norm_min=-0.776 x0_norm_max=0.982
        [Pruned] Trial 16 at gen 15 (loss=1.6252)
    --> Trial 17 | pop=47 seed=26607 x0_norm_min=-0.863 x0_norm_max=0.835
        [Trial 17] gen   20  evals=  940  best=1.6077
        [Trial 17] gen   40  evals= 1880  best=1.5482
        [Pruned] Trial 17 at gen 45 (loss=1.5175)
    --> Trial 18 | pop=33 seed=47446 x0_norm_min=-0.933 x0_norm_max=0.907
        [Trial 18] gen   20  evals=  660  best=1.5910
        [Trial 18] gen   40  evals= 1320  best=1.4477
        [Pruned] Trial 18 at gen 45 (loss=1.4477)
    --> Trial 19 | pop=39 seed=62232 x0_norm_min=-0.948 x0_norm_max=0.822
        [Pruned] Trial 19 at gen 15 (loss=1.6321)

  Winner: Trial 1, loss=1.057434 (651s)
    Restarts run: 20
    mu: 74.828288
    D_mu: 18.596794
    T0_mu: 10.171031
    Ly: 1.914854
    op_x: 0.878749
    op_y: 0.674986
    NMSE: 0.022883
  [Saved] random_IR_0039

============================================================
[40/50] random_IR_0040.npz
  GT loss: 0.841679
    --> Trial 0 | pop=48 seed=27203 x0_norm_min=-0.944 x0_norm_max=0.730
        [Trial 0] gen   20  evals=  960  best=1.4897
        [Trial 0] gen   40  evals= 1920  best=1.3167
        [Trial 0] gen   60  evals= 2880  best=1.2670
        [Trial 0] gen   80  evals= 3840  best=1.2442
        [Trial 0] gen  100  evals= 4800  best=1.2442
        [Trial 0] gen  120  evals= 5760  best=1.2442
        [Trial 0] gen  140  evals= 6720  best=1.2442
        [Trial 0] gen  160  evals= 7680  best=1.2424
        [Trial 0] gen  180  evals= 8640  best=1.2395
        [Trial 0] gen  200  evals= 9600  best=1.2361
        [Trial 0] gen  220  evals=10560  best=1.2361
        [Trial 0] gen  240  evals=11520  best=1.2348
        [Trial 0] gen  260  evals=12480  best=1.2348
        [Trial 0] gen  280  evals=13440  best=1.2344
        [Trial 0] gen  300  evals=14400  best=1.2344
        [Trial 0] gen  320  evals=15360  best=1.2332
        [Trial 0] gen  340  evals=16320  best=1.2332
        [Trial 0] gen  360  evals=17280  best=1.2332
        [Trial 0] gen  380  evals=18240  best=1.2321
        [Trial 0] gen  400  evals=19200  best=1.2321
        [Trial 0] gen  420  evals=20160  best=1.2321
        [TRIAL TIMEOUT] Trial 0 total >600s, stopping
        [Done] Trial 0 best=1.2321
    --> Trial 1 | pop=41 seed=84269 x0_norm_min=-0.937 x0_norm_max=0.907
        [Pruned] Trial 1 at gen 15 (loss=1.5961)
    --> Trial 2 | pop=47 seed=9360 x0_norm_min=-0.344 x0_norm_max=0.824
        [Trial 2] gen   20  evals=  940  best=1.4377
        [Trial 2] gen   40  evals= 1880  best=1.4294
        [Pruned] Trial 2 at gen 45 (loss=1.4294)
    --> Trial 3 | pop=37 seed=73576 x0_norm_min=-0.797 x0_norm_max=0.622
        [Pruned] Trial 3 at gen 15 (loss=1.4915)
    --> Trial 4 | pop=45 seed=23843 x0_norm_min=-0.947 x0_norm_max=0.785
        [Pruned] Trial 4 at gen 15 (loss=1.5657)
    --> Trial 5 | pop=50 seed=47303 x0_norm_min=-0.748 x0_norm_max=0.981
        [Pruned] Trial 5 at gen 15 (loss=1.5196)
    --> Trial 6 | pop=55 seed=40887 x0_norm_min=-0.929 x0_norm_max=0.732
        [Trial 6] gen   20  evals= 1100  best=1.4641
        [Trial 6] gen   40  evals= 2200  best=1.3391
        [Trial 6] gen   60  evals= 3300  best=1.2347
        [Trial 6] gen   80  evals= 4400  best=1.0408
        [Trial 6] gen  100  evals= 5500  best=0.8712
        [Trial 6] gen  120  evals= 6600  best=0.8374
        [Trial 6] gen  140  evals= 7700  best=0.8303
        [Trial 6] gen  160  evals= 8800  best=0.8294
        [Trial 6] gen  180  evals= 9900  best=0.8252
        [Trial 6] gen  200  evals=11000  best=0.8252
        [Trial 6] gen  220  evals=12100  best=0.8252
        [Trial 6] gen  240  evals=13200  best=0.8252
        [Trial 6] gen  260  evals=14300  best=0.8252
        [Trial 6] gen  280  evals=15400  best=0.8252
        [Trial 6] gen  300  evals=16500  best=0.8248
        [Trial 6] gen  320  evals=17600  best=0.8243
        [Trial 6] gen  340  evals=18700  best=0.8236
        [Trial 6] gen  360  evals=19800  best=0.8233
        [TRIAL TIMEOUT] Trial 6 total >600s, stopping
        [Done] Trial 6 best=0.8220
    --> Trial 7 | pop=34 seed=93756 x0_norm_min=-0.779 x0_norm_max=0.922
        [Pruned] Trial 7 at gen 15 (loss=1.6437)
    --> Trial 8 | pop=56 seed=26827 x0_norm_min=-0.814 x0_norm_max=0.843
        [Pruned] Trial 8 at gen 15 (loss=1.5879)
    --> Trial 9 | pop=33 seed=31950 x0_norm_min=-0.955 x0_norm_max=0.770
        [Pruned] Trial 9 at gen 15 (loss=1.5537)
    --> Trial 10 | pop=55 seed=55066 x0_norm_min=-0.841 x0_norm_max=0.672
        [Pruned] Trial 10 at gen 15 (loss=1.5195)
    --> Trial 11 | pop=60 seed=1011 x0_norm_min=-0.781 x0_norm_max=0.859
        [Pruned] Trial 11 at gen 15 (loss=1.5459)
    --> Trial 12 | pop=51 seed=48410 x0_norm_min=-0.402 x0_norm_max=0.428
        [Trial 12] gen   20  evals= 1020  best=1.3629
        [Trial 12] gen   40  evals= 2040  best=1.3629
        [Pruned] Trial 12 at gen 45 (loss=1.3629)
    --> Trial 13 | pop=54 seed=65998 x0_norm_min=-0.863 x0_norm_max=0.955
        [Pruned] Trial 13 at gen 15 (loss=1.5496)
    --> Trial 14 | pop=60 seed=37056 x0_norm_min=-0.897 x0_norm_max=-0.091
        [Trial 14] gen   20  evals= 1200  best=1.4598
        [Trial 14] gen   40  evals= 2400  best=1.4215
        [Pruned] Trial 14 at gen 45 (loss=1.4215)
    --> Trial 15 | pop=43 seed=17856 x0_norm_min=-0.690 x0_norm_max=0.990
        [Pruned] Trial 15 at gen 15 (loss=1.6398)
    --> Trial 16 | pop=49 seed=39071 x0_norm_min=-0.776 x0_norm_max=0.982
        [Pruned] Trial 16 at gen 15 (loss=1.5626)
    --> Trial 17 | pop=52 seed=63916 x0_norm_min=-0.863 x0_norm_max=0.835
        [Pruned] Trial 17 at gen 15 (loss=1.5507)
    --> Trial 18 | pop=40 seed=14752 x0_norm_min=-0.933 x0_norm_max=0.907
        [Pruned] Trial 18 at gen 15 (loss=1.5399)
    --> Trial 19 | pop=57 seed=45022 x0_norm_min=-0.948 x0_norm_max=0.822
        [Trial 19] gen   20  evals= 1140  best=1.4756
        [Trial 19] gen   40  evals= 2280  best=1.3947
        [Pruned] Trial 19 at gen 45 (loss=1.3312)

  Winner: Trial 6, loss=0.821952 (1643s)
    Restarts run: 20
    mu: 38.780130
    D_mu: 3.103319
    T0_mu: 24.435082
    Ly: 3.888505
    op_x: 0.818909
    op_y: 0.938402
    NMSE: 0.000000
  [Saved] random_IR_0040

============================================================
[41/50] random_IR_0041.npz
  GT loss: 1.184556
    --> Trial 0 | pop=50 seed=96711 x0_norm_min=-0.944 x0_norm_max=0.730
        [Trial 0] gen   20  evals= 1000  best=2.1406
        [Trial 0] gen   40  evals= 2000  best=1.9917
        [Trial 0] gen   60  evals= 3000  best=1.9917
        [Trial 0] gen   80  evals= 4000  best=1.9822
        [Trial 0] gen  100  evals= 5000  best=1.9649
        [Trial 0] gen  120  evals= 6000  best=1.9616
        [Trial 0] gen  140  evals= 7000  best=1.9422
        [Trial 0] gen  160  evals= 8000  best=1.9258
        [Trial 0] gen  180  evals= 9000  best=1.9171
        [Trial 0] gen  200  evals=10000  best=1.8809
        [Trial 0] gen  220  evals=11000  best=1.8695
        [Trial 0] gen  240  evals=12000  best=1.8690
        [Trial 0] gen  260  evals=13000  best=1.8675
        [Trial 0] gen  280  evals=14000  best=1.8675
NOTE (module=cma, iteration=293):  
condition in coordinate system exceeded 1.1e+08, rescaled to 1.0e+00, 
condition changed from 4.4e+09 to 6.8e+09
        [Trial 0] gen  300  evals=15000  best=1.8674
        [Trial 0] gen  320  evals=16000  best=1.8674
        [Trial 0] gen  340  evals=17000  best=1.8673
        [Trial 0] gen  360  evals=18000  best=1.8673
        [Trial 0] gen  380  evals=19000  best=1.8673
        [Trial 0] gen  400  evals=20000  best=1.8671
        [Trial 0] gen  420  evals=21000  best=1.8671
        [Trial 0] gen  440  evals=22000  best=1.8666
        [Trial 0] gen  460  evals=23000  best=1.8666
        [Trial 0] gen  480  evals=24000  best=1.8666
        [Trial 0] gen  500  evals=25000  best=1.8666
        [Trial 0] gen  520  evals=26000  best=1.8666
        [Trial 0] gen  540  evals=27000  best=1.8666
        [Trial 0] gen  560  evals=28000  best=1.8666
        [Trial 0] gen  580  evals=29000  best=1.8666
        [Done] Trial 0 best=1.8666
    --> Trial 1 | pop=49 seed=58595 x0_norm_min=-0.937 x0_norm_max=0.907
        [Trial 1] gen   20  evals=  980  best=2.0605
        [Trial 1] gen   40  evals= 1960  best=2.0131
        [Pruned] Trial 1 at gen 45 (loss=2.0131)
    --> Trial 2 | pop=51 seed=90128 x0_norm_min=-0.344 x0_norm_max=0.824
        [Pruned] Trial 2 at gen 15 (loss=2.1190)
    --> Trial 3 | pop=54 seed=59220 x0_norm_min=-0.797 x0_norm_max=0.622
        [Trial 3] gen   20  evals= 1080  best=1.9817
        [Trial 3] gen   40  evals= 2160  best=1.9817
        [Trial 3] gen   60  evals= 3240  best=1.9817
        [Trial 3] gen   80  evals= 4320  best=1.9817
        [Trial 3] gen  100  evals= 5400  best=1.9565
        [Trial 3] gen  120  evals= 6480  best=1.9222
        [Trial 3] gen  140  evals= 7560  best=1.9053
        [Trial 3] gen  160  evals= 8640  best=1.8708
        [Trial 3] gen  180  evals= 9720  best=1.7819
        [Trial 3] gen  200  evals=10800  best=1.7324
NOTE (module=cma, iteration=215):  
condition in coordinate system exceeded 1.1e+08, rescaled to 1.0e+00, 
condition changed from 5.0e+08 to 5.8e+07
        [Trial 3] gen  220  evals=11880  best=1.7279
        [Trial 3] gen  240  evals=12960  best=1.7270
        [Trial 3] gen  260  evals=14040  best=1.7270
        [Trial 3] gen  280  evals=15120  best=1.7270
        [Trial 3] gen  300  evals=16200  best=1.7267
        [Trial 3] gen  320  evals=17280  best=1.7267
        [Trial 3] gen  340  evals=18360  best=1.7266
        [Trial 3] gen  360  evals=19440  best=1.7264
        [Trial 3] gen  380  evals=20520  best=1.7262
        [Trial 3] gen  400  evals=21600  best=1.7260
        [Trial 3] gen  420  evals=22680  best=1.7260
        [Trial 3] gen  440  evals=23760  best=1.7260
        [Trial 3] gen  460  evals=24840  best=1.7260
        [Trial 3] gen  480  evals=25920  best=1.7260
        [Trial 3] gen  500  evals=27000  best=1.7260
        [Trial 3] gen  520  evals=28080  best=1.7260
        [Trial 3] gen  540  evals=29160  best=1.7260
        [Done] Trial 3 best=1.7260
    --> Trial 4 | pop=36 seed=37304 x0_norm_min=-0.947 x0_norm_max=0.785
        [Pruned] Trial 4 at gen 15 (loss=2.1772)
    --> Trial 5 | pop=48 seed=55250 x0_norm_min=-0.748 x0_norm_max=0.981
        [Pruned] Trial 5 at gen 15 (loss=2.2078)
    --> Trial 6 | pop=53 seed=15814 x0_norm_min=-0.929 x0_norm_max=0.732
        [Pruned] Trial 6 at gen 15 (loss=2.0624)
    --> Trial 7 | pop=30 seed=55181 x0_norm_min=-0.779 x0_norm_max=0.922
        [Pruned] Trial 7 at gen 15 (loss=2.1589)
    --> Trial 8 | pop=40 seed=95719 x0_norm_min=-0.814 x0_norm_max=0.843
        [Pruned] Trial 8 at gen 15 (loss=2.1631)
    --> Trial 9 | pop=40 seed=56983 x0_norm_min=-0.955 x0_norm_max=0.770
        [Pruned] Trial 9 at gen 15 (loss=2.2014)
    --> Trial 10 | pop=60 seed=2938 x0_norm_min=-0.841 x0_norm_max=0.672
        [Pruned] Trial 10 at gen 15 (loss=2.1471)
    --> Trial 11 | pop=58 seed=77349 x0_norm_min=-0.781 x0_norm_max=0.859
        [Pruned] Trial 11 at gen 15 (loss=2.1474)
    --> Trial 12 | pop=55 seed=78494 x0_norm_min=-0.402 x0_norm_max=0.428
        [Trial 12] gen   20  evals= 1100  best=1.9583
        [Trial 12] gen   40  evals= 2200  best=1.9583
        [Trial 12] gen   60  evals= 3300  best=1.9583
        [Trial 12] gen   80  evals= 4400  best=1.9510
        [Trial 12] gen  100  evals= 5500  best=1.9426
        [Trial 12] gen  120  evals= 6600  best=1.9296
        [Trial 12] gen  140  evals= 7700  best=1.8954
        [Trial 12] gen  160  evals= 8800  best=1.8954
        [Trial 12] gen  180  evals= 9900  best=1.8954
        [Trial 12] gen  200  evals=11000  best=1.8954
NOTE (module=cma, iteration=213):  
condition in coordinate system exceeded 1.0e+08, rescaled to 1.0e+00, 
condition changed from 5.9e+08 to 8.2e+07
        [Trial 12] gen  220  evals=12100  best=1.8954
        [Trial 12] gen  240  evals=13200  best=1.8941
        [Trial 12] gen  260  evals=14300  best=1.8941
        [Trial 12] gen  280  evals=15400  best=1.8939
        [Trial 12] gen  300  evals=16500  best=1.8939
        [Trial 12] gen  320  evals=17600  best=1.8938
        [Trial 12] gen  340  evals=18700  best=1.8938
        [Trial 12] gen  360  evals=19800  best=1.8938
        [Trial 12] gen  380  evals=20900  best=1.8938
        [Trial 12] gen  400  evals=22000  best=1.8936
        [Pruned] Trial 12 at gen 405 (loss=1.8936)
    --> Trial 13 | pop=45 seed=31851 x0_norm_min=-0.863 x0_norm_max=0.955
        [Pruned] Trial 13 at gen 15 (loss=2.1560)
    --> Trial 14 | pop=44 seed=73370 x0_norm_min=-0.897 x0_norm_max=-0.091
        [Trial 14] gen   20  evals=  880  best=2.0105
        [Trial 14] gen   40  evals= 1760  best=1.9794
        [Pruned] Trial 14 at gen 45 (loss=1.9794)
    --> Trial 15 | pop=56 seed=39527 x0_norm_min=-0.690 x0_norm_max=0.990
        [Pruned] Trial 15 at gen 15 (loss=2.1450)
    --> Trial 16 | pop=52 seed=99862 x0_norm_min=-0.776 x0_norm_max=0.982
        [Pruned] Trial 16 at gen 15 (loss=2.1256)
    --> Trial 17 | pop=47 seed=68527 x0_norm_min=-0.863 x0_norm_max=0.835
        [Pruned] Trial 17 at gen 15 (loss=2.2156)
    --> Trial 18 | pop=56 seed=85671 x0_norm_min=-0.933 x0_norm_max=0.907/home/bhpark3/dafxenv/lib/python3.12/site-packages/cma/utilities/utils.py:369: UserWarning: 
        geno-pheno transformation introduced based on the
        current covariance matrix with condition 1.0e+12 -> 1.0e+00,
        injected solutions become "invalid" in this iteration (time=Jul  6 12:57:40 2026 class=CMAEvolutionStrategy method=alleviate_conditioning iteration=632)
  warnings.warn(msg + ' (time={}'.format(time.asctime()[4:]) +

        [Pruned] Trial 18 at gen 15 (loss=2.2102)
    --> Trial 19 | pop=43 seed=47010 x0_norm_min=-0.948 x0_norm_max=0.822
        [Pruned] Trial 19 at gen 15 (loss=2.1306)

  Winner: Trial 3, loss=1.725993 (399s)
    Restarts run: 20
    mu: 35.325420
    D_mu: 38.918834
    T0_mu: 2.098587
    Ly: 1.471625
    op_x: 0.665411
    op_y: 0.910452
    NMSE: 0.030890
  [Saved] random_IR_0041

============================================================
[42/50] random_IR_0042.npz
  GT loss: 0.934000
    --> Trial 0 | pop=38 seed=19742 x0_norm_min=-0.944 x0_norm_max=0.730
        [Trial 0] gen   20  evals=  760  best=1.5523
        [Trial 0] gen   40  evals= 1520  best=1.4917
        [Trial 0] gen   60  evals= 2280  best=1.4837
        [Trial 0] gen   80  evals= 3040  best=1.4592
        [Trial 0] gen  100  evals= 3800  best=1.4396
        [Trial 0] gen  120  evals= 4560  best=1.4396
        [Trial 0] gen  140  evals= 5320  best=1.4326
        [Trial 0] gen  160  evals= 6080  best=1.4258
        [Trial 0] gen  180  evals= 6840  best=1.4209
        [Trial 0] gen  200  evals= 7600  best=1.4157
        [Trial 0] gen  220  evals= 8360  best=1.4140
        [Trial 0] gen  240  evals= 9120  best=1.4134
        [Trial 0] gen  260  evals= 9880  best=1.4121
        [Trial 0] gen  280  evals=10640  best=1.4099
        [Trial 0] gen  300  evals=11400  best=1.4095
        [Trial 0] gen  320  evals=12160  best=1.4090
        [Trial 0] gen  340  evals=12920  best=1.4090
        [Trial 0] gen  360  evals=13680  best=1.4085
        [Trial 0] gen  380  evals=14440  best=1.4085
        [Trial 0] gen  400  evals=15200  best=1.4085
        [Trial 0] gen  420  evals=15960  best=1.4078
        [Trial 0] gen  440  evals=16720  best=1.4076
        [Trial 0] gen  460  evals=17480  best=1.4074
        [Trial 0] gen  480  evals=18240  best=1.4074
        [Trial 0] gen  500  evals=19000  best=1.4074
        [Trial 0] gen  520  evals=19760  best=1.4074
        [Trial 0] gen  540  evals=20520  best=1.4070
        [Trial 0] gen  560  evals=21280  best=1.4070
        [Trial 0] gen  580  evals=22040  best=1.4066
        [TRIAL TIMEOUT] Trial 0 total >600s, stopping
        [Done] Trial 0 best=1.4066
    --> Trial 1 | pop=43 seed=61383 x0_norm_min=-0.937 x0_norm_max=0.907
        [Trial 1] gen   20  evals=  860  best=1.4690
        [Trial 1] gen   40  evals= 1720  best=1.3189
        [Trial 1] gen   60  evals= 2580  best=1.3171
        [Trial 1] gen   80  evals= 3440  best=1.2791
        [Trial 1] gen  100  evals= 4300  best=1.2542
        [Trial 1] gen  120  evals= 5160  best=1.2398
        [Trial 1] gen  140  evals= 6020  best=1.2323
        [Trial 1] gen  160  evals= 6880  best=1.2287
        [Trial 1] gen  180  evals= 7740  best=1.2259
        [Trial 1] gen  200  evals= 8600  best=1.2230
        [Trial 1] gen  220  evals= 9460  best=1.2230
        [Trial 1] gen  240  evals=10320  best=1.2211
NOTE (module=cma, iteration=252):  
condition in coordinate system exceeded 1.0e+08, rescaled to 1.0e+00, 
condition changed from 8.7e+08 to 1.9e+08
        [Trial 1] gen  260  evals=11180  best=1.2200
        [Trial 1] gen  280  evals=12040  best=1.2193
        [Trial 1] gen  300  evals=12900  best=1.2185
        [Trial 1] gen  320  evals=13760  best=1.2185
        [Trial 1] gen  340  evals=14620  best=1.2185
        [Trial 1] gen  360  evals=15480  best=1.2185
        [Trial 1] gen  380  evals=16340  best=1.2183
        [Trial 1] gen  400  evals=17200  best=1.2183
        [Trial 1] gen  420  evals=18060  best=1.2183
        [Trial 1] gen  440  evals=18920  best=1.2182
        [Trial 1] gen  460  evals=19780  best=1.2177
        [Trial 1] gen  480  evals=20640  best=1.2177
        [Trial 1] gen  500  evals=21500  best=1.2177
        [Trial 1] gen  520  evals=22360  best=1.2174
        [Trial 1] gen  540  evals=23220  best=1.2174
        [Trial 1] gen  560  evals=24080  best=1.2174
        [Trial 1] gen  580  evals=24940  best=1.2174
        [Trial 1] gen  600  evals=25800  best=1.2174
        [Trial 1] gen  620  evals=26660  best=1.2174
        [Trial 1] gen  640  evals=27520  best=1.2174
        [Trial 1] gen  660  evals=28380  best=1.2174
        [Trial 1] gen  680  evals=29240  best=1.2174
        [Done] Trial 1 best=1.2174
    --> Trial 2 | pop=32 seed=98998 x0_norm_min=-0.344 x0_norm_max=0.824
        [Trial 2] gen   20  evals=  640  best=1.4419
        [Trial 2] gen   40  evals= 1280  best=1.4103
        [Pruned] Trial 2 at gen 45 (loss=1.4103)
    --> Trial 3 | pop=49 seed=1196 x0_norm_min=-0.797 x0_norm_max=0.622
        [Pruned] Trial 3 at gen 15 (loss=1.5069)
    --> Trial 4 | pop=54 seed=37378 x0_norm_min=-0.947 x0_norm_max=0.785
        [Trial 4] gen   20  evals= 1080  best=1.4042
        [Trial 4] gen   40  evals= 2160  best=1.4042
        [Pruned] Trial 4 at gen 45 (loss=1.3964)
    --> Trial 5 | pop=59 seed=81427 x0_norm_min=-0.748 x0_norm_max=0.981
        [Trial 5] gen   20  evals= 1180  best=1.4318
        [Trial 5] gen   40  evals= 2360  best=1.3010
        [Trial 5] gen   60  evals= 3540  best=1.1977
        [Trial 5] gen   80  evals= 4720  best=1.1394
        [Trial 5] gen  100  evals= 5900  best=1.1158
        [Trial 5] gen  120  evals= 7080  best=1.1090
        [Trial 5] gen  140  evals= 8260  best=1.0996
        [Trial 5] gen  160  evals= 9440  best=1.0996
        [Trial 5] gen  180  evals=10620  best=1.0981
        [Trial 5] gen  200  evals=11800  best=1.0969
        [Trial 5] gen  220  evals=12980  best=1.0969
        [Trial 5] gen  240  evals=14160  best=1.0969
        [Trial 5] gen  260  evals=15340  best=1.0950
NOTE (module=cma, iteration=274):  
condition in coordinate system exceeded 1.1e+08, rescaled to 1.0e+00, 
condition changed from 6.0e+08 to 1.5e+07
        [Trial 5] gen  280  evals=16520  best=1.0921
        [Trial 5] gen  300  evals=17700  best=1.0921
        [Trial 5] gen  320  evals=18880  best=1.0921
        [Trial 5] gen  340  evals=20060  best=1.0914
        [Trial 5] gen  360  evals=21240  best=1.0914
        [Trial 5] gen  380  evals=22420  best=1.0905
        [Trial 5] gen  400  evals=23600  best=1.0905
        [Done] Trial 5 best=1.0905
    --> Trial 6 | pop=39 seed=56228 x0_norm_min=-0.929 x0_norm_max=0.732
        [Pruned] Trial 6 at gen 15 (loss=1.5270)
    --> Trial 7 | pop=47 seed=44995 x0_norm_min=-0.779 x0_norm_max=0.922
        [Pruned] Trial 7 at gen 15 (loss=1.4934)
    --> Trial 8 | pop=57 seed=59610 x0_norm_min=-0.814 x0_norm_max=0.843
        [Trial 8] gen   20  evals= 1140  best=1.4873
        [Trial 8] gen   40  evals= 2280  best=1.4873
        [Pruned] Trial 8 at gen 45 (loss=1.4873)
    --> Trial 9 | pop=51 seed=77535 x0_norm_min=-0.955 x0_norm_max=0.770
        [Trial 9] gen   20  evals= 1020  best=1.4103
        [Trial 9] gen   40  evals= 2040  best=1.3194
        [Pruned] Trial 9 at gen 45 (loss=1.3194)
    --> Trial 10 | pop=60 seed=95851 x0_norm_min=-0.841 x0_norm_max=0.672
        [Pruned] Trial 10 at gen 15 (loss=1.5140)
    --> Trial 11 | pop=43 seed=75204 x0_norm_min=-0.781 x0_norm_max=0.859
        [Trial 11] gen   20  evals=  860  best=1.4447
        [Trial 11] gen   40  evals= 1720  best=1.2949
        [Trial 11] gen   60  evals= 2580  best=1.2307
        [Trial 11] gen   80  evals= 3440  best=1.1585
        [Trial 11] gen  100  evals= 4300  best=1.0258
        [Trial 11] gen  120  evals= 5160  best=1.0258
        [Trial 11] gen  140  evals= 6020  best=1.0258
        [Trial 11] gen  160  evals= 6880  best=1.0258
        [Trial 11] gen  180  evals= 7740  best=1.0258
        [Trial 11] gen  200  evals= 8600  best=1.0246
        [Trial 11] gen  220  evals= 9460  best=1.0244
        [Trial 11] gen  240  evals=10320  best=1.0226
        [Trial 11] gen  260  evals=11180  best=1.0226
        [Trial 11] gen  280  evals=12040  best=1.0225
        [Trial 11] gen  300  evals=12900  best=1.0223
        [Trial 11] gen  320  evals=13760  best=1.0219
        [Trial 11] gen  340  evals=14620  best=1.0217
        [Trial 11] gen  360  evals=15480  best=1.0214
        [Trial 11] gen  380  evals=16340  best=1.0214
        [Trial 11] gen  400  evals=17200  best=1.0213
        [Trial 11] gen  420  evals=18060  best=1.0211
        [Done] Trial 11 best=1.0211
    --> Trial 12 | pop=30 seed=80627 x0_norm_min=-0.402 x0_norm_max=0.428
        [Pruned] Trial 12 at gen 15 (loss=1.5094)
    --> Trial 13 | pop=43 seed=77093 x0_norm_min=-0.863 x0_norm_max=0.955
        [Pruned] Trial 13 at gen 15 (loss=1.5043)
    --> Trial 14 | pop=55 seed=85359 x0_norm_min=-0.897 x0_norm_max=-0.091
        [Pruned] Trial 14 at gen 15 (loss=1.5383)
    --> Trial 15 | pop=35 seed=69702 x0_norm_min=-0.690 x0_norm_max=0.990
        [Pruned] Trial 15 at gen 15 (loss=1.5227)
    --> Trial 16 | pop=44 seed=88333 x0_norm_min=-0.776 x0_norm_max=0.982
        [Pruned] Trial 16 at gen 15 (loss=1.5001)
    --> Trial 17 | pop=59 seed=46189 x0_norm_min=-0.863 x0_norm_max=0.835
        [Trial 17] gen   20  evals= 1180  best=1.4764
        [Trial 17] gen   40  evals= 2360  best=1.4721
        [Pruned] Trial 17 at gen 45 (loss=1.4721)
    --> Trial 18 | pop=52 seed=69453 x0_norm_min=-0.933 x0_norm_max=0.907
        [Trial 18] gen   20  evals= 1040  best=1.4136
        [Trial 18] gen   40  evals= 2080  best=1.3732
        [Trial 18] gen   60  evals= 3120  best=1.2414
        [Trial 18] gen   80  evals= 4160  best=1.1942
        [Trial 18] gen  100  evals= 5200  best=1.1547
        [Trial 18] gen  120  evals= 6240  best=1.1383
        [Pruned] Trial 18 at gen 135 (loss=1.1373)
    --> Trial 19 | pop=46 seed=27340 x0_norm_min=-0.948 x0_norm_max=0.822
        [Trial 19] gen   20  evals=  920  best=1.4533
        [Trial 19] gen   40  evals= 1840  best=1.3829
        [Pruned] Trial 19 at gen 45 (loss=1.3572)

  Winner: Trial 11, loss=1.021071 (1794s)
    Restarts run: 20
    mu: 43.579611
    D_mu: 7.457010
    T0_mu: 22.940973
    Ly: 2.487219
    op_x: 0.901783
    op_y: 0.604175
    NMSE: 0.003856
  [Saved] random_IR_0042

============================================================
[43/50] random_IR_0043.npz
  GT loss: 1.319202
    --> Trial 0 | pop=55 seed=87961 x0_norm_min=-0.944 x0_norm_max=0.730
        [Trial 0] gen   20  evals= 1100  best=2.1733
        [Trial 0] gen   40  evals= 2200  best=2.1673
        [Trial 0] gen   60  evals= 3300  best=2.1088
        [Trial 0] gen   80  evals= 4400  best=2.0702
        [Trial 0] gen  100  evals= 5500  best=2.0310
        [Trial 0] gen  120  evals= 6600  best=2.0310
        [Trial 0] gen  140  evals= 7700  best=2.0310
        [Trial 0] gen  160  evals= 8800  best=2.0310
        [Trial 0] gen  180  evals= 9900  best=2.0310
        [Trial 0] gen  200  evals=11000  best=2.0296
        [Trial 0] gen  220  evals=12100  best=2.0255
        [Trial 0] gen  240  evals=13200  best=2.0229
        [Trial 0] gen  260  evals=14300  best=2.0229
        [Trial 0] gen  280  evals=15400  best=2.0221
        [Trial 0] gen  300  evals=16500  best=2.0211
        [Trial 0] gen  320  evals=17600  best=2.0208
        [Trial 0] gen  340  evals=18700  best=2.0208
        [Trial 0] gen  360  evals=19800  best=2.0208
        [Trial 0] gen  380  evals=20900  best=2.0207
        [Trial 0] gen  400  evals=22000  best=2.0207
        [Trial 0] gen  420  evals=23100  best=2.0207
        [Trial 0] gen  440  evals=24200  best=2.0207
        [Trial 0] gen  460  evals=25300  best=2.0203
        [Trial 0] gen  480  evals=26400  best=2.0203
        [Trial 0] gen  500  evals=27500  best=2.0202
        [Trial 0] gen  520  evals=28600  best=2.0202
        [Trial 0] gen  540  evals=29700  best=2.0202
        [Done] Trial 0 best=2.0202
    --> Trial 1 | pop=44 seed=59626 x0_norm_min=-0.937 x0_norm_max=0.907
        [Trial 1] gen   20  evals=  880  best=2.1175
        [Trial 1] gen   40  evals= 1760  best=2.0879
        [Trial 1] gen   60  evals= 2640  best=2.0524
        [Trial 1] gen   80  evals= 3520  best=2.0524
        [Trial 1] gen  100  evals= 4400  best=2.0159
        [Trial 1] gen  120  evals= 5280  best=1.9861
        [Trial 1] gen  140  evals= 6160  best=1.9772
        [Trial 1] gen  160  evals= 7040  best=1.9772
        [Trial 1] gen  180  evals= 7920  best=1.9629
        [Trial 1] gen  200  evals= 8800  best=1.9521
        [Trial 1] gen  220  evals= 9680  best=1.9392
        [Trial 1] gen  240  evals=10560  best=1.9302
        [Trial 1] gen  260  evals=11440  best=1.9299
        [Trial 1] gen  280  evals=12320  best=1.9285
        [Trial 1] gen  300  evals=13200  best=1.9276
        [Trial 1] gen  320  evals=14080  best=1.9276
        [Trial 1] gen  340  evals=14960  best=1.9273
        [Trial 1] gen  360  evals=15840  best=1.9267
        [Trial 1] gen  380  evals=16720  best=1.9234
        [Trial 1] gen  400  evals=17600  best=1.9234
        [Trial 1] gen  420  evals=18480  best=1.9234
        [Trial 1] gen  440  evals=19360  best=1.9234
NOTE (module=cma, iteration=453):  
condition in coordinate system exceeded 1.0e+08, rescaled to 1.0e+00, 
condition changed from 6.9e+09 to 1.5e+09
        [Trial 1] gen  460  evals=20240  best=1.9233
        [Trial 1] gen  480  evals=21120  best=1.9232
        [Trial 1] gen  500  evals=22000  best=1.9231
        [Trial 1] gen  520  evals=22880  best=1.9231
        [Trial 1] gen  540  evals=23760  best=1.9226
        [Trial 1] gen  560  evals=24640  best=1.9226
        [Trial 1] gen  580  evals=25520  best=1.9225
        [Trial 1] gen  600  evals=26400  best=1.9225
        [Trial 1] gen  620  evals=27280  best=1.9225
        [Trial 1] gen  640  evals=28160  best=1.9225
        [Trial 1] gen  660  evals=29040  best=1.9225
        [Trial 1] gen  680  evals=29920  best=1.9225
        [Done] Trial 1 best=1.9225
    --> Trial 2 | pop=45 seed=82022 x0_norm_min=-0.344 x0_norm_max=0.824
        [Pruned] Trial 2 at gen 15 (loss=2.1195)
    --> Trial 3 | pop=35 seed=53069 x0_norm_min=-0.797 x0_norm_max=0.622
        [Pruned] Trial 3 at gen 15 (loss=2.1605)
    --> Trial 4 | pop=46 seed=50877 x0_norm_min=-0.947 x0_norm_max=0.785
        [Trial 4] gen   20  evals=  920  best=2.0943
        [Trial 4] gen   40  evals= 1840  best=2.0943
        [Pruned] Trial 4 at gen 45 (loss=2.0943)
    --> Trial 5 | pop=46 seed=99236 x0_norm_min=-0.748 x0_norm_max=0.981
        [Trial 5] gen   20  evals=  920  best=2.0815
        [Trial 5] gen   40  evals= 1840  best=2.0226
        [Trial 5] gen   60  evals= 2760  best=2.0226
        [Trial 5] gen   80  evals= 3680  best=2.0226
        [Trial 5] gen  100  evals= 4600  best=2.0226
        [Trial 5] gen  120  evals= 5520  best=2.0031
        [Pruned] Trial 5 at gen 135 (loss=2.0031)
    --> Trial 6 | pop=33 seed=2686 x0_norm_min=-0.929 x0_norm_max=0.732
        [Pruned] Trial 6 at gen 15 (loss=2.1388)
    --> Trial 7 | pop=40 seed=11836 x0_norm_min=-0.779 x0_norm_max=0.922
        [Pruned] Trial 7 at gen 15 (loss=2.1580)
    --> Trial 8 | pop=33 seed=86979 x0_norm_min=-0.814 x0_norm_max=0.843
        [Pruned] Trial 8 at gen 15 (loss=2.1615)
    --> Trial 9 | pop=60 seed=74243 x0_norm_min=-0.955 x0_norm_max=0.770
        [Pruned] Trial 9 at gen 15 (loss=2.2188)
    --> Trial 10 | pop=53 seed=40064 x0_norm_min=-0.841 x0_norm_max=0.672
        [Pruned] Trial 10 at gen 15 (loss=2.2180)
    --> Trial 11 | pop=55 seed=67157 x0_norm_min=-0.781 x0_norm_max=0.859
        [Pruned] Trial 11 at gen 15 (loss=2.1310)
    --> Trial 12 | pop=51 seed=30849 x0_norm_min=-0.402 x0_norm_max=0.428
        [Pruned] Trial 12 at gen 15 (loss=2.1494)
    --> Trial 13 | pop=60 seed=58915 x0_norm_min=-0.863 x0_norm_max=0.955
        [Pruned] Trial 13 at gen 15 (loss=2.1839)
    --> Trial 14 | pop=39 seed=97005 x0_norm_min=-0.897 x0_norm_max=-0.091
        [Trial 14] gen   20  evals=  780  best=2.0764
        [Trial 14] gen   40  evals= 1560  best=2.0764
        [Pruned] Trial 14 at gen 45 (loss=2.0764)
    --> Trial 15 | pop=50 seed=34432 x0_norm_min=-0.690 x0_norm_max=0.990
        [Pruned] Trial 15 at gen 15 (loss=2.2337)
    --> Trial 16 | pop=42 seed=69836 x0_norm_min=-0.776 x0_norm_max=0.982
        [Trial 16] gen   20  evals=  840  best=2.1192
        [Trial 16] gen   40  evals= 1680  best=2.0593
        [Trial 16] gen   60  evals= 2520  best=2.0593
        [Trial 16] gen   80  evals= 3360  best=2.0593
        [Trial 16] gen  100  evals= 4200  best=2.0026
        [Trial 16] gen  120  evals= 5040  best=2.0026
        [Pruned] Trial 16 at gen 135 (loss=2.0026)
    --> Trial 17 | pop=57 seed=82788 x0_norm_min=-0.863 x0_norm_max=0.835
        [Pruned] Trial 17 at gen 15 (loss=2.1423)
    --> Trial 18 | pop=49 seed=20570 x0_norm_min=-0.933 x0_norm_max=0.907
        [Pruned] Trial 18 at gen 15 (loss=2.1701)
    --> Trial 19 | pop=56 seed=61163 x0_norm_min=-0.948 x0_norm_max=0.822
        [Pruned] Trial 19 at gen 15 (loss=2.1625)

  Winner: Trial 1, loss=1.922488 (976s)
    Restarts run: 20
    mu: 5.327323
    D_mu: 3.779618
    T0_mu: 117.115846
    Ly: 2.114274
    op_x: 0.906620
    op_y: 0.931549
    NMSE: 0.035373
  [Saved] random_IR_0043

============================================================
[44/50] random_IR_0044.npz
  GT loss: 0.701767
    --> Trial 0 | pop=33 seed=86326 x0_norm_min=-0.944 x0_norm_max=0.730
        [Trial 0] gen   20  evals=  660  best=1.1550
        [Trial 0] gen   40  evals= 1320  best=1.0557
        [Trial 0] gen   60  evals= 1980  best=0.9802
        [Trial 0] gen   80  evals= 2640  best=0.9369
        [Trial 0] gen  100  evals= 3300  best=0.9293
        [Trial 0] gen  120  evals= 3960  best=0.9187
        [Trial 0] gen  140  evals= 4620  best=0.9155
        [Trial 0] gen  160  evals= 5280  best=0.9112
        [Trial 0] gen  180  evals= 5940  best=0.9109
        [Trial 0] gen  200  evals= 6600  best=0.9102
        [Trial 0] gen  220  evals= 7260  best=0.9091
        [Trial 0] gen  240  evals= 7920  best=0.9091
        [Trial 0] gen  260  evals= 8580  best=0.9076
        [Trial 0] gen  280  evals= 9240  best=0.9065
        [Trial 0] gen  300  evals= 9900  best=0.9062
        [Trial 0] gen  320  evals=10560  best=0.9044
        [Trial 0] gen  340  evals=11220  best=0.9041
        [Trial 0] gen  360  evals=11880  best=0.9041
        [Trial 0] gen  380  evals=12540  best=0.9041
        [Trial 0] gen  400  evals=13200  best=0.9041
        [Trial 0] gen  420  evals=13860  best=0.9041
        [Trial 0] gen  440  evals=14520  best=0.9041
        [Trial 0] gen  460  evals=15180  best=0.9041
        [Trial 0] gen  480  evals=15840  best=0.9041
        [Trial 0] gen  500  evals=16500  best=0.9041
        [Trial 0] gen  520  evals=17160  best=0.9041
        [Done] Trial 0 best=0.9041
    --> Trial 1 | pop=38 seed=1546 x0_norm_min=-0.937 x0_norm_max=0.907
        [Pruned] Trial 1 at gen 15 (loss=1.1804)
    --> Trial 2 | pop=55 seed=89437 x0_norm_min=-0.344 x0_norm_max=0.824
        [Trial 2] gen   20  evals= 1100  best=1.1611
        [Trial 2] gen   40  evals= 2200  best=0.9926
        [Trial 2] gen   60  evals= 3300  best=0.9604
        [Trial 2] gen   80  evals= 4400  best=0.9169
        [Trial 2] gen  100  evals= 5500  best=0.8976
        [Trial 2] gen  120  evals= 6600  best=0.8768
        [Trial 2] gen  140  evals= 7700  best=0.8712
        [Trial 2] gen  160  evals= 8800  best=0.8668
        [Trial 2] gen  180  evals= 9900  best=0.8621
        [Trial 2] gen  200  evals=11000  best=0.8621
        [Trial 2] gen  220  evals=12100  best=0.8621
        [Trial 2] gen  240  evals=13200  best=0.8592
        [Trial 2] gen  260  evals=14300  best=0.8592
NOTE (module=cma, iteration=278):  
condition in coordinate system exceeded 1.1e+08, rescaled to 1.0e+00, 
condition changed from 2.6e+09 to 9.1e+08
        [Trial 2] gen  280  evals=15400  best=0.8578
        [Trial 2] gen  300  evals=16500  best=0.8564
        [Trial 2] gen  320  evals=17600  best=0.8562
        [Trial 2] gen  340  evals=18700  best=0.8562
        [Trial 2] gen  360  evals=19800  best=0.8558
        [Trial 2] gen  380  evals=20900  best=0.8555
        [Trial 2] gen  400  evals=22000  best=0.8552
        [Trial 2] gen  420  evals=23100  best=0.8551
        [Trial 2] gen  440  evals=24200  best=0.8544
        [Trial 2] gen  460  evals=25300  best=0.8544
        [Trial 2] gen  480  evals=26400  best=0.8544
        [Done] Trial 2 best=0.8544
    --> Trial 3 | pop=37 seed=98755 x0_norm_min=-0.797 x0_norm_max=0.622
        [Pruned] Trial 3 at gen 15 (loss=1.2502)
    --> Trial 4 | pop=37 seed=10581 x0_norm_min=-0.947 x0_norm_max=0.785
        [Trial 4] gen   20  evals=  740  best=1.0504
        [Trial 4] gen   40  evals= 1480  best=1.0115
        [Pruned] Trial 4 at gen 45 (loss=1.0115)
    --> Trial 5 | pop=45 seed=76385 x0_norm_min=-0.748 x0_norm_max=0.981
        [Pruned] Trial 5 at gen 15 (loss=1.1896)
    --> Trial 6 | pop=38 seed=20334 x0_norm_min=-0.929 x0_norm_max=0.732
        [Trial 6] gen   20  evals=  760  best=1.0664
        [Trial 6] gen   40  evals= 1520  best=0.8362
        [Trial 6] gen   60  evals= 2280  best=0.8362
        [Trial 6] gen   80  evals= 3040  best=0.8362
        [Trial 6] gen  100  evals= 3800  best=0.8362
        [Trial 6] gen  120  evals= 4560  best=0.8362
        [Trial 6] gen  140  evals= 5320  best=0.8362
        [Trial 6] gen  160  evals= 6080  best=0.8362
        [Trial 6] gen  180  evals= 6840  best=0.8362
        [Trial 6] gen  200  evals= 7600  best=0.8362
        [Trial 6] gen  220  evals= 8360  best=0.8362
        [Trial 6] gen  240  evals= 9120  best=0.8362
        [Trial 6] gen  260  evals= 9880  best=0.8362
        [Trial 6] gen  280  evals=10640  best=0.8362
        [Trial 6] gen  300  evals=11400  best=0.8362
        [Trial 6] gen  320  evals=12160  best=0.8362
        [Trial 6] gen  340  evals=12920  best=0.8362
        [Trial 6] gen  360  evals=13680  best=0.8362
        [Trial 6] gen  380  evals=14440  best=0.8362
        [Trial 6] gen  400  evals=15200  best=0.8362
        [Trial 6] gen  420  evals=15960  best=0.8362
        [Trial 6] gen  440  evals=16720  best=0.8362
        [Trial 6] gen  460  evals=17480  best=0.8362
        [Trial 6] gen  480  evals=18240  best=0.8362
        [Trial 6] gen  500  evals=19000  best=0.8362
        [Trial 6] gen  520  evals=19760  best=0.8362
        [Done] Trial 6 best=0.8362
    --> Trial 7 | pop=39 seed=40220 x0_norm_min=-0.779 x0_norm_max=0.922
        [Pruned] Trial 7 at gen 15 (loss=1.3531)
    --> Trial 8 | pop=43 seed=83989 x0_norm_min=-0.814 x0_norm_max=0.843
        [Trial 8] gen   20  evals=  860  best=1.0748
        [Trial 8] gen   40  evals= 1720  best=1.0499
        [Pruned] Trial 8 at gen 45 (loss=1.0185)
    --> Trial 9 | pop=39 seed=12932 x0_norm_min=-0.955 x0_norm_max=0.770
        [Pruned] Trial 9 at gen 15 (loss=1.2585)
    --> Trial 10 | pop=60 seed=50390 x0_norm_min=-0.841 x0_norm_max=0.672
        [Pruned] Trial 10 at gen 15 (loss=1.2209)
    --> Trial 11 | pop=55 seed=47859 x0_norm_min=-0.781 x0_norm_max=0.859
        [Pruned] Trial 11 at gen 15 (loss=1.3002)
    --> Trial 12 | pop=50 seed=30363 x0_norm_min=-0.402 x0_norm_max=0.428
        [Trial 12] gen   20  evals= 1000  best=1.1522
        [Trial 12] gen   40  evals= 2000  best=1.1430
        [Pruned] Trial 12 at gen 45 (loss=1.1430)
    --> Trial 13 | pop=30 seed=64620 x0_norm_min=-0.863 x0_norm_max=0.955
        [Trial 13] gen   20  evals=  600  best=1.0760
        [Trial 13] gen   40  evals= 1200  best=0.9445
        [Trial 13] gen   60  evals= 1800  best=0.8723
        [Trial 13] gen   80  evals= 2400  best=0.8723
        [Trial 13] gen  100  evals= 3000  best=0.8723
        [Trial 13] gen  120  evals= 3600  best=0.8723
        [Pruned] Trial 13 at gen 135 (loss=0.8686)
    --> Trial 14 | pop=50 seed=63818 x0_norm_min=-0.897 x0_norm_max=-0.091
        [Pruned] Trial 14 at gen 15 (loss=1.3430)
    --> Trial 15 | pop=59 seed=23699 x0_norm_min=-0.690 x0_norm_max=0.990
        [Trial 15] gen   20  evals= 1180  best=1.0933
        [Trial 15] gen   40  evals= 2360  best=0.9085
        [Pruned] Trial 15 at gen 45 (loss=0.9085)
    --> Trial 16 | pop=50 seed=99841 x0_norm_min=-0.776 x0_norm_max=0.982
        [Pruned] Trial 16 at gen 15 (loss=1.2411)
    --> Trial 17 | pop=45 seed=70041 x0_norm_min=-0.863 x0_norm_max=0.835
        [Pruned] Trial 17 at gen 15 (loss=1.2001)
    --> Trial 18 | pop=55 seed=54679 x0_norm_min=-0.933 x0_norm_max=0.907
        [Pruned] Trial 18 at gen 15 (loss=1.2181)
    --> Trial 19 | pop=53 seed=33050 x0_norm_min=-0.948 x0_norm_max=0.822
        [Trial 19] gen   20  evals= 1060  best=1.1037
        [Trial 19] gen   40  evals= 2120  best=0.9872
        [Pruned] Trial 19 at gen 45 (loss=0.9872)

  Winner: Trial 6, loss=0.836181 (1766s)
    Restarts run: 20
    mu: 46.812850
    D_mu: 4.922305
    T0_mu: 0.142530/home/bhpark3/dafxenv/lib/python3.12/site-packages/cma/utilities/utils.py:369: UserWarning: 
        geno-pheno transformation introduced based on the
        current covariance matrix with condition 1.1e+12 -> 1.0e+00,
        injected solutions become "invalid" in this iteration (time=Jul  6 14:02:22 2026 class=CMAEvolutionStrategy method=alleviate_conditioning iteration=498)
  warnings.warn(msg + ' (time={}'.format(time.asctime()[4:]) +

    Ly: 3.344409
    op_x: 0.576248
    op_y: 0.534097
    NMSE: 0.008416
  [Saved] random_IR_0044

============================================================
[45/50] random_IR_0045.npz
  GT loss: 0.810035
    --> Trial 0 | pop=38 seed=60607 x0_norm_min=-0.944 x0_norm_max=0.730
        [Trial 0] gen   20  evals=  760  best=1.4749
        [Trial 0] gen   40  evals= 1520  best=1.3493
        [Trial 0] gen   60  evals= 2280  best=1.3315
        [Trial 0] gen   80  evals= 3040  best=1.3024
        [Trial 0] gen  100  evals= 3800  best=1.2941
        [Trial 0] gen  120  evals= 4560  best=1.2927
        [Trial 0] gen  140  evals= 5320  best=1.2899
        [Trial 0] gen  160  evals= 6080  best=1.2729
        [Trial 0] gen  180  evals= 6840  best=1.2652
        [Trial 0] gen  200  evals= 7600  best=1.2565
        [Trial 0] gen  220  evals= 8360  best=1.2561
        [Trial 0] gen  240  evals= 9120  best=1.2531
        [Trial 0] gen  260  evals= 9880  best=1.2529
        [Trial 0] gen  280  evals=10640  best=1.2521
        [Trial 0] gen  300  evals=11400  best=1.2519
        [Trial 0] gen  320  evals=12160  best=1.2516
        [Trial 0] gen  340  evals=12920  best=1.2516
        [Trial 0] gen  360  evals=13680  best=1.2497
        [Trial 0] gen  380  evals=14440  best=1.2497
        [Trial 0] gen  400  evals=15200  best=1.2497
        [Trial 0] gen  420  evals=15960  best=1.2497
        [Trial 0] gen  440  evals=16720  best=1.2497
        [Trial 0] gen  460  evals=17480  best=1.2497
        [Trial 0] gen  480  evals=18240  best=1.2497
        [Trial 0] gen  500  evals=19000  best=1.2497
        [Done] Trial 0 best=1.2497
    --> Trial 1 | pop=58 seed=73350 x0_norm_min=-0.937 x0_norm_max=0.907
        [Pruned] Trial 1 at gen 15 (loss=1.5083)
    --> Trial 2 | pop=46 seed=82585 x0_norm_min=-0.344 x0_norm_max=0.824
        [Trial 2] gen   20  evals=  920  best=1.4051
        [Trial 2] gen   40  evals= 1840  best=1.3586
        [Trial 2] gen   60  evals= 2760  best=1.3033
        [Trial 2] gen   80  evals= 3680  best=1.2966
        [Trial 2] gen  100  evals= 4600  best=1.2943
        [Trial 2] gen  120  evals= 5520  best=1.2910
        [Trial 2] gen  140  evals= 6440  best=1.2778
        [Trial 2] gen  160  evals= 7360  best=1.2710
        [Trial 2] gen  180  evals= 8280  best=1.2671
        [Trial 2] gen  200  evals= 9200  best=1.2671
        [Trial 2] gen  220  evals=10120  best=1.2652
        [Trial 2] gen  240  evals=11040  best=1.2641
        [Trial 2] gen  260  evals=11960  best=1.2641
        [Trial 2] gen  280  evals=12880  best=1.2625
        [Trial 2] gen  300  evals=13800  best=1.2625
        [Trial 2] gen  320  evals=14720  best=1.2606
        [Trial 2] gen  340  evals=15640  best=1.2606
        [Trial 2] gen  360  evals=16560  best=1.2600
        [Trial 2] gen  380  evals=17480  best=1.2600
        [Trial 2] gen  400  evals=18400  best=1.2597
        [Pruned] Trial 2 at gen 405 (loss=1.2597)
    --> Trial 3 | pop=31 seed=53097 x0_norm_min=-0.797 x0_norm_max=0.622
        [Pruned] Trial 3 at gen 15 (loss=1.4348)
    --> Trial 4 | pop=44 seed=73990 x0_norm_min=-0.947 x0_norm_max=0.785
        [Trial 4] gen   20  evals=  880  best=1.3146
        [Trial 4] gen   40  evals= 1760  best=1.3079
        [Trial 4] gen   60  evals= 2640  best=1.3079
        [Trial 4] gen   80  evals= 3520  best=1.2937
        [Trial 4] gen  100  evals= 4400  best=1.2937
        [Trial 4] gen  120  evals= 5280  best=1.2879
        [Pruned] Trial 4 at gen 135 (loss=1.2868)
    --> Trial 5 | pop=56 seed=56807 x0_norm_min=-0.748 x0_norm_max=0.981
        [Pruned] Trial 5 at gen 15 (loss=1.4273)
    --> Trial 6 | pop=35 seed=30954 x0_norm_min=-0.929 x0_norm_max=0.732
        [Trial 6] gen   20  evals=  700  best=1.3663
        [Trial 6] gen   40  evals= 1400  best=1.3382
        [Pruned] Trial 6 at gen 45 (loss=1.3382)
    --> Trial 7 | pop=60 seed=38344 x0_norm_min=-0.779 x0_norm_max=0.922
        [Pruned] Trial 7 at gen 15 (loss=1.5091)
    --> Trial 8 | pop=36 seed=89344 x0_norm_min=-0.814 x0_norm_max=0.843
        [Pruned] Trial 8 at gen 15 (loss=1.4321)
    --> Trial 9 | pop=31 seed=4684 x0_norm_min=-0.955 x0_norm_max=0.770
        [Pruned] Trial 9 at gen 15 (loss=1.5025)
    --> Trial 10 | pop=50 seed=7803 x0_norm_min=-0.841 x0_norm_max=0.672
        [Pruned] Trial 10 at gen 15 (loss=1.4790)
    --> Trial 11 | pop=43 seed=92994 x0_norm_min=-0.781 x0_norm_max=0.859
        [Pruned] Trial 11 at gen 15 (loss=1.4697)
    --> Trial 12 | pop=43 seed=71155 x0_norm_min=-0.402 x0_norm_max=0.428
        [Trial 12] gen   20  evals=  860  best=1.3770
        [Trial 12] gen   40  evals= 1720  best=1.3770
        [Pruned] Trial 12 at gen 45 (loss=1.3770)
    --> Trial 13 | pop=49 seed=56253 x0_norm_min=-0.863 x0_norm_max=0.955
        [Pruned] Trial 13 at gen 15 (loss=1.4989)
    --> Trial 14 | pop=38 seed=82538 x0_norm_min=-0.897 x0_norm_max=-0.091
        [Pruned] Trial 14 at gen 15 (loss=1.5920)
    --> Trial 15 | pop=47 seed=98020 x0_norm_min=-0.690 x0_norm_max=0.990
        [Pruned] Trial 15 at gen 15 (loss=1.4288)
    --> Trial 16 | pop=40 seed=40950 x0_norm_min=-0.776 x0_norm_max=0.982
        [Trial 16] gen   20  evals=  800  best=1.3817
        [Trial 16] gen   40  evals= 1600  best=1.3738
        [Pruned] Trial 16 at gen 45 (loss=1.3738)
    --> Trial 17 | pop=54 seed=62358 x0_norm_min=-0.863 x0_norm_max=0.835
        [Pruned] Trial 17 at gen 15 (loss=1.4391)
    --> Trial 18 | pop=53 seed=21782 x0_norm_min=-0.933 x0_norm_max=0.907
        [Pruned] Trial 18 at gen 15 (loss=1.4331)
    --> Trial 19 | pop=41 seed=81038 x0_norm_min=-0.948 x0_norm_max=0.822
        [Trial 19] gen   20  evals=  820  best=1.4059
        [Trial 19] gen   40  evals= 1640  best=1.3382
        [Trial 19] gen   60  evals= 2460  best=1.3129
        [Trial 19] gen   80  evals= 3280  best=1.2942
        [Trial 19] gen  100  evals= 4100  best=1.2942
        [Trial 19] gen  120  evals= 4920  best=1.2942
        [Pruned] Trial 19 at gen 135 (loss=1.2942)

  Winner: Trial 0, loss=1.249685 (969s)
    Restarts run: 20
    mu: 76.906538
    D_mu: 13.492374
    T0_mu: 11.158362
    Ly: 4.000000
    op_x: 0.581310
    op_y: 0.790741
    NMSE: 0.111280
  [Saved] random_IR_0045

============================================================
[46/50] random_IR_0046.npz
  GT loss: 0.673853
    --> Trial 0 | pop=57 seed=46281 x0_norm_min=-0.944 x0_norm_max=0.730
        [Trial 0] gen   20  evals= 1140  best=1.4352
        [Trial 0] gen   40  evals= 2280  best=1.2179
        [Trial 0] gen   60  evals= 3420  best=1.1376
        [Trial 0] gen   80  evals= 4560  best=1.0117
        [Trial 0] gen  100  evals= 5700  best=0.9993
        [Trial 0] gen  120  evals= 6840  best=0.9786
        [Trial 0] gen  140  evals= 7980  best=0.9711
        [Trial 0] gen  160  evals= 9120  best=0.9497
        [Trial 0] gen  180  evals=10260  best=0.9299
        [Trial 0] gen  200  evals=11400  best=0.9248
NOTE (module=cma, iteration=204):  
condition in coordinate system exceeded 1.2e+08, rescaled to 1.0e+00, 
condition changed from 3.3e+08 to 8.1e+07
        [Trial 0] gen  220  evals=12540  best=0.9248
        [Trial 0] gen  240  evals=13680  best=0.9242
        [Trial 0] gen  260  evals=14820  best=0.9242
        [Trial 0] gen  280  evals=15960  best=0.9242
        [Trial 0] gen  300  evals=17100  best=0.9242
        [Trial 0] gen  320  evals=18240  best=0.9242
        [Trial 0] gen  340  evals=19380  best=0.9242
        [Trial 0] gen  360  evals=20520  best=0.9231
        [Trial 0] gen  380  evals=21660  best=0.9231
        [Trial 0] gen  400  evals=22800  best=0.9231
        [Trial 0] gen  420  evals=23940  best=0.9231
        [Trial 0] gen  440  evals=25080  best=0.9231
        [Trial 0] gen  460  evals=26220  best=0.9231
        [Trial 0] gen  480  evals=27360  best=0.9231
        [Trial 0] gen  500  evals=28500  best=0.9231
        [Trial 0] gen  520  evals=29640  best=0.9231
        [Done] Trial 0 best=0.9231
    --> Trial 1 | pop=50 seed=5190 x0_norm_min=-0.937 x0_norm_max=0.907
        [Trial 1] gen   20  evals= 1000  best=1.3762
        [Trial 1] gen   40  evals= 2000  best=1.1389
        [Trial 1] gen   60  evals= 3000  best=0.9600
        [Trial 1] gen   80  evals= 4000  best=0.9561
        [Trial 1] gen  100  evals= 5000  best=0.9370
        [Trial 1] gen  120  evals= 6000  best=0.9139
        [Trial 1] gen  140  evals= 7000  best=0.9091
        [Trial 1] gen  160  evals= 8000  best=0.9001
        [Trial 1] gen  180  evals= 9000  best=0.8987
        [Trial 1] gen  200  evals=10000  best=0.8952
        [Trial 1] gen  220  evals=11000  best=0.8911
        [Trial 1] gen  240  evals=12000  best=0.8902
        [Trial 1] gen  260  evals=13000  best=0.8902
        [Trial 1] gen  280  evals=14000  best=0.8902
        [Trial 1] gen  300  evals=15000  best=0.8902
        [Trial 1] gen  320  evals=16000  best=0.8898
NOTE (module=cma, iteration=331):  
condition in coordinate system exceeded 1.2e+08, rescaled to 1.0e+00, 
condition changed from 5.7e+09 to 9.3e+08
        [Trial 1] gen  340  evals=17000  best=0.8884
        [Trial 1] gen  360  evals=18000  best=0.8884
        [Trial 1] gen  380  evals=19000  best=0.8884
        [Trial 1] gen  400  evals=20000  best=0.8875
        [Trial 1] gen  420  evals=21000  best=0.8875
        [Trial 1] gen  440  evals=22000  best=0.8875
        [Trial 1] gen  460  evals=23000  best=0.8875
        [Trial 1] gen  480  evals=24000  best=0.8875
        [Done] Trial 1 best=0.8875
    --> Trial 2 | pop=60 seed=92435 x0_norm_min=-0.344 x0_norm_max=0.824
        [Trial 2] gen   20  evals= 1200  best=1.2750
        [Trial 2] gen   40  evals= 2400  best=1.2750
        [Pruned] Trial 2 at gen 45 (loss=1.2750)
    --> Trial 3 | pop=53 seed=75999 x0_norm_min=-0.797 x0_norm_max=0.622
        [Trial 3] gen   20  evals= 1060  best=1.3232
        [Trial 3] gen   40  evals= 2120  best=1.2411
        [Pruned] Trial 3 at gen 45 (loss=1.1730)
    --> Trial 4 | pop=58 seed=86942 x0_norm_min=-0.947 x0_norm_max=0.785
        [Trial 4] gen   20  evals= 1160  best=1.1980
        [Trial 4] gen   40  evals= 2320  best=1.0460
        [Trial 4] gen   60  evals= 3480  best=0.8708
        [Trial 4] gen   80  evals= 4640  best=0.7889
        [Trial 4] gen  100  evals= 5800  best=0.6829
        [Trial 4] gen  120  evals= 6960  best=0.6618
        [Trial 4] gen  140  evals= 8120  best=0.6537
        [Trial 4] gen  160  evals= 9280  best=0.6537
        [Trial 4] gen  180  evals=10440  best=0.6537
        [Trial 4] gen  200  evals=11600  best=0.6537
        [Trial 4] gen  220  evals=12760  best=0.6521
NOTE (module=cma, iteration=237):  
condition in coordinate system exceeded 1.0e+08, rescaled to 1.0e+00, 
condition changed from 1.2e+09 to 6.1e+08
        [Trial 4] gen  240  evals=13920  best=0.6515
        [Trial 4] gen  260  evals=15080  best=0.6501
        [Trial 4] gen  280  evals=16240  best=0.6498
        [Trial 4] gen  300  evals=17400  best=0.6490
        [Trial 4] gen  320  evals=18560  best=0.6490
        [Trial 4] gen  340  evals=19720  best=0.6490
        [Trial 4] gen  360  evals=20880  best=0.6490
        [Trial 4] gen  380  evals=22040  best=0.6490
        [Trial 4] gen  400  evals=23200  best=0.6490
        [Trial 4] gen  420  evals=24360  best=0.6490
        [Trial 4] gen  440  evals=25520  best=0.6490
        [Done] Trial 4 best=0.6490
    --> Trial 5 | pop=43 seed=8758 x0_norm_min=-0.748 x0_norm_max=0.981
        [Pruned] Trial 5 at gen 15 (loss=1.4073)
    --> Trial 6 | pop=34 seed=82295 x0_norm_min=-0.929 x0_norm_max=0.732
        [Trial 6] gen   20  evals=  680  best=1.3098
        [Trial 6] gen   40  evals= 1360  best=1.1947
        [Pruned] Trial 6 at gen 45 (loss=1.1357)
    --> Trial 7 | pop=36 seed=73522 x0_norm_min=-0.779 x0_norm_max=0.922
        [Pruned] Trial 7 at gen 15 (loss=1.3474)
    --> Trial 8 | pop=55 seed=14808 x0_norm_min=-0.814 x0_norm_max=0.843
        [Pruned] Trial 8 at gen 15 (loss=1.3724)
    --> Trial 9 | pop=38 seed=10130 x0_norm_min=-0.955 x0_norm_max=0.770
        [Trial 9] gen   20  evals=  760  best=1.2689
        [Trial 9] gen   40  evals= 1520  best=0.9602
        [Trial 9] gen   60  evals= 2280  best=0.9281
        [Trial 9] gen   80  evals= 3040  best=0.9281
        [Trial 9] gen  100  evals= 3800  best=0.9237
        [Trial 9] gen  120  evals= 4560  best=0.9006
        [Pruned] Trial 9 at gen 135 (loss=0.8914)
    --> Trial 10 | pop=30 seed=46140 x0_norm_min=-0.841 x0_norm_max=0.672
        [Pruned] Trial 10 at gen 15 (loss=1.4358)
    --> Trial 11 | pop=49 seed=39399 x0_norm_min=-0.781 x0_norm_max=0.859
        [Pruned] Trial 11 at gen 15 (loss=1.3439)
    --> Trial 12 | pop=49 seed=27615 x0_norm_min=-0.402 x0_norm_max=0.428
        [Trial 12] gen   20  evals=  980  best=1.2879
        [Trial 12] gen   40  evals= 1960  best=1.1300
        [Pruned] Trial 12 at gen 45 (loss=1.0561)
    --> Trial 13 | pop=48 seed=63038 x0_norm_min=-0.863 x0_norm_max=0.955
        [Trial 13] gen   20  evals=  960  best=1.3052
        [Trial 13] gen   40  evals= 1920  best=1.2187
        [Pruned] Trial 13 at gen 45 (loss=1.1782)
    --> Trial 14 | pop=44 seed=95098 x0_norm_min=-0.897 x0_norm_max=-0.091
        [Pruned] Trial 14 at gen 15 (loss=1.3542)
    --> Trial 15 | pop=60 seed=62541 x0_norm_min=-0.690 x0_norm_max=0.990
        [Pruned] Trial 15 at gen 15 (loss=1.4908)
    --> Trial 16 | pop=52 seed=25961 x0_norm_min=-0.776 x0_norm_max=0.982
        [Pruned] Trial 16 at gen 15 (loss=1.4745)
    --> Trial 17 | pop=42 seed=57038 x0_norm_min=-0.863 x0_norm_max=0.835
        [Pruned] Trial 17 at gen 15 (loss=1.3430)
    --> Trial 18 | pop=57 seed=24694 x0_norm_min=-0.933 x0_norm_max=0.907
        [Pruned] Trial 18 at gen 15 (loss=1.3457)
    --> Trial 19 | pop=46 seed=3574 x0_norm_min=-0.948 x0_norm_max=0.822
        [Pruned] Trial 19 at gen 15 (loss=1.4748)

  Winner: Trial 4, loss=0.648974 (1099s)
    Restarts run: 20
    mu: 56.790080
    D_mu: 6.125117
    T0_mu: 10.914991
    Ly: 1.811540
    op_x: 0.642423
    op_y: 0.574460
    NMSE: 0.000733
  [Saved] random_IR_0046

============================================================
[47/50] random_IR_0047.npz
  GT loss: 0.735649
    --> Trial 0 | pop=32 seed=4938 x0_norm_min=-0.944 x0_norm_max=0.730
        [Trial 0] gen   20  evals=  640  best=1.3138
        [Trial 0] gen   40  evals= 1280  best=1.1822
        [Trial 0] gen   60  evals= 1920  best=1.1035
        [Trial 0] gen   80  evals= 2560  best=1.1035
        [Trial 0] gen  100  evals= 3200  best=1.0816
        [Trial 0] gen  120  evals= 3840  best=1.0736
        [Trial 0] gen  140  evals= 4480  best=1.0665
        [Trial 0] gen  160  evals= 5120  best=1.0532
        [Trial 0] gen  180  evals= 5760  best=1.0514
        [Trial 0] gen  200  evals= 6400  best=1.0514
        [Trial 0] gen  220  evals= 7040  best=1.0497
        [Trial 0] gen  240  evals= 7680  best=1.0490
        [Trial 0] gen  260  evals= 8320  best=1.0480
        [Trial 0] gen  280  evals= 8960  best=1.0463
        [Trial 0] gen  300  evals= 9600  best=1.0463
        [Trial 0] gen  320  evals=10240  best=1.0459
        [Trial 0] gen  340  evals=10880  best=1.0447
        [Trial 0] gen  360  evals=11520  best=1.0447
        [Trial 0] gen  380  evals=12160  best=1.0445
        [Trial 0] gen  400  evals=12800  best=1.0445
        [Trial 0] gen  420  evals=13440  best=1.0445
        [Trial 0] gen  440  evals=14080  best=1.0443
        [Trial 0] gen  460  evals=14720  best=1.0443
        [Trial 0] gen  480  evals=15360  best=1.0443
        [Trial 0] gen  500  evals=16000  best=1.0440
NOTE (module=cma, iteration=515):  
condition in coordinate system exceeded 1.1e+08, rescaled to 1.0e+00, 
condition changed from 1.1e+10 to 1.7e+09
        [Trial 0] gen  520  evals=16640  best=1.0440
        [Trial 0] gen  540  evals=17280  best=1.0440
        [Trial 0] gen  560  evals=17920  best=1.0440
        [Trial 0] gen  580  evals=18560  best=1.0440
        [Trial 0] gen  600  evals=19200  best=1.0440
        [Done] Trial 0 best=1.0440
    --> Trial 1 | pop=55 seed=60857 x0_norm_min=-0.937 x0_norm_max=0.907
        [Trial 1] gen   20  evals= 1100  best=1.2810
        [Trial 1] gen   40  evals= 2200  best=1.0944
        [Trial 1] gen   60  evals= 3300  best=1.0692
        [Trial 1] gen   80  evals= 4400  best=1.0577
        [Trial 1] gen  100  evals= 5500  best=1.0400
        [Trial 1] gen  120  evals= 6600  best=1.0346/home/bhpark3/dafxenv/lib/python3.12/site-packages/cma/utilities/utils.py:369: UserWarning: 
        geno-pheno transformation introduced based on the
        current covariance matrix with condition 1.0e+12 -> 1.0e+00,
        injected solutions become "invalid" in this iteration (time=Jul  6 14:47:00 2026 class=CMAEvolutionStrategy method=alleviate_conditioning iteration=493)
  warnings.warn(msg + ' (time={}'.format(time.asctime()[4:]) +

        [Trial 1] gen  140  evals= 7700  best=1.0257
        [Trial 1] gen  160  evals= 8800  best=1.0184
        [Trial 1] gen  180  evals= 9900  best=1.0184
        [Trial 1] gen  200  evals=11000  best=1.0165
NOTE (module=cma, iteration=215):  
condition in coordinate system exceeded 1.2e+08, rescaled to 1.0e+00, 
condition changed from 4.3e+08 to 4.9e+07
        [Trial 1] gen  220  evals=12100  best=1.0128
        [Trial 1] gen  240  evals=13200  best=1.0128
        [Trial 1] gen  260  evals=14300  best=1.0118
        [Trial 1] gen  280  evals=15400  best=1.0112
        [Trial 1] gen  300  evals=16500  best=1.0105
        [Trial 1] gen  320  evals=17600  best=1.0105
        [Trial 1] gen  340  evals=18700  best=1.0101
        [Trial 1] gen  360  evals=19800  best=1.0101
        [Trial 1] gen  380  evals=20900  best=1.0101
        [Trial 1] gen  400  evals=22000  best=1.0101
        [Trial 1] gen  420  evals=23100  best=1.0101
        [Trial 1] gen  440  evals=24200  best=1.0101
        [Trial 1] gen  460  evals=25300  best=1.0101
        [Trial 1] gen  480  evals=26400  best=1.0100
        [Trial 1] gen  500  evals=27500  best=1.0096
        [Trial 1] gen  520  evals=28600  best=1.0092
        [Trial 1] gen  540  evals=29700  best=1.0078
        [Done] Trial 1 best=1.0078
    --> Trial 2 | pop=51 seed=16685 x0_norm_min=-0.344 x0_norm_max=0.824
        [Trial 2] gen   20  evals= 1020  best=1.3170
        [Trial 2] gen   40  evals= 2040  best=1.1462
        [Pruned] Trial 2 at gen 45 (loss=1.1462)
    --> Trial 3 | pop=43 seed=2002 x0_norm_min=-0.797 x0_norm_max=0.622
        [Pruned] Trial 3 at gen 15 (loss=1.3211)
    --> Trial 4 | pop=39 seed=52750 x0_norm_min=-0.947 x0_norm_max=0.785
        [Pruned] Trial 4 at gen 15 (loss=1.3215)
    --> Trial 5 | pop=60 seed=16235 x0_norm_min=-0.748 x0_norm_max=0.981
        [Pruned] Trial 5 at gen 15 (loss=1.4587)
    --> Trial 6 | pop=36 seed=44975 x0_norm_min=-0.929 x0_norm_max=0.732
        [Pruned] Trial 6 at gen 15 (loss=1.3824)
    --> Trial 7 | pop=46 seed=90480 x0_norm_min=-0.779 x0_norm_max=0.922
        [Pruned] Trial 7 at gen 15 (loss=1.3584)
    --> Trial 8 | pop=50 seed=22624 x0_norm_min=-0.814 x0_norm_max=0.843
        [Trial 8] gen   20  evals= 1000  best=1.2236
        [Trial 8] gen   40  evals= 2000  best=1.1424
        [Pruned] Trial 8 at gen 45 (loss=1.1210)
    --> Trial 9 | pop=45 seed=54134 x0_norm_min=-0.955 x0_norm_max=0.770
        [Pruned] Trial 9 at gen 15 (loss=1.5029)
    --> Trial 10 | pop=59 seed=95806 x0_norm_min=-0.841 x0_norm_max=0.672
        [Pruned] Trial 10 at gen 15 (loss=1.3436)
    --> Trial 11 | pop=30 seed=67830 x0_norm_min=-0.781 x0_norm_max=0.859
        [Trial 11] gen   20  evals=  600  best=1.1874
        [Trial 11] gen   40  evals= 1200  best=1.1050
        [Pruned] Trial 11 at gen 45 (loss=1.1050)
    --> Trial 12 | pop=31 seed=75156 x0_norm_min=-0.402 x0_norm_max=0.428
        [Pruned] Trial 12 at gen 15 (loss=1.4425)
    --> Trial 13 | pop=51 seed=28186 x0_norm_min=-0.863 x0_norm_max=0.955
        [Trial 13] gen   20  evals= 1020  best=1.2595
        [Trial 13] gen   40  evals= 2040  best=1.1879
        [Pruned] Trial 13 at gen 45 (loss=1.1557)
    --> Trial 14 | pop=36 seed=40861 x0_norm_min=-0.897 x0_norm_max=-0.091
        [Trial 14] gen   20  evals=  720  best=1.2843
        [Trial 14] gen   40  evals= 1440  best=1.1183
        [Pruned] Trial 14 at gen 45 (loss=1.1183)
    --> Trial 15 | pop=55 seed=2692 x0_norm_min=-0.690 x0_norm_max=0.990
        [Pruned] Trial 15 at gen 15 (loss=1.4844)
    --> Trial 16 | pop=39 seed=76209 x0_norm_min=-0.776 x0_norm_max=0.982
        [Trial 16] gen   20  evals=  780  best=1.2389
        [Trial 16] gen   40  evals= 1560  best=1.1387
        [Pruned] Trial 16 at gen 45 (loss=1.1138)
    --> Trial 17 | pop=55 seed=36115 x0_norm_min=-0.863 x0_norm_max=0.835
        [Trial 17] gen   20  evals= 1100  best=1.1707
        [Trial 17] gen   40  evals= 2200  best=1.1210
        [Trial 17] gen   60  evals= 3300  best=1.0812
        [Trial 17] gen   80  evals= 4400  best=1.0547
        [Trial 17] gen  100  evals= 5500  best=1.0490
        [Trial 17] gen  120  evals= 6600  best=1.0404
        [Pruned] Trial 17 at gen 135 (loss=1.0396)
    --> Trial 18 | pop=34 seed=61273 x0_norm_min=-0.933 x0_norm_max=0.907
        [Trial 18] gen   20  evals=  680  best=1.2437
        [Trial 18] gen   40  evals= 1360  best=1.2008
        [Pruned] Trial 18 at gen 45 (loss=1.1961)
    --> Trial 19 | pop=41 seed=89819 x0_norm_min=-0.948 x0_norm_max=0.822
        [Pruned] Trial 19 at gen 15 (loss=1.4005)

  Winner: Trial 1, loss=1.007839 (574s)
    Restarts run: 20
    mu: 53.749907
    D_mu: 6.792068
    T0_mu: 13.889200
    Ly: 1.263738
    op_x: 0.717657
    op_y: 0.593954
    NMSE: 0.027876
  [Saved] random_IR_0047

============================================================
[48/50] random_IR_0048.npz
  GT loss: 1.027493
    --> Trial 0 | pop=31 seed=66558 x0_norm_min=-0.944 x0_norm_max=0.730
        [Trial 0] gen   20  evals=  620  best=1.9185
        [Trial 0] gen   40  evals= 1240  best=1.8691
        [Trial 0] gen   60  evals= 1860  best=1.7814
        [Trial 0] gen   80  evals= 2480  best=1.7814
        [Trial 0] gen  100  evals= 3100  best=1.7319
        [Trial 0] gen  120  evals= 3720  best=1.6809
        [Trial 0] gen  140  evals= 4340  best=1.6586
        [Trial 0] gen  160  evals= 4960  best=1.6059
        [Trial 0] gen  180  evals= 5580  best=1.5685
        [Trial 0] gen  200  evals= 6200  best=1.4805
        [Trial 0] gen  220  evals= 6820  best=1.4251
        [Trial 0] gen  240  evals= 7440  best=1.4219
        [Trial 0] gen  260  evals= 8060  best=1.4200
        [Trial 0] gen  280  evals= 8680  best=1.4159
        [Trial 0] gen  300  evals= 9300  best=1.4157
NOTE (module=cma, iteration=312):  
condition in coordinate system exceeded 1.1e+08, rescaled to 1.0e+00, 
condition changed from 3.5e+09 to 1.0e+09
        [Trial 0] gen  320  evals= 9920  best=1.4136
        [Trial 0] gen  340  evals=10540  best=1.4136
        [Trial 0] gen  360  evals=11160  best=1.4136
        [Trial 0] gen  380  evals=11780  best=1.4136
        [Trial 0] gen  400  evals=12400  best=1.4136
        [Trial 0] gen  420  evals=13020  best=1.4129
        [Trial 0] gen  440  evals=13640  best=1.4126
        [Trial 0] gen  460  evals=14260  best=1.4126
        [Trial 0] gen  480  evals=14880  best=1.4126
        [Trial 0] gen  500  evals=15500  best=1.4126
        [Trial 0] gen  520  evals=16120  best=1.4126
        [Trial 0] gen  540  evals=16740  best=1.4126
        [Trial 0] gen  560  evals=17360  best=1.4126
        [Done] Trial 0 best=1.4126
    --> Trial 1 | pop=41 seed=82388 x0_norm_min=-0.937 x0_norm_max=0.907
        [Trial 1] gen   20  evals=  820  best=1.8989
        [Trial 1] gen   40  evals= 1640  best=1.7543
        [Trial 1] gen   60  evals= 2460  best=1.5489
        [Trial 1] gen   80  evals= 3280  best=1.3871
        [Trial 1] gen  100  evals= 4100  best=1.3748
        [Trial 1] gen  120  evals= 4920  best=1.3582
        [Trial 1] gen  140  evals= 5740  best=1.3446
        [Trial 1] gen  160  evals= 6560  best=1.3446
        [Trial 1] gen  180  evals= 7380  best=1.3322
        [Trial 1] gen  200  evals= 8200  best=1.3297
        [Trial 1] gen  220  evals= 9020  best=1.3272
        [Trial 1] gen  240  evals= 9840  best=1.3242
NOTE (module=cma, iteration=259):  
condition in coordinate system exceeded 1.2e+08, rescaled to 1.0e+00, 
condition changed from 2.7e+09 to 3.1e+08
        [Trial 1] gen  260  evals=10660  best=1.3219
        [Trial 1] gen  280  evals=11480  best=1.3202
        [Trial 1] gen  300  evals=12300  best=1.3201
        [Trial 1] gen  320  evals=13120  best=1.3200
        [Trial 1] gen  340  evals=13940  best=1.3200
        [Trial 1] gen  360  evals=14760  best=1.3199
        [Trial 1] gen  380  evals=15580  best=1.3199
        [Trial 1] gen  400  evals=16400  best=1.3196
        [Trial 1] gen  420  evals=17220  best=1.3196
        [Trial 1] gen  440  evals=18040  best=1.3196
        [Trial 1] gen  460  evals=18860  best=1.3195
        [Trial 1] gen  480  evals=19680  best=1.3195
        [Trial 1] gen  500  evals=20500  best=1.3195
        [Done] Trial 1 best=1.3195
    --> Trial 2 | pop=39 seed=52844 x0_norm_min=-0.344 x0_norm_max=0.824
        [Pruned] Trial 2 at gen 15 (loss=1.9315)
    --> Trial 3 | pop=37 seed=97193 x0_norm_min=-0.797 x0_norm_max=0.622
        [Pruned] Trial 3 at gen 15 (loss=2.0465)
    --> Trial 4 | pop=30 seed=17633 x0_norm_min=-0.947 x0_norm_max=0.785
        [Pruned] Trial 4 at gen 15 (loss=2.0839)
    --> Trial 5 | pop=36 seed=2044 x0_norm_min=-0.748 x0_norm_max=0.981
        [Pruned] Trial 5 at gen 15 (loss=1.9546)
    --> Trial 6 | pop=37 seed=9772 x0_norm_min=-0.929 x0_norm_max=0.732
        [Pruned] Trial 6 at gen 15 (loss=1.9374)
    --> Trial 7 | pop=50 seed=31945 x0_norm_min=-0.779 x0_norm_max=0.922
        [Trial 7] gen   20  evals= 1000  best=1.7848
        [Trial 7] gen   40  evals= 2000  best=1.5580
        [Trial 7] gen   60  evals= 3000  best=1.3146
        [Trial 7] gen   80  evals= 4000  best=1.0882
        [Trial 7] gen  100  evals= 5000  best=1.0272
        [Trial 7] gen  120  evals= 6000  best=1.0123
        [Trial 7] gen  140  evals= 7000  best=1.0071
        [Trial 7] gen  160  evals= 8000  best=1.0063
        [Trial 7] gen  180  evals= 9000  best=1.0024
        [Trial 7] gen  200  evals=10000  best=1.0013
        [Trial 7] gen  220  evals=11000  best=0.9990
        [Trial 7] gen  240  evals=12000  best=0.9965
        [Trial 7] gen  260  evals=13000  best=0.9951
        [Trial 7] gen  280  evals=14000  best=0.9951
        [Trial 7] gen  300  evals=15000  best=0.9951
        [Trial 7] gen  320  evals=16000  best=0.9951
        [Trial 7] gen  340  evals=17000  best=0.9951
        [Trial 7] gen  360  evals=18000  best=0.9951
        [Trial 7] gen  380  evals=19000  best=0.9949
        [Trial 7] gen  400  evals=20000  best=0.9949
        [Trial 7] gen  420  evals=21000  best=0.9949
        [Trial 7] gen  440  evals=22000  best=0.9949
        [Trial 7] gen  460  evals=23000  best=0.9949
        [Trial 7] gen  480  evals=24000  best=0.9949
        [Trial 7] gen  500  evals=25000  best=0.9949
        [Trial 7] gen  520  evals=26000  best=0.9949
        [Trial 7] gen  540  evals=27000  best=0.9949
        [Trial 7] gen  560  evals=28000  best=0.9949
        [Done] Trial 7 best=0.9949
    --> Trial 8 | pop=56 seed=34967 x0_norm_min=-0.814 x0_norm_max=0.843
        [Trial 8] gen   20  evals= 1120  best=1.9211
        [Trial 8] gen   40  evals= 2240  best=1.8604
        [Pruned] Trial 8 at gen 45 (loss=1.8604)
    --> Trial 9 | pop=43 seed=49756 x0_norm_min=-0.955 x0_norm_max=0.770
        [Pruned] Trial 9 at gen 15 (loss=1.9640)
    --> Trial 10 | pop=60 seed=28904 x0_norm_min=-0.841 x0_norm_max=0.672
        [Trial 10] gen   20  evals= 1200  best=1.8302
        [Trial 10] gen   40  evals= 2400  best=1.7532
        [Pruned] Trial 10 at gen 45 (loss=1.7532)
    --> Trial 11 | pop=49 seed=98436 x0_norm_min=-0.781 x0_norm_max=0.859
        [Trial 11] gen   20  evals=  980  best=1.9026
        [Trial 11] gen   40  evals= 1960  best=1.8559
        [Pruned] Trial 11 at gen 45 (loss=1.8559)
    --> Trial 12 | pop=48 seed=77284 x0_norm_min=-0.402 x0_norm_max=0.428
        [Trial 12] gen   20  evals=  960  best=1.8481
        [Trial 12] gen   40  evals= 1920  best=1.8110
        [Pruned] Trial 12 at gen 45 (loss=1.7773)
    --> Trial 13 | pop=50 seed=78160 x0_norm_min=-0.863 x0_norm_max=0.955
        [Pruned] Trial 13 at gen 15 (loss=1.9568)
    --> Trial 14 | pop=44 seed=45585 x0_norm_min=-0.897 x0_norm_max=-0.091
        [Pruned] Trial 14 at gen 15 (loss=1.9459)
    --> Trial 15 | pop=54 seed=65747 x0_norm_min=-0.690 x0_norm_max=0.990
        [Pruned] Trial 15 at gen 15 (loss=1.9808)
    --> Trial 16 | pop=45 seed=27841 x0_norm_min=-0.776 x0_norm_max=0.982
        [Pruned] Trial 16 at gen 15 (loss=1.9935)
    --> Trial 17 | pop=53 seed=80376 x0_norm_min=-0.863 x0_norm_max=0.835
        [Trial 17] gen   20  evals= 1060  best=1.8673
        [Trial 17] gen   40  evals= 2120  best=1.7647
        [Pruned] Trial 17 at gen 45 (loss=1.7647)
    --> Trial 18 | pop=41 seed=88461 x0_norm_min=-0.933 x0_norm_max=0.907
        [Pruned] Trial 18 at gen 15 (loss=1.9845)
    --> Trial 19 | pop=33 seed=61177 x0_norm_min=-0.948 x0_norm_max=0.822
        [Pruned] Trial 19 at gen 15 (loss=1.9719)

  Winner: Trial 7, loss=0.994945 (712s)
    Restarts run: 20
    mu: 5.332036
    D_mu: 13.120289
    T0_mu: 130.239739
    Ly: 2.201799
    op_x: 0.891558
    op_y: 0.890936
    NMSE: 0.000008
  [Saved] random_IR_0048

============================================================
[49/50] random_IR_0049.npz
  GT loss: 0.655099
    --> Trial 0 | pop=57 seed=95060 x0_norm_min=-0.944 x0_norm_max=0.730
        [Trial 0] gen   20  evals= 1140  best=1.1848
        [Trial 0] gen   40  evals= 2280  best=1.1848
        [Trial 0] gen   60  evals= 3420  best=1.1579
        [Trial 0] gen   80  evals= 4560  best=1.1056
        [Trial 0] gen  100  evals= 5700  best=1.1056
        [Trial 0] gen  120  evals= 6840  best=1.0938
        [Trial 0] gen  140  evals= 7980  best=1.0821
        [Trial 0] gen  160  evals= 9120  best=1.0483
        [Trial 0] gen  180  evals=10260  best=1.0366
        [Trial 0] gen  200  evals=11400  best=1.0335
NOTE (module=cma, iteration=218):  
condition in coordinate system exceeded 1.0e+08, rescaled to 1.0e+00, 
condition changed from 1.3e+09 to 1.7e+08
        [Trial 0] gen  220  evals=12540  best=1.0326
        [Trial 0] gen  240  evals=13680  best=1.0325
        [Trial 0] gen  260  evals=14820  best=1.0315
        [Trial 0] gen  280  evals=15960  best=1.0312
        [Trial 0] gen  300  evals=17100  best=1.0312
        [Trial 0] gen  320  evals=18240  best=1.0312
        [Trial 0] gen  340  evals=19380  best=1.0312
        [Trial 0] gen  360  evals=20520  best=1.0312
        [Trial 0] gen  380  evals=21660  best=1.0312
        [Trial 0] gen  400  evals=22800  best=1.0312
        [Trial 0] gen  420  evals=23940  best=1.0312
        [Trial 0] gen  440  evals=25080  best=1.0312
        [Trial 0] gen  460  evals=26220  best=1.0312
        [Trial 0] gen  480  evals=27360  best=1.0312
        [Trial 0] gen  500  evals=28500  best=1.0312
        [Trial 0] gen  520  evals=29640  best=1.0312
        [Done] Trial 0 best=1.0312
    --> Trial 1 | pop=37 seed=48633 x0_norm_min=-0.937 x0_norm_max=0.907
        [Pruned] Trial 1 at gen 15 (loss=1.2781)
    --> Trial 2 | pop=34 seed=29167 x0_norm_min=-0.344 x0_norm_max=0.824
        [Pruned] Trial 2 at gen 15 (loss=1.3607)
    --> Trial 3 | pop=39 seed=24699 x0_norm_min=-0.797 x0_norm_max=0.622
        [Pruned] Trial 3 at gen 15 (loss=1.2779)
    --> Trial 4 | pop=44 seed=99454 x0_norm_min=-0.947 x0_norm_max=0.785
        [Pruned] Trial 4 at gen 15 (loss=1.2757)
    --> Trial 5 | pop=55 seed=63435 x0_norm_min=-0.748 x0_norm_max=0.981
        [Pruned] Trial 5 at gen 15 (loss=1.3853)
    --> Trial 6 | pop=30 seed=16727 x0_norm_min=-0.929 x0_norm_max=0.732
        [Trial 6] gen   20  evals=  600  best=1.2394
        [Trial 6] gen   40  evals= 1200  best=1.2317
        [Pruned] Trial 6 at gen 45 (loss=1.2317)
    --> Trial 7 | pop=39 seed=47404 x0_norm_min=-0.779 x0_norm_max=0.922
        [Trial 7] gen   20  evals=  780  best=1.1659
        [Trial 7] gen   40  evals= 1560  best=1.1659
        [Trial 7] gen   60  evals= 2340  best=1.1275
        [Trial 7] gen   80  evals= 3120  best=1.1025
        [Trial 7] gen  100  evals= 3900  best=1.0965
        [Trial 7] gen  120  evals= 4680  best=1.0841
        [Trial 7] gen  140  evals= 5460  best=1.0818
        [Trial 7] gen  160  evals= 6240  best=1.0785
        [Trial 7] gen  180  evals= 7020  best=1.0747
        [Trial 7] gen  200  evals= 7800  best=1.0735
        [Trial 7] gen  220  evals= 8580  best=1.0716
        [Trial 7] gen  240  evals= 9360  best=1.0713
        [Trial 7] gen  260  evals=10140  best=1.0713
        [Trial 7] gen  280  evals=10920  best=1.0698
        [Trial 7] gen  300  evals=11700  best=1.0698
        [Trial 7] gen  320  evals=12480  best=1.0698
        [Trial 7] gen  340  evals=13260  best=1.0698
        [Trial 7] gen  360  evals=14040  best=1.0698
NOTE (module=cma, iteration=365):  
condition in coordinate system exceeded 1.1e+08, rescaled to 1.0e+00, 
condition changed from 3.7e+09 to 2.0e+09/home/bhpark3/dafxenv/lib/python3.12/site-packages/cma/utilities/utils.py:369: UserWarning: 
        geno-pheno transformation introduced based on the
        current covariance matrix with condition 1.0e+12 -> 1.0e+00,
        injected solutions become "invalid" in this iteration (time=Jul  6 15:03:36 2026 class=CMAEvolutionStrategy method=alleviate_conditioning iteration=445)
  warnings.warn(msg + ' (time={}'.format(time.asctime()[4:]) +
/home/bhpark3/dafxenv/lib/python3.12/site-packages/cma/utilities/utils.py:369: UserWarning: 
        geno-pheno transformation introduced based on the
        current covariance matrix with condition 1.1e+12 -> 1.0e+00,
        injected solutions become "invalid" in this iteration (time=Jul  6 15:05:54 2026 class=CMAEvolutionStrategy method=alleviate_conditioning iteration=340)
  warnings.warn(msg + ' (time={}'.format(time.asctime()[4:]) +

        [Trial 7] gen  380  evals=14820  best=1.0698
        [Trial 7] gen  400  evals=15600  best=1.0695
        [Pruned] Trial 7 at gen 405 (loss=1.0695)
    --> Trial 8 | pop=50 seed=33311 x0_norm_min=-0.814 x0_norm_max=0.843
        [Trial 8] gen   20  evals= 1000  best=1.1965
        [Trial 8] gen   40  evals= 2000  best=1.1965
        [Pruned] Trial 8 at gen 45 (loss=1.1965)
    --> Trial 9 | pop=44 seed=79175 x0_norm_min=-0.955 x0_norm_max=0.770
        [Pruned] Trial 9 at gen 15 (loss=1.3553)
    --> Trial 10 | pop=60 seed=5112 x0_norm_min=-0.841 x0_norm_max=0.672
        [Trial 10] gen   20  evals= 1200  best=1.1853
        [Trial 10] gen   40  evals= 2400  best=1.1635
        [Pruned] Trial 10 at gen 45 (loss=1.1635)
    --> Trial 11 | pop=52 seed=97573 x0_norm_min=-0.781 x0_norm_max=0.859
        [Pruned] Trial 11 at gen 15 (loss=1.2895)
    --> Trial 12 | pop=60 seed=71587 x0_norm_min=-0.402 x0_norm_max=0.428
        [Pruned] Trial 12 at gen 15 (loss=1.2111)
    --> Trial 13 | pop=45 seed=48641 x0_norm_min=-0.863 x0_norm_max=0.955
        [Pruned] Trial 13 at gen 15 (loss=1.2429)
    --> Trial 14 | pop=48 seed=50881 x0_norm_min=-0.897 x0_norm_max=-0.091
        [Pruned] Trial 14 at gen 15 (loss=1.2796)
    --> Trial 15 | pop=55 seed=83047 x0_norm_min=-0.690 x0_norm_max=0.990
        [Pruned] Trial 15 at gen 15 (loss=1.4758)
    --> Trial 16 | pop=40 seed=62405 x0_norm_min=-0.776 x0_norm_max=0.982
        [Pruned] Trial 16 at gen 15 (loss=1.3006)
    --> Trial 17 | pop=30 seed=84645 x0_norm_min=-0.863 x0_norm_max=0.835
        [Pruned] Trial 17 at gen 15 (loss=1.2929)
    --> Trial 18 | pop=56 seed=38115 x0_norm_min=-0.933 x0_norm_max=0.907
        [Pruned] Trial 18 at gen 15 (loss=1.2768)
    --> Trial 19 | pop=34 seed=9825 x0_norm_min=-0.948 x0_norm_max=0.822
        [Pruned] Trial 19 at gen 15 (loss=1.3739)

  Winner: Trial 0, loss=1.031240 (487s)
    Restarts run: 20
    mu: 37.377340
    D_mu: 6.125352
    T0_mu: 0.000284
    Ly: 1.113062
    op_x: 0.614063
    op_y: 0.599173
    NMSE: 0.030040
  [Saved] random_IR_0049

============================================================
[50/50] random_IR_0050.npz
  GT loss: 1.324639
    --> Trial 0 | pop=50 seed=67396 x0_norm_min=-0.944 x0_norm_max=0.730
        [Trial 0] gen   20  evals= 1000  best=2.1450
        [Trial 0] gen   40  evals= 2000  best=2.0134
        [Trial 0] gen   60  evals= 3000  best=1.9861
        [Trial 0] gen   80  evals= 4000  best=1.8432
        [Trial 0] gen  100  evals= 5000  best=1.8432
        [Trial 0] gen  120  evals= 6000  best=1.8432
        [Trial 0] gen  140  evals= 7000  best=1.8432
        [Trial 0] gen  160  evals= 8000  best=1.8432
        [Trial 0] gen  180  evals= 9000  best=1.8432
        [Trial 0] gen  200  evals=10000  best=1.8432
        [Trial 0] gen  220  evals=11000  best=1.8404
        [Trial 0] gen  240  evals=12000  best=1.8397
        [Trial 0] gen  260  evals=13000  best=1.8394
        [Trial 0] gen  280  evals=14000  best=1.8388
NOTE (module=cma, iteration=284):  
condition in coordinate system exceeded 1.1e+08, rescaled to 1.0e+00, 
condition changed from 4.3e+09 to 1.1e+09
        [Trial 0] gen  300  evals=15000  best=1.8388
        [Trial 0] gen  320  evals=16000  best=1.8388
        [Trial 0] gen  340  evals=17000  best=1.8386
        [Trial 0] gen  360  evals=18000  best=1.8381
        [Trial 0] gen  380  evals=19000  best=1.8381
        [Trial 0] gen  400  evals=20000  best=1.8381
        [Trial 0] gen  420  evals=21000  best=1.8381
        [Trial 0] gen  440  evals=22000  best=1.8381
        [Trial 0] gen  460  evals=23000  best=1.8381
        [Trial 0] gen  480  evals=24000  best=1.8381
        [Trial 0] gen  500  evals=25000  best=1.8381
        [Trial 0] gen  520  evals=26000  best=1.8381
        [Trial 0] gen  540  evals=27000  best=1.8381
        [Trial 0] gen  560  evals=28000  best=1.8381
        [Trial 0] gen  580  evals=29000  best=1.8381
        [Trial 0] gen  600  evals=30000  best=1.8381
        [Done] Trial 0 best=1.8381
    --> Trial 1 | pop=60 seed=32784 x0_norm_min=-0.937 x0_norm_max=0.907
        [Trial 1] gen   20  evals= 1200  best=2.1210
        [Trial 1] gen   40  evals= 2400  best=2.0302
        [Pruned] Trial 1 at gen 45 (loss=2.0302)
    --> Trial 2 | pop=55 seed=5024 x0_norm_min=-0.344 x0_norm_max=0.824
        [Trial 2] gen   20  evals= 1100  best=1.9308
        [Trial 2] gen   40  evals= 2200  best=1.8496
        [Trial 2] gen   60  evals= 3300  best=1.7039
        [Trial 2] gen   80  evals= 4400  best=1.6007
        [Trial 2] gen  100  evals= 5500  best=1.5576
        [Trial 2] gen  120  evals= 6600  best=1.4553
        [Trial 2] gen  140  evals= 7700  best=1.4087
        [Trial 2] gen  160  evals= 8800  best=1.3958
NOTE (module=cma, iteration=173):  
condition in coordinate system exceeded 1.2e+08, rescaled to 1.0e+00, 
condition changed from 3.6e+08 to 1.3e+08
        [Trial 2] gen  180  evals= 9900  best=1.3904
        [Trial 2] gen  200  evals=11000  best=1.3898
        [Trial 2] gen  220  evals=12100  best=1.3898
        [Trial 2] gen  240  evals=13200  best=1.3898
        [Trial 2] gen  260  evals=14300  best=1.3892
        [Trial 2] gen  280  evals=15400  best=1.3892
        [Trial 2] gen  300  evals=16500  best=1.3892
        [Trial 2] gen  320  evals=17600  best=1.3892
        [Trial 2] gen  340  evals=18700  best=1.3888
        [Trial 2] gen  360  evals=19800  best=1.3888
        [Trial 2] gen  380  evals=20900  best=1.3888
        [Trial 2] gen  400  evals=22000  best=1.3888
        [Trial 2] gen  420  evals=23100  best=1.3888
        [Trial 2] gen  440  evals=24200  best=1.3888
        [Trial 2] gen  460  evals=25300  best=1.3888
        [Trial 2] gen  480  evals=26400  best=1.3888
        [Trial 2] gen  500  evals=27500  best=1.3884
        [Trial 2] gen  520  evals=28600  best=1.3884
        [Trial 2] gen  540  evals=29700  best=1.3884
        [Done] Trial 2 best=1.3884
    --> Trial 3 | pop=53 seed=50196 x0_norm_min=-0.797 x0_norm_max=0.622
        [Pruned] Trial 3 at gen 15 (loss=2.0807)
    --> Trial 4 | pop=30 seed=62314 x0_norm_min=-0.947 x0_norm_max=0.785
        [Pruned] Trial 4 at gen 15 (loss=2.1779)
    --> Trial 5 | pop=41 seed=89080 x0_norm_min=-0.748 x0_norm_max=0.981
        [Pruned] Trial 5 at gen 15 (loss=2.2160)
    --> Trial 6 | pop=45 seed=30459 x0_norm_min=-0.929 x0_norm_max=0.732
        [Trial 6] gen   20  evals=  900  best=2.0430
        [Trial 6] gen   40  evals= 1800  best=1.9907
        [Pruned] Trial 6 at gen 45 (loss=1.9907)
    --> Trial 7 | pop=42 seed=28328 x0_norm_min=-0.779 x0_norm_max=0.922
        [Pruned] Trial 7 at gen 15 (loss=2.0866)
    --> Trial 8 | pop=38 seed=79330 x0_norm_min=-0.814 x0_norm_max=0.843
        [Pruned] Trial 8 at gen 15 (loss=2.0900)
    --> Trial 9 | pop=49 seed=425 x0_norm_min=-0.955 x0_norm_max=0.770
        [Pruned] Trial 9 at gen 15 (loss=2.0924)
    --> Trial 10 | pop=60 seed=4644 x0_norm_min=-0.841 x0_norm_max=0.672
        [Trial 10] gen   20  evals= 1200  best=2.0574
        [Trial 10] gen   40  evals= 2400  best=2.0524
        [Pruned] Trial 10 at gen 45 (loss=2.0082)
    --> Trial 11 | pop=54 seed=97569 x0_norm_min=-0.781 x0_norm_max=0.859
        [Trial 11] gen   20  evals= 1080  best=2.0646
        [Trial 11] gen   40  evals= 2160  best=1.9602
        [Trial 11] gen   60  evals= 3240  best=1.9306
        [Trial 11] gen   80  evals= 4320  best=1.9189
        [Trial 11] gen  100  evals= 5400  best=1.9088
        [Trial 11] gen  120  evals= 6480  best=1.9088
        [Pruned] Trial 11 at gen 135 (loss=1.8778)
    --> Trial 12 | pop=53 seed=67245 x0_norm_min=-0.402 x0_norm_max=0.428
        [Pruned] Trial 12 at gen 15 (loss=2.1357)
    --> Trial 13 | pop=49 seed=17754 x0_norm_min=-0.863 x0_norm_max=0.955
        [Pruned] Trial 13 at gen 15 (loss=2.0824)
    --> Trial 14 | pop=56 seed=48919 x0_norm_min=-0.897 x0_norm_max=-0.091
        [Pruned] Trial 14 at gen 15 (loss=2.1218)
    --> Trial 15 | pop=49 seed=44354 x0_norm_min=-0.690 x0_norm_max=0.990
        [Pruned] Trial 15 at gen 15 (loss=2.2621)
    --> Trial 16 | pop=57 seed=64275 x0_norm_min=-0.776 x0_norm_max=0.982
        [Pruned] Trial 16 at gen 15 (loss=2.1534)
    --> Trial 17 | pop=46 seed=19017 x0_norm_min=-0.863 x0_norm_max=0.835
        [Trial 17] gen   20  evals=  920  best=1.9080
        [Trial 17] gen   40  evals= 1840  best=1.8251
        [Trial 17] gen   60  evals= 2760  best=1.8251
        [Trial 17] gen   80  evals= 3680  best=1.6724
        [Trial 17] gen  100  evals= 4600  best=1.5838
        [Trial 17] gen  120  evals= 5520  best=1.5431
        [Pruned] Trial 17 at gen 135 (loss=1.5117)
    --> Trial 18 | pop=34 seed=78033 x0_norm_min=-0.933 x0_norm_max=0.907
        [Trial 18] gen   20  evals=  680  best=1.9689
        [Trial 18] gen   40  evals= 1360  best=1.9689
        [Pruned] Trial 18 at gen 45 (loss=1.9689)
    --> Trial 19 | pop=51 seed=8357 x0_norm_min=-0.948 x0_norm_max=0.822
        [Trial 19] gen   20  evals= 1020  best=1.8394
        [Trial 19] gen   40  evals= 2040  best=1.8394
        [Trial 19] gen   60  evals= 3060  best=1.8394
        [Trial 19] gen   80  evals= 4080  best=1.8208
        [Trial 19] gen  100  evals= 5100  best=1.6696
        [Trial 19] gen  120  evals= 6120  best=1.6279
        [Pruned] Trial 19 at gen 135 (loss=1.6052)

  Winner: Trial 2, loss=1.388425 (502s)
    Restarts run: 20
    mu: 27.835932
    D_mu: 14.577845
    T0_mu: 6.752183
    Ly: 1.227144
    op_x: 0.785581
    op_y: 0.955280
    NMSE: 0.008924
  [Saved] random_IR_0050
